"","Date","ADX","STOCHFK","STOCHFD","STOCHSD","BBandsUp","BbandsDn","BbandsMiddle","PercentB","RSI","SMA","EMA","MACD","Signal"
"3479299","2001-07-27",NA,NA,NA,NA,NA,NA,NA,NA,NA,NA,NA,NA,NA
"3479298","2001-07-30",NA,NA,NA,NA,NA,NA,NA,NA,NA,NA,NA,NA,NA
"3479297","2001-07-31",NA,NA,NA,NA,NA,NA,NA,NA,NA,NA,NA,NA,NA
"3479296","2001-08-01",NA,NA,NA,NA,NA,NA,NA,NA,NA,NA,NA,NA,NA
"3479295","2001-08-02",NA,NA,NA,NA,NA,NA,NA,NA,NA,NA,NA,NA,NA
"3479294","2001-08-03",NA,NA,NA,NA,NA,NA,NA,NA,NA,NA,NA,NA,NA
"3479293","2001-08-06",NA,NA,NA,NA,NA,NA,NA,NA,NA,NA,NA,NA,NA
"3479292","2001-08-07",NA,NA,NA,NA,NA,NA,NA,NA,NA,NA,NA,NA,NA
"3479291","2001-08-08",NA,NA,NA,NA,NA,NA,NA,NA,NA,NA,NA,NA,NA
"3479290","2001-08-09",NA,NA,NA,NA,NA,NA,NA,NA,NA,NA,NA,NA,NA
"3479289","2001-08-10",NA,NA,NA,NA,NA,NA,NA,NA,NA,NA,NA,NA,NA
"3479288","2001-08-13",NA,NA,NA,NA,NA,NA,NA,NA,NA,NA,NA,NA,NA
"3479287","2001-08-14",NA,NA,NA,NA,NA,NA,NA,NA,NA,NA,NA,NA,NA
"3479286","2001-08-15",NA,0.597767610236814,NA,NA,NA,NA,NA,NA,NA,NA,9.67880928571429,NA,NA
"3479285","2001-08-16",NA,0.611608876746087,NA,NA,NA,NA,NA,NA,84.1580776427957,NA,9.71630138095238,NA,NA
"3479284","2001-08-17",NA,0.788297297297297,0.665891261426732,NA,NA,NA,NA,NA,88.0936394546142,NA,9.77635053015873,NA,NA
"3479283","2001-08-20",NA,0.41667,0.605525391347795,NA,NA,NA,NA,NA,72.4599474607515,NA,9.8061704594709,NA,NA
"3479282","2001-08-21",NA,0.570093457943925,0.59168691841374,0.621034523729422,NA,NA,NA,NA,77.4573889269326,NA,9.85779173154145,NA,NA
"3479281","2001-08-22",NA,0.691588785046729,0.559450747663551,0.585554352475029,NA,NA,NA,NA,80.075559147292,NA,9.91986350066925,NA,NA
"3479280","2001-08-23",NA,0.619943925233644,0.627208722741433,0.592782129606241,10.4092294088999,9.36277059110006,9.886,0.901993841367249,74.5751152456436,NA,9.96343770058002,NA,NA
"3479279","2001-08-24",NA,0.675673484280299,0.662402064853557,0.61635384508618,10.4699774275025,9.38868923916417,9.92933333333333,0.930144345435562,76.5371766038873,NA,10.012756673836,NA,NA
"3479278","2001-08-27",NA,0.652333333333333,0.649316914282426,0.646309233959138,10.5310773222885,9.41658934437817,9.97383333333334,0.92525656869083,76.6863036992698,NA,10.0563891173245,NA,NA
"3479277","2001-08-28",NA,0.652378571428571,0.660128463014068,0.657282480716684,10.6805356674897,9.38579766584359,10.0331666666667,1.11200541395959,82.4946443341193,NA,10.1373145683479,NA,NA
"3479276","2001-08-29",NA,0.828571428571429,0.711094444444444,0.673513273913646,10.8414370380251,9.34900762864157,10.0952223333333,1.08093266894152,85.4689918237889,NA,10.2403392925682,NA,NA
"3479275","2001-08-30",NA,0.661907142857142,0.714285714285714,0.695169540581409,10.9356839022943,9.36353876437237,10.1496113333333,0.917937664161955,72.8583045080387,9.9726664,10.2985167202258,NA,NA
"3479274","2001-08-31",NA,0.65609839976,0.715525657062857,0.713635271931005,11.0063645748745,9.39796909179218,10.2021668333333,0.853043248777644,72.9197148823707,10.0198664,10.349381157529,4.04975385130109,NA
"3479273","2001-09-04",NA,0.525774550965338,0.614593364527494,0.681468245292022,11.0301715599949,9.4704957733384,10.2503336666667,0.729179895200905,65.9980087908086,10.0612,10.3743530031918,3.83966778602649,NA
"3479272","2001-09-05",72.6652166767124,0.453781512605042,0.54521815444346,0.62511239201127,11.0492126144353,9.53501005223138,10.2921113333333,0.693060035227064,64.3159341368678,10.0978668,10.3911059360996,3.60250662321826,NA
"3479271","2001-09-06",69.0397669124756,0.289852173913044,0.423136079161141,0.527649199377365,11.0451120194452,9.59966598055479,10.322389,0.553691154549249,57.1823521265514,10.1238668,10.383402477953,3.24764370915716,NA
"3479270","2001-09-07",64.6650430671757,0,0.247877895506028,0.405410709703543,11.0275296395143,9.6433590271524,10.3354443333333,0.289765078523482,43.632247097333,10.1326668,10.3189488142259,2.59917301151311,NA
"3479269","2001-09-10",61.3458042873708,0,0.0966173913043479,0.255877121990506,11.0264496354096,9.64543869792374,10.3359441666667,0.107895333313477,38.830110655605,10.1336,10.2350889723291,1.89708857421558,NA
"3479268","2001-09-17",58.8423280960524,0,3.70074341541719e-17,0.114831762270125,11.0394137636103,9.62136323638969,10.3303885,0.0515356085984306,35.0693662154236,10.1302668,10.1370771093519,1.17351094995133,NA
"3479267","2001-09-18",56.5176716326853,0.101012121212121,0.0336707070707071,0.0434293661250182,11.0510150341257,9.59854029920767,10.3247776666667,0.0843890989488249,40.51216036309,10.1302668,10.0743561614383,0.721847683151511,NA
"3479266","2001-09-19",56.0262566991952,0,0.0336707070707071,0.022447138047138,11.1601414477948,9.41130255220519,10.285722,-0.146237532904541,28.6254765604787,10.0969336,9.91777533991321,-0.257232608293889,2.31932884224896
"3479265","2001-09-20",55.5699428323829,0.0444444444444443,0.0484855218855218,0.0386089786756452,11.2587770701155,9.21255592988448,10.2356665,-0.0767264398412409,31.4507108993219,10.0666668,9.79540529459145,-0.951854422545817,1.66509218929
"3479264","2001-09-21",55.28431477075,0.00740888888888868,0.0172844444444444,0.0331468911335577,11.3328123806219,9.0155206193781,10.1741665,-0.0114921305221412,30.3718425326785,10.0330668,9.67824058864592,-1.56225596466855,1.01962255849829
"3479263","2001-09-24",51.7637695916386,0.0461537751480381,0.0326690361604571,0.032813000830141,11.3461677991664,8.91605420083362,10.131111,0.171711780381787,32.8524213613814,10.0030668,9.5878085101598,-1.96086130379888,0.42352578603886
"3479262","2001-09-25",48.4946919253209,0.238462710057369,0.0973417913647653,0.0490984239898888,11.3293215672149,8.84878976611846,10.0890556666667,0.264768587227106,43.6606703171928,9.9884004,9.56499004213849,-1.90566442427281,-0.0423122560234748
"3479261","2001-09-26",45.8413067576217,0.178863414634146,0.154493299946518,0.0948347091572466,11.3087857874048,8.76843721259519,10.0386115,0.238116713615497,41.0961295084937,9.9648004,9.52521403652003,-1.96709064975568,-0.427267934769915
"3479260","2001-09-27",43.4287840324086,0.187052494698731,0.201459539796749,0.151098210369344,11.2908418081774,8.68660319182263,9.9887225,0.238951532424633,40.7524164747359,9.9362672,9.48807483165069,-2.01082341957194,-0.74397903173032
"3479259","2001-09-28",41.1885843589965,0.190646026341774,0.185520645224884,0.18049116165605,11.2545667383354,8.61476692833132,9.93466683333334,0.264627290683687,40.9295880295201,9.8997336,9.45677552076393,-2.01758564641893,-0.998700354668042
"3479258","2001-10-01",39.1182160244624,0.214286151604391,0.197328224214965,0.194769469745533,11.2030814861549,8.55058551384512,9.8768335,0.279180249050497,40.8637894254865,9.8697336,9.42920545132874,-2.00351799796664,-1.19966388332776
"3479257","2001-10-02",36.7134583947042,0.360468280158791,0.255133486034985,0.212660785158278,11.0715965772102,8.54395975612314,9.80777816666667,0.356256445954232,45.5794258253503,9.8386672,9.42753405781824,-1.82874129310185,-1.32547936528258
"3479256","2001-10-03",35.0110753820176,0.295775481057693,0.290176637606958,0.247546115952303,10.888058258236,8.56360907509736,9.72583366666667,0.326840553773752,41.9748003922607,9.795734,9.40386285010914,-1.81247911003376,-1.42287931423282
"3479255","2001-10-04",33.4302911559516,0.323941757582415,0.3267285062663,0.290679543302748,10.7133048215834,8.59213984508329,9.65272233333334,0.354665241310621,42.9465090608177,9.7572004,9.38779180342792,-1.75121582799936,-1.48854661698613
"3479254","2001-10-05",32.5386526620754,0.178790909090908,0.266169382577005,0.294358175483421,10.5183269257256,8.63045140760773,9.57438916666667,0.303454996667406,39.0068310008885,9.707734,9.34897556297087,-1.84291145852982,-1.55941958529486
"3479253","2001-10-08",31.7107026320475,0.199999999999999,0.234244222224441,0.275714037022582,10.3316398627776,8.67824947055574,9.50494466666667,0.326989035370972,39.7507618808989,9.658934,9.31844548790808,-1.87500064987918,-1.62253579821173
"3479252","2001-10-09",31.3065633536654,0.0769202366776514,0.151903715256186,0.217439106685877,10.1092717395201,8.75328426047991,9.431278,0.263885725385439,37.2350846228996,9.5924008,9.27598608952034,-1.98294303647946,-1.69461724586527
"3479251","2001-10-10",31.7865046487072,0,0.0923067455592168,0.159484894346615,9.9112237433476,8.7997772566524,9.3555005,0.0761794751504639,31.3079827447682,9.5026676,9.19474394425096,-2.33560122291069,-1.82281404127436
"3479250","2001-10-11",32.2321644226747,0.0174975437438591,0.0314725934738368,0.0918943514297466,9.79680234279416,8.79453199053918,9.29566716666667,0.0531240657849406,32.1223899538595,9.4232008,9.12744475168417,-2.56991729239806,-1.9722346914991
"3479249","2001-10-12",32.6459913556444,0.0852399032124803,0.0342458156521131,0.0526750515617222,9.7301729706422,8.76682802935781,9.2485005,0.0874888807012608,34.3961473062589,9.346134,9.07756278479294,-2.67215253269606,-2.11221825973849
"3479248","2001-10-15",33.8713711916369,0,0.0342458156521131,0.0333214082593543,9.72617250386943,8.65193982946391,9.18905616666667,-0.136267650654222,28.1877157323811,9.259334,8.98277708015388,-3.06743935553326,-2.30326247889744
"3479247","2001-10-16",34.3039446191342,0.264706660901944,0.116648854704808,0.0617134953363447,9.6513821849666,8.62961914836674,9.14050066666667,0.117820062631352,37.5988389680573,9.1860008,8.9406294694667,-3.08049985065274,-2.4587099532485
"3479246","2001-10-17",34.4464803129597,0.411760034588338,0.225488898496761,0.125461189617894,9.65005006023791,8.60317327309543,9.12661166666667,0.26230727144193,42.1356297915451,9.1260008,8.92632287353781,-2.90801510437905,-2.54857098347461
"3479245","2001-10-18",35.2928807274633,0.117644463660188,0.264703719716823,0.202280490972797,9.66841134112996,8.54492299220338,9.10666716666667,0.0994613558476592,36.4306885761894,9.0700008,8.86947982373277,-3.03978090427107,-2.6468129676339
"3479244","2001-10-19",34.5166807815494,0.497057344286307,0.342153947511611,0.277448855241731,9.66980075829317,8.55053357504017,9.11016716666667,0.454186839894975,46.4948190397774,9.0396008,8.8775491805684,-2.72308823017819,-2.66206802014276
"3479243","2001-10-22",32.9607841763716,0.471589407924455,0.362097071956983,0.322984913061806,9.65015779690096,8.54950986976571,9.09983383333334,0.524379124942497,46.3111943984632,9.0164008,8.88320928982595,-2.45276366951088,-2.62020715001639
"3479242","2001-10-23",31.5160230429922,0.755678283176942,0.574775011795901,0.426342010421498,9.62167551562228,8.56132515104439,9.09150033333334,0.733306218017678,52.9775804011559,8.9998672,8.93255871784915,-1.91425757058505,-2.47901723413012
"3479241","2001-10-24",30.7704588401623,0.571024349500994,0.599430680200797,0.512100921317894,9.59249597332739,8.56383802667262,9.078167,0.527708919269705,48.7412269111187,9.005334,8.94644022213593,-1.66424290984538,-2.31606236927317
"3479240","2001-10-25",30.574928605671,0.397722720803185,0.574808451160374,0.58300471438569,9.56604333524337,8.55384599808997,9.05994466666667,0.385890498726109,45.0964481353733,8.9986672,8.93135885918448,-1.63069227907198,-2.17898835123293
"3479239","2001-10-26",31.0247168212439,0.142040176250501,0.370262415518227,0.514833848959799,9.53893445223336,8.52851054776664,9.0337225,0.257689983133807,40.3074648702372,8.9833336,8.87828834462655,-1.85523316656171,-2.11423731429869
"3479238","2001-10-29",31.442377307133,0.247159793067595,0.26230756337376,0.40245947668412,9.51203466388101,8.50085500278567,9.00644483333334,0.241996228064885,42.9880773896991,8.9696004,8.84873923200967,-1.90117304316177,-2.07162446007131
"3479237","2001-10-30",31.4868069559987,0.31534180494831,0.234847258088802,0.289139078993596,9.44452118328775,8.50636848337892,8.97544483333334,0.339047346256805,44.7220284754585,8.9424004,8.83379666774172,-1.84412966380043,-2.02612550081713
"3479236","2001-10-31",31.970491631368,0.142040176250501,0.234847258088802,0.244000693183788,9.40190218218675,8.48276515114659,8.94233366666667,0.194035103396481,41.2850158584107,8.9130668,8.79373444537616,-1.96308679555481,-2.01351775976467
"3479235","2001-11-01",32.4196274013537,0.184653933675949,0.21401197162492,0.227902162600841,9.34252749852124,8.47647316814544,8.90950033333334,0.243984114056146,42.456107118808,8.8865332,8.765680519326,-1.98996941938507,-2.00880809168875
"3479234","2001-11-02",32.8366820449119,0.0961538461538459,0.140949318693432,0.196602849469051,9.30448181452286,8.46407418547715,8.884278,0.27940704773169,42.8652662790196,8.8604,8.74358978341587,-1.97404148090993,-2.00185476953298
"3479233","2001-11-05",33.2239470710731,0.272432692307692,0.184413490712496,0.179791593676949,9.25604440669262,8.47273359330739,8.864389,0.444748624351339,47.3030029594742,8.8417332,8.74888847896042,-1.77216426040642,-1.95591666770767
"3479232","2001-11-06",33.3132507633535,0.320509615384616,0.229698717948718,0.185020509118215,9.22735951910352,8.47730714756315,8.85233333333334,0.523549466681979,48.4783661819783,8.8183996,8.76014734843237,-1.54816962248836,-1.87436725866381
"3479231","2001-11-07",32.915775194496,0.384107999642386,0.325683435778231,0.246598548146481,9.23340549755582,8.47837216911086,8.85588883333334,0.632004548115248,50.5377785791706,8.8051996,8.78146103530805,-1.27618369335176,-1.7547305456014
"3479230","2001-11-08",32.557773614276,0.380800063575949,0.36180589286765,0.305729348864866,9.23915508982378,8.48117857684289,8.86016683333334,0.596533114259141,50.4543312827068,8.7905332,8.79948889726698,-1.05163886774271,-1.61411221002966
"3479229","2001-11-09",32.4532373470328,0.324234388278538,0.363047483832291,0.350178937492724,9.24158525177491,8.4830817482251,8.8623335,0.542333137794427,48.7198370710462,8.7806664,8.80622371096471,-0.924118817492747,-1.47611353152228
"3479228","2001-11-12",32.590710918825,0.321742079382263,0.342258843745584,0.355704073481842,9.22168893302895,8.53664473363773,8.87916683333334,0.446071362938576,46.8969035247958,8.7670664,8.80272721616942,-0.877034386840714,-1.35629770258597
"3479227","2001-11-13",31.7674064338527,0.578267051012822,0.408081172891208,0.371129166823027,9.23546248869039,8.55020451130961,8.8928335,0.690443848848688,52.2973791626409,8.7661332,8.82591958734683,-0.652244845257055,-1.21548713112018
"3479226","2001-11-14",29.846392996073,0.558618763383575,0.48620929792622,0.412183104854337,9.2799087318475,8.53953593481917,8.90972233333334,0.913077035282125,54.7339450951394,8.7823996,8.85890764236725,-0.38187566981237,-1.04876483885862
"3479225","2001-11-15",28.857136370871,0.744385549478793,0.627090454625063,0.507126975147497,9.38954132152374,8.51601467847627,8.952778,1.14680568646295,62.1327558978613,8.8114664,8.93327595671829,0.140683487665805,-0.810875173553736
"3479224","2001-11-16",28.0398383654189,0.821915556395736,0.708306623086035,0.607202125212439,9.50044275986587,8.45977957346747,8.98011116666667,1.10100345130035,64.2697697795743,8.8426664,9.01328316248918,0.648135826326834,-0.519072973577622
"3479223","2001-11-19",27.5536885616368,0.809766555870036,0.792022553914855,0.709139877208651,9.60497812738502,8.40913287261499,9.0070555,1.05065471950212,65.1768473868902,8.8913328,9.08928940749063,1.07792564785754,-0.199673249290591
"3479222","2001-11-20",26.2883517995013,0.668452758147705,0.766711623471159,0.755680266824016,9.63147017187342,8.39719682812658,9.0143335,0.880882540361407,59.7334241976902,8.9213328,9.13294015315854,1.25356097508416,0.0909735955843587
"3479221","2001-11-21",25.2909071732304,0.731707317073171,0.736642210363637,0.765125462583217,9.69687023349923,8.37668543316744,9.03677783333334,0.892959253282531,61.4663256276766,8.9479996,9.18188146607074,1.44772220772815,0.362323318013118
"3479220","2001-11-23",24.1495255915352,0.64444761904762,0.681535898089499,0.728296577308098,9.74717791628719,8.37860041704614,9.06288916666667,0.79503687847948,60.0198989897755,8.9862664,9.21851993726131,1.54422985340075,0.598704625090643
"3479219","2001-11-26",23.7021676259598,0.736504761904763,0.704219899341851,0.707466002598329,9.81049264326978,8.39473002339689,9.10261133333333,0.839547506000567,62.1591550423212,9.0111996,9.2631612789598,1.68423914911657,0.815811529895829
"3479218","2001-11-27",23.0907857236257,0.701590476190476,0.694180952380953,0.693312249937434,9.857671222828,8.428773777172,9.1432225,0.790124040224368,60.8297261983386,9.0350664,9.29696244176516,1.74185646218159,1.00102051635298
"3479217","2001-11-28",21.773505357042,0.561904761904761,0.666666666666667,0.688355839463156,9.88543384193524,8.46378882473143,9.17461133333333,0.695275189404189,55.6972465538735,9.0397332,9.30670078286314,1.64097108776164,1.12901063063471
"3479216","2001-11-29",20.5503164452142,0.6254,0.629631746031745,0.663493121693121,9.89779568310942,8.53387165022392,9.21583366666667,0.697755148744885,57.4545172865703,9.0557332,9.32403001181472,1.60006164940076,1.22322083438792
"3479215","2001-11-30",19.4144981699456,0.714285714285714,0.633863492063491,0.643387301587301,9.90979009226993,8.60776624106341,9.25877816666667,0.721108468737516,59.8550851732558,9.0836,9.35149267690609,1.62896791043257,1.30437024959685
"3479214","2001-12-03",18.8417556185524,0.375001464849473,0.571562393045062,0.611685877046766,9.89288578932705,8.69344854400629,9.29316716666667,0.57795558600344,51.9614697781247,9.1141336,9.34418298665195,1.43391741970507,1.3302796836185
"3479213","2001-12-04",18.3099232494016,0.299562556993142,0.462949912042776,0.55612526571711,9.88008680256661,8.7608031974334,9.320445,0.541295759586475,52.0586423223473,9.1398668,9.33829192176502,1.26765490243472,1.31775472738174
"3479212","2001-12-05",17.524017607106,0.0750004687529282,0.249854830198514,0.428122378428784,9.86815234826974,8.82651598506359,9.34733416666667,0.558029688160349,53.1817474808868,9.1638668,9.33807566552968,1.15428950847745,1.28506168360088
"3479211","2001-12-06",16.9869625885912,0.412502578141112,0.262355201295727,0.325053314512339,9.87996833500997,8.8800333316567,9.38000083333334,0.728904044661989,58.3407719718312,9.2032004,9.36188824345906,1.20574691057642,1.26919872899599
"3479210","2001-12-07",16.943227046164,0.61326305670197,0.366922034532003,0.293044022008748,9.90019253499224,8.94092013167444,9.42055633333334,0.837641666968739,62.0897467040893,9.246534,9.40252581099785,1.35904127271445,1.28716723773968
"3479209","2001-12-10",17.703407420389,0.711378048780489,0.57904789454119,0.402775043456307,9.9442274613931,9.00332987194023,9.47377866666667,1.01558356485473,66.6819976060648,9.297734,9.46618903619814,1.64207152858491,1.35814809590873
"3479208","2001-12-11",17.8399717523463,0.589426829268292,0.638022644916917,0.52799752466337,9.93036861301978,9.12096638698023,9.5256675,0.937770602304574,62.8393266762189,9.3376008,9.50803049803839,1.75849505122292,1.43821748697157
"3479207","2001-12-12",17.8161820211359,0.556902439024391,0.619235772357724,0.61210210393861,9.92692061819745,9.20841371513589,9.56766716666667,0.911496162491287,61.8161879758051,9.3744008,9.54073709829994,1.80601398201461,1.51177678598017
"3479206","2001-12-13",17.6186197325783,0.520317073170733,0.555548780487805,0.604269065920815,9.93335785856544,9.26175414143457,9.597556,0.82128172387401,60.6205335758083,9.406534,9.56508281852661,1.79677553317186,1.56877653541851
"3479205","2001-12-14",16.8972514440242,0.406500000000001,0.494573170731708,0.556452574525745,9.94568416574843,9.26987216758491,9.60777816666667,0.669344680144271,56.9312753539374,9.4350672,9.57373844272306,1.69092894465863,1.59320701726654
"3479204","2001-12-17",18.0643643274559,0.270830357142856,0.39921581010453,0.483112587108014,9.97811950213313,9.26410383120021,9.62111166666667,0.851689293231572,55.7566466278229,9.4650672,9.57723998369332,1.56368427462732,1.58730246873869
"3479203","2001-12-18",19.580949523419,0.713178294573644,0.4635028839055,0.452430621580579,10.1300938850237,9.17957444830967,9.65483416666667,1.22083656598894,69.628449712297,9.522534,9.66249731920088,1.95654582832239,1.66115114065543
"3479202","2001-12-19",21.3264080898624,0.726219147188618,0.570075932968372,0.477598208992801,10.2903342223205,9.11800044434617,9.70416733333334,1.15420162847467,71.5496518357066,9.5770672,9.75283100997409,2.33767100670397,1.79645511386514
"3479201","2001-12-20",22.98489809757,0.894497464443725,0.777964968735329,0.6038479285364,10.4696413915167,9.04791560848333,9.75877850000001,1.12529744526631,75.0823336744722,9.6380008,9.86534287531088,2.81110705872709,1.99938550283753
"3479200","2001-12-21",25.0362800925476,0.759845983948787,0.79352086519371,0.713853922299137,10.6328154489112,9.01029688442216,9.82155616666667,1.05510438301228,74.6931921881361,9.6848008,9.96151982526943,3.13353694150633,2.22621579057129
"3479199","2001-12-24",26.9542313332535,0.91783350267235,0.857392317021621,0.809626050316886,10.818252078184,8.95741592181604,9.88783400000001,1.04870637759941,78.0783172289061,9.7380008,10.0817611819002,3.56222032262186,2.4934166969814
"3479198","2001-12-26",29.3182230472846,0.741283454251208,0.806320980290781,0.819078054168703,10.9996307129834,8.92225895368332,9.96094483333334,1.00980371163329,78.0783172289061,9.7892008,10.1859703576468,3.84788295239502,2.76430994806413
"3479197","2001-12-27",31.954190758657,0.717739164936831,0.792285373953463,0.818666223755288,11.2100616984207,8.89438330157932,10.0522225,1.02924195706034,80.4856548630122,9.8558672,10.3056183099606,4.18989549531201,3.0494270575137
"3479196","2001-12-28",34.9215290833052,0.668788956956742,0.709270525381593,0.769292293208612,11.4765151130663,8.84326322026702,10.1598891666667,1.06166325651477,82.9323162453565,9.9298672,10.4448692019658,4.60321960632184,3.36018556727533
"3479195","2001-12-31",37.8218949229705,0.854265230172074,0.746931117355215,0.74949567223009,11.830726342891,8.74838499044234,10.2895556666667,1.1003361692987,87.1748511419682,10.0317336,10.6526639750371,5.34940662247514,3.75802977831529
"3479194","2002-01-02",37.7649512635959,0.616113289233755,0.71305582545419,0.723085822730333,11.9994499480694,8.80877205193063,10.404111,0.899183404946017,68.3980556068904,10.1029336,10.7434194450321,5.35686878125397,4.07779757890303
"3479193","2002-01-03",37.7120750084624,0.651658355045444,0.707345624817091,0.722444189208832,12.1014052297541,8.92114977024595,10.5112775,0.814037403404422,69.4555367719937,10.1796,10.8354075190278,5.36899554321579,4.33603717176558
"3479192","2002-01-04",38.0242551136154,0.675356250422098,0.647709298233765,0.689370249501682,12.1992565611986,9.04563143880138,10.622444,0.81984334245576,70.1721678936903,10.2648,10.9240198498241,5.35978415650384,4.54078656871323
"3479191","2002-01-07",38.4495700338013,0.764218914951321,0.697077840139621,0.684044254396825,12.3215351458297,9.14524152083702,10.7333883333333,0.844548855534685,72.7536316273867,10.3573332,11.0341505365142,5.46563252365826,4.72575575970224
"3479190","2002-01-08",38.5194118629212,0.660093050358271,0.699889405243896,0.681558847872427,12.420108372146,9.25166829452069,10.8358883333333,0.802533205567756,70.5615412622796,10.4428,11.118486464979,5.4191095720761,4.86442652217701
"3479189","2002-01-09",38.4372727188731,0.622187495478289,0.682166486929293,0.693044577437603,12.5016739097785,9.34788042355481,10.9247771666667,0.757432677043206,69.5681768209349,10.5361332,11.1866882696485,5.29001769249344,4.9495447562403
"3479188","2002-01-10",38.2074779587675,0.551093252165154,0.611124599333904,0.664393497169031,12.5481924925726,9.48169484076078,11.0149436666667,0.717964077989242,68.5292116934661,10.6278664,11.2409071670287,5.09933182630691,4.97950217025362
"3479187","2002-01-11",37.0108368030408,0.416059912627418,0.529780220090287,0.607690435451161,12.54315571293,9.64573228707005,11.094444,0.623866143782608,61.8392022906544,10.7082664,11.2550088780915,4.71594286623833,4.92679030945056
"3479186","2002-01-14",34.9395089434732,0.131187096774194,0.366113420522255,0.502339413315482,12.4887335455342,9.84015512113249,11.1644443333333,0.518459839770224,55.2460078948852,10.7702664,11.2298970276793,4.16394641488382,4.77422153053721
"3479185","2002-01-15",32.8032177724517,0.0881741935483874,0.21180706765,0.369233569420847,12.3817519657294,10.0836920342706,11.232722,0.436927087344788,53.7758090990509,10.8235996,11.1992440906554,3.63715946332073,4.54680911709392
"3479184","2002-01-16",31.1820839974616,0.00707548838558566,0.0754789262360554,0.21779980480277,12.2633818616754,10.3285064716579,11.2959441666667,0.41768074532254,53.9736590015279,10.8687996,11.1740115452347,3.19045559182609,4.27553841204035
"3479183","2002-01-17",29.9647108126631,0,0.0317498939779908,0.106345295954681,12.2028601466423,10.4670275200243,11.3349438333333,0.376170568884017,52.1312960519861,10.9149328,11.1419206725367,2.74958080181622,3.97034688999553
"3479182","2002-01-18",29.2939513500518,0.069824324324325,0.0256332709033033,0.0442873637057827,12.1480476493694,10.5993960172973,11.3737218333333,0.417959707204555,54.3910992198177,10.9662664,11.1278872495318,2.44706738581129,3.66569098915868
"3479181","2002-01-22",30.3682565759296,0.305054545454545,0.124959623259623,0.0607809293803053,12.1534583877884,10.7110962788783,11.4322773333333,0.768041335999047,61.8905266749578,11.0348,11.1690582829276,2.46854586902072,3.42626196513109
"3479180","2002-01-23",31.6188105887248,0.797465470287631,0.390781446688833,0.180458113617253,12.3141927367163,10.7309172632837,11.522555,1.13490004331797,73.3114630051666,11.1457332,11.3336278452039,3.13894802433305,3.36879917697148
"3479179","2002-01-24",33.292140346243,0.603198827910384,0.568572947884186,0.361438005944214,12.4815934650576,10.7346282016091,11.6081108333333,1.07922874665667,71.2499644460703,11.2544,11.4647001325101,3.55433012010302,3.40590536559779
"3479178","2002-01-25",34.8459465496527,0.719474652689963,0.706712983629326,0.555355792734115,12.651725711968,10.735829288032,11.6937775,1.04259326705371,73.7006110110937,11.3490664,11.6138507815087,4.0125739922058,3.52723909091939
"3479177","2002-01-28",36.4508879187377,0.680230580725056,0.667634687108468,0.647640206207326,12.8024686284676,10.7296417048658,11.7660551666667,0.961820918299319,71.4858261123936,11.4351996,11.7311146773076,4.25341501574539,3.67247427588459
"3479176","2002-01-29",37.9411906186022,0.684591033165601,0.69476542219354,0.689704364310444,12.9146833520878,10.7159823145789,11.8153328333333,0.867994777915196,71.5879916847386,11.511466,11.8340767203332,4.39279102849344,3.81653762640636
"3479175","2002-01-30",39.237993413815,0.675870128284511,0.680230580725056,0.680876896675687,12.9802099687402,10.6953446979265,11.8377773333333,0.82873243903166,71.0397652468952,11.5873324,11.9206438242888,4.43264171681728,3.93975844448854
"3479174","2002-01-31",39.8966276462312,0.622092668335266,0.660851276595126,0.678615759837907,13.0542122890862,10.7036757109138,11.878944,0.764691052152761,67.6018000521257,11.6471992,11.9792246477169,4.32730668293553,4.01726809217794
"3479173","2002-02-01",38.6416569089987,0.404070046308005,0.567344280975927,0.636142046098703,13.0734148369975,10.7418068296692,11.9076108333333,0.575365369928258,55.8096003184474,11.687066,11.9633280280214,3.8621884230903,3.98625215836041
"3479172","2002-02-04",36.2190559420426,0.210758108261313,0.412306940968195,0.546834166179749,13.073520278337,10.7361460549963,11.9048331666667,0.359125467923834,47.8410539363534,11.7003996,11.8904402909518,3.15824206767854,3.82065014022404
"3479171","2002-02-05",34.286981494279,0.319769419274944,0.311532524614754,0.430394582186291,13.0722114859818,10.7335661806849,11.9028888333333,0.451254329557741,52.0028713314083,11.7130664,11.8606042521583,2.73821511353116,3.60416313488546
"3479170","2002-02-06",32.5314934656442,0.398257563204758,0.309595030247005,0.344478165276651,13.0771551736842,10.7406224929825,11.9088888333333,0.502378667064763,54.7993776686794,11.7068,11.8587463518705,2.49919300729577,3.38316910936753
"3479169","2002-02-07",30.8050846892695,0.135461187214612,0.284496056564771,0.301874537142176,13.0760794511562,10.7235868821771,11.8998331666667,0.35365316861224,46.4817365184625,11.7068,11.7886908382878,1.93726360893296,3.09398800928061
"3479168","2002-02-08",29.201990825493,0.176059239228031,0.2365926632158,0.276894583342525,13.0767137980589,10.7268418686077,11.9017778333333,0.423589665568736,51.6172311534132,11.7161336,11.7724213931827,1.7003563849695,2.81526168441839
"3479167","2002-02-11",27.7671238355624,0.211266861736402,0.174262429393015,0.231783716391195,13.0828493730356,10.7692612936311,11.9260553333333,0.505546075140839,52.5968343056589,11.7254668,11.767209207425,1.54067176049129,2.56034369963297
"3479166","2002-02-12",26.4347473449125,0.334509385530333,0.240611828831589,0.217155640480134,13.0807857262968,10.8588802737032,11.969833,0.553583288101222,55.9583245502802,11.7341336,11.7938039797684,1.55612534028895,2.35950002776417
"3479165","2002-02-13",25.2053803867245,0.405405405405405,0.317060550890714,0.243978269705105,13.0605507166742,10.9871152833258,12.023833,0.56942278710565,57.5780183622029,11.7508,11.8324074491326,1.62864880268423,2.21332978274818
"3479164","2002-02-14",23.4140471736429,0.279281081081081,0.33973195733894,0.299134779020414,13.0195535610132,11.1100014389868,12.0647775,0.442802905417719,53.3518042665825,11.7596,11.8347531225816,1.50893796985001,2.07245142016855
"3479163","2002-02-15",21.7506663329242,0.347828922482945,0.344171802989811,0.333654770406488,12.9599877801401,11.2525678865266,12.1062778333333,0.408473304906108,53.6137634457231,11.7705336,11.8390087062374,1.40916163914979,1.93979346396479
"3479162","2002-02-19",20.285362767064,0.340908316117463,0.322672773227163,0.335525511185304,12.9038140531553,11.3756299468447,12.139722,0.353310431811869,52.9730433092543,11.79,11.8382515454057,1.29242478897764,1.81031972896736
"3479161","2002-02-20",19.3859634742378,0.344827586206897,0.344521608269102,0.337122061495358,12.9015552934557,11.394888373211,12.1482218333333,0.394246588595177,52.9730433092543,11.8206664,11.8375953393516,1.18624113563961,1.68550401030181
"3479160","2002-02-21",18.1320459668266,0.306408617246191,0.33071483985685,0.332636407117705,12.8566608842461,11.3753384490873,12.1159996666667,0.342933362912044,50.191086842184,11.8486664,11.8192492941047,0.999591056328475,1.54832141950715
"3479159","2002-02-22",17.0222187812927,0.25902210156688,0.303419435006656,0.326218627710869,12.7907811961651,11.3562181371683,12.0734996666667,0.288439879704152,48.0835500549644,11.8721332,11.7895720548908,0.772042927243755,1.39306572105447
"3479158","2002-02-25",18.2926412426124,0.352848780487805,0.306093166433625,0.313409147099043,12.7422623063206,11.3812930270128,12.0617776666667,0.821177222718541,56.7834580984555,11.9170668,11.8251851142387,0.896085882503517,1.29366975334428
"3479157","2002-02-26",19.4723192424093,0.650409756097561,0.420760212717415,0.343424271385898,12.7856518573438,11.3544594759896,12.0700556666667,1.07213435733815,65.1286313036894,11.9822668,11.9373830990068,1.39119380495263,1.31317456366595
"3479156","2002-02-27",21.8044264614346,0.595675468809797,0.532978001798388,0.419943793649809,13.0671740493465,11.1690486173202,12.1181113333333,1.27310240333634,70.2358704416383,12.0516,12.1017320191393,2.08978141987726,1.46849593490821
"3479155","2002-02-28",23.9699545933866,0.711581560283688,0.652555595063682,0.535431269859828,13.3802301437519,10.9817701895814,12.1810001666667,1.19447195220849,73.7943376240559,12.0996,12.301945083254,2.88256852210815,1.7513104523482
"3479154","2002-03-01",25.9808021444849,0.822695035460993,0.709984021518159,0.631839206126742,13.6960329601283,10.8178567065384,12.2569448333333,1.11256099163524,76.0262987833163,12.1636,12.5172417388202,3.65334336384717,2.13171703464799
"3479153","2002-03-04",26.6624334470424,0.680851063829787,0.738375886524823,0.700305167702221,13.9069598478834,10.7695968187833,12.3382783333333,0.937222274654467,68.0574432011709,12.2009336,12.6504988403108,3.94675419478616,2.49472446667563
"3479152","2002-03-05",26.939296745937,0.634751773049646,0.712765957446808,0.720375288496596,14.0362641707414,10.830737162592,12.4335006666667,0.826468210689273,65.6490435495557,12.2366672,12.748654994936,4.04305860774228,2.80439129488896
"3479151","2002-03-06",25.9922013230117,0.462173758865248,0.59259219858156,0.681244680851063,14.0948117075888,10.9005229590778,12.4976673333333,0.679869775475941,57.4523841537375,12.252534,12.7688343289446,3.76632048815706,2.99677713354258
"3479150","2002-03-07",24.8944603492164,0.427893617021277,0.50827304964539,0.604543735224586,14.1269367036522,10.9638419630144,12.5453893333333,0.602272413525021,55.9578316070473,12.265334,12.773433751752,3.44624285380724,3.08667027759551
"3479149","2002-03-08",24.2641467558751,0.438531914893617,0.442866430260047,0.514577226162332,14.1388696687294,11.092464664604,12.6156671666667,0.613393600938002,56.3374319778154,12.2842672,12.781419918185,3.1749272534396,3.10432167276433
"3479148","2002-03-11",23.2804749427494,0.379432624113475,0.415286052009456,0.455475177304964,14.135732703723,11.200268296277,12.6680005,0.534369178431897,53.5748588893441,12.316534,12.7661199290937,2.82239421692509,3.04793618159648
"3479147","2002-03-12",22.9503758252154,0.432624113475177,0.416862884160756,0.425005122143419,14.1538359191569,11.2859434141765,12.7198896666667,0.589536247571136,55.6812953034087,12.372534,12.7728599385479,2.60779419567605,2.95990778441239
"3479146","2002-03-13",23.383435756871,0.639478723404255,0.483845153664303,0.438664696611504,14.2359354120193,11.3475105879807,12.791723,0.754060157826993,62.7580654572961,12.4418672,12.8564786134082,2.77214543166588,2.92235531386309
"3479145","2002-03-14",23.7855628362655,0.57768220338983,0.549928346756421,0.483545461527159,14.3044890226202,11.4124016440465,12.8584453333333,0.722599775086154,62.9763523219087,12.5048004,12.9316147982871,2.87834914385372,2.91355407986122
"3479144","2002-03-15",23.9286899609681,0.382857142857143,0.53333935655041,0.52237095232371,14.3386102386619,11.5276137613381,12.933112,0.683485822255825,61.3625336960695,12.584934,12.9856221585155,2.87501857799934,2.90584697948884
"3479143","2002-03-18",22.8412525566085,0.10476,0.355099782082324,0.479455828463051,14.3173630487738,11.6549716178929,12.9861673333333,0.509368519736562,52.8452509728441,12.6322672,12.9675392040467,2.54017496348642,2.83271257628836
"3479142","2002-03-19",21.8314892525604,0.249996999988,0.245871380948381,0.378103506527038,14.2863924698926,11.8099421967741,13.0481673333333,0.543362873531383,55.998687539695,12.6862672,12.9829779768405,2.39236304855024,2.74464267074073
"3479141","2002-03-20",20.8027998786501,0.243589743589744,0.199448914525915,0.266806692518873,14.2441884843674,11.9663688489659,13.1052786666667,0.511341840356954,55.372136428118,12.7294672,12.9914702465951,2.2266077149715,2.64103567958689
"3479140","2002-03-21",19.5186787320434,0.174825174825175,0.222803972800973,0.222708089425089,14.1548523702576,12.1650386297425,13.1599455,0.407893137800644,53.103136888503,12.7628008,12.9814968803824,1.99154224574631,2.51113699281877
"3479139","2002-03-22",18.3330680088307,0.0750720720720722,0.164495663495664,0.195582850274183,13.9963617875799,12.4298622124201,13.213112,0.257562228111092,50.2595872639422,12.7988008,12.9506306296648,1.68225579881069,2.34536075401716
"3479138","2002-03-25",17.2321437658475,0.138135135135136,0.129344127344128,0.172214587880254,13.9628397707958,12.4991618958709,13.2310008333333,0.244250990549473,51.4357901759477,12.836934,12.9332132123761,1.46394708412778,2.16907802003928
"3479137","2002-03-26",17.860192712398,0,0.0710690690690693,0.121636286636286,14.0317857529768,12.3687715803565,13.2002786666667,-0.0567192482438298,39.8033024812099,12.8442676,12.811007450726,0.777828691056248,1.89082815424268
"3479136","2002-03-27",18.4713355161389,0,0.0460450450450452,0.0821527471527466,14.0622393313493,12.191429001984,13.1268341666667,-0.0399625414419805,39.6031489748475,12.8509344,12.7028731239625,0.216864609536827,1.55603544530151
"3479135","2002-03-28",18.9471803305469,0.0787991016902411,0.0262663672300804,0.0477934937813976,13.9991053841368,12.0918966158632,13.045501,0.0671679924441261,42.2305099721342,12.8685344,12.6278233741008,-0.139769142263246,1.21687452778856
"3479134","2002-04-01",19.4972136061475,0.0469023510274841,0.0419004842392418,0.0380706321714551,13.8671028478744,12.0402318187923,12.9536673333333,0.0783296570637544,41.4445814127129,12.8880008,12.5552242575541,-0.455358757731661,0.882427870684512
"3479133","2002-04-02",20.0079587906338,0.0938103305622316,0.0731705944266523,0.0471124819653241,13.7754420883156,11.9841145783511,12.8797783333333,0.138505523753803,43.1210419826753,12.8924008,12.5034170232135,-0.645767187531865,0.576788859041237
"3479132","2002-04-03",21.0610586071019,0,0.0469042271965719,0.0539917686208213,13.7320857677109,11.8816928989558,12.8068893333333,0.0759462688980534,38.8132144535777,12.8604008,12.4185174201184,-0.981429972706493,0.265145092691691
"3479131","2002-04-04",22.630620297584,0,0.0312701101874106,0.0504483106035442,13.7760242630633,11.6977544036034,12.7368893333333,-0.0122847714669203,34.3026073459483,12.7936008,12.2960484307693,-1.47399118879064,-0.0826821636047745
"3479130","2002-04-05",24.088070438746,0.0109091107438375,0.00363637024794587,0.0272702358773087,13.8205879460544,11.5271910539457,12.6738895,0.0356235531387732,34.7480463143412,12.7102676,12.1925753066667,-1.8355583247853,-0.43325739584088
"3479129","2002-04-08",25.5782629284017,0,0.00363637024794587,0.0128476168944334,13.8387372719373,11.3695970613961,12.6041671666667,0.0798116976492279,33.6822727435175,12.610934,12.0913425991111,-2.15956836299555,-0.778519589271813
"3479128","2002-04-09",25.4056711023151,0.223215672829155,0.078041594524331,0.0284381116734068,13.8256099960354,11.3043910039646,12.5650005,0.27017314435767,42.7702010866768,12.5442672,12.0591635858963,-2.11584299431146,-1.04598427027974
"3479127","2002-04-10",25.2454072638062,0.33065999735472,0.184625223394625,0.0887677293889667,13.783736366023,11.2524863006437,12.5181113333333,0.310676679787121,45.350907176465,12.4881336,12.0490524411101,-1.96943257403426,-1.23067393103065
"3479126","2002-04-11",24.6932981624335,0.361703485737264,0.305193051973714,0.189286623297556,13.635825637939,11.256730362061,12.446278,0.349779870682934,45.6807163752755,12.4521336,12.0425121156288,-1.8212727530052,-1.34879369542556
"3479125","2002-04-12",24.3343926867971,0.33630660065345,0.342890027915145,0.277569434427827,13.470449820183,11.2744395131503,12.3724446666667,0.342037171278702,44.5799925408786,12.4174672,12.028399833545,-1.72653431033569,-1.42434181840758
"3479124","2002-04-15",23.9884715201414,0.415237308999241,0.371082465129985,0.339721848339614,13.2899758075103,11.3166915258231,12.3033336666667,0.38006610661069,45.9098051787032,12.3840008,12.0241691890723,-1.59288769881671,-1.45805099448941
"3479123","2002-04-16",23.290894907897,0.743863157894737,0.49846902251581,0.404147171853646,13.1946887386342,11.3303119280325,12.2625003333333,0.463496113225072,49.0546482238511,12.362934,12.039613297196,-1.37486442292564,-1.44141368017666
"3479122","2002-04-17",21.7190289888943,0.699115044247788,0.619405170380589,0.496318886008794,13.0605199044403,11.3825917622264,12.2215558333333,0.568600971104829,50.8440405527125,12.3392004,12.0641088575699,-1.13317030854263,-1.37976500584985
"3479121","2002-04-18",20.2594392069632,0.707964601769912,0.716980934637479,0.611618375844625,12.9080166180659,11.4496500486008,12.1788333333333,0.567081899742036,51.0661635746106,12.2925336,12.0866716765605,-0.924351506824261,-1.28868230604473
"3479120","2002-04-19",19.3643804670842,0.707964601769912,0.705014749262537,0.680466951426868,12.7839438412927,11.510166825374,12.1470553333333,0.652345869207498,51.0661635746106,12.2450668,12.1062261196858,-0.750274404580076,-1.1810007257518
"3479119","2002-04-22",18.5332544943394,0.707964601769912,0.707964601769912,0.709986761889975,12.6798368333563,11.5607181666437,12.1202775,0.65860620678241,51.0661635746106,12.2009332,12.1231733037277,-0.605387158214454,-1.06587801224433
"3479118","2002-04-23",18.0421870626425,0.728619469026548,0.714849557522124,0.709276302851524,12.5546613128718,11.6343383537949,12.0944998333333,0.767964085398195,51.7023700968238,12.1772,12.1409728632307,-0.469676026041488,-0.946637615003763
"3479117","2002-04-24",17.5861958760668,0.849557522123894,0.762047197640118,0.728287118977384,12.5780496688575,11.6258383311425,12.101944,0.837515409941701,55.3618571646225,12.1496,12.1746204814666,-0.268481075416072,-0.811006307086225
"3479116","2002-04-25",16.8888723830263,0.79646017699115,0.791545722713864,0.756147492625368,12.6050495978181,11.6242827355152,12.1146661666667,0.76147277522323,53.4471027355374,12.1210664,12.1957817506044,-0.147315976785622,-0.678268241026104
"3479115","2002-04-26",15.7246831481046,0.514025766475545,0.720014488530197,0.757869136294726,12.6110576545022,11.6240526788311,12.1175551666667,0.662334372452766,49.8378512268603,12.0930664,12.1985668505238,-0.127019437310438,-0.568018480282971
"3479114","2002-04-29",16.0795536320036,0,0.436828647822232,0.649462953022097,12.6050981964579,11.6005678035421,12.102833,0.287018556290439,39.2381621423387,12.0543996,12.1432019371206,-0.39359293284561,-0.533133370795499
"3479113","2002-04-30",15.4669706207036,0.247871794871796,0.253965853782447,0.470269663378291,12.5947438567365,11.5972554765968,12.0959996666667,0.499555884550815,44.8717567146625,12.0206664,12.1209976788379,-0.471755335058677,-0.520857763648135
"3479112","2002-05-01",14.7711512312612,0.576923076923077,0.274931623931625,0.3219087085121,12.6123770534886,11.6051776131781,12.1087773333333,0.667791329670747,51.3237375792398,12.0293328,12.1359753216595,-0.358880174318321,-0.488462245782172
"3479111","2002-05-02",14.125033226779,0.683769230769231,0.502854700854702,0.343917392856257,12.6114399262903,11.671670407043,12.1415551666667,0.69816011215441,53.2375364307407,12.0419996,12.1600679454382,-0.211714522486528,-0.433112701123043
"3479110","2002-05-03",13.7011361837419,0.623935897435897,0.628209401709402,0.468665242165242,12.5804677720504,11.770864561283,12.1756661666667,0.642593102149266,52.0044637484669,12.0471996,12.1747255527131,-0.124726287673471,-0.371435418433129
"3479109","2002-05-06",13.5890646106831,0.578567295947886,0.628757474717672,0.586607192427257,12.5320635927813,11.908046740552,12.2200551666667,0.875611917898205,53.3345644304919,12.0567996,12.194539479018,-0.0203287690187848,-0.30121408855026
"3479108","2002-05-07",13.4849981499856,0.767855229605502,0.656786140996429,0.6379176724745,12.5767668212017,11.921676845465,12.2492218333333,0.987975970487394,57.5332082055455,12.0701328,12.2352675484823,0.176792596754294,-0.205612751489349
"3479107","2002-05-08",12.6953656407265,0.589281505132106,0.645234676895165,0.643592764203088,12.5924569944521,11.9464310055479,12.269444,0.76916254606872,52.7145764665753,12.0887992,12.248342542018,0.220284550697047,-0.12043329105207
"3479106","2002-05-09",12.3836908454465,0.364283112263483,0.573806615667031,0.625275811186207,12.5891206711807,11.9614336621526,12.2752771666667,0.388919425875496,47.3351558974819,12.1137324,12.2316742030823,0.115072199936317,-0.0733321928543925
"3479105","2002-05-10",14.6479776528049,0,0.317854872465197,0.512298721675797,12.7418149610543,11.7419617056124,12.2418883333333,-0.38423809046117,29.2010811657459,12.0903992,12.0590069760046,-0.748983138854853,-0.208462382054485
"3479104","2002-05-13",17.1145705523733,0,0.121427704087828,0.337696397406684,12.9720018534058,11.3881074799276,12.1800546666667,-0.352366182118115,26.5824580564506,12.0591992,11.871583379204,-1.61906455821235,-0.490582817286057
"3479103","2002-05-14",19.4049782448297,0.0290790659804001,0.00969302199346704,0.14965853284883,13.1050935140266,11.1153491526401,12.1102213333333,-0.159604666878982,28.0537878953785,12.0137324,11.7171495953101,-2.25530442018154,-0.843527137865153
"3479102","2002-05-15",20.4806972892339,0.0339255769771343,0.0210015476525118,0.0507074245779346,13.156887573056,10.9201107602773,12.0384991666667,-0.00799845571319771,28.3116527790469,11.9633324,11.5846403159355,-2.73145456534716,-1.22111262336155
"3479101","2002-05-16",21.4564349957083,0.248790795506315,0.103931812821283,0.0448754608224197,13.1544829379761,10.8148493953573,11.9846661666667,0.164621480655027,38.7866108949722,11.9299992,11.5289109404774,-2.77285163372361,-1.53146042543396
"3479100","2002-05-17",22.1202627862524,0.248790795506315,0.177169055996588,0.100700805490127,13.1315541484398,10.7258895182269,11.9287218333333,0.206318789773502,38.7866108949722,11.8991992,11.4806121484137,-2.77548969708787,-1.78026627976475
"3479099","2002-05-20",22.6112182754788,0.300483681797474,0.266021757603368,0.182374208807079,13.0987448412414,10.6593654920919,11.8790551666667,0.264443429623333,41.1845024158125,11.8702656,11.4529745286252,-2.67282745498644,-1.95877851480908
"3479098","2002-05-21",23.1677536874042,0.277869861486716,0.275714779596835,0.239635197732263,13.0527982726952,10.5996453939715,11.8262218333333,0.279151486494994,40.4382203925432,11.8337324,11.4228005914752,-2.59517505664285,-2.08605782317584
"3479097","2002-05-22",23.5444840620964,0.282716372483449,0.28702330525588,0.276253280818693,12.9848797225664,10.5554532774336,11.7701665,0.307385332614552,40.6862846735886,11.794266,11.3979831792785,-2.49843205596804,-2.16853266973428
"3479096","2002-05-23",23.0571900580809,0.331181482450783,0.29725590547365,0.28666466344212,12.9137464884328,10.5332535115672,11.7235,0.379974441102445,43.2324208449634,11.7583996,11.3898080887081,-2.32446250337831,-2.19971863646308
"3479095","2002-05-24",22.3238121040574,0.396105856799166,0.336667903911133,0.306982371546887,12.8515409501649,10.5225700498351,11.6870555,0.440675299987457,46.450592489339,11.7277332,11.400056343547,-2.07059285650655,-2.17389348047178
"3479094","2002-05-28",21.6295264290459,0.479273631840795,0.402186990363582,0.345370266582787,12.8359658116464,10.5142568550202,11.6751113333333,0.489185552337064,49.9745633447007,11.7030668,11.4289381644074,-1.74311158496551,-2.08773710137052
"3479093","2002-05-29",21.5025537212643,0.462138908468139,0.445839465702701,0.394898119992471,12.7927031729232,10.5006308270768,11.646667,0.447646940456545,46.2590668851867,11.6706668,11.4313024091531,-1.58526485502387,-1.98724265210119
"3479092","2002-05-30",21.8455805634575,0.405173695746345,0.448862078685093,0.432296178250458,12.7157916262515,10.4915423737485,11.603667,0.416425583542787,42.8921035518683,11.6261336,11.4111287545993,-1.55995624438706,-1.90178537055837
"3479091","2002-05-31",22.0558752244126,0.830722064438468,0.566011556217651,0.486904366868481,12.6285340502796,10.5056889497204,11.5671115,0.513924002270449,49.0431176999106,11.5942672,11.4278675873194,-1.34317812115905,-1.7900639206785
"3479090","2002-06-03",22.6460582871814,0.666666666666667,0.63418747561716,0.549687036839967,12.5360361277214,10.5197422056119,11.5278891666667,0.489472847633678,46.0594769028988,11.5613336,11.4232625756768,-1.25802417200587,-1.68365597094398
"3479089","2002-06-04",23.4380623609784,0.570960396039604,0.689449709048247,0.629882913627685,12.3907386867074,10.5618176466259,11.4762781666667,0.470444413865495,44.1750301529411,11.5420004,11.4068275655866,-1.24225873040104,-1.59537652283539
"3479088","2002-06-05",24.1555364845936,0.376469134931,0.538032065879091,0.620556416848165,12.1868783636982,10.6564556363018,11.421667,0.53593756527664,46.2066699112301,11.5181336,11.4032505568417,-1.15997689826628,-1.50829659792157
"3479087","2002-06-06",25.0421365824116,0.235291003423571,0.394240178131392,0.540573984352909,11.9732203900999,10.7635582765668,11.3683893333333,0.507760293745096,44.4640143406399,11.4808004,11.3894838159295,-1.13833533560418,-1.43430434545809
"3479086","2002-06-07",25.9212898267524,0.105257963920576,0.239006034091716,0.390426092700732,11.7908032934102,10.8563090399231,11.3235561666667,0.484305771157029,44.0170707452189,11.4393336,11.3748859738055,-1.12260452430345,-1.37196438122716
"3479085","2002-06-10",25.1077414210416,0.0789484072158827,0.139832458186677,0.257692890136594,11.7938944460212,10.8574402206455,11.3256673333333,0.579380281476304,43.7017678982836,11.3992004,11.3604571772981,-1.10703118981698,-1.31897774294512
"3479084","2002-06-11",24.611967082007,0.315145454545455,0.166450608560638,0.181763033613009,11.8360855159207,10.9156938174126,11.3758896666667,0.998215778575513,52.4208569188449,11.3696004,11.3901735536584,-0.860182366973028,-1.22721866775071
"3479083","2002-06-12",24.5975874467389,0.733328,0.37580728725378,0.227363451333697,11.9904315770257,10.9110144229743,11.450723,1.28164436257713,63.8462756068965,11.3569336,11.4959277465039,-0.239659564016992,-1.02970684700396
"3479082","2002-06-13",23.955965584425,0.6,0.549491151515152,0.363916349109856,12.0803711322611,10.9485198677389,11.5144455,1.08508085007049,59.5674064186924,11.3442672,11.5653600469701,0.130532254073734,-0.797659026788423
"3479081","2002-06-14",22.7867278975281,0.469328,0.600885333333334,0.508727924034088,12.1455191097974,10.9667045568693,11.5561118333333,0.904828872769918,55.632216796725,11.3334672,11.6037560407074,0.305327148215717,-0.577061791787595
"3479080","2002-06-17",21.8197163870527,0.498664000000001,0.522664000000001,0.557680161616161,12.2076072056346,10.9895051276988,11.5985561666667,0.887942719984615,56.329719660334,11.3716004,11.6419219019464,0.463332199858901,-0.368982993458296
"3479079","2002-06-18",20.9217771273256,0.498664000000001,0.488885333333334,0.537478222222222,12.2581951805322,11.0128061528011,11.6355006666667,0.827474112574836,56.329719660334,11.4210672,11.6749989816869,0.58127471411582,-0.178931451943473
"3479078","2002-06-19",20.0879763861503,0.613328,0.536885333333334,0.516144888888889,12.3147033867147,11.041186279952,11.6779448333333,0.857580722118643,59.2348327985255,11.4738672,11.7227764507953,0.764033310201495,0.00966150048552086
"3479077","2002-06-20",19.2414075077916,0.6,0.570664,0.532144888888889,12.3592422668003,11.0786473998664,11.7189448333333,0.814914974605179,58.7456453234326,11.5256008,11.7619622573559,0.886284912656921,0.184986182919801
"3479076","2002-06-21",19.0503923614834,0.48,0.564442666666667,0.557330666666666,12.3957910211727,11.1060986454939,11.7509448333333,0.753421027238876,54.3903188763182,11.5536008,11.7759232897085,0.869964305597848,0.32198180745541
"3479075","2002-06-24",18.8730211541972,0.530664,0.536888,0.557331555555555,12.4273145967096,11.1253527366237,11.7763336666667,0.715315831126967,55.8776464061109,11.584134,11.7964668510807,0.889931170821145,0.435571680128557
"3479074","2002-06-25",18.7083193188601,0.533328,0.514664,0.538664888888888,12.4527428421179,11.1380351578821,11.795389,0.679295369477536,55.958971853042,11.610534,11.8147152709366,0.897466029538174,0.527950550010481
"3479073","2002-06-26",17.59999534328,0.293328000000001,0.452440000000001,0.501330666666666,12.4595515884434,11.1666704115566,11.813111,0.552594933869895,47.4701056117459,11.6268004,11.790530568145,0.690597251560643,0.560479890320513
"3479072","2002-06-27",16.9264094682806,0.67258800149239,0.499748000497464,0.488950666832487,12.5088737184999,11.2049039481668,11.8568888333333,0.834704461659794,59.0044591409566,11.6633336,11.8384598257257,0.869320828505526,0.622248077957516
"3479071","2002-06-28",18.8452070085952,0.472001689594593,0.479305897028995,0.477164632508819,12.7145588957336,11.1328854375998,11.9237221666667,1.13832044143375,65.5702147751044,11.7125336,11.9355545156289,1.27704836517348,0.753208135400709
"3479070","2002-07-01",20.6269475817445,0.534426116635683,0.559671935907556,0.512908611144671,12.8828820843208,11.1102292490126,11.9965556666667,1.04538466157056,67.625049044919,11.7626668,12.0401472468784,1.67939355461924,0.938445219244414
"3479069","2002-07-02",20.3766119513802,0.263935200212458,0.423454335480912,0.487477389472486,12.9068909970539,11.1837756696128,12.0453333333333,0.704538447148943,54.9551981982702,11.7848,12.0574609472946,1.60910616686383,1.0725774087683
"3479068","2002-07-03",19.657729271469,0.18032891695437,0.326230077934171,0.436452116440878,12.9001545730907,11.2569564269093,12.0785555,0.53806875034844,51.7291547890951,11.8069332,12.0497994876553,1.42330487677014,1.14272290236867
"3479067","2002-07-05",18.9901953544085,0.344261166356831,0.262841761174553,0.337508724863211,12.8901152442562,11.3642177557438,12.1271665,0.6460321996361,57.052771019363,11.8490664,12.087603555968,1.48157444424848,1.21049321074463
"3479066","2002-07-08",19.1837972704379,0.262297500663932,0.262295861325045,0.283789233477922,12.8491430265449,11.5104123067885,12.1797776666667,0.635453429125507,53.8547069314664,11.8742664,12.0981457485056,1.40001457250403,1.24839748309651
"3479065","2002-07-09",19.3635704781795,0.419674033855627,0.342077566958797,0.289071729819464,12.8203896085801,11.6538323914199,12.237111,0.765361180271624,58.6477650073543,11.918,12.1499489820382,1.53019331994952,1.30475665046711
"3479064","2002-07-10",19.4957294048473,0.414756017193386,0.365575850570982,0.32331642628494,12.838297830532,11.7059245028013,12.2721111666667,0.73166873819407,58.4434708306041,11.9650668,12.1935117844331,1.60692996018996,1.36519131241168
"3479063","2002-07-11",19.3416246377773,0.377049583443989,0.403826544831001,0.370493320786925,12.8522001628552,11.7083555038115,12.2802778333333,0.655177394001856,56.8095316873661,12.0058668,12.2210435465087,1.59785116179674,1.41172328228869
"3479062","2002-07-12",18.4553004328194,0.270490916423224,0.3540988390202,0.37450041147406,12.855833515735,11.7159438175983,12.2858886666667,0.502630079037386,52.3548677372576,12.0412,12.2160150736408,1.43099420181882,1.41557746619472
"3479061","2002-07-15",18.2392993677238,0,0.215846833289071,0.324590739046756,12.8657011324349,11.6904095342317,12.2780553333333,0.158474543157086,42.4322372401586,12.0533332,12.1316570638221,0.89105072485931,1.31067211792764
"3479060","2002-07-16",18.1059963368054,0,0.0901636388077415,0.220036437039003,12.900335103561,11.6136642297723,12.2569996666667,0.0282375529239549,42.0035794294947,12.0647996,12.0545467886458,0.435904418476296,1.13571857803737
"3479059","2002-07-17",17.0307567135012,0.0851732328920097,0.0283910776306699,0.111467183242493,12.9069298176445,11.5905138490221,12.2487218333333,0.218215840958799,45.5573547203473,12.0707996,12.011717883493,0.192243807763481,0.947023623982592
"3479058","2002-07-18",15.8321361335251,0.110412900905675,0.0651953779325618,0.0612500314569903,12.9094137676026,11.5684748990641,12.2389443333333,0.275407857584461,46.6015520935897,12.0549332,11.9817114990273,0.0341482800860327,0.76444855520328
"3479057","2002-07-19",15.1218558133309,0.0439401688221988,0.0798421008732947,0.0578095188121747,12.9291057018367,11.50456096483,12.2168333333333,0.123156798060252,44.0432842886289,12.0397332,11.9357059658236,-0.190676148735991,0.573423614415426
"3479056","2002-07-22",14.7991695411017,0,0.0514510232426248,0.0654961673494929,12.9511091106444,11.436335222689,12.1937221666667,0.118315641299846,41.896632897998,12.0258668,11.8785011703805,-0.452768532844383,0.368185184963464
"3479055","2002-07-23",13.9407797733614,0.101871586787097,0.0486039185364319,0.0599656808841163,12.9576838666879,11.4002047999787,12.1789443333333,0.231723949127497,44.7234862841905,12.0156,11.8458116809964,-0.568679394238392,0.180812269123093
"3479054","2002-07-24",13.1316221421644,0.0884720870565332,0.06344789128121,0.0545009443534215,12.9615114804807,11.3727108528526,12.1671111666667,0.265442879666822,44.4173779889232,12.0046668,11.8152594568636,-0.664707664043551,0.0117082824897641
"3479053","2002-07-25",13.9129941916263,0.234091603053436,0.141478425632355,0.0845100784833316,12.9640746286882,11.3968143713118,12.1804445,0.479156088990595,48.8664658287548,11.9958668,11.8150021959484,-0.599635277089539,-0.110560429426096
"3479052","2002-07-26",14.6385539518409,0.643763358778626,0.322109016296198,0.175678444403254,12.9851786998571,11.3961546334762,12.1906666666667,0.693269571240326,58.6043140490072,12.0092,11.8863352364886,-0.180251808377241,-0.124498705216325
"3479051","2002-07-29",15.9430419130267,0.503067484662577,0.460307482164879,0.30796497469781,12.9173196627272,11.4303470039395,12.1738333333333,0.784360754158986,58.0864401119676,12.0276,11.9450465382902,0.132966803134815,-0.0730056035460972
"3479050","2002-07-30",17.200513891734,0.722332886651455,0.623054576697552,0.468490358386209,12.8904745204842,11.4465251461825,12.1684998333333,0.976584229507913,63.6685306578846,12.0585332,12.0461509998515,0.625303516383258,0.0666562204397738
"3479049","2002-07-31",18.2460514187095,0.702214093416875,0.642538154910302,0.575300071257577,12.9484619433883,11.4250933899451,12.1867776666667,0.878474181683423,62.870608570119,12.088,12.1293308665379,0.978115436972127,0.248948063746244
"3479048","2002-08-01",18.3880495825332,0.561370468291623,0.661972482786651,0.642521738131501,12.9873443357655,11.4289889975679,12.2081666666667,0.731476945271386,57.4431803630377,12.1201336,12.1703094176662,1.0881795135004,0.416794353697075
"3479047","2002-08-02",18.1738941726694,0.498991947653713,0.587525503120737,0.630678713605895,12.995976994107,11.4292453392264,12.2126111666667,0.644425179190783,55.171517329719,12.1274668,12.1920454953107,1.09379895370612,0.552195273698883
"3479046","2002-08-05",17.4360162714637,0.398391945239216,0.486251453728184,0.578583146545189,12.9894895638878,11.4273994361122,12.2084445,0.54438636335199,51.6256798856133,12.1114668,12.188662095936,0.976670761731557,0.637090371305418
"3479045","2002-08-06",17.1758498404662,0.460764429635531,0.452716107509487,0.508831021452801,12.9721167032527,11.4302162967473,12.2011665,0.629673420641444,53.6161269777415,12.0934668,12.1995071498112,0.941325895056355,0.697937476055605
"3479044","2002-08-07",17.0959443260691,0.599597986309804,0.486251453728184,0.475073004988617,12.9779256730616,11.4285183269384,12.203222,0.740307797428674,57.7803718346018,12.1066668,12.2395728631697,1.05274185420061,0.768898351684607
"3479043","2002-08-08",17.2450701539404,0.635815435877006,0.565392617274114,0.50145339283726,13.0036261101567,11.4214845565099,12.2125553333333,0.772976838895672,58.8190329836453,12.1290668,12.2822964814137,1.16622673367379,0.848364028082444
"3479042","2002-08-09",17.0430951201615,0.551724360880866,0.595712594355892,0.549118888452729,13.0308229287593,11.4211767379074,12.2259998333333,0.706117863179449,56.5708675578632,12.1345336,12.3073236172252,1.18279548323141,0.915250319112238
"3479041","2002-08-12",16.2855679984701,0.450428665640801,0.545989487466224,0.569031566365409,13.0465058158193,11.4608271841807,12.2536665,0.61120170452474,52.7883862746617,12.1404,12.3081244682619,1.08064204484406,0.948328664258602
"3479040","2002-08-13",15.5527418000613,0.165437037037037,0.389196687852901,0.510299589891671,13.0241203442551,11.5345466557449,12.2793335,0.422127495787501,46.8333503165505,12.1224,12.2719305391603,0.808873449943892,0.92043762139566
"3479039","2002-08-14",14.5951289329809,0,0.205288567559279,0.380158247626134,13.0179499102436,11.5707174230897,12.2943336666667,0.419464448385982,46.4256209151632,12.104,12.2378958006056,0.573397992537994,0.851029695624127
"3479038","2002-08-15",13.7059169849777,0,0.0551456790123456,0.216543644808174,13.0133335718709,11.5948894281292,12.3041115,0.379604118296226,46.4256209151632,12.0886668,12.2083990271915,0.382083741031392,0.75724050470558
"3479037","2002-08-16",13.0807220987931,0.0755760207908187,0.0251920069302727,0.0952087511672982,12.982326487561,11.6818958457724,12.3321111666667,0.429166156932975,48.6712377234856,12.0854668,12.194389823566,0.284347787166284,0.662661961197721
"3479036","2002-08-19",12.5687799720825,0.385715663270227,0.153763894687015,0.0780338602098768,12.9343363882827,11.811219278384,12.3727778333333,0.549961100380464,55.0685574277786,12.1172004,12.2186938470905,0.383254703571456,0.606780509672468
"3479035","2002-08-20",13.5306019934243,0.442625853284285,0.301305845781777,0.160087249133021,12.9160108769739,11.9189894563595,12.4175001666667,0.738767688514948,56.9702071365824,12.153734,12.2517573341451,0.51473034382663,0.5883704765033
"3479034","2002-08-21",14.4237224418132,0.688529105108887,0.505623540554466,0.320231093674418,12.90596799293,12.03069900707,12.4683335,0.891627989647681,61.8058991432551,12.1930676,12.3137456895924,0.773477762178243,0.625391933638289
"3479033","2002-08-22",15.2530485724599,0.806562665984695,0.645905874792622,0.484278420376287,12.9538026125057,12.057087054161,12.5054448333333,0.928852266943936,63.9028498124173,12.2350676,12.3834689309801,1.04309633436532,0.708932813783696
"3479032","2002-08-23",16.0697419146783,0.918035528101824,0.804375766398468,0.651968393915185,13.0211900537221,12.0370329462779,12.5291115,0.94911376106184,65.8118911283559,12.2876008,12.4590064068494,1.31296150150602,0.82973855132816
"3479031","2002-08-26",16.5127128883642,0.855743316349616,0.860113836812045,0.770131826001044,13.066472574645,12.0245280920216,12.5455003333333,0.863691482274778,63.7819226219917,12.3428008,12.5160282192695,1.46683439722861,0.95715772050825
"3479030","2002-08-27",15.7192564585412,0.590167804379045,0.787982216276828,0.81749060649578,13.0496321768578,12.0301468231422,12.5398895,0.700647479555399,55.8696723889039,12.3821344,12.5294471233669,1.39793370100056,1.04531291660671
"3479029","2002-08-28",15.3772851797834,0.262290244526194,0.569400455084952,0.739165502724607,13.0241968979867,12.0202484353466,12.5222226666667,0.388215377406038,47.9595085025858,12.4088008,12.496631506918,1.1157732537483,1.05940498403503
"3479028","2002-08-29",15.0597404209369,0.285247772116539,0.379235273673926,0.578872648345234,13.0180412775339,12.0062930557995,12.5121671666667,0.357289428768001,48.5092226437911,12.4285344,12.4713033059956,0.896738325308832,1.02687165228979
"3479027","2002-08-30",14.0995206861383,0.357376113941732,0.301638043528155,0.416757924095676,13.0189878639881,12.0087911360119,12.5138895,0.459853199338784,50.2860265972356,12.4297344,12.4591295318628,0.761770177208243,0.973851357273481
"3479026","2002-09-03",14.5160660539134,0,0.214207962019424,0.298360426407167,13.0242466499434,11.9946433500566,12.509445,0.188661642755757,41.2887129094981,12.4146676,12.3912455942811,0.371137237827002,0.853308533384185
"3479025","2002-09-04",14.9028581811331,0.0153877396545847,0.124254617865439,0.213366874471005,13.0392074043684,11.9481272622983,12.4936673333333,0.125957204305459,41.724031156432,12.3852012,12.3346355150436,0.0702636772540011,0.696699562158148
"3479024","2002-09-05",15.4562031124447,0,0.00512924655152811,0.114530608812129,13.0450912210826,11.8889101122508,12.4670006666667,0.132603118933047,40.3704147635415,12.354268,12.2762401130378,-0.212800350887132,0.514799579549092
"3479023","2002-09-06",15.9796457506389,0,0.00512924655152811,0.044837703656164,13.0396567869405,11.8312332130595,12.435445,0.150689535421456,40.303228221689,12.3325344,12.2251854312994,-0.435485851961692,0.324742493246935
"3479022","2002-09-09",16.475993885651,0,-1.34730189967532e-16,0.00341949770101766,13.040941952089,11.7701703812443,12.4055561666667,0.149381386168007,40.2313386311321,12.3148012,12.1804940404595,-0.608109877794671,0.138172019038614
"3479021","2002-09-10",16.9368885824478,0.00890210356707271,0.00296736785569077,0.00269887146907188,13.0456947853427,11.7190845479907,12.3823896666667,0.186627625586685,40.5741396501247,12.3041344,12.1430948350649,-0.730602632858013,-0.0355829113407113
"3479020","2002-09-11",17.3648622294735,0.0415461173475282,0.0168160736382002,0.00659448049796257,13.0525271001016,11.6950298998984,12.3737785,0.218109793074057,41.8903118494054,12.2908012,12.1155715237229,-0.794619334974211,-0.187390196067411
"3479019","2002-09-12",18.0542226976108,0,0.0168160736382002,0.0121998383773627,13.06258611202,11.6603042213133,12.3614451666667,0.193120308986905,39.8183386595379,12.265068,12.0810513205599,-0.888935028170157,-0.32769916248796
"3479018","2002-09-13",18.6728257190905,0,0.0138487057825093,0.0158269510196355,13.0708571771128,11.6319218228872,12.3513895,0.208697013082813,39.8183386595379,12.2369348,12.0511338111519,-0.953218470621953,-0.452803024114759
"3479017","2002-09-16",19.4281487850456,0,-1.34151948808873e-16,0.0102215931402354,13.0835342529072,11.5793560804261,12.3314451666667,0.174017895195297,38.5289757218803,12.2105348,12.0189826363316,-1.02415074712482,-0.567072568716771
"3479016","2002-09-17",20.4444293311743,0,-1.34151948808873e-16,0.0046162352608353,13.0870791375219,11.5103668624781,12.298723,0.167487631299901,36.2706056090452,12.1870684,11.9800076181541,-1.12409092661711,-0.678476240296838
"3479015","2002-09-18",21.2867255025441,0,-1.34151948808873e-16,-1.16978186396703e-15,13.0563877462454,11.4533915870879,12.2548896666667,0.203056265015111,36.2706056090452,12.1746684,11.9462292690669,-1.1902924328386,-0.780839478805191
"3479014","2002-09-19",23.7903953973673,0,-1.34151948808873e-16,-1.16978186396703e-15,13.0322543394917,11.331302327175,12.1817783333333,0.0103379397915898,23.7867016453976,12.1373348,11.8311760331913,-1.66221182780079,-0.95711394860431
"3479013","2002-09-20",26.2456958008472,0,-1.34151948808873e-16,-1.16978186396703e-15,13.0013238485233,11.1827881514767,12.092056,-0.0479679804755464,22.8224642698587,12.097068,11.7216858954325,-2.06867051528881,-1.17942526194121
"3479012","2002-09-23",29.0461277835212,0,-1.34151948808873e-16,-1.16978186396703e-15,12.9646914529207,11.0013098804127,11.9830006666667,-0.107623780338028,18.9493611427262,12.0396016,11.5810171093748,-2.60573238326158,-1.46468668620528
"3479011","2002-09-24",30.8627887253977,0.0600002400009598,0.0200000800003198,0.00666669333343881,12.8717510361521,10.8918059638479,11.8817785,0.00414020045308836,23.045757958388,11.9752016,11.4724374947915,-2.93607202920396,-1.75896375480502
"3479010","2002-09-25",32.4694697824548,0.226891709629032,0.0956306498766637,0.0385435766256601,12.76421495756,10.8326753757734,11.7984451666667,0.12689598832861,32.585890548437,11.9176016,11.4130018288193,-2.98471884634461,-2.00411477311294
"3479009","2002-09-26",31.3361210488798,0.332554261754098,0.206482070461363,0.107370933446114,12.6877494858902,10.8015855141098,11.7446675,0.282508746427038,36.3960176339055,11.854668,11.3770455849767,-2.9088469172291,-2.18506120193617
"3479008","2002-09-27",29.8412675208486,0.604647917785855,0.388031296389661,0.230048005575895,12.6072974527879,10.8085925472121,11.707945,0.458517375602466,47.1498281931974,11.8025344,11.3978835069798,-2.54295065258201,-2.25663909206534
"3479007","2002-09-30",28.6734033238842,0.593445086705202,0.510215755415051,0.368243040755357,12.5163464387223,10.844987894611,11.6806671666667,0.647849485001674,50.8233063209848,11.7522676,11.4372763727158,-2.11526780035418,-2.22836483372311
"3479006","2002-10-01",27.8108253079215,0.750912087912088,0.649668364134381,0.51597180531303,12.5155853266463,10.8453043400204,11.6804448333333,0.801744738780818,57.5721007767479,11.718134,11.5167501896871,-1.52007872201115,-2.08670761138072
"3479005","2002-10-02",27.5314280477054,0.858074809257437,0.734143994624909,0.631342704724779,12.5978972898285,10.8061033768382,11.7020003333333,0.954665197502383,63.677196539562,11.7102672,11.6371834977288,-0.772636014828076,-1.82389329207019
"3479004","2002-10-03",27.1978881706519,0.848286865068295,0.819091254079273,0.73430120427952,12.667232205448,10.778323794552,11.722778,0.889112919624308,63.1708684747445,11.714934,11.7388923646983,-0.196609742970766,-1.4984365822503
"3479003","2002-10-04",27.4194033248713,0.779161398384756,0.828507690903496,0.793914313202558,12.7427702906444,10.7508973760223,11.7468338333333,0.875331592615784,61.5031991226538,11.716134,11.8185960494052,0.210749326490478,-1.15659940050215
"3479002","2002-10-07",27.6755372575053,0.876925775156231,0.834791346203094,0.827463430395286,12.8507790580876,10.7124442752458,11.7816116666667,0.908703542126619,65.1060498398109,11.7236008,11.9183392428178,0.679011902945525,-0.789477139812613
"3479001","2002-10-08",28.2960279150191,0.85511322475348,0.837066799431489,0.833455278846025,12.9765489616821,10.6686740383179,11.8226115,0.917722738599746,66.6641370261283,11.752534,12.0190046771088,1.10506312038348,-0.410569087773395
"3479000","2002-10-09",28.8122540372456,0.849432810888667,0.860490603599459,0.84411624974468,13.0842711880292,10.6379514786375,11.8611113333333,0.867899037567116,66.2658969577697,11.7802672,12.1044707201609,1.41362975656518,-0.0457293189056799
"3478999","2002-10-10",29.1649235108153,0.838067721783301,0.847537919141816,0.84836510739092,13.1750935604596,10.6233507728738,11.8992221666667,0.811202146704076,65.4237925164468,11.8097336,12.1749852908062,1.61895581403428,0.287207707682313
"3478998","2002-10-11",29.9172893724988,0.87537055006098,0.854290360910982,0.854106294550751,13.2816659665022,10.6057780334978,11.943722,0.828301491689779,67.1114424661224,11.8433336,12.249431252032,1.824220435743,0.594610253294449
"3478997","2002-10-14",30.6159148154907,0.890942587055662,0.868126952966647,0.856651744339814,13.3902607608204,10.5995169058463,11.9948888333333,0.811586400802588,68.1711563361519,11.8796004,12.3223964184277,2.00277094710324,0.876242392056207
"3478996","2002-10-15",31.264638441126,0.884139037433155,0.883484058183265,0.868633790686964,13.4904610145069,10.6083166521598,12.0493888333333,0.782795630913358,68.1711563361519,11.9154672,12.3856328959707,2.11753828915646,1.12450157147626
"3478995","2002-10-16",31.4643414615578,0.806310810810811,0.860464145099876,0.870691718749928,13.5742037214757,10.628462945191,12.1013333333333,0.743214430962344,65.4674556997466,11.9470672,12.4311045098413,2.13678710307423,1.32695867779585
"3478994","2002-10-17",31.6497799805302,0.863636363636364,0.851362070626776,0.865103424636638,13.6468169163536,10.7098497503131,12.1783333333333,0.741934381,67.5775049760719,11.9861336,12.4847345751958,2.19446289554646,1.50045952134597
"3478993","2002-10-18",30.9140653762015,0.656469387755102,0.775472187400759,0.829099467709136,13.6609052976858,10.8610947023142,12.261,0.674258216183095,61.621719342372,12.0189336,12.5103259651697,2.11378563850459,1.6231247447777
"3478992","2002-10-21",30.3150822810909,0.502468004610883,0.674191252000782,0.767008503342771,13.5992642087543,11.1194024579124,12.3593333333333,0.660225329711128,61.621719342372,12.0536004,12.5325051698137,2.02610778018495,1.70372135185915
"3478991","2002-10-22",29.7588836927739,0.709366594744776,0.622767995703587,0.690810478368375,13.5159018749406,11.397764791726,12.4568333333333,0.685620658415225,64.8339029072212,12.0972004,12.5703938138386,2.02270689555537,1.76751846059839
"3478990","2002-10-23",28.1911776969203,0.438418112493721,0.550084237283126,0.615681161662497,13.3910488370128,11.6855061629872,12.5382775,0.598728595829205,57.9889007102561,12.1334668,12.5787853053267,1.88034739646565,1.79008424777185
"3478989","2002-10-24",26.9400367975337,0,0.382594902412832,0.518482378466514,13.2473189441161,11.9430140558839,12.5951665,0.405740469290652,49.0637405306931,12.1837336,12.5469472646165,1.56143519318852,1.74435443685518
"3478988","2002-10-25",26.0352624079258,0,0.14613937083124,0.359606170175732,13.127809386012,12.1347459473214,12.6312776666667,0.222349728536081,47.2824697149914,12.2342668,12.5104649626676,1.25124374927039,1.64573229933822
"3478987","2002-10-28",24.396563547164,0.0550456190567946,0.0183485396855978,0.182360937643222,13.0472242626513,12.266331070682,12.6567776666667,0.219550634770274,48.4907528656013,12.3001332,12.4841803009786,1.01931388373078,1.52044861621673
"3478986","2002-10-29",22.7874606223746,0.178898261934579,0.0779812936637909,0.0808230680602085,13.0057039762335,12.3418513570998,12.6737776666667,0.275048965645095,51.2008988623571,12.3655996,12.4734002608481,0.883487324813292,1.39305635793605
"3478985","2002-10-30",23.0085658229577,0.39932953470111,0.211091138564161,0.102473657304515,13.0254718372063,12.3573058294604,12.6913888333333,0.765654290414249,58.2159985602739,12.4313328,12.4996135594017,0.937422244829689,1.30192953531477
"3478984","2002-10-31",23.2416350959269,0.52491677796161,0.367714858199099,0.218929096809016,13.0518498572903,12.3810391427098,12.7164445,0.861421627189735,61.1481575718698,12.4975996,12.5396650848148,1.05134606586796,1.25181284142541
"3478983","2002-11-01",24.525053979203,0.529814083421635,0.484686798694784,0.354497598486014,13.1529444243202,12.3576109090131,12.7552776666667,1.14857361522629,65.9628414305525,12.5579996,12.6068204068395,1.281894691385,1.25782921141733
"3478982","2002-11-04",25.8097044625594,0.608893333333333,0.554541398238859,0.46898101837758,13.2706535074254,12.3125684925746,12.791611,1.11645086206182,68.4436822808193,12.6177332,12.6841336859276,1.53609963215975,1.31348329556581
"3478981","2002-11-05",27.1114728316978,0.81115531692997,0.649954244561646,0.563060813831762,13.4365751026767,12.23109156399,12.8338333333333,1.16137499275626,73.4783144274478,12.6777332,12.7973598611372,1.93128857190925,1.4370443508345
"3478980","2002-11-06",28.1399125616828,0.789698327474989,0.736582325912764,0.647025989571088,13.5632404226937,12.1883152439729,12.8757778333333,1.02673569287636,72.2842131939842,12.7209332,12.8910452129856,2.1933154605108,1.58829857276976
"3478979","2002-11-07",27.5714474296592,0.587984600924459,0.729612748443139,0.705383106305848,13.6198003874426,12.1970892792241,12.9084448333333,0.808021188655357,62.0718147060297,12.7524,12.9304618512542,2.17760034021686,1.70615892625918
"3478978","2002-11-08",26.8127654167232,0.553645692507758,0.643776206969069,0.703323760441656,13.646061266659,12.2066060666744,12.9263336666667,0.676221531592445,60.5046706782068,12.7842664,12.9575109377536,2.10692682196292,1.78631250539993
"3478977","2002-11-11",25.7329359328168,0.497856232376686,0.546495508602967,0.639961488005057,13.6634990967934,12.2151682365399,12.9393336666667,0.627811265422868,57.9450186269826,12.8034664,12.9693988127198,1.97395583355371,1.82384117103068
"3478976","2002-11-12",24.3890949442996,0.446354307492243,0.499285410792229,0.563185708788087,13.6691788444651,12.2219328222016,12.9455558333333,0.529942501827628,55.6063307941042,12.8152,12.9690349710238,1.79807206221971,1.81868734926849
"3478975","2002-11-13",22.8589968850926,0.403433890841671,0.449214810236866,0.498331909877353,13.6726248986008,12.2300421013992,12.9513335,0.487522264440146,53.6625270197328,12.8248,12.9598303082207,1.5988443888951,1.77471875719381
"3478974","2002-11-14",21.7870080150456,0.257708115823278,0.369165438052397,0.439221886360496,13.6705884411727,12.2200785588273,12.9453335,0.378355304240994,48.2989089131984,12.8276,12.9256302671246,1.30343978157539,1.68046296207013
"3478973","2002-11-15",20.534528653913,0.236535191872638,0.299225732845862,0.37253532704504,13.6708575421487,12.2262537911846,12.9485556666667,0.406394862090663,49.3161268254929,12.8278668,12.9008795648413,1.07968988496907,1.56030834664992
"3478972","2002-11-18",19.4922269360012,0.0345820329048051,0.176275113533573,0.281555428143943,13.6708789582733,12.2256763750601,12.9482776666667,0.363570914585348,48.4758264820144,12.8244,12.8754289561958,0.873455276680279,1.42293773265599
"3478971","2002-11-19",18.3986246017334,0.0563854220449731,0.109167548940805,0.194889465106745,13.670044643294,12.221288356706,12.9456665,0.397921754425452,50.2019603285883,12.8232,12.8609277620364,0.737018679315016,1.28575392198779
"3478970","2002-11-20",17.7729236246256,0,0.0303224849832592,0.105255049152545,13.6698137381586,12.2231865951748,12.9465001666667,0.345735301537533,47.4813847769928,12.8212,12.8363600604315,0.565794484860604,1.14176203456236
"3478969","2002-11-21",16.8224671877166,0.049269565217392,0.0352183290874549,0.0582361210038385,13.6569804683934,12.2721305316066,12.9645555,0.405242079654861,49.3426213247331,12.8172,12.8226227190406,0.460378024595465,1.00548523256898
"3478968","2002-11-22",15.9399004963011,0.0521739130434787,0.0338144927536234,0.0331184356081112,13.6263973241801,12.3446030091533,12.9855001666667,0.335345267547397,49.4563341951714,12.8196,12.8111623565019,0.374604490855557,0.879309084226294
"3478967","2002-11-25",15.7592774779788,0.118691746859784,0.0733784083735512,0.0474704100715419,13.6000411429328,12.4145148570672,13.007278,0.387016704510367,52.0037181337778,12.8249332,12.811007375635,0.348828194486495,0.773212906278334
"3478966","2002-11-26",15.5915561038224,0.218848484848486,0.129904714917249,0.0790325386814733,13.5791663489564,12.475833984377,13.0275001666667,0.410622126962081,54.7920645216896,12.8279996,12.8219837255503,0.376544129543754,0.693879150931418
"3478965","2002-11-27",15.581528580429,0.453035652130674,0.263525294612981,0.155602805967926,13.5803749174201,12.4855140825799,13.0329445,0.449612013163854,56.6370561550189,12.8406664,12.8390525621436,0.429127061050028,0.64092873295514
"3478964","2002-11-29",15.2892977603578,0.375681633600187,0.349188590193116,0.247539533241114,13.5799334930441,12.4836218402892,13.0317776666667,0.412229033512924,54.6586832152925,12.8631996,12.8476228871911,0.436321364862269,0.600007259336566
"3478963","2002-12-02",14.8214247814535,0,0.27623909524362,0.296317660016571,13.5569317904382,12.4514012095618,13.0041665,0.241952110354839,44.5942131877352,12.8771996,12.817717168899,0.26289504302921,0.532584816075095
"3478962","2002-12-03",14.3869713010423,0.162609756097561,0.179430463232583,0.268286049556438,13.5086368439217,12.4329181560783,12.9707775,0.261708921148735,47.0923011467038,12.8922664,12.8006882130458,0.165382874715125,0.459144427803101
"3478961","2002-12-04",14.4250660928418,0,0.0542032520325203,0.169957603502906,13.3844652309733,12.4573117690267,12.9208885,0.189848000571265,43.9948771704344,12.8998664,12.7730404513063,0.02665292599211,0.372646127440903
"3478960","2002-12-05",14.0486306813139,0.0909090909090931,0.0845062823355513,0.106046665866884,13.2293837582301,12.5207262417699,12.875055,0.229453232983845,45.5896014499579,12.8983996,12.7544123911322,-0.0575173161105336,0.286613438730616
"3478959","2002-12-06",13.6990835134666,0.113636363636365,0.0681818181818193,0.0689637841832957,13.1324412540489,12.5502237459511,12.8413325,0.209537247424012,46.0035513116748,12.8921328,12.7396014056479,-0.116640546794922,0.205962641625508
"3478958","2002-12-09",12.8620019004264,0.136363636363638,0.113636363636365,0.0887748213845774,13.0684807227261,12.5686289439405,12.8185548333333,0.311721186171116,46.4423567248062,12.8765328,12.7280985515615,-0.155426594314145,0.133684794437577
"3478957","2002-12-10",12.0847118311748,0.136363636363638,0.12878787878788,0.103535353535354,13.0093017893139,12.5844742106862,12.796888,0.251009573479908,46.4423567248062,12.8551992,12.7181294113533,-0.184084891639247,0.0701308572222126
"3478956","2002-12-11",11.9716621277647,0.393954545454545,0.222227272727273,0.154883838383838,12.9810287423722,12.5941919242945,12.7876103333333,0.540653662212093,51.6113165858911,12.8245328,12.7246014898395,-0.133334056320256,0.0294378745137189
"3478955","2002-12-12",11.2068231077493,0.0757727272727292,0.202030303030304,0.184348484848484,12.9602487021306,12.5953056312028,12.7777771666667,0.387360057112027,45.7391388045068,12.7895996,12.7115439578609,-0.17990031312467,-0.0124297630139589
"3478954","2002-12-13",10.7383843025302,0,0.156575757575758,0.19361111111111,12.9653642230148,12.5753011103186,12.7703326666667,0.114585447568057,44.0675898105198,12.765466,12.6944487634795,-0.241637016924212,-0.0582712137960095
"3478953","2002-12-16",10.3673011820144,0.1852,0.0869909090909094,0.148532323232322,12.9608203288847,12.5702896711153,12.765555,0.377666454477905,48.0027361795448,12.7467996,12.6907449283489,-0.234916077283909,-0.0936001864935894
"3478952","2002-12-17",10.2039204804266,0.4,0.195066666666666,0.14621111111111,12.9631737540673,12.5721582459327,12.767666,0.565634225410721,52.2029947023563,12.735466,12.7004229379024,-0.166209955450103,-0.108122140284892
"3478951","2002-12-18",9.49534601929595,0.2000143998848,0.261738133294933,0.181265236350835,12.9600464788957,12.5647298544377,12.7623881666667,0.322509783317275,48.0251796326247,12.723466,12.695922546182,-0.171231755473966,-0.120744063322707
"3478950","2002-12-19",9.13174245986744,0.0893019767504124,0.229772125545071,0.228858975168889,12.9609137860376,12.5583068806291,12.7596103333333,0.271910684839972,45.9754902102282,12.7121328,12.6853555400244,-0.204668608811753,-0.137528972420516
"3478949","2002-12-20",8.79411058325526,0.178577168264853,0.155964514966688,0.215824924602229,12.9529428284239,12.5519448382428,12.7524438333333,0.344278936896594,47.5815195744476,12.7099996,12.6806414680212,-0.207597309624996,-0.151542639861412
"3478948","2002-12-23",9.18249160297751,0.201625780229351,0.156501641748205,0.180746094086653,12.9531051286351,12.5520048713649,12.752555,0.560122125485818,48.4076206235393,12.7070664,12.6787786056184,-0.197043655538798,-0.160642842996889
"3478947","2002-12-24",9.56038353909595,0.4000047999616,0.260069249485268,0.190845135400052,12.9470032139451,12.5541067860549,12.750555,0.710687416472159,52.4423944303771,12.7086664,12.6882747915359,-0.134107324035193,-0.15533573920455
"3478946","2002-12-26",9.91128319406308,0.623995008039935,0.408541862743628,0.275037584659032,12.9368923164213,12.559440016912,12.7481661666667,0.852213600251332,56.5417055521026,12.7117328,12.7089488193311,-0.0246823647821359,-0.129205064320067
"3478945","2002-12-27",9.83096450066666,0,0.341333269333845,0.336648127187579,12.8920908767417,12.5731301232583,12.7326105,0.293243632809163,44.9243035271314,12.7079992,12.6921996434203,-0.101985537651805,-0.123761158986415
"3478944","2002-12-30",10.4866861050431,0,0.207998336013312,0.31929115603026,12.871524077125,12.5505859228751,12.711055,-0.143774085226996,39.8386442663427,12.6959992,12.6576836909643,-0.25597386070485,-0.150203699330102
"3478943","2002-12-31",10.1205492871606,0,-2.59052039079203e-16,0.183110535115717,12.874135954916,12.5343077117506,12.7042218333333,0.140999527103393,38.4833883164647,12.6821324,12.621992532169,-0.401517397432338,-0.200466438950549
"3478942","2003-01-02",9.78056509912689,0.322409836065573,0.107469945355191,0.105156093789499,12.8740009990794,12.5342206675873,12.7041108333333,0.523875719834544,47.2541823596743,12.6731992,12.6172828612132,-0.386884564859891,-0.237750064132418
"3478941","2003-01-03",9.46486549595271,0.562836065573771,0.295081967213114,0.1341839708561,12.8794946254414,12.5420603745586,12.7107775,0.665619919101589,52.6731029160767,12.6667992,12.6327558130514,-0.278303908134592,-0.245860832932852
"3478940","2003-01-06",8.97642907024906,0.508196721311474,0.464480874316939,0.289010928961747,12.88220302818,12.54490797182,12.7135555,0.575110795495779,51.3811784224775,12.6567992,12.6417217046445,-0.211151287045586,-0.238918923755399
"3478939","2003-01-07",9.03057075796949,0.24044262295082,0.437158469945355,0.398907103825135,12.8843921975512,12.5362748024488,12.7103335,0.20540541368283,45.4926737571776,12.6421328,12.6277148106919,-0.25925635123597,-0.242986409251513
"3478938","2003-01-08",9.34287245255932,0.153,0.300546448087431,0.400728597449907,12.8925317855983,12.5078018810684,12.7001668333333,0.0345908097470472,43.7300771136782,12.6365328,12.6084635025997,-0.327820357001851,-0.259953198801581
"3478937","2003-01-09",8.816161895201,0.316934426229508,0.236792349726776,0.324832422586519,12.8918232439394,12.5027324227273,12.6972778333333,0.335648054780332,47.8124272134535,12.632266,12.6051123689197,-0.314606917443072,-0.270883942529879
"3478936","2003-01-10",8.32707352051113,0.349721311475409,0.273218579234972,0.270185792349725,12.8788400267004,12.4988263066329,12.6888331666667,0.35687402727545,48.6153649733281,12.632666,12.6048747197304,-0.288014499174483,-0.2743100538588
"3478935","2003-01-13",9.37806696603683,0,0.222218579234972,0.244076502732239,12.8982664877554,12.4457325122446,12.6719995,-0.101066103437535,38.4279005036909,12.618666,12.562002090433,-0.466841876426816,-0.312816418372403
"3478934","2003-01-14",10.3539894511678,0.0697671173622458,0.139829476279218,0.211755544916386,12.9237224432343,12.3936098900991,12.6586661666667,-0.0759836564156599,40.5250591473802,12.606266,12.5315124783753,-0.570453986954245,-0.364343932088771
"3478933","2003-01-15",10.7445977778533,0.121959785758187,0.0639089677068106,0.141985674406999,12.9287427822133,12.3570338844534,12.6428883333333,0.0790427594480107,41.9449903359114,12.5947996,12.5095334812586,-0.624225836161163,-0.41632031290325
"3478932","2003-01-16",10.0278837599246,0.258538941083503,0.150088614734645,0.11794235290689,12.9109133157169,12.3483080176165,12.6296106666667,0.318995661178742,45.842877094238,12.5870664,12.5029290170908,-0.599834597209736,-0.453023169764547
"3478931","2003-01-17",9.36236360041936,0.307314074984635,0.229270933942108,0.147756172127853,12.9043799430223,12.339285390311,12.6218326666667,0.349283039582142,47.2061156607926,12.5761328,12.5016491481453,-0.552633187614238,-0.472945173334485
"3478930","2003-01-21",9.59008811336998,0.0585360142827887,0.208129676783642,0.195829741820131,12.906606728787,12.3096136045463,12.6081101666667,0.140230083152387,41.4719640207775,12.5639992,12.477873261726,-0.617999111953715,-0.501955961058331
"3478929","2003-01-22",10.2266066432367,0,0.121950029755808,0.186450213493851,12.917364473292,12.2566338600413,12.5869991666667,0.0168694165748562,38.6008506866292,12.5497328,12.4443794934958,-0.724396179146747,-0.546444004676014
"3478928","2003-01-23",11.4474231100974,0,0.0195120047609293,0.116530570433458,12.9266461172614,12.1835742160719,12.5551101666667,-0.0601344445946742,34.3604017192198,12.5257328,12.3940182276964,-0.902972050922568,-0.617749613925325
"3478927","2003-01-24",13.545489121817,0,-3.23815048849004e-16,0.0471540115055776,12.9572859157434,12.0587120842566,12.507999,-0.186520103728461,27.8970983794488,12.4853328,12.3085931306702,-1.2366507120699,-0.74152983355424
"3478926","2003-01-27",15.5026617069203,0,-3.23815048849004e-16,0.00650400158697499,12.9579261259043,11.954183207429,12.4560546666667,-0.111542380060575,27.8371697339945,12.448666,12.2341140465808,-1.4890788232817,-0.891039631499731
"3478925","2003-01-28",17.3200362502306,0.0610171559903598,0.0203390519967863,0.00677968399892732,12.9726684974127,11.8572188359207,12.4149436666667,-0.0114532309510386,30.7248212619162,12.4163992,12.1775655070367,-1.63284323231435,-1.03940035166266
"3478924","2003-01-29",18.2933773585157,0.128817385821648,0.0632781806040021,0.0278724108669281,12.9812147880398,11.7905618786269,12.3858883333333,0.111514268339746,33.8904453669063,12.385466,12.1374461060985,-1.68443528099146,-1.16840733752842
"3478923","2003-01-30",19.2333918153676,0.12324252379393,0.104359021868645,0.06265875148981,12.9761140594847,11.7269959405153,12.351555,0.134943784412039,33.6421210288969,12.353466,12.1013426252854,-1.71309933134051,-1.27734573629083
"3478922","2003-01-31",19.8887926518346,0.120438395760568,0.124166101792048,0.0972677680882306,12.9419183302422,11.6800803364245,12.3109993333333,0.175164850526311,33.4659817970319,12.317866,12.0691636085807,-1.72116228662318,-1.3661090463573
"3478921","2003-02-03",20.594680670797,0.0948945069142586,0.112858475489585,0.113794533050092,12.8896270530547,11.6413722802786,12.2654996666667,0.172478987797134,32.8187375655151,12.2775996,12.0381644607699,-1.72394466174849,-1.43767616943554
"3478920","2003-02-04",21.8455729929602,0,0.0717776342249418,0.10293407050219,12.8411823390504,11.5888166609496,12.2149995,0.111844334419541,28.8669713605343,12.2415996,11.9908531993339,-1.80913732206958,-1.51196839996235
"3478919","2003-02-05",22.2714347111836,0.0238163265306133,0.0395702778149569,0.0747354625098267,12.8001566578251,11.5467313421749,12.173444,0.183448231780628,30.2438073710631,12.2125332,11.9529621060894,-1.84084446638586,-1.57774361324705
"3478918","2003-02-06",23.2607639112018,0,0.00793877551020408,0.0397622291833664,12.7733174302243,11.4879039031091,12.1306106666667,0.137340572897542,26.5315114898681,12.1789332,11.8992338252775,-1.95064726294628,-1.6523243431869
"3478917","2003-02-07",25.460909621296,0,0.00793877551020408,0.0184826096117871,12.7733741854439,11.3462921478894,12.0598331666667,-0.0900523897768732,18.7337847446515,12.1177332,11.7868919819071,-2.34958848290265,-1.79177717113005
"3478916","2003-02-10",27.8990917803318,0,-3.49257659829997e-16,0.00529251700680139,12.7978201053912,11.1489572279422,11.9733886666667,-0.147619245928703,16.3858375103995,12.0417332,11.6597503843195,-2.79424951792695,-1.99227164048943
"3478915","2003-02-11",31.1416520794067,0,-3.49257659829997e-16,0.00264625850339991,12.9556149196223,10.776829413711,11.8662221666667,-0.238739768386134,10.6829470085192,11.9317332,11.4317836664103,-3.73383601326689,-2.34058451504492
"3478914","2003-02-12",34.1526009285477,0.0345879179129054,0.0115293059709681,0.00384310199032125,13.0322464844924,10.4901985155076,11.7612225,-0.0931775685316844,13.4970781520368,11.8313332,11.2444351775556,-4.39681861461508,-2.75183133495895
"3478913","2003-02-13",34.8954537257167,0.24077007902074,0.0917859989778814,0.0344384349829485,12.9927964212838,10.3578705787162,11.6753335,0.123940017339883,27.1460865109863,11.75,11.1385104872148,-4.57868619368585,-3.11720230670433
"3478912","2003-02-14",34.601515624697,0.475804071283756,0.250387356072467,0.117900887007104,12.8832444633269,10.3240892033398,11.6036668333333,0.301018911215813,38.9837325265835,11.684,11.1111530889195,-4.32649498815418,-3.3590608429943
"3478911","2003-02-18",34.0805613280198,0.493547591052273,0.403373913785589,0.248515756278645,12.7531100432126,10.3147796234541,11.5339448333333,0.33934847515916,39.7831658064421,11.6186668,11.0923326770636,-4.0539229613421,-3.49803326666386
"3478910","2003-02-19",33.5968180525338,0.544264826663651,0.50453882966656,0.386100033174871,12.6347575011372,10.3136881655295,11.4742228333333,0.381376730496826,41.7265119840801,11.5696004,11.0875776534551,-3.73207143746553,-3.5448409008242
"3478909","2003-02-20",33.147627868154,0.595082942758923,0.544298453491615,0.484070398981254,12.5282651728316,10.3190691605018,11.4236671666667,0.424406662393033,44.0450441460688,11.5226672,11.0972339663277,-3.36293984083982,-3.50846068882732
"3478908","2003-02-21",32.7305226969441,0.686439514509298,0.608595761310623,0.552477681489598,12.4384996997271,10.328612300273,11.383556,0.477776381173008,47.1151922762352,11.4800004,11.124269437484,-2.9346049502331,-3.39368954110848
"3478907","2003-02-24",32.7425705161275,0.603390502727962,0.628304319998727,0.593732844933654,12.3803321315569,10.3183358684431,11.349334,0.430812677718157,44.0767371940116,11.4270672,11.1259228458195,-2.68243498925481,-3.25143863073774
"3478906","2003-02-25",32.9629687394152,0.557627868427342,0.615819295221534,0.617573125510294,12.3233177134169,10.3053502865832,11.314334,0.414710879681181,42.4521148788013,11.3692008,11.1153557997102,-2.51883975594714,-3.10491885577963
"3478905","2003-02-26",33.2993978487022,0.535163868205606,0.56539407978697,0.603172565002409,12.2592942821623,10.2908183845043,11.2750563333333,0.390185938476297,41.4169338436624,11.3158676,11.0986416930822,-2.40289337559734,-2.96451375974317
"3478904","2003-02-27",33.0067783500872,0.660377358490567,0.584389698374505,0.588534357794335,12.1742360797098,10.2940985869569,11.2341673333333,0.431595073678168,41.6871508686566,11.2668008,11.0854894673379,-2.27782117956782,-2.8271752437081
"3478903","2003-02-28",32.4074461612666,0.780909368960154,0.658816865218775,0.602866881126749,12.0906046898234,10.3109519768432,11.2007783333333,0.515170562849936,45.7307697343171,11.230134,11.0940908716929,-2.04614061830923,-2.67096831862832
"3478902","2003-03-03",31.3681253935957,0.887197641653706,0.776161456368142,0.673122673320473,12.0088508540507,10.3395944792826,11.1742226666667,0.617282164057745,49.8117751768132,11.212534,11.1233227554671,-1.72398612768941,-2.48157188044054
"3478901","2003-03-04",30.0874907393188,0.842450421116895,0.836852477243585,0.757276932943499,11.9322927123768,10.3694856209566,11.1508891666667,0.653000862771892,49.7296659412467,11.194934,11.1482130547382,-1.45433832743506,-2.27612516983945
"3478900","2003-03-05",28.3637073020541,0.802740266465023,0.844129443078541,0.819047792230088,11.8938323612724,10.3857243053943,11.1397783333333,0.743279428975022,52.6731854053194,11.1796008,11.1853406474398,-1.14330817580021,-2.0495617710316
"3478899","2003-03-06",26.7630512531655,0.749993181880166,0.798394623154028,0.826458847825383,11.8479594282232,10.4077079051102,11.1278336666667,0.784632922389783,54.0794413119896,11.1638672,11.2250725611145,-0.846613455677592,-1.8089721079608
"3478898","2003-03-07",24.8919085777769,0.699563521186604,0.750765656510597,0.797763240914387,11.8339996140809,10.4143343859191,11.124167,0.828910640859051,54.8445040831209,11.1497336,11.2635068862992,-0.583662892074721,-1.56391026478358
"3478897","2003-03-10",24.3433850086686,0.682386792452829,0.710647831839866,0.753269370501496,11.9270867888419,10.3820245444914,11.1545556666667,0.934285200560794,59.668706095575,11.1438668,11.3234833014593,-0.230551730134976,-1.29723855785386
"3478896","2003-03-11",23.8340416944966,0.738990566037735,0.706980293225722,0.72279792719206,12.0214321795977,10.382012487069,11.2017223333333,0.894752079825968,61.01433633779,11.1413332,11.3834628612647,0.0894854289165581,-1.01989376049978
"3478895","2003-03-12",22.748533161087,0.622641509433962,0.681339622641508,0.699655915902364,12.0051684076067,10.5476095923933,11.276389,0.824934400627022,56.8179873939098,11.14,11.4190011464294,0.25199775476743,-0.765515457446336
"3478894","2003-03-13",21.9425677462631,0.820754716981131,0.727462264150942,0.705260726672723,11.970535014076,10.7475759859241,11.3590555,0.947775562435803,61.6540750815223,11.1461332,11.4778009935722,0.521802313410746,-0.508051903274919
"3478893","2003-03-14",21.2636833694958,0.896226415094339,0.779874213836477,0.729558700209641,12.0062433132311,10.8399790201023,11.4231111666667,0.965113699524114,63.3385194130761,11.1617332,11.5394275277626,0.781067647958111,-0.250227993028313
"3478892","2003-03-17",22.2314035355132,0.633556291390728,0.783512474488732,0.763616317492049,12.1136505129959,10.8362388203375,11.4749446666667,1.01367047165594,63.4825512184048,11.1973332,11.5937265240609,0.978311730439763,-0.00452004833469799
"3478891","2003-03-18",23.5335439044276,0.898000203999592,0.809260970161553,0.790882552828919,12.3191138762227,10.771886790444,11.5455003333333,1.15138229714103,72.927479013368,11.2638668,11.7141189875194,1.49498941491484,0.295381844315209
"3478890","2003-03-19",25.0923782894815,0.840952602479916,0.790836365956745,0.794536603535675,12.5107034869115,10.7252971797552,11.6180003333333,1.07739779597203,73.7687739691026,11.3682668,11.8269031225168,1.91925220011764,0.620155915475695
"3478889","2003-03-20",26.5398673613172,0.894505726361041,0.877819510946849,0.825972282355048,12.6850222049182,10.6964231284152,11.6907226666667,1.01312035629678,75.1684908222166,11.4738668,11.9388720395146,2.29531551910791,0.955187836202138
"3478888","2003-03-21",26.0496848366405,0.657143610673383,0.797533979838113,0.822063285580568,12.7809591967297,10.7128198032704,11.7468895,0.844809366132968,62.9583698781329,11.5481336,11.9879117675793,2.32032735349066,1.22821573965984
"3478887","2003-03-24",24.5734485073772,0.445235714285715,0.665628350440046,0.780327280408335,12.8088128922786,10.7772991077214,11.793056,0.665858584155963,55.9768513603726,11.5928004,11.9961901985687,2.14246536522755,1.41106566477338
"3478886","2003-03-25",23.4553384513718,0.188589634790894,0.43032298658333,0.631161772287162,12.7997936975989,10.8578739690678,11.8288338333333,0.514905954268539,48.8546553050422,11.6234672,11.9615875054262,1.77066450607146,1.482985433033
"3478885","2003-03-26",22.641729839714,0.111677098085797,0.248500815720802,0.448150717581391,12.7682460739268,10.9530882594066,11.8606671666667,0.409037936713149,47.2697725539245,11.6476004,11.9213758380361,1.40786577349943,1.46796150112629
"3478884","2003-03-27",22.0057708170904,0,0.100088910958897,0.259637571087675,12.7337263420869,11.0439413245798,11.8888338333333,0.369839162346334,46.4236186034039,11.6660004,11.8811923929646,1.08044514795886,1.3904582304928
"3478883","2003-03-28",21.4777368930037,0,0.0372256993619319,0.128605142013875,12.707648238771,11.1112417612291,11.909445,0.331217798354909,45.9804249403168,11.6780004,11.8437000739027,0.797775959384239,1.27192177627109
"3478882","2003-03-31",22.1546725217635,0,-3.79326200080262e-16,0.045771536773608,12.7130322919355,11.0999693747311,11.9065008333333,0.130896294465766,37.6039473177442,11.6792004,11.7534293973823,0.273384506946317,1.07221432240613
"3478881","2003-04-01",22.7832556056118,0.00602409638554204,0.00200803212851363,0.0130779104968137,12.724729367137,11.075494632863,11.900112,0.113221421177831,37.8851695702679,11.6844004,11.676528144398,-0.136582276340735,0.830455002656761
"3478880","2003-04-02",23.9465480210377,0,0.00200803212851363,0.00133868808567429,12.7610645155553,10.9979371511114,11.8795008333333,0.0547376879864494,33.6398998161671,11.6814672,11.5752137251449,-0.63766142690912,0.536831716743585
"3478879","2003-04-03",25.0267481210761,0.136125654450262,0.0473832502786009,0.017133104845208,12.7790120745455,10.9493232587879,11.8641676666667,0.154009836054434,40.7856481889652,11.688534,11.5220745617923,-0.846361835509135,0.260193006293041
"3478878","2003-04-04",27.1485427054126,0,0.0453752181500868,0.0315888335190658,12.8513213716619,10.7941252950048,11.8227233333333,-0.0155074968465331,31.5099984813752,11.6632008,11.38802062022,-1.46320142706275,-0.0844858803781183
"3478877","2003-04-07",29.1187805337252,0.242424242424243,0.126183298958168,0.0729805891289505,12.8604170404947,10.7148079595053,11.7876125,0.190402208296489,43.2940442360343,11.6537344,11.3465072041906,-1.54132771808912,-0.37585424792032
"3478876","2003-04-08",30.8985883022987,0.268612070966527,0.170345437796923,0.113967984968391,12.8594736806473,10.6470849860194,11.7532793333333,0.232842605173673,44.2773025251087,11.6465344,11.3176395769652,-1.54816828543891,-0.610317055424038
"3478875","2003-04-09",31.6242228677602,0.288888888888889,0.266641734093219,0.187723490282769,12.8560299879149,10.6005290120851,11.7282795,0.287951248174163,44.9837083389013,11.6361344,11.2975103000365,-1.51040667661784,-0.790334979662798
"3478874","2003-04-10",32.0173622535897,0.45112866753509,0.336209875796835,0.257732349228991,12.836456929642,10.5664357370247,11.7014463333333,0.353991230972667,47.8936089759729,11.629468,11.3000649266983,-1.35767638377114,-0.903803260484467
"3478873","2003-04-11",31.684993254039,0.51789582714911,0.419304461191029,0.34071869036036,12.8087934685614,10.5409881981052,11.6748908333333,0.393974950230932,48.2863582477055,11.6224016,11.3049456031385,-1.20837055434783,-0.964716719257139
"3478872","2003-04-14",30.3295695323828,0.730581870344345,0.566535455009515,0.440683263999125,12.7649197415497,10.536083925117,11.6505018333333,0.496783746946654,51.8677266282741,11.6146684,11.3336195227201,-0.948272458330279,-0.961427867071767
"3478871","2003-04-15",28.9080712015529,0.927060833227451,0.725179510240302,0.570339808813614,12.6568806770346,10.5752336562988,11.6160571666667,0.619321942765716,57.2580083750467,11.6169352,11.3998035863574,-0.51647111782982,-0.872436517223378
"3478870","2003-04-16",27.8156483061817,0.871196419663746,0.842946374411847,0.71155377988722,12.5078803836883,10.6411229496451,11.5745016666667,0.630321341646627,55.6698286390256,11.621202,11.4473857748431,-0.224872096592277,-0.742923633097158
"3478869","2003-04-17",26.0569610315587,0.804127027327947,0.867461426739715,0.81186243713062,12.3292720056122,10.7408423277212,11.5350571666667,0.743741458659165,56.7274498481692,11.6194688,11.4966236715307,0.046963919517129,-0.5849461225743
"3478868","2003-04-21",24.3126268881072,0.884614917469302,0.853312788153665,0.854573529768408,12.2267728427688,10.8010074905645,11.5138901666667,0.866661432653299,59.4478699042769,11.620802,11.5601845153266,0.36656722626196,-0.394643452807048
"3478867","2003-04-22",22.7244440340473,0.854368366479093,0.847703437092114,0.856159217328496,12.2131156481863,10.8083310184804,11.5107233333333,0.895747496266674,59.6223680771654,11.6222684,11.616603913283,0.61804125514906,-0.192106511215827
"3478866","2003-04-23",21.7374976301536,0.899097297297298,0.879360193748564,0.860125472998113,12.2881049695204,10.7717860304796,11.5299455,0.969741434334328,62.994939332613,11.6096016,11.691723391512,0.940776760306394,0.0344701430886175
"3478865","2003-04-24",20.9992744126553,0.885963157894737,0.879809607223709,0.868957746021461,12.381086684108,10.7364709825587,11.5587788333333,0.933806207327264,63.3303704686403,11.5952016,11.759493605977,1.1940733607108,0.266390786613054
"3478864","2003-04-25",19.9551405202369,0.77860447761194,0.854554977601324,0.871241592857864,12.4506543912329,10.7186809421005,11.5846676666667,0.847579808629026,60.9504426195443,11.5733348,11.8075611251801,1.32302882413615,0.477718394117674
"3478863","2003-04-28",18.6059776182125,0.702068129357177,0.788878588287951,0.841081057704327,12.5040632938359,10.7123830394975,11.6082231666667,0.780678894638495,58.3903462938628,11.5624012,11.8376636418228,1.34967067422762,0.652108850139663
"3478862","2003-04-29",18.19091943136,0.865827168745158,0.782166591904758,0.808533385931343,12.6035305981483,10.7183600685184,11.6609453333333,0.873765302532963,63.5852327306772,11.572668,11.9001978229131,1.53776567859873,0.829240215831478
"3478861","2003-04-30",17.6199824968878,0.814290367373527,0.794061888491954,0.788369022894886,12.6788347634722,10.7485005698611,11.7136676666667,0.812382350853612,62.358308433472,11.593868,11.949060779858,1.63918063132338,0.991228298929858
"3478860","2003-05-01",16.8684858208828,0.770350409014006,0.816822648377564,0.797683709591424,12.7184534079406,10.8236595920594,11.7710565,0.748663907061676,60.8822130390282,11.616268,11.9851860092102,1.6678114276619,1.12654492467627
"3478859","2003-05-02",16.352136532695,0.792386824867905,0.792342533751813,0.801075690207109,12.7644306530357,10.8844596802977,11.8244451666667,0.752366396545487,62.1901343150865,11.6428012,12.0249385413155,1.71246826920677,1.24372959358237
"3478858","2003-05-05",15.9421287461543,0.266052899567885,0.609596711149932,0.739587297759768,12.6985780980483,11.0818675686184,11.8902228333333,0.616009532887419,52.2816694833211,11.6568012,12.0149467358068,1.50668046799385,1.29631976846466
"3478857","2003-05-06",15.5867208549093,0.256873916274461,0.43843788023675,0.61345904171283,12.6610579907415,11.2049426759252,11.9330003333333,0.531512843018972,52.1027811990963,11.6878676,12.0053978376992,1.32391578155,1.30183897108173
"3478856","2003-05-07",15.7632033951432,0.148297866931075,0.223741560924473,0.423925384103717,12.6240993161934,11.3413453504733,11.9827223333333,0.635599658740753,51.8165219291112,11.718134,11.9957887926727,1.15904075248505,1.2732793273624
"3478855","2003-05-08",15.1478728513292,0,0.135057261068512,0.26574556740991,12.5638873684342,11.4637789648991,12.0138331666667,0.371273443406472,46.3336303074531,11.7508004,11.960794286983,0.883533621445687,1.19533018617905
"3478854","2003-05-09",15.7379095823251,0.417632183908045,0.188643350279707,0.182480724090896,12.5310178738703,11.5853151261297,12.0581665,0.709900521569022,55.5380745029736,11.7876004,11.9789110487186,0.899716791718852,1.13620750728701
"3478853","2003-05-12",16.5686077919096,0.627587491077617,0.348406558328554,0.224035723225589,12.5187845771097,11.7001037562236,12.1094441666667,0.928195976246179,60.4324936573843,11.8605336,12.0270562422228,1.06343217056075,1.12165243994176
"3478852","2003-05-13",17.4092865501653,0.839465419848094,0.628228364944585,0.388426091184281,12.5674919938886,11.7493963394447,12.1584441666667,1.06825771429218,64.4194577009845,11.9202668,12.0994487432597,1.330125975523,1.16334714705801
"3478851","2003-05-14",18.40172628901,0.843558762089687,0.770203891005132,0.582279604759423,12.6511649286861,11.7499457379806,12.2005553333333,1.06158517101383,65.7135722268271,11.9810668,12.1728555774918,1.57394846872982,1.24546741139237
"3478850","2003-05-15",18.7424606650077,0.720862819439203,0.801295667125661,0.733242641025125,12.6838083038207,11.794302362846,12.2390553333333,0.892043100110751,61.686644184333,12.0350668,12.2186975004929,1.65782697011443,1.32793932313678
"3478849","2003-05-16",19.2273587247677,0.822089502792937,0.795503694773942,0.789001084301577,12.7366554603539,11.8174552063128,12.2770553333333,0.940783167997091,63.6649526644985,12.0874668,12.2730938337605,1.77498563193303,1.41734858489603
"3478848","2003-05-19",19.1766357512186,0.717789209235554,0.753580510489231,0.783459957462944,12.7726248150567,11.83848585161,12.3055553333333,0.822337480591737,60.21492050351,12.1345332,12.3051253225924,1.77184215372466,1.48824729866176
"3478847","2003-05-20",17.9888691598676,0.447854454434189,0.662577722154226,0.737220642472465,12.7720815993637,11.8640294006363,12.3180555,0.498470535795976,52.3136694022002,12.1625332,12.2937752795801,1.55890746481646,1.5023793318927
"3478846","2003-05-21",17.477673571399,0.168717273873392,0.444786979181045,0.620315070608166,12.7797258356803,11.8323851643198,12.3060555,0.179278874166429,45.6438030000572,12.166,12.2434945756361,1.17725616397029,1.43735469830822
"3478845","2003-05-22",16.8589716039468,0.239263069745185,0.285278266017589,0.464214322450952,12.7807247513165,11.8108302486835,12.2957775,0.263774136213081,47.4667512656999,12.1754664,12.2101392988846,0.914359730505798,1.33275570474773
"3478844","2003-05-23",16.2844626341697,0.334360937543136,0.247447093720571,0.3258374463064,12.7812697386414,11.803507594692,12.2923886666667,0.32255534463026,49.9056745420296,12.1866664,12.1950100590333,0.765395802178537,1.21928372423389
"3478843","2003-05-27",16.188944823748,0.208591384689004,0.260738463992441,0.264487941243532,12.7840441051684,11.7933998948316,12.288722,0.246684702020286,46.8104235547719,12.1861332,12.1636753844956,0.550367517085215,1.08550048280416
"3478842","2003-05-28",16.236595196468,0.168717273873392,0.237223198701844,0.248469585471617,12.781047894667,11.7578407719996,12.2694443333333,0.217123743973302,45.8397168155498,12.1834668,12.1307413332295,0.346892631195983,0.937778912482523
"3478841","2003-05-29",15.1883032717446,0.0442806062014999,0.140529754921299,0.212830472538526,12.7749502338831,11.7419384327836,12.2584443333333,0.343395464445648,46.9337237459626,12.1745336,12.1075318221322,0.209613475662462,0.792145825118511
"3478840","2003-05-30",14.4307935949779,0.0774910608526233,0.0968296469758383,0.158194200199659,12.7725667199998,11.7358776133336,12.2542221666667,0.406970984795228,47.7855978246303,12.1660004,12.0914169125146,0.119341667980266,0.657584993690862
"3478839","2003-06-02",14.3391076376211,0.553507577518736,0.225093081524286,0.154150827807139,12.7943247794841,11.7348978871826,12.2646113333333,0.728480764860344,58.154589135461,12.1778672,12.134783990846,0.330697021764492,0.592207399305588
"3478838","2003-06-03",14.2539706772183,0.586718032169859,0.405905556847073,0.242609428449064,12.8157690393434,11.7542316273233,12.2850003333333,0.688930066017811,58.7697652861078,12.1944008,12.1763687920665,0.51140302902517,0.576046525249505
"3478837","2003-06-04",13.6944841755002,0.475281180845482,0.538502263511359,0.389833633960904,12.8202018059912,11.7924655273421,12.3063336666667,0.59654195217967,55.452938042369,12.1954672,12.1972969531243,0.572367784727024,0.575310777145008
"3478836","2003-06-05",13.1749609953335,0.539924257979149,0.533974490331497,0.492794103563308,12.8310420966461,11.8081812366873,12.3196116666667,0.600318303968338,56.7667742435303,12.2004004,12.2229906927077,0.650372861432746,0.590323194002556
"3478835","2003-06-06",12.6241274714429,0.304177218077704,0.439794218967445,0.504090324270099,12.8104015059237,11.8732661607429,12.3418338333333,0.473141019459518,50.8739130458776,12.1989336,12.2177026003467,0.569032189096563,0.586064993021358
"3478834","2003-06-09",12.1126391992587,0.493506493506495,0.445869323187782,0.473212677495573,12.813554078956,11.879668921044,12.3466115,0.506009125732195,53.7117855242236,12.1994672,12.2282315869671,0.572792855188164,0.583410565454719
"3478833","2003-06-10",11.6962203811606,0.51948051948052,0.439054743688239,0.441572761947821,12.8109716800042,11.8794736533291,12.3452226666667,0.593398659122447,54.2144069734338,12.214134,12.2400233753715,0.582174112949607,0.583163274953697
"3478832","2003-06-11",12.1924510377793,0.60333,0.538772337662338,0.474565468179452,12.8160226506955,11.8773116826379,12.3466671666667,0.82550612176071,59.0792649291949,12.2372008,12.2773535919887,0.715000436467395,0.609530707256436
"3478831","2003-06-12",12.9126180882563,0.73230686863652,0.618372462705679,0.532066514685417,12.838077025107,11.8652573082264,12.3516671666667,0.96771204582386,63.0320525636137,12.2682676,12.3350397797235,0.933195123819996,0.674263590569148
"3478830","2003-06-13",14.0682920016746,0.605328,0.646988289545506,0.60137769663784,12.8857800771363,11.8425539228638,12.364167,0.95398561445857,61.7914562716372,12.3058676,12.380145142427,1.06853542127467,0.753117956710254
"3478829","2003-06-16",14.8057515436464,0.552,0.629878289545506,0.631746347265562,12.9046130342302,11.8337209657698,12.369167,0.885712384560975,59.4989150243833,12.3262676,12.4103484567701,1.11872188670805,0.826238742709813
"3478828","2003-06-17",15.3702251605162,0.517900826446281,0.558409608815426,0.611758729302145,12.9081052476954,11.8326734189713,12.3703893333333,0.742433466913449,58.6780260007516,12.3360008,12.4334126625341,1.12989167511293,0.886969329190436
"3478827","2003-06-18",15.7155863136145,0.477398305084746,0.515766377177009,0.568018091845979,12.9305840013165,11.8384169986835,12.3845005,0.696297360644601,57.4588910349282,12.3352008,12.4489576408629,1.10415444163929,0.930406351680207
"3478826","2003-06-19",15.6576110043199,0.301696259686376,0.432331797072467,0.502169261021633,12.9333663973539,11.8908566026461,12.4121115,0.636528053794653,54.8799727072332,12.3284008,12.4530966220812,1.02648191321335,0.949621463986836
"3478825","2003-06-20",16.9766149851967,0.29152683710619,0.35687380062577,0.434990658291747,12.9527535787792,11.9339140878875,12.4433338333333,0.743194505986222,54.5036223273515,12.326534,12.4553504058037,0.94751483919735,0.949200139028939
"3478824","2003-06-23",18.2014043960109,0.728812008054183,0.440678368282249,0.409961321993494,13.0180180388054,11.9523162945279,12.4851671666667,0.941389443646747,65.469329078206,12.3374672,12.5146370183632,1.14931073711386,0.989222258645924
"3478823","2003-06-24",18.1464562146676,0.491528870990705,0.503955905383692,0.433836024763902,13.036622450754,12.0132678825793,12.5249451666667,0.801353518702767,57.3866148663582,12.3436008,12.5349080825814,1.14472564460548,1.02032293583784
"3478822","2003-06-25",18.0954329034203,0.542375983891635,0.587572287645508,0.510735520437148,13.033186906831,12.1037034265023,12.5684451666667,0.802918957276231,58.5670689446744,12.3634676,12.5591430049039,1.15958676060532,1.04817570079133
"3478821","2003-06-26",17.7964081155961,0.425287356321839,0.486397403734726,0.525975198921307,13.0131561568448,12.1847341764886,12.5989451666667,0.630036184321189,56.8704875630843,12.3934676,12.5734799375834,1.12602317699371,1.06374519603181
"3478820","2003-06-27",18.7224433892287,0.462741176470589,0.476801505561354,0.516923732313861,13.0102030818926,12.2580202514407,12.6341116666667,0.801786113885293,58.0057961611621,12.4221344,12.5916826125723,1.11419179272956,1.07383451537136
"3478819","2003-06-30",18.9640287012999,0.162673862804484,0.350234131865637,0.437811013720571,13.0164603856692,12.2714289476641,12.6439446666667,0.579708493231282,53.566610492124,12.4416008,12.590568930896,1.01189831716377,1.06144727572984
"3478818","2003-07-01",19.1883579196518,0.358849957655705,0.328088332310259,0.385041323245749,13.026988140251,12.2892345264157,12.6581113333333,0.650156725211764,57.3584424660554,12.4720008,12.6078264067765,1.00671070665108,1.05049996191409
"3478817","2003-07-02",20.0248932632889,0.320567844172993,0.280697221544394,0.319673228573428,13.0351191901682,12.3226591431652,12.6788891666667,0.699619380667839,56.3906980533459,12.5030672,12.619226885873,0.974153703878922,1.03523071030706
"3478816","2003-07-03",20.8016760823804,0.320567844172993,0.33332854866723,0.31403803417396,13.033969269845,12.3583643968217,12.6961668333333,0.60599366018908,56.3906980533459,12.5325336,12.6291073010899,0.93745384704127,1.0156753376539
"3478815","2003-07-07",22.1104360253507,0.550231817072645,0.39712250180621,0.337049424005943,13.0340760435624,12.4212576231042,12.7276668333333,0.857359525577324,60.9721608370727,12.5672,12.6590036609446,0.998785243180489,1.01229731875922
"3478814","2003-07-08",23.7230695090472,0.636002544010175,0.502267401751938,0.410906150741791,13.0617231811328,12.4684991522005,12.7651111666667,1.06639451024609,64.6394873137131,12.5905332,12.7044698394853,1.12710099325393,1.03525805365816
"3478813","2003-07-09",25.2879584637178,0.814671099116212,0.666968486733011,0.522119463430385,13.1243805912915,12.4852857420419,12.8048331666667,1.16004313313113,68.4165311333714,12.6195996,12.7669845275539,1.32214369329289,1.0926351815851
"3478812","2003-07-10",25.7422910259599,0.613901984177545,0.688191875767977,0.619142588084307,13.162481426411,12.4916292402557,12.8270553333333,0.901893798510945,61.3583641884092,12.6462664,12.7980532572134,1.35050245941593,1.14420863715127
"3478811","2003-07-11",26.0715780520517,0.533333333333334,0.653968805542363,0.669709722681116,13.1881860107274,12.4902576559393,12.8392218333333,0.802000673689911,60.709676965394,12.6699996,12.8227568229183,1.34649597717629,1.18466610515627
"3478810","2003-07-14",24.7619153676054,0.0933333333333337,0.413522883614737,0.585227854975025,13.1860879500951,12.4854667165716,12.8357773333333,0.404526635125976,49.5433579064023,12.6887996,12.8001665798625,1.12260683008409,1.17225425014184
"3478809","2003-07-15",23.8712704607394,0,0.208888888888889,0.425460192681995,13.2061210335228,12.4332112998106,12.8196661666667,0.0346595456377199,39.8869749432818,12.6869328,12.7268110358808,0.682165409579194,1.07423648202931
"3478808","2003-07-16",22.9136985899931,0.120000369231906,0.071111234188413,0.231174335564012,13.2108413959324,12.4211576040677,12.8159995,0.173004769765371,43.6961805000354,12.689466,12.6805695644301,0.409751698797756,0.941339525382998
"3478807","2003-07-17",22.1883743189766,0.0738463810657879,0.0646155834325644,0.114871902169954,13.2225525517448,12.3962241149219,12.8093883333333,0.0852476431957526,42.5786257686455,12.681866,12.6338269558394,0.159506227103012,0.784972865727001
"3478806","2003-07-18",21.7677990837581,0.00307385561186347,0.0656402019698522,0.0671223398636085,13.2515778629972,12.3430874703362,12.7973326666667,-0.0327548541807031,40.8532180401526,12.6635992,12.5830940283941,-0.0876359145719263,0.610451109667215
"3478805","2003-07-21",22.6051414773014,0,0.0256400788925502,0.0519652880983209,13.3329357423605,12.1931742576395,12.763055,-0.164611274804393,32.4739068486051,12.628666,12.4786814912749,-0.570636133019464,0.374233661129879
"3478804","2003-07-22",23.5895766482182,0,0.00102461853728753,0.0307682997998953,13.3960358322412,12.0188521677588,12.707444,-0.127445238873113,31.0613875539099,12.592666,12.3757466257716,-1.00654609289204,0.0980777103254964
"3478803","2003-07-23",24.5932331006917,0,-2.94324749757398e-16,0.00888823247661117,13.4423320324594,11.8716669675407,12.6569995,-0.0300638894495642,30.4500635339157,12.5559996,12.2812030756687,-1.36649386650386,-0.194836605040375
"3478802","2003-07-24",25.52519980656,0.048000192000768,0.0160000640002557,0.00567489417917968,13.4614173347956,11.7523593318711,12.6068883333333,0.0558323169638388,33.2784041626726,12.5238664,12.2099319989129,-1.58393250936729,-0.472655785905758
"3478801","2003-07-25",25.2780661111857,0.135996543986176,0.0613322453289812,0.0257774364430776,13.4627241455598,11.6823851877735,12.5725546666667,0.189633259114278,38.2371165022843,12.5003996,12.1677183990578,-1.64185676116574,-0.706495980957754
"3478800","2003-07-28",23.6281206142264,0.25999903999616,0.147998591994368,0.0751103004412003,13.4320636554592,11.6546013445408,12.5433325,0.349973846592811,44.4970406643291,12.4855996,12.1586892791835,-1.53329089195268,-0.871854963156739
"3478799","2003-07-29",22.1808996832258,0.583159308335335,0.32638496410589,0.178571933809745,13.4283664860674,11.6537431805993,12.5410548333333,0.565772737782528,56.3350432941109,12.4741328,12.219308041959,-1.09417702820473,-0.916319376166338
"3478798","2003-07-30",20.7527351615437,0.549450766816558,0.464203038382684,0.312862198160979,13.4120357175875,11.6495182824125,12.530777,0.51847149576145,53.616157862045,12.467466,12.2567336363645,-0.812408620881044,-0.895537225109279
"3478797","2003-07-31",19.6787120799689,0.570001425003562,0.567537166718485,0.452708389735685,13.3844469562975,11.6416630437025,12.513055,0.47338453742613,51.8716854155839,12.455866,12.2793918181825,-0.63036329360211,-0.842502438807845
"3478796","2003-08-01",19.346223296213,0.443849967112124,0.521100719644081,0.517613641581749,13.3575519655973,11.6216693677361,12.4896106666667,0.390130434568748,47.2096101848131,12.4379992,12.2714729090915,-0.614892772570463,-0.796980505560369
"3478795","2003-08-04",19.0374837112968,0.534756870357596,0.516202754157761,0.534946880173441,13.3035888956433,11.6162991043568,12.459944,0.436813462304701,49.8703111065119,12.4229324,12.2797205212127,-0.522116235428771,-0.742007651534049
"3478794","2003-08-05",19.8890634243534,0.231481481481481,0.403362772983734,0.480222082261857,13.2146929421743,11.6006397244924,12.4076663333333,0.281847548265862,41.5740067281471,12.396266,12.231313785051,-0.714708509288975,-0.736547823085035
"3478793","2003-08-06",20.7889038123251,0.188268518518518,0.318168956785865,0.412578161309118,13.0804747812623,11.607302552071,12.3438886666667,0.233378990668117,40.7561514848851,12.362266,12.1831386137108,-0.889005951420141,-0.767039448752056
"3478792","2003-08-07",21.9028065910327,0.0771574074074075,0.165635802469135,0.295722510746243,12.9595676304529,11.6063207028804,12.2829441666667,0.200596031851471,38.6507238425694,12.3245328,12.1253867985494,-1.09541832944758,-0.832715224891162
"3478791","2003-08-08",22.9914015213009,0.055555555555556,0.106993827160494,0.196932862138497,12.8323385189129,11.6056614810872,12.219,0.134878087014201,38.2371520908944,12.2858664,12.0722245587428,-1.26153702599915,-0.918479585112759
"3478790","2003-08-11",23.7225235377377,0.117277777777777,0.0833302469135801,0.118653292181068,12.7524847594307,11.5919595739027,12.1722221666667,0.207983789673219,40.2058855746566,12.2434664,12.0350386175771,-1.33433267102391,-1.00165020229499
"3478789","2003-08-12",23.9650890183869,0.0163333333333332,0.0630555555555554,0.0844598765432084,12.723597223981,11.5576247760191,12.140611,0.231696633243621,39.196637781506,12.1931996,11.9961441352335,-1.41015159449888,-1.08335048073577
"3478788","2003-08-13",24.2712805652906,0,0.0445370370370367,0.063640946502056,12.6716938538625,11.5319728128042,12.1018333333333,0.219571729847835,38.6396872751971,12.1349332,11.9588809172024,-1.47206906432151,-1.16109419745292
"3478787","2003-08-14",24.7116593786585,0,0.00544444444444429,0.0376790123456774,12.6331808524449,11.4938194808884,12.0635001666667,0.180964404790405,37.5617146330929,12.0816,11.9199194615754,-1.53804487178619,-1.23648433231957
"3478786","2003-08-15",23.8993503025361,0.00925925925925906,0.00308641975308623,0.0176893004115211,12.6070377642528,11.4669632357472,12.0370005,0.277502411473166,37.9346538009265,12.0293336,11.887486200032,-1.56630064263227,-1.30244759438211
"3478785","2003-08-18",23.1450633032796,0.130290326678589,0.0465165286459494,0.0183491309478253,12.6049169688613,11.4540840311387,12.0295005,0.348853966868922,42.4964424267764,11.9952004,11.8758213733611,-1.48818361142544,-1.33959479779078
"3478784","2003-08-19",23.0477785850525,0,0.0465165286459494,0.0320398256816603,12.6073445822999,11.4431007510335,12.0252226666667,0.270286378605261,38.4643852203822,11.9706672,11.8439345235796,-1.52017543073554,-1.37571092437973
"3478783","2003-08-20",21.51274601907,0.386170731707316,0.172153686128635,0.0883955811401765,12.61261703578,11.4626056308866,12.0376113333333,0.530094194300499,48.6390300082694,11.9536004,11.8585205871023,-1.31488970907951,-1.36354668131969
"3478782","2003-08-21",20.4070313229608,0.655736294001205,0.34730234190284,0.188657518892473,12.6344858749712,11.4822921250288,12.058389,0.677873151406674,54.2171264571876,11.9472004,11.9000511754887,-0.993544698345039,-1.28954628472476
"3478781","2003-08-22",19.8581468962662,0.647888365411024,0.563265130373181,0.360907052801551,12.6660013809679,11.4848879523655,12.0754446666667,0.741861049426343,56.1123942315093,11.9470672,11.9467110187568,-0.677407035620348,-1.16711843490388
"3478780","2003-08-25",18.9644425141116,0.249994718272663,0.517873125894964,0.476146866056994,12.6460421567096,11.4786248432905,12.0623335,0.458977679946838,46.3775119317579,11.9500004,11.9369268829226,-0.673697640541748,-1.06843427603145
"3478779","2003-08-26",18.6233493333619,0.0845076373777281,0.327463573687138,0.469533943318426,12.5436986665145,11.5006353334856,12.022167,0.339204075129059,43.0335533709032,11.9504004,11.9075592985329,-0.768055507209031,-1.00835852226697
"3478778","2003-08-27",18.3066199512371,0.232396002788751,0.188966119479714,0.344767606353937,12.4497309083266,11.5301587583401,11.9899448333333,0.422730551012886,46.7300501002163,11.9580004,11.9007740587285,-0.739738580062577,-0.954634533826088
"3478777","2003-08-28",18.3502867876238,0.119715631800223,0.145539757322234,0.220656483496361,12.3666140231097,11.5518309768903,11.9592225,0.368677720820101,44.3677372165859,11.9581336,11.8806708508981,-0.780762288666215,-0.919860084794114
"3478776","2003-08-29",18.3908345642685,0.34154817991676,0.231219938168578,0.188575271656841,12.3200570912069,11.5664989087932,11.943278,0.548731472707738,49.753068227457,11.9608004,11.8912480707783,-0.663168820469928,-0.868521831929276
"3478775","2003-09-02",18.0535641998258,0.230260625857321,0.230508145858101,0.20242261378297,12.2709451069484,11.5932778930516,11.9321115,0.792014274767789,47.6252672618305,11.9516004,11.8884149946745,-0.623838226442797,-0.81958511083198
"3478774","2003-09-03",17.989837402668,0.737159326765337,0.436322710846472,0.299350264957716,12.3866486177668,11.5266853822332,11.956667,1.18607545333098,59.6126986742257,11.9450672,11.9632929953846,-0.198042145538857,-0.695276517773356
"3478773","2003-09-04",17.8372110019936,0.716014247777183,0.561144733466613,0.409325196723728,12.4709236310904,11.4957440355763,11.9833338333333,1.01386722572792,59.0274642406854,11.942134,12.025076596,0.12048549780852,-0.532124114656981
"3478772","2003-09-05",16.6233817006497,0.419937824585572,0.624370466376031,0.540612636896371,12.5061996716857,11.501467994981,12.0038338333333,0.782605634834365,51.4159944940469,11.9290672,12.0350663832,0.151482970401418,-0.395402697645301
"3478771","2003-09-08",15.4962544922588,0.425983160069969,0.520645077477575,0.568720092440071,12.5282264313539,11.5266635686461,12.027445,0.715554784133032,51.5533605158359,11.924534,12.0446135321067,0.178425169380403,-0.28063712424016
"3478770","2003-09-09",14.3900043149095,0.465793048185824,0.437238010947122,0.527417851600241,12.5576667440604,11.544556589273,12.0511116666667,0.752244699610461,53.3970057655031,11.918934,12.0644423944924,0.25474437119779,-0.17356082515257
"3478769","2003-09-10",14.0967766371631,0.260580653357177,0.38411895387099,0.447334014098561,12.5610685675758,11.5683767657575,12.0647226666667,0.535533687228379,48.5731404061116,11.9216004,12.0536274085601,0.172794335506121,-0.104289793020832
"3478768","2003-09-11",13.6882645106021,0.260580653357177,0.328984784966726,0.383447249928278,12.5604860703761,11.6018479296239,12.081167,0.531234934984426,48.5731404061116,11.9261336,12.0442544207521,0.106579158122311,-0.0621160027922034
"3478767","2003-09-12",13.0849894787814,0.332248639246382,0.284469981986912,0.332524573608208,12.5525753658574,11.6575363008093,12.1050558333333,0.581252505624146,50.3884554171224,11.9384004,12.0459098313185,0.102022445167993,-0.0292883132001641
"3478766","2003-09-15",12.6158478213069,0.309440747363997,0.300756679989185,0.30473714898094,12.5425297745287,11.6964702254713,12.1195,0.444117408694587,49.7861521956641,11.9506668,12.044232520476,0.0818383417624302,-0.00706298220764526
"3478765","2003-09-16",12.1141776543642,0.279464646464646,0.307051344358341,0.297426002111478,12.5388823105155,11.7282290228178,12.1335556666667,0.503841757481997,49.6039479702634,11.9600004,12.0418908510792,0.0606806652645675,0.00648574728679729
"3478764","2003-09-17",12.3944275959791,0.343434343434343,0.310779912420995,0.306195978922839,12.5272950358296,11.7889272975038,12.1581111666667,0.622945286774239,51.4244353866568,11.9738672,12.0483054042687,0.0853451083760115,0.0222576195046401
"3478763","2003-09-18",13.0764432280947,0.651344827586206,0.424747939161732,0.347526398647021,12.5802428635354,11.7812021364646,12.1807225,0.930171022604473,59.9526222193567,12.0026672,12.1000873503662,0.332547621260004,0.084315619855713
"3478762","2003-09-19",14.8110861655703,0.606864398059098,0.533881189693216,0.423136347091979,12.6899534747932,11.7253805252068,12.207667,1.11639333094326,63.8912891035771,12.0414672,12.1716317036507,0.652498879741881,0.197952271832947
"3478761","2003-09-22",16.4218260360834,0.71304347826087,0.657084234635391,0.538571121163445,12.7969583107368,11.6708200225965,12.2338891666667,1.07867153042351,66.8197590263735,12.0865336,12.2558581431639,1.00216185541739,0.358794188549836
"3478760","2003-09-23",17.0362545717333,0.550730434782607,0.623546103700858,0.60483717600982,12.8598471890349,11.6781538109652,12.2690005,0.878837275648656,60.8657894581291,12.1192004,12.3039663907421,1.14129295144669,0.515293941129207
"3478759","2003-09-24",17.81997420908,0.657973913043478,0.640582608695652,0.640404315677299,12.9235669246599,11.7115450753401,12.317556,0.9191349082954,63.1990482423072,12.1633336,12.3621042053098,1.31577247255967,0.675389647415301
"3478758","2003-09-25",17.6360869229397,0.478260869565216,0.562321739130434,0.608816817175647,12.9499586519908,11.7598196813426,12.3548891666667,0.761031841094532,57.0596114351947,12.1865336,12.3849343112685,1.30337025777061,0.800985769486362
"3478757","2003-09-26",16.7139838928148,0.310147826086956,0.482127536231883,0.561677294685988,12.9320924359026,11.8344635640974,12.383278,0.533455752616628,51.9732804277364,12.1933336,12.378943069766,1.15428791733267,0.871646199055625
"3478756","2003-09-29",16.8185221703244,0.313043478260869,0.36715072463768,0.470533333333331,12.9303458905641,11.8912097761026,12.4107778333333,0.614728794114808,52.0525617499144,12.1970668,12.3741946604639,1.0265103710152,0.90261903344754
"3478755","2003-09-30",16.9155934280119,0.426086956521739,0.349759420289855,0.399679227053138,12.9445005212329,11.9250548121005,12.4347776666667,0.671876735004464,55.1642508168446,12.2210668,12.3874127057354,0.998414920576174,0.921778210873267
"3478754","2003-10-01",17.3229742664675,0.487954746715342,0.40902839383265,0.375312846253394,12.9646691435186,11.9212198564815,12.4429445,0.755938488483365,57.3066488383671,12.2550668,12.411313678304,1.02487391926365,0.942397352551343
"3478753","2003-10-02",17.7012564736049,0.638552039470118,0.517531247569066,0.425439687230522,13.0066770684833,11.9127669315167,12.459722,0.829345761129612,60.899250558381,12.2901332,12.4542491878635,1.140342280081,0.981986338057274
"3478752","2003-10-03",18.0830491064781,0.774095024668824,0.633533936951428,0.52003119278438,13.0678624018832,11.9151369314502,12.4914996666667,0.874616805483724,63.8479237239287,12.3354664,12.511459962815,1.31255312422789,1.0480996952914
"3478751","2003-10-06",18.4808458656511,0.798721401665819,0.73712282193492,0.629396002151803,13.1251216086817,11.9289883913183,12.527055,0.857308305738232,64.6142666832246,12.3739996,12.566375967773,1.45646309815708,1.12977237586453
"3478750","2003-10-07",17.6812808330953,0.423864197530864,0.665560207955169,0.678738988947171,13.1574743746057,11.9498579587276,12.5536661666667,0.736184682693797,56.8302236846683,12.4065328,12.5819698387366,1.39959630852615,1.18373716239686
"3478749","2003-10-08",17.003745552144,0.600808061257817,0.607797886818167,0.670160305569418,13.1851882532787,12.006811413388,12.5959998333333,0.797587456572206,60.1346866517178,12.4219996,12.6159298602384,1.43582274794103,1.23415427950569
"3478748","2003-10-09",16.6656126375019,0.640744444444444,0.555138901077708,0.609498998617014,13.2148078911791,12.0685254421543,12.6416666666667,0.833931659099942,61.7784837655248,12.4415996,12.6560285455399,1.49762843001298,1.28684910960715
"3478747","2003-10-10",15.8858575479893,0.31481111111111,0.518787872271124,0.560574886722332,13.2035983144031,12.1368456855969,12.670222,0.573742182153971,53.1279642450803,12.4625328,12.6516687394679,1.34382711781587,1.29824471124889
"3478746","2003-10-13",14.8082808912951,0.362966666666667,0.439507407407407,0.504478060252079,13.1665128993906,12.2472647672761,12.7068888333333,0.607335364507466,54.1494948275587,12.4849328,12.6536689075389,1.23535225681823,1.28566622036276
"3478745","2003-10-14",14.6391401415369,0.580542216584619,0.419439998120799,0.459245092599776,13.1554430312501,12.3502233020832,12.7528331666667,0.875951419264412,59.6168083796471,12.5138664,12.688735719867,1.29350014048986,1.28723300438818
"3478744","2003-10-15",14.4820808739043,0.869127077607642,0.604211986952976,0.487719797493726,13.1901764635403,12.4152672031264,12.8027218333333,1.07289481837255,64.7998650384028,12.5626664,12.7573482905514,1.50297663584913,1.33038173068037
"3478743","2003-10-16",13.7889880686088,0.747474747474748,0.732381347222336,0.585344444098703,13.2310648428048,12.4386004905286,12.8348326666667,0.918732610133894,61.2555710167839,12.6066664,12.8008125184779,1.57340469832188,1.37898632420867
"3478742","2003-10-17",13.0699248084143,0.689930232558139,0.76884401921351,0.701812451129606,13.2721558548766,12.4328428117901,12.8524993333333,0.861077831245012,60.7587012666027,12.6470664,12.8362601826809,1.5994311184383,1.4230752830546
"3478741","2003-10-20",13.0147881717116,0.57090960661532,0.669438195549402,0.723554520661749,13.3186565883598,12.4198977449736,12.8692771666667,0.891465225541198,61.2329262286938,12.6893332,12.8700921583234,1.61540344772166,1.46154091598801
"3478740","2003-10-21",12.9295201650407,0.534883720930233,0.598574520034564,0.678952244932491,13.3532384694442,12.4303151972225,12.8917768333333,0.797843285865212,61.0059350892626,12.7315996,12.898523870547,1.60480697458565,1.49019412770754
"3478739","2003-10-22",12.9256119742525,0.0542674418604658,0.38668692313534,0.551566546239768,13.3528277634386,12.4281702365614,12.890499,0.402127006627365,48.9069208250301,12.7547996,12.8680540211407,1.32242371068099,1.45664004430223
"3478738","2003-10-23",13.3757146966679,0,0.196383720930233,0.393881721366711,13.3546201306932,12.4230445359735,12.8888323333333,0.224539441793169,45.6808560438355,12.758666,12.8234241516553,1.00110888407656,1.3655338122571
"3478737","2003-10-24",13.8807017603914,0,0.0180891472868221,0.200386597117464,13.3374620639977,12.4535362693357,12.8954991666667,0.112905854692429,45.0565006664412,12.753466,12.7811902647679,0.72092829820507,1.23661270944669
"3478736","2003-10-27",13.1341198103996,0,1.59594559789866e-16,0.0714909560723507,13.327164272096,12.4747233945707,12.9009438333333,0.192584154229995,44.8911868764183,12.7413328,12.7436982294655,0.488633414482553,1.08701685045386
"3478735","2003-10-28",12.4408651425502,0.016952599839321,0.00565086661310716,0.00791333796664212,13.3343093689529,12.4604676310471,12.8973885,0.0897443616516082,45.4300760044656,12.7373328,12.7134277988701,0.311211264450129,0.931855733253116
"3478734","2003-10-29",12.4877787260146,0,0.00565086661310716,0.00376724440873714,13.3541112818025,12.4167763848642,12.8854438333333,0.0579660645445415,40.7145094256892,12.721066,12.6627480923541,0.0529419591371427,0.756072978429921
"3478733","2003-10-30",12.0392602506733,0.278260869565218,0.098404489801513,0.0365687410092414,13.3537663568701,12.4152326431299,12.8844995,0.411149169412693,50.3930593841736,12.725866,12.6614923467069,0.0514196502771513,0.615142312799367
"3478732","2003-10-31",12.1221032261688,0.399999999999999,0.226086956521739,0.110047437645452,13.3553450562511,12.4158762770823,12.8856106666667,0.563804852269481,53.9361696401877,12.7439992,12.6790707004793,0.137852557190143,0.519684361677523
"3478731","2003-11-03",11.3414004341393,0.202904347826087,0.293721739130435,0.206071061817895,13.3481286279515,12.3980930387152,12.8731108333333,0.32246542279299,47.9633027492124,12.7529328,12.6640839404154,0.061185658827112,0.427984621107441
"3478730","2003-11-04",10.6164621272548,0.246382608695651,0.283095652173913,0.267634782608694,13.3472179674944,12.3841153658389,12.8656666666667,0.317606833341124,49.2971763712216,12.7586664,12.6577620816933,0.0319069469194577,0.348769086269844
"3478729","2003-11-05",10.4053887883492,0.0927565217391299,0.18068115942029,0.252499516908211,13.3473367571755,12.3408852428245,12.844111,0.173551752222075,44.9160663207933,12.7535996,12.6287271374676,-0.10297520760707,0.258420227494461
"3478728","2003-11-06",10.2093921165083,0.104347826086956,0.147828985507246,0.203868599033815,13.3340091437137,12.3035458562863,12.8187775,0.207897567040134,45.3109909289821,12.7423996,12.6053408524719,-0.199297033279722,0.166876775339625
"3478727","2003-11-07",9.66277644019846,0.109999999999999,0.102368115942028,0.14362608695652,13.337099584849,12.279566415151,12.808333,0.246262017095909,45.0500518779653,12.7247996,12.5837394054756,-0.279015291193196,0.0776983620330604
"3478726","2003-11-10",9.69723467717814,0,0.0714492753623185,0.107215458937196,13.347730777138,12.2264905561953,12.7871106666667,0.137900372209854,41.3724202148916,12.6998664,12.5459074847456,-0.42961314809058,-0.0237639399916676
"3478725","2003-11-11",9.85200597315746,0,0.0366666666666666,0.0701613526570034,13.3310515678674,12.1703920987993,12.7507218333333,0.13560213429961,40.5435667020576,12.6832,12.5086758201128,-0.564494841396623,-0.131910120272659
"3478724","2003-11-12",9.91423486266068,0.0677900603052898,0.02259668676843,0.043570876265804,13.2621279172953,12.1524270827047,12.7072775,0.203072374947882,43.0029917657501,12.6630664,12.4852963774311,-0.621596249203982,-0.229847346058923
"3478723","2003-11-13",11.1202803081182,0,0.02259668676843,0.0272866800678411,13.2235632336766,12.0865477663234,12.6550555,0.03137650105409,35.1689199399931,12.6263996,12.4205901937736,-0.873469189689613,-0.358571714785061
"3478722","2003-11-14",12.9650782004851,0,0.02259668676843,0.0225966867684289,13.1979796529285,11.9886866804049,12.5933331666667,-0.0558811486879201,30.2439874821817,12.5903996,12.3276221679371,-1.24155310977689,-0.535167993783428
"3478721","2003-11-17",14.8117277733114,0,1.29526019539602e-16,0.015064457845619,13.1528073885156,11.8895259448178,12.5211666666667,-0.0884568877151438,29.3379013669404,12.5503996,12.2394952122122,-1.5561411220535,-0.739362619437442
"3478720","2003-11-18",16.9826266332245,0,1.29526019539602e-16,0.007532228922809,13.1162225036114,11.7722221630553,12.4442223333333,-0.107474300437169,26.2488428128145,12.4921328,12.1355625172506,-1.92411818504161,-0.976313732558276
"3478719","2003-11-19",19.1681653253316,0,1.29526019539602e-16,-9.7260162886433e-16,13.1361404855448,11.6278598477885,12.3820001666667,-0.0479374854466076,25.1012165139437,12.4190664,12.0343768482838,-2.25040196425885,-1.23113137889839
"3478718","2003-11-20",21.1975941108595,0.0769211578402445,0.0256403859467483,0.00854679531558175,13.1509667467767,11.5072559198899,12.3291113333333,0.0408754461821245,29.9805558416467,12.3557332,11.963126601846,-2.40235652040309,-1.46537640719933
"3478717","2003-11-21",22.4445472305807,0.0844726027397256,0.0537979201933235,0.0264794353800229,13.1536762832129,11.4102127167872,12.2819445,0.114592175632566,29.9805558416467,12.2930664,11.9013763882665,-2.49652498289208,-1.67160612233788
"3478716","2003-11-24",21.2005221091084,0.213760264178202,0.125051341586057,0.0681632159087086,13.1141602869604,11.383062046373,12.2486111666667,0.340339602425132,36.4675015468508,12.2361332,11.8700822031643,-2.43143521394487,-1.82357194065928
"3478715","2003-11-25",20.0453559248841,0.584767001312045,0.294333289409991,0.157727517063123,13.08891189322,11.3784214401134,12.2336666666667,0.503702641731686,51.1777357053342,12.1996,11.9100712427424,-2.014603106653,-1.86177817385802
"3478714","2003-11-26",18.983640483406,0.59459260242065,0.464373289303633,0.294585973433226,13.0709817638477,11.3742402361523,12.222611,0.516140152297594,51.4980269547719,12.1801332,11.9465057437101,-1.65629634809751,-1.82068180870592
"3478713","2003-11-28",17.9977618591763,0.668506455836772,0.615955353189823,0.458220643967814,13.0001996500993,11.3882443499007,12.194222,0.524261218654868,51.4980269547719,12.1661332,11.9780823112154,-1.35683890063436,-1.72791322709161
"3478712","2003-12-01",17.0823031366774,0.668506455836772,0.643868504698065,0.574732382397172,12.8879485358671,11.4292731307996,12.1586108333333,0.551223984724139,51.4980269547719,12.1531996,12.00544866972,-1.10687031931986,-1.60370464553726
"3478711","2003-12-02",16.7023881090773,0.640884756269372,0.659299222647639,0.639707693511841,12.8230613331466,11.4489380001867,12.1359996666667,0.584580229357072,50.4641488845192,12.1391996,12.024722180424,-0.920605913884232,-1.46708489920665
"3478710","2003-12-03",16.2856272241291,0.629837733910132,0.646409648672092,0.649859125339264,12.7511859543923,11.471924378941,12.1115551666667,0.570007704745652,50.0315333939988,12.1239996,12.0396485563675,-0.77303427728066,-1.32827477482146
"3478709","2003-12-04",15.1692698972982,0.5,0.590240830059835,0.631983233793187,12.7020272834707,11.477638383196,12.0898328333333,0.492875765754339,45.1341433462781,12.1098664,12.0316954155185,-0.752374005601497,-1.21309462097746
"3478708","2003-12-05",14.1434961747072,0.48066563903668,0.536834457648938,0.591161645460287,12.6463441742384,11.486544159095,12.0664441666667,0.485824423936301,44.4365935462124,12.082,12.0216920267827,-0.743152678024372,-1.11910623238685
"3478707","2003-12-08",13.1394170242903,0.544196376775561,0.508287338604081,0.545120875437616,12.5831011600862,11.5063428399138,12.044722,0.556494881157346,47.3177892941031,12.0516,12.023243756545,-0.676661011001845,-1.03061718810985
"3478706","2003-12-09",12.2286985950527,0.538677009265244,0.521179675025829,0.522100490426281,12.5475129926958,11.5139313406375,12.0307221666667,0.568104117876392,47.08933644949,12.03,12.0237005890057,-0.621268118093832,-0.948747374106643
"3478705","2003-12-10",12.9250935304553,0.153849704152936,0.41224103006458,0.480569347898162,12.5109762946049,11.4999123720617,12.0054443333333,0.318783960227615,36.7583630765304,11.992,11.9760965104716,-0.810116932622451,-0.921021285809804
"3478704","2003-12-11",13.5717459704719,0.323077917162822,0.338534876860334,0.42398519398358,12.4595634215216,11.5068809118117,11.9832221666667,0.44763330613833,43.550333318217,11.9684,11.9592836424087,-0.827410632322945,-0.902299155112432
"3478703","2003-12-12",14.1722089504874,0.374544542142124,0.283824054485961,0.344866653803624,12.4519892760035,11.5062327239966,11.979111,0.564381261616195,48.7259426181167,11.9506668,11.9660458234209,-0.724919305710692,-0.866823185232084
"3478702","2003-12-15",15.8732909156045,0,0.232540819768316,0.284966583704869,12.451641551775,11.5050251148917,11.9783333333333,0.423119160167675,40.2071208467229,11.9196004,11.9261290469648,-0.865613711400937,-0.866581290465855
"3478701","2003-12-16",17.4528670260704,0.109696202531646,0.161413581557923,0.225926151937399,12.450122460043,11.514321539957,11.982222,0.364641438207777,42.9197877973339,11.8977336,11.9030891740361,-0.908601206183168,-0.874985273609318
"3478700","2003-12-17",18.8742593653396,0.215189873417721,0.108295358649789,0.167416586658675,12.4368840759358,11.5561159240643,11.9965,0.405578632519085,45.4813876986688,11.8805336,11.8942332841646,-0.876276228598738,-0.875243464607202
"3478699","2003-12-18",19.8653912223858,0.219405063291139,0.181430379746835,0.150379773318181,12.4083383452569,11.6222169880765,12.0152776666667,0.392932985603437,45.5864647996112,11.8608004,11.8870021796094,-0.838794843767288,-0.867953740439219
"3478698","2003-12-19",19.5709532902105,0.329113924050632,0.254569620253164,0.181431786216595,12.3762422877635,11.7020910455699,12.0391666666667,0.519367563017718,48.3753440190907,11.8578672,11.8922912223281,-0.74173392787148,-0.842709777925671
"3478697","2003-12-22",20.9317579816142,0,0.182839662447257,0.206279887482418,12.3660825500719,11.7174727832615,12.0417776666667,-0.0851864805138756,36.4568186606304,11.8454672,11.8284297260177,-1.00258442508688,-0.874684707357914
"3478696","2003-12-23",22.1953623379177,0.281793814432989,0.203635912827874,0.213681731842764,12.3716117668475,11.6966102331525,12.034111,0.181154798535257,44.3228904637152,11.8462672,11.8095284292153,-1.01226284120782,-0.902200334127895
"3478695","2003-12-24",23.0549691820004,0.570453608247423,0.284082474226804,0.223519349833977,12.3472878622061,11.6992678044606,12.0232778333333,0.500090789370826,51.0126759685301,11.866534,11.8304806386533,-0.819325441963514,-0.885625355695019
"3478694","2003-12-26",23.73205255739,0.635742268041236,0.495996563573883,0.327904983542852,12.3223912961173,11.7063870372161,12.0143891666667,0.593885985090133,52.4056002413316,11.8926672,11.8570832201662,-0.616262407709178,-0.831752766097851
"3478693","2003-12-29",24.8426405135001,0.467360824742267,0.557852233676975,0.445977090492553,12.2926425899848,11.7094697433486,12.0010561666667,0.441036063552995,48.5698386339453,11.907334,11.8583614574774,-0.560068040496342,-0.777415820977549
"3478692","2003-12-30",25.9210506391649,0.450175257731958,0.51775945017182,0.523869415807558,12.2585105030098,11.7132688303235,11.9858896666667,0.397495607055645,48.182210801431,11.921334,11.8572465964804,-0.520868534211349,-0.726106363624309
"3478691","2003-12-31",26.6938034081674,0.450175257731958,0.455903780068728,0.510505154639173,12.2144006397851,11.7262673602149,11.970334,0.440131105124123,48.1822108014311,11.9286672,11.8562803836163,-0.484224996008809,-0.677730090101209
"3478690","2004-01-02",26.0454333547673,0.594505154639175,0.498285223367697,0.49064948453608,12.1950308179018,11.7363035154316,11.9656671666667,0.809790804329188,51.9196785788294,11.9214672,11.8741096658008,-0.355884270681495,-0.613360926217266
"3478689","2004-01-05",25.4433754480385,0.601381443298968,0.548687285223367,0.500958762886596,12.1985713233428,11.7349856766572,11.9667785,0.794569445027006,52.0969522360495,11.9140008,11.890451043694,-0.24687630361433,-0.540064001696679
"3478688","2004-01-06",25.1468501820391,0.559139784946236,0.585008794294793,0.543993767628618,12.1931380563864,11.7349739436136,11.964056,0.568746836461507,50.2039478491827,11.9040008,11.8961682378682,-0.201166024013122,-0.472284406159968
"3478687","2004-01-07",25.3761231361241,0.419354838709678,0.526625355651628,0.553440478389928,12.175215085328,11.7292302480053,11.9522226666667,0.313141629432335,46.4716414239014,11.8888008,11.8837898061524,-0.250240390351131,-0.4278756029982
"3478686","2004-01-08",25.3672982839853,0.462365591397849,0.480286738351255,0.530640296099224,12.1554061440419,11.7295941892914,11.9425001666667,0.415838827600923,47.7585739243887,11.876534,11.8783951653321,-0.259050772805969,-0.394110636959754
"3478685","2004-01-09",25.8514396809673,0.322580645161289,0.401433691756272,0.46944859525305,12.1567432072519,11.7263677927481,11.9415555,0.178825752257776,44.0517413751776,11.8596004,11.8563864766211,-0.350424087920209,-0.385373327151845
"3478684","2004-01-12",26.4213376029585,0.286741935483871,0.357229390681003,0.412983273596176,12.1598677440136,11.7084655893198,11.9341666666667,0.170781367668016,43.127505959491,11.8476004,11.8328682797383,-0.440714247985985,-0.396441511318673
"3478683","2004-01-13",26.7015847442016,0.256282694887914,0.288535091844358,0.349066058093877,12.1482310404495,11.7071022928838,11.9276666666667,0.459951223391883,49.0044322982057,11.8433336,11.8351525091066,-0.391965896991719,-0.395546388453282
"3478682","2004-01-14",26.8841266165117,0.256282694887914,0.266435775086566,0.304066752537308,12.1484899725438,11.7076210274562,11.9280555,0.466606478340742,49.0044322982057,11.8360004,11.837132174559,-0.349302042165234,-0.386297519195673
"3478681","2004-01-15",27.0536297836569,0.291453725898119,0.268006371891316,0.274325746274079,12.1496359208017,11.7138084125316,11.9317221666667,0.493493985702584,49.8295785044584,11.8298668,11.8419585512845,-0.296173541764533,-0.368272723709445
"3478680","2004-01-16",27.6837956467179,0.130658948034914,0.226131789606983,0.253524645528287,12.1494284013013,11.7070159320321,11.9282221666667,0.308130407942106,46.1527954027915,11.8338668,11.8319200777799,-0.323043997355466,-0.359226978438649
"3478679","2004-01-20",27.8873048127228,0.130658948034914,0.18425720732265,0.226131789606982,12.147869744156,11.7012415891774,11.9245556666667,0.350489347968039,46.1527954027915,11.8305336,11.8232200674092,-0.340470771259271,-0.355475737002773
"3478678","2004-01-21",27.8106924744834,0.356790737641898,0.206036211237242,0.205475069388957,12.1369246642137,11.7037423357863,11.9203335,0.609530091341068,51.9370840805486,11.8268004,11.8356800584213,-0.249094764157876,-0.334199542433794
"3478677","2004-01-22",27.8783266860855,0.316584505449777,0.268011397042197,0.219434938534028,12.1165902199815,11.7534104466852,11.9350003333333,0.556600986191348,50.8903445445722,11.8357336,11.8429227172985,-0.192663097662094,-0.305892253479454
"3478676","2004-01-23",27.9084171839557,0.345547929068435,0.339641057386704,0.271229555222046,12.1160916405739,11.7683533594262,11.9422225,0.560708971309247,51.2867773573716,11.8416004,11.8505330216587,-0.139533772844069,-0.272620557352377
"3478675","2004-01-26",26.9347756328526,0.574196295507773,0.412109576675328,0.339920677034742,12.1202782341001,11.7668334325666,11.9435558333333,0.80117149704315,54.3307236363949,11.8472004,11.8673512854375,-0.0447845911467626,-0.227053364111254
"3478674","2004-01-27",25.1711811222525,0.513371729260584,0.477705317945597,0.409818650669209,12.1263177347985,11.7636825985349,11.9450001666667,0.930487334850708,55.2471235414232,11.8536004,11.8850377807125,0.045521144604499,-0.172538462368103
"3478673","2004-01-28",23.4386537992228,0.489798417338864,0.52578881403574,0.471867902885554,12.1473939125417,11.7570504207917,11.9522221666667,0.907046195700625,55.2471235414232,11.8565336,11.9003660766175,0.115644662631964,-0.11490183736809
"3478672","2004-01-29",22.4189631674259,0.33673641192047,0.446635519506639,0.483376550495991,12.148525597995,11.758696402005,11.953611,0.510685876556981,50.2360474727587,11.8760004,11.9003172664019,0.102216199212801,-0.0714782300519117
"3478671","2004-01-30",21.9062404586814,0.234689972908026,0.353741600722453,0.44205531142161,12.1481439081712,11.7578557584955,11.9529998333333,0.438217015590382,47.1645367498942,11.8818668,11.8913856308816,0.0458363220688929,-0.0480153196277508
"3478670","2004-02-02",22.3542091933555,0,0.190475461609499,0.330284193946196,12.1334723684862,11.7385276315138,11.936,0.0740669915250617,40.4985868050759,11.8698668,11.8614235467641,-0.110862440598336,-0.0605847438218679
"3478669","2004-02-03",22.4226923576724,0.315003150031501,0.183231040979842,0.24248270110393,12.1088429304296,11.7449347362371,11.9268888333333,0.484129238933948,50.0737840041145,11.8637336,11.8634564071955,-0.0913218638667446,-0.0667321678308432
"3478668","2004-02-04",23.5408882421239,0,0.105001050010501,0.159569184199946,12.1116322927058,11.7155897072942,11.913611,0.0363772985612515,41.988342185888,11.8548,11.8341062195694,-0.232079227526383,-0.0998015797699511
"3478667","2004-02-05",24.7552945917704,0,0.105001050010501,0.131077713666947,12.1319749803315,11.6729140196685,11.9024445,-0.0595941614427385,40.57737310415,11.8446668,11.8024480569602,-0.371608455068406,-0.154162954829642
"3478666","2004-02-06",25.7915587851511,0.0542991339288151,0.0180997113096052,0.0760339371102011,12.1407735330433,11.6410048002901,11.8908891666667,0.0691357104040196,42.365391797116,11.8361336,11.7803443160322,-0.450003284954059,-0.213331020854526
"3478665","2004-02-09",24.8165020954605,0.0135747834822032,0.0226246391370062,0.048575133485703,12.1436475828668,11.6315757504665,11.8876116666667,0.207401076984927,41.3602003408752,11.8208004,11.7571877405612,-0.526884466952116,-0.276041710074044
"3478664","2004-02-10",23.1005423112756,0.285070453126274,0.117648123512431,0.052790824653013,12.1464849997928,11.6424050002072,11.894445,0.555106993644186,49.8953143650425,11.8132004,11.763785375153,-0.445500620353312,-0.309933492129897
"3478663","2004-02-11",21.5071510831038,0.479637824776694,0.25942768712839,0.133233483259275,12.1558424343365,11.6426032323302,11.8992228333333,0.707181822662156,54.9553319789996,11.8138672,11.7886139917993,-0.279565543035099,-0.303859902310937
"3478662","2004-02-12",20.3237481674231,0.547511742187712,0.43740667336356,0.271494161334793,12.1718515645799,11.6408164354201,11.906334,0.781003380892623,56.6018353966851,11.821734,11.8167987928927,-0.112805121301351,-0.26564894610902
"3478661","2004-02-13",19.8701902150758,0.592756495533896,0.539968687499434,0.412267682663794,12.1966016995236,11.6348439671431,11.9157228333333,0.857699571216354,57.7114994685,11.829334,11.845669620507,0.0413038014587253,-0.204258396595471
"3478660","2004-02-17",19.623655660706,0.674205196427117,0.604824478049575,0.527399946304189,12.2311079993331,11.6327816673336,11.9319448333333,0.894152522997291,59.7087455222392,11.844534,11.8786910044394,0.20155555035859,-0.123095607204659
"3478659","2004-02-18",18.9606321100767,0.606472222222221,0.624477971394411,0.589757045647806,12.2523828933312,11.6373951066688,11.944889,0.779313405987367,56.818822984979,11.8586672,11.8993095371808,0.284217435907208,-0.0416329985822856
"3478658","2004-02-19",19.1341360597666,0.72111729973944,0.667264906129593,0.632189118524525,12.3004617008928,11.6203159657739,11.9603888333333,0.966646803685148,62.2802697172279,11.8726672,11.9394015988901,0.456936723578361,0.0580809458498436
"3478657","2004-02-20",19.4088459713055,0.794569767441859,0.707386429801173,0.666376435775058,12.3574815079332,11.6016294920668,11.9795555,0.975403243567583,64.5949733174874,11.8898672,11.9848147190381,0.639614604396543,0.174387677559184
"3478656","2004-02-23",18.1112885459766,0.527127906976745,0.680938324719348,0.685196553550037,12.3786231703948,11.6024878296052,11.9905555,0.748381723137607,54.281575195994,11.896934,11.993506089833,0.622010621762126,0.263912266399772
"3478655","2004-02-24",17.0161923185371,0.468988372093023,0.596895348837209,0.661740034452576,12.3784448246952,11.6024435086382,11.9904441666667,0.573881962328762,52.325683419566,11.9062672,11.9943719445219,0.567875015359665,0.324704816191751
"3478654","2004-02-25",16.3709770088123,0.496116279069767,0.497410852713178,0.591748175423244,12.3792918082318,11.6023741917682,11.990833,0.651951331988087,53.1735222216696,11.9165336,11.9982330185857,0.534493486429266,0.366662550239254
"3478653","2004-02-26",16.5100376710336,0.51764705882353,0.49425056999544,0.529518923848608,12.3874888947182,11.6006217719484,11.9940553333333,0.730663256960642,54.0538586097434,11.9217336,12.0046912827742,0.517739528927241,0.396877945976851
"3478652","2004-02-27",17.2441993949817,0.438350816269918,0.484038051387739,0.491899824698785,12.4115112483664,11.602377084967,12.0069441666667,0.757817771270762,53.4355192996619,11.9274668,12.0085097784043,0.48983123293711,0.415468603368903
"3478651","2004-03-01",19.4891572360524,0.489998724996813,0.481998866696754,0.486762496026643,12.5439505466997,11.5457157866337,12.0448331666667,1.14296849366132,66.5970399934509,11.9498668,12.0687084746171,0.744834923890947,0.481341867473312
"3478650","2004-03-02",21.5737609456182,0.686277310924369,0.538208950730367,0.501415289604952,12.703605379351,11.4980609539824,12.1008331666667,1.15277298519522,72.5932033177493,11.9814668,12.1617700113348,1.13582436046735,0.61223836607212
"3478649","2004-03-03",23.723200999275,0.609756097560975,0.595344044494053,0.538517287307057,12.8416860052441,11.4588689947559,12.1502775,1.04940204975622,71.8382962111731,12.0114668,12.2402006764902,1.41489425198356,0.772769543254407
"3478648","2004-03-04",25.7191096205279,0.834691056910568,0.710241488465304,0.614598161229907,12.988859140014,11.446029859986,12.2174445,1.05475494129276,76.2522790775187,12.0525336,12.3450632529582,1.79340438151399,0.976896510906323
"3478647","2004-03-05",27.6485416319984,0.84010569105691,0.761517615176151,0.689034382711835,13.1024576541267,11.4767643458734,12.289611,0.991652184707232,76.3483804177561,12.0978668,12.4368321525637,2.06927982529168,1.19537317378339
"3478646","2004-03-08",29.7462440352523,0.907962686567165,0.860919811511548,0.777559638384333,13.2334435518622,11.5040007814711,12.3687221666667,1.01407184357552,78.881930032321,12.1532004,12.5408105322219,2.37458584765771,1.43121570855826
"3478645","2004-03-09",31.2436869711763,0.863186567164179,0.870418314929418,0.830951913872371,13.3273162320721,11.5561281012613,12.4417221666667,0.926864780867318,76.0122668901098,12.2128004,12.6229251279257,2.54443914927249,1.6538603967011
"3478644","2004-03-10",31.4384799356658,0.733828358208956,0.834992537313434,0.855443554584799,13.3858980369822,11.6092126296844,12.4975553333333,0.80468609192702,68.2836409721092,12.2570668,12.6709791108689,2.53692407929373,1.83047313321963
"3478643","2004-03-11",30.6500643159586,0.611940298507463,0.7363184079602,0.813909753401016,13.4164123735594,11.6676982931073,12.5420553333333,0.702149303470998,61.8974325135224,12.3041336,12.690848562753,2.39871808358663,1.94412212329303
"3478642","2004-03-12",30.2177104217213,0.631843283582089,0.659203980099503,0.743504975124378,13.4472462834405,11.7254200498929,12.5863331666667,0.706048763663956,62.5139394395219,12.3541336,12.711624754386,2.27953631499114,2.01120496163265
"3478641","2004-03-15",29.9475222258706,0.653162903385056,0.632315495158203,0.675945961072634,13.4780842352147,11.780693431452,12.6293888333333,0.705249040209852,63.3907951672776,12.404,12.7345187871345,2.18280943812375,2.04552585693087
"3478640","2004-03-16",29.4047303296487,0.614799452042214,0.633268546336453,0.641596007198052,13.4963868194189,11.8370578472478,12.6667223333333,0.649291874901216,61.4214784662831,12.4532,12.7481389488499,2.05268426241465,2.04695753802763
"3478639","2004-03-17",28.2379581324478,0.530615993326548,0.599526116251273,0.621703385915309,13.4917224962677,11.9089448370656,12.7003336666667,0.555949951541498,56.9312089916342,12.49,12.7452764223366,1.85851073306684,2.00926817703547
"3478638","2004-03-18",27.2453805120401,0.321965909090909,0.489127118153224,0.573973926913649,13.4949247206911,11.9586312793089,12.726778,0.551998746581548,57.438706544235,12.5217332,12.7450168993584,1.695670384281,1.94654861848458
"3478637","2004-03-19",26.0141571950744,0,0.284193967472486,0.457615733958993,13.4953984298356,12.0008239034977,12.7481111666667,0.511670322462538,55.3314238145077,12.5494664,12.7381253127773,1.51751828671058,1.86074255212978
"3478636","2004-03-22",24.7729367774955,0,0.10732196969697,0.293547685107559,13.4745189287155,12.0571477379511,12.7658333333333,0.339098841466022,46.2039262443274,12.5658664,12.6988192710736,1.20394366436014,1.72938277457585
"3478635","2004-03-23",24.2901923640659,0,3.51570624464633e-16,0.130505312389817,13.4331145265394,12.136885806794,12.7850001666667,0.226987353433398,41.5756264826604,12.5736,12.6438660349305,0.845533875104554,1.55261299468159
"3478634","2004-03-24",23.8419296944527,0.180380317659233,0.0601267725530779,0.0558162474166815,13.3879478268227,12.226830839844,12.8073893333333,0.284070566407168,48.3351754472006,12.5913336,12.6215732302731,0.67467383075448,1.37702516189617
"3478633","2004-03-25",23.4256857869547,0.221516523786467,0.133965613815234,0.0646974621227693,13.3442677472464,12.3089552527536,12.8266115,0.242482099445132,49.762655667093,12.6041336,12.6080301329033,0.560494237162379,1.21371897694941
"3478632","2004-03-26",23.2545907623032,0.187913382259672,0.196603407901791,0.130231931423366,13.3025946641608,12.3797393358392,12.841167,0.137534013836124,48.2173573221964,12.6118668,12.5900701151829,0.435057588997867,1.0579866993591
"3478631","2004-03-29",22.831443764745,0.159090909090908,0.189506938379016,0.173358653365346,13.3032517732086,12.3761935601247,12.8397226666667,0.303741918146171,46.657371414655,12.6269336,12.5682834331585,0.302143563531576,0.906818072193597
"3478630","2004-03-30",22.5824071777223,0.837113636363636,0.394705975904739,0.260272107395181,13.3226688763484,12.3748871236516,12.848778,0.73223560280664,63.0984093294964,12.6678668,12.6289563087374,0.572738471621004,0.840002152079078
"3478629","2004-03-31",21.8428284343312,0.727272727272727,0.574492424242424,0.386235112842058,13.3318535536436,12.3753694463564,12.8536115,0.660022000192048,59.8785940073471,12.7040004,12.6686514675724,0.715974755048099,0.815196672672883
"3478628","2004-04-01",21.4724753564481,0.611104166666666,0.72516351010101,0.564787303416056,13.3222308518341,12.3774361481659,12.8498335,0.656587633368667,58.1162092249868,12.7370668,12.6959419385627,0.785877721389516,0.809332882416209
"3478627","2004-04-02",21.2083770335201,0.782306122448981,0.706894338796125,0.668850091046518,13.3278459856513,12.3753766810153,12.8516113333333,0.786447026347231,62.1633304997623,12.7778668,12.7435936800877,0.944048994479596,0.836276104828887
"3478626","2004-04-05",21.5598119752011,0.824045888832193,0.739152059315947,0.723736636071026,13.3351254846386,12.3713188486948,12.8532221666667,0.953176481371993,65.5491320864323,12.8084,12.8075585227427,1.162133346358,0.901447553134709
"3478625","2004-04-06",20.7982290133313,0.651030211320887,0.752460740867354,0.732835712993141,13.3236208286918,12.3764901713082,12.8500555,0.800266034521847,58.9745924518501,12.8188,12.836773386377,1.19619743611454,0.960397529730676
"3478624","2004-04-07",19.9369588876777,0.624637094645716,0.699904398266266,0.730505732816521,13.3220647281227,12.3768246052107,12.8494446666667,0.687492393771172,58.0185976457583,12.8286668,12.8580929348601,1.19025058585291,1.00636814095512
"3478623","2004-04-08",18.8248723233486,0.571850861295373,0.615839389087326,0.689401509406981,13.3294730515563,12.3779719484437,12.8537225,0.633884062684323,56.0612496836462,12.8250668,12.8685698768787,1.13463829520133,1.03202217180436
"3478622","2004-04-12",17.8411696550303,0.571850861295373,0.589446272412155,0.635063353255248,13.3336026158476,12.3781757174858,12.8558891666667,0.634555035262682,56.0612496836462,12.8212004,12.8776498932949,1.07805857690255,1.041229452824
"3478621","2004-04-13",17.2236489421207,0.307687676840648,0.483796466477132,0.563027375992203,13.3241559874066,12.3752890125934,12.8497225,0.504975231996304,49.4978602786686,12.8018668,12.8584072408556,0.895448164445267,1.01207319514826
"3478620","2004-04-14",16.9324653893465,0.244145445788935,0.374561327974986,0.482601355621423,13.3167656334975,12.3652346998358,12.8410001666667,0.393855088580249,47.6276273625101,12.7824,12.8332862754082,0.702803465571877,0.95021924923298
"3478619","2004-04-15",19.0283535162157,0,0.183944374209862,0.347434056220659,13.3726913341588,12.2451979991746,12.8089446666667,-0.0864022838555806,31.0191112187089,12.7365336,12.7004041053537,0.0223103188761398,0.764637463161612
"3478618","2004-04-16",20.9745353483085,0.128149698107975,0.12409838129897,0.227534694494605,13.4046620892938,12.1504499107062,12.777556,0.0226756602904249,36.8093177819041,12.7053336,12.6123502246399,-0.387616574236105,0.534186655682068
"3478617","2004-04-19",22.8220179699465,0.115544603128584,0.0812314337455201,0.129758063084783,13.4287279897056,12.066717676961,12.7477228333333,0.075015821894236,36.4849096255857,12.6722668,12.5333701946879,-0.719658935622658,0.283417537421123
"3478616","2004-04-20",24.0115792544949,0.249996848726256,0.164563716654272,0.123297843899586,13.4361259435208,12.0397640564792,12.737945,0.216602835072773,42.32388466939,12.6462668,12.4933648353962,-0.837101625203573,0.0593137048961839
"3478615","2004-04-21",25.2219108928817,0.222687910453405,0.196076454102749,0.147290534834179,13.445457564415,12.0144321022517,12.7299448333333,0.179366408589454,41.4895884705921,12.6204,12.4529161906767,-0.947989957941475,-0.142147027671348
"3478614","2004-04-22",25.7506824428426,0.222687910453405,0.231790889877689,0.197477020211569,13.4531500781767,11.9816282551566,12.7173891666667,0.220131571576171,41.4895884705921,12.5989332,12.4178606985865,-1.02471270818995,-0.318660163775067
"3478613","2004-04-23",25.8860186711585,0.224786658767474,0.223387493224762,0.217084945735065,13.4581914957189,11.9534755042811,12.7058335,0.249489714020269,41.592208099987,12.5769332,12.3879232721083,-1.07151272189946,-0.469230675399946
"3478612","2004-04-26",26.0226523310052,0.233478487838079,0.226984352352986,0.227387578485144,13.4636719622498,11.9279953710835,12.6958336666667,0.246582710032416,41.5137975616168,12.5568,12.3615335024938,-1.09852102763035,-0.595088745846027
"3478611","2004-04-27",25.0642261315041,0.449730158730159,0.302665101778571,0.251012315785438,13.4604576524417,11.916876014225,12.6886668333333,0.387130362472246,48.2451989102199,12.5552,12.367106368828,-0.969514869620203,-0.669973970600862
"3478610","2004-04-28",24.4463421735592,0.394174603174604,0.359127749914281,0.296259068015278,13.4159946461372,11.8951166871961,12.6555556666667,0.336349569095848,46.3597117500383,12.5570664,12.3626028529843,-0.902572776846522,-0.716493731849994
"3478609","2004-04-29",24.3960941533883,0.280420634920635,0.374775132275133,0.345522661322661,13.3788371510723,11.8588295155944,12.6188333333333,0.271968250744322,42.6815298742643,12.5455996,12.339589139253,-0.932541389119235,-0.759703263303842
"3478608","2004-04-30",24.420271692436,0.264547619047619,0.31304761904762,0.348983500412343,13.3371500786132,11.8247389213868,12.5809445,0.274568907157969,42.1786517490914,12.5315996,12.3169772540193,-0.958622430982914,-0.799487096839657
"3478607","2004-05-03",24.9639894471622,0.172524512857868,0.239164255608708,0.308995668977152,13.2674122725514,11.7969213941153,12.5321668333333,0.239354497906883,38.4394275828804,12.5133332,12.2769362868167,-1.06805427753696,-0.853200532979117
"3478606","2004-05-04",25.0008930886017,0.446423022939368,0.294498384948286,0.282236753201537,13.1358507361031,11.8327052638969,12.484278,0.383314638892481,46.3457630774669,12.5063996,12.2737887819078,-0.988153410059323,-0.880191108395158
"3478605","2004-05-05",23.6008792762282,0.424102000910723,0.347683178902654,0.293781939819881,13.0307746969022,11.8720029697645,12.4513888333333,0.521811457259507,48.7422862427371,12.4787996,12.2817276109868,-0.862273371931943,-0.876607561102515
"3478604","2004-05-06",22.2850455424603,0.586666666666668,0.485730563505587,0.375970709118841,12.9473626720123,11.9087483279877,12.4280555,0.627042182781744,52.2811680161792,12.4599996,12.3050532628552,-0.673752919792436,-0.836036632840499
"3478603","2004-05-07",21.0631999325329,0.648880000000001,0.553216222525798,0.462209988311345,12.869173750292,11.9478255830414,12.4084996666667,0.69699067784722,53.5866626579962,12.4451996,12.3314901611412,-0.488279048696083,-0.766485116011616
"3478602","2004-05-10",20.9969912803639,0.306666666666667,0.514071111111113,0.517672632380831,12.7537907955454,11.998097537788,12.3759441666667,0.443617996372688,46.1133951766033,12.4129332,12.3201808063224,-0.503517503906836,-0.71389159359066
"3478601","2004-05-11",20.7867199029151,0.355546666666667,0.437031111111112,0.501439481582673,12.659148596285,12.0439617370484,12.3515551666667,0.524558662851483,47.2451061423843,12.3753332,12.3152673654794,-0.486038112945275,-0.668320897461583
"3478600","2004-05-12",21.3106766900363,0.0888800000000008,0.250364444444445,0.400488888888889,12.583628987833,12.0621476788337,12.3228883333333,0.200420710571925,42.0558688466366,12.3375996,12.2843423834155,-0.596592656552164,-0.653975249279699
"3478599","2004-05-13",21.5041608768759,0.191106666666668,0.211844444444445,0.299746666666667,12.5789008624831,12.0755421375169,12.3272215,0.315681814847022,44.569356593231,12.3041328,12.2677633989601,-0.626933152758147,-0.648566829975389
"3478598","2004-05-14",21.0240955277257,0.32444,0.201475555555557,0.221228148148148,12.5775890888707,12.0929649111293,12.335277,0.509745696184617,47.7527476605458,12.277066,12.2667282790987,-0.578612834295755,-0.634576030839462
"3478597","2004-05-17",20.9205848244476,0.208880000000001,0.241475555555557,0.218265185185185,12.5728442006897,12.1061537993104,12.339499,0.315361533587702,45.3232600206723,12.2465324,12.2542751752189,-0.59057345858835,-0.62577551638924
"3478596","2004-05-18",20.8244677428322,0.222213333333334,0.251844444444445,0.231598518518519,12.5717824215574,12.0967712451093,12.3342768333333,0.296846534457893,45.6667372889702,12.2245324,12.244815818523,-0.586786283782081,-0.617977669867808
"3478595","2004-05-19",19.5962190575745,0.466666666666666,0.299253333333334,0.264191111111111,12.5864059167867,12.10170374988,12.3440548333333,0.75297012276462,51.6622180836217,12.2123992,12.26106304272,-0.457758853054369,-0.58593390650512
"3478594","2004-05-20",18.3910447519769,0.333333333333333,0.340737777777778,0.297278518518518,12.5894421179395,12.1054455487272,12.3474438333333,0.553497968746879,48.5174837898373,12.2295992,12.261810637024,-0.416524023806297,-0.552051929965356
"3478593","2004-05-21",17.6887933537974,0.12683290894723,0.30894430298241,0.31631180469784,12.5892802164064,12.097163116927,12.3432216666667,0.299278802874665,45.6261318274874,12.2347992,12.2495692187541,-0.442395755674407,-0.530120695107166
"3478592","2004-05-24",17.0367027697737,0.331708958936987,0.26395840040585,0.304546827055345,12.5900952227968,12.0990147772032,12.344555,0.47714902564871,50.2501104071491,12.2463992,12.2576266562536,-0.366513485024211,-0.497399253090575
"3478591","2004-05-25",16.7015661930569,0.243904937512805,0.234148935132341,0.2690172128402,12.5673175050227,12.1009038283107,12.3341106666667,0.438779668295088,48.3523092713435,12.247066,12.2566097687531,-0.341927280340326,-0.466304858540525
"3478590","2004-05-26",15.5110199199647,0.372558823529411,0.316057573326402,0.271388302954863,12.5687490576797,12.1006949423203,12.334722,0.67982536044011,51.2182879164454,12.2529328,12.2672844662527,-0.262386122910319,-0.425521111414484
"3478589","2004-05-27",14.4055126663791,0.55429080810505,0.390251523049089,0.31348601050261,12.5832133121323,12.1055640212011,12.3443886666667,0.75367566183078,53.464349983941,12.2615996,12.2858692040857,-0.151640322139046,-0.370744953559396
"3478588","2004-05-28",13.8399123094119,0.58757627118644,0.504808634273635,0.403705910216374,12.6022431777428,12.1136451555905,12.3579441666667,0.81348025654837,54.2208926352807,12.2710664,12.3050866435409,-0.0481208778789322,-0.306220138423304
"3478587","2004-06-01",13.3147119779423,0.711864406779661,0.617910495357051,0.504323550893257,12.6178931237969,12.1389948762031,12.378444,0.876787068178392,56.6087137398204,12.2835996,12.3315190910688,0.0808513345744055,-0.228805843823762
"3478586","2004-06-02",12.8270259558634,0.740264547172383,0.679901741712828,0.60087362378117,12.6450873112209,12.1368010221125,12.3909441666667,0.876321712321203,57.7942636876416,12.2890664,12.3593165455929,0.204401124632581,-0.142164450132493
"3478585","2004-06-03",12.1857557376946,0.496692031073053,0.649606995008366,0.649139744026081,12.6483261695013,12.1361181638321,12.3922221666667,0.714758780513295,52.7181375025219,12.2925332,12.3674076728472,0.221307890281586,-0.0694699820496775
"3478584","2004-06-04",11.7246845763502,0.543475779759673,0.59347745266837,0.640995396463187,12.6554073330244,12.1327030003089,12.3940551666667,0.887615242471937,55.6323355397336,12.3050664,12.3855306498009,0.285664869938751,0.00155698834800816
"3478583","2004-06-07",11.553929370698,0.777772727272727,0.605980179368485,0.61635487568174,12.6897753365031,12.1125573301635,12.4011663333333,1.07353315910224,61.1959535923762,12.3255996,12.4252372298275,0.448282022714275,0.0909019952212615
"3478582","2004-06-08",11.2822740212287,0.748752506294001,0.690000337775468,0.629819323270773,12.7391670588947,12.1020542744387,12.4206106666667,0.973405453516622,60.4405031390294,12.3515996,12.4574282658505,0.559340209511405,0.18458963807929
"3478581","2004-06-09",10.5412333332016,0.608038231347897,0.711521154971542,0.669167224038497,12.7691886973648,12.1013659693019,12.4352773333333,0.836495485838214,56.2507442114148,12.3643996,12.4728818304037,0.579972618503533,0.263666234164139
"3478580","2004-06-10",9.8531241228906,0.623113683988362,0.65996814054342,0.687163211096809,12.7798436245933,12.1378223754067,12.458833,0.778719227585323,56.5978715977483,12.3743996,12.4876082530166,0.595803282669061,0.330093643865123
"3478579","2004-06-14",10.5395381413931,0.217773333333334,0.482975082889865,0.618154792801608,12.7875210020061,12.1675893313273,12.4775551666667,0.711848347506055,49.4191503796772,12.372666,12.4777044859477,0.492822008232285,0.362639316738556
"3478578","2004-06-15",12.1366519276295,0.596615581747734,0.479167533023144,0.540703585485475,12.8786231124472,12.1393762208862,12.5089996666667,1.12210655003524,62.2573570913034,12.3859996,12.525566554488,0.676525427298436,0.425416538850532
"3478577","2004-06-16",14.0860892232983,0.639872282136863,0.484753732405978,0.482298782772994,12.9904067841165,12.1147038825502,12.5525553333334,1.1530616707757,65.8579136732005,12.4161328,12.5888243472229,0.915306956558881,0.523394622392201
"3478576","2004-06-17",15.8962809978479,0.720687728880889,0.652391864255163,0.538771043228094,13.0916713746059,12.1077726253941,12.599722,1.09090226556926,67.941563888744,12.4489328,12.6574251009266,1.15546364127617,0.649808426168994
"3478575","2004-06-18",16.5671871410398,0.572916666666666,0.644492225894807,0.593879274185315,13.1642898605641,12.0982648061026,12.6312773333334,0.937606350226904,62.3862344085212,12.4841328,12.698212420803,1.24091272720186,0.768029286375567
"3478574","2004-06-21",16.2714165219286,0.420145833333334,0.57125007629363,0.622711388814532,13.1898741657909,12.1259025008758,12.6578883333334,0.732777188998804,57.1174389750546,12.5103996,12.7140067646959,1.20121351621436,0.854666132343326
"3478573","2004-06-22",15.996772375611,0.5243125,0.505791666666667,0.573844656285034,13.207040931885,12.1812917347817,12.6941663333334,0.768912713535549,59.6215045599696,12.5366664,12.7410285294032,1.21882658579804,0.927498223034269
"3478572","2004-06-23",16.9337996445055,0.479166666666666,0.474541666666667,0.517194469875654,13.2350083880559,12.2237686119441,12.7293885,0.80496047915796,58.0396613124401,12.5646664,12.7586687254827,1.19133082601244,0.980264743629903
"3478571","2004-06-24",17.9769303482988,0.568102537524668,0.523860568063779,0.50139796713237,13.2651781387063,12.2758208612937,12.7704995,0.861120471667221,60.8768169273851,12.5966664,12.788623562085,1.22459590832873,1.02913097656967
"3478570","2004-06-25",16.9630324656969,0.205982020053022,0.417750408081453,0.472050880937299,13.2591025733862,12.3231184266138,12.7911105,0.542735232362545,49.0739295261739,12.6067996,12.7661404204737,1.00994486703305,1.02529375466235
"3478569","2004-06-28",16.5383294319944,0.438535292124304,0.404206616567332,0.44860586423752,13.2732564099912,12.3654085900089,12.8193325,0.732047885151882,55.0951384294326,12.630266,12.7777656977439,0.975951474916648,1.01542529871321
"3478568","2004-06-29",16.2732722596569,0.667769649371101,0.43742898718281,0.419795337277197,13.3123225282916,12.3946758050418,12.8534991666667,0.871541855954332,60.1027274066424,12.6667992,12.8185076047114,1.08127740458919,1.0285957198884
"3478567","2004-06-30",16.8549736752887,0.752019536335481,0.619441492610296,0.487025698786812,13.4032070359802,12.3924579640198,12.8978325,1.04189595472094,64.8716788709584,12.7081324,12.8884839240832,1.31167660731746,1.08521189737421
"3478566","2004-07-01",16.4594041056574,0.221029053830043,0.546939413178876,0.534603297657326,13.3977997048807,12.429309961786,12.9135548333334,0.482565810888817,48.9556584318508,12.7255992,12.8615754008721,1.0699762594186,1.08216476978309
"3478565","2004-07-02",15.8500317535921,0.304203883495146,0.425750824553557,0.530710576780909,13.3932122604305,12.4920080729029,12.9426101666667,0.656146448586048,53.5643121916193,12.7494656,12.8711426807558,1.02129241323718,1.06999029847391
"3478564","2004-07-06",14.8771461850684,0.530747572815534,0.351993503380242,0.441561247037557,13.4202336603376,12.5329873396625,12.9766105,0.838191878633721,57.4757653283673,12.7798656,12.9105463233217,1.11566439453863,1.07912511768685
"3478563","2004-07-07",14.4422627407754,0.391582524271845,0.408844660194175,0.395529662709324,13.4281496917363,12.5630713082637,12.9956105,0.634796455705996,54.4419918870209,12.8035988,12.9255841468788,1.08790373725625,1.08088084160073
"3478562","2004-07-08",13.8723616813504,0.556631067961165,0.492987055016182,0.417941739530199,13.4474170827641,12.5955812505693,13.0214991666667,0.756501888910907,57.319360517767,12.8311988,12.9612835939616,1.15823489514424,1.09635165230943
"3478561","2004-07-09",13.2477301981148,0.527504854368932,0.491906148867315,0.46457928802589,13.4612036549381,12.6454613450619,13.0533325,0.798293750841765,56.6395195152243,12.856132,12.9882231147668,1.18116167401472,1.11331365665049
"3478560","2004-07-12",12.5123818419189,0.368932038834952,0.484355987055017,0.489749730312837,13.4452053112434,12.7169043554233,13.0810548333334,0.652640881645961,52.9568911802805,12.879332,12.9897933661312,1.08518848469121,1.10768862225864
"3478559","2004-07-13",11.8295583683084,0.4983786407767,0.464938511326862,0.48040021574973,13.4131030710216,12.8135622623118,13.1133326666667,0.735364573381252,55.5004431547133,12.904532,13.0089315839804,1.07937861841496,1.1020266214899
"3478558","2004-07-14",11.1955079999558,0.533980582524272,0.467097087378642,0.472130528586839,13.4285224196587,12.8286982470081,13.1286103333334,0.7431262470726,56.2018469528289,12.9239988,13.030407372783,1.08475844139064,1.09857298547005
"3478557","2004-07-15",10.6202880113314,0.530747572815534,0.521035598705503,0.484357065803668,13.4392704380756,12.8303948952578,13.1348326666667,0.687324543872207,56.115347752443,12.9439988,13.0485757230786,1.0743351456503,1.0937254175061
"3478556","2004-07-16",10.3388160732762,0.435987667777397,0.500238607705735,0.496123764596625,13.4393603369834,12.8304163296833,13.1348883333334,0.577732926890671,54.4880956740293,12.9653324,13.0563216266681,1.01712288816569,1.07840491163802
"3478555","2004-07-19",11.0902880252769,0.152242741324365,0.372992660639099,0.464755622350111,13.4410161494179,12.8160938505821,13.128555,0.248056677936852,47.7016387272898,12.9753324,13.026589409779,0.79358744730007,1.02144141877043
"3478554","2004-07-20",11.7880834092776,0.155709881349071,0.247980096816945,0.373737121720592,13.4403111457913,12.8175768542087,13.128944,0.153773148118396,47.787213607321,12.992266,13.0012668218085,0.611312371193407,0.939415609255023
"3478553","2004-07-21",13.4523646198244,0,0.102650874224479,0.24120787722684,13.479883285523,12.7474490478104,13.1136661666667,-0.113324004900277,40.5189093539297,12.978666,12.9339872455674,0.252006255389214,0.801933738481862
"3478552","2004-07-22",15.2866292187238,0,0.0519032937830243,0.134178088274815,13.5395113328972,12.6342656671028,13.0868885,-0.145863536008894,38.3626784027737,12.953866,12.8601222794917,-0.10604454593478,0.620338081598533
"3478551","2004-07-23",17.4649628311767,0,7.12393107467809e-16,0.0515180560025003,13.6151447454414,12.4746325878919,13.0448886666667,-0.163832175444249,34.7239922483352,12.9163996,12.7676619755595,-0.520375112120264,0.392195442854774
"3478550","2004-07-26",19.6513777837197,0,7.12393107467809e-16,0.0173010979276741,13.688813332946,12.337297667054,13.0130555,-0.105696888310259,33.4429513044728,12.8813332,12.6768630454849,-0.892277991011503,0.135300756081518
"3478549","2004-07-27",20.8329636708637,0.0581610738255035,0.0193870246085019,0.00646234153616665,13.7197247647698,12.2337195685636,12.9767221666667,0.0468440027087895,36.1892064681542,12.8555996,12.6097253060869,-1.12135030372289,-0.116029455879363
"3478548","2004-07-28",21.9301505660689,0.0939597315436245,0.0507069351230434,0.0233646532438475,13.7206841311908,12.1457605354759,12.9332223333334,0.11345701574154,37.888002876516,12.8279996,12.5586512652753,-1.25574202510534,-0.343971969724559
"3478547","2004-07-29",22.271527064656,0.170020134228188,0.107380313199106,0.0591580909768826,13.6614250622075,12.1045752711259,12.8830001666667,0.216163904059288,41.4543095143925,12.8066664,12.5294977632386,-1.2754033033873,-0.530258236457108
"3478546","2004-07-30",21.0379113857203,0.416070921985816,0.22668359591921,0.128256948080452,13.6567596896694,12.0972399769973,12.8769998333334,0.435661922587618,50.4634461850007,12.7942664,12.5486753948068,-1.06398879025194,-0.637004347216073
"3478545","2004-08-02",20.9405972159447,0.178998467773116,0.25502984132904,0.196364583482451,13.6372116393118,12.0610106940216,12.8491111666667,0.294725094559274,43.2281445959308,12.7829332,12.5204080088326,-1.10067249105547,-0.729737975983952
"3478544","2004-08-03",21.1881958348886,0.0929627787074315,0.229344056155455,0.237019164467901,13.5992502997978,11.9988607002022,12.7990555,0.172892879667771,40.8546504394553,12.7572,12.4790202743215,-1.19828836895236,-0.823448054577634
"3478543","2004-08-04",22.3003686799753,0,0.0906537488268497,0.191675882103781,13.6048602095258,11.8792511238076,12.7420556666667,0.0538779091366447,34.5624614867029,12.7066668,12.391150904412,-1.51287804953179,-0.961334053568464
"3478542","2004-08-05",23.4000257246021,0,0.0309875929024778,0.11699513262826,13.5756746545763,11.7779926787571,12.6768336666667,0.0876484217058068,34.0793943261638,12.6444004,12.3105534504904,-1.76686191323252,-1.12243962550128
"3478541","2004-08-06",24.68185945019,0,6.33752309890193e-16,0.0405471139097749,13.5382017937277,11.6599105396057,12.5990561666667,0.0432322695159617,32.1896139282086,12.6032004,12.223368990425,-2.03347269227578,-1.30464623885618
"3478540","2004-08-09",26.1147757899288,0,6.33752309890193e-16,0.0103291976341585,13.5062308457223,11.5373258209444,12.5217783333334,0.0555338344644484,30.4195561346795,12.5470672,12.1309197917017,-2.30596958987037,-1.50491090905902
"3478539","2004-08-10",27.5090693507618,0,6.33752309890193e-16,-5.01913325715956e-16,13.4380289559818,11.4428613773516,12.4404451666667,0.0926832535918524,29.9528367230875,12.4802672,12.0463531528081,-2.51916215206935,-1.70776115766108
"3478538","2004-08-11",28.8037705143924,0.114350288566316,0.0381167628554394,0.0127055876184791,13.3294941871273,11.3966188128728,12.3630565,0.17075657930327,35.397263915055,12.4260008,11.9957287324337,-2.5474147368251,-1.87569187349389
"3478537","2004-08-12",30.3140015654027,0.0112063282794989,0.0418522056152724,0.0266563228235697,13.2092836698286,11.3541623301714,12.281723,0.144496030582078,32.9123478303239,12.3588008,11.9314089014425,-2.64465682036376,-2.02948486286786
"3478536","2004-08-13",31.7492338994465,0,0.0418522056152724,0.0406070580286603,13.0799842099041,11.3229064567626,12.2014453333334,0.144423627687328,32.6442134740073,12.2921344,11.8734437145835,-2.70414156750743,-2.16441620379578
"3478535","2004-08-16",32.2024952394174,0.0582917412185706,0.0231660231660238,0.0356234781321884,12.967929019754,11.3062949802461,12.137112,0.227576195537772,35.5839995410844,12.2354676,11.8347618859724,-2.6632508279501,-2.26418312862664
"3478534","2004-08-17",32.8219448335257,0.00447984071677459,0.0209238606451157,0.0286473631421362,12.8544790225194,11.2858556441474,12.0701673333334,0.183975129508442,34.1041941893961,12.1702676,11.7905709678427,-2.65607184233329,-2.34256087136797
"3478533","2004-08-18",33.7907048635572,0,0.0209238606451157,0.0216712481520839,12.7840280899528,11.239750576714,12.0118893333334,0.167804094621067,31.140589451918,12.0968008,11.7296055054637,-2.73717186906216,-2.42148307090681
"3478532","2004-08-19",34.6902677485865,0,0.00149328023892549,0.0144470005097178,12.7370312592509,11.1779694074159,11.9575003333334,0.151677065049812,31.140589451918,12.0234672,11.6767687714019,-2.77168116329819,-2.49152268938508
"3478531","2004-08-20",35.7109251014165,0,6.27680777724275e-16,0.00747238029467947,12.7164001199459,11.1059335467209,11.9111668333334,0.158448773493099,29.7305667396137,11.9493336,11.6203102685483,-2.82387424743912,-2.55799300099589
"3478530","2004-08-23",36.1315141920566,0.263841929368538,0.0879473097895133,0.0298135300094787,12.6873030612475,11.0723636054192,11.8798333333334,0.306768813814978,39.6607575412975,11.8969336,11.6073795660752,-2.6483646879466,-2.57606733838603
"3478529","2004-08-24",35.4921850836987,0.431979591836734,0.231940507068425,0.106629272285978,12.6368145034409,11.0651861632258,11.8510003333334,0.420890753779384,44.4610244408364,11.8505336,11.6166182905985,-2.37534225839062,-2.53592232238695
"3478528","2004-08-25",34.0007999561434,0.430489412651008,0.375436977952094,0.231774931603343,12.5772578200905,11.0637425132429,11.8205001666667,0.429926818147434,42.034053976771,11.8136,11.6108465185187,-2.2052698541144,-2.46979182873244
"3478527","2004-08-26",32.6159423376992,0.53363198536336,0.465366996617035,0.357581493879183,12.4861034274973,11.0824525725027,11.784278,0.451831801268252,44.4565312625214,11.7844,11.6160669827162,-1.99423799324527,-2.37468106163501
"3478526","2004-08-27",31.3300031205725,0.53811176581376,0.50074438794271,0.447182787503945,12.2640994273839,11.1951232392828,11.7296113333334,0.456704991328587,44.5648927931466,11.7638664,11.6210353850207,-1.80382144264337,-2.26050913783668
"3478525","2004-08-30",30.2088073042137,0.515699410767617,0.529147720648246,0.498419701735996,12.077310858798,11.2966898078688,11.6870003333334,0.482496415321573,44.1013292653022,11.7458664,11.6231200003513,-1.64546169771824,-2.13749964981299
"3478524","2004-08-31",29.9858161326158,0.242150294616191,0.431987157065857,0.48729308855227,11.936475138187,11.364191861813,11.6503335,0.311083943104105,38.7968219739193,11.7162664,11.5978146669711,-1.64234641812746,-2.03846900347589
"3478523","2004-09-01",28.2502744926967,0.515151515151515,0.424333740178442,0.461822872630847,11.9236349781218,11.372142688545,11.6478888333334,0.999446994767586,49.4279577951002,11.6977328,11.6198833780416,-1.39464892240614,-1.90970498726194
"3478522","2004-09-02",26.3870983359808,0.454545454545454,0.403949088104387,0.420089995116228,11.8995283363475,11.3856933303193,11.6426108333334,0.864680940642286,47.8021285831172,11.672266,11.6310095943027,-1.22581179850828,-1.77292634951121
"3478521","2004-09-03",25.5555775623907,0.78947124002712,0.586389403241363,0.471557410508063,12.0104300621414,11.3185689378587,11.6644995,1.24348326363893,57.7739805548494,11.649466,11.6939856483957,-0.806170813225537,-1.57957524225407
"3478520","2004-09-07",25.3329164324491,0.726059967766129,0.656692220779568,0.549010237375105,12.1329109604085,11.2591990395915,11.696055,1.16580488695021,59.0380744559418,11.6425324,11.7565648952763,-0.428645041594966,-1.34938920212225
"3478519","2004-09-08",25.126159668932,0.752660890101648,0.756064032631633,0.666381885550854,12.2373309645203,11.2217790354798,11.729555,1.0595233328313,59.758961794778,11.6419992,11.8152455759061,-0.106696868079925,-1.10085073531379
"3478518","2004-09-09",25.3862374718855,0.653941160044964,0.710887339304248,0.707881197571815,12.3303959792332,11.1888250207669,11.7596105,0.997708439222454,58.7569187231623,11.655866,11.8621021657853,0.125507687995485,-0.855579050651932
"3478517","2004-09-10",26.0803491632253,0.722888082467072,0.709830044204562,0.725593805380146,12.4711495973182,11.1419604026819,11.806555,1.06768066054468,64.4612732981746,11.6817324,11.9382658770139,0.483350311066522,-0.587793178308241
"3478516","2004-09-13",26.7688485494156,0.907142857142857,0.761324033218298,0.727347138909035,12.6358908670488,11.0942184662846,11.8650546666667,1.07185214331501,69.1186583198214,11.7235988,12.0402744267454,0.934766689341271,-0.283281204778339
"3478515","2004-09-14",26.3335914539421,0.761907142857143,0.797312694155691,0.756155590526182,12.73700866202,11.0833230046467,11.9101658333334,0.909086715070046,62.4782951965685,11.7623988,12.101571169846,1.14039834855622,0.00145470588857211
"3478514","2004-09-15",25.1055860138007,0.633335714285714,0.767461904761905,0.775366210711963,12.7917671097441,11.1125645569226,11.9521658333334,0.77529585351286,57.235999337619,11.795332,12.1306950138665,1.16909776260696,0.23498331723225
"3478513","2004-09-16",24.1805744462311,0.664285714285714,0.686509523809524,0.750428040909039,12.8410985056965,11.1596774943035,12.000388,0.775327830961528,58.146386620214,11.8231984,12.1617130120177,1.20623792224666,0.429234238235131
"3478512","2004-09-17",22.6514773169158,0.554764285714286,0.617461904761905,0.690477777777777,12.8573015618974,11.2382524381027,12.047777,0.694216672435672,53.7830714399617,11.8510652,12.168151277082,1.12094964959462,0.567577320507028
"3478511","2004-09-20",21.231601411123,0.633335714285714,0.617461904761905,0.640477777777777,12.8583278699815,11.3413374633519,12.0998326666667,0.699335912307104,56.3156887948396,11.8839984,12.1883977734711,1.11323308967721,0.676708474341065
"3478510","2004-09-21",21.021104849252,0.681950246703458,0.623350082234487,0.619424630586098,12.9019384635793,11.4029495364207,12.152444,0.811916469069314,60.0976874630766,11.920532,12.2295007370082,1.20941935216343,0.783250649905539
"3478509","2004-09-22",19.867517242591,0.489968538862242,0.601751499950472,0.614187828982287,12.9228825122175,11.4550048211159,12.1889436666667,0.682385540900017,53.7611394459467,11.951332,12.2353446387405,1.12507445448382,0.851615410821195
"3478508","2004-09-23",18.7963287506915,0.423585820211177,0.531834868592293,0.585645483592416,12.94692611929,11.5146282140434,12.2307771666667,0.723651913120324,57.1051936718941,11.9950656,12.2608546869084,1.14584298741407,0.91046092613977
"3478507","2004-09-24",17.8016537224991,0.563980436204397,0.492511598425939,0.542032655656233,12.9709763528961,11.581355647104,12.276166,0.750627622258097,59.825828307474,12.0441324,12.300740728654,1.23510983446991,0.975390707805797
"3478506","2004-09-27",17.0377753554239,0.271428571428571,0.419664942614716,0.481337136544315,12.9604442925261,11.672221707474,12.316333,0.632226372970386,54.1819409796124,12.088266,12.3081979648334,1.15881250521312,1.01207506728726
"3478505","2004-09-28",16.6288498583637,0.379062740298701,0.404823915977224,0.439000152339292,12.9614655818825,11.7746447514509,12.3680551666667,0.786247784520072,57.5737216234835,12.1279996,12.335994236189,1.18920089121299,1.04750023207241
"3478504","2004-09-29",16.5007301032375,0.710798917076944,0.453763409601406,0.42608408939778,12.9600933971086,11.9200172695581,12.4400553333334,1.02127722734761,64.2278826705103,12.1765328,12.4098616713638,1.43911866911612,1.12582391948115
"3478503","2004-09-30",16.6103874249359,0.720776880594542,0.603546179323397,0.487377834967341,13.0232065321165,11.9691268012169,12.4961666666667,1.02120345728601,65.1732791882345,12.2315996,12.4818801151819,1.65450349579828,1.23155983474458
"3478502","2004-10-01",15.7225914643434,0.487259594714667,0.639611797462052,0.56564046212895,13.0078977209286,12.0913249457381,12.5496113333334,0.881070304640059,58.762232921675,12.2743996,12.5136294331577,1.65607766548315,1.31646340089229
"3478501","2004-10-04",14.8982095009361,0.617835611988496,0.608624029099236,0.617260668628227,13.0470577682539,12.1302765650795,12.5886671666667,0.905043390266829,61.2043813797848,12.3225332,12.5593681754033,1.72459274275849,1.39808926926553
"3478500","2004-10-05",14.5057065337865,0.375791796841411,0.493629001181525,0.580621609247603,13.051004452113,12.1722185478871,12.6116115,0.642300681806505,54.733740411125,12.3611996,12.5652297520162,1.59732036851645,1.43793548911572
"3478499","2004-10-06",14.1531618070844,0.372610278311215,0.455412562380374,0.519221864220377,13.0494740285488,12.215637638118,12.6325558333334,0.600872106684915,54.6519512764134,12.4078664,12.5698657850807,1.4772682490481,1.44580204110219
"3478498","2004-10-07",14.1890153062393,0.230510301625074,0.326304125592567,0.425115229718154,13.0395336540231,12.2529110126437,12.6462223333334,0.442650604037711,52.1325911774731,12.4373332,12.56055034707,1.30295931930553,1.41723349674286
"3478497","2004-10-08",14.4588762485699,0.162710761282974,0.255277113739755,0.345664600570897,13.0397918242681,12.2476528423986,12.6437223333334,0.332589562730033,50.4623946791139,12.4665332,12.5435876341273,1.10923790238915,1.35563437787212
"3478496","2004-10-11",14.7094614093054,0.162710761282974,0.185310608063675,0.255630615798664,13.0292264552006,12.2335515447995,12.631389,0.334866813549346,50.4623946791139,12.4797332,12.5288866162437,0.94483019897913,1.27347354209352
"3478495","2004-10-12",17.7141841801513,0,0.108473840855317,0.183020520886247,13.2317078198851,11.915403180115,12.5735555,-0.368764569220882,28.9810084557731,12.4373332,12.3388124007445,-0.0490320063727401,1.00897243240027
"3478494","2004-10-13",20.1578441468137,0.278636908244866,0.147115889842614,0.1469667795872,13.2719936239922,11.8194507093412,12.5457221666667,0.0263854216896915,41.1516397666628,12.4175996,12.2540814139786,-0.446388979339907,0.717900150052233
"3478493","2004-10-14",22.4269569730001,0.320432444481596,0.199689784242154,0.15175983831336,13.300481451152,11.7308518821814,12.5156666666667,0.0836937073660835,42.7368603533283,12.402666,12.1926478921148,-0.696057778692505,0.435108564303286
"3478492","2004-10-15",24.711556930049,0.261612193151105,0.286893848625856,0.211233174236873,13.331864154824,11.642024845176,12.4869445,0.0862538550214688,41.060522815601,12.3719996,12.1225175064995,-0.968609125306419,0.154365026381345
"3478491","2004-10-18",26.4431683776955,0.35294008377683,0.311661573803177,0.266081735557061,13.3409555775817,11.5873774224183,12.4641665,0.204887309902372,44.6882725041527,12.3383996,12.0879591722995,-1.04276118823019,-0.0850602165409622
"3478490","2004-10-19",28.0510932933671,0.386998801861294,0.33385035959641,0.310801927341813,13.3309007417633,11.5323209249035,12.4316108333334,0.242729886660665,46.0225703609892,12.3158664,12.0677872826596,-1.04088331868512,-0.276224836969793
"3478489","2004-10-20",29.077121440877,0.383901288231306,0.374613391289811,0.340041774896465,13.3275219126211,11.489589087379,12.4085555,0.275291660466996,45.9140899907758,12.3002664,12.0494156449717,-1.03217082647167,-0.427414034870168
"3478488","2004-10-21",28.859651409578,0.450725522696211,0.407208537596271,0.371890762827496,13.3116444595421,11.4653548737913,12.3884996666667,0.370820373011496,47.9605273431261,12.2870664,12.0472708923088,-0.945180613720653,-0.530967350640265
"3478487","2004-10-22",28.2962333639277,0.543863157894737,0.459496656274085,0.413772861720054,13.2881457202851,11.451187279715,12.3696665,0.433647655108514,49.9981650390474,12.2841332,12.0591907733343,-0.797764606195972,-0.584326801751406
"3478486","2004-10-25",26.7808475034711,0.687724390389187,0.560771023660045,0.475825405843465,13.288567795871,11.451320204129,12.369944,0.56655390408433,54.4015369733863,12.2862664,12.1010760035564,-0.516846390117898,-0.570830719424705
"3478485","2004-10-26",25.3737034901899,0.758823529411765,0.663470359231897,0.561246013055341,13.2647962336139,11.4510914330528,12.3579438333334,0.560557171872359,54.7640908637253,12.2821328,12.1400432030822,-0.278236693881684,-0.512311914316101
"3478484","2004-10-27",24.1035853818849,0.755026489848301,0.733858136549751,0.652699839813896,13.2108345844585,11.4697197488749,12.3402771666667,0.665763238262545,56.3825657493276,12.2903996,12.1853707760046,-0.0318437571732444,-0.416218282887529
"3478483","2004-10-28",23.0374005553973,0.820790322580646,0.778213447280238,0.725180647687294,13.1554721364861,11.4946375301806,12.3250548333334,0.750509692588928,59.109367804187,12.2985328,12.2446546725373,0.258604150946518,-0.28125379612072
"3478482","2004-10-29",22.0473717879445,0.838709677419355,0.804842163282768,0.772304582370917,13.1227243677789,11.5078292988879,12.3152768333334,0.74029621127837,59.7120623644146,12.302666,12.3004780495323,0.503561222061122,-0.124290792484352
"3478481","2004-11-01",21.0416922085709,0.503856060956612,0.721118686985538,0.768058099182846,13.0379161172644,11.5334148827357,12.2856655,0.554577001854275,51.3207885863263,12.3011992,12.3030809762613,0.46665893231963,-0.00610084752355528
"3478480","2004-11-02",20.3869026485048,0.434446963737603,0.592337567371191,0.706099472546497,12.9875891118767,11.5406312214567,12.2641101666667,0.528643888170053,49.3624925710956,12.2897324,12.2933368460932,0.374099872410594,0.0699392964632745
"3478479","2004-11-03",20.6825448183552,0.179946940601238,0.372749988431818,0.562068747596181,12.9287650241481,11.5326776425187,12.2307213333334,0.369756481058407,42.8987277648553,12.2501324,12.2408919332807,0.0827008762479542,0.0724916124202105
"3478478","2004-11-04",21.2183993513076,0.107317073170732,0.240570325836525,0.40188596054651,12.9442355367527,11.526429129914,12.2353323333334,0.823032583614733,47.0471423130305,12.2154656,12.21988367551,-0.0276586643659593,0.0524615570629765
"3478477","2004-11-05",23.0652809292388,0.453703703703703,0.246989239158558,0.286769851142299,13.3379399161993,11.2776137504674,12.3077768333334,1.30192311011092,65.8171082294583,12.2414656,12.3732325187753,0.720922212419572,0.186153688134296
"3478476","2004-11-08",24.7802423944606,0.544237654320988,0.368419477065142,0.285326347353407,13.6588436394987,11.1098213605014,12.3843325,1.14604280377172,68.553744106558,12.273732,12.5452455162719,1.4771253796988,0.444348026447196
"3478475","2004-11-09",26.3727066121666,0.662552469135803,0.553497942386832,0.389635552870175,13.9410490604207,11.1029499395794,12.5219995,1.08536967735437,71.7381020522999,12.3314656,12.7454354474357,2.28146888371132,0.811772197900021
"3478474","2004-11-10",27.8514233857507,0.679012345679012,0.628600823045268,0.516839414165745,14.2013828886649,11.0777274446685,12.6395551666667,1.00240330967025,72.1604661773662,12.3914656,12.9260440544443,2.90385062540102,1.23018788340022
"3478473","2004-11-11",29.1943048405861,0.675925925925926,0.672496913580247,0.618198559670781,14.4105359636857,11.1003523696477,12.7554441666667,0.930355535535586,71.9433513600673,12.4550656,13.0812381805184,3.34025276448342,1.65220085961686
"3478472","2004-11-12",30.606844727423,0.68929938271605,0.68141255144033,0.660836762688613,14.5942998876942,11.1635881123058,12.878944,0.90190862915336,72.3318095322856,12.5230656,13.2215170897826,3.66092716638975,2.05394612097144
"3478471","2004-11-15",32.4848962060947,0.731481481481481,0.698902263374486,0.684270576131686,14.8125133336104,11.2048193330563,13.0086663333334,0.924770966282418,73.5746035916128,12.5965324,13.3613148111449,3.94392052848735,2.43194100247462
"3478470","2004-11-16",34.2288011505755,0.84362037037037,0.754800411522634,0.711705075445815,15.0239917462827,11.265784920384,13.1448883333334,0.91201608596844,76.5856242997442,12.7377324,13.5309168363256,4.32615618978016,2.81078403993573
"3478469","2004-11-17",36.0034519494544,0.82716049382716,0.800754115226338,0.751485596707818,15.2006279977113,11.3610373356222,13.2808326666667,0.8733759123913,75.2306162997451,12.8527992,13.6707945914822,4.53467215733414,3.15556166341541
"3478468","2004-11-18",37.6513419769848,0.834361111111111,0.835047325102881,0.796867283950616,15.3439200227507,11.4697453105827,13.4068326666667,0.826047247180832,75.4353704249905,12.9651992,13.7951326459512,4.65214417530289,3.45487816579291
"3478467","2004-11-19",38.7670554709545,0.80041049382716,0.820644032921811,0.818815157750342,15.446204839713,11.5994601602871,13.5228325,0.771643754329594,72.3965975219444,13.0782656,13.8882256264911,4.62230648594333,3.68836382982299
"3478466","2004-11-22",40.1801759099005,0.851851851851852,0.828874485596708,0.828188614540465,15.5768907082941,11.6993299583726,13.6381103333334,0.79907109343336,74.0990990946811,13.1901324,13.9911288762922,4.63700539912648,3.87809214368369
"3478465","2004-11-23",41.618083434892,0.879275641025641,0.843845995568218,0.831121504695578,15.7036175522579,11.8210477810755,13.7623326666667,0.80646987350964,75.7123261942524,13.3057324,14.1025343594533,4.68499858802021,4.03947343255099
"3478464","2004-11-24",43.0402836150924,0.84748847051728,0.859538654464925,0.844086378543282,15.8370270283151,11.934526971685,13.885777,0.810570057419348,77.2960622730264,13.4285324,14.2221964448595,4.76083123269142,4.18374499257908
"3478463","2004-11-26",44.4006770468895,0.838323353293413,0.855029154945446,0.852804601659528,15.9579192534263,12.0548567465738,14.006388,0.793856938746507,77.8640200823956,13.5497324,14.3343475855449,4.79534906739358,4.30606580754198
"3478462","2004-11-29",45.8228620162578,0.850234332877109,0.845348718895935,0.853305509435434,16.0775715288208,12.1997604711793,14.138666,0.812089470582933,79.7057866931838,13.6753324,14.4599905741389,4.87974883577846,4.42080241318928
"3478461","2004-11-30",47.2024912899723,0.835990514784772,0.841516066985099,0.847297980275492,16.1217300800784,12.458157253255,14.2899436666667,0.801177671494534,80.0135217489148,13.7929324,14.5737691642537,4.90412952372441,4.5174678352963
"3478460","2004-12-01",48.6746821802692,0.847697089573326,0.844640645745069,0.843835143875366,16.1258682662943,12.7819077337058,14.453888,0.838088719144709,81.5478506393388,13.9171992,14.6972666090199,4.96300344240759,4.60657495671856
"3478459","2004-12-02",50.1474621021296,0.796547415456016,0.826745006604705,0.837633906444956,15.9706621966429,13.2956694700239,14.6331658333334,0.874311609661402,81.6830829045525,14.038666,14.8065203944839,4.9556967856452,4.67639932250389
"3478458","2004-12-03",50.6417639572357,0.66458125,0.769608585009781,0.813664745786517,15.8128710041914,13.726905329142,14.7698881666667,0.815387979710837,75.1589834971439,14.1467992,14.8767616752194,4.79120449393815,4.69936035679074
"3478457","2004-12-06",50.7922393256099,0.561746823857569,0.674291829771196,0.756881807128559,15.8367301604411,13.8387131728923,14.8377216666667,0.739711842450795,72.8797537148346,14.2509328,14.9287494518568,4.570106018405,4.67350948911359
"3478456","2004-12-07",49.0142549152499,0.213079387216981,0.47980248702485,0.641234300601941,15.8122336452179,13.9553210214488,14.8837773333334,0.536860108076078,59.0041889239289,14.3495996,14.9098055249426,4.08833460392002,4.55647451207488
"3478455","2004-12-08",47.3632693913442,0.222762172488687,0.332529461187746,0.495541259327929,15.7889089478317,14.045867718835,14.9173883333334,0.464526561025583,59.2362973962802,14.4523996,14.8951647882836,3.67180420701969,4.37954045106384
"3478454","2004-12-09",45.0088930707354,0.0508473345100862,0.162229631405252,0.324853859872614,15.7588996530352,14.1199876802982,14.9394436666667,0.323390758738145,53.4500455238492,14.5589328,14.8509201498457,3.1771954359288,4.13907144803683
"3478453","2004-12-10",42.4038431369408,0,0.0912031689995914,0.195320753864195,15.7235859902843,14.1910790097158,14.9573325,0.226229088250064,50.5302928196375,14.6529328,14.7952414631996,2.68371990078988,3.84800113858744
"3478452","2004-12-13",40.6193456837278,0.15545671587769,0.0687680167959256,0.107400272400255,15.6855440713081,14.2804545953586,14.9829993333334,0.34920106254667,55.0710863077508,14.7043996,14.7767652681064,2.38713285492798,3.55582748185555
"3478451","2004-12-14",38.9623123343158,0.2181015821309,0.12451943266953,0.0948302061550141,15.6744731940624,14.3196368059377,14.997055,0.370957358246994,56.7922216730893,14.7477332,14.7727525656922,2.17631317144702,3.27992461977384
"3478450","2004-12-15",36.9321569579459,0.120654012403683,0.164737436804091,0.119341628756514,15.6737334004544,14.3223772662123,14.9980553333334,0.289308932373783,53.3674192544808,14.7701332,14.7506082235999,1.91072358248769,3.00608441231661
"3478449","2004-12-16",34.8616283154191,0.0835264883376148,0.140760694290733,0.14333918792145,15.6779370237513,14.3090623095822,14.9934996666667,0.229581047238939,52.0788212104576,14.7882664,14.7243044604532,1.65206222609984,2.73527997507326
"3478448","2004-12-17",32.3998260793886,0,0.0680601669137664,0.124519432669529,15.6911381269967,14.27675053967,14.9839443333334,0.142916596653719,47.9493548515056,14.7997332,14.6779531990595,1.3346358627111,2.45515115260083
"3478447","2004-12-20",30.2222527475019,0.111602927685106,0.0650431386742405,0.0912879999595783,15.6886952014286,14.2830821319048,14.9858886666667,0.230206454709573,51.8298622014475,14.8161332,14.6600034391849,1.16139721915394,2.19640036591145
"3478446","2004-12-21",28.2002203678928,0.113839539820401,0.0751474891685027,0.0694169315855015,15.6949382951866,14.2562837048135,14.975611,0.233509579552892,51.9072445358229,14.8272,14.6448923139602,1.01428732255149,1.95997775723946
"3478445","2004-12-22",27.2240967446809,0.182790322580645,0.136077596695384,0.0920894081793741,15.6918709211733,14.2363507454934,14.9641108333334,0.333811418505147,53.2784298537147,14.826,14.6393506720989,0.918409619289196,1.7516641296494
"3478444","2004-12-23",26.6998296159761,0.448711538461538,0.248447133620862,0.153224073161581,15.680847590297,14.2302627430365,14.9555551666667,0.480082631231164,58.6555864533416,14.8365332,14.666547915819,0.963614471980789,1.59405419811568
"3478443","2004-12-27",26.3996182776515,0.639710586107252,0.423737482383145,0.269420737566462,15.6695339462294,14.2286880537707,14.949111,0.552285721228709,60.9417370230532,14.8506668,14.7052308603765,1.0492442301842,1.48509220452939
"3478442","2004-12-28",25.7954097398327,0.646802752352138,0.578408292306976,0.416864302770326,15.6256046475701,14.2321726857633,14.9288886666667,0.511162846190535,58.6806098270844,14.8662668,14.7289774123263,1.06408279922134,1.40089032346778
"3478441","2004-12-29",25.0542526317013,0.595738705271086,0.627417347910159,0.543187707533425,15.5676052879858,14.2409500453476,14.9042776666667,0.49761229099701,57.4290670589827,14.8736,14.7442244240161,1.0416771334244,1.3290476854591
"3478440","2004-12-30",25.0267505680498,0.792964035015762,0.678501830879662,0.628109157032264,15.4755585241653,14.2857744758348,14.8806665,0.694618090841669,62.0100981078424,14.8826664,14.785438500814,1.1255033418031,1.2883388167279
"3478439","2004-12-31",24.3062336867259,0.613279739373982,0.667327493220277,0.657748890670031,15.3343909538614,14.3601640461386,14.8472775,0.622547597197552,57.1725001107765,14.8786664,14.8007133673721,1.09517536254862,1.24970612589205
"3478438","2005-01-03",22.8769308430667,0.183586654635368,0.529943476341704,0.625257600147213,15.2219658550158,14.3987001449843,14.810333,0.352482215822258,47.6076709185684,14.8574664,14.7650622517225,0.861050070103486,1.17197491473433
"3478437","2005-01-04",23.6409002958613,0,0.26562213133645,0.487631033632809,15.230670424801,14.2566622418657,14.7436663333334,-0.280619382863263,33.0475168926053,14.7918664,14.6146099514928,0.179810255399926,0.973541982867452
"3478436","2005-01-05",24.826080413306,0,0.0611955515451232,0.285587053074425,15.3966686840736,13.9429969825932,14.6698328333334,-0.321560672044321,29.7344135626412,14.7126664,14.4437726246271,-0.528831090807014,0.673067368132559
"3478435","2005-01-06",25.9517745335928,0,5.08852219619863e-16,0.10893922762719,15.4937840491286,13.7052149508715,14.5994995,-0.143312858933563,29.5591393878029,14.6253332,14.2934922746768,-1.09458964171296,0.319535966163455
"3478434","2005-01-07",27.2265539069478,0,5.08852219619863e-16,0.0203985171817065,15.5789654378806,13.4910342287861,14.5349998333334,-0.0627563278340188,27.9610085516884,14.5313332,14.1432493047199,-1.6162319390764,-0.0676176148845154
"3478433","2005-01-10",28.4102776107774,0.0177673954239019,0.00592246514130113,0.00197415504709916,15.6476695642482,13.2985521024185,14.4731108333334,0.000614939129961563,28.9717441943174,14.4461332,14.0179267307573,-1.9919511949385,-0.452484330895313
"3478432","2005-01-11",29.5094496214764,0.0759258092500959,0.0312310682246664,0.0123845111219878,15.6640383925634,13.1405162741033,14.4022773333334,0.0847732055388317,32.3191563531675,14.3683996,13.925313833323,-2.19933888431272,-0.801855241578794
"3478431","2005-01-12",29.8398648147992,0.0888515167229671,0.0608482404656555,0.0326672579438728,15.6470009277773,13.0178870722228,14.332444,0.155059695715566,33.0740728029452,14.3109328,13.8486053222132,-2.32418155877058,-1.10632050501715
"3478430","2005-01-13",30.5665935110918,0,0.0549257753243549,0.0490016946715574,15.6430905157958,12.8743524842042,14.2587215,0.131660770467648,30.1334307967794,14.244266,13.7532352792515,-2.52360119583334,-1.38977664318039
"3478429","2005-01-14",31.0243891310037,0.0286168066505453,0.0391561077911713,0.051643374527059,15.6268354986373,12.7578298346961,14.1923326666667,0.187425039063367,31.9380922704234,14.189466,13.6785812420179,-2.6191914142169,-1.63565959738769
"3478428","2005-01-18",30.1420726868395,0.0651843160821678,0.0312670409109049,0.0417829746754754,15.6038105882792,12.6786324117209,14.1412215,0.265978414983662,34.2743466962689,14.1429328,13.6241037430822,-2.6213469515758,-1.83279706822531
"3478427","2005-01-19",29.32277884583,0.0683655510881534,0.0540555579402893,0.0414929022141202,15.5601554870224,12.604065846311,14.0821106666667,0.277522308206544,34.4850355609338,14.0877328,13.5777792440046,-2.59052332117137,-1.98434231881452
"3478426","2005-01-20",28.8555855027976,0.0152542114335396,0.0496013595346208,0.0449746527952701,15.5170146256432,12.5110953743569,14.014055,0.239532258005597,32.5742034388388,14.0243992,13.522519344804,-2.60485819407906,-2.10844549386743
"3478425","2005-01-21",29.0058661531709,0,0.0278732541738982,0.0438433905496012,15.4526704100231,12.407884589977,13.9302775,0.209796500567425,28.8301734957911,13.9567992,13.4417394321634,-2.73436794227704,-2.23362998354935
"3478424","2005-01-24",29.0315098271424,0,0.00508473714451371,0.027519783617676,15.3324294015185,12.341014931815,13.8367221666667,0.2388641701404,28.8301734957911,13.8913328,13.3717301745417,-2.80736995700762,-2.34837797824101
"3478423","2005-01-25",28.9062350504606,0.145982284606879,0.0486607615356268,0.0272062509513447,15.1620348778078,12.3245204555256,13.7432776666667,0.292874709152197,33.6136415119968,13.838266,13.3288328179361,-2.75469264111601,-2.42964091081601
"3478422","2005-01-26",28.2269553843077,0.288318570505732,0.144766951704204,0.06617081679478,14.9789368423062,12.3416184910272,13.6602776666667,0.357493755673785,37.9899620238976,13.7837328,13.3089884422113,-2.6048771902681,-2.46468816670642
"3478421","2005-01-27",27.4346623226845,0.313862459352041,0.249387771488218,0.147605161576015,14.7766225123097,12.3850438210237,13.5808331666667,0.3876837431085,38.7700618215312,13.7299992,13.2949006499164,-2.44408474082802,-2.46056748153074
"3478420","2005-01-28",27.2557189260661,0.109489450691425,0.2372234935164,0.210459405569606,14.4623671240141,12.502521875986,13.4824445,0.32753850913818,34.9785597521443,13.6665328,13.2578032299276,-2.40280260949814,-2.44901450712422
"3478419","2005-01-31",27.0895572006348,0.313862459352041,0.245738123131836,0.24411646271215,14.1044457365732,12.6889985967602,13.3967221666667,0.397910587684822,41.1739565454049,13.6009328,13.2505401326039,-2.2312246941618,-2.40545654453174
"3478418","2005-02-01",26.7815019545119,0.328468352074278,0.250606754039249,0.24452279022916,13.7131183253474,12.9385486746527,13.3258335,0.429354104414456,41.602207386408,13.5313328,13.2460241149234,-2.06339221061552,-2.3370436777485
"3478417","2005-02-02",25.3481721258882,0.554739250873178,0.399023354099833,0.298456077090304,13.5590104811417,13.0433225188583,13.3011665,0.866171368108939,47.9267425275977,13.4729328,13.2696648996003,-1.78396804805864,-2.22642855181053
"3478416","2005-02-03",23.7475714845317,0.598535031149748,0.493914211365735,0.381181439834937,13.5717837821947,13.0367715511387,13.3042776666667,0.93643675124784,49.0763250839423,13.4177328,13.2954869129869,-1.52064124615187,-2.08527109067879
"3478415","2005-02-04",22.7575449939047,0.506625871694514,0.553300051239147,0.482079205568237,13.6008472935816,13.0220413730851,13.3114443333334,0.985100428411501,48.0297912559251,13.3526664,13.3129779912553,-1.31894341739783,-1.9320055560226
"3478414","2005-02-07",22.4142600774547,0.824855932203391,0.643338945015885,0.563517735873588,13.7457808079927,12.9369965253407,13.3413886666667,1.26349324112545,59.7206483454465,13.3122664,13.3899142590879,-0.869298380284356,-1.71946412087495
"3478413","2005-02-08",21.9572720444297,0.79943220338983,0.710304669095912,0.635647888450313,13.8459330890045,12.8980669109956,13.372,1.06993629044561,58.798347664536,13.2853332,13.4525923578762,-0.526148677751104,-1.48080103225018
"3478412","2005-02-09",20.7519530349911,0.64971186440678,0.758000000000001,0.703881204703931,13.9069308396533,12.8832911603468,13.395111,0.911817108944912,53.5531784348845,13.2871996,13.4833573768261,-0.356464154262903,-1.25593365665273
"3478411","2005-02-10",19.4367865117812,0.610169491525424,0.686437853107345,0.718247507401084,13.9442895525263,12.8773771141405,13.4108333333334,0.808525787268913,52.2280296765355,13.2993332,13.5037990599159,-0.247152939667572,-1.0541775132557
"3478410","2005-02-11",18.2573288380289,0.490740740740742,0.583540698890982,0.675992850666108,13.9754240026073,12.8923543307261,13.4338891666667,0.745703645458378,49.6747547960015,13.3085332,13.5095151852605,-0.211820168214916,-0.88570604424754
"3478409","2005-02-14",17.1621181409733,0.601851851851852,0.567587361372673,0.612521971123665,14.0145480223737,12.9008973109597,13.4577226666667,0.782405123476558,52.9757097634409,13.3285332,13.5304691605591,-0.111006611031661,-0.730766157604364
"3478408","2005-02-15",20.0196856791882,0.224864026880029,0.439152206490875,0.530093422251508,14.230698868049,12.7897464652844,13.5102226666667,1.19151763659107,54.1452893605564,13.3488,13.5544066058179,-0.00536556024232082,-0.585686038131956
"3478407","2005-02-16",22.6731412503877,0.641079611977959,0.489265163569947,0.498668243811163,14.6112087516751,12.582347248325,13.596778,1.26830051275526,74.4300986227709,13.4156,13.7462630583755,0.825360741370318,-0.303476682231501
"3478406","2005-02-17",25.1370642807873,0.661680481380343,0.509208040079444,0.479208470046754,14.9187718869614,12.4743397797053,13.6965558333334,1.12595759104591,75.5784639082702,13.4864,13.9294279839254,1.52870672846235,0.0629599999072689
"3478405","2005-02-18",26.8385087673292,0.604623820374359,0.635794637910887,0.544755947186758,15.1290315094327,12.4705241572341,13.7997778333334,0.993258807647143,71.2270834256637,13.5594668,14.0668375860687,1.96234151556809,0.442836303039433
"3478404","2005-02-22",26.5817961845956,0.352430445292097,0.5395782490156,0.561526975668642,15.2082540164369,12.5485239835632,13.878389,0.781754535512111,57.911634087001,13.6064004,14.1068152412595,1.94085860900353,0.742440764232252
"3478403","2005-02-23",26.2524147583809,0.339150048815522,0.432068104827326,0.535813663917936,15.2457249271389,12.6356084061945,13.9406666666667,0.676407194712786,57.2638280170878,13.6489336,14.1370172090916,1.88257531392737,0.970467674171275
"3478402","2005-02-24",26.2515014843433,0.314214855629496,0.335265116579039,0.43563715680732,15.2813691822376,12.7129644844292,13.9971668333334,0.66246654341092,55.9170141975803,13.6885336,14.1543042478794,1.77765314803309,1.13190476894364
"3478401","2005-02-25",26.4736272515139,0.402086686797241,0.351817197080753,0.373050139495704,15.3396489441612,12.7896847225055,14.0646668333334,0.734337863093091,60.5175440407321,13.7449336,14.2101743481621,1.84697700565237,1.27491921628538
"3478400","2005-02-28",26.8998259944992,0.502610316723651,0.406303953050129,0.364462088903306,15.3995090765274,12.9030465901394,14.1512778333334,0.790566686777182,63.9122296768895,13.8214668,14.2928177684072,2.02211628454509,1.42435862993733
"3478399","2005-03-01",27.2389775246314,0.496081587573874,0.466926197031589,0.408349115720822,15.4450386507632,13.0186280159035,14.2318333333334,0.760259602226461,63.5301792787123,13.8973332,14.3622193992862,2.12477230782411,1.56444136551468
"3478398","2005-03-02",27.1815565759289,0.454308687087059,0.484333530461528,0.452521226847747,15.4613177311621,13.155571268838,14.3084445,0.714634251750203,61.0169181229609,13.9636,14.4081461460481,2.12045197109434,1.67564348663061
"3478397","2005-03-03",27.2513332444752,0.519580312768032,0.489990195809655,0.480416641100922,15.4998879741679,13.2614456924988,14.3806668333334,0.747393691825297,63.4500140615673,14.0313332,14.4701706599083,2.18375317488757,1.77726542428201
"3478396","2005-03-04",27.4355340807397,0.489041765810638,0.487643588555243,0.487322438275474,15.5250900936918,13.3766882396416,14.4508891666667,0.728697515662789,63.0265322333984,14.0974668,14.5217039052539,2.19793154980483,1.86139864938657
"3478395","2005-03-07",27.4190321461788,0.460251046025104,0.489624374867925,0.489086053077606,15.5337036873071,13.500963312693,14.5173335,0.698636532752796,61.7825438359552,14.1692,14.5601433845534,2.15747112037521,1.9206131435843
"3478394","2005-03-08",27.4037089212294,0.450545193805478,0.466612668547074,0.481293543990079,15.5597815517623,13.5688851149044,14.5643333333334,0.668041555120419,61.8404183873339,14.2336,14.5939015999463,2.1023734717744,1.95696520922232
"3478393","2005-03-09",28.38770763761,0,0.303598746610194,0.419945263341729,15.7422908716463,13.2741534616871,14.5082221666667,-0.196161469670793,28.9931484159461,14.2049332,14.3147147199534,0.760427941939068,1.71765775576567
"3478392","2005-03-10",29.3014207313919,0.137299928260788,0.195948374022089,0.322053263059784,15.8387288328289,13.0949381671712,14.4668335,-0.0386502397936168,35.3842046641067,14.184,14.1260860906263,-0.0914974171614902,1.35582672118024
"3478391","2005-03-11",29.5854054936239,0.164781132075471,0.100693686778753,0.200080269137011,15.9015257529247,12.966807913742,14.4341668333334,0.0408427974429625,35.9533256094353,14.1629336,13.9674972785428,-0.745875461834733,0.935486284577243
"3478390","2005-03-14",29.9762098350418,0.127365860486583,0.143148973607614,0.146597011469484,15.9648490399302,12.8335956267365,14.3992223333334,0.0534986104577077,35.046783841958,14.1393336,13.8167203080704,-1.31474801850204,0.485439423961386
"3478389","2005-03-15",30.3390995806441,0.153847608887275,0.148664867149777,0.130835842512047,16.0202489189234,12.7019737477434,14.3611113333334,0.0928282224045941,36.2583709193485,14.1000004,13.6953802669944,-1.71106787090565,0.0461379649879794
"3478388","2005-03-16",30.676068630132,0.158890490404149,0.146701319926003,0.146171720227796,16.0490050471025,12.518884286231,14.2839446666667,0.125901938548032,36.5012755346975,14.0624004,13.5919962313951,-1.99877562332644,-0.362844752674905
"3478387","2005-03-17",31.1191300715558,0.126102302777179,0.146280134022868,0.147215440366214,15.9850812949116,12.3589190384218,14.1720001666667,0.153811179826081,35.5526221177584,14.0284004,13.4908407338758,-2.25637537394902,-0.741550876929727
"3478386","2005-03-18",30.3602450500038,0.137451623520332,0.14081480556722,0.144598753172029,15.8702382598588,12.2577617401412,14.064,0.223918851451893,36.1710010838663,13.9974668,13.4071726360257,-2.41812637187793,-1.07686597591937
"3478385","2005-03-21",29.6555661014198,0.138715181229736,0.134089702509083,0.140394880699722,15.7572504917224,12.154638841611,13.9559446666667,0.220774418385542,36.2443473564001,13.9702668,13.3351056178889,-2.51791743390108,-1.36507626751571
"3478384","2005-03-22",28.9303360532348,0.138715181229736,0.138293995326602,0.137732834467633,15.6961243733896,12.0487649599438,13.8724446666667,0.249225518248942,36.2443473564001,13.9382668,13.2726475355037,-2.56949065561537,-1.60595914513564
"3478383","2005-03-23",29.2312501779446,0,0.0924767874864911,0.121620161774057,15.6777058228984,11.8768501771017,13.777278,0.163364922909308,29.8519599919495,13.8830668,13.1469611974366,-2.90813565138542,-1.8663944463856
"3478382","2005-03-24",29.3935444223858,0.0876790138376941,0.0754647316891437,0.102078504834077,15.6250649438381,11.755491056162,13.690278,0.237482378468438,35.4842170868195,13.7864004,13.0709223711117,-2.99506152558358,-2.09212786222519
"3478381","2005-03-28",28.0253182154476,0.206813868613139,0.0981642941502778,0.0887019377753028,15.5096626403891,11.7112270262776,13.6104448333334,0.356549321346293,41.9911928983757,13.6974672,13.0476887216301,-2.83503159018841,-2.24070860781784
"3478380","2005-03-29",26.7548224518622,0.600587756815617,0.298360213088817,0.157329746309411,15.3400911357108,11.7027988642893,13.521445,0.383216698493673,44.2614992011265,13.619734,13.0435528920794,-2.60409247230327,-2.31338538071492
"3478379","2005-03-30",25.0819342277509,0.586007539380581,0.464469721603112,0.286998076280734,15.1520298189458,11.7194161810543,13.435723,0.416438891684811,44.0038550530161,13.5650672,13.0377458398022,-2.40369011158932,-2.3314463268898
"3478378","2005-03-31",23.5285380196475,0.723037093402604,0.636544129866268,0.466458021519397,14.9557925197699,11.7588754802302,13.357334,0.4619078844314,47.1193420281654,13.5180008,13.0536023944952,-2.12335160121059,-2.28982738175396
"3478377","2005-04-01",21.9116018980691,0.688051568663464,0.66569873381555,0.588904195094975,14.697526442247,11.8466975577531,13.272112,0.485229325093574,46.4093843676861,13.4720008,13.0620114085625,-1.90384744622072,-2.21263139464731
"3478376","2005-04-04",20.8379319749244,0.548109469706909,0.653066043924326,0.651769635868713,14.3813373420709,11.9753313245958,13.1783343333334,0.45358933746535,43.5807757296728,13.4073344,13.0479658874209,-1.80791595514399,-2.13168830674665
"3478375","2005-04-05",19.8409527605758,0.606412846684684,0.614191295018352,0.644318690919408,13.9857223825617,12.1881682841051,13.0869453333334,0.503551863430486,45.0825593230858,13.3350676,13.0446811024314,-1.67151433216012,-2.03965351182934
"3478374","2005-04-06",18.5093154191259,0.588920084315114,0.581147466902236,0.616134935281636,13.3468564249855,12.6513675750146,12.999112,0.705766059378175,44.6981278392856,13.2626676,13.0391676221072,-1.5578583721807,-1.94329448389961
"3478373","2005-04-07",17.8302032861723,0.83160406320191,0.675645664733903,0.623661475551495,13.4234707795741,12.6429755537593,13.0332231666667,1.06246361559532,53.2186660818304,13.2104008,13.0872786058263,-1.20877532490347,-1.79639065210038
"3478372","2005-04-08",16.5713114471754,0.665803974601102,0.695442707372709,0.650745279669614,13.4544178581589,12.6426951418412,13.0485565,0.804291307488738,48.8587621821314,13.1429344,13.1005307917161,-1.05159709864515,-1.64743194140934
"3478371","2005-04-11",15.7676356451824,0.56735604311906,0.688254693640691,0.686447688582433,13.4591685945575,12.6437217387759,13.0514451666667,0.614045649949194,46.426632988145,13.0710676,13.0951266861539,-0.993539916113595,-1.51665353635019
"3478370","2005-04-12",15.6696148444185,0.378239952746237,0.5371333234888,0.640276908167398,13.4586909321901,12.6356437344766,13.0471673333334,0.340093415016378,42.0920182827686,12.9913344,13.0579991280001,-1.08523802089107,-1.43037043325836
"3478369","2005-04-13",15.1618967834528,0.36858653846154,0.438060844775612,0.554482953968366,13.4605080894086,12.6381595772582,13.0493338333334,0.50486350974176,45.3298882352706,12.9172012,13.0449325776001,-1.05761782196231,-1.35581991099915
"3478368","2005-04-14",14.6348015128156,0.333325,0.360050497069259,0.445081555111222,13.4692622987953,12.6471830345381,13.0582226666667,0.600826449391326,48.022965328951,12.9405344,13.0500522339201,-0.948608160057351,-1.27437756081079
"3478367","2005-04-15",14.7882829191783,0.0416624999999993,0.247858012820513,0.348656451555127,13.4688714794958,12.6520185205042,13.060445,0.378393046255635,43.6427316240854,12.9385344,13.0233786027307,-0.995130985727055,-1.21852824579405
"3478366","2005-04-18",15.4741591291298,0,0.124995833333333,0.244301447741034,13.4760119366991,12.6118787299676,13.0439453333334,0.144412075661778,39.8921634243792,12.9261344,12.9704841223666,-1.15784865873605,-1.20639232838245
"3478365","2005-04-19",16.1110441812276,0.148141414141413,0.063267971380471,0.145373939178104,13.4786748227637,12.5964375105698,13.0375561666667,0.255920358739734,43.3359935278214,12.9236008,12.9441969060511,-1.18279071993206,-1.20167200669237
"3478364","2005-04-20",17.5031000052311,0,0.0493804713804712,0.0792147586980902,13.5000055464273,12.5389957869061,13.0195006666667,0.0600141804206593,37.5444664090169,12.9036008,12.8725266519109,-1.41618719559569,-1.24457504447303
"3478363","2005-04-21",18.7957232703772,0.0853966942148758,0.0778460361187631,0.0634981596265668,13.4814953193882,12.5700616806119,13.0257785,0.0584481968351934,39.9788888690282,12.8872008,12.8241897649895,-1.52058943386864,-1.29977792235215
"3478362","2005-04-22",20.5907791331406,0,0.028465564738292,0.0518973574125072,13.5259200708721,12.4964142624613,13.0111671666667,-0.110921435827149,35.4220479662895,12.8616008,12.7400751296575,-1.78434470642207,-1.39669127916614
"3478361","2005-04-25",22.2576167199923,0.00234659322438748,0.0292477624797545,0.0451864544456016,13.5594293115314,12.3943496884687,12.9768895,-0.0123136263405139,35.505546671358,12.8349344,12.6676211123699,-1.97145380028888,-1.51164378339069
"3478360","2005-04-26",23.0394732091566,0.22482330293535,0.0757232987199124,0.0444788753126514,13.5512120890946,12.3576775775722,12.9544448333334,0.243058819241406,43.0269115676897,12.8208008,12.6470489640539,-1.89747646766564,-1.58881032024568
"3478359","2005-04-27",23.8610984663701,0.209598484848486,0.145589460336074,0.0835201738452455,13.5382906806141,12.3118209860526,12.9250558333334,0.203257377701865,42.2999782046963,12.804934,12.6234424355134,-1.8455975600464,-1.64016776820582
"3478358","2005-04-28",23.9975897772382,0.366071428571428,0.266831072118421,0.162714610391468,13.5016866722859,12.2945356610475,12.8981111666667,0.333121265311523,45.3590958431412,12.8158672,12.6207607774449,-1.6998503713007,-1.6521042888248
"3478357","2005-04-29",24.5407902564007,0.225703914082044,0.267124609167319,0.22651504720727,13.4687704850007,12.2544511816661,12.8616108333334,0.202208335424068,42.2810724173964,12.8101336,12.5957700071189,-1.67396640505082,-1.65647671207
"3478356","2005-05-02",24.0175511439525,0.241380931780992,0.277718758144821,0.270558146476852,13.4481792641786,12.2277087358215,12.837944,0.299576752585769,42.6917453462944,12.7922668,12.5763340061697,-1.62441866979328,-1.65006510361466
"3478355","2005-05-03",22.9033412957463,0.51097485282224,0.326019899561758,0.290287755624631,13.4242559933424,12.226410339991,12.8253331666667,0.513173789646833,49.3639447537267,12.7810668,12.5977121386804,-1.38542179524884,-1.59713644194149
"3478354","2005-05-04",21.5758380187004,0.715546288720561,0.489300691107931,0.364346449604835,13.4200440796688,12.2278449203313,12.8239445,0.743669159126123,54.7120582990054,12.7813336,12.6522398535231,-1.01187033817846,-1.48008322118889
"3478353","2005-05-05",20.9182214985248,0.828358208955225,0.684959783499342,0.500093458056342,13.3964253296373,12.2422410036961,12.8193331666667,0.985765997162311,59.7431316899506,12.7872,12.7390518730533,-0.522360739689465,-1.288538724889
"3478352","2005-05-06",20.772402248625,0.74342105263158,0.762441850102455,0.645567441569908,13.4337027257446,12.2207409409222,12.8272218333334,1.01618127998838,60.0652274233398,12.7954664,12.8169556233129,-0.122510273807852,-1.05533303467277
"3478351","2005-05-09",20.8913667242164,0.895277637463501,0.822352299683435,0.756584644428409,13.5609178723008,12.1494151276993,12.8551665,1.10089870169267,64.9480534178637,12.8230664,12.9275842068712,0.389902775452833,-0.766285872647651
"3478350","2005-05-10",21.5772048111698,0.721139038829416,0.786612576308166,0.790468908698017,13.6959686448057,12.0949200218611,12.8954443333334,1.01570513735017,62.4066357047527,12.844,13.0101289792883,0.722035466706705,-0.46862160477678
"3478349","2005-05-11",22.0390530433845,0.69804494130561,0.771487205866176,0.793484027285924,13.786437411854,12.062895588146,12.9246665,0.913746946466581,61.2873161092589,12.864,13.0758891153832,0.945490937694715,-0.185799096282481
"3478348","2005-05-12",22.4113867184438,0.690390908168876,0.703191629434634,0.753763803869657,13.8575062046686,12.0392714619982,12.9483888333334,0.866931627515503,60.9253670797846,12.8676,13.1311038999988,1.10027385027633,0.0714154930292819
"3478347","2005-05-13",22.2164391667199,0.568226948621286,0.652220932698591,0.708966589333132,13.9148707415219,12.0352402584782,12.9750555,0.77632443611589,57.4530588199746,12.8746664,13.162067379999,1.13142120457439,0.283416635338304
"3478346","2005-05-16",22.1860834262693,0.700611607715667,0.653076488168609,0.66949635010061,13.9989827215953,12.0431279450714,13.0210553333334,0.82497879748666,61.4954797318029,12.8954664,13.2177917293324,1.2731467716202,0.481362662594684
"3478345","2005-05-17",22.6529023017032,0.682281706147238,0.650373420828063,0.651890280565086,14.0808839708044,12.048782362529,13.0648331666667,0.811472368026496,60.6364384622597,12.9247996,13.2620861654214,1.35055410685403,0.655200951446553
"3478344","2005-05-18",23.3142145961472,0.767678787878787,0.716857367247231,0.673435758747966,14.1703157996984,12.0824612003017,13.1263885,0.83593726635433,63.3901796481618,12.9543996,13.3204746766986,1.48472443388452,0.821105647934147
"3478343","2005-05-19",25.7583539691564,0.518115942028986,0.656025478685004,0.674418755586764,14.350162706646,12.0726142933541,13.2113885,0.988220064541296,66.4254979730101,12.9862664,13.3950780531388,1.67864666944937,0.992613852237191
"3478342","2005-05-20",28.0279119583792,0.510781011834248,0.598858580580673,0.657247142170967,14.4928729985013,12.1303486681654,13.3116108333334,0.955045401873371,68.3117442882316,13.0322664,13.4757343127203,1.88028175395683,1.17014743258112
"3478341","2005-05-23",30.1353586626576,0.617247529875234,0.548714827912822,0.601199629059498,14.6185635179493,12.2135468153841,13.4160551666667,0.937766121212532,73.2559335107028,13.1018664,13.5945257376909,2.22926078730281,1.38197010352546
"3478340","2005-05-24",31.1333163189625,0.440558670351975,0.522862404020485,0.556811937504659,14.706113972025,12.2914406946418,13.4987773333334,0.832733489947482,66.4545496655299,13.1566664,13.6676996393321,2.34265042691169,1.5741061682027
"3478339","2005-05-25",30.8090134951509,0.256186826525041,0.437997675584083,0.503191635839128,14.708277077623,12.4268335890438,13.5675553333334,0.661789966972402,57.7505251254377,13.2126664,13.6862290207545,2.20748853084971,1.7007826407321
"3478338","2005-05-26",30.6403243558282,0.292418244732411,0.329721247203142,0.430193775602568,14.7171712649174,12.550606068416,13.6338886666667,0.679750571993936,59.3949549295384,13.2683996,13.7151758179872,2.13234014938475,1.78709414246263
"3478337","2005-05-27",31.024536743137,0.382672594453801,0.310425888570417,0.359381603785879,14.699079150111,12.7418095165558,13.7204443333334,0.760907162667749,62.1318811104505,13.3434664,13.7624857089223,2.14517329576795,1.8587099731237
"3478336","2005-05-31",31.4693713539258,0.534296869500235,0.403129236228815,0.347758790667456,14.6909714136502,12.9340282530165,13.8124998333334,0.853991815976369,66.2478307854868,13.4295996,13.8408209477326,2.29095635936949,1.94515925037286
"3478335","2005-06-01",31.9972422364819,0.577618090942074,0.498195851632036,0.403916992143754,14.7034597370346,13.0883175962988,13.8958886666667,0.879533985197152,67.340095426033,13.5062664,13.9193781547016,2.42245293027767,2.04061798635382
"3478334","2005-06-02",31.7663686265008,0.480145342697937,0.530686767713415,0.47733728519142,14.7090030086172,13.2098853247162,13.9594441666667,0.784242194309361,62.4436421708481,13.5774664,13.9634610674081,2.39308264507092,2.11111091809724
"3478333","2005-06-03",31.420560956605,0.40160843373494,0.486457289124983,0.505113302823476,14.7232714288725,13.2906175711275,14.0069445,0.725496781086954,61.5511760624128,13.642,13.9972222584203,2.32298063694791,2.15348486186737
"3478332","2005-06-06",30.8156219628734,0.359439759036144,0.413731178489673,0.476958411776022,14.7238787242171,13.3704552757829,14.047167,0.655615007441776,59.62378234553,13.7105336,14.0171486239643,2.20129211659459,2.16304631281282
"3478331","2005-06-07",31.1179324750224,0.238410596026491,0.333152929599191,0.411113799071281,14.7464680929672,13.4104212403662,14.0784446666667,0.687452508005795,57.2340777829201,13.7749336,14.022862140769,2.03144335781784,2.13672572181382
"3478330","2005-06-08",31.3986493791608,0.482181667889947,0.360010674317527,0.368964927468795,14.8041685919377,13.439609074729,14.1218888333334,0.84304684217134,64.6803090158513,13.8448,14.0842578553332,2.11501010140112,2.13238259773128
"3478329","2005-06-09",30.4421115561456,0.273399688176571,0.331330650697669,0.341498084871461,14.8106130378279,13.5061649621722,14.158389,0.660520762694765,56.9453234275807,13.8916,14.0965794746221,1.98192809338393,2.10229169686181
"3478328","2005-06-10",29.8339529674771,0.647792452830189,0.467791269632236,0.386377531549142,14.8396683303709,13.5772203362959,14.2084443333334,0.823355102084082,61.9989564853516,13.9392,14.1494795446725,2.03345362254752,2.08852408199895
"3478327","2005-06-13",27.8695786424907,0.132075471698112,0.351089204234957,0.383403708188286,14.7821736751621,13.698604324838,14.240389,0.401203985419718,50.8931210967541,13.9641336,14.1224382720495,1.74198880885705,2.01921702737057
"3478326","2005-06-14",26.0455167692891,0.135216981132075,0.305028301886792,0.37463625858466,14.7400335649101,13.7823001017566,14.2611668333334,0.302718076302873,50.9507593433012,13.9762668,14.0994465024429,1.49570643756187,1.91451490940883
"3478325","2005-06-15",24.3709181012401,0.114186060996117,0.127159504608768,0.26109233691017,14.6914608240039,13.8765395093295,14.2840001666667,0.341019211302463,52.1021802508022,13.9949332,14.0879643021172,1.32159572063897,1.79593107165486
"3478324","2005-06-16",23.1136696518147,0.195652173913045,0.148351738680412,0.193513181725322,14.655927756692,13.9557395766414,14.3058336666667,0.44089160431551,54.1754619856819,14.0198668,14.0931250618349,1.23433824367845,1.68361250605958
"3478323","2005-06-17",22.1478475740964,0.22463043478261,0.17815622323059,0.151222488839922,14.6549467789994,13.954942554334,14.3049446666667,0.500869518561723,54.6724732360109,14.0464,14.1011523869236,1.16695276292749,1.58028055743316
"3478322","2005-06-20",20.8366240046265,0.0941956521739132,0.171492753623189,0.166000238511395,14.6489410004949,13.9331703328385,14.2910556666667,0.245492504468657,51.9416735335725,14.0732,14.0921094020004,1.03292302312812,1.47080905057215
"3478321","2005-06-21",21.0289651446049,0.101445652173913,0.140090579710145,0.16324651885464,14.6308371080746,13.9338295585921,14.2823333333334,0.517374273792237,52.0849327263419,14.0916,14.0851614817337,0.919948597781128,1.36063696001395
"3478320","2005-06-22",20.7322917225704,0,0.0652137681159417,0.125599033816424,14.6314231947932,13.9094658052069,14.2704445,0.214662984771505,48.796922394313,14.1056,14.0604732841692,0.741583150658243,1.23682619814281
"3478319","2005-06-23",20.2323942782895,0,0.033815217391304,0.0797065217391285,14.6237719936129,13.9234496730538,14.2736108333334,0.109302518805553,47.2666696317545,14.1109332,14.0301875129466,0.555415271393711,1.10054401279299
"3478318","2005-06-24",19.1093849644779,0,-3.51570624464633e-16,0.0330096618357467,14.6945789444062,13.8119760555938,14.2532775,-0.221291732370499,38.651821754847,14.0914664,13.9452731778871,0.151687800555256,0.910772770345441
"3478317","2005-06-27",18.0665906016529,0.0294829931972781,0.00982766439909236,0.0145476272634636,14.7558610177126,13.6830276489541,14.2194443333334,-0.119851773846513,39.8154086976524,14.0689332,13.8774594208355,-0.143147711026126,0.699988674071127
"3478316","2005-06-28",17.7423210453438,0.299319727891156,0.109600907029478,0.0398095238095215,14.7331842088505,13.6605931244829,14.1968886666667,0.300894609530885,49.2944947694301,14.0475996,13.8715754980574,-0.144781796186688,0.531034580019564
"3478315","2005-06-29",17.9664207080823,0.45578231292517,0.261528344671201,0.126985638699922,14.6994955539388,13.6652814460613,14.1823885,0.535290725961504,53.8348469653658,14.0443996,13.8971427649831,-0.0121057664263291,0.422406510730386
"3478314","2005-06-30",18.2842274527281,0.529553191489362,0.428218410768562,0.266449220823079,14.6886452407576,13.6663537592425,14.1774995,0.607872528198315,55.2726195628587,14.0577328,13.929523729652,0.135726839304473,0.365070576445203
"3478313","2005-07-01",18.5793337156135,0.529553191489362,0.504962898634631,0.39823655135813,14.6771720286994,13.6642709713007,14.1707215,0.523419694510158,55.2726195628587,14.0671996,13.9575872323651,0.249677183064945,0.341991897769151
"3478312","2005-07-05",20.0610132736011,0.569006369426752,0.542704250801825,0.491961853401671,14.7103721132993,13.6565152200341,14.1834436666667,0.811977526329924,58.1634149040767,14.0758664,14.0014649347164,0.419469877039957,0.357487493623313
"3478311","2005-07-06",21.4368585774467,0.679407643312103,0.592655734742738,0.546774294726396,14.7527374004781,13.641927599522,14.1973325,0.868500679697213,61.3431265443072,14.0802664,14.0626029434209,0.645470400117998,0.41508407492225
"3478310","2005-07-07",23.4302919976056,0.713345260806389,0.653919757848414,0.596426581130991,14.8630483439341,13.5756173227327,14.2193328333334,1.12968072591842,67.1807050484708,14.0965332,14.1658118842981,1.02628054646126,0.537323369230051
"3478309","2005-07-08",25.2813373163246,0.757826168612294,0.716859690910262,0.65447839450047,14.9995182550888,13.5107030782446,14.2551106666667,1.0562987353175,68.4082729871485,14.1236,14.2672596330584,1.36001911905805,0.701862519195652
"3478308","2005-07-11",27.1336656282549,0.849682199869937,0.77361787642954,0.71479910839607,15.1473360150717,13.4301076515951,14.2887218333334,1.0824297190785,71.663376164549,14.1622664,14.3894023486506,1.74496741155727,0.910483497667976
"3478307","2005-07-12",28.6100973672908,0.821201232276531,0.809569866919587,0.766682478086461,15.289375310673,13.3970676893271,14.3432215,0.96509800524608,69.8514334718835,14.2013328,14.4872593688305,1.98925141097481,1.12623708032934
"3478306","2005-07-13",29.9810696963956,0.841773984534835,0.8375524722271,0.806913405192074,15.4113382337481,13.389993766252,14.400666,0.905891893502735,70.4329703098557,14.2455996,14.5778474529864,2.17858431538462,1.3367065273404
"3478305","2005-07-14",30.6061530590159,0.77057156555132,0.811182260787561,0.819434866644748,15.5048268215799,13.3960611784202,14.450444,0.831738776000308,65.7088447665422,14.2669332,14.6363571259216,2.2179969742826,1.51296461672884
"3478304","2005-07-15",30.2032797754992,0.644589086573645,0.752311545553266,0.800348759522641,15.5493516464368,13.41420302023,14.4817773333334,0.691713117754787,58.6483569310268,14.2905332,14.6537321757987,2.0868087234299,1.62773343806905
"3478303","2005-07-18",29.6059792698471,0.524002951994096,0.646387868039687,0.736627224793503,15.5853238008616,13.4330091991385,14.5091665,0.659906997978402,57.06358825087,14.2990668,14.6607905523589,1.92752858199299,1.68769246685384
"3478302","2005-07-19",29.1255142060092,0.651972965259941,0.606855001275894,0.668518138289614,15.6417859546531,13.4715473786804,14.5566666666667,0.731413881816286,62.4111842379657,14.3412,14.706018478711,1.9397494111639,1.73810385571585
"3478301","2005-07-20",29.3351176527491,0.644610294117647,0.606862070457228,0.620034979924268,15.7092393744825,13.4910942921842,14.6001668333334,0.754392662516298,62.6955369897295,14.3838668,14.7474386815496,1.93542093289707,1.7775672711521
"3478300","2005-07-21",28.6406231927612,0.475492647058824,0.590691968812137,0.601469680181752,15.7387383269936,13.5535956730065,14.646167,0.654808962265867,56.3604817236317,14.4148004,14.7526695240096,1.78528290920292,1.77911039876226
"3478299","2005-07-22",28.0125889184739,0.412089044200671,0.51073066179238,0.569428233687247,15.7555280722403,13.6354732610931,14.6955006666667,0.637340474313366,56.3604817236317,14.4412004,14.7572029208083,1.64729588523771,1.75274749605735
"3478298","2005-07-25",27.6801787196505,0.730769230769231,0.539450307342909,0.546957645982474,15.7481771105,13.8119355561667,14.7800563333334,0.772548810943682,64.2529713156865,14.4838672,14.8189091980339,1.75379260726805,1.75295651829949
"3478297","2005-07-26",27.4934139053237,0.627524807792745,0.590127694254216,0.546769554463166,15.684074256447,14.0531490768865,14.8686116666667,0.780173285931952,64.3063950992236,14.5314672,14.8728319716294,1.81770366543976,1.76590594772754
"3478296","2005-07-27",26.4127061266746,0.360317248247968,0.572870428936648,0.567482810177922,15.6376912537182,14.2127544129485,14.9252228333334,0.633571183335503,58.1258453570754,14.5700004,14.8902317087455,1.72846288781725,1.75841733574549
"3478295","2005-07-28",25.0776851048757,0.255061761383649,0.414301272474787,0.525766465221882,15.6028442765272,14.3312683901395,14.9670563333334,0.569598939615554,55.8488211918771,14.6106672,14.8937568142461,1.59234388210661,1.72520264501771
"3478294","2005-07-29",24.4516696186029,0.612900104033096,0.409426371221571,0.465532690877667,15.5898071849424,14.4475274817243,15.0186673333334,0.763796452378846,61.4204312898415,14.6658672,14.9363665723466,1.62600701150211,1.70536351831459
"3478293","2005-08-01",25.0362605633768,0.63103816793893,0.499666677785225,0.441131440493859,15.6027511477451,14.5845835189216,15.0936673333334,1.09005608015075,66.3528740742616,14.7514672,15.0159616960337,1.80313372223275,1.72491755909822
"3478292","2005-08-02",24.8331676156003,0.441590848555366,0.561843040175797,0.490312029727529,15.6292034505803,14.6671312160864,15.1481673333334,0.971956245820604,61.1763417405737,14.8274672,15.0587228032292,1.81544263128974,1.74302257353653
"3478291","2005-08-03",24.4987959873591,0,0.357543005498098,0.473017574486372,15.6483232872392,14.6379003794275,15.1431118333334,-0.130978535559404,40.1031143772855,14.8384008,14.9317824294653,1.15082006321292,1.62458207147181
"3478290","2005-08-04",24.2902814833173,0,0.147196949518455,0.355527665064115,15.722769551127,14.4943427822065,15.1085561666667,-0.126546234695834,39.3903141711029,14.8377344,14.8137674388699,0.58156622751806,1.41597890268106
"3478289","2005-08-05",25.593793898139,0,-3.33066907387547e-16,0.168246651672183,16.006148037927,14.0370749620731,15.0216115,-0.351755167054611,28.9076737056101,14.7885344,14.559931780354,-0.494753056543284,1.03383251083619
"3478288","2005-08-08",26.8041982833305,0.0496381071748782,0.0165460357249591,0.0545809950811363,16.1667356044699,13.6700430621969,14.9183893333334,-0.178476012291783,31.6644297590363,14.7457344,14.3612742096401,-1.25879749623063,0.575306509422824
"3478287","2005-08-09",28.0050266969164,0.0279214352858689,0.0258531808202487,0.0141330721817342,16.2665854710837,13.3656378622497,14.8161116666667,-0.0647585619991673,31.0963006024401,14.6942676,14.1797709816881,-1.8929228502766,0.0816606374829386
"3478286","2005-08-10",29.120081652389,0.0465357254764484,0.0413650893123982,0.027921435285867,16.3150776042473,13.1133677290862,14.7142226666667,0.0218525747101448,32.2188926469621,14.6382676,14.0304681841297,-2.34313984105661,-0.403299458224971
"3478285","2005-08-11",30.1554898253278,0.0858335944504594,0.0534302517375919,0.0402161739567446,16.3256917148756,12.9141979517912,14.6199448333334,0.102667259329485,34.6399173288836,14.5722676,13.9179617595791,-2.60293850461181,-0.843227267502338
"3478284","2005-08-12",31.2260811630868,0.0599783453757448,0.0641158884342172,0.0529704098280674,16.3455424708248,12.7232355291753,14.534389,0.12609675128286,33.7848948400349,14.499334,13.8093441916352,-2.82933799199058,-1.24044941239999
"3478283","2005-08-15",32.2202016910058,0.0775595424607471,0.0744571607623168,0.0640011003113736,16.3457484348909,12.5581402317759,14.4519443333334,0.170636208102497,34.9605021298454,14.4184008,13.7227649660838,-2.94548084004338,-1.58145569792866
"3478282","2005-08-16",33.1823301478707,0.0692854904710348,0.0689411261025086,0.0691713917663459,16.3070106078786,12.4098777254548,14.3584441666667,0.199892835249528,34.6487230881182,14.3388008,13.6441736372726,-3.0213983340062,-1.86944422514417
"3478281","2005-08-17",34.1015482184978,0.0641169225614501,0.070320651831077,0.0712396462319658,16.235285976702,12.2833800232981,14.259333,0.227445521384699,34.4420921037037,14.2568008,13.5738398189696,-3.0587463454895,-2.10730464921324
"3478280","2005-08-18",34.9770925761755,0.0599783453757448,0.0644602528027429,0.0679073435787745,16.1696870064238,12.1672006602429,14.1684438333334,0.249710451615678,34.2658800484156,14.1802672,13.5111051764403,-3.06315538308511,-2.29847479598761
"3478279","2005-08-19",35.6476189903852,0.0713547790638875,0.0651500156670271,0.0666436401002807,16.0857400606581,12.0725916060086,14.0791658333334,0.281205244895415,35.2466076142573,14.1152004,13.4616244862483,-3.01167775146957,-2.441115387084
"3478278","2005-08-22",35.2272784160631,0.149026669953579,0.0934532647977368,0.0743545110891673,15.9285244310314,12.035251902302,13.9818881666667,0.340837026239312,38.6515418309806,14.0576004,13.4356305547485,-2.86279121328211,-2.52545055232363
"3478277","2005-08-23",34.6365319660429,0.193708929981672,0.138030126333046,0.098877802265935,15.7454348844577,12.0257861155423,13.8856105,0.369447216614046,39.5522264284065,13.9896004,13.4175464807821,-2.69409260606891,-2.55917896307268
"3478276","2005-08-24",34.2149826294998,0.260870232404687,0.201201944113312,0.144228445081363,15.5813168024832,12.0133488641836,13.7973328333334,0.374625321452141,38.6358396540947,13.9189336,13.3952069500111,-2.56129255659244,-2.55960168177663
"3478275","2005-08-25",33.9954648014148,0.30555,0.253376387462119,0.197536152636158,15.4079585568003,12.0098177765331,13.7088881666667,0.375748281005541,37.3918134183976,13.8548,13.3669566900096,-2.46825007166681,-2.54133135975467
"3478274","2005-08-26",33.7916268181931,0.416666666666667,0.327695633023784,0.260757988199737,15.1441160875289,12.0704382458045,13.6072771666667,0.396052704137398,39.4900322908898,13.7933332,13.351362464675,-2.32783033272954,-2.49863115434964
"3478273","2005-08-29",34.5064309152961,0,0.240738888888889,0.273936969791596,14.6946874922337,12.2478671744331,13.4712773333334,0.296948446499208,32.7035903799525,13.6992,13.2867368027183,-2.42150342241827,-2.48320560796337
"3478272","2005-08-30",34.8781355582307,0.172718966904396,0.196461877857021,0.254965466589896,14.0905658926919,12.5995441073082,13.345055,0.320741496902682,36.5817043790071,13.61,13.2476158956892,-2.39277371033838,-2.46511922843837
"3478271","2005-08-31",35.5855735618688,0,0.0575729889681318,0.164924585238012,13.8098321387933,12.7234998612068,13.266666,0.197247941427207,33.7688989100589,13.5228,13.1910444429307,-2.44671237452352,-2.4614378576554
"3478270","2005-09-01",35.7027175076635,0.248934553928952,0.140551173611116,0.131528680145421,13.4398457086263,12.9697086247071,13.2047771666667,0.27950296439239,39.4693422264927,13.4468,13.1677945172066,-2.34524719147245,-2.43819972441881
"3478269","2005-09-02",36.2181237635426,0.0128754812211104,0.0872700117166872,0.0951313914319766,13.4360816233974,12.933694709936,13.1848881666667,0.0258140151541764,36.2804521887306,13.3516,13.1231992482457,-2.3508928992973,-2.42073835939451
"3478268","2005-09-06",36.1316550823164,0,0.0872700117166872,0.105030399014828,13.4402491886901,12.90319381131,13.1717215,0.107840254709933,35.7155160533976,13.2422668,13.0801060151463,-2.34994199982348,-2.4065790874803
"3478267","2005-09-07",36.0513627354635,0.0208374999999994,0.0112376604070363,0.0619258946134685,13.4519582851984,12.8631517148017,13.157555,0.0531498006957516,36.250191837587,13.1414668,13.0449812131268,-2.31322776165789,-2.38790882231582
"3478266","2005-09-08",36.5884048900165,0,0.0069458333333328,0.0351511684856837,13.4995520718959,12.7617802614375,13.1306661666667,-0.157533255029912,31.8066909274508,13.0794668,12.9798730513765,-2.41861673982738,-2.39405040581813
"3478265","2005-09-09",37.0870868906728,0.0319457889641815,0.0175944296547266,0.0119259744650302,13.5202343482905,12.6784309850429,13.0993326666667,-0.0482943168810297,32.9414811110262,13.0212,12.9278899778597,-2.45504416553205,-2.40624915776092
"3478264","2005-09-12",37.4902360285438,0.105431646746475,0.0457924785702184,0.0234442471860909,13.5295045163506,12.6203834836495,13.074944,0.0790212162074909,35.5964441798565,13.0114668,12.8930606474784,-2.40950262346104,-2.40689985090094
"3478263","2005-09-13",38.3217970402228,0,0.0457924785702184,0.0363931289317195,13.547118172028,12.5367701613054,13.0419441666667,0.00759788239279077,32.0335803445418,12.9873336,12.8362085611479,-2.47144030443174,-2.4198079416071
"3478262","2005-09-14",39.6018473850171,0,0.0351438822488246,0.0422429464630854,13.5910877446693,12.4042455886641,12.9976666666667,-0.0850230348550142,27.9643212562081,12.9552004,12.7509367529949,-2.66239340194137,-2.46832503367395
"3478261","2005-09-15",40.8306152447693,0,-3.4231876592609e-16,0.0269787869396792,13.6191350879009,12.2839755787658,12.9515553333334,-0.0179595860532862,27.6374850565746,12.9197336,12.6739225192622,-2.7997167007987,-2.5346033670989
"3478260","2005-09-16",41.7973194105101,0.081081081081081,0.0270270270270267,0.0207236364252819,13.6216587714702,12.1976742285299,12.9096665,0.0921445663067703,30.9870088071683,12.8828,12.6191768500273,-2.82126005897866,-2.59193470547485
"3478259","2005-09-19",41.2500585236403,0.225225225225225,0.102102102102102,0.043043043043041,13.5939360138128,12.1568413195206,12.8753886666667,0.249609169971497,36.6050655708731,12.8556,12.5930639366903,-2.70605642924687,-2.61475905022926
"3478258","2005-09-20",41.673663894171,0,0.102102102102102,0.077077077077075,13.5537052851851,12.0834050481483,12.8185551666667,0.0966797675769534,29.7571218028019,12.8093332,12.5144327451316,-2.85301834862786,-2.66241090990898
"3478257","2005-09-21",42.9778216163341,0,0.0750750750750748,0.0930930930930911,13.5816522108095,11.8781251225239,12.7298886666667,-0.147608526012341,22.8795657206094,12.7390668,12.3627310457807,-3.34254329409887,-2.79843738674696
"3478256","2005-09-22",44.2583370080484,0,-3.4231876592609e-16,0.059059059059057,13.6025467314802,11.6682309351865,12.6353888333334,-0.107649227831429,22.3470081478588,12.6670668,12.2232562396766,-3.73725646269027,-2.98620120193562
"3478255","2005-09-23",45.8139995722791,0,-3.4231876592609e-16,0.025025025025023,13.6503981835101,11.4039354831566,12.5271668333334,-0.125402549429801,19.5198792603794,12.5817336,12.0561554077197,-4.24257019139935,-3.23747499982837
"3478254","2005-09-26",45.876846203681,0.181091346153846,0.0603637820512815,0.0201212606837586,13.591021027228,11.2826463061054,12.4368336666667,0.0859769540066031,29.8973207291556,12.5100004,11.9615573533571,-4.3505844907755,-3.46009689801779
"3478253","2005-09-27",45.8545119635982,0.276977116865318,0.152689487673054,0.0710177565747768,13.5511509540281,11.1829603793053,12.3670556666667,0.167185146156461,33.2597604110029,12.4386668,11.8977937062428,-4.29874301263037,-3.62782612094031
"3478252","2005-09-28",45.5950510001708,0.3872206526704,0.281763038563187,0.164938769429173,13.4684103091487,11.1292570241847,12.2988336666667,0.249697036203837,37.3635854296126,12.3729336,11.8656438787438,-4.09492987390558,-3.72124687153336
"3478251","2005-09-29",45.4537040998814,0.355263825683882,0.339820531739866,0.258091019325368,13.3959161744303,11.0774178255697,12.236667,0.266131527791178,36.5718374603876,12.3069336,11.8302246949113,-3.92781796237227,-3.76256108970115
"3478250","2005-09-30",45.3224534067555,0.414260115606936,0.385581531320406,0.335721700541151,13.2756919604071,11.0608643729263,12.1682781666667,0.303622863260999,38.7108925875704,12.2470672,11.8110840689231,-3.69457574434253,-3.74896402062942
"3478249","2005-10-03",44.6418092595653,0.452791907514451,0.407438616268423,0.37761355977623,13.1687295445613,11.0548267887721,12.1117781666667,0.360393373098564,40.3763726452325,12.1872004,11.8033835264,-3.42505964971822,-3.68418314644718
"3478248","2005-10-04",43.8185412668141,0.504815028901734,0.45728901734104,0.416769721643288,13.0437365139189,11.0727084860811,12.0582225,0.414650714775521,42.6426200944359,12.1462668,11.80870972288,-3.11410595817935,-3.57016770879362
"3478247","2005-10-05",44.0718925205553,0.210017341040462,0.389208092485549,0.417978575365002,12.9213905426027,11.0598317907307,11.9906111666667,0.259131337533249,34.6138174403379,12.0798668,11.7453257598294,-3.18053144394451,-3.49224045582379
"3478246","2005-10-06",44.307147256172,0.244699421965318,0.319843930635838,0.388780346820807,12.8366845222094,11.0294264777907,11.9330555,0.257305179511435,36.1372398658968,12.0226668,11.6983929918521,-3.15793902548446,-3.42538016975593
"3478245","2005-10-07",44.5255980821018,0.311764705882353,0.255493822962711,0.321515282028031,12.7356034463239,11.0226188870095,11.8791111666667,0.313062432509678,38.8643617009998,11.962,11.6719405929385,-3.03285659906828,-3.3468754556184
"3478244","2005-10-10",45.0013232451931,0.32852931259564,0.294997813481103,0.290111855693215,12.6052851733914,11.0308258266087,11.8180555,0.279641499979668,36.5037324925514,11.9026668,11.6290151805467,-3.00388205795267,-3.27827677608525
"3478243","2005-10-11",46.0444811807664,0,0.213431339492664,0.254640991978824,12.5154618558013,10.9785378108655,11.7469998333334,0.0942112415671819,31.0819944398891,11.8286668,11.5384798231405,-3.22455555838601,-3.2675325325454
"3478242","2005-10-12",47.0264649141593,0,0.109509770865213,0.205979641279658,12.4650387783464,10.903960554987,11.6844996666667,0.0956856460561625,30.9581998545217,11.7536,11.4586825133884,-3.37239642334431,-3.28850531070519
"3478241","2005-10-13",46.9997009054801,0.204470301822051,0.0681567672740167,0.130365959210629,12.3890701024659,10.8794848975342,11.6342775,0.249120377286805,36.7460470775056,11.6974664,11.4179688449366,-3.30426203490357,-3.29165665554486
"3478240","2005-10-14",46.9748486117065,0.220447988651721,0.141639430157924,0.106435322765716,12.2806032843758,10.881285382291,11.5809443333334,0.272231170968958,37.1891534027001,11.6406664,11.3849063322784,-3.20289187932215,-3.27390370030032
"3478239","2005-10-17",47.249571321505,0.0670928661113935,0.164003718861722,0.124599972097886,12.0880208478982,10.9400901521018,11.5140555,0.207056502134847,34.678160975594,11.5743996,11.3349188213079,-3.20059545269432,-3.25924205077912
"3478238","2005-10-18",47.5169525508857,0.0606998744404939,0.116080243067869,0.14057446402917,11.956974623039,10.9592473769611,11.458111,0.147751759763753,34.5733609843511,11.515866,11.2907069784669,-3.16890796264866,-3.24117523315303
"3478237","2005-10-19",48.0717448039993,0,0.0425975801839621,0.107560514037849,11.9638632968691,10.884024703131,11.423944,0.0549205198007435,31.9251875968965,11.4613324,11.229723381338,-3.23030793658571,-3.23900177383956
"3478236","2005-10-20",48.1913534817094,0.159426086956521,0.0733753204656713,0.0773510479058325,11.9643216855549,10.8463439811119,11.4053328333334,0.215957811974799,37.4864333016939,11.415066,11.2013162638262,-3.11331835411716,-3.21386508989508
"3478235","2005-10-21",47.4516937236104,0.255078260869566,0.138168115942029,0.0847136721972189,11.9610518272335,10.8585028394332,11.4097773333334,0.319813901968758,40.6207335686743,11.3695996,11.1913634286494,-2.908454455315,-3.15278296297907
"3478234","2005-10-24",46.3691755640548,0.295863029991035,0.23678912593904,0.149444187448912,11.9526930240926,10.8449726425741,11.3988328333334,0.376675104765368,41.7641611053928,11.3193332,11.1880709714962,-2.68644329218299,-3.05951502881985
"3478233","2005-10-25",46.185419207227,0,0.183647096953533,0.186201446278199,11.9427266258896,10.7977170407771,11.3702218333334,0.182487228584226,35.4015292661955,11.272,11.1389948419633,-2.72983190467021,-2.99357840398992
"3478232","2005-10-26",46.403775050727,0,0.0986210099970113,0.17301907762986,11.932635429172,10.7109192374948,11.3217773333334,0.0274428950031867,32.2939378008433,11.2416,11.0693515297016,-2.88098213691831,-2.9710591505756
"3478231","2005-10-27",46.8441576662965,0,-4.25585492772977e-16,0.094089368983513,11.9342696534827,10.5961740131841,11.2652218333334,-0.0245428494508737,30.3645264604475,11.2081332,10.9907713257414,-3.0689861181694,-2.99064454409436
"3478230","2005-10-28",47.4559522296151,0,-4.25585492772977e-16,0.0328736699990018,11.918698706405,10.4857449602617,11.2022218333334,-0.0086592422319511,28.6982775650991,11.1836,10.9062244823092,-3.27555647952822,-3.04762693118113
"3478229","2005-10-31",47.0049334299178,0.086455829716599,0.0288186099055326,0.0096062033018422,11.8448917233029,10.4383302766972,11.141611,0.118101054433367,31.9586143439506,11.148,10.8462838846679,-3.33095541271533,-3.10429262748797
"3478228","2005-11-01",46.5861302587704,0.1671450555911,0.0845336284358991,0.037784079447142,11.7279940371441,10.427005962856,11.0775,0.13894877853482,34.9483099633292,11.1106668,10.8067793667122,-3.2700177619069,-3.13743765437176
"3478227","2005-11-02",46.3025928877408,0.126796119862363,0.126799001723353,0.0800504133549266,11.6766426527568,10.3832463472433,11.0299445,0.160711494126458,34.1404714426242,11.0645332,10.7663194511506,-3.22102025178758,-3.15415417385492
"3478226","2005-11-03",46.0628728437278,0.118150536890703,0.137363904114721,0.116232178091323,11.6225977691352,10.3455132308648,10.9840555,0.18099827814183,33.9593355789191,11.0202664,10.7299208576638,-3.15481722882138,-3.15428678484821
"3478225","2005-11-04",44.71524737488,0.206682107490016,0.15054292141436,0.13823527575081,11.5329622311942,10.3495927688059,10.9412775,0.298923744812718,37.1892859952109,10.9761328,10.7103754099753,-3.00108061133029,-3.12364555014463
"3478224","2005-11-07",42.6911945967613,0.3860175441796,0.236950062853439,0.174952296127505,11.4516172427022,10.3724934239645,10.9120553333334,0.476472888258177,43.6724308139719,10.9371996,10.7196586886453,-2.70026725376541,-3.03896989086879
"3478223","2005-11-08",39.8502391996852,0.528878595006657,0.373859415558757,0.253784133275517,11.4492547478514,10.3729672521486,10.911111,0.679631991859556,48.2544549005705,10.9009332,10.7485935301593,-2.31724498232815,-2.89462490916066
"3478222","2005-11-09",38.6846985803664,0.695201232572997,0.536699123919751,0.382502867443981,11.5605996667611,10.3191779999056,10.9398888333334,1.05500978036888,60.0837906705061,10.9062668,10.8443370594714,-1.59968255142756,-2.63563643761404
"3478221","2005-11-10",37.626634882096,0.796683803667236,0.673587877082296,0.528048805520266,11.6663663659381,10.262411634062,10.964389,1.05640516672696,63.0051588530146,10.9160004,10.9499814515418,-0.898337218016576,-2.28817659369455
"3478220","2005-11-11",37.1963943769737,0.844482539751429,0.77878919199722,0.663025397666421,11.8309695230495,10.1724748102839,11.0017221666667,1.10727628026047,67.210952313382,10.9325336,11.0784279246696,-0.143470498876874,-1.85923537473101
"3478219","2005-11-14",37.0058034084183,0.814432989690721,0.818533111036462,0.756970060038658,11.9924036457427,10.098930020924,11.0456668333334,1.03394098202104,67.5461585171006,10.9560004,11.1928602013803,0.459829286788382,-1.39542244242713
"3478218","2005-11-15",37.0817129093948,0.800970873786408,0.819962134409519,0.805761479147732,12.1585355484174,10.0364654515826,11.0975005,0.992837709850659,68.5835027066825,10.9982672,11.3013681745296,0.971288172804319,-0.922080319380843
"3478217","2005-11-16",37.1522003031586,0.83171359223301,0.815705818570046,0.818067021338674,12.3026667528524,10.0095569138144,11.1561118333334,0.918403347715694,69.5323405382649,11.0434672,11.4038524179257,1.40020117471684,-0.457624020561306
"3478216","2005-11-17",37.9772318506504,0.731368730958792,0.788017732326069,0.80789522843521,12.4482885226837,9.97704614398303,11.2126673333334,0.907172795084421,68.0186874167317,11.0784008,11.4868947622022,1.6858622390745,-0.028926768634145
"3478215","2005-11-18",38.7433325733214,0.873620853080569,0.81223439209079,0.805319314328967,12.6141641852013,9.93117048146545,11.2726673333334,0.92431929617083,72.6122854870791,11.1250676,11.6001981272419,2.09993981742886,0.396846548578457
"3478214","2005-11-21",39.4369310659091,0.872037914691943,0.825675832910434,0.80864265244243,12.7572421682956,9.90142549837116,11.3293338333334,0.873350121255571,72.4914726488218,11.1780008,11.6979490436097,2.39248131666685,0.795973502196135
"3478213","2005-11-22",40.7789112680346,0.815719512195122,0.853792759989211,0.830567661663477,12.941417399328,9.88169460067205,11.411556,0.905119705793105,74.7492108830343,11.2378676,11.8048891711284,2.70216909553318,1.17721262086354
"3478212","2005-11-23",42.1678087364308,0.889638102775097,0.859131843220721,0.846200145373454,13.141774446301,9.89467088703238,11.5182226666667,0.91869848266851,78.0813927419594,11.3160012,11.9357932816446,3.0995491377068,1.5616799242322
"3478211","2005-11-25",43.3479904671648,0.870075722738281,0.858477779236167,0.857134127482031,13.2957468722971,9.97092079436959,11.6333338333334,0.870612719117438,77.3148277773554,11.3860012,12.046576844092,3.35468002328667,1.92027994404309
"3478210","2005-11-28",42.7824474490847,0.703760826836448,0.821158217449942,0.846255946635608,13.3498653165248,10.1205796834753,11.7352225,0.740265987021801,65.7318689081822,11.4382676,12.0981439315464,3.29251616705106,2.19472718864469
"3478209","2005-11-29",42.6380101219553,0.640919168764796,0.738251906113175,0.805962634266426,13.4055970176013,10.2656256490654,11.8356113333334,0.747330917658046,66.6467104148676,11.4912008,12.1503914073402,3.24184745405767,2.40415124172728
"3478208","2005-11-30",42.5038897467638,0.616825312267814,0.653835102623019,0.73774840872871,13.4336054422473,10.4379508910861,11.9357781666667,0.72543826570552,67.0919685175718,11.5590676,12.1992285530282,3.18104457899335,2.5595299091805
"3478207","2005-12-01",42.2956032370565,0.510147826086956,0.589297435706522,0.660461481480903,13.4255198092448,10.6470365240886,12.0362781666667,0.70328782841734,66.4944439266631,11.6344008,12.2393314126244,3.08497665144736,2.66461925763387
"3478206","2005-12-02",40.8510096040978,0.263309250350594,0.463427462901788,0.568853333743775,13.3474489007369,10.9035520992631,12.1255005,0.596407303228959,57.6493418942834,11.704534,12.2385312242745,2.80065708929387,2.69182682396587
"3478205","2005-12-05",39.3081857951303,0.170348077905854,0.314601718114468,0.455775538907591,13.2357345863841,11.1691557469493,12.2024451666667,0.519248317996671,56.2396780169539,11.777734,12.2316163943712,2.51575362017429,2.65661218320755
"3478204","2005-12-06",37.9564257847089,0.176846796442422,0.203501374899623,0.327176851971958,13.1100233042901,11.4328670290433,12.2714451666667,0.497150831994274,56.8083679230813,11.8478672,12.2287342084551,2.27919256693574,2.58112825995319
"3478203","2005-12-07",36.4953451470566,0.135049099994213,0.160747991447496,0.226283694820527,12.9741727202266,11.6781619464401,12.3261673333334,0.401792997475238,55.3691663358949,11.912534,12.2204589806611,2.03972880977203,2.47284836991696
"3478202","2005-12-08",36.1782699424794,0.0817812771842173,0.131225724540284,0.165158363629133,12.9266350271309,11.7995883062025,12.3631116666667,0.504139136304945,57.3389500224764,11.9820008,12.2230644499063,1.8767828436306,2.35363526465969
"3478201","2005-12-09",35.8838429668005,0.144982490576139,0.120604289251523,0.137526001746433,12.8803031755128,11.9044758244873,12.3923895,0.437205934428553,58.8504388997526,12.0541344,12.2328785232521,1.76465471077925,2.2358391538836
"3478200","2005-12-12",35.2165665632017,0.0594762786340427,0.0954133487981328,0.115747787529978,12.8648436457831,11.9451576875503,12.4050006666667,0.343543695129164,55.9616180336003,12.1196012,12.2311613868185,1.60665090503824,2.11000150411453
"3478199","2005-12-13",35.0556887521602,0.15984877210983,0.121435847106671,0.112484495052107,12.852622214525,11.9892677854751,12.420945,0.447427925535377,58.5347213471469,12.1808012,12.2416732019093,1.52321421577115,1.99264404644585
"3478198","2005-12-14",35.2717146926356,0.230477550018958,0.149934200254277,0.122261132053025,12.8497199644019,12.0243917022648,12.4370558333334,0.534528685502869,60.2928329301938,12.2382676,12.2592274416548,1.48156495876977,1.89042822891064
"3478197","2005-12-15",35.3421137465774,0.265695652173913,0.218673991434234,0.163348012931725,12.8382752209425,12.0671697790576,12.4527225,0.469093072483339,59.2954246602165,12.2736008,12.2713304494341,1.41665635120587,1.79567385336968
"3478196","2005-12-16",35.568076715088,0.352652173913044,0.282941792035305,0.217183327907937,12.8366924591413,12.0957525408588,12.4662225,0.530592898885116,61.0786898046473,12.304534,12.2898197228429,1.38845501629921,1.71423008595559
"3478195","2005-12-19",34.9724416391416,0.162300128797159,0.260215984961372,0.253943922810302,12.8366921702679,12.0877524963988,12.4622223333334,0.324936055722568,55.0215577351693,12.3188008,12.2871770931305,1.25951574714016,1.6232872181925
"3478194","2005-12-20",34.5567079150762,0.219897590550687,0.244949964420297,0.262702580472323,12.8364885038016,12.0854011628651,12.4609448333334,0.378920206687756,56.2455183182232,12.3336008,12.2897761473798,1.16796291990382,1.53222235853477
"3478193","2005-12-21",34.4824817366759,0.351726563631473,0.244641427659773,0.249935792347145,12.8150210189197,12.0840913144137,12.4495561666667,0.464128561421979,57.2699694643553,12.3468008,12.2960286610625,1.10236851496164,1.44625158982014
"3478192","2005-12-22",34.699781795578,0.474689553032317,0.348771235738159,0.279454209272741,12.7413256740552,12.1208976592783,12.4311116666667,0.625362381260722,59.9620843247618,12.3606676,12.3121141729208,1.09020414592558,1.37504210104123
"3478191","2005-12-23",35.0927900936841,0.747189590952757,0.524535235872182,0.372649299756703,12.6826346682635,12.1590329984032,12.4208338333334,0.956771206880339,65.6021663643178,12.3840008,12.351832283198,1.19298927337099,1.33863153550718
"3478190","2005-12-27",33.9303116895725,0.308984881937539,0.510288008640871,0.461198160083736,12.6773084988756,12.1590258344578,12.4181671666667,0.57642451256682,54.4859441043121,12.384534,12.3515879787716,1.09155941899479,1.2892171122047
"3478189","2005-12-28",31.524018454056,0,0.352058157630099,0.462293800714382,12.6603344332341,12.1319999000994,12.3961671666667,0.0761325083093252,45.1836836999934,12.3734676,12.3122655816021,0.809940247602814,1.19336173928433
"3478188","2005-12-29",29.2896033067907,0.336485007037947,0.215156629658495,0.359167598643153,12.6283049603375,12.1346957063292,12.3815003333334,0.37090260940361,52.2647161269077,12.3652008,12.3097408373885,0.733328907472641,1.10135517292199
"3478187","2005-12-30",27.5575280399141,0.208522315271635,0.181669107436527,0.249627964908372,12.5948755807146,12.1337917526188,12.3643336666667,0.268898856331437,49.6386306324624,12.3418672,12.2955527257367,0.606583339482825,1.00240080623416
"3478186","2006-01-03",26.8197783571663,0.185512991067792,0.243506771125791,0.213444169406936,12.5968240115915,12.1350653217419,12.3659446666667,0.559306590076777,49.3419706752882,12.3189336,12.2819230289718,0.493857018370836,0.900692048661492
"3478185","2006-01-04",26.7742846756038,0.692036996667809,0.362024101002412,0.262399993188242,12.692463159712,12.0974258402881,12.3949445,1.21806504575827,62.2269061521933,12.3305336,12.3407772917756,0.743516420821666,0.869256923093527
"3478184","2006-01-05",26.3335676922007,0.598611067858367,0.492053685197989,0.365861519108729,12.7384813695429,12.0958519637905,12.4171666666667,0.957407225225103,59.4611214139967,12.3362668,12.3797843195388,0.871276023843737,0.869660743243569
"3478183","2006-01-06",26.3838184319011,0.781571887862716,0.690739984129631,0.514939256776676,12.8176286868928,12.0859266464407,12.4517776666667,1.10042518545095,63.1222983266121,12.3484,12.4384797436003,1.08048580289486,0.911825755173827
"3478182","2006-01-09",26.4146874241755,0.778162308275142,0.719448421332075,0.634080696886563,12.8851425486072,12.0695241180596,12.4773333333334,0.992333978275895,63.0129698435342,12.3610668,12.4889051111203,1.22849292867044,0.97515918987315
"3478181","2006-01-10",26.5584488680938,0.790545882066771,0.783426692734876,0.731205032732193,12.9481046958961,12.064006304104,12.5060555,0.95187410176919,63.4227323565247,12.3852004,12.5352737629709,1.34203262795065,1.04853387748865
"3478180","2006-01-11",27.2257281640294,0.68168642728571,0.750131539209208,0.751002217758718,13.0165080741254,12.0683805925413,12.5424443333334,0.97086741182459,63.9953389217333,12.4122668,12.5790145945748,1.43159152794923,1.12514540758077
"3478179","2006-01-12",29.1495501324229,0.65602659574468,0.709419635032387,0.747659288992155,13.2249748477657,11.972913818901,12.5989443333334,1.22409596052626,71.6456820473259,12.4554668,12.6738126486315,1.75318687100499,1.25075370026561
"3478178","2006-01-13",29.9100342489244,0.531914893617022,0.623209305549137,0.694253493263576,13.3340654063199,11.9476015936802,12.6408335,0.977836608952137,63.6773026793313,12.4910668,12.7248602954806,1.83580394203655,1.3677637486198
"3478177","2006-01-17",30.61619807139,0.544324468085106,0.577421985815603,0.636683642132374,13.4070057264615,11.952216606872,12.6796111666667,0.860761679888505,64.1071524861949,12.5246668,12.7722122560832,1.89293783370064,1.47279856563597
"3478176","2006-01-18",31.3628957843347,0.671984042553192,0.582741134751773,0.594457475372169,13.5064684410394,11.941864892294,12.7241666666667,0.919169018157468,68.2674535084143,12.5656,12.8452506219388,2.06392339765753,1.59102353204028
"3478175","2006-01-19",32.1565520771386,0.657743182626453,0.624683897754917,0.594949006107429,13.5926851617375,11.9635371715959,12.7781111666667,0.887864599874897,68.5941398454809,12.6104,12.9112172056803,2.18438935521212,1.70969669667465
"3478174","2006-01-20",32.4442331578658,0.606118141039614,0.645281788739753,0.617568940415479,13.6565587046373,11.9983299620295,12.8274443333334,0.819149173895645,65.3345271838447,12.648,12.9563882449229,2.19670855259011,1.80709906785774
"3478173","2006-01-23",32.1771494652512,0.543020867989033,0.602294063885033,0.624086583459899,13.693575873048,12.0425347936188,12.8680553333334,0.722587637528893,61.4885384234717,12.6786668,12.9808698122665,2.11292245002803,1.8682637442918
"3478172","2006-01-24",32.2856358924954,0.483373486580631,0.544170831869759,0.597248894831513,13.7460842845869,12.0755817154132,12.910833,0.771541236573891,64.0441538519918,12.7152,13.018531170631,2.0982844246024,1.91426788035392
"3478171","2006-01-25",32.4368355088943,0.6803059830896,0.568900112553088,0.571788336102625,13.8250067162186,12.0848816171148,12.9549441666667,0.837492498079063,68.699461361429,12.7596,13.0853936812135,2.21846847495317,1.97510799927377
"3478170","2006-01-26",33.5044355898014,0.608333333333334,0.590670934334522,0.567913959585788,13.9139260225728,12.1205183107607,13.0172221666667,0.882575861295198,69.146470398036,12.8106668,13.146897190385,2.30151579821156,2.04038955906133
"3478169","2006-01-27",34.7558398825033,0.85925925925926,0.715966191894064,0.62517907959389,14.0247246395044,12.196497693829,13.1106111666667,1.00835711007599,75.27697500096,12.8774668,13.2575335650004,2.5971736778253,2.15174638281412
"3478168","2006-01-30",33.1344363809455,0.330827067669173,0.599473220087255,0.635370115438612,14.0233465819126,12.3172094180875,13.170278,0.699770182937208,55.829295644546,12.9150668,13.260085089667,2.37605872700246,2.19660885165179
"3478167","2006-01-31",31.1414719618932,0.191814875627235,0.460633734185222,0.592024382055512,13.9633381829909,12.4765511503425,13.2199446666667,0.520961531577107,52.4257654960815,12.9429332,13.2405177443781,2.07764722518231,2.1728165263579
"3478166","2006-02-01",30.3653638180987,0.396396396396396,0.306346113230934,0.455484355834469,13.9461407691749,12.6207492308252,13.283445,0.786625993658942,58.7773189568566,12.9784,13.274671378461,2.05072090130554,2.14839740134742
"3478165","2006-02-02",29.035058653734,0.207207207207208,0.265139493076946,0.344039780164366,13.9479127971327,12.6838665362007,13.3158896666667,0.622799039453023,54.4857973881382,13.0158668,13.2762711946662,1.87977701015756,2.09467332310945
"3478164","2006-02-03",27.7997752868239,0.196315348725923,0.266639650776509,0.279375085694795,13.9153519865525,12.7796493467809,13.3475006666667,0.496327677227603,54.5990130315369,13.0653332,13.278545702044,1.72843475579521,2.0214256096466
"3478163","2006-02-06",26.0192082199649,0,0.134507518644377,0.222095554165942,13.8959496631846,12.8309403368154,13.363445,0.355918319648426,50.160340445283,13.0965332,13.2511836084382,1.45797625308071,1.90873573833342
"3478162","2006-02-07",24.506687780464,0.0335394296376233,0.0766182594545154,0.159255142958466,13.8696388769409,12.8945844563925,13.3821116666667,0.366788631899841,50.8771841653016,13.1328,13.2323591273131,1.25155887047323,1.77730036476138
"3478161","2006-02-08",23.1022045152131,0.164633142480838,0.0660575240394871,0.0923944340461249,13.840707276614,12.967626723386,13.404167,0.434137043307062,53.6814260519197,13.1752,13.2351552436713,1.16203815882163,1.65424792357343
"3478160","2006-02-09",22.0112026104167,0.185980573289186,0.128051048469216,0.0902422773210712,13.8171907177488,13.0309216155846,13.4240561666667,0.452451181708916,54.1405285936851,13.1973336,13.2406905445152,1.09270190750326,1.5419387203594
"3478159","2006-02-10",20.7798368766473,0.128047999707318,0.159553905159114,0.117887492555937,13.8091930573751,13.0146966092916,13.4119448333334,0.312944622103904,52.6163456756791,13.2205336,13.2370424719131,0.987730128586017,1.43109700200472
"3478158","2006-02-13",19.3314211197208,0.0274388570801392,0.113822476692214,0.13380914344018,13.8122641414083,13.0010695252584,13.4066668333334,0.242490689030798,49.9845642451394,13.2318668,13.2192141423247,0.827897794555321,1.31045716051484
"3478157","2006-02-14",18.1870408150842,0,0.0518289522624855,0.108401778037936,13.8129663562068,12.9990339771266,13.4060001666667,0.235985233921342,48.789966585847,13.2413332,13.1970962566814,0.66300215463011,1.1809661593379
"3478156","2006-02-15",18.2135115851364,0.31137837497979,0.11293907735331,0.0928635021026682,13.8253782206511,13.0030664460157,13.4142223333334,0.658359644135837,56.5445873981662,13.2638664,13.2241500891239,0.735754831825464,1.09192389383541
"3478155","2006-02-16",18.3265567855346,0.544172832700829,0.28518373589354,0.149983921836443,13.8526527882665,13.0014588784003,13.4270558333334,0.781503619667928,59.7039120163888,13.292,13.269819410574,0.884294592611345,1.0503980335906
"3478154","2006-02-17",18.6219647479113,0.530031589882757,0.461860932521125,0.286661248589323,13.8814536614033,13.0051023385967,13.443278,0.771388875454982,59.3321002127274,13.3025332,13.3076208224975,0.981771505845352,1.03667272804155
"3478153","2006-02-21",17.6222987228918,0.176680730171518,0.416961717585035,0.388002128666565,13.8800198746158,13.0236471253843,13.4518335,0.447257974551502,50.8162795661131,13.3090664,13.2959380461645,0.846793441650107,0.99869687076326
"3478152","2006-02-22",16.5110932465691,0.128308465596485,0.278340261883587,0.385720970663247,13.8802554358073,13.0174118975261,13.4488336666667,0.332661434438465,49.5899358894552,13.3125332,13.2787023066759,0.699378152426111,0.93883312709583
"3478151","2006-02-23",15.4792595899838,0.339620078339031,0.214869758035678,0.303390579168098,13.8725053262293,13.0138283404375,13.4431668333334,0.483369570976064,53.793137057701,13.3138664,13.2886526657858,0.688050444011479,0.88867659047896
"3478150","2006-02-24",14.7724433764303,0.490569882491453,0.319499475475656,0.270903165131639,13.8503259549374,13.019785378396,13.4350556666667,0.627697152507929,56.5783784268983,13.3197332,13.3150549770143,0.751191488502378,0.861179570083644
"3478149","2006-02-27",13.7461258400778,0.384902755450903,0.405030905427129,0.313133379646153,13.715460484445,13.0960948488884,13.4057776666667,0.57857340458177,54.119147409393,13.3254664,13.3254916467458,0.735962115542654,0.836136079175446
"3478148","2006-02-28",13.0015682533309,0.332080512599904,0.40251771684742,0.375682699250067,13.7086843391796,13.0958709941538,13.4022776666667,0.563372749601265,52.881730318726,13.3337332,13.3283154271797,0.687660840434434,0.806441031427244
"3478147","2006-03-01",13.3610095968558,0.369812303303372,0.362265190451393,0.389937937575312,13.7238732126218,13.1120154540449,13.4179443333334,0.739433100171392,53.6961670811321,13.3384,13.3352067035557,0.661908102547204,0.777534445651236
"3478146","2006-03-02",13.7470338378594,0.776952502035309,0.492948439312862,0.41924378220389,13.7619288356194,13.0892928310473,13.4256108333334,1.08137808662517,61.6258814167155,13.3476,13.390512476415,0.854887948783767,0.793005146277742
"3478145","2006-03-03",13.8523987983056,0.706967032967033,0.617910612768571,0.491041414177607,13.8123035617006,13.0703624382994,13.441333,0.963950111147187,60.0301329057476,13.3536,13.4313334795596,0.96359462573592,0.827123042169378
"3478144","2006-03-06",13.0354314054011,0.377296703296703,0.620405412766348,0.577088154949259,13.8224280317187,13.0806829682813,13.4515555,0.629727186257288,51.8901971201295,13.3304,13.426711682285,0.859302400994699,0.833558913934442
"3478143","2006-03-07",12.3898578417786,0.251048125925739,0.445103954063158,0.561139993199358,13.8214626887622,13.1122043112379,13.4668335,0.568695933965145,51.1433604771217,13.334,13.418706124647,0.749993591172182,0.81684584938199
"3478142","2006-03-08",11.7903966755578,0.317990108703839,0.315444979308761,0.460318115379421,13.8199027280533,13.1383196052801,13.4791111666667,0.527385507909917,52.4534304668715,13.3462668,13.4188786413607,0.687522363257798,0.790981152157152
"3478141","2006-03-09",12.0426877611381,0.0502096251851492,0.206415953271576,0.322321628881163,13.8196041462691,13.139840853731,13.4797225,0.322243270081759,47.0217442362986,13.3346668,13.390584155846,0.503806916225913,0.733546304970904
"3478140","2006-03-10",12.4176816694944,0,0.122733244629663,0.214864725736665,13.8256785347328,13.119544131934,13.4726113333334,0.176882098135488,46.0586588192708,13.3298668,13.3607289350665,0.330091366180829,0.652855317212889
"3478139","2006-03-13",13.0478079270855,0,0.016736541728383,0.115295246543206,13.831895506495,13.106105493505,13.4690005,0.11712456537959,44.1126538839957,13.3216004,13.3241877437243,0.142129273204206,0.550710108411152
"3478138","2006-03-14",13.9296264284913,0,-3.46944695195361e-17,0.0464899287860136,13.8428025864444,13.0860874135557,13.464445,0.0271955074356906,42.0403089596571,13.3186672,13.2809627112277,-0.0591708180527672,0.428733923118368
"3478137","2006-03-15",14.7716497887962,0,-3.46944695195361e-17,0.0055788472427927,13.8610164417972,13.0533178915362,13.4571671666667,-0.00961318823753768,41.8772596999458,13.3140004,13.242611683064,-0.220752742057606,0.298836590083174
"3478136","2006-03-16",14.6121269637168,0.144329896907217,0.048109965635739,0.0160366552119114,13.8569806863256,13.0223536470078,13.4396671666667,0.206187528343448,46.5620445537495,13.3092004,13.2280407919888,-0.260687147646377,0.186931842537263
"3478135","2006-03-17",14.0554011750772,0.326463917525774,0.156931271477664,0.0683470790377993,13.8312038035889,13.0229078630778,13.4270558333334,0.484396185397079,51.8376323457259,13.3105336,13.2389686863903,-0.182430159433888,0.113059442143033
"3478134","2006-03-20",14.0887490472704,0,0.156931271477664,0.120657502863687,13.812428071513,12.9796839284871,13.396056,0.0977844221760415,41.5120604770143,13.2978672,13.1933288615383,-0.368661758676214,0.0167152019791836
"3478133","2006-03-21",14.3244923994997,0,0.108821305841925,0.140894616265749,13.8248214926301,12.9279571740366,13.3763893333334,0.0951940639478472,40.12374356769,13.286934,13.1448850133332,-0.551519388487853,-0.0969317161142238
"3478132","2006-03-22",14.5433969408555,0.0264706660901938,0.00882355536339791,0.0915253775609938,13.8493423396462,12.8634359936872,13.3563891666667,0.0415935446751258,41.0786536260565,13.2792008,13.1069003448888,-0.670987563025993,-0.211742885496578
"3478131","2006-03-23",15.2791210258259,0,0.00882355536339791,0.0421561388562385,13.8800148706181,12.7648747960487,13.3224448333334,-0.0133389485212468,37.4352987006967,13.2508008,13.0513136322369,-0.861418364914168,-0.341677981380096
"3478130","2006-03-24",15.2724917109786,0.157273463719476,0.0612480432698901,0.0262983846655604,13.8659856719194,12.716459661414,13.2912226666667,0.174167732401266,43.0848237219154,13.2228008,13.026694481272,-0.893434460175579,-0.452029277139192
"3478129","2006-03-27",16.1483128095949,0,0.0524244879064921,0.0408320288465918,13.8753037041263,12.6333642958738,13.254334,0.0670771082491474,36.9785584542435,13.1833344,12.9653578837691,-1.09316942503467,-0.580257306718288
"3478128","2006-03-28",16.3960088010372,0.0455929823281591,0.0676221486825451,0.0604315599529742,13.867741449675,12.576037550325,13.2218895,0.167364814116523,38.5419352446727,13.1592012,12.9188661659332,-1.20765137766241,-0.705736120907112
"3478127","2006-03-29",16.9139054844131,0,0.015197660776053,0.0450814324550285,13.8425922433037,12.5146314233631,13.1786118333334,0.138753021828745,36.5870665295445,13.1332012,12.8652400104754,-1.34653416937387,-0.833895730600464
"3478126","2006-03-30",17.4143817609715,0,0.015197660776053,0.0326724900782154,13.7574012648489,12.4799334018178,13.1186673333334,0.10790350883802,36.4542528533372,13.099468,12.8178746757454,-1.44531853649146,-0.956180291778663
"3478125","2006-03-31",17.8791097320613,0.140721978209516,0.0469073260698385,0.0257675492073132,13.6484899553253,12.4816227113414,13.0650563333334,0.19857782153019,41.798585029823,13.066668,12.7977140523127,-1.40929132067966,-1.04680249755886
"3478124","2006-04-03",17.8731359767279,0.143713005128758,0.0948116611127579,0.0523055493195482,13.5798296368742,12.4698383631259,13.024834,0.246393802073674,41.9104124535652,13.0377348,12.7806855120043,-1.3631483360325,-1.11007166525359
"3478123","2006-04-04",17.3466096747072,0.161677130769852,0.148704038036042,0.0968076750728779,13.5039130947066,12.4733102386268,12.9886116666667,0.30836297366966,42.6234617637841,13.011468,12.7685941104037,-1.29912226492018,-1.14788178518691
"3478122","2006-04-05",16.8238641240838,0.3173632256384,0.20758445384567,0.150366717664822,13.4190465672697,12.4992877660637,12.9591671666667,0.445332950406014,48.5211100527281,12.9908012,12.7812255623499,-1.12586438875608,-1.14347830590074
"3478121","2006-04-06",16.7413639432733,0.291670454545454,0.256903603651235,0.204397365177648,13.3571142678562,12.5065533988106,12.9318338333334,0.359374555833664,45.7000095670296,12.951468,12.7792848207032,-1.0376130551677,-1.12230525575413
"3478120","2006-04-07",17.7083261942344,0,0.203011226727951,0.222499761408284,13.3218281720682,12.4786171612652,12.9002226666667,0.158449273499074,38.2640372302974,12.902268,12.7376028446095,-1.14437852678015,-1.12671990995934
"3478119","2006-04-10",18.6062197129839,0.0492566429225895,0.113642365822681,0.191185732067288,13.2901484629182,12.4502965370818,12.8702225,0.167664630616791,39.4429586684404,12.8664012,12.7059224653282,-1.19480261684943,-1.14033645133736
"3478118","2006-04-11",19.9310306815827,0,0.0164188809741965,0.111024157841608,13.2817009883351,12.3919663449983,12.8368336666667,0.0527389321671734,35.8319206615631,12.8252012,12.6566888032845,-1.32414533102649,-1.17709822727518
"3478117","2006-04-12",21.5681675764024,0,0.0164188809741965,0.0488267092570231,13.2951291998811,12.3012048001189,12.798167,-0.0291619766310903,32.7962097572891,12.7757344,12.5935742961799,-1.50864171514279,-1.24340692484871
"3478116","2006-04-13",22.4776038171517,0.197916666666666,0.065972222222222,0.0329366613902034,13.2464075979047,12.273704068762,12.7600558333334,0.162964280984657,39.6219849338038,12.7424008,12.5642083900225,-1.516775746537,-1.29808068918637
"3478115","2006-04-17",24.2059886412682,0,0.065972222222222,0.0494544418062119,13.1510552512392,12.2443897487608,12.6977225,-0.0844998313983877,32.8200686774398,12.6962672,12.4907579380195,-1.73613969187508,-1.38569248972411
"3478114","2006-04-18",25.6177930979347,0.168257142857142,0.122057936507936,0.0846674603174584,13.1127389260688,12.2062614072646,12.6595001666667,0.099732489252798,38.4081567839476,12.6604004,12.4506568796169,-1.77706224325157,-1.4639664404296
"3478113","2006-04-19",24.8840794718061,0.415539136692106,0.194598759849749,0.127542972859968,13.0621088468386,12.2146691531615,12.638389,0.444209599393569,44.9241061255312,12.6373336,12.447013295668,-1.63976888415327,-1.49912692917433
"3478112","2006-04-20",24.2027739618295,0.692571984554106,0.425456088034451,0.247370928130711,13.0415833466362,12.2210839866972,12.6313336666667,0.660881295519553,51.409326115225,12.6254672,12.4803008562456,-1.33839675229785,-1.46698089379904
"3478111","2006-04-21",23.0704686125593,0.706670000000001,0.604927040415404,0.408327296099867,13.0499269338228,12.2195180661772,12.6347225,0.720438598139774,51.9296060435002,12.608934,12.5122607420795,-1.07227070168993,-1.38803885537722
"3478110","2006-04-24",22.7944476477994,0.466670000000001,0.621970661518036,0.550784596655962,13.0138009042225,12.2246437624443,12.6192223333334,0.484089776291691,46.4228352873975,12.575734,12.5079593098023,-1.00458150271537,-1.31134738484485
"3478109","2006-04-25",23.1093128964213,0.26,0.47778,0.568225900644478,13.0081076982762,12.1956696350572,12.6018886666667,0.214572703448639,42.2663382529829,12.5508004,12.4766754018286,-1.07216185285659,-1.2635102784472
"3478108","2006-04-26",23.339605322854,0.32334,0.350003333333333,0.483251331617122,12.9871150004868,12.1791069995132,12.583111,0.294010703112486,43.9234893113478,12.5310672,12.4580080149181,-1.07279805515935,-1.22536783378963
"3478107","2006-04-27",23.5534482902557,0.356669999999999,0.313336666666666,0.380373333333332,12.9754687524973,12.1628642475028,12.5691665,0.316434072069234,44.8210185647675,12.5114672,12.4462736129291,-1.0399128061309,-1.18827682825788
"3478106","2006-04-28",23.0288049968917,0.386670000000001,0.35556,0.339633333333332,12.9698237219151,12.1556206114183,12.5627221666667,0.409319719226259,45.66401511657,12.4998672,12.4401037978718,-0.983155976799288,-1.14725265796616
"3478105","2006-05-01",21.7969989331111,0.653971428571428,0.465770476190476,0.378222380952379,12.9857607277818,12.1504609388849,12.5681108333334,0.8028842698509,53.3407198440613,12.4932004,12.4747566248223,-0.735351654013305,-1.06487245717559
"3478104","2006-05-02",21.4730322801969,0.790409090909091,0.610350173160173,0.477226883116881,13.0722346911616,12.1045426421718,12.5883886666667,1.07921456926134,60.4880768021934,12.5128004,12.552345074846,-0.306086856299004,-0.913115337000275
"3478103","2006-05-03",20.3522190219399,0.621212121212121,0.68853088023088,0.588217176527175,13.1073930837424,12.0899395829243,12.5986663333334,0.891169718989545,54.8247844157017,12.5214668,12.5898097315332,-0.109241767494617,-0.752340623099143
"3478102","2006-05-04",19.3114638535584,0.679295454545455,0.696972222222222,0.665284425204424,13.134239172682,12.0768714939847,12.6055553333334,0.917178756472624,56.3361343265499,12.5372,12.6325017673288,0.0942149515478441,-0.583029508169746
"3478101","2006-05-05",18.5226896763384,0.828171346961541,0.709559640906372,0.69835424778649,13.2176748367152,12.0359911632849,12.626833,1.01701117685172,61.0901139702799,12.5636,12.7041681983516,0.415231824003892,-0.383377241735018
"3478100","2006-05-08",18.255340675521,0.718500168899899,0.741988990135632,0.716173617754741,13.3167017545664,12.004075578767,12.6603886666667,0.974581424235715,60.998510919531,12.5836,12.765835105238,0.658255837605015,-0.175050625867012
"3478099","2006-05-09",18.2461667680709,0.803030303030303,0.783233939630581,0.744927523557527,13.4355340932856,11.9681319067145,12.701833,0.98941161001317,63.9148582441591,12.6101332,12.8415010912063,0.943256756287014,0.0486108505637936
"3478098","2006-05-10",17.8952429160663,0.74307434219475,0.754868271374984,0.760030400380397,13.5262768903293,11.9705004430041,12.7483886666667,0.899552691349318,61.6319620144066,12.6328,12.8968569457121,1.10652461852458,0.260193604155952
"3478097","2006-05-11",16.8669567494463,0.617127873411217,0.72107750621209,0.753059905739217,13.5591095100192,12.0271124899809,12.793111,0.743835765853704,56.8755117287572,12.6418668,12.9226093529505,1.11814459719328,0.431783802763418
"3478096","2006-05-12",16.8572486413082,0.289676122538426,0.549959446048131,0.675301741211733,13.5610491205321,12.0651732128013,12.8131111666667,0.512776572286415,46.7693870577842,12.6374668,12.8871507725571,0.847068555155506,0.514840753241836
"3478095","2006-05-15",16.0435179972022,0.553879699248121,0.486894565065921,0.585977172442046,13.5795436073425,12.1570120593243,12.8682778333334,0.783179777086722,55.0415390586533,12.6617332,12.9119746695495,0.882417387005163,0.588356079994501
"3478094","2006-05-16",15.2879109705324,0.588684861992644,0.47741356125973,0.504755857457926,13.5853226700212,12.2398993299789,12.912611,0.701214734383488,56.099526155404,12.6870664,12.9414887136096,0.936736328999843,0.65803212979557
"3478093","2006-05-17",14.4402353794418,0.54473540859103,0.562433323277264,0.508913816534303,13.6051665420917,12.2770554579084,12.941111,0.665648041507943,55.091263252698,12.7171996,12.9612902184616,0.941629805278343,0.714751664892124
"3478092","2006-05-18",13.6531080448576,0.478544554455446,0.537321608346373,0.525722830961121,13.6302185372143,12.2951141294525,12.9626663333334,0.673602153249218,56.0723746498224,12.7554664,12.9851181893334,0.965233788248465,0.764848089563393
"3478091","2006-05-19",12.7162086681594,0.402633663366337,0.475304542137604,0.525019824587079,13.6487936515656,12.3104276817678,12.9796106666667,0.632290173735794,54.1199034461904,12.7830664,12.9955464307556,0.925484344128469,0.796975340476408
"3478090","2006-05-22",12.0418953058408,0.534653465346534,0.471943894389439,0.49485668162447,13.6703897312491,12.355165268751,13.0127775,0.695575615165138,56.9288399885688,12.8304,13.0223629066549,0.965376140528318,0.83065550048679
"3478089","2006-05-23",11.9153744495049,0.653465346534654,0.530250825082508,0.492499753869849,13.6713627749195,12.4568595584139,13.0641111666667,0.773822933371984,59.3413862549881,12.8754668,13.0616038524342,1.05855021307812,0.876234443005057
"3478088","2006-05-24",11.2923112105916,0.405940594059406,0.531353135313531,0.511182618261824,13.6332823071941,12.5714953594727,13.1023888333334,0.575188812756917,52.7164909127694,12.9012004,13.0622793387763,0.966562001351678,0.894299954674381
"3478087","2006-05-25",10.7743991683323,0.643564356435644,0.567656765676568,0.543086908690867,13.5934410670741,12.7083369329259,13.150889,0.770153899533436,57.609194640126,12.9256004,13.0948647602728,1.02971699026848,0.921383361793201
"3478086","2006-05-26",12.5086918857411,0.5,0.516501650165017,0.538503850385037,13.655684242443,12.7833157575571,13.2195,1.23548048916949,62.0706328270146,12.9592004,13.1568827922364,1.22059135639336,0.981224960713234
"3478085","2006-05-30",14.0213422368466,0.485237952907575,0.542934103114406,0.542364172985329,13.7277398972752,12.8070377693916,13.2673888333334,1.05555191830509,61.3387206008618,13.0013336,13.2070757532716,1.33868386496276,1.05271674156314
"3478084","2006-05-31",15.0867482469456,0.435422270930889,0.473553407946155,0.510996387075191,13.7681016966091,12.811453303391,13.2897775,0.820792712880617,58.8182084358765,13.0481336,13.238576319502,1.36082210206596,1.1143378136637
"3478083","2006-06-01",17.0092985501145,0.570112804844298,0.496924342894254,0.504470617984937,13.8717004780288,12.8017438553046,13.3367221666667,1.0596811004125,63.2190225846809,13.1021336,13.2983221435684,1.50809906826745,1.19309006458445
"3478082","2006-06-02",18.977001832242,0.767855947071665,0.591130340948951,0.520536030596451,14.0704266926229,12.7309066407105,13.4006666666667,1.1904637214497,70.5162424865586,13.1757336,13.4198791910926,1.91605997721145,1.33768404710985
"3478081","2006-06-05",18.3592363276185,0.227677555010915,0.521882102308959,0.536645595384053,14.1060045604648,12.7449954395353,13.4255,0.726995784658889,53.0462168575666,13.2158668,13.4176726322803,1.73225303546918,1.41659784478172
"3478080","2006-06-06",17.1518216652087,0.0424149892187983,0.345982830433792,0.486331757897232,14.1058868176557,12.7415575156777,13.4237221666667,0.371041275437238,48.5992011795769,13.2329336,13.3788722813096,1.40407726645606,1.41409372911659
"3478079","2006-06-07",16.3194514399422,0.102682577309923,0.124258373846545,0.330707768863097,14.1032450982914,12.737533235042,13.4203891666667,0.450902894084483,50.0657403904945,13.2393336,13.3572453104683,1.18450716395768,1.36817641608481
"3478078","2006-06-08",15.6619163143096,0,0.0483658555095733,0.172869019929968,14.1065400101116,12.7011269898884,13.4038335,0.24033007041441,43.7871524902086,13.2378672,13.2825019357392,0.747331196648982,1.24400737219764
"3478077","2006-06-09",14.9282586553977,0.198863636363636,0.100515404557853,0.0910465446379884,14.1064098105964,12.7135908560703,13.4100003333334,0.413845945583889,49.4736246478906,13.247334,13.264391010974,0.605896389305682,1.11638517561925
"3478076","2006-06-12",14.840967961019,0.0303011363636358,0.076388257575757,0.0750898392143924,14.0900423472445,12.7471803194222,13.4186113333334,0.19157814323511,45.2913471887561,13.234534,13.2091388761774,0.30916318407983,0.954940777311366
"3478075","2006-06-13",14.615670357834,0.0208295454545452,0.0833314393939387,0.0867450338425142,14.097641414236,12.7136922524307,13.4056668333334,0.215707163101202,45.0608396978177,13.2212004,13.1590310260205,0.0622675906875259,0.776406139986598
"3478074","2006-06-14",14.6057482821298,0,0.0170435606060599,0.0589210858585833,14.1149132710938,12.6649763955729,13.3899448333334,0.140636194492126,43.6728779695378,13.197334,13.1027162225511,-0.191451812770971,0.582834549435084
"3478073","2006-06-15",14.5965349261188,0.0531098901098901,0.024646478521478,0.0416738261738237,14.1260851189965,12.6286932143369,13.3773891666667,0.187862276705516,45.481334647082,13.1804004,13.0667980595443,-0.32985272463224,0.400297094621619
"3478072","2006-06-16",15.4781342601432,0,0.0177032967032963,0.0197977786102762,14.173630894407,12.5168141055931,13.3452225,0.0206998713668681,39.1753383688729,13.1521336,12.9756689849384,-0.711409770142013,0.177955721668893
"3478071","2006-06-19",16.6633566295908,0,0.0177032967032963,0.0200176906426883,14.2475829273015,12.3561960726985,13.3018895,-0.0349969331784905,36.5478926162466,13.1325336,12.8678024536132,-1.1394202502738,-0.0855194727196465
"3478070","2006-06-20",18.0053996441117,0,-3.67761376907083e-16,0.0118021978021955,14.322968645902,12.1649213540981,13.243945,-0.0249336615416613,34.8073328066578,13.0902672,12.7543181264648,-1.55975653739621,-0.380366885654958
"3478069","2006-06-21",18.8221154789517,0.0301811023622049,0.0100603674540679,0.0092545547191194,14.3510471734686,12.0177311598648,13.1843891666667,0.0804958147004054,36.4724729839394,13.0486672,12.6661863762695,-1.8274793447685,-0.669789377477667
"3478068","2006-06-22",19.6294240250705,0.0210084033613448,0.0170631685745162,0.00904117867619269,14.3842655765541,11.8806240901126,13.1324448333334,0.104932186967163,36.1268850419318,13.007734,12.5862508594336,-2.03637306523508,-0.943106115029149
"3478067","2006-06-23",20.4561508146045,0.00621118012422347,0.0191335619492574,0.0154190326592786,14.3905199724227,11.7458140275773,13.068167,0.135603975099125,35.582119396333,12.9632008,12.5116400781758,-2.20503781347219,-1.19549245471776
"3478066","2006-06-26",20.7082888205821,0.120080745341616,0.0491001096090609,0.0284322800442763,14.3017928000682,11.6757635332652,12.9887781666667,0.227556412878693,40.0444985201728,12.9290676,12.4714214010857,-2.19673567595671,-1.39574109896555
"3478065","2006-06-27",20.9804487437206,0.11324358974359,0.0798451717364759,0.0493596144315962,14.2099844064292,11.6154609269042,12.9127226666667,0.247565976886072,39.7746912826644,12.888934,12.4343425476076,-2.17675851784873,-1.55194458274218
"3478064","2006-06-28",21.2974367189928,0.0961538461538464,0.109826060413017,0.0795904472528493,14.1349715517155,11.5523631149512,12.8436673333334,0.256792141725658,39.3184273875529,12.842934,12.3986528745932,-2.1542397254222,-1.67240361127819
"3478063","2006-06-29",20.5723716629192,0.142855031662641,0.117417489186692,0.10236290711206,13.9699719670334,11.5571403662999,12.7635561666667,0.321693800262491,40.5128167287073,12.8086672,12.3734991579808,-2.08476099549483,-1.75487508812152
"3478062","2006-06-30",19.4623834500492,0.280788868938101,0.173265915584862,0.133503155061522,13.6459496664816,11.6986073335184,12.6722785,0.411533188720574,45.4905478157492,12.7722672,12.3765886035834,-1.88632489103665,-1.78116504870454
"3478061","2006-07-03",18.4316801095269,0.388059033188257,0.270567644596333,0.187083683122627,13.4551973643698,11.7666929689636,12.6109451666667,0.438899477975474,46.8586617063494,12.7278672,12.3863767897722,-1.67490159506603,-1.75991235797684
"3478060","2006-07-05",18.5961924460783,0.0382168039286883,0.235688235351682,0.226507265177624,13.369746932383,11.7423657342837,12.5560563333334,0.250486855523292,39.0699824016135,12.6688008,12.3424158844693,-1.74406403096652,-1.75674269257478
"3478059","2006-07-06",18.6715724903067,0.0804597701149428,0.168911869077296,0.225055916341768,13.2387771507789,11.7556688492212,12.497223,0.283864064638195,39.8906454367741,12.6145344,12.3083164332067,-1.75990795103688,-1.7573757442672
"3478058","2006-07-07",18.7783220277557,0.0821159420289865,0.0669308386908722,0.157176981039948,13.1646432841074,11.742358049226,12.4535006666667,0.296765566959249,39.6350037172871,12.5500008,12.2769849087792,-1.76161159917914,-1.75822291524958
"3478057","2006-07-10",18.6471461584044,0.144927536231883,0.102501082791937,0.112781263520033,13.0044419142451,11.7946704190883,12.3995561666667,0.344232705029188,40.9588371061444,12.4662676,12.2556095876086,-1.71520871854127,-1.74962007590792
"3478056","2006-07-11",17.9888748119916,0.328426470588236,0.185156649616368,0.118196190366391,12.904014816308,11.8288755170254,12.3664451666667,0.477470981342118,44.9579735547471,12.4201344,12.2548616425941,-1.5726914002983,-1.714234340786
"3478055","2006-07-12",17.5271409162848,0.264705882352943,0.246019963057687,0.177892565155329,12.7791495021127,11.8811858312207,12.3301676666667,0.451559658729308,43.9168834336514,12.3833344,12.2484360902482,-1.47133520354669,-1.66565451333814
"3478054","2006-07-13",17.6606230078453,0.0147058823529434,0.20261274509804,0.211263119257363,12.6773625594735,11.9048617738598,12.2911121666667,0.236787106947525,40.0029081509601,12.3361344,12.2202006115485,-1.48615792626171,-1.62975519592285
"3478053","2006-07-14",17.9115013235817,0,0.0931372549019617,0.180589987685894,12.5257964748858,11.9698728584476,12.2478346666667,0.134143983119274,39.1194717280956,12.3041344,12.1903965300087,-1.50750994632879,-1.60530614600404
"3478052","2006-07-17",18.4599367553402,0,0.00490196078431411,0.100217320261437,12.4873021008945,11.9487008991056,12.2180015,0.0106679441895179,36.9240509545242,12.2541344,12.1512329926742,-1.57326149033388,-1.59889721487001
"3478051","2006-07-18",19.401336973365,0,-3.66026653431106e-16,0.0326797385620899,12.5061004817451,11.8863465182549,12.1962235,-0.0514771777205598,33.9174616649284,12.2101344,12.0977352603176,-1.70442539685094,-1.62000285126619
"3478050","2006-07-19",18.5361224672845,0.436060865374212,0.145353621791404,0.0500851941919039,12.5275584497467,11.8922215502534,12.20989,0.774741374965812,47.7630921717129,12.1845344,12.1104812256086,-1.49618277473142,-1.59523883595924
"3478049","2006-07-20",17.9078590004584,0.535605152925223,0.323888672766478,0.156414098185958,12.5650865796265,11.8834717537069,12.2242791666667,0.894735398598466,51.0828412451475,12.1681344,12.1393063955275,-1.22819713075131,-1.52183049491765
"3478048","2006-07-21",17.22742493986,0.148606351063929,0.373424123121121,0.280888805892999,12.5677746169762,11.8703390496905,12.2190568333334,0.241672432860662,42.0827250346218,12.1312012,12.1087322094571,-1.27826844138935,-1.47311808421199
"3478047","2006-07-24",16.1200805392917,0.250773217420379,0.311661573803177,0.336324789896923,12.5677804891593,11.8762218441741,12.2220011666667,0.415165787082869,44.8454615194155,12.116668,12.0969012481962,-1.23084957627921,-1.42466438262544
"3478046","2006-07-25",15.1363555055255,0.4581998198148,0.285859796099702,0.323648497674665,12.574819020938,11.8762943123954,12.2255566666667,0.670196795063556,50.0545999994837,12.1197344,12.11642508177,-1.03253866218997,-1.34623923853834
"3478045","2006-07-26",14.1291637338673,0.386998801861294,0.365323946365491,0.320948438756121,12.5774983449705,11.8770596550295,12.227279,0.592719511737399,48.3659832170384,12.1257344,12.1231244042007,-0.915834448888286,-1.26015828060833
"3478044","2006-07-27",13.6872679707166,0.60371330119721,0.482970640957768,0.378051461140985,12.614667472533,11.870112527467,12.24239,0.869867487270848,53.5071290205189,12.1380012,12.1600411503073,-0.660709155542349,-1.14026845559514
"3478043","2006-07-28",14.0210149715164,0.566237834383986,0.51898331248083,0.455759299934694,12.6724849536618,11.8451840463383,12.2588345,0.987596266077335,55.0895111058451,12.1544012,12.2022583302663,-0.403497291827837,-0.992914222841677
"3478042","2006-07-31",14.3309229008305,0.714290166987447,0.628080434189548,0.543344795876047,12.726994153239,11.815896846761,12.2714455,1.02769098307602,58.8291340451928,12.1800012,12.2641798862308,-0.0742770546683813,-0.809186789207017
"3478041","2006-08-01",13.637895866609,0.496107782098136,0.592211927823189,0.57975855816452,12.7280284492178,11.8155295507822,12.271779,0.765937489987848,51.9622865876579,12.187068,12.2805119014,0.00193379858686171,-0.646962671648242
"3478040","2006-08-02",12.9832495423551,0.493505177935528,0.567967709007037,0.596086690339923,12.7483917911077,11.827276875559,12.2878343333334,0.698971554550801,51.8844873049862,12.194668,12.2942209812133,0.0593870905042149,-0.50569271921775
"3478039","2006-08-03",12.2463714100728,0.464938869971091,0.484850610001585,0.548343415610602,12.7585499180294,11.838896415304,12.2987231666667,0.604086484438218,50.9822168594091,12.201868,12.3012141837182,0.0799280641975431,-0.388568562534692
"3478038","2006-08-04",12.4812109572962,0.464938869971091,0.474460972625903,0.509093097211506,12.7782643058521,11.8521823608146,12.3152233333334,0.693528590308556,50.9822168594091,12.2073348,12.3072749592225,0.0950991094948117,-0.291835028128791
"3478037","2006-08-07",12.6473623635099,0.376852750304897,0.435576830082359,0.464962804236614,12.7878676819013,11.8630229847654,12.3254453333334,0.597430412131928,50.6107885156461,12.2048012,12.3107489646595,0.0972558165920789,-0.214016859184617
"3478036","2006-08-08",12.2937789576155,0.261125403932949,0.367639008069645,0.425892270259301,12.7887372802248,11.863597386442,12.3261673333334,0.532963663338833,47.0159933561854,12.1949344,12.2964264360382,0.0136094502874329,-0.168491597290207
"3478035","2006-08-09",12.9852719591845,0.264098706524352,0.300692286920733,0.367969375024244,12.8025107913151,11.8689348753516,12.3357228333334,0.652164558058501,47.1199161891558,12.2009344,12.2844589112331,-0.0499918101958485,-0.144791639871335
"3478034","2006-08-10",13.5201852684567,0.157895256234396,0.227706455563899,0.298679250184757,12.7988099009173,11.8906354324161,12.3447226666667,0.415273989008948,46.3383460797072,12.2046676,12.270531056402,-0.116643401653993,-0.139161992227867
"3478033","2006-08-11",14.0635454798487,0.0923084023723261,0.171434121710358,0.233277621398328,12.7914714865335,11.9253071801332,12.3583893333334,0.453115900720816,48.6321027445753,12.2116012,12.2673495822151,-0.124248034271168,-0.136179200636527
"3478032","2006-08-14",15.4995655881546,0.288463757413519,0.17955580534008,0.192898794204777,12.7873030474589,11.9895866192078,12.3884448333334,0.709487767099986,54.0281797535973,12.2236012,12.2872589712531,-0.0183475832150171,-0.112612877152225
"3478031","2006-08-15",16.8330128315814,0.28906753542006,0.223279898401968,0.1914232751508,12.7413425012585,12.1035474987416,12.422445,0.675607626627137,54.332081593331,12.230668,12.3058471084193,0.0711854692498681,-0.0758532078718065
"3478030","2006-08-16",18.4006377958053,0.28906753542006,0.288866276084546,0.230567326608863,12.7582553308216,12.1065240025118,12.4323896666667,0.731609243630266,54.332081593331,12.239468,12.3219568272968,0.140404984329523,-0.0326015694315406
"3478029","2006-08-17",20.6076367222816,0.5863125,0.38814919028004,0.300098454922183,12.8639751126651,12.050581887335,12.4572785,1.1563059744156,65.2540141646829,12.271468,12.3905852503239,0.4572819173148,0.0653751279177275
"3478028","2006-08-18",22.7061599347021,0.759417391304348,0.544932475574802,0.407315980646461,12.9740114491475,12.0512118841859,12.5126116666667,1.18589289668009,69.4165190349148,12.3137344,12.4789512169473,0.837092285076113,0.219718559349405
"3478027","2006-08-21",24.6547886319497,0.823191304347827,0.722973731884058,0.552018465912965,13.0845888306116,12.0437458360551,12.5641673333334,1.10554698127346,70.6962542029566,12.3629344,12.5653137213544,1.16874638062223,0.40952412360397
"3478026","2006-08-22",25.4618511922593,0.652173913043478,0.744927536231884,0.670944581230246,13.1415219680838,12.0531460319163,12.597334,0.877114793728299,63.0742813638419,12.4101344,12.6139385585071,1.28851700175903,0.585322699234981
"3478025","2006-08-23",24.0966866370224,0.179713043478262,0.551692753623188,0.673198007246375,13.138479570389,12.0866330962777,12.6125563333334,0.484896718556976,47.7560228241776,12.417868,12.5836360840395,1.02390506608721,0.673039172605426
"3478024","2006-08-24",22.8290338357309,0.191304347826087,0.341063768115942,0.545894685990336,13.1383944943793,12.0860515056207,12.612223,0.403916307629605,48.0891167018668,12.4208012,12.5591512728342,0.813213430598281,0.701074024203997
"3478023","2006-08-25",21.6519276631032,0.2058,0.192272463768116,0.361676328502414,13.1319056358566,12.0758736974768,12.6038896666667,0.397415034467398,48.5310592178345,12.441068,12.5401537697897,0.649367455423011,0.6907327104478
"3478022","2006-08-28",20.6578654726006,0.246373913043478,0.214492753623188,0.249276328502414,13.1173630407506,12.0688602925828,12.5931116666667,0.446162913323794,49.8188398255259,12.4588012,12.5299106004844,0.543240326647187,0.661234233687677
"3478021","2006-08-29",20.700652008188,0.278260869565218,0.243478260869565,0.216747826086955,13.1247725802421,12.0768950864246,12.6008338333334,0.564946682286982,50.8594487193372,12.469068,12.5259225204198,0.477247443509099,0.624436875651962
"3478020","2006-08-30",20.80371175559,0.516924667460516,0.347186483356403,0.268385832616384,13.1553531459265,12.0873148540736,12.621334,0.743230355423531,58.5928004212756,12.494668,12.5633555176972,0.61507199498394,0.622563899518357
"3478019","2006-08-31",21.9598558152418,0.440729122973391,0.411971553333041,0.334212099186335,13.2132930923609,12.0973745743058,12.6553338333333,0.875573568516856,59.9929895933105,12.513468,12.6042414486709,0.75553886502,0.649158892618686
"3478018","2006-09-01",23.033418156347,0.63830175259424,0.531985181009382,0.430381072566274,13.2949726415471,12.0880283584529,12.6915005,0.936042912147343,64.4252629072968,12.537868,12.6685652555148,0.992730898713079,0.717873293837565
"3478017","2006-09-05",22.9163513390043,0.398172633268287,0.492401169611972,0.478785967984797,13.3229522470884,12.117382086245,12.7201671666667,0.722898267332686,56.2661923018069,12.5441344,12.6892005547795,1.00055261624865,0.774409158319782
"3478016","2006-09-06",22.3852252414126,0.297868072146334,0.444780819336287,0.489722389985879,13.3238227837486,12.1630672162515,12.743445,0.567865278621785,53.2334887590842,12.5572008,12.6924178141422,0.926043575823843,0.804736041820594
"3478015","2006-09-07",21.2846552509193,0.145897543450112,0.280646082954911,0.405942690634388,13.3218626891212,12.1846939775455,12.7532783333334,0.430677246160373,48.9303611124235,12.5637344,12.6729847722566,0.752371099543869,0.794263053365249
"3478014","2006-09-08",20.0050406655476,0.0790217569711672,0.174262457522537,0.299896453271243,13.3004772268158,12.2327461065176,12.7666116666667,0.282559177193877,47.1250769045583,12.5688008,12.6463641359557,0.561451425824644,0.747700727857128
"3478013","2006-09-11",18.7167636632321,0,0.0749731001404261,0.17662721353929,13.2870336305038,12.2601893694963,12.7736115,0.19242187415697,44.4746480840479,12.5694672,12.6086262511616,0.335761914645549,0.665312965214813
"3478012","2006-09-12",19.0200475316862,0.214285714285714,0.0977691570856267,0.115668238249528,13.2913679570223,12.283410376311,12.7873891666667,0.543375667954659,50.9558364714349,12.5802672,12.6079200843401,0.306817234878953,0.593613819147641
"3478011","2006-09-13",19.346577440594,0.538696428571429,0.250994047619047,0.141245434948365,13.3199856408678,12.3093483591323,12.814667,0.762543583270213,58.7969743046567,12.6108008,12.655753406428,0.510088763009842,0.576908807920081
"3478010","2006-09-14",19.6497837845798,0.568455357142857,0.440479166666666,0.263080790457112,13.347850980354,12.3325936863127,12.8402223333334,0.750400564952399,59.4376258935903,12.642534,12.7016529522376,0.683587386212103,0.598244523578485
"3478009","2006-09-15",20.1463759635975,0.607142857142856,0.571431547619047,0.420968253968252,13.3701418058068,12.3264135275266,12.8482776666667,0.791208295931319,60.3018008245562,12.6770672,12.7472098919393,0.838001668069022,0.646195952476593
"3478008","2006-09-18",21.0821451173593,0.741049586776859,0.63888260035419,0.5502644382133,13.4137254453676,12.3047188879657,12.8592221666667,0.955561929092858,64.3875772244866,12.7176004,12.8155819063474,1.08345287388467,0.733647336758208
"3478007","2006-09-19",22.1059198732658,0.666671875,0.671621439639905,0.627311862537712,13.445944087564,12.2889445791027,12.8674443333334,0.924758751471077,62.9913399591316,12.7496004,12.8690603188344,1.23481186786298,0.833880242979164
"3478006","2006-09-20",23.6403930233419,0.777070063694268,0.728263841823709,0.679589293939266,13.5836419567004,12.2204687099663,12.9020553333334,1.08535577575707,69.0979943002688,12.7958668,12.9642962763231,1.56375395882704,0.979854986148739
"3478005","2006-09-21",25.1876765576675,0.896130557778905,0.77995749882439,0.726614260095999,13.7559595410753,12.1771507922581,12.9665551666667,1.08278844773903,72.3977510685814,12.852,13.0797234394801,1.95046318929826,1.17397662677864
"3478004","2006-09-22",25.6827862751669,0.771896594915286,0.815032405462819,0.774417915370304,13.8581127940258,12.1986645393076,13.0283886666667,0.933512362490327,66.1293164045212,12.8836,13.1526496475494,2.10348464673964,1.35987823077084
"3478003","2006-09-25",26.142531012845,0.780041181178857,0.816022777957682,0.803670894081629,13.9329454199039,12.2459429134295,13.0894441666667,0.871797017249706,66.335106583014,12.9070668,13.2176296945428,2.20525870308528,1.52895432523373
"3478002","2006-09-26",27.1830903437508,0.692164753423967,0.748034176506036,0.793029786642177,14.0068423475576,12.2967129857758,13.1517776666667,0.869302861397924,65.0577439538732,12.926,13.2686124019371,2.23411739358363,1.66998693890371
"3478001","2006-09-27",28.4962935448138,0.817258883248731,0.763154939283852,0.775737297915855,14.1403400478385,12.3056592854949,13.2229996666667,0.97437698764637,70.7240426351072,12.9677332,13.3625747483455,2.45267574442321,1.82652470000761
"3478000","2006-09-28",29.7156965172294,0.83248730964467,0.780636982105789,0.763942032631891,14.2632266073734,12.30510572596,13.2841661666667,0.918910382118274,71.1291969176719,13.0323996,13.4480087818994,2.61023978529913,1.98326771706591
"3477999","2006-09-29",30.7062847541495,0.793838150289017,0.814528114394139,0.786106678594591,14.3636425953973,12.3034677379361,13.3335551666667,0.853692388792966,70.1994460619942,13.0954664,13.5184969443128,2.68533453980511,2.12368108161375
"3477998","2006-10-02",31.1078530655637,0.668293503870751,0.764872987934813,0.786679361478245,14.4394117209047,12.3050316124287,13.3722216666667,0.789961629081725,66.7902796565535,13.1539996,13.5666973517378,2.65484629089057,2.22991412346911
"3477997","2006-10-03",31.4807379261625,0.692499231248078,0.718210295135948,0.765870465821632,14.5083555709186,12.3373100957481,13.4228328333334,0.766358845671456,67.5509528595269,13.2123996,13.6142483715061,2.62491768277371,2.30891483533003
"3477996","2006-10-04",32.2367488720156,0.627906976744186,0.662899903954338,0.715327729008364,14.5595808964884,12.404751436845,13.4821661666667,0.744437209470463,64.9622168205448,13.2665328,13.6461259219719,2.52969332775177,2.35307053381438
"3477995","2006-10-05",33.4106683259966,0.654037878787878,0.658148028926713,0.679752742672331,14.617689535708,12.502420464292,13.560055,0.817769659858624,69.0926764082743,13.317466,13.7039757990423,2.5574327254805,2.39394297214761
"3477994","2006-10-06",34.5007363904074,0.845954545454545,0.709299800328869,0.676782577736638,14.6583703938367,12.6471839394967,13.6527771666667,0.866007586423193,72.9330876713081,13.3759992,13.7878896925034,2.69483904941923,2.45412218760193
"3477993","2006-10-09",35.8514940739064,0.723078627208447,0.741023683816956,0.702823837690845,14.6575117669903,12.8489318996764,13.7532218333334,0.894479768110152,73.4015093480615,13.4271992,13.8650604001696,2.78808771481218,2.52091529304398
"3477992","2006-10-10",37.2391834737117,0.826977046988131,0.79867007321704,0.749664519120953,14.7145784321942,12.9693099011391,13.8419441666667,0.937532956340166,75.7510552645973,13.495866,13.9550523468136,2.92575972879305,2.6018841801938
"3477991","2006-10-11",36.9611284910617,0.592370696860126,0.714142123685568,0.75127862690652,14.733433889253,13.0792317774137,13.9063328333334,0.77895251132295,66.0798403165887,13.558266,13.9974893672385,2.84583944351253,2.65067523285754
"3477990","2006-10-12",36.9840269139919,0.668619740118064,0.695989161322106,0.736267119408236,14.7463162040849,13.2031274625818,13.9747218333334,0.815905298482906,67.5307613382363,13.6307992,14.0458241182734,2.79899414613056,2.68033901551215
"3477989","2006-10-13",37.0052897352842,0.736071155216553,0.665687197398247,0.691939494135305,14.7479481679511,13.3367181653822,14.0423331666667,0.827454418598513,68.8020756487955,13.7093328,14.0979369025036,2.77256218523261,2.69878364945624
"3477988","2006-10-16",36.7868053729965,0.615097244549098,0.673262713294571,0.678313024004973,14.7558211393589,13.4407345273078,14.0982778333334,0.792801120325266,67.3210888967543,13.7906664,14.1377679821698,2.69650841623574,2.69832860281214
"3477987","2006-10-17",35.7464099804996,0.449056988249145,0.600075129338265,0.646341680010359,14.7221680147663,13.5762763185671,14.1492221666667,0.699455586211227,62.0471235706859,13.8565332,14.1527322512138,2.52298080754083,2.66325904375788
"3477986","2006-10-18",34.4388727624934,0.377363189711775,0.480505807503339,0.58461455004539,14.7122787556904,13.6410549109763,14.1766668333334,0.567421171609492,59.866295625456,13.9053332,14.1572572843853,2.32250715739535,2.59510866648537
"3477985","2006-10-19",33.2247310600591,0.441506101840741,0.42264209326722,0.501074343369606,14.7167557355516,13.6761332644484,14.1964445,0.582427107218866,61.1809055785529,13.9550664,14.1687336464673,2.17082599901199,2.5102521329907
"3477984","2006-10-20",31.0924495166552,0.226413385559355,0.34842755903729,0.417191819935948,14.6956557770253,13.7385662229747,14.217111,0.441488234028876,54.7093199846507,13.9954664,14.153346493605,1.92027362067853,2.39225643052826
"3477983","2006-10-23",29.5520655526568,0,0.222639829133365,0.331236493812623,14.6681211552178,13.7888785114489,14.2284998333334,0.176930478732931,48.5913900514368,14.0187996,14.1120109611243,1.58366511398589,2.23053816721979
"3477982","2006-10-24",28.1217090146583,0.175375556898829,0.133929647486061,0.23499901188557,14.6410528577353,13.8423911422648,14.241722,0.257162100578334,52.8294344077657,14.0501328,14.0970761663077,1.39049156711115,2.06252884719806
"3477981","2006-10-25",26.1351020616644,0.149260080148656,0.108211879015828,0.154927118545083,14.6415219414708,13.8402560585292,14.240889,0.295050552511815,52.1401233117701,14.0658664,14.0810220108,1.21013374960233,1.89204982767891
"3477980","2006-10-26",24.586397653471,0.399254483175498,0.241296706740994,0.161146077747626,14.6438788554318,13.8524548112349,14.2481668333334,0.502316288821511,57.8145156291898,14.0806664,14.0968857426934,1.18159958038209,1.74995977821955
"3477979","2006-10-27",22.8487170565814,0.332090805292498,0.293535122872217,0.214347902876344,14.6423864627918,13.8681692038749,14.2552778333334,0.434340781719165,55.8970587431268,14.1011996,14.1026343103342,1.11168338081804,1.62230449873925
"3477978","2006-10-30",21.4989077001257,0.429154419802268,0.386833236090088,0.307221688567764,14.6363875540785,13.9010574459215,14.2687225,0.488142513722798,57.3363008936642,14.1234664,14.1151724022897,1.07622901128197,1.51308940124779
"3477977","2006-10-31",20.0999677618079,0.331989214662229,0.364411479918998,0.348259946293766,14.6270753618929,13.9294809714405,14.2782781666667,0.376640588698621,54.6261803540956,14.1441332,14.1153720819844,0.990881591147619,1.40864783922776
"3477976","2006-11-01",18.8009521047986,0.418029360415078,0.393057664959858,0.381434126989646,14.6165398880001,13.9613497786666,14.2889448333334,0.398159583939342,56.4724012098375,14.1525332,14.1244331377198,0.950381423942437,1.31699455617069
"3477975","2006-11-02",17.4956817659546,0.438525094056605,0.396181223044637,0.384550122641162,14.6167462677544,13.9622543989123,14.2895003333334,0.429461308538947,56.9442087323921,14.1604,14.1345087193572,0.91716128698065,1.23702790233268
"3477974","2006-11-03",16.3039294397321,0.556962025316454,0.471172159929379,0.420137015977956,14.6091814158259,13.9609302508408,14.2850558333334,0.52304790818796,59.3180536295379,14.1726664,14.1543515567762,0.927584100212231,1.17513914190859
"3477973","2006-11-06",15.2963946748536,0.748463209040379,0.581316776137812,0.482890053037274,14.5891994466012,13.9626895533988,14.2759445,0.513565361737344,57.9420077332814,14.1874664,14.1671046825394,0.906223475584689,1.12135600864381
"3477972","2006-11-07",15.8741087387037,0.220856185813669,0.508760473390167,0.520416469819118,14.5334477709705,13.9681075623629,14.2507776666667,0.237224304224553,47.6939621980842,14.1890664,14.1399347248675,0.717559895593123,1.04059678603368
"3477971","2006-11-08",17.5412189553192,0,0.323106464951349,0.471061238159774,14.5622264939073,13.8818841727594,14.2220553333334,-0.130161199747213,39.3314005334815,14.1806664,14.0737207615518,0.380283660553005,0.908534160937541
"3477970","2006-11-09",19.4744102469785,0,0.0736187286045559,0.301828555648689,14.5710577935238,13.7988302064762,14.184944,-0.102085889097749,36.3301269464256,14.1575996,13.9976686600116,0.0309049465879063,0.733008318067614
"3477969","2006-11-10",21.4251418006867,0,-5.64363370851121e-16,0.1322417311853,14.5827684494833,13.6925635505168,14.137666,-0.150164174568442,35.0941543141711,14.1219996,13.9237568386767,-0.279017979115803,0.530603058630931
"3477968","2006-11-13",23.7542050022619,0,-5.64363370851121e-16,0.0245395762015165,14.6110957643513,13.5527915689821,14.0819436666667,-0.173770046255884,30.8826521544852,14.0761328,13.8299225935198,-0.64902540559737,0.294677365785271
"3477967","2006-11-14",26.0612135262199,0,-5.64363370851121e-16,-2.35459799805919e-15,14.6510635389627,13.3988237943707,14.0249436666667,-0.128607264223554,29.6803678356077,14.0205328,13.7392662477172,-0.974720925087091,0.0407977076107983
"3477966","2006-11-15",26.9940034672485,0.137465936749497,0.0458219789164983,0.0152739929721639,14.6541249336462,13.3119843996871,13.9830546666667,0.0738563494692001,36.1785899636599,13.9823996,13.6833640813549,-1.12179114465367,-0.191720062842096
"3477965","2006-11-16",27.5477651970677,0.234500715631494,0.123988884126996,0.0566036210144962,14.631075198965,13.2575898010351,13.9443325,0.182154732775956,40.3676527963062,13.9455996,13.6509155371742,-1.15491768502821,-0.384359587279319
"3477964","2006-11-17",27.8703522548599,0.344170731707317,0.238712461362768,0.136174441468752,14.6108342081995,13.2223861251339,13.9166101666667,0.27676743040401,44.7100356005654,13.911066,13.6405707988843,-1.08991085476792,-0.525469840777039
"3477963","2006-11-20",26.9901774948084,0.344170731707317,0.307614059682042,0.2234384683906,14.6051186753518,13.2009903246483,13.9030545,0.3363935178113,44.7100356005654,13.8781324,13.6316053590331,-1.02660633631894,-0.625697139885418
"3477962","2006-11-21",26.1728723604749,0.468837398373984,0.385726287262872,0.310684269435892,14.5901661524803,13.187832180853,13.8889991666667,0.41276745116234,49.6048054354749,13.8571992,13.6442806444953,-0.875506909297763,-0.675659093767887
"3477961","2006-11-22",25.9336553873942,0.363146341463414,0.392051490514904,0.361797279153271,14.5705818607284,13.165416472605,13.8679991666667,0.349605485266814,45.8952151031783,13.8335992,13.6379325585626,-0.823210839430755,-0.705169442900461
"3477960","2006-11-24",26.0092740489317,0.29810569105691,0.376696476964768,0.384824751580846,14.5256832240695,13.1402041092639,13.8329436666667,0.294978023391906,43.7280422470904,13.8045328,13.6217642174209,-0.819756661019444,-0.728086886524257
"3477959","2006-11-27",27.4562301814975,0,0.220417344173441,0.329721770551036,14.506815566094,13.0574051005727,13.7821103333334,0.0899479955438791,33.28886710282,13.7633328,13.5419729884315,-1.09807820403204,-0.802085150025813
"3477958","2006-11-28",28.7998323045943,0.00295575221238909,0.100353814423099,0.232489211853768,14.4735649677095,12.9732110322905,13.723388,0.0748794212645213,33.4047806042453,13.7306664,13.4732659233073,-1.30375662351199,-0.902419444723048
"3477957","2006-11-29",28.6279637461908,0.132743362831859,0.045233038348082,0.122001398981539,14.4199809128367,12.9343504204966,13.6771656666667,0.22443416979469,38.4611089903723,13.6975996,13.4332744668663,-1.36440501031575,-0.994816557841589
"3477956","2006-11-30",28.6063405658051,0.121576470588237,0.0857585285441609,0.0771151271051122,14.3511506023538,12.9027367309796,13.6269436666667,0.217509149316228,37.4859433309569,13.6635996,13.3923938712841,-1.42485783213327,-1.08082481269993
"3477955","2006-12-01",29.3511449170329,0,0.0847732778066979,0.0719216148996452,14.2792354996228,12.8510965003772,13.565166,0.109711659513216,32.0473491321749,13.6090664,13.3182973551129,-1.63042740346284,-1.19074533085251
"3477954","2006-12-04",29.6375492474175,0.196139525013022,0.105905331867086,0.0921457127393131,14.1570803569979,12.8601409763355,13.5086106666667,0.238059718339968,38.7564833090053,13.5650664,13.2811910410979,-1.65247913561689,-1.28309209180539
"3477953","2006-12-05",29.9034961256317,0.20899812860533,0.13504588453945,0.108574831404409,14.0125571993765,12.8892194672902,13.4508883333334,0.214340881196341,39.180435372181,13.5193328,13.2508095689515,-1.64351571251387,-1.35517681594708
"3477952","2006-12-06",29.8102887706919,0.205785889298324,0.203641180972225,0.148197465792918,13.8929528986329,12.9133794347005,13.4031661666667,0.239284995558378,39.1076043152653,13.476666,13.224034959758,-1.62023327796447,-1.40818810835056
"3477951","2006-12-07",29.7237390839622,0.318330021414929,0.244371346439527,0.194352803983732,13.8357881731514,12.9137668268487,13.3747775,0.338159025350408,43.0985029327428,13.4359996,13.2163862984569,-1.51334912919189,-1.42922031251882
"3477950","2006-12-08",30.5581820219668,0.0128586035923059,0.178991504768519,0.209001344060089,13.8032109586198,12.8701220413803,13.3366665,0.0939402705003739,36.1693419725069,13.3819996,13.167534791996,-1.60418300977301,-1.46421285196966
"3477949","2006-12-11",31.3330218929711,0.0164950495049504,0.115894558170728,0.179752469792923,13.794353008482,12.813868991518,13.304111,0.0957768546186035,36.2853477920795,13.3247996,13.1256408197298,-1.6560795566894,-1.50258619291361
"3477948","2006-12-12",31.7521249089497,0.070914893617022,0.0334228489047588,0.109436303948,13.7953029795512,12.7716963537822,13.2834996666667,0.180701233163852,38.1043004062956,13.2709328,13.0959993770992,-1.64817616666825,-1.53170418766454
"3477947","2006-12-13",30.8894890618371,0.296139881029022,0.127849941383664,0.0923891161530486,13.793938346059,12.7629503206077,13.2784443333334,0.362486925324577,43.753474973436,13.2350664,13.092088793486,-1.52394488986649,-1.53015232810493
"3477946","2006-12-14",29.8042952266376,0.490191176470589,0.28574865037221,0.149007146886876,13.7813726722989,12.7567383277011,13.2690555,0.455377089487824,47.0460911265007,13.2161332,13.1024769543545,-1.34626769664807,-1.49337540181356
"3477945","2006-12-15",28.6871304945895,0.655903225806451,0.48074476110202,0.29811445095263,13.758177429154,12.757044570846,13.257611,0.521251591624514,49.3137389277608,13.2057332,13.1212573604406,-1.14705360687478,-1.4241110428258
"3477944","2006-12-18",28.0580172360881,0.494612903225807,0.546902435167615,0.43779861554728,13.7110676050527,12.760821061614,13.2359443333334,0.43410727587941,46.3959071585988,13.1937332,13.1242003790485,-1.03865700592592,-1.34702023544583
"3477943","2006-12-19",26.494937009424,0.389830508474577,0.513448879168945,0.513698691812858,13.6422558131059,12.7805221868942,13.211389,0.466154661046588,44.2351150914817,13.1876,13.116529661842,-0.988492106709526,-1.27531460969857
"3477942","2006-12-20",25.0435053703787,0.740101694915254,0.541515035538546,0.533955449958367,13.541678031452,12.8364326352148,13.1890553333334,0.685667760515614,50.876988354433,13.1925332,13.1374363735964,-0.81234878935722,-1.1827214456303
"3477941","2006-12-21",23.9793959320046,0.630048381223229,0.58666019487102,0.547208036526168,13.4538582859981,12.886029714002,13.169944,0.684033242578763,49.0503547805329,13.1882664,13.1475555237836,-0.70151014803802,-1.08647918611184
"3477940","2006-12-22",22.9912943106573,0.668648926916728,0.67959966768507,0.60259163269821,13.3883379335953,12.924883399738,13.1566106666667,0.771035576286588,49.4846079835912,13.1797332,13.1581041206124,-0.598580373611424,-0.988899423611759
"3477939","2006-12-26",21.9155752841494,0.689364635594194,0.66268731457805,0.642982392378045,13.4400029834536,12.9015516832131,13.1707773333334,1.05777127203985,54.588088540788,13.1724,13.1890235711974,-0.412281280762306,-0.873575795041868
"3477938","2006-12-27",23.0749603186319,0.486171690848639,0.61472841778652,0.652338466683212,13.5878339355344,12.8252760644657,13.206555,1.27968508693864,59.0440777476024,13.1716,13.2375977617044,-0.163385159526963,-0.731537667938887
"3477937","2006-12-28",24.1515321363657,0.675115955954018,0.616884094132283,0.631433275498949,13.7471406309025,12.7359697024309,13.2415551666667,1.21820185181844,65.1985834803473,13.1756,13.3161407268105,0.196648173566194,-0.545900499637871
"3477936","2006-12-29",25.1512059671186,0.778292017126942,0.646526554643199,0.626046355520666,13.9040483464112,12.6639509869222,13.2839996666667,1.13113619857705,68.0371238491755,13.1908,13.4042112965691,0.563895918998836,-0.32394121591053
"3477935","2007-01-03",25.7267035848,0.727274032181664,0.726894001754207,0.663434883509895,14.0187574961771,12.6506861704896,13.3347218333334,1.00253337460638,65.7277636110513,13.2068,13.4725391236932,0.807446235937515,-0.0976637255409208
"3477934","2007-01-04",25.3919348309169,0.563682926829268,0.689749658712624,0.687723405036675,14.0915369732809,12.6502400267191,13.3708885,0.861712299867798,60.0008285124241,13.2362668,13.5108672405341,0.895379184726974,0.100944856512658
"3477933","2007-01-05",23.9358131509551,0.208666666666667,0.499874541892532,0.638839400786453,14.1053753977938,12.6758462688729,13.3906108333334,0.593619988073279,47.5618585553221,13.2481332,13.4858622751296,0.696293742865284,0.220014633783183
"3477932","2007-01-08",23.2737604888465,0.0352276422764221,0.269192411924118,0.486272204176423,14.104793444972,12.681650555028,13.393222,0.364228672071277,42.8844017261346,13.2456,13.4357473051123,0.405857859758973,0.257183278978341
"3477931","2007-01-09",22.8994616331302,0,0.081298102981029,0.283455018932558,14.1059484971949,12.6699398361385,13.3879441666667,0.313410480080543,41.246235293096,13.2417332,13.3816476644307,0.125366485563272,0.230819920295327
"3477930","2007-01-10",21.5405237176011,0.0578919529159136,0.0310398650641113,0.127176793323084,14.096467478618,12.709087521382,13.4027775,0.393083242342487,43.381223728677,13.2523996,13.3445386425066,-0.0527900191126585,0.17409793241373
"3477929","2007-01-11",20.3727871961295,0.19473896121326,0.0842103047097238,0.0655160909182863,14.0845135542127,12.7735974457873,13.4290555,0.503265782332776,48.175234075962,13.2618664,13.3354894901724,-0.0883704018214027,0.121604265566704
"3477928","2007-01-12",19.2884604261915,0.221052049863027,0.157894321330733,0.0910481637015209,14.0693070966596,12.8298042366738,13.4495556666667,0.433127221666135,49.0682279508382,13.2721332,13.3320908914827,-0.0953164974829446,0.0782201129567741
"3477927","2007-01-16",19.2237371121493,0.221052049863027,0.212281020313104,0.151461882117852,14.0690060419586,12.8632159580415,13.466111,0.501381390250976,49.0682279508382,13.2825332,13.329145439285,-0.0996767622827965,0.04264073790886
"3477926","2007-01-17",19.2673527737317,0.247365138512794,0.229823079412949,0.199999473685594,14.0726574146489,12.8874532520178,13.4800553333334,0.518701138053245,50.0661025382035,13.2895996,13.331036714047,-0.0820101439534371,0.0177105615364005
"3477925","2007-01-18",18.8694158445008,0.165789037397271,0.211402075257697,0.217835391661248,14.0721490121745,12.8935173211589,13.4828331666667,0.374099912241885,46.9922089079582,13.3051996,13.3188984855074,-0.129099123618215,-0.0116513754945225
"3477924","2007-01-19",18.8320298312253,0.322401639344263,0.245185271751442,0.228803475474027,14.0707352157367,12.9268201175966,13.4987776666667,0.494267348444522,52.5576895214131,13.3279996,13.3328226874398,-0.0547648734562367,-0.0202740750868654
"3477923","2007-01-22",20.0180897308187,0.471228845948367,0.3198065075633,0.258797951524144,14.0929993072143,12.9637780261191,13.5283886666667,0.71789765282143,57.2982755391761,13.3559996,13.3688903291145,0.111529484345341,0.00608663679957585
"3477922","2007-01-23",21.1194310661554,0.529090108282848,0.440906864525159,0.335299547946632,14.1134674681676,12.9859771984991,13.5497223333334,0.674677930235742,58.8562499150407,13.3799996,13.4085942852325,0.277832599613137,0.0604358293622881
"3477921","2007-01-24",22.8931146856542,0.55000118420741,0.516773379479541,0.425828917189332,14.1523233147601,13.0113440185732,13.5818336666667,0.793463986991111,60.3326562208092,13.4022664,13.4510043805349,0.440037315274711,0.136356126544773
"3477920","2007-01-25",23.7862499290656,0.412070866141733,0.49705405287733,0.484911432294008,14.1686500743488,13.0470169256512,13.6078335,0.673306664684165,54.2733754626354,13.4146664,13.4646477964635,0.459012697904737,0.200887440816765
"3477919","2007-01-26",24.199783343193,0.333330708661417,0.431800919670186,0.481876117342351,14.1698579515819,13.0539200484182,13.611889,0.446530178936611,51.085839759483,13.4270664,13.4631387569351,0.409394733326973,0.242588899318807
"3477918","2007-01-29",24.7921497522673,0.393700787401574,0.379700787401574,0.436185253316362,14.1549107204875,13.0522006128458,13.6035556666667,0.52801068608386,53.3481255611416,13.4455996,13.4720535893437,0.411249625855703,0.276321044626186
"3477917","2007-01-30",25.6781366390475,0.417826134189041,0.38161921008401,0.397706972385255,14.12147800264,13.0624106640267,13.5919443333333,0.635599498505949,55.4694720853491,13.4587996,13.4895571107646,0.45133640378936,0.311324116458821
"3477916","2007-01-31",26.5008387482006,0.367924528301887,0.3931504832975,0.38482349359436,14.0655911037625,13.0868528962375,13.576222,0.679824729411939,56.2486911727933,13.4754664,13.5082828293293,0.49322595049095,0.347704483265247
"3477915","2007-02-01",27.4847824204057,0.487424528301886,0.424391730264271,0.399720474548592,14.0341520475236,13.1030699524765,13.568611,0.823701137565174,59.8428712291655,13.4966664,13.5414011187521,0.594902459460589,0.397144078504315
"3477914","2007-02-02",28.398444401739,0.522009433962263,0.459119496855345,0.42555390347237,14.0286470999997,13.105574566667,13.5671108333333,0.819703117588345,60.8453957248082,13.5127996,13.5749916362518,0.688927204490541,0.45550070370156
"3477913","2007-02-05",29.7084602488809,0.691820754716981,0.567084905660376,0.483532044259996,14.1006411819364,13.086469151397,13.5935551666667,0.953349944080765,65.411341839077,13.5295996,13.6281034180849,0.859675615515232,0.536335686064295
"3477912","2007-02-06",31.0326136247126,0.783018867924528,0.665616352201257,0.563940251572324,14.1658418538504,13.1148241461497,13.640333,0.971184893497221,67.5967870092262,13.5393328,13.6870229623402,1.03898545575174,0.636865640001784
"3477911","2007-02-07",31.8922486900875,0.665404314052037,0.713414645564515,0.648705301142048,14.1944502839932,13.1844380493401,13.6894441666667,0.908687293583565,64.7121289422411,13.5405328,13.7296425673615,1.12972215320002,0.735436942641431
"3477910","2007-02-08",33.2881253170139,0.643070796460177,0.697164659478913,0.69206521908156,14.2754308693187,13.2094574640146,13.7424441666667,1.03659797122564,68.6547816183111,13.551066,13.7896902250467,1.28744748854666,0.845839051822476
"3477909","2007-02-09",33.9194434783739,0.536876106194691,0.615117072235634,0.675232125759686,14.3278065357987,13.2329704642014,13.7803885,0.876161184324578,63.3754795364247,13.563066,13.8257315283738,1.32601965261177,0.941875171980334
"3477908","2007-02-12",34.623798359897,0.587026548672566,0.588991150442477,0.633757627385673,14.3734074720296,13.2754808613037,13.8244441666667,0.885577532412152,64.7538747402051,13.5947996,13.8645233245906,1.3731689934469,1.02813393627365
"3477907","2007-02-13",35.610794064086,0.769232037186609,0.631044897351288,0.611717706676465,14.4680343406653,13.2820766593347,13.8750555,1.01009225949326,70.4585271248563,13.6458664,13.9341428813119,1.54834145254563,1.13217543952804
"3477906","2007-02-14",36.4275022266512,0.755493101686254,0.703917229181809,0.641317758991856,14.5364936580535,13.3069510086132,13.9217223333333,0.9179068807147,69.7083580143048,13.6994664,13.9922571638036,1.65676410226168,1.23709317207477
"3477905","2007-02-15",37.0804897261937,0.72433511925185,0.749686752708237,0.69488295974711,14.5655983976189,13.3867349357145,13.9761666666667,0.879317323662683,68.9181455362755,13.7494664,14.0404002086298,1.71213948387801,1.33210243443542
"3477904","2007-02-16",36.936430419666,0.592472774465365,0.690766998467822,0.714790326785954,14.5848622658708,13.4526934007959,14.0187778333333,0.787647461475151,63.3508791057753,13.7877328,14.0661241808125,1.66723981423202,1.39912991039474
"3477903","2007-02-20",36.9006725445486,0.617361358966691,0.644723084227968,0.695058945134674,14.6243303985609,13.4737809347724,14.0490556666667,0.78764024820245,64.2999349705941,13.8261328,14.0933076233708,1.63347099589843,1.44599812749548
"3477902","2007-02-21",37.4913799853798,0.662539706128212,0.624124613186755,0.653204898627513,14.6948399168083,13.4877154165251,14.0912776666667,0.914068584653902,69.0130761558076,13.8725328,14.1435332735881,1.70075687171001,1.49694987633838
"3477901","2007-02-22",38.5635180281473,0.753245437686038,0.67771550092698,0.648854399447232,14.8236216694777,13.4538223305223,14.138722,1.03061397096375,74.3093377478296,13.9291996,14.2257288371096,1.89561145166246,1.5766821914032
"3477900","2007-02-23",39.5590747821457,0.776433375024924,0.730739506279724,0.677526540131151,14.9348979661532,13.4521017005135,14.1934998333334,0.974965340588762,75.4022157301925,13.9927996,14.306298325495,2.06329007996762,1.67400376911608
"3477899","2007-02-26",40.6739870651998,0.764874999999999,0.764851270903653,0.724435426036784,15.0135436114473,13.5133450552194,14.2634443333334,0.958383101231407,75.927316718761,14.0503996,14.380569215429,2.18732539022026,1.77666809333692
"3477898","2007-02-27",41.141682012842,0.690473214285713,0.743927196436878,0.74650599120675,15.0580490772952,13.5907285893715,14.3243888333334,0.860483278433927,71.8004111611293,14.0974664,14.4338266533718,2.21169332040816,1.86367313875117
"3477897","2007-02-28",39.4332522794061,0.312495898450317,0.589281370912009,0.699353279417512,15.0517812473111,13.6777740860223,14.3647776666667,0.629950074762226,56.4640512096206,14.1265328,14.4284270995889,1.99156800959721,1.88925211292038
"3477896","2007-03-01",37.8468532412156,0.334377080071624,0.445782064269218,0.592996877206033,15.0323355611581,13.7739977721753,14.4031666666667,0.592850002351984,57.060261968894,14.1541328,14.4268594863104,1.80937332693474,1.87327635572325
"3477895","2007-03-02",35.3537805298793,0,0.21562432617398,0.416895920451734,15.0073480795393,13.8355405871274,14.4214443333334,0.341366719473639,46.9693753074633,14.1750664,14.3801675548023,1.45795111660392,1.79021130789938
"3477894","2007-03-05",34.3048177424974,0,0.111459026690541,0.257621805711244,15.0023598553198,13.8441958113469,14.4232778333334,0.0472249064696013,38.1970453201157,14.1836,14.2850345474954,0.937284834811392,1.61962601328178
"3477893","2007-03-06",33.3307808684999,0.164383561643836,0.0547945205479445,0.12729262447082,15.0030625264641,13.8426048068693,14.4228336666667,0.173932971782766,44.7070594506986,14.1986668,14.2345859411626,0.651568342034836,1.42601447903239
"3477892","2007-03-07",33.0280799186686,0.006849315068493,0.0570776255707755,0.0744437242697516,15.0259143454687,13.7936419878646,14.4097781666667,0.0655737169655667,40.3234518348466,14.2016004,14.1601971490076,0.29027409707334,1.19886640264058
"3477891","2007-03-08",32.7470004652538,0.23972602739726,0.136986301369862,0.0829528158295254,15.0269074852957,13.790760181371,14.4088338333334,0.236684159215302,48.3809680339055,14.2170672,14.1410601958066,0.19502108190983,0.998097338494433
"3477890","2007-03-09",32.3084682191733,0.242006849315068,0.162860730593606,0.118974885844746,15.0297559856862,13.7662450143139,14.3980005,0.262389215340747,48.4543753421958,14.2276004,14.1249188363657,0.119997342487221,0.822477339292991
"3477889","2007-03-12",31.1364749327012,0.385842465753425,0.289191780821917,0.19634627092846,15.0297252458238,13.7762757541762,14.4030005,0.411622153581097,52.9942148467769,14.2450672,14.1389296581836,0.178520838702778,0.693686039174948
"3477888","2007-03-13",30.3352358776991,0.324198630136987,0.317349315068493,0.25646727549467,15.0297261305342,13.7758302027991,14.4027781666667,0.372840456846085,50.9241663558746,14.251734,14.1390723704258,0.171468435121125,0.589242518364184
"3477887","2007-03-14",29.2766970875701,0.461184931506849,0.390408675799086,0.332316590563163,15.0246683714329,13.7727766285671,14.3987225,0.500133797511597,55.1196361224287,14.262534,14.1658627210357,0.276775726458189,0.526749159982985
"3477886","2007-03-15",27.6611320281266,0.534246575342465,0.439876712328766,0.382544901065446,15.0306741864183,13.7748821469151,14.4027781666667,0.590693227660828,57.2202587827694,14.280134,14.2033036915643,0.415835460585745,0.504566420103537
"3477885","2007-03-16",25.9005802363463,0.609999024997563,0.535143510615625,0.455142966247824,15.0411092933429,13.7780030399904,14.4095561666667,0.618227451520377,57.8835753951657,14.292134,14.240196532689,0.538269813430992,0.511307098769028
"3477884","2007-03-19",24.2507817315008,0.739380959665495,0.62787552000184,0.534298580982075,15.0581909734246,13.7862550265754,14.422223,0.638023459777888,59.0463041266424,14.3112008,14.2797263283305,0.659268368704691,0.54089935275616
"3477883","2007-03-20",22.7188259770015,0.827037735849056,0.725472573504037,0.629497201373832,15.0712886002921,13.7929350663746,14.4321118333333,0.6139472215381,59.1889012930264,14.3282672,14.3148734845531,0.749752436267137,0.582669969458356
"3477882","2007-03-21",22.8291012296515,0.613484524684325,0.726634406732958,0.69332750007961,15.0934124641169,13.7884782025498,14.4409453333333,0.750460637208011,59.9408625042337,14.3358672,14.3497796866127,0.830201359837246,0.632176247534134
"3477881","2007-03-22",22.9314996785409,0.766289362448006,0.735603874327128,0.729236951521372,15.1031780087501,13.7839346579166,14.4435563333333,0.859463879832125,64.7024878430655,14.3532004,14.410253061731,1.00882491406933,0.707505980841173
"3477880","2007-03-23",23.0265839525095,0.823529012509078,0.734434299880469,0.73222419364685,15.1084923771965,13.7813982894702,14.4449453333333,0.862153171940303,66.3495973973089,14.3746672,14.4742193201669,1.1838438617537,0.802773557023678
"3477879","2007-03-26",23.5283170071212,0.864253086545444,0.818023820500842,0.762687331569478,15.1203690742019,13.7751882591314,14.4477786666667,0.916299425122732,67.4809132371599,14.403334,14.5376567441446,1.33905795227152,0.910030436073245
"3477878","2007-03-27",23.7588818305409,0.788234671278445,0.825338923444322,0.792599014608542,15.141786701089,13.765326298911,14.4535565,0.874390356006294,65.8905005401529,14.428934,14.587302511592,1.42227897992955,1.01248014484451
"3477877","2007-03-28",24.0201144525565,0.79646017699115,0.816315978271679,0.819892907405612,15.2003525495707,13.7504274504293,14.47539,0.848024874042683,66.1055715576541,14.446934,14.6316621767131,1.47586671512472,1.10515745890055
"3477876","2007-03-29",23.9225933285573,0.719475247524751,0.768056698598115,0.803237200104703,15.2494794879504,13.7435225120497,14.496501,0.795972820250548,63.795359226374,14.4512008,14.6629965531513,1.47137446219656,1.17840085955975
"3477875","2007-03-30",23.9807951986477,0.689772277227722,0.735235900581207,0.773202859150332,15.2974957746985,13.7653952253015,14.5314455,0.763038327886025,62.4727283388583,14.4514676,14.6861530127312,1.43442951168258,1.22960658998432
"3477874","2007-04-02",24.7794807858259,0.728187007338951,0.712478177363808,0.738590258847708,15.3481035718136,13.8402314281864,14.5941675,0.87082885466333,67.8894405115162,14.4594676,14.7364432777003,1.51152826181511,1.28599092435048
"3477873","2007-04-03",25.5211174024914,0.79699095481921,0.73831674646196,0.72867694146899,15.4080307423026,13.8970815910307,14.6525561666667,0.870405471859986,69.7561557358435,14.4744008,14.792028174007,1.60229599031705,1.34925193754379
"3477872","2007-04-04",25.4811009457487,0.667971359263123,0.731049773807094,0.727281565877619,15.4038849086397,14.0244494246937,14.7141671666667,0.784536322697171,65.0784188205403,14.5006676,14.8264244174727,1.59862729690077,1.39912700941519
"3477871","2007-04-05",24.7729771343997,0.514648658147765,0.659870324076699,0.709745614781916,15.3973559584577,14.1239783748756,14.7606671666667,0.698424648947574,60.6952081701683,14.5218676,14.8424571618097,1.52164702734205,1.42363101300056
"3477870","2007-04-09",23.9464822100042,0.476797468354431,0.553139161921772,0.64801975326852,15.3685231922324,14.239811141101,14.8041671666667,0.644952381642405,59.5797953623008,14.5556008,14.8527962069017,1.42955696323173,1.42481620304679
"3477869","2007-04-10",23.2130114565234,0.506607987735576,0.49935137141259,0.570786952470352,15.3575873971043,14.3211912695624,14.8393893333333,0.651754072746619,60.7449886861677,14.607334,14.8670900459815,1.36249108065585,1.4123511785686
"3477868","2007-04-11",22.4421396758218,0,0.327801818696668,0.460097450677008,15.3080241419824,14.4227541913509,14.8653891666667,0.384714073267845,48.1608675028934,14.6360004,14.8345887065173,1.11369093480054,1.35261912981499
"3477867","2007-04-12",22.0321905535331,0,0.168869329245191,0.332007506451481,15.2794688945471,14.4760867721196,14.8777778333333,0.212323073232325,46.0258917248814,14.6710668,14.7970875456483,0.868269637361152,1.25574923132422
"3477866","2007-04-13",20.5614495828872,0.0812051282051262,0.0270683760683748,0.174579841336743,15.2607920650972,14.5186522682362,14.8897221666667,0.319218022578102,48.2609152334345,14.6950668,14.7730318728952,0.700131541307947,1.14462569332097
"3477865","2007-04-16",19.9361062056881,0.431628205128205,0.170944444444443,0.122294049919334,15.2537160604938,14.5707282728395,14.9122221666667,0.641536693745759,56.6106662734766,14.7298668,14.7886276231758,0.70800634331174,1.05730182331912
"3477864","2007-04-17",19.840917763017,0.439024390243903,0.317285907859077,0.17176624279063,15.2509680987504,14.6203645679163,14.9356663333333,0.707732741088067,57.2449079135209,14.7572,14.8052546067524,0.718564524775234,0.989554363610345
"3477863","2007-04-18",19.7525284948225,0.662609756097561,0.511087450489889,0.333105934264468,15.251886635719,14.679446364281,14.9656665,0.870542588604307,61.9517885816493,14.7954668,14.8441099925187,0.817105218841507,0.955064534656577
"3477862","2007-04-19",19.2356305679179,0.569109756097561,0.556914634146341,0.4617626641651,15.2564679236615,14.7060870763385,14.9812775,0.679371248981793,59.0253665731815,14.8226668,14.8675619935162,0.84339531863693,0.932730691452648
"3477861","2007-04-20",20.0242757879742,0.68,0.637239837398373,0.568413974011532,15.3168348212235,14.6879421787765,15.0023885,1.03682956975458,64.1059821256061,14.8541332,14.9163310610474,0.968293249228025,0.939843203007723
"3477860","2007-04-23",20.7973620816206,0.697367122584719,0.648825626227426,0.614326699257378,15.3730560439357,14.675387622731,15.0242218333333,0.984472981328806,64.6953533010737,14.8853332,14.9621535862411,1.06856987599939,0.965588537606057
"3477859","2007-04-24",21.9964842624718,0.606236242956818,0.661201121847178,0.649088861824324,15.4340252986349,14.6557520346985,15.0448886666667,0.983409470812042,64.8507958164067,14.9145332,15.0027557747423,1.13781948534268,1.00003472715338
"3477858","2007-04-25",24.374965051133,0.572490436838525,0.625364600793353,0.645130449622651,15.605708449104,14.5707355508961,15.088222,1.22208138779352,71.2537449076447,14.956,15.0797216714433,1.34431721876984,1.06889122547667
"3477857","2007-04-26",26.5835543548898,0.654276378154728,0.61100101931669,0.632522247319072,15.7650349688387,14.505853697828,15.1354443333333,1.12659948293231,73.671512029315,15.002,15.1659814485842,1.56609856492818,1.16833269336697
"3477856","2007-04-27",28.8855835446079,0.839100624393384,0.688622479795545,0.641662699968527,15.9958242687666,14.4081753979,15.2019998333333,1.1747924680696,79.3304478791505,15.0566668,15.299850588773,1.9508853075249,1.32484321619856
"3477855","2007-04-30",27.8712995574178,0.461936917064157,0.651771306537422,0.65046493521655,16.0633898351429,14.4236094981904,15.2434996666667,0.817691129066,57.5106063437409,15.0788,15.3189811769366,1.84902632730526,1.4296798384199
"3477854","2007-05-01",26.9294644264555,0.463670478078757,0.588236006512099,0.64287659761502,16.0974768891745,14.4330784441588,15.2652776666667,0.69443200893538,57.5683753990055,15.0986668,15.336006353345,1.74971632089074,1.49368713491407
"3477853","2007-05-02",27.1305119212129,0.595707684629132,0.507105026590681,0.582370779880065,16.1829182160456,14.4200821172877,15.3015001666667,0.860311337951876,62.2073150883891,15.1313336,15.3880948395657,1.79688431784877,1.55432657150101
"3477852","2007-05-03",26.7901187490835,0.429767295597484,0.496381819435124,0.530574284179299,16.2300014658591,14.4365542008076,15.3332778333333,0.728020179146408,58.4392710720146,15.1574668,15.4127928609569,1.73328718798338,1.59011869479748
"3477851","2007-05-04",26.4740393749634,0.440424594841287,0.488633191689301,0.497373345905033,16.26611849872,14.4697698346133,15.3679441666667,0.688559812153789,58.9629928923663,15.1869332,15.4381978128293,1.67892020753084,1.60787899734415
"3477850","2007-05-07",26.3650201300758,0.5,0.456730630146257,0.480581880423558,16.3111893846483,14.5110322820184,15.4111108333333,0.733312507032343,61.5162779444943,15.2234664,15.4797714377854,1.6924246295946,1.62478812379424
"3477849","2007-05-08",25.5189268269431,0.360732876712329,0.433719157184538,0.45969432634003,16.3301415816342,14.5589690850325,15.4445553333333,0.624776854743037,56.2877177162468,15.2428,15.4886912460807,1.57862494147851,1.6155554873311
"3477848","2007-05-09",25.2368142005737,0.446525544049346,0.435752806920558,0.442067531417116,16.3492884035129,14.6530449298204,15.5011666666667,0.732507895309071,60.6032228648906,15.2682668,15.5288657466033,1.59639171956214,1.61172273377731
"3477847","2007-05-10",24.705358901008,0.374319672131148,0.393859364297607,0.421110442800899,16.3198772963926,14.7985677036074,15.5592225,0.663383903696391,58.7217504212423,15.2949336,15.5539063137228,1.55399324805809,1.60017683663346
"3477846","2007-05-11",24.7469717957551,0.519232195692846,0.446692470624446,0.425434880614202,16.3092207362294,14.9337799304372,15.6215003333333,0.775993702092737,61.8524693270022,15.3329336,15.5996081385598,1.59479240374762,1.5990999500563
"3477845","2007-05-14",24.6030925151127,0.392284912267163,0.428612260030385,0.423054698317477,16.3136200681516,15.0264915985151,15.6700558333333,0.740802821146661,60.5697588933121,15.3701336,15.6329937200852,1.58409339589047,1.59609863922313
"3477844","2007-05-15",24.0255896881962,0.28296372037389,0.398160276111299,0.424488335588708,16.2997190812776,15.1242819187224,15.7120005,0.664667387447488,57.4538653706098,15.4012004,15.6468172240738,1.49955652469895,1.5767902163183
"3477843","2007-05-16",23.4362564725519,0.270095594547928,0.315114742396326,0.380629092846001,16.2807633992512,15.2091259340822,15.7449446666667,0.585587402127831,57.0816290500968,15.4452004,15.6570189275306,1.40934076725963,1.54330032650656
"3477842","2007-05-17",23.2390906586266,0.432526418502295,0.328528577808037,0.347267865438552,16.2373522252658,15.3413147747342,15.7893335,0.699146996100223,59.9448810222564,15.4974672,15.6840830705265,1.39201990960791,1.51304424312683
"3477841","2007-05-18",22.601187408075,0.336989010989011,0.346537008013077,0.330060109405812,16.2119280044909,15.4161836621757,15.8140558333333,0.525620665980078,56.7619485899689,15.5429336,15.6933159944563,1.30814357736471,1.47206410997441
"3477840","2007-05-21",23.1279280755702,0.448275862068965,0.405930430520089,0.360332005447066,16.2086213967951,15.4929349365382,15.8507781666667,0.843574801240541,60.6312012974033,15.5848004,15.7257631951955,1.32046320285784,1.44174392855109
"3477839","2007-05-22",24.2095797367922,0.685880033890684,0.490381635649553,0.414283024727571,16.2962426899499,15.5093133100502,15.902778,1.20950712257198,67.5176642494395,15.6418672,15.8076614358361,1.51833256612031,1.45706165606494
"3477838","2007-05-23",25.3777287377232,0.774798323856098,0.636318073271915,0.510876713147184,16.437323527957,15.4450101387097,15.9411668333333,1.16729574263049,69.9070277003675,15.6984004,15.9013065777246,1.73938246230274,1.5135258173125
"3477837","2007-05-24",26.5706375528779,0.7282,0.729626119248927,0.618775276056796,16.5509695967681,15.4000304032319,15.9755,1.05225332803821,69.3681792695299,15.7573336,15.980243034028,1.882048251025,1.587230304055
"3477836","2007-05-25",27.5809799468922,0.712815384615385,0.738604569490494,0.701516254003777,16.6062471703334,15.3730858296666,15.9896665,0.959791281671818,68.6841395403919,15.8069336,16.0459879628243,1.9606715504332,1.66191855333064
"3477835","2007-05-29",29.1675424452618,0.707620184865775,0.71621185649372,0.728147515077712,16.7442728937045,15.3395047729622,16.0418888333333,1.04599841450087,71.7357938145535,15.8636004,16.1300789011144,2.09903562639393,1.7493419679433
"3477834","2007-05-30",30.9354218595368,0.633623420790607,0.684686330090589,0.713167585358266,16.8668822930999,15.3465620402334,16.1067221666667,1.01228318410646,72.0245556767471,15.9208004,16.2056243809658,2.19133300920584,1.83774017619581
"3477833","2007-05-31",32.5770241727921,0.803032467532468,0.71475869106295,0.705218959215751,17.020666109016,15.3038888909841,16.1622775,1.01579154089765,75.5643780193028,15.9760004,16.306207796837,2.36561149063925,1.9433144390845
"3477832","2007-06-01",34.2130021027826,0.834394904458598,0.757016930927224,0.718820650693586,17.1617596163712,15.3005730502955,16.2311663333334,0.977561115867837,76.4577225363181,16.0282668,16.4031574239254,2.50799340775762,2.05625023281912
"3477831","2007-06-04",35.4681748432596,0.804675159235668,0.814034177075578,0.761936599688582,17.2579746543355,15.3371363456645,16.2975555,0.883629982461397,74.5891121906706,16.0609336,16.4809591007354,2.56585351078364,2.15817088841203
"3477830","2007-06-05",35.642965469086,0.687898089171973,0.775656050955413,0.782235719652736,17.319119416329,15.381991583671,16.3505555,0.779049472567988,67.5982605124405,16.1153336,16.523941887304,2.49198001973849,2.22493271467732
"3477829","2007-06-06",35.2718290323243,0.612558441558442,0.701710563322027,0.763800263784337,17.3472935288126,15.4718174711875,16.4095555,0.732474930775049,63.8490638655683,16.1653336,16.5469723023301,2.35377732938953,2.25070163761976
"3477828","2007-06-07",35.7693872829446,0.688091916476686,0.662849482402367,0.713405365559934,17.431668204835,15.5128874618317,16.4722778333334,0.853206327753313,68.5971504132662,16.2149336,16.6029319953528,2.34800918183968,2.27016314646375
"3477827","2007-06-08",35.5804416331786,0.563291139240506,0.621313832425211,0.6619579593832,17.4538285127227,15.6009494872774,16.527389,0.706497201424879,63.9099199537994,16.2650672,16.6327637293057,2.24876424578155,2.26588336632731
"3477826","2007-06-11",34.723377997064,0.280452463307471,0.510611839674887,0.598258384834153,17.4659989792651,15.6665566874016,16.5662778333334,0.618154479100557,59.0474816581443,16.307734,16.6377285653983,2.07008668478865,2.22672403001958
"3477825","2007-06-12",33.3705987608858,0.0575076197596169,0.300417074102531,0.477447582067541,17.4630030173314,15.7428856493353,16.6029443333334,0.564173334169195,55.1085635234461,16.3390672,16.6238087566785,1.8410426277353,2.14958774956272
"3477824","2007-06-13",33.1329719528571,0.399361665420668,0.245773916162585,0.352267609979999,17.4839233673886,15.8401872992781,16.6620553333334,0.758996162213991,62.1960305166617,16.3928004,16.6593009224547,1.81154590270232,2.08197938019064
"3477823","2007-06-14",33.0631841237753,0.617287037037038,0.358052107405774,0.301414365890295,17.5049982487843,15.9632237512157,16.734111,0.852623335983321,66.2215785007022,16.4468004,16.7233941327941,1.88653810521207,2.04289112519493
"3477822","2007-06-15",33.8918665247691,0.683626806135386,0.566758502864363,0.390194842144239,17.6226481598621,16.0210181734713,16.8218331666667,1.06216906587912,71.7142012593225,16.5206668,16.8353855817549,2.12315583885123,2.05894406792619
"3477821","2007-06-18",34.8409510485299,0.780286323259454,0.693733388810625,0.539514666360252,17.7282864373139,16.1238245626862,16.9260555,1.11879594379915,74.2364873464671,16.5968,16.9640008375209,2.39231563552613,2.12561838144618
"3477820","2007-06-19",35.3535016928846,0.726896398782757,0.730269842725865,0.663587244800283,17.8058914933225,16.2169968400109,17.0114441666667,0.999088573942809,71.7144986643067,16.6713332,17.0639113925181,2.53150775623678,2.2067962564043
"3477819","2007-06-20",36.20179695331,0.722226190476192,0.743136304172801,0.722379845236428,17.9252257056866,16.2417739609801,17.0834998333333,0.98633618550365,72.1070546263613,16.7517332,17.1549458735157,2.62457186929301,2.29035137898204
"3477818","2007-06-21",36.6419985359685,0.674607142857143,0.707909910705364,0.727105352534674,18.0044826745906,16.2795173254095,17.142,0.86599962252364,69.6106084791919,16.8294668,17.2231757570469,2.62842942615336,2.3579669884163
"3477817","2007-06-22",35.460724605517,0.426589285714286,0.60780753968254,0.686284584853566,18.0173207850404,16.3479015482929,17.1826111666667,0.644195155637264,58.2909678104288,16.8850668,17.226752322774,2.40800565992303,2.36797472271765
"3477816","2007-06-25",33.2918943751392,0.21627380952381,0.439156746031746,0.584958065473215,17.9955977118419,16.4258472881581,17.2107225,0.441498662071067,50.753942733393,16.9308004,17.1827413464041,2.04436830523262,2.30325343922064
"3477815","2007-06-26",31.2779805897884,0.230160714285716,0.291007936507937,0.445990740740739,17.9897858866113,16.451992446722,17.2208891666667,0.364308282295468,51.2025995696691,16.9701336,17.1477091668836,1.74703153685285,2.19200905874709
"3477814","2007-06-27",29.7760119255023,0.228178571428572,0.224871031746032,0.318345238095237,17.986949538297,16.4719401283697,17.2294448333333,0.385957914055709,51.1309949165369,16.9932004,17.1169039446324,1.49265044015683,2.05213733502903
"3477813","2007-06-28",29.3510004234894,0.450398809523809,0.302912698412698,0.272930555555554,18.0078289519536,16.4910607147131,17.2494448333333,0.630759484846641,58.1902676629803,17.0244004,17.1399834186815,1.45031270150728,1.93177240832468
"3477812","2007-06-29",28.7048094402181,0.404761904761905,0.361113095238095,0.29629894179894,18.0192768639317,16.5041684694017,17.2617226666667,0.5685301903425,56.3887593909986,17.0532004,17.1497629628573,1.36475474717983,1.81836887609571
"3477811","2007-07-02",28.3164267174436,0.219144128826521,0.358101614370744,0.340709136007177,18.030433381076,16.5271229522573,17.2787781666667,0.564376923185479,55.5831516917349,17.0814672,17.1537945678096,1.26661116687909,1.70801733425239
"3477810","2007-07-03",27.7888106945644,0.17974268224143,0.267882905276618,0.329032538295151,18.0261839115909,16.5637057550758,17.2949448333333,0.444955417185969,54.4109441772231,17.0997336,17.1510659587683,1.15356545814658,1.59712695903123
"3477809","2007-07-05",27.7534038872742,0.230378381662691,0.209755064243547,0.278579861296968,18.0205173966303,16.6173722700364,17.3189448333333,0.5047121521559,55.8435695176968,17.1198668,17.1575904975992,1.08286684759227,1.49427493674344
"3477808","2007-07-06",27.8449818567925,0.384807011681072,0.264976025195064,0.247537998238408,18.0358689413855,16.6350200586146,17.3354445,0.603188979514141,59.9746431202138,17.1376,17.190355764586,1.10951058953392,1.41732206730153
"3477807","2007-07-09",27.5284937325425,0.308857260036759,0.308014217793507,0.260915102410704,18.0338654006523,16.6875785993477,17.360722,0.54072782506683,57.1431446379153,17.1484,17.2054189959745,1.07107393598607,1.34807244103844
"3477806","2007-07-10",27.0855593998492,0.281014081083956,0.324892784267262,0.299294342418609,18.0070128572529,16.7702091427472,17.388611,0.458003845403414,56.0975349874758,17.1596,17.2135857965113,1.01166865077484,1.28079168298572
"3477805","2007-07-11",26.9903655008822,0.400605504587156,0.33015894856929,0.321021983543351,17.9591837843001,16.8888162156999,17.424,0.497299992932527,57.6162029796548,17.1808,17.2295516903098,0.984417512527025,1.22151684889398
"3477804","2007-07-12",27.8896214008761,0.615608715632127,0.432409433767746,0.362487055534764,17.9876230133938,16.9270439866062,17.4573335,0.780142411986572,63.2326181520734,17.2172,17.2798341316018,1.07801053961267,1.19281558703772
"3477803","2007-07-13",28.8301985330448,0.724512396694215,0.580242205637832,0.447603529324954,18.0422504196733,16.9330832469934,17.4876668333333,0.857724705322222,66.1756918395876,17.2494664,17.3456335807216,1.21504031682684,1.19726053299554
"3477802","2007-07-16",30.0341676671405,0.684467680746799,0.67486293102438,0.562504856809984,18.0919567916706,16.9112662083294,17.5016115,0.923059047290599,67.5734930139947,17.2906664,17.4137717699587,1.34566247533239,1.22694092146291
"3477801","2007-07-17",30.2199063145637,0.529122643501561,0.646034240314192,0.633713125658799,18.0694159011881,16.9206957654786,17.4950558333333,0.754823454585414,60.6625027563534,17.3295996,17.4443795339642,1.33419425464871,1.24839158810007
"3477800","2007-07-18",29.2385722309853,0.175797764271574,0.463129362839978,0.594675511392848,18.0386257515257,16.9244862484743,17.481556,0.547472211982252,52.3711474698462,17.3617332,17.430018262769,1.16965916826453,1.23264510413296
"3477799","2007-07-19",28.3611515226989,0.374644453474196,0.35985495374911,0.489672852301091,18.0033807618371,16.9387312381629,17.471056,0.707737220949544,57.1064976230887,17.3888,17.4482384943998,1.1326373858433,1.21264356047503
"3477798","2007-07-20",26.7502980603281,0.175797764271574,0.242079994005781,0.355021436864954,17.970376678187,16.9422906551463,17.4563336666667,0.521940122545982,51.5834699859525,17.3966668,17.4333626951465,0.985507002838837,1.16721624894779
"3477797","2007-07-23",24.888860389134,0.048994095117882,0.199812104287883,0.267249017347589,17.9686469616257,16.9310203717077,17.4498336666667,0.349174708075176,48.3707515494972,17.3817336,17.4009143357936,0.791837690844632,1.09214053732716
"3477796","2007-07-24",24.7492976159924,0,0.0749306197964847,0.172274239363381,18.0030530781627,16.8682809218373,17.435667,-0.0288377318637912,37.419115649564,17.3317336,17.2874590910211,0.336282202432381,0.940968870348205
"3477795","2007-07-25",24.8893714244025,0,0.0163313650392935,0.097024696374552,18.0583814675514,16.7757298657819,17.4170556666667,-0.105822344062901,35.5671897021682,17.2797336,17.1709085455516,-0.0900222247694593,0.734770651324672
"3477794","2007-07-26",26.3430750036902,0,-5.13478148889135e-16,0.030420661611924,18.2661120858802,16.4543325807865,17.3602223333333,-0.294919578210804,26.5055063447408,17.1913336,16.9530100728114,-0.837287173967904,0.420359086266157
"3477793","2007-07-27",28.0993749808725,0,-5.13478148889135e-16,0.00544378834642895,18.4868389649945,16.0346057016722,17.2607223333333,-0.235226005467394,23.7324429836016,17.0912,16.7143860631032,-1.60054181054882,0.0161789069031622
"3477792","2007-07-30",29.768319764475,0,-5.13478148889135e-16,-2.38235357367481e-15,18.6314894440566,15.6928445559434,17.162167,-0.101542684005057,23.4727499610875,17.0062668,16.5026905880228,-2.20938750276176,-0.428934375029823
"3477791","2007-07-31",31.3180542063915,0.0874584693977548,0.0291528231325844,0.00971760771085927,18.6980962029542,15.4411264637125,17.0696113333333,0.0255811003144973,29.7226332933377,16.9465332,16.3561091762864,-2.53510181824854,-0.850167863673566
"3477790","2007-08-01",32.9591570800697,0.0305564073302501,0.0393382922426678,0.0228303717917487,18.7576146610363,15.2020523389637,16.9798335,0.0609845386078131,28.1138871598407,16.8786664,16.2050719527816,-2.85537159973811,-1.25120861088648
"3477789","2007-08-02",34.1116714153699,0.118018037953675,0.0786776382272262,0.0490562512008243,18.7578864869926,15.0328915130074,16.895389,0.162087508272074,34.0248080079019,16.8219996,16.1110623590774,-2.94162554905062,-1.5892919985193
"3477788","2007-08-03",34.4612487281097,0.126552542372881,0.0917089958856016,0.0699083087851633,18.7178846069238,14.8952270597428,16.8065558333333,0.211399076065924,34.0248080079019,16.7503996,16.0295873778671,-2.97816469134441,-1.86706653708433
"3477787","2007-08-06",35.118221854716,0.0520687622929281,0.098879780873161,0.0897554716619944,18.6816576133064,14.7396763866936,16.710667,0.192314533325274,31.5591292330557,16.6727996,15.9287530608181,-3.08866221552719,-2.1113856727729
"3477786","2007-08-07",34.9386738083241,0.0461539553939769,0.0749250866865949,0.0885046211484506,18.6315411550601,14.6124595116066,16.6220003333333,0.236590654138345,31.379139604566,16.5958664,15.8391419860424,-3.15143117305868,-2.31939477283006
"3477785","2007-08-08",33.2748091067761,0.207330486297057,0.101851067994654,0.091885311851468,18.5456209922715,14.5867130077285,16.566167,0.433889934373686,40.5163125935159,16.5374664,15.8170337212367,-2.95604993698618,-2.44672580566128
"3477784","2007-08-09",31.716084558501,0.221311475409836,0.15826530570029,0.111680486793844,18.3940703545813,14.567707978752,16.4808891666667,0.387099254008047,40.4236576919975,16.4761332,15.7969852250718,-2.77290748087733,-2.51196214070449
"3477783","2007-08-10",30.9062655792595,0.200819672131147,0.20982054461268,0.156645639435872,18.1991834169651,14.5891509163683,16.3941671666667,0.43236519801609,39.6898232204114,16.4046668,15.7729431950622,-2.6233741686621,-2.53424454629601
"3477782","2007-08-13",30.4124327392586,0.405737704918033,0.275956284153005,0.214680711488656,17.9718979808048,14.6705473525286,16.3212226666667,0.566942500676473,49.5523486574655,16.3572004,15.8187734357206,-2.22356061085675,-2.47210775920816
"3477781","2007-08-14",29.0252193034541,0.232237704918033,0.279598360655737,0.255125063140472,17.7414771708794,14.7106348291207,16.226056,0.387287879689431,43.1224394520572,16.2942668,15.8020476442912,-2.09850300759883,-2.39738680888629
"3477780","2007-08-15",27.7370925416357,0.245901639344262,0.294625683060109,0.283393442622948,17.5399958422801,14.7465604910532,16.1432781666667,0.405353754991839,43.7415797939032,16.2300004,15.791997291719,-1.95992417133267,-2.30989428137557
"3477779","2007-08-16",27.9039952134744,0.189889344262295,0.222676229508196,0.265633424408012,17.2664136841194,14.8613646492139,16.0638891666667,0.516862095565652,41.7359502008676,16.1493336,15.7650643194898,-1.89826896946029,-2.22756921899251
"3477778","2007-08-17",28.8804918407387,0.705882352941176,0.380557778849244,0.299286563805848,17.247025032794,14.873863967206,16.0604445,1.06867280785777,62.6803847979871,16.1241336,15.9488330768912,-1.04655036231018,-1.99136544765605
"3477777","2007-08-20",28.9738392146228,0.558823529411765,0.484865075538411,0.362699694631949,17.1683656234364,14.9191897098969,16.0437776666667,0.907357643519377,56.9982630040496,16.0796,16.0547659999724,-0.571323906204624,-1.70735713936576
"3477776","2007-08-21",29.0605189189438,0.653845294901476,0.639517059084805,0.501646637824152,17.2231722105404,14.8904937894596,16.056833,0.945766687742388,59.6567711447367,16.0544,16.1825745333094,-0.0613248384443099,-1.37815067918147
"3477775","2007-08-22",29.44667317409,0.679899950123946,0.630856258145728,0.585079464256313,17.3385333364928,14.8347993301738,16.0866663333333,0.95931276928683,60.3413273780461,16.0442664,16.3026752622015,0.370166076240408,-1.0284873280971
"3477774","2007-08-23",29.3590235713905,0.60297916372001,0.645574802915143,0.63864937338189,17.4712125808774,14.8208977524559,16.1460551666667,0.862871921109137,57.2526190277915,16.0166664,16.3792078939079,0.600980373384563,-0.702593787800765
"3477773","2007-08-24",27.993922689747,0.352355713041472,0.545078275628475,0.607169778896447,17.4896370835982,14.9035842497352,16.1966106666667,0.605286325335154,48.5353086117723,15.9713328,16.3557575080535,0.447068658523309,-0.47266129853595
"3477772","2007-08-27",26.7263290139352,0.280453655033506,0.411929510598328,0.534194196380647,17.488915151246,15.0055281820874,16.2472216666667,0.564204653555873,49.113639795543,15.9337328,16.3416565069797,0.344039423843001,-0.30932115406016
"3477771","2007-08-28",25.22132158531,0.203966294569823,0.278925220881599,0.411977669036132,17.4797023501937,15.0861856498064,16.282944,0.481594446367189,46.9234750089305,15.9145328,16.3054356393824,0.171466442641544,-0.213163634719819
"3477770","2007-08-29",23.5870304270539,0.148725423123829,0.211048457575718,0.30063439635188,17.4512270788862,15.1871055877804,16.3191663333333,0.422339414783732,45.3505333983744,15.8955996,16.2567108874648,-0.0296766393571235,-0.17646623564728
"3477769","2007-08-30",22.4305093890589,0.287537234472004,0.213409650721884,0.234461109726399,17.4472798388662,15.2704974944672,16.3588886666667,0.533179553689648,49.8956828256139,15.9247996,16.2580387691361,-0.0269859618612811,-0.14657018089008
"3477768","2007-08-31",21.46594344022,0.310198739658272,0.248820465751367,0.224426191349655,17.4449220362664,15.3512996304003,16.3981108333333,0.542828082600803,50.6177541367449,15.9710664,16.2663002665847,0.00157714818940224,-0.116940715074184
"3477767","2007-09-04",20.2891945554444,0.2535428520437,0.283759608724658,0.248663241732635,17.4031090675695,15.4771129324305,16.440111,0.446868533049979,48.7270815734069,16.0134664,16.2556828977067,-0.0414398258548943,-0.101840537230326
"3477766","2007-09-05",18.9224166340613,0.198301980597707,0.254014524099892,0.262198199525304,17.3560132875387,15.585875379128,16.4709443333333,0.335639359725812,46.8881046308183,16.0396,16.2291478446791,-0.138553057522828,-0.109183041288826
"3477765","2007-09-06",17.6025671234528,0.0465874319258434,0.166144088189082,0.234639407004542,17.3577537521611,15.5641349145056,16.4609443333333,0.30123926415381,46.5484377711841,16.072,16.2030387987219,-0.224709001810397,-0.13228823339314
"3477764","2007-09-07",17.3188230078319,0,0.0816298041745159,0.167262805487828,17.3763224461876,15.5184548871457,16.4473886666667,0.139580336746224,39.8449551351861,16.0732,16.1133002922257,-0.538580839060987,-0.21354675452671
"3477763","2007-09-10",17.6361788998836,0,0.0155291439752804,0.0877676787796244,17.4444325608628,15.3716774391372,16.408055,-0.00402721915854068,35.9995621898378,16.0605332,15.9893042532622,-0.953030628119034,-0.361443529245175
"3477762","2007-09-11",17.1093024630304,0.167597531288364,0.0558658437627874,0.0510082639708594,17.441274445819,15.2955018875144,16.3683881666667,0.211292094960194,42.8527288644564,16.0729332,15.9351743528273,-1.06945017545154,-0.503044858486447
"3477761","2007-09-12",15.9244815038696,0.279330615460034,0.148976048916132,0.0734570122180647,17.4369322463909,15.3167330869424,16.3768326666667,0.347420308657471,46.9325002617406,16.0966664,15.9238177724503,-1.01532230944908,-0.605500348678975
"3477760","2007-09-13",14.8242906132203,0.466056025585275,0.304328057444557,0.169723316707824,17.4314076271119,15.3484797062215,16.3899436666667,0.380536592663126,49.5505609011816,16.1109332,15.9379754027903,-0.871146850744386,-0.658629649092057
"3477759","2007-09-14",13.9751255113918,0.487804878048781,0.411063839698029,0.288122648686238,17.4313466561125,15.3518740105542,16.3916103333334,0.377933635141161,48.8772619722833,16.1235996,15.9440226824182,-0.771611272245198,-0.681225973722685
"3477758","2007-09-17",13.186615059694,0.558945121951221,0.504268675195092,0.406553524112558,17.2619288166494,15.400514516684,16.3312216666667,0.430698752375678,50.6814256812346,16.1429328,15.9648196580958,-0.626466326528996,-0.670274044283947
"3477757","2007-09-18",13.95322846483,0.444446078431372,0.497065359477124,0.470799291456747,17.1945582142307,15.4186631191027,16.3066106666667,0.590751982165009,50.5168658924649,16.141866,15.9815103703497,-0.510635164529971,-0.638346268333152
"3477756","2007-09-19",15.4055143472555,0.758354091634726,0.587248430672439,0.529527488448216,17.2601394258426,15.3793045741574,16.319722,1.05250358587778,63.8980850901024,16.2001328,16.1373089876364,0.111994966776718,-0.488278021311178
"3477755","2007-09-20",16.3793093172094,0.699229564962559,0.634009911676218,0.572774567275259,17.2377356894607,15.3922643105394,16.315,0.948245008176082,61.3151571753697,16.2509328,16.2518904559515,0.518663356016225,-0.286889745845698
"3477754","2007-09-21",17.3521518654623,0.732645931501462,0.730076529366248,0.6504449572383,17.262899430569,15.3779889027643,16.3204441666667,0.975470402147133,62.2440927301922,16.310666,16.3627490618247,0.870867228417693,-0.0553383509930194
"3477753","2007-09-24",17.3883673233309,0.596400780460719,0.676092092308246,0.680059511116902,17.321441286396,15.3656693802707,16.3435553333333,0.800420854204142,56.3072495795103,16.2941328,16.4117158535814,0.963183154397207,0.148365950085026
"3477752","2007-09-25",17.1589252005286,0.552700378662266,0.627249030208148,0.677805883960879,17.3476516622767,15.36834800439,16.3579998333333,0.670543227153792,54.511304434597,16.2890664,16.4390430731039,0.969110961822128,0.312514952432446
"3477751","2007-09-26",16.7030618783337,0.512852152051023,0.553984437058002,0.61910851985813,17.3711357259878,15.3826412740123,16.3768885,0.620581092441626,52.8558025601776,16.2690664,16.44894799669,0.912504124705649,0.432512786887087
"3477750","2007-09-27",16.2797602220098,0.551412464235311,0.538988331649533,0.573407266305226,17.4001551771503,15.4071771561831,16.4036661666667,0.638095100449941,54.3020933949602,16.2502664,16.4708655971314,0.906105555015913,0.527231340512852
"3477749","2007-09-28",15.799544624919,0.454407433412056,0.50622401656613,0.53306559509122,17.4175069416518,15.4123807250149,16.4149438333333,0.620552427736316,53.7106572653982,16.2383996,16.4854168508472,0.874524886301375,0.596690049670557
"3477748","2007-10-01",16.885375914015,0.273357658550764,0.42639251873271,0.490534955649456,17.4483118817281,15.4140204516052,16.4311661666667,0.687316901120519,50.1240157826773,16.2453332,16.4709172707342,0.741459566239411,0.625643952984328
"3477747","2007-10-02",17.9924935169241,0.730480555834366,0.486081882599062,0.472899472632632,17.5942167106512,15.3790039560155,16.4866103333333,0.93339087768926,62.3351338837578,16.2870664,16.580572301303,1.07090082818209,0.714695328023879
"3477746","2007-10-03",18.9914439766328,0.724904368385248,0.576247527590126,0.496240642973964,17.7124791432212,15.3820741901121,16.5472766666667,0.86304992066059,62.1563510296014,16.3355996,16.6742733277959,1.30939741350635,0.833635745120374
"3477745","2007-10-04",19.9510196400647,0.733202108296229,0.729529010838614,0.597286140342599,17.8203060944938,15.4066919055063,16.613499,0.837829883384154,62.6562525496475,16.3910664,16.7612595507565,1.49991196816779,0.966890989729857
"3477744","2007-10-05",21.5850103791355,0.721228976938448,0.726445151206641,0.677407229878458,17.9546709407522,15.4709937259145,16.7128323333333,0.923408884905644,65.4532564475085,16.4433328,16.8695356106556,1.74676331961521,1.12286545570693
"3477743","2007-10-08",23.1022874939869,0.719395480225988,0.724608855153555,0.726861005732935,17.9911002016326,15.6746757983674,16.832888,0.9021522705512,66.2982227653204,16.4965328,16.9735975292349,1.95350461633923,1.28899328783339
"3477742","2007-10-09",24.5111876720633,0.734463276836159,0.725029244666864,0.725361083675685,18.0505058452061,15.8186038214606,16.9345548333333,0.87979646551753,66.604212045443,16.5561328,17.0673405253369,2.10310820880022,1.45181627202675
"3477741","2007-10-10",26.2319297379074,0.784348815126312,0.746069190729486,0.731902430183299,18.1668492756644,15.8987047243356,17.032777,0.934275525380238,68.9209865289148,16.629066,17.1756951219586,2.28842961127438,1.61913893987628
"3477740","2007-10-11",26.4077010344642,0.561737606043847,0.693516566002106,0.721538333799483,18.2065260605769,16.0174722727564,17.1119991666667,0.780282819033672,59.5804620325128,16.685866,17.2127131056975,2.20798413507224,1.73690797891547
"3477739","2007-10-12",26.5709172384099,0.573915039704485,0.640000486958214,0.693195414563267,18.2068117315272,16.1668536018061,17.1868326666667,0.719423131033177,59.9006101629699,16.7637328,17.2479073582711,2.13012651867426,1.81555168686723
"3477738","2007-10-15",26.2363111650427,0.493911283169679,0.543187976306003,0.625568343088772,18.1759837277579,16.3300146055754,17.2529991666667,0.647648280456833,56.7219086271709,16.8493328,17.2579637105017,1.97377626288224,1.84719660207023
"3477737","2007-10-16",25.9256055254875,0.535650558784552,0.534492293886238,0.572560252383483,18.1640304652291,16.4500788681042,17.3070546666667,0.641096166546155,57.9748954942059,16.9221328,17.2773458824348,1.86562498537275,1.85088227873074
"3477736","2007-10-17",25.9923530037015,0.533913161437082,0.521158334463771,0.532946201552002,18.1857806262839,16.4527730403828,17.3192768333333,0.663909553720903,57.899751539163,16.9841328,17.2936997647768,1.75794436564551,1.83229469611369
"3477735","2007-10-18",26.0543328049002,0.54608537768827,0.538549699303301,0.531400109217768,18.2146512975201,16.4712353691466,17.3429433333333,0.656365440720912,58.3074766359685,17.039866,17.3109837961399,1.66416482578637,1.79866872204823
"3477734","2007-10-19",25.0757177636989,0,0.359999513041784,0.473235848936283,18.2244984922165,16.4193881744502,17.3219433333333,0.20900393464595,39.9241056644119,17.056266,17.1886299566546,1.09583989548501,1.65810295673558
"3477733","2007-10-22",24.4132006133551,0,0.182028459229423,0.3601925571915,18.2515518630605,16.3551128036062,17.3033323333334,0.107452541318383,38.323964577563,17.0629328,17.065701962434,0.576768323102073,1.44183603000888
"3477732","2007-10-23",23.6798530405186,0.197369070292994,0.0657896900976642,0.202605887456288,18.2422027377808,16.3789065955526,17.3105546666667,0.247462938032686,45.7225352314936,17.0859996,17.0124977007761,0.349260078237745,1.22332083965465
"3477731","2007-10-24",23.4368232856501,0.0904591791420357,0.0959427498116761,0.114586966379586,18.2473737177159,16.3687359489508,17.3080548333334,0.105358638587346,42.7322628940076,17.0579996,16.9374980073393,0.0645590782505367,0.991568487373831
"3477730","2007-10-25",22.9166606188911,0.0888160816318473,0.125548110355625,0.0957601834216529,18.2547790407075,16.3532199592926,17.3039995,0.128610277270727,42.6860570811943,17.0359996,16.8720542730274,-0.161717279389306,0.760911334021203
"3477729","2007-10-26",21.9527718515184,0.123355668933122,0.100876976569001,0.107455945578765,18.2512151515478,16.3611175151189,17.3061663333334,0.179295403413491,44.0554774536741,17.0133332,16.8246697032904,-0.304631948567857,0.547802677503391
"3477728","2007-10-29",21.0577322818152,0.192434843535668,0.134868864700212,0.120431317208277,18.2523436202276,16.3579890464391,17.3051663333334,0.229225453831401,46.7936130143328,17.0104,16.8022697428517,-0.346917811146874,0.368858579773338
"3477727","2007-10-30",20.5173773694579,0.136437831011365,0.150742781160051,0.128829540809753,18.2488611612907,16.2855828387093,17.267222,0.204858283887402,44.8246822753165,17.0073332,16.7673004438048,-0.431747764922841,0.208737310834102
"3477726","2007-10-31",20.0156192365548,0.1644324367733,0.164435037106777,0.150015560989011,18.2429309162349,16.2214020837652,17.2321665,0.232901905069357,45.1088676248547,17.0089332,16.7387710512975,-0.487164418198616,0.0695569650275588
"3477725","2007-11-01",19.7022418559873,0.131931418606919,0.144267228797194,0.153148349021339,18.2333666021994,16.1479663978007,17.1906665,0.216228808862787,44.0698345632988,17.0042668,16.7064909111245,-0.552283689108657,-0.0548111657996843
"3477724","2007-11-02",18.5648692774923,0.122369258832234,0.139577704737484,0.149426656880483,18.1673088759742,16.1044687906925,17.1358888333333,0.273613652039548,43.7505377747737,17.0002668,16.6762921229746,-0.605215807372916,-0.164892094114331
"3477723","2007-11-05",17.5087375974613,0.208411488358485,0.154237388599212,0.146027440711295,18.087412183865,16.0823654828017,17.0848888333333,0.330205700535818,47.4406808385215,17.0104,16.6701198399113,-0.568080910763247,-0.245529857444114
"3477722","2007-11-06",16.3003063392817,0.16538108727132,0.165387278154013,0.153067457163568,17.9925327333599,16.0713555999735,17.0319441666667,0.339361940498061,45.7872417563148,16.9808,16.6545478612564,-0.569273143081261,-0.310278514571543
"3477721","2007-11-07",16.5455060742598,0.187033351787291,0.186941975805698,0.168855547519639,17.8230176637453,16.1247600029214,16.9738888333333,0.430977003055898,44.979991237306,16.9501336,16.6361641464223,-0.581376487149055,-0.364498109087046
"3477720","2007-11-08",15.382227821965,0,0.117471479686203,0.156600244548636,17.7133436608045,16.1083230058622,16.9108333333334,0.221878968581814,36.5806628505764,16.9,16.561119593566,-0.797728817894439,-0.451144250848524
"3477719","2007-11-09",14.3020408734055,0.134398020965736,0.107143790917675,0.13718574880319,17.6009381377774,16.1113948622226,16.8561665,0.288487850490509,41.77489503588,16.8478668,16.5223036477572,-0.86420465649848,-0.533756331978515
"3477718","2007-11-12",14.2905350752854,0.261962360080364,0.132120127015366,0.118911799206413,17.4981081805677,16.1408918194324,16.8195,0.479902492006607,46.2728447860838,16.8001336,16.5135524947229,-0.816461174022531,-0.590297300387319
"3477717","2007-11-13",14.9093332440512,0.531750000000001,0.309370127015367,0.182878014982801,17.4252751553759,16.1817251779575,16.8035001666667,0.842076990115365,56.2230147885943,16.7717336,16.5739681620932,-0.523620786332524,-0.57696199757636
"3477716","2007-11-14",15.2982375839347,0.498017857142858,0.430576739074407,0.290688997701711,17.3152890282849,16.2488223050485,16.7820556666667,0.867932405312998,55.0040283550076,16.7329336,16.6187724071474,-0.315993870915432,-0.524768372244174
"3477715","2007-11-15",15.0199092113758,0.378970238095239,0.469579365079366,0.403175410389711,17.1206575008054,16.3687874991946,16.7447225,0.665144905015454,50.8165605936575,16.7032004,16.6309360861944,-0.245890134055859,-0.468992724606511
"3477714","2007-11-16",14.2356074058555,0.273809523809524,0.383599206349207,0.427918436834325,17.1168563191438,16.3664776808563,16.741667,0.49185255768923,47.3848254582959,16.6654668,16.6179219413685,-0.272927206766904,-0.42977962103859
"3477713","2007-11-19",13.3414945256783,0.240083333333333,0.297621031746032,0.383599867724866,17.1148693943518,16.3745759389816,16.7447226666667,0.331527170166632,46.3048025316686,16.6316004,16.599088349186,-0.318273944708458,-0.407478485772564
"3477712","2007-11-20",13.1516250065061,0.240083333333333,0.251325396825397,0.310848544973543,17.1056532984762,16.3696807015238,16.737667,0.447311896991027,46.3048025316686,16.594534,16.5827659026279,-0.350264372474196,-0.39603566311289
"3477711","2007-11-21",13.2619808213229,0.196428571428573,0.225531746031746,0.25815939153439,17.1041622672528,16.3832827327473,16.7437225,0.422392257436301,44.7728608354163,16.5546672,16.5588411156108,-0.406739617676899,-0.398176454025692
"3477710","2007-11-23",13.8584714223375,0.535714285714287,0.324075396825397,0.266977513227511,17.1626278004372,16.3787055328962,16.7706666666667,0.966878773344069,56.7493056551428,16.5366672,16.6141063001961,-0.17213723304812,-0.352968609830177
"3477709","2007-11-26",13.3400077371623,0.337303571428573,0.356482142857144,0.30202976190476,17.1691492614749,16.3859614051918,16.7775553333333,0.576892578006918,49.9302623422263,16.546534,16.6175587935033,-0.146657236216452,-0.311706335107432
"3477708","2007-11-27",12.8082872091848,0.327380952380953,0.400132936507937,0.360230158730157,17.1663665502345,16.3819661164322,16.7741663333333,0.43661018294064,49.6092134916037,16.5608004,16.6183282877028,-0.133023390821418,-0.27596974625023
"3477707","2007-11-28",13.9220377790042,0.462303571428573,0.375662698412699,0.377425925925924,17.2135943900616,16.3780716099384,16.795833,0.889309552938825,53.9455410834045,16.5681336,16.6492178493424,-0.0121429728085043,-0.223204391561885
"3477706","2007-11-29",14.9562347366937,0.557306870352518,0.448997131387348,0.408264255435993,17.2857212963926,16.3630563702741,16.8243888333333,0.975739156120179,58.1646552012187,16.5940004,16.7088781360968,0.200352012573335,-0.138493110734841
"3477705","2007-11-30",16.8158240426975,0.590909090909091,0.53683984423006,0.4538332246767,17.4603784683289,16.2968431983378,16.8786108333333,1.19161561958735,63.2588383364893,16.6338668,16.8068050512839,0.528468391703218,-0.00510081024722885
"3477704","2007-12-03",17.7756992492079,0.450761363636364,0.532992441632658,0.506276472416686,17.5337985750974,16.298089758236,16.9159441666667,0.90431248299173,57.8601252417212,16.6610668,16.858787044446,0.661208934125379,0.128161138627293
"3477703","2007-12-04",17.831718914693,0.282198863636363,0.441289772727272,0.503707352863328,17.5458795694337,16.3158977638996,16.9308886666667,0.591419780488399,52.1007831537372,16.6708,16.8642821051866,0.617114119775963,0.225951734857027
"3477702","2007-12-05",18.1085137749761,0.344698863636365,0.359219696969697,0.444500637109874,17.5674328313557,16.3377891686443,16.952611,0.666849692222429,53.9318249225362,16.6896,16.8837111578284,0.627467627083722,0.306254913302366
"3477701","2007-12-06",19.1589515706993,0.378789772727273,0.335229166666667,0.378579545454543,17.6157943144067,16.3398716855933,16.977833,0.800392038940807,54.9435671860781,16.7102668,16.9085496701179,0.656616616784356,0.376327253998764
"3477700","2007-12-07",20.4248905646932,0.748107954545455,0.490532196969697,0.394993686868685,17.7488724182937,16.3466825817063,17.0477775,1.08163011316514,64.1333708921232,16.7592,17.0167430474355,0.976904514333965,0.496442706065804
"3477699","2007-12-10",21.4685595244501,0.719401129943504,0.61543295240541,0.480398105347256,17.8541101531598,16.3715561801736,17.1128331666667,0.991982200956548,63.2078621037402,16.8070668,17.1047333077775,1.19414622647991,0.635983410148625
"3477698","2007-12-11",21.5921941479873,0.486842949271465,0.651450677920141,0.58580527576508,17.9332612261614,16.3868494405053,17.1600553333334,0.872870498454388,57.3147940464348,16.8374668,17.1427688667405,1.21609335821808,0.752005399762517
"3477697","2007-12-12",21.706997726986,0.597784874935656,0.601342984716875,0.622742205014139,18.0392992828266,16.3514777171734,17.1953885,0.938532631882133,61.5359358443,16.8834668,17.2175103511751,1.36412946315694,0.874430212441401
"3477696","2007-12-13",20.4139565563893,0.30258431257507,0.462404045594064,0.571732569410357,18.0537121935655,16.3580648064345,17.2058885,0.605301865640493,52.0929335853119,16.9096,17.2111756376851,1.21708252267507,0.942960674488135
"3477695","2007-12-14",19.248374089935,0.164208184117743,0.354859123876156,0.472868718062363,18.0540203165807,16.385423350086,17.2197218333333,0.455552378341856,48.3476450010831,16.9434668,17.1723522193271,0.972154113702794,0.948799362331067
"3477694","2007-12-17",18.1660475139417,0.0548544303797456,0.173882309024186,0.3303818261648,18.0440918721862,16.4262411278138,17.2351665,0.382115310082366,48.6129469611163,16.9701336,17.1409279234168,0.776803150718663,0.914400120008587
"3477693","2007-12-18",18.2508880939143,0.0675359477124181,0.0955328540699685,0.208091428990101,18.0320646445491,16.5132676887843,17.2726661666667,0.564083944618501,49.7249782107197,16.992,17.1225815336279,0.645869395951704,0.86069397519721
"3477692","2007-12-19",18.6968528869658,0.638346405228759,0.253578927773641,0.174331363622596,18.1191122268521,16.5594424398146,17.3392773333333,0.94357850985504,61.4847465255486,17.0284,17.2231266624775,0.941561850681172,0.876867550294002
"3477691","2007-12-20",19.6632436824442,0.505457282649606,0.403779878530261,0.250963886791288,18.2032808478365,16.6193851521635,17.411333,0.953032988195017,60.6106353544761,17.0650668,17.3035991074805,1.13738881389469,0.92897180301414
"3477690","2007-12-21",21.070607872463,0.791419809792619,0.645074499223661,0.434144435175852,18.492137772899,16.5008615604344,17.4964996666667,1.17469143235392,68.7959207077174,17.144,17.4875632264831,1.66772567713072,1.07672257783746
"3477689","2007-12-24",22.4122617673619,0.832105791024728,0.709660961155651,0.586171779636522,18.7288167121208,16.4734046212126,17.6011106666667,1.08919875678455,69.7443792595756,17.2348,17.6629987962854,2.11157576680647,1.28369321563126
"3477688","2007-12-26",22.5326001399601,0.637701970105994,0.753742523641113,0.702825994673473,18.8273146874176,16.5624619792491,17.6948883333333,0.899632316074664,62.2705096325656,17.3102664,17.756376290114,2.23239003591029,1.47343257968707
"3477687","2007-12-27",21.5765838262351,0.418264238975314,0.629357333368679,0.697586939388479,18.8570369856549,16.6304066810118,17.7437218333333,0.65901075536803,55.0937291117293,17.3658664,17.7710821180988,2.07774923521571,1.59429591079279
"3477686","2007-12-28",20.2229395382583,0.310750089469939,0.455572099517082,0.612890652175623,18.8665984141508,16.6820669191825,17.7743326666667,0.546335183035717,51.9354524767823,17.4146664,17.7513818356856,1.82383124094059,1.64020297682235
"3477685","2007-12-31",18.9063058501813,0.235639522296793,0.321551283580682,0.468826905488812,18.865203766118,16.6786839005487,17.7719438333334,0.437622108013867,49.7881459076392,17.4338664,17.7116415909275,1.52779324888421,1.61772103123473
"3477684","2008-01-02",17.8976055421405,0.231221253639548,0.259203621802093,0.345442334966617,18.8683200611077,16.7053449388924,17.7868325,0.466017870827501,49.6580822871922,17.4659996,17.6758667121372,1.27389929497164,1.54895668398211
"3477683","2008-01-03",16.8528962556697,0.0972019104593669,0.188020895465236,0.256258600282668,18.8490800570375,16.7555849429626,17.8023325,0.2855265275529,45.7536683567246,17.4866664,17.6044178171856,0.923175936775533,1.42380053454079
"3477682","2008-01-04",16.8644006068951,0,0.109474388032971,0.185566301766765,18.8879222309091,16.6790761024243,17.7834991666667,0.0461933025845026,39.1274036878021,17.4739996,17.4616061082275,0.360605894668287,1.21116160656629
"3477681","2008-01-07",15.7818905168151,0.00126037735849111,0.0328207626059525,0.110105348701384,18.9095617435143,16.6195479231524,17.7645548333334,0.158372585770513,39.1796277395937,17.4515996,17.3382812937972,-0.085887990029998,0.951751687247034
"3477680","2008-01-08",14.9066697285354,0.0327056603773591,0.0113220125786165,0.0512057210725114,18.9052487021658,16.5489719645009,17.7271103333333,0.23998512559811,40.5500050471342,17.4186664,17.2425104546242,-0.398588522240717,0.681683645349484
"3477679","2008-01-09",14.0939647108471,0.0566037735849064,0.0301899371069187,0.0247775707638271,18.9013883722605,16.4716096277395,17.686499,0.229809829469571,41.6264698448125,17.3981328,17.1679530606743,-0.611133571149158,0.423120202049755
"3477678","2008-01-10",14.3735127953262,0.249056603773585,0.112788679245283,0.0514335429769374,18.8947646100026,16.4642330566641,17.6794988333333,0.465918772012551,49.5489883256525,17.409866,17.1713366525844,-0.533852724977779,0.231725616644248
"3477677","2008-01-11",14.6131054587308,0.245283018867925,0.183647798742139,0.108875471698111,18.8701210278057,16.447876638861,17.6589988333333,0.444908325266817,49.407391429039,17.4167992,17.1729357655732,-0.471865809673433,0.0910073313807122
"3477676","2008-01-14",14.7646149864841,0.232705660377358,0.242348427672956,0.179594968553457,18.8705293729539,16.4365796270461,17.6535545,0.344697765856148,48.9057437487197,17.4199992,17.1698776634967,-0.433419274160685,-0.0138779897275672
"3477675","2008-01-15",14.0180780084304,0.0708661417322834,0.182951606992522,0.20298261113587,18.8781739714652,16.4122680285348,17.645221,0.229781123548658,42.7776360349122,17.3797324,17.1090046416972,-0.601860054785341,-0.131474402739122
"3477674","2008-01-16",13.2859639892225,0.0789472385736209,0.127506346894421,0.184268793853297,18.893243450099,16.373753549901,17.6334985,0.173147396515206,42.5148703169117,17.3403988,17.0535813561375,-0.737066461988223,-0.252592814588942
"3477673","2008-01-17",12.7202261433756,0,0.0499377934353012,0.120131915774079,18.9317989936012,16.2558650063988,17.593832,0.119883996317577,38.1792991810024,17.2987988,16.9597705086525,-0.996775466072986,-0.401429344885751
"3477672","2008-01-18",12.7488909180205,0,0.0263157461912068,0.0679199621736408,18.9484375705691,16.0603374294309,17.5043875,0.0629776998766794,34.6007282535366,17.2317324,16.8353571074989,-1.34403461758721,-0.589950399426042
"3477671","2008-01-22",14.2384386817022,0,-1.75785312232316e-16,0.0254178465421672,19.0513144433043,15.6821272233624,17.3667208333333,-0.0909924372504902,25.5775775364094,17.1407992,16.5768654931657,-2.14694525700874,-0.901349370942581
"3477670","2008-01-23",14.8830799697216,0.269960589278687,0.0899868630928954,0.0387675364280319,18.8547645508029,15.6077884491971,17.2312765,0.161171974916629,39.7522774493204,17.0977324,16.4790607607436,-2.3038250339365,-1.18184450354137
"3477669","2008-01-24",15.4816754514538,0.329846634689419,0.199935741322702,0.0966408681385302,18.5741896283316,15.6193633716684,17.0967765,0.210040537442331,42.3742989244423,17.0623988,16.4222966593111,-2.30048579956077,-1.40557276274525
"3477668","2008-01-25",16.2567709840571,0.28041783349398,0.293408352487362,0.194443652300984,18.3350866738479,15.6125776594855,16.9738321666667,0.194134284855,40.7961292479691,17.0174656,16.3499904380696,-2.35735615608629,-1.59592944141345
"3477667","2008-01-28",17.3939069659441,0.181557379386653,0.263940615856684,0.25242823655558,18.2123183137266,15.5026790196068,16.8574986666667,0.0990652080429119,37.7665282269385,16.923732,16.2411023796604,-2.54704850260211,-1.78615325365119
"3477666","2008-01-29",18.9139706955493,0.0589335721170571,0.173636261665896,0.243661743336645,18.1500529390585,15.3138333942748,16.7319431666667,0.0178441542551122,34.3582546180729,16.8147984,16.0893993957056,-2.88325267794656,-2.00557313851026
"3477665","2008-01-30",18.4709205594725,0.369770664963241,0.203420538822317,0.213665805448297,18.0320906152382,15.3093513847618,16.670721,0.40465080273053,47.3332361389959,16.7151984,16.1032568096116,-2.57574065565301,-2.11960664193881
"3477664","2008-01-31",18.5090992443164,0.279676337702553,0.23612685826095,0.204394552916386,17.8822502329529,15.3096364337138,16.5959433333334,0.353002939353535,44.1435099838262,16.5959984,16.0659332349967,-2.48911928158746,-2.19350916986854
"3477663","2008-02-01",18.2185845819349,0.560201520912548,0.403216174526114,0.280921190536458,17.7996430101796,15.3214659898205,16.5605545,0.534300280394955,49.5527122825153,16.5162652,16.1064754703305,-2.12160774440099,-2.17912888477503
"3477662","2008-02-04",17.9488209668665,0.608419143391764,0.482765667335621,0.374036233374226,17.7873672641767,15.3168530691567,16.5521101666667,0.524332249046707,50.6511000766575,16.4610652,16.1571680742864,-1.75177000239017,-2.09365710829806
"3477661","2008-02-05",18.5053537674932,0.408695652173913,0.525772105492741,0.470584649118157,17.7422971765752,15.2703678234248,16.5063325,0.322137918529234,44.7988415561211,16.3895988,16.1144349977149,-1.76330215179997,-2.02758611699844
"3477660","2008-02-06",19.1096432064442,0.375360869565217,0.464158555043631,0.490898775957329,17.6736330442676,15.2226986223991,16.4481658333334,0.297197416259546,44.1508483340838,16.3218656,16.0671769980196,-1.7909774506575,-1.98026438373025
"3477659","2008-02-07",18.6126395683859,0.349273913043478,0.377776811594202,0.455902490710189,17.6056840024255,15.1977589975746,16.4017215,0.375157449092301,43.6191184923375,16.2521324,16.0182200649503,-1.82291639226365,-1.94879478543693
"3477658","2008-02-08",18.1511361901889,0.349273913043478,0.357969565217391,0.399968310618406,17.4038812255275,15.2400064411392,16.3219438333334,0.351731793517781,43.6191184923375,16.1945324,15.9757907229569,-1.82798057179122,-1.92463194270779
"3477657","2008-02-11",17.722597339006,0.285032531743529,0.327860119276828,0.354535498696138,17.1877504923315,15.2824708410019,16.2351106666667,0.265797810124468,43.6191184923375,16.1611992,15.9390186265627,-1.81176829223492,-1.90205921261322
"3477656","2008-02-12",16.8074037394606,0.321658211279581,0.318654885355529,0.334828189949914,16.999415840673,15.336250159327,16.167833,0.357001819281041,44.6823887426582,16.1307992,15.917372143021,-1.74046922190754,-1.86974121447208
"3477655","2008-02-13",15.7207953709716,0.441084582533176,0.349258441852095,0.331924482161482,16.8720852467981,15.3839144198686,16.1279998333334,0.536436341190652,48.1181760093235,16.107066,15.9319451906182,-1.53961354973754,-1.80371568152517
"3477654","2008-02-14",15.1159235619554,0.265924312342954,0.342889035385237,0.336934120864285,16.7627923290462,15.4055410042872,16.0841666666667,0.388868531139479,43.8193593355239,16.0661328,15.8956858318691,-1.54845981907626,-1.75266450903539
"3477653","2008-02-15",14.7885347912939,0.197454785175843,0.301487893350658,0.331211790195995,16.6977861490705,15.3853251842628,16.0415556666667,0.258385956989982,42.2311100415072,15.9990664,15.8451503876199,-1.6104025287981,-1.72421211298793
"3477652","2008-02-19",14.7189950185121,0,0.154459699172932,0.266278875969607,16.6878724551293,15.3282385448708,16.0080555,0.179446432814296,40.6445027540591,15.9266664,15.7822410026039,-1.71389792728844,-1.72214927584804
"3477651","2008-02-20",14.7215587182303,0,0.0658182617252809,0.173921951416288,16.6682990039389,15.3647006627278,16.0164998333334,0.137881941793941,40.1907282426475,15.8539996,15.7223862022567,-1.79700053756144,-1.73711952819072
"3477650","2008-02-21",14.3488414057678,0.0572466645915396,0.019082221530513,0.07978672747624,16.6598535644522,15.3270351022145,15.9934443333334,0.257323039485583,42.0488216455067,15.8030664,15.6847347086225,-1.78844952700908,-1.74738552795439
"3477649","2008-02-22",14.4673729862061,0,0.019082221530513,0.0346609015954336,16.6598202451178,15.2389574215489,15.9493888333334,0.0844059279533864,38.9159395820335,15.7426664,15.6178807474728,-1.89301883005188,-1.77651218837389
"3477648","2008-02-25",13.8136429244618,0.158918604651163,0.0720550897475675,0.0367398442695291,16.6408992786448,15.2091010546886,15.9250001666667,0.310264117209619,43.7245741014814,15.7069332,15.5963859811431,-1.81465999404419,-1.78414174950795
"3477647","2008-02-26",12.949544734128,0.228686046511628,0.129201550387597,0.0734462872218904,16.640915534438,15.2093074655621,15.9251115,0.393982971573691,45.7438944800926,15.6889332,15.5937571836574,-1.6713512249958,-1.76158364460552
"3477646","2008-02-27",12.1471678431037,0.261627906976745,0.216410852713179,0.139222497616112,16.6181936684813,15.2738069981854,15.9460003333334,0.378174682216015,46.716109601175,15.7183996,15.5990335591697,-1.51103072706206,-1.71147306109683
"3477645","2008-02-28",12.1604009627671,0.0586901408450702,0.183001364777814,0.176204589292861,16.5655372099221,15.2330194567446,15.8992783333334,0.182849753914652,41.5299401046944,15.6953332,15.5547184179471,-1.55601377790885,-1.68038120445923
"3477644","2008-02-29",12.3714706278016,0,0.106772682607272,0.168728300032753,16.555655413292,15.147234586708,15.851445,0.0808532585876177,40.1761903309057,15.6597332,15.5025332955541,-1.62741613906938,-1.66978819138126
"3477643","2008-03-03",13.658534403208,0,0.01956338028169,0.103112475888923,16.5093228111735,15.0071225221598,15.7582226666667,-0.150454319449119,32.7880026491825,15.6045332,15.3688621894803,-2.0094522266676,-1.73772099843853
"3477642","2008-03-04",14.8633350985446,0,-1.13335267097151e-16,0.0421120209629851,16.4543908934949,14.8641651065052,15.659278,-0.145158699093994,32.7228396554226,15.5629332,15.2521245642162,-2.29426889701856,-1.84903057815453
"3477641","2008-03-05",16.219474166568,0,-1.13335267097151e-16,0.0065211267605612,16.5076164074504,14.6498279258829,15.5787221666667,-0.104573041805966,31.1248562896419,15.5321332,15.1296186223207,-2.57974594522988,-1.9951736515696
"3477640","2008-03-06",17.478746158304,0.0599997818189749,0.0199999272729915,0.00666664242432838,16.5307645889749,14.4805684110252,15.5056665,0.00459870901277729,33.5282011209806,15.4621332,15.038113472678,-2.72001256068863,-2.14014143339341
"3477639","2008-03-07",18.2559402848396,0,0.0199999272729915,0.0133332848486589,16.5063316188835,14.3406680477832,15.4234998333334,0.0540751668200905,32.3138966751784,15.4025332,14.9441423429876,-2.86053502124262,-2.28422015096325
"3477638","2008-03-10",19.7896022749377,0,0.0199999272729915,0.0199999272729895,16.5211194625087,14.1351028708247,15.3281111666667,-0.0175045740685809,27.2291063098034,15.3,14.7924793639226,-3.2250908362935,-2.4723942880293
"3477637","2008-03-11",19.9917230645001,0,-1.13335267097151e-16,0.0133332848486589,16.5221385828283,13.9713057505051,15.2467221666667,0.0744087370563057,26.271033668706,15.1882664,14.6459261153996,-3.54301523921394,-2.68651847826623
"3477636","2008-03-12",18.9882387873328,0.448785852329239,0.149595284109746,0.0565317371275772,16.4415909257816,13.9660750742184,15.203833,0.446834111396654,46.2263635522459,15.1469328,14.6669133000129,-3.1503785726214,-2.77929049713726
"3477635","2008-03-13",17.982614324098,0.419137684265002,0.289307845531414,0.146301043213718,16.3060379024706,13.9990724308628,15.1525551666667,0.501782211329375,45.3530491023384,15.1057328,14.6753248600112,-2.84652468239933,-2.79273733418968
"3477634","2008-03-14",17.8727518507726,0.0444742736542494,0.304132603416164,0.247678577685773,16.2185451995223,13.9287871338111,15.0736661666667,0.186380476572175,36.0774010536343,15.029866,14.5590588786764,-3.08229575826352,-2.85064901900445
"3477633","2008-03-17",18.2827013795977,0,0.154537319306417,0.249325922751329,16.1846837056492,13.7878709610176,14.9862773333334,0.0787708757829811,32.9691014708541,14.9381328,14.4054070281862,-3.45632523581288,-2.97178426236613
"3477632","2008-03-18",18.6633687992209,0.0486530712587337,0.0310424483043276,0.163237457008967,16.172114516692,13.6211068166414,14.8966106666667,0.0618500093206844,34.8979065436554,14.851466,14.2891300910947,-3.6469499289467,-3.10681739568225
"3477631","2008-03-19",18.8431699492169,0.0588976426346258,0.035850237964453,0.0738100018583972,16.131060861148,13.4900494721853,14.8105551666667,0.126195541049483,35.3199448731099,14.7627992,14.1919127456154,-3.74475900240173,-3.23440571702614
"3477630","2008-03-20",18.0220334050542,0.0819450473047977,0.0631652537327189,0.0433526466671644,16.0291822591704,13.4274837408297,14.728333,0.229877874634922,36.3201110337839,14.6665324,14.1156577128667,-3.7485537409061,-3.33723532180214
"3477629","2008-03-24",17.2336981635945,0.416132415022298,0.185658368320574,0.0948912866725798,15.9700699974004,13.431596335933,14.7008331666667,0.542567640142795,48.705858626259,14.6197324,14.1655700178178,-3.21857809915711,-3.31350387727313
"3477628","2008-03-25",16.5016725822391,0.61843869198296,0.372172051436685,0.206998557829991,15.8860054778875,13.4645495221126,14.6752775,0.692836806393153,54.4780980721049,14.5997324,14.2790500154421,-2.47136277335726,-3.14507565648996
"3477627","2008-03-26",15.5708229359399,0.454544756139252,0.496371954381503,0.351400791379585,15.7307642937627,13.522901372904,14.6268328333334,0.580444532276897,49.6077059503867,14.5683992,14.3205100133832,-2.09676201372131,-2.93541292793623
"3477626","2008-03-27",14.7514584709046,0.411012049951408,0.49466516602454,0.454403057280907,15.5549135180137,13.6040858153197,14.5794996666667,0.63125556892922,48.3707276642425,14.5341328,14.3413313449321,-1.84234885249972,-2.71680011284893
"3477625","2008-03-28",13.990620039086,0.471188823545229,0.445581876545296,0.478872998983778,15.4469931425844,13.652450190749,14.5497216666667,0.684664475706406,50.218624579604,14.501866,14.3802644989411,-1.53501428465496,-2.48044294721013
"3477624","2008-03-31",14.2242865009729,0.496798331367901,0.459666401621513,0.466637814730448,15.4204489126462,13.6654390873538,14.542944,0.831971170913288,51.022038692705,14.4825328,14.4228958990823,-1.23993322425247,-2.2323410026186
"3477623","2008-04-01",14.8563591399218,0.672074558689591,0.546687237867574,0.483978505344792,15.5856748815678,13.5875464517656,14.5866106666667,1.03441643226723,58.025217589048,14.477866,14.5451764458713,-0.643199834313779,-1.91451276895763
"3477622","2008-04-02",16.1240769523969,0.756521739130435,0.641798209729309,0.549383949739463,15.9167284882401,13.4228268450932,14.6697776666667,1.15234823426334,63.9022290030878,14.495466,14.7413755864218,0.194996460713859,-1.49261092302334
"3477621","2008-04-03",17.3012434925523,0.849275362318841,0.759290553379622,0.649258666992166,16.2435607516691,13.2994395816643,14.7715001666667,1.08370667083102,66.3048910321229,14.5235996,14.9540815082322,1.01100622721342,-0.991887492975985
"3477620","2008-04-04",18.1853929812298,0.823188405797102,0.809661835748792,0.736916866285906,16.5010916269323,13.2361313730678,14.8686115,0.97890685085142,64.9946028963305,14.5627996,15.1264266404679,1.58093293116699,-0.47732340814739
"3477619","2008-04-07",19.1812761869472,0.875734955249555,0.849399574455166,0.806117321194525,16.7738996520285,13.1833236813049,14.9786116666667,0.967659881596911,67.0953985759949,14.6169332,15.3117924217389,2.14231259096862,0.0466037916758117
"3477618","2008-04-08",19.9364977681207,0.855029585798816,0.851317648948491,0.836793019717481,16.9791024586012,13.2271205413989,15.1031115,0.894517315381163,66.0414563063784,14.6949332,15.4635534321737,2.51505685725724,0.540294404792097
"3477617","2008-04-09",19.9798966603973,0.773093373493975,0.834619304847449,0.8451121760837,17.1217641581409,13.3094591751925,15.2156116666667,0.813590248422899,61.9052148043906,14.7626668,15.5599689745505,2.63846111515786,0.95992774686525
"3477616","2008-04-10",19.316333489762,0.569688186316896,0.732603715203229,0.806180222999721,17.2068386620971,13.3248293379029,15.265834,0.708869324865664,57.3967162927532,14.8245336,15.6026397779438,2.54672580730124,1.27728735895245
"3477615","2008-04-11",18.394690233917,0.512854550547429,0.618545370119434,0.728589463390035,17.266729738892,13.342938261108,15.304834,0.66102605611027,55.4126550166542,14.8764004,15.620954474218,2.3741015352182,1.4966501942056
"3477614","2008-04-14",17.584910147661,0.506087288345451,0.529543341736592,0.626897475686417,17.3132087197201,13.4542369469466,15.3837228333333,0.642423215050273,55.1681158469209,14.9320004,15.6346045443222,2.20321590746089,1.63796333685666
"3477613","2008-04-15",16.8329714961376,0.530444560818079,0.516462133236987,0.554850281697669,17.3095313783453,13.6514692883214,15.4805003333333,0.618018682034957,55.9220974142932,15.0110668,15.6544346050793,2.07465202896604,1.72530107527853
"3477612","2008-04-16",16.9518050841736,0.628611808364438,0.555047885842656,0.53368445360541,17.2842774714718,13.9237231951949,15.6040003333333,0.69189880011335,59.5822605688062,15.1066668,15.7116206577354,2.10220517805944,1.80068189583471
"3477611","2008-04-17",17.1180681031515,0.671129464285715,0.610061944489411,0.560523987856349,17.2244042967138,14.2351517032862,15.729778,0.703766208317718,60.9780911495964,15.1626668,15.7771819033707,2.15932367666876,1.87241025200152
"3477610","2008-04-18",18.1962385656651,0.720291993221195,0.673344421957116,0.612818084096392,17.216488679898,14.5228446534354,15.8696666666667,0.854042079786502,65.7542940073502,15.2396,15.8940016495879,2.40371433381992,1.9786710683652
"3477609","2008-04-21",19.1291903508407,0.629631944444444,0.673684467317118,0.652363611254546,17.2729374564448,14.6605068768886,15.9667221666667,0.799827233482459,65.3079933747701,15.3526668,15.9921347629762,2.55248432364936,2.09343371942203
"3477608","2008-04-22",18.368117906154,0.192131944444444,0.514018627370028,0.620349172214752,17.2734655918257,14.7668674081744,16.0201665,0.576176349781696,54.5421898856841,15.4564,15.993183461246,2.32481243985074,2.13970946350778
"3477607","2008-04-23",17.0970389759864,0,0.273921296296296,0.487208130327812,17.2008285053208,14.9522821613459,16.0765553333333,0.435809491443168,50.2037673836241,15.5428,15.9532029997466,1.96718317329185,2.10520420546459
"3477606","2008-04-24",16.9887350289112,0.0634965986394567,0.0852095143613003,0.291049812675873,17.1152874640938,15.1754898692395,16.1453886666667,0.534454453827524,51.4690832529335,15.6318668,15.9309985997803,1.71126402538107,2.02641616944789
"3477605","2008-04-25",16.8881670780557,0.240367346938775,0.101287981859411,0.153472930839,16.9926187437443,15.4371589229224,16.2148888333334,0.536146546022816,54.9063121690977,15.7289336,15.946421453143,1.62138971986043,1.9454108795304
"3477604","2008-04-28",17.1149569623927,0.387755102040817,0.230539682539683,0.139012392920129,16.8854387564967,15.6798942435033,16.2826665,0.664609019294733,57.6011586199009,15.7998668,15.9886759260572,1.6404375572554,1.8844162150754
"3477603","2008-04-29",17.6785651471342,0.734693877551022,0.454272108843538,0.262033257747542,16.9316069818424,15.7579480181576,16.3447775,0.970226744232931,63.179265583194,15.8701332,16.0932964692496,1.88898421274701,1.88532981460972
"3477602","2008-04-30",18.480385892671,0.686357054262619,0.602935344618153,0.429249045333789,17.0288097795145,15.7298562204856,16.379333,0.968413205207176,63.6173228766096,15.9592,16.1897462733497,2.08057056345841,1.92437796437946
"3477601","2008-05-01",19.6822667549608,0.530510965235652,0.650520632349765,0.569242695270483,17.1175280137277,15.6965823196057,16.4070551666667,0.948568515064754,62.1475565588259,16.0496,16.262669436903,2.16527919288501,1.97255821008057
"3477600","2008-05-02",18.8004258669074,0.0796625768430901,0.432176865447121,0.561877614138344,17.1130825051717,15.6682498281617,16.3906661666667,0.301898975647712,48.7141843678774,16.0982668,16.207646845316,1.77141504976217,1.93232957801689
"3477599","2008-05-05",18.229204314665,0,0.203391180692914,0.428696226163265,17.1629663979381,15.4893656020619,16.326166,-0.0726510979768078,40.1716238432548,16.1118668,16.0519605992738,1.04139477551108,1.75414261751573
"3477598","2008-05-06",18.1136658771306,0,0.0265541922810303,0.22070741280702,17.2600290952963,15.2308585713704,16.2454438333333,-0.129101309269769,37.4638848608487,16.0874668,15.8756991860373,0.297642658012376,1.46284262561506
"3477597","2008-05-07",17.4605385632909,0,2.86807614694832e-16,0.07664845765798,17.3379668300397,15.0014765032937,16.1697216666667,-0.0448563822815511,35.2879911613392,16.0254668,15.687828627899,-0.428485361353292,1.08457702822139
"3477596","2008-05-08",16.9751296156169,0,2.86807614694832e-16,0.00885139742700864,17.4536044061278,14.7361719272055,16.0948881666667,-0.0574716250542511,34.6030131616951,15.9473332,15.5138954775125,-1.04282457238307,0.659096708100495
"3477595","2008-05-09",16.518045612383,0.00813936099759796,0.00271312033253294,0.000904373444176182,17.5349195865645,14.5210790801022,16.0279993333333,0.0258178625348474,35.0375894453925,15.8738664,15.3667094138442,-1.50510244617128,0.22625687724614
"3477594","2008-05-12",15.5302478928984,0.084436333228552,0.0308585647420503,0.0111905616915262,17.5646378654598,14.3844721345402,15.974555,0.150926473462229,39.1214795634708,15.7995996,15.2724814919983,-1.72407159706582,-0.163808817616253
"3477593","2008-05-13",15.1577600613605,0.216683401135909,0.103086365120687,0.0455526833984216,17.5598970076331,14.3319906590336,15.9459438333333,0.31227857898369,45.5151613438534,15.7453328,15.2485946263985,-1.6503876292711,-0.461124579947222
"3477592","2008-05-14",14.894026626159,0.292980373366863,0.198033369243775,0.110659433035502,17.5273663525129,14.2920769808204,15.9097216666667,0.380913795005673,48.8526226047924,15.7115992,15.2612260095454,-1.44286002904885,-0.657471669767548
"3477591","2008-05-15",13.9398705752977,0.137334550015717,0.21566610817283,0.172261947512429,17.4917826265541,14.1988830401126,15.8453328333333,0.258807454498905,43.0581868379677,15.6697324,15.2041732082727,-1.53137478088355,-0.832252291990749
"3477590","2008-05-16",13.607133637694,0.0315381164413869,0.153951013274656,0.189216830230419,17.3939075732809,14.0838697600524,15.7388886666667,0.184462214955396,39.618349630094,15.6195992,15.1085061138363,-1.7674523798155,-1.0192923095557
"3477589","2008-05-19",13.9487206505352,0,0.056290888819035,0.141969336755505,17.318949956862,13.9110497098047,15.6149998333333,0.105981278014369,35.585277894811,15.551866,14.9647052986581,-2.1784859580891,-1.25113103926238
"3477588","2008-05-20",14.2659085910306,0.0284655647382924,0.0200012270598934,0.0767477097178598,17.3002001122534,13.7296882210799,15.5149441666667,0.134520892305127,37.1444421926374,15.485866,14.853855258837,-2.42570384457741,-1.48604560032539
"3477587","2008-05-21",15.1080734571628,0,0.00948852157943112,0.0285935458194515,17.3164068236574,13.512926509676,15.4146666666667,0.108780237090524,33.6884158523719,15.3915996,14.7035638909921,-2.81641882381904,-1.75212024502412
"3477586","2008-05-22",15.8900836899999,0.00144993163985965,0.009971832126051,0.0131538602551235,17.2723702204622,13.3259631128712,15.2991666666667,0.146021483529586,33.7427801613901,15.2926664,14.5737553721932,-3.09534207463552,-2.0207646109464
"3477585","2008-05-23",16.8071855976193,0,0.000483310546620199,0.00664788808403245,17.2054731629694,13.138193170364,15.1718331666667,0.144138137535456,32.5351183165912,15.1701332,14.4425879892341,-3.3615546439017,-2.28892261753746
"3477584","2008-05-27",17.5994818570822,0,0.000483310546620199,0.00364615107309548,17.0675900756745,13.0005209243256,15.0340555,0.178269833966465,32.4457919827243,15.0481332,14.3275762573362,-3.54312841746196,-2.53976377752236
"3477583","2008-05-28",17.9614920480933,0.083813462697308,0.027937820899103,0.00963481399744614,16.7837923861563,12.9848742805104,14.8843333333333,0.241475518549943,36.0985568757014,14.9590664,14.253676756358,-3.54105507061531,-2.74002203614095
"3477582","2008-05-29",17.8951251590599,0.145954991394521,0.0765894846972767,0.0350035387143316,16.4035666773318,13.0713223226682,14.7374445,0.29370025319284,38.7432547351388,14.888,14.208742522177,-3.42059256136705,-2.87613614118617
"3477581","2008-05-30",17.8334987621003,0.177745407882359,0.135837953991396,0.0801217531959236,15.8966795763929,13.2826537569404,14.5896666666667,0.308427038883817,40.1088654201855,14.8161332,14.1795768525534,-3.24689546054947,-2.95028800505883
"3477580","2008-06-02",18.2970988440829,0.0549146605279475,0.126205019934943,0.11287748620787,15.618768661202,13.3383426721314,14.4785556666667,0.238499589027928,36.7041291824818,14.7225332,14.1165226055463,-3.23458872684171,-3.00714814941541
"3477579","2008-06-03",18.7275846344953,0.0679204220803149,0.100193496830207,0.12074549025218,15.4954044695614,13.3135961971053,14.4045003333333,0.262660019273648,37.3109329646547,14.6214668,14.0658755914734,-3.17284019122863,-3.04028655777805
"3477578","2008-06-04",19.0534121219298,0.12587390581485,0.0829029961410378,0.103100504302061,15.4293334300282,13.2777782366385,14.3535558333333,0.312435286543798,39.058566524471,14.5033336,14.033092179277,-3.04211564525719,-3.04065237527388
"3477577","2008-06-05",18.0991232787527,0.267973856209151,0.153922728034772,0.112339740335337,15.3668742175439,13.2713481157895,14.3191111666667,0.44687038261809,42.5756820820985,14.3902668,14.0273465553734,-2.80878843698488,-2.99427958761608
"3477576","2008-06-06",17.3303794449045,0.305948141789966,0.233265301271323,0.156697008482376,15.3415394201659,13.2570165798341,14.299278,0.444378317942428,41.8113641038925,14.2784,14.0157003479903,-2.62249629747194,-2.91992292958725
"3477575","2008-06-09",17.3720768463114,0.0152935779816509,0.19640519199359,0.19453107376656,15.3136843398012,13.2052049935322,14.2594446666667,0.283151144381646,36.9113351316226,14.1882668,13.9598296349249,-2.64287907430892,-2.86451415853159
"3477574","2008-06-10",17.7965144183626,0,0.107080573257206,0.178917022174038,15.2513811796709,13.1380638203291,14.1947225,0.204387749791362,34.4227050071613,14.1226668,13.8851856836016,-2.74322432363366,-2.840256191552
"3477573","2008-06-11",17.994174621003,0.102362204724409,0.0392185942353535,0.114234786495381,15.0497020220677,13.1735209779323,14.1116115,0.268767073577762,37.4259105442843,14.0746668,13.8378275924547,-2.71786670633679,-2.81577829450896
"3477572","2008-06-12",17.8428498816071,0.183724409448819,0.0953622047244097,0.0805537907389881,14.7116257952103,13.3373748714564,14.0245003333333,0.323700076059216,39.7863573557874,14.0413332,13.8105612467941,-2.60839969498248,-2.77430257460366
"3477571","2008-06-13",18.0153818618995,0.0734881889763779,0.119858267716536,0.0848130222254314,14.4711365412326,13.4423084587674,13.9567225,0.24614887451273,37.7107230989127,14.0057332,13.7682637472215,-2.57455739810648,-2.73435353930423
"3477570","2008-06-16",17.7919054297244,0.167976377952755,0.141729658792651,0.118983377077864,14.3026954480312,13.5227492186355,13.9127223333333,0.373992595520114,40.5725391744146,13.9738664,13.7476059142587,-2.44992980608938,-2.67746879266126
"3477569","2008-06-17",17.5843915998476,0.207346456692913,0.149603674540683,0.137063867016622,14.2448587463327,13.5342522536673,13.8895555,0.386478896314655,41.7729412134692,13.9339996,13.7363691256908,-2.29563606058055,-2.60110224624512
"3477568","2008-06-18",18.6873952408798,0,0.125107611548557,0.138813648293962,14.2493074329958,13.4403592336709,13.8448333333333,-0.154281696209567,33.0119181482642,13.8523996,13.6452972422654,-2.50458679714205,-2.5817991564245
"3477567","2008-06-19",19.7116129075525,0.0453648549178249,0.0842371038702464,0.119649463319827,14.282961013702,13.3423723196314,13.8126666666667,-0.0627645785420376,34.7829114945101,13.7637332,13.5761469432967,-2.59991354811567,-2.58542203476274
"3477566","2008-06-20",21.0102191510076,0,0.015121618305942,0.07482211124158,14.3195295257627,13.233359140904,13.7764443333333,-0.0511728868805306,32.3545140846444,13.6877332,13.4904380175238,-2.76148808734454,-2.6206352452791
"3477565","2008-06-23",22.5887877006525,0,0.015121618305942,0.0381601134940419,14.3890079574165,13.0867700425835,13.737889,-0.10246466824305,29.7336754648612,13.6165332,13.3859356151873,-2.99488136165262,-2.6954844685538
"3477564","2008-06-24",24.3642932623103,0,3.51570624464633e-16,0.0100810788706265,14.4865552684936,12.8832227315064,13.684889,-0.135758527827776,27.5428792845024,13.5553332,13.2678108664956,-3.27248565655339,-2.81088470615372
"3477563","2008-06-25",26.0129769981354,0.0199677419354835,0.00665591397849485,0.00725917742814412,14.5348217094354,12.7094006238979,13.6221111666667,-0.0343686676250522,28.7285521808267,13.4917332,13.1712134176296,-3.43211391248902,-2.93513054742078
"3477562","2008-06-26",28.032642951577,0,0.00665591397849485,0.00443727598566174,14.5915510868429,12.4772262464904,13.5343886666667,-0.0859247877572204,25.1487122314418,13.4303996,13.0408289619456,-3.73647505612975,-3.09539944916258
"3477561","2008-06-27",30.5121272212061,0,0.00665591397849485,0.00665591397849324,14.676352486327,12.1687581803396,13.4225553333333,-0.1262304856294,20.6600202065998,13.3462664,12.8522744336862,-4.29125031920075,-3.33456962317021
"3477560","2008-06-30",31.8982896601135,0,3.51570624464633e-16,0.00443727598566174,14.7172722140569,11.9322831192764,13.3247776666667,-0.0020154905765907,20.5901766644895,13.2673332,12.6875271758614,-4.69774219938517,-3.6072041384132
"3477559","2008-07-01",33.5378980119435,0,3.51570624464633e-16,0.00221863799283024,14.7925182855605,11.6120363811062,13.2022773333333,-0.0551404010590993,18.4818344143022,13.1762664,12.5029675524132,-5.17488116633369,-3.9207395439973
"3477558","2008-07-02",34.2935010101721,0,3.51570624464633e-16,-1.25912012297983e-15,14.7999439756549,11.3548330243451,13.0773885,0.0282691357011938,17.9348605536701,13.074,12.3314612120914,-5.56119503631005,-4.24883064245985
"3477557","2008-07-03",35.1471714478079,0,3.51570624464633e-16,-1.25912012297983e-15,14.7502932190302,11.1040394476365,12.9271663333333,0.027231753992503,17.1969591221783,12.9613332,12.1672663838126,-5.89123519163788,-4.57731155229546
"3477556","2008-07-07",33.558223697758,0,3.51570624464633e-16,-1.25912012297983e-15,14.6270837853315,10.9530268813352,12.7900553333333,0.132846731760532,16.7930670360198,12.8432,12.0165201993042,-6.13843555282851,-4.88953635240207
"3477555","2008-07-08",32.0827722155688,0.109391331024175,0.0364637770080585,0.0121545923360181,14.5231825528813,10.8395944471188,12.6813885,0.21427265939782,25.8718786635181,12.7486664,11.9267615060637,-6.06824903915283,-5.12527888975222
"3477554","2008-07-09",30.7127101249646,0.119136882129277,0.0761760710511509,0.037546616019735,14.4344905039623,10.731730829371,12.5831106666667,0.235692451214413,26.0608506059436,12.6531996,11.8498599719218,-5.94501989529288,-5.28922709086035
"3477553","2008-07-10",29.1084731418719,0.111532319391635,0.113353510848362,0.0753311196358557,14.3047762385367,10.6570007614634,12.4808885,0.267651498291584,25.8480703603882,12.5535996,11.7805453089989,-5.79862242899102,-5.39110615848649
"3477552","2008-07-11",27.826146471268,0.0829875518672197,0.104552251129378,0.0980272776762954,14.1395577322842,10.5861086010492,12.3628331666667,0.234984293132109,24.8292845707691,12.4434664,11.7080286011324,-5.6852619841913,-5.44993732362745
"3477551","2008-07-14",26.1800513843514,0.0374132653061217,0.0773110455216591,0.0984056024997981,13.9614008853728,10.5339324479605,12.2476666666667,0.250415401642855,23.476804356816,12.3302664,11.6282914543148,-5.62268502406255,-5.48448686371447
"3477550","2008-07-15",25.3859784611692,0,0.0401336057244475,0.0739989674584931,13.7420130413217,10.4735422920117,12.1077776666667,0.166169772648665,20.3918823015259,12.2177328,11.5156299270728,-5.740563809364,-5.53570225284438
"3477549","2008-07-16",24.6486250325,0.126657366134722,0.0546902104802815,0.0573782872421277,13.4628000659652,10.4819779340348,11.972389,0.207706254145922,27.4144705632439,12.1219996,11.4477686034631,-5.61962748586943,-5.55248729944939
"3477548","2008-07-17",23.4448571066575,0.251420599544047,0.12602598855959,0.0736166015881047,13.2501893641164,10.509366969217,11.8797781666667,0.348059655096584,33.6257403495829,12.0298664,11.418288789668,-5.31053031264269,-5.50409590208805
"3477547","2008-07-18",22.3559902515358,0.468809191647668,0.282295719108813,0.15433730604956,13.0119806486032,10.5915753513968,11.801778,0.467590276406509,42.8089268028498,11.9489332,11.4438502843789,-4.74096623388035,-5.35146996844651
"3477546","2008-07-21",21.3603772816217,0.693182515494284,0.471137435562,0.293153047743466,12.7693542952102,10.7016463714565,11.7355003333333,0.556450429317932,46.7421013019673,11.8812,11.4913369131284,-4.10811930847633,-5.10279983645247
"3477545","2008-07-22",21.9789397390849,0.342855990400032,0.501615899180662,0.418349684617157,12.5581385772237,10.807306089443,11.6827223333333,0.622829759462545,41.3195236921026,11.7952,11.4876026580446,-3.79839520014095,-4.84191890919017
"3477544","2008-07-23",23.4948539530384,0.739290723890517,0.591776409928278,0.521509914890312,12.6689130324993,10.7333096341674,11.7011113333333,1.18827391731254,60.7432652278849,11.7605336,11.6621449703053,-2.59430621699503,-4.39239637075114
"3477543","2008-07-24",23.7644831494678,0.571603251889224,0.551249988726592,0.548214099278509,12.6589590089467,10.7391529910533,11.699056,0.972183469693137,54.1339666885493,11.7320004,11.7525256409313,-1.93801347752519,-3.90151979210595
"3477542","2008-07-25",24.0148531175808,0.611994829878017,0.640962935219253,0.594663111291373,12.7173418713179,10.7099924620154,11.7136671666667,0.935454583018367,55.3929941274866,11.7049336,11.8455222221405,-1.32952080060189,-3.38711999380514
"3477541","2008-07-28",22.9296037465674,0.391677131757327,0.525091737841523,0.572434887262455,12.7418930481201,10.7098856185466,11.7258893333333,0.682468492947956,47.70136907257,11.6616004,11.8461192591884,-1.24135048956292,-2.9579660929567
"3477540","2008-07-29",22.3885454367209,0.418603626429311,0.474091862688219,0.54671551191633,12.7795500484328,10.7040059515672,11.741778,0.74218484882707,48.6400181222375,11.6302668,11.8564140246299,-1.10890276168379,-2.58815342670212
"3477539","2008-07-30",21.9226028665702,0.478581447781034,0.429620735322558,0.476268111950765,12.849377438483,10.7266235615171,11.7880005,0.769985531319572,50.7599736527317,11.6137336,11.887114821346,-0.88297663135023,-2.24711806763174
"3477538","2008-07-31",21.3465160983709,0.455323242782759,0.450836105664368,0.45151623455838,12.8936082890895,10.7605033775772,11.8270558333333,0.690461408847738,49.8998296933601,11.5929336,11.9052768451665,-0.738359868104266,-1.94536642772624
"3477537","2008-08-01",20.8115783850429,0.484698935865518,0.472867875476437,0.45110823882112,12.9224372138196,10.8376741195138,11.8800556666667,0.683845509535435,51.0285576006516,11.5893336,11.9316839324776,-0.563245790612044,-1.6689423003034
"3477536","2008-08-04",19.9141242867883,0.373332,0.437784726216093,0.453829569118965,12.9368223888146,10.8861776111854,11.9115,0.577292762612566,48.6201657223441,11.6018668,11.9327927414806,-0.528625882811251,-1.44087901680497
"3477535","2008-08-05",20.1249369113451,0.355263157894737,0.404431364586752,0.438361322093093,12.9786119714253,10.914388361908,11.9465001666667,0.685246322913025,50.1206957423411,11.6186668,11.9466430426165,-0.431002926731583,-1.2389037987903
"3477534","2008-08-06",20.5584655782578,0.296901152035394,0.341832103310044,0.394682731370961,13.0241879880764,10.9485903452569,11.9863891666667,0.700344304738075,50.6557731524839,11.6493336,11.9630906369343,-0.327424627845863,-1.05660796460141
"3477533","2008-08-07",20.6109152282578,0.231650141435101,0.294604817121744,0.346956095006179,13.0432239925049,10.9861100074951,12.014667,0.589554104119863,48.4181759893919,11.6781336,11.9595678853431,-0.331324453477067,-0.91155126237654
"3477532","2008-08-08",20.6596184746864,0.282219307604217,0.270256867024904,0.302231262485563,13.0511564801426,11.0601771865241,12.0556668333333,0.593141685230502,50.2522205708326,11.7157336,11.9702921672973,-0.261809228725218,-0.781602855646276
"3477531","2008-08-11",22.5817261872162,0.56515437019858,0.359674606412633,0.308178763519759,13.2810490433254,11.0377292900079,12.1593891666667,1.08274386939271,64.6274263332141,11.7997336,12.1258092116577,0.520161577997946,-0.521249968917432
"3477530","2008-08-12",24.0285674915627,0.505123711385488,0.450832463062762,0.360254645500098,13.3734020713677,11.1745989286324,12.2740005,0.970660369673926,62.2146613263372,11.8660004,12.2423679834367,1.02966560357418,-0.211066854419109
"3477529","2008-08-13",25.5083355657594,0.620788256532567,0.563688779372212,0.458065282949201,13.486344059666,11.3045452736674,12.3954446666667,1.0200076227381,64.931287112862,11.9425336,12.3784962523118,1.58146081988757,0.147438680442227
"3477528","2008-08-14",27.4203356843704,0.656400066824723,0.594104011580927,0.536208418005299,13.7389948624615,11.3074498042052,12.5232223333333,1.11510999419407,68.8945761525748,12.0372004,12.5542527520035,2.26354416983043,0.570659778319868
"3477527","2008-08-15",29.5716902947782,0.721767226111677,0.666318516489656,0.60803710248093,14.1164004903183,11.2144888430151,12.6654446666667,1.15554557289889,73.1870808450994,12.1584004,12.7825750517364,3.11526551403429,1.07958092546275
"3477526","2008-08-18",31.0175505216099,0.652577992348446,0.676915095094949,0.645779207721842,14.342877028927,11.2289013044063,12.7858891666667,0.973742988761964,69.2168220256972,12.2758672,12.9511210448382,3.59366800120415,1.58239834061103
"3477525","2008-08-19",31.7012195824591,0.568039760865733,0.647461659775286,0.663565090453296,14.4641056450565,11.3106726882768,12.8873891666667,0.829922187742477,64.5326877082869,12.3954672,13.0607489055265,3.75122129297161,2.01616293108315
"3477524","2008-08-20",32.3768394339535,0.561854187478544,0.594157313564241,0.639511356144824,14.5723110689865,11.2919112643468,12.9321111666667,0.803519558375701,64.1903937660931,12.5053336,13.1530930514563,3.81492429973189,2.3759152048129
"3477523","2008-08-21",33.1945404683008,0.623709921350434,0.584534623231571,0.608717865523698,14.7194341175988,11.2964545490679,13.0079443333333,0.825527992311362,66.1253829320007,12.6144,13.2597913112621,3.93735440567387,2.68820304498509
"3477522","2008-08-22",34.3913289578197,0.667008935060758,0.617524347963246,0.598738761586351,14.8949426540685,11.2990570125981,13.0969998333333,0.853706140891967,67.4512384028226,12.7137332,13.3709298030938,4.06668580877751,2.96389959774358
"3477521","2008-08-25",35.0823566522145,0.617524347963245,0.636081068124813,0.612713346439875,14.990678977261,11.407876022739,13.1992775,0.763185699009733,64.3512817405557,12.7990664,13.4459164960146,4.02230744669942,3.17558116753475
"3477520","2008-08-26",35.8566469094383,0.670101721754352,0.651545001592785,0.635050139226946,15.0982174389178,11.5057818944156,13.3019996666667,0.777496140891273,66.1322869440547,12.9046664,13.5335716298794,4.03882212545441,3.34822935911868
"3477519","2008-08-27",37.0534308657838,0.818757448637986,0.702127839451862,0.663251303056485,15.2825161949096,11.5674828050904,13.4249995,0.875800256284625,70.9709791686518,12.9779996,13.6797620792288,4.30838803602218,3.54026109449938
"3477518","2008-08-28",38.4950171133087,0.676843511450382,0.721900893947574,0.691857911664072,15.4683316705643,11.663889662769,13.5661106666667,0.891500951680905,72.1376364222412,13.0753328,13.8255711353316,4.54442171247287,3.74109321809408
"3477517","2008-08-29",39.5753590981162,0.641221374045802,0.712274111378057,0.712100948259163,15.5891202207101,11.8084347792899,13.6987775,0.822134487393155,70.1603415440426,13.1645328,13.9394949839541,4.61635033686598,3.91614464184846
"3477516","2008-09-02",40.8025626112768,0.704166666666666,0.674077184054284,0.702750729793303,15.6960311185154,12.0135235481513,13.8547773333333,0.862584273846131,72.534691515679,13.288666,14.0746729860935,4.76887403821509,4.08669052112178
"3477515","2008-09-03",41.9448550599621,0.788492385786802,0.711293475499757,0.699214923644031,15.8248115667607,12.1907430999059,14.0077773333333,0.880045857490951,74.8718216963454,13.4217328,14.2313832546144,4.99227826977044,4.26780807085152
"3477514","2008-09-04",41.975462492852,0.597562377831436,0.696740476761635,0.694037045438557,15.865654955949,12.4226777107177,14.1441663333333,0.786332708520055,67.5042999652152,13.5341328,14.3200881539991,4.90620687564607,4.39548783181043
"3477513","2008-09-05",42.0038836805354,0.67247326664367,0.686176010087303,0.698069987449563,15.8198959979556,12.7662143353778,14.2930551666667,0.789359402071426,68.8436404699095,13.6547996,14.4160764001326,4.85832048771342,4.48805436299103
"3477512","2008-09-08",42.2939106983175,0.757364792496387,0.675800145657165,0.686238877502033,15.7226891987297,13.1758658012703,14.4492775,0.859773342580682,70.401851092204,13.7790664,14.5219328801149,4.85444450085097,4.56133239056301
"3477511","2008-09-09",43.0302471132375,0.673210837011449,0.701016298717169,0.687664151487211,15.8422171089099,13.2708928910901,14.556555,0.91055304993591,71.6875230812175,13.9155996,14.6327858294329,4.86925963849041,4.62291784014849
"3477510","2008-09-10",43.866075411492,0.706216101694915,0.712263910400917,0.696360118258415,15.9487132424687,13.4166187575313,14.682666,0.953554954932246,73.7970260128035,14.0581328,14.7617477188419,4.95312714077831,4.68895970027446
"3477509","2008-09-11",43.9372773923424,0.608758474576271,0.662728471094212,0.692002893404098,15.9870866345578,13.5805790321088,14.7838328333333,0.819758183691961,68.6601046823188,14.1901328,14.8428480229963,4.83345040933014,4.71785784208559
"3477508","2008-09-12",43.7619514196267,0.574860169491525,0.629944915254237,0.668312432249787,16.0329537206054,13.6742672793946,14.8536105,0.737773373999401,66.9153411113944,14.324266,14.9024682865968,4.63921494695687,4.70212926305985
"3477507","2008-09-15",42.3475988915543,0.33637899543379,0.506665879833862,0.599779755394102,16.0510277312915,13.7026376020418,14.8768326666667,0.566169017119957,57.9887956157894,14.436266,14.8941391817172,4.19306878928252,4.60031716830438
"3477506","2008-09-16",42.120347688339,0,0.303746388308439,0.480119061132178,16.0595602909249,13.7755490424085,14.9175546666667,0.5691759582048,52.0608068420916,14.4901324,14.8393646241549,3.60522272693284,4.40129828003008
"3477505","2008-09-17",41.9093287139247,0.532232044198894,0.289537013210895,0.366649760451064,16.0981665419369,13.9123874580631,15.005277,0.809704827138145,63.0482372939595,14.5879992,14.9203386742676,3.6198197885781,4.24500258173968
"3477504","2008-09-18",42.3229247725493,0.52135339807541,0.351195147424769,0.314826182981366,16.1712352313059,14.0489854353608,15.1101103333333,0.930831941530606,64.9916324137967,14.6839992,15.0194041843652,3.70211433610317,4.13642493261238
"3477503","2008-09-19",43.1560556104109,0.608335714285714,0.55397371885334,0.398235293163,16.3663745309387,14.0968464690613,15.2316105,1.08188874397122,69.2047156606546,14.7835992,15.1750396264499,3.99536916839356,4.10821377976862
"3477502","2008-09-22",43.8768659889788,0.601192857142857,0.576960656501328,0.49404317425981,16.4987664864416,14.1653438468917,15.3320551666667,0.948150633155356,68.8636414262273,14.8595992,15.3072570095899,4.16128283481585,4.11882759077806
"3477501","2008-09-23",43.70172441876,0.485714285714286,0.565080952380953,0.565338442578538,16.5030182295615,14.3552031037719,15.4291106666667,0.804597600360417,63.4215688768422,14.9314656,15.3787334083112,4.07118999139093,4.10930007090064
"3477500","2008-09-24",43.1883251781915,0.435714285714285,0.507540476190476,0.549860695024251,16.4629273708076,14.5526272958591,15.5077773333333,0.690777706312173,61.167594223702,15.0086656,15.4220129538697,3.88001752523273,4.06344356176705
"3477499","2008-09-25",42.7115973119492,0.435714285714285,0.452380952380953,0.508334126984126,16.4678878895268,14.6480001104732,15.557944,0.646437234427674,61.167594223702,15.0866656,15.4595218933538,3.68509324389052,3.98777349819175
"3477498","2008-09-26",41.7468487787566,0.365478571428571,0.412302380952381,0.457407936507935,16.4697957336692,14.7076482663308,15.588722,0.546756207899994,57.8198929612789,15.1487992,15.4658083075733,3.38858774766284,3.86793634808597
"3477497","2008-09-29",39.5962944540639,0.173810714285714,0.325001190476191,0.396561507936506,16.4451909750194,14.7708086916472,15.6079998333333,0.317379517785999,49.8085525634898,15.183866,15.3997005332302,2.8408412876394,3.66251733599665
"3477496","2008-09-30",38.1922049492118,0.215478571428571,0.251589285714286,0.329630952380951,16.4405307543564,14.8071362456436,15.6238335,0.428269931498456,51.3855459678249,15.2299996,15.3579631287995,2.43979225880142,3.41797232055761
"3477495","2008-10-01",37.1911717526324,0.398810714285714,0.2627,0.27976349206349,16.4692091824288,14.8314578175712,15.6503335,0.663978797858211,57.6851732523574,15.2898664,15.3902347116262,2.36439183298869,3.20725622304382
"3477494","2008-10-02",34.8188192238526,0.0130964285714283,0.209128571428572,0.241139285714284,16.4839469783968,14.8009420216032,15.6424445,0.101771127315284,44.5926228876402,15.2854664,15.2742034167427,1.71653100634008,2.90911117970308
"3477493","2008-10-03",33.3867226783575,0,0.137302380952381,0.203043650793649,16.5854695212348,14.6226418120986,15.6040556666667,-0.108899936099147,39.5767232232563,15.2529332,15.0989762945104,0.891765036594316,2.50564195108132
"3477492","2008-10-06",33.9112494582119,0,0.00436547619047637,0.116932142857141,17.1317652221861,13.7902347778139,15.461,-0.384791180534071,27.5145042139761,15.1430664,14.676890121909,-0.86632159505573,1.83124924185391
"3477491","2008-10-07",34.4657403135113,0,2.89120579329468e-16,0.0472226190476174,17.4962484973286,13.0778625026714,15.2870555,-0.213773197682043,27.076000243903,15.0182664,14.2977487723211,-2.33254990627474,0.998489412228183
"3477490","2008-10-08",35.2873467371147,0,2.89120579329468e-16,0.00145515873015715,17.7644637160038,12.3984252839962,15.0814445,-0.12663630583465,25.0814729656038,14.8630664,13.907382269345,-3.75970644781886,0.0468502402187754
"3477489","2008-10-09",36.4683740815967,0,2.89120579329468e-16,-1.54448213477802e-15,18.0312650862589,11.6915129137411,14.861389,-0.0850647731539955,22.3629267343584,14.6935996,13.4743979667656,-5.30144370078613,-1.02280854798221
"3477488","2008-10-10",38.0395476175407,0,2.89120579329468e-16,-1.54448213477802e-15,18.3422585292255,10.8635198041078,14.6028891666667,-0.0827777463814783,19.2780780669449,14.4794664,12.9693675711969,-7.1093533905855,-2.24011751650287
"3477487","2008-10-13",38.4299056779897,0.190197962154294,0.0633993207180983,0.0211331069060311,18.4102966410823,10.4265923589177,14.4184445,0.114826101854784,32.6998131709585,14.3107996,12.7058958950373,-7.69842975641967,-3.33177996448623
"3477486","2008-10-14",38.3311591527843,0.239688500727802,0.143295487627366,0.0688982694484863,18.40026524552,10.09662375448,14.2484445,0.190149054551194,35.6959160986971,14.1499996,12.5228871090323,-7.88200789983109,-4.2418255515552
"3477485","2008-10-15",38.7407830353052,0.120328966521106,0.183405143134401,0.130033317159953,18.3404337613681,9.68856590529859,14.0144998333333,0.151963034638708,31.996275738217,13.9465328,12.2549461611614,-8.48733340275235,-5.09092712179463
"3477484","2008-10-16",39.3141438886472,0.0698689956331878,0.143295487627366,0.156665372796376,18.2184358757139,9.25800845761945,13.7382221666667,0.138484637448739,30.5545221649703,13.7383996,11.9765093396732,-9.12971997248868,-5.89868569193344
"3477483","2008-10-17",38.4627914759733,0.0776317321688502,0.0892765647743817,0.138659065178714,17.9049255074958,9.0035188258375,13.4542221666667,0.209933617722058,31.0691082484883,13.5355996,11.7423080943834,-9.52995498584268,-6.62493955071529
"3477482","2008-10-20",37.672249949919,0.161572052401747,0.103024260067929,0.11186543748989,17.5410570891637,8.83972057750296,13.1903888333333,0.259890276947669,36.5445997903458,13.3738664,11.6162230151323,-9.36504158405151,-7.17295995738253
"3477481","2008-10-21",36.9381756757258,0.247172859450727,0.162125548007108,0.118142124283138,17.1613614878159,8.74775017885081,12.9545558333333,0.31127178627311,40.2662504695883,13.2432,11.5629492797813,-8.84864993505375,-7.50809795291678
"3477480","2008-10-22",36.6394302882384,0.185053380782918,0.197932764211798,0.154360857428943,16.7780921826903,8.6367978173097,12.707445,0.281675789267009,37.5027377639307,13.0544,11.4514453758105,-8.68784301043062,-7.74404696441955
"3477479","2008-10-23",36.7046285773539,0.14309595959596,0.191774066609869,0.183944126276256,16.3481502972028,8.54940636946388,12.4487783333333,0.269492581114337,35.0035752930984,12.838,11.2916966590358,-8.80676818834266,-7.95659120920417
"3477478","2008-10-24",36.9323882182625,0.10721905299574,0.145122797791539,0.178276542871067,15.8909877907859,8.46779054254742,12.1793891666667,0.244576480556731,33.7745964550154,12.5910664,11.1212477711643,-8.98908156717372,-8.16308928079808
"3477477","2008-10-27",37.3868834321463,0,0.0834383375305667,0.140111733977323,15.4464719254229,8.38652874124374,11.9165003333333,0.234834457186313,31.9777626071841,12.3306664,10.9259707350091,-9.30962816420289,-8.39239705747904
"3477476","2008-10-28",37.9449421277771,0,0.0357396843319135,0.0881002732180047,14.8573462944083,8.41654270559175,11.6369445,0.232736584351741,30.9662766941932,12.0750664,10.7296186370079,-9.63158654255518,-8.64023495449427
"3477475","2008-10-29",37.2953929561056,0.371559206927515,0.123853068975839,0.0810103636127711,13.9470913141594,8.82224168584059,11.3846665,0.400224096883846,41.5426445724635,11.8682664,10.7034468187402,-8.98961889831132,-8.71011174325768
"3477474","2008-10-30",35.659769089037,0.479359542018874,0.28363958298213,0.147744112096625,13.1672051045897,9.23790589541028,11.2025555,0.532435257929861,44.213093623289,11.674,10.7225432429081,-8.15208953925852,-8.59850730245785
"3477473","2008-10-31",33.253186176491,0.479592802239699,0.443503850395363,0.283665500784442,12.4163796554561,9.72784267787719,11.0721111666667,0.77073913163067,46.9611282065814,11.5008,10.783093477187,-7.15751411785179,-8.31030866553664
"3477472","2008-11-03",31.0491955678404,0.657216494845361,0.538722946367978,0.421955459915155,12.4013588072979,9.73708552603541,11.0692221666667,1.01700445909736,53.1826219717827,11.3821332,10.9457916802288,-5.69058398171003,-7.78636372877132
"3477471","2008-11-04",29.0026328598078,0.758592783505155,0.631800693530072,0.538009163431136,12.5404850307054,9.65529330262793,11.0978891666667,1.05759928107285,55.8371271847573,11.2745332,11.1392421228649,-4.19944098142799,-7.06897917930265
"3477470","2008-11-05",27.3067113093272,0.638317010309278,0.684708762886598,0.618410800928214,12.6233809530639,9.62217504693613,11.122778,0.864483044776506,52.0653037521502,11.1277332,11.2446765064829,-3.32161472851115,-6.31950628914435
"3477469","2008-11-06",26.8686959900691,0.336770618556701,0.577893470790378,0.631467642402348,12.6222706477602,9.62117401890646,11.1217223333333,0.503128078775075,44.034140182646,10.9773332,11.1800529722852,-3.42449459678028,-5.74050395067154
"3477468","2008-11-07",26.9399642563021,0.182131443298969,0.38573969072165,0.549447308132874,12.6102143993867,9.65578560061325,11.133,0.275591139554544,40.5774174943068,10.8253332,11.0440459093139,-3.90060802536037,-5.37252476560931
"3477467","2008-11-10",27.0061419320899,0.20189175257732,0.240264604810997,0.401299255441006,12.5918073223853,9.58319334428134,11.0875003333333,0.282569757560285,41.2124837362106,10.7574668,10.936395788072,-4.18453882233538,-5.13492757695452
"3477466","2008-11-11",26.3793126165178,0.142613402061856,0.175545532646049,0.267183276059563,12.5296851967976,9.52231580320235,11.0260005,0.306992837471351,39.837043694228,10.6844004,10.8124323496624,-4.53660872513324,-5.01526380659027
"3477465","2008-11-12",25.7972568234865,0.176976804123712,0.173827319587629,0.19654581901489,12.5220310514286,9.47908128190477,11.0005561666667,0.333676901800277,41.0649666950396,10.6352004,10.7227747030408,-4.67163299121541,-4.9465376435153
"3477464","2008-11-13",25.5434636239152,0.101376288659794,0.140322164948454,0.163231672394042,12.527114759821,9.45533090684563,10.9912228333333,0.278955964189245,39.1708020904284,10.6026672,10.6059607426353,-4.95071293643694,-4.94737270209962
"3477463","2008-11-14",25.3077985100276,0.233677835051546,0.170676975945018,0.161608820160365,12.5224221062916,9.43680122704177,10.9796116666667,0.389937331915762,44.0357869222367,10.6296004,10.5731659769506,-4.73375879295875,-4.90464992027145
"3477462","2008-11-17",25.2324717175087,0.108028887244527,0.147694336985289,0.152897825959585,12.5061610810701,9.38461725226323,10.9453891666667,0.330620403771354,43.0486216184543,10.5988004,10.5265211800239,-4.61482062727406,-4.84668406167197
"3477461","2008-11-18",25.6563590289845,0,0.113902240765358,0.14409118456522,12.4745785809229,9.28419941907713,10.879389,0.238989539772579,39.5979338674057,10.5346672,10.4203183560207,-4.84814256393241,-4.84697576212406
"3477460","2008-11-19",26.4296399679267,0,0.0360096290815091,0.0992020689440501,12.5045245844784,9.11880874885496,10.8116666666667,0.134904386542413,36.8870158625707,10.486534,10.2722759085513,-5.30983287321019,-4.93954718434129
"3477459","2008-11-20",27.8807829049153,0,2.77555756156289e-16,0.0499706232822872,12.6307794101651,8.80422092316818,10.7175001666667,-0.00952315854886692,31.5042180942281,10.413334,10.0141951207444,-6.39825318865656,-5.23128838520434
"3477458","2008-11-21",29.4219049205417,0,2.77555756156289e-16,0.0120032096938346,12.7708275269189,8.48339547308114,10.6271115,-0.00182832201561169,30.0487369237647,10.3260008,9.75052510464517,-7.46665281139353,-5.67836127044218
"3477457","2008-11-24",28.8378555675446,0.27699738919873,0.0923324630662436,0.0307774876887461,12.7750696382112,8.45248636178877,10.613778,0.306596824196932,42.5857635964093,10.2682672,9.69756575735915,-7.17043830920918,-5.97677667819558
"3477456","2008-11-25",28.4012635379229,0.311901497656816,0.196299628951849,0.0962106973393623,12.7875936887347,8.40018464459865,10.5938891666667,0.254727109058073,41.8495862567011,10.1889336,9.63566765637793,-6.95986639296228,-6.17339462114892
"3477455","2008-11-26",26.6520002453263,0.450360514765807,0.346419800540451,0.211683964186179,12.760788755723,8.37732324427695,10.569056,0.456110220821639,45.7753830804457,10.1478668,9.6442453021942,-6.3324772202779,-6.20521114097472
"3477454","2008-11-28",25.2175312094252,0.836471606568156,0.53291120633026,0.358543545274185,12.7830504001554,8.37261659984459,10.5778335,0.710346617892317,56.5588191097093,10.1894668,9.86412326190164,-4.46553262072457,-5.85727543692469
"3477453","2008-12-01",24.2526544987617,0.479450752954412,0.588760958096125,0.489363988322277,12.6406087099972,8.37372429000281,10.5071665,0.471758511643298,47.655231996886,10.1850668,9.86935082698142,-4.08091842749825,-5.5020040350394
"3477452","2008-12-02",23.3566975531456,0.5573634908934,0.624428616805323,0.582033593743901,12.354687857626,8.47353447570736,10.4141111666667,0.544173853267106,49.522729821623,10.2070668,9.91432671671723,-3.48864400725122,-5.09933202948176
"3477451","2008-12-03",21.7575317943035,0.516049382716049,0.51762120885462,0.576936927918687,11.9622618447232,8.6732938219435,10.3177778333333,0.640538155676368,49.0259569257285,10.2340004,9.94263915448827,-3.04877336282029,-4.68922029614947
"3477450","2008-12-04",20.2725921610929,0.633743209876543,0.569052027828664,0.5703672844962,11.6752066125035,8.82668205416312,10.2509443333333,0.720834442691213,52.1085400598534,10.2368004,10.0307312672232,-2.28959188819361,-4.2092946145583
"3477449","2008-12-05",19.0725759359113,0.585185185185185,0.578325925925926,0.554999720869735,11.6315201716973,8.84236882830265,10.2369445,0.720199178071789,50.7450517291935,10.2192004,10.0808564315934,-1.82594619721872,-3.73262493109038
"3477448","2008-12-08",18.60775866435,0.790557182874612,0.66982852597878,0.605735493244455,11.854764777648,8.75234655568531,10.3035556666667,0.983064358008624,57.398708999143,10.2320004,10.2696315740476,-0.592344071241724,-3.10456875912065
"3477447","2008-12-09",18.6567322183938,0.770113590263692,0.715285319441163,0.654479923781954,12.1528502555785,8.63203841108812,10.3924443333333,1.01654724733803,59.2305796334879,10.2252004,10.4781246975079,0.620983359083183,-2.35945833547988
"3477446","2008-12-10",18.5028032888781,0.737659229208925,0.76611000078241,0.717074615400782,12.3591263892193,8.57831761078071,10.468722,0.897372120105071,57.955090463233,10.1962668,10.6374854045069,1.42578070464816,-1.60241052745427
"3477445","2008-12-11",18.1594742002806,0.705882352941176,0.737885057471265,0.739760125898277,12.499356640949,8.56164335905102,10.5305,0.804619266935348,56.6683406564541,10.1797336,10.7547100172393,1.91307954575191,-0.899312512813039
"3477444","2008-12-12",17.200788985253,0.473214333545833,0.638918638565312,0.714304565606327,12.5870334452156,8.58318855478434,10.585111,0.704636382216364,52.5262577210266,10.1893336,10.7874153482741,1.88810493810663,-0.341829022629106
"3477443","2008-12-15",16.4385077988526,0.564285599490001,0.581127428659004,0.652643708231858,12.6937640678727,8.57945793212726,10.636611,0.751169690806871,54.8642819394285,10.2365336,10.8610933018375,2.09534527751376,0.145605837399468
"3477442","2008-12-16",15.7306752686237,0.580612672844211,0.539370868626682,0.58647231195033,12.8205642791416,8.59076938752501,10.7056668333333,0.758195301344568,56.6018723361091,10.2909336,10.9591701949258,2.41712897963555,0.599910465846685
"3477441","2008-12-17",15.3752064434,0.600651576383947,0.58184994957272,0.567449415619466,12.9641244005479,8.64054226611872,10.8023333333333,0.772381395037106,57.6061440370119,10.3604,11.0637248356024,2.74202721631203,1.02833381593975
"3477440","2008-12-18",15.6511344383504,0.708289872669674,0.629851373965944,0.58369073072178,13.1347420580958,8.75214694190416,10.9434445,0.831843453808202,60.0073333541607,10.4386668,11.2014508575221,3.2102799646466,1.46472304568112
"3477439","2008-12-19",16.0375819118347,0.708565536297078,0.672502328450233,0.628067883996297,13.1871556715081,9.07706632849191,11.132111,0.842814689027177,61.0386140636193,10.5348,11.3412574098525,3.63826500008084,1.89943143656107
"3477438","2008-12-22",16.3064654917198,0.69076905621592,0.702541488394224,0.668298396936798,13.0567150069396,9.60128499306035,11.329,0.813806577563794,60.4546909482147,10.6082668,11.4553124218721,3.8854629311921,2.29663773548727
"3477437","2008-12-23",16.5561431016131,0.712882731000567,0.704072441171189,0.69303875267188,13.1065430960701,9.82201223726319,11.4642776666667,0.810258109038894,61.5442165690986,10.6930668,11.5737147656225,4.12849830685873,2.66300984976156
"3477436","2008-12-24",16.8814844740065,0.711656961121377,0.705102916112622,0.703905615226009,13.0513198271674,10.1760135061659,11.6136666666667,0.810189559103863,61.5027827966812,10.7974668,11.6758861302062,4.2623197455008,2.98287182890941
"3477435","2008-12-26",17.3025668974687,0.761384240791587,0.728641310971177,0.712605556084994,13.1275069430663,10.3341600569337,11.7308335,0.854116360643943,63.6900194011262,10.9297336,11.801323979512,4.49891254168804,3.28607997146514
"3477434","2008-12-29",16.354374745929,0.425430809153547,0.632824003688837,0.68885607692421,13.1652070249119,10.3590156417548,11.7621113333333,0.631494476421467,55.011612757979,11.0724,11.8149247822438,4.14858100539925,3.45858017825196
"3477433","2008-12-30",15.9035004986284,0.47409964536836,0.553638231771165,0.638367848810391,13.1268537312627,10.5883696020706,11.8576116666667,0.67296083449341,55.9480745728203,11.2312,11.8404908112779,3.89605022674666,3.5460741879509
"3477432","2008-12-31",16.3738512259663,0.63506411030635,0.511531521609419,0.565997919023138,13.1866792257595,10.7642107742405,11.975445,0.899088100704534,61.195071306424,11.3622668,11.9457587031075,4.06881851297107,3.65062305295494
"3477431","2009-01-02",17.1262779645408,0.731848089170856,0.613670614948522,0.5596134561097,13.3227760243548,10.8838913089785,12.1033336666667,1.0061506155733,64.5062240575303,11.5162668,12.0974348760265,4.44978741751398,3.81045592586675
"3477430","2009-01-05",17.8249599360742,0.734041577072371,0.700317925516526,0.608506687358154,13.4297885238927,11.0255458094406,12.2276671666667,0.973745638555285,65.1883720440521,11.6554668,12.2417768925563,4.74902110604569,3.99816896190253
"3477429","2009-01-06",18.7166955904735,0.683685106382979,0.716524924208735,0.676837821557926,13.4969116238215,11.2184223761785,12.357667,0.97989824886429,65.3613913401961,11.7318668,12.3699839735488,4.93416526019295,4.18536822156062
"3477428","2009-01-07",18.7280043193547,0.482603683498689,0.633443455651346,0.683428768458867,13.5633984117911,11.2741579215422,12.4187781666667,0.764571809986702,59.9094187279608,11.8480004,12.4282087770756,4.7625579247033,4.30080616218915
"3477427","2009-01-08",18.7385052818873,0.477977233353236,0.548088674411635,0.632685684757237,13.6304897735075,11.2892888931591,12.4598893333333,0.744935838190301,60.5643108595284,11.9549336,12.4884476067989,4.61832373952258,4.36430967765584
"3477426","2009-01-09",19.1452381410212,0.507340922215588,0.489307279689171,0.556946469917382,13.7066708992297,11.332885767437,12.5197783333333,0.773450051553933,61.1238937516093,12.0674668,12.548654592559,4.48841808645644,4.38913135941596
"3477425","2009-01-12",18.9856238506905,0.384992218622451,0.456770124730425,0.498055359610408,13.709798612434,11.438424387566,12.5741115,0.606787848524061,57.4649837770214,12.1509336,12.5675006468845,4.17559997001267,4.3464250815353
"3477424","2009-01-13",18.9929222537303,0.375204322335001,0.422512487724347,0.456196630714646,13.650526848131,11.6410294852023,12.6457781666667,0.595545534690416,57.1701449494218,12.2414668,12.5811672272999,3.87001514907865,4.25114309504397
"3477423","2009-01-14",18.4969921104683,0.262643515029314,0.340946685328922,0.406743099261229,13.5988239243313,11.7995100756687,12.699167,0.52145799449905,53.7544555021163,12.2792,12.5623449303266,3.44091977572174,4.08909843117953
"3477422","2009-01-15",17.2329127146637,0.0652559045484357,0.234367913970917,0.33260902900806,13.5431775116974,11.9130454883026,12.7281115,0.284409179774221,48.3042621348444,12.2873336,12.4922549396164,2.80930262927936,3.83313927079949
"3477421","2009-01-16",16.1528458294475,0.210439770180195,0.179446396585982,0.251586998628605,13.5019145883187,12.0154197450147,12.7586671666667,0.387280357936363,52.147401379793,12.3137336,12.4710649476675,2.47178706289399,3.56086882921839
"3477420","2009-01-20",16.238488604619,0,0.0918985582428773,0.16857095626659,13.5486155450823,11.9219411215844,12.7352783333333,0.00495625408040256,42.6357145596197,12.3133336,12.3424789546452,1.64736844193023,3.17816875176076
"3477419","2009-01-21",16.3471878235139,0,0.0701465900600654,0.113830514962973,13.6103386071284,11.7829960595383,12.6966673333333,-0.00771943911496611,42.4340511425915,12.3328004,12.2283710940258,0.965278395687541,2.73559068054612
"3477418","2009-01-22",16.4481228124877,0.088073170731707,0.029357723577236,0.0638009572933906,13.6440642636606,11.6961587363394,12.6701115,0.095518628111534,45.4444624827724,12.3473336,12.1583656148224,0.558898310509948,2.30025220653888
"3477417","2009-01-23",16.7107886930787,0.0460691056910567,0.0447140921409216,0.0480728019260721,13.684503673552,11.5827196597813,12.6336116666667,0.0811756452776236,44.2557888371467,12.3474668,12.0839168661794,0.164479776792481,1.8730977205896
"3477416","2009-01-26",16.1330028479901,0.15040650406504,0.0948495934959351,0.0563071364046953,13.6915997751887,11.5292902248113,12.610445,0.237215392418031,47.9011704145481,12.3520004,12.0536172840221,0.0225152450253452,1.50298122547675
"3477415","2009-01-27",15.1416758567623,0.303738317757009,0.166737975837703,0.102100553824851,13.6775653278651,11.5013246721349,12.589445,0.366999237467356,51.6181747920675,12.3536004,12.0646909794859,0.096654153429343,1.22171581106727
"3477414","2009-01-28",14.596349177921,0.47196261682243,0.30870247954816,0.190096682960597,13.6836217400445,11.5480462599555,12.615834,0.520161310335986,55.9679167316669,12.3634672,12.1222881822211,0.391275921072554,1.05562783306833
"3477413","2009-01-29",14.3575125257399,0.129280373831776,0.301660436137072,0.259033630507643,13.6885940116092,11.5240733217241,12.6063336666667,0.269154281745456,46.7479142235893,12.3461336,12.0744270912583,0.133154302783378,0.871133127011337
"3477412","2009-01-30",14.6391783239618,0,0.200414330218069,0.270259081967765,13.6881963432377,11.3954709900956,12.5418336666667,0.111985651873145,43.2272820345602,12.3094672,11.9880594790905,-0.295318237800613,0.637842854048947
"3477411","2009-02-02",15.0546948238685,0,0.0430934579439255,0.18172274143302,13.6119821883607,11.2961298116393,12.454056,0.123537028771698,42.1442721168396,12.2686672,11.8989848818784,-0.701911859363358,0.369891911366486
"3477410","2009-02-03",14.964232243566,0.205296697511089,0.0684322325036966,0.103980006888561,13.4815086639965,11.2830476693369,12.3822781666667,0.294779999389286,47.6204275853843,12.2333336,11.8768975642946,-0.736441373189389,0.148625254455311
"3477409","2009-02-04",15.5406747949047,0,0.0684322325036966,0.059985974317104,13.3272170754364,11.2475615912303,12.2873893333333,0.147029998201731,42.9271490437932,12.2088004,11.798644555722,-1.05501881740653,-0.0921035599170566
"3477408","2009-02-05",16.0902283024564,0,0.0684322325036966,0.0684322325036943,13.2439230710567,11.1822999289433,12.2131115,0.172965690854215,42.8246230115881,12.1797336,11.7294919482924,-1.30189411055485,-0.334061670044615
"3477407","2009-02-06",16.6005279880401,0.215266566079386,0.0717555220264624,0.0695399956779496,13.1253683024488,11.1742993642179,12.1498338333333,0.304182299329842,47.7521663641186,12.1404004,11.7184490218534,-1.23174111725688,-0.513597559487068
"3477406","2009-02-09",17.1876605417247,0.174170595245784,0.12981238710839,0.0900000472128475,12.9501835959915,11.2015954040085,12.0758895,0.279315582459107,46.9207967637413,12.080134,11.699545152273,-1.21062120311265,-0.653002288212184
"3477405","2009-02-10",19.3143150819269,0,0.12981238710839,0.110460098747745,12.9495402761764,10.9979050571569,11.9737226666667,-0.115070201115626,34.710509846568,11.9634672,11.5080497986366,-2.08644300731441,-0.939690432032629
"3477404","2009-02-11",21.2890657264003,0.102941176470588,0.0923705905721242,0.117331788262966,12.8712785951285,10.8848334048715,11.878056,0.0199401064052007,38.3915161015992,11.8570672,11.3794204921517,-2.5671972589019,-1.26519179740648
"3477403","2009-02-12",23.1227627534113,0.258580882352941,0.120507352941177,0.114230110207228,12.7586127846944,10.837499548639,11.7980561666667,0.156305440889878,43.5716019464763,11.7834672,11.3243870931981,-2.62234954772667,-1.53662334747052
"3477402","2009-02-13",24.5767163253285,0.338235294117647,0.233252450980392,0.148710131497896,12.689118865526,10.8004374678073,11.7447781666667,0.27038574786065,46.0707662103965,11.7156004,11.3055794807717,-2.48388044319648,-1.72607476661571
"3477401","2009-02-17",26.2975019966308,0.212011029411765,0.269609068627451,0.207789624183005,12.5688216606753,10.7730680059914,11.6709448333333,0.190101424241316,42.8333618932974,11.6316004,11.2435022166688,-2.59115434672038,-1.89909068263665
"3477400","2009-02-18",28.0665110667065,0.160739130434783,0.236995151321398,0.246618890309745,12.5823712431601,10.6442957568399,11.6133335,0.0688729158223797,41.286328729461,11.5508004,11.1670352544463,-2.76959975571132,-2.07319249725158
"3477399","2009-02-19",29.8857956901593,0.109855864762957,0.160868674869835,0.222490964939559,12.6111699027338,10.5023857639329,11.5567778333333,0.0642033009650608,39.65325941088,11.4636004,11.0767638871868,-3.01108018926385,-2.26077003565403
"3477398","2009-02-20",31.9803336294749,0,0.0901983317325803,0.162687385974602,12.6487153178538,10.3095073488128,11.4791113333333,0.00828598886618422,35.7603837383322,11.3672004,10.9371953688952,-3.50630014420809,-2.50987605736484
"3477397","2009-02-23",33.9252617159821,0.0856326768756508,0.0651628472128697,0.10540995127176,12.6668545483858,10.1530351182809,11.4099448333333,0.0863101830044299,38.5385572289199,11.2948004,10.8424586530425,-3.71953323250814,-2.7518074923935
"3477396","2009-02-24",35.0305051600557,0.100814634146342,0.0621491036739979,0.0725034275398137,12.6184759606075,10.0419693727259,11.3302226666667,0.157504207124032,38.6837612012456,11.210934,10.7616868326369,-3.84232998977966,-2.96991199187074
"3477395","2009-02-25",36.2915993958489,0,0.0621491036739979,0.0631536848536196,12.5233265300647,9.92634046993532,11.2248335,0.10238003743903,36.603809599899,11.1512004,10.6619059216186,-4.06654705748192,-3.18923900499297
"3477394","2009-02-26",37.1420748073762,0.0450750499581803,0.0486298947015077,0.0576427006831656,12.2873255009313,9.924896832402,11.1061111666667,0.15219359031702,38.0493527657556,11.0958668,10.5874291320695,-4.13427008386417,-3.37824522076721
"3477393","2009-02-27",38.2117598601574,0,0.0150250166527271,0.0419346716760753,12.1732813272077,9.83594100612564,11.0046111666667,0.102989849204439,35.6197202525029,11.0218668,10.4895492477935,-4.3347007599975,-3.56953632861327
"3477392","2009-03-02",39.6425038866673,0,0.0150250166527271,0.026226642668985,12.1849169881961,9.61619401180393,10.9005555,-0.0175511381407322,31.6963462665579,10.934,10.3447200147544,-4.79613396006729,-3.81485585490407
"3477391","2009-03-03",41.5399780220647,0,3.12250225675825e-16,0.0100166777684826,12.263060365236,9.27760596809729,10.7703331666667,-0.100430038964246,26.348407047831,10.8050664,10.1165346794538,-5.72308762900536,-4.19650220972433
"3477390","2009-03-04",43.3210827360802,0,3.12250225675825e-16,0.00500833888424032,12.241195948139,8.984359051861,10.6127775,-0.0627487318839581,26.163189063956,10.6637328,9.91477405552664,-6.44088628443812,-4.64537902466709
"3477389","2009-03-05",42.8046841655796,0,3.12250225675825e-16,-1.93248195223816e-15,12.229218259777,8.71689240688969,10.4730553333333,0.0119572029673112,23.6380625543924,10.491066,9.68347084812309,-7.30701318615078,-5.17770585696383
"3477388","2009-03-06",42.9877368203364,0,3.12250225675825e-16,-1.93248195223816e-15,12.3193103394686,8.25446666053144,10.2868885,-0.107977910558389,20.2703416699948,10.320666,9.39278540170668,-8.51488859287746,-5.84514240414655
"3477387","2009-03-09",43.6327327987186,0,3.12250225675825e-16,-1.93248195223816e-15,12.3738988382738,7.74621116172617,10.060055,-0.111308540620971,17.8429006772387,10.1397324,9.06085801481246,-9.9541754522081,-6.66694901375886
"3477386","2009-03-10",43.2269910806805,0.153846153846154,0.0512820512820515,0.0170940170940151,12.2515090269589,7.47960030637448,9.86555466666667,0.067142181263885,27.5040045730016,9.98786560000001,8.85585427950413,-10.490098472068,-7.43157890542069
"3477385","2009-03-11",42.8152820091956,0.245236544761318,0.133027566202491,0.061436539161512,12.201846353346,7.25692997998733,9.72938816666667,0.160380876062015,32.5552468235072,9.83413240000001,8.72707370890358,-10.4928466017948,-8.04383244469552
"3477384","2009-03-12",41.6465401219089,0.276471196242692,0.225184631616722,0.136498083033752,12.0843623480314,7.10696965196859,9.595666,0.229644397745743,34.0400419736269,9.70253240000001,8.63013054771644,-10.2928913095859,-8.4936442176736
"3477383","2009-03-13",39.6905502771687,0.405042516770994,0.308916752591668,0.222376316803625,11.8854613120779,7.06675935458879,9.47611033333334,0.348622373182266,40.5723831539002,9.59173240000001,8.61411314135424,-9.55684705017986,-8.70628478417485
"3477382","2009-03-16",37.4471617234886,0.415850550577826,0.365788087863838,0.299963157357407,11.6220905833386,7.07868574999471,9.35038816666667,0.378126312685971,40.1525410062952,9.46426560000001,8.59356472250701,-8.91880863069605,-8.74878955347909
"3477381","2009-03-17",35.3640152093572,0.435440008121089,0.418777691823304,0.364494177426268,11.3661553895375,7.09139861046254,9.22877700000001,0.372143135095915,41.1149440171728,9.34253200000001,8.58553342617274,-8.25062030632387,-8.64915570404805
"3477380","2009-03-18",33.4332454698448,0.556171270718232,0.46915394313905,0.417906574275395,11.1650452656549,7.13339806767846,9.14922166666667,0.509288593841277,46.0033287765735,9.28866560000001,8.62968496934971,-7.27820379539728,-8.37496532231789
"3477379","2009-03-19",31.697845367389,0.806414145101449,0.599341807980257,0.495757814314201,10.9960889224716,7.18635441086175,9.09122166666667,0.601465075537941,50.7856063736638,9.24026560000001,8.72350430676975,-6.0502038900852,-7.91001303587136
"3477378","2009-03-20",30.1919912503371,0.811946212508379,0.724843876109354,0.597779875742885,10.8809439095979,7.21983275706877,9.05038833333334,0.626146129073669,50.9726936709677,9.17559880000001,8.80703706586712,-5.00507588704578,-7.32902560610624
"3477377","2009-03-23",29.2853463498304,0.692858476675024,0.770406278094951,0.698197320728185,10.7492807338644,7.26460693280224,9.00694383333334,0.641812269443802,48.7766220234404,9.09493240000001,8.8549881237515,-4.29469047097503,-6.72215857908
"3477376","2009-03-24",28.8738260094289,0.801860833747286,0.768888507643563,0.75471288728262,10.664868653392,7.30557467994132,8.98522166666667,0.806050916688277,55.6269201650738,9.05239920000001,8.97787904058463,-3.14592539804036,-6.00691194287207
"3477375","2009-03-25",28.1409898376373,0.755348362142582,0.750022557521631,0.763105781086713,10.6106820570032,7.32931694299681,8.96999950000001,0.779693705143983,53.520832697165,9.00999920000001,9.06216183517335,-2.36180015848808,-5.27788958599527
"3477374","2009-03-26",27.9231575273559,0.858125659393242,0.805111618427704,0.774674227864297,10.6386001657152,7.31428783428486,8.97644400000001,0.932236562054655,59.6420699070188,8.99959920000001,9.21787359048357,-1.18624100649016,-4.45955987009425
"3477373","2009-03-27",27.7925548843864,0.807655589123867,0.807043203553231,0.787392459834186,10.7047630087089,7.2813476579578,8.99305533333334,0.913573733130579,59.1907721410916,9.00626600000001,9.34837977841909,-0.29187353781136,-3.62602260363767
"3477372","2009-03-30",26.1131767223573,0.520950759853635,0.728910669456915,0.780355163812614,10.7282711769807,7.27628382301935,9.00227750000001,0.718215119608971,49.7789073502128,8.97413240000001,9.35837314129655,-0.248461888154616,-2.95051046054106
"3477371","2009-03-31",24.6028115578585,0.680001976472913,0.669536108483472,0.735163327164537,10.8494784759077,7.26741019075897,9.05844433333334,0.791080157327793,54.8149781278238,8.96173240000001,9.43414605579034,0.213565479574718,-2.31769527251791
"3477370","2009-04-01",23.3862188174992,0.396067972005579,0.532340236110709,0.643595671350363,10.9054135902837,7.29791974304968,9.10166666666667,0.650458099071417,49.2498818718634,8.93719920000001,9.42959324835163,0.128398439523059,-1.82847653010971
"3477369","2009-04-02",22.5931548992688,0.592307692307692,0.556125880262062,0.586000741618745,11.0569994510449,7.30577821562178,9.18138883333334,0.812416790812874,54.8710435779576,8.93306600000001,9.50564748190475,0.563818534266169,-1.35001751723454
"3477368","2009-04-03",21.8567384037691,0.728231229246399,0.572202297853224,0.553556138075329,11.1747000778796,7.4618552554537,9.31827766666667,0.832643132800351,57.9890556266042,8.95386600000001,9.62133848431745,1.20429889241833,-0.839154235303963
"3477367","2009-04-06",21.5193045055618,0.794071111111111,0.704870010888401,0.611066063001226,11.2076902482163,7.79153175178372,9.49961100000001,0.897571034272844,60.5816057409123,9.00586600000001,9.76560401974179,1.95340024760937,-0.280643338721296
"3477366","2009-04-07",20.6321516288781,0.611665,0.711322446785837,0.662798251842485,11.2239811515827,8.05646351508396,9.64022233333334,0.806865221143458,56.9857387364362,9.07613280000001,9.84885681710955,2.25435253245214,0.226355835513391
"3477365","2009-04-08",19.8083668148147,0.676665,0.694133703703704,0.703442053792645,11.2321397415195,8.30797159181386,9.77005566666667,0.799781324165041,58.0970444659411,9.15279960000001,9.93834257482828,2.56400850077603,0.693886368565918
"3477364","2009-04-09",20.3263526922795,0.641183281360397,0.643171093786799,0.682875748092111,11.3363160974846,8.50112856918211,9.91872233333334,0.960149809131362,61.2486566768575,9.26159960000001,10.0665635648512,3.07234811796717,1.16957871844617
"3477363","2009-04-13",20.9118673897302,0.811444488224302,0.709764256528233,0.682356351339577,11.5615683319197,8.56532066808034,10.0634445,1.02654709390024,65.5123049306415,9.42066640000001,10.2550217562044,3.87505985919023,1.71067494659498
"3477362","2009-04-14",20.7312528230235,0.667100997530556,0.706576255705086,0.686503868673371,11.6515018501698,8.72116481649683,10.1863333333333,0.864500734122442,60.9083619092347,9.58893320000001,10.3690188553771,4.15762289185932,2.20006453564785
"3477361","2009-04-15",20.7576660195593,0.630691327296915,0.703078937683925,0.706473149972412,11.6751023880114,8.95356461198857,10.3143335,0.84094321288066,59.7673883902474,9.72866680000001,10.4553723413268,4.25289637859771,2.61063090423782
"3477360","2009-04-16",21.4335978732271,0.740609154929577,0.679467159919017,0.69637411776934,11.8364694363579,9.04841923030877,10.4424443333333,0.9685863728346,63.5967619179409,9.87320000000001,10.5951000291499,4.63870386597185,3.01624549658463
"3477359","2009-04-17",22.1062360097049,0.84259375,0.737964744075498,0.706836947226144,12.0392258022461,9.09566319775391,10.5674445,0.979125362527594,65.917866679464,10.0262668,10.7593093585966,5.11434222615887,3.43586484249948
"3477358","2009-04-20",21.2576330031936,0.575232638888889,0.719478514606156,0.712303472866888,12.0824367818251,9.23456355150827,10.6585001666667,0.736961565850641,56.6538353137158,10.1281336,10.798957444117,4.8518466178993,3.71906119757944
"3477357","2009-04-21",20.435083877714,0.568288194444445,0.662038194444445,0.706493817708697,12.0957397785726,9.40270488809404,10.7492223333333,0.710295950986613,56.4319920692219,10.2312004,10.8306524515681,4.57504066079319,3.89025709022219
"3477356","2009-04-22",19.9530319098997,0.56725,0.570256944444445,0.65059121783168,12.1713845726223,9.48083742737769,10.826111,0.769461548474028,58.6686978399547,10.3416004,10.892342791359,4.492256568647,4.01065698590716
"3477355","2009-04-23",18.6717443753042,0.236013573402844,0.457183922615764,0.563159687168216,12.1715024219739,9.60927491135947,10.8903886666667,0.610427872685466,53.2749734778455,10.4178668,10.8831410858445,4.031855817623,4.01489675225032
"3477354","2009-04-24",17.4819773788941,0.396825396825397,0.400029656742748,0.475823507934316,12.210744375419,9.66114395791434,10.9359441666667,0.652376491625652,56.196973188905,10.4901336,10.9173889410652,3.85636941087595,3.98319128397545
"3477353","2009-04-27",16.869528494996,0.146386243386243,0.259741737871495,0.372318439076666,12.2118510709763,9.70759292902369,10.959722,0.469941064751957,51.0573565065321,10.5428004,10.8839597489232,3.32927779406442,3.85240858599324
"3477352","2009-04-28",15.8937560949026,0.113636363636364,0.218949334616002,0.292906909743412,12.1454229795292,9.89802135380415,11.0217221666667,0.488357443680516,51.5945176544275,10.6049336,10.8620984490668,2.91768694614158,3.66546425802291
"3477351","2009-04-29",15.2661150668603,0.369831342626741,0.209951316549783,0.229547463012424,12.1505256564403,10.0334736768931,11.0919996666667,0.695868439071271,56.796970548781,10.6644,10.9155959891912,2.95975669835582,3.52432274608949
"3477350","2009-04-30",14.8190521585688,0.448345967656959,0.310604557973355,0.246501736379711,12.0381983118517,10.3433566881483,11.1907775,0.753252276789193,57.9321351587229,10.7356,10.978849857299,3.04874041523027,3.42920627991765
"3477349","2009-05-01",13.927007522792,0.289252663745174,0.369143324676292,0.296566399733141,12.0012290841304,10.4843255825363,11.2427773333333,0.599249996132547,54.7906355948332,10.7717332,10.9994472096592,2.89559329050368,3.32248368203486
"3477348","2009-05-04",13.0986803609992,0.361568928861423,0.366389186754519,0.348712356468053,11.9757258791867,10.5936067874799,11.2846663333333,0.577014829840177,55.9596949396415,10.8138664,11.0328542483713,2.82638145118981,3.22326323586585
"3477347","2009-05-05",12.2125510637682,0.293386969807789,0.314736187471463,0.350089566300755,11.9678567860017,10.6418092139983,11.304833,0.467027578102685,54.5280147574724,10.8825332,11.0471403485884,2.65977945119193,3.11056647893106
"3477346","2009-05-06",12.1362778856133,0.0413182671865028,0.232091388618572,0.304405587614849,11.9263433850432,10.7196556149568,11.3229995,0.212066223525407,49.4872320974003,10.9147996,11.0052989687767,2.20504900678671,2.92946298450219
"3477345","2009-05-07",12.4506265592654,0.248738233173501,0.194481156722598,0.247102910937542,11.9069827508639,10.8400162491361,11.3734995,0.76539461755182,54.2643683001157,10.9851996,11.0259257729398,2.13275390494065,2.77012116858989
"3477344","2009-05-08",13.7571910484434,0.573733379877166,0.287929960079057,0.23816750180674,12.2425762137362,10.6558674529305,11.4492218333333,1.31209494678306,64.226790967376,11.0782664,11.1993583365478,2.88660018884499,2.79341697264091
"3477343","2009-05-11",14.7800092878454,0.538016748867222,0.453496120639297,0.311969079146982,12.4233481855223,10.5672064811444,11.4952773333333,1.07481746363987,62.919416267731,11.1522664,11.3358878916748,3.35657402407006,2.90604838292674
"3477342","2009-05-12",15.962521265747,0.753457089236278,0.621735739326889,0.454387273348412,12.7263110847434,10.4440215819233,11.5851663333333,1.14280057292787,67.2499114008127,11.238,11.5373255061181,4.10692088355529,3.14622288305245
"3477341","2009-05-13",15.5382486854983,0.447003971202732,0.579492603102078,0.551574821022752,12.7966754085792,10.4719905914208,11.634333,0.754324225934995,57.044580627621,11.3008,11.5936821053024,4.02470148270255,3.32191860298247
"3477340","2009-05-14",15.1442812895532,0.50806510145749,0.569508720632167,0.590245687687042,12.8625481120478,10.4632295546189,11.6628888333333,0.773875471002133,58.3992158502458,11.3654668,11.6660804912621,4.03259856114657,3.46405459461529
"3477339","2009-05-15",15.6779304493325,0.545774647887324,0.500281240182516,0.549760854638918,12.9681501307758,10.4262938692242,11.697222,0.880517713752585,59.4388123687994,11.4202668,11.7466030924271,4.07972925923963,3.58718952754016
"3477338","2009-05-18",16.1734618119847,0.725234993826658,0.593024914390491,0.554271625068389,13.1516208295572,10.4061558371095,11.7788883333333,0.932631631897468,63.2469301308754,11.4724,11.8848333467702,4.40992922971093,3.75173746797431
"3477337","2009-05-19",16.821995439079,0.794811562722214,0.688607068145399,0.593971074239466,13.349122471513,10.3924318618203,11.8707771666667,0.933780985559382,64.6175400979567,11.5472,12.0308555672008,4.73823943565568,3.94903786151059
"3477336","2009-05-20",17.0167405266854,0.718159530472252,0.746068695673708,0.675900226069864,13.4973472919348,10.3918737080652,11.9446105,0.84879258747936,61.8796653829143,11.6170664,12.1285188249074,4.78933929609542,4.11709814842755
"3477335","2009-05-21",16.8042046885303,0.642689100602476,0.718553397932314,0.717743053917138,13.5689361558343,10.4760628441657,12.0224995,0.729110742210684,59.2191653688539,11.6589332,12.1847163149197,4.63086544062543,4.21985160686713
"3477334","2009-05-22",15.809374811188,0.477593776422433,0.612814135832387,0.692478743146134,13.5918852689258,10.5555580644075,12.0737216666667,0.59062429094945,53.7726426172486,11.6691996,12.1711981395971,4.1483371304486,4.20554871158342
"3477333","2009-05-26",15.3939641908252,0.459905118036417,0.526729331687109,0.619365621817268,13.5736762917993,10.7285443748674,12.1511103333333,0.598803737357034,53.2079934062505,11.708266,12.1528157209841,3.69071978734419,4.10258292673558
"3477332","2009-05-27",15.0082257576312,0.5888875,0.508795464819617,0.549446310779702,13.5798539953285,10.8980330046715,12.2389435,0.691391036832123,58.3007615841241,11.7697324,12.2088842915196,3.64327802766253,4.01072194692097
"3477331","2009-05-28",14.5682388996092,0.356249999999999,0.468347539345473,0.501290778617397,13.6114902584254,10.9872860749079,12.2993881666667,0.658588459927748,57.7575480290706,11.8191992,12.251699719317,3.53445096334308,3.91546775020539
"3477330","2009-05-29",14.2809264225187,0.58037665892138,0.50850471964046,0.495215907935181,13.6722314469459,11.0623228863875,12.3672771666667,0.733917326667839,60.9804096057436,11.9017328,12.3363624234081,3.63793379088553,3.85996095834142
"3477329","2009-06-01",13.6436653549671,0.467642029974885,0.468089562965422,0.481647273983783,13.6821970549025,11.1994689450975,12.440833,0.670624268116064,58.552521096143,11.9643996,12.3857367669536,3.55823452077186,3.79961567082751
"3477328","2009-06-02",13.2840370823681,0.52191749077768,0.523312059891316,0.499968780832397,13.6816876118438,11.3573117214895,12.5194996666667,0.691425005100545,59.3908097635341,12.049466,12.4400825313598,3.50906287057609,3.74150511077722
"3477327","2009-06-03",12.8679538037394,0.474838184515604,0.488132568422724,0.493178063759818,13.618122698573,11.5836546347603,12.6008886666667,0.64156099987807,58.8485718715482,12.1309328,12.4822941938452,3.40535664446644,3.67427541751507
"3477326","2009-06-04",12.9049484900913,0.573306024918928,0.523353900070738,0.51159950946159,13.4161694956277,11.9942748377057,12.7052221666667,0.751074272399613,60.440082261059,12.1966664,12.5388776346658,3.37930344897894,3.61528102380784
"3477325","2009-06-05",12.9522111674223,0.5973715651135,0.548505258182678,0.519997242225378,13.3194928442444,12.2341734890889,12.7768331666667,0.78752228412557,60.8387099313229,12.2587996,12.5928046167104,3.3416158926167,3.56054799756961
"3477324","2009-06-08",12.1844089519302,0.380742316226187,0.517139968752873,0.529666375668761,13.3224499056212,12.2375494277122,12.7799996666667,0.519458313239951,55.4246712990405,12.3179996,12.5955413344823,3.0641761034786,3.46127361875141
"3477323","2009-06-09",11.5317377710584,0.516411306733888,0.498175062691193,0.521273429875579,13.3367809418613,12.2617740581387,12.7992775,0.638137875129152,57.9485611505924,12.3807996,12.6254691565514,2.94237155828414,3.35749320665796
"3477322","2009-06-10",11.4564105507524,0.262380538662034,0.38651138720737,0.467275472883809,13.3073969852985,12.2486026813682,12.7779998333333,0.357073434592908,51.37965539794,12.4306664,12.5936292690112,2.53934618759768,3.1938638028459
"3477321","2009-06-11",11.3864638461826,0.403469298343321,0.394087047913082,0.426257832603879,13.2687844695559,12.3324375304441,12.800611,0.368818922912776,53.8499139769012,12.5044,12.591368033143,2.31516212048752,3.01812346637423
"3477320","2009-06-12",12.1092755836956,0.106440330593241,0.2574300558662,0.346009496995548,13.2582714446911,12.3502838886423,12.8042776666667,0.047415603592367,48.2876507856413,12.5450668,12.5360749620573,1.85930802175061,2.7863603774495
"3477319","2009-06-15",13.0292515835311,0,0.169969876312188,0.273828993363821,13.3043878447603,12.2572788219064,12.7808333333333,-0.0589452997658781,46.4781126799823,12.5334668,12.469487633783,1.3910072671983,2.50728975539926
"3477318","2009-06-16",14.1936569306136,0,0.035480110197748,0.154293347458709,13.3430437201674,12.1250679464993,12.7340558333333,-0.0771399687885787,44.1854503549099,12.5188004,12.3877786159452,0.891402375658235,2.18411227945106
"3477317","2009-06-17",15.4547215119624,0,9.89948863624098e-16,0.0684833288366432,13.3409131904489,12.0065318095511,12.6737225,-0.0448635927789801,42.836909181544,12.4749336,12.3027414671525,0.418840551311006,1.83105793382305
"3477316","2009-06-18",16.5362292263405,0.0674846625766867,0.0224948875255632,0.0193249992411015,13.3261004514603,11.9214558818731,12.6237781666667,0.0764849133033501,44.7108668627741,12.4709336,12.2437092715322,0.113642651210055,1.48757487730045
"3477315","2009-06-19",17.1517937317292,0.218815950920245,0.0954335378323116,0.0393094751192893,13.3193959398549,11.8781607268118,12.5987783333333,0.244895908264903,48.7669134007943,12.4697336,12.2254373686612,0.0337779088662948,1.19681548361362
"3477314","2009-06-22",18.4648465512256,0,0.0954335378323116,0.0711206543967262,13.3529219245814,11.7994127420853,12.5761673333333,0.0626027355854369,43.1470616518519,12.4469336,12.1553790528398,-0.296138278818803,0.898224731127134
"3477313","2009-06-23",20.1547848911217,0,0.0729386503067493,0.0879352419904549,13.4104790054756,11.6643003278578,12.5373896666667,-0.00437163807401308,39.4180089936784,12.3912004,12.0533285124611,-0.758267754510988,0.566926233999509
"3477312","2009-06-24",22.1615423797729,0,9.99200722162641e-16,0.056124062713018,13.4979906857023,11.4237889809644,12.4608898333333,-0.0971774573180058,35.8319672914558,12.3142672,11.9204407107996,-1.33889415469087,0.185762156261433
"3477311","2009-06-25",23.3896086996623,0.00931679912049397,0.00310559970683232,0.0253480833378583,13.5358941577151,11.2441078422849,12.390001,0.0234193551788374,36.2069697889104,12.2468008,11.8079379493597,-1.77179127131579,-0.205748529254012
"3477310","2009-06-26",24.5299559967025,0.0279503973614819,0.0124223988273263,0.00517599951138393,13.513933107937,11.0964022253964,12.3051676666667,0.076404859714892,36.9999656140217,12.1894676,11.7157688894451,-2.0686448229325,-0.578327787989709
"3477309","2009-06-29",25.6472655597272,0.0113804878048779,0.0162158947622856,0.0105812977654788,13.4886113678073,10.9591682988594,12.2238898333333,0.11058628066175,36.5513884613506,12.1493344,11.6309997041857,-2.30667266227995,-0.923996762847758
"3477308","2009-06-30",26.7623188673456,0,0.0131102950554543,0.0139161962150194,13.4314454300989,10.8356675699011,12.1335565,0.12408962327038,35.9539488685824,12.1093344,11.5513104102943,-2.50261217524297,-1.2397198453268
"3477307","2009-07-01",26.7501451567506,0.167285623473519,0.0595553704261333,0.0296271867479551,13.3434685353601,10.7797551313066,12.0616118333333,0.261433877242427,42.4641821278984,12.0597344,11.5222463555884,-2.42193891685664,-1.47616365963277
"3477306","2009-07-02",27.6924011245873,0,0.055761874491174,0.0428091799909179,13.2368660371743,10.6769129628257,11.9568895,0.113620717018408,35.3664204140613,11.9898676,11.4237241748433,-2.71581005050336,-1.72409293780689
"3477305","2009-07-06",28.6716819363295,0,0.055761874491174,0.0570263731361578,13.1016896730378,10.5873116602955,11.8445006666667,0.100938816048447,34.5743340999199,11.902934,11.3290049515308,-2.96944800612492,-1.97316395147049
"3477304","2009-07-07",29.5810141186616,0.00755092914919098,0.00251697638306465,0.0380135751218016,12.996101934099,10.4964553992344,11.7462786666667,0.136105083666973,34.873684872627,11.823734,11.2486936246601,-3.12958619980672,-2.20444840113774
"3477303","2009-07-08",30.653935490045,0,0.00251697638306465,0.0202652757524318,12.8332255043502,10.4358871623165,11.6345563333334,0.115729529211192,33.120125558774,11.735334,11.1599784747054,-3.32580204039328,-2.42871912898885
"3477302","2009-07-09",32.0448033920787,0,0.00251697638306465,0.00251697638306204,12.7320820081799,10.3253633251535,11.5287226666667,0.0767157968296569,30.0545379971981,11.6376004,11.0470920114113,-3.64152305746148,-2.67127991468337
"3477301","2009-07-10",33.3363235868243,0.0067487238638718,0.00224957462129159,0.00242784246247102,12.5829184730339,10.2549711936328,11.4189448333334,0.0976191092089368,30.3973250657569,11.5344004,10.9510357432232,-3.84484291145448,-2.9059925140376
"3477300","2009-07-13",34.0810602552515,0.0355256917838513,0.0140914718825754,0.00628600762897459,12.45883041673,10.1949479166033,11.3268891666667,0.157815353363088,31.8355384720914,11.4318672,10.8748976441267,-3.92669911065384,-3.11013383336085
"3477299","2009-07-14",34.3799727853808,0.245326529610912,0.0958669817528793,0.0374026760855795,12.33819256598,10.1731411006867,11.2556668333334,0.27619154043171,39.0421736298958,11.3538672,10.8466886249098,-3.74060744301219,-3.23622855529111
"3477298","2009-07-15",32.9610328211474,0.369160352429083,0.216670857941283,0.108876437192243,12.231332063437,10.1808902698964,11.2061111666667,0.418987621501878,43.0830110328778,11.2746672,10.8457968082552,-3.42258144657047,-3.27349913354699
"3477297","2009-07-16",31.6434457115021,0.493919708029197,0.369468863356398,0.227335567683518,12.1309838513124,10.195127482021,11.1630556666667,0.459966554735473,46.3356856541649,11.2188004,10.8650239004878,-3.02391751881149,-3.22358281059989
"3477296","2009-07-17",30.4609582608364,0.550285483329253,0.471121847929179,0.352420523075617,12.0407288963426,10.2368267703241,11.1387778333334,0.72426687909777,52.0419471337014,11.1669336,10.9203540470895,-2.46444705433548,-3.07175565934701
"3477295","2009-07-20",29.3629341995039,0.675522437338828,0.573242542899094,0.471277751394888,11.8997201723498,10.3198351609836,11.1097776666667,0.842640337390886,55.8751247265652,11.1398668,10.9976401741442,-1.83866942203695,-2.825138411885
"3477294","2009-07-21",28.5213273826265,0.728651368782981,0.651486429817022,0.565283606881762,11.8631012104651,10.3407871228683,11.1019441666667,0.919133282151559,57.4296158148865,11.1221332,11.0770654842583,-1.26180915343637,-2.51247256019527
"3477293","2009-07-22",28.197427608393,0.706895838290213,0.703689881470675,0.642806284728927,11.9094288676812,10.3156817989855,11.1125553333333,0.974563800945934,58.8784105297547,11.1150664,11.1574567530239,-0.735454130312718,-2.15706887421876
"3477292","2009-07-23",28.5467470671869,0.659359649122807,0.698302285398668,0.684492865562119,12.0556633093155,10.2547806906845,11.155222,1.01104644863878,61.1251714016473,11.1177332,11.2453518526207,-0.219979114646485,-1.76965092230431
"3477291","2009-07-24",28.8711151360669,0.68275,0.683001829137674,0.694997998669003,12.1675463265207,10.2155640068126,11.1915551666667,0.926688376353335,61.9977004773216,11.1181332,11.3286382722713,0.221085598566906,-1.37150361813006
"3477290","2009-07-27",29.0470693331057,0.668131578947368,0.670080409356726,0.683794841297687,12.2624091819434,10.1912568180566,11.226833,0.86686678066217,61.0750783481891,11.1073332,11.3963758359684,0.538258681355441,-0.989551158232962
"3477289","2009-07-28",29.2243214525498,0.695907894736842,0.682263157894737,0.678448465463043,12.3598264251471,10.173061574853,11.266444,0.849679116113991,62.2253684431383,11.1153332,11.463525724506,0.822783304139096,-0.627084265758551
"3477288","2009-07-29",28.4023216257285,0.580881120238589,0.648306864640934,0.666883477297463,12.4191992111023,10.181022122231,11.3001106666667,0.737246344792627,55.116339163574,11.1254664,11.4874996279052,0.857052266925784,-0.330256959221684
"3477287","2009-07-30",29.132729506156,0.664103846153846,0.646964287043093,0.659178103192919,12.5639942510298,10.1310054156369,11.3474998333333,0.931683101618947,63.2733879643102,11.1674664,11.5700556775178,1.19327278586951,-0.0255510102034441
"3477286","2009-07-31",29.8109653951244,0.752519780547078,0.665834915646505,0.653702022443508,12.7467354613327,10.1111535386673,11.4289445,0.943061735231158,67.4040070513747,11.2206664,11.6816042538488,1.64467088860152,0.308493369557548
"3477285","2009-08-03",30.5387621483821,0.861909162505064,0.75951092973533,0.69077004414164,12.950868089383,10.1063542439503,11.5286111666667,0.959070420333293,71.202014215447,11.2853328,11.8218343533356,2.19412415454467,0.685619526554974
"3477284","2009-08-04",30.5759643995955,0.744479092238316,0.786302678430154,0.737216174603994,13.1023937207076,10.1454946126257,11.6239441666667,0.878567476405865,66.8373726799623,11.344666,11.9207004395575,2.47813867373741,1.04412335599146
"3477283","2009-08-05",29.3160261969702,0.486291565432478,0.69755994005862,0.747791182741365,13.1631619855498,10.2545046811169,11.7088333333333,0.741444737724748,57.9164031883878,11.3899996,11.9534963809499,2.40511816578739,1.31632231795065
"3477282","2009-08-06",28.1460835802468,0.4656995128888,0.565490056853199,0.683117558447322,13.1785545759552,10.4291127573781,11.8038336666667,0.720470083262342,59.1020371298224,11.4265332,11.9925861968232,2.37292234542668,1.52764232344585
"3477281","2009-08-07",27.5534902459091,0.490066225165563,0.480685767828948,0.581245254913586,13.1740613045598,10.6392723621069,11.9066668333333,0.749417149785067,60.403430863758,11.4885332,12.0380187039134,2.37705219195732,1.69752429714815
"3477280","2009-08-10",27.0861550937474,0.44977397260274,0.468513236885702,0.504896353855947,13.1358742328382,10.8751261004951,12.0055001666667,0.731511784017648,59.6176825859724,11.552,12.0729495433917,2.33014401979048,1.82404824167661
"3477279","2009-08-11",26.3221227194984,0.385849315068494,0.441896504278933,0.463698502997858,13.0739388616831,11.0983951383169,12.086167,0.650986112399682,57.3672974162035,11.6112,12.0907789376061,2.20477207467029,1.90019300827535
"3477278","2009-08-12",26.4172170691601,0.584479452054794,0.473367579908677,0.461259107024435,13.0654171679637,11.272472498703,12.1689448333333,0.793713376860891,62.1483937645582,11.6877336,12.1448977459253,2.2714431354343,1.97444303370714
"3477277","2009-08-13",26.5055189652744,0.634705479452055,0.535011415525115,0.483425166570906,13.0273456969348,11.4740993030652,12.2507225,0.802841520737809,63.2700839938918,11.7780004,12.2015780464686,2.34407998593074,2.04837042415186
"3477276","2009-08-14",25.5195934524344,0.42922602739726,0.549470319634704,0.519283105022829,13.0068321583735,11.5870571749599,12.2969446666667,0.620323292067907,55.9634499534014,11.8557336,12.2107009736061,2.17748966737674,2.07419427279684
"3477275","2009-08-17",24.4167511894484,0.390410958904109,0.484780821917809,0.523087519025873,12.9750833330647,11.6848060002687,12.3299446666667,0.485402621445832,54.6788874071961,11.9290668,12.2110515104586,1.98515857778037,2.05638713379354
"3477274","2009-08-18",24.438898870824,0.113709790700942,0.311115592334104,0.448455577962203,12.9533204939817,11.7787915060183,12.366056,0.581877360472874,54.8103635419917,11.9913336,12.2122446423975,1.81623693868256,2.00835709477134
"3477273","2009-08-19",24.4594645749585,0.0569363483014122,0.187019032635488,0.327638482295798,12.9363862218114,11.8531701115219,12.3947781666667,0.544825004175456,54.8103635419917,12.0465336,12.2132786900778,1.66321278173533,1.93932823216414
"3477272","2009-08-20",25.0246995824613,0.422293393874283,0.19764651095888,0.231927045309488,12.9744146961489,11.8849189705178,12.4296668333334,0.815433239967578,61.8095277892046,12.1102668,12.2626188647341,1.76089677228333,1.90364194018798
"3477271","2009-08-21",25.8269717535993,0.56470754325748,0.347979095144393,0.244214879579584,13.0369825104025,11.9170181562642,12.4770003333334,0.941186362917902,65.3611053159764,12.1713336,12.3351590161029,1.96044824238344,1.91500320062707
"3477270","2009-08-24",26.5719387696561,0.626472430801267,0.537824455977678,0.361150020693647,13.0878352087605,11.9690541245729,12.5284446666667,0.935395276953302,66.4153073757114,12.2264004,12.4073604806225,2.13690120032013,1.95938280056568
"3477269","2009-08-25",26.1426501984624,0.348481818181817,0.513220597413522,0.466341382845195,13.0928700093834,12.0437973239499,12.5683336666667,0.748368236968867,58.555747063142,12.2662672,12.4317124165395,2.06509390302274,1.98052502105709
"3477268","2009-08-26",25.719242205242,0.342418181818181,0.439124143600423,0.496723065663872,13.0294363911847,12.2062309421487,12.6178336666667,0.746932686817541,58.3826291597856,12.3024004,12.4519280943342,1.98063889470252,1.98054779578618
"3477267","2009-08-27",25.3260776401087,0.542418181818182,0.411106060606061,0.454483600539999,13.0678019519634,12.2228650480366,12.6453335,0.857947635215218,62.337754060734,12.3418668,12.4987816817563,2.03192246609323,1.99082272984759
"3477266","2009-08-28",24.5259217928365,0.445454545454544,0.443430303030303,0.431220169078926,13.0945320448188,12.2252459551812,12.659889,0.762158802167191,59.3908326220819,12.3749336,12.5251667908555,1.98002899542662,1.9886639829634
"3477265","2009-08-31",23.3486288825877,0.341467430076646,0.443113385783125,0.43254991647316,13.0779787075806,12.2235772924195,12.650778,0.501691632653769,56.4281248629704,12.4049336,12.5333672187414,1.84650163674227,1.96023151371917
"3477264","2009-09-01",22.4200820372951,0,0.262307325177064,0.382950337996828,13.0693514350901,12.2038712315766,12.6366113333334,0.295934481285994,47.3350221397875,12.4166668,12.4880289229092,1.47030128992673,1.86224546896068
"3477263","2009-09-02",21.5578599666663,0.0239549463775676,0.121807458818072,0.275742723259418,13.0742350084521,12.1918763248813,12.6330556666667,0.167872405946402,47.9475101232157,12.4397336,12.452291733188,1.17556145029054,1.72490866522666
"3477262","2009-09-03",20.883263648969,0,0.0079849821258566,0.130699922040328,13.0826781230721,12.1719885435946,12.6273333333334,0.135686325897082,47.0634514302621,12.4426668,12.4159861687629,0.905357199832069,1.56099837214774
"3477261","2009-09-04",19.5010749419079,0.10946417318292,0.0444730398534967,0.0580884935991392,13.0834833138098,12.1616276861903,12.6225555,0.305581812780352,50.1173723406305,12.4385332,12.4009653462612,0.762523922682279,1.40130348225465
"3477260","2009-09-08",19.1716569903162,0.281067215777468,0.130177129653464,0.0608783838776031,13.0908541595022,12.1710348404978,12.6309445,0.571454794047074,54.54453923289,12.4290668,12.4137259667597,0.766341515252833,1.27431108885428
"3477259","2009-09-09",18.8657688924096,0.352072922861175,0.247534770607189,0.14072831337138,13.0933431012594,12.2003235654073,12.6468333333334,0.562025518789055,56.2738412751926,12.4296004,12.4354518378584,0.811824348875234,1.18181374085847
"3477258","2009-09-10",18.5817299443535,0.405327203173956,0.3461557806042,0.241289226954948,13.0953171063175,12.2009052270158,12.6481111666667,0.581620300843549,57.5773924811968,12.4484004,12.462280926144,0.876353050054379,1.12072160269765
"3477257","2009-09-11",17.5407871302319,0.233724160579406,0.330374762204846,0.308021771138743,13.0894047374308,12.1973729292359,12.6433888333334,0.481250108071973,52.1793017572127,12.4562668,12.4597541359914,0.792916239968045,1.05516053015173
"3477256","2009-09-14",16.5741973742619,0.251475587350333,0.296842317034566,0.324457619947868,13.0888390220463,12.2092719779537,12.6490555,0.422751198494352,52.6735949927047,12.4614668,12.4602309178592,0.731325050315323,0.990393434184451
"3477255","2009-09-15",16.1706175187296,0.286566308757287,0.257255352229009,0.294824143822805,13.0776535542513,12.2544574457487,12.6660555,0.481844544883472,53.6201880932818,12.4694668,12.4655334621447,0.698204520237256,0.931955651395012
"3477254","2009-09-16",15.7215834335272,0.278284403669726,0.272108766592449,0.275402145285339,13.0751416311368,12.2705247021965,12.6728331666667,0.406717722060769,53.1002332585269,12.4805332,12.4679063338587,0.653602916380613,0.876285104392132
"3477253","2009-09-17",15.8624439741732,0.538229357798165,0.367693356741727,0.299019158521059,13.0866521012804,12.2985698987197,12.692611,0.685613885867087,60.1699928418229,12.4913332,12.5077414893442,0.792149060688097,0.859457895651325
"3477252","2009-09-18",16.5721285584747,0.574325762412965,0.463613174626953,0.367805099320374,13.0999851043014,12.2965708956986,12.698278,0.734489255956283,59.4883254865715,12.4984,12.5395986240983,0.878256486326245,0.863217613786309
"3477251","2009-09-21",16.4555030594651,0.408779024395188,0.50711138153544,0.446139304301371,13.0681342243884,12.3038657756117,12.686,0.551753194046706,54.0979323356807,12.5109332,12.5454294742186,0.831523602307005,0.856878811490449
"3477250","2009-09-22",16.3472079532418,0.418914125290117,0.467339637366091,0.479354731176159,13.0223726952363,12.319404638097,12.6708886666667,0.560374483452388,54.3705325729309,12.5261332,12.5518162109894,0.79175417066879,0.843853883326117
"3477249","2009-09-23",15.8629218763915,0.337833318130682,0.38850882260533,0.454319947168951,13.0046100876712,12.3151669123288,12.6598885,0.426024601943416,51.7240955920517,12.5378664,12.5466847161908,0.700710552119577,0.815225217084809
"3477248","2009-09-24",14.765836521788,0.077223341904694,0.277990261775165,0.377946240582193,12.9882961684855,12.2961474981812,12.6422218333334,0.247965756273154,47.283517202048,12.5438664,12.5231267540321,0.530182688234859,0.758216711314819
"3477247","2009-09-25",13.8772028125919,0,0.138352220011793,0.26828376813076,12.9420214647477,12.2945335352523,12.6182775,0.269281413297633,46.8804144070766,12.5348,12.5009325201611,0.38191874914062,0.682957118879979
"3477246","2009-09-28",13.3308139211822,0.12756790123457,0.0682637477130886,0.161535409833346,12.9016788335871,12.3019871664129,12.601833,0.428391534599163,50.4096767157165,12.5209332,12.4954748508063,0.32732326919056,0.611830348942095
"3477245","2009-09-29",14.168890283729,0.131679012345679,0.0864156378600835,0.0976772018616525,12.9046983757882,12.3021896242118,12.603444,0.63443677477112,50.5237616824289,12.5043996,12.4911888706988,0.282947675317669,0.54605381421721
"3477244","2009-09-30",14.947104048951,0.144024691358026,0.134423868312759,0.0963677512953078,12.9110430810947,12.3189562522386,12.6149996666667,0.628545898378379,50.8891455935336,12.4997328,12.488807687939,0.251347367808208,0.48711252493541
"3477243","2009-10-01",15.3271863269003,0.0658395061728404,0.113847736625516,0.111562414266117,12.8959364362429,12.3593962304238,12.6276663333333,0.436010387240972,48.4489144286883,12.4927996,12.4782999962138,0.183241368855502,0.426338293719428
"3477242","2009-10-02",14.6310604215271,0,0.0699547325102896,0.106075445816186,12.8896248176535,12.3690411823466,12.629333,-0.0771272464661784,41.2698784695697,12.4685332,12.4407493300519,-0.00893387181903904,0.339283860611735
"3477241","2009-10-05",13.9846577951092,0.037793814432991,0.0345444402019445,0.0727823031125808,12.900983277165,12.3483493895017,12.6246663333333,0.00298077479812518,42.8374201938827,12.4499996,12.4130934193783,-0.136257902678083,0.244175507953771
"3477240","2009-10-06",13.6150823216769,0.257731958762886,0.0985085910652932,0.0676692545925066,12.893892193198,12.336773806802,12.615333,0.310938448202967,51.0289035214116,12.4443996,12.4175702967946,-0.0973974114603093,0.175860924070955
"3477239","2009-10-07",12.865042345562,0.175257731958763,0.156927835051547,0.0966602887729259,12.8864162461993,12.3204720871341,12.6034441666667,0.254397147185674,48.2374071590458,12.4513332,12.4107835905553,-0.117276145662415,0.117233510124281
"3477238","2009-10-08",12.3706845943934,0.0358387096774206,0.156276133466357,0.137237519861063,12.8789831991986,12.2947938008015,12.5868885,0.162971460043203,43.8265222132251,12.4517332,12.3866791118146,-0.219537712416706,0.0498792656160836
"3477237","2009-10-09",11.9116381111654,0.0465913978494633,0.0858959464952163,0.133033305004371,12.8874099037273,12.2537007629394,12.5705553333333,0.0730607057412301,44.2283746115061,12.4541332,12.367121896906,-0.290904361636168,-0.0182774598343668
"3477236","2009-10-12",11.2257618643115,0.157698924731183,0.0800430107526898,0.107405030238085,12.8865518625866,12.2371141374134,12.561833,0.261070752972841,48.3407649994374,12.4557332,12.3639496439852,-0.276891355956743,-0.070000239058842
"3477235","2009-10-13",10.9170699274051,0.146946236559141,0.117078853046596,0.094339270098165,12.8778372972288,12.2229397027713,12.5503885,0.304292302972674,47.9721032770766,12.4491996,12.3598670247871,-0.269218990746956,-0.109843989396465
"3477234","2009-10-14",10.9813393697653,0.211462365591399,0.172035842293908,0.123052568697729,12.8726472698419,12.2170183968248,12.5448328333333,0.411276787228243,50.4155129425709,12.441866,12.3643287548155,-0.221405466067481,-0.132156284730668
"3477233","2009-10-15",11.0410181376713,0.211462365591399,0.189956989247314,0.15969056152927,12.826198916337,12.2259107503297,12.5260548333333,0.395508795799621,50.4155129425709,12.4321324,12.3681955875068,-0.181424132792007,-0.142009854342936
"3477232","2009-10-16",10.9790879557548,0,0.140974910394267,0.167655913978494,12.7687095394339,12.2196221272328,12.4941658333333,0.0533027567503545,39.8139502471142,12.4183992,12.3324361758392,-0.337553844623573,-0.181118652399063
"3477231","2009-10-19",10.7006749244226,0.13311969766332,0.114860687751574,0.148597529131049,12.7348759013858,12.2162340986142,12.475555,0.264349243195972,45.5582748119893,12.4093328,12.319667352394,-0.36788756395032,-0.218472434709315
"3477230","2009-10-20",10.7756261990544,0.0775232558139536,0.0702143178257585,0.108683305323864,12.700393518914,12.2097171477527,12.4550553333333,0.190796876345182,43.2798315345939,12.3959996,12.2992677054081,-0.432945600308687,-0.261367067829189
"3477229","2009-10-21",10.8917146505889,0.324001296005183,0.178214749827486,0.121096585134937,12.6923794315161,12.2126202351506,12.4524998333333,0.719436821911596,50.9529506589251,12.3914664,12.3086986780204,-0.347158442285578,-0.278525342720467
"3477228","2009-10-22",10.4466496930396,0.188004752019008,0.196509767946049,0.148312945199762,12.6913894661136,12.2118328672197,12.4516111666667,0.496647250111765,47.1262424072041,12.3710664,12.301761520951,-0.349477320525537,-0.292715738281481
"3477227","2009-10-23",10.1644852132719,0.192000768003072,0.234668938675755,0.203131152149761,12.690977646519,12.2115780201477,12.4512778333333,0.52283168237497,47.2515996225064,12.3515996,12.2961933181575,-0.345175792425589,-0.303207749110303
"3477226","2009-10-26",10.2687305193438,0,0.126668506674027,0.185949071098608,12.7087730036027,12.147004663064,12.4278888333333,-0.0994977093412264,38.4951302104836,12.3267996,12.2518115424032,-0.53084669207496,-0.348735537703234
"3477225","2009-10-27",11.0800793309745,0,0.0640002560010248,0.1417792337836,12.7366152225648,12.0372737774352,12.3869445,-0.245541161566225,33.7966856320393,12.2933332,12.1857926700828,-0.806314983964784,-0.440251426955544
"3477224","2009-10-28",12.610745448685,0,7.12393107467809e-16,0.0635562542250152,12.7909950686073,11.8760049313927,12.3335,-0.277363570459106,28.7912656747435,12.2521332,12.0921309807384,-1.19501469466758,-0.591204080497952
"3477223","2009-10-29",15.5206960551644,0,7.12393107467809e-16,0.0213334186670062,13.0296692735859,11.4613310597474,12.2455001666667,-0.400420258551073,19.4992911507148,12.184,11.9020695166399,-2.03571574296888,-0.880106412992138
"3477222","2009-10-30",18.6033915294787,0,7.12393107467809e-16,-1.77635683940025e-15,13.2379452553966,11.0728327446035,12.155389,-0.252257596413185,17.1834538944283,12.1037332,11.6951269144213,-2.9022436810894,-1.28453386661159
"3477221","2009-11-02",21.8012490561103,0,7.12393107467809e-16,-1.77635683940025e-15,13.4224967335305,10.6721705998029,12.0473336666667,-0.175717560865369,15.1625192091922,12.0061332,11.4717766591651,-3.79660403589179,-1.78694790046763
"3477220","2009-11-03",24.3534656410561,0.0961099497825516,0.0320366499275179,0.0106788833091706,13.4723151151539,10.4122408848461,11.942278,-0.0010950338436013,23.3949483337152,11.9196,11.3155397712764,-4.2780843961946,-2.28517519961303
"3477219","2009-11-04",26.7806762895838,0.0789474587499529,0.0583524695108356,0.0301297064794489,13.4898414447449,10.1869365552552,11.838389,0.0604710453658786,22.9663709317748,11.8306668,11.1734678017729,-4.65493808560982,-2.75912777681238
"3477218","2009-11-05",29.0545618753649,0.0732254842396848,0.0827609642573972,0.0577166945652477,13.4920855325468,9.97691446745322,11.7345,0.0953881123671148,22.8162979073608,11.7436,11.0481160948699,-4.92033172554937,-3.19136856655978
"3477217","2009-11-06",31.3881022751142,0.00915447271678838,0.0537758052354761,0.0649630796679005,13.4887284211904,9.76904957880963,11.628889,0.112571659794792,21.1497569694626,11.6576,10.9145899488872,-5.21839755984431,-3.59677436521669
"3477216","2009-11-09",32.8793012335965,0.120137437228189,0.0675057980615548,0.0680141891848068,13.4224618762176,9.63976079044912,11.5311113333333,0.214489379719533,30.6051095204181,11.5830668,10.8419779557022,-5.16387510304001,-3.91019451278135
"3477215","2009-11-10",34.5139329594623,0.0597188996265812,0.0630036031905202,0.0614284021625145,13.3388856165129,9.51655938348707,11.4277225,0.219207858975178,28.5523955944482,11.4928,10.7550475616086,-5.20020161133864,-4.16819593249281
"3477214","2009-11-11",36.0318052763377,0.142858146536128,0.107571494463634,0.0793602985719003,13.2151431889249,9.44241347774174,11.3287783333333,0.282386124587795,34.749303363646,11.4152,10.7112638867275,-4.99780579604736,-4.33411790520372
"3477213","2009-11-12",37.9712154130624,0,0.0675256820542372,0.0793669265694611,13.0882412461473,9.34198242051938,11.2151118333333,0.226363852299628,29.7411393528293,11.326,10.6164287018305,-5.10488015097784,-4.48827035435854
"3477212","2009-11-13",39.7720962543067,0.0416016665626664,0.0614866043662656,0.0788612602947096,12.9709510578844,9.25771727544894,11.1143341666667,0.262741170737121,31.8885444225808,11.2398668,10.5457942082531,-5.07138863765606,-4.60489401101805
"3477211","2009-11-16",40.5907245110386,0.215789473684211,0.0857970467489597,0.071603111056485,12.8051862708526,9.23881506248073,11.0220006666667,0.355501861727044,39.3374951174733,11.1625336,10.5276883138193,-4.74542478890961,-4.63300016659636
"3477210","2009-11-17",40.287362328445,0.368570375513213,0.208653838586697,0.118645829900638,12.6273928723882,9.24627479427848,10.9368338333333,0.400377973926999,39.7762394159918,11.0864004,10.5146632053101,-4.42130359856318,-4.59066085298972
"3477209","2009-11-18",39.8922611657286,0.63447712249268,0.406278990563369,0.233576625299673,12.3645778774737,9.32642312252633,10.8455005,0.462348692141591,43.7894953547711,11.0152004,10.5278187779354,-3.97806004934202,-4.46814069226018
"3477208","2009-11-19",39.5253815146347,0.77930420929583,0.594117235767242,0.403016688305767,12.0932070340789,9.43512663258783,10.7641668333333,0.522257854440171,46.7099744072447,10.9496004,10.5578869408774,-3.47920055463258,-4.27035266473466
"3477207","2009-11-20",37.4745383668833,0.623503597122301,0.679094976303604,0.559830400878069,11.7816024983001,9.6046201683666,10.6931113333333,0.659855224920738,49.0192852121076,10.9002672,10.599058015427,-2.9630342120569,-4.00888897419911
"3477206","2009-11-23",35.1080168638401,0.820269254816931,0.741025687078354,0.671412633049731,11.6308876990386,9.69966830096145,10.665278,0.950060378535311,58.6179856987303,10.8680004,10.7098502800368,-2.10401973619028,-3.62791512659734
"3477205","2009-11-24",33.143038048548,0.642448647129344,0.695407166356193,0.705175943246048,11.4795144662092,9.79104153379085,10.635278,0.873283251727309,52.7338887977047,10.8261336,10.7645369093652,-1.6396575702248,-3.23026361532284
"3477204","2009-11-25",31.1393502206312,0.78585236300643,0.749523421650902,0.728652091695147,11.4336952971508,9.81986103618253,10.6267781666667,1.01148075526131,56.5240766728963,10.7861336,10.8452653214498,-1.0739543989466,-2.79900177204759
"3477203","2009-11-27",30.1154299190249,0.592733446909076,0.673678152348284,0.70620291345179,11.4835081777511,9.8053808222489,10.6444445,0.823109465771774,50.6354425735937,10.7372,10.8703406119232,-0.866548287410573,-2.41251107512019
"3477202","2009-11-30",28.919541840408,0.695984122340577,0.691523310752028,0.704908294917069,11.573187921588,9.79625641174537,10.6847221666667,0.86439099073136,53.4289503740845,10.6953332,10.9160725303334,-0.5628426841228,-2.04257739692071
"3477201","2009-12-01",27.2977445237097,0.871894592532681,0.720204053927445,0.695135172342583,11.695496263512,9.8141700698214,10.7548331666667,0.94451453242822,57.8095381933434,10.6776,10.9965961929556,-0.0967569376234767,-1.65341330506126
"3477200","2009-12-02",25.5373800706282,0.878899304771917,0.815592673215059,0.742440012631509,11.8241268495353,9.81165081713136,10.8178888333333,0.923415974292179,58.8516343841869,10.6712,11.0766060338949,0.322172801686249,-1.25829608371176
"3477199","2009-12-03",23.9919873644851,0.855491329479769,0.868761742261456,0.801519489801318,11.9257959936715,9.83475967299524,10.8802778333333,0.860667495765657,58.2454068089409,10.6745336,11.1419478960422,0.622797737168601,-0.882077319535688
"3477198","2009-12-04",22.6918758879931,0.814738557344331,0.849709730532006,0.844688048669505,12.0384663266979,9.87064500663545,10.9545556666667,0.888971633499616,60.2072849939279,10.7158668,11.2163548432366,0.944068014836064,-0.516848252661337
"3477197","2009-12-07",21.4846295169648,0.855014616235855,0.841748167686652,0.853406546826703,12.1217811865996,9.95010781340038,11.0359445,0.858991447004825,61.1892744010821,10.7725336,11.2897301974717,1.22960847733047,-0.167556906662976
"3477196","2009-12-08",20.5536796911475,0.823673913043478,0.831142362207888,0.840866753475513,12.2073897795699,10.0018325537634,11.1046111666667,0.826372019843396,60.7853574915556,10.8417336,11.3510995044755,1.42525873360635,0.151006221390889
"3477195","2009-12-09",19.68922628146,0.817209677419354,0.831966068899563,0.834952199598032,12.2641716104379,10.0903843895621,11.177278,0.790047707496404,61.0621620566034,10.9004004,11.4065089038788,1.57218241286134,0.43524145968498
"3477194","2009-12-10",18.7074622965062,0.760353611559832,0.800412400674222,0.821173610593889,12.3144347249483,10.1686762750517,11.2415555,0.757146604747882,59.8787507625992,10.9593336,11.4487517166949,1.63782262530547,0.675757692809079
"3477193","2009-12-11",17.7958243104776,0.74653125,0.774698179659729,0.802358883077836,12.3054230322759,10.3389103010574,11.3221666666667,0.744115717658843,60.3875124973059,11.0200004,11.4889181544689,1.68813643601027,0.878233441449317
"3477192","2009-12-14",17.6223550007904,0.768982474794463,0.758622445451432,0.777911008595126,12.2862854973059,10.5271585026942,11.406722,0.794305831767195,62.1941933220446,11.0918668,11.5361730672064,1.77183722460243,1.05695419807994
"3477191","2009-12-15",17.8457953887942,0.785714897957434,0.767076207583966,0.766798944231707,12.2996539291451,10.6664567375216,11.4830553333333,0.836932982019736,64.203716289079,11.1550668,11.5913499915789,1.88928366496337,1.22342009145663
"3477190","2009-12-16",17.8829496024931,0.75714640815312,0.770614593635006,0.765437748890133,12.2905398731958,10.8152377934709,11.5528888333333,0.800806982356742,63.0755497584705,11.2241336,11.6347259927017,1.93543373114784,1.36582281939487
"3477189","2009-12-17",17.0464394351397,0.530410370235237,0.691090558781931,0.742927120000299,12.2453208665037,10.966234800163,11.6057778333333,0.643158596974248,57.2271501637466,11.2765336,11.6483185270081,1.82571480733353,1.4578012169826
"3477188","2009-12-18",16.6465560190663,0.279411764705884,0.522322847698081,0.661342666705003,12.1884182708584,11.1211377291417,11.654778,0.63919051976191,56.3928255743589,11.3449336,11.6565427234071,1.70060721661254,1.50636241690859
"3477187","2009-12-21",16.9690379190483,0.199990526265927,0.33660422040235,0.516672542294118,12.1549883273879,11.2362340059454,11.6956111666667,0.676505836451871,55.8447848722872,11.4092,11.6614476936195,1.57177606193135,1.51944514591314
"3477186","2009-12-22",17.3898122698021,0.614214357506168,0.364538882825993,0.407821983642139,12.2000257007885,11.2431966325449,11.7216111666667,0.847849138067681,62.3794745596734,11.4716,11.7025880011369,1.64146532053586,1.54384918083769
"3477185","2009-12-23",18.1894827877923,0.507621788721884,0.440608890831327,0.380583998019887,12.2274626916522,11.3026486416811,11.7650556666667,0.899421916234423,63.5687776119619,11.5354668,11.7457989343186,1.71484129362753,1.57804760339566
"3477184","2009-12-24",18.9956071852173,0.625622533879143,0.582486226702399,0.46254466678657,12.2785971509157,11.3264031824177,11.8025001666667,0.918626015133684,65.4375082324181,11.5956004,11.7952484097428,1.81252566788257,1.62494321629304
"3477183","2009-12-28",20.3577070986544,0.64527814884416,0.592840823815063,0.538645313782927,12.309634570367,11.4134770962997,11.8615558333333,1.06487932978541,68.2918002224485,11.6560004,11.8576592884438,1.96560774632408,1.69307612229925
"3477182","2009-12-29",22.1717201733946,0.756024831250507,0.67564183799127,0.616989629502908,12.4190969469835,11.4327927196831,11.9259448333333,1.20369278307398,72.7056126029893,11.7225336,11.9473047166513,2.23898602423762,1.80225810268692
"3477181","2009-12-30",22.5801791344844,0.545185104864142,0.648829361652937,0.639104007819754,12.4804596701676,11.4545413298324,11.9675005,0.943234919832683,64.2748912292486,11.7572004,11.9938867544311,2.26931816562881,1.8956701152753
"3477180","2009-12-31",22.9594624554963,0.605419863193182,0.635543266435944,0.653338155360048,12.5436168900097,11.470494776657,12.0070558333333,0.923115096611009,65.5055165754715,11.8069336,12.0431458538403,2.31004904929735,1.97854590207971
"3477179","2010-01-04",23.8710480273734,0.687675142262796,0.612760036773374,0.632377554954082,12.6255380893009,11.4865732440325,12.0560556666667,0.990258912719171,67.8326950865571,11.8518668,12.1031704066616,2.39978798154354,2.06279431797248
"3477178","2010-01-05",24.8138860735482,0.64445,0.645848335151993,0.631383879453768,12.7011894779503,11.4920331887164,12.0966113333333,0.92366621356388,66.8368370825661,11.9092004,12.1516370191067,2.42340567088881,2.13491658855574
"3477177","2010-01-06",24.1898080766641,0.4,0.577375047420932,0.611994473115431,12.7144804200043,11.5246309133291,12.1195556666667,0.63017416555432,56.9327134158523,11.9476004,12.1545294165591,2.22126156450588,2.15218558374577
"3477176","2010-01-07",23.6103070795575,0.424999999999999,0.489816666666667,0.571013349746528,12.7231966094654,11.5594700572013,12.1413333333333,0.601968398935694,57.6243080548344,11.9749336,12.1610361610179,2.05723603934702,2.13319567486602
"3477175","2010-01-08",23.0721990108156,0.427783333333334,0.417594444444445,0.494928719510679,12.7264939686592,11.6007283646741,12.1636111666667,0.579701760013249,57.7057401169855,11.9993336,12.1671206728822,1.90742802344472,2.08804214458176
"3477174","2010-01-11",22.773997621946,0.475,0.442594444444445,0.45000185185185,12.7288131630813,11.6499648369187,12.189389,0.610764102579364,59.1402039768644,12.0272,12.1799485831646,1.805349123514,2.03150354036821
"3477173","2010-01-12",22.8537700194036,0.422384196332837,0.441722509888724,0.433970466259202,12.7359901329237,11.7031212004096,12.2195556666667,0.680081900176085,61.5371043859568,12.0536,12.2039554387426,1.76778775555746,1.97876038340606
"3477172","2010-01-13",23.2217641061655,0.403849260378927,0.433744485570588,0.43935381330125,12.7522090261493,11.7389026405174,12.2455558333333,0.696279068358297,61.9515988850791,12.078,12.2269840469103,1.72867797060818,1.92874390084648
"3477171","2010-01-14",23.1177740341413,0.240336826925555,0.355523427879107,0.410330141112804,12.7611304560337,11.7626475439663,12.261889,0.598256730767199,58.9421118520186,12.1001332,12.2371635073222,1.63023277294536,1.86904167526626
"3477170","2010-01-15",23.7413460823514,0.222222222222222,0.288802769842235,0.359356894430641,12.7745227248008,11.7944769418659,12.2844998333333,0.667733830598246,59.8023247048627,12.1227996,12.2499857063459,1.55394054636875,1.80602144948676
"3477169","2010-01-19",24.3203772699751,0.412041666666667,0.291533571938148,0.311953256553161,12.7630863244988,11.8779133421679,12.3204998333333,0.712828645278568,63.5490730175926,12.1526664,12.2793209454998,1.56507759180455,1.75783267795032
"3477168","2010-01-20",23.6507784809081,0.129638888888888,0.25463425925926,0.278323533679879,12.7212645689746,11.9740687643587,12.3476666666667,0.498666123845293,55.291955228374,12.1733332,12.2776341527665,1.42360392104943,1.69098692657014
"3477167","2010-01-21",23.0290081767744,0.152777777777777,0.231486111111111,0.259217980769504,12.6706814083936,12.0733185916064,12.372,0.453869464432216,55.7987268169812,12.1909332,12.2783935990643,1.30738157740142,1.6142658567364
"3477166","2010-01-22",22.1995132230049,0.0925972222222225,0.12500462962963,0.203708333333331,12.6477294275531,12.1223819057802,12.3850556666667,0.367708522226441,54.0817068454721,12.2025332,12.2732744525224,1.17328400008214,1.52606948540555
"3477165","2010-01-25",21.8779615478949,0.222222222222222,0.155865740740741,0.170785493827158,12.6351236109149,12.1626540557518,12.3988888333333,0.525866569672281,57.1409293598829,12.2191996,12.2812818588527,1.11551505105654,1.44395859853574
"3477164","2010-01-26",21.3707042748813,0.250004934178066,0.188274792874171,0.156381721081511,12.626028429391,12.1879712372757,12.4069998333333,0.400317810582803,55.7134042454584,12.2417328,12.2837776110057,1.03583868326458,1.36233461548151
"3477163","2010-01-27",20.6862377582674,0.132880189649024,0.201702448683104,0.181947660766003,12.625930973878,12.1857356927887,12.4058333333333,0.360546740722066,54.2537470270878,12.2639996,12.281496596205,0.939954583309066,1.27785860904702
"3477162","2010-01-28",19.7697889315849,0.0351974309678236,0.139360851598305,0.176446031051858,12.5908781219138,12.1892328780862,12.3900555,0.286846307824271,52.333704116351,12.2851996,12.2737410500443,0.825971502868539,1.18748118781133
"3477161","2010-01-29",19.1323822645521,0,0.0560258735389495,0.132363057940117,12.6052156328758,12.1456727004576,12.3754441666667,-0.0341122290977164,43.2134462578186,12.2857328,12.2350195767051,0.570958570094438,1.06417666426795
"3477160","2010-02-01",18.7635987575273,0,0.0117324769892749,0.069039734042174,12.6242735280247,12.083726138642,12.3539998333333,-0.0952789826022093,41.6922030132554,12.2821328,12.1952396331444,0.333749076436174,0.918091146701593
"3477159","2010-02-02",18.8235900833197,0,3.86265093984169e-16,0.0225861168427392,12.6257673821542,12.0115656178458,12.3186665,-0.168981851258613,38.9494315083959,12.271466,12.1492076820585,0.0867199005426533,0.751816897469805
"3477158","2010-02-03",19.1038105729977,0,3.86265093984169e-16,0.0039108256630895,12.6174375015571,11.9456731651096,12.2815553333333,-0.117610438894054,37.4200188576356,12.2529328,12.102646657784,-0.141460541537197,0.573161409668405
"3477157","2010-02-04",20.1019609038913,0,3.86265093984169e-16,-2.00418385591187e-15,12.6713770185798,11.8354006480868,12.2533888333333,-0.148673239029719,32.3968822442891,12.2163996,12.0378497700795,-0.440912418171824,0.370346644100359
"3477156","2010-02-05",21.9405020729987,0,3.86265093984169e-16,-2.00418385591187e-15,12.7629756528365,11.6606913471635,12.2118335,-0.210291796744778,26.1991756326519,12.1771996,11.9416924674022,-0.872523519089641,0.121772611462359
"3477155","2010-02-08",23.5768822512014,0.0426639999999992,0.0142213333333334,0.00474044444444235,12.8112778490489,11.5338331509511,12.1725555,-0.0517098582684619,28.8065468498453,12.1374664,11.8654668050819,-1.16833500587409,-0.13624891200493
"3477154","2010-02-09",25.1250159167763,0.0346639999999994,0.0257759999999999,0.0133324444444422,12.8439821008937,11.4109068991063,12.1274445,-0.0029588345638218,28.602486539122,12.0921332,11.798071231071,-1.39595154532722,-0.388189438669389
"3477153","2010-02-10",23.9043205580377,0,0.0257759999999999,0.021924444444442,12.8341077536117,11.3322255797216,12.0831666666667,0.125026066320511,27.5515696380767,12.0458664,11.7329950669282,-1.59443933943179,-0.629439418821868
"3477152","2010-02-11",22.8387771221556,0,0.0115546666666668,0.0210355555555532,12.818011384136,11.244321615864,12.0311665,0.101749227006253,27.1928382280826,12.0106664,11.6743730580044,-1.74514287299724,-0.852580109656943
"3477151","2010-02-12",21.5814194979861,0.143651536874209,0.0478838456247366,0.0284048374304654,12.7896959990637,11.1904153342697,11.9900556666667,0.217200566090175,36.4576054318458,11.9812,11.6466793169372,-1.72583843872729,-1.02723177547101
"3477150","2010-02-16",20.2770806840049,0.179560277457797,0.107737271444002,0.0557252612451329,12.736360251704,11.1564180816294,11.9463891666667,0.265287295304927,38.5622103115734,11.9533332,11.6284554080122,-1.66170138038855,-1.15412569645452
"3477149","2010-02-17",18.9031722119597,0.318185692126749,0.213799168819586,0.123140095296106,12.6585211398121,11.1533685268546,11.9059448333333,0.363175668548754,45.5806730702606,11.9294668,11.6335506869439,-1.48501536007456,-1.22030362917853
"3477148","2010-02-18",18.0787781417146,0.292035398230088,0.263260455938212,0.194932298733931,12.6028769177534,11.1444567489133,11.8736668333333,0.381682359432411,44.0805023027516,11.9,11.6321879286847,-1.35936836410321,-1.24811657616346
"3477147","2010-02-19",18.0740034737581,0.541225806451614,0.383815632269484,0.286958419009092,12.5466758197277,11.1535471802723,11.8501115,0.516671229065923,51.0234336024605,11.8768,11.6541188715268,-1.12653060973317,-1.2237993828774
"3477146","2010-02-22",18.4547203995999,0.654626506024097,0.495962570235267,0.381012886147652,12.4955898792588,11.1662997874079,11.8309448333333,0.576189915670682,52.4893737656319,11.8581336,11.6784590219899,-0.903969252561243,-1.15983335681417
"3477145","2010-02-23",18.8082432593102,0.702819277108436,0.632890529861382,0.504222910788709,12.416956368129,11.195044631871,11.8060005,0.586931674507546,53.9730025050536,11.8398672,11.7048871523912,-0.692121172016502,-1.06629091985464
"3477144","2010-02-24",19.3308444368861,0.706831325301207,0.688092369477913,0.605648489858185,12.3432081419227,11.225459524744,11.7843338333333,0.630321043952023,54.1015021360753,11.8162672,11.7282355320724,-0.516144229403948,-0.9562615817645
"3477143","2010-02-25",19.2979566050781,0,0.469883534136548,0.596955477825279,12.2579354280347,11.215065238632,11.7365003333333,0.165611626250054,33.5835735368591,11.7737336,11.6582481277961,-0.833804508832758,-0.931770167178152
"3477142","2010-02-26",18.3501053150532,0.409423913043479,0.372085079448229,0.510020327687561,12.158430170431,11.2551261629023,11.7067781666667,0.503566720956036,45.8862733434152,11.7456004,11.6478150440899,-0.816640221115017,-0.908744177965525
"3477141","2010-03-01",17.37480506952,0.728260869565217,0.379228260869566,0.407065624818111,12.1157424515759,11.2761472150908,11.6959448333333,0.75891662698889,53.1623918650854,11.7309336,11.6778837048779,-0.593201104154772,-0.845635563203375
"3477140","2010-03-02",17.0361547264894,0.557978260869567,0.565221014492755,0.438844784936847,12.0836345218378,11.2894774781622,11.686556,0.698815420607354,49.3461824012286,11.7062672,11.6830552108942,-0.518479155033547,-0.780204281569409
"3477139","2010-03-03",17.2949464903718,0.365945652173913,0.550728260869566,0.498392512077293,12.0598038358727,11.2918638307939,11.6758338333333,0.522787587421227,45.3891541444258,11.6758672,11.663981182775,-0.574733346204936,-0.739110094496515
"3477138","2010-03-04",16.5772692189451,0.650333333333332,0.524752415458937,0.546900563607083,12.0807693447247,11.282787321942,11.6817783333333,0.880683179144786,52.9086370885451,11.6598672,11.691006358405,-0.389131512354013,-0.669114378068014
"3477137","2010-03-05",16.7160184024766,0.660459627329192,0.558912870945479,0.544797849091325,12.2395036443202,11.1978306890131,11.7186671666667,1.20100968793804,60.1450983172393,11.6616008,11.7677615106177,0.03211931192173,-0.528867640070065
"3477136","2010-03-08",17.0101871622663,0.866801457651177,0.725864806104567,0.603176697502992,12.449006164359,11.1185505023077,11.7837783333333,1.21203800849655,65.6823231639189,11.6885344,11.8862826425353,0.621552038106099,-0.298783704434832
"3477135","2010-03-09",16.1582332675532,0.671968843004288,0.733076642661553,0.67261810657053,12.5531973303395,11.1178040029938,11.8355006666667,0.964487784612714,58.3673951352838,11.7042676,11.9454449568639,0.853694328895127,-0.0682880977688406
"3477134","2010-03-10",15.4817063937953,0.869307448287333,0.802692582980933,0.753878010582348,12.6922028974795,11.1121321025205,11.9021675,1.03025208491059,62.9473451015521,11.7369344,12.0416082959487,1.24732586488443,0.194834694761814
"3477133","2010-03-11",14.7774885408651,0.699009112835197,0.746761801375606,0.760843675672694,12.7672712437126,11.1380637562874,11.9526675,0.854364011002934,57.1793018515174,11.7601344,12.0867271898222,1.34944947481663,0.425757650772777
"3477132","2010-03-12",14.7747102063991,0.552473059512636,0.706929873545055,0.752128085967195,12.777765037549,11.2114586291177,11.9946118333333,0.658792791326035,52.7040844810282,11.7808008,12.0929408978459,1.25107020728445,0.590820162075113
"3477131","2010-03-15",14.772130324395,0.566338351135243,0.605940174494359,0.686543949805004,12.7866459227043,11.2690220772957,12.027834,0.614909457874503,53.078296949961,11.8144008,12.1014381114665,1.17507590171957,0.707671310004004
"3477130","2010-03-16",15.198264401869,0.467326862071834,0.528712757573238,0.613860935204214,12.7841757073509,11.3238256259824,12.0540006666667,0.530738748130354,50.0339068537387,11.8392008,12.0865796966043,0.992371397963931,0.76461132759599
"3477129","2010-03-17",14.8641644743576,0.542077866143895,0.525247693116991,0.55330020839486,12.8089859161219,11.3643484172115,12.0866671666667,0.684590367388207,54.7313951816316,11.8756008,12.111035737057,1.02239816701597,0.816168695479986
"3477128","2010-03-18",14.0501596833027,0.507422011331656,0.505608913182461,0.519856454624227,12.8374474023923,11.4087755976078,12.1231115,0.714804523781408,53.8231072667404,11.912134,12.1260083054494,1.00331135703333,0.853597227790655
"3477127","2010-03-19",13.2427522387259,0.495050754824865,0.514850210766805,0.515235605688749,12.8542981967133,11.4358134699534,12.1450558333333,0.617849347861388,53.4819019891135,11.9486676,12.1367631980562,0.96585345868363,0.87604847396925
"3477126","2010-03-22",12.4710135659786,0.490097796787631,0.497523520981384,0.50599421497688,12.8663593971556,11.457752269511,12.1620558333333,0.578210238921772,53.3361199861394,11.9780008,12.1451947716487,0.921045443714519,0.885047867918304
"3477125","2010-03-23",11.8759084022706,0.326794117647059,0.437314223086518,0.483229318278233,12.8772086606121,11.4841250060546,12.1806668333333,0.574494090617237,53.3361199861394,12.0056008,12.1525021354289,0.875390936636,0.883116481661843
"3477124","2010-03-24",11.1984510797538,0.19702900732711,0.337973640587266,0.42427046155172,12.8830975202599,11.5086808130734,12.1958891666667,0.52805371893283,52.5066696476682,12.0256008,12.1543911840384,0.807749246715939,0.868043034672662
"3477123","2010-03-25",11.2413776331396,0.260218363500508,0.261347162824892,0.345545008832889,12.8236025509042,11.6631757824292,12.2433891666667,0.581338609694462,53.8213970047218,12.0496008,12.1635830261666,0.782692816834207,0.850972991104971
"3477122","2010-03-26",11.3361502036907,0.275095631614752,0.244114334147456,0.281145045853202,12.8027490769951,11.7482515896716,12.2755003333333,0.572757878441921,54.1432593720307,12.0672008,12.173327956011,0.762818510344476,0.833342094952872
"3477121","2010-03-29",12.0848926188748,0.591075869606432,0.375463288240564,0.293641595070968,12.8294419010098,11.7913367656569,12.3103893333333,0.789682284024545,60.4486517667913,12.094534,12.2195508952096,0.923598895459699,0.851393455054238
"3477120","2010-03-30",12.7644606571991,0.617193817163348,0.494455106128177,0.371344242838729,12.8362613600626,11.8608506399374,12.348556,0.765758817953863,60.3436306270477,12.120134,12.2591667758483,1.03593212151036,0.888301188345463
"3477119","2010-03-31",13.3118528036961,0.597658584603846,0.601976090457875,0.490631494942202,12.7878663283116,11.998912338355,12.3933893333333,0.749204223781762,59.7836811914286,12.144934,12.2912778724018,1.10060538175667,0.930762027027704
"3477118","2010-04-01",13.5439386910109,0.535162246727525,0.583338216164906,0.55992313758365,12.7699215807532,12.0698570859135,12.4198893333333,0.63665502827027,57.931626678333,12.1946676,12.3119968227483,1.1037232773436,0.965354277090884
"3477117","2010-04-05",14.3090592851775,0.597658584603846,0.576826471978405,0.587380259533726,12.7865629999209,12.0686600000791,12.4276115,0.744770997435674,59.2898116093952,12.2314676,12.3370639130485,1.12779883320648,0.997843188314004
"3477116","2010-04-06",15.0195284083321,0.68473088404812,0.605850571793163,0.588671753312155,12.7772778813787,12.0735004519547,12.4253891666667,0.87125018376027,62.470576260917,12.2617344,12.3761220579754,1.21721994394361,1.04171853943993
"3477115","2010-04-07",15.7401252785418,0.724145065468626,0.668844844706864,0.617173962826141,12.8078188757264,12.0637374576069,12.4357781666667,0.868541882633914,63.1074184361513,12.2993344,12.4135284502453,1.28979823208104,1.09133447796815
"3477114","2010-04-08",17.3929992944048,0.288187499999999,0.565687816505581,0.613461077668533,12.794179392934,12.070487607066,12.4323335,0.829942255339524,55.0588116053079,12.3354676,12.4175019902126,1.19457072187255,1.11198172674903
"3477113","2010-04-09",18.9278108805633,0.833333333333333,0.615221966267319,0.616584875826585,12.8971833189258,12.0158173477409,12.4565003333333,1.13178787420705,66.3847260341759,12.3794676,12.4907243915176,1.44105620438391,1.177796622276
"3477112","2010-04-12",20.744852173261,0.793848596457219,0.63845647659685,0.606455419789914,13.010134482425,11.988644517575,12.4993895,1.08906485040375,67.3991276868954,12.4098676,12.5621838059819,1.65352718791056,1.27294273540292
"3477111","2010-04-13",22.484991358237,0.827794041673842,0.818325323821465,0.690667922228542,13.1097164645059,11.9831735354941,12.546445,1.02984073483722,68.3143793527611,12.4268008,12.6312259651843,1.83257266023995,1.38486872037032
"3477110","2010-04-14",24.5851825904507,0.753349847990091,0.791664162040384,0.74948198748623,13.2097132508417,11.9995100824917,12.6046116666667,1.04338947696133,69.6890962760147,12.4600008,12.7017291698264,2.00002256944469,1.5078994901852
"3477109","2010-04-15",26.7325656517106,0.84090909090909,0.807350993524341,0.805780159795393,13.3463281828051,11.9692288171949,12.6577785,1.05107969617264,72.668836506882,12.4872008,12.7877212805162,2.22247305836369,1.6508142038209
"3477108","2010-04-16",27.5516387523179,0.610026155916,0.734761698271726,0.777925617945481,13.4414522839221,11.9639937160779,12.702723,0.923811320530193,66.1643568067875,12.518934,12.8391357764474,2.26102677945847,1.77285671894841
"3477107","2010-04-19",26.9287116203015,0.403904167397862,0.618279804740984,0.720130832179014,13.4725809375925,12.0083097290741,12.7404453333333,0.722789784275512,58.1835113463432,12.5506676,12.8508070062544,2.11167662140737,1.8406206994402
"3477106","2010-04-20",25.3973823038246,0.231199913092165,0.415043412135342,0.589361638382681,13.4689628670354,12.0679277996313,12.7684453333333,0.54552205828664,52.4724177528285,12.5732008,12.8333660720872,1.84242549922728,1.84098165939762
"3477105","2010-04-21",24.5532152926506,0.325904384667452,0.320336155052492,0.451219790642936,13.4706486127308,12.1339087206025,12.8022786666667,0.618819924705357,55.0764454273481,12.606934,12.8333612624755,1.68095254368728,1.80897583625555
"3477104","2010-04-22",23.9644640684761,0.359330475402575,0.30547825772073,0.346952608302852,13.4610694588409,12.2207095411591,12.8408895,0.633649782591455,55.9929237044451,12.6310672,12.8386904274788,1.56014084690463,1.75920883838537
"3477103","2010-04-23",24.1434944555072,0.632313001913643,0.439182620661223,0.354999011144812,13.4949267364651,12.2831855968682,12.8890561666667,0.840051038846802,62.6876733169834,12.670134,12.8868650371483,1.64999176573566,1.73736542385543
"3477102","2010-04-26",23.8238444343206,0.548747775075835,0.51346375079735,0.419374876393098,13.4928575093582,12.3659214906418,12.9293895,0.703649982064992,59.6939111995655,12.7058672,12.9152830321952,1.63884854545653,1.71766204817565
"3477101","2010-04-27",22.3833418367184,0.325904384667452,0.50232172055231,0.484989364003625,13.4902712362987,12.4018410970347,12.9460561666667,0.498518202248215,52.4943424694285,12.7312004,12.9043559612358,1.44655607840869,1.66344085422226
"3477100","2010-04-28",21.045732281802,0.195652173913043,0.356768111218776,0.457517860856142,13.485671058306,12.442440941694,12.964056,0.503566487017022,53.9884581083842,12.7592004,12.9037751664044,1.32067095948252,1.59488687527431
"3477099","2010-04-29",19.9856128486451,0.329706521739129,0.283754360106541,0.380948063959206,13.4816934876996,12.4939738456338,12.9878336666667,0.578685958400207,56.7013717850541,12.7934668,12.9197158108838,1.28315522922626,1.5325405460647
"3477098","2010-04-30",19.1763865722769,0.0398586956521729,0.188405797101448,0.276309422808919,13.453630499381,12.5579258339523,13.0057781666667,0.353376335896213,49.8565071499106,12.8148004,12.8979763694326,1.07435138484671,1.4409027138211
"3477097","2010-05-03",18.0493453176852,0,0.1231884057971,0.198449521001693,13.4326625015779,12.6063384984221,13.0195005,0.328492819452482,48.9028500028254,12.8340004,12.8738021868416,0.873716960630855,1.32746556318305
"3477096","2010-05-04",17.0948284037399,0,0.013286231884057,0.108293478260865,13.4237662718018,12.6250123948649,13.0243893333333,0.199599580135811,48.3220305705097,12.8409336,12.8497392285961,0.69201435060442,1.20037532066732
"3477095","2010-05-05",16.4767468440515,0,-6.66133814775094e-16,0.0454915458937159,13.42400616436,12.6245501689734,13.0242781666667,0.104108082880002,46.6190127927576,12.8453336,12.8199966647833,0.500202775070835,1.06034081154803
"3477094","2010-05-06",17.2124002490486,0,-6.66133814775094e-16,0.00442874396134903,13.4733739639265,12.5470710360735,13.0102225,-0.1695712759658,38.0888173557323,12.8346668,12.7417744428122,0.0980601288925964,0.867884675016941
"3477093","2010-05-07",18.8038217030883,0,-6.66133814775094e-16,-3.5203321739156e-15,13.594152388711,12.326736611289,12.9604445,-0.243771578456109,31.9527095683555,12.8108,12.6228711837705,-0.462136381527456,0.601880463708062
"3477092","2010-05-10",19.5461474539299,0.0907259893669142,0.0302419964556374,0.0100806654852092,13.6304204765887,12.1975795234113,12.914,-0.0176964442716138,36.278678526302,12.7908,12.5398216926011,-0.804643481403677,0.320575674685714
"3477091","2010-05-11",19.9736428039092,0.0947602716940962,0.0618287536870028,0.0306902500475437,13.6391241427254,12.0942095239413,12.8666668333333,0.0663211253314194,36.472078524812,12.7658668,12.4687348002543,-1.06193339645999,0.044073860456573
"3477090","2010-05-12",19.0142993803387,0.381049155341039,0.188845138800683,0.0936386296477714,13.5917654930907,12.0782348402426,12.8350001666667,0.363821610564129,48.4330402500387,12.7588,12.4702368268871,-0.948978980823667,-0.154536707799475
"3477089","2010-05-13",18.1441397355431,0.4369125305782,0.304240652537778,0.184971515008485,13.5079904939629,12.0787871727038,12.7933888333333,0.353802816651785,48.2950493159821,12.76,12.4706492499688,-0.853920490299287,-0.294413464299437
"3477088","2010-05-14",18.4828928300787,0.15308888888889,0.323683524936042,0.272256438758165,13.4499232712074,12.0258547287927,12.737889,0.135551952351975,40.5272707070397,12.7236,12.4154520166396,-1.03727394745292,-0.442985560930134
"3477087","2010-05-17",18.7974492750046,0.197533333333333,0.262511584266807,0.296811920580206,13.4226099346741,11.9713900653259,12.697,0.19121839532058,41.9745972051952,12.6872,12.375614414421,-1.13154551833602,-0.580697552411311
"3477086","2010-05-18",19.3655858368171,0.116051851851852,0.155558024691358,0.247251044631399,13.4221573165563,11.9048426834437,12.6635,0.169629056672088,40.0502645433871,12.6442668,12.3264218258315,-1.26447643342047,-0.717453328613143
"3477085","2010-05-19",20.5709690744075,0,0.104528395061728,0.174199334673295,13.4341391993136,11.779638467353,12.6068888333333,0.0297661997739187,35.2508828281492,12.586,12.2433429157207,-1.55299626587175,-0.884561916064865
"3477084","2010-05-20",22.7007849954096,0,0.0386839506172834,0.0995901234567867,13.505592143171,11.5366301901623,12.5211111666667,-0.124695243494737,27.8934161990071,12.4954664,12.0886745269579,-2.17307901999487,-1.14226533685087
"3477083","2010-05-21",24.8183944772771,0,-6.33752309890193e-16,0.0477374485596673,13.4995800845406,11.3269759154594,12.413278,-0.0840140378032537,26.8549848559531,12.4076,11.9404072566969,-2.71530996353817,-1.45687426218833
"3477082","2010-05-24",26.2224609800836,0.0803384615384618,0.0267794871794866,0.0218211459322536,13.4533964611796,11.1867148721538,12.3200556666667,0.0475269493964764,30.9227188319337,12.3358664,11.8327969558039,-3.01256029197049,-1.76801146814476
"3477081","2010-05-25",27.8792900557946,0,0.0267794871794866,0.017852991452988,13.4584125198125,10.9846988135209,12.2215556666667,-0.00414578298266166,28.3239950465716,12.2627996,11.7075346950301,-3.38058638996466,-2.09052645250874
"3477080","2010-05-26",28.3787793672613,0.0524604837361186,0.0442663150915262,0.0326084298168303,13.4030331095181,10.8568562238153,12.1299446666667,0.109458397967688,31.0956847456773,12.1894664,11.6131967356927,-3.56439987292234,-2.38530113659146
"3477079","2010-05-27",28.4251113295285,0.0967226336962826,0.0497277058107998,0.040257836027268,13.2923972835355,10.7843810497979,12.0383891666667,0.179449509728546,33.4345467996167,12.1181332,11.5434371709337,-3.6101255170069,-2.63026601267455
"3477078","2010-05-28",28.5216494474869,0.0836062832580877,0.077596466896829,0.0571968292663821,13.1976803588106,10.7117643078561,11.9547223333333,0.196847231408317,33.0762526826461,12.0326664,11.4794228814759,-3.62634188706206,-2.82948118755205
"3477077","2010-06-01",29.326295878117,0,0.0601096389847895,0.0624779372308032,13.1107949413471,10.5945380586529,11.8526665,0.0962243864470643,28.3002855554705,11.9355996,11.3719438306124,-3.87416712362073,-3.03841837476579
"3477076","2010-06-02",30.0903305013972,0,0.0278687610860286,0.0551916223225462,13.016460917369,10.488983082631,11.752722,0.117338418017441,28.1878955331366,11.8487996,11.2774619865308,-4.03776017450121,-3.23828673471287
"3477075","2010-06-03",31.0118392283699,0,-6.29126380620922e-16,0.0293261333569363,12.9124608168949,10.3954275164384,11.6539441666667,0.133806659146627,26.775587703578,11.7543996,11.17913372166,-4.2135148510666,-3.43333235798362
"3477074","2010-06-04",31.5954088276827,0.0540558345537751,0.0180186115179244,0.0152957908679813,12.83606868778,10.3152646455533,11.5756666666667,0.201991909162278,30.0405009897629,11.6593332,11.108138558772,-4.2322311041444,-3.59311210721578
"3477073","2010-06-07",32.7464672231256,0,0.0180186115179244,0.0120124076786132,12.8336082920897,10.1583920412437,11.4960001666667,0.0994516332423112,25.8512017527768,11.5605332,10.9986094176024,-4.46351630966157,-3.76719294770494
"3477072","2010-06-08",34.0730101778233,0,0.0180186115179244,0.0180186115179216,12.8076437859632,9.98891188070345,11.3982778333333,0.0811942368609616,24.0767010204543,11.4562664,10.8801281619221,-4.73114799707264,-3.95998395757848
"3477071","2010-06-09",33.7483122831198,0.237995327775934,0.0793317759253107,0.0384563329870503,12.7184911901562,9.91884180984377,11.3186665,0.244888352202534,34.4924866052991,11.3681332,10.8281110736658,-4.61433330166713,-4.09085382639621
"3477070","2010-06-10",33.0683683174372,0.261059156948768,0.166351494908233,0.0879006274504866,12.5106268337634,9.92881683290323,11.2197218333333,0.27933110241387,34.8302358186621,11.2831996,10.7848069305104,-4.46271905115293,-4.16522687134755
"3477069","2010-06-11",31.5041985597354,0.409293342271367,0.302782608998689,0.182821959944075,12.2694978261319,10.0011685072014,11.1353331666667,0.394784604389278,40.3769812985431,11.2229332,10.7770553397757,-4.12900115768414,-4.15798172861487
"3477068","2010-06-14",29.2773681103309,0.77594758478204,0.482100028000725,0.317078043969213,12.1142674626806,10.065510203986,11.0898888333333,0.607438057420354,50.1893471330495,11.1972,10.8343372944722,-3.46570247494123,-4.01952587788014
"3477067","2010-06-15",27.2945816776078,0.855835570170319,0.680358832407909,0.488413823135771,11.9413128124556,10.1562428542111,11.0487778333333,0.711695998199584,52.803347663473,11.1714668,10.9039816552093,-2.79679910050257,-3.77498052240463
"3477066","2010-06-16",25.4995847217796,0.8778277778909,0.83653697761442,0.666331946007681,11.7741966938867,10.2534696394466,11.0138331666667,0.795580217384119,53.6187354117608,11.1473332,10.9705614345147,-2.20772051902572,-3.46152852172885
"3477065","2010-06-17",23.7823186934238,0.819008640291042,0.850890662784087,0.789262157602135,11.6809029040633,10.3042084292701,10.9925556666667,0.79838210839169,51.8278220407135,11.1008,11.0167092432461,-1.78454918222906,-3.12613265382889
"3477064","2010-06-18",22.2390388447645,0.807694135054605,0.834843517745515,0.840757052714671,11.6942707520109,10.2998405813224,10.9970556666667,0.775420269445057,51.4716761632228,11.0538668,11.0544813441466,-1.44498854507948,-2.78990383207901
"3477063","2010-06-21",20.7601273746853,0.770929010856852,0.799210595400832,0.828314925310142,11.7252528668453,10.2936361331548,11.0094445,0.767375215953629,50.9440548934595,11.0226668,11.0841064982604,-1.1794401723329,-2.46781110012979
"3477062","2010-06-22",19.8911641898113,0.621146742613971,0.733256629508475,0.789103580884938,11.7114581948268,10.2953198051732,11.003389,0.620005456087453,46.0093203986594,10.98,11.079558965159,-1.1208070821732,-2.19841029653847
"3477061","2010-06-23",19.0945581149254,0.618946297238541,0.670340683569788,0.734269302826362,11.7195920999347,10.3007419000653,11.010167,0.570364252225162,45.9389182493227,10.9416,11.0751737698045,-1.06455986254858,-1.97164020974049
"3477060","2010-06-24",18.6909403266237,0.548459357839995,0.596184132564169,0.666593815214141,11.7104792431032,10.2962990902302,11.0033891666667,0.497603440650907,43.6355503878179,10.9110668,11.0571506004972,-1.08526183216905,-1.7943645342262
"3477059","2010-06-25",17.4835709322743,0.570483635426511,0.579296430168348,0.615273748767432,11.6970195113554,10.2958698219779,10.9964446666667,0.570733817677035,44.5707392523557,10.9066668,11.0459745204309,-1.06534980056404,-1.64856158749377
"3477058","2010-06-28",16.2621170108874,0.514704455013103,0.544549149426536,0.573343237386348,11.6944485559858,10.2959961106808,10.9952223333333,0.629744132958647,47.3910875837979,10.9105332,11.0496219177068,-0.965560954065126,-1.51196146080804
"3477057","2010-06-29",15.7292607469953,0.339285714285715,0.474824601575109,0.532890060389995,11.6967516214638,10.3051377118696,11.0009446666667,0.46418930112505,42.9223445317588,10.9005332,11.0274496620126,-1.01358087793105,-1.41228534423264
"3477056","2010-06-30",14.999925301937,0.22304998550175,0.359013384933522,0.459462378645053,11.7004406579145,10.3228936754189,11.0116671666667,0.491532896168663,44.2145443700844,10.9018668,11.0140123737442,-1.00863537687801,-1.33155535076172
"3477055","2010-07-01",14.8815141289259,0,0.187445233262488,0.340427739923704,11.6986489255586,10.3354630744414,11.017056,0.370116022804307,40.4243633109775,10.8922668,10.980144057245,-1.11439890771492,-1.28812406215236
"3477054","2010-07-02",14.5881241457558,0.0270232703601168,0.0833577519539552,0.209938790049986,11.6986373985559,10.3400296014441,11.0193335,0.39008098315731,41.1843909539569,10.88,10.9539021829457,-1.16830460807811,-1.26416017133751
"3477053","2010-07-06",14.8424768830807,0,0.00900775678670503,0.0932702473343799,11.6696579684454,10.4066753648879,11.0381666666667,0.31230409191786,37.6380705176541,10.8624,10.9098258918862,-1.31464016476379,-1.27425617002276
"3477052","2010-07-07",15.0786615677396,0.0933400000000013,0.0401210901200388,0.0441621996202302,11.587612671584,10.5497209950827,11.0686668333333,0.267907539112985,40.8385610909978,10.8641336,10.8840717729681,-1.34699914862468,-1.28880476574315
"3477051","2010-07-08",15.6388511455553,0,0.0311133333333332,0.0267473934133562,11.5742255212504,10.5753301454163,11.0747778333333,0.151500539073641,38.483731275455,10.8621336,10.8479728699057,-1.43348887398062,-1.31774158739064
"3477050","2010-07-09",15.7682165496503,0.155118811881188,0.0828196039603959,0.0513513424712531,11.5567547965242,10.6134678701425,11.0851113333333,0.257820594903246,43.7767909914762,10.8713336,10.8375764872516,-1.37025965665756,-1.32824520124403
"3477049","2010-07-12",15.4414323847996,0.314056553485316,0.156391788455501,0.0901082419164071,11.5557084631946,10.6199585368054,11.0878335,0.353892409915286,46.8175083104611,10.8801336,10.8414556222847,-1.23401864416983,-1.30939988982919
"3477048","2010-07-13",14.4897064191769,0.554116883116882,0.341097416161128,0.193436269525672,11.5366468467484,10.6217974865849,11.0792221666667,0.564004526373098,51.8462280407357,10.9102668,10.8679282059801,-0.985797549938061,-1.24467942185096
"3477047","2010-07-14",13.6059608796702,0.575766233766234,0.481313223456143,0.326267476024254,11.4946439226862,10.6346890773138,11.0646665,0.582434754624774,52.3132454422788,10.9481336,10.8930937785161,-0.768012838983689,-1.14934610527751
"3477046","2010-07-15",13.0248459821774,0.415584415584415,0.515155844155843,0.445855494591035,11.4314430925449,10.6526679074551,11.0420555,0.460263885403031,48.5605816335348,10.9658668,10.8984586080473,-0.678949902633497,-1.05526686474871
"3477045","2010-07-16",13.3285874829472,0.129870129870129,0.373740259740259,0.456736442450746,11.3752540112201,10.6523009887799,11.0137775,0.256552877060736,42.6795770007047,10.9742668,10.873774793641,-0.762573012508594,-0.996728094300683
"3477044","2010-07-19",13.6937309879497,0.106486111111111,0.217313552188551,0.368736552028215,11.3178925799831,10.6482180866836,10.9830553333333,0.176874856618018,42.0973410090347,10.9728,10.8492714878222,-0.836948064737175,-0.964772088387981
"3477043","2010-07-20",12.8650588033774,0.194444444444445,0.143600228475228,0.244884680134677,11.2369475729773,10.679051760356,10.9579996666667,0.380103658867094,44.3179573589809,10.9546664,10.8364792894459,-0.83942560216651,-0.939702791143687
"3477042","2010-07-21",12.0230936179044,0.537041666666667,0.279324074074074,0.213412618245948,11.2179795846351,10.6867974153649,10.9523885,0.704678368909406,52.0340832377374,10.9403996,10.8582820508531,-0.650427939973341,-0.881847820909618
"3477041","2010-07-22",12.0635288092483,0.647539774264147,0.459675295125086,0.29419986589146,11.244059479181,10.6732728541524,10.9586661666667,0.985103343103248,55.7795320390735,10.9298664,10.8958444440727,-0.392501598263739,-0.783978576380442
"3477040","2010-07-23",13.0780398803063,0.60533765378247,0.596639698237761,0.44521302247897,11.335280936487,10.6261623968463,10.9807216666667,1.14924029988918,59.5087367555059,10.9289328,10.9488425181963,-0.0747151298268078,-0.642125887069716
"3477039","2010-07-26",14.9607082418618,0.608314624443656,0.62039735083009,0.558904114730976,11.4965206299798,10.5292563700202,11.0128885,1.25057203088466,64.6705641144246,10.9385328,11.0276635157701,0.352445427656223,-0.443211624124528
"3477038","2010-07-27",16.7704174515151,0.757509624422212,0.657053967549445,0.624697005539096,11.6711526723836,10.4285136609497,11.0498331666667,1.1966814111212,68.9858571309965,10.959066,11.1293083803341,0.85950681550877,-0.182667936197868
"3477037","2010-07-28",17.6651126772961,0.632050491985345,0.665958246950404,0.64780318844331,11.7747414264629,10.4028135735372,11.0887775,0.967385486269728,63.4238881772066,10.9819992,11.1951779296229,1.12410203081941,0.0786860572055868
"3477036","2010-07-29",18.7239396034613,0.638822485728024,0.676127534045193,0.666379916181678,11.8723396717163,10.3819926616171,11.1271661666667,0.929839826335055,63.6134438112928,11.0054656,11.2535982056732,1.32364023838483,0.327676893441435
"3477035","2010-07-30",19.0354028704169,0.539504425497911,0.60345913440376,0.648514971799782,11.9451424367528,10.3964122299139,11.1707773333333,0.849606405046594,58.8004410737703,11.0273324,11.2846744449168,1.35993957174068,0.534129429101283
"3477034","2010-08-02",19.9654523342573,0.835903791691522,0.671410234305818,0.650332300918254,12.1255492818418,10.3517833848248,11.2386663333333,1.05763296328831,69.6898496406825,11.0737324,11.3978285189279,1.82531287765695,0.792366118812416
"3477033","2010-08-03",19.7275371971914,0.657357541899441,0.677588586362957,0.650819318357509,12.2352982014667,10.3690347985333,11.3021665,0.912024814999163,62.3692175393783,11.105466,11.4603407164041,1.97854803036035,1.029602501122
"3477032","2010-08-04",19.5066159984873,0.806329608938548,0.766530314176503,0.705176378281756,12.3605925305223,10.383628802811,11.3721106666667,0.932255106499075,66.1936106464977,11.155466,11.5500726208836,2.2578265365121,1.27524730820002
"3477031","2010-08-05",18.1893223153736,0.636871508379888,0.700186219739292,0.714768373426248,12.4097517302467,10.4593589364199,11.4345553333333,0.777380707642918,58.8650457556839,11.1915992,11.5873962714324,2.23930340950393,1.4680585284608
"3477030","2010-08-06",17.0777625619889,0.577220893395959,0.673474003571464,0.713396845829083,12.4364490084292,10.5311059915708,11.4837775,0.687542346358808,57.0704226271416,11.2311992,11.6090767685748,2.14367434065195,1.60318169089903
"3477029","2010-08-09",16.246035066966,0.623871621621621,0.612654674465822,0.662104965925523,12.4834382253005,10.5904497746995,11.536944,0.752246300383793,59.9214182641059,11.2767992,11.6509771994315,2.16244254435889,1.715033861591
"3477028","2010-08-10",15.2743937172766,0.45770895522388,0.55293382341382,0.613020833817032,12.5151568676114,10.6346197990553,11.5748883333333,0.67110803364651,55.9937114485896,11.3219992,11.6646242395073,2.03564854511882,1.77915679829657
"3477027","2010-08-11",15.0429586445656,0.202246622902745,0.427942399916082,0.531176965931905,12.5165173751349,10.6797032915318,11.5981103333333,0.501026959315136,51.3067643868268,11.3546656,11.6471183409063,1.76278617900665,1.77588267443858
"3477026","2010-08-12",14.8965183280061,0.0234866559954895,0.227814078040704,0.402896767123532,12.505245948834,10.7488637178327,11.6270548333333,0.47890275096201,50.820950064274,11.3905324,11.6288358954521,1.51300466769269,1.7233070730894
"3477025","2010-08-13",14.1943375495451,0.130872922392356,0.11886873376353,0.258208403906769,12.4709801420482,10.8704631912851,11.6707216666667,0.525236637854666,53.0117233856837,11.4243992,11.6272137760585,1.373257554303,1.65329716933212
"3477024","2010-08-16",13.517185326184,0.167779086507002,0.107379554964949,0.151354122256391,12.4036887877683,11.034865545565,11.7192771666667,0.513514893252556,53.7738720191057,11.4558656,11.6306959392507,1.27327379076241,1.57729249361818
"3477023","2010-08-17",13.2884886020306,0.463088802311416,0.253913603736924,0.160053964155131,12.3581664293708,11.1949439039625,11.7765551666667,0.723615712085715,59.4425788994503,11.4921324,11.6728258140173,1.38103412402759,1.53804081970006
"3477022","2010-08-18",12.7257098772142,0.369122044033704,0.333329977617374,0.231541045439746,12.3095890567452,11.3367432765882,11.8231661666667,0.67491347221125,57.0454113395232,11.5239988,11.696893038815,1.38519667826407,1.50747199141286
"3477021","2010-08-19",12.3365071096523,0.079041237113402,0.303750694486174,0.296998091946821,12.256509792478,11.4378225408554,11.8471661666667,0.33924325224417,50.7488722180837,11.5501324,11.6821966336397,1.19064295055979,1.44410618324225
"3477020","2010-08-20",12.6756094686507,0,0.149387760382368,0.262156144161969,12.2607722612309,11.4307820721025,11.8457771666667,-0.0210268414387133,45.7826883683075,11.5753324,11.637014415821,0.858134911310571,1.32691192885591
"3477019","2010-08-23",12.5927738941289,0.0809999999999998,0.0533470790378001,0.168828511302111,12.2727955301383,11.3955364698617,11.834166,0.126678881800219,47.7441128826218,11.6049324,11.6094124937116,0.646900874897027,1.19090971806414
"3477018","2010-08-24",12.9050396319902,0,0.0269999999999995,0.0765782798067196,12.2879985179631,11.3255554820369,11.806777,0.0438687621538973,44.9806812201115,11.6265324,11.5672681612167,0.379626017821755,1.02865297801566
"3477017","2010-08-25",11.9920680326058,0.0374183673469396,0.039472789115646,0.0399399560511455,12.2934425844392,11.2978894155608,11.795666,0.21082475317953,45.8857117927427,11.6397324,11.5356324063878,0.190729877705587,0.861068357953645
"3477016","2010-08-26",11.1443086903204,0.2415,0.0929727891156461,0.0531485260770942,12.2915809362912,11.2869733970422,11.7892771666667,0.351407479205005,50.6534120063909,11.6553324,11.5348814188694,0.178846689231849,0.724624024209286
"3477015","2010-08-27",10.7912983317651,0.180275510204083,0.15306462585034,0.0951700680272078,12.2911193116646,11.2808793550021,11.7859993333333,0.362079631925282,49.2514948707159,11.6623992,11.5262305630202,0.125956159724061,0.604890451312241
"3477014","2010-08-30",10.4635029988208,0.238102040816327,0.219959183673469,0.155332199546482,12.2223993855518,11.2922662811149,11.7573328333333,0.389385544739896,50.6410201750267,11.661866,11.5262891546175,0.12232819863911,0.508378000777615
"3477013","2010-08-31",10.0670043958852,0.0102040816326547,0.142860544217688,0.171961451247163,12.1883124222186,11.2615749111147,11.7249436666667,0.17454250739523,45.3687462486416,11.6423992,11.4965612673351,-0.0367904424349419,0.399344312135104
"3477012","2010-09-01",9.35025941929005,0,0.0827687074829932,0.148529478458047,12.1032422342736,11.2679787657265,11.6856105,0.205948471052814,44.8435418704546,11.628666,11.4676864316905,-0.177599431457576,0.283955563416568
"3477011","2010-09-02",9.38127539977913,0.258393484541896,0.089532522058183,0.105053924586285,12.0667918388692,11.2749848277975,11.6708883333333,0.512913500205256,51.4961619229247,11.6247996,11.4768842407984,-0.107382230789488,0.205688004575357
"3477010","2010-09-03",9.98146657201246,0.654364611961785,0.30425269883456,0.158851309458576,12.0955934651647,11.2628498681687,11.6792216666667,0.894545213178729,59.5481230987821,11.6425328,11.5372996753586,0.221482228714387,0.208846849403163
"3477009","2010-09-07",9.36681837054102,0.258393484541896,0.390383860348525,0.261389693747086,12.052975884037,11.276912115963,11.664944,0.582397868101337,50.5168934497279,11.6186664,11.5372157186441,0.203806432917353,0.207838766106001
"3477008","2010-09-08",8.79607361203182,0.441511100041887,0.451423065515189,0.382019874899422,12.0306306863451,11.2818133136549,11.656222,0.588140761339724,53.1127974105798,11.6107996,11.5549202894916,0.27975117137542,0.222221247159885
"3477007","2010-09-09",8.473902416887,0.426420477058404,0.375441687214062,0.405749537692589,12.0397645045132,11.2881244954868,11.6639445,0.620406265738671,52.8144847638792,11.5917332,11.5684869175594,0.326723832250742,0.243121764178056
"3477006","2010-09-10",7.94016671565934,0.350944720546115,0.406292099215469,0.41105228398157,12.0437027222642,11.2947419444025,11.6692223333333,0.535161164792251,51.2636448852923,11.5821332,11.5713553285515,0.313773831307373,0.257252177603919
"3477005","2010-09-13",7.93547014897725,0.554719074411601,0.44402809067204,0.408587292367187,12.0606488330686,11.2931288335981,11.6768888333333,0.744364316407909,55.0973005030851,11.5829332,11.5978412847446,0.423943825261941,0.290590507135524
"3477004","2010-09-14",7.39507058114116,0.388676938403541,0.431446911120419,0.427255700335973,12.0589542861175,11.2926010472158,11.6757776666667,0.551902523076258,51.5397135658702,11.5709332,11.601239780112,0.40437917339351,0.313348240387121
"3477003","2010-09-15",7.09927424343475,0.305661530798231,0.41635251453779,0.43060917211008,12.0010035796656,11.3093290870011,11.6551663333333,0.455581707398728,49.8081028018457,11.5628,11.5944078094304,0.334014370939384,0.317481466497574
"3477002","2010-09-16",7.00308028800603,0.249057543613373,0.314465337605048,0.387421587754416,11.9444899101448,11.3237320898552,11.634111,0.400303041469853,48.6088880414424,11.5614668,11.5818201015063,0.24064819138423,0.302114811474905
"3477001","2010-09-17",6.78976898472572,0.252827369159884,0.269182147857162,0.33333333333333,11.9363106683473,11.3187999983194,11.6275553333333,0.43018420232631,48.6974800556989,11.5612,11.5713547546388,0.167008852993633,0.27509361977865
"3477000","2010-09-20",6.37882656981537,0.249057543613373,0.250314152128876,0.277987212530359,11.9303850760184,11.3445035906483,11.6374443333333,0.455051774137049,48.6072414825176,11.5565332,11.5618407873536,0.105082721065908,0.241091440036102
"3476999","2010-09-21",5.99723718454146,0.471703666806289,0.324529526526515,0.281341942170848,11.9388574846782,11.3593648486552,11.6491111666667,0.656847837257158,54.0257409792957,11.5582668,11.5798180157065,0.190991776459537,0.231071507320789
"3476998","2010-09-22",5.99013241638007,0.125623746852999,0.282128319090887,0.28565733258209,11.9226096537552,11.4036126795782,11.6631111666667,0.470453584966804,50.7077068200938,11.5437332,11.580286280279,0.177958691776814,0.220448944211994
"3476997","2010-09-23",6.75904753923433,0,0.199109137886429,0.268588994501274,11.9248042264146,11.3986401069187,11.6617221666667,0.154622021406333,45.4080861077248,11.5249332,11.5540254429084,0.0277762082497413,0.181914397019543
"3476996","2010-09-24",6.52410837529994,0.205479452054793,0.110367732969264,0.19720172998219,11.9251302996757,11.3992027003243,11.6621665,0.474749693019117,49.6577031143089,11.5227996,11.5512660505206,0.0132539104826801,0.148182299712171
"3476995","2010-09-27",6.14867890676103,0.442791044776118,0.216090165610303,0.175189012155329,11.9339487719697,11.4016065613637,11.6677776666667,0.671153689333791,53.4716434957368,11.5362664,11.5684305771179,0.102961018129855,0.139138043395708
"3476994","2010-09-28",6.06855106368472,0.348268656716415,0.332179717849108,0.219545872142889,11.9365108598742,11.4036001401258,11.6700555,0.556196717805695,51.652021912669,11.5437332,11.5748625001688,0.128316935574202,0.136973821831406
"3476993","2010-09-29",5.9534483151965,0.562194029850745,0.451084577114426,0.333118153524609,11.9427574717145,11.4396871949522,11.6912223333333,0.808991289117141,55.3549332988629,11.5624,11.5995475001463,0.245335232714283,0.158646104007982
"3476992","2010-09-30",5.8895775691591,0.587074626865669,0.499179104477609,0.427481133147045,11.9460441645073,11.4785118354927,11.712278,0.818342335057409,55.7791379146278,11.5802668,11.6231638334602,0.345392317147919,0.195995346635969
"3476991","2010-10-01",5.99495115598894,0.653657037492317,0.60097523140291,0.517079637664979,11.9719908273186,11.4753428393481,11.7236668333333,0.87294657615259,57.1808556409168,11.5922668,11.6507419889988,0.456101337857406,0.248016544880257
"3476990","2010-10-04",5.66067608100443,0.473175871454913,0.571302511937633,0.557152282606048,11.9312941667163,11.4973731666171,11.7143336666667,0.746080891780401,52.997091191413,11.6017336,11.6581990571323,0.453021041764123,0.28901744425703
"3476989","2010-10-05",5.93783566971773,0.569722829789521,0.565518579578916,0.57926544097315,11.972886400444,11.4808919328893,11.7268891666667,1.01445869826815,57.1907868366591,11.6150668,11.6851058495147,0.550111456898672,0.341236246785358
"3476988","2010-10-06",6.39360162237088,0.852831299386421,0.631910000210285,0.589577030575608,12.0651781497814,11.4343781835519,11.7497781666667,1.18203105532531,63.516236733238,11.6484004,11.7453144029127,0.807584885704804,0.434505974569248
"3476987","2010-10-07",7.09928394357551,0.775442105263157,0.732665411479699,0.643364663756297,12.1410985443789,11.4021241222878,11.7716113333333,1.06767684256186,62.9130481471184,11.6820004,11.7952724825243,0.98727496814115,0.545059773283628
"3476986","2010-10-08",8.09693465916252,0.703224495325836,0.777165966658471,0.713913792782815,12.2115971496077,11.3832921837256,11.7974446666667,1.00075598209768,62.5294275714329,11.7049336,11.8372361515211,1.10894217065767,0.657836252758436
"3476985","2010-10-11",8.7347301374499,0.6580602705789,0.712242290389297,0.740691222842486,12.2536138395707,11.3701641604293,11.811889,0.88648607618695,60.6700898183822,11.7102668,11.8673819979849,1.159474671331,0.758163936472948
"3476984","2010-10-12",8.8125830693529,0.283875587899432,0.548386784601389,0.679265013883049,12.2617301419042,11.3800481914292,11.8208891666667,0.584687567846625,47.9488796471532,11.7158668,11.841953731587,0.925821096438817,0.791695368466122
"3476983","2010-10-13",8.6107147939073,0.694341929494872,0.545425929324401,0.602018334771693,12.3159156036205,11.3861963963795,11.851056,0.90520191157278,59.1588618072846,11.7349336,11.8825825673754,1.04814904352064,0.842986103477026
"3476982","2010-10-14",8.42326568099352,0.729162499999999,0.569126672464767,0.554313128796849,12.3649476132579,11.4062753867421,11.8856115,0.894005190602106,60.2061100573032,11.7566668,11.9249048917253,1.16688286117435,0.90776545501649
"3476981","2010-10-15",8.52552689064821,0.648761560012894,0.690755329835921,0.601769310541694,12.399499478807,11.436723521193,11.9181115,0.828562248393985,58.3919761938978,11.7786668,11.9535842394953,1.20577202417955,0.967366768849102
"3476980","2010-10-18",8.62048372818472,0.620536790507059,0.666153616839984,0.642011873046888,12.4210183398343,11.473315993499,11.9471671666667,0.758579254988965,58.3919761938978,11.7934668,11.9784396742292,1.22205495203864,1.01830440548701
"3476979","2010-10-19",9.51505055973754,0.379463209492943,0.549587186670965,0.63549871111562,12.4308719360793,11.496906397254,11.9638891666667,0.618370712912713,52.8511581089509,11.8069336,11.9759810509987,1.10090718154459,1.03482496069853
"3476978","2010-10-20",10.3457197604652,0.531245814694775,0.510415271564925,0.575385358358622,12.4368960087124,11.5393266579543,11.9881113333333,0.660554353315354,55.701314091013,11.8278668,11.9889609108655,1.06885093244742,1.0416301550483
"3476977","2010-10-21",12.1950791537931,0.138389628478825,0.349699550888847,0.469900669708243,12.3958765273536,11.6254574726464,12.010667,0.396735420140619,47.6691703947004,11.8390668,11.9610994560834,0.836269848032534,1.00055809364515
"3476976","2010-10-22",13.9123414475976,0.236600326788632,0.30207858998741,0.387397804147058,12.3753772424929,11.6711790908405,12.0232781666667,0.326514502516085,49.6248264191066,11.8530668,11.9467301952723,0.693337886224654,0.939114052161051
"3476975","2010-10-25",14.7801761074811,0.276779256957653,0.217256404075036,0.289678181650428,12.3655670483652,11.7007666183015,12.0331668333333,0.384922607537014,50.4408134808759,11.8684,11.9382768359027,0.59348380530333,0.869988002789507
"3476974","2010-10-26",16.0684955575131,0.0982106983098067,0.20386342735203,0.241066140471489,12.3477372178561,11.7347071154772,12.0412221666667,0.206193601312991,46.8116077959181,11.8705332,11.9131732577823,0.419271001127663,0.779844602457138
"3476973","2010-10-27",17.2647921896857,0.187501674122091,0.187497209796516,0.202872347074525,12.3453649965265,11.7406350034735,12.043,0.234134789883655,48.7955299870847,11.8798668,11.9003061567447,0.322563975191725,0.688388477004056
"3476972","2010-10-28",17.8757338394741,0.334824418075161,0.206845596835686,0.199402077994741,12.3412778622146,11.7564998044521,12.0488888333333,0.380298461263792,51.9782103682615,11.9016004,11.9038213358454,0.316872617170838,0.614085305037412
"3476971","2010-10-29",18.1379970418617,0.334824418075161,0.285716836757471,0.226686547796555,12.3396723395292,11.7665499938042,12.0531111666667,0.395703769978835,51.9782103682615,11.917334,11.9068678243993,0.308788915640634,0.553026027158056
"3476970","2010-11-01",18.4592214097027,0.237624938737321,0.302424591629214,0.26499567507412,12.3296878998348,11.7925341001652,12.061111,0.351065002147982,51.4165159885728,11.926534,11.9072854478128,0.287757054663262,0.499972232659098
"3476969","2010-11-02",17.9073624307875,0.450492329169948,0.340980561994143,0.309707330126939,12.3348677436352,11.8010205896982,12.0679441666667,0.591260515874942,55.8356464055506,11.9440004,11.9267580547711,0.363947784309615,0.472767342989201
"3476968","2010-11-03",17.3492377217367,0.514858984450417,0.400992084119228,0.348132412580858,12.3309102348475,11.8017557651525,12.066333,0.653919138294224,57.106160748903,11.9574672,11.9494129808016,0.448245715511297,0.46786301749362
"3476967","2010-11-04",17.5513083270876,0.533082598961034,0.499477970860466,0.413816872324609,12.3679676779841,11.7830316553492,12.0754996666667,1.01107070704932,60.9234982931554,11.9757336,11.9872685833614,0.599912306782735,0.494272875351443
"3476966","2010-11-05",18.0403788961847,0.79322302787467,0.613721537095373,0.504730530691686,12.4620197664154,11.7275349002513,12.0947773333333,1.18483280800641,67.6534315457684,12.0037336,12.0596327722465,0.907651171590396,0.576948534599234
"3476965","2010-11-08",17.8612081091284,0.688141315733273,0.671482314189658,0.594893940715163,12.5171992247926,11.7061337752075,12.1116665,0.967837501310699,63.5482163608923,12.0325336,12.1085710692803,1.06830503903752,0.675219835486891
"3476964","2010-11-09",17.5345239390537,0.661019189895559,0.714127844501167,0.666443898595396,12.5623828096388,11.7187278570279,12.1405553333333,0.894447989631463,62.4941529161688,12.0541336,12.147428260043,1.16344057101085,0.772863982591684
"3476963","2010-11-10",18.4004459444709,0.597144008159976,0.648768171262935,0.678126109984584,12.6260661477905,11.6926001855428,12.1593331666667,0.975650444640586,63.6309801070829,12.0665336,12.1873271587039,1.25450512340546,0.869192210754439
"3476962","2010-11-11",19.2273439763312,0.755686805928426,0.67128333466132,0.678059783475138,12.7110943510777,11.6544609822556,12.1827776666667,1.01999651239402,67.8971621435417,12.0872004,12.2472395375434,1.43445318900706,0.982244406404962
"3476961","2010-11-12",19.1293526671725,0.636368285137174,0.663066366408525,0.66103929077759,12.756928365331,11.6437383013357,12.2003333333333,0.846053513944196,62.1153273083627,12.1026672,12.2804969325376,1.46679262463665,1.0791540500513
"3476960","2010-11-15",19.3061786257415,0.638552039470117,0.676869043511905,0.670406248193913,12.8085742412437,11.6354254254229,12.2219998333333,0.843991737925966,62.7655701201396,12.1210672,12.3128746748659,1.49208287139704,1.16173981432045
"3476959","2010-11-16",18.2898447257523,0.394738140585989,0.556552821731092,0.632162743883838,12.8271884527535,11.6508112139131,12.2389998333333,0.649138808714908,54.6782749122908,12.1464004,12.3124913848838,1.3565107016708,1.20069399179052
"3476958","2010-11-17",17.2949616355078,0.38486968707134,0.472719955709148,0.568713940317379,12.8406005630612,11.6622881036055,12.2514443333333,0.610043533551838,54.3249179543697,12.1525336,12.3108258668993,1.22838523573769,1.20623224057995
"3476957","2010-11-18",17.5698411704932,0.565788045355413,0.448465291004246,0.492579356148159,12.8734512360598,11.6963260972735,12.2848886666667,0.767692864264957,59.4931872776416,12.1638668,12.3338264179794,1.23259345934787,1.21150448433354
"3476956","2010-11-19",17.8250864529796,0.616862068965517,0.522506600464089,0.481230615725825,12.9072148983121,11.7395624350212,12.3233886666667,0.797795229543991,62.1750561116835,12.1818668,12.3679828955821,1.29029648035404,1.22726288353764
"3476955","2010-11-22",17.3387029484774,0.439515641255173,0.540721918525367,0.503897936664565,12.9225261044947,11.786140562172,12.3543333333333,0.694672780578643,57.2042850223379,12.1946668,12.3802518428378,1.23660088986877,1.22913048480386
"3476954","2010-11-23",16.8870611228682,0.343,0.466459236740229,0.509895918576559,12.9136113441531,11.8624999891802,12.3880556666667,0.640328614377682,57.4858524314346,12.2150668,12.3922182637928,1.18675913949546,1.22065621574218
"3476953","2010-11-24",17.5764795634885,0.564107692307692,0.448874444520954,0.485351866595514,12.9271217966324,11.936878536701,12.4320001666667,0.832355876564568,62.6855905587128,12.2388004,12.4288118286204,1.26031022245283,1.22858701708431
"3476952","2010-11-26",18.6033950196438,0.662337662337662,0.523148451548451,0.479494044269875,12.9666051906242,11.9891728093758,12.477889,0.928446688180918,65.9537342806847,12.2800004,12.4796369181377,1.39447680444456,1.26176497455636
"3476951","2010-11-29",19.9327138117843,0.579923494708199,0.602122949784517,0.524715281951305,13.0014839306485,12.0495160693516,12.5255,0.94125089064918,66.1763178189536,12.3186672,12.525018662386,1.48887550352919,1.30718708035093
"3476950","2010-11-30",21.3189545264537,0.512284210526316,0.584848455857392,0.570039952396784,13.0123844707655,12.1346158625678,12.5735001666667,0.918804185104622,64.659013722538,12.3548008,12.5599055074012,1.5237566736457,1.35050099900988
"3476949","2010-12-01",23.6600634807933,0.704225352112676,0.598811019115729,0.595260808252543,13.1721438979273,12.1071901020728,12.639667,1.25151898900724,74.3959887620474,12.4168008,12.658584773081,1.85683465108748,1.4517677294254
"3476948","2010-12-02",25.8339503669658,0.769950704225352,0.662153422288114,0.615270965753742,13.3075355156129,12.1057981510538,12.7066668333333,1.14998381207855,75.706511549173,12.4798672,12.7565508033369,2.15089574924743,1.59159333338981
"3476947","2010-12-03",27.8525596184118,0.812204225352112,0.762126760563379,0.674363733989071,13.4420277064809,12.0863059601858,12.7641668333333,1.06079096029674,76.5379261240276,12.5409336,12.8494546962253,2.38996192017396,1.75126705074664
"3476946","2010-12-06",29.6798040551457,0.807514084507041,0.796556338028167,0.740278840293218,13.5581497289226,12.0622952710774,12.8102225,0.973754312315117,76.2260809660074,12.6017336,12.9290834033953,2.54231247164713,1.90947613492674
"3476945","2010-12-07",31.6643397203201,0.848886666666666,0.822868325508606,0.793850474700048,13.684380811876,12.0518415214574,12.8681111666667,0.978258320998689,78.05715221376,12.6682668,13.0149829496092,2.70733949194242,2.06904880632987
"3476944","2010-12-08",33.5746356750498,0.810679152133864,0.82235996776919,0.813928210435318,13.7914241111679,12.0634645554988,12.9274443333333,0.923940670908601,78.05715221376,12.7290668,13.0894292229947,2.80260291215877,2.21575962749565
"3476943","2010-12-09",34.637916067578,0.706699091683814,0.788754970161448,0.811327754479745,13.879070301565,12.077595698435,12.978333,0.856806029284653,73.236735429986,12.7844,13.1415053265954,2.78639804859613,2.32988731171575
"3476942","2010-12-10",35.6517324541519,0.752293009846353,0.756557084554677,0.789224007495102,13.9671744243576,12.0836022423091,13.0253883333333,0.843996196610849,74.565767982588,12.8372,13.1964152830493,2.78479520453048,2.42086889027869
"3476941","2010-12-13",36.6305214176656,0.814645733076126,0.757879278202097,0.767730444306071,14.0523806692677,12.1145073307323,13.083444,0.842244246211287,76.3482733175742,12.8822668,13.2577825786428,2.81233465949731,2.49916204412242
"3476940","2010-12-14",37.5393968837854,0.865079365079365,0.810672702667281,0.775036355141349,14.1320252596142,12.1506410737191,13.1413331666667,0.824017676415423,77.9580942729419,12.9354668,13.3243009014904,2.85978212653664,2.57128606060526
"3476939","2010-12-15",37.3804798118009,0.748535087719299,0.809420061958262,0.792657347609211,14.1663406726388,12.2453256606946,13.2058331666667,0.759555580548024,71.8164776037083,12.9850668,13.366394114625,2.79296598334817,2.61562204515384
"3476938","2010-12-16",37.3117303442645,0.780701754385965,0.798105402394876,0.80606605567347,14.1814746309051,12.3656363690949,13.2735555,0.754428588924047,72.5484993421832,13.0342668,13.407764232675,2.72960037129786,2.63841771038265
"3476937","2010-12-17",37.7870932828048,0.760988354363611,0.763408398822958,0.790311287725363,14.2147191914598,12.4530588085402,13.333889,0.768370493683418,73.2291128408399,13.0772,13.448062334985,2.66765131220521,2.64426443074716
"3476936","2010-12-20",38.6822263966864,0.704725571946567,0.748805226898714,0.770106342705513,14.2678769035791,12.5307904297543,13.3993336666667,0.834277927677443,76.7116592450269,13.1332,13.5078766903203,2.69788414158045,2.65498837291382
"3476935","2010-12-21",39.7435962989937,0.69721634575161,0.720976757353929,0.744396794358531,14.300755577283,12.646467422717,13.4736115,0.855138753615422,78.0306779281204,13.1913336,13.5703824649443,2.73606717122534,2.67120413257612
"3476934","2010-12-22",41.1781617277539,0.73539175257732,0.712444556758498,0.727408847003711,14.3324916255426,12.7857313744574,13.5591115,0.943795453228785,80.7249211458471,13.2653336,13.6489981362851,2.83993657003132,2.70495062006716
"3476933","2010-12-23",42.8694888612893,0.858383983768739,0.763664027365889,0.732361780492769,14.4295458641218,12.8616771358782,13.6456115,1.03926825511759,83.9282192504347,13.3508004,13.754021051447,3.04646415517515,2.77325332708876
"3476932","2010-12-27",44.476392280313,0.871342105263159,0.821705947203072,0.765938177109151,14.5203837606212,12.9333945727122,13.7268891666667,1.00115705853122,84.3005263848141,13.4304004,13.8499289112541,3.19025995719571,2.85665465311015
"3476931","2010-12-28",46.1964007119329,0.829393700787401,0.853039929939766,0.812803301502906,14.6063761811568,13.0134018188432,13.809889,0.999483451935605,84.9163921530614,13.5081336,13.9410490564202,3.29707590536199,2.94473890356052
"3476930","2010-12-29",47.9278316370863,0.815270480961776,0.838668762337444,0.837804879826758,14.6710696046366,13.1212633953634,13.8961665,0.997156888856866,85.4293518937097,13.5930668,14.0266865155642,3.3681436158971,3.02941984602784
"3476929","2010-12-30",49.5355889247287,0.893234374999999,0.845966185583058,0.84589162595342,14.788962282555,13.1335930507783,13.9612776666667,0.971765242264699,86.546263616871,13.6821336,14.1160176468223,3.44623900491503,3.11278367780527
"3476928","2010-12-31",48.661881014911,0.642462688443264,0.783655848135012,0.822763598685169,14.8445637823211,13.1811028843456,14.0128333333334,0.80421915374299,71.453666726523,13.7517336,14.1547712939127,3.30233971288683,3.15069488482158
"3476927","2011-01-03",48.1237931254283,0.706703091349417,0.747466718264226,0.792362917327429,14.9041398577877,13.2290821422123,14.066611,0.818428231879432,72.8038081023929,13.8186668,14.198579121391,3.1941025103281,3.15937640992289
"3476926","2011-01-04",45.6831297848535,0.43296489654999,0.59404355878089,0.708388708393373,14.9183030108795,13.3011413224539,14.1097221666667,0.667819438593592,59.8203669506109,13.8721336,14.1929912385388,2.88913177113166,3.10532748216464
"3476925","2011-01-05",42.9461909883201,0.331411132052635,0.49035970665068,0.610623327898596,14.9161215699733,13.3549897633601,14.1355556666667,0.519217467655771,56.6033153209758,13.9230668,14.1752590734003,2.56314260744821,2.99689050722136
"3476924","2011-01-06",40.8916744643247,0.445105178353645,0.403160402318756,0.495854555916772,14.9200366461439,13.4157416871895,14.1678891666667,0.592254181385043,60.1816158608117,13.9594668,14.179891196947,2.36302283201975,2.87011697218103
"3476923","2011-01-07",39.2954606185634,0.512459163410416,0.429658491272231,0.441059533413886,14.926436436492,13.491786563508,14.2091115,0.664810363224626,63.7575436906662,13.9988004,14.2061283706874,2.27282514642282,2.75065860702939
"3476922","2011-01-10",37.8132620474993,0.505836621296664,0.487800321020241,0.440206404870407,14.9301654559609,13.5675022107058,14.2488338333334,0.660672737079893,64.4451914298327,14.0370672,14.2333112545957,2.19449201950177,2.63942528952387
"3476921","2011-01-11",36.4642576092165,0.487075375324893,0.501790386677323,0.473083066323262,14.9337362988141,13.6380423678526,14.2858893333333,0.655816633729865,65.0171647683011,14.0766672,14.260425753983,2.12257509402485,2.53605525042406
"3476920","2011-01-12",34.9428366467013,0,0.330970665540518,0.440187124412691,14.9139326126428,13.6914013873572,14.302667,0.349675005268606,48.3656996327032,14.0900008,14.2132583201186,1.74514544320814,2.37787328898088
"3476919","2011-01-13",33.9769085973304,0,0.16235845844163,0.331706503553154,14.8923859794688,13.7305036871979,14.3114448333333,0.128667347627739,45.1542227197286,14.0978676,14.1541572107694,1.3524055700004,2.17277974518478
"3476918","2011-01-14",33.0799754086289,0.0501537622374999,0.0167179207458324,0.170015681575991,14.8710355709798,13.7689647623535,14.3200001666667,0.124945302880709,46.6430402647006,14.1116008,14.1100469160002,1.05898281934123,1.95002036001607
"3476917","2011-01-18",31.883176442653,0.0877714350201723,0.0459750657525566,0.0750171483133369,14.8539176110783,13.8010823889218,14.3275,0.147773308811702,47.7878748571695,14.1240008,14.0771513272001,0.839472885878956,1.72791086518865
"3476916","2011-01-19",31.0420153595186,0.0188088363913362,0.052244677883002,0.0383125547937943,14.8634652939425,13.7817567060576,14.322611,0.0928777199340017,45.8458358869741,14.129334,14.0388644835735,0.616112065622954,1.50555110527551
"3476915","2011-01-20",30.1670986638395,0.0626992561105209,0.056426509174009,0.0515487509365198,14.8733914139692,13.7576082526975,14.3154998333333,0.144545779951242,47.3133477677518,14.132534,14.011905219097,0.460475532224702,1.29653599066535
"3476914","2011-01-21",29.3546760178518,0.0846397637610147,0.0553826187542898,0.0546846019370975,14.8828251050937,13.7155078949063,14.2991665,0.174230366278089,48.0709165117785,14.141334,13.9916511898841,0.346510520801613,1.1065308966926
"3476913","2011-01-24",28.3902686615184,0.125783018867925,0.0910406795798195,0.0676166025027033,14.867209747648,13.6779005856853,14.2725551666667,0.236259914552101,49.5226166288546,14.1504004,13.9798750312329,0.277980826789914,0.940820882712064
"3476912","2011-01-25",26.9009112420514,0.215451219512195,0.141958000713711,0.0961270996826039,14.8402190247488,13.6546696419179,14.2474443333333,0.308155608451397,50.9981981415366,14.1598672,13.9754476937351,0.245881525387226,0.801833011247096
"3476911","2011-01-26",25.619240935291,0.422768292682926,0.254667510354348,0.162555396882623,14.7972226947541,13.6579996385792,14.2276111666667,0.483566724211553,56.3840720960769,14.1686672,13.9942773345705,0.314995486386804,0.704465506275038
"3476910","2011-01-27",24.1554681138863,0.36179268292683,0.333337398373983,0.243320969814011,14.7357893793587,13.6697669539746,14.2027781666667,0.469255024516453,54.4871732197641,14.1722672,14.0039296899611,0.336919718539819,0.630956348727994
"3476909","2011-01-28",23.4916175327344,0,0.261520325203251,0.283175077977191,14.6457957356814,13.6792052643186,14.1625005,0.266363825538633,44.4928321604124,14.156134,13.9709617312996,0.173358332326767,0.539436745447749
"3476908","2011-01-31",22.8751848502363,0.0519962079848331,0.137929630303887,0.244262451293704,14.5991619367206,13.6628390632794,14.1310005,0.241424131709848,45.984225417291,14.1306672,13.948166833793,0.0678109240467517,0.445111581167549
"3476907","2011-02-01",22.7564496083639,0,0.0173320693282768,0.138927341611802,14.5262701878122,13.6575091455211,14.0918896666667,0.18448209194118,42.7489625783475,14.0992008,13.9133005892872,-0.0807696153897863,0.339935341856082
"3476906","2011-02-02",22.6461954551966,0.240568307248181,0.0975215050776705,0.0842610682366087,14.4883960552884,13.6478276113783,14.0681118333333,0.306612813216582,48.5917759066327,14.0721344,13.9057498440489,-0.0988605946700361,0.252176154550859
"3476905","2011-02-03",22.7771893236852,0.160374154473157,0.133647487240445,0.0828336872154615,14.4796556625919,13.6269013374081,14.0532785,0.283773011106941,46.8744077014184,14.0408012,13.8916498648424,-0.144480517124379,0.172844820215811
"3476904","2011-02-04",22.9687712595008,0.136784309285936,0.179242257002424,0.136803749773511,14.4484927691484,13.6137305641849,14.0311116666667,0.299006632464857,46.3554067981068,14.0042676,13.8772072161968,-0.188215739469366,0.100632708278776
"3476903","2011-02-07",23.0722258868031,0.339625845526844,0.212261436428645,0.175050393557169,14.3790566263793,13.6348333736207,14.006945,0.439908264756703,51.3440741442946,13.9850676,13.8838022540372,-0.137915087715645,0.0529231490798915
"3476902","2011-02-08",23.6251640003231,0.193388616873745,0.223266257228841,0.204923316886634,14.2869474770545,13.6687201896122,13.9778338333333,0.350733699604569,47.8866045204287,13.9586676,13.8757392868322,-0.156360420550739,0.0110664351537655
"3476901","2011-02-09",24.1386065343059,0.198115076557326,0.243709846319304,0.226412513325594,14.1517415345413,13.743592798792,13.9476671666667,0.345104261112205,48.0084651388877,13.9454676,13.8691967152546,-0.167125614795482,-0.0245719748360841
"3476900","2011-02-10",24.3286755476625,0.273582769648772,0.22169548769328,0.229557197080472,14.1266530868713,13.749903246462,13.9382781666667,0.480973670330187,50.0181863594093,13.9382676,13.8706371532207,-0.142973629218379,-0.0482523057125431
"3476899","2011-02-11",24.0774085773951,0.278295078255457,0.249997641487184,0.23846765849992,14.1282835252134,13.7552724747867,13.941778,0.522033306137326,50.1477684899024,13.9252008,13.8723295327912,-0.120505888883815,-0.0627030223467975
"3476898","2011-02-14",23.844089247861,0.30659723204936,0.286158359984528,0.252617163054995,14.1297116128395,13.7580667204938,13.9438891666667,0.513446976140166,50.9699466131888,13.9062672,13.8764629284191,-0.0900277824457119,-0.0681679743665804
"3476897","2011-02-15",23.7879464625358,0.275362318840581,0.286751543048465,0.274302514840056,14.1287400624377,13.7572609375623,13.9430005,0.488934775267945,49.7911250118377,13.884934,13.8764905379632,-0.080454298642807,-0.0706252392218257
"3476896","2011-02-16",23.7358138761624,0.448081967213116,0.343347172701018,0.305419025244668,14.1330133966572,13.7637652700095,13.9483893333333,0.612690258023558,53.4175767645191,13.8658672,13.8876251329014,-0.0241444882720931,-0.0613290890318792
"3476895","2011-02-17",22.5808255521061,0.520833333333333,0.414759206462342,0.348285974070606,14.1393009040511,13.7669224292823,13.9531116666667,0.661730615705923,52.2790913158898,13.8670672,13.8941644485146,0.0068211355990444,-0.0476990441056945
"3476894","2011-02-18",21.5083363940537,0.583333333333335,0.517416211293261,0.425174196818871,14.1474829792015,13.7701850207985,13.958834,0.697463741871254,53.647169017303,13.874934,13.9038318553793,0.0482064283164219,-0.0285179496212712
"3476893","2011-02-22",21.6330068230445,0.0521730056868611,0.385446557451175,0.439207325068924,14.1462839234806,13.7653840765194,13.955834,0.350492632675855,45.9270105189789,13.874134,13.8904316079954,-0.0136762347837771,-0.0255496066537724
"3476892","2011-02-23",22.9092912886202,0,0.211835446340064,0.371566071694831,14.164896019741,13.7108826469257,13.9378893333334,-0.109628151737188,37.4086691616328,13.862134,13.8468180602627,-0.200196440982847,-0.0604789735195874
"3476891","2011-02-24",24.633370814419,0,0.0173910018956194,0.204891001895617,14.1626098532287,13.6441684801047,13.9033891666667,-0.24165087883153,33.2568989040141,13.8470672,13.7890196522277,-0.431365916020821,-0.134656362019834
"3476890","2011-02-25",26.2343018026607,0.0265484376244452,0.00884947920814751,0.0793586424812745,14.1547881021418,13.5848785645249,13.8698333333334,-0.150886925349307,34.3038452509861,13.8309336,13.741594365264,-0.596929935421597,-0.227111076700187
"3476889","2011-02-28",24.5818749294062,0.345129689117795,0.123892708914079,0.0500443966726128,14.1484614427335,13.5813158905999,13.8648886666667,0.452195693154911,45.3767488594395,13.8234668,13.7324924498954,-0.580826447187943,-0.297854150797738
"3476888","2011-03-01",23.3638787636456,0.611339179439842,0.327672435394027,0.153471541172082,14.1633963683873,13.5798256316128,13.871611,0.759995330652212,53.8669946278469,13.8240004,13.757049456576,-0.420260725031807,-0.322335465644552
"3476887","2011-03-02",21.7282053257133,0.489882673014793,0.482117180524143,0.311227441610747,14.1688716050974,13.5854613949026,13.8771665,0.588657173111023,50.4000652514794,13.8188004,13.7649988623659,-0.347739144133741,-0.32741620134239
"3476886","2011-03-03",20.544909323019,0.785422790098866,0.628881547517833,0.479557054478665,14.197052896989,13.5781687696777,13.8876108333334,0.866518529058848,57.5581508278686,13.8165336,13.8043323473838,-0.146163542344313,-0.291165669542774
"3476885","2011-03-04",20.1724260045167,0.380571817232249,0.551959093448635,0.554319273830201,14.1962600652508,13.5762949347493,13.8862775,0.428940896029026,47.4549165327719,13.8029336,13.7939773677326,-0.179397291787109,-0.268811993991641
"3476884","2011-03-07",21.1539676179764,0,0.388664869110371,0.523168503358944,14.2245917035521,13.5094079631146,13.8669998333334,-0.0442282097025418,37.8636997898324,13.7838668,13.7254470520349,-0.462564480565031,-0.307562491306319
"3476883","2011-03-08",22.0653991161889,0.243898104884652,0.208156640705633,0.382926867754877,14.2201443096925,13.4796326903076,13.8498885,0.18954999852086,44.207333383122,13.7724,13.6971647784303,-0.544401075583623,-0.35493020816178
"3476882","2011-03-09",22.7861687176389,0.466900812192293,0.236932972358981,0.277918160724992,14.2155646020681,13.472657397932,13.844111,0.40024640190041,49.3036434312945,13.774,13.7010988079729,-0.478167782355288,-0.379577723000481
"3476881","2011-03-10",24.6274232655324,0,0.236932972358981,0.227340861807862,14.251690059561,13.3797539404391,13.815722,-0.0723530914580567,39.669976283518,13.7477332,13.6342856335765,-0.728385208605042,-0.449339220121394
"3476880","2011-03-11",26.3371596314336,0.0610898357240014,0.175996882638764,0.216620942452239,14.2648875880057,13.307445078661,13.7861663333333,0.0339984779117313,41.1588215870704,13.7262664,13.584824882433,-0.880302490048512,-0.535531874106817
"3476879","2011-03-14",28.185325551355,0,0.0203632785746663,0.144431044524134,14.2801022659111,13.2200084007556,13.7500553333333,0.0073279038455284,38.823619868802,13.6997332,13.5228482314419,-1.07474195436884,-0.643373890159222
"3476878","2011-03-15",30.721431064719,0,0.0203632785746663,0.0722411465960296,14.3653619862208,13.0157490137792,13.6905555,-0.190320498560802,30.9861918496472,13.6437332,13.3900244672497,-1.5692496423821,-0.828549040603797
"3476877","2011-03-16",33.0593845085073,0.161789473684211,0.0539298245614029,0.0315521272369093,14.3787201636986,12.9029461696348,13.6408331666667,0.0281189151357102,37.3382545383768,13.6029332,13.311798538283,-1.77819958769806,-1.01847915002265
"3476876","2011-03-17",35.0862083229601,0.237812865497076,0.133200779727095,0.0691646276210522,14.3570538662213,12.8296121337787,13.593333,0.137736535816331,40.1268931777943,13.5671996,13.261336066512,-1.84549134813337,-1.18388158964479
"3476875","2011-03-18",36.0997442188606,0.380116959064328,0.259906432748537,0.149012345679009,14.3071191822252,12.8038801511081,13.5554996666667,0.30120948133936,45.0559649072359,13.5390664,13.2500472576437,-1.73128353225427,-1.29336197816669
"3476874","2011-03-21",35.5920237538086,0.567780227034291,0.395236683865231,0.262781298780285,14.2515395399945,12.8132371266722,13.5323883333333,0.526921783839056,50.6856001221463,13.5233332,13.2820409566245,-1.43340669312126,-1.3213709211576
"3476873","2011-03-22",34.7395750333742,0.599212570579845,0.515703252226154,0.390282122946638,14.2206557320145,12.8180099346522,13.5193328333333,0.584443152758919,51.5946903611153,13.5089332,13.3168794957413,-1.15178738479446,-1.28745421388497
"3476872","2011-03-23",34.3347483785964,0.553877387402533,0.573623395005555,0.494854443698977,14.2082300399835,12.8111022933498,13.5096661666667,0.470017416015866,48.694375644054,13.4891996,13.3257395629758,-1.01391962437227,-1.23274729598243
"3476871","2011-03-24",33.8572954421404,0.727726374883044,0.626938777621806,0.572088474951169,14.2104830268403,12.8127386398264,13.5116108333333,0.533031194469893,50.9818975208152,13.4710664,13.3498636212457,-0.820554801038142,-1.15030879699358
"3476870","2011-03-25",32.3857300079542,0.751809040503712,0.677804267596429,0.626122146741261,14.2234341388819,12.8180101944515,13.5207221666667,0.614122978551977,52.1007201775795,13.4562664,13.3787711384129,-0.623986196734805,-1.04504427694182
"3476869","2011-03-28",30.8149946065768,0.756379379950719,0.745304931779158,0.683349325665795,14.2098419158459,12.8208244174874,13.5153331666667,0.654543409462926,52.9991590883296,13.4421328,13.4100456532912,-0.435253729160689,-0.923086167385595
"3476868","2011-03-29",30.1394025565224,0.56612559687052,0.691438005774983,0.704849068383521,14.1425099566251,12.8340450433749,13.4882775,0.495373076797579,47.3914345254057,13.4235996,13.4007062328524,-0.445043954257984,-0.827477724760073
"3476867","2011-03-30",28.6357726930253,0.60633395098179,0.642946309267675,0.693229748940603,14.0980588281069,12.8469405052265,13.4724996666667,0.612566225025325,49.0893410696314,13.4178664,13.4032787351387,-0.400072798380835,-0.741996739484225
"3476866","2011-03-31",27.2395449626352,0.703616976508997,0.625358841453768,0.65324771883214,14.0162113753176,12.8880099580158,13.4521106666667,0.725626969407157,52.0737774145495,13.4238664,13.4246189037869,-0.275074649842466,-0.648612321555873
"3476865","2011-04-01",25.9430477844158,0.834843517745515,0.714931481745433,0.661078877488956,14.0105006422046,12.8906096911287,13.4505551666667,0.821958282027599,55.8347773271353,13.4368,13.468892383282,-0.0595484301881943,-0.530799543282338
"3476864","2011-04-04",25.1247776872955,0.699165183383891,0.745875225879467,0.695388516359554,14.0354138135771,12.8903631864229,13.4628885,0.728422068972946,53.1254889726232,13.4354668,13.4917067321777,0.0405978349552472,-0.416520067634821
"3476863","2011-04-05",24.3649554542552,0.703122802741241,0.745710501290215,0.735505736305036,14.0493717607994,12.887738572534,13.4685551666667,0.727933254669412,54.0178767987157,13.4261332,13.5172565012207,0.144019681501883,-0.30441211780748
"3476862","2011-04-06",22.6693638998668,0.621719101123596,0.674669029082909,0.722084918750861,14.0612732359288,12.8830590974046,13.4721661666667,0.814083114916783,55.0113443744202,13.4226664,13.5456223010579,0.250693213002839,-0.193391051645416
"3476861","2011-04-07",21.213342661543,0.547012820512821,0.623951574792552,0.681443701721889,14.1112780342642,12.8898322990691,13.5005551666667,0.814292717996748,55.819058057211,13.4109332,13.5750953275835,0.352710054681249,-0.0841708303800831
"3476860","2011-04-08",20.2764920458305,0.299141025641027,0.489290982425814,0.595970528767089,14.1289609611156,12.9067050388844,13.517833,0.63722194368848,50.6552037712181,13.4047996,13.5748599505724,0.314962591400625,-0.00434414602394147
"3476859","2011-04-11",19.7131766302056,0.188038461538462,0.344730769230769,0.485991108816376,14.1298546036187,12.9369227297147,13.5333886666667,0.504611607296001,48.4898733430622,13.4130664,13.5631012904961,0.230889053520755,0.0427024938849979
"3476858","2011-04-12",18.3291473864323,0,0.162393162393162,0.332138304683246,14.0501393441476,13.0877486558524,13.568944,0.397185899098198,43.5539750777105,13.4034664,13.5244651184299,0.0366953866727027,0.0415010724425388
"3476857","2011-04-13",17.7218181065974,0,0.0626794871794867,0.18993447293447,13.9963156609625,13.1757946723708,13.5860551666667,0.135123897910461,39.4339549364136,13.3771996,13.4638697693059,-0.236668567826359,-0.0141328556112408
"3476856","2011-04-14",17.1578694896078,0.114285714285714,0.0380952380952372,0.0877226292226262,13.9543382732623,13.2416613934044,13.5979998333333,0.052237707785658,42.8688164416945,13.3767996,13.4273538000652,-0.377873266196849,-0.0868809377283623
"3476855","2011-04-15",16.3561698505149,0.23492380952381,0.116403174603174,0.0723926332926301,13.9353836069861,13.2809493930139,13.6081665,0.273601129795171,46.3289833265778,13.3789332,13.4125959600565,-0.40919828959145,-0.15134440810098
"3476854","2011-04-18",15.6117344713571,0.269838095238095,0.206349206349205,0.120282539682536,13.9374210493014,13.264356284032,13.6008886666667,0.239497085004632,47.3233472703959,13.3882664,13.4046938320489,-0.407329006527579,-0.2025413277863
"3476853","2011-04-19",14.6282346866597,0.203171428571428,0.235977777777777,0.186243386243383,13.9375480617382,13.2382292715952,13.5878886666667,0.19954761267456,45.5866139213469,13.4185328,13.3885119877757,-0.442966051517046,-0.250626272532449
"3476852","2011-04-20",13.8511385269232,0.349209523809523,0.274073015873015,0.238799999999996,13.9372565354396,13.2408544645604,13.5890555,0.359359742364033,49.9221744470414,13.4438664,13.3949330560723,-0.374507462564955,-0.27540251053895
"3476851","2011-04-21",13.3923024176996,0.333333333333333,0.295238095238094,0.268429629629626,13.9363121269762,13.2361318730238,13.586222,0.378442730254727,49.4607874491405,13.4633332,13.3982753152627,-0.326531218224713,-0.285628252076103
"3476850","2011-04-25",13.2670686960442,0.412695238095238,0.365079365079364,0.311463492063489,13.9285940311556,13.2338496355111,13.5812218333333,0.499839029527917,51.856107365075,13.4763996,13.412282606561,-0.235628542159094,-0.275628310092701
"3476849","2011-04-26",12.8599513012028,0.358733333333333,0.368253968253967,0.342857142857139,13.9127396676112,13.2310379990555,13.5718888333333,0.45811633155135,50.1167925552058,13.4746664,13.4168675923529,-0.195442477551178,-0.259591143584396
"3476848","2011-04-27",12.4819137202787,0.492066666666667,0.421165079365079,0.384832804232801,13.9179158218435,13.2399731781565,13.5789445,0.565480711502713,54.2041321672688,13.4764,13.4395079133725,-0.0785812855390922,-0.223389171975336
"3476847","2011-04-28",12.5609196605946,0.662702380952382,0.504500793650793,0.43130661375661,13.9239572571916,13.2407097428085,13.5823335,0.644574010521669,55.3303326549798,13.4861336,13.4644628582561,0.0374344138529548,-0.171224454809678
"3476846","2011-04-29",13.4641211800969,0.773382110136295,0.642717052585114,0.522794308533659,13.9482222999898,13.2314453666769,13.5898338333333,0.872272256911764,59.6090906471765,13.4973336,13.5074238104887,0.222244838578556,-0.0925305961320309
"3476845","2011-05-02",13.0617354304203,0.525181564095094,0.653755351727923,0.600324399321274,13.9258535344613,13.2364807988721,13.5811671666667,0.582122240133174,51.9114026311894,13.4969336,13.5139899690902,0.228446060855569,-0.0283352647345108
"3476844","2011-05-03",12.5730283413247,0.499994604335955,0.599519426189114,0.631997276834048,13.9128139810672,13.2359646855995,13.5743893333333,0.521418849706124,51.1889953512404,13.4937336,13.5165686398781,0.216920387789599,0.0207158657703111
"3476843","2011-05-04",11.7654118710615,0.28925087086417,0.438142346431739,0.563805708116256,13.8943173431983,13.2287946568017,13.561556,0.372442114443417,47.8119831851861,13.4970668,13.5041368212277,0.140496366033394,0.0446719658229276
"3476842","2011-05-05",11.2722396616703,0.177573106793395,0.322272860664506,0.453311544428451,13.8519310522276,13.2368476144391,13.5443893333333,0.426027380127592,47.4038594351918,13.4966668,13.491585245064,0.0711003166699919,0.0499576359923405
"3476841","2011-05-06",10.8769504547921,0.168222726890404,0.211682234849323,0.32403248064852,13.7904067239236,13.2598159427431,13.5251113333333,0.450574590443638,47.1868112752359,13.4902668,13.4798178790555,0.0119306300323085,0.0423522348003341
"3476840","2011-05-09",10.6121007706936,0,0.115265277894599,0.21640679113614,13.7725627280511,13.2453269386155,13.5089448333333,0.221715591126552,41.464992379391,13.4686668,13.4447314951814,-0.145269032549844,0.00482798133029846
"3476839","2011-05-10",12.566355385084,0.394557823129252,0.187593516673218,0.171513676472377,13.9034691619252,13.1698651714081,13.5366671666667,1.25881471092814,58.3607533386233,13.4749336,13.4916566291572,0.0768262749887061,0.01922764006198
"3476838","2011-05-11",14.7440764832346,0.79482230044283,0.396460041190693,0.233106278586168,14.2064221148976,12.9860238851024,13.596223,1.37257610453276,70.299206948762,13.5094672,13.6323250786029,0.68941432751799,0.153264977553182
"3476837","2011-05-12",17.5385310178793,0.668675705836906,0.619351943136329,0.401135167000077,14.5081328869849,12.8497577796818,13.6789453333333,1.26108715961888,72.0266523674701,13.548134,13.7742377347892,1.24238660561464,0.371089303165474
"3476836","2011-05-13",20.1986067598331,0.752940449824852,0.738812818701529,0.584874934342848,14.7861754239905,12.7548259093428,13.7705006666667,1.15941187882297,74.4453141560329,13.5944004,13.9274500368173,1.78491845422908,0.653855133378195
"3476835","2011-05-16",21.3118415687991,0.598528230965385,0.673381462209047,0.677182074682299,14.9213788714742,12.7470664618591,13.8342226666667,0.914025446704786,65.0869024402585,13.6344004,14.0135673652417,1.98425780749389,0.919935668201335
"3476834","2011-05-17",22.2369152077506,0.585292897920287,0.645587192903507,0.685927157938025,15.0144350963773,12.772899236956,13.8936671666667,0.821554600002132,64.3403062011159,13.6766668,14.0842023832095,2.09839238997818,1.1556270125567
"3476833","2011-05-18",23.0702973477506,0.582354653984277,0.588725260956649,0.635897972023065,15.0863199464047,12.8212370535954,13.9537785,0.776468837110255,64.1643422929065,13.7272004,14.1445313987815,2.15838775993165,1.35617916203169
"3476832","2011-05-19",24.1670742980836,0.566176665225486,0.577941405710016,0.604084619856721,15.156123387512,12.863544612488,14.009834,0.762756220155185,63.1404146457936,13.7844004,14.1919272122773,2.15890203784086,1.51672373719353
"3476831","2011-05-20",24.3969921648419,0.477941111591505,0.542157476933755,0.569608047866804,15.1880509151378,12.9213950848622,14.054723,0.651839108259381,57.7294270433306,13.8288004,14.206336917307,2.02192892235789,1.6177647742264
"3476830","2011-05-23",24.0369239863088,0.408821790652325,0.484313189156438,0.5348040239334,15.2025057253801,12.9732736079533,14.0878896666667,0.5702276202836,53.8372506542928,13.8618668,14.1979359949994,1.80369693181954,1.65495120574503
"3476829","2011-05-24",23.2811983530843,0.355880458471936,0.414214453571921,0.480228373220702,15.2030870356767,13.03058063099,14.1168338333333,0.502479240868995,51.0009416278397,13.8886668,14.1746551956662,1.54485447243913,1.63293185908385
"3476828","2011-05-25",22.579453122233,0.364704013835334,0.376468754319865,0.424998799016072,15.2035565223765,13.0785551442902,14.1410558333333,0.484339225842455,51.459932954113,13.9190668,14.1571451695773,1.33574408368842,1.57349430400476
"3476827","2011-05-26",22.8563009441839,0.395586457607228,0.372056976638165,0.387580061509981,15.2133748461754,13.1284031538246,14.170889,0.551265763971182,53.1153232251715,13.9461332,14.151303146967,1.19616986218325,1.49802941564046
"3476826","2011-05-27",23.1133739217097,0.239129403673532,0.333139958372031,0.360555229776684,15.2230450121486,13.1575103211848,14.1902776666667,0.526223556981933,55.1545874038873,13.9773332,14.1577960607048,1.12204251016217,1.4228320345448
"3476825","2011-05-31",23.8920449238106,0.0913287671232879,0.242014876134682,0.315737270381623,15.2249607358337,13.2214835974997,14.2232221666667,0.536660180407346,53.8925396449056,14.0034668,14.1576459192775,1.02674468084596,1.34361456380503
"3476824","2011-06-01",25.1699634966928,0.232876712328767,0.187778294375195,0.254311042960633,15.236412130189,13.3043655364777,14.2703888333333,0.635520109876694,58.741613603932,14.0401332,14.1850704633738,1.05666173152932,1.28622399734989
"3476823","2011-06-02",26.0591976989089,0.184931506849315,0.169712328767123,0.199835166425664,15.20974552419,13.4196988091434,14.3147221666667,0.52715450548007,56.5713598154543,14.0683996,14.1995050682573,1.02844691780104,1.23466858144012
"3476822","2011-06-03",25.8279876279438,0.00323223721137251,0.140346818796484,0.165945813979598,15.1654941197662,13.5326168802339,14.3490555,0.399870713256939,49.1254806874047,14.0843996,14.1764603924897,0.844699296139795,1.15667472438005
"3476821","2011-06-06",24.6824798353865,0,0.0627212480202285,0.124260131861276,15.1160864821168,13.6246911845499,14.3703888333333,0.201731995048055,42.8933152074051,14.083066,14.1200430068244,0.536821267404064,1.03270403298486
"3476820","2011-06-07",23.6187940280119,0.080596774337987,0.0279430038497859,0.0770036902221636,15.0191664107705,13.7812775892295,14.400222,0.143477406328002,45.3516077074014,14.0945324,14.0831479392478,0.339866575469205,0.894136541481726
"3476819","2011-06-08",22.3694773761347,0.0119462329963189,0.0308476691114347,0.0405039736604805,15.0411938305054,13.7333611694946,14.3872775,0.0772923785937088,43.628822675329,14.103866,14.0409508806814,0.137841212573986,0.742877475700178
"3476818","2011-06-09",21.6222228527047,0.0686594965388164,0.0537341679577069,0.0375082803063066,15.0213691250936,13.6794078749064,14.3503885,0.181767885170227,45.4716560427061,14.1201328,14.0128240965906,0.0136878136443697,0.597039543289017
"3476817","2011-06-10",20.3111601703889,0,0.0268685765117112,0.0371501378602817,14.955875076955,13.623234923045,14.289555,0.0759457907608287,41.4051507955394,14.129866,13.9648915503785,-0.184864424279896,0.440658749775234
"3476816","2011-06-13",19.4240215550978,0.0246574666918716,0.0311056544102287,0.0372361329598797,14.809227737584,13.6368822624161,14.223055,0.122075281802158,42.3479911010277,14.141066,13.927350010328,-0.321702061366669,0.288186587546854
"3476815","2011-06-14",18.8644063424015,0.161646132476349,0.0621011997227396,0.040025143548224,14.7328145859516,13.6318510807151,14.1823328333333,0.2617243150335,47.4108488362978,14.1663992,13.9170366756176,-0.329893968319661,0.164570476373551
"3476814","2011-06-15",18.7386222761755,0.18904057797102,0.125114725713079,0.0727738599486801,14.6699838091403,13.6319038575264,14.1509438333333,0.341745811828258,48.3869688246854,14.1698656,13.9125424522019,-0.313448627585622,0.0689666555817162
"3476813","2011-06-16",19.1882922432807,0.249319864877083,0.200002191774817,0.129072705736876,14.6075808323358,13.6468621676642,14.1272215,0.477449346900371,50.5614854563006,14.1462656,13.9184261252417,-0.254912578106781,0.00419080884401682
"3476812","2011-06-17",20.010598088254,0.449316577214856,0.295892340020986,0.207003085836292,14.549305496674,13.676248503326,14.112777,0.741171349565489,57.0300465631742,14.1263988,13.9559693085428,-0.0668310461993227,-0.0100135621646511
"3476811","2011-06-20",21.1536519143002,0.495894531795803,0.398176991295914,0.29802384103057,14.5527964324836,13.6746465675165,14.1137215,0.846248985657325,58.3953414810074,14.0997324,13.9960627340704,0.113218487894229,0.0146328478471249
"3476810","2011-06-21",22.6562486955436,0.775513327772122,0.573574812260927,0.422548047859273,14.6606379465364,13.6188053867969,14.1397216666667,1.0996405028426,66.65112209583,14.103466,14.0854770361944,0.48507936145894,0.108722150569488
"3476809","2011-06-22",23.5065186704653,0.683676827355032,0.651694895640985,0.541148899732606,14.7370392057645,13.5972934609022,14.1671663333334,0.942157386655478,62.7277630449753,14.1035996,14.1469694313684,0.701092040259321,0.227196128507455
"3476808","2011-06-23",22.7763378848405,0.385208200999487,0.614799452042213,0.613356386648039,14.745971436514,13.604361563486,14.1751665,0.581125349550746,52.0120186945896,14.0883996,14.1482628405193,0.641966863746157,0.310150275555195
"3476807","2011-06-24",22.1252390053303,0.392861242700911,0.487248757018476,0.584581034900556,14.7459717230252,13.6043616103082,14.1751666666667,0.589884744529021,52.2373239238611,14.0750664,14.1507171284501,0.593963292912547,0.366912879026666
"3476806","2011-06-27",21.8052090965201,0.323983867388093,0.367351103696163,0.489799770918948,14.7465596086383,13.6045517246951,14.1755556666667,0.567134095783931,49.9636902599816,14.0661332,14.1408441779901,0.498861617448298,0.393302626710992
"3476805","2011-06-28",22.4437616021357,0.719601887831822,0.478815665973608,0.444471842229413,14.8193509483412,13.5766490516589,14.198,0.940617873142777,60.9997257975024,14.0852,14.2047316209247,0.724373559828839,0.459516813334562
"3476804","2011-06-29",23.1694787035663,0.682462837765787,0.575349530995233,0.473838766888332,14.8628576669822,13.5561423330178,14.2095,0.922984245790618,60.8223730134407,14.1088,14.2592114048014,0.887850098369602,0.54518347034157
"3476803","2011-06-30",24.2213150112178,0.748397661417222,0.716820795671609,0.590328664213481,14.9743084339334,13.5068028994,14.2405556666667,1.0069062086387,64.7893055057858,14.1412,14.3384272174946,1.13835084289282,0.66381694485182
"3476802","2011-07-01",25.198020154037,0.768492199302627,0.733117566161878,0.675095964276238,15.0889157589497,13.4751952410503,14.2820555,0.95453833250391,65.874644360093,14.1736,14.416414255162,1.35840447368734,0.802734450618923
"3476801","2011-07-05",26.3178219039294,0.751176056338027,0.756021972352625,0.735320111395368,15.1970882991147,13.4812450342187,14.3391666666667,0.924636687339944,66.3008501676036,14.2036,14.4875590211404,1.52809865972832,0.947807292440802
"3476800","2011-07-06",27.4200620019989,0.910413609751137,0.81002728846393,0.766388942326142,15.3293785404162,13.4781771262505,14.4037778333334,0.957720137950789,70.2073382090289,14.2457332,14.5838844849883,1.78404452593923,1.11505473914049
"3476799","2011-07-07",29.0421236734728,0.798726268487857,0.820105311525673,0.795384857447407,15.4741800470913,13.4938196195754,14.4839998333334,0.98217830454789,71.8729428314011,14.2845332,14.6838105536565,2.02822518918997,1.29768882915038
"3476798","2011-07-08",29.7849632581561,0.699154023631406,0.802764633956799,0.810965744648798,15.564703636179,13.5389630304877,14.5518333333334,0.859458658208353,66.7667531666949,14.3198668,14.7495251465023,2.10892493782184,1.45993605088468
"3476797","2011-07-11",30.3941507969256,0.688558662200555,0.728812984773272,0.783894310085246,15.6048919093213,13.6486637573455,14.6267778333334,0.804951904202715,66.2275747151684,14.3652,14.8042551269687,2.1376855555614,1.59548595182002
"3476796","2011-07-12",30.5316326254435,0.63347168108407,0.673728122305343,0.735101913678469,15.615203049001,13.7742416176657,14.6947223333334,0.741267592994142,63.3625851920041,14.418,14.8401317767062,2.08833354839224,1.69405547113446
"3476795","2011-07-13",30.2069851299,0.57415164015178,0.632060661145468,0.678200589408026,15.6179697955564,13.8898082044436,14.753889,0.702205820989407,60.335701682628,14.4634668,14.8587808731454,1.97537490020299,1.75031935694817
"3476794","2011-07-14",29.1056259999074,0.461861148010907,0.556494823082252,0.620761202177685,15.5930413730727,14.0098479602606,14.8014446666667,0.586112030846457,54.9813775027246,14.5049332,14.8513874233927,1.76954862733161,1.75416521102486
"3476793","2011-07-15",28.0387495226879,0.45550520234153,0.497172663501405,0.561909382576373,15.5639523346639,14.1150476653361,14.8395,0.518747495199884,54.685559345491,14.5434664,14.843646433607,1.58282787084243,1.71989774298837
"3476792","2011-07-18",26.06917189166,0,0.305788783450812,0.453152090011487,15.5469426210532,14.1649463789469,14.8559445,0.352589203602904,47.6859899962475,14.5789332,14.8031602424594,1.28232037725731,1.63238226984216
"3476791","2011-07-19",24.2402783771342,0.0630630630630633,0.172856088468197,0.325272511806802,15.5361213049714,14.199212028362,14.8676666666667,0.338849698253467,49.6054468785339,14.616,14.7774055434648,1.06990146906871,1.51988610968747
"3476790","2011-07-20",23.7342092769708,0,0.0210210210210206,0.166555297646674,15.5473802699874,14.1515087300126,14.8494445,0.178021111688536,41.5524833730609,14.6326668,14.7093074710028,0.70533056336135,1.35697500042225
"3476789","2011-07-21",23.1771739514372,0.106019532577187,0.0563608652134164,0.0834126582342091,15.551238671717,14.130983328283,14.841111,0.262952719577409,45.6140857858697,14.6538668,14.6698438082024,0.490661698013684,1.18371233994053
"3476788","2011-07-22",22.7264971689736,0.0915616664136547,0.0658603996636136,0.0477474286326812,15.5341851456532,14.1673698543468,14.8507775,0.214908442656075,45.1532739881871,14.6713332,14.6329753004421,0.305714053476325,1.00811268264769
"3476787","2011-07-25",23.3584058177461,0,0.0658603996636136,0.0626938881802122,15.5477363926346,14.1433736073655,14.845555,0.0213309501994563,37.7589039239948,14.6646664,14.5530225937165,-0.0401533032259094,0.798459485472971
"3476786","2011-07-26",23.169518465627,0,0.0305205554712178,0.0540804515994794,15.5532500564103,14.133415276923,14.8433326666667,0.0523732696352768,37.1522863639804,14.6543996,14.4792862478876,-0.33053567814596,0.572660452749185
"3476785","2011-07-27",23.2123921782838,0,-4.85722573273506e-16,0.0321269850449413,15.6036018422883,14.0096188243784,14.8066103333334,0.00093550282832465,35.7302632745363,14.624666,14.4051587481693,-0.598132060536249,0.338501950092098
"3476784","2011-07-28",22.1225492948661,0.224298541358548,0.074766180452849,0.0350955786413532,15.6034214558574,13.9772435441427,14.7903325,0.282515083916152,45.1642282775661,14.6125324,14.3835815817467,-0.624307455597728,0.145940068954133
"3476783","2011-07-29",21.0552532924564,0.212620998549069,0.145639846635872,0.0734686756962379,15.5857513185991,13.9374696814009,14.7616105,0.286682591899554,44.7955628270028,14.6153324,14.3626600375138,-0.647101830928476,-0.0126683110223888
"3476782","2011-08-01",20.9972980758089,0.579440234952722,0.338786591620113,0.186397539569609,15.5724469353307,13.9368853980026,14.7546661666667,0.574592424201466,56.740948076503,14.6386656,14.4143053658453,-0.367021343943352,-0.0835389176065815
"3476781","2011-08-02",21.3306858175615,0.537528964820908,0.443196732774233,0.309207723676737,15.5523411895691,13.937768810431,14.745055,0.580825322555672,54.6325365225816,14.662132,14.4475086503993,-0.191887740358143,-0.105208682156894
"3476780","2011-08-03",21.3413733871005,0.47941772538081,0.53212897505148,0.438037433148606,15.4961811379915,13.9483731953419,14.7222771666667,0.547341898595769,52.6864436688431,14.6606652,14.4656181636794,-0.0968648295022634,-0.103539911625968
"3476779","2011-08-04",20.8389212796056,0.377723056360638,0.464889915520785,0.48007187444883,15.3835772289355,13.9820881043979,14.6828326666667,0.476570635172889,49.3719642184586,14.6538652,14.4626464085221,-0.0985818852831,-0.102548306357394
"3476778","2011-08-05",19.4759655873376,0.116222478880196,0.324454420207214,0.440491103593157,15.2943309698228,13.9788893635106,14.6366101666667,0.286340319490672,42.0469267170181,14.6230652,14.4120708873858,-0.297832012819221,-0.14160504764976
"3476777","2011-08-08",19.065313177714,0,0.164648511746944,0.317997615824979,15.2178018987035,13.9450847679632,14.5814433333334,0.137431872706665,36.6753709970222,14.5762652,14.3242387690677,-0.634909247800564,-0.24026588767992
"3476776","2011-08-09",18.3534881203925,0.105607531018252,0.0739433366328157,0.187682089528989,15.1337536595909,13.9416890070758,14.5377213333334,0.270755163245462,40.7126708680875,14.534932,14.2698962665254,-0.802358954926541,-0.352684501129245
"3476775","2011-08-10",17.6925077100225,0.129310066142098,0.0783058657201163,0.105632571366623,15.0463629809728,13.9375240190272,14.4919435,0.225688901840473,41.6124240512171,14.4846652,14.2276874309886,-0.904699930286657,-0.463087586960727
"3476774","2011-08-11",17.1730780632034,0.107760543619518,0.114226046926622,0.0888250830931824,14.9881154085404,13.9142162581263,14.4511658333334,0.193693304559189,41.0031588718566,14.428132,14.1866624401902,-0.993909291336492,-0.56925192783588
"3476773","2011-08-12",16.6907505340142,0.112073034325357,0.116381214695657,0.102971042447463,14.9365523429657,13.8868909903677,14.4117216666667,0.181857709784053,41.1887337041432,14.378132,14.1519967814981,-1.04927128628187,-0.665255799525079
"3476772","2011-08-15",15.9362727122635,0.193965099213149,0.137932892386007,0.12284671800276,14.9097681363378,13.8673415303289,14.3885548333334,0.308458297672236,44.743199855809,14.3338652,14.1388412106317,-1.00951352344449,-0.734107344308962
"3476771","2011-08-16",15.4177290567554,0.159484570076357,0.155174234538287,0.136496113873315,14.8807916749505,13.8434289917162,14.3621103333334,0.269823029246093,43.5497175668059,14.290932,14.1203290492142,-0.997097696290017,-0.786705414705173
"3476770","2011-08-17",14.346354685154,0.172415576690567,0.175288415326691,0.156131847416993,14.8753176537366,13.8275693462634,14.3514435,0.342732427093352,44.1513684659017,14.252532,14.1069518426523,-0.964833203463056,-0.822330972456749
"3476769","2011-08-18",14.9076914497422,0,0.110633382255641,0.147032010706871,14.897008752279,13.7282119143877,14.3126103333334,-0.000369537607957963,34.1043078127919,14.2006656,14.026914263632,-1.22021552304619,-0.901907882574637
"3476768","2011-08-19",15.7868618995064,0,0.0574718588968553,0.114464552159727,14.9358912549887,13.5972187450114,14.266555,-0.0427404098101729,31.8252958687193,14.1431992,13.9375483618144,-1.49437481331467,-1.02040126872264
"3476767","2011-08-22",15.4212578753265,0.00357424610777485,0.00119141536925788,0.0564322188405824,14.9609429635981,13.5200560364019,14.2404995,0.0917240354558952,32.0424373566582,14.0961324,13.8609859135725,-1.6909063910115,-1.15450229318042
"3476766","2011-08-23",15.0817684243023,0.091793327317685,0.0317891911418196,0.0301508218026419,14.9700152486645,13.4640947513355,14.217055,0.182474384151442,36.9159367816589,14.0522656,13.8146317917628,-1.74080259392251,-1.27176235332883
"3476765","2011-08-24",14.5512627182744,0.367984133023145,0.154450568816201,0.0624770584424239,14.9700102116419,13.4677667883581,14.2188885,0.386098020235642,48.4233662564681,14.0394656,13.8322368861944,-1.51008095203599,-1.31942607307026
"3476764","2011-08-25",14.9588405223245,0.166316354088054,0.208697938142961,0.131645899366992,14.951945816064,13.4230535172693,14.1874996666667,0.2523612354523,42.2328807873777,14.0078656,13.8043826347018,-1.49883671467379,-1.35530820139097
"3476763","2011-08-26",15.3373056260854,0.166316354088054,0.233538947066417,0.198895818008524,14.9331501320525,13.3785152012809,14.1558326666667,0.256103940656239,42.2328807873777,13.9770656,13.7802422834083,-1.47331371220865,-1.37890930355451
"3476762","2011-08-29",14.7028129453619,0.618320610687023,0.316984439621043,0.253073774943472,14.8383503006282,13.4189820327051,14.1286661666667,0.644198306123517,53.7546551283782,13.9823992,13.8317659789538,-1.12236446552322,-1.32760033594825
"3476761","2011-08-30",14.6278863668709,0.623347187989402,0.469328050921493,0.339950479202982,14.7549188216305,13.4638581783695,14.1093885,0.794805284311547,56.0701268841123,13.9943992,13.89419718176,-0.758444796459501,-1.2137692280505
"3476760","2011-08-31",14.8686903697024,0.580120852172114,0.607262883616179,0.464525124719569,14.6957578421453,13.4974638245214,14.0966108333333,0.870017007633765,56.2470707062837,14.009866,13.9496375575253,-0.459752327612828,-1.06296584796296
"3476759","2011-09-01",14.1646083855869,0.399591074221246,0.534353038127587,0.536981324221751,14.6234955813028,13.5282817520305,14.0758886666667,0.645784012582034,49.8340851695186,14.000666,13.9581298831886,-0.390351679570489,-0.928443014284469
"3476758","2011-09-02",14.0920222769147,0.0811340388114382,0.353615321734933,0.498410414492898,14.5979373071227,13.4887290262106,14.0433331666667,0.194475925608241,40.9619582736717,13.9711992,13.8957125654301,-0.631142163284271,-0.86898284408443
"3476757","2011-09-06",15.7507933510959,0,0.160241704344228,0.34940335473558,14.7316148802063,13.2307187864604,13.9811668333333,-0.235891603646426,29.3236644407588,13.877466,13.6971735567061,-1.44206698054514,-0.983599671376572
"3476756","2011-09-07",16.57827308107,0.578406913119426,0.219846983976954,0.244568003352036,14.7056094606069,13.2273908727265,13.9665001666667,0.503120760829606,50.3561035529228,13.8471996,13.725106415812,-1.19321134528959,-1.02552200615918
"3476755","2011-09-08",17.8938822058479,0.413880994705649,0.330762635941691,0.236950441420956,14.6838346082373,13.1948323917627,13.9393335,0.301954514638081,46.1491754109159,13.8030664,13.6924255603704,-1.23295579717294,-1.06700876436193
"3476754","2011-09-09",19.5487144088492,0.264779260641723,0.419022389488932,0.323210669802524,14.6936084453406,13.0969472213261,13.8952778333333,0.0902901482829542,42.6700566827404,13.7490664,13.612546152321,-1.47693814394391,-1.14899464027832
"3476753","2011-09-12",21.1499728501205,0.241642984116946,0.306767746488106,0.352184257306241,14.7038845012278,12.9950041654389,13.8494443333333,0.0972015600404505,42.1391882217676,13.7070664,13.5353173320115,-1.6889232402874,-1.25698036028014
"3476752","2011-09-13",22.5812796560094,0.263495197294598,0.256639147351089,0.32747642777604,14.683608274079,12.9169473925877,13.8002778333333,0.163364275001856,42.86224684337,13.6805332,13.4759416877433,-1.80434236034768,-1.36645276029365
"3476751","2011-09-14",23.2088457828043,0.271207289469523,0.258781823627022,0.27406290582207,14.654859467551,12.8636961991157,13.7592778333333,0.245447828215944,43.132341380621,13.6482664,13.4271494627109,-1.86372589196174,-1.46590738662727
"3476750","2011-09-15",23.7915857576852,0.276347398904111,0.270349961889411,0.261923644289172,14.6119220332303,12.8125223001031,13.7122221666667,0.240653049602094,43.3246380585151,13.6150664,13.3866402010161,-1.88209299228994,-1.5491445077598
"3476749","2011-09-16",24.0337729204767,0.372748551090682,0.306767746488106,0.278633177334844,14.6052084898225,12.7911241768442,13.6981663333333,0.361360909081944,46.9479298619994,13.5931996,13.3848655075473,-1.72640766448957,-1.58459713910576
"3476748","2011-09-19",24.4149916012557,0.336760072956392,0.328618674317062,0.301912127564857,14.605804304979,12.7726390283544,13.6892216666667,0.321013592800086,45.771489290942,13.5673328,13.3708834398743,-1.64046626292326,-1.59577096386926
"3476747","2011-09-20",24.9597705630349,0.293059502647176,0.33418937556475,0.323191932123303,14.604472205913,12.7365271274204,13.6704996666667,0.289758451044189,44.3191979601556,13.5318664,13.3436549812244,-1.62236511659316,-1.60108979441404
"3476746","2011-09-21",26.2504567078333,0.0982391469782217,0.242686240860596,0.301831430247467,14.6242966278739,12.6285917054595,13.6264441666667,0.114839102030126,38.1466775689531,13.4770664,13.2485009837278,-1.91277797199092,-1.66342742992941
"3476745","2011-09-22",27.7841380373391,0,0.130432883208466,0.235769499877935,14.6407303482477,12.456824318419,13.5487773333333,0.0172255648368017,35.4087575118454,13.4103996,13.1291448525641,-2.29013489346082,-1.78876892263569
"3476744","2011-09-23",28.9123385543195,0.0763395489703267,0.058192898649516,0.143770674239524,14.6463876092619,12.3316120574048,13.4889998333333,0.121707095547917,37.7284827949436,13.3695996,13.0434815388889,-2.48328160066266,-1.92767145824109
"3476743","2011-09-26",29.5207177880662,0.0935150887116627,0.0566182125606629,0.0817479981395458,14.6351120699293,12.232999263404,13.4340556666667,0.185162301865148,38.2656816294952,13.3359996,12.9732400003704,-2.59091059002923,-2.06031928459872
"3476742","2011-09-27",27.9927331310242,0.489716049382716,0.219856895688235,0.111556002299469,14.513353604806,12.2573130618606,13.3853333333333,0.488278874944854,48.3436561696907,13.3273332,12.996364000321,-2.25927645023976,-2.10011071772692
"3476741","2011-09-28",27.2881179066017,0.263405594405595,0.282212244166658,0.18622911747185,14.3291780496599,12.2885996170068,13.3088888333333,0.32956850480814,43.3080516761064,13.296,12.9608488002782,-2.229821889265,-2.12605295203454
"3476740","2011-09-29",26.8655545224632,0.160839160839161,0.304653601542491,0.268907580465792,14.0963627730934,12.3416368935733,13.2189998333333,0.228288139533363,41.6629385744916,13.2414664,12.9105129602411,-2.27274911394661,-2.15539218441695
"3476739","2011-09-30",27.0056442608755,0,0.141414918414919,0.24276025470802,13.9273538347309,12.3395348319358,13.1334443333333,0.116454395036242,37.8613182723759,13.1854664,12.8188885655423,-2.50575010268612,-2.22546376807079
"3476738","2011-10-03",26.9066915897071,0.224358974358974,0.128399378399378,0.19148929945226,13.8495681997082,12.3256538002918,13.087611,0.30324726018195,43.280132637371,13.1434664,12.78614742347,-2.44422948288578,-2.26921691103379
"3476737","2011-10-04",25.9604752231348,0.153846153846153,0.126068376068376,0.131960890960888,13.8500483640194,12.3207286359806,13.0853885,0.334456787970239,42.0393171230018,13.0753328,12.7431051003407,-2.43778030763347,-2.30292959035372
"3476736","2011-10-05",24.8603052404245,0.711538461538462,0.363247863247863,0.205905205905203,13.7304812977755,12.3876287022246,13.059055,0.786992283896374,53.4149685470085,13.036666,12.8218017536286,-1.86167213974631,-2.21467810023224
"3476735","2011-10-06",23.5459252545387,0.804675159235669,0.556686591540094,0.348667610285442,13.7183887566606,12.3941659100061,13.0562773333333,0.902207731132445,55.0880815655263,13.0037328,12.9104508531448,-1.29541970965167,-2.03082642211613
"3476734","2011-10-07",22.5624529123651,0.730363057324841,0.748858892699657,0.556264449162536,13.7569486837987,12.3826059828679,13.0697773333333,0.821122720241288,53.5132692882581,12.9779996,12.9717240727255,-0.910408839560706,-1.80674290560504
"3476733","2011-10-10",21.1522175499723,0.780488216720043,0.771842144426851,0.692462542888865,13.8450626951131,12.3523809715536,13.0987218333333,0.929614804378702,56.2819246873601,12.9827996,13.0568275296954,-0.452538222220678,-1.53590196892817
"3476732","2011-10-11",19.7274273720101,0.798247368421053,0.769699547488646,0.763466861538382,13.9495403970076,12.3141252696591,13.1318328333333,0.950004296173104,57.7497879039069,13.0361328,13.1479171924027,-0.0117126757331443,-1.23106411028916
"3476731","2011-10-12",19.1647687218936,0.841714965340339,0.806816850160478,0.782786180691989,14.1268330175308,12.2303883158026,13.1786106666667,1.05908792508799,61.78850565652,13.044666,13.2775282334157,0.559696879938487,-0.872911912243634
"3476730","2011-10-13",18.6422999753568,0.865382055082677,0.835114796281356,0.803877064643491,14.2874062132942,12.1708151200392,13.2291106666667,0.984950857979925,62.3326972184367,13.0723992,13.3969684689602,1.02773727583416,-0.492782074628075
"3476729","2011-10-14",18.5601080214739,0.829849372384938,0.845648797602651,0.82919348134816,14.4359159107791,12.1118614225542,13.2738886666667,0.959685722550617,62.6904283526441,13.1169328,13.5049286730989,1.39801739103835,-0.114622181494789
"3476728","2011-10-17",17.9777382124408,0.754535564853556,0.81658899744039,0.832450863774797,14.5406611943061,12.0882274723606,13.3144443333333,0.849766435000555,59.4099083382426,13.1566664,13.5744941833524,1.56325067651297,0.220952390106763
"3476727","2011-10-18",17.7306824435827,0.704326359832636,0.762903765690377,0.808380520244471,14.6345626760541,12.0802149906126,13.3573888333333,0.805080303322907,57.2587291700542,13.1893332,13.6187842922387,1.60327164994298,0.497416242074007
"3476726","2011-10-19",17.5012735153572,0.801953974895398,0.75360529986053,0.77769935433043,14.7462772581279,12.1118337418721,13.4290555,0.827224514278128,60.271034409876,13.2305332,13.6882797199402,1.75131739125014,0.748196471909234
"3476725","2011-10-20",16.2668311314706,0.607753488372093,0.704677941033376,0.740395668861425,14.7609832520321,12.2400167479679,13.5005,0.667726676515402,53.7963289971664,13.2564,13.6991757572815,1.63129026444522,0.92481523041643
"3476724","2011-10-21",15.7467575010875,0.736437209302326,0.715381557523273,0.724554932805724,14.8059120155749,12.3535323177584,13.5797221666667,0.752023711452029,57.4750761766677,13.2833336,13.7455083229773,1.678960481617,1.07564428065654
"3476723","2011-10-24",15.8751588319568,0.806896551724138,0.717029083132853,0.712362860563165,14.904834485372,12.4464981812946,13.6756663333333,0.874642394725421,62.7473314868924,13.3322668,13.846551213247,1.95923285250843,1.25236199502692
"3476722","2011-10-25",15.390934754823,0.648588793841496,0.730640851622654,0.721017164092924,14.9950223982264,12.4656436017736,13.730333,0.785402223797287,59.0092931521734,13.3770668,13.9052337181474,2.02930596008997,1.40775078803953
"3476721","2011-10-26",15.5125171558191,0.671288457996946,0.708924601187527,0.718864845314342,15.0945704773408,12.5384288559925,13.8164996666667,0.839552260883272,61.4447998587062,13.4518668,13.9845358890611,2.18119750743784,1.56244013191919
"3476720","2011-10-27",17.6882058261166,0.505617409418641,0.608498220419028,0.6826878910764,15.3580565352559,12.5606097980774,13.9593331666667,1.08609045582293,67.4079783340675,13.5621336,14.1345977705196,2.61705644555161,1.77336339464568
"3476719","2011-10-28",19.9434966665392,0.768816129032258,0.648573998815949,0.655332273474165,15.7487616785076,12.5536823214924,14.151222,1.19200096553015,74.4715587323811,13.7076,14.3997620677837,3.48251264952986,2.11519324562251
"3476718","2011-10-31",21.6455452416099,0.716612377850163,0.663681972100354,0.640251397111775,15.9965300676974,12.636136265636,14.3163331666667,1.02781517221145,71.931218262906,13.8457332,14.6091271254125,4.01681884518101,2.49551836553421
"3476717","2011-11-01",20.9642616478065,0.360478827361564,0.615302444747995,0.642519471888097,16.016006276237,12.8572160570964,14.4366111666667,0.753631541746165,57.0002749637523,13.9149332,14.6447995086908,3.78749387387072,2.75391346720151
"3476716","2011-11-02",20.3316411678462,0.527687296416938,0.534926167209555,0.604636861352633,16.1135277545165,12.9645835788168,14.5390556666667,0.803046866956487,61.0846093379744,14.0213332,14.7441595741987,3.84094192895479,2.97131915955217
"3476715","2011-11-03",20.0643462469344,0.520087947882736,0.46941802388708,0.539882211948208,16.2076739226706,13.0669930773294,14.6373335,0.792010940247907,60.8019418646213,14.1326668,14.8271609643056,3.82300966596141,3.14165726083402
"3476714","2011-11-04",19.8161438203733,0.553745928338762,0.533840390879479,0.512728193992036,16.2723088507468,13.2089138159198,14.7406113333333,0.772917897897078,61.6484351151708,14.2625336,14.9128728357315,3.81779656181875,3.27688512103096
"3476713","2011-11-07",18.8741288841463,0.435397394136808,0.503077090119436,0.502111834961996,16.295716892162,13.3408394411714,14.8182781666667,0.66077096525297,56.9882439270546,14.3638672,14.938712457634,3.57467833886229,3.33644376459723
"3476712","2011-11-08",17.9994007290784,0.499456026058632,0.496199782844734,0.511039087947881,16.3283788277142,13.4638441722858,14.8961115,0.684438974174081,58.8035142476965,14.4774672,14.9873281299494,3.44746616992684,3.35864824566315
"3476711","2011-11-09",17.5810150983988,0.169450082875994,0.368101167690478,0.455792680218214,16.3253812183542,13.5226194483125,14.9240003333333,0.454568501672985,49.7897273034453,14.524934,14.9250177126228,2.89158303993386,3.26523520451729
"3476710","2011-11-10",17.2823346421758,0.0678839006317241,0.24559666985545,0.369965873463552,16.3175647581833,13.5639915751501,14.9407781666667,0.373012938671384,49.1680314055773,14.5638672,14.8630153509398,2.3908571746091,3.09035959853565
"3476709","2011-11-11",16.2388165276341,0.168407530558134,0.135247171355284,0.249648336300402,16.3180637166312,13.6190482833688,14.968556,0.473777104373778,51.9330217472223,14.617734,14.8435026374812,2.10904237577196,2.89409615398292
"3476708","2011-11-14",15.2043649496902,0.156861344537815,0.131050925242558,0.170631588817761,16.3108707885694,13.7125742114306,15.0117225,0.509171714092611,53.179610646508,14.6666672,14.842146285817,1.92702118488881,2.7006811601641
"3476707","2011-11-15",14.2171138323925,0.105042016806723,0.143436963967557,0.136578353521797,16.2862535352313,13.8085244647687,15.047389,0.42033471199369,51.6544499042614,14.7054672,14.8245267810414,1.69618324809384,2.49978157775004
"3476706","2011-11-16",13.7725102928062,0,0.0873011204481794,0.120596336552762,16.2702887215846,13.8579336117487,15.0641111666667,0.31820345124762,48.4208032152667,14.7184004,14.7737005435692,1.35225374661825,2.27027601152369
"3476705","2011-11-17",13.4067487877772,0,0.0350140056022411,0.0885840300059901,16.2117960183514,13.9766486483153,15.0942223333333,0.245580235876137,48.0966351807485,14.728134,14.7260964710933,1.05266804143238,2.02675441750542
"3476704","2011-11-18",13.2087496776412,0,1.48029736616688e-16,0.040771708683471,16.1883897841855,14.0258325491478,15.1071111666667,0.198711095621635,47.1196449757973,14.7334672,14.6746169416142,0.763980563184408,1.77419964664122
"3476703","2011-11-21",13.0248933610863,0.0377358490566041,0.0125786163522015,0.0158642073181451,16.1943479466709,14.0087637199958,15.1015558333333,0.218153544874462,48.0096827788057,14.7484004,14.638001349399,0.561443694430297,1.53164845619904
"3476702","2011-11-22",12.4519264504142,0.0796666666666671,0.0391341719077572,0.0172375960866505,16.1866722674016,14.0296617325985,15.108167,0.257200845854399,49.0361386993022,14.7708004,14.6151571694791,0.43262540766178,1.31184384649159
"3476701","2011-11-23",11.9198857476473,0.181606896551724,0.0996698040916653,0.0504608641172055,16.187494780076,14.0261725532573,15.1068336666667,0.292230425233264,51.1645176866048,14.7893336,14.6135802135486,0.401446838741282,1.12976444494152
"3476700","2011-11-25",11.6242394495474,0.135678051060173,0.132317204759522,0.0903737269196455,16.1346109478072,13.9782783855261,15.0564446666667,0.284200881252557,49.7988329627944,14.8193336,14.6011028517421,0.326887619726346,0.969189079898489
"3476699","2011-11-28",11.3141899939799,0.497486187220635,0.271590378277511,0.167859129042897,15.8879006853163,14.0942109813504,14.9910558333333,0.535339167002986,56.9302869472235,14.8574668,14.6542891381765,0.526796032035848,0.880710470325961
"3476698","2011-11-29",11.7182959411195,0.63976760873888,0.424310615673229,0.276072732903418,15.6995564398954,14.1954442267713,14.9475003333333,0.680431795113844,58.0011528084691,14.8805336,14.7110505864196,0.719951002752794,0.848558576811327
"3476697","2011-11-30",13.2617796780514,0.658408244970345,0.598554013643287,0.43148500253134,15.8054537797332,14.1452132202668,14.9753335,0.993368162018989,64.0220856092081,14.9322668,14.8269105082303,1.1315366271395,0.905154186876961
"3476696","2011-12-01",14.8431896443745,0.697325580812008,0.665167144840411,0.562677258052307,15.9006713760853,14.0937732905814,14.9972223333333,1.01684578901209,65.614680830562,14.9814668,14.9473224404663,1.51734446810692,1.02759224312295
"3476695","2011-12-02",16.678243563294,0.783306320195724,0.713013381992693,0.658911513492128,16.0740084177493,13.9937692489174,15.0338888333333,1.10276138057595,69.4353493254541,15.022,15.1041234484041,2.00582317154347,1.22323842880706
"3476694","2011-12-05",18.7882462979645,0.774109423719005,0.751580441575579,0.709920322802892,16.3024825281897,13.8647394718103,15.083611,1.1101951541231,71.595671132442,15.032,15.2733509886169,2.48918325768774,1.47642739458319
"3476693","2011-12-06",20.7662666360636,0.872637922620332,0.810017888845021,0.758203904137762,16.576988772652,13.7367885606813,15.1568886666667,1.06404521293299,73.7779651774519,15.0590668,15.4564601901347,2.97228854974076,1.77559962561471
"3476692","2011-12-07",21.6534269624669,0.752838275962517,0.799861874100618,0.78715340150707,16.7317282862314,13.683827047102,15.2077776666667,0.905014982381541,67.3245363895332,15.1172,15.5729321647834,3.14659522562024,2.04979874561582
"3476691","2011-12-08",21.0117222878117,0.529634968013831,0.71837038886556,0.776083383937064,16.8093358698163,13.721108463517,15.2652221666667,0.720299353153932,57.2727813500348,15.1312,15.5952078761456,2.94353907079477,2.22854681065161
"3476690","2011-12-09",20.6030021805914,0.570322026221969,0.617598423399439,0.71194356212187,16.8888636495871,13.7895806837462,15.3392221666667,0.736147470689159,58.7708557960318,15.1514664,15.6322908259928,2.81852391959114,2.34654223243951
"3476689","2011-12-12",20.223476366744,0.603975109867841,0.567977368034547,0.634648726766513,16.9716082423354,13.8289470909979,15.4002776666667,0.728663638466869,60.0530460009504,15.1721332,15.6795413825271,2.7453923363788,2.42631225322737
"3476688","2011-12-13",19.4901051928797,0.533152277607954,0.569149804565921,0.584908531999967,17.0365486307868,13.8647843692132,15.4506665,0.686856099988327,57.4499239749321,15.2011996,15.7000465315235,2.57831682895233,2.45671316837236
"3476687","2011-12-14",18.2556808633232,0.438430904507313,0.525186097327703,0.554104423309388,17.0610421681297,13.9294018318703,15.495222,0.578517317954107,53.6397399190571,15.2130664,15.686706993987,2.29955608546901,2.42528175179169
"3476686","2011-12-15",17.8171870520557,0.477313407249424,0.48296552978823,0.525767143893949,17.1010994633712,14.0355672032955,15.5683333333333,0.66944746379992,58.0873988354022,15.2701332,15.7213687281221,2.23092259068245,2.38640991956984
"3476685","2011-12-16",17.5704544994322,0.570930947339663,0.4955584196988,0.501236682271575,17.1377427791787,14.1725905541547,15.6551666666667,0.704730354665603,60.6663379917163,15.3384,15.7807422310392,2.26230906218603,2.36158974809308
"3476684","2011-12-19",16.494834926829,0.168648856648116,0.405631070412401,0.461385006633141,17.1212329192241,14.3507670807759,15.736,0.621359855323695,54.8807612908466,15.3824,15.7855326002339,2.08361969475575,2.30599573742561
"3476683","2011-12-20",15.6338964570158,0.42891428654045,0.389498030176076,0.43022917342909,17.1117672346362,14.5461214320305,15.8289443333333,0.700923681467034,59.3712953277741,15.4368,15.8399055868694,2.10956275333036,2.26670914060656
"3476682","2011-12-21",15.7380517845728,0.548886666666666,0.382149936618411,0.392426345735627,17.1270394096481,14.7372932570186,15.9321663333333,0.799914839299864,61.8670379064106,15.5053332,15.9176955086202,2.21996898905585,2.25736111029642
"3476681","2011-12-22",15.8901172708595,0.671026143790851,0.549609032332656,0.440418999709045,17.137161821276,14.9408378453907,16.0389998333333,0.843959653324291,63.9740265885321,15.5926668,16.0122254408041,2.38044882548214,2.28197865333357
"3476680","2011-12-23",16.0313209366972,0.749457516339871,0.656456775599129,0.529405248183396,17.0738360625621,15.2252749374379,16.1495555,0.853068029216221,65.1961962052484,15.6858668,16.1101513820303,2.53571830165564,2.33272658299798
"3476679","2011-12-27",17.0192628527759,0.669776735491165,0.696753465207296,0.634273091046358,17.0945807552181,15.3984195781153,16.2465001666667,0.940309865643585,65.7180569497745,15.7841336,16.2016871977596,2.65022924410629,2.39622711521964
"3476678","2011-12-28",17.7159624404552,0.628728304611373,0.682654185480803,0.678621475429073,17.0694174504514,15.5850268828819,16.3272221666667,0.840953280349932,64.1975036665782,15.8770668,16.2712395713916,2.67141888532032,2.45126546923978
"3476677","2011-12-29",18.9084463232654,0.675373739974367,0.657959593358968,0.679122414682353,17.1425341610875,15.6324661722459,16.3875001666667,0.905612973185752,65.183332249534,15.9706668,16.3426302952061,2.69659599892931,2.50033157517769
"3476676","2011-12-30",20.5475532167609,0.724614269824201,0.67623877146998,0.672284183436581,17.2962708928353,15.622507440498,16.4593891666667,1.04338672054482,69.1690573887244,16.0733336,16.4529462558453,2.85984944336326,2.5722351488148
"3476675","2012-01-03",21.1868048510738,0.587689865092515,0.662559291630361,0.665585885486434,17.3721605597625,15.6249511069041,16.4985558333333,0.827696353593993,62.8429870214749,16.1674668,16.5089974217326,2.8090451357575,2.61959714620334
"3476674","2012-01-04",21.731915180277,0.580000646152852,0.630768260356522,0.656522107818952,17.4095337442661,15.6232449224006,16.5163893333333,0.730304675050822,62.4973107728632,16.2417336,16.5553537655016,2.72814251097047,2.64130621915677
"3476673","2012-01-05",21.6269162195347,0.425641025641025,0.531110512295464,0.608146021427447,17.4121460838208,15.6230772495125,16.5176116666667,0.648526985046231,58.1549268736252,16.3044004,16.5675292634347,2.53209891613955,2.61946475855332
"3476672","2012-01-06",21.7470957385548,0.557261538461538,0.520967736751805,0.560948836467928,17.4623799219904,15.6279540780096,16.545167,0.744306959297649,61.6610760007861,16.3573336,16.6123026949767,2.47268240745837,2.59010828833433
"3476671","2012-01-09",21.6267445870536,0.517948717948718,0.50028376068376,0.517454003243674,17.4786142995611,15.7067197004389,16.592667,0.670941130932233,60.0428373565459,16.4012004,16.6408850023132,2.36055222038913,2.54419707474529
"3476670","2012-01-10",22.2079019044943,0.491527578272974,0.52224594489441,0.514499147443323,17.5244687861973,15.7650878804694,16.6447783333333,0.766320005979296,62.0039984545193,16.434934,16.6843230020047,2.31229126777137,2.49781591335051
"3476669","2012-01-11",22.7475479849749,0.518610329477273,0.509362208566321,0.510630638048161,17.5704662815209,15.8240903851458,16.6972783333333,0.770051635301175,64.0832156534363,16.4648008,16.7424132684041,2.3204027005427,2.46233327078895
"3476668","2012-01-12",23.6595777438979,0.406429824561403,0.472189244103883,0.501265799188202,17.6045478738422,15.9084534594911,16.7565006666667,0.777859531882431,63.3527392984671,16.482534,16.7887581659502,2.28499730943756,2.42686607851867
"3476667","2012-01-13",24.1698188329143,0.309517857142857,0.411519337060511,0.464356929910236,17.544810698565,16.1045239681017,16.8246673333333,0.694250210102267,60.9420882692904,16.5090672,16.8160344104902,2.18470635322836,2.37843413346061
"3476666","2012-01-17",24.6436141298582,0.383928571428571,0.366625417710943,0.41677799962511,17.5259177125612,16.2297502874388,16.877834,0.710836445999649,62.2748318300651,16.562534,16.8507858224248,2.12031392597387,2.32681009196326
"3476665","2012-01-18",25.5277789018192,0.374999999999998,0.356148809523808,0.378097854765085,17.5249340974429,16.3268452358905,16.9258896666667,0.748267895266608,62.0014493981083,16.6102676,16.8795703794349,2.04051475544085,2.26955102465878
"3476664","2012-01-19",26.6304450134494,0.705357142857141,0.488095238095237,0.403623155109994,17.5119884755037,16.485013191163,16.9985008333333,1.0121309551972,67.6586612206494,16.6682676,16.9538503288435,2.12847578222886,2.24133597617279
"3476663","2012-01-20",28.1911379994923,0.71563846274153,0.598665201866223,0.48096974982842,17.6012259643152,16.5399977023514,17.0706118333333,1.1747384381518,70.434430447315,16.7410676,17.0471142849977,2.27284577449283,2.2476379358368
"3476662","2012-01-23",29.9697033346011,0.618469879518072,0.679821828372248,0.588860756111233,17.7350332363417,16.5297460969916,17.1323896666667,1.12396224278323,70.6845558390537,16.8240008,17.1306097136647,2.3670507847706,2.27152050562356
"3476661","2012-01-24",30.8003550253918,0.483167293400582,0.605758545220061,0.628081858486175,17.818521358041,16.5418133086257,17.1801673333333,0.946329657690837,64.4238299067304,16.884534,17.1745284185094,2.3132025129535,2.27985690708955
"3476660","2012-01-25",32.0311935057135,0.698174129353235,0.599937100757296,0.628505824783199,18.0193245845613,16.4860100821054,17.2526673333333,1.15189235372063,71.8499787280201,16.9598672,17.2912579627082,2.51618285803474,2.32712209727859
"3476659","2012-01-26",33.1741149517265,0.768666666666667,0.650002696473494,0.618566114150281,18.2056701011888,16.4326638988112,17.319167,1.06636180891721,73.6878971217433,17.0565336,17.4168675676804,2.72696068499045,2.40708981482096
"3476658","2012-01-27",33.966749419753,0.732240437158471,0.733027077726124,0.660988958318969,18.3359574122257,16.4447105877743,17.390334,0.958076644888124,71.8509507802587,17.1354672,17.516841225323,2.82695454988173,2.49106276183312
"3476657","2012-01-30",34.4685084740375,0.676526627218935,0.725811243681357,0.702947005960323,18.4429821333003,16.4589078666997,17.450945,0.883694474621488,70.247687209979,17.202934,17.5959290619466,2.84490786556548,2.56183178257959
"3476656","2012-01-31",35.9379097651352,0.695654199294721,0.701473754557376,0.720104025321616,18.6487432747092,16.3867023919575,17.5177228333333,1.02462528081706,74.3453075802189,17.277334,17.7146945203537,2.99413229141876,2.64829188434742
"3476655","2012-02-01",37.6202986716078,0.673000443690036,0.681727090067897,0.703004029435541,18.8730219744175,16.3467573589158,17.6098896666667,1.01639760617116,75.8658107731108,17.353334,17.8389579176399,3.14481384173735,2.74759627582541
"3476654","2012-02-02",39.4774487217804,0.796649764773008,0.721768135919255,0.701656326848173,19.1771176690904,16.2901056642429,17.7336116666667,1.07797069445213,80.3155208076839,17.4500004,18.0222075286212,3.47362086541314,2.89280119374295
"3476653","2012-02-03",41.3791405924376,0.718180361568593,0.729276856677212,0.710924027554785,19.4226806568762,16.3110976764572,17.8668891666667,1.0084220828933,79.2053857231286,17.5480004,18.1756905248051,3.66684834734925,3.04761062446421
"3476652","2012-02-06",42.5316019151449,0.662499616476838,0.725776580939479,0.725607191178646,19.567652452987,16.3796818803464,17.9736671666667,0.862369352856491,74.6670561464741,17.6361336,18.2869317881644,3.70023800383241,3.17813610033785
"3476651","2012-02-07",42.4743920981726,0.486343935427745,0.622341304491058,0.692464914035914,19.6272207095979,16.5148909570688,18.0710558333333,0.74813378660764,66.4643348656924,17.6966668,18.3397848830758,3.53987467234913,3.25048381474011
"3476650","2012-02-08",42.3110232000097,0.468503937007873,0.539115829637485,0.629077905022672,19.6750104934911,16.6341008398422,18.1545556666667,0.706772886498671,65.671619282905,17.7677336,18.3811468986657,3.35860813840612,3.27210867947331
"3476649","2012-02-09",42.1593235088586,0.492125984251969,0.482324618895862,0.547927251008133,19.7092271118721,16.7618842214613,18.2355556666667,0.687740060762391,66.4474288982199,17.8418668,18.4249939788436,3.20362663111102,3.25841226980085
"3476648","2012-02-10",40.0969354868892,0.245405511811023,0.402011811023622,0.474484086518987,19.6894809405372,16.8908523927962,18.2901666666667,0.510658792151631,52.9799643949961,17.8993332,18.3794387816645,2.7743799492306,3.1616058056868
"3476647","2012-02-13",38.7563249907919,0.256410256410256,0.331313917491083,0.405216782470186,19.6715896735115,17.0717436598219,18.3716666666667,0.639537751373135,59.554089139589,17.9652,18.4021802774425,2.60891523214604,3.05106769097865
"3476646","2012-02-14",37.5114723872729,0.354781991683493,0.285532586634924,0.339619438383207,19.6432597996178,17.2697398670489,18.4564998333333,0.664850873154388,62.1587276140009,18.0426664,18.4503335737835,2.54145398879182,2.94914495054128
"3476645","2012-02-15",36.2369017039386,0.333912462760935,0.315034903618228,0.310627135914742,19.5871545679796,17.4850667653537,18.5361106666667,0.632935772862383,61.3608125316634,18.1129328,18.4867330972791,2.4416730380789,2.84765056804881
"3476644","2012-02-16",34.1348684781371,0.163481454814861,0.284058636419763,0.294875375557636,19.5389493283983,17.6506053382684,18.5947773333333,0.554546558892363,55.1362036508367,18.1639996,18.4747246843085,2.19451707804277,2.7170238700476
"3476643","2012-02-17",32.3589983707563,0.532172987525239,0.343188968367011,0.314094169468331,19.5668051334595,17.7635275332072,18.6651663333333,0.793508331676691,63.7121401473301,18.2445328,18.5585387264007,2.28012291734672,2.62964367950742
"3476642","2012-02-21",30.4385858992938,0.313042933838377,0.336232458726159,0.321160021170975,19.5475620726379,17.8842149273621,18.7158885,0.610018024311037,56.7666590228731,18.3121328,18.5751775628806,2.13966923930902,2.53164879146774
"3476641","2012-02-22",29.2581800480677,0.165218843097663,0.336811588153759,0.338744338415641,19.4663320000115,18.0423339999885,18.754333,0.334660582391115,52.600836648312,18.365066,18.5518205544965,1.88351575263932,2.40202218370206
"3476640","2012-02-23",27.7100674037133,0.13043455576599,0.202898777567343,0.291980941482418,19.4506836288672,18.0859820377995,18.7683328333333,0.326985741880304,51.6405066727524,18.4157324,18.5226884805637,1.63276307410396,2.24817036178244
"3476639","2012-02-24",26.6384040203277,0.0618553512610746,0.119169583374909,0.219626649698668,19.4501530545727,18.0871792787606,18.7686661666667,0.17815264843329,49.1751666664413,18.4447988,18.4747740164885,1.34439948292409,2.06741618601077
"3476638","2012-02-27",26.6163510465682,0,0.064096635675688,0.128721665539311,19.5169223076603,17.9757433590064,18.7463328333333,-0.107541065116322,42.4188322981782,18.4441324,18.36302681429,0.8745643642043,1.82884582164947
"3476637","2012-02-28",26.1402062531951,0.103448275862069,0.0551012090410475,0.0794558093638792,19.5424620958651,17.9275369041349,18.7349995,0.0359272137365108,45.1905414720163,18.449866,18.2901792390514,0.573687870581541,1.57781423143589
"3476636","2012-02-29",26.4064182141755,0,0.0344827586206893,0.0512268677791393,19.6318114366832,17.7250758966502,18.6784436666667,-0.0795841339630932,40.1765787551235,18.4467992,18.1692660071779,0.14055451332522,1.29036228781375
"3476635","2012-03-01",26.9304544249177,0,0.0344827586206893,0.041355575427473,19.7073871886748,17.4931664779919,18.6002768333333,-0.0641564218537405,38.1765346855726,18.4125324,18.0391412062208,-0.286603958738063,0.974969038503391
"3476634","2012-03-02",28.1304593926547,0,-2.45174251271389e-16,0.0229885057471238,19.7444062567728,17.2062590765605,18.4753326666667,-0.119347850375064,32.9139378731367,18.348266,17.850811712058,-0.874029971402279,0.605169236522257
"3476633","2012-03-05",29.244749719839,0.00484727272727267,0.00161575757575731,0.0120328387321464,19.7239735891796,16.9628030774871,18.3433883333333,-0.055339964279661,33.1473987860548,18.2871992,17.6893701504503,-1.32416278945713,0.21930283132638
"3476632","2012-03-06",30.320356312859,0,0.00161575757575731,0.00107717171716911,19.7178908382411,16.7317748284256,18.2248328333333,0.00870869433367257,32.8396683238299,18.227066,17.5450101303903,-1.68157758648381,-0.160873252235658
"3476631","2012-03-07",31.1633264014999,0.0336931407942232,0.012846804507165,0.0053594398862242,19.7050834591231,16.5438048742102,18.1244441666667,0.0922891749714226,34.668666180133,18.1555992,17.4323421130049,-1.90349552613746,-0.509397707016017
"3476630","2012-03-08",31.0526608586953,0.121537906137184,0.0517436823104687,0.022068748131128,19.6512785035009,16.4282761631657,18.0397773333333,0.20531182842148,39.3093425224466,18.0874656,17.3671404979376,-1.94598592404874,-0.796715350422562
"3476629","2012-03-09",29.7053460566748,0.232557200192411,0.129262749041272,0.0646177452862996,19.5656040987683,16.3789505678983,17.9722773333333,0.332618347690995,44.4868232910112,18.0085324,17.3501884315459,-1.82110533532802,-1.00159334740365
"3476628","2012-03-12",28.520322533882,0.258250011836458,0.204115039388684,0.128373823580139,19.5308313013198,16.3166126986803,17.923722,0.321159643737996,44.032343250244,17.929866,17.3310526406731,-1.71797228826223,-1.14486913557537
"3476627","2012-03-13",28.4327524575849,0.419796992481203,0.30353473483669,0.212304174422213,19.4700684079049,16.3277089254285,17.8988886666667,0.607845076888824,52.1866461212432,17.8783992,17.3833562885834,-1.37966669794438,-1.19182864804917
"3476626","2012-03-14",28.5286610943366,0.837483985765125,0.505176996694262,0.337608923639876,19.5190537414318,16.3051682585682,17.912111,0.873414777761152,65.2408967557347,17.889466,17.5935754501056,-0.535337654136447,-1.06053044926663
"3476625","2012-03-15",27.1679940525388,0.56820640569395,0.608495794646759,0.472402508725901,19.4775416304022,16.3183470362645,17.8979443333333,0.700771319324128,55.2934077425397,17.8715992,17.6748760567582,-0.214994322832673,-0.891423223979836
"3476624","2012-03-16",25.6140238414222,0.506523131672598,0.637404507710558,0.58369243301719,19.41829220426,16.3294851290734,17.8738886666667,0.610974234277578,53.2890135671329,17.8443992,17.7222259158571,-0.0404802984330876,-0.721234638870486
"3476623","2012-03-19",25.0287418981502,0.673782918149466,0.582837485172005,0.609579262509771,19.3291292675666,16.3732037324334,17.8511665,0.800695497716561,57.760364361271,17.861066,17.8259291270761,0.306868155850148,-0.515614079926359
"3476622","2012-03-20",24.485265807969,0.823249110320285,0.66785172004745,0.629364570976668,19.3464027440868,16.3647082559132,17.8555555,0.879351798500156,61.3232793788108,17.875866,17.971805243466,0.760124805735019,-0.260466302794084
"3476621","2012-03-21",24.297986560367,0.809014234875444,0.768682087781732,0.673123764333726,19.4350511048655,16.3282818951345,17.8816665,0.873199108697348,60.7973044911481,17.8805328,18.0928978776705,1.08534919328553,0.00869679642183971
"3476620","2012-03-22",24.1240844018794,0.813758007117437,0.815340450771055,0.750624752866743,19.5113875364039,16.2993897969294,17.9053886666667,0.842862839886939,60.9176072602978,17.8873328,18.1996221606478,1.33100517558988,0.273158472255448
"3476619","2012-03-23",23.9626038261409,0.852903914590747,0.825225385527876,0.803082641360219,19.6161363385436,16.2674189947898,17.9417776666667,0.833261629883937,61.955142544753,17.9115992,18.3067832058947,1.55401363344374,0.529329504493107
"3476618","2012-03-26",24.1505383853733,0.822083653885088,0.82958185853109,0.823382564943338,19.7512362139323,16.2602074527344,18.0057218333333,0.810270956622444,60.848113822031,17.9047992,18.3903227784421,1.67859474631411,0.759182552857308
"3476617","2012-03-27",24.0238248826229,0.754716294565243,0.809901287680359,0.821569510579773,19.8508956637251,16.2594366696083,18.0551661666667,0.755962038874041,58.8528318957267,17.909866,18.4462797413165,1.70251819229155,0.947849680744155
"3476616","2012-03-28",23.2769163930914,0.604823529411765,0.727207825954032,0.788896990721825,19.9178091909993,16.3085231423341,18.1131661666667,0.671824517362006,54.6778134382452,17.9155992,18.4592197758076,1.58632619070991,1.07554498273731
"3476615","2012-03-29",22.583358509955,0.726995475113123,0.695511766363377,0.744206959999254,19.9905843719178,16.3905256280822,18.190555,0.696755585691358,57.9318243145413,17.9347992,18.5064344723666,1.59341612646158,1.17911921148216
"3476614","2012-03-30",21.4990229121994,0.535432931366411,0.622417311963766,0.681712301427056,20.0033082880922,16.5685790452412,18.2859436666667,0.65289890299982,55.0420924988466,17.953466,18.5229098760511,1.50154993858598,1.24360535690292
"3476613","2012-04-02",20.1493948382825,0.326919887211808,0.529782764563781,0.615903947630306,19.9597787898888,16.7945528767779,18.3771658333333,0.581282507809096,52.7740399480268,17.9873324,18.5176325592443,1.34932865298982,1.2647500161203
"3476612","2012-04-03",20.3849715002638,0.566215803808437,0.476189540795552,0.542796539107697,19.9429157232269,17.0620822767732,18.502499,0.764487464303527,59.3003553122924,18.0351988,18.583725551345,1.44233943365792,1.30026789962783
"3476611","2012-04-04",20.6835116890174,0.743016759776536,0.545384150265594,0.51711881854164,19.9215778267364,17.3511978399302,18.6363878333333,0.841173485827533,62.9107932168896,18.1142656,18.6872288111657,1.64573420915506,1.36936116153327
"3476610","2012-04-05",20.9607275785743,0.735664000837904,0.681632188140959,0.567735293067366,19.891123451536,17.6278748817973,18.7594991666667,0.850259435603297,63.9699134993696,18.2051992,18.7911543030103,1.82944543229286,1.46137801568519
"3476609","2012-04-09",20.1571120162632,0.416460308079032,0.63171368956449,0.619576675990345,19.8149801965019,17.8785734701647,18.8467768333333,0.674377880125785,56.9630239441962,18.3017324,18.8243337292756,1.77028755246458,1.52315992304107
"3476608","2012-04-10",19.4686117248459,0.488781823486724,0.54696871080122,0.620104862835554,19.6395366212061,18.2450170454606,18.9422768333333,0.727041034183693,58.083289531961,18.4015992,18.8659785653722,1.74427298116946,1.56738253466675
"3476607","2012-04-11",18.8292900256727,0.566085870110049,0.490442667225268,0.556375022530324,19.6328041968745,18.3606384697922,18.9967213333333,0.759357194042688,59.3027390382032,18.5069324,18.9158480899892,1.74708181378282,1.60332239048996
"3476606","2012-04-12",18.5840819847007,0.730673988344169,0.595180560646981,0.544197312891154,19.6934524797532,18.3416568535802,19.0175546666667,0.878263787389922,61.8476844184491,18.6173324,18.9884016779906,1.82109137285689,1.64687618696335
"3476605","2012-04-13",17.6811050595953,0.54115077019758,0.612636876217266,0.566086701363169,19.7039939628708,18.4080047037959,19.0559993333333,0.689132740324541,57.3967688588456,18.707866,19.0175041209252,1.75122754036583,1.66774645764384
"3476604","2012-04-16",17.0541289475296,0.486283076600807,0.586035945047519,0.597951127303919,19.6365509694955,18.5821140305045,19.1093325,0.665014609756067,56.1372178444332,18.7835992,19.0329475714685,1.64560382898553,1.66331793191218
"3476603","2012-04-17",17.2854287258918,0.669639867679162,0.565691238159183,0.58812135314132,19.7028288545589,18.6066138121078,19.1547213333333,0.949779755102507,60.5827748868052,18.8746656,19.0929985619394,1.69020250459468,1.66869484644868
"3476602","2012-04-18",17.2158336917038,0.602675880911247,0.586199608397072,0.579308930534589,19.7426924509757,18.6181945490243,19.1804435,0.785164160327516,58.7506326001001,18.9410656,19.1317094203475,1.66345712862739,1.66764730288442
"3476601","2012-04-19",16.364837174705,0.406250418524918,0.559522055705109,0.570470967420452,19.7520772267951,18.6322544398715,19.1921658333333,0.574467883942978,53.627466000978,18.9462656,19.1261481643011,1.50109791902275,1.63433742611209
"3476600","2012-04-20",15.5746261232062,0.450895308503087,0.486607202646417,0.54410962224953,19.7610671415858,18.6515985250809,19.2063328333333,0.575414931756767,54.5965762594886,18.9843992,19.1302177423943,1.3846096155153,1.58439186399273
"3476599","2012-04-23",14.840858718243,0.290655427990119,0.382600385006041,0.47624321445252,19.7773465088264,18.6672078245069,19.2222771666667,0.639069261207933,56.5987873877114,19.0349324,19.1519660434084,1.33445902327656,1.5344052958495
"3476598","2012-04-24",14.867348932413,0.476870189074062,0.406140308522422,0.425115965391625,19.8230788034045,18.6728091965955,19.247944,0.807996778525828,59.3312078164781,19.0743992,19.1965932376206,1.36013195633728,1.49955062794705
"3476597","2012-04-25",15.2603486957179,0.434031249999999,0.40051895568806,0.396419883072172,19.8657592620488,18.6964624046179,19.2811108333333,0.805028756726767,58.7135214544802,19.095866,19.2312701392712,1.35184366096748,1.47000923455114
"3476596","2012-04-26",15.6252770473581,0.458333333333334,0.456411590802465,0.421023618337647,19.8590439930955,18.7840670069045,19.3215555,0.705276797706353,59.0703837488681,19.119866,19.2644341207017,1.33928434373609,1.44386425638813
"3476595","2012-04-27",16.8628416841265,0.401960784313726,0.431441789215686,0.429457445235401,19.8869859921482,18.8365696745185,19.3617778333333,0.825162027919311,59.3944088086684,19.1441328,19.2958429046082,1.3221542165313,1.41952224841676
"3476594","2012-04-30",18.0120088468401,0.643794117647061,0.50136274509804,0.463072041705395,19.9125949668864,18.913405366447,19.4130001666667,0.922899217339915,63.2578677744793,19.1738664,19.3559531839937,1.39504584008543,1.4146269667505
"3476593","2012-05-01",19.5113108939109,0.366766093885658,0.470840331948815,0.467881622087511,19.8436047497253,19.0951735836081,19.4693891666667,0.891263993168353,57.7412507122228,19.1972,19.3773820927946,1.34099176651101,1.3998999267026
"3476592","2012-05-02",20.3708161695377,0.246421909518366,0.418994040350361,0.463732372465736,19.8449495444086,19.1196067889247,19.4822781666667,0.555070746022713,54.6188698125764,19.2198668,19.3772871470886,1.22565849038334,1.36505163943875
"3476591","2012-05-03",21.2089585834913,0.315190014871102,0.309459339425042,0.399764570574737,19.8508089475715,19.1206363857619,19.4857226666667,0.632161452941354,56.0803899545552,19.2564004,19.3878715274768,1.15424460448408,1.32289023244781
"3476590","2012-05-04",21.6657995395042,0.246421909518366,0.269344611302612,0.332599330359336,19.8470693196894,19.119265013644,19.4831671666667,0.52465795615332,54.2005625566518,19.278934,19.3863779904799,1.05219904943903,1.26875199584606
"3476589","2012-05-07",21.3831483597503,0.0888226040762293,0.216811509488566,0.265205153405404,19.8342989530292,19.1501463803042,19.4922226666667,0.314852215158957,50.059204176164,19.3014672,19.3606382584159,0.884796509966534,1.19196089867015
"3476588","2012-05-08",22.8610125469386,0.46436601374949,0.266536842448028,0.250897654413066,19.9444474053626,19.122331261304,19.5333893333333,1.16758693886065,60.8392141760335,19.3544008,19.4201091572938,0.995960508224991,1.15276082058112
"3476587","2012-05-09",24.2333150064707,0.819416791949399,0.457535136591706,0.313627829509431,20.1527402866419,19.0267053800247,19.5897228333333,1.26695120929045,67.6956202822858,19.4085344,19.5463172696546,1.299785099412,1.1821656763473
"3476586","2012-05-10",25.6415983032949,0.855580500741792,0.713121102146893,0.47906436039554,20.3471857072324,18.9363712927676,19.6417785,1.15793546182716,69.0503148191526,19.4540012,19.673030967034,1.57297710449178,1.26032796197619
"3476585","2012-05-11",26.0081224349469,0.684902910709362,0.786633401133517,0.65242987995737,20.4490525701835,18.9411710964832,19.6951118333333,0.946101486356206,63.3301907577165,19.4848012,19.7481828380961,1.66162405506709,1.34058718059437
"3476584","2012-05-14",25.9204220743584,0.601750101750101,0.714077837733752,0.737944113671385,20.5038804943449,18.9798991723218,19.7418898333333,0.812996071391125,60.6922902167076,19.5276012,19.79642512635,1.66012007373451,1.4044937592224
"3476583","2012-05-15",26.7198339763085,0.568705021555302,0.618452678004922,0.706387972290728,20.5996013919927,18.9631786080073,19.78139,0.901112723694419,61.7313187949921,19.5696012,19.84845777617,1.67027442883783,1.45764989314548
"3476582","2012-05-16",27.643588997075,0.803569993625012,0.658008372310138,0.663512962682935,20.7692724854526,18.9249518478807,19.8471121666667,1.02509371035485,67.7904487244891,19.6277344,19.961107406014,1.86104282085529,1.53832847868744
"3476581","2012-05-17",27.0846088168738,0.558931144765814,0.643735386648709,0.64006547898792,20.8211693007149,18.9884996992851,19.9048345,0.786559471998448,58.7599952708798,19.6588012,19.9978490852121,1.80556239094032,1.59177526113802
"3476580","2012-05-18",25.241024082678,0.266072739155824,0.542857959182216,0.614867239380352,20.8065621177855,19.0622175488811,19.9343898333333,0.469455671612636,50.1478673720903,19.6781344,19.9568025405172,1.52339880136796,1.57809996918401
"3476579","2012-05-21",24.2311431083711,0.0214285331633332,0.282144139028323,0.489579161619747,20.800434729359,19.0772339373077,19.9388343333333,0.225347735340464,44.305982252775,19.6821344,19.8603395351149,1.10192583867892,1.48286514308299
"3476578","2012-05-22",23.04953877791,0.250001339283323,0.179167537200827,0.334723211803786,20.7989293786905,19.0971836213095,19.9480565,0.405162194391646,50.14913875142,19.6892012,19.8336275970996,0.930150903226523,1.3723222951117
"3476577","2012-05-23",21.9139519214449,0.291074480224143,0.187501450890266,0.216271042373136,20.7988705120116,19.117798154655,19.9583343333333,0.431592672877272,51.1411134021614,19.7033348,19.8206999174863,0.815832807791783,1.26102439764771
"3476576","2012-05-24",20.8594784118702,0.326785130740838,0.289286983416101,0.218651990502396,20.7948654111771,19.1552472554895,19.9750563333333,0.439990296119441,52.0347867729931,19.731868,19.8183839284881,0.743827612754844,1.15758504066914
"3476575","2012-05-25",20.0156483341615,0.279196570809178,0.299018727258053,0.258602387188138,20.7946209876402,19.1680470123598,19.981334,0.406277036488886,51.1282881927896,19.7553344,19.808376738023,0.654780574851643,1.05702414750564
"3476574","2012-05-29",19.3641640567989,0.248178379236535,0.28472002692885,0.291008579200999,20.794292874029,19.165264125971,19.9797785,0.392370325850697,50.2382314501394,19.771068,19.7921491729533,0.554726068347833,0.956564531674079
"3476573","2012-05-30",18.7592143706764,0.248178379236535,0.258517776427416,0.280752176871437,20.7943022140224,19.1684771193109,19.9813896666667,0.385016536767648,50.2382314501394,19.779068,19.7780852832262,0.470014615409808,0.859254548421225
"3476572","2012-05-31",18.1320985396258,0.343066892213701,0.279807883562257,0.274348562306172,20.7872047179397,19.215018948727,20.0011118333333,0.446288047939176,53.1328511267414,19.7952012,19.7890072454627,0.46822354248055,0.78104834723309
"3476571","2012-06-01",18.7630787249361,0.0565728894655317,0.215939386971922,0.251421682320529,20.7942463999155,19.1976439334179,19.9959451666667,0.176152844858804,44.6817638013604,19.789468,19.7286956127343,0.250132424465455,0.674865162679563
"3476570","2012-06-04",19.5688973048987,0,0.133213260559744,0.209653510364639,20.8039007983632,19.1767668683035,19.9903338333333,0.130364068036737,43.0834849460005,19.7784012,19.6613135310364,0.0300020447793647,0.545892539099523
"3476569","2012-06-05",20.1228892261222,0.101635024255854,0.0527359712404619,0.13396287292404,20.7896390288188,19.2075843045146,19.9986116666667,0.204497158356978,46.479123568319,19.7649344,19.6278050602316,-0.0673688974684228,0.423240251785934
"3476568","2012-06-06",19.7687807629258,0.328454692658191,0.143363238971348,0.109770823590516,20.7794369271734,19.1934530728266,19.986445,0.406963113403971,52.0369448538135,19.7741344,19.6436537188674,-0.00603023419554205,0.337386154589639
"3476567","2012-06-07",20.1318748226304,0.201923076923078,0.210670931279041,0.135590047163615,20.7222667583922,19.1686225749411,19.9454446666667,0.299108013281804,47.1313943337325,19.7764008,19.6156105563517,-0.0853234528592539,0.25284423309986
"3476566","2012-06-08",20.5451626434001,0.208006335949312,0.24612803517686,0.200054068475747,20.6345921030274,19.1520748969726,19.8933335,0.253423772414215,46.5781468181789,19.7740008,19.5864184821715,-0.161514144013786,0.169972557677131
"3476565","2012-06-11",20.3231636002096,0.104003167974654,0.171310860282348,0.209369942246081,20.5752910143955,19.1273756522712,19.8513333333333,0.276536201541525,45.2265001302776,19.771334,19.5495626845486,-0.254865970943374,0.0850048519530301
"3476564","2012-06-12",20.2061488549695,0.0599995200038408,0.124003007975936,0.180480634478379,20.5365768045313,19.0887561954687,19.8126665,0.246437393991524,44.6363044762623,19.774534,19.5127316599421,-0.340295577091898,-5.52338559555582e-05
"3476563","2012-06-13",20.2643987077031,0,0.0546675626594982,0.116660476972591,20.4456234284131,19.0761539049202,19.7608886666667,0.238099076189341,43.5243814678923,19.750534,19.4719234386165,-0.43088070763565,-0.0862203286118945
"3476562","2012-06-14",20.1737892796221,0.007992031968128,0.0226638506573229,0.0671114737642498,20.1913397303957,19.190770936271,19.6910553333333,0.227986053268041,43.6753472813404,19.7044004,19.4374443134677,-0.494461918371869,-0.167868646563889
"3476561","2012-06-15",19.9661226390053,0.28800115200461,0.0986643946575794,0.0586652693247978,20.017829080947,19.2797259190531,19.6487775,0.412843032445122,48.835753022823,19.6624004,19.4386744050053,-0.442910795164619,-0.222877076284035
"3476560","2012-06-18",19.9623242193825,0.21370333631723,0.169898840096656,0.0970756951371838,19.9890962422614,19.266903091072,19.6279996666667,0.275065253574057,47.5619035724011,19.6282668,19.4312951510046,-0.423486280928187,-0.262998917212866
"3476559","2012-06-19",18.6554578602133,0.447584254711733,0.316429581011191,0.19499760525514,19.994501949495,19.2853867171717,19.6399443333333,0.590961708891789,51.7031173814745,19.6069336,19.450678464204,-0.324061638476358,-0.275211461465564
"3476558","2012-06-20",17.5563320524378,0.407253284300682,0.356180291776548,0.280836237628129,19.9806160093339,19.2843836573328,19.6324998333333,0.507579126879353,50.9558036610314,19.5812,19.4630320023101,-0.256173708061713,-0.271403910784794
"3476557","2012-06-21",17.3764188232689,0.0887063605351681,0.314514633182527,0.329041501990087,19.9566129056928,19.2668307609739,19.6117218333333,0.233328605161768,45.376995921664,19.5246668,19.4386277353354,-0.30807928910328,-0.278738986448491
"3476556","2012-06-22",16.6033940361437,0.302421793724143,0.266127146186664,0.312274023715244,19.9205906654967,19.2750756678367,19.5978331666667,0.501637194080944,49.3811191228367,19.4934668,19.441033370624,-0.272770906037023,-0.277545370366198
"3476555","2012-06-25",15.9835192233771,0.266131178477249,0.21908644424552,0.266576074538235,19.8892988129247,19.2790345204087,19.5841666666667,0.45311867276053,48.7279092247702,19.4829336,19.4391182545408,-0.254310229141119,-0.272898342121182
"3476554","2012-06-26",16.36497890522,0,0.189517657400464,0.224910415944214,19.8771661489659,19.2355001843675,19.5563331666667,0.0191322011396997,42.2421515037851,19.4777336,19.3943464872687,-0.369843615123855,-0.292287396721717
"3476553","2012-06-27",16.9035965690452,0,0.0887103928257495,0.165771498157242,19.8710042451141,19.1773284215526,19.5241663333333,-0.0377963605794381,40.9707573067949,19.4526668,19.3462109556329,-0.485341435662257,-0.330898204509825
"3476552","2012-06-28",18.857602792957,0,-1.85037170770859e-17,0.0927426834087354,19.9687050175013,18.9421833158321,19.4554441666667,-0.389626426648749,30.691257209552,19.3956,19.2080494948818,-0.870638199299267,-0.438846203467713
"3476551","2012-06-29",18.570493865047,0.294951515151515,0.0983171717171716,0.0623425215143047,19.9738574895344,18.8972531771323,19.4355553333333,0.17077783739394,41.3529664486722,19.3553336,19.1531988955643,-0.962213378166099,-0.54351963840739
"3476550","2012-07-02",17.7551382541948,0.709090909090909,0.334680808080808,0.144332659932658,19.9893210733729,18.9035675932938,19.4464443333333,0.647567874543349,52.4202609085685,19.3448004,19.1967723761557,-0.738599297900422,-0.582535570305997
"3476549","2012-07-03",16.6972341070242,0.856118446256199,0.620053623499541,0.351017201099171,20.0602205590619,18.8781127742714,19.4691666666667,0.936838337962156,57.6662629083845,19.3532004,19.2900920593349,-0.382537810918382,-0.542536018428474
"3476548","2012-07-05",16.3088152554285,0.731251142579911,0.76548683264234,0.573407088074227,20.1060501490953,18.854505184238,19.4802776666667,0.964092261678805,57.2312967704651,19.3605336,19.3674131180903,-0.111280765141808,-0.456284967771141
"3476547","2012-07-06",15.9481406075183,0.845312258300404,0.810893949045505,0.732144801729126,20.2036601557913,18.8123398442087,19.508,0.988583873179746,60.1822838685083,19.3706668,19.4668687023449,0.201458241236008,-0.324736325969711
"3476546","2012-07-09",15.5387506001753,0.832815363774007,0.803126254884774,0.79316901219087,20.2933640971261,18.7868582362073,19.5401111666667,0.918114647282224,59.6962822831168,19.4006668,19.5495088753656,0.431957459950305,-0.173397568785708
"3476545","2012-07-10",14.825597272409,0.778126215822212,0.818751279298874,0.810923827743049,20.3579800629621,18.7781312703713,19.5680556666667,0.828266225497135,57.5076229236099,19.4305336,19.6055743586502,0.559255046134766,-0.0268670458016131
"3476544","2012-07-11",13.9159812724963,0.684376069337608,0.765105882977942,0.795661139053861,20.3912312865959,18.7902137134041,19.5907225,0.692482272000072,53.8620228105033,19.4449336,19.6274977774968,0.571011259092424,0.0927086151771944
"3476543","2012-07-12",13.5061989419765,0.604688444825696,0.689063576661839,0.757640246312883,20.4025300241015,18.8085816425652,19.6055558333333,0.558555325723101,50.9078751968453,19.4390668,19.6238314071639,0.5046360866787,0.175094109477496
"3476542","2012-07-13",12.6246559060235,0.603127504886727,0.630730673016677,0.694966710885483,20.4189163745098,18.8279736254902,19.623445,0.596310819540443,50.8490433725624,19.4456004,19.6202098862087,0.445535802586261,0.229182448099249
"3476541","2012-07-16",11.7680897595265,0.581250908204545,0.596355619305656,0.638716622994721,20.4255358776708,18.8334651223292,19.6295005,0.5477718508499,49.9773202591125,19.4517336,19.6108485680476,0.375190476412102,0.258384053761819
"3476540","2012-07-17",10.972706909208,0.592186862791973,0.592188425294415,0.606424905872247,20.4320637777073,18.8469372222927,19.6395005,0.516435806494021,50.4347607483927,19.4622668,19.6058460923079,0.325288996823025,0.271765042374061
"3476539","2012-07-18",10.2859619097037,0.584377475589806,0.585938415528775,0.591494153376279,20.4286864512615,18.8446478820718,19.6366671666667,0.507015506787197,50.0825528839667,19.4736004,19.5992892800002,0.275709566724558,0.27255394724416
"3476538","2012-07-19",10.3110694087646,0.327936550350408,0.501500296244062,0.559875712355748,20.4244764539258,18.8373025460742,19.6308895,0.431534807793205,45.5580906674614,19.4788004,19.5642733760002,0.144100571800121,0.246863272155352
"3476537","2012-07-20",10.3343835150355,0.060235302622304,0.324183109520839,0.470540607097889,20.4247250634261,18.8421649365739,19.633445,0.402336517449883,47.1170106229492,19.4864004,19.5428142592001,0.0664157054655501,0.210773758817392
"3476536","2012-07-23",11.6911137030336,0,0.129390617657571,0.318358007807488,20.4432772218641,18.7620571114693,19.6026671666667,0.131616449562999,37.7927509174069,19.4633336,19.4531056913068,-0.213649111574987,0.125889184738916
"3476535","2012-07-24",13.573889768531,0,0.0200784342074346,0.157884053795279,20.4897466535428,18.6289210131239,19.5593338333333,0.0322270854257046,33.350509310385,19.4294672,19.3309142657992,-0.569309786389827,-0.0131506094868325
"3476534","2012-07-25",15.5295873810278,0,-1.01770443923973e-16,0.0498230172883325,20.5386001232413,18.5162895434254,19.5274448333333,0.046336662714678,31.8582975459696,19.3829336,19.208569697026,-0.894965808136472,-0.18951364921676
"3476533","2012-07-26",17.6199337530855,0,-1.01770443923973e-16,0.0066928114024756,20.6001898230892,18.3826998435775,19.4914448333333,0.0218310598333377,29.8742389249783,19.3309336,19.0798710707559,-1.21342095362489,-0.394295110098386
"3476532","2012-07-27",16.7781959685388,0.123596912364507,0.0411989707881687,0.0137329902627203,20.5665907393976,18.4520765939358,19.5093336666667,0.211832778241555,36.3223139448098,19.2997336,19.0025549279884,-1.3437191747999,-0.584179923038688
"3476531","2012-07-30",15.9965823114598,0.385017822237554,0.169538244867353,0.0702457385518381,20.5640777434993,18.4671449231674,19.5156113333333,0.352668305025731,46.2718956352725,19.2806668,18.9995476042566,-1.22932894939368,-0.713209728309687
"3476530","2012-07-31",16.3876283543865,0.0880296196140155,0.198881451405358,0.136539555686958,20.5748410521417,18.3669372811916,19.4708891666667,0.15638636823068,38.5657437935783,19.24,18.9209412570224,-1.3659113556888,-0.843750053785509
"3476529","2012-08-01",16.876879691477,0.0492991221861902,0.17411552134592,0.180845072539541,20.5551450592782,18.2340779407218,19.3946115,0.0973368632062956,37.6959692404465,19.2093336,18.8430384227528,-1.48960870370218,-0.972921783768844
"3476528","2012-08-02",17.5121360878961,0,0.0457762472667351,0.139591073339335,20.5096714844155,18.1105515155845,19.3101115,0.10860585873181,36.4484270771056,19.1773336,18.7617439663857,-1.61473220700419,-1.10128386841591
"3476527","2012-08-03",18.0102747443985,0.0220903614457837,0.0237964945439912,0.0812294210522128,20.4112801878349,18.0307208121651,19.2210005,0.157457049100527,37.2421257945282,19.1757336,18.696178104201,-1.67999383655162,-1.21702586204305
"3476526","2012-08-06",16.8856608091219,0.150602409638554,0.0575642570281125,0.0423789996129438,20.2720639311236,18.0326030688764,19.1523335,0.3411804498741,41.7962614459846,19.1632,18.6677983569742,-1.62150999014709,-1.29792268766386
"3476525","2012-08-07",16.8999520575497,0.33585219650529,0.169514989196543,0.0836252469228796,20.1445085724307,18.0732697609027,19.1088891666667,0.552572804607209,48.2989672949369,19.1370668,18.6889812427109,-1.41050834281209,-1.32043981869351
"3476524","2012-08-08",16.7658577987381,0.299999433963333,0.262151346702392,0.163076864309013,20.0331517747402,18.0906262252598,19.061889,0.446975043205537,47.2501856295934,19.0917332,18.6988944103495,-1.25611331930753,-1.30757451881631
"3476523","2012-08-09",16.6774939193625,0.533965030254661,0.389938886907761,0.273868407602229,19.9698739499274,18.108126383406,19.0390001666667,0.60856099414396,54.2341614226997,19.064,18.7625978223029,-0.944702924528285,-1.23500019995871
"3476522","2012-08-10",16.6211263379326,0.571697034533898,0.468553832917297,0.373548022175814,19.8909803610274,18.1383526389726,19.0146665,0.657095635999561,55.2628702452094,19.0292,18.8266954459958,-0.662078816011757,-1.12041592316932
"3476521","2012-08-13",15.5604481944543,0.343397465287802,0.483019843358787,0.447170854394612,19.7971653397486,18.162945326918,18.9800553333333,0.520363231228798,48.2028824603321,18.9793332,18.8284693865297,-0.604128846040797,-1.01715850774361
"3476520","2012-08-14",14.5755327755101,0.394340765394783,0.436478421738827,0.462684032671634,19.7060643601223,18.1940466398777,18.9500555,0.576388765237472,49.7456856584587,18.9377332,18.8420068016591,-0.5137289924667,-0.91647260468823
"3476519","2012-08-15",13.7630883530673,0.311320167320439,0.349686132667674,0.42306146592176,19.5967463561425,18.2266976438575,18.911722,0.477656268915471,47.2744460689058,18.8982664,18.8341832281045,-0.499123950403557,-0.833002873831295
"3476518","2012-08-16",13.4561937471936,0.277357967249119,0.32767296665478,0.371279173687091,19.510572049108,18.2577606175587,18.8841663333333,0.569398845250918,46.261984990782,18.8631996,18.8194027976906,-0.507444515742739,-0.767891202213584
"3476517","2012-08-17",13.79802842199,0.654717632608241,0.414465255725933,0.363941451682793,19.5209169918232,18.2516380081768,18.8862775,1.00015206127198,57.2241207949217,18.8549328,18.8954824246652,-0.226202417061472,-0.659553445183162
"3476516","2012-08-20",14.4368326926694,0.781130601640375,0.571068733832578,0.437735652071095,19.6565782641517,18.1905320691816,18.9235551666667,1.04932204917079,60.1563223041391,18.857466,18.9911954347098,0.0897780703837059,-0.509687142069788
"3476515","2012-08-21",14.1166628376702,0.584908330361642,0.673585521536753,0.553039837031752,19.7213181547021,18.2023478452979,18.961833,0.824307633675788,53.9718388321529,18.8451996,19.0279253767485,0.190066031064062,-0.369736507443018
"3476514","2012-08-22",13.503715971919,0.283236994219654,0.54975864207389,0.598137632481071,19.7217176993255,18.2373929673412,18.9795553333333,0.489818939431269,46.4546197676371,18.8133328,18.9922019931821,0.0540385522383779,-0.284981495506739
"3476513","2012-08-23",13.591117203182,0,0.289381774860432,0.504241979490356,19.7114971785944,18.2598358214056,18.9856665,0.202180426222882,41.9805746017559,18.775866,18.9132417274245,-0.204956065143469,-0.268976409434085
"3476512","2012-08-24",13.6722754893548,0.0333312500000016,0.105522748073218,0.314887721669178,19.7162808308264,18.2228298358403,18.9695553333333,0.237668883691545,42.8585383139164,18.737866,18.8519201637679,-0.383934951012377,-0.291968117749743
"3476511","2012-08-27",13.5553280726108,0.164532051282051,0.065954433760684,0.153619652231442,19.6910206876292,18.2013123123708,18.9461665,0.360861022571581,46.2013393302598,18.7293328,18.8258868085988,-0.434152989626047,-0.320405092125004
"3476510","2012-08-28",12.8979337313342,0.301282051282052,0.166381784188035,0.112619655340643,19.6954134904562,18.2212528428771,18.9583331666667,0.498116555339768,49.5367419383182,18.742666,18.8317685674523,-0.378221733273221,-0.331968420354647
"3476509","2012-08-29",12.0625211886602,0.367519230769232,0.277777777777778,0.170037998575497,19.6913699630078,18.2874070369922,18.9893885,0.565330428817159,51.1175845620227,18.765066,18.8506434251253,-0.286339778031397,-0.322842691889997
"3476508","2012-08-30",11.3355734840989,0.307692307692308,0.325497863247864,0.256552475071223,19.6625006322343,18.3779430344324,19.0202218333333,0.474742147240268,49.6060181322102,18.7905328,18.8545576351086,-0.250594057036724,-0.308392964919343
"3476507","2012-08-31",10.6605506155776,0.365384615384615,0.346865384615385,0.316713675213673,19.6291190893399,18.4749912439935,19.0520551666667,0.491481157505225,51.1074496649492,18.8093328,18.8699499504275,-0.181673606420008,-0.283049093219476
"3476506","2012-09-04",11.8361946698983,0,0.224358974358974,0.298907407407405,19.6724740273962,18.3886369726038,19.0305555,-0.0171104055002666,38.5539321479581,18.7723996,18.7615126237038,-0.512784520969456,-0.328996178769472
"3476505","2012-09-05",12.9278641489104,0.287212411930668,0.217532342438428,0.262918900470926,19.6548084455884,18.3575242210783,19.0061663333333,0.287117070069227,46.9527532177042,18.7801328,18.74042160721,-0.534927102151617,-0.370182363445901
"3476504","2012-09-06",12.8082744629748,0.432573437081325,0.239928616337331,0.227273311044909,19.6598874685477,18.3625565314523,19.011222,0.537598733372692,50.630741125716,18.801866,18.759032059582,-0.428456142733824,-0.381837119303485
"3476503","2012-09-07",12.6972268974633,0.51488706635213,0.411557638454708,0.289672865743486,19.6464284574322,18.3627932092345,19.0046108333333,0.581237381735252,52.6334935212387,18.8339996,18.7960504516377,-0.273642978694222,-0.360198291181633
"3476502","2012-09-10",12.8040695515502,0.494358072101641,0.480606191845032,0.377364148879021,19.6206688186082,18.3633308480584,18.9919998333333,0.536407739530302,51.1592734575365,18.8605328,18.8143543914193,-0.193189027794238,-0.326796438504154
"3476501","2012-09-11",12.8289067749181,0.640585918302978,0.549943685585583,0.480702505295105,19.6225816087937,18.364529057873,18.9935553333333,0.540449820607853,51.1095955809043,18.8783996,18.8297738058968,-0.129398293714267,-0.287316809546176
"3476500","2012-09-12",13.3750290320248,0.457211386824906,0.530718459076508,0.520422778835705,19.6138243852844,18.3508416147156,18.982333,0.388182956022119,47.3891255550737,18.8725328,18.8098039651105,-0.183887179845965,-0.266630883606134
"3476499","2012-09-13",12.830420050552,0.483221476510067,0.527006260545983,0.535889468402689,19.6200401163417,18.359848550325,18.9899443333333,0.534433124695865,48.9370081466026,18.8730664,18.8053861030958,-0.183533532863078,-0.250011413457523
"3476498","2012-09-14",12.324711710613,0.814315436241611,0.584916099858861,0.547546939827115,19.659464240958,18.3592024257087,19.0093333333333,0.768835601082098,56.0443568801281,18.8767996,18.867334622683,0.0277362796075709,-0.194461874844504
"3476497","2012-09-17",12.1939536407696,0.718120805369128,0.671885906040269,0.594602755481702,19.6132876743481,18.3783793256519,18.9958335,0.706719659481495,53.7054961643875,18.8721332,18.901912672992,0.131974694524262,-0.129174560970751
"3476496","2012-09-18",11.3825454323208,0.709234613888465,0.747223618499735,0.668008541466286,19.5370200758974,18.4242025907692,18.9806113333333,0.89883629250205,55.5632584279217,18.8889332,18.9496576499264,0.2680793431727,-0.0497237801420608
"3476495","2012-09-19",10.8982427678925,0.877475675675676,0.768277031644423,0.729128852061473,19.6152538617553,18.3760798049114,18.9956668333333,1.11322283914553,60.8877656893484,18.9189332,19.0470366299362,0.547291673059802,0.0696793104983118
"3476494","2012-09-20",10.2843149193286,0.776572972972974,0.787761087512371,0.767753912552174,19.6975990856556,18.3560679143444,19.0268335,0.918136513457538,57.5851528693242,18.9473332,19.1065424126114,0.680567738582161,0.191856996115082
"3476493","2012-09-21",9.83772498531464,0.866198708096318,0.840082452248322,0.798706857135037,19.7980106130618,18.3784343869382,19.0882225,0.988096954980257,60.1225474435233,18.9862668,19.1852260909298,0.861122746467546,0.325710146185575
"3476492","2012-09-24",9.15753520033579,0.685314685314686,0.776028788794659,0.801290776185115,19.8681967312804,18.4238036020529,19.1460001666667,0.906627407350973,58.0383899724211,18.994,19.2383066121392,0.944845108501591,0.449537138648778
"3476491","2012-09-25",9.43456894190783,0.727971264367816,0.759828219259606,0.79197982010086,20.0226693835222,18.4058866164778,19.214278,1.05058025407705,62.523442498652,19.0073336,19.332755063854,1.14901121944,0.589431954807022
"3476490","2012-09-26",10.2884789399567,0.777960891511692,0.730415613731397,0.755424207261885,20.2373133984651,18.3363539348683,19.2868336666667,1.08909006466371,65.8748211008559,19.0469336,19.4559437220068,1.42133507255635,0.755812578356888
"3476489","2012-09-27",11.8305414553038,0.770381481496578,0.758771212458695,0.749671681816564,20.5106537656657,18.2306802343343,19.370667,1.10838849557025,68.9018929165397,19.1193336,19.6044845590725,1.7432719323033,0.953304449146171
"3476488","2012-09-28",13.3111236835312,0.888593139051193,0.812311837353154,0.76716622118108,20.7922966982189,18.1481486351144,19.4702226666667,1.07056840136326,71.6399609727567,19.2188004,19.7754426178629,2.09947391140284,1.1825383415975
"3476487","2012-10-01",14.8743120989604,0.878047653340625,0.845674091296132,0.805585713702658,21.0476421557088,18.0951365109579,19.5713893333333,1.00606756196714,72.2492789643168,19.3190672,19.9333836021478,2.37910382357245,1.42185143799249
"3476486","2012-10-02",15.1866007623953,0.720683794466404,0.829108195619407,0.829031374756228,21.1603446549418,18.2293226783916,19.6948336666667,0.889189507661971,64.8795653954692,19.3968004,20.0222657885281,2.4242083978619,1.62232282996638
"3476485","2012-10-03",15.4765830927277,0.689600917431192,0.762777455079406,0.812519913998313,21.2564876199765,18.3332910466902,19.7948893333333,0.820272907823694,65.1981486006366,19.4672004,20.1032970167244,2.44228038906988,1.78631434178708
"3476484","2012-10-04",15.2961258265005,0.62232110091743,0.677535270938341,0.756473640545716,21.3246483785274,18.4135746214726,19.8691115,0.731987194311625,62.2262019413003,19.5276004,20.1539680811611,2.36948358663471,1.9029481907566
"3476483","2012-10-05",14.7985765478507,0.543971426756633,0.618631148368418,0.686314624795386,21.3729510139874,18.5027159860127,19.9378335,0.690052903223368,60.0166040764628,19.5873336,20.1832163370063,2.2415301603752,1.97066458468032
"3476482","2012-10-08",13.8798145673507,0.398899268752689,0.521730598808917,0.605965672705223,21.390206341996,18.6197943246707,20.0050003333333,0.635760673014666,56.9168250591703,19.6372004,20.1876768254055,2.05378172355044,1.98728801245435
"3476481","2012-10-09",13.2998227001527,0.465075496045971,0.469315397185097,0.536559048120808,21.4045830830977,18.7504179169023,20.0775005,0.657091266201922,58.6774009588407,19.7284004,20.2075425820181,1.93059840342384,1.97595009064825
"3476480","2012-10-10",12.8815571331251,0.603479290215511,0.48915135167139,0.493399115888466,21.3945206429836,18.946369023683,20.1704448333333,0.716306796179815,62.6083074273331,19.8092004,20.2629809044157,1.92471778191365,1.96570362890133
"3476479","2012-10-11",12.897516384654,0.671179221743822,0.579911336001767,0.512792694952749,21.397531082261,19.1226915844057,20.2601113333333,0.749052882134088,64.1049444875502,19.8836004,20.3265834504936,1.94322412268777,1.96120772765862
"3476478","2012-10-12",13.1362264783083,0.629897058823528,0.63485185692762,0.567971514866924,21.4272641553373,19.2467358446627,20.337,0.756664098601037,64.925610531662,19.9542668,20.3901496570944,1.95947175210753,1.9608605325484
"3476477","2012-10-15",13.1564741361084,0.489293577981651,0.596789952849666,0.603851048593016,21.408390000606,19.4266096660607,20.4174998333333,0.723844267164169,63.6068007298896,20.0269336,20.4381297028152,1.92825978355693,1.95434038275011
"3476476","2012-10-16",14.0208803766109,0.722689075630253,0.613959904145143,0.615200571307474,21.4393676670296,19.5718546663037,20.5056111666667,0.864687599534026,67.907089161393,20.1128004,20.5232684091065,2.00817589737363,1.96510748567481
"3476475","2012-10-17",15.5454112030607,0.578257778821258,0.596746810811053,0.602498889268619,21.5150285739237,19.6525267594096,20.5837776666667,0.894689011452998,68.2369532819061,20.2097336,20.600609954559,2.05684203437546,1.98345439541494
"3476474","2012-10-18",17.0190525138874,0.64392034951034,0.648289067987283,0.619665260981158,21.5533667231812,19.7962996101521,20.6748331666667,0.917772033041199,69.744385299442,20.3076,20.6836392939511,2.11657197730404,2.01007791179276
"3476473","2012-10-19",18.3874337310836,0.699359700127291,0.640512609486296,0.628516162761542,21.5992389282521,19.9180937384146,20.7586663333333,0.915853632130908,70.8214732706283,20.3892,20.7671540547576,2.17116882874653,2.04229609518351
"3476472","2012-10-22",17.1041057620928,0.215348007138607,0.519542685592079,0.602781454355217,21.5097099773366,20.11651168933,20.8131108333333,0.506538313135382,53.0613525513149,20.4462664,20.7386441807899,1.89809683329083,2.01345624280498
"3476471","2012-10-23",16.3306721367241,0.11087230463178,0.341860003965892,0.500638433014753,21.4670602506704,20.1997167493296,20.8333885,0.244829638012206,50.1385666705217,20.4914664,20.6921582900179,1.59974751397653,1.93071449703929
"3476470","2012-10-24",15.5459764146954,0.123665508881682,0.149961940217355,0.33712154325844,21.4552304243568,20.2337685756432,20.8444995,0.323482411483348,50.4981411899751,20.5206664,20.6545371846822,1.35547382708179,1.81566636304779
"3476469","2012-10-25",15.9940665636094,0.417909206629439,0.217482340047633,0.236434761410291,21.4839748118867,20.2416908547799,20.8628328333333,0.710588326850229,58.0002502329095,20.5757332,20.6832655600579,1.32625911238193,1.71778491291462
"3476468","2012-10-26",16.4101502733152,0.418012512730976,0.319862409414032,0.229102229893004,21.4921787252056,20.241708941461,20.8669438333333,0.655274576955572,59.0180889419433,20.6254664,20.7174968187169,1.31497980222128,1.63722389077595
"3476467","2012-10-31",17.6833665558799,0.625865186755628,0.48726230203868,0.341535683833446,21.5618006639728,20.2128643360272,20.8873325,0.934414499676573,63.7884041985749,20.6938664,20.7942745762213,1.42647074297988,1.59507326121674
"3476466","2012-11-01",19.4612748154269,0.65845362403807,0.567443774508224,0.45818949532031,21.7320410815735,20.1442905850932,20.9381658333333,1.07569341154437,67.7203882701667,20.7614664,20.9065939660585,1.6275069173405,1.60155999244149
"3476465","2012-11-02",21.2524441768088,0.74295024875622,0.675756353183305,0.576820809910068,21.9284188164472,20.0803571835528,21.004388,1.06879343990658,70.2219931690087,20.8265328,21.0368254372507,1.85787051454054,1.6528220968613
"3476464","2012-11-05",21.5737998041753,0.507462686567164,0.636288853120484,0.626496326937335,21.9928516206289,20.1228133793711,21.0578325,0.797053194462856,60.5281150824202,20.8601328,21.0865820456172,1.83607133558443,1.68947194460593
"3476463","2012-11-06",20.8172840947237,0.283582089552239,0.51133167495854,0.607792293754108,21.9916786618122,20.1950976715211,21.0933881666667,0.556248600654679,53.0326150548558,20.863066,21.0697044395349,1.62767199992107,1.67711195566895
"3476462","2012-11-07",20.3166263814003,0,0.263681592039801,0.470434040039606,22.004853816074,20.1708115172593,21.0878326666667,0.0540837123212256,40.6919222383293,20.8221328,20.9186331809303,1.05715577605217,1.5531207197456
"3476461","2012-11-08",20.1016580026714,0,0.0945273631840791,0.289846876727471,22.0859454396548,20.0282755603452,21.0571105,-0.0720583163036702,38.9739641560821,20.7883996,20.7637047568062,0.526778520428683,1.34785227988221
"3476460","2012-11-09",20.2697641444443,0,-6.10622663543836e-16,0.119402985074624,22.1963810921817,19.812284574485,21.0043328333333,-0.0704003549796591,36.4568719318706,20.7425328,20.5929881225654,-0.00324478419295726,1.07763286706718
"3476459","2012-11-12",19.8450146105516,0.0640010697130642,0.0213336899043541,0.0386203510294753,22.2465450982955,19.6660095683712,20.9562773333333,0.0773277856404284,39.3382199534809,20.7099996,20.4699230395567,-0.348883666428634,0.792329560368017
"3476458","2012-11-13",19.7519234246834,0,0.0213336899043541,0.0142224599362336,22.3165263742687,19.4622509590646,20.8893886666667,0.0338576440173169,37.2896764421784,20.6734664,20.3352666342825,-0.700058368353051,0.493851974623803
"3476457","2012-11-14",19.9848382246187,0,0.0213336899043541,0.0213336899043519,22.3922779806443,19.234499352689,20.8133886666667,0.0337612796436077,35.1318115103233,20.6339996,20.1878977497115,-1.06062457198365,0.182956665302313
"3476456","2012-11-15",20.6469838243151,0,-6.10622663543836e-16,0.0142224599362336,22.4525121672618,18.9591538327382,20.705833,0.0218708837205057,32.1417900652284,20.5759996,20.0144007164166,-1.47111691130474,-0.147858050019097
"3476455","2012-11-16",19.9578755807299,0.0559753851758877,0.0186584617252953,0.0133307172098807,22.4224507001053,18.7955486332281,20.6089996666667,0.161755502617436,35.5266667212536,20.5143996,19.8902579542277,-1.70108989864215,-0.458504419743707
"3476454","2012-11-19",18.7032052495531,0.274192859765522,0.110056081647136,0.042904847790808,22.3311058413903,18.754782491943,20.5429441666667,0.372727531734417,46.6906877634923,20.4787996,19.8848902269974,-1.55499707318608,-0.677802950432182
"3476453","2012-11-20",17.538154227746,0.327324788733197,0.219164344558202,0.115959629310209,22.2222239858947,18.732775680772,20.4774998333333,0.405827567970871,49.0060039594974,20.4481332,19.9051275300644,-1.34777534960905,-0.811797430267556
"3476452","2012-11-21",16.6302626437292,0.35483714880185,0.318784932433522,0.216001786212951,22.1887934118313,18.7088729215021,20.4488331666667,0.442542796435822,50.2118454036714,20.4234664,19.9355545260558,-1.13126791635084,-0.875691527484213
"3476451","2012-11-23",16.061107140578,0.439360041872385,0.373840659802477,0.303929978931398,22.1827847621063,18.702992571227,20.4428886666667,0.4851201842448,51.8605892045438,20.3909328,19.9792579225817,-0.896774608075546,-0.87990814360248
"3476450","2012-11-26",15.2346891068641,0.440576087817738,0.411591092830657,0.36807222835555,22.1630303776522,18.6829689556811,20.4229996666667,0.444860264403615,49.7672516217064,20.3511996,19.9966901995708,-0.764148206861337,-0.856756156254251
"3476449","2012-11-27",15.0090897130859,0.669917073170733,0.516617734286951,0.434016495640026,22.098821528778,18.6785111378887,20.3886663333333,0.514358443451258,51.8162935042727,20.3126664,20.0317981729614,-0.591730850906202,-0.803751095184641
"3476448","2012-11-28",14.7359267284863,0.694827060046656,0.601773407011708,0.509994078043103,22.0393407659181,18.6745475674152,20.3569441666667,0.520721184300723,51.3650136133154,20.2694664,20.0582250832332,-0.461927232961512,-0.735386322740016
"3476447","2012-11-29",15.2469619676919,0.853592339215938,0.739445490811108,0.619278877369921,21.9734590566345,18.6995409433655,20.3365,0.722347243114093,60.2674475062172,20.2852,20.1766844054688,-0.0710532205183578,-0.602519702295684
"3476446","2012-11-30",15.5146197646626,0.816299470026893,0.788239623096495,0.709819506973102,21.8043778689682,18.7788444643651,20.2916111666667,0.719080542621522,58.81155081848,20.3038668,20.2673491514063,0.198903886771729,-0.442234984482202
"3476445","2012-12-03",16.6143766110592,0.781648083623693,0.817179964288841,0.781621692732146,21.6270501209664,18.8845058790337,20.255778,0.894929636298851,61.8275245812439,20.3326668,20.3823692645521,0.514034022626375,-0.250981183060486
"3476444","2012-12-04",17.3514516353321,0.739836236933799,0.779261263528128,0.794893616971152,21.5347156667392,18.9356179999275,20.2351668333333,0.87164558261928,59.7586621512885,20.3382668,20.4660533626118,0.706654903559545,-0.0594539657364801
"3476443","2012-12-05",18.0358784435855,0.781648083623693,0.767710801393728,0.788050676403563,21.5449853989795,18.9304596010205,20.2377225,0.885474936775685,61.1583528488444,20.3458668,20.5545795809302,0.895050875374381,0.131447002485692
"3476442","2012-12-06",18.2403033964731,0.701994508741874,0.741159609766455,0.762710558229435,21.6451355162307,18.9165314837694,20.2808335,0.812023959213071,58.0764962161933,20.3325336,20.6086356368062,0.965699538946407,0.298297509777835
"3476441","2012-12-07",17.8178876986453,0.449301662060031,0.644314751475199,0.717728387545125,21.7059654663306,18.9557015336694,20.3308335,0.699678956921754,53.7313278439946,20.2953336,20.6217068852321,0.911839940036541,0.421005995829576
"3476440","2012-12-10",17.4256445506623,0.484494186046512,0.545263452282805,0.643579271174817,21.7574434925146,19.033890174152,20.3956668333333,0.70026895122236,56.0162053372765,20.2548004,20.6548126338678,0.922239444084094,0.52125268548048
"3476439","2012-12-11",16.5646967919185,0.338058020125466,0.423951289410669,0.537843164389555,21.7953099752102,19.0923570247898,20.4438335,0.642457714604358,52.5378919470115,20.2250672,20.6563936160187,0.841315576115309,0.585265263607446
"3476438","2012-12-12",15.8742737519363,0.425100354047866,0.415884186739947,0.461699642811138,21.8168674753381,19.2090215246619,20.5129445,0.664183586031595,54.674467533075,20.2190672,20.6768744672162,0.823595909536468,0.63293139279325
"3476437","2012-12-13",16.097520395746,0.540484735860859,0.43454770334473,0.424794393165113,21.8263190507693,19.3865699492307,20.6064445,0.747839214130125,57.4114100887063,20.2616004,20.7199578715874,0.873357181348133,0.681016550504227
"3476436","2012-12-14",15.8425711375213,0.388643256237431,0.451409448715385,0.433947112933352,21.6992202911702,19.7111127088298,20.7051665,0.653326796484427,54.1378688616787,20.3042668,20.7337408220424,0.834217309033991,0.71165670221018
"3476435","2012-12-17",15.6058325405984,0.451964078681052,0.460364023593113,0.44877372521774,21.5828229882874,19.992510345046,20.7876666666667,0.653778986607443,55.6287228891808,20.3617336,20.7585753791034,0.831125924910592,0.735550546750262
"3476434","2012-12-18",16.1837497309447,0.409779816513763,0.416795717144081,0.442856396484191,21.6042789703712,20.0920543629622,20.8481666666667,0.797316944716527,58.5319856710074,20.4194668,20.805875995223,0.89320827293855,0.76708209198792
"3476433","2012-12-19",16.7203871219805,0.590211009174311,0.483984968123041,0.45371490295341,21.6350130558708,20.1884312774626,20.9117221666667,0.851364741986883,61.3056596685405,20.4934668,20.8730925291933,1.00641758853255,0.814949191296846
"3476432","2012-12-20",16.5049310147009,0.366972477064219,0.455654434250764,0.452145039839293,21.6212060695512,20.2943499304488,20.957778,0.659946000986131,56.2890711573291,20.5669336,20.8989028586342,0.990241581478046,0.850007669333086
"3476431","2012-12-21",16.4201950975281,0.496659999999999,0.484614495412842,0.474751299262214,21.6219924112099,20.3796745887901,21.0008335,0.702352808164941,57.7674674104497,20.658,20.9341598108163,1.00295048687102,0.880596232840674
"3476430","2012-12-24",16.8379920178531,0.433330000000002,0.432320825688073,0.457529918450557,21.5759770967624,20.5314679032376,21.0537225,0.725146414658553,56.4210207981605,20.7386668,20.9562718360408,0.97716733255635,0.899910452783809
"3476429","2012-12-26",16.8116649808917,0.300000000000001,0.409996666666667,0.442310662589191,21.5330516815113,20.6498379851554,21.0914448333333,0.614104321995689,53.5890737104186,20.7833336,20.957658257902,0.895039073463,0.898936176919647
"3476428","2012-12-27",16.7872184465703,0.343330000000002,0.358886666666668,0.400401386340467,21.4473344199685,20.8082219133648,21.1277781666667,0.539985396002446,54.3902849763781,20.8222668,20.9646371568484,0.836975880805979,0.886544117696914
"3476427","2012-12-28",17.5423752133979,0.571850861295373,0.405060287098458,0.391314540143928,21.5009947224827,20.796005944184,21.1485003333333,0.968645284629871,59.6938232091787,20.8696004,21.0115748692686,0.898391218575245,0.88891353787258
"3476426","2012-12-31",19.0121944348439,0.386554145185485,0.433911668826953,0.399286207530691,21.5735212189116,20.7884791144218,21.1810001666667,1.03938911587661,58.8131653816008,20.9102672,21.0473648866995,0.922011038250004,0.895533037948065
"3476425","2013-01-02",21.5166741048621,0.634115040048199,0.530840015509685,0.456603990478363,21.993919992701,20.4984136739657,21.2461668333333,1.43350090368094,71.8312939540168,20.999734,21.2206055684729,1.33159665976235,0.982745762310921
"3476424","2013-01-03",23.842262369879,0.845091286307054,0.621920157180246,0.528890613838959,22.386980653622,20.2803530130447,21.3336668333333,1.26778787836633,75.796137591969,21.103734,21.4391914926765,1.82409317113814,1.15101524407637
"3476423","2013-01-04",26.1844800564808,0.857522350140212,0.778909558831821,0.643889910507248,22.7258720451593,20.1257949548407,21.4258335,1.13961815062807,76.5575889511184,21.213334,21.643299293653,2.22318941869428,1.36545007899995
"3476422","2013-01-07",27.7987865418275,0.78116235296073,0.827925329802665,0.742918348604908,22.9616395518455,20.0694717814879,21.5155556666667,0.987907725984214,72.7484888416176,21.2874672,21.7975260544992,2.44288507735404,1.58093707867077
"3476421","2013-01-08",28.9078283914024,0.725987288135593,0.788223997078845,0.798352961904441,23.1238030849386,20.0966412483948,21.6102221666667,0.884224970275998,70.0972307420496,21.3604004,21.9151892472327,2.54021719301549,1.77279310153971
"3476420","2013-01-09",30.2417760678441,0.796610169491525,0.767919936862616,0.794689754581373,23.3015775829001,20.1214227504333,21.7115001666667,0.894688277601793,71.6430152628919,21.4290672,22.039386680935,2.64551137996361,1.94733675722449
"3476419","2013-01-10",31.5088735862918,0.802258474576271,0.774951977401129,0.777031970447528,23.4469943408196,20.191450325847,21.8192223333333,0.857578025253574,71.7687124696813,21.5030672,22.1488017901436,2.70026535668382,2.09792247711636
"3476418","2013-01-11",30.0727709143395,0.405364406779661,0.668077683615819,0.736983199293185,23.4738272221438,20.2987284445229,21.8862778333333,0.624702314604318,53.7418752001609,21.5348004,22.1187388847912,2.37469126900072,2.15327623549323
"3476417","2013-01-14",28.7392470046696,0.556495762711865,0.588039548022599,0.677023069679846,23.5146267164786,20.3749289501881,21.9447778333333,0.638972665251849,58.0616434251991,21.5876004,22.140240366819,2.22105885520947,2.16683275943648
"3476416","2013-01-15",26.9005410829686,0.4435,0.468453389830508,0.574856873822973,23.5113241687003,20.4891204979664,22.0002223333333,0.539264174841174,54.0012466818999,21.6398668,22.1233189845765,1.97936457184258,2.1293391219177
"3476415","2013-01-16",25.1560110235207,0.425900106618552,0.475298623110138,0.510597186987746,23.4976266280332,20.6087070386335,22.0531668333333,0.513135187334129,53.7483577250689,21.6849336,22.1064324532996,1.76154052683819,2.0557794029018
"3476414","2013-01-17",23.5043465399238,0.343646020120487,0.404348708913013,0.449366907284551,23.4937644266411,20.689124573359,22.0914445,0.489975718284435,53.5321821902624,21.7376,22.0900187928597,1.56607228579908,1.95783797948125
"3476413","2013-01-18",22.122465699915,0.382733904342175,0.384093343693738,0.421246891905627,23.4954016553992,20.7592650112675,22.1273333333333,0.503816817173855,54.7086378576386,21.7877332,22.086460287145,1.42402532458783,1.85107544850257
"3476412","2013-01-22",20.5576760440528,0.0237576068522233,0.250045843771628,0.346162632126124,23.468483036931,20.8751836297356,22.1718333333333,0.456877327897537,52.7896665434185,21.826,22.0691549155257,1.25800817398365,1.73246199359878
"3476411","2013-01-23",19.1046570778951,0.0308834637365147,0.145791658310304,0.259976948591888,23.4394216252004,20.9811343747996,22.210278,0.423050218547148,52.956275132394,21.8717336,22.0554902601223,1.11725980145829,1.60942155517069
"3476410","2013-01-24",17.7554251807486,0,0.0182136901962456,0.138017064092724,23.40551949218,21.0865921744867,22.2460558333333,0.395809944182726,51.9687296493724,21.9116004,22.036980892106,0.976190734184135,1.48277539097338
"3476409","2013-01-25",16.6971768912142,0,0.0102944879121712,0.0580999454729046,23.3483954324948,21.2261602341719,22.2872778333333,0.372486093806257,51.6917604290072,21.9432004,22.0191607731585,0.849732868981268,1.35616688657495
"3476408","2013-01-28",15.5476918290417,0,-3.75856753128308e-16,0.00950272603613641,23.2669922852351,21.3908963814316,22.3289443333333,0.317556768123597,50.6031663734239,21.9649336,21.997050003404,0.722855832339331,1.22950467572783
"3476407","2013-01-29",14.576491598532,0,-3.75856753128308e-16,0.00343149597072107,23.2278647125267,21.4719126208066,22.3498886666667,0.242526005047705,49.4080005184068,21.9942668,21.9707766696168,0.595848914719177,1.1027735235261
"3476406","2013-01-30",15.0812819626173,0,-3.75856753128308e-16,-2.79001359052936e-15,23.233085352327,21.4624699810063,22.3477776666667,0.0563382392035994,40.0486179824183,22.0001336,21.8826731136679,0.311054104315955,0.94442963968407
"3476405","2013-01-31",15.5500158721252,0.019721893491126,0.00657396449704162,0.00219132149901121,23.2444542851747,21.3314340481586,22.2879441666667,0.0596539874312759,40.869135886239,22.0098668,21.8107606985122,0.0958832658025877,0.774720364907774
"3476404","2013-02-01",14.4447942871168,0.109947931800869,0.0432232750973313,0.0165990798647884,23.1657997521124,21.2817552478876,22.2237775,0.204889756008135,43.5327843097928,22.0292,21.7626592720439,-0.0351155799512504,0.612753175935969
"3476403","2013-02-04",13.6405356374685,0.300656862745099,0.143442229345697,0.0644131563133544,23.029228154105,21.2899935125617,22.1596108333333,0.296431051791556,47.5113616610471,22.0534668,21.7431940357714,-0.076316756613326,0.47493918942611
"3476402","2013-02-05",12.9934316593956,0.51194364524353,0.307516146596499,0.164727217013173,22.9093653377953,21.3117453288714,22.1105553333333,0.396722208194037,51.757442463592,22.0732,21.7521014976685,-0.0367469566228018,0.372601960216328
"3476401","2013-02-06",12.3925493940422,0.587025300254949,0.466541936081192,0.305833437341127,22.8105875429394,21.3306341237273,22.0706108333333,0.435019914308384,53.3005693949315,22.0973332,21.7695986313127,0.0215555154033931,0.302392671253741
"3476400","2013-02-07",11.9466497303418,0.689414029303653,0.596127658267377,0.45672858031502,22.6402634882195,21.4095131784472,22.0248883333333,0.522207320566684,55.3958841020098,22.0827996,21.7980961471377,0.103568291191558,0.262627795241304
"3476399","2013-02-08",12.6749821597502,0.644737777005851,0.640392368854817,0.567687321067793,22.4397199015285,21.5393904318048,21.9895551666667,0.818899739471431,58.2851060375195,22.0534664,21.841905994186,0.218918814468694,0.253885999086782
"3476398","2013-02-11",13.2288089623533,0.62105362880624,0.651735145038581,0.629418390720256,22.4232286289683,21.5455487043651,21.9843886666667,0.721608502007436,57.4464046550443,22.0185332,21.8758745282945,0.295612861887729,0.262231371646972
"3476397","2013-02-12",14.3563413893683,0.573299930104529,0.61303044530554,0.63505265306631,22.3911830099014,21.5615943234319,21.9763886666667,0.794991165290337,55.8126053563301,21.9881332,21.8977579245219,0.331535484470979,0.276092194211773
"3476396","2013-02-13",15.1572425560734,0.528794577996277,0.574382712302348,0.613049434215487,22.3890205566971,21.5618677766363,21.9754441666667,0.650579799769085,54.1539703081729,21.9602664,21.9091675345857,0.335201060348855,0.28791396743919
"3476395","2013-02-14",15.9009364965852,0.541886235304281,0.547993581135029,0.578468912914303,22.3907227489012,21.5617209177655,21.9762218333333,0.657351682992821,54.5815508306241,21.9263996,21.9212785299743,0.340293211896836,0.298389816330719
"3476394","2013-02-15",16.1858791891776,0.473820612095842,0.514833808465467,0.545736700634278,22.3879081367727,21.5612021965607,21.9745551666667,0.567063144587753,51.872772164313,21.8885328,21.9202187259777,0.30884940335556,0.300481733735687
"3476393","2013-02-19",16.4504688322991,0.581153353804592,0.532286733734905,0.531704707778464,22.3843689656265,21.5618527010402,21.9731108333333,0.665077789355281,55.6135915153214,21.8935996,21.9375228958473,0.330407283129563,0.306466843614462
"3476392","2013-02-20",15.925854284573,0.438177419354837,0.497717128418424,0.514945890206263,22.3785240763238,21.5598085903429,21.9691663333333,0.514592370859675,50.5561874237002,21.8778664,21.9307425097344,0.284111496280515,0.301995774147673
"3476391","2013-02-21",15.2434075684614,0.34705690310854,0.45546255875599,0.495155473636437,22.374064476082,21.5564898572514,21.9652771666667,0.473155763203528,49.2756660136464,21.8710664,21.9190875084364,0.228832886217933,0.287363196561725
"3476390","2013-02-22",14.6235877654059,0.310346967910124,0.365193763457834,0.439457816877413,22.3733247101943,21.5561186231391,21.9647216666667,0.535015647158369,51.5137077725892,21.8678664,21.9187651739782,0.209608321890076,0.271812221627395
"3476389","2013-02-25",13.6612280194398,0.034487217617321,0.230630362878662,0.350428895030826,22.3685342691306,21.5522430642027,21.9603886666667,0.462776355852049,48.9752927037635,21.862,21.9078191507812,0.163033587780537,0.250056494858024
"3476388","2013-02-26",14.787277276155,0,0.114944728509148,0.236922951615212,22.39220280631,21.4786858603566,21.9354443333333,0.00995143697146482,34.4867733753827,21.8276,21.8138872640103,-0.106559713372145,0.17873325321199
"3476387","2013-02-27",14.8809468372261,0.306768115942029,0.113751777853117,0.15310895641364,22.3910050762951,21.4745505903716,21.9327778333333,0.403616417374332,45.9886579264894,21.8144,21.7889249621423,-0.162219166942779,0.110542769181036
"3476386","2013-02-28",14.9679257153636,0.434782608695651,0.247183574879227,0.158626693747161,22.3764560154151,21.5249883179183,21.9507221666667,0.465222207778721,49.9384809927256,21.8078664,21.7908456338566,-0.139306938168549,0.0605728277111192
"3476385","2013-03-01",15.0699591642726,0.429956521739129,0.390502415458936,0.250479256063757,22.3321359432846,21.6147533900488,21.9734446666667,0.397625983511758,49.7906514722749,21.8030664,21.7916222160091,-0.122206842346118,0.0240168936996718
"3476384","2013-03-04",15.3953125142206,0.379231884057969,0.414657004830916,0.350780998389691,22.3185638666513,21.6455481333487,21.982056,0.288931135428897,48.1764090373314,21.796,21.7829619205412,-0.133054796398269,-0.00739744431991628
"3476383","2013-03-05",15.7087958832228,0.460176991150443,0.423121798982514,0.409427073090786,22.317879494204,21.647565505796,21.9827225,0.255583448702259,48.0962844899919,21.7908,21.7750109978024,-0.141270963083495,-0.0341721480726321
"3476382","2013-03-06",16.3865414173873,0.364181002444768,0.401196625884393,0.412991809899272,22.3281155271474,21.6121071395193,21.9701113333333,0.113443075831993,45.3407672429218,21.7832,21.7530095314287,-0.187667430215444,-0.0648712045011944
"3476381","2013-03-07",16.3769045596724,0.399379568484308,0.407912520693173,0.410743648520024,22.3295659669802,21.5881010330198,21.9588335,0.2168486010364,46.0263001845631,21.7961332,21.7370522605716,-0.213373149170326,-0.0945715934350207
"3476380","2013-03-08",16.3679560489372,0.507741462100735,0.42376734434327,0.410958830306943,22.319974674182,21.5750259924847,21.9475003333333,0.336305950110788,49.4412937668279,21.8124,21.7387786258287,-0.188270948479852,-0.113311464443987
"3476379","2013-03-11",16.4544940800083,0.486072798536225,0.464397943040423,0.432025936025619,22.2686704491862,21.5795522174804,21.9241113333333,0.332798889897123,48.7766938437232,21.8234668,21.7371641423849,-0.175021014483157,-0.125653374451821
"3476378","2013-03-12",17.3191496264396,0.291026962764821,0.428280407800594,0.438815231728093,22.2441775495393,21.5481564504607,21.896167,0.103225150742932,43.1535839692399,21.8194668,21.7077649234002,-0.239791289181523,-0.148480957397761
"3476377","2013-03-13",16.6181767086916,0.408667465425802,0.395255742242283,0.429311364361097,22.1914499717392,21.5587726949275,21.8751113333333,0.381274909942689,47.1137369486977,21.8128,21.6991736002802,-0.241314343744781,-0.167047634667165
"3476376","2013-03-14",16.9145892174442,0.577181208053692,0.425625212081438,0.416387120708102,22.2321608761157,21.5353951238843,21.883778,1.05908603250435,57.6494205673475,21.82,21.7477277869095,-0.08548364639962,-0.150734837013656
"3476375","2013-03-15",17.2982562412659,0.801745098039216,0.595864590506237,0.472248514943316,22.344819423905,21.4651809094284,21.9050001666667,1.21178083159062,64.3302537927042,21.8378668,21.8386974153216,0.171379862507881,-0.0863118971093488
"3476374","2013-03-18",16.7764574197985,0.572600397810398,0.650508901301102,0.557332901296256,22.3974065398647,21.443705126802,21.9205558333333,0.940970476615003,58.4614579267086,21.8413332,21.888648426612,0.290889748490319,-0.0108715679894151
"3476373","2013-03-19",16.3344660054497,0.671231075238769,0.681858857029461,0.642744116278931,22.4562874352613,21.4164905647387,21.936389,0.970442205781504,60.6050467057469,21.8507996,21.9479393030638,0.424508916083921,0.0762045288252521
"3476372","2013-03-20",15.7452357469931,0.635617181464008,0.626482884837725,0.652950214389427,22.503987853152,21.405123146848,21.9545555,0.854809678658916,59.4128101164974,21.8607996,21.9935473959886,0.508232129133934,0.162610048886989
"3476371","2013-03-21",15.729909600808,0.646573405881676,0.651140554194818,0.653160765353999,22.5610996219885,21.3942337113449,21.9776666666667,0.866697375219948,59.6756234898147,21.8735996,22.0348517431901,0.572588649085715,0.244605768926734
"3476370","2013-03-22",17.6435642802877,0.590361756839094,0.624184114728259,0.633935851253598,22.7390314281956,21.3094125718044,22.024222,1.12969324257918,66.0164803505302,21.8999996,22.1182048440981,0.74488968406079,0.344662551953545
"3476369","2013-03-25",19.6172534033846,0.817150485436893,0.684695216052554,0.653339961658541,23.0041621681353,21.1838371651981,22.0939996666667,1.17655885515654,72.9513429053556,21.9514664,22.2624441982184,1.06402874861729,0.488535791286293
"3476368","2013-03-26",21.4499647319745,0.851131067961165,0.752881103412384,0.687253478064397,23.1986593583102,21.1733399750232,22.1859996666667,1.06375157884823,73.7005554514083,22.0002664,22.3967849717892,1.32431446244945,0.655691525518924
"3476367","2013-03-27",23.3416798816877,0.875402912621359,0.847894822006472,0.761823713823801,23.391642757907,21.1358009087597,22.2637218333333,1.00321265522039,74.2492193439978,22.0575996,22.519880308884,1.52857644574602,0.830268509564344
"3476366","2013-03-28",25.0982725207072,0.888349514563107,0.87162783171521,0.824134585711353,23.5545656421949,21.1199893578051,22.3372775,0.933318043923083,74.5541592789164,22.1177332,22.6301189343661,1.67862363301217,0.999939534253908
"3476365","2013-04-01",27.363340459721,0.819327731092437,0.861026719425634,0.860183124382437,23.7412136536033,21.1043413463967,22.4227775,0.950240169039889,75.9350273561582,22.1797332,22.7416590764507,1.81743021493472,1.16343767039007
"3476364","2013-04-02",29.9931079394717,0.882208733486217,0.863295326380587,0.865316625840475,24.0252221486068,21.0509991847265,22.5381106666667,1.04083235168805,81.1877477481277,22.2678664,22.9147711995906,2.10312327242406,1.35137479079687
"3476363","2013-04-03",32.5420051163853,0.839334017542912,0.846956827373855,0.85709295772669,24.2737265574209,21.0418281092457,22.6577773333333,0.98096890777751,81.5161157695039,22.3830664,23.0705790396452,2.31416745837831,1.54393332431316
"3476362","2013-04-04",34.9088382092336,0.864105075177141,0.861882608735423,0.857378254163286,24.481045661225,21.091175338775,22.7861105,0.934791312489331,82.1361023173151,22.4845328,23.2162791676925,2.47740428141019,1.73062751573256
"3476361","2013-04-05",34.9694048666168,0.642539671285567,0.781992921335207,0.830277452481493,24.5727416579683,21.2073683420317,22.890055,0.778638230779964,67.0081156621735,22.5589328,23.2758859453335,2.40374651368584,1.86525131532322
"3476360","2013-04-08",35.0256453341869,0.666665137614679,0.724436628025796,0.78943738603214,24.6459712105298,21.3345827894702,22.990277,0.753585372626864,68.0229385652272,22.6367992,23.338211819289,2.34531476528514,1.96126400531561
"3476359","2013-04-09",33.271067291454,0.415903669724772,0.575036159541673,0.693821902967556,24.645697755293,21.4983009113737,23.0719993333333,0.617982368207159,55.4674566930478,22.6955992,23.3193395767171,2.08592348971544,1.98619590219557
"3476358","2013-04-10",33.0888973358294,0.496572016460906,0.526380274600119,0.608617687389193,24.6515171281677,21.7222588718323,23.186888,0.749513222361289,60.0222220846511,22.767066,23.3447609664882,1.96599607516517,1.98215593678949
"3476357","2013-04-11",32.9197395198923,0.649520336849416,0.520665341011698,0.540693925051161,24.6735459678805,21.9317860321195,23.302666,0.79648498982864,65.9647134299044,22.8629328,23.4330155042898,2.01847514231341,1.98941977789428
"3476356","2013-04-12",32.3604351644442,0.438177605976599,0.528089986428974,0.525045200680261,24.7154526833453,22.068879649988,23.3921661666667,0.753598581337947,63.1816026460801,22.9523996,23.4912801037178,1.98913873420756,1.98936356915693
"3476355","2013-04-15",30.2738247200646,0.0303645568961249,0.37268749990738,0.473814275782682,24.7111957788797,22.1809142211203,23.446055,0.564353180841602,52.288006058194,23.0121328,23.4582200898888,1.73053258503599,1.93759737233275
"3476354","2013-04-16",28.3362578788549,0.11062954719977,0.193057236690831,0.364611574342393,24.6627915845751,22.3445410820916,23.5036663333333,0.495544197378324,53.9701753246527,23.0777328,23.4460134112369,1.55020952505214,1.86011980287662
"3476353","2013-04-17",27.0985004023739,0,0.0469980346986317,0.204247590432279,24.6019304226756,22.4867359106577,23.5443331666667,0.355595707661291,46.8962982327062,23.1321328,23.3701009564053,1.22439183597443,1.73297420949618
"3476352","2013-04-18",26.1830754577845,0,0.0368765157332567,0.0923105957075708,24.5289108964162,22.6125334369172,23.5707221666667,0.135510828062061,45.2453259728549,23.1763996,23.2874208288846,0.911517003661744,1.5686827683293
"3476351","2013-04-19",25.626912008247,0.252101264035738,0.0840337546785794,0.0559694350368202,24.4272356749642,22.8368756583692,23.6320556666667,0.500105426862417,52.3728219425292,23.2238664,23.2824313850333,0.827211659996774,1.42038854666279
"3476350","2013-04-22",25.1104745193907,0.258822283734931,0.17030784925689,0.0970727065562395,24.392303470288,22.9392521963787,23.6657778333333,0.453965033534771,52.5501573217135,23.2571996,23.2798845336956,0.756311976228363,1.28757323257591
"3476349","2013-04-23",24.6309254225956,0.467229356687995,0.326050968152888,0.193464190696117,24.4032204329287,22.9785575670713,23.690889,0.596086592330471,57.797513526679,23.3157332,23.3327892625362,0.833646617205863,1.1967879095019
"3476348","2013-04-24",24.4197837134018,0.536133674174243,0.420728438199056,0.305695751869609,24.4246511888864,23.0212378111136,23.7229445,0.67524570490911,59.3962985095709,23.3749332,23.3968613608647,0.930926912387808,1.14361571007908
"3476347","2013-04-25",24.6232840216105,0.598322013986578,0.533895014949606,0.426891473767181,24.4675912475868,23.0524090857466,23.7600001666667,0.76851890655019,60.8382841768981,23.4408,23.4688358460827,1.03788344622939,1.12246925730914
"3476346","2013-04-26",25.3576040213462,0.691376235062383,0.608610641074401,0.521078031407685,24.5709551933523,23.0598224733144,23.8153888333333,0.953042822946837,64.5400249419466,23.5196,23.5761017332717,1.22307703018836,1.14259081188499
"3476345","2013-04-29",26.4047376131995,0.798139442231074,0.695945897093345,0.612817184372448,24.7699539985468,22.9920453347865,23.8809996666667,1.08564332046797,69.0342995035258,23.6033332,23.7330655021688,1.51413903407227,1.21690045632244
"3476344","2013-04-30",27.6706626627922,0.795917411863852,0.761811029719103,0.688789189295614,24.9739860303554,22.8882356363112,23.9311108333333,1.08385661589421,70.7530866552334,23.6737332,23.8966567685463,1.79095257228701,1.33171087951536
"3476343","2013-05-01",28.8461644945568,0.810323156874962,0.801460003656629,0.753072310156357,25.1409100489176,22.8137562844157,23.9773331666667,0.998176578481553,71.0875841021759,23.7429332,24.0437691994068,1.99754030755108,1.4648767651225
"3476342","2013-05-02",30.7891023361164,0.718955182072829,0.775065250270547,0.779445427882091,25.4176141305513,22.6761638694487,24.046889,1.08517360540698,73.6563273856529,23.8228,24.2134893061525,2.23815589197083,1.61953259049217
"3476341","2013-05-03",32.9220442682542,0.843801523802913,0.791026620916901,0.789183958281357,25.8701851059521,22.4771482273812,24.1736666666667,1.1453402694095,78.9720276651959,23.9350664,24.4721347319989,2.67018018838874,1.82966211007148
"3476340","2013-05-06",33.6947068319438,0.723967540469042,0.762241415448261,0.776111095545234,26.1345740768214,22.4247595898453,24.2796668333333,0.950247087160466,70.1640132531035,24.0231996,24.6318501010657,2.81523183046246,2.02677605414968
"3476339","2013-05-07",34.4121792125127,0.784297342394498,0.784022135555484,0.779096723973547,26.3775011295931,22.4438318704069,24.4106665,0.920132805049784,71.865322476203,24.0981328,24.8027140875903,2.97169303667397,2.21575945065454
"3476338","2013-05-08",34.4762457435636,0.683963852796088,0.730742911886543,0.75900215429676,26.5544938797937,22.4592837868729,24.5068888333333,0.826072281934526,67.6539490056521,24.1614664,24.9179082092449,2.97832145668315,2.36827185186026
"3476337","2013-05-09",34.5592798282761,0.739585227272727,0.735948807487771,0.750237951643264,26.7362315735491,22.4642127597843,24.6002221666667,0.823500721067458,69.2285423089925,24.2296,25.0444097813456,3.01129775428053,2.49687703234431
"3476336","2013-05-10",34.3776712567782,0.672748224781599,0.698765768283471,0.721819162552593,26.8909349535467,22.4968430464533,24.693889,0.78282999679496,67.4602670243304,24.3137336,25.1407111438328,2.96913524270337,2.59132867441612
"3476335","2013-05-13",33.9539823522269,0.625141414141415,0.679158288731914,0.704624288167716,26.9944903019136,22.6143990314198,24.8044446666667,0.73185711680817,65.7128702539863,24.3908004,25.2112829913218,2.8704806909021,2.64715907771332
"3476334","2013-05-14",34.1985098449092,0.721311993704903,0.673067210875972,0.683663755963784,27.1220580953417,22.756608571325,24.9393333333333,0.786746338442343,68.6112814693517,24.5025336,25.3151119258122,2.8603002785609,2.68978731788284
"3476333","2013-05-15",34.6773205905138,0.766798418972332,0.704417275606217,0.685547591738032,27.2234466719437,22.9723306613896,25.0978886666667,0.8086502454279,70.4864166565865,24.6106668,25.4348743357039,2.88811219561094,2.72945229342846
"3476332","2013-05-16",35.5159248929126,0.864264730935276,0.784125047870837,0.720536511451007,27.3118467769491,23.2909302230509,25.3013885,0.908073999548494,74.9588386228008,24.7237332,25.6213350909434,3.06781036885064,2.79712390851289
"3476331","2013-05-17",36.4696057298726,0.783405063291139,0.804822737732916,0.764455020403321,27.4543377781846,23.4839948884821,25.4691663333333,0.882489298494932,74.6315647256402,24.8416,25.7807130788176,3.16451847318435,2.87060282144719
"3476330","2013-05-20",37.2033840551795,0.757145367350525,0.80160505385898,0.796850946487575,27.5265805722434,23.7474190944233,25.6369998333333,0.848901956445083,73.5930680319526,24.9825336,25.9121740016419,3.18585808074632,2.93365387330701
"3476329","2013-05-21",37.8847496429645,0.785124909503833,0.775225113381833,0.793884301657907,27.5890812516203,24.0065847483797,25.797833,0.847972519221071,74.6077418491032,25.1238668,26.0438841347563,3.20479479341649,2.98788205732891
"3476328","2013-05-22",39.0822963096693,0.607902139668905,0.716724138841088,0.764518102027298,27.6586585348019,24.2687854651981,25.963722,0.890263776696896,75.3720928168016,25.2888,26.1713662501222,3.21130918833898,3.03256748353092
"3476327","2013-05-23",39.9217202717904,0.569909680713801,0.654312243295513,0.715420498506142,27.6530822591503,24.5699170741831,26.1114996666667,0.819171027487608,73.3895979621303,25.4554668,26.2707400834392,3.15255381643238,3.05656475011121
"3476326","2013-05-24",40.8784252288477,0.601824622833774,0.593212147738827,0.654749509958474,27.6677646277761,24.8250130388905,26.2463888333333,0.834672635620487,74.0080718021687,25.6049336,26.3661974056473,3.09035618751454,3.06332303759188
"3476325","2013-05-28",42.250268659347,0.574124762971379,0.581953022172985,0.609825804402439,27.7470219858712,24.9973116807955,26.3721668333333,0.887536521465424,74.9053710837451,25.7578672,26.4622604182277,3.0352099056298,3.05770041119946
"3476324","2013-05-29",43.524123273382,0.769230769230769,0.648393385011974,0.60785285164126,27.8763483927922,25.1257629405411,26.5010556666667,0.945581866579341,78.7278018421666,25.9136004,26.6099590291307,3.10077291686408,3.06631491233239
"3476323","2013-05-30",44.8583101810672,0.694628695450453,0.679328075884201,0.636558161023051,27.9477139192865,25.3102864140468,26.6290001666667,0.904392726579627,75.3195222369884,26.058534,26.7201871585799,3.07457879599347,3.0679676890646
"3476322","2013-05-31",46.5306590039189,0.675561019808986,0.713140161496736,0.680287207464301,28.1416497994338,25.3630168672329,26.7523333333333,0.991408317201445,77.964916179597,26.2122672,26.8614955374359,3.11918096900423,3.07821034505253
"3476321","2013-06-03",45.2460031191646,0.268726835584823,0.546305516948087,0.646257918109672,28.1698559531741,25.4035887134926,26.7867223333333,0.595575605593736,57.8143965532984,26.3110672,26.8457401324445,2.80986046885672,3.02454036981337
"3476320","2013-06-04",44.0531083690355,0.315248062015504,0.419845305803104,0.559763661415974,28.1916875483102,25.5105351183564,26.8511113333333,0.644217338166535,60.7967629947636,26.4020008,26.8698641147852,2.6196580718103,2.94356391021275
"3476319","2013-06-05",42.6104942715647,0.0682926829268295,0.217422526842386,0.394524449864524,28.1897937800764,25.6062068865902,26.8980003333333,0.539909502144722,58.541962061696,26.478934,26.8716595661472,2.39818682449662,2.83448849306953
"3476318","2013-06-06",40.9892434314516,0.0097560975609754,0.131098947501103,0.256122260048862,28.1485032877154,25.7529413789513,26.9507223333333,0.477433686934899,56.6478329495051,26.5494672,26.8572156239942,2.16178301874022,2.69994739820367
"3476317","2013-06-07",40.1779768711813,0.144717073170731,0.0742552845528457,0.140925586298776,28.1309509217075,25.8964937449592,27.0137223333333,0.602262420769472,59.8715725458851,26.6184004,26.8815868741283,2.0341016680498,2.56677825217289
"3476316","2013-06-10",39.4246579223589,0.222765853658536,0.125746341463415,0.110366857839119,28.0924094694282,26.0750348639051,27.0837221666667,0.625383009832432,61.6477352743477,26.6602672,26.9240419575779,1.95812014051151,2.44504662984062
"3476315","2013-06-11",38.0890618582182,0.0991902439024394,0.155557723577236,0.11851978319783,27.9752676465835,26.3245103534165,27.149889,0.496030710655982,57.3215986644672,26.711334,26.9270590299008,1.80101442457459,2.31624018878741
"3476314","2013-06-12",35.6742286006673,0,0.107318699186992,0.129540921409212,27.9070567168154,26.4434992831846,27.175278,0.174499962179024,49.3686816211676,26.7310676,26.8576738259141,1.49728643465845,2.15244943796162
"3476313","2013-06-13",33.2282970053501,0,0.0330634146341468,0.0986466124661227,27.8973849106258,26.4595044227075,27.1784446666667,0.00961524786560745,46.6168952337898,26.752134,26.7690946491255,1.17863689403019,1.95768692917533
"3476312","2013-06-14",30.9570748096984,0.123076923076923,0.0410256410256414,0.0604692516155912,27.9143289905393,26.4114493427941,27.1628891666667,0.146159845557484,51.0263792528168,26.7780004,26.7349926959088,1.01089457185679,1.76832845771163
"3476311","2013-06-17",29.2188415199813,0.0512846153846155,0.0581205128205133,0.0440698561600983,27.937381235072,26.343063764928,27.1402225,0.120040647689457,48.5093108630178,26.8004004,26.6805496697876,0.812147607426716,1.57709228765464
"3476310","2013-06-18",27.3078989546893,0.08718076923077,0.0871807692307699,0.0621089743589726,27.9440517972768,26.3107265360566,27.1273891666667,0.237652274877233,49.841600413746,26.8304004,26.6458097138159,0.675071785270553,1.39668818717783
"3476309","2013-06-19",25.6563547269085,0.208976923076923,0.115814102564103,0.0870384615384599,27.9421689145537,26.3011654187796,27.1216671666667,0.383203275418421,54.1742160270255,26.8602672,26.6579244186405,0.654878361885225,1.24832622211931
"3476308","2013-06-20",24.5477567374861,0.0271491984199161,0.10776896357587,0.103587945123579,27.954315775314,26.1976848913526,27.0760003333333,0.099989764640411,47.1959093173084,26.8610672,26.6013118294884,0.480692931089433,1.09479956391333
"3476307","2013-06-21",23.7779931781781,0,0.0787087071656135,0.100763924435193,27.97745261649,26.0947700501766,27.0361113333333,0.107828382820562,45.4024280825293,26.831334,26.53313691889,0.295487971363761,0.934937245403417
"3476306","2013-06-24",24.1095448383365,0,0.00904973280663909,0.0651758011827053,28.0822102417566,25.8302347582434,26.9562225,-0.102235315879596,38.0812747320154,26.775334,26.384274663038,-0.0567420704379762,0.736601382235139
"3476305","2013-06-25",24.1826710544992,0.0283991031390137,0.00946636771300497,0.0324082692284169,28.1005194080582,25.6355919252751,26.8680556666667,0.0157616839966253,39.076342365429,26.7238672,26.2637047079662,-0.314328010931642,0.526415503601783
"3476304","2013-06-26",23.4115479131045,0.270551569506726,0.0996502242152471,0.0393887749116281,27.9929831963185,25.5860171370149,26.7895001666667,0.236621338074282,46.9107495879393,26.6886672,26.2312107469041,-0.348878039527267,0.351356794975973
"3476303","2013-06-27",22.398836390243,0.378420027993964,0.225790233546569,0.111635608491605,27.864428280555,25.580238719445,26.7223335,0.337968716358721,49.8273198425412,26.658534,26.2332719806502,-0.302978657071151,0.220489704566548
"3476302","2013-06-28",21.0798711607477,0.400943396226416,0.349971664575703,0.225137374112504,27.5884570976016,25.6868769023984,26.637667,0.38787202671169,50.0878707442601,26.632534,26.2377250498968,-0.257474645484579,0.124896834556323
"3476301","2013-07-01",19.6353250077286,0.473684210526315,0.417682544915566,0.331148147679277,27.5434916740601,25.6779536592732,26.6107226666667,0.447200575623444,50.7760888433427,26.605734,26.2482510432439,-0.203676863798907,0.0591820948852766
"3476300","2013-07-02",18.8062988029792,0.5807,0.485109202250911,0.417587803914057,27.4753766460967,25.69562402057,26.5855003333333,0.583063790933447,53.579251329784,26.5830672,26.2844842374781,-0.097429870598198,0.0278597017885817
"3476299","2013-07-03",18.0364887557118,0.652631578947368,0.569005263157895,0.490599003441455,27.4519883347322,25.7001236652678,26.576056,0.634809119362829,55.4170477254732,26.546534,26.3341090058143,0.0282497020372086,0.0279377018383071
"3476298","2013-07-05",18.4778007243037,0.670902542372882,0.63474470710675,0.562953057505183,27.5099402393109,25.6783944273557,26.5941673333333,0.862929860846381,59.7301388129341,26.5290672,26.4228944717058,0.229938531931118,0.0683378678568692
"3476297","2013-07-08",19.0745680968745,0.865772974191912,0.729769031837388,0.644506334034009,27.6097212408749,25.6221690924584,26.6159451666667,1.03424250235613,65.6388254477089,26.520534,26.5753978754783,0.554940826217654,0.165658459529026
"3476296","2013-07-09",19.8161425130656,0.780051867140324,0.77224246123504,0.71225206672639,27.6766187761201,25.5857158905466,26.6311673333333,0.983017491455452,63.5706787829492,26.5488008,26.6920114920812,0.766546425050496,0.28583605263332
"3476295","2013-07-10",20.5047473281003,0.826087790505858,0.823970877279365,0.775327456783928,27.7794438339333,25.5365571660667,26.6580005,0.955662568529205,64.7991921737389,26.570534,26.8090766264704,0.958105228197836,0.420289887746223
"3476294","2013-07-11",21.8251245719222,0.88235493745461,0.829498198366931,0.808570512293776,28.0225023877993,25.436831945534,26.7296671666667,1.04243423436355,68.9910462060078,26.6158676,26.9700890762743,1.22810192769165,0.581852295735309
"3476293","2013-07-12",22.3462244829221,0.782078298759181,0.830173675573217,0.827880917073169,28.2034739000319,25.4077494333014,26.8056116666667,0.924436795347376,64.4856983243893,26.6562676,27.0771878661044,1.35192892244045,0.735867621076337
"3476292","2013-07-15",22.5219376501457,0.740111864406779,0.80151503354019,0.820395635826777,28.3263889309437,25.4029454023896,26.8646671666667,0.824122160759504,62.4988199527216,26.6812008,27.1553401506238,1.40023025146936,0.868740147154941
"3476291","2013-07-16",22.1893738728532,0.607190871369294,0.709793678178419,0.780494129097273,28.4139812224019,25.4280194442647,26.9210003333333,0.747863074499371,59.2801132599355,26.692534,27.1990721305407,1.36882800256284,0.968757718236521
"3476290","2013-07-17",22.1653121130329,0.73740570596291,0.694902813912995,0.735403841877199,28.5396050770394,25.4286179229605,26.9841115,0.814048816322617,63.4810363574029,26.728934,27.2867518464686,1.43744869033668,1.06249591265655
"3476289","2013-07-18",21.6135168019197,0.647150457858949,0.663915678397052,0.689537390162819,28.6235906504799,25.4321876828534,27.0278891666666,0.743675746337471,60.0837736443734,26.779334,27.3374076002728,1.41874619536677,1.1337459691986
"3476288","2013-07-19",21.1011354416002,0.662461612715478,0.68233925884578,0.68038591705194,28.6940826779862,25.5006963220137,27.0973895,0.708539491446495,60.6801197636331,26.8402676,27.3879759202364,1.40216509331581,1.18742979402204
"3476287","2013-07-22",20.2122734193481,0.55148167539267,0.620364581989033,0.655539839743952,28.7317637247578,25.5954596085755,27.1636116666666,0.646225721851105,58.0046867274102,26.8826676,27.4126897975382,1.33125608997091,1.21619505321181
"3476286","2013-07-23",19.0985759493798,0.310150958930374,0.508031415679508,0.603578418838104,28.6487854073252,25.8572155926748,27.2530005,0.548280898902363,51.7225368789779,26.9178676,27.3852204911998,1.15384568754204,1.20372518007786
"3476285","2013-07-24",18.2776074979445,0.081587412587412,0.314406682303486,0.48093422665734,28.5261929640679,26.1391417025987,27.3326673333333,0.472816950192609,50.2829766375269,26.9457344,27.3494137590398,0.9755019221664,1.15808052849557
"3476284","2013-07-25",17.8588405031765,0,0.130579457172596,0.317672518385194,28.4519710448746,26.3068079551253,27.3793895,0.365096737221129,47.9412158185491,26.9550676,27.2988252578345,0.781825551835147,1.08282953316348
"3476283","2013-07-26",18.0156600140464,0,0.0271958041958045,0.15739398122396,28.3987025451056,26.4134097882277,27.4060561666666,0.237822294371061,44.1655896344564,26.9745344,27.2216485567899,0.54787644001919,0.975838914534625
"3476282","2013-07-29",18.6516127066664,0,5.22730007427678e-16,0.0525917537894646,28.3628292297881,26.4780607702119,27.420445,0.124239432133811,40.7126132474751,26.9897344,27.1214287492179,0.284516960228776,0.837574523673455
"3476281","2013-07-30",18.8059318917232,0.244897959183674,0.081632653061225,0.0362761524190076,28.3109294452286,26.5865158881047,27.4487226666666,0.284885708844309,48.9631033306285,27.0510676,27.0985715826555,0.215908780506724,0.713241375040109
"3476280","2013-07-31",18.5240686676488,0.290816326530612,0.178571428571429,0.0867346938775492,28.2793720643638,26.6630732689695,27.4712226666666,0.321883593458297,50.3580331997136,27.1134676,27.0907620383015,0.186200889997346,0.607833278031556
"3476279","2013-08-01",17.6825228475193,0.301958823529411,0.279224369747899,0.179809483793515,28.2505829232718,26.7450844100615,27.4978336666666,0.398113261496201,49.4416928020879,27.1520008,27.0764377665279,0.144101750228587,0.515086972470963
"3476278","2013-08-02",17.2779502168267,0.6936103263352,0.428795158798408,0.295530319039243,28.2909953214175,26.7668940119158,27.5289446666666,0.731064254808946,59.4827368337656,27.210134,27.1595793976575,0.320406574664589,0.476150892909688
"3476277","2013-08-05",17.4133393175423,0.720852216748769,0.572140455537794,0.426719994694698,28.354105434076,26.7482278992573,27.5511666666666,0.855602043712388,62.1204479007709,27.2768004,27.2627461446365,0.522613140941997,0.48544334251615
"3476276","2013-08-06",16.9783500911458,0.619049261083743,0.677837268055904,0.559590960797366,28.3912938410461,26.7444841589538,27.567889,0.747549957411441,58.4885903904495,27.3332004,27.324602658685,0.61393927899025,0.51114252981097
"3476275","2013-08-07",15.8320492978457,0.471266009852218,0.603722495894911,0.617900073162867,28.3842507710473,26.740638562286,27.5624446666666,0.505274155680081,53.5904509183304,27.3694672,27.338211637527,0.590717193416457,0.527057462532067
"3476274","2013-08-08",14.9970988560229,0.431857142857143,0.507390804597702,0.596316856182836,28.3125454532367,26.7542328800966,27.5333891666666,0.511373948315756,52.3318741909625,27.3970672,27.3393394191901,0.542433704120282,0.53013271084971
"3476273","2013-08-09",13.9788619248265,0.384236453201971,0.429119868637111,0.513411056376572,28.254669110395,26.7479982229383,27.5013336666666,0.400294305865143,50.7799483820457,27.4070672,27.3274274966314,0.470218452253901,0.518149859130548
"3476272","2013-08-12",13.2203777441485,0.32676354679803,0.380952380952382,0.439154351395729,28.2204119802463,26.7229220197537,27.471667,0.33119731016416,48.8953267057383,27.3897336,27.3015478304139,0.3742091014312,0.489361707590679
"3476271","2013-08-13",12.3799720077186,0.382596059113302,0.364532019704435,0.391534756431307,28.2011418603462,26.7098591396537,27.4555005,0.421060910606338,50.8054339624435,27.3816004,27.2942307863587,0.327838260212188,0.457057018114981
"3476270","2013-08-14",11.952229964631,0.397374384236453,0.368911330049262,0.371465243568691,28.1363325114395,26.7188908218938,27.4276116666666,0.48287407504731,51.3240362487635,27.3698672,27.2918893481775,0.29654427609096,0.424954469710176
"3476269","2013-08-15",11.3493312049505,0.269295566502464,0.349755336617407,0.361066228790366,28.0905336728864,26.7031343271136,27.396834,0.35092203820275,46.7265755642588,27.3298672,27.2551934350872,0.19258927757595,0.378481431283331
"3476268","2013-08-16",11.6158280287066,0,0.222223316912973,0.313629994526545,28.0668780015309,26.6307893318024,27.3488336666666,0.120146249904083,41.3107525040317,27.2854672,27.1762783104089,0.00520719268379821,0.303826583563425
"3476267","2013-08-19",11.8632893650515,0.00181850849635561,0.0903713583329404,0.220783337287771,28.0559688960048,26.5552544373285,27.3056116666666,0.134952762999388,41.3799173294394,27.2456008,27.1083305356877,-0.14109226773521,0.214842813303698
"3476266","2013-08-20",11.3052829071988,0.174228358932198,0.0586822891428517,0.123758988129586,28.0459025370067,26.5403204629932,27.2931115,0.396827389210854,47.6758535572884,27.2256008,27.091663797596,-0.161046684544197,0.139664913734119
"3476265","2013-08-21",11.1887035995736,0,0.0586822891428517,0.0692453122062122,28.0579253255248,26.4747416744752,27.2663335,0.162633264532588,41.2041993381747,27.1734672,27.0198859579166,-0.301773826382867,0.0513771657107215
"3476264","2013-08-22",10.9033981693071,0.0513697750517558,0.0751993779946517,0.0641879854267827,28.0648122333689,26.441076766631,27.2529445,0.234732344754844,43.1373261016552,27.1329336,26.9710118301943,-0.379366977246842,-0.0347716628807912
"3476263","2013-08-23",10.9110537055139,0,0.0171232583505858,0.050334975162694,28.0717884439734,26.4213225560266,27.2465555,0.203854022732116,41.3324054244339,27.0854668,26.9122102528351,-0.472608796304552,-0.122339089565543
"3476262","2013-08-26",10.1624031746602,0.435895104895104,0.162421626648954,0.0849147543313948,28.0629208387181,26.4869674946152,27.2749441666666,0.503205995925532,52.2149595927515,27.0686668,26.9443595524571,-0.35557416561367,-0.168986104775169
"3476261","2013-08-27",9.88558926052964,0.291377622377622,0.242424242424243,0.140656375807925,28.063398733654,26.4801565996793,27.2717776666666,0.337465795990444,48.9715661958263,27.0582668,26.9446676121295,-0.321064673159233,-0.199401818451982
"3476260","2013-08-28",9.84672513607367,0.284022828334828,0.337098518535852,0.247314795869681,28.0630513201238,26.4585040132095,27.2607776666666,0.314624142241521,47.4856741200717,27.0476,26.9320452638455,-0.319007171176933,-0.223322888996972
"3476259","2013-08-29",9.5901707903125,0.34910843459043,0.308169628434294,0.295897463131461,28.052442520695,26.4385571459716,27.2454998333333,0.371977793526967,48.7558453052944,27.0457332,26.9308832286661,-0.292042134198056,-0.237066738037189
"3476258","2013-08-30",9.35194175496285,0.417158529116778,0.350096597347346,0.331788248105828,27.9597563650162,26.4491323016505,27.2044443333333,0.404381019185216,50.1144334844376,27.0569332,26.9400987981773,-0.244872629300219,-0.238627916289795
"3476257","2013-09-03",9.09972939544669,0.286978440892186,0.351081801533132,0.336449342438255,27.7799089312051,26.5234240687948,27.1516665,0.43234843553659,47.5189920695922,27.0722664,26.928529625087,-0.24857112009592,-0.24061655705102
"3476256","2013-09-04",8.8655322044674,0.447018387356333,0.383718452455099,0.361632283778523,27.6105756565303,26.6069793434697,27.1087775,0.508966918819419,49.9307655644317,27.0734664,26.9353923417421,-0.211115070657741,-0.234716259772364
"3476255","2013-09-05",8.73190116655536,0.607975441778877,0.447324090009132,0.394041447999119,27.551373449192,26.632514550808,27.091944,0.65508293339048,52.8765586911971,27.0774664,26.9626733628431,-0.132001703951634,-0.214173348608218
"3476254","2013-09-06",8.99060096929766,0.514563106796115,0.523185645310442,0.451409395924889,27.4898297521199,26.6616135812134,27.0757216666667,0.682253142720922,51.2528649089842,27.0805332,26.9756502477974,-0.0922101573417322,-0.189780710354921
"3476253","2013-09-09",9.38786329890253,0.616562525881822,0.579700358152272,0.516736697823946,27.487624642988,26.6625966903453,27.0751106666667,0.819721692444984,53.9196002411583,27.0605332,27.0055635480911,-0.0186272110735963,-0.155550010498656
"3476252","2013-09-10",10.8478609969379,0.736504830463997,0.622543487713979,0.575143163725562,27.6223211490914,26.5862338509086,27.1042775,1.17363612560209,61.4834767073925,27.0498668,27.0937110750123,0.176687181035451,-0.0891025721918347
"3476251","2013-09-11",12.8157375201474,0.784698905158194,0.712588753834671,0.638277533233638,27.8248206952613,26.463400638072,27.1441106666667,1.22742623515569,65.8014953107618,27.0608,27.214549598344,0.424837739608686,0.0136854901682694
"3476250","2013-09-12",14.6430514345562,0.784698905158194,0.768634213593462,0.701255485047368,27.9744424950964,26.3845561715703,27.1794993333333,1.08596055131825,65.8014953107618,27.0837332,27.3192763185648,0.613316736146641,0.133611739363944
"3476249","2013-09-13",16.3398429265073,0.740344936362524,0.769914248892971,0.750379072107032,28.1183076423359,26.3328016909975,27.2255546666667,0.99596884998872,65.8014953107618,27.1098664,27.4100394760895,0.753134079253281,0.257516207341811
"3476248","2013-09-16",18.5481752667258,0.648015075785061,0.72435297243526,0.754300478307229,28.2760186785966,26.3210913214034,27.298555,0.993512796328083,66.4590475636193,27.1417332,27.4949235459442,0.866940332625998,0.379401032398649
"3476247","2013-09-17",21.0300741207057,0.640311627906976,0.676223880018187,0.723497033782137,28.4565234177192,26.3132532489475,27.3848883333333,1.01302833835619,68.9396062031152,27.1854668,27.5924897398183,0.997592041468942,0.503039234212707
"3476246","2013-09-18",23.7008566457593,0.748302040816327,0.678876248169455,0.693151033540965,28.7215381458701,26.2236831874633,27.4726106666667,1.06833270558357,74.1924139040675,27.2430668,27.7383804411759,1.21996911461373,0.646425210292912
"3476245","2013-09-19",26.215187194865,0.899193548387097,0.762602405703467,0.705900844630367,28.996075293455,26.1925903732117,27.5943328333333,1.06084856695557,77.6953012167279,27.3153332,27.9177070490191,1.49174248921864,0.815488666078057
"3476244","2013-09-20",29.0088101071133,0.763099358656767,0.803531649286731,0.748336767719882,29.2610012669085,26.1772203997582,27.7191108333333,1.01841205180833,77.7227203473714,27.3981332,28.0735687758165,1.68601327889217,0.98959358864088
"3476243","2013-09-23",31.6028885256296,0.785714285714285,0.81600239758605,0.79404548419208,29.4835651178794,26.2158788821206,27.849722,0.96524601516614,78.5174203796957,27.4988,28.221092939041,1.84327420314629,1.16032971154196
"3476242","2013-09-24",34.1861071787582,0.710310880288667,0.753041508219907,0.790858518364227,29.6952974199781,26.2142579133553,27.9547776666667,0.909743219121672,76.1152616601401,27.5962664,28.3387245471689,1.92208483755769,1.31268073674511
"3476241","2013-09-25",36.5848102138063,0.772883229567521,0.756302798523492,0.775115568109814,29.8750884103486,26.2772442563181,28.0761663333333,0.879686725767798,77.8301291422384,27.6882664,28.4646719408797,2.01098325954427,1.45234124130494
"3476240","2013-09-26",38.9390900365202,0.718636152696525,0.733943420850905,0.747762575864766,30.0105876991262,26.3863006342071,28.1984441666667,0.833981776733335,74.1160065153663,27.7928,28.5582716820957,2.02378548570525,1.566630090185
"3476239","2013-09-27",38.4395590202503,0.378854625550661,0.623458002604903,0.704568073993098,30.0395425424386,26.5377907908948,28.2886666666667,0.658397864656014,57.8156651647641,27.8677336,28.554058124483,1.83178296471123,1.61966066509025
"3476238","2013-09-30",37.550325567227,0.20654009201361,0.4346769567536,0.5973594600698,30.025666475465,26.704222524535,28.3649445,0.566420559830579,55.2267794085907,27.9425336,28.5335170412186,1.62519099722682,1.62076673151756
"3476237","2013-10-01",37.0720593493894,0.344235207856785,0.30987664180702,0.456003867055172,30.0123916514857,26.8932756818476,28.4528336666667,0.619140488400342,59.3532457328252,28.0030672,28.5512707690561,1.51933232101209,1.60047984941647
"3476236","2013-10-02",36.2582465607577,0.289156128819055,0.279977142896484,0.341510247152365,29.9691421155773,27.0959698844228,28.532556,0.562532740427167,57.0867841267868,28.0676004,28.5524346665153,1.38926528198042,1.55823693592926
"3476235","2013-10-03",34.561271855052,0.116402116402118,0.249931151025987,0.279928311909828,29.9021594847908,27.2840638485425,28.5931116666667,0.443640332325122,51.2870212278891,28.1242672,28.5143327109799,1.18960244122996,1.4845100369894
"3476234","2013-10-04",33.3623396943356,0.0370350877192986,0.147531110980158,0.22581313496754,29.8085676041967,27.5066557291367,28.6576116666667,0.438770462272224,51.7072631932771,28.178934,28.4844216828493,1.02616503549322,1.39284103669016
"3476233","2013-10-07",32.249045545099,0.197604790419161,0.117013998180193,0.171492086728777,29.7048135527138,27.7465211139528,28.7256673333333,0.486894705054244,56.9630469222407,28.2428008,28.499388125136,0.97231798391717,1.30873642613557
"3476232","2013-10-08",30.1903801703232,0,0.0782132927128206,0.114252800624388,29.6516716636205,27.8665516697128,28.7591116666667,0.338665373952692,47.4687869058994,28.2916008,28.4425803751179,0.772430089547083,1.20147515881787
"3476231","2013-10-09",28.2787623223171,0,0.0658682634730544,0.0870318514553536,29.644600656161,27.882289343839,28.763445,0.192259252830052,47.4687869058994,28.335334,28.3933469917688,0.606926093601867,1.08256534577467
"3476230","2013-10-10",27.5477047988548,0.166367919971665,0.0554559733238891,0.0665125098365856,29.6215989459439,27.9588463873894,28.7902226666667,0.413661637388713,52.8657744552725,28.3850672,28.3920113928663,0.557457190843214,0.977543714788378
"3476229","2013-10-11",27.35053919546,0.432916161301748,0.199761360424472,0.107028532407136,29.6157623261477,28.0601276738523,28.837945,0.646314345936448,59.9629698101694,28.4578672,28.4570765404841,0.651750324427325,0.912385036716167
"3476228","2013-10-14",27.1974055185261,0.606230769230771,0.401838283501396,0.21901853908325,29.6405498488498,28.1358954844836,28.8882226666667,0.752993207176648,63.4984772319279,28.536934,28.5530223350863,0.800731719730874,0.890054373319109
"3476227","2013-10-15",26.3342131814011,0.472527472527474,0.503891467686665,0.368497037204175,29.6494035668544,28.1849300998122,28.9171668333333,0.599805950709289,58.9037729352704,28.5876004,28.6037300237414,0.83977633822081,0.879998766299449
"3476226","2013-10-16",25.7280934518575,0.648452976470421,0.575737072742889,0.493822274643648,29.6667538554097,28.1911351445903,28.9289445,0.634744948141963,59.551420467044,28.6269336,28.6543433539092,0.874453022257193,0.878889617490998
"3476225","2013-10-17",24.7205571503282,0.55072463768116,0.557235028893019,0.545621189774189,29.6508278657109,28.189839134289,28.9203335,0.550725807625644,56.6662772088261,28.6602668,28.6782082400547,0.849715083254643,0.873054710643727
"3476224","2013-10-18",25.0893731614203,0.588948186528499,0.596041933560027,0.576338011731976,29.6786274462829,28.1777058870504,28.9281666666667,0.863960836798173,61.6860763829041,28.7086668,28.7491138080474,0.925116516223379,0.883467071759657
"3476223","2013-10-21",25.614304725459,0.781757684433738,0.640476836214466,0.597917932889168,29.7765919836522,28.1249633496812,28.9507776666667,1.02762607489926,66.7832716298943,28.7737332,28.8723426336411,1.10122452531851,0.927018562471428
"3476222","2013-10-22",25.9556002039078,0.75895967596144,0.709888515641226,0.648802428471904,29.8387508081964,28.0958048584702,28.9672778333333,0.92676911473752,65.8334107683962,28.8297332,28.9729196158223,1.21260160913714,0.984135171804571
"3476221","2013-10-23",25.4916181043846,0.633551085421685,0.724756148605622,0.691707166820436,29.8439799204346,28.0937980795654,28.968889,0.78885817549236,60.7175186598851,28.8570664,29.025863667046,1.21477760766697,1.03026365897705
"3476220","2013-10-24",24.6240751575907,0.558634269325295,0.650381676902807,0.695008780383216,29.8354726384112,28.0964166949221,28.9659446666667,0.720843192598009,57.8265777163547,28.8624,29.0513045114398,1.16031034152726,1.05627299548709
"3476219","2013-10-25",24.2271589919114,0.516287432756624,0.569490929167869,0.648209584892097,29.8754835749809,28.1078497583524,28.9916666666666,0.707118689717255,56.197767034221,28.8641332,29.0617972432479,1.08056294688954,1.06113098576758
"3476218","2013-10-28",23.7975370652094,0.506515461701202,0.527145721261041,0.582339442443903,29.8963677670582,28.1547432329418,29.0255555,0.636526460597889,55.8071252880866,28.8613332,29.0682242774815,1.00026399099995,1.04895758681406
"3476217","2013-10-29",23.0642119180832,0.357005072926922,0.45993598912825,0.518857546519051,29.9142485422577,28.1756397910756,29.0449441666666,0.596212464834097,53.6645121605605,28.8573332,29.0595717071506,0.896686083350584,1.01850328612136
"3476216","2013-10-30",22.1624880984938,0.0777200059067215,0.313746846844949,0.433609519078078,29.9184061991953,28.206815134138,29.0626106666667,0.501719258020656,52.2469075155641,28.8433332,29.0427394795305,0.786117859869351,0.972026200870959
"3476215","2013-10-31",20.8170969636909,0,0.144908359611215,0.306197065194802,29.8983142823282,28.2613510510051,29.0798326666666,0.322942877119052,45.904055767139,28.8203996,28.9828182155931,0.597049972199204,0.897030955136608
"3476214","2013-11-01",20.680797187121,0,0.0259066686355747,0.161520625030577,29.9240659766787,28.2123773566546,29.0682216666666,0.0421042175363962,38.6679271037065,28.8035996,28.865998453514,0.30759763419832,0.779144290948951
"3476213","2013-11-04",19.5369201336436,0.105958784699974,0.0353195948999923,0.0687115410489249,29.9257775500344,28.2064431166322,29.0661103333333,0.262504804921154,42.9158964304059,28.8003996,28.7931986597122,0.135760067319568,0.650467446223074
"3476212","2013-11-05",18.268983145199,0,0.0353195948999923,0.0321819528118505,29.9457756462064,28.1676676871268,29.0567216666666,0.0650517191316623,39.9370099152316,28.7779996,28.7016615050839,-0.0600147987572464,0.50837099722701
"3476211","2013-11-06",17.4309621040064,0,0.0353195948999923,0.0353195948999897,29.9509508650563,28.1588258016103,29.0548883333333,0.0142945000019854,37.774962975675,28.7533328,28.6005506377394,-0.25880429897932,0.354935937985744
"3476210","2013-11-07",17.5230514004635,0,8.74300631892311e-16,0.0235463965999926,30.0643365133771,27.9534401532895,29.0088883333333,-0.107431527309454,32.3483195367681,28.7215992,28.4502545527075,-0.544081624023163,0.175132425583963
"3476209","2013-11-08",17.6085628900309,0.0346287609019931,0.0115429203006652,0.0156208384002169,30.1278242079478,27.7610637920521,28.944444,0.00659391117201379,34.1546316431786,28.692266,28.3311099456798,-0.739393397006505,-0.00777273893413075
"3476208","2013-11-11",17.6879664160577,0.0370384615384607,0.0238890741468188,0.0118106648158257,30.1476914743766,27.59097419229,28.8693328333333,0.0687179906858071,34.2301958578432,28.6507992,28.2282952862558,-0.884060824573385,-0.183030356061982
"3476207","2013-11-12",17.7616982616541,0.0569829059829062,0.0428833761411209,0.0261051235295324,30.1647429373455,27.4452567293211,28.8049998333333,0.121866134014947,35.3499889795638,28.6321328,28.145411914755,-0.974876597375485,-0.341399604324682
"3476206","2013-11-13",17.3058519744591,0.158119658119659,0.0840470085470094,0.0502731529449804,30.1436112318917,27.3529437681082,28.7482775,0.229474217262548,40.8497008222046,28.6229328,28.105134326121,-0.968149300017118,-0.466749543463169
"3476205","2013-11-14",16.7354096164082,0.233387583635882,0.149496715912817,0.0921423668669797,30.1216526343945,27.2853470322721,28.7034998333333,0.28683191512195,43.7529947787234,28.6066664,28.0880057493049,-0.914063703253076,-0.556212375421151
"3476204","2013-11-15",17.0829976344125,0.279755363592946,0.22375420178283,0.152432642080883,30.0298200098926,27.2792909901074,28.6545555,0.442193362735097,45.8977304777422,28.5745332,28.0864943160643,-0.832863012975149,-0.61154250293195
"3476203","2013-11-18",17.405757936845,0.35663440860215,0.289925785276994,0.221058900990878,29.8534683315841,27.3160876684158,28.584778,0.437688498105542,47.1986643420381,28.5329332,28.0931844072557,-0.74268997121365,-0.63777199658829
"3476202","2013-11-19",17.0002747057552,0.213263440860215,0.283217737685105,0.265632574914974,29.6796830682543,27.3206505984124,28.5001668333333,0.295985498510089,42.3271261499277,28.4904,28.0634264862883,-0.739380287557145,-0.658093654782061
"3476201","2013-11-20",16.5460202131999,0.19713440860215,0.255677419354839,0.276273647438977,29.5358059031989,27.3155277634677,28.4256668333333,0.301275573494864,41.8043810414762,28.4446668,28.0336362881165,-0.736999158782503,-0.67387475558215
"3476200","2013-11-21",17.4315499143544,0.274193548387096,0.228197132616488,0.255697429885475,29.4006210851393,27.3482675815273,28.3744443333333,0.476178080474958,45.2813973137666,28.4106668,28.0269287830343,-0.685992361590049,-0.67629827678373
"3476199","2013-11-22",18.5630445894921,0.636204301075268,0.369177419354839,0.28435065710872,29.2984348631346,27.3993431368654,28.348889,0.762115301285591,57.9822127812669,28.3885336,28.1108942786297,-0.446760049742789,-0.630390631375542
"3476198","2013-11-25",19.6137182164057,0.734768817204301,0.548388888888889,0.381921146953403,29.2306116240276,27.435722042639,28.3331668333333,0.843042364862541,60.6596461785754,28.3552004,28.2081083748124,-0.202748721145407,-0.544862249329515
"3476197","2013-11-26",20.5893437271112,0.741935483870967,0.704302867383513,0.540623058542411,29.1683523923589,27.4697589409744,28.3190556666666,0.859674646986339,60.8549647242886,28.3242668,28.2941379248374,-0.00605776550087755,-0.437101352563787
"3476196","2013-11-27",22.6237856461432,0.63208713692946,0.70293047933491,0.651874078535768,29.2467679944763,27.4223436721903,28.3345558333333,1.07059140278779,64.1173710686137,28.3126668,28.3989195348591,0.211314991499978,-0.307418083751034
"3476195","2013-11-29",24.7270260811618,0.853876561469582,0.742633060756671,0.716622135825029,29.5251868003934,27.2577028662733,28.3914448333333,1.1775491593194,72.0777666738792,28.336,28.5857302635446,0.57950738453334,-0.130032990094159
"3476194","2013-12-02",24.6199187668549,0.540750428849751,0.675571375749599,0.707044971947057,29.6498297748665,27.2389485584668,28.4443891666666,0.872869538553678,56.9579391113424,28.3308,28.6409662284053,0.636987599194416,0.0233711277635557
"3476193","2013-12-03",24.1958065264898,0.431010570427554,0.608545853582297,0.67558343002952,29.691671459916,27.2338848734173,28.4627781666667,0.72897777337199,54.6433761631825,28.3204,28.6688373979513,0.632862059300643,0.145269314070973
"3476192","2013-12-04",23.2493769547969,0.318636299624893,0.4301324329674,0.571416554099763,29.7251942788209,27.2541397211791,28.489667,0.634131531943854,50.7448498915551,28.3037336,28.6578817448911,0.549175040886518,0.226050459434082
"3476191","2013-12-05",22.3705494953677,0.354196805400862,0.367947891817771,0.468875392789154,29.7617356549658,27.2861540117008,28.5239448333333,0.639787418285375,51.9139922325561,28.2932004,28.6594975122389,0.500536383497874,0.28094764424684
"3476190","2013-12-06",22.1603435864533,0.58463810048094,0.419157068502233,0.405745797762465,29.8363926679401,27.3740529987265,28.6052228333333,0.803370208968206,58.7474916840302,28.3178672,28.7328978439404,0.606709867453814,0.346100088888235
"3476189","2013-12-09",22.2796760623977,0.644382139946145,0.527739015275983,0.43828132519866,29.9224029386698,27.4618200613301,28.6921115,0.834202046558344,60.3218194329687,28.3676004,28.815178131415,0.721297705800672,0.421139612270723
"3476188","2013-12-10",21.5679781285346,0.490754609892758,0.573258283439949,0.506718122406052,29.9335008449908,27.5922778216759,28.7628893333333,0.679108951101245,54.5561750463938,28.3944004,28.838487713893,0.702948925039415,0.477501474824461
"3476187","2013-12-11",21.0378887075249,0.487881818181818,0.541006189340242,0.547334496018722,29.9329892942424,27.7403447057576,28.836667,0.689522887346059,55.4062554401132,28.4324004,28.867578685374,0.698914992075328,0.521784178274634
"3476186","2013-12-12",20.5456628165873,0.296450089561959,0.42502883921218,0.513097770664121,29.9271638135629,27.8620595197704,28.8946116666667,0.624745112119053,55.4510804875986,28.4770672,28.8932348606574,0.688624619089473,0.555152266437602
"3476185","2013-12-13",20.6885933229094,0.281838337529593,0.355390081757791,0.440475036770068,29.9277595284237,27.9766861382429,28.9522228333333,0.653192853484774,55.0337013590517,28.5396008,28.9123595459031,0.666214999577464,0.577364813065574
"3476184","2013-12-16",21.3160477633894,0.469730562549322,0.349339663213625,0.376586194727863,29.9912446238568,28.0194233761432,29.005334,0.780170426523483,59.2783104768769,28.6108008,28.968934273116,0.723626514727482,0.606617153397956
"3476183","2013-12-17",21.6284950545459,0.407099820876078,0.386222906984999,0.363650883985469,30.024176710087,28.089713289913,29.056945,0.707781132384432,57.3354690273005,28.6778676,29.0046323700339,0.732616309212375,0.63181698456084
"3476182","2013-12-18",22.2377852736212,0.574110956621946,0.483647113349116,0.406403227849244,30.021827834907,28.2606174984263,29.1412226666667,0.819791824406472,61.0056369272194,28.753734,29.0711253873627,0.804339767008799,0.666321541050432
"3476181","2013-12-19",22.2907063208129,0.48245394736842,0.487888241622149,0.452586087318752,29.9337614366014,28.5019062300652,29.2178338333333,0.708703248742758,57.3527711806105,28.8128008,29.1043086690477,0.800818425572536,0.693220917954853
"3476180","2013-12-20",22.8954436752313,0.630736526946108,0.562433810312159,0.511323055094472,29.9333826883337,28.6542853116663,29.293834,0.931337501531096,61.6673080765455,28.879334,29.1757341798413,0.876297752911359,0.729836284946154
"3476179","2013-12-23",23.4569855043341,0.652694610778444,0.588628361697658,0.546316804543986,29.9929432008594,28.6951691324739,29.3440561666667,0.890712974637794,62.139990769825,28.943334,29.2425256225292,0.93501579250912,0.770872186458747
"3476178","2013-12-24",23.08432770027,0.436971771067708,0.573467636264088,0.574843269424632,30.0051625001079,28.7456161665587,29.3753893333333,0.658917536154446,55.8073952687559,28.9924004,29.2586328728586,0.884699909555353,0.793637731078068
"3476177","2013-12-26",23.1711759314148,0.710524445988301,0.600063609278152,0.58738653574663,30.0814331973598,28.7771234693069,29.4292783333333,0.943528343683331,62.6898716796097,29.0732004,29.3428151564775,0.978377405207276,0.83058566590391
"3476176","2013-12-27",22.1766353426917,0.37894637119376,0.508814196083257,0.560781813875163,30.105086737046,28.783914262954,29.4445005,0.678250383366387,55.2943129421293,29.1384004,29.3597731356138,0.926155974570864,0.849699727637301
"3476175","2013-12-30",21.2531333674488,0.534211752074337,0.541227523085467,0.55003510948229,30.0722561598339,28.797522840166,29.4348895,0.735866719750456,57.8045391260266,29.205734,29.400692717532,0.927986509382661,0.865357083986373
"3476174","2013-12-31",20.7892399196255,0.54644262295082,0.486533582072974,0.512191767080564,30.1166649420946,28.8012250579054,29.458945,0.777852555427604,58.2748521356911,29.2476004,29.4410443551944,0.928601771891513,0.878006021567401
"3476173","2014-01-02",20.7920448480498,0.527851606639822,0.536168660554994,0.521309921904476,30.1551947988657,28.8499172011343,29.502556,0.802786677219901,58.2113825551882,29.2820004,29.4755717745018,0.917435706679726,0.885891958589866
"3476172","2014-01-03",20.6604918952597,0.490713478586093,0.521669236058913,0.514790492895625,30.1359045643908,28.9673181022759,29.5516113333333,0.714454535279425,57.2699493814955,29.3140004,29.4992728712349,0.885494879438276,0.885812542759548
"3476171","2014-01-06",20.2158245018148,0.290216342058941,0.43626047576162,0.49803279079184,30.0854979651944,29.0965023681389,29.5910001666667,0.567519511915749,55.0116784367575,29.3325336,29.5051471550702,0.820595843837113,0.872769202975061
"3476170","2014-01-07",20.3033850399913,0.406942630552874,0.395957483732637,0.451295731851054,30.1057398625104,29.1230384708229,29.6143891666667,0.709233617053904,57.0564425233909,29.3272004,29.5266835343942,0.793704151827779,0.856956192745605
"3476169","2014-01-08",20.0086155736257,0.229449415922658,0.308869462844825,0.380362474113025,30.1156281528269,29.1334835138398,29.6245558333333,0.594915585375979,54.3940066780579,29.3489336,29.5289030631416,0.730236331114442,0.831612220419372
"3476168","2014-01-09",19.9532831655779,0.356169027976123,0.330853691483886,0.34522687935378,30.1115329083937,29.2026900916062,29.6571115,0.693900599104236,56.5761700917263,29.3816004,29.5472719880561,0.705484219757002,0.806386620286898
"3476167","2014-01-10",20.1753155737558,0.50537634408602,0.363664929328268,0.334462694552324,30.1297678894898,29.2578991105101,29.6938335,0.835864570900246,59.4028279836825,29.4314668,29.5854130563153,0.722940578317721,0.789697411893063
"3476166","2014-01-13",20.7208683374425,0.73780342802788,0.533116266696675,0.409211629169607,30.1788588071551,29.3201415261782,29.7495001666667,1.10096205285737,64.4387588515731,29.4914668,29.6633579821399,0.818789276747545,0.795515784863959
"3476165","2014-01-14",22.1236093278311,0.685304347826087,0.642828039979997,0.513203078668311,30.3407600195596,29.2966846471071,29.8187223333333,1.28235188271384,68.1840282808256,29.5417336,29.7704662511879,0.963542950812268,0.829121218053621
"3476164","2014-01-15",23.4517267774861,0.831138157894737,0.751415311249569,0.642453205975411,30.547410451363,29.2161448819703,29.8817776666667,1.203923410584,71.1274975678671,29.5970668,29.8988480843629,1.13620357015367,0.890537688473631
"3476163","2014-01-16",25.1086266203374,0.754609308838914,0.757017271519914,0.717086874249824,30.7489859975162,29.1667913358171,29.9578886666667,1.14671014136432,72.1674053307781,29.6708,30.0234456731145,1.28383756679817,0.96919766413854
"3476162","2014-01-17",27.1667208289704,0.726007040225882,0.770584835653179,0.759672472807551,31.0122406119939,29.0634260546728,30.0378333333333,1.1493708334532,74.8354185578649,29.7528,30.1678755833659,1.45588838651582,1.066535808614
"3476161","2014-01-21",29.2383183359279,0.768117391304347,0.749577913456382,0.759060006876489,31.2663273243462,29.0064503423205,30.1363888333333,1.09799176861477,76.6300490336187,29.8428,30.3201588389171,1.62594410691705,1.17841746827461
"3476160","2014-01-22",30.8765140183367,0.736234782608695,0.743453071379642,0.754538606829732,31.4490028840779,28.9741081159221,30.2115555,0.959548629959529,74.564746023979,29.9308,30.4423603270615,1.7197421416411,1.28668240294791
"3476159","2014-01-23",31.8054922148694,0.669565217391304,0.724639130434783,0.739223371756933,31.5801951205432,28.9799155461234,30.2800553333333,0.861905187397644,70.2980990258231,30.0006664,30.52782295012,1.73247599351167,1.37584112106066
"3476158","2014-01-24",30.5876272077139,0.381160869565218,0.595653623188407,0.687915275000942,31.6056549548392,29.0660113784941,30.3358331666667,0.639892399328192,55.5027144770464,30.0479996,30.5134465567706,1.54921967137511,1.41051683112355
"3476157","2014-01-27",28.698851947071,0.246378260869564,0.43236811594203,0.584220289855071,31.6190931922434,29.0961288077566,30.357611,0.53397683053333,50.1866789811141,30.0722664,30.4596536825346,1.30700981779222,1.38981542845728
"3476156","2014-01-28",26.9449892050454,0.262321739130434,0.296620289855073,0.441547342995167,31.6105586330779,29.1626637002554,30.3866111666667,0.448278893985312,50.7871418218953,30.1053332,30.4179225248633,1.11195336900989,1.3342430165678
"3476155","2014-01-29",25.9851799167257,0,0.169566666666667,0.299518357487921,31.6103714909579,29.1631841757088,30.3867778333333,0.235252046585822,42.0122400578882,30.102,30.3030888548815,0.791392010581649,1.22567281537057
"3476154","2014-01-30",24.7343553483648,0.0378980696736718,0.10007326960137,0.188753408707701,31.6094768237536,29.1663008429131,30.3878888333333,0.278474614909317,43.5548857944457,30.1006664,30.215121007564,0.553580632796336,1.09125437885573
"3476153","2014-01-31",24.4603905310532,0,0.012632689891225,0.0940908753864184,31.6462043038224,29.076129029511,30.3611666666667,0.111749374305507,37.4474894730164,30.0921332,30.0731048732221,0.229831800066971,0.918969863097975
"3476152","2014-02-03",23.933373143527,0.025990131175905,0.02129606694986,0.0446673421474826,31.6680909747636,29.0186870252364,30.343389,0.161538085389606,38.7596947140045,30.0653332,29.9593575567925,-0.00879495214664017,0.733416900049052
"3476151","2014-02-04",23.6272952316403,0,0.0086633770586361,0.0141973779665713,31.7035152152055,28.9399297847945,30.3217225,0.102952084904376,37.5088487523439,30.0512,29.8469992158868,-0.223985787532388,0.541936362532764
"3476150","2014-02-05",24.3671643423907,0,0.0086633770586361,0.0128742736890417,31.7902062362665,28.7519047637335,30.2710555,0.0180227571539069,30.5826978984943,30.0022664,29.6598433204353,-0.571877013855837,0.319173687255044
"3476149","2014-02-06",24.1550710492065,0.269608823529412,0.0898696078431383,0.0357321206534678,31.7962196131264,28.728002720207,30.2621111666667,0.264286166230406,45.3717084112075,29.9885332,29.6198642110439,-0.592195128516182,0.136899924100799
"3476148","2014-02-07",24.2118886242195,0.219608823529412,0.163072549019609,0.0872018446404588,31.8130608573517,28.662716809315,30.2378888333333,0.217808969503713,43.5199662163491,29.9681332,29.5625489829047,-0.647402511868889,-0.0199605630931388
"3476147","2014-02-10",23.1339403173416,0.222578274760384,0.23726530727307,0.16340248804527,31.8188780263132,28.6066776403534,30.2127778333333,0.273259942566639,42.9645590038135,29.9476,29.5062091185174,-0.69704396821002,-0.155377244116515
"3476146","2014-02-11",21.5822567514802,0.387555922366982,0.276581006885594,0.225639621059422,31.8067445978754,28.5863667354579,30.1965556666667,0.42067939097632,49.6941779075273,29.9509336,29.5222705693818,-0.596398327709624,-0.243581460835137
"3476145","2014-02-12",20.5086717537357,0.523297491039427,0.377810562722265,0.297218958960307,31.7721249633373,28.5769860366627,30.1745555,0.506571806051383,53.0831718386479,29.9604,29.5730784934642,-0.436002173171079,-0.282065603302325
"3476144","2014-02-13",19.0707325398195,0.461249423438221,0.457367612281544,0.370586393963132,31.701755257144,28.5538000761893,30.1277776666667,0.422347157880269,50.0636301843626,29.9656,29.5864453610023,-0.367501463672737,-0.299152775376408
"3476143","2014-02-14",18.3633850966245,0.691869198474752,0.558805370984134,0.464661181995979,31.6181777978161,28.5652665355172,30.0917221666667,0.55512044696858,54.726230037011,29.9813332,29.6495859795353,-0.205481122681872,-0.280418444837501
"3476142","2014-02-18",18.0243708046017,0.804979253112034,0.652699291675003,0.556290758313558,31.4925923379934,28.61451799534,30.0535551666667,0.66901630815816,58.2376764035388,30.0033332,29.7474185155973,0.010352229482824,-0.222264309973436
"3476141","2014-02-19",17.3229469255118,0.728908713692946,0.741919055093245,0.651141239250792,31.2843581789459,28.7067521543875,29.9955551666667,0.628887617748689,55.6042592586065,30.0045332,29.8077627135177,0.129752303953734,-0.151860987188002
"3476140","2014-02-20",17.2105402460822,0.724934959349593,0.752940975384858,0.715853107384366,31.1032751822137,28.7981684844529,29.9507218333333,0.717561078837329,55.9165544605175,29.9949332,29.863617018382,0.228720416438422,-0.0757447064627171
"3476139","2014-02-21",17.46611829238,0.794301115241635,0.749381596094726,0.748080542190941,30.9936957502484,28.8620812497516,29.9278885,0.892451277254089,59.9372984219129,29.9888,29.9591347492644,0.397546400060977,0.0189135148420218
"3476138","2014-02-24",19.0483005085638,0.723048688784068,0.747428254458433,0.749916941979337,31.2094303868267,28.7316799465066,29.9705551666667,1.13520851053238,65.7730576822068,30.0032,30.1236941160291,0.687165465284401,0.152563904930498
"3476137","2014-02-25",20.517469709306,0.728307224702498,0.748552342909401,0.748454064487518,31.4122946093658,28.6320377239675,30.0221661666667,1.02275283420741,65.9472503188297,30.0074664,30.2689789005586,0.909787877041657,0.304008699352729
"3476136","2014-02-26",21.8816982528522,0.686693469213016,0.712683127566529,0.736221241644785,31.6136664827959,28.5542208505375,30.0839436666667,0.96139393744502,66.4981049459336,30.0059996,30.4028923804841,1.08816188506431,0.460839336495045
"3476135","2014-02-27",21.8518318920916,0,0.471666897971839,0.644300789482587,31.6248123947461,28.4958529385872,30.0603326666667,0.246349328654783,36.0063221570184,29.8907996,30.1300627297529,0.447939358329918,0.45825934086202
"3476134","2014-02-28",21.5878000230859,0.640958868894602,0.442550779369207,0.542300268302522,31.7288813937811,28.5057842728856,30.1173328333333,0.769720024164769,55.0017110338113,29.8814664,30.2260543657858,0.598821416265327,0.486371755942681
"3476133","2014-03-03",22.0036150661847,0.447300771208226,0.36275321336761,0.42565696356955,31.7435447298832,28.5906766034501,30.1671106666667,0.560826944116531,50.1573562788037,29.8685332,30.2088031170144,0.511123725150475,0.49132214978424
"3476132","2014-03-04",21.6883007250108,0.581832904884319,0.556697514995716,0.454000502577509,31.807991862999,28.6695628036677,30.2387773333333,0.704313258176144,53.2385750045462,29.8889332,30.2636293680791,0.574628565317847,0.507983432890962
"3476131","2014-03-05",21.395508836778,0.600683804627249,0.543272493573265,0.487574407312195,31.8319207430427,28.8027445902906,30.3173326666667,0.657871527620537,53.670757719083,29.9107996,30.3209227856686,0.636889532401841,0.533764652793137
"3476130","2014-03-06",20.8517884804338,0.601542416452442,0.594686375321338,0.564885461296771,31.7819772433744,29.0582440899589,30.4201106666667,0.662318642012437,53.6917513461206,29.9563996,30.3710224142461,0.679038334273319,0.562819389089174
"3476129","2014-03-07",19.7078734766082,0.715508997429306,0.639245072836333,0.59240131391031,31.861042318696,29.156845681304,30.508944,0.798281809655903,56.5088283914995,30.0162664,30.4735527590133,0.820182632445565,0.614292037760452
"3476128","2014-03-10",18.7494458634939,0.693228791773778,0.670093401885176,0.63467495001428,31.8761686801407,29.3280523198593,30.6021105,0.73943549419879,55.7942397778322,30.0923996,30.5508563911449,0.898083767899771,0.671050383788316
"3476127","2014-03-11",18.0686034540471,0.649526992287918,0.686088260497002,0.665142245072835,31.8631852876196,29.5012577123804,30.6822215,0.67123379970378,54.3426450890454,30.1589328,30.5951862056589,0.904175019766451,0.717675310983943
"3476126","2014-03-12",17.8150363939159,0.5689794344473,0.637245072836333,0.664475578406168,31.8533823081857,29.5913936918143,30.722388,0.509750417475005,51.6741460248621,30.217066,30.5918280449044,0.816898090703222,0.737519866927799
"3476125","2014-03-13",17.3353619472838,0.600683804627249,0.60639674378749,0.643243359040273,31.8627595396026,29.6502387937307,30.7564991666667,0.554814175291364,52.6595406410853,30.307066,30.6053616389171,0.771352436719686,0.744286380886176
"3476124","2014-03-14",16.8294141634912,0.686185440242855,0.618616226439136,0.620752681020984,31.8469911639073,29.777563169426,30.8122771666667,0.590176045666238,53.9974331322051,30.3669328,30.6388694203948,0.769367390908582,0.749302582890657
"3476123","2014-03-17",16.0597032886776,0.762790477014397,0.683219907294835,0.636077625840485,31.8761681233605,29.8437195433062,30.8599438333333,0.673873771503017,55.9141191906236,30.4429328,30.6990201643422,0.81955419596893,0.763352905506312
"3476122","2014-03-18",15.4472436002574,0.80563746223565,0.751537793164302,0.684457975632755,31.9030363964971,29.8778512701696,30.8904438333333,0.62816252201299,55.2063325304939,30.518266,30.7422614757632,0.83196242500474,0.777074809405997
"3476121","2014-03-19",15.2712570297978,0.426751592356689,0.665059843868913,0.699939181442681,31.8988004379226,29.9405318954107,30.9196661666667,0.496199278509682,52.4535723675681,30.563866,30.7455159456615,0.765529036182722,0.774765654761342
"3476120","2014-03-20",15.1078409286568,0.456471337579618,0.56295346405732,0.659850367030176,31.8973790783649,29.9861752549685,30.9417771666667,0.47523349799017,52.9132458590901,30.600266,30.7545578195733,0.716853191341693,0.763183162077413
"3476119","2014-03-21",14.0975176329465,0.264436886210072,0.382553272048794,0.53685552665834,31.9108425717589,30.0036007615745,30.9572216666667,0.560879363092103,53.3985441940903,30.6477328,30.7686167769635,0.682629333510554,0.747072396364041
"3476118","2014-03-24",13.6683525975073,0,0.240302741263231,0.39526982578978,31.8390787372489,30.0091425960845,30.9241106666667,0.477109948051692,49.8424170565144,30.6677328,30.7408012067017,0.570237153548536,0.71170534780094
"3476117","2014-03-25",13.348037214769,0,0.0881456287366917,0.23700054734957,31.7686297204875,30.0005916128459,30.8846106666667,0.38741343725964,49.2924589909882,30.6729328,30.7104717124748,0.463555308862817,0.662075340013315
"3476116","2014-03-26",13.5750018601316,0,1.1842378929335e-15,0.109482789999973,31.6887575259771,29.976241474023,30.8324995,0.278589228657243,45.5788932464589,30.672666,30.6415194841448,0.29141071737615,0.587942415485882
"3476115","2014-03-27",13.8340250066374,0,1.1842378929335e-15,0.0293818762455625,31.4331397269964,30.328636606337,30.8808881666667,-0.0852811289002547,45.2348289993925,30.6701324,30.5777608862589,0.145181250152127,0.499390182419131
"3476114","2014-03-28",13.458500238615,0,1.1842378929335e-15,-9.80697005085555e-16,31.4596041930953,30.2273941402381,30.8434991666667,0.00932675918518129,43.6955417233944,30.6482656,30.5051701014243,-0.00523732788885178,0.398464680357535
"3476113","2014-03-31",13.1097986683085,0.0803567841215001,0.0267855947071679,0.00892853156905459,31.4651676889553,30.2169413110448,30.8410545,0.0745500634089112,45.5378573138402,30.6066656,30.4582580879011,-0.0918378443603873,0.30040417541395
"3476112","2014-04-01",12.2523261117072,0.225447654251545,0.101934812791016,0.0429068024993929,31.4616479710408,30.1857943622925,30.8237211666667,0.272397215995462,48.7956985021379,30.5729324,30.4464903428476,-0.101920661610377,0.219939208009085
"3476111","2014-04-02",11.745991109484,0.133927973535832,0.146577470636293,0.091765959378157,31.4710169877086,30.1330920122914,30.8020545,0.171256230295811,46.890335952335,30.5313324,30.4180689638013,-0.144518688966178,0.147047628614032
"3476110","2014-04-03",11.7510760669942,0,0.119791875929127,0.12276805311881,31.4877258034799,30.0490498631868,30.7683878333333,0.0972005806844289,43.7494595408503,30.5970656,30.3623264352944,-0.23760608541723,0.0701168858077798
"3476109","2014-04-04",12.8089292071231,0,0.0446426578452785,0.103670668136897,31.4930994810204,29.8856761856463,30.6893878333333,-0.0933914043746927,36.7124700739917,30.5382656,30.2313495772552,-0.471546212229568,-0.0382157337996897
"3476108","2014-04-07",14.2073226611314,0,1.17498603439496e-15,0.0548115112581333,31.5885429599829,29.5878993733504,30.5882211666667,-0.199442174183249,33.9024350870609,30.497732,30.0782803002878,-0.729240364648642,-0.17642065996948
"3476107","2014-04-08",15.8780378948342,0,1.17498603439496e-15,0.0148808859484248,31.684758162896,29.2767955037707,30.4807768333333,-0.140790736857678,31.3744026760934,30.4246652,29.9069535935828,-1.00174957651639,-0.341486443278861
"3476106","2014-04-09",17.4294163261296,0.0268316418740436,0.00894388062468236,0.00298129354155941,31.7566468111138,29.0271295222195,30.3918881666667,-0.0221502616838204,32.740349959877,30.3515988,29.7682491144384,-1.18607878531946,-0.51040491168698
"3476105","2014-04-10",19.4686054371456,0,0.00894388062468236,0.00596258708311981,31.8238804045901,28.7352292620765,30.2795548333333,-0.0337102693934529,28.5415045383578,30.2582652,29.5809265658466,-1.45421082696967,-0.699166094743518
"3476104","2014-04-11",21.3658268788402,0,0.00894388062468236,0.0089438806246802,31.8426972914178,28.4670790419155,30.1548881666667,0.0113986896346503,28.5154493473647,30.1470652,29.4181363570671,-1.65110063389876,-0.889553002574567
"3476103","2014-04-14",23.1590574845316,0,1.17498603439496e-15,0.00596258708311981,31.7829885316828,28.2526764683172,30.0178325,0.0621881374060398,28.2926802448788,30.0382652,29.2734955094581,-1.79582323882018,-1.07080704982369
"3476102","2014-04-15",24.4467995014878,0,1.17498603439496e-15,0.00298129354155941,31.6933955384458,28.0722694615542,29.8828325,0.104312083338647,27.5116015610026,29.9326652,29.136140108197,-1.9151095290625,-1.23966754567145
"3476101","2014-04-16",25.2017642509633,0.128663530364929,0.0428878434549774,0.0142959478183244,31.5867409589309,27.9595907077358,29.7731658333333,0.20933770031005,34.7665996816795,29.8530652,29.0619880937708,-1.89562032547261,-1.37085810163168
"3476100","2014-04-17",25.0730693852317,0.0942686697214392,0.0743107333621238,0.0390661922723653,31.4551912959463,27.8764737040537,29.6658325,0.243467929569765,33.7929174147986,29.764932,28.9857230146013,-1.88411890324588,-1.47351026195452
"3476099","2014-04-21",24.9535670099095,0.250956368208448,0.157962856098273,0.0917204776384559,31.2504595742062,27.8756497591272,29.5630546666667,0.338427043336297,41.7907624483523,29.6866652,28.9742932793212,-1.74104302090186,-1.52701681374399
"3476098","2014-04-22",23.7962011459289,0.332397850774402,0.225874296234764,0.152715961898385,31.0596807202444,27.9008726130889,29.4802766666667,0.419712333028763,44.1533836907594,29.6043984,28.9821648420783,-1.57236513379228,-1.53608647775365
"3476097","2014-04-23",22.9807950271977,0.289815524202226,0.291056581061693,0.224964577798241,30.8880179806851,27.9219803526482,29.4049991666667,0.424142623408912,42.5269180965918,29.520132,28.9734321964679,-1.45439310277241,-1.5197478027574
"3476096","2014-04-24",22.6318395218274,0.219366961068196,0.280526778681609,0.265819218659353,30.7434377131688,27.9170056201645,29.3302216666667,0.368229041274863,39.9460207844793,29.438532,28.9405305702722,-1.39780243040792,-1.4953587282875
"3476095","2014-04-25",22.6664874682478,0.209568521327922,0.239583668866116,0.27038900953647,30.6270212161528,27.8838667838472,29.255444,0.311693430775657,37.6575132649245,29.3479988,28.8884598275692,-1.38649557488648,-1.4735860976073
"3476094","2014-04-28",22.6986605613524,0.289297087484795,0.239410856626972,0.25317376805823,30.4905958532135,27.8767371467865,29.1836665,0.354494876713047,40.0981337136628,29.2602656,28.85888785056,-1.32986171745703,-1.44484122157725
"3476093","2014-04-29",21.660902663971,0.42824634056337,0.309037316458697,0.262677280650593,30.3216437783893,27.9200228882773,29.1208333333333,0.471893981986121,44.1982035215958,29.1926656,28.8603694704853,-1.21419980229216,-1.39871293772023
"3476092","2014-04-30",20.9991096878511,0.341684092555387,0.353075840201185,0.300508004428949,30.0534029221836,28.0298190778164,29.041611,0.454178160894377,42.2577029417961,29.1218656,28.844764207754,-1.14477070966076,-1.34792449210833
"3476091","2014-05-01",20.0341363941827,0.403187229215357,0.391039220778039,0.351050792479305,29.7868458346247,28.164931832042,28.9758888333333,0.544322839077078,44.134453832673,29.0674656,28.8432396467201,-1.05247226987887,-1.28883404766244
"3476090","2014-05-02",18.8217192702005,0.612755750543278,0.452542357438009,0.398885806139075,29.5429701150676,28.3186962182657,28.9308331666667,0.791555264661286,50.0874524063047,29.0265324,28.8828076938241,-0.883387412443459,-1.20774472061864
"3476089","2014-05-05",17.6959033693599,0.685650634849046,0.567197871535895,0.470259816583979,29.4355917230497,28.3856302769503,28.910611,0.900493118004957,52.0032908181868,28.995066,28.9313226679809,-0.711438814570242,-1.10848353940896
"3476088","2014-05-06",17.1046766470478,0.493149333837442,0.597185239743257,0.538975156239051,29.4417270343099,28.3832729656901,28.9125,0.796816532696912,49.0267588329134,28.9525328,28.9524796455834,-0.61180945988123,-1.00914872350342
"3476087","2014-05-07",17.0826660167798,0.331503201361092,0.503434390015861,0.555939167098335,29.4515588834634,28.3855521165366,28.9185555,0.631641909808153,45.5056307512688,28.893466,28.9445930261723,-0.580939621138155,-0.923506903030365
"3476086","2014-05-08",17.5563680237118,0.121037115166816,0.315229883455118,0.471949837738076,29.448490607362,28.3833977259714,28.9159441666667,0.498590889715294,42.1362323433612,28.8317328,28.9106472893493,-0.606222605033879,-0.860050043431068
"3476085","2014-05-09",18.3126658840202,0,0.150846772175971,0.323170348548981,29.4447734680923,28.396003865241,28.9203886666667,0.308929753377798,39.9432176904888,28.7737328,28.8625609841028,-0.65793168895727,-0.819626372536308
"3476084","2014-05-12",17.3165814729915,0.317004850130115,0.146013988432311,0.204030214687798,29.4475865745957,28.4560797587377,28.9518331666667,0.684177755593106,47.6308620585238,28.7551996,28.8697755195557,-0.589754201086223,-0.773651938246291
"3476083","2014-05-13",16.2842307905311,0.184570247933885,0.167191699354668,0.154684153320981,29.4309043045579,28.5357620287755,28.9833331666667,0.632813337666817,45.1952893412497,28.7427996,28.8569161169483,-0.569221851170199,-0.732765920831073
"3476082","2014-05-14",15.5653859259511,0,0.167191699354668,0.160132462380547,29.3985490805071,28.5892289194929,28.993889,0.088820737828075,41.2832554706466,28.7321332,28.8128833013552,-0.614935502731595,-0.709199837211177
"3476081","2014-05-15",16.1958686436125,0,0.0615234159779628,0.131968938229097,29.5079077227653,28.4206476105681,28.9642776666667,-0.270390014253919,33.4123101974972,28.6935996,28.6916095278412,-0.817054308045273,-0.730770731377996
"3476080","2014-05-16",16.7026891983045,0.062838307292087,0.0209461024306969,0.083220405921107,29.5669093614176,28.3082016385824,28.9375555,-0.0753696060872633,35.8765814333318,28.6798664,28.6020615907957,-0.934659503588264,-0.77154848582005
"3476079","2014-05-19",16.8112122369785,0.220825456327726,0.0945545878732724,0.0590080354273085,29.5719249129335,28.2462970870665,28.909111,0.152825382544808,41.7166877413487,28.6779996,28.5635640453563,-0.934783588135912,-0.804195506283222
"3476078","2014-05-20",17.5173489920778,0.0520663338126859,0.111910032477501,0.0758035742604879,29.5793072781445,28.1305817218555,28.8549445,0.00880195108209643,37.760540333925,28.6646664,28.4884221726421,-1.01213170447642,-0.845782745921861
"3476077","2014-05-21",18.1515974785671,0.0987466808856722,0.123879490342029,0.110114703564265,29.5669978607612,28.0452244725721,28.8061111666667,0.103899959955729,39.4704822624425,28.6584,28.4348552162898,-1.03736807000453,-0.884099810738395
"3476076","2014-05-22",18.6719664032242,0.166965588930719,0.105926201209694,0.113905241343073,29.5618096661052,27.9840790005614,28.7729443333333,0.196715662279994,41.9792156731769,28.6437332,28.4053185207845,-1.01000047633258,-0.909279943857233
"3476075","2014-05-23",19.3102490518528,0.127470148168495,0.131060805994963,0.12028883251556,29.5685462281551,27.9301201051783,28.7493331666667,0.205408444585191,40.9217450059814,28.6297332,28.3699427180132,-0.997791296554906,-0.926982214396768
"3476074","2014-05-27",18.8665564434807,0.231597429807128,0.175344388968782,0.137443798724478,29.5600555538893,27.9078324461107,28.733944,0.355715208470127,44.8650743619121,28.6070664,28.3650610222781,-0.922573970434892,-0.926100565604393
"3476073","2014-05-28",19.2109954717844,0.0484738806573057,0.135847152877644,0.147417449280461,29.5323387730257,27.854437893641,28.6933883333333,0.231111450696197,39.8299571846761,28.5654664,28.3154968859744,-0.948898478918359,-0.930660148267186
"3476072","2014-05-29",19.5308317123522,0.143628108387598,0.141233139617345,0.150808227154588,29.5066031624978,27.8199515041688,28.6632773333333,0.312284495673318,43.3854347453339,28.5355996,28.2960973011778,-0.909108034459838,-0.926349725505716
"3476071","2014-05-30",19.0875595488825,0.263913350245331,0.152005113096746,0.143028468530576,29.464632215339,27.8140334513276,28.6393328333333,0.457320841259166,47.6005844609598,28.522266,28.3090616610208,-0.804638756452902,-0.902007531695153
"3476070","2014-06-02",18.6759496828034,0.308800163733996,0.238780540788976,0.177339597834353,29.3750810451749,27.8354739548251,28.6052775,0.50090445153749,49.122878250981,28.5193328,28.3314094395513,-0.690127429436149,-0.859631511243353
"3476069","2014-06-03",18.1074509955728,0.538965782578627,0.370559765519319,0.253781806468345,29.2635777075211,27.8749772924789,28.5692775,0.530128057632802,48.7568046163879,28.5109328,28.3481108476112,-0.598167039231379,-0.807338616840958
"3476068","2014-06-04",17.1838800963732,0.560477876106196,0.469414607472941,0.35958497126041,29.1726625010936,27.9134481655731,28.5430553333333,0.626402627027114,50.3506382612998,28.4975996,28.3732520679297,-0.496798242688778,-0.745230542010522
"3476067","2014-06-05",17.0527769631377,0.496774193548387,0.532072617411071,0.457348996801108,29.165223732562,27.917331267438,28.5412775,0.886293301283848,54.6540678506816,28.4983996,28.4252624588724,-0.348094877867278,-0.665803409181873
"3476066","2014-06-06",18.0260950082523,0.674121926322801,0.577124665325796,0.526203963403267,29.3463038089357,27.8074735243976,28.5768886666667,1.1821921887995,64.0737647132258,28.5210664,28.5552274643561,-0.0497204844281507,-0.542586824231129
"3476065","2014-06-09",18.9298903358587,0.682110731452506,0.617668950441233,0.575622077726031,29.4990400172832,27.7388486493835,28.6189443333333,1.03526509513806,64.2829734353276,28.5321332,28.6700864691086,0.188244957442452,-0.396420467896413
"3476064","2014-06-10",19.7691288543503,0.720449328355707,0.692227328710339,0.629006981492454,29.5896296595078,27.6918146738255,28.6407221666667,0.989658461798138,65.3265030801091,28.5421332,28.7802976065608,0.393869605552788,-0.238362453206573
"3476063","2014-06-11",19.9587195547327,0.643772134549307,0.682110731452508,0.664002336868025,29.6530607872815,27.6637172127185,28.658389,0.900718949134656,61.459008422788,28.552,28.8544805923527,0.50554119235684,-0.0895817240938901
"3476062","2014-06-12",20.1347680622307,0.669329601709902,0.67785035487164,0.684062805011494,29.7489671541366,27.6458105125301,28.6973888333333,0.853621386041202,62.2609948948124,28.5718668,28.925883180039,0.601583076364687,0.0486512359978253
"3476061","2014-06-13",21.3859390803488,0.603832901225397,0.63897821249487,0.666313099606338,29.8439894598296,27.6908995401704,28.7674445,0.853135352000069,58.8796043359295,28.5944,28.9695427560338,0.63204235924994,0.165329460648248
"3476060","2014-06-16",22.5477407400299,0.635783329419602,0.636315277451635,0.651047948272713,29.917143716572,27.743634283428,28.830389,0.795298618697458,60.02027692467,28.6252,29.0162703885626,0.666863117888306,0.26563619209626
"3476059","2014-06-17",23.9497656452661,0.637,0.625538743548334,0.633610744498278,30.0052708207882,27.7683965125451,28.8868336666667,0.808889207939455,61.1799731282818,28.644,29.0656570034209,0.704649034275961,0.3534387605322
"3476058","2014-06-18",25.2516459144139,0.683797067594728,0.652193465671445,0.638015828890469,30.0791606523756,27.8486180142911,28.9638893333333,0.82304127302051,63.8872880013334,28.6749336,29.1297920696315,0.769802764658833,0.436711561357527
"3476057","2014-06-19",26.6533654658037,0.620120369857023,0.646972479150585,0.641568229456786,30.1346463100074,27.939243023326,29.0369446666667,0.785823871392305,61.4820957435768,28.7124,29.1742637936806,0.7889988938512,0.507169027856262
"3476056","2014-06-20",27.6397256230441,0.579056630506429,0.627658022652728,0.642274655824917,30.1699454131106,28.0341665868894,29.102056,0.73158484105543,59.5509263815057,28.7721336,29.2039179545232,0.776691931357476,0.561073608556504
"3476055","2014-06-23",27.0101242956719,0.317495286166924,0.50555742884346,0.593395976882256,30.1496882764587,28.153757390208,29.1517228333333,0.554250625984054,50.1373587080672,28.8124004,29.1802848939201,0.65714495672049,0.580287878189302
"3476054","2014-06-24",27.0858385697196,0.450636833830802,0.44906291683472,0.527426122776968,30.1722043990873,28.2392416009127,29.205723,0.691329945416393,56.7101350896031,28.854134,29.2038029080641,0.646140952434271,0.593458493038296
"3476053","2014-06-25",27.1561446813353,0.449365346092868,0.405832488696866,0.453484278125014,30.1467043681076,28.4010752985591,29.2738898333333,0.689998459076483,59.2242404881848,28.914134,29.2432958536555,0.669180557123061,0.608602905855249
"3476052","2014-06-26",27.2214289278356,0.555552380952381,0.485184853625352,0.446693419718978,30.1173546214154,28.562980711918,29.3401676666667,0.713626634259473,61.0918172639381,28.9750672,29.2921897398348,0.709405103981298,0.628763345480458
"3476051","2014-06-27",27.8624703525972,0.450790476190477,0.485236067745243,0.458751136689152,30.1004347948836,28.6914562051163,29.3959455,0.704756719107411,58.2201481635103,29.026534,29.3198977745235,0.702733246682063,0.64355732572078
"3476050","2014-06-30",28.4577231041616,0.523809523809524,0.510050793650795,0.493490571673795,30.0696995313772,28.8345248019561,29.4521121666667,0.724981259774412,59.6440384018184,29.0840008,29.3541340712537,0.710242444655917,0.656894349507807
"3476049","2014-07-01",30.1105558117365,0.567344014987787,0.513981338329264,0.503089399908432,30.0998874576907,28.9621142089759,29.5310008333333,1.07822227238727,65.8089971932505,29.1488008,29.4340268617532,0.810003062255893,0.687516092057424
"3476048","2014-07-02",31.669198679219,0.747472727272728,0.612875422023348,0.545635851334467,30.1709171386783,29.0607511946551,29.6158341666667,1.20535025646309,69.8477615211976,29.2394676,29.5441566135195,0.961199924186151,0.74225285848317
"3476047","2014-07-03",32.5217538222513,0.668684848484847,0.661167196915122,0.596007985755909,30.2316406938011,29.1241389728656,29.6778898333333,1.0296185901224,66.2739138740007,29.3178676,29.6222690650502,1.03284013802745,0.800370314392025
"3476046","2014-07-07",32.7141312733567,0.585854545454545,0.667337373737375,0.64712666422528,30.2859028334094,29.1180988332573,29.7020008333333,0.848419626307464,62.6449382330571,29.3818676,29.6717438563768,1.04001187436447,0.848298626386513
"3476045","2014-07-08",31.4014325832881,0.345454545454545,0.533331313131314,0.620611961261268,30.2895925308409,29.1289648024924,29.7092786666667,0.497752365721626,53.4902068133943,29.4266676,29.6617340088599,0.927079795337393,0.864054860176689
"3476044","2014-07-09",30.081061617123,0.327272727272726,0.419527272727274,0.540065319865319,30.2924620745501,29.1387619254499,29.715612,0.483581522447773,52.8610155907709,29.4710676,29.6490588076786,0.8199911723201,0.855242122605372
"3476043","2014-07-10",28.6905947710779,0.298987878787879,0.323905050505052,0.425587878787878,30.290312111714,29.158022888286,29.7241675,0.413890522566174,51.83944137975,29.5104008,29.6318509666548,0.714206597983602,0.827035017681018
"3476042","2014-07-11",27.667946218016,0.248484848484848,0.291581818181819,0.345004713804713,30.286488367276,29.1779579660573,29.7322231666667,0.382727768953921,49.9820775391687,29.5373344,29.6058268377675,0.600758262597445,0.781779666664303
"3476041","2014-07-14",27.5255651636027,0.234848484848484,0.260773737373738,0.292086868686868,30.2974801478934,29.2001888521066,29.7488345,0.601312052469742,54.7962563234269,29.5480012,29.6139392593985,0.567001823635449,0.738824098058532
"3476040","2014-07-15",27.3933541845046,0.185483870967742,0.222939068100359,0.258431541218637,30.295992972062,29.2282316946047,29.7621123333333,0.477211822673251,54.7962563234268,29.5580012,29.620970024812,0.534079863569348,0.697875251160695
"3476039","2014-07-16",26.9059625937658,0.115588709677418,0.178640355164549,0.220784386879547,30.2958070180979,29.2381953152355,29.7670011666667,0.413536792612534,52.584366262098,29.5613344,29.6155073548371,0.478851974398498,0.654070595808256
"3476038","2014-07-17",25.3318064373308,0,0.100357526881722,0.167312316715542,30.308273933005,29.192839066995,29.7505565,0.145875184017115,45.7733097541678,29.5592008,29.5712170408588,0.350151958627554,0.593286868372115
"3476037","2014-07-18",23.5556036480774,0,0.0385295698924742,0.10584248397958,30.3249439329491,29.1377247337176,29.7313343333333,0.119839088160409,43.4576233225769,29.5504008,29.517721435411,0.214624099436844,0.517554314585061
"3476036","2014-07-21",22.6359186104494,0,1.42478621493562e-15,0.0462956989247304,30.3622614060797,29.0485179272536,29.7053896666667,0.0222712728052638,39.01828157926,29.5376008,29.4398025773562,0.0417333682997345,0.422390125327996
"3476035","2014-07-22",21.3185396894925,0.195027934883614,0.0650093116278728,0.0345129605067809,30.3557026746532,29.0639649920134,29.7098338333333,0.220572395218013,47.3406757066614,29.535734,29.4176062337087,-0.0022005372097289,0.337471992820451
"3476034","2014-07-23",20.3649621556029,0.158337499999999,0.117788478294539,0.0609325966408025,30.366342616397,29.0227697169364,29.6945561666667,0.18401205955867,45.6313061238431,29.527734,29.3868147358809,-0.0601532021102358,0.257946953834314
"3476033","2014-07-24",20.057047726749,0.0402866343918595,0.131217356425159,0.104671715449188,30.3873617121233,28.9526392878767,29.6700005,0.112777247167926,41.930974937044,29.5054672,29.3339061044301,-0.158418739647848,0.174673815137881
"3476032","2014-07-25",20.6140443677386,0,0.0662080447972875,0.105071293172327,30.4430185756048,28.8064267577285,29.6247226666667,-0.024294445705747,36.4308507898717,29.472934,29.2427186238394,-0.326527979345526,0.0744334562412
"3476031","2014-07-28",21.3509293147919,0,0.0134288781306212,0.070284759784354,30.4919928805111,28.6553414528222,29.5736671666667,0.00435133220741797,34.9776233320235,29.4390672,29.1503561406608,-0.4824365355797,-0.03694054212298
"3476030","2014-07-29",21.6509431886737,0.0687641085184503,0.0229213695061515,0.0341860974780182,30.5044113643561,28.5471449689772,29.5257781666667,0.114996285067545,38.0809837075272,29.4246672,29.0858646552394,-0.567615594130477,-0.143075552524479
"3476029","2014-07-30",21.236463181543,0.125734527044151,0.0648328785208684,0.0337277087192118,30.4267666745133,28.4954563254867,29.4611115,0.207163498113234,40.6100186859969,29.4009336,29.0428600345408,-0.601597062796555,-0.234779854578895
"3476028","2014-07-31",19.7588097901786,0.108052832902095,0.100850489488233,0.0628682458384159,30.274400575491,28.507155424509,29.390778,0.274474978879681,40.0630854336054,29.3702668,29.0015893632687,-0.629771656600231,-0.313778214983162
"3476027","2014-08-01",18.8223089360488,0.328323308270677,0.187370222738976,0.117684530249357,30.1277262608703,28.5484967391296,29.3381115,0.41958219820595,46.6031759704474,29.3453336,28.9996001148329,-0.575013145977943,-0.366025201182118
"3476026","2014-08-04",18.58992600752,0.76542962962963,0.400601923600802,0.229607545276002,30.0434153225043,28.5908076774957,29.3171115,0.755936396826881,58.1777415591922,29.3486668,29.0774307661885,-0.361544582778173,-0.365129077501329
"3476025","2014-08-05",19.3191694662733,0.700935889599794,0.598229609166702,0.395400585168825,30.0946869782524,28.5666466884143,29.3306668333333,0.923490033369419,61.4459921480391,29.3576,29.1737733306967,-0.131215498711135,-0.31834636174329
"3476024","2014-08-06",20.0679293879105,0.79120879120879,0.752524770146073,0.583785434304524,30.1755175596321,28.5278157737012,29.3516666666667,0.964283043528898,64.095676357871,29.3590668,29.2826035532705,0.101966867456382,-0.234283715903356
"3476023","2014-08-07",21.0189855563312,0.818805128205128,0.770316603004572,0.707023660772447,30.2924952280435,28.4746161052898,29.3835556666667,0.984570722538261,66.1608696482866,29.3545336,29.3978124128344,0.325273179737096,-0.122372336775265
"3476022","2014-08-08",21.9021091412932,0.835897435897436,0.815303785103786,0.779381719418142,30.4012298700538,28.4325481299462,29.416889,0.932777417823494,66.601000254004,29.3565336,29.5021040911231,0.50468294417092,0.00303871941397164
"3476021","2014-08-11",22.8349005919596,0.878630769230769,0.844444444444446,0.810021610850933,30.4891310506688,28.3928686159978,29.4409998333333,0.929917624702418,67.7310510050381,29.3673336,29.6036008789734,0.66120651246564,0.134672278024305
"3476020","2014-08-12",23.5200256086584,0.858117948717949,0.857548717948719,0.839098982498982,30.5792098690871,28.3605671309129,29.4698885,0.881163140321226,66.5667503632456,29.3924,29.6862314284436,0.764866431814859,0.260711108782416
"3476019","2014-08-13",24.1562131241643,0.92136923076923,0.886039316239318,0.862677492877492,30.6846066760975,28.3273926572358,29.5059996666667,0.878319629103503,68.3721589581599,29.4236,29.7742899046511,0.86987954225477,0.382544795476887
"3476018","2014-08-14",24.996200390003,0.905692682926828,0.895059954138004,0.879549329442012,30.8101493259165,28.3134060074168,29.5617776666667,0.864208711375706,69.2422865702596,29.4590668,29.8586072506977,0.957681941401511,0.497572224661812
"3476017","2014-08-15",25.3461782457603,0.856894580852724,0.894652164849596,0.891917145075637,30.9127525907145,28.3242470759521,29.6184998333333,0.807491521830148,66.5053973151779,29.4945332,29.920570283938,0.992842712739894,0.596626322277428
"3476016","2014-08-18",26.5002061118712,0.834090497737557,0.865559253839038,0.885090457608877,31.0500303755329,28.3490806244671,29.6995555,0.869993740018913,70.3429059948448,29.5309332,30.0080502460796,1.07604470037661,0.692509997897265
"3476015","2014-08-19",28.0080748363759,0.83857888019305,0.843187986261112,0.867799801649913,31.2151539732364,28.339846360097,29.7775001666667,0.89309875164948,72.9752748223552,29.5753332,30.1105328799356,1.18130167182797,0.790268332683406
"3476014","2014-08-20",28.8626743928298,0.769466823613471,0.814045400514694,0.840930880204946,31.3290486486182,28.3740626847151,29.8515556666667,0.804420284108052,69.3303473233804,29.6188,30.1846844959442,1.22049582000647,0.87631383014802
"3476013","2014-08-21",29.3453992972999,0.642855792319763,0.750300498708762,0.802511295161521,31.4126187386821,28.4496035946513,29.9311111666667,0.761369628240624,67.2474910714583,29.6716,30.240503896485,1.22016036941843,0.945083138002102
"3476012","2014-08-22",29.7766224106305,0.583941605839416,0.665421407257551,0.743255768827001,31.4411969575608,28.6126920424392,30.0269445,0.732062115156381,67.1333019350348,29.7288,30.288436710287,1.20483539181011,0.997033588763704
"3476011","2014-08-25",30.5395596712348,0.508474576271186,0.57842399147679,0.664715299147699,31.4276363913177,28.8325859420156,30.1301111666667,0.729882043395518,66.7666544019638,29.7950668,30.3286451489154,1.17625255625515,1.03287738226199
"3476010","2014-08-26",31.3946461046607,0.527689015273664,0.540035065794757,0.594626821509697,31.4009735352138,29.0632487981195,30.2321111666667,0.748152469562232,68.5545609840833,29.8516004,30.3763817957267,1.16564977961431,1.05943186173246
"3476009","2014-08-27",32.3207115051949,0.740737373737371,0.592300321760742,0.570253126344094,31.3746895302447,29.2981994697553,30.3364445,0.810993783349863,72.3153399074198,29.9206668,30.4479748896298,1.20317801157637,1.08818109170124
"3476008","2014-08-28",33.880926553861,0.473260766682443,0.580562385231161,0.570965924262218,31.3169486552707,29.5599403447293,30.4384445,0.837946893271688,68.4270574549747,29.9936,30.4966889043458,1.19231374563267,1.10900762248752
"3476007","2014-08-29",35.4927488208248,0.746899519109086,0.653632553176302,0.6088317533894,31.311531766851,29.778246233149,30.544889,1.01856899178696,74.524437601051,30.0966668,30.5940197170997,1.27771970268367,1.14275003852675
"3476006","2014-09-02",37.5923951243611,0.689861451567691,0.636673912453075,0.623622950286844,31.4483022386399,29.8379204280267,30.6431113333333,1.12731831255306,77.4045714251451,30.2138668,30.7121504214864,1.39506102874023,1.19321223656945
"3476005","2014-09-03",39.5420666919305,0.872765660505646,0.769842210394143,0.686716225341171,31.6417337251318,29.8322669415349,30.7370003333333,1.11816903381329,80.3070499785753,30.3386668,30.8554196986216,1.54923386951509,1.26441656315858
"3476004","2014-09-04",41.7316264894409,0.745030645593889,0.769219252555744,0.725245125134318,31.8421022333278,29.8196761000056,30.8308891666667,1.07532591549108,80.6274126560616,30.4610668,30.984474405472,1.66028151830491,1.34358955418784
"3476003","2014-09-05",39.5479883607251,0.0719659090909098,0.56325407173015,0.700771844893343,31.8716181627802,29.8883818372198,30.88,0.684881311726543,52.5180932098639,30.5398668,30.9469884847424,1.43960143240058,1.36279192983039
"3476002","2014-09-08",37.8226645598733,0.751760126338252,0.522918893674352,0.618464072653413,32.072913114996,29.8771975516706,30.9750553333333,1.04421499455221,67.0068088084969,30.6609332,31.0891673534434,1.58695655242815,1.40762485434994
"3476001","2014-09-09",35.7093043160935,0.649649031072237,0.491125022167134,0.52576599585721,32.1799007638144,29.925543569519,31.0527221666667,0.873869102080524,63.9074907888356,30.7504,31.1866117063176,1.63349010763449,1.45279790500685
"3476000","2014-09-10",33.7468983754408,0.654930730511848,0.685446629307447,0.566496848382976,32.2626325444663,30.0008121222003,31.1317223333333,0.837707771056416,64.0002446905547,30.8316,31.272396812142,1.65310030117221,1.49285838423992
"3475999","2014-09-11",32.1217958008929,0.628522233313791,0.644367331632627,0.606979661035734,32.3305901699068,30.0820764967598,31.2063333333333,0.804052705941442,63.1267044489336,30.9032,31.3400772371897,1.63629240756087,1.52154518890411
"3475998","2014-09-12",31.4927497882192,0.486207734840922,0.589886899555522,0.639900286831864,32.3813960704451,30.1702702628882,31.2758331666667,0.764696305987227,58.8048594584327,30.9585332,31.3654002722311,1.54059982520669,1.52535611616463
"3475997","2014-09-15",30.9086356335937,0.655172977034399,0.589967648396372,0.608073959861505,32.428609423292,30.2812792433746,31.3549443333333,0.798846604651185,62.7587734697638,31.0269332,31.4353469026003,1.53928679241868,1.52814225141544
"3475996","2014-09-16",30.3662439185842,0.655681318681318,0.599020676852215,0.592958408268034,32.4817825992887,30.3565507340446,31.4191666666667,0.765462799248587,62.8299574562604,31.0922668,31.4968566489202,1.52195882416901,1.52690556596615
"3475995","2014-09-17",30.5966651731322,0.65082211765222,0.653892137789314,0.614293487679299,32.5540147277771,30.4037629388896,31.4788888333333,0.789889074024446,62.7008900094663,31.1589336,31.5492757623975,1.48899473081776,1.51932339893648
"3475994","2014-09-18",31.6568454881925,0.578432773109244,0.628312069814262,0.627074961485262,32.6562902399363,30.4678204267304,31.5620553333333,0.889490407798359,64.9120511096612,31.2282668,31.6200389940779,1.49381540355189,1.51422179985956
"3475993","2014-09-19",32.6412986378912,0.585436974789918,0.604897288517128,0.629033832040233,32.7116148661951,30.5747184671382,31.6431666666667,0.820377409796512,65.1074943955348,31.2958668,31.6835897948675,1.48431257574906,1.50823995503746
"3475992","2014-09-22",32.8143629442964,0.498600840336135,0.5541568627451,0.595788740358828,32.6964870316963,30.725846301637,31.7111666666667,0.6685576988235,60.6007078043052,31.3585336,31.7111111555518,1.40767124008674,1.48812621204731
"3475991","2014-09-23",33.34038230884,0.57563025210084,0.553222689075632,0.570758946779285,32.687190233768,30.8866984328987,31.7869443333333,0.752861838330432,63.0444556790366,31.4184,31.7594070014782,1.37750197794042,1.46600136522594
"3475990","2014-09-24",33.8288288616304,0.6148487394958,0.56302661064426,0.556802054154996,32.6619682253567,31.05669844131,31.8593333333333,0.74959667464117,64.2599206062778,31.474,31.8137087346145,1.36131456066619,1.44506400431399
"3475989","2014-09-25",33.7668888126599,0.321889102766316,0.504122698120987,0.540123999280291,32.6145992565352,31.2156230767982,31.9151111666667,0.630570843625334,61.0915633309189,31.5285332,31.8425475699992,1.29863818947784,1.41577884134676
"3475988","2014-09-26",34.0576361849239,0.315451320710991,0.417396387657704,0.494848565474315,32.5477571240449,31.3947988759551,31.971278,0.659831170792168,60.855133282843,31.5852,31.8662078939993,1.23212668665269,1.37904841040794
"3475987","2014-09-29",34.2093963860962,0.296137974545009,0.31115946600744,0.410892850595375,32.5136480348485,31.5093519651515,32.0115,0.632374642642428,60.1036348023716,31.6408,31.8827135081327,1.15839713895456,1.33491815611727
"3475986","2014-09-30",34.6097391336904,0.493565436835701,0.368384910697235,0.365646921454125,32.5490978563566,31.5481244769767,32.0486111666667,0.846608118804266,64.8782827303904,31.7090668,31.9379077070484,1.16398200329328,1.30073092555247
"3475985","2014-10-01",34.2146041864331,0.371247577784503,0.386983663055072,0.355509346586581,32.5700188152534,31.5683148514133,32.0691668333333,0.697167200885909,60.0808276154107,31.7658668,31.9604093461086,1.10744290819147,1.26207332208027
"3475984","2014-10-02",34.0522149626671,0.371506624320178,0.412106546313462,0.389158373355255,32.6179359177047,31.5659530822953,32.0919445,0.840359323949731,63.5440906447467,31.8226668,32.0101320999608,1.10693275792249,1.23104520924871
"3475983","2014-10-03",34.9072725372957,0.412624787924243,0.385126330009643,0.394738846459391,32.6042823030073,31.7274960303261,32.1658891666667,1.13831690508628,65.3078870096534,31.8884004,32.0696704866327,1.12435391322216,1.2097069500434
"3475982","2014-10-06",35.7012545708794,0.565537780431507,0.449889730891977,0.415707535738359,32.722674368846,31.6745489644873,32.1986116666667,1.09709935223152,68.1347088162994,31.9460004,32.1492704217483,1.1769703477998,1.20315962959468
"3475981","2014-10-07",34.7607088519677,0.228153466391909,0.402105344915888,0.412373801939168,32.7305001827444,31.7126118172556,32.221556,0.630551971943937,57.0827821267023,31.9749336,32.1564783655152,1.08954896374669,1.18043749642508
"3475980","2014-10-08",34.3660920249033,0.322813890324973,0.372168379049464,0.408054484952441,32.7553336307893,31.7507780358773,32.2530558333333,0.771261741391124,59.0879426773445,31.9968,32.1800585834465,1.04084483764955,1.15251896466998
"3475979","2014-10-09",33.6721798602531,0.249998179607233,0.266988512108039,0.347087412024462,32.7635461875087,31.8004541458246,32.2820001666667,0.694048431418075,56.8862034889684,32.0132,32.187161438987,0.965988531555673,1.11521287804712
"3475978","2014-10-10",32.1214377916878,0,0.19093735664407,0.276698082600523,32.743579735003,31.8454209316636,32.2945003333333,0.295818958386706,50.8346046670919,32.0625336,32.1537625804554,0.822790315605215,1.05672836555874
"3475977","2014-10-13",30.0545185589993,0,0.0833327265357457,0.180419531762617,32.7876679393942,31.7693323939391,32.2785001666667,-0.0910005164990658,43.6916679848415,32.0425336,32.068371569728,0.596007705337542,0.964584233514497
"3475976","2014-10-14",29.0024741717862,0,1.39703063931999e-15,0.0914233610599374,32.8837747996985,31.6114475336348,32.2476111666667,-0.193260706994682,38.0279973173878,32.0136004,31.9388113604309,0.307259407600746,0.833119268331747
"3475975","2014-10-15",28.353162413077,0,1.39703063931999e-15,0.0277775755119146,32.979477697537,31.4280779691296,32.2037778333333,-0.130541019670559,35.9028272075897,31.9772004,31.8029698457068,0.0324611661815188,0.672987647901701
"3475974","2014-10-16",27.397735499743,0.149360098663013,0.049786699554339,0.0165955665181124,32.9845738630455,31.3317598036212,32.1581668333333,0.10313533379039,42.7309334160755,31.9568004,31.7319071996126,-0.0959183821761855,0.519206441886124
"3475973","2014-10-17",26.0689849564747,0.288764279892289,0.146041459518435,0.065276053024257,32.969258988207,31.2918526784597,32.1305558333333,0.28836622273896,48.2699214067726,31.9594672,31.7138755729976,-0.113328395917411,0.392699474325417
"3475972","2014-10-20",24.4425306914635,0.321478408930879,0.253200929162062,0.149676362744944,32.9674890875568,31.2839555791098,32.1257223333333,0.393640964613082,49.5041906365576,31.9508004,31.7084694965979,-0.106383016164258,0.292882976227482
"3475971","2014-10-21",24.4404139193272,0.686466417771296,0.432236368864823,0.277159585848438,33.0502117213486,31.2598999453181,32.1550558333333,0.876378112286524,61.2400953291477,31.9780004,31.8242295637182,0.127259838414662,0.259758348664918
"3475970","2014-10-22",24.4384483452006,0.785914068942086,0.597952965214755,0.427796754413878,33.1458791150422,31.2316768849577,32.188778,0.889545396482881,63.6568287119084,32.0150672,31.9565549552224,0.368053059708151,0.281417290873565
"3475969","2014-10-23",23.7372928154963,0.668507829430704,0.713629438714697,0.581272924264757,33.214474410123,31.2324149232103,32.2234446666667,0.786401763963991,58.9811904291895,32.0332004,32.0334582945261,0.481035651261186,0.321340962951089
"3475968","2014-10-24",23.0862198236279,0.805248349790538,0.753223416054444,0.688268606661297,33.3073384257028,31.2215505742971,32.2644445,0.840930566286551,62.4413535517108,32.0638668,32.144107855256,0.645603435968201,0.386193457554511
"3475967","2014-10-27",22.7567684051998,0.793956326983068,0.755904168734772,0.740919007834636,33.3984696650616,31.2173086682717,32.3078891666666,0.823427523707895,62.1562882659775,32.1021336,32.2377828078885,0.762322438691831,0.461419253781975
"3475966","2014-10-28",23.9393576134182,0.659285545167382,0.752830073980331,0.753985886256514,33.5949701521185,31.1409191812148,32.3679446666667,1.00069131186281,65.7601488691772,32.1473336,32.3665224335034,0.932394132160774,0.555614229457735
"3475965","2014-10-29",25.2317092501693,0.890109890109889,0.781117254086781,0.763283832267293,33.9538285704945,30.9847270961722,32.4692778333333,1.11434596148869,73.1470020951062,32.2270668,32.6056527757029,1.28813106992898,0.702117597551984
"3475964","2014-10-30",23.6108617560537,0.502747252747252,0.684047562674843,0.739331630247317,34.0361794410484,30.9850432256182,32.5106113333333,0.751072151239683,54.4885857793434,32.2558668,32.6248990722759,1.20577349608564,0.802848777258715
"3475963","2014-10-31",22.3437702558833,0.788461538461538,0.727106227106228,0.730757014622616,34.2370052133662,30.9142174533005,32.5756113333333,0.936364112917239,62.1563709169487,32.3266668,32.7802458626391,1.38068524972648,0.918416071752267
"3475962","2014-11-03",21.1671852914394,0.794870879120879,0.695359890109891,0.702171226630319,34.4024986031074,30.8643903968926,32.6334445,0.880900023812946,62.3097776376692,32.3996,32.9179904142872,1.50613020431467,1.03595889826475
"3475961","2014-11-04",19.825307004816,0.729483282674772,0.770938566752398,0.73113489465617,34.5464583138706,30.8686530194627,32.7075556666667,0.807006736250232,60.6822793508801,32.4545332,33.0182583590489,1.55147564281919,1.13906224717564
"3475960","2014-11-05",19.5521089826379,0.401575254865304,0.64197647222032,0.702758309694201,34.5978797498596,30.8920099168071,32.7449448333333,0.642582404978352,51.716922596648,32.4817332,32.9873799111757,1.35575416088396,1.1824006299173
"3475959","2014-11-06",18.4810554106321,0.780909368960153,0.637322635500078,0.683412558157597,34.8028417575753,30.8699369090914,32.8363893333333,0.871579631248054,60.8014305755798,32.5513332,33.1321732563523,1.49715111635091,1.24535072720402
"3475958","2014-11-07",17.4865056651982,0.765060948611599,0.64918185747902,0.642826988399804,34.9957898071044,30.903766526229,32.9497781666667,0.849243329091622,61.7256822966726,32.6221332,33.2781061555053,1.62622310142451,1.32152520204812
"3475957","2014-11-10",16.2939226470679,0.789624525577735,0.778531614383164,0.688345369120752,35.159795028403,31.0243173049304,33.0920561666667,0.845828768112853,62.5524817767384,32.6898664,33.4223586681046,1.73920228479165,1.40506061859683
"3475956","2014-11-11",15.1525004490823,0.822858318369026,0.792514597519455,0.740076023127211,35.2595172694108,31.2471500639225,33.2533336666667,0.833412405068543,63.1525195687983,32.7798664,33.5598215123573,1.8286766818008,1.48978383123762
"3475955","2014-11-12",14.2198682355936,0.756023728951399,0.789502190966055,0.786849467622889,35.2803938078379,31.5640508588287,33.4222223333333,0.817814497443396,62.8041592798097,32.8634664,33.6749559773764,1.86958721224888,1.56574450743987
"3475954","2014-11-13",14.3048610201384,0.370878611430478,0.649920219583636,0.743979002689713,35.2144167090884,31.8956946242449,33.5550556666667,0.681947845555076,54.463976082834,32.9201332,33.6716285137262,1.69683333656825,1.59196227326555
"3475953","2014-11-14",14.9225480812457,0.201922799556595,0.442941713312826,0.62745470795417,35.0932514188846,32.2040815811154,33.6486665,0.499692010721661,50.6254888891245,32.9722664,33.6140780452294,1.44509522003429,1.5625888626193
"3475952","2014-11-17",16.4775466302979,0,0.190933803662359,0.427931912186272,34.9841962735918,32.3874700597415,33.6858331666667,0.116503081962034,43.2126059777956,33.0042664,33.4406449725321,1.01088695962177,1.45224848201979
"3475951","2014-11-18",18.0371389788866,0,0.0673075998521998,0.233727705609127,35.0376114666247,32.286388200042,33.6619998333333,0.0239294040912763,42.3008757938801,33.0478664,33.2734483095278,0.627765777846578,1.28735194118515
"3475950","2014-11-19",19.7211514390093,0,1.54506037593668e-15,0.0860804678381852,35.1153703472356,32.1324069860977,33.6238886666667,0.0133479169588173,40.4158133291712,33.0881332,33.0938778682575,0.256691227996875,1.08121979854749
"3475949","2014-11-20",21.0942006745456,0.0441015384615381,0.0147005128205142,0.0273360375575702,35.1598306045721,32.0385023954279,33.5991665,0.0827097485238751,41.9515455084284,33.1201332,32.9573608191565,-0.00356331113541275,0.864263176610913
"3475948","2014-11-21",21.6771700602591,0.158972307692308,0.0676912820512836,0.0274639316239315,35.1755417829534,31.9904578837132,33.5829998333333,0.207769131747099,45.865359644894,33.1539996,32.8888233766023,-0.11748459287424,0.667913622713882
"3475947","2014-11-24",22.2848022040799,0.141538461538462,0.114870769230771,0.065754188034188,35.199761951295,31.9171263820383,33.5584441666667,0.184332661524173,45.3654367850074,33.1825332,32.8218695930553,-0.21938778841899,0.490453340487308
"3475946","2014-11-25",23.4117375559809,0,0.100170256410258,0.0942441025641026,35.2339599580197,31.7423730419803,33.4881665,0.128520441319,41.0303147218605,33.1545332,32.6958429806479,-0.421414002118614,0.308079871966123
"3475945","2014-11-26",24.6689983811189,0,0.0471794871794888,0.0874068376068377,35.1999540923644,31.5398235743023,33.3698888333333,0.105995243552989,39.3623345492773,33.1085332,32.5586199165615,-0.627202740325539,0.121023349507791
"3475944","2014-11-28",25.2711387160801,0.109210826210825,0.0364036087369433,0.0612511174422285,35.2117778034617,31.4267775298716,33.3192776666667,0.221311953213467,43.8495552825046,33.0892,32.4908039276867,-0.687914385703947,-0.0407641975345566
"3475943","2014-12-01",26.2946492383262,0,0.0364036087369433,0.0399955682177902,35.1772614774056,31.2431828559277,33.2102221666667,0.152834721567685,40.2257125801312,33.0393336,32.3742527373284,-0.834767775339029,-0.199564913095451
"3475942","2014-12-02",26.1072401665645,0.095505617977528,0.0682388147294527,0.0470153440677782,35.0997731249397,31.1474492083936,33.1236111666666,0.278681812235913,44.1273613448964,33.0037336,32.318575039018,-0.856959153508252,-0.331043761178011
"3475941","2014-12-03",25.9332174570715,0.117039325842697,0.0708483146067431,0.0584969126910447,35.0284951439671,31.0552825226995,33.0418888333333,0.288667530944914,44.9990838692503,32.9569336,32.2805423671489,-0.845807446403746,-0.433996498223158
"3475940","2014-12-04",26.0088502258591,0.0819662341129613,0.0981703926443968,0.0790858406601959,35.0084622991608,30.9566483675058,32.9825553333333,0.278891952646821,43.260790999391,32.8645336,32.2231367181957,-0.872967946108982,-0.521790787800323
"3475939","2014-12-05",26.079080654019,0.182480592994865,0.127162050983509,0.098726919411548,34.8390923012003,30.9053516987996,32.872222,0.301432763633862,44.519742187806,32.8325336,32.186718489103,-0.859704398864247,-0.589373510013108
"3475938","2014-12-08",27.0333513279043,0,0.0881489423692768,0.104493795332393,34.6537111756657,30.8031768243342,32.728444,0.18183273067637,37.7792404748695,32.7290668,32.0556000238892,-1.02538784182024,-0.676576376374534
"3475937","2014-12-09",28.3986791907708,0,0.0608268643316231,0.092045952561468,34.4385063658476,30.6613816341524,32.549944,0.0770008193641102,34.0157389810502,32.6044004,31.8744093540373,-1.27145188099091,-0.79555147729781
"3475936","2014-12-10",29.666483634861,0.0940998512638364,0.031366617087947,0.0601141412629474,34.1169713205732,30.6334726794267,32.375222,0.13296804016765,36.9951340369994,32.4944004,31.747154773499,-1.39550994854455,-0.915543171547158
"3475935","2014-12-11",30.1593469704979,0.144661720030505,0.0795871904314486,0.057260223950338,33.683087007095,30.733912992905,32.2085,0.181398928825817,38.5994102406091,32.4245336,31.6528674703658,-1.44759190109958,-1.02195291745764
"3475934","2014-12-12",30.8750673191634,0.0499190325086809,0.0962268679343423,0.0690602251512444,33.3244310215966,30.7711243117367,32.0477776666666,0.0678802201581585,36.6189869581932,32.2937336,31.5395958076504,-1.53249767258378,-1.12406186848287
"3475933","2014-12-15",31.9196755430432,0,0.0648602508463968,0.0802247697373943,33.0945623633953,30.697770969938,31.8961666666666,-0.0343018184626928,33.6591269178628,32.1417336,31.3912056999637,-1.6783079881072,-1.23491109240773
"3475932","2014-12-16",32.8896688937887,0.0318532738317822,0.0272574354468226,0.0627815180758523,33.0509322404543,30.537290092879,31.7941111666666,0.0443963648108514,34.8139710481501,31.9874668,31.2728222733018,-1.75537537404693,-1.33900394873557
"3475931","2014-12-17",32.9450424938209,0,0.0106177579439289,0.0342451480790479,33.0369377067508,30.3766179599158,31.7067778333333,0.0860568384771193,32.9856279462766,31.8204004,31.1400019701949,-1.85496978976019,-1.4421971169405
"3475930","2014-12-18",32.5918752264673,0.19165630158097,0.0745031918042523,0.0374594617316663,32.9949618831617,30.3000384501716,31.6475001666666,0.254787034549099,40.2866168769894,31.674134,31.0902243741689,-1.78711493260106,-1.51118068007261
"3475929","2014-12-19",32.263934192496,0.215124420141904,0.135593573907626,0.0735715078852676,32.9243043125749,30.2394740207584,31.5818891666666,0.277474761879359,41.132344145323,31.5612008,31.0550837909464,-1.69841483985443,-1.54862751202897
"3475928","2014-12-22",31.2490028733662,0.271533243114224,0.226104654945701,0.145400473552525,32.7670339399008,30.2439670600992,31.5055005,0.348971964879787,42.1615605409572,31.4674676,31.0339619521536,-1.59170069351444,-1.55724214832607
"3475927","2014-12-23",29.3927899972166,0.316787323777115,0.267814995677749,0.209837741510357,32.6191706840805,30.2724969825862,31.4458338333333,0.450166129505415,43.7256217037303,31.4149344,31.0294336918664,-1.46342570351337,-1.53847885936353
"3475926","2014-12-24",27.6691637550777,0.545310159968712,0.377876908953352,0.290598853192266,32.5409325771408,30.2905127561925,31.4157226666666,0.576948901587785,49.6818259618665,31.3842676,31.0815091996176,-1.2382809385556,-1.47843927520194
"3475925","2014-12-26",25.7269985395873,0.747732296668954,0.536609926804928,0.394100610478675,32.5247802197733,30.2943314468933,31.4095558333333,0.677043967474814,52.6381418585141,31.3732008,31.1573079730019,-0.988843222844038,-1.38052006473036
"3475924","2014-12-29",24.7417087221055,0.64296,0.645334152212557,0.519940329323611,32.474987328662,30.3167910046713,31.3958891666666,0.775795499564543,53.5746671795101,31.359334,31.2327775766016,-0.763549012669895,-1.25712585431827
"3475923","2014-12-30",23.8267967487295,0.665182222222222,0.68529150629706,0.622411861771513,32.4889751398661,30.3126915268005,31.4008333333333,0.749276639960775,54.2391109701805,31.332534,31.3048512330548,-0.565758520349802,-1.11885238752458
"3475922","2014-12-31",22.5611569064361,0.589626666666666,0.632589629629631,0.654405096046414,32.4110897912607,30.3443542087392,31.377722,0.697868240519877,51.5382839152343,31.3012004,31.3446484019808,-0.44773911264302,-0.984629732548264
"3475921","2015-01-02",21.8901545294207,0.290368888888889,0.515059259259261,0.610980131728649,32.2918492468081,30.3664837531918,31.3291665,0.449071228125211,42.509419795751,31.2633336,31.2893619483833,-0.521554203329355,-0.892014626704483
"3475920","2015-01-05",21.3849384636218,0.260737777777778,0.380244444444446,0.509297777777777,32.1811437377366,30.37507792893,31.2781108333333,0.382309105812464,41.7298814411269,31.2312,31.2325576885989,-0.590705835335514,-0.831752868430689
"3475919","2015-01-06",21.9792215125844,0,0.183702222222224,0.359668641975308,32.0841475427876,30.310296123879,31.1972218333333,0.0919095446118527,34.6482010761795,31.1561332,31.0913273301191,-0.81522142632563,-0.828446580009677
"3475918","2015-01-07",22.1204699867178,0.191217588618729,0.150651788798837,0.238199485155167,32.0525623989094,30.2745479344239,31.1635551666667,0.312398320338462,41.6079131485793,31.1163996,31.0289276861032,-0.867266719864013,-0.836210607980544
"3475917","2015-01-08",20.7456830636534,0.447593632879226,0.212937073832653,0.182430361617903,32.0831040805526,30.296339586114,31.1897218333333,0.659973423595015,49.3901285742706,31.0871996,31.0552933279561,-0.743228156382536,-0.817614117660943
"3475916","2015-01-09",19.4690952065222,0.461756482276254,0.366855901258071,0.243481587963186,32.1034246315068,30.3081300351598,31.2057773333333,0.618086097827462,49.7882472145174,31.0562664,31.0825875508953,-0.629013714553572,-0.779894037039469
"3475915","2015-01-12",18.5883885760647,0.389518726575845,0.43295628057711,0.33758308522261,32.1041494051941,30.3085162614725,31.2063328333333,0.541025733415681,47.7260460619348,31.0258664,31.0835758774426,-0.575974665084078,-0.739110162648391
"3475914","2015-01-13",17.6078215894063,0.304533131634188,0.385269446828764,0.395027209554647,32.1143821846656,30.3336168153344,31.2239995,0.541430032241917,45.3463979518288,30.9834664,31.0577657604502,-0.579205884079925,-0.707129306934698
"3475913","2015-01-14",16.697295101795,0.423512964552509,0.372521607587515,0.396915778331128,32.1106687522159,30.415330247784,31.2629995,0.578189203112036,49.1676868824031,30.9821332,31.0727303257235,-0.503273585859643,-0.666358162719687
"3475912","2015-01-15",16.3509476036283,0.560904926614938,0.42965034093388,0.395813798450052,32.1347307808732,30.4967125524601,31.3157216666667,0.736632490780565,53.2339409784412,31.0139996,31.1288102822937,-0.355136957474478,-0.604113921670645
"3475911","2015-01-16",16.6267994444352,0.652974070894983,0.545797320687478,0.44932308973629,32.1820090155731,30.5858786510935,31.3839438333333,0.867173120509959,55.7863400183056,31.0455996,31.2063022446546,-0.179754205187999,-0.519241978374116
"3475910","2015-01-20",17.8682070999218,0.407608252599725,0.54049575003655,0.505314470552635,32.2592623143619,30.6128470189714,31.4360546666667,0.860074400219519,51.7611201141194,31.0609328,31.2352392787006,-0.113692979214974,-0.438132178542287
"3475909","2015-01-21",19.0209427800164,0.486958166349819,0.515846829948177,0.5340466335574,32.2883779633712,30.6661757032954,31.4772768333333,0.704421590838597,54.7460502648349,31.0954664,31.2927633748739,0.00135857473393397,-0.350234027887043
"3475908","2015-01-22",20.890244093094,0.541303759452435,0.478623392800661,0.511655324261795,32.3778158836791,30.6817374496542,31.5297766666667,0.880092484954737,56.7212639410424,31.1517328,31.3648389248907,0.133696436593955,-0.253447934990844
"3475907","2015-01-23",22.6722746985506,0.734783983930452,0.587681969910904,0.527384064219913,32.5511457245433,30.6341856087901,31.5926656666667,1.01853156733143,62.9255185545181,31.2286664,31.5064164015719,0.385851370164358,-0.125588073959803
"3475906","2015-01-26",24.4447297348163,0.745652450377771,0.673913397920221,0.580072920210594,32.7092120243535,30.5822303089798,31.6457211666667,0.972161479374502,63.2442731310189,31.3159996,31.6335608813623,0.586313980498487,0.016792336931855
"3475905","2015-01-27",24.6979703765762,0.482804480503846,0.654413638270691,0.638669668700604,32.7300012999271,30.5825523667395,31.6562768333333,0.667305414243327,54.5552331325172,31.3607996,31.6673087638474,0.591732314268789,0.131780332399242
"3475904","2015-01-28",24.1957232202507,0.27375744680851,0.500738125896711,0.609688387362539,32.7076966347567,30.5803013652432,31.643999,0.547736466649457,49.9963187132982,31.389066,31.6494449286677,0.500263807313073,0.205477027382008
"3475903","2015-01-29",23.9563706108137,0.303544680851063,0.353368869387808,0.502840211185068,32.6982473304828,30.5800840028505,31.6391656666667,0.597961126963053,50.8721940773674,31.4173324,31.643296271512,0.440534272579085,0.252488476421423
"3475902","2015-01-30",23.349291937761,0.225531914893617,0.267611347517732,0.373906114267415,32.6971417547413,30.579745578592,31.6384436666667,0.563181216710214,48.4772336423528,31.4341324,31.6135234353104,0.34250829926008,0.270492440989155
"3475901","2015-02-02",21.9625316035705,0.0453914893617026,0.191489361702129,0.270823192869221,32.6957503025216,30.5876930308117,31.6417216666667,0.336317698149261,43.3967477509553,31.4171992,31.5312763106024,0.154800821536005,0.247354117098525
"3475900","2015-02-03",21.6850506867482,0.286774571730418,0.185899325328581,0.215000011516146,32.7136751332139,30.6584352001194,31.6860551666667,0.629507101521679,51.6837927513411,31.4167992,31.5457728025221,0.16854006328384,0.231591306335588
"3475899","2015-02-04",21.9227618764152,0.566122683688978,0.299429581593701,0.225606089541469,32.7115801022217,30.863419564445,31.7874998333333,0.886721545769941,58.1164650137242,31.4385328,31.6418924288524,0.335511433230495,0.252375331714569
"3475898","2015-02-05",22.2599143527252,0.74888669968306,0.533927985034154,0.33975229731881,32.8027076864165,30.9700703135835,31.886389,1.00276776718555,61.7084247359903,31.4746664,31.7798627716721,0.564896872612208,0.314879639894097
"3475897","2015-02-06",22.0566478094826,0.637445226515938,0.650818203295994,0.494725256641281,32.8895439784803,30.9961230215197,31.9428335,0.849427402413857,58.4185473088636,31.5076,31.8661037354492,0.674598347183464,0.386823381351971
"3475896","2015-02-09",20.989915512042,0.464629364355891,0.616987096851631,0.600577761727258,32.9006211376743,31.0608238623257,31.9807225,0.605899801721231,52.7636509018375,31.5488,31.8786232373893,0.635848438530662,0.436628392787709
"3475895","2015-02-10",19.6968004875788,0.381029551494456,0.49436804745543,0.587391115867684,32.8807222336931,31.1568340996402,32.0187781666667,0.512956273800765,50.796855142144,31.5857336,31.8663628057374,0.554884804281874,0.460279675086542
"3475894","2015-02-11",18.4960508220059,0.414791663652192,0.420150193167515,0.510501779158191,32.8536409629754,31.2616933703579,32.0576671666667,0.511237493044979,51.581805162618,31.6530672,31.8650704316391,0.502653085895899,0.468754357248413
"3475893","2015-02-12",17.3810689896881,0.448553775809929,0.414791663652194,0.443103301425045,32.8259638907431,31.3538151092568,32.0898895,0.466113366193675,52.399600118875,31.7052008,31.8732837074205,0.473520408684469,0.469707567535625
"3475892","2015-02-13",16.8184679647493,0.508037794272979,0.457127744578369,0.430689867132691,32.8307616581203,31.3994620085463,32.1151118333333,0.56474174248623,53.8776946678327,31.738134,31.8968458797645,0.476129625400667,0.470991979108633
"3475891","2015-02-17",17.0809687012483,0.70257026136698,0.553053943816631,0.474991117349063,32.8955747136782,31.4014266196551,32.1485006666666,0.827461516001809,58.4244925701051,31.7858672,31.9710437624625,0.573367179117934,0.491467019110493
"3475890","2015-02-18",18.4168193295069,0.65628373702422,0.622297264221395,0.54415965087213,33.0871955022691,31.3293614977309,32.2082785,1.07807781093661,62.7398438004426,31.8580004,32.0940152608009,0.752035074574064,0.543580630203208
"3475889","2015-02-19",20.863800112358,0.635401868989212,0.664751955793472,0.613367721277165,33.5910871530688,31.0778031802645,32.3344451666666,1.29488756077076,69.694599336766,31.9742672,32.3210358926941,1.10559046219016,0.655982596600599
"3475888","2015-02-20",23.1359965535769,0.75869933237418,0.683461646129206,0.656836955381356,34.0026684742363,30.8936665257637,32.4481675,1.14352565008295,72.9633863252502,32.1010672,32.5902311070015,1.49987621132839,0.824761319546157
"3475887","2015-02-23",25.2839844529512,0.723649002346326,0.705916734569908,0.684710112164194,34.3332632681783,30.7527377318216,32.5430005,1.04191192893274,73.0975682033788,32.2158672,32.8266442927347,1.79318013329677,1.01844508229628
"3475886","2015-02-24",27.3780891174985,0.748386632970753,0.743578322563755,0.710985567754288,34.6476209936496,30.6351573396837,32.6413891666667,0.992561263380717,73.8756066915851,32.3272004,33.0488690537034,2.03050221615044,1.22085650906711
"3475885","2015-02-25",29.5829120234765,0.752995858056881,0.741677164457988,0.730390740530549,34.9621620382256,30.5949496284411,32.7785558333333,0.953454968718689,73.9795272938886,32.4506672,33.2436865132096,2.1942738267847,1.41553997261063
"3475884","2015-02-26",32.0920934593329,0.527539996183083,0.676307495736907,0.720520994252882,35.2141009146697,30.6414550853302,32.927778,0.894130386198531,66.2094235987698,32.5461336,33.351638978115,2.18640323889976,1.56971262586846
"3475883","2015-02-27",34.7698009593225,0.577603143418468,0.619379665886146,0.679121442027013,35.583446308978,30.6317770243553,33.1076116666666,0.971704563803075,71.0393468575135,32.6618672,33.5349764476997,2.31435515048863,1.71864113079249
"3475882","2015-03-02",37.3168968569052,0.805467136342743,0.636870091981433,0.644185751201494,36.1052837715178,30.5677172284822,33.3365005,1.04419201585758,77.6085824177739,32.8052004,33.8649795880064,2.68802712699339,1.91251833003267
"3475881","2015-03-03",39.682057333232,0.899484471317313,0.760851583692843,0.672367113853473,36.5627741785139,30.6462264881527,33.6045003333333,1.01586947204122,79.5544841160996,32.9672004,34.2176489762722,3.06001745305926,2.14201815463799
"3475880","2015-03-04",42.0402388608617,0.796308056994532,0.833753221551531,0.743824965741934,36.9665865921031,30.7079694078968,33.837278,0.942669456386958,75.7273766015173,33.1413336,34.4872957794359,3.24733485455497,2.36308149462139
"3475879","2015-03-05",44.2299788508035,0.872167425798128,0.855986651369992,0.816863818871454,37.3804381972291,30.7287844694376,34.0546113333333,0.920087812898589,77.5641733502691,33.3466672,34.7778790088444,3.4501215698348,2.58048950966407
"3475878","2015-03-06",45.414899716298,0.794820040899796,0.821098507897487,0.836946126939669,37.6842990314372,30.7988123018961,34.2415556666667,0.834778221285404,73.0088252168688,33.536134,34.9861618076652,3.49055925696027,2.76250345912331
"3475877","2015-03-09",46.786429787129,0.834801762114537,0.833929742937488,0.837004967401655,38.0045748294779,30.9114248371888,34.4579998333333,0.848974738918195,74.6911868960777,33.7466672,35.2124508999765,3.55708689642726,2.9214201465841
"3475876","2015-03-10",46.6524723284375,0.624199127771088,0.751273643595142,0.802100631476704,38.1396170556762,31.1921602776571,34.6658886666666,0.740007922315155,66.6550166347574,33.9494672,35.3263467799796,3.42696308359849,3.02252873398698
"3475875","2015-03-11",46.5280832596525,0.61637278106509,0.69179122365024,0.758998203394289,38.2094897856498,31.5538432143502,34.8816665,0.721616860841214,67.0879013875085,34.129334,35.4343898759823,3.30064317849967,3.07815162288952
"3475874","2015-03-12",46.8968157528179,0.80374852071006,0.681440143182081,0.708168336809153,38.3122765469708,31.9421674530291,35.127222,0.791901541911602,70.7835142073849,34.3094672,35.6124712258514,3.30462497315411,3.12344629294244
"3475873","2015-03-13",46.6304282920329,0.670027800157837,0.696716367310998,0.689982578047772,38.306495782211,32.4329478844556,35.3697218333333,0.758834727005066,67.1913442731925,34.4620004,35.7294750624045,3.20568848323535,3.13989473100102
"3475872","2015-03-16",46.4321813416424,0.741875917191484,0.738550746019796,0.70556908550429,38.2589614095524,32.9708155904476,35.6148885,0.782938774985087,69.0252403262591,34.6366668,35.8713223874173,3.15784339457352,3.14348446371552
"3475871","2015-03-17",46.2480948877084,0.796931774491382,0.736278497280236,0.723848536870342,38.1802547536443,33.4991892463557,35.839722,0.776587598411248,70.2266898735821,34.8381336,36.0213687357616,3.12781562130022,3.14035069523246
"3475870","2015-03-18",44.7998328027288,0.561807947019867,0.700205212900913,0.725011485400314,38.0406683622953,33.980330971038,36.0104996666667,0.655035638505173,62.826931360641,35.0236,36.0749635709934,2.94079384106531,3.10043932439903
"3475869","2015-03-19",43.603036407256,0.441459805259493,0.600066508923582,0.678850073034909,38.0517099527287,34.2277340472713,36.139722,0.703178058442055,65.2566306557201,35.2204,36.1685244281943,2.83824096761811,3.04799965304285
"3475868","2015-03-20",42.9424988530301,0.50198214285714,0.501749965045502,0.600673895623331,38.0658847198812,34.4823369467854,36.2741108333333,0.740698851515013,66.1555713857298,35.4197332,36.2673878377684,2.75408285996221,2.98921629442672
"3475867","2015-03-23",42.7462977468349,0.647668393782384,0.53037011396634,0.544062195978474,38.0997213714388,34.7545009618945,36.4271111666666,0.833677714274164,68.8066358046558,35.6304,36.4072921260659,2.74493316267108,2.94035966807559
"3475866","2015-03-24",42.8664800420522,0.605029001522191,0.58489317938724,0.53900441946636,38.1265768629884,35.0385348036782,36.5825558333333,0.870497166605601,69.5230948891248,35.8294668,36.5436531759238,2.729801994373,2.89824813333508
"3475865","2015-03-25",42.9780778876111,0.658283518170883,0.636993637825154,0.584085643726244,38.1015021957878,35.3577204708788,36.7296113333333,0.853668317657026,70.3009396440154,36.0157336,36.6778327524673,2.71158168375911,2.86091484341988
"3475864","2015-03-26",42.6709315694205,0.585799683135626,0.616370734276235,0.612752517162875,37.9495322595234,35.7984687404766,36.8740005,0.845772913451498,67.765799172671,36.1593336,36.7723443854717,2.6298117994211,2.81469423462013
"3475863","2015-03-27",42.3857242739577,0.717453724043969,0.653845641783495,0.63573667129496,37.9185298840684,36.0640261159316,36.991278,0.930092772185634,69.8896975367355,36.2930668,36.8938091340754,2.59910779880919,2.77157694745794
"3475862","2015-03-30",42.4981374608068,0.73293090419091,0.67872810379017,0.649648159949966,38.0368375171581,36.1049408161752,37.0708891666666,0.951025236609879,70.3390688593247,36.4284004,37.0075239161987,2.55801020209019,2.72886359838439
"3475861","2015-03-31",42.7003177781059,0.75,0.733461542744961,0.688678429439541,38.1846266001151,36.1004847332182,37.1425556666667,0.954595253350305,71.6116212660043,36.5656004,37.1296313940389,2.53361315308067,2.68981350932365
"3475860","2015-04-01",43.1274002432864,0.713642537803484,0.732191147331466,0.714793597955532,38.3349372050912,36.1116187949088,37.223278,0.949303765379876,72.2408553366566,36.7056004,37.2470138748337,2.50311472696538,2.65247375285199
"3475859","2015-04-02",43.9143904854363,0.758884823750226,0.740842453851238,0.735498381309221,38.5654717132992,36.0589732867008,37.3122225,1.02485869771138,75.0368077952904,36.880134,37.4029680248559,2.53634158327647,2.62924731893689
"3475858","2015-04-06",44.490779573882,0.739845507810271,0.737457623121329,0.736830408101343,38.7235143778051,36.1011522888615,37.4123333333333,0.933406967249837,74.0490676637682,37.0257336,37.5314602882084,2.52134637749712,2.60766713064894
"3475857","2015-04-07",43.2678701362975,0.496194801783246,0.664975044447916,0.714425040473493,38.7899312444589,36.1477360888745,37.4688336666667,0.72500344031874,62.6783711577418,37.0944004,37.5574882497806,2.3442578952507,2.55498528356929
"3475856","2015-04-08",42.1075855959655,0.413490342361206,0.549843550651576,0.650758739406939,38.7744904701665,36.3221771965001,37.5483338333333,0.652917996799276,62.5168326987205,37.1426672,37.5787124831432,2.17659492410587,2.4793072116766
"3475855","2015-04-09",41.3274818091279,0.48442523364486,0.464703459263106,0.559840684787532,38.7597324559246,36.5158238774087,37.6377781666666,0.726291973238879,64.7660532687903,37.210934,37.6277734853908,2.06908604450207,2.3972629782417
"3475854","2015-04-10",40.9640701493848,0.578845343933354,0.492253639979809,0.502266883298162,38.8504097189132,36.5748132810868,37.7126115,0.838690033312544,68.1109804645453,37.2770672,37.7200703540054,2.03994448886149,2.32579928036566
"3475853","2015-04-13",40.0817189719256,0.440880643047379,0.501383740208533,0.486113613150481,38.8875962963769,36.6821823702897,37.7848893333333,0.749688880087157,64.5742146984984,37.3482672,37.7733943068046,1.95108402710944,2.25085622971441
"3475852","2015-04-14",38.1936270395799,0.178353062831787,0.399359683270842,0.464332354486393,38.8819354839911,36.7643985160089,37.823167,0.5252634707881,57.5479130780548,37.3882672,37.761385732564,1.76688314887381,2.15406161354629
"3475851","2015-04-15",36.8222370274216,0.354710129679617,0.324647945186263,0.408463789555212,38.8922465228849,36.8555318104484,37.8738891666667,0.635021773866579,60.6457722117132,37.4646672,37.7900903015555,1.66439051496066,2.05612739382917
"3475850","2015-04-16",35.2325154429929,0.117072885188088,0.216712025899833,0.313573218118978,38.7869775524622,37.0938007808711,37.9403891666667,0.517486360843577,58.5540992996077,37.5329336,37.7971889280148,1.5369014464417,1.95228220435167
"3475849","2015-04-17",32.8059601138178,0,0.157261004955904,0.232873658680665,38.707424331535,37.2300203351317,37.9687223333333,0.171458178547191,50.9802683823961,37.5545336,37.7322304042795,1.30687726038854,1.82320121555905
"3475848","2015-04-20",31.3397735389119,0.0881206896551709,0.068397858281088,0.147456963045607,38.6415631711132,37.3592148288868,38.000389,0.320338208883234,52.8677898987996,37.5934668,37.6963770170422,1.14423388449392,1.68740774934602
"3475847","2015-04-21",30.4273787831336,0.457856321839081,0.181992337164752,0.135883733467247,38.6556234212541,37.4205989120792,38.0381111666667,0.710253992049776,59.8529001099723,37.6460004,37.7510827481032,1.13990508336481,1.57790721614978
"3475846","2015-04-22",29.4929268527888,0.434867816091955,0.326948275862071,0.192446157102636,38.6669498357497,37.4577171642502,38.0623335,0.623036564293992,59.2647931075682,37.6888004,37.7931610483561,1.11485120101558,1.48529601312294
"3475845","2015-04-23",28.0346692474325,0.301453849176399,0.398059329035813,0.302333314020878,38.659014486367,37.4913188469663,38.0751666666667,0.398515221488587,55.268333708688,37.7436004,37.793183575242,1.02470414465285,1.39317763942892
"3475844","2015-04-24",26.6805728996016,0.368886666666664,0.368402777311674,0.364470127403185,38.6404697073746,37.543640959292,38.0920553333333,0.375548484447899,56.0850487811511,37.7870668,37.8025364318764,0.957172222666047,1.30597655607635
"3475843","2015-04-27",25.0321264037793,0.0755533333333318,0.2486312830588,0.338364463135428,38.648627956161,37.524927043839,38.0867775,0.140965406741278,49.9157928431948,37.8076,37.7519755742929,0.800424385524368,1.20486612196595
"3475842","2015-04-28",26.7918587143786,0.154623666635597,0.199687888878533,0.272240649749668,38.9292891116531,37.3823765550135,38.1558328333333,1.25472731904306,56.8810495114095,37.8358664,37.7881561643872,0.79530479839176,1.12295385725111
"3475841","2015-04-29",28.425895859935,0.431358693178246,0.220511897715727,0.222943689884352,39.2192629964281,37.2409586702386,38.2301108333333,1.18010053636433,67.3013133831799,37.9106664,37.9897353424689,1.05073461545344,1.10851000889158
"3475840","2015-04-30",29.4319279687821,0.3634402915031,0.316474217105649,0.245558001233302,39.3830342507008,37.1872987492992,38.2851665,0.972812033145162,63.2606541810622,37.9681332,38.122659963473,1.17156927849755,1.12112186281277
"3475839","2015-05-01",30.6683389656003,0.415463450479371,0.403420811720241,0.313468975513871,39.5773818048231,37.0946178618435,38.3359998333333,1.02701217811431,64.9943038776812,38.0417332,38.2698613016766,1.3019953943705,1.15729656912432
"3475838","2015-05-04",32.097608783994,0.619220823136433,0.466041521706303,0.39531218351073,39.9717211334933,36.8887238665067,38.4302225,1.14972946558094,70.8051287695741,38.1410668,38.5227691281197,1.58295382004636,1.24242801930873
"3475837","2015-05-05",33.1558912519959,0.585260538483047,0.539981604032952,0.469814645819831,40.2528832406189,36.8228947593811,38.537889,0.989441196624907,68.7565355603917,38.2316,38.7210665777038,1.74999125148017,1.34394066574302
"3475836","2015-05-06",33.6735585911068,0.526734484634743,0.57707194875141,0.527698358163554,40.4335196670037,36.8443689996629,38.6389443333333,0.863734799956795,65.2526357870381,38.3042668,38.8569243673433,1.80377305448638,1.43590714349169
"3475835","2015-05-07",34.4914233387771,0.540742222222222,0.550912415113339,0.555988655965899,40.6403516833099,36.8414259833567,38.7408888333333,0.879991067830339,66.057570634178,38.3781336,38.9902237850308,1.84821210651358,1.51836813609607
"3475834","2015-05-08",35.3642824415608,0.562964444444445,0.543480383767139,0.557154915877295,40.845177405161,36.8190449281723,38.8321111666667,0.866522672010305,66.7681600522839,38.4397336,39.1190832803601,1.88138019182893,1.59097054724264
"3475833","2015-05-11",36.1747944655743,0.651853333333334,0.585186666666669,0.559859821849048,41.0681443588529,36.8143003078137,38.9412223333333,0.870619526186325,69.5171668661862,38.519334,39.2840948429787,1.96614453573911,1.66600534494193
"3475832","2015-05-12",36.4723109363167,0.600742222222222,0.605186666666668,0.577951239033491,41.2186262238108,36.9119301095225,39.0652781666667,0.800114472680161,66.1297337347683,38.615334,39.3964381972482,1.96233659780918,1.72527159551538
"3475831","2015-05-13",36.1964230782683,0.537037777777779,0.596544444444446,0.59563925925926,41.3202045558499,37.0070184441501,39.1636115,0.720705794281513,62.0699828448805,38.7002672,39.4555797709485,1.87846227201298,1.7559097308149
"3475830","2015-05-14",36.3110289516996,0.657779999999999,0.598520000000001,0.600083703703704,41.4673200438734,37.1241259561266,39.295723,0.803118773895201,66.2936393409528,38.797734,39.579281134822,1.90050529904626,1.78482884446117
"3475829","2015-05-15",36.4106917014705,0.604274358974359,0.599697378917381,0.598253941120608,41.5249630224714,37.3777053108619,39.4513341666667,0.775898576738303,66.2448059530441,38.880134,39.6860436501791,1.89461710608954,1.80678649678685
"3475828","2015-05-18",36.1668025433726,0.5854433083649,0.615832555779754,0.604683311565711,41.559188448554,37.6175908847794,39.5883896666667,0.734098057552512,63.8195534882959,38.964134,39.7572378301552,1.83572500873579,1.81257419917664
"3475827","2015-05-19",36.137535246647,0.713660921018782,0.634459529452682,0.616663154716604,41.6651217405496,37.7661015927837,39.7156116666667,0.788946527752334,67.0903505963041,39.081734,39.8727167861345,1.84894295604454,1.81984795055022
"3475826","2015-05-20",36.1103584711161,0.785713937847303,0.694939389076996,0.648410491436476,41.7467945889633,37.9599840777034,39.8533893333333,0.793988128009856,68.7259850944248,39.1962672,40.0016878813166,1.88064411637174,1.83200718371452
"3475825","2015-05-21",36.4756106021269,0.678120575263248,0.725831811376446,0.685076909968707,41.7805005883561,38.2493894116439,40.014945,0.832142378977337,69.8434200483276,39.322134,40.1334628304744,1.9129386825117,1.84819348347396
"3475824","2015-05-22",36.6071187388179,0.632914345233897,0.698916286114818,0.706562495522752,41.7227781560424,38.6213345106242,40.1720563333333,0.798481537149405,68.3816699820322,39.4660008,40.2365571197445,1.89904227760938,1.85836324230104
"3475823","2015-05-26",35.2472439047607,0.2730547433178,0.528029887938317,0.650925995143192,41.3670318047163,39.2604141952837,40.313723,0.59633468002197,57.9791419143192,39.5772008,40.2374601704452,1.73474936407552,1.83364046665594
"3475822","2015-05-27",34.8938234812304,0.418921315745466,0.441630134765723,0.556192102939618,41.3957933024632,39.4042086975368,40.400001,0.825815432794032,61.9566887850845,39.6796008,40.2946881477192,1.67004980301664,1.80092233392808
"3475821","2015-05-28",34.8205500203077,0.657143372716733,0.449706477260001,0.473122166654679,41.5385200898349,39.4589265768318,40.4987233333333,1.00552186926275,66.9676975569258,39.8088008,40.4282857280233,1.72437102552314,1.78561207224709
"3475820","2015-05-29",34.4247009489545,0.586465283510852,0.554176657324352,0.481837756450024,41.5608117525324,39.6428569141342,40.6018343333333,0.908623976770943,64.6858525760394,39.9426676,40.5231809642869,1.71558743219018,1.77160714423571
"3475819","2015-06-01",34.1696285763692,0.595487826334094,0.613032160853895,0.538971765146082,41.6087389845585,39.7735960154414,40.6911675,0.903207004823167,64.8505052136393,40.0745344,40.6080901690486,1.69256518933822,1.75579875325621
"3475818","2015-06-02",33.9327756589686,0.658645626096802,0.613532911980585,0.59358057671961,41.7136906535767,39.7730883464233,40.7433895,0.87843259484933,66.0439965183504,40.2296012,40.7003448131755,1.68222181884112,1.74108336637319
"3475817","2015-06-03",34.889201511293,0.388024416795708,0.54738595640887,0.591317009747782,41.8802621239211,39.7716278760789,40.825945,0.994078889087937,66.0439965183504,40.360668,40.7802988380854,1.65446306896444,1.72375930689144
"3475816","2015-06-04",35.7773112313084,0.558083303093777,0.534917781995431,0.565278883461628,42.0517154625829,39.8183965374171,40.935056,1.03355896460012,70.0336840912619,40.4596012,40.9127029930074,1.70571440703036,1.72015032691923
"3475815","2015-06-05",36.4954247815916,0.542515619779185,0.496207779889558,0.526170506097952,42.1602749157047,39.8829480842953,41.0216115,0.892541445670939,69.2317531158657,40.5693344,41.021675927273,1.71714991551277,1.71955024463794
"3475814","2015-06-08",36.4234321725373,0.428746376811595,0.509781766561521,0.513635776148836,42.2082619210237,39.9685167456429,41.0883893333333,0.747772532086817,63.7301842972345,40.6573344,41.07567513697,1.64711622737772,1.70506344118589
"3475813","2015-06-09",35.1047460136379,0.214978260869565,0.39541341915345,0.467134321868175,42.2080246242152,40.0303097091181,41.1191671666667,0.506506590877336,54.6356823184571,40.6841344,41.043807785374,1.45883337851722,1.65581742865216
"3475812","2015-06-10",34.4089198925034,0.365942028985507,0.336555555555557,0.413916913756842,42.2241771684452,40.1334901648881,41.1788336666666,0.678064116101529,59.0770355498104,40.7338676,41.0717440806574,1.37567140527335,1.5997882239764
"3475811","2015-06-11",33.987250248192,0.432369565217391,0.337763285024156,0.356577419911053,42.2099354540702,40.3098432125965,41.2598893333333,0.750925011038883,60.8914350318084,40.8017344,41.1204008699031,1.33031655108964,1.54589388939905
"3475810","2015-06-12",33.7108386869286,0.539855072463769,0.446055555555558,0.373458132045089,42.2764289342825,40.3787933990508,41.3276111666667,0.836762331228521,63.6962472844092,40.8768008,41.202124753916,1.3368752525202,1.50409016202328
"3475809","2015-06-15",32.6638067800387,0.298143503975759,0.423456047218975,0.402424962599562,42.2716006948957,40.4846213051042,41.378111,0.627277535842136,58.0995466865934,40.9330672,41.2236187867272,1.25490940783883,1.45425401118639
"3475808","2015-06-16",32.078794672563,0.387693500595388,0.408564025678307,0.426025209484279,42.2758816011586,40.6203407321747,41.4481111666667,0.779668219215177,61.2080983959503,40.9858672,41.2840256151636,1.23687920123174,1.41077904919546
"3475807","2015-06-17",31.5355691441926,0.389230428401319,0.358355810990824,0.396791961296034,42.2950052888391,40.7022173778275,41.4986113333333,0.722008214373888,61.241008171797,41.0480004,41.3368221998085,1.20907686716079,1.37043861278852
"3475806","2015-06-18",31.9732706780557,0.483079947938301,0.420001292311671,0.395640376326933,42.3840555110801,40.7416121555866,41.5628338333333,0.919060317076516,63.2890675309157,41.129734,41.409691239834,1.21249398483154,1.33884968719713
"3475805","2015-06-19",32.3485788352334,0.476923005916941,0.449744460752189,0.409367188018227,42.455990715299,40.7685659513676,41.6122783333333,0.834467257679933,63.0536720370437,41.1892004,41.4710657411895,1.19849688709819,1.31077912717734
"3475804","2015-06-22",32.0863472166584,0.356922636685037,0.438975196846761,0.436240316636873,42.464761403321,40.8346839300123,41.6497226666666,0.620818797403699,58.4876712745778,41.2384004,41.4895903090309,1.12371568900451,1.27336643954277
"3475803","2015-06-23",30.9958304524007,0.176744186046513,0.336863276216165,0.408527644605037,42.3332978677793,41.063703465554,41.6985006666666,0.337525013522619,52.3156726919293,41.2782672,41.4532009344934,0.976673640664916,1.2140278797672
"3475802","2015-06-24",29.9832077427328,0.187595348837211,0.240420723856256,0.338753065639726,42.2916032429667,41.1475090903666,41.7195561666666,0.281874449668764,52.6349454613743,41.302934,41.4247741432276,0.854854159524399,1.14219313571864
"3475801","2015-06-25",28.5924778156091,0.0899209302325596,0.151420155038763,0.24290138503706,42.3035794521846,41.1107548811487,41.7071671666667,0.160516857913462,49.4269116728612,41.310534,41.3721375907973,0.709210689888917,1.0555966465527
"3475800","2015-06-26",28.0462051196323,0.410851162790698,0.229455813953492,0.207098897616169,42.3181597638454,41.1497299028213,41.7339448333333,0.660185196313472,58.3988209839685,41.339734,41.4185192453577,0.720055434182276,0.988488404078613
"3475799","2015-06-29",26.1192756199859,0,0.166924031007755,0.182600000000002,42.321223420347,41.1416662463196,41.7314448333333,0.202994614379597,48.3937729629812,41.3424004,41.35916067931,0.576377272298401,0.906066177722571
"3475798","2015-06-30",24.3688445865205,0.0993374194125199,0.170062860734408,0.188814235231884,42.3199301900621,41.1474038099379,41.733667,0.319665464603365,50.8240396018545,41.3796004,41.334383255402,0.495818641244483,0.824016670426953
"3475797","2015-07-01",23.0883732841305,0.344373031877381,0.147903483763302,0.161630125168487,42.3252412009255,41.1472041324078,41.7362226666667,0.655060768642192,56.2918702766984,41.4196004,41.3786881546817,0.522259723292162,0.763665280999995
"3475796","2015-07-02",21.5006202966415,0.203646676666633,0.215785709318847,0.177917351272185,42.2750949042524,41.1523510957476,41.713723,0.466997813998789,52.6698162385362,41.4230672,41.3793084007242,0.482320525652669,0.70739632993053
"3475795","2015-07-06",20.789607037113,0,0.18267323618134,0.182120809754495,42.2593273638586,41.112785302808,41.6860563333333,0.217556807551182,47.3088446528866,41.4142672,41.3180672806276,0.356123477338954,0.637141759412215
"3475794","2015-07-07",19.9792359855894,0.304838218002873,0.169494964889837,0.189317970130007,42.2695760329888,41.1189806336778,41.6942783333333,0.598643131548515,54.1433825662321,41.4298672,41.3489916432106,0.374825180130234,0.584678443555818
"3475793","2015-07-08",20.1302659449537,0.00806611602239244,0.10430144467509,0.152156548582088,42.2402241007393,41.1764435659273,41.7083338333333,0.223733272936226,47.6618110384049,41.415334,41.2940154241158,0.266761246032088,0.521095004051072
"3475792","2015-07-09",20.2705080500778,0.217470588235293,0.176791640753522,0.150196016772815,42.2401870203707,41.1769253129626,41.7085561666667,0.35610363005271,51.6272459869634,41.4164008,41.2983693675671,0.254402263190867,0.467756455879031
"3475791","2015-07-10",19.1172495942712,0.572517991377879,0.266018231878523,0.182370439102377,42.2984862613867,41.1618480719466,41.7301671666667,0.885982837290945,56.9688476613035,41.4222676,41.3812534518915,0.356319081408674,0.44546898098496
"3475790","2015-07-13",18.703636560906,0.667528243818572,0.485838941143917,0.309549604591986,42.5451822037354,41.0110414629312,41.7781118333333,1.24793974425833,62.3954931968203,41.4586676,41.5490863249726,0.570200013703848,0.470415187528737
"3475789","2015-07-14",18.5402798067781,0.655339010510908,0.631795081902455,0.461217418308297,42.786749168405,40.9124748315949,41.849612,1.13274870886035,62.9545114374825,41.5104008,41.7052081483096,0.74557160222446,0.525446470467882
"3475788","2015-07-15",18.6711838452884,0.710112685266646,0.677659979865377,0.598431334303915,43.0538771539198,40.7855691794136,41.9197231666667,1.11438460546937,65.0965181354851,41.5980008,41.8814030618683,0.931964184895939,0.606750013353493
"3475787","2015-07-16",19.2005195819917,0.764645454545456,0.710032383441005,0.673162481736278,43.3857688262482,40.6386771737517,42.012223,1.11519498210559,67.8190880702824,41.6856008,42.0896599869525,1.14515309849847,0.71443063038249
"3475786","2015-07-17",18.3945688851941,0.544445454545455,0.673067864785854,0.686920076030745,43.4992182689425,40.6068940643908,42.0530561666667,0.850833364992911,59.1530331286903,41.7368008,42.1732613220255,1.16048567846274,0.80364163999854
"3475785","2015-07-20",17.6461860953106,0.574748484848485,0.627946464646467,0.670348904291108,43.5978486717109,40.5905969949557,42.0942228333333,0.801197659533435,59.9121963908557,41.7801344,42.2590491457555,1.17781124697534,0.878475561393899
"3475784","2015-07-21",17.0358638425558,0.560606060606062,0.559933333333336,0.620315887588551,43.6989540813496,40.603602585317,42.1512783333333,0.770243406736039,59.3577301112609,41.8364012,42.3271759263214,1.16884734802976,0.936549918721071
"3475783","2015-07-22",16.1290607738065,0.504039393939393,0.546464646464649,0.578114814814816,43.7575124179393,40.6754882487273,42.2165003333333,0.688240898885724,57.0822029015527,41.8726676,42.3613298028119,1.11317792752708,0.971875520482272
"3475782","2015-07-23",15.8195312081557,0.283839393939394,0.449494949494951,0.518630976430978,43.7641513990067,40.7578492676599,42.2610003333333,0.532930711000201,49.1786437785657,41.8797344,42.2940418291036,0.920024375329764,0.96150529145177
"3475781","2015-07-24",16.1211553147349,0.143147353449089,0.310342047109294,0.435433881022964,43.742045642727,40.822177357273,42.2821115,0.309010277582901,45.0213874871948,41.8606676,42.1757255852231,0.673149415664365,0.903834116294289
"3475780","2015-07-27",17.0639391903188,0,0.142328915796163,0.300721970800135,43.7829404145663,40.699393918767,42.2411671666667,0.130638346175447,40.2449146500065,41.8186676,41.9949621738601,0.360416803116292,0.79515065365869
"3475779","2015-07-28",17.7593331492532,0.0176470588235301,0.0535981374242085,0.168756366776554,43.7981797463869,40.6633769202798,42.2307783333333,0.162675753896403,40.935090931012,41.7894676,41.8463005506787,0.121907956599587,0.660502114246869
"3475778","2015-07-29",18.0401200628107,0.121567647058824,0.0464049019607868,0.0807773183937185,43.8003962589795,40.6560494076872,42.2282228333333,0.259214593955446,44.9662350924448,41.790134,41.7645711439216,0.000650697968174185,0.52853183099113
"3475777","2015-07-30",18.7262255152216,0,0.0464049019607868,0.0488026471152597,43.8190661464784,40.5710458535216,42.195056,0.21074606008346,32.7657703563854,41.7182672,41.455072324732,-0.438407881442626,0.335143888504379
"3475776","2015-07-31",19.5748202176208,0.744320623971317,0.288629423676716,0.127146409199429,44.1421199162565,40.4994360837435,42.320778,1.01344889811909,60.3430120015072,41.8252004,41.7548400147678,0.0401067225955343,0.27613645532261
"3475775","2015-08-03",21.2916258565055,0.741577995774807,0.495299539915377,0.276777955184292,44.7356725719103,40.3118834280897,42.523778,1.15519518202672,64.3921048994059,41.9484004,42.1608613461321,0.619553542415785,0.344819872741245
"3475774","2015-08-04",23.2504929581755,0.878609980234424,0.788169533326851,0.524032832306314,45.6241069249232,39.9188937417435,42.7715003333333,1.199487095726,69.4204161651691,42.1670672,42.7314131666478,1.36767608870776,0.549391115934548
"3475773","2015-08-05",25.2382642423136,0.85594237695078,0.825376784320006,0.70294861918741,46.3647285158784,39.7341604841216,43.0494445,1.09178723168312,69.7938723190458,42.3830672,43.2436687444281,1.95251741680236,0.83001637610811
"3475772","2015-08-06",26.7445038707967,0.827130852340936,0.853894403175382,0.822480240274079,46.8809951959451,39.7223381373882,43.3016666666667,0.960747498637439,68.1797679456204,42.5697336,43.6556235785043,2.33635736055551,1.13128457299759
"3475771","2015-08-07",27.9737925443444,0.813126050420168,0.83206642657063,0.837112538022005,47.2874782880378,39.7356330452955,43.5115556666667,0.878068437787073,67.3642394428861,42.7630668,43.9970964347038,2.58371109867477,1.42176987813303
"3475770","2015-08-10",29.4127592829271,0.775510204081632,0.805255702280914,0.830405510675641,47.6404948691719,39.7237271308281,43.682111,0.835307592829378,65.111455311661,42.9624,44.2512609100766,2.68776712413146,1.67496932733271
"3475769","2015-08-11",30.2910925387981,0.739096038415366,0.775910764305724,0.804410964385755,47.8590713859551,39.7735949473782,43.8163331666667,0.73544275316303,62.9178999718345,43.1244,44.431092788733,2.68202526047205,1.87638051396058
"3475768","2015-08-12",29.825353039072,0.625851140456182,0.713485794317729,0.764884086968121,47.9644240978469,39.8332422354864,43.8988331666666,0.630916208494564,56.5386503759787,43.2732,44.4611697502353,2.47721093467184,1.99654659810283
"3475767","2015-08-13",29.488226769944,0.671469387755102,0.678805522208885,0.722734026944111,48.0834892878511,39.8697330454822,43.9766111666667,0.655978433682354,58.3697381080333,43.4216,44.5379031168706,2.35638645337406,2.06851456915708
"3475766","2015-08-14",28.615865627374,0.619048019207683,0.638789515806324,0.677026944110978,48.1697601523361,39.9645731809972,44.0671666666667,0.598928072714092,55.4772263869121,43.5288,44.5461827012878,2.15659937722454,2.08613153077057
"3475765","2015-08-17",28.2500716058691,0.667067226890756,0.652528211284516,0.656707749766574,48.2898148698806,40.0766294634527,44.1832221666667,0.63854403340789,57.5522970694748,43.6232,44.6066916744495,2.04695402623514,2.07829602986348
"3475764","2015-08-18",28.3364488149053,0.783114045618247,0.689743097238897,0.660353608109911,48.4947257110049,40.1878299556617,44.3412778333333,0.717603810124136,62.1441372518382,43.7530668,44.7880221178562,2.10958172956115,2.08455316980302
"3475763","2015-08-19",27.4856802671001,0.375921375921376,0.608700882810128,0.650324063777846,48.6032718732499,40.3569504600834,44.4801111666667,0.632570485500098,57.097933542039,43.8413332,44.847396502142,2.00325174748786,2.06829288533998
"3475762","2015-08-20",25.719069260504,0,0.38634514051321,0.561596373520744,48.6046460780452,40.5904649219547,44.5975555,0.513891770662318,51.5640104203201,43.8769332,44.7788543018564,1.7370241064063,2.00203912955325
"3475761","2015-08-21",24.308265903484,0,0.125307125307127,0.373451049543488,48.5122234675344,40.9272205324656,44.719722,0.427232021126658,47.8978233753909,43.9151996,44.6314510616089,1.39095284516406,1.87982187267541
"3475760","2015-08-24",24.3424129780075,0,1.96139401017111e-15,0.170550755273445,48.3370398145971,41.2712925187362,44.8041661666667,0.215096023717229,39.5981277739642,43.8771992,44.2628122533944,0.778914864620717,1.65964047106447
"3475759","2015-08-25",24.367034443157,0.271706888377958,0.0905689627926548,0.0719586960332604,48.0951058070853,41.771893526248,44.9334996666667,0.314414528373553,47.4661009273532,43.899066,44.1366599529418,0.550384180072272,1.43778921286603
"3475758","2015-08-26",24.42648066261,0.261711891497882,0.177806259958615,0.0894584075837564,47.8456742623483,42.2476584043184,45.0466663333333,0.265591410728548,47.2224167247941,43.926266,44.0202159592162,0.355111479487946,1.22125366619042
"3475757","2015-08-27",23.8220516867071,0.414117792556032,0.315845524143959,0.194740248965075,47.4261990969709,42.9885785696958,45.2073888333333,0.333833132989228,51.3258379853876,44.015066,44.0277431646541,0.34551943858061,1.04610682066845
"3475756","2015-08-28",23.2907914802861,0.467719894031639,0.381183192695186,0.291611658932586,47.4227492577048,43.0011397422952,45.2119445,0.289732412275092,51.1328102441824,44.1203992,44.0293774093669,0.3274050831787,0.902366473170504
"3475755","2015-08-31",23.1208071496853,0.383788820811462,0.421875502466379,0.372968073101841,47.4091786999413,42.8755989667253,45.1423888333333,0.254878286315035,49.0212361798116,44.2335992,43.9787937547846,0.238724284534864,0.769638035443376
"3475754","2015-09-01",22.979803957133,0.379484663210428,0.410331126017845,0.404463273726469,47.1989157236631,42.8005286096703,44.9997221666667,0.251992687684004,48.909690784699,44.3435992,43.9322879208133,0.162853533995189,0.648281135153738
"3475753","2015-09-02",22.0086531064227,0.416070002819222,0.393114495613706,0.408440374699309,46.8873820102569,42.8392849897431,44.8633335,0.347390803579376,49.9521437666855,44.446266,43.9146495313716,0.132434169727369,0.545111742068464
"3475752","2015-09-03",21.1068701736203,0.441178306184859,0.412244324071505,0.405229981901017,46.6214715923926,42.8574177409408,44.7394446666667,0.336022183079217,50.6956728168894,44.6251996,43.9149189271887,0.128302003815861,0.461749794417944
"3475751","2015-09-04",19.9908999013857,0.409613766417671,0.422287358473919,0.409215392719709,46.3705118764094,42.8814881235906,44.626,0.348604259885997,49.6961290817586,44.6278664,43.8955964035635,0.0969365284563262,0.38878714122562
"3475750","2015-09-08",19.6594276656114,0.612462300560562,0.487751457721033,0.440761046755485,46.140234039946,42.9870992933873,44.5636666666667,0.666922774415031,54.8196514661881,44.6179996,43.9832942164217,0.213556811237381,0.353741075227972
"3475749","2015-09-09",19.5628880547262,0.780310227545755,0.600795431507998,0.503611415900982,46.1439685471397,42.9852537861937,44.5646111666667,0.871758427779545,59.6420029761716,44.5766664,44.1730776542322,0.456534536963016,0.374299767574981
"3475748","2015-09-10",19.4732441303329,0.822191166648666,0.738321231584997,0.608956040271342,46.2654404831005,42.9461151835661,44.6057778333333,0.855762710823283,60.6491199534596,44.5376,44.3628899670012,0.674759892474164,0.434391792554818
"3475747","2015-09-11",19.6413969859737,0.780292861100102,0.794264751764843,0.711127138285945,46.3444098113021,42.9178121886979,44.631111,0.830745671991679,59.2522886448697,44.5014668,44.5051713047344,0.807084102487599,0.508930254541374
"3475746","2015-09-14",19.9549002214696,0.824175000824175,0.80888634285765,0.780490775402495,46.5424144081815,42.8528072584851,44.6976108333333,0.909603454247881,62.5069912446125,44.4933332,44.7062591307698,1.00494267100091,0.608132737833281
"3475745","2015-09-15",19.990130262009,0.775224999775225,0.793230953899836,0.798794016174108,46.6596111560444,42.8114995106222,44.7355553333333,0.84937777033212,61.0369244598622,44.4912,44.8587579133338,1.11821864553807,0.710149919374239
"3475744","2015-09-16",20.0228438710812,0.771043771043771,0.790147923881059,0.797421740212847,46.6362037588776,42.8226845744557,44.7294441666667,0.840164146885415,61.455322506108,44.504,45.0002568582227,1.20581912633673,0.809283760766736
"3475743","2015-09-17",20.4707240514227,0.746381817150372,0.764216862656458,0.782531913479116,46.7257981421353,42.7877568578647,44.7567775,0.846166804322659,60.9185066678842,44.5523996,45.1157772771263,1.25058785595278,0.897544579803945
"3475742","2015-09-18",19.6357886512941,0.483870429510089,0.667098672568079,0.740487819701864,46.7793227314314,42.8027879352353,44.7910553333333,0.651737135703477,53.496671272023,44.5541328,45.1110069735095,1.13215574730374,0.944466813303904
"3475741","2015-09-21",19.1368439460399,0.571744636546567,0.600665627735678,0.677327054320071,46.8651558997231,42.8649547669435,44.8650553333333,0.695670494395726,55.4531581712395,44.583866,45.1419833770415,1.07298922709085,0.970171296061293
"3475740","2015-09-22",18.4390647143025,0.497082267115207,0.517565777723956,0.595110026009237,46.7593338814627,43.2261104518706,44.9927221666667,0.599546822802337,54.0278074925686,44.591466,45.148385593436,0.987288744579007,0.973594785764836
"3475739","2015-09-23",17.386827391577,0.403732317698579,0.490853073786786,0.536361493082139,46.7357927448567,43.3877622551433,45.0617775,0.523695274055521,51.5462506284639,44.5497324,45.1183781809779,0.861793720367587,0.951234572685386
"3475738","2015-09-24",16.1915302029847,0.330220151435062,0.410344912082951,0.47292125453123,46.685336089305,43.5645522440283,45.1249441666667,0.459251423262631,49.6136681305999,44.5289324,45.0643717568475,0.716520813560484,0.904291820860406
"3475737","2015-09-25",15.4524097278717,0.0321558451580518,0.255369438097233,0.385522474655655,46.6855889923934,43.6215213409399,45.1535551666667,0.463665347506111,48.7390773023103,44.5403992,45.0051221892678,0.577984039759816,0.839030264640288
"3475736","2015-09-28",14.9822510391086,0,0.120791998864373,0.262168783014851,46.697432096893,43.5934562364403,45.1454441666667,0.16963633757649,42.3376680502641,44.5485328,44.8546618973655,0.330742247345106,0.737372661181252
"3475735","2015-09-29",15.155602328519,0,0.0107186150526857,0.128960017338096,46.7452263583028,43.5042173083639,45.1247218333333,0.0346947580944266,38.5701309928079,44.6083996,44.6558176443834,0.0410801813840456,0.59811416522181
"3475734","2015-09-30",14.4538414371874,0.144024220583819,0.0480080735279413,0.0598395624816654,46.7261070220414,43.5448919779586,45.1354995,0.182179245144934,43.5253366622879,44.629066,44.5461526251323,-0.102979215137189,0.457895489150011
"3475733","2015-10-01",13.5180685914541,0.22982588391035,0.124616701498058,0.0611144633595604,46.7188028664233,43.5656401335767,45.1422215,0.258266572989334,46.304200490434,44.663066,44.4884429417813,-0.164690180239002,0.333378355272208
"3475732","2015-10-02",13.2242196832231,0.0663951656891408,0.146748423394438,0.106457732806811,46.7111904746675,43.5835858586658,45.1473881666667,0.205259579397071,42.0590264802022,44.6431992,44.3673172162105,-0.30715855589829,0.205270973038108
"3475731","2015-10-05",14.0701198335076,0.70377895040051,0.333333333333335,0.201566152741942,46.7673963300399,43.7156023366267,45.2414993333333,0.741989029489079,58.1671396562902,44.7079992,44.5396749207157,-0.0416610226978475,0.155884573890917
"3475730","2015-10-06",14.4115121672192,0.608784251717567,0.459652789269074,0.313244848665615,46.8015944497189,43.7351822169477,45.2683883333333,0.617201571756236,55.6825151165229,44.7759992,44.6477182646203,0.110659622226716,0.146839583558077
"3475729","2015-10-07",14.8365778510966,0.675536667823268,0.662699956647117,0.485228693083174,46.809420877669,43.734133122331,45.271777,0.673930498830524,57.0423874000881,44.8533324,44.7697998293376,0.266426080130255,0.170756882872513
"3475728","2015-10-08",15.4444691020825,0.688844740179387,0.657721886573409,0.593358210829866,46.824321392681,43.7312326073191,45.277777,0.703322000640992,57.328857267731,44.9255992,44.8813825187592,0.392696490550781,0.215144804408166
"3475727","2015-10-09",16.4763205166641,0.860677487921643,0.741686298641434,0.687369380620652,46.9718193098632,43.6735123568035,45.3226658333333,0.906133869809781,62.7951321743275,45.0286656,45.0963088495914,0.643709043286633,0.30085765218386
"3475726","2015-10-12",17.3318820838214,0.844178877929534,0.797900368676856,0.732436184630565,47.0295442936642,43.6487873730025,45.3391658333333,0.854867522713965,62.2143323744576,45.1351988,45.2745783363125,0.821135980461452,0.404913317839378
"3475725","2015-10-13",17.5891816850602,0.758020386782413,0.820958917544532,0.786848528287606,47.0700301740644,43.6349681592689,45.3524991666667,0.789417627896644,59.1382069206466,45.1978656,45.3873012248042,0.894847191636128,0.502900092598728
"3475724","2015-10-14",17.2648399679874,0.662694168016345,0.754964477576099,0.791274587932495,47.073057276328,43.6342740570053,45.3536656666667,0.702493427351652,55.8480216285775,45.212532,45.4387717281636,0.88121633974565,0.578563342028112
"3475723","2015-10-15",16.574458176057,0.593949959715895,0.671554838171553,0.749159411097393,47.037821824055,43.641065175945,45.3394435,0.646053981703215,53.5349042783542,45.2095984,45.4500461644085,0.816565111789957,0.626163695980481
"3475722","2015-10-16",16.1241272277043,0.788267838434611,0.681637322055619,0.702718879267756,47.1426394627403,43.6322475372597,45.3874435,0.775467769371914,58.7373580927054,45.2415984,45.554040009154,0.880362105250865,0.677003377834558
"3475721","2015-10-19",16.222091905973,0.764590695923449,0.715602831357987,0.689598330528385,47.2435256765274,43.6134726568059,45.4284991666667,0.786604858849462,58.4382227827004,45.2490652,45.6401680079335,0.914699858465284,0.724542673960703
"3475720","2015-10-20",16.3130591072224,0.807393183469667,0.786750572609244,0.727996908674282,47.3565855316633,43.61407980167,45.4853326666667,0.766073251053763,59.5235493027723,45.268932,45.7343682735424,0.956465977426202,0.770927334653803
"3475719","2015-10-21",15.7407420957952,0.700388423746669,0.75745743437993,0.753270279449052,47.4311933414433,43.64847199189,45.5398326666667,0.682746036372721,55.6136424141059,45.271332,45.7671191704034,0.914156562381119,0.799573180199266
"3475718","2015-10-22",15.9992506776811,0.505050505050506,0.670944037422282,0.738384014803818,47.5599517076248,43.6876026257085,45.6237771666667,0.771899427899449,58.570931579575,45.2906656,45.8448366143496,0.934891747095734,0.82663689357856
"3475717","2015-10-23",17.1207125017652,0.593120996441281,0.599519975079487,0.675973815627232,47.8043350705062,43.6787749294937,45.741555,0.901454576685321,63.3137981556297,45.3681324,46.0010810657697,1.0558465040021,0.872478815663268
"3475716","2015-10-26",18.2508278182856,0.843714285714286,0.647295262402026,0.639253091634597,48.0725129789434,43.7954856877233,45.9339993333333,0.975772195993207,68.0932405128797,45.467466,46.244492923667,1.27746877725146,0.953476807980906
"3475715","2015-10-27",17.1671749619741,0.338219780219779,0.591685020791784,0.612833419424431,47.9909441952036,44.2062771381298,46.0986106666667,0.71409527472671,54.9568741835195,45.5177328,46.2714498671781,1.19768557614666,1.00231856161406
"3475714","2015-10-28",16.1609258811135,0.349208791208791,0.510380952380954,0.583120411858253,47.9124466791488,44.5508859875179,46.2316663333333,0.664771778392198,55.1593949508599,45.5798664,46.2988125515543,1.12665056142396,1.02718496157604
"3475713","2015-10-29",18.0230669942869,0.494212065813528,0.393880212414034,0.498648728528923,48.3711375142848,44.5690844857152,46.470111,1.2045611883556,65.0352188041758,45.7204,46.5558602113471,1.35833241633969,1.09341445252877
"3475712","2015-10-30",19.2490503456254,0.415601462522852,0.419674106515058,0.441311757103348,48.4133518193426,44.9238701806574,46.668611,0.937585241813156,61.4537174421472,45.8474668,46.7213015165008,1.44913033774203,1.16455762957142
"3475711","2015-11-02",20.752441262843,0.596588665447898,0.502134064594761,0.43856279450795,48.8291728416078,44.8186048250589,46.8238888333333,1.06392706070586,66.0846104486951,46.0438668,46.9966839809674,1.67078300643941,1.26580270494502
"3475710","2015-11-03",22.1484471145451,0.598416819012797,0.536868982327851,0.486225717812556,49.1373167531433,44.8507945801901,46.9940556666667,0.975223872518367,66.1288755385257,46.2612004,47.2366821168384,1.82477904249718,1.37759797245545
"3475709","2015-11-04",23.3266343822401,0.543884005242026,0.579629829900909,0.539544292274506,49.3760456435828,44.9233996897505,47.1497226666667,0.897579480834988,65.3027929114247,46.456134,47.4326805012599,1.90771590468033,1.48362155890043
"3475708","2015-11-05",24.5074953428019,0.5744684670668,0.572256430440543,0.5629184142231,49.6067811718764,45.0089971614569,47.3078891666667,0.883252199176832,66.0802112820033,46.6460008,47.6229897677586,1.97529412983801,1.58195607308794
"3475707","2015-11-06",26.1460373654023,0.569814873547123,0.562722448618652,0.571536236320033,49.8900264347031,44.9973078986302,47.4436671666667,0.895304332156766,65.8384913641244,46.8562676,47.7848137987241,2.00061445530704,1.66568774953176
"3475706","2015-11-09",27.7731595255115,0.699469215072616,0.614584185228848,0.583187688096013,50.2368350111813,44.9846109888187,47.610723,0.932060841973103,69.2170716794732,47.0093344,48.0117279588943,2.10454762614423,1.75345972485426
"3475705","2015-11-10",29.2220371951982,0.666907154994368,0.645397081204704,0.607567905017401,50.5113047680287,45.0578082319713,47.7845565,0.873848255552498,68.7663540735204,47.1732012,48.203053564375,2.15370994240101,1.83350976836361
"3475704","2015-11-11",30.1783241057925,0.60630440807098,0.657560259379323,0.639180508604291,50.6741154531505,45.2487755468495,47.9614455,0.799765764865319,65.9527535950991,47.3188012,48.3364237557917,2.1263802845805,1.89208387160698
"3475703","2015-11-12",30.6069886404679,0.54252132334505,0.605244295470134,0.636067212018053,50.7022560711668,45.5526349288332,48.1274455,0.699647275967847,62.66225559372,47.4510676,48.4133445883528,2.03239206672814,1.92014551063122
"3475702","2015-11-13",30.427938525549,0.459678093369639,0.536167941595225,0.599657498814893,50.7192089065202,45.7937934268131,48.2565011666667,0.637867658636665,58.5746006966464,47.5328012,48.4297879765724,1.87342064211002,1.91080053692698
"3475701","2015-11-16",30.0444800772005,0.424353393879548,0.475517603531414,0.538976613532257,50.687395147833,46.0382735188337,48.3628343333333,0.550056552306224,57.0494175569447,47.6112012,48.4249269130294,1.70393589888234,1.86942760931805
"3475700","2015-11-17",29.3315468675738,0.113659256849336,0.332563581366176,0.448083042164271,50.622292490872,46.3055981757947,48.4639453333333,0.509124574761391,54.559028760929,47.6928012,48.3896033246255,1.51335277524167,1.79821264250277
"3475699","2015-11-18",28.4387276637815,0.0743310104529613,0.204114553727284,0.337398579541624,50.471124170133,46.663988829867,48.5675565,0.430597905498098,52.9585232758579,47.782268,48.3389895480088,1.32211642622613,1.70299339924744
"3475698","2015-11-19",27.354369558048,0,0.0626634224341011,0.199780519175853,50.3506436362358,46.9301363637642,48.64039,0.351760779047564,51.197368354826,47.8752016,48.2733469416076,1.1302900805678,1.58845273551152
"3475697","2015-11-20",27.1108995680474,0.213946808510638,0.0960926063212019,0.120956860827528,50.3215361497152,47.0962435169515,48.7088898333333,0.518257826510109,56.8992727870701,47.9640016,48.2969006827266,1.06685177511245,1.4841325434317
"3475696","2015-11-23",26.8735869068152,0.211581560283688,0.141842789598111,0.100199606117804,50.3221791035354,47.1689335631313,48.7455563333333,0.486256594109768,56.8202349014521,48.0537348,48.3164245916964,1.0038440438882,1.388074843523
"3475695","2015-11-24",26.3052015496442,0.140659574468084,0.188729314420806,0.142221570113372,50.1659911092703,47.4861212240631,48.8260561666667,0.38537895003949,54.380940831868,48.1296012,48.3066786461369,0.909990386414727,1.29245795210135
"3475694","2015-11-25",26.2404496975563,0.26359219858156,0.20527777777778,0.178616627265564,49.8899057544306,47.9723175789027,48.9311116666667,0.476822447818985,57.7654807332182,48.2340012,48.3444548266519,0.8833261683306,1.2106315953472
"3475693","2015-11-27",26.1803229777604,0.352244680851064,0.252165484633572,0.215390858944051,49.8754023160015,47.9679320173318,48.9216671666667,0.520096162629672,60.0663941316945,48.3336012,48.4105275164317,0.893490035101752,1.14720328329811
"3475692","2015-11-30",26.5833568933455,0.300366300366301,0.305401059932977,0.254281440781442,49.8547662807351,48.0673457192649,48.961056,0.512463397710396,57.7185641289941,48.3996012,48.4446798475741,0.862562075698436,1.09027504177817
"3475691","2015-12-01",26.588438175985,0.253649402390438,0.302086794535936,0.286551113034161,49.8407333533665,48.0493783133001,48.9450558333333,0.399795129393593,55.2581967054611,48.4258676,48.4498332012309,0.798261130590427,1.03187225954062
"3475690","2015-12-02",26.3498690944891,0.273849024201496,0.27595490898608,0.294480921151664,49.8297749713801,48.0217806952865,48.9257778333333,0.345008082323438,53.6463154282172,48.502534,48.4382994410668,0.719023165146604,0.969302440661821
"3475689","2015-12-03",25.3006437547381,0.0459330244983171,0.191143817030086,0.256395173517367,49.8349862071685,47.9603467928314,48.8976665,0.212003370245885,48.2185352670097,48.5608004,48.3709701822579,0.577880862606039,0.891018125050664
"3475688","2015-12-04",24.2335717762713,0.020717631173054,0.113499893290958,0.193532873102374,49.8421987528185,47.8583569138481,48.8502778333333,0.133009470631728,47.6153802125221,48.5470672,48.3059528246235,0.452417563643626,0.803298012769257
"3475687","2015-12-07",23.904588317274,0,0.0222168852237924,0.108953531848278,49.7942465436159,47.7838644563841,48.7890555,0.183780426266138,45.3736790045211,48.5432004,48.2251591146737,0.318586878405558,0.706355785896517
"3475686","2015-12-08",22.3012584084716,0,0.00690587705768672,0.0475408851908115,49.7323210455816,47.587678621085,48.6599998333333,-0.134655837162596,37.6657712295689,48.4701336,48.0564712327172,0.0872092665065605,0.582526482018526
"3475685","2015-12-09",21.3469812577036,0,2.06779038336435e-15,0.00970758742715957,49.7090802769111,47.3156967230889,48.5123885,-0.185756571435837,33.3995851271255,48.376,47.8413857350216,-0.181823411313098,0.429656503352201
"3475684","2015-12-10",20.9293765417781,0,2.06779038336435e-15,0.00230195901922946,49.7787609911923,46.9209050088077,48.349833,-0.204432394684046,30.7610281525927,48.2709332,47.6065343036854,-0.452497326766887,0.253225737328383
"3475683","2015-12-11",21.5114273343033,0,2.06779038336435e-15,1.23945992358543e-15,49.9998050028444,46.3393053304889,48.1695551666667,-0.215628666704479,25.4231279335365,48.1238664,47.2834403965273,-0.812080034138496,0.0401645830350075
"3475682","2015-12-14",22.2909787361962,0,2.06779038336435e-15,1.23945992358543e-15,50.1753762221022,45.7957341112311,47.9855551666666,-0.123338261640976,24.1322712269629,47.9674664,46.969204343657,-1.13081675434357,-0.194031684440707
"3475681","2015-12-15",22.6257078603721,0,2.06779038336435e-15,1.23945992358543e-15,50.2805546416606,45.3615556916727,47.8210551666667,-0.0113849095941609,23.9620689152873,47.7837328,46.6924210978361,-1.37595206016135,-0.430415759584835
"3475680","2015-12-16",21.9209238737098,0.0621044898408539,0.02070149661362,0.00690049887120723,50.2835188002819,45.0789251997181,47.681222,0.120613605683622,28.7252113666988,47.6133328,46.4916542847913,-1.50397963782589,-0.645128535233046
"3475679","2015-12-17",20.8863194813662,0.242767284945155,0.101623924928672,0.0407751405140971,50.2309221990365,44.9371884676302,47.5840553333333,0.26877278015112,40.4177899320837,47.4867996,46.4314337134858,-1.44124024951656,-0.804350878089749
"3475678","2015-12-18",21.5651297875508,0,0.101623924928672,0.074649782156987,50.2883560414212,44.5660879585787,47.427222,0.0752467439811706,30.1574556674937,47.3061332,46.160131885021,-1.65974551225841,-0.975429804923483
"3475677","2015-12-21",22.1954536432937,0.147507027359437,0.130091437434866,0.111113095764069,50.1828556257751,44.3315887075583,47.2572221666667,0.177088365122391,37.5354878941373,47.1689332,46.0196703003515,-1.69075946034599,-1.11849573600798
"3475676","2015-12-22",21.7859532311698,0.136519750519751,0.0946755926263982,0.108796984996645,50.0359424996252,44.1642795003748,47.100111,0.237703895211641,37.2174009216315,47.0353332,45.8908249269713,-1.70579101795275,-1.23595479239694
"3475675","2015-12-23",20.4694953741696,0.413151117334608,0.232392631737934,0.152386553933065,49.8742869772084,44.1398240227916,47.0070555,0.439091273915317,48.4242762650894,46.9618664,45.9484922700418,-1.47746956567343,-1.28425774705224
"3475674","2015-12-24",19.2470702212407,0.541814540253424,0.363828469369263,0.230298897911198,49.6505752688676,44.1802020644657,46.9153886666667,0.525216073598479,52.718355344008,46.9183996,46.0784706340363,-1.17762499737775,-1.26293119711734
"3475673","2015-12-28",18.5732793534918,0.5903156424581,0.515093766682046,0.37043828926308,49.3784661483205,44.2398668516795,46.8091665,0.505135673194819,49.6515389099187,46.8649328,46.1360078828314,-1.00094911136824,-1.21053477996752
"3475672","2015-12-29",17.6329857540489,0.707705705705705,0.613278629472412,0.497400288507906,49.087497569004,44.3402797643293,46.7138886666666,0.576652897543839,51.4424185037044,46.797066,46.2183174984539,-0.809087040323586,-1.13024523203873
"3475671","2015-12-30",16.6223825826321,0.760194912810595,0.686072086991469,0.604814827715308,48.8384087578916,44.4409245754417,46.6396666666667,0.645866736536913,53.3047033911607,46.7395996,46.3234311653267,-0.605966727912421,-1.02538953121347
"3475670","2015-12-31",15.4877086802225,0.756756303366829,0.741552307294378,0.680301007919419,48.6087226900336,44.5453883099664,46.5770555,0.70088784816831,54.0291383884257,46.6939996,46.4274176766165,-0.423479289882345,-0.905007482947245
"3475669","2016-01-04",16.4271045218375,0.208759009802441,0.57523674199329,0.667620378759712,48.337704692093,44.543406307907,46.4405555,0.285789426387533,40.3569370383652,46.5561328,46.256205986401,-0.612870450506386,-0.846580076459074
"3475668","2016-01-05",17.29940066048,0.260019123987184,0.408511479052153,0.575100176113273,48.0766208366585,44.5583788300081,46.3174998333333,0.313433385549018,41.8395373775728,46.4155996,46.1322678548808,-0.723410970825789,-0.821946255332417
"3475667","2016-01-06",16.8480140884869,0.365329665106552,0.278035932965394,0.420594718003612,47.7657309187675,44.6770464145658,46.2213886666667,0.503147402501005,44.8714566421218,46.297066,46.0750761408967,-0.736991349920779,-0.804955274250089
"3475666","2016-01-07",16.4288694144933,0.444548824881313,0.356632537991685,0.347726650003077,47.6393237083475,44.7086759583192,46.1739998333333,0.560434932856837,47.1052619657587,46.1971996,46.0632886554438,-0.690261176803308,-0.782016454760733
"3475665","2016-01-08",16.8812877671052,0.18825664167128,0.332711710553051,0.322460060503376,47.5578966669708,44.6764363330291,46.1171665,0.367177360674231,41.2778504291886,46.0654664,45.9308501680513,-0.804855164364771,-0.786584196681541
"3475664","2016-01-11",17.301390523102,0.375571917808219,0.336125794786939,0.341823347777224,47.559164397122,44.6767242695446,46.1179443333333,0.581278010862597,49.2446440093705,45.9941332,45.9600701456445,-0.698189117877845,-0.768905180920802
"3475663","2016-01-12",17.3301298849902,0.34931506849315,0.304381209324218,0.324406238221402,47.5810602673249,44.7384950660084,46.1597776666666,0.57981722514636,48.7391154979886,45.9217328,45.9751714595585,-0.619955952431406,-0.739115335222922
"3475662","2016-01-13",18.0236471422345,0.0906993004584379,0.271862095586604,0.304123033232586,47.5578820986909,44.8247839013091,46.191333,0.388525898206468,44.0399141306688,45.827066,45.8895925982841,-0.680119018039305,-0.727316071786199
"3475661","2016-01-14",18.4199108373351,0.0711837786266125,0.170399382526069,0.248880895812296,47.5340665356702,44.9085997976631,46.2213331666667,0.379725575864779,43.692551295632,45.7597328,45.8078695851795,-0.729635121321337,-0.727779881693227
"3475660","2016-01-15",18.7910213898572,0.0700333754688586,0.0773054848513051,0.173188987654659,47.5320798117179,44.9195858549487,46.2258328333333,0.335724213298962,43.6706846851808,45.7129328,45.7365976404889,-0.760941427936124,-0.734412190941806
"3475659","2016-01-19",19.0488236318604,0.303100233180521,0.148105795758666,0.131936887712013,47.5260656099392,44.9161557233941,46.2211106666666,0.517029706745491,49.2158832942299,45.7077328,45.7650512884237,-0.658876446909518,-0.719305042135348
"3475658","2016-01-20",20.9478382398485,0,0.124377869549795,0.116596383386588,47.5961621404892,44.8027258595108,46.199444,-0.0856970300250777,36.800616016627,45.6522664,45.5026004499672,-0.947910665755136,-0.765026166859306
"3475657","2016-01-21",22.7112089472661,0.0303256669204583,0.111141966700329,0.127875210669596,47.7273147120347,44.5686839546319,46.1479993333333,-0.0727521846061652,37.7946294354152,45.6121328,45.2920310566383,-1.14325161481604,-0.840671256450654
"3475656","2016-01-22",22.3698274937341,0.199616045845272,0.0766472375885789,0.104055691279567,47.7432570170232,44.5171863163101,46.1302216666666,0.2130322242694,42.2004227483837,45.5961328,45.1855375824198,-1.18383401180291,-0.909303807521105
"3475655","2016-01-25",22.3328144083109,0.0974212034383963,0.109120972068044,0.0989700587856499,47.7672912988727,44.2742637011273,46.0207775,0.0557194659245417,40.2780867290654,45.5541328,45.0456885714305,-1.26577485918928,-0.98059801785474
"3475654","2016-01-26",21.8954295756791,0.19293123209169,0.163322827125122,0.116363678927248,47.6640927840385,44.1524625492948,45.9082776666666,0.185347186500132,42.8961640309629,45.4913328,44.9689300952398,-1.25702514026971,-1.03588344233773
"3475653","2016-01-27",20.8780445800241,0.216832112538838,0.169061516022977,0.14716843840538,47.5598436448684,44.0751563551316,45.8175,0.271142544406939,43.3508438636964,45.4965328,44.9099620825412,-1.22602861206562,-1.07391247628331
"3475652","2016-01-28",20.0545282063641,0.179207285558981,0.196323543396505,0.176235962181534,47.3950923563241,44.0189076436758,45.707,0.251428489623416,42.5355803388946,45.468266,44.8419671382023,-1.21049519731733,-1.10122902049011
"3475651","2016-01-29",18.8995881204334,0.180196396428507,0.192078598175444,0.185821219198308,47.1432810907084,44.0408295759582,45.5920553333333,0.303434371034027,42.566159351759,45.442266,44.783482186442,-1.18415379162535,-1.11781397471716
"3475650","2016-02-01",17.9378084645109,0.473267273796582,0.277556985261359,0.221986375611102,46.8361354811589,44.1931978521744,45.5146666666666,0.625197808821223,50.9028402610431,45.4049328,44.8643512282498,-0.974379125655245,-1.08912700490478
"3475649","2016-02-02",17.0759446293567,0.245543060481309,0.299668910235468,0.256434831224089,46.8224425884984,44.1767794115015,45.499611,0.434629748726005,45.3896454376724,45.3129328,44.8322150644831,-0.935279755491192,-1.05835755502206
"3475648","2016-02-03",17.275706074441,0,0.239603444759299,0.272276446752041,46.8832671986688,43.9536211346645,45.4184441666666,0.028725494535377,38.5808895481093,45.191066,44.6496970558854,-1.10106620950109,-1.06689928591787
"3475647","2016-02-04",17.4611988448764,0.0601950287475177,0.101912696409611,0.213728350468125,46.8576570179601,43.7461203153732,45.3018886666666,0.0494545619528861,40.2991754878725,45.0677328,44.5190707817673,-1.18246167185578,-1.09001176310545
"3475646","2016-02-05",18.8700548219703,0,0.0200650095825079,0.120527050250472,47.0225241662906,43.191697500376,45.1071108333333,-0.192162396763941,31.7271574267479,44.8601328,44.1587506775317,-1.56768107799464,-1.18554562608329
"3475645","2016-02-08",20.8064419729737,0,0.0200650095825079,0.047347571858208,47.4361592680348,42.3169513986318,44.8765553333333,-0.233164601975352,27.3446672583502,44.5967996,43.6735839205275,-2.09262244653851,-1.36696099017433
"3475644","2016-02-09",22.2154548992834,0.0293954947111196,0.00979849823704187,0.0166428391340184,47.5154491448224,41.7381055218443,44.6267773333333,-0.0660238014913659,28.8412706672136,44.4191996,43.2775500644571,-2.45371643505077,-1.58431207914962
"3475643","2016-02-10",22.3864747734128,0.184393273974733,0.0712629228952863,0.0337088102382778,47.3569059991494,41.4934266675172,44.4251663333333,0.146843984112151,36.2929800661495,44.2729328,43.0632100558628,-2.53428851441662,-1.77430736620302
"3475642","2016-02-11",22.9784912949516,0.062533371174039,0.0921073799532993,0.0577229336952083,47.348478328083,41.039854671917,44.1941665,0.0359526906519466,33.3371702100386,44.0811996,42.7761153817478,-2.71236862259989,-1.96191961748239
"3475641","2016-02-12",21.3606443593624,0.263494781670346,0.170140475606375,0.111170259484986,47.1418159988063,40.9546280011936,44.048222,0.328426850171206,41.7609104480586,43.928266,42.6944106641814,-2.58901820032787,-2.08733933405149
"3475640","2016-02-16",20.0297029371189,0.532335364866187,0.286121172570193,0.182789676043288,46.9590689402283,40.979264393105,43.9691666666667,0.541203687856078,50.7303890088975,43.879066,42.8471559089572,-2.14976601033081,-2.09982466930735
"3475639","2016-02-17",19.0080966304217,0.549439043592173,0.448423063376237,0.301561570517601,46.6838127777316,41.0674095556017,43.8756111666666,0.592378605929804,51.2448500593918,43.7909328,42.9937577877629,-1.76145266430021,-2.03215026830593
"3475638","2016-02-18",17.6999261730424,0.47140541346584,0.517726607308069,0.417423614418165,46.6276518860164,41.0466811139836,43.8371665,0.492344850311573,48.7440885026196,43.6863996,43.0559234160612,-1.5274692366044,-1.93121406196562
"3475637","2016-02-19",16.8468760346832,0.519508006676639,0.513450821244886,0.493200163976396,46.6136879106179,41.0432007560487,43.8284443333333,0.56031770483923,50.3524771697409,43.6234664,43.1498002939197,-1.27119322773482,-1.79920989511946
"3475636","2016-02-22",16.5639306984596,0.67757547080229,0.556162963648259,0.52911346406707,46.5934922840017,41.0493963826649,43.8214443333333,0.724202290530419,55.2428770066654,43.6015996,43.3604935880638,-0.877294446289301,-1.61482680535343
"3475635","2016-02-23",15.4762564014166,0.603581587967767,0.600221688482234,0.556611824458459,46.5706459353423,41.046242397991,43.8084441666666,0.572486709311853,49.4880990425891,43.5373332,43.4013171096553,-0.754545729361422,-1.44277059015503
"3475634","2016-02-24",15.2639717349819,0.31074188666361,0.530632981811225,0.562339211313905,46.4633569943274,40.9591980056726,43.7112775,0.345339224074987,42.622846444377,43.3849332,43.2331414950346,-0.930708377975575,-1.34035814771914
"3475633","2016-02-25",14.8151621594257,0.62760834670947,0.513977273780285,0.548277314691247,46.4910574527931,40.9498305472069,43.720444,0.767610288948538,53.1268504679755,43.4102664,43.39272262903,-0.636755801700195,-1.19963767851535
"3475632","2016-02-26",14.3984104106949,0.692884430176565,0.543744887849884,0.529451714480463,46.5737421916922,40.9220351416411,43.7478886666666,0.795270317189961,54.7124236654917,43.4468,43.5852489451593,-0.325280809538375,-1.02476630471995
"3475631","2016-02-29",14.0114266440163,0.699558600022822,0.673350458969621,0.577024206866596,46.6097420582595,40.9108129417405,43.7602775,0.75789391947454,55.101187940322,43.4644,43.7649930858047,-0.0607824496859033,-0.831969533713144
"3475630","2016-03-01",13.7620142393566,0.757419520547945,0.716620850249113,0.644572065689538,46.5553204407455,40.9362342259212,43.7457773333333,0.822076567400843,56.7555682351543,43.5122664,43.9741046743641,0.218858565945368,-0.621803913781442
"3475629","2016-03-02",13.4845827491321,0.747717465753425,0.734898528774733,0.708289945997821,46.5867531195915,40.9234688804084,43.755111,0.810460431157929,56.4383369806833,43.5445332,44.1477800511155,0.42410933282151,-0.412621264460851
"3475628","2016-03-03",13.4399007386138,0.688357917570499,0.731164967957292,0.727561448993712,46.7828035419466,40.8877517913867,43.8352776666666,0.806330191785311,56.6073360757099,43.5759996,44.3031867109668,0.585863061835479,-0.212924399201585
"3475627","2016-03-04",13.3371297684967,0.673898047722343,0.703324477015425,0.723129324582482,46.9658651658287,40.8741348341713,43.92,0.7748720930677,56.1805371211241,43.6098664,44.4289844828379,0.693293900365632,-0.0316807392881418
"3475626","2016-03-07",13.2416995819594,0.691973969631236,0.684743311641362,0.706410918871358,47.122177645686,41.0276000209806,44.0748888333333,0.742583586761924,56.6208410018598,43.6469332,44.5491198851262,0.783991186028166,0.13145364577512
"3475625","2016-03-08",13.6623943632571,0.736080260303687,0.700650759219091,0.696239515958625,47.1407147723632,41.4878405609701,44.3142776666667,0.782481490586685,57.7367608568291,43.6526664,44.6803479004427,0.881918701831785,0.281546656986453
"3475624","2016-03-09",14.3653325670495,0.757555915081205,0.728536715005379,0.704643595288609,47.1661641279196,41.9568358720804,44.5615,0.833941328817219,59.7477099276205,43.7037332,44.8429681803837,1.01318934565171,0.427875194719504
"3475623","2016-03-10",15.2147224169517,0.800381054823834,0.764672410069578,0.731286628098015,47.3324238283984,42.2236878382682,44.7780558333333,0.873380846133348,62.0627916351095,43.8186668,45.0421284229992,1.18088683994162,0.578477523763927
"3475622","2016-03-11",16.4177105861952,0.773605802047782,0.777180923984276,0.756796683019743,47.2635594997359,42.8774408335974,45.0705001666666,0.966255776993634,63.7918319832348,43.9388,45.2596219665993,1.35681054572556,0.734144128156254
"3475621","2016-03-14",17.5546861206393,0.835879456706282,0.803288771192634,0.781714035082162,47.4857642992672,43.0951247007328,45.2904445,0.977176225995117,65.7398237720131,44.1486664,45.5001163710527,1.54593642045857,0.896502586616718
"3475620","2016-03-15",17.7883321490386,0.551852777777779,0.720446012177283,0.766971902451397,47.6559033316112,43.1864303350554,45.4211668333333,0.815213113735258,59.9778952593963,44.3845332,45.622323521579,1.56200235429773,1.02960254015292
"3475619","2016-03-16",17.7270479571882,0.422756182417727,0.603496138967265,0.709076974112393,47.7655030089126,43.2940529910874,45.529778,0.731891667326371,58.0297273654137,44.6038668,45.6975697187018,1.51619504208462,1.12692104053926
"3475618","2016-03-17",18.0710282952034,0.418730442701353,0.464446467632288,0.596129539592277,47.8246950456599,43.5309722876734,45.6778336666666,0.750999671088544,58.3044977404121,44.7862668,45.7685604228749,1.47032625648371,1.19560208372815
"3475617","2016-03-18",18.7994721352388,0.696545780876417,0.512677468665168,0.526873358421572,48.0574071673922,43.6527048326078,45.855056,0.920876113548038,64.956850519275,45.0457336,45.9856416998249,1.61973568049674,1.28042880308187
"3475616","2016-03-21",19.3394393021335,0.664148302696118,0.593141508757965,0.523421815018473,48.2753674216117,43.687189245055,45.9812783333333,0.850381263500354,64.0140966221395,45.2510672,46.1604454731816,1.69955206094825,1.36425345465514
"3475615","2016-03-22",19.7217918593723,0.637148244380658,0.665947442651066,0.590588806691399,48.3893400377482,43.9082162955851,46.1487781666666,0.814677429398403,63.1909701309931,45.3860004,46.3008300767574,1.72732995852927,1.43686875542997
"3475614","2016-03-23",20.0768335196655,0.688984209469136,0.663426918848639,0.640838623419222,48.1244744877354,44.6424148455979,46.3834446666666,0.835975099098306,64.1442083435302,45.5230668,46.4438300665231,1.75610481245791,1.50071596683556
"3475613","2016-03-24",19.6807561498669,0.519423439981621,0.615185297943807,0.648186553147837,48.1689838423394,44.7965721576606,46.482778,0.7097080861192,59.1601322792368,45.6602668,46.5033193909867,1.67518957150328,1.5356106877691
"3475612","2016-03-28",19.836535272541,0.751192857142859,0.653200168864541,0.643937461885661,48.318310954179,44.8915783791542,46.6049446666666,0.86625521227247,63.8351524049064,45.8153336,46.6544328055218,1.72010091669064,1.57250873355341
"3475611","2016-03-29",20.8395223406492,0.669912044705011,0.646842780609832,0.638409415806059,48.5658949188152,44.9779944145181,46.7719446666666,1.00114321672146,66.8791649123557,45.9538668,46.8596190981189,1.82949530234799,1.62390604731233
"3475610","2016-03-30",21.786205259178,0.843717726964576,0.754940876270817,0.684994608581729,48.8964159499063,44.993362383427,46.9448891666666,1.03023975495512,70.07866817822,46.1612,47.1250032183697,2.00393357831947,1.69991155351376
"3475609","2016-03-31",22.4257581953239,0.784822837469517,0.766150869713037,0.722644842197894,49.1339086843713,45.0978689822953,47.1158888333333,0.950303094325822,68.4873019528875,46.4237332,47.3354467892537,2.09085897026995,1.77810103686499
"3475608","2016-04-01",22.1255393945985,0.554815166473148,0.727785243635749,0.749625663206533,49.2698874356329,45.2623348977004,47.2661111666666,0.844211457477657,62.4798854843404,46.5716,47.4409432173532,2.03697239665295,1.82987530882258
"3475607","2016-04-04",21.8467647939249,0.668254848912963,0.669297617618545,0.721077910322443,49.387870676412,45.4680179902546,47.4279443333333,0.857963877474749,64.769091056857,46.7190664,47.5852614550395,2.03745489878566,1.8713912268152
"3475606","2016-04-05",21.4703275512558,0.647283407594677,0.623451140993598,0.67351133408263,49.4274558318402,45.7478771681597,47.5876665,0.815283425821991,63.991783633313,46.8597332,47.7005599277009,2.00158231436467,1.89742944432509
"3475605","2016-04-06",21.003274057827,0.622587473540034,0.646041910015894,0.646263556209345,49.4420620859889,46.0027155806777,47.7223888333333,0.756783616297324,63.2119087105611,46.9816,47.7911519373408,1.93845829208661,1.9056352138774
"3475604","2016-04-07",20.1703565041496,0.0918867444949218,0.453919208543213,0.574470753184234,49.3901255597293,46.2075414402706,47.7988335,0.509793875719665,51.3399557045689,47.0564,47.705221012362,1.6609779902244,1.8567037691468
"3475603","2016-04-08",19.3921396382435,0.478522050742304,0.397665422925755,0.49920884716162,49.42922435031,46.3549979830233,47.8921111666666,0.71436357897364,58.6615634108078,47.1729336,47.7747475440471,1.6051090683967,1.80638482899678
"3475602","2016-04-11",19.0867049194775,0.354415697393435,0.308274830876889,0.386619820781951,49.4448137786809,46.4462975546524,47.9455556666666,0.579668625686393,55.7612581635032,47.2782668,47.7887812048408,1.4850266928577,1.74211320176896
"3475601","2016-04-12",18.6736033580958,0.408115045483348,0.413684264539698,0.373208172780779,49.4761561759921,46.5075108240079,47.9918335,0.607549559527759,56.757490527238,47.3862668,47.820943710862,1.39901100250268,1.67349276191571
"3475600","2016-04-13",17.3678049222414,0.665871916314936,0.476134219730575,0.399364438382386,49.5446606368186,46.6553393631813,48.1,0.809184493079493,61.2664013701671,47.5149336,47.9448178827471,1.43541838200374,1.62587788593331
"3475599","2016-04-14",16.1552778032337,0.655716572185474,0.576567844661255,0.488795442977175,49.5281888906655,46.9122551093344,48.220222,0.787043963176296,61.6254944113672,47.6313336,48.0601754983808,1.45695833276887,1.59209397530042
"3475598","2016-04-15",15.3500336183151,0.570301104602116,0.630629864367511,0.561110642919779,49.4707582155339,47.1777964511327,48.3242773333333,0.72346033324887,59.480977599528,47.7216,48.1312627652634,1.42085779613044,1.55784673946643
"3475597","2016-04-18",14.6023068751764,0.580814929868409,0.602277535552001,0.603158414860255,49.5036794606606,47.2515418726726,48.3776106666666,0.676697019810205,59.667031228137,47.7994668,48.1964277298949,1.38055766489897,1.52238892455294
"3475596","2016-04-19",13.5631575061526,0.624179038578287,0.591765024349606,0.608224141423038,49.5320118315897,47.3558761684102,48.443944,0.716720250785113,60.4731985881068,47.8661336,48.2675706992423,1.35121423746016,1.48815398713438
"3475595","2016-04-20",12.7708936632995,0.584757121569309,0.596583696672004,0.596875418857869,49.5192618705223,47.4877374628109,48.5034996666666,0.621337618390248,59.3125424848877,47.9546668,48.31589460601,1.29610175949553,1.44974354160661
"3475594","2016-04-21",12.9449222636831,0.388569126527325,0.532501762224976,0.573616827748861,49.4649722674042,47.6150270659291,48.5399996666666,0.361255529914078,52.9957877644329,48.0293332,48.2808859918753,1.14288293755194,1.38837142079568
"3475593","2016-04-22",13.5786288806734,0.240000342857634,0.404442196984758,0.511175885293911,49.3189722040683,47.8404717959316,48.579722,0.0973789861285829,49.5776138871474,48.0884,48.2043238596253,0.952525218536415,1.30120218034382
"3475592","2016-04-25",13.9546656317441,0.282857546939352,0.303809005441439,0.41358432155039,49.2918726970062,47.8901266363271,48.5909996666666,0.13941899736453,50.5680835935223,48.1048,48.1513033450086,0.809077154460902,1.20277717516724
"3475591","2016-04-26",14.1000774909431,0.461426373466247,0.328094754421079,0.345448652282424,49.2883018115734,47.8762531884265,48.5822775,0.367763642408782,54.5721941259168,48.1418664,48.1609068990074,0.756532230104479,1.11352818615469
"3475590","2016-04-27",15.517765119904,0,0.248094640135201,0.293332799999239,49.2750904229346,47.7684649103987,48.5217776666666,0.0238823489769595,44.9949420699015,48.1416,48.0336753124731,0.538090483768006,0.998440645677351
"3475589","2016-04-28",16.8341893467963,0.0997039585102013,0.187043443992151,0.25441094618281,49.2505987176288,47.6840679490378,48.4673333333333,0.102376147032058,47.2189255643677,48.144,47.95362927081,0.39830681422055,0.878413879385991
"3475588","2016-04-29",20.0016552894964,0,0.0332346528367356,0.156124245654695,49.8605434676556,46.746012199011,48.3032778333333,-0.443586984100367,30.4123994940829,48.0506668,47.5007013680354,-0.197526601267251,0.663225783255343
"3475587","2016-05-02",23.202741912931,0,0.0332346528367356,0.0845042498885399,50.4238462038849,45.7188207961151,48.0713335,-0.32446104547294,27.9198389656801,47.9006668,47.018830518964,-0.780551965881648,0.374470233427945
"3475586","2016-05-03",26.5981226839812,0,1.84111984917005e-15,0.0221564352244901,51.0112151152312,44.5467848847688,47.779,-0.254574364550677,23.7218654667975,47.6746668,46.4220971164354,-1.46518262858875,0.00653966102460662
"3475585","2016-05-04",29.7924371841571,0,1.84111984917005e-15,0.0110782176122455,51.3640568259596,43.6076095073737,47.4858331666666,-0.111570345524042,23.3005732982859,47.4164,45.8849281675774,-2.02022124692623,-0.398812520565562
"3475584","2016-05-05",32.8523174694816,0,1.84111984917005e-15,8.62735808719132e-16,51.6926128109999,42.7253868556668,47.2089998333333,-0.0481810306946865,22.34154230773,47.1505336,45.3744937452337,-2.49942944202434,-0.818935904857317
"3475583","2016-05-06",34.9370283300418,0.0571687413554636,0.0190562471184897,0.00635208237283015,51.758455859835,42.0762101401649,46.917333,0.0662621611841922,26.3495761289288,46.9242668,44.9872279125359,-2.78039064912686,-1.21122685371123
"3475582","2016-05-09",35.3337886546223,0.168986638975823,0.0753851267770973,0.0314804579651953,51.7009257012352,41.6722959654314,46.6866108333333,0.189228646840302,33.1786128926641,46.7125336,44.7529308575311,-2.8374724512883,-1.53647597322664
"3475581","2016-05-10",34.7715488059422,0.270763452118796,0.165639610816696,0.08669366157076,51.5455392056122,41.4253494610545,46.4854443333333,0.282843564320012,38.8557282937955,46.5320004,44.644096076527,-2.72504011125182,-1.77418880083168
"3475580","2016-05-11",34.3184665867016,0.256361140835881,0.232037077310169,0.157687271634653,51.2693388893005,41.2012167773661,46.2352778333333,0.276991729436962,38.3590805655218,46.3502672,44.5364392663234,-2.62442088782804,-1.94423521823095
"3475579","2016-05-12",33.4473899961296,0.272683280212809,0.266602624389164,0.221426437505342,50.941308180484,41.0506921528493,45.9960001666666,0.316953413726554,39.3059049030126,46.2224004,44.4582473641469,-2.49585270002822,-2.0545587145904
"3475578","2016-05-13",32.7792103760264,0.247238716869284,0.25876104597266,0.252466915890663,50.5914825342306,40.9194067991027,45.7554446666666,0.321145803578592,38.3177990678175,46.0442668,44.3669250489273,-2.39884805346574,-2.12341658236547
"3475577","2016-05-16",32.4413307581319,0.195871433447641,0.23859781017658,0.254653826846134,50.2057038267526,40.807296839914,45.5065003333333,0.318072324838908,36.3321042771081,45.8657336,44.240224375737,-2.3603633134058,-2.17080592857354
"3475576","2016-05-17",32.9929646266005,0.0110937972768541,0.151401315864595,0.216253390671277,49.7721992517113,40.6198014149553,45.1960003333333,0.227891672642875,30.2432234715961,45.6297336,43.9588611256388,-2.53759468622479,-2.24416368010379
"3475575","2016-05-18",34.2290188803021,0,0.0689884102415001,0.152995845427557,49.3758176813369,40.2899606519964,44.8328891666666,0.131833024755091,25.1414201708282,45.3070668,43.5221236422203,-2.91573748887066,-2.37847844185716
"3475574","2016-05-19",35.1601862757095,0.229102763852351,0.0800655203764034,0.100151748827498,48.9188756405889,40.1385696927444,44.5287226666666,0.234778869836724,33.3941079093204,45.0214668,43.2751738232576,-3.00285042599681,-2.50335283868509
"3475573","2016-05-20",36.0775450530216,0.204334207171667,0.144478990341341,0.0978443069864138,48.4627475985432,39.9738084014568,44.218278,0.212246181772034,32.9709135555752,44.7402668,43.0469279801566,-3.05927104624441,-2.61453648019695
"3475572","2016-05-23",37.026454307998,0.160216594259603,0.197884521761209,0.140809677492983,47.8934767164286,39.8905232835714,43.892,0.208607159482026,32.1884465644804,44.4504,42.8237815828023,-3.10638710980842,-2.71290660611925
"3475571","2016-05-24",37.1354060704704,0.290247453368844,0.218266084933373,0.186876532345306,47.0699573534522,40.0853759798811,43.5776666666666,0.289711090551869,36.9387029804429,44.1785332,42.7050547050954,-3.00523884084108,-2.77137305306361
"3475570","2016-05-25",37.5087263232563,0.186533911351461,0.212332652993305,0.209494419895961,46.2642797454646,40.2819425878687,43.2731111666667,0.239270044648096,34.8422129179178,43.8928,42.5426034110827,-2.97643564860519,-2.81238557217193
"3475569","2016-05-26",37.2997002281302,0.191951089821138,0.222910818180483,0.217836518702386,45.1669277330866,40.78062793358,42.9737778333333,0.245571160732745,35.0495684219938,43.6310668,42.4049229562716,-2.91693064700617,-2.83329458713878
"3475568","2016-05-27",36.5974850992101,0.345201745199888,0.241228915457498,0.225490795543761,44.7348225946865,40.9182884053134,42.8265555,0.393475210799366,40.7901643351671,43.4096,42.3735998954354,-2.71356533282738,-2.8093487362765
"3475567","2016-05-31",36.359805831185,0.233221924124289,0.256791586381773,0.240310440006583,44.5491082510591,40.8850027489408,42.7170555,0.304909502127222,37.7420633559831,43.1617332,42.271786576044,-2.62914018783414,-2.77330702658803
"3475566","2016-06-01",36.3715638136115,0.149330286358581,0.242584651894254,0.246868384577841,44.5431578847762,40.7633981152238,42.653278,0.228098769236066,36.0168201669678,42.8838668,42.1391043659048,-2.59684442492533,-2.73801450625549
"3475565","2016-06-02",35.8224625655908,0.176418801344577,0.186323670609151,0.228566636295059,44.5309955260982,40.6827824739018,42.606889,0.294073511717946,36.8560119498261,42.6502664,42.0361117837842,-2.52584594811912,-2.69558079462821
"3475564","2016-06-03",35.3234203128694,0.1729773270614,0.166242138254855,0.198383486919419,44.5431083922452,40.5993356077548,42.571222,0.248660638556183,36.7790605338792,42.4070664,41.945074212613,-2.44465108225925,-2.64539485215442
"3475563","2016-06-06",34.874538063847,0.205884021252056,0.185093383219346,0.17921973069445,44.5350834083158,40.4851385916841,42.510111,0.249489343862933,36.6759935199514,42.2782664,41.8639536509312,-2.35691607329656,-2.58769909638285
"3475562","2016-06-07",34.7487199275457,0.125487547881569,0.168116298731677,0.173150606735291,44.4298339844336,40.3566103488997,42.3932221666666,0.214968060382191,34.6072359410276,42.1630664,41.7496491641404,-2.32486401404149,-2.53513207991458
"3475561","2016-06-08",34.5436443704836,0.00739350206139433,0.112921690398342,0.155377124116454,44.1379034383363,40.3457625616637,42.241833,0.241086535214691,34.8071638071549,42.1022664,41.6528066089217,-2.27084482401433,-2.48227462873453
"3475560","2016-06-09",33.6076124610608,0,0.0442936833143229,0.108443890814779,43.8685974146363,40.3379572520303,42.1032773333333,0.249510770681161,33.0026960967761,42.0364,41.5319883943988,-2.25640915044933,-2.43710153307749
"3475559","2016-06-10",32.9831344459264,0,0.0024645006871333,0.0532266247999316,43.5090981190171,40.3566788809828,41.9328885,0.133580303639987,31.538859472205,41.9748,41.396612608479,-2.26457505644736,-2.40259623775146
"3475558","2016-06-13",32.7065304340799,0,1.85962356624714e-15,0.0155860613338183,43.1153635941273,40.4121910725393,41.7637773333333,0.08550653930327,29.7277945676998,41.8849332,41.2401749273484,-2.30294690414927,-2.38266637103103
"3475557","2016-06-14",33.0404417507822,0,1.85962356624714e-15,0.000821500229044663,42.8332591921605,40.2947398078394,41.5639995,-0.194454483016736,26.2099604475489,41.7392,41.019707603702,-2.43187131370861,-2.39250735956654
"3475556","2016-06-15",32.4160262192208,0.0420000420000421,0.0140000140000159,0.00466667133333886,42.7461533671325,40.1185122995342,41.4323328333333,-0.017616167889752,28.2214262097558,41.5708,40.847302589875,-2.48006405508504,-2.41001869867024
"3475555","2016-06-16",31.9779621601369,0,0.0140000140000159,0.00933334266667688,42.8412370791149,39.8546512542183,41.3479441666666,-0.018297790215656,27.4165800705411,41.4008,40.6792182445584,-2.51858701788071,-2.43173236251234
"3475554","2016-06-17",31.5711883909875,0.0197906250000002,0.020596889000016,0.0161989723333482,42.8138645180931,39.6399128152402,41.2268886666666,0.0437867988460159,28.4111728240862,41.2288,40.5419891452839,-2.5090869584054,-2.44720328169095
"3475553","2016-06-20",30.7762298952414,0.106722632574849,0.0421710858582849,0.0255893296194379,42.7868500181991,39.4927053151342,41.1397776666666,0.164117871839733,32.648519250428,41.0746668,40.4590572592461,-2.42082044948184,-2.44192671524913
"3475552","2016-06-21",30.3870303111574,0.0128068439774212,0.0464400338507587,0.0364026695696855,42.7828466763261,39.3234869903406,41.0531668333333,0.145776402408348,30.5340082723335,40.9230668,40.3480722913466,-2.38261202682675,-2.43006377756465
"3475551","2016-06-22",29.9734443190291,0.610798882681564,0.24344278641128,0.11068463537344,42.8058580086578,39.3133646580088,41.0596113333333,0.83734218366212,54.0091905697899,40.9088,40.5381066525004,-1.90207928989645,-2.32446688003101
"3475550","2016-06-23",29.5894001834814,0.749533519553073,0.457713082070688,0.249198634110908,42.9227781902344,39.2687774764322,41.0957778333333,0.866964578925348,57.5809865554563,40.9722668,40.7690257655003,-1.40716985578816,-2.14100747518244
"3475549","2016-06-24",27.4996867562296,0.305399441340782,0.555243947858475,0.418799938780147,42.8469356796267,39.2602866537066,41.0536111666667,0.489079546660333,45.419827879742,40.9326668,40.7571556634336,-1.31464395844154,-1.97573477183426
"3475548","2016-06-27",26.2686329916668,0.0772793296089383,0.377404096834266,0.463453708921142,42.6581697931665,39.2239412068335,40.9410555,0.275155085364362,40.6687628367847,40.8646668,40.6379789083092,-1.38727845116364,-1.85804350770014
"3475547","2016-06-28",25.0877425114304,0.156424581005587,0.179701117318438,0.370783054003725,42.5213243860999,39.1975646139001,40.8594445,0.352744722780394,42.9004046654728,40.8156004,40.5724710538679,-1.37337697839874,-1.76111020183986
"3475546","2016-06-29",23.3850781085443,0.233703910614525,0.155802607076352,0.237635940409684,42.4433342143294,39.1947767856706,40.8190555,0.499606338086546,45.0728618541792,40.7552004,40.5525855800189,-1.29267801034054,-1.66742376354
"3475545","2016-06-30",22.3868938300002,0.507446927374301,0.299191806331473,0.211565176908753,42.4228787479675,39.2028992520325,40.812889,0.7727411777338,52.034501584918,40.7518668,40.6660181693497,-1.02226265625818,-1.53839154208363
"3475544","2016-07-01",21.6655616201409,0.640594972067039,0.46058193668529,0.305192116697704,42.5111048093785,39.1656735239549,40.8383891666667,0.874125404633699,55.0206679669948,40.7666668,40.8278824134364,-0.705783185123632,-1.37186987069163
"3475543","2016-07-05",20.2462246857251,0.355678770949721,0.501240223463689,0.420337988826816,42.4775404516971,39.1692375483029,40.823389,0.612494032197449,48.1174070037836,40.7142668,40.8321647583116,-0.649120787309532,-1.22732005401521
"3475542","2016-07-06",19.1761766866492,0.278396648044692,0.424890130353819,0.462237430167598,42.4458188711773,39.1588477954894,40.8023333333333,0.50267013808901,46.4162474777716,40.6732,40.7989867905367,-0.651369888684572,-1.11213002094908
"3475541","2016-07-07",18.0503800937768,0.464217514124295,0.366097644372904,0.43074266606347,42.4726732218382,39.1546604448285,40.8136668333333,0.702832200646277,51.0425331948913,40.6729332,40.8617885517985,-0.511659723414171,-0.992035961442102
"3475540","2016-07-08",18.0432772589417,0.669137477548615,0.470583879905869,0.42052388487753,42.670690275647,39.0777540576863,40.8742221666667,0.933009217425807,55.6287054908291,40.6996,41.0179940782253,-0.247911094503428,-0.843210988054367
"3475539","2016-07-11",18.620679750606,0.800149777339937,0.644501589670951,0.493727704649907,43.1432021860645,38.8790198139355,41.011111,1.08732142486118,61.6295242449843,40.7741336,41.3111508677953,0.189546334525725,-0.636659523538349
"3475538","2016-07-12",19.6630183970658,0.754385964912281,0.74122440660028,0.618769958725699,43.7105498466629,38.6626721533371,41.186611,1.08771610174363,63.9236190064715,40.87,41.6341080854226,0.626457762368471,-0.384036066356985
"3475537","2016-07-13",20.1736594274621,0.67056530214425,0.741700348132158,0.709142114801128,44.0011810213544,38.7414849786456,41.371333,0.903867507948105,60.6723472920451,40.9618664,41.8566710073662,0.876742521317175,-0.131880348822153
"3475536","2016-07-14",20.6790956370548,0.678362573099416,0.701104613385317,0.728009789372584,44.264600662776,38.8247316705573,41.5446661666667,0.866593479154107,60.8717168852254,41.0546664,42.0548922063841,1.06882006030666,0.10825973300361
"3475535","2016-07-15",21.1926826707026,0.725797270955165,0.691575048732945,0.711460003416806,44.494860714055,38.9868049526117,41.7408328333333,0.859928061587711,62.1294842223915,41.1682664,42.2591292455329,1.25164187713003,0.336936161828894
"3475534","2016-07-18",21.7371927216047,0.699450755778206,0.701203533277597,0.697961065131952,44.6664621653958,39.2095368346042,41.9379995,0.826965044448294,61.6906805380835,41.2890664,42.4294680127952,1.36981143600698,0.543511216664512
"3475533","2016-07-19",22.2248992818731,0.678336980306346,0.701195002346574,0.697991194785704,44.7960529810555,39.4408346856111,42.1184438333333,0.784540439362279,61.5657460986102,41.4210664,42.5753162777558,1.44324813065364,0.723458599462338
"3475532","2016-07-20",22.22940349611,0.59259410430839,0.656793946797649,0.686397494140606,44.8166325572143,39.7813661094524,42.2989993333333,0.726381399771469,58.4444791363024,41.5654664,42.6581634407217,1.42263455363258,0.863293790296387
"3475531","2016-07-21",23.130104405143,0.502571269234924,0.591167451283221,0.64971880014248,44.9496332370711,39.7861430962622,42.3678881666667,0.741632138852348,55.3601199497249,41.6909328,42.6855189819588,1.3278478953392,0.956204611304949
"3475530","2016-07-22",23.9664695349594,0.532696890009633,0.54262075451765,0.596860717532839,45.0208635747455,39.7980237585878,42.4094436666667,0.664342202750429,56.3766287140552,41.827466,42.7274497843643,1.26389079135891,1.01774184731574
"3475529","2016-07-25",24.7430942983603,0.559882028007328,0.531716729083963,0.555168311628277,45.082520691138,39.9668109755287,42.5246658333333,0.655251348783526,57.3210846544884,41.9663992,42.7802338131157,1.22225070460134,1.05864361877286
"3475528","2016-07-26",25.5839956953612,0.524675324675324,0.539084747564097,0.537807410388569,45.0368794515476,40.3437855484524,42.6903325,0.668734637821277,58.624780190176,42.1011992,42.8482026380336,1.20654829781146,1.08822455458058
"3475527","2016-07-27",26.3940530108679,0.448165822715096,0.510907725132584,0.527236400593547,44.9684251651501,40.7331285015165,42.8507768333333,0.671915505451747,59.6339858815029,42.2527992,42.9239982862958,1.20378950505036,1.11133754467454
"3475526","2016-07-28",27.4385904412159,0.305760257370375,0.4262004682536,0.492064313650092,44.9351142607101,41.0638837392899,42.999499,0.704772357423238,60.7464117235715,42.3239992,43.0079091814564,1.21296339050645,1.13166271384092
"3475525","2016-07-29",27.8012240724846,0.156575839622099,0.303500639902525,0.413536277762902,44.9379392512315,41.2400590821019,43.0889991666667,0.606037553607087,56.6076971598873,42.361866,43.0357439572622,1.14371969273899,1.13407410962053
"3475524","2016-08-01",28.4181531807141,0.290990707546963,0.251108934846481,0.326936681000867,44.9873827452228,41.3606155881105,43.1739991666667,0.669848464665098,59.2983948863551,42.475466,43.1003114296272,1.13249073397954,1.13375743449233
"3475523","2016-08-02",28.9910159240701,0.348597712558771,0.265388086575946,0.273332553774983,44.8918130756147,41.7178522577186,43.3048326666667,0.659860406532368,60.430851539821,42.6269328,43.1736032390103,1.13458166047964,1.13392227968979
"3475522","2016-08-03",28.8241227390702,0.186114939268924,0.275234453124887,0.26391049151577,44.5478845897856,42.3426694102144,43.445277,0.579230212219307,55.7216154900073,42.7523992,43.1882334738089,1.05541771451081,1.118221366654
"3475521","2016-08-04",30.9578237628372,0.404823461768629,0.313178704532109,0.284600414744313,44.8938929846344,42.4427720153656,43.6683325,1.42995988172167,67.8593909107955,42.9327992,43.4209130106344,1.28492502491833,1.15156209830686
"3475520","2016-08-05",32.9391175706208,0.71512357871763,0.435353993251729,0.341255716969574,45.6362713925058,42.1443939408275,43.8903326666667,1.35331383319343,74.9660318736699,43.137466,43.8341246092165,1.73708413142757,1.268666504931
"3475519","2016-08-08",34.8958108458417,0.79074342797467,0.636896822820311,0.461809840201382,46.3365003011392,41.8153873655274,44.0759438333333,1.19713723402934,76.3390641354962,43.3385328,44.2437973279876,2.1355701034826,1.44204722464132
"3475518","2016-08-09",36.9079049345557,0.775030895638784,0.760299300777029,0.610850038949688,46.9706804882359,41.5219855117641,44.246333,1.10836224961151,77.1758254129562,43.5899996,44.6308470175893,2.46069485242277,1.64577675019761
"3475517","2016-08-10",38.7924849282688,0.910430619896086,0.825401647836515,0.740865923811284,47.6519605856468,41.3020390810198,44.4769998333333,1.07195827759764,79.7469520909915,43.8845332,45.0729567485774,2.82355193306958,1.88133178677201
"3475516","2016-08-11",40.6264143485604,0.929433094431185,0.871631536655353,0.819110828422965,48.287656615604,41.151454384396,44.7195555,1.01434143555356,80.6656134839852,44.1641332,45.497895848767,3.12395280522211,2.12985599046203
"3475515","2016-08-12",41.9786558961038,0.89263858444085,0.910834099589375,0.869289094693746,48.7865853499219,41.1010809834114,44.9438331666667,0.92483312449353,78.3054661750638,44.4054668,45.8403990689314,3.2842413056936,2.36073305350834
"3475514","2016-08-15",43.5134783442073,0.841778716216216,0.887950131696085,0.890138589313603,49.2803465790497,41.0863197542836,45.1833331666667,0.906258148509504,78.7668666820831,44.6048,46.1550125264072,3.39123653586508,2.56683374997969
"3475513","2016-08-16",44.9386706174463,0.85529222972973,0.863236510128933,0.88734024713813,49.6957329255072,41.1539337411594,45.4248333333333,0.856762074854689,79.0547131134234,44.7866668,46.438344189553,3.44656213703041,2.74277942738983
"3475512","2016-08-17",46.3667953864627,0.842905405405405,0.846658783783785,0.865948475202933,50.047350746661,41.3087605866723,45.6780556666667,0.823310848577854,78.0107679240373,44.9828004,46.6741209642792,3.43521096718575,2.88126573534902
"3475511","2016-08-18",47.7994448284255,0.85423597359736,0.850811202910833,0.853568832274516,50.3924329066936,41.4775674266397,45.9350001666667,0.816263119502463,79.040491477176,45.1874672,46.912238169042,3.42792293843359,2.99059717596593
"3475510","2016-08-19",49.2603046353535,0.82574568288854,0.84096235396377,0.846144113552795,50.6783603686495,41.7561952980171,46.2172778333333,0.802174656635843,79.3825070496109,45.3857336,47.1297170798364,3.3950102820578,3.07147979718431
"3475509","2016-08-22",47.6287353207185,0.548723007439808,0.742901554641904,0.811558370505501,50.7399879735015,42.1382343598318,46.4391111666666,0.653043463669387,57.9836100975368,45.516,47.0848654691915,3.03398890291287,3.06398161833002
"3475508","2016-08-23",46.3468176941368,0.935974257425741,0.770147649251364,0.784670519285678,51.0626604940401,42.4441175059598,46.753389,0.849756063273764,71.5248183276968,45.7614668,47.428216739966,3.19940089192479,3.09106547304897
"3475507","2016-08-24",45.0745367850176,0.887715823143784,0.790804362669779,0.767951188854348,51.2980403580029,42.8241816419971,47.061111,0.815348543037729,71.037417746618,46.0177332,47.7182318413039,3.27908347748509,3.1286690739362
"3475506","2016-08-25",43.7663180634622,0.850312005912677,0.891334028827402,0.817428680249514,51.4590956302139,43.251904369786,47.3555,0.783227224301194,70.2790359031401,46.284,47.9584675957967,3.28734140473674,3.16040354009631
"3475505","2016-08-26",42.9749597731702,0.691891891891892,0.809973240316119,0.830703877271099,51.4861254557585,43.8500962109081,47.6681108333333,0.770457210212942,68.6992668567303,46.5381332,48.1444492496905,3.22666762554811,3.17365635718667
"3475504","2016-08-29",42.2401270750419,0.744145945945946,0.762116614583506,0.821141294575674,51.4333066329909,44.4932487003424,47.9632776666667,0.749285959395411,69.5542229846131,46.7950668,48.3314120163984,3.17276164221596,3.17347741419253
"3475503","2016-08-30",41.6709291684249,0.78738918918919,0.741142342342344,0.771077399080655,51.2543142486688,45.2752410846645,48.2647776666667,0.76382779126426,70.2777487028359,47.0517336,48.5147797475453,3.11918529262638,3.1626189898793
"3475502","2016-08-31",40.7615386191058,0.731532432432433,0.754355855855857,0.752538270927234,50.733456054809,46.4072106118576,48.5703333333333,0.768310404939666,68.0288886645035,47.2950668,48.6461424478726,3.00652055153954,3.13139930221134
"3475501","2016-09-01",39.9171045375953,0.772972972972972,0.763964864864866,0.753154354354354,50.6229342322265,46.9032877677735,48.763111,0.779655340888154,68.8259150171932,47.5390668,48.7804341214896,2.90821102865686,3.08676164750045
"3475500","2016-09-02",38.9585014742042,0.749551351351352,0.751352252252253,0.756557657657657,50.5964939000938,47.2177280999062,48.907111,0.749466535962103,67.7971816627276,47.7930668,48.8852655719576,2.78312875662827,3.02603506932601
"3475499","2016-09-06",38.2666089086042,0.8,0.774174774774776,0.763163963963964,50.599855721606,47.4845879450606,49.0422218333333,0.784975448986232,68.8762765506245,48.0424,49.0010074956966,2.68319643376618,2.95746734221405
"3475498","2016-09-07",37.6241372405471,0.803605405405405,0.784385585585587,0.76997087087087,50.6044458437358,47.7158868229308,49.1601663333333,0.763050536453384,68.9563388279387,48.2870668,49.1030958296037,2.57585581348891,2.88114503646902
"3475497","2016-09-08",36.8685967052051,0.785586486486487,0.796397297297298,0.784985885885886,50.638680088946,47.8574302443873,49.2480551666667,0.722422124790514,68.0146697831999,48.5437336,49.1826830523232,2.45109606824228,2.79513524282367
"3475496","2016-09-09",34.3775205460063,0.546848648648649,0.712013513513515,0.764265465465465,50.624676954175,47.956878045825,49.2907775,0.482633311233353,56.9231676415647,48.6990672,49.1338813120135,2.1820348239721,2.67251515905336
"3475495","2016-09-12",32.2236608877909,0,0.444145045045047,0.650851951951952,50.5777964096413,48.0894252570253,49.3336108333333,0.392277256797142,54.0231975015556,48.780134,49.0555864704117,1.90263190076807,2.5185385073963
"3475494","2016-09-13",30.1342374909823,0.4828783660218,0.343242338223484,0.499800298927347,50.5879771476836,48.1989111856497,49.3934441666666,0.632037305937258,61.3967547338031,48.883334,49.1130642743568,1.8149271644468,2.3778162388064
"3475493","2016-09-14",28.5403939939434,0.378422528844277,0.287100298288693,0.358162560519073,50.5619735827763,48.3270254172237,49.4444995,0.521848605150065,59.1855270677087,48.9688004,49.1357663711092,1.69233971069336,2.24072093318379
"3475492","2016-09-15",26.5944144447274,0.488015369915652,0.449772088260577,0.360038241590917,50.5403880792745,48.4699442540588,49.5051661666666,0.602153862257686,60.7814564114849,49.0308004,49.1838868549613,1.61154859866743,2.11488646628052
"3475491","2016-09-16",25.0900390444891,0.48936170212766,0.451933200295864,0.396268528948377,50.5386947147224,48.5748602852775,49.5567775,0.617063076475857,60.4236565910326,49.0790672,49.2215912742998,1.52487291878021,1.99688375678046
"3475490","2016-09-19",23.4012050395702,0.349287234042554,0.442221435361956,0.447975574639464,50.5266042187946,48.653617447872,49.5901108333333,0.494599979656206,57.2384532310115,49.1245336,49.2191564377265,1.39682938453249,1.87687288233086
"3475489","2016-09-20",21.9637819451846,0.312058510638296,0.383569148936171,0.425907928197996,50.1019959498691,49.2418930501308,49.6719445,0.174785617606422,56.3876714754196,49.1618672,49.2077142460296,1.26925765720829,1.75534983730635
"3475488","2016-09-21",20.6618169743967,0.303186170212768,0.321510638297874,0.382433740865332,50.102664159277,49.1971135073896,49.6498888333333,0.143061932177648,56.1733796673839,49.1953336,49.1955736798924,1.15215980410428,1.63471183066594
"3475487","2016-09-22",19.4266276874349,0.448579787234043,0.35460815602837,0.353229314420804,50.0944948454376,49.190838821229,49.6426668333333,0.440489708591923,58.9279841767872,49.2426668,49.22149718924,1.09162132397806,1.52609372932836
"3475486","2016-09-23",18.2460210520623,0.336877659574468,0.362881205673761,0.346333333333333,50.0939010676125,49.1603215990541,49.6271113333333,0.223407227740285,56.0150747535888,49.2714668,49.2159642306747,0.997664450089242,1.42040787348054
"3475485","2016-09-26",17.7112832867964,0.186170212765958,0.323875886524824,0.347121749408983,50.1165687932052,49.0714322067947,49.5940005,-0.000305102190031318,52.2614988142782,49.2856004,49.1733916665847,0.866736314173799,1.30967356161919
"3475484","2016-09-27",17.5375424895625,0.0939680851063819,0.205671985815604,0.297476359338061,50.1501777786609,48.9616005546723,49.5558891666666,-0.0256529858194893,50.0517131704927,49.3628004,49.1133834443734,0.726140164570599,1.19296688220947
"3475483","2016-09-28",17.376211749274,0.141840425531916,0.140659574468086,0.223402482269503,50.140885779053,48.8854478876136,49.5131668333333,0.0815084360212604,51.2053494355504,49.3289336,49.073376318457,0.622342057629988,1.07884191729358
"3475482","2016-09-29",16.8535018103459,0.131202127659574,0.122336879432625,0.15622281323877,50.1318183566688,48.8235153099978,49.4776668333333,0.151031284766132,50.9238730927834,49.2965336,49.0360368093294,0.530676915771711,0.969208916989202
"3475481","2016-09-30",16.5068026095394,0.0039158359458474,0.0923194630457799,0.118438638982162,50.1065366879054,48.7669083120945,49.4367225,0.162384602451506,49.9868580122029,49.2649336,48.9952319014188,0.442498693155158,0.863866872222393
"3475480","2016-10-03",16.8332285832637,0,0.045039321201808,0.0865652212267361,50.1090930218967,48.6599076447699,49.3845003333333,0.0314997809233135,45.5237222989015,49.2274672,48.918090314563,0.31726029287904,0.754545556353723
"3475479","2016-10-04",17.5556588828108,0,0.00130527864861684,0.0462213542987335,50.1044870256677,48.5120696409989,49.3082783333333,-0.0668875982877918,42.5630283055054,49.1732004,48.8210116059546,0.178390450374,0.639314535157778
"3475478","2016-10-05",19.0452863603053,0,1.03765375921346e-15,0.0154481999501405,50.156676731561,48.2611016017723,49.2088891666667,-0.173499639557406,36.6059104788886,49.0914668,48.666654058494,-0.0189514396135015,0.507661340203522
"3475477","2016-10-06",20.5296408950401,0,1.03765375921346e-15,0.000435092882871519,50.1780272043187,48.0369734623479,49.1075003333333,-0.0925168100477443,35.8534861194036,49.0150668,48.5231001840281,-0.185892120294273,0.368950648103963
"3475476","2016-10-07",22.1019473481438,0,1.03765375921346e-15,-4.14309790179127e-16,50.2499905071864,47.8173431594802,49.0336668333333,-0.0203755356732301,34.3997102609282,48.9269336,48.380020159491,-0.338114900946263,0.227537538293918
"3475475","2016-10-10",23.1222874177311,0.216819688804613,0.0722732296015388,0.0240910765338455,50.2612322151713,47.7173234514954,48.9892778333333,0.181002252024931,44.0054564857663,48.8642668,48.3293508048922,-0.363011653658718,0.109427699903391
"3475474","2016-10-11",25.0106028800341,0,0.0722732296015388,0.0481821530676914,50.2429267376081,47.5270732623918,48.885,0.0354437644813776,36.3891832909592,48.7649336,48.1881040309066,-0.499318712089392,-0.0123215824951656
"3475473","2016-10-12",26.6138838306172,0.0928666314042634,0.10322877340296,0.0825917442020111,50.2070148414126,47.3928744919207,48.7999446666666,0.14190793344217,39.917546627516,48.6742668,48.0963568267857,-0.562693239962198,-0.122395913988572
"3475472","2016-10-13",28.4588729089191,0,0.0309555438014222,0.0688191822686389,50.1455034616577,47.226719205009,48.6861113333333,0.0730729336498717,36.8251860482681,48.5733336,47.9737319165476,-0.659965966301623,-0.229909924451182
"3475471","2016-10-14",30.3453257982251,0,0.0309555438014222,0.0550466203352666,50.0498579025936,47.072475764073,48.5611668333333,0.0723132691438721,35.2777429750679,48.5009336,47.8447903276746,-0.75743136428198,-0.335414212417342
"3475470","2016-10-17",32.0970320525807,0.0764077115488236,0.0254692371829422,0.0291267749285941,49.949352248104,46.9510930852293,48.4502226666666,0.13675277080147,38.3936505674782,48.4469336,47.7583742839847,-0.793827119511514,-0.427096793836176
"3475469","2016-10-18",30.2966143606012,0,0.0254692371829422,0.0272980060557674,49.8375455926546,46.8843437406787,48.3609446666666,0.244589757894362,35.6985519098303,48.3442668,47.64659104612,-0.859886653382502,-0.513654765745441
"3475468","2016-10-19",28.8731666611369,0,0.0254692371829422,0.0254692371829408,49.7681137905837,46.7179978760829,48.2430558333333,0.0822554937636918,34.2930381714406,48.2437336,47.5297122399707,-0.927418444860317,-0.596407501568417
"3475467","2016-10-20",28.0378178666157,0,1.02695629777827e-15,0.0169794914552937,49.6336346595137,46.5635876738196,48.0986111666667,0.0444322166672679,31.5574476897737,48.1224,47.3875279413079,-1.02184748812357,-0.681495498879448
"3475466","2016-10-21",27.2621368431317,0.00397350467085395,0.00132450155695234,0.00893124624663042,49.5030595765104,46.4240514234895,47.9635555,0.0791570632698751,31.7486397366105,48.0026664,47.2656348824669,-1.0831024568276,-0.761816890469078
"3475465","2016-10-24",25.9949150359953,0.035761542037694,0.013245015569517,0.00485650570882202,49.3807960360737,46.3194256305929,47.8501108333333,0.15770531019138,33.3526285031337,47.8966664,47.170660898138,-1.10567621766635,-0.830588755908533
"3475464","2016-10-25",24.9643563352796,0.00397350467085395,0.0145695171264683,0.00971301141764446,49.2587807304305,46.2234409362361,47.7411108333333,0.173841842937363,32.5293438910407,47.790266,47.0776834450529,-1.12464774303827,-0.88940055333448
"3475463","2016-10-26",24.0265793888487,0,0.013245015569517,0.0136865160884994,49.0960531117099,46.1565018882901,47.6262775,0.181867254923345,32.4216107763108,47.6841328,46.9957696523792,-1.12870299975801,-0.937261042619186
"3475462","2016-10-27",24.5291227895271,0,0.00132450155695234,0.00971301141764446,48.9592951837521,45.9925931495812,47.4759441666667,0.0073651426737233,24.8564960676013,47.5329328,46.8110003653953,-1.26469728346152,-1.00274829078765
"3475461","2016-10-28",26.248660675447,0,1.02637805661961e-15,0.00485650570882202,48.8662400348621,45.7297596318045,47.2979998333333,-0.0969886388709253,18.2078978093601,47.3405328,46.4855336500093,-1.57065827476163,-1.11633028758245
"3475460","2016-10-31",28.1907912738024,0,1.02637805661961e-15,0.000441500518983353,48.9381005905993,45.240676742734,47.0893886666667,-0.191307093399393,16.4156088288872,47.140666,46.140795830008,-1.87693758681596,-1.26845174742915
"3475459","2016-11-01",29.9549516989239,0.0839901574803153,0.0279967191601061,0.00933223972003461,48.9027513726168,44.9178039607165,46.9102776666667,-0.0237060327992656,23.7531271258586,46.9647996,45.898912386007,-2.02472094260168,-1.41970558646366
"3475458","2016-11-02",31.5931006651082,0.0938326771653541,0.0592742782152242,0.0290903324584423,48.8957062050668,44.6056274615999,46.7506668333333,0.0313224720963643,24.5885833389234,46.7873332,45.6959467345394,-2.11064795336006,-1.55789405984294
"3475457","2016-11-03",33.2039972134952,0.0721791338582676,0.0833339895013133,0.0568683289588797,48.8836609831176,44.2798950168824,46.581778,0.0393630601077461,23.9664091505205,46.6062668,45.5053765032674,-2.1747260207954,-1.68126045203343
"3475456","2016-11-04",33.2443276372343,0.0951456692913383,0.087052493438321,0.076553587051618,48.798307572768,44.061804427232,46.430056,0.141778062591934,26.1022117869632,46.4324004,45.3557716361651,-2.18094691736527,-1.7811977450998
"3475455","2016-11-07",31.6402109304838,0.36663486101296,0.177986554720856,0.116124345886829,48.5528405933892,44.0478267399441,46.3003336666667,0.340843182731092,39.4474758147544,46.3050668,45.3394460846764,-2.01188768836252,-1.82733573375234
"3475454","2016-11-08",30.1506739885012,0.394132544333139,0.28530435821248,0.183447802123884,48.3856028990913,44.0149531009087,46.200278,0.367740947755561,40.8019599593351,46.1908,45.3386306067196,-1.83890113463387,-1.82964881392865
"3475453","2016-11-09",28.7490259958797,0.407884135761561,0.389550513702555,0.284280475545296,48.1628856307752,44.0243373692248,46.0936115,0.394958778007871,41.5066364888365,46.0996004,45.344591859157,-1.67358347435647,-1.79843574601421
"3475452","2016-11-10",26.8887183642435,0.504123277613862,0.435379985902855,0.370078285939295,48.0002475081873,44.0501971584793,46.0252223333333,0.511897991799056,46.3223377366001,46.0253336,45.3964236112694,-1.46338049648075,-1.73142469610752
"3475451","2016-11-11",26.3337380082259,0.725224324324323,0.545743912566583,0.456891470723996,47.9412397323457,44.0726489343209,46.0069443333333,0.736591491437657,55.8327847943908,45.9906668,45.5546777964335,-1.13288849174269,-1.61171745523455
"3475450","2016-11-14",26.5546705667237,0.840304061067726,0.689883887668638,0.557002595379357,48.0366312155166,44.02281245115,46.0297218333333,0.94519735566137,63.9297496327988,45.974,45.825164756909,-0.68711701514742,-1.42679736721713
"3475449","2016-11-15",25.1224360549743,0.331875207422005,0.632467864271353,0.622698554835523,47.9058762635955,44.0786784030712,45.9922773333333,0.726144392026489,46.4017850107279,45.91,45.8044761226545,-0.663538936513941,-1.27414568107649
"3475448","2016-11-16",23.7925040083498,0.871875544922215,0.68135160447065,0.667901118803545,48.3149780251242,43.8499103082091,46.0824441666666,1.10240501089758,62.8934985809294,45.952,46.1705459729672,-0.138271877445972,-1.04697092035039
"3475447","2016-11-17",22.2550119115689,0.820512820512821,0.674754524285681,0.662857997675893,48.7717113482924,43.6281773183742,46.1999443333333,1.05410456120031,63.5230303670188,46.0129332,46.5078065099049,0.297508064727836,-0.778075123334742
"3475446","2016-11-18",22.0419424073686,0.785185185185186,0.825857850206742,0.727321326321023,49.4383240565697,43.2997872767636,46.3690556666666,1.09964577857965,67.0060009020786,46.1153332,46.9156549752509,0.780055412696123,-0.466449016128569
"3475445","2016-11-21",21.8440921534683,0.88394962962963,0.829882545109213,0.776831639867211,50.0998635893734,43.0035810772932,46.5517223333333,1.05012339113535,69.4244690603358,46.2367996,47.3580116452175,1.25720894153529,-0.121717424595797
"3475444","2016-11-22",20.8840554238303,0.55,0.739711604938273,0.798484000084741,50.4527769091973,42.9202237574693,46.6865003333333,0.866432152693605,56.6923750251395,46.2934664,47.4884994258551,1.29511296051277,0.161648652425916
"3475443","2016-11-23",19.5290364022335,0.509012883272861,0.647654170967498,0.73908277367166,50.8080778310504,42.8565898356162,46.8323338333333,0.849047394432384,56.6923750251395,46.3561332,47.6015888357411,1.30955704874833,0.3912303316904
"3475442","2016-11-25",18.1711755244656,0.929577464788732,0.662863449353866,0.683409741753211,51.6764361067507,42.5867868932493,47.1316115,1.03559659479877,68.8909138162389,46.5709332,48.1658209909756,1.88565574482387,0.690115414317093
"3475441","2016-11-28",18.772412980927,0.548463051825459,0.662351133295685,0.657622917872348,52.0422474752627,42.7045311914039,47.3733893333333,0.809253773858149,56.0798101921056,46.68,48.3037115255122,1.87581308703377,0.927254948860429
"3475440","2016-11-29",19.330704904784,0.919047142857144,0.79902921982378,0.708081267491109,52.6338832756008,42.8584510577325,47.7461671666666,0.934018950648357,63.3693144913704,46.8905336,48.7721059887773,2.27408190432488,1.19662033995332
"3475439","2016-11-30",20.5613395271004,0.71846949506505,0.728659896582552,0.730013416567338,52.9223761053864,43.1738465612803,48.0481113333333,0.788670065976062,58.1159637190779,47.0513336,49.001602523607,2.34025820856671,1.425347913676
"3475438","2016-12-01",22.0481195778257,0.607745176022666,0.748420604648287,0.758703240351538,53.0369069844186,43.608648682248,48.3227778333333,0.702641404039616,55.3407445105728,47.1828004,49.1013888537927,2.24363035988189,1.58900440291718
"3475437","2016-12-02",23.4287010534993,0.672292778259406,0.666169149782375,0.714416550337737,53.0617449162928,44.1760324170405,48.6188886666666,0.698570607982403,56.6406343468996,47.3657336,49.245647673287,2.21199684086444,1.71360289050663
"3475436","2016-12-05",24.2903042006197,0.736840380496147,0.672292778259407,0.695627510896688,53.0811148770055,44.7627727896611,48.9219438333333,0.725104491616848,57.958461210439,47.6156,49.4284493168487,2.23104676744905,1.81709166589511
"3475435","2016-12-06",24.7114008509008,0.604610704604033,0.671247954453196,0.669903294164991,53.1498453452185,45.2373756547815,49.1936105,0.730402504484368,58.4811511036628,47.8909332,49.6091000746022,2.24618051326999,1.90290943537009
"3475434","2016-12-07",24.7879479670469,0.682865170621772,0.674772085240651,0.67277093931775,53.1772138200957,45.7797851799043,49.4784995,0.748937920130089,59.51114618727,48.1618664,49.807886731322,2.28195476335813,1.9787185009677
"3475433","2016-12-08",24.5838798437154,0.668861063541134,0.652112312922314,0.666044117538719,53.1023797476648,46.4249519190018,49.7636658333333,0.739396697004327,59.22797587987,48.4285328,49.972612500479,2.27368251736928,2.03771130424801
"3475432","2016-12-09",24.3943880149076,0.686982135929049,0.679569456697319,0.668817951620093,52.9618711227005,47.0887935439661,50.0253323333333,0.71798071786114,59.4965441076643,48.7025324,50.1251521670818,2.25200197609994,2.0805694386184
"3475431","2016-12-12",24.2863608722146,0.666389895889707,0.674077698453298,0.668586489357642,52.8492198677409,47.632556132259,50.240888,0.690245218717684,59.0207691209769,48.968532,50.2462425448042,2.19533893869017,2.10352333863275
"3475430","2016-12-13",25.0179862512803,0.387147951278458,0.580173327699073,0.644606827616562,52.7346869748732,48.0148670251267,50.374777,0.525354003883088,52.8490163712791,49.155332,50.2005208721637,1.94644178774517,2.07210702845524
"3475429","2016-12-14",25.6973526746983,0.439789654890775,0.497775834019648,0.584008953390672,52.3032938750279,48.8482601249721,50.575777,0.587408601048198,55.9101060828715,49.3659988,50.2537847558752,1.83987996939285,2.02566161664276
"3475428","2016-12-15",26.0392358623534,0.465966563420809,0.430968056530015,0.502972406082911,52.2103587067992,49.1639729598674,50.6871658333333,0.602690267305042,56.2757569070085,49.5779984,50.3110574550918,1.74847088007664,1.97022346932954
"3475427","2016-12-16",26.8295149663651,0.109676270550026,0.338477496287205,0.422407128945621,52.0898056890925,49.4261923109075,50.757999,0.390623891195062,52.610561782506,49.7499984,50.2740271277463,1.55382820114829,1.88694441569329
"3475426","2016-12-19",27.4968406021758,0.466666666666665,0.347436500212501,0.372294017676573,52.0995411131493,49.5106788868507,50.80511,0.572276280843598,56.2314699671812,49.9186652,50.3441568440468,1.50518871020247,1.81059327459512
"3475425","2016-12-20",28.1797195000493,0.429631111111111,0.335324682775936,0.340412893091879,52.1139814391405,49.5434612275261,50.8287213333333,0.53853642784799,55.7330148208157,50.0439988,50.3938252648405,1.43652614480043,1.73577984863618
"3475424","2016-12-21",28.7268811777216,0.368842020918887,0.421713266232222,0.368158149740219,52.0202325591501,49.7843211075165,50.9022768333333,0.506933712269933,55.4787905995825,50.2442656,50.4315378961951,1.35990671121933,1.66060522115281
"3475423","2016-12-22",29.6178912998263,0.141495800483627,0.313322977504543,0.356786975504232,51.912005917354,49.995103082646,50.9535545,0.332948670705345,52.4107088014577,50.3102656,50.4006661767024,1.20893830259421,1.57027183744109
"3475422","2016-12-23",30.4452578417807,0.213037817109991,0.241125212837503,0.325387152191421,51.7246922016951,50.0363061316382,50.8804991666667,0.29767117679717,53.2861831491593,50.3762656,50.3939106864755,1.10066035494625,1.47634954094212
"3475421","2016-12-27",31.2972097696211,0.16534313935908,0.173292252317567,0.242580147553203,51.7128513565294,50.0625913101373,50.8877213333333,0.207825037804933,52.5915688180092,50.4035988,50.3747225949454,0.987466805363568,1.37857299382641
"3475420","2016-12-28",32.3758490535508,0,0.126126985489691,0.180181483548252,51.5174962912711,50.0701683753955,50.7938323333333,0.0282877322791884,50.1285539650318,50.3902656,50.3114262489527,0.832081810691232,1.26927475719938
"3475419","2016-12-29",32.9809870244327,0.0654225521916859,0.0769218971835897,0.125447044996948,51.5235872364759,50.0028557635241,50.7632215,0.162518876083702,50.9531436880807,50.4574656,50.272125415759,0.719374743088652,1.15929475437723
"3475418","2016-12-30",33.7936801510851,0,0.0218075173972297,0.0749521333568356,51.5582493743994,49.9393042922673,50.7487768333333,0.00317225568018336,48.8410912773536,50.513332,50.2002860269911,0.577862131706852,1.04300822984316
"3475417","2017-01-03",34.7470643124902,0,0.0218075173972297,0.0401789773260151,51.6077640545818,49.8375676120848,50.7226658333333,0.0132993081163025,47.1093300578829,50.4199988,50.1069145567256,0.423210873501145,0.919048758574754
"3475416","2017-01-04",35.7722073173922,0,1.05008594412463e-15,0.0145383449314855,51.6897366196608,49.6261507136725,50.6579436666667,-0.0611334118147107,45.8585119858978,50.425332,50.0037699491622,0.270511435766085,0.78934129401302
"3475415","2017-01-05",35.5520717290824,0.0434780718344709,0.0144926906114913,0.0121000693362394,51.6855981259923,49.5025115406744,50.5940548333333,0.108275653188481,46.7716935099233,50.3299984,49.9277112892739,0.163626181948273,0.664198271600071
"3475414","2017-01-06",35.9007277556471,0,0.0144926906114913,0.00966179374099329,51.6931731461911,49.2773805204755,50.4852768333333,-0.055029773276235,42.4067664440428,50.2649316,49.7862377840374,-0.0128783597517779,0.528782945329701
"3475413","2017-01-09",37.0493000406408,0,0.0144926906114913,0.0144926906114901,51.8507905442425,48.7935414557575,50.322166,-0.22685038161804,35.4841335661364,50.1855984,49.5169620794991,-0.328574301748286,0.357311495914104
"3475412","2017-01-10",37.6870680456236,0.0535714764031047,0.0178571588010359,0.0156141800080049,51.8652780306605,48.4790546360061,50.1721663333333,-0.0512364215584039,37.4824489944202,50.096932,49.3102564688992,-0.54128757667653,0.177591681395977
"3475411","2017-01-11",38.3656843108198,0.0223205556433542,0.0252973440154873,0.0192157311426703,51.8564682586729,48.1767534079937,50.0166108333333,-0.0148191033471884,36.7670146881425,49.9862656,49.1155556063793,-0.721714229316461,-0.00226950074651069
"3475410","2017-01-12",39.1811724414093,0,0.0252973440154873,0.0228172822773356,51.93795792005,47.82937507995,49.8836665,0.00150455447954749,35.2158925473694,49.8589324,48.9134815255287,-0.896583952228336,-0.181132391042876
"3475409","2017-01-13",39.5178466038776,0.110553657735017,0.0442914044594581,0.0316286974968097,51.8807123589275,47.6132876410725,49.747,0.124468282562037,39.263142263876,49.7335992,48.7872399887916,-0.964282981287767,-0.337762509091854
"3475408","2017-01-17",40.2958551978808,0,0.0368512192450067,0.0354799892399828,51.8182714661533,47.33961686718,49.5789441666666,0.0668206175626776,35.3692400299499,49.5865324,48.5978293236194,-1.10536418779954,-0.491282844833391
"3475407","2017-01-18",41.0182917494551,0.0199014331300488,0.0434850302883563,0.0415425513309391,51.7943407072722,47.0757699593945,49.4350553333333,0.108744095339249,36.1272454057166,49.4391992,48.4425627471368,-1.19325902289402,-0.631678080445518
"3475406","2017-01-19",41.2349014550915,0,0.00663381104335067,0.0289900201922366,51.6433979544371,46.8840460455629,49.263722,0.14319399660972,35.2371912866727,49.289866,48.2902210475185,-1.27127714516077,-0.759597893388567
"3475405","2017-01-20",41.6955726238023,0,0.00663381104335067,0.0189175507916846,51.4884367182633,46.6678959484033,49.0781663333333,0.11384007406275,33.2521076820342,49.1737328,48.1181915745161,-1.36841127610462,-0.881360569931778
"3475404","2017-01-23",41.5423918356557,0.134882916170155,0.0449609720567195,0.019409531381139,51.2474655445512,46.5793111221154,48.9133883333333,0.223409249889468,39.1953257490635,49.049066,48.0335433645806,-1.34933274671623,-0.974955005288667
"3475403","2017-01-24",40.2496690069147,0.159202985074627,0.0980286337482617,0.049874472282776,51.0117669163858,46.5355650836141,48.773666,0.291166848981317,39.7925606802695,48.923066,47.9668482493032,-1.31094208444803,-1.04215242112054
"3475402","2017-01-25",38.6376814432652,0.353232835820895,0.215772912355227,0.119587506053401,50.7554940523087,46.5723932810246,48.6639436666666,0.423621172235058,47.0708776210464,48.849066,47.9957124827294,-1.15783218165454,-1.06528837322734
"3475401","2017-01-26",36.3649927481987,0.369046428571429,0.293827416488984,0.202542987530823,50.5077758306251,46.6417778360415,48.5747768333333,0.512271906693476,45.6979731151852,48.7383992,48.0007281516988,-1.0495909714846,-1.06214889287879
"3475400","2017-01-27",34.1694415402809,0.130950000000001,0.284409754797443,0.26467002788055,50.2894447931378,46.6123308735288,48.4508878333333,0.277663175194687,40.0999328623847,48.6043988,47.9161857314723,-1.0637886049412,-1.06247683529127
"3475399","2017-01-30",32.5286951867299,0.0119035714285712,0.170633333333335,0.249623501539919,50.0149003239376,46.584319342729,48.2996098333333,0.186593464521232,37.6185739824816,48.4586652,47.7984716339427,-1.11870808288993,-1.073723084811
"3475398","2017-01-31",30.6069894154326,0.023810714285715,0.0555547619047636,0.170199283345179,49.756101139744,46.582563860256,48.1693325,0.238323802895232,38.0316138738261,48.333332,47.7008980827503,-1.14387063400511,-1.08775259464982
"3475397","2017-02-01",28.5652041823216,0.142857142857142,0.0595238095238107,0.0952373015873017,49.4551196757521,46.6668786575811,48.0609991666666,0.368535097595779,42.15537233441,48.215332,47.6607783383836,-1.09502455918484,-1.08920698755683
"3475396","2017-02-02",26.6692607515758,0.142857142857142,0.103175000000001,0.0727511904761905,49.2050327969035,46.7314105364298,47.9682216666666,0.369108956054612,42.15537233441,48.101332,47.6260078932658,-1.04435877171472,-1.08023734438841
"3475395","2017-02-03",25.8053197606844,0.392857142857144,0.226190476190477,0.129629761904762,48.853232284515,46.9437667154849,47.8984995,0.733543793910817,50.2229825812296,48.029332,47.6892068408304,-0.875555990801336,-1.03930107367099
"3475394","2017-02-06",24.8969438525917,0.369046428571429,0.301586904761906,0.21031746031746,48.6317254557569,47.0702738775763,47.8509996666666,0.719951531937282,49.5146572802461,47.9499984,47.7350899287197,-0.744478742646282,-0.98033660746605
"3475393","2017-02-07",23.9697128219069,0.351189285714287,0.371030952380954,0.299602777777778,48.6377104276287,47.0692882390379,47.8534993333333,0.689041787020223,48.9569975779329,47.8799984,47.7681886048904,-0.641645546443248,-0.91259839526149
"3475392","2017-02-08",22.5292903048779,0.226192857142856,0.315476190476192,0.329364682539683,48.5991835205184,47.0783711461482,47.8387773333333,0.613320575396264,45.1258311854739,47.805332,47.750208790905,-0.612201690987213,-0.852519054406634
"3475391","2017-02-09",21.7759821718858,0.54819331542974,0.375191819428962,0.353899654095368,48.7240721165978,47.0173712167354,47.8707216666666,1.02170144950715,55.047924655055,47.7739988,47.8568476187843,-0.429196224440509,-0.767854488413409
"3475390","2017-02-10",22.0660259695822,0.549999999999999,0.4414620575242,0.377376689143117,48.9504765705223,46.9207440961443,47.9356103333333,1.09008745329047,56.2860363548488,47.7439988,47.9670452696131,-0.258936329352655,-0.666070856601258
"3475389","2017-02-13",22.7863653336647,0.87980684633957,0.659333387256438,0.491995754736532,49.462093914181,46.6169040858189,48.039499,1.26716181754965,66.6675769345576,47.7926656,48.249216566998,0.108921343252955,-0.511072416630416
"3475388","2017-02-14",23.1617625379193,0.832692468564935,0.754166438301502,0.618320627694045,49.830587941485,46.494744058515,48.162666,1.08142928787379,64.7360082952649,47.8787988,48.4719876913983,0.367325754071768,-0.335392782489979
"3475387","2017-02-15",24.4909235039515,0.629092821158416,0.780530712020975,0.731343512526304,50.2333790439945,46.3813976226721,48.3073883333333,1.06488979618521,64.6948527690907,47.9567988,48.6646119992118,0.563929973206423,-0.155528231350699
"3475386","2017-02-16",25.7741028821112,0.86738494623656,0.776390078653305,0.770362409658592,50.7774608007663,46.2079825325669,48.4927216666666,1.10827549744797,71.4461245678119,48.0854656,48.9848863993169,0.897876482342364,0.0551527113879137
"3475385","2017-02-17",26.7448032336538,0.829181373082828,0.775219713492603,0.777380168055626,51.1863826121215,46.1990607212118,48.6927216666666,1.00607220773145,69.9839736396879,48.2194656,49.2469015460747,1.12799975597695,0.269722120305721
"3475384","2017-02-21",27.8263324358496,0.901459925941659,0.86600874842035,0.805872846855418,51.6507467951329,46.1391415382003,48.8949441666666,1.00288903216482,72.88637108142,48.3614656,49.5495373399314,1.384800428998,0.492737782044177
"3475383","2017-02-22",29.0216443396115,0.861110416666666,0.863917238563719,0.835048566825556,52.0664473105647,46.1151076894353,49.0907775,0.947760672886565,72.9691258890609,48.5281324,49.8140430279405,1.57058652929198,0.708307531493738
"3475382","2017-02-23",29.7445507685338,0.813868341413637,0.858812894673989,0.862912960552685,52.3917138525838,46.1115078140828,49.2516108333333,0.867742579225623,70.4219617633718,48.6847992,50.0188372908818,1.66728188408509,0.900102402012009
"3475381","2017-02-24",28.2933131673842,0.543793494589044,0.739590750889784,0.820773628042496,52.5114480769796,46.1751069230203,49.3432775,0.67553913312233,56.2070925447717,48.7974656,50.0318803187642,1.52706432184295,1.0254947859782
"3475380","2017-02-27",26.9457353948881,0.591239549254816,0.649633795085833,0.749345813549867,52.5976115289155,46.3811658044178,49.4893886666666,0.671507114180241,57.8179713284081,48.9307988,50.0720736095957,1.43427505806848,1.10725084039625
"3475379","2017-02-28",27.326651974375,0,0.378344347947954,0.589189631307856,52.5225799957252,46.5815310042748,49.5520555,0.319177471597029,37.0467900842529,48.9221324,49.6980197949829,0.855553822814659,1.05691143687993
"3475378","2017-03-01",26.6982900253793,0.42229690695737,0.337845485404063,0.455274542812615,52.4925145761072,46.8932627572261,49.6928886666666,0.582630325437387,50.149114431644,48.9947992,49.6516171556518,0.725425475235375,0.990614244551023
"3475377","2017-03-02",27.2999076223102,0.0209452844224894,0.147747397126621,0.287979076826211,52.4383468119366,47.0276528547301,49.7329998333333,0.271501922591651,41.3423324060544,48.962266,49.3474015348983,0.295977318710339,0.851686859382886
"3475376","2017-03-03",27.7008165367354,0.584459178688634,0.342567123356166,0.276053335295615,52.4123397186713,47.3292152813287,49.8707775,0.604113622738043,53.6498264140492,49.0469328,49.4544146635785,0.404660678013435,0.762281623108996
"3475375","2017-03-06",28.8437590252225,0.253378549580101,0.286261004230409,0.25885850823773,52.3787061230885,47.4467382102448,49.9127221666667,0.352110655849861,47.3621513425851,49.0929332,49.329382041768,0.221311809642133,0.654087660415623
"3475374","2017-03-07",29.7268147943282,0.614864604638246,0.484234110968995,0.371020746185188,52.368265727142,47.6805119395247,50.0243888333333,0.586051412170767,53.737363072148,49.2236,49.4587977695323,0.363271197274861,0.595924367787471
"3475373","2017-03-08",30.899337137809,0.449323276569782,0.439188810262711,0.403227975154037,52.2936308327965,47.9273691672035,50.1105,0.445426999513636,50.7085185882831,49.3202664,49.4620687335947,0.338370899372831,0.544413674104543
"3475372","2017-03-09",31.9881078853269,0.52364832678941,0.529278735999147,0.484233885743616,52.1752136829263,48.2557859837403,50.2154998333333,0.473366902514449,52.0162198471134,49.4182664,49.5137929024487,0.374106220251491,0.510352183333933
"3475371","2017-03-10",32.619374703434,0.641890974250658,0.538287525869951,0.502251690710601,52.15537917851,48.46006482149,50.307722,0.580597022217485,54.1023929037264,49.5395996,49.6363978487889,0.491555588211234,0.506592864309393
"3475370","2017-03-13",33.4127469916135,0.557432809076222,0.574324036705431,0.547296766191508,52.1353874151061,48.6006125848939,50.368,0.491764680524713,52.351587377447,49.6162664,49.6871008022837,0.510751250654917,0.507424541578498
"3475369","2017-03-14",33.7135235121727,0.660779025836078,0.620034269720987,0.577548610765455,52.1636595769988,48.6201187563346,50.3918891666667,0.586950929101732,53.7694328744826,49.7102668,49.7799326953125,0.578645880625928,0.521668809387984
"3475368","2017-03-15",33.2415476139799,0.82127659574468,0.679829476885661,0.624729261104025,52.2768173401859,48.6374056598141,50.4571115,0.760909889672886,56.5895413348015,49.8360004,49.9594976692709,0.743725438163256,0.566080135143038
"3475367","2017-03-16",32.9308951185346,0.780140425531914,0.754065349037559,0.684643031881401,52.347461732691,48.6432056006423,50.4953336666667,0.703129312114779,55.6388501363807,49.968,50.0893419800348,0.833012076164241,0.619466523347279
"3475366","2017-03-17",32.1959648646208,0.849498227089115,0.816971749455238,0.750288858459485,52.4224360135839,48.6160089864161,50.5192225,0.823341940148997,57.8727299633488,50.086,50.2774297160301,0.982883800813039,0.692149978840431
"3475365","2017-03-20",31.7761213849216,0.773223360655738,0.80095400442559,0.790663700972794,52.4597178478247,48.6060601521753,50.532889,0.748363436053809,55.9625446177405,50.1844,50.3928830872261,1.03182166922924,0.760084316918192
"3475364","2017-03-21",31.5638264773747,0.723360655737705,0.782027414494187,0.799984389458337,52.388294970935,48.6280383623983,50.5081666666667,0.676598763275649,54.637572637285,50.2170668,50.460498675596,1.01960387588889,0.811988228712331
"3475363","2017-03-22",31.6078018053735,0.549107633131816,0.681897216508421,0.754959545142731,52.2547172059477,48.6621721273856,50.4584446666667,0.584249093622458,52.7936021519625,50.2429336,50.4746548521832,0.945650278839838,0.838720638737833
"3475362","2017-03-23",30.6179768937292,0.575893371333368,0.616120553400964,0.693348394801189,52.185009448465,48.685213551535,50.4351115,0.688392462327599,53.3027734763874,50.2729336,50.5002568718921,0.892707876320498,0.849518086254366
"3475361","2017-03-24",29.2688317578865,0.682353688579557,0.602451564348249,0.633489778085877,52.3351849003824,48.6611497662842,50.4981673333333,0.831652426335806,57.0449419195123,50.2869336,50.6224452889731,0.959226359391074,0.871459740881707
"3475360","2017-03-27",28.7789328836787,0.358823861590913,0.539023640501281,0.585865252750163,52.3695646658047,48.670437000862,50.5200008333333,0.627657800101186,51.6019827968047,50.2689336,50.6061192504434,0.855781703805381,0.868324133466442
"3475359","2017-03-28",27.5259006389206,0.61176424913441,0.550980599768294,0.564151934872607,52.389243677108,48.9979796562253,50.6936116666667,0.870476905443947,56.8428496467236,50.2716,50.7364140170509,0.935452232452216,0.881749753263597
"3475358","2017-03-29",25.7502862754833,0.790816920034531,0.587135010253286,0.559046416840952,52.7394966351109,48.9149486982225,50.8272226666667,1.02308247484737,61.100089159968,50.3142668,50.9848921481108,1.14583384573923,0.934566571758724
"3475357","2017-03-30",24.3037176236109,0.713570278533223,0.705383815900723,0.614499808640767,52.796728742533,49.2780502574669,51.0373895,0.97251087031389,59.7474617092512,50.3556004,51.171351861696,1.26234166174064,1.00012158975511
"3475356","2017-03-31",22.9604753040151,0.711863430045527,0.738750209537762,0.677089678563922,53.0233758530825,49.2797361469175,51.151556,0.909167046037444,60.1855279911329,50.4502672,51.3462822801366,1.35381213645442,1.07085969909497
"3475355","2017-04-03",21.4344752582905,0.637648985469394,0.687694231349383,0.710609418929288,53.0731047005581,49.5764516327752,51.3247781666666,0.878362338981558,58.9645608829274,50.5292008,51.4743339761184,1.38187599832955,1.13306295894189
"3475354","2017-04-04",20.4002334770265,0.511765307959188,0.620425907824705,0.682290116237282,53.1413521580807,49.6787598419193,51.410056,0.708883191346991,56.4735808027711,50.716534,51.5377561126359,1.33251971805068,1.17295431076365
"3475353","2017-04-05",19.801519638483,0.38823575086559,0.512550014764726,0.606890051312936,53.1058076282969,49.9204157050364,51.5131116666667,0.631921495624484,54.0601088951367,50.806534,51.5460552976178,1.22443543831223,1.18325053627336
"3475352","2017-04-06",19.3149485865149,0.364705134947218,0.421568731257333,0.518181551282253,53.0550018396184,50.1367764937149,51.5958891666667,0.558519869586635,53.5902903813117,50.9730672,51.5443585912688,1.11549428091813,1.16969928520232
"3475351","2017-04-07",18.6076248230413,0.452940532871215,0.401960472894676,0.44535973963891,53.0600865875254,50.2705807458079,51.6653336666667,0.617981350583604,55.1638239533014,51.0384004,51.5762214457663,1.05609202006187,1.14697783217423
"3475350","2017-04-10",17.9508241855301,0.470587612456014,0.429411093424817,0.417646765858941,53.0091498231934,50.4881838434733,51.7486668333333,0.601900026444834,55.4888741405584,51.1710668,51.6105025863308,1.00518773513012,1.11861981276541
"3475349","2017-04-11",16.8553706590997,0.547059467128785,0.490195870818673,0.440522479046054,53.0210380549782,50.6418509450218,51.8314445,0.720290436373574,56.9455189839709,51.2410668,51.6691022414867,0.987231305004488,1.09234211121322
"3475348","2017-04-12",16.0953533905996,0.541175930795213,0.519607670126672,0.479738211456719,53.0800652533862,50.6832677466138,51.8816665,0.720896216098361,56.7915298190419,51.3430668,51.7176659426218,0.959211062835386,1.06571590153766
"3475347","2017-04-13",15.1677016037844,0.370588671280789,0.486274689734931,0.498692743560091,53.0753711036482,50.7498508963518,51.912611,0.48024341685393,52.3696858564942,51.4110668,51.6953104836055,0.851730901675518,1.02291890156523
"3475346","2017-04-17",14.3063106588845,0.0277777777777762,0.313180793284594,0.439687717715398,53.0777728693598,50.7557821306401,51.9167775,0.464062087497388,52.6435124184361,51.4570668,51.6803797524581,0.762978551962812,0.970930831644745
"3475345","2017-04-18",15.825058075611,0.356164383561643,0.251510277540071,0.350321920186531,53.381115667602,50.6651059990646,52.0231108333333,1.08672563594302,61.5673530688083,51.5697332,51.8341064521304,0.877372200563498,0.952219105428495
"3475344","2017-04-19",17.6417184359504,0.835385257988659,0.406442473109361,0.323711181311341,54.1808638358216,50.2872461641783,52.234055,1.31082734179553,72.0824324236656,51.7605328,52.2766695918463,1.31105740979887,1.02398676630257
"3475343","2017-04-20",19.6519738791755,0.810809715122006,0.667453118890771,0.4418019565134,54.8766794873126,50.0997635126873,52.4882215,1.20259176656265,73.3677216712359,51.9367992,52.7108909796002,1.68893414091262,1.15697624122458
"3475342","2017-04-21",21.639714465083,0.890968457439705,0.845721143516792,0.639872245172307,55.5756736591535,49.9237693408465,52.7497215,1.13248154344861,75.3112281403291,52.1449328,53.1676615156535,2.05179480418578,1.33593995381682
"3475341","2017-04-24",23.8071720982777,0.851002377649067,0.850926850070261,0.788033704159273,56.281687848476,49.723310151524,53.002499,1.07479473952102,76.3778803366521,52.344266,53.6097506468997,2.35936915418071,1.5406257938896
"3475340","2017-04-25",25.7686454665261,0.845272294972897,0.862414376687225,0.853020790091425,56.783763235293,49.784234764707,53.283999,0.976921316537467,76.0377316781722,52.5565328,53.9884505606464,2.5640168876728,1.74530401264624
"3475339","2017-04-26",27.9609928201775,0.815013504014207,0.837096058878725,0.850145761878736,57.3272495894336,49.744082077233,53.5356658333333,0.954647414085608,76.5440171042656,52.7845328,54.3366571525602,2.71361756217559,1.93896672255211
"3475338","2017-04-27",28.2472665763559,0.602121804839154,0.754135867942088,0.817882101169345,57.6458111369876,49.7594091963457,53.7026101666666,0.812443264395188,64.2070805461086,52.9751992,54.4695468655522,2.61236711480339,2.07364680100237
"3475337","2017-04-28",28.5130922070929,0.639258164062687,0.685464490972018,0.758898805930942,57.8863969771904,49.8371566894763,53.8617768333333,0.751149147133668,65.3160882062837,53.1711992,54.6158299501452,2.53668036317254,2.1662535134364
"3475336","2017-05-01",28.4129041873663,0.596817292741269,0.612732420547705,0.684110926487269,58.0543473465575,49.9547623201091,54.0045548333333,0.689433799590531,62.9168464027059,53.3265324,54.7070526234592,2.40903110198751,2.21480903114662
"3475335","2017-05-02",28.319872454763,0.604774856644487,0.613616771149483,0.637271227556401,58.2032412743513,50.096646058982,54.1499436666667,0.673391289765539,63.1898709650332,53.5205324,54.7927789403313,2.28851923588171,2.22955107209364
"3475334","2017-05-03",28.6430869979089,0.66578231606489,0.622458155150217,0.6162691156158,58.3606271816016,50.324815485065,54.3427213333333,0.704853647086187,65.2992352748387,53.6865324,54.9181857482871,2.22332293030074,2.22830544373506
"3475333","2017-05-04",28.9810153128694,0.72,0.663519057569794,0.633197994623163,58.4970658943095,50.6189321056905,54.557999,0.713361147673699,67.1501949962322,53.8258656,55.0735383151822,2.19698990464969,2.22204233591799
"3475332","2017-05-05",28.5955930974979,0.556666000000001,0.647482772021632,0.644486661580546,58.5271824906478,51.0032598426855,54.7652211666666,0.652298947452677,62.3729171477044,53.9551984,55.1459545398246,2.08324148094876,2.19428216492414
"3475331","2017-05-08",28.0190023808202,0.116917910447763,0.464527970149256,0.591843266580226,58.5067758933906,51.3931114399427,54.9499436666666,0.603877498229275,60.8739173360437,54.074532,55.1887166011813,1.94852243604611,2.14513021914854
"3475330","2017-05-09",27.9614145806828,0.0921040685579859,0.255229326335252,0.455746689502045,58.4536755338722,51.8362117994611,55.1449436666666,0.614939755953852,61.3188482751287,54.2035984,55.2346650543571,1.83028894956123,2.08216196523107
"3475329","2017-05-10",27.9680489659569,0.309209617381075,0.172743865462276,0.297500387315594,58.4242072918503,52.2595687081496,55.341888,0.65451925046375,64.868642905934,54.3689316,55.3478203804428,1.79591550614326,2.02491267341351
"3475328","2017-05-11",26.9390639316696,0.0394737361496534,0.14692914069624,0.191634110831255,58.2864518031174,52.7339908635493,55.5102213333333,0.548186801536359,57.7746080052145,54.5209316,55.3547776630505,1.64980735173808,1.94989160907843
"3475327","2017-05-12",25.2789885522875,0,0.116227784510245,0.145300263556253,57.9055753290088,53.4602003376578,55.6828878333333,0.418366579338597,52.9109562513316,54.6542648,55.2896953079771,1.43969280577596,1.84785184841793
"3475326","2017-05-15",23.8443852301102,0.19663123974018,0.0787016586299463,0.113952861278809,57.2289485177038,54.5273831489629,55.8781658333333,0.448446247148102,57.1589854645694,54.8009316,55.3110692669135,1.34287280131054,1.74685603899645
"3475325","2017-05-16",22.1880102756511,0.0898920338291736,0.095507757856453,0.0968124003322136,56.8606044807486,55.0907278525848,55.9756661666667,0.268912612236151,54.2955462782746,54.932932,55.287372031325,1.20602166664694,1.63868916452655
"3475324","2017-05-17",21.4969149314347,0,0.095507757856453,0.0899057247809498,56.9608500731379,54.9202605935287,55.9405553333333,-0.113384194048209,48.3874581837328,55.0275988,55.1712784271483,0.981561978080436,1.50726372723733
"3475323","2017-05-18",21.2077173954021,0,0.0299640112763929,0.0736598423297653,57.0923192636358,54.6432357363641,55.8677775,-0.103854795830845,45.8864227395735,55.1095988,55.0262186368619,0.746118582277777,1.35503469824542
"3475322","2017-05-19",20.0535124816541,0.126584489659522,0.0421948298865091,0.055888866339784,57.0595577027246,54.5479972972754,55.8037775,0.197665709458613,48.7397553223157,55.2242656,54.9449454852803,0.601393636892822,1.2043064859749
"3475321","2017-05-22",18.9817507760309,0.632911055921378,0.253165181860302,0.108441341007734,56.9372833843671,54.5841606156328,55.760722,0.563909967638839,58.2276519122482,55.3909324,55.0522860872429,0.674718786083295,1.09838894599658
"3475320","2017-05-23",17.8559302144195,0.443038118890839,0.400844554823915,0.232068188856907,56.8204372531478,54.6032287468522,55.711833,0.469606076074805,54.1778995428537,55.4875992,55.0786479422772,0.651786545730615,1.00906846594339
"3475319","2017-05-24",16.6502871403311,0.715190594454192,0.597046589755471,0.417018775479895,56.6467839979209,54.6991043354124,55.6729441666667,0.773460010007015,58.6203251981134,55.5201328,55.1970508833069,0.730024699102949,0.953259712575298
"3475318","2017-05-25",15.8085014844898,0.682353688579555,0.613527467308197,0.53713953729586,56.6715367578297,54.6893522421702,55.6804445,0.820971884793646,58.919562478033,55.5394664,55.3063334321993,0.789857142089678,0.920579198478174
"3475317","2017-05-26",15.0268433754942,0.711764207613629,0.703102830215794,0.63789229575982,56.7165105276899,54.6804891389767,55.6984998333333,0.768142320619285,59.4459180926462,55.5379996,55.4121556412394,0.83941412592512,0.904346183967563
"3475316","2017-05-30",14.1273558370732,0.576471584772742,0.656863160321977,0.657831152615322,56.742659551388,54.6982291152786,55.7204443333333,0.625871568981537,55.8978233569556,55.5073332,55.4527575557408,0.813283003126974,0.886133547799446
"3475315","2017-05-31",14.0420768857724,0.358823861590915,0.549019884659097,0.636328625065622,56.7420151089677,54.6844288910322,55.713222,0.353171644829988,50.659429389583,55.4533332,55.4057232149754,0.694777904094224,0.847862419058401
"3475314","2017-06-01",13.4446974131729,0.620000000000002,0.518431815454555,0.574771620145209,56.786611044292,54.6732772890412,55.7299441666666,0.780781884006283,56.6433810947635,55.4270664,55.4774041196453,0.715390151491824,0.821367965545086
"3475313","2017-06-02",13.5876046474249,0.80542931144016,0.594751057677027,0.554067585930225,57.0233221471662,54.5415665195004,55.7824443333333,1.1070080590826,62.9870796212605,55.4957332,55.6870835703593,0.881904365878983,0.833475245611865
"3475312","2017-06-05",13.7203042220874,0.828055514831647,0.751161608757272,0.621448160629617,57.2525615463409,54.4489947869924,55.8507781666666,1.00899632117136,63.4211273494924,55.5584,55.8799177609781,1.01325484457988,0.869431165405468
"3475311","2017-06-06",14.0153838984003,0.832578583568175,0.822021136613329,0.722644601015875,57.4758117970406,54.3912995362927,55.9335556666666,0.957410296149909,63.5132413412596,55.6324,56.0492620595143,1.10615967664269,0.916776867652913
"3475310","2017-06-07",14.986587434955,0.764257392764421,0.808297163721416,0.793826636364004,57.7660098862886,54.288323780378,56.0271668333333,1.00338350846503,65.1218520299581,55.7157332,56.2338044515791,1.20583493178479,0.974588480479288
"3475309","2017-06-08",16.0059746400146,0.756971121092526,0.784602365808376,0.804973555381039,58.0323634921663,54.1847478411669,56.1085556666666,0.971373572062041,65.9770583606351,55.7897332,56.4137411913685,1.29059139731533,1.0377890638465
"3475308","2017-06-09",16.75890282354,0.663551716306807,0.728260076721253,0.773719868750347,58.2754532536007,54.1505474130659,56.2130003333333,0.900898767292179,64.649366894211,55.8450668,56.5541316991861,1.32510545108488,1.09525234129417
"3475307","2017-06-12",18.5558614266267,0.547297667093018,0.655940168164118,0.722934203564581,58.6275259458484,54.1209193874848,56.3742226666666,0.981564263168054,66.7106902292264,55.9324004,56.7202474726279,1.38338064515284,1.15287800206591
"3475306","2017-06-13",20.4508312356709,0.794951678294412,0.668600353898081,0.684266866261149,59.216753648983,53.9239140176836,56.5703338333333,1.08395487400045,74.0451612733314,56.0857336,57.0642144762775,1.62230334088951,1.24676306983063
"3475305","2017-06-14",21.609525789356,0.725550504037219,0.689266616474885,0.671269046179027,59.5984925595635,53.9093967737698,56.7539446666666,0.93679032548638,69.985932182134,56.2217336,57.3134298794405,1.73767648422556,1.34494575270961
"3475304","2017-06-15",22.1859070396834,0.665613040235912,0.728705074189183,0.695524014854048,59.7856618118008,54.1411158548658,56.9633888333333,0.839156508708725,66.5906463877139,56.3230668,57.4871938955151,1.76305354120188,1.42856731040807
"3475303","2017-06-16",23.7608608016274,0.603448275862069,0.664870606711735,0.694280765791933,59.9594542774861,54.4651013891805,57.2122778333333,0.892109658249085,66.4081141866343,56.4510668,57.6355680427798,1.75979846127605,1.49481354058166
"3475302","2017-06-19",25.4291555777378,0.843242787436331,0.704101367844773,0.699225682915229,60.4274074195743,54.554925913759,57.4911666666666,1.03317437672067,74.1843295010023,56.6684004,57.9908256370758,1.97042764956736,1.5899363623788
"3475301","2017-06-20",26.5695152381439,0.768314629537095,0.738335230945167,0.702435735167224,60.8062201211444,54.6205575455222,57.7133888333333,0.927143328252793,71.3924535212992,56.8517336,58.2631595521324,2.07398156722833,1.68674540334871
"3475300","2017-06-21",28.0696437235857,0.680851063829787,0.76413616026774,0.735524253019225,61.1769423196006,54.7603910137327,57.9686666666666,0.933462338373238,72.3044705028151,57.0564,58.5280716118481,2.1592975012271,1.78125582292439
"3475299","2017-06-22",29.4626201743531,0.761732507916979,0.736966067094622,0.746479152769175,61.5349597845248,54.8668178821418,58.2008888333333,0.897278763026924,73.955247607963,57.3057332,58.810995396935,2.25409507996066,1.87582367433164
"3475298","2017-06-23",30.0607409362384,0.666667391304348,0.703083654350373,0.734728627237577,61.8016619022685,55.0362267643981,58.4189443333333,0.833878844543584,69.1469096129767,57.5510668,58.9984186773437,2.24250542457543,1.9491600243804
"3475297","2017-06-26",30.9000635355765,0.741817102811486,0.723405667344273,0.721151796263088,62.1071019763805,55.2291200236194,58.668111,0.87215358869023,71.9425768672755,57.8077332,59.2430735203645,2.28986911032962,2.01730184157024
"3475296","2017-06-27",30.9782712314763,0.641026373626373,0.683170289247404,0.703219870314015,62.210251370578,55.5931929627552,58.9017221666666,0.764208211400984,67.1602333129836,57.9930668,59.3951090509826,2.23924857913365,2.06169118908292
"3475295","2017-06-28",31.0508926633834,0.703296703296704,0.695380059911523,0.700652005501065,62.1655520666141,56.1795592667192,59.1725556666666,0.776516258650102,68.5766207048525,58.2097336,59.5646505108516,2.21131633458052,2.09161621818244
"3475294","2017-06-29",30.1161647943363,0.521738717993109,0.622020598305397,0.666856982488107,62.0966280157366,56.6455949842633,59.3711115,0.66938718979238,61.8202176008362,58.3710668,59.6226971094047,2.07454478642375,2.0882019318307
"3475293","2017-06-30",29.6539974642311,0.556097018441933,0.593710813243917,0.637037157153611,62.1592019921311,56.9313543412021,59.5452781666666,0.734694132000703,64.6344722432953,58.5504,59.7396708281507,2.01030172461196,2.07262189038696
"3475292","2017-07-03",29.2248420862763,0.595123321830905,0.557653019421984,0.591128143657098,62.1721901430252,57.2722548569748,59.7222225,0.723359582547098,65.3676132224585,58.7317336,59.8588267177306,1.95439767352252,2.04897704701407
"3475291","2017-07-05",28.0544788639435,0.443900054731655,0.531706798334833,0.56102354366691,62.0885213997874,57.6681456002126,59.8783335,0.633094981062461,60.1630633267074,58.9077332,59.8932044886999,1.8192387505243,2.00302938771612
"3475290","2017-07-06",26.2948930972053,0.297558734089041,0.445527370217202,0.511629062658005,61.9762492860886,57.998195380578,59.9872223333333,0.492039072181475,55.5534487869734,59.0883996,59.8563318902066,1.62603200869351,1.9276299119116
"3475289","2017-07-07",24.8811257310762,0.270836371515117,0.337431720111939,0.43822196288799,61.8692645569683,58.3579584430317,60.1136115,0.595802479880122,59.8592580018026,59.2613332,59.911043638179,1.54273218883847,1.85065036729697
"3475288","2017-07-10",23.2913503907684,0.0625039062337219,0.210299670612628,0.331086253647255,61.6457742899908,58.7986707100091,60.2222225,0.435607365573557,55.4123520052988,59.37,59.8917938197552,1.39325460315627,1.75917121446883
"3475287","2017-07-11",21.7428951040202,0.0277790509206191,0.120373109556488,0.222701500093684,61.5004283971086,59.0956832695581,60.2980558333333,0.401467381878145,54.6831492300996,59.4719996,59.8639986437878,1.2491998831389,1.65717694820284
"3475286","2017-07-12",20.8027768460322,0.173611776617596,0.0879649112573142,0.139545897142142,61.5034572947932,59.1693207052068,60.336389,0.539152664447489,57.228764434523,59.5873328,59.8865761579494,1.16876143103444,1.55949384476916
"3475285","2017-07-13",19.576908489095,0.0694455439768987,0.0902787905050398,0.0995389371062793,61.4417918664923,59.3326528001744,60.3872223333333,0.437572158184025,54.8583074096091,59.6813328,59.8728100035562,1.0590945306673,1.45941398194879
"3475284","2017-07-14",18.4386021576534,0.187503385402561,0.143520235332354,0.107254645698235,61.2572884184461,59.6621569148872,60.4597226666667,0.417284144678815,57.0306535616351,59.7806664,59.898658003082,0.998862361660224,1.36730365789108
"3475283","2017-07-17",17.2042802050493,0.129416885783022,0.128788605054162,0.120862543630517,61.1389126947566,59.8596439719101,60.4992783333333,0.233051916900261,54.7283215654245,59.8754664,59.8903929360044,0.909625431170369,1.27576801254694
"3475282","2017-07-18",17.0170023546219,0.0655768341743128,0.127499035119967,0.133269291835493,61.1262602657122,59.8484074009545,60.4873338333333,0.418613086945873,53.8461762886536,59.9534664,59.8716738778705,0.817806422218759,1.1841756944813
"3475281","2017-07-19",16.8431014935107,0.549180166622405,0.248057962193248,0.168115200789124,61.1906058184498,59.8473951815502,60.5190005,0.849823142966783,61.4402874144267,60.0107996,59.9865613608211,0.867467268562194,1.12083400929748
"3475280","2017-07-20",16.6816221224789,0.590166917485517,0.40164130609408,0.259066101135764,61.2370956337656,59.8303500329011,60.5337228333333,0.863053442654784,62.0108039733039,60.0861332,60.0972425127116,0.907239660986958,1.07811513963537
"3475279","2017-07-21",16.7339874700363,0.647540499867213,0.59562919465838,0.415109487648568,61.2949677248194,59.8046999418472,60.5498338333333,0.917633779497911,62.8396379797822,60.1788,60.2087208443501,0.943222839500479,1.0511366796084
"3475278","2017-07-24",17.126453798545,0.680234941177498,0.639314119510078,0.545528206754178,61.42261441857,59.75138658143,60.5870005,0.999101806944988,64.5757751290073,60.2818668,60.3377807317701,0.992535477513679,1.03941643918945
"3475277","2017-07-25",18.3807036091015,0.632434308250144,0.653403249764953,0.629448854644469,61.6125448981642,59.6331231018359,60.622834,1.167676120935,67.2191575130239,60.3325336,60.5016326342007,1.07089393812048,1.04571193897566
"3475276","2017-07-26",19.5453641474754,0.679557260157724,0.664075503195124,0.652264290823383,61.8152761460185,59.5531691873149,60.6842226666667,1.02762933927935,68.3075048567783,60.4005336,60.6658589496406,1.14142094340246,1.06485373986102
"3475275","2017-07-27",22.2566678166004,0.489511545796121,0.600501038067998,0.639326597009357,62.2519174032589,59.3165279300745,60.7842226666667,1.19617928114882,70.1235931977955,60.4712004,60.8459670896886,1.22022415355285,1.09592782259938
"3475274","2017-07-28",24.9910438863944,0.480892662988959,0.54998715631427,0.604854565859129,62.6868346789048,59.1627213210952,60.924778,1.11881531946204,71.2707306300865,60.5332004,61.0265048110634,1.29133361944482,1.13500898196847
"3475273","2017-07-31",26.7933973051037,0.393548249739678,0.454650819508254,0.535046337963506,62.8962627472147,59.1244042527853,61.0103335,0.890523619989658,65.1481752673853,60.5958668,61.127414836255,1.27737362317391,1.16348191020956
"3475272","2017-08-01",28.4670111939052,0.43548443288314,0.436641781870594,0.480426585897704,63.0569650225482,59.1164793107851,61.0867221666667,0.819179222731885,66.7478527758554,60.6425336,61.2437595247543,1.27982086719871,1.18674970160739
"3475271","2017-08-02",30.1732277924897,0.477420616026602,0.435484432883141,0.442259011420662,63.241871195266,59.1421291380673,61.1920001666667,0.836660977059064,68.3140908369441,60.7158668,61.3734809214537,1.29496844591228,1.20839345046837
"3475270","2017-08-03",32.0622140100679,0.583872366286925,0.498925805065557,0.457017339939763,63.4801159257357,59.2199960742644,61.350056,0.914686455215542,71.9286104038334,60.7998668,61.5592394652599,1.36292079386424,1.23929891914754
"3475269","2017-08-04",34.4300779866891,0.647240274380536,0.569511085564689,0.501307107837795,63.8811899946506,59.1644773386828,61.5228336666667,1.00516602850191,74.7486838825633,60.9305336,61.7868968698919,1.46441862146014,1.28432285961006
"3475268","2017-08-07",36.6856613083667,0.753622274734185,0.661578305133883,0.576671731921375,64.3539960922947,59.1455602410387,61.7497781666667,1.0429656645673,78.9913963878383,61.0785336,62.1086439539063,1.64603292621301,1.35666487293065
"3475267","2017-08-08",38.1938716060829,0.678967026592598,0.693276525235775,0.641455305311448,64.6671441653707,59.255190501296,61.9611673333333,0.930108264867785,74.4225476166939,61.2085336,62.3452700933855,1.72727189187116,1.43078627671875
"3475266","2017-08-09",39.5943525968194,0.700757498278413,0.7111155998684,0.688656810079351,64.9323829844607,59.3699520155393,62.1511675,0.873328228539379,75.0762201745909,61.364534,62.5681234142674,1.78710464847791,1.50204995107059
"3475265","2017-08-10",41.1219085619427,0.72734424431095,0.702356256393989,0.702249460499386,65.1811439930818,59.5456356735848,62.3633898333333,0.879133530736653,75.9850347296466,61.5478676,62.7857069590318,1.83586987030977,1.56881393491842
"3475264","2017-08-11",42.5897191109291,0.716813524943783,0.714971755844384,0.709481204035589,65.3885534797925,59.7632261868741,62.5758898333333,0.855870878693013,76.32315161596,61.7078676,62.9831686978275,1.86062224884982,1.6271755977047
"3475263","2017-08-14",44.1910591585576,0.739494336559379,0.727884035271372,0.715070682503247,65.5920258641101,60.0450864692233,62.8185561666667,0.895272121058524,78.2973926452149,61.9038672,63.2076342047839,1.90839420347722,1.6834193188592
"3475262","2017-08-15",44.3682396264045,0.565957816206114,0.674088559236427,0.705648116784059,65.6318890231688,60.4044453101646,63.0181671666667,0.759665381626192,68.1046105157877,62.076534,63.3132829774794,1.83928786047314,1.71459302718199
"3475261","2017-08-16",44.2878550980859,0.531913589860775,0.612455247542091,0.671475947349962,65.6533737469318,60.6946272530682,63.1740005,0.687860547919948,66.2470094340613,62.2298672,63.3870665804821,1.74714191850767,1.72110280544713
"3475260","2017-08-17",42.4980766837218,0.259575098233958,0.452482168100284,0.579675324959599,65.5610441495519,61.003067850448,63.282056,0.483216381939422,53.6422827148289,62.350534,63.3087910364178,1.52079582312903,1.68104140898351
"3475259","2017-08-18",39.7467446283429,0,0.263829562698246,0.442922326113539,65.4559137708051,61.2209758958616,63.3384448333333,0.25479022424136,45.9861924269453,62.4252004,63.1253962315621,1.21683582928434,1.58820029304367
"3475258","2017-08-21",37.1919362912053,0.190266203304245,0.149947100512736,0.28875294377042,65.3539841871524,61.4574608128475,63.4057225,0.335993327398602,52.0772371555752,62.5377336,63.0620100673538,1.05533567943679,1.4816273703223
"3475257","2017-08-22",36.041730838914,0.261063485784527,0.150443229696259,0.188073297635745,65.3067888619821,61.6468784713513,63.4768336666667,0.469899900568966,54.1491615178916,62.6644004,63.0426313917067,0.950551951765055,1.37541228661085
"3475256","2017-08-23",35.0439512925244,0.389381071344184,0.28023692014432,0.193542416784437,65.2465827346271,61.8909735987063,63.5687781666667,0.544072028060987,57.7173555687423,62.7710672,63.0902805394791,0.918779108491852,1.28408565098705
"3475255","2017-08-24",34.0019277618126,0.367258082072494,0.33923421306707,0.256638120969215,65.2501168281316,61.9641061718684,63.6071115,0.496145833152067,56.8952650854392,62.8710672,63.1204658008819,0.872808411617076,1.20183020311305
"3475254","2017-08-25",33.7561423126017,0.600002123891927,0.45221375910287,0.357228297438085,65.3413764294788,62.0085139038545,63.6749451666667,0.736217813950345,62.8846972435166,63.0014676,63.2635156940976,0.937423145171756,1.14894879152479
"3475253","2017-08-28",33.1903396025134,0.53805350614734,0.501771237370589,0.431073069846842,65.3509038037865,62.1735421962136,63.762223,0.646872486558582,60.4760040217145,63.1128008,63.356380268218,0.947594594115819,1.108677952043
"3475252","2017-08-29",32.6499605096382,0.535398641240141,0.557818090426471,0.503934362299975,65.3119346261376,62.3969557071958,63.8544451666667,0.614732047572201,60.3692834784812,63.208134,63.4355295657889,0.943305538983186,1.07560346943104
"3475251","2017-08-30",32.0158411548109,0.513272997103543,0.52890838149701,0.529499236431355,65.2696905040639,62.5959771626028,63.9328338333333,0.577481317881345,59.4280559022815,63.2934672,63.4930136236837,0.918574312567855,1.0441976380584
"3475250","2017-08-31",31.9968392488045,0.676990551335794,0.575220729893161,0.553982400605546,65.3423604519938,62.6871955480062,64.014778,0.778994096457369,63.9116809211244,63.3921336,63.6250558071926,0.965963334650488,1.02855077737682
"3475249","2017-09-01",31.9791946217985,0.831682344868965,0.673981964436102,0.592703691942089,65.4407128085006,62.6855095248328,64.0631111666667,0.793665748051891,65.5727134247333,63.4934668,63.7728256995669,1.02299123715797,1.02743886933305
"3475248","2017-09-05",31.0644034071726,0.661478928522444,0.723383941575736,0.657528878634998,65.4418264329338,62.6852845670662,64.0635555,0.68977080418913,59.3019405590181,63.5901336,63.829782272958,0.989021498824449,1.01975539523133
"3475247","2017-09-06",30.2149544221628,0.79085526181395,0.761338845068454,0.719568250360096,65.5144879182457,62.671955748421,64.0932218333333,0.777568773026525,62.511270910443,63.6958668,63.9382553032302,1.00634510829909,1.01707333784488
"3475246","2017-09-07",29.2361347601844,0.739335792098777,0.730556660811725,0.738426482485303,65.5811188559188,62.6664354774145,64.1237771666667,0.74534723231824,61.2212604379164,63.7885332,64.0175985961329,0.994502250490692,1.01255912037404
"3475245","2017-09-08",29.4831326397069,0.68376153846154,0.73798419745809,0.743293234446088,65.7960748095612,62.5742575237721,64.1851661666667,0.978802395200235,66.5198955544807,63.8905332,64.1908081166485,1.0710904633527,1.02426538896977
"3475244","2017-09-11",30.3779840314323,0.669640624999998,0.697579318520106,0.722040058929972,66.1531035981532,62.4004504018468,64.276777,1.06845638407681,69.91110739897,63.9965328,64.4209217010954,1.19260317697356,1.05793294657053
"3475243","2017-09-12",30.8917260325952,0.592318627450979,0.64857359697084,0.694712370983011,66.3189532360604,62.3304900972729,64.3247216666667,0.912509349110722,67.6560933958236,64.057866,64.5959094742826,1.25069584998572,1.09648552725357
"3475242","2017-09-13",32.0154074540712,0.657678921568627,0.639879391339869,0.662010768943604,66.6290104965495,62.2284331701172,64.4287218333333,0.960583846841868,69.2117487549096,64.1425324,64.7831215443783,1.31418970532127,1.14002636286711
"3475241","2017-09-14",33.2622976172616,0.817391621927613,0.689129723649074,0.659194237319927,67.0942385067493,62.0759831599174,64.5851108333333,1.02771776583108,74.2193071487855,64.2618656,65.0787053384612,1.47083466077258,1.2061880224482
"3475240","2017-09-15",34.7327399775084,0.714829331058051,0.729966624851432,0.686325246613457,67.505148747907,62.0861839187597,64.7956663333333,0.98367177421702,74.2193071487854,64.3738656,65.3348779599997,1.57535611887254,1.28002164173307
"3475239","2017-09-18",36.240793238631,0.849462689327549,0.793894547437739,0.737663631979414,67.8908592483263,62.275474085007,65.0831666666667,1.02834072470159,77.6606469761425,64.5158656,65.6657835653331,1.7372583248453,1.37146897835552
"3475238","2017-09-19",37.1159724431811,0.788529487033362,0.784273835806322,0.76937833603183,68.1481527906673,62.5120692093327,65.330111,0.92147038791268,73.9713590987913,64.6305324,65.914789756622,1.80830786396677,1.45883675547777
"3475237","2017-09-20",36.478376006124,0.567567129291792,0.735186435217569,0.771118272820542,68.2830770102616,62.7499223230717,65.5164996666667,0.785179749324532,63.7963027078719,64.7365324,66.0128177890724,1.73583544561497,1.51423649350521
"3475236","2017-09-21",35.6195826603898,0.525868319792802,0.627321645372653,0.71559397213218,68.3647737559014,62.9790032440986,65.6718885,0.713999989566498,61.9269672387209,64.840666,66.0737754171961,1.63735080300793,1.53885935540575
"3475235","2017-09-22",35.2546785853114,0.69498015831648,0.596138535800359,0.652882205463526,68.4909210884865,63.2411889115134,65.866055,0.807010264968598,66.2465777310579,65.016666,66.2239386949033,1.62929033664607,1.55694555165382
"3475234","2017-09-25",33.662104359553,0.443514738887464,0.554787738998917,0.592749306723975,68.5315842873279,63.4120807126721,65.9718325,0.618359946004611,57.573832522491,65.1913328,66.2340802022495,1.49579903855903,1.54471624903486
"3475233","2017-09-26",32.4847574833745,0.527195770383647,0.555230222529198,0.568718832442823,68.5648283603466,63.6465029729867,66.1056656666667,0.662634149566923,59.6792504339655,65.350666,66.2873135086163,1.41425413890659,1.51862382700921
"3475232","2017-09-27",32.8951533827543,0.448411904761905,0.473040804677673,0.527686255401928,68.7168861633782,63.8727788366218,66.2948325,0.84627449810376,63.0374531013403,65.5219992,66.4090050408007,1.40219808675641,1.49533867895865
"3475231","2017-09-28",33.2762352893213,0.769161640243807,0.581589771796454,0.53662026633444,68.9858249837428,64.0755066829238,66.5306658333333,0.973695870105217,69.9113254487591,65.7317324,66.7069150353607,1.54908789710575,1.50608852258807
"3475230","2017-09-29",33.1819612122089,0.681056949679384,0.6328768315617,0.562502469345274,69.1863876164604,64.2556110502062,66.7209993333333,0.873414608279189,66.8207158770331,65.9314656,66.9206596973126,1.60541479595961,1.52595377726238
"3475229","2017-10-02",33.1990245032383,0.777249500237438,0.742489363386878,0.652318655581676,69.4075745091346,64.4366464908654,66.9221105,0.89677356543579,68.7124393036214,66.1130652,67.1623490710042,1.68065125505337,1.55689327282058
"3475228","2017-10-03",33.3108669731907,0.764766046874564,0.74102416559713,0.705463453515234,69.5330123308045,64.7482086691955,67.1406105,0.879546642893173,68.8330023605571,66.3050652,67.3753691948703,1.72258390517102,1.59003139929066
"3475227","2017-10-04",33.6274022328293,0.802592026512486,0.781535857874831,0.755016462286278,69.6735094174009,65.0398225825991,67.356666,0.898530169568314,69.8796751436026,66.5063984,67.5897639688876,1.76130515046966,1.62428614952646
"3475226","2017-10-05",33.9213278310652,0.802592026512486,0.78998336663318,0.770847796701712,69.711413664685,65.4352516686483,67.5733326666667,0.873907100529693,69.8796751436026,66.7110652,67.7755727730359,1.77074139857396,1.65357719933596
"3475225","2017-10-06",34.2601416172072,0.777667774344741,0.794283942456572,0.78860105565486,69.8098665103551,65.6784651563115,67.7441658333333,0.838935237708021,68.8786970593837,66.887732,67.9254964032978,1.74753354341988,1.67236846815275
"3475224","2017-10-09",34.6162981673843,0.802957441337383,0.794405747398205,0.792891018829318,69.9539266039747,65.8172943960253,67.8856105,0.827145231185738,69.5366485451591,67.0590656,68.0709862161914,1.72263026258019,1.68242082703824
"3475223","2017-10-10",34.3428116109381,0.709360304788479,0.763328506823536,0.784006065559436,69.9599681746252,66.1136974920415,68.0368328333333,0.748972033525756,65.4895786522847,67.2390656,68.1548547206992,1.646054861033,1.67514763383719
"3475222","2017-10-11",34.0888598085239,0.793103244436693,0.768473663520853,0.77540263924753,70.0070737419227,66.3352582580773,68.171166,0.764461546140401,67.3221094664588,67.4126656,68.2653180912727,1.60019633546973,1.6601573741637
"3475221","2017-10-12",34.036611452798,0.815764350506751,0.772742633243976,0.76818160119612,70.1124876075959,66.4316220590707,68.2720548333333,0.765985039051196,67.8200799147083,67.5937324,68.371275679103,1.55469021343981,1.63906394201892
"3475220","2017-10-13",34.2476648462424,0.876923076923075,0.828596890622174,0.789937729129,70.2672733711586,66.4968359621747,68.3820546666666,0.827444413670671,70.4937162695089,67.7603988,68.5195495885559,1.55030934792089,1.62131302319931
"3475219","2017-10-16",34.0750102247935,0.78882209791565,0.827169841781827,0.809503121882657,70.3947454602314,66.5149192064352,68.4548323333333,0.770817367737866,68.0950494344539,67.8963992,68.6258323100818,1.50942721830511,1.59893586222047
"3475218","2017-10-17",34.0416754085972,0.736635122049744,0.800793432296158,0.818853388233385,70.5344111060475,66.5744758939524,68.5544435,0.788725220345659,69.6519954406871,68.049066,68.7490546687376,1.48699088024595,1.57654686582557
"3475217","2017-10-18",34.5790875831345,0.566920502016546,0.697459240660648,0.775140838246209,70.6359481306324,66.7521612027009,68.6940546666666,0.807074518280851,69.7655142335738,68.1917328,68.8580700462392,1.45407661176074,1.5520528150126
"3475216","2017-10-19",34.0191946765913,0.209858430140258,0.504471351402184,0.667574674786329,70.580577748358,67.0611985849753,68.8208881666666,0.653500132150419,62.4693071946515,68.2750664,68.888106040074,1.35556795880074,1.51275584377023
"3475215","2017-10-20",33.5316684090856,0.255471735298298,0.344083555818369,0.515338049293732,70.5828800688878,67.2536739311122,68.918277,0.65237156016788,63.184102891406,68.3617328,68.9252465680641,1.27254204478493,1.46471308397317
"3475214","2017-10-23",32.6126322866738,0.136861813364282,0.200730659600947,0.349761855607165,70.3192719062477,67.7739487604189,69.0466103333333,0.538436376992196,59.9848324124919,68.407066,68.9285470256556,1.16788749755425,1.40534796668939
"3475213","2017-10-24",31.7592416015771,0.218978901382847,0.20377081668181,0.249528344033707,69.9734720998364,68.3536375668302,69.1635548333333,0.549936273336455,61.440530750109,68.4697328,68.9514074222348,1.08993573149272,1.34226551965005
"3475212","2017-10-25",29.8965320148459,0,0.118613571582378,0.17437168262171,69.8628787542739,68.5192312457261,69.191055,0.00222932050372063,48.5491945151924,68.5270664,68.8356650992702,0.898745310746851,1.25356147786941
"3475211","2017-10-26",27.9962297528744,0.0477465088486142,0.0889084700771551,0.137097619447113,69.8803851295881,68.4793918704118,69.1798885,0.109880230981273,49.8495109988461,68.5962664,68.7509097527008,0.75221148965976,1.15329148022748
"3475210","2017-10-27",26.1038871259556,0.0136412749864906,0.0204625946117031,0.0759948787570772,69.8707787148713,68.497220618462,69.1839996666667,0.107185890854958,48.8988629881295,68.6329332,68.6663444523407,0.61914193176571,1.04646157053513
"3475209","2017-10-30",24.346711829531,0.0613877838351048,0.0409251892234047,0.0500987513040862,69.9009847549946,68.4297922450054,69.1653885,0.0628250581532034,50.3270467668626,68.7102664,68.6086091920286,0.521380624588108,0.941445381345724
"3475208","2017-10-31",23.7856721195417,0.19099422097801,0.0886744265998698,0.0500207368116578,69.9009924028184,68.4296735971816,69.165333,0.357422923890026,54.0788170023187,68.7869332,68.6007946330915,0.47569210526428,0.848294726129436
"3475207","2017-11-01",23.2647066745517,0.225099454840133,0.159160486551084,0.0962533674581181,69.8940853245006,68.4165806754993,69.155333,0.397121812711243,55.0411179188774,68.8442664,68.6051326820126,0.444170397873678,0.767469860478284
"3475206","2017-11-02",25.3915662295745,0.126808971323848,0.180967549047332,0.142934154066094,70.0236356734948,68.3703633265052,69.1969995,0.989060681062198,55.4433061933783,68.8451996,68.6133363244109,0.418284069065833,0.697632702195794
"3475205","2017-11-03",27.3665072449528,0.456520557653385,0.269476327939124,0.203201454512512,70.3074052994041,68.2354823672626,69.2714438333333,1.15730541688589,69.0230814193685,68.9201328,68.8226688144895,0.56929626776836,0.671965415310307
"3475204","2017-11-06",29.200381044947,0.597827386581276,0.393718971852838,0.281387616279763,70.6512519886068,68.0714140113931,69.361333,1.1493975002038,72.8431614309831,69.0041332,69.0907583058909,0.755580098265529,0.688688351901351
"3475203","2017-11-07",30.0650255045135,0.500725001576089,0.518357648603585,0.393850982798514,70.8635678022724,68.0359871977276,69.4497775,0.964552333028245,66.7513592940961,69.0692,69.2635465317721,0.840564801207755,0.719063641762632
"3475202","2017-11-08",30.8679096455395,0.608694801510438,0.569082396555936,0.493719672337452,71.1203336734566,67.9733323265433,69.546833,0.988241608637099,69.7778506200938,69.1452,69.4795176608692,0.954121953801179,0.766075304170342
"3475201","2017-11-09",30.7835000428328,0.510868501888047,0.540096101658193,0.542512048939236,71.2706088544919,67.9718348121747,69.6212218333333,0.838812182645961,64.0858408295766,69.2032,69.6066926394199,0.980046811699586,0.808869605676191
"3475200","2017-11-10",30.7215413418948,0.550725110271978,0.556762804556822,0.555313767590316,71.4201197162173,67.9473246171159,69.6837221666666,0.840632775495292,65.3268382891207,69.2718668,69.7413562874973,1.00987232021024,0.849070148583
"3475199","2017-11-13",30.257890686921,0.503622833962683,0.521738815374237,0.539532573863083,71.5401968660224,67.9514698006442,69.7458333333333,0.779192774600461,62.5749430792588,69.3272,69.8291754491643,0.996707488312576,0.878597616528915
"3475198","2017-11-14",29.8351870949449,0.609489210933156,0.554612385055941,0.544371334995665,71.7013407857843,67.928881547549,69.8151111666666,0.83617915703708,66.1215990289682,69.4152,69.9719520559424,1.03186312885164,0.90925071899346
"3475197","2017-11-15",30.3968775166277,0.591241739039036,0.568117927978293,0.548156376136156,71.8866723502989,67.8882169830343,69.8874446666666,0.861612639680207,65.0157615468543,69.4885336,70.0845811151501,1.03783978338983,0.934968531872733
"3475196","2017-11-16",31.6934685292433,0.760518446601943,0.653749798858046,0.592160037297425,72.3428320212649,67.752056978735,70.0474445,1.0475470866494,72.8421905196267,69.6121336,70.3599702997967,1.18166408909663,0.984307643317514
"3475195","2017-11-17",32.8974458981006,0.762068801426759,0.704609662355914,0.64215912973075,72.691413487949,67.7023641787176,70.1968888333333,0.944483714074237,73.2450410383818,69.7221336,70.6097515931572,1.28922560157174,1.04529123496836
"3475194","2017-11-20",34.0799898406927,0.752983157894735,0.758523468641147,0.705627643285034,72.9859187575064,67.7363035758269,70.3611111666666,0.893891506666932,72.9189135397317,69.8378668,70.8231180474029,1.35528260345317,1.10728950866532
"3475193","2017-11-21",35.1556744483507,0.749117491789759,0.754723150370419,0.739285427122492,73.2246940816152,67.8080839183848,70.516389,0.838516331200492,72.769349347701,69.9438668,71.0067023077492,1.3897811432708,1.16378783558642
"3475192","2017-11-22",34.245261376355,0.328124999999999,0.610075216561499,0.70777394519102,73.2561475660897,68.0855187672435,70.6708331666666,0.68184961054315,59.9652262515524,70.0105332,71.0369193333826,1.29213297585462,1.18945686364006
"3475191","2017-11-24",34.1217217031515,0.332590283849354,0.469944258546372,0.611580875159428,73.3021340299907,68.3723099700093,70.837222,0.727977304326818,61.1087647441388,70.1025328,71.0831074222649,1.21769522324344,1.19510453556073
"3475190","2017-11-27",34.1947263664943,0.691880293393309,0.450865192414222,0.51029488917403,73.4254291191533,68.6596815475132,71.0425553333333,0.858507867719912,68.142700593335,70.2342664,71.2666930992963,1.26595089283887,1.20927380701636
"3475189","2017-11-28",34.3648150206328,0.68305901639344,0.569176531212036,0.496661994057542,73.4580471431388,69.0553968568611,71.2567219999999,0.85179522165566,68.2765891167711,70.3755996,71.4289113527234,1.29140505485348,1.22570005658379
"3475188","2017-11-29",35.2599037523096,0.711905558858353,0.695614956215035,0.571885559947096,73.6582815048664,69.3230514951335,71.4906664999999,0.994502059141912,72.3840447348372,70.5415996,71.6717231723603,1.38148201452952,1.25685644817293
"3475187","2017-11-30",37.73542213657,0.516326728029906,0.637097101093901,0.633962862840323,74.4693522284818,69.2049814381848,71.8371668333333,1.27809295668975,77.8817721785506,70.8029328000001,72.064382749379,1.5866809104625,1.32282134063085
"3475186","2017-12-01",40.0341177790975,0.7306123548521,0.652948213913454,0.661886757074129,75.488432670435,68.8764573295648,72.1824449999999,1.21516726689895,82.6459077140275,71.1295996,72.6380210494618,1.91940662411834,1.44213839732834
"3475185","2017-12-04",42.4556485161911,0.837274039331016,0.694737707404342,0.661594340803898,76.7499244661982,68.3875212004684,72.5687228333333,1.19240428251794,85.5772364891053,71.5209328,73.3396182428669,2.32064800306384,1.61784031847544
"3475184","2017-12-05",43.7559531906825,0.75059072173844,0.772825705307187,0.706837208874993,77.5946400717438,68.2169155949227,72.9057778333333,1.01952853936391,78.7279403624628,71.8782660000001,73.8498904771513,2.52373830732882,1.79901991624612
"3475183","2017-12-06",44.6505811670892,0.706589186319595,0.764817982463019,0.744127131724848,78.2041555361512,68.2710661305154,73.2376108333333,0.919042421079162,76.4806530960432,72.2129324000001,74.2587930801978,2.62397084991275,1.96401010297944
"3475182","2017-12-07",44.6000386536134,0.615831999930378,0.691003969329473,0.742882552366558,78.5828673588324,68.4442436411675,73.5135555,0.804643699119823,70.1810771469392,72.5150660000001,74.5158433361714,2.5924789026865,2.08970386292086
"3475181","2017-12-08",45.0078229152295,0.631994460005992,0.651471882085323,0.70243127795927,78.9546515834399,68.70412641656,73.8293889999999,0.814731939500104,70.6447972645029,72.8210664,74.7559535580152,2.5510565684004,2.18197440401676
"3475180","2017-12-11",44.7501479406675,0.561542296536385,0.603122918824253,0.648532923413015,79.1122475632647,69.0654187700685,74.0888331666666,0.695755318135671,65.8384500998285,73.0437332,74.8884930836132,2.42844579870225,2.23126868295386
"3475179","2017-12-12",43.9554210408655,0.49730646386509,0.563614406802491,0.606069735904021,79.1468903849607,69.5124422817059,74.3296663333333,0.628162712255714,61.7155993604496,73.2197328000001,74.9344713391314,2.24951670749489,2.23491828786207
"3475178","2017-12-13",42.7164106313606,0.426520872686179,0.495123211029219,0.553953512218653,79.1203533858073,69.9423126141926,74.5313329999999,0.563775448511517,58.0532502257376,73.3942660000001,74.9098751605806,2.03229300831791,2.19439323195324
"3475177","2017-12-14",41.2265266442704,0.28704086752163,0.403622734690968,0.487453450840891,79.056396069828,70.359046930172,74.7077215,0.51763585251135,55.6025625760894,73.5355992,74.8441131391698,1.80354578094102,2.11622374175079
"3475176","2017-12-15",40.0389478028318,0.267419660166663,0.326993800124826,0.40857991528167,79.0595879734549,70.5880773598784,74.8238326666666,0.507023619444134,54.7317592979724,73.6902660000001,74.7715647206139,1.59142594144943,2.01126418169052
"3475175","2017-12-18",38.9361960214959,0.306969366116554,0.287143297934951,0.33925327758358,79.0667455415195,70.8794757918138,74.9731106666666,0.552140621523887,59.4246478802421,73.8695992000001,74.8153560911987,1.49247166462396,1.90750567827721
"3475174","2017-12-19",37.5641321945436,0.10046898924178,0.224952671841668,0.279696589967147,79.03345117022,71.1859921631132,75.1097216666666,0.506548404176032,57.0367415608625,74.0455992,74.8133086123722,1.36590897534064,1.79918633768989
"3475173","2017-12-20",36.2900729266593,0.111185011634309,0.172874455664216,0.228323475146943,78.9650576683643,71.5371633316357,75.2511105,0.490127237948084,57.3647271234129,74.2037324,74.8186447973892,1.25687876800691,1.6907248237533
"3475172","2017-12-21",35.4133703655958,0.187541443458061,0.133065148111385,0.176964091872422,78.7659272164958,72.1307381168375,75.4483326666666,0.51615939878371,59.7241147954594,74.3803988,74.8739361577373,1.1976178381532,1.59210342663328
"3475171","2017-12-22",34.5992894160369,0.211346808510638,0.170024421201005,0.158654674992201,78.5320482433103,72.7183947566896,75.6252215,0.478269287355353,60.099571749954,74.506132,74.9298553367057,1.14384008082085,1.50245075747079
"3475170","2017-12-26",34.0926051779737,0.177165493831097,0.192017915266601,0.165035828192995,78.35412793265,73.1645370673499,75.7593325,0.437182106426461,57.7484013061811,74.6187988,74.9458746251449,1.06269916965254,1.41450043990714
"3475169","2017-12-27",34.110035055417,0.283464790129756,0.223992364157166,0.195344900208255,78.1286357434333,73.7031405899,75.9158881666666,0.504695180828171,60.8024320129327,74.7503988,75.0197580084589,1.03485948342388,1.33857224861049
"3475168","2017-12-28",34.8921858863354,0.462992490545269,0.307874258168709,0.241294845864157,78.0561924480779,74.095583551922,76.075888,0.691524927914392,65.3568546647966,74.9127988,75.1851236073311,1.08179567500144,1.28721693388868
"3475167","2017-12-29",36.4704279401775,0.55421680214843,0.43355802760782,0.321808216644563,78.370322194799,74.0070094718676,76.1886658333333,0.95841946865,70.6961934245061,75.1581324,75.475996459687,1.22283061974657,1.27433967106026
"3475166","2018-01-02",37.9359384187451,0.599397470605456,0.53886892109972,0.426767068958748,78.5919808437006,73.916461822966,76.2542213333333,0.920916264327547,71.7552389275735,75.407466,75.7614195983954,1.34461987521208,1.28839571189062
"3475165","2018-01-03",39.4553936482489,0.617469737988266,0.590361336914053,0.520929428540529,78.6066872927598,73.9080893739068,76.2573883333333,0.960741346827538,72.1882152188479,75.6177328,76.0221196519426,1.43414995952493,1.31754656141748
"3475164","2018-01-04",41.1849470730495,0.680518088042551,0.632461765545426,0.587230674519732,78.9713396848146,73.7006593151853,76.3359995,1.07184214471322,75.9586300820648,75.865066,76.3747250316836,1.58621177936988,1.37127960500796
"3475163","2018-01-05",38.5668705436561,0.019220249755716,0.439069358595513,0.553964153684996,78.8733445365179,73.693543463482,76.283444,0.512634204623684,45.9762426248166,75.9119992,76.1145390274591,1.24323815133247,1.34567131427287
"3475162","2018-01-08",36.1875122791595,0.729873167507239,0.47653716843517,0.516022764192035,79.3575395744006,73.4930150922659,76.4252773333333,1.01387161497018,63.0011238253301,76.0879992,76.5014898237979,1.44055451290508,1.36464795399931
"3475161","2018-01-09",34.5637646488015,0.71923939490264,0.489444270721867,0.468350265917515,79.880160805537,73.2620608611295,76.5711108333333,1.01391122254166,63.846999742422,76.206666,76.8790698472915,1.60977478590818,1.41367332038108
"3475160","2018-01-10",34.6045393833696,0.742551980212449,0.730554847540777,0.565512095565937,81.2238922127669,72.6077744538997,76.9158333333333,1.20033513571585,70.1834417921734,76.3733328,77.5707498676527,2.00345148928676,1.53162895416222
"3475159","2018-01-11",34.6840885754593,0.924751273053531,0.795514216056208,0.671837778106283,82.6792452421663,72.0270884245002,77.3531668333333,1.15319602584714,73.7751549842509,76.6486664,78.434649885299,2.48532154618697,1.72236747256717
"3475158","2018-01-12",34.7895097031201,0.920585743515168,0.862629665593717,0.796232909730233,83.8431905490599,71.7875877842734,77.8153891666666,1.04296116870956,73.8322195247993,76.9353336,79.1878085672591,2.83006814053739,1.94390760616121
"3475157","2018-01-16",34.594152142202,0.887230269132868,0.910855761900524,0.856333214516815,84.732378238987,71.8234004276796,78.2778893333333,0.951873165476909,72.0594834614038,77.2372,79.7938780916246,3.02697473434874,2.16052103179872
"3475156","2018-01-17",34.412748692778,0.912643555477623,0.906819856041888,0.893435094512042,85.4833741708606,72.001293495806,78.7423338333333,0.902748628410655,72.5992902714911,77.5445332,80.3546943460746,3.16895447608139,2.36220772065525
"3475155","2018-01-18",34.0746426353319,0.895172457170413,0.898348760593636,0.905341459512015,86.1076601187603,72.2408965479063,79.1742783333333,0.850810889780468,71.5754967890524,77.8672,80.8162910999314,3.22243074360717,2.53425232524564
"3475154","2018-01-19",34.1894688612121,0.881206286197815,0.896340766281952,0.900503127639157,86.6875836944555,72.5948623055444,79.641223,0.844772326028988,72.1522125684593,78.2205336,81.2496749532739,3.24945728814756,2.67729331782602
"3475153","2018-01-22",34.3974039187236,0.911887175728336,0.896088639698856,0.896926055524813,87.2213700446036,73.0360762887297,80.1287231666666,0.83831212211211,73.3924764449076,78.6145336,81.696384959504,3.28315504370338,2.79846566300149
"3475152","2018-01-23",34.5904864721271,0.92980830662338,0.907633922849846,0.900021109610217,87.6771725921154,73.5286074078846,80.60289,0.813530025287946,73.8625919583976,79.0298672,82.1102002982368,3.28904620246697,2.89658177089459
"3475151","2018-01-24",34.8135389009279,0.949298851983642,0.930331444778454,0.911351335775717,88.0286181806558,74.1494951526774,81.0890566666666,0.797797153681936,74.4302053543476,79.4592004,82.4999509251386,3.2765092689901,2.97256727051369
"3475150","2018-01-25",35.3168850918245,0.914845278128095,0.931317478911707,0.923094282180001,88.2735548900173,74.9112244433159,81.5923896666666,0.792434293722419,74.7674102925118,79.8618668,82.8555121351201,3.24020166851022,3.026094150113
"3475149","2018-01-26",36.0391201311677,0.867390754252829,0.910511628121523,0.92405351727056,88.508469868608,75.6831977980586,82.0958338333333,0.804844696093782,76.0433205148508,80.2965332,83.2303318504374,3.22094278824157,3.06506387773871
"3475148","2018-01-29",36.4844626089393,0.838095017816351,0.873443683399093,0.905090930144106,88.678847029835,76.4150429701649,82.546945,0.769877246127147,74.6344023560929,80.7221332,83.5320649370458,3.15085571084106,3.08222224435918
"3475147","2018-01-30",36.9072313604876,0.783393189015435,0.82962632036154,0.871193877294051,88.9003910833769,76.9734982499563,82.9369446666666,0.755887433770521,75.1773248374334,81.1401332,83.818900278773,3.07681276902976,3.0811403492933
"3475146","2018-01-31",37.329374152893,0.774013559322036,0.798500588717942,0.833856864159523,89.0505406057568,77.6239043942432,83.3372225,0.752966616464738,76.1421370220001,81.5690668,84.1119362416033,3.01411868291217,3.06773601601707
"3475145","2018-02-01",37.5914185106956,0.741572200480673,0.766326316272716,0.798151075117398,89.0952626240027,78.3558483759972,83.7255555,0.729372953662179,75.353551732787,82.0044,84.3547887427228,2.92161268673248,3.03851135016015
"3475144","2018-02-02",37.4622445012969,0.66292172705424,0.726169162285651,0.763665355758768,89.1160018362955,78.9989984970378,84.0575001666666,0.69090532725623,73.0717653833259,82.4124,84.5341502436931,2.79301924402549,2.98941292893322
"3475143","2018-02-05",34.9356294381595,0,0.468164642511639,0.653553373690001,88.0814975527597,80.8486144472403,84.465056,0.504831729315063,57.5275946322172,82.7126668,84.4318195445341,2.47790214670636,2.88711077248785
"3475142","2018-02-06",33.5200948072205,0,0.220973909018082,0.471769237938456,87.5072269576507,81.8223293756826,84.6647781666667,0.283383110147958,49.0100535392137,82.91,84.1475769385962,2.06422011967191,2.72253264192466
"3475141","2018-02-07",31.7566904969122,0.545454545454546,0.181818181818184,0.290318911115967,86.785264290702,83.0659580426313,84.9256111666666,0.570786184960323,59.5612028208723,83.1933332,84.2212333467834,1.94409375294933,2.56684486412959
"3475140","2018-02-08",31.0659477830344,0.231277533039647,0.258910692831399,0.220567594555887,86.6430638146565,83.3644915186767,85.0037776666666,0.350409175379574,52.9268512880768,83.4186664,84.1050689005456,1.69984963030423,2.39344581736452
"3475139","2018-02-09",31.9365757037684,0,0.258910692831399,0.233213189160326,87.0345223157665,82.7152546842335,84.8748885,-0.227335920808638,41.1619479622016,83.4773332,83.5755037138062,1.18289418823063,2.15133549153774
"3475138","2018-02-12",33.1034957412173,0,0.0770925110132171,0.198304632225337,87.6700066878572,81.6497703121428,84.6598885,-0.263886146600166,38.1347721483668,83.6630668,82.9743258852987,0.660297239015373,1.85312784103327
"3475137","2018-02-13",34.1870643474198,0.00214451206883084,0.000714837356278456,0.112239347066963,88.147642834016,80.7293568326506,84.4384998333333,-0.141005640088754,38.2112517112249,83.6657336,82.4555277672589,0.242700256295247,1.53104232408567
"3475136","2018-02-14",32.2422616360888,0.169381719288902,0.057175410452579,0.0449942529406901,88.19622276615,80.4524432338499,84.324333,0.185496426754555,44.0228872328108,83.7077332,82.1792347316244,0.0375861150132994,1.23235108227119
"3475135","2018-02-15",30.6511696490785,0.690619988766455,0.287382073374731,0.115090773727861,88.3216054920497,80.4926161746169,84.4071108333333,0.664431931266895,58.4348709830521,83.8184,82.5331154340745,0.308365500296381,1.04755396587623
"3475134","2018-02-16",29.4581593900377,0.809962660502827,0.556654789519396,0.300404091115567,88.5993056389121,80.4604710277545,84.5298883333333,0.798035912497185,62.0955070443375,83.9117332,83.0464773761979,0.664997175122317,0.971042607725447
"3475133","2018-02-20",28.3999459592465,0.788706010928963,0.763096220066083,0.535711027653402,88.8297057194211,80.4300706139122,84.6298881666666,0.773570038595245,61.7178531057488,83.9997328,83.4780577260381,0.924932872963624,0.961820660773083
"3475132","2018-02-21",26.5455978392912,0.61384262295082,0.737503764794205,0.685751591459893,88.8620745949477,80.4388124050522,84.6504435,0.594922032419439,55.8636496462281,84.0377328,83.6387606958997,0.963991136644982,0.962254755947463
"3475131","2018-02-22",25.0619825773284,0.48087431693989,0.627807650273226,0.70946921171117,88.802630164333,80.3810351690002,84.5918326666666,0.435661910406096,51.837112291465,84.0163996,83.6158152697798,0.867376104833317,0.943279025724634
"3475130","2018-02-23",23.5199720803579,0.564662295081967,0.553126411657561,0.639479275574996,88.7624609706935,80.3723160293064,84.5673885,0.552886035116182,54.0830303334354,84.033066,83.6981505671425,0.854908606049642,0.925604941789635
"3475129","2018-02-26",22.3502605299254,0.734061202185794,0.593199271402552,0.591377777777778,88.7906090153095,80.3669459846904,84.5787774999999,0.696417223004521,58.3152850586288,84.1017324,83.9761744915235,0.982645344202826,0.937013022272274
"3475128","2018-02-27",20.8541071143887,0.648451366120219,0.649058287795995,0.598461323618701,88.7732377312231,80.3680952687768,84.5706664999999,0.633701501394856,55.5296680722851,84.1177324,84.1126845593203,0.996556472233645,0.948921712264548
"3475127","2018-02-28",19.4648217999618,0.737704918032788,0.706739162112935,0.649665573770492,88.8022757560246,80.3627242439753,84.5825,0.694685305767835,57.7933055004284,84.1583992,84.3398826180776,1.07309878086725,0.973757125985089
"3475126","2018-03-01",19.0903006572884,0.486702732240437,0.624286338797816,0.660027929568914,88.6553502609846,80.3509827390153,84.5031664999999,0.516610957985075,50.0738886589775,84.097866,84.2305649356673,0.903326980920083,0.959671096972088
"3475125","2018-03-02",18.3675862715543,0.626593442622951,0.617000364298727,0.649341955069825,88.598364320829,80.3607466791709,84.4795555,0.65017827003897,53.7793245328448,84.0831996,84.3064896109117,0.881208733710359,0.943978624319742
"3475124","2018-03-05",17.1921236419261,0.749999734042271,0.621098636301888,0.620795113132809,88.7316853927336,80.3202029405996,84.5259441666666,0.784220906394472,57.3317785556347,84.1018664,84.5500683294568,0.979603920838246,0.951103683623443
"3475123","2018-03-06",16.4192945277806,0.77414785427212,0.716913676979115,0.651670892526575,89.2252644756288,80.2035121910377,84.7143883333333,0.893992011884915,60.8255843477091,84.1849332,84.9527258855292,1.17984870382846,0.996852687664446
"3475122","2018-03-07",16.4939284754752,0.652806779880899,0.725651456065098,0.687887923115366,89.9702553512204,80.0779656487795,85.0241105,0.96537923020297,63.3664370212429,84.3056,85.4523624341253,1.42721381328492,1.08292491278854
"3475121","2018-03-08",17.1809564599157,0.468158164598336,0.631704266250453,0.691423133098221,90.6038094490329,79.8971895509671,85.2504995,0.917140723140227,60.7383239833767,84.3849332,85.7920474429086,1.53757327349566,1.17385458492997
"3475120","2018-03-09",17.8189110168961,0.629259769108354,0.583408237862531,0.64692132005936,91.3299016233907,79.7582083766092,85.544055,0.918295596859141,64.2926228637734,84.53,86.2944411171875,1.74946545044783,1.28897675803354
"3475119","2018-03-12",18.4368284539878,0.671256685458411,0.589558206388369,0.60155690350045,91.9109642114212,80.0715907885787,85.9912775,0.895840415925902,65.1776277814452,84.7006668,86.7840716348958,1.93053154848914,1.41728771612466
"3475118","2018-03-13",18.4583251930196,0.585197447572271,0.628571300713014,0.600512581654637,91.9829589061093,80.9912620938906,86.4871105,0.817572699917729,61.7975716017228,84.9153332,87.0973060835764,1.97208066177852,1.52824630525543
"3475117","2018-03-14",18.4560113254456,0.579439252336448,0.611964461789045,0.610031322963474,91.6529417043956,82.3068342956043,86.979888,0.773803686897455,61.659842552599,85.1873332,87.3643319390995,1.97809609660398,1.61821626352514
"3475116","2018-03-15",18.3126908199219,0.558670820353064,0.574435840087263,0.604990534196439,91.4954539126225,83.2054334207107,87.3504436666666,0.735169060828675,60.7844040006102,85.3553332,87.5690876805529,1.94130513607662,1.68283403803544
"3475115","2018-03-16",17.6217371355955,0.475597092419522,0.53790238836968,0.574767563415328,91.6001518710056,83.3896241289943,87.494888,0.632567036801309,57.281088935762,85.5453332,87.6398759898125,1.8172213020774,1.70971149084383
"3475114","2018-03-19",16.7609069438072,0.302526479750779,0.445598130841123,0.519312119766021,91.6038252569215,83.3996174097451,87.5017213333333,0.45008642626305,50.7222113169871,85.7973332,87.4790031911709,1.54763605174626,1.67729640302432
"3475113","2018-03-20",15.961564622861,0.323294911734164,0.367139494634823,0.450213337948541,91.6055356788739,83.4051289877927,87.5053323333333,0.438376755482598,51.4407583796119,86.0999996,87.3662467656814,1.33705403648727,1.60924792971691
"3475112","2018-03-21",15.6233040867503,0.135728143712575,0.253849845065841,0.355529156847261,91.5777031563608,83.5540728436392,87.565888,0.387235831570477,48.7608028769149,86.3739992,87.1751911969239,1.09287467331631,1.50597327843679
"3475111","2018-03-22",16.3644832485839,0,0.153007685148915,0.257999008283192,91.5081995801695,83.6852430864971,87.5967213333333,0.125454732401583,41.5459663617613,86.5093328,86.7207217040007,0.690023362198899,1.34278329518921
"3475110","2018-03-23",17.8402932090193,0,0.0452427145708601,0.150700081595204,91.7866982297046,83.1870777702953,87.486888,-0.0433314980260848,35.9497043223547,86.3819992,86.0446254768006,0.169271933059711,1.10808102276331
"3475109","2018-03-26",19.2106881722808,0.044926956521738,0.0149756521739145,0.0710753506312286,92.0313958779183,82.614935455415,87.3231656666666,0.0365262383619608,38.1400619320938,86.2133324,85.5275634132272,-0.195323420983939,0.847400134013861
"3475108","2018-03-27",20.9642025323166,0,0.0149756521739145,0.0250646729728951,92.410971398261,81.826470601739,87.118721,-0.0208717702093442,34.5301120985427,85.9899992,84.8838882914636,-0.618543950379136,0.554211317135262
"3475107","2018-03-28",22.7732027701987,0,0.0149756521739145,0.0149756521739132,92.816085090351,80.8741345763156,86.8451098333333,-0.0101157045358955,33.1478768141105,85.806666,84.2460365192684,-1.00305589663526,0.242757874381157
"3475106","2018-03-29",24.452988705375,0.0402783333333344,0.0134261111111133,0.0144591384863128,93.0917114148902,80.237730918443,86.6647211666666,0.0618956710291836,35.391549410611,85.6913328,83.757676983366,-1.2498657470607,-0.055766849907214
"3475105","2018-04-02",26.6599527461772,0,0.0134261111111133,0.0139426247987124,93.5036976367751,79.1985226965581,86.3511101666666,0.0171912591867125,30.1337147658299,85.4519996,83.0233200522505,-1.65545350969335,-0.375704181864441
"3475104","2018-04-03",28.7092764983507,0.0205479564646337,0.0202754299326578,0.0157092173849602,93.7608302786417,78.1675013880248,85.9641658333333,0.064788941843571,31.3111586127678,85.1606664,82.4202107119505,-1.93465965946842,-0.687495277385237
"3475103","2018-04-04",30.5047231941362,0.0421940928270042,0.0209140164305478,0.0182051858247717,93.741662278562,77.2981140547712,85.5198881666666,0.126810786223449,32.5355830997639,84.9106664,81.9308492836904,-2.11026014121282,-0.972048250150752
"3475102","2018-04-05",31.2014178412741,0.203539823008849,0.0887606241001642,0.0433166901544554,93.3110212676768,76.8604217323231,85.0857214999999,0.248259742280718,40.7280088199348,84.6999996,81.746736045865,-2.04969119728157,-1.18757683957692
"3475101","2018-04-06",32.4445907716763,0.0442913385826775,0.0966750848061788,0.0687832417789624,92.8460456590267,76.3165083409732,84.581277,0.20032432015365,35.9024684111689,84.5071996,81.340504573083,-2.16097144995341,-1.38225576165221
"3475100","2018-04-09",33.6721250973506,0.0202702634222086,0.0893671416712469,0.0916009501925287,92.159937982776,75.8741716838906,84.0170548333333,0.198076544689837,35.2939055274985,84.2531996,80.9551039633386,-2.25000106353973,-1.55580482202972
"3475099","2018-04-10",34.8119783997625,0.0439185662437274,0.036160056082873,0.0740674275200983,91.2469251009733,75.6244062323599,83.4356656666666,0.219272606621008,36.37784439082,83.9551995999999,80.6522007682268,-2.27263368289811,-1.6991705942034
"3475098","2018-04-11",35.9675087122354,0.0162267682650028,0.0268051993103148,0.0507774656881437,90.330581280087,75.4168613865796,82.8737213333333,0.222749609340142,35.5531871136717,83.5877327999999,80.3496846657966,-2.29544374938921,-1.81842522524056
"3475097","2018-04-12",37.1232813632136,0,0.0200484448362452,0.0276712334098098,89.3441321734925,75.3010881598408,82.3226101666666,0.228979925603495,34.8443085829613,83.165066,80.054170710357,-2.31326943892015,-1.91739406797648
"3475096","2018-04-13",38.2703056290571,0,0.00540892275500277,0.017420855633853,88.2173353232485,75.3356623434181,81.7764988333333,0.236158066943514,34.2077170842211,82.7617323999999,79.7691692823094,-2.32371129458824,-1.99865751329883
"3475095","2018-04-16",37.4740009741528,0.133334545454548,0.0444448484848511,0.0233007386920318,87.0169494465025,75.6280482201641,81.3224988333333,0.340268568157138,38.3154008758129,82.3253324,79.6199467113348,-2.23282676552983,-2.04549136374503
"3475094","2018-04-17",36.145448949242,0.663715746233713,0.265683430562756,0.105179067267535,86.0640922131241,75.9805717868758,81.022332,0.50660000977041,47.9410391378032,81.953332,79.7595084831569,-1.9342146395701,-2.02323601891004
"3475093","2018-04-18",33.9373529296303,0.588973550415715,0.462007947367994,0.257378742138532,85.1321571674851,76.4869521658482,80.8095546666666,0.723811388274428,52.5537713174237,81.6613323999999,80.0360193520693,-1.56164489702411,-1.93091779453286
"3475092","2018-04-19",31.9518408198832,0.790641482442621,0.681110259697351,0.469600545876032,84.3332610760221,76.9936262573112,80.6634436666666,0.919018985180726,57.5322958259386,81.4279992,80.4667727717934,-1.10991044234063,-1.76671632409441
"3475091","2018-04-20",30.1081510036895,0.815271026960085,0.731628686606142,0.624915631223828,84.113602203778,77.1255067962219,80.6195545,0.953533041812759,58.0830508749427,81.2093324,80.8623137355543,-0.72794060068414,-1.55896117941236
"3475090","2018-04-23",28.7106447976678,0.82159602592109,0.8091695117746,0.740636152692697,84.3956394846699,76.97924751533,80.6874434999999,0.969875358225381,59.1666653060849,81.0353324,81.2473385708137,-0.390243442362359,-1.32521763200236
"3475089","2018-04-24",27.6534535670375,0.788890666666669,0.80858590651595,0.783128034965563,84.6816265075761,76.8334834924238,80.757555,0.959160635372727,59.463668293135,80.9313328,81.5921387613719,-0.11403359397949,-1.08298082439778
"3475088","2018-04-25",26.7436268391629,0.774618041742651,0.795034911443472,0.804263443244673,85.1174286590141,76.6760150076525,80.8967218333333,0.91369470931014,59.3706465370093,80.8186663999999,81.8887429265223,0.101245811706829,-0.846135497176862
"3475087","2018-04-26",29.0060792687085,0.60154059643107,0.721683101613465,0.775101306524294,87.3735677342499,75.40787626575,81.390722,1.27242628986367,72.1039883471002,80.9146667999999,82.7480225363193,0.704251561850877,-0.536058085371314
"3475086","2018-04-27",31.1069279532866,0.717998321848254,0.698052320007327,0.738256777688087,89.167565486419,74.6044338469142,81.8859996666666,1.12163074244114,75.7572689860533,81.178,83.7616195314768,1.35466343720112,-0.157913780856827
"3475085","2018-04-30",33.1372337277588,0.78152092752244,0.700353281933923,0.706696234518237,90.8740329709558,74.1357440290441,82.5048885,1.05664798628271,77.4889998402525,81.57,84.7867369272798,1.94377993874333,0.262424963063204
"3475084","2018-05-01",34.1775760139294,0.709336148347229,0.736285132572643,0.711563578171296,92.0897169201607,74.1028380798392,83.0962775,0.939724937098944,71.2596259052766,81.8913335999999,85.5085053369759,2.25873758215713,0.66168748688199
"3475083","2018-05-02",35.1436081368021,0.759384454401453,0.750080510090376,0.728906308198979,93.2193622329869,74.179859767013,83.699611,0.907069057985331,72.8870811495143,82.3060003999999,86.2495939587124,2.55512270012697,1.04037452953099
"3475082","2018-05-03",35.5229852059518,0.703517930355363,0.724079511034684,0.736815051232566,94.121373681836,74.2734043181639,84.197389,0.837697736756952,69.2334492576193,82.7146672,86.7918707642174,2.6849202753725,1.36928367869929
"3475081","2018-05-04",36.1155766194767,0.709840340997634,0.724247575251485,0.732802532125514,94.9939444874824,74.6023891791842,84.7981668333333,0.835686336648114,70.6891597425284,83.1316004,87.3538439956551,2.81604209710788,1.65863536238101
"3475080","2018-05-07",36.9339184420436,0.802239404656273,0.738532558669759,0.728953214985308,95.9380005206986,75.0511111459681,85.4945558333333,0.860667595423787,73.7459705806725,83.704934,88.0511101295678,3.02606336665567,1.93212096323594
"3475079","2018-05-08",37.6938072772843,0.782729683971969,0.764936476541961,0.742572203487734,96.6591185608411,75.7111044391589,86.1851115,0.818693622279453,73.8391284442979,84.2702672,88.6620727789588,3.15625069480203,2.17694690954916
"3475078","2018-05-09",38.2730124379703,0.766384745762712,0.783784611463653,0.762417882225123,97.1442403795224,76.6260942871443,86.8851673333333,0.785349172076269,72.9653528529751,84.819334,89.1706857417643,3.20488317334975,2.38253416230928
"3475077","2018-05-10",39.0315318135851,0.791292247109506,0.780135558948064,0.776285548984558,97.4753173552842,77.7657956447158,87.6205565,0.784324005876907,73.7345320868868,85.3108008,89.6594836428624,3.23583718653839,2.5531947671551
"3475076","2018-05-11",39.6300934354354,0.779562499014598,0.779079830628941,0.781000000346885,97.506617317123,79.2014963495436,88.3540568333333,0.75641585078732,72.9890656788773,85.8714676,90.0671084904807,3.21028141862405,2.68461209744889
"3475075","2018-05-14",41.3777329767514,0.569536138765655,0.713463628296588,0.75755967262453,97.6864596530757,80.5296533469242,89.1080565,0.819131082380033,71.0549144034364,86.430134,90.3803820250833,3.12558692431644,2.7728070628224
"3475074","2018-05-15",43.2465256306117,0.699453852011353,0.682850829930537,0.725131429618687,98.558559423623,81.3575542430436,89.9580568333333,0.972695233871955,79.6633187089101,87.1574676,91.2452204217388,3.4111754955757,2.90048074937306
"3475073","2018-05-16",45.4845817963287,0.645908716838928,0.638299569205314,0.678204675810812,100.179943374425,81.6021696255745,90.8910565,1.06591209342205,83.081029126874,88.0090676,92.368968365507,3.83127998641379,3.08664059678121
"3475072","2018-05-17",47.5627768073516,0.796590500774886,0.713984356541725,0.678378251892524,101.791682929722,81.8620964036114,91.8268896666666,1.033310796626,85.1913895785311,88.9590676,93.6375499167727,4.2939699313846,3.32810646370189
"3475071","2018-05-18",49.5848788545241,0.874090710433929,0.772196642682584,0.70816018947654,103.293603781013,82.3333978856532,92.8135008333333,1.01085419771745,86.148385116161,89.9632012,94.8885432612031,4.68987730404089,3.60046063176969
"3475070","2018-05-21",50.6472475057045,0.792668728522336,0.821116646577053,0.769099215267119,104.270833375787,83.2065016242133,93.7386674999999,0.924266445860513,80.3895907677704,90.8912012,95.8167374930427,4.83778350839108,3.84792520709397
"3475069","2018-05-22",51.6337326818006,0.815578006872852,0.827445815276375,0.806919701512003,104.956466033181,84.3564239668187,94.6564449999999,0.891271935628462,80.7837096167141,91.751868,96.6656164939703,4.91868285240167,4.06207673615551
"3475068","2018-05-23",52.5497546310327,0.826839826839826,0.811695520745007,0.820085994199477,105.306631874004,85.8418137926621,95.5742228333333,0.868368396939,81.1308546449147,92.5772011999999,97.4390902947743,4.9429530828744,4.23825200549929
"3475067","2018-05-24",52.906578826459,0.756359231839975,0.79959235518422,0.812911230401866,106.030047055614,86.2833986110527,96.1567228333333,0.810260946333952,77.7498347541188,93.319868,98.024990255471,4.84931170360421,4.36046394512027
"3475066","2018-05-25",53.2379155793549,0.756359231839975,0.779852763506594,0.797046879811939,106.636256784467,86.8115225488661,96.7238896666666,0.780373846829102,77.7498347541188,94.0558684,98.5327702214082,4.7174919904748,4.43186955419118
"3475065","2018-05-29",52.8165144809727,0.684069330064795,0.732262597914917,0.770569238868576,107.044591216666,87.3592987833339,97.2019449999999,0.712411627318267,72.7529544066767,94.7432016,98.8528448585538,4.48577943062405,4.44265152947775
"3475064","2018-05-30",52.6231990481764,0.714859666779385,0.718429409561387,0.743514923660965,107.3574900542,88.1336222791337,97.7455561666666,0.714952780662228,73.5331844222905,95.4425348,99.1813548774133,4.28265959123761,4.41065314182972
"3475063","2018-05-31",51.0879998301325,0.567871029822466,0.655600008888884,0.702097338788395,107.401140600012,88.9690820666544,98.1851113333333,0.61154453148098,64.0970279159053,96.0693343999999,99.2220622270915,3.92717742564841,4.31395799859346
"3475062","2018-06-01",49.1135404667822,0.500669477373915,0.594466724658591,0.656165381036286,107.202096602611,90.0120147307227,98.6070556666666,0.542573056881726,60.2879281519541,96.4820008,99.1457872634793,3.53689854529593,4.15854610793395
"3475061","2018-06-04",47.2801139150998,0.224998749999999,0.431179752398796,0.560415495315422,106.950102966442,90.9918967002249,98.9709998333333,0.496943067043201,60.3384715662331,96.8146671999999,99.0819036283488,3.192406516735,3.96531818969416
"3475060","2018-06-05",46.3309246087576,0.0938331936551225,0.273167140343014,0.432937872466799,106.821763430439,91.8130135695606,99.3173884999999,0.542519519563506,62.1051679670011,97.1260004,99.1020938112356,2.93186250306843,3.75862705236902
"3475059","2018-06-06",45.5708144805136,0.295118782700784,0.204650242118637,0.302999044953481,106.63042795445,92.802126712216,99.7162773333332,0.581182013153195,65.4670217108043,97.5333336,99.2729253030708,2.78667420254903,3.56423648240502
"3475058","2018-06-07",45.1630453426824,0.479569511673955,0.289507162676623,0.255774848379424,106.348890721515,93.9949969451514,100.171943833333,0.636101987797324,68.3184163780818,97.9493336,99.5654245959947,2.72746093363847,3.39688137265171
"3475057","2018-06-08",44.8650340439653,0.525542263333962,0.433410185902903,0.309189196899386,105.944402842798,95.2814844905356,100.612943666667,0.634250269895681,68.7459603021202,98.402,99.8411453165288,2.66233699587068,3.24997249729551
"3475056","2018-06-11",43.5057560110094,0.302596949738277,0.435902908248733,0.386273418942752,105.048962606467,96.9538130601996,101.001387833333,0.477180841571345,61.1238707178938,98.7698663999999,99.8894366076583,2.46619903131566,3.09321780409954
"3475055","2018-06-12",42.2435692661217,0.415772043010754,0.414637085361,0.427983393170877,104.104276627884,98.5446113721162,101.324444,0.44963833484229,62.3194750544648,99.0898663999999,99.9819570599705,2.31466033748986,2.9375063107776
"3475054","2018-06-13",40.8424433808513,0.360293647274741,0.359554213341259,0.40336473565033,103.829596330702,99.0912913359646,101.460443833333,0.362491509645273,60.7314993407808,99.3958663999999,100.022140118641,2.14548966420949,2.77910298146398
"3475053","2018-06-14",37.928588580791,0,0.258688563428501,0.344293287376919,103.982056879844,98.6689421201555,101.3254995,0.00689135246784893,49.5516398609524,99.6094663999999,99.7280774361556,1.7915573739083,2.58159385995284
"3475052","2018-06-15",35.6288369853969,0.187138384011822,0.18247734376219,0.266906706843982,103.887350333572,98.478315666428,101.182833,0.207783409807348,53.2001373108586,99.8474663999999,99.6025564446682,1.57152463534034,2.37958001503034
"3475051","2018-06-18",33.4933533611024,0.366559721260269,0.184566035090699,0.208577314093796,103.527867505795,98.5034654942049,101.0156665,0.333236572617573,56.4519923784263,100.1274664,99.6177715853791,1.45582321698878,2.19482865542203
"3475050","2018-06-19",31.7776359335431,0.323431683168317,0.292376596146805,0.21980665833323,103.30720724191,98.4722367580903,100.889722,0.348384734552876,55.2661640530143,100.4088,99.5954020406619,1.32720364008003,2.02130365235363
"3475049","2018-06-20",30.2980824802635,0.452144554455444,0.380711986294679,0.285884872510727,103.054964936629,98.5183683967039,100.786666666667,0.471099479787095,57.6038840715797,100.5381332,99.6626817685736,1.2633861762638,1.86972015713567
"3475048","2018-06-21",28.2356190360931,0.191417821782179,0.322331353135316,0.331806645192265,102.778649811426,98.4563498552403,100.617499833333,0.209323775288854,51.7090549203019,100.5025332,99.5454348660972,1.09345200700215,1.71446652710896
"3475047","2018-06-22",26.2905069609833,0.369635643564356,0.337732673267329,0.346925337565773,102.538097739794,98.4735679268724,100.505832833333,0.387850209582076,55.0919889454669,100.4145332,99.5638208839509,1.02005902943878,1.57558502757493
"3475046","2018-06-25",26.4534112700756,0,0.187017821782181,0.282360616061607,102.562547531259,97.9497844687412,100.256166,-0.143275182311326,40.5372155948289,100.1097332,99.0086447660908,0.606565686107041,1.38178115928135
"3475045","2018-06-26",26.6046795570899,0.0473209610174281,0.138985534860597,0.221245343303367,102.734068089331,97.3118195773356,100.022943833333,-0.10935185087094,41.900765591508,99.8658663999999,98.5746027972787,0.303023088346221,1.16602954509432
"3475044","2018-06-27",26.7666243230742,0.0401785534917168,0.0291665048363838,0.118389953826386,102.720513727617,96.7931516057158,99.7568326666666,-0.0400844311791305,41.745166243251,99.6065331999999,98.1913224243082,0.0565904911544068,0.94414173430634
"3475043","2018-06-28",27.1373890031782,0,0.0291665048363838,0.0657728481777869,102.919895591581,96.1685474084189,99.5442214999999,-0.0266115848585175,40.1397852523067,99.3145327999999,97.7880341010671,-0.181379179660024,0.719037551513067
"3475042","2018-06-29",26.0173044166338,0.343137730679809,0.127772094723844,0.0620350347988693,102.911874056862,96.0671242764712,99.4894991666666,0.318100606555384,49.3220446761045,99.1411991999999,97.7496295542581,-0.175504186465558,0.540129203917342
"3475041","2018-07-02",25.5080670220588,0.176793648611904,0.173310459763906,0.11008301977471,102.984839443542,95.794159556458,99.3894994999999,0.156878597655501,45.6087141011361,98.9218655999999,97.5630122803571,-0.263001034877219,0.37950315615843
"3475040","2018-07-03",24.0429210576238,0.358585820324516,0.292839066538745,0.197973873675497,102.922474316092,95.6881913505745,99.3053328333333,0.357192089629669,49.7970766392724,98.7858655999999,97.5590546429761,-0.231756891342272,0.25725114665829
"3475039","2018-07-05",22.3519327911365,0.457070519590122,0.330816662842183,0.26565539638161,102.759616349576,95.6582716504234,99.2089439999999,0.458059492586602,51.9842866768892,98.6605319999999,97.642291357246,-0.151449999146092,0.175510917497413
"3475038","2018-07-06",21.5149867861375,0.615196154123303,0.476950831345982,0.366868853575635,102.501919126317,95.7528578736833,99.1273884999999,0.662220313663067,55.7137769858861,98.6550655999999,97.8699858429465,0.0083887398191651,0.142086481961764
"3475037","2018-07-09",20.7378226386383,0.710784248846694,0.594350307520042,0.467372600569401,102.225363948409,95.8797463849238,99.0525551666666,0.735630572602416,57.6857577552208,98.7090655999999,98.1539877305537,0.186080113103926,0.150885208190196
"3475036","2018-07-10",19.4596478428285,0.57058886678108,0.632189756583694,0.567830298483238,102.099779804651,95.9117755286826,99.0057776666666,0.641456861958908,53.8952359695239,98.7242659999999,98.2730120331465,0.245357502696697,0.169779667091496
"3475035","2018-07-11",18.0912966235747,0.512255129036577,0.597876081554786,0.608138715219506,101.872119309273,95.9638800240606,98.9179996666666,0.562775103618728,52.3537176119219,98.7009327999999,98.3232770953936,0.256731392580667,0.18717001218933
"3475034","2018-07-12",16.9421507865382,0.598038826413491,0.560294274077052,0.596786704071842,101.720447999756,96.0118846669109,98.8661663333333,0.658718334866086,54.4184194439754,98.6549327999999,98.4446174826745,0.309976690295666,0.211731347810598
"3475033","2018-07-13",16.5973517013417,0.757144285714286,0.622479413721453,0.593549923117762,101.987035464047,95.9780748692859,98.9825551666666,0.841286672516146,58.5120057398935,98.6149327999999,98.7142244849846,0.447775365621705,0.258940151372819
"3475032","2018-07-16",16.2771811222307,0.768095714285715,0.7077596088045,0.630177765534333,102.144075547777,95.9431454522231,99.0436104999999,0.787008476563253,58.759921839581,98.5713327999999,98.95810522032,0.55635048944962,0.318422218988179
"3475031","2018-07-17",16.3130488944487,0.828572857142857,0.784604285714288,0.704947769413412,102.320694033616,95.8798602997175,99.1002771666666,0.84325310324828,60.1751976833148,98.6018663999999,99.2259138576106,0.668702180721858,0.388478211334915
"3475030","2018-07-18",16.4367793494059,0.859524285714286,0.818730952380955,0.77036494896658,102.528351490496,95.8076468428371,99.1679991666666,0.848640153501801,60.9144821838351,98.6258659999999,99.4869026765959,0.765990212628709,0.463980611593674
"3475029","2018-07-19",16.9285383030286,0.797953556033987,0.828683566297046,0.810672934797429,102.759309009322,95.7100226573446,99.2346658333333,0.890709644798885,62.1935831130175,98.6765327999999,99.7619823197164,0.862317091544962,0.543647907583932
"3475028","2018-07-20",17.4477321970781,0.773869233100117,0.810449024949466,0.819287847875821,103.088972027723,95.6425816389436,99.3657768333333,0.851519733723737,61.797578574991,98.8231991999999,99.9914953437542,0.922130074081795,0.619344340883504
"3475027","2018-07-23",17.2264879073667,0.574922935779815,0.715581908304642,0.784904833183716,103.199217625853,95.6312247074803,99.4152211666666,0.71454329888774,57.0090791348224,98.8983987999999,100.08151729792,0.893116280306994,0.674098728768202
"3475026","2018-07-24",16.1623555029568,0.177083333333335,0.508625167404425,0.678218700219509,103.207002098153,95.8867732351798,99.5468876666666,0.551273305843191,48.855416747932,98.8710651999999,99.9417589915309,0.730005725702099,0.685280128154981
"3475025","2018-07-25",15.1742325560048,0.244615572781208,0.332207280631455,0.518804785446839,103.137854543981,96.2869207893522,99.7123876666666,0.546197936126039,51.9232481216663,98.8814651999999,99.9108577926602,0.647884946328547,0.677801091789695
"3475024","2018-07-26",16.4212582296615,0,0.140566302038183,0.327132916691353,103.085931983471,96.3805100165286,99.7332209999999,0.0882440090604054,36.7044303441049,98.6921319999999,99.3049660869721,0.228294112711347,0.587899695974025
"3475023","2018-07-27",18.3335730329875,0,0.081538524260405,0.184770702310013,103.46715117185,95.815402494817,99.6412768333333,-0.217649920967189,31.2210778693535,98.4587987999999,98.4576372753759,-0.300540586207065,0.410211639537807
"3475022","2018-07-30",20.1743732122012,0,2.47024622979097e-15,0.0740349420995289,104.059262276026,94.7432917239739,99.401277,-0.139421335656882,30.743527391205,98.1801323999999,97.6921749719924,-0.734393370338071,0.181290637562631
"3475021","2018-07-31",21.0225473241541,0.118505921107741,0.0395019737025829,0.0403468326543287,104.278501326714,94.2984966732857,99.2884989999999,0.036890429697462,36.2216065026852,98.1214655999999,97.1909956423934,-0.969131235833243,-0.0487937371165434
"3475020","2018-08-01",22.3944018251133,0,0.0395019737025829,0.0263346491350547,104.556284874544,93.597491125456,99.076888,0.0403793414380855,32.0216791808146,97.9737323999999,96.5068628900743,-1.29855942001942,-0.298746873697118
"3475019","2018-08-02",23.9342256069134,0,0.0395019737025829,0.0395019737025815,104.882701984259,92.6699630157407,98.7763324999999,0.0188358225662805,30.0958310540172,97.7897323999999,95.7859478380644,-1.62493325702836,-0.563984150363367
"3475018","2018-08-03",25.3640619757277,0.0807854364054527,0.02692847880182,0.0353108087356605,104.981230076002,91.8432125906648,98.4122213333333,0.0834819568903227,34.3480006081203,97.6654659999999,95.2891547929891,-1.78490417456957,-0.808168155204607
"3475017","2018-08-06",26.691767175341,0.137447163379289,0.0727441999282495,0.0463915508108827,104.902694350175,91.195303649825,98.0489989999999,0.152328506264995,37.231949450074,97.4747991999999,94.9483781539239,-1.83494605677847,-1.01352373551938
"3475016","2018-08-07",27.9107633015866,0.138849968821871,0.119027522868873,0.0729000671996462,104.817780971675,90.6221056949911,97.7199433333333,0.18864155827847,37.3053775356424,97.3307991999999,94.6552610667341,-1.85277983482137,-1.18137495537978
"3475015","2018-08-08",29.2943284002611,0.0743335411875291,0.116876891129565,0.102882871308895,104.76276707754,90.0310082557935,97.3968876666666,0.189846198591355,35.2622692941984,97.1087991999999,94.2990035911695,-1.91135548097513,-1.32737106049885
"3475014","2018-08-09",29.8071345901389,0.213728303815384,0.142303937941597,0.126069450646677,104.529354484308,89.6933095156919,97.1113319999999,0.294404415746537,41.5567321774466,96.9167991999999,94.1769137790136,-1.81758393432758,-1.4254136352646
"3475013","2018-08-10",30.3934544419834,0.188679245283019,0.15891369676198,0.139364841944379,104.085366356782,89.3767423098844,96.7310543333333,0.275419215094428,40.6943796375116,96.6667991999999,94.0333252751451,-1.74765686709233,-1.48986228163014
"3475012","2018-08-13",29.6240316021713,0.236934311452482,0.213113953516964,0.171443862740179,103.582206117096,89.2136808829037,96.3979434999999,0.344324303976328,41.9160826338806,96.4014659999999,93.9444379051258,-1.65051157511289,-1.52199214032669
"3475011","2018-08-14",28.9095675366315,0.253211102095818,0.226274886277109,0.199434178852016,102.916168999995,89.1641620000046,96.0401654999999,0.362957300220406,42.0766913031158,96.1755991999999,93.8718461844423,-1.55286727584629,-1.52816716743061
"3475010","2018-08-15",29.5590063398861,0,0.163381804516103,0.20092354810339,102.213112113692,88.8535525529742,95.5333323333333,0.188695650399392,32.7291902897511,95.8377323999999,93.3827106931834,-1.73155992031487,-1.56884571800746
"3475009","2018-08-16",30.1620566571939,0.0679777392143057,0.107062947103377,0.165573212632195,101.208026132573,88.8108605340935,95.0094433333333,0.217811841300053,35.2957393245302,95.4977323999999,93.0294599340922,-1.80820574752845,-1.61671772391166
"3475008","2018-08-17",30.4567757820314,0.151346664665813,0.0731081346267088,0.114517628748728,99.940290942437,89.0858180575629,94.5130544999999,0.273595531286355,38.3997795976956,95.1343987999999,92.8099759428799,-1.79278628362219,-1.65193143585377
"3475007","2018-08-20",29.9397537260279,0.311671521303326,0.176998641727818,0.119056574485966,98.6676507964382,89.5779028702284,94.1227768333333,0.402148349926339,43.9667815796461,94.8179987999999,92.786423150496,-1.65308848040128,-1.65216284476327
"3475006","2018-08-21",28.2246231957524,0.624139426077594,0.362385870682247,0.204164215678923,97.5827150665968,90.1572832667363,93.8699991666666,0.634223507381592,49.8265324956158,94.5446651999999,92.9660107304298,-1.39585058750727,-1.60090039331207
"3475005","2018-08-22",26.7372151923392,0.608481878496119,0.514764275292349,0.351382929234136,96.0311201554894,91.1509891778438,93.5910546666666,0.676007980919902,49.0894013804955,94.2546651999999,93.0949866330392,-1.19555145630279,-1.51983060591021
"3475004","2018-08-23",25.7576348525546,0.483413567025175,0.572011623866298,0.483053923280297,95.3316517788682,91.5421238877984,93.4368878333333,0.619275763716784,46.2639370792662,93.9193315999999,93.1045430819673,-1.0906453955032,-1.43399356382881
"3475003","2018-08-24",24.4137125746227,0.5785749126021,0.5568234527078,0.547866450622148,95.3813650290033,91.5274106376632,93.4543878333332,0.771308910405446,48.6841394168362,93.6099983999999,93.1906040043717,-0.946052671179176,-1.33640538529888
"3475002","2018-08-27",23.1657847451144,0.687328405663284,0.583105628430189,0.570646901668095,95.5238108086607,91.5132975246724,93.5185541666666,0.801512320503832,51.379239537716,93.3599983999999,93.3540781371221,-0.764978657307003,-1.22212003970051
"3475001","2018-08-28",22.9038983754722,0.415443041691612,0.560448786652335,0.566792622596773,95.3992962855019,91.5283680478313,93.4638321666666,0.528001337150072,45.0142126441156,93.1086651999999,93.2735343855058,-0.756792229217673,-1.12905447760394
"3475000","2018-08-29",22.0396586228522,0.706361001042413,0.603044149465772,0.582199521516097,95.5592604604388,91.4705148728944,93.5148876666666,0.878165454471828,51.8830059219132,92.9015983999999,93.4415071341051,-0.589428753437771,-1.02112933277071
"3474999","2018-08-30",21.4858968439074,0.630233882163324,0.584012641632452,0.582501859250185,95.6696289326258,91.525702067374,93.5976654999999,0.731155422818627,50.1186629220435,92.8495983999999,93.524862182891,-0.491442575555789,-0.915191981327724
"3474998","2018-08-31",21.6647041931521,0.399129854600565,0.578574912602103,0.588543901233441,95.6867007328016,91.5862969338649,93.6364988333332,0.519551204531176,45.1041662002667,92.8375983999999,93.4082138918389,-0.529902337293053,-0.83813405252079
"3474997","2018-09-04",21.8307395888793,0.407829677276219,0.479064471346705,0.547217341860419,95.6858897910847,91.5806635422485,93.6332766666666,0.399057938617291,45.3259331508667,92.8370647999999,93.3142293729271,-0.549572209533145,-0.780421683923261
"3474996","2018-09-05",23.1097672088996,0,0.268986510625597,0.4422086315248,95.8902803165983,91.1334950167348,93.5118876666666,-0.0549268046094788,36.8488953448961,92.6750647999999,92.8567761232034,-0.800633528733885,-0.784464052885386
"3474995","2018-09-06",25.0082589007809,0,0.135943225758742,0.294664735910347,96.4930555230303,90.1090531436362,93.3010543333333,-0.234640129281787,31.2661550301949,92.4879979999999,92.1269833067763,-1.20599793682938,-0.868770829674185
"3474994","2018-09-07",27.2920891935052,0,2.33146835171283e-15,0.134976578794779,97.41704596784,88.3645076988265,92.8907768333333,-0.277154424273228,27.0575323236329,92.243998,91.1767188658728,-1.72214185997932,-1.03944503573521
"3474993","2018-09-10",28.9324028640977,0.117647577854366,0.0392158592847912,0.0583863616811771,97.7659356153414,87.3700627179918,92.5679991666666,-0.0382686528830674,32.5292358464166,92.0149316,90.5309350170898,-1.99556100156276,-1.23066822890072
"3474992","2018-09-11",30.868933302887,0,0.0392158592847912,0.0261439061898601,98.146164701535,86.1053886317982,92.1257766666666,-0.0655045234540347,29.092092253557,91.6809316,89.7112543481445,-2.36396147270566,-1.45732687766171
"3474991","2018-09-12",31.3512785457724,0.117898228466916,0.0785152687737632,0.0523156624477804,98.1122445781772,85.4170870884893,91.7646658333333,0.119435271237005,34.3884903978088,91.4015984,89.1853097683919,-2.50684331599699,-1.66723016532876
"3474990","2018-09-13",30.6433972796502,0.384943247191337,0.16761382521942,0.0951149844259901,98.0902126436675,85.2766746896656,91.6834436666666,0.349109303487665,44.5004888957104,91.2782652,89.1472684659396,-2.31104594818839,-1.79599332190069
"3474989","2018-09-14",29.2006927570828,0.582386600916703,0.361742692191655,0.202623928728278,98.1079522477559,85.2944907522439,91.7012214999999,0.512911824546761,50.5667220365549,91.1915988,89.423188670481,-1.92397001968645,-1.82158866145784
"3474988","2018-09-17",27.4638720291362,0.508522722430271,0.491950856846106,0.340435791419059,98.083212567225,85.2736750994416,91.6784438333333,0.493876138499883,48.4339045456807,91.0815988,89.5467635144169,-1.67610376184399,-1.79249168153507
"3474987","2018-09-18",26.0737786974061,0.45880712567777,0.516572149674917,0.456755232904224,97.9340889051165,85.1900214282166,91.5620551666666,0.448485952291928,46.9970759521139,90.9375988,89.5760843791613,-1.51469999535244,-1.73693334429855
"3474986","2018-09-19",24.5491157164081,0.556686466079516,0.508005438062521,0.505509481527847,97.596896701239,85.2149916320942,91.4059441666666,0.527338482899826,49.7492049664383,90.8322656,89.7348291286065,-1.28194077872116,-1.64593483118307
"3474985","2018-09-20",23.1333572340529,0.635173943263388,0.550222511673561,0.524933366470331,97.3328144377546,85.2460735622452,91.2894439999999,0.568715739163094,52.1569483604404,90.8907988,89.9924065781256,-1.00513675961633,-1.51777521686972
"3474984","2018-09-21",22.1140366441577,0.670608219389115,0.620822876244009,0.559683608660029,97.11899770069,85.2548906326432,91.1869441666666,0.554951108380444,50.2367751209093,90.9014656,90.1267523677089,-0.835981978264577,-1.38141656914869
"3474983","2018-09-24",21.567290208313,0.584906145829796,0.630229436160769,0.600424941359445,96.7381166275474,85.2691053724524,91.0036109999999,0.485153529842636,47.5949467739331,90.8487992,90.1187413853477,-0.776480534301338,-1.26042936217922
"3474982","2018-09-25",20.6071979509699,0.698112625004245,0.651208996741054,0.634087103048609,96.351879792486,85.3667868741805,90.8593333333332,0.589474588333148,50.8738865834105,90.7901323999999,90.2584638673013,-0.623754941560262,-1.13309447805543
"3474981","2018-09-26",19.3114664836632,0.746365833161282,0.67646153466511,0.65263332252231,96.2664356836136,85.3905646497196,90.8285001666666,0.695576044135185,53.4858043289994,90.7081327999999,90.5017806849945,-0.416228469488555,-0.989721276342055
"3474980","2018-09-27",18.0114232400097,0.696284750796526,0.713587736320687,0.680419422575615,95.8437903280708,85.5548770052624,90.6993336666666,0.672850745023866,51.8136683072221,90.6134664,90.6437659269952,-0.294575844048839,-0.850692189883412
"3474979","2018-09-28",16.7693660522568,0.741518338766288,0.728056307574701,0.706035192853498,95.5469702057426,85.6772524609239,90.6121113333332,0.722802589042748,53.2357325674259,90.5681332,90.8290411367292,-0.15501940214786,-0.711557632336302
"3474978","2018-10-01",15.9887256289868,0.685654008438819,0.707819032667214,0.716487692187532,95.4704010212754,85.7081553120578,90.5892781666666,0.773576925455281,53.9672680669118,90.5088,91.0207249851653,-0.0236455759277998,-0.573975221054601
"3474977","2018-10-02",15.2638452359504,0.702730723355713,0.709967690186942,0.715281010142951,95.5747289073085,85.6656054260247,90.6201671666666,0.824599799979825,57.3350162463172,90.4665336,91.3326283204766,0.174819834682749,-0.424216209907131
"3474976","2018-10-03",15.2405107662398,0.498939820286415,0.629108184026984,0.682298302293712,95.937754045678,85.6106922876552,90.7742231666666,0.807843306046237,55.5083566578547,90.4726672,91.5420565444131,0.288009432410874,-0.28177108144353
"3474975","2018-10-04",15.2188430443657,0.534462601027252,0.578711048223129,0.639262307479017,96.2307891408806,85.8191015257859,91.0249453333332,0.749777759008994,56.2425476299659,90.4164004,91.753337005158,0.392530276926828,-0.146910809769459
"3474974","2018-10-05",14.7688870678937,0.0646860738674055,0.366029498393693,0.524616243547934,95.9498408288949,86.6771605044382,91.3135006666666,0.533772615436854,45.5398904316199,90.2606668,91.5426694044703,0.213133389737785,-0.0749019698680099
"3474973","2018-10-08",14.3510708040269,0.0651447298748721,0.221431134923179,0.388723893846665,95.7158386811736,87.3386069854929,91.5272228333332,0.466510078326006,46.5899885910872,90.1729336,91.3978694838742,0.0946043209738789,-0.0410007116996322
"3474972","2018-10-09",14.1387413446835,0.331291018212127,0.153707273984804,0.247055969100557,95.0529091969311,88.7944258030687,91.9236674999999,0.711215574681096,52.1745949967072,90.1468004,91.4848202193577,0.139563299346834,-0.00488790949033886
"3474971","2018-10-10",13.9415782752931,0.402004787302455,0.26614684512982,0.213761751345933,94.4033770713058,90.061846928694,92.2326119999999,0.702604758638753,53.5638884856855,90.2504008,91.6166228567766,0.209999502208635,0.038089572849456
"3474970","2018-10-11",14.32449845694,0.28006554562052,0.337787117045036,0.252547078719885,94.2697149229843,90.5256197436822,92.3976673333332,0.674525299716134,50.8222306444081,90.4248008,91.6335171425398,0.199198158750669,0.0703112900296985
"3474969","2018-10-12",14.1799174654598,0.126416451672699,0.269495594865227,0.291143185680026,94.2695499525077,90.5290063808255,92.3992781666666,0.366224033019829,47.836254227715,90.6614671999999,91.5379361902011,0.116494972727899,0.0795480265693385
"3474968","2018-10-15",14.5262103779592,0.255669633214909,0.220717210169378,0.275999974026546,94.2971423783292,90.618191955004,92.4576671666666,0.584293833199612,50.7038470940036,90.8752003999999,91.5564340315076,0.116557623729152,0.0869499460013012
"3474967","2018-10-16",15.3969425413037,0.694097620954184,0.358727901947266,0.282980235660622,94.6903553362301,90.6418673304364,92.6661113333332,1.09487113787177,59.4527517824076,91.2777335999999,91.9417974939733,0.355973365924656,0.140754629985972
"3474966","2018-10-17",15.2694311585176,0.441256393472445,0.463674549213848,0.347706553776829,94.8040486628611,90.7336183371388,92.7688334999999,0.753058378985346,53.6863513850618,91.5626667999999,92.0682244947769,0.403914389182636,0.193386581825305
"3474965","2018-10-18",15.1510277316447,0.465620213524519,0.533658075983718,0.452020175714943,94.8978877920925,90.7971132079074,92.8475004999999,0.706261723479125,54.1478545376397,91.7282667999999,92.1977945621399,0.449721754116106,0.244653616283465
"3474964","2018-10-19",14.3496021176671,0.0806718567017552,0.329182821232909,0.442171815476824,94.9029107005742,90.782534632759,92.8427226666666,0.233182283549128,46.2978753173568,91.7063999999999,91.9940886205213,0.275316666142689,0.25078622625531
"3474963","2018-10-22",14.1067557231327,0,0.182097356742094,0.348312751319572,94.9670000829956,90.6782229170043,92.8226114999999,-0.0576177250780135,43.1078966323668,91.6742668,91.6677661377851,0.0376397574124665,0.208156932486741
"3474962","2018-10-23",15.2192532235579,0,0.0268906189005872,0.179390265625195,95.9462020780186,89.1953542553146,92.5707781666666,-0.354000117428824,34.4524527844085,91.5133331999999,90.8778413194138,-0.482812494814278,0.0699630470265374
"3474961","2018-10-24",16.8240358916968,0,2.10017188824925e-15,0.0696626585475597,96.874199762243,87.4756899044236,92.1749448333333,-0.259274779508038,30.6895403647142,91.2261331999999,89.9056851434919,-1.08054593834224,-0.160138750047217
"3474960","2018-10-25",18.3141912263972,0.006277009227572,0.00209233640919277,0.0096609851032594,97.4563490060939,86.1374286605727,91.7968888333333,-0.107852040946266,30.9905988826867,90.9061331999999,89.0738151243597,-1.53588965767901,-0.435288931573576
"3474959","2018-10-26",20.0926970410045,0,0.00209233640919277,0.00139489093946127,98.0403883047584,84.6107230285748,91.3255556666666,-0.0913110145852145,28.3541900056615,90.5491999999999,88.1408624411117,-2.02441852244627,-0.753114849748115
"3474958","2018-10-29",22.4438721251723,0,0.00209233640919277,0.00209233640919149,98.7703670165525,82.630188650114,90.7002778333333,-0.11621569110709,23.6296471007275,90.0907999999999,86.8696367822968,-2.70978422775673,-1.14444872534984
"3474957","2018-10-30",24.6271061318996,0.00489016454582814,0.00163005484861148,0.00193824255566439,99.247232414826,80.7312125851739,89.9892224999999,-0.060253369538267,23.9704075792659,89.5918671999999,85.7794638779906,-3.22056259805507,-1.55967149989088
"3474956","2018-10-31",24.9386172682965,0.203874215511419,0.0695881266857513,0.0244368393145172,98.9845132701712,79.902931063162,89.4437221666666,0.164577666364468,36.4048878687925,89.1973335999999,85.3048686942585,-3.26211673981821,-1.90016054787635
"3474955","2018-11-01",23.6439594303913,0.26687986964075,0.158548083232668,0.0765887549223423,98.5104138504906,79.6379198161759,89.0741668333333,0.349531272257747,39.7641651286621,88.8681335999999,85.0424422016907,-3.15469644894559,-2.1510677280902
"3474954","2018-11-02",22.4588992903203,0.563663261926512,0.344805782359563,0.190980664092659,98.3510902295609,79.6107987704389,88.9809444999999,0.541689435213476,52.4938280125384,88.7306667999999,85.5163379081319,-2.54148473154938,-2.22915112878203
"3474953","2018-11-05",21.6553332622255,0.591416225749559,0.473986452438942,0.32578010601039,98.2565132737259,79.5972637262739,88.9268884999999,0.566383243165811,52.6372766540034,88.5866663999999,85.9363808537144,-2.02626099567838,-2.1885731021613
"3474952","2018-11-06",20.9091648075661,0.642334412837416,0.599137966837831,0.472643400545444,97.8814857816485,79.6242912183513,88.7528884999999,0.555466800397829,53.6493134789925,88.4177331999999,86.3630860732191,-1.55662250743526,-2.06218298321609
"3474951","2018-11-07",20.6673875786961,0.734569625860333,0.656106754815772,0.57641039136418,97.5949133468656,79.6753079864676,88.6351106666666,0.618393195087991,55.1781264195169,88.2949331999999,86.8257865967899,-1.10761838516013,-1.8712700636049
"3474950","2018-11-08",20.4618594527981,0.829860696066268,0.735588244921341,0.663610988858313,97.3715406570586,79.7283480096079,88.5499443333333,0.658578763071603,57.046943688374,88.1973335999999,87.3405710505512,-0.666293964705633,-1.63027484382505
"3474949","2018-11-09",19.1589637783434,0.628807020291743,0.731079114072784,0.707591371269964,97.0957448177142,79.7138111822857,88.4047779999999,0.533988086656975,49.4341307385975,88.1008003999999,87.3964949104778,-0.580657469644263,-1.42035136898889
"3474948","2018-11-12",18.1127952113585,0.529196257932795,0.662621324763604,0.709762894585909,96.5959604987206,79.6624841679459,88.1292223333333,0.448471557191076,46.1482842766211,87.9349335999999,87.2516289224141,-0.639283290475057,-1.26413775328612
"3474947","2018-11-13",17.1435747152711,0.528738735396719,0.562247337873755,0.651982592236713,95.5764666821592,79.8737566511741,87.7251116666666,0.453327483055231,46.1331164251174,87.7050671999999,87.1251903994255,-0.678776140180481,-1.147065430665
"3474946","2018-11-14",16.0532097119541,0.516143813209899,0.52469293551314,0.583187199383499,94.7288309547553,80.0450590452446,87.3869449999999,0.476069613754646,45.6879343055864,87.4509335999999,86.9911650128355,-0.718980526818114,-1.06144844989562
"3474945","2018-11-15",15.5004860016391,0.428898524798958,0.491260357801861,0.526066877062918,93.7606723256939,80.2135510076393,86.9871116666666,0.404743969607762,42.6198452254399,87.1752003999999,86.7056763444574,-0.859235899592325,-1.02100593983496
"3474944","2018-11-16",14.5119561990052,0.47615789644637,0.473733411485078,0.496562234933358,93.1415930083741,80.3160753249592,86.7288341666666,0.488222632640505,44.9199473829449,86.9618675999999,86.5560314985297,-0.892436245588324,-0.995292000985633
"3474943","2018-11-19",13.9017830131748,0.439537142716157,0.44819785465383,0.471063874646922,92.8261033535989,80.3907869797343,86.6084451666666,0.613779828685373,49.2424186212798,86.7760007999999,86.6192272987258,-0.775121884809127,-0.951257977750332
"3474942","2018-11-20",12.9837885985478,0.246947589516682,0.387547542893072,0.436492936343992,92.8121660846893,80.3780582486439,86.5951121666666,0.495478659661427,45.8496659025914,86.4286679999999,86.505108992229,-0.791067823469682,-0.919219946894202
"3474941","2018-11-21",12.4454212736468,0.313953614255659,0.333479448829502,0.3897416154588,92.9529750588038,80.5410266078628,86.7470008333333,0.60712788879111,50.7450027290926,86.211468,86.6324277932652,-0.638252998058575,-0.863026557127077
"3474940","2018-11-23",11.582089210604,0.206496073174048,0.255799092315465,0.325608694679345,93.0416881048237,80.7244255618428,86.8830568333333,0.561273612057317,48.27062422217,85.9525348,86.6236600874965,-0.593496432913088,-0.809120532284279
"3474939","2018-11-26",11.0563307108199,0.476982097186701,0.332477261538805,0.307251934227923,93.1931237118165,81.1556566215167,87.1743901666666,0.669198648801124,53.7448271438966,85.8689347999999,86.8845054091636,-0.366574874218584,-0.72061140067114
"3474938","2018-11-27",10.6762374894066,0.536231457800511,0.406569876053756,0.331615409969341,92.9447159566871,82.2895083766461,87.6171121666666,0.68692967593902,54.9269450305379,85.8488011999999,87.1723486879418,-0.142591415400595,-0.605007403617031
"3474937","2018-11-28",11.1654593177187,0.536285362853628,0.516499639280282,0.418515592290946,92.1627815052518,84.156553494748,88.1596674999999,0.788150570236077,55.3688110801308,85.987468,87.4440355295496,0.0492170908484635,-0.474162504723932
"3474936","2018-11-29",11.6479406877283,0.59074299634592,0.554419939000022,0.492496484778019,91.9544155468443,85.1425861198223,88.5485008333333,0.833463894098094,56.7123821812396,86.2320011999999,87.7448307922763,0.242981254364794,-0.330733752906187
"3474935","2018-11-30",12.5885771853271,0.767128293123977,0.631385550774511,0.567435043018271,92.6297812320215,85.1425534346451,88.8861673333333,1.04781415022134,62.9403435119387,86.5749347999999,88.3441866866394,0.620854410592719,-0.140416120206406
"3474934","2018-12-03",13.5194474955038,0.782046731012084,0.713306006827329,0.633037165533953,93.2443342441821,84.8746680891511,89.0595011666666,0.998155134199767,63.5554187204183,86.9925347999999,88.9005177950875,0.932100502440991,0.0740872043230737
"3474933","2018-12-04",12.906446273754,0.4645185546875,0.671231192941189,0.671974250181009,93.4101515374581,84.8357404625418,89.1229459999999,0.769581274617079,53.4981276764666,87.4325347999999,88.9946714224092,0.903390094947087,0.239947782447876
"3474932","2018-12-06",13.2747182438808,0.0146484375000005,0.420404574399864,0.601647258056126,93.3734721975509,84.562530802449,88.9680014999999,0.238809426809646,42.1318603354595,87.6848012,88.4620485660879,0.457087372945497,0.283375700547401
"3474931","2018-12-07",13.4445545540907,0.146679881070367,0.208615624419291,0.43341713058678,93.1737241971207,84.4655008028792,88.8196124999999,0.381638027260357,46.094390156628,87.8552012,88.1977754239429,0.234416382028835,0.273583836843687
"3474930","2018-12-10",13.6931398234535,0.118598612487611,0.0933089770193283,0.24077639194616,92.858139185126,84.3698628148739,88.6140009999999,0.337605311152349,45.4527026381054,87.9696008,87.9309600340838,0.0311551834990098,0.225098106174752
"3474929","2018-12-11",13.8763591594555,0.221010901883053,0.162096465147012,0.154673688861876,92.8116941195665,84.3125298804334,88.5621119999999,0.428894734078595,48.2805097909049,87.9149344,87.837498696206,-0.0349829080656172,0.173081903326678
"3474928","2018-12-12",13.1048424825063,0.395441030723488,0.245016848364719,0.166807430177019,92.9298226173957,84.4512903826042,88.6905564999999,0.633867529807727,52.7714311178613,87.9278679999999,87.9911655367119,0.0733203040484964,0.153129583471042
"3474927","2018-12-13",12.6948372621556,0.317145688800793,0.31119920713578,0.239437506882503,92.9624164810418,84.6249185189581,88.7936674999999,0.531277868714651,50.6456315727416,87.8904011999999,88.019010131817,0.0856300873017357,0.139629684237181
"3474926","2018-12-14",13.2508019556312,0.0462507433102075,0.252945820944832,0.269720625481776,92.9943649841496,84.5271923491836,88.7607786666666,0.218560283414353,44.0359509219989,87.7157343999999,87.6786981142414,-0.15390382850603,0.0809229816885384
"3474925","2018-12-17",14.3061269754606,0,0.121132144037002,0.228425724039204,93.0026170825562,84.5103849174437,88.7565009999999,0.129615911869628,40.1542630565549,87.4317343999999,87.1330943656758,-0.512631948042663,-0.0377880042577019
"3474924","2018-12-18",15.2860716367306,0.100550014647933,0.0489335859860488,0.141003850322627,93.0906819992159,84.3068746674506,88.6987783333333,0.127103804805906,43.4566453930759,87.3110675999999,86.8144591169191,-0.683498486672052,-0.166930100740572
"3474923","2018-12-19",16.8524210537179,0,0.033516671549313,0.0678608005241203,93.3763264332658,83.5931189000675,88.4847226666666,0.0152405128304384,38.5102437672914,87.1484007999999,86.2049752346632,-1.04162973439452,-0.341870027471362
"3474922","2018-12-20",18.8169577419256,0,0.033516671549313,0.0386556430282239,94.0625924144061,82.3438525855938,88.2032224999999,-0.122450246916967,34.5567022107387,86.8926671999999,85.3656452033748,-1.53138512079165,-0.57977304613542
"3474921","2018-12-21",21.0188059570299,0,2.15105711021124e-15,0.0223444476995417,94.7684933361675,80.7736183304991,87.7710558333333,-0.09576970116724,31.5654027696628,86.5642671999999,84.3715591762582,-2.0926624828159,-0.882350933471516
"3474920","2018-12-24",23.5874184198978,0,2.15105711021124e-15,0.0111722238497714,95.9049226887938,78.455633311206,87.1802779999999,-0.150917892464728,27.3206565537237,86.1533339999999,83.0655739527571,-2.83727443139327,-1.27333563305587
"3474919","2018-12-26",25.9725585639894,0.0476749408983456,0.0158916469661174,0.00529721565537284,96.3909545873469,76.6836010793197,86.5372778333333,-0.0168714220904522,29.7815265579796,85.7453335999999,82.0412747590561,-3.32422619089021,-1.68351374462274
"3474918","2018-12-27",27.7346256188785,0.00157565011820371,0.0164168636721853,0.0107695035461005,96.5925573053817,75.1318873612849,85.8622223333333,0.0454733849373711,28.7672310486108,85.2482667999999,81.049548791182,-3.7548375746882,-2.09777851063583
"3474917","2018-12-28",28.7410879213622,0.162332151300237,0.0705275807722642,0.0342786971368545,96.2461173381707,74.2633273284959,85.2547223333333,0.184386937981343,36.8448820066081,84.9106663999999,80.5527196190244,-3.78812638965524,-2.43584808643971
"3474916","2018-12-31",29.1598976014479,0.239361111111112,0.134422970843186,0.0737891384292108,95.6402772769367,73.7393890563965,84.6898331666666,0.264045346108228,40.3361766945809,84.5573327999999,80.2959116698211,-3.64398481488299,-2.67747543212837
"3474915","2019-01-02",29.1151805529947,0.268124113475178,0.223272458628844,0.142741003414764,94.4701280176599,73.62442698234,84.0472775,0.312401887562299,41.6336702467414,84.2591991999999,80.138234113845,-3.44195832701325,-2.83037201110534
"3474914","2019-01-03",29.5256109289527,0.172776117632596,0.226753780739631,0.194816403403886,93.1071129231706,73.4935534101627,83.3003331666666,0.244547821792518,38.4169460479784,83.8109327999999,79.7695815653323,-3.41915089558752,-2.94812778800178
"3474913","2019-01-04",29.656509460417,0.1955794907358,0.212159907281193,0.220728715549888,91.9184018990954,73.3942637675712,82.6563328333333,0.278564983471338,38.8651695062488,83.3502659999999,79.4705253566214,-3.34880279426639,-3.0282627892547
"3474912","2019-01-07",28.4059281470286,0.38917069373938,0.252508767369261,0.230474151796694,91.4846267813545,73.3108162186454,82.3977215,0.45029762762833,46.8059810289361,82.9997323999999,79.6006766424052,-2.96296789374508,-3.01520381015278
"3474911","2019-01-08",26.8745333153769,0.675860554811881,0.420203579762356,0.294957418137602,90.9389298327875,73.4162911672124,82.1776105,0.56899985345103,52.2501185495748,82.7247991999999,80.0308090900845,-2.38871685945914,-2.88990642001405
"3474910","2019-01-09",25.144702564967,0.692792187665714,0.58594114540566,0.419551164179091,90.4907409985474,73.5171470014525,82.003944,0.603588904053024,52.6375939782754,82.3553323999999,80.4271452114065,-1.89464622404791,-2.69085438082082
"3474909","2019-01-10",23.5471816155226,0.830484470499547,0.733045737659049,0.579730154275688,90.0138619473469,73.6936923859863,81.8537771666666,0.689989621227617,55.4786288745107,82.0263987999999,80.9426365165523,-1.35931601302779,-2.42454670726222
"3474908","2019-01-11",23.2707944053548,0.735746904724433,0.753007854296567,0.690664912453758,89.4462734704435,74.0031695295565,81.7247215,0.857423083757108,58.7748419610317,81.8777319999999,81.602284981012,-0.769701714371263,-2.09357770868403
"3474907","2019-01-14",23.0141491387703,0.764361701435813,0.7768643588866,0.754305983614071,88.9653758491613,74.2619558175052,81.6136658333333,0.854996829905033,59.6611655111286,81.9309319999999,82.2326469835437,-0.259111690810931,-1.72668450510941
"3474906","2019-01-15",22.6148826230194,0.741151140065147,0.747086582075133,0.758986265086099,88.9627836059661,74.2631033940338,81.6129434999999,0.823162801152456,58.5822289676807,81.9109319999999,82.7322940524046,0.107561862260308,-1.35983523163546
"3474905","2019-01-16",22.5343715404026,0.751357654723127,0.752290165408031,0.758747035456587,89.1619695768678,74.1793617564654,81.6706656666666,0.840053684984142,58.94018006041,81.9085323999999,83.1862108454173,0.406889225871176,-1.00649034013414
"3474904","2019-01-17",22.3145122393523,0.675112430720507,0.722540408502929,0.740639051995364,89.3430512219236,74.1091694447429,81.7261103333333,0.81548840080926,57.9532288285334,81.8533323999999,83.541382732695,0.607995178977006,-0.683593236311908
"3474903","2019-01-18",22.5703007464684,0.804981561988523,0.743817215810721,0.739549263240559,90.013599874365,73.8737321256348,81.9436659999999,0.881023402984033,61.9070351571018,81.7937323999999,84.0691983683357,0.914017406665835,-0.364071107716359
"3474902","2019-01-22",23.3241392126218,0.711214197706864,0.730436063471967,0.732264562595205,90.8418675416827,73.7935757916505,82.3177216666666,0.856181238314114,60.3393348443319,81.7487991999999,84.4701945858909,1.10135677425491,-0.0709855313221048
"3474901","2019-01-23",24.0241320740499,0.754946922782048,0.757047560825814,0.743766946702833,91.5329370538737,73.9753949461262,82.7541659999999,0.808018854052112,61.8073658002962,81.8370655999999,84.8972793077722,1.29019043844931,0.201249662632179
"3474900","2019-01-24",25.0470642523783,0.805782204757446,0.757314441748789,0.748266022015522,92.0016381417119,74.8322495249547,83.4169438333333,0.829705168484672,63.567958780905,82.0294655999999,85.3638647334025,1.48932959481956,0.458865649069654
"3474899","2019-01-25",26.149086096238,0.795963296155822,0.785564141231774,0.766642047935458,92.4169391599683,75.7389485066982,84.0779438333333,0.829366185703532,64.6907536599625,82.1941323999999,85.8300161022822,1.66946597986144,0.700985715228011
"3474898","2019-01-28",26.4521600540477,0.572936868571321,0.724894123161532,0.755924235380697,92.4574105142231,76.9800328191101,84.7187216666666,0.771661760118081,59.7672706367218,82.4127991999999,86.0806806219779,1.6835564055774,0.897499853297889
"3474897","2019-01-29",26.7335858720138,0.749600738977342,0.706166967901497,0.7388750774316,92.7197074138145,77.8510692528521,85.2853883333333,0.793544816910403,63.7696753458567,82.7867991999999,86.5045898723808,1.81746392241171,1.08149266712065
"3474896","2019-01-30",27.3116770847031,0.772491864111228,0.698343157219966,0.709801416094331,93.0689686675019,78.5792529991646,85.8241108333333,0.808671055782465,64.9799427758254,83.2607992,86.9386445560634,1.9457866947109,1.2543514726387
"3474895","2019-01-31",28.1562772940288,0.66255778120185,0.728216794763475,0.710908973294978,93.4307022153872,79.291853117946,86.3612776666666,0.819596192178837,65.9357862417461,83.8837324,87.3668252819216,2.05793084626891,1.41506734736474
"3474894","2019-02-01",28.9785107268007,0.862329803328291,0.765793149547125,0.730784367176854,93.4535360733531,80.6253519266468,87.0394439999999,0.875258826836327,69.1870439902572,84.5303992,87.9245819109987,2.24736346749286,1.58152657139037
"3474893","2019-02-04",29.9138610945884,0.799719887955183,0.77486915749511,0.756293033935236,93.1833141092378,82.2437965574288,87.7135553333333,0.895182997134869,69.2096500204811,85.208666,88.4093043228656,2.36829872691122,1.73888100249454
"3474892","2019-02-05",30.9984714333006,0.702046035805627,0.788031909029703,0.776231405357312,93.2378563135646,83.2514770197687,88.2446666666666,0.887728113071526,68.0272050664968,85.7693328,88.8000637464835,2.41419456014513,1.87394371402466
"3474891","2019-02-06",31.7221495262491,0.658567774936061,0.72011123289896,0.761004099807923,93.3368155761798,83.9815174238201,88.6591665,0.822544521566699,66.1463257776682,86.2642664,89.0933885802857,2.39080661224766,1.97731629366926
"3474890","2019-02-07",32.3161490277432,0.581395137206844,0.647336315982846,0.718493152637168,93.3054113936129,84.789699606387,89.0475555,0.791513447381329,65.6290493531131,86.7361332,89.3356034362476,2.33630555660671,2.04911414625675
"3474889","2019-02-08",32.4933705891823,0.517694397216581,0.585885769786498,0.651111106222767,93.2771487961702,85.4451848704963,89.3611668333333,0.738190554889827,63.1472708971547,87.2607995999999,89.4895229780813,2.2289859907431,2.08508851515402
"3474888","2019-02-11",32.9510872293785,0.651473234311709,0.583520922911713,0.605581002893685,93.5820979764259,85.634458023574,89.608278,0.824421926755943,66.6698888899497,87.8229331999999,89.7682532476704,2.21589242547098,2.11124929721741
"3474887","2019-02-12",33.7823814087347,0.859259259259261,0.676142296929186,0.615182996542464,94.1198042392532,85.79608509408,89.9579446666666,0.96478286118573,71.8083380885209,88.3454667999999,90.2671528146477,2.34989771986696,2.15897898174732
"3474886","2019-02-13",34.9906152095647,0.796526054590571,0.769086182720516,0.676249800853804,94.6746555467692,86.0725671198974,90.3736113333333,1.00023379437616,73.2358128164977,88.7975999999999,90.782199106028,2.48016542059661,2.22321626951718
"3474885","2019-02-14",35.2345330156908,0.674937965260547,0.776907759703462,0.740712079784387,94.9330264469074,86.5149738864258,90.7240001666666,0.862237363660778,67.4243731080908,89.2034667999999,91.097905891891,2.46603591363308,2.27178019834036
"3474884","2019-02-15",35.7622640679573,0.735562310030394,0.735675443293839,0.760556461905938,95.2140141253123,87.0487638746876,91.131389,0.934599172233398,69.9165034648851,89.5957335999999,91.4981851063055,2.50845991099542,2.31911614087137
"3474883","2019-02-19",36.3945946512436,0.816358024691358,0.742286099994102,0.751623100997133,95.7423422023667,87.2557691309665,91.4990556666666,0.965159607628137,72.2063590792796,89.9621336,91.9717604254648,2.59375564310864,2.37404404131883
"3474882","2019-02-20",36.9817587642952,0.822660098522167,0.791526811081309,0.756496118123082,96.1817036582088,87.5250740084578,91.8533888333333,0.918555255328223,72.467681298958,90.3153336,92.3968590354028,2.63840053083704,2.42691533922247
"3474881","2019-02-21",37.0698206605685,0.73217391304348,0.790397345419004,0.774736752164804,96.4054786217129,87.9980770449537,92.2017778333333,0.848290983835154,69.5238394556161,90.6641336,92.7039444973491,2.60211701027462,2.4619556734329
"3474880","2019-02-22",37.6323842230038,0.724550898203593,0.759794969923082,0.780573042141131,96.7933159806999,88.2967950193,92.5450555,0.899961095696924,71.2466067318596,91.0318667999999,93.0540852310359,2.59691165969871,2.48894687068606
"3474879","2019-02-25",38.5264958364358,0.838292367399741,0.765005726215607,0.77173268051923,97.4476242440718,88.4240424225949,92.9358333333333,0.99324463626406,75.1799120486587,91.4766667999999,93.5762072002311,2.70156220271305,2.53146993709146
"3474878","2019-02-26",38.927513959741,0.778635778635779,0.780493014746373,0.768431236961686,97.8125210641347,88.8781456025319,93.3453333333333,0.921741845996263,72.384019097307,91.8382667999999,93.9713795735336,2.71393820316774,2.56796359030672
"3474877","2019-02-27",38.9799208862029,0.727157360406091,0.781361835480539,0.775620192147505,98.0997974670466,89.3195358662867,93.7096666666666,0.867528912774167,70.2890734936634,92.2039999999999,94.2711956303958,2.6641876177224,2.58720839578985
"3474876","2019-02-28",36.8856307152802,0.0647208121827417,0.523504650408206,0.695119833545038,97.9708199437148,89.7555133896185,93.8631666666666,0.43956403248855,46.5973561852806,92.3370667999999,93.8350362130097,2.15269482633369,2.50030568189862
"3474875","2019-03-01",34.9409326994233,0.188602442333786,0.326826871640875,0.543897785843206,97.8675728376659,90.0647604956674,93.9661666666666,0.368487588616825,51.3041942813153,92.4967999999999,93.6423647179418,1.84537445841269,2.36931943720143
"3474874","2019-03-04",34.0997257357485,0,0.0844410848388446,0.311590868962641,97.8937505410112,89.999582792322,93.9466666666666,0.185421768020367,44.4977206234566,92.5483999999999,93.1767160888829,1.39221071614366,2.17389769298988
"3474873","2019-03-05",33.4457487447229,0,0.0628674807779307,0.158045145752549,98.0196374187553,89.7180292479113,93.8688333333333,0.0917859210417522,43.5804207774678,92.6327999999999,92.7291539436985,0.992106162912587,1.93753938697442
"3474872","2019-03-06",33.2604365620068,0,2.14643118094197e-15,0.0491028552055915,98.2646055040619,89.201394495938,93.733,0.0219133708664553,40.5015307286106,92.6099999999999,92.1906000845387,0.568692176781682,1.66376994493587
"3474871","2019-03-07",33.5638054975787,0,2.14643118094197e-15,0.0209558269259774,98.6758785226624,88.4134548106709,93.5446666666666,-0.0490580807029668,36.9671501165572,92.5103999999999,91.5345200732669,0.105198790539585,1.35205571405662
"3474870","2019-03-08",34.1149575130784,0,2.14643118094197e-15,1.18886382220277e-15,99.1532972642092,87.4743694024575,93.3138333333333,-0.0480383195928037,34.9326734465897,92.3599999999999,90.8485840634979,-0.338954275757009,1.01385371609389
"3474869","2019-03-11",33.8176051036097,0.0467445742904843,0.0155815247634969,0.00519384158783278,99.4174484333357,86.8555515666643,93.1365,0.0656308869660534,37.2975647778318,92.1759999999999,90.3287728550315,-0.636316236179035,0.683819725639306
"3474868","2019-03-12",33.5414921519603,0.0801335559265437,0.0422927100723448,0.019291411611947,99.594268406687,86.2540649266463,92.9241666666667,0.126380011809875,39.0029164239472,92.0075999999999,89.9316031410273,-0.828179284226316,0.381419923666181
"3474867","2019-03-13",33.6267586424081,0.0025041736227046,0.0431274346132464,0.0336672231496951,99.7176670325906,85.4463329674094,92.582,0.107698436523455,36.5162188084612,91.8107999999999,89.4633893888904,-1.05323004697248,0.09448992953845
"3474866","2019-03-14",34.2207521724202,0,0.0275459098497516,0.03765535151178,99.8253398805891,84.4159934527442,92.1206666666667,0.0671025570161301,32.7232152367038,91.5647999999999,88.848270803705,-1.36032334276237,-0.196472724921714
"3474865","2019-03-15",34.3738849481616,0.000739644970414579,0.00108127286437521,0.0239182057757901,99.8723948282702,83.5552718383965,91.7138333333333,0.127558934841756,32.7711155536203,91.3227999999999,88.316501363211,-1.58730347347374,-0.47463887463212
"3474864","2019-03-18",34.516079668493,0.0147928994082842,0.00517751479290175,0.0112682325023419,99.7245274498365,82.7814725501635,91.253,0.158286731587089,33.7364682691192,91.1051999999999,87.8809678481162,-1.73196511096306,-0.726104121898309
"3474863","2019-03-19",35.0149011928279,0,0.00517751479290175,0.00381210081672529,99.417914231174,82.0104191021594,90.7141666666667,0.152783664630053,31.1037337649329,90.8023999999999,87.3648388017007,-1.92234039253982,-0.965351376026612
"3474862","2019-03-20",35.7883928114669,0,0.00493096646943022,0.00509533201841029,99.0358389109375,81.2314944223958,90.1336666666666,0.148007260023911,28.8645256896039,90.3839999999999,86.789526961474,-2.14030810731713,-1.20034272228472
"3474861","2019-03-21",35.5455798900905,0.0815217391304353,0.0271739130434806,0.0124274647686032,98.4942898501342,80.7473768165325,89.6208333333333,0.23248868741222,33.6845849493796,89.9767999999999,86.4109233666108,-2.20617462369516,-1.4015091025668
"3474860","2019-03-22",35.3201107488125,0.197714285714286,0.0930786749482426,0.0417278514870502,97.6504153745102,80.5332512921564,89.0918333333333,0.282177702914953,37.8659318681591,89.6419999999999,86.1934669177293,-2.15697346241357,-1.55260197453616
"3474859","2019-03-25",35.3252487683028,0.154440154440155,0.144558726428294,0.0882704381400049,96.2990887942831,80.6539112057168,88.4765,0.282904349869307,36.2923155571734,89.2479999999999,85.9343379953654,-2.14370179137047,-1.67082193790302
"3474858","2019-03-26",34.2040867001412,0.436482084690555,0.262878841615001,0.166838747663845,94.7233428354054,81.1736571645945,87.9484999999999,0.397033281762978,43.3696537000958,88.8751999999999,85.9070929293167,-1.97175820588,-1.73100919149842
"3474857","2019-03-27",33.6212001255319,0.274220032840723,0.288380757323813,0.231939441789035,92.8182775322129,81.9463891344536,87.3823333333333,0.337286777119187,40.096064248183,88.4575999999999,85.7488138720745,-1.90862384184524,-1.76653212156778
"3474856","2019-03-28",32.1521886402521,0.505747126436781,0.405483081322688,0.318914226753833,91.7557387201827,82.3725946131505,87.0641666666666,0.493516743147141,46.201174043092,88.1147999999999,85.7996386891312,-1.70632029105106,-1.75448975546444
"3474855","2019-03-29",30.2398402317373,0.664188351920693,0.481385170399401,0.391749669681967,90.8810814358012,82.8845852308653,86.8828333333333,0.803945620395568,54.3100272505197,87.8379999999999,86.1476868639137,-1.31662548322959,-1.66691690101747
"3474854","2019-04-01",28.7148245515294,0.78812572759022,0.652687068649234,0.51318510679044,90.6113169179315,83.0506830820683,86.8309999999999,0.975577411196795,58.478078343772,87.5519999999999,86.6373286153919,-0.866811263236811,-1.50689577346134
"3474853","2019-04-02",26.994411374801,0.726426076833528,0.726246718781483,0.620106319276705,90.4436414386182,83.144691894715,86.7941666666666,0.90405357633006,56.3955153589004,87.2619999999999,86.9910181333397,-0.554349530057352,-1.31638652478054
"3474852","2019-04-03",25.7316265890348,0.814901047729918,0.776484284051224,0.718472690493979,90.6745963028268,83.0204036971731,86.8474999999999,0.972834543514549,58.6685601476178,87.0152,87.3988823822277,-0.234537392131351,-1.1000166982507
"3474851","2019-04-04",24.3971869128069,0.784633294528522,0.775320139697325,0.759350380843343,91.0251618848511,82.8925047818155,86.9588333333333,0.890749701244287,57.563044160349,86.9667999999999,87.7176980645973,-0.00588749049041937,-0.881190856698645
"3474850","2019-04-05",23.8015524972284,0.825027685492802,0.80818734258375,0.786663922110765,91.6001366322471,82.7288633677527,87.1644999999999,0.935356521157377,59.7912234855832,86.8912,88.0886716559844,0.236945627793594,-0.657563559800197
"3474849","2019-04-08",23.3710684661156,0.863146551724138,0.82426917724849,0.802592219843187,92.1720866308291,82.5372467025041,87.3546666666666,0.928514297837902,61.5079129368429,86.9275999999999,88.4848487685198,0.474027345905026,-0.431245378659153
"3474848","2019-04-09",21.8700738712289,0.644391408114558,0.777521881777168,0.803326133869802,92.425088668069,82.5019113319309,87.4634999999999,0.767370679450066,53.9354378147683,86.9087999999999,88.6002022660505,0.499817559598559,-0.24503279100761
"3474847","2019-04-10",20.7998059347568,0.71039603960396,0.739311333147554,0.780367464057737,92.8066427431661,82.4960239235004,87.6513333333333,0.799561716002501,56.1131946219311,86.9607999999999,88.7855086305771,0.571672171994608,-0.0816917984071668
"3474846","2019-04-11",20.1070554120551,0.859649122807017,0.738145523508514,0.751659579477745,93.3603941457535,82.597272520913,87.9788333333333,0.873605985961002,61.0959323608495,87.1339999999999,89.1607741465001,0.765175758053771,0.0876817128850208
"3474845","2019-04-12",19.906059967799,0.808724832214766,0.792923331541916,0.756793396065994,93.9367940824365,82.7092059175633,88.3229999999999,0.873811359872541,62.1032419565199,87.3563999999999,89.5326709269668,0.938163122702718,0.25777799484856
"3474844","2019-04-15",19.3093934922498,0.722524483133841,0.796966146051877,0.776011667034101,94.3564481495918,82.9642185170747,88.6603333333332,0.811586649950846,59.3151797405316,87.5327999999999,89.7763148033712,1.00966499390962,0.408155394660772
"3474843","2019-04-16",18.8333808322761,0.81439393939394,0.781881084914184,0.790590187502658,94.7763498361183,83.3843168305482,89.0803333333332,0.850215511552327,63.0128761586327,87.7419999999999,90.1501394962551,1.16152776023513,0.558829867775643
"3474842","2019-04-17",18.1973929725924,0.693262411347517,0.743393611291768,0.774080280752609,94.9100548534781,84.1439451465217,89.5269999999999,0.804009534463992,61.725336782349,87.9779999999999,90.4394542300877,1.24329590068157,0.695723074356829
"3474841","2019-04-18",17.7818219485828,0.584033613445377,0.69722998806228,0.740834894756076,95.0262097025939,84.8131236307393,89.9196666666666,0.774843468492412,60.4463886846809,88.2667999999999,90.6568603327427,1.2705418746733,0.810686834420124
"3474840","2019-04-22",17.0048243326072,0.168067226890756,0.481787750561219,0.640803783305088,94.8507289310312,85.5212710689687,90.1859999999999,0.554022431683791,51.3682984148183,88.4759999999999,90.5812789550437,1.10316754303834,0.869182976143767
"3474839","2019-04-23",16.6856380283657,0.0106382978723428,0.254246379402827,0.477754706008774,94.469584377729,86.3907489556042,90.4301666666666,0.442215268792977,48.6275145207334,88.6499999999999,90.4237750943712,0.898717940750959,0.875089969065206
"3474838","2019-04-24",16.0581512296943,0,0.0595685082543685,0.265200879406137,94.2535123598392,86.998820973494,90.6261666666666,0.478933172316478,47.0220503236051,88.8491999999999,90.2326050817884,0.692020498972856,0.838476075046736
"3474837","2019-04-25",17.4248526673727,0.532071503680336,0.180903267184229,0.164906051613807,94.5810581236382,87.663275209695,91.1221666666666,1.13765612791575,63.1791578055532,89.2891999999999,90.7415910708833,0.968227562011648,0.864426372439718
"3474836","2019-04-26",19.1469382512481,0.512021371326803,0.348030958335715,0.19616757792477,95.2861053163934,87.9145613502731,91.6003333333333,1.17371684360274,64.7575600620755,89.7207999999999,91.2747122614322,1.23189631370577,0.937920360692929
"3474835","2019-04-29",21.1958068811387,0.773484848484849,0.605859241163998,0.378264488894646,97.2566190539953,87.0323809460046,92.1444999999999,1.28755664545543,72.8569609907529,90.2975999999999,92.3314172932412,1.80795301453258,1.11192689146086
"3474834","2019-04-30",23.0983277517515,0.878787878787879,0.721431366199846,0.558440521899852,99.040920425272,86.3164129080612,92.6786666666666,1.16260586682269,74.8007086441645,90.9511999999999,93.4325616541424,2.34914056043782,1.35936962525625
"3474833","2019-05-01",23.2874108883004,0.668939393939394,0.773737373737376,0.700342660367072,99.9509379152602,86.3477287514064,93.1493333333333,0.941611480127497,64.8363446139096,91.4347999999999,94.0175534335901,2.50415035714355,1.58832577163371
"3474832","2019-05-02",23.4905698107549,0.697727272727273,0.748484848484851,0.747884529474023,100.804370453363,86.3916295466364,93.5979999999999,0.905335809323634,65.5150204042025,91.9739999999999,94.5752129757781,2.6262506007998,1.79591073746693
"3474831","2019-05-03",23.8903887723425,0.866176470588235,0.744281045751636,0.75550108932462,101.930055626856,86.3899443731434,94.1599999999999,0.96438963974228,69.7652203382502,92.5595999999999,95.4011845790077,2.90383744258056,2.01749607848966
"3474830","2019-05-06",23.5906545397882,0.776470588235294,0.780124777183603,0.757630223806696,102.697884189991,86.552782476675,94.6253333333333,0.853543762148746,65.6300490260213,93.0051999999999,95.9543599684733,2.98219031545452,2.21043492588263
"3474829","2019-05-07",22.4325713968091,0.441911764705882,0.694852941176472,0.739752921370569,102.847818746068,86.8978479205984,94.8728333333333,0.597837169551946,53.0102922680891,93.2123999999999,95.8271119726769,2.63090786669,2.2945295140441
"3474828","2019-05-08",21.3572084783285,0.441911764705882,0.553431372549022,0.676136363636365,102.822904149055,87.4750958509446,95.1489999999999,0.531991538496119,53.0102922680891,93.4407999999999,95.71683037632,2.32589167066595,2.30080194536847
"3474827","2019-05-09",19.9405935847812,0.414705882352941,0.432843137254904,0.560375816993465,102.802320097233,87.9943465694337,95.3983333333333,0.522172739079862,52.0660945376984,93.6239999999999,95.5719196594773,2.02974106689642,2.24658976967406
"3474826","2019-05-10",18.5205063759472,0.434558823529412,0.430392156862747,0.472222222222223,102.838412050783,88.35792128255,95.5981666666666,0.527519785508533,52.7277858330839,93.8283999999999,95.482330371547,1.79721965504203,2.15671574674765
"3474825","2019-05-13",17.4173986964174,0.396323529411765,0.415196078431375,0.426143790849674,102.830850291473,88.612816375194,95.7218333333333,0.448762254732993,51.2601551404795,93.9835999999999,95.3353529886741,1.55119312594645,2.03561122258741
"3474824","2019-05-14",16.331470552793,0.129976580796253,0.320286311245812,0.388624848846644,102.814842205317,88.9634911280157,95.8891666666666,0.475995121476286,53.3573390280184,94.1475999999999,95.3119725901842,1.4060903066861,1.90970703940715
"3474823","2019-05-15",15.8882941959908,0,0.175433370069341,0.303638586582175,102.799668326498,89.1436650068347,95.9716666666666,0.408343119332412,49.6140701143636,94.3291999999999,95.1223762448263,1.17003380383001,1.76177239229172
"3474822","2019-05-16",14.8690512081428,0.251724137931034,0.127233572909098,0.207651084741416,102.846281876986,89.4930514563473,96.1696666666666,0.544209027683743,55.4217770592781,94.5727999999999,95.2500594121828,1.15539670551972,1.64049725493732
"3474821","2019-05-17",13.9457292921345,0.266666666666666,0.172796934865902,0.158487959281446,102.867374782681,89.8856252173189,96.3764999999999,0.537501365350042,55.7478492191622,94.7571999999999,95.3780514905584,1.141430672322,1.54068393841426
"3474820","2019-05-20",13.2836537548406,0.154022988505747,0.224137931034485,0.174722812936494,102.591298337011,90.6877016629891,96.6394999999999,0.442076330467019,52.6229666386622,94.8883999999999,95.3583112918173,1.03537985398525,1.43962312152846
"3474819","2019-05-21",12.6265004074346,0.39080459770115,0.27049808429119,0.222477650063858,102.142538784808,91.9151278818583,97.0288333333333,0.570513121405803,57.9577562873773,95.1255999999999,95.6158697862417,1.11257400039517,1.3742132973018
"3474818","2019-05-22",12.2151455749273,0.198850574712644,0.247892720306516,0.247509578544062,101.482279455027,93.1647205449728,97.3234999999999,0.384962241484501,52.77009897118,95.2471999999999,95.6164204814094,1.02069253543984,1.30350914492941
"3474817","2019-05-23",12.1182972078471,0.13358302122347,0.24107939787909,0.253156734158931,101.48264255943,93.1633574405698,97.3229999999999,0.283675322944917,50.8335765473441,95.3527999999999,95.5288977505549,0.881997372285781,1.21920679040068
"3474816","2019-05-24",11.9679146967067,0.258780036968578,0.197071210968233,0.228681109717945,101.485832721876,93.081500611457,97.2836666666666,0.321084335208215,51.7862847573531,95.4815999999999,95.4970447171475,0.790870810779243,1.13353959447639
"3474815","2019-05-28",11.3536851472927,0.433054393305438,0.275139150499164,0.237763253115494,101.092506260952,93.1064937390482,97.0994999999999,0.426600833011608,53.7459703994273,95.7163999999999,95.5587720881945,0.766434807478311,1.06011863707678
"3474814","2019-05-29",11.439899587152,0.14225941422594,0.278031281499987,0.250080547655793,100.426590685479,93.1734093145214,96.7999999999999,0.268377500288782,49.2715506476834,95.9231999999999,95.4269358097686,0.622406485922844,0.972576206845991
"3474813","2019-05-30",11.0564948436999,0.284518828451883,0.286610878661089,0.279927103553412,100.114974699011,93.1543586343223,96.6346666666666,0.387270514653549,51.4030190578949,96.1735999999999,95.4033443684661,0.559338395792452,0.889928644635283
"3474812","2019-05-31",10.6653164130222,0.197505197505198,0.208094480061009,0.257578880074027,99.7063439730741,93.2316560269257,96.4689999999999,0.447127439008565,50.0378526152222,96.2051999999999,95.328231786004,0.469249744217581,0.805792864551743
"3474811","2019-06-03",11.3617737980614,0.653171390013496,0.378398471990194,0.291034610237429,99.1318236849372,93.6271763150627,96.3794999999999,1.08262890448146,60.7018399795497,96.3647999999999,95.7818008812035,0.718190173831279,0.78827232640765
"3474810","2019-06-04",12.5445956429955,0.536071032186459,0.462249206568386,0.349580719539862,99.058582588571,93.6784174114288,96.3684999999999,1.19604430533908,60.6659924761514,96.3455999999999,96.1735607637097,0.902811698732253,0.811180200872571
"3474809","2019-06-05",15.2393169730033,0.598961713173264,0.596068045124408,0.478905241227662,101.775904409267,91.9037622573998,96.8398333333332,1.41369902579462,70.2708001873974,96.4739999999999,97.1904193285484,1.45391504886823,0.939727170471702
"3474808","2019-06-06",17.8217940605311,0.876729559748428,0.670587435036052,0.576301562242948,104.770088686159,90.2619113138404,97.5159999999999,1.3028116168166,76.0983957904622,96.9015999999999,98.6996967514086,2.24330347865673,1.20044243210871
"3474807","2019-06-07",20.733762999957,0.846391752577319,0.774027675166339,0.680227718442265,107.878671790373,88.7789948762935,98.3288333333332,1.21490738096907,78.4893694183923,97.4131999999999,100.338403851221,3.01873443913405,1.56410083351378
"3474806","2019-06-10",23.5554585517944,0.89069423929099,0.871271850538914,0.771962320247101,110.710336460686,87.6876635393142,99.1989999999999,1.1168267276567,79.9442773897173,97.8887999999999,101.981283337725,3.7053837287057,1.99235741255216
"3474805","2019-06-11",25.7002395770567,0.825877825877826,0.854321272582047,0.833206932762432,112.885325183754,87.3080081495794,100.096666666667,1.00239827667738,76.8600998823973,98.3763999999999,103.282445559361,4.11408946547176,2.41670382313608
"3474804","2019-06-12",27.6918219576574,0.879268879268879,0.865280314812567,0.863624479311175,114.824582815163,87.1497505181703,100.987166666667,0.947319783807519,77.9646653692951,99.0903999999999,104.55811948478,4.46077762119683,2.82551858274823
"3474803","2019-06-13",29.7432785270072,0.88656858092074,0.863905095355817,0.861168894250142,116.582017275058,87.324982724942,101.9535,0.913342187703672,78.3654395737222,99.8203999999999,105.717036886809,4.70116384418444,3.20064763503547
"3474802","2019-06-14",31.6482024842606,0.900806834361652,0.888881431517092,0.872688947228491,118.15149264314,87.4885073568595,102.82,0.867544121838736,78.67865323115,100.5772,106.761431968568,4.84947984152841,3.53041407633406
"3474801","2019-06-17",33.4170604445673,0.909349786426199,0.898908400569532,0.883898309147479,119.515459429911,87.8528739034221,103.684166666667,0.830437322980058,78.8762588935476,101.3304,107.690574372759,4.91645013136655,3.80762128734056
"3474800","2019-06-18",35.2345923829271,0.918995736617716,0.909717452468524,0.899169094851715,120.747532705384,88.5068006279495,104.627166666667,0.815837534609228,79.4571930226615,102.1248,108.563831123058,4.9442593799411,4.03494890586067
"3474799","2019-06-19",34.7795217982866,0.718477762494269,0.848941095179396,0.885855649405816,121.516498025333,89.2185019746665,105.3675,0.722588629195103,65.3102999023802,102.7388,108.82332030665,4.63352900500911,4.15466492569035
"3474798","2019-06-20",34.4891679261848,0.790445168295331,0.809306222469107,0.855988256705675,122.346092675015,90.2089073249846,106.2775,0.757930698546968,69.6341350767712,103.5144,109.417544265763,4.53778475653843,4.23128889185997
"3474797","2019-06-21",33.4056106957348,0.699782844733985,0.736235258507863,0.798160858718788,122.595137757602,91.6398622423976,107.1175,0.668172734588535,64.4207950593817,104.1356,109.709871696995,4.28772433624522,4.24257598073702
"3474796","2019-06-24",31.794120413512,0.483508245877062,0.657912086302128,0.734484522426365,122.519497108319,93.2305028916811,107.875,0.604305391212948,60.4515455939981,104.6972,109.781888804062,3.94383389382735,4.18282756335509
"3474795","2019-06-25",29.6142319096016,0.00695249130938448,0.396747860640145,0.596965068483378,122.223358242841,94.8353084238253,108.529333333333,0.539092475504533,55.8719103194418,105.2308,109.620303630187,3.50773975297918,4.04781000127991
"3474794","2019-06-26",27.5939499163786,0.00583430571762093,0.165431680968024,0.406697209303431,121.490450702783,97.0198826305502,109.255166666667,0.515590157076616,55.978798769079,105.684,109.486929812829,3.13004969938604,3.86425794090113
"3474793","2019-06-27",26.4446311096076,0.260210035005835,0.0909989440109485,0.217726161873038,120.65442343196,99.444243234706,110.049333333333,0.579395836543536,60.4741910039503,106.2912,109.662005837785,2.95720025346871,3.68284640341465
"3474792","2019-06-28",26.0150189576305,0.487747957992999,0.251264099572153,0.169231574850374,119.486292342419,102.368040990914,110.927166666667,0.661007489028623,64.0141651151037,107.0028,110.073738392747,2.92890543135127,3.53205820900197
"3474791","2019-07-01",26.0462873587497,0.743290548424737,0.497082847141192,0.279781963574763,118.757436404885,104.701563595115,111.7295,0.777736814082427,67.5312224109021,107.7888,110.722573273714,3.02960002055856,3.43156657131329
"3474790","2019-07-02",26.2850781440833,0.802173913043479,0.67773747315374,0.475361473289027,117.487383433257,107.615949900076,112.551666666667,0.905716149183224,69.0343307144863,108.5884,111.419563503886,3.14324884661938,3.37390302637451
"3474789","2019-07-03",26.7647252846199,0.851084812623275,0.798849758030499,0.657890026108476,117.538251143338,108.749415523328,113.143833333333,1.01878316959522,70.8339290633941,109.4936,112.190288370034,3.28192610037685,3.35550764117498
"3474788","2019-07-05",27.2352129818689,0.839687194525904,0.830981973397555,0.769189734860597,117.995481438542,109.146518561458,113.571,0.967361737653702,70.6923489717176,110.37,112.852916587363,3.34657412512671,3.35372093796533
"3474787","2019-07-08",27.698833515329,0.845930232558139,0.845567413235775,0.825133048221275,118.591745328919,109.134921337747,113.863333333333,0.919450194945982,70.9114956921292,111.2684,113.445861042381,3.36598718719157,3.35617418781057
"3474786","2019-07-09",27.5845206097578,0.758720930232559,0.814779452438869,0.830442946357398,118.987380347934,109.116286318733,114.051833333333,0.815888660106209,67.4212964450967,111.9752,113.83974623673,3.27761158377797,3.34046166700405
"3474785","2019-07-10",26.9844996100728,0.676356589147287,0.760335917312663,0.806894260995768,119.216455043365,109.219211623302,114.217833333333,0.704939826634777,64.2070625544864,112.6484,114.067780071833,3.11055761977241,3.29448085755773
"3474784","2019-07-11",25.6482668074396,0.535852713178294,0.656976744186048,0.744030704645859,119.304772974726,109.308560358607,114.306666666667,0.583698366451071,59.0365334742657,113.0604,114.072076062255,2.84264434644268,3.20411355533472
"3474783","2019-07-12",24.7413389991744,0.577519379844962,0.596576227390183,0.671296296296297,119.421395100193,109.356604899807,114.389,0.629593693198244,60.0636176584815,113.3012,114.133132587288,2.63041275320823,3.08937339490942
"3474782","2019-07-15",24.1914434369223,0.794573643410852,0.635981912144705,0.629844961240311,119.755420977102,109.355912356231,114.555666666667,0.775750208131163,64.9883851215252,113.5324,114.484714908983,2.59012894012729,2.98952450395299
"3474781","2019-07-16",23.6808261291168,0.800389483933788,0.724160835729869,0.652239658421584,120.054389249436,109.379610750563,114.717,0.748842009566187,65.1330840274853,113.6996,114.798752921119,2.5329389029801,2.89820738375842
"3474780","2019-07-17",22.9274840393231,0.69097651421508,0.761979880519909,0.707374209464826,120.246643504954,109.399023161712,114.822833333333,0.693944226177144,63.3213176107969,113.8856,115.010919198303,2.42731512322369,2.80402893165147
"3474779","2019-07-18",22.4387330381524,0.643322475570033,0.711562824572969,0.732567846940914,120.478875398322,109.639124601678,115.059,0.704894009250457,64.0629301931719,114.0396,115.236129971862,2.33789966624764,2.71080307857071
"3474778","2019-07-19",21.3542675523874,0.336116910229645,0.556805300004921,0.676782668365932,120.587907819536,109.704758847131,115.146333333333,0.607229994090786,59.8977655854468,114.138,115.299312642281,2.17237082063471,2.60311662698351
"3474777","2019-07-22",19.9792069678474,0.208768267223382,0.396069217674355,0.554812447417414,120.598850542165,110.024482791168,115.311666666667,0.530104242714975,57.420504950936,114.2,115.27273762331,1.9757004603856,2.47763339366392
"3474776","2019-07-23",19.7509826959827,0.361169102296451,0.302018093249828,0.418297536976367,120.526821951082,110.684511382251,115.605666666667,0.622362866413431,59.5752040237396,114.284,115.347039273535,1.84961770909859,2.35203025675086
"3474775","2019-07-24",20.5660223377882,0.543478260869565,0.371138543463135,0.356408618129104,120.410021845229,111.763311488104,116.086666666667,0.862372879849249,65.4330143784024,114.4384,115.714100703731,1.8862411807868,2.25887244155805
"3474774","2019-07-25",21.3465374162259,0.654104979811574,0.519584114325865,0.397580250346274,120.07663722098,113.114696112353,116.595666666667,0.96265832326683,67.3625842602127,114.7764,116.146887276567,1.95155089745653,2.19740813273774
"3474773","2019-07-26",22.0713014176323,0.698519515477794,0.632034252052979,0.507585636613992,119.993096755833,114.016903244166,117.005,0.987768676551281,68.0984704968151,115.0168,116.565968973024,2.00184797110476,2.15829610041115
"3474772","2019-07-29",22.9139918790357,0.667994687915007,0.673539727734793,0.608386031371211,120.161180774609,114.476819225391,117.319,0.965194430445307,67.3060787703925,115.3176,116.907839776621,2.00642039711108,2.12792095975113
"3474771","2019-07-30",24.1944784907138,0.6268156424581,0.664443281950302,0.656672420579357,120.692405354303,114.464594645697,117.5785,1.0210231147279,68.7266708365904,115.696,117.281461139738,2.02574358944239,2.10748548568938
"3474770","2019-07-31",25.232964356902,0.585680751173709,0.626830360515607,0.654937790066899,121.121286148754,114.440713851246,117.781,0.922967754981278,67.6890678876175,116.134,117.579932987773,2.00401366913576,2.08679112237866
"3474769","2019-08-01",28.2001488460331,0.359614293817357,0.52403689581639,0.605103512760765,122.804872073477,113.507127926523,118.156,1.25796163262268,72.2486254294007,116.6468,118.094608589403,2.09314505197162,2.08806190829725
"3474768","2019-08-02",30.1570999196847,0.277368122518435,0.407554389169835,0.519473881833943,123.307117139151,113.435549527515,118.371333333333,0.868938363518571,64.8103994390928,117.0144,118.34732744415,2.04010453781791,2.07847043420138
"3474767","2019-08-05",29.3825789589807,0,0.212327472111932,0.381306252366051,123.343644656924,113.166355343076,118.255,0.229626761919576,44.1730130568113,117.0596,117.75168378493,1.56277021942586,1.97533039124628
"3474766","2019-08-06",28.7173524685063,0.0551724137931038,0.110846845437181,0.243576235572981,123.351783133196,113.068550200137,118.210166666667,0.311651321530748,47.2518992537057,117.0588,117.374125946939,1.24091086720362,1.82844648643775
"3474765","2019-08-07",28.099642155923,0.10185676392573,0.0523430592396128,0.125172458929574,123.344177030012,113.118489636655,118.231333333333,0.349268486895612,49.7759340204483,117.0528,117.164242487347,1.03431609671676,1.66962040849355
"3474764","2019-08-08",28.2386281867824,0.220159151193634,0.125729442970824,0.0963064492158714,123.357972067968,113.508694598698,118.433333333333,0.576147717671693,55.5769463521638,117.086,117.279676822368,1.01255756247953,1.53820783929075
"3474763","2019-08-09",28.367686644009,0.276923076923077,0.199646330680815,0.125906277630416,123.437516799878,113.847483200122,118.6425,0.628692632182041,58.0789485385391,117.1636,117.522386579385,1.05651419385371,1.44186911020334
"3474762","2019-08-12",28.1693490582175,0.237665782493369,0.244916003536695,0.190097259062777,123.479739904259,113.953593429074,118.716666666667,0.51994510587204,55.7407328204099,117.206,117.634068368801,1.02837760731977,1.35917080962663
"3474761","2019-08-13",28.3777750625019,0.218037135278515,0.244208664898322,0.22959033303861,123.534005207228,114.081328126105,118.807666666667,0.540799729363117,54.5580204952385,117.2696,117.681525919627,0.969424472772618,1.28122154225582
"3474760","2019-08-14",27.7167683118933,0.110875331564987,0.188859416445625,0.225994694960213,123.526093253465,114.123906746535,118.825,0.334967465756741,48.5067947430662,117.2864,117.453322463677,0.775107886313764,1.17999881106741
"3474759","2019-08-15",27.000718889135,0.0976127320954909,0.142175066312999,0.191747715885648,123.55982573487,113.992840931797,118.776333333333,0.241855274414844,47.8001721260723,117.3512,117.222212801853,0.596933966198776,1.06338584209369
"3474758","2019-08-16",26.8420483981135,0.166047745358091,0.124845269672858,0.15195991747716,123.523561778281,114.175104888386,118.849333333333,0.384900790293746,51.7093246851896,117.4504,117.193917761606,0.538349712291342,0.958378616133216
"3474757","2019-08-19",27.5196426420462,0.319363395225465,0.194341290893017,0.153787208959624,123.620981379106,114.603351954227,119.112166666667,0.696781206722067,59.0992152235241,117.5756,117.554728726725,0.682801270371924,0.903263146980958
"3474756","2019-08-20",27.8295044637167,0.280636604774536,0.255349248452699,0.191511936339523,123.655225557522,114.872441109144,119.263833333333,0.565981352884864,56.7373585444002,117.6688,117.770098229829,0.738126325196253,0.870235782624017
"3474755","2019-08-21",28.4280448888753,0.577996715927751,0.392665571975919,0.280785370440544,123.872958813492,114.880707853174,119.376833333333,0.733886562546792,60.7834955040865,117.85,118.190085132518,0.890975824506079,0.87438379100043
"3474754","2019-08-22",29.2925239854468,0.644466209598432,0.501033176766908,0.383015999065174,124.073175476061,114.865824523939,119.4695,0.738993822592673,59.2157722130622,118.0004,118.492740448182,0.968774099817349,0.893261852763814
"3474753","2019-08-23",30.0952545751203,0.640130861504908,0.620864595677032,0.504854448139952,124.24558721565,114.860079451016,119.552833333333,0.716699339485637,60.0125698275112,118.2036,118.799041721758,1.040340112511,0.92267750471325
"3474752","2019-08-26",31.0755348113883,0.659276546091015,0.64795787239812,0.589951881614019,124.518375502757,114.82529116391,119.671833333333,0.775608867787679,61.4385322292375,118.4544,119.141836158857,1.12285825750247,0.962713655271094
"3474751","2019-08-27",32.1089170919787,0.718340611353712,0.672582672983213,0.647135047019454,124.84857197979,114.728761353543,119.788666666667,0.833141938900448,63.6753259954252,118.7132,119.562924671009,1.23610410968746,1.01739174615437
"3474750","2019-08-28",32.373118004573,0.578602620087336,0.652073259177356,0.657537934852895,125.037334309423,114.70699902391,119.872166666667,0.732761080211225,58.6341193646762,118.83,119.757201381542,1.22475663111952,1.0588647231474
"3474749","2019-08-29",33.023101735232,0.833178869323447,0.710040700254833,0.678232210805133,125.064848230711,114.690151769288,119.8775,1.02362977752651,66.7954655067091,119.06,120.417574530669,1.44628198530998,1.13634817557991
"3474748","2019-08-30",32.7870031429393,0.676795580110497,0.696192356507095,0.686102105313093,125.443457579481,114.534209087185,119.988833333333,0.889684648733488,61.0320534490975,119.2112,120.771231259913,1.49331350700508,1.20774124186495
"3474747","2019-09-03",30.79375432292,0.277163904235728,0.595712784556559,0.667315280439494,125.272257219266,115.169076114067,120.220666666667,0.492015716057485,48.9862126708881,119.1952,120.499067091925,1.22622823339928,1.21143864017181
"3474746","2019-09-04",29.0257813263983,0.453959484346225,0.469306322897485,0.587070487987045,125.22144300124,115.743223665427,120.482333333333,0.608072339016578,53.3708420688488,119.2328,120.519191479668,1.13004296773505,1.19515950568446
"3474745","2019-09-05",28.2982123769292,0.709508881922675,0.480210756834878,0.515076621429639,125.614937094047,116.145396239286,120.880166666667,0.897748957184781,59.518330835484,119.404,120.956632615713,1.24972336081439,1.20607227671045
"3474744","2019-09-06",27.6226126381364,0.694267515923568,0.619245294064158,0.522920791265506,126.098735400736,116.211931265931,121.155333333333,0.857176422753426,60.2000112967323,119.5136,121.386414933618,1.35324637357961,1.23550709608428
"3474743","2019-09-09",26.1794698495248,0.426751592356687,0.610175996734312,0.569877349211114,126.30715924136,116.337507425307,121.322333333333,0.690009979113131,54.7164726484953,119.5972,121.478892942469,1.28043989617193,1.24449365610181
"3474742","2019-09-10",24.4649165312713,0.173248407643312,0.431422505307858,0.553614598702108,126.308382029934,116.588284636732,121.448333333333,0.497770941402122,50.0627793489955,119.8456,121.293707216806,1.07810695974209,1.21121631682986
"3474741","2019-09-11",22.8304485990875,0.5171974522293,0.372399150743102,0.471332550928422,126.485213477352,116.841119855981,121.663166666667,0.689425093228581,55.582636208469,120.1604,121.493212921232,1.08473286525792,1.18591962651548
"3474740","2019-09-12",21.2951532055372,0.44203821656051,0.377494692144376,0.39377211606511,126.375079999275,117.541586667391,121.958333333333,0.637922030114168,54.1734674269017,120.4164,121.587451198401,1.0386464949186,1.1564650001961
"3474739","2019-09-13",19.7832520679193,0.642038216560509,0.533757961783441,0.427883934890305,126.042715818983,118.673284181016,122.358,0.763521000723456,57.2774106146281,120.646,121.878457705281,1.09340217331297,1.14385243481948
"3474738","2019-09-16",18.6769088230394,0.542675159235668,0.542250530785564,0.484501061571125,125.743542640819,119.586124025847,122.664833333333,0.702222188311055,55.2743235085666,120.8016,122.026663344577,1.07245994970444,1.12957393779647
"3474737","2019-09-17",17.6495900956509,0.561783439490446,0.582165605095543,0.552724699221514,125.796255816834,119.809077516499,122.802666666667,0.640411162737512,55.5959268911146,120.9928,122.175108231967,1.05346665095556,1.11435248042829
"3474736","2019-09-18",16.791796715006,0.53248407643312,0.545647558386413,0.556687898089172,125.661522638516,120.306810694817,122.984166666667,0.591352564210731,54.9435454011869,121.1896,122.273093801038,1.0114368333543,1.09376935101349
"3474735","2019-09-19",15.8264432695676,0.626751592356689,0.57367303609342,0.567162066525124,125.786739462663,120.476927204003,123.131833333333,0.745112244388174,56.7038838008648,121.4968,122.456681294233,1.0150962198201,1.07803472477481
"3474734","2019-09-20",15.1796963185397,0.428383705650459,0.529206458146758,0.549509017542195,125.766293386379,120.622706613621,123.1945,0.44728062757632,51.8134980960393,121.7476,122.394457121668,0.898157052386983,1.04205919029725
"3474733","2019-09-23",14.5791455782996,0.313599999999999,0.456245099335717,0.51970819785863,125.730310616187,120.794022717146,123.262166666667,0.434735033033811,51.9747214847631,121.9492,122.348529505446,0.800234853355652,0.993694322908927
"3474732","2019-09-24",14.2319122552073,0.236799999999998,0.32626123521682,0.43723759756643,125.726359988059,120.828306678608,123.277333333333,0.371241363288217,50.5184989294378,122.016,122.244725571386,0.683101919349527,0.931575842197047
"3474731","2019-09-25",14.091630813205,0.181049069373941,0.243816356457981,0.342107563670171,125.725236861301,120.726763138698,123.226,0.281399937799922,49.2492052654893,122.0956,122.100095495202,0.556769614383978,0.856614596634433
"3474730","2019-09-26",13.9613694742029,0.22673434856176,0.214861139311902,0.261646243662233,125.725500244444,120.725499755555,123.2255,0.308233352083875,50.1376873654299,122.116,122.010749429175,0.469081933338522,0.779108063975251
"3474729","2019-09-27",13.8900847562475,0.209813874788493,0.2058657642414,0.22151442000376,125.418688428249,120.705978238418,123.062333333333,0.284483529486235,49.7900159229429,122.1508,121.919982838618,0.388489506721235,0.700984352524448
"3474728","2019-09-30",13.5382045898553,0.173553719008265,0.203367314119508,0.208031405890935,125.281201512471,120.683131820862,122.982166666667,0.424859773084687,52.1825105876385,122.1992,121.930651793469,0.364776595420779,0.633742801103714
"3474727","2019-10-01",12.6454735152845,0.359504132231407,0.247623908676057,0.21895232901232,125.061157444646,121.250842555354,123.156,0.62089989411674,55.2660568327218,122.2604,122.059898221006,0.400893961589444,0.58717303320086
"3474726","2019-10-02",12.7483609543721,0,0.177685950413226,0.209559057736262,125.039302165533,121.291697834467,123.1655,0.108060722644229,47.7815656119081,122.2032,121.901245124872,0.291818515188735,0.528102129598435
"3474725","2019-10-03",12.3285890893172,0.0779727095516553,0.145825613927689,0.190378491005656,124.829768633238,121.261231366762,123.0455,0.276145441764637,49.2402845445982,122.2132,121.817079108223,0.229187720009882,0.468319247680725
"3474724","2019-10-04",12.933381877389,0.433029908972692,0.170334206174784,0.164615256838565,125.092768911196,121.094897755471,123.093833333333,1.14021572989787,58.4060761317828,122.1928,122.134801893793,0.369204816845836,0.448496361513747
"3474723","2019-10-07",13.7040122384148,0.646562123039808,0.38585491385472,0.234004911319063,125.979707180072,120.606959486594,123.293333333333,1.2283672259696,63.3446471602372,122.3192,122.680828307954,0.60636731190391,0.48007055159178
"3474722","2019-10-08",15.0967451791738,0.550335570469798,0.543309200827434,0.366499440285644,126.921171254787,120.340162078546,123.630666666667,1.19026900662385,64.2015043219827,122.6344,123.204717866893,0.808659986913396,0.545788438656103
"3474721","2019-10-09",16.3899971955928,0.640460210930008,0.612452634813206,0.513872249831785,127.878919999197,119.912413334137,123.895666666667,1.11436380324633,66.3000991132322,122.9104,123.784088817974,1.01733693533448,0.640098137991778
"3474720","2019-10-10",17.5908740679819,0.806327900287631,0.665707893895814,0.60715657651215,128.961168448209,119.496831551791,124.229,1.09320937058556,69.8080818814182,123.1296,124.516876975578,1.27859630452449,0.767797771298321
"3474719","2019-10-11",19.1769788296391,0.738156761412576,0.728314957543407,0.668825162084141,129.992144647559,119.081188685774,124.536666666667,1.0422684031894,70.1178941349106,123.34,125.173293378834,1.47669915903175,0.909578048845006
"3474718","2019-10-14",20.6147627379492,0.733850129198966,0.759444930299726,0.717822593912981,130.79078694571,118.89588005429,124.8433335,0.937162158067616,69.876584723098,123.6324,125.735520928323,1.61009239919871,1.04968091891575
"3474717","2019-10-15",21.9758877957137,0.739018087855297,0.737008326155614,0.741589404666248,131.508083956551,118.825249376782,125.166666666667,0.889765392657987,70.0099639861153,124.0068,126.230784804546,1.69864037949996,1.17947281103259
"3474716","2019-10-16",21.8150171559412,0.561584840654608,0.678151019236292,0.724868091897209,131.84140502964,118.975594637026,125.408499833333,0.725519943539597,60.1608196411605,124.1908,126.385346830607,1.61792892466643,1.26716403375936
"3474715","2019-10-17",22.2047493604605,0.744185185185185,0.681596037898365,0.698918461096756,132.43613844617,118.956193553829,125.696166,0.833123814862053,65.5345286547333,124.4831996,126.801965919859,1.66936402736848,1.34760403248118
"3474714","2019-10-18",22.1316012670587,0.684755383290267,0.663508469710022,0.674418508948225,132.866711592893,119.204954073773,126.035832833333,0.769426328312111,62.5761096492501,124.6852,127.071038463878,1.64658462082763,1.40740015015047
"3474713","2019-10-21",22.8081031178913,0.76813880126183,0.732359789912429,0.692488099173604,133.551100514436,119.385565152231,126.468332833333,0.861558319944035,66.7674416687117,124.99,127.542900002028,1.72141938051311,1.470203996223
"3474712","2019-10-22",23.1685482372685,0.726384364820846,0.726426183124316,0.707431480915587,133.968398248639,119.782267418028,126.875332833333,0.775715336340576,64.9299245227745,125.272,127.895846668424,1.73324822358176,1.52281284169475
"3474711","2019-10-23",23.510763204931,0.671657754010693,0.722060306697792,0.726948759911511,134.275805418601,120.360193581399,127.3179995,0.763636785043043,65.6332217037401,125.5748,128.240400445967,1.74013131099813,1.56627653555543
"3474710","2019-10-24",24.2411331546361,0.674863387978139,0.690968502269894,0.713151664030666,134.610442403472,120.980556596528,127.7954995,0.795025741493602,67.3128567161569,125.8756,128.631013719838,1.76780320365166,1.60658186917467
"3474709","2019-10-25",25.1966409325691,0.738356164383562,0.694959102124133,0.702662637030605,134.912831457145,121.737167542855,128.3249995,0.827244774511159,69.2591389179797,126.276,129.080211890527,1.81979223685003,1.64922394270975
"3474708","2019-10-28",26.5298242960202,0.732659857932082,0.715293136764596,0.70040691371954,135.360669563526,122.416329769808,128.888499666667,0.887672945341621,71.8672652998007,126.722,129.62951697179,1.91255731710103,1.701890617588
"3474707","2019-10-29",27.2600716960851,0.646909650807504,0.705975224374384,0.705409154421036,135.639868262749,123.105131403918,129.372499833333,0.813063625576006,68.3294676351708,127.16,130.014914708884,1.92044966674056,1.74560242741851
"3474706","2019-10-30",26.7146264014594,0.416140711045761,0.598570073261784,0.673279478133587,135.133510742779,124.619488923887,129.876499833333,0.680726925059181,59.7981436660468,127.5412,130.104926081033,1.79210650501302,1.75490324293742
"3474705","2019-10-31",25.872750122968,0,0.354350120617757,0.552965139417974,134.199858498186,126.147141168481,130.173499833333,0.253271711234982,42.5655163531398,127.6912,129.448269270229,1.33285121081552,1.67049283651304
"3474704","2019-11-01",25.0910078643688,0.194279887297942,0.203473532781236,0.385464575553591,133.862708748932,126.775623917735,130.319166333333,0.25271877764389,48.3018940238003,127.924,129.141833367532,1.0787429937021,1.55214286795085
"3474703","2019-11-04",25.3469696355534,0,0.0647599624326489,0.207527871943879,134.109147285089,126.373185381577,130.241166333333,-0.0939144638989082,41.1753351415071,128.0032,128.453588918527,0.670661704753184,1.37584663531132
"3474702","2019-11-05",26.0772637632755,0,0.0647599624326489,0.11099781921551,134.902170973065,125.068161693601,129.985166333333,-0.204883715584379,37.5091609253945,127.9684,127.597110396057,0.220180097566125,1.14471332776228
"3474701","2019-11-06",26.7296075439329,0.000752444881531701,0.000250814960512213,0.0432569132752687,135.45365484926,123.945344484073,129.699499666667,-0.0754826546939584,37.5398743950797,128.0152,126.856162343249,-0.13675654237828,0.888419353734167
"3474700","2019-11-07",27.3956089987857,0,0.000250814960512213,0.0217538641178898,135.852411858521,122.832920808145,129.342666333333,-0.0096973177361786,37.0883691687862,128.0368,126.183340697483,-0.431094436219392,0.624516595743455
"3474699","2019-11-08",26.6932809786192,0.160621642767104,0.0537913625495469,0.0180976641568558,135.822166863638,122.319165803029,129.070666333333,0.199523610952236,43.939236480116,128.028,125.889561937819,-0.520308272101988,0.395551622174366
"3474698","2019-11-11",26.0411192456075,0.207993924504867,0.122871855757325,0.0589713444224602,135.7593377014,121.913994631933,128.836666166667,0.249133494496578,45.8134165079678,127.9636,125.720287012776,-0.543871772049043,0.207666943329684
"3474697","2019-11-12",25.3241731302851,0.250925054829715,0.206513540700564,0.127725586335811,135.638841190897,121.605824809103,128.622333,0.300541837156405,47.5255319519972,127.9072,125.650915411073,-0.519346069996718,0.062264340664404
"3474696","2019-11-13",24.8689063447009,0.209474308309172,0.22279776254792,0.184061053001935,135.628938659807,121.335061006859,128.481999833333,0.29161242510107,46.0138023576754,127.7908,125.516126689596,-0.529858816806217,-0.0561602908297201
"3474695","2019-11-14",24.3107870648031,0.279052347111512,0.246483903416801,0.225265068888427,135.450580917974,121.115753082026,128.283167,0.355375521511253,48.9492463357872,127.6428,125.524643130983,-0.472288282355804,-0.139385889134937
"3474694","2019-11-15",23.8760529604046,0.273772796186506,0.254099817202398,0.241127161055705,135.298877497351,120.898456169316,128.098666833333,0.356115309443565,48.3468996696146,127.4804,125.505357380186,-0.434518662521621,-0.198412443812274
"3474693","2019-11-18",22.5374979426028,0.363196125907991,0.305340423068671,0.268641381229289,134.905623133241,120.852044200092,127.878833666667,0.451222602921243,51.3451264956714,127.3572,125.612643062828,-0.340839405347926,-0.226897836119404
"3474692","2019-11-19",21.2945539975011,0.430992736077483,0.355987219390661,0.305142486553909,134.622490627983,120.824510372017,127.7235005,0.4968475700168,53.9454175490056,127.2652,125.817623987784,-0.210276529042641,-0.223573574704052
"3474691","2019-11-20",20.021948717799,0.554745104009493,0.449644655331657,0.370324099263662,134.314516927259,120.838484072741,127.5765005,0.534889063550269,53.8715946937354,127.2548,125.992607456079,-0.106976282484794,-0.2002541162602
"3474690","2019-11-21",18.8615237136221,0.755856966707769,0.580531602264916,0.462054492329077,133.8895457839,120.941788549433,127.415667166667,0.591470114235747,56.4697615157024,127.1920004,126.252259795269,0.0262832950383984,-0.15494663400048
"3474689","2019-11-22",17.7839862097435,0.787916152897657,0.699506074538308,0.576560777378292,133.257910628285,121.165757038381,127.211833833333,0.611490989313308,57.3011195388039,127.1672,126.511958489233,0.146560075986302,-0.094645292003124
"3474688","2019-11-25",18.4227481562248,0.65542388331814,0.73306566764119,0.671034448148137,132.443940260582,121.615060406084,127.029500333333,0.798322606776826,59.8424744071407,127.1028,126.843697357335,0.28920104070711,-0.0178760254610772
"3474687","2019-11-26",19.0841249025163,0.74708453176275,0.730141522659517,0.720904421613004,131.887857618111,121.949476381889,126.918667,0.918713695361882,63.2033799076847,127.1008,127.283204376357,0.468707696441939,0.079440718919526
"3474686","2019-11-27",20.1605181320751,0.7099609375,0.704156450860298,0.722454547053667,132.00483608109,121.878831252244,126.941833666667,1.02322376128447,66.1720871410686,127.1316,127.81211045951,0.672556413180803,0.198063857771781
"3474685","2019-11-29",20.2451587121457,0.546875,0.667973489754252,0.700757154424688,132.372718557205,121.765282109461,127.069000333333,0.845135196868938,59.7210751336448,127.0796,128.086495731575,0.737811876536121,0.306013461524649
"3474684","2019-12-02",19.1948023265293,0.336116910229645,0.53098428257655,0.634371407730366,132.379170836735,121.764830163265,127.0720005,0.646468463232266,51.7999952748017,126.914,128.056296300698,0.655276018100048,0.375865972839729
"3474683","2019-12-03",18.2194713970283,0.338204592901878,0.407065501043843,0.53534109112488,132.512994909173,121.915006090827,127.2140005,0.620085630253131,51.8684030816006,126.7012,128.032790127272,0.584399847053207,0.417572747682425
"3474682","2019-12-04",17.9436542133202,0.418552036199097,0.364291179776875,0.434113654465755,132.593206637969,122.503794695364,127.548500666667,0.717538545604611,55.911548530966,126.5636,128.172418110302,0.596900874248307,0.453438372995601
"3474681","2019-12-05",17.675567853704,0.416289592760182,0.391015407287054,0.38745736270259,132.533023751998,123.201644581335,127.867334166667,0.66996442551453,55.8273761245201,126.4984,128.290762362262,0.598556967661601,0.482462091928801
"3474680","2019-12-06",18.2220940745601,0.310998735777498,0.381946788245594,0.379084458436507,132.318492296478,124.134509370188,128.226500833333,0.703262785571433,54.5451141498702,126.642,128.35466071396,0.574953276401513,0.500960328823344
"3474679","2019-12-09",18.7295827082122,0.495063469675598,0.407450599404428,0.393470931645691,132.51877427658,124.53889372342,128.528834,0.817193051926599,60.7978207324935,126.7816,128.659372618766,0.665862220448443,0.533940707148364
"3474678","2019-12-10",19.1653176841527,0.488011283497885,0.431357829650329,0.406918405766782,132.665166123541,124.959168543125,128.812167333333,0.787806042439353,60.5579530463027,127.046,128.91678960293,0.726031968557983,0.572358959430287
"3474677","2019-12-11",20.2437843187335,0.595910377358491,0.526328376843993,0.455045601966249,133.017620908249,125.254046425084,129.135833666667,0.907135442596423,63.8170973107936,127.4307996,129.28121632254,0.829995474275669,0.623886262399364
"3474676","2019-12-12",21.9675901216641,0.619523630133129,0.567815096996503,0.508500434496941,133.568246757189,125.535420909478,129.551833833333,1.03175593674183,67.0280467208984,127.8615996,129.751720812868,0.972729803468741,0.693654970613239
"3474675","2019-12-13",23.5682669386711,0.730912727268175,0.648782244919933,0.580975239586809,134.171418528784,125.741915804549,129.956667166667,1.01604461642727,69.2805066056731,128.3371996,130.278158037819,1.12704893330835,0.780333763152261
"3474674","2019-12-16",25.5728423590143,0.757323221757323,0.702586526386211,0.639727956100881,134.999493332445,125.898508334221,130.449000833333,1.09601671332556,72.4668600378104,128.782,130.921071632776,1.31924544837059,0.888116100195927
"3474673","2019-12-17",26.4183346523872,0.610878661087866,0.699704870037789,0.68369121378131,135.411888192686,126.206446140647,130.809167166667,0.889714708580648,65.1854536165045,129.1452,131.291595415073,1.36836759819567,0.984166399795876
"3474672","2019-12-18",26.9751774035229,0.576359832635985,0.648187238493726,0.683492878305908,135.680614522794,126.562719477206,131.121667,0.808002338912557,63.5641820113074,129.472,131.568716026396,1.37068894340897,1.0614709085185
"3474671","2019-12-19",27.1756506285627,0.52928870292887,0.572175732217575,0.640022613583029,135.856992511212,126.946008155454,131.401500333333,0.751580847917372,61.3243209010625,129.8032,131.748887222877,1.32932276736277,1.11504128028735
"3474670","2019-12-20",27.877478139441,0.575471698113209,0.560373411226023,0.593578793979107,136.139467272071,127.246199727929,131.6928335,0.807404429222888,62.7383407322906,130.1148,131.96503559316,1.3087541730272,1.15378385883532
"3474669","2019-12-23",28.5291751138279,0.578034682080926,0.560931694374337,0.564493612605977,136.330847334248,127.635486332419,131.983166833333,0.774111659404594,63.9983454564704,130.4504,132.205697514072,1.30158792044783,1.18334467115782
"3474668","2019-12-24",28.5586905071649,0.490172254335259,0.547892878176466,0.556399327925608,136.459728043745,127.825604956254,132.1426665,0.651413967589536,59.8567550040583,130.7183996,132.312936512196,1.23510227014301,1.19369619095486
"3474667","2019-12-26",29.0510924627191,0.505202312138727,0.524469749518306,0.544431440689702,136.6417485004,127.929583832933,132.285666166667,0.689887423291916,60.3296950383744,130.9579996,132.423211643903,1.17668265632753,1.19029348402939
"3474666","2019-12-27",29.7740302385589,0.623720351390923,0.539698305954971,0.537353644549913,136.993533523598,127.886799143069,132.440166333333,0.817329668270421,66.0030519888292,131.2668,132.746784758049,1.22016120865707,1.19626702895493
"3474665","2019-12-30",30.8318489524525,0.627906976744185,0.58560988009128,0.549925978521518,137.393275579611,127.990390420389,132.691833,0.826655093763552,66.185752261367,131.5456,133.035213456976,1.24343794030901,1.20570121122575
"3474664","2019-12-31",32.0269718260994,0.792946636584914,0.681524654906676,0.602277613650975,137.840281207341,128.407718792659,133.124,0.939541927675266,71.4470380518956,131.8904004,133.539852996046,1.36117085168386,1.23679513931737
"3474663","2020-01-02",31.0971975328932,0.207089552238804,0.542647721855969,0.603260752284641,137.748618312657,129.174381687343,133.4615,0.707034951826013,56.9565137531006,132.0872004,133.59053926324,1.26417946939372,1.24227200533264
"3474662","2020-01-03",29.4719964053893,0,0.333345396274574,0.519172591012405,137.585314165836,129.71868550083,133.651999833333,0.487457587716222,51.6292806623014,132.1836004,133.451800694808,1.09199614530235,1.21221683332658
"3474661","2020-01-06",27.9628810727071,0.120996441281135,0.109361997839981,0.328451705323507,137.305156378362,130.446509621638,133.875833,0.507897622070566,53.9324529068062,132.2628004,133.422227268833,0.98532241967777,1.16683795059682
"3474660","2020-01-07",26.2896394328182,0.0355871886120978,0.052194543297746,0.164967312470766,136.968992826816,131.147339839851,134.058166333333,0.410420688448066,52.0485039531035,132.3780004,133.332596966322,0.86183553492587,1.10583746746263
"3474659","2020-01-08",25.72806169739,0.265122775800709,0.140568801897982,0.100708447678569,136.856114757481,131.665884242519,134.2609995,0.664859826077762,56.4512574201796,132.6252,133.426916037479,0.832437060017743,1.05115738597365
"3474658","2020-01-09",25.3709031260835,0.597864768683274,0.299524911032028,0.164096085409251,136.846809587246,132.22185607942,134.534332833333,0.924292661539833,61.9109107073819,132.9464,133.757993899149,0.911434801460831,1.02321286907109
"3474657","2020-01-10",24.5222822720228,0.448400355871885,0.437129300118624,0.292407671016211,136.874935435622,132.565064897711,134.720000166667,0.799314443126011,58.3709297537114,133.1860004,133.932929379262,0.912499983740034,1.00107029200488
"3474656","2020-01-13",24.5288952920516,0.420111570247932,0.488792231601032,0.408482147583894,137.20806642811,132.549934238556,134.879000333333,0.956049674036884,59.9278377427744,133.4476008,134.155206795361,0.93427883506656,0.987712000617214
"3474655","2020-01-14",24.9606799464023,0.686391715976331,0.518301214032051,0.481407581917235,138.110023162014,132.140644837985,135.125334,1.18817987016567,66.854609577728,133.8308012,134.714513889313,1.10338753555503,1.01084710760478
"3474654","2020-01-15",26.0412362085763,0.617619493908152,0.574707593377473,0.527267013003518,139.146101508392,131.567232491608,135.356667,1.17864123111367,68.5371288234969,134.1708012,135.304578704071,1.26867086745555,1.06241185957493
"3474653","2020-01-16",27.3013414030121,0.729149380180034,0.677720196688174,0.590243001365899,140.497490973601,130.984176359732,135.740833666667,1.16634640577932,72.1761087698856,134.5884012,136.067968210195,1.49313011478458,1.14855551061686
"3474652","2020-01-17",28.7534005806915,0.854901960784312,0.733890278290834,0.662106022785493,142.147357156238,130.347976843761,136.247667,1.16266189067563,76.003230949719,135.0604016,137.052239115502,1.79059065950395,1.27696254039428
"3474651","2020-01-21",29.7646380465875,0.789833839150229,0.791295060038193,0.734301845005733,143.397585398314,130.121749268352,136.759667333333,1.03658937914949,73.7900901954543,135.466402,137.839941900102,1.97158472934982,1.41588697818539
"3474650","2020-01-22",29.8192797903899,0.687405159332323,0.777380319755623,0.767521886028216,144.248472144506,130.12219652216,137.185334333333,0.907373404982761,67.9216875957489,135.782802,138.342616313422,2.01105002258679,1.53491958706567
"3474649","2020-01-23",29.1891034902559,0.600910470409712,0.692716489630756,0.75379728980819,144.726789220136,130.361879446531,137.544334333333,0.778618689320797,63.3407181817133,135.9976016,138.626267471632,1.95259834596293,1.61845533884512
"3474648","2020-01-24",28.6039397829885,0.659476117103236,0.649263915615092,0.706453575000489,145.163859024947,130.790476975053,137.977168,0.787301809158907,65.2030180809163,136.3020016,138.984098475414,1.93227908349034,1.68122008777416
"3474647","2020-01-27",26.6405897200232,0.42758089368259,0.562655827065181,0.634878744103676,145.272714080863,131.29162225247,138.282168166667,0.625729224506166,54.5158971519155,136.4992016,138.892885345359,1.72144556731828,1.68926518368299
"3474646","2020-01-28",25.5263003801793,0.736526316059611,0.607861108948481,0.606593617209584,145.920297400753,131.474704599247,138.697501,0.841914594151182,63.7603882342962,136.8884012,139.393832632645,1.78579382226598,1.70857091139959
"3474645","2020-01-29",24.6936118692759,0.827461452088033,0.663856220610079,0.611457718874579,146.717714533295,131.587620800038,139.152667666667,0.877657871837261,66.4293331107726,137.3228012,140.038654948292,1.90472813327849,1.74780235577537
"3474644","2020-01-30",24.1974519383839,0.727965871157517,0.763984546435055,0.678567291997871,147.411468737887,131.63986592878,139.525667333333,0.829981215584613,64.5814952259308,137.7184012,140.521500955186,1.94233125770567,1.78670813616143
"3474643","2020-01-31",23.1253441949255,0.608849750176548,0.721425691140701,0.716422152728611,147.81438503943,132.10861596057,139.9615005,0.754163261917129,60.810349549689,138.0972016,140.782634161162,1.88199083000937,1.80576467493102
"3474642","2020-02-03",23.0111499954285,0.578850501367365,0.638555374233812,0.707988537269855,148.314528170376,132.872138829624,140.5933335,0.862421883675983,64.8726413549727,138.5576012,141.29828160634,1.93532516672823,1.83167677329046
"3474641","2020-02-04",23.8128667537533,0.797872906292842,0.66185771927892,0.673946261551143,149.64494658779,133.198720078876,141.421833333333,1.05199065441625,71.9446051603976,139.1456008,142.398510725495,2.22847878052208,1.91103717473678
"3474640","2020-02-05",24.8378871547239,0.761811523498375,0.712844977052862,0.671086023521864,150.721425024054,133.880574642613,142.300999833333,1.02366695467186,72.3844888294083,139.7456008,143.400042628762,2.44865081160892,2.01855990211121
"3474639","2020-02-06",25.8632141382245,0.855212355212355,0.804965595001192,0.72655609711099,151.980924290371,134.343409376295,143.162166833333,1.02035863393329,74.4015823678316,140.3364004,144.492036944927,2.68229020873183,2.15130596343533
"3474638","2020-02-07",27.0601952560915,0.788996977025393,0.802006951912043,0.773272507988698,153.117685326013,134.808315673987,143.9630005,0.966992565145694,73.5748388122145,141.0336008,145.40643335227,2.81759669211989,2.28456410917225
"3474637","2020-02-10",29.0311425317077,0.736489365619623,0.793566232619125,0.800179593177452,154.641667994586,135.236999338747,144.939333666667,1.04612302437559,76.3465083967155,141.8796008,146.512242238634,3.01611819336458,2.43087492601071
"3474636","2020-02-11",31.1072433095378,0.874666666666666,0.800051003103896,0.798541395878353,156.797494420666,135.272838912667,146.035166666667,1.09860810913074,80.382343203588,142.8696008,148.041276606816,3.36318621852048,2.61733718451267
"3474635","2020-02-12",33.1744710469212,0.889978678038379,0.833711570108224,0.809109601943747,158.967047043709,135.182952289624,147.074999666667,1.044691755868,81.3358717708009,143.9264008,149.525106392574,3.65256707967021,2.82438316354418
"3474634","2020-02-13",35.3517447341814,0.840900513225424,0.868515285976825,0.834092619729647,161.022395403953,135.17193792938,148.097166666667,0.99694181799179,81.6823473841766,144.9488016,150.868426873564,3.85326560322101,3.03015965147954
"3474633","2020-02-14",37.3734988723515,0.843971631205675,0.858283607489828,0.853503487858291,162.808182405259,135.277151261407,149.042666833333,0.933958797410847,82.2836087034801,145.9256016,152.129969957089,3.99879904061251,3.22388752930614
"3474632","2020-02-18",39.5005020181126,0.831646734130635,0.838839626187247,0.855212839884632,164.551862926618,135.304804073382,149.9283335,0.905225925775053,82.4787522021963,146.9452012,153.25397396281,4.07390923929527,3.39389187130396
"3474631","2020-02-19",41.8326204942641,0.872255489021957,0.849291284786091,0.848804839487721,166.807950527906,135.20004913876,151.003999833333,0.955350282707346,85.3309465334957,148.0944008,154.730777434436,4.27561450821583,3.57023639868634
"3474630","2020-02-20",41.621185205029,0.679042315369262,0.794314846173953,0.827481919049096,167.925218815275,135.946780851391,151.935999833333,0.801578316955068,69.6543988867809,148.9400008,155.365341776511,4.13150217707547,3.68248955436416
"3474629","2020-02-21",41.4248524364534,0.70454558367763,0.751947796022951,0.798517975660997,168.720355996746,137.163644003254,152.942,0.77647588892656,71.1632189138048,149.8052008,156.085962872976,4.03502868968355,3.75299738142804
"3474628","2020-02-24",39.1706049245586,0.307008342602891,0.56353208054993,0.703264907582277,168.679805183306,138.628528816694,153.654167,0.589707992225649,57.4616069813282,150.3668012,155.950502489913,3.62186512540914,3.72677093022426
"3474627","2020-02-25",37.0170051004207,0,0.337184642093509,0.550888172888796,167.972375236917,140.60262542975,154.287500333333,0.442241574080717,48.2326189608504,150.6212012,155.131768824591,2.98804425147619,3.57902559447465
"3474626","2020-02-26",35.9563903204217,0,0.102336114200966,0.3343509456148,167.641877823554,141.350122509779,154.496000166667,0.245572578925711,41.6574194670928,150.7032004,153.782198314646,2.2087676156255,3.30497399870482
"3474625","2020-02-27",36.6615015879563,0,1.77635683940025e-15,0.146506918764824,169.020220252108,139.048446414559,154.034333333333,-0.11394442094316,29.5027981095594,150.3004,150.816570539359,0.861205276551047,2.81622025427406
"3474624","2020-02-28",37.9722624153465,0,1.77635683940025e-15,0.0341120380669887,171.936050271688,134.328283061645,153.132166666667,-0.203192504152127,24.6689258728824,149.6072,147.126361134112,-0.678456625676438,2.11728487828396
"3474623","2020-03-02",39.2610990019379,0,1.77635683940025e-15,7.81782046506881e-16,174.464901982978,129.847098350355,152.156000166667,-0.121411138812616,24.1365691875716,148.8384,143.788179649563,-1.96773191330435,1.3002815199663
"3474622","2020-03-03",39.3964563664585,0.069762323943662,0.0232541079812224,0.00775136932707434,175.811489432431,126.689178567568,151.250334,0.0282456465911934,29.1103854051865,148.3168,141.317755696288,-2.80367691452711,0.479489833067619
"3474621","2020-03-04",39.7237968463772,0.0200264084507042,0.0299295774647905,0.0177278951486706,176.951970088429,123.093031578237,150.022500833333,0.0529216103016381,27.7152697103372,147.5308004,138.875388270116,-3.57442873003522,-0.331293879552948
"3474620","2020-03-05",40.3037102714201,0,0.0299295774647905,0.0277044209702668,178.054399278862,119.131269387804,148.592834333333,0.0576241840027839,25.8058488093751,146.5520004,136.326669834101,-4.34628856032725,-1.13429281570781
"3474619","2020-03-06",41.2539051177618,0,0.00667546948356983,0.0221782081377159,179.241994317229,114.42700768277,146.834501,0.0423717691411652,22.9566075044483,145.3792004,133.395113856221,-5.2481910388501,-1.95707246033627
"3474618","2020-03-09",42.7884441769251,0,1.77635683940025e-15,0.0122016823161197,181.434474760414,107.516859906252,144.475667333333,-0.0294949078631278,18.4415933527548,143.8072004,129.366432008725,-6.61408816356441,-2.8884756009819
"3474617","2020-03-10",43.872637594777,0.0273250283357347,0.00910834277858001,0.00526127075404954,182.033137459648,102.065196873685,142.049167166667,0.0617931355587421,21.0052864532283,142.2168008,126.102907740895,-7.55758833535811,-3.82229814785714
"3474616","2020-03-11",45.284665509691,0,0.00910834277858001,0.00607222851905294,182.181190074278,96.069477592388,139.125333833333,0.0507928087234956,18.1769592280357,140.1160008,122.226520042109,-8.76807522842117,-4.81145356396995
"3474615","2020-03-12",47.3080353001544,0,0.00910834277858001,0.00910834277857902,183.818825284352,86.6088423823144,135.213833833333,-0.0494686063998232,13.2013197932645,137.1836008,116.142984036494,-11.0774700878943,-6.06465686875481
"3474614","2020-03-13",49.0032081402485,0.023931623931624,0.00797720797720979,0.00873129784478894,183.356893684111,79.321773315889,131.3393335,0.0397131276709355,15.5885880376107,134.2624008,111.131919498295,-12.7807293520989,-7.40787136542363
"3474613","2020-03-16",50.6841060310026,0,0.00797720797720979,0.00835425291099887,182.08496572161,72.4140346117232,127.249500166666,0.0618149098672055,14.7948874009344,131.2088004,106.315663565189,-14.3639554100894,-8.79908817435679
"3474612","2020-03-17",52.3876865337476,0,0.00797720797720979,0.00797720797720879,179.825228615768,65.9947717175653,122.910000166666,0.0790230359039939,13.7322486175454,127.8608004,101.473575089831,-15.9663029229433,-10.2325311240741
"3474611","2020-03-18",54.3534332343922,0,1.77751332171757e-15,0.00531813865147279,177.57085803863,57.520475628036,117.545666833333,0.00491064135012689,10.8640520918006,123.6576004,94.9970984111864,-18.6064937334834,-11.9073236459559
"3474610","2020-03-19",55.7034619788422,0.0494988182775872,0.0164996060925308,0.00815893802324647,173.696068063079,51.4112652702539,112.553666666666,0.0844645818110781,15.3195765614971,119.5668004,89.9174852896949,-20.3905593004133,-13.6039707768474
"3474609","2020-03-20",55.2601031440463,0.199232743567288,0.0829105206149603,0.0331367089024966,167.154575033152,49.1510913001811,108.152833166666,0.207611740982642,27.1778040857622,115.9428,87.1284872510689,-20.6567645186357,-15.0145295252051
"3474608","2020-03-23",54.8484127974502,0.223235778537945,0.157322446794275,0.0855775245005878,160.500551045384,47.4747812879493,103.987666166666,0.22624827447402,28.5317239653644,112.3504,84.9140222842597,-20.5756656674266,-16.1267567536494
"3474607","2020-03-24",52.9725249301109,0.323842469398616,0.248770330501285,0.163001099303506,153.053689973298,47.7966423600354,100.425166166666,0.319788793908658,34.3436035249046,109.0176,83.8908193130251,-19.707541199802,-16.8429136428799
"3474606","2020-03-25",49.8235615615262,0.518158421504147,0.355078889813571,0.253723889036376,145.697640858209,49.7830258084568,97.7403333333331,0.462150363305426,43.1587457518524,106.01,84.5907100712884,-17.7052481294629,-17.0153805401965
"3474605","2020-03-26",46.8995241478404,0.677408296194721,0.506469729032496,0.370106316449117,140.444677985445,51.0553223478876,95.7500001666665,0.500857669232018,45.3372351033963,103.3271996,85.6346153951166,-15.6253449380454,-16.7373734197663
"3474604","2020-03-27",44.4257429621923,0.624785738772712,0.606784152157195,0.489444257001087,136.408221901809,51.6274450981908,94.0178334999998,0.476710520461023,43.6509361655656,100.4703996,86.1300000091011,-14.0934089965838,-16.2085805351298
"3474603","2020-03-30",41.8225729314217,0.672061798786096,0.658085277917844,0.590446386369178,132.481361899528,52.4233051004717,92.4523334999998,0.508339778989091,43.717027630414,97.8451992,86.5713333412209,-12.7210498442746,-15.5110743969587
"3474602","2020-03-31",38.8802836192801,0.875283018867925,0.724043518808912,0.662970982961316,127.971309660732,54.2750236726008,91.1231666666664,0.640714915651747,50.5526781571331,95.8243992,88.2671555623915,-10.6079524687581,-14.5304500113186
"3474601","2020-04-01",37.272808420811,0.612641509433962,0.719995442362663,0.700708079696472,122.539221780111,56.1262782198884,89.3327499999998,0.51207972357486,42.6663321972688,93.4387996,87.8808681540726,-10.0754775182947,-13.6394555127138
"3474600","2020-04-02",36.3148232168924,0.461322641509434,0.649749056603775,0.697929339258449,116.905259115357,57.6292475513091,87.2672533333331,0.397926330730566,38.9009721329225,91.271204,86.4767657335296,-10.2790692307236,-12.9673782563158
"3474599","2020-04-03",35.4796335571429,0.445471698113208,0.506478616352203,0.625407705106213,111.791344732818,58.838161933848,85.3147533333331,0.364192865850934,38.5175068202735,89.406004,85.1478636357257,-10.4250835598577,-12.4589193170242
"3474598","2020-04-06",33.8232298439116,0.562075471698113,0.489623270440253,0.548616981132076,109.137341403585,59.4684985964147,84.3029199999998,0.516047887467295,42.9710263371185,87.830004,84.8201484842956,-9.86382495153865,-11.9399004439271
"3474597","2020-04-07",31.8627872725297,0.625102040816327,0.544216403542551,0.513439430111668,106.17625491716,60.7105850828399,83.4434199999998,0.640177120229207,46.2545144637368,86.320804,85.1814620197228,-8.86320830372778,-11.3245620158872
"3474596","2020-04-08",29.6202251635568,0.532791327913279,0.573322946809241,0.535720873597348,104.818338221671,61.2618351116617,83.0400866666664,0.714355591779695,47.0214480257638,84.947204,85.6452670837598,-7.87192858086181,-10.6340353288821
"3474595","2020-04-09",28.1632406961424,0.829102755531424,0.662332041420345,0.593290463924045,107.568004688092,60.6480019785742,84.1080033333331,0.90601723998059,54.6662361870328,84.199204,87.7005648059252,-5.87171069398443,-9.68157040190259
"3474594","2020-04-13",26.2395544056803,0.522613065326633,0.628169049590447,0.621274679273344,108.638231188936,60.7486421443964,84.6934366666664,0.718597894494296,49.4427705374288,83.330804,88.3578228318018,-5.00467466775009,-8.74619125507209
"3474593","2020-04-14",24.4532742788227,0.624062246717458,0.65859268919184,0.64969792673421,109.976470678382,61.199349321617,85.5879099999998,0.735661508515936,51.3028584454873,83.033972,89.3446731208949,-3.98970592450452,-7.79489418895857
"3474592","2020-04-15",23.1999201656855,0.473982817312368,0.540219376452155,0.608993705078146,110.534483861029,62.4044828056373,86.4694833333331,0.627820137096058,48.4622517984523,82.483572,89.5827167047756,-3.55968699383339,-6.94785274993354
"3474591","2020-04-16",22.5091337465722,0.288215269897876,0.462086777975903,0.553632947873298,108.216357386613,67.7286059467195,87.9724816666664,0.504877648004074,45.1312114889591,82.018372,89.0250211441388,-3.69073809331834,-6.2964298186105
"3474590","2020-04-17",21.4297219950083,0.534608526503485,0.432268871237912,0.478191675221989,106.059077810906,73.1778855224267,89.6184816666664,0.65332528970064,50.0365848488303,82.674372,89.5550183249203,-3.07748094533505,-5.65264004395541
"3474589","2020-04-20",20.5013547258747,0.507699789268925,0.443507861890097,0.445954503701303,105.365803632676,75.8304930339902,90.5981483333331,0.589560087447258,49.5159407918184,83.218772,89.9036825482643,-2.63543359076172,-5.04919875331667
"3474588","2020-04-21",20.1217156377989,0.329713081536716,0.45734046576971,0.444372399632572,103.818828117557,78.9011352157755,91.3599816666664,0.376527560337936,46.0991007750535,83.685572,89.4738582084957,-2.74463215490461,-4.58828543363426
"3474587","2020-04-22",19.8213318379117,0.31026098233101,0.382557951045552,0.427802092901786,103.418401362984,79.9085619703487,91.6634816666664,0.3240389935928,45.7277171764355,84.328772,89.0213437806963,-2.85498310032004,-4.24162496697142
"3474586","2020-04-23",19.445079050543,0.317717620359864,0.319230561409198,0.386376326074819,103.160651532843,79.5489784671567,91.3548149999998,0.355234810179522,45.9076157251376,85.6651719999999,88.6598312766035,-2.89089110680406,-3.97147819493794
"3474585","2020-04-24",19.2012074191932,0.103385363875937,0.243787988855605,0.315192167103451,102.687893011182,79.0884036554838,90.8881483333331,0.313774995985726,45.1576837806213,86.7987719999999,88.2038537730563,-2.98450532592558,-3.77408362113547
"3474584","2020-04-27",17.8791853035647,0.16662898485191,0.195910656362572,0.252976402209124,102.675962674803,79.0828339918635,90.8793983333331,0.541916229648479,48.2905743650618,87.5957719999999,88.3000066033155,-2.69306864531382,-3.55788062597114
"3474583","2020-04-28",17.1257335169492,0.531765769839475,0.267260039522443,0.235652894913539,103.466256398963,78.88320693437,91.1747316666665,0.819404433990559,54.4333700561078,88.6549719999999,89.4600057228734,-1.7110008877077,-3.18850467831845
"3474582","2020-04-29",17.1125743908877,0.777378097521982,0.491924284071124,0.318364993318712,104.723668017897,78.1311286487691,91.4273983333331,1.0685530111835,59.3819838078399,89.752972,91.4906716264903,-0.256902555826732,-2.60218425382011
"3474581","2020-04-30",16.3387069113476,0.519584332533973,0.609576066631812,0.456253463408459,105.964473029874,78.020490303459,91.9924816666665,0.837968466859693,54.0771865022918,90.1169719999999,92.3905820762916,0.310608269602253,-2.01962574913564
"3474580","2020-05-01",15.326423559724,0.292965627498001,0.529976019184654,0.543825456629196,105.719173563005,79.5504497703283,92.6348116666665,0.554588893137642,49.8604334377134,90.1229719999999,92.4145044661194,0.262146370337368,-1.56327132524104
"3474579","2020-05-04",14.7160658803315,0.161870503597123,0.324806821209701,0.488119635675388,104.591809348043,81.9768139852895,93.2843116666664,0.404002707119338,47.550524491949,90.120572,91.9979038706368,-0.0616046949126869,-1.26293799917537
"3474578","2020-05-05",13.6712530178732,0.396482813749001,0.28377298161471,0.379518607336354,104.589564945098,83.1197250549011,93.8546449999998,0.623523122679538,51.8497143092234,90.3493719999999,92.4195166878852,0.191610776769502,-0.972028243986393
"3474577","2020-05-06",12.7010696455905,0.422062350119904,0.326805222488678,0.311795008437695,104.856172497781,83.5631175022186,94.2096449999998,0.62713167120599,52.3087126049777,90.209772,92.8702477961672,0.441722592730631,-0.689278076642988
"3474576","2020-05-07",12.2370415561358,0.498800959232614,0.439115374367175,0.349897859490187,105.416441585758,83.7141817475746,94.5653116666665,0.726920531320377,53.7336105242998,90.703772,93.5168814233449,0.794976597814046,-0.392427141751582
"3474575","2020-05-08",12.5355013172304,0.753796962430056,0.558220090594193,0.441380229150014,106.102318203547,83.3264717964521,94.7143949999998,1.00165446305612,58.2024956513093,91.7737679999999,94.9279639002323,1.59651201571502,0.00536068974173948
"3474574","2020-05-11",12.7494014209755,0.735011990407674,0.662536637356783,0.553290700772716,107.40944492071,82.9851450792897,95.1972949999998,0.893980792181458,57.7598850977629,92.8585679999999,96.0882353802013,2.15534678573417,0.435357908940225
"3474573","2020-05-12",13.0340468302945,0.713029576338929,0.733946176392221,0.651567634781065,108.464346541123,82.6949634588763,95.5796549999998,0.855085916135262,57.2115908408771,93.6741679999999,97.0204706628411,2.51520367239617,0.851327061631415
"3474572","2020-05-13",12.3581584926975,0.438449240607514,0.628830269118041,0.675104360955681,108.755985168529,83.0051781648042,95.8805816666665,0.607158518679994,50.7333161649787,94.0213679999999,96.9124079077957,2.20288618386602,1.12163888607833
"3474571","2020-05-14",11.4948081430217,0.239278181392079,0.463585666112842,0.608787370541034,108.649507510257,83.8879924897431,96.2687499999998,0.486454113716846,48.8433031268601,94.2361679999999,96.5280868534229,1.75395263723266,1.2481016363092
"3474570","2020-05-15",11.0884656311011,0.367668097281831,0.34846517309381,0.480293702774897,108.906110004759,84.0740566619074,96.4900833333331,0.604565792344395,51.4945300718141,94.0737679999999,96.5910086062999,1.6269416273974,1.32386963452684
"3474569","2020-05-18",11.7609149282295,0.697994987468672,0.434980422047529,0.415677087084726,110.5963021203,83.9005312130325,97.2484166666665,0.918103053555003,58.5114070155469,94.6085679999999,97.8455407921265,2.24485101224654,1.50806591007078
"3474568","2020-05-19",12.780657824484,0.740662438336857,0.602108507695788,0.461851367612375,112.76371912947,84.181114203863,98.4724166666665,0.9999865024151,61.3918024550834,95.1905999999999,99.5074686865097,3.03820342981065,1.81409341401875
"3474567","2020-05-20",14.0183958822248,0.874646559849199,0.771101328551577,0.602730086098298,115.849794746947,84.1883719197197,100.019083333333,1.08244118614937,65.4762486199598,96.2305999999999,101.857139528308,4.1408532990626,2.27944539102752
"3474566","2020-05-21",15.1950256535272,0.87900466562986,0.83143788793864,0.734882574728668,118.379926422145,84.7492402445215,101.564583333333,1.01387840384989,65.7167872110752,97.5165999999999,103.949520924534,4.95694672285469,2.81494565739296
"3474565","2020-05-22",16.3799785881697,0.828762306610408,0.86080451069649,0.821114575728902,120.200524771052,86.201641895614,103.201083333333,0.971258131000976,65.7473833014045,98.5005999999999,105.769584801263,5.51762043775912,3.35548061346619
"3474564","2020-05-26",18.1028010125874,0.840978593272171,0.849581855170814,0.847274751268648,123.816330487847,86.0176695121521,104.917,1.06270952773548,69.6450530620156,99.7849999999999,108.237640161094,6.36283874880421,3.95695224053379
"3474563","2020-05-27",20.4547961382815,0.714914118139924,0.794885006007502,0.835090457291602,128.809749752199,84.3912502478007,106.6005,1.08750671359538,71.6621125318745,101.4442,110.893954806282,7.19426400236705,4.60441459290044
"3474562","2020-05-28",22.6506467736354,0.788529718456726,0.781474143289609,0.808647001489308,133.506578224184,82.5617551091489,108.034166666666,1.03363289282499,73.4632145563751,103.2746,113.686760832111,7.98013821709882,5.27955931774012
"3474561","2020-05-29",24.3549648851531,0.750156412930136,0.751200083175597,0.775853077490902,136.740352132794,82.3236475338726,109.531999833333,0.901739324859821,71.0322366024483,105.0222,115.861859387829,8.33944031967748,5.89153551812759
"3474560","2020-06-01",25.9684786667667,0.768612930135558,0.769099687174141,0.767257971213115,139.365935536613,83.5050634633866,111.4354995,0.870524597960709,71.5203834110386,106.8479996,117.864943469452,8.55941665393159,6.42511174528839
"3474559","2020-06-02",27.2311687308454,0.743899895724713,0.754223079596804,0.758174283315513,140.936120342565,85.9075453241012,113.421832833333,0.816529496917238,69.8237055682415,108.4789996,119.442951006859,8.53486192386308,6.84706178100333
"3474558","2020-06-03",29.0524340231345,0.822098705854196,0.778203843904824,0.767175536891922,143.591999440494,87.2796658928393,115.435832666666,0.879150166962958,72.3347598057594,109.9553996,121.371890872611,8.67762286764437,7.21317399833154
"3474557","2020-06-04",30.5988162008247,0.794466358029504,0.786821653202806,0.773082858901477,145.475041784927,89.258622881739,117.366832333333,0.82321211527112,71.2279524373597,111.0949992,122.946304089596,8.62451177161476,7.49544155298818
"3474556","2020-06-05",32.4274078310018,0.836079685194294,0.817548249692666,0.794191248933431,148.337214715564,90.6691166177688,119.503165666666,0.893865963144508,75.0639247922854,112.7651992,125.219463544317,8.90045226896376,7.7764436961833
"3474555","2020-06-08",34.5220507021692,0.741269841269841,0.790605294831214,0.798325065908895,152.002909255842,91.0697554108246,121.536332333333,0.914667539846478,76.5486150441571,114.7823992,127.590201738408,9.17536066667717,8.05622709028207
"3474554","2020-06-09",36.4670762253962,0.738733905579399,0.772027810681179,0.793393785068353,155.052059924596,92.2559377420701,123.653998833333,0.874534769811175,77.3555279035994,116.9975992,129.867508173287,9.36088798914199,8.31715927005406
"3474553","2020-06-10",37.4515588545916,0.626288388497016,0.702097378448753,0.754910161320382,156.939956346671,94.2903739866616,125.615165166667,0.792710035872573,70.9989564387698,118.8165988,131.303172416848,9.13497493015134,8.48072240207351
"3474552","2020-06-11",36.1260833300401,0.248302091822874,0.537774795299764,0.670633328143232,155.99200400211,98.37999299789,127.1859985,0.549827598735558,54.4161597596944,120.0541988,130.694749427935,8.0123411726478,8.38704615618837
"3474551","2020-06-12",34.9601401694756,0.175240623962828,0.349943701427574,0.529938625058696,154.023363417356,103.972300249311,128.997831833333,0.563378637053449,56.6301188692559,121.3277988,130.543449504211,7.21428560837167,8.15249404662503
"3474550","2020-06-15",33.5732868834813,0.0245753523671849,0.149372689384297,0.345697062037211,151.505206565267,109.6517901014,130.578498333333,0.502902948996729,54.4681441455451,122.2605988,130.126989570316,6.37778379648679,7.79755199659739
"3474549","2020-06-16",32.9772108335455,0.311207083483918,0.170341019937978,0.223219136916616,150.595099696485,113.560970303515,132.078035,0.670726258102175,60.4886062159072,123.5294428,130.823537627607,6.13365366241656,7.46477232976122
"3474548","2020-06-17",32.4237116443194,0.358149259125407,0.231310564992171,0.183674758104815,149.764104373193,116.939298293474,133.351701333333,0.648819117310337,61.3890337631937,124.8722424,131.600397943926,5.9476470111675,7.16134726604248
"3474547","2020-06-18",31.6839399735643,0.30719226599205,0.325516202867126,0.242389262599091,149.229083449768,119.299653216899,134.264368333333,0.581824867617338,59.7960041497463,126.4334428,132.085679551403,5.6458151158066,6.8582408359953
"3474546","2020-06-19",30.554636031035,0.207011203469461,0.290784242862307,0.282537003573868,148.245831299156,121.86977236751,135.057801833333,0.487016059997667,56.6818263106634,127.9709628,132.136655611216,5.17692961319922,6.52197859143609
"3474545","2020-06-22",29.284042062955,0.156487531622696,0.22356366702807,0.279954704252501,146.825657539,124.634280127666,135.729968833333,0.361960100843705,55.1226497824016,129.3337632,131.994436196387,4.66652216397081,6.15088730594303
"3474544","2020-06-23",29.0302360476052,0.32128659197687,0.228261775689677,0.247536561860018,146.590728572383,126.10287576095,136.346802166667,0.606235201253117,59.0769028217181,130.5189632,132.479178036869,4.48834302592858,5.81837844994014
"3474543","2020-06-24",28.255706805427,0.199493675460788,0.225755933020119,0.225860458579288,146.584720855581,126.308716144419,136.4467185,0.413605999228133,55.2054731845977,131.3969628,132.449952965286,4.09381926269707,5.47346661249153
"3474542","2020-06-25",26.9073396014136,0.047705095771594,0.189495121069752,0.214504276593182,146.667712690785,125.752057642548,136.209885166667,0.226207387713838,50.7424718075414,131.8341628,131.864625903248,3.48503907878672,5.07578110575057
"3474541","2020-06-26",25.2854767695447,0,0.0823995904107951,0.165883548166888,146.836980678737,125.319789987929,136.078385333333,0.160036846579373,48.1475240557685,132.1505628,131.010675782815,2.81034862359171,4.62269460931879
"3474540","2020-06-30",23.7794612828093,0.202546756864306,0.083417284211968,0.118437331897504,146.846787076772,125.272984256561,136.059885666667,0.300843997271163,53.1939940996264,132.6685628,130.949252345106,2.55996627837778,4.21014894313059
"3474539","2020-07-01",22.8153517102439,0.328781512605042,0.177109423156451,0.114308765926404,146.78288086951,125.614223463823,136.198552166667,0.377875005621663,54.295111479868,132.9661628,131.052018699092,2.40598444798026,3.84931604410052
"3474538","2020-07-02",21.8190949778824,0.296743697478993,0.276023988982782,0.178850232117066,146.679497485344,125.344273847989,136.011885666667,0.361330146633519,53.5872920138081,133.0841628,131.059749539213,2.2206011726583,3.52357306981208
"3474537","2020-07-06",20.5442933269796,0.1875,0.271008403361346,0.241380605166859,146.667408400952,124.921030599048,135.7942195,0.287970075966874,51.139166921554,132.9717628,130.789116267318,1.92322251909223,3.20350295966811
"3474536","2020-07-07",19.4446417565727,0,0.161414565826332,0.236148986056819,146.191059205285,123.814046794714,135.002553,0.114818270858111,46.5880525364221,132.7677628,130.003900765009,1.41519924786115,2.84584221730672
"3474535","2020-07-08",18.5512658156817,0,0.0625000000000013,0.164974323062559,144.427349065689,123.483423934311,133.9553865,0.113473447986219,45.6972768780429,132.4947632,129.211380663008,0.947941468093116,2.466262067464
"3474534","2020-07-09",18.0311436232203,0,1.22124532708767e-15,0.0746381886087777,142.272951387532,123.296488612468,132.78472,0.0244255946446015,43.5412628983678,132.1883632,128.255196574607,0.443854092790463,2.06178047252929
"3474533","2020-07-10",17.2446295726347,0.119892231701841,0.0399640772339481,0.0341546924113163,140.310374748468,123.471065918198,131.890720333333,0.154535286534891,47.0943655414179,131.8203632,127.782503697993,0.208904660466702,1.69120531011677
"3474532","2020-07-13",16.4265207336753,0.148181409968567,0.0893578805568039,0.0431073192635838,140.334576384985,123.266864281682,131.800720333333,0.292353325084458,47.9270920628181,131.5067636,127.45683653826,0.0614889065769342,1.36526202940881
"3474531","2020-07-14",15.3662477182675,0.0718455321059719,0.113306391258795,0.0808761163498483,140.395953308121,122.578820358545,131.487386833333,0.186590606404707,45.8308038162796,130.8525636,126.947924999825,-0.161950950570955,1.05981943341285
"3474530","2020-07-15",15.6242664738864,0.704707560627674,0.308244834234072,0.17030303534989,140.8516785221,122.6440954779,131.747887,0.72859228431892,58.2627247571678,130.5081636,127.940201666515,0.33958270128136,0.915772086986555
"3474529","2020-07-16",15.8638553183896,0.745121230041395,0.507224774258348,0.309591999917071,140.397990172429,122.831710494237,131.614850333333,0.73483342758046,58.5012514989976,130.1069636,128.83350811098,0.740612216531522,0.880740112895548
"3474528","2020-07-17",15.7637194491461,0.648137196924897,0.699321995864657,0.504930534785692,139.795200740119,123.066167259881,131.430684,0.686660474857819,56.2309832118171,129.801564,129.389040362849,0.942411229797013,0.893074336275841
"3474527","2020-07-20",15.36848281334,0.557067415730338,0.650108614232211,0.618885128118405,139.283016254185,123.198352079148,131.240684166667,0.603990928779393,54.1075969269388,129.9903644,129.665169647803,0.993885325693489,0.913236534159371
"3474526","2020-07-21",15.4857470086009,0.735537190082645,0.646913934245961,0.665448181447609,139.475609974274,123.133558025725,131.304584,0.786913133558468,57.5179382985482,130.1879644,130.309813694762,1.20877906069687,0.972345039466872
"3474525","2020-07-22",15.5284758994294,0.717237308146399,0.669947304653129,0.655656617710433,139.734441626959,123.109725706374,131.422083666667,0.716219213439264,57.05234706778,130.4587644,130.827171868794,1.34283024301212,1.04644208017592
"3474524","2020-07-23",14.7280342035551,0.47521251475797,0.642662337662339,0.653174525520476,138.728345742687,123.425828257313,131.077087,0.535700857752481,51.1546452386553,130.2483244,130.728895619622,1.18201914733362,1.07355749360746
"3474523","2020-07-24",13.9374556237959,0.461039551357733,0.551163124754035,0.621257589023167,138.364549871065,123.425792128934,130.895171,0.510810961401296,50.8233174989298,129.9763252,130.611710870339,1.02794007409217,1.0644340097044
"3474522","2020-07-27",13.1440288554144,0.322609208972845,0.419620425029517,0.537815295815297,138.339224229279,123.357784437387,130.848504333333,0.413325798363121,47.581656549398,129.6669248,130.197482754294,0.752045438754445,1.00195629551441
"3474521","2020-07-28",12.7873412970147,0.203659976387249,0.329102912239277,0.433295487340943,138.392399544289,123.118275789044,130.755337666667,0.247590256014342,44.9297765227528,129.3878048,129.569818387054,0.402977935286852,0.8821606234689
"3474520","2020-07-29",12.0188992385465,0.27509778357236,0.267122322977486,0.338615220082093,138.27784043565,122.972834897683,130.625337666667,0.404475412981299,48.5610924140056,129.2594044,129.341842602114,0.270345143681205,0.759797527511361
"3474519","2020-07-30",12.3443110522327,0.0326295585412671,0.170462439500293,0.255562558239018,137.953446585743,122.85489574759,130.404171166667,0.419583595824413,43.7029706389974,128.8002044,128.649596921832,-0.0666043539806038,0.594517151212968
"3474518","2020-07-31",12.6464791649413,0.703134996801023,0.336954112971551,0.258179625149776,138.425659949161,122.685349050839,130.5555045,0.850977533778521,56.8385221477323,128.8950048,129.446983998921,0.318720900189873,0.539357901008349
"3474517","2020-08-03",13.7421647964429,0.671393314722095,0.469052623354796,0.325489725275547,139.910637313229,122.094038353437,131.002337833333,1.01175117768418,59.9586894277421,129.2878048,130.571386132398,0.813610585438918,0.594208437894463
"3474516","2020-08-04",14.8470572793975,0.866414432219059,0.746980914580727,0.517662550302358,141.993333902494,121.711007764173,131.852170833333,1.06836803405667,63.9017535726073,129.9670048,132.153867981412,1.46318803647034,0.768004357609638
"3474515","2020-08-05",16.1881151435691,0.76919804296958,0.769001929970246,0.661678489301923,143.809072154335,121.713102512332,132.761087333333,1.01037570121216,63.591182078134,130.4342048,133.497352250557,1.93449325640009,1.00130213736773
"3474514","2020-08-06",18.7461436731792,0.620930691167422,0.752181055452022,0.756054633334331,147.260805510681,121.078036155985,134.169420833333,1.17820362797039,67.6256417364621,131.0546048,135.328371950483,2.5697640571305,1.31499452132028
"3474513","2020-08-07",21.3347361743846,0.820940064660532,0.737022932932513,0.75273530611826,152.456934471716,119.230573861617,135.843754166667,1.21377801835225,73.828263109601,132.0966048,138.239255690418,3.59943819922164,1.77188325690055
"3474512","2020-08-10",23.7907063779229,0.89038330078125,0.777418018869736,0.755540669084756,157.312344121217,117.761170878783,137.5367575,1.12147273565483,75.5836729244845,133.3602088,141.223368265029,4.53229800908692,2.32396620733783
"3474511","2020-08-11",26.6342445121906,0.798409634400246,0.836577666614011,0.78367287280542,162.596256998212,116.650298001788,139.6232775,1.10963908713235,77.3071066096291,134.9345328,144.294665829692,5.38290882476853,2.93575473082397
"3474510","2020-08-12",29.321373777513,0.819444248826291,0.83607906133593,0.816691582273225,167.512319973429,115.054901026571,141.2836105,1.03058366306959,78.1216815797532,136.6137324,147.194042385733,6.05426088286485,3.55945596123214
"3474509","2020-08-13",31.9418099808009,0.830591062079282,0.816148315101941,0.829601681017294,172.276148112566,113.8760735541,143.076110833333,0.988251017638465,79.2600345970577,138.4749328,150.044171400969,6.61829039458517,4.17122284790275
"3474508","2020-08-14",34.372415914163,0.830403889304413,0.826813066736663,0.826346814391511,176.178149207878,113.601305458789,144.889727333333,0.914465390808046,79.242466860201,140.2289328,152.512948547506,6.9594537095415,4.7288690202305
"3474507","2020-08-17",36.6962331627016,0.884255796559462,0.848416915981053,0.830459432606552,179.971686468975,113.830100531025,146.9008935,0.896660781482918,80.5764009122033,142.0729328,155.036555407839,7.27503004826768,5.23810122583794
"3474506","2020-08-18",38.9746665611565,0.877820583379197,0.864160089747692,0.846463357488469,183.518657208498,114.105796458169,148.812226833333,0.866038409770432,80.8343080403299,144.0073328,157.298348020127,7.44809314027099,5.68009960872455
"3474505","2020-08-19",41.0903547168646,0.900749261866909,0.887608547268523,0.866728517665756,186.818823079216,114.87029658745,150.844559833333,0.844951704273941,81.89309389792,145.6033324,159.56390028411,7.59625126038621,6.06332993905688
"3474504","2020-08-20",42.1743233495413,0.823197645904855,0.867255830383655,0.873008155799956,189.003758035641,116.833354964359,152.9185565,0.779682196223803,76.2660199904261,147.0757324,161.148713579562,7.47167712514951,6.34499937627541
"3474503","2020-08-21",43.2057853524572,0.829810870161955,0.851252592644574,0.868705656765584,190.781110167203,119.337669499464,155.059389833333,0.763340482916613,76.8746006245101,148.6541328,162.65688643562,7.32975586029561,6.54195067307945
"3474502","2020-08-24",43.3180562600879,0.754048860828987,0.802352458965267,0.840286960664498,191.479738664176,122.786707335824,157.133223,0.702253999636774,71.4806644613939,150.1837324,163.595968244204,6.99464038316469,6.6324886150965
"3474501","2020-08-25",43.5396882184709,0.715240534521159,0.766366755170701,0.806657268926847,191.258368182919,127.456078483748,159.357223333333,0.688438117033434,71.488478066084,151.5921328,164.411173811644,6.64962326550431,6.63591554517806
"3474500","2020-08-26",42.9202451117123,0.454418139534884,0.641235844961678,0.736651686365882,190.388356941035,132.394755725631,161.391556333333,0.645851211560102,66.0741779239246,152.9017324,164.747015970091,6.16762239135533,6.54225691441351
"3474499","2020-08-27",42.7911792371623,0.720063215011947,0.629907296355998,0.679169965496125,189.265851030099,138.168261636567,163.717056333333,0.734510938948198,71.8818607724881,154.6569284,165.976747174079,6.05613657943656,6.44503284741812
"3474498","2020-08-28",43.1366956220452,0.710721154602005,0.628400836382947,0.633181325900207,188.957342345455,142.834770987878,165.896056666667,0.798421132969616,74.4570913853659,156.5757284,167.555848884202,6.07687298471866,6.37140087487823
"3474497","2020-08-31",42.3661871537803,0.446821129005129,0.625868499539695,0.628058877426213,187.732750621724,147.554695378276,167.643723,0.684917038791009,67.4579960908145,158.4263284,168.384402366308,5.82602725481391,6.26232615086537
"3474496","2020-09-01",41.8848136316454,0.362584178803059,0.506708820803399,0.58699271890868,186.166886572105,152.292226427895,169.2295565,0.673200561767689,65.9899746593149,160.3219284,168.983815384134,5.51877959151037,6.11361683899437
"3474495","2020-09-02",41.6540757828676,0.628885052477116,0.479430120095103,0.537335813479399,183.823898438496,158.090714561504,170.9573065,0.7967385174658,69.4997438718251,162.2975284,170.085973332916,5.41779821042705,5.97445311328091
"3474494","2020-09-03",39.8961057690463,0.240097964596,0.410522398625393,0.465553779841298,181.545332053133,162.5682802802,172.056806166667,0.598005590590183,59.7973775496855,164.1663284,170.190510221861,4.97615617071796,5.77479372476832
"3474493","2020-09-04",37.5012703440931,0.00767214645207416,0.292218387841731,0.394056968854075,180.225857194669,165.033947471998,172.629902333333,0.394155571659286,54.8661382735588,165.463364,169.772560858946,4.39518580043963,5.49887213990258
"3474492","2020-09-08",35.2774945923509,0.121876830056776,0.123215647034952,0.275318811167358,179.012248678057,167.205215321943,173.108732,0.380121848508176,56.7533084168582,166.7053636,169.660218077753,3.97841270920836,5.19478025376373
"3474491","2020-09-09",33.3859859032978,0.231566586492024,0.120371854333626,0.178601963070103,178.730674527925,168.044749472074,173.387712,0.483681150757796,58.5461435042582,167.8369636,169.802855667386,3.69125376382122,4.89407495577523
"3474490","2020-09-10",32.2902950980371,0.00914137163840905,0.120861596062405,0.121483032476994,178.551218166078,168.519873167255,173.535545666667,0.354235664957709,53.6859790828351,168.8309636,169.439808245068,3.25270328926024,4.56580062247223
"3474489","2020-09-11",30.3099202185389,0,0.0802359860434793,0.10715647881317,179.231660748379,167.269096584954,173.250378666667,-0.11556300968597,48.2710058471369,169.4417636,168.514500479059,2.6560013191637,4.18384076181053
"3474488","2020-09-14",28.3642453843865,0,0.00304712387947118,0.0680482353284514,180.073831772221,165.741360227779,172.907596,-0.123590004856193,47.6606261174353,169.633764,167.640568415184,2.13201941464978,3.77347649237838
"3474487","2020-09-15",26.8486979238572,0.0706263192826558,0.0235421064275534,0.0356084054501676,180.384262058556,164.666263274777,172.525262666667,0.0524072266803776,49.5805537654955,169.74776,167.084492626493,1.76886229512081,3.37255365292686
"3474486","2020-09-16",24.9757020996854,0,0.0235421064275534,0.0167104455781923,180.721721010651,163.259804322682,171.990762666667,0.0154734260932635,46.3547160608949,169.609836,166.247893609627,1.33637262296908,2.96531744693531
"3474485","2020-09-17",23.7544574542316,0,0.0235421064275534,0.0235421064275531,181.172169971373,161.258689695294,171.215429833333,-0.0553403865128239,43.2981201834304,169.2934364,165.16550779501,0.851992766943321,2.54265251093691
"3474484","2020-09-18",22.9677014934696,0,1.49417515397469e-15,0.0156947376183691,181.775704983931,159.226821349402,170.501263166667,-0.0180417512456665,41.2228001565698,168.799836,163.974106755676,0.36853931981311,2.10782987271215
"3474483","2020-09-21",23.2162038379277,0,1.49417515397469e-15,0.00784736880918514,183.244710231857,155.518482101476,169.381596166667,-0.145655661581005,35.2556861447543,168.057436,162.110892521586,-0.323546064625246,1.62155468524467
"3474482","2020-09-22",21.6716376740825,0.222707423580786,0.0742358078602633,0.0247452692867551,183.311833524421,154.273025808912,168.792429666667,0.171160867660778,45.0694507549929,167.485436,161.448106852041,-0.513306233587019,1.19458250147833
"3474481","2020-09-23",20.3957285880665,0.395196506550218,0.205967976710336,0.0934012615235333,183.03920668417,153.780318649163,168.409762666666,0.339942789541528,51.2347739625854,167.112236,161.611025938435,-0.38243818193,0.879178364796667
"3474480","2020-09-24",20.6689280567013,0,0.205967976710336,0.162057253760311,183.613355087978,151.539837912022,167.5765965,0.0513455409004136,38.3069299598611,166.0298364,159.693555813311,-1.04437180551367,0.4944683307346
"3474479","2020-09-25",20.0939312880219,0.168819982773472,0.188005496441231,0.199980483287301,182.74184859927,150.734344734064,166.738096666667,0.256054287575325,44.0924988989409,165.2962364,158.815748371536,-1.26143685450794,0.143287293686093
"3474478","2020-09-28",18.7165942524153,0.651162790697674,0.27332759115705,0.222433688102872,181.476035677903,151.259490322097,166.367763,0.694779722964013,56.6121999620488,165.194236,160.294981921998,-0.57442999567805,-0.000256164186735394
"3474477","2020-09-29",17.901237053302,0.537755096181453,0.452579289884201,0.304637459160827,180.725160583752,151.433699749581,166.079430166667,0.610176927840417,53.5744435587038,165.0446364,161.050318999065,-0.229521459213866,-0.0461092231921615
"3474476","2020-09-30",17.5779351791697,0.498148771457422,0.562355552778851,0.429420811273367,179.616343681512,151.508183318487,165.5622635,0.471220807188412,50.6616824700489,164.737436,161.180943132523,-0.152189882301235,-0.0673253550139762
"3474475","2020-10-01",17.1899978135894,0.565971053517334,0.533958307052071,0.516297716571708,177.681528046136,152.213665620531,164.947596833333,0.553102343026131,52.0996592605562,164.6220364,161.56281738152,0.00973662455392432,-0.0519129591003961
"3474474","2020-10-02",16.5760908238615,0.524233927970381,0.529451250981714,0.541921703604212,176.623909446004,152.483950553996,164.55393,0.561698392831973,51.1124057562527,164.175436,161.728440397317,0.0750237126565301,-0.0265256247490108
"3474473","2020-10-05",15.8842143141293,0.728923258162235,0.606376079883318,0.556595212639034,176.523750742404,152.518337924263,164.521044333333,0.74341033878205,55.5600004123788,163.818088,162.682823011008,0.424183835623793,0.0636162673255498
"3474472","2020-10-06",14.8842194159631,0.677770448548813,0.643642544893811,0.593156625252947,176.415616299339,152.560806367327,164.488211333333,0.774512995576024,54.5870739548937,163.578488,163.36244660954,0.637005924303891,0.178294198721218
"3474471","2020-10-07",13.9556527248088,0.70778364116095,0.704825782624001,0.651614802467043,176.029268890621,152.733487776046,164.381378333333,0.787403613286782,55.2807575892263,163.410888,164.072787061602,0.83965379347255,0.310566117671484
"3474470","2020-10-08",13.3281742139099,0.779683377308707,0.721745822339491,0.690071383285767,176.212772883254,152.646983783413,164.429878333333,0.865506750633623,56.9762280617695,163.155688,164.979082120055,1.09303838761243,0.467060571659674
"3474469","2020-10-09",12.4872313479007,0.718882352941177,0.735449790470279,0.720673798477923,177.002339812371,152.492084187629,164.747212,0.805428393510644,55.3990983622307,163.0948884,165.561872504048,1.20416314511615,0.61448108635097
"3474468","2020-10-12",11.7063558294637,0.768280792980176,0.755615507743355,0.737603706851041,177.792409762923,152.503013237077,165.1477115,0.770164157259242,56.6901542304402,163.2474528,166.269622836841,1.34948910937194,0.761482690955164
"3474467","2020-10-13",11.0983325453969,0.707507312317192,0.73155681941285,0.740874039208827,178.323258671013,152.523164328987,165.4232115,0.716153802620629,54.5962827060367,163.2502532,166.633673125262,1.35745691552027,0.880677535868185
"3474466","2020-10-14",10.3460917153656,0.697267979108075,0.724352028135149,0.737174785097117,179.067137735922,152.656285264078,165.8617115,0.743774354003299,55.9683887325335,163.2396532,167.144516708561,1.41768031237961,0.98807809117047
"3474465","2020-10-15",10.2239827353308,0.332498434564809,0.579091241996694,0.678333363181564,179.365732691393,153.304022975273,166.334877833333,0.626051547236038,52.3352057041105,163.2500532,167.170581147419,1.29931946621276,1.05032636617893
"3474464","2020-10-16",9.63778080861507,0.615529117094553,0.548431843589147,0.617291704573663,179.963158084072,154.165264249261,167.064211166667,0.745851678459181,56.7122650120289,163.6244532,167.79583699443,1.40674637892457,1.12161036872806
"3474463","2020-10-19",9.75972917743263,0.382592360676267,0.443539970778545,0.523687685454795,178.844141486747,157.219614179919,168.031877833333,0.62954990692978,52.4438334180963,163.8716528,167.841725395173,1.29761413668876,1.1568111223202
"3474462","2020-10-20",9.87296694847752,0.407700291082401,0.468607256284409,0.486859690217366,178.644906150479,158.521182849521,168.5830445,0.583663551793448,53.3185668165355,164.0928528,167.99616200915,1.23811996417931,1.17307289069202
"3474461","2020-10-21",10.3463155876023,0.270813247243667,0.353701966334113,0.421949731132355,178.63572361029,159.009698723043,168.822711166667,0.484576032670612,50.8809060233705,164.3372528,167.852673741263,1.07862668102539,1.15418364875869
"3474460","2020-10-22",10.4424103399989,0.109205776173286,0.262573104833119,0.36162744248388,176.349008699414,162.95807963392,169.653544166667,0.511185619205415,52.2485960153439,164.7372528,167.889650575761,0.998886978464575,1.12312431469987
"3474459","2020-10-23",10.1491826583445,0.335287906137184,0.238435643184714,0.284903571450648,174.91556893614,165.699851730527,170.307710333333,0.685076895837748,55.0396746747641,165.3134524,168.255695832327,1.0438206739777,1.10726358655544
"3474458","2020-10-26",10.7265688270775,0,0.148164560770158,0.21639110292933,174.721384146183,165.457703853817,170.089544,0.262563337257455,49.3757531186485,165.9562528,167.964271054683,0.850473128075735,1.0559054948595
"3474457","2020-10-27",11.7968976899531,0,0.111762635379063,0.166120946444644,174.999114488214,164.753640511786,169.8763775,0.0282761756277577,45.6519573343016,166.1790532,167.263702914059,0.529208026596084,0.950566001206814
"3474456","2020-10-28",13.4856221390219,0,1.64683081986065e-15,0.086642398716407,176.022424284604,163.240331382062,169.631377833333,-0.264979405789544,40.6067514329113,165.9750536,165.971210525517,0.0239898221523926,0.765250765395929
"3474455","2020-10-29",15.7222627916543,0,1.64683081986065e-15,0.0372542117930215,177.886437542095,160.297318124572,169.091877833333,-0.272174974251558,35.5234550338639,166.1414536,164.027049122115,-0.675502551451557,0.477100102026432
"3474454","2020-10-30",18.187926368332,0,1.64683081986065e-15,1.0870933782788e-15,180.44886577733,156.09755722267,168.2732115,-0.263951204439071,32.4576298230127,165.8994536,161.764775905833,-1.43708967296118,0.0942621470289102
"3474453","2020-11-02",20.4774711181041,0.0709915081521739,0.0236638360507263,0.00788794535024263,181.623303185949,152.953344814051,167.288324,-0.0797658923806669,35.3575816459183,165.0690532,160.082804451722,-1.92354120426529,-0.30929852322993
"3474452","2020-11-03",20.2286203492972,0.327445652173913,0.132812386775364,0.05215874094203,181.333195226844,152.068453106489,166.700824166667,0.246652332141692,44.6096092026155,164.6986528,159.631763858159,-1.90932063462361,-0.629302945508666
"3474451","2020-11-04",19.4590403863015,0.449728260869566,0.282721807065219,0.146399343297102,180.868868901096,151.697446098904,166.2831575,0.377968899306965,48.401827256565,164.6294528,159.720862010405,-1.69642703744284,-0.842727763895501
"3474450","2020-11-05",18.1686147128117,0.655349794238683,0.477507902427389,0.29768069875599,180.33392235973,151.756059306937,166.044990833333,0.578207707921964,53.9392782411616,164.7144528,160.580747075684,-1.21733795916675,-0.917649802949751
"3474449","2020-11-06",17.13273560493,0.74882713821725,0.617968397775168,0.459399369089258,180.033193388496,151.807120944837,165.920157166667,0.635212205226851,55.3800496633576,164.9146532,161.544647465593,-0.748124574032005,-0.883744757166202
"3474448","2020-11-09",18.9406840720111,0.569238994831581,0.65780530909584,0.584427203099465,183.374613253559,149.973367746441,166.6739905,1.11023700934516,63.7190488680708,165.3192008,163.872027803514,0.173427357262712,-0.672310334280419
"3474447","2020-11-10",20.6194933628721,0.582605596150419,0.633557243066418,0.636443649979141,185.214446809041,149.268534190959,167.2414905,0.920312308120404,64.2019520373436,165.7980008,165.989090763045,0.918988802071996,-0.354050507009936
"3474446","2020-11-11",21.4424968635631,0.494564248797006,0.548802946593004,0.613388499585087,185.93845766832,149.085522998346,167.511990333333,0.776721689185918,58.6633679508848,166.0428008,167.165211994639,1.24917436482137,-0.0334055326436748
"3474445","2020-11-12",22.1402164483078,0.486544288005703,0.521238044317711,0.567866077992377,186.800169865463,148.994477467871,167.897323666667,0.749415870168465,58.1710702325432,166.1824008,168.124517062021,1.46943409132525,0.26716239215011
"3474444","2020-11-13",22.7880989198565,0.532703617893424,0.50460405156538,0.524881680825364,187.521201564805,148.810445435195,168.1658235,0.774105723944176,60.2392456833028,166.4864004,169.301248120418,1.74500469360617,0.562730852441321
"3474443","2020-11-16",23.9626772621932,0.616734806629834,0.545327570842989,0.523723222242026,189.425896536843,148.25674979649,168.841323166667,0.876544201845337,63.752830338371,166.9182,170.949747037695,2.1576036624207,0.881705414437198
"3474442","2020-11-17",24.8259049764952,0.592585991801818,0.580674805441694,0.54353547595002,190.81571101366,148.05226898634,169.43399,0.796655571486243,62.0556913044579,167.3706,172.197780766003,2.38802169487022,1.1829686705238
"3474441","2020-11-18",25.4933359467509,0.578862769559793,0.596061189330484,0.574021188538388,192.068325105123,148.081487561544,170.074906333333,0.756063426295978,61.060913226823,167.7335996,173.176741997202,2.50252133276954,1.44687920297295
"3474440","2020-11-19",26.346456215597,0.562013964825256,0.577820908728958,0.584852301167045,193.315523117323,148.075955882677,170.6957395,0.754738374785065,61.0198715166141,168.2203992,174.021175064242,2.56005715228496,1.66951479283535
"3474439","2020-11-20",27.34979040518,0.574994620185066,0.57195711819004,0.581946405416493,194.920752932486,147.835726400847,171.378239666667,0.803389238269502,64.3802932913693,168.6827992,175.274351722343,2.75168728784665,1.88594929183761
"3474438","2020-11-23",28.2986528115408,0.539304875204105,0.558771153404811,0.569516393441269,196.556621409147,147.983857590853,172.2702395,0.77710516707851,64.3802932913693,169.2939992,176.360438159364,2.86686709588668,2.08213285264743
"3474437","2020-11-24",29.2831873923605,0.534053783783784,0.549451093057653,0.560059788217501,198.354589885758,148.460220780908,173.407405333333,0.788193937004186,66.5285609868666,169.9711988,177.636378404782,3.03396307026222,2.27249889617039
"3474436","2020-11-25",29.8976261060288,0.474765271493213,0.516041310160369,0.541421185540944,199.358306912908,150.024849420425,174.691578166667,0.719834956867816,64.3113987432592,170.6783068,178.564554617478,3.06732862361749,2.43146484165981
"3474435","2020-11-27",30.2457552097036,0.321763276640055,0.443527443972352,0.503006615730125,199.56637329768,152.768450035653,176.167411666667,0.6893087922669,62.6774907320107,171.2983068,179.239947335148,3.01348320565071,2.54786851445799
"3474434","2020-11-30",29.0835950883065,0.117269544924154,0.304599364352476,0.421389372828399,197.623234527342,157.623922139325,177.623578333333,0.529244377719617,52.0029705590421,171.5277072,178.857287690461,2.61385382018988,2.56106557560437
"3474433","2020-12-01",28.0876911862818,0.387397899649941,0.275476907071385,0.341201238465404,194.966155823666,163.422355176334,179.1942555,0.591483834354551,57.0291683367612,172.1249068,179.142982665066,2.47716137103269,2.54428473469003
"3474432","2020-12-02",26.5127908752174,0.181446907817969,0.22870478413069,0.26959368518485,193.048318114451,167.309525885549,180.178922,0.453419648080705,52.5139543792448,172.7153064,178.919918309724,2.18468334516013,2.47236445678405
"3474431","2020-12-03",24.6891275766525,0,0.189614935822639,0.231265542341571,191.107657036216,170.76318663045,180.935421833333,0.348504854708512,49.0320364083323,173.393706,178.334595868428,1.79956082707622,2.33780373084249
"3474430","2020-12-04",23.6369513661264,0.49970477312905,0.227050560315675,0.215123426756334,190.276434583784,173.284074749549,181.780254666667,0.699878182496893,57.7364992146882,174.6585056,178.957981752637,1.85603019130536,2.24144902293506
"3474429","2020-12-07",23.0622023061923,0.763519193051275,0.421074655393444,0.279246717177252,189.937761646013,175.60524768732,182.771504666667,0.97375931532805,61.9791921324294,176.3023056,180.184250852286,2.10593473731384,2.21434616581082
"3474428","2020-12-08",22.9905438527544,0.669005847953217,0.644076604711183,0.4307339401401,190.831788445468,175.124387554532,182.978088,1.02269916521143,62.5109124246205,177.889506,181.337017405314,2.30407444629182,2.23229182190702
"3474427","2020-12-09",23.2939876731573,0.725225634725636,0.719250225243378,0.594800495116001,192.888971234069,174.279872099264,183.584421666667,1.0853185899953,65.1615893150312,179.3111064,182.790749751272,2.57869068599252,2.30157159472412
"3474426","2020-12-10",23.7378907966633,0.769290124354353,0.72117386901107,0.694833566321876,194.947608062105,174.085569271228,184.516588666667,1.06738212974545,66.7433369257431,180.6739064,184.334649784436,2.85193293468571,2.41164386271644
"3474425","2020-12-11",23.5142121026753,0.618636280095571,0.704384013058521,0.714936035770989,196.190837152664,174.591507180669,185.391172166667,0.936456185395086,62.4296988207892,181.6815064,185.271363146511,2.8995425080746,2.50922359178807
"3474424","2020-12-14",23.3065104582579,0.687741591619188,0.691889332023039,0.705815738030877,197.287892670043,175.098785996623,186.193339333333,0.888779388927239,63.9949276071507,182.6987068,186.333849393643,2.98196934356922,2.6037727421443
"3474423","2020-12-15",23.8082337843932,0.72458217270195,0.676986681472238,0.691086675517933,199.053482649403,174.696530017263,186.875006333333,0.955790200892557,65.7132370828501,183.3523068,187.534669474491,3.09904537060448,2.70282726783634
"3474422","2020-12-16",24.5978546475995,0.841586984126984,0.751303582816042,0.706726532103773,201.676016515801,174.132328484199,187.9041725,1.03729747990492,69.9107378579837,184.2039064,189.335378877892,3.39192250244922,2.84064631475891
"3474421","2020-12-17",25.7298617640152,0.770584894946053,0.778918017258331,0.73573609384887,204.218565879603,173.892279787064,189.055422833333,1.00477366246855,70.3429042128402,185.2783064,190.979995027506,3.60245687625127,2.99300842705738
"3474420","2020-12-18",27.0518133984819,0.841938924673624,0.818036934582222,0.782752844885531,207.37526911955,173.362578213783,190.368923666667,1.03277426309897,73.4811004220891,186.5635068,193.047997023839,3.91932948106939,3.17827263785979
"3474419","2020-12-21",26.1976912988518,0.57534231418801,0.729288711269231,0.775414554369927,208.337948554435,173.762899112231,191.050423833333,0.738406296823354,59.2943620365112,187.3403068,193.490930753994,3.70108734673744,3.28283557963532
"3474418","2020-12-22",25.4045779206239,0.623814640723224,0.680365293194954,0.742563646348802,209.299609661061,174.234571672272,191.767090666667,0.736596045781722,60.7771201567984,188.0021076,194.120141320128,3.56268621038287,3.33880570578483
"3474417","2020-12-23",25.3421516759458,0.668588759437748,0.622581904782996,0.67741196974906,210.941718855576,174.300796477757,192.621257666667,0.834291320699623,64.2176453352617,188.8985076,195.266789144111,3.59636694404482,3.39031795343683
"3474416","2020-12-24",25.2841844487447,0.628107405749987,0.640170268636988,0.647705822204979,212.399931635103,174.807237364897,193.6035845,0.808031894444738,64.7492577685995,189.854508,196.356550591563,3.60800270568462,3.43385490388638
"3474415","2020-12-28",25.4824203509486,0.720202569652337,0.672299578280026,0.64501725056667,214.016612804917,175.436722861749,194.726667833333,0.830785516810249,66.555237178676,190.9089084,197.625010512688,3.67110955202308,3.48130583351372
"3474414","2020-12-29",23.7790714845229,0.184571138395106,0.510960371265812,0.607810072727608,213.709309290802,177.830025709197,195.7696675,0.608242383319434,53.6346036796556,191.382508,197.309674444329,3.24947721789939,3.43494011039086
"3474413","2020-12-30",22.1973903942705,0.219592891815952,0.374788866621133,0.51934960538899,213.346631302725,179.728370030608,196.537500666667,0.526746356473406,54.3009730156546,191.885708,197.135051185085,2.91227164708208,3.3304064177291
"3474412","2020-12-31",20.7280131689494,0.150023592038053,0.184729207416372,0.356826148434439,212.163720151964,182.639281181369,197.401500666667,0.461337092034045,52.681247195364,192.2297084,196.787711027074,2.55562806959782,3.17545074810284
"3474411","2021-01-04",20.4873955957829,0,0.123205494618004,0.22757452288517,210.255434576917,185.815380756416,198.035407666667,0.192965719779274,44.7605537827362,192.3030888,195.406977556798,1.91782351901457,2.92392530228519
"3474410","2021-01-05",20.2373053330336,0.0924018911803761,0.0808084944061449,0.129581065480173,209.458835245188,187.312981088145,198.385908166667,0.220072142802028,47.2978561078565,192.5114888,194.531380549225,1.49348136205518,2.63783651423919
"3474409","2021-01-06",19.2571368479698,0.424740001074534,0.172380630751638,0.125464873258595,209.366446117503,188.612203549164,198.989324833333,0.627235439114273,55.258020935984,193.3566888,194.927196475995,1.49909766657901,2.41008874470715
"3474408","2021-01-07",18.8649919646186,0.790898986545071,0.436013626266662,0.229734250474815,210.783021035791,189.107128630876,199.945074833333,0.977869990609995,62.84410775017,194.4514888,196.719570279195,1.9281624388594,2.3137034835376
"3474407","2021-01-08",18.5008574300782,0.821903619574595,0.679180869064735,0.429191708694345,212.262481425146,189.258000908187,200.760241166667,0.935556839718558,63.3732285657282,195.7218888,198.387627575303,2.27132198826614,2.30522718448331
"3474406","2021-01-11",17.872020548949,0.758272018066328,0.790358208062,0.635184234464466,213.322011578227,189.50747008844,201.414740833333,0.837129697420791,61.4394557362692,197.0392888,199.597943898596,2.43905614642044,2.33199297687074
"3474405","2021-01-12",17.5241212391227,0.855091597089152,0.811755744910027,0.760431607345587,214.70143121263,189.88288378737,202.2921575,0.905926623909217,63.8079795345747,198.1580892,201.115551378783,2.67909568390206,2.401413518277
"3474404","2021-01-13",16.437289280035,0.61404204224707,0.742468552467519,0.781527501813182,214.894615688973,190.83636564436,202.865490666666,0.642203997671869,56.4559122120844,198.7942892,201.508144528278,2.55992856018403,2.43311652665841
"3474403","2021-01-14",15.3107402038417,0.685103242012012,0.718078960449413,0.757434419275653,215.389847146615,191.355468186718,203.372657666666,0.697523264816675,57.9925506066348,199.4850896,202.120393257841,2.51733724363017,2.44996067005276
"3474402","2021-01-15",14.6668514770076,0.567713153816438,0.622286146025175,0.694277886314036,215.53508469128,191.458564975386,203.496824833333,0.570186438347701,54.5668088869544,199.9046892,202.201674156796,2.3218645486299,2.42434144576819
"3474401","2021-01-19",13.6504024011345,0.720284981881225,0.65770045923656,0.666021855237049,215.999231965073,191.456747701593,203.727989833333,0.71426696024515,58.036432856523,200.4142892,202.856117602556,2.3144210018444,2.40235735698343
"3474400","2021-01-20",13.4618506326233,0.513547293288955,0.600515142995541,0.626833916085759,215.947364003789,191.466948329544,203.707156166666,0.678354018089391,53.7660370040459,200.8750892,202.859301922216,2.11542161491063,2.34497020856887
"3474399","2021-01-21",13.2867668475773,0.685273106488738,0.639701793886308,0.63263913203947,216.645748252979,191.870897413687,204.258322833333,0.744536036670102,58.0846791961704,201.4806888,203.595394999254,2.15101304636078,2.30617877612725
"3474398","2021-01-22",13.0551654949467,0.673408413940389,0.624076271239362,0.621431069373737,217.247248549526,192.278396783807,204.762822666667,0.715889543122729,57.6837706316258,201.9870888,204.18267566602,2.13841924958211,2.27262687081823
"3474397","2021-01-25",12.240524514008,0.484131841954138,0.614271120794423,0.626016395306698,217.420420436296,192.35122423037,204.885822333333,0.597496983147084,52.7137658329241,202.0726888,204.048984243884,1.91552423119605,2.20120634289379
"3474396","2021-01-26",12.36390857907,0,0.385846751964844,0.541398047999543,217.327916563655,191.985727103012,204.656821833333,0.340049396430604,47.2311734463524,201.8918884,203.129118344699,1.48295211570841,2.05755549745672
"3474395","2021-01-27",14.0338342623231,0,0.161377280651381,0.387165051136883,218.641637594495,188.472839405505,203.5572385,-0.0986505788815556,36.8587127669236,200.912288,200.311902565406,0.525720132156682,1.75118842439671
"3474394","2021-01-28",14.5414327891271,0.0266044907831895,0.0088681635943984,0.185364065403541,219.404051805108,186.582759194892,202.9934055,0.0546568196773758,37.8005667109654,200.376288,197.999648890019,-0.200521553842004,1.36084642874897
"3474393","2021-01-29",15.0127742783023,0.0863957524970509,0.037666747760082,0.0693040640019537,219.927548663741,185.225262002926,202.576405333333,0.111560410074624,39.9678779117277,199.8538872,196.286361038016,-0.685070564087975,0.951663030181578
"3474392","2021-02-01",15.2814114504996,0.196379540214059,0.103126594498102,0.0498871686175272,220.110971509996,184.628505823337,202.369738666667,0.211320174577069,43.8440768336859,199.3114872,195.336179566281,-0.896306481351128,0.582069127875037
"3474391","2021-02-02",14.3282833365369,0.444048150288494,0.24227448099987,0.127689274419351,219.803295407984,185.977701592016,202.8904985,0.442533795250557,51.4467700324264,199.1014872,195.716688957443,-0.682653228417751,0.329124656616479
"3474390","2021-02-03",13.3683535330575,0.548546201715249,0.396324630739269,0.24724190207908,219.649334416951,187.280722583048,203.4650285,0.506556912843709,54.260517086783,198.9466872,196.554463763117,-0.352544913759778,0.192790742541228
"3474389","2021-02-04",12.9345889175023,0.527838582600498,0.506810978201416,0.381803363313518,219.788111633239,187.448278700095,203.618195166667,0.533245013011952,53.597660735781,199.1860876,197.179868594702,-0.121398744081147,0.129952845216753
"3474388","2021-02-05",13.5583351497815,0.768350790821668,0.61491185837914,0.506015822439942,220.553843152178,187.163607181155,203.858725166667,0.837080821364498,60.9727992888743,199.8296876,199.167886115408,0.496544773971386,0.20327123096768
"3474387","2021-02-08",14.1991244902148,0.816959798994974,0.704383057472382,0.608701964684312,221.574007702532,186.759775964135,204.166891833333,0.866989040459245,62.4114416622301,200.6290876,201.214167966687,1.06559906758561,0.375736798291266
"3474386","2021-02-09",14.4347753930278,0.759045477386935,0.781452022401194,0.700248979417572,222.088602190228,186.637182476439,204.362892333333,0.753881162992352,60.1420691132104,201.6601996,202.680280237796,1.40285856799396,0.581161152231804
"3474385","2021-02-10",14.1810540668745,0.680904773869346,0.752303350083754,0.74604614331911,221.905654568,186.682797432,204.294226,0.690192237220675,57.1239535372847,202.4706,203.536244206089,1.52637878810458,0.770204679406359
"3474384","2021-02-11",13.5619427212662,0.615326884422111,0.685092378559466,0.739615917014804,222.132032563162,186.717753103504,204.424892833333,0.626364672714326,54.645522244848,202.8302004,203.930079645278,1.50273494443953,0.916710732412994
"3474383","2021-02-12",13.5369756961312,0.676130653266331,0.657454103852598,0.698283277498606,222.566212380644,186.67090595269,204.618559166667,0.705452325124143,56.5288150716178,202.8518004,204.594069025907,1.5610109489935,1.0455707757291
"3474382","2021-02-16",13.8954978175901,0.855276130653266,0.715577889447238,0.686041457286434,224.10609784777,186.39768615223,205.251892,0.834180998351546,61.5894832733764,203.1242,206.120191822453,1.86402939470427,1.20926249952413
"3474381","2021-02-17",13.4946201481162,0.729332732423383,0.753579838780995,0.70887061069361,224.567926041747,186.354527291587,205.461226666667,0.701816646836935,56.8419832009428,203.2771996,206.809498246126,1.894178107343,1.3462456210879
"3474380","2021-02-18",13.1961831920851,0.700955061130952,0.761854641402536,0.743670789876923,225.076340420812,186.345445912521,205.710893166667,0.689920052025272,56.3984566982079,203.2715996,207.346898479976,1.87806478532393,1.45260945393511
"3474379","2021-02-19",13.2385239833701,0.820925245098039,0.75040434621746,0.75527960880033,225.989268527626,186.131184472374,206.0602265,0.782078456599873,60.2000075362311,203.7473996,208.494645349312,2.03901206031805,1.5698899752117
"3474378","2021-02-22",14.309782879967,0.638577583651901,0.720152629960299,0.744137205860098,227.682098144144,185.611020855857,206.6465595,0.862088117265963,61.7213011901828,204.2281992,209.778025969404,2.22186425841908,1.70028483185317
"3474377","2021-02-23",15.6768844104769,0.741895455250504,0.73379942800015,0.734785468059303,230.671961692167,184.681491307833,207.6767265,0.940452264655098,66.2401702148426,205.1253992,211.82895584015,2.60196717339019,1.88062130016058
"3474376","2021-02-24",17.3060744854838,0.709902753047528,0.696791930649979,0.716914662870142,233.993240918283,184.368879748383,209.181060333333,0.933435094368797,67.4169791403554,205.9273992,213.873095061463,2.93823462951832,2.09214396603213
"3474375","2021-02-25",18.1254280482585,0.534869013073901,0.662222407123979,0.697604588591369,234.716124897572,187.803662769094,211.259893833333,0.837084123262574,62.7636419312467,206.7405996,215.118017053268,3.01634614076172,2.27698440097804
"3474374","2021-02-26",19.0225272695133,0.621880557223467,0.622217441114967,0.660410592962975,235.54080344438,191.077983888953,213.309393666667,0.861139258086185,64.5768069857703,207.4425992,216.559613446166,3.14043573550797,2.44967466788403
"3474373","2021-03-01",20.1894467369661,0.814148081534772,0.656965883944048,0.647135244060998,236.986756856883,194.29403047645,215.640393666667,0.97025035336859,69.1659996286575,208.4685988,218.83833032001,3.47928494361642,2.65559672303051
"3474372","2021-03-02",21.3836258242318,0.811451417004049,0.749160018587431,0.676114447882148,238.219615789421,197.520838543913,217.870227166667,0.963235280663893,69.6594983796132,209.7233992,220.933219610676,3.72990814942487,2.87045900830938
"3474371","2021-03-03",22.9787982530629,0.678164108270029,0.767921202269618,0.724682368267032,240.349957045178,199.110163954821,219.7300605,0.946492932840932,68.6990780319952,211.1902,222.651458329252,3.85127182593055,3.06662157183361
"3474370","2021-03-04",22.1079766283672,0.271383387376818,0.5869996375503,0.701360286135783,240.119656150768,201.437404849232,220.7785305,0.599997700147127,52.9442908542905,212.6778,222.189930552019,3.37743787554652,3.12878483257619
"3474369","2021-03-05",21.1745642905948,0.205841781875322,0.385129759174058,0.580016866331325,239.570268128407,203.799793871593,221.685031,0.531822679374082,52.1086293883197,214.0886004,221.663274478416,2.93394314280973,3.0898164946229
"3474368","2021-03-08",21.0101795384748,0.477886085642862,0.318370418298336,0.430166605007565,240.625830190591,204.393171809409,222.509501,0.750984408531737,59.2410687611182,215.8034008,222.510837881294,2.90400902683698,3.05265500106572
"3474367","2021-03-09",20.9341216159107,0.532962596095298,0.405563487871162,0.369687888447852,241.818898173094,204.824103826906,223.321501,0.766573514128739,60.5229190839704,217.4370008,223.509392830455,2.91662050705301,3.02544810226318
"3474366","2021-03-10",21.7570631185456,0.664246555045192,0.558365078927786,0.427432995032428,244.379874290147,205.141460376519,224.760667333333,0.943086190272719,65.467081852005,219.0442008,225.490807119728,3.18739289621788,3.05783706105412
"3474365","2021-03-11",23.1245352953699,0.740795586866769,0.646001579335755,0.536643382044901,248.513206539318,205.046127127348,226.779666833333,1.06579976155228,70.0642422243,220.8802004,228.478698170431,3.68980191579913,3.18423003200312
"3474364","2021-03-12",24.3943308881353,0.819610528942115,0.741550890284694,0.648639182849411,251.822812227605,206.105187439062,228.963999833333,1.0167080954576,71.4350426723452,222.8740004,231.493538414373,4.13912532807699,3.37520909121789
"3474363","2021-03-15",25.6995134347265,0.796032684630738,0.785479600146543,0.724344023255664,254.654446279572,207.330886720428,230.9926665,0.955882870342927,70.4065026375642,224.3962004,233.980399959123,4.400184125866,3.58020409814752
"3474362","2021-03-16",25.6723929869488,0.599550648702595,0.738397954091818,0.755142814841018,256.126408767466,208.679591565867,232.403000166667,0.787838060355143,62.3499468744766,225.5064004,235.085679964574,4.28122895308181,3.72040906913437
"3474361","2021-03-17",25.1033860978754,0.502494760479041,0.63269269793746,0.718856750725273,256.073496172047,211.524504827953,233.7990005,0.663737328573668,58.7723343018836,226.5532,235.524922635964,4.00624106533465,3.77757546837443
"3474360","2021-03-18",24.5750225580216,0.505488772455089,0.535844727212244,0.63564512641384,255.504927318483,214.879740348184,235.192333833333,0.641316260382933,58.8507738748139,227.7291996,235.921599617835,3.74876334697127,3.7718130440938
"3474359","2021-03-19",23.6593170881022,0.432135479041916,0.480039670658684,0.549525698602796,254.845536933051,217.637464400283,236.241500666667,0.554965742488603,56.0377221616929,228.8919992,235.873386335457,3.40494511578389,3.69843945843182
"3474358","2021-03-22",22.2751594143514,0.335578592814371,0.424400948103794,0.480095115324907,254.296348566613,219.40931976672,236.852834166667,0.421283995958741,52.4815673998543,229.8031992,235.31560149073,2.96619640598159,3.55199084794177
"3474357","2021-03-23",21.1186211666704,0.187624251497005,0.318446107784432,0.40762890884897,254.289301914967,219.430032418366,236.859667166667,0.247852609642598,47.5066722359719,230.1919992,234.041519958632,2.38734257526878,3.31906119340717
"3474356","2021-03-24",20.5989868623252,0.0631235029940119,0.195442115768464,0.312763057218897,254.589615295209,218.542052038124,236.565833666667,0.173972313111713,43.7485593178389,230.5711996,232.271983964148,1.73482796221498,3.00221454716873
"3474355","2021-03-25",20.7942007229268,0,0.0835825848303408,0.199156936127746,255.361761306673,216.94790502666,236.154833166667,0.0496025434012839,39.1141576145144,230.6907996,229.813052768928,0.961037920240049,2.593979221783
"3474354","2021-03-26",20.3450882637784,0.281861029026516,0.114994844006844,0.131339848201883,255.377236029993,216.867430636674,236.122333333333,0.307693999202825,49.5198961331546,231.1073996,229.353979066405,0.777529599422944,2.23068929731099
"3474353","2021-03-29",20.3251223761632,0.190379817851243,0.157413615625922,0.118663681487702,255.390952925664,215.883547741002,235.637250333333,0.256444470219584,46.7285090175104,231.2745996,228.413448524217,0.482605060321117,1.88107244991301
"3474352","2021-03-30",20.3065826233777,0.249943751417452,0.240728199431739,0.171045553021501,255.235745966169,215.114087700498,235.174916833333,0.308127318275541,48.7540275958439,231.2661996,227.951655387655,0.338409871678147,1.57253993426604
"3474351","2021-03-31",20.2893671386483,0.300826067003212,0.247049878757304,0.215063897938321,254.906197655491,214.496302344508,234.70125,0.35074819042254,50.2827900681612,231.2573996,227.816768002634,0.291314431608058,1.31629483373444
"3474350","2021-04-01",19.8073295353639,0.341441257457549,0.297403691959406,0.26172725671615,254.774777277688,215.244056388978,235.009416833333,0.393768355203477,51.6639957242859,231.4773996,227.935866935616,0.31316819402627,1.11566950579281
"3474349","2021-04-05",19.3008238380088,0.368500376789751,0.336922567083506,0.293792045933405,254.483792640093,216.33170669324,235.407749666667,0.378964686934833,51.481248995079,231.5802,228.011084677534,0.319319483964042,0.956399501427056
"3474348","2021-04-06",18.8304971190361,0.488834505965127,0.399592046737477,0.34463943526013,254.48403126791,216.333801065423,235.408916166667,0.400858977435827,52.6073785505826,231.4266004,228.250940053863,0.366318688570799,0.838383338855804
"3474347","2021-04-07",19.3973172988676,0.243353143572099,0.366896008775661,0.367803540865548,254.571579266894,215.469253066439,235.020416166667,0.254309173728353,45.4899736979832,230.9090004,227.365481380015,0.111572702814589,0.693021211647561
"3474346","2021-04-08",20.2792298199901,0.144767587840993,0.292318412459408,0.352935489324182,254.189374676538,213.670790990129,233.930082833333,0.164596301328972,42.8624768798842,230.2826,226.138083862679,-0.211737383055699,0.512069492706909
"3474345","2021-04-09",21.0981485896038,0.203504579848665,0.197208437087254,0.285474286107441,251.798595480278,212.949570519722,232.374083,0.18800376125339,43.6548743058148,230.2726,225.178339347655,-0.436410036378321,0.322373586889863
"3474344","2021-04-12",22.2138849408049,0.0775301764159697,0.141934114701878,0.210486988082846,248.690633376566,212.577865956767,230.634249666666,0.144329399700772,40.9571364027343,230.1629996,223.887894101301,-0.731108736896879,0.111677122132515
"3474343","2021-04-13",23.4984415404067,0,0.0936782520882133,0.144273601292448,245.063937168094,212.413562498573,228.738749833333,0.068700819642393,39.0316082228827,229.5601996,222.429508221128,-1.04709017070251,-0.120076336434491
"3474342","2021-04-14",23.9049003678651,0.118644067796611,0.0653914147375285,0.10033459384254,242.252086404731,212.384746928602,227.318416666666,0.17639970049142,42.0900460303183,228.9845996,221.520240458311,-1.18904722039186,-0.333870513225965
"3474341","2021-04-15",24.335375760717,0.0981262265834082,0.0722567647933414,0.0771088105396941,240.262507382836,211.981658617164,226.122083,0.18333966656368,41.7004575969305,228.0557992,220.670873730536,-1.30442284353257,-0.527980979287286
"3474340","2021-04-16",24.4437417834578,0.219446922390723,0.145405738923582,0.0943513061514838,237.712604498525,212.380228168142,225.046416333333,0.277896228132969,44.9454083551066,226.8545996,220.297423899798,-1.28210211272077,-0.678805205973983
"3474339","2021-04-19",25.1466908278903,0,0.105857716324712,0.107840073347212,235.676664907428,212.132167425905,223.904416166666,0.140775960215886,40.4765335753448,225.3253996,219.305767379825,-1.4325725371144,-0.829558672202066
"3474338","2021-04-20",26.2739137516318,0,0.0731489741302426,0.108137476459512,234.800525341151,210.711972992182,222.756249166666,0.0179069986538003,36.8533103403539,223.6499992,217.832997062515,-1.7040916412833,-1.00446526601831
"3474337","2021-04-21",26.5546895023732,0.0461084300595979,0.0153694766865342,0.0647920557138293,234.487349441891,209.531815558109,222.0095825,0.144450704147587,38.4652476883161,222.3395988,216.723262787513,-1.85413079877036,-1.17439837256872
"3474336","2021-04-22",25.8008797815466,0.140169996248619,0.062092808769407,0.0502037531953943,234.221232954763,208.973599045236,221.597416,0.300875756595047,41.7329120168741,221.2867988,216.101494415845,-1.85790303851453,-1.31109930575788
"3474335","2021-04-23",25.1009136122075,0.20925962962963,0.13184601864595,0.0697694347006302,234.291550866556,208.545948133443,221.4187495,0.261561243539877,44.0540459100193,220.3031988,215.809295160399,-1.77178408164318,-1.40323626093494
"3474334","2021-04-26",24.340553661185,0.293215148136047,0.214214924671434,0.136051250695597,233.393062561535,208.226603105131,220.809832833333,0.330270145572152,46.067609639269,219.5015988,215.770722472345,-1.62465567901504,-1.44752014455096
"3474333","2021-04-27",23.500420306706,0.432198827352091,0.311557868372591,0.219206270563325,232.809785671851,207.899046328148,220.354416,0.36159586490938,46.364594905082,218.8639988,215.767959476033,-1.4823452094019,-1.45448515752115
"3474332","2021-04-28",22.4500358679898,0.460474056275791,0.395296010587978,0.307022934544,231.92501590542,207.80181709458,219.8634165,0.408522089021567,47.0337796127673,218.4831996,215.830899545895,-1.33580378954461,-1.43074888392584
"3474331","2021-04-29",21.9624803712661,0.296595327988848,0.396422737205578,0.367758872055382,230.690172738016,207.780326261984,219.2352495,0.363439089246065,43.635671115165,218.1883992,215.506778273109,-1.31086185287084,-1.40677147771484
"3474330","2021-04-30",21.9886248276712,0.121177656562231,0.292749013608958,0.361489253800838,228.838893096437,207.76260557023,218.300749333333,0.206743926052075,40.2809066190312,218.0495992,214.820541170028,-1.389498251388,-1.40331683244947
"3474329","2021-05-03",22.362907445565,0,0.139257661517028,0.276143137443854,226.614155376778,208.011863289888,217.313009333333,0.16252495638656,37.8170361009489,217.3135112,213.906842347357,-1.52530419835953,-1.42771430563149
"3474328","2021-05-04",23.2782469398558,0,0.0403925521874117,0.157466409104465,224.156967589182,207.862050744151,216.009509166666,-0.141479135246631,33.7985089192561,216.5675108,212.539262034376,-1.77771097684171,-1.49771363987353
"3474327","2021-05-05",23.9424460340632,0.11258016746574,0.0375267224885814,0.0723923120643399,222.866095345209,207.355922988124,215.111009166667,0.00563567852096886,37.8660175193998,215.8143108,211.683360429793,-1.86465242077889,-1.5711013960546
"3474326","2021-05-06",25.5216867375872,0,0.0375267224885814,0.0384819990548578,223.801334771124,204.42968356221,214.115509166667,-0.206470967243567,30.7223552766214,214.6343108,209.784245705821,-2.24255343633832,-1.70539180411135
"3474325","2021-05-07",26.9881245337166,0.0301950266429837,0.0475917313695759,0.0408817254489125,224.161989293117,202.037028373549,213.099508833333,-0.0950827309720636,32.0737667073704,213.41751,208.251678278378,-2.48572499150825,-1.86145844159073
"3474324","2021-05-10",28.8635050567099,0,0.010065008880996,0.0317278209130508,225.106017989168,198.917999677498,212.012008833333,-0.109897573892228,28.0767665833969,211.97871,206.155454507927,-2.87472175361312,-2.06411110399521
"3474323","2021-05-11",30.9035664996198,0,0.010065008880996,0.022573916377189,226.331315054564,195.534681945436,210.9329985,-0.0798210182065001,25.7160311696722,210.32991,203.81339390687,-3.30805379595824,-2.31289964238781
"3474322","2021-05-12",32.8676279651273,0,1.48492329543615e-15,0.00671000592066419,226.859127660821,192.387202339179,209.623165,-0.0269940150957534,25.1609119099571,208.97071,201.655608052621,-3.65668630164456,-2.58165697423916
"3474321","2021-05-13",34.9431893053495,0,1.48492329543615e-15,0.00335500296033267,227.533045872255,188.725951794411,208.129498833333,-0.0369163206312412,23.1433600157799,207.60551,199.305526978938,-4.04047325218911,-2.87342022982915
"3474320","2021-05-14",35.3568720281556,0.294211789810616,0.0980705966035402,0.0326901988678474,226.284137826248,187.695526173752,206.989832,0.231444894675385,39.2235554295602,206.65031,198.73945671508,-3.858792557558,-3.07049469537492
"3474319","2021-05-17",36.0492515181291,0.205921579087757,0.166711122966126,0.0882605731898888,225.638402607194,186.134761392806,205.886582,0.183449045482453,36.7393979274896,205.70031,197.807529153069,-3.80711402038945,-3.21781856037783
"3474318","2021-05-18",36.5124829809378,0.206988263536943,0.235707210811773,0.166829643460479,225.296826742505,184.727670590828,205.012248666667,0.220093052361964,36.791483310553,204.8539096,197.005190599327,-3.72369710484379,-3.31899426927102
"3474317","2021-05-19",37.4087658408396,0.0799634882317442,0.164291110285483,0.188903148021127,224.976112456568,182.523051210099,203.749581833333,0.126263500578077,33.0471791865432,203.6967092,195.628497186083,-3.82607675007692,-3.4204107654322
"3474316","2021-05-20",37.8247646750811,0.12432076041038,0.137090837393024,0.17902971949676,223.637281804942,181.147881528391,202.392581666667,0.194921911920845,35.0935886456949,202.6167092,194.631362894605,-3.80630039210013,-3.49758869076579
"3474315","2021-05-21",37.6687571521987,0.244244052187261,0.149509433609797,0.150297127096101,222.081277239188,180.343886094145,201.212581666667,0.271605713602469,38.2002642153656,201.5177092,194.066514508658,-3.6573148336385,-3.52953391934033
"3474314","2021-05-24",36.3336523639387,0.41193399846508,0.260166270354242,0.182255513785687,219.931852570161,180.483644096506,200.207748333333,0.404530983474656,43.8355701619017,200.7939092,194.159645907504,-3.31981822028842,-3.48759077952995
"3474313","2021-05-25",34.4937168095472,0.592492850759606,0.416223633803984,0.275299779256007,217.496952294829,181.14654370517,199.321748,0.496283728154892,46.8512605942128,200.3551092,194.577025119836,-2.91370615582878,-3.37281385478971
"3474312","2021-05-26",32.5758908134979,0.781483325037331,0.595303391420674,0.423897765192966,214.656992850339,182.340168816328,198.498580833333,0.583385437169321,49.6639462326035,199.9639096,195.264088437192,-2.46229799777735,-3.19071068338724
"3474311","2021-05-27",30.5149762305121,0.8,0.724658725265647,0.578728583496768,212.005242457339,183.656253209327,197.830747833333,0.673524781558541,51.4554545563275,199.5339096,196.070209978899,-2.01627256792009,-2.95582306029381
"3474310","2021-05-28",29.2500862533921,0.614351851851852,0.731945058963063,0.683969058549794,209.78575805667,184.583737609996,197.184747833333,0.579963912850991,46.8937553221915,198.8695096,196.234181981713,-1.80680652172257,-2.72601975257956
"3474309","2021-06-01",28.0755455603522,0.692593055555556,0.702314969135804,0.719639584454838,207.642981059636,185.640495273697,196.641738166667,0.660584969097358,48.9479336303576,198.20831,196.601625717484,-1.55345630847734,-2.49150706375912
"3474308","2021-06-02",27.0018505868804,0.687962962962962,0.664969290123459,0.699743106074108,206.67595210304,186.02135789696,196.348655,0.662014398989342,48.8275696638094,197.53391,196.906742288487,-1.34126794275263,-2.26145923955782
"3474307","2021-06-03",25.2546562970019,0.486016102366172,0.622190706961565,0.663158322073609,205.005704411609,186.833272255057,195.919488333333,0.661811673931964,45.2342792835816,196.7199096,196.771176650022,-1.28111387781851,-2.06539016720996
"3474306","2021-06-04",23.6322615992576,0.605276725447638,0.593085263592259,0.626748420225761,204.818436171642,186.882206495024,195.850321333333,0.678205716825398,48.3197522087856,196.1099096,196.955018430019,-1.12794070482548,-1.87790027473306
"3474305","2021-06-07",22.2408106981232,0.66543500504749,0.585575944287102,0.600283971613642,204.911039834656,186.852436165344,195.881738,0.759151930331852,49.85446879256,195.6671092,197.266347972683,-0.948963368258682,-1.69211289343819
"3474304","2021-06-08",20.7707220200726,0.623746900397414,0.631486210297516,0.603382472725625,205.27542506278,186.876050603887,196.075737833333,0.708934213601774,48.7735589503382,195.2883972,197.430834909659,-0.829815811825563,-1.51965347711566
"3474303","2021-06-09",19.6896764768925,0.456522050044594,0.581901318496501,0.599654491027039,205.404278384457,187.182217615543,196.293248,0.562200355988291,45.5807132537961,194.9875976,197.257390255037,-0.822689507421814,-1.38026068317689
"3474302","2021-06-10",18.3744565953569,0.470298654414178,0.516855868285397,0.576747799026471,205.553381784455,187.769447548878,196.661414666667,0.621378391571817,47.8010930531119,194.6451976,197.297738221032,-0.750026689970884,-1.25421388453569
"3474301","2021-06-11",17.4633569240925,0.474459272894615,0.467093325784464,0.521950170855454,205.325905694006,189.379256305993,197.352581,0.736042208099389,51.3304258911419,194.7443976,197.647373124895,-0.58928119303272,-1.1212273462351
"3474300","2021-06-14",16.6173358007755,0.511293634496921,0.485350520601907,0.489766571557256,205.780610400715,189.424884932618,197.602747666667,0.746228698803692,52.7163470178089,194.847598,198.077056708242,-0.41845598329987,-0.980673073648052
