"","Date","ADX","STOCHFK","STOCHFD","STOCHSD","BBandsUp","BbandsDn","BbandsMiddle","PercentB","RSI","SMA","EMA","MACD","Signal"
"3780889","2002-08-02",NA,NA,NA,NA,NA,NA,NA,NA,NA,NA,NA,NA,NA
"3780888","2002-08-05",NA,NA,NA,NA,NA,NA,NA,NA,NA,NA,NA,NA,NA
"3780887","2002-08-06",NA,NA,NA,NA,NA,NA,NA,NA,NA,NA,NA,NA,NA
"3780886","2002-08-07",NA,NA,NA,NA,NA,NA,NA,NA,NA,NA,NA,NA,NA
"3780885","2002-08-08",NA,NA,NA,NA,NA,NA,NA,NA,NA,NA,NA,NA,NA
"3780884","2002-08-09",NA,NA,NA,NA,NA,NA,NA,NA,NA,NA,NA,NA,NA
"3780883","2002-08-12",NA,NA,NA,NA,NA,NA,NA,NA,NA,NA,NA,NA,NA
"3780882","2002-08-13",NA,NA,NA,NA,NA,NA,NA,NA,NA,NA,NA,NA,NA
"3780881","2002-08-14",NA,NA,NA,NA,NA,NA,NA,NA,NA,NA,NA,NA,NA
"3780880","2002-08-15",NA,NA,NA,NA,NA,NA,NA,NA,NA,NA,NA,NA,NA
"3780879","2002-08-16",NA,NA,NA,NA,NA,NA,NA,NA,NA,NA,NA,NA,NA
"3780878","2002-08-19",NA,NA,NA,NA,NA,NA,NA,NA,NA,NA,NA,NA,NA
"3780877","2002-08-20",NA,NA,NA,NA,NA,NA,NA,NA,NA,NA,NA,NA,NA
"3780876","2002-08-21",NA,0.710144927536231,NA,NA,NA,NA,NA,NA,NA,NA,93.4742857142857,NA,NA
"3780875","2002-08-22",NA,0.949152542372881,NA,NA,NA,NA,NA,NA,52.5925925925926,NA,94.1737142857143,NA,NA
"3780874","2002-08-23",NA,0.915254237288136,0.858183902399083,NA,NA,NA,NA,NA,51.7666853617499,NA,94.7372190476191,NA,NA
"3780873","2002-08-26",NA,0.932203389830508,0.932203389830508,NA,NA,NA,NA,NA,52.1711229946524,NA,95.2469231746032,NA,NA
"3780872","2002-08-27",NA,0.771428571428572,0.872962066182405,0.887783119470665,NA,NA,NA,NA,53.4326368841455,NA,95.7526667513228,NA,NA
"3780871","2002-08-28",NA,0.532258064516128,0.745296675258403,0.850154043757106,NA,NA,NA,NA,47.5766212202908,NA,95.9136445178131,NA,NA
"3780870","2002-08-29",NA,0.661290322580645,0.654992319508448,0.757750353649752,101.486305721754,89.3456942782463,95.416,0.737000693640687,51.1263998623628,NA,96.2238252487713,NA,NA
"3780869","2002-08-30",NA,0.661290322580645,0.618279569892473,0.672856188219775,101.429717641751,89.3649490249156,95.3973333333333,0.740037757206453,51.1263998623628,NA,96.4926485489352,NA,NA
"3780868","2002-09-03",NA,0.516129032258064,0.612903225806451,0.628725038402458,101.709655848889,89.5383441511115,95.624,0.706167863878764,46.9761383262048,NA,96.5336287424105,NA,NA
"3780867","2002-09-04",NA,0.649122807017545,0.608847387285418,0.613343394328114,101.827259972918,90.1407400270816,95.984,0.706733913192065,51.6705806176839,NA,96.7824782434224,NA,NA
"3780866","2002-09-05",NA,0.423076923076923,0.529442920784177,0.583731177958682,101.60373701822,91.1055963151134,96.3546666666667,0.62370444475776,47.1728877345935,NA,96.7848144776328,NA,NA
"3780865","2002-09-06",NA,0.647058823529414,0.573086184541294,0.570458830870296,101.714120070468,91.8272132628653,96.7706666666667,0.805049906779818,54.7997286219235,95.5392,97.1708392139484,NA,NA
"3780864","2002-09-09",NA,0.166666666666666,0.412267471091001,0.504932192138824,101.573298059828,92.5013686068391,97.0373333333334,0.579659643564422,49.2674570345101,95.5392,97.2280606520886,1.98210459540173,NA
"3780863","2002-09-10",NA,0,0.27124183006536,0.418865161899218,101.49287691174,92.7684564215934,97.1306666666667,0.364288980415691,42.8213272573058,95.648,96.8936525651435,1.60332499041211,NA
"3780862","2002-09-11",8.80186870350234,0.41860465116279,0.195090439276486,0.292866580144282,101.379041042199,93.324958957801,97.352,0.563901343601107,49.8830151149886,95.904,96.9878322231244,1.52522407615143,NA
"3780861","2002-09-12",10.4866102863548,0.0697674418604657,0.162790697674419,0.209707655672088,100.946145874565,94.0511874587687,97.4986666666667,0.166616311796664,44.9058628243783,96.1216,96.7494545933744,1.24908280303395,NA
"3780860","2002-09-13",10.6827513131055,0,0.162790697674419,0.173557278208441,100.543788952408,94.7148777142587,97.6293333333333,0.156425259393284,43.3530768909377,96.2816,96.4361939809245,0.952257344657581,NA
"3780859","2002-09-16",10.8648822665168,0.333333333333333,0.134366925064599,0.153316106804479,100.180995177438,95.3656714892291,97.7733333333334,0.297867517044224,49.0454982572248,96.4736,96.4847014501346,0.907348370277261,NA
"3780858","2002-09-17",11.7943653576445,0,0.111111111111111,0.136089577950043,100.262610323085,95.1827230102487,97.7226666666667,0.0873924221303431,44.2561240207214,96.4864,96.2067412567833,0.663049071385724,NA
"3780857","2002-09-18",12.8868188884312,0,0.111111111111111,0.118863049095607,100.438884541546,94.7024487917873,97.5706666666667,-0.00623769299989266,42.7572910650501,96.4928,95.8591757558789,0.397224767942994,NA
"3780856","2002-09-19",13.7392305906593,0.111111111111113,0.0370370370370376,0.0864197530864198,100.447378027797,94.4112886388701,97.4293333333333,0.148337436725042,44.7716041347235,96.6016,95.6646189884284,0.250714057816404,1.05892556411991
"3780855","2002-09-20",15.0015567951556,0,0.0370370370370376,0.0617283950617287,100.57771089135,93.7262891086504,97.152,-0.0573539022673186,41.6173553095426,96.6144,95.2826697899713,-0.0010427975292604,0.846931891790076
"3780854","2002-09-23",17.2268079467036,0,0.0370370370370376,0.0370370370370376,101.374962508492,92.0543708248415,96.7146666666667,-0.251883596863598,34.1118314024263,96.4096,94.3329804846418,-0.590856391226813,0.559374235186699
"3780853","2002-09-24",19.323570144724,0,4.16333634234434e-17,0.0246913580246918,102.112141612469,90.2611917208642,96.1866666666667,-0.190802572076181,33.8848974924168,96.0832,93.4885830866895,-1.06524630449791,0.234450127249776
"3780852","2002-09-25",20.0830865565054,0.16,0.0533333333333334,0.0301234567901237,101.929669723543,89.4623302764566,95.696,0.0495430260934905,39.1189982503104,95.8016,93.0127720084643,-1.26388536601114,-0.0652169714024073
"3780851","2002-09-26",20.3559635275903,0.123076923076923,0.0943589743589745,0.0492307692307693,101.97417797363,88.6711553597029,95.3226666666667,0.0978858723631049,38.0380060149564,95.4688,92.5150690740024,-1.46199057106274,-0.344571691334475
"3780850","2002-09-27",21.1422029719888,0,0.0943589743589745,0.0806837606837608,101.992784883287,87.6498817833796,94.8213333333333,0.0430027923211032,34.6835194685191,95.008,91.8063931974687,-1.7833290250543,-0.63232315807844
"3780849","2002-09-30",22.1000696201194,0,0.0410256410256411,0.0765811965811967,102.032869357862,86.4577973088046,94.2453333333333,0.0202590410840409,33.2270779737215,94.5216,91.0642074378062,-2.10271112782812,-0.926400752028376
"3780848","2002-10-01",23.140424401098,0,4.16333634234434e-17,0.0451282051282052,101.958793237146,85.342540096187,93.6506666666667,0.0540109672258645,32.2546539178567,94.0032,90.3356464460987,-2.3898122498424,-1.21908305159118
"3780847","2002-10-02",24.1064681262924,0.0256410256410262,0.00854700854700878,0.0165242165242167,101.669581554527,84.3944184454727,93.032,0.0944852567174008,33.305664719432,93.4784,89.7468935866189,-2.56316092102608,-1.48789862547816
"3780846","2002-10-03",25.2057528723221,0,0.00854700854700878,0.0056980056980059,101.358866574782,83.5104667585517,92.4346666666667,0.123047440147431,31.9703023039251,93.0048,89.1299744417364,-2.74453756232818,-1.73922641284816
"3780845","2002-10-04",26.308170612151,0,0.00854700854700878,0.00854700854700881,100.519651659292,82.8616816740415,91.6906666666667,0.11581087714688,31.4275075311561,92.4672,88.5526445161716,-2.88762924610777,-1.96890697950008
"3780844","2002-10-07",27.7233759379854,0,4.16333634234434e-17,0.0056980056980059,100.016813662789,81.9511863372111,90.984,0.0927440990152274,28.7950496394246,91.8656,87.838958580682,-3.11552486240597,-2.19823055608126
"3780843","2002-10-08",28.9347242885709,0,4.16333634234434e-17,0.00284900284900298,99.6351732734249,81.1061600599085,90.3706666666667,0.138908635361865,28.7950496394246,91.3216,87.2204307699244,-3.26320369150952,-2.41122518316691
"3780842","2002-10-09",30.7509091635899,0,4.16333634234434e-17,6.93889390390723e-17,99.0041610667986,80.0305055998682,89.5173333333334,0.0405559382836369,24.110597290737,90.5856,86.2577066672678,-3.641668267183,-2.65731379997013
"3780841","2002-10-10",31.9413314770973,0,4.16333634234434e-17,6.93889390390723e-17,98.5997729929187,79.0215603404147,88.8106666666667,0.104458275254784,24.110597290737,89.9136,85.4233457782988,-3.90512932504183,-2.90687690498447
"3780840","2002-10-11",30.3800106759477,0.309859154929577,0.103286384976526,0.0344287949921753,97.6719056008898,78.914761065777,88.2933333333334,0.3393501032264,37.1537459108436,89.2672,85.1695663411923,-3.74215639305058,-3.07393280259769
"3780839","2002-10-14",28.930212789166,0.492957746478873,0.267605633802817,0.123630672926448,96.320390437617,79.199609562383,87.76,0.404988757316569,43.3497088225921,88.7872,85.2269574957,-3.37729789723338,-3.13460582152483
"3780838","2002-10-15",27.2736165470612,0.704225352112676,0.502347417840375,0.291079812206573,95.2067140328412,79.6306193004922,87.4186666666667,0.588682905251244,49.5323632290743,88.5184,85.5966964962733,-2.82828018153971,-3.07334069352781
"3780837","2002-10-16",25.7353486079639,0.846153846153845,0.681112314915131,0.483688455519441,94.2094295746019,80.0412370920648,87.1253333333334,0.618199034120318,51.4350158548648,88.1664,86.0238036301036,-2.29173669276159,-2.91701989337456
"3780836","2002-10-17",25.2688664226995,0.866666666666667,0.80568195497773,0.663047229244412,93.1920854187379,80.6212479145954,86.9066666666667,0.820318090607704,55.0823708914526,87.9744,86.6072964794231,-1.6981627254568,-2.67324845979101
"3780835","2002-10-18",23.9025519787214,0.6125,0.775106837606838,0.753967035833233,92.40999746381,81.0193358695234,86.7146666666667,0.743942517619905,48.7710332921846,87.712,86.7716569488334,-1.44999114940957,-2.42859699771472
"3780834","2002-10-21",22.5783160291029,0.600000000000001,0.693055555555556,0.757948116046708,92.1719857542835,81.0653475790499,86.6186666666667,0.605162334594141,48.3977840244829,87.3472,86.8927693556556,-1.25368783110267,-2.19361516439231
"3780833","2002-10-22",22.4618609458158,0.75,0.654166666666667,0.70744301994302,92.5058005205745,80.971532812759,86.7386666666667,0.817430930691197,53.0420011704475,87.1552,87.2537334415682,-0.909911676447461,-1.93687446680334
"3780832","2002-10-23",22.0010264854041,0.675,0.675,0.674074074074074,92.4138164046652,81.0048502620016,86.7093333333334,0.744018604769914,50.5903076808081,86.9568,87.4385689826924,-0.718174616823442,-1.69313449680736
"3780831","2002-10-24",21.7851434268224,0.825,0.75,0.693055555555556,92.6064620847909,80.9188712485425,86.7626666666667,0.865972200196077,55.0638993003833,86.8032,87.8547597850001,-0.385494512451057,-1.4316064999361
"3780830","2002-10-25",20.8733335667494,0.675,0.725000000000001,0.716666666666667,92.7185076334573,80.9028256998761,86.8106666666667,0.70447402135407,50.1718688832549,86.6368,87.9594584803334,-0.294989219956454,-1.20428304394017
"3780829","2002-10-28",20.0266529823959,0.75,0.75,0.741666666666667,93.021276383117,80.9093902835498,86.9653333333334,0.739544304618005,52.4467418628217,86.6944,88.1781973496223,-0.133954700865391,-0.990217375325215
"3780828","2002-10-29",19.1164655885491,0.725,0.716666666666667,0.730555555555556,93.2514779802445,80.9885220197556,87.12,0.680489381227874,51.6010646191293,86.7456,88.3251043696727,-0.0353551236249361,-0.79924492498516
"3780827","2002-10-30",17.9563054133762,0.534482758620691,0.669827586206897,0.712164750957855,93.4103747944056,81.1069585389278,87.2586666666667,0.625276858177261,49.454155727616,86.688,88.345757120383,-0.0299045145854882,-0.645376842905225
"3780826","2002-10-31",16.6888995295479,0.333333333333334,0.530938697318008,0.639144316730524,93.5233396787378,81.2659936545956,87.3946666666667,0.584194408640119,48.1594461224906,86.6368,88.2996561709986,-0.068596913721497,-0.53002085706848
"3780825","2002-11-01",15.7673313433851,0.374999999999998,0.414272030651341,0.538346104725416,93.7306713327483,81.5386620005851,87.6346666666667,0.66994737647829,52.6128641854321,86.7328,88.4730353481988,0.0461464877639317,-0.414787388101997
"3780824","2002-11-04",16.2466001857032,0.564102564102564,0.424145299145299,0.456452009038216,94.1602330957805,81.9571002375529,88.0586666666667,0.831718096248598,56.6256120831507,86.9312,88.8366306351056,0.279015902031143,-0.276026730075369
"3780823","2002-11-05",16.6916355392843,0.82051282051282,0.586538461538461,0.474985263778367,94.6754256297563,82.3912410369104,88.5333333333333,0.877721448658649,60.2505243784631,87.2192,89.3650798837582,0.600174503252759,-0.100786483409744
"3780822","2002-11-06",17.1048826533238,0.82051282051282,0.735042735042735,0.581908831908832,94.4418641926881,83.8354691406452,89.1386666666667,0.855257368928024,60.2505243784631,87.4944,89.8230692325904,0.843050719946947,0.0879809572615946
"3780821","2002-11-07",17.4886121163606,0.82051282051282,0.82051282051282,0.714031339031339,93.774633080752,85.6760335859147,89.7253333333334,0.87965412027434,60.2505243784631,87.8016,90.2199933349117,1.02224135631384,0.274833037072043
"3780820","2002-11-08",18.1716829902625,0.81081081081081,0.817278817278816,0.790944790944791,93.8769512808263,86.3577153858404,90.1173333333333,0.899331356084857,60.2505243784631,88.1216,90.5639942235902,1.14981650783308,0.44982973122425
"3780819","2002-11-11",18.0970903045004,0.594594594594594,0.741972741972741,0.793254793254793,93.7324812544205,87.0568520789129,90.3946666666667,0.692541152233123,55.2793836619902,88.4544,90.6914616604448,1.12351533492521,0.584566851964441
"3780818","2002-11-12",18.3234980492021,0.81081081081081,0.738738738738738,0.765996765996765,94.0048777386614,87.1844555946719,90.5946666666667,0.823342644601075,58.9287528403911,88.8384,90.9726001057188,1.20207599116688,0.70806867980493
"3780817","2002-11-13",17.692377131737,0.540540540540541,0.648648648648648,0.709786709786709,94.0650022511248,87.4016644155419,90.7333333333334,0.626062946338138,53.0960853528965,89.2864,91.002920091623,1.10945247610923,0.78834543906579
"3780816","2002-11-14",17.880263950087,0.624999999999999,0.658783783783783,0.682057057057057,94.2779556368278,87.3753776965056,90.8266666666667,0.785883527921629,55.4693890203074,89.7664,91.1358640794066,1.09419288144159,0.84951492754095
"3780815","2002-11-15",18.0547302814121,1,0.721846846846847,0.676426426426426,94.796087598922,87.3479124010781,91.072,0.946820853645246,61.7261839730863,90.2016000000001,91.5710822021524,1.27868216861897,0.935348375756555
"3780814","2002-11-18",17.3874563317379,0.749999999999999,0.791666666666666,0.724099099099099,94.8327271046573,87.8392728953428,91.336,0.747469507180242,56.0700742687301,90.4896000000001,91.7349379085321,1.26847109089094,1.00197291878343
"3780813","2002-11-19",17.1244119742283,0.124999999999999,0.625,0.712837837837838,94.8355645523952,87.8097687809382,91.3226666666667,0.330719057026229,44.9747121695674,90.5216000000001,91.3436128540611,0.897878706018274,0.981154076230401
"3780812","2002-11-20",16.880156499398,0.285714285714287,0.386904761904762,0.601190476190476,94.8112282430072,87.9727717569929,91.392,0.425129303513573,49.2967707003452,90.5856000000001,91.217797806853,0.73659741322416,0.932242743629153
"3780811","2002-11-21",15.7736144810722,0.314285714285715,0.241666666666667,0.417857142857143,94.8525382292525,88.0114617707475,91.432,0.559639736885668,49.7220658494313,90.5920000000001,91.1300914326059,0.615814540043536,0.868957102912029
"3780810","2002-11-22",15.2703457919749,0.749999999999999,0.45,0.35952380952381,95.2429349308012,88.1650650691989,91.704,0.918581681296404,58.0573120491555,90.8416000000001,91.5234125749251,0.821613615935068,0.859488405516637
"3780809","2002-11-25",15.0163581360798,0.15909090909091,0.407792207792208,0.366486291486292,95.2426283938909,88.3680382727758,91.8053333333334,0.512800763165452,47.9417457233327,90.9312000000001,91.3096242316018,0.610228085929898,0.809636341599289
"3780808","2002-11-26",14.7805124556057,0.613636363636364,0.507575757575758,0.455122655122656,95.3757566976633,88.6829099690034,92.0293333333334,0.766553242936309,54.5078935357581,91.0720000000001,91.5510076673882,0.716871343210634,0.791083341921558
"3780807","2002-11-27",14.5615128951655,0.727272727272727,0.5,0.471789321789322,95.4038145394064,89.1828521272604,92.2933333333334,0.787201006580312,56.0019904751089,91.2832000000001,91.8668733117365,0.861231428843956,0.805112959306038
"3780806","2002-11-29",14.3581561604711,0.795454545454546,0.712121212121212,0.573232323232324,95.2782004558277,89.9057995441724,92.592,0.836534824882023,56.9162967264566,91.4368000000001,92.2046235368383,1.00523107249755,0.84513658194434
"3780805","2002-12-02",13.5270286948882,0.613636363636364,0.712121212121212,0.641414141414142,95.2112629670698,90.4047370329303,92.808,0.75354417792917,53.710950733068,91.6160000000001,92.3266737319265,0.995329016990065,0.875175068953485
"3780804","2002-12-03",12.8865855761802,0.568181818181818,0.659090909090909,0.694444444444445,95.2297737554651,90.466226244535,92.848,0.512315751345402,52.9087365004166,91.7440000000001,92.389783901003,0.948473611013667,0.889834777365522
"3780803","2002-12-04",12.2918883945228,0.568181818181818,0.583333333333333,0.651515151515152,95.2064628815257,90.4522037851411,92.8293333333334,0.493830093661557,52.9087365004166,91.8848000000001,92.4444793808692,0.900900661922832,0.892047954276984
"3780802","2002-12-05",11.7396695829837,0.568181818181818,0.568181818181818,0.603535353535354,95.2008902185653,90.4471097814348,92.824,0.494951386519119,52.9087365004166,92.0576000000001,92.4918821300867,0.853318487539023,0.884302060929392
"3780801","2002-12-06",10.9714984549485,0.568181818181818,0.568181818181818,0.573232323232323,95.2095901899005,90.4544098100995,92.832,0.526918011468855,52.9087365004166,92.2496000000001,92.5329645127418,0.806279917067698,0.868697632157053
"3780800","2002-12-09",11.3015978990554,0.681818181818181,0.606060606060605,0.580808080808081,95.3591277737161,90.4275388929507,92.8933333333334,0.794698801638093,55.1607184763892,92.4096000000001,92.6752359110429,0.829071279660343,0.860772361657711
"3780799","2002-12-10",11.6081188114404,0.945945945945945,0.731981981981981,0.635408135408135,95.7345079637083,90.4361587029584,93.0853333333334,0.959514189580258,60.093219504679,92.5824000000001,93.0545377895705,1.00196655786087,0.889011200898342
"3780798","2002-12-11",12.1891671619298,0,0.542588042588042,0.626876876876877,95.782269835786,90.2230634975474,93.0026666666667,0.166139393453755,44.0156384851817,92.4544000000001,92.5939327509611,0.617405925190906,0.834690145756855
"3780797","2002-12-12",12.7287120588127,0.205128205128205,0.383691383691384,0.552753802753803,95.7882723230722,90.2063943435945,92.9973333333334,0.22577926778508,47.2987746434167,92.3776000000001,92.3654083841663,0.418676170070764,0.751487350619637
"3780796","2002-12-13",13.2297180344898,0.256410256410257,0.153846153846154,0.36004186004186,95.7946815920009,90.0773184079992,92.936,0.261661692145129,48.1179260568488,92.3136000000001,92.2100205996108,0.285668039644604,0.65832348842463
"3780795","2002-12-16",13.8670737927821,0.17948717948718,0.213675213675214,0.250404250404251,95.665313428197,89.8600199051364,92.7626666666667,0.18488529889718,46.9393529872139,92.2304000000001,92.0113511863294,0.136477914669597,0.553954373673624
"3780794","2002-12-17",13.5340274429987,0.333333333333335,0.256410256410258,0.207977207977209,95.6278824224229,89.8067842442438,92.7173333333334,0.404256324790643,49.5982988021752,92.2368000000001,91.9671710281521,0.101211382255384,0.463405775389976
"3780793","2002-12-18",13.8892543399374,0.0512820512820524,0.188034188034189,0.219373219373221,95.5484935124903,89.9608398208431,92.7546666666667,0.164498415592735,45.1329369358115,92.1216000000001,91.6942148910652,-0.0805971964676577,0.354605181018449
"3780792","2002-12-19",14.0526285843453,0.12820512820513,0.170940170940173,0.205128205128207,95.5182825853252,90.0337174146749,92.776,0.23209665896647,46.5463861334111,92.0896000000001,91.5216529055898,-0.180671558515444,0.247549833111671
"3780791","2002-12-20",14.1173744616299,0.12820512820513,0.102564102564104,0.153846153846156,95.5347327895035,89.9692672104966,92.752,0.249886154134042,46.5463861334111,92.0256000000001,91.3720991848445,-0.257201120431283,0.14659964240308
"3780790","2002-12-23",14.1774956333941,0.461538461538462,0.239316239316241,0.170940170940173,95.2885709820248,90.0074290179753,92.648,0.488386350196441,52.6736048067595,91.9488000000001,91.5198192935319,-0.13266070371768,0.090747573178928
"3780789","2002-12-24",14.306259159579,0.435897435897435,0.341880341880343,0.22792022792023,95.2920050838792,90.0466615827875,92.6693333333334,0.433401247552108,52.1781361337662,91.9296000000001,91.6265100543943,-0.0476418476323182,0.0630696890166787
"3780788","2002-12-26",14.1667851654936,0.238095238095239,0.378510378510379,0.319902319902321,95.1968787163193,90.0511212836807,92.624,0.554931984332129,48.7231876461326,92.0256000000001,91.5696420471418,-0.0780805877862778,0.0348396336560874
"3780787","2002-12-27",14.0372735995572,0.761904761904763,0.478632478632479,0.399674399674401,95.3958742417456,89.9534590915878,92.6746666666667,0.944410541999268,58.1109634770305,92.1984,91.9896897741895,0.205000306231029,0.0688717681710758
"3780786","2002-12-30",13.7391416693725,0.714285714285716,0.571428571428573,0.476190476190478,95.3958742417456,89.9534590915878,92.6746666666667,0.817016119816457,57.0877260109025,92.352,92.3110644709643,0.395680335834259,0.134233481703712
"3780785","2002-12-31",12.8899303396229,0.476190476190477,0.650793650793652,0.566951566951569,95.3085859759639,89.9714140240361,92.64,0.629906500966844,52.14376090417,92.3008000000001,92.3762558748357,0.401944810552801,0.18777574747353
"3780784","2003-01-02",12.2320517326282,0.575,0.588492063492065,0.603571428571431,95.4468916857758,89.9557749808909,92.7013333333334,0.760784841583508,54.2759796162763,92.4480000000001,92.539421758191,0.47119669873914,0.244459937726652
"3780783","2003-01-03",11.8543490735766,0.825000000000001,0.625396825396826,0.621560846560848,95.8099891895726,89.8486774770941,92.8293333333334,0.924515071300387,58.2796289004134,92.5312,92.8941655237655,0.657324384465197,0.327032827074361
"3780782","2003-01-06",11.065573611678,0.700000000000002,0.700000000000001,0.637962962962965,96.0736440884575,89.8090225782092,92.9413333333333,0.83500294682343,55.6555621494752,92.5504,93.0949434539301,0.726339433027201,0.406894148264929
"3780781","2003-01-07",10.6666891803376,0.931818181818183,0.818939393939396,0.714778739778742,96.6483865546174,89.6022801120493,93.1253333333334,0.998809760442058,60.6202209547017,92.6336,93.5462843267394,0.949233902902802,0.515362099192504
"3780780","2003-01-08",10.0457667955332,0.795454545454546,0.80909090909091,0.776010101010103,96.852745764944,89.531254235056,93.192,0.839821468049695,57.4247006970011,92.7296,93.8094464165075,1.03015927512029,0.618321534378061
"3780779","2003-01-09",11.4268193854693,0.485714285714286,0.737662337662338,0.788564213564215,97.3586629398207,89.2493370601793,93.304,1.04949080430802,58.2153863876405,92.8512,94.0801868943065,1.10837392130365,0.716332011763179
"3780778","2003-01-10",12.7092253618385,0.571428571428571,0.617532467532468,0.721428571428573,97.8529652705559,89.3523680627775,93.6026666666667,0.913774849855824,60.5805576002151,93.0112,94.4428286417323,1.23744660429721,0.820554930269985
"3780777","2003-01-13",14.681748396539,0.56923076923077,0.542124542124543,0.632439782439784,98.5360557487905,89.3519442512095,93.944,0.973571486417479,61.3655834904107,93.184,94.7997848228347,1.35035185461452,0.926514315138892
"3780776","2003-01-14",16.330894361156,0.538461538461538,0.55970695970696,0.573121323121324,99.0499858304088,89.4833475029246,94.2666666666667,0.893032523158925,60.0771340148193,93.344,95.0664801797901,1.39563826213351,1.02033910453782
"3780775","2003-01-15",16.6006904426666,0.307692307692308,0.471794871794873,0.524542124542126,99.0908127404813,89.9385205928521,94.5146666666667,0.650636217073092,51.3661796565784,93.376,94.9776161558181,1.2137000704737,1.05901129772499
"3780774","2003-01-16",16.8512153754977,0.218181818181818,0.354778554778555,0.462093462093463,99.1507413151917,90.219925351475,94.6853333333334,0.599431004245038,52.3580826102246,93.344,94.9432673350423,1.08422421799557,1.06405388177911
"3780773","2003-01-17",17.194772799512,0.381818181818182,0.302564102564103,0.376379176379178,99.1537788173033,90.7928878493634,94.9733333333334,0.699340796699483,56.6434019664747,93.6064,95.1054983570367,1.09124685218618,1.06949247586052
"3780772","2003-01-21",16.765645273437,0.218181818181818,0.272727272727273,0.310023310023311,98.992314969616,91.3383516970507,95.1653333333334,0.497561176347212,51.6410556420232,93.76,95.0540985760985,0.963444171278205,1.04828281494406
"3780771","2003-01-22",16.3671697135102,0.180000000000001,0.260000000000001,0.27843045843046,98.7682370055869,91.9570963277465,95.3626666666667,0.491778175984205,52.6419548906591,93.9136,95.052218765952,0.879205231320501,1.01446729821935
"3780770","2003-01-23",15.8247657613093,0.0444444444444436,0.147542087542088,0.226756453423121,98.6546101499236,92.3320565167431,95.4933333333334,0.453605243964407,51.4941808743894,94.0736,95.0079229304917,0.776342973611377,0.966842433297753
"3780769","2003-01-24",15.1436316574554,0,0.0748148148148154,0.160785634118969,98.4483367821508,92.810329884516,95.6293333333334,0.395471335166227,50.3128063387017,94.1824,94.9268665397595,0.660042924890369,0.905482531616276
"3780768","2003-01-27",14.511149989591,0,0.0148148148148149,0.0790572390572401,98.3009500059365,93.1070499940636,95.704,0.248936252715844,50.3128063387017,94.3616,94.8566176677916,0.561405388278535,0.836667102948728
"3780767","2003-01-28",14.615463946697,0,3.79326200080262e-16,0.0298765432098775,98.5110734232725,92.6409265767276,95.5760000000001,-0.0183288844737563,39.7392999821494,94.3936,94.3690686454194,0.207752574316933,0.710884197222369
"3780766","2003-01-29",14.712326906867,0.23076923076923,0.0769230769230771,0.0305792972459647,98.52663523408,92.5880314325867,95.5573333333334,0.242251425110762,48.4837186351264,94.5216,94.2665261593635,0.130649871943533,0.594837332166602
"3780765","2003-01-30",14.5110732394233,0.254237288135592,0.161668839634941,0.0795306388526735,98.4628625922706,92.7371374077295,95.6000000000001,0.253160815830067,48.4837186351264,94.5664,94.1776560047817,0.0687112572924864,0.489612117191779
"3780764","2003-01-31",14.3241948339398,0.254237288135592,0.246414602346805,0.161668839634942,98.4828224429164,92.6851775570837,95.584,0.194588630118835,48.4837186351265,94.6176,94.1006352041441,0.01936798438118,0.395563290629659
"3780763","2003-02-03",15.7465602078602,0,0.169491525423729,0.192524989135159,98.8698536198507,91.8714797134827,95.3706666666667,-0.111189597835188,37.2360368534883,94.5536,93.5005505102583,-0.360157773609138,0.2444190777819
"3780762","2003-02-04",17.0673280550719,0.172413793103449,0.142217027079681,0.186041051616739,99.1225070961635,91.2348262371699,95.1786666666667,-0.00441526955673273,42.9384101120658,94.4128,93.1938104422238,-0.518255031832615,0.0918842558589968
"3780761","2003-02-05",17.3757590534,0.200000000000001,0.124137931034484,0.145282161179298,99.0934657249927,90.7678676083407,94.9306666666667,0.109557581194672,42.9384101120658,94.2848,92.9279690499273,-0.636822232059298,-0.053857041724662
"3780760","2003-02-06",17.6621592661333,0.200000000000001,0.190804597701151,0.152386518605106,99.1563258296439,90.2570075036895,94.7066666666667,0.105962328997749,42.9384101120658,94.2208,92.6975731766037,-0.72294248217476,-0.187674129814682
"3780759","2003-02-07",17.1492194834956,0.238095238095239,0.212698412698414,0.17588031381135,98.8108956006689,89.9891043993312,94.4,0.185626958285657,42.9384101120658,94.1248,92.4978967530565,-0.782560779679897,-0.306651459787725
"3780758","2003-02-10",17.6546949079046,0,0.146031746031747,0.183178252143771,98.7164211234714,89.3315788765287,94.024,0.0286015594517578,36.28683674101,93.8688,92.004843852649,-1.02871426384942,-0.451064020600063
"3780757","2003-02-11",18.1830783393286,0,0.0793650793650802,0.146031746031748,98.3378796680784,88.7607869985883,93.5493333333334,0.00409445776134015,35.8877038452735,93.6384,91.5561980056291,-1.22553314762091,-0.605957846004232
"3780756","2003-02-12",18.6737200970794,0,4.25585492772977e-16,0.0751322751322766,97.8612225307853,88.2987774692147,93.08,0.0356836069214724,35.8877038452735,93.3248,91.1673716048786,-1.367274408515,-0.758221158506384
"3780755","2003-02-13",19.9828490389226,0,4.25585492772977e-16,0.0264550264550276,97.9352468477267,87.32341981894,92.6293333333333,-0.0417854359797913,30.1235541708004,92.9536,90.5103887242281,-1.67556084825808,-0.941689096456724
"3780754","2003-02-14",19.4503605658555,0.0526315789473688,0.0175438596491234,0.00584795321637533,97.7182377875292,86.8044288791375,92.2613333333334,0.12909374408347,32.4600498998416,92.5887999999999,90.0050035609977,-1.85862056081232,-1.12507538932784
"3780753","2003-02-18",18.9559069837218,0.456140350877194,0.169590643274855,0.0623781676413268,97.0709978140289,86.8543355193045,91.9626666666667,0.373148395962033,47.0720725655689,92.3327999999999,90.0576697528647,-1.65539091408772,-1.23113849427982
"3780752","2003-02-19",17.7784719260662,0.456140350877194,0.321637426900586,0.169590643274855,96.6657929256071,86.8595404077263,91.7626666666667,0.437182935185812,47.0720725655689,92.064,90.1033137858161,-1.47723365490852,-1.28035752640556
"3780751","2003-02-20",17.4013724826203,0.660714285714285,0.524331662489558,0.338519910888334,96.3337286035948,86.9782713964052,91.656,0.662186978116605,52.7429519149012,91.8783999999999,90.3775386143739,-1.16505188589925,-1.2572963983043
"3780750","2003-02-21",16.9729596376109,0.642857142857143,0.586570593149541,0.477513227513229,95.960172791482,87.1118272085181,91.536,0.642851563396621,52.1954443591747,91.7823999999999,90.5938667991241,-0.921529042243185,-1.19014292709207
"3780749","2003-02-24",16.1786969417567,0.553571428571429,0.61904761904762,0.576649958228907,95.4793444929495,87.2353221737172,91.3573333333334,0.513262134562427,49.4323746268285,91.6415999999999,90.6746845592408,-0.790732891086865,-1.11026091989103
"3780748","2003-02-25",16.2043109820008,0.107142857142858,0.43452380952381,0.546714007240324,95.1340082176788,86.9673251156545,91.0506666666667,0.159102726869621,38.467416968642,91.2831999999999,90.2113932846754,-1.03205341383628,-1.09461941868008
"3780747","2003-02-26",16.2280954479418,0.196428571428572,0.285714285714287,0.446428571428573,95.0001504378401,86.72784956216,90.864,0.250492634272042,41.2731532439121,91.0144,89.9165408467187,-1.13995800013632,-1.10368713497133
"3780746","2003-02-27",15.9357924636944,0.375,0.226190476190477,0.315476190476192,94.5492454202502,86.7840879130832,90.6666666666667,0.424448838787209,46.52494635001,90.7967999999999,89.8743354004895,-1.06997157833115,-1.09694402364329
"3780745","2003-02-28",15.3513163443589,0.553571428571429,0.375000000000001,0.295634920634922,94.0767527052966,86.9739139613701,90.5253333333334,0.617511701554589,51.2225335278574,90.6559999999999,90.0510906804242,-0.861004372008956,-1.04975609331643
"3780744","2003-03-03",14.8085885192616,0.553571428571429,0.49404761904762,0.365079365079366,93.6475913191047,87.1577420142287,90.4026666666667,0.647512413364367,51.2225335278574,90.5279999999999,90.204278589701,-0.68755398294742,-0.977315671242625
"3780743","2003-03-04",14.5903466750616,0.482142857142858,0.529761904761906,0.466269841269842,93.6209496887083,87.1523836446251,90.3866666666667,0.55977625706092,49.2168305455287,90.3743999999999,90.2517081110742,-0.600427811372306,-0.901938099268561
"3780742","2003-03-05",14.8003231437006,0.375,0.470238095238096,0.498015873015874,93.5394078130406,87.1005921869594,90.32,0.429593676902772,46.288915235051,90.3103999999999,90.1648136962643,-0.610188680709056,-0.84358821555666
"3780741","2003-03-06",14.802554943709,0.415094339622641,0.4240790655885,0.474693021862834,93.4150445813041,87.0969554186959,90.256,0.522791701144741,48.4889944600807,90.1759999999999,90.1748385367624,-0.554325239883935,-0.785735620422115
"3780740","2003-03-07",14.6067137118986,0.359999999999999,0.383364779874214,0.425893980233604,93.3463486493787,87.0856513506214,90.216,0.529389697540004,47.9600877732027,90.0351999999999,90.1621933985274,-0.518390829863968,-0.732266662310486
"3780739","2003-03-10",15.3325063517094,0.0999999999999996,0.291698113207547,0.366380652890087,93.1927104978745,86.9566228354588,90.0746666666667,0.295598340551085,41.6064230215442,89.8111999999999,89.8739009453904,-0.668699021127084,-0.719553134073806
"3780738","2003-03-11",16.0064566601051,0.0999999999999996,0.186666666666667,0.28724318658281,93.201501045549,86.8518322877843,90.0266666666667,0.281615904771257,41.6064230215442,89.7471999999999,89.624047486005,-0.779512873676291,-0.731545081994303
"3780737","2003-03-12",16.6322676607583,0.2,0.133333333333333,0.203899371069183,93.2066039307922,86.8307294025412,90.0186666666667,0.283768224961467,44.2423582213437,89.6447999999999,89.4928411545377,-0.800873719258033,-0.745410809447049
"3780736","2003-03-13",17.2133778756505,0.100000000000001,0.133333333333334,0.151111111111112,93.2211864092398,86.7841469240935,90.0026666666667,0.238596186872947,41.2354747892718,89.5039999999999,89.2511290005993,-0.894459668347236,-0.775220581227086
"3780735","2003-03-14",17.2500975995478,0.535714285714283,0.278571428571428,0.181746031746032,93.0354700052338,87.2631966614328,90.1493333333333,0.44179069839774,48.739222025844,89.4399999999999,89.2976451338528,-0.786231258093661,-0.777422716600401
"3780734","2003-03-17",18.0592291685737,0.0799999999999983,0.238571428571428,0.216825396825397,93.0050912408381,87.3362420924953,90.1706666666667,0.229986347032334,43.728182493178,89.312,89.1246257826724,-0.83556600768977,-0.789051374818275
"3780733","2003-03-18",18.6819503740431,0.359999999999999,0.325238095238094,0.280793650793651,92.9512494318681,87.2674172347986,90.1093333333333,0.382239075657716,47.7758371061471,89.3247999999999,89.1240090116494,-0.764600736193899,-0.7841612470934
"3780732","2003-03-19",19.2601914934075,0.359999999999999,0.266666666666666,0.276825396825397,92.8380540982294,87.1939459017706,90.016,0.369598531002335,47.7758371061471,89.3439999999999,89.1234744767628,-0.700284454105105,-0.767385888495741
"3780731","2003-03-20",19.2447198709285,0.279999999999998,0.333333333333333,0.308412698412698,92.2558758639401,87.3867908027265,89.8213333333333,0.38882237082989,46.6636132880297,89.3504,89.0803445465278,-0.670569045370994,-0.748022519870792
"3780730","2003-03-21",19.2303533643408,0.499999999999998,0.379999999999999,0.326666666666666,91.6814740740604,87.6518592592729,89.6666666666667,0.509926507082815,49.2102926864422,89.4784,89.1282986069907,-0.582355447704874,-0.714889105437608
"3780729","2003-03-24",18.926498536126,0.523809523809521,0.434603174603173,0.382645502645502,91.4247650583385,87.7432349416615,89.584,0.562292939637919,49.2102926864422,89.5872,89.1698587927253,-0.50659792536617,-0.673230869423321
"3780728","2003-03-25",18.7540557983124,0.476190476190475,0.499999999999998,0.438201058201057,91.3854309040332,87.9052357626335,89.6453333333333,0.456324288201019,48.5383304092671,89.5424,89.1845442870286,-0.455774148766241,-0.629739525291905
"3780727","2003-03-26",18.4351166167943,0.476190476190475,0.492063492063491,0.475555555555554,91.3801335375592,87.9851997957741,89.6826666666667,0.45994030801659,48.5383304092671,89.4976,89.1972717154248,-0.410756786072131,-0.58594297744795
"3780726","2003-03-27",18.1389588053846,0.833333333333332,0.595238095238094,0.529100529100528,91.3801335375592,87.9851997957741,89.6826666666667,0.617037139324083,52.3142032444898,89.4144,89.3149688200348,-0.299316286395501,-0.52861763923746
"3780725","2003-03-28",18.2451315063081,0.666666666666663,0.658730158730157,0.582010582010581,91.1076422484627,88.0816910848706,89.5946666666667,0.501762531199284,49.9462542427228,89.3184,89.3529729773635,-0.251478492282131,-0.473189809846394
"3780724","2003-03-31",18.9207976323209,0.388888888888886,0.629629629629628,0.627865961199293,90.7728394120531,88.1818272546135,89.4773333333333,0.320919404539378,46.1933648801076,89.2224,89.2792432470484,-0.282559181898479,-0.435063684256811
"3780723","2003-04-01",18.4995122951251,0.666666666666663,0.574074074074071,0.620811287477952,90.6001217592547,88.2638782407452,89.432,0.68605366402214,50.2213738365586,89.3184,89.3220108141086,-0.232262126081462,-0.394503372621741
"3780722","2003-04-02",17.5123720615961,0.625000000000001,0.560185185185184,0.587962962962961,90.800161933367,88.1651713999663,89.4826666666667,1.03029918537505,53.9350963022398,89.4144,89.4657427055608,-0.118855728257516,-0.339373843748896
"3780721","2003-04-03",18.8264622171255,0.48,0.590555555555555,0.574938271604937,91.6954971504794,87.5525028495206,89.624,1.36958040609248,59.755232523083,89.504,89.7823103448194,0.0992487015408328,-0.251649334690951
"3780720","2003-04-04",20.046688790117,0.68888888888889,0.597962962962964,0.582901234567902,92.6563836042571,86.9649497290763,89.8106666666667,1.25950397763856,65.9352729410149,89.6064,90.3126689655101,0.438013997959086,-0.113716668160943
"3780719","2003-04-07",21.4325895931219,0.68888888888889,0.61925925925926,0.602592592592594,93.5087045408155,86.6672954591845,90.088,1.12248385030814,65.9352729410149,89.7088000000001,90.7723131034421,0.696570642428607,0.0483407939569667
"3780718","2003-04-08",22.7194974816265,0.711111111111111,0.696296296296297,0.637839506172841,94.2059832317591,86.5460167682409,90.376,1.02532867071481,66.433442082788,89.8432000000001,91.1920046896498,0.903717486424438,0.219416132450461
"3780717","2003-04-09",23.9826498244938,0.777777777777779,0.725925925925927,0.680493827160495,94.8727934746125,86.4925398587208,90.6826666666667,0.988131607247472,67.9478238354068,90.0352000000001,91.6197373976965,1.09617095280057,0.394767096520482
"3780716","2003-04-10",24.6696553530765,0.711111111111111,0.733333333333334,0.71851851851852,95.3488992031796,86.6351007968204,90.992,0.903344959656372,64.7994619758514,90.1824000000001,91.9264390780037,1.19156853307512,0.554127383831409
"3780715","2003-04-11",24.9867852998232,0.666666666666666,0.718518518518519,0.725925925925927,95.7347748637045,86.6812251362955,91.208,0.823114515456528,62.7132342468639,90.3232000000001,92.1495805342698,1.22435015923921,0.688171938912969
"3780714","2003-04-14",23.4167100683207,0.355555555555556,0.577777777777778,0.676543209876544,95.788410906429,87.0009224269044,91.3946666666667,0.611370463693582,50.4652307813492,90.4576000000001,92.0443031297005,1.04217035434442,0.758971621999259
"3780713","2003-04-15",21.9587830676398,0.600000000000001,0.540740740740741,0.612345679012347,95.9929964463653,87.2070035536347,91.6,0.721564789595645,57.4902009815582,90.6624000000001,92.1877293790738,1.03986298905876,0.815149895411159
"3780712","2003-04-16",21.0400058828006,0.644444444444444,0.533333333333334,0.550617283950618,96.2082471474881,87.4610861858452,91.8346666666667,0.744498377935987,58.6387511747863,90.8544000000001,92.3546987951973,1.05361651016502,0.862843218361932
"3780711","2003-04-17",20.9603669006823,0.851063829787235,0.698502758077227,0.590858944050435,96.6462664116781,87.6524002549886,92.1493333333333,0.880703908680397,64.3447512275895,91.1552000000001,92.734072289171,1.20349492282756,0.930973559255058
"3780710","2003-04-21",20.8864164172867,0.857142857142858,0.784217043791513,0.672017711734025,97.0485866292608,87.8474133707392,92.448,0.851259552362706,64.8198973926183,91.3856000000001,93.0841959839482,1.31977400066947,1.00873364753794
"3780709","2003-04-22",20.8177481112766,0.837837837837839,0.848681508255978,0.777133770041573,97.361891193417,88.1101088065829,92.736,0.806679644494348,64.8198973926183,91.6800000000001,93.3876365194218,1.39485057800364,1.08595703363108
"3780708","2003-04-23",21.1500259730663,0.878787878787879,0.857922857922859,0.83027380332345,97.6831470734876,88.4608529265124,93.072,0.840623849474988,66.8681290602155,91.9552000000001,93.7359516501655,1.49138935027124,1.16704349695911
"3780707","2003-04-24",20.2954478628277,0.636363636363636,0.784329784329785,0.830311383502874,97.7769755215914,88.9483578117419,93.3626666666667,0.726233981238656,59.4172242810239,92.1792000000001,93.8671580968101,1.44055348394245,1.22174549435578
"3780706","2003-04-25",19.541303550326,0.272727272727272,0.595959595959596,0.746070746070747,97.714919975162,89.405080024838,93.56,0.556158321875801,50.3536987756829,92.3392000000001,93.7248703505688,1.22115148694111,1.22162669287285
"3780705","2003-04-28",18.8410266887172,0.454545454545456,0.454545454545455,0.611611611611612,97.5653446969525,90.0559886363808,93.8106666666667,0.606888881042826,54.1219868099962,92.5120000000001,93.7295543038263,1.11702922815102,1.20070719992848
"3780704","2003-04-29",17.5155340592095,0.702702702702702,0.476658476658477,0.50905450905451,97.3348593406586,90.9958073260081,94.1653333333333,0.806249787641218,60.1011893065587,92.7552000000001,93.9682803966494,1.17218791789884,1.19500334352255
"3780703","2003-04-30",16.2847194746666,0.783783783783784,0.647010647010647,0.526071526071527,97.1282105179053,91.8584561487614,94.4933333333333,0.866873519694509,61.5721399913029,93.0240000000001,94.2391763437628,1.24213783304277,1.2044302414266
"3780702","2003-05-01",15.141820217591,0.783783783783784,0.756756756756757,0.626808626808628,96.9237133266596,92.6016200066737,94.7626666666667,0.847979529513008,61.5721399913029,93.2928000000001,94.4739528312611,1.28215595703016,1.21997538454731
"3780701","2003-05-02",14.2134309316606,0.783783783783784,0.783783783783784,0.72918372918373,97.0592095617316,92.775457104935,94.9173333333333,0.827438777290036,61.5721399913029,93.5296000000001,94.677425787093,1.29840134473995,1.23566057658584
"3780700","2003-05-05",13.748685277199,0.862068965517241,0.809878844361603,0.783473128300715,97.3548899116147,92.7677767550519,95.0613333333333,0.925539971083405,64.3110322523825,93.8176000000001,94.9604356821473,1.36309514788344,1.26114749084536
"3780699","2003-05-06",14.1411027715532,0.777777777777778,0.807876842359601,0.800513156834997,97.768016806667,92.6906498599996,95.2293333333333,0.987916937923772,65.8822800528187,94.1568000000001,95.2697109245276,1.43770709999413,1.29645941267511
"3780698","2003-05-07",16.0490377091828,0.490909090909092,0.710251944734704,0.776002543818637,98.341745068824,92.538254931176,95.44,1.04679740260908,64.8572591632737,94.4576000000001,95.5164161345906,1.4656345012064,1.33029443038137
"3780697","2003-05-08",17.8206915798389,0.50909090909091,0.592592592592593,0.703573793228967,98.6119199285507,92.5507467381159,95.5813333333333,0.833048834481812,65.4363784386106,94.7328000000001,95.7515606499785,1.48357406090496,1.36095035648609
"3780696","2003-05-09",20.1092624898889,0.6,0.533333333333334,0.612059290220211,99.0701393096287,92.5138606903712,95.792,0.946594809348053,68.2533650104829,94.9824000000001,96.0620192299814,1.54658176905029,1.39807663899893
"3780695","2003-05-12",22.6990872910356,0.672727272727273,0.593939393939395,0.573288439955108,99.6626070495982,92.4760596170684,96.0693333333333,1.00242020950465,70.3362543374535,95.1808000000001,96.4164166659839,1.63039065883062,1.44453944296527
"3780694","2003-05-13",25.1039246063861,0.727272727272728,0.666666666666667,0.597979797979799,99.9477202065996,92.9269464600671,96.4373333333333,0.96946392505924,71.8291008293198,95.3984000000001,96.7875611105194,1.71594438523621,1.49882043141946
"3780693","2003-05-14",27.171394497629,0.70909090909091,0.703030303030304,0.654545454545456,100.174033931969,93.2712994013644,96.7226666666667,0.866617991094184,70.5544910244479,95.6032000000001,97.0878862957834,1.74917776605588,1.54889189834674
"3780692","2003-05-15",29.3781357368056,0.755102040816328,0.730488559059989,0.700061842918987,100.514722688626,93.5332773113739,97.024,0.926272761468105,72.6454748793272,95.8144,97.4335014563457,1.80681900717663,1.60047732011272
"3780691","2003-05-16",31.6849915435206,0.736842105263159,0.733678351723466,0.722399071271253,101.011161165585,93.5328388344146,97.272,0.936104942914746,73.6529141772208,96.0576,97.7757012621662,1.85645224577655,1.65167230524549
"3780690","2003-05-19",33.9482958092713,0.710526315789473,0.734156820622986,0.732774577135481,101.513711874796,93.5529547918711,97.5333333333333,0.923745291835242,74.6580270036009,96.3264,98.1149410938774,1.89916861269948,1.70117156673628
"3780689","2003-05-20",36.1305511332168,0.924999999999999,0.79078947368421,0.752874882010221,102.192967276659,93.5243660566746,97.8586666666667,0.986968223154813,78.9765967442625,96.7488,98.6222822813604,2.03929704612695,1.76879666261442
"3780688","2003-05-21",37.9651652862574,0.9,0.845175438596491,0.790040577634563,102.761756890896,93.5315764424373,98.1466666666667,0.914581999564877,77.5533353243689,97.0944000000001,99.0406446438457,2.111039512361,1.83724523256373
"3780687","2003-05-22",39.6687355712237,0.97142857142857,0.932142857142856,0.856035923141186,103.258227176152,93.7284394905144,98.4933333333333,0.898749702023996,78.7883353120555,97.4464000000001,99.4672253579996,2.18020215398613,1.90583661684821
"3780686","2003-05-23",41.9996033362216,0.622641509433963,0.831356693620844,0.869558329786731,103.737090242481,94.1935764241855,98.9653333333333,0.97166415002239,79.1991626924698,97.7344000000001,99.858261976933,2.22084197717523,1.96883768891362
"3780685","2003-05-27",42.8621423285476,0.471698113207548,0.68858939802336,0.817362982929021,103.807018730592,94.8436479360748,99.3253333333333,0.777574146717432,67.8735912012563,97.9648000000001,100.026493713342,2.12436475016424,1.99994310116374
"3780684","2003-05-28",43.7539050075404,0.557692307692308,0.550677310111273,0.69020780058516,104.066196478932,95.2191368544014,99.6426666666667,0.817695006697299,70.6942886400487,98.2272000000001,100.27896121823,2.08780015534495,2.01751451199998
"3780683","2003-05-29",44.6743283450568,0.595744680851065,0.54171170058364,0.593659469572759,104.364436801756,95.5768965315777,99.9706666666667,0.84321322090953,72.7551704606348,98.4896000000001,100.583099722466,2.08543481458772,2.03109857251753
"3780682","2003-05-30",46.4702382273069,0.600000000000001,0.584478996181125,0.558956002292013,105.174322137625,95.7163445290422,100.445333333333,1.06192421748219,77.7991788166294,98.8800000000001,101.102686426137,2.21035692031883,2.06695024207779
"3780681","2003-06-02",48.5627653661417,0.645569620253164,0.61377143370141,0.579987376822059,106.634867716174,95.4931322838259,101.064,1.18475269222268,82.6887650669894,99.456,101.915661569319,2.49373842130696,2.15230787792362
"3780680","2003-06-03",50.2570780982648,0.620253164556961,0.621940928270042,0.606730452717526,107.627278608922,95.5993880577445,101.613333333333,1.03098809300699,80.4440422775577,99.9808,102.577573360076,2.65810969291176,2.25346824092125
"3780679","2003-06-04",51.851267028348,0.773333333333332,0.679718706047819,0.638477022673091,108.832477666755,95.5675223332453,102.2,1.04579904854339,83.5667885178029,100.5184,103.428563578733,2.91358207115071,2.38549100696714
"3780678","2003-06-05",53.4369396755262,0.753424657534246,0.715670385141513,0.672443339819792,109.902084971689,95.5965816949777,102.749333333333,0.978883303450018,82.4757868782988,101.0304,104.144755101568,3.06350698352598,2.52109420227891
"3780677","2003-06-06",54.6278419952246,0.71830985915493,0.748355950007502,0.714581680398945,110.626530113327,96.0454698866727,103.336,0.911309825219014,80.2200456635936,101.5296,104.722787754693,3.11821942227644,2.64051924627842
"3780676","2003-06-09",55.3049164283254,0.651515151515151,0.707749889401442,0.723925408183486,111.217975115332,96.4833582180013,103.850666666667,0.850376715094762,76.825780772601,102.0096,105.1597493874,3.08682719806894,2.72978083663652
"3780675","2003-06-10",56.0572680453017,0.848484848484848,0.739436619718309,0.731847486375752,112.062168360912,96.7324983057545,104.397333333333,0.905488179304193,80.6471172023589,102.5408,105.815782802414,3.18195643857535,2.82021595702429
"3780674","2003-06-11",55.045225563771,0.651515151515151,0.717171717171716,0.721452742097156,112.455467864832,97.2618654685015,104.858666666667,0.769938177026655,68.4854489148509,102.9696,106.107011762092,3.06159044075276,2.86849085376998
"3780673","2003-06-12",54.1054718309212,0.742424242424241,0.747474747474747,0.734694361454924,112.756333867208,97.979666132792,105.368,0.775569571786194,70.6828937832652,103.4432,106.487410193813,3.00334490507266,2.89546166403052
"3780672","2003-06-13",52.8557018619344,0.696969696969697,0.696969696969696,0.72053872053872,112.944420803743,98.6982458629235,105.821333333333,0.727803838350625,68.1250819728761,103.8912,106.753088834638,2.88652969014465,2.89367526925334
"3780671","2003-06-16",53.1655753798758,0.568181818181818,0.669191919191919,0.704545454545454,113.55768811924,99.2263118807597,106.392,0.887587805541798,71.4615748952004,104.3648,107.175343656686,2.86842018965185,2.88862425333305
"3780670","2003-06-17",53.4533150751071,0.821428571428571,0.695526695526695,0.687229437229437,114.572279381311,99.561053952023,107.066666666667,0.988523296640765,77.8441913438919,104.96,108.031964502461,3.0916348366884,2.92922637000412
"3780669","2003-06-18",52.7543061535251,0.666666666666666,0.685425685425685,0.683381433381434,115.210042607277,100.032624059389,107.621333333333,0.86580660818453,71.1394983077854,105.4784,108.582369235466,3.12129158805314,2.96763941361392
"3780668","2003-06-19",52.1052264406276,0.649122807017544,0.712406015037593,0.697786131996658,115.732417967526,100.662248699141,108.197333333333,0.851422728284156,72.2821513290289,106.0288,109.144720004071,3.15340598223384,3.0047927273379
"3780667","2003-06-20",51.5025095643656,0.649122807017544,0.654970760233918,0.684267486899066,116.11676133043,101.397905336237,108.757333333333,0.821764137231084,72.2821513290289,106.5536,109.632090670195,3.14037604393445,3.03190939065721
"3780666","2003-06-23",50.4750077919237,0.52,0.606081871345029,0.65781954887218,116.403602965746,102.07106370092,109.237333333333,0.767177592370599,69.1088345240371,107.04,109.969145247502,3.04635421264139,3.03479835505405
"3780665","2003-06-24",49.4021430065991,0.5,0.556374269005848,0.605808966861598,116.264707848057,103.324625485276,109.794666666667,0.744614620262202,68.3015298167084,107.5072,110.239925881169,2.92547074501175,3.01293283304559
"3780664","2003-06-25",48.4059114202262,0.699999999999999,0.573333333333333,0.57859649122807,116.146109287952,104.600557378715,110.373333333333,0.816427777732341,71.8436620388255,107.9744,110.687935763679,2.91186350211083,2.99271896685864
"3780663","2003-06-26",47.7263602917314,0.84,0.68,0.603235867446394,115.996175379648,105.950491287019,110.973333333333,0.899508216297411,74.0312254233272,108.4928,111.225544328522,2.94667191135143,2.9835095557572
"3780662","2003-06-27",47.4934636485407,0.75925925925926,0.76641975308642,0.673251028806584,116.197275687466,106.698724312534,111.448,0.900622493170495,73.1567939434786,108.9856,111.670138418053,2.92695182506659,2.97219800961908
"3780661","2003-06-30",48.3375576363917,0.625,0.74141975308642,0.729279835390947,117.167242277898,106.619424388769,111.893333333333,1.04102817536775,75.914190823381,109.5296,112.247453295646,2.97881522682655,2.97352145306057
"3780660","2003-07-01",49.121359196539,0.61038961038961,0.664882956549623,0.724240820907488,117.809356647867,106.905310018799,112.357333333333,0.951453192940662,75.914190823381,110.1248,112.747792856226,2.98326352699207,2.97546986784687
"3780659","2003-07-02",49.8491749309615,0.688311688311688,0.641233766233766,0.68251215862327,118.520630763173,107.02070257016,112.770666666667,0.929220071391325,77.6863911721465,110.7264,113.309420475396,3.01841998439087,2.98405989115567
"3780658","2003-07-03",50.525003827211,0.779411764705883,0.69270435446906,0.666273692417484,119.309552339469,107.133114327198,113.221333333333,0.942822440730721,80.0567956464926,111.36,113.98816441201,3.109998127744,3.00924753847334
"3780657","2003-07-07",48.6871739535942,0.363636363636364,0.610453272217978,0.648130464306935,119.519235315275,107.616764684725,113.568,0.726731638365895,63.8294968342118,111.7888,114.149742490409,2.92089298252902,2.99157662728447
"3780656","2003-07-08",46.9806176423786,0.472727272727272,0.538591800356507,0.613916475681182,119.6962951862,108.229038147134,113.962666666667,0.756730968004867,66.052604174939,112.1472,114.417776825021,2.80597593076914,2.95445648798141
"3780655","2003-07-09",44.6753999121824,0.345454545454546,0.393939393939394,0.514328155504627,119.764545049659,108.651454950341,114.208,0.618058972641686,61.3175783686376,112.4736,114.500739915018,2.60553348091306,2.88467188656774
"3780654","2003-07-10",43.0227229177986,0.363636363636364,0.393939393939394,0.442156862745099,119.611091851163,109.508908148837,114.56,0.642543438372466,61.7395364187777,112.7232,114.593974593016,2.42982824482687,2.79370315821956
"3780653","2003-07-11",40.6215763534354,0.200000000000001,0.303030303030304,0.363636363636365,119.289086729417,110.342913270583,114.816,0.471384413550885,55.8361860351233,112.9216,114.482777980614,2.16423899122022,2.6678103248197
"3780652","2003-07-14",38.3919402579552,0.272727272727273,0.27878787878788,0.325252525252526,118.722657810567,111.496008856099,115.109333333333,0.475645696766376,57.768909238378,113.1584,114.471740916532,1.97618775502086,2.52948581085993
"3780651","2003-07-15",37.0590259679318,0.222222222222223,0.231649831649833,0.271156004489339,118.636151621091,111.987848378909,115.312,0.603485050987867,60.1183827157327,113.4464,114.568842127661,1.8620526414088,2.3959991769697
"3780650","2003-07-16",35.5176138266948,0.136363636363636,0.210437710437711,0.240291806958475,118.666445694566,112.069554305434,115.368,0.523041155452455,58.0322423167555,113.632,114.588996510639,1.71789427040838,2.26037819565744
"3780649","2003-07-17",33.4105462772462,0,0.11952861952862,0.187205387205388,118.611637025696,112.220362974304,115.416,0.299309706272521,53.3778913700731,113.856,114.457130309221,1.50737935699374,2.1097784279247
"3780648","2003-07-18",31.4539835527582,0.222222222222223,0.11952861952862,0.149831649831651,118.575901704124,112.426764962543,115.501333333333,0.450995831448061,58.4986955214079,114.1056,114.556179601325,1.43683318767005,1.97518937987377
"3780647","2003-07-21",30.3679556758483,0.205128205128205,0.142450142450143,0.127169127169128,118.533915093826,112.666084906174,115.6,0.477277233820777,57.1467704400182,114.3616,114.599355654481,1.34279591896642,1.8487106876923
"3780646","2003-07-22",29.3595012187178,0.257142857142859,0.228164428164429,0.163381063381065,118.413412383559,113.015920949774,115.714666666667,0.434290462334642,57.6734829867827,114.5664,114.658108233884,1.26490676023605,1.73194990220105
"3780645","2003-07-23",29.3457580009495,0.235294117647059,0.232521726639374,0.201045432417983,118.248775414537,113.479224585464,115.864,0.517332170183133,56.9200578209572,114.6176,114.687693802699,1.17828141089127,1.62121620393909
"3780644","2003-07-24",29.4590663233619,0.333333333333334,0.275256769374418,0.245314308059408,118.210781222203,113.741218777797,115.976,0.565032465768632,58.0990277333434,114.7392,114.756001295673,1.11920705032964,1.5208143732172
"3780643","2003-07-25",30.3908192338335,0.555555555555555,0.374727668845316,0.294168721619703,118.632044587876,113.687955412125,116.16,1.00700272134268,65.684231990195,114.9312,115.135201122916,1.22657691260843,1.46196688109545
"3780642","2003-07-28",31.4890025383008,0.680000000000001,0.522962962962964,0.3909824670609,119.310707781041,113.473292218959,116.392,1.09980881883353,69.2778411665944,115.1808,115.655840973194,1.3952045733937,1.4486144195551
"3780641","2003-07-29",32.0235773714728,0.600000000000001,0.611851851851853,0.503180827886712,119.599039352345,113.344960647656,116.472,0.936195342082062,65.9711521375962,115.4304,116.021728843435,1.46601624190945,1.45209478402597
"3780640","2003-07-30",32.5199682879897,0.66,0.646666666666668,0.593827160493829,119.968625106435,113.199374893565,116.584,0.933726026911783,67.2343286067069,115.7056,116.40283166431,1.53685104658667,1.46904603653811
"3780639","2003-07-31",33.2043986578641,0.82,0.693333333333334,0.650617283950619,120.512829601331,112.943170398669,116.728,1.00975434472792,70.3907672472458,115.968,116.903787442402,1.66125966472628,1.50748876217574
"3780638","2003-08-01",33.0635750644126,0.700000000000001,0.726666666666667,0.68888888888889,120.7641969699,112.830469696767,116.797333333333,0.903677433873038,65.3091900843516,116.1472,117.209949116749,1.67322577526163,1.54063616479292
"3780637","2003-08-04",31.6285516419033,0,0.506666666666667,0.642222222222224,120.758514773508,112.788151893159,116.773333333333,0.376208062107264,44.1450708064952,116.096,116.685955901182,1.2600041935259,1.48450977053952
"3780636","2003-08-05",30.2960298924304,0.519230769230769,0.406410256410257,0.546581196581198,120.863684964521,112.805648368812,116.834666666667,0.661164155963036,55.4822670847716,116.16,116.807828447691,1.21689228126689,1.43098627268499
"3780635","2003-08-06",28.2880291488048,0.365384615384615,0.294871794871795,0.402649572649574,120.952617318597,112.94604934807,116.949333333333,0.607911405133939,52.1074160811186,116.1728,116.742784654666,1.08175351774411,1.36113972169682
"3780634","2003-08-07",26.4234570297238,0.423076923076923,0.435897435897436,0.37905982905983,121.055300427144,113.046032906189,117.050666666667,0.621858833837979,53.2556889914205,116.1664,116.750413367377,0.996375749266365,1.28818692721073
"3780633","2003-08-08",24.6920686334343,0.692307692307694,0.493589743589744,0.408119658119659,121.228236042985,113.342430623682,117.285333333333,0.7495623332504,58.2824383487094,116.192,117.05569158506,1.07092354607559,1.2447342509837
"3780632","2003-08-11",23.8167886214942,0.685185185185185,0.600189933523268,0.509892371003483,121.514447273993,113.573552726007,117.544,0.822717629755807,58.6246984604567,116.352,117.341599373719,1.1274568276852,1.221278766324
"3780631","2003-08-12",23.004028610407,0.87037037037037,0.74928774928775,0.614355808800254,122.00438567996,113.600947653374,117.802666666667,0.901105673178399,61.9835699395493,116.5376,117.802719457223,1.26676698607131,1.23037641027346
"3780630","2003-08-13",21.3981776026576,0.685185185185185,0.746913580246914,0.698797087685978,122.124360152395,113.875639847605,118,0.677805357979566,57.0003039419302,116.704,117.989023529593,1.25241277002455,1.23478368222368
"3780629","2003-08-14",19.9070302383189,0.685185185185185,0.746913580246914,0.747704969927193,122.012859818627,114.504473514707,118.258666666667,0.639577261688419,57.0003039419302,116.864,118.150487058981,1.22665142713621,1.23315723120618
"3780628","2003-08-15",19.924433973966,1,0.790123456790124,0.761316872427985,122.589167000323,114.68016633301,118.634666666667,1.01654229215298,64.3194591984888,117.2224,118.759755451117,1.42894500889488,1.27231478674392
"3780627","2003-08-18",18.9750582933955,0.542372881355933,0.742519355513707,0.759852130850249,122.548026666571,115.147973333429,118.848,0.619638777381282,52.5070394200544,117.3824,118.711788057634,1.28013854685451,1.27387953876604
"3780626","2003-08-19",18.0934951614373,0.711864406779661,0.751412429378532,0.761351747227455,122.472495622685,115.714171043982,119.093333333333,0.673613048569846,55.7485324027207,117.5744,118.88354964995,1.25636549421022,1.27037672985488
"3780625","2003-08-20",17.2749008246189,0.728813559322034,0.661016949152543,0.718316244681595,122.395942116088,116.222724550579,119.309333333333,0.655078502122143,56.071417289559,117.792,119.053743029957,1.23392352325709,1.26308608853532
"3780624","2003-08-21",16.6495390792969,0.694915254237289,0.711864406779662,0.708097928436913,122.268151321163,116.734515345504,119.501333333333,0.609391607253523,55.2038481984608,118.0416,119.158577292629,1.18067238592989,1.24660334801423
"3780623","2003-08-22",16.5920817176567,0.350000000000001,0.591242937853108,0.654708097928438,122.269021644149,116.770978355851,119.52,0.412696213028794,51.7543637903903,118.176,119.078766986945,1.03976956921417,1.20523659225422
"3780622","2003-08-25",16.6028328735074,0.325000000000002,0.456638418079098,0.586581920903957,122.227461424584,116.679205242083,119.453333333333,0.338988448992167,51.3226572151061,118.3168,118.988264722019,0.906833233649418,1.14555592053326
"3780621","2003-08-26",17.486751725777,0,0.225000000000002,0.424293785310737,122.345292937957,116.316040395376,119.330666666667,0.0714228286589885,45.2283001311849,118.3552,118.58982942575,0.631143847806004,1.04267350598781
"3780620","2003-08-27",18.2113486916678,0,0.108333333333335,0.263323917137479,122.402106905999,115.987226427334,119.194666666667,0.126701280775048,45.2283001311849,118.4,118.24451883565,0.407531092454194,0.915645023281086
"3780619","2003-08-28",19.0528604871081,0,6.47630097698008e-16,0.111111111111113,122.365181218721,115.586818781279,118.976,0.0924286002462486,44.0159496152447,118.4128,117.881249657563,0.194857746489729,0.771487567922815
"3780618","2003-08-29",19.8342642971598,0,6.47630097698008e-16,0.0361111111111126,122.360491403368,115.196841929966,118.778666666667,0.119560763902227,44.0159496152447,118.3296,117.566416369888,0.0255997610489223,0.622310006548036
"3780617","2003-09-02",20.0089643867682,0.177777777777778,0.0592592592592599,0.0197530864197544,122.244357787722,115.451642212278,118.848,0.253461388443741,48.3017494354168,118.24,117.46422752057,-0.0205483335005807,0.493738338538313
"3780616","2003-09-03",19.0947495136076,0.311111111111112,0.162962962962964,0.0740740740740755,122.248445115106,115.474221551561,118.861333333333,0.431898714442196,51.3122141278848,118.2144,117.50366385116,0.00876472762159075,0.396743616354968
"3780615","2003-09-04",18.0653951572578,0.466666666666666,0.318518518518519,0.180246913580248,122.289352138737,115.57731452793,118.933333333333,0.547675537378501,54.6314923590055,118.2144,117.687175337672,0.107627208243444,0.338920334732663
"3780614","2003-09-05",17.7369385497393,0.302325581395348,0.36003445305771,0.280505311513065,122.28976455305,115.59823544695,118.944,0.394792357794823,50.4023612795567,118.112,117.675551959316,0.0969671152117879,0.290529690828488
"3780613","2003-09-08",17.4319431284721,0.424242424242426,0.397744890768147,0.358765954114793,122.248414131941,115.516919201392,118.882666666667,0.37283656768196,50.9138799422134,118.0544,117.686811698074,0.0983606428605066,0.252095881234892
"3780612","2003-09-09",16.5473187511917,0.5,0.408856001879259,0.388878448568372,122.125803447305,115.484863219362,118.805333333333,0.463057439923779,51.9805553795144,118.2464,117.739236804997,0.120020253675013,0.225680755722916
"3780611","2003-09-10",15.8150273020026,0.468750000000001,0.464330808080809,0.423643900242739,121.805052619036,115.522947380964,118.664,0.449486148145022,51.3793581759645,118.2592,117.763338564331,0.124766287073985,0.20549786199313
"3780610","2003-09-11",16.3072675794371,0,0.322916666666667,0.398701158875579,121.787960752235,115.220039247765,118.504,0.159354434761368,43.2911691300524,118.2272,117.464226755754,-0.0357599708705636,0.157246295420391
"3780609","2003-09-12",16.8329060772639,0,0.156250000000001,0.31449915824916,121.793316660214,114.862683339786,118.328,0.133318743635887,42.8073595282504,118.1696,117.18366318832,-0.172343653956131,0.0913283055450869
"3780608","2003-09-15",17.2044301291962,0,5.9211894646675e-16,0.159722222222224,120.969828453806,114.998171546194,117.984,0.140970666404598,42.8073595282503,118.0224,116.940508096544,-0.277691819498038,0.0175242805364619
"3780607","2003-09-16",16.6595555285959,0.0689655172413809,0.0229885057471276,0.0597461685823769,120.762370489773,114.880296176894,117.821333333333,0.271962531925737,44.2524671225573,117.8816,116.772440350338,-0.335421813904846,-0.0530649383517997
"3780606","2003-09-17",16.2411574607162,0.0344827586206889,0.0344827586206905,0.0191570881226068,120.444264221098,114.745069112235,117.594666666667,0.173404174137018,43.6584714920807,117.6704,116.605448303626,-0.387905591401849,-0.12003306896181
"3780605","2003-09-18",15.2286198432929,0.172413793103448,0.0919540229885064,0.0498084291187754,120.010069746603,114.816596920064,117.413333333333,0.351095142082658,46.738158726746,117.5488,116.546055196476,-0.380874475569204,-0.172201350283288
"3780604","2003-09-19",14.2884063413998,0.310344827586206,0.172413793103448,0.099616858237549,119.546907805248,114.975758861419,117.261333333333,0.457414061747093,49.6991555881117,117.4528,116.579914503613,-0.327208332263729,-0.203202746679377
"3780603","2003-09-22",13.8115517062886,0.0689655172413809,0.183908045977012,0.149425287356323,119.30146812415,114.922531875851,117.112,0.258236565540785,44.9859007319393,117.1712,116.459925903131,-0.358139229280297,-0.234190043199561
"3780602","2003-09-23",13.5066068075611,0.310344827586206,0.229885057471265,0.195402298850576,119.154408805173,114.96292452816,117.058666666667,0.60370232546271,50.0838731005962,117.1072,116.505269116047,-0.30158677141463,-0.247669388842575
"3780601","2003-09-24",13.5476232287553,0.538461538461538,0.305923961096375,0.239905688181552,119.284954944016,114.981711722651,117.133333333333,0.757170373538776,53.4052424564213,117.0112,116.651233233907,-0.199095063741495,-0.237954523822359
"3780600","2003-09-25",14.5024303683832,0.641025641025642,0.496610669024462,0.344139895864035,119.801875629401,114.795457703933,117.298666666667,1.06088006271223,59.7504355591345,116.9792,117.012402136053,0.00350747382233951,-0.189662124293419
"3780599","2003-09-26",13.8908402199084,0.230769230769231,0.47008547008547,0.42420670006877,119.903042551407,114.912957448593,117.408,0.698794204820352,49.245641009826,116.8576,116.984081851246,-0.0125516284596228,-0.15424002512666
"3780598","2003-09-29",13.322935082039,0.717948717948719,0.529914529914531,0.498870223008155,120.310278382053,114.921721617947,117.616,0.982009088339607,58.5623040526413,116.9088,117.364870937746,0.181935182057491,-0.0870049836898295
"3780597","2003-09-30",13.2273094103831,0.282051282051283,0.410256410256411,0.470085470085472,120.342729795987,114.96393687068,117.653333333333,0.549577418273894,49.760842951088,116.8576,117.33222147938,0.147124885866678,-0.0401790097785279
"3780596","2003-10-01",12.6593157846101,0.302325581395349,0.434108527131784,0.458093155767576,120.424279115929,114.946387550737,117.685333333333,0.747297094245998,50.6995991693373,116.9152,117.346591948796,0.139924476192244,-0.00415831258437364
"3780595","2003-10-02",12.1318931321066,0.767441860465117,0.450606241303917,0.431657059564038,120.848329257687,114.71433740898,117.781333333333,1.05298410621708,58.9584388936046,117.1008,117.78571302229,0.349703994982997,0.0666141489291005
"3780594","2003-10-03",12.0436668250816,0.833333333333333,0.6343669250646,0.506360564500101,121.642373924579,114.330959408754,117.986666666667,1.09632783650315,61.7207742812119,117.3568,118.336951285985,0.595558991330392,0.172403117409359
"3780593","2003-10-06",13.0794642814491,0.632352941176471,0.744376044991641,0.609783070453387,122.704048134516,113.839951865484,118.272,1.11611845895822,62.7337162668012,117.632,118.87869111452,0.812315817328657,0.300385657393218
"3780592","2003-10-07",14.0412762052189,0.731343283582089,0.732343186030631,0.703695385362292,123.762598219946,113.373401780054,118.568,1.06905267257237,65.0572048300302,117.9008,119.497532299251,1.04632192774168,0.44957291146291
"3780591","2003-10-08",15.1886031677461,0.680555555555555,0.681417260104705,0.71937883037566,124.736045599457,113.039954400543,118.888,1.00090808690087,65.0572048300303,118.1312,120.033861326017,1.21609371036526,0.602877071243381
"3780590","2003-10-09",16.4540324022698,0.789473684210526,0.733790841116057,0.715850429083798,125.889084062699,112.873582603968,119.381333333333,1.01876602844762,68.622583391964,118.3872,120.733346482548,1.45010274466542,0.772322205927788
"3780589","2003-10-10",17.5277529343588,0.753623188405797,0.741217476057293,0.718808525759352,126.717245483516,113.03742118315,119.877333333333,0.926126330670581,67.9438640176681,118.688,121.318233618209,1.60428331308857,0.938714427359945
"3780588","2003-10-13",17.1436469510571,0.536231884057971,0.693109585558098,0.72270596757715,127.037034929067,113.5016317376,120.269333333333,0.751981165128274,58.58384005328,118.8864,121.505135802447,1.54824751137423,1.0606210441628
"3780587","2003-10-14",16.7869771094198,0.72463768115942,0.671497584541063,0.701941548718819,127.529952362205,113.862047637795,120.696,0.815873824143854,63.3023199141658,119.1552,121.944451028788,1.62241734812771,1.17298030495578
"3780586","2003-10-15",15.8200767866822,0.521739130434783,0.594202898550725,0.652936689549963,127.666168407846,114.53649825882,121.101333333333,0.70858609817169,55.9143529191785,119.3408,122.026524224949,1.51513355887039,1.24141095573871
"3780585","2003-10-16",14.9222407727116,0.641791044776119,0.629389285456774,0.631696589516188,127.849657094735,115.115676238599,121.482666666667,0.71862762567751,59.2101227625359,119.68,122.28965432829,1.50760697251515,1.29465015909399
"3780584","2003-10-17",14.3774706550376,0.686567164179104,0.616699113130002,0.613430432379168,128.101106244958,115.669560421709,121.885333333333,0.760198265980495,60.2761646216711,120.0448,122.581700417851,1.51532321126571,1.33878476952834
"3780583","2003-10-20",13.7882299320749,0.661538461538461,0.663298890164562,0.63646242958378,128.076803441978,116.589863224689,122.333333333333,0.733308431079535,59.7159229139528,120.4032,122.813473695471,1.49325039889432,1.36967789540153
"3780582","2003-10-21",13.2410778321809,0.577777777777777,0.641961134498448,0.640653045931005,128.147846479355,117.297486853978,122.722666666667,0.735691112703052,60.8903332906042,120.768,123.078343869408,1.48968576347968,1.39367946901716
"3780581","2003-10-22",12.5464126960414,0.432432432432433,0.557249557249557,0.620836527304189,128.160780972267,117.9618856944,123.061333333333,0.69139327807749,59.6419956873335,121.1264,123.265231353487,1.44883662685573,1.40471090058488
"3780580","2003-10-23",11.9915159335802,0.588235294117645,0.532815168109285,0.577341953285764,128.391207830693,118.30212550264,123.346666666667,0.744488704369874,62.5369366781544,121.504,123.576533839689,1.47233324986282,1.41823537044047
"3780579","2003-10-24",11.4762546541519,0.606060606060607,0.542242777536895,0.544102500965247,128.331514092164,119.108485907837,123.72,0.732750743439611,62.9458521162366,121.8624,123.867662661064,1.48372312704264,1.4313329217609
"3780578","2003-10-27",11.1980894098948,0.575757575757574,0.590017825311942,0.555025256986042,128.408203385136,119.597129948198,124.002666666667,0.71155197642385,62.2145332931452,122.2592,124.098640972922,1.46499400315871,1.43806513804046
"3780577","2003-10-28",10.9397931116561,0.606060606060607,0.595959595959596,0.576073399602812,127.889171829399,120.921494837268,124.405333333333,0.725039134530893,62.6814602629071,122.6176,124.320155509866,1.44355478169791,1.43916306677195
"3780576","2003-10-29",12.5026621811749,0.478260869565218,0.553359683794466,0.579779035022002,127.547788418849,122.094878247818,124.821333333333,0.96556179857013,63.6489704868757,122.9568,124.554801441883,1.43047658322215,1.43742577006199
"3780575","2003-10-30",14.617245116684,0.775860991379309,0.620060822335045,0.589793367363036,128.487623360353,122.083042639647,125.285333,1.30692146637464,72.4838392539598,123.3727996,125.248826582966,1.63809260340055,1.4775591367297
"3780574","2003-10-31",14.6445717052335,0.448275862068965,0.567465907671164,0.580295471266893,128.724770432199,122.432562234468,125.578666333333,0.918718980238145,59.5976934854046,123.7695996,125.44498303857,1.58730675727914,1.49950866083959
"3780573","2003-11-03",14.9216350673696,0.82758728448276,0.683908045977012,0.623811591994408,129.688090010753,122.173243322581,125.930666666667,1.14441412237392,66.9290584058711,124.1856,126.084319966761,1.75192985025094,1.54999289872186
"3780572","2003-11-04",15.655941706399,0.824561403508773,0.700141516686833,0.650505156778337,130.850390377192,121.768276289475,126.309333333333,1.13245186577966,69.1231701660231,124.7616,126.809077304526,1.9395071240732,1.62789574379213
"3780571","2003-11-05",16.7711593772625,0.714286422903198,0.788811703631577,0.724287088765141,131.906583957895,121.485415708772,126.695999833333,1.05502384138363,69.1231701660231,125.3248,127.437200330589,2.06205681295422,1.71472795762455
"3780570","2003-11-06",17.8067186430643,0.888889770723979,0.809245865711984,0.766066362010132,133.074531869419,121.064134797248,127.069333333333,1.04375138147033,72.0773951898817,125.8304,128.216240286511,2.24207831333154,1.82019802876595
"3780569","2003-11-07",19.7405403579871,0.670731196089028,0.757969129905402,0.785342233082988,134.345334244939,120.694666088395,127.520000166667,1.0274469413583,72.0773951898817,126.2848,128.891408248309,2.35491866937341,1.92714215688744
"3780568","2003-11-10",22.2009104057477,0.794117647058823,0.784579537957277,0.783931511191555,136.375611614957,120.152388718377,128.264000166667,1.13464577285097,77.8791853227193,126.8864,130.031220481868,2.66934607208937,2.07558293992783
"3780567","2003-11-11",23.8266591547638,0.705263815789473,0.723370886312442,0.755306518058374,137.733847549842,120.020820116825,128.877333833333,0.9743781301705,73.4540425694797,127.3984004,130.869725750952,2.81204001924684,2.22287435579163
"3780566","2003-11-12",24.1543411160945,0.557894736842106,0.685758733230134,0.731236385833285,138.337222079304,120.521445587363,129.429333833333,0.80594603435512,65.4446343903792,127.8208004,131.297762317492,2.75327761567976,2.32895500776926
"3780565","2003-11-13",24.4586172230445,0.673684210526316,0.645614254385965,0.684914624642848,139.012039877391,121.009294455943,130.010667166667,0.826764947731701,68.3635396868278,128.2432004,131.903394008493,2.78107728518968,2.41937946325334
"3780564","2003-11-14",24.4881311784435,0.638297872340426,0.623292273236283,0.651555086950795,139.552031899514,121.514635767153,130.533333833334,0.779419460714608,66.7085352219822,128.6528004,132.364274807361,2.74059279486907,2.48362212957649
"3780563","2003-11-17",24.5155369941712,0.576086956521739,0.629356346462827,0.632754291361692,139.921570686873,122.174430313127,131.0480005,0.739963513951035,63.930632320376,129.1264004,132.657038166379,2.62859453987718,2.51261661163663
"3780562","2003-11-18",24.8126423213024,0.602272727272726,0.605552518711631,0.619400379470247,140.292706862501,122.875294470832,131.584000666667,0.753539536606408,65.1798578941522,129.5424004,132.996099744195,2.54867037253397,2.51982736381609
"3780561","2003-11-19",25.0885258393528,0.681818892045454,0.620059525279973,0.618322796818144,140.597928276768,123.738073723232,132.168001,0.768409136367714,67.3133883667442,130.0928008,133.439287778303,2.52317284479862,2.5204964600126
"3780560","2003-11-20",25.3447033918282,0.590908703512028,0.625000107610069,0.616870717200558,140.829839148563,124.594162851437,132.712001,0.745221219028492,67.6186128599942,130.5920008,133.844716074529,2.48293593264848,2.51298435453977
"3780559","2003-11-21",25.7687904150984,0.568965517241379,0.613897704266287,0.619652445718777,140.957429160766,125.586573172567,133.272001166667,0.746874268827099,68.2570794608937,131.0848008,134.238753931258,2.4412141945352,2.49863032253886
"3780558","2003-11-24",24.3422235652299,0.0517241379310334,0.40386611956148,0.547587977145946,140.554865597687,126.767803735647,133.661334666667,0.499419890903502,51.7684707151181,131.3920008,133.940253407091,2.09521138360482,2.41794653475205
"3780557","2003-11-25",23.0175543474949,0.290909090909091,0.303866248693835,0.440543357507202,140.035904941754,128.172097724913,134.104001333333,0.560913442044751,57.6450416303478,131.7824008,134.022886286145,1.9527145613297,2.32490014006758
"3780556","2003-11-26",23.0052648923661,0.636364772727272,0.326332667189132,0.34468834514815,140.05230408407,129.286365915931,134.669335,0.871294936948749,63.3549370199874,132.3072012,134.499836114659,1.99909440520767,2.2597389930956
"3780555","2003-11-28",22.9938532554608,0.654544318181816,0.527272727272726,0.385823881051899,140.308323131519,129.819680201814,135.064001666667,0.81297264625496,63.6327863056312,132.7936008,134.934523299371,2.02100631460724,2.21199245739793
"3780554","2003-12-01",22.9832567354774,0.72727159090909,0.672726893939393,0.508777429467085,140.016079398075,131.157256601926,135.586668,0.847675088538707,64.7831708222605,133.2992004,135.396585526122,2.051871866772,2.17996833927274
"3780553","2003-12-02",23.6043503448492,0.758619612068964,0.713478507053291,0.637826042755137,140.24466655544,131.83000144456,136.037334,0.945570435732743,65.9433359000489,133.8368,135.882372789306,2.08917055690423,2.16180878279904
"3780552","2003-12-03",25.0235285025994,0.637499999999999,0.707797067659352,0.698000822884012,140.99477363323,132.045227700103,136.520000666667,1.07954515667676,67.934185375524,134.4128,136.452723084065,2.15887407999678,2.16122184223859
"3780551","2003-12-04",26.3413367919388,0.81249921875,0.736206276939655,0.719160617217433,141.915199847271,132.16480115273,137.0400005,1.09894913185476,71.5199804388496,135.0655996,137.24569200619,2.31750617225859,2.19247870824259
"3780550","2003-12-05",27.565015917754,0.81249921875,0.754166145833333,0.732723163477447,142.667619144267,132.313713855733,137.4906665,0.994756006606162,71.5199804388496,135.5711996,137.932931738698,2.41286438773274,2.23655584414062
"3780549","2003-12-08",26.5569521468941,0.475000000000001,0.699999479166667,0.730123967313219,142.84232266635,132.640343000317,137.741332833333,0.695255943637968,57.2104711598978,136.0255996,137.952540840205,2.20939145920585,2.23112296715366
"3780548","2003-12-09",25.6208929310956,0.750000781249999,0.679166666666667,0.71111076388889,143.329704340112,132.494295326555,137.911999833333,0.874821122265452,63.6009480030049,136.4799996,138.438870061511,2.22762881865819,2.23042413745457
"3780547","2003-12-10",25.3984470733511,0.750000781249999,0.658333854166667,0.679166666666668,143.969498790659,132.393167542674,138.181333166667,0.887457828441754,63.6009480030048,136.8832,138.860355386643,2.21544713133228,2.22742873623011
"3780546","2003-12-11",23.6335904799461,0.437500781249999,0.645834114583333,0.66111154513889,143.968893272168,132.788440394499,138.378666833333,0.540070514575908,53.1413739198217,137.1264004,138.69230933509,1.95056259716329,2.17205550841675
"3780545","2003-12-12",22.1019859485672,0.437500781249999,0.541667447916667,0.615278472222223,144.006466061567,133.0548686051,138.530667333333,0.536768699872373,53.1413739198217,137.2992008,138.546669423745,1.72090549830815,2.08182550639503
"3780544","2003-12-15",20.6797817408584,0.390625,0.421875520833334,0.536459027777778,144.011251650925,133.396749682409,138.704000666667,0.531654743136309,55.1924315925286,137.5104008,138.548446833912,1.57670344475493,1.98080109406701
"3780543","2003-12-16",19.2331094990871,0.0666653703685719,0.298263717206191,0.420602228652064,143.934549560387,133.777451772947,138.856000666667,0.449854376647832,53.9215362442534,137.5360008,138.485987256057,1.41813884991657,1.86826864523692
"3780542","2003-12-17",18.4877401453955,0.0444431172821059,0.16724449588356,0.295794577974362,143.904531256814,134.090136409853,138.997333833333,0.482610525730004,53.4794766312343,137.6000004,138.410522288583,1.2685692734596,1.74832877088146
"3780541","2003-12-18",17.8536700882846,0.266665648146735,0.125924711932472,0.197144308340741,143.965550526188,134.354449807145,139.160000166667,0.581849782142148,57.2534939471291,137.8176004,138.558452650105,1.22913462025112,1.64448994075539
"3780540","2003-12-19",17.0457607797398,0.199997499996526,0.17036875514179,0.154512654319274,143.979346184211,134.633986815789,139.3066665,0.534240898330898,55.7911826018677,137.9456,138.622657630091,1.15647287295717,1.54688652719574
"3780539","2003-12-22",15.9315595284845,0.0888890123458524,0.185184053496372,0.160492506856878,143.955940180434,134.812059819566,139.384,0.415718494819966,53.3457741754685,138.0608004,138.571637946079,1.04029014783886,1.44556725132437
"3780538","2003-12-23",15.0390562626417,0.0888890123458524,0.125925174896078,0.16049266117808,143.401108535045,135.873558131621,139.637333333333,0.378136983369405,53.3457741754685,138.2080008,138.527420886602,0.937430666302341,1.34393993431996
"3780537","2003-12-24",14.027250248465,0,0.0592593415639024,0.123456189985451,142.94908167793,136.650918655404,139.800000166667,0.226904999571845,51.2610733241484,138.3040012,138.403766101722,0.809295676733046,1.23701108280258
"3780536","2003-12-26",13.1975091107663,0.15555438271442,0.0814811316867583,0.0888885493822467,142.94507425582,136.686925410847,139.815999833333,0.36747947560676,54.6043822400935,138.4000008,138.445930621492,0.764276940609721,1.14246425436401
"3780535","2003-12-29",12.2599298879367,0.111108487650678,0.0888876234550335,0.0765426989018986,142.931671198354,136.742995134979,139.837333166667,0.328072032030089,53.4756505705625,138.4768004,138.439805205293,0.7018321500184,1.05433783349489
"3780534","2003-12-30",12.6237370405499,0.42222141975197,0.22962809670569,0.133332283949161,143.06024339341,136.865090606591,139.962667,0.695422083736552,59.7478940690548,138.6304004,138.733164511254,0.773858427877561,0.998241952371421
"3780533","2003-12-31",14.0656941577352,0.31999875,0.284442885800883,0.200986201987203,143.289068873249,136.854932793418,140.072000833333,0.795507556840999,57.9451436364789,138.9568004,138.923409243087,0.793566474445151,0.957306856786167
"3780532","2004-01-02",14.1425053500754,0,0.247406723250657,0.253825901919077,143.130807031573,136.869195635094,140.000001333333,0.542588930619868,49.3865331510938,139.0784008,138.746956010675,0.652800724860536,0.896405630401041
"3780531","2004-01-05",14.2138300286769,0.539998749999999,0.286665833333334,0.272838480794959,143.130808591425,136.869194741909,140.000001666667,0.959945056106535,60.0972434403666,139.2512004,139.170028542585,0.783175775056932,0.873759659332219
"3780530","2004-01-06",14.2800600873784,0.739998750000002,0.426665833333334,0.320246129972442,143.433298141693,136.689372858307,140.0613355,1.06030640038504,63.2031260429117,139.4816008,139.750024736907,0.967096239085175,0.89242697528281
"3780529","2004-01-07",14.5247126693895,0.699998749999999,0.659998750000001,0.457776805555557,144.000303118418,136.527701881582,140.2640025,0.971411144306081,62.1610128389041,139.6736012,140.210021438653,1.08083733760469,0.930109047747186
"3780528","2004-01-08",15.221237582161,0.851851851851852,0.763949783950618,0.616871455761318,144.736694998642,136.132643668025,140.434669333333,1.07554367623441,65.5276553502274,139.910402,140.843353246833,1.25651267443565,0.995389773084879
"3780527","2004-01-09",15.7736072217425,0.833332175925926,0.795060925925926,0.739669819958849,145.257151770619,135.868186229381,140.562669,0.996753092359455,64.9617653862281,140.096002,141.370906147255,1.36944048716365,1.07019991590063
"3780526","2004-01-12",17.5862736983676,0.600000156250244,0.761728061342675,0.773579590406407,146.357979384258,135.583357615742,140.9706685,1.05834858638959,65.9127598718616,140.2112024,141.892118660954,1.46825304544731,1.14981054180997
"3780525","2004-01-13",19.269463998091,0.625000976564026,0.686111102913399,0.747633363394001,147.322900860513,135.445102139488,141.3840015,0.989653173111807,66.5643177017384,140.3392032,142.386504172827,1.5458450199437,1.22901743743672
"3780524","2004-01-14",20.8324264192626,0.687499511717987,0.637500214844087,0.695113126366721,148.102997599063,135.465005067604,141.784001333333,0.915888466483106,68.2006791380042,140.6720028,142.92163561645,1.63269310463849,1.30975257087707
"3780523","2004-01-15",22.4171468585053,0.712500332031769,0.675000273437928,0.666203863731805,148.801060071722,135.673609261612,142.237334666667,0.894288178378102,68.8572699942222,140.8768024,143.428084200923,1.6988426058312,1.3875705778679
"3780522","2004-01-16",22.2312239581084,0.5,0.63333328124992,0.648611256510645,149.048372749299,136.066296250701,142.5573345,0.705616476965113,57.9118069491491,140.972802,143.5043396408,1.57960658075258,1.42597777844483
"3780521","2004-01-20",22.0585812648828,0.562500097656403,0.591666809896058,0.633333454861302,149.336878778504,136.337789888163,142.837334333333,0.708424530584822,59.9293220564316,141.2608016,143.67709435536,1.51251985593723,1.44328619394331
"3780520","2004-01-21",21.8982701926019,0.575000898438905,0.545833665365104,0.590277918837028,149.527506516456,136.712496816877,143.120001666667,0.668552740156783,60.3388314254587,141.5552016,143.848149774646,1.45142261088145,1.44491347733094
"3780519","2004-01-22",22.9818168402139,0.575000898438905,0.570833964844739,0.569444813368634,149.732785932014,137.296551067987,143.5146685,0.740587943166079,60.3388314254587,141.811202,143.996397804693,1.38685416164903,1.43330161419456
"3780518","2004-01-23",24.3993952506906,0.74137931034483,0.630460369074214,0.582375999761353,150.406087510017,137.71124915665,144.058668333334,0.936502735396914,69.1218021098543,142.240002,144.6368780974,1.53223365931494,1.45308802321863
"3780517","2004-01-26",25.7157180604191,0.740000000000002,0.68546006959458,0.628918134504511,150.829561378612,138.455774621388,144.642668,0.913562053966943,69.7235104269894,142.688002,145.234627684414,1.64480831930289,1.49143208243549
"3780516","2004-01-27",27.18253993745,0.818180681818182,0.766519997387672,0.694146812018822,151.434097374963,139.045904625038,145.240001,0.959576774562282,72.0681448228162,143.1232016,145.923342659825,1.78288463117433,1.54972259218326
"3780515","2004-01-28",28.5445888232644,0.84,0.799393560606062,0.750457875862772,151.812658170268,139.904677829732,145.858668,0.9440718337992,72.6386361035967,143.590402,146.562896971849,1.88650373908035,1.61707882156267
"3780514","2004-01-29",27.3221242202247,0.29999875,0.652726477272728,0.739546678422155,151.784172606231,140.589162060436,146.186667333334,0.638155832339151,56.0081086836434,143.9168012,146.541176042269,1.71049747004983,1.63576255126011
"3780513","2004-01-30",26.1869785174022,0.359999999999999,0.499999583333334,0.650706540404042,151.764647824713,141.190020175287,146.477334,0.623818638670539,57.1811769425949,144.2624008,146.586352569966,1.57924355202974,1.62445875141403
"3780512","2004-02-02",25.3212337974735,0.559999999999999,0.40666625,0.519797436868688,151.471250320319,142.358083346348,146.914666833334,0.730289481800761,60.9217656935746,144.6976004,146.838838893971,1.54527958117103,1.60862291736543
"3780511","2004-02-03",25.0558538107977,0.640000000000001,0.52,0.475555277777779,151.604585144137,142.92874852253,147.266666833334,0.805830236597387,62.3390003247161,145.1136004,147.142993708108,1.53542410612968,1.59398315511828
"3780510","2004-02-04",25.6993906775988,0.615384245561775,0.605128081853926,0.510598110617976,152.115127413669,143.207538586332,147.661333,0.957137213253068,65.0676391096974,145.5936004,147.57725988036,1.57894253427273,1.59097503094917
"3780509","2004-02-05",26.2969606253427,0.692308357988805,0.649230867850194,0.591452983234707,152.58463727634,143.580695390327,148.082666333334,0.95876243823278,66.6919777392311,146.0160004,148.060291896312,1.63738194273606,1.60025641330655
"3780508","2004-02-06",26.8518470053906,0.783335190974156,0.697009264841579,0.650456071515233,153.244350602948,143.672981730386,148.458666166667,0.964720065216355,68.8741123982735,146.5024008,148.628254310137,1.7236956598228,1.6249442626098
"3780507","2004-02-09",26.7727830470001,0.677966478742541,0.717870009235168,0.688036713975647,153.608755427076,144.001909906258,148.805332666667,0.849195164295107,64.9465138966116,147.0528004,148.992487068786,1.71925190712172,1.64380579151218
"3780506","2004-02-10",26.925613704603,0.881356740162585,0.780886136626428,0.731921803567725,154.302727363963,143.974604636038,149.138666,0.937123388144199,68.7809453133059,147.5072004,149.564155459614,1.79796037722155,1.67463670865406
"3780505","2004-02-11",26.7608468027835,0.800001250000001,0.786441489635043,0.761732545165547,154.785270528666,144.078728138001,149.431999333334,0.839481275470955,66.8132535325788,147.8784004,149.995601398332,1.81251463078191,1.70221229307963
"3780504","2004-02-12",26.2015822282377,0.720001249999999,0.800453080054196,0.789260235438556,155.121050815014,144.302948518319,149.711999666667,0.770657790651601,64.1769732473012,148.2368004,150.284187878555,1.76864393635294,1.71549862173429
"3780503","2004-02-13",24.7526258039838,0.52000125,0.680001250000001,0.755631939896414,155.250641732488,144.562690934179,149.906666333334,0.630988658139644,58.0140489848124,148.4608,150.320962828081,1.62902216749414,1.69820333088626
"3780502","2004-02-17",23.4071662671765,0.579999999999998,0.6066675,0.695707276684733,155.162217151118,145.291115182216,150.226666166667,0.641827512039057,59.2774450163389,148.7103996,150.41683311767,1.5264949964096,1.66386166399093
"3780501","2004-02-18",22.4042989676227,0.600001249999998,0.5666675,0.617778750000001,155.030861811207,146.057137522126,150.543999666667,0.650364956978709,59.7126598885314,148.9471996,150.521255368647,1.43717904431599,1.61852514005594
"3780500","2004-02-19",21.4730650466085,0.638297391352915,0.606099547117638,0.593144849039213,154.720369141828,147.060962191506,150.890665666667,0.672684518341736,61.0571756649913,149.1903988,150.675753319494,1.37614481035677,1.57004907411611
"3780499","2004-02-20",21.4902851573738,0,0.412766213784305,0.528511086967315,154.398401218437,147.638929114896,151.018665166667,0.211220274290716,45.720325895459,149.2223992,150.212319543562,1.07519524358894,1.47107830801068
"3780498","2004-02-23",23.8702087166844,0,0.212765797117639,0.410543852673194,156.238645317991,144.892018348676,150.565331833333,-0.384139271268061,27.7547988939667,148.8127992,148.38134360442,0.25293298646607,1.22744924370175
"3780497","2004-02-24",27.1504061105485,0,9.25185853854297e-16,0.208510670300649,160.529351586561,138.521312413439,149.525332,-0.434446355635192,18.9962623885661,148.0447992,145.237164457164,-1.04158053955378,0.773643287050648
"3780496","2004-02-25",27.6252196237334,0.21621628926226,0.0720720964207541,0.0949459645127983,161.20583896247,136.367492370864,148.786665666667,-0.00835371106923421,31.7124470109947,147.5007992,143.365542529542,-1.70984578861526,0.276945471917467
"3780495","2004-02-26",28.0661178859766,0.545946468225159,0.254054252495807,0.108708782972188,161.014172575023,135.695159758311,148.354666166667,0.269027744393727,45.7093455733737,147.3407992,143.044804858937,-1.67436417303828,-0.113316457073682
"3780494","2004-02-27",28.1455499961566,0.567568097151384,0.443243618212935,0.256456655709832,160.980608339708,135.291392326959,148.136000333333,0.314085658966915,46.4839653588102,147.2063992,142.852165544412,-1.59196809766309,-0.409046785191563
"3780493","2004-03-01",28.2193083841809,0.605405609934328,0.572973391770291,0.423423754159678,160.921513132672,134.939820867328,147.930667,0.336397736403926,47.8853023484698,146.9631992,142.834543471824,-1.44665498089709,-0.616568424332669
"3780492","2004-03-02",28.9862015177044,0.444444637345612,0.539139448143776,0.518452152709001,160.924219160884,134.009115505783,147.466667333334,0.212677036936921,42.4171590370605,146.5023996,142.13660567558,-1.60365905765085,-0.813986550996305
"3780491","2004-03-03",30.0690494003665,0.333332870370531,0.461061039216825,0.524391293043631,161.06266439802,132.478669601981,146.770667,0.123192148490056,39.3896332252075,145.8623996,141.105056918836,-1.89109688160531,-1.02940861711811
"3780490","2004-03-04",30.6238066849096,0.421348314606742,0.399708607440963,0.466636364933855,160.664846974067,131.516488025933,146.0906675,0.227005757654278,42.6933034790334,145.3055996,140.531049329658,-1.96132344300283,-1.21579158229505
"3780489","2004-03-05",31.1389384491282,0.46067415730337,0.405118447426882,0.421962698028224,160.036675243549,130.811326089785,145.424000666667,0.276084773795631,44.221250202853,144.9664,140.182909419037,-1.93127058525059,-1.35888738288616
"3780488","2004-03-08",31.6172750873311,0.51123595505618,0.464419475655432,0.423082176841093,159.153330641052,130.388003358948,144.770667,0.328589921760847,46.2071465302515,144.6656,140.073188163166,-1.80399443251393,-1.44790879281171
"3780487","2004-03-09",32.3133562244317,0.449438553370786,0.47378288857678,0.447773603886365,158.295023887106,129.891644446227,144.093334166667,0.307065417054568,44.1387208035079,144.2304004,139.743431074743,-1.7843597030154,-1.51519897485245
"3780486","2004-03-10",32.0419689032179,0.542857142857143,0.501177217094704,0.479793193775639,157.017657648574,129.921011018093,143.469334333333,0.415266230862039,47.5844031030916,143.8656004,139.777640264778,-1.61177751649721,-1.5345146831814
"3780485","2004-03-11",32.0533138629426,0.570469379194631,0.520921691807521,0.498627265826335,155.693656204272,129.853011462395,142.773333833333,0.359652347317166,45.5664658878574,143.3856004,139.593953562807,-1.54963156018787,-1.5375380585827
"3780484","2004-03-12",31.5201481113807,0.652173913043478,0.588500145031752,0.536866351311326,154.286862872637,130.02247079403,142.154666833333,0.422190364634573,46.7817040253118,142.9056004,139.5414264211,-1.4376666470297,-1.5175637762721
"3780483","2004-03-15",31.0250656277874,0.510204081632653,0.577615791290255,0.562345876043176,152.994966886639,130.183700446695,141.589333666667,0.430326957623432,46.7817040253118,142.3808,139.495902898286,-1.33358519736567,-1.48076806049081
"3780482","2004-03-16",30.5653461787366,0.384615877711636,0.515664624129256,0.560593520150421,151.443831574347,130.540169758986,140.992000666667,0.437235845171267,46.7817040253118,141.8944,139.456449178515,-1.23686263473075,-1.4319869753388
"3780481","2004-03-17",30.7055892734328,0.153847633134909,0.349555864159733,0.480945426526415,149.535329842018,131.078005491316,140.306667666667,0.385140755341776,42.5141594171135,141.2160004,139.038257288046,-1.31213211957776,-1.40801600418659
"3780480","2004-03-18",31.1214091834857,0.0285722704066597,0.189011927084402,0.351410805124464,147.107162974272,131.879506025728,139.4933345,0.267090158476025,40.3139030803558,140.4928004,138.46248964964,-1.44905390528929,-1.41622358440713
"3780479","2004-03-19",31.5075276713921,0.0333343402767285,0.0719180812727668,0.203495290838968,145.210742477867,132.431926522133,138.8213345,0.250002829338827,40.3139030803558,139.7952004,137.963491029688,-1.5410574059373,-1.44119034871316
"3780478","2004-03-22",32.3403580287957,0,0.0206355368944638,0.0938551817505445,145.258514578978,131.632154087689,138.445334333333,0.101360588045044,36.5812798596992,139.0528004,137.168358892396,-1.75476158397334,-1.5039045957652
"3780477","2004-03-23",34.0462184630583,0,0.0111114467589106,0.0345550216420472,145.684383154674,131.030285511993,138.357334333333,-0.261379827362242,28.9422268312579,138.0032008,135.51924437341,-2.32766066457817,-1.66865580952779
"3780476","2004-03-24",35.647327975496,0,1.0547118733939e-15,0.0105823278844586,146.855913437299,128.872088896034,137.864001166667,-0.143392870824042,28.7983072920055,136.9408008,134.068678456955,-2.76864224910045,-1.88865309744233
"3780475","2004-03-25",35.6011113213752,0.0508474576271183,0.0169491525423738,0.00935353310042863,146.778178057038,127.536489942962,137.157334,0.0434911628028643,31.0148661210158,135.8976012,132.939521329361,-3.03234184368025,-2.11739084668991
"3780474","2004-03-26",35.5057259813383,0.135593220338983,0.0621468926553682,0.0263653483992478,146.194907057698,126.733093608969,136.464000333333,0.141828495665936,34.6654734800998,135.0976012,132.17425181878,-3.11248871489512,-2.31641042033095
"3780473","2004-03-29",35.4171538798755,0.305084216101695,0.163841631355933,0.0809792255178919,145.229630765816,126.461035567518,135.845333166667,0.258177257343253,41.3502805049524,134.8544008,131.937683576276,-2.94816726985431,-2.44276179023562
"3780472","2004-03-30",35.3349083570886,0.378378591429388,0.27301867595669,0.166335733322664,144.813082552657,126.082916447343,135.4479995,0.304522137564247,43.2270017742233,135.1168008,131.860659099439,-2.72800677057475,-2.49981078630345
"3780471","2004-03-31",34.3179787407243,0.504505351635896,0.395989386388994,0.277616564567206,144.733081577749,125.976252088918,135.354666833333,0.434886285869335,47.4522015287101,135.2128012,132.092572552847,-2.38885387160311,-2.47761940336338
"3780470","2004-04-01",32.5943755390292,0.583333333333334,0.488739092132874,0.385915718159519,144.525624282116,125.938376384551,135.232000333333,0.524102707537384,49.476827933472,134.9632008,132.442896212468,-2.02821240302691,-2.38773800329609
"3780469","2004-04-02",30.2977871300366,0.666666666666667,0.584835117211967,0.489854531911278,144.361314494549,125.958686172118,135.160000333333,0.62389532770639,52.0356605014153,134.7456004,132.938510050805,-1.63602803874633,-2.23739601038614
"3780468","2004-04-05",28.6878020877846,0.645454178719216,0.631818059573073,0.568464089639305,144.125066861114,126.018934138887,135.0720005,0.666131712358465,51.7222088964506,134.4768004,133.346708710698,-1.31996136671092,-2.05390908165109
"3780467","2004-04-06",27.192815977122,0.809090449380426,0.707070431588771,0.64124120279127,144.249612133217,125.985054866783,135.1173335,0.741049724653924,56.770109037195,134.528,134.084480882605,-0.885985513050924,-1.82032436793106
"3780466","2004-04-07",26.2219848241911,0.864865351838599,0.773136659979415,0.704008383713753,144.182753003164,126.014580330169,135.098666666667,0.813808664339382,58.5837221515786,134.7520004,134.873216764924,-0.470821171106961,-1.55042372856624
"3780465","2004-04-08",25.6398732579236,0.873950038839306,0.849301946686111,0.776503012751432,144.674284854068,125.816382145932,135.2453335,0.862429654688898,60.6172190647098,134.9312004,135.727454529601,-0.0664858416706382,-1.25363615118712
"3780464","2004-04-12",24.6541239476752,0.806723112774744,0.848512834484218,0.823650480383248,144.833166742431,125.75350025757,135.2933335,0.810976601086877,57.5729993739165,135.0144004,136.297127258988,0.174503860198039,-0.968008148910088
"3780463","2004-04-13",23.3602317423114,0.747899552468252,0.809524234694102,0.83577967195481,144.763990147449,125.774676519218,135.269333333333,0.723845197877365,54.9715767504243,134.9952004,136.641510291123,0.295281252343904,-0.715350268659289
"3780462","2004-04-14",21.8398354492393,0.681416306093089,0.745346323778696,0.801127797652339,144.6490524707,125.804280862634,135.226666666667,0.691034419247561,52.7705682397633,135.008,136.81197558564,0.330394059965489,-0.506201402934334
"3780461","2004-04-15",20.3736010182631,0.640776481053689,0.690030779871678,0.748300446114825,144.667356075974,125.801975924026,135.234666,0.664957926897568,52.3940155208516,134.9183996,136.938377507554,0.344761350883704,-0.336008852170726
"3780460","2004-04-16",19.2619284971181,0.457832078313252,0.593341621820011,0.676239575156795,144.78188327799,125.831449055344,135.306666166667,0.609760044311501,49.3597663155795,134.8416,136.877260506547,0.277600295199898,-0.213287022696601
"3780459","2004-04-19",18.8799812222821,0.246752635351164,0.448453731572703,0.577275377754797,144.841571238979,125.862427094355,135.351999166667,0.562243454762656,44.8176127635624,134.6495996,136.546957772341,0.100531683407823,-0.150523281475717
"3780458","2004-04-20",18.5253158956487,0.0793632527048669,0.261315988789762,0.434370447394159,144.936075106378,126.071922893623,135.503999,0.529120188411917,44.8176127635624,134.4575992,136.260695402695,-0.0396608087670836,-0.12835078693399
"3780457","2004-04-21",19.2047570374321,0,0.108705296018678,0.272825005460381,144.527160477476,127.008837522524,135.767999,0.312310858267927,37.6993617729545,134.1183992,135.521936015669,-0.365518780808605,-0.175784385708913
"3780456","2004-04-22",18.617736366298,0.185185328075099,0.0881828602599901,0.15273471502281,143.830538253213,128.590792746787,136.2106655,0.430182637703181,43.9516202806594,133.9903988,135.201677880247,-0.476477015687704,-0.235922911704671
"3780455","2004-04-23",18.2065435935068,0.148148262460078,0.11111119684506,0.102666451041243,143.308517893676,129.667479772991,136.487998833334,0.311744618656297,43.0216979928503,133.9071988,134.860120829547,-0.58673891696831,-0.306086112757399
"3780454","2004-04-26",17.4195566365327,0.222223165295652,0.185185585276944,0.128159880793998,142.836335796849,130.683662869818,136.759999333333,0.349691009462036,45.5050989161671,133.8623992,134.692106052274,-0.609933880544122,-0.366855666314744
"3780453","2004-04-27",16.4096618449932,0.53086537875415,0.300412268836628,0.198903016986211,142.678145150827,131.545854849173,137.112,0.610909192976197,54.419382702533,134.0863996,135.079826578638,-0.38449793690799,-0.370384120433393
"3780452","2004-04-28",15.7699123652052,0.604938738378656,0.452675760809487,0.31275787164102,142.558300304066,132.417699695934,137.488,0.679345064158054,56.2683035249036,134.6367996,135.543849701486,-0.147330137883772,-0.325773323923469
"3780451","2004-04-29",15.6730749517268,0.197531016613439,0.444445044582083,0.3991776914094,142.500701563641,132.560630769692,137.530666166667,0.244065924069458,45.367978736724,134.9823996,135.242003074621,-0.2709429129367,-0.314807241726115
"3780450","2004-04-30",15.5831544963541,0.253968253968254,0.352146002986784,0.416422269459452,142.569472737106,132.353192929561,137.461332833333,0.189907067313565,45.367978736724,135.2895996,134.980402664672,-0.365004784790102,-0.324846750338912
"3780449","2004-05-03",15.4996569306508,0.253968253968254,0.23515584151665,0.343915629695173,142.630051389267,131.929947610734,137.2799995,0.176015650089143,45.367978736724,135.5327996,134.753682309382,-0.434779742852665,-0.346833348841663
"3780448","2004-05-04",14.9789358853617,0.333333333333334,0.280423280423282,0.289241708308906,142.541027611751,131.81630438825,137.178666,0.39507116937052,47.2999332493243,135.68,134.663858001464,-0.437254513885166,-0.364917581850363
"3780447","2004-05-05",14.4954092004504,0.476190476190477,0.354497354497356,0.290025492145763,142.277902666883,131.738095999784,137.007999333333,0.414482998110354,50.6807620114083,135.8464,134.778010267936,-0.348937203962174,-0.361721506272726
"3780446","2004-05-06",13.6771996015198,0.365078373015873,0.391534060846563,0.342151565255734,141.750334193446,131.748330806554,136.7493325,0.387755236968681,48.0963134658054,135.8783992,134.727607565544,-0.342069630801156,-0.357791131178412
"3780445","2004-05-07",13.3020010945179,0.444444444444443,0.428571097883599,0.391534171075839,140.837044609895,132.112287390105,136.474666,0.512837109829543,50.055477580658,135.8975992,134.790593223472,-0.285435049175131,-0.343319914777756
"3780444","2004-05-10",13.3195198438286,0,0.26984093915344,0.363315365961201,140.180302517824,131.873029148843,136.026665833333,0.0473838808081671,39.2156769586585,135.6415988,134.119846127009,-0.56059867132513,-0.386775666087231
"3780443","2004-05-11",13.2329871435036,0.420289474375477,0.288244639606641,0.328885558881227,139.659418946422,131.988579053578,135.823999,0.453416357053656,49.3006558219991,135.5775984,134.157198643408,-0.494514417431557,-0.408323416356096
"3780442","2004-05-12",13.1526353503448,0.275362975214698,0.231884149863393,0.263323242874491,139.222982311229,132.035682355438,135.629332333333,0.4031626613219,46.4394168193951,135.3343984,133.976238824287,-0.532326756058421,-0.433124084296561
"3780441","2004-05-13",13.0195978952958,0.289856621506685,0.328503023698955,0.28287727105633,138.841449716023,132.091882950644,135.466666333333,0.444688845031018,46.7721186270523,135.0527988,133.840741647715,-0.546477046642524,-0.455794676765754
"3780440","2004-05-14",12.8340898134726,0.420289474375477,0.328503023698955,0.296296732420434,138.676412604746,132.128919395254,135.402666,0.607521150076075,49.7945388229725,134.7775984,133.915308094686,-0.465543488441467,-0.457744439100896
"3780439","2004-05-17",12.6618323089224,0.449275861163169,0.386473985681778,0.347826677693229,138.616399746693,132.130265919974,135.373332833333,0.588393257881632,50.4676646279596,134.5663984,134.022600348728,-0.377772732577264,-0.44175009779617
"3780438","2004-05-18",13.7573814338485,0.0624999389649047,0.310688424834518,0.341888478071751,138.604602359538,131.838063640462,135.221333,0.173687967856361,42.2352658880108,134.227198,133.539585635565,-0.562295718198857,-0.465859221876707
"3780437","2004-05-19",14.1110579389649,0.218750762938709,0.243508854355596,0.313557088290631,138.48583940985,132.170159923483,135.327999666667,0.38684252662346,45.7640345868036,133.990398,133.334307550823,-0.605384687381183,-0.493764314977603
"3780436","2004-05-20",14.439471836573,0.765626205443159,0.348958969115592,0.301052082768569,138.861141870089,132.093524796578,135.477333333333,0.892458178087915,55.91489930348,133.9839988,133.90306787738,-0.297766421327894,-0.454564736247661
"3780435","2004-05-21",13.7937880327486,0.675674534333556,0.553350500905143,0.381939441458777,139.372216668218,132.094449665115,135.733333166667,0.954351382586169,56.1672912816439,134.0351984,134.417324160396,-0.0447112991249332,-0.372594048823115
"3780434","2004-05-24",13.6030147778634,0.567567453433355,0.669622731070025,0.523977400363587,139.630273945355,132.140391721311,135.885332833333,0.778776590989692,53.5268242146663,134.1183988,134.692347605676,0.0776309617269488,-0.282549046713103
"3780433","2004-05-25",14.2375003329861,0.324325465666444,0.522522484477786,0.581831905484318,139.303216612465,132.126116054202,135.714666333333,0.391136679268005,48.0530450185038,134.0863996,134.546702591586,0.00197246749735758,-0.225644743871011
"3780432","2004-05-26",14.8266654913144,0.459459527939986,0.45045081567993,0.547532010409247,138.743725603991,132.354940729342,135.549333166667,0.570540826700059,51.0480449110774,134.2655996,134.633808912708,0.0374527948500125,-0.173025236126806
"3780431","2004-05-27",15.094663706845,0.635134906866712,0.472973300157715,0.481982200105144,138.983570620328,132.376429713005,135.680000166667,0.790595159630797,54.7042061599318,134.4319996,134.986634391014,0.187787829434072,-0.10086262301463
"3780430","2004-05-28",14.4344494739697,0.642857780611106,0.579150738472603,0.500858284770083,139.358280039842,132.428387293492,135.893333666667,0.884807254254346,55.257883465053,134.6304,135.335084472212,0.321917923796122,-0.0163065136524799
"3780429","2004-06-01",13.4645311981643,0.842856530613339,0.70694973936372,0.586357925998013,140.058561376135,132.384105957199,136.221333666667,1.04101554312528,59.0327601157696,134.8799996,135.935739875917,0.554422403531896,0.0978392697843952
"3780428","2004-06-02",13.0042885796002,0.88607753164557,0.790597280956673,0.692232586264332,141.129213184199,131.916121149134,136.522667166667,1.10319989700692,61.7625481324392,135.0399996,136.690975892461,0.831800188327336,0.244631453492983
"3780427","2004-06-03",13.3124353383868,0.443038765822785,0.723990942693899,0.740512654338098,141.222859067375,131.971808599292,136.597333833333,0.608384033805223,50.2819894854744,134.9375996,136.598845773466,0.71223103299729,0.338151369393845
"3780426","2004-06-04",13.1020754935831,0.708861550632913,0.679325949367091,0.731304724339221,141.706262080145,131.957739919855,136.832001,0.85779806169407,55.6132107263797,135.1807996,136.966999670338,0.806227945586957,0.431766684632467
"3780425","2004-06-07",12.9962538846726,0.683544303797468,0.611814873417723,0.671710588492905,142.005553362893,131.96244797044,136.984000666667,0.763131693840338,55.0082189059691,135.4111992,137.243398380959,0.851641332125852,0.515741614131144
"3780424","2004-06-08",12.8979909621129,0.652174503781253,0.681526786070546,0.657555869618454,142.017761867759,132.696906798907,137.357334333333,0.754912127959154,55.2702400630073,135.6479992,137.504278596831,0.886501726547295,0.589893636614374
"3780423","2004-06-09",13.0526776073978,0.508473534901558,0.614730780826761,0.636024146771677,142.21238333696,132.89695166304,137.5546675,0.699524749010857,53.5898177933954,135.8207988,137.62370678392,0.857152076042045,0.643345324499908
"3780422","2004-06-10",12.679323781875,0.779662668776843,0.646770235819886,0.647675934239065,142.688447835152,133.082221164848,137.8853345,0.881142248563793,57.9912999536143,136.0383992,138.068547212731,0.972237097482265,0.70912367909638
"3780421","2004-06-14",12.3326380867467,0.847459422583523,0.711865208753976,0.657788741800208,143.166931572091,133.29173742791,138.2293345,0.879132343661931,59.0372150866273,136.3264,138.5394089177,1.08743745440247,0.784786434157599
"3780420","2004-06-15",12.8029402630609,0.593220536484187,0.740114209281519,0.699583217951794,143.324457839881,133.528878160119,138.426668,0.666060820612855,53.6434540840803,136.4864,138.627487728674,1.02676773180868,0.833182693687814
"3780419","2004-06-16",13.4794612819576,0.408162510411367,0.616280823159694,0.689420080398397,143.387556060813,133.823112605854,138.605334333333,0.595630830060728,51.9399832991885,136.832,138.597154698184,0.921510443495555,0.850848243649362
"3780418","2004-06-17",12.567854976393,0.45000057291607,0.483794539937209,0.613396524126141,143.325771506852,134.791565159815,139.058668333333,0.854027257346033,55.58533446872,137.0688008,138.826868738426,0.938889740165383,0.868456542952566
"3780417","2004-06-18",12.3820610959977,0.626666666666667,0.494943249998036,0.531672871031647,144.080443082635,135.076893584032,139.578668333333,1.10361360826003,60.9073713559348,137.4976008,139.452619573302,1.12470052708544,0.919705339779142
"3780416","2004-06-21",11.9214086900223,0.56,0.545555746527581,0.508097845487609,144.597918172775,135.092751493892,139.845334833333,0.880985972051597,59.0038494469171,137.8880004,139.888270296862,1.21060713193064,0.977885698209441
"3780415","2004-06-22",11.3996943581064,0.373333333333332,0.520000000000001,0.520166332175206,144.884384578521,135.14761842148,140.0160015,0.750322176859247,53.92226802465,138.1312008,139.967167590614,1.13606407328526,1.0095213732246
"3780414","2004-06-23",10.9152453356132,0.493333333333332,0.475555555555556,0.513703767361046,145.124064341402,135.355938325265,140.240001333333,0.726587166908333,56.5149974662879,138.4192008,140.227545245199,1.14655564975263,1.03692822853021
"3780413","2004-06-24",11.5120564362118,0,0.28888888888889,0.428148148148149,144.728548051385,136.236786281948,140.482667166667,0.418037365441437,49.2236761330708,138.7392008,139.983871212506,0.941358377782242,1.01781425838062
"3780412","2004-06-25",12.3546026621082,0,0.164444444444446,0.309629629629631,144.44878268535,136.761884647984,140.605333666667,0.220043075519876,47.1397389205858,138.9504008,139.623355050838,0.70588213534839,0.955427833774172
"3780411","2004-06-28",14.1078879445238,0,1.42478621493562e-15,0.151111111111112,144.635318100489,136.436681899511,140.536,-0.0272425674265932,39.8687744373296,138.7584004,138.713574377393,0.255966840303823,0.815535635080102
"3780410","2004-06-29",15.8555741632687,0,1.42478621493562e-15,0.0548148148148163,145.35086304688,135.214469619786,140.282666333333,-0.169797699628811,38.9446316169718,138.5344008,137.839764460407,-0.138579740469758,0.62471255997013
"3780409","2004-06-30",18.6334446732932,0,1.42478621493562e-15,1.60982338570648e-15,147.266359106146,131.976306893854,139.621333,-0.315868131784724,29.6826555100153,138.0416008,136.015795865686,-0.91645972648976,0.316478102678152
"3780408","2004-07-01",21.2128958611731,0.167785234899329,0.055928411633111,0.0186428038777048,147.746489649276,130.221509017391,138.983999333333,-0.0506807417393116,37.6651994550166,137.8240004,134.968356416928,-1.28752728018953,-0.00432297389538366
"3780407","2004-07-02",23.608100535633,0.201342701342282,0.123042645413872,0.0596570190156616,148.218180425811,128.971152240856,138.594666333333,0.0437567686320564,39.1529780016601,137.5744008,134.167243561338,-1.51931002368404,-0.307320383853115
"3780406","2004-07-06",25.8322191619172,0.261744546979866,0.210290827740494,0.129753961595826,148.282958226825,127.951706773175,138.1173325,0.13878240106981,41.8435897682254,137.2992004,133.664943086493,-1.59952636715618,-0.565761580513728
"3780405","2004-07-07",26.7097474669493,0.295302013422818,0.252796420581657,0.195376631245341,148.201626507767,127.2917061589,137.746666333333,0.235372991654342,43.3425576045184,137.0432,133.336284008294,-1.59709893589948,-0.772029051590877
"3780404","2004-07-08",27.5245951787648,0.342282298657718,0.299776286353469,0.254287844891873,148.03292406013,126.75107593987,137.392,0.276711434717471,45.4619224014745,136.7424004,133.200780807188,-1.51019583919293,-0.919662409111288
"3780403","2004-07-09",28.1386829240166,0.366907089436641,0.334830467172394,0.29580105803584,147.842149131959,126.275185868041,137.0586675,0.300064998462364,45.4619224014745,136.3712004,133.083344699563,-1.42499841457573,-1.02072961020418
"3780402","2004-07-12",28.4871392805354,0.381295135474431,0.363494841189598,0.332700531571821,147.344694336054,125.929973330613,136.637333833333,0.335751591980132,46.1296243252161,136.2368004,133.024232072954,-1.32286659506772,-1.08115700717688
"3780401","2004-07-13",29.2060245385228,0.347107438016529,0.365103220975868,0.354476176445954,146.75137207094,125.472628262393,136.112000166667,0.281691365721774,43.0105967459017,135.8976004,132.738334463227,-1.33362066917087,-1.13164973957568
"3780400","2004-07-14",29.9775535668289,0.330508119972522,0.352970231154495,0.360522764439987,146.36420147701,124.942465189657,135.653333333333,0.277173057497765,42.173073536616,135.5520004,132.426555201464,-1.35617616504951,-1.17655502467045
"3780399","2004-07-15",30.4451533125456,0.355932391913343,0.344515983300799,0.354196478477054,145.957624712515,124.533043287485,135.245334,0.318650801638174,43.3608180643695,135.2192004,132.220347841268,-1.32983351443697,-1.20721072262375
"3780398","2004-07-16",30.5429864354611,0.415254457232234,0.367231656372701,0.354905956942665,145.061194482156,124.453472851178,134.757333666667,0.381727326437215,46.1405764568426,134.9632008,132.190968129099,-1.22656585227479,-1.21108174855396
"3780397","2004-07-19",30.849942715596,0.586666666666666,0.452617838604083,0.388121826092528,143.323592035243,124.873741964757,134.098667,0.377578029557368,44.4620201396601,134.5728004,132.058839045219,-1.18003501931397,-1.20487240270596
"3780396","2004-07-20",31.2222682052843,0.66666600529166,0.556195709730188,0.458681734902324,141.714474178894,125.261526154439,133.488000166667,0.364178332660389,43.7760049992079,134.144,131.901660505857,-1.14960973701971,-1.19381986956871
"3780395","2004-07-21",31.5679990171377,0.473681786707585,0.575671486221972,0.528161678185414,140.093955394461,125.772711272206,132.933333333333,0.390139432959239,44.2392393351232,133.8175996,131.786771105076,-1.10312584738913,-1.17568106513279
"3780394","2004-07-22",31.9381684514071,0.363634469696967,0.501327420565406,0.544398205505855,138.070570233999,126.676096432668,132.373333333333,0.401706737886458,43.8501628929376,133.5168,131.665868291066,-1.0639251829261,-1.15332988869145
"3780393","2004-07-23",32.4336664138071,0,0.279105418801519,0.452034775196299,136.523614764413,127.311051902254,131.917333333333,0.364242626938191,42.638528416413,133.1199992,131.497084518924,-1.05031649552479,-1.13272721005812
"3780392","2004-07-26",32.0210067424797,0,0.12121148989899,0.300548109755305,135.051913454225,128.046752545776,131.549333,0.434904231424083,42.638528416413,132.5951988,131.350805249734,-1.02784828243266,-1.11175142453303
"3780391","2004-07-27",31.8175767778477,0,1.57281595155231e-15,0.133438969566837,134.058506384753,128.469492948581,131.263999666667,0.364495524660567,41.3146273780879,132.0831988,131.160031216436,-1.02786551800436,-1.0949742432273
"3780390","2004-07-28",32.1335395098926,0,1.57281595155231e-15,0.0404038299663313,133.778220380361,128.32844561964,131.053333,0.174604350113463,37.5479806749889,131.6031988,130.802693720911,-1.10417905447847,-1.09681520547753
"3780389","2004-07-29",32.955685426965,0,1.57281595155231e-15,1.70234197109191e-15,133.716536381318,128.416796285349,131.066666333333,-0.189341917498787,33.5249442045976,130.9951988,130.258334558123,-1.25973618292331,-1.12939940096669
"3780388","2004-07-30",33.7191066356751,0.1,0.0333333333333349,0.0111111111111128,133.913145436686,128.065520896648,130.989333166667,-0.0476867534965652,36.2018167009053,130.5535992,129.871889950373,-1.32909179197919,-1.16933787916919
"3780387","2004-08-02",32.3298455897821,0.0500000000000011,0.050000000000002,0.0277777777777796,133.985195396147,127.88147027052,130.933332833333,0.133011078661582,35.4335044297759,130.1439992,129.494304623657,-1.38869467133445,-1.21320923760224
"3780386","2004-08-03",30.9551111915782,0.649999999999999,0.266666666666668,0.116666666666668,134.015122715035,127.904876951632,130.959999833333,0.556735333856706,49.330475731618,130.0671992,129.679064007169,-1.18331920306262,-1.20723123069431
"3780385","2004-08-04",29.2510785108816,0.824999999999999,0.508333333333335,0.275000000000002,134.029548124036,127.901118209298,130.965333166667,0.7210468562933,52.5391106068035,130.0607992,129.988522139547,-0.940115697370236,-1.1538081240295
"3780384","2004-08-05",27.3351675233375,0.837208085453363,0.770736028484455,0.515245342828153,134.064844658724,127.88715467461,130.975999666667,0.803889804251663,53.8868507186085,130.3935992,130.320719187607,-0.709605492007837,-1.06496759762517
"3780383","2004-08-06",26.2883804630222,0.60465028393854,0.755619456463969,0.67822960609392,133.898375504047,127.920289495953,130.9093325,0.584308059912607,48.9019148497832,130.5023992,130.395289962593,-0.618904622871619,-0.975755002674457
"3780382","2004-08-09",25.5211400395082,0.534881489997835,0.658913286463248,0.728422923803891,133.630600419592,127.996063913742,130.813332166667,0.568623420269806,47.4827665758657,130.5599984,130.395916634247,-0.570133919671578,-0.894630786073881
"3780381","2004-08-10",24.808702503388,0.651161844241504,0.596897872725961,0.670476871884393,133.630600419592,127.996063913742,130.813332166667,0.615951773375063,50.0828171149876,130.5919988,130.503127749681,-0.476513885087815,-0.811007405876668
"3780380","2004-08-11",24.7655843198572,0.441858369391903,0.542633901210416,0.599481686799875,133.60936313366,127.953301199674,130.781332166667,0.40429050465649,45.6972589394756,130.5343984,130.40404271639,-0.485744610217265,-0.745954846744787
"3780379","2004-08-12",25.0967041845467,0.302325141969272,0.465115118534228,0.534882297490202,133.554715880689,127.826614452645,130.690665166667,0.300282546022569,42.9943383813101,130.393598,130.190170354205,-0.546292444016261,-0.706022366199082
"3780378","2004-08-13",25.0751074474861,0.302325141969272,0.348836217776818,0.452195079173821,133.352343807032,127.767652859635,130.559998333333,0.347201631262261,42.9943383813101,130.2527976,130.004814306977,-0.587709383318424,-0.682359769622951
"3780377","2004-08-16",25.0550533345012,0.302325141969272,0.302325141969274,0.372092159426773,133.216462348283,127.636867651717,130.426665,0.275372274362836,42.9943383813101,130.0991976,129.844172399381,-0.613623602085123,-0.668612536115385
"3780376","2004-08-17",25.7427531083854,0.0465115603029658,0.217053948080505,0.289405102608866,133.227999747126,127.289330586207,130.258665166667,0.101707312546435,37.8658346703797,129.9455976,129.47028274613,-0.735445640859489,-0.681979157064206
"3780375","2004-08-18",26.3813314698493,0.0487804134444907,0.132539038572245,0.217306042874008,133.161082786283,127.030915213717,130.095999,0.175485380056662,39.2839288005064,129.823998,129.188911713312,-0.803296722425306,-0.706242670136426
"3780374","2004-08-19",26.9742970912086,0.268292273944706,0.121194749230722,0.156929245294491,133.03477061136,126.938561055307,129.986665833333,0.349087236113781,45.3305967627606,129.740798,129.137056818204,-0.758580231855033,-0.716710182480147
"3780373","2004-08-20",25.8617951304377,0.341462894111442,0.219511860500214,0.157748549434394,132.993136856313,126.926862143687,129.9599995,0.528573357050975,47.2175680195494,129.631998,129.15611590911,-0.685259158975215,-0.710419977779161
"3780372","2004-08-23",25.5052331294556,0.121951033611229,0.24390206722246,0.194869558984466,132.869543554265,126.837122779069,129.853333166667,0.351911330466217,42.4804323993043,129.497598,128.980633787896,-0.709021876088034,-0.710140357440936
"3780371","2004-08-24",24.9587945820399,0.268292273944706,0.24390206722246,0.235771998315045,132.815009416241,126.811657250426,129.813333333333,0.482232149019316,46.3451238367365,129.414398,128.956549282843,-0.660275943395938,-0.700167474631936
"3780370","2004-08-25",24.4513873594396,0.36111111111111,0.250451472889017,0.246085202444646,132.831709540274,126.848290459726,129.84,0.49554323935733,47.6087579323463,129.3375984,128.978342711797,-0.594767684785524,-0.679087516662654
"3780369","2004-08-26",23.5198201974686,0.638888888888887,0.422764091314903,0.305705877142127,132.843810036161,127.20418996384,130.024,0.689610881516912,53.5049731740722,129.3311984,129.210563683557,-0.437789684488354,-0.630827950227794
"3780368","2004-08-27",22.3181316618195,0.787877295686938,0.595959098562313,0.423058220922078,132.912758749121,127.51390825088,130.2133335,0.751906061690296,55.1362082399371,129.3631988,129.475821859083,-0.28034659187427,-0.560731678557089
"3780367","2004-08-30",20.9779907909255,0.8,0.74225539485861,0.586992861578609,133.20080846546,127.615191867873,130.408000166667,0.890049417452126,58.2881904389396,129.4335992,129.833712277872,-0.094981432202057,-0.467581629286083
"3780366","2004-08-31",20.6207934269363,0.640000800001,0.742626031895981,0.693613508438968,133.511366659112,127.485966674221,130.498666666667,0.935046636998896,58.2881904389396,129.5231992,130.143883974156,0.0509784266704116,-0.363869618094784
"3780365","2004-09-01",20.1757829165354,0.620000775000969,0.686667191667325,0.723849539473972,133.558988792715,127.465010540618,130.511999666667,0.84044487539034,57.5072312223643,129.6639992,130.391366110935,0.154697546192106,-0.260156185237406
"3780364","2004-09-02",19.1855737211321,0.320001650002062,0.526667741668012,0.651986988410439,133.264250319088,127.551749347579,130.407999833333,0.56395450407599,47.2753271936805,129.7791996,130.28585196281,0.0873543378172803,-0.190654080626469
"3780363","2004-09-03",18.266093753972,0.380000475000595,0.440000966667877,0.551111966667738,133.19269313757,127.54863986243,130.3706665,0.55244460890728,49.2212406710016,129.8879996,130.258405034436,0.0629495137318026,-0.139933361754814
"3780362","2004-09-07",17.8278984868622,0.500000651042514,0.400000925348392,0.455556544561427,133.335968423436,127.506698909897,130.421333666667,0.807414676202191,53.5309133420398,130.0543996,130.383951029844,0.111640964481663,-0.0896184965075189
"3780361","2004-09-08",17.6470776022193,0.75555660493973,0.545185910327615,0.461729267447961,133.769156121179,127.302844545488,130.536000333333,0.998584027219861,60.27411007961,130.1503996,130.770090892532,0.275405387030325,-0.0166137197999501
"3780360","2004-09-09",16.5362041358622,0.533332685184286,0.596296647055512,0.513827827577173,134.021165365342,127.296168634659,130.658667,0.802551770379807,53.8060127055173,130.1375992,130.891410773527,0.302744466650928,0.0472579174902256
"3780359","2004-09-10",15.7541465978483,0.760869565217392,0.683252951780471,0.608245169721199,134.50579632228,127.259538011054,130.882667166667,0.933879026245718,59.0160057782465,130.1759992,131.23122267039,0.427656592152936,0.123337652422768
"3780358","2004-09-13",15.0279503125498,0.774998437499999,0.689733562633894,0.656427720489959,134.969292921324,127.249374078677,131.1093335,0.905530148327275,59.9015000897698,130.2911988,131.568391647672,0.539642980729416,0.206598718084097
"3780357","2004-09-14",14.621538165922,0.682929394709442,0.739599132475612,0.704195215629992,135.354706837596,127.375960495737,131.365333666667,0.866975321002323,59.2126888169642,130.4191996,131.839274094649,0.611166277058728,0.287512229879023
"3780356","2004-09-15",13.7243161830361,0.526315876039068,0.661414569416171,0.696915754841893,135.391978636976,127.893355029691,131.642666833333,0.739688409606332,55.7596834471708,130.4831996,131.967370882029,0.611678646813241,0.352345513265867
"3780355","2004-09-16",13.0844394899506,0.394736495843736,0.534660588864084,0.645224763585289,135.313563643731,128.467769689603,131.890666666667,0.671784311342097,52.4648735897648,130.5728,131.971721431092,0.556742874271277,0.393224985466949
"3780354","2004-09-17",12.4902682749426,0.526315876039068,0.482456082640625,0.559510413640293,135.335795452762,128.882870880572,132.109333166667,0.706211434590131,55.3087901624631,130.7328,132.082158573613,0.555661473454139,0.425712283064387
"3780353","2004-09-20",12.4282327801142,0.394736495843736,0.438596289242182,0.485237653582297,135.321852339118,129.126147327549,132.223999833333,0.532710859047481,51.9609554327033,130.8608,132.071204097131,0.50015678442461,0.440601183336432
"3780352","2004-09-21",12.6512165419499,0.31578886772654,0.412280413203116,0.444444261695308,135.094562202145,129.662770797856,132.3786665,0.440105732629951,50.0051722258819,130.9696,131.997710217514,0.421987532344303,0.436878453138006
"3780351","2004-09-22",13.0448140568371,0.263157115648405,0.324560826406229,0.391812509617176,134.927527166068,130.032472500599,132.479999833333,0.347465135523951,48.689427384258,131.136,131.891348855179,0.336588080956668,0.416820378701738
"3780350","2004-09-23",13.410297463518,0.200000357143491,0.259648780172814,0.332163339927386,134.732343009687,130.414323323646,132.573333166667,0.293115077831933,48.689427384258,131.2896,131.799169007821,0.265827799451968,0.386621862851784
"3780349","2004-09-24",14.0481002294511,0,0.154385824263967,0.24619847694767,134.715590153789,130.452409512878,132.583999833333,0.200380238545603,46.5582761667723,131.3664,131.655279806779,0.178269781774754,0.344951446636378
"3780348","2004-09-27",15.2710394186374,0,0.0666667857144985,0.160233796717093,134.830364270591,130.214969062743,132.522666666667,0.0285358598038111,41.9449240575831,131.3792004,131.381243832541,0.0396125194515262,0.283883661199408
"3780347","2004-09-28",15.9394730939905,0,1.53580851739813e-15,0.0736842033261556,134.911205682809,129.904794650524,132.408000166667,0.0776088926052691,40.703873319947,131.4368004,131.101077988203,-0.0891622204537978,0.209274484868767
"3780346","2004-09-29",16.4036415529654,0.150001796877809,0.0500005989592713,0.0388891282245904,134.855384383573,129.747283616427,132.301334,0.242632198032901,45.8773888389525,131.4944008,130.986268923109,-0.130746916659341,0.141270204563145
"3780345","2004-09-30",16.5155279346526,0.425000664063537,0.19166748698045,0.0805560286465744,134.836041359245,129.734626974089,132.285334166667,0.496340720711799,53.8304480743886,131.6096008,131.121433066694,-0.0546652747123622,0.102083108708044
"3780344","2004-10-01",15.4360453180966,0.525000820313779,0.366667760418377,0.202778615452699,134.891126201365,129.924874465302,132.408000333333,0.664845248188886,56.3427197930714,131.6864008,131.323908657802,0.0444036063587783,0.0905472082381906
"3780343","2004-10-04",15.4007089022581,0.658538109756097,0.536179864711139,0.364838370703322,135.077102595819,130.106898737515,132.592000666667,0.853038369590224,59.8701539025702,131.7824012,131.627388836762,0.179586419334443,0.108355050457441
"3780342","2004-10-05",15.4661074756012,0.761903273809524,0.648480734626468,0.517109453251995,135.405579735036,130.050420598298,132.728000166667,0.911813438907984,62.5831985989834,131.8720008,131.99706899186,0.331497999182062,0.152983640202365
"3780341","2004-10-06",15.2473100258682,0.714285714285716,0.711575699283781,0.632078766207129,135.548201556133,129.998465443867,132.7733335,0.841157332234544,60.8121844975338,131.9488008,132.274793126279,0.427001871161159,0.207787286394124
"3780340","2004-10-07",15.155478068194,0.833333333333333,0.769840773809526,0.709965735906592,135.878439139433,129.924228527234,132.901333833333,0.895014495318842,63.5865540350223,132.0640008,132.622154042775,0.544790257297989,0.275187880574897
"3780339","2004-10-08",15.0702055360679,0.857141369047617,0.801586805555557,0.761001092882954,136.098671806082,129.837328527252,132.968000166667,0.882025559076752,64.1334322285727,132.2816,132.944532170405,0.64003203768932,0.348156711997782
"3780338","2004-10-11",15.5658458149652,0.851062499999999,0.847179067460318,0.806202215608467,136.427417007385,129.689916659282,133.058666833333,0.944476390146164,66.3129651398914,132.5055996,133.309259881018,0.745247048047237,0.427574779207673
"3780337","2004-10-12",14.4628323116416,0.617021276595742,0.775075048547788,0.807946973854554,136.509053197166,129.666946802835,133.088,0.76190764900772,56.199085709909,132.6143996,133.390691896882,0.713650657735121,0.484789954913162
"3780336","2004-10-13",14.3261035959058,0.446808510638295,0.638297429078014,0.753517181695373,136.49525864223,129.659407691104,133.077333166667,0.521845146673642,50.2021906898221,132.5887996,133.290599643964,0.604228663317286,0.508677696593987
"3780335","2004-10-14",13.9386007492077,0.468085106382979,0.510638297872341,0.641336925166047,136.517564310336,129.674435356331,133.095999833333,0.550269426307572,50.9073838138858,132.6336,133.225186358102,0.521190179951914,0.511180193265572
"3780334","2004-10-15",14.1009675622951,0.361702127659574,0.425531914893618,0.524822547281324,136.479247329053,129.632752337614,133.055999833333,0.439239007133768,47.3006072793014,132.576,133.061828177022,0.402270038310037,0.489398162274465
"3780333","2004-10-18",14.7278222470985,0.146340162103902,0.325375798715487,0.420515337160482,136.486102141664,129.545897525003,133.015999833333,0.299813803280177,43.9474292220652,132.4736004,132.813584420086,0.256439151735499,0.442806360166672
"3780332","2004-10-19",14.369970847671,0.0571428571428608,0.188395048968781,0.313100920859295,136.485915985895,129.562084014105,133.024,0.382916954565566,45.6084163894458,132.3904,132.641106497408,0.158368115471652,0.385918711227668
"3780331","2004-10-20",14.0318362773563,0.285714285714289,0.163065768320352,0.225612205334873,136.548630229516,129.702036103818,133.125333166667,0.592697695868629,51.7654766899225,132.3904,132.662292297753,0.15669218066201,0.340073405114537
"3780330","2004-10-21",13.7178541763498,0.285714285714289,0.209523809523814,0.186994875604316,136.570085663562,129.851247336438,133.2106665,0.526195029274032,51.7654766899225,132.4224,132.68065332472,0.153589635034712,0.302776651098572
"3780329","2004-10-22",13.4262993682723,0.342857142857144,0.304761904761909,0.225783827535359,136.555853804513,130.068145528821,133.311999666667,0.503287807100249,53.2982715423623,132.4352,132.739232881424,0.168640971256306,0.275949515130119
"3780328","2004-10-25",12.5438205212473,0.200001785714286,0.276191071428575,0.263492261904766,136.394222848334,130.480443151667,133.437333,0.401248773211947,49.0977172155559,132.4480004,132.683336497234,0.130414812237367,0.246842574551568
"3780327","2004-10-26",11.7243758775813,0.257142857142856,0.266667261904764,0.282540079365082,136.166954567987,130.97437809868,133.570666333333,0.382396917289567,50.7690697133299,132.4928004,132.677558297603,0.118219375561135,0.221117934753482
"3780326","2004-10-27",11.7588504835973,0.4,0.285714880952382,0.276191071428574,136.025485823365,131.403846176635,133.714666,0.532888904866067,54.7677548155824,132.5824004,132.779217191256,0.155402198389165,0.207974787480618
"3780325","2004-10-28",11.6544319710595,0.371428571428572,0.342857142857144,0.298413095238097,136.00022075199,131.57311124801,133.786666,0.48192966917544,53.8261106048017,132.6656004,132.845988232422,0.173117194974015,0.201003268979298
"3780324","2004-10-29",11.6728157366172,0.4,0.390476190476192,0.33968273809524,136.017367606469,131.619964726865,133.818666166667,0.510915647556998,54.6655226554979,132.7744004,132.925189801432,0.194606420747334,0.199723899332905
"3780323","2004-11-01",11.6898863760636,0.46428675064007,0.411905107356216,0.381746146896517,135.97733458258,131.606663750754,133.791999166667,0.504881211028561,53.6158435129953,132.9216,132.972497827908,0.199602294083912,0.199699578283106
"3780322","2004-11-02",11.705737684121,0.46428675064007,0.442857833760048,0.415079710530819,135.845865294198,131.599467039136,133.722666166667,0.458553228070328,53.6158435129953,133.0816,133.01349811752,0.201230770361227,0.200005816698731
"3780321","2004-11-03",12.6796691652565,0.642858577809329,0.523810693029824,0.459524544715363,135.82474258783,131.604589745504,133.714666166667,0.687671046426692,58.263157584331,133.2351996,133.155698368517,0.24814300382261,0.209633254123506
"3780320","2004-11-04",13.5840341120252,0.642858577809329,0.583334635419577,0.516667720736483,135.701882417928,131.652783248739,133.677332833333,0.704819343434207,58.263157584331,133.3183996,133.278938586048,0.281994842715472,0.224105571841899
"3780319","2004-11-05",14.0448116681136,0.538460428991411,0.608059194870025,0.571734841106475,135.514294828853,131.728370837814,133.621332833333,0.663410702767463,55.6753143296386,133.3631992,133.343078774575,0.2861083191948,0.23650612131248
"3780318","2004-11-08",14.4726765416242,0.571431972809365,0.584250326536704,0.591881385608768,135.144887087948,131.948446578719,133.546666833333,0.817021333701498,58.642716571025,133.3887992,133.462669604632,0.314741062674151,0.252153109584814
"3780317","2004-11-09",14.6645498215203,0.578945983374947,0.56294612839191,0.585085216599546,135.061999013244,131.988667986756,133.5253335,0.801952450072954,57.2664471146871,133.3759996,133.544980324014,0.323975964471557,0.266517680562162
"3780316","2004-11-10",14.6121416927757,0,0.383459318728106,0.510218591218906,135.068257808031,131.939742858636,133.504000333333,0.274973000058805,42.3000860451787,133.2863996,133.317649614146,0.193631729964605,0.251940490442651
"3780315","2004-11-11",14.5634770017985,0.454545454545452,0.344497145973468,0.430300864364494,135.087853821981,131.952146511353,133.520000166667,0.576536639496435,51.9581920772063,133.2287996,133.333962998926,0.184980825380254,0.238548557430172
"3780314","2004-11-12",14.7771969489103,0.363636363636363,0.272727272727273,0.333561245809616,135.075970163451,132.044030169883,133.560000166667,0.460421325316013,50.1501693455582,133.152,133.305434599069,0.156947206763292,0.222228287296796
"3780313","2004-11-15",14.611358440378,0.500002840909088,0.439394886363636,0.352206435021459,134.904575878566,132.439424788101,133.672000333333,0.578968655276123,52.8032296783892,133.0688008,133.344711319194,0.161917694521452,0.210166168741727
"3780312","2004-11-16",15.336242106917,0.181818181818177,0.348485795454544,0.353535984848484,134.795545750815,132.628454582519,133.712000166667,0.177601550154056,46.5746460400078,133.0112008,133.229416476634,0.0969344460097776,0.187519824195337
"3780311","2004-11-17",14.9859935532577,0.272727272727274,0.318182765151515,0.368687815656565,134.786977291814,132.615689708186,133.7013335,0.428765692839108,48.4457838031471,133.0176008,133.172160946417,0.0640592842916066,0.162827716214591
"3780310","2004-11-18",14.6607627534312,0.409090909090907,0.287878787878788,0.318182449494949,134.793345157947,132.641321842053,133.7173335,0.495043346763648,51.2063466243724,133.0368008,133.186539486894,0.0663253459011859,0.14352724215191
"3780309","2004-11-19",14.7581980410212,0.272727272727274,0.31818181818182,0.308081123737374,134.794728483462,132.634605849872,133.714667166667,0.298778168158418,48.4144876929049,133.0688008,133.135000888642,0.0385869612863132,0.122539185978791
"3780308","2004-11-22",14.6670248652391,0.272727272727274,0.31818181818182,0.308080808080809,134.760887412575,132.716445920759,133.738666666667,0.301737213664764,48.414487692905,133.1328008,133.09033410349,0.0164088810505447,0.101313124993141
"3780307","2004-11-23",14.2168923629737,0.500002840909088,0.348485795454547,0.328283143939396,134.750799952199,132.827867047801,133.7893335,0.595690546237482,53.3326859259221,133.2160012,133.158290889691,0.0467924790432672,0.0904089958031666
"3780306","2004-11-24",13.7989121822987,0.619047619047617,0.463925910894661,0.376864508177009,134.781946209337,132.828720790664,133.8053335,0.695232543576877,55.1736175072473,133.2608012,133.259852104399,0.089206319752333,0.0901684605929999
"3780305","2004-11-26",13.4107877288148,0.714288690476196,0.611113050144302,0.474508252164503,134.848834176437,132.831166823564,133.8400005,0.777551285086306,57.0004574732882,133.3184016,133.390539823812,0.140523690771421,0.100239506628684
"3780304","2004-11-29",13.3993255072192,0.619047619047617,0.650794642857145,0.575277867965369,134.882488104158,132.834846229175,133.858667166667,0.686230237812678,54.603967086577,133.3504016,133.461134513971,0.159949138995152,0.112181433101978
"3780303","2004-11-30",12.9494883235156,0.619047619047617,0.650794642857145,0.637567445286197,134.930600564227,132.84006710244,133.885333833333,0.720677086383011,54.603967086577,133.4144012,133.522316578775,0.173326498593518,0.124410446200286
"3780302","2004-12-01",12.5317823672194,0.647062500000009,0.628385912698416,0.643325066137568,134.999935664708,132.866732335292,133.933334,0.768767628520796,56.7145788952063,133.4784016,133.618009034938,0.200921113685748,0.139712579697378
"3780301","2004-12-02",12.1439125506587,0.647062500000009,0.637724206349213,0.638968253968258,134.991775508735,132.869559824599,133.930667666667,0.74628615142198,56.7145788952063,133.510402,133.700942496946,0.220216764746217,0.155813416707146
"3780300","2004-12-03",11.5328887430923,0.647062500000009,0.64706250000001,0.637724206349213,134.991776037288,132.869559629379,133.930667833333,0.771415377112386,56.7145788952063,133.5488024,133.77281816402,0.232797700943643,0.171210273554446
"3780299","2004-12-06",10.9655094932091,0.647062500000009,0.64706250000001,0.643949735449744,135.026802988362,132.861200344972,133.944001666667,0.759820671650284,56.7145788952063,133.5808028,133.835110408817,0.239980129136952,0.184964244670947
"3780298","2004-12-07",10.4386573326034,0.600004166666673,0.631376388888898,0.641833796296306,135.018301384776,132.864368281891,133.941334833333,0.762466446106969,56.7145788952063,133.6192032,133.889097020975,0.242855581704293,0.196542512077616
"3780297","2004-12-08",9.72779502135842,0.666662500000003,0.63790972222223,0.638782870370379,135.05299739597,132.851004937364,133.952001166667,0.824550990417902,58.124441003126,133.6640028,133.957216084845,0.251852584167511,0.207604526495595
"3780296","2004-12-09",11.0300846182838,0.708333333333338,0.658333333333339,0.642539814814822,135.373489985214,132.839845681453,134.106667833333,1.20517613595091,66.3804136943367,133.7216028,134.165587273532,0.322620134046958,0.230607648005868
"3780295","2004-12-10",12.5582682803019,0.769228920122785,0.714741584485377,0.670328213346982,135.814236668098,132.655099665236,134.234668166667,1.16009646456524,69.1844378194626,133.7984028,134.410175637061,0.40271676203516,0.265029470811726
"3780294","2004-12-13",11.7119425926743,0.238089285714286,0.571883846390138,0.648319588069618,135.872683995884,132.745985004116,134.3093345,0.699568992189303,53.2432668837135,133.8240028,134.40881755212,0.365834085159045,0.28519039368119
"3780293","2004-12-14",10.9260687398773,0.157890927990372,0.38840304460915,0.558342825161555,135.928354368292,132.791646965041,134.360000666667,0.665776593037512,53.2432668837135,133.830402,134.407640545171,0.332770079610167,0.294706330866985
"3780292","2004-12-15",10.4895342664795,0.473682652359701,0.289887622021455,0.416724837673581,136.023515725077,132.95781894159,134.490667333333,0.870551758234026,59.7041841809738,133.881602,134.534621805815,0.360006541036118,0.307766372900812
"3780291","2004-12-16",10.5234544859404,0.157890927990372,0.263154836113484,0.313815167581363,136.064608552424,133.07672578091,134.570667166667,0.692776249063294,51.9704198911467,133.9840016,134.516670898373,0.320293696805907,0.310271837681831
"3780290","2004-12-17",10.5549518325828,0.210525623270979,0.280699734540353,0.277914064225097,136.089517835169,133.185149831498,134.637333833333,0.638641579220504,53.0617818552929,134.0288016,134.522448111923,0.295019403519126,0.30722135084929
"3780289","2004-12-20",10.5841993687506,0.235290441176464,0.201235664145941,0.248363411599926,136.069161959639,133.402838707028,134.736000333333,0.694024861574213,55.2516818258836,134.0992016,134.570121697,0.29082384316772,0.303941849312976
"3780288","2004-12-21",10.9864358972095,0.117643382352938,0.187819815600129,0.223251738095474,135.993161057641,133.649506609026,134.821333833333,0.593301368209715,52.6084348532846,134.1376012,134.5687721374,0.265247327067475,0.296202944863876
"3780287","2004-12-22",11.3599412450641,0.235290441176464,0.196074754901957,0.195043411549342,136.003502190145,133.767164809855,134.8853335,0.66455470296059,54.9304250757232,134.2336012,134.610269185747,0.261150456383885,0.289192447167878
"3780286","2004-12-23",11.9046725582536,0.176466911764701,0.176466911764703,0.186787160755596,136.004494795583,133.856838871084,134.930666833333,0.575741415626349,53.5184800325107,134.3104012,134.62489996098,0.24547630627918,0.280449218990138
"3780285","2004-12-27",13.2851518298654,0,0.13725245098039,0.169931372549017,135.998859525638,133.878473474362,134.9386665,0.321416246455531,47.0117085303858,134.3360012,134.530913299516,0.182981679786742,0.260955711149459
"3780284","2004-12-28",14.5670254392193,0.157890927990372,0.111452613251693,0.141723991998929,135.97934799041,133.945984342923,134.962666166667,0.380654484192536,50.8711566779283,134.4000008,134.513456859581,0.160390173114555,0.240842603542478
"3780283","2004-12-29",15.757336647905,0.210525623270979,0.122805517087119,0.123836860439734,135.966026175412,134.007306157921,134.986666166667,0.418314256978366,52.1230614223663,134.4704008,134.519662611637,0.150352820647925,0.222744646963568
"3780282","2004-12-30",16.2045097773852,0.263157029088722,0.21052452678336,0.148260885707391,135.967686322143,134.058978677857,135.0133325,0.513969748979814,53.4017417129729,134.5152004,134.546374263418,0.150261805710716,0.208248078712997
"3780281","2004-12-31",15.4748411308689,0.529411764705892,0.334364805688533,0.222564949853004,136.034830167416,134.114501165918,135.074665666667,0.815226019184432,58.2096510644566,134.5728004,134.654857694963,0.18639854898308,0.203878172767014
"3780280","2005-01-03",16.3260906578249,0.607144212375472,0.466571002056697,0.337153444842863,136.518192467722,133.903138198945,135.210665333333,1.27092013885547,65.8080935738816,134.6688,134.919543335634,0.288255153156181,0.220753568844847
"3780279","2005-01-04",17.1165366471412,0.71428730867703,0.616947761919466,0.472627856554899,136.978049492257,133.747280507743,135.362665,1.17599953565287,68.1470101854313,134.7968,135.21293755755,0.392852506718011,0.25517335641948
"3780278","2005-01-05",17.3663774810575,0.642858577809329,0.654763366287279,0.579427376754481,137.28155970377,133.72643629623,135.503998,1.01456216572412,64.9568688204133,134.912,135.42454588321,0.45119917203793,0.29437851954317
"3780277","2005-01-06",18.9571567711582,0.76923076923077,0.708792218572378,0.660167782259708,138.085675205223,133.375654794777,135.730665,1.23658598003218,73.0951059715358,135.0911996,135.863939765448,0.604364152413628,0.356375646117262
"3780276","2005-01-07",20.4343089691088,0.794871794871795,0.735653713970633,0.69973643294343,138.726544934533,133.076118398801,135.901331666667,1.10266866199661,73.6443986421549,135.2767992,136.266081130055,0.726192252093205,0.43033896731245
"3780275","2005-01-10",22.6047115845624,0.729165717232141,0.764422760444904,0.736289564329305,139.489207698462,132.702788968205,136.095998333333,1.10670266557185,75.7749043114667,135.4879988,136.699936979381,0.850122134737963,0.514295600797553
"3780274","2005-01-11",25.496673094485,0.682539682539684,0.735525731547875,0.745200735321137,140.616742390817,132.26858827585,136.442665333333,1.14972462877856,79.3672742170771,135.7503984,137.246612048797,1.01121431320688,0.613679343279418
"3780273","2005-01-12",25.8460875365574,0.460317460317461,0.624007620029764,0.707985370674181,141.018585065675,132.346746267659,136.682665666667,0.845639996677406,62.0312715836361,135.923198,137.421730442291,0.995179569279525,0.689979388479439
"3780272","2005-01-13",24.7158936668432,0.269841269841269,0.470899470899473,0.610144274159038,141.07668416663,132.448646833371,136.7626655,0.553777912103442,51.6228002240036,136.0127984,137.317499716652,0.859824233600137,0.723948357503579
"3780271","2005-01-14",24.7207304632649,0.349999635417045,0.36005278852526,0.484986626484833,141.26880274879,132.613861584544,136.941332166667,0.705508175377822,56.2358905930751,136.102398,137.376498421098,0.809013040691098,0.740961294141083
"3780270","2005-01-18",25.1612714456318,0.576271186440678,0.398704030566333,0.409885429997022,141.730208523766,132.707122142901,137.218665333333,0.873264519238354,63.6928800843308,136.262398,137.726298631619,0.889734160411004,0.770715867395067
"3780269","2005-01-19",25.1256035691259,0.500000000000002,0.47542360728591,0.411393475459168,142.002712703894,132.893284629439,137.447998666667,0.7625852373807,60.5199625354681,136.4607984,137.944125480736,0.90541828943782,0.797656351803618
"3780268","2005-01-20",24.5565894934895,0.37037037037037,0.482213852270351,0.452113830040865,142.13751042098,133.179820245686,137.658665333333,0.678022232159591,56.7165584737277,136.6271988,138.026242083305,0.861008014033748,0.810326684249644
"3780267","2005-01-21",23.4243320209006,0.130436141304349,0.333602170558242,0.430413210038168,142.17344820721,133.46921679279,137.8213325,0.578736896348042,52.4563278858159,136.7167992,137.969411138864,0.760918877517014,0.800445122903118
"3780266","2005-01-24",22.372950082068,0.282608695652175,0.2611384024423,0.358984808423631,142.218487782126,133.824177217875,138.0213325,0.627705643617537,56.5563108553615,136.8895996,138.069489653682,0.738556065188489,0.788067311360192
"3780265","2005-01-25",21.3966668531521,0.326085597826087,0.246376811594205,0.280372461531582,142.167933657274,134.34406367606,138.255998666667,0.6274720399318,57.6792334003783,137.0687992,138.198889699858,0.731025829295606,0.776659014947275
"3780264","2005-01-26",20.680322684016,0.282608695652175,0.297100996376814,0.268205403471106,142.050184437256,134.90448022941,138.477332333333,0.593669471036634,56.1171528821796,137.2223992,138.26837107321,0.698262184028509,0.760979648763522
"3780263","2005-01-27",20.0151459555325,0.369565217391307,0.326086503623191,0.289854770531404,141.89503284492,135.534298488414,138.714665666667,0.634995052228262,58.5358682453494,137.4143992,138.413921596782,0.701482314091817,0.749080181829181
"3780262","2005-01-28",19.2651770704444,0.347826086956521,0.333333333333336,0.318840277777781,141.643626165444,136.22837216789,138.935999166667,0.597994941740415,57.6799359214635,137.5871992,138.518732050545,0.686701613313012,0.736604468125947
"3780261","2005-01-31",19.288844935693,0.304347826086957,0.34057971014493,0.333333182367153,141.402822363189,136.863842303478,139.133332333333,0.608688367616357,55.9188117554978,137.7535992,138.566901110472,0.648825057239999,0.719048585948758
"3780260","2005-02-01",19.3108222391382,0.51515151515152,0.389108476065001,0.354340506514423,141.354423467424,137.152241532576,139.2533325,0.588842932660901,57.9907921511205,137.9711992,138.672647629076,0.639345598042818,0.70310798836757
"3780259","2005-02-02",19.5357006249146,0.593749206541422,0.471082849259968,0.4002570118233,141.340711322992,137.405953343674,139.373332333333,0.645708495841448,59.3621259545163,138.1823992,138.806959945199,0.642958655575598,0.691078121809175
"3780258","2005-02-03",19.5799924014503,0.461538276626334,0.523479666106427,0.461223663810465,141.236187051127,137.76114461554,139.498665833333,0.59822445998672,58.3367525378495,138.3807992,138.902031952506,0.629192705341786,0.678701038515697
"3780257","2005-02-04",19.9478595425211,0.461538276626334,0.505608586598032,0.500057033988142,141.283660994472,137.793671005528,139.538666,0.632188726842984,58.3367525378495,138.5727992,138.984427692172,0.611187721329332,0.665198375078424
"3780256","2005-02-07",20.501845656381,0.782608104913326,0.568561552722,0.532549935142153,141.428730881882,137.792601118118,139.610666,0.812420276632466,62.8074595863637,138.7775992,139.183837333215,0.645101135849835,0.661178927232706
"3780255","2005-02-08",20.8262730070044,0.739132443294682,0.661092941611449,0.57842102697716,141.487479356253,137.776519643747,139.6319995,0.771629779021697,61.6207180634382,138.9247996,139.33532702212,0.655002952738237,0.659943732333813
"3780254","2005-02-09",21.3574202116104,0.759997499999997,0.76057934940267,0.663411281245373,141.256563479889,137.916769186778,139.586666333333,0.911204068116543,63.1215956887624,139.0655996,139.509283419171,0.673483876630177,0.662651761193085
"3780253","2005-02-10",21.6435987148161,0.611108989204896,0.70341297749986,0.708361756171326,141.38486545586,137.895133877473,139.639999666667,0.817120951896095,61.8197957000349,139.2127996,139.638712296615,0.671023583982366,0.664326125750942
"3780252","2005-02-11",20.7684254646936,0.277776813274958,0.549627767493285,0.671206698131938,141.116511871191,138.419488128809,139.768,0.506922445548584,54.5503725601459,139.2447996,139.622883990399,0.606570196408374,0.652774939882428
"3780251","2005-02-14",20.3712713882539,0.333328703719781,0.40740483539988,0.553481860131008,141.098519963387,138.570813369946,139.834666666667,0.586505293204226,55.4897469920005,139.2767992,139.630498125013,0.558304585834213,0.633880869072785
"3780250","2005-02-15",20.5136948647438,0,0.203701838998248,0.386911480630471,141.209532881481,138.171801451853,139.690667166667,-0.153116932584363,37.8136730455271,139.1487996,139.189099708344,0.321879499015099,0.571480595061248
"3780249","2005-02-16",24.7910630310386,0,0.111109567906595,0.240738747434907,148.343493398298,128.808507601702,138.5760005,-0.576495987880251,9.71713692905725,137.8367996,135.030553080565,-1.52075842476153,0.153032791096693
"3780248","2005-02-17",28.7629048997409,0.0619047434807311,0.0206349144935785,0.11181544046614,152.037009437333,122.501658229334,137.269333833333,-0.317641668225454,14.7285715684652,136.6975996,131.703812669823,-2.87085285202006,-0.451744337526657
"3780247","2005-02-18",31.5691674936654,0.309523717403656,0.123809486961464,0.085184656453879,152.976859470921,119.657807195746,136.317333333333,-0.00573667364548637,31.1834390014752,135.9679996,129.929970980513,-3.41552422761275,-1.04450031554388
"3780246","2005-02-22",34.3218654330622,0.242857070578253,0.204761843820881,0.116402081758641,153.705953937894,116.790046062107,135.248,0.0248299624011466,29.5311695544187,135.104,128.093974849778,-3.95493631362305,-1.62658751515971
"3780245","2005-02-23",36.8779420910735,0.285714200680297,0.279364996220737,0.202645442334361,153.939776404025,114.481557929309,134.210667166667,0.102009388486126,32.0246583419129,134.208,126.694778203141,-4.25422190363305,-2.15211439285438
"3780244","2005-02-24",39.1232399911147,0.333333234127014,0.287301501795189,0.257142780612269,153.799519506004,112.675148160663,133.237333833333,0.170333347603395,34.7858366743453,133.4016,125.695474442722,-4.3464171604482,-2.59097494637314
"3780243","2005-02-25",40.8118486478344,0.371428460884387,0.330158631897234,0.298941709971053,153.32376973837,111.278897928297,132.301333833333,0.227719457637701,36.9908996965373,132.6784,125.000077850359,-4.29181282197924,-2.93114252149436
"3780242","2005-02-28",41.8544103643669,0.361904654195043,0.355555449735483,0.324338527809302,152.677633082922,110.085034583745,131.381333833333,0.257829587061567,36.6571944803068,131.9807996,124.354734136978,-4.22340910595362,-3.18959583838621
"3780241","2005-03-01",42.1262204116533,0.371428460884387,0.368253858654607,0.351322646762441,151.821410663654,109.165257003013,130.493333833333,0.297762657287435,37.2666628550027,131.2511996,123.838102918714,-4.10342143123209,-3.37236095695539
"3780240","2005-03-02",41.4478040603892,0.485576923076923,0.406303346052119,0.376704218147403,150.789106694156,108.752227639178,129.770667166667,0.39063570044482,43.9461325821984,130.656,123.881022529552,-3.72623687588525,-3.44313614074136
"3780239","2005-03-03",40.705112195452,0.560975609756098,0.472660331239137,0.415739178648621,149.633357289692,108.590644376975,129.112000833333,0.443018691162701,47.6032021718438,130.1632,124.216886192279,-3.24375686080779,-3.40326028475465
"3780238","2005-03-04",40.1683601124656,0.536585365853658,0.527712632895561,0.468892103395606,148.379636165429,108.484365501238,128.432000833333,0.445056123273756,46.437930596658,129.6128,124.401301366642,-2.87988054351026,-3.29858433650577
"3780237","2005-03-07",40.5749378436971,0.369458128078818,0.489006367896193,0.49645977734363,146.924991775122,108.189676224878,127.557334,0.369610786395116,39.2035816306631,128.8448,123.814461184423,-2.92190674239328,-3.22324881768327
"3780236","2005-03-08",40.9524743084121,0.458100558659218,0.454714684197233,0.490477894996329,145.141285648868,108.154715684465,126.648000666667,0.389473377212291,41.1773046037359,128.1344,123.455199693166,-2.85100723775784,-3.14880050169819
"3780235","2005-03-09",41.5742067884367,0.522935779816514,0.450164822184851,0.464628624759426,143.143563869768,108.141770130232,125.642667,0.354026519192482,38.8489183732342,127.328,122.887839734078,-2.88856201914283,-3.09675280518711
"3780234","2005-03-10",42.1515298056024,0.267605633802817,0.416213990759518,0.440364499047201,140.763212761733,108.394120904934,124.578666833333,0.348662209770814,38.8489183732342,126.5088004,122.396127769534,-2.88696757379545,-3.05479575890878
"3780233","2005-03-11",43.0978164136864,0,0.263513804539779,0.376630872494716,138.067126668095,108.727540331905,123.3973335,0.286045603095055,35.1945353490857,125.5744004,121.564644066929,-3.05378820510187,-3.0545942481474
"3780232","2005-03-14",44.4349865625749,0,0.0892018779342739,0.256309891077857,135.280591114937,108.884742218397,122.082666666667,0.174595298412267,30.9096981352247,124.4736004,120.289358191339,-3.42909385531359,-3.12949416958064
"3780231","2005-03-15",45.8300704414191,0,1.42478621493562e-15,0.117571894158018,131.678317786491,109.729682880176,120.704000333333,0.125306978386737,29.4258175111096,123.2704004,118.97077709916,-3.7993616794303,-3.26346767155057
"3780230","2005-03-16",47.4282117347471,0,1.42478621493562e-15,0.0297339593114256,128.386034410577,110.109965589423,119.248,-0.0833493754955285,26.4207346360764,121.9328,117.358673485939,-4.29427735547113,-3.46962960833468
"3780229","2005-03-17",48.1358127615185,0,1.42478621493562e-15,1.40165656858926e-15,128.962245365269,108.691087968065,118.826666666667,0.0211587342316442,26.2893123115085,120.576,115.940183687814,-4.65703357911013,-3.70711040248977
"3780228","2005-03-18",48.0050147963845,0.276923076923077,0.0923076923076938,0.0307692307692322,128.93135783111,108.775308835557,118.853333333333,0.242012931147989,38.2060503912339,119.456,115.478825862772,-4.49853826085751,-3.86539597416332
"3780227","2005-03-21",47.7046053522173,0.292307692307692,0.189743589743591,0.0940170940170955,128.86990701701,108.292759649657,118.581333333333,0.278654126086837,38.7980269808085,118.3872,115.121649081069,-4.30264442603153,-3.95284566453696
"3780226","2005-03-22",47.922915145876,0.115384615384616,0.22820512820513,0.170085470085472,129.01756078969,107.515772543644,118.266666666667,0.181266820465786,34.6831264542504,117.1648004,114.321429203593,-4.35812492967398,-4.03390151756437
"3780225","2005-03-23",48.4071267275332,0,0.135897435897437,0.184615384615386,129.390084968506,106.087248364827,117.738666666667,0.0797936463042428,32.2786879186867,115.9808,113.307905309781,-4.52530339826203,-4.1321818937039
"3780224","2005-03-24",48.256289663785,0.0615384615384616,0.0589743589743605,0.141025641025643,129.389372781001,105.053293885666,117.221333333333,0.175872188205635,34.871952968933,115.9808,112.60018460181,-4.52018842855453,-4.20978320067402
"3780223","2005-03-28",48.1162266760188,0.188034188034188,0.0831908831908846,0.0926875593542274,129.080425463431,104.343574536569,116.712,0.255614271549461,39.2557406919295,115.9872,112.285493321569,-4.30867668739446,-4.22956189801811
"3780222","2005-03-29",48.1920669464908,0.12621359223301,0.125262080601888,0.0891424409223775,128.707938262286,103.569395071047,116.138666666667,0.23989476570203,37.5078941502306,115.6032,111.820760878693,-4.19775014208834,-4.22319954683216
"3780221","2005-03-30",48.439895186649,0.0574712643678159,0.123906348211673,0.110786437334815,128.17871476501,102.74928523499,115.464,0.221162967564952,35.9745905888318,115.2576,111.247326094867,-4.15678164047565,-4.20991596556086
"3780220","2005-03-31",47.8773973441539,0.194805194805195,0.126163350468675,0.125110593094078,126.805991751628,102.612674915039,114.709333333333,0.308652390881256,39.3141385156997,114.9184,110.963682615551,-3.96467701489467,-4.16086817542762
"3780219","2005-04-01",46.2413850050742,0.209677419354838,0.153984626175951,0.1346847749521,124.76030652792,103.069026805414,113.914666666667,0.360097389112633,38.8773744273099,114.5024,110.675191600145,-3.79301297876915,-4.08729713609593
"3780218","2005-04-04",44.7222306902145,0.370967741935484,0.258483452031841,0.179543809558822,122.461837958562,103.874162041439,113.168,0.399861965442447,42.3274004749641,114.0992,110.638499386792,-3.50067705737677,-3.96997312035209
"3780217","2005-04-05",43.3115873978447,0.459016393442623,0.34655385157765,0.253007309928481,120.881196384213,104.356136949121,112.618666666667,0.433515115574489,44.0285466924591,113.7408,110.71336613522,-3.17410282426474,-3.81079906113462
"3780216","2005-04-06",41.8106180166799,0.475409836065574,0.435131323814562,0.346722875808018,118.970658410728,105.189341589272,112.08,0.478715144776527,44.3818949740339,113.376,110.799583983857,-2.87040329603337,-3.62271990811437
"3780215","2005-04-07",40.2846393374119,0.491803278688524,0.475409836065575,0.419031670485929,117.350921127011,105.955745539656,111.653333333333,0.530422231233644,44.7574682285156,112.8704,110.895639452676,-2.58810809739973,-3.41579754597144
"3780214","2005-04-08",38.8676591352345,0.540983606557377,0.50273224043716,0.471091133439099,115.658458531633,106.912208135034,111.285333333334,0.618298312962646,45.9369333017098,112.2944,111.042887525653,-2.30283857687583,-3.19320575215232
"3780213","2005-04-11",37.2600875706904,0.568965517241379,0.533917467495762,0.504019847999499,114.579731355633,107.532268644368,111.056,0.709626271732061,45.9369333017098,111.7504,111.170502522232,-2.05296332881841,-2.96515726748554
"3780212","2005-04-12",35.7673425464709,0.653846153846153,0.587931759214971,0.541527155715964,114.437233643409,107.589433023258,111.013333333334,0.737545856969,46.3795118765564,111.4368,111.302435519268,-1.82223425384364,-2.73657266475716
"3780211","2005-04-13",34.9161234237167,0.404255319148936,0.542355663412158,0.554734963374297,114.308418923193,107.590247743474,110.949333333333,0.53731174153812,42.6219375445003,111.0144,111.203444116699,-1.73520295945194,-2.53629872369612
"3780210","2005-04-14",34.647300299583,0.170212765957447,0.409438079650847,0.513241834092659,114.233271066229,107.809395600438,111.021333333334,0.345160966777202,38.8895110909688,110.5984,110.882984901139,-1.77384683750605,-2.3838083464581
"3780209","2005-04-15",35.1085756292487,0,0.191489361702129,0.381094368255045,114.392821367521,107.500511965812,110.946666666667,0.0183036908968631,33.6904036934915,110.0672,110.221253580987,-1.9928110648909,-2.30560889014466
"3780208","2005-04-18",37.5588265615344,0,0.0567375886524836,0.219221676668486,117.528754079884,102.524579253449,110.026666666667,-0.484614849148874,18.1537282922544,108.9728,107.365086436856,-3.40483226107695,-2.52545356433112
"3780207","2005-04-19",39.8340595700855,0.213414634146342,0.0711382113821152,0.106455053912243,118.568912315902,99.6817543507655,109.125333333334,-0.194934270024199,29.591601852446,108.2688,105.636408245275,-4.08764622277811,-2.83789209602052
"3780206","2005-04-20",41.6997625117883,0.347560975609756,0.186991869918701,0.104955889984433,118.913743653781,98.0515896795523,108.482666666667,0.0243699821732578,35.6765264243687,107.7696,104.607553812572,-4.32341278203938,-3.13499623322429
"3780205","2005-04-21",43.445492885065,0.361290322580646,0.307421977445582,0.188517352915466,119.339424245623,96.6605757543772,108,0.0719947302256715,35.5262323390904,107.4048,103.694546637562,-4.47846154792821,-3.40368929616508
"3780204","2005-04-22",45.1752955977255,0.309677419354839,0.339509572515082,0.277974473293122,119.592759211255,95.239240788745,107.416,0.0991270543625841,34.2820036990743,106.9952,102.732607085887,-4.65462707669639,-3.65387685227134
"3780203","2005-04-25",46.9738290559051,0.212903225806452,0.29462365591398,0.313851735291548,119.736121706601,93.6185449600663,106.677333333334,0.0870979875102249,32.0177367512129,106.2592,101.578926141102,-4.93523732554746,-3.91014894692656
"3780202","2005-04-26",48.6438958385005,0.354838709677419,0.292473118279571,0.308868782236211,119.606106986727,92.5912263466062,106.098666666667,0.201201715175746,38.4398398825806,105.6512,101.048402655622,-4.82916369245044,-4.09395189603134
"3780201","2005-04-27",50.0400198483743,0.354838709677419,0.307526881720431,0.298207885304661,119.481156701689,91.6921766316446,105.586666666667,0.231788165145078,38.4398398825806,105.1904,100.588615634872,-4.69382411120227,-4.21392633906553
"3780200","2005-04-28",51.4115974314857,0.32258064516129,0.344086021505378,0.314695340501793,119.118371838879,90.7962948277875,104.957333333334,0.236460006196685,37.5059440271349,104.7936,100.083466883556,-4.600433578383,-4.29122778692902
"3780199","2005-04-29",52.947199318893,0.2,0.292473118279571,0.314695340501793,118.70503868286,89.5936279838074,104.149333333333,0.176094936421597,34.1142193186131,104.224,99.2403379657485,-4.72185137518394,-4.37735250458
"3780198","2005-05-02",54.3989244683125,0.195945945945946,0.239508863702414,0.292022667829121,118.076535813025,88.510130853642,103.293333333333,0.191992764112608,33.7680508038808,103.552,98.4669595703154,-4.7951753538675,-4.4609170744375
"3780197","2005-05-03",55.4859136992069,0.202702702702703,0.199549549549551,0.243843843843845,117.195469343791,87.6845306562091,102.44,0.229365888655126,34.127972351154,102.944,97.8180316276067,-4.79025692763131,-4.52678504507626
"3780196","2005-05-04",55.4861745050475,0.309352517985612,0.236000388878088,0.225019600710018,115.992949369406,87.3563839639278,101.674666666667,0.31860021992466,38.7851732347119,102.4704,97.5329607439258,-4.5652575010168,-4.53447953626437
"3780195","2005-05-05",54.786362491612,0.462809917355372,0.324955046014564,0.253501661480734,114.558196945185,87.4258030548148,100.992,0.402502766839445,43.1162588992838,102.016,97.5632326447357,-4.16762221555587,-4.46110807212267
"3780194","2005-05-06",53.0788852597801,0.584905660377359,0.452356031906116,0.337770488932923,112.890803658048,87.818529675286,100.354666666667,0.46883675833031,44.4193216031509,101.6,97.6748016254376,-3.75612011889879,-4.32011048147789
"3780193","2005-05-09",51.4933706873648,0.660377358490567,0.569364312074434,0.448891796665038,110.950524651591,88.5054753484097,99.7280000000001,0.512118485298284,45.757462502358,101.1456,97.8568280753793,-3.33844204034004,-4.12377679325032
"3780192","2005-05-10",49.2155079784601,0.553846153846154,0.599709724238028,0.540476689406193,108.693361227296,89.5733054393714,99.1333333333335,0.584379112238373,46.1067931747709,100.6656,98.0359176653287,-2.95986198617926,-3.89099383183611
"3780191","2005-05-11",47.2305591856053,0.507692307692308,0.573971940009678,0.581015325440713,106.363795911055,90.7455374222788,98.5546666666668,0.568637614159752,45.1670177662607,100.16,98.1271286432849,-2.66829764677958,-3.64645459482481
"3780190","2005-05-12",46.3985822521586,0.092307692307693,0.384615384615386,0.519432349621031,103.694795811686,92.1452041883141,97.9200000000001,0.449204553217312,37.7160518576869,99.4752000000001,97.6301781575136,-2.76119104472298,-3.46940188480444
"3780189","2005-05-13",44.7985921882397,0.472972972972974,0.35765765765766,0.438748327427575,101.610762283058,93.5785710502752,97.5946666666668,0.938900572852976,47.6963221890556,98.9568000000001,97.8181544031784,-2.42522936048697,-3.26056737994095
"3780188","2005-05-16",42.7824751546721,0.759036144578313,0.441438936619661,0.394570659630903,102.954099149652,93.1685675170151,98.0613333333335,1.16683483108572,55.1662433408445,98.6176000000001,98.5784004827546,-1.77087582651161,-2.96262906925508
"3780187","2005-05-17",40.8511237448425,0.857142857142857,0.696383991564716,0.498493528614013,104.332191415978,92.7504752506886,98.5413333333335,1.10946638355905,57.2782810582392,98.3296000000001,99.4292804183873,-1.12450959610937,-2.59500517462594
"3780186","2005-05-18",38.3954607993789,0.678260869565217,0.764813290428797,0.634212072871058,106.090008001502,91.9259919984985,99.0080000000001,1.1273173746379,58.6759142867524,98.1440000000001,100.294709695936,-0.531885853350778,-2.1823813103709
"3780185","2005-05-19",36.1152023500199,0.747826086956522,0.761076604554867,0.740757962182794,107.685841585585,91.3434917477487,99.5146666666668,1.04533161316659,60.5300213578657,98.0800000000001,101.215415069811,0.0359721479607167,-1.73871061870458
"3780184","2005-05-20",34.1107877194217,0.552631578947369,0.659572845156371,0.728487580046678,108.289450582267,91.4438827510669,99.8666666666668,0.786524426782872,53.4303686580296,97.9904000000001,101.544026393836,0.201617552759648,-1.35064498441174
"3780183","2005-05-23",31.9522076427932,0.623853211009174,0.641436958971023,0.68736213622742,109.005555827375,91.7464441726254,100.376,0.830492096818331,55.9589996408024,98.6496000000001,102.042156207991,0.453499278126768,-0.989816131904035
"3780182","2005-05-24",30.1725579208639,0.73394495412844,0.636809914694996,0.64593990627413,110.095024950789,91.6809750492115,100.888,0.900708519098479,58.8467069816449,99.1616000000001,102.729868713592,0.793316107865993,-0.633189683950029
"3780181","2005-05-25",28.5200260362152,0.761467889908257,0.706422018348625,0.661556297338215,111.106688668842,91.7146446644916,101.410666666667,0.870048665235597,59.5605875017604,99.5520000000001,103.389886218447,1.08508100199105,-0.289535546761813
"3780180","2005-05-26",26.9855321433272,0.779816513761468,0.758409785932723,0.700547239658782,111.985495139154,91.9558381941799,101.970666666667,0.835635636952511,60.0580310844536,99.9616000000001,104.004568055987,1.32351771595205,0.0330751057809594
"3780179","2005-05-27",25.560644957074,0.779816513761468,0.773700305810399,0.746177370030582,112.466179203256,92.845820796744,102.656,0.794116271838904,60.0580310844536,100.4224,104.537292315189,1.49322270732644,0.325104626090055
"3780178","2005-05-31",24.502807108634,0.779816513761468,0.779816513761469,0.770642201834864,112.712953747579,94.0497129190884,103.381333333333,0.78462366471159,60.0580310844536,100.9792,104.998986673164,1.60758386268185,0.581600473408414
"3780177","2005-06-01",24.0717395996364,0.844036697247706,0.801223241590215,0.784913353720694,112.965913164838,95.3540868351622,104.16,0.833109500221518,62.0962163336293,101.44,105.548455116742,1.76203219473148,0.817686817673027
"3780176","2005-06-02",23.6714626269958,0.8125,0.812117737003059,0.797719164118248,113.269981409678,96.4153519236554,104.842666666667,0.813899909283318,62.6821486534847,101.9136,106.067327767843,1.88519170072727,1.03118779428388
"3780175","2005-06-03",23.2997768666867,0.73076923076923,0.795768642672313,0.803036540421863,113.622182643017,97.2524840236502,105.437333333333,0.79338760464317,62.9902092885965,102.4256,106.538350732131,1.97053254828836,1.21905674508477
"3780174","2005-06-06",23.1212568855923,0.846153846153846,0.79647435897436,0.801453579549911,114.096491074186,97.9355089258141,106.016,0.817472454307697,65.158413678855,103.104,107.095903967847,2.09676233963765,1.39459786399535
"3780173","2005-06-07",23.7106518521047,0.716417910447761,0.76444699579028,0.785563332478985,114.672578612219,98.596754721115,106.634666666667,0.856974964738345,66.3708154482952,103.8208,107.664450105467,2.21715193543328,1.55910867828293
"3780172","2005-06-08",24.8378520054165,0.728395061728395,0.763655606110002,0.774858986958214,115.532111488836,99.0918885111644,107.312,0.924649552674257,69.5126656342892,104.6016,108.391856758071,2.4134265483589,1.72997225229813
"3780171","2005-06-09",26.0363359082269,0.870588235294117,0.771800402490092,0.766634334796791,116.413118553915,99.8588814460856,108.136,0.981488009066693,73.1908644768419,105.3952,109.342275856995,2.71123240305562,1.92622428244963
"3780170","2005-06-10",27.3011984985325,0.911392405063291,0.836791900695269,0.790749303098454,116.715462875619,101.540537124382,109.128,1.03017283018188,74.9282036507806,106.1568,110.336639076063,3.00076693990343,2.14113281394039
"3780169","2005-06-13",27.2356254285405,0.686567164179104,0.822849268178839,0.810480523788067,117.012101235232,102.699898764768,109.856,0.906925489771323,66.7731570927687,106.8032,110.899753865921,3.02771206076282,2.31844866330487
"3780168","2005-06-14",27.1747361492622,0.671875,0.7566115230808,0.805417563984969,117.484759590985,103.293907075681,110.389333333333,0.842756010941155,66.7731570927687,107.424,111.387786683798,3.01228330071155,2.45721559078621
"3780167","2005-06-15",26.6069564293822,0.564516129032257,0.640986097737122,0.74014896299892,117.780160555939,103.883839444061,110.832,0.760596549559988,63.3463077488262,108,111.682748459292,2.89600811229933,2.54497409508883
"3780166","2005-06-16",25.1133830228946,0.14516129032258,0.460517473118281,0.619371697978734,117.808233694481,104.175766305519,110.992,0.507433234970748,51.1064675903984,108.4288,111.383715331386,2.47494344460379,2.53096796499183
"3780165","2005-06-17",23.7264934311562,0.274193548387097,0.327956989247313,0.476486853367572,117.883690927232,104.441642406101,111.162666666667,0.550389145097076,54.0485509492137,109.0816,111.295219953868,2.20855001748059,2.46648437548958
"3780164","2005-06-20",22.4386673816847,0.363636363636362,0.260997067448681,0.349823843271425,117.619667464993,105.510999201674,111.565333333333,0.597560962745327,57.4918185842968,109.6128,111.431857293352,2.08924503368193,2.39103650712805
"3780163","2005-06-21",21.1179251943512,0.320754716981132,0.319528209668198,0.302827422121398,117.456349378828,106.383650621173,111.92,0.613191315032094,57.0315919515875,109.9584,111.528942987572,1.96033953114367,2.30489711193117
"3780162","2005-06-22",20.2735373227757,0.584905660377359,0.423098913664953,0.334541396927278,117.679200203242,106.832799796758,112.256,0.751757870291616,61.6590385807837,110.336,111.911750589229,1.99653555466952,2.24322480047884
"3780161","2005-06-23",19.3364772674146,0.547169811320754,0.48427672955975,0.4089679509643,117.784679534532,107.319320465468,112.552,0.686774926093514,60.6541012712137,110.6624,112.200850510665,1.97842261423353,2.19026436322978
"3780160","2005-06-24",18.5355969787035,0.547169811320754,0.559748427672957,0.489041356965887,117.831845986927,107.85882067974,112.845333333333,0.671930443757222,60.6541012712137,110.9376,112.45140377591,1.94105001301743,2.14042149318731
"3780159","2005-06-27",17.8648967608708,0.528301886792453,0.540880503144655,0.528301886792454,117.747455462106,108.551211204561,113.149333333333,0.647596485621779,60.0862213855403,111.3472,112.647216605789,1.87783484472013,2.08790416349387
"3780158","2005-06-28",16.8016751123662,0.433962264150944,0.503144654088052,0.534591194968555,117.539899837234,109.286766829433,113.413333333333,0.567853020116192,57.2024196324936,111.6608,112.710254391683,1.7500477542681,2.02033288164872
"3780157","2005-06-29",15.9790370191392,0.584905660377359,0.515723270440254,0.519916142557654,117.525962247704,109.791371085629,113.658666666667,0.664800781315587,60.4713603354565,111.9488,112.935553806126,1.72031080621986,1.96032846656295
"3780156","2005-06-30",15.1201703845219,0.566037735849056,0.528301886792454,0.515723270440254,117.432111528009,110.354555138658,113.893333333333,0.631872256749164,59.8559148419807,112.2112,113.109479965309,1.66572787386992,1.90140834802434
"3780155","2005-07-01",14.9959287991401,0.775510204081632,0.642151200102684,0.562058785778464,117.425365994072,110.947967339262,114.186666666667,0.796415289890198,63.0921034350581,112.512,113.430882636601,1.69369433067517,1.85986554455451
"3780154","2005-07-05",14.880561612714,0.857142857142857,0.73289693235785,0.634450006417663,117.520626023059,111.386040643608,114.453333333333,0.83036734209538,64.627541120417,112.8384,113.794764951721,1.74041882596305,1.83597620083622
"3780153","2005-07-06",14.659828652782,0.836734693877551,0.823129251700681,0.732725794720405,117.664655975798,111.636677357536,114.650666666667,0.776930865062443,63.911697847953,113.1584,114.088796291491,1.74515638421027,1.81781223751103
"3780152","2005-07-07",15.0224002342291,0.170731707317074,0.621536419445829,0.72585420116812,117.671869323618,111.522797343049,114.597333333333,0.277093735282654,48.782327234502,113.2672,113.788956785959,1.43775206541223,1.74180020309127
"3780151","2005-07-08",14.7989208113691,0.676470588235293,0.561312329809974,0.668659333652161,117.656398001421,111.527601998579,114.592,0.729735171369237,58.2073000636407,113.5104,114.019762547831,1.43830201305215,1.68110056508344
"3780150","2005-07-11",14.4985405061155,0.705882352941177,0.517694882831183,0.566847877362329,117.463547410213,111.619119256454,114.541333333333,0.776958946894674,58.5643192789803,113.7536,114.241127541454,1.43310993137045,1.63150243834084
"3780149","2005-07-12",14.2985370477676,0.676470588235293,0.686274509803923,0.588427240815027,117.523790777541,111.601542555793,114.562666666667,0.760711801023442,58.0304538325761,113.9456,114.41164386926,1.40119806180585,1.58544156303385
"3780148","2005-07-13",14.2763500263731,0.61764705882353,0.666666666666668,0.623545353100591,117.598479355013,111.590853978321,114.594666666667,0.71616971519315,56.913011906929,114.0992,114.516758020025,1.33771658314767,1.53589656705661
"3780147","2005-07-14",14.255747792221,0.794117647058823,0.69607843137255,0.683006535947714,117.817531417395,111.579801915939,114.698666666667,0.794124114589821,59.436549745488,114.2208,114.735856950689,1.3393542868956,1.49658811102441
"3780146","2005-07-15",14.7449766501115,0.600000000000001,0.670588235294119,0.677777777777779,117.625282662214,112.257384004453,114.941333333333,0.68728619846046,55.9100928388583,114.208,114.797742690597,1.25840362207719,1.44895121323497
"3780145","2005-07-18",15.1992605895813,0.628571428571428,0.674229691876752,0.68029878618114,117.433680004803,112.843653328531,115.138666666667,0.641175650100176,56.3746692511126,114.1504,114.872710331851,1.19169412554532,1.39749979569704
"3780144","2005-07-19",15.6210956762318,0.628571428571428,0.619047619047621,0.654621848739497,117.319044891314,113.26228844202,115.290666666667,0.622265165828759,56.3746692511126,114.1824,114.937682287604,1.12578109959602,1.34315605647683
"3780143","2005-07-20",16.0127996852644,0.628571428571428,0.62857142857143,0.640616246498601,117.192822165556,113.628511167777,115.410666666667,0.545637618818294,56.3746692511126,114.2144,114.993991315923,1.06125651299258,1.28677614777998
"3780142","2005-07-21",15.9205266990601,0.628571428571428,0.62857142857143,0.625396825396827,117.224336304495,113.671663695505,115.448,0.580315121807495,56.3746692511126,114.2848,115.0427924738,0.998565624128611,1.22913404304971
"3780141","2005-07-22",15.2582384467226,0.657142857142856,0.638095238095239,0.631746031746033,117.265308301225,113.785358365442,115.525333333333,0.651726320706693,56.9843233025908,114.528,115.10642014396,0.949120257373326,1.17313128591443
"3780140","2005-07-25",14.233590208071,0.722222222222223,0.669312169312171,0.645326278659613,117.357612285246,113.890387714754,115.624,0.762265484927669,58.8425517752812,114.7392,115.225564124766,0.932745246512834,1.12505407803411
"3780139","2005-07-26",13.2821311293232,0.75,0.709788359788361,0.672398589065257,117.438491273847,114.022842059487,115.730666666667,0.766225621035754,59.4710458341099,114.8928,115.350155574797,0.920229124494965,1.08408908732628
"3780138","2005-07-27",12.5427796276063,0.333333333333333,0.601851851851854,0.660317460317462,117.363189130905,114.327477535762,115.845333333333,0.638792279875073,58.5088597882955,115.0464,115.436801498157,0.888759100424941,1.04502308994601
"3780137","2005-07-28",11.891399538804,0.399999999999999,0.494444444444446,0.602028218694887,117.410798318522,114.439868348145,115.925333333333,0.704649724517917,59.219405004073,115.1168,115.53322796507,0.864947682589889,1.00900800847479
"3780136","2005-07-29",11.1263768366754,0.333333333333333,0.355555555555557,0.483950617283952,117.415957151208,114.594709515459,116.005333333333,0.64934291055994,58.1470254231748,115.1936,115.595464236394,0.82531580401406,0.972269567582644
"3780135","2005-08-01",10.4159986132703,0.466666666666664,0.4,0.416666666666668,117.462194650962,114.596472015705,116.029333333333,0.694482650371106,59.7181429009669,115.2832,115.692069004874,0.806878922439047,0.939191438553924
"3780134","2005-08-02",9.75636169153695,0.533333333333336,0.444444444444446,0.400000000000001,117.489205146125,114.590794853875,116.04,0.725410920972808,60.5162396202952,115.3856,115.797126470891,0.794178822817315,0.910188915406603
"3780133","2005-08-03",9.67418263429986,0.600000000000001,0.533333333333335,0.459259259259261,117.571899848509,114.572100151492,116.072,0.796019764547257,61.3410995782545,115.5264,115.909509608106,0.786097787947404,0.885370689914763
"3780132","2005-08-04",10.3736299078424,0.526315789473681,0.553216374269007,0.510331384015596,117.19221502834,115.373118304994,116.282666666667,1.13621319222888,63.0057044267732,115.6288,116.049574993692,0.792702723801231,0.866837096692057
"3780131","2005-08-05",11.0231166618463,0.578947368421053,0.56842105263158,0.551656920077974,117.412100544414,115.307899455586,116.36,1.06395117033602,63.8439991524208,115.744,116.192298327866,0.799688489559736,0.853407375265592
"3780130","2005-08-08",12.5565929140464,0.576923076923079,0.560728744939272,0.56078872394662,117.82597231749,115.112694349177,116.469333333333,1.19190601009462,67.059420436796,115.8336,116.401325217484,0.839762615890982,0.85067842339067
"3780129","2005-08-09",14.0976071998512,0.629629629629628,0.595166691657921,0.574772163076258,118.228887377995,114.960445955339,116.594666666667,1.11762363329312,68.5647417630123,115.9104,116.625148521819,0.883207305548295,0.857184199822195
"3780128","2005-08-10",15.7623558933169,0.607142857142856,0.604565187898522,0.586820208165239,118.607512317247,114.87515434942,116.741333333334,1.05871739830662,69.3196819148019,116,116.840462052244,0.917803762773861,0.869308112412528
"3780127","2005-08-11",17.3081939658208,0.600000000000001,0.61225749559083,0.603996458382425,118.95354364781,114.769123018857,116.861333333334,0.995170104473629,70.0931646682837,116.2624,117.048400445278,0.94507115595035,0.884460721120093
"3780126","2005-08-12",16.9049156675475,0.280000000000001,0.495714285714287,0.570845656401213,119.021840554963,114.871492778371,116.946666666667,0.670266855864952,57.5854441650406,116.3264,117.057947052574,0.868301000537341,0.881228777003543
"3780125","2005-08-15",17.5897601048944,0.600000000000001,0.493333333333336,0.533768371546151,119.278299989524,114.929700010476,117.104,0.920671789115353,64.422413948443,116.4352,117.236887445564,0.885367077072341,0.882056437017302
"3780124","2005-08-16",16.9915725589978,0.32,0.400000000000002,0.463015873015875,119.337460293708,115.094539706293,117.216,0.6910633607122,55.9273659167892,116.5056,117.242635786156,0.812337622765846,0.868112674167011
"3780123","2005-08-17",16.436112694951,0.399999999999999,0.440000000000001,0.444444444444446,119.359858901588,115.328141098412,117.344,0.695780898333567,57.6458345614219,116.6016,117.290284348002,0.767623665107076,0.848014872355024
"3780122","2005-08-18",15.9203285354789,0.347826086956521,0.355942028985508,0.398647342995171,119.358201395283,115.564465271384,117.461333333333,0.663075829857836,57.6458345614219,116.6592,117.331579768268,0.723818195360337,0.823175536956087
"3780121","2005-08-19",15.2557889029084,0.272727272727271,0.340184453227932,0.37870882740448,119.332815845456,115.760517487878,117.546666666667,0.559718789412039,56.3712471668818,116.7488,117.346035799166,0.670356290265595,0.792611687617988
"3780120","2005-08-22",15.258770166913,0.285714285714284,0.302089215132693,0.332738565782044,119.361218210563,115.886781789437,117.624,0.631244306911823,57.3859507064725,116.8384,117.37989769261,0.631698564624017,0.760429063019194
"3780119","2005-08-23",16.0514399641573,0.210526315789473,0.256322624743677,0.299532097701434,119.418966640304,116.005033359696,117.712,0.701527078431141,57.3859507064725,116.928,117.409244666929,0.594197297455268,0.727182709906409
"3780118","2005-08-24",16.1946715163378,0,0.165413533834587,0.241275124570319,119.372283914569,116.222382752098,117.797333333333,0.555874769055231,53.0899045125162,116.9984,117.370678711338,0.525422418656829,0.686830651656493
"3780117","2005-08-25",16.3276722433627,0.277777777777777,0.162768031189085,0.19483472992245,119.379985052242,116.406681614425,117.893333333334,0.688342700875163,58.6465032160557,117.1008,117.443921549827,0.519917125827307,0.653447946490656
"3780116","2005-08-26",15.1785176048477,0,0.0925925925925936,0.140258052538755,119.287933198056,116.626733468611,117.957333333333,0.405806894577183,49.7599148485917,117.152,117.358065343183,0.433561303793994,0.609470617951324
"3780115","2005-08-29",14.1114454405123,0.0499999999999989,0.10925925925926,0.121539961013646,119.19544244305,116.820557556951,118.008,0.328202199446258,50.9044308881431,117.1904,117.304989964092,0.371840863318895,0.561944667024838
"3780114","2005-08-30",13.4599733391038,0.4,0.150000000000001,0.117283950617285,119.131875582405,117.060124417595,118.096,0.672478886172634,58.1000440333484,117.2672,117.408324635546,0.39539848449619,0.528635430519108
"3780113","2005-08-31",13.2834319768062,0.0499999999999989,0.166666666666667,0.141975308641976,119.052253703613,117.209079629721,118.130666666667,0.241026449918735,50.1797912705921,117.3056,117.348548017474,0.333196760833765,0.48954769658204
"3780112","2005-09-01",12.9381209072573,0.4,0.283333333333334,0.200000000000001,119.05567473627,117.306991930397,118.181333333333,0.655545647893572,56.557466606301,117.3824,117.446074948477,0.356790261398898,0.462996209545411
"3780111","2005-09-02",12.6174749141048,0.649999999999999,0.366666666666667,0.272222222222223,119.143776419044,117.362890247623,118.253333333333,0.911780014411807,60.4518580009275,117.4976,117.637264955347,0.425418201984851,0.455480608033299
"3780110","2005-09-06",13.2109110280875,0.482758620689657,0.510919540229887,0.386973180076629,119.455984239449,117.200015760552,118.328,1.17022213038143,61.2009924169615,117.6064,117.824296294634,0.484985277062933,0.461381541839226
"3780109","2005-09-07",14.2948551643049,0.61764705882353,0.58346855983773,0.487018255578095,120.015230494598,116.864769505402,118.44,1.26602546154657,66.049055367664,117.7536,118.135723455349,0.601588913785056,0.489423016228392
"3780108","2005-09-08",16.7795714630949,0.592592592592593,0.564332757368594,0.552906952478737,121.222400608954,116.084266057712,118.653333333333,1.36412684520428,71.9751688793725,117.9648,118.640293661303,0.803994456416168,0.552337304265947
"3780107","2005-09-09",19.5335863041686,0.793650793650794,0.667963481688973,0.605254932965099,122.919760769083,115.042905897584,118.981333333333,1.32672590853005,78.5676906894807,118.2784,119.461587839796,1.14464066190556,0.67079797579387
"3780106","2005-09-12",22.3885169480116,0.8,0.728747795414464,0.653681344824011,124.493596345974,114.354403654026,119.424,1.19854345230971,80.2366032700331,118.624,120.301376127823,1.45917000108808,0.828472380852713
"3780105","2005-09-13",26.2480930909056,0.375,0.656216931216933,0.684309402773457,126.165430590144,113.589236076523,119.877333333333,1.14587635455771,69.5447052231411,118.8736,120.794525977447,1.57007237388977,0.976792379460125
"3780104","2005-09-14",29.2893981236222,0.333333333333334,0.502777777777779,0.629247501469725,126.604969084626,113.720364248707,120.162666666667,0.777126595044073,65.2861219096812,119.0784,121.11525584712,1.58534107855928,1.09850211927996
"3780103","2005-09-15",32.1134670825733,0.358333333333334,0.355555555555557,0.504850088183423,127.043240693216,113.874092640117,120.458666666667,0.772961216031024,66.6073795519872,119.296,121.457221734171,1.61014691631656,1.20083107868728
"3780102","2005-09-16",34.4996626370648,0.336134453781513,0.342600373482728,0.400311235605355,127.378357566125,114.104309100542,120.741333333333,0.725402220562729,64.8356728623663,119.4944,121.710925502948,1.58967455086252,1.27859977312232
"3780101","2005-09-19",36.8387631235249,0.361344537815126,0.351937441643325,0.350031123560537,127.732925157568,114.405741509099,121.069333333333,0.743912498875195,66.2843671101842,119.7632,121.994802102555,1.58647510005241,1.34017483850834
"3780100","2005-09-20",39.1529998637337,0.394957983193278,0.364145658263307,0.352894491129787,128.150964408812,114.686368924522,121.418666666667,0.770932758749141,68.1674493312131,120.0064,122.326161822214,1.60710113737694,1.39356009828206
"3780099","2005-09-21",41.3019339796419,0.348214285714285,0.368172268907564,0.361418456271399,128.505687905964,114.992978760703,121.749333333333,0.74155037786367,67.1575971504298,120.288,122.592006912586,1.59395087886824,1.4336382543993
"3780098","2005-09-22",43.2973728015566,0.336448598130841,0.359873622346136,0.364063849839002,128.781861212313,115.431472121021,122.106666666667,0.725711274235348,68.1731195689322,120.5696,122.865072657574,1.58581041974855,1.46407268746915
"3780097","2005-09-23",45.1502802790489,0.339622641509434,0.341428508451521,0.356491466568407,129.02431981935,115.861013513984,122.442666666667,0.707445348707976,68.6943526458927,120.8576,123.123062969898,1.57127337763103,1.48551282550152
"3780096","2005-09-26",46.8708372224346,0.292929292929293,0.32300017752319,0.341434102773616,129.122030129963,116.509969870037,122.816,0.686911042664735,68.6943526458927,121.152,123.346654573911,1.54157872209759,1.49672600482074
"3780095","2005-09-27",47.3423522549485,0.125,0.252517311479577,0.305648665818096,128.996829742954,117.291170257047,123.144,0.586795622341749,60.6328945058012,121.3952,123.391100630723,1.42816252073565,1.48301330800372
"3780094","2005-09-28",48.0433483871958,0.0874999999999993,0.168476430976432,0.2479979733264,128.949374837716,117.983958495618,123.466666666667,0.631321963076902,63.2843846320564,121.664,123.51495387996,1.36431265883321,1.45927317816962
"3780093","2005-09-29",48.7788567421624,0.15,0.120833333333334,0.180609025263114,128.713482639454,119.009184027213,123.861333333333,0.673668742139407,66.336561527339,121.984,123.728960029299,1.35016531722358,1.43745160598041
"3780092","2005-09-30",49.6679229715672,0.137499999999999,0.125000000000001,0.138103254769922,128.448808003527,119.999191996473,124.224,0.675471484790401,65.1697000823621,122.2656,123.893098692059,1.31311665528324,1.41258461584098
"3780091","2005-10-03",50.6494391800629,0.655172413793102,0.314224137931035,0.18668582375479,128.226720786803,120.999945879864,124.613333333333,0.798888512208403,69.7534127321358,122.6432,124.206018866451,1.35111927121616,1.40029154691602
"3780090","2005-10-04",51.7787657046321,0.558823529411765,0.450498647734956,0.296574261888664,128.030283899603,121.932382767064,124.981333333333,0.863841036193173,70.2799205598851,123.0208,124.498549684258,1.375207711516,1.39527477983601
"3780089","2005-10-05",50.8909820126251,0.176470588235293,0.463488843813387,0.409403876493126,127.59868414197,122.81731585803,125.208,0.537367267287623,56.5087160575082,123.2704,124.47474305969,1.24491974589207,1.36520377304722
"3780088","2005-10-06",47.4089181553085,0,0.245098039215687,0.38636184358801,127.69285306153,122.65914693847,125.176,-0.0408870919567293,39.2892549957311,123.392,123.878110651731,0.85124375520933,1.26241176947965
"3780087","2005-10-07",44.1755731449431,0.418181818181818,0.198217468805705,0.30226811727826,127.655671925187,122.605661408146,125.130666666667,0.392277452063828,52.5528917346879,123.616,123.851695898167,0.769739995443142,1.16387741467234
"3780086","2005-10-10",45.1791805571515,0,0.13939393939394,0.194236482471778,131.052387696596,117.630278970071,124.341333333333,-0.514843018401007,22.9597342245379,123.0016,121.140803111745,-0.617625721633475,0.807576787411181
"3780085","2005-10-11",46.1111017256306,0.0886075949367092,0.168929804372844,0.168847070857497,132.487252690582,114.360747309419,123.424,-0.259697822448289,27.8230806157981,122.4704,119.090029363512,-1.57278563313443,0.331504303302058
"3780084","2005-10-12",46.9764570963613,0.132911392405063,0.0738396624472585,0.127387802071348,133.668253390372,111.729079942962,122.698666666667,-0.114061419966133,30.1958385427062,121.9392,117.462025448377,-2.24288789580943,-0.18337413652024
"3780083","2005-10-13",48.6823806534236,0,0.0738396624472585,0.105536376422454,136.144823406163,106.884509927171,121.514666666667,-0.222525865914326,21.9724344494122,120.864,114.47242205526,-3.57731486363474,-0.86216228194314
"3780082","2005-10-14",50.2664525278386,0.170616113744076,0.101175835383047,0.0829517200925217,137.193317132757,103.724016200576,120.458666666667,-0.0331851229726475,31.7152351723385,119.904,112.649432447892,-4.20870338802056,-1.53147050315862
"3780081","2005-10-17",50.4444690250497,0.331753554502369,0.167456556082149,0.114157351304152,137.156110257429,102.086556409238,119.621333333333,0.156454141043432,39.4100387285238,119.1232,111.79484145484,-4.27989625947689,-2.08115565442228
"3780080","2005-10-18",50.1793019526717,0.312796208530805,0.271721958925751,0.180118116796983,136.839964622607,100.65870204406,118.749333333333,0.192584894114179,38.8552984178057,118.3872,110.968862594195,-4.33749795857734,-2.53242411525329
"3780079","2005-10-19",49.9330753854635,0.350710900473933,0.33175355450237,0.256977356503424,136.343607045803,99.4270596208639,117.885333333333,0.225001369084102,40.65452216222,117.7344,110.423680914969,-4.24448524618156,-2.87483634143894
"3780078","2005-10-20",49.742733346541,0.341232227488151,0.334913112164298,0.312796208530807,135.691077386628,98.2929226133719,116.992,0.23959499537579,40.3349765598943,117.0496,109.90852345964,-4.14873190035435,-3.12961545322203
"3780077","2005-10-21",49.509283000541,0.341232227488151,0.34439178515008,0.337019483938916,134.856001516444,97.3413318168896,116.098666666667,0.265638347067613,40.3349765598943,116.3776,109.462053665021,-4.02845849147012,-3.30938406087165
"3780076","2005-10-24",48.7184637169508,0.349753694581281,0.344072716519196,0.341125871277858,133.836393155791,96.6169401775429,115.226666666667,0.29867158881371,40.1519685083114,115.68,109.053779843018,-3.90169528021088,-3.42784630473949
"3780075","2005-10-25",47.9841315250457,0.43069306930693,0.373892997125455,0.35411916626491,132.790703533661,96.1906297996729,114.490666666667,0.362003920992743,44.4915899120339,115.0592,109.041275863949,-3.57128503277389,-3.45653405034637
"3780074","2005-10-26",47.4378437161611,0.418367346938775,0.399604703608996,0.372523472417883,131.491479831613,95.8898535017203,113.690666666667,0.365624116278553,43.4317411005445,114.4128,108.923772415423,-3.33032929900123,-3.43129310007734
"3780073","2005-10-27",47.3399390092286,0.351063829787234,0.400041415344314,0.391179705359589,129.915204844563,95.6261284887708,112.770666666667,0.335982750260051,40.1368298543164,113.6512,108.480602760033,-3.29209567409378,-3.40345361488063
"3780072","2005-10-28",46.9223142578111,0.578571428571429,0.449334201765813,0.416326773573042,128.076136527028,95.7958634729719,111.936,0.409459667154225,44.3957584780362,112.9792,108.416522392028,-3.04910686970491,-3.33258426584549
"3780071","2005-10-31",46.1414343821812,0.779661016949153,0.569765425102606,0.473047014070911,125.759512957222,96.4858203761118,111.122666666667,0.478957215653839,47.3537324350051,112.3776,108.595652739758,-2.69450311340146,-3.20496803535668
"3780070","2005-11-01",45.4163316405248,0.905660377358491,0.754630940959692,0.591243522609371,122.954580064374,97.664086602293,110.309333333333,0.524673302675389,48.4280967473551,111.8464,108.836232374457,-2.33883347143365,-3.03174112257208
"3780069","2005-11-02",43.6422646568227,0.689655172413794,0.791658855573814,0.705351740545371,120.265462987715,98.9985370122848,109.632,0.603823185473573,48.4280967473551,111.2896,109.044734724529,-2.03339933536584,-2.83207276513083
"3780068","2005-11-03",41.2597462370612,0.771428571428571,0.788914707066953,0.778401501200153,118.5169321719,100.0110678281,109.264,0.814999246997417,54.8409254262323,110.8544,109.737436761259,-1.49113620845736,-2.56388545379613
"3780067","2005-11-04",39.6246312729863,0.571428571428572,0.677504105090313,0.75269255591036,115.102387458293,102.31094587504,108.706666666667,0.870039084533693,50.867387275317,110.336,110.039111859758,-1.2126026168042,-2.29362888639775
"3780066","2005-11-07",38.1063102349168,0.7,0.680952380952382,0.715790397703217,115.6830553047,102.087611361967,108.885333333333,0.897780316904654,53.2142380527784,109.824,110.49256361179,-0.876738313808145,-2.01025077187983
"3780065","2005-11-08",36.6964406995665,0.757142857142857,0.676190476190478,0.678215654077725,116.394217308149,101.883116025185,109.138666666667,0.884625069076294,54.2599555259153,109.3312,110.970888463551,-0.558185107464282,-1.71983763899672
"3780064","2005-11-09",35.5245379853937,0.714285714285714,0.723809523809525,0.693650793650796,117.026692316618,101.778641016716,109.402666666667,0.83473129776476,53.2977769124798,108.9024,111.321436668411,-0.337262550306261,-1.44332262125863
"3780063","2005-11-10",34.838759092012,0.585714285714286,0.685714285714287,0.695238095238097,116.549653172927,103.498346827073,110.024,0.712699014676155,50.4097782287051,108.5888,111.433245112623,-0.263521986239756,-1.20736249425485
"3780062","2005-11-11",34.61456030519,0.442857142857143,0.580952380952382,0.663492063492065,116.064658044258,104.879341955742,110.472,0.598462423825821,47.3403231070353,108.064,111.31681243094,-0.317160417683682,-1.02932207894062
"3780061","2005-11-14",34.6403958027906,0.357142857142857,0.461904761904763,0.576190476190478,116.067592786376,105.201740546957,110.634666666667,0.517670035977784,45.5482563205241,108.3072,111.087904106815,-0.424514392394226,-0.90836054163134
"3780060","2005-11-15",33.900103216798,0.528571428571429,0.442857142857144,0.495238095238097,116.201347880592,105.569318786075,110.885333333334,0.665035916575069,49.6532202896695,108.5376,111.145516892573,-0.366230081796726,-0.799934449664417
"3780059","2005-11-16",32.7121238390123,0.6,0.495238095238097,0.466666666666669,116.502931077088,105.913068922912,111.208,0.781275301160739,53.1405339883032,108.7936,111.43011464023,-0.190366290325628,-0.678020817796659
"3780058","2005-11-17",31.9473175673106,0.355555555555556,0.494708994708996,0.477601410934746,116.496087279708,106.474579386959,111.485333333334,0.631184516415698,50.7323252669066,109.4784,111.527432688199,-0.130654247969786,-0.568547503831285
"3780057","2005-11-18",31.2371403150161,0.355555555555556,0.437037037037039,0.475661375661378,116.413956023285,107.106043976716,111.76,0.611732899365239,50.7323252669066,109.9328,111.611774996439,-0.0824029216794253,-0.471318587400913
"3780056","2005-11-21",30.5776900093141,0.422222222222223,0.377777777777779,0.436507936507939,116.330060713673,107.728605952994,112.029333333334,0.62680025612091,51.8176232876434,110.1888,111.748871663581,-0.00943086314840746,-0.378941042550412
"3780055","2005-11-22",29.0850417136441,0.48888888888889,0.422222222222224,0.412345679012348,116.470889305079,108.046444028254,112.258666666667,0.709865450116151,52.9341711389408,110.4896,111.931688775103,0.0819753381345656,-0.286757766413416
"3780054","2005-11-23",27.4732755136808,0.738095238095239,0.549735449735452,0.449911816578486,116.666319429726,108.475013903608,112.570666666667,0.814479784911699,56.2124486820999,110.7968,112.282130271756,0.254818492735831,-0.178442514583567
"3780053","2005-11-25",25.8224286231022,0.886363636363637,0.704449254449257,0.558802308802312,116.566660403352,109.470672929982,113.018666666667,0.935175514555035,58.9495453726902,111.168,112.756512902189,0.477329190468412,-0.0472881735731712
"3780052","2005-11-28",24.4354183749969,0.84090909090909,0.821789321789324,0.691991341991345,116.601245302521,110.11875469748,113.36,0.882569007978398,57.9738896155865,111.5264,113.124977848563,0.622727433433767,0.0867149478282165
"3780051","2005-11-29",23.6456277526101,0.681818181818183,0.803030303030305,0.776422959756295,116.610605633188,110.552061033479,113.581333333334,0.723155904483179,54.5696505450155,111.8464,113.294980802088,0.650247219181166,0.199421402098806
"3780050","2005-11-30",23.0509264641829,0.636363636363636,0.719696969696971,0.781505531505534,116.592505005223,110.959494994778,113.776,0.686519580955509,53.6011971168913,112.0512,113.399650028477,0.641775740739381,0.287892269826921
"3780049","2005-12-01",21.7734423538656,0.800000000000001,0.706060606060608,0.742929292929295,116.923291752202,111.098041581132,114.010666666667,0.933057223738586,58.3745391687198,112.3648,113.746363358013,0.76238936514903,0.382791688891343
"3780048","2005-12-02",20.2694550484313,0.781818181818182,0.739393939393941,0.721717171717174,117.296567230323,110.927432769678,114.112,0.97227767267063,59.4963877164068,112.8,114.110848243611,0.881134987608312,0.482460348634737
"3780047","2005-12-05",18.8728954076708,0.790697674418603,0.790838618745596,0.745431054733382,117.791406335059,110.832593664942,114.312,0.949501969413887,60.6388136123217,113.1584,114.490735144463,0.996876159336302,0.58534351077505
"3780046","2005-12-06",17.8418303889133,0.761904761904763,0.778140206047184,0.769457588062241,118.287231735204,110.688768264797,114.488,0.937632337943578,61.4200621716743,113.4592,114.862637125201,1.09766763531007,0.687808335682055
"3780045","2005-12-07",17.394185011576,0.708333333333332,0.753645256552234,0.774208027115005,118.825019986049,110.513646680618,114.669333333334,0.942445935009373,62.2274497080469,113.7472,115.227618841841,1.18553932789629,0.787354534124902
"3780044","2005-12-08",16.9785143040485,0.791666666666666,0.753968253968255,0.761917905522558,119.346996215786,110.391670450881,114.869333333334,0.906164267925106,63.8566109481023,114.0608,115.629269662929,1.28426783174185,0.886737193648291
"3780043","2005-12-09",16.8547110772831,0.8,0.766666666666667,0.758093392395719,119.846084318275,110.489915681725,115.168,0.885342919028734,64.2714955253915,114.2272,115.998700374539,1.35712968890562,0.980815692699757
"3780042","2005-12-12",16.1689738224332,0.666666666666665,0.752777777777778,0.757804232804234,120.055797029045,110.946869637622,115.501333333334,0.800657426388655,60.5301740345958,114.4512,116.212206991267,1.3432310776365,1.05329876968711
"3780041","2005-12-13",15.4913354420858,0.333333333333333,0.600000000000001,0.706481481481483,119.843901306632,111.756098693368,115.8,0.623642977928251,53.7865273616609,114.5536,116.183912725764,1.20716409240669,1.08407183423102
"3780040","2005-12-14",15.0435680972484,0.277777777777779,0.425925925925927,0.592901234567903,119.777786131988,112.211547201346,115.994666666667,0.571193451806681,52.5261144601884,114.6176,116.116724362329,1.06487712360139,1.0802328921051
"3780039","2005-12-15",14.6277841341851,0.277777777777779,0.296296296296298,0.440740740740743,119.779078975043,112.396921024958,116.088,0.495303992829565,52.5261144601884,114.7008,116.058494447352,0.941293594002612,1.0524450324846
"3780038","2005-12-16",14.3363744818096,0.194444444444445,0.250000000000002,0.324074074074077,119.642042136235,112.901957863765,116.272,0.530860148269863,50.4686986788208,114.8224,115.944028521038,0.800767805028602,1.0021095869934
"3780037","2005-12-19",14.0657798046038,0.194444444444445,0.222222222222224,0.256172839506176,119.408344066132,113.455655933868,116.432,0.427427745179743,50.4686986788208,115.008,115.844824718233,0.681547962814122,0.937997262157544
"3780036","2005-12-20",13.7576019045362,0,0.129629629629631,0.20061728395062,119.364041114375,113.526625552292,116.445333333334,-0.0239761730404589,41.1272219362798,115.136,115.438848089136,0.414755566224234,0.833348922970882
"3780035","2005-12-21",16.1809434025455,0,0.0648148148148162,0.138888888888891,121.051077126881,111.14092287312,116.096,-0.413810195897157,23.7607941258228,114.8352,113.913668343917,-0.413300136085604,0.584019111159585
"3780034","2005-12-22",18.2603664115848,0.363636363636364,0.121212121212122,0.105218855218857,121.312070795998,110.463929204002,115.888,0.0481868215151494,41.2482435083556,114.6944,113.359845898062,-0.659052594455523,0.335404770036564
"3780033","2005-12-23",19.6753010694829,0.414141414141414,0.259259259259261,0.148428731762067,121.376087308343,109.973246024991,115.674666666667,0.163709546473719,43.1970607017724,114.6304,112.986533111654,-0.788774427410155,0.11056893054722
"3780032","2005-12-27",21.2139752909053,0.353535353535353,0.377104377104378,0.252525252525254,121.49200806392,109.366658602747,115.429333333334,0.129206563126512,41.4214746177278,114.528,112.534995363433,-0.950208406285624,-0.101586536819349
"3780031","2005-12-28",22.6427442107975,0.463917525773196,0.410531431149989,0.348965022504543,121.537908606632,109.006091393368,115.272,0.221881250418772,45.4462839196301,114.4704,112.356995981642,-0.952895717079549,-0.271848372871389
"3780030","2005-12-29",23.7751064977609,0.463917525773196,0.427123468360583,0.404919758871651,121.561091218428,108.689575448239,115.125333333334,0.248902921947569,45.4462839196301,114.3936,112.202729850756,-0.944320199062987,-0.406342738109709
"3780029","2005-12-30",24.6254894095285,0.474226804123711,0.467353951890036,0.43500295046687,121.434620389111,108.37337961089,114.904,0.285829433755027,45.8775582619295,114.2656,112.090365870656,-0.915577215116703,-0.508189633511107
"3780028","2006-01-03",24.4589754126855,0.627659574468085,0.521934634788332,0.472137351679651,121.208832316313,108.289834350354,114.749333333334,0.444061709075959,51.2707632456938,114.1696,112.270317087902,-0.734558099462868,-0.553463326701459
"3780027","2006-01-04",23.103557146573,0.670212765957446,0.590699714849749,0.52666276717604,120.986666666667,108.293333333334,114.64,0.548319327731075,52.8283489244765,114.112,112.511608142848,-0.539003787269787,-0.550571418815125
"3780026","2006-01-05",22.0390949208272,0.638297872340425,0.645390070921987,0.58600814018669,120.669981839079,108.311351494255,114.490666666667,0.527187478759773,51.4987968082685,114.08,112.656727057135,-0.413810450339802,-0.52321922512006
"3780025","2006-01-06",20.8943305314545,0.797872340425532,0.702127659574469,0.646072481782069,120.400983623078,108.399016376923,114.4,0.677748638167345,57.2871094274701,114.1568,113.10249678285,-0.141544005427785,-0.446884181181605
"3780024","2006-01-09",19.831335027037,0.882352941176471,0.772841051314144,0.706786260603534,120.090128026532,108.512538640135,114.301333333334,0.69278624638583,57.2871094274701,114.1568,113.488830545137,0.0726273890930385,-0.342981867126677
"3780023","2006-01-10",18.4247609621171,0.911111111111111,0.863778797571039,0.779582502819885,119.861545853035,108.618454146965,114.24,0.794106528089698,59.8786115444234,114.1824,113.972986472452,0.317382861518101,-0.210908921397721
"3780022","2006-01-11",17.4435960204119,0.866666666666667,0.886710239651418,0.841110029512201,119.657282525534,108.705384141134,114.181333333334,0.763455086238113,57.7233940742441,114.1632,114.307254942792,0.459953318418216,-0.0767364734345338
"3780021","2006-01-12",17.4059455529036,0.563636363636364,0.780471380471382,0.843653472564614,119.521041772095,108.734958227906,114.128,0.648833756641728,51.7102457425213,114.0544,114.340954283753,0.432260693319142,0.0250629599162013
"3780020","2006-01-13",17.0033061224206,0.754385964912281,0.728229665071772,0.798470428398191,119.625570086807,108.699763246527,114.162666666667,0.780436954889575,56.5811849379717,114.0096,114.626160379252,0.539276525435373,0.127905673020036
"3780019","2006-01-17",16.8458399634017,0.701754385964913,0.673258904837854,0.727319983460337,119.723940622418,108.676059377582,114.2,0.735339242193166,55.0852331508459,113.92,114.809338995352,0.583293798975726,0.218983298211174
"3780018","2006-01-18",16.7737270165097,0.617021276595745,0.691053875824315,0.697514148577981,119.696420322942,108.682246343725,114.189333333334,0.688605458498574,54.5673381058686,113.8176,114.946760462639,0.599871925864481,0.295161023741835
"3780017","2006-01-19",15.9211703586833,0.702127659574469,0.67363444071171,0.679315740457961,119.846897559313,108.643769107354,114.245333333334,0.75659499299623,56.3357258005631,113.7728,115.151192400953,0.650230406814423,0.366174900356353
"3780016","2006-01-20",16.0980084788591,0.41304347826087,0.57739747147703,0.647361929337686,119.975295636913,108.739371029754,114.357333333334,0.612970972813782,49.5812066456818,113.7088,115.05103341416,0.538141153691973,0.400568151023477
"3780015","2006-01-23",16.2622153047366,0.484848484848485,0.533339874227943,0.594790595472229,119.371756167215,110.265577166119,114.818666666667,0.65901290759006,54.1365259406296,113.7216,115.177562292272,0.555028021851323,0.431460125189046
"3780014","2006-01-24",16.7630119100668,0.312500000000001,0.403463987703121,0.504733777802699,119.267388580715,110.844611419285,115.056,0.580416864930822,51.6249809204862,113.7024,115.180553986635,0.506496659505173,0.446467432052271
"3780013","2006-01-25",17.2280373293019,0.375,0.39078282828283,0.442528896737965,119.213814311052,111.303519022281,115.258666666667,0.580232993017013,52.5727942191502,113.7152,115.225813455084,0.484850561452133,0.454144057932244
"3780012","2006-01-26",17.5394649421291,0.37037037037037,0.352623456790125,0.382290090925359,118.963393768456,112.087272898211,115.525333333334,0.607812725710085,54.0278264986608,113.7472,115.32903832774,0.49554362307862,0.462423970961519
"3780011","2006-01-27",17.8286477254688,0.37037037037037,0.371913580246915,0.371773288439958,118.738303873317,112.76036279335,115.749333333334,0.586540386800872,54.0278264986608,113.8752,115.418499884041,0.498209418110029,0.469581060391221
"3780010","2006-01-30",18.3514956136918,0.259259259259257,0.333333333333334,0.352623456790125,118.361085026865,113.542914973135,115.952,0.498893079058222,52.1715271767627,114.336,115.432033232835,0.461421823554997,0.467949213023976
"3780009","2006-01-31",18.1633505105922,0.481481481481482,0.370370370370371,0.358539094650207,117.857729236256,114.520937430411,116.189333333334,0.698993535897763,55.4670664617535,114.6048,115.571762135124,0.493611712682296,0.47308171295564
"3780008","2006-02-01",17.4847247925338,0.555555555555554,0.4320987654321,0.378600823045269,117.759191687172,114.944808312829,116.352,0.829734750588647,56.5419795422884,114.8544,115.735527183774,0.535146272590703,0.485494624882653
"3780007","2006-02-02",16.854572340051,0.740740740740739,0.592592592592593,0.465020576131689,117.929254214339,115.030745785662,116.48,0.960006712466854,59.1937929617399,115.1744,115.984123559271,0.616456786803354,0.511687057266793
"3780006","2006-02-03",15.7761773034542,0.666666666666665,0.654320987654321,0.559670781893006,118.056360382448,115.234306284219,116.645333333334,1.02727550507745,59.1937929617398,115.4304,116.199573751368,0.672825604579463,0.543914766729327
"3780005","2006-02-06",15.226796351529,0.705882352941175,0.704429920116195,0.650447833454371,118.443746489512,115.070920177155,116.757333333334,1.09771829714839,61.3802542288409,115.712,116.471630584519,0.752889716971095,0.585709756777681
"3780004","2006-02-07",14.7984360355576,0.38235294117647,0.584967320261438,0.647906076010652,118.504665493417,115.095334506584,116.8,0.672076770760083,52.974113865372,115.9168,116.472746506583,0.68634120392983,0.605836046208111
"3780003","2006-02-08",15.1234630976798,0.147058823529411,0.411764705882354,0.567053982086663,118.425153214175,115.020180119159,116.722666666667,0.287761416463225,47.8423950417973,115.9872,116.303046972372,0.538697410682154,0.592408319102919
"3780002","2006-02-09",15.4252739410789,0.172413793103448,0.233941852603112,0.410224626248969,118.388755248838,114.981911417829,116.685333333334,0.392764872282015,51.0350305564033,116.064,116.262640709389,0.471727382427312,0.568272131767798
"3780001","2006-02-10",14.7295251139345,0.344827586206895,0.221433400946586,0.289046653144018,118.426153767108,115.099179566226,116.762666666667,0.655496647132393,54.0631800412389,116.192,116.334288614804,0.468757721335122,0.548369249681263
"3780000","2006-02-13",15.0600126419484,0,0.172413793103449,0.20926301555105,118.410494350409,114.944172316258,116.677333333334,0.166120654131072,47.1541218833863,116.1536,116.161716799497,0.340328129831269,0.506761025711264
"3779999","2006-02-14",15.525875049838,0,0.114942528735633,0.16959657426189,118.434136750143,114.771196583191,116.602666666667,0.146185866836353,46.0029894010852,116.1024,115.969487892897,0.213738985106571,0.448156617590325
"3779998","2006-02-15",16.0404851421235,0,1.72084568816899e-15,0.0957854406130288,118.476460844539,114.622205822128,116.549333333334,0.149910728405922,45.4061262231246,116,115.781556173844,0.100984672117699,0.3787222284958
"3779997","2006-02-16",16.5183373706744,0.121212121212121,0.0404040404040422,0.0517821897132264,118.423166260371,114.526167072962,116.474666666667,0.282396670048055,48.2958656211768,115.9488,115.704015350665,0.0555361585120817,0.314085014499056
"3779996","2006-02-17",16.9620572971859,0.121212121212121,0.0808080808080826,0.0404040404040428,118.42527462938,114.518725370621,116.472,0.269958956833335,48.2958656211768,115.9744,115.63681330391,0.019278426634739,0.255123696926193
"3779995","2006-02-21",16.5071999767569,0.0606060606060593,0.101010101010102,0.0740740740740764,118.42480199112,114.460531342214,116.442666666667,0.307614884499031,46.8576158087942,115.9104,115.535904863388,-0.0314610798160642,0.197806741577742
"3779994","2006-02-22",16.0848324649299,0.121212121212121,0.101010101010102,0.0942760942760964,118.42480199112,114.460531342214,116.442666666667,0.321068389079516,48.5089714782324,115.8784,115.49111754827,-0.0487750546618093,0.148490382329831
"3779993","2006-02-23",15.6926340610906,0.121212121212121,0.101010101010102,0.101010101010103,118.42809218224,114.43590781776,116.432,0.311631945986515,48.5089714782324,115.8528,115.452301875167,-0.0617909910863301,0.106434107646599
"3779992","2006-02-24",15.3284498289541,0.121212121212121,0.121212121212123,0.10774410774411,118.425964790744,114.374035209256,116.4,0.309144429146368,48.5089714782324,115.8016,115.418661625145,-0.0712897852888972,0.0708893290594998
"3779991","2006-02-27",14.8189598453563,0.206896551724137,0.149773598049461,0.12399860675723,118.4187155317,114.343951134967,116.381333333334,0.38023847455049,50.4327218151932,115.8464,115.432173408459,-0.0557985060094968,0.0455517620457005
"3779990","2006-02-28",14.3458620034439,0.304347826086958,0.21081883300774,0.160601517423109,118.418455762519,114.338877570815,116.378666666667,0.38103345235041,51.4102217714805,115.8336,115.465216953998,-0.0319688414240238,0.0300476413517557
"3779989","2006-03-01",16.309764914061,0,0.1704147926037,0.177002407886968,118.432026272419,114.101307060915,116.266666666667,0.118231233061317,34.5390673510577,115.7056,115.003188026798,-0.267756692802246,-0.0295132254790446
"3779988","2006-03-02",18.1333890453484,0.428571428571428,0.244306418219464,0.208513347943635,118.378506660666,114.112160006001,116.245333333333,0.642510688702458,50.5088501477496,115.6992,115.050762956558,-0.216732054555102,-0.0669569912942561
"3779987","2006-03-03",19.8267543101151,0.448979591836734,0.292517006802723,0.235746072541963,118.159779237345,114.133554095989,116.146666666667,0.423832707834235,51.1203693864252,115.68,115.113327895684,-0.163197476638643,-0.0862050883631336
"3779986","2006-03-06",20.8283556805131,0.489795918367347,0.455782312925172,0.330868579315787,117.847129363809,114.254203969525,116.050666666667,0.545274156520286,52.3874910811245,115.6736,115.210217509593,-0.0972403322668902,-0.0884121371438849
"3779985","2006-03-07",21.0428561668513,0.489795918367347,0.476190476190478,0.408163265306125,117.244021023907,114.622645642759,115.933333333333,0.688196370836873,52.3874910811245,115.6864,115.294188508314,-0.0444891876107634,-0.0796275472372606
"3779984","2006-03-08",21.0673241775207,0.571428571428572,0.51700680272109,0.482993197278914,117.126969659263,114.691697007404,115.909333333333,0.909536621113922,55.0880384374539,115.6864,115.452296707205,0.0415559175033886,-0.0553908542891308
"3779983","2006-03-09",21.2070041540226,0.551020408163264,0.537414965986396,0.510204081632655,117.20856246276,114.67943753724,115.944,0.796281660811588,54.2594651443055,115.6672,115.567990479578,0.0973562996960498,-0.0248414234920947
"3779982","2006-03-10",20.6131926018884,0.591836734693877,0.571428571428573,0.541950113378687,117.340848636445,114.627151363555,115.984,0.918617069541517,55.694767256103,115.6288,115.710925082301,0.161968026966464,0.012520466599617
"3779981","2006-03-13",21.1907618327891,0.387755102040817,0.510204081632655,0.539682539682542,117.127431752439,114.675234914228,115.901333333333,0.387991590892383,47.6445119231275,115.5264,115.621468404661,0.100396190319185,0.0300956113435306
"3779980","2006-03-14",22.3398913147671,0.244897959183674,0.408163265306124,0.496598639455785,117.211910542278,114.489422791056,115.850666666667,0.00633386710493073,42.9631317008252,115.3536,115.394605950706,-0.0263917107200529,0.0187981469308139
"3779979","2006-03-15",25.1985929762428,0,0.210884353741499,0.376417233560093,118.360670453627,112.844662879706,115.602666666667,-0.45286308612948,27.8224473147226,115.0208,114.429991823945,-0.526081673113066,-0.090177817077962
"3779978","2006-03-16",27.8531016618989,0.328767123287671,0.191221694157117,0.270089771068247,118.556486820822,112.366179845845,115.461333333333,0.00115559495144798,42.3968089841455,114.8928,114.105992914086,-0.646024486252361,-0.201347150912842
"3779977","2006-03-17",30.0266829611336,0.328767123287671,0.219178082191783,0.207094710030133,118.65857339563,111.94942660437,115.304,0.0790820967460141,42.3968089841455,114.7328,113.825193858874,-0.733130011511407,-0.307703723032555
"3779976","2006-03-20",30.8180540746793,0.493150684931507,0.383561643835618,0.264653806728173,118.620718620291,111.853948046376,115.237333333333,0.352613100674927,48.4346880553532,114.6176,113.837834677691,-0.65857376474121,-0.377877731374286
"3779975","2006-03-21",31.6593871014231,0.465753424657534,0.429223744292239,0.343987823439881,118.572309537649,111.731690462351,115.152,0.32769590680425,47.5402853883184,114.56,113.806123387332,-0.615090356188341,-0.425320256337097
"3779974","2006-03-22",32.0404863633623,0.580645161290323,0.513183090293123,0.441989492806994,118.509240984489,111.656092348845,115.082666666667,0.392604109566193,48.5631903512535,114.528,113.821306935688,-0.551574513710174,-0.450571107811712
"3779973","2006-03-23",32.3943642494487,0.612903225806451,0.553100603918105,0.498502479501156,118.446857397052,111.595809269616,115.021333333334,0.417092977682417,49.6210860380899,114.5152,113.877132677596,-0.47308759146597,-0.455074404542564
"3779972","2006-03-24",32.5765766757733,0.629032258064517,0.607526881720432,0.557936858643887,118.388846559209,111.552486774125,114.970666666667,0.447730467007727,50.1728955225658,114.4832,113.946848320583,-0.394994482537891,-0.44305842014163
"3779971","2006-03-27",33.0921832792895,0.548387096774193,0.596774193548389,0.585800559728976,118.291872902122,111.452127097878,114.872,0.360813540846867,47.3785700086436,114.4192,113.900601877839,-0.385328394083462,-0.431512414929996
"3779970","2006-03-28",33.4131634520953,0.548387096774193,0.575268817204303,0.593189964157709,118.183574308312,111.368425691688,114.776,0.382223160224423,47.3785700086436,114.368,113.86052162746,-0.373381191495326,-0.419886170243062
"3779969","2006-03-29",33.7112164697008,0.580645161290323,0.559139784946238,0.577060931899644,118.17137749565,111.337955837684,114.754666666667,0.416879123164011,48.7038925938357,114.3168,113.868452077132,-0.337352449905004,-0.40337942617545
"3779968","2006-03-30",34.1456160814583,0.629629629629629,0.586220629231384,0.573543077127309,117.901375438327,111.314624561673,114.608,0.395547894115957,47.4177630961516,114.2528,113.832658466848,-0.327702861165713,-0.388244113173503
"3779967","2006-03-31",34.629336988882,0.702127659574467,0.637467483498142,0.594275965891922,117.766409198396,111.241590801604,114.504,0.385973837928426,46.7529723879458,114.1824,113.780304004602,-0.327637985671725,-0.376122887673147
"3779966","2006-04-03",35.0785064029182,0.772727272727272,0.701494853977125,0.641727655568884,117.561538949844,111.206461050156,114.384,0.410203041461569,47.5449553209533,114.1056,113.756263470655,-0.312650422968774,-0.363428394732273
"3779965","2006-04-04",35.9081254491906,0.249999999999999,0.574951644100581,0.63797132719195,117.292635173305,111.182031493362,114.237333333334,0.378244435579707,44.019462185913,113.9904,113.628761674567,-0.353499039503979,-0.361442523686614
"3779964","2006-04-05",37.041146071603,0,0.340909090909092,0.539118529662267,116.894200612424,111.153799387577,114.024,0.258901870132414,40.7642481478402,113.9904,113.411593451292,-0.437827559524562,-0.376719530854204
"3779963","2006-04-06",37.6659828460996,0.249999999999999,0.166666666666668,0.360842467225448,116.462391060219,111.244275606448,113.853333333334,0.390126361056439,45.1336833806744,113.888,113.330047657786,-0.442782595281732,-0.389932143739709
"3779962","2006-04-07",38.2461884224179,0.350000000000001,0.200000000000002,0.235858585858588,115.807487885486,111.531178781181,113.669333333334,0.446371198213269,46.823372722433,113.792,113.302041303415,-0.419120517296889,-0.395769818451145
"3779961","2006-04-10",37.9127190320737,0.249999999999999,0.283333333333335,0.216666666666669,115.501179481083,111.618820518917,113.56,0.469090957026485,45.3203049399369,113.6704,113.235102462959,-0.418359722473804,-0.400287799255677
"3779960","2006-04-11",38.083817105336,0,0.200000000000002,0.22777777777778,115.40061429974,111.522052366927,113.461333333334,0.260736062469647,41.7150702265573,113.5168,113.070422134565,-0.469462419424427,-0.414122723289427
"3779959","2006-04-12",38.8077452991319,0,0.0833333333333348,0.188888888888891,115.099308343724,111.951358322943,113.525333333334,-0.10314384095462,37.2476912280822,113.2928,112.778365849956,-0.583510162686562,-0.448000211168854
"3779958","2006-04-13",39.479964336228,0.0800000000000018,0.0266666666666691,0.103333333333336,115.173237941114,111.818762058887,113.496,-0.00956793053422164,39.2495166305845,113.088,112.567917069962,-0.643946776657867,-0.487189524266657
"3779957","2006-04-17",39.876702739284,0.120000000000001,0.0666666666666694,0.0588888888888919,115.225442163168,111.713224503499,113.469333333334,0.0664657449474611,40.2754149441404,112.8768,112.406861460634,-0.672839960434501,-0.524319611500226
"3779956","2006-04-18",40.2451026849789,0.0800000000000018,0.0933333333333367,0.0622222222222259,115.197757176759,111.506242823242,113.352,0.104859543542841,39.5560452683351,112.7232,112.245946599216,-0.69934392465093,-0.559324474130367
"3779955","2006-04-19",40.3353265400886,0.359999999999999,0.186666666666669,0.115555555555559,115.131906963187,111.444093036813,113.288,0.338748191058647,46.7288192991192,112.6592,112.255820385987,-0.632605064623537,-0.573980592229001
"3779954","2006-04-20",40.6269964686888,0.280000000000001,0.240000000000003,0.173333333333337,115.00341380826,111.385919525073,113.194666666667,0.302441521472905,45.0827017262857,112.8128,112.221711001189,-0.595854106286964,-0.578355295040593
"3779953","2006-04-21",40.8978328309604,0.32,0.320000000000002,0.248888888888892,114.832254340314,111.365078993019,113.098666666667,0.336947002471449,46.1050036497507,112.8192,112.213482867697,-0.548903356092256,-0.572464907250926
"3779952","2006-04-24",41.2606645660689,0.280000000000001,0.293333333333336,0.284444444444448,114.599592234971,111.373741098363,112.986666666667,0.309869300423318,45.1988904199942,112.8192,112.185018485337,-0.517243605473483,-0.561420646895437
"3779951","2006-04-25",41.5975797486697,0.291666666666668,0.297222222222225,0.303518518518522,114.486293131994,111.321706868006,112.904,0.298604531471882,45.1988904199942,112.7424,112.160349353959,-0.486554429650954,-0.546447403446541
"3779950","2006-04-26",41.2735744380166,0.333333333333333,0.301666666666669,0.297407407407411,114.342149103861,111.316517562806,112.829333333334,0.384542010950939,46.4201425418509,112.6848,112.160302773431,-0.44559024628168,-0.526275972013569
"3779949","2006-04-27",40.9727123638386,0.333333333333333,0.319444444444446,0.306111111111114,114.127495749824,111.34983758351,112.738666666667,0.368474336488135,46.4201425418509,112.6144,112.16026240364,-0.408416896121122,-0.502704156835079
"3779948","2006-04-28",40.8471186711802,0.291666666666668,0.319444444444446,0.313518518518521,113.947107362779,111.364892637221,112.656,0.349225035594431,45.2506166315308,112.5248,112.138894083155,-0.386019661770054,-0.479367257822074
"3779947","2006-05-01",39.740929291642,0.58823529411765,0.404411764705886,0.347766884531594,113.794690582719,111.415976083948,112.605333333334,0.559415845577974,49.3716233154136,112.448,112.184374872068,-0.329935125683667,-0.449480831394393
"3779946","2006-05-02",38.4049080283327,0.625000000000003,0.501633986928109,0.408496732026148,113.612980629744,111.49635270359,112.554666666667,0.61590763322244,49.3716233154136,112.4032,112.223791555792,-0.282233048275338,-0.416031274770582
"3779945","2006-05-03",37.1643168552598,0.714285714285713,0.642507002801124,0.516184251478374,113.52242290912,111.538910424214,112.530666666667,0.743339364052115,52.156010225045,112.3712,112.300619348353,-0.218908871736878,-0.376606794163841
"3779944","2006-05-04",36.0123393374064,0.85714285714286,0.732142857142861,0.625427948957365,113.596644158384,111.523355841616,112.56,0.821550389916767,54.8312245471215,112.3392,112.409870101906,-0.144104501183273,-0.330106335567728
"3779943","2006-05-05",34.9426459279711,0.85714285714286,0.809523809523813,0.7280578898226,113.586804826652,111.527861840015,112.557333333334,0.825085899744297,54.8312245471215,112.32,112.504554088319,-0.0838906438171083,-0.280863197217604
"3779942","2006-05-08",34.4282541423637,0.555555555555554,0.75661375661376,0.766093474426812,113.507472193232,111.564527806769,112.536,0.74567524251275,51.4920383054502,112.2944,112.543946876543,-0.058457464544992,-0.236382050683081
"3779941","2006-05-09",33.9506046271567,0.555555555555554,0.656084656084658,0.740740740740745,113.422446375627,111.606886957707,112.514666666667,0.774662818382241,51.4920383054502,112.2624,112.578087293004,-0.0378685669485623,-0.196679353936178
"3779940","2006-05-10",32.3327845451762,0.499999999999996,0.537037037037037,0.649911816578486,113.519246722518,111.584753277482,112.552,0.87632590685056,53.1466375877125,112.2688,112.62900898727,-0.00997858780260596,-0.159339200709463
"3779939","2006-05-11",32.0194047515337,0.0833333333333315,0.379629629629629,0.524250440917109,113.464048779128,111.714617887539,112.589333333334,0.376531275948794,44.8999370313891,112.2752,112.566474455634,-0.0446752997551592,-0.136406420518602
"3779938","2006-05-12",29.9691556430202,0.153846153846151,0.245726495726495,0.387464387464388,113.447747468581,111.842919198086,112.645333333334,0.662841930278702,46.6818805498811,112.256,112.533611194883,-0.0600280639717621,-0.121130749209234
"3779937","2006-05-15",28.4496715283769,0,0.0790598290598293,0.234805318138652,113.435663765034,111.8656695683,112.650666666667,0.119531502360831,40.9737692675202,112.1984,112.419796368898,-0.116773703758366,-0.120259340119061
"3779936","2006-05-16",27.038721993351,0,0.0512820512820522,0.125356125356127,113.415380027928,111.901953305406,112.658666666667,0.100024682843788,40.9737692675202,112.1536,112.321156853045,-0.159963686648534,-0.128200209424955
"3779935","2006-05-17",25.2381559441235,0,1.96139401017111e-15,0.0434472934472956,113.418933288151,111.845066711849,112.632,0.200101643235048,40.9737692675201,112.1408,112.235669272639,-0.192028014683743,-0.140965770476713
"3779934","2006-05-18",23.7968441005915,0,1.96139401017111e-15,0.0170940170940198,113.464947174727,111.72971949194,112.597333333334,0.0328182723752186,39.4669147492545,112.1664,112.140246702954,-0.22638303174275,-0.15804922272992
"3779933","2006-05-19",22.6669720690661,0,1.96139401017111e-15,3.08086889333481e-15,113.485638596699,111.645028069968,112.565333333334,0.134903750553958,37.9633750288097,112.1728,112.036213809227,-0.262162130569132,-0.178871804297763
"3779932","2006-05-22",21.6178051826497,0.117647058823532,0.0392156862745127,0.01307189542484,113.496464305933,111.596869027401,112.546666666667,0.212219401235165,42.6676845544784,112.1856,111.988718634663,-0.264459454048194,-0.195989334247849
"3779931","2006-05-23",20.6435787881201,0.294117647058823,0.137254901960787,0.0588235294117683,113.496266629119,111.602400037548,112.549333333334,0.378907345240526,48.9242811824143,112.224,112.011556150041,-0.229058955685602,-0.202603258535399
"3779930","2006-05-24",19.1841809168222,0.176470588235296,0.196078431372552,0.124183006535952,113.495109468062,111.571557198605,112.533333333334,0.305914640708509,45.3696273700239,112.2048,111.988681996703,-0.221505420206514,-0.206383690869622
"3779929","2006-05-25",18.0947901517223,0.294117647058823,0.254901960784316,0.196078431372553,113.496281440227,111.575718559773,112.536,0.443072244889117,49.3339973817135,112.2112,112.011524397142,-0.190270677240945,-0.203161088143887
"3779928","2006-05-26",17.0832130127009,0.411764705882355,0.294117647058826,0.248366013071899,113.507767803891,111.601565529443,112.554666666667,0.54476614810349,53.0065029845272,112.224,112.073987810857,-0.140847780593212,-0.190698426633752
"3779927","2006-05-30",16.6901135039842,0.411764705882355,0.372549019607846,0.307189542483664,113.507767803891,111.601565529443,112.554666666667,0.600723833232972,53.0065029845272,112.2432,112.128122769409,-0.100531495329681,-0.172665040372938
"3779926","2006-05-31",16.3250925316044,0.411764705882355,0.411764705882357,0.359477124183011,113.502635810626,111.601364189374,112.552,0.602387614947051,53.0065029845272,112.2624,112.175039733488,-0.067807231297512,-0.151693478557853
"3779925","2006-06-01",16.5199278252397,0.588235294117645,0.47058823529412,0.418300653594775,113.528554478477,111.591445521523,112.56,0.816623043392261,58.6251023684618,112.2944,112.279701102356,-0.00729477404645129,-0.122813737655572
"3779924","2006-06-02",17.3954095942909,0.705882352941177,0.568627450980394,0.483660130718958,113.597218444365,111.554781555635,112.576,0.975249282865299,61.8959122143067,112.3392,112.413074288709,0.0628630039925637,-0.0856783893259451
"3779923","2006-06-05",19.2540713113866,0.739130434782607,0.677749360613812,0.57232168229611,113.90346207089,111.365871262444,112.634666666667,1.19567296959671,68.5826285882877,112.4224,112.635331050214,0.173702793780262,-0.0338021527047038
"3779922","2006-06-06",18.8773894807854,0.43478260869565,0.626598465473147,0.624325092355785,114.002557547107,111.330775786226,112.666666666667,0.869291639426806,54.2336003867022,112.4416,112.678620243519,0.179151449033887,0.00878856764301449
"3779921","2006-06-07",19.059294092929,0.615384615384616,0.596432552954293,0.633593459680418,114.28083022623,111.196503107104,112.738666666667,1.05592892726379,61.6416827643565,112.4992,112.844137544383,0.24924138982747,0.0568791320799057
"3779920","2006-06-08",19.2282055184908,0.615384615384616,0.555183946488296,0.59273832163858,114.460497398688,111.118169267979,112.789333333334,0.949985740831633,61.6416827643565,112.544,112.987585871799,0.301189023036841,0.105741110271293
"3779919","2006-06-09",20.1893054175601,0.653846153846154,0.628205128205131,0.593273875882574,114.803984474178,111.025348859156,112.914666666667,1.02011718873343,64.933189112373,112.5952,113.175907755559,0.372178336366269,0.159028555490288
"3779918","2006-06-12",21.2257139610624,0.692307692307692,0.653846153846156,0.612411742846529,115.151683790781,110.901649542553,113.026666666667,0.998819509721297,66.9681738610648,112.6592,113.381786721484,0.44588704618469,0.216400253629168
"3779917","2006-06-13",20.5054078272253,0.0769230769230753,0.474358974358976,0.585470085470089,115.154897719286,110.999768947381,113.077333333334,0.497432891433119,44.6464925276705,112.6336,113.218881825286,0.318358067366509,0.236791816376636
"3779916","2006-06-14",19.8365521315195,0,0.256410256410258,0.461538461538464,115.141612546312,111.066387453688,113.104,0.373054046936002,44.6464925276705,112.608,113.077697581915,0.214731534133383,0.232379759927986
"3779915","2006-06-15",19.2154718426498,0.0833333333333352,0.0534188034188054,0.261396011396014,115.133003978186,111.138996021815,113.136,0.415873978301865,47.1979515537017,112.5888,112.998004570993,0.153623567042294,0.216628521350847
"3779914","2006-06-16",18.0527701363233,0.0833333333333352,0.0555555555555587,0.121794871794875,115.096327227569,111.293006105765,113.194666666667,0.438299538968308,47.1979515537017,112.6016,112.928937294861,0.103977468687289,0.194098310818136
"3779913","2006-06-19",17.0948935790956,0.208333333333332,0.125000000000003,0.0779914529914568,115.079134502773,111.464865497228,113.272,0.546482428325632,51.1176792319047,112.6272,112.933078988879,0.0977972299143204,0.174838094637373
"3779912","2006-06-20",16.2054367759556,0.333333333333333,0.208333333333336,0.129629629629634,115.080113691333,111.639886308667,113.36,0.616271384273976,54.7362752186771,112.6976,113.000668457029,0.125733992159227,0.165017274141743
"3779911","2006-06-21",15.1726219386131,0.291666666666668,0.27777777777778,0.203703703703707,115.071621462043,111.765711871291,113.418666666667,0.522585816283474,53.3193829705615,112.7616,113.037912662758,0.134876258919991,0.158989071097393
"3779910","2006-06-22",14.2135795896523,0.291666666666668,0.305555555555558,0.263888888888892,115.034122681323,111.936543985344,113.485333333334,0.50258266239053,53.3193829705615,112.8256,113.07019097439,0.140493591347646,0.155289975147444
"3779909","2006-06-23",13.5120623649516,0.208333333333332,0.263888888888891,0.282407407407411,115.003040338432,112.052959661569,113.528,0.415934502420482,50.2992736752418,112.8832,113.055498844472,0.120713884112211,0.148374756940397
"3779908","2006-06-26",12.6880838609117,0.333333333333333,0.27777777777778,0.282407407407411,115.000150367971,112.162516298696,113.581333333334,0.544168250829166,54.4655984443846,112.9664,113.106765665209,0.137702366622006,0.146240278876719
"3779907","2006-06-27",13.3027453661202,0,0.180555555555557,0.240740740740744,114.986615580161,112.202717753173,113.594666666667,0.291180075756449,42.8582976321418,112.9792,112.959196909848,0.0478244360764712,0.126557110316669
"3779906","2006-06-28",13.8735024780994,0.48,0.271111111111113,0.243148148148151,115.031203942296,112.307462724371,113.669333333333,0.709515743606984,56.2470408155014,113.0496,113.087303988535,0.112378826497528,0.123721453552841
"3779905","2006-06-29",14.4034912249373,0.52,0.333333333333335,0.26166666666667,115.100398387253,112.355601612748,113.728,0.725396164995874,57.1481138966889,113.1392,113.21966345673,0.172872423981896,0.133551647638652
"3779904","2006-06-30",13.4257337179091,0.600000000000001,0.533333333333336,0.379259259259263,115.263020278838,112.331646387829,113.797333333334,0.887531595162304,58.9681835422622,113.2288,113.377041662499,0.240728342330221,0.154986986576966
"3779903","2006-07-03",12.5178160328115,0.719999999999999,0.613333333333335,0.493333333333337,115.383358401173,112.280641598828,113.832,0.906525446466704,61.6026646811755,113.3248,113.577436107499,0.32473955388499,0.188937500038571
"3779902","2006-07-05",12.0769558754748,0.800000000000001,0.706666666666669,0.617777777777781,115.613952642655,112.226047357346,113.92,0.940783672379763,63.2946520624926,113.4336,113.793777959833,0.409093223258972,0.232968644682651
"3779901","2006-07-06",12.7035112089821,0.800000000000001,0.773333333333336,0.697777777777781,115.951349663058,112.059317003609,114.005333333334,1.0536096058791,66.4763704999318,113.568,114.066607565188,0.515037327853074,0.289382381316735
"3779900","2006-07-07",13.8509894792593,0.705882352941177,0.768627450980395,0.749542483660134,116.311289635251,111.907377031416,114.109333333334,1.01408831274898,66.4763704999318,113.6832,114.30305988983,0.591814744101082,0.349868853873605
"3779899","2006-07-10",14.9165050159452,0.764705882352941,0.756862745098042,0.766274509803925,116.629442859895,111.759890473439,114.194666666667,0.991215580030024,68.0808110094299,113.7984,114.550651904519,0.667210142602315,0.413337111619347
"3779898","2006-07-11",16.3132677293407,0.675675675675675,0.7154213036566,0.74697049991168,116.900018584155,111.638648082512,114.269333333333,0.95057968564015,66.3703952932606,113.8752,114.74389831725,0.707252602738007,0.472120209843079
"3779897","2006-07-12",15.6363601855152,0.432432432432433,0.624271330153685,0.698851792969443,117.023064066013,111.766269267321,114.394666666667,0.724217743283373,53.3737355263882,113.9392,114.719378541617,0.630397005142247,0.503775568902912
"3779896","2006-07-13",15.0078031805344,0.675675675675675,0.594594594594597,0.644762409468295,117.229947403331,111.948719263336,114.589333333333,0.857997537040424,61.4940040341688,114.0224,114.890128069401,0.66300716272556,0.535621887667442
"3779895","2006-07-14",15.0452611860765,0.405405405405406,0.504504504504507,0.574456809750931,117.211883640101,112.185449693233,114.698666666667,0.557297082393637,50.8891006353635,114.0416,114.824777660148,0.569857222373038,0.542468954608561
"3779894","2006-07-17",15.0800436197942,0.297297297297298,0.459459459459462,0.519519519519523,117.172587504513,112.406079162154,114.789333333334,0.496643245149081,47.370073029317,114.016,114.682807305461,0.445902352741978,0.523155634235245
"3779893","2006-07-18",14.5520034975838,0.538461538461538,0.413721413721416,0.459228459228463,117.339235488148,112.538097845186,114.938666666667,0.809926544634914,58.2516123014539,114.0672,114.858432998067,0.499396589678058,0.518403825323807
"3779892","2006-07-19",14.0616805269599,0.576923076923075,0.470893970893972,0.448024948024951,117.500782355032,112.648550978301,115.074666666667,0.789626199622811,58.9051958754062,114.2272,115.031975264991,0.546541505578535,0.524031361374753
"3779891","2006-07-20",13.6063806256662,0.73076923076923,0.615384615384616,0.500000000000003,117.682678336953,112.807988329714,115.245333333333,0.840807996173375,61.5014683066866,114.4128,115.267711896326,0.621366527287681,0.543498394557339
"3779890","2006-07-21",12.7719882024883,0.692307692307692,0.666666666666668,0.584315084315086,117.816468102498,113.015531897502,115.416,0.810494995770861,60.4728634456517,114.5792,115.450683643482,0.661574064307513,0.567113528507374
"3779889","2006-07-24",12.7211699039286,0.538461538461538,0.653846153846155,0.645299145299147,117.799321253836,113.347345412831,115.573333333333,0.691675194073067,56.408851112996,114.72,115.523925824351,0.641201669901337,0.581931156786166
"3779888","2006-07-25",11.9286067767268,0.740740740740739,0.657169990503325,0.65922760367205,117.9332272516,113.576106081734,115.754666666667,0.86231874329886,60.6776872053084,114.88,115.715402381104,0.684067826971457,0.602358490823224
"3779887","2006-07-26",11.5438524584498,0.827586206896549,0.702262828699611,0.671092991016365,117.972100380073,114.022566286594,115.997333333334,0.973304771927255,63.2607495050942,115.0464,115.966682063624,0.753659655683325,0.632618723795245
"3779886","2006-07-27",11.1865805914782,0.766666666666666,0.778331204767987,0.712588007990309,118.128932382058,114.223067617943,116.176,0.919198674868637,62.1613862666401,115.2128,116.163124455141,0.788284179787935,0.663751814993783
"3779885","2006-07-28",11.0428529652461,0.774193548387096,0.789482140650106,0.756692058039235,118.270238744249,114.444427922418,116.357333333334,0.922394121209085,62.8565290927379,115.3856,116.354707861122,0.817169938522722,0.69443543969957
"3779884","2006-07-31",12.1762524158958,0.743589743589744,0.761483319547837,0.776432221655311,118.659904880537,114.45476178613,116.557333333334,1.06502238964463,66.2000887448574,115.6032,116.627413479639,0.884970284284781,0.732542408616612
"3779883","2006-08-01",13.2286947629276,0.769230769230769,0.762338020402539,0.771101160200162,119.006135717951,114.503197615383,116.754666666667,1.00752048579793,66.8429498588373,115.808,116.885091682354,0.938518988070425,0.773737724507375
"3779882","2006-08-02",14.2059626566001,0.871794871794872,0.794871794871797,0.772897711607392,119.410081089536,114.504585577131,116.957333333334,1.01153513992373,69.3538112745041,116.096,117.193746124707,1.01294655305935,0.821579490217769
"3779881","2006-08-03",15.4134561603534,0.853658536585367,0.831561392537005,0.796257069270448,119.825451871255,114.441214795412,117.133333333334,0.972985611664854,69.9661373297106,116.3136,117.482579974746,1.07006473483675,0.871276539141566
"3779880","2006-08-04",18.2309526874164,0.681818181818181,0.802423863399476,0.809619016936094,120.672221130757,114.111778869243,117.392,1.13329063819964,74.8387855612712,116.5824,117.92490264478,1.19952803890522,0.936926839094296
"3779879","2006-08-07",21.0454503438237,0.808510638297873,0.781329118900476,0.80510479161232,121.642245591603,113.739087741731,117.690666666667,1.11612502569612,78.2211538706742,116.8896,118.478915625476,1.37242100612582,1.0240256725006
"3779878","2006-08-08",23.8468427354181,0.859999999999999,0.783442940038687,0.789065307446214,122.619755478181,113.422911188486,118.021333333334,1.0688907885352,80.0282075069822,117.2096,119.065726875412,1.54427994116526,1.12807652623353
"3779877","2006-08-09",26.8777051504292,0.775862068965517,0.814790902421132,0.793187653786766,123.551118450272,113.323548216395,118.437333333334,1.03346003745129,80.717409048217,117.5296,119.616963292024,1.68096736753414,1.23865469449365
"3779876","2006-08-10",29.9927210397296,0.692307692307692,0.776056587091072,0.791430143183631,124.445783244129,113.207550089205,118.826666666667,0.984061856077086,80.717409048217,117.824,120.094701519754,1.76740161711735,1.34440407901839
"3779875","2006-08-11",29.0148453583717,0,0.489389920424405,0.693412469978871,124.329552685831,113.574447314169,118.952,0.3643744885559,38.7953780813375,117.7728,119.35674131712,1.24008492139092,1.3235402474929
"3779874","2006-08-14",28.1068179399679,0.324324324324325,0.338877338877341,0.534774615464274,124.226355593066,114.168311073601,119.197333333334,0.547988121918964,50.9808654997613,117.8624,119.229175808171,1.06864267799465,1.27256073359325
"3779873","2006-08-15",26.6730611485274,0.527027027027026,0.283783783783786,0.370683681028512,124.427464598651,114.489868734683,119.458666666667,0.720844829746393,56.7734686301981,118.0544,119.438619033748,1.08257552934961,1.23456369274452
"3779872","2006-08-16",25.3417155564754,0.527027027027026,0.459459459459461,0.360706860706864,124.530593082589,114.866740250744,119.698666666667,0.663633838475091,56.7734686301981,118.304,119.620136495915,1.08088138686533,1.20382723156868
"3779871","2006-08-17",24.015631562659,0.54054054054054,0.531531531531533,0.424924924924928,124.635895649377,115.21477101729,119.925333333334,0.660773445402431,57.16483784297,118.5024,119.798784963126,1.07766723099818,1.17859523145458
"3779870","2006-08-18",22.7842678541151,0.54054054054054,0.536036036036038,0.509009009009012,124.671123321107,115.61154334556,120.141333333334,0.619799520095038,57.16483784297,118.7648,119.953613634709,1.06265852694938,1.15540789055354
"3779869","2006-08-21",21.7295645140644,0.527027027027026,0.536036036036038,0.534534534534537,124.586763773421,116.165236226579,120.376,0.588345017677799,56.5708218663463,119.0464,120.066465150082,1.028002046077,1.12992672165823
"3779868","2006-08-22",20.3314651053447,0.594594594594594,0.554054054054056,0.542042042042045,124.617373851229,116.587959482104,120.602666666667,0.657421194360104,58.8720561508311,119.2704,120.270936463404,1.04208169347304,1.11235771602119
"3779867","2006-08-23",19.6554558012608,0.594594594594594,0.572072072072074,0.554054054054057,124.710223036596,116.948443630071,120.829333333333,0.702359096336351,58.8720561508311,119.488,120.44814493495,1.04098169493054,1.09808251180306
"3779866","2006-08-24",19.02773287604,0.608108108108108,0.599099099099101,0.575075075075078,124.749711509781,117.378288490219,121.064,0.695710741716758,59.3714121989964,119.6864,120.623058943623,1.03862910779171,1.08619183100079
"3779865","2006-08-25",18.4448473026208,0.635135135135135,0.612612612612614,0.594594594594597,124.765028470034,117.837638196633,121.301333333333,0.704790925684369,60.4068129070121,119.904,120.81731775114,1.04586878682125,1.07812722216488
"3779864","2006-08-28",17.5425616437926,0.594594594594594,0.612612612612614,0.608108108108111,124.790829375448,118.158503957886,121.474666666667,0.639518686897193,58.0183524004158,120.128,120.921675384322,1.0077564950203,1.06405307673597
"3779863","2006-08-29",17.9588299808574,0.783783783783784,0.671171171171173,0.632132132132135,125.14607961377,118.363253719564,121.754666666667,0.925388087256952,64.9776965406275,120.4032,121.310785333079,1.11368737503339,1.07397993639545
"3779862","2006-08-30",18.3453648652747,0.863013698630137,0.747130692336174,0.676971492039988,125.570791538577,118.509208461423,122.04,0.943715424586604,67.0768167301096,120.6848,121.754680622002,1.23562051812927,1.10630805274221
"3779861","2006-08-31",19.0966184221014,0.74074074074074,0.795846074384889,0.738049312630746,126.003174383479,118.663492283188,122.333333333333,0.937802794375219,67.4964196295603,120.9792,122.160723205735,1.32655522092473,1.15035748637872
"3779860","2006-09-01",19.7942110105832,0.666666666666665,0.75680703534585,0.766594600688972,126.427501621687,118.633831711647,122.530666666667,0.880137560464276,67.9365002741992,121.2736,122.533960111637,1.39226438520381,1.19873886614374
"3779859","2006-09-05",20.75881995924,0.775000000000001,0.727469135802471,0.760040748511071,126.933855846276,118.495477487057,122.714666666667,0.917773792932832,70.1152408117482,121.568,122.964098763419,1.47900694077827,1.25479248107064
"3779858","2006-09-06",22.0234830964321,0.888888888888889,0.776851851851854,0.753709341000059,127.624514538607,118.22615212806,122.925333333333,0.983204747269202,73.5935048113279,121.9136,123.528885594963,1.62209481529922,1.32825294791636
"3779857","2006-09-07",21.7839850080827,0.666666666666666,0.776851851851854,0.760390946502061,127.926400319989,118.148266346678,123.037333333333,0.816624829282412,64.5971184137105,122.1696,123.805034182301,1.61141194242631,1.38488474681835
"3779856","2006-09-08",21.1108938628472,0.155555555555556,0.570370370370373,0.708024691358028,127.891640844039,118.145692489295,123.018666666667,0.589746696250528,49.5836873583299,122.272,123.553696291328,1.34744614035731,1.37739702552614
"3779855","2006-09-11",19.9366385941673,0.666666666666667,0.496296296296299,0.61450617283951,127.997832613211,119.010167386789,123.504,0.911230270252461,61.358118865841,122.496,123.933203452484,1.41401780966284,1.38472118235348
"3779854","2006-09-12",18.9231759919763,0.555554912552185,0.459259044924805,0.508641903863826,128.389280156837,119.418720176496,123.904000166667,0.920932826372222,61.358118865841,122.6688,124.262109658819,1.44932512127147,1.39764197013708
"3779853","2006-09-13",17.9821035756561,0.648147397977548,0.623456325732135,0.526337222317747,128.862861158314,119.55313917502,124.208000166667,0.878672228128031,63.1408878834004,122.8416,124.653828370977,1.51103713147847,1.42032100240536
"3779852","2006-09-14",17.366652056963,0.407406935871602,0.537036415467114,0.539917262041353,128.936111230463,119.933222436204,124.434666833333,0.653136013507029,55.9174755616511,122.9184,124.71598458818,1.40867415765582,1.41799163345545
"3779851","2006-09-15",16.7951613610336,0.444443930041747,0.499999421296968,0.55349738749874,128.978449321795,120.333551011539,124.656000166667,0.640044041763163,56.7374775128819,123.008,124.812519976423,1.33281807700083,1.40095692216453
"3779850","2006-09-18",16.1097857778636,0.480768652922292,0.444206506278549,0.493747447680878,129.069661721677,120.813005611657,124.941333666667,0.741260260020093,57.9995331162984,123.4624,124.960183979566,1.28873771512237,1.37851308075609
"3779849","2006-09-19",15.4733655934915,0.673076114091207,0.532762899018418,0.49232294219798,129.185845660734,121.3634886726,125.274667166667,0.821131193212468,61.9808976113701,123.8272,125.301492782291,1.34120673622851,1.37105181185058
"3779848","2006-09-20",15.2737185709027,0.769231046597298,0.641025271203601,0.539331558833524,129.446904693456,121.774430306544,125.6106675,0.887880843031494,63.8272697057334,124.1280004,125.703961744652,1.41715836986593,1.38027312345365
"3779847","2006-09-21",14.4305091624562,0.634614621857425,0.692307260848646,0.622031810356889,129.528545077363,122.231456922637,125.880001,0.761291759064903,59.4726911702219,124.3840004,125.903433512032,1.38888647303028,1.38199579336897
"3779846","2006-09-22",13.9777214845645,0.749999098558774,0.717948255671168,0.683760262574473,129.677132181941,122.696203484725,126.186667833333,0.851433971955371,61.8737248607729,124.6720004,126.204309043761,1.41129805249272,1.38785624519372
"3779845","2006-09-25",13.5572757836651,0.749999098558774,0.711537606324993,0.707264374281603,129.743510040948,123.221825959052,126.482668,0.830794209937548,61.8737248607729,124.9600004,126.465067837926,1.41228727769425,1.39274245169383
"3779844","2006-09-26",13.593023867856,0.830190837489196,0.77672967820225,0.735405180066138,129.759220303626,123.910116029707,126.834668166667,0.945424640193857,63.9385677347222,125.2864008,126.797726792869,1.44687324937174,1.40356861122941
"3779843","2006-09-27",13.6262185174619,0.924528212887042,0.834906049645006,0.774391111390751,130.146901505915,124.055767160752,127.101334333333,0.971503144940541,65.9258348793582,125.6128004,127.192695220487,1.50703375638215,1.42426164025996
"3779842","2006-09-28",13.1942273829856,0.757577192381046,0.837432080919097,0.816355936255452,130.408156992317,124.23184467435,127.320000833333,0.860516500035569,62.9376823061731,125.9136004,127.449669191088,1.49623933219596,1.43865717864716
"3779841","2006-09-29",12.7930927581148,0.848488349409752,0.843531251559282,0.838623127374463,130.701162311817,124.370839688183,127.536001,0.868175389876408,64.2466404715511,126.2272008,127.736381298943,1.50029984115942,1.45098571114961
"3779840","2006-10-02",13.354199955579,0.767440406976744,0.791168649589183,0.824043994022522,131.154069547151,124.461931786183,127.808000666667,0.967014594085039,66.3778779293064,126.5600004,128.091529125751,1.53570821200166,1.46793021132002
"3779839","2006-10-03",12.736239205887,0.534883720930234,0.716937492438912,0.783879131195793,131.368763798592,124.609904201408,127.989334,0.777758790469431,58.8251960904822,126.8480004,128.185991908984,1.44595551287401,1.46353527163082
"3779838","2006-10-04",12.1624185097445,0.512195121951221,0.604839749952735,0.704315297326945,131.575338201326,124.643329798674,128.109334,0.753509886975042,58.8251960904822,127.0464004,128.267859654453,1.35908228039223,1.4426446733831
"3779837","2006-10-05",11.6295850061836,0.605264802631578,0.550781215171013,0.624186152520888,131.792159480775,124.847842519225,128.320001,0.791846173576842,61.3738274159894,127.2448008,128.445479700526,1.32512907765188,1.41914155423686
"3779836","2006-10-06",11.2453521304861,0.833333333333331,0.650264419305379,0.60196179480971,131.787932041105,125.609403292229,128.698667666667,0.948002932818447,65.9175593399742,127.5008008,128.812749073789,1.38228978617374,1.41177120062423
"3779835","2006-10-09",10.5102337996291,0.733333333333333,0.723977156432749,0.641674263636382,132.079887220199,125.712114779801,128.896001,0.853446309165813,63.5040922093278,127.7312008,129.067049197284,1.38103935957106,1.4056248324136
"3779834","2006-10-10",10.0720875903417,0.718748596194148,0.761805087620272,0.712015554452801,132.384579475062,125.775422524939,129.080001,0.844976273152462,63.9775453497613,127.9360008,129.308775970979,1.37382470671075,1.39926480727303
"3779833","2006-10-11",9.43421638658178,0.538457840245578,0.663513256591021,0.716431833548016,132.577979062187,125.902022271146,129.240000666667,0.753645440346791,61.403928029246,128.0640004,129.454271174849,1.3226476359347,1.38394137300536
"3779832","2006-10-12",8.84190741166185,0.692303624270132,0.649836686903288,0.691718343704862,132.580813612102,126.453853721232,129.517333666667,0.80074616114464,63.5115200303778,128.2816,129.665700351536,1.3066817885613,1.36848945611655
"3779831","2006-10-13",10.1494446428042,0.384616000987179,0.538459155167632,0.617269699553981,132.683057227915,127.012943105419,129.848000166667,0.964187570680045,64.0402236103847,128.6528,129.870273637998,1.28884142518755,1.35255984993075
"3779830","2006-10-16",11.3635863574363,0.410257067719662,0.495725564325659,0.561340468798861,132.813718863836,127.420948136164,130.1173335,0.908448633284305,64.592691366963,128.8512,130.068903819598,1.26973530241843,1.33599494042829
"3779829","2006-10-17",12.4910036638805,0.615385601579488,0.470086223428778,0.501423647640691,133.120561359053,127.63143897428,130.376000166667,0.970749782120865,68.7314690805675,129.1008,130.411716643651,1.31833492631706,1.33246293760604
"3779828","2006-10-18",13.0631287842692,0.538462401382053,0.521368356893736,0.495726714882726,133.363110105184,127.79422322815,130.578666666667,0.870152368360573,65.6332028438632,129.2992,130.644821091165,1.31155329529191,1.32828100914321
"3779827","2006-10-19",13.8970248031178,0.717949868509406,0.623932623823651,0.538462401382056,133.627844757369,128.105488242631,130.8666665,0.985300099606808,69.1299332126878,129.6256,130.996178279009,1.359163616774,1.33445753066937
"3779826","2006-10-20",15.6751224334367,0.711111111111109,0.655841127000858,0.600380702572749,134.179166996178,128.151499003822,131.165333,1.07202890698451,70.9489296897325,129.9648,131.386021175141,1.4192124262588,1.35140850978726
"3779825","2006-10-23",17.3262130901615,0.733333333333335,0.720798104317952,0.666857285047488,134.612520287758,128.320812045576,131.466666166667,1.00860599011031,71.4026053188589,130.2912,131.745218351789,1.45906154013664,1.37293911585713
"3779824","2006-10-24",18.9368675344254,0.749998046871949,0.731480830438799,0.702706687252537,135.084490525102,128.398174141565,131.741332333333,0.977392057186035,72.333164312104,130.5663996,132.099187904884,1.49234379185084,1.39682005105587
"3779823","2006-10-25",18.2084682508013,0.285715561222212,0.589682313809167,0.680653749521974,135.196672006039,128.605993660628,131.901332833333,0.69299993617279,57.2786177419124,130.7135992,132.085962850899,1.35622765179797,1.38870157120429
"3779822","2006-10-26",17.532097487436,0.714284438777788,0.583332682290651,0.63483194217954,135.445071860242,128.853593473092,132.149332666667,0.857632566607357,65.100835891118,131.0015988,132.394499804113,1.3787885318773,1.38671896333889
"3779821","2006-10-27",17.120948103579,0.714284438777788,0.571428146259265,0.581481047453029,135.6743286197,129.099002046967,132.386665333333,0.838638389343814,65.100835891118,131.2511984,132.661898496898,1.38028415807727,1.38543200228657
"3779820","2006-10-30",16.8501000710599,0.771428979591108,0.733332619048896,0.629364482532939,135.971309507839,129.196688492161,132.583999,0.838912094814815,66.0617779429196,131.5135984,132.936312030645,1.38454140981632,1.38525388379252
"3779819","2006-10-31",17.1345788003538,0.677417989076636,0.721043802481846,0.675268189263337,136.130393058662,129.544270941338,132.837332,0.818244124437526,64.1592708822937,131.7311976,133.131469093225,1.35256456145392,1.3787160193248
"3779818","2006-11-01",17.3987376204125,0.700000000000001,0.71628232288925,0.723552914806665,136.223616948588,129.968380384745,133.095998666667,0.810779826388972,64.7065866260629,131.923198,133.321939880795,1.32144175544147,1.36726116654813
"3779817","2006-11-02",18.1600116955748,0.705882352941172,0.694433447339272,0.71058652423679,136.426570619926,130.304092713407,133.365331666667,0.886771778162751,66.8848263497456,132.166398,133.572347896689,1.31998326289868,1.35780558581824
"3779816","2006-11-03",18.9659627425394,0.677417989076636,0.694433447339272,0.701716405855932,136.706345591907,130.466984741427,133.586665166667,0.869696761459563,67.4260872209107,132.3967976,133.810701510464,1.31300246732655,1.3488449621199
"3779815","2006-11-06",20.1007087933792,0.828569948982232,0.737290097000015,0.708718997226187,137.114556222225,130.640107777775,133.877332,0.976128794565586,71.446848715594,132.646398,134.187941309069,1.36833088453805,1.35274214660353
"3779814","2006-11-07",21.5896991776052,0.825001289064514,0.776996409041129,0.73623998446014,137.607815148624,130.776181518043,134.191998333333,1.00666236713454,73.2263590162053,132.985598,134.600215801193,1.43334453643733,1.36886262457029
"3779813","2006-11-08",22.972333105815,0.850001328127075,0.834524188724609,0.782936898255252,137.942745932243,131.123917734424,134.533331833333,0.973199315149979,73.6681856943347,133.331198,134.978853694367,1.47664965665453,1.39042003098714
"3779812","2006-11-09",24.5140085026578,0.88372093023256,0.852907849141385,0.821476148969042,138.351131662194,131.414199337807,134.8826655,0.999356344372678,75.4157987381209,133.6703976,135.392339868452,1.53077342535217,1.41849070986015
"3779811","2006-11-10",26.7709079056791,0.799998863636361,0.844573707332001,0.844001915065999,139.095649430021,131.384347903313,135.239998666667,1.06886134177738,77.796264589395,133.9839972,135.878693219325,1.61128381782978,1.45704933145407
"3779810","2006-11-13",28.544654718668,0,0.561239931289642,0.752907162587677,140.513294450463,129.289369216204,134.901331833333,-0.333457544613116,25.3557476512691,133.5551972,133.761534123415,0.530738232614247,1.27178711168611
"3779809","2006-11-14",30.1917053307292,0.384615384615384,0.394871416083917,0.600228351568521,140.676973870039,128.859022796628,134.767998333333,0.121367107360317,42.8018420029666,133.4399972,132.993329573626,0.148394053207834,1.04710849999045
"3779808","2006-11-15",31.7211094705002,0.499999519230769,0.294871634615386,0.416994327329649,140.730342887293,128.677652779374,134.703997833333,0.222551192301644,46.8176547854747,133.4399972,132.647550963809,-0.00970269220569309,0.835746261551224
"3779807","2006-11-16",34.2476850807223,0,0.294871634615386,0.328204895104897,141.84589524216,126.60743375784,134.2266645,-0.171108727775639,35.2637640799554,132.9983976,130.961210835301,-0.765161336162412,0.515564742008497
"3779806","2006-11-17",36.916393159192,0,0.166666506410258,0.252136591880344,143.751864089966,123.053464910035,133.4026645,-0.23770589860262,31.4108344831734,132.3583976,128.859716057261,-1.65456600858167,0.0815385918904634
"3779805","2006-11-20",39.5512023733739,0,1.77635683940025e-15,0.15384604700855,145.270600390964,119.668061942369,132.469331166667,-0.143269463289128,29.4473775466547,131.6031976,126.675753916293,-2.51900500878375,-0.438570128244379
"3779804","2006-11-21",40.1376116424509,0.293785310734463,0.0979284369114894,0.088198314440584,145.220899280465,118.571097052869,131.895998166667,0.183700035444483,41.4943707783565,131.1295976,125.892320060787,-2.65238187183018,-0.881332476961539
"3779803","2006-11-22",40.4962323677286,0.519774011299435,0.271186440677968,0.123038292529821,145.05379059032,118.215539076347,131.634664833333,0.362584260947603,48.7445228656471,130.9311976,126.066677386016,-2.32134128495508,-1.16933423856025
"3779802","2006-11-24",40.866040971071,0.508474576271186,0.440677966101696,0.269930947897052,144.751599738492,117.808397261508,131.2799985,0.35648828605397,48.4214193632275,130.6751976,126.175120401214,-2.05567502511317,-1.34660239587083
"3779801","2006-11-27",40.952728364559,0.548022598870056,0.525423728813561,0.412429378531076,144.405969248765,117.535362084569,130.970665666667,0.405324096904298,49.6786666577083,130.4383976,126.418437681052,-1.75312551708726,-1.42790702011412
"3779800","2006-11-28",41.1193286144143,0.525423728813559,0.527306967984935,0.497802887633398,143.995062700161,117.247602299839,130.6213325,0.3980091645149,48.9444880137196,130.1695976,126.543979323578,-1.53647488550606,-1.44962059319251
"3779799","2006-11-29",41.2740288464227,0.531073446327683,0.534839924670435,0.529190207156311,143.541537322113,117.002461677888,130.2719995,0.412380790329466,49.1468246772058,129.894398,126.674115413768,-1.33907513312582,-1.42751150117917
"3779798","2006-11-30",39.8488801918479,0.593220338983051,0.549905838041433,0.537350910232268,143.147500193108,116.964499140226,130.055999666667,0.525360105410583,51.4271805596212,129.785598,127.021566691932,-1.05839256738046,-1.35368771441943
"3779797","2006-12-01",37.8648117064816,0.867549668874173,0.663947818061637,0.582897860257836,142.965187048482,117.002812284851,129.983999666667,0.665983801786233,56.4034308314951,129.7471984,127.877357799675,-0.566527148969009,-1.19625560132934
"3779796","2006-12-04",36.0224623986415,0.959183248299319,0.806651085385516,0.673501580496196,142.891960059988,117.022704940013,129.9573325,0.708844854955312,58.1781151985806,129.7727984,128.832375426385,-0.0776572924110042,-0.972535939545676
"3779795","2006-12-05",34.082513751358,0.940789473684211,0.922507463619236,0.797702122355464,142.723411792767,117.0792528739,129.901332333334,0.731579740456887,58.541621618754,129.7983984,129.702725369533,0.323207764134725,-0.713387198809596
"3779794","2006-12-06",32.2334719444493,0.960783921248398,0.953585547743978,0.894248032249577,142.507831270779,117.161500729221,129.834666,0.755868884953574,59.3034672848951,129.8623988,130.542361986929,0.670306452940372,-0.436648468459602
"3779793","2006-12-07",29.9933850729517,0.914634146341463,0.938735847091359,0.938276286151525,142.41642664646,117.19957235354,129.8079995,0.794194790535368,59.8986625862917,129.9391988,131.334047055338,0.961449838595985,-0.157028807048485
"3779792","2006-12-08",28.0513274198597,0.890909090909091,0.922109052832985,0.938143482556108,142.172557813972,117.304774519362,129.738666166667,0.790389125069235,58.9698737936949,129.9711988,131.956174114627,1.14758520088709,0.10389399453863
"3779791","2006-12-11",26.2479881705599,0.867256637168141,0.8909332914729,0.917259397132415,141.645495885555,117.554504114445,129.6,0.801080866059024,59.6437732066527,130.0159988,132.559350899343,1.30780899089902,0.344676993810708
"3779790","2006-12-12",26.9256983245877,0,0.586055242692412,0.7996991956661,141.694508918542,117.889491414791,129.792000166667,0.482972910370557,42.5745254413643,129.5743988,131.631437446097,0.76270992874119,0.428283580796804
"3779789","2006-12-13",27.5550006104707,0.0843373493975907,0.317197995521912,0.598062176562409,141.601335631825,117.747997701508,129.674666666667,0.427557168796186,44.3404130614432,129.1519988,130.976579119951,0.392830158043234,0.42119289624609
"3779788","2006-12-14",28.1393527330763,0.180722891566265,0.0883534136546203,0.330535550622982,141.453170984521,117.640162682146,129.546666833333,0.468644441845159,46.3701586744943,128.7743988,130.579701903958,0.175609621679995,0.372076241332871
"3779787","2006-12-15",28.2772411767994,0.301205572289157,0.188755271084339,0.198102226753625,141.491315433641,118.226018899692,129.858667166667,0.516390915088633,48.8796894531099,128.4351992,130.449076316763,0.100912051637936,0.317843403393884
"3779786","2006-12-18",28.0055895477077,0.337349397590363,0.27309262048193,0.183400435073631,140.814402548911,120.182931784423,130.498667166667,0.521068113448056,49.6409921281758,128.0767996,130.399866141195,0.0705678966522738,0.268388302045562
"3779785","2006-12-19",28.1502771861559,0.19277108433735,0.277108684738958,0.24631885876841,139.094677880218,123.246656453115,131.170667166667,0.390796010427704,46.6483558499244,128.4031996,130.101217322369,-0.0716505100465836,0.200380539627133
"3779784","2006-12-20",28.3497724362131,0.168674698795181,0.232931726907633,0.261044344042841,138.62733081628,124.26867018372,131.4480005,0.330439117618952,46.1490010585671,128.3967996,129.799721679386,-0.202205722986093,0.119863287104488
"3779783","2006-12-21",28.5350180255519,0.325301204819277,0.228915662650604,0.246318691432399,138.587680215646,124.548320784354,131.5680005,0.413006441689121,49.9029074741411,128.3776,129.815758788801,-0.174459738590582,0.0609986819654738
"3779782","2006-12-22",28.7070317870808,0.337349397590363,0.277108433734942,0.246318607764394,138.500836144343,124.939164855658,131.7200005,0.40659947880291,50.1905431917638,128.7808,129.850990950295,-0.140899247003123,0.0206190961717544
"3779781","2006-12-26",28.50098580429,0.337349397590363,0.333333333333336,0.279785809906295,138.464744761255,125.204589572079,131.834667166667,0.415938603224135,50.1905431917638,129.376,129.881525490255,-0.113001722712713,-0.00610506760513917
"3779780","2006-12-27",26.7983514236028,0.421686746987951,0.365461847389561,0.32530120481928,138.463405400129,125.691261933205,132.077333666667,0.552405690691875,52.4088611597492,130.1248,130.057322091555,-0.0211146981292654,-0.00910699370996441
"3779779","2006-12-28",25.2173337843932,0.554217620481929,0.437751255020083,0.378848811914327,138.515358211343,126.236643121991,132.376000666667,0.62574654503864,55.7443715634544,130.6112004,130.444347146014,0.158731817661928,0.0244607685644141
"3779778","2006-12-29",23.6889850903142,0.733331888890093,0.569745418786659,0.457652840398768,138.773241648747,126.40009201792,132.586666833333,0.68965743592775,58.3183623282412,130.8992,130.971766193212,0.385066522404331,0.0965819193323975
"3779777","2007-01-03",22.0325026171636,0.873238667923708,0.720262725765245,0.575919799857329,138.987699626077,126.350967373923,132.6693335,0.759349735459329,60.2546714315424,131.2448,131.578197367451,0.624964486451773,0.202258432756273
"3779776","2007-01-04",21.1200212280385,0.64179197761194,0.749454178141915,0.679820774231274,138.926172624498,126.364495708835,132.645334166667,0.677896033706567,55.4953174905681,131.4688004,131.847772385124,0.688654735293026,0.299537693263623
"3779775","2007-01-05",21.108838213605,0.316666666666666,0.610565770734106,0.693427558213756,138.590252978188,126.375082021812,132.4826675,0.50851393460132,49.5269558159927,131.6096004,131.718736067107,0.566085910376257,0.35284733668615
"3779774","2007-01-08",20.6309474650552,0.749998958333332,0.569485867537314,0.643168605471112,138.49216519456,126.414502138774,132.453333666667,0.771575137081549,57.1221407993101,131.9104,132.161569924826,0.715005757036713,0.425279020756263
"3779773","2007-01-09",20.3841777916122,0.683332291666667,0.58333263888889,0.587794759053437,138.1215150445,126.577151622167,132.349333333333,0.742311036505904,55.7326336257326,132.1151996,132.460025934849,0.784346207074371,0.497092458019884
"3779772","2007-01-10",20.4937415714584,0.566666666666667,0.666665972222223,0.606494826216143,137.650707326328,126.765292673672,132.208,0.67687275999757,53.2896635323284,132.1087996,132.569355810203,0.762103265911729,0.550094619598253
"3779771","2007-01-11",20.5954793670297,0.683332291666667,0.644443750000002,0.631480787037039,137.243412879713,126.95391945362,132.098666166667,0.74957436940687,55.3952560029884,132.0831996,132.813440368843,0.803172392780205,0.600710174234644
"3779770","2007-01-12",21.5793161570502,0.170212765957447,0.473403908096928,0.594837876773052,137.287605094408,127.277726905592,132.282666,0.578322698026689,48.6477505214981,131.9167996,132.59831498633,0.633905592250317,0.607349257837778
"3779769","2007-01-16",22.4928788906406,0.173913043478261,0.342486033700793,0.486777897265908,137.104539420259,127.919459579741,132.5119995,0.502322661719181,48.9823667689114,131.7311996,132.433206321486,0.503626686243264,0.586604743518875
"3779768","2007-01-17",23.4263133584578,0.130433423913041,0.158186411116251,0.324692117637991,136.944330482176,128.351668184491,132.647999333333,0.368724504592242,48.3044091022952,131.5135992,132.247444145288,0.376480144183899,0.54457982365188
"3779767","2007-01-18",24.84726041127,0,0.101448822463769,0.200707089093605,136.951188711781,128.334142621553,132.642665666667,0.20879437024493,43.7407209496059,131.2255992,131.787784925916,0.13704940960344,0.463073740842192
"3779766","2007-01-19",26.1667112460242,0.277777777777776,0.136070400563607,0.131901878047876,136.941234042621,128.408097624046,132.674665833333,0.370935009984217,49.27086551862,131.0143992,131.709413602461,0.0929233679543673,0.389043666264627
"3779765","2007-01-22",28.2256300144643,0,0.0925925925925932,0.110037271873323,137.03469962311,128.234632043557,132.634665833333,0.0460641867551904,41.6318884577878,131.0719992,131.086825122133,-0.195485612334723,0.272137810544757
"3779764","2007-01-23",30.1374831565873,0.107692307692307,0.128490028490029,0.11905100721541,137.047134307073,128.211530359594,132.629332333333,0.0786740756909395,44.142811832112,131.1295992,130.696581772515,-0.351923474184612,0.147325553598883
"3779763","2007-01-24",29.845253102417,0.276923076923075,0.128205128205129,0.116429249762584,137.013856606184,128.351474393816,132.6826655,0.353465770860605,47.9333167056273,131.2063992,130.59303753618,-0.363251778030171,0.0452100872730725
"3779762","2007-01-25",29.5738966235445,0.285714285714284,0.223443223443223,0.160046126712794,137.001220184054,128.390777815947,132.695999,0.270511713313842,47.9333167056273,131.2191988,130.503299198022,-0.368027041062902,-0.0374373383941223
"3779761","2007-01-26",29.0938515875683,0.412698412698411,0.325111925111925,0.225586758920093,136.980941475673,128.512389857661,132.746665666667,0.380341718508494,50.7521656006593,131.2639988,130.596192638286,-0.289313868459762,-0.0878126444072502
"3779760","2007-01-29",29.0217945647904,0.295081967213113,0.331164888541937,0.293240012365696,136.970779300822,128.319885699179,132.6453325,0.277441585190566,47.9561421793512,131.3343988,130.506033619848,-0.302593309631882,-0.130768777452177
"3779759","2007-01-30",27.9843027218876,0.114754098360655,0.274178159424061,0.310151657692641,136.866582791808,128.056081208192,132.461332,0.247876404963804,44.3390468018129,131.3471988,130.193229137202,-0.417393068718297,-0.188093635705401
"3779758","2007-01-31",27.0209174391921,0.163934426229506,0.191256830601093,0.265533292855697,136.577760801512,127.880904198488,132.2293325,0.277391312550759,45.54537028902,131.2959988,129.986131918908,-0.473432305237464,-0.245161369611813
"3779757","2007-02-01",25.7568261265556,0.442622950819673,0.240437158469946,0.235290716165034,136.053361475584,128.047969857749,132.050665666667,0.54030587743071,51.9062105851199,131.3471988,130.16931432972,-0.345075471077905,-0.265144189905032
"3779756","2007-02-02",24.7066885349276,0.510202806122448,0.372253394390543,0.267982461153861,135.702664977891,128.126664688775,131.914664833333,0.532381884543885,51.1492070338066,131.3855984,130.285404419091,-0.260250815301899,-0.264165514984405
"3779755","2007-02-05",23.7315607712731,0.695653119093911,0.549492958678678,0.38739450384639,135.732561039334,128.128768293999,131.930664666667,0.628356821306754,53.6945912602001,131.4239984,130.535350496545,-0.122362976444756,-0.235805007276475
"3779754","2007-02-06",23.0955046336594,0.608696479207174,0.604850801474512,0.508865718181245,135.161651056933,128.374345276401,131.767998166667,0.604901491552385,52.0263909861476,131.366398,130.666637097006,-0.0521651555765112,-0.199077036936483
"3779753","2007-02-07",22.1466684320101,0.760000950001189,0.688116849434092,0.614153536529095,134.862237669563,128.535092330437,131.698665,0.825791736428055,55.729423434471,131.3151984,130.993752150739,0.10087041997846,-0.139087545553494
"3779752","2007-02-08",21.2656062447643,0.820002275002844,0.729566568070404,0.674178072993003,134.840788251229,128.545875748772,131.693332,0.870670971585784,56.8066014683312,131.2383988,131.341253197307,0.248436987497769,-0.0615826389432415
"3779751","2007-02-09",20.4474770708932,0.790700277180636,0.790234500728225,0.735972639410908,134.687399290349,128.629932709651,131.658666,0.882119153141585,56.8066014683312,131.2383988,131.642420770999,0.360834045075498,0.0229006978605064
"3779750","2007-02-12",19.4795422847396,0.837210519201336,0.81597102379494,0.77859069753119,134.905901867292,128.534096466042,131.719999166667,0.903862119334121,57.6041392311479,131.3599988,131.946098001533,0.463810740718729,0.111082706432151
"3779749","2007-02-13",19.4125537805725,0.604653495135895,0.744188097172623,0.783464540565263,134.928795741056,128.532536925611,131.730666333333,0.658844468719745,52.3947457545882,131.2511996,131.995952934662,0.44235153124732,0.177336471395185
"3779748","2007-02-14",20.1012247513739,0.348837716333891,0.596900576890375,0.71901989928598,134.921083225097,128.51358344157,131.717333333333,0.427584859043927,47.3247842310342,131.0976,131.804492543373,0.314119831234128,0.204693143362973
"3779747","2007-02-15",20.6256936982563,0.488372802867449,0.480621338112413,0.607236670725138,134.928871536406,128.687128463594,131.808,0.522216016431468,50.1578365337743,131.0272,131.766560204257,0.268118353418556,0.21737818537409
"3779746","2007-02-16",22.0297169302603,0.11628069226845,0.317830403823265,0.465117439608685,134.935510812006,128.547156187994,131.7413335,0.264990060556404,43.4472259050988,130.8096008,131.392353510356,0.0738166206838642,0.188665872436045
"3779745","2007-02-20",22.4618130608973,0.274998867185732,0.293217454107212,0.363889732014297,134.75292844253,129.02840455747,131.8906665,0.453881492102934,47.6869370453726,130.7776004,131.260038375642,0.00793807753232123,0.1525203134553
"3779744","2007-02-21",22.863045182203,0.5,0.297093186484729,0.302713681471736,134.609259686173,129.550740313828,132.08,0.621247599976846,51.9935229225965,130.8032004,131.358699925556,0.0534415561428192,0.132704561992804
"3779743","2007-02-22",23.2356178662727,0.5,0.424999622395245,0.338436754329063,134.653305134039,129.618695532628,132.136000333333,0.578920981921204,51.9935229225965,130.8416008,131.444206602149,0.0884505718693473,0.123853763968113
"3779742","2007-02-23",23.5815782157659,0.578947628117196,0.526315876039067,0.416136228306347,134.685553112114,129.79444722122,132.240000166667,0.614493500207342,53.3302607694086,130.9888008,131.582312388529,0.143949271180888,0.127872865410668
"3779741","2007-02-26",23.7709459212004,0.605263504156262,0.561403710757821,0.504239736397378,134.754499105869,129.848168227464,132.301333666667,0.63424892918773,53.7921371130167,131.0464008,131.723337403392,0.195413041792469,0.141380900687028
"3779740","2007-02-27",24.528859703548,0.394736495843738,0.526315876039067,0.538011820945318,134.715855079486,130.020145253847,132.368000166667,0.432988441573771,49.5659524363259,131.2192008,131.674892416273,0.155957551856645,0.144296230920951
"3779739","2007-02-28",25.2326367871565,0.421052371882804,0.473684123960936,0.520467903585942,134.602725126257,130.319942207077,132.461333666667,0.417187724268771,50.093764341317,131.3536008,131.654240094103,0.132959078852735,0.142028800507308
"3779738","2007-03-01",24.9185743781812,0.605263504156262,0.473684123960936,0.491228041320313,134.525450659393,130.690549340608,132.608,0.661324446682047,53.7431061910703,131.4624008,131.785674748223,0.181250643749808,0.149873169155808
"3779737","2007-03-02",24.2432302347062,0.684211132273463,0.570175669437511,0.505847972453128,134.646782157458,130.702551509209,132.674666833333,0.761647942366506,55.2532864079852,131.5904008,131.963584781793,0.245973602465677,0.169093255817782
"3779736","2007-03-05",23.6161249586223,0.756756345872206,0.682076994100644,0.575312262499697,134.766196027803,130.743138305531,132.754667166667,0.7498918905474,56.2780997342987,131.6800008,132.160440144221,0.313078058029514,0.197890216260128
"3779735","2007-03-06",22.5033149458337,0.763160405132912,0.734709294426195,0.662320652654784,134.905979314709,130.720689018624,132.813334166667,0.802647863602531,56.8107487456453,131.8272012,132.352382791658,0.37158609316994,0.232629391642091
"3779734","2007-03-07",21.0482486019831,0.659091845300916,0.726336198768679,0.71437416243184,135.105600242205,130.713069091128,132.909334666667,0.839365151601587,56.8107487456453,132.0448016,132.518733086104,0.41305491542738,0.268714496399149
"3779733","2007-03-08",19.6971155684076,0.659091845300916,0.693781365244916,0.71827561947993,135.194461908997,130.682875091003,132.9386685,0.812086387813198,56.8107487456453,132.243202,132.66290334129,0.440730121828392,0.303117621484997
"3779732","2007-03-09",18.4424920372303,0.85714311224444,0.725108934282091,0.715075499431896,135.469183725784,130.546819274217,133.0080015,0.988653746994975,62.5141468705218,132.396802,133.001182895784,0.553283692135187,0.353150835615035
"3779731","2007-03-12",18.5170020166202,0.564101660093492,0.69344553921295,0.704111946246653,135.81571793224,130.38161806776,133.098668,0.994654508940814,60.7852324808549,132.5504024,133.251691843013,0.615616411017617,0.405643950695552
"3779730","2007-03-13",18.1637149685919,0.487177103882846,0.636140625406927,0.684898366300657,135.96744058035,130.320561752984,133.144001166667,0.864093551415118,58.1856932074864,132.640002,133.404798263945,0.628524121788554,0.450219984914152
"3779729","2007-03-14",17.1737502242211,0.358975386257392,0.470084716744578,0.599890293788152,136.068532142075,130.363469857925,133.216001,0.670142285042184,54.0379603496194,132.7232024,133.430826495419,0.583598386616191,0.47689566525456
"3779728","2007-03-15",17.1880117223939,0.6153836291929,0.48717870644438,0.531134682865296,136.343999873595,130.536002126405,133.440001,0.89485764856621,60.1556095970864,132.8064024,133.66671629603,0.637245334917358,0.508965599187119
"3779727","2007-03-16",17.8836242933418,0.452379464285713,0.475579493245336,0.477614305478099,136.591840281393,130.65616105194,133.624000666667,0.837393456741384,56.1324945349674,132.8384016,133.764486123226,0.624138578322353,0.532000195014166
"3779726","2007-03-19",17.4156392818847,0.219513719512195,0.429092270996937,0.463950156895552,136.331950169604,131.273384497063,133.802667333333,0.502109820719441,49.6906961186664,132.8128016,133.657222640129,0.520872296281194,0.529774615267572
"3779725","2007-03-20",17.0728407503914,0.264705882352945,0.312199688716952,0.405623817653076,136.295609780629,131.608391886038,133.952000833333,0.641092046825842,54.102574029432,132.8192016,133.713592954778,0.500855147368062,0.52399072168767
"3779724","2007-03-21",17.3691447636147,0.281246643059848,0.255155414974997,0.332149124896296,136.406350307124,131.748317359543,134.077333833333,0.741015791994959,55.3084632440693,132.9024008,133.805112560808,0.498517189771985,0.518896015304533
"3779723","2007-03-22",17.6442842044648,0.437498901365037,0.327817142259278,0.29839074865041,136.53209764678,131.926570019886,134.229333833333,0.791823856507746,58.2610603223467,133.0880008,133.9910975527,0.538588182443123,0.522834448732251
"3779722","2007-03-23",18.1623213931387,0.437498901365037,0.385414815263309,0.322795790832529,136.669574260282,132.082426739718,134.3760005,0.795899102273977,58.2610603223467,133.2352008,134.152284545674,0.563702078792039,0.531007974744208
"3779721","2007-03-26",18.6433559254787,0.562499145506142,0.479165649412073,0.397465868978221,136.848392450674,132.21827488266,134.533333666667,0.839804114450311,60.6717297899427,133.5104004,134.377313272917,0.614824829264626,0.547771345648292
"3779720","2007-03-27",19.3654234591078,0.687499389647241,0.562499145506141,0.475693203393842,136.96697863231,132.563688701024,134.765333666667,0.937854353620401,62.9746560905427,133.7536008,134.657671503195,0.685568331846209,0.575330742887875
"3779719","2007-03-28",19.5541180344347,0.593749206541417,0.614582580564934,0.552082458494384,136.919962096712,133.037371903288,134.978667,0.859210285879546,60.1307343010571,133.9136008,134.836648636102,0.704508425174022,0.601166279345105
"3779718","2007-03-29",20.0268576553392,0.812499633788346,0.697916076659002,0.624999267576693,137.193710062068,133.168957937932,135.181334,1.02144064245537,64.1939487304781,134.1184008,135.141095484622,0.777274313456933,0.63638788616747
"3779717","2007-03-30",21.0098322820123,0.685713724488795,0.69732085493952,0.66993983738782,137.475311037913,133.255356962088,135.365334,0.978993996225262,62.242160027623,134.2912008,135.362282753339,0.806229838442984,0.670356276622573
"3779716","2007-04-02",22.5981446560688,0.6136358148236,0.703949724366915,0.699728885321813,137.895912190385,133.277422809615,135.5866675,1.06295445378576,64.0098197763315,134.4768008,135.617978386227,0.847735379860848,0.705832097270228
"3779715","2007-04-03",24.0730061462642,0.886363474948116,0.728571004753505,0.709947194686647,138.612687254919,133.099314078415,135.856000666667,1.15489236523795,70.0498048164558,134.7904008,136.095581268064,0.982851352008862,0.761235948217955
"3779714","2007-04-04",24.1292191241351,0.704545034865104,0.734848108212275,0.722456279110899,138.98529556684,133.14803843316,136.066667,0.936277908444296,62.5172061764989,135.0464008,136.338837098988,1.00193069249954,0.809374897074272
"3779713","2007-04-05",24.1814168893009,0.886363474948116,0.82575732825378,0.763058813739854,139.481238068081,133.164095265253,136.322666666667,0.997693355703835,66.4073595401284,135.3088008,136.72032548579,1.07984664119645,0.863469245898707
"3779712","2007-04-09",25.0719052881187,0.744678531012592,0.778529013608605,0.77971148335822,140.140977842043,132.995021824624,136.567999833333,1.02505176692766,67.7586684546732,135.5712004,137.114947421018,1.15591686310508,0.921958769339981
"3779711","2007-04-10",26.8617206508822,0.688524909298249,0.773188971752987,0.792491771205125,141.179033342084,132.591632657917,136.885333,1.1111279217481,71.466980223039,135.8784004,137.648954431549,1.28512552441862,0.994592120355709
"3779710","2007-04-11",26.9509069165309,0.446428571428571,0.626544003913139,0.726087329758244,141.549994161143,132.700672838857,137.1253335,0.824846361504981,61.3370479020708,136.1024,137.855760507342,1.25983989547103,1.04764167537877
"3779709","2007-04-12",26.0645179252349,0.285713169642857,0.473555550123227,0.624429508596452,141.612698426916,133.091300573084,137.3519995,0.660536317726093,55.0362062646582,136.2687992,137.842991106363,1.14229104202841,1.0665715487087
"3779708","2007-04-13",25.2414424333173,0.423076923076925,0.385072888049452,0.495057480695273,141.865198948108,133.238800051892,137.5519995,0.752867257771977,59.9581001061728,136.4991988,138.045258958848,1.12963364871999,1.07918396871096
"3779707","2007-04-16",24.4771580479651,0.411764705882355,0.373518266200713,0.410715568124465,142.067865848511,133.441467484823,137.754666666667,0.7231912538112,59.9581001061728,136.6655988,138.220557764335,1.10664536292437,1.08467624755364
"3779706","2007-04-17",23.9417782776832,0.470588235294118,0.435143288084467,0.397911480778212,142.095149339359,134.043516660641,138.069333,0.75303360796021,61.4271577711007,136.8639988,138.436483395757,1.10350484464794,1.0884419669725
"3779705","2007-04-18",24.6155037820832,0.478262228260869,0.453538389812449,0.42073331469921,142.331489195319,134.473844471348,138.402666833333,0.866183498288664,62.8932809344351,137.1007996,138.687620276323,1.11583749498632,1.09392107257526
"3779704","2007-04-19",25.241106036169,0.717391304347828,0.555413922634273,0.481365200177064,142.745882953227,134.76878471344,138.757333833333,0.943268892234933,67.7356349392197,137.4399992,139.139937572813,1.21337967809287,1.11781279367879
"3779703","2007-04-20",25.5569039954636,0.651161337209301,0.615604956606,0.541519089684241,143.051450745171,135.119215921496,139.085333333333,0.884254047073346,66.0479121824078,137.7023988,139.489277896438,1.25692628037624,1.14563549101828
"3779702","2007-04-23",26.3270996852765,0.700002031246829,0.689518224267987,0.620179034502754,143.412314117521,135.467686549146,139.440000333333,0.926284677393984,67.3616030661846,138.0159996,139.856042176913,1.30357169849471,1.17722273251356
"3779701","2007-04-24",27.0422813972455,0.850000234374633,0.733721200943589,0.679614793939193,143.840142008099,135.775858658568,139.808000333333,0.953687720874333,69.872249019285,138.4255992,140.301903219991,1.37924855319123,1.2176278966491
"3779700","2007-04-25",28.2702425260227,0.687499104818873,0.74583379014678,0.723024405119453,144.295537008705,136.035129657962,140.165333333334,0.944852153649441,68.9206129716603,138.7839988,140.666981457326,1.4129961659411,1.2567015505075
"3779699","2007-04-26",29.1135783187831,0.645833794487247,0.727777711226919,0.735777567439097,144.441209525095,136.566790474905,140.504,0.835601477369031,66.9566475918308,139.1167992,140.940717263016,1.40470498779355,1.28630223796471
"3779698","2007-04-27",30.8713422767625,0.672414870689656,0.668582589998594,0.714064697124098,145.000600145405,136.780732521262,140.890666333334,1.00154866905126,70.56942860019,139.4687992,141.348621627947,1.4540418424871,1.31985015886919
"3779697","2007-04-30",32.7411417558977,0.656250335693031,0.658166333623313,0.684842211616276,145.580584147255,137.027415186079,141.303999666667,1.00850552425756,71.8139646427527,139.8399992,141.766138744221,1.50243811403299,1.35636774990195
"3779696","2007-05-01",34.8586454296615,0.653335000000001,0.660666735460898,0.662471886360936,146.437587975665,137.050411691002,141.743999833334,1.05849277862527,74.5213526371926,140.2303996,142.277321578325,1.58526929833747,1.40214805958905
"3779695","2007-05-02",36.8248988410136,0.753846878698921,0.687810738130653,0.668881269071622,147.399810229707,136.914856103627,142.157333166667,1.03180968649133,77.8016765702562,140.6591996,142.933678701215,1.72031510170465,1.46578146801217
"3779694","2007-05-03",38.815897145978,0.769231508876453,0.725471129191793,0.691316200927782,148.213152760263,137.050847239737,142.632,0.990460504770511,78.1052527548065,141.1135996,143.523854874386,1.81386123665954,1.53539742174164
"3779693","2007-05-04",40.9595479037213,0.67605633802817,0.733044908534517,0.715442258618988,149.076137523507,137.115862476493,143.096,0.972452903002187,78.423029905399,141.5295996,144.056674224468,1.87404478578437,1.60312689455019
"3779692","2007-05-07",41.6012657476021,0.514705436310143,0.653331094404924,0.703949044043746,149.513956245615,137.355377421052,143.434666833333,0.800912347799115,67.8222122234141,141.8943996,144.305117661206,1.81056050554806,1.64461361674976
"3779691","2007-05-08",42.1971466026343,0.491524903045655,0.560762225794658,0.6490460762447,149.914868679713,137.439797653621,143.677333166667,0.765275189729313,69.1686467072824,142.2591992,144.584433973045,1.76632811296058,1.66895651599193
"3779690","2007-05-09",43.2320673358733,0.542373366129909,0.516201235161904,0.576764851787163,150.336953891518,137.812378775149,144.074666333334,0.809152230503413,70.4981255557554,142.5663992,144.890509443305,1.73756721954181,1.6826786567019
"3779689","2007-05-10",44.0593918351493,0.499999441963663,0.511299237046411,0.529420899334325,150.421637345969,138.597029320698,144.509333333334,0.74558953614304,69.4235181143115,142.9183992,145.134441517531,1.68602848165254,1.68334862169203
"3779688","2007-05-11",43.9142154819077,0.339623820754717,0.460665542949432,0.496055338385916,150.380156262759,139.305177737241,144.842667,0.64061784978437,62.2683701685301,143.1743996,145.196517315194,1.56472423413287,1.6596237441802
"3779687","2007-05-14",42.9506941713621,0.20754716981132,0.349056810843235,0.440340530279693,150.148398877804,140.128934788863,145.138666833334,0.546043696805668,56.0473769158179,143.3664,145.100981673168,1.39034203924049,1.60576740319226
"3779686","2007-05-15",41.9333620331148,0,0.182390330188681,0.330704227993783,150.611249875803,139.415417457531,145.013333666667,-0.162150884041002,27.8230475649802,143.0784,143.610184116746,0.654232379980968,1.41546039855
"3779685","2007-05-16",40.9886964761709,0,0.0691823899371084,0.200209843656342,151.387814349574,138.126852317093,144.757333333334,-0.148318976577719,27.8230475649802,142.8672,142.318159567846,0.0650072864675888,1.14536977613352
"3779684","2007-05-17",39.3707451670096,0.314814814814816,0.104938271604941,0.118836997243577,151.484532725822,137.838133607512,144.661333166667,0.185777681753912,44.5162155420036,142.9312004,141.923738292133,-0.094272177732091,0.897441385360396
"3779683","2007-05-18",37.4260299831741,0.39814814814815,0.237654320987657,0.137258327509903,151.49726487564,137.782735457693,144.640000166667,0.286114899709099,47.9480438620833,142.9888004,141.773906519849,-0.137133905490883,0.69052632719014
"3779682","2007-05-21",35.5562527013533,0.425925925925927,0.379629629629633,0.240740740740744,151.50698358934,137.698349077327,144.602666333334,0.317312156066405,49.0786792285947,143.0656004,141.708052317202,-0.142133250430776,0.523994411665957
"3779681","2007-05-22",33.8200309396625,0.500000000000001,0.441358024691361,0.352880658436218,151.501747835149,137.650251164851,144.5759995,0.381408519303004,52.0685958563681,143.1744004,141.821645341575,-0.072317182478665,0.404732092837033
"3779680","2007-05-23",31.4129370719891,0.555555555555557,0.49382716049383,0.438271604938275,151.514389204459,137.674944128874,144.594666666667,0.472446149544473,54.2388104083874,143.3024,142.048092629365,0.0371399064871936,0.331213655567065
"3779679","2007-05-24",30.1074206339436,0.712871287128712,0.589475614228092,0.508220266471095,151.686202477068,137.828464522932,144.7573335,0.618538093213328,58.3049449965812,143.4368,142.50034694545,0.22993303350245,0.310957531154142
"3779678","2007-05-25",28.7618293572309,0.693069306930693,0.653832049871656,0.579044941531193,151.740873508566,137.853793824768,144.797333666667,0.573161506220197,57.3896699878054,143.5712004,142.84963401939,0.359904541036271,0.320746933130568
"3779677","2007-05-29",27.3736039718614,0.673267326732674,0.693069306930695,0.645458990343482,151.736930654908,137.852403345092,144.794667,0.55800219064213,56.4355917695003,143.6736,143.109682816805,0.439428488026938,0.344483244109842
"3779676","2007-05-30",25.4839573309191,0.61290255376344,0.659746395808937,0.668882584203764,151.512152982934,137.746513683733,144.629333333333,0.431035773491323,51.376584291308,143.6671996,143.100390441231,0.398497430904876,0.355286081468849
"3779675","2007-05-31",23.6637562787045,0.699999513889227,0.662056464795115,0.671624055844917,151.195310934196,137.72735573247,144.461333333333,0.493465971732005,53.8088782024491,143.7056,143.2203383824,0.415375692160769,0.367304003607233
"3779674","2007-06-01",21.9735695873624,0.711110617284294,0.674670894978989,0.665491251861015,150.8035955276,137.756404139067,144.279999833334,0.515328982361848,54.2199106749282,143.7632,143.34562659808,0.432709678886556,0.380385138663097
"3779673","2007-06-04",21.2649858485471,0.699999513889227,0.703703215020918,0.680143524931675,150.305301179185,137.886698487482,144.095999833334,0.578162322882084,53.7052522718163,143.7632,143.432876385003,0.432400960902135,0.390788303110905
"3779672","2007-06-05",20.6070152339329,0.788888341049764,0.73333282407443,0.703902311358113,150.147818076477,137.92151459019,144.034666333334,0.649840628613095,57.2049346790812,143.7952,143.679159533669,0.498281025569569,0.412286847602638
"3779671","2007-06-06",20.0628836973594,0.696428910235591,0.728438921724862,0.721824986940071,150.033637164086,137.950363502581,143.992000333333,0.677215192393474,58.0585816220503,143.7952,143.93527292918,0.561743698590966,0.442178217800304
"3779670","2007-06-07",18.7483356227962,0.361701646673343,0.615672965986234,0.692481570595176,149.609975989914,138.054024676753,143.832000333333,0.579151106520455,50.945224214062,143.648,143.879903205289,0.489686452410076,0.451679864722258
"3779669","2007-06-08",17.5897449728851,0.681817213327824,0.579982590078921,0.641364825930007,149.488637935105,138.100696064896,143.794667,0.752196551352249,57.7984608085078,143.5968,144.173249444584,0.569415221175928,0.475226936012992
"3779668","2007-06-11",17.0754997245417,0.249999565972976,0.43117280865805,0.542276121574403,149.35612335177,138.126543314897,143.741333333334,0.641768436110017,51.502644961477,143.456,144.150149518639,0.510173346154352,0.482216218041264
"3779667","2007-06-12",16.5979862796513,0.575757288798152,0.502524689366319,0.504560029367764,149.482724146473,138.095942520194,143.789333333334,0.74332307034609,56.5943862398871,143.4624,144.407462916154,0.572914842787253,0.500355942990462
"3779666","2007-06-13",16.6826752336376,0.333333964644077,0.386363606471737,0.44002036816537,149.144259241884,139.213073758117,144.1786665,0.621637056184385,52.9127575312636,143.3984004,144.459801194,0.544714602396335,0.509227674871637
"3779665","2007-06-14",17.011114568929,0.225808012483847,0.378299755308694,0.422396017048918,147.949889002487,141.27677766418,144.613333333334,0.535965731900115,51.1220303928749,143.2896004,144.419827701467,0.48106855073502,0.503595850044313
"3779664","2007-06-15",17.3160939516995,0.354840010403209,0.30466066251038,0.356441341430271,147.576241916319,142.141092083682,144.858667,0.577520647324777,52.8408094209643,143.2128004,144.470517341271,0.461067260578929,0.495090132151236
"3779663","2007-06-18",17.3907587146839,0.354840010403209,0.31182934443009,0.331596587416389,147.348859735904,142.736474264096,145.042667,0.574581725393306,52.8408094209643,143.1808,144.514448362435,0.440126991993739,0.484097504119737
"3779662","2007-06-19",16.2132514891015,0.441175659603563,0.383618560136662,0.333369522359045,147.295910807901,143.274757192099,145.285334,0.909833302610051,55.9823397602533,143.2384,144.701855247444,0.480450773930552,0.4833681580819
"3779661","2007-06-20",15.1198519224893,0.500000919115958,0.432005529707578,0.375817811424778,147.217744883843,143.704924116157,145.4613345,0.782395705788636,56.8664777466076,143.7312004,144.906942547785,0.524055273603308,0.491505581186181
"3779660","2007-06-21",14.1045523249208,0.500000919115958,0.480392499278495,0.432005529707579,147.282169518589,143.864499814745,145.573334666667,0.757486945664544,56.8664777466076,144.2240008,145.084684874747,0.552098565402348,0.503624178029415
"3779659","2007-06-22",13.1617741271786,0.500000919115958,0.50000091911596,0.470799649367345,147.290146699099,143.861856300901,145.5760015,0.755911372169958,56.8664777466076,144.4992012,145.23872822478,0.567661534779673,0.516431649379467
"3779658","2007-06-25",12.2863372292752,0.529408953292364,0.509803597174762,0.496732338523073,147.378299501871,143.84836949813,145.6133345,0.76818062463841,57.4007361758149,144.7232008,145.393563128143,0.582067174507528,0.529558754405079
"3779657","2007-06-26",11.6891776745065,0.470587370243805,0.499999080884044,0.503267865724923,147.458472727128,143.853529606205,145.656001166667,0.721177461036441,55.9090616944496,144.9152008,145.485088044391,0.569092841311525,0.537465571786368
"3779656","2007-06-27",10.922147571009,0.322582010923364,0.440859444819846,0.483554040959552,147.331287287483,144.210049379184,145.770668333334,0.564933104306982,53.6565860632489,145.0368012,145.500410971805,0.526103787092369,0.535193214847568
"3779655","2007-06-28",10.3090980390208,0.516127991677435,0.43643245761487,0.459096994439588,147.361161052968,144.414841947032,145.8880015,0.782384608303443,57.3569572158168,145.1584012,145.641689508898,0.539010387475636,0.535956649373182
"3779654","2007-06-29",9.86015954938802,0.533332222224536,0.457347408275114,0.444879770236611,147.391084154255,144.624918845746,146.0080015,0.815237306070401,57.9594660833228,145.2096012,145.785464241045,0.551652449296491,0.539095809357844
"3779653","2007-07-02",10.0258560071362,0.566665486113569,0.538708566671849,0.477496144187278,147.530858989025,144.703810677642,146.117334833334,0.90183200811466,58.5895664291522,145.2800012,145.931402342239,0.563931661733896,0.544062979833054
"3779652","2007-07-03",10.1797170036166,0.566665486113569,0.55555439815056,0.517203457699175,147.678094925577,144.69524174109,146.186668333334,0.857598894088137,58.5895664291522,145.3632012,146.05788202994,0.567041447684868,0.548658673403417
"3779651","2007-07-05",11.2677264080255,0.17241594827586,0.435248973501001,0.509837312774471,147.745301438443,144.702701894891,146.224001666667,0.715606750283625,51.436838250525,145.465602,145.996832425948,0.493079175249211,0.537542773772576
"3779650","2007-07-06",12.1193676608169,0.137931034482756,0.292337489624063,0.427713620425209,147.66327804337,144.93939195663,146.301335,0.49706240774685,50.6051296157325,145.523202,145.922588102489,0.420773185458345,0.51418885610973
"3779649","2007-07-09",13.7139385078871,0.399997499999998,0.236781494252873,0.321455985792647,147.872589296637,144.84741337003,146.360001333334,0.989225101582678,57.9303496434028,145.6384016,146.071575022157,0.44675678343713,0.50070244157521
"3779648","2007-07-10",15.1946114373094,0.840000000000003,0.459309511494254,0.329476165123731,148.374226196767,144.7137764699,146.544001333334,1.17459798228486,64.2167391775448,145.8304016,146.435365019202,0.557858031763114,0.512133559612791
"3779647","2007-07-11",15.0445003798414,0.423075906067531,0.554357802022513,0.416816269256548,148.553248032599,144.678754967402,146.6160015,0.857208494129245,56.0212527927432,145.9072016,146.537316349975,0.551152179621028,0.519937283614438
"3779646","2007-07-12",14.3878859833074,0.269230122042977,0.510768676036839,0.508145329851203,148.554105327759,144.837897672242,146.6960015,0.578215534117143,53.1019341630337,145.9456012,146.540340836645,0.504755647355726,0.516900956362696
"3779645","2007-07-13",13.9576713049385,0,0.230768676036838,0.431965051365398,148.459697360218,145.017638639783,146.738668,0.200179044823765,47.1485461441203,146.0096012,146.350962058426,0.384231503569632,0.490367065804083
"3779644","2007-07-16",13.6146133995768,0.250001674103408,0.17307726538213,0.304871539151937,148.419516610246,145.239153056421,146.829334833334,0.583011002421089,51.6856056997438,146.0160016,146.336168450636,0.346457212577334,0.461585095158733
"3779643","2007-07-17",12.8683816636098,0.107144850123101,0.119048841408838,0.174298260942603,148.342539269157,145.41746439751,146.880001833334,0.33590328872618,49.0921867704669,146.080002,146.238013990551,0.278014836759488,0.424871043478884
"3779642","2007-07-18",12.2761113741807,0.250001674103408,0.202382732776641,0.164836279855871,148.339668533877,145.41500213279,146.877335333334,0.500913380525096,51.7020425804191,146.0864024,146.238280125144,0.256138403319039,0.391124515446915
"3779641","2007-07-19",11.8313287708375,0.392856265945834,0.250000930057449,0.190477501414311,148.385828531069,145.459508468931,146.9226685,0.649448735629296,54.2290134896247,146.1696024,146.323842775125,0.270980801150955,0.367095772587723
"3779640","2007-07-20",11.0586041446418,0.285711415822733,0.309523118623993,0.253968927152696,148.387881451232,145.489454215435,146.938667833334,0.442954867169075,52.0301982463905,146.259202,146.333995738442,0.253331633125731,0.344342944695325
"3779639","2007-07-23",10.5741784207014,0.357142059950758,0.34523658057311,0.301586876418185,148.403775959906,145.537559040095,146.9706675,0.542797121350208,53.3871385656641,146.336002,146.385462973316,0.254056412848547,0.326285638325969
"3779638","2007-07-24",10.2303953020927,0.142854591842425,0.261902689205307,0.305554129467471,148.40827261878,145.511729047887,146.960000833334,0.288250782934167,48.9167308040095,146.3744016,146.302066576874,0.1993942263121,0.300907355923195
"3779637","2007-07-25",12.6620633729541,0,0.16666555059773,0.257934940125383,149.483463692505,143.945871307495,146.7146675,-0.433257718159781,30.5505792129197,146.1120016,145.376457699958,-0.196022659488093,0.201521352840938
"3779636","2007-07-26",17.2989296918316,0,0.0476181972808104,0.158728812361284,155.199812190375,136.224189142959,145.712000666667,-0.543022265138698,12.9197285291854,144.9728012,141.694263339963,-1.71231629768511,-0.181246177264272
"3779635","2007-07-27",21.6045912736463,0.346733559442978,0.115577853147661,0.109953867008735,156.527544377554,133.237790622446,144.8826675,-0.133297128074252,33.9126236233496,144.2752008,139.975028227968,-2.28203947122985,-0.601404836057387
"3779634","2007-07-30",22.2492630748361,0.371859493762722,0.239531017735235,0.13424235605457,156.717601309503,131.799734357164,144.258667833334,0.104353727968634,35.1329823689746,143.6096008,138.591692464239,-2.66506429125726,-1.01413672709736
"3779633","2007-07-31",22.8478868902265,0.68041237113402,0.466335141446575,0.273814670776492,156.414902314118,131.329100019215,143.872001166667,0.326515368513804,47.2916321910628,143.3088012,138.630133469007,-2.40263935056265,-1.29183725179042
"3779632","2007-08-01",23.4680213230461,0.664948131443299,0.572406665446682,0.426090941542832,156.070090687905,130.863244312095,143.4666675,0.328617692368454,46.8029549053093,143.0016008,138.59944767314,-2.197245457533,-1.47291889293894
"3779631","2007-08-02",24.0438604392358,0.664948131443299,0.670102878006874,0.569614894966712,155.720891400236,130.401775599764,143.0613335,0.330641525275791,46.8029549053093,142.7136,138.572853316721,-2.01125433950222,-1.58058598225159
"3779630","2007-08-03",25.123352315945,0.544502112401141,0.624799458429248,0.622436333960936,155.45231229883,129.683687367837,142.567999833333,0.261673746667516,42.5533311070444,142.2271996,138.016471541158,-2.07380834974705,-1.67923045575069
"3779629","2007-08-06",27.6271477014906,0,0.403150081281482,0.566017472572536,156.625828385802,125.971504947531,141.298666666667,-0.114769290361793,29.7525077960297,141.0303996,135.187608669004,-3.13302235552189,-1.96998883570493
"3779628","2007-08-07",29.7993785251488,0.20812176138269,0.250874624594612,0.426274721435115,156.28888819767,124.111111468997,140.199999833333,0.0910219877018439,37.3208932252396,140.0895996,133.610594179803,-3.55823354119996,-2.28763777680393
"3779627","2007-08-08",31.81645000426,0.324742268041237,0.177621343141311,0.277215349672469,155.597388531211,122.941277135456,139.269332833333,0.197371515541654,40.9944661665091,139.2895996,132.713181622496,-3.64726266120577,-2.5595627536843
"3779626","2007-08-09",33.689444949149,0.329896907216495,0.287586978880143,0.23869431553869,154.881654945011,121.854344054989,138.3679995,0.21514485295736,41.1632677109344,138.5471992,131.956757406163,-3.66930117427628,-2.7815104378027
"3779625","2007-08-10",35.8006793747723,0.15625,0.270296391752579,0.245168237924679,154.53265749708,120.059341836253,137.295999666667,0.122045938520724,37.2603108903602,137.5935992,130.575856418675,-3.98001877393286,-3.02121210502873
"3779624","2007-08-13",37.2357855560291,0.32967032967033,0.271939078962277,0.276607483198334,153.410916003901,119.282415996099,136.346666,0.25855958124589,42.4457804946707,136.7679996,130.019075562852,-3.88979624938338,-3.19492893389966
"3779623","2007-08-14",38.5683841529104,0.352941176470589,0.279620502046975,0.273951990920611,152.227383095914,118.572615237419,135.399999166667,0.264273246512255,42.4457804946707,135.8719996,129.536532154471,-3.77656055002996,-3.31125525712572
"3779622","2007-08-15",40.6197208184537,0,0.227537168713641,0.259698916574299,151.609851381929,116.246146284738,133.927998833333,0.0337592939422301,33.8048130629571,134.5279996,127.411661200542,-4.44466575393458,-3.53793735648749
"3779621","2007-08-16",43.4362998532431,0,0.117647058823531,0.208268243194717,155.431659193517,106.952338139816,131.191998666667,-0.295225630820253,22.4729650631408,132.0319996,121.64477304047,-6.8446476193876,-4.19927940906752
"3779620","2007-08-17",43.8589460763343,0.353107344632768,0.117702448210925,0.1542955585827,154.07863444526,104.70536355474,129.391999,0.122899894399305,37.741510191366,130.3935996,119.313469968407,-7.41513958408128,-4.84245144407027
"3779619","2007-08-20",44.2080511981198,0.634560906515581,0.329222750382785,0.188190752472415,151.621636445844,104.597028220823,128.109332333333,0.358173569433698,46.6955286987764,129.3439992,119.405007305953,-6.73160012304409,-5.22028117986503
"3779618","2007-08-21",44.5322202397777,0.664772727272727,0.550813659473694,0.332579619355802,148.982189420458,104.841809246209,126.911999333333,0.397780687082401,47.5166185849707,128.3839988,119.697672998492,-6.01170621843018,-5.37856618757806
"3779617","2007-08-22",44.5886291932115,0.678977272727273,0.659436968838529,0.513157792898337,147.064204887211,104.951793779456,126.007999333333,0.439653593802452,47.9483525632158,127.4303984,120.05798326536,-5.32506135934352,-5.36786522193115
"3779616","2007-08-23",44.7262551493232,0.73248422223014,0.692078074076715,0.634109567462981,146.955245490481,104.751419509519,125.8533325,0.428284562762182,47.1957690886445,126.3935984,120.178252163312,-4.82135012411528,-5.25856220236798
"3779615","2007-08-24",44.8540506799983,0.796178502424065,0.735879999127161,0.695798347347469,146.595618927202,104.567046072798,125.5813325,0.478871536520096,49.1074159150367,125.5039988,120.70915187487,-4.1593753364333,-5.03872482918104
"3779614","2007-08-27",45.1665213191151,0.735668936239836,0.754777220298015,0.727578431167298,145.630028214227,104.30596945244,124.967998833333,0.431403991163102,47.3535368297835,124.4799988,120.763931624888,-3.79353939659561,-4.78968774266396
"3779613","2007-08-28",45.9045238364707,0.598684210526316,0.710177216396741,0.733611478607307,143.671162487686,103.907501845647,123.789332166667,0.302768020514976,43.0802866967369,123.1807992,119.766074074903,-3.98370836226355,-4.62849186658388
"3779612","2007-08-29",46.6573639616701,0.587837837837838,0.640730328201332,0.70189492163203,141.552354583868,103.460977082799,122.506665833333,0.263376042261874,42.4074241162084,122.0863992,118.730597531582,-4.17903291866533,-4.53860007700017
"3779611","2007-08-30",47.3564297922125,0.60472972972973,0.597083926031296,0.649330490209791,139.107393140549,103.420605859451,121.2639995,0.294209564392756,43.0065764266481,121.8879992,117.939851194038,-4.23643843937975,-4.47816774947608
"3779610","2007-08-31",47.2962377762498,0.669013937276863,0.620527168281478,0.619447140838037,136.788871807112,103.723127859555,120.255999833333,0.379351477075671,44.3775473202175,121.3183992,117.489204368166,-4.11746985686694,-4.40602817095426
"3779609","2007-09-04",47.0175638787922,0.80377358490566,0.692505750637419,0.636705614983399,136.596411996044,103.579588003956,120.088,0.469873944662117,47.2355631535538,120.8639988,117.589310452411,-3.72872076352233,-4.27056668946787
"3779608","2007-09-05",46.3714835491477,0.826415094339623,0.76640087217405,0.693144597030984,135.954464798823,103.554868867844,119.754666833333,0.519094883199095,47.9863896542995,120.0767988,117.804069058756,-3.31638583958851,-4.079730519492
"3779607","2007-09-06",45.8454745629082,0.635714285714286,0.755300988319858,0.738069203710444,134.861744604392,103.687589395608,119.274667,0.516423850565878,47.3813151770586,119.2767992,117.883526517589,-3.00937477713867,-3.86565937102133
"3779606","2007-09-07",45.3570376471144,0.43956043956044,0.633896606538118,0.71853282234401,133.702841305454,103.822492694546,118.762667,0.498572071545895,47.3813151770586,118.4767996,117.952389648577,-2.73442200255766,-3.6394118973286
"3779605","2007-09-10",44.4628357782847,0.43956043956044,0.504945054945057,0.631380883267679,133.247595062859,103.787071937142,118.5173335,0.528603242936454,47.3813151770586,117.8368,118.012071028767,-2.48774903972867,-3.40907932580861
"3779604","2007-09-11",43.8162537759099,0.329670329670329,0.402930402930405,0.513924021471195,132.060729990461,103.944603676206,118.002666833333,0.493266017591331,45.9344976055177,117.8368,117.850461558264,-2.37422315473627,-3.20210809159414
"3779603","2007-09-12",43.2907419557615,0.285714285714285,0.351648351648353,0.419841269841273,130.843456540316,104.095210126351,117.469333333333,0.474976552743883,45.3381287847445,117.5488,117.625066683829,-2.30194554273649,-3.02207558182261
"3779602","2007-09-13",42.8998175395147,0.244186046511628,0.286523553965416,0.347034102848059,130.789996265126,104.015337068208,117.402666666667,0.45159602254996,44.5593581242246,117.088,117.323057792652,-2.27396678946202,-2.8724538233505
"3779601","2007-09-14",42.8058568074987,0.0921052631578951,0.207335198461271,0.281835701358348,125.836320587115,111.113012746219,118.474666666667,0.201516349847679,42.3650556842539,116.5312,116.762650086965,-2.37975460764971,-2.77391398021034
"3779600","2007-09-17",42.8504017890682,0,0.112097103223176,0.201985285216622,125.594907248856,111.525092751145,118.56,0.0678692138415003,41.2707108387821,116.1472,116.12763007537,-2.51441576561749,-2.72201433729177
"3779599","2007-09-18",41.861837038786,0,0.0307017543859668,0.116711352023473,125.462517292077,110.78814937459,118.125333333333,0.133465189307599,39.8455768864067,115.5136,115.385279398654,-2.69326828478955,-2.71626512679133
"3779598","2007-09-19",40.6094684436961,0.526315789473684,0.17543859649123,0.106079151366792,124.950354878457,110.80431178821,117.877333333333,0.469084405402737,48.3776349206319,115.136,115.5952421455,-2.36229997686319,-2.6454720968057
"3779597","2007-09-20",39.3606267189643,0.592105263157895,0.372807017543861,0.192982456140354,124.203267798455,111.012732201545,117.608,0.535783232343534,49.3448095232828,115.3024,115.8838765261,-2.02083162497524,-2.52054400243961
"3779596","2007-09-21",38.257615484465,0.56578947368421,0.561403508771931,0.369883040935676,123.506134698008,111.208531968659,117.357333333333,0.537080397703172,48.949750357975,116.6336,116.091359655953,-1.7521990474467,-2.36687501144103
"3779595","2007-09-24",37.0410568307242,0.56578947368421,0.574561403508774,0.50292397660819,122.190191634076,111.857808365924,117.024,0.597041180204478,48.949750357975,117.1648,116.271178368493,-1.52169651406812,-2.19783931196644
"3779594","2007-09-25",36.1928355207812,0.453333333333333,0.528304093567253,0.554756335282654,121.386913573632,112.170419759701,116.778666666667,0.548608506558398,46.9865001909808,117.0048,116.235021252694,-1.42240394240634,-2.04275223805442
"3779593","2007-09-26",35.4052014472627,0.597014925373134,0.538712577463561,0.547192691513197,121.461911126345,112.255422206989,116.858666666667,0.574729900402467,48.4703029534297,116.8192,116.331685085668,-1.26261281348388,-1.88672435314031
"3779592","2007-09-27",34.2354279188919,0.656716417910447,0.569021558872306,0.545346076634375,121.48111706238,112.72688293762,117.104,0.648042647881022,49.48538276417,116.6272,116.500793740912,-1.07917957329039,-1.72521539717033
"3779591","2007-09-28",33.1492096425476,0.881355932203389,0.711695758495658,0.60647663161051,121.578871854828,113.157128145173,117.368,0.717532148110805,51.5414063206549,116.544,116.818021242124,-0.835752494806608,-1.54732281669758
"3779590","2007-10-01",32.2613465375571,0.830508474576272,0.789526941563371,0.69008141964378,121.726880053482,113.270453279851,117.498666666667,0.663347164270444,50.7079118984781,116.3136,117.028951743174,-0.668368623058901,-1.37153197796985
"3779589","2007-10-02",30.8919611992606,0.82089552238806,0.844253309722575,0.78182533659387,121.858198573702,113.229801426298,117.544,0.784641510820899,52.3669985191493,116.2432,117.339758177418,-0.464441440683783,-1.19011387051264
"3779588","2007-10-03",28.847061173381,0.790123456790123,0.81384248458482,0.815874245290257,122.133836450003,113.08749688333,117.610666666667,0.952779819927348,54.8233033335658,116.544,117.801123753762,-0.202144885819744,-0.992520073574057
"3779587","2007-10-04",26.9482254350642,0.938271604938272,0.84976352803882,0.83595310744874,122.789625212908,112.751708120425,117.770666666667,1.01962971520318,57.9378123172078,116.9728,118.456973919927,0.134226745290866,-0.767170709801072
"3779586","2007-10-05",25.4512893784509,0.845238095238095,0.857877718988832,0.840494577204159,123.401177497562,112.529489169105,117.965333333333,0.927532491695291,56.1992934309072,117.3376,118.918710730603,0.341221938069491,-0.54549218022696
"3779585","2007-10-08",24.0612773258814,0.82,0.867836566725458,0.858492604584371,123.972198730692,112.315801269308,118.144,0.910875945951509,57.3030885059315,117.6576,119.404215966523,0.5414374124036,-0.328106261700848
"3779584","2007-10-09",22.6389250799707,0.800000000000001,0.821746031746034,0.849153439153442,124.586390798447,112.213609201553,118.4,0.866395648208257,56.9169230325082,117.824,119.803653837653,0.680624713196898,-0.126360066721299
"3779583","2007-10-10",21.3181694230536,0.82,0.813333333333336,0.83430531060161,125.138582124048,112.269417875953,118.704,0.824496596631603,57.2273406403357,117.9584,120.171166659299,0.791896506763301,0.0572912479756214
"3779582","2007-10-11",20.8306711082519,0.58,0.733333333333336,0.789470899470903,125.381260182459,112.549406484208,118.965333333333,0.684540757374949,52.3526790110077,118.048,120.233677771393,0.742504041974268,0.194333806775351
"3779581","2007-10-12",20.6057935338162,0.5,0.633333333333335,0.72666666666667,125.352154544816,113.25051212185,119.301333333333,0.623839939595507,50.7993533293087,118.112,120.202520735207,0.652936692230988,0.286054383866478
"3779580","2007-10-15",21.1666884488795,0.0909090909090909,0.390303030303032,0.585656565656569,124.805965089829,114.404701576838,119.605333333333,0.399499389470529,45.3637415538581,118.08,119.855517970513,0.415981713525504,0.312039849798283
"3779579","2007-10-16",21.6875194414383,0.125000000000002,0.238636363636366,0.420757575757579,124.07941561269,115.744584387311,119.912,0.376182255873674,47.3847373868048,118.144,119.661448907778,0.278533875540754,0.305338654946777
"3779578","2007-10-17",22.9586625897939,0,0.0719696969696993,0.233636363636367,124.112494390927,115.668838942406,119.890666666667,0.159231318606499,41.4416910043314,118.1184,119.109255720074,-0.0249913204038332,0.239272659876655
"3779577","2007-10-18",24.2927602379785,0,0.041666666666669,0.117424242424246,124.288665828526,115.274000838141,119.781333333333,0.0687027744074044,40.2340534774427,118.0992,118.545354957398,-0.306706426672965,0.130076842566731
"3779576","2007-10-19",25.2490371646485,0,1.78560869793879e-15,0.0378787878787912,124.425882508745,114.950117491256,119.688,0.105168202627621,39.9208521263824,118.1632,118.035307629745,-0.535987553957096,-0.00313603673803409
"3779575","2007-10-22",27.0852187512391,0,1.78560869793879e-15,0.0138888888888921,125.217544904528,113.529121762139,119.373333333333,-0.153638211667103,32.5526070678433,118.0992,117.017266612445,-1.0047763025906,-0.203464089908548
"3779574","2007-10-23",28.7902445102162,0.0117647058823527,0.00392156862745268,0.00130718954248662,125.871311860606,112.272688139394,119.072,-0.0788821105271732,33.0455139235683,118.0992,116.156297730786,-1.35389934295534,-0.433551140517907
"3779573","2007-10-24",30.6938298113451,0,0.00392156862745268,0.00261437908497025,126.569822237134,110.806177762866,118.688,-0.0595998658643469,30.4126337634575,117.7728,115.175458033348,-1.73736412328214,-0.694313737070753
"3779572","2007-10-25",32.8382625127215,0,0.00392156862745268,0.00392156862745388,127.372567705165,108.936765628168,118.154666666667,-0.0652769155260277,27.2269620138875,117.3184,114.005396962235,-2.19060596961043,-0.993572183578688
"3779571","2007-10-26",34.9439132970682,0,1.78560869793879e-15,0.00261437908497025,128.029736505037,107.00493016163,117.517333333333,-0.0262355248027985,26.2402763343305,116.8448,112.88467736727,-2.58390377755349,-1.31163850237365
"3779570","2007-10-29",37.0123598144567,0,1.78560869793879e-15,0.00130718954248662,128.548641414402,105.158025252265,116.853333333333,0.0188953871360901,25.254664463021,116.3392,111.806720384967,-2.92611994561891,-1.6345347910227
"3779569","2007-10-30",39.4840184763899,0,1.78560869793879e-15,2.98574822273541e-15,129.062943687308,102.937056312692,116,-0.000142501546664111,20.3223808494005,115.6992,110.232491000305,-3.51471423598516,-2.01057068001519
"3779568","2007-10-31",41.7791300910421,0.014285714285714,0.00476190476190645,0.00158730158730454,129.16238613397,100.848280532697,115.005333333333,0.0340838172402893,21.4241458531023,115.0336,108.910825533598,-3.92512271658833,-2.39348108732982
"3779567","2007-11-01",42.9749601766531,0.0859375000000002,0.0334077380952399,0.0127232142857172,128.553385631615,99.4892810350516,114.021333333333,0.131343651717604,26.3589486505295,114.4,107.957382129118,-4.10483693990967,-2.73575225784579
"3779566","2007-11-02",44.2245871308511,0.0399999999999999,0.0467410714285731,0.0283035714285743,127.872216608371,98.095783391629,112.984,0.126639858024278,25.2217174355216,113.6768,107.003064511902,-4.27644413000748,-3.04389063227813
"3779565","2007-11-05",45.7749145886523,0,0.0419791666666685,0.0407093253968284,127.042238414628,96.6057615853726,111.824,0.102757351499847,21.9867574885165,112.8512,105.770655910315,-4.59788264195979,-3.35468903421446
"3779564","2007-11-06",47.2145043708963,0.069767441860465,0.0365891472868234,0.0417697951273562,125.787985329202,95.6146813374649,110.701333333333,0.161245804034833,26.7775990563731,112.0448,104.894568455607,-4.69696792326927,-3.62314481202542
"3779563","2007-11-07",47.8024513291759,0.155038759689922,0.0749354005167974,0.051167904823431,124.100244711196,95.2224219554706,109.661333333333,0.237468665921835,32.2536122115923,111.2512,104.369959328192,-4.59152935478886,-3.81682172057811
"3779562","2007-11-08",46.8037730124574,0.0384615384615385,0.0877559133373103,0.0664268203803116,122.482479350332,94.845520649668,108.664,0.236681108360937,28.8714035626339,110.2784,103.5739647511,-4.65652889700556,-3.9847631558636
"3779561","2007-11-09",45.5841655111974,0.315217391304348,0.169572563151938,0.110754625668683,120.589888737382,95.0847779292847,107.837333333333,0.360001915163875,39.5397410936586,109.4976,103.41743611762,-4.34914147094797,-4.05763881888048
"3779560","2007-11-12",45.221306949289,0.0786516853932578,0.14411020505305,0.133812893847434,118.997940672636,95.018059327364,107.008,0.290046222740822,34.6189616288706,108.5504,102.812444635271,-4.33226227697544,-4.11256351049947
"3779559","2007-11-13",44.8843668560884,0.177215189873417,0.190361422190343,0.168014730131778,117.032274103258,95.239725896742,106.136,0.28451349720562,37.2930502672814,107.6544,102.437452017235,-4.18541065348241,-4.12713293909606
"3779558","2007-11-14",44.5714939124021,0.36231884057971,0.20606190528213,0.180177844175175,115.191145801758,95.603520864909,105.397333333333,0.338809792227858,41.3523745483745,106.8224,102.347125081603,-3.88663261681333,-4.07903287463951
"3779557","2007-11-15",44.6523392710203,0.202898550724637,0.247477527059257,0.214633618177244,113.34701000753,95.9489899924699,104.648,0.284956372616262,38.6573957816049,105.9968,102.034175070723,-3.74607550922668,-4.01244140155694
"3779556","2007-11-16",45.5812967877397,0,0.188405797101451,0.213981743147614,111.130664727273,96.4640019393943,103.797333333333,0.168363548658108,31.9336741803837,104.9856,101.05895172796,-4.01039127381897,-4.01203137600935
"3779555","2007-11-19",46.443900196122,0.071428571428572,0.0914423740510716,0.175775232737261,110.067587193141,96.0070794735263,103.037333333333,0.0374277992161606,34.1754242495145,104.1088,100.341758164232,-4.10234684033606,-4.03009446887469
"3779554","2007-11-20",46.3615753329257,0.119047619047619,0.0634920634920653,0.114446744881531,108.700058135196,96.0092751981372,102.354666666667,0.121142365774775,35.6959255623027,103.2256,99.8055237423343,-4.08073977049037,-4.04022352919783
"3779553","2007-11-21",45.0867591278993,0.214285714285714,0.134920634920637,0.0966183574879257,107.278353459659,96.3749798736743,101.826666666667,0.268878872201599,38.7435753151241,102.5088,99.5114539100231,-3.91723606309688,-4.01562603597764
"3779552","2007-11-23",43.579103638025,0.238095238095238,0.190476190476192,0.129629629629633,106.219319925753,96.6393467409143,101.429333333333,0.328531183232688,39.5153603493534,101.8304,99.2992600553533,-3.71988126700378,-3.95647708218287
"3779551","2007-11-26",41.9817354094371,0.36904761904762,0.273809523809526,0.199735449735453,105.36154143657,96.9637918967632,101.162666666667,0.49491927373345,43.7156544592106,101.2288,99.3500253813062,-3.38195983856689,-3.84157363345967
"3779550","2007-11-27",40.837033101874,0.273809523809524,0.293650793650796,0.252645502645506,104.589511866589,97.1011548000783,100.845333333333,0.287403300101706,41.4606239474483,100.7488,99.2233553304654,-3.18140665785607,-3.70954023833895
"3779549","2007-11-28",39.7740952448512,0.273809523809524,0.305555555555558,0.291005291005294,104.339559312027,96.9777740213066,100.658666666667,0.301859656446992,41.4606239474483,100.2624,99.1135746197367,-2.98836206326681,-3.56530460332452
"3779548","2007-11-29",38.7870815204728,0.285714285714286,0.27777777777778,0.292328042328046,104.220080712284,96.8412526210493,100.530666666667,0.326892113823497,41.8951414413578,99.8528000000002,99.0397646704385,-2.79044524019711,-3.41033273069904
"3779547","2007-11-30",36.4477294477234,0.345238095238095,0.301587301587304,0.294973544973548,103.876598436128,96.9394015638719,100.408,0.564194997134099,44.1282317209887,99.5712000000002,99.08246271438,-2.53929695311724,-3.23612557518268
"3779546","2007-12-03",34.0075317292239,0.417721518987342,0.349557966646576,0.309641015337221,103.869521165039,96.9411455016285,100.405333333334,0.703222236841994,45.9188955273708,99.3472000000002,99.2048010191293,-2.26204123920677,-3.0413087079875
"3779545","2007-12-04",31.7416338477601,0.670886075949367,0.477948563391603,0.376364610541829,104.342363883561,96.868302783106,100.605333333334,0.918514106047305,53.8783165451672,99.2832000000002,99.7374942165788,-1.76257053407232,-2.78556107320446
"3779544","2007-12-05",29.6375858149723,0.708860759493671,0.599156118143462,0.475554216060548,104.788028156425,96.7693051769087,100.778666666667,0.895075376477335,54.9493738296683,99.4304000000002,100.263161654368,-1.31372453437322,-2.49119376543821
"3779543","2007-12-06",28.4530605114201,0.481012658227848,0.620253164556964,0.565785948697344,104.80700606638,96.7663272669533,100.786666666667,0.680747592284962,47.779879402553,99.4496000000002,100.334740100452,-1.17613433566779,-2.22818187948413
"3779542","2007-12-07",26.8194703732918,0.728395061728395,0.639422826483307,0.619610703061245,105.713351371844,96.3506486281561,101.032,1.06194599757854,56.870199484295,99.5840000000002,100.972774753726,-0.713120476920903,-1.92516959897148
"3779541","2007-12-10",25.3565516562607,0.717948717948718,0.642452145968322,0.634042712336199,106.206191958102,96.0764747085653,101.141333333333,1.02439765781646,57.1675951828869,99.7632000000002,101.547071453229,-0.331254723301788,-1.60638662383755
"3779540","2007-12-11",24.6944197601349,0.242857142857143,0.563066974178087,0.614980648876573,106.296531635529,96.0768016978051,101.186666666667,0.665692571491806,46.4701977504381,99.8656000000002,101.383461926132,-0.417864873035856,-1.36868227367721
"3779539","2007-12-12",24.1661367926037,0.191176470588235,0.3839941104647,0.529837743537038,106.306593635368,96.0827396979657,101.194666666667,0.539645845472259,45.8737865615303,99.8976000000002,101.199000335981,-0.506384685859473,-1.19622275611366
"3779538","2007-12-13",23.9805210421334,0.0461538461538452,0.160062486533076,0.369041190391956,106.207081026507,96.0169189734936,101.112,0.448447008928759,43.7570257622332,99.8144000000002,100.889800291183,-0.658668614134639,-1.08871192771786
"3779537","2007-12-14",23.9385308710234,0,0.0791101055806952,0.207722234192825,106.194606247502,95.8373937524981,101.016,0.304065685210925,42.8445719276488,99.8144000000002,100.557826919026,-0.809200694567636,-1.03280968108781
"3779536","2007-12-17",24.8448611660182,0,0.0153846153846168,0.0848524024994638,106.414601042532,95.334732290802,100.874666666667,0.0696699927735346,36.0905817338537,99.4944000000002,99.7367833298221,-1.23784779005573,-1.0738173028814
"3779535","2007-12-18",25.6864535827991,0,1.71390679426509e-15,0.0314982403217723,106.544912011826,95.0977546548414,100.821333333333,0.0322273906368722,36.0905817338537,99.3152000000002,99.0252122191792,-1.5637299467767,-1.17179983166046
"3779534","2007-12-19",26.4679322555242,0,1.71390679426509e-15,0.00512820512820783,106.742770376035,94.6918962906323,100.717333333333,0.0642916331665022,36.0905817338537,99.0912000000002,98.408517256622,-1.8045592498193,-1.29835171529223
"3779533","2007-12-20",28.5581513799505,0,1.71390679426509e-15,2.8119867545584e-15,108.030414487201,92.4015855127991,100.216,-0.199732527492098,25.8941145072238,98.4768000000002,96.8073816224057,-2.63236208961887,-1.56515379015756
"3779532","2007-12-21",31.2740233055408,0,1.71390679426509e-15,2.8119867545584e-15,110.479437391183,88.171229275484,99.3253333333335,-0.277830290537278,19.8535374579446,97.6128000000002,94.3530640727516,-3.94236463924647,-2.04059595997534
"3779531","2007-12-24",33.7959043793032,0.110526315789474,0.0368421052631596,0.0122807017543888,111.49852172648,85.3974782735199,98.4480000000001,-0.0698878166872535,27.5030071842276,97.0944000000002,92.6739888630514,-4.67196447793259,-2.56686966356679
"3779530","2007-12-26",36.1376510906541,0.21578947368421,0.108771929824563,0.0485380116959092,111.948179970649,83.587820029351,97.7680000000001,0.0728309974999497,33.9670341558306,96.6656000000002,91.6454570146446,-4.93071917875993,-3.03963956660542
"3779529","2007-12-27",38.549068594176,0.121052631578947,0.149122807017545,0.0982456140350905,112.41120243548,81.5781308978531,96.9946666666668,0.0698990508568074,31.26512622136,96.0960000000002,90.3700627460253,-5.3412723220261,-3.49996611768955
"3779528","2007-12-28",40.9200858295707,0.0631578947368417,0.133333333333335,0.130409356725149,112.912926076625,79.2790739233752,96.0960000000001,0.0594914334375889,29.7098135561528,95.4048000000002,89.0300543798886,-5.77424343765383,-3.95482158168241
"3779527","2007-12-31",43.1919151224698,0.0324324324324322,0.0722143195827421,0.118223486644542,113.095667107054,77.0163328929459,95.0560000000001,0.0841756231521539,28.866300330062,94.6624000000002,87.7407137959035,-6.15125977312634,-4.3941092199712
"3779526","2008-01-02",43.5792081272573,0.0606060606060604,0.0520654625917798,0.08587103850262,112.689562678996,75.4277706543376,94.0586666666668,0.172801565959791,30.2873106489885,93.8752000000002,86.7086186231163,-6.3330586792627,-4.7818991118295
"3779525","2008-01-03",43.8174844461568,0.2125,0.101846164346166,0.0753753155068971,111.614887831425,74.582445501909,93.0986666666668,0.268707306498477,38.2570666757571,93.2928000000002,86.3261361400342,-6.05728408126844,-5.03697610571729
"3779524","2008-01-04",43.7254007525491,0.25735294117647,0.176819667260845,0.110243764732932,110.288088392161,74.0052449411729,92.1466666666668,0.300456653575672,38.5721835856292,92.7168000000002,86.0159846546963,-5.75968725044992,-5.18151833466381
"3779523","2008-01-07",43.2013236213863,0.303030303030303,0.257627748068926,0.178764526558647,109.047070694865,73.6035959718017,91.3253333333335,0.344484773486009,40.215155878564,92.1664000000002,85.8538533674035,-5.38808932811482,-5.22283253335402
"3779522","2008-01-08",42.7146805710207,0.441666666666666,0.334016636957815,0.256154684095863,106.772187680145,73.9691456531889,90.3706666666668,0.403342297825265,44.3804945304687,91.6672000000002,85.9906729184163,-4.84263362535424,-5.14679275175406
"3779521","2008-01-09",42.7544525069095,0.3,0.348232323232325,0.313292236086356,104.07570265006,74.5589640166071,89.3173333333335,0.366832622821954,40.4150441068918,91.0336000000002,85.7465831959608,-4.61244206159206,-5.03992261372166
"3779520","2008-01-10",42.7913835902349,0.394230769230768,0.37863247863248,0.353627146274208,101.902584548963,75.0360821177036,88.4693333333335,0.405111082476919,42.0549631063015,90.3040000000002,85.6417054364994,-4.30609686731913,-4.89315746444116
"3779519","2008-01-11",43.2052197184131,0.402985074626865,0.365738614619213,0.364201138828007,99.708192392209,75.470474274458,87.5893333333335,0.3519112518804,38.8322541136483,89.4656000000002,85.2521447116328,-4.22679807310554,-4.75988558617403
"3779518","2008-01-14",43.7416825982451,0.283018867924529,0.360078237260722,0.368149776837473,97.395681096784,76.0283189032162,86.7120000000001,0.328149119824181,37.5057470911985,88.7040000000002,84.7865254167484,-4.2091422639131,-4.64973692172185
"3779517","2008-01-15",44.2914262759802,0.245283018867924,0.310428987139774,0.345415279673238,95.1083832123344,76.6302834543326,85.8693333333335,0.297814707738966,37.0514028403018,87.7568000000002,84.3403220278487,-4.18065123813727,-4.55591978500493
"3779516","2008-01-16",45.2950806704549,0,0.176100628930819,0.282202617777106,93.4564020934865,76.5489312398471,85.0026666666668,0.131563266483906,32.5875225141134,86.6688000000002,83.5056124241355,-4.43401621267719,-4.53153907053938
"3779515","2008-01-17",46.3715378941795,0,0.0817610062893097,0.189430207453302,91.6311974923262,76.6301358410074,84.1306666666668,0.0930954660489958,31.2365861877346,85.7344000000002,82.6328641009174,-4.69804012777976,-4.56483928198746
"3779514","2008-01-18",47.3711053162094,0.0147058823529422,0.00490196078431572,0.087587865334816,89.1652417939307,77.3574248727363,83.2613333333335,0.0611946418280538,31.6723654557581,84.8192000000002,81.8978155541284,-4.84445531876593,-4.62076248934315
"3779513","2008-01-22",49.167723619491,0,0.00490196078431572,0.0305216426193148,89.6538378862649,75.0661621137354,82.3600000000001,-0.261373287962849,23.028295076501,83.5968000000002,80.0874401469113,-5.78280775846024,-4.85317154316657
"3779512","2008-01-23",50.8360120439668,0.098360655737705,0.0376888460302174,0.0158309225329507,90.4332228611728,73.2947771388275,81.8640000000001,-0.072436195534086,27.666806934251,82.4704000000002,78.7744481273232,-6.29002675025591,-5.14054258458444
"3779511","2008-01-24",52.2277482731348,0.237704918032787,0.112021857923499,0.0515375549126784,90.5697574779899,72.1982425220104,81.3840000000001,0.0966219070978242,33.7571137285076,81.6128000000002,77.9991883770134,-6.35613907480322,-5.38366188262819
"3779510","2008-01-25",51.735294184709,0.39344262295082,0.243169398907106,0.130960034286942,90.0960915371787,71.8399084628216,80.9680000000001,0.300907634861961,39.8525923245545,80.8768000000002,77.7326299267449,-6.03063901903606,-5.51305730990977
"3779509","2008-01-28",51.2780153883136,0.5,0.377049180327871,0.244080145719493,89.8026209053313,71.6213790946689,80.7120000000001,0.384569674144258,43.6717637414089,80.2240000000002,77.7789459365123,-5.4945998255804,-5.50936581304389
"3779508","2008-01-29",49.6647496835697,0.5,0.464480874316942,0.361566484517307,89.7278561926894,71.5308104739775,80.6293333333334,0.444899480818705,43.6717637414089,79.8912000000002,77.8190864783107,-5.01171650939002,-5.40983595231312
"3779507","2008-01-30",46.5452580166681,0.723577235772358,0.574525745257454,0.472018599967423,90.0829545759598,71.6077120907071,80.8453333333335,0.690958251444655,51.3830065899514,80.0576000000002,78.4512082812026,-4.11864124866872,-5.15159701158424
"3779506","2008-01-31",43.6485871831166,0.813008130081301,0.678861788617888,0.572622802730762,90.4850249996733,71.5736416669936,81.0293333333335,0.738868476930879,54.0446718507735,80.1600000000002,79.2337138437089,-3.19556808426126,-4.76039122611964
"3779505","2008-02-01",40.5447772651029,0.909774436090226,0.81545326731463,0.689613600396659,91.0899319013433,71.3474014319903,81.2186666666668,0.859697220392129,58.6939958887674,80.2688000000002,80.3598853312144,-2.10463706763568,-4.22924039442285
"3779504","2008-02-04",38.3873383364005,0.834437086092715,0.852406550754749,0.782240535562423,91.9164884012268,71.0115115987735,81.4640000000001,0.899394527543957,59.7384276461838,80.5248000000002,81.4425672870525,-1.15516207987176,-3.61442473151263
"3779503","2008-02-05",36.0183277463124,0.781456953642384,0.841889491941777,0.836583103337053,92.2218231452326,70.9088435214342,81.5653333333334,0.794405886808064,57.2443818665479,80.8000000000002,82.2102249821121,-0.52898677072486,-2.99733713935508
"3779502","2008-02-06",34.5027080044934,0.827814569536424,0.814569536423843,0.836288526373457,92.6323766780476,70.7329566552859,81.6826666666668,0.859096267929756,58.8627546878187,81.1584000000002,83.0248616511638,0.0713009766011741,-2.38360951616383
"3779501","2008-02-07",33.4748693909218,0.89937106918239,0.836214197453734,0.830891075273119,93.772612059225,70.2593879407753,82.0160000000001,0.926880349660659,62.7656614666713,81.6064000000002,84.1148800976753,0.808874712582752,-1.74511267041451
"3779500","2008-02-08",31.889561796086,0.817610062893082,0.848265233870634,0.833016322582738,94.4184636015176,70.0455363984826,82.2320000000001,0.828561273469143,58.4523531588709,81.8176000000002,84.7822294179853,1.17475614836791,-1.16113890665803
"3779499","2008-02-11",30.4937671766747,0.904761904761904,0.873914345612461,0.852797925645611,95.5184056385418,69.7402610281251,82.6293333333334,0.861443132317916,61.721094068333,82.1184000000002,85.6805988289206,1.66747087130548,-0.595416951065328
"3779498","2008-02-12",29.7524075536016,0.834532374100719,0.852301447251904,0.858160342245,96.7390693487826,69.4902639845509,83.1146666666668,0.853483386565028,61.721094068333,82.3872000000002,86.4591856517312,2.02845304464869,-0.0706429519225241
"3779497","2008-02-13",29.0640021893194,0.891666666666667,0.876986981843099,0.867734258235822,98.0847646473949,69.3125686859386,83.6986666666668,0.851543089732057,63.9160521046331,82.6368000000002,87.3472942315003,2.42889768301009,0.429265175063999
"3779496","2008-02-14",28.5396784529167,0.881818181818181,0.869339074195191,0.866209167763399,99.3793210329303,69.5700123004032,84.4746666666668,0.829382568202688,64.572370738339,83.0144000000002,88.180988333967,2.75194622402644,0.893801384856486
"3779495","2008-02-15",28.0528064119713,0.890909090909091,0.888131313131315,0.878152456389869,100.460214098012,70.1104525686545,85.2853333333334,0.795048995953546,64.8021864952823,83.3664000000002,88.9248565561047,2.98237537860666,1.31151618360652
"3779494","2008-02-19",26.3789949541815,0.597560975609756,0.790096082779011,0.849188823368507,101.060892499009,70.9124408343248,85.9866666666668,0.702995499339985,56.5116992550486,83.6736000000002,89.1215423486241,2.8261026818299,1.6144334832512
"3779493","2008-02-20",24.6153819053732,0.47887323943662,0.655781101985158,0.778002832631829,100.589629887683,73.3730367789843,86.9813333333334,0.653043891889688,55.0665793756358,83.9936000000002,89.2066700354742,2.61413270250028,1.81437332710101
"3779492","2008-02-21",23.1008140114816,0.169811320754717,0.415415178600366,0.62043078778818,99.6160676326561,76.0639323673441,87.8400000000001,0.558876473451173,52.5347473499399,84.2816000000002,89.1311140307443,2.31844091503268,1.91518684468735
"3779491","2008-02-22",22.5765186529965,0,0.216228186730447,0.429141489105325,98.4229722137956,78.5530277862046,88.4880000000001,0.421757875451932,46.3107569623642,84.5824000000002,88.6602988266451,1.7883101320068,1.88981150215124
"3779490","2008-02-25",21.1064022848781,0.0158730158730169,0.061894778875913,0.231179381402243,97.560690634502,80.5193093654982,89.0400000000001,0.46087954044668,46.6688814682179,84.9344000000002,88.2735923164257,1.3661007713395,1.78506935598889
"3779489","2008-02-26",19.7412942287681,0.253968253968254,0.0899470899470921,0.122690018517819,96.6117993547901,82.4975339785435,89.5546666666668,0.454089002670258,51.856417279345,85.3760000000002,88.2584466742357,1.2362454943911,1.67530458366933
"3779488","2008-02-27",18.8950103969934,0.269841269841269,0.179894179894182,0.11057868290573,95.444047277612,84.6519527223883,90.0480000000001,0.448604354434764,52.1902968809525,86.1760000000002,88.2666537843376,1.13489355807534,1.56722237855053
"3779487","2008-02-28",18.1091754103454,0.269841269841269,0.264550264550266,0.178130511463848,95.0421219291218,85.5392114042118,90.2906666666668,0.388034303047359,52.1902968809525,86.8992000000002,88.2737666130925,1.04255620828533,1.46228914449749
"3779486","2008-02-29",18.1057394298431,0.507936507936508,0.349206349206351,0.264550264550267,94.8499903328522,86.3446763338147,90.5973333333335,0.62729296846525,57.3373635806125,87.6096000000002,88.5999310646802,1.1746513269731,1.40476158099261
"3779485","2008-03-03",18.5073432627051,0.555555555555556,0.444444444444446,0.352733686067022,95.0056111725071,86.6103888274931,90.8080000000001,0.705513715114155,58.3041950782384,88.2176000000002,88.9466069227229,1.3068041198387,1.38517008876183
"3779484","2008-03-04",18.5629482399429,0.476190476190477,0.513227513227515,0.435626102292772,95.0940419515271,86.7139580484732,90.9040000000001,0.598964800702171,56.0253181834327,88.7104000000002,89.1403926663598,1.3229078470764,1.37271764042475
"3779483","2008-03-05",18.7453021454568,0.634920634920635,0.555555555555557,0.504409171075841,95.1926313438693,87.127368656131,91.1600000000001,0.723179339556594,59.4398799410308,89.2672000000002,89.5216736441785,1.462594472986,1.390693006937
"3779482","2008-03-06",18.5763283705268,0.564516129032259,0.558542413381125,0.542441827388067,95.2604145498568,87.3049187834769,91.2826666666668,0.590168275415927,57.0543982733048,89.6128000000002,89.7454504916214,1.48311754843193,1.40917791523598
"3779481","2008-03-07",18.5183718306732,0.564516129032259,0.587984297661719,0.567360755532802,95.2652151852928,87.3054514813741,91.2853333333335,0.603185642675403,57.0543982733048,89.8880000000002,89.9393904260719,1.48177374497938,1.42369708118466
"3779480","2008-03-10",18.56751200828,0.699999999999999,0.609677419354841,0.58540137679923,95.4347898098496,87.4078768568174,91.4213333333335,0.69168847048295,59.6816308419179,90.0736000000002,90.2568050359289,1.56234432101445,1.45142652915062
"3779479","2008-03-11",18.6131421732006,0.75,0.671505376344088,0.623055697786884,95.5704403766746,87.4002262899923,91.4853333333335,0.713131909991393,60.7887600317446,90.2464000000002,90.5958976978051,1.64892515350754,1.490926254022
"3779478","2008-03-12",17.9418953603727,0.6,0.683333333333335,0.654838709677422,95.5083329908208,87.3983336758461,91.4533333333335,0.580558987486826,55.8352845667389,90.4128000000002,90.6977780047644,1.57059499970775,1.50686000315915
"3779477","2008-03-13",16.9018058148514,0.372881355932203,0.574293785310736,0.643044164996054,95.2110743291569,87.34359233751,91.2773333333335,0.374928217052817,49.5539678435985,90.4512000000002,90.5087409374625,1.30834867693284,1.46715773791389
"3779476","2008-03-14",16.9003277565771,0,0.324293785310736,0.527306967984937,94.9162866002906,86.9823800663763,90.9493333333335,0.0946511360761572,42.7769042274483,90.2656000000002,89.9822421458008,0.847351877472691,1.34319656582565
"3779475","2008-03-17",18.1773016947365,0,0.124293785310736,0.340960451977404,95.3203288056345,85.4796711943657,90.4000000000001,-0.226238728038151,33.7205198840227,89.9648000000002,88.864609859694,0.0310339025005657,1.08076403316063
"3779474","2008-03-18",19.3630632087417,0.0352941176470591,0.0117647058823549,0.15345075883461,95.818402891333,84.0375971086673,89.9280000000001,-0.116369836434944,35.1513583973014,89.5872000000002,87.9599952117348,-0.573151795757865,0.749980867376934
"3779473","2008-03-19",20.1636149796854,0.0823529411764709,0.0392156862745118,0.0584247258225355,96.0593098619916,83.0126901380087,89.5360000000001,0.0225327736132002,37.1011040929473,89.2352000000002,87.2613291835035,-0.986805166364957,0.402623660628556
"3779472","2008-03-20",21.1450501052793,0.0117647058823537,0.0431372549019631,0.0313725490196111,96.4159541926882,81.9787124739788,89.1973333333335,0.0328747601932511,35.382629429664,88.7808000000002,86.5278186257031,-1.39187998987591,0.0437229305276627
"3779471","2008-03-24",20.3058716344037,0.0602409638554225,0.0514528703047509,0.0446019371604098,96.5389268595457,81.5890731404546,89.0640000000001,0.179104998384885,37.4622864785034,88.3328000000002,85.9774428089427,-1.63787170192282,-0.292595995962434
"3779470","2008-03-25",18.875071932573,0.27710843373494,0.116371367824241,0.0703204976769861,96.5203468946681,81.4529864386655,88.9866666666668,0.356643769404241,45.9002038234237,87.9936000000002,85.884450434417,-1.54549900473852,-0.54317659771765
"3779469","2008-03-26",17.5464722094444,0.455696202531646,0.264348533374005,0.144057590501,96.4859947884446,81.391338544889,88.9386666666668,0.434281378522705,51.0383327430122,87.8720000000002,86.0811903764947,-1.26210114079558,-0.686961506333236
"3779468","2008-03-27",17.3521569410262,0.569620253164557,0.434141629810383,0.271620510336211,96.5282723055016,81.4077276944986,88.9680000000001,0.573542324605867,54.2760362817287,87.8336000000002,86.4436983262954,-0.892567753896067,-0.728082755845802
"3779467","2008-03-28",17.4294142406964,0.670886075949367,0.565400843881859,0.421297002355417,96.6948045683166,81.4438620983503,89.0693333333334,0.64320426454305,56.9981141511643,87.8912000000002,86.9285385494561,-0.475936660546772,-0.677653536785996
"3779466","2008-03-31",17.5011531618188,0.794871794871795,0.678459374661908,0.559333949451385,96.7544582869911,81.4322083796758,89.0933333333334,0.700144670999162,59.8910274386418,88.1280000000002,87.5407334095286,-0.014214858548367,-0.54496580113847
"3779465","2008-04-01",17.5677678742896,0.813333333333334,0.759697068051501,0.66785242886509,96.6969806994292,81.447019300571,89.0720000000001,0.698995039219821,59.4127610905374,88.3520000000002,88.0499689549248,0.330726249600222,-0.369827390990732
"3779464","2008-04-02",17.6296243930124,0.866666666666667,0.824957264957267,0.754371235890227,96.8005341472439,81.4234658527564,89.1120000000001,0.722495814404344,60.7625129082742,88.5056000000002,88.5766397609348,0.653003705001609,-0.165261171792264
"3779463","2008-04-03",17.6870625889693,0.866666666666667,0.848888888888891,0.811181073965888,96.7386350533983,81.4426982799353,89.0906666666668,0.725070665344228,60.7625129082742,88.6528000000002,89.0330877928102,0.896076399170975,0.047006342400384
"3779462","2008-04-04",17.7403980566436,0.933333333333334,0.888888888888891,0.854245014245018,96.8866683887262,81.401331611274,89.1440000000001,0.753314908357581,62.5671769862098,88.8320000000002,89.5353427537688,1.14592414753107,0.266789903426522
"3779461","2008-04-07",18.0357351987324,0.910256410256411,0.903418803418806,0.880398860398864,97.084644956352,81.3420217103149,89.2133333333335,0.771873367805922,63.2944075136463,88.9280000000003,90.0132970532663,1.35500386940655,0.484432696622527
"3779460","2008-04-08",18.3099768306721,0.948717948717949,0.930769230769233,0.907692307692311,97.2168267577349,81.2951732422653,89.2560000000001,0.786234927101338,64.4112905688806,89.0240000000003,90.4915241128308,1.54381093107214,0.69630834351245
"3779459","2008-04-09",18.6320685682373,0.949367088607595,0.936113815860653,0.923433950016232,97.3348876330665,81.2517790336004,89.2933333333334,0.790988521967404,64.7958231000882,89.1584000000003,90.9273208977867,1.68632815958618,0.894312306727196
"3779458","2008-04-10",18.2957224369671,0.866666666666666,0.921583901330738,0.929488982653543,97.4991678518564,81.2101654814771,89.3546666666668,0.744254778543194,60.5672427749019,89.1904000000003,91.1770114447485,1.69350565007695,1.05415097539715
"3779457","2008-04-11",17.4867321029433,0.736842105263157,0.850958620179141,0.902885445790179,97.7339788859034,81.2100211140969,89.4720000000001,0.6917216228551,57.2162725234061,89.2224000000003,91.2867432521154,1.60953981955463,1.16522874422864
"3779456","2008-04-14",16.6275838401509,0.431818181818182,0.678442317916004,0.816994946475296,97.8995881014986,81.3910785651683,89.6453333333335,0.594173654093072,51.1240883439875,89.1904000000003,91.1685108185,1.38569144855014,1.20932128509294
"3779455","2008-04-15",15.8877098417617,0.142857142857142,0.437172476646163,0.655524471580437,97.776559060252,82.3087742730816,90.0426666666668,0.574822177141561,48.3519062654571,89.0816000000003,90.9593760427,1.12451661381616,1.19236035083759
"3779454","2008-04-16",15.2006839861146,0.166666666666669,0.247113997114,0.454242930558724,97.4687033354672,83.5179633311998,90.4933333333335,0.585061198639181,51.2015271762925,88.9856000000003,90.88479257034,0.977177272689356,1.14932373520794
"3779453","2008-04-17",14.5627314058708,0.200000000000001,0.169841269841273,0.284709247867147,97.0430043272431,84.7436623394238,90.8933333333335,0.533606133868183,51.774617599632,88.9536000000003,90.8414868942947,0.864671557243413,1.09239329961504
"3779452","2008-04-18",14.4853815696451,0.533333333333333,0.300000000000003,0.238985088985093,96.2189761673349,86.591690499332,91.4053333333335,0.633786411291466,57.189089103389,89.0688000000003,91.017288641722,0.907017386814424,1.05531811705491
"3779451","2008-04-21",14.7370151168682,0.666666666666666,0.466666666666669,0.312169312169316,95.4503845471988,88.2669487861348,91.8586666666668,0.705287095996544,59.1640900342307,89.3184000000003,91.2549834894924,0.985487882378155,1.04135207011956
"3779450","2008-04-22",14.9706748392897,0.733333333333334,0.644444444444446,0.470370370370374,95.0150420553931,89.3742912779404,92.1946666666668,0.739684406090784,60.1539033853549,89.7792000000003,91.5036523575601,1.06310908063389,1.04570347222243
"3779449","2008-04-23",15.3601590556017,0.781249999999999,0.727083333333335,0.612731481481485,94.6442412444707,90.3477587555296,92.4960000000001,0.843847167336482,61.6552897678065,90.2400000000003,91.7831653765521,1.15294466615963,1.06715171100987
"3779448","2008-04-24",16.2157534251534,0.578947368421053,0.697843567251464,0.689790448343083,94.6226220376719,90.7587112956617,92.6906666666668,0.83196073934131,59.250998677701,90.6560000000003,91.9614099930118,1.16793481423825,1.08730833165554
"3779447","2008-04-25",18.0979752656979,0.618181818181819,0.659459728867626,0.69479554315081,95.278171452117,90.5938285478833,92.9360000000001,1.18825021265759,65.1116029197933,91.1872000000002,92.3718886606103,1.33187931538359,1.13622252840115
"3779446","2008-04-28",20.8984637431416,0.691358024691358,0.629495737098079,0.662266344405725,97.1237434731637,89.5215898601699,93.3226666666668,1.36431648203422,72.827426871295,91.8336000000002,93.1969701725289,1.74525514841437,1.2580290524038
"3779445","2008-04-29",23.7651759813001,0.822222222222222,0.710587355031802,0.666514273665837,99.2365669576758,88.4274330423244,93.8320000000001,1.28279475484305,77.2588927307798,92.4800000000002,94.2960408161917,2.28769529417978,1.46396230075899
"3779444","2008-04-30",27.0035366402202,0.782608695652174,0.765396314188587,0.701826468772824,101.799330391532,87.1446696084682,94.4720000000001,1.24115214907503,80.3297441949326,93.1456000000002,95.5899020406995,2.89122392537071,1.74941462568134
"3779443","2008-05-01",30.2078018626709,0.888888888888889,0.831239935587764,0.769074534936052,104.667241101133,85.8500922322007,95.2586666666668,1.19128432211516,83.6075200150464,93.8944000000002,97.1805817686062,3.60756368624464,2.121044437794
"3779442","2008-05-02",33.1831909978037,0.92063492063492,0.864044168391996,0.820226806056117,106.990415518349,85.0682511483179,96.0293333333335,1.06794878719581,84.1254749481988,94.6176000000002,98.6445041994587,4.16210376052331,2.52925630233986
"3779441","2008-05-05",32.4656368278497,0.570247933884297,0.793257247802704,0.82951378392749,107.986280908096,85.1283857585711,96.5573333333335,0.827939206605194,61.9804558118164,95.0144000000002,99.0172369728642,3.99937330081508,2.8232797020349
"3779440","2008-05-06",31.799336527178,0.566666666666666,0.685849840395297,0.781050418863334,108.63753122446,85.3518021088739,96.9946666666668,0.739001892777673,61.9804558118164,95.4176000000002,99.340272043149,3.82501376079272,3.02362651378647
"3779439","2008-05-07",31.2652671644179,0.581818181818182,0.572910927456384,0.68400600521813,109.328420666701,85.5942459999657,97.4613333333335,0.746283404222423,63.5693212574721,95.8336000000002,99.7482357707291,3.72023907022689,3.16294902507455
"3779438","2008-05-08",31.105965248333,0.641509433962264,0.596664760815707,0.618475176222464,110.119758962913,85.9282410370872,98.0240000000001,0.771279656232754,65.6316698110974,96.3008000000002,100.272471001299,3.69565316462104,3.26948985298385
"3779437","2008-05-09",30.8060631343945,0.615384615384615,0.612904077055023,0.594159921775706,110.712509603253,86.4874903967474,98.6000000000001,0.729514781912197,64.6463806374097,96.7232000000002,100.684141534459,3.6066942405115,3.33693073048938
"3779436","2008-05-12",30.5275826000231,0.615384615384615,0.624092888243834,0.611220575371522,111.091310047824,87.4046899521761,99.2480000000001,0.707374457823232,64.6463806374097,97.1328000000002,101.040922663198,3.4943355027607,3.36841168494364
"3779435","2008-05-13",29.0015216584851,0.451923076923077,0.560897435897438,0.599298133732099,111.074855252263,88.4878114144043,99.7813333333334,0.592324314253022,56.3125654942354,97.4144000000002,100.987466308105,3.15153770908534,3.32503688977198
"3779434","2008-05-14",27.5844650699142,0.391304347826086,0.486204013377928,0.557064779173068,110.971037677612,89.5996289890549,100.285333333333,0.569001846726937,56.6664484891759,97.6960000000002,100.962470800357,2.85984843138201,3.23199919809399
"3779433","2008-05-15",26.2089039120549,0,0.281075808249723,0.442725752508364,110.556838575614,90.765828091053,100.661333333333,0.407297979145733,48.2485761922209,97.8880000000002,100.51414136031,2.34584889412519,3.05476913730023
"3779432","2008-05-16",24.9315971226142,0,0.130434782608698,0.299238201412118,110.219236109606,91.6367638903942,100.928,0.343867204583582,48.2485761922209,98.1120000000002,100.125589178935,1.91608138065027,2.82703158597024
"3779431","2008-05-19",24.6386616185169,0,2.368475785867e-15,0.137170196952809,109.948142002976,92.2331913303572,101.090666666667,0.245751479457311,42.0855051329258,98.2912000000002,99.4261772884104,1.33938110739871,2.52950149025593
"3779430","2008-05-20",24.366650078998,0,2.368475785867e-15,0.0434782608695687,109.726092581951,92.6792407513829,101.202666666667,0.182287377526896,42.0855051329258,98.5024000000002,98.8200203166223,0.870438974520615,2.19768898710887
"3779429","2008-05-21",23.0217983748287,0.155555555555556,0.0518518518518544,0.0172839506172876,109.38741682717,93.5085831728298,101.448,0.338275275382198,48.3828202538371,98.7712000000002,98.5933509410727,0.673447063556987,1.89284060239849
"3779428","2008-05-22",21.5439587974539,0.111111111111112,0.0888888888888916,0.0469135802469174,109.04829400638,94.1730393269539,101.610666666667,0.205282356875294,46.8164889323148,99.0080000000002,98.3115708155963,0.459324687423979,1.60613741940359
"3779427","2008-05-23",20.4980675868342,0.236111111111111,0.167592592592595,0.102777777777782,108.895896977963,94.5387696887037,101.717333333333,0.261512179211393,49.8747312849286,99.2256000000002,98.2166947068502,0.37723652395234,1.36035724031334
"3779426","2008-05-27",19.7948407812137,0.333333333333333,0.226851851851854,0.161111111111115,108.900849768142,94.4751502318587,101.688,0.33492423869331,52.7978176992352,99.4624000000002,98.2838020792701,0.399705142799744,1.16822682081062
"3779425","2008-05-28",19.0738382977098,0.319444444444445,0.296296296296299,0.230246913580251,108.820699314056,94.2406340192776,101.530666666667,0.33648907245608,52.3283468843934,99.6800000000002,98.3206284687008,0.399696073281919,1.01452067130488
"3779424","2008-05-29",18.5787845526168,0.352941176470588,0.335239651416124,0.286129266521427,108.361985751241,94.1073475820927,101.234666666667,0.372228722208085,52.7805135782512,99.8848000000002,98.3738780062074,0.408090268412997,0.893234590726504
"3779423","2008-05-30",18.6744594568835,0.514705882352941,0.395697167755994,0.342411038489474,107.23349206151,94.5211746051567,100.877333333333,0.519089097444248,57.5502152685999,100.1792,98.6546942720464,0.552528068267089,0.825093286234621
"3779422","2008-06-02",19.6790636184031,0.567164179104477,0.478270412642672,0.403069077271598,105.965203958843,95.1921293744911,100.578666666667,0.678964694331587,58.7733143323132,100.416,98.9620683691069,0.697539819256132,0.799582592838923
"3779421","2008-06-03",20.8104334619156,0.763888888888889,0.615252983448772,0.496406854615814,106.065195114246,95.1454715524212,100.605333333333,0.864600194390632,64.9382926319622,100.6208,99.5911259198926,1.02069330973968,0.843804736219075
"3779420","2008-06-04",21.0698904062922,0.625,0.652017689331124,0.581847028474191,106.197319865304,95.1093468013633,100.653333333333,0.758538386604612,59.318987422326,100.6464,99.9229757972403,1.13229657364167,0.901503103703594
"3779419","2008-06-05",21.3108147117847,0.791666666666666,0.726851851851854,0.664707508210585,106.450273984664,95.0057260153367,100.728,0.855802606700889,63.4106717531467,100.6464,100.466579024275,1.35848479530845,0.992899442024564
"3779418","2008-06-06",20.7649653910647,0.652777777777778,0.689814814814817,0.689561451999267,106.286941729281,95.0730582707189,100.68,0.762769510451488,58.1608501009468,100.4416,100.724368487705,1.39188932660921,1.07269741894149
"3779417","2008-06-09",20.258105307539,0.652777777777778,0.699074074074077,0.705246913580251,106.134415792682,95.1295842073182,100.632,0.733352049059545,58.1608501009468,100.2112,100.947786022678,1.40166772969905,1.138491481093
"3779416","2008-06-10",18.8975378389644,0.354838709677419,0.553464755077661,0.647451214655519,105.777349330615,95.2199840027186,100.498666666667,0.594215425513247,50.8387201797737,100.1536,100.821414552987,1.20357082259364,1.15150734939313
"3779415","2008-06-11",17.6341537610023,0.435483870967741,0.481033452807648,0.577857427319797,105.771968831514,95.2200311684857,100.496,0.62484278958061,52.9643950934352,100.128,100.818559279256,1.09796130348223,1.14079814021095
"3779414","2008-06-12",16.4610114028946,0.363636363636363,0.384652981427177,0.473050396437497,105.724829334875,95.2138373317916,100.469333333333,0.572051556419319,52.9643950934352,100.064,100.816084708688,1.00271725693553,1.11318196355587
"3779413","2008-06-13",15.8445826389532,0.285714285714285,0.361611506772799,0.409099313669209,105.838639278656,95.388027388011,100.613333333333,0.604619073483335,52.9643950934352,99.9488000000002,100.813940080863,0.916676777743897,1.07388092639347
"3779412","2008-06-16",15.1907251956251,0.265306122448979,0.304885590599878,0.350383359599953,105.881628904152,95.6863710958483,100.784,0.564343640183927,52.398447610037,99.8400000000002,100.790748070081,0.826167476195572,1.02433823635389
"3779411","2008-06-17",14.5835718553919,0.270833333333333,0.273951247165535,0.313482781512739,105.740025416481,96.2973079168529,101.018666666667,0.527675648810154,52.9399855099684,99.7376000000002,100.791981660737,0.758515528874848,0.971173694858083
"3779410","2008-06-18",13.66337579324,0.0249999999999994,0.187046485260773,0.25529444100873,105.345443241168,97.2092234254988,101.277333333333,0.460997448382314,50.4667919145417,99.7184000000002,100.707717439306,0.64620031170477,0.906179018227421
"3779409","2008-06-19",12.8089080212419,0.0499999999999989,0.115277777777779,0.192091836734697,105.297695286091,97.4436380472425,101.370666666667,0.420550617213018,51.0820638598077,99.6992000000002,100.656021780732,0.563525863299019,0.837648387241741
"3779408","2008-06-20",12.4612982057109,0.0750000000000006,0.0500000000000021,0.117441421012853,105.007424687276,98.1232419793905,101.565333333333,0.435310645834061,51.7277960948962,99.8144000000002,100.632552209967,0.505024417353428,0.771123593264078
"3779407","2008-06-23",11.9314751151518,0,0.0416666666666689,0.0689814814814848,104.83396412818,98.47803587182,101.656,0.256238070846211,45.2895570470912,99.8656000000002,100.398878581972,0.326414431930844,0.682181760997431
"3779406","2008-06-24",12.9439428106107,0,0.0250000000000026,0.0388888888888925,105.225107896406,97.8362254369272,101.530666666667,-0.140241158606847,34.9757771370501,99.8848000000002,99.7270281043754,-0.0985957817819072,0.526026252441564
"3779405","2008-06-25",14.4010525160935,0,2.4332387956368e-15,0.0222222222222259,105.956191100805,96.6624755658619,101.309333333333,-0.209009578414403,31.4678623813125,99.8400000000002,98.9314243571254,-0.561840825022375,0.308452836948776
"3779404","2008-06-26",17.0108521100313,0,2.4332387956368e-15,0.00833333333333711,107.495901471826,94.2160985281742,100.856,-0.291377204761709,23.0156770158606,99.4880000000002,97.5165677761753,-1.36635858030185,-0.0265094465013497
"3779403","2008-06-27",19.4918728937563,0,2.4332387956368e-15,3.71346472090768e-15,108.576364250976,91.9623024156911,100.269333333333,-0.155027456534097,22.6306122023337,99.1488000000003,96.2476920726853,-2.01929569064015,-0.425066695329111
"3779402","2008-06-30",19.8957755871955,0,2.4332387956368e-15,3.71346472090768e-15,108.979242978195,90.3220903551389,99.6506666666668,-0.0101171398240203,21.6551811131357,98.7328000000002,95.0413331296606,-2.58523716973539,-0.857100790210366
"3779401","2008-07-01",21.0898878166243,0,2.4332387956368e-15,3.71346472090768e-15,109.700868042389,87.6324652909442,98.6666666666668,-0.123515899858179,17.8449006767281,98.1248000000002,93.5051553790392,-3.323440383524,-1.35036870887309
"3779400","2008-07-02",22.5298140949377,0,2.4332387956368e-15,3.71346472090768e-15,110.348714230647,84.9419524360203,97.6453333333335,-0.0727609097778809,16.3620971194064,97.4528000000003,91.9391346618339,-4.03346217670094,-1.88698740243866
"3779399","2008-07-03",24.0942312005606,0,2.4332387956368e-15,3.71346472090768e-15,110.564558141685,82.3847751916491,96.4746666666668,-0.0354193120206824,15.3623090128308,96.7232000000003,90.4112500402561,-4.67515371288632,-2.44462066452819
"3779398","2008-07-07",24.978200672734,0,2.4332387956368e-15,3.71346472090768e-15,110.43483203311,80.3331679668902,95.3840000000002,0.0491722106521072,15.3623090128308,95.9232000000003,89.087083368222,-5.14282228608859,-2.98426098884027
"3779397","2008-07-08",25.7990294683237,0,2.4332387956368e-15,3.71346472090768e-15,110.040699300962,78.5673006990384,94.3040000000001,0.0963575411514736,15.3623090128308,95.1040000000003,87.939472252459,-5.46548110914308,-3.48050501290083
"3779396","2008-07-09",25.7082249782335,0.0942028985507246,0.0314009661835773,0.010466988727862,109.439244700222,77.3820886331113,93.4106666666668,0.194795134680146,24.7006101074111,94.2592000000003,87.2222092854645,-5.47661516001875,-3.87972704232442
"3779395","2008-07-10",24.8578640214294,0.166666666666666,0.0869565217391327,0.0394524959742388,108.496635589047,76.6766977442864,92.5866666666668,0.272050675626076,31.0065956662216,93.5424000000003,86.8139147140692,-5.28073466475776,-4.15992856681109
"3779394","2008-07-11",24.2077667571477,0.144927536231884,0.135265700483094,0.084541062801936,107.491585399707,76.0657479336271,91.7786666666668,0.286417784180137,30.1897738799291,92.7296000000003,86.39605941886,-5.11387368125364,-4.3507175896996
"3779393","2008-07-14",24.5175400558702,0,0.103864734299519,0.108695652173917,106.389384335072,75.1572823315953,90.7733333333335,0.206285112276068,24.9905833776427,91.8400000000003,85.5645848296787,-5.25567766296875,-4.53170960435343
"3779392","2008-07-15",24.8428330673694,0,0.0483091787439638,0.0958132045088604,105.134783444011,74.3372165559889,89.7360000000001,0.206383731560834,24.7816689544683,90.9440000000002,84.8226401857215,-5.32955685385497,-4.69127905425374
"3779391","2008-07-16",24.3425775319835,0.0599999999999996,0.0200000000000023,0.0573913043478297,103.562355864772,73.9789774685619,88.7706666666668,0.270231335911102,28.6364895345622,90.1824000000003,84.307621494292,-5.24198378310255,-4.8014200000235
"3779390","2008-07-17",24.1407447561065,0,0.0200000000000023,0.0294363929146574,101.811347377247,73.7406526227529,87.7760000000001,0.260984421938497,27.1386888619894,89.3504000000002,83.7332719617197,-5.20893681315768,-4.88292336265034
"3779389","2008-07-18",23.0198072525318,0.0999999999999996,0.0533333333333355,0.0311111111111147,99.7251336779217,74.0455329887452,86.8853333333335,0.346103525991903,33.3917898158178,88.5824000000002,83.4488357001571,-4.97460448823576,-4.90125958776742
"3779388","2008-07-21",22.1269927773379,0.142857142857143,0.0809523809523834,0.051428571428575,97.1422382170083,74.665761782992,85.9040000000001,0.303765208500758,32.4909111812995,87.7952000000002,83.1383242734695,-4.78198342866284,-4.8774043559465
"3779387","2008-07-22",20.8988146540876,0.122448979591836,0.121768707482995,0.0853514739229061,94.2527941302195,75.7898725364474,85.0213333333335,0.360910420544364,32.1792619238156,87.0080000000002,82.8478810370069,-4.59375167629199,-4.8206738200156
"3779386","2008-07-23",20.3210205266875,0.510204081632653,0.258503401360546,0.153741496598643,91.9280071199683,76.9466595466987,84.4373333333335,0.545567774416006,43.3062511032508,86.3360000000002,83.0014968987393,-4.10227405696875,-4.67699386740623
"3779385","2008-07-24",19.9643902478768,0.539999999999999,0.390884353741498,0.257052154195015,89.8411039300127,78.1162294033209,83.9786666666668,0.633732774404562,44.3414133066993,85.7024000000002,83.1772973122407,-3.63936254430419,-4.46946760278582
"3779384","2008-07-25",19.6332335604097,0.699999999999999,0.583401360544219,0.410929705215423,88.9216784340143,78.582321565986,83.7520000000001,0.699367655033488,48.3999374453698,85.1136000000002,83.5003243372753,-3.11246648994864,-4.19806738021839
"3779383","2008-07-28",18.7483356018754,0.52,0.586666666666668,0.520317460317463,88.0265050237145,79.0081616429525,83.5173333333335,0.630400889647705,44.4712082527924,84.4608000000002,83.5882810923053,-2.80128363970917,-3.91871063211654
"3779382","2008-07-29",18.2194746450013,0.0199999999999996,0.413333333333335,0.527800453514742,86.4987124996924,79.6719541669745,83.0853333333335,0.266800006326527,35.78242045658,83.7120000000002,83.1311769466646,-2.9079279028705,-3.71655408626734
"3779381","2008-07-30",17.2275938927211,0.4,0.313333333333335,0.437777777777781,86.3786837060269,79.7013162939733,83.0400000000001,0.643769234304367,44.6357733441266,83.2256000000002,83.140353353776,-2.6685952583687,-3.50696232068761
"3779380","2008-07-31",16.3065617656038,0.48,0.300000000000002,0.342222222222226,86.4800000000001,79.7173333333335,83.0986666666668,0.672712933753925,46.3138326944647,82.8288000000002,83.2336395732725,-2.38930423512317,-3.28343070357472
"3779379","2008-08-01",15.6661348078248,0.4,0.426666666666669,0.34666666666667,86.5271335963834,79.9208664036169,83.2240000000001,0.601317932472681,44.8498897780657,82.6240000000002,83.2291542968362,-2.20441254012235,-3.06762707088425
"3779378","2008-08-04",15.0714526327443,0.4,0.426666666666669,0.384444444444448,86.5646441338853,80.0753558661149,83.3200000000001,0.56369470984762,44.8498897780657,82.4320000000002,83.225267057258,-2.03445249707064,-2.86099215612153
"3779377","2008-08-05",14.9162044431645,0.26,0.353333333333336,0.402222222222226,86.5485418141667,80.2514581858335,83.4000000000001,0.468239265697497,42.1460689517835,82.2272000000002,83.072564782957,-1.98553455545255,-2.68590063598773
"3779376","2008-08-06",14.7720454099833,0.489795918367347,0.383265306122451,0.38775510204082,86.6076010953761,80.2617322379575,83.4346666666668,0.639513335876489,47.9401831921417,82.2464000000002,83.196222811896,-1.74072748050801,-2.49686600489179
"3779375","2008-08-07",13.7804664751249,0.489795918367347,0.413197278911567,0.383265306122453,86.5643413758869,80.27832529078,83.4213333333335,0.761745008453192,47.9401831921416,82.3360000000002,83.3033931036432,-1.52901214325507,-2.30329523256444
"3779374","2008-08-08",12.8597146070421,0.489795918367347,0.489795918367349,0.428752834467124,86.5251314448456,80.2908685551546,83.4080000000001,0.723282210684713,47.9401831921416,82.4768000000002,83.3962740231575,-1.3456531163503,-2.11176680932161
"3779373","2008-08-11",12.0047307295366,0.612244897959183,0.530612244897961,0.477868480725627,86.7210710412365,80.4789289587637,83.6000000000001,0.794770605296916,51.0045050818228,82.6560000000002,83.6047708200698,-1.09502591720007,-1.9084186308973
"3779372","2008-08-12",11.2108171289958,0.612244897959183,0.571428571428573,0.530612244897963,86.7366402722389,80.9273597277614,83.8320000000001,0.758437051169859,51.0045050818228,82.8352000000002,83.7854680440605,-0.886280263866446,-1.70399095749113
"3779371","2008-08-13",11.3002232037079,0.386363636363636,0.536951144094003,0.546330653473514,86.6929689758149,81.1310310241853,83.9120000000001,0.439109952392121,44.4325517337586,82.8480000000002,83.6647389715191,-0.910501575735534,-1.54529308114001
"3779370","2008-08-14",13.0338511723249,0.173469387755102,0.390692640692642,0.499690785405074,87.029469952404,81.4078633809296,84.2186666666668,1.03033475314002,44.4325517337586,82.7968000000002,83.5601071086499,-0.919334560694818,-1.42010137705097
"3779369","2008-08-15",14.6436485717549,0.36734693877551,0.309059987631418,0.412234590806023,87.5103488173757,81.3749845159579,84.4426666666668,0.984187494128114,54.3933420490193,82.8864000000002,83.8747594941633,-0.626343663203599,-1.2613498342815
"3779368","2008-08-18",15.9994061645545,0.255813953488372,0.265543426672997,0.321765351665687,87.6828300255224,81.7625033078112,84.7226666666668,0.900428351289209,53.3100549960658,83.1040000000002,84.1047915616082,-0.420464172065593,-1.09317270183832
"3779367","2008-08-19",16.2663700774144,0.0813953488372096,0.234852080367033,0.269818498223817,87.5971797782268,82.0401535551067,84.8186666666668,0.419861214352268,45.9229608078959,83.2320000000002,83.9841526867271,-0.481918813456328,-0.97092192416192
"3779366","2008-08-20",16.3885103631316,0.0581395348837207,0.131782945736436,0.21072615092549,87.5715282478659,81.9004717521344,84.7360000000001,0.27617339303728,45.0270567866094,83.3088000000002,83.8369323284968,-0.555180324216353,-0.887773604172807
"3779365","2008-08-21",15.9999717590487,0,0.046511627906979,0.137715551336817,87.5727110465711,81.5739556200958,84.5733333333335,0.119921160656521,41.5364149516437,83.3728000000002,83.5386746846972,-0.728576631774491,-0.855934209693144
"3779364","2008-08-22",15.9772383595641,0,0.0193798449612424,0.0658914728682205,87.4683445269353,81.363655473065,84.4160000000001,0.213444318310625,41.5364149516437,83.3728000000002,83.2801847267376,-0.856983464402838,-0.856144060635083
"3779363","2008-08-25",15.569718957886,0,2.18806454436541e-15,0.0219638242894092,87.5524523306104,80.9648810027232,84.2586666666668,0.0883156530663362,38.9124901576366,83.3536000000002,82.9281600965059,-1.04081983135111,-0.893079214778289
"3779362","2008-08-26",15.0612665740407,0,2.18806454436541e-15,0.00645994832041691,87.62213365846,80.8418663415403,84.2320000000001,0.0174231564830643,38.0496381119619,83.3280000000002,82.5804054169718,-1.20512882861583,-0.955489137545798
"3779361","2008-08-27",14.4538057331944,0,2.18806454436541e-15,3.49951549220388e-15,87.8515962424522,80.2390704242147,84.0453333333335,0.00362510986640972,37.1622093143178,83.1680000000002,82.2363513613756,-1.35241124767925,-1.03487355957249
"3779360","2008-08-28",14.4635959230939,0.0505050505050503,0.016835016835019,0.00561167227834242,87.8814777342421,79.9158555990915,83.8986666666668,0.177949406862621,40.8748259908006,83.0272000000002,82.0448378465255,-1.3756994475919,-1.10303873717637
"3779359","2008-08-29",14.8934174198035,0.101010101010101,0.0505050505050525,0.0224466891133592,87.8625011505859,79.7748321827477,83.8186666666668,0.311400127849056,44.4117588830934,82.8672000000002,81.9855261336554,-1.30076329753236,-1.14258364924757
"3779358","2008-09-02",16.0271169613365,0.171717171717172,0.10774410774411,0.0583613916947284,87.8704272926188,79.7829060407148,83.8266666666668,0.50824315196091,49.010586430411,82.8096000000002,82.0834559825014,-1.11828453681289,-1.13772382676063
"3779357","2008-09-03",17.0798379641885,0.252525252525252,0.175084175084177,0.111111111111114,87.9332453816291,79.8480879517044,83.8906666666668,0.572890767859631,53.72263190935,82.9632000000002,82.3389951848345,-0.838386213434039,-1.07785630409531
"3779356","2008-09-04",17.8044517442557,0,0.141414141414144,0.141414141414145,89.2104615348491,77.5628717984845,83.3866666666668,-0.285284069382202,26.1117877324848,82.4512000000002,80.7471291601899,-1.93975296146518,-1.25023563556929
"3779355","2008-09-05",19.4697828131036,0,0.0841750841750863,0.13355780022447,91.9848371553496,72.8631628446506,82.4240000000001,-0.368682647594975,20.5041573699776,81.6448000000002,78.4715119388313,-3.4842737230536,-1.69704325306615
"3779354","2008-09-08",21.690416967283,0,2.18343861509614e-15,0.0751964085297453,94.6770976956771,67.7282356376565,81.2026666666668,-0.272920700268832,16.8792568411855,80.6144000000002,75.6673103469871,-5.36040099320615,-2.42971480109415
"3779353","2008-09-09",24.202583560382,0,2.18343861509614e-15,0.0280583613916982,97.4029963955005,61.8610036044997,79.6320000000001,-0.220424808026428,14.5373322834103,79.3728000000002,72.5330023007221,-7.42993421430681,-3.42975868373668
"3779352","2008-09-10",26.761007675283,0,2.18343861509614e-15,3.50182845683851e-15,99.5296700107275,56.235663322606,77.8826666666668,-0.136023369201241,13.3857703666439,78.0544000000002,69.4112686606259,-9.42609771039076,-4.6290264890675
"3779351","2008-09-11",29.1947597139288,0,2.18343861509614e-15,3.50182845683851e-15,100.928800159426,51.4178665072407,76.1733333333335,-0.0410252784737053,13.0918665452245,76.6272000000002,66.5990995058757,-11.0993239881581,-5.92308598888562
"3779350","2008-09-12",31.4546723212428,0.00843881856540085,0.00281293952180247,0.000937646507270263,101.094817498955,47.454515834379,74.2746666666668,0.0330376746083439,13.9061556761713,75.2128000000002,64.2045529050923,-12.3542258824379,-7.20931396759608
"3779349","2008-09-15",34.0696402198076,0,0.00281293952180247,0.00187529301453702,101.354192111242,42.7791412220911,72.0666666666668,0.0080954622154675,11.1950815011954,73.4912000000002,61.1052791844133,-14.286737909377,-8.62479875595227
"3779348","2008-09-16",36.5885507932651,0,0.00281293952180247,0.00281293952180379,101.163608781185,38.3403912188151,69.7520000000001,0.0391512704477936,10.7259304066126,71.6672000000002,58.2059086264916,-16.017948636152,-10.1034287319922
"3779347","2008-09-17",39.0260966001352,0,2.18343861509614e-15,0.00187529301453702,100.910568657782,33.9960980088845,67.4533333333335,0.0658138956851785,10.2186407870778,69.7728000000002,55.4584541429594,-17.6041307956259,-11.603569144719
"3779346","2008-09-18",39.2722273352381,0,2.18343861509614e-15,0.000937646507270263,99.9985387750663,30.481461224934,65.2400000000001,0.125415783895384,9.55499731410372,67.8656000000002,52.7573269238981,-19.1692961417132,-13.1167145441178
"3779345","2008-09-19",38.6177123060119,0.172413793103448,0.0574712643678183,0.0191570881226089,98.2056176729704,28.6797156603632,63.4426666666668,0.254106030916362,28.0152725895887,66.3104000000002,51.589683334045,-18.9854710178796,-14.2904658388702
"3779344","2008-09-22",38.0865090691947,0.162420382165605,0.111611391756353,0.0563608853747259,96.0011057539462,27.1882275793874,61.5946666666668,0.269112985512729,27.5744713800361,64.6080000000002,50.492392222839,-18.7761563159671,-15.1876039342895
"3779343","2008-09-23",37.5932489207216,0.226027397260274,0.186953857509778,0.118678837877984,93.5640094654263,26.1373238679073,59.8506666666668,0.304469107695763,31.9016091792877,63.0144000000002,49.8614065931272,-18.0643640519076,-15.7629559578131
"3779342","2008-09-24",37.2421329520933,0.279816513761468,0.222754764395784,0.173773337887307,90.880130081043,25.2798699189573,58.0800000000001,0.30894384713771,31.2317722162593,61.4848000000002,49.2078857140435,-17.4527382050062,-16.1009124072518
"3779341","2008-09-25",36.5737714102408,0.324742268041237,0.276862059687662,0.228856893864409,87.904950336688,24.8470496633122,56.3760000000001,0.338413058085906,31.8481948224799,59.9808000000002,48.6841676188377,-16.7473614203902,-16.2302022098794
"3779340","2008-09-26",35.9531499785207,0.482269503546099,0.36227609511627,0.28729763973324,84.2461147334519,25.028551933215,54.6373333333335,0.363599024489046,33.4541607378879,58.5600000000002,48.3369452696594,-15.8916307855335,-16.1624879250103
"3779339","2008-09-29",35.8871926653912,0.427272727272727,0.41142816628669,0.350188773696875,79.7706670611052,25.6853329388951,52.7280000000001,0.340597576528734,30.2319154448375,57.0048000000002,47.5880192337048,-15.6072873137345,-16.0514478027551
"3779338","2008-09-30",36.1949069767748,0.294117647058823,0.401219959292552,0.391641406898505,73.9313626864777,27.3113039801893,50.6213333333335,0.309924449277062,27.8899996406137,55.3792000000002,46.5762833358775,-15.695996937207,-15.9803576296455
"3779337","2008-10-01",36.1396179948228,0.424242424242424,0.381877599524661,0.398175241701302,66.1065845621717,31.0294154378285,48.5680000000001,0.353047814423271,31.9002208074561,53.8432000000002,45.9554455577605,-15.3018542138801,-15.8446569464924
"3779336","2008-10-02",35.6067230460409,0.373737373737373,0.364032481679543,0.382376680165586,60.1263962652332,33.9269370681004,47.0266666666668,0.362083667218257,31.1235527662169,52.2880000000002,45.3107194833924,-14.9821883406067,-15.6721632253153
"3779335","2008-10-03",35.1118920221721,0.494949494949495,0.430976430976433,0.392295504060213,55.8389378691633,36.0223954641703,45.9306666666668,0.397190272061784,35.2011556824004,50.7776000000002,45.0079568856068,-14.2484596460917,-15.3874225094706
"3779334","2008-10-06",35.6844217863695,0.0505050505050503,0.306397306397308,0.367135406351096,52.7979661068154,36.8393672265182,44.8186666666668,0.0810826888075167,28.5313568761123,48.9536000000002,43.8068959675259,-14.7783810150766,-15.2656142105918
"3779333","2008-10-07",36.3143308278323,0,0.181818181818184,0.30639730639731,51.4159521758387,36.5467144908283,43.9813333333335,0.049315608823104,27.884772904031,47.0528000000002,42.6593098385224,-15.2369454987962,-15.2598804682327
"3779332","2008-10-08",37.2391517484208,0,0.016835016835019,0.168350168350172,51.1296302578324,35.2330364088345,43.1813333333335,-0.0557584694298324,25.6326923625318,44.9856000000002,41.2807351933861,-16.0336465255086,-15.4146336796879
"3779331","2008-10-09",36.8859663908311,0,2.23663680169276e-15,0.0662177328844029,50.7486736850504,34.0939929816165,42.4213333333335,0.00556442280103536,24.0085540015939,43.3728000000002,39.787303834268,-17.0060732877616,-15.7329216013026
"3779330","2008-10-10",37.2827683159901,0,2.23663680169276e-15,0.00561167227834234,51.5224316969887,31.0642349696783,41.2933333333335,-0.214953857450258,20.4247468634536,41.7984000000002,37.7249966563656,-18.8722540697221,-16.3607880949865
"3779329","2008-10-13",34.7808095280887,0,2.23663680169276e-15,3.41624876535699e-15,52.2924822387617,28.7315177612385,40.5120000000001,-0.0468932880751067,17.1991062498065,40.2048000000002,35.0416637688501,-21.8054440979579,-17.4497192955808
"3779328","2008-10-14",32.4575620821802,0.563157894736842,0.187719298245616,0.0625730994152081,52.2114982205619,28.3431684461051,40.2773333333335,0.325263572856693,42.2301800431779,39.5072000000002,34.9987752663368,-20.2624436087952,-18.0122641582237
"3779327","2008-10-15",30.1560401058385,0.526315789473684,0.363157894736844,0.183625730994155,52.2260127661072,28.0299872338931,40.1280000000001,0.305147061843285,41.3495089169603,38.8864000000002,34.8122718974919,-19.0795280054492,-18.2257169276688
"3779326","2008-10-16",28.0719410974561,0.515789473684211,0.535087719298248,0.361988304093571,52.2443588143054,27.5156411856948,39.8800000000001,0.271925091923296,41.085875770824,38.2848000000002,34.6079689778263,-18.0193625038942,-18.1844460429139
"3779325","2008-10-17",26.2747794397061,0.557894736842105,0.533333333333336,0.477192982456144,51.4676462428687,27.2203537571315,39.3440000000001,0.346690786795265,42.6606810477888,37.7216000000002,34.6015731141161,-16.7039223232214,-17.8883412989754
"3779324","2008-10-20",25.1127216141736,0.652631578947368,0.57543859649123,0.547953216374273,50.7551956977546,27.218137635579,38.9866666666668,0.481872557498914,46.1486396010038,37.5808000000002,34.980030032234,-14.8341083840219,-17.2774947159847
"3779323","2008-10-21",24.0012588627621,0.647368421052632,0.619298245614037,0.576023391812869,49.8047174690613,27.3472825309389,38.5760000000001,0.494537814892717,45.9812948246858,37.4976000000002,35.2866926946028,-13.2308285818407,-16.4681614891559
"3779322","2008-10-22",22.5731961467839,0.590425531914894,0.630141843971634,0.608292895358968,48.9065201997807,27.3014798002196,38.1040000000001,0.40755243700567,43.9229837021949,37.4080000000002,35.2964670019891,-12.2476032092406,-15.6240498331728
"3779321","2008-10-23",21.2931096464115,0.484042553191489,0.573945502053007,0.607795197212894,47.7680691919485,27.2132641413851,37.4906666666668,0.326285549394255,40.6564112320794,37.2864000000002,34.8782714017239,-12.0587114401301,-14.9109821545643
"3779320","2008-10-24",20.6649129274912,0.377659574468085,0.484042553191492,0.562709966405379,46.4522221587607,26.9984445079062,36.7253333333335,0.218717870728837,37.6416443627562,36.6848000000002,34.0891685481607,-12.5291330837975,-14.4346123404109
"3779319","2008-10-27",20.0815874027794,0.404255319148936,0.421985815602839,0.49332462361578,45.4662707124953,26.6990626208383,36.0826666666668,0.242671722413503,38.8622044403183,36.1408000000002,33.5119460750726,-12.6134571720474,-14.0703813067382
"3779318","2008-10-28",19.5399279869756,0.446808510638298,0.409574468085109,0.438534278959814,44.77304733855,26.3736193281169,35.5733333333335,0.282601937531319,40.8568850528713,35.5520000000002,33.1823532650629,-12.2609896296473,-13.70850297132
"3779317","2008-10-29",18.3565818947273,0.452127659574468,0.43439716312057,0.42198581560284,43.5729252452972,26.4964080880364,35.0346666666668,0.359768438457685,41.1155033540355,35.0016000000002,32.9180394963879,-11.8214005105931,-13.3310824791746
"3779316","2008-10-30",17.2577605233538,0.484042553191489,0.460992907801421,0.434988179669034,42.1715740977245,26.8737592356092,34.5226666666668,0.41179568157312,42.7335507905922,34.4768000000002,32.8169675635361,-11.1214257423314,-12.889151131806
"3779315","2008-10-31",16.2374263927927,0.405405405405405,0.44719187272379,0.447527314548595,40.3667699324205,27.7132300675798,34.0400000000001,0.51580585370862,45.4251846963704,33.9840000000002,32.9427052217313,-10.0644104228038,-12.3242029900056
"3779314","2008-11-03",15.8072056684923,0.5,0.463149319532301,0.457111366685838,40.0880417027256,27.8106249639414,33.9493333333335,0.693091650882683,47.2927210066274,33.6704000000002,33.2010111921672,-8.85227652340934,-11.6298176966863
"3779313","2008-11-04",16.0161619593256,0.710843373493976,0.538749592966463,0.483030261740852,40.548189748199,27.5904769184679,34.0693333333335,0.932998225874632,52.7636653290239,33.6064000000001,33.8942096998782,-6.97142795470357,-10.6981397482898
"3779312","2008-11-05",16.0316122105254,0.662650602409638,0.624497991967874,0.54213230148888,41.0967102726025,27.4899563940644,34.2933333333335,0.833167879260579,51.7126465943171,33.4400000000002,34.4096484065611,-5.57408704221043,-9.6733292070739
"3779311","2008-11-06",15.4354739169207,0.493975903614458,0.62248995983936,0.5952458482579,41.3203790998273,27.5329542335064,34.4266666666668,0.676005794424617,48.1011772414237,33.2160000000002,34.5576952856863,-4.93092586326342,-8.7248485383118
"3779310","2008-11-07",14.7117380705832,0.445783132530121,0.534136546184741,0.593708165997326,40.8692729714555,28.9707270285448,34.9200000000001,0.635590797486851,47.0893040732995,32.8896000000002,34.6006692475948,-4.51667015012206,-7.88321286067386
"3779309","2008-11-10",14.0396976418413,0.530120481927711,0.489959839357432,0.548862115127179,40.3897744326663,30.410225567334,35.4000000000001,0.683041006293594,49.1069796279394,32.8896000000002,34.7872466812488,-3.88464193472063,-7.08349867548321
"3779308","2008-11-11",13.3182877331597,0.349397590361446,0.441767068273095,0.488621151271757,40.3164659855401,30.3395340144602,35.3280000000001,0.433713757370453,45.1350656058597,32.8256000000002,34.628947123749,-3.892384336661,-6.44527580771877
"3779307","2008-11-12",12.8419245759719,0.228915662650602,0.369477911646589,0.43373493975904,40.284735253119,30.2859314135479,35.2853333333335,0.427457989478411,42.6579298088292,32.8128000000002,34.2784208405824,-4.22669667711988,-6.00155998159899
"3779306","2008-11-13",12.2028522154062,0,0.192771084337352,0.334672021419013,40.556522892221,29.5981437744459,35.0773333333335,0.0439714870580143,38.5560284036958,32.7744000000001,33.5906313951714,-5.12782178198099,-5.82681234167539
"3779305","2008-11-14",11.6094278805952,0.0365853658536586,0.0885003428347559,0.2169164462729,40.6746563683085,28.9360102983584,34.8053333333335,0.106541790327065,39.5985055879683,32.9856000000001,33.0585472091486,-5.6883489093364,-5.79911965520759
"3779304","2008-11-17",11.0289698724415,0.0487804878048781,0.0284552845528478,0.103242237241653,40.2589177276882,28.589082272312,34.4240000000001,0.200881243783202,39.9641520341974,33.4720000000002,32.6187409145954,-6.04300610259434,-5.84789694468494
"3779303","2008-11-18",10.9030091012192,0.170731707317073,0.0853658536585388,0.0674404936820487,39.7104384954567,28.5455615045436,34.1280000000001,0.357171138744773,43.6385049012619,33.3376000000002,32.4509087926494,-5.87225200192222,-5.8527679561324
"3779302","2008-11-19",10.1394650420025,0,0.0731707317073193,0.0623306233062365,39.5691107962022,28.1215558704647,33.8453333333335,0.203692183876409,39.9519483913718,33.1584000000001,32.0067876202961,-6.23058518017439,-5.9283314009408
"3779301","2008-11-20",10.6124474577495,0,0.0569105691056933,0.071815718157185,39.9634204371691,27.0285795628312,33.4960000000001,-0.00736354087561946,33.0741905224326,32.7872000000001,30.93921593759,-7.76247352387232,-6.2951598255271
"3779300","2008-11-21",11.0516454152288,0.00877192982456141,0.00292397660818941,0.0443350924737352,40.39377291442,26.096893752247,33.2453333333335,0.0100096144151288,33.4596941033643,32.3712000000001,30.0353204792447,-8.90669266940439,-6.81746639430256
"3779299","2008-11-24",11.2595833025568,0.188679245283019,0.0658170583691957,0.0418838680276939,40.5074329933537,25.7059003399799,33.1066666666668,0.187419757465978,40.4753736846015,31.9616000000001,29.6572777486787,-8.93759603686909,-7.24149232281587
"3779298","2008-11-25",11.6817316193048,0.141414141414141,0.112955105507243,0.0605653801615438,40.6743921250977,25.1336078749026,32.9040000000001,0.153556737335662,39.0743077362014,31.5200000000001,29.2016407155215,-9.13698632385138,-7.62059112302297
"3779297","2008-11-26",12.0737264848566,0.252525252525252,0.19420621307414,0.124326125650194,40.6997261520655,24.6976071812681,32.6986666666668,0.239701139521906,42.9717851434157,31.2256000000001,29.041421953452,-8.72413231867646,-7.84129936215367
"3779296","2008-11-28",11.6214663421723,0.295918367346939,0.229952587095446,0.179037968558944,40.626304459028,24.4296955409722,32.5280000000001,0.329100028653874,44.3655168532608,31.0848000000001,28.9878990263251,-8.12940626982878,-7.89892074368869
"3779295","2008-12-01",11.2015104953941,0.316326530612245,0.288256716828148,0.237471838999246,40.4460605337859,24.1832727995477,32.3146666666668,0.356031243130337,45.0881373356644,31.0848000000001,28.9841791561484,-7.48383756978465,-7.81590410890788
"3779294","2008-12-02",10.8115514948143,0.336734693877551,0.316326530612247,0.278178611511948,39.9732776848369,24.0000556484967,31.9866666666668,0.360600030375776,45.8456402682167,31.0656000000001,29.0236219353286,-6.80487435738577,-7.61369815860346
"3779293","2008-12-03",10.1435819498878,0.588235294117647,0.413765506202483,0.339449584547627,38.7208729627158,24.3831270372845,31.5520000000001,0.46057027818224,48.5222814855383,31.0400000000001,29.2071390106181,-5.88851396910811,-7.26866132070439
"3779292","2008-12-04",9.95414369147095,0.617647058823529,0.514205682272911,0.414765906362548,37.53954279667,24.8444572033303,31.1920000000001,0.534238970936483,49.2934292699726,31.0208000000001,29.4088538092024,-5.0160540307493,-6.81813986271337
"3779291","2008-12-05",9.83223691819145,0.647058823529412,0.617647058823532,0.515206082432977,36.7520563205107,25.1359436794896,30.9440000000001,0.581725561956134,50.0984682044022,30.9760000000001,29.6263399679754,-4.18911382138406,-6.29233465444751
"3779290","2008-12-08",10.249169445059,0.785714285714285,0.683473389355744,0.60510871015073,36.1648478005292,25.4298188661377,30.7973333333335,0.761076768753525,54.3877223226081,30.9376000000001,30.049494638912,-3.02614910153777,-5.63909754386556
"3779289","2008-12-09",10.6363210771503,0.8,0.744257703081235,0.681792717086838,35.3140480379957,25.9232852953379,30.6186666666668,0.823154439083152,54.7683517067433,30.8608000000001,30.4375620203904,-2.04501803282067,-4.92028164165658
"3779288","2008-12-10",10.995819021235,0.814285714285714,0.800000000000002,0.742577030812328,35.0969596786242,26.0337069880427,30.5653333333335,0.834831960474867,55.1712191424677,30.6496000000001,30.7952204176717,-1.2173852221393,-4.17970235775313
"3779287","2008-12-11",10.5936013950804,0.492753623188406,0.702346445824709,0.748868049635317,34.5173084672353,26.2240248660983,30.3706666666668,0.535691532357494,45.5575810187595,30.3232000000001,30.6358576953155,-1.46595220776247,-3.63695232775499
"3779286","2008-12-12",10.2343065948409,0.160714285714286,0.489251207729471,0.663865884518062,34.5173084672353,26.2240248660983,30.3706666666668,0.46495155831558,41.3274214743979,30.0096000000001,30.2417433359401,-2.14946864263361,-3.33945559073072
"3779285","2008-12-15",9.90067570890419,0.160714285714286,0.271394064872328,0.487663906142171,34.5064935577674,26.0855064422328,30.2960000000001,0.30968185265237,41.3274214743979,29.7216000000001,29.9001775578147,-2.67155001665399,-3.20587447591537
"3779284","2008-12-16",9.5908756005344,0,0.10714285714286,0.289262709914888,34.4588219715889,25.8505113617447,30.1546666666668,0.262090369083787,41.3274214743979,29.3888000000001,29.6041538834394,-3.05908600641444,-3.17651678201519
"3779283","2008-12-17",9.30320407133388,0,0.053571428571431,0.144036116862208,34.1823202534754,25.6790130798582,29.9306666666668,0.279223154591169,40.9318452157948,29.1456000000001,29.3262666989808,-3.37860852947415,-3.21693513150698
"3779282","2008-12-18",8.87764824253281,0,2.38697950294409e-15,0.0535714285714323,34.1413128708339,25.4533537958331,29.7973333333335,0.268568584484657,40.1050356455514,28.9536000000001,29.0427644724501,-3.68505952513759,-3.3105600102331
"3779281","2008-12-19",8.63525271175963,0.02,0.00666666666666906,0.0200793650793688,34.0772921133638,25.6240412199698,29.8506666666668,0.281070420125226,40.7494882235869,28.8832000000001,28.8183958761234,-3.84593230274696,-3.41763446873587
"3779280","2008-12-22",8.76913071634785,0,0.00666666666666906,0.00444444444444812,34.052383268082,25.670283398585,29.8613333333335,0.0934193038665576,34.71555251278,28.6976000000001,28.3039430926403,-4.60698066432576,-3.65550370785385
"3779279","2008-12-23",8.89344600632263,0.0546874999999999,0.0248958333333357,0.0127430555555592,34.1564324713452,25.3795675286551,29.7680000000001,0.140570216442238,37.0575354804218,28.5280000000001,27.9327506802882,-5.01182622324514,-3.92676821093211
"3779278","2008-12-24",8.41025387860141,0.26171875,0.105468750000002,0.045677083333337,34.1264153202441,25.4975846797562,29.8120000000001,0.336362531746213,45.0885341487786,28.3792000000001,27.8937172562498,-4.67387418111594,-4.07618940496888
"3779277","2008-12-26",7.81560945963767,0.421875,0.246093750000002,0.125486111111115,34.1409082147763,25.5884251185573,29.8646666666668,0.467494820291074,50.3645977964883,28.3856000000001,28.0785549554165,-3.88787836280096,-4.03852719653529
"3779276","2008-12-29",7.88516348167281,0.305555555555555,0.329716435185187,0.227092978395065,34.1179231318315,25.5087435348354,29.8133333333335,0.374552506678223,46.7101577357394,28.5472000000001,28.0734142946943,-3.57964964697187,-3.94675168662261
"3779275","2008-12-30",7.63389718356633,0.407258064516129,0.378229540023897,0.318013241736364,34.0979541651324,25.4873791682012,29.7926666666668,0.472978962874171,49.7500971661787,28.7408000000001,28.1969590554017,-3.02510848262206,-3.7624230458225
"3779274","2008-12-31",7.2633012685286,0.459677419354839,0.39083034647551,0.366258773894866,34.1100771526351,25.4979228473652,29.8040000000001,0.521210333697197,51.3683857676052,28.8336000000001,28.3733645146815,-2.40988092547765,-3.49191462175353
"3779273","2009-01-02",7.79760176530209,0.560483870967742,0.475806451612905,0.414955446037439,34.1654126440132,25.4905873559871,29.8280000000001,0.688899097360309,54.4091305036412,29.0048000000001,28.6595825793906,-1.62261937115824,-3.11805557163447
"3779272","2009-01-05",8.34737837100568,0.910798122065728,0.643653137462772,0.503429978517064,34.3816009728456,25.4090656938214,29.8953333333335,0.84304685401411,60.2914979153948,29.1936000000001,29.2009715688052,-0.388643494104435,-2.57217315612846
"3779271","2009-01-06",9.55060405973802,0.850393700787402,0.773891897940293,0.631117162338658,34.7836849810111,25.2283150189892,30.0060000000001,0.929147870042157,62.382292068239,29.3920000000001,29.7875086929645,0.801378615711501,-1.89746280176047
"3779270","2009-01-07",11.2428433291855,0.802721088435374,0.85463763709617,0.757394224166413,35.1402002246165,25.0291331087171,30.0846666666668,1.00327691512053,64.2263841763482,29.6096000000001,30.4025075339026,1.91383022618072,-1.13520419617223
"3779269","2009-01-08",12.814208365101,0.85374149659864,0.835618761940474,0.82138276565898,35.5657916935864,24.7955416397472,30.1806666666668,1.0007002288442,65.5888795599129,29.8384000000001,31.0155065293822,2.89483834128574,-0.329195688680637
"3779268","2009-01-09",14.3752438132693,0.920265780730897,0.858909455254973,0.84972195143054,36.1686119275693,24.4687214057643,30.3186666666668,1.01635810797323,67.8729516149234,30.0640000000001,31.6854389921313,3.86827714291316,0.510298877638122
"3779267","2009-01-12",16.7478977851774,0.787234042553191,0.853747106627578,0.84942510794101,37.3923615923806,23.964971740953,30.6786666666668,1.03532369876306,69.4678510194557,30.3072000000001,32.3673804598471,4.74609776799044,1.35745865570859
"3779266","2009-01-13",18.9510764733777,0.803867403314917,0.837122408866337,0.849926323582964,38.4659163432837,23.6700836567166,31.0680000000001,0.95949875283727,70.2219567088397,30.5520000000001,33.0063963985342,5.43864072107214,2.1736950687813
"3779265","2009-01-14",19.796650066695,0.634304207119741,0.741801884329285,0.810890466607735,39.0837906420393,23.8055426912943,31.4446666666668,0.812994003986345,62.4679914470878,30.6592000000001,33.3362102120629,5.49946681423341,2.83884941787172
"3779264","2009-01-15",19.8992910497525,0.531772575250836,0.656648061895167,0.745190785030265,39.3957962968144,24.1668703698526,31.7813333333335,0.700845856190774,58.0317445564775,30.7168000000001,33.4780488504545,5.2232508831235,3.31572971092208
"3779263","2009-01-16",19.9946005340202,0.548494983277592,0.571523921882725,0.656657956035727,39.6365938170661,24.5980728496009,32.1173333333335,0.676613112801846,58.6178318826062,30.7760000000001,33.6276423370606,4.99286625537234,3.65115701981213
"3779262","2009-01-20",18.770096457075,0.221818181818182,0.434028580115539,0.554066854631145,39.6346807520227,25.1199859146442,32.3773333333335,0.541980443968,47.3633481209199,30.8496000000001,33.3359566921192,4.0074768719105,3.7224209902318
"3779261","2009-01-21",17.6330569570544,0.278625954198473,0.349646373098085,0.451732958365451,39.5909961047642,25.6423372285695,32.6166666666668,0.51218755161401,50.5959762694991,31.0400000000001,33.2164957998366,3.42743395882976,3.66342358395139
"3779260","2009-01-22",16.7547215537552,0.164556962025316,0.221667032680659,0.335113995298096,39.3031707593844,26.5501625739492,32.9266666666668,0.478567148286971,49.4193151578378,31.2160000000001,33.0649630265251,2.84753883289637,3.50024663374039
"3779259","2009-01-23",15.9391243935489,0.126168224299066,0.189783713507621,0.253699039762123,38.9229475919926,27.5570524080076,33.2400000000001,0.468326295978218,50.9216281599423,31.4096000000001,32.9923012896551,2.46678919888728,3.29355514676977
"3779258","2009-01-26",15.1817841733573,0.14018691588785,0.14363736740408,0.185029371197455,38.7015713746769,28.22509529199,33.4633333333335,0.443047007222892,51.3460590626663,31.6144000000001,32.9453277843677,2.16953001815996,3.06875012104781
"3779257","2009-01-27",14.2961250745673,0.191588785046729,0.152647975077884,0.162023018663196,38.5769612262692,28.7163721070645,33.6466666666668,0.460110564533369,52.9526600798983,31.8496000000001,32.9632840797854,2.01850783222279,2.8587016632828
"3779256","2009-01-28",14.008549708278,0.233644859813084,0.188473520249223,0.161586287577064,38.2956114148301,29.5257219185036,33.9106666666668,0.511706722953524,54.2828202906962,32.0928000000001,33.0268462024807,1.96404723128276,2.67977077688279
"3779255","2009-01-29",14.2390524769182,0.331775700934579,0.252336448598133,0.197819314641748,38.0953382678208,30.2593283988462,34.1773333333335,0.5913730344872,57.3153304967089,32.4656000000001,33.1939333754832,2.10052811156958,2.56392224382015
"3779254","2009-01-30",14.3664888503764,0.317757009345794,0.294392523364488,0.245067497403949,37.8279458751894,30.9960541248109,34.4120000000001,0.539227787820996,56.7363408385249,32.8112000000001,33.3227422587521,2.15285744676419,2.48170928440896
"3779253","2009-02-02",14.4848226257304,0.382653061224489,0.344061923834956,0.296930298599194,37.7184256295944,31.4402410370726,34.5793333333335,0.537271920975146,57.8073622449894,33.0832000000001,33.4717099575852,2.23468864906624,2.43230515734042
"3779252","2009-02-03",14.4322857175602,0.445859872611465,0.382089981060585,0.340181476086678,37.7103797739049,31.6069535594287,34.6586666666668,0.483834216520422,56.7271172457179,33.2816000000001,33.5741486299072,2.2242994280727,2.39070401148687
"3779251","2009-02-04",14.8185476048657,0.598290598290599,0.47560117737552,0.400584360757022,37.7349118708695,31.6517547957974,34.6933333333335,0.517534754626613,56.7271172457179,33.5296000000002,33.6629288125862,2.18993900608646,2.35055101040679
"3779250","2009-02-05",15.2723728774038,0.769230769230769,0.604460413377613,0.487383857271241,37.7537224646043,31.654277535396,34.7040000000001,0.611922752740574,60.179179901183,33.7712000000001,33.8465383042414,2.32585626559798,2.34561206144503
"3779249","2009-02-06",15.6937820590462,0.854700854700855,0.740740740740743,0.60693411049796,37.7624789699356,31.6535210300647,34.7080000000001,0.654745431649376,61.8192484564736,34.0080000000001,34.0589998636759,2.49709432332383,2.37590851382079
"3779248","2009-02-09",16.3928598729699,0.741071428571428,0.788334350834353,0.711178501650905,37.6815722016153,31.6770944650516,34.6793333333335,0.684417926406855,61.5462638363517,34.2032000000001,34.2377998818524,2.59057704156127,2.41884221936889
"3779247","2009-02-10",16.6228932525026,0.651785714285714,0.749185999186001,0.759420363587034,37.2205513181264,31.9034486818738,34.5620000000001,0.680173313463637,58.7522801369839,34.2944000000001,34.3394265642721,2.53951966996304,2.44297770948772
"3779246","2009-02-11",15.9496502074587,0.386138613861385,0.592998585572844,0.710172978531067,36.5791761717452,32.2101571615884,34.3946666666668,0.528686836345147,52.8137163973229,34.3136000000002,34.3048363557025,2.25663496043784,2.40570915967774
"3779245","2009-02-12",15.3244959513465,0.448979591836734,0.495634639994613,0.612606408251154,36.333929504984,32.2927371616829,34.3133333333335,0.570936160002811,54.5351080546549,34.3136000000002,34.3175248416088,2.08373851726322,2.34131503119484
"3779244","2009-02-13",14.3995296980413,0.275862068965517,0.370326758221214,0.486319994596225,36.2997027345484,32.2856305987852,34.2926666666668,0.533382559024291,52.226796050366,34.2752000000001,34.2805215293943,1.84089143498531,2.24123031195293
"3779243","2009-02-17",13.8798666550229,0,0.241613886934086,0.369191761716639,36.2501603242058,32.2165063424611,34.2333333333335,0.339682166692172,47.6421534011539,34.1648000000001,34.1471186588084,1.45254500855674,2.08349325127369
"3779242","2009-02-18",14.4779627644223,0,0.0919540229885077,0.234631556047937,36.3126169714092,32.0913830285911,34.2020000000001,0.0636347037495899,40.2350348669308,33.9648000000001,33.8341695043006,0.78320642503984,1.82343588602692
"3779241","2009-02-19",16.0802660825254,0,1.9798977272482e-15,0.111189303307533,36.6678670944595,31.5147995722074,34.0913333333335,-0.182700155743866,32.9326649874246,33.6720000000001,33.3016135703939,-0.222660025084453,1.41421670380465
"3779240","2009-02-20",18.3542536549534,0,1.9798977272482e-15,0.030651340996172,37.4382094731072,30.3111238602264,33.8746666666668,-0.279374202637301,27.3656329349268,33.3648000000001,32.5680650943413,-1.52079117240526,0.827215128562668
"3779239","2009-02-23",20.6233030884655,0,1.9798977272482e-15,3.46944695195361e-15,38.0618643843695,29.1741356156308,33.6180000000001,-0.160611218693463,26.2415903862101,33.0816000000002,31.8683230817625,-2.66823086309663,0.128125930230808
"3779238","2009-02-24",23.1900366206377,0,1.9798977272482e-15,3.46944695195361e-15,38.7278224048219,27.866844261845,33.2973333333335,-0.130145822034059,22.9432183730386,32.7280000000002,31.0538800041942,-3.96570506089686,-0.690640267994726
"3779237","2009-02-25",23.8823333817263,0.162962962962963,0.0543209876543229,0.0181069958847771,38.9018380582829,27.196828608384,33.0493333333335,0.0936782434600066,33.1519335562753,32.5712000000001,30.582696003635,-4.51187751812215,-1.45488771802021
"3779236","2009-02-26",23.2883761440876,0.155555555555556,0.106172839506175,0.0534979423868347,38.9004232455508,26.6822434211161,32.7913333333335,0.177693399787366,32.9383225128711,32.3712000000001,30.163669869817,-4.92459366153546,-2.14882890672326
"3779235","2009-02-27",22.7368444234232,0.281481481481481,0.200000000000002,0.120164609053501,38.7270117803509,26.2863215529827,32.5066666666668,0.234205529899578,40.0144418273845,32.2400000000001,29.981847220508,-4.83933701459258,-2.68693052829713
"3779234","2009-03-02",21.8865965732341,0.248148148148148,0.228395061728397,0.178189300411526,38.5314153878788,25.9272512787882,32.2293333333335,0.254366892306077,38.8459785280944,32.0768000000001,29.776267591107,-4.81735949321943,-3.11301632128159
"3779233","2009-03-03",21.7032530325215,0.149377593360996,0.226335740996877,0.218243600908427,38.3695566788867,25.3571099877802,31.8633333333335,0.164167692384333,35.0494758681236,31.8592000000001,29.432765245626,-5.08598252272973,-3.50760956157122
"3779232","2009-03-04",21.313380758431,0.177966101694915,0.191830614401355,0.215520472375545,38.140100586977,24.90656607969,31.5233333333335,0.215621451603786,36.3461667142314,31.6336000000001,29.1670632128759,-5.18229164639539,-3.84254597853605
"3779231","2009-03-05",21.1519256464904,0.135593220338983,0.154312305131633,0.190826220176623,37.8257196638427,24.4769470028242,31.1513333333335,0.215978882133108,35.0888173997859,31.3776000000001,28.8834547844924,-5.31610444426995,-4.13725767168283
"3779230","2009-03-06",22.5470298227681,0,0.104519774011301,0.150220897848098,37.5203071295575,23.7436928704428,30.6320000000002,0.0911912829907424,25.4955303011106,30.9264000000002,28.0989941465601,-6.50935458648143,-4.61167705464255
"3779229","2009-03-09",23.8424837007403,0.0343511450381679,0.0566481217923856,0.105160066978442,37.1597606541732,22.8989060124938,30.0293333333335,0.0491621298387823,27.4002866737243,30.4944000000002,27.4671282603521,-7.31331924633948,-5.15200549298194
"3779228","2009-03-10",23.8500985502351,0.0840707964601772,0.0394739804994504,0.0668806254343806,36.4731963978006,22.452136935533,29.4626666666668,0.142727901781301,29.5552886617711,30.0672000000001,26.9728444923052,-7.77609738542591,-5.67682387147073
"3779227","2009-03-11",23.5104408646442,0.170506912442396,0.0963096179802492,0.0641439067573632,35.6134552590631,22.2718780742705,28.9426666666668,0.213477153883718,33.3881361901936,29.6768000000001,26.6404652266645,-7.85744374030432,-6.11294784523745
"3779226","2009-03-12",22.8272603010641,0.32258064516129,0.19238611802129,0.109389905500331,34.7788911596862,22.2744421736475,28.5266666666668,0.313932891464105,39.8496923126365,29.3392000000001,26.5284031964425,-7.4449837941942,-6.3793550350288
"3779225","2009-03-13",22.1928783491683,0.359447004608295,0.284178187403996,0.190957974468513,33.7685505473503,22.4661161193167,28.1173333333335,0.349236019828286,41.3353633297563,28.9824000000001,26.4739494369169,-6.94273379707552,-6.49203078743814
"3779224","2009-03-16",21.3405422600889,0.377880184331797,0.35330261136713,0.276622305597473,32.6071019349334,22.8502313984003,27.7286666666668,0.389787065503526,42.1053407467646,28.6160000000001,26.4480895119946,-6.42262875403842,-6.4781503807582
"3779223","2009-03-17",20.6588206843263,0.354838709677419,0.364055299539172,0.333845366103434,31.4647013288473,23.271298671153,27.3680000000002,0.378601515362759,41.3743241924519,28.2432000000002,26.3990109103953,-6.00274647131328,-6.38306959886921
"3779222","2009-03-18",20.7821294329165,0.212765957446809,0.31516161715201,0.344173176019439,30.4969437409568,23.5430562590435,27.0200000000002,0.267036782776011,36.3455953759516,27.8272000000002,26.1591427890093,-6.05639567591889,-6.31773481427915
"3779221","2009-03-19",20.8966304137503,0.398936170212766,0.322180279112333,0.33379906526784,29.885564371341,23.7237689619926,26.8046666666668,0.412687785903451,43.358717261172,27.5040000000002,26.1379237504747,-5.60775464696644,-6.17573878081661
"3779220","2009-03-20",21.2040003842963,0.433333333333334,0.348345153664305,0.328562349976218,29.7066427888266,23.6573572111737,26.6820000000002,0.365218243895534,41.9370516450727,27.1520000000002,26.0662005837448,-5.31499368181668,-6.00358976101663
"3779219","2009-03-23",20.9634719932537,0.5,0.444089834515368,0.37153842243067,29.5994153823443,23.624584617656,26.6120000000002,0.455591489736977,43.9173659335247,26.8304000000002,26.0573738392455,-4.90373602819457,-5.78361901445222
"3779218","2009-03-24",20.7401242015712,0.533333333333333,0.488888888888891,0.427107959022856,29.5955765385469,23.6177567947867,26.6066666666668,0.456505881551289,44.9287466854392,26.5472000000002,26.0763906606794,-4.464519574835,-5.51979912652877
"3779217","2009-03-25",19.722096761365,0.606666666666667,0.546666666666669,0.493215130023644,29.4344666290385,23.6468667042952,26.5406666666668,0.574757528559768,47.185314268736,26.3408000000002,26.1515385725888,-3.93499565151502,-5.20283843152602
"3779216","2009-03-26",18.7902512528395,0.652482269503546,0.597494089834517,0.544349881796694,29.2316055326456,23.733727800688,26.4826666666668,0.720206182401846,49.2223019006165,26.2288000000002,26.2700000962436,-3.35340008702661,-4.83295076262614
"3779215","2009-03-27",17.9249661377801,0.862595419847328,0.707248118672516,0.617136291724569,29.070965760163,23.823700906504,26.4473333333335,0.88991742499393,55.0146088762631,26.2480000000002,26.5380000834112,-2.48609003775183,-4.36357861765128
"3779214","2009-03-30",16.6493324342707,0.699115044247788,0.738064244532889,0.680935484346642,28.8290351846779,23.9562981486557,26.3926666666668,0.838071461922757,51.7344039039116,26.2608000000002,26.684933405623,-1.97193242991646,-3.88524938010431
"3779213","2009-03-31",15.7560883494956,0.6,0.720570154698374,0.721960839301261,28.8585870417785,23.9467462915551,26.4026666666668,0.762766390911146,49.7383201186653,26.3200000000002,26.7589422848733,-1.66610400400506,-3.44142030488446
"3779212","2009-04-01",15.1496778337312,0.6484375,0.649184181415931,0.702606193549066,29.0007288186901,23.8806045146435,26.4406666666668,0.906109932075244,53.0544202000341,26.3360000000002,26.9137499802235,-1.20609344372672,-2.99435493265292
"3779211","2009-04-02",14.749926939612,0.634328358208955,0.627588619402987,0.665780985172432,29.2159301515842,23.7947365150827,26.5053333333335,0.896222703711802,53.4435871030882,26.3584000000002,27.0585833161937,-0.809412928947073,-2.55736653191175
"3779210","2009-04-03",14.378729680787,0.776119402985075,0.686295087064678,0.654355962627867,29.5617909765791,23.8635423567545,26.7126666666668,0.927148789459937,57.0833670009602,26.3568000000002,27.2854388740345,-0.268418444195984,-2.09957691436859
"3779209","2009-04-06",14.1251287475759,0.852941176470588,0.754462979221541,0.689448895229737,29.7268546608209,24.2891453391794,27.0080000000002,0.959507215055078,59.2502378050716,26.3888000000002,27.5460470241633,0.294165440906768,-1.62082844331352
"3779208","2009-04-07",13.6563423807635,0.765765765765766,0.798275448407145,0.746344504897789,29.8817573802633,24.6209092864037,27.2513333333335,0.893219235712398,57.6820335557981,26.4608000000001,27.7399074209415,0.658617251796234,-1.16493930429157
"3779207","2009-04-08",13.2901612164062,0.810810810810811,0.809839251015723,0.787525892881471,30.0796799259019,24.8589867407651,27.4693333333335,0.885134041661528,58.6638846453108,26.5312000000001,27.9345864314826,0.991137261124586,-0.73372399120834
"3779206","2009-04-09",13.8681171743677,0.769230769230769,0.781935781935784,0.796683493786218,30.5135932602515,24.8450734064155,27.6793333333335,0.979960684062061,62.4198692068858,26.6496000000001,28.209974907285,1.46346217627105,-0.294286757712462
"3779205","2009-04-13",13.8540647553412,0.656,0.745347193347195,0.779040742099569,30.7990114662213,24.916988533779,27.8580000000002,0.861893636103633,58.6870701908976,26.9088000000002,28.3793115863136,1.66627648384727,0.0978258905994847
"3779204","2009-04-14",15.1657867803334,0.527950310559006,0.651060359929927,0.72611444507097,31.2729546336548,24.8830453663455,28.0780000000002,0.965629981407558,61.3665160942242,27.1760000000001,28.6007367081385,1.95975544074674,0.470211800628935
"3779203","2009-04-15",16.383814374969,0.52317880794702,0.569043039502011,0.655150197593046,31.5483506145899,25.0223160520771,28.2853333333335,0.84242335759345,62.1224051058828,27.4336000000002,28.81397181372,2.20784223830486,0.81773788816412
"3779202","2009-04-16",17.9954460495669,0.623287671232877,0.558138929912969,0.59274744311497,31.8089020007839,25.349764665883,28.5793333333335,0.91811569047679,65.2355750014923,27.6896000000002,29.0894422385573,2.55943786088062,1.16607788270742
"3779201","2009-04-17",19.4919611759792,0.63013698630137,0.592201155160424,0.573127708191803,32.0754828165452,25.5818505167884,28.8286666666668,0.873391432520338,65.4156427349951,27.8944000000002,29.3335166067497,2.81092026397092,1.49504635896012
"3779200","2009-04-20",21.3666045036427,0.712328767123288,0.655251141552513,0.601863742208637,32.3426951707606,25.918638162573,29.1306666666668,0.932125679529583,67.5853826395513,28.1056000000001,29.6090477258497,3.10009247623224,1.81605558241454
"3779199","2009-04-21",23.2675620928852,0.783582089552238,0.708682614325634,0.652044970346192,32.7047063343854,26.1726269989483,29.4386666666668,0.969681986768851,70.568163028465,28.3392000000002,29.9438413624031,3.47652977484583,2.1481504209008
"3779198","2009-04-22",25.3052330104371,0.70945945945946,0.735123438711664,0.699685731529938,33.0105233766615,26.5094766233387,29.7600000000001,0.963515099594234,70.8887043977835,28.5840000000002,30.2446625140827,3.74453220131226,2.46742677698309
"3779197","2009-04-23",27.8231687328428,0.666666666666667,0.719902738559456,0.721236263865586,33.6399292922193,26.600070707781,30.1200000000001,1.07576914148434,75.2440468908883,28.9360000000001,30.6653741788717,4.21580693326529,2.81710280823953
"3779196","2009-04-24",30.7209919791278,0.733333333333334,0.703153153153155,0.719393110141426,34.8380637189118,26.2726029477552,30.5553333333335,1.18235286143017,80.8891000430616,29.3200000000001,31.3233242883555,5.08259026042559,3.27020029867674
"3779195","2009-04-27",33.4118278506782,0.777777777777778,0.725925925925928,0.716327272546181,35.7969367622388,26.0963965710948,30.9466666666668,1.05392104227749,81.7059102990068,29.7360000000001,31.9468810499081,5.77428866754475,3.77101797245034
"3779194","2009-04-28",35.9639218674655,0.786363636363636,0.765824915824917,0.731634664968001,36.58849399459,26.1488393387437,31.3686666666668,0.989607511151798,81.9550832320975,30.1408000000001,32.5032969099203,6.25414202051011,4.2676427820623
"3779193","2009-04-29",38.3337234544822,0.84037558685446,0.801505666998626,0.764418836249825,37.2660166196816,26.3819833803187,31.8240000000001,0.957183462285269,83.0335057684561,30.5584000000001,33.0548573219309,6.66259153353439,4.74663253235672
"3779192","2009-04-30",40.649017210969,0.84037558685446,0.82237160335752,0.796567395393689,37.9024675274318,26.5895324725685,32.2460000000001,0.916691157258377,83.0335057684561,30.9584000000001,33.5328763456735,6.88690797629514,5.1746876211444
"3779191","2009-05-01",42.5204978862626,0.804020100502512,0.828257091403812,0.817378120586654,38.368446913388,26.9275530866123,32.6480000000001,0.853585427378556,80.8774618459072,31.3344000000002,33.920492832917,6.92262571973441,5.5242752408624
"3779190","2009-05-04",44.3586488315684,0.820512820512821,0.821636169289933,0.82408828801709,38.8087889414939,27.2645443918397,33.0366666666668,0.836386960327299,81.2958853343324,31.6672000000002,34.2777604551947,6.89824693092269,5.79906957887446
"3779189","2009-05-05",46.065503280781,0.808988764044944,0.811173895020094,0.820355718571281,39.1590812049164,27.6449187950839,33.4020000000001,0.796272817067448,81.4054275218642,32.0272000000001,34.5927257278354,6.80082059344065,5.9994197817877
"3779188","2009-05-06",47.7898969847352,0.864406779661017,0.831302788072929,0.82137095079432,39.4663528471684,28.1296471528319,33.7980000000001,0.803615538129336,82.5086241085606,32.4192000000002,34.9190289641241,6.73046069119485,6.14562796366913
"3779187","2009-05-07",49.6847460058478,0.832432432432433,0.835275992046133,0.82591755837972,39.8053643817305,28.6399689516031,34.2226666666668,0.835918838713598,83.8500478469204,32.8048000000002,35.2711584355742,6.7077679377161,6.25805595847852
"3779186","2009-05-08",51.9335879773864,0.659663865546218,0.785501025879891,0.817359935332986,40.4166496321855,28.9366837011481,34.6766666666668,0.918410068652456,85.7510611772482,33.2208000000002,35.688337310831,6.79136702221088,6.364718171225
"3779185","2009-05-11",54.0217983795294,0.771186440677966,0.754427579552207,0.791734865826078,40.9375176840465,29.4158156492871,35.1766666666668,0.917473042219696,87.747941892771,33.6496000000002,36.1938923360535,7.00445674287935,6.49266588555587
"3779184","2009-05-12",55.420533954547,0.689320388349514,0.706723564857901,0.748884056763334,41.356061224164,29.8572721091697,35.6066666666668,0.851921113275285,83.102727143589,34.0432000000002,36.5787066912464,6.9901427740398,6.59216126325265
"3779183","2009-05-13",56.9757371080957,0.545454545454546,0.66865379149401,0.709934978634707,41.6730873283909,30.5082460049427,36.0906666666668,0.868060164429101,83.3868632567249,34.4512000000002,36.9282124657468,6.91561828135951,6.65685266687403
"3779182","2009-05-14",56.3031180192097,0.206451612903226,0.48040884890243,0.618595401751448,41.6003381314249,31.2489952019087,36.4246666666668,0.648322139821615,64.6538086973666,34.7744000000002,36.9751174703139,6.36151920050867,6.59778597360096
"3779181","2009-05-15",56.0114930312639,0.407894736842106,0.386600298399961,0.511887646265468,41.5473663891261,32.0953002775409,36.8213333333335,0.750245111006369,69.6944970002361,35.1184000000002,37.1917684742721,6.13660737053683,6.50555025298813
"3779180","2009-05-18",55.7008145952916,0.368055555555556,0.327467301766964,0.398158816356453,41.4146525614575,32.9386807718762,37.1766666666668,0.716690983908672,69.3716476086502,35.4816000000002,37.3741993443691,5.87854472785698,6.3801491479619
"3779179","2009-05-19",55.4123274761744,0.479166666666667,0.418372319688111,0.377479973285013,41.2779549834631,33.7647116832039,37.5213333333335,0.750047361916486,71.6356601610901,35.8480000000002,37.6176394317866,5.74179197908291,6.2524777141861
"3779178","2009-05-20",54.3342955601498,0.347222222222222,0.39814814814815,0.381329256534409,40.9188111412493,34.729188858751,37.8240000000002,0.661991575722098,65.4487364178195,36.1776000000002,37.7272875075484,5.40561096196095,6.08310436374107
"3779177","2009-05-21",51.0446361071191,0,0.275462962962965,0.363994476933076,40.6758265841633,35.1401734158371,37.9080000000002,0.128830310680738,40.603254096547,36.2800000000002,37.1556491732086,4.01942384108613,5.67036825921009
"3779176","2009-05-22",47.9899523293049,0.406392694063927,0.251204972095384,0.308272027735501,40.6568998987164,35.2924334346173,37.9746666666668,0.455012612167756,53.9944907526015,36.5232000000002,37.1348959501141,3.6482881155361,5.26595223047529
"3779175","2009-05-26",45.2160152493008,0.392694063926941,0.266362252663624,0.264343395907325,40.6178972166223,35.4247694500446,38.0213333333335,0.352112246314658,53.5561785666795,36.7424000000002,37.1009098234322,3.29035451980004,4.87083268834024
"3779174","2009-05-27",42.1635073443673,0.506849315068493,0.435312024353122,0.317626416370711,40.6045894687471,35.6074105312532,38.1060000000002,0.513474269017661,56.7099188996501,36.9728000000002,37.2047885136413,3.18724528264369,4.53411520720093
"3779173","2009-05-28",39.3290357183576,0.520547945205479,0.473363774733639,0.391679350583463,40.5990327742737,35.7476338923933,38.1733333333335,0.494503303621061,57.0864994256322,37.2048000000002,37.3108167118224,3.09475837762156,4.24624384128506
"3779172","2009-05-29",37.0127083750658,0.557077625570776,0.528158295281584,0.478944698122783,40.6316445177798,35.8910221488872,38.2613333333335,0.59675241581701,58.1324247618351,37.4016000000002,37.4453744835794,3.05413884268904,4.00782284156585
"3779171","2009-06-01",35.3562919799341,0.497716894977169,0.525114155251143,0.508878741755456,40.6228674041776,36.0971325958227,38.3600000000001,0.567760635488491,55.754360279352,37.4896000000002,37.4926578857689,2.87570475768091,3.78139922478886
"3779170","2009-06-02",34.1166467811512,0.689497716894977,0.581430745814309,0.544901065449013,40.7783209503856,36.247012382948,38.5126666666668,0.822349856543207,61.2671926338752,37.6288000000002,37.757636834333,3.05833040145767,3.63678546012262
"3779169","2009-06-03",33.1145718769316,0.78974358974359,0.658986067205246,0.5885103227569,40.9105936647755,36.4480730018915,38.6793333333335,0.82881266982972,61.6348957727158,37.7680000000002,38.0032852564219,3.18768812683408,3.54696599346491
"3779168","2009-06-04",32.1840737515848,0.851282051282051,0.776841119306874,0.672419310775477,41.0614747912909,36.5998585420427,38.8306666666668,0.821856457341399,63.1421717514584,37.9056000000002,38.2801805555657,3.34905720388998,3.50738423554993
"3779167","2009-06-05",30.9070219786773,0.78974358974359,0.810256410256411,0.748694532256178,41.176132478531,36.6838675214693,38.9300000000002,0.729283003083048,60.5790822681193,38.0240000000002,38.4561564814903,3.33389918559246,3.47268722555843
"3779166","2009-06-08",29.7736351781101,0.861538461538461,0.834188034188035,0.807095187917108,41.2947427929678,36.6532572070325,38.9740000000002,0.798611290359222,62.4920140014945,38.1728000000002,38.6833356172916,3.39730493622088,3.45761076769092
"3779165","2009-06-09",29.5649171274255,0.844036697247706,0.831772916176587,0.825405786873679,41.5280713765648,36.5465952901021,39.0373333333335,0.944848065420183,64.6058939502089,38.3408000000002,38.965557534986,3.53602637175057,3.47329388850285
"3779164","2009-06-10",29.6059206127505,0.860262008733624,0.855279055839932,0.840413335401519,41.8901196803958,36.3938803196045,39.1420000000002,0.973899787779901,66.2692697202925,38.5280000000002,39.2794831969879,3.70547571831763,3.51973025446581
"3779163","2009-06-11",29.0326428672818,0.664335664335664,0.789544790105666,0.82553225404073,42.0055154888584,36.3544845111419,39.1800000000002,0.81498677091293,62.3833870154289,38.6736000000002,39.4662187707228,3.66225605641903,3.54823541485645
"3779162","2009-06-12",28.5003135322038,0.664335664335664,0.729644445801652,0.791489430582418,42.1712864713498,36.4713801953172,39.3213333333335,0.757080250511265,62.3833870154289,38.7984000000002,39.6280562679598,3.58456375107656,3.55550108210048
"3779161","2009-06-15",26.5861437452816,0.258333333333334,0.529001554001555,0.682730263302959,42.202391081202,36.4936089187983,39.3480000000001,0.565162759659973,53.125465551726,38.8240000000002,39.5496487655652,3.15230701816991,3.47486226931436
"3779160","2009-06-16",24.9775562021045,0.141666666666666,0.354778554778556,0.537808184860589,42.2074897470934,36.5045102529069,39.3560000000002,0.467969959062096,50.376307338803,38.7840000000002,39.4070289301565,2.66492438927219,3.31287469330593
"3779159","2009-06-17",23.7149560964194,0.0749999999999998,0.158333333333335,0.34737114737115,42.1872842722082,36.4620490611254,39.3246666666668,0.403701190779687,48.8215757857736,38.7472000000002,39.2407584061356,2.18771996190472,3.08784374702569
"3779158","2009-06-18",22.5425417125689,0.183333333333334,0.133333333333335,0.215481740481743,42.1941350267709,36.4831983065627,39.3386666666668,0.459376191443479,51.4440406061252,38.7264000000001,39.1659906186509,1.89463855327807,2.84920270827616
"3779157","2009-06-19",21.0622768567913,0.0990990990991001,0.119144144144146,0.13693693693694,41.8788509268384,37.1438157398285,39.5113333333335,0.456776104382858,51.010971026324,38.7792000000002,39.0905252028308,1.62717720592371,2.60479760780567
"3779156","2009-06-22",19.6877452049977,0.234234234234235,0.172222222222225,0.14156656656657,41.8265366888612,37.3814633111391,39.6040000000001,0.496100551810832,54.1298512826766,38.8032000000002,39.1051218424533,1.52169342212978,2.3881767706705
"3779155","2009-06-23",19.1879138151556,0.252252252252253,0.195195195195198,0.162187187187191,41.6852596765781,37.7934069900889,39.7393333333335,0.556699645244174,54.5453802634778,38.8320000000001,39.1284389301262,1.43796728096639,2.19813487272967
"3779154","2009-06-24",18.7237846674451,0.279279279279279,0.255255255255257,0.207557557557561,41.6246086947236,38.0060579719434,39.8153333333335,0.466284844583742,55.200945567749,38.8400000000002,39.164647072776,1.38034433590708,2.03457676536516
"3779153","2009-06-25",18.2928076017139,0.279279279279279,0.270270270270272,0.240240240240244,41.5338630895327,38.2488035771342,39.8913333333335,0.431609559638454,55.200945567749,38.8784000000001,39.1960274630726,1.31932179195084,1.89152577068229
"3779152","2009-06-26",17.8926146121064,0.369369369369369,0.309309309309311,0.278278278278281,41.5041374509582,38.3998625490421,39.9520000000001,0.49398678684826,57.5668196507939,39.1328000000001,39.2765571346629,1.33765519557458,1.78075165566075
"3779151","2009-06-29",18.0195037804153,0.414414414414415,0.354354354354356,0.311311311311314,41.4706733055275,38.5919933611394,40.0313333333335,0.577118680884492,58.7401100903183,39.2528000000001,39.3730161833745,1.3768752796224,1.69997638045308
"3779150","2009-06-30",18.8210229395708,0.517241379310345,0.433675054364711,0.365779572676127,41.5132447269074,38.6040886064262,40.0586666666668,0.658579778543093,58.3923572901226,39.3760000000001,39.4512806922579,1.3832760544598,1.63663631525443
"3779149","2009-07-01",19.5652907302152,0.64367816091954,0.525111318214768,0.437713575644613,41.5630026681676,38.606330665166,40.0846666666668,0.696842936723794,61.1191316629785,39.4768000000001,39.5777765999569,1.46083039668705,1.60147513154095
"3779148","2009-07-02",20.6649340046345,0.644444444444444,0.601787994891445,0.520191455823642,41.6364999908617,38.5968333424719,40.1166666666668,0.759896920084424,61.6117341273185,39.5760000000001,39.6980730532959,1.52016618518029,1.58521334226882
"3779147","2009-07-06",21.686031330881,0.677777777777779,0.655300127713923,0.59406648027338,41.7319130410609,38.6040869589394,40.1680000000001,0.761736632783377,62.3816379029884,39.6672000000001,39.8183299795232,1.57257890914784,1.58268645564462
"3779146","2009-07-07",23.3455026768914,0.735042735042735,0.685754985754988,0.647614369453453,42.0091225549708,38.4922107783628,40.2506666666668,1.00119729428259,68.1196837469571,39.8192000000001,40.0558859822534,1.79416406669455,1.62498197785461
"3779145","2009-07-08",24.2906669368944,0.613207547169811,0.675342686663443,0.672132600044119,42.0692676026982,38.4653990639687,40.2673333333335,0.866088085387902,63.9197369860914,39.8880000000001,40.2084345179529,1.86568427459595,1.67312243720288
"3779144","2009-07-09",25.1683194640401,0.669811320754716,0.672687200989089,0.677928291135841,42.0469399616422,38.4770600383581,40.2620000000001,0.886007381092019,65.3020638236057,39.9616000000001,40.3726432488926,1.94665468285224,1.72782888633275
"3779143","2009-07-10",26.1010929997557,0.68131868131868,0.65477918308107,0.667603023577868,42.2006196169213,38.4127137164123,40.3066666666668,0.908317077374778,66.6769613337523,40.0256000000001,40.5469574823735,2.03374012837942,1.78901113474208
"3779142","2009-07-13",25.3488931588113,0.359550561797753,0.570226854623718,0.63256441289796,42.2134122513724,38.4119210819612,40.3126666666668,0.656254473186601,55.6039915534728,40.0640000000001,40.5486964847237,1.85782197876601,1.80277330354687
"3779141","2009-07-14",24.6504218779343,0.430232558139535,0.490367267085324,0.571791101596705,42.2841749394848,38.4731583938488,40.3786666666668,0.673532002659631,57.7622607810282,40.0928000000001,40.5928702867606,1.76168092169697,1.79455482717689
"3779140","2009-07-15",24.9938830591197,0.593023255813952,0.460935458583748,0.507176526764264,42.4271437087502,38.5928562912501,40.5100000000001,0.836438002563955,61.3072432995225,40.1184000000001,40.7058209151925,1.77581939264027,1.79080774026957
"3779139","2009-07-16",24.7804553179691,0.407894736842105,0.477050183598532,0.476117636422536,42.4383921358184,38.8576078641818,40.6480000000001,0.747245649604173,57.5892266709184,40.1072000000001,40.7503781265002,1.68783182994312,1.77021255820428
"3779138","2009-07-17",23.6208805657278,0.0972222222222225,0.366046738292761,0.434677460158348,42.3793457590024,39.0886542409979,40.7340000000001,0.52816024114066,50.9359087350549,40.0896000000001,40.6823277096335,1.44299503525076,1.70476905361357
"3779137","2009-07-20",22.5441325815036,0.222222222222222,0.242446393762184,0.361847771884494,42.3231707050027,39.3034959616643,40.8133333333335,0.526492919535901,53.5372602572135,40.0864000000001,40.6713506816824,1.30536741782579,1.62488872645602
"3779136","2009-07-21",22.4137388115709,0.215384615384613,0.178276353276354,0.262256495110434,42.3171650873055,39.4855015793614,40.9013333333335,0.657269157187579,54.9657923049602,40.1568000000001,40.6885039241247,1.22189842576079,1.54429066631697
"3779135","2009-07-22",23.945276101573,0.475806451612903,0.304471096406581,0.241731281148374,42.8146476152902,39.3386857180434,41.0766666666668,1.18757945876592,65.3048532319843,40.3216000000001,40.9433700675747,1.49401039691219,1.53423461243602
"3779134","2009-07-23",25.7022392256918,0.75,0.480397022332507,0.321048157338481,43.6878407226887,39.0001592773116,41.3440000000001,1.28844948042379,72.6641911749366,40.5776000000001,41.4255873918981,2.06545590402705,1.64047887075422
"3779133","2009-07-24",24.1818972748427,0.0972222222222214,0.441009557945043,0.408625892228044,43.7241126244895,39.2292207088442,41.4766666666668,0.687620380903447,50.5238995389064,40.6624000000001,41.342175739645,1.76174034510854,1.66473116562509
"3779132","2009-07-27",22.7701511776257,0.652777777777778,0.500000000000001,0.473802193425851,44.1453097440346,39.2466902559657,41.6960000000001,1.03566111970747,61.3244561881544,40.8784000000001,41.6965523076924,2.11803895646112,1.75539272379229
"3779131","2009-07-28",21.7697410649386,0.652777777777778,0.467592592592593,0.469534050179213,44.5477158096197,39.2682841903806,41.9080000000001,0.989699179720746,61.3244561881544,41.0704000000001,42.0036786666667,2.36825336238042,1.87796485150992
"3779130","2009-07-29",21.1450606915377,0.805555555555556,0.703703703703705,0.557098765432101,45.076730331278,39.2126030020556,42.1446666666668,1.03011581982118,63.8418921553914,41.2944000000002,42.3871881777778,2.69885737080791,2.04214335536952
"3779129","2009-07-30",21.5717566307528,0.690721649484536,0.716351660939291,0.629215985745198,45.8155558109165,39.0471108557505,42.4313333333335,1.08634836996606,65.8031838317382,41.5424000000001,42.8155630874074,3.05528641662709,2.24477196762103
"3779128","2009-07-31",22.2269655245442,0.880382775119617,0.792219993386571,0.73742511934319,46.8506760624825,38.7146572708512,42.7826666666668,1.13306966202739,70.5773776824619,41.8704000000001,43.4534880090864,3.65931412990155,2.52768040007714
"3779127","2009-08-03",24.3622857891379,0.577844311377245,0.716316245327134,0.741629299884333,48.233422079441,38.2172445872259,43.2253333333335,1.1603983078183,71.352653025839,42.1968000000001,44.0543562745416,4.14154979910284,2.85045427988228
"3779126","2009-08-04",26.6362854416141,0.796747967479675,0.751658351325514,0.753398196679741,50.3083423039581,37.2409910293756,43.7746666666668,1.20598341924714,78.271912828529,42.6768000000001,45.113775437936,5.17256641654937,3.3148767072157
"3779125","2009-08-05",29.1419149660249,0.754716981132075,0.709769753329666,0.725914783327439,52.3397855811684,36.4935477521652,44.4166666666668,1.13169568120949,79.6355080389317,43.2000000000001,46.1706053795446,6.06414089038592,3.86472954384974
"3779124","2009-08-06",31.4685709529779,0.893975903614458,0.81514695074207,0.758858351799085,54.3972725766161,35.8680607567176,45.1326666666668,1.08433858053831,82.3831208522313,43.8016000000001,47.406524662272,7.05915614962849,4.50361486500549
"3779123","2009-08-07",34.0731229561032,0.803347280334728,0.817346721693755,0.780754475255165,56.4664203583745,35.3549129749591,45.9106666666668,1.04485293057296,83.1189668201597,44.4288000000001,48.5736547073024,7.82994799527297,5.16888149105899
"3779122","2009-08-10",34.6030820526468,0.6375,0.77827439464973,0.803589355695186,57.6870623170043,35.5796043496627,46.6333333333335,0.894738584578925,69.5600602052475,44.9264000000001,49.1691674129954,7.80875360582873,5.69685591401294
"3779121","2009-08-11",32.6603843194894,0.333333333333334,0.591393537889355,0.729004884744281,57.8631502482491,36.2461830850846,47.0546666666668,0.611579019470868,52.3469648216737,45.1504000000001,48.9066117579293,6.75801416372168,5.90908756395469
"3779120","2009-08-12",30.8564507101289,0.347916666666667,0.439583333333335,0.603083755290807,57.9424175010072,36.8429158323264,47.3926666666668,0.555325161307763,52.948146354212,45.4016000000001,48.7163968568721,5.90430175893579,5.90813040295091
"3779119","2009-08-13",29.2065870987605,0.3625,0.347916666666668,0.459631179296453,58.079056674852,37.5662766584817,47.8226666666668,0.61264522238441,57.708929296014,45.7360000000001,48.8608772759558,5.5465840132332,5.83582112500737
"3779118","2009-08-14",27.7149032739996,0.3675,0.359305555555557,0.382268518518521,58.0741274982604,38.5112058350732,48.2926666666668,0.59886048890331,57.867239258604,46.0640000000001,48.9967603058284,5.21503571612074,5.71166404323004
"3779117","2009-08-17",27.1441743324421,0,0.243333333333334,0.316851851851854,57.7973705729169,39.2746294270834,48.5360000000002,0.350130173598816,43.8226262089468,46.1824000000001,48.2665255983846,3.85695310597796,5.34072185577962
"3779116","2009-08-18",26.614211743853,0.0655339805825242,0.144344660194176,0.248994516361023,57.5204821160209,39.9861845506461,48.7533333333335,0.325484882494366,46.2100497958349,46.3312000000001,47.7776555186,2.92118174632119,4.85681383388794
"3779115","2009-08-19",26.0262822880237,0.0898058252427183,0.0517799352750819,0.146485976267532,57.4072181203769,40.3567818796234,48.8820000000001,0.333318047710282,47.1066321500859,46.4736000000001,47.4073014494533,2.21876449177554,4.32920396546546
"3779114","2009-08-20",25.4803477933251,0.223300970873786,0.126213592233011,0.107446062567424,57.3740500157794,40.6326166508876,49.0033333333335,0.408211762208525,51.8594130982549,46.7200000000001,47.3796612561929,2.01333481647641,3.86603013566765
"3779113","2009-08-21",25.2038264740721,0.177184466019417,0.163430420711975,0.113807982740024,57.0942400460865,41.3710932872471,49.2326666666668,0.352065236324751,50.1818874653443,46.9680000000001,47.2543730887005,1.70120393589024,3.43306489571217
"3779112","2009-08-24",25.3969618646776,0.0825242718446602,0.161003236245956,0.150215749730315,57.021166233603,41.5628337663973,49.2920000000002,0.255126670915901,46.8330814527978,47.1392000000001,46.9377900102071,1.17228228433952,2.98090837343764
"3779111","2009-08-25",25.1695652287138,0.162621359223301,0.140776699029127,0.155070118662354,56.9150403302236,41.88629300311,49.4006666666668,0.318081977127415,49.88084159088,47.3552000000002,46.8394180088462,0.968633861386636,2.57845347102744
"3779110","2009-08-26",24.9584112096046,0.211165048543689,0.152103559870551,0.151294498381879,56.8435039612301,42.1524960387702,49.4980000000001,0.34357778498731,51.6883964474256,47.5312000000002,46.860828941,0.934591065650081,2.24968098995197
"3779109","2009-08-27",24.5121675540757,0.20631067961165,0.193365695792881,0.162081984897521,56.8226928900222,42.2639737766447,49.5433333333335,0.346369268529151,51.4884185707068,47.6256000000002,46.8687184155333,0.883557125659706,1.97645621709351
"3779108","2009-08-28",23.3428769577249,0.362595419847328,0.26002371600089,0.201830990554775,56.823816557418,42.2775167759157,49.5506666666668,0.398897541728311,52.4784169443437,47.8864000000002,46.9288892934622,0.901584167568403,1.76148180718849
"3779107","2009-08-31",21.8334293014719,0.718918918918919,0.429275006125967,0.294221472639914,56.8008445156105,42.2564888177232,49.5286666666668,0.491153498350876,56.1412223960232,48.0800000000002,47.1837040543339,1.16291584871036,1.64176861549287
"3779106","2009-09-01",20.3518688482857,0.845744680851064,0.642419673205772,0.443906131777544,56.498951338889,42.2850486611114,49.3920000000002,0.561535996586918,58.4982455231832,48.3152000000002,47.5432101804227,1.52705238464164,1.61882536932262
"3779105","2009-09-02",19.5184670345327,0.632978723404255,0.732547441058081,0.601414040129941,55.8504025604398,42.4082641062272,49.1293333333335,0.50327328870698,53.7154899267628,48.4512000000002,47.641448823033,1.52408653140905,1.59987760173991
"3779104","2009-09-03",18.744593921762,0.686170212765957,0.72163120567376,0.698866106645872,54.7348816984631,42.8397849682039,48.7873333333335,0.527966705459423,54.7123626297926,48.5744000000002,47.7799223132953,1.57073398463194,1.59404887831831
"3779103","2009-09-04",18.0259974599036,0.732919254658385,0.6840227302762,0.712733792336015,52.8648197607748,43.9231802392255,48.3940000000002,0.62890999059944,56.3329143890431,48.6432000000002,47.9852660048559,1.69502467735763,1.61424403812618
"3779102","2009-09-08",16.7629349965154,0.70886075949367,0.709316742306005,0.704990226085323,51.363786162936,44.8855471703976,48.1246666666668,0.785365616920864,56.437834177634,48.6992000000002,48.1685638708751,1.77829244929568,1.64705372036008
"3779101","2009-09-09",15.5900912805122,0.80379746835443,0.748525827502163,0.713955100028124,51.4877578648001,44.8415754685335,48.1646666666668,0.816271789528467,58.065447206057,48.6176000000002,48.4074220214251,1.92089893041631,1.70182276237133
"3779100","2009-09-10",14.5010221156521,0.810126582278481,0.774261603375528,0.744034724394567,51.6947396289288,44.8052603710716,48.2500000000002,0.792716850024126,58.1776345099408,48.4960000000002,48.6197657519018,2.01545792824236,1.76454979554553
"3779099","2009-09-11",13.7262946075036,0.734177215189873,0.782700421940929,0.768495950939541,51.6599584305089,44.8173749028248,48.2386666666668,0.743767575982283,56.2334721766042,48.2592000000002,48.7397969849815,1.98671995640676,1.80898382771778
"3779098","2009-09-14",13.3349777662,0.552,0.698767932489452,0.751909985935304,51.5406421401561,44.8540245265109,48.1973333333335,0.679861738199631,53.9675717739656,47.9712000000002,48.769157386984,1.84960612581779,1.81710828733778
"3779097","2009-09-15",12.9716121278467,0.579439252336448,0.621872155842108,0.701113503424164,51.5988896206432,45.1877770460237,48.3933333333335,0.700693195087574,55.4853158468324,47.8256000000002,48.8532697353861,1.79283615551,1.81225386097222
"3779096","2009-09-16",12.5139596899196,0.598130841121494,0.576523364485981,0.632387817605848,51.604378700179,45.5916212998213,48.5980000000001,0.697690774385112,55.7708546940045,47.9168000000002,48.936833770668,1.74062888911004,1.79792886659979
"3779095","2009-09-17",12.0889967118444,0.587628865979381,0.588399653145775,0.595598391157956,51.5830699543013,45.980930045699,48.7820000000002,0.667436018254292,56.22445093823,48.0016000000002,49.0252559345789,1.69907705013683,1.7781585033072
"3779094","2009-09-18",11.4293813294977,0.506849315068492,0.56420300738979,0.57637534167385,51.6809849285049,46.129681738162,48.9053333333335,0.685181742872226,56.8597338059177,48.0000000000002,49.1232218099684,1.67277288323315,1.75708137929239
"3779093","2009-09-21",11.1863529596542,0.342465753424657,0.478981311490844,0.543861324008804,51.6711249495355,46.4075417171315,49.0393333333335,0.60398492987888,54.3132144241488,47.9760000000001,49.1441255686393,1.55492410243769,1.71664992392145
"3779092","2009-09-22",11.8320000957205,0,0.283105022831051,0.442096447237229,51.2866233831128,47.1280432835542,49.2073333333335,0.418081013588512,48.1237251183692,48.1552000000001,48.9915754928207,1.23690843995994,1.62070162712915
"3779091","2009-09-23",12.4315295792106,0.5125,0.284988584474887,0.349024972932261,51.0960280874985,47.6306385791684,49.3633333333335,0.622160389853889,55.1724824802537,48.3568000000002,49.0780320937779,1.24052393682637,1.54466608906859
"3779090","2009-09-24",12.5569680519042,0.3875,0.300000000000001,0.289364535768647,50.9092652279857,48.0640681053479,49.4866666666668,0.563264509361297,53.271240415605,48.5264000000002,49.0996278146076,1.16399105844871,1.46853108294461
"3779089","2009-09-25",12.8490840499936,0.3125,0.404166666666667,0.329718417047186,50.6065622226842,48.5641044439828,49.5853333333335,0.350506905691037,52.1109157408184,48.5984000000002,49.0863441059932,1.05174471065002,1.3851738084857
"3779088","2009-09-28",13.2696027593367,0.277777777777777,0.325925925925926,0.343364197530866,50.4320186575375,48.8359813424628,49.6340000000001,0.136182273946646,51.1118100857382,48.6928000000002,49.0481648918608,0.919319954462128,1.29200303768098
"3779087","2009-09-29",13.1037691213949,0.542857142857144,0.377711640211641,0.369268077601413,50.4405338276598,48.8581328390071,49.6493333333335,0.536231861420925,54.4942940936689,48.8784000000001,49.1110762396127,0.922173518003988,1.21803713374558
"3779086","2009-09-30",12.619633564607,0.522388059701492,0.447674326778805,0.383770630972125,50.3631697989282,48.8821635344054,49.6226666666668,0.574723969315684,53.8258636310619,49.0064000000001,49.1495994076643,0.894260945838754,1.15328189616422
"3779085","2009-10-01",12.1700791190183,0.553846153846153,0.539697118801597,0.455027695264016,50.3639011468705,48.9387655197965,49.6513333333335,0.56689421801132,54.0282863826059,49.1040000000001,49.1883194866424,0.868606507779557,1.09634681848729
"3779084","2009-10-02",12.3422214123683,0.307692307692306,0.461308840413318,0.482893428664574,50.3489714810698,48.9736951855972,49.6613333333335,0.25180744810542,50.2337330430329,49.1792000000001,49.1365435550901,0.734727387734813,1.02402293233679
"3779083","2009-10-05",12.5020678276218,0.461538461538462,0.441025641025641,0.480677200080186,50.3495132450395,48.9758200882942,49.6626666666668,0.434968495042127,52.4800949886916,49.2544000000002,49.1450044144114,0.686431569235579,0.956504659716548
"3779082","2009-10-06",12.6504966417858,0.815384615384614,0.528205128205128,0.47684653654803,50.3853133580221,48.9613533086449,49.6733333333335,0.860497005205813,57.2587374195781,49.3056000000001,49.2750038258232,0.789868603500876,0.923177448473414
"3779081","2009-10-07",11.8866497585612,0.592105263157894,0.623009446693658,0.530746738641477,50.3740856188015,48.9672477145322,49.6706666666668,0.885735033879661,55.1801943348015,49.3024000000001,49.3450033157135,0.809711942877867,0.900484347354304
"3779080","2009-10-08",11.1749036961512,0.853658536585365,0.753716138375958,0.634976904424916,50.5721804940256,48.8384861726414,49.7053333333335,1.22369543534338,60.0595744960469,49.4032000000001,49.5390028736183,0.977006156087934,0.91578870910103
"3779079","2009-10-09",10.833579217714,0.842696629213483,0.762820142985581,0.713181909351733,50.8490567547089,48.6896099119581,49.7693333333335,1.15634092271874,60.9746484415773,49.4960000000001,49.7338024904692,1.12796174662011,0.958223316604846
"3779078","2009-10-12",10.9958032100302,0.6125,0.769618388599617,0.762051556653719,51.0832825524481,48.6327174475522,49.8580000000002,1.03674694490072,59.2212249591347,49.5536000000001,49.8706288250733,1.19398702143925,1.00537605757173
"3779077","2009-10-13",10.9798905992673,0.575000000000001,0.676732209737828,0.736390247107676,51.2125644678499,48.6207688654838,49.9166666666668,0.861396811465916,58.3182070478002,49.6048000000002,49.9732116483969,1.21240398698479,1.04678164345434
"3779076","2009-10-14",11.6773222601026,0.750000000000001,0.645833333333335,0.697394643890261,51.4561806969682,48.5438193030322,50.0000000000002,0.999022317889271,61.2850156571485,49.6544000000002,50.1367834286106,1.30171852576044,1.09776901991556
"3779075","2009-10-15",12.4041517161092,0,0.441666666666668,0.588077403245945,51.4590451593842,48.5089548406161,49.9840000000002,0.302039959154862,43.110184263205,49.5792000000001,49.8678789714626,0.865835076236232,1.05138223117969
"3779074","2009-10-16",13.079064782401,0.793814432989692,0.514604810996565,0.534034936998857,51.6674603848585,48.4525396151418,50.0600000000002,0.933395854248678,56.8812351834203,49.6464000000001,50.0454951086009,1.00611632455998,1.04232904985575
"3779073","2009-10-19",13.7352733080694,0.783505154639174,0.525773195876289,0.494014891179842,51.8204131338337,48.4689201995,50.1446666666668,0.838754506000136,56.6893118842195,49.7344000000002,50.1940957607874,1.09732829282048,1.0533288984487
"3779072","2009-10-20",14.7544232933768,0.639175257731959,0.738831615120276,0.593069873997711,51.8335392968236,48.6504607031767,50.2420000000002,0.679490803171959,53.9450653485087,49.7824000000001,50.2482163260158,1.06688384029656,1.05603988681827
"3779071","2009-10-21",16.6330478051829,0.237113402061856,0.553264604810997,0.605956471935855,51.8337734845963,48.6475598487374,50.2406666666668,0.349141733229299,47.1043130016243,49.7648000000001,50.0871208158803,0.782942701018485,1.00142044965831
"3779070","2009-10-22",18.3774848518599,0.587628865979381,0.487972508591066,0.593356242840781,51.8615656907112,48.7091009759558,50.2853333333335,0.587127594285478,52.7318660263311,49.7968000000001,50.1288380404296,0.767989003007652,0.954734160328181
"3779069","2009-10-23",20.0422302885,0.567010309278351,0.463917525773197,0.501718213058421,51.8503854733413,48.8349478599923,50.3426666666668,0.527856653252572,52.378852718754,49.8192000000001,50.1543263017057,0.734724406879828,0.91073220963851
"3779068","2009-10-26",21.8566521569732,0.443298969072166,0.532646048109967,0.494845360824745,51.7882003038548,48.9944663628122,50.3913333333335,0.369469794059647,50.2070586135647,49.8416000000001,50.1124161281449,0.62390522636806,0.85336681298442
"3779067","2009-10-27",23.5638924517841,0.432989690721649,0.48109965635739,0.492554410080186,51.7806806965906,49.0246526367431,50.4026666666668,0.329706620127993,50.0209279823433,49.9136000000001,50.0707606443923,0.523600156613679,0.787413481710272
"3779066","2009-10-28",25.265608755639,0.381443298969073,0.419243986254297,0.477663230240552,51.7794701822369,49.0285298177635,50.4040000000002,0.265898233085301,49.0419443317745,49.9120000000001,50.0079925584733,0.407142322865583,0.711359249941334
"3779065","2009-10-29",27.0955344583543,0.268041237113402,0.360824742268042,0.420389461626577,51.7983733532683,48.9802933133987,50.3893333333335,0.16785897250686,46.8686741237802,49.9088000000001,49.8949268840102,0.240886167283372,0.617264633409742
"3779064","2009-10-30",30.1692346677233,0,0.216494845360826,0.332187857961056,52.3913678301459,48.1139655031878,50.2526666666668,-0.357062235388847,32.7865320502369,49.7568000000001,49.2689366328088,-0.530865456157392,0.387638615496315
"3779063","2009-11-02",33.0233848621374,0.14792899408284,0.138656743732082,0.238658777120318,52.7195731721747,47.5084268278257,50.1140000000002,-0.135944527559444,37.8636936264362,49.6528000000001,48.8597450817677,-0.974050913012192,0.115300709794614
"3779062","2009-11-03",34.1600405519153,0.248520710059172,0.132149901380672,0.162433830157861,52.8026650876359,47.1733349123644,49.9880000000002,0.0876359600418099,41.1207163917684,49.5472000000001,48.5957790708653,-1.20203764392774,-0.148166960949858
"3779061","2009-11-04",34.7742695793939,0.532544378698224,0.30966469428008,0.193490446464279,52.7710926345576,47.0915740321094,49.9313333333335,0.350104666799309,49.2151511053118,49.5232000000001,48.6230085280833,-1.05215118245917,-0.328963805251721
"3779060","2009-11-05",34.1752375438435,0.677215189873417,0.486093426210272,0.309302673957009,52.6796568067122,47.0790098599548,49.8793333333335,0.507261065918472,51.7453548879009,49.5248000000001,48.7372740576722,-0.811123190002916,-0.42539568220196
"3779059","2009-11-06",33.6189935108324,0.774834437086093,0.661531335219245,0.4857631519032,52.5685583109152,47.0887750224184,49.8286666666668,0.562897864481251,53.2217449576627,49.5680000000001,48.8896375166492,-0.547864094770589,-0.449889364715686
"3779058","2009-11-09",32.9799582256056,0.846666666666666,0.76623876454206,0.637954508657193,52.4820142195393,47.1059857804611,49.7940000000002,0.627603491643258,54.7138921609792,49.6112000000001,49.075019181096,-0.270698978212691,-0.414051287415087
"3779057","2009-11-10",33.2641055377795,0.612676056338028,0.744725720030263,0.724165273263857,52.3647369115989,47.0499297550681,49.7073333333335,0.389491129962864,48.1040114637017,49.5536000000002,49.0223499569499,-0.310971103466373,-0.393435250625344
"3779056","2009-11-11",33.5279566133695,0.683098591549295,0.71414710485133,0.741703863141219,52.1373441933558,47.0626558066445,49.6000000000002,0.442196779195026,49.7387707346785,49.5248000000001,49.0300366293566,-0.273919696743663,-0.369532139849008
"3779055","2009-11-12",34.5917803861756,0.352112676056338,0.549295774647888,0.669389533176495,52.1457988310235,46.9408678356435,49.5433333333335,0.254719770963332,42.8988888146529,49.3808000000002,48.7860317454424,-0.548533752165337,-0.405332462312274
"3779054","2009-11-13",35.2791789535739,0.746478873239436,0.593896713615024,0.619113197704748,51.9203287884914,47.0063378781756,49.4633333333335,0.579365226171076,51.4633191844136,49.3184000000002,48.8732275127167,-0.391853854419288,-0.402636740733677
"3779053","2009-11-16",36.7545670425405,0.316901408450704,0.471830985915493,0.538341158059469,51.6839727661195,46.9186939005475,49.3013333333335,0.235307550950197,43.7633200505956,49.1680000000002,48.6234638443545,-0.663943644596598,-0.454898121506261
"3779052","2009-11-17",39.0939728524766,0,0.354460093896714,0.473395931142411,52.1141794711628,45.8338205288376,48.9740000000002,-0.249532530952869,33.2301097848434,48.8304000000002,47.7670019984405,-1.66886216762909,-0.697690930730827
"3779051","2009-11-18",41.4070587628594,0,0.105633802816902,0.310641627543038,52.8263707110546,44.3869626222791,48.6066666666668,-0.233858733715072,31.5276177292415,48.4304000000002,46.8914017319818,-2.62560384213711,-1.08327351301208
"3779050","2009-11-19",43.554924251072,0.0826446280991733,0.0275482093663919,0.162547368693337,53.0105691454725,43.4400975211945,48.2253333333335,-0.0529508061625311,34.4221931919506,48.1856000000002,46.2392148343842,-3.22659481241436,-1.51193777289254
"3779049","2009-11-20",45.5493707758409,0.0867768595041319,0.0564738292011025,0.0632186137947999,53.1059490837722,42.5527175828948,47.8293333333335,-0.00436367914645964,34.5711270929709,47.8192000000002,45.679319523133,-3.6659550602511,-1.94274123036425
"3779048","2009-11-23",46.7285529317687,0.173553719008264,0.114325068870524,0.0661157024793406,53.0174927967974,41.9691738698696,47.4933333333335,0.121058489136951,37.7675032353243,47.4880000000002,45.3060769200486,-3.82945590078394,-2.32008416444819
"3779047","2009-11-24",46.7532399809959,0.227272727272727,0.162534435261709,0.111111111111113,52.7973072891249,41.6026927108754,47.2000000000002,0.220103509465935,39.7303913866991,47.2000000000002,45.0519333307088,-3.82636497390859,-2.62134032634027
"3779046","2009-11-25",46.2932860275167,0.380165289256198,0.260330578512397,0.179063360881544,52.5040364921231,41.4452968412105,46.9746666666668,0.344346337135132,45.0434080297298,47.0336000000002,45.0290088866143,-3.51933061319779,-2.80093838371177
"3779045","2009-11-27",46.0926560256407,0.309917355371901,0.305785123966943,0.242883379247017,52.2252138152868,41.2627861847136,46.7440000000002,0.326315843154112,43.1607822844897,46.7856000000002,44.9184743683991,-3.35963890927476,-2.91267848882437
"3779044","2009-11-30",45.2904489046213,0.337552742616033,0.342545129081378,0.302886943853574,52.1969345424687,41.1550654575316,46.6760000000002,0.368742028891591,43.9034164572965,46.5488000000002,44.8493444526125,-3.16127001680153,-2.9623967944198
"3779043","2009-12-01",44.5455422922463,0.354430379746835,0.333966825911591,0.327432359653305,52.1540066690589,41.0246599976081,46.5893333333335,0.363184541589237,44.5278361839795,46.3376000000002,44.8107651922642,-2.94162241942537,-2.95824191942092
"3779042","2009-12-02",43.6126847628641,0.464135021097046,0.385372714486639,0.353961556493204,52.0492447746961,40.9480885586376,46.4986666666668,0.44186791710939,48.5376812552775,46.1696000000002,44.9159964999623,-2.55089797450323,-2.87677313043738
"3779041","2009-12-03",42.9279571441075,0.421940928270042,0.413502109704642,0.377613883367625,51.7563976053777,40.8876023946226,46.3220000000002,0.42866427986735,47.1266696942151,45.9936000000002,44.9538636333007,-2.28655950432379,-2.75873040521466
"3779040","2009-12-04",41.8892518225471,0.497757847533632,0.461277932300241,0.420050918830509,51.3032996436827,40.9473670229843,46.1253333333335,0.48660992961757,48.8868672563755,45.8528000000002,45.0453484821939,-1.97527546377058,-2.60203941692585
"3779039","2009-12-07",41.1271567718104,0.561111111111111,0.493603295638263,0.456127779214383,50.7290728622721,41.0562604710616,45.8926666666668,0.461472770111257,47.3438171875205,45.8544000000002,45.0713020179014,-1.7795699437912,-2.43754552229892
"3779038","2009-12-08",40.110492517505,0.767605633802817,0.608824864149188,0.521235364029232,50.0158197319703,41.3055136013634,45.6606666666668,0.520588637258454,48.7378071944766,45.8288000000002,45.1364617488479,-1.54931770207801,-2.25989995825474
"3779037","2009-12-09",38.8933532541468,0.819672131147541,0.716129625353824,0.606185928380426,49.5846998196259,41.4473001803745,45.5160000000002,0.587333386360739,50.6715346935952,45.7936000000002,45.2516001823348,-1.27361556445933,-2.06264307949566
"3779036","2009-12-10",38.0065813889229,0.735537190082645,0.774271651677668,0.699742047060228,49.0353581585091,41.659308508158,45.3473333333335,0.579446319883697,48.8668375697223,45.6656000000002,45.2980534913568,-1.11354253394815,-1.87282297038615
"3779035","2009-12-11",37.5338635516824,0.529999999999999,0.695069773743396,0.728490350258297,48.6315408034636,41.7591258632034,45.1953333333335,0.50455929009024,46.2083382051347,45.4864000000002,45.2583130258426,-1.08102015814482,-1.71446240793789
"3779034","2009-12-14",37.2096498562201,0.402298850574712,0.555945346885786,0.675095590768951,47.6463855026119,42.2642811640551,44.9553333333335,0.518208491295451,45.3232095281144,45.2832000000002,45.1972046223969,-1.07861917366107,-1.58729376108252
"3779033","2009-12-15",36.6296171678481,0.34328358208955,0.425194144221421,0.558736421616869,47.1221479288109,42.5191854045228,44.8206666666669,0.61427423039495,47.0702017289234,45.0768000000002,45.186910672744,-1.00814819978223,-1.47146464882247
"3779032","2009-12-16",35.7629054783577,0.298507462686566,0.348029965116944,0.443056485408051,47.1735185110577,42.5771481556093,44.8753333333335,0.60544552096242,46.4705736829442,44.9296000000002,45.1619892497115,-0.962658128131089,-1.36970334468419
"3779031","2009-12-17",35.1017929540965,0.161290322580644,0.267693789118921,0.346972632819096,47.0187841341048,43.0118825325622,45.0153333333335,0.549414739788864,45.4317805525622,44.7584000000002,45.1137240164166,-0.951455323004124,-1.28605374034818
"3779030","2009-12-18",33.0491541071518,0.228571428571429,0.229456404612881,0.28172671961625,46.9594794393228,43.3698538940109,45.1646666666669,0.710421205164316,47.9383714780126,44.6784000000002,45.1252274808944,-0.861227508352169,-1.20108849394898
"3779029","2009-12-21",31.4419268746461,0.0156250000000024,0.135162250384026,0.210770814705277,46.6179156518207,43.983417681513,45.3006666666669,0.471911156951263,45.8950499093501,44.4944000000001,45.0871971501085,-0.84435966272528,-1.12974272770424
"3779028","2009-12-22",29.9495015873194,0.156250000000002,0.133482142857145,0.166033599284685,46.356713547833,44.4606197855007,45.4086666666669,0.530589204580508,48.2696137351656,44.4224000000002,45.102237530094,-0.757914278461036,-1.0553770378556
"3779027","2009-12-23",28.742448830521,0.078125000000001,0.0833333333333361,0.11732590885817,46.1954056336517,44.7445943663487,45.4700000000002,0.378229049740372,47.0345869976517,44.5344000000001,45.0886058594148,-0.716904431113108,-0.987682516507099
"3779026","2009-12-24",27.5254481787193,0.171875000000002,0.135416666666669,0.117410714285718,46.1998948593469,44.7627718073202,45.4813333333335,0.499072220481297,48.7298347718712,44.6960000000001,45.1087917448262,-0.634177370670441,-0.916981487339767
"3779025","2009-12-28",26.1958344420164,0.343750000000001,0.197916666666669,0.138888888888892,46.200132788953,44.8612005443807,45.5306666666669,0.721071679466755,51.777166036122,44.8432000000002,45.184952845516,-0.484420223856497,-0.830469234643113
"3779024","2009-12-29",25.0476451594462,0.312500000000001,0.276041666666669,0.203125000000003,46.2217450096165,44.8955883237172,45.5586666666669,0.67192538590957,51.181517467864,44.9856000000001,45.2402924661139,-0.375744339628115,-0.739524255640114
"3779023","2009-12-30",24.2457209306431,0.218750000000001,0.291666666666669,0.255208333333336,46.2152679425656,44.9647320574348,45.5900000000002,0.582631241983374,49.3474207958669,45.0848000000001,45.256253470632,-0.328620920706357,-0.657343588653362
"3779022","2009-12-31",23.3826979761954,0.484375,0.338541666666668,0.302083333333336,46.2724252896364,44.939574710364,45.6060000000002,0.925654114689181,54.3400244863703,45.1904000000001,45.3607530078811,-0.168315599014945,-0.559537990725679
"3779021","2010-01-04",22.4101967622897,0.555555555555556,0.419560185185186,0.349922839506176,46.5214928067813,44.8185071932191,45.6700000000002,1.17919931763075,56.7694021921788,45.2512000000001,45.499319273497,0.0220710632332866,-0.443216179933886
"3779020","2010-01-05",21.5071599208059,0.708333333333335,0.582754629629631,0.44695216049383,46.7327330681745,44.7046002651592,45.7186666666669,1.11205722400802,59.5987663827834,45.3568000000001,45.6780767036974,0.247343641929398,-0.305104215561229
"3779019","2010-01-06",22.3946576434365,0.563636363636364,0.609175084175086,0.537163299663302,47.2286345320029,44.4486988013309,45.8386666666669,1.24869836391147,62.2588622199452,45.4720000000001,45.8916664765377,0.496650482783401,-0.144753275892303
"3779018","2010-01-07",23.5945524011866,0.784,0.685323232323234,0.625750982042651,47.9826562394615,44.0186770938722,46.0006666666669,1.2768288429972,69.3674098365316,45.6384000000001,46.2687776129994,0.933427872607329,0.0708829538076232
"3779017","2010-01-08",23.7810581229263,0.626984126984126,0.658206830206831,0.650901715568385,48.4096932428924,43.8316400904414,46.1206666666669,1.04739425614972,62.980020704922,45.7344000000001,46.4996072645994,1.13819574674521,0.28434551239514
"3779016","2010-01-11",24.0124422406119,0.8203125,0.743765542328043,0.69576520161937,48.974154733775,43.6085119328921,46.2913333333335,1.06942540655714,67.6182642355312,45.8880000000001,46.8383262959862,1.46106975525162,0.519690360966436
"3779015","2010-01-12",24.1736753951829,0.806451612903226,0.751249413295785,0.717740595276887,49.3907327816167,43.582600551717,46.4866666666669,0.955682922134877,67.2691683182653,46.0224000000001,47.1265494565214,1.68747556277049,0.753247401327247
"3779014","2010-01-13",23.12819766828,0.612903225806451,0.746555779569893,0.747190245064575,49.5871739679657,43.7168260320347,46.6520000000002,0.790953793308494,59.3497132110964,46.1344000000001,47.2483428623185,1.68188205823996,0.938974332709789
"3779013","2010-01-14",22.4856321546775,0.669491525423728,0.696282121377803,0.731362438081161,49.8233318531674,43.8180014801663,46.8206666666669,0.816274578643036,61.1946715254602,46.2480000000001,47.4018971473427,1.71827332534307,1.09483413123644
"3779012","2010-01-15",21.466123918395,0.582608695652174,0.621667815627452,0.688168572191717,49.9857671082034,43.9688995584637,46.9773333333335,0.751958346675817,58.3430194996029,46.3296000000001,47.486977527697,1.66613399969231,1.20909410492762
"3779011","2010-01-19",20.5194376989898,0.660869565217391,0.637656595431099,0.651868844145452,50.1218978019201,44.172768864747,47.1473333333335,0.746422630183637,60.3336464664684,46.4416000000001,47.6087138573374,1.66622800135103,1.3005208842123
"3779010","2010-01-20",19.6839015642146,0.678260869565217,0.640579710144928,0.633301373734494,50.275383797419,44.2952828692481,47.2853333333335,0.733217914449653,60.7821420133466,46.5808000000001,47.7248853430258,1.6601278193366,1.37244227123716
"3779009","2010-01-21",18.7984577783287,0.60204081632653,0.647057083703047,0.641764463093025,50.3392479962737,44.5687520037267,47.4540000000002,0.698596446731782,60.0509350567144,46.7248000000001,47.8149006306223,1.62261890105628,1.42247759720099
"3779008","2010-01-22",17.4861497709516,0.460674157303371,0.58032528106504,0.622654024971006,50.3435384290502,44.8391282376169,47.5913333333335,0.613000299463115,56.742878873139,46.8416000000001,47.8449138798727,1.51453249119917,1.44088857600062
"3779007","2010-01-25",16.3215938086495,0.410256410256409,0.490990461295437,0.572790942021176,50.294902886492,45.1864304468417,47.7406666666669,0.605576244113016,57.3057316944461,46.9664000000001,47.881592029223,1.42585114667968,1.43788109013643
"3779006","2010-01-26",16.011530451649,0.328358208955222,0.399762925505001,0.490359555955161,50.2431154799373,45.5408845200631,47.8920000000002,0.630718093584009,57.6027815103903,47.1008000000001,47.9187130919933,1.34669978844137,1.41964482979742
"3779005","2010-01-27",15.7236144772915,0.285714285714287,0.34144296830864,0.410732118369694,50.2156517378146,45.8616815955192,48.0386666666669,0.665672549364991,60.5580869130455,47.2352000000001,48.0042180130608,1.33569317338771,1.40285449851548
"3779004","2010-01-28",16.1634285297985,0.612244897959185,0.408772464209565,0.38332611934107,50.2083359859257,46.228997347408,48.2186666666669,0.793516110615527,64.787381965497,47.4096000000001,48.1636556113194,1.41751435144015,1.40578646910041
"3779003","2010-01-29",16.788384146268,0.729166666666665,0.542375283446713,0.430863571988307,50.1230803558339,46.7062529774998,48.4146666666669,0.850812766915634,66.2489313422421,47.5792000000001,48.3338348631435,1.50419443058953,1.42546806139824
"3779002","2010-02-01",17.5838709349196,0.603773584905662,0.648395049843838,0.53318093250004,50.0273691022391,47.1446308977613,48.5860000000002,0.851748902631797,64.8006621003462,47.7520000000001,48.4653235480577,1.53430795218719,1.44723603955603
"3779001","2010-02-02",18.3225372386675,0.641509433962265,0.658149895178198,0.616306742822918,49.9921819328288,47.4611514005049,48.7266666666669,0.86085433252145,65.344582059178,47.9184000000001,48.5899470749833,1.55292339429147,1.46837351050312
"3779000","2010-02-03",19.0084416635762,0.641509433962265,0.628930817610065,0.645158587544035,49.8857319148928,47.8302680851076,48.8580000000002,0.854502305566033,65.344582059178,48.0672000000001,48.6979541316522,1.54925473655676,1.48454975571385
"3778999","2010-02-04",17.8147184435712,0.169811320754717,0.48427672955975,0.590452480782672,49.8387771363197,47.9718895303473,48.9053333333335,0.479288165745402,53.3853796553158,48.1792000000002,48.6582269140986,1.36477851625212,1.4605955078215
"3778998","2010-02-05",17.7590642198823,0,0.270440251572328,0.461215932914048,49.8772651150269,47.8120682183068,48.8446666666669,0.026437405773054,44.015985659562,48.2576000000002,48.4797966588854,1.02740414095153,1.37395723444751
"3778997","2010-02-08",17.8384268007339,0,0.0566037735849065,0.270440251572329,49.9795939718936,47.5937393614401,48.7866666666669,-0.0532608710592325,43.1106371685914,48.3040000000002,48.3091571043674,0.731110090884757,1.24538780573496
"3778996","2010-02-09",17.7146268857342,0.0810810810810795,0.0270270270270273,0.118023684061422,49.9608445378582,47.4444887954755,48.7026666666669,0.0882935061402627,45.5240139466283,48.3456000000002,48.1932694904517,0.529942074853351,1.10229865955864
"3778995","2010-02-10",17.8855606133919,0,0.0270270270270273,0.0368859425463214,49.9869052032956,47.2384281300381,48.6126666666669,0.0345301054968446,43.5350899421596,48.3600000000002,48.0608335583915,0.326250309511211,0.94708898954915
"3778994","2010-02-11",21.0394293417941,0,0.0270270270270273,0.0270270270270284,50.8653530783634,45.9133135883037,48.3893333333335,-0.407908753358095,21.6422226243697,48.1504000000002,47.258055750606,-0.703553558109637,0.616960480017393
"3778993","2010-02-12",24.3723753157969,0,8.28041339199596e-16,0.0180180180180195,51.9173728075691,44.1372938590979,48.0273333333335,-0.341551014674484,18.5304728610946,47.8192000000002,46.3489816505252,-1.79331026114513,0.134906331784888
"3778992","2010-02-16",28.059405249579,0,8.28041339199596e-16,0.00900900900901069,53.1793575757057,41.885975757628,47.5326666666669,-0.290964727002146,13.9022757510991,47.3792000000002,45.1024507637885,-3.25634747009805,-0.5433444285917
"3778991","2010-02-17",31.4830759023767,0.0121580547112459,0.00405268490374948,0.00135089496791807,53.9639178239217,40.0480821760787,47.0060000000002,-0.141427523713515,14.9660849547781,46.9040000000002,44.0434573286167,-4.37892711455659,-1.31046096578468
"3778990","2010-02-18",33.13341642025,0.182370820668693,0.0648429584599805,0.0229652144545779,54.1031093656699,39.0515573009971,46.5773333333335,0.0700997054081861,28.3193307094397,46.5200000000002,43.4243296848011,-4.82663136852107,-2.01369504633196
"3778989","2010-02-19",34.6658754725609,0.231003039513678,0.141843971631206,0.0702465383316465,54.0817976937188,38.2622023062816,46.1720000000002,0.141035909731517,31.6231798333566,46.2000000000002,42.9730857268276,-5.01606043222657,-2.61416812351088
"3778988","2010-02-22",35.194351718065,0.323170731707317,0.24551486396323,0.150733931351473,53.9315269352365,37.7538063980972,45.8426666666669,0.239394682315009,37.4450901678095,45.9136000000002,42.7420076299173,-4.88964662848514,-3.06926382450573
"3778987","2010-02-23",35.8380608727882,0.29320987654321,0.282461215921402,0.223273350505281,53.7416253178344,37.2290413488327,45.4853333333335,0.236443429558331,36.2270931804039,45.6240000000002,42.4830732792617,-4.82047011131723,-3.41950508186803
"3778986","2010-02-24",36.5204925458762,0.278125,0.29816853608351,0.275381538656048,53.4720164622006,36.7333168711332,45.1026666666669,0.246137188841051,35.5478766507243,45.3104000000002,42.2266635086934,-4.76011751137991,-3.68762756777041
"3778985","2010-02-25",37.3249201542512,0.25752508361204,0.276286653385084,0.285638801796666,53.1130521660108,36.2629478339896,44.6880000000002,0.24947731775693,34.1680954940211,44.9744000000002,41.9404417075343,-4.75345522814883,-3.90079309984609
"3778984","2010-02-26",37.7893839552605,0.341726618705036,0.292458900772359,0.288971363413652,52.5490072411218,35.9923260922119,44.2706666666669,0.304872326910785,38.0522628541236,44.6704000000002,41.7883828131964,-4.56002274294299,-4.03263902846547
"3778983","2010-03-01",37.124843383487,0.381294964028777,0.326848888781952,0.298531480979799,51.8447036726324,35.907296327368,43.8760000000002,0.364720782164057,40.3677766894007,44.3984000000002,41.7152651047702,-4.27356816928546,-4.08082485662947
"3778982","2010-03-02",36.2947143495671,0.475471698113207,0.399497760282341,0.339601849945552,51.0555654905055,35.9697678428282,43.5126666666669,0.421824926936157,44.4345395153465,44.1552000000002,41.7585630908008,-3.84757797260187,-4.03417547982395
"3778981","2010-03-03",34.9965444819407,0.543396226415094,0.46672096285236,0.397689203972219,50.1811347273415,36.1815319393256,43.1813333333335,0.487999659522911,47.8796440863686,43.9392000000002,41.8920880120274,-3.33224338430127,-3.89378906071941
"3778980","2010-03-04",34.2255457706261,0.757575757575757,0.592147894034687,0.48612220572313,49.1830388797358,36.4742944535979,42.8286666666669,0.476761407466333,44.7272841543068,43.6768000000002,41.9064762770904,-3.03489720536408,-3.72201068964835
"3778979","2010-03-05",32.6342752736967,0.738219895287958,0.679730626426271,0.57953316110444,48.2798130448128,36.821520288521,42.5506666666669,0.565978415465488,47.8415834588382,43.4144000000002,42.004279440145,-2.64552341100619,-3.50671323391992
"3778978","2010-03-08",30.8126581769259,0.838383838383838,0.778059830415852,0.683312783625604,47.6222793495949,37.1150539837388,42.3686666666669,0.676830698429436,53.0095730905406,43.1888000000002,42.2437088481257,-2.09071479140721,-3.22351354541738
"3778977","2010-03-09",29.0572345219124,0.895833333333334,0.824145689001711,0.760645381947946,47.0782234249661,37.3884432417009,42.2333333333335,0.760755829222025,56.080007200171,42.9984000000002,42.5525476683756,-1.49044965391307,-2.87690076711652
"3778976","2010-03-10",27.954500700852,0.728682170542635,0.820966447419936,0.807723988945834,46.3388481171539,37.7878185495131,42.0633333333335,0.757668777298012,52.3932033921522,42.7744000000001,42.7188746459255,-1.14651846087704,-2.53082430586862
"3778975","2010-03-11",27.6590371126864,0.4921875,0.705567667958657,0.783559934793436,45.4446437913846,38.2753562086157,41.8600000000002,0.69620731494261,47.1251840245384,42.5024000000001,42.7030246931355,-1.08782443565629,-2.24222433182616
"3778974","2010-03-12",27.3846780665326,0.6875,0.636123223514212,0.720885779630936,45.4403027918662,38.2770305414675,41.8586666666668,0.780318816569903,51.5014582523421,42.3104000000001,42.8226214007174,-0.843145507581611,-1.96240856697725
"3778973","2010-03-15",26.8941602561564,0.8046875,0.661458333333334,0.667716408268736,45.7376780732108,38.2663219267896,42.0020000000002,0.813820760343431,53.9634918122736,42.1856000000001,43.0062718806217,-0.53079299046539,-1.67608545167488
"3778972","2010-03-16",26.8888509259031,0.664062499999999,0.71875,0.672110518949183,45.7359894372801,38.7933438960536,42.2646666666669,0.72882727588968,50.641218451099,42.0368000000001,43.0694356298722,-0.413682766110823,-1.42360491456207
"3778971","2010-03-17",26.883920833525,0.627272727272728,0.698674242424243,0.69296085858586,45.5043363259915,39.6009970073422,42.5526666666669,0.718068666536975,51.0021744807289,41.8816000000001,43.1348442125559,-0.302480908017433,-1.19938011325314
"3778970","2010-03-18",26.8793428906026,0.646464646464645,0.645933291245791,0.687785844556679,45.5371621612168,39.9575045054502,42.7473333333335,0.724506008065178,52.1330926400986,41.7456000000001,43.2235316508818,-0.167721956924094,-0.99304848198733
"3778969","2010-03-19",27.0150394364564,0.5,0.591245791245792,0.64528444163861,45.5435139073532,40.2884860926472,42.9160000000002,0.680906115093451,51.075137262072,41.8080000000001,43.2737274307642,-0.0971812985387288,-0.81387504529761
"3778968","2010-03-22",27.4184045205736,0.375000000000001,0.507154882154883,0.581444654882156,45.5778346253648,40.4394987079689,43.0086666666669,0.591728789419441,48.9361965229369,41.9184000000001,43.2638971066623,-0.114460583216347,-0.673992152881357
"3778967","2010-03-23",27.5227029151402,0.475000000000001,0.450000000000001,0.516133557800226,45.5774485749563,40.7025514250441,43.1400000000002,0.627182170399428,50.7144097733901,42.1792000000001,43.2980441591073,-0.0677834961683499,-0.552750421538756
"3778966","2010-03-24",27.1372767244815,0.43076923076923,0.426923076923078,0.461359319692655,45.5224264179536,41.0735735820468,43.2980000000002,0.660790513806095,51.8431486065871,42.4416000000001,43.354304937893,0.00631495586700392,-0.440937346057604
"3778965","2010-03-25",25.8075313885215,0.642857142857142,0.516208791208792,0.464377289377291,45.4020409022376,41.6206257644295,43.5113333333335,0.823159440438518,55.5689815122877,42.6416000000001,43.493730946174,0.188933434985028,-0.314963189849077
"3778964","2010-03-26",24.1757023618065,0.797468354430379,0.623698242685585,0.522276703605819,45.4091182700903,42.0428817299101,43.7260000000002,0.977486746444472,59.1709722779218,42.8448000000001,43.7105668200174,0.460690407251141,-0.159832470429034
"3778963","2010-03-29",22.8941372629508,0.831578947368421,0.757301481551982,0.632402838482121,45.6290136395955,42.2483196937383,43.9386666666669,1.10184882135214,62.1113154133019,43.0256000000001,43.9838245773484,0.782998513414856,0.0287337263397442
"3778962","2010-03-30",22.4548372621689,0.706896551724138,0.778647951174314,0.719882558470628,45.9631500334191,42.3141832999146,44.1386666666669,1.1014488009757,62.6543838493097,43.2288000000001,44.2366479670353,1.04603453012344,0.232193887096484
"3778961","2010-03-31",22.0469158328713,0.712871287128712,0.750448928740424,0.762132787155574,46.2935429834627,42.3184570165377,44.3060000000002,1.01671838473186,63.5910537750927,43.4496000000001,44.4824282380973,1.27406928327336,0.440568966331859
"3778960","2010-04-01",22.111055758962,0.849056603773585,0.756274814208812,0.761790564707851,46.6717479880801,42.3882520119203,44.5300000000002,1.07974452343467,66.8176273159172,43.7184000000001,44.791437806351,1.56434417372411,0.665324007810309
"3778959","2010-04-05",23.1935716844376,0.671328671328671,0.74441885407699,0.75038086567541,47.2108063486827,42.2851936513176,44.7480000000002,1.09254895705214,67.8406931168694,43.9680000000001,45.0912460988375,1.8133479375755,0.894928793763348
"3778958","2010-04-06",24.8599942671036,0.742857142857142,0.7544141393198,0.751702602535202,48.0524636447969,41.9208696885368,44.9866666666669,1.15453344790318,72.9333358972107,44.2544000000001,45.5324132856592,2.22280973277968,1.16050498156662
"3778957","2010-04-07",26.6556918645009,0.92063492063492,0.778273578273578,0.759035523890124,49.1202076068643,41.4131257264694,45.2666666666669,1.16086404846554,77.8268640998624,44.5792000000001,46.1494248475713,2.81598138576782,1.49160026240686
"3778956","2010-04-08",28.1647729614808,0.9,0.854497354497355,0.795728357363579,49.9657319406967,41.1702680593037,45.5680000000002,1.03724663042841,76.8072337641499,44.8704000000001,46.6681682012285,3.21713153037504,1.83670651600049
"3778955","2010-04-09",29.6624477322213,0.882051282051282,0.900895400895402,0.844555444555446,50.658742325501,41.1892576744994,45.9240000000002,0.971268166234837,76.9157991771463,45.1936000000001,47.1230791077313,3.49339347147382,2.16804390709516
"3778954","2010-04-12",30.1323397535229,0.786096256684492,0.856049179578592,0.870480644990451,51.1661439219597,41.287189411374,46.2266666666669,0.873858724561955,70.8445380085239,45.4640000000001,47.4266685600338,3.55003010919219,2.44444114751456
"3778953","2010-04-13",30.5686680590173,0.802197802197803,0.823448446977859,0.860131009150619,51.6101521063649,41.3978478936354,46.5040000000002,0.83188722767467,71.4162513101626,45.6944000000001,47.7111127520293,3.5774331962612,2.67103955726389
"3778952","2010-04-14",30.7495662470518,0.757575757575757,0.781956605486018,0.820484744014158,51.9302863184674,41.6617136815329,46.7960000000002,0.782155411056049,69.9393061432338,45.8880000000001,47.9362977184254,3.52885544969332,2.84260273574978
"3778951","2010-04-15",29.2613520539416,0.496598639455782,0.685457399743115,0.763620817402332,52.0392647302258,42.0300686031079,47.0346666666669,0.657721623856426,58.8066806953186,46.0576000000001,47.950124689302,3.22389900923046,2.91886199044591
"3778950","2010-04-16",27.8533734475036,0.137404580152671,0.463859659061404,0.643757888096847,52.010205930966,42.3951274023677,47.2026666666669,0.516363187556419,49.1436369511821,46.2128000000001,47.7541080640617,2.68910835966141,2.87291126428901
"3778949","2010-04-19",26.5459647415254,0.2578125,0.297271906536152,0.482196321780225,51.9446155230909,42.8287178102428,47.3866666666668,0.517551754642257,52.9836178827389,46.3568000000001,47.6802269888535,2.35964674585856,2.77025836060292
"3778948","2010-04-20",24.813073560958,0.195121951219512,0.196779677124062,0.319303747573874,51.7912246950558,43.4087753049445,47.6000000000002,0.517496874701028,52.043202016337,46.4704000000001,47.5948633903397,2.04800712363906,2.62580811321015
"3778947","2010-04-21",23.0926764184874,0.0707964601769912,0.174576970465502,0.222876184708573,51.5928848135582,43.9831151864422,47.7880000000002,0.464782113896692,50.5926227216798,46.6032000000001,47.4888816049611,1.74033563223137,2.44871361701439
"3778946","2010-04-22",21.5324579772719,0.0619469026548675,0.109288438017124,0.160215028535564,51.3522236691698,44.5264429974973,47.9393333333335,0.36824461895387,50.340779172471,46.7312000000001,47.3916973909663,1.47273566327795,2.2535180262671
"3778945","2010-04-23",20.4973675552451,0,0.0442477876106201,0.109371065364417,51.1742189020575,44.9124477646095,48.0433333333335,0.303569952813471,47.537554894375,46.8320000000001,47.2488044055041,1.17204676512617,2.03722377403892
"3778944","2010-04-26",19.536212163363,0.0769230769230768,0.0462899931926487,0.066608739606799,51.0469268102643,45.2037398564027,48.1253333333335,0.302847314471282,49.9912382746287,46.9552000000001,47.1729638181036,0.983836482615197,1.82654631575417
"3778943","2010-04-27",18.1984643938151,0.153846153846154,0.0769230769230774,0.0558202859087834,50.971029268041,45.4169707319593,48.1940000000002,0.347438890348591,52.3892941443376,47.1088000000001,47.1552353090231,0.886117476716675,1.63846054794667
"3778942","2010-04-28",16.9562700363777,0.162393162393162,0.131054131054131,0.0847557337232871,50.9191389095173,45.5701944238163,48.2446666666668,0.332116410555251,52.6609225347558,47.2512000000001,47.1452039344867,0.80624578955335,1.47201759626801
"3778941","2010-04-29",16.5325015321651,0.0172413793103445,0.111160231849887,0.106379146609033,50.8713222707938,45.6886777292065,48.2800000000002,0.265885288177239,47.6807205758242,47.3584000000001,47.0458434098885,0.61923187271502,1.30146045155741
"3778940","2010-04-30",16.1390022068247,0.0943396226415091,0.0913247214483391,0.111179694784121,50.8713222707938,45.6886777292065,48.2800000000002,0.255594531613604,50.0735667569693,47.4512000000001,47.0023976219033,0.519912658305799,1.14515089290709
"3778939","2010-05-03",15.3431130622517,0.161616161616162,0.091065721189339,0.0978502248291897,50.8719455689427,45.6707210977244,48.2713333333335,0.350419837808318,51.8521566240826,47.5248000000001,46.9967446056496,0.476949917093084,1.01151069774429
"3778938","2010-05-04",14.6040731422909,0.197674418604651,0.151210067620775,0.111200170086152,50.7984330764918,45.5682335901752,48.1833333333335,0.319637217318101,52.1580622521975,47.5744000000002,46.9971786582296,0.44464885341593,0.898138328878616
"3778937","2010-05-05",15.1428075845422,0,0.119763526740272,0.12067977185013,50.5698012156892,45.3381987843112,47.9540000000002,0.0831742386256861,38.8627430850663,47.5392000000001,46.7308881704657,0.0735442693027721,0.733219516963448
"3778936","2010-05-06",19.552121587965,0,0.0658914728682176,0.112288355743089,53.6181149521551,40.6618850478452,47.1400000000002,-0.513154811516603,11.6587450732077,46.8160000000002,44.2334364144036,-3.22177923721894,-0.057780233873029
"3778935","2010-05-07",23.6464845911434,0.616257088846881,0.205419029615628,0.130358009741374,53.366765808477,40.0972341915233,46.7320000000002,0.160475330751138,44.0256747054764,46.5856000000001,43.8076448924831,-3.49462150839727,-0.745148488777877
"3778934","2010-05-10",25.9339899101144,0.83969465648855,0.485317248445144,0.252209250309664,53.0199855818585,40.0733477514752,46.5466666666668,0.474253289718876,50.8124719017388,46.5280000000001,44.0466255734854,-2.83871179260088,-1.16386114954248
"3778933","2010-05-11",28.058101992016,0.856031128404669,0.770660957913367,0.487132411991381,52.6452831299888,40.0653835366782,46.3553333333335,0.477053340964633,50.8124719017388,46.4160000000001,44.2537421636873,-2.29312947164051,-1.38971481396208
"3778932","2010-05-12",30.0304917823532,0.861867704280155,0.852531163057792,0.702836456472102,52.271213722604,40.0687862773964,46.1700000000002,0.484975667000953,50.9938198417996,46.2384000000001,44.449243208529,-1.81846965806229,-1.47546578278213
"3778931","2010-05-13",31.9653362423856,0.830739299610895,0.849546044098574,0.824246055023246,52.0217171785197,40.0222828214807,46.0220000000002,0.469276329558769,49.9363742133625,46.0400000000001,44.5333441140585,-1.54111160646792,-1.48859494751928
"3778930","2010-05-14",33.9394600704477,0.776264591439689,0.82295719844358,0.841678135199983,51.881331072818,39.8880022605157,45.8846666666668,0.393996624854525,48.058221393347,45.7952000000001,44.456898232184,-1.50715497105919,-1.49230695222726
"3778929","2010-05-17",35.8293133881927,0.75875486381323,0.788586251621271,0.820363164721143,51.7063388984869,39.7469944348468,45.7266666666668,0.387953724882316,47.4405846633389,45.5632000000001,44.3426451345595,-1.52847370067698,-1.49954030191721
"3778928","2010-05-18",37.6105517763856,0.750972762645914,0.761997405966278,0.791180285343711,51.4888952048501,39.6044381284836,45.5466666666668,0.382199078089632,47.1505470502677,45.3184000000001,44.2222924499516,-1.55719933830781,-1.51107210919533
"3778927","2010-05-19",39.4668881288395,0.690661478599222,0.733463035019456,0.76134889753567,51.2954241944759,39.3259091388578,45.3106666666668,0.290244913432108,44.8614511212044,45.0304000000001,43.9526534566247,-1.78755131987993,-1.56636795133225
"3778926","2010-05-20",41.7326299158755,0.486381322957198,0.642671854734112,0.71271076523995,51.4050059526843,38.4323273806494,44.9186666666669,0.059176107315683,38.1122267058403,44.6288000000001,43.1589663290747,-2.72342131806312,-1.79777862467842
"3778925","2010-05-21",43.7844694822374,0.511156186612576,0.562732996056333,0.646289295269968,51.4082978541733,37.6757021458271,44.5420000000002,0.116824079601928,38.3026291805554,44.2928000000001,42.4817708185314,-3.43037944111484,-2.12429878796571
"3778924","2010-05-24",44.8818118493586,0.639917695473251,0.545818401681009,0.583741084157153,51.1692400739524,37.3440932593813,44.2566666666668,0.283727432330132,43.7960315699711,44.0224000000001,42.2095347093939,-3.51142572846302,-2.40172417606517
"3778923","2010-05-25",46.1243781054127,0.565843621399177,0.572305834495002,0.560285744077449,50.890478440414,36.8815215595863,43.8860000000002,0.217847181607335,41.375276572686,43.7008000000001,41.7815967481414,-3.81342523507137,-2.68406438786641
"3778922","2010-05-26",47.0694522188459,0.283898305084746,0.496553207319058,0.538225814498358,50.4883193071156,36.6650140262181,43.5766666666668,0.325174470391937,45.1821591032992,43.4560000000001,41.6347171817225,-3.69004517305984,-2.8852605449051
"3778921","2010-05-27",47.783835083295,0.309322033898305,0.386354653460743,0.485071231758269,50.0728161061316,36.5138505605354,43.2933333333335,0.360362995468454,45.7243847650931,43.2224000000001,41.5394215574929,-3.50635121709324,-3.00947867934273
"3778920","2010-05-28",48.4471906002834,0.324444444444445,0.305888261142499,0.396265373974101,49.6153459481161,36.4033207185509,43.0093333333335,0.373145867429189,45.7243847650931,43.0064000000001,41.4568320164938,-3.3231172284551,-3.0722063891652
"3778919","2010-06-01",49.2088500408262,0.25,0.294588826114251,0.328943913572499,49.0136173164847,36.3130493501823,42.6633333333335,0.33544043025907,44.2031305624234,42.7472000000001,41.2892544142947,-3.2814435678742,-3.114053824907
"3778918","2010-06-02",49.2186742144887,0.372727272727273,0.315723905723907,0.305400330993553,48.3850797192718,36.3775869473952,42.3813333333335,0.43492951874487,47.048931953205,42.5168000000001,41.2880204923887,-3.0035630880442,-3.09195567753444
"3778917","2010-06-03",48.0790567504307,0.50251256281407,0.375079945180448,0.32846422567287,48.026307967004,36.4230253663297,42.2246666666668,0.53579446848162,48.9193745523684,42.3136000000002,41.3829510934035,-2.61245682456138,-2.99605590693983
"3778916","2010-06-04",47.3170966742264,0.381909547738693,0.419049794426679,0.369951215110346,47.0437372943844,38.1975960389493,42.6206666666668,0.422301338686944,46.5578834722616,42.0992000000001,41.3372242809497,-2.46121728573875,-2.88908818269961
"3778915","2010-06-07",46.6095623177511,0.402116402116402,0.428846170889722,0.407658636832284,47.0318649086572,38.1228017580098,42.5773333333335,0.363360118482823,46.5578834722616,41.8720000000001,41.2975943768231,-2.31489710446536,-2.77424996705276
"3778914","2010-06-08",46.1938967220339,0.38,0.388008649951699,0.411968205089368,46.493602827072,38.1237305062617,42.3086666666668,0.324529382244549,44.5819330879179,41.6048000000001,41.16191512658,-2.32126384849604,-2.68365274334142
"3778913","2010-06-09",45.5676458386554,0.587837837837837,0.45665141331808,0.424502078053168,45.909173271753,38.2761600615806,42.0926666666668,0.454670588079285,48.3120660809863,41.3840000000001,41.204326443036,-2.0679264773895,-2.56050749015103
"3778912","2010-06-10",45.0845400255161,0.534246575342466,0.500694804393435,0.448451622554406,45.2463980935826,38.4949352397511,41.8706666666668,0.452010400262176,47.5085288674354,41.2320000000001,41.2037495839646,-1.89997025702918,-2.42840004352666
"3778911","2010-06-11",44.7512728872344,0.382113821138212,0.501399411439505,0.486248543050341,44.5514862092078,38.7485137907925,41.6500000000002,0.42934655372494,46.5555173020875,41.7472000000001,41.1605829727693,-1.80872227594174,-2.30446449000968
"3778910","2010-06-14",43.7765824458008,0.577235772357724,0.497865389612801,0.499986535148581,44.1055897838699,38.9477435494637,41.5266666666668,0.62020521198636,49.8083659868309,41.7792000000001,41.2511719097334,-1.53086265696999,-2.14974412340174
"3778909","2010-06-15",42.4255889224408,0.548387096774194,0.50257889675671,0.50061456593634,43.7206229679518,39.1540436987152,41.4373333333335,0.75460341277747,51.1426980005542,41.6448000000002,41.3830156551023,-1.21859624629641,-1.96351454798068
"3778908","2010-06-16",41.1710949364636,0.64516129032258,0.590261386484833,0.530235224284783,43.3970455936091,39.3442877397246,41.3706666666668,0.855971592352535,52.3699694307953,41.5248000000001,41.545280234422,-0.891165893293488,-1.74904481704324
"3778907","2010-06-17",40.2870867430225,0.494623655913978,0.562724014336918,0.551854765859488,43.3153097413646,39.3780235919691,41.3466666666668,0.747209193439643,50.2552031075223,41.3776000000002,41.6112428698324,-0.732109193238661,-1.54565769228232
"3778906","2010-06-18",39.4662219919701,0.494623655913978,0.544802867383512,0.565929422735089,43.2386149219339,39.7600517447331,41.4993333333335,0.716756160975221,50.2552031075223,41.2560000000001,41.6684104871881,-0.599178028739622,-1.35636175957378
"3778905","2010-06-21",38.2852317012447,0.604395604395603,0.531214305407853,0.546247062376096,43.1561463962583,40.183853603742,41.6700000000002,0.844290890826678,52.0207040451031,41.1968000000001,41.7766224222297,-0.4042378353178,-1.16593697472259
"3778904","2010-06-22",37.33195536618,0.538461538461539,0.545826932923707,0.540614701905025,43.2370223472318,40.2189776527685,41.7280000000002,0.731496461251298,50.9583269467614,41.1424000000002,41.8384060992657,-0.292816564430387,-0.991312892664146
"3778903","2010-06-23",35.8620574816008,0.58139534883721,0.574750830564784,0.550597356298783,43.1793885779919,40.5486114220084,41.8640000000002,0.800038082487486,51.1374337899292,41.0960000000001,41.8972852860303,-0.194635020386669,-0.831977318208651
"3778902","2010-06-24",34.9133582851778,0.435897435897436,0.518584774398729,0.546387512629075,43.2003187407157,40.6343479259514,41.9173333333335,0.620552163552792,48.1099195249655,41.0736000000001,41.8629805812262,-0.237261990270154,-0.713034252620952
"3778901","2010-06-25",34.1347078576738,0.384615384615384,0.467302723116677,0.520212776026731,43.2024834257315,40.6801832409355,41.9413333333335,0.475683571010611,47.3551075402641,41.2128000000002,41.8119165037294,-0.298517269319865,-0.630130855960734
"3778900","2010-06-28",32.9516524993307,0.53968253968254,0.453398453398454,0.479761983637954,43.2552310785885,40.7474355880785,42.0013333333335,0.712138510501763,51.2663220775978,41.3792000000002,41.8689943032322,-0.198335513118864,-0.54377178739236
"3778899","2010-06-29",32.3215125818365,0.26984126984127,0.398046398046399,0.439582524853844,43.1386227573001,40.9827105760336,42.0606666666668,0.360538537107661,47.8414840100703,41.4240000000001,41.8277950628012,-0.247112187131204,-0.484439867340129
"3778898","2010-06-30",30.5383200754114,0.285714285714286,0.365079365079366,0.405508072174741,43.1488865555998,41.0324467777339,42.0906666666668,0.551659080724425,48.0612876202424,41.5280000000001,41.797422387761,-0.274957713332513,-0.442543436538606
"3778897","2010-07-01",28.8824984623024,0.0625000000000023,0.20601851851852,0.323048093881429,43.0837162179395,41.0229504487275,42.0533333333335,0.422358958795515,48.0612876202424,41.5648000000001,41.7710994027262,-0.293688398364023,-0.412772428903689
"3778896","2010-07-02",27.4761066040295,0,0.11607142857143,0.229056437389773,43.081783407265,41.0115499260686,42.0466666666668,0.380850798276005,47.1397226134653,41.5856000000001,41.7269528156961,-0.335630111450236,-0.397343965412999
"3778895","2010-07-06",25.6428213574949,0,0.0208333333333347,0.114307760141096,43.0686700473236,41.09666328601,42.0826666666668,0.498647739592402,47.1397226134653,41.6064000000001,41.6886924402699,-0.364752461919615,-0.390825664714322
"3778894","2010-07-07",24.2189192249332,0.375000000000001,0.125000000000001,0.0873015873015897,43.0236855207465,41.3323144792538,42.1780000000002,0.836216390558889,52.6659973805878,41.6896000000001,41.7675334482339,-0.222850144983322,-0.357230560768122
"3778893","2010-07-08",23.1728666584274,0.687500000000001,0.354166666666668,0.166666666666669,43.2542134450042,41.2737865549962,42.2640000000002,1.10727647798281,57.8620087191846,41.7664000000001,41.9585289884694,0.065789119556281,-0.272626624703241
"3778892","2010-07-09",22.8436316058695,0.761904761904763,0.608134920634922,0.362433862433865,43.6671858585071,41.1328141414932,42.4000000000002,1.23654020605386,61.7899198338266,41.8464000000001,42.2307251233402,0.441262962488898,-0.129848707264814
"3778891","2010-07-12",22.1076154889029,0.600000000000001,0.683134920634922,0.548478835978839,43.8912457152055,41.1927542847948,42.5420000000002,1.06994807642051,58.8367321155889,41.9488000000001,42.4132951068948,0.653119233933053,0.0267448809747597
"3778890","2010-07-13",20.7007922610934,0.288888888888889,0.550264550264551,0.613844797178133,43.9757519156206,41.2242480843797,42.6000000000002,0.75682925047856,51.4254366961682,42.0064000000001,42.4221890926422,0.600696138262413,0.14153513243229
"3778889","2010-07-14",19.3944564066989,0.422222222222223,0.437037037037038,0.556812169312172,44.0394406470823,41.2272260195847,42.6333333333335,0.725208036093863,54.0942637811236,42.1136000000001,42.4938972136232,0.642843163547702,0.241796738655373
"3778888","2010-07-15",18.1814302561898,0.422222222222223,0.377777777777779,0.455026455026457,44.0873716809024,41.2246283190979,42.6560000000002,0.713315197867254,54.0942637811236,42.1728000000001,42.5560442518068,0.668352417256357,0.32710787437557
"3778887","2010-07-16",17.9230138115468,0.155555555555556,0.333333333333334,0.382716049382718,44.0928838241838,41.2457828424833,42.6693333333335,0.470964617272735,47.9796632524286,42.2048000000001,42.4819050182326,0.500760267302969,0.361838352961049
"3778886","2010-07-19",18.0059873144088,0.0444444444444455,0.207407407407409,0.306172839506175,44.1021949554355,41.2044717112315,42.6533333333335,0.251529066331534,45.6635490010824,42.2336000000001,42.3643176824682,0.288396739528163,0.347150030274472
"3778885","2010-07-20",17.9400567780041,0.155555555555556,0.11851851851852,0.219753086419756,44.0904590415537,41.17087429178,42.6306666666668,0.366191016822813,48.3487000597383,42.2400000000001,42.3157419914725,0.193818429604709,0.316483710140519
"3778884","2010-07-21",17.5866392703471,0.266666666666667,0.155555555555557,0.160493827160496,44.0956504612843,41.1816828720494,42.6386666666669,0.482154914765597,50.9586065016173,42.2464000000001,42.3269763926095,0.192882088728918,0.291763385858199
"3778883","2010-07-22",16.8729041672125,0.300000000000001,0.240740740740742,0.171604938271607,44.102830504436,41.1865028288977,42.6446666666669,0.544119413516429,51.7463410116154,42.2432000000001,42.3527128735949,0.212546425122229,0.275919993711005
"3778882","2010-07-23",16.2939645087058,0.277777777777778,0.281481481481482,0.225925925925928,44.1165829082859,41.2247504250478,42.6706666666668,0.526280913725236,51.1563974750867,42.2592000000001,42.3643511571156,0.210445262783887,0.262825047525581
"3778881","2010-07-26",15.6515669052892,0.313953488372093,0.297243755383291,0.273155325868506,44.126311118855,41.3203555478121,42.7233333333335,0.574840814361777,52.8915418987289,42.2848000000002,42.4064376695002,0.251548109969502,0.260569660014365
"3778880","2010-07-27",14.6266740941086,0.372093023255815,0.321274763135229,0.300000000000002,44.1746821959935,41.3413178040069,42.7580000000002,0.665409951502171,54.3470032205558,42.3008000000002,42.4695793135668,0.318385125311904,0.272132753073873
"3778879","2010-07-28",13.6749879122979,0.569767441860466,0.418604651162791,0.345707723227105,44.2449399188629,41.4617267478041,42.8533333333335,0.792228184959233,58.9867047554603,42.3536000000001,42.6149687384246,0.494335199994844,0.316573242458067
"3778878","2010-07-29",12.951447508585,0.616279069767442,0.519379844961241,0.419753086419755,44.3515653620049,41.5164346379955,42.9340000000002,0.810156186410201,60.0163761769864,42.4112000000002,42.762306239968,0.655690327310032,0.38439665942846
"3778877","2010-07-30",12.5495305717381,0.678571428571429,0.621539313399779,0.519841269841272,44.4424811526696,41.6348521806641,43.0386666666668,0.837651452329431,61.0689552625691,42.5008000000002,42.9113320746389,0.803623822078103,0.468242091958389
"3778876","2010-08-02",12.691480971157,0.826666666666666,0.707172388335179,0.616030515565401,44.5392776960226,41.7833889706444,43.1613333333335,0.896242413543008,62.4013696236394,42.6048000000002,43.0671544646871,0.946611344558201,0.563915942478352
"3778875","2010-08-03",13.2953418775809,0.764705882352942,0.756647992530346,0.695119898088436,44.6766220941629,41.8847112391708,43.2806666666668,0.924798663567364,63.2148584862465,42.6832000000001,43.2182005360621,1.06912386436797,0.664957526856276
"3778874","2010-08-04",14.1663198622896,0.75,0.78045751633987,0.7480926324018,44.8729940224134,41.8803393109203,43.3766666666668,0.931055408779915,64.3232378702097,42.7952000000002,43.3704404645872,1.18149738049416,0.768265497583852
"3778873","2010-08-05",15.312990363458,0.799999999999999,0.771568627450981,0.7695580454404,45.1248979322759,41.7884354010578,43.4566666666668,0.982547004480232,67.2460263111933,42.9232000000002,43.5610484026422,1.33571585387036,0.881755568841153
"3778872","2010-08-06",16.6967399811081,0.765306122448979,0.771768707482993,0.774598283757949,45.3322509272799,41.6850824060538,43.5086666666668,0.99298517179442,68.5089052192363,43.0592000000002,43.7529086156233,1.47643737625325,1.00069193032357
"3778871","2010-08-09",18.637883776955,0.80373831775701,0.789681480068663,0.777672938334214,45.7513141284306,41.4700192049031,43.6106666666668,1.08611550434037,73.1852400661936,43.2352000000001,44.0311874668735,1.72056750558682,1.14466704537622
"3778870","2010-08-10",20.7904435546026,0.838983050847458,0.80267583035115,0.788042005967604,46.2886673747567,41.2673326252437,43.7780000000002,1.07262331168262,75.7686260889927,43.4336000000002,44.347029137957,1.99013843321902,1.31376132294478
"3778869","2010-08-11",19.3144787352278,0.313559322033899,0.652093563546123,0.74815029132198,46.3610991072807,41.3215675593863,43.8413333333335,0.637314350237367,51.9149179370175,43.4992000000002,44.2900919195628,1.73149265554884,1.39730758946559
"3778868","2010-08-12",18.1232996062018,0.232142857142857,0.461561743341405,0.638777045746227,46.3853602835432,41.3719730497904,43.8786666666668,0.526861413329465,50.5332405912849,43.5200000000002,44.2140796636211,1.47317538561782,1.41248114869604
"3778867","2010-08-13",16.8520744460522,0.19626168224299,0.247321287139916,0.453658864675816,46.3896146526123,41.5170520140547,43.9533333333335,0.525995903195612,50.5332405912849,43.5088000000002,44.1482023751382,1.25401657837962,1.38078823463276
"3778866","2010-08-16",16.7834974996745,0,0.142801513128616,0.283894847869981,46.3071259079949,41.7048740920055,44.0060000000002,0.278514219975516,42.4160499954656,43.4640000000002,43.9257753917865,0.843368977632952,1.2733043832328
"3778865","2010-08-17",16.7198189066095,0.153846153846155,0.116702612029716,0.168941804099417,46.2386366797645,41.8960299869026,44.0673333333335,0.361680619694577,47.6720769761827,43.4928000000002,43.8290053395483,0.642203901880722,1.14708428696238
"3778864","2010-08-18",16.8370227959865,0.111111111111112,0.0883190883190896,0.115941071159142,46.2015192144339,41.9931474522331,44.0973333333335,0.28360593642264,46.4049997336703,43.4944000000002,43.7184712942752,0.440635146341295,1.00579445883816
"3778863","2010-08-19",17.1245315954268,0.0683760683760684,0.111111111111112,0.105377603819974,46.1904535270447,42.0202131396223,44.1053333333335,0.218961045139034,45.1136852976439,43.4880000000002,43.5960084550385,0.240844250661643,0.85280441720286
"3778862","2010-08-20",17.1157359562931,0.102564102564103,0.0940170940170952,0.0978157644824337,46.1670315063087,42.0796351603583,44.1233333333335,0.251267902445012,46.3987263770029,43.5264000000002,43.5112073277,0.110602283600492,0.704363990482386
"3778861","2010-08-23",16.4214505845926,0.145299145299145,0.105413105413106,0.103513770180439,46.1453318874427,42.1493347792244,44.1473333333335,0.316316183389969,48.0364713345695,43.5888000000002,43.4643796840067,0.043892474532492,0.572269687292407
"3778860","2010-08-24",16.7379803541911,0,0.0826210826210835,0.0940170940170964,46.1983518340235,42.0243148326435,44.1113333333335,0.115560028304412,41.2499223931323,43.5952000000002,43.2904623928058,-0.193087010930204,0.419198347647885
"3778859","2010-08-25",17.7703099852039,0,0.0484330484330491,0.0788224121557477,46.3444637219838,41.6822029446832,44.0133333333335,0.00524718010252869,35.9927857475959,43.5472000000002,43.011734073765,-0.555427939092168,0.224273090299874
"3778858","2010-08-26",18.72890178543,0.0805369127516774,0.0268456375838931,0.0526332562126766,46.4234787965578,41.4125212034425,43.9180000000002,0.0986129804616713,40.1031897734979,43.5136000000002,42.8341695305964,-0.745613435851644,0.0302957850695707
"3778857","2010-08-27",19.2225215411742,0.120805369127517,0.067114093959732,0.0474642599922261,46.446060998696,41.2072723346376,43.8266666666668,0.181860297571977,42.1051266616345,43.4928000000002,42.7122802598502,-0.842181806911513,-0.144199733326646
"3778856","2010-08-30",19.6228414626764,0.219298245614035,0.14021350916441,0.0780577469026799,46.4188555764852,41.0451444235151,43.7320000000002,0.244682964725067,44.4383344430492,43.4736000000002,42.6439762252035,-0.856253114276639,-0.286610409516645
"3778855","2010-08-31",19.9945671040712,0.211111111111111,0.183738241950888,0.130355281691678,46.3585562030984,40.8867771302353,43.6226666666668,0.254619722618973,42.844489126942,43.4368000000002,42.5527793951764,-0.902743631160197,-0.409837053845355
"3778854","2010-09-01",18.9795166042712,0.333333333333333,0.25458089668616,0.192844215933821,46.2436203916172,40.8243796083832,43.5340000000002,0.381779257963784,46.6242027051547,43.3904000000002,42.5324088091528,-0.846490240847242,-0.497167691245732
"3778853","2010-09-02",18.0369697115997,0.471428571428572,0.338624338624339,0.258981159087131,46.0529347891437,40.7897318775233,43.4213333333335,0.384480988058088,47.6411630621859,43.3424000000002,42.5307543012658,-0.770253035996649,-0.551784760195916
"3778852","2010-09-03",17.1617475969762,0.57142857142857,0.458730158730159,0.350645131346887,45.7943668627558,40.8136331372446,43.3040000000002,0.430933870598579,50.0333827781777,43.2992000000002,42.5666537277637,-0.649195624945265,-0.571266933145786
"3778851","2010-09-07",16.2309406272473,0.61764705882353,0.553501400560224,0.450285299304909,45.2795612484998,41.0204387515006,43.1500000000002,0.474173083756647,50.7260821733683,43.2512000000002,42.6084332307285,-0.531965708334659,-0.56340668818356
"3778850","2010-09-08",15.3666198696418,0.661764705882352,0.616946778711485,0.543059446000624,44.3682035475159,41.5731297858178,42.9706666666668,0.534346141885537,51.8053752851417,43.2032000000002,42.6606421332981,-0.411622547146462,-0.533049859976141
"3778849","2010-09-09",14.7035852730055,0.735294117647059,0.671568627450981,0.614005602240898,44.1290755477329,41.6949244522675,42.9120000000002,0.684047736738444,53.628461666554,43.1568000000002,42.732556515525,-0.275339656114393,-0.481507819203791
"3778848","2010-09-10",13.7684392840274,0.661764705882352,0.686274509803922,0.658263305322131,43.998005542346,41.7526611243211,42.8753333333335,0.68022476347858,51.529292182431,43.0848000000002,42.7682156467883,-0.202831885715404,-0.425772632506114
"3778847","2010-09-13",12.9850970909082,0.597014925373132,0.664691249634182,0.67417812896303,43.8081308387533,41.8412024945804,42.8246666666668,0.623034476937985,49.4449970990655,42.9968000000002,42.7724535605499,-0.181021201309306,-0.376822346266752
"3778846","2010-09-14",12.1896540847752,0.656716417910447,0.638498683055311,0.663154814164473,43.828528718351,41.8408046149827,42.8346666666668,0.677086950549804,51.1474190504634,42.8816000000002,42.7974597524766,-0.132041549433548,-0.327866186900111
"3778845","2010-09-15",11.3292775182564,0.67272727272727,0.642152872003617,0.648447601564371,43.8085451171788,41.8487882161549,42.8286666666668,0.764318497732635,53.2659330752427,42.7520000000002,42.8457984521464,-0.0549324684168795,-0.273279443203465
"3778844","2010-09-16",11.8560027330754,0.183673469387755,0.504372386675158,0.59500798057803,43.7721388406042,41.8385278260628,42.8053333333335,0.455868407507106,44.1862908281962,42.6864000000002,42.7703586585268,-0.157831214407622,-0.250189797444296
"3778843","2010-09-17",12.4501656273986,0.125000000000001,0.327133580705009,0.49121961312793,43.7572974633552,41.8120358699785,42.7846666666668,0.363942892016179,43.4610020937667,42.6256000000002,42.6943108373899,-0.251781596789558,-0.250508157313349
"3778842","2010-09-20",13.3658989979608,0,0.102891156462586,0.311465707947586,43.7403310713868,41.7263355952802,42.7333333333335,0.175603375933829,40.9287628760323,42.5536000000002,42.5910693924046,-0.375151162665699,-0.275436758383819
"3778841","2010-09-21",12.5673781150626,0.0816326530612227,0.0688775510204087,0.166300762729336,43.6489051946338,41.7257614720333,42.6873333333335,0.39912350402088,42.9734584801411,42.5376000000002,42.5229268067507,-0.4378486404643,-0.307919134799915
"3778840","2010-09-22",11.8258944380857,0.0833333333333315,0.0549886621315189,0.0755857898715057,43.6487569835175,41.7245763498162,42.6866666666669,0.399524332618591,42.9734584801411,42.4928000000002,42.4638698991839,-0.482150896034561,-0.342765487046844
"3778839","2010-09-23",11.0701768727681,0.1875,0.117488662131519,0.0804516250944833,43.5849566198999,41.8817100467671,42.7333333333335,0.445202688321375,45.698324820886,42.4640000000002,42.4393539126261,-0.473875520304945,-0.368987493698464
"3778838","2010-09-24",10.3684391335447,0.520833333333333,0.263888888888889,0.145455404383977,43.5552905080654,42.0193761586016,42.7873333333335,0.629781542442609,53.3757363130054,42.4688000000002,42.5034400576092,-0.341741768245885,-0.363538348607948
"3778837","2010-09-27",10.3601938082636,0.666666666666667,0.458333333333334,0.279903628117915,43.5922606038705,42.0997393961299,42.8460000000002,0.826516856715803,56.2875870689927,42.4784000000002,42.5963147165947,-0.181948393682441,-0.327220357622847
"3778836","2010-09-28",10.5427386199689,0.666666666666667,0.618055555555556,0.446759259259261,43.6416588366481,42.1516744966856,42.8966666666669,0.819913876865642,56.2875870689927,42.4800000000002,42.6768060877154,-0.0548960508492624,-0.27275549626813
"3778835","2010-09-29",10.7777978588545,0.666666666666667,0.666666666666667,0.58101851851852,43.6694473267543,42.234552673246,42.9520000000002,0.802925838913494,56.2875870689927,42.5216000000002,42.74656527602,0.0451026807342991,-0.209183860867644
"3778834","2010-09-30",11.1326703050949,0.770833333333331,0.701388888888889,0.662037037037039,43.7465718809524,42.2227614523813,42.9846666666669,0.868812281017649,58.5945501650862,42.6096000000002,42.833689905884,0.16004114493664,-0.135338859706787
"3778833","2010-10-01",12.1614258198768,0.796610169491524,0.744703389830508,0.704252981795356,43.9090265919287,42.1749734080717,43.0420000000002,1.02939552751085,62.8207599789899,42.6944000000002,42.9625312517661,0.322310908300527,-0.0438089061053245
"3778832","2010-10-04",13.235012093324,0.786885245901641,0.784776249575499,0.743622842764966,44.0579905420529,42.1313427912808,43.0946666666669,0.976821290398458,63.2249922699871,42.7712000000002,43.079527084864,0.45267391797259,0.0554876587102585
"3778831","2010-10-05",14.1243847374069,0.770491803278687,0.784662406223951,0.771380681876654,44.1772363746994,42.1054302919676,43.1413333333335,0.901581985367457,62.4932664107672,42.8352000000002,43.1755901402155,0.541840575070807,0.152758241982368
"3778830","2010-10-06",15.0170374636523,0.868852459016393,0.808743169398908,0.792727275066121,44.3189236105748,42.0717430560923,43.1953333333335,0.923345303267013,65.1029299470061,42.9184000000002,43.2908447881867,0.649411520810261,0.252088897747947
"3778829","2010-10-07",15.8459292808803,0.868852459016393,0.836065573770492,0.809823716464452,44.4259178283601,42.0407488383069,43.2333333333335,0.871741654517621,65.1029299470061,42.9840000000002,43.3907321497618,0.725849260797329,0.346840970357823
"3778828","2010-10-08",17.5570599590584,0.657142857142857,0.798282591725215,0.814363778298206,44.5522706951959,42.0103959714711,43.2813333333335,0.877149454974582,62.5780727016642,43.0400000000002,43.4613011964603,0.75512331524239,0.428497439334736
"3778827","2010-10-11",20.3163336677692,0.636363636363637,0.72078631750763,0.78504482766778,44.869471232215,41.8945287677854,43.3820000000002,1.07076734098296,69.7398354427507,43.1120000000002,43.6131277035989,0.893611968197727,0.521520345107335
"3778826","2010-10-12",23.1916540305673,0.80952380952381,0.701010101010102,0.74002633674765,45.3758735589116,41.6641264410887,43.5200000000002,1.15378017134147,77.2023266381127,43.2240000000002,43.8887106764524,1.18744349995863,0.654704976077594
"3778825","2010-10-13",25.5341542368176,0.741573033707866,0.729153493198439,0.716983303905391,45.76168491668,41.5303150833203,43.6460000000002,1.02481034608673,74.9894614589473,43.3264000000001,44.1115492529254,1.38006083340352,0.799776147542778
"3778824","2010-10-14",27.0638997977697,0.646341463414634,0.732479435548771,0.720881009919105,46.0399836746218,41.5480163253786,43.7940000000002,0.919860576305743,70.6290959799362,43.4112000000001,44.272676019202,1.47045684725691,0.933912287485604
"3778823","2010-10-15",28.1668730566124,0.609756097560977,0.665890198227827,0.709174375658347,46.2151761836542,41.6648238163461,43.9400000000002,0.829644800867847,68.4848631651935,43.4992000000001,44.3963192166417,1.50207531847844,1.04754489368417
"3778822","2010-10-18",28.2848660768268,0.500000000000001,0.585365853658538,0.66124516247838,46.2493098619273,41.9320234714064,44.0906666666668,0.732244649988459,62.367650072713,43.5808000000001,44.4554766544228,1.44469948018888,1.12697581098511
"3778821","2010-10-19",28.9202343025926,0.532467532467533,0.547407876676171,0.59955464285418,46.331222996567,42.1381103367667,44.2346666666669,0.771556420981234,64.276722864331,43.6640000000001,44.5334131004998,1.41888794836493,1.18535823846108
"3778820","2010-10-20",29.3130285135353,0.432835820895524,0.48843445112102,0.540402727151911,46.3299881315344,42.398011868466,44.3640000000002,0.682096724928106,62.9021390101472,43.7360000000001,44.5902913537665,1.3679352264911,1.22187363606708
"3778819","2010-10-21",29.7771334058522,0.477611940298508,0.480971764553856,0.50560469745035,46.3192214894063,42.6634451772607,44.4913333333335,0.690201279827504,64.1409146665251,43.8480000000001,44.655585839931,1.33367321083515,1.2442335510207
"3778818","2010-10-22",31.3782336061163,0.642857142857143,0.517768301350393,0.495724839008424,46.4323821154243,42.8449512179094,44.6386666666669,0.86088964600359,68.9754627709203,43.9840000000001,44.7815077279402,1.38399707148891,1.27218625511434
"3778817","2010-10-25",31.400031323168,0.373134328358209,0.497867803837954,0.498869289914069,46.4646634379411,43.0233365620593,44.7440000000002,0.702247570516376,57.9691071291733,44.1040000000001,44.7999733642148,1.28624207712724,1.27499741951692
"3778816","2010-10-26",31.7322237328614,0.402777777777777,0.472923082997711,0.49618639606202,46.5006596320197,43.2153403679806,44.8580000000002,0.74208707568814,59.6025307486483,44.2240000000001,44.8373102489862,1.2234137522011,1.26468068605375
"3778815","2010-10-27",32.4682428241661,0.678571428571429,0.484827844902473,0.485206243912714,46.6731770550033,43.3601562783304,45.0166666666669,0.965838712573067,68.755899600506,44.3888000000001,45.019002215788,1.35872005867266,1.28348856057754
"3778814","2010-10-28",32.041799752689,0,0.360449735449736,0.439400221116641,46.7754483277817,43.1925516722187,44.9840000000002,-0.0835129694351576,34.9487687216377,44.3680000000001,44.5844685870163,0.659464191421932,1.15868368674641
"3778813","2010-10-29",31.6458169006031,0.188405797101449,0.288992408557627,0.37808999630328,46.8567381188003,43.0312618812,44.9440000000002,0.0336528345241312,42.1268815925926,44.3632000000001,44.3465394420808,0.287164827035902,0.984379914804312
"3778812","2010-11-01",30.9278268456537,0.304347826086956,0.164251207729469,0.271231117245612,46.8766273231291,42.9793726768713,44.9280000000002,0.183195793261187,46.0706488328509,44.3728000000001,44.22566751647,0.106549515861043,0.808813835015659
"3778811","2010-11-02",30.5651689660601,0.224637681159421,0.239130434782609,0.23079135035657,46.9270161607234,42.8636505059436,44.8953333333335,0.112308252032299,43.8578636740005,44.3648000000001,44.0622451809407,-0.116198515463017,0.623811364919924
"3778810","2010-11-03",30.2284152207233,0.268115942028986,0.265700483091788,0.22302737520129,46.9646392055667,42.7566941277671,44.8606666666669,0.165553302784683,45.3983710058196,44.3664000000001,43.9526124901486,-0.246433629927323,0.449762365950474
"3778809","2010-11-04",29.8139710513017,0.32608695652174,0.272946859903383,0.259259259259261,46.9812240868501,42.6974425798169,44.8393333333335,0.2324793530859,47.4681361327028,44.3728000000001,43.9002641581288,-0.287725508469228,0.302264791066534
"3778808","2010-11-05",29.1663122714024,0.340579710144928,0.311594202898552,0.283413848631242,46.9916077536362,42.6443922463642,44.8180000000002,0.268894211711786,47.9988411333081,44.3664000000001,43.8655622703783,-0.30230467484551,0.181350897884125
"3778807","2010-11-08",29.3691789015541,0.152173913043479,0.272946859903383,0.28582930756844,47.009895163587,42.4314381697467,44.7206666666669,0.153303867335854,42.0512954716579,44.3168000000001,43.6968206343278,-0.500100460389485,0.045060626229403
"3778806","2010-11-09",29.5575550581236,0.246376811594203,0.246376811594204,0.276972624798714,46.8748227893403,42.3198438773267,44.5973333333335,0.254700657255167,45.6758501769537,44.2896000000001,43.6199112164175,-0.554889048119267,-0.074929308640331
"3778805","2010-11-10",30.278798366278,0.101449275362319,0.166666666666668,0.228663446054753,46.7828671130319,42.0931328869684,44.4380000000002,0.12513867198913,41.3869523424785,44.2208000000001,43.4465897208951,-0.738592606590627,-0.20766196823039
"3778804","2010-11-11",30.117686672569,0.0579710144927536,0.135265700483093,0.182769726247989,46.6759123575225,41.9040876424778,44.2900000000002,0.170985399977022,40.168385448024,44.1424000000001,43.2643777581091,-0.919345806975691,-0.34999873597945
"3778803","2010-11-12",29.968082956982,0.115942028985507,0.0917874396135276,0.131239935587764,46.5676607430898,41.7470059235773,44.1573333333335,0.215667950105281,42.5953124072899,44.0816000000001,43.1491273903612,-0.992266726487512,-0.478452334081063
"3778802","2010-11-15",30.1402126092486,0.0434782608695656,0.0724637681159431,0.099838969404189,46.5118168695517,41.529516463782,44.0206666666668,0.166686764863934,40.3898824513976,43.9776000000001,42.9959104049797,-1.11285963818869,-0.605333794902588
"3778801","2010-11-16",31.6575908744276,0,0.0531400966183585,0.0724637681159442,46.6380762182625,40.9059237817378,43.7720000000002,-0.0882606991597357,30.2646840908882,43.7344000000001,42.5431223509825,-1.64477366031168,-0.813221767984407
"3778800","2010-11-17",33.6374681054635,0,0.0144927536231894,0.0466988727858315,46.976781650888,39.9418850157791,43.4593333333335,-0.158526614811466,25.746648082974,43.4336000000001,41.9427060375181,-2.34631134138251,-1.11983968266403
"3778799","2010-11-18",35.4759255342825,0.11038961038961,0.0367965367965377,0.034809795679363,47.0923585295053,39.1943081371617,43.1433333333335,-0.0414838414822757,30.6094111912823,43.1696000000001,41.5130118991824,-2.749971318767,-1.44586600988462
"3778798","2010-11-19",37.4532293569002,0,0.0367965367965377,0.0293619424054228,47.0226458072082,38.5000208594588,42.7613333333335,-0.024251627566934,28.15640154044,42.8768000000001,41.0286103126247,-3.20544662868739,-1.79778213364518
"3778797","2010-11-22",39.812707833246,0,0.0367965367965377,0.0367965367965388,47.1582650324904,37.4870683008433,42.3226666666668,-0.0848293811966419,23.1987349490193,42.5152000000001,40.3314622709414,-3.94650351037892,-2.22752640899192
"3778796","2010-11-23",42.2559265260585,0,9.11308066046483e-16,0.0245310245310266,47.3149486178338,36.2757180488332,41.7953333333335,-0.105899716004612,20.7069447622818,42.0928000000001,39.5512673014826,-4.7676363952175,-2.73554840623704
"3778795","2010-11-24",43.7508060923136,0,9.11308066046483e-16,0.0122655122655143,46.9800291989823,35.487970801018,41.2340000000002,-0.0134560287051864,20.7069447622818,41.6736000000001,38.8750983279516,-5.38095952719696,-3.26463063042902
"3778794","2010-11-26",44.6966626507047,0.213991769547326,0.0713305898491094,0.0237768632830382,46.9269483919567,34.9370516080436,40.9320000000002,0.159824705735648,33.7177250882914,41.3328000000001,38.5664185508914,-5.38609809287199,-3.68892412291762
"3778793","2010-11-29",45.7185413433564,0.164609053497942,0.126200274348424,0.0658436213991791,46.8066836570217,34.3813163429787,40.5940000000002,0.162464706756784,32.3966401240657,40.9520000000001,38.2348960774392,-5.43461424571702,-4.0380621474775
"3778792","2010-11-30",46.6674287008186,0.201680672268908,0.193427165104726,0.130319343100754,46.5160315706718,33.9586350959952,40.2373333333335,0.207157981294193,34.2462760933159,40.6112000000001,37.990243267114,-5.34941098407787,-4.30033191479757
"3778791","2010-12-01",47.6506736233231,0.168067226890756,0.178118984219203,0.165915474557452,46.21331065636,33.5720226769737,39.8926666666668,0.225819077482291,33.2660990181511,40.2512000000001,37.7355441648321,-5.29342326401242,-4.49895018464054
"3778790","2010-12-02",48.4045179813946,0.229074889867842,0.199607596342503,0.190384581888812,45.7963096662834,33.3223570003835,39.5593333333335,0.277723489824803,36.2151654967957,39.8656000000001,37.5788049428545,-5.09115987189251,-4.61739212209094
"3778789","2010-12-03",49.1628932341405,0.223255813953489,0.206799310237363,0.194841963599691,45.2638020365334,33.1495312968002,39.2066666666668,0.288128668921976,35.649634312033,39.6512000000001,37.4216309504739,-4.91086757121382,-4.67608721191551
"3778788","2010-12-06",49.867098825976,0.281914893617022,0.244748532479452,0.217051813019774,44.6117312512056,33.093602082128,38.8526666666668,0.316000211299661,36.9745156181127,39.4032000000001,37.3120801570774,-4.6728125344348,-4.67543227641937
"3778787","2010-12-07",49.8542027041575,0.425675675675676,0.31028212774873,0.253943323488516,44.0054603392724,33.1012063273945,38.5533333333335,0.370998358518194,39.6506813383725,39.1456000000001,37.2704694694671,-4.34842041233531,-4.61002990360256
"3778786","2010-12-08",49.9426157554924,0.495726495726496,0.401105688339732,0.318712116189306,43.2227369470285,33.2372630529718,38.2300000000002,0.378156341944775,38.7643741419879,38.8976000000001,37.2077402068714,-4.08793084590846,-4.50561009206374
"3778785","2010-12-09",50.0247135888747,0.5,0.473800723800725,0.39506284662973,42.5220325426849,33.3579674573154,37.9400000000002,0.384330808421205,38.7643741419879,38.6400000000001,37.1533748459553,-3.83779530113973,-4.37204713387894
"3778784","2010-12-10",50.2105700660139,0.540816326530613,0.512180940752371,0.462362450964277,41.685187569485,33.5961457638486,37.6406666666668,0.38783179081838,37.7848378073363,38.3616000000001,37.0795915331612,-3.64157180528102,-4.22595206815935
"3778783","2010-12-13",51.3478165483315,0,0.346938775510205,0.444306813354435,40.6884688353034,33.8208644980302,37.2546666666668,0.181402729023711,28.6008162874829,37.9856000000001,36.7009793287397,-3.95827178075137,-4.17241601067776
"3778782","2010-12-14",52.7674916854163,0,0.180272108843539,0.346463941702039,39.7428889563006,33.882444377033,36.8126666666668,-0.0618458842380748,24.8520442085182,37.5968000000001,36.1915154182411,-4.46880455745113,-4.23169372003243
"3778781","2010-12-15",54.0857614555664,0.157894736842105,0.0526315789473693,0.193280821100372,39.1956487765303,33.7736845568033,36.4846666666668,0.0122308891223234,30.0772945616825,37.2160000000001,35.8459800291423,-4.67091418541085,-4.31953781310812
"3778780","2010-12-16",55.3098690992773,0.184210526315789,0.114035087719299,0.115646258503403,38.9511118389927,33.5235548276743,36.2373333333335,0.0656732249117554,30.9391908834049,36.8720000000001,35.5625160252566,-4.75645747002418,-4.40692174449133
"3778779","2010-12-17",56.3129410515839,0.201754385964911,0.181286549707603,0.115984405458091,38.5955381054764,33.3884618945239,35.9920000000002,0.109761809184566,31.544999444462,36.5408000000001,35.3275138885558,-4.75665577359445,-4.47686855031195
"3778778","2010-12-20",57.3427448970181,0.13157894736842,0.172514619883041,0.155945419103315,38.3241001801909,33.1998998198094,35.7620000000002,0.0962947345577953,30.3963949850296,36.1840000000001,35.081178703415,-4.77959985382058,-4.53741481101368
"3778777","2010-12-21",58.2989913249213,0.140350877192983,0.157894736842106,0.170565302144251,38.2957444433181,32.9255888900155,35.6106666666668,0.133033597051972,30.7358974111076,35.8448000000001,34.8730215429597,-4.738461618137,-4.57762417243834
"3778776","2010-12-22",58.234705682128,0.122807017543859,0.131578947368421,0.153996101364524,38.3407781992384,32.7458884674286,35.5433333333335,0.181256750567518,30.4163517322999,35.5984000000001,34.6819520038984,-4.67417706946779,-4.59693475184423
"3778775","2010-12-23",57.4281927566387,0.280701754385964,0.181286549707603,0.156920077972711,38.337740937446,32.6542590625543,35.4960000000002,0.304814485600055,36.7861607531104,35.4432000000001,34.6123584033786,-4.40724826685652,-4.55899745484669
"3778774","2010-12-27",56.6114705610531,0.333333333333333,0.245614035087719,0.186159844054582,38.1794838336144,32.5831828330526,35.3813333333335,0.353236390742556,38.7973497031283,35.2704000000001,34.5840439495948,-4.09317789390479,-4.46583354265831
"3778773","2010-12-28",55.7099532585455,0.368421052631579,0.32748538011696,0.251461988304095,38.0686614570763,32.523338542924,35.2960000000002,0.391319824652816,40.1641208658034,35.1376000000001,34.5808380896488,-3.76373783927868,-4.32541440198239
"3778772","2010-12-29",54.872830049074,0.403846153846154,0.368533513270356,0.313877642825013,37.9237361935534,32.4789304731136,35.2013333333335,0.401802434445055,40.1641208658034,35.0880000000001,34.5780596776956,-3.46273612888489,-4.15287874736289
"3778771","2010-12-30",53.2675248189804,0.45631067961165,0.409525962029795,0.368514951805705,37.7923391494622,32.4623275172048,35.1273333333335,0.466103888859561,42.0405376372941,35.0992000000001,34.6023183873362,-3.14132472630667,-3.95056794315164
"3778770","2010-12-31",51.7029320964753,0.552083333333333,0.470746722263713,0.416268732521289,37.5981753180932,32.4898246819072,35.0440000000002,0.514877600504059,44.2979192226355,35.1200000000001,34.6553426023581,-2.79831480699766,-3.72011731592085
"3778769","2011-01-03",49.5890368878559,0.859154929577465,0.62251631417415,0.500929666155887,37.4410455733776,32.5282877599561,34.9846666666668,0.595397877213919,47.2480583594872,35.0704000000001,34.7439635887103,-2.42401859368226,-3.46089757147313
"3778768","2011-01-04",47.1401169608939,0.781249999999999,0.730829420970267,0.608030819136045,37.2729237412333,32.5857429254337,34.9293333333335,0.648774574896403,48.3527329805324,35.0448000000001,34.8367684435489,-2.07555560894456,-3.18382917896742
"3778767","2011-01-05",44.2761876818304,0.739726027397261,0.793376985658243,0.715574240267554,37.0240949860761,32.7052383472576,34.8646666666668,0.728918611879871,49.8603823993381,35.0128000000001,34.9385326510758,-1.74233133554313,-2.89552961028256
"3778766","2011-01-06",41.429560112516,0.758620689655172,0.759865572350812,0.761357326326441,36.8771681810769,32.7868318189234,34.8320000000002,0.87356341012389,54.1815339939119,35.0128000000001,35.090728297599,-1.35236854573937,-2.58689739737392
"3778765","2011-01-07",38.786263083867,0.758620689655172,0.752322468902536,0.768521675637198,36.746396207595,32.860270459072,34.8033333333335,0.886846291297842,54.1815339939119,34.9936000000001,35.2226311912525,-1.03188798222545,-2.27589551434423
"3778764","2011-01-10",36.3317729858357,0.850574712643677,0.789272030651341,0.767153357301564,36.6920706419618,32.8919293580385,34.7920000000002,0.951211294148594,57.0438769643778,34.9936000000001,35.3796136990855,-0.697338438546835,-1.96018409918475
"3778763","2011-01-11",34.180658470442,0.850574712643677,0.81992337164751,0.787172623733796,36.9098668579628,32.8207998087041,34.8653333333335,0.907917008918263,57.0438769643778,34.9856000000001,35.5156652058741,-0.427947580564658,-1.65373679546073
"3778762","2011-01-12",32.4069574000502,0.565217391304348,0.755455605530568,0.788217002609807,36.9754042825385,32.9912623841285,34.9833333333335,0.72505891846481,49.4331261529112,34.9344000000001,35.5429098450909,-0.364649523520699,-1.39591934107273
"3778761","2011-01-13",30.322747469033,0.634920634920635,0.683570912956221,0.752983296711434,37.0967976983797,33.1112023016207,35.1040000000002,0.788371803687795,52.2577164196689,34.9024000000001,35.6038551990787,-0.248241969832186,-1.16638386682462
"3778760","2011-01-14",28.3874096759456,0.711864406779661,0.637334144334882,0.692120220940558,37.2071330987419,33.2475335679251,35.2273333333335,0.782688520549016,54.5986854801393,34.8800000000001,35.6886745058682,-0.100715284757213,-0.953250150411137
"3778759","2011-01-18",26.5207196879662,0.694915254237289,0.680566765312529,0.667157274201212,37.2859596059423,33.402040394058,35.3440000000002,0.744426642662475,54.1223612714164,34.8640000000001,35.7568512384191,0.00689669027509332,-0.761220782273891
"3778758","2011-01-19",25.3752429225338,0.407407407407408,0.60472902280812,0.640876644151844,37.2548325849458,33.6545007483878,35.4546666666668,0.62554398331015,47.8310253084929,34.9200000000001,35.7412710732966,-0.0336730615134062,-0.615711238121794
"3778757","2011-01-20",24.3115859260609,0.354166666666666,0.485496442770455,0.590264076963702,37.1715826555977,33.9644173444026,35.5680000000002,0.605596885038742,48.2933733207023,35.0320000000001,35.733101596857,-0.0561791231970199,-0.503804815136839
"3778756","2011-01-21",23.323904429336,0.375000000000001,0.378858024691359,0.489694496756646,37.0614612849131,34.2998720484206,35.6806666666668,0.620462037681257,51.0939972494537,35.1248000000001,35.7580213839428,-0.019674031768957,-0.406978658463263
"3778755","2011-01-24",21.8371645857847,0.324324324324326,0.351163663663665,0.405172710375161,37.0230176438136,34.51031568952,35.7666666666668,0.635312506689806,51.0939972494537,35.2128000000001,35.7796185327504,0.00913745833581725,-0.323755435103447
"3778754","2011-01-25",20.8951345269156,0.636363636363633,0.445229320229321,0.391750336194783,37.045306704137,34.6920266291967,35.8686666666668,0.810771905614223,56.9528723101666,35.3184000000001,35.8676693950503,0.147240279098937,-0.22955629226297
"3778753","2011-01-26",21.2136205137556,0.509433962264151,0.490040640984038,0.428811208292342,37.1444477519533,34.8302189147137,35.9873333333335,0.966390063059033,59.7490669094844,35.4480000000001,35.9813134757103,0.315499285085541,-0.120545176793268
"3778752","2011-01-27",21.9243441033216,0.693548387096775,0.613115328574854,0.516128429929405,37.3313405756514,34.9379927576822,36.1346666666668,1.11782355893478,65.2977230476753,35.6016000000001,36.1651383456156,0.584324904438094,0.0204288394530045
"3778751","2011-01-28",22.7608900440361,0.666666666666666,0.623216338675864,0.575457436078253,37.521082151911,35.0229178480893,36.2720000000001,1.06895110187862,65.6167471684521,35.7600000000001,36.3297865662002,0.79562903430348,0.1754688784231
"3778750","2011-01-31",23.5376827032709,0.666666666666666,0.67562724014337,0.63731963579803,37.6717127316787,35.1269539349883,36.3993333333335,0.998017075324155,65.6167471684521,35.8896000000001,36.4724816907068,0.950926068719737,0.330560316482427
"3778749","2011-02-01",24.6235140223936,0.777777777777778,0.703703703703704,0.66751576084098,37.925678101794,35.1369885648729,36.5313333333335,1.06011971907221,69.5168495775397,36.0288000000001,36.6601507986126,1.16513737901776,0.497475728989493
"3778748","2011-02-02",26.1152888954518,0.86904761904762,0.771164021164022,0.716831655003699,38.3076970410143,35.0629696256526,36.6853333333335,1.12295936594349,74.0138537203449,36.1888000000001,36.9134640254642,1.46483669479174,0.690947922149942
"3778747","2011-02-03",27.6843757148376,0.865168539325842,0.837331312050414,0.770733012306047,38.671148731023,35.0021846023107,36.8366666666668,1.05692376966638,74.9502560444529,36.3552000000001,37.1543354887357,1.71432426144071,0.895623190008096
"3778746","2011-02-04",29.7684170808448,0.862385321100917,0.86553382649146,0.824676386568633,39.1763049388425,34.8210283944911,36.9986666666668,1.09728315913876,78.4967436745295,36.5408000000001,37.4537574235709,2.03209768024026,1.12291808805453
"3778745","2011-02-07",32.1782558436455,0.844961240310078,0.857505033578946,0.853456724040274,39.7706683070013,34.6226650263324,37.1966666666668,1.09634771631322,81.0465668656373,36.7408000000001,37.7932564337615,2.3801200209677,1.37435847463716
"3778744","2011-02-08",34.4159632662462,0.84375,0.850365520470333,0.857801460180247,40.2610999519082,34.5082333814254,37.3846666666668,1.00096764190344,81.0465668656372,36.9280000000001,38.0874889092599,2.62046233617739,1.62357924694521
"3778743","2011-02-09",36.4938344443755,0.901639344262296,0.863450194857459,0.857106916302247,40.7112271387266,34.4461061946071,37.5786666666668,0.952452026377427,82.3417233553655,37.1232000000001,38.385157054692,2.84109791135734,1.86708297982763
"3778742","2011-02-10",37.6864617284562,0.844262295081967,0.863217213114755,0.859010976147517,41.0420095942842,34.5566570723828,37.7993333333335,0.884558895075859,77.3603884978877,37.3008000000001,38.605802780733,2.91985672694548,2.0776377292512
"3778741","2011-02-11",37.7383357754328,0.724770642201836,0.823557427182034,0.850074945051417,41.2495356086062,34.7037977247275,37.9766666666668,0.778552756874642,70.1759412584741,37.4416000000001,38.7383624099686,2.85567526156028,2.23324523571302
"3778740","2011-02-14",38.0955295236776,0.745098039215686,0.771376992166497,0.819383877487763,41.4577945492237,34.8622054507765,38.1600000000001,0.7809958755268,71.2225375770221,37.5888000000001,38.8745807553061,2.80454367544727,2.34750492365987
"3778739","2011-02-15",38.6118648612409,0.825581395348839,0.765150025588788,0.786694814979107,41.6793981493766,35.0486018506237,38.3640000000001,0.803030472178898,73.9317423873112,37.7408000000001,39.0513033212653,2.8210697552558,2.44221788997906
"3778738","2011-02-16",39.903455079148,0.754545454545455,0.775074963036661,0.770533993597316,41.9380648160433,35.3072685172904,38.6226666666668,0.870594001476918,76.721002215615,37.9136000000001,39.2737962117633,2.90551388951383,2.53487708988601
"3778737","2011-02-17",41.2021202593325,0.745614035087719,0.775246961660671,0.771823983428707,42.1351384441168,35.6381948892169,38.8866666666668,0.854012618481996,77.1264930574225,38.1168000000001,39.4772900501948,2.95216717219902,2.61833510634861
"3778736","2011-02-18",42.4589123130649,0.846153846153846,0.78210444526234,0.777475456653225,42.3407338087138,35.9925995246198,39.1666666666668,0.885415077434159,79.9476542548141,38.3328000000001,39.7336513768355,3.07305362698582,2.70927881047605
"3778735","2011-02-22",42.3376405313115,0.655172413793104,0.74898009834489,0.768777168422635,42.3692393842324,36.4654272824346,39.4173333333335,0.78840122912246,71.1297046592433,38.5168000000001,39.8811645265908,3.0180650532369,2.77103605902822
"3778734","2011-02-23",43.5814154268397,0.4140625,0.638462919982318,0.723182487863184,42.5122757377368,36.8463909289301,39.6793333333335,0.88134673393079,71.1297046592433,38.7024000000001,40.0090092563787,2.93934084350118,2.80469701592281
"3778733","2011-02-24",44.8080331328944,0.478260869565218,0.515831927786108,0.634424982037773,42.7489124535424,37.1430875464579,39.9460000000002,0.937758945503015,75.4002849793041,38.9408000000001,40.2211413555282,2.99361108117084,2.84247982897242
"3778732","2011-02-25",45.9470352885166,0.572727272727272,0.488350214097497,0.547548353955309,42.9736203998872,37.3997129334464,40.1866666666668,0.901872476980712,77.8180285867294,39.1984000000001,40.4743225081245,3.10194537583668,2.89437293834527
"3778731","2011-02-28",47.3274625162649,0.772727272727273,0.607905138339921,0.537362426741177,43.3099297085977,37.6194036247359,40.4646666666668,0.990054280671014,81.1876902732331,39.4816000000001,40.8110795070412,3.319981258266,2.97949460232942
"3778730","2011-03-01",48.7986879656448,0.810344827586206,0.718599791013584,0.604951714483669,43.6284158605592,37.8995841394411,40.7640000000001,1.00434948589645,82.3677357806308,39.7792000000001,41.150935572769,3.51745109745365,3.08708590135426
"3778729","2011-03-02",50.164825882926,0.827586206896551,0.803552769070011,0.71001923280784,43.8794602959973,38.1978730373364,41.0386666666668,0.948466226777691,82.6285107227148,40.0592000000001,41.4561441630665,3.64229088850367,3.19812689878415
"3778728","2011-03-03",51.4990725136877,0.887931034482758,0.841954022988506,0.788035527690701,44.1712807256682,38.4180526076654,41.2946666666668,0.940100748321941,83.5457618996533,40.3392000000001,41.757991607991,3.74762469632701,3.30802645829272
"3778727","2011-03-04",49.8386449726682,0.517857142857142,0.744458128078818,0.796654973379112,44.1917646136136,38.7749020530533,41.4833333333335,0.715992188636743,62.6721963527342,40.5280000000001,41.8009260602588,3.47251933396784,3.34092503342774
"3778726","2011-03-07",47.6956124163705,0,0.468596059113301,0.685002736726876,44.1506655715609,38.8746677617728,41.5126666666668,0.248673132968303,38.6044980785832,40.5632000000001,41.3314692522243,2.49013813150858,3.17076765304391
"3778725","2011-03-08",45.7056536140939,0.288590604026845,0.268815915627997,0.493956700940039,44.1412710503249,38.9107289496754,41.5260000000001,0.310217249461858,48.285147025612,40.6672000000001,41.1539400185944,2.02135349781749,2.94088482199863
"3778724","2011-03-09",43.8578347262658,0.355704697986577,0.214765100671141,0.317392358470814,44.1288617057457,38.9604716275879,41.5446666666668,0.324961612226208,50.2497700849653,40.7680000000001,41.0534146827818,1.70844738502007,2.69439733460292
"3778723","2011-03-10",42.5362521339831,0.255033557046979,0.299776286353468,0.261119100884203,44.1320914999712,38.9492418333624,41.5406666666668,0.267052218181845,47.3443556145381,40.8176000000001,40.8862927250776,1.32682996526698,2.42088386073573
"3778722","2011-03-11",41.3090682982921,0.288590604026845,0.299776286353468,0.27143922445936,44.1275547425708,38.9644452574295,41.5460000000001,0.278040732372965,48.4150377631901,40.8688000000001,40.7681203617339,1.05145375013072,2.14699783861473
"3778721","2011-03-14",40.839588200428,0.107382550335571,0.217002237136466,0.272184936614468,44.1209470801418,38.9790529198585,41.5500000000001,0.17521696325462,43.2954358881422,40.8496000000001,40.5217043135027,0.611031242834703,1.83980451945872
"3778720","2011-03-15",40.9773897605593,0,0.131991051454139,0.216256524981358,44.3395208465314,38.5844791534688,41.4620000000001,-0.0575401253017314,38.7224704213761,40.7616000000001,40.1588104050357,0.0349415760294125,1.47883193077286
"3778719","2011-03-16",40.4715235567048,0.15527950310559,0.0875540178137207,0.145515768801443,44.4213412733319,38.3759920600017,41.3986666666668,0.120865574655929,44.3720428120896,40.7136000000001,39.9776356843643,-0.22030096314698,1.13900535198889
"3778718","2011-03-17",39.7350887495991,0.229813664596274,0.128364389233955,0.115969819500606,44.4516818342724,38.1883181657278,41.3200000000001,0.210485702364646,46.9025852593733,40.6720000000001,39.8846175931157,-0.322412090696944,0.846721863451725
"3778717","2011-03-18",38.5244798823258,0.285714285714286,0.22360248447205,0.14650696383991,44.4477070319468,38.0642929680535,41.2560000000001,0.288618861344786,48.7843659809535,40.6560000000001,39.8520019140336,-0.326726231903085,0.612032244380763
"3778716","2011-03-21",36.5179367755507,0.429487179487179,0.315005043265914,0.222323972323974,44.407605985719,38.019060680948,41.2133333333335,0.429039662128572,52.9723975403948,40.6912000000001,39.9357349921625,-0.158095689398041,0.458006657625002
"3778715","2011-03-22",34.284464748488,0.467948717948718,0.394383394383395,0.310996974040454,44.4047943769689,38.0152056230314,41.2100000000001,0.475480946787028,54.126607688666,40.7296000000001,40.0403036598741,0.0234528607044204,0.371095898240886
"3778714","2011-03-23",32.3116267316208,0.451612903225807,0.449682933553902,0.386357123734404,44.3481269782704,37.9812063550632,41.1646666666668,0.463666370758532,53.4206223515093,40.7456000000001,40.1149298385576,0.141147720729173,0.325106262738544
"3778713","2011-03-24",30.4797057159583,0.55483870967742,0.491466776950649,0.445177701629316,44.2464440584506,37.9775559415497,41.1120000000001,0.537433538817492,56.6669165562496,40.7664000000001,40.2649391934166,0.358492460206739,0.331783502232183
"3778712","2011-03-25",28.6066153401006,0.850000000000001,0.618817204301077,0.519988971601877,44.1385594987487,37.9801071679182,41.0593333333335,0.550986836161402,56.4023371752582,40.7824000000001,40.3896139676277,0.515961298476775,0.368619061481101
"3778711","2011-03-28",26.6052688221086,0.826923076923077,0.7439205955335,0.618068192261743,43.8900589930861,38.0512743402476,40.9706666666668,0.587232765655363,56.6204574647408,40.7760000000001,40.502998771944,0.640725224695138,0.423040294123908
"3778710","2011-03-29",24.9671144442797,0.765765765765766,0.814229614229616,0.725655804688065,43.5309451246906,38.1997215419763,40.8653333333335,0.627800555118774,56.3170283354215,40.7904000000001,40.5959322690181,0.722800347607899,0.482992304820707
"3778709","2011-03-30",24.0980980009609,0.504504504504504,0.69906444906445,0.752404886275856,43.0678567075606,38.353476625773,40.7106666666668,0.45389991270049,48.2428309354894,40.7584000000001,40.5218079664824,0.5506922775111,0.496532299358785
"3778708","2011-03-31",22.5566483442272,0.675675675675675,0.648648648648649,0.720647570647572,42.4780609032157,38.6832724301179,40.5806666666668,0.670233467446083,52.9975057918229,40.7264000000001,40.5589002376181,0.5591048787013,0.509046815227288
"3778707","2011-04-01",21.2030003233169,0.805084745762712,0.661754975314298,0.669822691009133,42.3003181242624,38.7863485424046,40.5433333333335,0.887975280256236,57.4306180830724,40.7056000000001,40.697713539269,0.716185729582786,0.550474598098388
"3778706","2011-04-04",20.2168002913644,0.83,0.770253473812796,0.693552365925249,42.5658305403191,38.7368361263479,40.6513333333335,0.942762028366322,60.0670539940379,40.6704000000001,40.8873517340331,0.931784075444297,0.62673649356757
"3778705","2011-04-05",18.822392765306,0.681818181818182,0.772300975860299,0.734769808329132,42.7258623092765,38.7234710240571,40.7246666666668,0.818642841853801,56.8582206996933,40.6032000000001,40.9930381694954,1.00326673093436,0.702042541040928
"3778704","2011-04-06",17.5275857768232,0.683544303797468,0.731787495205218,0.758113981626105,42.8732216492398,38.7147783507605,40.7940000000001,0.796425026912671,57.5246605135439,40.5376000000001,41.1006330802293,1.07062321661866,0.775758676156474
"3778703","2011-04-07",16.4625459993694,0.65217391304348,0.672512132886378,0.725533534650632,43.0238210320505,38.7401789679498,40.8820000000001,0.782781174338729,57.7589007628267,40.4624000000001,41.1992153361987,1.11842709881604,0.844292360688388
"3778702","2011-04-08",15.4735804917336,0.724637681159421,0.686785299333457,0.697028309141685,43.1777835443956,38.767549788938,40.9726666666668,0.78131539856163,58.9770656377955,40.4608000000001,41.3113199580389,1.18127913330133,0.911689715210976
"3778701","2011-04-11",14.7573822413457,0.797101449275364,0.724637681159423,0.694645037793087,43.327502336797,38.8698309965367,41.0986666666668,0.791931197704046,60.2127276945284,40.6192000000001,41.4351439636337,1.25497158117958,0.980346088404696
"3778700","2011-04-12",13.9763066910743,0.768115942028985,0.763285024154591,0.724902668215824,43.1595216153212,39.4391450513458,41.2993333333335,0.760009522342419,59.4414565097098,40.7056000000001,41.5317914351492,1.28240395944652,1.04075766261306
"3778699","2011-04-13",13.2201696139836,0.63768115942029,0.734299516908214,0.740740740740743,43.0427888377152,39.8558778289518,41.4493333333335,0.70626033532961,55.9672926316282,40.7616000000001,41.5675525771293,1.21989395698006,1.07658492148646
"3778698","2011-04-14",12.7934184414487,0.565217391304349,0.657004830917876,0.718196457326894,42.8904124106833,40.2389209226503,41.5646666666668,0.593783694116628,54.0763413617773,40.8336000000001,41.5718789001788,1.11860880739063,1.08498969866729
"3778697","2011-04-15",12.6701420917461,0.492753623188406,0.565217391304349,0.65217391304348,42.7406877427872,40.5686455905464,41.6546666666668,0.523940603521991,52.1778150908532,40.8896000000001,41.5489617134883,0.988154924655782,1.06562274386499
"3778696","2011-04-18",12.8255727943796,0.420289855072465,0.492753623188408,0.571658615136878,42.7015278137742,40.6651388528927,41.6833333333335,0.328127137436137,50.2769009827638,40.9808000000001,41.5024334850232,0.836301830091069,1.01975856111021
"3778695","2011-04-19",12.3456691940137,0.220000000000002,0.377681159420292,0.478550724637684,42.6863939426679,40.7229393906658,41.7046666666668,0.385575825303553,50.664029318841,41.1184000000001,41.4674423536867,0.715491841203142,0.958905217128794
"3778694","2011-04-20",12.0199936930408,0,0.213429951690823,0.361288244766509,42.6562935645119,40.798373102155,41.7273333333335,0.316640876954081,49.8284478294663,41.2128000000001,41.4264500398618,0.597290895063085,0.886582352715652
"3778693","2011-04-21",11.2815823544145,0.0243902439024428,0.0814634146341493,0.224191508581756,42.6539105410895,40.8207561255775,41.7373333333335,0.395989849489264,50.2700808371518,41.2896000000001,41.3962567012136,0.505578243923743,0.810381530957271
"3778692","2011-04-25",11.0320837316225,0.30769230769231,0.110694183864918,0.135195850063298,42.6698562892488,40.8608103774182,41.7653333333335,0.592866631466443,54.9660124141821,41.3696000000001,41.4287558077185,0.512751633022468,0.75085555137031
"3778691","2011-04-26",10.8004064390299,0.58974358974359,0.307275380446115,0.166477659648395,42.7166812438101,40.8873187561902,41.8020000000001,0.724850643935711,59.1229042379323,41.4336000000001,41.5155883666893,0.597060177357367,0.720096476567722
"3778690","2011-04-27",10.9682887079028,0.53846153846154,0.478632478632481,0.298867347647839,42.7624984248413,40.9108349084923,41.8366666666668,0.717822152768047,58.0732970496964,41.4848000000001,41.5801765844641,0.640656159900876,0.704208413234353
"3778689","2011-04-28",11.4897725060361,0.71111111111111,0.613105413105414,0.466337757394671,42.6989429242459,41.1863904090878,41.9426666666668,0.943400582753586,62.0625082008794,41.5584000000001,41.6948197065355,0.751521861511018,0.713671102889686
"3778688","2011-04-29",11.4698525584433,0.57777777777778,0.609116809116811,0.566951566951569,42.715710303112,41.2922896968883,42.0040000000002,0.815671510844046,58.7773981779524,41.5968000000001,41.7621770789975,0.783503837671629,0.727637649846074
"3778687","2011-05-02",11.7119261821873,0.734693877551023,0.674527588813305,0.632249937011844,42.8318716972421,41.2627949694249,42.0473333333335,0.962692478404019,62.3540170985973,41.6528000000001,41.8738868017978,0.875617184143951,0.75723355670565
"3778686","2011-05-03",11.119578732597,0.490566037735851,0.601012564354885,0.628218987428335,42.864033911611,41.2519660883893,42.0580000000002,0.811401290174387,57.0256717690679,41.6912000000001,41.9173685615581,0.861292646868494,0.778045374738219
"3778685","2011-05-04",10.6427516231247,0.703703703703704,0.64298787299686,0.639509342055018,42.9861788498187,41.219154483515,42.1026666666668,0.947456572611067,61.2994412254042,41.7504000000001,42.0190527533504,0.931273013513678,0.808690902493311
"3778684","2011-05-05",10.1999835929004,0.759259259259258,0.651176333566272,0.631725590306007,43.1102545958699,41.1897454041305,42.1500000000002,0.928705749951385,62.3086213970776,41.8608000000001,42.1231790529036,0.997763574178046,0.846505436830258
"3778683","2011-05-06",9.78884185054921,0.833333333333334,0.765432098765433,0.686532101776189,43.2408185975382,41.1578480691288,42.1993333333335,0.922793627972737,63.6689772126245,41.9472000000001,42.2347551791832,1.06822737793046,0.890849825050299
"3778682","2011-05-09",10.0614185939738,0.661290322580644,0.751294305057746,0.722634245796485,43.352736934713,41.1325963986207,42.2426666666668,0.877153301658549,61.2868630503762,41.9952000000001,42.3101211552921,1.08061900598955,0.928803661238149
"3778681","2011-05-10",10.8258226339257,0.768115942028986,0.754246532647656,0.756990978823613,43.5335310880997,41.0611355785673,42.2973333333335,0.983741373655091,65.4617177936544,42.0416000000001,42.4394383345865,1.16793265097195,0.976629459184909
"3778680","2011-05-11",11.0126009378366,0.308823529411763,0.579409931340466,0.694983589681957,43.5557968360391,41.0708698306279,42.3133333333335,0.609996524138516,50.3544482365779,42.0560000000001,42.3861798899749,0.989691749484889,0.979241917244905
"3778679","2011-05-12",11.1860379343252,0.526315789473685,0.534418420304812,0.622691628097645,43.6354517534741,41.0832149131929,42.3593333333335,0.761469986954515,57.2147829530089,42.0976000000001,42.4466892379783,0.989199037799704,0.981233341355864
"3778678","2011-05-13",11.0974436109356,0.562499999999999,0.465879772961817,0.526569374869032,43.7335848009753,41.126415199025,42.4300000000002,0.805567641656521,59.0432872850516,42.1472000000001,42.5311306729145,1.02234878177223,0.989456429439138
"3778677","2011-05-16",10.5144973549517,0.48,0.522938596491229,0.507745596585953,43.8225547607625,41.1974452392378,42.5100000000002,0.803479401577032,57.7151386355112,42.1840000000001,42.5883132498592,1.01389738537574,0.994344620626458
"3778676","2011-05-17",9.99007554141845,0.346938775510204,0.463146258503402,0.483988209318817,43.7886481890674,41.3833518109329,42.5860000000002,0.611143614468216,55.0480773815041,42.2032000000001,42.6058714832113,0.950669840629614,0.985609664627089
"3778675","2011-05-18",9.49257822214486,0.387755102040815,0.404897959183674,0.463660938059436,43.7618431141977,41.5608235524693,42.6613333333335,0.647810287100626,55.7815936692647,42.2288000000001,42.6317552854498,0.905234489070783,0.969534629515828
"3778674","2011-05-19",9.76504279916841,0.63265306122449,0.455782312925171,0.441275510204083,43.7489981374857,41.780335195848,42.7646666666668,0.849814410634255,59.9992005337263,42.2880000000001,42.7181879140565,0.948915975581244,0.965410898728911
"3778673","2011-05-20",9.54353099977721,0.510204081632653,0.510204081632654,0.456961451247167,43.6851635851767,42.0175030814903,42.8513333333335,0.757046722470747,57.0682258434115,42.3456000000001,42.7610961921823,0.927277003796045,0.957784119742338
"3778672","2011-05-23",9.3378414717711,0.530612244897959,0.557823129251701,0.507936507936509,43.6478310390561,42.1828356276109,42.9153333333335,0.703413606398845,57.4413793962041,42.4128000000001,42.8036166998913,0.907102138462945,0.94764772348646
"3778671","2011-05-24",9.50435836059434,0.612244897959185,0.551020408163266,0.539682539682541,43.6585845455459,42.2894154544545,42.9740000000002,0.801399344574425,58.9773303202332,42.4944000000001,42.8618011399058,0.910622307774034,0.940242640343975
"3778670","2011-05-25",9.14203816094751,0.489795918367347,0.544217687074831,0.551020408163267,43.626605890125,42.420060776542,43.0233333333335,0.668525263617649,55.7283864569317,42.5648000000001,42.8802276545851,0.858231814061061,0.923840475087392
"3778669","2011-05-26",8.80559797556116,0.57142857142857,0.557823129251701,0.551020408163267,43.6356795901301,42.4749870765369,43.0553333333335,0.670587815188785,57.4127286832829,42.6448000000001,42.9175306339737,0.837108031990419,0.906493986467997
"3778668","2011-05-27",8.89555988427156,0.591836734693879,0.551020408163266,0.551020408163267,43.62279590239,42.5772040976104,43.1000000000002,0.735911055862289,57.8445296567068,42.7248000000001,42.9551932161106,0.818361944210366,0.888867578016471
"3778667","2011-05-31",8.97909594235979,0.612244897959185,0.591836734693879,0.566893424036283,43.6412430475953,42.6174236190717,43.1293333333335,0.725300145943852,58.2998593841539,42.7888000000001,42.9931674539625,0.801685437133415,0.87143114983986
"3778666","2011-06-01",8.84741007930754,0.343749999999998,0.515943877551022,0.55293367346939,43.6131115542262,42.7215551124408,43.1673333333335,0.671236120913207,56.9743997578728,42.8320000000001,43.0154117934341,0.76457447427678,0.850059814727244
"3778665","2011-06-02",8.72513034933044,0.437500000000001,0.464498299319729,0.524092970521544,43.6289103645679,42.7550896354325,43.1920000000002,0.722776434771838,58.4985853074178,42.8832000000001,43.0506902209763,0.748980165056579,0.829843884793111
"3778664","2011-06-03",8.90513288042569,0.375000000000003,0.385416666666668,0.45528628117914,43.6436294707271,42.7803705292732,43.2120000000002,0.686888690734512,57.0476694299365,42.9136000000001,43.0705981915128,0.713346263159664,0.806544360466422
"3778663","2011-06-06",9.53878691859128,0.63333333333333,0.481944444444446,0.443953136810282,43.7021728783644,42.7764937883026,43.2393333333335,0.918431546625166,60.7198399991041,42.9648000000001,43.1251850993111,0.729064391752421,0.791048366723622
"3778662","2011-06-07",10.1271799540308,0.75,0.586111111111112,0.484490740740743,43.7756683211975,42.7683316788028,43.2720000000002,0.957973346662385,62.6831450391502,43.0064000000001,43.1938270860696,0.76247236416811,0.785333166212519
"3778661","2011-06-08",9.77568829740281,0.391304347826086,0.591545893719806,0.553200483091789,43.7835320712681,42.7658012620656,43.2746666666668,0.767261241912268,57.2868895002331,43.0528000000001,43.2159834745936,0.728116865314066,0.773889906032829
"3778660","2011-06-09",9.66458755638393,0.479999999999997,0.540434782608695,0.572697262479872,43.7541163117169,42.9018836882834,43.3280000000002,0.881742407398625,58.9191484711916,43.0848000000001,43.2511856779812,0.714995422965248,0.762111009419313
"3778659","2011-06-10",9.70453444274039,0,0.290434782608695,0.474138486312399,43.7449965593029,42.9376701073641,43.3413333333335,0.440544497353107,50.5910437238781,43.0928000000001,43.2176942542503,0.607995278023088,0.731287863140068
"3778658","2011-06-13",11.8926188079804,0,0.16,0.330289855072464,43.9541303931288,42.6178696068715,43.2860000000002,-0.372584163205153,35.6624652349144,43.0416000000001,43.0126683536836,0.272896441440862,0.639609578800227
"3778657","2011-06-14",13.9705559376463,0,7.40148683083438e-16,0.150144927536233,44.1048932041435,42.3311067958569,43.2180000000002,-0.216734172386381,35.3223196979114,42.9952000000001,42.8296459065258,-0.00127165486761838,0.511433332066658
"3778656","2011-06-15",16.5974709643983,0,7.40148683083438e-16,0.0533333333333346,44.3585126565761,41.9201540100909,43.1393333333335,-0.262534804309316,30.0713455346306,42.9024000000001,42.5803597856557,-0.344370506950353,0.340272564263255
"3778655","2011-06-16",20.1810977800827,0,7.40148683083438e-16,1.61907524424502e-15,44.8574657129978,41.1105342870025,42.9840000000002,-0.328411210961953,20.9820215069988,42.7856000000001,42.1189784809016,-0.959220581593923,0.0803739350918198
"3778654","2011-06-17",23.5087512517896,0.0573770491803281,0.0191256830601101,0.00637522768670474,45.1192788952783,40.4820544380553,42.8006666666668,-0.149957755507292,24.7113703508831,42.6480000000001,41.7564480167814,-1.3829007615664,-0.212281004239824
"3778653","2011-06-20",26.4064864890164,0.122950819672131,0.0601092896174872,0.0264116575592002,45.2386122356093,40.037387764391,42.6380000000002,-0.00206126418570652,28.8446184651668,42.5136000000002,41.4849216145439,-1.64168227151383,-0.498161257694626
"3778652","2011-06-21",27.4365122360957,0.19672131147541,0.125683060109291,0.0683060109289635,45.2458917496059,39.7607749170611,42.5033333333335,0.138415480675674,33.2821488490974,42.3984000000001,41.2975987326047,-1.75857959596466,-0.750244925348633
"3778651","2011-06-22",27.6451122398429,0.426229508196722,0.248633879781422,0.144808743169401,45.155285436947,39.6527145630534,42.4040000000002,0.31753983310537,44.8132023486091,42.3376000000002,41.2845855682574,-1.61415288937844,-0.923026518154594
"3778650","2011-06-23",28.3721822126342,0.303278688524591,0.308743169398908,0.227686703096541,45.0823057578379,39.5016942421625,42.2920000000002,0.266094928903951,40.7499658818399,42.2496000000001,41.1933074924898,-1.59891709868936,-1.05820463426155
"3778649","2011-06-24",28.9721149945748,0.385245901639345,0.371584699453553,0.309653916211295,44.9804555953899,39.4048777379437,42.1926666666668,0.333918559891783,44.3712205916671,42.1584000000001,41.1675331601578,-1.49145478766695,-1.14485466494263
"3778648","2011-06-27",29.5291954349481,0.401639344262295,0.363387978142078,0.347905282331514,44.8511629577044,39.3315037089625,42.0913333333335,0.360257074110275,45.0939986560906,42.0800000000001,41.1558620721367,-1.37477606427983,-1.19083894481007
"3778647","2011-06-28",30.2010573556964,0.368852459016394,0.385245901639345,0.373406193078326,44.705413831288,39.2559195020456,41.9806666666668,0.346958277298345,43.8664118181517,41.9936000000001,41.1244137958519,-1.29876718578135,-1.21242459300432
"3778646","2011-06-29",30.3878458339634,0.352941176470588,0.374477659916426,0.374370513232617,44.5473871444516,39.1952795222153,41.8713333333335,0.362110396111246,42.922642458973,41.8960000000002,41.0811586230716,-1.24780916470667,-1.21950150734479
"3778645","2011-06-30",30.5612922780684,0.536082474226805,0.419292036571263,0.393005199375679,44.3609912303125,39.1790087696878,41.7700000000001,0.420879701327527,47.0147949569836,41.8240000000002,41.0970041399954,-1.11601941449169,-1.19880508877417
"3778644","2011-07-01",30.4402434142992,0.697674418604652,0.528899356434016,0.440889684307236,44.166558892216,39.1974411077843,41.6820000000001,0.486181316353188,50.0971854875523,41.7584000000001,41.153403587996,-0.937920562889205,-1.14662818359718
"3778643","2011-07-05",29.440035623862,0.77922077922078,0.670992557350746,0.539727983452009,43.9079524899351,39.2680475100652,41.5880000000002,0.534196102582895,50.0971854875523,41.6912000000001,41.2022831095965,-0.787704420231761,-1.07484343092409
"3778642","2011-07-06",28.5112712470274,0.883116883116884,0.786670693647439,0.662187535810735,43.6107116088261,39.3879550578409,41.4993333333335,0.60909145746492,53.2512625191314,41.6352000000001,41.287312028317,-0.59918122854804,-0.979710990448884
"3778641","2011-07-07",27.8426434376033,0.805555555555555,0.822631072631073,0.760098107876421,43.3215107293645,39.5131559373024,41.4173333333335,0.628489429176379,51.925862640056,41.5776000000001,41.3450037578747,-0.467920958191226,-0.877352983997352
"3778640","2011-07-08",27.4168800879654,0.734375,0.80768247955748,0.805661415278665,42.9465233722475,39.7054766277528,41.3260000000001,0.654476842247632,50.5703679678172,41.5104000000001,41.3790032568248,-0.382921308207018,-0.778466648839285
"3778639","2011-07-11",27.0215284061587,0.745454545454545,0.761795033670034,0.79736952861953,42.6276433307087,39.8803566692916,41.2540000000002,0.718154640267515,51.9219597266519,41.4512000000001,41.4244694892481,-0.288866679478195,-0.680546654967067
"3778638","2011-07-12",26.8648040084225,0.595238095238095,0.691689213564214,0.75372224226391,42.5693433233061,39.8999900100276,41.2346666666668,0.686811788527925,50.43674285667,41.3760000000001,41.4478735573484,-0.23500062042624,-0.591437448058902
"3778637","2011-07-13",27.5226980214139,0.285714285714284,0.542135642135642,0.665206629789964,42.4920966819456,39.9039033180547,41.1980000000002,0.505924338400329,44.4968954302696,41.2736000000001,41.3988237497019,-0.290209040261513,-0.531191766499424
"3778636","2011-07-14",28.4981492759804,0,0.293650793650794,0.509158549783551,42.4806028790888,39.8887304542448,41.1846666666668,0.433895923390672,41.6523851745221,41.1712000000001,41.318980583075,-0.384290514333385,-0.501811516066216
"3778635","2011-07-15",29.7798411418608,0,0.0952380952380953,0.310341510341511,42.3998324695914,40.0521675304089,41.2260000000002,0.278787285755378,38.6142828521906,41.0512000000001,41.2071165053317,-0.515799299054065,-0.504609072663786
"3778634","2011-07-18",31.4530780962562,0,7.03141248929266e-16,0.129629629629631,42.3166750103972,40.1859916562698,41.2513333333335,0.0503789907850974,34.5441132029261,40.9312000000001,41.0461676379541,-0.706690357994488,-0.545025329729927
"3778633","2011-07-19",33.0067981253376,0,7.03141248929266e-16,0.0317460317460332,42.2938644269939,40.2221355730064,41.2580000000002,-0.0299921357405467,34.5441132029261,40.8640000000001,40.9066786195602,-0.849150491644812,-0.605850362112904
"3778632","2011-07-20",33.7028703781763,0.0877192982456152,0.0292397660818725,0.00974658869395885,42.3091553166873,40.1921780166463,41.2506666666668,0.0855726306954273,37.7165663022116,40.8064000000001,40.8124548036189,-0.912705769455113,-0.667221443581346
"3778631","2011-07-21",33.5441287945897,0.0877192982456152,0.0584795321637442,0.0292397660818733,42.3131249804339,40.0948750195664,41.2040000000002,0.167605839584856,37.7165663022116,40.7760000000001,40.7307941631364,-0.952486653248352,-0.724274485514747
"3778630","2011-07-22",33.3967258955449,0.157894736842105,0.111111111111112,0.0662768031189106,42.3288751501843,40.0284581831494,41.1786666666668,0.196286944202398,40.3968163403643,40.8256000000001,40.6813549413848,-0.941697459827429,-0.767759080377283
"3778629","2011-07-25",33.6704304865173,0.0350877192982448,0.093567251461989,0.0877192982456161,42.3468042568628,39.9078624098042,41.1273333333335,0.136181020714515,37.3663712453842,40.8528000000001,40.6011742825335,-0.977683164493592,-0.809743897200545
"3778628","2011-07-26",32.0767391837345,0.157894736842105,0.116959064327486,0.10721247563353,42.3266810965968,39.8626522367369,41.0946666666668,0.326300735769587,42.0481538049495,40.8784000000001,40.5690177115291,-0.939912353131933,-0.835777588386823
"3778627","2011-07-27",31.4603089511972,0,0.0643274853801173,0.0916179337231982,42.3484292301283,39.735570769872,41.0420000000002,0.136923820751569,36.2172738346587,40.8672000000001,40.4664820166585,-1.01005754778476,-0.87063358026641
"3778626","2011-07-28",31.1604168704275,0,0.052631578947369,0.0779727095516582,42.3850069033363,39.5683264299974,40.9766666666668,0.0917179776387879,34.3834273123388,40.8032000000001,40.3509510811041,-1.09354217217641,-0.91521529864841
"3778625","2011-07-29",31.8001947381635,0,6.8463753185218e-16,0.0389863547758299,42.4435281080383,39.3058052252953,40.8746666666668,0.00452390961060488,28.2266756444121,40.7312000000001,40.1441576036235,-1.30603126350776,-0.993378491620279
"3778624","2011-08-01",31.0717242975486,0.477611940298508,0.159203980099503,0.0706118530156252,42.357607344713,39.269059321954,40.8133333333335,0.361855259001062,45.1499431728791,40.6944000000001,40.1356032564737,-1.20408406519021,-1.03551960633427
"3778623","2011-08-02",30.493160826187,0.454545454545456,0.310719131614655,0.156641037238054,42.2383858448448,39.2442808218222,40.7413333333335,0.354825845010596,44.4445929760608,40.6512000000001,40.1175228222772,-1.12641324562348,-1.05369833419211
"3778622","2011-08-03",30.4291838087245,0.322580645161292,0.418246013335086,0.296056375016416,42.0681210515976,39.2078789484027,40.6380000000002,0.23964907871434,40.9959866936113,40.5984000000001,40.0485197793069,-1.13244134511983,-1.06944693637765
"3778621","2011-08-04",31.4054621115667,0,0.259042033235583,0.329335726061776,41.9274297306875,39.0872369359795,40.5073333333335,0.0725642279417921,33.2227342980948,40.5056000000001,39.8393838087327,-1.34859347625821,-1.12527624435376
"3778620","2011-08-05",33.6271719127564,0,0.107526881720431,0.261604976097034,42.2285876670021,38.3074123329982,40.2680000000002,-0.323222560849918,22.8783529412212,40.2976000000001,39.3274659675683,-2.00624251330104,-1.30146949814322
"3778619","2011-08-08",36.3311223448374,0,6.66133814775094e-16,0.122189638318673,42.9651199780617,36.8388800219386,39.9020000000002,-0.376339599022862,17.6332203794483,39.9888000000001,38.5904705052259,-2.96317980478733,-1.63381155947204
"3778618","2011-08-09",36.5166564572129,0,6.66133814775094e-16,0.0358422939068117,43.1610592680528,35.9789407319475,39.5700000000001,-0.123307265699132,17.3221803711078,39.6736000000001,37.9304077711958,-3.73438874950176,-2.05392699747799
"3778617","2011-08-10",36.6889381329901,0.204188481675393,0.0680628272251316,0.0226876090750452,43.1185871894454,35.5134128105549,39.3160000000002,0.0815129925881978,30.2422883702365,39.4080000000001,37.566353401703,-3.98103809446633,-2.43934921687565
"3778616","2011-08-11",37.1527158829476,0.115183246073299,0.106457242582898,0.0581733566026776,43.1332109974196,34.9227890025807,39.0280000000001,0.0402591159090718,28.1754035672983,39.1200000000001,37.1601729481426,-4.28200622706122,-2.80788061891277
"3778615","2011-08-12",37.0691416198781,0.319371727748691,0.212914485165795,0.129144851657942,42.9907430404427,34.6399236262242,38.8153333333335,0.217153505202317,38.5510764319691,38.8992000000001,37.0161498883902,-4.13900867887238,-3.07410623090469
"3778614","2011-08-15",35.2328180191808,0.456521739130435,0.297025570984142,0.205465766244279,42.8304427223918,34.5428906109418,38.6866666666668,0.38335920502614,43.7150419651733,38.7104000000001,37.0139965699382,-3.78212820266901,-3.21571062525755
"3778613","2011-08-16",33.5276603899619,0.489130434782609,0.421674633887246,0.310538230012395,42.6704256938017,34.442907639532,38.5566666666668,0.37886180740137,45.0132234600874,38.5360000000001,37.0441303606131,-3.40749730817097,-3.25406796184024
"3778612","2011-08-17",31.9442997342586,0.494565217391304,0.480072463768117,0.399590889546502,42.4637493607171,34.3709173059499,38.4173333333335,0.397357728290244,45.2399177558409,38.3840000000001,37.0755796458647,-3.06631287430901,-3.21651694433399
"3778611","2011-08-18",31.661150865095,0.222826086956522,0.402173913043479,0.434640336899615,42.2611352498073,34.118864750193,38.1900000000002,0.221207984909407,37.0214563822867,38.1632000000001,36.8361690264161,-3.1960833166031,-3.21243021878781
"3778610","2011-08-19",31.3982269151574,0.269230769230769,0.328874024526199,0.403706800445933,42.0019603080902,33.9287063585768,37.9653333333335,0.254910884874854,38.9329818641412,37.9680000000001,36.6713464895606,-3.19494162630555,-3.20893250029136
"3778609","2011-08-22",31.3478525403218,0.21978021978022,0.237279025322504,0.322775654297395,41.7479483424232,33.7293849909105,37.7386666666668,0.246588021953231,37.5520926787369,37.7776000000001,36.4805002909525,-3.23831300651074,-3.21480860153524
"3778608","2011-08-23",31.3010763351173,0.21978021978022,0.236263736263737,0.267472262037481,41.3659198825162,33.5940801174841,37.4800000000002,0.244376270390253,37.5520926787369,37.5872000000001,36.3151002521588,-3.23778699621553,-3.2194042804713
"3778607","2011-08-24",31.5085637985169,0.210144927536231,0.216568455698891,0.230037072428379,41.0412996489737,33.4413670176933,37.2413333333335,0.24719074147769,35.7544995195159,37.3712000000001,36.1130868852043,-3.29968295274953,-3.23546001492694
"3778606","2011-08-25",31.7012307288165,0.427536231884058,0.285820459733504,0.246217550565378,40.6915825762437,33.41775075709,37.0546666666668,0.367836738979574,43.6737064248766,37.2032000000001,36.0980086338438,-3.0470882353002,-3.19778565900159
"3778605","2011-08-26",31.1687357629903,0.420289855072464,0.352657004830919,0.285015306754439,40.3993948399727,33.4046051600276,36.9020000000002,0.40917048797692,43.4813064608266,37.0272000000001,36.0796074826646,-2.82336215973064,-3.1229009591474
"3778604","2011-08-29",30.140959800906,0.405172413793103,0.417666166916542,0.352047877160323,39.8291924528751,33.6081408804585,36.7186666666668,0.500214326037592,46.2845542521141,36.8800000000001,36.122326484976,-2.51866479552161,-3.00205372642224
"3778603","2011-08-30",28.80046822764,0.560344827586206,0.461935698817259,0.410752956854907,39.2308630522065,33.9078036144604,36.5693333333335,0.641021657835245,50.6021495182064,36.7504000000001,36.2553496203125,-2.09242728173247,-2.82012843748429
"3778602","2011-08-31",26.9454612327897,0.688073394495413,0.551196878624908,0.476932914786237,38.7605422097688,34.1861244568982,36.4733333333335,0.827910584698682,54.3353711743456,36.6704000000001,36.4613030042708,-1.58587315235075,-2.57327738045758
"3778601","2011-09-01",26.397888788933,0.34862385321101,0.532347358430877,0.515159978624349,38.2629113752205,34.4504219581132,36.3566666666668,0.658251805401975,46.1588559850409,36.5392000000001,36.4424626037014,-1.49470556226522,-2.35756301681911
"3778600","2011-09-02",25.8894286624947,0.534090909090909,0.523596052265778,0.535713429773856,38.2475516388818,34.4524483611186,36.3500000000002,0.646680241860135,48.2007561243351,36.4544000000001,36.4741342565412,-1.32758402370592,-2.15156721819647
"3778599","2011-09-06",26.1398094635233,0.227272727272728,0.369995829858217,0.475313080184958,38.1397292345208,34.7176040988128,36.4286666666668,0.40590642152729,42.9395680285345,36.2752000000001,36.3575830223357,-1.41785752680496,-2.00482527991817
"3778598","2011-09-07",25.4566765529817,0.659090909090909,0.47348484848485,0.455692243536283,38.191239403529,34.8980939298047,36.5446666666668,0.76378022884124,51.0394834601054,36.1600000000001,36.4592386193576,-1.13990832725791,-1.83184188938612
"3778597","2011-09-08",24.7423531976156,0.795454545454546,0.560606060606062,0.468028912983044,38.3424816728803,34.9095183271201,36.6260000000002,0.830326859271696,53.2942328203328,36.0800000000001,36.6113401367766,-0.804714413247243,-1.62641639415834
"3778596","2011-09-09",24.2312902360828,0.738636363636363,0.731060606060607,0.58838383838384,38.3919086714197,35.097424661914,36.7446666666668,0.767720224913811,52.2152291760493,36.0368000000001,36.7164947852064,-0.576899112795015,-1.41651293788568
"3778595","2011-09-12",23.7567317718024,0.738636363636363,0.757575757575758,0.68308080808081,38.4880436612204,35.1186230054466,36.8033333333335,0.744354569359661,52.2152291760493,36.0928000000001,36.8076288138455,-0.392093658306525,-1.21162908196985
"3778594","2011-09-13",24.0139142583786,0.477272727272727,0.651515151515152,0.71338383838384,38.3911170880701,35.1275495785969,36.7593333333335,0.524717327413128,47.1251700679191,36.2000000000001,36.7639449719995,-0.442095779466178,-1.05772242146911
"3778593","2011-09-14",24.2527265673423,0.411764705882352,0.542557932263815,0.650549613784909,38.321702064195,35.1356312691386,36.7286666666668,0.568422836158597,48.5346176801107,36.3232000000001,36.7580856423995,-0.42430482631195,-0.93103890243768
"3778592","2011-09-15",23.8656099238096,0.485294117647059,0.458110516934047,0.550727866904339,38.2739015896204,35.1487650770466,36.7113333333335,0.669165943484208,49.737024921361,36.3920000000001,36.7796742234129,-0.362183832679175,-0.817267888485979
"3778591","2011-09-16",23.6751895806512,0.411764705882352,0.436274509803922,0.478980986333929,38.2878743930711,35.2414589402625,36.7646666666668,0.572872529515027,48.516324881868,36.4800000000001,36.7717176602912,-0.35272509945794,-0.724359330680371
"3778590","2011-09-19",23.9532504032424,0.205882352941175,0.36764705882353,0.420677361853834,38.2766726243553,35.2926607089784,36.7846666666668,0.366622516502281,45.1731990971038,36.4832000000001,36.6901553055857,-0.462882258241804,-0.672063916192658
"3778589","2011-09-20",23.530117415225,0.441176470588234,0.352941176470588,0.385620915032681,38.2577237193719,35.4396096139618,36.8486666666668,0.548968918517143,49.4594848096015,36.4752000000001,36.704801264841,-0.405039647733185,-0.618659062500763
"3778588","2011-09-21",23.0340434419656,0.454545454545453,0.367201426024955,0.362596553773025,38.1897259977304,35.6596073356032,36.9246666666668,0.53504446965027,49.4594848096015,36.4576000000001,36.7174944295288,-0.355101338266828,-0.565947517653976
"3778587","2011-09-22",23.4160696745457,0.080645161290321,0.32545569547467,0.348532765990072,38.0574043224525,35.8785956775478,36.9680000000002,0.14139423847031,43.3220535832344,36.3984000000001,36.595161838925,-0.529474759041249,-0.558652965931431
"3778586","2011-09-23",24.0085465122235,0,0.178396871945259,0.290351331148296,38.0769800555269,35.8430199444735,36.9600000000002,0.0404274849908978,41.5454317745291,36.4064000000001,36.446473593735,-0.730788756847922,-0.593080124114729
"3778585","2011-09-26",24.6777872311049,0,0.026881720430108,0.176911429283347,38.1719252912563,35.6734080420774,36.9226666666668,-0.0613996329734323,40.6478415170187,36.3952000000001,36.2962771145703,-0.916413550903528,-0.657746809472489
"3778584","2011-09-27",24.1923451734891,0.0869565217391312,0.0289855072463781,0.0780880332072494,38.2019404808684,35.566059519132,36.8840000000002,0.144394664652831,42.6494021256366,36.4080000000001,36.1981068326276,-0.999547378765997,-0.72610692333119
"3778583","2011-09-28",23.9194894765719,0.0144927536231881,0.0338164251207741,0.0298945509324212,38.2252767167347,35.3600566165989,36.7926666666668,0.04651535033141,41.3965500022226,36.4128000000001,36.0863592549439,-1.09806015837642,-0.800497570340237
"3778582","2011-09-29",23.3418143213594,0.0869565217391312,0.0628019323671512,0.0418679549114356,38.0786468158035,35.2800198508635,36.6793333333335,0.152448618964944,43.1936347216302,36.4432000000001,36.0161780209514,-1.11905299643115,-0.864208655558419
"3778581","2011-09-30",22.1837411575283,0.156249999999999,0.0858997584541072,0.0608393719806786,38.0555790246619,35.2044209753384,36.6300000000002,0.269684228195406,44.6557858479613,36.4320000000001,35.9766876181579,-1.08754109718742,-0.908875143884219
"3778580","2011-10-03",21.826398081819,0,0.0810688405797112,0.0765901771336576,38.0623664002868,35.0549669330468,36.5586666666668,0.141329102296892,39.7033423769392,36.3936000000001,35.8464626024035,-1.21074607341207,-0.969249329789789
"3778579","2011-10-04",22.8294558644064,0,0.0520833333333341,0.073017310789052,38.3345406159948,34.5654593840055,36.4500000000002,-0.167713565127541,30.5743358997312,36.2656000000001,35.493600922083,-1.69819569383692,-1.11503860259922
"3778578","2011-10-05",23.7608666625232,0.277777777777777,0.0925925925925933,0.0752482555018806,38.2911400220185,34.3368599779818,36.3140000000002,0.0901487379198391,40.411157985739,36.1568000000001,35.3477874658053,-1.79473694163853,-1.25097827040708
"3778577","2011-10-06",23.752589731582,0.424528301886792,0.234102026554857,0.126259317493596,38.0969857392294,34.287014260771,36.1920000000002,0.271126895586896,44.6351545246475,36.0448000000001,35.3014158036979,-1.71520643047396,-1.34382390242046
"3778576","2011-10-07",23.0493212944652,0.613207547169811,0.438504542278128,0.255066387141861,37.9011836874988,34.3254829791682,36.1133333333335,0.483220072121704,49.7498458201343,36.0240000000001,35.3678936965382,-1.45260200563526,-1.36557952306342
"3778575","2011-10-10",22.216332101608,0.716981132075472,0.584905660377359,0.419170743070116,37.7072225765069,34.3967774234934,36.0520000000002,0.605121814111027,52.3568013242197,36.0064000000001,35.4841745369998,-1.13124113344151,-1.31871184513903
"3778574","2011-10-11",21.7306553625287,0.723404255319149,0.684530978188145,0.569313726947878,37.6393298997356,34.4033367669314,36.0213333333335,0.56345295706955,50.3124584162642,36.0192000000001,35.5422845987331,-0.938663763643133,-1.24270222883985
"3778573","2011-10-12",21.3164271377896,0.736263736263736,0.72554970788612,0.664995448817209,37.5408508925363,34.4164824407973,35.9786666666668,0.536700750387709,50.0493867383851,35.9696000000001,35.5873133189021,-0.786081306838415,-1.15137804443957
"3778572","2011-10-13",20.931786643389,0.747252747252747,0.735640246278545,0.715240310784271,37.3707615518433,34.4665717814904,35.9186666666668,0.541778720719905,50.3290822029827,35.9024000000001,35.6316715430485,-0.648633415560473,-1.05082911866375
"3778571","2011-10-14",19.9282022502683,0.79120879120879,0.758241758241759,0.739810570802142,37.26522436396,34.5041089693736,35.8846666666668,0.652836785027979,51.4989595445001,35.8496000000001,35.691448670642,-0.497812625685357,-0.94022582006807
"3778570","2011-10-17",18.9431911712027,0.835164835164835,0.791208791208791,0.761696931909699,37.2702401397992,34.5030931935344,35.8866666666668,0.695146846367802,52.6987231736262,35.8032000000001,35.7645888478897,-0.338371062111431,-0.819854868476742
"3778569","2011-10-18",18.2706168504891,0.780219780219779,0.802197802197802,0.783882783882785,37.147090964226,34.5489090357743,35.8480000000001,0.640611144020574,51.0004280809718,35.7856000000001,35.8013103348378,-0.25426585527023,-0.70673706583544
"3778568","2011-10-19",17.3532598054171,0.890109890109889,0.835164835164835,0.809523809523811,37.0540918259271,34.5952415074065,35.8246666666668,0.793633164475929,54.1807817354117,35.7744000000001,35.8864689568594,-0.0965805476170756,-0.584705762191767
"3778567","2011-10-20",17.0053831619266,0.780219780219779,0.816849816849817,0.818070818070819,37.0601144709785,34.5945521956885,35.8273333333335,0.667372234237313,50.6410487360791,35.7392000000001,35.9069397626115,-0.0609125207658545,-0.479947113906585
"3778566","2011-10-21",16.4932613007402,0.769230769230768,0.813186813186813,0.821733821733823,37.0894365928322,34.5972300738348,35.8433333333335,0.664512851111866,50.287240672136,35.7104000000001,35.9193477942633,-0.0411590655020833,-0.392189504225684
"3778565","2011-10-24",15.9519926957685,0.85245901639344,0.800636521947997,0.810224383994877,37.1737710302783,34.6195623030553,35.8966666666668,0.770142370373165,54.4040194077899,35.7232000000001,35.9941014216948,0.0811851040860345,-0.297514582563341
"3778564","2011-10-25",15.7302114877971,0.695652173913043,0.772447319845751,0.795423551660188,37.220219009596,34.6224476570709,35.9213333333335,0.699658321030585,52.4548536318658,35.7024000000001,36.0322212321355,0.131678359227805,-0.211675994205112
"3778563","2011-10-26",15.0984046009403,0.400000000000002,0.649370396768829,0.74081807952086,37.2809506997082,34.6643826336254,35.9726666666668,0.709179856785679,52.4548536318658,35.6816000000001,36.0652584011841,0.169683271464161,-0.135404141071257
"3778562","2011-10-27",14.1661177858714,0.545454545454545,0.547035573122531,0.656284429912371,37.3772956373339,34.677371029333,36.0273333333335,0.786180830522755,55.4187267493413,35.7136000000001,36.1365572810262,0.268108144198753,-0.0547016840172551
"3778561","2011-10-28",13.9381009373719,0.395833333333333,0.447095959595961,0.547833976495775,37.4979045572018,34.6620954427984,36.0800000000001,0.833825948248173,55.7897245509062,35.7600000000001,36.2036829768894,0.350759799109412,0.0263906126080784
"3778560","2011-10-31",13.7263710066224,0.437499999999999,0.45959595959596,0.484575830771485,37.5932460989469,34.7147539010534,36.1540000000001,0.780007707017484,56.5681937580728,35.8160000000001,36.2725252466375,0.428900554624767,0.106892601011416
"3778559","2011-11-01",13.0867986118003,0.29787234042553,0.377068557919622,0.427920159037182,37.3377216870935,35.2556116462401,36.2966666666668,0.735338185967843,53.5233338712341,35.8528000000001,36.3001885470858,0.432352047077988,0.171984490224731
"3778558","2011-11-02",12.8177460629615,0.555555555555556,0.430309298660363,0.422324605391983,37.2405526522128,35.6034473477874,36.4220000000001,0.97522905087216,58.709240123747,35.9184000000001,36.3934967408077,0.544071237137911,0.246401839607367
"3778557","2011-11-03",12.5679115533254,0.555555555555556,0.469661150512215,0.425679669030734,37.2321427542359,35.7998572457643,36.5160000000001,0.977558416917699,58.709240123747,35.9760000000001,36.4743638420334,0.625001765134781,0.322121824712849
"3778556","2011-11-04",12.8020194716241,0.638297872340426,0.58313632781718,0.494368925663254,37.3701923929589,35.7991409403747,36.5846666666668,1.03594680086061,60.6669285520291,36.0352000000001,36.5711153297622,0.724562663814687,0.402609992533217
"3778555","2011-11-07",13.4517320938675,0.62962962962963,0.607827685841872,0.553541721390424,37.547296843443,35.7447031565573,36.6460000000001,1.04403090047476,62.2105333891324,36.1296000000001,36.6762999524606,0.828625979061859,0.487813189838945
"3778554","2011-11-08",14.456071605259,0.622950819672133,0.630292773880731,0.607085595846595,37.7410678138267,35.7109321861736,36.7260000000001,1.04216410552772,63.7428774441646,36.3024000000001,36.7887932921325,0.934833576221883,0.577217267115533
"3778553","2011-11-09",15.5549433094942,0.718750000000001,0.657110149767255,0.63174353649662,37.9556005583736,35.6950661082933,36.8253333333335,1.05503098686328,66.655131223048,36.4400000000001,36.9289541865149,1.07582872683865,0.676939559060155
"3778552","2011-11-10",15.6167128449377,0.50877192982456,0.616824249832232,0.634742391160074,38.0511976527446,35.7714690139223,36.9113333333335,0.872266528662348,60.1512143928898,36.5376000000001,36.9970936283129,1.08705007446093,0.75896166214031
"3778551","2011-11-11",17.2779113717903,0.430232558139534,0.552584829321365,0.608839742973619,38.2945503337769,35.7387829995567,37.0166666666668,1.04647645267471,63.2413373740702,36.6160000000001,37.0988144778712,1.15193087210779,0.837555504133805
"3778550","2011-11-14",18.8204528610106,0.488372093023256,0.475792193662451,0.548400424272017,38.4717994631289,35.7482005368714,37.1100000000001,0.934474151801493,65.0647670449406,36.6848000000001,37.213639214155,1.23191163252121,0.916426729811286
"3778549","2011-11-15",21.1133694506517,0.602272727272728,0.506959126145173,0.511778716376331,38.794739730219,35.7105936031146,37.2526666666668,1.08816927773229,70.1650000588148,36.7920000000001,37.3984873189343,1.41627469521366,1.01639632289176
"3778548","2011-11-16",23.2425062838898,0.670454545454547,0.587033121916844,0.523261480574824,39.0938502726347,35.6714830606989,37.3826666666668,1.01543270805299,71.8260766371082,36.9104000000001,37.5906890097431,1.59379543840312,1.13187614599403
"3778547","2011-11-17",23.5017613024133,0,0.424242424242426,0.506078224101483,39.2592175524773,35.3861157808563,37.3226666666668,-0.0893639778309988,32.5129005265877,36.8336000000001,37.1119304751107,0.682876812551814,1.04207627930559
"3778546","2011-11-18",24.7171046852298,0,0.22348484848485,0.411586798214708,39.8981065837933,34.397893416207,37.1480000000001,-0.297787261384603,26.1447915326431,36.6704000000001,36.4303397450959,-0.483679583532948,0.736925106737882
"3778545","2011-11-21",26.4340455848978,0,7.7715611723761e-16,0.215909090909094,40.6616445686961,33.0943554313042,36.8780000000001,-0.25209671918193,22.3699817428559,36.4368000000001,35.6262944457498,-1.76886073253002,0.235767938884302
"3778544","2011-11-22",28.3855164356851,0,7.7715611723761e-16,0.0744949494949519,41.4393608878431,31.6486391121572,36.5440000000001,-0.192900907147361,20.1037249767722,36.1648000000001,34.7747885196498,-3.05017034019816,-0.42141971693219
"3778543","2011-11-23",30.2331184137685,0,7.7715611723761e-16,2.24820162486594e-15,41.9901415203547,30.3858584796456,36.1880000000001,-0.0849564317060424,19.8793606344767,35.8720000000001,34.0208167170299,-4.08126849046959,-1.15338947163967
"3778542","2011-11-25",31.6993300873793,0,7.7715611723761e-16,2.24820162486594e-15,42.318594297618,29.3174057023822,35.8180000000001,0.00635282666755681,19.6432716047867,35.5904000000001,33.3513744880925,-4.90034254733004,-1.90278008677774
"3778541","2011-11-28",32.6809179551053,0.0581818181818182,0.0193939393939402,0.00646464646464872,42.4180490523309,28.5099509476694,35.4640000000001,0.10330066039121,24.7745060095375,35.3360000000001,32.8565245563469,-5.35440985040957,-2.59310603950411
"3778540","2011-11-29",33.6087738111745,0.0545454545454547,0.0375757575757584,0.0189898989899013,42.4456563677568,27.7623436322435,35.1040000000001,0.136049432695455,24.6684813898583,35.0608000000001,32.4223212821673,-5.67422346765799,-3.20932952513489
"3778539","2011-11-30",33.9342437046098,0.0763636363636364,0.0630303030303039,0.0400000000000023,42.3799718255881,27.1573615077455,34.7686666666668,0.191993254194311,26.695547931152,34.8032000000001,32.0780117778783,-5.81273526428863,-3.73001067296563
"3778538","2011-12-01",34.2769372219601,0.0690909090909092,0.0666666666666675,0.0557575757575781,42.2031017929678,26.6168982070325,34.4100000000001,0.218768376842651,26.4401492712741,34.5424000000001,31.7689435408279,-5.88404853831431,-4.16081824603537
"3778537","2011-12-02",34.0412310731716,0.134545454545455,0.0933333333333342,0.0743434343434367,41.9287957161379,26.237870950529,34.0833333333335,0.282252052208205,32.6823261178863,34.2976000000001,31.5970844020508,-5.69762434499886,-4.46817946582807
"3778536","2011-12-05",33.6383253747962,0.127272727272727,0.110303030303031,0.0901010101010124,41.5679576159299,25.9227090507371,33.7453333333335,0.303220341700664,32.3538053933087,34.0480000000001,31.437473148444,-5.51002698326688,-4.67654896931583
"3778535","2011-12-06",33.0275970592464,0.152416356877323,0.138078179565169,0.113904847733846,41.1128151595244,25.7045181738092,33.4086666666668,0.336754617615081,34.4815493692577,33.8048000000001,31.3311433953182,-5.24165312854219,-4.7895698011611
"3778534","2011-12-07",32.633125579798,0.172413793103448,0.1507009590845,0.133027389650902,40.5618284603298,25.5528382063372,33.0573333333335,0.349601252640364,33.3518054031078,33.5616000000001,31.2069909426091,-5.03462244445506,-4.8385803298199
"3778533","2011-12-08",32.2668306345959,0.265151515151515,0.196660555044096,0.161813231231257,39.8889009337689,25.4777657328981,32.6833333333335,0.35543586231794,33.3518054031078,33.2976000000001,31.0993921502612,-4.81693348270811,-4.83425096039754
"3778532","2011-12-09",31.6513055623927,0.457446808510638,0.298337372255201,0.215232962127934,39.1908115517749,25.487855114892,32.3393333333335,0.393502300758578,36.5656569243978,33.0464000000001,31.0488065302264,-4.51059154463745,-4.76951907724552
"3778531","2011-12-12",31.4132129729508,0.507692307692308,0.410096877118154,0.301698268139152,38.2376982945025,25.6503017054977,31.9440000000001,0.385811706720276,34.3367530430733,32.7712000000001,30.9516323261962,-4.32285335009989,-4.6801859318164
"3778530","2011-12-13",32.4603595614489,0,0.321713038734316,0.343382429369225,37.176048454166,25.7746182125009,31.4753333333335,0.275876071758496,25.8515941811626,32.4096000000001,30.6007480160367,-4.64775830283782,-4.67370040602068
"3778529","2011-12-14",34.0093361804642,0,0.16923076923077,0.300346895027748,35.6659645170499,26.1340354829503,30.9000000000001,0.149598734101819,21.9893345981783,31.9888000000001,30.1206482805651,-5.20859663484343,-4.78067965178523
"3778528","2011-12-15",35.447671612407,0.0521739130434779,0.0173913043478268,0.169445037437639,33.4984969245655,27.1308364087681,30.3146666666668,0.0485521472862565,24.2065495671294,31.5648000000001,29.7365618431565,-5.54176681644676,-4.93289708471754
"3778527","2011-12-16",37.1091281812945,0,0.0173913043478268,0.0680044593088093,32.6181344449362,27.1965322217307,29.9073333333335,-0.0559242223820178,21.8642563632721,31.1232000000001,29.2916869307356,-5.98120025941622,-5.14255771965727
"3778526","2011-12-19",38.7675736859052,0,0.0173913043478268,0.0173913043478282,32.3827875291932,26.793212470807,29.5880000000001,-0.0751182573071861,21.0294390760527,30.6560000000001,28.8634620066375,-6.36282967545869,-5.38661211081756
"3778525","2011-12-20",39.8435115629789,0.0507246376811596,0.0169082125603873,0.017230273752015,32.3288542262809,26.3951457737194,29.3620000000001,0.0457590552549114,23.7720469410713,30.1920000000001,28.5296670724192,-6.52726474770257,-5.61474263819456
"3778524","2011-12-21",41.0765721213461,0,0.0169082125603873,0.0170692431562019,32.4376759477529,25.936990718914,29.1873333333335,0.0507140303133159,22.1176059219944,29.6800000000001,28.1657114627633,-6.7518507450943,-5.84216425957451
"3778523","2011-12-22",42.4098775399975,0,0.0169082125603873,0.0169082125603887,32.6063906731041,25.3842759935629,28.9953333333335,0.0243313785829138,20.7824865082169,29.1392000000001,27.7862832677282,-7.00234937187285,-6.07420128203418
"3778522","2011-12-23",42.995208610106,0.0891719745222928,0.0297239915074317,0.0211801388760702,32.6498822176926,25.0087844489743,28.8293333333335,0.140191315888024,26.3670073959788,28.8144000000001,27.5321121653644,-6.97089335108533,-6.25353969584441
"3778521","2011-12-27",43.1889907602171,0.152866242038217,0.0806794055201706,0.042437203195998,32.5747571110505,24.7319095556164,28.6533333333335,0.216089513288574,30.1545661642146,28.5856000000001,27.3651638766492,-6.75795084614927,-6.35442192590538
"3778520","2011-12-28",43.6810534724839,0.0612244897959183,0.101087568785477,0.0704969886043611,32.5149360024577,24.4157306642093,28.4653333333335,0.195607997282035,27.8411683177203,28.3968000000001,27.1404753597626,-6.69483459222944,-6.42250445917019
"3778519","2011-12-29",44.1379688481602,0.115646258503401,0.109912330112513,0.0972264348060548,32.3672498364951,24.1700834968385,28.2686666666668,0.241130054939326,30.8865600413967,28.2672000000001,26.9884119784609,-6.48112912815039,-6.43422939296623
"3778518","2011-12-30",44.238767152413,0.172661870503597,0.116510872934306,0.109170257277433,32.1796587249795,23.9950079416874,28.0873333333335,0.29384174377019,33.5300154238621,28.1536000000001,26.8939570479995,-6.1604939473749,-6.37948230384797
"3778517","2012-01-03",43.8185211319806,0.266666666666667,0.184991598557889,0.137138267201571,31.8440730055646,23.9359269944357,27.8900000000001,0.352051290105971,36.5183834620903,28.0576000000001,26.8547627749329,-5.74585494361218,-6.25275683180081
"3778516","2012-01-04",43.4282926844362,0.380952380952381,0.273426972707549,0.191643148066583,31.4624054600711,23.9215945399291,27.6920000000001,0.369333239651777,36.5183834620903,27.9360000000001,26.8207944049418,-5.3561425376466,-6.07343397296997
"3778515","2012-01-05",42.9956310255329,0.562500000000001,0.403373015873017,0.287263862379487,30.974442461076,24.0028908722576,27.4886666666668,0.405042659217797,38.131325233902,27.8224000000001,26.8126884842829,-4.94267148035518,-5.84728147444701
"3778514","2012-01-06",42.6943845952571,0.515625,0.486359126984128,0.387719705188233,30.4331920872255,24.1401412461081,27.2866666666668,0.416309802675409,37.3645355749433,27.6944000000001,26.7896633530452,-4.59821803242967,-5.59746878604354
"3778513","2012-01-09",42.3353447630764,0.714285714285713,0.597470238095239,0.49573412698413,29.8557030699883,24.340296930012,27.0980000000001,0.450804469073127,38.2559565306873,27.5728000000001,26.7803749059725,-4.25244317433445,-5.32846366370173
"3778512","2012-01-10",41.2942729400186,0.826923076923077,0.685611263736264,0.589813542938545,29.0583005899041,24.7656994100961,26.9120000000001,0.557773827479346,41.8226140998219,27.4352000000001,26.8149915851762,-3.83798574525976,-5.03036808001333
"3778511","2012-01-11",40.5810723837658,0.711538461538462,0.750915750915752,0.677999084249087,28.1098087034162,25.3568579632507,26.7333333333335,0.572649320266385,39.9582991223164,27.2912000000001,26.8129927071527,-3.54057765445588,-4.73240999490184
"3778510","2012-01-12",39.5992547676087,0.807692307692308,0.782051282051283,0.739526098901101,27.6107445408582,25.6759221258087,26.6433333333335,0.746361972529841,42.2678589419657,27.1456000000001,26.8379270128657,-3.20783964517717,-4.42749592495691
"3778509","2012-01-13",38.8725325971459,0.674418604651163,0.731216457960645,0.754727830309228,27.5024263939204,25.7269069394132,26.6146666666668,0.709516149798045,40.9120389805968,27.0032000000001,26.8382034111502,-2.95793171618038,-4.1335830832016
"3778508","2012-01-17",37.9407890419075,0.720930232558141,0.734347048300538,0.74920492943749,27.4296692677032,25.7636640656305,26.5966666666668,0.790115140536099,41.9152869970791,26.8640000000001,26.8491096229969,-2.7047046434758,-3.84780739525644
"3778507","2012-01-18",37.0755985977576,0.767441860465117,0.720930232558141,0.72883124627311,27.4518644003748,25.7574689329588,26.6046666666668,0.76479453899316,42.9582922803483,26.7152000000001,26.8692283399306,-2.45170677696275,-3.5685872715977
"3778506","2012-01-19",35.9915569131305,0.714285714285715,0.734219269102992,0.729832183320558,27.5064703395627,25.7748629937709,26.6406666666668,0.761414152444328,42.9582922803483,26.5824000000001,26.8866645612732,-2.22546270050128,-3.29996235737842
"3778505","2012-01-20",34.9849467774054,0.642857142857143,0.708194905869326,0.721114802510154,27.5500550533486,25.7739449466517,26.6620000000001,0.742852811718606,42.9582922803483,26.5296000000001,26.9017759531035,-2.022778666013,-3.04452561910534
"3778504","2012-01-23",33.7459331408966,0.650000000000002,0.669047619047621,0.703820598006647,27.6088976723332,25.8097689943338,26.7093333333335,0.780135604619611,44.8147827588322,26.5344000000001,26.9308724926897,-1.80536313225433,-2.79669312173514
"3778503","2012-01-24",32.2906329146279,0.73913043478261,0.677329192546586,0.684857239154512,27.572182607125,26.026484059542,26.7993333333335,0.862727045026503,47.278611227147,26.5360000000001,26.9774228269977,-1.56709831165883,-2.55077415971988
"3778502","2012-01-25",30.0063365603577,0.593749999999998,0.660960144927537,0.669112318840582,27.6429750754523,26.105024924548,26.8740000000001,0.954717815738025,49.1136080553176,26.5760000000001,27.0337664500647,-1.32713554873826,-2.30604643752355
"3778501","2012-01-26",28.7012785312284,0.627906976744185,0.653595803842265,0.66396171377213,27.8171110826577,26.0815555840093,26.9493333333335,1.0669654475274,53.7377256649407,26.6416000000001,27.1252642567227,-1.0299603323122,-2.05082921648128
"3778500","2012-01-27",27.6342771329292,0.744186046511628,0.655281007751937,0.656612318840581,27.9585708251621,26.1547625081715,27.0566666666668,1.10427706743163,57.3866559465726,26.7072000000001,27.2418956891597,-0.703754162239767,-1.78141420563298
"3778499","2012-01-30",26.792206997286,0.744186046511627,0.705426356589147,0.671434389394451,28.0978577416943,26.2234755916394,27.1606666666668,1.06872073817424,58.3963428741226,26.7984000000001,27.3536429306051,-0.417486802415357,-1.50862872498945
"3778498","2012-01-31",26.6399207732549,0.730769230769231,0.739713774597496,0.700140379646195,28.3055033001927,26.2264966998076,27.2660000000002,1.09675936884316,61.3546565827385,26.9184000000001,27.4824905398577,-0.119510608834694,-1.2308051017585
"3778497","2012-02-01",26.9325745969806,0.741379310344827,0.738778195875229,0.727972775687292,28.5620415030942,26.1739584969061,27.3680000000001,1.08289431162687,64.1034970893963,27.0256000000001,27.6261584678767,0.18354646098997,-0.947934789208808
"3778496","2012-02-02",27.7013481611541,0.865671641791045,0.779273394301702,0.75258845492481,28.912008007514,26.0813253258196,27.4966666666668,1.13000114596587,69.8729392761807,27.1408000000001,27.8306706721598,0.58937741082854,-0.640472349201338
"3778495","2012-02-03",28.4152093278866,0.892307692307692,0.833119548147855,0.78372371277493,29.211102332206,26.0328976677942,27.6220000000001,1.03845913464793,70.5525386426007,27.2832000000001,28.0185812492052,0.920552579983491,-0.328267363364372
"3778494","2012-02-06",29.44786368837,0.857142857142856,0.871707397080532,0.828033446510031,29.5014603553809,26.0198729779528,27.7606666666668,1.00915472584693,71.9169794487358,27.4192000000001,28.2027704159778,1.21221244763619,-0.0201714011642608
"3778493","2012-02-07",30.5574654735065,0.89041095890411,0.87995383611822,0.861593593782204,29.7835840854659,26.0257492478677,27.9046666666668,0.979531453051193,73.5657796829535,27.5520000000001,28.3890676938474,1.48050581399455,0.279964041867501
"3778492","2012-02-08",31.8321258791534,0.948717948717949,0.898757254921639,0.883472829373465,30.1033744051238,25.9912922615431,28.0473333333335,0.978103289611792,76.2668550530367,27.6864000000001,28.5985253346678,1.77140140998049,0.578251515490099
"3778491","2012-02-09",33.2898212349311,0.901234567901234,0.913454491841098,0.897388527626987,30.3891214240998,26.0268785759005,28.2080000000001,0.944419702004153,76.8333621777995,27.8240000000001,28.7907219567121,1.99794101482667,0.862189415357412
"3778490","2012-02-10",34.8568298471177,0.890243902439025,0.913398806352737,0.908536851038492,30.6723981137528,26.0636018862475,28.3680000000001,0.923537926964602,77.9661663252155,27.9616000000001,28.9786256958171,2.19370533109164,1.12849259850426
"3778489","2012-02-13",35.7448306765701,0.835443037974684,0.875640502771648,0.900831266988496,30.8705934346362,26.1854065653641,28.5280000000001,0.854023588161427,74.0658953440147,28.0976000000001,29.1201422697082,2.27568604379509,1.35793128756242
"3778488","2012-02-14",35.5254687709208,0.704225352112676,0.809970764175462,0.86633669109995,30.9863674528732,26.3522992137938,28.6693333333335,0.767008008837392,66.8617716534789,28.2176000000001,29.2001233004138,2.22528375363915,1.53140178077777
"3778487","2012-02-15",34.0126009621644,0.484375,0.67468113002912,0.786764132325412,31.0085270971017,26.5728062362319,28.7906666666668,0.655405029972516,57.7827864739444,28.3056000000001,29.2054401936919,2.02927578022742,1.6309765806677
"3778486","2012-02-16",31.8708169572339,0.338709677419356,0.509103343177345,0.664585079127311,30.9773089898215,26.8146910101788,28.8960000000001,0.573030963082986,52.6500212234965,28.3904000000001,29.1673815011997,1.76537784815805,1.65785683416577
"3778485","2012-02-17",30.1996557431601,0.517857142857143,0.446980606758834,0.543588359988434,30.9525689094415,27.0927644238922,29.0226666666668,0.65648461010426,59.4400694072245,28.4896000000001,29.2090639677064,1.69142160311138,1.66456978795489
"3778484","2012-02-21",28.807003561521,0.56,0.472188940092167,0.476090963342783,30.9177715575576,27.3848951091094,29.1513333333335,0.679834574631744,61.5601917928201,28.6032000000001,29.2718554386789,1.66842276733978,1.66534038383187
"3778483","2012-02-22",27.9061403440178,0.51219512195122,0.530017421602789,0.483062322817931,30.8685658947802,27.6887674385534,29.2786666666668,0.697496793788956,62.4066765165138,28.7168000000001,29.3369413801884,1.65269527300791,1.66281136166708
"3778482","2012-02-23",27.4414980586654,0.707317073170731,0.593170731707318,0.531792364467426,30.8385795993383,27.9800870673286,29.4093333333335,0.771938206809541,65.6638040666396,28.8400000000001,29.4360158628299,1.70772622401201,1.67179433413606
"3778481","2012-02-24",27.010044507981,0.804878048780487,0.67479674796748,0.599328300425864,30.8340945544021,28.2205721122648,29.5273333333335,0.793091035932881,67.1942860641486,28.9696000000001,29.5432137477859,1.77362059128849,1.69215958556655
"3778480","2012-02-27",25.9193511557551,0.658536585365854,0.723577235772358,0.663848238482387,30.7948484533878,28.4598182132791,29.6273333333335,0.722409682072905,62.6810480365921,29.0896000000001,29.6041185814145,1.73949486852409,1.70162664215806
"3778479","2012-02-28",24.9065644715454,0.780487804878049,0.747967479674797,0.715447154471546,30.7347444709063,28.7239221957606,29.7293333333335,0.7672206987036,64.8026748355663,29.2128000000001,29.6835694372259,1.74621327917943,1.71054396956233
"3778478","2012-02-29",24.3315225071868,0.75609756097561,0.731707317073171,0.734417344173444,30.6809695265845,28.9563638067491,29.8186666666668,0.775231991409519,64.0187731830144,29.3280000000001,29.7470935122624,1.72025046509661,1.71248526866919
"3778477","2012-03-01",23.7975549688538,0.75609756097561,0.764227642276424,0.747967479674799,30.6227430705832,29.1625902627504,29.8926666666668,0.737874646728725,64.0187731830144,29.4384000000001,29.8021477106274,1.67987722204259,1.70596365934387
"3778476","2012-03-02",22.9011105188753,0.682926829268292,0.731707317073171,0.742547425474257,30.616684622682,29.2553153773183,29.9360000000001,0.654746162647627,61.433168165503,29.5312000000001,29.8338613492104,1.59673185502545,1.68411729848018
"3778475","2012-03-05",22.3802695240259,0.878048780487805,0.772357723577236,0.756097560975612,30.6392345224042,29.3394321442627,29.9893333333335,0.815945464920392,65.4414955841742,29.6256000000001,29.9040131693157,1.59856423944018,1.66700668667218
"3778474","2012-03-06",21.7399003754417,0.414634146341464,0.658536585365854,0.720867208672089,30.6247065790781,29.3886267542555,30.0066666666668,0.397525496231622,51.6986485383272,29.6864000000001,29.8634780800736,1.37885177619825,1.6093757045774
"3778473","2012-03-07",21.1452718803278,0.585365853658536,0.626016260162602,0.685636856368565,30.6239291993812,29.4187374672858,30.0213333333335,0.482298805438723,55.4136148720292,29.7488000000001,29.8656810027305,1.26582175046481,1.54066491375488
"3778472","2012-03-08",20.0165680749232,0.444444444444446,0.481481481481482,0.588678109003314,30.6307711462249,29.4225621871086,30.0266666666668,0.577249330613697,56.444372399246,29.8048000000001,29.8782568690331,1.18419386078139,1.46937070316018
"3778471","2012-03-09",18.637673034011,0.458333333333332,0.496047877145438,0.534515206263175,30.6374427270672,29.4225572729331,30.0300000000001,0.650905859239104,57.502415076348,29.8400000000001,29.8998226198287,1.12804669165003,1.40110590085815
"3778470","2012-03-12",17.5807510194226,0.666666666666667,0.523148148148149,0.500225835591691,30.6570013419203,29.41499865808,30.0360000000001,0.825281100641966,61.0671544597564,29.8832000000001,29.9558462705182,1.14569440619652,1.35002360192583
"3778469","2012-03-13",16.8072517145365,0.407407407407406,0.510802469135802,0.509999498143131,30.6511077174819,29.4142256158517,30.0326666666668,0.57060764580399,56.0077826510512,29.9088000000001,29.9670667677824,1.07170213951391,1.29435930944344
"3778468","2012-03-14",15.8569565734975,0.407407407407406,0.493827160493827,0.50925925925926,30.6621756409606,29.427157692373,30.0446666666668,0.582589892816153,56.0077826510512,29.9264000000001,29.9767911987448,1.00148941826554,1.23578533120786
"3778467","2012-03-15",14.9745396568185,0.444444444444442,0.419753086419752,0.474794238683128,30.6415179609742,29.5171487056927,30.0793333333335,0.583602428257736,56.6034657613854,29.9312000000001,29.9905523722455,0.945680083335554,1.1777642816334
"3778466","2012-03-16",14.3901254039345,0.37037037037037,0.407407407407406,0.440329218106996,30.5162469408267,29.7330863925069,30.1246666666668,0.477016206908348,54.9994362612647,29.9296000000001,29.9918120559461,0.869872170204666,1.11618585934765
"3778465","2012-03-19",13.8474550262565,0.37037037037037,0.395061728395061,0.407407407407407,30.4672496403347,29.8300836929988,30.1486666666668,0.434083106330877,54.9994362612647,29.9216000000001,29.9929037818199,0.800565206939186,1.05306172886596
"3778464","2012-03-20",13.3435468184127,0.37037037037037,0.37037037037037,0.390946502057614,30.4378243337953,29.8915089995382,30.1646666666668,0.393834208261786,54.9994362612647,29.9200000000001,29.9938499442439,0.737141017574694,0.989877586607707
"3778463","2012-03-21",12.8756320539863,0.37037037037037,0.37037037037037,0.378600823045268,30.4228099944254,29.9265233389082,30.1746666666668,0.362982412998254,54.9994362612647,29.9312000000001,29.9946699516781,0.679048382345138,0.927711745755193
"3778462","2012-03-22",12.7330317438659,0.296296296296297,0.345679012345679,0.362139917695474,30.4222023628805,29.9124643037865,30.1673333333335,0.25019849693038,52.9800453955607,29.9584000000001,29.984713958121,0.604515214320389,0.863072439468233
"3778461","2012-03-23",12.8876290991285,0.222222222222221,0.296296296296296,0.337448559670783,30.4105865508686,29.894746782465,30.1526666666668,0.204042464311602,50.9648481209776,29.9952000000001,29.9654187637049,0.517944873034626,0.794046926181511
"3778460","2012-03-26",12.6511478493808,0.428571428571428,0.315696649029982,0.319223985890654,30.4212893364169,29.8960439969167,30.1586666666668,0.705618197588647,58.5968107322102,30.0240000000001,29.9966962618776,0.540044008249563,0.743246342595122
"3778459","2012-03-27",12.2411470792055,0.476190476190475,0.375661375661375,0.329218106995886,30.4271299224201,29.8942034109135,30.1606666666668,0.773958973418495,59.3538019005551,30.0464000000001,30.0291367602939,0.561730714127928,0.706943216901683
"3778458","2012-03-28",12.0301876107408,0.428571428571428,0.444444444444444,0.378600823045268,30.4251959443298,29.8948040556705,30.1600000000001,0.726247803870466,58.2077028299716,30.0640000000001,30.051918525588,0.561600541117624,0.677874681744871
"3778457","2012-03-29",12.1720187341538,0.333333333333335,0.412698412698413,0.410934744268078,30.4213493666006,29.8946506333996,30.1580000000001,0.579741980286544,55.8835109482514,30.0656000000001,30.0609960555096,0.533816484059235,0.649063042207744
"3778456","2012-03-30",11.4752068649996,0.63157894736842,0.464494569757728,0.440545808966863,30.4570869179324,29.8855797487346,30.1713333333335,0.923441757239136,60.1657673499017,30.0688000000001,30.095529914775,0.55897723529883,0.631045880825961
"3778455","2012-04-02",11.6264620910342,0.583333333333331,0.516081871345029,0.464424951267058,30.4898147598247,29.8661852401756,30.1780000000001,1.06978273500127,61.7645258966221,30.0848000000001,30.1361259261383,0.593382542001475,0.623513213061064
"3778454","2012-04-03",12.7841545987426,0.687499999999999,0.634137426900584,0.538237956001115,30.6281749341893,29.8251583991443,30.2266666666668,1.28039073831957,67.4006443757325,30.1056000000001,30.2139758026532,0.697939620083488,0.638398494465549
"3778453","2012-04-04",13.8591547844718,0.75,0.67361111111111,0.607943469785576,30.756966894632,29.7870331053683,30.2720000000001,1.15434019692034,68.6450016989221,30.1312000000001,30.2921123622995,0.792504588547427,0.669219713281924
"3778452","2012-04-05",16.3463517879101,0.612244897959183,0.683248299319728,0.663665612443809,30.982916107704,29.6784172256296,30.3306666666668,1.23795898171696,72.0872673719134,30.1664000000001,30.3918307139929,0.92006881617106,0.719389533859752
"3778451","2012-04-09",17.605248274348,0.489795918367347,0.617346938775511,0.658068783068784,31.0938249941742,29.6515083391594,30.3726666666668,0.971925956273115,64.4655948879808,30.1968000000001,30.4462532854605,0.946013492028586,0.764714325493518
"3778450","2012-04-10",18.7742235831832,0.591836734693877,0.564625850340136,0.621740362811793,31.2138076055045,29.6061923944958,30.4100000000001,0.983117266711604,67.5450643987248,30.2224000000001,30.5200861807324,1.00754783421679,0.813281027238173
"3778449","2012-04-11",18.590005919273,0.428571428571428,0.503401360544218,0.561791383219956,31.2552313532348,29.6341019800988,30.4446666666668,0.727413476540348,58.7693511984461,30.2656000000001,30.5414080233014,0.960402339169497,0.842705289624438
"3778448","2012-04-12",18.6254081909347,0.469387755102042,0.496598639455783,0.52154195011338,31.3029382166496,29.6610617833507,30.4820000000001,0.750526364220209,60.1628349792514,30.3008000000001,30.5705536201946,0.933325727912804,0.860829377282111
"3778447","2012-04-13",18.7636618765475,0.547619047619047,0.481859410430839,0.493953136810281,31.3772150624091,29.6787849375912,30.5280000000001,0.832856397841993,64.6642475625091,30.3440000000001,30.6331464708353,0.974279719109838,0.883519445647657
"3778446","2012-04-16",18.1221627095913,0.428571428571428,0.481859410430839,0.486772486772488,31.4225126657879,29.7228206675456,30.5726666666668,0.751418100323544,59.4931360185722,30.3760000000001,30.6607269413906,0.942969470405153,0.895409450599156
"3778445","2012-04-17",16.9656969622705,0.333333333333333,0.436507936507936,0.466742252456539,31.4400522071935,29.7799477928067,30.6100000000001,0.646577125646088,55.6584859704205,30.3904000000001,30.6632966825385,0.866026899726191,0.889532940424563
"3778444","2012-04-18",16.0241591442889,0.547619047619047,0.436507936507936,0.451625094482238,31.483197019755,29.8368029802452,30.6600000000001,0.771299977980687,61.6482684631614,30.4304000000001,30.7135237915334,0.889392334257555,0.889504819191162
"3778443","2012-04-19",15.4156933003687,0.324324324324325,0.401758901758902,0.424924924924926,31.4916030481918,29.9110636184752,30.7013333333335,0.646785328880706,56.1980351932147,30.4608000000001,30.7250539526623,0.835103150329553,0.87862448541884
"3778442","2012-04-20",14.9772148292174,0.257142857142859,0.376362076362077,0.404876304876306,31.4695558260635,30.0091108406034,30.7393333333335,0.54153985071025,55.3202031955295,30.4880000000001,30.7297134256406,0.772652769341997,0.857430142203471
"3778441","2012-04-23",15.0639101470092,0,0.193822393822395,0.323981123981126,31.4213936871758,30.1252729794911,30.7733333333335,0.427990245985511,51.8325181561045,30.5120000000001,30.7124183022219,0.673385667436599,0.820621247250097
"3778440","2012-04-24",14.9775509571627,0.0333333333333326,0.0968253968253976,0.222336622336625,31.4019321560851,30.1900678439152,30.7960000000001,0.437286708390611,52.6364558221541,30.5376000000001,30.7027625285923,0.598341312112383,0.776165260222554
"3778439","2012-04-25",13.9623247886181,0.233333333333331,0.0888888888888884,0.126512226512228,31.394683549022,30.2626497843116,30.8286666666668,0.616015385253815,57.2471799206173,30.5728000000001,30.7263941914467,0.595067364668411,0.739945681111726
"3778438","2012-04-26",13.9302907694195,0.458333333333332,0.241666666666666,0.142460317460319,31.3986395932111,30.3480270734558,30.8733333333335,0.785547710843704,60.0400053373422,30.6144000000001,30.7682082992538,0.627145646867477,0.717385674262876
"3778437","2012-04-27",14.3384776885908,0.639999999999997,0.443888888888887,0.258148148148149,31.3995042422973,30.4631624243696,30.9313333333335,0.957810020292906,63.2699510610586,30.6672000000001,30.8311138593533,0.696728144494019,0.713254168309104
"3778436","2012-04-30",15.0283501437394,0.785714285714287,0.628015873015872,0.437857142857143,31.4697229119345,30.507610421399,30.9886666666668,1.0938321547153,66.7437813621226,30.7328000000001,30.9176320114395,0.804915685901575,0.731586471827599
"3778435","2012-05-01",15.3374614535751,0.689655172413791,0.705123152709359,0.592342638204708,31.5244949468735,30.5515050531267,31.0380000000001,0.99538027383183,64.5521806223451,30.7808000000001,30.9819477432476,0.859386539448015,0.757146485351682
"3778434","2012-05-02",15.6244933841369,0.633333333333332,0.702900930487137,0.678679985404124,31.5898181110664,30.5515152222672,31.0706666666668,0.919916003993873,63.4306668901546,30.8256000000001,31.0323547108146,0.881671316205379,0.782051451522421
"3778433","2012-05-03",15.8910230339442,0.733333333333333,0.685440613026819,0.697821565407773,31.6580945432247,30.5485721234422,31.1033333333335,0.911588498370376,65.3742317317994,30.8768000000001,31.0920407493726,0.91963674181974,0.809568509581885
"3778432","2012-05-04",15.9438052298469,0.7,0.688888888888889,0.692410144134283,31.6958021094102,30.5348645572567,31.1153333333335,0.860053819625807,64.1503361725576,30.9296000000001,31.1384353161229,0.928374717587466,0.833329751183001
"3778431","2012-05-07",16.2720160545411,0.799999999999998,0.744444444444444,0.706257982120052,31.7673932876205,30.5219400457131,31.1446666666668,0.897713311641144,66.1950120992474,30.9792000000001,31.1946439406399,0.955118048254366,0.857687410597274
"3778430","2012-05-08",16.9763863188602,0.757575757575757,0.752525252525253,0.72861952861953,31.8399203139818,30.5014130193518,31.1706666666668,0.900446080608046,66.8732493879985,31.0272000000001,31.2486914152212,0.975125466094484,0.881175021696716
"3778429","2012-05-09",16.1252065151048,0.363636363636361,0.64040404040404,0.712457912457914,31.8498007867576,30.5448658799093,31.1973333333335,0.614437381167064,52.2086190470053,31.0416000000001,31.2261992265251,0.846851234062695,0.874310264169912
"3778428","2012-05-10",15.0464935900544,0.857142857142858,0.659451659451659,0.684126984126985,31.9441104656302,30.5478895343701,31.2460000000001,0.944533277485226,63.9850838401145,31.0816000000001,31.3027059963217,0.9203696505234,0.88352214144061
"3778427","2012-05-11",15.6137033450668,0.411764705882352,0.544181308887191,0.614679002914298,31.9492757493729,30.5600575839607,31.2546666666668,0.508637952122021,52.3977955666639,31.0880000000001,31.2890118634788,0.814376054293375,0.869692924011163
"3778426","2012-05-14",19.8563251125299,0,0.422969187675071,0.542200718671308,32.7081056673414,29.4945609993255,31.1013333333335,-0.485827280240084,20.2605813974529,30.9088000000001,30.6264769483483,-0.536697126978714,0.588414913813188
"3778425","2012-05-15",23.7959024680313,0.295774647887324,0.235846451256559,0.400998982606275,32.9408590173663,29.031140982634,30.9860000000001,-0.123915410692901,35.0332926824109,30.7888000000001,30.2762800219019,-1.16780823228034,0.237170284594482
"3778424","2012-05-16",26.843262878468,0.514084507042253,0.269953051643193,0.309589563524943,32.9651783614757,28.8441549718578,30.9046666666668,0.15429299181947,43.3722799130399,30.7312000000001,30.138109352315,-1.32616249362425,-0.0754962710492647
"3778423","2012-05-17",30.011285931142,0.338028169014084,0.382629107981221,0.296142870293659,33.0671703732171,28.5181629601165,30.7926666666668,0.0385073835475361,39.0222003052939,30.6304000000001,29.8850281053396,-1.7035361216802,-0.401104241175453
"3778422","2012-05-18",33.2524673459848,0.140845070422535,0.330985915492958,0.327856025039126,33.3134090710285,27.9439242623051,30.6286666666668,-0.0789506400346623,34.8110150598038,30.4736000000001,29.5163576912944,-2.28706546285692,-0.778296485511746
"3778421","2012-05-21",36.5362501517206,0,0.159624413145541,0.291079812206575,33.6890228896902,27.1309771103101,30.4100000000001,-0.125694524157677,30.6172901952003,30.2720000000001,29.0208433324551,-3.09074509444762,-1.24078620729892
"3778420","2012-05-22",38.9069107087656,0.12258064516129,0.0878085718612758,0.192806300166593,33.8236517198519,26.6203482801484,30.2220000000001,0.0471522160207105,35.4397931772669,30.1072000000001,28.6927308881278,-3.48972050963379,-1.69057306776589
"3778419","2012-05-23",40.983707335534,0.193548387096774,0.105376344086022,0.117603109697614,33.8404485678457,26.2355514321545,30.0380000000001,0.137338947418985,38.1213431399893,29.9456000000001,28.4670334363774,-3.64702406352138,-2.08186326691699
"3778418","2012-05-24",42.5892595154849,0.187096774193548,0.167741935483872,0.120308950477058,33.7861253575055,25.9045413091614,29.8453333333335,0.179590635861575,37.9669532966838,29.7920000000001,28.2660956448604,-3.7445753862274,-2.41440569077907
"3778417","2012-05-25",43.8155577240615,0.296774193548387,0.225806451612904,0.166308243727601,33.6386990762742,25.6986342570594,29.6686666666668,0.268011969430965,42.2489288283606,29.6672000000001,28.1826162255457,-3.58863995238351,-2.64925254309996
"3778416","2012-05-29",44.2366372099075,0.335483870967742,0.273118279569893,0.222222222222224,33.4215859019409,25.573080764726,29.4973333333335,0.326208943467143,43.7253851818819,29.5584000000001,28.1422673954729,-3.35819501701307,-2.79104103788258
"3778415","2012-05-30",43.7790419306414,0.393548387096774,0.341935483870968,0.280286738351257,33.1794279651786,25.5192387014883,29.3493333333335,0.396956418939288,45.9572799348443,29.4624000000001,28.1552984094099,-3.03731407137992,-2.84029564458205
"3778414","2012-05-31",43.4339911479534,0.414285714285714,0.381105990783411,0.332053251408092,32.9113571470442,25.464642852956,29.1880000000001,0.378067028740317,45.3121615938576,29.3520000000001,28.1505919548219,-2.78521028029309,-2.82927857172426
"3778413","2012-06-01",43.4027248732902,0.350746268656716,0.386193456679736,0.369744977111373,32.6026358137641,25.4000308529029,29.0013333333335,0.336910857523088,42.9324368487384,29.2176000000001,28.0878463608456,-2.68096113536408,-2.79961508445222
"3778412","2012-06-04",43.8207334165114,0.269230769230769,0.344754250724401,0.370684566062517,32.2675034128451,25.3084965871551,28.7880000000001,0.281386428920103,39.1115628559201,29.0448000000001,27.9321335127329,-2.78632309486199,-2.79695668653418
"3778411","2012-06-05",43.5258521873161,0.298076923076923,0.306017986988137,0.345655231464093,31.8430962997947,25.3182370335389,28.5806666666668,0.333355281859218,40.0192607480372,28.8672000000001,27.8131823777018,-2.80512030151018,-2.79858940952938
"3778410","2012-06-06",43.1898379914286,0.515789473684211,0.361032388663968,0.33726820879217,31.3308640563379,25.4584692769957,28.3946666666668,0.430522382208466,45.2893094664443,28.7216000000001,27.8060913940083,-2.58227643437837,-2.75532681449917
"3778409","2012-06-07",42.5558190353111,0.741176470588235,0.51834762244979,0.395132666033967,30.8550693813506,25.642263951983,28.2486666666668,0.534146680211208,49.0396880320273,28.6000000000001,27.8746125414738,-2.21763788939559,-2.64778902947846
"3778408","2012-06-08",42.5679804191552,0.494117647058824,0.583694530443757,0.487691513852507,30.0589524711316,26.0357141955354,28.0473333333335,0.448466056661101,44.1507256058051,28.4400000000001,27.821997535944,-2.14710332990977,-2.54765188956472
"3778407","2012-06-11",42.5127538711953,0.696969696969697,0.644087938205586,0.582043363699713,29.2967786263271,26.5178880403398,27.9073333333335,0.701279365281117,50.0269464914987,28.3184000000001,27.8990645311515,-1.80404922178097,-2.39893135600797
"3778406","2012-06-12",42.252373810455,0.614035087719298,0.601707477249274,0.609829981966207,29.3430645921989,26.5236020744681,27.9333333333335,0.684432315283402,49.5388414803897,28.1888000000001,27.9551892603313,-1.53757068063115,-2.22665922093261
"3778405","2012-06-13",43.0282013424183,0,0.437001594896332,0.560932336783732,29.2839799873514,26.4413533459822,27.8626666666668,0.243429783314011,40.7592551411295,27.9920000000001,27.7851640256204,-1.7802917171563,-2.13738572017735
"3778404","2012-06-14",43.2380476877812,0.301587301587302,0.305207463102201,0.447972178415937,28.9882808622135,26.5637191377867,27.7760000000001,0.487901593497105,45.5731422106129,27.8464000000001,27.7391421555377,-1.73372752618669,-2.05665408137921
"3778403","2012-06-15",43.457008330295,0.285714285714285,0.195767195767197,0.312658751255245,28.8578002942266,26.5768663724403,27.7173333333335,0.41348572992464,45.3642030931971,27.6704000000001,27.693923201466,-1.68934431798505,-1.98319212870038
"3778402","2012-06-18",44.193376583702,0,0.195767195767197,0.232247284878866,28.8919331115877,26.4667335550792,27.6793333333335,0.120924665408968,40.5581868039497,27.4800000000001,27.5267334412705,-1.91337782343989,-1.96922926764828
"3778401","2012-06-19",44.8771471047228,0.157894736842105,0.147869674185464,0.179801355239954,28.8041424408526,26.6198575591477,27.7120000000001,0.155722563343846,42.9970381266433,27.4992000000001,27.4298356491011,-1.96482995631075,-1.96834940538078
"3778400","2012-06-20",45.2951581214089,0.210526315789474,0.122807017543861,0.155481295832175,28.7947613993413,26.641238600659,27.7180000000001,0.203741237199568,43.8244167499429,27.4560000000001,27.3618575625543,-1.948789094889,-1.96443734328242
"3778399","2012-06-21",45.7325155788408,0.175438596491228,0.181286549707603,0.150654413812311,28.8100592710662,26.5979407289341,27.7040000000001,0.181753040539309,43.3724420001242,27.3600000000001,27.2922765542137,-1.93802411929994,-1.95915469848593
"3778398","2012-06-22",45.7462862844382,0.19298245614035,0.192982456140351,0.165692007797273,28.8186972563441,26.5666360769896,27.6926666666668,0.233873422788069,43.6851762488609,27.3056000000001,27.2373063469852,-1.8964118121746,-1.94660612122366
"3778397","2012-06-25",45.5986995378381,0.31578947368421,0.228070175438597,0.200779727095519,28.8030859945951,26.5302473387386,27.6666666666668,0.34160776257808,45.9359851733415,27.3072000000001,27.2269988340539,-1.76048291603914,-1.90938148018676
"3778396","2012-06-26",45.1324582455769,0.403508771929824,0.304093567251462,0.241715399610138,28.7526139920012,26.5167193413325,27.6346666666668,0.436788912084384,47.5485963365694,27.3696000000001,27.2447323228467,-1.57534530868033,-1.84257424588547
"3778395","2012-06-27",44.2883401757484,0.508771929824562,0.4093567251462,0.313840155945421,28.6285036336757,26.5568296996579,27.5926666666668,0.561463983903221,49.495383074756,27.4112000000001,27.2921013464671,-1.34208219315766,-1.74247583533991
"3778394","2012-06-28",43.1766253040775,0.491228070175438,0.467836257309942,0.39376218323587,28.556137139772,26.5758628602283,27.5660000000001,0.591233153171163,49.1678344519203,27.4336000000001,27.3278211669382,-1.15569115868805,-1.62511890000954
"3778393","2012-06-29",41.0218300826427,0.771929824561403,0.590643274853802,0.489278752436649,28.6393501167127,26.5473165499542,27.5933333333335,0.872842965999066,54.3708823579512,27.4832000000001,27.4441116780131,-0.810222047737397,-1.46213952955511
"3778392","2012-07-02",38.7475325070919,0.868852459016393,0.710670117917746,0.589716550027165,28.7963019020845,26.5303647645824,27.6633333333335,0.9427895711349,57.0349297652994,27.5200000000001,27.5928967876113,-0.42689698502123,-1.25509102064833
"3778391","2012-07-03",36.6356847583662,0.983606557377049,0.874796280318283,0.725369891029945,28.9733324387187,26.4893342279482,27.7313333333335,0.951691146609895,59.0381102323392,27.5584000000001,27.7591772159298,-0.0425541514745387,-1.01258364681358
"3778390","2012-07-05",35.2014902008103,0.796875,0.883111338797815,0.822859245677949,29.0666248499857,26.4627084833479,27.7646666666668,0.841280802276291,55.4579883223054,27.5680000000001,27.8552869204725,0.154546225143037,-0.779157672422253
"3778389","2012-07-06",33.3394933718302,0.887323943661972,0.889268500346341,0.882392039820814,29.1903635889247,26.4029697444089,27.7966666666668,0.955622732502833,59.0257799597447,27.6016000000001,28.0025819977429,0.443277781304618,-0.534670581676879
"3778388","2012-07-09",31.1776592915704,0.852941176470589,0.845713373377521,0.872697737507227,29.3991348870603,26.3355317796066,27.8673333333335,0.95240847178531,60.1710090940868,27.6592000000001,28.1515710647105,0.708260020155826,-0.286084461310338
"3778387","2012-07-10",29.0263598815459,0.927536231884057,0.889267117338873,0.87474966368758,29.5835113950464,26.2511552716206,27.9173333333335,0.964936302108196,62.1640188515341,27.7584000000001,28.3180282560824,0.984994401316119,-0.0318686887850463
"3778386","2012-07-11",27.3819791073938,0.855072463768115,0.878516624040921,0.871165704919106,29.7254074058524,26.1972592608146,27.9613333333335,0.888872559654146,59.8599108356274,27.8448000000001,28.4356244886048,1.13269205780799,0.201043460533562
"3778385","2012-07-12",26.565969431452,0.691176470588236,0.82459505541347,0.864126265597756,29.8169534358451,26.2830465641551,28.0500000000001,0.742413481104794,55.02763247574,27.8848000000001,28.4788745567908,1.11165225447487,0.383165219321824
"3778384","2012-07-13",24.7585149534929,0.692307692307692,0.746185542221348,0.816432407225248,29.9566830361826,26.2913169638176,28.1240000000001,0.800833980807557,56.7372236493754,27.9104000000001,28.5430246158854,1.13813379070862,0.534158933599182
"3778383","2012-07-16",24.4174516625477,0.266666666666667,0.550050276520865,0.706943624718562,29.9735859524668,26.3490807142002,28.1613333333335,0.529061437743586,47.4191488761879,27.9312000000001,28.4706213337673,0.877670653243157,0.602861277527977
"3778382","2012-07-17",24.1007500352415,0.218181818181818,0.392385392385393,0.562873737042537,29.9318022439037,26.5428644227633,28.2373333333335,0.512589982147318,47.8038030185947,27.9168000000001,28.4132051559317,0.674599938235332,0.617209009669448
"3778381","2012-07-18",23.8066699527429,0.236363636363636,0.240404040404041,0.394279903103434,29.8914673598301,26.7111993068369,28.3013333333335,0.480714413907422,48.2118012602211,27.9072000000001,28.3687778018074,0.518914258363745,0.597550059408307
"3778380","2012-07-19",23.5335955904228,0.113636363636363,0.189393939393939,0.274061124061126,29.8515836109712,26.8750830556957,28.3633333333335,0.485441516798419,49.4874315414775,27.9680000000001,28.3462740948998,0.424709738096718,0.56298199514599
"3778379","2012-07-20",23.2800265396969,0.113636363636363,0.154545454545454,0.194781144781146,29.7798158980507,27.0761841019496,28.4280000000001,0.450190456089099,49.4874315414775,27.9984000000001,28.3267708822465,0.346051238441092,0.51959584380501
"3778378","2012-07-23",23.2342798808482,0.0454545454545444,0.0909090909090905,0.144949494949496,29.695532729874,27.2724672701263,28.4840000000001,0.388295767834933,48.1129916765916,28.0256000000001,28.293868097947,0.246652367079192,0.465007148459847
"3778377","2012-07-24",22.8894757174865,0.136363636363635,0.0984848484848479,0.114646464646466,29.6241264998969,27.4492068334367,28.5366666666668,0.418770946168167,50.1028845161229,28.0976000000001,28.2866856848874,0.211053740912881,0.414216466950453
"3778376","2012-07-25",23.4826289071894,0,0.0606060606060602,0.0833333333333342,29.5827488077863,27.5265845255473,28.5546666666668,0.158911819745371,43.3837397866442,28.1312000000001,28.2004609269024,0.0112459056179626,0.333622354683955
"3778375","2012-07-26",23.3492591180895,0,0.0454545454545454,0.0681818181818192,29.5635558274627,27.5657775058709,28.5646666666668,0.177308207973176,42.9700162690348,28.1584000000001,28.1203994699821,-0.157247200341704,0.235448443678824
"3778374","2012-07-27",23.2254157424967,0,2.4980018054066e-16,0.0353535353535366,29.5536584828649,27.5850081838021,28.5693333333335,0.129526212105478,42.9700162690348,28.1888000000001,28.0510128739845,-0.287891941060481,0.130780366730963
"3778373","2012-07-30",22.7095133482866,0.259259259259259,0.0864197530864198,0.0439580995136565,29.5536567306115,27.5743432693887,28.5640000000001,0.349779562884503,50.616511013406,28.2400000000001,28.0655444907865,-0.227806775904305,0.0590629382039092
"3778372","2012-07-31",21.9326967038955,0.314814814814815,0.191358024691358,0.0925925925925941,29.5413716648049,27.5586283351954,28.5500000000001,0.417622553108959,52.098636332157,28.2848000000001,28.0941385586817,-0.14404738897893,0.0184408727673415
"3778371","2012-08-01",20.4640976356095,0.407407407407407,0.32716049382716,0.201646090534981,29.521050162728,27.5562831706057,28.5386666666668,0.544789026053826,54.547124194957,28.3296000000001,28.1455867508574,-0.0201096493709696,0.0107307683396793
"3778370","2012-08-02",19.0103488264531,0.764705882352941,0.495642701525054,0.338053740014526,29.5287334212842,27.5579332453827,28.5433333333335,0.603172983146392,56.4643352681453,28.3712000000001,28.2115085174098,0.122301405410208,0.033044895753785
"3778369","2012-08-03",17.831038654387,0.722222222222223,0.631445170660857,0.484749455337692,29.4909334349454,27.5663998983882,28.5286666666668,0.627130373162639,56.4643352681454,28.4144000000001,28.2686407150885,0.232184816136405,0.072872879830309
"3778368","2012-08-06",16.9262716505817,0.684210526315789,0.723712876963651,0.616933583049856,29.4190160032675,27.5929839967328,28.5060000000001,0.661004844902914,56.4643352681453,28.4320000000001,28.31815528641,0.315395115149708,0.121377326894189
"3778367","2012-08-07",16.550342073449,0.744186046511627,0.716872931683213,0.690676993102575,29.3214394837175,27.6465605162827,28.4840000000001,0.824003511428446,59.6527023986574,28.4448000000001,28.3930679148887,0.44423334119077,0.185948529753505
"3778366","2012-08-08",16.4688140955475,0.869565217391303,0.76598726340624,0.735524357351036,29.3082107258302,27.6544559408367,28.4813333333335,0.98294140939987,63.4918626384183,28.4592000000001,28.5006588595702,0.629245676063683,0.274607959015541
"3778365","2012-08-09",16.571617141216,0.875000000000001,0.82958375463431,0.770814649907923,29.3983715360211,27.6096284639792,28.5040000000001,0.978548324451501,64.4037695130069,28.4912000000001,28.6045710116275,0.788461196865509,0.377378606585534
"3778364","2012-08-10",16.9341697402259,0.823529411764706,0.856031543052003,0.817200853697519,29.4377146534101,27.5876186799235,28.5126666666668,0.979614758396026,64.4037695130069,28.5040000000001,28.6946282100772,0.903396759423125,0.482582237153052
"3778363","2012-08-13",15.7969201186791,0.549019607843136,0.749183006535948,0.811599434740755,29.4727600908871,27.6125732424465,28.5426666666668,0.674176051331344,53.5456957724093,28.4880000000001,28.6980111154002,0.82724884457559,0.55151555863756
"3778362","2012-08-14",15.8017981103776,0.60377358490566,0.658774201504501,0.754662917030819,29.5457032202512,27.6276301130824,28.5866666666668,0.798911095302023,55.8366687346154,28.4672000000001,28.7222763000135,0.802574783825971,0.601727403675242
"3778361","2012-08-15",15.8063276740976,0.698113207547169,0.616968800098655,0.674975336046369,29.6110040345412,27.6556626321257,28.6333333333335,0.776166606676873,58.58605229236,28.4624000000001,28.769972793345,0.829457539158018,0.647273430771798
"3778360","2012-08-16",16.2713567745429,0.641025641025642,0.647637477826157,0.641126826476439,29.6912026793549,27.6741306539787,28.6826666666668,0.809359305046865,59.6676644311986,28.4784000000001,28.821976420899,0.862979833367095,0.690414711290857
"3778359","2012-08-17",16.7031695106707,0.611111111111111,0.650083319894641,0.638229865939819,29.7559409705209,27.7080590294793,28.7320000000001,0.767593550691279,59.6676644311986,28.4864000000001,28.8670462314458,0.879161952179275,0.728164159468541
"3778358","2012-08-20",16.9765319885768,0.516129032258066,0.589421928131606,0.629047575284136,29.7991914655117,27.7661418678219,28.7826666666668,0.718391130498932,58.7774895689059,28.5312000000001,28.9007734005864,0.870597156949748,0.756650758964782
"3778357","2012-08-21",17.230368575204,0.481481481481482,0.536240541616886,0.591915263214379,29.8423831625454,27.8109501707881,28.8266666666668,0.703468849334604,59.4293179701355,28.5760000000001,28.9353369471749,0.864863496421053,0.778293306456036
"3778356","2012-08-22",17.466073977072,0.481481481481482,0.493030665073677,0.539564378274058,29.8185771962456,27.9707561370879,28.8946666666668,0.672455371199095,59.4293179701355,28.6192000000001,28.9652920208849,0.850389091581505,0.79271246348113
"3778355","2012-08-23",17.381900116247,0.407407407407406,0.45679012345679,0.495353776715786,29.7704971158391,28.1428362174945,28.9566666666668,0.624923645668459,57.3267243972738,28.6544000000001,28.9805864181002,0.807257942179507,0.795621559220805
"3778354","2012-08-24",17.3037386740523,0.400000000000002,0.42962962962963,0.459816806053367,29.6593696705204,28.3872969961465,29.0233333333335,0.617917791193576,58.1244793224767,28.6912000000001,28.9991748956869,0.775229376232445,0.791543122623133
"3778353","2012-08-27",17.682508877742,0.560000000000002,0.455802469135804,0.447407407407409,29.6224464350309,28.5308868983027,29.0766666666668,0.73513757887717,61.2453914629755,28.7392000000001,29.0366182429286,0.785199475513076,0.790274393201122
"3778352","2012-08-28",18.2501372296758,0.640000000000001,0.533333333333335,0.472921810699591,29.5914479474548,28.6645520525454,29.1280000000001,0.807837519726081,62.7406334291608,28.7840000000001,29.0797358105381,0.805854137080009,0.793390341976899
"3778351","2012-08-29",19.0924898066573,0.84,0.680000000000001,0.556378600823048,29.6202701880614,28.7317298119388,29.1760000000001,0.962181210558634,66.2467650660526,28.8608000000001,29.1437710357997,0.867398109645601,0.80819189551064
"3778350","2012-08-30",19.3166602229291,0.720000000000002,0.733333333333335,0.648888888888892,29.6317536430169,28.7949130236501,29.2133333333335,0.834591789069389,62.4496093284217,28.9344000000001,29.1832682310264,0.872607773683698,0.821075071145251
"3778349","2012-08-31",19.8623579982733,0.714285714285716,0.75809523809524,0.723809523809527,29.6453531404174,28.8599801929162,29.2526666666668,0.891321517135337,63.2066624377741,29.0096000000001,29.2228324668896,0.877497354974532,0.832359527911108
"3778348","2012-09-04",20.587173630482,0.777777777777778,0.737354497354499,0.742927689594359,29.6769097053882,28.9177569612787,29.2973333333335,1.02163415475027,66.146729233517,29.0688000000001,29.2784548046376,0.91474166953498,0.848835956235882
"3778347","2012-09-05",21.3702670416978,0.894736842105266,0.795600111389587,0.763683282279777,29.7495066733199,28.921159993347,29.3353333333335,1.04486043614968,68.1991779116,29.1280000000001,29.3426608306859,0.965815352928079,0.872231835574321
"3778346","2012-09-06",22.5208965123378,0.782608695652175,0.81837443851174,0.783776349085277,29.8378985806841,28.8914347526495,29.3646666666668,1.03039533591299,68.8765431841414,29.1808000000001,29.4036393865945,1.00529987767517,0.898845443994491
"3778345","2012-09-07",23.8813219983627,0.73076923076923,0.802704922842224,0.805559824247852,29.9274993499737,28.8591673166932,29.3933333333335,1.00546083350294,69.5744661204571,29.2288000000001,29.4618208017152,1.03526137476659,0.926128630148912
"3778344","2012-09-10",25.3317130269887,0.892857142857142,0.802078356426183,0.80771923926005,30.0504205521146,28.8082461145523,29.4293333333335,1.05601423260803,73.4250611937392,29.2864000000001,29.5442446948199,1.1113897004577,0.963180844210669
"3778343","2012-09-11",27.390121866983,0.756756756756757,0.793461043461044,0.799414774243151,30.1802080965474,28.8237919034529,29.5020000000001,1.10305974240378,75.1205141068604,29.3488000000001,29.6316787355105,1.19006737269938,1.00855814990841
"3778342","2012-09-12",27.2067260241472,0.459459459459462,0.703024453024454,0.766187950970561,30.2246276792009,28.8567056541327,29.5406666666668,0.787053398856536,60.0040522076272,29.3840000000001,29.6487882374425,1.11938132721563,1.03072278536985
"3778341","2012-09-13",27.3206027985779,0.611111111111111,0.60910910910911,0.701864868531537,30.2970808581301,28.8802524752035,29.5886666666668,0.884426704906518,64.2319990583802,29.4160000000001,29.6956164724501,1.11564236700397,1.04770670169668
"3778340","2012-09-14",27.8675036282675,0.666666666666666,0.57907907907908,0.630404213737549,30.3996204541379,28.8777128791957,29.6386666666668,0.938922843277924,66.7550857226133,29.4512000000001,29.7575342761235,1.14263759859414,1.06669288107617
"3778339","2012-09-17",28.3753401129793,0.64516129032258,0.640979689366786,0.60972262585166,30.4717951062655,28.9015382270681,29.6866666666668,0.852383957468179,66.7550857226133,29.4864000000001,29.8111963726403,1.15041057714715,1.08343642029037
"3778338","2012-09-18",28.8469025630688,0.655172413793102,0.655666790260783,0.625241852902218,30.5327514648254,28.9445818685081,29.7386666666668,0.832458196671322,67.4214002608938,29.5456000000001,29.8630368562883,1.15378424450687,1.09750598513367
"3778337","2012-09-19",29.284781981009,0.655172413793102,0.651835372636262,0.649493950754611,30.5812353210857,28.9987646789146,29.7900000000001,0.801216751808157,67.4214002608938,29.5984000000001,29.9079652754499,1.14301350977908,1.10660749006275
"3778336","2012-09-20",29.47153173683,0.607142857142856,0.639162561576354,0.648888241491134,30.607094455539,29.0742388777946,29.8406666666668,0.751817591692405,65.8898131099776,29.6416000000001,29.9415699053899,1.1106935591612,1.10742470388244
"3778335","2012-09-21",29.7615348642212,0.541666666666666,0.601327312534208,0.630775082248942,30.6122874269264,29.1770459064072,29.8946666666668,0.740609910176149,65.8898131099776,29.6816000000001,29.9706939180046,1.07258291564802,1.10045634623556
"3778334","2012-09-24",30.3720545066581,0.619047619047619,0.589285714285714,0.609925196132093,30.617430813608,29.2905691863922,29.9540000000001,0.805985184643398,68.3883284944579,29.7264000000001,30.0119347289373,1.06227499595724,1.09282007617989
"3778333","2012-09-25",31.6130499097546,0.384615384615384,0.51510989010989,0.568574305643272,30.6284524970721,29.3835475029282,30.0060000000001,0.795069370804323,63.3880947056105,29.7680000000001,30.031676765079,1.01007139868463,1.07627034068084
"3778332","2012-09-26",32.7654027840586,0.423076923076921,0.475579975579975,0.526658526658527,30.6174407870345,29.4798925462991,30.0486666666668,0.691640224294096,64.3244536909551,29.8096000000001,30.0541198630685,0.96821469481907,1.05465921150849
"3778331","2012-09-27",34.0155131380904,0.461538461538459,0.423076923076922,0.471255596255597,30.6240000000001,29.5466666666668,30.0853333333335,0.717821782178096,65.2807126942848,29.8528000000001,30.078903881326,0.934921483799367,1.03071166596666
"3778330","2012-09-28",35.1763298954056,0.5,0.461538461538461,0.453398453398454,30.6020056179444,29.6526610487225,30.1273333333335,0.716991813803401,66.2548080899412,29.9008000000001,30.1057166971492,0.908697427173522,1.00630881820803
"3778329","2012-10-01",37.1470654735213,0.517241379310343,0.492926613616268,0.459180666077218,30.6083764457237,29.7449568876099,30.1766666666668,0.92852862959021,68.1777921149936,29.9504000000001,30.1396211375293,0.898873541037726,0.984821762773973
"3778328","2012-10-02",38.9770342246288,0.652173913043479,0.556471764117941,0.503645613090891,30.6581031868129,29.7965634798541,30.2273333333335,1.05636824334565,73.1255582504979,30.0032000000001,30.2010049858587,0.944193738354215,0.976696157890022
"3778327","2012-10-03",41.2765469861026,0.612903225806454,0.594106172720092,0.547834850151435,30.8167915988489,29.7672084011514,30.2920000000001,1.25077421373411,78.0303946934042,30.0656000000001,30.2968709877442,1.05285550902587,0.991928028117192
"3778326","2012-10-04",43.6011839771914,0.805555555555555,0.690210898135163,0.6135962783244,31.0525466561284,29.6861200105386,30.3693333333335,1.26403662309237,82.3634434025561,30.1360000000001,30.4332881893783,1.2300912616932,1.03956067483239
"3778325","2012-10-05",46.0155464323338,0.84090909090909,0.753122624090367,0.679146564981875,31.3359520899457,29.5827145767212,30.4593333333335,1.2266556814979,84.9249967307846,30.2240000000001,30.5941830974612,1.4369363581973,1.11903581150538
"3778324","2012-10-08",48.368183536062,0.854166666666668,0.833543771043772,0.758959097756435,31.6087804254941,29.4872195745062,30.5480000000001,1.13412432064192,86.0184485657909,30.3168000000001,30.7549586844664,1.62219672714974,1.21966799463425
"3778323","2012-10-09",50.6562007485732,0.807692307692307,0.834256021756022,0.806974138963388,31.8528934141332,29.4084399192004,30.6306666666668,1.04927069361304,86.2862562081796,30.4048000000001,30.8996308598709,1.75728542719289,1.32719148114598
"3778322","2012-10-10",47.2190379290735,0.0192307692307688,0.560363247863248,0.742721013554349,31.8550195219011,29.4929804780992,30.6740000000001,0.553343741429886,46.7489043109054,30.4224000000001,30.8063467452214,1.41913337935868,1.34557986078852
"3778321","2012-10-11",44.027386739538,0.230769230769231,0.352564102564103,0.582394457394459,31.8619213283468,29.5514120049868,30.7066666666668,0.534624400425931,52.974651566862,30.4560000000001,30.7841671791919,1.25184454353027,1.32683279733687
"3778320","2012-10-12",41.0637106349694,0.25,0.166666666666667,0.359864672364674,31.8715388476465,29.5897944856871,30.7306666666668,0.524542626655939,53.5068140367967,30.4896000000001,30.7702782219663,1.11691683005091,1.28484960387968
"3778319","2012-10-15",40.6720129551611,0,0.160256410256411,0.226495726495728,31.9187593977095,29.4839072689574,30.7013333333335,0.0695837181959671,34.5558587091896,30.4416000000001,30.5182411257041,0.529871667592596,1.13385401662226
"3778318","2012-10-16",40.3082936810533,0.0833333333333336,0.111111111111112,0.146011396011398,31.9999966963952,29.3093366369385,30.6546666666668,0.00891851659615578,38.2213376250959,30.4000000000001,30.3371423089436,0.134467170497254,0.933976647397259
"3778317","2012-10-17",39.7884831657397,0.0952380952380952,0.0595238095238101,0.110297110297112,32.0576030470543,29.1637302862793,30.6106666666668,0.0770373816738435,38.7491248739491,30.3776000000001,30.1855233344178,-0.167966543188791,0.713588009280049
"3778316","2012-10-18",39.0257226464799,0.142857142857143,0.107142857142858,0.0925925925925943,32.0897555945398,29.0622444054605,30.5760000000001,0.155602704152545,40.9232361317533,30.3520000000001,30.0754535564954,-0.361733224714833,0.498523762481073
"3778315","2012-10-19",38.4732307673678,0.107142857142857,0.115079365079365,0.0939153439153457,32.1213221099492,28.9533445567178,30.5373333333335,0.162034642393625,39.7826984165951,30.3152000000001,29.9640597489627,-0.542110997701095,0.290396810444639
"3778314","2012-10-22",39.6605414784524,0,0.0833333333333337,0.101851851851854,32.3412642108661,28.5027357891341,30.4220000000001,-0.117076756096549,26.876124123501,30.2016000000001,29.611518449101,-1.19420320348895,-0.00652319234207924
"3778313","2012-10-23",41.036699967345,0,0.0357142857142861,0.0780423280423297,32.636610454646,27.8927228786876,30.2646666666668,-0.14040303471701,24.7171847631984,30.0672000000001,29.2419826558875,-1.83055225184324,-0.371329004242312
"3778312","2012-10-24",42.3145614213166,0,4.9960036108132e-16,0.0396825396825414,32.8558768246397,27.3534565086939,30.1046666666668,-0.0521206715517749,24.7171847631984,29.9328000000001,28.9217183017692,-2.31738450849267,-0.760540105092384
"3778311","2012-10-25",42.5571155142069,0.0962962962962962,0.0320987654320992,0.0226043503821299,32.9295661474682,27.0037671858654,29.9666666666668,0.0938662984922066,31.6186737409755,29.8208000000001,28.7134891948666,-2.53453786288628,-1.11533965665116
"3778310","2012-10-26",42.2211691231452,0.133333333333333,0.0765432098765436,0.036213991769549,32.9437671518152,26.7348995148517,29.8393333333335,0.169397579931233,34.1202304583295,29.7168000000001,28.5596906355511,-2.62316999983758,-1.41690572528845
"3778309","2012-10-31",41.2251706358012,0.147286821705427,0.125638817111686,0.0780935974734441,32.9017400033337,26.5155933299999,29.7086666666668,0.222002418023598,34.6352587184765,29.6096000000001,28.4317318841443,-2.65355354934783,-1.66423529010032
"3778308","2012-11-01",39.6625380219831,0.28440366972477,0.188341274921177,0.130174433969803,32.8011580065668,26.3828419934334,29.5920000000001,0.310126727295272,40.6330287634358,29.5264000000001,28.3848342995917,-2.51322664427942,-1.83403356093614
"3778307","2012-11-02",38.2115220234378,0.28440366972477,0.238698053718323,0.18422604858373,32.6325668328843,26.275433167116,29.4540000000001,0.321617719616868,40.6330287634358,29.4416000000001,28.3441897263128,-2.37493563408135,-1.94221397556519
"3778306","2012-11-05",36.8641500247885,0.293577981651376,0.287461773700306,0.23816703411327,32.3816431606872,26.2130235059797,29.2973333333335,0.335079257552038,41.1548777619421,29.3568000000001,28.3142977628044,-2.22846573740008,-1.99946432793216
"3778305","2012-11-06",36.0737873141821,0.298701298701299,0.292227650025816,0.272795825814816,32.0308683940697,26.1877982725972,29.1093333333335,0.30558165889102,37.9238576449294,29.2560000000001,28.2403913944305,-2.1902526611535,-2.03762199457643
"3778304","2012-11-07",35.8858715399093,0.142857142857143,0.245045474403273,0.2749116327098,31.5916842570304,26.1909824096365,28.8913333333335,0.248551199756489,34.0817967170808,29.1328000000001,28.1123392085064,-2.27229929041193,-2.08455745374353
"3778303","2012-11-08",36.4532396037206,0,0.147186147186148,0.228153090538414,31.0717665367812,26.204233463219,28.6380000000001,0.14430989842943,28.8379544020135,28.9680000000001,27.8946939807056,-2.54112858742792,-2.17587168048041
"3778302","2012-11-09",35.6303904395334,0.0348837209302328,0.0592469545957925,0.150492858728406,30.7525965105549,26.166070156112,28.4593333333335,0.231241778329103,30.5637499444996,28.7952000000001,27.7220681166115,-2.69237045300653,-2.27917143498563
"3778301","2012-11-12",34.8663162156452,0.328947368421053,0.121277029783762,0.109236710521902,30.3532025357113,26.258797464289,28.3060000000001,0.356877863870815,41.7249239229856,28.6416000000001,27.68979236773,-2.52847306672578,-2.32903176133366
"3778300","2012-11-13",34.6135489261688,0.225806451612903,0.196545846988063,0.125689943789207,29.8746650082912,26.3906683250424,28.1326666666668,0.266742984982125,38.4012129601782,28.4576000000001,27.603153385366,-2.49868699988839,-2.36296280904461
"3778299","2012-11-14",35.99640911809,0,0.184917940011319,0.16758027226105,29.8434606398716,26.0205393601287,27.9320000000001,-0.0995415108715706,26.3000276600915,28.1728000000001,27.2133996006505,-3.13712113347357,-2.5177944739304
"3778298","2012-11-15",37.7400984628422,0,0.0752688172043014,0.152244201401229,30.1453851448735,25.1786148551268,27.6620000000001,-0.250722592177081,22.7646178067881,27.8432000000001,26.7316129872305,-3.93700224079124,-2.80163602730257
"3778297","2012-11-16",37.3996446268696,0.111940298507462,0.0373134328358213,0.0991667300171485,30.0744912000949,24.7935087999054,27.4340000000001,0.00627873078313716,28.5139455754329,27.6032000000001,26.3940645889331,-4.35678467790526,-3.11266575742311
"3778296","2012-11-19",36.8980763047195,0.298507462686567,0.13681592039801,0.0831327234793789,29.81230589666,24.6570274366736,27.2346666666668,0.172568608446307,36.9393823100848,27.3856000000001,26.2348559770753,-4.34133007883427,-3.35839862170534
"3778295","2012-11-20",36.862173202365,0.164179104477612,0.191542288557214,0.121890547263683,29.5608475529785,24.4524857803551,27.0066666666668,0.0889093033202153,33.8462478158635,27.1376000000001,26.0008751801319,-4.50420168017384,-3.58755923339904
"3778294","2012-11-21",37.1355459777815,0.0615384615384616,0.174741676234214,0.167699961729814,29.5945991360777,24.0334008639225,26.8140000000001,0.0299574170753158,31.6279472264093,26.9392000000001,25.7234251561144,-4.76077193897606,-3.82220177451444
"3778293","2012-11-23",37.3893921263825,0.0879999999999996,0.104572522005358,0.156952162265597,29.6565864874192,23.6700801792477,26.6633333333335,0.0907462760615652,32.6466487981506,26.7344000000001,25.4989684686324,-4.87857090888293,-4.03347560138814
"3778292","2012-11-26",36.6598534145614,0.245901639344262,0.131813366960908,0.137042521733495,29.6334720986323,23.4838612347013,26.5586666666668,0.242205910518363,38.8598041436358,26.5584000000001,25.4057726728148,-4.68175020212405,-4.16313052153532
"3778291","2012-11-27",35.2965978069954,0.327868852459016,0.220590163934426,0.152325350966899,29.5282534038241,23.3770799295095,26.4526666666668,0.335370166213748,41.8977301028276,26.3920000000001,25.3783363164395,-4.34963338070268,-4.20043109336879
"3778290","2012-11-28",34.0307175999698,0.352459016393442,0.308743169398907,0.220382233431415,29.3767529984806,23.3019136681864,26.3393333333335,0.365126748414958,42.8157097088052,26.2352000000001,25.3705581409142,-4.00230443228428,-4.16080576115189
"3778289","2012-11-29",32.6636394228036,0.336065573770491,0.33879781420765,0.289377049180329,29.1840959217101,23.2532374116235,26.2186666666668,0.382198055226138,42.3354922211069,26.1520000000001,25.3531503887923,-3.70977963821243,-4.070600536564
"3778288","2012-11-30",31.3942096868636,0.382608695652174,0.35704442860537,0.334861804070644,28.8835391848502,23.2697941484834,26.0766666666668,0.403213749499903,43.3616667508821,26.0928000000001,25.3540636702867,-3.40065371383096,-3.93661117201739
"3778287","2012-12-03",29.8029622657714,0.504672897196262,0.407782388872976,0.367874877228667,28.5674292383037,23.3445707616966,25.9560000000001,0.490554342309976,46.7625617222588,26.0496000000001,25.4081885142485,-2.993884156754,-3.74806576896471
"3778286","2012-12-04",28.3253753747572,0.565656565656566,0.484312719501668,0.416379845660006,28.224438438431,23.4555615615693,25.8400000000001,0.525163157510334,47.442287730464,25.9888000000001,25.4657633790153,-2.61577487464302,-3.52160759010037
"3778285","2012-12-05",27.0922038986434,0.803030303030303,0.624453255294377,0.505516121223008,27.9106089480545,23.5600577186124,25.7353333333335,0.533252491244674,46.483566980113,25.9152000000001,25.4996615951466,-2.32707545135774,-3.28270116235185
"3778284","2012-12-06",26.0901769159041,0.724137931034484,0.697608266573785,0.602124747123278,27.6585059538507,23.6321607128163,25.6453333333335,0.52185604927839,45.493509011309,25.8352000000001,25.5130400491271,-2.11172736682598,-3.04850640324667
"3778283","2012-12-07",25.4009658055822,0.637931034482758,0.721699756182515,0.681253759350227,27.5043632668378,23.6476367331625,25.5760000000001,0.485479914245624,43.818370091915,25.7280000000001,25.4979680425768,-1.9813934025003,-2.8350838030974
"3778282","2012-12-10",25.2218355658541,0.473684210526316,0.611917725347853,0.677075249368052,27.2525435527931,23.6967897805405,25.4746666666668,0.422754306327346,40.5985844245084,25.6048000000001,25.4315723035666,-1.98211686459954,-2.66449041539783
"3778281","2012-12-11",25.1009206671456,0.456140350877193,0.522585198628756,0.61873422671971,26.7975506418349,23.8931160248321,25.3453333333335,0.427008169246065,40.2798395870873,25.4784000000001,25.3686959964243,-1.97340685677199,-2.52627370367266
"3778280","2012-12-12",25.630763021582,0.148148148148148,0.35932423651722,0.497942386831278,26.3839025774723,24.0254307558613,25.2046666666668,0.204045647862207,35.7462824513234,25.3424000000001,25.2342031969011,-2.13417889933988,-2.4478547428061
"3778279","2012-12-13",26.1227594935587,0.0652173913043484,0.223168630109897,0.368359355085292,26.3427913335259,23.9612086664744,25.1520000000001,0.262622838520492,37.2670462875725,25.2304000000001,25.1336427706476,-2.19993208456133,-2.39827021115715
"3778278","2012-12-14",26.7075570928708,0,0.0711218464841663,0.217871571037096,26.2785524501008,24.0801142165662,25.1793333333335,0.181895391616664,36.3407663007162,25.1456000000001,25.0304904012279,-2.2660417994096,-2.37182452880764
"3778277","2012-12-17",27.621186247554,0,0.0217391304347835,0.10534320234295,26.3267935634084,23.9625397699252,25.1446666666668,0.0722399447465929,33.6394690384359,25.0416000000001,24.8930916810642,-2.4088481102753,-2.37922924510117
"3778276","2012-12-18",28.8765211801036,0,7.58652400160524e-16,0.0309536589729849,26.3597236144875,23.7549430521795,25.0573333333335,0.0172977902524798,30.6415249317448,24.8848000000001,24.715346123589,-2.63770620074117,-2.43092463622917
"3778275","2012-12-19",29.5851706465364,0.212121212121213,0.0707070707070717,0.03081540038062,26.3733860332266,23.6746139667737,25.0240000000001,0.209497511944174,38.1914553793371,24.7680000000001,24.6359666404438,-2.60889517886126,-2.46651874475559
"3778274","2012-12-20",29.8805806894382,0.242424242424243,0.151515151515153,0.0740740740740764,26.3642205920483,23.6984460746186,25.0313333333335,0.243164074009175,39.2094976024485,24.7488000000001,24.5778377550513,-2.53162373240362,-2.4795397422852
"3778273","2012-12-21",30.5403117784962,0.106060606060606,0.186868686868688,0.136363636363639,26.3800450000728,23.6639549999275,25.0220000000001,0.133541843871056,36.3111252533954,24.7584000000001,24.4794593877111,-2.56020793820743,-2.49567338146964
"3778272","2012-12-24",31.1529192183358,0.196969696969697,0.181818181818183,0.173400673400676,26.3896432628887,23.5743567371116,24.9820000000001,0.212758662657403,39.5208093833591,24.7536000000001,24.4261981360163,-2.47635940718844,-2.4918105866134
"3778271","2012-12-26",31.8969113808087,0.147540983606559,0.150190428878955,0.17295909918861,26.3583984991074,23.4682681675595,24.9133333333335,0.207048966814812,38.1408003002928,24.7024000000001,24.3587050512141,-2.43544000555012,-2.48053647040074
"3778270","2012-12-27",33.3618483912505,0,0.114836893525419,0.14894850140752,26.3586165869362,23.2613834130641,24.8100000000002,0.0619746430099173,31.8523748178155,24.6464000000001,24.1882110443856,-2.65315016227687,-2.51505920877597
"3778269","2012-12-28",34.7221470438036,0.206349206349207,0.117963396651923,0.127663573018767,26.2962052452952,23.1517947547051,24.7240000000001,0.206145236836831,38.6010958767189,24.6336000000001,24.1097829051342,-2.62461573573817,-2.53697051416841
"3778268","2012-12-31",35.9852815068886,0.266666666666667,0.157671957671959,0.130157415949768,26.2091218160273,23.0722115173063,24.6406666666668,0.253260397558796,40.075901705898,24.6208000000001,24.0578118511163,-2.53354801726464,-2.53628601478766
"3778267","2013-01-02",35.5250927569024,0.767441860465115,0.413485911160331,0.229707088494739,26.0290326008708,23.1149673991295,24.5720000000002,0.486731022132341,47.7368442548151,24.6048000000001,24.1034369376341,-2.20821487769318,-2.47067178736876
"3778266","2013-01-03",33.880662041104,0.689655172413794,0.574587899848526,0.38191525622694,25.8432686802008,23.1967313197995,24.5200000000001,0.651140885439529,50.5407415421767,24.5840000000001,24.1803120126162,-1.83557275801721,-2.34365198149845
"3778265","2013-01-04",32.0523365512014,0.719512195121952,0.725536409333621,0.571203406780827,25.8102082095048,23.2164584571621,24.5133333333335,0.975502053434119,57.2455722013852,24.5888000000001,24.3482704109341,-1.27337447473872,-2.12959648014651
"3778264","2013-01-07",30.354605739149,0.841463414634147,0.750210260723298,0.68344485663515,25.8706765774331,23.1799900892339,24.5253333333335,1.03815262623516,60.2962922798954,24.6128000000001,24.5471676894762,-0.690167999602542,-1.84171078403771
"3778263","2013-01-08",30.3037674786138,0.68141592920354,0.74746384631988,0.741070172125601,26.160540448031,23.002126218636,24.5813333333335,1.15180388547733,62.5957073759507,24.6448000000001,24.762211997546,-0.125208328174209,-1.49841029286501
"3778262","2013-01-09",30.2565605224025,0.805309734513274,0.776063026116988,0.757912377720057,26.5101588379344,22.8165078287326,24.6633333333335,1.08929949289846,66.2765025738597,24.6832000000001,25.0232503978732,0.493609279906759,-1.10000637831066
"3778261","2013-01-10",30.2913189667614,0.849557522123894,0.778761061946903,0.767429311461258,26.8599360793247,22.6533972540089,24.7566666666668,1.03329671411384,67.5063339600432,24.7264000000001,25.2761503448235,1.03021160295322,-0.673962782057882
"3778260","2013-01-11",29.5318748959669,0.752212389380531,0.8023598820059,0.785727990023265,27.159127141474,22.587539525193,24.8733333333335,0.930193366449449,62.1375667795532,24.7568000000001,25.4366636321803,1.29623101343717,-0.279924022958872
"3778259","2013-01-14",28.8266768302291,0.805309734513274,0.8023598820059,0.794493608652903,27.4268228974295,22.5478437692375,24.9873333333335,0.885189869428607,63.827434118906,24.8016000000001,25.6077751478896,1.56213014436002,0.088486810504906
"3778258","2013-01-15",27.343895603998,0.699115044247787,0.752212389380531,0.785644051130779,27.5940914390563,22.577908560944,25.0860000000001,0.772584426556584,58.229805157726,24.8352000000001,25.6920717948377,1.60173781461719,0.391137011327362
"3778257","2013-01-16",26.0792487879243,0.752212389380531,0.752212389380531,0.768928220255656,27.7665549153755,22.6561117512915,25.2113333333335,0.779558273283836,60.1133624567143,24.8944000000001,25.7971288888593,1.68780551853258,0.650470712768406
"3778256","2013-01-17",24.9049338872845,0.779999999999999,0.74377581120944,0.749400196656836,27.9197620177672,22.8029046488997,25.3613333333335,0.781162159301099,61.9606321680665,24.9648000000001,25.9201783703447,1.80855619385656,0.882087808986037
"3778255","2013-01-18",24.1192151101021,0.752577319587629,0.761596569656054,0.752528256748676,28.0686663219581,22.9113336780422,25.4900000000001,0.756592588592155,60.9473712547418,25.0560000000001,26.0161545876321,1.85660841930035,1.0769919310489
"3778254","2013-01-22",23.3896191027185,0.7125,0.74835910652921,0.751243829131569,28.1936294595986,23.0303705404017,25.6120000000001,0.727504892752739,61.2882523492976,25.1440000000001,26.1046673092812,1.88431116213721,1.23845577726656
"3778253","2013-01-23",22.9077399686337,0.73972602739726,0.734934448994964,0.74829670839341,28.2924569112988,23.2222097553682,25.7573333333335,0.731941355881303,62.6910976746897,25.2432000000001,26.2027116680437,1.93226914803233,1.37721845141972
"3778252","2013-01-24",22.4602807726978,0.703703703703703,0.718643243700322,0.733978933074833,28.3812462156796,23.4174204509874,25.8993333333335,0.724423670936188,63.7520512795851,25.3616000000001,26.3036834456379,1.98307930457409,1.49839062205059
"3778251","2013-01-25",22.11710613981,0.659090909090909,0.700840213397291,0.71813930203086,28.428855641424,23.6684776919096,26.0486666666668,0.71104766834092,64.1183369370395,25.4992000000001,26.3965256528861,2.01123635251061,1.60095976814259
"3778250","2013-01-28",22.0205490390809,0.638888888888887,0.6672278338945,0.695570430330706,28.3363935374699,24.1302731291971,26.2333333333335,0.717143886688743,64.882652775728,25.6176000000001,26.4876555658347,2.03344314181944,1.68745644287796
"3778249","2013-01-29",22.1520526795134,0.727272727272728,0.675084175084175,0.68105074079199,28.232048209736,24.5812851235976,26.4066666666668,0.735567189573378,66.0508213264357,25.7376000000001,26.5826348237234,2.06265163285362,1.76249548087309
"3778248","2013-01-30",22.2741632027722,0.757575757575757,0.707912457912458,0.683408155630379,28.0207449146988,25.1352550853015,26.5780000000001,0.747907071459891,66.4514308224068,25.8736000000001,26.6702835138936,2.07294634177622,1.82458565305372
"3778247","2013-01-31",22.5470487883622,0.757575757575757,0.747474747474748,0.710157126823795,27.8477483996796,25.5869182669874,26.7173333333335,0.766568751872075,66.4514308224068,26.0000000000001,26.7462457120411,2.05649768596643,1.87096805963626
"3778246","2013-02-01",23.1140879375992,0.771428571428572,0.762193362193363,0.739193522526858,27.6609293248505,26.0244040084832,26.8426666666668,0.856853630163328,67.3452260105434,26.1360000000001,26.822746283769,2.04321388859157,1.90541722542732
"3778245","2013-02-04",23.2138339819146,0.685714285714285,0.738239538239538,0.749302549302551,27.5857052681833,26.2529613984836,26.9193333333335,0.770619640327282,64.5664909781765,26.3008000000001,26.8730467792664,1.97327730078749,1.91898924049936
"3778244","2013-02-05",23.8628715531832,0.774193548387098,0.743778801843319,0.748070567425408,27.5595891074751,26.4350775591919,26.9973333333335,0.976651396615889,67.4584567330827,26.4544000000001,26.9486405420309,1.96658259171119,1.92850791074172
"3778243","2013-02-06",24.8211667233528,0.812499999999999,0.757469278033795,0.746495872705552,27.6813319179037,26.4253347487632,27.0533333333335,1.06263396449383,70.0876037487294,26.6128000000001,27.0461551364268,2.00891333385427,1.94458899536423
"3778242","2013-02-07",25.7808675182639,0.787878787878787,0.791524112088629,0.764257397321915,27.7929999198334,26.4070000801669,27.1000000000001,0.985810542009315,70.0876037487294,26.7440000000001,27.1306677849032,2.01811840966333,1.95929487822405
"3778241","2013-02-08",26.6720182563956,0.906249999999999,0.835542929292929,0.794845439805119,27.9135355020329,26.3744644979673,27.1440000000001,0.97821055562456,71.8462979973384,26.8704000000001,27.2252454135828,2.04829490484102,1.97709488354744
"3778240","2013-02-11",27.653452624839,0.866666666666666,0.853598484848485,0.826888508743349,28.027133523779,26.3701998095546,27.1986666666668,0.943389292136199,72.2850090452728,26.9680000000001,27.3125460251051,2.05924268609061,1.99352444405608
"3778239","2013-02-12",28.8623946632623,0.806451612903227,0.859789426523298,0.849643613554905,28.1473410736244,26.3673255930425,27.2573333333335,0.939696550510165,73.1849947820201,27.0528000000001,27.3988732217577,2.06671690877422,2.00816293699971
"3778238","2013-02-13",28.348885150994,0.466666666666666,0.71326164874552,0.808883186705769,28.1418294083864,26.4928372582805,27.3173333333335,0.703760824439513,62.292842129234,27.1088000000001,27.42035679219,1.93211936712658,1.99295422302508
"3778237","2013-02-14",26.4987102260823,0.0357142857142881,0.436277521761394,0.669776199010072,28.1136764790765,26.5849901875904,27.3493333333335,0.454645152691172,52.9562887742959,27.1248000000001,27.380309219898,1.67667554534567,1.9296984874892
"3778236","2013-02-15",25.3725533234763,0.148148148148149,0.216843033509701,0.455460734672207,28.1052841311665,26.6600492021671,27.3826666666668,0.558122038372013,55.5644304446013,27.1392000000001,27.366934657245,1.50411630884988,1.84458205176134
"3778235","2013-02-19",23.7479283150288,0,0.0612874779541461,0.238136011075082,28.08575156407,26.7049151025969,27.3953333333335,0.261980020200085,48.9840434463147,27.1568000000001,27.3073433696123,1.24680993074158,1.72502762755738
"3778234","2013-02-20",22.5367809695828,0.28125,0.143132716049383,0.140421075837745,28.0575258418221,26.7944741581782,27.4260000000001,0.479414935796516,54.7545526549297,27.1792000000001,27.3036975869973,1.13620936766008,1.60726397557792
"3778233","2013-02-21",22.7643357770983,0,0.0937500000000006,0.0993900646678447,28.1267158654841,26.6812841345162,27.4040000000001,-0.130030908521003,38.5710261056885,27.1712000000001,27.1352045753977,0.673113124632496,1.42043380538884
"3778232","2013-02-22",22.9756366697912,0.166666666666666,0.149305555555556,0.128729423868315,28.1608271438577,26.6125061894759,27.3866666666668,0.0349801357641604,43.7674679133623,27.1680000000001,27.037177298678,0.407389220007826,1.21782488831264
"3778231","2013-02-25",22.6879565223525,0.25925925925926,0.141975308641976,0.128343621399179,28.1715837836184,26.5830828830486,27.3773333333335,0.178522897605145,46.4763535998374,27.1632000000001,26.9788869921876,0.253265380754297,1.02491298680097
"3778230","2013-02-26",22.4208249568737,0.370370370370371,0.265432098765433,0.185570987654323,28.1771213341234,26.5588786658769,27.3680000000001,0.247874649453994,49.6131489524557,27.1712000000001,26.9603687265626,0.200588926215151,0.860048174683805
"3778229","2013-02-27",21.580074061881,0.500000000000001,0.376543209876544,0.261316872427986,28.1763102286575,26.5556897713428,27.3660000000001,0.414024697945411,53.0688277482466,27.1888000000001,26.9816528963542,0.239937233272336,0.736025986401511
"3778228","2013-02-28",20.6062903099628,0.555555555555555,0.475308641975309,0.372427983539097,28.1777802170961,26.5582197829042,27.3680000000001,0.478595015082529,54.5087913811641,27.2048000000001,27.0160991768403,0.303435725458523,0.649507934212913
"3778227","2013-03-01",19.787434574014,0.537037037037037,0.530864197530865,0.460905349794241,28.176846344955,26.5564869883786,27.3666666666668,0.454742549524064,53.9149604146478,27.2144000000001,27.040619286595,0.337797152509012,0.587165777872133
"3778226","2013-03-04",18.5176469614716,0.537037037037037,0.54320987654321,0.516460905349796,28.1730465884773,26.5536200781897,27.3633333333335,0.497941658165838,53.9149604146478,27.2224000000001,27.0618700483823,0.360796287304121,0.541891879758531
"3778225","2013-03-05",17.346548920204,0.68888888888889,0.587654320987655,0.553909465020578,28.1816704405019,26.5623295594984,27.3720000000001,0.550226196526818,55.0508015744103,27.2304000000001,27.0909540419313,0.398210850836556,0.513155673974136
"3778224","2013-03-06",16.9050552927639,0.862745098039217,0.696223674655048,0.609029290728639,28.2287027019287,26.5512972980716,27.3900000000001,0.800066598197318,61.6646613317657,27.2544000000001,27.1854935030072,0.575650943862094,0.525654727951727
"3778223","2013-03-07",16.6705016840287,0.886792452830189,0.812808813252766,0.698895602965158,28.2679597116624,26.5360402883379,27.4020000000001,0.845281652221408,63.0170369120703,27.2816000000001,27.2834277026062,0.742423100724698,0.569008402506322
"3778222","2013-03-08",16.8800836911089,0.844827586206897,0.864788379025435,0.791273622311084,28.3271943114329,26.5114723552341,27.4193333333335,0.885888744845814,63.9305832066495,27.3120000000001,27.378970675592,0.887086212199328,0.632623964444923
"3778221","2013-03-11",17.0746955548262,0.913793103448276,0.881804380828455,0.85313385770222,28.3910902856351,26.4822430476986,27.4366666666668,0.913862348070272,65.7526747549402,27.3456000000001,27.4831079188464,1.03591428438345,0.713282028432629
"3778220","2013-03-12",16.989425551627,0.864406779661017,0.874342489772064,0.873645083208653,28.4359675670347,26.4626990996323,27.4493333333335,0.873660931350016,64.0114945216085,27.3808000000001,27.5626935296669,1.11663257819883,0.793952138385869
"3778219","2013-03-13",16.392162832058,0.520000000000001,0.766066627703099,0.840737832767874,28.378184751974,26.4751485813596,27.4266666666668,0.584076173890164,52.1206032499132,27.3808000000001,27.546334392378,0.981708289648275,0.831503368638351
"3778218","2013-03-14",15.8375617353154,0.466666666666667,0.617024482109229,0.752477866528132,28.3699343624723,26.474065637528,27.4220000000002,0.572789849942745,52.1206032499132,27.3712000000001,27.5321564733943,0.864836401756186,0.838169975261918
"3778217","2013-03-15",15.2054195838353,0.461538461538461,0.482735042735044,0.621942050849125,28.3913800830022,26.4899532503315,27.4406666666668,0.611845832304685,53.9795952205857,27.3664000000001,27.5358689436084,0.798189587035103,0.830173897616555
"3778216","2013-03-18",15.0241636035618,0.218749999999999,0.382318376068376,0.494025966970884,28.3921374374708,26.4905292291961,27.4413333333335,0.520333666261145,51.1290994094721,27.3488000000001,27.5177530844606,0.690529015187602,0.802244921130764
"3778215","2013-03-19",14.7256752779701,0.233333333333334,0.304540598290599,0.389864672364674,28.4012117679843,26.5294548986827,27.4653333333335,0.543452937006467,52.4802979885593,27.3328000000001,27.5127193398658,0.621514989141381,0.766098934732887
"3778214","2013-03-20",14.0552821079319,0.366666666666668,0.272916666666668,0.319925213675215,28.4205057740979,26.5394942259025,27.4800000000002,0.613414153962983,55.1510629564306,27.3200000000001,27.5296900945504,0.606739723813776,0.734227092549065
"3778213","2013-03-21",13.0519022384139,0.400000000000001,0.333333333333335,0.303596866096868,28.3736853336589,26.7129813330081,27.5433333333335,0.630466757821743,55.8195860817788,27.3248000000001,27.549731415277,0.599786034614636,0.707338880962179
"3778212","2013-03-22",12.490456384775,0.535714285714285,0.434126984126985,0.34679232804233,28.3483883874699,26.8649449458637,27.6066666666668,0.720208372968245,59.1021937616367,27.3552000000001,27.5937672265734,0.645275078296015,0.694926120428946
"3778211","2013-03-25",12.6493131864795,0.48,0.471904761904762,0.413121693121695,28.3426444004207,26.9853555995796,27.6640000000002,0.757375831228167,59.1021937616367,27.3792000000001,27.6319315963636,0.67336370167288,0.690613636677733
"3778210","2013-03-26",12.7968230737765,0.520000000000003,0.511904761904763,0.472645502645505,28.3288322216163,27.1045011117173,27.7166666666668,0.742309179492283,59.7950891434884,27.4192000000001,27.6703407168485,0.699068048774487,0.692304519097084
"3778209","2013-03-27",13.662648738442,0.629629629629628,0.543209876543211,0.509006466784247,28.3712496271055,27.1607503728948,27.7660000000002,0.869544493131385,62.5297232683488,27.4512000000001,27.724961954602,0.757108974413767,0.705265410160421
"3778208","2013-03-28",14.4666297127743,0.74074074074074,0.630123456790124,0.561746031746034,28.4266068160829,27.2013931839173,27.8140000000001,0.891224289992554,64.4810338023735,27.5376000000001,27.7883003606551,0.828098204586181,0.729831969045573
"3778207","2013-04-01",15.4176930779964,0.689655172413794,0.686675180928054,0.620002838087131,28.4667775211939,27.263889145473,27.8653333333335,0.877979100840537,64.4810338023735,27.6096000000001,27.8431936459011,0.873901289498513,0.758645833136161
"3778206","2013-04-02",16.3008233457027,0.689655172413794,0.706683695189443,0.674494110969209,28.4938835316836,27.3301164683167,27.9120000000001,0.827671529240504,64.4810338023735,27.6736000000001,27.8907678264476,0.899529873870675,0.786822641283064
"3778205","2013-04-03",17.4417906690114,0.833333333333331,0.737547892720307,0.710302256279269,28.5523920264742,27.3729413068594,27.9626666666668,0.927317556908551,67.9548338440139,27.7360000000001,27.9586654495879,0.966161353951667,0.822690383816784
"3778204","2013-04-04",18.8050127967593,0.78787878787879,0.770289097875305,0.738173561928353,28.6332985376744,27.3560347956592,27.9946666666668,0.921734876632953,68.6159356801785,27.7888000000001,28.0228433896429,1.01829459071947,0.861811225197322
"3778203","2013-04-05",20.6887236307595,0.624999999999999,0.748737373737374,0.752191454777663,28.715702603986,27.3336307293476,28.0246666666668,0.916283222233785,67.1246106783316,27.8352000000001,28.0731309376905,1.03578284973254,0.896605550104364
"3778202","2013-04-08",22.4378836909025,0.789473684210526,0.734117490696439,0.751047987436374,28.824418510563,27.2915814894373,28.0580000000001,0.975371260364931,71.7527480015897,27.8944000000001,28.1540468126651,1.11671463525878,0.940627367135247
"3778201","2013-04-09",24.2312974490228,0.77777777777778,0.730750487329436,0.737868450587751,28.9316650165002,27.2483349835001,28.0900000000001,0.961387043206455,72.9255161361783,27.9568000000001,28.2348405709764,1.18936948126784,0.990375789961766
"3778200","2013-04-10",26.4213324510015,0.833333333333333,0.80019493177388,0.755020969933253,29.1044852499882,27.1741814166788,28.1393333333335,1.03566696711529,77.0330724635326,28.0288000000001,28.3475284948462,1.32211772578914,1.05672417712724
"3778199","2013-04-11",27.0049845087285,0.621621621621623,0.744244244244246,0.758396554449188,29.1984395615227,27.2162271051442,28.2073333333335,0.872983900365521,67.3978427354067,28.0688000000001,28.4078580288667,1.33149900309577,1.11167914232095
"3778198","2013-04-12",27.5469471337607,0.675675675675675,0.710210210210211,0.751549795409447,29.2784675357291,27.2788657976045,28.2786666666668,0.854070506391868,68.6060661065631,28.1072000000001,28.4708102916845,1.3456837722956,1.15848006831588
"3778197","2013-04-15",26.7817708220506,0.472222222222223,0.589839839839841,0.681431431431434,29.3114879368396,27.3565120631607,28.3340000000001,0.717905502433746,60.1973278301204,28.1312000000001,28.4880355861266,1.26280445923339,1.17934494649938
"3778196","2013-04-16",25.745675657925,0.343750000000001,0.497215965965967,0.599088672005341,29.296130617863,27.4892027154706,28.3926666666668,0.644259583529253,58.0096410864627,28.1456000000001,28.4922975079763,1.1610606442835,1.1756880860562
"3778195","2013-04-17",24.3081404654047,0.172413793103448,0.329462005108558,0.472172603638123,29.2619801681922,27.6260198318081,28.4440000000001,0.579056521394058,54.7929556542712,28.1584000000001,28.4799911735795,1.03453980951949,1.14745843074886
"3778194","2013-04-18",23.2679772829295,0,0.17205459770115,0.332910856258559,29.2206829918079,27.7233170081924,28.4720000000001,0.353965784544658,47.2661297299937,28.1840000000001,28.4266590171022,0.833958964822235,1.08475853756354
"3778193","2013-04-19",22.425941408093,0,0.0574712643678165,0.186329289059176,29.1815193546969,27.8051473119701,28.4933333333335,0.277192025740911,46.4079578134977,28.2080000000001,28.3751044814886,0.655986571570955,0.999004144365019
"3778192","2013-04-22",23.8553747720416,0,6.19874522082379e-16,0.076508620689657,29.2654135968521,27.6705864031481,28.4680000000001,-0.152944304840308,30.7669022536408,28.1856000000001,28.1917572172901,0.215294606697491,0.842262236831514
"3778191","2013-04-23",25.1827057528511,0.271186440677966,0.0903954802259894,0.0492889148646035,29.2839612894164,27.6307053772506,28.4573333333335,0.102400736331039,43.407409290302,28.1952000000001,28.1181895883181,0.0475926948577898,0.683328328436769
"3778190","2013-04-24",25.2863569753244,0.389830508474577,0.220338983050848,0.103578154425614,29.2800651439881,27.6426015226789,28.4613333333335,0.27526218279835,47.8900518724423,28.2128000000001,28.0917643098757,-0.00500671025779331,0.545661320697857
"3778189","2013-04-25",24.526407237656,0.559322033898305,0.40677966101695,0.239171374764597,29.2841710345893,27.6624956320777,28.4733333333335,0.487667075686558,53.5504001872196,28.2400000000001,28.1221957352256,0.0674651551562322,0.450022087589532
"3778188","2013-04-26",23.2649381569071,0.59322033898305,0.514124293785312,0.380414312617705,29.2949184853625,27.6797481813044,28.4873333333335,0.553245159215582,54.6122804714645,28.2688000000001,28.1592363038622,0.146074813972574,0.38923263286614
"3778187","2013-04-29",22.5466943076915,0.508474576271186,0.553672316384181,0.491525423728816,29.2957074186357,27.6842925813645,28.4900000000001,0.427599855748891,51.4458591781727,28.2816000000001,28.1646714633472,0.149248924709799,0.341235891234872
"3778186","2013-04-30",21.8797535905628,0.571428571428572,0.55770782889427,0.541834813021256,29.2971656793455,27.6935009873215,28.4953333333335,0.440552826405901,52.6289978041358,28.2976000000001,28.1800486015676,0.172685512128479,0.307525815413593
"3778185","2013-05-01",21.134680927014,0.618181818181818,0.566028321960526,0.559136155746327,29.2971656793455,27.6935009873215,28.4953333333335,0.482124276471639,53.8403122734031,28.3152000000001,28.2040421213586,0.211688911111119,0.288358434553099
"3778184","2013-05-02",20.1847945309476,0.75,0.646536796536798,0.590090982463866,29.3037467815731,27.6962532184272,28.5000000000001,0.578797619829112,56.8134660617778,28.3344000000001,28.2515031718441,0.296279497698215,0.289942647182122
"3778183","2013-05-03",18.8001002301895,0.895833333333332,0.754671717171717,0.655745611889682,29.3217962555644,27.6968704111026,28.5093333333335,0.670674455254934,59.0839720359222,28.3552000000001,28.3139694155982,0.404079801869761,0.31277007811965
"3778182","2013-05-06",17.9815792687199,0.886792452830188,0.844208595387841,0.748472369698786,29.3456671365284,27.6903328634719,28.5180000000001,0.767015555223002,61.2764447920024,28.3824000000001,28.3894401601851,0.528578813212688,0.355931825138257
"3778181","2013-05-07",17.4440169452271,0.909090909090909,0.897238898418144,0.832039736992568,29.3768381602063,27.679161839794,28.5280000000002,0.817296448203784,62.8828719961446,28.4144000000001,28.4708481388271,0.653257119501061,0.415396884010818
"3778180","2013-05-08",16.9448519305551,0.927272727272727,0.907718696397942,0.883055396734644,29.3613121016418,27.6866878983585,28.5240000000002,0.839976773425903,63.4275048636115,28.4400000000001,28.5467350536502,0.7541375634043,0.483145019889514
"3778179","2013-05-09",16.4813415597883,0.927272727272727,0.921212121212122,0.908723238676071,29.3857191426205,27.6769475240464,28.5313333333335,0.828891230338204,63.4275048636115,28.4640000000001,28.6125037131635,0.824108529323131,0.551337721776238
"3778178","2013-05-10",17.6591320592073,0.709090909090909,0.854545454545455,0.894492090718508,29.4704214148309,27.6349119185027,28.5526666666668,0.968897964509693,65.7583505241267,28.4960000000001,28.6908365514084,0.913619434867119,0.623794064394414
"3778177","2013-05-13",16.7289818759109,0.333333333333332,0.656565656565657,0.810774410774413,29.4704214148309,27.6349119185027,28.5526666666668,0.612956829560366,51.5938430153029,28.4912000000001,28.6733916778872,0.795216787724184,0.658078609060368
"3778176","2013-05-14",15.8652709914214,0.390243902439025,0.477556048287756,0.662889053132958,29.4968719926322,27.6351280073682,28.5660000000002,0.690144296316686,56.0538369820564,28.4944000000001,28.6956061208356,0.771238179587974,0.680710523165889
"3778175","2013-05-15",14.9495712351187,0.365853658536586,0.363143631436315,0.499088445429911,29.5222321943524,27.6404344723146,28.5813333333335,0.658713480821461,55.2703842603476,28.4832000000001,28.7095253047242,0.732496660149873,0.691067750562686
"3778174","2013-05-16",14.0992786042661,0.390243902439025,0.382113821138213,0.407604500287429,29.5495162336257,27.6758170997079,28.6126666666668,0.642676766239519,55.933667521916,28.4848000000001,28.726921930761,0.704869590091839,0.693828118468517
"3778173","2013-05-17",14.3481807864971,0.384615384615384,0.380237648530332,0.375165033701622,29.5884104410201,27.7222562256468,28.6553333333335,0.706128016375953,56.6263191091254,28.4848000000001,28.7473323399928,0.686245633016425,0.692311621378098
"3778172","2013-05-20",14.6728579507973,0.513513513513514,0.429457600189309,0.397269689952619,29.5186560435678,27.9706772897658,28.7446666666668,0.802760399983168,60.6253985511802,28.5056000000001,28.7970213613271,0.73026313121145,0.699901923344769
"3778171","2013-05-21",15.0718245978716,0.5,0.466042966042967,0.425246071587537,29.4939391219683,28.1433942113653,28.8186666666668,0.841590516325163,61.8868541735318,28.5328000000001,28.8507518464835,0.778308955925278,0.715583329860871
"3778170","2013-05-22",14.354713421738,0.25,0.421171171171172,0.438890579134484,29.4619745883959,28.2726920782711,28.8673333333335,0.667608059175321,54.3817965456265,28.5520000000001,28.8546516002857,0.718478367821529,0.716162337453002
"3778169","2013-05-23",13.665961079719,0.0625000000000014,0.270833333333335,0.386015823515826,29.4494887625519,28.3198445707817,28.8846666666668,0.42505014651194,49.530332529059,28.5744000000001,28.8260313869143,0.597060341551514,0.692341938272705
"3778168","2013-05-24",13.1340574992472,0.25,0.187500000000001,0.293168168168171,29.4591428241886,28.358190509145,28.9086666666668,0.631401391949284,53.9541243701532,28.6080000000001,28.8332272019924,0.561538852625509,0.666181321143266
"3778167","2013-05-28",12.6401470316663,0.281250000000002,0.197916666666669,0.218750000000003,29.4392096620016,28.4474570046654,28.9433333333335,0.624358964325301,54.6673206374828,28.6848000000001,28.8447969083934,0.538358943266926,0.640616845567998
"3778166","2013-05-29",11.9278339092036,0.218750000000001,0.250000000000002,0.211805555555559,29.3989832941582,28.5410167058421,28.9700000000001,0.457263293039448,52.9024660758292,28.7328000000001,28.8441573206076,0.491925697332074,0.610878615920813
"3778165","2013-05-30",12.0445199531036,0.312500000000001,0.270833333333336,0.239583333333337,29.3666879945014,28.6373120054989,29.0020000000001,0.643501662029855,55.2368777513896,28.7744000000001,28.8596030111933,0.483115247168087,0.585325942170268
"3778164","2013-05-31",12.6422964829838,0.73076923076923,0.420673076923078,0.313835470085473,29.4053015859173,28.6773650807497,29.0413333333335,1.01103358240597,61.4155790974373,28.8144000000001,28.9209892763675,0.570026012906255,0.582265956317465
"3778163","2013-06-03",12.7782958323879,0.583333333333331,0.542200854700855,0.411235754985758,29.4267160459963,28.7066172873373,29.0666666666668,0.814771639224374,58.5161276558695,28.8464000000001,28.9581907061852,0.598281344248752,0.585469033903723
"3778162","2013-06-04",13.2088976025096,0.749999999999998,0.688034188034187,0.550302706552709,29.4817313103711,28.6996020229625,29.0906666666668,0.946643974285433,61.1497558392907,28.8928000000001,29.0117652786938,0.657456519022337,0.599866530927446
"3778161","2013-06-05",14.1711242317756,0.733333333333333,0.688888888888888,0.639707977207979,29.5737925344831,28.6635407988505,29.1186666666668,1.05808737310102,63.6359342436337,28.9424000000001,29.0795299082013,0.739956341871917,0.62788449311634
"3778160","2013-06-06",15.2407921573162,0.625,0.702777777777778,0.69323361823362,29.6447798362999,28.6432201637003,29.1440000000001,0.955289896822923,61.5161938220151,28.9856000000001,29.1275925871078,0.773892079434524,0.657086010379977
"3778159","2013-06-07",16.3240949903645,0.848484848484849,0.735606060606061,0.709090909090911,29.7621268974651,28.5992064358685,29.1806666666668,1.05549800810364,66.3453379340857,29.0336000000001,29.2119135754934,0.878822626828879,0.701433333669757
"3778158","2013-06-10",17.7645917931928,0.81578947368421,0.76309144072302,0.733825093035621,29.8793359840903,28.5379973492433,29.2086666666668,1.07007726967748,67.9685835627163,29.0800000000001,29.3009917654276,0.983088305598878,0.757764328055581
"3778157","2013-06-11",18.1125475540307,0.625000000000001,0.763091440723021,0.753929647350702,29.9537450510295,28.5715882823041,29.2626666666668,0.917704667369686,61.5721485017911,29.1104000000001,29.3461928633706,0.987805251208007,0.803772512686067
"3778156","2013-06-12",18.0176605120894,0,0.480263157894738,0.668815346446928,29.9519880374001,28.5773452959335,29.2646666666668,0.278366656676356,42.7829791896694,29.0944000000001,29.2467004815879,0.697262557811573,0.782470521711168
"3778155","2013-06-13",17.929551116001,0.0243902439024385,0.216463414634147,0.486606004417303,29.9484390739321,28.5875609260682,29.2680000000001,0.263877953483288,43.4971546535889,29.0784000000001,29.1658070840428,0.472174670063796,0.720411351381694
"3778154","2013-06-14",17.8477352482047,0.365853658536585,0.130081300813009,0.275602624447299,29.946118770985,28.632547895682,29.2893333333335,0.513195582864293,52.446215984262,29.0848000000001,29.1703661395038,0.443494264487354,0.665027934002826
"3778153","2013-06-17",18.1977833468181,0.24390243902439,0.211382113821138,0.1859756097561,29.9456185929051,28.6490480737619,29.2973333333335,0.424930166237461,49.4348271350631,29.0768000000001,29.1476506542366,0.361250287513859,0.604272404705033
"3778152","2013-06-18",19.260732918124,0,0.203252032520326,0.181571815718159,29.958592298616,28.596074368051,29.2773333333335,0.159454022885598,43.994045928691,29.0784000000001,29.0746305670051,0.183009893292607,0.520019902422547
"3778151","2013-06-19",20.8494964461003,0,0.0813008130081307,0.165311653116533,30.0102679387992,28.4590653945345,29.2346666666668,-0.0208862008301717,39.3321688311371,29.0528000000001,28.9580131580711,-0.0691661310263103,0.402182695732776
"3778150","2013-06-20",23.3505167453977,0,7.49400541621981e-16,0.0948509485094873,30.2343695960058,28.0802970706612,29.1573333333335,-0.260110587767487,30.8758436633626,28.9904000000001,28.7289447369949,-0.533080944332709,0.215129967719679
"3778149","2013-06-21",26.0941189434263,0,7.49400541621981e-16,0.0271002710027124,30.4618065827454,27.6861934172549,29.0740000000001,-0.199184847080024,27.2018850623569,28.9040000000001,28.4557521053956,-1.05099871594637,-0.0380957690135312
"3778148","2013-06-24",27.6634515626401,0.0898876404494383,0.0299625468164802,0.00998751560549557,30.549481982602,27.4398513507316,28.9946666666668,0.00862331225458784,32.1688515507302,28.8288000000001,28.2616518246762,-1.35929496461671,-0.302335608134167
"3778147","2013-06-25",28.3277582379781,0.370786516853933,0.153558052434458,0.0611735330836479,30.5418812376928,27.3647854289741,28.9533333333335,0.275476291468475,44.835589426362,28.7840000000001,28.2267649147194,-1.30415878092376,-0.502700242692085
"3778146","2013-06-26",27.9670286750127,0.370786516853933,0.277153558052435,0.153558052434459,30.5336810076078,27.3183189923925,28.9260000000001,0.332263573811803,44.835589426362,28.7360000000001,28.1965295927568,-1.24622453237676,-0.65140510062902
"3778145","2013-06-27",26.9929338943419,0.651685393258427,0.464419475655432,0.29837702871411,30.5377138657536,27.3196194675801,28.9286666666668,0.57188519189011,54.655910101177,28.7408000000001,28.3036589803892,-0.903809033467395,-0.701885887196695
"3778144","2013-06-28",25.2958841201733,0.617977528089888,0.54681647940075,0.429463171036207,30.5191661023718,27.3195005642951,28.9193333333335,0.59605170592859,53.4267972559981,28.7504000000001,28.3805044496707,-0.659528270694398,-0.693414363896236
"3778143","2013-07-01",23.7200521870168,0.802469135802469,0.690710685716929,0.567315546924372,30.5331058874056,27.3188941125947,28.9260000000001,0.655766546121861,56.905667376344,28.7664000000001,28.5004371897146,-0.348808020575453,-0.624493095232079
"3778142","2013-07-02",22.1820939397264,0.888888888888888,0.769778517593749,0.669101894237144,30.5563788121663,27.3142878545006,28.9353333333335,0.713236871624028,59.2029458293609,28.7920000000001,28.641712231086,-0.0242011306895829,-0.50443470232358
"3778141","2013-07-03",20.5981570421648,0.888888888888888,0.860082304526749,0.77352383594581,30.5600266938258,27.3133066395078,28.9366666666668,0.720735589972832,59.2029458293609,28.8208000000001,28.7641506002745,0.229178205809366,-0.357712120696991
"3778140","2013-07-05",20.2949905022247,0.679012345679012,0.818930041152263,0.816263621090922,30.5132082241845,27.3161251091491,28.9146666666668,0.576736614127868,51.4742880656518,28.8176000000001,28.7795971869046,0.236121537605039,-0.238945389036585
"3778139","2013-07-08",20.0134787151375,0.765432098765432,0.777777777777778,0.818930041152265,30.4461519491648,27.3338480508355,28.8900000000001,0.6424453870238,54.1296667048853,28.8112000000001,28.830317561984,0.316318732295628,-0.127892564770142
"3778138","2013-07-09",19.7520749128422,0.802469135802469,0.748971193415638,0.781893004115228,30.3549157906232,27.3664175427104,28.8606666666668,0.676008133974055,55.2596240987048,28.8144000000001,28.8902752203861,0.408483692337391,-0.0206173133486356
"3778137","2013-07-10",19.7832279242807,0.753086419753086,0.77366255144033,0.766803840877917,30.265268336505,27.3933983301619,28.8293333333335,0.633710787449194,53.3717835559728,28.8048000000001,28.9209051910013,0.431710460914547,0.069848241504001
"3778136","2013-07-11",20.3244407001376,0.654320987654321,0.736625514403293,0.753086419753089,30.2671339382126,27.394199395121,28.8306666666668,0.554299879673552,49.713742936379,28.7760000000001,28.9047844988678,0.356733136820608,0.127225220567322
"3778135","2013-07-12",20.8269954205762,0.616438356164383,0.674615254523931,0.728301106789186,30.2637938570702,27.3922061429301,28.8280000000001,0.522751641195389,49.713742936379,28.7504000000001,28.8908132323521,0.293919613144067,0.160564099082671
"3778134","2013-07-15",21.9439795824139,0.1875,0.486086447939569,0.632442405622266,30.2143145368044,27.3710187965292,28.7926666666668,0.432238260010138,44.8155325585421,28.6944000000001,28.8200381347051,0.119718635262234,0.152395006318584
"3778133","2013-07-16",22.9811791612631,0.1875,0.330479452054795,0.497060384839433,30.171681389794,27.3416519435396,28.7566666666668,0.402238944180252,44.8155325585421,28.6336000000001,28.7586997167444,-0.0184248497048456,0.118231035113898
"3778132","2013-07-17",24.7767928669207,0,0.125,0.313855299998123,30.1727005929425,27.2512994070578,28.7120000000001,0.228897214176943,38.0890671763659,28.5552000000001,28.6148730878452,-0.316042891806989,0.0313762497297205
"3778131","2013-07-18",25.7545477149315,0.160714285714285,0.116071428571429,0.190516960208743,30.1728950691797,27.2324382641539,28.7026666666668,0.342654833127957,42.9693494983735,28.5328000000001,28.5382233427992,-0.446182931353289,-0.0641355864868815
"3778130","2013-07-19",26.6624629309416,0.259259259259259,0.139991181657849,0.127020870076428,30.1224400716778,27.3668932616558,28.7446666666668,0.360402782755215,45.537877698001,28.5168000000001,28.4984602304259,-0.487423802888698,-0.148793229767245
"3778129","2013-07-22",26.9194117915164,0.333333333333333,0.25110229276896,0.169054967666081,29.9844157375743,27.6449175957593,28.8146666666668,0.379746289041623,47.5721664383629,28.4848000000001,28.4853321997025,-0.469450153335937,-0.212924614480983
"3778128","2013-07-23",27.1580071620501,0.351851851851853,0.314814814814815,0.235302763080543,29.8722836478223,27.8663830188446,28.8693333333335,0.345788306327459,48.0941526265145,28.4624000000001,28.4792879064088,-0.438824346983713,-0.258104560981529
"3778127","2013-07-24",27.7591006463629,0.254901960784314,0.313362381989834,0.293093163191205,29.8624708871807,27.8921957794863,28.8773333333335,0.257732647857457,45.1871339000786,28.4464000000001,28.4420495188876,-0.477148606179212,-0.301913370021066
"3778126","2013-07-25",28.4397727671355,0.220000000000001,0.275584604212056,0.301253933672237,29.8687912965557,27.8752087034446,28.8720000000001,0.203047166419983,44.2274874767696,28.4432000000001,28.399109583036,-0.524338077686792,-0.346398311554211
"3778125","2013-07-26",29.07182545071,0.25,0.241633986928105,0.276860324376667,29.8460155190074,27.8126511476596,28.8293333333335,0.242954743364389,44.8580573288495,28.4800000000001,28.3672283052978,-0.544233973638064,-0.385965443970982
"3778124","2013-07-29",29.6587315140292,0.372093023255815,0.280697674418606,0.265972088519591,29.8035873532231,27.7737459801105,28.7886666666668,0.31509228341429,47.4189249513162,28.5456000000001,28.3609311979248,-0.508666041562766,-0.410505563489339
"3778123","2013-07-30",29.592244116035,0.452380952380953,0.358157991878923,0.293496551075213,29.720691256521,27.7686420768126,28.7446666666668,0.398568129297993,49.3199508817835,28.6032000000001,28.3714737048681,-0.441243418277659,-0.416653134447003
"3778122","2013-07-31",28.6890891401455,0.685714285714287,0.503396087117019,0.380750584471518,29.5899137242442,27.8127529424227,28.7013333333335,0.533011456963619,52.4082789125179,28.6288000000001,28.4072772108857,-0.327182965792427,-0.398759100716088
"3778121","2013-08-01",27.715458943177,0.742857142857143,0.626984126984128,0.496179401993359,29.4375745766307,27.8824254233696,28.6600000000001,0.607170856452595,53.6256115512661,28.6576000000001,28.4489735827676,-0.211708978808023,-0.361349076334475
"3778120","2013-08-02",27.1124124877971,0.676470588235296,0.701680672268909,0.610686962123354,29.3839244963216,27.8947421703454,28.6393333333335,0.572075347296932,51.4977561856576,28.6416000000001,28.4691104383986,-0.152524590362846,-0.319584179140149
"3778119","2013-08-05",26.5524407792301,0.764705882352941,0.728011204481794,0.685558667911612,29.2926270842248,27.9340395824422,28.6133333333335,0.647211717859491,53.4854230842565,28.6352000000001,28.5025623799455,-0.070845509605999,-0.269836445233319
"3778118","2013-08-06",26.3462230858285,0.560000000000002,0.667058823529414,0.698916900093374,29.1615268864868,27.9971397801801,28.5793333333335,0.609356529837465,51.2247074136914,28.6080000000001,28.5155540626194,-0.0396575205474314,-0.223800660296142
"3778117","2013-08-07",26.1547352276699,0.521739130434784,0.615481670929243,0.670183899646819,29.0617163910108,28.0449502756562,28.5533333333335,0.637691449277919,51.2247074136914,28.5696000000001,28.5268135209368,-0.0147784234990844,-0.18199621293673
"3778116","2013-08-08",25.9769250736654,0.652173913043477,0.577971014492755,0.620170502983806,29.0223776907914,28.0629556425422,28.5426666666668,0.740422520086397,53.5039769393536,28.5360000000001,28.5525717181452,0.0384023183747306,-0.137916506674438
"3778115","2013-08-09",25.428956118723,0.695652173913045,0.623188405797103,0.605547030406369,29.0100944192359,28.0685722474311,28.5393333333335,0.805179571907907,54.2710738475777,28.5312000000001,28.5802288223925,0.090751860295013,-0.0921828332805478
"3778114","2013-08-12",24.9201278034192,0.73913043478261,0.695652173913045,0.632270531400969,29.0395791730495,28.0630874936175,28.5513333333335,0.795616104823768,55.0693656288892,28.5168000000001,28.6095316460735,0.141832666848152,-0.0453797332548079
"3778113","2013-08-13",25.7115235414016,0.26086956521739,0.565217391304349,0.628019323671501,29.0391625496705,28.0608374503298,28.5500000000001,0.401191672653644,45.632598762435,28.4800000000001,28.5762607599304,0.0575185184680249,-0.0248000829102413
"3778112","2013-08-14",26.2446802658451,0.31818181818182,0.439393939393941,0.566754501537113,28.9755755300826,28.1844244699177,28.5800000000001,0.424161133036156,47.3975830581816,28.4528000000001,28.5580926586064,0.013084002618946,-0.0172232658044038
"3778111","2013-08-15",27.1316443955758,0,0.193017127799737,0.399209486166011,28.9631297384872,28.2102035948464,28.5866666666668,0.216661009668351,44.3000152241488,28.4320000000001,28.5210136374588,-0.0666347716764326,-0.0271055669788096
"3778110","2013-08-16",26.3118013700454,0.0526315789473674,0.12360446570973,0.252005177634471,28.9580972346957,28.231236098638,28.5946666666668,0.397275197471989,45.2631108996497,28.4128000000001,28.494211819131,-0.11722528208874,-0.0451295100007956
"3778109","2013-08-19",25.6678105136912,0,0.0175438596491233,0.111388484386199,28.9611877316106,28.2134789350564,28.5873333333335,0.231624574177007,44.4356816177607,28.4096000000001,28.4656502432469,-0.166788587447453,-0.0694613254901271
"3778108","2013-08-20",25.0698190042195,0.105263157894735,0.0526315789473682,0.0645933014354089,28.9605629618056,28.2021037048614,28.5813333333335,0.313657316408928,46.5405532994001,28.4096000000001,28.4515635441473,-0.181340050441081,-0.0918370704803179
"3778107","2013-08-21",24.8893039144363,0,0.0350877192982457,0.0350877192982475,28.9627657842873,28.1959008823797,28.5793333333335,0.213986997203961,43.8568004337949,28.4320000000001,28.4233550715943,-0.224369670663027,-0.11834359051686
"3778106","2013-08-22",24.7216827596377,0.210526315789473,0.105263157894737,0.0643274853801187,28.9510072063069,28.2263261270267,28.5886666666668,0.331650082376452,48.1500190164381,28.4464000000001,28.4202410620484,-0.2106474910337,-0.136804370620228
"3778105","2013-08-23",24.5660345444675,0.277777777777781,0.162768031189086,0.101039636127358,28.93984076865,28.2561592313503,28.5980000000002,0.3469072792572,49.1959637807505,28.4544000000001,28.4228755871086,-0.186267497206805,-0.146696995937543
"3778104","2013-08-26",24.6990915907232,0.166666666666667,0.218323586744641,0.16211825860949,28.9379414807989,28.2620585192014,28.6000000000002,0.282999905308786,47.1474764597572,28.4528000000001,28.4144921754941,-0.18750185714882,-0.154857968179798
"3778103","2013-08-27",24.8226445622464,0.277777777777781,0.240740740740744,0.207277452891492,28.9376494925329,28.2583505074674,28.5980000000002,0.365547667019283,49.4157918849679,28.4528000000001,28.4178932187616,-0.163874915040418,-0.156661357551922
"3778102","2013-08-28",23.9959771325187,0.555555555555557,0.333333333333336,0.264132553606242,28.9291606460181,28.2601726873156,28.5946666666668,0.647486461277821,54.6552829717568,28.4704000000001,28.44750745626,-0.0873829997814712,-0.142805685997832
"3778101","2013-08-29",22.3310646148898,0.473684210526319,0.435672514619886,0.336582196231324,28.9138518179663,28.266148182034,28.5900000000002,0.721294625167329,53.4625626966716,28.4896000000001,28.4678397954254,-0.0377135776405413,-0.121787264326374
"3778100","2013-08-30",20.7850744199486,0.684210526315792,0.57115009746589,0.446718648473039,28.9273306666562,28.2606693333442,28.5940000000002,0.849002792033249,57.4614049427074,28.5136000000001,28.5067944893687,0.0463894973382173,-0.0881519119934558
"3778099","2013-09-03",20.0764556953874,0.681818181818181,0.613237639553431,0.540020083879738,28.9526660365466,28.2473339634538,28.6000000000002,0.972590636452347,59.3425679921155,28.5344000000001,28.5512218907862,0.134005378291713,-0.0437204539364221
"3778098","2013-09-04",20.4490336613104,0.620689655172416,0.662239454435464,0.615542397151597,29.0345358850572,28.2054641149432,28.6200000000002,1.08700185461575,62.0533388555072,28.5552000000001,28.6057256386813,0.234448489057604,0.0119133346623831
"3778097","2013-09-05",21.3858622095134,0.764705882352941,0.68907123978118,0.654849444590027,29.1871259504519,28.1222073828818,28.6546666666668,1.18737650210202,68.1514571798937,28.5808000000001,28.6956288868572,0.39922809752766,0.0893762872354384
"3778096","2013-09-06",22.2557744328448,0.852941176470586,0.746112237998649,0.6991409774051,29.3278928232968,28.0507738433702,28.6893333333335,1.1086616404196,70.0924295922496,28.6080000000001,28.7895450352762,0.556444035223858,0.182789836833122
"3778095","2013-09-09",23.0635500687953,0.911764705882352,0.843137254901961,0.759440244227265,29.4569259474495,27.9910740525509,28.7240000000002,1.04302893953342,71.3461652343923,28.6432000000001,28.8816056972394,0.694720322985476,0.285175934063593
"3778094","2013-09-10",24.2863374995027,0.868421052631577,0.877708978328173,0.822319490409596,29.5947551409752,27.9319115256918,28.7633333333335,1.01919093617592,72.5838662087679,28.6768000000001,28.9720582709408,0.816515465905088,0.391443840431892
"3778093","2013-09-11",25.8357363888889,0.794871794871795,0.858352517795242,0.859732917008461,29.739405349959,27.9125946500414,28.8260000000002,0.982078776255383,73.2070388559091,28.7168000000001,29.0557838348154,0.912979950831438,0.495751062511801
"3778092","2013-09-12",24.8218389952898,0.153846153846155,0.605713000449843,0.780591498857755,29.7500922462127,27.943241087121,28.8466666666668,0.547965581575669,45.4147707711306,28.7168000000001,28.99501265684,0.703442995247094,0.53728944905886
"3778091","2013-09-13",23.8803628440907,0.153846153846155,0.367521367521369,0.610528961922154,29.7430342666562,27.9822990666774,28.8626666666668,0.403828052431998,45.4147707711306,28.7120000000001,28.9423443025947,0.53111500617482,0.536054560482052
"3778090","2013-09-16",22.8627430977281,0.135135135135135,0.147609147609149,0.373614505193456,29.7419260649018,28.0047406017652,28.8733333333335,0.419409871328661,46.3594700157402,28.7072000000001,28.9020317289154,0.400972172518022,0.509038082889246
"3778089","2013-09-17",22.688326838803,0,0.0963270963270974,0.203819203819207,29.7370340828837,28.0189659171166,28.8780000000002,0.268344465062321,41.0091264418669,28.6896000000001,28.8297608317266,0.216948754867152,0.450620217284827
"3778088","2013-09-18",21.9377447587159,0,0.0450450450450458,0.0963270963270994,29.7340372678852,28.0286293987818,28.8813333333335,0.28030670934819,40.2936967411673,28.6880000000001,28.7617927208298,0.0589176712508577,0.372279708078033
"3778087","2013-09-19",20.9560073629129,0.275000000000001,0.0916666666666678,0.0776796026796057,29.7239140177289,28.0854193156048,28.9046666666668,0.452395329750504,50.5195090292931,28.7008000000001,28.7615536913858,0.0563755704838576,0.309098880559198
"3778086","2013-09-20",19.6698418159249,0.224999999999999,0.166666666666668,0.101126126126129,29.7188769296775,28.1291230703228,28.9240000000002,0.45554867424853,48.8803030942247,28.7168000000001,28.7506798658677,0.0315424345857185,0.253587591364502
"3778085","2013-09-23",19.0620676903931,0.2,0.233333333333334,0.163888888888892,29.714274409978,28.1737255900224,28.9440000000002,0.46711128786669,48.0409576445871,28.7296000000001,28.7359225504187,0.000615399233971914,0.202993152938396
"3778084","2013-09-24",18.4977060023992,0.424999999999999,0.283333333333334,0.227777777777781,29.713536557385,28.237130109282,28.9753333333335,0.570892853929883,55.4546771964018,28.7584000000001,28.7711328770295,0.0762867286840274,0.177651868087522
"3778083","2013-09-25",17.3957208809482,0.324999999999999,0.316666666666667,0.277777777777781,29.7034528200871,28.2898805132465,28.9966666666668,0.455196254887697,51.9096063708193,28.7776000000001,28.7803151600922,0.0902835273641767,0.160178199942853
"3778082","2013-09-26",16.3724489824579,0.324999999999999,0.358333333333334,0.319444444444447,29.7024754779878,28.3148578553458,29.0086666666668,0.445710308009742,51.9096063708193,28.8016000000001,28.7882731387466,0.10021291294271,0.148185142542825
"3778081","2013-09-27",15.5653629587376,0.324999999999999,0.325,0.333333333333336,29.7023579790577,28.3363086876093,29.0193333333335,0.446805238199143,51.9096063708193,28.8192000000001,28.7951700535804,0.106844078108992,0.139916929656058
"3778080","2013-09-30",14.8427755593404,0.2,0.283333333333334,0.322222222222225,29.7037401897781,28.3269264768888,29.0153333333335,0.304863458177636,47.1989331331252,28.8272000000001,28.774480713103,0.0553938137244581,0.123012306469738
"3778079","2013-10-01",13.8511178987083,0.25,0.258333333333334,0.288888888888891,29.7028393899154,28.3131606100849,29.0080000000002,0.340730579939851,47.1989331331252,28.8384000000001,28.7565499513559,0.0144296180494718,0.101295768785685
"3778078","2013-10-02",12.9302929281213,0.407407407407409,0.285802469135804,0.275823045267493,29.6916009683991,28.2963990316012,28.9940000000002,0.380065151201308,50.3351425506907,28.8512000000001,28.7570099578418,0.0154553164632532,0.0841276783211985
"3778077","2013-10-03",12.5576660806888,0.259259259259261,0.305555555555558,0.283230452674901,29.643587192383,28.2777461409507,28.9606666666668,0.323795992649039,46.3795436463136,28.8496000000001,28.7360752967962,-0.028323928962104,0.061637356864538
"3778076","2013-10-04",12.0377301446304,0.259259259259261,0.308641975308645,0.300000000000004,29.5721755592089,28.2758244407914,28.9240000000002,0.352920505904617,46.3795436463135,28.8496000000001,28.7179319238901,-0.062327972774201,0.0368442909367902
"3778075","2013-10-07",11.554932489719,0.296296296296297,0.271604938271607,0.295267489711938,29.4765011054653,28.295498894535,28.8860000000002,0.393310953329286,47.5740719581256,28.8448000000001,28.7075410007047,-0.0771613433089069,0.0140431640876508
"3778074","2013-10-08",11.1066203815869,0.25,0.26851851851852,0.282921810699593,29.3309833215433,28.365016678457,28.8480000000002,0.519324338785512,52.1645747465123,28.8432000000001,28.7198688672774,-0.0434445816638318,0.00254561493735427
"3778073","2013-10-09",11.3768999602983,0.0499999999999991,0.198765432098766,0.2462962962963,29.0804440922697,28.5195559077306,28.8000000000002,0.404912717358592,47.669476441872,28.8304000000001,28.7092196849738,-0.060989319372351,-0.0101613719245868
"3778072","2013-10-10",11.627873854816,0.0499999999999991,0.116666666666667,0.19465020576132,29.0649306306176,28.5124027027161,28.7886666666668,0.351591212209667,47.669476441872,28.8048000000001,28.6999903936439,-0.0740479262953952,-0.0229386827987485
"3778071","2013-10-11",11.6263705759384,0.062499999999999,0.0541666666666667,0.123199588477369,29.0646634304018,28.5153365695985,28.7900000000002,0.372571314102861,47.669476441872,28.7744000000001,28.6919916744914,-0.0834413171916792,-0.0350392096773346
"3778070","2013-10-14",11.1626860860827,0,0.0375000000000003,0.0694444444444467,29.0646077418789,28.5140589247881,28.7893333333335,0.37406505802724,46.4204631766638,28.7392000000001,28.6797261178926,-0.100981668464672,-0.0482277014348022
"3778069","2013-10-15",10.5047326177246,0.21428571428571,0.092261904761904,0.0613095238095256,29.0418869785867,28.5701130214137,28.8060000000002,0.515544167331982,50.6020536795776,28.7056000000001,28.6850959688402,-0.0801981236164817,-0.0546217858711381
"3778068","2013-10-16",9.89377582567769,0.357142857142857,0.19047619047619,0.106746031746033,29.0167762087674,28.6312237912329,28.8240000000002,0.610663724894655,53.2230583431952,28.6736000000001,28.7004165063282,-0.0407602205132696,-0.0518494727995644
"3778067","2013-10-17",10.1353767184172,0.333333333333333,0.301587301587301,0.194775132275134,29.0279239227939,28.6307427438731,28.8293333333335,0.761845237184786,53.2230583431952,28.6816000000001,28.7136943054844,-0.00941068466532302,-0.0433617151727161
"3778066","2013-10-18",11.4982806317801,0.499999999999998,0.396825396825397,0.296296296296298,29.098486303259,28.5935136967413,28.8460000000002,1.17462405340305,60.512711061957,28.6992000000001,28.7572017314198,0.0818525902728684,-0.0183188540835992
"3778065","2013-10-21",10.7292666876199,0.0333333333333326,0.288888888888889,0.329100529100531,29.116582478159,28.5887508551747,28.8526666666668,0.829650578750992,47.2862579836096,28.6992000000001,28.7415748338972,0.0414026265537881,-0.00637455795612176
"3778064","2013-10-22",12.9062717595814,0.508474576271186,0.347269303201507,0.344327862971933,29.5428067072391,28.2731932927612,28.9080000000002,1.50713071560632,68.671643350412,28.7568000000001,28.8826981893776,0.330367663660458,0.0609738863671942
"3778063","2013-10-23",14.9277764692599,0.745762711864406,0.429190207156309,0.355116133082237,29.9197669704754,28.0508996961916,28.9853333333335,1.2997714376155,74.1283653096549,28.8384000000001,29.0796717641272,0.705329553718892,0.189845019837534
"3778062","2013-10-24",16.5326716746901,0,0.418079096045198,0.398179535467674,29.9764703186636,27.8941963480034,28.9353333333335,0.0187953102624229,36.4863868238102,28.7792000000001,28.8397155289103,0.143313295261249,0.180538674922277
"3778061","2013-10-25",18.0229315083038,0.304347826086956,0.350036845983788,0.399102049728434,29.9694541544478,27.8652125122192,28.9173333333335,0.342857084456982,47.0215093258007,28.7680000000001,28.7810867917222,0.00919765452398469,0.146270470842618
"3778060","2013-10-28",20.0212040160097,0.0978260869565216,0.134057971014493,0.300724637681162,30.0028066856583,27.7585266476753,28.8806666666668,0.113536047795089,41.938030129293,28.7280000000001,28.6289418861593,-0.3076939014791,0.0554775963782747
"3778059","2013-10-29",21.7961484666777,0.228260869565217,0.210144927536233,0.231413248178173,30.0043220346646,27.713011298669,28.8586666666668,0.276547112551419,45.9150114903265,28.6928000000001,28.5610829680047,-0.419643546472348,-0.0395466321918498
"3778058","2013-10-30",23.4443111708695,0.33695652173913,0.221014492753624,0.188405797101452,29.9985020148625,27.6961646518044,28.8473333333335,0.39257294030751,49.0471007310292,28.6800000000001,28.5556052389374,-0.390964329105681,-0.109830171574616
"3778057","2013-10-31",24.4466597210579,0.413043478260869,0.32608695652174,0.252415458937201,30.0043649845843,27.7049683487494,28.8546666666668,0.505218760353402,51.1784361201963,28.6784000000001,28.5881912070791,-0.285818625466316,-0.145027862352956
"3778056","2013-11-01",24.6295351235362,0.434782608695652,0.394927536231885,0.314009661835751,30.0209957042107,27.7190042957896,28.8700000000002,0.573849102728165,51.7988153459988,28.6800000000001,28.6270990461352,-0.177930195906539,-0.151608329063673
"3778055","2013-11-04",24.717420612567,0.5,0.449275362318841,0.390096618357491,30.0519300343083,27.7334032990253,28.8926666666668,0.638306219111751,53.6996139731618,28.6992000000001,28.6928191733172,-0.0246949820768227,-0.126225659666303
"3778054","2013-11-05",24.1500596227732,0.532608695652173,0.489130434782609,0.444444444444447,30.0993288135508,27.7393378531162,28.9193333333335,0.703673096518123,54.6623171508145,28.7232000000001,28.7657766168749,0.128653633691256,-0.0752498009947911
"3778053","2013-11-06",23.7365579944784,0.510869565217391,0.514492753623189,0.484299516908215,30.1406978171643,27.7579688495027,28.9493333333335,0.666755572591679,53.8583208931465,28.7392000000001,28.8183397346249,0.224858604145672,-0.0152281199666984
"3778052","2013-11-07",23.5825969913011,0.467391304347826,0.503623188405798,0.502415458937201,30.1695902462253,27.7837430871083,28.9766666666668,0.615961605339759,52.2044995014439,28.7552000000001,28.8425611033416,0.253269919424715,0.0384714879115842
"3778051","2013-11-08",23.4396332026365,0.641304347826087,0.539855072463769,0.519323671497587,30.2492525830756,27.8000807502581,29.0246666666668,0.767573440357302,57.7881117352405,28.7968000000001,28.9488862895627,0.449101689278741,0.120597528185016
"3778050","2013-11-11",24.1732705399351,0.5,0.536231884057972,0.526570048309182,30.271439703924,27.831226962743,29.0513333333335,0.582779667768673,51.330282269819,28.8112000000001,28.9557014509543,0.420735875508305,0.180625197649673
"3778049","2013-11-12",24.7560984749687,0.761904761904761,0.63440303657695,0.570163331032899,30.3046775598645,27.8566557734691,29.0806666666668,0.630445462171877,53.0943213310596,28.8272000000001,28.9882745908271,0.448738973252372,0.234247952770213
"3778048","2013-11-13",25.6456593672899,0.592592592592593,0.618165784832452,0.59626690182246,30.3096094405231,27.8690572261439,29.0893333333335,0.479785995545262,50.3432410700196,28.8384000000001,28.9791713120502,0.388497980305869,0.265097958277344
"3778047","2013-11-14",26.1561531816245,0.703703703703703,0.686067019400353,0.646211946936587,30.3244232908432,27.8849100424904,29.1046666666668,0.555475547601373,52.6098727554191,28.8592000000001,29.0032818037768,0.402892335234051,0.292656833668686
"3778046","2013-11-15",26.6301831520782,0.642857142857142,0.646384479717814,0.650205761316875,30.3299963609845,27.8873369723491,29.1086666666668,0.564683598841062,52.9949787437958,28.8816000000001,29.0295108966066,0.420513952584667,0.318228257451882
"3778045","2013-11-18",27.1293664030919,0.5,0.615520282186949,0.649323927101708,30.3413382433073,27.8973284233597,29.1193333333335,0.549372414824873,52.5352224784996,28.9040000000001,29.0469094437257,0.418488499442193,0.338280305849944
"3778044","2013-11-19",27.9418038648502,0.120000000000001,0.420952380952382,0.560952380952384,30.1822570679595,27.9430762653742,29.0626666666668,0.495831808971074,49.7465845102407,28.9120000000001,29.0299881845623,0.34621511030859,0.339867266741673
"3778043","2013-11-20",29.4625326095795,0,0.206666666666668,0.414379776602002,29.9028145672996,28.0185187660341,28.9606666666668,0.223681034412355,43.1663640383814,28.8912000000001,28.929989759954,0.109434255119356,0.29378066441721
"3778042","2013-11-21",30.9578457606918,0,0.0400000000000011,0.222539682539686,29.8515198577268,28.1071468089401,28.9793333333335,0.114379121980416,42.4111809792974,28.8672000000001,28.8326577919601,-0.100051596663997,0.215014212200969
"3778041","2013-11-22",33.0483938205675,0,8.14163551391781e-16,0.0822222222222254,29.9581060353548,27.9125606313122,28.9353333333335,-0.100654800542964,35.6874937498469,28.8016000000001,28.6416367530321,-0.486236006583041,0.0747641684441667
"3778040","2013-11-25",35.7620782439897,0,8.14163551391781e-16,0.0133333333333364,30.2453957412091,27.4892709254578,28.8673333333335,-0.303301790741523,27.4777291121914,28.6960000000001,28.2894185192945,-1.17990818319311,-0.176170301883289
"3778039","2013-11-26",38.364982133775,0,8.14163551391781e-16,2.95365583842984e-15,30.5965679164331,26.9060987502339,28.7513333333335,-0.238298179435265,26.5384872017053,28.5360000000001,27.9574960500552,-1.77574981840177,-0.496086205186986
"3778038","2013-11-27",38.9682657143485,0,8.14163551391781e-16,2.95365583842984e-15,30.7748955225501,26.4944378107835,28.6346666666668,-0.0532118664531396,26.3445318399689,28.3520000000001,27.6644965767145,-2.24207348150378,-0.845283660450345
"3778037","2013-11-29",37.9091744464923,0.138613861386138,0.0462046204620469,0.0154015401540183,30.7976087986294,26.2797245347043,28.5386666666668,0.14762266870975,33.6550205392111,28.3136000000001,27.4852303664859,-2.42535097973793,-1.16129712430786
"3778036","2013-12-02",36.9257325549116,0.217821782178218,0.118811881188119,0.0550055005500579,30.781521204601,26.0878121287326,28.4346666666668,0.185820607363911,37.4740113879925,28.2432000000001,27.3725329842878,-2.45055703139304,-1.4191491057249
"3778035","2013-12-03",36.4039621732088,0.131868131868131,0.162767925144163,0.109261475598112,30.7517269273985,25.8562730726018,28.3040000000002,0.151921956463647,34.7790475936672,28.1872000000001,27.2215285863828,-2.56115200287991,-1.6475496851559
"3778034","2013-12-04",36.9953168150525,0,0.116563304682117,0.132714370338135,30.7879338965058,25.4293994368279,28.1086666666668,0.011931228022617,27.3621041159528,28.0560000000001,26.9039914415317,-3.03588366572602,-1.92521648126992
"3778033","2013-12-05",37.7654990628425,0,0.0439560439560445,0.10776242459411,30.8612212262764,24.8987787737239,27.8800000000001,-0.0210392706326033,25.8363067355866,27.8944000000001,26.5807925826608,-3.4904775937574,-2.23826870376742
"3778032","2013-12-06",38.2053724053223,0.0406504065040649,0.0135501355013558,0.0580231613798413,30.8325756669733,24.4980909996937,27.6653333333335,0.0729197439994235,28.2307148338982,27.7296000000001,26.3273535716394,-3.75565002672659,-2.54174496835925
"3778031","2013-12-09",38.6138262233393,0.0661157024793389,0.0355887029944688,0.0310316274839585,30.6663798418346,24.1896201581657,27.4280000000002,0.114827971314566,29.6973247237473,27.5664000000001,26.1237064287541,-3.89034959540674,-2.81146589376875
"3778030","2013-12-10",38.9159504247458,0.121495327102804,0.07608714536207,0.0417419946193003,30.497928967646,23.9407376990209,27.2193333333335,0.173742423288796,32.1846767723939,27.4016000000001,25.9738789049203,-3.89450917203097,-3.02807454942119
"3778029","2013-12-11",39.5017915095075,0.02970297029703,0.072437999959725,0.0613712827720901,30.2759924365123,23.6946742301547,26.9853333333335,0.15579337416854,29.9057284830522,27.2160000000001,25.7906950509309,-3.98021616242216,-3.21850287202139
"3778028","2013-12-12",40.0457868025004,0.0312500000000003,0.0608160991332788,0.0697804148183601,30.0633451297398,23.4699882035939,26.7666666666668,0.181497600763484,29.9057284830522,27.0336000000001,25.6319357108068,-4.00606761156178,-3.37601581992947
"3778027","2013-12-13",39.7900843836895,0.0322580645161293,0.0310703449377207,0.0547748146769103,29.7424952017404,23.3455047982599,26.5440000000002,0.225287483255042,29.9057284830522,26.8576000000001,25.4943442826992,-3.98394633879461,-3.49760192370249
"3778026","2013-12-16",39.552646423365,0.118279569892473,0.0605958781362019,0.0508274407357359,29.3393354000585,23.3179979332752,26.3286666666668,0.272697233095295,34.537249158823,26.6688000000001,25.417765045006,-3.82309248295796,-3.56270003555359
"3778025","2013-12-17",39.534437938924,0.0645161290322577,0.071684587813621,0.05445027029585,28.8705737241169,23.3427596092168,26.1066666666668,0.263619644310266,33.0666445967103,26.4976000000001,25.3247297056718,-3.71766861773264,-3.5936937519894
"3778024","2013-12-18",39.0618166860725,0.0645161290322577,0.0824372759856638,0.0715725806451643,28.3539268193534,23.4407398473136,25.8973333333335,0.290224415937725,33.0666445967103,26.3184000000001,25.2440990782489,-3.59415250126092,-3.5937855018437
"3778023","2013-12-19",38.5302108858245,0.166666666666666,0.0985663082437281,0.0842293906810064,27.9117902189296,23.545543114404,25.7286666666668,0.348382378699089,37.3949223848546,26.1616000000001,25.2115525344824,-3.36878658263069,-3.5487857180011
"3778022","2013-12-20",37.8428496122642,0.225352112676057,0.152178302791661,0.11106062900702,27.4159937334192,23.7280062665811,25.5720000000002,0.391901295692687,39.2092589963122,26.0000000000001,25.1993455298848,-3.11609058952107,-3.46224669230509
"3778021","2013-12-23",36.4538991938641,0.344827586206897,0.245615455183207,0.165453355406201,27.0186894196297,23.8933105803706,25.4560000000002,0.477816022664976,41.6378963129982,25.8432000000001,25.2100994592335,-2.83197678763445,-3.33619271137096
"3778020","2013-12-24",34.8085118125219,0.812499999999999,0.460893232960985,0.28622899697862,26.8690512082633,23.9376154584036,25.4033333333335,0.567088854557336,45.1760101913634,25.6976000000001,25.2514195313357,-2.50110772917762,-3.1691757149323
"3778019","2013-12-26",32.8466011249566,0.852941176470589,0.670089587559162,0.45886609190112,26.8445611659712,23.9421055006958,25.3933333333335,0.649298863895675,48.5359355886635,25.5712000000001,25.3192302604909,-2.13754984843852,-2.96285054163354
"3778018","2013-12-27",30.6865265372483,0.868421052631579,0.844620743034056,0.658534521184737,26.8017063114545,23.9569603552125,25.3793333333335,0.71349299469098,50.7049179230859,25.4768000000001,25.3993328924255,-1.77804673520041,-2.72588978034692
"3778017","2013-12-30",28.5947029372516,0.897435897435897,0.872932708846023,0.795881013146416,26.6053802020039,24.0639531313297,25.3346666666668,0.782780755332028,51.7987851354546,25.3888000000001,25.4794218401021,-1.45117467990957,-2.47094676025945
"3778016","2013-12-31",27.1174311675197,0.851063829787233,0.872306926618238,0.863286792832775,26.4263822705407,24.1762843961263,25.3013333333335,0.940869711171115,54.516120277563,25.3408000000001,25.5754989280885,-1.11633855913771,-2.2000251200351
"3778015","2014-01-02",25.9044147775278,0.836734693877551,0.861744807033561,0.868994814165943,26.3593349937722,24.2179983395614,25.2886666666668,0.994083916192887,55.0617723884818,25.3504000000001,25.66409907101,-0.829229050922087,-1.9258659062125
"3778014","2014-01-03",24.7780424153924,0.836734693877551,0.841511072514113,0.858520935388639,26.4863133101121,24.1723533565549,25.3293333333335,0.922363979044117,55.0617723884818,25.3680000000001,25.740885861542,-0.595179369864385,-1.65972859894287
"3778013","2014-01-06",23.9068873835205,0.847826086956523,0.840431824903876,0.847895901483852,26.618648117397,24.1986852159366,25.4086666666668,0.893118974162405,55.6784282404024,25.3888000000001,25.8127677466697,-0.392950612668819,-1.40637300168806
"3778012","2014-01-07",23.1881757451188,0.891304347826087,0.858621709553388,0.846854868990461,26.7506798037507,24.2133201962496,25.4820000000002,0.872303028657765,56.9507791146094,25.3904000000001,25.8857320471138,-0.20567219425468,-1.16623284020139
"3778011","2014-01-08",22.7952517426988,0.877551020408164,0.872227151730259,0.85709356206251,26.8802931928861,24.2423734737809,25.5613333333335,0.863417680880626,58.2417565302532,25.3824000000001,25.9596344408319,-0.0323538097981246,-0.939457034120734
"3778010","2014-01-09",22.169586724747,0.809523809523809,0.859459725919354,0.863436195734336,26.9864011539467,24.274932179387,25.6306666666668,0.808319957869181,56.4196717221651,25.3872000000001,26.0130165153877,0.0789828758769318,-0.735769052121201
"3778009","2014-01-10",21.6895062423987,0.825000000000001,0.837358276643992,0.856348384764538,27.0638060104815,24.3788606561855,25.7213333333335,0.802427011671069,57.8400970525403,25.4512000000001,26.0699476466693,0.189579732879985,-0.550699295120964
"3778008","2014-01-13",20.276624825888,0.527777777777777,0.720767195767197,0.80586173277685,27.0637336914921,24.5322663085082,25.7980000000002,0.658801177017737,49.2045836905464,25.5136000000001,26.0659546271134,0.151747593427531,-0.410209917411265
"3778007","2014-01-14",18.9646635105566,0.433333333333333,0.595370370370371,0.717831947593856,27.0480861940441,24.6812471392896,25.8646666666668,0.607879465999289,49.2045836905464,25.5680000000001,26.062494010165,0.120374723297356,-0.304092989269541
"3778006","2014-01-15",17.8355301168435,0.333333333333331,0.431481481481481,0.582539682539685,27.0406690590087,24.8113309409916,25.9260000000002,0.616925586370162,50.0691483674261,25.6192000000001,26.064828142143,0.106651765658672,-0.221944038283898
"3778005","2014-01-16",16.7870491083956,0.25,0.338888888888889,0.455246913580249,26.9881326076243,25.003867392376,25.9960000000002,0.602808837463954,50.9678968478359,25.6640000000001,26.0721843898572,0.106914193070562,-0.156172392013006
"3778004","2014-01-17",16.1905245790943,0.388888888888891,0.324074074074075,0.364814814814817,26.9255336216526,25.2144663783477,26.0700000000002,0.661692457002525,54.4961671534281,25.7312000000001,26.0998931378763,0.154781388655922,-0.0939816358792205
"3778003","2014-01-21",15.6366089447431,0.411764705882355,0.350217864923749,0.337726942628907,26.863154903436,25.4061784298976,26.1346666666668,0.654658182493455,55.3609771458552,25.8000000000001,26.1292407194928,0.202667755481234,-0.0346517576071296
"3778002","2014-01-22",15.5111426696674,0.58823529411765,0.462962962962966,0.379084967320266,26.7938349939168,25.6061650060835,26.2000000000002,0.735755725806164,57.9433185507856,25.8736000000001,26.1706752902271,0.274367318799529,0.0271520576742021
"3778001","2014-01-23",14.7547795430434,0.352941176470591,0.450980392156866,0.421387073347863,26.7109404466909,25.7837262199761,26.2473333333335,0.592750949588589,53.499350680136,25.9280000000001,26.1852519181968,0.278596036428547,0.077440853425071
"3778000","2014-01-24",15.4177236602676,0,0.313725490196081,0.40922294843864,26.6619065673624,25.8580934326379,26.2600000000002,-0.00592189788766368,39.0029009715885,25.9616000000001,26.1018849957706,0.0591899853681799,0.0737906798136928
"3777999","2014-01-27",17.0521463659021,0,0.117647058823531,0.294117647058828,26.7768882961746,25.6937783704924,26.2353333333335,-0.332787124014308,31.7881870379528,25.9728000000001,25.9549669963345,-0.285816808536721,0.00186918214361007
"3777998","2014-01-28",18.5698245925628,0.232558139534883,0.0775193798449618,0.16963064295486,26.8340395709366,25.587293762397,26.2106666666668,-0.0753645437747618,40.2851067302494,25.9888000000001,25.8809713968232,-0.431106729026143,-0.0847260000903405
"3777997","2014-01-29",20.0465997983045,0.209302325581395,0.147286821705427,0.114151086791309,26.8883094338553,25.4703572328117,26.1793333333335,-0.0308124393141489,39.7518407868176,25.9984000000001,25.8115085439135,-0.552880223643082,-0.178356844800889
"3777996","2014-01-30",20.5221923889422,0.232558139534883,0.224806201550388,0.149870801033594,26.9014222170248,25.3812444496422,26.1413333333335,0.10004677541957,40.5986399154201,26.0032000000001,25.7566407380583,-0.630033128459551,-0.268692101532621
"3777995","2014-01-31",20.9638140802487,0.282051282051283,0.241303915722521,0.204465646326114,26.9010858581883,25.2975808084787,26.0993333333335,0.130393015117645,41.4843535109773,26.0000000000001,25.7144219729839,-0.671179233883212,-0.349189528002739
"3777994","2014-02-03",22.1501055843331,0.0256410256410251,0.180083482409065,0.21539786656066,26.9274209422787,25.1619123910549,26.0446666666668,0.0291252864466546,35.7446136128155,25.9712000000001,25.6244990432527,-0.820474805490357,-0.443446583500263
"3777993","2014-02-04",23.2516619809828,0.0512820512820502,0.11965811965812,0.180348505929904,26.9308988188045,25.0411011811958,25.9860000000002,0.0770270226684248,36.6879764501739,25.9376000000001,25.551899170819,-0.916369975032383,-0.538031261806687
"3777992","2014-02-05",24.2745357778719,0.128205128205128,0.0683760683760686,0.122705890147753,26.8996112619998,24.9563887380006,25.9280000000002,0.159671846550822,39.55502700055,25.9056000000001,25.5049792813765,-0.944015790949893,-0.619228167635328
"3777991","2014-02-06",25.2243471606975,0.153846153846153,0.111111111111111,0.0997150997151021,26.8368452216727,24.8951547783276,25.8660000000002,0.198201120570686,40.5219005230289,25.8672000000001,25.4696487105263,-0.942633491756184,-0.683909232459499
"3777990","2014-02-07",26.582848117209,0,0.0940170940170944,0.0911680911680935,26.7747770099624,24.8292229900379,25.8020000000002,0.183723336884082,36.7259665666626,25.8176000000001,25.4070288824561,-1.00635596567693,-0.748398579102986
"3777989","2014-02-10",27.110141520803,0.307692307692308,0.153846153846155,0.119658119658122,26.6707015497245,24.8359651169425,25.7533333333335,0.39462610003316,47.3490324957708,25.7872000000001,25.4167583647953,-0.894264783688825,-0.777571820020153
"3777988","2014-02-11",26.9177977565135,0.416666666666667,0.241452991452993,0.163105413105416,26.6223238289967,24.8336761710036,25.7280000000002,0.48061850442601,49.6259932503508,25.7600000000001,25.4411905828226,-0.758571403060371,-0.773771736628197
"3777987","2014-02-12",27.4576388062817,0.194444444444445,0.306267806267808,0.23385565052232,26.5790394316966,24.8009605683037,25.6900000000002,0.314406432248756,44.1435981078456,25.7168000000001,25.4196985051129,-0.743996193744889,-0.767816628051535
"3777986","2014-02-13",27.9589197810664,0.440000000000001,0.350370370370372,0.29936372269706,26.5176244039578,24.7903755960426,25.6540000000002,0.391542357722276,47.2797239776824,25.6768000000001,25.4224053710979,-0.673920328660016,-0.749037368173232
"3777985","2014-02-14",28.0675472303678,0.500000000000002,0.37814814814815,0.344928774928779,26.447154982148,24.7901783511856,25.6186666666668,0.424360228749459,47.2797239776824,25.6400000000001,25.4247513216181,-0.611330674802746,-0.721496029499134
"3777984","2014-02-18",27.6448077823995,0.590909090909091,0.510303030303032,0.412940516273854,26.3388387374324,24.8224945959013,25.5806666666668,0.503956885403192,48.942076208478,25.6032000000001,25.4374511454024,-0.530222933069036,-0.683241410213115
"3777983","2014-02-19",27.252264009286,0.590909090909091,0.560606060606062,0.48301907968575,26.2100448638989,24.8726218027681,25.5413333333335,0.523926610008343,48.942076208478,25.5824000000001,25.4484576593487,-0.460628280736142,-0.63871878431772
"3777982","2014-02-20",27.0068593815307,0.545454545454547,0.575757575757577,0.548888888888893,26.0067708227393,24.9825625105944,25.4946666666668,0.550770921679932,48.0632601739406,25.5600000000001,25.4526633047689,-0.413383691946234,-0.593651765843423
"3777981","2014-02-21",27.0189435951523,0.454545454545453,0.530303030303031,0.555555555555559,25.7885660599779,25.1127672733557,25.4506666666668,0.503945947698183,46.2736278635016,25.5328000000001,25.4456415307997,-0.39672895703935,-0.554267204082608
"3777980","2014-02-24",26.2422246794523,0.636363636363636,0.545454545454546,0.550505050505053,25.7327142818587,25.144619051475,25.4386666666668,0.797004052477285,50.2624923640769,25.5104000000001,25.4608893266931,-0.329020986933337,-0.509217960652754
"3777979","2014-02-25",24.501422127218,0.708333333333332,0.599747474747475,0.558501683501686,25.7842548823567,25.137078450977,25.4606666666668,0.983124309703234,53.0763339878061,25.4864000000001,25.490104083134,-0.234667413443346,-0.454307851210872
"3777978","2014-02-26",22.8849626144291,0.708333333333332,0.684343434343434,0.609848484848487,25.8257563987867,25.123576934547,25.4746666666668,0.925342354592895,53.0763339878061,25.4608000000001,25.5154235387161,-0.158114515996077,-0.395069184167913
"3777977","2014-02-27",21.6007489023509,0.851851851851855,0.756172839506174,0.68008791619903,25.9137626069042,25.0902373930961,25.5020000000002,1.07233625082786,58.5195819415142,25.4400000000001,25.5693670668873,-0.0214790973411594,-0.320351166802563
"3777976","2014-02-28",20.7178929949368,0.818181818181818,0.792789001122336,0.744435091657317,26.0049085633305,25.0510914366699,25.5280000000002,1.05076944903726,60.1778484609025,25.4288000000001,25.6267847913024,0.110496605913801,-0.23418161225929
"3777975","2014-03-03",19.532971450865,0.727272727272729,0.799102132435468,0.782687991021328,26.0717753044083,25.0335580289254,25.5526666666668,0.930866778945772,57.6939920762598,25.4432000000001,25.665880152462,0.187541212337483,-0.149837047339935
"3777974","2014-03-04",18.7612201850953,0.791666666666667,0.779040404040405,0.790310512532738,26.1449163052301,25.0497503614369,25.5973333333335,0.965074116137185,60.3384430872419,25.4848000000001,25.7157627988004,0.282850281471969,-0.0632995815775544
"3777973","2014-03-05",18.6551642677847,0.880000000000003,0.799646464646467,0.792596333707449,26.2520992113913,25.0559007886091,25.6540000000002,1.0567638172025,65.0445620991376,25.5200000000001,25.790994425627,0.428298197792021,0.0350199742963606
"3777972","2014-03-06",18.9722180686411,0.857142857142857,0.84293650793651,0.807207792207796,26.3669904252819,25.0556762413851,25.7113333333335,1.03534081200413,66.4726527264112,25.5600000000001,25.8668618355434,0.561535726518447,0.140323124740778
"3777971","2014-03-07",19.5306471813214,0.933333333333332,0.890158730158731,0.844247234247238,26.4931292227158,25.0562041106178,25.7746666666668,1.03725833970059,69.1842686759188,25.6048000000001,25.9539469241377,0.708148120295493,0.253888123851721
"3777970","2014-03-10",19.6034980196796,0.866666666666667,0.885714285714286,0.872936507936511,26.5702480552678,25.1097519447325,25.8400000000002,0.947336578728502,66.297061464184,25.6448000000001,26.0187540009193,0.789775817154226,0.361065662512222
"3777969","2014-03-11",19.6711452267265,0.866666666666667,0.888888888888889,0.888253968253971,26.6547901028385,25.1172098971618,25.8860000000002,0.886321310463537,66.297061464184,25.7008000000001,26.0749201341301,0.844324958719422,0.457717521753662
"3777968","2014-03-12",19.4973731177774,0.333333333333334,0.68888888888889,0.821164021164024,26.6610947853298,25.1335718813372,25.8973333333335,0.514838839147522,47.7921650563212,25.7296000000001,26.0382641162461,0.681603142507781,0.502494645904486
"3777967","2014-03-13",19.6879200857521,0.115384615384616,0.43846153846154,0.672079772079775,26.645170024553,25.197496642114,25.9213333333335,0.443817898208175,45.242267695198,25.7488000000001,25.9904955674132,0.5095026452695,0.503896245777488
"3777966","2014-03-14",19.8648565560143,0.0434782608695642,0.164065403195839,0.430471943515425,26.6338291696427,25.239504163691,25.9366666666668,0.382858492362752,46.2713156855895,25.7680000000001,25.9544294917581,0.38103046642004,0.479323089905999
"3777965","2014-03-17",19.8328583404818,0,0.0529542920847273,0.218493744580704,26.6225011358935,25.2774988641069,25.9500000000002,0.358736298082394,45.3534374609504,25.7952000000001,25.9178388928571,0.263657371221693,0.436189946169138
"3777964","2014-03-18",19.408963181418,0.130434782608696,0.0579710144927542,0.0916635699244421,26.6170393896578,25.3109606103425,25.9640000000002,0.425476675009971,48.6447135349777,25.8080000000001,25.9021270404761,0.205585584296286,0.390069073794567
"3777963","2014-03-19",19.3069109001386,0.0434782608695642,0.0579710144927542,0.0562987736900806,26.6083768215587,25.3436231784416,25.9760000000002,0.371384702031035,46.6284563557092,25.8128000000001,25.8778434350793,0.133076660001308,0.338670591035915
"3777962","2014-03-20",19.8752759021087,0,0.0579710144927542,0.0579710144927562,26.6032692274765,25.3553974391905,25.9793333333335,0.206700637488654,41.9474373667705,25.8224000000001,25.8301309770687,0.0129655362610448,0.273529580080941
"3777961","2014-03-21",20.4030434039381,0.185185185185184,0.0762211486849167,0.0640543925568104,26.5804529913909,25.4075470086095,25.9940000000002,0.289127741724898,47.6112877361252,25.8336000000001,25.8154468467929,-0.0195949735866452,0.214904669347424
"3777960","2014-03-24",21.4959918276828,0,0.0617283950617286,0.0653068527464686,26.5804529913909,25.4075470086095,25.9940000000002,0.175449974460767,43.0844435406463,25.8368000000001,25.7760539338872,-0.106785348703053,0.150566665737329
"3777959","2014-03-25",22.5108725068743,0.111111111111112,0.0987654320987659,0.0789049919484725,26.5841614130712,25.3945052535958,25.9893333333335,0.23998089206725,46.3787106175241,25.8416000000001,25.7579134093689,-0.13680834646892,0.0930916632960789
"3777958","2014-03-26",23.9980112951412,0,0.0370370370370379,0.0658436213991795,26.597004218259,25.3589957817413,25.9780000000002,0.151590958017398,42.014001559757,25.8384000000001,25.7155249547864,-0.220840048063553,0.0303053210241526
"3777957","2014-03-27",25.3789258842462,0,0.0370370370370379,0.0576131687242826,26.6106082378653,25.2947250954684,25.9526666666668,0.13066629220974,42.014001559757,25.8368000000001,25.6787882941482,-0.284312271202702,-0.0326181974212184
"3777956","2014-03-28",26.1272290504859,0.0714285714285701,0.0238095238095239,0.032627865961202,26.6064949079565,25.2481717587105,25.9273333333335,0.219752500074732,44.4396666079618,25.8416000000001,25.6576165215951,-0.306028070626696,-0.087300172062314
"3777955","2014-03-31",25.2278021981447,0.222222222222223,0.0978835978835982,0.0529100529100554,26.5977223279953,25.226277672005,25.9120000000002,0.340557425549972,46.8347478648817,25.8432000000001,25.6499343187158,-0.294699503172735,-0.128780038284398
"3777954","2014-04-01",23.5269231879235,0.555555555555554,0.283068783068783,0.134920634920637,26.5833529408939,25.223313725773,25.9033333333335,0.522058187489227,53.3339808000016,25.8496000000001,25.6752764095537,-0.207829325730657,-0.14458989577365
"3777953","2014-04-02",22.2653818316306,0.842105263157893,0.539961013645224,0.306971131532537,26.5541610970763,25.2325055695907,25.8933333333335,0.671502075959022,58.7628298120958,25.8656000000001,25.7292395549465,-0.0629750268039686,-0.128266921979714
"3777952","2014-04-03",21.2534956969278,0.900000000000002,0.76588693957115,0.529638912095055,26.5139085728526,25.2500914271477,25.8820000000002,0.74106862903539,60.4158996996461,25.8752000000001,25.7866742809536,0.075761279315123,-0.0874612817207464
"3777951","2014-04-04",20.031654994377,0.619047619047619,0.787050960735172,0.697632971317184,26.4196657764584,25.2963342235419,25.8580000000002,0.685756970971521,54.530615356455,25.8736000000001,25.8097843768265,0.12156950365434,-0.0456551246457292
"3777950","2014-04-07",19.3640981005471,0.476190476190475,0.665079365079366,0.739339088461898,26.3124290391114,25.3475709608889,25.8300000000002,0.607096925097568,51.3015095103783,25.8704000000001,25.813813126583,0.118966906529483,-0.0127307184106868
"3777949","2014-04-08",18.7442238419908,0.476190476190475,0.523809523809523,0.658646616541356,26.1822400177046,25.419093315629,25.8006666666668,0.621427068235339,51.3015095103783,25.8624000000001,25.8173047097052,0.115570326221515,0.0129294905157535
"3777948","2014-04-09",17.4142750177346,0.666666666666665,0.539682539682539,0.576190476190478,26.201465854758,25.413200811909,25.8073333333335,0.812077774133843,55.3867174264407,25.8512000000001,25.8416640817445,0.16099045725948,0.0425416838644988
"3777947","2014-04-10",16.9913193648038,0.428571428571428,0.523809523809523,0.529100529100531,26.2083242372315,25.4143424294355,25.8113333333335,0.636862917512118,49.7667634478874,25.8288000000001,25.8361088708453,0.132984879301379,0.0606303229518748
"3777946","2014-04-11",18.2139453045957,0,0.365079365079365,0.476190476190478,26.2357303619406,25.3442696380597,25.7900000000002,0.00268887741516495,38.1073110846644,25.7776000000001,25.7566276880659,-0.0636637477342661,0.0357715088146466
"3777945","2014-04-14",19.1645895717342,0.153846153846154,0.194139194139195,0.361009361009363,26.2428202315456,25.3078464351214,25.7753333333335,0.169865970739182,42.2689540606642,25.7360000000001,25.7090773296571,-0.167822179968025,-0.00494722894188761
"3777944","2014-04-15",20.2423106465725,0.0769230769230785,0.076923076923078,0.212047212047215,26.2436140501341,25.2617192831996,25.7526666666668,0.154409673255618,40.7920388311042,25.6912000000001,25.6572003523695,-0.272585130411773,-0.0584748092358647
"3777943","2014-04-16",20.6629002568446,0.26923076923077,0.166666666666668,0.145909645909649,26.236601610802,25.2460650558649,25.7413333333335,0.343855670044762,45.8829216596518,25.6800000000001,25.6389069720536,-0.289499206774058,-0.104679688743503
"3777942","2014-04-17",20.8619466423124,0.26923076923077,0.205128205128207,0.149572649572653,26.2366577060124,25.2446756273212,25.7406666666668,0.358196362929844,45.8829216596518,25.6736000000001,25.6230527091131,-0.299486596296983,-0.143641070254199
"3777941","2014-04-21",20.6607516767344,0.423076923076923,0.320512820512821,0.230769230769234,26.2359928314896,25.2440071685107,25.7400000000002,0.493279472762938,49.8811999031227,25.6720000000001,25.6306456812313,-0.254087503736655,-0.16573035695069
"3777940","2014-04-22",20.4739277801264,0.461538461538461,0.384615384615385,0.303418803418807,26.2399436142746,25.2547230523924,25.7473333333335,0.512856681190564,50.8586849844395,25.6736000000001,25.6425595904005,-0.203174513100335,-0.173219188180619
"3777939","2014-04-23",20.7147185344729,0.346153846153848,0.410256410256411,0.371794871794875,26.2394756551466,25.2525243448537,25.7460000000002,0.406108167950736,47.8439937647744,25.6656000000001,25.6368849783471,-0.198310033866711,-0.178237357317838
"3777938","2014-04-24",20.719152519509,0.384615384615386,0.397435897435899,0.397435897435901,26.2390401493358,25.2676265173312,25.7533333333335,0.438234344234659,48.9306727653052,25.6624000000001,25.6373003145675,-0.179793663759042,-0.178548618606079
"3777937","2014-04-25",21.1426383759488,0.304347826086957,0.345039018952064,0.384243775548127,26.2329565351,25.289710131567,25.7613333333335,0.357230659812287,45.8447004638589,25.6624000000001,25.6216602726252,-0.200593363204327,-0.182957567525728
"3777936","2014-04-28",21.6716492069363,0.260869565217393,0.316610925306579,0.353028613898183,26.2320000000002,25.2933333333335,25.7626666666668,0.298295454545281,44.8297597447367,25.6528000000001,25.6027722362751,-0.227094096849589,-0.1917848733905
"3777935","2014-04-29",22.4326729112348,0.173913043478261,0.246376811594204,0.302675585284285,26.2358027183587,25.2695306149749,25.7526666666668,0.231614591350272,42.7894194330362,25.6480000000001,25.5757359381051,-0.27026043458096,-0.207479985628592
"3777934","2014-04-30",23.139337779512,0.173913043478261,0.202898550724639,0.255295429208476,26.2203259786733,25.2383406879937,25.7293333333335,0.232514662734867,42.7894194330362,25.6384000000001,25.5523044796911,-0.301073334281743,-0.226198655359222
"3777933","2014-05-01",23.7955265857694,0.266666666666666,0.204830917874396,0.218035426731082,26.1664683245922,25.2255316754081,25.6960000000002,0.242100951347513,42.7894194330361,25.6368000000001,25.5319972157323,-0.321841320638938,-0.245327188415166
"3777932","2014-05-02",23.3023048893635,0.461538461538459,0.300706057227796,0.236145175275613,26.081180325993,25.253486340674,25.6673333333335,0.434758496548274,48.6296835230971,25.6416000000001,25.5357309203013,-0.284470461764252,-0.253155843084983
"3777931","2014-05-05",23.3554573171493,0.230769230769233,0.31965811965812,0.275065031586773,26.0153687926544,25.2632978740126,25.6393333333335,0.323598196156256,44.9254802903083,25.6384000000001,25.5229667975945,-0.289450799494029,-0.260414834366792
"3777930","2014-05-06",23.1391571397118,0.363636363636363,0.351981351981352,0.324115176289091,25.9738272820237,25.27150605131,25.6226666666668,0.467726069388783,49.1007934908326,25.6368000000001,25.5279045579152,-0.252555481083705,-0.258842963710175
"3777929","2014-05-07",23.1163105410965,0.272727272727274,0.289044289044291,0.320227920227923,25.9354894828528,25.2778438504809,25.6066666666668,0.449314141700779,47.7999378612124,25.6240000000001,25.5268506168599,-0.233269876055919,-0.253728346179324
"3777928","2014-05-08",22.5413817798352,0.363636363636363,0.333333333333334,0.324786324786328,25.8431739387039,25.3274927279631,25.5853333333335,0.580152878313687,49.2479715901532,25.6032000000001,25.5312705346119,-0.203001296463334,-0.243582936236126
"3777927","2014-05-09",22.3936360042134,0.181818181818185,0.272727272727275,0.298368298368302,25.7744897423045,25.3601769243625,25.5673333333335,0.482300008554099,46.471404719952,25.5760000000001,25.5244344633303,-0.201971741480889,-0.235260697285078
"3777926","2014-05-12",22.2564434982788,0.181818181818185,0.242424242424245,0.282828282828287,25.7584846464647,25.394848686869,25.5766666666668,0.380833200925246,46.471404719952,25.5568000000001,25.5185098682196,-0.198870463655099,-0.227982650559082
"3777925","2014-05-13",23.8726512247174,0,0.121212121212124,0.212121212121217,25.8413731431962,25.2719601901375,25.5566666666668,-0.36053539415988,33.376957864977,25.5232000000001,25.4493752191236,-0.344485130948569,-0.25128314663698
"3777924","2014-05-14",25.4789555100501,0,0.0606060606060624,0.141414141414146,25.9032605988467,25.170072734487,25.5366666666668,-0.213777953472383,32.5537568270073,25.4880000000001,25.3841251899072,-0.467654985197896,-0.294557514349163
"3777923","2014-05-15",27.3671655257072,0,5.36607795235492e-16,0.0606060606060644,25.9594457282613,25.0458876050724,25.5026666666668,-0.152394177088316,29.4272881927051,25.4400000000001,25.3062418312529,-0.609683579175291,-0.357582727314389
"3777922","2014-05-16",29.1205033973889,0,5.36607795235492e-16,0.0202020202020232,25.9996590766774,24.9310075899896,25.4653333333335,-0.0726843668154438,29.4272881927051,25.4000000000001,25.2387429204192,-0.714596104302723,-0.428985402712055
"3777921","2014-05-19",32.0370557745582,0,5.36607795235492e-16,2.55813888590713e-15,26.1213781626956,24.6639551706381,25.3926666666668,-0.263447998783151,18.9009710735566,25.3504000000001,25.0735771976966,-1.04340431267769,-0.551869184705182
"3777920","2014-05-20",35.538099436317,0,5.36607795235492e-16,2.55813888590713e-15,26.4399536239186,24.0920463760818,25.2660000000002,-0.368574912919763,12.1271107584209,25.2480000000001,24.7757669046704,-1.66480177055732,-0.77445570187561
"3777919","2014-05-21",37.6560728383554,0.178082191780822,0.0593607305936078,0.0197869101978716,26.5158392526123,23.8174940807214,25.1666666666668,-0.0558962639865137,25.0879681915163,25.1696000000001,24.5869979840477,-1.97164553637681,-1.01389366877585
"3777918","2014-05-22",37.9800288552898,0.534246575342465,0.237442922374429,0.0989345509893479,26.4624960522482,23.7535039477521,25.1080000000002,0.282945103817663,43.148654639767,25.1248000000001,24.562064919508,-1.85374648312062,-1.1818642316448
"3777917","2014-05-23",38.2808451567288,0.547945205479452,0.420091324200913,0.238964992389652,26.4079370064095,23.6987296602575,25.0533333333335,0.308061940796546,43.7107621402667,25.0816000000001,24.5457895969069,-1.72733725181393,-1.29095883567863
"3777916","2014-05-27",38.7203880838481,0.506849315068493,0.529680365296804,0.395738203957384,26.3557224659965,23.6336108673372,24.9946666666668,0.281542142886528,42.3577024160819,25.0272000000001,24.5156843173193,-1.64776537433423,-1.36232014340975
"3777915","2014-05-28",39.1830567290054,0.493150684931507,0.515981735159818,0.488584474885847,26.3061180335532,23.5685486331138,24.9373333333335,0.284236824618207,41.8921965596125,24.9696000000001,24.4842597416767,-1.57986061300258,-1.40582823732832
"3777914","2014-05-29",39.7251674162994,0.472222222222222,0.490740740740741,0.512134280399123,26.2527248613613,23.503275138639,24.8780000000002,0.282501933002043,40.9235164598588,24.9136000000001,24.4463584427865,-1.53496815066847,-1.43165621999635
"3777913","2014-05-30",39.6174833883609,0.514285714285715,0.493219540479815,0.499980672126793,26.1886940368712,23.4606392964625,24.8246666666668,0.339446036946258,42.3588878327816,24.8592000000001,24.4241773170816,-1.45638437824824,-1.43660185164673
"3777912","2014-06-02",38.6679048860495,0.694915254237289,0.560474396915076,0.514811559378546,26.0915728527192,23.4564271472811,24.7740000000002,0.433969495636963,45.8979489736722,24.8176000000001,24.4316203414708,-1.31292850616254,-1.41186718254989
"3777911","2014-06-03",37.7861534196175,0.807017543859649,0.672072837460884,0.575255591618594,26.0092989704071,23.4613676962599,24.7353333333335,0.49921504947152,49.2533742196377,24.7856000000001,24.4647376292747,-1.12025326050225,-1.35354439814036
"3777910","2014-06-04",36.9673842007877,0.842105263157895,0.781346020418278,0.671297751598081,25.9060174278697,23.483315905464,24.6946666666668,0.537974137197255,50.5738643797886,24.7600000000001,24.5041059453714,-0.930462593174408,-1.26892803714717
"3777909","2014-06-05",35.7469282458917,0.905660377358491,0.851594394792012,0.768337750890393,25.8022653546052,23.5124013120618,24.6573333333335,0.573949077406831,50.5738643797886,24.7344000000001,24.5382251526552,-0.771188912221421,-1.16938021216202
"3777908","2014-06-06",34.3111924287592,0.945454545454547,0.897740061990311,0.843560159066869,25.6902199064402,23.5577800935602,24.6240000000002,0.65756599458066,53.387267248979,24.7152000000001,24.5891284656345,-0.585715439182699,-1.05264725756616
"3777907","2014-06-09",32.5321260716224,0.896551724137932,0.91588888231699,0.888407779699773,25.5893503354251,23.6026496645752,24.5960000000002,0.703352224080639,53.387267248979,24.6896000000001,24.6332446702166,-0.433851546304065,-0.928888115313738
"3777906","2014-06-10",30.8801358828525,0.866666666666668,0.902890978753049,0.905506641020119,25.4806997560918,23.6539669105752,24.5673333333335,0.71495571595499,53.387267248979,24.6688000000001,24.6714787141877,-0.310023770257795,-0.805115246302549
"3777905","2014-06-11",30.8887963924889,0.125000000000001,0.6294061302682,0.816061997112748,25.4212610412254,23.650738958775,24.5360000000002,0.445778705077033,42.1500519538416,24.6192000000001,24.6246148856293,-0.403517113113483,-0.724795619664736
"3777904","2014-06-12",30.8968382942941,0.125000000000001,0.372222222222224,0.63483977708116,25.3644346725893,23.6462319940777,24.5053333333335,0.438695629653686,42.1500519538416,24.5712000000001,24.5839995675454,-0.472422818271068,-0.674321059386002
"3777903","2014-06-13",30.9043057745417,0.208333333333332,0.152777777777778,0.384802043422736,25.3219086526942,23.6434246806395,24.4826666666668,0.48252391216009,43.9736187918667,24.5248000000001,24.5594662918727,-0.495235730113108,-0.638503993531424
"3777902","2014-06-16",31.0994250932706,0.125000000000001,0.152777777777778,0.225925925925929,25.2814273312049,23.6359060021288,24.4586666666668,0.448142067911441,42.5298512958106,24.4784000000001,24.5275374529563,-0.533568958911346,-0.617516986607408
"3777901","2014-06-17",31.4678313370826,0.0416666666666657,0.125,0.143518518518521,25.2815352550048,23.6371314116622,24.4593333333335,0.399051561651218,41.0774287319099,24.4288000000001,24.4891991258955,-0.583716773161624,-0.610756943918251
"3777900","2014-06-18",31.9047375904883,0,0.0555555555555559,0.111111111111113,25.1185653043847,23.9041013622824,24.5113333333335,0.298539373475917,40.3357028399256,24.3968000000001,24.4506392424428,-0.629594275598899,-0.614524410254381
"3777899","2014-06-19",32.0948771406891,0,0.0138888888888889,0.064814814814817,25.0246795578391,24.0593204421613,24.5420000000002,0.228598408876875,40.3357028399256,24.3664000000001,24.4172206767837,-0.658554510444953,-0.623330430292495
"3777898","2014-06-20",32.6749227032945,0,3.51570624464633e-16,0.0231481481481504,25.0359215371255,24.0107451295415,24.5233333333335,0.132583559394869,37.2180804149615,24.3360000000001,24.3669245865459,-0.726273527590948,-0.643919049752186
"3777897","2014-06-23",33.2135364399995,0,3.51570624464633e-16,0.00462962962963189,25.0432839483592,23.9633827183078,24.5033333333335,0.157376073196493,36.4593842143925,24.3040000000001,24.3180013083398,-0.784490636515456,-0.67203336710484
"3777896","2014-06-24",33.7136777669399,0.172413793103448,0.0574712643678162,0.0191570881226077,25.0452686046009,23.9467313953995,24.4960000000002,0.279100184650779,42.7441421233861,24.3120000000001,24.3022678005611,-0.755737244701238,-0.68877414262412
"3777895","2014-06-25",34.2901834254053,0.137931034482759,0.103448275862069,0.0536398467432972,25.0482114294783,23.9317885705221,24.4900000000002,0.26412760521609,41.8525348963719,24.3648000000001,24.2832987604863,-0.737790395017179,-0.698577393102731
"3777894","2014-06-26",34.939821289022,0.10344827586207,0.137931034482759,0.0996168582375502,25.0535752803627,23.9144247196377,24.4840000000002,0.215577544206293,40.9330268819419,24.3952000000001,24.2615255924215,-0.728542255381048,-0.704570365558395
"3777893","2014-06-27",34.9705390527039,0.192307692307692,0.144562334217507,0.128647214854114,25.0547785358871,23.8985547974466,24.4766666666668,0.295310666267712,43.6018118500103,24.3872000000001,24.2533221800986,-0.686742995491518,-0.70100489154502
"3777892","2014-06-30",34.4500233434297,0.294117647058823,0.196624538409528,0.1597059690366,25.0421340051914,23.8778659948089,24.4600000000002,0.333944305254947,43.6018118500103,24.3776000000001,24.2462125560855,-0.646186018345041,-0.690041116905024
"3777891","2014-07-01",32.3588536484205,0.529411764705882,0.338612368024132,0.226599746883725,25.0152047529509,23.8781285803828,24.4466666666668,0.517588971154548,48.9517536398769,24.3792000000001,24.2613842152741,-0.554416829571169,-0.662916259438253
"3777890","2014-07-02",30.7293708709493,0.652173913043479,0.491901108269395,0.342379338234354,25.0026412692655,23.8826920640682,24.4426666666668,0.735724976431676,55.7347660407822,24.3920000000001,24.3065329865709,-0.397376433921215,-0.609808294334845
"3777889","2014-07-03",29.2162797204404,0.782608695652171,0.654731457800511,0.495081644698015,24.9931003525584,23.886899647442,24.4400000000002,0.801331694864618,58.6903797598035,24.4128000000001,24.3616619216948,-0.230637167441772,-0.533974068956231
"3777888","2014-07-07",27.9814501954277,0.869565217391304,0.768115942028985,0.638249502699632,24.9666312044935,23.9013687955069,24.4340000000002,0.881126750155434,60.5800847931943,24.4336000000001,24.4201069988021,-0.071463300923158,-0.441471915349616
"3777887","2014-07-08",26.6142922279078,0.826086956521739,0.826086956521738,0.749644785450413,24.9227179803998,23.9266153529339,24.4246666666668,0.890187372214116,59.1237557218538,24.4448000000001,24.4654260656285,0.0407636100242081,-0.345024810274851
"3777886","2014-07-09",25.1205074101752,0.782608695652171,0.826086956521738,0.806763285024156,24.8814536616155,23.9505463383849,24.4160000000002,0.898177839422423,57.631731099151,24.4464000000001,24.499369256878,0.11504878804578,-0.253010090610725
"3777885","2014-07-10",23.9340858653165,0.565217391304346,0.724637681159419,0.792270531400967,24.8997377552728,23.9509289113942,24.4253333333335,0.712195886065037,50.7373338120788,24.4368000000001,24.5021200226276,0.106808650269641,-0.181046342434652
"3777884","2014-07-11",24.6197446069852,0,0.44927536231884,0.666666666666668,24.9023813228131,23.9229520105206,24.4126666666668,0.228413274279528,38.0066383168423,24.4064000000001,24.4351706862773,-0.0703214195839075,-0.158901357864503
"3777883","2014-07-14",25.2564277242489,0.0869565217391284,0.217391304347825,0.46376811594203,24.9000265244993,23.8946401421677,24.3973333333335,0.250676286180118,40.480935779515,24.3728000000001,24.3878145947736,-0.182536021373669,-0.163628290566336
"3777882","2014-07-15",25.8476334759939,0.130434782608696,0.0724637681159421,0.246376811594204,24.8994079806697,23.8752586859974,24.3873333333335,0.291046089556068,41.7331621907187,24.3408000000001,24.3521059821372,-0.255487431705714,-0.182000118794212
"3777881","2014-07-16",26.3966102454713,0.173913043478261,0.130434782608696,0.14009661835749,24.8997593942205,23.8655739391132,24.3826666666668,0.323371460346166,43.0240922152249,24.3104000000001,24.3264918511855,-0.296744677414562,-0.204949030518282
"3777880","2014-07-17",27.160679878642,0.0869565217391284,0.130434782608696,0.111111111111113,24.9022597584212,23.8497402415792,24.3760000000002,0.269442121705314,41.0645139303598,24.3008000000001,24.2936262710275,-0.352034564379078,-0.234366137290441
"3777879","2014-07-18",27.595652751554,0.0869565217391284,0.115942028985506,0.125603864734301,24.9036058397486,23.8350608269184,24.3693333333335,0.29161695202988,41.0645139303598,24.2912000000001,24.2651427682238,-0.391462605902415,-0.265785431012836
"3777878","2014-07-21",26.974005958049,0.217391304347825,0.130434782608694,0.125603864734301,24.9022597584212,23.8497402415792,24.3760000000002,0.408790289905299,45.3913733290336,24.2832000000001,24.256457065794,-0.3784960128281,-0.288327547375889
"3777877","2014-07-22",25.7168571652136,0.130434782608696,0.144927536231884,0.130434782608697,24.8997593942205,23.8655739391132,24.3826666666668,0.387834431022685,43.1186106145475,24.2752000000001,24.2382627903548,-0.390369402504886,-0.308735918401688
"3777876","2014-07-23",24.5495047147236,0.347826086956521,0.231884057971015,0.169082125603866,24.9036968409915,23.8763031590089,24.3900000000002,0.509733367233217,49.8756194107809,24.2784000000001,24.2491610849741,-0.329418702604445,-0.31287247524224
"3777875","2014-07-24",23.4655345821257,0.391304347826086,0.289855072463768,0.222222222222224,24.9083480872178,23.8916519127826,24.4000000000002,0.526228746932496,51.1260972165469,24.2848000000001,24.2639396069776,-0.264757723865094,-0.303249524966811
"3777874","2014-07-25",22.4589908875706,0.478260869565218,0.405797101449275,0.309178743961355,24.9131456303519,23.9188543696485,24.4160000000002,0.564367457031207,53.618326869947,24.2944000000001,24.2874143260472,-0.184806331920762,-0.279560886357601
"3777873","2014-07-28",20.9447141359783,0.652173913043479,0.507246376811594,0.400966183574881,24.9336701226192,23.9369965440478,24.4353333333335,0.691971912817657,58.2083534433153,24.3168000000001,24.3290924159076,-0.0676187984840038,-0.237172468782881
"3777872","2014-07-29",20.2447042764424,0.523809523809525,0.551414768806074,0.488152749022317,24.9424880468799,23.9548452864538,24.4486666666668,0.585726003428571,52.6022886561958,24.3344000000001,24.3438800937866,-0.0275642070464932,-0.195250816435604
"3777871","2014-07-30",19.5946951211591,0.666666666666668,0.614216701173224,0.5576259489303,24.9482991469943,23.9570341863394,24.4526666666668,0.5948283291863,53.8002347045936,24.3456000000001,24.3620294146151,0.0172115569684994,-0.152758341754783
"3777870","2014-07-31",20.5284460056223,0.0625000000000042,0.417658730158733,0.527763400046013,24.9180474862679,23.9446191803991,24.4313333333335,0.344535717298224,43.2141952131343,24.3440000000001,24.3297588259997,-0.0658248033094555,-0.135371634065718
"3777869","2014-08-01",20.6374459205157,0.125000000000003,0.284722222222225,0.438865884518063,24.8716395900605,23.9483604099398,24.4100000000002,0.431403919099287,44.5204398569487,24.3456000000001,24.3071243158664,-0.117102660810264,-0.131717839414627
"3777868","2014-08-04",20.7386601272025,0.437500000000001,0.208333333333337,0.303571428571434,24.8113031255682,23.9726968744322,24.3920000000002,0.604936017207856,50.634916635711,24.3520000000001,24.3141744070842,-0.0903403266198755,-0.123442336855677
"3777867","2014-08-05",20.8326447476973,0.625000000000003,0.395833333333336,0.296296296296301,24.7586456134521,23.9986877198816,24.3786666666668,0.72106487927973,53.9166709822988,24.3632000000001,24.3362844861397,-0.0290013897668029,-0.104554147437902
"3777866","2014-08-06",21.2676012653258,0.5,0.520833333333335,0.375000000000005,24.6953093324694,24.0286906675309,24.3620000000002,0.637009865065182,51.4605268595604,24.3648000000001,24.3447798879877,-0.00685610514270518,-0.0850145389788626
"3777865","2014-08-07",21.1002090902205,0.533333333333336,0.55277777777778,0.489814814814819,24.6740048916467,24.0379951083537,24.3560000000002,0.736893630608005,52.6226606602399,24.3584000000001,24.3574759029227,0.0236663399939108,-0.0632783631843079
"3777864","2014-08-08",21.1348231941451,0.466666666666664,0.5,0.524537037037041,24.6782489909282,24.0657510090721,24.3720000000002,0.654558332387671,51.2999563947211,24.3456000000001,24.363145782533,0.0342036199217244,-0.0437819665631015
"3777863","2014-08-11",20.3344429957655,0.733333333333332,0.577777777777778,0.543518518518522,24.7004628140462,24.0902038526208,24.3953333333335,0.857225397379891,56.0578618827192,24.3360000000001,24.3893930115286,0.0944101976606104,-0.0161435337183591
"3777862","2014-08-12",19.5912328115558,0.733333333333332,0.644444444444443,0.574074074074076,24.7186902645629,24.1159764021041,24.4173333333335,0.825195772335869,56.0578618827192,24.3280000000001,24.4121406099915,0.140441914084288,0.0151735558421704
"3777861","2014-08-13",20.3723173001922,0.199999999999996,0.555555555555554,0.592592592592594,24.7124433392823,24.1315566607181,24.4220000000002,0.278499539729721,45.7013238604605,24.3088000000001,24.3891885286593,0.070310828607667,0.0262010103952697
"3777860","2014-08-14",21.2458067723658,0.133333333333331,0.355555555555554,0.518518518518519,24.6976268041511,24.1597065291826,24.4286666666668,0.198840130148178,44.5923205453595,24.2960000000001,24.3639633915047,0.00142520758783515,0.0212458498337828
"3777859","2014-08-15",22.0569041393841,0.333333333333333,0.222222222222221,0.377777777777778,24.67820696715,24.1991263661837,24.4386666666668,0.307965507652327,48.6204231539081,24.3088000000001,24.3581016059707,-0.0133031201155376,0.0143360558439187
"3777858","2014-08-18",23.1219428651448,0.199999999999996,0.222222222222221,0.266666666666667,24.6762672686224,24.2037327313779,24.4400000000002,0.21783367600807,46.208592937804,24.3152000000001,24.3423547251746,-0.0509063131895915,0.00128758203721669
"3777857","2014-08-19",24.1109073962083,0.199999999999996,0.244444444444442,0.22962962962963,24.6750414851853,24.2062918481484,24.4406666666668,0.15724417904093,46.208592937804,24.3200000000001,24.3287074284847,-0.079810743438069,-0.0149320830578405
"3777856","2014-08-20",25.0292316036243,0.0714285714285701,0.157142857142855,0.207936507936508,24.6799232039119,24.1880767960884,24.4340000000002,0.159785390984175,44.9165592159112,24.3216000000001,24.3115464380201,-0.114691312903914,-0.0348839290270552
"3777855","2014-08-21",25.5015542032181,0.230769230769233,0.167399267399267,0.18966218966219,24.6786953388445,24.1826379944892,24.4306666666668,0.357543351648832,49.4802695114286,24.3312000000001,24.3126735796174,-0.101349037277665,-0.0481769506771771
"3777854","2014-08-22",25.5622243158586,0.307692307692308,0.203296703296704,0.175946275946277,24.6739631598801,24.1793701734536,24.4266666666668,0.446083613397913,50.9393972550926,24.3424000000001,24.3189837690017,-0.0766167664323358,-0.0538649138282088
"3777853","2014-08-25",25.6185608490248,0.307692307692308,0.282051282051283,0.21758241758242,24.6450810210259,24.1855856456411,24.4153333333335,0.466630059506746,50.9393972550926,24.3488000000001,24.3244525998015,-0.0563688132527274,-0.0543656937131126
"3777852","2014-08-26",24.563670111155,0.538461538461541,0.384615384615386,0.289987789987793,24.6431145697967,24.1862187635369,24.4146666666668,0.730541256649804,55.41931133348,24.3632000000001,24.3451922531613,-0.000531973706230371,-0.0435989497117361
"3777851","2014-08-27",23.5841287117044,0.538461538461541,0.461538461538464,0.37606837606838,24.6389780885474,24.1876885781196,24.4133333333335,0.736359729623138,55.41931133348,24.3696000000001,24.3631666194065,0.043184062933399,-0.0262423471827091
"3777850","2014-08-28",22.6745545550718,0.615384615384616,0.564102564102567,0.470085470085474,24.6507301497346,24.2026031835991,24.4266666666668,0.767781251895348,56.9393867237992,24.3760000000001,24.3840777368189,0.089998181791362,-0.00299424138789488
"3777849","2014-08-29",21.4451952590809,0.615384615384616,0.589743589743592,0.538461538461543,24.6654229843238,24.2092436823432,24.4373333333335,0.768900114787961,56.9393867237992,24.3792000000001,24.4022007052431,0.125609337790622,0.0227264744478085
"3777848","2014-09-02",20.303647341375,0.727272727272726,0.652680652680653,0.602175602175606,24.6750130761916,24.2076535904754,24.4413333333335,0.75390875823275,56.9393867237992,24.3760000000001,24.4179072778773,0.152046075868717,0.0485903947319902
"3777847","2014-09-03",18.865026716521,0.666666666666667,0.66977466977467,0.63739963739964,24.6790242112659,24.2063091220678,24.4426666666668,0.776417380473626,56.9393867237992,24.3792000000001,24.431519640827,0.171000413636202,0.0730723985128326
"3777846","2014-09-04",17.529164707728,0.749999999999998,0.714646464646464,0.679033929033931,24.6961255325598,24.2038744674405,24.4500000000002,0.804722550399079,58.8276508211736,24.3824000000001,24.4486503553834,0.1969305828319,0.0978440353766461
"3777845","2014-09-05",17.0740099891906,0.642857142857139,0.686507936507935,0.690309690309692,24.7129703830753,24.199029616925,24.4560000000002,0.832074585063353,58.8276508211736,24.4000000000001,24.4634969746656,0.214970412584403,0.121269310818198
"3777844","2014-09-08",17.324148243986,0.687500000000001,0.69345238095238,0.698202260702262,24.7472879835902,24.1887120164102,24.4680000000002,0.927277005617325,62.6288319094431,24.4192000000001,24.4870307113769,0.252687648880556,0.147552978430669
"3777843","2014-09-09",17.5564194805816,0.687500000000001,0.672619047619048,0.684193121693123,24.7589472721087,24.1837193945583,24.4713333333335,0.862754787815746,62.6288319094431,24.4304000000001,24.5074266165266,0.279299176206482,0.173902217985832
"3777842","2014-09-10",17.7720999145633,0.692307692307692,0.689102564102565,0.685057997558,24.7754632234888,24.1765367765115,24.4760000000002,0.885133546582587,64.5278943851724,24.4384000000001,24.5304364009897,0.309922636111115,0.201106301610889
"3777841","2014-09-11",18.2487091363207,0,0.459935897435898,0.607219169719173,24.7716314264427,24.1883685735577,24.4800000000002,0.317120761009828,43.2339968712,24.4352000000001,24.5023782141911,0.213273167026373,0.203539674693985
"3777840","2014-09-12",18.6912748422382,0.0769230769230753,0.256410256410256,0.468482905982909,24.7642434828617,24.209089850472,24.4866666666668,0.343887058265697,45.3903468923843,24.4320000000001,24.483394452299,0.148099720381678,0.192451683831524
"3777839","2014-09-15",19.7829654865172,0,0.0256410256410257,0.247329059829062,24.7678591199875,24.2001408800128,24.4840000000002,0.164152649604256,40.4286918396656,24.4256000000001,24.4509418586591,0.0561872130249608,0.165198789670211
"3777838","2014-09-16",22.7042256776444,0,0.0256410256410257,0.102564102564105,24.854438174016,24.0668951593177,24.4606666666668,-0.288105100398436,25.4493127359866,24.3888000000001,24.3428162775046,-0.212922305238705,0.0895745706884281
"3777837","2014-09-17",25.0929389699717,0.233333333333334,0.0777777777777787,0.0430199430199454,24.8768535417576,24.0204797915761,24.4486666666668,0.0227940293823642,37.1520329379731,24.3632000000001,24.2864407738373,-0.330275185836237,0.00560461938349498
"3777836","2014-09-18",26.6719602003894,0.466666666666666,0.233333333333334,0.112250712250715,24.8773581773352,24.0186418226652,24.4480000000002,0.273305043501057,46.2402214117341,24.3616000000001,24.2749153373257,-0.326610501029778,-0.0608384046991597
"3777835","2014-09-19",28.642246794665,0.3,0.333333333333334,0.214814814814818,24.8886098003551,23.982056866312,24.4353333333335,0.137454522152356,41.6115473110412,24.3536000000001,24.2382599590156,-0.385862691220829,-0.125843262003493
"3777834","2014-09-22",32.3837325582989,0,0.255555555555556,0.274074074074077,25.230549487148,23.4707838461857,24.3506666666669,-0.434215307841379,20.2346862958828,24.2624000000001,23.9451586311468,-1.07829452383121,-0.316333514369037
"3777833","2014-09-23",36.0391895735608,0,0.1,0.229629629629632,25.5579460946202,22.9113872387135,24.2346666666669,-0.314138957030197,17.8202599923431,24.1552000000001,23.6271374803272,-1.77910922607565,-0.60888865671036
"3777832","2014-09-24",39.4335425163039,0.0731707317073177,0.0243902439024398,0.126648599819334,25.7209288859327,22.5070711140676,24.1140000000002,-0.124586859725467,22.7815353100771,24.0576000000001,23.383519149617,-2.23608507228794,-0.934327939825876
"3777831","2014-09-25",40.5769789407002,0.304878048780488,0.126016260162602,0.0834688346883496,25.7206276744887,22.3353723255117,24.0280000000002,0.1372504070125,35.9650869157224,23.9920000000001,23.2737165963347,-2.31332038644427,-1.21012642914956
"3777830","2014-09-26",41.6387413347824,0.3875,0.255182926829269,0.135196476964773,25.6856541018794,22.2103458981209,23.9480000000002,0.211872077345373,39.4790663322401,23.9312000000001,23.2105543834901,-2.26631557065297,-1.42136425745024
"3777829","2014-09-29",43.0753613248628,0.225000000000001,0.30579268292683,0.228997289972903,25.660573458481,22.0367598748527,23.8486666666669,0.148068725418097,34.9978076534094,23.8480000000001,23.0864804656914,-2.38419042549194,-1.61392949105858
"3777828","2014-09-30",43.7692449554814,0.219178082191781,0.277226027397261,0.279400545717789,25.610482613613,21.8895173863874,23.7500000000002,0.187357107015776,34.3517761966589,23.7616000000001,22.9682830702659,-2.4793297413277,-1.7870095411124
"3777827","2014-10-01",44.4135654696272,0.26027397260274,0.234817351598174,0.272612020640757,25.5419989447765,21.7513343885572,23.6466666666669,0.199261176215189,36.2526398757843,23.6752000000001,22.8818453275638,-2.4856467573655,-1.92673698436302
"3777826","2014-10-02",45.2901789043786,0.169014084507042,0.216155379767188,0.242732919587543,25.4531611516866,21.6201721816471,23.5366666666669,0.20345162077126,33.7938198291501,23.5776000000001,22.7695992838886,-2.56171626782916,-2.05373284105625
"3777825","2014-10-03",46.1041770937907,0.342857142857143,0.257381733322309,0.236118154895893,25.3237149201864,21.5496184131473,23.4366666666668,0.285379097092654,41.1612862931911,23.4976000000001,22.7363193793701,-2.4249936484067,-2.12798500252634
"3777824","2014-10-06",45.7564424196713,0.442857142857143,0.318242790073777,0.26392663438776,25.1528355410924,21.5418311255746,23.3473333333335,0.381658041874136,45.0057717741183,23.4288000000001,22.7448101287874,-2.19205375278817,-2.14079875257871
"3777823","2014-10-07",45.4335459365604,0.485714285714287,0.423809523809525,0.333144682401873,24.9664311644114,21.5602355022556,23.2633333333335,0.422689898217165,46.6156639833224,23.3648000000001,22.7681687782824,-1.94238047926187,-2.10111509791534
"3777822","2014-10-08",45.6121782626323,0.36231884057971,0.430296756383714,0.390783023422341,24.7461658148031,21.5831675185306,23.1646666666669,0.363631499946792,42.5878335997478,23.2864000000001,22.7404129411781,-1.85080551800539,-2.05105318193335
"3777821","2014-10-09",46.1439347483845,0.274193548387097,0.374075558227032,0.409393946140092,24.5749000557934,21.5677666108736,23.0713333333335,0.312224273711304,39.3343858688882,23.1936000000001,22.6736912156877,-1.87075555657252,-2.01499365686119
"3777820","2014-10-10",47.3673458769837,0,0.212170796322269,0.338847703644341,24.4271640517381,21.4421692815956,22.9346666666669,0.0752086359803982,32.3484346819299,23.0672000000001,22.5038657202627,-2.16324459480749,-2.04464384445045
"3777819","2014-10-13",49.3672950795459,0,0.0913978494623661,0.225881401337225,24.4965935436171,20.9714064563833,22.7340000000002,-0.196133265915774,23.0936880571395,22.8672000000001,22.122016957561,-3.00434655751073,-2.2365843870625
"3777818","2014-10-14",51.6614222347003,0,5.9211894646675e-16,0.101189548594881,24.9120024610326,20.0359975389678,22.4740000000002,-0.286299452375584,17.942475337698,22.6016000000001,21.5724146965529,-4.25278765132878,-2.63982503991576
"3777817","2014-10-15",54.0544137330218,0,5.9211894646675e-16,0.0304659498207913,25.4415899807173,18.7984100192831,22.1200000000002,-0.276736446996123,14.6752067276861,22.2736000000001,20.8934260703458,-5.80148994745693,-3.27215802142399
"3777816","2014-10-16",55.5715295946032,0.0813953488372091,0.027131782945737,0.00904392764858162,25.5213686804011,18.0399646529326,21.7806666666669,-0.0766297320878571,20.4244570142405,21.9824000000001,20.379635927633,-6.7903883392534,-3.97580408498987
"3777815","2014-10-17",55.4089866805452,0.273255813953488,0.118217054263566,0.0484496124031036,25.322355232038,17.696311434629,21.5093333333335,0.12899067871931,32.0473206808203,21.7424000000001,20.110351137282,-6.99946340996994,-4.58053594998589
"3777814","2014-10-20",54.4367653095345,0.335329341317365,0.229993501369355,0.125114112859555,25.2371160151136,17.4228839848868,21.3300000000002,0.217182700558221,34.8425094061755,21.5216000000001,19.9249709856444,-6.95234167634328,-5.05489709525737
"3777813","2014-10-21",52.4611688877017,0.526946107784431,0.378510421018429,0.242240325550452,25.1567699101441,17.3218967565229,21.2393333333335,0.375854190923652,43.7087161966292,21.3760000000001,19.9349748542251,-6.32751851975858,-5.30942138015761
"3777812","2014-10-22",50.2229490015538,0.592814371257485,0.485029940119761,0.364511287502517,25.0715974291531,17.2644025708473,21.1680000000002,0.437493554489546,46.4083095653784,21.2368000000001,20.0023115403284,-5.58924167683533,-5.36538543949315
"3777811","2014-10-23",48.4299383369353,0.532934131736527,0.550898203592815,0.471479521577004,24.8910746052049,17.2075920614621,21.0493333333335,0.418960359040064,44.3270876247677,21.0704000000001,20.0073366682847,-5.10590556896995,-5.31348946538851
"3777810","2014-10-24",46.7649998626468,0.586826347305389,0.570858283433134,0.535595475715239,24.6791687998037,17.1914978668633,20.9353333333335,0.464118793537665,46.6461662356131,20.9264000000001,20.05969177918,-4.52533074715894,-5.1558577217426
"3777809","2014-10-27",45.5157184776539,0.533333333333333,0.55103127079175,0.557595919272569,24.4958868728069,17.1414464605268,20.8186666666669,0.421317376411041,44.4315175148477,20.8448000000001,20.0517328752894,-4.17741858679682,-4.96016989475344
"3777808","2014-10-28",44.3556714773034,0.536585365853659,0.552248348830794,0.558045967685228,24.2938797753545,17.1074535579793,20.7006666666669,0.434042320109798,44.4315175148477,20.7824000000001,20.0448351585841,-3.85731343578047,-4.73959860295885
"3777807","2014-10-29",43.278484976978,0.671328671328671,0.580415790171888,0.561231803264813,24.0938947753902,17.0994385579435,20.5966666666669,0.475695036938519,46.7760453247047,20.7232000000001,20.0815238041062,-3.43536170084874,-4.47875122253683
"3777806","2014-10-30",42.0292057284938,0.748031496062992,0.651981844415108,0.594881994472599,23.8973350990776,17.1013315675894,20.4993333333335,0.493231316054052,46.511874174188,20.6320000000001,20.1079872968921,-3.08120230925581,-4.19924143988063
"3777805","2014-10-31",40.8691607120442,0.830508474576271,0.749956213989312,0.660784616192105,23.6493051401607,17.1386948598397,20.3940000000002,0.519353024459267,47.4703308562531,20.5360000000001,20.1469223239731,-2.72090082984906,-3.90357331787431
"3777804","2014-11-03",39.3256931708172,0.830508474576271,0.803016148405179,0.734984735603202,23.3245311854311,17.2328021479027,20.2786666666669,0.554937877998963,47.4703308562531,20.4608000000001,20.18066601411,-2.40741521790586,-3.60434169788062
"3777803","2014-11-04",37.8924733111064,0.855769230769231,0.838928726640591,0.797300363011696,22.9475243953642,17.3738089379695,20.1606666666669,0.585998888353228,49.2288622300411,20.3968000000001,20.2365772122287,-2.05540490318875,-3.29455433894225
"3777802","2014-11-05",36.2104977950345,0.788732394366198,0.825003366570567,0.822316080538781,22.6012622596937,17.5174044069733,20.0593333333335,0.627331123742329,49.2288622300411,20.3280000000001,20.2850335839315,-1.75614640692782,-2.98687275253936
"3777801","2014-11-06",34.6486633872535,0.774193548387097,0.806231724507509,0.823387939239558,22.2778126669596,17.6635206663741,19.9706666666669,0.665283572554515,49.620065446514,20.2720000000001,20.3323624394073,-1.48596218700605,-2.6866906394327
"3777800","2014-11-07",32.8257612241048,0.633333333333335,0.73208642536221,0.787773838813431,22.1464695468528,17.7161971198143,19.9313333333335,0.714132806117441,50.8437519941202,20.2016000000001,20.3893807808197,-1.2104449175408,-2.39144149505432
"3777799","2014-11-10",31.1330663583238,0.633333333333335,0.680286738351256,0.739534962740327,22.2036278393081,17.7137054940256,19.9586666666669,0.693321829031592,50.8437519941202,20.1200000000001,20.4387966767104,-0.980899773537203,-2.1093331507509
"3777798","2014-11-11",29.7610046601546,0.533333333333334,0.600000000000002,0.670791054571158,22.2499715271688,17.8793618061649,20.0646666666669,0.659092981922313,49.4507403350469,20.0288000000001,20.4656237864824,-0.836648308356858,-1.85479618227209
"3777797","2014-11-12",29.4318078631588,0,0.38888888888889,0.556391875746718,21.8832957893309,18.5687042106695,20.2260000000002,0.488133279048092,42.7271064974827,19.9264000000001,20.4035406149514,-0.963480842657072,-1.67653311434909
"3777796","2014-11-13",29.1261251230912,0.178571428571428,0.237301587301588,0.408730158730162,21.4373106955032,19.2973559711639,20.3673333333335,0.46541982914006,45.2331230629623,19.8448000000001,20.3764018662912,-0.974330912070009,-1.53609267389327
"3777795","2014-11-14",29.0113611885292,0.0714285714285698,0.0833333333333329,0.236507936507939,21.1905038444298,19.6948294889039,20.4426666666669,0.328839747733602,43.989413654716,19.7920000000001,20.3368816174524,-1.01896580932063,-1.43266730097874
"3777794","2014-11-17",28.9629121604103,0.0357142857142849,0.0952380952380945,0.13862433862434,20.9619147649878,20.023418568346,20.4926666666669,0.102910839702534,43.559473120011,19.8080000000001,20.2972974017921,-1.05839981938138,-1.35781380465927
"3777793","2014-11-18",28.495100063882,0.107142857142858,0.0714285714285712,0.0833333333333349,20.9640732337715,20.0172600995622,20.4906666666669,0.22116990094283,44.7231126807052,19.8928000000001,20.2736577482198,-1.0461136041357,-1.29547376455456
"3777792","2014-11-19",28.0607031171057,0.178571428571428,0.107142857142857,0.091269841269843,20.944627339195,19.9953726608054,20.4700000000002,0.285796859407121,45.9237684735743,20.0416000000001,20.2638367151238,-0.993235190261832,-1.23502604969601
"3777791","2014-11-20",27.8017062818607,0.107142857142858,0.130952380952382,0.103174603174605,20.9467920495342,19.9718746171329,20.4593333333335,0.247670939277124,44.8740923900357,20.1648000000001,20.2446584864406,-0.972048853927965,-1.1824306105424
"3777790","2014-11-21",27.0889900823249,0.285714285714286,0.190476190476191,0.142857142857145,20.9245515181835,19.9674484818169,20.4460000000002,0.451938298958058,48.069768347509,20.2432000000001,20.2547040215819,-0.865678731740871,-1.1190802347821
"3777789","2014-11-24",26.6686987933075,0.178571428571428,0.190476190476191,0.170634920634923,20.9228700126948,19.9784633206389,20.4506666666669,0.375759739611659,46.3341889677166,20.3024000000001,20.2474101520376,-0.819705991952169,-1.05920538621611
"3777788","2014-11-25",26.2784283106486,0.321428571428571,0.261904761904762,0.214285714285716,20.9210191331777,19.9976475334893,20.4593333333335,0.435742735261147,48.9792906100681,20.3168000000001,20.2624221317659,-0.711366634282229,-0.989637635829334
"3777787","2014-11-26",26.0895650691426,0.250000000000001,0.25,0.234126984126986,20.9195400018699,19.9924599981305,20.4560000000002,0.396449066301755,47.7129923496842,20.3104000000001,20.2647658475305,-0.649841133954254,-0.921678335454318
"3777786","2014-11-28",25.4952216013075,0.359999999999999,0.310476190476191,0.274126984126986,20.9195400018699,19.9924599981305,20.4560000000002,0.497123585174859,49.1293581133895,20.3232000000001,20.2774637345264,-0.562757985539508,-0.849894265471356
"3777785","2014-12-01",24.9433312383178,0.399999999999999,0.336666666666667,0.299047619047621,20.9167627181759,19.9912372818245,20.4540000000002,0.528092150662346,49.860690271657,20.3232000000001,20.2938019032562,-0.472391082142076,-0.7743936288055
"3777784","2014-12-02",24.4308616155416,0.687500000000001,0.4825,0.376547619047621,20.9045305920013,19.9901360746657,20.4473333333335,0.535724915282377,50.6251210770646,20.3408000000001,20.3132949828221,-0.380506807522629,-0.695616264548926
"3777783","2014-12-03",23.6353200924402,0.666666666666669,0.584722222222223,0.467962962962965,20.8902570975654,19.9910762357683,20.4406666666668,0.573400138730609,50.6251210770645,20.3584000000001,20.3301889851125,-0.304197160501785,-0.617332443739498
"3777782","2014-12-04",22.2843477105726,0.789473684210527,0.714546783625733,0.593923001949321,20.8880476165173,19.9919523834831,20.4400000000002,0.782708047084848,54.6357538541234,20.3712000000001,20.3714971204308,-0.162634528676697,-0.526392860726938
"3777781","2014-12-05",21.1657327103675,0.736842105263159,0.730994152046785,0.676754385964916,20.8768585440214,19.9964747893123,20.4366666666669,0.761249709310951,53.6963203179381,20.3840000000001,20.40196417104,-0.0656649693527855,-0.434247282452107
"3777780","2014-12-08",20.7743789050314,0.41176470588235,0.646026831785345,0.69718925581929,20.8131951252239,20.0254715414431,20.4193333333335,0.644720816219128,49.1460957587168,20.3840000000001,20.401702281568,-0.0671301608244357,-0.360823858126573
"3777779","2014-12-09",20.8757110102916,0.17647058823529,0.441692466460267,0.606237816764134,20.7427453525716,20.0479213140954,20.3953333333335,0.429958285879712,45.8022245169786,20.3776000000001,20.380141977359,-0.130078339947337,-0.314674754490726
"3777778","2014-12-10",20.9698051080331,0.235294117647059,0.274509803921567,0.454076367389062,20.6804674768256,20.0715325231748,20.3760000000002,0.495620769261369,46.7771762778058,20.3648000000001,20.3667897137111,-0.162326008398317,-0.284205005272244
"3777777","2014-12-11",22.233509290421,0,0.137254901960783,0.284485724114208,20.7155832446181,20.0110834220489,20.3633333333335,-0.110362112558184,37.9539968175272,20.3328000000001,20.291217751883,-0.374177534297582,-0.302199511077312
"3777776","2014-12-12",23.7869737534105,0,0.07843137254902,0.163398692810459,20.7760500730192,19.8972832603145,20.3366666666669,-0.156222627356617,34.9923223652627,20.2912000000001,20.1990553849652,-0.615680396691798,-0.364895688200209
"3777775","2014-12-15",26.2776909158331,0,2.86807614694832e-16,0.0718954248366031,20.9674214577324,19.6005785422679,20.2840000000002,-0.341842653349671,26.5226738610671,20.2144000000001,20.0178480003032,-1.10155689503723,-0.512227929567612
"3777774","2014-12-16",29.26666957382,0,2.86807614694832e-16,0.0261437908496754,21.2704670621856,19.1241996044814,20.1973333333335,-0.343635149089797,20.8122047316155,20.1056000000001,19.7541349335961,-1.79730811015028,-0.769243965684145
"3777773","2014-12-17",30.3832610509674,0.304347826086956,0.101449275362319,0.0338164251207751,21.3130363880865,18.9709636119139,20.1420000000002,0.06363439667732,36.3165964335769,20.0352000000001,19.6375836091166,-1.98908715110073,-1.01321260276746
"3777772","2014-12-18",30.1704312115859,0.623188405797102,0.309178743961353,0.136876006441226,21.2974911975664,18.946508802434,20.1220000000002,0.39139291988652,47.8387256808248,20.0256000000001,19.6539057945677,-1.75998222533656,-1.16256652728128
"3777771","2014-12-19",29.1641864796597,0.536231884057971,0.48792270531401,0.299516908212563,21.2842166844166,18.9211166489171,20.1026666666669,0.38320426733782,45.4248588046359,19.9984000000001,19.6360516886254,-1.65792697327949,-1.26163861648092
"3777770","2014-12-22",27.8915619764912,0.797101449275362,0.652173913043478,0.483091787439616,21.2803306489564,18.9210026843774,20.1006666666669,0.609918306071288,53.0746135056343,20.0048000000001,19.716578130142,-1.26680494529587,-1.26267188224391
"3777769","2014-12-23",26.7098392235489,0.811594202898551,0.714975845410628,0.618357487922707,21.2803306489564,18.9210026843774,20.1006666666669,0.598615652490686,53.4648660897165,20.0144000000001,19.7917010461231,-0.93033012596021,-1.19620353098717
"3777768","2014-12-24",25.6865485897756,0.797101449275362,0.801932367149758,0.72302737520129,21.2716220103041,18.9203779896962,20.0960000000002,0.589597959556748,52.990275860371,20.0192000000001,19.8514742399733,-0.672679435646439,-1.09149871191903
"3777767","2014-12-26",24.4442127202403,0.826086956521739,0.811594202898551,0.776167471819648,21.2755462246178,18.9204537753826,20.0980000000002,0.628232757953041,53.8721930268956,20.0240000000001,19.9139443413102,-0.431423739033954,-0.959483717342012
"3777766","2014-12-29",22.9195774498784,0.718749999999999,0.7806461352657,0.798057568438005,21.2678808516632,18.9207858150038,20.0943333333335,0.621710736976831,51.1590270577707,20.0236000000001,19.9400850958022,-0.321783989931179,-0.831943771859846
"3777765","2014-12-30",22.062357399488,0.545138888888889,0.696658615136876,0.762966317767044,21.2273120880331,18.9000212453006,20.0636666666669,0.415352221397096,45.30812069579,19.9952000000001,19.8960737496952,-0.432324149961649,-0.752019847480206
"3777764","2014-12-31",21.2663673526969,0.673611111111111,0.645833333333333,0.707712694578639,21.1910913157619,18.8952420175718,20.0431666666669,0.511687759015497,49.8764663358603,19.9864000000001,19.9072639164025,-0.365905137202627,-0.674796905424691
"3777763","2015-01-02",21.0435206210946,0.576388888888888,0.59837962962963,0.646957192699948,21.142819639171,18.8851803608294,20.0140000000002,0.459840056143312,46.6976041623292,19.9600000000001,19.8796287275489,-0.421927131362532,-0.624222950612259
"3777762","2015-01-05",20.8365915131782,0.659722222222222,0.636574074074074,0.626929012345681,21.0650396818142,18.8949603181862,19.9800000000002,0.5153604213246,49.6592530523607,19.9464000000001,19.8876782305423,-0.364817995481859,-0.572341959586179
"3777761","2015-01-06",19.9662904022481,0.680555555555555,0.638888888888889,0.624614197530866,20.9954704443098,18.9118628890239,19.9536666666669,0.589428228871813,50.4012165787262,19.9320000000001,19.90265446647,-0.291865581561856,-0.516246683981314
"3777760","2015-01-07",19.1581536563844,0.681372549019607,0.673883442265795,0.649782135076255,20.9646145123429,18.9210521543242,19.9428333333335,0.682932187934594,53.7077178215388,19.9268000000001,19.9516338709407,-0.123384097830137,-0.437674166751079
"3777759","2015-01-08",18.0147828189558,0.642857142857143,0.668261749144102,0.66034469343293,20.9912484463947,18.9127515536057,19.9520000000002,0.778085573283801,55.4832686650959,19.9260000000001,20.0140826881486,0.0695259342501586,-0.336234146550831
"3777758","2015-01-09",17.2492760131836,0.821428571428572,0.715219421101774,0.685788204170559,21.0507857077274,18.8898809589397,19.9703333333335,0.856177969944426,58.350530958942,19.9352000000001,20.1015383297288,0.318581183176025,-0.20527108060546
"3777757","2015-01-12",16.7870958539995,0.8768115942029,0.780365769496205,0.721282313247362,21.1674968598993,18.8675031401011,20.0175000000002,0.873551744629053,60.0146374951639,19.9424000000001,20.1973332190983,0.568262424351618,-0.0505643796140445
"3777756","2015-01-13",16.4191727973194,0.376811594202899,0.69168391994479,0.729089703514258,21.1953555006076,18.8946444993928,20.0450000000002,0.615181785048136,50.0985694728843,19.9236000000001,20.1883554565519,0.484519952322859,0.0564524867733363
"3777755","2015-01-14",16.7218497091023,0.115942028985507,0.456521739130435,0.642857142857145,21.1578392709462,19.0058273957208,20.0818333333335,0.401564979370138,45.8426794461196,19.8984000000001,20.1325747290116,0.271030335248912,0.0993680564684514
"3777754","2015-01-15",17.3899091484663,0,0.164251207729469,0.437485622268233,20.921925318298,19.368741348369,20.1453333333335,0.185377472258365,43.2074574475403,19.8700000000001,20.0522314318101,0.00492396981981447,0.080479239138724
"3777753","2015-01-16",17.2061101981564,0,0.0386473429951694,0.219806763285026,20.8239359554083,19.531064044592,20.1775000000002,0.179653751309862,43.2074574475403,19.8400000000001,19.9826005742354,-0.204458801582408,0.0234916309944977
"3777752","2015-01-20",17.0354397442972,0.123287671232877,0.0410958904109592,0.0813314803785343,20.8244115984272,19.5295884015732,20.1770000000002,0.2526045763531,45.9119107286214,19.8364000000001,19.946253831004,-0.294772782587416,-0.040161251721885
"3777751","2015-01-21",16.8769600371423,0.143835616438355,0.0890410958904107,0.0562614430988483,20.8244115984272,19.5295884015732,20.1770000000002,0.22943538995538,46.3702921798729,19.8420000000001,19.9187533202035,-0.350348265094302,-0.102198654396369
"3777750","2015-01-22",15.7706618665016,0.171232876712329,0.146118721461187,0.0920852359208542,20.8051180555185,19.5108819444819,20.1580000000002,0.362467135260489,47.0150569320356,19.8796000000001,19.9002528775097,-0.373974455792325,-0.15655381467556
"3777749","2015-01-23",14.7433849937638,0.294520547945206,0.203196347031963,0.146118721461189,20.7873731102273,19.5002935564398,20.1438333333335,0.4270959335362,49.9321608599442,19.9564000000001,19.9082191605084,-0.316083127312117,-0.188459677202871
"3777748","2015-01-26",13.7637274967091,0.321917808219178,0.262557077625571,0.203957382039576,20.7721418268585,19.4928581731419,20.1325000000002,0.458961407935089,50.5832578835167,20.0012000000001,19.9204566057739,-0.251100461300213,-0.20098783402234
"3777747","2015-01-27",13.2381422883378,0.219178082191781,0.278538812785389,0.248097412480976,20.7420517402243,19.4792815931094,20.1106666666669,0.383325295842524,48.0593102147973,20.0048000000001,19.9110623916707,-0.257413610563662,-0.212272989330604
"3777746","2015-01-28",12.7205666715327,0.342465753424658,0.294520547945206,0.27853881278539,20.7151879987354,19.4768120012649,20.0960000000002,0.492463247549546,51.2056730947017,20.0252000000001,19.926920739448,-0.187330668943053,-0.207284525253094
"3777745","2015-01-29",12.0848052898082,0.356164383561644,0.305936073059361,0.292998477929987,20.7186929567314,19.4983070432689,20.1085000000002,0.506691872281049,51.5568096206545,20.0176000000001,19.9433313075216,-0.122310074211152,-0.190289635044705
"3777744","2015-01-30",11.7287769055772,0.301369863013698,0.333333333333334,0.311263318112636,20.7186929567314,19.4983070432689,20.1085000000002,0.468452602102764,50.0066406769243,20.0052000000001,19.9468871331854,-0.101984806035127,-0.17262866924279
"3777743","2015-02-02",11.294236736358,0.473684210526315,0.377072819033886,0.338780741808862,20.7240429291612,19.5152904041725,20.1196666666669,0.52233707846862,51.9514110574693,19.9984000000001,19.963302182094,-0.0449293753194357,-0.147088810458119
"3777742","2015-02-03",10.7110878725205,0.64705882352941,0.474037632356474,0.3948145949079,20.7302193007991,19.5247806992013,20.1275000000002,0.535256876578763,52.151860912426,19.9888000000001,19.9788618911481,0.00424561693439518,-0.116821924979616
"3777741","2015-02-04",10.0473807176643,0.79120879120879,0.637317275088172,0.496142575492846,20.7443160452464,19.5280172880873,20.1361666666669,0.645660484830464,55.5470161083809,19.9944000000001,20.015013638995,0.110468401343744,-0.0713638597149441
"3777740","2015-02-05",10.0109076089415,0.75,0.729422538246067,0.613592481896906,20.7586548454242,19.5250118212429,20.1418333333335,0.733589994040397,57.2754407217544,20.0236000000001,20.0583451537957,0.228044307558428,-0.0114822262602697
"3777739","2015-02-06",10.4168141136935,0.759615384615384,0.766941391941392,0.711227068425212,20.7684311749795,19.5205688250208,20.1445000000002,0.851668061263065,60.2355431256272,20.0444000000001,20.1172324666229,0.380737317426472,0.0669616824770786
"3777738","2015-02-09",10.6659431350093,0.722772277227722,0.744129220614369,0.746831050267278,20.7267285004779,19.5429381661891,20.1348333333335,0.847893813122382,59.4044794618944,20.0752000000001,20.1642681377399,0.483684212440494,0.150306188469762
"3777737","2015-02-10",11.8493603311372,0.607999999999998,0.696795887281035,0.735955499945601,20.6780856422018,19.5742476911319,20.1261666666669,1.02287264277066,60.7647320327516,20.0992000000001,20.2143657193746,0.586101774873882,0.237465305750586
"3777736","2015-02-11",11.8219238727641,0.347457627118644,0.559409968115455,0.666778358670288,20.694460678333,19.5698726550008,20.1321666666669,0.76483772470798,53.1002519917203,20.1096000000001,20.2204502901246,0.54903145373244,0.299778535346957
"3777735","2015-02-12",11.7964471614177,0.550847457627118,0.502101694915254,0.586102516770583,20.7505467449281,19.5857865884056,20.1681666666669,0.862163258221835,57.9913637610277,20.1188000000001,20.2577235847747,0.608225606490298,0.361467949575625
"3777734","2015-02-13",12.5675192859694,0.733333333333333,0.543879472693032,0.535130378574582,20.8290757591015,19.6252575742322,20.2271666666669,1.00630569272049,62.0734459177122,20.1312000000001,20.3206937734714,0.737708501572532,0.436716059975006
"3777733","2015-02-17",13.283514830196,0.842592592592591,0.708924461184348,0.58496854293088,20.9231536783895,19.6485129882776,20.2858333333335,1.01060140977927,64.4964964783355,20.1396000000001,20.3952679370085,0.888762429202794,0.527125333820564
"3777732","2015-02-18",14.1694109254298,0.905172413793104,0.827032779906343,0.693278904594576,21.034148103059,19.6575185636081,20.3458333333335,1.01635775127756,66.6388056224485,20.1476000000001,20.4785655454074,1.05060675395614,0.631821617847679
"3777731","2015-02-19",15.3140290753034,0.882812500000001,0.876859168795233,0.804272136628643,21.1411742666272,19.6828257333731,20.4120000000002,1.00605186837818,67.8332468646297,20.1864000000001,20.5614234726864,1.19536031846159,0.744529357970462
"3777730","2015-02-20",17.4769804393864,0.670588235294118,0.819524383029075,0.841138777243552,21.3002772491807,19.6653894174863,20.4828333333335,1.05895781693236,69.4527532136874,20.2440000000001,20.6479003429949,1.33650414863828,0.862924316104026
"3777729","2015-02-23",19.7033251891194,0.884615384615386,0.812672039969836,0.836351863931383,21.5315236341337,19.6051430325333,20.5683333333335,1.11860395898738,75.2973244758928,20.3304000000001,20.7868469639289,1.61475070974906,1.01328959483303
"3777728","2015-02-24",22.2192711626033,0.846153846153846,0.800452488687784,0.810882970562233,21.7837579871426,19.5449086795244,20.6643333333335,1.09658622941777,77.3400165934319,20.4252000000001,20.9352673687384,1.89133593791428,1.18889886344928
"3777727","2015-02-25",24.8153853111972,0.906542056074767,0.879103762281333,0.830742763646319,22.0504336463143,19.5085663536861,20.7795000000002,1.08506857182492,79.8974101908157,20.5248000000001,21.1038983862399,2.19634063261114,1.39038721728165
"3777726","2015-02-26",27.5973216034721,0.825910931174089,0.859535611134234,0.846363954034452,22.3176847765412,19.4769818901258,20.8973333333335,1.04423150248939,80.6801287690926,20.6272000000001,21.2633786014079,2.44347353032066,1.60100447988946
"3777725","2015-02-27",30.2920806004407,0.910852713178294,0.881101900142384,0.873247091185985,22.5973943053893,19.4542723612777,21.0258333333335,1.02840244917784,82.9025725231595,20.7404000000001,21.4429281212202,2.72040012446486,1.82488360880454
"3777724","2015-03-02",29.6506751858198,0.577519379844961,0.771427674732448,0.837355062003024,22.6587971459783,19.569202854022,21.1140000000002,0.732824528193208,61.6983794848756,20.8120000000001,21.4838710383909,2.58438427551893,1.97678374214741
"3777723","2015-03-03",29.0550844436719,0.585271317829457,0.691214470284238,0.781248015053025,22.7033100492466,19.6910232840871,21.1971666666669,0.703444552630659,61.9421684308133,20.8828000000001,21.5220215666054,2.45539474589731,2.07250594289739
"3777722","2015-03-04",27.8677461817678,0.448717948717949,0.537169548797456,0.666603897938049,22.7153302526155,19.8300030807182,21.2726666666669,0.641174053778206,57.5991627285365,20.9508000000001,21.5257520243914,2.24476966321865,2.10695868696164
"3777721","2015-03-05",27.2029404606965,0.502369668246445,0.512119644931284,0.580167888004328,22.7499832537261,19.9550167462742,21.3525000000002,0.699465717572436,60.825986912262,21.0212000000001,21.5609850878058,2.14286889267978,2.11414072810527
"3777720","2015-03-06",26.5856208625588,0.489795918367347,0.480294511777247,0.509861235168664,22.7783246473963,20.0760086859374,21.4271666666669,0.683607939908927,61.483629116953,21.0928000000001,21.5981870760984,2.05674835611289,2.1026622537068
"3777719","2015-03-09",24.8676652669423,0.142857142857144,0.378340909823645,0.456918355510728,22.7642706816288,20.1750626517049,21.4696666666669,0.485967395082353,51.1304459184623,21.1452000000001,21.5557621326186,1.75896356288612,2.03392251554266
"3777718","2015-03-10",23.8810868047752,0,0.210884353741497,0.356506591780799,22.7336432102386,20.2740234564284,21.5038333333335,0.388668428154667,46.8798007789955,21.1824000000001,21.4816605149361,1.40184160963737,1.9075063343616
"3777717","2015-03-11",22.9119859056129,0.135869565217391,0.0929089026915119,0.227378055418887,22.7141598127993,20.3635068538678,21.5388333333335,0.442356442074809,50.811711448031,21.2292000000001,21.450772446278,1.19880481071963,1.76576602963321
"3777716","2015-03-12",22.3400673502011,0.0543478260869573,0.0634057971014498,0.122399684511488,22.6506950827371,20.5049715839299,21.5778333333335,0.328573749815389,48.4924280916937,21.2632000000001,21.4040027867742,0.970207388444733,1.60665430139551
"3777715","2015-03-13",22.4126527830881,0,0.0634057971014498,0.0732401656314725,22.6124002683326,20.5792663983345,21.5958333333335,0.182345888353071,44.1517954104168,21.2816000000001,21.323469081871,0.66778409417112,1.41888025995063
"3777714","2015-03-16",22.4800535421974,0.0980392156862742,0.0507956805910774,0.0592024249313276,22.5942527824643,20.6200805508695,21.6071666666669,0.224525892609585,47.5241410920994,21.3016000000001,21.2803398709549,0.497785510110327,1.23466130998257
"3777713","2015-03-17",22.7450567183665,0.0490196078431362,0.0490196078431371,0.05440702851189,22.5909583961085,20.6273749372252,21.6091666666669,0.177884840015966,46.0275758327903,21.3188000000001,21.2296278881609,0.321205047275686,1.0519700574412
"3777712","2015-03-18",23.2123613166409,0,0.0490196078431371,0.0496116320924525,22.6011662077981,20.603500458869,21.6023333333335,0.158434683730595,44.3722988328411,21.3288000000001,21.1710108364061,0.137510119339757,0.869078069820908
"3777711","2015-03-19",23.8263787986004,0,0.0163398692810457,0.0381263616557752,22.6212806777912,20.5533859888758,21.5873333333335,0.143437677321826,43.0094399978429,21.3464000000001,21.108209391552,-0.0423482071223558,0.686792814432255
"3777710","2015-03-20",24.3168811590322,0.151724137931036,0.050574712643679,0.0386447299226225,22.6299474414362,20.5053858918976,21.5676666666669,0.234376566564481,47.272677411855,21.3632000000001,21.0831148060117,-0.0997799080079909,0.529478269944206
"3777709","2015-03-23",24.7723476365761,0.158620689655173,0.10344827586207,0.0567876192622668,22.6159729377416,20.4430270622588,21.5295000000002,0.254787572324998,47.4650516470774,21.3712000000001,21.0626994985435,-0.139906542815582,0.395601307392248
"3777708","2015-03-24",24.9717606580968,0.255172413793104,0.188505747126438,0.114176245210731,22.5636876124443,20.4059790542228,21.4848333333335,0.324736911189447,50.2042063720444,21.3788000000001,21.0636728987377,-0.116692421953846,0.29314256152303
"3777707","2015-03-25",25.3372016967268,0.215827338129497,0.209873480525925,0.167275834504813,22.4554227827021,20.3945772172983,21.4250000000002,0.327740609990523,48.8332041341478,21.3780000000001,21.055183178906,-0.123712810950749,0.209771487028274
"3777706","2015-03-26",26.2457412091187,0.0576923076923099,0.176230686538304,0.191536638063558,22.2886404834209,20.4076928499128,21.3481666666669,0.265277888583879,44.3602922633293,21.3644000000001,21.0158254217185,-0.218917922194861,0.124033605183647
"3777705","2015-03-27",27.089385042054,0.277227722772278,0.183582456198028,0.189895541087421,21.9854775778662,20.5471890888009,21.2663333333335,0.349589748525268,48.9741236123628,21.3552000000001,21.0110486988227,-0.207537166579863,0.0577194508309449
"3777704","2015-03-30",27.3094225556096,0.336633663366336,0.223851231276975,0.194554791337771,21.9031444950474,20.558855504953,21.2310000000002,0.422387720123925,50.1873170765851,21.3292000000001,21.014908872313,-0.173461815290488,0.0114831976066584
"3777703","2015-03-31",26.7064644012242,0.68831168831169,0.434057691483435,0.280497126319481,21.8252561846461,20.5867438153543,21.2060000000002,0.5839717087842,53.9233247337685,21.3024000000001,21.043587689338,-0.0726856496642392,-0.0053505718475211
"3777702","2015-04-01",26.2713272799765,0.636363636363639,0.553769662680555,0.403892861813657,21.7674105453313,20.6045894546691,21.1860000000002,0.580837887061608,53.0217270904017,21.2620000000001,21.0631093307596,-0.00815011626391637,-0.00591048073080016
"3777701","2015-04-02",25.6246408760054,0.777777777777774,0.700817700817701,0.562881684993899,21.6486944057613,20.6713055942391,21.1600000000002,0.735320884880597,55.8068465414392,21.2232000000001,21.098694753325,0.0954165994222933,0.0143549352998185
"3777700","2015-04-06",24.9736654366132,0.841463414634148,0.751868276258521,0.668818546585594,21.5026891731642,20.7683108268362,21.1355000000002,0.905558435678729,56.9838723618377,21.1744000000001,21.1375354528816,0.19795518451422,0.0510749851426989
"3777699","2015-04-07",23.455248923553,0.811881188118811,0.810374126843578,0.754353367973268,21.5391980425104,20.74680195749,21.1430000000002,1.05569852206153,59.5007099598338,21.1652000000001,21.1885307258307,0.324783894740932,0.105816767062346
"3777698","2015-04-08",21.8658651239659,0.825688073394497,0.826344225382485,0.796195542828196,21.6204414648585,20.7088918684752,21.1646666666669,1.04705379569579,61.0124634968846,21.1584000000001,21.24339329572,0.450138126580502,0.174681038965977
"3777697","2015-04-09",20.390008738635,0.834951456310681,0.824173572607997,0.820297308278022,21.6763493973315,20.6803172693356,21.1783333333335,1.0003185332343,61.4003826958418,21.1612000000001,21.2936075229573,0.550302510246503,0.249805333222082
"3777696","2015-04-10",18.9456594372739,0.815533980582526,0.825391170095902,0.82530298936213,21.7399246935395,20.6610753064609,21.2005000000002,0.919737304165636,60.7494404686521,21.1536000000001,21.3344598532297,0.614683714726172,0.3227810095229
"3777695","2015-04-13",18.8153518212251,0.543689320388349,0.731391585760519,0.793652109488141,21.7558718977087,20.6897947689584,21.2228333333335,0.663058871300356,52.3774547823407,21.1328000000001,21.3325318727991,0.553342627971887,0.368893333212697
"3777694","2015-04-14",18.4297997977586,0.718446601941748,0.692556634304208,0.749779796720211,21.7904979326149,20.7021687340521,21.2463333333335,0.763706974304097,56.5252948045283,21.1416000000001,21.3548609564258,0.566219542330959,0.40835857503635
"3777693","2015-04-15",18.0717872045397,0.718446601941748,0.660194174757282,0.694714131607338,21.8172560802178,20.7310772531159,21.2741666666669,0.738604049535725,56.5252948045283,21.1616000000001,21.3742128289024,0.569769698208145,0.440640799670709
"3777692","2015-04-16",17.2837050854957,0.597826086956524,0.67823976361334,0.676996857558278,21.8523451060587,20.7693215606083,21.3108333333335,0.816244278749605,57.2450974397427,21.1728000000001,21.3949844517154,0.577169636111852,0.467946566958937
"3777691","2015-04-17",16.406238469321,0.534883720930234,0.617052136609502,0.651828691660043,21.8630933291811,20.8355733374859,21.3493333333335,0.763417421416716,56.2422743055686,21.1888000000001,21.40898652482,0.56514201963378,0.487385657493906
"3777690","2015-04-20",15.7721555797042,0.71830985915493,0.617006555680563,0.63743281863447,21.9061644173047,20.8688355826957,21.3875000000002,0.865522150755043,61.1308716859588,21.2248000000001,21.4477883215107,0.623625886231127,0.51463370324135
"3777689","2015-04-21",15.1833643250601,0.71830985915493,0.657167813080031,0.630408835123367,21.93124160906,20.917425057607,21.4243333333335,0.80478886891022,61.1308716859588,21.2528000000001,21.4814165453093,0.662108746639478,0.544128711920976
"3777688","2015-04-22",14.9290765524298,0.568965517241378,0.668528411850413,0.647567593537004,21.9554953102235,20.9545046897769,21.4550000000002,0.764737745376231,59.2128441980617,21.2828000000001,21.503894339268,0.665999673175244,0.568502904171829
"3777687","2015-04-23",14.6929521921303,0.586206896551726,0.624494090982678,0.650063438637709,21.9687688799507,21.0068977867163,21.4878333333335,0.748300770251898,59.4866277238845,21.3176000000001,21.5247084273656,0.665069621820491,0.587816247701562
"3777686","2015-04-24",14.4736938575665,0.603448275862073,0.586206896551726,0.626409799794941,21.9397288913899,21.1182711086105,21.5290000000002,0.744686950703325,59.7773905063533,21.3564000000001,21.5440806370502,0.66038052542341,0.602329103245931
"3777685","2015-04-27",14.2700968326144,0.724137931034482,0.63793103448276,0.616210674005723,21.9256073031583,21.2050593635087,21.5653333333335,0.793295312780865,61.8418684427839,21.3892000000001,21.5702032187769,0.674985069653489,0.616860296527443
"3777684","2015-04-28",14.3795130693105,0.741379310344829,0.689655172413795,0.637931034482762,21.9117164139531,21.2862835860473,21.5990000000002,0.821377438202031,62.140817971508,21.4220000000001,21.5941761229399,0.682306739735106,0.629949585168976
"3777683","2015-04-29",14.6011616650407,0.78333333333333,0.749616858237547,0.692401021711369,21.9240495868881,21.3262837464456,21.6251666666669,0.84824115495185,63.3767988422477,21.4508000000001,21.6202859732146,0.694913724725588,0.642942413080298
"3777682","2015-04-30",14.8069782182186,0.816666666666662,0.78045977011494,0.739910600255429,21.9201154556868,21.3858845443136,21.6530000000002,0.843796404806255,64.0094777541095,21.4832000000001,21.645581176786,0.704116724701453,0.655177275404529
"3777681","2015-05-01",15.1958968105608,0.738095238095232,0.779365079365075,0.769813902572523,21.9266973956816,21.4249692709855,21.6758333333335,0.840489848833183,64.0094777541095,21.5252000000001,21.6675036865479,0.703187308417585,0.66477928200714
"3777680","2015-05-04",16.9551139449756,0.594202898550724,0.716321601104206,0.758715483528076,21.9677223569806,21.4409443096864,21.7043333333335,1.0676014813746,67.2865963619359,21.5624000000001,21.6998365283415,0.731102941381656,0.678044013882044
"3777679","2015-05-05",18.5886727126464,0.710144927536228,0.680814354727395,0.72550034506556,22.0263837946153,21.4296162053851,21.7280000000002,1.05074483366376,69.6662044532718,21.6004000000001,21.7385249912293,0.773809367800515,0.697197084665738
"3777678","2015-05-06",20.1055487111978,0.710144927536228,0.67149758454106,0.689544513457556,22.069766385112,21.4225669482217,21.7461666666669,0.933405815906735,69.6662044532718,21.6308000000001,21.7720549923987,0.798209483710566,0.717399564474704
"3777677","2015-05-07",23.090228514901,0.437500000000001,0.619263285024153,0.657191741430871,22.1637204920598,21.3859461746072,21.7748333333335,1.11093128945522,72.0261466477554,21.6660000000001,21.8117809934122,0.837281464331108,0.741375944445984
"3777676","2015-05-08",25.861716904054,0.59375,0.58046497584541,0.62374194847021,22.2571897867446,21.3584768799224,21.8078333333335,1.06247105851324,75.8240515532457,21.7016000000001,21.8662101942906,0.912793701320713,0.77565949582093
"3777675","2015-05-11",29.2248544292905,0.664179104477612,0.565143034825871,0.58829043189848,22.4265993693475,21.3184006306529,21.8725000000002,1.2376835683487,81.5720053917819,21.7476000000001,21.9560488350518,1.07735037791994,0.835997672240732
"3777674","2015-05-12",32.3477678455816,0.751879699248121,0.669936267908578,0.605181426193289,22.5808843429856,21.2847823236814,21.9328333333335,1.12276476283849,83.1863888574451,21.7932000000001,22.0499089903783,1.23625282604625,0.916048703001835
"3777673","2015-05-13",32.3815861791116,0.416666666666666,0.6109084901308,0.615329264288419,22.6274637485649,21.3248695847688,21.9761666666668,0.825376349067926,61.8060081909332,21.8180000000001,22.0725877916612,1.1868737950526,0.970213721411988
"3777672","2015-05-14",32.4129889173895,0.568000000000001,0.578848788638263,0.619897848892549,22.7000879504488,21.3419120495516,22.0210000000002,0.889492995458382,66.6336176201522,21.8512000000001,22.1229094194397,1.21743769920302,1.01965851697019
"3777671","2015-05-15",32.5845157181539,0.596774193548387,0.527146953405018,0.572301410724696,22.7661144791809,21.3732188541528,22.0696666666669,0.875955424984512,67.4052345974625,21.8868000000001,22.1718548301811,1.2414713600023,1.06402108557662
"3777670","2015-05-18",31.1515911103673,0.325000000000001,0.496591397849463,0.534195713297583,22.7873690811998,21.4072975854673,22.0973333333335,0.661344297998342,56.5001584255904,21.9212000000001,22.1729408528236,1.13446862742814,1.07811059394692
"3777669","2015-05-19",29.0678869884689,0.161016949152543,0.36093038090031,0.461556244051599,22.7847850488651,21.4455482844686,22.1151666666669,0.481208202062618,51.3094359038723,21.9412000000001,22.1498820724471,0.972977583736978,1.05708399190493
"3777668","2015-05-20",27.5046960398305,0.161016949152543,0.215677966101696,0.357733248283825,22.7799603572784,21.4907063093887,22.1353333333335,0.490692292167069,51.3094359038723,21.9612000000001,22.1298977961208,0.835379291258231,1.01274305177559
"3777667","2015-05-21",26.0531615875234,0.175925925925927,0.165986608077005,0.247531651693006,22.7754223794145,21.5415776205859,22.1585000000002,0.525529954051695,54.0305355973854,21.9840000000001,22.1259114233047,0.754118658591452,0.961018173138764
"3777666","2015-05-22",25.3334601134961,0.130000000000003,0.155647625026158,0.179104066401622,22.770766354635,21.5992336453653,22.1850000000002,0.564018699099381,54.5772838785439,22.0088000000001,22.1251232335308,0.689078855605096,0.906630309632031
"3777665","2015-05-26",24.840029221578,0.400000000000002,0.235308641975311,0.18564762502616,22.784607244964,21.6533927550364,22.2190000000002,0.710098676053637,61.2737000881589,22.0364000000001,22.1604401357267,0.727518436053409,0.870807934916306
"3777664","2015-05-27",24.1244991693641,0.343434343434344,0.291144781144783,0.227367016048753,22.787620270782,21.7123797292183,22.2500000000002,0.658104157561422,59.5236525908739,22.0620000000001,22.1843814509631,0.731167623105322,0.84287987255411
"3777663","2015-05-28",23.5387800767683,0.414141414141415,0.385858585858587,0.304104002992896,22.7920910594091,21.7719089405913,22.2820000000002,0.687548213014035,61.1946657758198,22.0924000000001,22.214463924168,0.75071561230291,0.82444702050387
"3777662","2015-05-29",22.3800266087164,0.0505050505050513,0.26936026936027,0.315454545454549,22.770265588604,21.8334010780631,22.3018333333335,0.426883771100867,49.806501076124,22.1080000000001,22.1925354009456,0.628100792975017,0.785177774998099
"3777661","2015-06-01",21.3040412455253,0.266666666666665,0.243771043771044,0.299663299663302,22.743480142501,21.904186524166,22.3238333333335,0.455716729098231,54.6077844261269,22.1308000000001,22.1988640141529,0.593177021811409,0.746777624360761
"3777660","2015-06-02",20.8538836820926,0.125000000000002,0.147390572390573,0.220173961840631,22.7312721755302,21.9373944911368,22.3343333333335,0.347583573163863,50.7552217435999,22.1452000000001,22.1856821455992,0.50872859883575,0.699167819255759
"3777659","2015-06-03",19.8518207460174,0.4,0.263888888888889,0.218350168350171,22.7280957160318,21.9749042839686,22.3515000000002,0.564392660265617,56.0075583645272,22.1680000000001,22.2035911928526,0.515860496003206,0.662506354605249
"3777658","2015-06-04",18.6854168086361,0.6,0.375000000000001,0.262093153759823,22.7286961513997,22.0239705152673,22.3763333333335,0.708591815683855,59.3991926784043,22.1956000000001,22.2404457004723,0.572910546792427,0.644587193042684
"3777657","2015-06-05",17.3832604876437,0.746268656716416,0.582089552238806,0.406992813709234,22.7473787849748,22.0359545483589,22.3916666666669,0.731929124012841,59.8162313372215,22.2232000000001,22.2750529404093,0.618033814920382,0.639276517418224
"3777656","2015-06-08",16.3182330341301,0.828571428571427,0.724946695095948,0.560678749111587,22.7741384843173,22.0398615156831,22.4070000000002,0.790081276001343,61.5189137248704,22.2540000000001,22.3157125483547,0.67474866852959,0.646370947640497
"3777655","2015-06-09",15.8886693227418,0.792682926829266,0.78917433737237,0.698736861569043,22.7776036824843,22.0380629841827,22.4078333333335,0.904079632154703,62.9963876918312,22.2836000000001,22.3602842085741,0.736210100439161,0.66433877820023
"3777654","2015-06-10",16.3319240507998,0.744897959183674,0.788717438194789,0.767612823554371,22.8089773551879,22.0190226448124,22.4140000000002,1.06880898035225,65.6352441805098,22.3152000000001,22.4162463140975,0.821927341792272,0.695856490918638
"3777653","2015-06-11",16.3505600984011,0.673469387755102,0.737016757922681,0.771636177829948,22.8573997854864,22.0079335478473,22.4326666666669,0.901036146666938,63.0287905981848,22.3440000000001,22.4554134722179,0.854436324254415,0.727572457585794
"3777652","2015-06-12",16.7177292438637,0.714285714285713,0.710884353741496,0.745539516619657,22.9032140963558,21.9901192369779,22.4466666666669,0.919817644789224,63.9107277722739,22.3712000000001,22.4946916759222,0.884103684977622,0.758878703064159
"3777651","2015-06-15",15.7792048762728,0.336734693877549,0.574829931972788,0.674243681212324,22.8959405160849,21.9900594839154,22.4430000000002,0.58500012392953,51.6396274245622,22.3776000000001,22.4793994524659,0.765970392125248,0.760297040876377
"3777650","2015-06-16",14.9077179635098,0.357142857142855,0.469387755102039,0.585034013605443,22.9031975069629,22.0024691597041,22.4528333333335,0.57086857377967,52.1741735464659,22.3720000000001,22.4688128588038,0.671797831608401,0.742597199022782
"3777649","2015-06-17",13.866711429215,0.581632653061225,0.42517006802721,0.489795918367347,22.9105134615766,22.0541532050905,22.4823333333335,0.730821859339402,57.7114443764509,22.3704000000001,22.4889711442966,0.668432426669274,0.72776424455208
"3777648","2015-06-18",13.1770530467847,0.494623655913976,0.477799722039352,0.457452515056202,22.9079970473701,22.1083362859636,22.5081666666668,0.664861575927851,55.8134902281354,22.3840000000001,22.4984416583904,0.636839147240131,0.709579225089691
"3777647","2015-06-19",12.3343727032101,0.623655913978493,0.566637407651231,0.489869065905933,22.9184863343947,22.1521803322723,22.5353333333335,0.758382420927687,58.7363381384182,22.3932000000001,22.5226494372717,0.647306360330946,0.697124652137942
"3777646","2015-06-22",11.7552190313374,0.647887323943662,0.588722297945377,0.544386475878655,22.9449912586413,22.1823420746924,22.5636666666669,0.844850562401536,61.0486302156583,22.4048000000001,22.5569628456354,0.683386833653898,0.694377088441133
"3777645","2015-06-23",11.5562275665549,0.523076923076921,0.598206720333026,0.584522141976547,22.9737695985056,22.1888970681614,22.5813333333335,0.791342425458825,58.915390694546,22.4264000000001,22.578701132884,0.682500740220027,0.692001818796912
"3777644","2015-06-24",10.9773445383407,0.415384615384613,0.528782954135066,0.571903990804492,22.9878371729051,22.2064961604286,22.5971666666669,0.678539200902388,56.4376049752542,22.4524000000001,22.5882076484995,0.649238049084344,0.683449064854398
"3777643","2015-06-25",10.673306655616,0.200000000000003,0.37948717948718,0.502158951318426,22.9887953808757,22.2152046191246,22.6020000000002,0.458634459481205,51.749910824609,22.4728000000001,22.5777799620329,0.566327181775295,0.660024688238578
"3777642","2015-06-26",11.9087561602985,0,0.205128205128206,0.371132779583486,22.9856234906643,22.2207098426694,22.6031666666668,0.0470076904648419,41.427128319,22.4736000000001,22.5167426337619,0.356918005582574,0.599403351707377
"3777641","2015-06-29",13.0559592717894,0,0.0666666666666682,0.21709401709402,22.9928347133736,22.2078319532935,22.6003333333335,0.0282394506539832,41.427128319,22.4736000000001,22.4638436159269,0.188476522766479,0.517217985919197
"3777640","2015-06-30",16.6795381832295,0,4.44089209850063e-16,0.0905982905982934,23.216642997977,21.8963570020234,22.5565000000002,-0.423915982652302,22.2003953314025,22.4044000000001,22.2233311338033,-0.468220766348559,0.320130235465646
"3777639","2015-07-01",20.0442900295667,0.11587982832618,0.0386266094420605,0.0350977587029116,23.4190361318189,21.5592972015148,22.4891666666669,-0.272061771648066,28.7830299547752,22.3480000000001,22.0508869826296,-0.885600022425348,0.0789841838874472
"3777638","2015-07-02",21.4365229166102,0.218884120171675,0.111587982832619,0.0500715307582284,23.482614842886,21.3793851571144,22.4310000000002,-0.00921685218000724,34.119015006064,22.2984000000001,21.9334353849456,-1.11835001481355,-0.160482655852753
"3777637","2015-07-06",21.4127136328743,0.274678111587983,0.203147353361946,0.11778731521221,23.494213142457,21.2707868575434,22.3825000000002,0.142068937147397,36.8778741179759,22.2684000000001,21.8489773336195,-1.24206810722378,-0.376799746126958
"3777636","2015-07-07",21.663082825276,0.210300429184549,0.234620886981403,0.183118741058658,23.5140166619063,21.1216500047607,22.3178333333335,0.0856961708998972,35.0538213492145,22.2248000000001,21.7557803558036,-1.38090073061886,-0.577619943025339
"3777635","2015-07-08",23.4351532248569,0,0.161659513590844,0.1998092513114,23.6371957433545,20.7721375899792,22.2046666666668,-0.114763554191217,24.8268914436396,22.1404000000001,21.5203429750298,-1.90470704088843,-0.843037362597957
"3777634","2015-07-09",25.0806471673248,0.19,0.13343347639485,0.176571292322368,23.6346845437084,20.5596487896253,22.0971666666668,0.0499781322880331,34.8805109452615,22.0700000000001,21.3922972450258,-2.08687253781658,-1.09180439764168
"3777633","2015-07-10",25.4592334937649,0.376666666666668,0.18888888888889,0.161327292958197,23.5689021201413,20.471097879859,22.0200000000002,0.24498065767765,42.9527253909834,22.0156000000001,21.355990945689,-1.99808564187122,-1.27306064648759
"3777632","2015-07-13",24.6845448517881,0.323333333333334,0.296666666666668,0.206329677316804,23.4762128938208,20.4097871061796,21.9430000000002,0.287048490580791,41.374632740124,21.9540000000001,21.3031921529305,-1.9660508935115,-1.41165869589237
"3777631","2015-07-14",24.579491485164,0.184931506849316,0.294977168949773,0.260177574835112,23.4542350990249,20.2474315676421,21.8508333333335,0.133851386536125,37.3979352636132,21.8720000000001,21.2000998658731,-2.08102478366878,-1.54553191344765
"3777630","2015-07-15",25.5241388702377,0,0.169421613394217,0.253688483003554,23.5008013117657,19.9398653549014,21.7203333333335,-0.0093230231143922,30.5572212179507,21.7500000000001,20.98675321709,-2.50247129173458,-1.73691978910504
"3777629","2015-07-16",27.1356569300108,0,0.0616438356164391,0.175347539320145,23.6096168860021,19.4670497806649,21.5383333333335,-0.103088198647328,25.6646855279532,21.5868000000001,20.6818527881447,-3.1580201338034,-2.02113985804471
"3777628","2015-07-17",28.9289493945811,0,4.90348502542778e-16,0.0770218163368875,23.7105507454476,18.9591159212194,21.3348333333335,-0.0818944036094609,23.6694119017941,21.4088000000001,20.3589390830587,-3.82193141360485,-2.38129816915674
"3777627","2015-07-20",30.2236570620681,0.0496613995485325,0.0165537998495113,0.0260658784886522,23.6678425474535,18.6061574525469,21.1370000000002,0.0336862548583626,26.7363821525961,21.2380000000001,20.1084138719842,-4.2266538658155,-2.75036930848849
"3777626","2015-07-21",31.1344483093006,0.207692307692307,0.0857845690802805,0.034112789643266,23.4944882453105,18.4185117546899,20.9565000000002,0.157241648666346,34.3542209118401,21.1056000000001,19.969958689053,-4.26899440875619,-3.05409432854203
"3777625","2015-07-22",32.1865091528196,0.143589743589743,0.133647816943528,0.0786620619577752,23.2908186733574,18.241181326643,20.7660000000002,0.1502719148437,32.7980266485777,20.9624000000001,19.8166308638459,-4.35836867872018,-3.31494919857766
"3777624","2015-07-23",33.0509791128595,0.179487179487179,0.176923076923077,0.132118487648964,23.0372049436362,18.1321283896975,20.5846666666669,0.199359092472738,34.5850628274928,20.8160000000001,19.7024134153331,-4.32660403513144,-3.51728016588842
"3777623","2015-07-24",33.8903605481433,0.178861788617886,0.16731290389827,0.15929459925496,22.7678408201857,18.0521591798146,20.4100000000002,0.217255439400573,34.3043789168534,20.6704000000001,19.5980916266221,-4.27175457687404,-3.66817504808554
"3777622","2015-07-27",34.6697861666211,0.200542005420054,0.18629699117504,0.176844323998798,22.5168904488564,17.984109551144,20.2505000000002,0.238828467546056,35.4330155241033,20.5232000000001,19.5183460764058,-4.14995554055517,-3.76453114657947
"3777621","2015-07-28",35.5839656033151,0.149051490514904,0.176151761517615,0.176587218863644,22.2289426448055,17.9413906885282,20.0851666666669,0.229021748265349,33.9416011227439,20.3644000000001,19.423899932885,-4.08716206537245,-3.82905733033807
"3777620","2015-07-29",36.2347886937502,0.146341463414634,0.165311653116531,0.175920135269731,22.0836737739195,17.8469928927475,19.9653333333335,0.25798664990556,33.8608183509861,20.2076000000001,19.340713275167,-3.99783239197214,-3.86281234266488
"3777619","2015-07-30",36.8391244205828,0.146341463414634,0.147244805781391,0.162902740138515,21.9636966369249,17.7493033630755,19.8565000000002,0.267503109068283,33.8608183509861,20.0536000000001,19.2686181718114,-3.88419907116105,-3.86708968836412
"3777618","2015-07-31",36.8804685017517,0.261992619926199,0.184891848918489,0.165816102605473,21.7572227082091,17.7244439584579,19.7408333333335,0.327868893945722,36.8252943600526,19.9120000000001,19.2288024155699,-3.68176453690495,-3.83002465807228
"3777617","2015-08-03",37.043469120955,0.27433628318584,0.227556788842225,0.186564481180704,21.4643125073639,17.7510208259698,19.6076666666669,0.315707089006112,35.9076912502748,19.7824000000001,19.1822954268272,-3.51931555405763,-3.76788283726935
"3777616","2015-08-04",37.2939761914262,0.376712328767122,0.304347077293054,0.238931905017925,21.1887065588621,17.7829601078049,19.4858333333335,0.32505058967365,35.1735741096196,19.6500000000001,19.1326560365836,-3.38194968910598,-3.69069620763668
"3777615","2015-08-05",36.8680213938186,0.528,0.393016203984321,0.308306690039869,21.0698562649501,17.7604770683836,19.4151666666669,0.383613619416452,37.3414651290232,19.5804000000001,19.1043018983725,-3.19066512758494,-3.59068999162633
"3777614","2015-08-06",36.4724919388972,0.485436893203883,0.463383073990336,0.386915451755905,20.8811781333628,17.7828218666376,19.3320000000002,0.408983998054477,38.5486125466797,19.5024000000001,19.0877283119228,-2.97973231222668,-3.4684984557464
"3777613","2015-08-07",36.4195407885648,0,0.337812297734628,0.39807052523643,20.504956499031,17.9220435009694,19.2135000000002,0.363139021614169,36.2898470267219,19.4076000000001,19.0493645369998,-2.85607934940476,-3.34601463447807
"3777612","2015-08-10",35.679890222247,0.163934426229505,0.216457106477796,0.339217492734255,19.9718432429293,18.2254900904045,19.0986666666669,0.439683830168465,38.4476856553032,19.3116000000001,19.0294492653998,-2.68527471424036,-3.21386665043053
"3777611","2015-08-11",34.9930718392377,0.180327868852458,0.114754098360655,0.223007834191028,19.5022695066368,18.5257304933636,19.0140000000002,0.468596578068022,38.671381635392,19.2220000000001,19.0135226966798,-2.51689064827807,-3.07447145000004
"3777610","2015-08-12",35.9097733929638,0,0.114754098360655,0.148655101066371,19.3665730290627,18.4870936376043,18.9268333333335,-0.368127220962087,27.7155861280386,19.1384000000001,18.8650530037892,-2.78225246770336,-3.0160276535407
"3777609","2015-08-13",36.7279606466236,0.385185185185187,0.188504351345882,0.139337516022399,19.3719152451221,18.4290847548783,18.9005000000002,0.089357078845907,37.5285942968622,19.0528000000001,18.805712603284,-2.74182939311548,-2.96118800145566
"3777608","2015-08-14",37.9342295600361,0.0888888888888895,0.158024691358026,0.153761047021523,19.4257918056303,18.3388748610368,18.8823333333335,-0.121635967704559,33.7347749662013,18.9288000000001,18.7009509228461,-2.85051717353085,-2.9390538358707
"3777607","2015-08-17",39.0543364082049,0.192592592592594,0.222222222222224,0.189583754975379,19.4601676806778,18.2548323193226,18.8575000000002,0.0208802309169147,36.1670462716759,18.8168000000001,18.6288241331333,-2.8457551008543,-2.92039408886742
"3777606","2015-08-18",40.2153536480487,0.111111111111113,0.130864197530866,0.170370370370374,19.4511310067664,18.1612023265673,18.8061666666669,0.0223250121302904,35.0776006656349,18.7176000000001,18.5516475820488,-2.85838217157673,-2.90799170540928
"3777605","2015-08-19",41.9961629497924,0,0.101234567901236,0.15144032921811,19.5652254999231,17.9051078334106,18.7351666666669,-0.195834211013265,28.4495353802429,18.6240000000001,18.3794279044423,-3.17969207469941,-2.96233177926731
"3777604","2015-08-20",44.0024511028848,0,0.0370370370370381,0.0897119341563817,19.7401136873404,17.5165529793267,18.6283333333335,-0.244301693241659,24.9192333932154,18.5444000000001,18.1568375171834,-3.64312401514927,-3.0984902264437
"3777603","2015-08-21",46.2170282225856,0,5.45859653774035e-16,0.0460905349794267,19.9786595365749,16.9983404634255,18.4885000000002,-0.241028039546933,21.2528764854164,18.4540000000001,17.8692591815589,-4.29192571937531,-3.33717732503002
"3777602","2015-08-24",49.0729491472872,0,5.45859653774035e-16,0.0123456790123482,20.7489774654935,15.6950225345069,18.2220000000002,-0.387489776735677,12.3184602174735,18.2248000000001,17.1866912906844,-6.26414381224358,-3.92257062247273
"3777601","2015-08-25",50.3609563569326,0.369565217391304,0.123188405797102,0.0410628019323695,20.8064683826169,15.3031982840502,18.0548333333335,0.0502976795599933,34.1499303794626,18.0672000000001,16.9124657852598,-6.69083807119159,-4.4762241122165
"3777600","2015-08-26",51.5569630516033,0.471228615863141,0.280264611084816,0.134484338960641,20.7655407961932,15.0514592038072,17.9085000000002,0.168333985781342,38.6431625936293,17.9456000000001,16.7614703472252,-6.65642456598934,-4.91226420297107
"3777599","2015-08-27",51.5330232557413,0.581648522550544,0.474147451934997,0.29253348960564,20.6663579901244,14.9343086765426,17.8003333333335,0.310364506560575,43.2021092334161,17.8468000000001,16.7252743009285,-6.22014595519145,-5.17384055341515
"3777598","2015-08-28",51.2878562787788,0.666144200626959,0.573007113013549,0.442473058677789,20.5249897629551,14.8810102370453,17.7030000000002,0.393160491239913,46.2892690748736,17.7700000000001,16.761904394138,-5.5644779514887,-5.25196803302986
"3777597","2015-08-31",50.2248817373704,0.764705882352941,0.670832868510149,0.572662477819567,20.3975818260994,14.8640848405677,17.6308333333335,0.472741770036578,48.0770807606612,17.7020000000001,16.8336504749196,-4.84412825164028,-5.17040007675194
"3777596","2015-09-01",49.5196308657159,0.694117647058823,0.708322576679575,0.650720852734426,20.2550180223865,14.8296486442806,17.5423333333335,0.422155837897811,45.7796325479307,17.6248000000001,16.839830411597,-4.42280543401393,-5.02088114820434
"3777595","2015-09-02",48.817141864285,0.713550600343053,0.724124709918273,0.701093385036001,20.0773005999401,14.8193660667269,17.4483333333335,0.443260356048744,45.9782115148729,17.5492000000001,16.8491863567174,-4.02794149236875,-4.82229321703722
"3777594","2015-09-03",47.9322321474589,0.766031195840555,0.724566481080811,0.719004589226221,19.8884975294366,14.8401691372304,17.3643333333335,0.501122483766156,47.7637911210915,17.4840000000001,16.8919615091551,-3.54957728291173,-4.56775003021212
"3777593","2015-09-04",47.1186585625036,0.770979020979021,0.75018693905421,0.732959376684433,19.7139277919516,14.8557388747155,17.2848333333335,0.496946735998491,47.6984891609721,17.4116000000001,16.9276999746011,-3.13872744102504,-4.28194551237471
"3777592","2015-09-08",46.251679428681,0.819012797074955,0.78534100463151,0.753364808255512,19.5019559416072,14.9020440583932,17.2020000000002,0.529275923123202,48.2320343995215,17.3456000000001,16.9680066446543,-2.74791669993207,-3.97513974988618
"3777591","2015-09-09",44.9940279856661,0.901768172888016,0.830586663647331,0.788704869111019,19.2835930579493,14.9710736087178,17.1273333333335,0.584096239086203,49.1105790760454,17.2868000000001,17.0176057587004,-2.35868024067369,-3.65184784804368
"3777590","2015-09-10",43.6926884202786,0.931506849315069,0.884095939759347,0.833341202679398,19.2175223060812,14.9834776939192,17.1005000000002,0.624270458831517,50.5084739682843,17.2304000000001,17.083258324207,-1.94741786045753,-3.31096185052645
"3777589","2015-09-11",43.2267183154362,0.786692759295499,0.873322593832861,0.862668399079848,19.0385152635935,15.0074847364068,17.0230000000002,0.485198160553625,44.7464733184761,17.1420000000001,17.041490547646,-1.94815103802093,-3.03839968802535
"3777588","2015-09-14",43.1206803008189,0.461538461538462,0.726579356716343,0.827999296769519,18.8915589352287,15.0021077314383,16.9468333333335,0.432252653088076,42.0910407339969,17.0456000000001,16.9546251412932,-2.10565494899261,-2.8518507402188
"3777587","2015-09-15",43.4600018293485,0.0192307692307697,0.422487330021577,0.674129760190262,18.7161905846953,14.9544760819718,16.8353333333335,0.291229947736612,38.409024588072,16.9224000000001,16.8033417891208,-2.47724116959713,-2.77692882609447
"3777586","2015-09-16",43.5894585166729,0.117647058823529,0.19947209653092,0.449512927756282,18.5276542740983,14.9480123925688,16.7378333333335,0.360926497730881,40.7588759082089,16.8084000000001,16.7042295505714,-2.63100524095886,-2.74774410906735
"3777585","2015-09-17",43.7422767108706,0.0980392156862742,0.0783056812468577,0.233421702599787,18.4297202952771,14.90594637139,16.6678333333335,0.361559412189703,40.4816619656502,16.7332000000001,16.6129989438285,-2.74354711111647,-2.74690470947717
"3777584","2015-09-18",43.655541505921,0.161764705882352,0.125816993464052,0.134531590413945,18.3971488308169,14.8711845025168,16.6341666666669,0.40522687255093,41.8655298612486,16.6424000000001,16.551265751318,-2.74021932409712,-2.74556763240116
"3777583","2015-09-21",43.7156686694085,0.088235294117647,0.116013071895425,0.106711915535447,18.3966974723835,14.8619691942835,16.6293333333335,0.37382339888374,40.6899198833608,16.5616000000001,16.4777636511423,-2.78039028591499,-2.75253216310393
"3777582","2015-09-22",43.771501035504,0.122549019607843,0.124183006535948,0.122004357298477,17.9470469954028,15.557286337931,16.7521666666669,0.266155103614129,41.5152745124917,16.4780000000001,16.4233951643233,-2.74793322162208,-2.75161237480756
"3777581","2015-09-23",43.6618442309241,0.196078431372548,0.13562091503268,0.125272331154686,17.8779068947711,15.699759771896,16.7888333333335,0.281695187158639,43.3349959334632,16.4048000000001,16.3962758090802,-2.61922827723209,-2.72513555529246
"3777580","2015-09-24",43.6727333382306,0.147058823529412,0.155228758169935,0.138344226579523,17.8614515425887,15.7382151240783,16.7998333333335,0.233190333840625,42.3881051721963,16.3592000000001,16.3594390345362,-2.53772672295616,-2.6876537888252
"3777579","2015-09-25",43.6828446521581,0.186274509803921,0.176470588235294,0.155773420479305,17.8631125268195,15.6938874731809,16.7785000000002,0.273267724107952,43.4526117284353,16.3388000000001,16.338180496598,-2.4064732882123,-2.63141768870262
"3777578","2015-09-28",44.3599929062761,0,0.111111111111111,0.147603485838782,17.8619860766933,15.5696805899738,16.7158333333335,0.120832968510358,37.5659883990116,16.3216000000001,16.235756430385,-2.58547576688415,-2.62222930433893
"3777577","2015-09-29",45.2273670868296,0,0.0620915032679739,0.116557734204795,17.8223714335656,15.4112952331015,16.6168333333335,0.0367905281805094,35.3553706388854,16.4236000000001,16.1109889063336,-2.83303799386178,-2.6643910422435
"3777576","2015-09-30",45.969547762464,0.0536585365853656,0.0178861788617887,0.0636962644136265,17.8023607367765,15.2773059298906,16.5398333333335,0.119876237649964,36.9823960124822,16.4348000000001,16.0175237188225,-2.94423067781715,-2.72035896935823
"3777575","2015-10-01",46.3942894868648,0.111675126903553,0.0551112211629729,0.0450296344309137,17.7492084030283,15.1834582636387,16.4663333333335,0.193526925610693,38.6454014836528,16.4244000000001,15.9511872229795,-2.94545070809494,-2.76537731710557
"3777574","2015-10-02",46.7996560881701,0.161538461538461,0.108957375009127,0.0606515916779646,17.6404213354623,15.1192453312047,16.3798333333335,0.206552286677275,38.545814857216,16.3852000000001,15.8923622599156,-2.91948180107775,-2.79619821390001
"3777573","2015-10-05",45.6375952629941,0.446153846153846,0.239789144865287,0.134619247012464,17.5177652169676,15.1195681163661,16.3186666666669,0.386581465746925,44.2683862931364,16.3404000000001,15.8907139585935,-2.68095605283167,-2.77314978168634
"3777572","2015-10-06",43.5776297026914,0.69655172413793,0.434748010610079,0.261164843494833,17.3822032725329,15.1671300608008,16.2746666666669,0.582164327136387,50.0856241059798,16.3008000000001,15.9466187641143,-2.24788480364976,-2.66809678607902
"3777571","2015-10-07",40.5570728903107,0.717948717948718,0.620218096080165,0.431585083851845,17.2451554398484,15.2435112268186,16.2443333333335,0.81923755272801,54.7036777818943,16.2936000000001,16.0470695955658,-1.68887353299242,-2.4722521354617
"3777570","2015-10-08",37.7522701359573,0.77948717948718,0.731329207191276,0.595431771293842,17.0505773856486,15.3680892810184,16.2093333333335,0.92635269239588,56.0510366619526,16.2900000000001,16.1501269828237,-1.17361243868314,-2.21252419610599
"3777569","2015-10-09",35.081574890047,0.866666666666666,0.788034188034188,0.713193830435211,17.0711381433548,15.356195189979,16.2136666666669,0.987674141980553,57.958897959747,16.2828000000001,16.2621100517805,-0.674673613422438,-1.90495407956928
"3777568","2015-10-12",33.6742921076332,0.589743589743589,0.745299145299145,0.754887513508205,17.0760176022726,15.3543157310611,16.2151666666669,0.789345487157957,50.4648469485859,16.2544000000001,16.2871620448764,-0.541451824050421,-1.63225362846551
"3777567","2015-10-13",32.8978850920379,0.425641025641025,0.627350427350427,0.720227920227922,17.0904944422725,15.3711722243945,16.2308333333335,0.577065252005723,46.6181132644571,16.2104000000001,16.2662071055596,-0.587457541398106,-1.42329441105203
"3777566","2015-10-14",32.6256562228552,0.271794871794872,0.429059829059829,0.600569800569802,17.0858288166098,15.3638378500572,16.2248333333335,0.439120857559782,43.2868062164562,16.1500000000001,16.2080461581516,-0.764333269241835,-1.29150218268999
"3777565","2015-10-15",32.3728722728998,0.435897435897435,0.377777777777777,0.478062678062679,17.0935331392727,15.3701335273944,16.2318333333335,0.551158574052587,47.5890536066804,16.0956000000001,16.2003066703981,-0.737402153929023,-1.1806821769378
"3777564","2015-10-16",32.2624970370624,0.394871794871795,0.367521367521367,0.391452991452993,17.0877664447714,15.365233555229,16.2265000000002,0.480745408770878,46.6365591273645,16.0676000000001,16.1829324476783,-0.747350389230617,-1.09401581939636
"3777563","2015-10-19",32.1600057466419,0.364130434782608,0.398299888517279,0.38119967793881,17.0884633402947,15.3662033263724,16.2273333333335,0.484129380515966,46.7799512729708,16.0552000000001,16.1692081213212,-0.741825052158163,-1.02357766594872
"3777562","2015-10-20",31.2733477122663,0.373563218390805,0.377521816015069,0.38111435735124,17.0970107588559,15.3723225744778,16.2346666666669,0.56107384180354,47.9841330474706,16.0688000000001,16.1679803718117,-0.689658537277404,-0.956793840214457
"3777561","2015-10-21",30.5097249264342,0.356321839080459,0.364671830751291,0.380164511761215,17.0965606815428,15.3721059851242,16.2343333333335,0.541945626918101,47.5496428405537,16.0716000000001,16.1629163222368,-0.655735642650568,-0.896582200701679
"3777560","2015-10-22",29.7051131018671,0.366197183098593,0.365360746856619,0.369184797874328,17.1138166281036,15.3778500385634,16.2458333333335,0.62529042972965,51.0500660836223,16.0848000000001,16.1878608126053,-0.513231526217151,-0.819912065804774
"3777559","2015-10-23",28.0491239010462,0.408450704225352,0.376989908801468,0.369007495469794,17.1434943142262,15.3798390191075,16.2616666666669,0.69372644281007,51.9911039123465,16.0952000000001,16.2174793709246,-0.366286438329311,-0.729186940309681
"3777558","2015-10-26",26.5114196431411,0.535211267605634,0.436619718309859,0.392990124655984,17.1852255800849,15.4241077532488,16.3046666666669,0.728264113777107,54.798561270193,16.1188000000001,16.2671487881346,-0.158825525554529,-0.615114657358651
"3777557","2015-10-27",24.8112659466308,0.553191489361702,0.498951153730896,0.437520260280743,17.1925951747319,15.5464048252685,16.3695000000002,0.759488015347497,55.1126537605601,16.1404000000001,16.31286228305,0.0148879738780971,-0.489114131111301
"3777556","2015-10-28",23.2325517998712,0.695035460992908,0.594479405986748,0.510016759342503,17.2030147568029,15.6669852431975,16.4350000000002,0.796218266621613,58.2378200996018,16.1640000000001,16.3791473119767,0.247819135899752,-0.341727477709091
"3777555","2015-10-29",21.8859771165349,0.702127659574469,0.650118203309693,0.581182921009114,17.2077226561822,15.7852773438181,16.4965000000002,0.79069658875853,58.3937976058184,16.1920000000001,16.4379276703798,0.431499181165429,-0.187082145934187
"3777554","2015-10-30",20.789952384427,0.895522388059701,0.764228502875693,0.66960870405738,17.2032729012268,15.9323937654402,16.5678333333335,0.892510443587057,61.6343933723142,16.2252000000001,16.5168706476625,0.671137944048694,-0.0154381279376105
"3777553","2015-11-02",19.3522005729698,0.8,0.799216682544723,0.737854462910038,17.2300939038641,16.0009060961363,16.6155000000002,0.8128081791753,58.815335470612,16.2788000000001,16.5692878946408,0.792327300152085,0.146114957680329
"3777552","2015-11-03",19.6842081613629,0.572254335260115,0.755925574439939,0.77312358662012,17.3369678441087,15.9790321558917,16.6580000000002,0.977685852352991,61.2040381164317,16.3492000000001,16.6347161753554,0.949481314062606,0.306788228956784
"3777551","2015-11-04",20.2858856506864,0.81283422459893,0.728362853286348,0.761168370090339,17.5140310043875,15.8843023289462,16.6991666666669,1.11820106327025,68.2181809095761,16.4364000000001,16.7620873519747,1.31301977161886,0.508034537489199
"3777550","2015-11-05",19.5679539504228,0.602150537634408,0.662413032497817,0.715567153408037,17.5963506053103,15.8529827280234,16.7246666666669,0.908404909414694,59.6692453226951,16.5036000000001,16.8204757050447,1.39528659445518,0.685484948882396
"3777549","2015-11-06",18.9013030858923,0.657458563535911,0.690814441923083,0.693863442569085,17.658390425818,15.8289429075157,16.7436666666669,0.875158798744921,61.2772219782136,16.5760000000001,16.8870789443721,1.49958996778918,0.848305952663753
"3777548","2015-11-09",18.2822701402569,0.607734806629834,0.622447969266718,0.658558481229208,17.7361101769168,15.8198898230836,16.7780000000002,0.824597324496414,59.3655053974027,16.6300000000001,16.9328017517891,1.52087998258552,0.982820758648107
"3777547","2015-11-10",17.4391815532279,0.301886792452828,0.522360054206191,0.611874155131999,17.7478480929297,15.8658185737374,16.8068333333335,0.570756948979009,51.6525878452511,16.6508000000001,16.9190948515506,1.3317734556789,1.05261129805427
"3777546","2015-11-11",16.9331188966076,0.320261437908495,0.409961012330386,0.518256345267767,17.7539118889177,15.9617547777494,16.8578333333335,0.657445273580137,52.8081005098454,16.6588000000001,16.9165488713438,1.20145145247721,1.08237932893885
"3777545","2015-11-12",16.236524286368,0.170370370370371,0.264172866910565,0.398831311149049,17.7509990169531,16.0273343163806,16.8891666666669,0.533359156209854,51.2991051761139,16.6588000000001,16.903675688498,1.04798515242304,1.07550049363569
"3777544","2015-11-13",15.1695291244305,0.0451127819548889,0.178581530077918,0.284238469772958,17.7221793432084,16.1181539901253,16.9201666666669,0.433396730214911,48.5006347094397,16.6460000000001,16.8725189300316,0.845010254938616,1.02940244589628
"3777543","2015-11-16",15.2432132201936,0,0.0718277174417531,0.171527371476747,17.7034135435649,16.1535864564355,16.9285000000002,0.13748644090732,40.1635800362604,16.6336000000001,16.7748497393607,0.424797618802319,0.908481480477484
"3777542","2015-11-17",15.3116341662594,0.0333333333333326,0.0261487050960738,0.0921859842052503,17.7040975771078,16.1522357562259,16.9281666666669,0.116696973062036,41.3918208384158,16.6364000000001,16.698203107446,0.117848285599309,0.750354841501849
"3777541","2015-11-18",15.3751679018918,0.105555555555554,0.0462962962962955,0.0480909062780428,17.6941586362551,16.1721746970786,16.9331666666669,0.15406993697642,44.0705879490494,16.6564000000001,16.6491093597865,-0.0626120520099249,0.587761462799495
"3777540","2015-11-19",15.6229569004661,0.0611111111111108,0.0666666666666658,0.0463705560196804,17.7023172550729,16.1543494115941,16.9283333333335,0.137158698720381,42.774909756633,16.6604000000001,16.5958947784816,-0.242191694263172,0.421770831386961
"3777539","2015-11-20",15.9735528596385,0.0333333333333326,0.0666666666666658,0.0598765432098777,17.723423483262,16.1025765167384,16.9130000000002,0.119746128991178,41.944883186879,16.6656000000001,16.5431088080174,-0.40479672982896,0.256457319143777
"3777538","2015-11-23",16.2991062502985,0.0333333333333326,0.0425925925925919,0.0586419753086432,17.746632606044,16.0340340606231,16.8903333333335,0.128050600823302,41.944883186879,16.6704000000001,16.4973609669484,-0.528135113638595,0.0995388325873027
"3777537","2015-11-24",16.5191719365782,0.0621468926553669,0.042937853107344,0.0507323707888692,17.7597291916539,15.9706041416799,16.8651666666669,0.180383809202248,43.2226378396904,16.6740000000001,16.4643795046886,-0.594925313672789,-0.0393539966647157
"3777536","2015-11-25",15.7814650162951,0.0875000000000005,0.0609934086628999,0.0488412847876139,17.7543799407548,15.9359533925789,16.8451666666669,0.304684623075306,44.0187703074152,16.6800000000001,16.4397955707301,-0.626141970614758,-0.156711591454724
"3777535","2015-11-27",15.0964514474609,0.187500000000001,0.112382297551789,0.0721045197740131,17.7453272202902,15.9050061130435,16.8251666666669,0.328743654884026,48.1912714971852,16.6836000000001,16.4398228279661,-0.565835135440274,-0.238536300251834
"3777534","2015-11-30",14.9548860545431,0.310810810810811,0.195270270270271,0.122881992161655,17.7209750436554,15.890024956345,16.8055000000002,0.427815254177137,52.0408255105197,16.6912000000001,16.4611797842373,-0.434482590673824,-0.277725558336232
"3777533","2015-12-01",15.1531160963323,0.425675675675675,0.307995495495496,0.205216021105854,17.7080510168026,15.8856156498645,16.7968333333335,0.516370036421795,55.7988106720292,16.6984000000001,16.5023558130057,-0.244409687227343,-0.271062384114454
"3777532","2015-12-02",14.2849636558452,0.31132075471698,0.349269080401155,0.284178282055643,17.6457907767732,15.8802092232271,16.7630000000002,0.424670712755767,48.566498379777,16.6928000000001,16.4980417046049,-0.237902804150214,-0.264430468121606
"3777531","2015-12-03",13.4788221039644,0.416666666666665,0.38455436568644,0.347272980527699,17.4794375109903,15.9392291556767,16.7093333333335,0.450656026674574,50.1888329200182,16.6820000000001,16.5036361439909,-0.196247084649681,-0.250793791427221
"3777530","2015-12-04",12.7371062457038,0.333333333333333,0.353773584905659,0.36253234366442,17.3607962510069,15.9675370823268,16.6641666666669,0.406095480098315,47.2105665977511,16.6656000000001,16.4911513247921,-0.22423949129341,-0.245482931400459
"3777529","2015-12-07",12.0483700916046,0.413333333333336,0.387777777777778,0.375368576123295,17.2238615875178,16.020471745816,16.6221666666669,0.473269953300115,49.684019824293,16.6448000000001,16.4936644814865,-0.195258396091624,-0.235438024338692
"3777528","2015-12-08",11.408829377084,0.413333333333336,0.386666666666669,0.376072676450038,17.0645387268093,16.0954612731911,16.5800000000002,0.47592211721942,49.684019824293,16.6288000000001,16.4958425506216,-0.170326323556069,-0.222415684182167
"3777527","2015-12-09",11.3587715854972,0.213333333333334,0.346666666666669,0.373703703703707,17.0135605497401,16.0964394502603,16.5550000000002,0.374607617177912,45.9394405487232,16.6008000000001,16.4777302105388,-0.221436255083951,-0.222219798362524
"3777526","2015-12-10",12.0727426602919,0,0.20888888888889,0.314074074074078,16.9021850746179,16.1174815920491,16.5098333333335,0.1518854921191,40.6592420696965,16.5420000000001,16.4300328491336,-0.375490409204848,-0.252873920530989
"3777525","2015-12-11",14.2342418789465,0,0.0711111111111113,0.208888888888892,16.9639535777147,15.9180464222856,16.4410000000002,-0.332769902642895,30.1021480850346,16.4716000000001,16.2980284692491,-0.824631012187071,-0.367225338862206
"3777524","2015-12-14",17.7790099115073,0,1.20274161001059e-16,0.0933333333333359,17.2783918110659,15.3782748556012,16.3283333333335,-0.430644468093309,19.054375722492,16.3400000000001,15.9956246733492,-1.87154603793132,-0.668089478676028
"3777523","2015-12-15",21.0705802274566,0.202054794520548,0.0673515981735161,0.0461542364282112,17.4077174961233,15.0932825038771,16.2505000000002,-0.122398125169292,30.541701821492,16.2356000000001,15.812208050236,-2.39093501721985,-1.01265858638479
"3777522","2015-12-16",23.3549693952381,0.280821917808219,0.160958904109589,0.0761035007610372,17.4563115897394,14.9153550769277,16.1858333333335,0.0490543314865238,34.4472075359716,16.1564000000001,15.6839136435379,-2.6612665645767,-1.34238018202317
"3777521","2015-12-17",24.382255683157,0.431506849315068,0.304794520547945,0.177701674277019,17.4429978179402,14.8333355153935,16.1381666666669,0.237577795922019,41.2525738511666,16.0920000000001,15.6313918243995,-2.62144777320086,-1.59819370025871
"3777520","2015-12-18",25.6687271397174,0.339041095890411,0.350456621004566,0.272070015220702,17.433290254073,14.7380430792607,16.0856666666669,0.214682939959388,38.6041352457998,16.0200000000001,15.5498729144796,-2.70010225580091,-1.81857541136715
"3777519","2015-12-21",26.8755439983024,0.335616438356165,0.368721461187215,0.341324200913244,17.4323487104101,14.623317956257,16.0278333333335,0.183936058008305,38.5055338806489,15.9536000000001,15.4778898592156,-2.73821488085352,-2.00250330526442
"3777518","2015-12-22",27.8992572074419,0.422939068100359,0.365865534115645,0.361681205435811,17.4159754058222,14.5426912608449,15.9793333333335,0.257768475068206,41.7121139110969,15.9164000000001,15.4421712113202,-2.63492815948922,-2.12898827610938
"3777517","2015-12-23",27.9981322750055,0.450909090909091,0.403154865788538,0.379247287030468,17.3846602269101,14.4860064397569,15.9353333333335,0.319916403154566,42.6777975094737,15.8792000000001,15.4192150498108,-2.49341655670979,-2.20187393222947
"3777516","2015-12-24",28.0899448377431,0.522058823529412,0.465302327512954,0.411440909139048,17.3236419010731,14.4466914322606,15.8851666666669,0.361485276051801,45.5901250420466,15.8440000000001,15.4233197098361,-2.2610732888911,-2.21371380356179
"3777515","2015-12-28",28.2651755036953,0.522900763358779,0.498622892599094,0.455693361966864,17.252675767322,14.4109908993451,15.8318333333335,0.363285333156319,44.9075987849608,15.8100000000001,15.4202104151913,-2.07909304888649,-2.18678965262673
"3777514","2015-12-29",27.7633855617577,0.603112840466926,0.549357475785039,0.504427565299031,17.1487651535065,14.4105681798272,15.7796666666669,0.445341161316912,47.929810748742,15.7852000000001,15.4415156931658,-1.81966959425519,-2.11336564095243
"3777513","2015-12-30",27.3614633388881,0.622950819672132,0.582988141165946,0.543656169850028,17.0015315946236,14.4351350720435,15.7183333333335,0.453891250906713,47.4624877552737,15.7592000000001,15.4559802674103,-1.61108754479414,-2.01291002172077
"3777512","2015-12-31",26.712141221858,0.835106382978723,0.68705668103926,0.606467432663417,16.8829459048252,14.4567207618419,15.6698333333335,0.495947064780048,48.3660952778312,15.7332000000001,15.4751828984223,-1.40345390424675,-1.89101879822597
"3777511","2016-01-04",26.6507465216806,0.707446808510638,0.721834670387164,0.663959830864126,16.7441521124096,14.4825145542574,15.6133333333335,0.451362675419102,44.4171013372734,15.6964000000001,15.4598251786326,-1.34846920922485,-1.78250888042574
"3777510","2016-01-05",25.5957801833244,0.768707482993197,0.77042022482752,0.72643719208465,16.6369435977389,14.5227230689282,15.5798333333335,0.634091972023034,51.3661050166224,15.6688000000001,15.498515154815,-1.08907354097463,-1.64382181253552
"3777509","2016-01-06",24.4295480808531,0.707692307692308,0.727948866398715,0.740067920537802,16.5088389830345,14.5814943502992,15.5451666666669,0.682375271152707,51.6995945426427,15.6356000000001,15.534713134173,-0.863283042736884,-1.48771405857579
"3777508","2016-01-07",24.5246205803109,0.201754385964913,0.55938472555014,0.68591793892546,16.33590133599,14.6467653306771,15.4913333333335,0.493290455417515,43.2382103775994,15.5744000000001,15.4954180496166,-0.948803928250941,-1.37993203251082
"3777507","2016-01-08",24.7834997288917,0.12280701754386,0.344084570400361,0.543806054116407,16.1618682144321,14.7124651189016,15.4371666666669,0.444459895077889,41.9817012907212,15.5216000000001,15.4493623096677,-1.0519666107096,-1.31433894815058
"3777506","2016-01-11",25.0824808181514,0.096491228070175,0.140350877192983,0.347940057714496,16.0162062509653,14.7614604157018,15.3888333333335,0.405292904751046,41.5482758905382,15.4648000000001,15.4054473350453,-1.13701941820229,-1.27887504216092
"3777505","2016-01-12",26.1352374794224,0,0.0730994152046786,0.18584495426601,16.0085175447456,14.7054824552548,15.3570000000002,0.174861659456614,35.7229786118017,15.3956000000001,15.308721023706,-1.42033263729614,-1.30716656118796
"3777504","2016-01-13",27.383871528789,0,0.0321637426900585,0.0818713450292422,15.9822369576059,14.7464297090612,15.3643333333335,-0.0321757640128348,33.6447789138329,15.3152000000001,15.2008915538785,-1.72322713030942,-1.39037867501226
"3777503","2016-01-14",28.5433174317723,0.0121212121212119,0.00404040404040408,0.0364345206450492,16.0043979161273,14.7092687505397,15.3568333333335,-0.0380415728784794,34.1034952085297,15.2356000000001,15.1101060133614,-1.933613918527,-1.4990257237152
"3777502","2016-01-15",30.3664775697599,0,0.00404040404040408,0.0134148502569577,16.1309117999449,14.4970882000555,15.3140000000002,-0.192037173868343,28.2207466993952,15.1396000000001,14.9567585449132,-2.37744922493994,-1.67471042396015
"3777501","2016-01-19",32.8893935504641,0,0.00404040404040408,0.00404040404040627,16.3784311025775,14.0429022307562,15.2106666666669,-0.280979426975681,21.458381572153,15.0152000000001,14.6971907389248,-3.21973686961894,-1.98371571309191
"3777500","2016-01-20",35.9692781672625,0,1.17961196366423e-16,0.00269360269360495,16.8888857493997,13.192447583934,15.0406666666669,-0.345137903072876,15.2462007681962,14.8580000000001,14.2722319737348,-4.69808711405066,-2.52658999328366
"3777499","2016-01-21",38.8291710257182,0.0495689655172415,0.0165229885057473,0.00685446418205269,17.1521502449487,12.617183088385,14.8846666666669,-0.131684104375641,19.112961664891,14.7664000000001,13.9346010439035,-5.72204739966157,-3.16568147455924
"3777498","2016-01-22",40.0591217765349,0.183189655172414,0.0775862068965519,0.0313697318007686,17.2145321569051,12.2881345097619,14.7513333333335,0.066688111767681,28.5731191240132,14.6760000000001,13.7246542380497,-6.13211727834274,-3.75896863531594
"3777497","2016-01-25",41.2012189022933,0.265086206896552,0.165948275862069,0.0866858237547916,17.1994055056637,12.0469278276701,14.6231666666669,0.15586135884875,33.6918569606081,14.5916000000001,13.5933670063097,-6.17552752053799,-4.24228041236035
"3777496","2016-01-26",42.2617376619262,0.265086206896552,0.237787356321839,0.160440613026822,17.1462324955223,11.8361008378115,14.4911666666669,0.190308996837727,33.6918569606081,14.4896000000001,13.4795847388018,-6.14691819268191,-4.62320796842466
"3777495","2016-01-27",42.6232378130243,0.323595505617977,0.28458930647036,0.229441646218092,17.0590138690379,11.6853194642959,14.3721666666669,0.256436962217548,36.6037142146364,14.4068000000001,13.4089734402949,-5.93522931866276,-4.88561223847228
"3777494","2016-01-28",42.6904333371035,0.363849765258216,0.317510492590915,0.279962385127707,16.9196055610977,11.578727772236,14.2491666666669,0.297942078188447,38.1362049151797,14.3288000000001,13.3624436482555,-5.63885994002006,-5.03626177878184
"3777493","2016-01-29",41.9719223761304,0.477832512315271,0.388425927730488,0.330175242263924,16.7584974856999,11.5328358476338,14.1456666666669,0.38218397797093,43.3636105094547,14.2584000000001,13.3741178284881,-5.11039380326767,-5.051088183679
"3777492","2016-02-01",40.6760726894696,0.541984732824428,0.461222336799305,0.389052919040238,16.5725069370942,11.5271597295728,14.0498333333335,0.439250959865899,45.7678627899534,14.1932000000001,13.4095687846897,-4.52442752948201,-4.94575605283961
"3777491","2016-02-02",39.4727836947132,0.620498614958449,0.546771953366049,0.465473405965283,16.3990067561307,11.5309932438697,13.9650000000002,0.467474754756794,47.1662256523134,14.1252000000001,13.4549596133978,-3.94795351182714,-4.74619554463711
"3777490","2016-02-03",38.0034897007372,0.623906705539359,0.595463351107412,0.534485880424258,16.1342461001912,11.5880872331426,13.8611666666669,0.483612539249302,46.0048863542244,14.0552000000001,13.4809649982781,-3.51009712498734,-4.49897586070716
"3777489","2016-02-04",36.6391452777596,0.733974358974359,0.659459893157389,0.600565065876952,15.83140763242,11.6859257009138,13.7586666666669,0.521227929937649,48.0703581433548,13.9840000000001,13.5235029985077,-3.03820414265743,-4.20682151709721
"3777488","2016-02-05",35.7472781503967,0.790874524714829,0.716251863076182,0.657058369113663,15.5850421807849,11.7522911525488,13.6686666666669,0.50295697091975,45.4491398200881,13.9056000000001,13.5323692653733,-2.75728505978374,-3.91691422563452
"3777487","2016-02-08",35.7939039202006,0.588235294117647,0.704361392602278,0.693357716278619,15.321929896292,11.8034034370417,13.5626666666669,0.407347577522649,39.106523644007,13.8020000000001,13.4627200299902,-2.84827515210866,-3.70318641092935
"3777486","2016-02-09",35.9694349805972,0.504310344827586,0.627806721220021,0.682806658966162,15.0377489278007,11.870584405533,13.4541666666669,0.388175475515468,38.1187928551451,13.7040000000001,13.3890240259915,-2.9490833535861,-3.5523657994607
"3777485","2016-02-10",36.5230790338212,0.141176470588235,0.411240703177823,0.581136272333376,14.8042488393617,11.8784178273053,13.3413333333335,0.272828073826552,35.1545278504362,13.5780000000001,13.283820822526,-3.18310580268077,-3.47851380010471
"3777484","2016-02-11",37.5916506562745,0,0.215162271805274,0.418069898734375,14.6131843131454,11.823815686855,13.2185000000002,0.152788810029671,30.8244163182148,13.4304000000001,13.1233113795225,-3.65068140039534,-3.51294732016284
"3777483","2016-02-12",38.0547528417828,0.065656565656566,0.068944345414934,0.231782440132679,14.3755361167942,11.8351305498729,13.1053333333335,0.221041917127545,33.044794012842,13.3092000000001,13.0015365289195,-3.90583051621761,-3.59152395937379
"3777482","2016-02-16",38.4847762997548,0.0959595959595957,0.0538720538720541,0.112659557030756,14.2187661100015,11.8155672233322,13.0171666666669,0.251511757940898,34.0962157654858,13.1940000000001,12.9039983250636,-4.03073237314151,-3.67936564212734
"3777481","2016-02-17",38.6619995209993,0.217171717171717,0.126262626262626,0.0830263418498735,14.1799362157233,11.7760637842771,12.9780000000002,0.344140370443254,38.2718328333724,13.0896000000001,12.8514652150551,-3.93796928118135,-3.73108636993814
"3777480","2016-02-18",38.1703001071706,0.378787878787879,0.230639730639731,0.136924803591472,14.1272380857106,11.9257619142898,13.0265000000002,0.436482013682988,43.4193919362524,13.0156000000001,12.8486031863811,-3.62294369662223,-3.70945783527496
"3777479","2016-02-19",37.8406282598578,0.338383838383838,0.311447811447812,0.222783389450058,14.0720610061068,12.061272327227,13.0666666666669,0.3789861232613,42.4659730909499,12.9456000000001,12.8354560948636,-3.38459334647793,-3.64448493751555
"3777478","2016-02-22",36.4391676002957,0.464646464646465,0.393939393939394,0.312008978675647,14.0755155260746,12.1074844739258,13.0915000000002,0.511093998394636,46.4250715263648,12.8848000000001,12.8573952822151,-3.00412658260242,-3.51641326653293
"3777477","2016-02-23",35.5037835321079,0.363636363636364,0.388888888888889,0.364758698092034,14.0763731715811,12.1156268284193,13.0960000000002,0.420438459291659,43.8267919466152,12.8384000000001,12.8497425779198,-2.79564057420355,-3.37225872806705
"3777476","2016-02-24",34.6352126116478,0.430107526881721,0.419463451721517,0.400763911516602,14.0775802836803,12.1260863829867,13.1018333333335,0.429028730271222,45.149186483801,12.8332000000001,12.8537769008638,-2.55088642009731,-3.2079842664731
"3777475","2016-02-25",33.4313443958819,0.556179775280899,0.449974555266328,0.41944229862558,14.0810049538653,12.1296617128017,13.1053333333335,0.5143490901091,48.2642767884741,12.8956000000001,12.8826066474153,-2.21225302448701,-3.00883801807588
"3777474","2016-02-26",31.7014319272311,0.701863354037268,0.562716885399963,0.477384964129271,14.0905742210355,12.1327591122982,13.1116666666669,0.594493090371094,50.4952460784211,12.9544000000001,12.9262590944266,-1.83521218816943,-2.77411285209459
"3777473","2016-02-29",29.6816735709396,0.694805194805195,0.650949441374454,0.554546960680251,14.0650546468019,12.1359453531985,13.1005000000002,0.606871428876578,49.5098683607649,12.9860000000001,12.9560912151697,-1.55590365672444,-2.53047101302056
"3777472","2016-03-01",27.5879631293487,0.845679012345679,0.747449187062714,0.653705171279046,14.030609731327,12.1493902686734,13.0900000000002,0.735662740118467,54.3107496210232,13.0144000000001,13.0219457198138,-1.13548576732536,-2.25147396388152
"3777471","2016-03-02",25.8914325701793,0.91907514450867,0.819853117219848,0.739417248552341,14.0131236665087,12.1578763334917,13.0855000000002,0.840206211556748,57.5020559371659,13.0516000000001,13.1083529571719,-0.660160329067327,-1.93321123691868
"3777470","2016-03-03",24.3441493463007,0.937888198757764,0.900880785204038,0.822727696495535,14.0065184848825,12.1611481817846,13.0838333333335,0.862799812523209,58.2163755513443,13.0824000000001,13.1899058962157,-0.251790085651538,-1.59692700666526
"3777469","2016-03-04",23.2232210556457,0.921686746987952,0.926216696751463,0.882316866391785,14.0058016290714,12.1615317042623,13.0836666666669,0.911906444087943,59.392453405479,13.1120000000001,13.2712517767202,0.117363348137101,-1.25406893570478
"3777468","2016-03-07",22.7725238621575,0.817073170731707,0.892216038825808,0.906437840260438,14.0607993191278,12.1335340142059,13.0971666666669,0.942509565836718,60.1474598718495,13.1280000000001,13.3484182064909,0.433304527170808,-0.916594243129666
"3777467","2016-03-08",22.1731531353602,0.75,0.829586639239887,0.882673124939054,14.1539732347689,12.1063600985648,13.1301666666669,0.874338290005682,58.966769720854,13.1344000000001,13.4086291122921,0.644594516229269,-0.604356491257879
"3777466","2016-03-09",21.6449904494979,0.857142857142856,0.808072009291521,0.843291562452407,14.2665968700646,12.0837364632691,13.1751666666669,0.877868108636417,61.4138914281121,13.1424000000001,13.4808118973198,0.890309288115287,-0.305423335383246
"3777465","2016-03-10",21.5528081369403,0.777777777777777,0.794973544973545,0.810877397834986,14.3688570985605,12.1164762347732,13.2426666666669,0.848076123627476,60.6350336454636,13.1532000000001,13.5393703110105,1.05348972013914,-0.0336407242787676
"3777464","2016-03-11",20.5064733173542,0.604166666666666,0.746362433862434,0.783135996042502,14.3724754588655,12.2671912078016,13.3198333333335,0.724910246566717,54.4391107211829,13.1480000000001,13.5567876028758,1.02174615907404,0.177436652391795
"3777463","2016-03-14",19.5667356742742,0.654411764705882,0.678785403050109,0.740040460628698,14.3806763853251,12.4056569480086,13.3931666666669,0.738056728851903,56.3600401107834,13.1552000000001,13.5852159224923,1.04373145268408,0.350695612450252
"3777462","2016-03-15",18.6941221485571,0.649572649572649,0.636050360315066,0.687066065742538,14.3700713004891,12.5642620328446,13.4671666666669,0.73968939637668,57.5173943034438,13.1880000000001,13.6178537994934,1.08385211168966,0.497326912298135
"3777461","2016-03-16",18.0277274840098,0.73394495412844,0.679309789468991,0.664715184278057,14.3745475916463,12.6987857416874,13.5366666666669,0.77251286731326,59.8129245914597,13.2296000000001,13.6621399595609,1.17250166434715,0.632361862707937
"3777460","2016-03-17",17.9633587669199,0.761467889908257,0.714995164536449,0.676785104773504,14.407947679891,12.7833856534427,13.5956666666669,0.789924294875672,60.3891739724805,13.2848000000001,13.7045212982861,1.24533156618862,0.754955803404075
"3777459","2016-03-18",17.9035878153365,0.708860759493671,0.734757867843456,0.709687607282967,14.4129551863082,12.9030448136922,13.6580000000002,0.772863878195636,60.9915496821677,13.3620000000001,13.745251791848,1.30492556487749,0.864949755698758
"3777458","2016-03-21",18.2264563454024,0.698412698412697,0.722913782604875,0.724222271661595,14.4543052311581,12.9676947688423,13.7110000000002,0.81099830456793,63.0108077557554,13.4380000000001,13.7938848862682,1.39386048531089,0.970731901621185
"3777457","2016-03-22",19.2758762437039,0.568181818181818,0.658485092029395,0.705385580825911,14.4743979321388,13.0832687345283,13.7788333333335,0.872239569281281,64.2079763570486,13.5140000000001,13.8440335680991,1.4812968268175,1.07284488666045
"3777456","2016-03-23",20.3594840875567,0.717391304347826,0.661328606980781,0.680909160538352,14.4926291254933,13.2103708745071,13.8515000000002,0.940758845756535,67.2518117607826,13.5868000000001,13.9088290923526,1.62361384435277,1.18299867819891
"3777455","2016-03-24",20.9165650462476,0.630434782608696,0.63866930171278,0.652827666907654,14.4919620243784,13.3297046422886,13.9108333333335,0.852044799174152,64.3070628335469,13.6436000000001,13.9543185467056,1.66952286045168,1.28030351464947
"3777454","2016-03-28",21.4338545078892,0.684782608695653,0.677536231884059,0.659178046859208,14.5024302718057,13.424903061528,13.9636666666669,0.861630465523041,65.3288883668037,13.7056000000001,14.0004094071448,1.71409160480145,1.36706113267986
"3777453","2016-03-29",21.6140448683888,0.630434782608696,0.648550724637682,0.654918752744842,14.4854359748534,13.5448973584803,14.0151666666669,0.841825411953423,63.3750114711393,13.7556000000001,14.0336881528589,1.70029586919984,1.43370807998386
"3777452","2016-03-30",22.2380996172804,0.804123711340205,0.706447034214852,0.677511330245533,14.5275785305154,13.6007548028183,14.0641666666669,0.984630090106312,67.555079230373,13.8216000000001,14.0891963991443,1.78273175433779,1.50351281485464
"3777451","2016-03-31",22.8519938147566,0.846938775510204,0.760499089819702,0.705165616224081,14.5863139954487,13.6253526712183,14.1058333333335,0.962210762771532,68.5223170583353,13.8864000000001,14.1439702125918,1.85398279932327,1.57360681174837
"3777450","2016-04-01",23.4945691501731,0.877777777777778,0.842946754876063,0.769964292970208,14.6450732116881,13.6509267883122,14.1480000000002,0.951308435172861,69.690034912983,13.9460000000001,14.1994408509129,1.92117374775864,1.64312019895042
"3777449","2016-04-04",24.6378215248785,0.81,0.844905517762661,0.816117120819477,14.7227898498887,13.6592101501117,14.1910000000002,0.981706573978943,71.2229056207417,14.0032000000001,14.2581820707911,1.99541499835383,1.7135791588311
"3777448","2016-04-05",26.0030476399586,0.693877551020409,0.793885109599397,0.827245794079376,14.7985107250041,13.6614892749963,14.2300000000002,0.93974544191439,70.741304102742,14.0624000000001,14.3077577946857,2.02397588976071,1.77565850501703
"3777447","2016-04-06",28.1309073428013,0.748091603053436,0.750656384691283,0.796482337351116,14.9431398220454,13.6341935112883,14.2886666666669,1.09691778563573,76.4101217039747,14.1228000000001,14.3947234220609,2.20500011526925,1.86152682706747
"3777446","2016-04-07",30.2968291007469,0.869565217391305,0.770511457155051,0.771684317148579,15.1190717745156,13.5852615588181,14.3521666666669,1.09840084773187,79.6299989939065,14.1844000000001,14.5034269657861,2.45633442674371,1.98048834700272
"3777445","2016-04-08",32.6485990784624,0.824324324324325,0.813993714923022,0.778387185589787,15.301589643094,13.5417436902397,14.4216666666669,1.06539039589573,80.9725192083096,14.2488000000001,14.6136367036813,2.68666183062114,2.1217230437264
"3777444","2016-04-11",35.1213399441196,0.845679012345679,0.84652285135377,0.810342674477283,15.4881617663696,13.5381715669641,14.5131666666669,1.06931910068312,83.0747810643049,14.3184000000001,14.7371518098571,2.9458143560819,2.2865413061975
"3777443","2016-04-12",37.653949820408,0.867052023121387,0.845685119930464,0.835400562069088,15.6942315023432,13.5284351643239,14.6113333333335,1.06114848473916,84.8744824292389,14.3944000000001,14.8721982352095,3.22258961709958,2.47375096837792
"3777442","2016-04-13",38.2687028015289,0.699421965317919,0.804051000261662,0.832086323848634,15.8061962700544,13.5851370632794,14.6956666666669,0.90115994984823,73.2854472774383,14.4608000000001,14.9505718038482,3.24307482328112,2.62761573935856
"3777441","2016-04-14",38.7845291360164,0.693641618497109,0.753371868978806,0.801035996390313,15.8937499225241,13.652916744143,14.7733333333335,0.845109730074532,72.9157229625081,14.5208000000001,15.0171622300018,3.21463111149223,2.74501881378529
"3777440","2016-04-15",39.2635107323262,0.716763005780347,0.703275529865126,0.7535661330352,15.9667808160975,13.7278858505695,14.8473333333335,0.812356472322592,73.4918059965116,14.5836000000001,15.0802072660016,3.17509059792618,2.83103317061347
"3777439","2016-04-18",39.708279357471,0.686274509803922,0.698893044693793,0.718513481179243,16.0187733200582,13.8225600132756,14.9206666666669,0.780482773734868,73.6427419692581,14.6568000000001,15.1361796305347,3.11162874149167,2.88715228478911
"3777438","2016-04-19",40.1212787951055,0.675675675675675,0.692904397086648,0.698357657215191,16.0618856257323,13.9157810409348,14.9888333333335,0.755268702752821,73.6427419692581,14.7260000000001,15.1846890131301,3.02517891748595,2.91475761132848
"3777437","2016-04-20",40.0811274089218,0.619718309859154,0.660556165112918,0.684117868964455,16.0915260829278,14.0041405837393,15.0478333333335,0.705440410264354,70.8360946417187,14.7904000000001,15.2187304780461,2.89062848264174,2.90993178559113
"3777436","2016-04-21",37.8632797515177,0.0592592592592593,0.45155108159803,0.601670547932534,16.0793775379056,14.0716224620947,15.0755000000002,0.447453750075773,47.2442048433446,14.8208000000001,15.1508997476399,2.36945143634726,2.80183571574236
"3777435","2016-04-22",35.6856661455252,0.274074074074074,0.317683881064163,0.476597042591705,16.0606349979945,14.1756983353392,15.1181666666669,0.529267119558679,53.8236270935294,14.8616000000001,15.1307797812879,2.08669656352729,2.65880788529934
"3777434","2016-04-25",33.6635963685322,0.409448818897638,0.247594050743657,0.338943004468619,16.0423713956133,14.2886286043871,15.1655000000002,0.576693116386677,58.2688399787921,14.9104000000001,15.1440091437829,1.96266469660906,2.51957924756129
"3777433","2016-04-26",31.4834191059633,0.496062992125984,0.393195295032565,0.319491075613464,16.0128312351352,14.4241687648652,15.2185000000002,0.612148848481445,60.2402022776588,14.9596000000001,15.1701412579452,1.90080437301803,2.39582427265264
"3777432","2016-04-27",29.9468363683356,0.543307086614173,0.482939632545932,0.374576326107387,16.0029853985538,14.53434793478,15.2686666666669,0.668864002258626,61.3137127616378,15.0088000000001,15.2007890902191,1.86178520188183,2.28901645849847
"3777431","2016-04-28",29.5387931230846,0.693430656934307,0.577600245224822,0.484578390934441,16.0216488653271,14.6406844680066,15.3311666666669,0.839497045863623,65.6427143974265,15.0620000000001,15.2620172115233,1.94544818204956,2.22030280320869
"3777430","2016-04-29",29.1598958239229,0.795620437956206,0.677452727168229,0.579330868312996,16.0377053266347,14.7529613400323,15.3953333333335,0.8772476631303,67.7362706509059,15.1240000000001,15.3337482499868,2.06026109396396,2.18829446135974
"3777429","2016-05-02",28.838027865183,0.795620437956206,0.761557177615573,0.67220338333621,16.0464260437918,14.8622406228753,15.4543333333335,0.862274346924314,67.7362706509059,15.1840000000001,15.3959151499886,2.12500404358469,2.17563637780473
"3777428","2016-05-03",28.5710518371655,0.854014598540147,0.815085158150853,0.75136502097822,16.0422567348284,14.9874099318386,15.5148333333335,0.903060108312798,68.9885997835105,15.2492000000001,15.4604597966568,2.19136829787006,2.1787827618178
"3777427","2016-05-04",28.5519817511284,0.866197183098592,0.838610739864982,0.805084358543804,16.0883922512665,15.0346077487339,15.5615000000002,0.919282436087535,69.9312808682852,15.3088000000001,15.5243984904359,2.24772551678829,2.1925713128119
"3777426","2016-05-05",28.7597839994385,0.899328859060403,0.873180213566381,0.842292037194074,16.1613264676197,15.0446735323807,15.6030000000002,0.945080099926884,71.6337212107779,15.3708000000001,15.5944786917111,2.32102451112519,2.21826195247456
"3777425","2016-05-06",29.733325979573,0.757062146892655,0.840862729683884,0.850884561038417,16.2488349807778,15.0348316858893,15.6418333333335,0.954282127834327,71.6337212107778,15.4304000000001,15.6552148661496,2.35035713373104,2.24468098872585
"3777424","2016-05-09",30.6373292468408,0.915254237288134,0.857215081080398,0.857086008110223,16.365578307808,14.9934216921924,15.6795000000002,1.00808097175822,75.695997740026,15.4980000000001,15.7451862173297,2.48694737855604,2.29313426669189
"3777423","2016-05-10",32.0397644316483,0.815,0.829105461393597,0.842394424052628,16.4763152503311,14.9463514163359,15.7113333333335,0.991514886359177,75.8291308374404,15.5664000000001,15.8244947216857,2.56814232410405,2.34813587817432
"3777422","2016-05-11",33.730463935767,0.848167539267016,0.859473925518384,0.848598155997461,16.6461607210427,14.8895059456244,15.7678333333335,1.04013648362251,79.2556338867527,15.6328000000001,15.9305620921276,2.74043534534527,2.42659577160851
"3777421","2016-05-12",31.5904810112192,0.321428571428571,0.661532036898529,0.783370474603505,16.666625806726,14.9127075266077,15.7896666666669,0.610419435649761,54.1566466353711,15.6552000000001,15.9091538131773,2.41734773853139,2.42474616499309
"3777420","2016-05-13",29.6033540098534,0.299363057324841,0.48965305600681,0.670219672807909,16.6828823450101,14.9377843216569,15.8103333333335,0.585764045723283,54.8807715128127,15.6744000000001,15.8959333047536,2.15686887610427,2.37117070721532
"3777419","2016-05-16",27.7581646514423,0.291390728476821,0.304060785743411,0.485081959549585,16.6980593338671,14.9662739994666,15.8321666666669,0.581515106902868,55.4491518084674,15.6864000000001,15.8884755307865,1.94336978912906,2.28561052359807
"3777418","2016-05-17",25.902250902664,0.112,0.234251261933888,0.342655034561372,16.7050467641154,14.9942865692183,15.8496666666669,0.521627812074521,54.4639840826673,15.6884000000001,15.8766787933483,1.73394900431727,2.17527821974191
"3777417","2016-05-18",24.1789024216556,0.0438596491228076,0.149083459199877,0.229131835625727,16.7070880356835,15.0309119643169,15.8690000000002,0.496619289128593,54.895493119633,15.7028000000001,15.8691216209018,1.56023508242515,2.05226959227856
"3777416","2016-05-19",23.7570221857744,0,0.0519532163742698,0.145095979169347,16.6452637030211,15.1497362969793,15.8975000000002,0.26095389589257,44.830455907013,15.7000000000001,15.8039054047816,1.18475204918018,1.87876608365888
"3777415","2016-05-20",22.6563452828944,0.196078431372548,0.0799793601651191,0.0936720119130903,16.601362666688,15.2566373333124,15.9290000000002,0.406548450045631,51.3764899891466,15.7076000000001,15.7873846841441,1.02838801757905,1.70869047044292
"3777414","2016-05-23",21.6342881587915,0.209150326797385,0.135076252723311,0.0890029430875686,16.5653779275299,15.3419554058038,15.9536666666669,0.368946884264225,51.7871993969934,15.7156000000001,15.7757333929248,0.90430332988618,1.54781304233157
"3777413","2016-05-24",20.6852351149817,0.209150326797385,0.20479302832244,0.139949547070292,16.5353796826528,15.4116203173476,15.9735000000002,0.339675047675413,51.7871993969934,15.7236000000001,15.7656356072015,0.796802236359873,1.39761088113723
"3777412","2016-05-25",19.8039715743011,0.281045751633987,0.233115468409586,0.190994916485114,16.5154302728784,15.466569727122,15.9910000000002,0.381458661176103,54.2520577409049,15.7384000000001,15.7715508595747,0.759201409060029,1.26992898672179
"3777411","2016-05-26",18.9856554293835,0.326797385620915,0.272331154684096,0.236746550472042,16.515134494877,15.4781988384568,15.9966666666669,0.419635000669934,55.8006446341218,15.7852000000001,15.7860107449647,0.756449487887267,1.16723308695489
"3777410","2016-05-27",17.7924213450302,0.352941176470588,0.320261437908497,0.275236020334061,16.5182039417687,15.4867960582317,16.0025000000002,0.494344300226282,56.7025744087109,15.8220000000001,15.8038759789694,0.7657677528633,1.08694002013657
"3777409","2016-05-31",17.4901131372766,0.516339869281047,0.398692810457517,0.330428467683372,16.5420557654336,15.4979442345668,16.0200000000002,0.704320445686528,61.9312331596115,15.8596000000001,15.8526925151068,0.890128018897118,1.04757761988868
"3777408","2016-06-01",17.1144912923213,0.747572815533979,0.538951287095205,0.419301845153741,16.5617103582671,15.5062896417333,16.0340000000002,0.676233038717153,61.2935315123098,15.8920000000001,15.8923335130926,0.966695061653322,1.03140110824161
"3777407","2016-06-02",17.871693370033,0.522727272727273,0.5955466525141,0.511063583355609,16.5860042066525,15.5096624600146,16.0478333333335,0.715699769512486,58.6902654328839,15.9188000000001,15.9160223780136,0.975121694425263,1.02014522547834
"3777406","2016-06-03",18.5748095850511,0.757575757575757,0.675958615279003,0.603485518296105,16.6349804607821,15.4976862058849,16.0663333333335,0.854935993854065,64.9096572204414,15.9476000000001,15.9778860609451,1.12526897282519,1.04116997494771
"3777405","2016-06-06",19.6023155330018,0.878571428571427,0.71962481962482,0.663710029139309,16.7144784490546,15.4655215509458,16.0900000000002,0.96171862899329,68.677577304367,15.9800000000001,16.0621679194858,1.34323326280317,1.1015826325188
"3777404","2016-06-07",20.7761160149911,0.81081081081081,0.815652665652665,0.737078700185498,16.7686956851974,15.4409709814697,16.1048333333335,0.928176110908887,67.6570949011657,16.0112000000001,16.1312121968877,1.48203741204318,1.17767358842368
"3777403","2016-06-08",21.8660736054098,0.81081081081081,0.833397683397683,0.789558389558391,16.8068778298942,15.4234555034395,16.1151666666669,0.901058536300334,67.6570949011657,16.0392000000001,16.191050570636,1.57258895142245,1.25665666102343
"3777402","2016-06-09",22.2157602695499,0.669491525423728,0.76370438234845,0.804251577132934,16.7741241865535,15.4402091467802,16.1071666666669,0.836977983302592,63.6360879448695,16.0604000000001,16.2282438278845,1.57063129328181,1.31945158747511
"3777401","2016-06-10",21.6668647449548,0.525862068965517,0.668721468400019,0.755274511382052,16.8050262720682,15.4516403945989,16.1283333333335,0.705657039848522,58.2163483524709,16.0708000000001,16.2391446508332,1.47231072976126,1.35002341593234
"3777400","2016-06-13",20.7005246898735,0.198275862068966,0.464543152152738,0.632323000967071,16.8056613913412,15.4576719419925,16.1316666666669,0.422106215259379,47.803236263869,16.0660000000001,16.1979253640555,1.1917750801768,1.31837374878123
"3777399","2016-06-14",19.8032089244408,0.20952380952381,0.311220580186098,0.481495066912953,16.8080433435351,15.4672899897986,16.1376666666669,0.466934012725023,50.3215217000959,16.0540000000001,16.1755353155147,1.00758214246066,1.25621542751712
"3777398","2016-06-15",19.2724701984924,0.07142857142857,0.159742747673783,0.311835493337541,16.8073419496297,15.4823247170374,16.1448333333335,0.4133344604818,48.3133395373793,16.0384000000001,16.1454639401128,0.812280374046126,1.16742841682292
"3777397","2016-06-16",19.1453635296267,0,0.093650793650794,0.188204707170227,16.8056280301282,15.4907053032055,16.1481666666669,0.334084039921158,45.8502201565899,16.0076000000001,16.1060687480977,0.600420808435365,1.05402689514541
"3777396","2016-06-17",18.5775273875193,0.188118811881188,0.0865157944365865,0.11330311192039,16.7721993473361,15.5788006526643,16.1755000000002,0.425562736300833,50.9653831169883,16.0184000000001,16.0972595816847,0.521663678642437,0.947554251844814
"3777395","2016-06-20",17.9996371195101,0.247524752475249,0.145214521452146,0.108460369846511,16.7642802255816,15.6193864410855,16.1918333333335,0.44599207876673,52.4915974895092,16.0300000000001,16.0976249707934,0.483770397646044,0.85479748100506
"3777394","2016-06-21",17.0522953766609,0.257425742574257,0.231023102310232,0.154251139399657,16.7532223131853,15.6674443534818,16.2103333333335,0.456713064968613,52.7555325855463,16.0408000000001,16.0992749746876,0.453522727830902,0.774542530370228
"3777393","2016-06-22",16.0312176344436,0.366336633663366,0.290429042904291,0.222222222222225,16.7427037144971,15.7259629521699,16.2343333333335,0.538357860179165,55.6727882937182,16.0576000000001,16.1153716447293,0.479135071135706,0.715461038523324
"3777392","2016-06-23",15.4077476404142,0.495049504950497,0.372937293729374,0.298129812981301,16.7430491000235,15.7772842333102,16.2601666666669,0.627532767976573,58.9025726568771,16.0788000000001,16.146655425432,0.557909341170326,0.683950699052724
"3777391","2016-06-24",16.2269959089603,0,0.287128712871288,0.31683168316832,16.7446584248386,15.7740082418284,16.2593333333335,0.126367281421471,42.3048648909581,16.0916000000001,16.0871013687078,0.291521708047981,0.605464900851776
"3777390","2016-06-27",16.9877264440389,0.173913043478261,0.22298751614292,0.294351174247863,16.7454675613981,15.7718657719356,16.2586666666669,0.217201286692837,47.2319100906541,16.1004000000001,16.0621545195467,0.178349937201783,0.520041908121777
"3777389","2016-06-28",17.160872946289,0.33009708737864,0.168003376952301,0.226039868655505,16.743509931988,15.7618234013457,16.2526666666669,0.358067388128094,50.4234920943384,16.1140000000001,16.0592005836072,0.157176994959185,0.447468925489259
"3777388","2016-06-29",16.9012409192543,0.61111111111111,0.371707080656005,0.254232657917077,16.7466099288092,15.7650567378579,16.2558333333335,0.528016820945951,54.8361617794866,16.1360000000001,16.0846405057929,0.243072257703791,0.406589591932165
"3777387","2016-06-30",16.8025139496299,0.680000000000002,0.540402732829918,0.360037730146076,16.7458463539941,15.7644869793396,16.2551666666669,0.511718439031425,53.8529204469641,16.1520000000001,16.1013551050205,0.287618255977251,0.382795324741183
"3777386","2016-07-01",16.4146584863836,0.839999999999999,0.710370370370371,0.5408267279521,16.73364817332,15.7663518266804,16.2500000000002,0.620611089943411,56.3798116983274,16.1700000000001,16.1318410910178,0.378526428714476,0.381941545535841
"3777385","2016-07-05",15.2565344409639,0.793478260869564,0.771159420289856,0.67397750783005,16.7003922741147,15.7822743925524,16.2413333333335,0.774474558289832,58.4229575059302,16.1904000000001,16.1715956122154,0.494534812817782,0.404460198992229
"3777384","2016-07-06",14.5188909365812,0.830000000000002,0.821159420289856,0.767563070316696,16.6810565529551,15.7929434470453,16.2370000000002,0.893718620229393,60.4194966136461,16.2048000000001,16.21938286392,0.628574073464794,0.449282973886742
"3777383","2016-07-07",14.4269008147793,0.8,0.807826086956523,0.800048309178746,16.6877106803371,15.7889559863299,16.2383333333335,1.00996488406598,62.1797524311412,16.2236000000001,16.272798482064,0.769968188793402,0.513420016868074
"3777382","2016-07-08",14.3414814159632,0.869565217391303,0.833188405797102,0.820724637681162,16.7296721991386,15.7656611341951,16.2476666666669,1.01417113837337,63.7240992606092,16.2488000000001,16.3297586844555,0.910324863408674,0.592800986176194
"3777381","2016-07-11",14.6171812651113,0.868852459016394,0.846139225469233,0.829051239407621,16.8061590017005,15.7298409982998,16.2680000000002,1.006665624481,64.8823223237923,16.2640000000001,16.3871241931947,1.03829310339825,0.681899409620605
"3777380","2016-07-12",15.5148735095086,0.835714285714286,0.858043987373995,0.845790539546778,16.9153488541975,15.7126511458029,16.3140000000002,1.02603963760017,66.9647851496053,16.2744000000001,16.4515076341021,1.17917730155375,0.781354988007233
"3777379","2016-07-13",15.2010615919518,0.678571428571427,0.794379391100703,0.832854201314645,16.9625219412791,15.728144725388,16.3453333333335,0.803526881283205,59.380572079961,16.2772000000001,16.4779732828885,1.16884126533603,0.858852243472992
"3777378","2016-07-14",15.136737286129,0.785714285714286,0.766666666666667,0.806363348380457,17.0209811726416,15.7506854940254,16.3858333333335,0.857528309598923,62.4991620607018,16.2860000000001,16.5209101785034,1.21957077055304,0.930995948889001
"3777377","2016-07-15",14.6689081967842,0.424999999999999,0.629761904761905,0.730269320843093,17.0196617592651,15.814004907402,16.4168333333335,0.61045154884717,51.440812216265,16.2836000000001,16.5061221547029,1.05696180532517,0.956189120176236
"3777376","2016-07-18",14.234495470964,0.443396226415096,0.551370170709795,0.649266247379457,17.0300978364392,15.8545688302278,16.4423333333335,0.631288409318409,53.7028033667117,16.2916000000001,16.5066392007425,0.965847961941857,0.95812088852936
"3777375","2016-07-19",13.6506671488708,0.51685393258427,0.461750052999789,0.547627376157165,17.0526715432958,15.8906617900379,16.4716666666669,0.710841603792823,57.1427261624873,16.3212000000001,16.5284206406435,0.960673959130465,0.958631502649581
"3777374","2016-07-20",12.9327607444251,0.662921348314606,0.541057169104659,0.518059130938083,17.0923287826901,15.9203378839769,16.5063333333335,0.798921547699549,59.7589299750317,16.3520000000001,16.5646312218911,1.00809645992208,0.968524494104081
"3777373","2016-07-21",12.2661333688684,0.610389610389611,0.596721630429497,0.533176284177983,17.1236439860128,15.9430226806542,16.5333333333335,0.737163262029023,59.7589299750317,16.3860000000001,16.5960137256389,1.03338962585791,0.981497520454846
"3777372","2016-07-22",11.9095068319041,0.565217391304348,0.612842783336189,0.58354052762345,17.155784720253,15.955881946414,16.5558333333335,0.731268737809449,59.7589299750317,16.4240000000001,16.6232118955537,1.04113558177772,0.993425132719421
"3777371","2016-07-25",11.9219540418756,0.652173913043476,0.609260304912479,0.606274906226057,17.1414109532771,16.0705890467233,16.6060000000002,0.77455545894273,61.1268439369523,16.4568000000001,16.6547836428132,1.0638247690075,1.00750505997704
"3777370","2016-07-26",12.1860565894227,0.73913043478261,0.652173913043479,0.624759000430718,17.1288022727753,16.1808643938917,16.6548333333335,0.821926861943636,62.4996502377116,16.4896000000001,16.6901458237715,1.09783462293185,1.025570972568
"3777369","2016-07-27",12.7211861190363,0.85714285714286,0.749482401656316,0.67030553987076,17.1343917076384,16.2682749590287,16.7013333333335,0.894865935278129,64.5234907479828,16.5256000000001,16.7327930472686,1.15448203458197,1.05135318497079
"3777368","2016-07-28",13.8254434597663,0.779069767441859,0.791781019789111,0.73114577816297,17.1736019619981,16.315064704669,16.7443333333335,0.964743954433718,66.0578279352263,16.5600000000001,16.7790873076328,1.21845477657891,1.08477350329242
"3777367","2016-07-29",15.7293088130053,0.773913043478262,0.803375222687661,0.781546214711031,17.2570749330252,16.3435917336419,16.8003333333335,1.1418654811922,70.3919319086485,16.5980000000001,16.8485423332818,1.35821697456251,1.13946219754644
"3777366","2016-08-01",18.0601339128744,0.741007194244605,0.764663335054909,0.786606525843895,17.3817066012406,16.3382933987598,16.8600000000002,1.17087516080451,72.7744005040374,16.6676000000001,16.9274033555109,1.51694545232568,1.21495884850229
"3777365","2016-08-02",20.5808414031336,0.789808917197451,0.768243051640107,0.778760536460894,17.5488286925844,16.2978379740826,16.9233333333335,1.16880325672476,75.9062281265999,16.7376000000001,17.0237495747761,1.72079039815642,1.31612515843311
"3777364","2016-08-03",22.996802370956,0.875776397515528,0.802197502985862,0.778367963226961,17.7213256782988,16.2553409883682,16.9883333333335,1.1127849352749,78.1022386966992,16.8088000000001,17.1299162981393,1.93772616426626,1.44044535959974
"3777363","2016-08-04",25.4444967628001,0.839506172839507,0.83503049585083,0.801823683492268,17.8831516895735,16.2195149770935,17.0513333333335,1.04418932122722,78.716672260466,16.8736000000001,17.228594125054,2.10606763322509,1.57356981432481
"3777362","2016-08-05",28.2574122217305,0.790055248618785,0.835112606324608,0.824113535053768,18.0884267308,16.1625732692003,17.1255000000002,1.07178112905424,81.3140384332224,16.9492000000001,17.3447815750468,2.31718561500094,1.72229297446004
"3777361","2016-08-08",26.3071858265693,0.0476190476190466,0.559060156359114,0.743067752844852,18.110723303803,16.195943362864,17.1533333333335,0.613154865493441,47.9128313903713,16.9712000000001,17.2828106983739,1.89406495282531,1.75664737013309
"3777360","2016-08-09",26.7878654502613,0,0.279224765412611,0.557799176032113,18.1798227093174,16.0358439573497,17.1078333333335,0.000383730163479242,32.0888797341833,16.9348000000001,17.0477692719241,0.908087417731096,1.58693537965269
"3777359","2016-08-10",27.2342108151181,0.331081081081081,0.126233376233377,0.321506099335036,18.1833166305629,16.0213500361041,17.1023333333335,0.272275235614001,45.943201838112,16.9336000000001,16.9747333690009,0.579049004304055,1.38535810458297
"3777358","2016-08-11",28.0259432987899,0.226351351351352,0.185810810810812,0.197089650818935,18.1967284671865,15.9672715328139,17.0820000000002,0.20904723178724,42.9577747839577,16.9164000000001,16.8701022531341,0.167341337420934,1.14175475115056
"3777357","2016-08-12",27.8965275389137,0.385135135135135,0.31418918918919,0.208744458744461,18.1906424212012,16.0046909121325,17.0976666666669,0.392800305788417,48.4293076825366,16.9148000000001,16.8420886193829,0.0644209667169937,0.926287994263847
"3777356","2016-08-15",27.7763557618858,0.415540540540541,0.342342342342343,0.280780780780784,18.1855158507715,16.0334841492289,17.1095000000002,0.371671654990542,49.4296256267136,16.9144000000001,16.8298101367985,0.0256716234898313,0.746164720109044
"3777355","2016-08-16",28.1503852781957,0.297297297297297,0.365990990990992,0.340840840840843,18.1877820846227,16.023551248711,17.1056666666668,0.28483502825119,45.7158780487434,16.8956000000001,16.7725021185587,-0.171430294764519,0.562645717134331
"3777354","2016-08-17",28.4976984004835,0.310810810810811,0.341216216216217,0.349849849849853,18.195078353931,15.984588312736,17.0898333333335,0.251261791237803,46.2132451251709,16.8872000000001,16.7281685027509,-0.30537032224992,0.389042509257481
"3777353","2016-08-18",29.0825517556739,0.246621621621622,0.284909909909911,0.330705705705708,18.2085626232845,15.9307707100492,17.0696666666669,0.210392041154501,44.1442628139045,16.8652000000001,16.6644127023841,-0.498214583668299,0.211591090672325
"3777352","2016-08-19",29.4469119904404,0.29054054054054,0.282657657657659,0.302927927927931,18.2140369074244,15.8936297592426,17.0538333333335,0.268503270174912,45.9280251030559,16.8640000000001,16.6264910087329,-0.581910530096219,0.0528907665186161
"3777351","2016-08-22",30.2198079842725,0.185810810810811,0.240990990990992,0.269519519519522,18.2338368012588,15.8068298654082,17.0203333333335,0.1743588484816,42.4469106513816,16.8464000000001,16.5522922075685,-0.790621380695311,-0.115811662924169
"3777350","2016-08-23",30.8104355945834,0.266891891891892,0.247747747747749,0.257132132132135,18.2354407333687,15.7495592666317,16.9925000000002,0.262994867393982,45.8677363829966,16.8320000000001,16.5199865798927,-0.830075114152884,-0.258664353169912
"3777349","2016-08-24",31.4180734133428,0.253378378378378,0.235360360360361,0.241366366366369,18.2300296795696,15.6889703204308,16.9595000000002,0.273257297357221,45.3835702576874,16.8108000000001,16.486655035907,-0.871160641934932,-0.381163610922916
"3777348","2016-08-25",32.4331198503483,0.151943462897526,0.224071244389266,0.23572645083246,18.2308096493526,15.5801903506478,16.9055000000002,0.182275509320275,41.6003729860745,16.7768000000001,16.4151010311194,-1.04926406541793,-0.514783701821919
"3777347","2016-08-26",32.8240088524465,0.291428571428572,0.23225013756816,0.230560580772598,18.1876226103473,15.5017107229864,16.8446666666669,0.248812807359159,42.8822781553109,16.7460000000001,16.3637542269701,-1.13893803506037,-0.639614568469609
"3777346","2016-08-29",32.8474815262341,0.265151515151516,0.236174516492539,0.23083196614999,18.1010939750147,15.4705726916524,16.7858333333335,0.346988502793746,47.1025373664218,16.7236000000001,16.3552536633741,-1.06482551565827,-0.724656757907342
"3777345","2016-08-30",31.2326066813022,0.295454545454546,0.284011544011546,0.250812066024083,17.9661067248763,15.4892266084574,16.7276666666669,0.447110883917308,47.7188404926839,16.7004000000001,16.3532198415909,-0.975111746912383,-0.77474775570835
"3777344","2016-08-31",29.7330800395798,0.568181818181818,0.376262626262628,0.298816228922239,17.7921088106519,15.5528911893485,16.6725000000002,0.549496454600348,53.0236082881657,16.6880000000001,16.3994571960455,-0.718179971030997,-0.763434198772879
"3777343","2016-09-01",28.5825268832315,0.547008547008547,0.470214970214971,0.376829713496383,17.5610369050887,15.6559630949117,16.6085000000002,0.535781640743957,51.3104333299786,16.6684000000001,16.4248629032394,-0.562404770842495,-0.723228313186803
"3777342","2016-09-02",27.5141560951939,0.598290598290597,0.571160321160322,0.472545972545975,17.13527014422,15.930396522447,16.5328333333335,0.649808242738518,52.2173060113912,16.6424000000001,16.4548811828075,-0.404917506480762,-0.659566151845595
"3777341","2016-09-06",26.0940104761252,0.612068965517242,0.58578937027213,0.542388220549143,16.9823081994807,16.023025133853,16.5026666666669,0.775205525312881,52.3765140619735,16.6112000000001,16.4822303584331,-0.272196717439799,-0.582092264964435
"3777340","2016-09-07",24.7753038298471,0.698275862068967,0.636211808625603,0.597720500019353,16.9897493720928,16.0939172945743,16.5418333333335,0.810512063194941,54.0261567528626,16.5756000000001,16.5192663106421,-0.116922486786686,-0.489058309328886
"3777339","2016-09-08",23.550790515446,0.732758620689656,0.681034482758623,0.63434522055212,17.0202757107284,16.0870576226053,16.5536666666669,0.813967339176979,54.7020711934587,16.5348000000001,16.5566974692231,0.0250993088885654,-0.386226785685395
"3777338","2016-09-09",23.1329447511716,0.508620689655172,0.646551724137933,0.654599338507388,17.0289192890371,16.0994140442966,16.5641666666669,0.585170758437826,49.5977187272698,16.4816000000001,16.5544711399934,0.0107470140613852,-0.306832025736039
"3777337","2016-09-12",23.4870692195875,0.232758620689655,0.491379310344829,0.606321839080464,16.9897524054761,16.091914261191,16.5408333333335,0.339429113605279,44.1386647322196,16.4064000000001,16.5098749879943,-0.155005276438636,-0.276466675876559
"3777336","2016-09-13",24.4808089594183,0,0.24712643678161,0.461685823754793,16.981391888328,16.0192747783391,16.5003333333335,0.00421835860947886,39.0730128819932,16.3660000000001,16.4245583229284,-0.453320615436892,-0.311837463788625
"3777335","2016-09-14",25.5583131654812,0,0.0775862068965527,0.272030651340999,16.9943869453192,15.9399463880145,16.4671666666669,0.0348244179320938,37.8694620648598,16.3764000000001,16.3386172132046,-0.727370751619072,-0.394944121354715
"3777334","2016-09-15",27.8229585893247,0,1.08246744900953e-15,0.108237547892723,17.1565216972467,15.645811636087,16.4011666666669,-0.281861918467793,27.6706589653798,16.3076000000001,16.1308015847773,-1.42873708497675,-0.601702714079122
"3777333","2016-09-16",29.9258436257509,0.00858369098712504,0.00286123032904276,0.026815812408534,17.3117293165326,15.3452706834677,16.3285000000002,-0.197616166578281,28.0877946633045,16.2520000000001,15.9533613734737,-1.96135667852713,-0.873633506968723
"3777332","2016-09-19",31.2313785188998,0.0600858369098715,0.0228898426323333,0.00858369098712752,17.3723888833523,15.142611116648,16.2575000000002,-0.0206049457786407,30.6713142047469,16.1824000000001,15.8155798570105,-2.30294083202351,-1.15949497197968
"3777331","2016-09-20",32.443660919681,0.1,0.0562231759656667,0.0273247496423494,17.4236428812633,14.979357118737,16.2015000000002,0.0534482846751701,32.414548600688,16.1124000000001,15.7068358760758,-2.50839226784365,-1.42927443115248
"3777330","2016-09-21",34.270564840501,0,0.053361945636625,0.0441583214115435,17.5252868795055,14.6903797871615,16.1078333333335,-0.0565732074940498,26.7172409498282,16.0312000000001,15.528591092599,-2.9678967473037,-1.73699889438272
"3777329","2016-09-22",35.5785659956107,0.145593869731801,0.0818646232439348,0.0638165816154106,17.5466562293644,14.5126771039693,16.0296666666669,0.101293675180011,34.2266752119545,15.9636000000001,15.4247789469191,-3.10494248367654,-2.01058761224148
"3777328","2016-09-23",36.8820272706826,0.114942528735632,0.0868454661558122,0.0740240116787925,17.5769883045049,14.3540116954954,15.9655000000002,0.132172322726063,33.4495574105652,15.9004000000001,15.3241417539966,-3.2220357418175,-2.25287723815669
"3777327","2016-09-26",38.0923841689638,0.155642023346304,0.13872614060458,0.102478743334778,17.5802986073119,14.2167013926885,15.8985000000002,0.182334140557962,35.4233095942309,15.8360000000001,15.250256186797,-3.2278220982945,-2.44786621018425
"3777326","2016-09-27",39.2898949830546,0.132295719844359,0.134293423975433,0.119955010245277,17.5516338074722,14.0856995258615,15.8186666666669,0.202244787076406,34.7572350593604,15.7816000000001,15.1782220285574,-3.22916834296827,-2.60412663674105
"3777325","2016-09-28",40.1001588767576,0.181451612903226,0.156463118697964,0.143160894425994,17.4730381860435,13.9929618139569,15.7330000000002,0.255848270031672,37.0926352227224,15.7220000000001,15.1304590914164,-3.13718823422509,-2.71073895623786
"3777324","2016-09-29",40.0194483003769,0.176470588235294,0.163405973660961,0.151387505444787,17.3437728603559,13.9368938063111,15.6403333333335,0.29150027868169,36.7067236314056,15.6628000000001,15.0850645458943,-3.04628221253878,-2.77784760749804
"3777323","2016-09-30",40.1849179150911,0.14,0.165974067046175,0.161947719801702,17.219219210549,13.8701141227847,15.5446666666669,0.266703846890904,34.8828148197151,15.6108000000001,15.027055939775,-3.01571221171929,-2.82542052834229
"3777322","2016-10-03",40.3385682716115,0.225,0.180490196078433,0.169956745595191,17.0610874246457,13.8445792420214,15.4528333333335,0.320872003441704,38.8558119456914,15.5624000000001,14.9994484811383,-2.86814881313188,-2.83396618530021
"3777321","2016-10-04",40.4812436026662,0.260115606936416,0.208371868978807,0.184945377367807,16.8657185118953,13.8502814881051,15.3580000000002,0.338166078034418,38.8558119456914,15.5032000000001,14.9755220169866,-2.72029888153975,-2.81123272454812
"3777320","2016-10-05",40.6137278386455,0.435185185185186,0.306766930707202,0.231876331921482,16.6225591582418,13.8991075084252,15.2608333333335,0.358941256881605,39.3606217863169,15.4432000000001,14.9574524147217,-2.56314300692675,-2.76161478102384
"3777319","2016-10-06",40.8011966085479,0.407407407407409,0.367569399843005,0.294236066509673,16.3208052996421,14.0021947003583,15.1615000000002,0.36996522827364,38.8425895946167,15.3676000000001,14.9377920927588,-2.4270813375873,-2.69470809233654
"3777318","2016-10-07",40.8616157623316,0.479166666666667,0.440586419753088,0.371640916767767,16.0165076426623,14.1301590240048,15.0733333333335,0.397509224211636,39.4150598230259,15.2972000000001,14.9234198137243,-2.28239072307105,-2.61224461848344
"3777317","2016-10-10",40.991197529468,0.511904761904763,0.466159611992947,0.424771810529682,15.7209476056511,14.2720523943493,14.9965000000002,0.405790288396673,38.8279435069792,15.2232000000001,14.9069638385611,-2.1592547524562,-2.52164664527799
"3777316","2016-10-11",41.7648453888092,0,0.330357142857144,0.412367724867728,15.4935721489804,14.36042785102,14.9270000000002,0.240839125965282,33.4603765893125,15.1368000000001,14.8527019934196,-2.19940301107933,-2.45719791843826
"3777315","2016-10-12",42.4832326867688,0.0140845070422532,0.175329756315673,0.323948837055257,15.1774483212916,14.5405516787088,14.8590000000002,0.119509168158334,33.7889459093921,15.0468000000001,14.807008394297,-2.20159738003397,-2.4060778107574
"3777314","2016-10-13",44.2486475699794,0,0.00469483568075224,0.170127244951192,15.2723607999548,14.3176392000455,14.7950000000002,-0.39554902715245,24.0635922046572,14.9248000000001,14.666073941724,-2.59158571379936,-2.44317939136579
"3777313","2016-10-14",45.8879613901035,0.136986301369862,0.0503569361373731,0.0767938427112678,15.3247502349965,14.1722497650038,14.7485000000002,-0.126319339668564,29.7905919020613,14.8212000000001,14.5705974161608,-2.76403287086598,-2.50735008726583
"3777312","2016-10-17",47.410181365933,0.178082191780822,0.105022831050229,0.0533582009561198,15.3242157624123,14.0681175709214,14.6961666666669,-0.0144236899982349,31.4606179084941,14.7328000000001,14.4958510940061,-2.83781925039079,-2.57344391989082
"3777311","2016-10-18",48.6996881272529,0.178082191780822,0.164383561643836,0.106587776277148,15.2999228819901,13.9870771180102,14.6435000000002,0.0530066444709225,31.4606179084941,14.6584000000001,14.4310709481386,-2.86550107868301,-2.63185535164926
"3777310","2016-10-19",49.2713923401733,0.258064516129032,0.20474296656356,0.15804978641921,15.3159240030503,13.93107599695,14.6235000000002,0.143643202845151,33.3006231729658,14.5900000000001,14.3829281550534,-2.82296948900443,-2.6700781791203
"3777309","2016-10-20",49.8022605378851,0.314516129032258,0.250220945647372,0.206449157951591,15.3039617127901,13.8783716205437,14.5911666666669,0.206904996319727,35.4769554611031,14.5644000000001,14.3505377343797,-2.71961425600956,-2.67998539449815
"3777308","2016-10-21",50.4226494035884,0.260162601626016,0.277581082262437,0.244181664824458,15.2934569057121,13.8232097609549,14.5583333333335,0.2041313757681,34.272652297131,14.5352000000001,14.313132703129,-2.64730650152791,-2.6734496159041
"3777307","2016-10-24",49.1897194387011,0.341463414634146,0.305380715097475,0.27772758100243,15.2642253217375,13.7984413449296,14.5313333333335,0.335355456771268,37.5348759676093,14.5052000000001,14.2940483427118,-2.50534738827803,-2.63982917037889
"3777306","2016-10-25",46.8518975275435,0.609756097560975,0.40379403794038,0.328918611766766,15.2458811836897,13.797452149644,14.5216666666669,0.549478894016851,46.9008659494657,14.4852000000001,14.3215085636836,-2.1816207579813,-2.54818748789937
"3777305","2016-10-26",43.7465540982273,0.666666666666666,0.53929539295393,0.416156715330597,15.2405535749437,13.7991130917233,14.5198333333335,0.726740775729391,51.4175512090657,14.4980000000001,14.3706407551924,-1.79743217727167,-2.39803642577383
"3777304","2016-10-27",40.9290165693382,0.664335664335664,0.64691947618777,0.530002969027362,15.2296943919848,13.8029722746823,14.5163333333335,0.740878488178382,51.6506575269465,14.4960000000001,14.4145553211668,-1.47056523649145,-2.21254218791735
"3777303","2016-10-28",38.2367937370172,0.65034965034965,0.660450660450661,0.615555176530789,15.2329664484212,13.8023668849125,14.5176666666669,0.690363075929665,51.1223339465319,14.4964000000001,14.4499479450112,-1.20888590010019,-2.01181093035392
"3777302","2016-10-31",36.0622094766384,0.72027972027972,0.678321678321679,0.661897271653372,15.2344827824829,13.8018505508508,14.5181666666669,0.757218839464478,53.6738874856226,14.4968000000001,14.4939548856764,-0.935147716322993,-1.79647828754774
"3777301","2016-11-01",33.8127672688714,0.55944055944056,0.643356643356645,0.660709660709664,15.2126525044005,13.8063474955999,14.5095000000002,0.633091090122832,47.5283548796917,14.4904000000001,14.5014275675862,-0.83652726726734,-1.60448808349166
"3777300","2016-11-02",32.0713903752465,0.40650406504065,0.562074781586978,0.627917701088436,15.1765609674351,13.810105699232,14.4933333333335,0.54390923098325,45.109967661148,14.4756000000001,14.4945705585747,-0.804680484431164,-1.44452656367956
"3777299","2016-11-03",30.3695269403647,0.452991452991452,0.472978692490889,0.559470039144839,15.1465731397192,13.8160935269479,14.4813333333335,0.604223067633216,47.6897725303166,14.4656000000001,14.5006278174314,-0.721111016712761,-1.2998434542862
"3777298","2016-11-04",28.2430895724409,0.564102564102564,0.47453269404489,0.503195389374254,15.1267722364014,13.8228944302657,14.4748333333335,0.711037158061597,51.2536365110109,14.4664000000001,14.5232107751072,-0.576010706660424,-1.15507690476104
"3777297","2016-11-07",26.8676275280993,0.639639639639639,0.552244552244553,0.499918646260112,15.1307691705226,13.8212308294777,14.4760000000002,0.811051093783266,54.1030307157263,14.4648000000001,14.5574493384263,-0.395554714197999,-1.00317246664843
"3777296","2016-11-08",25.6997300401407,0.774774774774775,0.659505659505661,0.562094301931703,15.183929464994,13.8040705350064,14.4940000000002,0.861872741105216,57.7313996394028,14.4692000000001,14.6071227599694,-0.167968927014095,-0.836131758721567
"3777295","2016-11-09",25.3037749542232,0.536,0.650138138138139,0.620629449962786,15.2243913941111,13.7952752725559,14.5098333333335,0.796337011116323,52.1117398044376,14.4652000000001,14.6248397253068,-0.0916591558214552,-0.687237238141545
"3777294","2016-11-10",25.1890105823202,0.764227642276422,0.6916674723504,0.667103756664735,15.2989229006126,13.8474104327211,14.5731666666669,0.936441307955179,60.2303628372288,14.4772000000001,14.6895277619326,0.170132191004257,-0.515763352312384
"3777293","2016-11-11",24.5847118386649,0.589473684210526,0.629900442162317,0.657235350883621,15.3392515922621,13.9130817410717,14.6261666666669,0.82289281645902,57.398098512829,14.4844000000001,14.7322573936749,0.318307682779007,-0.348949145294106
"3777292","2016-11-14",23.8858428556624,0,0.451233775495651,0.590933896669458,15.3207984267535,13.9958682399135,14.6583333333335,0.526416486202406,43.8518094390862,14.4684000000001,14.6879564078516,0.100386120212126,-0.25908209219286
"3777291","2016-11-15",23.2368930857315,0.48,0.356491228070177,0.479208481909383,15.3140598517495,14.0906068149175,14.7023333333335,0.691534391822619,53.2096423132769,14.4836000000001,14.713562220138,0.188611059134658,-0.169543461927356
"3777290","2016-11-16",22.8162070807656,0.42,0.300000000000001,0.369241667855278,15.2977766697682,14.1835566635655,14.7406666666669,0.640008256117635,52.0420568779939,14.4960000000001,14.7277539241196,0.222974497525019,-0.0910398700368811
"3777289","2016-11-17",22.4255700761544,0.44,0.446666666666668,0.367719298245617,15.2714826935158,14.2811839731513,14.7763333333335,0.611414193580435,52.4168699807078,14.5396000000001,14.7427200675704,0.258121413475076,-0.0212076133344896
"3777288","2016-11-18",21.8274864685853,0.49,0.450000000000001,0.398888888888892,15.2150167500665,14.4189832499339,14.8170000000002,0.650328681703156,53.3974622724626,14.5772000000001,14.7623573918943,0.309660765746567,0.0449660624817216
"3777287","2016-11-21",20.8961733583941,0.549999999999999,0.493333333333334,0.463333333333336,15.1762823509455,14.5290509823882,14.8526666666669,0.732786409908315,54.6063785617088,14.6148000000001,14.7873764063084,0.378757103585525,0.111724270702482
"3777286","2016-11-22",19.4381710314996,0.69,0.576666666666667,0.506666666666669,15.2051437053628,14.5555229613043,14.8803333333335,0.909982802687669,57.3842867799255,14.6580000000001,14.8277262188006,0.503696414689814,0.190118699499949
"3777285","2016-11-23",18.2953611551623,0.66,0.633333333333334,0.56777777777778,15.2390107850952,14.5513225482385,14.8951666666668,0.860870890857175,56.5851820868607,14.6976000000001,14.8586960562939,0.579323881070071,0.267959735813973
"3777284","2016-11-25",17.3212808721703,0.83,0.726666666666668,0.645555555555558,15.2940997521195,14.5365669145475,14.9153333333335,0.959386026241682,59.985650926461,14.7412000000001,14.908203248788,0.722622321169619,0.358892252885102
"3777283","2016-11-28",16.443235199298,0.660194174757282,0.716731391585762,0.692243797195256,15.3287292853706,14.5426040479631,14.9356666666668,0.832008168139439,55.8303882357585,14.7816000000001,14.931109482283,0.746006973317903,0.436315196971662
"3777282","2016-11-29",15.6279070744879,0.844660194174757,0.778284789644014,0.740560949298816,15.3792486124774,14.5334180541896,14.9563333333335,0.906306751747292,59.6437574609489,14.8256000000001,14.9762948846452,0.856816389532389,0.520415435483808
"3777281","2016-11-30",14.6620452290611,0.864077669902912,0.789644012944985,0.761553398058255,15.4223817579462,14.5532849087209,14.9878333333335,0.889868325532635,60.034893049305,14.8572000000001,15.0181222333592,0.943888033904394,0.605109955167925
"3777280","2016-12-01",13.8684057544356,0.844660194174757,0.851132686084143,0.806353829557716,15.4325996329048,14.6184003670955,15.0255000000002,0.845329059449599,59.414744790129,14.8804000000001,15.051705935578,0.990244380164285,0.682136840167197
"3777279","2016-12-02",13.131454813712,0.844660194174757,0.851132686084143,0.830636461704425,15.4368665769425,14.6814667563912,15.0591666666668,0.80999036575836,59.414744790129,14.9032000000001,15.0808118108342,1.01491978072217,0.748693428278191
"3777278","2016-12-05",12.3012124371242,0.819672131147542,0.836330839832353,0.846198737333548,15.4584747021863,14.719525297814,15.0890000000002,0.84869324630602,60.5949381756654,14.9288000000001,15.1127035693897,1.0487646561941,0.808707673861373
"3777277","2016-12-06",11.8257768530035,0.841269841269842,0.835200722197381,0.840888082704627,15.4919923573597,14.7360076426406,15.1140000000002,0.856268226181313,61.3216935939238,14.9516000000001,15.1443430934711,1.07877576462501,0.8627212920141
"3777276","2016-12-07",11.9434500740888,0.816901408450703,0.825947793622697,0.832493118550812,15.5401957770936,14.7348042229067,15.1375000000002,0.904565123186714,63.0348243343114,14.9864000000001,15.1810973476749,1.1264023849191,0.9154575105951
"3777275","2016-12-08",12.0527180650967,0.863636363636364,0.840602537785637,0.833917017868573,15.5843554754162,14.7463111912508,15.1653333333335,0.88740991711415,64.0156313872639,15.0268000000001,15.2182843679849,1.17138113079434,0.966642234634947
"3777274","2016-12-09",12.8878967594926,0.810810810810813,0.830449527632628,0.832333286346989,15.6441007451488,14.7255659215182,15.1848333333335,0.948358976424334,66.1893885786051,15.0672000000001,15.2625131189203,1.23980683880083,1.02127515546812
"3777273","2016-12-12",12.475634578929,0.405063291139241,0.693170155195474,0.788074073537914,15.6887183721076,14.7259482945594,15.2073333333335,0.842068517721099,58.9459881770901,15.0956000000001,15.2781780363976,1.19009958984773,1.05504004234404
"3777272","2016-12-13",13.4238906810734,0,0.405291367316686,0.642970350048264,15.6522462165427,14.7987537834577,15.2255000000002,0.302185319062218,43.3270277004183,15.0988000000001,15.2224209648779,0.865852371823239,1.01720250823988
"3777271","2016-12-14",14.3044142044932,0.111111111111112,0.172058134083452,0.423506552198539,15.6439765523147,14.8230234476857,15.2335000000002,0.333323812819547,46.5532423718469,15.1004000000001,15.1887648362275,0.65923775930159,0.945609558452225
"3777270","2016-12-15",15.1220431905259,0.111111111111112,0.074074074074076,0.21714119182474,15.6312643813692,14.8514022852978,15.2413333333335,0.258931738127492,46.5532423718469,15.1096000000001,15.1595961913972,0.489693146100612,0.854426275981902
"3777269","2016-12-16",15.8812701061276,0.141414141414142,0.121212121212123,0.122448109789885,15.6163128868086,14.8813537798585,15.2488333333335,0.211321807348854,47.4985785303989,15.1052000000001,15.1383166992109,0.366971416636064,0.756935304112734
"3777268","2016-12-19",15.6880125674757,0.0505050505050512,0.101010101010103,0.0987654320987689,15.6076332455647,14.898700087769,15.2531666666669,0.17580394455221,44.9310380671748,15.1012000000001,15.1078744726494,0.219057867083561,0.6493598167069
"3777267","2016-12-20",15.6025280594817,0.0303030303030314,0.074074074074076,0.0987654320987689,15.6120176973196,14.8899823026808,15.2510000000002,0.0969726662142579,44.3572213632986,15.1208000000001,15.0788245429628,0.0899231163943304,0.537472476644386
"3777266","2016-12-21",14.9062593786942,0.141414141414142,0.074074074074076,0.0830527497194198,15.6142716221607,14.8797283778396,15.2470000000002,0.254495960955719,48.270262231407,15.1256000000001,15.0683146039011,0.0458626998329326,0.439150521282095
"3777265","2016-12-22",15.1175940207183,0,0.0572390572390589,0.0684624017957385,15.6233679338562,14.8526320661442,15.2380000000002,0.143630615657961,42.9478173214085,15.1256000000001,15.0352059900476,-0.0846874598105507,0.334382925063566
"3777264","2016-12-23",15.3138333311692,0.194174757281553,0.111862966231899,0.0810586991816796,15.6197951681451,14.8388714985219,15.2293333333335,0.321578806286219,49.5978361179636,15.1328000000001,15.033178524708,-0.0799416799788233,0.251518004055088
"3777263","2016-12-27",15.4960555480165,0.262135922330097,0.152103559870551,0.107068527780505,15.6186588463483,14.8336744869854,15.2261666666669,0.381738620360718,51.719025122032,15.1408000000001,15.0407547214136,-0.0381552353302173,0.193583356178027
"3777262","2016-12-28",15.6652618922318,0.271844660194174,0.242718446601942,0.168894990901466,15.6107781979986,14.8248884686684,15.2178333333335,0.392478554119537,52.0296169428966,15.1468000000001,15.0486540918918,0.000305520785004454,0.154927789099423
"3777261","2016-12-29",15.8223820690032,0.271844660194174,0.268608414239483,0.22114347357066,15.5994351167111,14.8168982166226,15.2081666666669,0.404370856728848,52.0296169428967,15.1472000000001,15.0555002129729,0.0304175453505584,0.13002574034965
"3777260","2016-12-30",15.3293248830573,0.281553398058252,0.275080906148868,0.262135922330099,15.590138388004,14.8121949453297,15.2011666666669,0.455652303101126,52.384862287734,15.1492000000001,15.0627668512431,0.0589462415673925,0.115809840593198
"3777259","2017-01-03",15.0017578543793,0.428571428571429,0.327323162274619,0.290337494220991,15.580944476309,14.8060555236914,15.1935000000002,0.43095784909637,51.5624241980828,15.1436000000001,15.0663979377441,0.0700207222359639,0.106652016921751
"3777258","2017-01-04",14.6132083294915,0.660377358490566,0.45683406170675,0.35307937671008,15.5670488449298,14.8049511550705,15.1860000000002,0.513996455846039,54.6307646358037,15.1472000000001,15.0802115460449,0.120230123202547,0.109367638177911
"3777257","2017-01-05",14.3257787305524,0.73913043478261,0.609359740614869,0.464505654865414,15.5465218738849,14.8061447927821,15.1763333333335,0.518459062301236,54.1688460630453,15.1428000000001,15.0908500065722,0.152860453217274,0.118066201185783
"3777256","2017-01-06",13.6036452676315,0.749999999999998,0.716502597757726,0.594232133359783,15.5110888481428,14.8172444851909,15.1641666666669,0.580469535121129,54.9885663257638,15.1384000000001,15.1027366723626,0.187214045617612,0.131895770072149
"3777255","2017-01-09",12.66584501603,0.843137254901961,0.77742256322819,0.701094967200263,15.4716158070055,14.8353841929948,15.1535000000002,0.693587781484262,57.8313714091172,15.1376000000001,15.1223717827142,0.248883558237911,0.155293327705301
"3777254","2017-01-10",12.1435346902144,0.764705882352943,0.785947712418301,0.759957624468074,15.385858626694,14.8861413733063,15.1360000000002,0.721458566651945,55.6677822734685,15.1352000000001,15.134055545019,0.273184202439203,0.178871502652082
"3777253","2017-01-11",13.125678458201,0.352941176470588,0.653594771241831,0.738988348962776,15.28301392905,14.9419860709504,15.1125000000002,0.365602377503924,45.9486398249403,15.1224000000001,15.1161814723498,0.178370394832905,0.178771281088246
"3777252","2017-01-12",14.2086896569407,0.294117647058824,0.470588235294119,0.636710239651419,15.2846880165386,14.9359786501284,15.1103333333335,0.221831389277715,44.746729760282,15.1072000000001,15.0966906093698,0.0861436360267476,0.160245752075947
"3777251","2017-01-13",15.2143429129133,0.0555555555555545,0.234204793028323,0.452795933188093,15.2857232440296,14.9262767559708,15.1060000000002,0.232922693114516,45.7652516467002,15.0900000000001,15.0824651947872,0.0234084184906225,0.132878285358882
"3777250","2017-01-17",16.6134943584451,0,0.116557734204794,0.27378358750908,15.2922634655267,14.909069867807,15.1006666666668,0.0981143711256802,42.3985253957418,15.0680000000001,15.0594698354822,-0.068425731307864,0.0926174820255326
"3777249","2017-01-18",17.9127064150103,0.0714285714285699,0.0423280423280424,0.131030189853721,15.2963045788246,14.8973620878424,15.0968333333335,0.157009878800792,44.0604334720852,15.0436000000001,15.0435405240846,-0.123800174112532,0.0493339507979198
"3777248","2017-01-19",18.4139888731147,0.119047619047621,0.0634920634920645,0.0741259466749683,15.2974268210509,14.8932398456161,15.0953333333335,0.24764154661229,45.1956580587442,15.0268000000001,15.03240178754,-0.155216368250144,0.00842388698830704
"3777247","2017-01-20",18.8794654413544,0.119047619047621,0.103174603174605,0.0696649029982386,15.2952993953637,14.8983672713033,15.0968333333335,0.23085238795827,45.1956580587442,15.0308000000001,15.022748215868,-0.178093136769686,-0.0288795177632915
"3777246","2017-01-23",19.0660172560395,0.0952380952380932,0.111111111111113,0.0925925925925953,15.2965452447657,14.8894547552346,15.0930000000002,0.246985000512248,44.669982428005,15.0300000000001,15.0130484537523,-0.199327549384087,-0.0629691240874507
"3777245","2017-01-24",19.2392439411043,0.238095238095237,0.150793650793651,0.121693121693124,15.2933544827905,14.8993121838766,15.0963333333335,0.331659358611112,48.5376296152282,15.0316000000001,15.012641993252,-0.181816829860071,-0.0867386652419747
"3777244","2017-01-25",18.8791970654865,0.357142857142858,0.230158730158731,0.164021164021166,15.2928591839916,14.8984741493421,15.0956666666668,0.451823729779547,51.5754038013446,15.0340000000001,15.0189563941517,-0.139455495805063,-0.0972820313545924
"3777243","2017-01-26",18.1676820458797,0.357142857142858,0.317460317460319,0.232804232804235,15.2897908492385,14.8968758174285,15.0933333333335,0.483032803209041,51.5754038013446,15.0400000000001,15.0244288749315,-0.104683253582694,-0.0987622758002127
"3777242","2017-01-27",17.5069895276733,0.404761904761905,0.373015873015875,0.306878306878309,15.2873023825608,14.8960309507729,15.0916666666668,0.521298087864666,52.8661127404947,15.0476000000001,15.0318383582739,-0.0656363351936418,-0.0921370876788985
"3777241","2017-01-30",17.2246275000438,0.341463414634148,0.367789392179638,0.352755194218612,15.2837431356658,14.8942568643345,15.0890000000002,0.476892638681674,50.6838460898898,15.0496000000001,15.0342599105041,-0.0502230096744438,-0.0837542720780075
"3777240","2017-01-31",16.2834718838823,0.482758620689659,0.409661313361905,0.38348885951914,15.2770234247352,14.8939765752652,15.0855000000002,0.529152221671938,50.6838460898898,15.0588000000001,15.0363585891035,-0.0375755209045314,-0.0745185218433123
"3777239","2017-02-01",15.4095416688751,0.678571428571428,0.500931154631746,0.426127286724431,15.2747959280864,14.8938707385806,15.0843333333335,0.584881058601307,54.3280145578359,15.0620000000001,15.0448441105564,-0.000722413975073888,-0.0597593002696646
"3777238","2017-02-02",14.5980350406542,0.678571428571428,0.61330049261084,0.507964320201498,15.2644456179137,14.8962210487533,15.0803333333335,0.598671670431984,54.3280145578359,15.0624000000001,15.0521982291489,0.0281433274387677,-0.0421787747279782
"3777237","2017-02-03",14.4432601126225,0.727272727272728,0.694805194805196,0.603012280682595,15.2628023653216,14.8968643013454,15.0798333333335,0.773725738115595,57.9331272218554,15.0644000000001,15.0652384652624,0.076902882420149,-0.0183624432983528
"3777236","2017-02-06",16.0187506648475,0.560000000000002,0.655281385281387,0.654462357565809,15.2799968193129,14.8870031806875,15.0835000000002,1.03393569948644,62.4070462469698,15.0692000000001,15.0858733365607,0.151203760448526,0.015550797451023
"3777235","2017-02-07",18.0664492420214,0.338983050847459,0.542085259373398,0.630723946486662,15.2808231189241,14.8865102144096,15.0836666666668,0.997912523494212,55.9938715369005,15.0708000000001,15.0944235583526,0.170618192282346,0.0465642764172876
"3777234","2017-02-08",19.6886677129199,0.305084745762714,0.401355932203393,0.532907525619394,15.2808231189241,14.8865102144096,15.0836666666668,0.91337729030327,54.2776355539923,15.0724000000001,15.0991670839056,0.1733017346079,0.0719117680554101
"3777233","2017-02-09",21.3146125022256,0.711864406779661,0.451977401129946,0.465139530902247,15.3446126251063,14.857387374894,15.1010000000002,1.14104504681777,67.2498844473034,15.0804000000001,15.1352781393849,0.300000999119288,0.117529614268186
"3777232","2017-02-10",23.1151795949519,0.777777777777776,0.598242310106718,0.483858547813354,15.4118555161212,14.8358111505458,15.1238333333335,1.10093750994462,69.5739921831077,15.0912000000001,15.1745743874669,0.427047838494254,0.179433259113399
"3777231","2017-02-13",22.1598370592152,0.32,0.603214061519147,0.551144590918605,15.4256633525268,14.8473366474735,15.1365000000002,0.719310870870927,54.3453297040511,15.0924000000001,15.1792978024713,0.405899169840507,0.224726441258821
"3777230","2017-02-14",21.7833805643478,0.479999999999997,0.525925925925926,0.575794099183932,15.4445127164828,14.8678206168509,15.1561666666669,0.818772068232784,57.9497498656877,15.0940000000001,15.1940580954751,0.426687252771329,0.265118603561323
"3777229","2017-02-15",21.7097202044724,0.579999999999998,0.46,0.529713329148359,15.4677632904414,14.8872367095589,15.1775000000002,0.860305063634669,60.0715169656799,15.0992000000001,15.2135170160784,0.464250596554039,0.304945002159866
"3777228","2017-02-16",21.6413212988738,0.699999999999999,0.586666666666666,0.524197530864198,15.4958286516486,14.9025046816851,15.1991666666669,0.883433017233038,62.5157567271017,15.1152000000001,15.2383814139346,0.519672982069186,0.34789059814173
"3777227","2017-02-17",21.5778080293893,0.699999999999999,0.66,0.56888888888889,15.5158999077944,14.9254334255393,15.2206666666669,0.83758619553115,62.5157567271017,15.1324000000001,15.2599305587434,0.5569931845681,0.389711115427004
"3777226","2017-02-21",22.3583823100051,0.666666666666667,0.688888888888889,0.645185185185186,15.5397116509871,14.9499550156799,15.2448333333335,0.887447951104073,63.382319322441,15.1496000000001,15.2812731509109,0.590176893204375,0.429804270982478
"3777225","2017-02-22",23.0832012848626,0.791666666666668,0.719444444444446,0.689444444444446,15.566571393387,14.9704286066134,15.2685000000002,0.893921286214138,65.9271865273562,15.1724000000001,15.3077700641228,0.640558813046566,0.471955179395296
"3777224","2017-02-23",24.1958750285141,0.85714285714286,0.771825396825399,0.726719576719579,15.6057504334488,14.9809162332182,15.2933333333335,0.948118876810024,68.6634443975306,15.1968000000001,15.3400673889064,0.708901653513716,0.51934447421898
"3777223","2017-02-24",24.0105246437099,0.653061224489795,0.767290249433109,0.752853363567652,15.62367079294,15.0043292070603,15.3140000000002,0.800318926163528,61.1130501179858,15.2164000000001,15.3547250703856,0.702178828215172,0.555911345018218
"3777222","2017-02-27",24.1863472411907,0.865384615384615,0.791862899005758,0.776992848421423,15.6568868440417,15.021446489292,15.3391666666669,0.91572220695761,66.3009308793677,15.2412000000001,15.3847617276675,0.756218211386939,0.595972718291962
"3777221","2017-02-28",24.552323156694,0.927272727272729,0.815239522382381,0.791464223607083,15.6902704072978,15.0453962593692,15.3678333333335,0.94272204261383,68.396553753724,15.2688000000001,15.4187934973118,0.820684998837184,0.640915174401007
"3777220","2017-03-01",26.4092811491136,0.628205128205127,0.806954156954158,0.8046855261141,15.750883617057,15.05478304961,15.4028333333335,1.06577074025032,70.3801906087081,15.2964000000001,15.4562876976702,0.892435899532074,0.69121931942722
"3777219","2017-03-02",28.3417724463641,0.785714285714284,0.780397380397381,0.800863686577974,15.8355797821308,15.0514202178696,15.4435000000002,1.12040944493001,75.1411190511654,15.3288000000001,15.5114493379809,1.02544759353909,0.758064974249593
"3777218","2017-03-03",30.667911923189,0.72549019607843,0.713136536665948,0.76682935800583,15.932253319822,15.0474133468451,15.4898333333335,1.12553683931982,77.0135549325248,15.3644000000001,15.5699227595834,1.15806723759022,0.838065426917719
"3777217","2017-03-06",32.0105511511142,0.617021276595744,0.709408586129487,0.73431416773094,15.9969401495734,15.0627265170936,15.5298333333335,0.981866942437503,71.2351938822388,15.3960000000001,15.6099330583056,1.20701318733727,0.911854979001629
"3777216","2017-03-07",33.6011849637835,0.773195876288661,0.705235782987613,0.709260301927684,16.102197945288,15.044468721379,15.5733333333335,1.05779871318993,76.4648373808403,15.4376000000001,15.6739419838649,1.34300174791975,0.998084332785253
"3777215","2017-03-08",35.3311168030965,0.860000000000003,0.750072384294803,0.721572251137302,16.224253190865,15.0250801424687,15.6246666666669,1.0687252568859,79.5576423802522,15.4860000000001,15.7520830526829,1.51907792274808,1.10228305077782
"3777214","2017-03-09",35.5617505114374,0.71,0.781065292096222,0.745457819792881,16.2895039297461,15.0524960702543,15.6710000000002,0.906087422548408,70.7260003953362,15.5264000000001,15.7998053123252,1.5625222950195,1.19433089962615
"3777213","2017-03-10",35.7759103834683,0.724489795918367,0.764829931972791,0.765322536121273,16.3543540747937,15.0646459252067,15.7095000000002,0.867395781351681,71.1853010424637,15.5676000000001,15.8438312706818,1.58809837161331,1.27308439402359
"3777212","2017-03-13",34.5378563724748,0.526315789473685,0.653601861797352,0.73316569528879,16.3819933814344,15.0893399518993,15.7356666666669,0.699331592505149,61.7890670127872,15.5996000000001,15.8579871012576,1.49910423519546,1.31828836225796
"3777211","2017-03-14",32.2443087464496,0.336842105263158,0.529215896885071,0.649215896885073,16.3759507442139,15.1550492557864,15.7655000000002,0.577401822256376,54.0988868946926,15.6216000000001,15.8462554877566,1.32178202429929,1.31898709466623
"3777210","2017-03-15",30.5875690260646,0.473684210526317,0.445614035087721,0.542810597923383,16.3815463842738,15.2131202823933,15.7973333333335,0.653482820218174,58.1500127445729,15.6516000000001,15.8534214227224,1.23322178472058,1.3018340326771
"3777209","2017-03-16",29.0491678571356,0.426829268292683,0.412451861360721,0.462427264444506,16.3854959179462,15.2695040820542,15.8275000000002,0.645610384210303,59.0482429259804,15.6836000000001,15.8636318996927,1.16482589438487,1.27443240501865
"3777208","2017-03-17",27.1113275325255,0.276315789473684,0.392276422764229,0.416780773070892,16.3786890007915,15.3239776658756,15.8513333333335,0.549302589512757,55.6199618908974,15.7028000000001,15.861814313067,1.0577180715778,1.23108953833048
"3777207","2017-03-20",25.5501798092159,0.414285714285716,0.372476924017362,0.392401736047439,16.3732237610769,15.3884429055901,15.8808333333335,0.6311628530823,59.9970400046058,15.7252000000001,15.8789057379914,1.03209409187541,1.19129044903947
"3777206","2017-03-21",23.8026689925874,0.238095238095239,0.309565580618214,0.35810630913327,16.3621318290226,15.4492015043111,15.9056666666669,0.570469050695054,56.9714598552964,15.7536000000001,15.8843849729259,0.96500878819834,1.14603411687124
"3777205","2017-03-22",22.9913797165021,0.0158730158730156,0.222751322751325,0.301597942462301,16.3416837306005,15.5033162693999,15.9225000000002,0.401594463265499,51.3897179578749,15.7732000000001,15.8704669765358,0.831128474750531,1.0830529884471
"3777204","2017-03-23",21.8982839823801,0.142857142857143,0.132275132275133,0.221530678548225,16.3269276229371,15.5517390437299,15.9393333333335,0.462159745228026,54.1538687455741,15.7940000000001,15.8690713796643,0.756998796291586,1.017842150016
"3777203","2017-03-24",20.8832665149812,0.238095238095239,0.132275132275133,0.162433862433865,16.2929289891995,15.6307376774675,15.9618333333335,0.482130038368258,56.1670382939439,15.8148000000001,15.8758618623758,0.720450130272576,0.958363746067313
"3777202","2017-03-27",20.0676543174212,0.206349206349208,0.195767195767198,0.153439153439156,16.26641896875,15.690247697917,15.9783333333335,0.42189822318782,55.2954122704353,15.8348000000001,15.8790802807257,0.673530204894091,0.901397037832669
"3777201","2017-03-28",18.999080975053,0.283018867924528,0.242487770789659,0.190176699610665,16.2406385499069,15.7466947834269,15.9936666666669,0.431841094165885,56.0302431721885,15.8548000000001,15.8845362432956,0.639126806732415,0.848942991612618
"3777200","2017-03-29",17.6982434910479,0.423076923076925,0.304148332450221,0.247467766335694,16.2347751134045,15.7748915532625,16.0048333333335,0.532979362562545,58.5955263489892,15.8752000000001,15.8985980775228,0.639995980861641,0.807153589462422
"3777199","2017-03-30",16.490322970186,0.638888888888891,0.448328226630116,0.331654776623333,16.2371641636006,15.7821691697331,16.0096666666669,0.537363048448766,58.9638541139623,15.8932000000001,15.9121183338531,0.638316658039284,0.773386203177795
"3777198","2017-03-31",16.0905729290745,0.738095238095232,0.60002035002035,0.450832303033564,16.2452049453184,15.7814617213487,16.0133333333335,0.722824459727106,61.8850283463859,15.9184000000001,15.934502556006,0.669705021940437,0.752649966930323
"3777197","2017-04-03",16.4256356950686,0.807692307692305,0.728225478225477,0.592191351625316,16.2761608371519,15.7758391628485,16.0260000000002,0.914400062963109,65.8159172480135,15.9432000000001,15.9699022152052,0.746446531700173,0.751409279884293
"3777196","2017-04-04",16.8570943731428,0.833333333333334,0.793040293040292,0.707095373762041,16.2947767195191,15.7668899471479,16.0308333333335,0.93412087337804,66.7394437621911,15.9668000000001,16.0045819198445,0.812651598922054,0.763657743691845
"3777195","2017-04-05",17.5576377489022,0.88135593220339,0.840793857743011,0.787353209669595,16.299169522311,15.7641638110227,16.0316666666669,1.04516551975518,68.8538629726025,15.9908000000001,16.0439709971986,0.889699284536083,0.788866051860693
"3777194","2017-04-06",18.3852354466959,0.854838709677419,0.856509325071382,0.830114491951563,16.3337345740632,15.7462654259371,16.0400000000002,1.01066511485199,69.1555284176439,16.0084000000001,16.0794415309055,0.944441791221595,0.819981199732874
"3777193","2017-04-07",19.2736532874581,0.890625,0.875606547293604,0.857636576702667,16.3720404367416,15.7269595632588,16.0495000000002,1.00200423953786,70.3908826616911,16.0244000000001,16.1155159934514,0.995982095149039,0.855181378816107
"3777192","2017-04-10",20.3949543297585,0.927536231884062,0.890999980520495,0.874371950961829,16.4341795016887,15.709153831645,16.0716666666669,1.00343045092162,72.4689503020771,16.0464000000001,16.1561138609912,1.05916479822314,0.895978062697514
"3777191","2017-04-11",19.0123193352392,0.491803278688526,0.769988170190864,0.845531566001656,16.4440105047049,15.7353228286288,16.0896666666668,0.683908000284098,56.5839430388197,16.0492000000001,16.156632012859,0.968014091704172,0.910385268498846
"3777190","2017-04-12",18.3951251988569,0.561403508771929,0.66024767311484,0.773745274608734,16.4664695278,15.7445304722004,16.1055000000002,0.760178933216402,58.8268542534938,16.0476000000001,16.1650810778112,0.915169857666354,0.911342186332348
"3777189","2017-04-13",17.1968556237512,0.350877192982459,0.468027993480972,0.632754612262227,16.470718901655,15.7559477650121,16.1133333333335,0.54663497394385,52.9366197028406,16.0472000000001,16.1564036007697,0.80411568984704,0.889896887035286
"3777188","2017-04-17",16.347947128269,0.254545454545453,0.388942052099948,0.505739239565255,16.4680185225042,15.7796481441629,16.1238333333335,0.484746583626271,51.0999099705316,16.0444000000001,16.1435497873337,0.688204951892568,0.849558500006743
"3777187","2017-04-18",15.4912120390835,0.312500000000002,0.305974215842639,0.387648087141188,16.474904864804,15.791761801863,16.1333333333335,0.597588148490413,54.500145553542,16.0520000000001,16.1430764823559,0.629093256516744,0.805465451308743
"3777186","2017-04-19",14.892422222119,0.574468085106383,0.38050451321728,0.358473593719957,16.4896725489689,15.8096607843648,16.1496666666668,0.716172730607682,59.4361603727703,16.0720000000001,16.1599996180418,0.639807746542598,0.772333910355514
"3777185","2017-04-20",14.599884272139,0.634146341463418,0.507038142189935,0.397838957083286,16.4932563573475,15.8564103093195,16.1748333333335,0.764585138781313,61.1804872126755,16.0888000000001,16.1813330023029,0.665456464760283,0.750958421236468
"3777184","2017-04-21",14.3956416272218,0.707317073170738,0.638643833246847,0.508728829551356,16.5020355948518,15.8932977384819,16.1976666666668,0.777623607980674,62.2299623580857,16.1056000000001,16.2038219353292,0.692586508279902,0.739284038645155
"3777183","2017-04-24",14.7922313817761,0.790697674418605,0.710720363017588,0.618800779484792,16.5197680662685,15.9235652670652,16.2216666666668,0.849433671917625,63.9778946368815,16.1276000000001,16.2299790106186,0.730358098201145,0.737498850556353
"3777182","2017-04-25",15.2849741388639,0.866666666666662,0.788227138085336,0.712530444783259,16.5343163746186,15.9626836253818,16.2485000000002,0.88748654673049,65.6879438616649,16.1460000000001,16.2593151425361,0.775943327625273,0.745187745970137
"3777181","2017-04-26",16.2220985618255,0.716981132075475,0.791448491053582,0.763465330718837,16.5468455443815,16.0031544556188,16.2750000000002,0.895445142367685,65.0230966566849,16.1668000000001,16.2834064568646,0.797667981682548,0.755683793112619
"3777180","2017-04-27",17.0922855260042,0.735849056603773,0.773165618448638,0.78428041586252,16.5578371843961,16.0384961489376,16.2981666666669,0.856541567147698,65.4002292641675,16.1936000000001,16.3056189292827,0.810305996133387,0.766608233716773
"3777179","2017-04-28",18.6583075907475,0.777777777777778,0.74353598881901,0.769383366107078,16.5860077119678,16.0673256213659,16.3266666666669,1.02055007275558,68.9998831254541,16.2212000000001,16.338203072045,0.859624189490504,0.785211424871519
"3777178","2017-05-01",20.7120683530098,0.792207792207796,0.76861154219645,0.761771049821368,16.6506430183443,16.0633569816561,16.3570000000002,1.12377327306976,72.6738251048474,16.2512000000001,16.382442662439,0.946572282127711,0.817483596322758
"3777177","2017-05-02",23.0426126081578,0.853932584269664,0.807972718085081,0.773373416366848,16.7497107725724,16.027289227428,16.3885000000002,1.15728013861797,76.4335631162153,16.2880000000001,16.4407836407805,1.07612868309115,0.869212613676436
"3777176","2017-05-03",22.8566583240869,0.544444444444445,0.730194940307303,0.76892640019628,16.7881599118342,16.0315067548329,16.4098333333335,0.865865563067599,60.3403210251744,16.3132000000001,16.4553458220097,1.03390958711587,0.902152008364322
"3777175","2017-05-04",22.6839864888782,0.600000000000002,0.666125676238038,0.734764444876809,16.8237318664618,16.0329348002052,16.4283333333335,0.835104935649618,61.9385383161102,16.3376000000001,16.4746330457418,1.01315807035303,0.924353220762063
"3777174","2017-05-05",22.4450870912748,0.548780487804877,0.564408310749776,0.653576309098374,16.8478607894456,16.0394725438881,16.4436666666669,0.751116961578051,61.4055606503646,16.3612000000001,16.4900153063095,0.980388390533138,0.935560254716278
"3777173","2017-05-08",23.0897642531573,0.666666666666667,0.605149051490516,0.611894346159445,16.8962282200621,16.0337717799383,16.4650000000002,0.888425414217677,65.8376500721171,16.3872000000001,16.5220132654683,1.01102431400575,0.950653066574172
"3777172","2017-05-09",23.8991394278715,0.74626865671642,0.653905270395989,0.607820877545429,16.9536423803206,16.0203576196798,16.4870000000002,0.917521728736802,68.3536281978287,16.4120000000001,16.5617448300725,1.06652333054844,0.973827119369026
"3777171","2017-05-10",24.650702090106,0.781250000000004,0.731395107794365,0.663483143226958,17.0029991646498,16.0386675020173,16.5208333333335,0.889734515516346,69.1687338652903,16.4368000000001,16.6001788527295,1.11181139678789,1.0014239748528
"3777170","2017-05-11",23.1923754834333,0.271186440677966,0.599568365798131,0.66162291466283,17.0118402581655,16.0651597418349,16.5385000000002,0.614258891780873,54.5437231556052,16.4472000000001,16.5948216723656,0.995096942375051,1.00015856835725
"3777169","2017-05-12",21.8947886612456,0.25454545454545,0.435660631741141,0.58887470177788,17.0045509562833,16.1241157103837,16.5643333333335,0.612444385275218,55.2465200900568,16.4580000000001,16.5928454493835,0.901946552074673,0.980516165100734
"3777168","2017-05-15",20.6898866120713,0.363636363636364,0.296456086286595,0.443895027941957,16.9823533741117,16.201979959222,16.5921666666669,0.599738576235515,57.3756385299739,16.4696000000001,16.599132722799,0.847525729550203,0.953918077990628
"3777167","2017-05-16",19.5710489949809,0.37037037037037,0.329517396184063,0.353878038070601,16.9633365322951,16.2686634677053,16.6160000000002,0.587331249416294,57.7365258621564,16.4788000000001,16.6059150264258,0.800008324459833,0.923136127284469
"3777166","2017-05-17",19.5888722574508,0,0.244668911335579,0.290214131268747,16.9487040385155,16.2982959614849,16.6235000000002,0.228119407525145,45.3354890944814,16.4864000000001,16.5717930229024,0.60943589453315,0.860396080734205
"3777165","2017-05-18",19.6054224297443,0.0312499999999995,0.133873456790124,0.23601992143659,16.9392995694428,16.3173670972242,16.6283333333335,0.197180414681247,46.1656461745637,16.4924000000001,16.5448872865154,0.462696292727993,0.780856123132963
"3777164","2017-05-19",19.1058329100414,0.265624999999998,0.0989583333333337,0.159166900486347,16.9270686108163,16.3492647225174,16.6381666666669,0.370486622106622,52.0474732535814,16.5092000000001,16.5415689816467,0.41477481855059,0.707639862216488
"3777163","2017-05-22",18.3547324823388,0.437499999999998,0.244791666666666,0.159207818930043,16.9218233494507,16.3765099838831,16.6491666666669,0.50152817331422,55.856432172807,16.5320000000001,16.5533597840938,0.425546380602193,0.651221165893629
"3777162","2017-05-23",17.1682596861313,0.484375,0.395833333333333,0.246527777777779,16.920742413223,16.399924253444,16.6603333333335,0.563361845934522,56.8628073664153,16.5528000000001,16.5675784795479,0.443532390071177,0.609683410729139
"3777161","2017-05-24",16.022869065083,0.515625,0.479166666666667,0.37326388888889,16.9209277970324,16.4224055363013,16.6716666666668,0.590266781535139,57.5574908400556,16.5692000000001,16.5825680156082,0.462124087769267,0.580171546137164
"3777160","2017-05-25",15.6685873086901,0.578124999999999,0.526041666666667,0.467013888888891,16.9242064015407,16.4487935984597,16.6865000000002,0.696671186375028,58.9802860548993,16.5852000000001,16.6008922801938,0.490572943335921,0.562251825576916
"3777159","2017-05-26",15.3396113920395,0.625000000000001,0.572916666666668,0.526041666666669,16.9325492213305,16.4584507786698,16.6955000000002,0.67120213728391,60.0616633942868,16.6012000000001,16.6207733095013,0.521568253938742,0.554115111249281
"3777158","2017-05-30",15.165887309281,0.671875000000003,0.625000000000002,0.57465277777778,16.9409518585559,16.4580481414445,16.6995000000002,0.715018707982331,61.1642211284224,16.6164000000001,16.6420035349011,0.55417108320035,0.554126305639495
"3777157","2017-05-31",15.6295096108156,0.666666666666667,0.654513888888891,0.617476851851855,16.9330788442999,16.4612544890338,16.6971666666668,0.753272215955115,59.3983048836493,16.6284000000001,16.656403063581,0.558910146185032,0.555083073748602
"3777156","2017-06-01",16.0600160336691,0.900000000000002,0.746180555555558,0.675231481481485,16.9610036804832,16.4553296528505,16.7081666666668,0.892545373408075,64.5430668379077,16.6464000000001,16.6875493217702,0.623118766769148,0.568690212352712
"3777155","2017-06-02",15.8045173007856,0.783333333333334,0.783333333333335,0.728009259259263,16.9782175964853,16.4551157368484,16.7166666666668,0.780378790410533,60.4205673892499,16.6612000000001,16.7052094122008,0.632673861072197,0.581486942096609
"3777154","2017-06-05",16.0981529483711,0.808823529411761,0.830718954248367,0.786744281045755,17.0086720284109,16.4543279715894,16.7315000000002,0.882133317253835,63.3052101921717,16.6752000000001,16.731181490574,0.67098794347944,0.599387142373175
"3777153","2017-06-06",16.7380040637496,0.81081081081081,0.800989224518636,0.805013837366781,17.0406020717239,16.4420645949431,16.7413333333335,0.926595398347415,65.0211148136351,16.6864000000001,16.7603572918308,0.716961681656914,0.622902050229923
"3777152","2017-06-07",17.5679842411335,0.894736842105265,0.838123727442613,0.823277302069873,17.0799492861484,16.4227173805186,16.7513333333335,0.995005386297248,68.2217313906343,16.6956000000001,16.7989763195867,0.792051611777822,0.656731962539503
"3777151","2017-06-08",18.5704680677583,0.907692307692304,0.871079986869461,0.836730979610238,17.1261767246582,16.3998232753422,16.7630000000002,1.00526365689513,69.9957045838449,16.7180000000001,16.8404461436418,0.869882702984404,0.699362110628483
"3777150","2017-06-09",19.7285733183954,0.810344827586209,0.870924659127927,0.860042791146669,17.1808382768053,16.3941617231951,16.7875000000002,0.943850353825986,69.3013331538374,16.7380000000001,16.8750533244896,0.915793514162222,0.742648391335231
"3777149","2017-06-12",22.0277725588437,0,0.572679045092839,0.77156123036341,17.250828101997,16.2685052313367,16.7596666666668,-0.164750887415733,27.3012495813823,16.7008000000001,16.7130462145576,0.257837307239694,0.645686174516124
"3777148","2017-06-13",24.4082060954598,0,0.270114942528737,0.571239548916503,17.3814123459342,16.0425876540662,16.7120000000002,-0.24343813598533,25.455263840433,16.6516000000001,16.5513067192833,-0.342417480357138,0.448065443541471
"3777147","2017-06-14",27.206667118037,0,1.22124532708767e-15,0.280931329207194,17.5644924214776,15.7171742451895,16.6408333333335,-0.251088804197301,20.9698399551194,16.5800000000001,16.3484658233789,-1.04320100235155,0.149812154362868
"3777146","2017-06-15",30.1403223262912,0,1.22124532708767e-15,0.0900383141762481,17.7738341572827,15.346499176051,16.5601666666668,-0.211411217110735,18.3734418810835,16.4932000000001,16.126003713595,-1.76220840889765,-0.232591958289235
"3777145","2017-06-16",33.0687339936909,0,1.22124532708767e-15,2.68303897617746e-15,17.955008964563,14.9803243687707,16.4676666666668,-0.131215379715469,16.7756770181348,16.4080000000001,15.8998698851157,-2.44201110626335,-0.674475787884059
"3777144","2017-06-19",35.7879733991334,0.0179856115107916,0.00599520383693176,0.00199840127897953,18.062914564774,14.6764187685596,16.3696666666668,-0.0215814339140795,18.3058066105291,16.3240000000001,15.7105539004336,-2.9331167977752,-1.12620398986229
"3777143","2017-06-20",38.312981418473,0.0431654676258996,0.020383693045565,0.00879296562750078,18.120295646316,14.414371020351,16.2673333333335,0.0509892488525958,20.5092764610729,16.2404000000001,15.5558133803758,-3.25736145202826,-1.55243548229548
"3777142","2017-06-21",38.5973519300602,0.0719424460431658,0.0443645083932869,0.0235811350919293,18.1193526002359,14.2266473997644,16.1730000000002,0.149001590675805,23.0633069023131,16.1596000000001,15.4323715963257,-3.4392386015636,-1.92979610614911
"3777141","2017-06-22",38.7398934275887,0.169064748201439,0.0947242206235027,0.0531574740207863,18.0810766729939,14.0929233270064,16.0870000000002,0.226606968503227,31.108454356905,16.1016000000001,15.3613887168156,-3.4061250850303,-2.22506190192534
"3777140","2017-06-23",38.7445973168118,0.226618705035971,0.155875299760193,0.0983213429256625,18.0141689809046,13.993164352429,16.0036666666668,0.278579381125694,35.4181990778856,16.0492000000001,15.3212035545735,-3.25950919980531,-2.43195136150134
"3777139","2017-06-26",38.4847429857274,0.244604316546762,0.213429256594726,0.154676258992809,17.9323472348477,13.913986098486,15.9231666666668,0.311739170689589,36.749824439824,15.9928000000001,15.2930430806304,-3.08204522841581,-2.56197013488423
"3777138","2017-06-27",37.5573850410242,0.294964028776978,0.255395683453239,0.208233413269387,17.8321096888437,13.86522364449,15.8486666666668,0.365049480285556,40.4521989714344,15.9376000000001,15.287304003213,-2.83501642544334,-2.61657939299605
"3777137","2017-06-28",36.0959363718573,0.334532374100719,0.291366906474821,0.253397282174263,17.7191372702652,13.8401960630685,15.7796666666669,0.411573807985591,43.2624093722641,15.8856000000001,15.2969968027846,-2.55167259382881,-2.60359803316261
"3777136","2017-06-29",34.211383397547,0.404669260700389,0.344721887859364,0.297161492595809,17.5827925571704,13.8415407761633,15.7121666666668,0.458436371272953,46.0065049402519,15.8372000000001,15.3200638957466,-2.24309398505895,-2.53149722354188
"3777135","2017-06-30",31.9298627156988,0.726744186046512,0.488648606949208,0.374912467094466,17.451318817645,13.861347849022,15.6563333333335,0.525162691877645,50.8897833553635,15.7956000000001,15.3680553763138,-1.86644877795041,-2.39848753442358
"3777134","2017-07-03",30.1939352975239,0.89820359281437,0.676539013187092,0.503303169331889,17.3124281088123,13.9045718911881,15.6085000000002,0.61096907924423,55.9925072389386,15.7628000000001,15.4429813261386,-1.42088397908058,-2.20296682335498
"3777133","2017-07-05",28.704701700784,0.87719298245614,0.834046920439009,0.666411513525104,17.1519935843666,13.9653397489671,15.5586666666668,0.638494281503223,55.9925072389386,15.7288000000001,15.5079171493201,-1.05630440216796,-1.97363433911758
"3777132","2017-07-06",27.6305845898085,0.950276243093923,0.908557606121479,0.806381179915861,16.9790967150427,14.0485699516244,15.5138333333335,0.72731976891739,60.2117726764447,15.7048000000001,15.5935281960774,-0.646629895112294,-1.70823345031652
"3777131","2017-07-07",26.4299621799135,0.910112359550562,0.912527195033543,0.885043907198012,16.7676323775769,14.1623676224235,15.4650000000002,0.764208592225255,58.8312290039419,15.6732000000001,15.6610577699338,-0.344928934985644,-1.43557254725035
"3777130","2017-07-10",25.6298653696934,0.518518518518518,0.792969040387669,0.871351280514231,16.471329639129,14.3283370275381,15.3998333333335,0.702287211656782,45.9085664750377,15.6216000000001,15.6435834006093,-0.394964349114169,-1.22745090762311
"3777129","2017-07-11",24.3728572973213,0.744897959183673,0.724509612417585,0.8100019492796,16.5003975278497,14.3142691388173,15.4073333333335,0.888510271214711,56.108976797321,15.5892000000001,15.7031056138614,-0.144933473245212,-1.01094742074753
"3777128","2017-07-12",24.0073521720847,0.520710059171597,0.594708845624597,0.704062499476619,16.534298854771,14.3067011452293,15.4205000000002,0.751167433690223,50.4386163633381,15.5424000000001,15.7133581986799,-0.104973490350047,-0.829752634668034
"3777127","2017-07-13",25.2736181541244,0,0.421869339451758,0.580362599164648,16.5334024248163,14.2899309085174,15.4116666666669,0.350677845666237,38.2261526112602,15.4552000000001,15.6009104388559,-0.535670934248755,-0.770936294584179
"3777126","2017-07-14",26.3831628333183,0.11046511627907,0.210391725150224,0.408989970075528,16.5250831778964,14.335916822104,15.4305000000002,0.399276727226894,41.4156247875084,15.3732000000001,15.5287890470084,-0.77229229743645,-0.771207495154633
"3777125","2017-07-17",27.4134543211412,0.116279069767442,0.0755813953488388,0.235947486650275,16.4923805508807,14.430952782453,15.4616666666669,0.379533332607167,41.5865703985672,15.2920000000001,15.467617174074,-0.945075355648783,-0.805981067253463
"3777124","2017-07-18",28.6960357099235,0,0.0755813953488388,0.120518171949302,16.4631348469459,14.4928651530545,15.4780000000002,0.221865487907968,38.8974824286179,15.2596000000001,15.3852682175308,-1.18477648189569,-0.881740150181908
"3777123","2017-07-19",30.3536408949877,0,0.038759689922482,0.0633074935400546,16.4565619251631,14.5047714081706,15.4806666666668,0.0778235457000589,34.9185002862022,15.2192000000001,15.26589912186,-1.54900211557056,-1.01519254325964
"3777122","2017-07-20",31.8928457096901,0.0380952380952381,0.0126984126984139,0.0423464993232463,16.4669434717784,14.4837231948886,15.4753333333335,0.109053345022544,36.473665255667,15.2008000000001,15.1731125722787,-1.77836743032165,-1.16782752067204
"3777121","2017-07-21",33.3221073233424,0.0619047619047614,0.0333333333333343,0.0282638119847449,16.4862739084917,14.437059424842,15.4616666666668,0.139699338832263,37.4792251997738,15.1984000000001,15.0993642293082,-1.9138316642869,-1.31702834939501
"3777120","2017-07-24",34.6492788217338,0.114285714285714,0.0714285714285725,0.0391534391534417,16.5010635904196,14.3902697429141,15.4456666666668,0.190953555647103,39.7391640225023,15.2104000000001,15.0501156654004,-1.94142824352668,-1.44190832822135
"3777119","2017-07-25",35.7855548524943,0.152380952380953,0.109523809523811,0.071428571428574,16.5105019409723,14.3494980590281,15.4300000000002,0.233148713204511,41.3982351743077,15.2236000000001,15.018100243347,-1.8992228179276,-1.5333712261626
"3777118","2017-07-26",36.840668309629,0.166666666666667,0.144444444444446,0.108465608465611,16.5153437624862,14.2993229041808,15.4073333333335,0.253010748395178,42.0426335746863,15.2352000000001,14.9943535442341,-1.82896512925864,-1.59249000678181
"3777117","2017-07-27",36.5535607958255,0.147619047619048,0.155555555555557,0.136507936507939,16.5094824171208,14.2535175828795,15.3815000000002,0.295431208414473,41.3891218398753,15.2420000000001,14.9684397383362,-1.77469374656212,-1.62893075473787
"3777116","2017-07-28",36.3788227499611,0.128571428571428,0.147619047619049,0.149206349206352,16.4958113271425,14.1921886728579,15.3440000000002,0.266744205117924,40.7076866085889,15.2364000000001,14.9406477732247,-1.73364495471162,-1.64987359473262
"3777115","2017-07-31",35.8372323609655,0.164021164021164,0.146737213403881,0.149970605526164,16.4543227482196,14.1450105851141,15.2996666666669,0.309611418633152,41.7406587862952,15.2260000000001,14.9218947367948,-1.66067150548971,-1.65203317688404
"3777114","2017-08-01",35.3343269997554,0.333333333333333,0.208641975308643,0.167666078777193,16.3679685828453,14.1186980838217,15.2433333333335,0.329574373780332,42.5490716701323,15.2148000000001,14.9096421052221,-1.56869919926829,-1.63536638136089
"3777113","2017-08-02",34.3208925039844,0.362745098039215,0.286699865131239,0.214026351281256,16.2661539770223,14.1121793563114,15.1891666666669,0.373489688606335,43.3949492698712,15.1992000000001,14.9030231578592,-1.4627941011122,-1.60085192531115
"3777112","2017-08-03",34.1195968871882,0.108910891089108,0.268329774153887,0.254557204864591,16.1096859316381,14.1213140683623,15.1155000000002,0.294387890472366,38.1521177685472,15.1688000000001,14.8626200701446,-1.50267587179259,-1.58121671460744
"3777111","2017-08-04",33.9326795287345,0.283582089552238,0.251746026226855,0.268925221837328,15.9289663929075,14.1593669404262,15.0441666666669,0.32058086672948,40.5328215962046,15.1372000000001,14.8382707274587,-1.47436850412712,-1.55984707251137
"3777110","2017-08-07",33.9252554944042,0.194029850746267,0.195507610462539,0.238527803614428,15.8059726624145,14.1670273375858,14.9865000000002,0.312989490645621,39.3106376572855,15.0948000000001,14.8091679637975,-1.46800691123029,-1.54147904025516
"3777109","2017-08-08",33.8032399945304,0.220338983050846,0.232650307783118,0.226634648157506,15.4920619233077,14.329271410026,14.9106666666669,0.353226643391509,41.829230494383,15.0456000000001,14.7946122352912,-1.40348434251328,-1.51388010070678
"3777108","2017-08-09",33.5690238881777,0.196428571428573,0.20359913507523,0.210585684440297,15.1643402115653,14.5343264551017,14.8493333333335,0.347622374884222,42.1523963426074,14.9968000000001,14.783330603919,-1.33166901044032,-1.47743788265349
"3777107","2017-08-10",34.1058529248155,0,0.138922518159807,0.191723987006053,15.1440060700086,14.5033272633251,14.8236666666669,0.0936601451183183,36.4781126907565,14.9288000000001,14.7388865233965,-1.4009579942534,-1.46214190497347
"3777106","2017-08-11",34.6823477667763,0,0.0654761904761922,0.135999281237078,15.0889265049489,14.4854068283848,14.7871666666669,-0.00895882701887148,35.877977197633,14.8616000000001,14.696368320277,-1.45630458865809,-1.4609744417104
"3777105","2017-08-14",34.1855636587816,0.18918918918919,0.0630630630630644,0.0891539238996895,14.9952190736197,14.5207809263807,14.7580000000002,0.230207191927769,40.7748058668781,14.8228000000001,14.6781858775734,-1.40756211895603,-1.45029197715952
"3777104","2017-08-15",33.5513914773173,0.256756756756756,0.14864864864865,0.0923959673959703,14.971288315343,14.5190450179908,14.7451666666669,0.341162193549151,42.4647348932645,14.7636000000001,14.6690944272303,-1.32629937988061,-1.42549345770374
"3777103","2017-08-16",33.9646186057251,0,0.14864864864865,0.120120120120123,15.0131521160289,14.4461812173048,14.7296666666669,-0.175519679867346,35.1251184345058,14.7032000000001,14.6158818369329,-1.43298792831745,-1.42699235182648
"3777102","2017-08-17",34.3483295106752,0.0394736842105278,0.098743480322429,0.132013592539911,15.042211671167,14.3811216621667,14.7116666666669,-0.0622028189911738,36.173389863812,14.6804000000001,14.5737642586752,-1.48480918959087,-1.43855571937936
"3777101","2017-08-18",34.8391335533138,0,0.0131578947368437,0.0868500079026423,15.0691276879413,14.3102056453924,14.6896666666669,-0.0354085275594299,35.1538516238797,14.6480000000001,14.5305956908518,-1.53664550703737,-1.45817367691096
"3777100","2017-08-21",35.6775572290728,0,0.0131578947368437,0.0416864232653736,15.0972182840894,14.2194483825776,14.6583333333335,-0.0601316083179261,32.2199527045559,14.6092000000001,14.4731829320716,-1.64317818994683,-1.49517457951814
"3777099","2017-08-22",36.4560934994204,0.0121951219512192,0.00406504065040751,0.0101269433746998,15.1035994110022,14.1434005889982,14.6235000000002,0.0138159695309362,32.6236659823459,14.5796000000001,14.4247585411287,-1.70357230013142,-1.53685412364079
"3777098","2017-08-23",37.406604183226,0,0.00406504065040751,0.00709599201255439,15.1072892356908,14.0610440976429,14.5841666666669,0.0117460385176627,30.8431065564587,14.5608000000001,14.3707907356449,-1.78238587547603,-1.58596047400784
"3777097","2017-08-24",38.3888109243153,0,0.00406504065040751,0.00406504065040899,15.0933929613151,13.9846070386852,14.5390000000002,0.0289141729950725,30.0578989532868,14.5372000000001,14.3186853042256,-1.84724187781607,-1.63821675476949
"3777096","2017-08-25",39.4976444754592,0,1.09345403102405e-15,0.00271002710027352,15.092042399424,13.9002909339097,14.4961666666669,0.0417109334695526,28.4954133578351,14.5084000000001,14.2628605969955,-1.92285694382954,-1.6951447925815
"3777095","2017-08-28",37.9661166627325,0.0744680851063833,0.0248226950354622,0.00962924522862508,15.0513418778728,13.8679914554609,14.4596666666669,0.221412473918795,31.8344052673115,14.4780000000001,14.2238125173961,-1.92207466902315,-1.74053076786983
"3777094","2017-08-29",36.0934053903468,0.433333333333332,0.169267139479906,0.0646966115051246,14.9984926753003,13.8721739913668,14.4353333333335,0.444953412489206,44.5758131362077,14.4572000000001,14.2326375150766,-1.72040730262185,-1.73650607482023
"3777093","2017-08-30",34.4730953819809,0.399999999999999,0.302600472813239,0.165563435776204,14.9248353632441,13.884831303423,14.4048333333335,0.405609342829163,43.7501783594185,14.4340000000001,14.2362858463997,-1.55955375968991,-1.70111561179417
"3777092","2017-08-31",33.3599365848738,0.288888888888889,0.374074074074074,0.281980562122408,14.8869868245981,13.8750131754023,14.3810000000002,0.350786628564699,41.0226113158406,14.4084000000001,14.2261144002131,-1.47180180105684,-1.6552528496467
"3777091","2017-09-01",32.3655066536497,0.277777777777778,0.322222222222223,0.33296558970318,14.8407162876844,13.8666170456493,14.3536666666669,0.321715633097062,40.7490230348011,14.3840000000001,14.215965813518,-1.39197798426868,-1.6025978765711
"3777090","2017-09-05",30.652064263892,0.390625000000001,0.319097222222223,0.338464506172842,14.7969284637512,13.8650715362492,14.3310000000002,0.388037175821383,40.7490230348011,14.3580000000001,14.2071703717156,-1.31366005531766,-1.54481031232041
"3777089","2017-09-06",28.8715975297736,0.652173913043478,0.440192230273753,0.360503891572735,14.7451886469684,13.885811353032,14.3155000000002,0.633236007988236,48.6868594855224,14.3388000000001,14.2262143221535,-1.12511526054386,-1.4608713019651
"3777088","2017-09-07",28.0459860818779,0.799999999999998,0.614266304347827,0.457851918947936,14.7275387578832,13.8961279087839,14.3118333333335,0.942821581009353,57.0519159553095,14.3292000000001,14.2787190791997,-0.813546634121265,-1.33140636839633
"3777087","2017-09-08",27.662303093959,0.891089108910892,0.78108767398479,0.611848736202125,14.788645165628,13.8623548343723,14.3255000000002,1.05184281797861,61.5518778763514,14.3372000000001,14.3482232019731,-0.460542931040409,-1.15723368092515
"3777086","2017-09-11",27.6045235976522,0.9,0.863696369636965,0.753016782656529,14.8769973490749,13.8186693175921,14.3478333333335,1.04693187378035,63.6052088739616,14.3456000000001,14.4204601083767,-0.129966820267269,-0.951780308793573
"3777085","2017-09-12",27.7771399830808,0.82051282051282,0.870533976474572,0.838439340032111,14.9381372143873,13.7875294522797,14.3628333333335,0.992927898928468,62.4087636018192,14.3552000000001,14.4790654272598,0.112856777811543,-0.73885289147255
"3777084","2017-09-13",27.1971413590768,0.70940170940171,0.809971509971511,0.848067285361017,14.9638686723512,13.7761313276491,14.3700000000002,0.876065187020372,57.3724759389639,14.3564000000001,14.5125233702918,0.229729345450691,-0.545136444087902
"3777083","2017-09-14",25.7061142551833,0.350427350427351,0.626780626780628,0.769095371075572,14.9665712605762,13.7787620727575,14.3726666666669,0.523011552371758,44.7951895612136,14.3404000000001,14.4855202542529,0.0878723278033178,-0.418534689709658
"3777082","2017-09-15",24.3215890872821,0.345454545454545,0.468427868427869,0.635060001726671,14.9694870660021,13.7818462673316,14.3756666666669,0.520488798768438,46.0091346153169,14.3364000000001,14.4674508870192,-0.00242857790141437,-0.335313467348009
"3777081","2017-09-18",22.7722523021478,0.282608695652174,0.326163530511357,0.473790675239953,14.9778193818586,13.7911806181417,14.3845000000002,0.563625091568161,47.8612113917803,14.3360000000001,14.45979076875,-0.0401560808159007,-0.276281990041587
"3777080","2017-09-19",21.3470990056294,0.413043478260869,0.34703557312253,0.380542324020587,14.9944063455836,13.8149269877501,14.4046666666669,0.640174842599047,51.4484208542074,14.3348000000001,14.4691519995833,-0.00311865956071911,-0.221649323945414
"3777079","2017-09-20",20.5908916252177,0.467391304347826,0.38768115942029,0.353626754351394,15.0167820544999,13.8418846121671,14.4293333333335,0.687817811764365,52.9024319603834,14.3336000000001,14.4839317329722,0.0534470562909783,-0.166630047898135
"3777078","2017-09-21",19.8886990576925,0.543478260869565,0.474637681159421,0.403118137900749,15.0329337170989,13.8863996162348,14.4596666666669,0.692173379899538,54.9371119090127,14.3488000000001,14.5060741685759,0.135589326381891,-0.10618617304213
"3777077","2017-09-22",18.5074707592261,0.380434782608695,0.46376811594203,0.442028985507249,15.0244283450984,13.9499049882353,14.4871666666669,0.573986293077797,49.95665823619,14.3568000000001,14.5052642794325,0.115899560385846,-0.0617690263565349
"3777076","2017-09-25",17.4961653307187,0.486842105263157,0.47025171624714,0.469552504449532,15.0096143942469,14.0403856057535,14.5250000000002,0.687434245477649,55.204745178475,14.3740000000001,14.5285623755081,0.19801024443129,-0.00981317219896986
"3777075","2017-09-26",16.9122540494714,0.578947368421052,0.482074752097636,0.472031528095603,15.0183970721444,14.096602927856,14.5575000000002,0.741377102879701,57.0893904540378,14.4000000000001,14.558087392107,0.298286785400936,0.0518068193210114
"3777074","2017-09-27",16.1060729186489,0.513157894736841,0.526315789473684,0.492880752606155,15.0355437350727,14.1164562649276,14.5760000000002,0.68206464430064,55.2997035526069,14.4236000000001,14.5770090731594,0.34588675870959,0.110622807198727
"3777073","2017-09-28",15.4542330065757,0.578947368421052,0.557017543859649,0.521802695143658,15.0503859569711,14.149280709696,14.5998333333335,0.703638809733621,56.7595154176139,14.4528000000001,14.6000745300715,0.40643931612705,0.169786108984392
"3777072","2017-09-29",14.8489530882219,0.605263157894736,0.565789473684211,0.549707602339183,15.0526426835263,14.2036906498074,14.6281666666669,0.698480000409065,57.3593819757172,14.4844000000001,14.6227312593953,0.459997838700565,0.227828454927626
"3777071","2017-10-02",14.4487722650046,0.764705882352941,0.649638802889577,0.590815273477814,15.0424372943443,14.2805627056561,14.6615000000002,0.743040874988745,59.1885437972728,14.5216000000001,14.6503670914759,0.529214326830352,0.288105629308172
"3777070","2017-10-03",14.5984841996002,0.820895522388058,0.730288187545246,0.648572154706346,15.0330126210438,14.3573207122899,14.6951666666669,0.80314605026259,60.1099433110399,14.5572000000001,14.6783181459458,0.593476197257026,0.349179742897942
"3777069","2017-10-04",15.0782290953215,0.857142857142855,0.814248087294619,0.731391692576482,15.0599141017622,14.3857525649049,14.7228333333335,0.886405906830844,62.8217618804799,14.5836000000001,14.714542393153,0.685583225241593,0.416460439366672
"3777068","2017-10-05",15.7604152350723,0.884057971014493,0.85403211684847,0.799522797229447,15.1057015301116,14.3766318032221,14.7411666666669,0.919027136544563,64.8247282265598,14.6140000000001,14.755270074066,0.787353559647475,0.490639063422833
"3777067","2017-10-06",16.3938737934123,0.899999999999999,0.88040027605245,0.849560160065181,15.1407838163784,14.3638828502887,14.7523333333335,0.896017871125875,65.3983144889441,14.6492000000001,14.7932340641905,0.868390292215393,0.566189309181345
"3777066","2017-10-09",17.1845452764431,0.906249999999999,0.896769323671498,0.877067238857474,15.1717180703761,14.3502819296242,14.7610000000002,0.912691849289126,66.5723514932564,14.6864000000001,14.8314695222984,0.943027044389311,0.641556856222938
"3777065","2017-10-10",18.1683946361055,0.782608695652173,0.862952898550725,0.880040832758226,15.1983825023606,14.3396174976397,14.7690000000002,0.873792595454132,64.2255463999206,14.7220000000001,14.859273585992,0.968854790401297,0.70701644305861
"3777064","2017-10-11",19.1326240751616,0.885714285714285,0.858190993788821,0.87263773867035,15.2452307182835,14.3257692817168,14.7855000000002,0.892802408347961,66.7501191866566,14.7528000000001,14.8940371078597,1.02058934741998,0.769731023930883
"3777063","2017-10-12",18.187200532271,0.423076923076925,0.697133301481129,0.806092397940227,15.2397818758824,14.3842181241179,14.8120000000002,0.637920756643153,55.2113248441033,14.7640000000001,14.8948321601451,0.931528324738884,0.802090484092483
"3777062","2017-10-13",17.4356866841771,0.460000000000001,0.589597069597072,0.714973788289009,15.2273064865254,14.4523601801417,14.8398333333335,0.650763133356101,56.3201741846806,14.7692000000001,14.8995212054591,0.867192168817121,0.815110821037411
"3777061","2017-10-16",16.6607744502234,0.440000000000001,0.441025641025644,0.575918670701283,15.212297389241,14.5160359440927,14.8641666666669,0.618489973234469,55.8240514744569,14.7704000000001,14.9022517113979,0.801542423216928,0.812397141473314
"3777060","2017-10-17",15.9412130901235,0.422222222222222,0.440740740740743,0.490454483787821,15.2064731102209,14.5608602231128,14.8836666666669,0.618233905886039,56.6466026613504,14.7736000000001,14.9072848165448,0.75166532352624,0.8002507778839
"3777059","2017-10-18",15.6395405972525,0.348837209302327,0.403686477174851,0.428484286313747,15.2052280138292,14.5934386528378,14.8993333333335,0.604611168615462,55.5330437162796,14.7812000000001,14.9089801743388,0.693310995982332,0.778862821503586
"3777058","2017-10-19",14.5915334459256,0,0.257019810508184,0.367149009474594,15.1981087398929,14.6188912601075,14.9085000000002,0.422021229947014,50.7028056994487,14.8020000000001,14.898449484427,0.591537185665914,0.741397694336052
"3777057","2017-10-20",13.854575993448,0.162162162162164,0.170333123821498,0.277013137168179,15.1693617939107,14.6823048727563,14.9258333333335,0.474335648550979,53.6003192212257,14.8236000000001,14.8973228865034,0.537192738827508,0.700556703234343
"3777056","2017-10-23",13.4075918183295,0.216216216216217,0.126126126126128,0.184493020151938,15.1591300370461,14.7155366296209,14.9373333333335,0.498497122239206,54.5590876827461,14.8436000000001,14.8990131683029,0.499204526672625,0.660286267921999
"3777055","2017-10-24",12.8979517749271,0.18918918918919,0.189189189189192,0.161882813045608,15.154265849594,14.7340674837397,14.9441666666669,0.434554719306733,53.9587230530233,14.8584000000001,14.8991447458626,0.458396060112065,0.619908226360013
"3777054","2017-10-25",13.5831499499507,0,0.135135135135137,0.150150150150154,15.1552231785642,14.7324434881028,14.9438333333335,0.00998907624737345,40.5153021744368,14.8600000000001,14.8619254464142,0.271089683032688,0.550144517694548
"3777053","2017-10-26",14.2194053981869,0.0172413793103475,0.0688101894998474,0.131044837941394,15.1647005047502,14.7156328285835,14.9401666666669,-0.0125433846220596,41.0798987871497,14.8592000000001,14.831002053559,0.126362622003451,0.465388138556328
"3777052","2017-10-27",14.713215971967,0.155172413793106,0.0574712643678194,0.0871388630009361,15.167377060931,14.7099562724027,14.9386666666669,0.123978611567684,45.5337447791479,14.8676000000001,14.8148684464178,0.0544537462455974,0.383201260094182
"3777051","2017-10-30",14.5933779722091,0.344827586206898,0.172413793103452,0.0995650823237078,15.1670426997539,14.7116239669132,14.9393333333335,0.325801339267108,51.0166140969493,14.8732000000001,14.8155526535621,0.0567295914320365,0.317906926361753
"3777050","2017-10-31",14.2928964469772,0.604651162790699,0.368217054263569,0.199367370578282,15.1671641636006,14.7121691697331,14.9396666666669,0.427471729480608,53.7513933687824,14.8784000000001,14.8241456330871,0.0901713955978156,0.272359820208966
"3777049","2017-11-01",13.3341776365601,0.860465116279069,0.60331462175889,0.381315156375305,15.1698143352154,14.7121856647849,14.9410000000002,0.650777266500591,58.3432181910776,14.8900000000001,14.8462595486755,0.174462841002798,0.252780424367732
"3777048","2017-11-02",12.4439387411727,0.883720930232557,0.78294573643411,0.584825804152191,15.1659045052557,14.7130954947447,14.9395000000002,0.670417692393951,58.7442356625412,14.9000000000001,14.8667582755188,0.243743725463474,0.250973084586881
"3777047","2017-11-03",12.0538606255229,0.791666666666668,0.8452842377261,0.743848198639701,15.1620165667736,14.7143167665602,14.9381666666669,0.712568034698963,58.7442356625412,14.9092000000001,14.8845238387829,0.295123846012202,0.259803236871945
"3777046","2017-11-06",11.4939349735136,0.750000000000002,0.808462532299744,0.812230835486653,15.1485548362957,14.7194451637047,14.9340000000002,0.692646943070157,57.4611627079687,14.9152000000001,14.8972539936119,0.321213504404105,0.272085290378377
"3777045","2017-11-07",11.0680107710003,0.895833333333336,0.812500000000003,0.822082256675284,15.1442126658668,14.7214540008002,14.9328333333335,0.816571473022474,60.6968474984527,14.9228000000001,14.917620127797,0.375371864524476,0.292742605207597
"3777044","2017-11-08",10.9593190594905,0.843137254901961,0.829656862745101,0.816873131681617,15.1283933466182,14.7302733200489,14.9293333333335,0.870072650207397,60.6968474984527,14.9268000000001,14.935270777424,0.413399464539088,0.316873977073895
"3777043","2017-11-09",10.3458421733416,0.686274509803922,0.808415032679741,0.81685729847495,15.1359019652959,14.7310980347045,14.9335000000002,0.697214817594586,55.1379051738309,14.9248000000001,14.9399013404342,0.395698562181401,0.332638894095396
"3777042","2017-11-10",9.67065010172786,0.803921568627449,0.777777777777779,0.805283224400875,15.1477683020008,14.7292316979996,14.9385000000002,0.782332932261599,58.2279035549544,14.9244000000001,14.9519144950429,0.409318880924459,0.347974891461209
"3777041","2017-11-13",9.33791792765126,0.849056603773585,0.77975089406832,0.788647901508615,15.1663593025545,14.7256406974459,14.9460000000002,0.84186590926731,60.1962265790875,14.9240000000001,14.9676592290372,0.436587511439956,0.365697415456958
"3777040","2017-11-14",10.8274251191284,0.230769230769229,0.627915801056756,0.72848149096762,15.1665202232748,14.7104797767255,14.9385000000002,0.218226747270988,42.8149915097294,14.9124000000001,14.9386379984989,0.282305092623236,0.349018950890214
"3777039","2017-11-15",12.9322353841823,0,0.359941944847606,0.589202879990896,15.177230409996,14.6721029233377,14.9246666666669,0.0288318171424947,37.3682136180939,14.8916000000001,14.8934862653657,0.0777491277715203,0.294764986266475
"3777038","2017-11-16",14.7836424187403,0.254545454545455,0.161771561771563,0.38320976922531,15.179446710548,14.6618866227857,14.9206666666669,0.234652388039982,44.4689175213223,14.8852000000001,14.8730214299836,-0.00867918923048716,0.234076151167083
"3777037","2017-11-17",16.5028060936869,0.309090909090909,0.187878787878789,0.236530764832654,15.1793459274923,14.6499874058414,14.9146666666669,0.270791763292824,45.8847255540754,14.8788000000001,14.8592852393192,-0.0602711087922869,0.175206699175209
"3777036","2017-11-20",17.235243090807,0.363636363636365,0.309090909090911,0.219580419580423,15.1762538447227,14.6434128219443,14.9098333333335,0.368941522239809,47.3308615307123,14.8740000000001,14.8513805407433,-0.0839242482538416,0.123380509689399
"3777035","2017-11-21",17.8104258937217,0.381818181818183,0.351515151515154,0.282828282828286,15.1741604399444,14.638839560056,14.9065000000002,0.394455826172943,47.8313137209026,14.8688000000001,14.8458631353108,-0.096138071674845,0.07947679341655
"3777034","2017-11-22",18.3445242107139,0.418181818181818,0.38787878787879,0.349494949494953,15.1698263753107,14.6548402913563,14.9123333333335,0.38543379745885,48.8775569457156,14.8652000000001,14.8437480506027,-0.0938659514344575,0.0448082444463485
"3777033","2017-11-24",18.6061873479316,0.454545454545454,0.41818181818182,0.385858585858589,15.161647949055,14.6793520509454,14.9205000000002,0.402203881783498,49.9583415169961,14.8660000000001,14.8445816438557,-0.0802653962350464,0.0197935163100695
"3777032","2017-11-27",18.2753497644403,0.545454545454546,0.472727272727274,0.42626262626263,15.1589315890849,14.6977350775822,14.9283333333335,0.489158634387971,52.6532404907847,14.8664000000001,14.8519707580083,-0.0418276145151886,0.00746929014501791
"3777031","2017-11-28",17.6359204443752,0.545454545454546,0.515151515151517,0.468686868686872,15.1604576304022,14.7035423695982,14.9320000000002,0.502918119501623,52.6532404907847,14.8660000000001,14.8583746569405,-0.0112485787860273,0.00372571635880888
"3777030","2017-11-29",17.042164647172,0.618181818181817,0.569696969696971,0.519191919191922,15.1631242970688,14.7062090362649,14.9346666666669,0.555444270538408,54.9063659956625,14.8676000000001,14.8692580360151,0.0342915637807195,0.00983888584319101
"3777029","2017-11-30",15.9354994996417,0.690909090909091,0.61818181818182,0.567676767676771,15.1631242970688,14.7062090362649,14.9346666666669,0.664873751865039,57.1046799614995,14.8820000000001,14.8840236312131,0.0909909660011143,0.0260693018747757
"3777028","2017-12-01",15.4776240471159,0.545454545454546,0.61818181818182,0.602020202020205,15.1580602010783,14.7062731322554,14.9321666666669,0.576363407411596,51.6784449495894,14.8928000000001,14.886153813718,0.0914713448670668,0.0391497104732339
"3777027","2017-12-04",14.7224507643972,0.83018867924528,0.688850771869641,0.641738136077761,15.1637109294553,14.7042890705451,14.9340000000002,0.796024225583081,59.0176136780961,14.9060000000001,14.9066666385556,0.165758370764135,0.0644714425314142
"3777026","2017-12-05",14.0212184304442,0.83018867924528,0.735277301315037,0.680769963788834,15.1702649472723,14.7024017193947,14.9363333333335,0.771446851200388,59.0176136780961,14.9148000000001,14.9244444200815,0.221961568269124,0.0959694676789562
"3777025","2017-12-06",13.370074120345,0.794871794871795,0.81841638445412,0.747514819212934,15.1708072531719,14.7021927468284,14.9365000000002,0.784882346134534,59.5268441351316,14.9216000000001,14.9411851640707,0.268716577929395,0.130518889729044
"3777024","2017-12-07",12.5565217679541,0.789473684210527,0.804844719442535,0.786179468403899,15.1743485216807,14.7006514783197,14.9375000000002,0.836009415505684,60.5817865264236,14.9248000000001,14.9583604755279,0.312868134915734,0.166988738766382
"3777023","2017-12-08",12.4722560770692,0.780487804878045,0.788277761320124,0.803846288405594,15.1969032356488,14.6917634310182,14.9443333333335,0.907148010869752,63.1665942562966,14.9296000000001,14.9799124121242,0.370427420027775,0.207676475018661
"3777022","2017-12-11",12.6046005695834,0.809523809523809,0.793161766204128,0.795428082322264,15.2185115493682,14.6821551172988,14.9503333333335,0.921983069094351,64.6638185216941,14.9356000000001,15.0025907571743,0.427113308444937,0.251563841703916
"3777021","2017-12-12",12.3110284804784,0.690476190476189,0.760162601626016,0.780534043050091,15.2305533261906,14.6767800071431,14.9536666666669,0.878614605389628,61.9518541947574,14.9412000000001,15.0182453228844,0.450584990870206,0.291368071537174
"3777020","2017-12-13",12.0384258263096,0.824999999999999,0.775,0.77610812261005,15.2622239316191,14.684442735048,14.9733333333335,0.89807456761275,65.104044300557,14.9464000000001,15.0398126131665,0.495573576280828,0.332209172485905
"3777019","2017-12-14",12.5171645769542,0.314285714285713,0.609920634920635,0.715027745515552,15.2491911436645,14.7328088563359,14.9910000000002,0.594890938752578,51.9672115014706,14.9448000000001,15.0358375980776,0.434960295473141,0.352759397083352
"3777018","2017-12-15",11.6435970614409,0.514285714285714,0.551190476190477,0.645370370370372,15.2542152165282,14.7621181168055,15.0081666666669,0.740806133721518,55.9121098953757,14.9492000000001,15.0417259183339,0.41963909585252,0.366135336837186
"3777017","2017-12-18",11.0315560418459,0.628571428571426,0.485714285714286,0.548941798941801,15.2601138789638,14.7928861210365,15.0265000000002,0.785727886956112,58.0331599905387,14.9528000000001,15.0521624625561,0.424031215808718,0.377714512631492
"3777016","2017-12-19",10.5659118747551,0.742857142857143,0.628571428571429,0.555158730158732,15.271465259863,14.8165347401374,15.0440000000002,0.820928127855393,60.1003725475442,14.9564000000001,15.0665408008819,0.443772838424605,0.390926177790115
"3777015","2017-12-20",10.1335280053137,0.742857142857143,0.704761904761905,0.606349206349208,15.2779751200894,14.8436915465776,15.0608333333335,0.789749235310903,60.1003725475442,14.9728000000001,15.079002027431,0.454112807540463,0.403563503740184
"3777014","2017-12-21",10.2721646957881,0.678571428571428,0.721428571428573,0.684920634920637,15.2866545890198,14.8726787443139,15.0796666666669,0.863145181670991,62.2565750168419,14.9968000000001,15.0951350904402,0.478115716844885,0.418473946361125
"3777013","2017-12-22",11.316043227441,0.684210526315787,0.701879699248121,0.709356725146201,15.3089445039578,14.8940554960426,15.1015000000002,1.00254404436381,65.7452771335302,15.0180000000001,15.1184504117148,0.52831275959202,0.440441709007304
"3777012","2017-12-26",12.8163811453208,0.822222222222223,0.728334725703148,0.717214332126615,15.3558269972579,14.8955063360758,15.1256666666669,1.11044403107655,70.3787377065755,15.0424000000001,15.1533236901529,0.619349321284801,0.476223231462803
"3777011","2017-12-27",15.0590080508139,0.762711864406782,0.756381537648266,0.728865320866513,15.4213922115691,14.8872744550979,15.1543333333335,1.15965478410784,73.2162537199362,15.0688000000001,15.1942138647992,0.725244505701239,0.52602748631049
"3777010","2017-12-28",16.7400214946616,0.711864406779661,0.76559949780289,0.750105253718103,15.4671697172026,14.8934969494644,15.1803333333335,1.0223651592317,70.4893233296039,15.0936000000001,15.2256520161593,0.783766874960112,0.577575364040415
"3777009","2017-12-29",18.3009625496629,0.779661016949154,0.751412429378534,0.757797821609898,15.5138806659175,14.8964526674162,15.2051666666669,0.988316047752356,71.9874306076145,15.1192000000001,15.258231747338,0.841276748336606,0.630315640899653
"3777008","2018-01-02",20.5588953003174,0.680555555555555,0.724026993094792,0.747012973425407,15.564009982928,14.9073233504058,15.2356666666669,1.0192735516636,73.090774489277,15.1452000000001,15.2904675143596,0.892055179268758,0.682663548573474
"3777007","2018-01-03",22.9187265538487,0.807692307692309,0.755969626732341,0.743803016401891,15.6405115542874,14.8928217790463,15.2666666666669,1.06618847462059,77.5372194794929,15.1748000000001,15.3370718457783,0.994122914929396,0.744955421844658
"3777006","2018-01-04",25.353299384418,0.845238095238096,0.777828652828655,0.752608424218598,15.7211027960914,14.8822305372423,15.3016666666669,1.0503420357467,79.610529764723,15.2076000000001,15.3881289330079,1.10355458087863,0.816675253651453
"3777005","2018-01-05",28.0630827752356,0.822222222222222,0.825050875050878,0.786283051537293,15.815225231119,14.8684414355481,15.3418333333335,1.06137420442367,81.8639315361081,15.2428000000001,15.4457117419402,1.22754406914132,0.898849016749426
"3777004","2018-01-08",30.959522790875,0.84,0.835820105820108,0.812899877899882,15.9297535805674,14.8455797527663,15.3876666666669,1.07709073086134,84.4542700745954,15.2820000000001,15.5142835096815,1.38164272404884,0.995407758209308
"3777003","2018-01-09",33.9137260262092,0.916666666666667,0.859629629629632,0.840166870166874,16.0696510483573,14.8086822849764,15.4391666666669,1.08751124916596,87.1389885621535,15.3320000000001,15.5990457083906,1.58234387185983,1.11279498093941
"3777002","2018-01-10",34.33043606284,0.712962962962964,0.823209876543212,0.839553203997652,16.1498635222721,14.8138031443949,15.4818333333335,0.910285849160079,71.6987799476872,15.3676000000001,15.6431729472719,1.60774356593394,1.21178469793832
"3777001","2018-01-11",34.7173810968544,0.913461538461539,0.847697056030391,0.84351218740108,16.2459386839531,14.8180613160473,15.5320000000002,0.944482615196347,76.233851459674,15.4120000000001,15.7107498876356,1.72026335679936,1.31348042971053
"3777000","2018-01-12",33.8546823082708,0.762886597938147,0.796437033120885,0.822447988564831,16.3043016119691,14.8436983880312,15.5740000000002,0.821328424887207,68.6904788003783,15.4504000000001,15.7506499026175,1.7167703052938,1.39413840482718
"3776999","2018-01-16",31.9693677947856,0.558139534883721,0.744829223761137,0.796321104304139,16.3259285874935,14.9144047458402,15.6201666666669,0.743117867753861,61.651505835294,15.4820000000001,15.7652299156019,1.61822040324322,1.43895480451039
"3776998","2018-01-17",30.2187186036922,0.654320987654323,0.658449040158732,0.73323843234692,16.3469427300433,14.9787239366237,15.6628333333335,0.731809903643973,64.2794961145986,15.5156000000001,15.7911992601883,1.57292266857305,1.46574837732292
"3776997","2018-01-18",28.4489653400332,0.62962962962963,0.61403005072256,0.672436104880811,16.3580145036564,15.047985496344,15.7030000000002,0.698723335040671,63.3445228605347,15.5472000000001,15.8110393588299,1.50916740375553,1.47443218260944
"3776996","2018-01-19",27.3111277763199,0.623376623376623,0.635775746886861,0.636084945922719,16.3655480158275,15.1211186508395,15.7433333333335,0.703573895361741,63.6293832587791,15.5804000000001,15.8295674443192,1.44687901331011,1.46892154874958
"3776995","2018-01-22",26.3168920570834,0.594594594594595,0.615866949200285,0.621890915603237,16.3591390330273,15.2081943003065,15.7836666666669,0.682169187369084,63.1012833705398,15.6108000000001,15.8442917850766,1.37640596005204,1.45041843101007
"3776994","2018-01-23",25.5237832239083,0.683333333333336,0.633768183768187,0.628470293285112,16.3545377245895,15.2971289420776,15.8258333333335,0.734062742898606,66.4043600000649,15.6524000000001,15.8717195470664,1.36065106711734,1.43246495823152
"3776993","2018-01-24",25.1726565905087,0.653846153846153,0.643924693924697,0.631186608964391,16.3502085750195,15.3804580916476,15.8653333333335,0.741986645730278,66.6962322163266,15.6916000000001,15.8968236074576,1.33752836238907,1.41347763906303
"3776992","2018-01-25",24.125438966482,0.380952380952383,0.572710622710626,0.616801166801171,16.3391082163466,15.4552251169871,15.8971666666669,0.665368776450643,62.0517376909985,15.7260000000001,15.9079137931299,1.26385904714983,1.38355392068039
"3776991","2018-01-26",23.1530226013143,0.447368421052637,0.494055651950393,0.570230322861907,16.3347415783789,15.5159250882882,15.9253333333335,0.676677764086622,63.7507662767655,15.7608000000001,15.9241919540459,1.21670086078418,1.35018330870115
"3776990","2018-01-29",22.5459898197788,0.447368421052637,0.425229741019221,0.497332005226748,16.3150878813928,15.5959121186075,15.9555000000002,0.677749779606128,63.7507662767655,15.7956000000001,15.9382996935065,1.1657647997489,1.3132996069107
"3776989","2018-01-30",21.6512357365308,0,0.298245614035093,0.405843669001571,16.27219385351,15.675472813157,15.9738333333335,0.331579593806967,51.8944061606576,15.8200000000001,15.9211930677056,1.00241050931753,1.25112178739207
"3776988","2018-01-31",20.5225516028045,0.538461538461538,0.328609986504727,0.350695113853015,16.2366468523234,15.7600198143437,15.9983333333335,0.643368562603561,59.6152485063861,15.8500000000001,15.9343673253448,0.968208659591152,1.19453916183188
"3776987","2018-02-01",19.5391491843524,0.605263157894732,0.381241565452092,0.336032388663972,16.2121064999772,15.8238935000232,16.0180000000002,0.66829249237114,60.2692685366646,15.8764000000001,15.9484516819655,0.940293550400972,1.1436900395457
"3776986","2018-02-02",18.8589638265568,0.131578947368418,0.425101214574898,0.378317588843907,16.1860487644206,15.8692845689131,16.0276666666669,0.27585850608393,52.092592372832,15.8924000000001,15.9366581243701,0.817611008718888,1.07847423338034
"3776985","2018-02-05",21.1004481835705,0,0.245614035087718,0.350652271704904,16.3566109002497,15.6393890997507,15.9980000000002,-0.501085019307257,30.677746263055,15.8752000000001,15.8117703744541,0.279727858716194,0.91872495844751
"3776984","2018-02-06",25.0136998978667,0,0.0438596491228078,0.238191632928476,16.8885292615516,14.8921374051155,15.8903333333335,-0.51700141021312,15.5087716955558,15.7804000000001,15.4502009911936,-1.12318345722301,0.510343275313406
"3776983","2018-02-07",27.6351272855892,0.72168284789644,0.240560949298815,0.176678211169782,16.8604456890943,14.8468876442394,15.8536666666669,0.297870242161554,48.0048776496645,15.7736000000001,15.4341741923678,-1.07034765492425,0.194205089265874
"3776982","2018-02-08",30.3780638854943,0.579288025889968,0.433656957928804,0.239359185450144,16.8580954097428,14.7609045902575,15.8095000000002,0.183942287380316,44.3781002402767,15.7436000000001,15.3616176333854,-1.24546824774352,-0.0937295781360044
"3776981","2018-02-09",33.0759595998418,0.501618122977346,0.600862998921253,0.425026968716292,16.8554129623318,14.6339203710019,15.7446666666669,0.106270725331001,42.4923277082982,15.7008000000001,15.2667352822673,-1.49545132338138,-0.37407392718508
"3776980","2018-02-12",35.2234206830759,0.669902912621359,0.583603020496226,0.539374325782096,16.826753786184,14.5835795471497,15.7051666666668,0.298574125241357,47.6799194257271,15.6748000000001,15.2538372446317,-1.40329893843042,-0.579918929434148
"3776979","2018-02-13",37.2174916889362,0.711974110032362,0.627831715210358,0.604099244875947,16.7998257844627,14.5478408822043,15.6738333333335,0.350280227754319,48.9204619388561,15.6484000000001,15.2599922786808,-1.247027775523,-0.713340698651918
"3776978","2018-02-14",39.2888811494476,0.618122977346278,0.666666666666668,0.626033800791086,16.7720908047623,14.4902425285714,15.6311666666668,0.278907298410595,46.2840462019474,15.6028000000001,15.2266599748567,-1.26234721541919,-0.823142002005373
"3776977","2018-02-15",40.85538028846,0.695792880258899,0.675296655879182,0.656598345918738,16.7369222781506,14.4610777218497,15.5990000000002,0.37740814756977,48.7458330783168,15.5756000000001,15.2297719782091,-1.13427907319511,-0.88536941624332
"3776976","2018-02-16",42.3099866318286,0.716612377850163,0.676842745151782,0.672935355899212,16.6941486897703,14.4381846435634,15.5661666666668,0.399747220241773,49.2674804671322,15.5416000000001,15.2391357144479,-0.994777493070031,-0.907251031608663
"3776975","2018-02-20",43.7081555269994,0.700325732899022,0.704243663669364,0.685461021566777,16.6473902275764,14.415609772424,15.5315000000002,0.396271158990691,48.7333360611717,15.5112000000001,15.2405842858549,-0.900308538748729,-0.905862533036676
"3776974","2018-02-21",45.0064552153722,0.716612377850163,0.711183496199785,0.697423301673645,16.5845971330017,14.4030695336653,15.4938333333335,0.420315776254038,49.3250022511853,15.4888000000001,15.2485063810742,-0.789839671300696,-0.88265796068948
"3776973","2018-02-22",46.0310685315905,0.721311475409837,0.712749862053009,0.709392340640721,16.5116971091296,14.3993028908708,15.4555000000002,0.442166729291873,49.3250022511853,15.4624000000001,15.255372196931,-0.69427280154436,-0.844980928860456
"3776972","2018-02-23",46.7938538225567,0.824817518248175,0.75424712383606,0.726060160696286,16.4439786768881,14.4013546564456,15.4226666666668,0.482375611155116,50.1260639222898,15.4392000000001,15.2693225706735,-0.580109430103237,-0.792006629109012
"3776971","2018-02-26",46.799958054918,0.903100775193798,0.816409922950605,0.761135636279893,16.3713744594854,14.4152922071816,15.3933333333335,0.54601033514507,51.09732569715,15.4184000000001,15.2907462279171,-0.447526535137754,-0.723110610314761
"3776970","2018-02-27",46.6657615021821,0.737864077669903,0.821927457037294,0.797528167941321,16.2901006209244,14.4362327124093,15.3631666666668,0.563021390465048,50.7929689801836,15.3972000000001,15.3066467308614,-0.349028956450836,-0.648294279541976
"3776969","2018-02-28",46.3946383024864,0.801980198019803,0.81431501696117,0.817550798983025,16.2462543760113,14.4450789573224,15.3456666666668,0.598639291222295,51.5696224144791,15.3736000000001,15.3270938334133,-0.241885386087204,-0.567012500851022
"3776968","2018-03-01",46.519297537557,0.609999999999999,0.716614758563237,0.784285744187235,16.1480647644223,14.4722685689114,15.3101666666668,0.527748004276642,48.2866172821659,15.3416000000001,15.3181479889582,-0.259287473647318,-0.505467495410281
"3776967","2018-03-02",46.8434205509793,0.203125000000001,0.538368399339936,0.689766058288116,16.0265268505644,14.5078064827693,15.2671666666668,0.471137982828825,46.3788157261661,15.3080000000001,15.2943949237637,-0.332552593207947,-0.470884514969814
"3776966","2018-03-05",46.5767634170338,0.484375,0.432500000000002,0.562494385967726,15.9317067296119,14.5449599370551,15.2383333333335,0.602157558558533,49.5958010262716,15.2796000000001,15.2978089339286,-0.292382827259619,-0.435184177427775
"3776965","2018-03-06",46.1228102727598,0.718750000000001,0.468750000000002,0.479872799779982,15.9511177489094,14.546882251091,15.2490000000002,0.673997405501242,52.1709809954523,15.2572000000001,15.3207677427381,-0.179432779690769,-0.384033897880374
"3776964","2018-03-07",45.7012823530767,0.647058823529412,0.616727941176473,0.505992647058827,15.634586246673,15.0267470866607,15.3306666666669,0.767614654283205,52.1709809954523,15.2436000000001,15.3406653770397,-0.0889866968099784,-0.325024457666295
"3776963","2018-03-08",44.551341107198,0.796296296296297,0.720701706608572,0.602059882595017,15.6621710887558,15.0151622445779,15.3386666666669,0.914213812394376,53.9885257945559,15.2256000000001,15.3712433267677,0.0347135785022878,-0.253076850432578
"3776962","2018-03-09",42.6942432564101,0.814285714285716,0.75254694470381,0.696658864162953,15.7267590747356,15.0112409252648,15.3690000000002,1.03713988054302,56.4818393651165,15.2124000000001,15.4164108831987,0.20347692973044,-0.161766094399975
"3776961","2018-03-12",40.5102094593883,0.9,0.836860670194006,0.770036440502131,15.7683315399286,15.0713351267384,15.4198333333335,1.16977867389076,59.0427223884577,15.2124000000001,15.4755560987722,0.410220334802469,-0.0473688085594859
"3776960","2018-03-13",38.3441748979143,0.855421686746987,0.856569133677569,0.815325582858463,15.8467165931881,15.0566167401456,15.4516666666669,1.05478219828193,58.7943244203775,15.2464000000001,15.5254819522692,0.561583616680439,0.074421676488499
"3776959","2018-03-14",37.1920953204442,0.554216867469878,0.76987951807229,0.821103107314623,15.8677142630603,15.0669524036067,15.4673333333335,0.728116092830806,52.8123834292821,15.3464000000001,15.5354176919667,0.545093885499437,0.168556118290687
"3776958","2018-03-15",36.185687654313,0.53012048192771,0.646586345381527,0.75767833237713,15.8648658013872,15.1188008652798,15.4918333333335,0.667322343259383,52.35347408954,15.3564000000001,15.5413619997045,0.515677066424947,0.237980307917539
"3776957","2018-03-16",35.5084334496673,0.433734939759035,0.506024096385543,0.640829986613121,15.8685668963525,15.1380997703145,15.5033333333335,0.563886060033388,50.4645177038447,15.3808000000001,15.5358470664105,0.445709704855601,0.279526187305151
"3776956","2018-03-19",35.5924348748084,0.132530120481927,0.365461847389559,0.506024096385544,15.8678782258694,15.1407884407977,15.5043333333335,0.301491732799824,45.0003163289014,15.4048000000001,15.4977341242225,0.257329801798156,0.275086910203752
"3776955","2018-03-20",35.6704361981538,0.144578313253011,0.236947791164659,0.369477911646589,15.8662274077699,15.1454392588971,15.5058333333335,0.256054072741783,45.2556596314417,15.4084000000001,15.4660362409928,0.111684376477128,0.242406403458427
"3776954","2018-03-21",35.742865998403,0.19277108433735,0.156626506024097,0.253012048192773,15.8646173324146,15.1507160009191,15.5076666666669,0.288486176816816,46.3290270839993,15.4084000000001,15.4438980755271,0.0167672958860443,0.197278581943951
"3776953","2018-03-22",36.0435418436485,0,0.112449799196788,0.168674698795183,15.8683722863344,15.1409610469993,15.5046666666669,0.181977235401316,44.4518148712855,15.4168000000001,15.4140449987901,-0.0992909764879646,0.137964670257568
"3776952","2018-03-23",36.8688615796863,0,0.0642570281124513,0.111111111111114,15.8888494124265,15.0941505875739,15.4915000000002,0.0367217678532363,39.8833922645118,15.4072000000001,15.3601723322848,-0.298310763674292,0.0507095834711958
"3776951","2018-03-26",37.4326788006702,0.218750000000001,0.0729166666666683,0.0832078313253042,15.8895970576934,15.072402942307,15.4810000000002,0.245878411558737,45.8739566395266,15.4040000000001,15.3414826879802,-0.342135228208817,-0.0278593788648069
"3776950","2018-03-27",38.1379317260613,0.145833333333334,0.12152777777778,0.0862338241856346,15.8905094643444,15.0481572023226,15.4693333333335,0.235660866948469,44.289651028596,15.4000000000001,15.3159516629161,-0.409137898080503,-0.104115082707946
"3776949","2018-03-28",38.8453995897979,0.125000000000001,0.163194444444447,0.119212962962966,15.8915277558505,15.0118055774833,15.4516666666669,0.179823160546384,43.8239566613618,15.3932000000001,15.2911581078606,-0.467583231157109,-0.176808712397779
"3776948","2018-03-29",38.9020003194295,0.239583333333334,0.170138888888891,0.151620370370374,15.892527922499,15.002138744168,15.4473333333335,0.300836153842375,47.1174621276909,15.3908000000001,15.2843370268126,-0.450732242313923,-0.231593418381008
"3776947","2018-04-02",39.2889093620693,0.125000000000001,0.163194444444447,0.165509259259263,15.893620961401,14.999045705266,15.4463333333335,0.228362708074355,44.3192276208565,15.3816000000001,15.2637587565709,-0.489909572909653,-0.283256649286737
"3776946","2018-04-03",38.2892735278058,0.391891891891893,0.252158408408411,0.195163913913918,15.8936911100291,14.9993088899713,15.4465000000002,0.429373968701249,49.3277889095632,15.3764000000001,15.2685909223614,-0.426205919522038,-0.311846503333797
"3776945","2018-04-04",37.3610402531326,0.558823529411766,0.358571807101221,0.257974886651361,15.8906746267949,14.9973253732054,15.4440000000002,0.499253744642231,51.7997157456792,15.3756000000001,15.2847787993799,-0.324426975353287,-0.314362597737695
"3776944","2018-04-05",35.5784805082475,0.82608695652174,0.592267459275135,0.400999224928257,15.903175714546,14.997490952121,15.4503333333335,0.687335233743127,56.6117994284814,15.3804000000001,15.3241416261293,-0.142029286811551,-0.279895935552466
"3776943","2018-04-06",34.4326112147346,0.65217391304348,0.67902813299233,0.543289133122897,15.8946915328176,14.9976418005161,15.4461666666668,0.586022729719233,53.0120637560709,15.3884000000001,15.3422560759787,-0.0601692930019881,-0.235950607042371
"3776942","2018-04-09",33.3685897279013,0.855072463768116,0.77777777777778,0.68302445668175,15.872844066252,15.005822600415,15.4393333333335,0.704531652698988,56.4882399151731,15.4068000000001,15.3766219325149,0.0772390346828189,-0.173312678697333
"3776941","2018-04-10",32.0573850520638,0.913043478260871,0.806763285024157,0.754523065264758,15.8244027132996,15.0315972867008,15.4280000000002,0.792631700309021,57.4566596499466,15.4196000000001,15.4117390081796,0.204452757604989,-0.0977595914368683
"3776940","2018-04-11",30.6437119254119,0.847222222222221,0.871779388083738,0.81877348362856,15.7689798355926,15.0636868310744,15.4163333333335,0.840756723508617,56.7762377575941,15.4256000000001,15.4395071404223,0.291183640638448,-0.019970945021805
"3776939","2018-04-12",30.0866950618587,0.625000000000001,0.795088566827699,0.8245437466452,15.7473810486641,15.0702856180029,15.4088333333335,0.634643748189912,51.5198525291464,15.4252000000001,15.4422395216993,0.273089551154015,0.0386411542133591
"3776938","2018-04-13",29.6138346656753,0.533333333333331,0.668518518518519,0.778462157809987,15.7301594994977,15.075173833836,15.4026666666669,0.638425421226422,51.2008001232971,15.4204000000001,15.4432742521394,0.250636275222549,0.0810401784151971
"3776937","2018-04-16",29.3579866782687,0.466666666666666,0.541666666666667,0.668424584004297,15.7182085469393,15.0761247863944,15.3971666666669,0.566709884231916,49.8704218933338,15.4084000000001,15.4388376851875,0.209532372114385,0.106738617155035
"3776936","2018-04-17",28.7317532013887,0.483333333333332,0.494444444444444,0.568209876543212,15.72414141969,15.080525246977,15.4023333333335,0.594776984460604,50.2186706412099,15.3908000000001,15.4363259938292,0.180106382210221,0.121412170166072
"3776935","2018-04-18",27.8413510528492,0.633333333333332,0.527777777777778,0.521296296296298,15.7377758790863,15.0875574542474,15.4126666666669,0.690705146552154,53.3591040662511,15.3772000000001,15.4461491946519,0.201486402394879,0.137427016611833
"3776934","2018-04-19",27.0145490577768,0.666666666666665,0.594444444444444,0.538888888888891,15.7516767879688,15.0929898786982,15.4223333333335,0.693819954320719,54.0527766694368,15.3744000000001,15.4573293020317,0.226233278126209,0.155188268914708
"3776933","2018-04-20",26.0776211239806,0.58139534883721,0.627131782945737,0.583118001722655,15.765050623104,15.1092827102297,15.4371666666669,0.702561501905332,54.777097170086,15.3732000000001,15.4696853950941,0.25331947945606,0.174814511022979
"3776932","2018-04-23",25.0329627378646,0.441176470588231,0.563079495364037,0.594885240918074,15.7584037377561,15.1605962622443,15.4595000000002,0.684842118117066,54.3160405128034,15.3748000000001,15.4790606757482,0.266459860845214,0.193143580987426
"3776931","2018-04-24",24.5983158561726,0.156250000000002,0.392940606475149,0.527717294928309,15.7591231598928,15.1845435067743,15.4718333333335,0.583829398422067,50.6436019386891,15.3832000000001,15.4765192523151,0.2324838938081,0.201011643551561
"3776930","2018-04-25",24.2599431760165,0.124999999999997,0.240808823529412,0.398942975122867,15.7514212127893,15.2152454538777,15.4833333333335,0.487566266180356,50.1868180320909,15.3908000000001,15.4729833520065,0.198062198266524,0.200421754494553
"3776929","2018-04-26",23.188228021676,0.343749999999998,0.208333333333334,0.280694254445966,15.7296666666669,15.2750000000002,15.5023333333335,0.604838709677008,53.3581704700095,15.3996000000001,15.4792522384056,0.204915979460529,0.201320599487749
"3776928","2018-04-27",22.2693564825087,0.312499999999999,0.260416666666666,0.236519607843139,15.7164563247189,15.3145436752815,15.5155000000002,0.544371167113325,52.8406175631444,15.4112000000001,15.4833519399515,0.202786678048494,0.201613815199898
"3776927","2018-04-30",20.6905794639353,0.468750000000001,0.375,0.281250000000002,15.6784728003647,15.3915271996356,15.5350000000002,0.703290565127782,55.1814294319377,15.4332000000001,15.4935716812913,0.224544934427628,0.206200039045444
"3776926","2018-05-01",19.2245722324029,0.759999999999998,0.51375,0.383055555555557,15.6761785708816,15.4171547624521,15.5466666666669,0.77024542811036,57.0194283820869,15.4484000000001,15.5077621237858,0.2595764384411,0.216875318924575
"3776925","2018-05-02",18.6820183274761,0.705882352941177,0.644877450980393,0.5112091503268,15.6920733131779,15.4252600201558,15.5586666666669,0.967243086933155,59.268053800845,15.4684000000001,15.5267271739477,0.309693610223527,0.235438977184366
"3776924","2018-05-03",18.8886151940055,0.454545454545453,0.640142602495544,0.599590017825314,15.7051550111802,15.4191783221535,15.5621666666669,0.947006131052927,56.7118616168055,15.4876000000001,15.5378302174213,0.324807894375012,0.253312760622495
"3776923","2018-05-04",19.080455141497,0.651162790697673,0.603863532728103,0.629627862068015,15.7368602018719,15.4101397981285,15.5735000000002,1.04021725603171,60.807682725039,15.5060000000001,15.5594528550985,0.379050428784855,0.278460294254967
"3776922","2018-05-07",19.4696774738751,0.883720930232557,0.663143058491896,0.635716397905183,15.786764439109,15.3832355608914,15.5850000000002,1.14844594969824,65.8360367089065,15.5340000000001,15.595525807752,0.483595088516475,0.319487253107269
"3776921","2018-05-08",19.9030439289525,0.909090909090907,0.814658210007047,0.693888267075684,15.8289707156766,15.3613626176571,15.5951666666669,1.07348593363185,66.5471348570712,15.5560000000001,15.6294557000518,0.569857707404187,0.369561343966652
"3776920","2018-05-09",20.6620584816628,0.897959183673472,0.896923674332313,0.791574980943754,15.8772762609571,15.3380570723766,15.6076666666669,1.05450548929271,67.9825031724866,15.5760000000001,15.6641949400449,0.650997623064198,0.425848599786161
"3776919","2018-05-10",21.7010164132731,0.851851851851852,0.886300648205412,0.865960844181592,15.9296871638386,15.3293128361618,15.6295000000002,1.01162525195755,68.7055266025995,15.5892000000001,15.6969689480389,0.716977691853682,0.484074418199665
"3776918","2018-05-11",22.7962303056577,0.874999999999997,0.874937011841775,0.886053778126502,15.9793188624645,15.3266811375359,15.6530000000002,0.975506274736241,69.806934405569,15.6084000000001,15.7293730883004,0.775401407592646,0.542339816078262
"3776917","2018-05-14",25.1166598292968,0,0.575617283950618,0.77895164799927,16.121270843271,15.1167291567294,15.6190000000002,-0.355116329674139,25.6809680858584,15.5676000000001,15.5761233431937,0.119800850853591,0.457832023033327
"3776916","2018-05-15",27.3543267079767,0,0.291666666666667,0.580740320819688,16.2215477783088,14.9401188883582,15.5808333333335,-0.187383701305102,25.0539393223649,15.5232000000001,15.4366402307678,-0.425976484214508,0.28107032158376
"3776915","2018-05-16",28.3074553903588,0.331081081081081,0.110360360360362,0.32588143699255,16.2337153068897,14.883618026444,15.5586666666669,0.155333478503171,40.4094489024445,15.4992000000001,15.3810881999988,-0.597961013311532,0.105264054604702
"3776914","2018-05-17",29.7156525338486,0.155405405405405,0.162162162162164,0.188063063063066,16.2562790464684,14.7990542868654,15.5276666666669,0.0898596542995307,36.1742229504524,15.4712000000001,15.2982764399989,-0.862282276152815,-0.0882452115468014
"3776913","2018-05-18",31.2547729796445,0.0675675675675684,0.184684684684686,0.152402402402405,16.2891839771019,14.6844826895651,15.4868333333335,0.0429055826794355,34.2417884392628,15.4384000000001,15.2091729146658,-1.12952068269727,-0.296500305776895
"3776912","2018-05-21",32.6839562507406,0.148648648648649,0.123873873873876,0.15690690690691,16.3002410133448,14.5994256533222,15.4498333333335,0.135566947534343,37.557729752669,15.4120000000001,15.147949859377,-1.26470289275239,-0.490140823171994
"3776911","2018-05-22",33.8337003134731,0.283783783783783,0.166666666666668,0.158408408408412,16.2969315613905,14.5480684386098,15.4225000000002,0.243166482947687,42.7402359450055,15.3932000000001,15.1215565447934,-1.25144786679509,-0.642402231896612
"3776910","2018-05-23",34.9855661814708,0.256756756756757,0.229729729729731,0.173423423423427,16.2935729562802,14.4994270437202,15.3965000000002,0.254850856747792,41.989620029181,15.3692000000001,15.0933490054876,-1.2482174117495,-0.763565267867189
"3776909","2018-05-24",35.4890775204108,0.344594594594594,0.295045045045046,0.230480480480483,16.2774554081235,14.4678779252102,15.3726666666669,0.334583853877524,45.3489116959001,15.3496000000001,15.0862358047559,-1.16285480030448,-0.843423174354648
"3776908","2018-05-25",35.410310827194,0.418918918918919,0.340090090090091,0.288288288288291,16.2603116599654,14.4493550067017,15.3548333333335,0.401617376459143,48.0882261428548,15.3336000000001,15.0947376974551,-1.02451777657606,-0.879642094798931
"3776907","2018-05-29",34.9798795030329,0.385135135135135,0.382882882882884,0.339339339339342,16.2355528188247,14.4311138478423,15.3333333333335,0.405787891564084,46.9365865736116,15.3160000000001,15.0954393377945,-0.930871398299127,-0.88988795549897
"3776906","2018-05-30",34.8662723815762,0.324324324324324,0.376126126126127,0.366366366366369,16.2053389610215,14.4086610389788,15.3070000000002,0.379221535847965,44.8543064414393,15.2980000000001,15.0840474260885,-0.894496624643759,-0.890809689327928
"3776905","2018-05-31",34.5089684710106,0.418918918918919,0.376126126126127,0.378378378378381,16.1651369368617,14.400196396472,15.2826666666669,0.451273146017036,48.6691466097856,15.2860000000001,15.0928411026101,-0.781776956358704,-0.869003142734083
"3776904","2018-06-01",34.212581172016,0.80263157894737,0.515291607396873,0.422514619883044,16.1202391196986,14.3937608803017,15.2570000000002,0.453469825740996,48.4115321600813,15.2708000000001,15.0991289555954,-0.689824439746234,-0.833167402136513
"3776903","2018-06-04",33.8670514233092,0.828947368421054,0.683499288762449,0.524972340761818,16.0624036610981,14.3959296722356,15.2291666666669,0.478497514168838,48.9930466633793,15.2568000000001,15.1072450948493,-0.599343629493587,-0.786402647607928
"3776902","2018-06-05",33.3983080372734,0.863636363636364,0.831738437001597,0.676843111053641,15.9818629655537,14.41447036778,15.1981666666669,0.518183064051916,50.2020678441424,15.2424000000001,15.1196124155361,-0.500505179142574,-0.729223153914857
"3776901","2018-06-06",32.376589449377,0.904109589041095,0.865564440366172,0.793600722043408,15.8954550649061,14.4458782684276,15.1706666666669,0.598419529764181,52.9068333630157,15.2300000000001,15.1423307601313,-0.369939635641425,-0.657366450260171
"3776900","2018-06-07",31.1423473634434,0.883116883116883,0.883620945264782,0.860307940877519,15.7900235885224,14.4946430781446,15.1423333333335,0.652593516023205,53.5111152949707,15.2164000000001,15.1646866587804,-0.252983254963057,-0.576489811200748
"3776899","2018-06-08",32.2402078257741,0,0.595742157385994,0.781642514338984,15.6349609440326,14.5397057226344,15.0873333333335,0.271134013543573,36.9269610739385,15.1784000000001,15.0973951042764,-0.500990642995358,-0.56138997755967
"3776898","2018-06-11",33.5214481795446,0,0.294372294372296,0.591245132341025,15.4229419276451,14.6270580723552,15.0250000000002,0.112590039006124,34.7836879221674,15.1320000000001,15.0230757570395,-0.754489347543752,-0.600009851556487
"3776897","2018-06-12",34.7111713651886,0.30232558139535,0.100775193798452,0.330296548518915,15.4174032010406,14.6412634656264,15.0293333333335,0.264647191308461,42.5623894069397,15.0908000000001,14.9933323227676,-0.807364132275223,-0.641480707700234
"3776896","2018-06-13",35.2125129942438,0.418604651162791,0.240310077519382,0.211819188563378,15.4017682642453,14.681231735755,15.0415000000002,0.363758931316736,45.2664464558128,15.0528000000001,14.9808880130652,-0.78656816593955,-0.670498199348097
"3776895","2018-06-14",36.3181225164357,0.104651162790699,0.275193798449615,0.205426356589151,15.4068447824379,14.6401552175625,15.0235000000002,0.121533042889411,39.8160719444694,15.0024000000001,14.9341029446565,-0.905538001545492,-0.717506159787576
"3776894","2018-06-15",38.3597275397795,0,0.174418604651165,0.229974160206722,15.542254003897,14.4200793294367,14.9811666666668,-0.300083403918688,30.2331458899607,14.9248000000001,14.805555885369,-1.34409850317894,-0.842824628465848
"3776893","2018-06-18",40.2672371875035,0,0.0348837209302347,0.16149870801034,15.6429701821216,14.2446964845454,14.9438333333335,-0.170231206015943,30.1148794289977,14.8456000000001,14.6928151006531,-1.68231530683529,-1.01072276413974
"3776892","2018-06-19",41.9793691617439,0.0277777777777772,0.0092592592592606,0.0728538616135547,15.7069725100824,14.1013608232513,14.9041666666668,-0.0402925297039096,31.2729909450365,14.8224000000001,14.6004397538994,-1.90990420905385,-1.19055905312256
"3776891","2018-06-20",43.0254333679596,0.0972222222222214,0.0416666666666677,0.0286032156187223,15.7312588494773,13.9930744838564,14.8621666666668,0.0806927344711375,34.2083493511001,14.8052000000001,14.5337144533795,-2.01407561010469,-1.35526236451899
"3776890","2018-06-21",43.8740386613318,0.0972222222222214,0.0740740740740749,0.041666666666669,15.7439224437541,13.8987442229129,14.8213333333335,0.130749308853805,34.2083493511001,14.7684000000001,14.4758858595955,-2.07428375920209,-1.49906664345561
"3776889","2018-06-22",44.4066023393816,0.11111111111111,0.101851851851852,0.0725308641975329,15.7330617070552,13.8189382929451,14.7760000000002,0.181664552639721,34.8537398144035,14.7428000000001,14.4284344116495,-2.08797199339982,-1.61684771344445
"3776888","2018-06-25",44.5753432938104,0.0972222222222214,0.101851851851852,0.0925925925925945,15.6988951998376,13.7524381334961,14.7256666666669,0.214524056926034,34.4893871731366,14.7216000000001,14.3846431567629,-2.08691622982706,-1.71086141672097
"3776887","2018-06-26",44.8046631965757,0.0763888888888885,0.0949074074074082,0.099537037037039,15.6599149465303,13.6857517201368,14.6728333333335,0.213211826105611,33.9166421436143,14.6944000000001,14.3426907358612,-2.07982248219311,-1.7846536298154
"3776886","2018-06-27",45.6183538993934,0,0.0578703703703715,0.0848765432098786,15.63460923648,13.5930574301871,14.6138333333335,0.155245910897769,29.065202197344,14.6480000000001,14.2689986377463,-2.2079336020877,-1.86930962426986
"3776885","2018-06-28",46.3739238377242,0.0546875000000002,0.0436921296296311,0.0654899691358048,15.5750075288672,13.5273258044665,14.5511666666669,0.203160248933985,31.6956568660233,14.6060000000001,14.2144654860468,-2.24576337379769,-1.94460037417543
"3776884","2018-06-29",46.1850771705177,0.17741935483871,0.077368951612905,0.0596438172043038,15.4973020203852,13.4960313129485,14.4966666666669,0.295130164811479,37.080061377556,14.5648000000001,14.1872034212406,-2.16648390133352,-1.98897707960704
"3776883","2018-07-02",46.4371781754584,0.0322580645161298,0.0881216397849482,0.0697275736758294,15.4099837937928,13.4560162062076,14.4330000000002,0.237457262208639,33.6518740549769,14.5120000000001,14.1395762984085,-2.18170616193555,-2.02752289607274
"3776882","2018-07-03",47.0031566186667,0,0.0698924731182815,0.0784610215053795,15.3055842997616,13.4157490335721,14.3606666666668,0.192742178614503,30.9157484743347,14.4548000000001,14.0769661252874,-2.26050668053539,-2.07411965296527
"3776881","2018-07-05",47.5287080302173,0,0.0107526881720448,0.0562556003584261,15.1571303264915,13.4052030068422,14.2811666666669,0.181588769649868,30.9157484743347,14.4012000000001,14.0227039752491,-2.29806774913526,-2.11890927219927
"3776880","2018-07-06",48.0167200552285,0.046874999999999,0.0156250000000012,0.0320900537634438,14.9601521737749,13.4421811595588,14.2011666666669,0.196195340788486,32.1159798186367,14.3432000000001,13.9796767785492,-2.28542778916834,-2.15221297559308
"3776879","2018-07-09",46.9010151856645,0.296874999999999,0.114583333333334,0.0469870071684613,14.8642901272201,13.4467098727803,14.1555000000002,0.336223264298647,38.2752423052418,14.2920000000001,13.9637198747426,-2.15875843482398,-2.15352206743926
"3776878","2018-07-10",44.9028750324406,0.531249999999999,0.291666666666667,0.140625000000002,14.7843393877962,13.4629939455375,14.1236666666669,0.466952876007797,43.455020569861,14.2460000000001,13.9698905581103,-1.94930247897787,-2.11267814974698
"3776877","2018-07-11",42.6309467654989,0.687499999999999,0.505208333333334,0.303819444444446,14.6626274724657,13.5173725275347,14.0900000000002,0.572764002200547,46.6681753196015,14.2024000000001,13.9885718170289,-1.70582772723512,-2.03130806524461
"3776876","2018-07-12",40.0211149145298,0.712328767123287,0.64369292237443,0.480189307458145,14.4840590007359,13.6276076659311,14.0558333333335,0.738386769182883,49.1572684017362,14.1584000000001,14.0154289080917,-1.44999424433715,-1.91504530106312
"3776875","2018-07-13",38.6845919705999,0.315068493150685,0.571632420091325,0.573511225266364,14.3127617086296,13.7202382913708,14.0165000000002,0.382142492094919,41.5811923157182,14.1020000000001,14.0000383870128,-1.39804939807822,-1.81164612046614
"3776874","2018-07-16",37.6393947047308,0.232876712328767,0.420091324200915,0.545138888888891,14.3059032356495,13.7097634310175,14.0078333333335,0.335888607716915,40.200717997895,14.0692000000001,13.9786999354111,-1.37582530168332,-1.72448195670958
"3776873","2018-07-17",37.105620975151,0.041095890410958,0.196347031963472,0.396023592085238,14.3132195972722,13.6771137360615,13.9951666666669,0.119822189858108,37.1052374647752,14.0356000000001,13.941539944023,-1.42307841374317,-1.66420124811629
"3776872","2018-07-18",36.2768591268288,0.10958904109589,0.12785388127854,0.248097412480977,14.3113718186963,13.6559615146374,13.9836666666669,0.229940162820109,38.9143278939441,13.9936000000001,13.9160012848199,-1.41581723056319,-1.61452444460567
"3776871","2018-07-19",35.0686778308642,0.246575342465753,0.132420091324202,0.152207001522072,14.2941276489567,13.6498723510437,13.9720000000002,0.388243061045162,42.4779746045061,13.9516000000001,13.9072011135106,-1.33692344674314,-1.55900424503317
"3776870","2018-07-20",33.4199402927374,0.383561643835615,0.246575342465755,0.1689497716895,14.2781808139435,13.6518191860568,13.9650000000002,0.555878263357062,45.8782331121461,13.9244000000001,13.9129076317092,-1.20257034273604,-1.48771746457374
"3776869","2018-07-23",32.4595637197389,0.178082191780823,0.269406392694065,0.216133942161342,14.2516313460338,13.6500353206332,13.9508333333335,0.38779846084382,41.8792244962052,13.9176000000001,13.8978532808146,-1.16962435752657,-1.42409884316431
"3776868","2018-07-24",31.5677854733833,0.191780821917809,0.251141552511417,0.25570776255708,14.2209235603683,13.6497431062987,13.9353333333335,0.368109399058069,42.2406852190771,13.9116000000001,13.8861395100393,-1.12488309328013,-1.36425569318747
"3776867","2018-07-25",30.9334708278022,0.0857142857142863,0.151859099804308,0.224135681669931,14.1994408973794,13.642559102621,13.9210000000002,0.318632964929291,40.8719795306206,13.9020000000001,13.8693209087008,-1.1058688987867,-1.31257833430732
"3776866","2018-07-26",30.7550053506978,0,0.0924983692107,0.165166340508809,14.2024023946153,13.6219309387184,13.9121666666669,0.191917093395769,37.9579793958093,13.8840000000001,13.840078120874,-1.14192406757688,-1.27844748096123
"3776865","2018-07-27",30.5892874076722,0.013333333333333,0.0330158730158747,0.092457780676962,14.2046176645519,13.5947156687818,13.8996666666669,0.161694280778729,38.3880314029596,13.8664000000001,13.8160677047575,-1.15177225995893,-1.25311243676077
"3776864","2018-07-30",28.4786277113454,0.266666666666666,0.0933333333333345,0.0729491918533043,14.1863452513664,13.5989880819673,13.8926666666669,0.591937245024295,46.0411125193328,13.8556000000001,13.8205920107898,-1.03684000068706,-1.20985794954603
"3776863","2018-07-31",26.9096068010956,0.626666666666665,0.302222222222223,0.142857142857145,14.2198993940671,13.5891006059333,13.9045000000002,0.899757690423748,54.6599396747929,13.8564000000001,13.8605130760178,-0.779358034409139,-1.12375796651865
"3776862","2018-08-01",25.5398751684052,0.866666666666666,0.586666666666667,0.327407407407409,14.2595681144214,13.5910985522456,13.9253333333335,0.905902300846682,56.0596545404705,13.8604000000001,13.9017779992154,-0.540317302827997,-1.00706983378052
"3776861","2018-08-02",24.4483059118517,0.796875000000001,0.763402777777779,0.550763888888891,14.2909543058877,13.6077123607793,13.9493333333335,0.871757035437137,55.6893624746243,13.8752000000001,13.9362075993201,-0.352915035235968,-0.876238874071609
"3776860","2018-08-03",23.7490406066955,0.859154929577465,0.840898865414712,0.730322769953054,14.335533432503,13.6184665674974,13.9770000000002,0.941149004048179,58.6320406662665,13.8912000000001,13.9793799194107,-0.145254459875721,-0.730041991232431
"3776859","2018-08-06",23.4466848983614,0.886075949367089,0.847368626314853,0.817223423169116,14.3977862897939,13.6018803768731,13.9998333333335,0.977652773392994,61.1337378549883,13.9048000000001,14.028795930156,0.0698209850821696,-0.570069395969511
"3776858","2018-08-07",23.5750580562429,0.853932584269664,0.866387821071407,0.851551770933659,14.4621438761992,13.5748561238012,14.0185000000002,0.990070253035662,62.7509938036572,13.9280000000001,14.0796231394685,0.27089359588599,-0.401876797598411
"3776857","2018-08-08",23.6942617028472,0.853932584269664,0.86464703930214,0.859467828896135,14.511099229233,13.5539007707674,14.0325000000002,0.939651077173439,62.7509938036572,13.9576000000001,14.1236733875394,0.424675837344601,-0.236566270609808
"3776856","2018-08-09",23.8049508032654,0.865168539325843,0.857677902621725,0.862904254331759,14.5466176446765,13.5380490219905,14.0423333333335,0.910813229772825,63.048201247151,13.9876000000001,14.1631836025341,0.545421436299498,-0.0801687292279471
"3776855","2018-08-10",23.1774655519574,0.752808988764046,0.823970037453186,0.848764993125685,14.5829797870687,13.5426868795983,14.0628333333335,0.782452500851539,58.0593363561095,14.0124000000001,14.1840924555296,0.577240935728773,0.051313203763397
"3776854","2018-08-13",22.6996792640417,0.797752808988764,0.805243445692886,0.828963795255934,14.6206725725557,13.5529940941113,14.0868333333335,0.783949403108881,59.441795905507,14.0324000000001,14.2075467947923,0.617889968378704,0.164628556686458
"3776853","2018-08-14",22.2560205681199,0.842696629213484,0.797752808988766,0.808988764044947,14.6481693734822,13.5911639598515,14.1196666666669,0.774675351317177,60.8321689541051,14.0480000000001,14.2332072221533,0.664915473549277,0.264685940059022
"3776852","2018-08-15",20.9913701245641,0.590909090909091,0.743786176370448,0.782260810350701,14.654128663084,13.6308713369164,14.1425000000002,0.618086946697673,50.5650137538681,14.0508000000001,14.2261129258662,0.570885441053037,0.325925840257825
"3776851","2018-08-16",21.0512053263516,0.115942028985507,0.516515916369363,0.686018300576194,14.6513575209561,13.645309145711,14.1483333333335,0.369124914957721,41.908864588884,14.0404000000001,14.1866312024174,0.350405071507587,0.330821686507777
"3776850","2018-08-17",21.1067665851543,0.131147540983607,0.279332886959403,0.513211659899739,14.6513444295266,13.6499889038071,14.1506666666669,0.396140783838525,45.144991537885,14.0448000000001,14.1630803754284,0.218380671403406,0.308333483486903
"3776849","2018-08-20",20.6105495467974,0.229508196721313,0.158865922230144,0.318238241852971,14.6481034481061,13.6762298852276,14.1621666666669,0.449753409086587,47.5069041148874,14.0540000000001,14.1506696587046,0.146159901377163,0.275898767064955
"3776848","2018-08-21",20.1497765826088,0.327868852459018,0.229508196721314,0.222569001970288,14.6425660358682,13.7107672974655,14.1766666666669,0.47138151666468,49.8331163690895,14.0712000000001,14.1479137042107,0.121716958403661,0.245062405332697
"3776847","2018-08-22",19.7773662577092,0.311475409836065,0.2896174863388,0.225997201763421,14.6295475301627,13.755785803171,14.1926666666668,0.439724223389623,49.4398761230124,14.0860000000001,14.1441918769826,0.0955396514581208,0.215157854557781
"3776846","2018-08-23",19.3523714113351,0.311475409836065,0.316939890710384,0.278688524590168,14.5971890907806,13.8291442425531,14.2131666666668,0.409076490136388,49.4398761230124,14.0968000000001,14.1409662933849,0.0739397313720858,0.186914229920642
"3776845","2018-08-24",18.7922630736713,0.39344262295082,0.338797814207652,0.315118397085613,14.5396681383336,13.9356651950001,14.2376666666668,0.410044588468978,51.6522355280601,14.1056000000001,14.1448374542669,0.0843774525009167,0.166406874436697
"3776844","2018-08-27",17.704691044643,0.491803278688526,0.398907103825139,0.35154826958106,14.5235631208498,13.9817702124839,14.2526666666668,0.488925657926605,54.2398576075137,14.1228000000001,14.1561924603647,0.12540580722622,0.158206660994602
"3776843","2018-08-28",16.4960487059941,0.533333333333334,0.472859744990895,0.40352155434123,14.5258780095672,13.9911219904332,14.2585000000002,0.527738506538322,55.102459545502,14.1404000000001,14.168700132316,0.167341439386703,0.160033616673022
"3776842","2018-08-29",15.373737962963,0.615384615384616,0.546840409135494,0.472869085983844,14.5278771646207,13.9961228353796,14.2620000000002,0.508775982460072,55.102459545502,14.1600000000001,14.1795401146739,0.198241418720113,0.16767517708244
"3776841","2018-08-30",14.3315922730056,0.576923076923079,0.575213675213678,0.531637943113357,14.529353653914,14.000313012753,14.2648333333335,0.490863965908353,53.9235754467144,14.1832000000001,14.186268099384,0.208910887168923,0.175922319099737
"3776840","2018-08-31",13.3638855609022,0.66,0.6174358974359,0.579829993928359,14.5284634274827,13.9998699058509,14.2641666666668,0.529953702959274,55.4627897066952,14.2072000000001,14.1960990194662,0.231728575630785,0.187083570405946
"3776839","2018-09-04",12.4653007568063,0.66,0.632307692307695,0.608319088319092,14.5182408731106,14.0000924602231,14.2591666666668,0.5402072703785,55.4627897066952,14.2236000000001,14.204619150204,0.246931693461905,0.199053195017138
"3776838","2018-09-05",11.9401635449562,0.857142857142856,0.725714285714287,0.658485958485962,14.4967256967847,14.0072743032157,14.2520000000002,0.618500020148869,57.1239238587273,14.2304000000001,14.2160032635101,0.272834127422161,0.213809381498143
"3776837","2018-09-06",11.2674169799138,0.676470588235296,0.731204481792719,0.696408819938235,14.4703080812575,14.0160252520762,14.2431666666668,0.573742606693287,53.5397314296957,14.2332000000001,14.2192028283755,0.26193880916161,0.223435267030836
"3776836","2018-09-07",10.6427237409459,0.642857142857143,0.725490196078433,0.727469654528481,14.4391568664872,14.0281764668465,14.2336666666668,0.58029580006411,54.1592293822885,14.2368000000001,14.2233091179254,0.256019653943684,0.229952144413406
"3776835","2018-09-10",10.2713743920924,0.782608695652179,0.700645475581541,0.719113384484232,14.4330673176644,14.0302660156693,14.2316666666668,0.711022158018925,57.2300311443614,14.2384000000001,14.2335345688687,0.276478273780079,0.23925737028674
"3776834","2018-09-11",9.56650633844467,0.652173913043479,0.692546583850935,0.706227418503637,14.4163593046327,14.0366406953676,14.2265000000002,0.65845066635774,54.8556147015194,14.2352000000001,14.2383966263529,0.272518300121605,0.245909556253713
"3776833","2018-09-12",8.97537463055118,0.608695652173914,0.681159420289859,0.691450493240779,14.3919892703983,14.0476773962687,14.2198333333335,0.665063529908236,54.050612702447,14.2292000000001,14.2412770761725,0.260699555665012,0.248867556135973
"3776832","2018-09-13",10.3056395303495,0,0.420289855072466,0.597998619737754,14.3912603056079,14.0307396943925,14.2110000000002,0.155128363079281,41.0695443570958,14.2152000000001,14.2171067993495,0.136361407807817,0.226366326470342
"3776831","2018-09-14",11.8216394166204,0,0.202898550724639,0.434782608695656,14.3840347797699,14.0429652202304,14.2135000000002,0.0694915326604509,39.0495925813112,14.1992000000001,14.1908258927696,0.0147728025311711,0.184047621682508
"3776830","2018-09-17",14.3779637216826,0,1.36927506370436e-15,0.207729468599037,14.4118016750488,14.0011983249515,14.2065000000002,-0.230226222612328,30.5533953881507,14.1788000000001,14.1400491070669,-0.199238762285692,0.107390344888868
"3776829","2018-09-18",16.7516934335262,0.0740740740740726,0.0246913580246922,0.0758633029164455,14.4421969882584,13.9474696784087,14.1948333333335,-0.13637750951966,33.5204237584938,14.1584000000001,14.1013758927914,-0.34267840731248,0.0173765944485982
"3776828","2018-09-19",17.8537485163016,0.203703703703703,0.0925925925925932,0.0390946502057634,14.4530428818608,13.9172904514728,14.1851666666668,0.073497035123699,38.4743509340936,14.1392000000001,14.0771924404192,-0.411862634438342,-0.0684712513287899
"3776827","2018-09-20",18.1169870953598,0.407407407407406,0.228395061728395,0.115226337448561,14.4542388116172,13.9074278550498,14.1808333333335,0.266829836767465,45.3643169671479,14.1332000000001,14.0709001150299,-0.399108268509318,-0.134598654764896
"3776826","2018-09-21",18.5622023878028,0.351851851851851,0.320987654320988,0.213991769547327,14.4557005234353,13.895299476565,14.1755000000002,0.252260753064512,43.9197618844467,14.1360000000001,14.0614467663593,-0.401611152859116,-0.18800115438374
"3776825","2018-09-24",18.9756165879285,0.351851851851851,0.370370370370371,0.306584362139919,14.4559129049848,13.8780870950155,14.1670000000002,0.234060569784848,43.9197618844467,14.1356000000001,14.0532538641781,-0.399028924286715,-0.230206708364335
"3776824","2018-09-25",19.6431404303841,0.277777777777779,0.327160493827162,0.339506172839508,14.4500993910686,13.8589006089318,14.1545000000002,0.233028317881424,41.8585980555888,14.1312000000001,14.040820015621,-0.415219896296426,-0.267209345950753
"3776823","2018-09-26",21.5189355049693,0,0.209876543209878,0.302469135802471,14.4538227868257,13.8111772131746,14.1325000000002,0.0344764222568699,32.4332813328545,14.1152000000001,13.9993773468715,-0.554237476241592,-0.324614972008921
"3776822","2018-09-27",23.2607452170841,0.177419354838709,0.151732377538831,0.229589804858625,14.4453150748745,13.7820182584592,14.1136666666668,0.162795507031651,39.4549371990765,14.1040000000001,13.9781270339553,-0.594506192465483,-0.378593216100233
"3776821","2018-09-28",24.5052443139838,0.40677966101695,0.194733005285221,0.185447308677978,14.4289174161804,13.77108258382,14.1000000000002,0.327717646195702,46.5274387252304,14.0980000000001,13.9770434294279,-0.545145486564502,-0.411903670193087
"3776820","2018-10-01",24.6195860703376,0.46551724137931,0.349905419078324,0.232123600634126,14.4070774057574,13.7685892609096,14.0878333333335,0.419862777281407,48.0359882552403,14.0912000000001,13.9801043055042,-0.483129030984075,-0.426148742351285
"3776819","2018-10-02",24.4027213781183,0.767441860465117,0.54657958762046,0.363739337328003,14.3850178792547,13.7713154540789,14.0781666666668,0.513850360779309,51.0126353114235,14.0844000000001,13.9907570647703,-0.394795753723143,-0.419878144625656
"3776818","2018-10-03",24.0909640802143,0.813953488372093,0.682304196738841,0.526263067812543,14.356117722243,13.7795489444241,14.0678333333335,0.561571145309175,51.9996697921099,14.0776000000001,14.0026561228009,-0.309703118607241,-0.397843139421973
"3776817","2018-10-04",25.213820190139,0.261904761904761,0.614433370247324,0.614439051535543,14.3278396972613,13.7734936360724,14.0506666666668,0.288339195408211,41.2570079400608,14.0612000000001,13.9809686397608,-0.376331735396396,-0.393540858616858
"3776816","2018-10-05",26.5663288525124,0.0952380952380932,0.390365448504983,0.562367671830384,14.3004734554855,13.7605265445149,14.0305000000002,0.190401661218208,38.7429488846809,14.0428000000001,13.9528394877927,-0.464428292834873,-0.407718345460461
"3776815","2018-10-08",28.2559133175648,0,0.119047619047619,0.374615479266643,14.2668507113239,13.7361492886765,14.0015000000002,0.000974894673571723,35.1211388704729,14.0188000000001,13.9137942227537,-0.591491305412506,-0.44447293745087
"3776814","2018-10-09",29.8248131779706,0.102040816326532,0.0657596371882095,0.191724234913605,14.2270631667967,13.7226034998703,13.9748333333335,0.06091633380777,37.9601414875906,13.9968000000001,13.8866216597199,-0.656046237996788,-0.486787597560054
"3776813","2018-10-10",32.4370931232195,0,0.0340136054421784,0.0729402872260034,14.2386468117401,13.6286865215936,13.9336666666668,-0.287482957649883,27.1950734202642,13.9568000000001,13.8070721050905,-0.941819905177355,-0.577794059083514
"3776812","2018-10-11",35.7705682258669,0,0.0340136054421784,0.0445956160241898,14.4459921791752,13.2916744874918,13.8688333333335,-0.434606946689159,17.7650376084323,13.8896000000001,13.6407958244118,-1.58314741324814,-0.77886472991644
"3776811","2018-10-12",38.8659379640396,0.10062893081761,0.0335429769392044,0.0338567292745215,14.5321387606676,13.0818612393328,13.8070000000002,-0.173664168152454,23.9865418697133,13.8284000000001,13.5180230478236,-1.98140326481695,-1.01937243689654
"3776810","2018-10-15",41.8004492786999,0.0566037735849056,0.0524109014675063,0.0399891612829641,14.6070777300204,12.8905889366466,13.7488333333335,-0.0857888521508255,23.1609635700874,13.7624000000001,13.4022866414471,-2.31772309740015,-1.27904256899726
"3776809","2018-10-16",44.5253526423132,0.088050314465408,0.081761006289309,0.055904961565341,14.65194042473,12.7323929086037,13.6921666666669,0.00743600142380063,25.1428580051683,13.6996000000001,13.3086484225875,-2.52953234996617,-1.52914052519104
"3776808","2018-10-17",47.145393156477,0.025157232704402,0.0566037735849063,0.0635918937805749,14.6746877354367,12.5823122645637,13.6285000000002,0.0482805644474083,23.8195907014888,13.6332000000001,13.2141619662425,-2.73057833313196,-1.76942808677923
"3776807","2018-10-18",49.7654510099657,0,0.0377358490566044,0.0587002096436076,14.6884394777259,12.4115605222744,13.5500000000002,0.0315224535265871,20.9674295706521,13.5652000000001,13.1002737040768,-3.00698531416214,-2.01693953225581
"3776806","2018-10-19",52.253425551016,0,0.00838574423480173,0.0342417889587719,14.6915886135752,12.2414113864252,13.4665000000002,0.0511209062159041,20.1033158765429,13.4956000000001,12.9909038768666,-3.24372510197142,-2.26229664619893
"3776805","2018-10-22",54.8015928407547,0,1.07321559047098e-15,0.0153738644304701,14.717829469785,12.0145038635487,13.3661666666669,-0.00289909467949782,16.2312638480241,13.4172000000001,12.838783359951,-3.66475339478846,-2.54278799591684
"3776804","2018-10-23",57.3738602209836,0,1.07321559047098e-15,0.00279524807826902,14.7983286616768,11.6766713383236,13.2375000000002,-0.0811549695397517,12.6828480871326,13.3140000000001,12.6296122452909,-4.32892144238998,-2.90001468521146
"3776803","2018-10-24",59.7623942169104,0.0287769784172662,0.00959232613908981,0.00319744204636505,14.8313181109354,11.4080152223983,13.1196666666669,0.0200541542783893,15.4291576869274,13.2112000000001,12.4589972792521,-4.76609736954692,-3.27323122207856
"3776802","2018-10-25",60.630428468066,0.053435114503817,0.0274040309736955,0.0123321190375965,14.8004557571434,11.2092109095236,13.0048333333335,0.10696080053252,17.5243393439407,13.1064000000001,12.3191309753518,-5.02814931456258,-3.62421484057536
"3776801","2018-10-26",61.4364602727105,0.0972762645914397,0.0598294525041754,0.0322752698723213,14.7175125986211,11.0574874013793,12.8875000000002,0.159155352006777,21.3703753673467,13.0072000000001,12.2125801786382,-5.11348674902422,-3.92206922226513
"3776800","2018-10-29",60.9693063666224,0.147410358565737,0.0993739125536658,0.0622024653438466,14.584737655203,10.965929011464,12.7753333333335,0.228639976115018,25.454350525744,12.9128000000001,12.1362361548198,-5.0490683629658,-4.14746905040527
"3776799","2018-10-30",60.5355205966834,0.217171717171717,0.153952780109632,0.104385381722492,14.4138931818771,10.9054401514566,12.6596666666669,0.247372039571727,27.4824747477966,12.8224000000001,12.0780713341772,-4.90498332386731,-4.29897190509767
"3776798","2018-10-31",58.423962275303,0.421348314606741,0.2619767967814,0.1717678298149,14.1974631538207,10.9218701795131,12.5596666666669,0.360686801775186,37.2828357577356,12.7540000000001,12.0703284896202,-4.52623665101528,-4.3444248542812
"3776797","2018-11-01",55.2620186948567,0.680722891566265,0.439747641114909,0.285225739335315,13.9977092607011,10.9742907392993,12.4860000000002,0.49140046281514,46.5249004177702,12.6964000000001,12.1142846910042,-3.92681456424449,-4.26090279627385
"3776796","2018-11-02",51.7511961684242,0.670886075949367,0.590985760707459,0.43090339953459,13.7898299255713,11.0428367410957,12.4163333333335,0.519536512492921,45.2034428295025,12.6308000000001,12.1430467322036,-3.45810641827211,-4.1003435206735
"3776795","2018-11-05",48.4911466795939,0.746835443037974,0.699481470184537,0.576738290668969,13.5887366529805,11.1199300136865,12.3543333333335,0.557652685742066,47.9336332559542,12.5688000000001,12.1839738345765,-2.97251727388014,-3.87477827131483
"3776794","2018-11-06",45.1324964973768,0.878378378378379,0.765366632455241,0.68527795444908,13.363479296837,11.2328540364967,12.2981666666669,0.655744578603256,50.5850773232359,12.5092000000001,12.2354439899663,-2.4797750952485,-3.59577763610157
"3776793","2018-11-07",42.7689934686822,0.901734104046243,0.8423159751542,0.769054692597994,13.2363033708067,11.3033632958604,12.2698333333335,0.819116635496466,55.8331345316176,12.4592000000001,12.3147181246374,-1.89706469034059,-3.25603504694937
"3776792","2018-11-08",40.8252530151294,0.923076923076923,0.901063135167183,0.836248580925542,13.2727289513064,11.2876043820273,12.2801666666669,0.860934528285047,58.0477013264239,12.4236000000001,12.3994223746858,-1.34291561653652,-2.8734111608668
"3776791","2018-11-09",38.6438516221354,0.868131868131868,0.897647631751679,0.880342247357688,13.2838432188784,11.283156781122,12.2835000000002,0.806478144248383,55.5481324678667,12.3868000000001,12.4594993913943,-0.958898343503256,-2.49050859739409
"3776790","2018-11-12",36.2762802131327,0.666666666666667,0.81929181929182,0.872667528736895,13.2693389374423,11.2866610625581,12.2780000000002,0.679218892707867,47.9827812189383,12.3408000000001,12.4662328058751,-0.864612968447509,-2.16532947160478
"3776789","2018-11-13",33.75104386082,0.827380952380953,0.787393162393164,0.834777537812222,13.286881277583,11.2804520557508,12.2836666666669,0.787243291246951,53.7666539017227,12.3044000000001,12.5107350984251,-0.595985424958678,-1.85146066227556
"3776788","2018-11-14",32.326268605175,0.611464968152867,0.70183752906683,0.769507503583939,13.2730089738893,11.2826576927778,12.2778333333335,0.64511676208827,47.4915029919301,12.2720000000001,12.5066370853017,-0.582546804183737,-1.59767789065719
"3776787","2018-11-15",31.5662023000055,0.420689655172414,0.619845191902079,0.703025294454025,13.2618760290117,11.279457304322,12.2706666666669,0.534974111407265,43.5566527861904,12.2596000000001,12.4724188072615,-0.712168657323353,-1.42057604399042
"3776786","2018-11-16",30.7866363990521,0.460431654676259,0.497528759333848,0.606403826767587,13.2648037539688,11.2805295793649,12.2726666666669,0.567530990280897,45.4608842595645,12.2444000000001,12.4547629662933,-0.748567600762506,-1.28617435534484
"3776785","2018-11-19",30.403660568225,0.16822429906542,0.349781869638032,0.489051940291321,13.2726700519014,11.303329948099,12.2880000000002,0.512863869112414,43.0290236409559,12.2264000000001,12.4207945707875,-0.858561788864942,-1.20065184204886
"3776784","2018-11-20",31.0160720012052,0,0.209551984580561,0.352287537850815,13.2367933396466,11.3782066603538,12.3075000000002,0.23411696523355,35.9319478019854,12.1872000000001,12.3273552946825,-1.24537119290373,-1.20959571221984
"3776783","2018-11-21",31.5044450697695,0.0875912408759119,0.0852718466471119,0.214868566955236,13.1986945078561,11.4586388254776,12.3286666666669,0.25364773035257,38.6559958703225,12.1568000000001,12.2623745887249,-1.45965149964894,-1.25960686970566
"3776782","2018-11-23",32.015187425973,0.0656934306569342,0.0510948905109499,0.115306240579542,13.17547464019,11.506192026477,12.3408333333335,0.19797405033445,38.218502372314,12.1348000000001,12.2020579768949,-1.63246220650074,-1.33417793706467
"3776781","2018-11-26",31.4990032243473,0.167883211678831,0.10705596107056,0.0811408994095418,13.1460440665626,11.5726226001045,12.3593333333335,0.277978538630272,41.5434106844214,12.1216000000001,12.1684502466422,-1.65904081781933,-1.39915051321561
"3776780","2018-11-27",30.6368824787132,0.21897810218978,0.150851581508516,0.10300081103001,13.1281365304914,11.6201968028423,12.3741666666669,0.311553033946596,43.1896884056046,12.1284000000001,12.1486568804233,-1.61559055116534,-1.44243852080555
"3776779","2018-11-28",28.8582682533571,0.394160583941605,0.260340632603407,0.172749391727496,13.1049568884097,11.7003764449241,12.4026666666669,0.457757255122902,48.5406497293119,12.1680000000001,12.1635026297002,-1.40569821021083,-1.43509045868661
"3776778","2018-11-29",27.1406699560168,0.511811023622046,0.374983236584479,0.262058483565468,13.1073994805279,11.7299338528059,12.4186666666669,0.503387864330375,50.8267721595,12.2088000000001,12.1910356124068,-1.15314359165875,-1.37870108528103
"3776777","2018-11-30",25.4729809464966,0.666666666666667,0.524212758076774,0.386512209088221,13.1201309343031,11.732535732364,12.4263333333335,0.634765527971333,54.5801834911359,12.2548000000001,12.2402308640859,-0.818273229185618,-1.26661551406195
"3776776","2018-12-03",24.8631316273091,0.813432835820896,0.663970175369871,0.521055390010376,13.1705487151256,11.7244512848748,12.4475000000002,0.808301034222739,59.0133215751378,12.3064000000001,12.3162000822078,-0.385141607156037,-1.09032073268077
"3776775","2018-12-04",23.4522359965716,0.619402985074627,0.699834162520731,0.629339031989126,13.1865920814259,11.7267412519078,12.4566666666669,0.652983667109934,53.197933899184,12.3428000000001,12.3473734045801,-0.210644507565583,-0.914385487657731
"3776774","2018-12-06",22.4893848743244,0.32089552238806,0.584577114427862,0.649460484106156,13.1683378953631,11.7069954379706,12.4376666666669,0.371579268967715,45.7314680659779,12.3608000000001,12.3210569506361,-0.329959555576398,-0.797500301241464
"3776773","2018-12-07",21.0318976382371,0.395522388059701,0.445273631840797,0.576561636263131,13.1136542071631,11.7113457928373,12.4125000000002,0.479200961522521,47.7074581518288,12.3700000000001,12.3115826905513,-0.355195796519259,-0.709039400297023
"3776772","2018-12-10",20.1800092695412,0.246268656716418,0.320895522388061,0.450248756218908,13.0256486759241,11.7163513240763,12.3710000000002,0.343936648122634,44.2381096488401,12.3560000000001,12.2767049984778,-0.500758850559413,-0.667383290349501
"3776771","2018-12-11",19.1838865106211,0.380597014925373,0.340796019900499,0.368988391376453,12.9504377420492,11.7328955912845,12.3416666666669,0.473991317962204,47.9096327245804,12.3520000000001,12.2704776653474,-0.492494311882019,-0.632405494656005
"3776770","2018-12-12",18.2589153773382,0.383999999999999,0.336955223880598,0.33288225538972,12.9207299760435,11.7329366906235,12.3268333333335,0.508278657114708,49.1124069480236,12.3456000000001,12.2730806433011,-0.441433322682949,-0.594211060261394
"3776769","2018-12-13",18.6183614003494,0,0.254865671641792,0.310872305140964,12.8456306075896,11.7140360590775,12.2798333333335,0.182012136054677,40.5430746706856,12.3140000000001,12.2073365575276,-0.728783244719933,-0.621125497153102
"3776768","2018-12-14",19.1742623371229,0,0.128000000000001,0.239940298507465,12.8289005962842,11.6530994037162,12.2410000000002,0.116431754916689,38.9639167491318,12.2676000000001,12.1356916831906,-1.01968194818397,-0.700836787359275
"3776767","2018-12-17",20.3155263510129,0,1.25825276124184e-15,0.127621890547266,12.8660953265182,11.5325713401489,12.1993333333335,-0.0194257274312296,34.4919593035275,12.2028000000001,12.0282661254318,-1.46350504537694,-0.853370438962809
"3776766","2018-12-18",21.7445121877798,0,1.25825276124184e-15,0.0426666666666689,12.9240143640202,11.3556523026468,12.1398333333335,-0.0886183359079879,31.8305436097599,12.1328000000001,11.9044973087076,-1.95361180334435,-1.07341871183912
"3776765","2018-12-19",23.613095241211,0,1.25825276124184e-15,2.39623136148263e-15,13.0205740566138,11.1154259433866,12.0680000000002,-0.125323209813568,27.8994614322736,12.0608000000001,11.7452310008799,-2.586990523611,-1.37613307419349
"3776764","2018-12-20",26.3147372177205,0,1.25825276124184e-15,2.39623136148263e-15,13.2718322577867,10.6891677422137,11.9805000000002,-0.242321217140932,20.8045561958715,11.9372000000001,11.4738668674293,-3.75893810135212,-1.85269407962522
"3776763","2018-12-21",28.8234047673365,0.00298507462686561,0.000995024875623128,0.000331674958543019,13.4465257276331,10.3208076057006,11.8836666666669,-0.11436548608107,21.0208519068193,11.8268000000001,11.240017951772,-4.65994250563642,-2.41414376482746
"3776762","2018-12-24",31.4556945118499,0,0.000995024875623128,0.000663349917083643,13.6314177094992,9.90891562383452,11.7701666666669,-0.0919405682768739,18.7587129047775,11.7092000000001,10.9826822248691,-5.63815973986225,-3.05894695983442
"3776761","2018-12-26",33.0735706101117,0.164670658682634,0.0558852444365013,0.0192917647292503,13.6770981035994,9.66423522973433,11.6706666666669,0.088656099510075,29.6895270558255,11.6100000000001,10.8329912615532,-5.96579043539852,-3.64031565494724
"3776760","2018-12-27",33.3582519635527,0.254491017964072,0.139720558882237,0.0655336093981215,13.6586065393827,9.51006012728439,11.5843333333335,0.205680043390757,34.8394826847214,11.5284000000001,10.7432590933461,-5.94394548295389,-4.10104162054857
"3776759","2018-12-28",32.602206477014,0.468354430379746,0.295838702342152,0.163814835220298,13.5760047403524,9.45066192631462,11.5133333333335,0.356981582720222,44.0993415895499,11.4912000000001,10.7494912142333,-5.39381321312536,-4.35959593906393
"3776758","2018-12-31",31.5838817843855,0.569620253164557,0.430821900502793,0.288793720575728,13.475042139791,9.4276245268761,11.4513333333335,0.433784940020759,48.1313282335107,11.4620000000001,10.7975590523355,-4.66338077704154,-4.42035290665945
"3776757","2019-01-02",31.0726020508443,0.483974358974359,0.507316347506222,0.411325650117057,13.3306326296114,9.41336737038897,11.3720000000002,0.411843260417327,44.9659974855538,11.4224000000001,10.8005511786908,-4.25175622243698,-4.38663356981496
"3776756","2019-01-03",30.5978422982703,0.615916955017301,0.55650385571874,0.498214034575919,13.1170076474715,9.45565901919558,11.2863333333335,0.470957878058283,48.3703967440049,11.3880000000001,10.8391443548654,-3.68131717315212,-4.24557029048239
"3776755","2019-01-04",29.850351098396,0.698529411764706,0.599473575252123,0.554431259492363,12.9331131689897,9.50155349767732,11.2173333333335,0.524090114870379,49.8550955566625,11.3556000000001,10.8885917742166,-3.10412485017568,-4.01728120242105
"3776754","2019-01-07",28.5397327285737,0.850980392156863,0.721808919646291,0.625928783539053,12.841266698829,9.52473330117143,11.1830000000002,0.614677974779863,53.1215739983519,11.3244000000001,10.9674462043211,-2.41990325248864,-3.69780561243457
"3776753","2019-01-08",27.1538413765082,0.919678714859437,0.82306283959367,0.714781778164029,12.7293610289372,9.56497230439653,11.1471666666669,0.664170727815755,54.5389801955887,11.2936000000001,11.0517867104116,-1.77099755802179,-3.31244400155201
"3776752","2019-01-09",25.8164082234096,0.924302788844622,0.898320631953642,0.814397463731202,12.6574107246224,9.58958927537796,11.1235000000002,0.685745273237293,54.9060630929158,11.2564000000001,11.1288818156901,-1.22281597302517,-2.89451839584664
"3776751","2019-01-10",24.6198509296009,0.916334661354581,0.920105388352881,0.880496286633399,12.551210440996,9.63278955900441,11.0920000000002,0.701478821518899,54.58959619996,11.2084000000001,11.1930309069314,-0.795293827507215,-2.47467348217876
"3776750","2019-01-11",23.4510305601293,0.940711462450593,0.9271163042166,0.915180774841042,12.4405268437533,9.68380648958041,11.0621666666669,0.745883965817242,55.6897585284937,11.1740000000001,11.2592934526739,-0.395891398287707,-2.05891706540055
"3776749","2019-01-14",23.1282133318981,0.810276679841897,0.889107601215692,0.912109764595059,12.3719390527125,9.70439428062126,11.0381666666669,0.65063789651715,50.2785666892231,11.1424000000001,11.2727209923174,-0.312372552451534,-1.70960816281075
"3776748","2019-01-15",22.7327697130916,0.838383838383838,0.863123993558777,0.893115966330357,12.3376529701418,9.71534702985861,11.0265000000002,0.702175748650145,52.6793818845791,11.1132000000001,11.305691526675,-0.130631699380135,-1.39381287012462
"3776747","2019-01-16",22.0391551768543,0.857142857142857,0.835267791789532,0.862499795521335,12.3558007242359,9.7108659424312,11.0333333333335,0.73062950519468,53.8785302448772,11.0952000000001,11.3449326564517,0.0690829471869492,-1.10123370666231
"3776746","2019-01-17",21.5719104614243,0.704761904761904,0.800096200096201,0.832829328481505,12.3951108203829,9.70922251295085,11.0521666666669,0.701485171654023,52.6219727332764,11.0672000000001,11.3696083022581,0.175265419877735,-0.8459338813543
"3776745","2019-01-18",20.8588281453774,0.735294117647059,0.765732959850608,0.800365650578782,12.4552530508874,9.72608028244635,11.0906666666669,0.703724735359063,53.2923226150537,11.0384000000001,11.3963271952904,0.284208651968476,-0.619905374689745
"3776744","2019-01-22",20.2253213358495,0.725490196078432,0.7218487394958,0.762559299814204,12.4653375738817,9.87132909278533,11.1683333333335,0.672834181769384,53.0900846561536,11.0296000000001,11.4181502359183,0.359097238527406,-0.424104852046315
"3776743","2019-01-23",19.7869268528157,0.56,0.673594771241831,0.720392156862748,12.434352228327,10.0659811050067,11.2501666666669,0.64771052133193,52.0269672623275,11.0232000000001,11.4303968711292,0.378680517404995,-0.263547778156053
"3776742","2019-01-24",19.3798462614271,0.714285714285714,0.666591970121383,0.687345160286339,12.2668640698945,10.4458025967726,11.3563333333335,0.683226470710216,54.9420139838787,11.0364000000001,11.4610106216453,0.493970067645866,-0.112044208995669
"3776741","2019-01-25",18.6155234419082,0.770833333333335,0.681706349206351,0.67396436352319,12.1329235934446,10.7544097398891,11.4436666666669,0.734310303931089,56.2772179027511,11.0616000000001,11.4968758720926,0.626782689957683,0.0357211707950013
"3776740","2019-01-28",18.0505170994637,0.6875,0.724206349206351,0.690834889511363,12.0003360618389,11.0229972714948,11.5116666666669,0.716574506975177,55.2693427076419,11.1008000000001,11.5226257558136,0.695510468072591,0.167679030250519
"3776739","2019-01-29",17.2522674168798,0.734693877551023,0.731009070294787,0.71230725623583,11.9722138895435,11.1351194437902,11.5536666666669,0.75046954705067,55.907148225822,11.1812000000001,11.5489423217051,0.761819321843782,0.286507088569172
"3776738","2019-01-30",16.4830078258633,0.666666666666667,0.696286848072564,0.717167422524568,12.0017975403122,11.1792024596882,11.5905000000002,0.900561597997755,58.4587186275009,11.2660000000001,11.5877500121444,0.887284776517228,0.406662626158783
"3776737","2019-01-31",16.3405995578725,0.852272727272727,0.751211090496806,0.72616900295472,12.0421136839147,11.2515529827524,11.6468333333335,1.1406845157559,63.5672753536737,11.3780000000001,11.6573833438585,1.15944521725411,0.557219144377848
"3776736","2019-02-01",16.603418708712,0.83,0.782979797979799,0.743492578849724,12.1163902977969,11.2839430355368,11.7001666666669,1.15649804471218,64.9429160840823,11.4712000000001,11.7283988980107,1.41161684438849,0.728098684379975
"3776735","2019-02-04",16.9770975030357,0.831460674157303,0.837911133810011,0.79070067409554,12.2009165357123,11.2994167976215,11.7501666666669,1.10990958743658,65.9804165791525,11.5548000000001,11.7979457116093,1.63129112641904,0.908737172787789
"3776734","2019-02-05",17.4572667662412,0.903225806451613,0.854895493536306,0.825262141775373,12.3095196878296,11.2724803121708,11.7910000000002,1.06796300490101,67.6963391971538,11.6172000000001,11.8715529500614,1.84960530169964,1.09691079857016
"3776733","2019-02-06",18.039637003463,0.907216494845361,0.880634325151427,0.857813650832583,12.4110960615294,11.2462372718043,11.8286666666669,1.00764379214811,68.3832968467356,11.6684000000001,11.9406792233865,2.02369189075782,1.28226701700769
"3776732","2019-02-07",17.6576905358208,0.731958762886598,0.847467021394525,0.860998946694087,12.4711566665852,11.2461766667485,11.8586666666669,0.854835725256256,62.3178309564303,11.7244000000001,11.9779219936017,2.02199421321343,1.43021245624884
"3776731","2019-02-08",16.8571946134944,0.639175257731959,0.759450171821307,0.829183839455754,12.5086517092226,11.2606816241111,11.8846666666669,0.752676996904905,59.3181175658105,11.7660000000001,11.9981990611214,1.93721098947721,1.53161216289451
"3776730","2019-02-11",16.3282008250329,0.783505154639174,0.718213058419245,0.775043417211694,12.5597765438984,11.2665567894354,11.9131666666669,0.806856844680606,62.3538158481929,11.8084000000001,12.0344391863052,1.94107744787702,1.61350521989101
"3776729","2019-02-12",16.2549339457306,0.831325301204819,0.751335237858652,0.742999489366402,12.6020377003996,11.3199622996008,11.9610000000002,0.839813607214554,64.0066397781194,11.8432000000001,12.0765139614645,1.97397830912336,1.68559983773748
"3776728","2019-02-13",16.5434737510109,0.876404494382023,0.83041165007534,0.76665331545108,12.6632958969533,11.3537041030471,12.0085000000002,0.880398433301522,66.390309527592,11.8780000000001,12.1289787666026,2.05506880245092,1.75949363068017
"3776727","2019-02-14",15.6121543627239,0.617977528089888,0.775235774558911,0.785660887497635,12.6862354286224,11.3970979047113,12.0416666666669,0.705563793687299,58.4064032838137,11.9024000000001,12.1437815977223,1.94323127664957,1.79624115987405
"3776726","2019-02-15",14.879887907073,0.732558139534883,0.742313387335599,0.782653603989951,12.7085476678675,11.4544523321329,12.0815000000002,0.745994057396858,60.8323843225854,11.9320000000001,12.1712773846926,1.90528693246603,1.81805031439245
"3776725","2019-02-19",14.1402337241222,0.486486486486486,0.612340718037087,0.709963293310534,12.711837228702,11.513829437965,12.1128333333335,0.633972417575904,56.0329742530822,11.9524000000001,12.1751070667336,1.75535043136081,1.80551033778612
"3776724","2019-02-20",13.4534119828106,0.297872340425533,0.505638988815635,0.620097698062775,12.7037857122526,11.5885476210811,12.1461666666669,0.622993168680586,57.2438919167806,11.9880000000001,12.1850927911691,1.65056238330041,1.77452074688898
"3776723","2019-02-21",13.0079512699644,0.177777777777778,0.320712201563267,0.479563969471997,12.6771098832089,11.6792234501248,12.1781666666669,0.561964299025531,55.917088004308,12.0156000000001,12.1884137523466,1.52341968902627,1.72430053531644
"3776722","2019-02-22",12.3685997194444,0.244444444444444,0.240031520882586,0.35546090375383,12.654201944399,11.7604647222681,12.2073333333335,0.573847209633332,56.7271880462316,12.0412000000001,12.1952919187004,1.42604192198721,1.66464881265059
"3776721","2019-02-25",11.7749161368187,0.311111111111109,0.244444444444445,0.2683960556301,12.6331157316996,11.8342176016341,12.2336666666669,0.574686201432943,57.5669521186952,12.0708000000001,12.205252996207,1.35303836661,1.60232672344247
"3776720","2019-02-26",11.2236385243805,0.333333333333331,0.296296296296295,0.26025742054111,12.5863367626707,11.9383299039964,12.2623333333335,0.552982978302708,57.8605107599525,12.0992000000001,12.2152192633794,1.28685460716289,1.53923230018656
"3776719","2019-02-27",11.0703324016365,0.2,0.281481481481481,0.274074074074075,12.5167583331823,12.0575750001514,12.2871666666669,0.4408369931732,55.3847058016048,12.1256000000001,12.2158566949288,1.18110032728724,1.4676059056067
"3776718","2019-02-28",10.9279767162313,0.288888888888887,0.274074074074074,0.283950617283951,12.4616435661684,12.1490231004987,12.3053333333335,0.429627128047866,56.7144572055854,12.1556000000001,12.2217424689383,1.11088902116523,1.3962625287184
"3776717","2019-03-01",10.280640396802,0.263157894736845,0.250682261208579,0.268745938921379,12.4544935591071,12.17417310756,12.3143333333335,0.567779571183438,58.060607393685,12.1812000000001,12.2321768064132,1.06925782737923,1.33086158845057
"3776716","2019-03-04",9.69755445374106,0.263157894736845,0.271734892787527,0.265497076023394,12.4565857366721,12.1820809299949,12.3193333333335,0.599573241226639,58.060607393685,12.2040000000001,12.2412198988914,1.02436090985778,1.26956145273201
"3776715","2019-03-05",9.15611750661308,0.36842105263158,0.298245614035091,0.2735542560104,12.4614979967806,12.1841686698865,12.3228333333335,0.670074572331395,59.5206111140797,12.2300000000001,12.2543905790392,1.00346948800036,1.21634305978568
"3776714","2019-03-06",8.6533546271371,0.59259259259259,0.408057179987006,0.326012562269876,12.4614979967806,12.1841686698865,12.3228333333335,0.706132785546678,60.2654373247369,12.2556000000001,12.2684718351673,0.98853699072301,1.17078184597315
"3776713","2019-03-07",8.53300295698072,0.296296296296295,0.419103313840156,0.375135369287419,12.4497444777958,12.1869221888712,12.3183333333335,0.54438994392071,55.839481683608,12.2732000000001,12.2700089238117,0.913464895006855,1.11931845577989
"3776712","2019-03-08",9.1320247331024,0,0.296296296296296,0.374485596707821,12.4513148249151,12.1796851750853,12.3155000000002,0.209776405547339,50.8156937346742,12.2760000000001,12.2580077339701,0.779204140178136,1.05129559265954
"3776711","2019-03-11",8.67405423217741,0.758620689655172,0.351638995317157,0.355679535151204,12.459348407854,12.1939849254797,12.3266666666669,0.864280215957338,59.457553882345,12.2844000000001,12.2769400361075,0.808243325863955,1.00268513930042
"3776710","2019-03-12",8.23932508232164,0.82352941176471,0.527383367139962,0.391772886251139,12.483362857951,12.1869704753828,12.3351666666669,0.988654033812165,61.4470868347608,12.2928000000001,12.3013480312931,0.860481847821659,0.974244481004669
"3776709","2019-03-13",7.83564801459842,0.675675675675674,0.752608592365186,0.543876984940769,12.4962750333018,12.1813916333653,12.3388333333335,0.916556308439678,59.8652180897973,12.2960000000001,12.3185016271207,0.871871949465319,0.953769974696799
"3776708","2019-03-14",8.50810204333076,0.135135135135137,0.544780074191841,0.608257344565664,12.4673282110971,12.18533845557,12.3263333333335,0.252946107788053,50.526599428865,12.2896000000001,12.3067014101713,0.741231259680242,0.911262231693488
"3776707","2019-03-15",9.48008057727219,0,0.270270270270271,0.522552978942434,12.4726354706337,12.1690311960334,12.3208333333335,0.0910246427513524,48.1023340432954,12.2876000000001,12.2884745554818,0.591497913762806,0.847309368107351
"3776706","2019-03-18",9.94541243223177,0.0526315789473672,0.0625889046941691,0.292546416385428,12.4662693286808,12.1590640046529,12.3126666666669,0.220056934975599,48.9810629738639,12.2900000000001,12.2753446147509,0.480396178981524,0.773926730282186
"3776705","2019-03-19",10.3775062975514,0.0526315789473672,0.0350877192982459,0.12264896475423,12.4687241606459,12.1502758393545,12.3095000000002,0.187547418693607,48.9810629738639,12.2868000000001,12.2639653327841,0.387856500596828,0.696712684345114
"3776704","2019-03-20",10.8476988860902,0.0263157894736836,0.0438596491228071,0.0471787577050752,12.4715594416168,12.1387738917169,12.3051666666669,0.173964208984407,48.5048169751051,12.2800000000001,12.2527699550795,0.304406075679542,0.618251362612
"3776703","2019-03-21",10.5316177922615,0.0789473684210508,0.0526315789473683,0.0438596491228083,12.4716599998669,12.1383400001335,12.3050000000002,0.294991799507381,49.5611074311435,12.2692000000001,12.2457339610689,0.248571792852315,0.544315448660063
"3776702","2019-03-22",11.2669460907099,0,0.0350877192982459,0.0438596491228083,12.4799782296777,12.116355103656,12.2981666666669,0.0558588317329263,42.5170092008238,12.2616000000001,12.2196360995931,0.104099366460386,0.456272232220128
"3776701","2019-03-25",11.9497509392692,0,0.0263157894736847,0.0380116959064341,12.4922160358774,12.0831172974563,12.2876666666669,0.000528077592907913,42.5170092008238,12.2496000000001,12.1970179529807,-0.0104796715827526,0.362921851459552
"3776700","2019-03-26",12.5837840129314,0.0399999999999991,0.0133333333333342,0.0249122807017561,12.499570453605,12.0547628797287,12.2771666666669,0.071724918395509,43.753213418191,12.2444000000001,12.1800822259166,-0.0871796163749106,0.272901557892659
"3776699","2019-03-27",13.5131038918803,0,0.0133333333333342,0.0176608187134522,12.5093120119004,12.0246879881,12.2670000000002,0.0659865730878886,41.3585688608349,12.2352000000001,12.1587379291277,-0.179193072986994,0.182482631716729
"3776698","2019-03-28",14.4440980353145,0,0.0133333333333342,0.0133333333333353,12.5174944584599,11.9911722082072,12.2543333333335,0.0737718988209196,40.8767079519167,12.2272000000001,12.138906205244,-0.25597738883737,0.094790627605909
"3776697","2019-03-29",14.1180555400141,0.185185185185184,0.0617283950617292,0.0294650205761337,12.509915293899,11.9787513727681,12.2443333333335,0.291024963134031,47.4679225589742,12.2220000000001,12.1350520445448,-0.247536030274542,0.0263252960298187
"3776696","2019-04-01",13.6041404439954,0.370370370370372,0.185185185185186,0.0867489711934177,12.5007533869722,11.9779132796949,12.2393333333335,0.514025957900073,53.0987931404754,12.2196000000001,12.1450451052722,-0.172347907537984,-0.0134093446837418
"3776695","2019-04-02",13.4962369281258,0.75,0.435185185185186,0.227366255144035,12.4930207783799,11.9796458882871,12.2363333333335,0.643494876917646,56.6052678088263,12.2196000000001,12.1630390912359,-0.0655636430450079,-0.0238402043559951
"3776694","2019-04-03",13.7504583038483,0.780487804878049,0.633619391749475,0.417996587373284,12.4899214538559,11.9807452128112,12.2353333333335,0.744839913210958,58.9651801248057,12.2240000000001,12.1853005457378,0.051477446072612,-0.00877667427027366
"3776693","2019-04-04",13.9865210098762,0.829268292682926,0.78658536585366,0.618463314262775,12.4954685261643,11.9791981405028,12.2373333333335,0.756971289368996,59.9044696756891,12.2276000000001,12.2072604729727,0.155476928385689,0.0240740462609189
"3776692","2019-04-05",14.4296311742787,0.813953488372093,0.807903195311024,0.742702650971387,12.511045237233,11.9786214294341,12.2448333333335,0.766391794009902,60.3926468486449,12.2300000000001,12.227625743243,0.241524160798146,0.0675640691683643
"3776691","2019-04-08",15.1345264039955,0.829787234042553,0.824336338365859,0.806274966510182,12.5116624999676,11.9783375000327,12.2450000000002,0.840630322390009,62.3664393346904,12.2340000000001,12.2506089774773,0.332063372957547,0.120463929926201
"3776690","2019-04-09",15.7890719744468,0.851063829787234,0.831601517400628,0.821280350359171,12.5011191966753,11.9838808033251,12.2425000000002,0.862502092672067,62.8646781462986,12.2368000000001,12.2718611138137,0.405497392956544,0.17747062253227
"3776689","2019-04-10",16.3968642898659,0.851063829787234,0.843971631205675,0.833303162324055,12.4919229462617,11.9887437204054,12.2403333333335,0.870312055343794,62.8646781462986,12.2388000000001,12.2902796319718,0.45821986092407,0.23362047021063
"3776688","2019-04-11",16.8208030440135,0.829787234042553,0.843971631205675,0.839848259937327,12.5120018448177,11.9849981551827,12.2485000000002,0.825424666606399,61.9140281056618,12.2436000000001,12.3049090143756,0.487676524909109,0.284431681150325
"3776687","2019-04-12",16.3264405290052,0.382978723404254,0.687943262411348,0.7919621749409,12.5130031216748,11.9879968783256,12.2505000000002,0.473651106993927,46.1358601495966,12.2440000000001,12.2895878124588,0.369011099201622,0.301347564760585
"3776686","2019-04-15",15.8673896222117,0.446808510638299,0.553191489361703,0.69503546099291,12.5139430264267,11.989390306907,12.2516666666669,0.496822689874935,48.1679933927435,12.2368000000001,12.2803094374643,0.29126816687608,0.299331685183684
"3776685","2019-04-16",15.4411280659034,0.468085106382979,0.432624113475179,0.557919621749411,12.5154120871429,11.9922545795242,12.2538333333335,0.49904426488598,48.8605762063955,12.2276000000001,12.2736015124691,0.233522867097813,0.286169921566509
"3776684","2019-04-17",15.2408846713818,0.270270270270273,0.395054629097185,0.460290077311357,12.5162421998834,11.9954244667837,12.2558333333335,0.463198897716504,47.4937147210371,12.2188000000001,12.2651213108065,0.172606558295207,0.263457248912249
"3776683","2019-04-18",15.3469329196318,0,0.246118458884419,0.357932400485595,12.5155600186421,11.9934399813582,12.2545000000002,0.414770556916978,45.4402711232543,12.2168000000001,12.253771802699,0.103368491330103,0.23143949739582
"3776682","2019-04-22",15.4454062930069,0.0333333333333325,0.101201201201203,0.24745809639427,12.5145212388256,12.0018120945082,12.2581666666669,0.406054598009975,46.2741318310626,12.2176000000001,12.2452688956725,0.0544241288926273,0.196036423695181
"3776681","2019-04-23",15.536845853998,0.0666666666666651,0.0333333333333337,0.126884331139653,12.5093144164463,12.0203522502207,12.2648333333335,0.401492037638273,47.1440923129673,12.2180000000001,12.2392330429161,0.0219561746203745,0.16122037388022
"3776680","2019-04-24",15.4624371925128,0.133333333333336,0.0777777777777791,0.0707707707707731,12.5032633275399,12.0410700057938,12.2721666666669,0.415980323586639,48.9253872939258,12.2192000000001,12.236668637194,0.00930016327240768,0.130836331758657
"3776679","2019-04-25",15.3933434354193,0.133333333333336,0.111111111111114,0.0740740740740766,12.491006542325,12.070660124342,12.2808333333335,0.379067999252984,48.9253872939258,12.2208000000001,12.2344461522348,-0.000723039879846343,0.104524457430957
"3776678","2019-04-26",15.3291849466897,0.133333333333336,0.133333333333337,0.107407407407411,12.4688954323639,12.1127712343031,12.2908333333335,0.329179444517453,48.9253872939258,12.2216000000001,12.2325199986035,-0.00856895154661697,0.081905775635442
"3776677","2019-04-29",15.5478497923468,0.0689655172413776,0.111877394636018,0.118773946360157,12.4616599998669,12.1283400001335,12.2950000000002,0.264990599435393,46.9492154888582,12.2276000000001,12.2281839987897,-0.0276675120728376,0.0599911180937861
"3776676","2019-04-30",14.8269953845531,0.107142857142861,0.103147235905859,0.116119321291739,12.4617381749766,12.1275951583571,12.2946666666669,0.336397398874528,48.0784719382394,12.2340000000001,12.2257594656177,-0.0357951140539048,0.0408338716642479
"3776675","2019-05-01",14.9270825080644,0.392857142857139,0.189655172413794,0.134893267651891,12.463331676599,12.1280016567347,12.2956666666669,0.602386697579398,56.1247501041656,12.2428000000001,12.234324870202,0.0104351786683665,0.0347541330650716
"3776674","2019-05-02",14.2608048078752,0.260869565217393,0.253623188405799,0.182141865575152,12.4566864266688,12.1263135733315,12.2915000000002,0.455101234306391,50.8235159889147,12.2516000000001,12.2350815541751,0.013917893034443,0.0305868850589459
"3776673","2019-05-03",13.6421183719853,0.478260869565214,0.377329192546583,0.27353585112206,12.4500133293435,12.1269866706569,12.2885000000002,0.566557974153679,55.3639085729802,12.2628000000001,12.2424040136184,0.0490771677266411,0.0342849415924849
"3776672","2019-05-06",13.7981533678938,0,0.246376811594203,0.292443064182196,12.4378043796042,12.1221956203961,12.2800000000002,0.299329608302299,44.6975619832147,12.2652000000001,12.232750145136,-0.00215978127016125,0.0269959970199557
"3776671","2019-05-07",13.9430430069518,0.0416666666666657,0.173309178743961,0.26567172762825,12.4142799095948,12.1247200904056,12.2695000000002,0.317539141026355,45.6374842378752,12.2640000000001,12.2257167924512,-0.0357833973763322,0.0144401181406981
"3776670","2019-05-08",14.077583386077,0.0416666666666657,0.0277777777777783,0.149154589371982,12.3850417697001,12.1322915636336,12.2586666666668,0.320639776959919,45.6374842378752,12.2600000000001,12.2196212201243,-0.0617363883727129,-0.000795183161984075
"3776669","2019-05-09",14.9768302620161,0,0.0277777777777783,0.076288244766507,12.352859040854,12.137807625813,12.2453333333335,0.103195666872171,40.1039543623592,12.2512000000001,12.2050050574411,-0.127125156370755,-0.0260611778037383
"3776668","2019-05-10",15.8118452182453,0.0333333333333325,0.0250000000000006,0.0268518518518535,12.3113298170809,12.1533368495862,12.2323333333335,0.0421737151943222,41.2007829209853,12.2420000000001,12.1936710497823,-0.170442629188117,-0.054937468080614
"3776667","2019-05-13",17.655013155836,0,0.011111111111112,0.021296296296298,12.33497023414,12.1110297658603,12.2230000000002,-0.272526740383986,33.3164456945015,12.2276000000001,12.1678482431446,-0.281143302268283,-0.100178634918148
"3776666","2019-05-14",20.2645022148713,0,0.011111111111112,0.0157407407407426,12.3759299657651,12.0380700342353,12.2070000000002,-0.319866382929573,26.4919777184046,12.2056000000001,12.125468477392,-0.463601086509224,-0.172863125236363
"3776665","2019-05-15",22.6875991982613,0,1.13103970633688e-15,0.00740740740740945,12.4031307452293,11.9755359214377,12.1893333333335,-0.176653030473912,26.4919777184046,12.1832000000001,12.0887393470731,-0.601974134291305,-0.258685327047352
"3776664","2019-05-16",24.5827183655234,0.0178571428571425,0.00595238095238195,0.00568783068783277,12.4169924241249,11.9293409092088,12.1731666666668,-0.0328258508090593,27.6380149232617,12.1612000000001,12.0582407674633,-0.697463091379547,-0.346440879913791
"3776663","2019-05-17",26.3424718779811,0.0535714285714306,0.0238095238095255,0.00992063492063727,12.4254199859214,11.8919133474123,12.1586666666668,0.0526453666372627,29.9889741586992,12.1404000000001,12.0344753318016,-0.751465984764588,-0.42744590088395
"3776662","2019-05-20",29.6131610592924,0,0.0238095238095255,0.0178571428571454,12.4894241087812,11.7662425578858,12.1278333333335,-0.239095182030508,16.9454474510509,12.1104000000001,11.955211954228,-1.07874111683838,-0.557704944074836
"3776661","2019-05-21",32.6502295847957,0.0769230769230772,0.0434981684981704,0.0303724053724082,12.5183490344814,11.6779842988523,12.0981666666668,-0.0650324355627312,22.7053224503154,12.0820000000001,11.895850360331,-1.2784254488163,-0.701849045023129
"3776660","2019-05-22",35.4703646441916,0.120879120879122,0.0659340659340676,0.0444139194139222,12.5354753572993,11.5965246427011,12.0660000000002,-0.00694886600505075,25.8690272215392,12.0548000000001,11.8497369789535,-1.39490730258419,-0.840460696535341
"3776659","2019-05-23",38.9933811690292,0,0.0659340659340676,0.0584554334554363,12.630702111412,11.3892978885883,12.0100000000002,-0.22498545071247,15.0727083331254,12.0024000000001,11.7231053817597,-1.91295258613762,-1.0549590744558
"3776658","2019-05-24",42.2647536563784,0.165467625899281,0.0954489155928022,0.0757723491536469,12.6569917064899,11.2636749601771,11.9603333333335,-0.0193841734709277,26.7259086098399,11.9604000000001,11.6440246641917,-2.14580537447806,-1.27312833446025
"3776657","2019-05-28",45.3024566803456,0.253623188405797,0.139696938101694,0.100359973209522,12.6571780157687,11.1714886508983,11.9143333333335,0.0842558469678823,31.9707427467087,11.9228000000001,11.5914880422995,-2.22399722935521,-1.46330211343924
"3776656","2019-05-29",47.7863301844878,0.294117647058824,0.237736153787968,0.157627335827489,12.6364566755818,11.1022099910852,11.8693333333335,0.154988119783887,34.0877431494778,11.8868000000001,11.5526229699929,-2.2268326819094,-1.61600822713327
"3776655","2019-05-30",48.723949914816,0.298507462686567,0.282082766050397,0.219838619313354,12.586403616481,11.0575963835194,11.8220000000002,0.213066070588193,34.0877431494778,11.8500000000001,11.5189399073272,-2.20461814196494,-1.73373021009961
"3776654","2019-05-31",49.9397255156027,0.192,0.261541703248465,0.260453541028945,12.5441673847478,10.9968326152526,11.7705000000002,0.161460891553289,30.5585363626588,11.8068000000001,11.4684145863502,-2.27426733895365,-1.84183763587042
"3776653","2019-06-03",51.0686600020475,0.226890756302521,0.239132739663031,0.260919069653965,12.4817268888425,10.9526064444912,11.7171666666669,0.190126873207487,31.9805312919538,11.7648000000001,11.4286259748369,-2.28344765846488,-1.93015964038931
"3776652","2019-06-04",51.4182152795154,0.285714285714286,0.234868347338937,0.245180930083479,12.4203694546996,10.9222972119675,11.6713333333335,0.2521258836915,34.391934568758,11.7256000000001,11.400809178192,-2.23059135874127,-1.9902459840597
"3776651","2019-06-05",49.9587549903806,0.482142857142857,0.331582633053222,0.268527906685064,12.3444729931308,10.9281936735363,11.6363333333335,0.415506309376096,43.8280542202243,11.6948000000001,11.4060346210997,-2.0100431539697,-1.9942054180417
"3776650","2019-06-06",47.1717907922455,0.636363636363636,0.468073593073594,0.344841524488585,12.2684776254219,10.9525223745785,11.6105000000002,0.565478416998802,49.5150172452721,11.6672000000001,11.4318966716197,-1.70240301194219,-1.9358449368218
"3776649","2019-06-07",44.0316567913911,0.889908256880733,0.66947158346241,0.489709269863076,12.2223873441669,10.9736126558335,11.5980000000002,0.749844910306601,57.3602228169927,11.6524000000001,11.4903104487371,-1.25416330827856,-1.79950861111315
"3776648","2019-06-10",41.1236995108511,0.90677966101695,0.811017184753774,0.649520787096594,12.1902144326635,10.9904522340035,11.5903333333335,0.847013211283177,59.8488563846735,11.6396000000001,11.5542690555722,-0.820503997948352,-1.60370768848019
"3776647","2019-06-11",38.4753426772528,0.92436974789916,0.907019221932282,0.795835996716156,12.1862051788749,10.9924614877921,11.5893333333335,0.869146802582695,60.5919388858941,11.6328000000001,11.6136998481625,-0.452008086169109,-1.37336776801797
"3776646","2019-06-12",36.071169808649,0.916666666666667,0.915938691860927,0.877991699515662,12.2047177207087,10.9842822792917,11.5945000000002,0.859571115718866,60.591938885894,11.6256000000001,11.6652065350742,-0.159256653275797,-1.13054554506954
"3776645","2019-06-13",34.6096168554648,0.608247422680413,0.816427945748748,0.879795286513987,12.1888646114378,10.9881353885625,11.5885000000002,0.659486415714319,50.4794147908111,11.6072000000001,11.6725123303976,-0.119733098779662,-0.928383055811563
"3776644","2019-06-14",33.593458380187,0.520833333333334,0.681915807560139,0.804760815056606,12.160043807879,10.9932895254547,11.5766666666668,0.585707849121439,48.0137880598088,11.5884000000001,11.6681773530113,-0.142020628286443,-0.77111057030654
"3776643","2019-06-17",33.678597846897,0.218749999999999,0.44927691867125,0.649206890660047,12.1171976506179,10.9911356827158,11.5541666666669,0.425255741632359,40.3246699195898,11.5576000000001,11.6257537059431,-0.356414433354024,-0.688171342916037
"3776642","2019-06-18",33.7576559231277,0.322916666666666,0.354166666666667,0.495119797632687,12.1127022529944,10.986297747006,11.5495000000002,0.45605486329554,43.6743509439196,11.5356000000001,11.602319878484,-0.452353260265559,-0.641007726385941
"3776641","2019-06-19",33.8310669939133,0.322916666666666,0.288194444444445,0.363879343260788,12.1054360095893,10.9798973237444,11.5426666666669,0.450246046000498,43.6743509439196,11.5196000000001,11.5820105613528,-0.522649759607985,-0.61733613303035
"3776640","2019-06-20",33.6793582493213,0.301075268817204,0.315636200716846,0.319332437275987,12.1006698262156,10.9753301737847,11.5380000000002,0.463270348428377,43.6743509439196,11.5036000000001,11.5644091531725,-0.571996039285794,-0.608268114281439
"3776639","2019-06-21",32.6958565369997,0.318181818181818,0.314057917888564,0.305962854349953,12.0883038339833,11.033696166017,11.5610000000002,0.508533979292198,45.5819014280406,11.4892000000001,11.5558212660828,-0.569786871009126,-0.600571865626976
"3776638","2019-06-24",31.4516688098729,0.373333333333335,0.33086347344412,0.320185864016511,12.0904039086124,11.0752627580547,11.5828333333335,0.589150163945281,50.2952123500522,11.4792000000001,11.5657117639384,-0.471879444157908,-0.574833381333162
"3776637","2019-06-25",30.8871412521494,0.2,0.297171717171719,0.314031036168135,12.0866914423465,11.1056418909872,11.5961666666668,0.466532441416414,46.0041536514705,11.4816000000001,11.5569501954133,-0.47946623158146,-0.555759951382822
"3776636","2019-06-26",30.362937091406,0.280000000000001,0.284444444444447,0.30415987835343,12.0847062031646,11.1319604635024,11.6083333333335,0.473760050599601,48.2007674922116,11.4836000000001,11.5573568360249,-0.438571068652038,-0.532322174836665
"3776635","2019-06-27",29.8761760850015,0.266666666666668,0.248888888888891,0.27683501683502,12.0835481111711,11.1527852221626,11.6181666666669,0.458994210966549,47.8513688909059,11.4836000000001,11.5563759245549,-0.408434049839945,-0.507544549837321
"3776634","2019-06-28",29.0288659645881,0.266666666666668,0.271111111111114,0.268148148148151,12.06907742898,11.2022559043537,11.6356666666669,0.455008039265068,47.8513688909059,11.5096000000001,11.5555258012809,-0.380170808560576,-0.482069801581972
"3776633","2019-07-01",27.4332744131464,0.413333333333334,0.315555555555558,0.278518518518522,12.0537019472068,11.2639647194602,11.6588333333335,0.56056866974555,52.2656526732455,11.5308000000001,11.5694556944434,-0.277810014860425,-0.441217844237663
"3776632","2019-07-02",25.9516536868077,0.563636363636364,0.414545454545456,0.333737373737377,12.0380796878443,11.3199203121561,11.6790000000002,0.533882915348464,52.2656526732455,11.5472000000001,11.5815282685177,-0.194494720131677,-0.391873219416466
"3776631","2019-07-03",24.1397762602044,0.859999999999999,0.612323232323234,0.44747474747475,12.04821046387,11.3384562027971,11.6933333333335,0.654983218886965,56.8833001701599,11.5664000000001,11.6079911660486,-0.0445509322652415,-0.322408761986221
"3776630","2019-07-05",22.5884559652583,0.867924528301886,0.763853630646084,0.596907439171593,12.060262178688,11.3400711546457,11.7001666666669,0.684904646435385,57.9777449008429,11.5868000000001,11.6349256772421,0.0937480587684725,-0.239177397835282
"3776629","2019-07-08",21.6348943218384,0.84,0.855974842767296,0.744050568578873,12.0580853377434,11.3409146622569,11.6995000000002,0.774922934533996,60.1560817667521,11.6160000000001,11.6662689202765,0.241771356183218,-0.142987647031582
"3776628","2019-07-09",21.0800823466957,0.854545454545455,0.854156660949115,0.824661711454166,12.0456352810081,11.3473647189923,11.6965000000002,0.858266093796521,61.9272638605607,11.6460000000001,11.7000997309063,0.388669301562339,-0.036656257312798
"3776627","2019-07-10",20.8238510375044,0.898305084745765,0.864283513097074,0.85813833893783,12.0386050704582,11.3513949295422,11.6950000000002,0.943823485481855,63.9956070251681,11.6764000000001,11.7374197667855,0.53960756809448,0.0785965077686576
"3776626","2019-07-11",20.7165283690412,0.821428571428572,0.858093036906598,0.85884440365093,12.0290879514521,11.3569120485483,11.6930000000002,0.94680764668257,62.7714583865641,11.6972000000001,11.7670971312141,0.637590097633467,0.190395225741619
"3776625","2019-07-12",20.1035035572538,0.285714285714286,0.668482647296209,0.796953065766628,12.0233414460657,11.3556585539347,11.6895000000002,0.530703197942341,47.9537118227945,11.6996000000001,11.7528175137189,0.503654161762568,0.253047012945809
"3776624","2019-07-15",19.3854880629811,0.392857142857144,0.500000000000001,0.675525228067604,12.0285454363882,11.3584545636122,11.6935000000002,0.594265821596396,50.4718895712626,11.6936000000001,11.748441845223,0.433659009764953,0.289169412309638
"3776623","2019-07-16",18.8447618473142,0.294117647058821,0.324229691876751,0.497570779724321,12.0252297046738,11.3871036286599,11.7061666666669,0.526901684967511,49.6102386341102,11.6828000000001,11.7419829325266,0.36030249816319,0.303396029480348
"3776622","2019-07-17",18.4084807324065,0.274509803921566,0.320494864612511,0.381574852163089,12.0213997010137,11.41193363232,11.7166666666669,0.489061463780676,49.1583475590514,11.6704000000001,11.7350518748564,0.291924753086681,0.301101774201615
"3776621","2019-07-18",18.0033625542779,0.274509803921566,0.281045751633986,0.30859010270775,12.0138269230053,11.4418397436618,11.7278333333335,0.468822145010333,49.1583475590514,11.6580000000001,11.7290449582089,0.235017870182874,0.287884993397867
"3776620","2019-07-19",17.3446781696694,0.150000000000001,0.233006535947712,0.278182384064737,12.0055978580906,11.4744021419098,11.7400000000002,0.499999999999649,50.720137275037,11.6580000000001,11.727838963781,0.208154215990852,0.271938837916464
"3776619","2019-07-22",16.3603995613689,0.224999999999999,0.216503267973857,0.243518518518519,12.0042749113186,11.4960584220151,11.7501666666669,0.545584248354925,52.2981932832107,11.6624000000001,11.7307937686102,0.205137165774927,0.258578503488156
"3776618","2019-07-23",15.5503591209521,0.324999999999997,0.233333333333334,0.227614379084969,12.0111148862305,11.5042184471032,11.7576666666669,0.629546514036527,54.3951403475839,11.6800000000001,11.7386879327955,0.227613217845701,0.252385446359665
"3776617","2019-07-24",15.4966625443282,0.550000000000001,0.366666666666667,0.272167755991287,12.0207360730133,11.5295972603204,11.7751666666669,0.781318973568663,58.7852238942225,11.6972000000001,11.7575295417561,0.303672713171954,0.262642899722123
"3776616","2019-07-25",15.5208633103917,0.624999999999999,0.5,0.366666666666668,12.0313963927818,11.5542702738852,11.7928333333335,0.801457680970759,60.1618752831314,11.7156000000001,11.7778589361886,0.37995623204421,0.28610556618654
"3776615","2019-07-26",15.5433354503077,0.624999999999999,0.600000000000001,0.488888888888891,12.034811988592,11.585854678075,11.8103333333335,0.766543530672605,60.1618752831314,11.7340000000001,11.7954777446968,0.435203575498688,0.31592516804897
"3776614","2019-07-29",15.8084091833023,0.750000000000001,0.666666666666668,0.588888888888891,12.04166372547,11.6166696078637,11.8291666666669,0.839220381398353,62.5779832506617,11.7524000000001,11.8174140454039,0.507119995932559,0.354164133625688
"3776613","2019-07-30",16.0545490782259,0.750000000000001,0.708333333333335,0.658333333333336,12.0554697007397,11.6291969659273,11.8423333333335,0.799495267326135,62.5779832506617,11.7656000000001,11.8364255060167,0.557458933842003,0.394823093668951
"3776612","2019-07-31",15.779661182174,0.742857142857143,0.747619047619049,0.707539682539685,12.0626880330908,11.6466453002429,11.8546666666668,0.729143128352635,59.2443069490505,11.7824000000001,11.8475687718812,0.563459567229097,0.42855038838098
"3776611","2019-08-01",14.8259031337706,0.485714285714286,0.659523809523811,0.705158730158733,12.0689788824906,11.6520211175098,11.8605000000002,0.642700304436248,54.5499892632931,11.7944000000001,11.8492262689637,0.521313566405035,0.447103023985791
"3776610","2019-08-02",14.5832013842475,0.200000000000001,0.476190476190478,0.62777777777778,12.0687402769977,11.6509263896693,11.8598333333335,0.404662495571362,47.7578846169513,11.8028000000001,11.8373294331019,0.415025883750797,0.440687595938792
"3776609","2019-08-05",15.7852023414229,0,0.22857142857143,0.454761904761907,12.077203995053,11.6157960049474,11.8465000000002,0.0307840248917073,37.6586378276658,11.8032000000001,11.8003521753549,0.191953045514537,0.390940685853941
"3776608","2019-08-06",16.9013460873714,0.1875,0.129166666666668,0.277976190476193,12.0694046417519,11.5975953582485,11.8335000000002,0.188786680407797,43.4535450007699,11.8028000000001,11.7803052186409,0.0755267750997435,0.327857903703102
"3776607","2019-08-07",18.348795859025,0.0416666666666659,0.0763888888888896,0.144708994708997,12.0541422921666,11.5755243745004,11.8148333333335,0.106854111136545,40.3146733660043,11.7996000000001,11.7535978561555,-0.064196492307822,0.249447024500917
"3776606","2019-08-08",18.2850927215463,0.249999999999999,0.159722222222223,0.121759259259261,12.0288469870984,11.5751530129019,11.8020000000002,0.355996911906931,46.2841646221616,11.7956000000001,11.7437848086681,-0.105191885015321,0.178519242597669
"3776605","2019-08-09",17.9366800261563,0.500000000000002,0.26388888888889,0.166666666666669,12.0308856440889,11.5847810225781,11.8078333333335,0.542217301558922,52.4323552343745,11.7952000000001,11.7512801675123,-0.0545969104350674,0.131896011991122
"3776604","2019-08-12",18.106291281231,0.354166666666668,0.368055555555557,0.263888888888891,12.0312965085762,11.5870368247575,11.8091666666668,0.441850826724894,48.9152093438228,11.7896000000001,11.748442811844,-0.0618813855919553,0.0931405324745066
"3776603","2019-08-13",18.3327599148599,0.333333333333335,0.395833333333336,0.342592592592595,12.0308595511282,11.5911404488721,11.8110000000002,0.384016864997417,48.415563076661,11.7816000000001,11.7446504369315,-0.0736800570087071,0.0597764145778638
"3776602","2019-08-14",20.5338303652962,0,0.229166666666668,0.331018518518522,12.0830870709307,11.505246262403,11.7941666666668,-0.228285934677644,33.1157216913767,11.7544000000001,11.6853637120073,-0.368283041010453,-0.0258354765397996
"3776601","2019-08-15",22.8520292254651,0,0.111111111111112,0.245370370370373,12.1389460566382,11.4057206100288,11.7723333333335,-0.180554667473242,30.864882483882,11.7244000000001,11.6219818837397,-0.658121525032929,-0.152292686238425
"3776600","2019-08-16",24.5321795874477,0.0481927710843364,0.016064257028113,0.118780678268632,12.1682159576519,11.3341173756818,11.7511666666668,-0.0209216385117685,33.0431315979936,11.7080000000001,11.572384299241,-0.851768302398548,-0.29218780947045
"3776599","2019-08-19",24.9632963539135,0.277108433734939,0.108433734939759,0.0785363676929961,12.1692707404933,11.3043959261737,11.7368333333335,0.210748119236608,42.3367760536995,11.6968000000001,11.5547330593422,-0.863370548616793,-0.406424357299718
"3776598","2019-08-20",25.4507895036021,0.253012048192771,0.192771084337349,0.105756358768408,12.1662479472595,11.2697520527408,11.7180000000002,0.197340127275002,41.6809485998923,11.6856000000001,11.5367686514299,-0.876640048817967,-0.500467495603368
"3776597","2019-08-21",25.5600920685436,0.342465753424658,0.29086207845079,0.197355632575967,12.146308499438,11.2470248338957,11.6966666666668,0.266480802391139,43.563918343561,11.6764000000001,11.5265328312393,-0.849507347084477,-0.57027546589959
"3776596","2019-08-22",25.6615873074177,0.36764705882353,0.321041620146987,0.268224927645043,12.1185232552056,11.2298100781281,11.6741666666668,0.289020794519129,43.563918343561,11.6672000000001,11.517661787074,-0.818639251127584,-0.619948222945189
"3776595","2019-08-23",26.2993686093673,0.205882352941175,0.305331721729788,0.30574514010919,12.0904510146201,11.2058823187136,11.6481666666668,0.230753905525936,39.4967146495374,11.6524000000001,11.4953068821308,-0.861541558652912,-0.668266890086733
"3776594","2019-08-26",27.5117088789081,0,0.191176470588236,0.272516604155005,12.05675632401,11.1705770093237,11.6136666666668,0.127238722616233,34.7344582423393,11.6304000000001,11.4559326311801,-0.990088388577715,-0.73263118978493
"3776593","2019-08-27",29.2023460829648,0,0.0686274509803925,0.18837854776614,12.0320897742576,11.1102435590761,11.5711666666668,0.010583588415531,30.2786127630614,11.6000000000001,11.3991416136894,-1.19931303669234,-0.825967559166412
"3776592","2019-08-28",30.7722234867318,0,8.78926561161582e-16,0.0866013071895442,11.9969542624346,11.0617124042325,11.5293333333335,0.0551952723759668,30.2786127630614,11.5660000000001,11.3499227318641,-1.35115164911322,-0.931004377155774
"3776591","2019-08-29",31.2921261601935,0.290697674418604,0.0968992248062023,0.0551755585955331,11.9392226709293,11.058777329071,11.4990000000002,0.289121870671752,42.7946463804085,11.5408000000001,11.3405997009489,-1.27959495080124,-1.00072249188487
"3776590","2019-08-30",30.7798506553328,0.481481481481482,0.257393051966696,0.118097425590968,11.8954740056095,11.0651926610575,11.4803333333335,0.459451495703526,48.3827943991585,11.5212000000001,11.3511864074891,-1.11044888615861,-1.02266777073962
"3776589","2019-09-03",30.7126231247358,0.545454545454546,0.439211233784878,0.264501170185927,11.8792117229284,11.0561216104053,11.4676666666669,0.389441023995259,45.3180014971156,11.4960000000001,11.3483615531572,-1.02852551367144,-1.02383931932598
"3776588","2019-09-04",30.4059135011808,0.672727272727274,0.566554433221101,0.421052906324226,11.8542131149039,11.0557868850965,11.4550000000002,0.472863282970954,48.0731341258616,11.4736000000001,11.3552466794029,-0.9034015567427,-0.999751766809326
"3776587","2019-09-05",29.1326497413267,0.849999999999998,0.68939393939394,0.565053202133308,11.847249077198,11.0570842561357,11.4521666666669,0.649125005558626,53.1566138078642,11.4584000000001,11.3798804554825,-0.696802120007445,-0.939161837448949
"3776586","2019-09-06",27.4064240264148,0.808823529411764,0.777183600713013,0.677710657776019,11.8281192110237,11.0648807889767,11.4465000000002,0.731688196276688,54.5263760366527,11.4472000000001,11.4065630614182,-0.499153551728659,-0.851160180304891
"3776585","2019-09-09",25.5400310854915,0.916666666666666,0.858496732026143,0.7750247573777,11.8018843603395,11.0794489729942,11.4406666666669,0.872813040516772,58.1505116059482,11.4444000000001,11.4443546532291,-0.262111465587223,-0.733350437361358
"3776584","2019-09-10",24.0640829166534,0.861111111111112,0.862200435729848,0.832626922823002,11.7801540475033,11.0911792858304,11.4356666666669,0.859471319479286,56.3905500184159,11.4480000000001,11.4717740327985,-0.101675634188991,-0.607015476726884
"3776583","2019-09-11",22.693559617018,0.861111111111112,0.879629629629631,0.866775599128542,11.7625879396139,11.1007453937198,11.4316666666669,0.875215124614987,56.3905500184159,11.4480000000001,11.4955374950921,0.0249263942155853,-0.480627102538391
"3776582","2019-09-12",21.6298086756871,0.819444444444444,0.847222222222223,0.863017429193902,11.7889909383919,11.1023423949418,11.4456666666669,0.802435166647308,54.9441067763943,11.4496000000001,11.5121324957465,0.102865238574434,-0.363928634315826
"3776581","2019-09-13",21.9285767055798,0.51388888888889,0.731481481481482,0.819444444444446,11.7878914745765,11.1194418587572,11.4536666666669,0.46958135235279,45.6887980723598,11.4384000000001,11.4971814963136,0.0103130770787274,-0.289080292036915
"3776580","2019-09-16",22.6685186744569,0.375000000000002,0.569444444444446,0.716049382716051,11.7873620562084,11.1219712771253,11.4546666666669,0.322660602296326,42.2083869393077,11.4184000000001,11.4708906301385,-0.131898133333008,-0.257643860296134
"3776579","2019-09-17",23.355607645557,0.38888888888889,0.425925925925928,0.57561728395062,11.7835675752768,11.1097657580569,11.4466666666669,0.321906090287351,42.6786296407143,11.4016000000001,11.44943854612,-0.235149546731506,-0.253144997583208
"3776578","2019-09-18",24.1361666180518,0,0.254629629629631,0.416666666666669,11.7820498178619,11.0972835154718,11.4396666666669,0.305773152773462,41.5854179781597,11.3840000000001,11.4268467399707,-0.33452267755143,-0.269420533576852
"3776577","2019-09-19",24.8609713782256,0,0.129629629629631,0.270061728395064,11.777149198278,11.0838508017223,11.4305000000002,0.316577295867667,41.5854179781597,11.3832000000001,11.4072671746412,-0.408810998405451,-0.297298626542572
"3776576","2019-09-20",25.5340043698156,0,5.73615229389664e-16,0.128086419753089,11.7713655234182,11.0706344765821,11.4210000000002,0.322566255776872,40.7778187618147,11.3852000000001,11.3876315513557,-0.476563712102007,-0.333151643654459
"3776575","2019-09-23",26.1589635762919,0.0204081632653057,0.0068027210884358,0.0454774502393569,11.7701406850955,11.0591926482383,11.4146666666669,0.315270137162081,41.3906995995741,11.3860000000001,11.3719473445083,-0.517396412645299,-0.370000597452627
"3776574","2019-09-24",26.9749377274079,0,0.0068027210884358,0.00453514739229192,11.7708387748344,11.056161225166,11.4135000000002,0.285217822958883,39.6242650960011,11.3776000000001,11.3530210319072,-0.571744010929465,-0.410349280147995
"3776573","2019-09-25",28.7183179643832,0,0.0068027210884358,0.006802721088437,11.7732145685998,11.0517854314006,11.4125000000002,0.066832022874213,31.9218515483072,11.3616000000001,11.3086182276529,-0.756067776829106,-0.479492979484217
"3776572","2019-09-26",30.3371710415745,0.0410958904109604,0.0136986301369874,0.00910135743795419,11.7756213167798,11.0473786832206,11.4115000000002,0.0631034877595388,33.8986508499876,11.3452000000001,11.2741357972992,-0.871565098595517,-0.557907403306477
"3776571","2019-09-27",31.2182432706082,0.10958904109589,0.0502283105022842,0.023576553909237,11.7834611237259,11.0225388762744,11.4030000000002,0.158747437682983,37.1730688788071,11.3308000000001,11.2509176909926,-0.917242223183945,-0.629774367281971
"3776570","2019-09-30",30.3500840814358,0.180555555555556,0.11041349568747,0.0581134787755816,11.7793173694515,11.0050159638822,11.3921666666669,0.290563899922655,40.3549426249479,11.3228000000001,11.2374619988603,-0.907351829406844,-0.685289859706945
"3776569","2019-10-01",28.6157360432601,0.371428571428571,0.220524389360006,0.127055398516588,11.7784710024994,11.0035289975009,11.3910000000002,0.451394212181177,47.7625371709323,11.3260000000001,11.2431337323456,-0.797006910974052,-0.707633269960367
"3776568","2019-10-02",28.2822701709099,0.0833333333333352,0.211772486772488,0.180903457273323,11.7777817789892,10.9755515543446,11.3766666666669,0.213299258823017,38.9471326796407,11.3272000000001,11.2187159013662,-0.857788598382425,-0.737664335644778
"3776567","2019-10-03",27.9726232894418,0.145833333333334,0.200198412698414,0.210831762943637,11.7582476463827,10.9527523536177,11.3555000000002,0.240739225655003,40.5582591501136,11.3296000000001,11.201553781184,-0.874595677376089,-0.765050603991041
"3776566","2019-10-04",27.1040819271971,0.479166666666667,0.236111111111113,0.216027336860673,11.7227442126688,10.9535891206649,11.3381666666669,0.420042133713298,48.3819013798318,11.3284000000001,11.2080132770261,-0.763926392996905,-0.764825761792214
"3776565","2019-10-07",25.8250798897896,0.604166666666668,0.409722222222224,0.282010582010585,11.664252890569,10.9747471094314,11.3195000000002,0.524897059801526,50.9871169369975,11.3240000000001,11.221611506756,-0.625816154128556,-0.737023840259482
"3776564","2019-10-08",25.1853157250477,0.416666666666669,0.500000000000002,0.381944444444447,11.6003346196226,10.9956653803778,11.2980000000002,0.426130413508984,47.1435055163372,11.3196000000001,11.2213966391885,-0.574460255051823,-0.70451112321795
"3776563","2019-10-09",24.7089112402986,0.374999999999999,0.465277777777779,0.458333333333336,11.5227752797637,11.02855805357,11.2756666666669,0.414342659280516,46.3080795684855,11.3116000000001,11.2185437539634,-0.541899367581822,-0.671988772090724
"3776562","2019-10-10",24.0039693612101,0.395833333333336,0.395833333333335,0.453703703703707,11.4316851929712,11.0793148070292,11.2555000000002,0.484391423855096,46.8155670203615,11.2984000000001,11.2174045867683,-0.503111716645865,-0.638213361001753
"3776561","2019-10-11",24.4572287407781,0,0.256944444444446,0.372685185185188,11.4138317669106,11.0591682330898,11.2365000000002,-0.0164519303510483,38.8969915231643,11.2756000000001,11.1897506418658,-0.609437648983779,-0.632458218598158
"3776560","2019-10-14",24.8781124503769,0.102040816326532,0.165958049886623,0.272911942554802,11.4071865717332,11.0401467616005,11.2236666666669,0.108580152068725,41.558353272239,11.2504000000001,11.1724505562837,-0.650478194146054,-0.636062213707737
"3776559","2019-10-15",24.6279962533875,0.061224489795917,0.0544217687074837,0.159108087679519,11.3977661168871,11.0259005497799,11.2118333333335,0.172372641862861,40.7929832314962,11.2260000000001,11.1547904821126,-0.689712003246279,-0.646792171615446
"3776558","2019-10-16",24.6781721169706,0,0.0544217687074837,0.0916005291005314,11.3962034752185,10.9984631914486,11.1973333333335,0.0457672404855377,38.8658743107968,11.1996000000001,11.1328184178309,-0.748621534719862,-0.667158044236329
"3776557","2019-10-17",24.9462523957219,0,0.0204081632653063,0.0430839002267591,11.3944936798648,10.9681729868022,11.1813333333335,0.0355608976476907,37.3458927786267,11.1728000000001,11.1084426287868,-0.815268255139578,-0.696780086416979
"3776556","2019-10-18",25.3610849758318,0,6.47630097698008e-16,0.0249433106575981,11.3917448545896,10.9369218120775,11.1643333333335,0.0434121685659528,36.2023495833178,11.1536000000001,11.0833169449485,-0.880148638580602,-0.733453796849703
"3776555","2019-10-21",25.7462866573625,0.0425531914893607,0.0141843971631209,0.0115308534761438,11.3844988229728,10.9125011770276,11.1485000000002,0.114757965647472,37.5746962027202,11.1392000000001,11.0642080189554,-0.906893617424165,-0.768141760964596
"3776554","2019-10-22",25.4501513615521,0.127659574468086,0.0567375886524829,0.023640661938536,11.3733470949394,10.8989862383943,11.1361666666669,0.241055081508744,40.3388696368946,11.1260000000001,11.0529802830947,-0.888854062708722,-0.792284221313421
"3776553","2019-10-23",25.175168586871,0.212765957446807,0.127659574468085,0.0661938534278976,11.3737969082664,10.8918697584006,11.1328333333335,0.29353725967111,43.05436907115,11.1156000000001,11.0485829120154,-0.835785701123559,-0.800984517275449
"3776552","2019-10-24",24.0714106485543,0.255319148936168,0.198581560283688,0.127659574468087,11.3736089409627,10.8900577257044,11.1318333333335,0.379020053813869,44.4166223474786,11.1060000000001,11.0474385237467,-0.770255667337683,-0.794838747287895
"3776551","2019-10-25",22.5630094249041,0.390243902439025,0.286109669607334,0.20411693478637,11.3723013417849,10.8886986582155,11.1305000000002,0.471395251094522,47.1401873838426,11.0988000000001,11.0517800539138,-0.681248365508558,-0.772120670932028
"3776550","2019-10-28",21.0222762853551,0.560975609756098,0.402179553710431,0.295623594533819,11.3660417212902,10.8892916120435,11.1276666666669,0.595787427796597,51.6088869686719,11.0940000000001,11.0648760467253,-0.553240899427299,-0.728344716631082
"3776549","2019-10-29",19.9141530654164,0.439024390243902,0.463414634146342,0.38390128582137,11.3313019759894,10.9016980240109,11.1165000000002,0.531424291926643,48.4576944609346,11.0888000000001,11.0695592404952,-0.482692826250486,-0.679214338554963
"3776548","2019-10-30",18.5842232260321,0.733333333333334,0.577777777777779,0.481123988544852,11.3330393751088,10.9019606248915,11.1175000000002,0.614054953165054,51.0335625606282,11.0936000000001,11.0789513417625,-0.393106930924247,-0.62199285702882
"3776547","2019-10-31",17.3492883751753,0.766666666666666,0.646341463414634,0.562511291779586,11.3350757443158,10.9022575890179,11.1186666666669,0.618602541748293,51.6836600664094,11.0976000000001,11.0884244961942,-0.31125716416015,-0.559845718455086
"3776546","2019-11-01",16.8129158056215,0.702702702702704,0.734234234234235,0.652784491808884,11.3247716376477,10.906561695686,11.1156666666669,0.741505497277443,53.67085387697,11.1008000000001,11.1006345633683,-0.222042239793974,-0.492285022722864
"3776545","2019-11-04",16.3148555624644,0.702702702702704,0.724024024024025,0.701533240557633,11.2990152576014,10.9203180757323,11.1096666666669,0.782547653171652,53.67085387697,11.1020000000001,11.1112166215859,-0.149654421181045,-0.4237589024145
"3776544","2019-11-05",15.9533912287768,0.842105263157894,0.749170222854434,0.735809493704233,11.3003797374841,10.9196202625163,11.1100000000002,0.893949487435574,57.7057036038018,11.1004000000001,11.1283877387078,-0.0482602742980842,-0.348659176791217
"3776543","2019-11-06",15.6177457760669,0.842105263157894,0.795637743006164,0.756277329961542,11.3054856217854,10.9171810448816,11.1113333333335,0.882860969221363,57.7057036038018,11.1076000000001,11.1432693735467,0.0316230498096814,-0.272602731471037
"3776542","2019-11-07",15.3060749985506,0.86111111111111,0.848440545808966,0.797749503889856,11.3088194910385,10.9155138422952,11.1121666666669,0.892824258928153,58.4059048287389,11.1140000000001,11.1575001237405,0.100911170728302,-0.197899951031169
"3776541","2019-11-08",15.5822272836035,0.783783783783783,0.829000052684263,0.824359447166466,11.3345617805047,10.9141048861624,11.1243333333335,0.909871584107823,59.837997427881,11.1148000000001,11.1725001072418,0.168237976961749,-0.124672365432586
"3776540","2019-11-11",16.1533474508029,0.805555555555555,0.816816816816817,0.831419138436683,11.3648098622391,10.9091901377612,11.1370000000002,0.930914911680179,62.6106889883905,11.1148000000001,11.1908334262762,0.247473980270185,-0.0502430962920315
"3776539","2019-11-12",16.7884327481543,0.914285714285711,0.834541684541684,0.826786184680922,11.3990510700106,10.9029489299897,11.1510000000002,0.941441353166873,65.7900064116225,11.1204000000001,11.2133889694394,0.342136077931432,0.0282327385526612
"3776538","2019-11-13",16.6961497551414,0.774193548387096,0.831344939409455,0.82756781358932,11.4195681426205,10.9144318573799,11.1670000000002,0.835882952034757,61.2992812116106,11.1252000000001,11.2276037735141,0.383782438712577,0.0993426785846443
"3776537","2019-11-14",17.0451281482003,0,0.562826420890937,0.742904348280693,11.4132054286162,10.9344612380509,11.1738333333335,0.387553030627992,43.087265617305,11.1204000000001,11.2092566037122,0.24858965939043,0.129192074745801
"3776536","2019-11-15",17.3691795131836,0,0.258064516129033,0.550745292143143,11.4016057826492,10.9613942173511,11.1815000000002,0.337578097359242,43.087265617305,11.1236000000001,11.1933557232173,0.139714954207393,0.13129665063812
"3776535","2019-11-18",17.845744612282,0,7.40148683083438e-16,0.273630312339991,11.3896646743515,10.9853353256489,11.1875000000002,0.250615844095696,41.833830690098,11.1240000000001,11.176908293455,0.0384544360564343,0.112728207721783
"3776534","2019-11-19",19.2024597245262,0,7.40148683083438e-16,0.086021505376346,11.3913650477991,10.982301618868,11.1868333333335,0.043265615746405,35.2145482384632,11.1204000000001,11.1466538543276,-0.127261033229875,0.0647303595314511
"3776533","2019-11-20",20.4622666144672,0.22727272727273,0.0757575757575774,0.0252525252525275,11.3884941665818,10.9885058334186,11.1885000000002,0.195407782596966,43.2701559000021,11.1228000000001,11.1337666737506,-0.184320936882187,0.0149201002487234
"3776532","2019-11-21",21.1768217587183,0.22727272727273,0.151515151515154,0.0757575757575786,11.3882818520166,10.9890514813171,11.1886666666669,0.219460220914712,43.2701559000021,11.1268000000001,11.1225977839172,-0.227004012040499,-0.0334647222091211
"3776531","2019-11-22",21.8403372498086,0.295454545454546,0.250000000000003,0.159090909090913,11.388908367669,10.9864249656647,11.1876666666669,0.27390371988748,45.6226548410843,11.1332000000001,11.1169180793949,-0.236380874615039,-0.0740479526903046
"3776530","2019-11-25",21.5478135626771,0.386363636363635,0.303030303030304,0.234848484848488,11.3882587798782,10.9840745534555,11.1861666666669,0.394025222823196,48.6785615167334,11.1404000000001,11.1173290021423,-0.212334065757158,-0.101705175303675
"3776529","2019-11-26",20.3583121076537,0.5,0.393939393939395,0.315656565656569,11.3901649348777,10.989168398456,11.1896666666669,0.525769133632315,52.2880367825435,11.1480000000001,11.1243518018566,-0.155200309761694,-0.112404202195279
"3776528","2019-11-27",19.2537750422748,0.568181818181817,0.484848484848485,0.393939393939396,11.3927023381958,10.9916309951379,11.1921666666669,0.561086388803101,54.3620307763683,11.1552000000001,11.1344382282757,-0.0871851061503781,-0.107360382986299
"3776527","2019-11-29",18.0342338320736,0.659090909090909,0.575757575757576,0.484848484848486,11.3986712695273,10.994328730473,11.1965000000002,0.648801228797738,57.0432658012331,11.1632000000001,11.1485131311723,-0.00431446161250904,-0.0867511987115409
"3776526","2019-12-02",17.0264204064069,0.704545454545454,0.643939393939394,0.568181818181819,11.4041269964299,10.9945396702371,11.1993333333335,0.680669652764055,58.3605169607221,11.1704000000001,11.163378047016,0.0748718707270113,-0.0544265848238305
"3776525","2019-12-03",17.1030039630399,0.404761904761905,0.58946608946609,0.603054353054355,11.401823322267,10.9911766777334,11.1965000000002,0.411115796303057,47.4027185691754,11.1692000000001,11.1575943074139,0.0359781769894818,-0.036345632461168
"3776524","2019-12-04",16.4225567704882,0.771428571428572,0.626911976911978,0.620105820105822,11.4004128478939,10.9912538187731,11.1958333333335,0.624238571594942,54.0406758987605,11.1740000000001,11.1659150664254,0.0765575818211905,-0.0137649896046963
"3776523","2019-12-05",15.7907129488331,0.8,0.65873015873016,0.625036075036077,11.3989909373839,10.9913423959498,11.1951666666669,0.626334316856964,54.6569397167192,11.1776000000001,11.1744597242353,0.114585013340274,0.0119050109842977
"3776522","2019-12-06",14.7087961920018,0.837837837837837,0.803088803088804,0.696243646243648,11.4006733793315,10.9909932873356,11.1958333333335,0.705444853950381,56.5396861495865,11.1820000000001,11.1858650943373,0.164431057562897,0.0424102203000176
"3776521","2019-12-09",13.9678588969959,0.8,0.812612612612613,0.75814385814386,11.4006733793315,10.9909932873356,11.1958333333335,0.746127003247583,57.1779668563933,11.1856000000001,11.197083081759,0.208671753571132,0.0756625269542406
"3776520","2019-12-10",13.2798456944904,0.866666666666669,0.834834834834836,0.816845416845419,11.3988731192341,10.991793547433,11.1953333333335,0.814434839934322,59.7259074469691,11.1908000000001,11.2121386708578,0.269347795570307,0.114399580677454
"3776519","2019-12-11",12.5512556269063,0.709677419354838,0.792114695340503,0.813187380929319,11.3854018684258,10.9982647982412,11.1918333333335,0.779401470427271,56.1292744374243,11.1920000000001,11.2198535147434,0.285287928779976,0.148577250297958
"3776518","2019-12-12",11.8747077070068,0.678571428571428,0.751638504864312,0.792862678346552,11.3770606568555,11.0019393431449,11.1895000000002,0.767913329172594,56.1292744374243,11.1932000000001,11.2265397127776,0.29449257553773,0.177760315345913
"3776517","2019-12-13",13.3374338160955,0,0.462749615975423,0.668834272060081,11.3775981651289,10.9997351682048,11.1886666666669,0.274168590128809,41.0704390821715,11.1856000000001,11.2043344177406,0.149035640487893,0.172015380374309
"3776516","2019-12-16",14.6956794888208,0.0999999999999982,0.25952380952381,0.491303976787849,11.3777144579866,10.9992855420137,11.1885000000002,0.283755072935886,43.4063501453272,11.1784000000001,11.1890898287085,0.0545823250407418,0.148528769307595
"3776515","2019-12-17",14.9684711171574,0.166666666666664,0.0888888888888881,0.270387438129374,11.3760060167493,11.0066606499177,11.1913333333335,0.370040335385973,44.9723702356264,11.1704000000001,11.1785445182141,-0.00585531885131108,0.117651951675814
"3776514","2019-12-18",15.2217776291842,0.300000000000001,0.188888888888888,0.17910052910053,11.3628166658164,11.0361833341839,11.1995000000002,0.389274415179577,48.0675314299087,11.1620000000001,11.1747385824522,-0.0246179285273596,0.0891979756351794
"3776513","2019-12-19",15.7445216286231,0.199999999999996,0.222222222222221,0.166666666666667,11.3572454606378,11.0497545393626,11.2035000000002,0.315170694803524,45.9786921499982,11.1540000000001,11.1674401047919,-0.0604731983600004,0.0592637408361434
"3776512","2019-12-20",16.2299267709592,0.266666666666668,0.255555555555556,0.222222222222223,11.3516435166579,11.0636898166758,11.2076666666668,0.334464128539323,47.6131324490597,11.1560000000001,11.163781424153,-0.0736025126079398,0.0326904901473268
"3776511","2019-12-23",15.780811074948,0.433333333333332,0.299999999999999,0.25925925925926,11.3481679042849,11.0788320957154,11.2135000000002,0.499381193805098,51.5589937513738,11.1600000000001,11.1672772342659,-0.0473226423823081,0.0166878636413998
"3776510","2019-12-24",15.363775071509,0.566666666666668,0.422222222222223,0.325925925925927,11.3494736314031,11.0871930352639,11.2183333333335,0.58260872891637,54.5108925915292,11.1664000000001,11.1756402696971,0.00236231800965214,0.0138227545150503
"3776509","2019-12-26",14.9765273540299,0.500000000000003,0.500000000000002,0.407407407407409,11.3510131460751,11.0889868539253,11.2200000000002,0.550885478795874,52.7790648463563,11.1768000000001,11.1802215670708,0.0269646541352309,0.0164511344390864
"3776508","2019-12-27",14.2946200940976,0.533333333333336,0.533333333333337,0.485185185185188,11.3530121456159,11.0899878543845,11.2215000000002,0.595681910399461,53.5732906450052,11.1836000000001,11.1855253581281,0.0530549987782347,0.0237719073069161
"3776507","2019-12-30",13.661420495589,0.533333333333336,0.522222222222226,0.518518518518522,11.3507631614301,11.0895701719036,11.2201666666669,0.537647768996316,53.5732906450052,11.1904000000001,11.1901219770443,0.0728785182056768,0.0335932294866682
"3776506","2019-12-31",13.073449439831,0.500000000000003,0.522222222222226,0.52592592592593,11.3461952349156,11.0894714317514,11.2178333333335,0.534407924875978,52.548259389299,11.1956000000001,11.1927723801051,0.080443095763516,0.0429632027420378
"3776505","2020-01-02",12.7555584126903,0.592592592592594,0.541975308641978,0.528806584362144,11.3488834553168,11.0961165446835,11.2225000000002,0.621983266147839,53.5062646802098,11.1996000000001,11.1964027294244,0.0925735771778236,0.0528852776291949
"3776504","2020-01-03",12.4603738874882,0.653846153846154,0.582146248812918,0.548781259892375,11.3495048244697,11.0961618421973,11.2228333333335,0.620390151431257,54.4956230130988,11.2020000000001,11.2008823655011,0.108136986016194,0.0639356193065947
"3776503","2020-01-06",12.350211708445,0.652173913043479,0.632870886494076,0.585664147982992,11.3511709149621,11.0961624183716,11.2236666666668,0.655550372622242,55.5150519295794,11.2036000000001,11.206098050101,0.126205651597733,0.0763896257648224
"3776502","2020-01-07",12.2479182564764,0.76190476190476,0.689308276264798,0.634775137190599,11.3511709149621,11.0961624183716,11.2236666666668,0.720907672043646,58.5174943971944,11.2048000000001,11.2146183100875,0.160248752441983,0.0931614511002544
"3776501","2020-01-08",12.5032300963686,0.799999999999996,0.738026224982746,0.686735129247208,11.3506302918708,11.0963697081296,11.2235000000002,0.774652611527931,59.4987749557396,11.2056000000001,11.2233358687425,0.192164744404266,0.112962109761057
"3776500","2020-01-09",13.3776815568282,0.750000000000006,0.770634920634921,0.732656473960823,11.3499473574821,11.0967193091849,11.2233333333335,0.881737597065105,61.4622666155621,11.2128000000001,11.2335577529102,0.229141364636587,0.136197960736163
"3776499","2020-01-10",14.8609366706965,0.777777777777776,0.775925925925926,0.761529023847865,11.365067836182,11.088598830485,11.2268333333335,1.01783984358583,65.9115751919174,11.2180000000001,11.2490833858555,0.290901167375468,0.167138602064024
"3776498","2020-01-13",17.0712107961415,0.700000000000001,0.742592592592595,0.763051146384482,11.3962220986811,11.0714445679859,11.2338333333335,1.10400319642374,69.681238010408,11.2248000000001,11.2692056010748,0.371240968184772,0.207959075288173
"3776497","2020-01-14",17.4556592719593,0.392857142857142,0.623544973544974,0.714021164021166,11.4056850774694,11.0873149225309,11.2465000000002,0.84603327277261,58.5287991221446,11.2272000000001,11.2759781875981,0.373219340866493,0.241011128403837
"3776496","2020-01-15",17.9295444199066,0.607142857142858,0.566666666666668,0.644268077601413,11.4201673654773,11.1021659678564,11.2611666666668,0.936580890435675,63.2761191593956,11.2316000000001,11.289847762585,0.412875479608976,0.275383998644865
"3776495","2020-01-16",18.172608952961,0.571428571428567,0.523809523809523,0.571340388007056,11.4336286885713,11.1140379780958,11.2738333333335,0.884345756328155,62.0021983837475,11.2340000000001,11.3005347275737,0.43208201016689,0.30672360094927
"3776494","2020-01-17",18.3983117336544,0.642857142857143,0.607142857142857,0.565873015873017,11.4480071230841,11.1243262102496,11.2861666666668,0.882578423450303,63.5814102149467,11.2388000000001,11.3124634305639,0.45623676666855,0.336626234093126
"3776493","2020-01-21",18.7490752916609,0.607142857142858,0.607142857142857,0.57936507936508,11.4557819064532,11.1425514268805,11.2991666666668,0.843197763341787,62.1896804017619,11.2432000000001,11.3214683064887,0.462838929720411,0.361868773218583
"3776492","2020-01-22",19.0747843098098,0.666666666666667,0.63888888888889,0.617724867724869,11.463490822042,11.1608425112917,11.3121666666668,0.856299141620278,63.8920066937763,11.2568000000001,11.3319391989569,0.476759427353746,0.384846904045615
"3776491","2020-01-23",20.1924436470275,0.655172413793104,0.642993979200877,0.629675241744209,11.4802275522212,11.1681057811125,11.3241666666668,0.913834210307368,65.5617811879743,11.2700000000001,11.343680639096,0.496224575899684,0.407122438416429
"3776490","2020-01-24",21.8743235596035,0.588235294117645,0.636691458192473,0.639524775427414,11.5026655800702,11.1703344199302,11.3365000000002,0.951858521491706,67.195483035972,11.2832000000001,11.3565232205498,0.519780360083644,0.429654022749872
"3776489","2020-01-27",21.2360628678944,0.193548387096775,0.478985365002509,0.586223600798621,11.502811759155,11.1835215741787,11.3431666666668,0.573600759138772,52.4562010611291,11.2904000000001,11.3529867911432,0.455013077630162,0.43472583372593
"3776488","2020-01-28",21.1248218472734,0.433333333333335,0.405039004849253,0.506905276014746,11.5103026193278,11.1946973806725,11.3525000000002,0.75612164638825,59.4266273935899,11.3020000000001,11.3605885523241,0.45526962277147,0.438834591535038
"3776487","2020-01-29",22.1693998749297,0.433333333333332,0.353405017921148,0.412476462590971,11.522946079575,11.207720587092,11.3653333333335,0.884909647939457,60.9673286201774,11.3136000000001,11.3698434120142,0.464270812074941,0.443921835643019
"3776486","2020-01-30",22.6437566783157,0.285714285714287,0.384126984126985,0.38085700229913,11.5214444021971,11.22922226447,11.3753333333335,0.675665450032036,57.4436576642524,11.3220000000001,11.3738642904123,0.444948425373615,0.444127153589138
"3776485","2020-01-31",21.6577859135301,0,0.23968253968254,0.325738180576893,11.5161229892441,11.2458770107562,11.3810000000002,0.446961899623017,47.5734506301125,11.3248000000001,11.3640157183573,0.35458791309777,0.426219305490864
"3776484","2020-02-03",20.7422416319434,0.166666666666664,0.150793650793651,0.25820105820106,11.5091455750099,11.2655210916571,11.3873333333335,0.469899029717378,52.0132205898266,11.3304000000001,11.3621469559097,0.31484448130108,0.403944340652908
"3776483","2020-02-04",20.526159230669,0.533333333333336,0.233333333333334,0.20793650793651,11.5109758197046,11.2846908469625,11.3978333333335,0.833650083277363,60.0323184724727,11.3400000000001,11.3751940284551,0.357299642375097,0.394615400997345
"3776482","2020-02-05",21.1999256847017,0.799999999999998,0.5,0.294708994708996,11.5322488177568,11.2914178489103,11.4118333333335,1.11523095379359,64.6580121486285,11.3528000000001,11.3971681579944,0.442397661990146,0.404171853195906
"3776481","2020-02-06",21.980903717816,0.749999999999999,0.694444444444445,0.475925925925928,11.5509551712766,11.3000448287238,11.4255000000002,1.06261796636276,64.6580121486285,11.3660000000001,11.4162124035951,0.503785039774818,0.424094490511688
"3776480","2020-02-07",22.7858112204123,0.727272727272722,0.759090909090907,0.651178451178452,11.5686292463426,11.3073707536577,11.4380000000002,1.00524673339138,64.6580121486285,11.3788000000001,11.4327174164491,0.545947756858856,0.448465143781122
"3776479","2020-02-10",24.4804569914614,0.638297872340425,0.705190199871049,0.719575184468802,11.6100686953943,11.2945979712727,11.4523333333335,1.14770933626924,68.1147974523841,11.3936000000001,11.4550217609226,0.614379719598235,0.481648058944544
"3776478","2020-02-11",26.374960734053,0.773584905660379,0.713051835091176,0.725777648017712,11.6719942716054,11.2646723950617,11.4683333333335,1.19150881130304,73.2755827897149,11.4124000000001,11.4890188594662,0.737093980609194,0.532737243277474
"3776477","2020-02-12",28.1861195947159,0.833333333333333,0.748405370444713,0.722215801802314,11.7274474731954,11.2515525268049,11.4895000000002,1.11042883981678,74.8685131434141,11.4316000000001,11.5238163448707,0.851933065233812,0.596576407668742
"3776476","2020-02-13",27.659561066655,0.537037037037036,0.714651758676917,0.725369654737603,11.7432619188118,11.2590714145219,11.5011666666669,0.772964185574708,59.572477655522,11.4440000000001,11.5326408322213,0.821138399811505,0.641488806097295
"3776475","2020-02-14",27.170613862027,0.555555555555554,0.641975308641976,0.701677479254537,11.7542619188118,11.2700714145219,11.5121666666669,0.715824141683831,60.1208683392592,11.4560000000001,11.5416220545918,0.794502022475774,0.67209144937299
"3776474","2020-02-18",25.704077077364,0.388888888888888,0.493827160493827,0.616818075937575,11.7566126427782,11.2810540238888,11.5188333333335,0.551518359728252,53.1349939753728,11.4624000000001,11.5374057806462,0.702367787935398,0.678146717085472
"3776473","2020-02-19",24.3422929201769,0.481481481481482,0.475308641975309,0.537037037037039,11.7605771256768,11.2940895409903,11.5273333333335,0.60575486883815,56.1812584467003,11.4688000000001,11.5404183432267,0.656745823798577,0.673866538428093
"3776472","2020-02-20",22.6646969298139,0.388888888888888,0.419753086419753,0.462962962962965,11.7609853796484,11.305014620352,11.5330000000002,0.500731041029173,52.5058049488531,11.4764000000001,11.5363625641298,0.578958043258226,0.65488483939412
"3776471","2020-02-21",21.1069292244769,0.346938775510204,0.405769715293525,0.433610481229531,11.7622027131621,11.3121306201716,11.5371666666669,0.498889066867348,53.1657349282174,11.4820000000001,11.5341808889125,0.518338925012296,0.627575656517755
"3776470","2020-02-24",22.0882787729838,0,0.245275888133031,0.356932896615438,11.780222999222,11.2717770007784,11.5260000000002,-0.0166068126622806,35.9509296829277,11.4752000000001,11.4896234370575,0.243176739800366,0.550695873174277
"3776469","2020-02-25",25.14293483068,0,0.115646258503402,0.255563953976655,11.9098469926597,11.0821530073407,11.4960000000002,-0.381163021925766,19.9022584857341,11.4380000000001,11.3523403121165,-0.494176066274266,0.341721485284569
"3776468","2020-02-26",27.9794011699693,0.130434782608696,0.043478260869566,0.134800135835335,11.9720310501783,10.9593022831554,11.4656666666669,-0.130968548349518,28.2880827370958,11.4084000000001,11.2573616038343,-0.945978208396114,0.0841815465484321
"3776467","2020-02-27",31.5608674672905,0,0.043478260869566,0.0675342600808463,12.1840265331127,10.606306800221,11.3951666666668,-0.335699758653377,18.5354762755252,11.3444000000001,11.0630467233231,-1.89762687088555,-0.312180136938364
"3776466","2020-02-28",35.2472062570743,0,0.043478260869566,0.0434782608695676,12.4737445171445,10.1115888161892,11.2926666666669,-0.31112350012547,14.5485804139185,11.2548000000001,10.81197382688,-3.09665681611722,-0.869075472774135
"3776465","2020-03-02",35.2583647703727,0.203007518796993,0.0676691729323317,0.0515418982238229,12.5276967414272,9.92396992523982,11.2258333333335,0.0407224268310297,28.8942992993978,11.1860000000001,10.6663773166293,-3.62393964237288,-1.42004830669388
"3776464","2020-03-03",34.423671657306,0.421052631578948,0.208020050125314,0.106389161309072,12.5180411043767,9.84729222895701,11.1826666666669,0.250631739985091,40.4568524001698,11.1448000000001,10.6175270077454,-3.5678926206798,-1.84961716949107
"3776463","2020-03-04",33.6485994808868,0.515748031496063,0.379936060624002,0.218541761227218,12.4906177918261,9.78704887484088,11.1388333333335,0.299462605424752,43.6873229366043,11.1080000000001,10.6005234067127,-3.34134262326389,-2.14796226024563
"3776462","2020-03-05",33.175387656554,0.473684210526316,0.470161624533776,0.352705911761032,12.452148225833,9.71518510750072,11.0836666666669,0.270913975493306,41.8841283477586,11.0648000000001,10.5671202858177,-3.23201067404294,-2.36477194300509
"3776461","2020-03-06",33.3718417380565,0.316872427983539,0.435434890001973,0.428510858386585,12.4296872338525,9.58397943281449,11.0068333333335,0.156734492214138,37.1642657247963,11.0068000000001,10.484837581042,-3.41502710062679,-2.57482297452943
"3776460","2020-03-09",35.0306811117707,0,0.263518879503286,0.389705131346347,12.5449393958607,9.19906060413965,10.8720000000002,-0.0973517844137932,25.8099723761933,10.8948000000001,10.2201925702364,-4.64974094596022,-2.98980656881559
"3776459","2020-03-10",35.7514578504321,0.272727272727273,0.196533233570271,0.298495667691845,12.4937577487888,9.03890891787821,10.7663333333335,0.146004771885249,37.6870324998249,10.8144000000001,10.1028335608715,-4.93382711847745,-3.37861067874796
"3776458","2020-03-11",36.4301012337963,0.270358306188925,0.1810285263054,0.213693546459654,12.4098497410608,8.89015025893957,10.6500000000002,0.151485397290915,37.6098408514392,10.7292000000001,9.99978908608866,-5.11793297649135,-3.72647513829664
"3776457","2020-03-12",38.1532365977711,0,0.1810285263054,0.186196762060359,12.4652116929853,8.4681216403484,10.4666666666669,-0.0887616496858786,28.2128798744702,10.5804000000001,9.70915054127684,-6.44570670359251,-4.27032145135581
"3776456","2020-03-13",39.7532908643191,0.0224719101123596,0.0976100721004289,0.153222374903744,12.4624492425289,8.11721742413813,10.2898333333335,-0.0047294962226153,29.2218604225461,10.4348000000001,9.4679304691066,-7.39955327253681,-4.89616781559201
"3776455","2020-03-16",41.6910122248885,0,0.00749063670412059,0.0953764117033181,12.5061859246299,7.64814740870376,10.0771666666669,-0.0586273810791577,25.0103263033768,10.2536000000001,9.14020640655905,-8.88082259718542,-5.6930987719107
"3776454","2020-03-17",43.4903249168458,0.035532994923858,0.0193349683454066,0.0414785590499869,12.4646055148671,7.27539448513328,9.87000000000019,0.0240124200293151,26.7975575375964,10.0756000000001,8.87484555235118,-9.8935079303976,-6.53318060360808
"3776453","2020-03-18",45.7456236828834,0,0.0118443316412867,0.0128899788969395,12.5283496280454,6.67265037195498,9.60050000000019,-0.0829932829598193,20.8083086263873,9.8304000000001,8.43553281203769,-12.1076030327591,-7.64806508943828
"3776452","2020-03-19",47.857759618684,0,0.0118443316412867,0.0143412105426616,12.5016029955678,6.14739700443261,9.32450000000019,-0.0210984143866779,20.6186495423477,9.5812000000001,8.046795103766,-13.9278204798373,-8.90401616751809
"3776451","2020-03-20",48.8967883462375,0.232044198895028,0.0773480662983433,0.0336789098603071,12.2583776274758,5.93695570585791,9.09766666666685,0.168165375974464,34.1850699265726,9.3888000000001,7.87788908993053,-14.0502892747223,-9.93327078895893
"3776450","2020-03-23",50.1354569213695,0.119092627599244,0.117045608831425,0.0687460022570198,12.0596893371358,5.64897732953127,8.85433333333352,0.116631247238758,31.3043188453433,9.1708000000001,7.64750387793979,-14.6796068324351,-10.8825379976542
"3776449","2020-03-24",49.9778569353739,0.264077669902913,0.205071498799062,0.133155057976278,11.8360960794516,5.50790392054874,8.67200000000019,0.254748281811143,37.8407681047786,8.9856000000001,7.54517002754782,-14.2977492595203,-11.5655802500274
"3776448","2020-03-25",48.5858503302014,0.423982869379015,0.269051055627058,0.197056054419183,11.5444814758111,5.49685185752262,8.52066666666686,0.38083485395873,42.8173404644798,8.8232000000001,7.53914735720811,-13.1974847141549,-11.8919611428529
"3776447","2020-03-26",46.6207735418624,0.611738148984199,0.433266229422043,0.302462927949389,11.3776605974604,5.50100606920668,8.43933333333352,0.50181509166741,48.0873757326751,8.6920000000001,7.6312610429137,-11.4190258876453,-11.7973740918114
"3776446","2020-03-27",44.9184961271288,0.580135440180587,0.538618819514601,0.413645368187902,11.2896507069402,5.47468262639347,8.38216666666685,0.4744051332231,47.1891587431955,8.5548000000001,7.69242623719187,-10.0377163683594,-11.445442547121
"3776445","2020-03-30",43.4901166323567,0.58679706601467,0.592890218393153,0.5215917557766,11.0918994841653,5.47210051583512,8.28200000000019,0.454565397308262,46.0639908812486,8.4236000000001,7.72276940556629,-9.01357724495214,-10.9590694866872
"3776444","2020-03-31",41.9653431398757,0.744807121661721,0.637246542618993,0.589585193508917,10.7794959174759,5.54717074919112,8.16333333333352,0.496177607591857,46.9454978991768,8.3264000000001,7.76373348482412,-7.99404134510788,-10.3660638583714
"3776443","2020-04-01",40.9311380714181,0.626112759643917,0.652572315773437,0.627569692261862,10.3906862906387,5.65298037602838,8.02183333333352,0.446141303139994,44.1215925574223,8.2060000000001,7.74590235351423,-7.511991140897,-9.79524931487648
"3776442","2020-04-02",39.9898746695184,0.620178041543027,0.663699307616222,0.651172722002885,9.97479325083174,5.7938734158353,7.88433333333352,0.457505363968069,43.9791441341317,8.1184000000001,7.72778203971234,-7.0710292167671,-9.25040529525461
"3776441","2020-04-03",39.1158443677545,0.632047477744807,0.626112759643918,0.647461461011194,9.61301645309204,5.92448354690834,7.76875000000019,0.486331512297929,44.3660108327754,8.0572000000001,7.71741110108402,-6.60539426118458,-8.7214030884406
"3776440","2020-04-06",37.4002959839144,0.747774480712166,0.666666666666667,0.652159577975604,9.51615729684985,5.9490093698172,7.73258333333352,0.617016920858033,48.1273245290825,7.9900000000001,7.76042295427282,-5.76506276676596,-8.13013502410567
"3776439","2020-04-07",34.9939823403399,0.855029585798816,0.744950514751931,0.679243313687507,9.31421709573872,6.05394957092832,7.68408333333352,0.772753690681112,51.4789201322419,7.9144000000001,7.84703322703645,-4.66407847704871,-7.43692371469428
"3776438","2020-04-08",32.759548242735,0.865818181818182,0.822874082776389,0.74483042139833,9.13923323990112,6.15133342676592,7.64528333333352,0.83536934390995,52.5584633680657,7.8360400000001,7.93822879676492,-3.62907043902471,-6.67535305956036
"3776437","2020-04-09",30.8120251857663,0.88559748427673,0.868815083964577,0.8122132271643,9.304754215741,6.08322578425938,7.69399000000019,0.932551410395469,56.3225136728307,7.7806880000001,8.07529162386293,-2.35040097510665,-5.81036264266962
"3776436","2020-04-13",29.1714140302793,0.90272373540856,0.884713133834491,0.858800766858487,9.50067914357939,6.00596752308765,7.75332333333352,0.937807225931999,58.2394309976989,7.7506880000001,8.22525274068121,-1.10640586745299,-4.86957128762629
"3776435","2020-04-14",27.5129232504965,0.830769230769231,0.873030150151508,0.875519455983527,9.68983570391535,5.99981096275169,7.84482333333352,0.86544741420204,57.3125465075389,7.7754880000001,8.34455237525705,-0.208906854415802,-3.9374384009842
"3776434","2020-04-15",25.5512003472195,0.684782608695652,0.806091858291149,0.854611714092384,9.82644711710817,6.02486621622554,7.92565666666686,0.786988499901845,54.39892257993,7.7566880000001,8.41461205855611,0.252853795951902,-3.09937996159698
"3776433","2020-04-16",23.7296005084622,0.703804347826087,0.739785395763657,0.806302468068773,9.84164516202455,6.28952150464249,8.06558333333352,0.758892075661645,54.7457836483101,7.7396880000001,8.47999711741529,0.641580047648915,-2.3511879597478
"3776432","2020-04-17",22.3797075875845,0.760869565217391,0.716485507246378,0.754120920433729,9.78229257606358,6.65954075727013,8.22091666666686,0.787913797030635,55.8312137384232,7.7872880000001,8.55066416842659,1.03359725208236,-1.67423091738177
"3776431","2020-04-20",20.8215997843777,0.673913043478261,0.712862318840581,0.72304440728354,9.80125249228621,6.83324750771417,8.31725000000019,0.705328720751576,53.7169014762019,7.8252880000001,8.59057561263637,1.17812969792372,-1.10375879432067
"3776430","2020-04-21",19.8392075053898,0.510869565217392,0.648550724637682,0.692632850241548,9.62879080605469,7.23170919394569,8.43025000000019,0.594455134744983,49.901080719694,7.8868880000001,8.58516553095152,1.00019218331591,-0.682968598793354
"3776429","2020-04-22",18.6848164753716,0.622282608695653,0.60235507246377,0.654589371980679,9.56295495387936,7.46887837945435,8.51591666666686,0.651578347488862,52.3899001819141,7.9510880000001,8.60781012682465,1.03887786288954,-0.338599306456774
"3776428","2020-04-23",17.448264578756,0.694444444444445,0.609198872785831,0.620034889962429,9.58333168311894,7.56416831688144,8.57375000000019,0.689641250960294,54.125829683601,8.0838880000001,8.64676877658137,1.19037526788823,-0.0328043915877729
"3776427","2020-04-24",16.256960747155,0.652482269503547,0.656403107547883,0.622652350932496,9.62613075004166,7.57670258329205,8.60141666666686,0.696111614540712,54.859277848012,8.2214880000001,8.68853293970385,1.3492751910325,0.243611524936281
"3776426","2020-04-27",15.3916795925182,0.615384615384616,0.654103776444204,0.639901918925974,9.67913817916094,7.61202848750611,8.64558333333352,0.727894695300866,55.9957830884062,8.3122880000001,8.73672854774334,1.53896305270722,0.502681830490469
"3776425","2020-04-28",14.8476139864083,0.760609357997825,0.676158747628664,0.662221877206918,9.73553274133374,7.6806339253333,8.70808333333352,0.77669651123738,58.2592683766284,8.4354880000001,8.8024980747109,1.83089565654968,0.768324595702311
"3776424","2020-04-29",14.600653574275,0.840425531914893,0.738806501765779,0.689689675279551,9.80449793222473,7.73633540110898,8.77041666666686,0.799581548360652,59.6260206327689,8.5338880000001,8.87416499808278,2.1339003155493,1.04143973967171
"3776423","2020-04-30",14.2882350612077,0.808510638297873,0.803181842736865,0.739382364043771,9.80557080557053,7.89492919442985,8.85025000000019,0.76853980900522,59.0580548993674,8.6062880000001,8.93227633167174,2.31626898499759,1.29640558873689
"3776422","2020-05-01",13.824917342146,0.744680851063829,0.797872340425533,0.779953561642727,9.7456285703497,8.11387142965068,8.92975000000019,0.724859850473396,57.8707557904651,8.6470880000001,8.97463948744884,2.37689640799517,1.51250375258854
"3776421","2020-05-04",13.0463306367234,0.617021276595745,0.72340425531915,0.774819479493851,9.60558709031523,8.40007957635182,9.00283333333352,0.646964381900862,55.4689089757496,8.6886880000001,8.99535422245566,2.28982394843069,1.66796779175697
"3776420","2020-05-05",12.6709922747437,0.77659574468085,0.71276595744681,0.744680851063832,9.53544524109409,8.58755475890629,9.06150000000019,0.776227410500853,57.8252254377843,8.7430880000001,9.03330699279491,2.32719239609203,1.79981271262398
"3776419","2020-05-06",12.5342615802803,0.914893617021276,0.769503546099292,0.735224586288418,9.54925559340455,8.66007773992916,9.10466666666686,0.873378620151382,59.8100604463213,8.7982880000001,9.08353272708892,2.44247155126318,1.92834448035182
"3776418","2020-05-07",12.6463341257408,0.893203883495146,0.861564415065759,0.781277972870622,9.57279779615285,8.7224688705142,9.14763333333352,0.922228766431164,60.7286883432182,8.8718880000001,9.1350616968104,2.5549636313617,2.0536683105538
"3776417","2020-05-08",13.0389889151166,0.929824561403509,0.912640687306645,0.8479028828239,9.64928246090934,8.70090420575771,9.17509333333352,0.98669750790453,62.8617582303446,8.9518880000001,9.19838680390234,2.73271156102586,2.18947696064821
"3776416","2020-05-11",13.9191533775758,0.82532751091703,0.882785318605229,0.885663473659212,9.73793229353516,8.66058770646522,9.19926000000019,1.0266714786303,64.2076766155596,9.0338880000001,9.26526856338203,2.91466169549677,2.33451390761792
"3776415","2020-05-12",14.9000239635243,0.747663551401868,0.834271874574137,0.876565960162005,9.82608198745984,8.6321046792072,9.22909333333352,0.969780005691524,64.2076766155596,9.1002880000001,9.3232327549311,3.02025267284594,2.47166166066352
"3776414","2020-05-13",15.0243000242754,0.534653465346534,0.702548175888479,0.806535123022616,9.86884062732361,8.64834603934344,9.25859333333352,0.785190394747412,58.7228677745138,9.1438880000001,9.34680172094028,2.89587842008801,2.55650501254842
"3776413","2020-05-14",14.1763597211889,0.0108695652173911,0.431062193988599,0.655960748150406,9.86699245794951,8.67000754205087,9.26850000000019,0.428849005918411,48.838588476889,9.1650480000001,9.30856149148158,2.39004206677225,2.52321242339319
"3776412","2020-05-15",13.3889865826087,0.164835164835165,0.236786065133031,0.456798811670038,9.87044945599867,8.68121721066838,9.27583333333352,0.492291945746636,51.8161614452021,9.1748000000001,9.29541995928404,2.09488200903938,2.43754634052242
"3776411","2020-05-18",12.9749996579067,0.406593406593406,0.194099378881989,0.287315879334541,9.88411011800098,8.7248898819994,9.30450000000019,0.668647849587354,55.8725951911855,9.1840000000001,9.31336396471283,2.02832170865219,2.35570141414838
"3776410","2020-05-19",12.5905832278264,0.43956043956044,0.336996336996338,0.255960593670454,9.85033120790119,8.84400212543252,9.34716666666685,0.661809229376232,56.4114829803043,9.1976000000001,9.33291543608445,1.978262594696,2.2802136502579
"3776409","2020-05-20",12.412667884302,0.604395604395603,0.483516483516484,0.338204066464938,9.84528133038337,8.92871866961701,9.38700000000019,0.765120989978614,59.1009014303001,9.2272000000001,9.36986004460653,2.04367147111513,2.23290521442935
"3776408","2020-05-21",12.4297215702273,0.637362637362637,0.560439560439561,0.460317460317463,9.8515183633847,8.99381496994901,9.42266666666685,0.788366975374093,59.6372921554357,9.2566000000001,9.40587870532566,2.09574854541832,2.20547388062714
"3776407","2020-05-22",12.4771809948369,0.637362637362637,0.626373626373627,0.556776556776559,9.85217606610637,9.06015726722734,9.45616666666685,0.774193828446803,59.6372921554357,9.2818000000001,9.4370948779489,2.11144258062224,2.18666762062616
"3776406","2020-05-26",13.0198467414298,0.824175824175824,0.699633699633701,0.628815628815631,9.88983162124039,9.09483504542666,9.49233333333352,0.937318445441881,62.8401557433174,9.3202000000001,9.48681556088905,2.24153790539836,2.1976416775806
"3776405","2020-05-27",13.8441966211127,0.863157894736843,0.774898785425103,0.700302037144145,9.95089769426678,9.09843563906693,9.52466666666685,0.967664999555922,64.1032818036982,9.3734000000001,9.53924015277051,2.37423868354909,2.2329610787743
"3776404","2020-05-28",14.9946086325777,0.862385321100917,0.849906346671196,0.774812943910001,10.0360858227308,9.07924751060296,9.55766666666686,1.01454182707035,66.2229248919278,9.4232000000001,9.60067479906778,2.54835992374056,2.29604084776755
"3776403","2020-05-29",16.2481891432483,0.862068965517241,0.862537393785002,0.829114175293768,10.1219112811518,9.06842205218192,9.59516666666686,0.991857583748768,67.2637821697738,9.4696000000001,9.66191815919207,2.70210225370218,2.37725312895448
"3776402","2020-06-01",17.8148422229617,0.810606060606061,0.845020115741408,0.85248795206587,10.2134182619963,9.06858173800406,9.64100000000019,0.999925815903666,68.483984694798,9.5164000000001,9.7243290712998,2.84599383202326,2.47100126956823
"3776401","2020-06-02",19.5725999301267,0.923501033769815,0.865392019964374,0.857649843163596,10.3331998046928,9.07450019530755,9.70385000000019,1.08246621714442,72.709379004437,9.5704000000001,9.81441852845983,3.14220459463317,2.60524193458122
"3776400","2020-06-03",21.7553882012533,0.889855072463768,0.874654055613216,0.861688730439667,10.4996459702014,9.04155402979895,9.77060000000019,1.10883220648494,75.2864511951209,9.6250000000001,9.91849605799852,3.48883365550494,2.78196027876597
"3776399","2020-06-04",23.6430278137793,0.863492063492064,0.892282723241884,0.877442932939826,10.6278067937029,9.03105987296412,9.82943333333352,0.990935657879395,74.3175166583846,9.6742000000001,10.0053632502654,3.69310873908868,2.96418997083051
"3776398","2020-06-05",25.7513793224208,0.917808219178082,0.890385118377973,0.885773965744359,10.7844763609503,9.0047236390501,9.89460000000019,1.01434111533341,76.8809512536466,9.7326000000001,10.1073148168967,3.96269018477327,3.16389001361906
"3776397","2020-06-08",27.8319677363523,0.96,0.913766760890049,0.89881153416997,10.9448668666691,8.97266646666462,9.95876666666686,0.987391308373614,78.3907626712661,9.7986000000001,10.2130061746438,4.22237981961469,3.37558797481819
"3776396","2020-06-09",29.6403673956003,0.940740740740741,0.939516319972942,0.914556066413656,11.0781434140025,8.9527232526645,10.0154333333335,0.916184377450153,77.5516598737577,9.8686000000001,10.3019386846913,4.35448829532121,3.57136803891879
"3776395","2020-06-10",31.1895653286422,0.924242424242423,0.941661054994389,0.931648045285795,11.1929581877973,8.94790847886976,10.0704333333335,0.865055020121576,76.6678713294573,9.9318000000001,10.3763468600658,4.38731923514706,3.73455827816444
"3776394","2020-06-11",29.3167893140271,0.401515151515151,0.755499438832773,0.878892271266703,11.2120745000503,8.99949216661675,10.1057833333335,0.593955072402003,53.862116040731,9.9622000000001,10.3488339453903,3.83203274301813,3.75405317113518
"3776393","2020-06-12",28.2194505616705,0,0.441919191919193,0.713026561915453,11.1698686984727,9.11586463486101,10.1428666666669,0.393930751877984,44.3834803144052,9.9718000000001,10.263656086005,2.99825129413052,3.60289279573425
"3776392","2020-06-15",27.6789313078609,0,0.133838383838385,0.443752338196785,11.1337824853196,9.19428418134741,10.1640333333335,0.25558971494707,41.0047506512997,9.9678000000001,10.163168607871,2.15215602449568,3.31274544148653
"3776391","2020-06-16",26.3301161423213,0.344827586206896,0.114942528735634,0.230233368164405,11.1159931992227,9.27307346744438,10.1945333333335,0.454130756822515,51.039425171467,9.9802000000001,10.1427461268215,1.85575545009509,3.02134744320825
"3776390","2020-06-17",25.0461415191132,0.406896551724138,0.250574712643679,0.166451875072567,11.0943376892593,9.36106231074104,10.2277000000002,0.468633566633056,52.6022181652066,9.9962000000001,10.1370466432453,1.67332739549608,2.75174343366581
"3776389","2020-06-18",23.8538793689915,0.424137931034483,0.391954022988507,0.252490421455941,11.0779210913068,9.43214557536029,10.2550333333335,0.452383137367437,53.0505173417881,10.0212000000001,10.1354404241459,1.53106657704389,2.50760806234143
"3776388","2020-06-19",22.5001761672747,0.475862068965517,0.435632183908047,0.359386973180079,11.0620645209404,9.5060021457267,10.2840333333335,0.478128554564624,54.4426303849152,10.0668000000001,10.1440483675931,1.46119344827271,2.29832513952769
"3776387","2020-06-22",21.5605795089672,0.406896551724138,0.435632183908047,0.421072796934868,11.0373577320672,9.57920893459984,10.3082833333335,0.397164130121263,52.2193287058909,10.1024000000001,10.1381752519141,1.31101584666065,2.10086328095428
"3776386","2020-06-23",20.4822133615213,0.482758620689656,0.455172413793105,0.442145593869734,11.0264041061927,9.63112256047434,10.3287633333335,0.443263541629681,54.4241405427832,10.1336000000001,10.1477518849922,1.26500865524892,1.93369235581321
"3776385","2020-06-24",20.1473480424369,0.337931034482759,0.409195402298852,0.433333333333336,11.01929410488,9.65356589512036,10.3364300000002,0.3097986616391,49.7082962650539,10.1552000000001,10.1280516336599,1.0491844716136,1.75679077897329
"3776384","2020-06-25",20.6134233965444,0.137931034482759,0.319540229885059,0.394636015325673,11.0324404332251,9.61908623344199,10.3257633333335,0.153946146873923,44.0339144250871,10.1592000000001,10.0723114158386,0.63866009082949,1.53316464134453
"3776383","2020-06-26",21.0462076539299,0.256944444444445,0.244268837803323,0.324334823329079,11.0377301466675,9.59712985333292,10.3174300000002,0.242632751743149,47.7960032047567,10.1688000000001,10.0466698937268,0.443819313801908,1.315295575836
"3776382","2020-06-29",21.4749997682217,0.25,0.214958492975736,0.259589186888041,11.0424477581522,9.56341224184815,10.3029300000002,0.243348511592595,47.5933348199673,10.1780000000001,10.0231139078965,0.277926923665639,1.10782184540193
"3776381","2020-06-30",20.9281402923962,0.531622364802933,0.346188936415794,0.268472089064952,11.0281602041823,9.54799979581809,10.2880800000002,0.399956789032184,52.3775782164089,10.1892000000001,10.0320320535103,0.32000633661815,0.950258743645174
"3776380","2020-07-01",19.7073860349789,0.791208791208792,0.52427705200391,0.361808160465148,10.990228828397,9.54943117160334,10.2698300000002,0.516312723179636,55.1815498374663,10.2032000000001,10.0584277797089,0.460462189711985,0.852299432858536
"3776379","2020-07-02",18.4649206637522,0.835048543689322,0.719293233233684,0.52991974055113,10.9675722025054,9.55342779749499,10.2605000000002,0.617550465669679,57.8557577489552,10.2180040000001,10.0999840757478,0.675555639411196,0.816950674169068
"3776378","2020-07-06",17.5268686823385,0.876404494382023,0.834220609760047,0.692596964999215,10.9193320039612,9.57333466270581,10.2463333333335,0.708271832893574,60.0525698496762,10.2352040000001,10.1519861989814,0.929528149207659,0.839466169176787
"3776377","2020-07-07",16.7300227800401,0.923076923076925,0.878176653716091,0.810563498903275,10.8473412304978,9.61065876950255,10.2290000000002,0.778433101619333,61.1440820307383,10.2520040000001,10.2050547057839,1.16310643640711,0.904194222622852
"3776376","2020-07-08",16.2290125344126,0.914773311401254,0.904751576286735,0.872382946587626,10.7839704493579,9.64677288397578,10.2153716666669,0.862348354595715,62.0704430797965,10.2599960000001,10.2576874116794,1.36976572682184,0.997308523462649
"3776375","2020-07-09",15.6230634202957,0.859999999999999,0.899283411492727,0.894070547165186,10.7152615425001,9.6881484575003,10.2017050000002,0.904007769666923,61.1312433776744,10.2589960000001,10.2993290901221,1.49125638399137,1.09609809556839
"3776374","2020-07-10",15.1028826444301,0.89108910891089,0.888620806770716,0.897551931516727,10.765824201275,9.67088579872541,10.2183550000002,0.891174211872699,61.9632090006361,10.2605960000001,10.3407518781058,1.59907552962979,1.19669358238067
"3776373","2020-07-13",15.0844284678575,0.892857142857143,0.881315417256012,0.889739878506486,10.8360025419315,9.68320745806889,10.2596050000002,0.925396505297953,64.0357378294854,10.2581960000001,10.3899849610251,1.74082104211428,1.30551907432739
"3776372","2020-07-14",14.4765028741447,0.598214285714286,0.794053512494108,0.854663245506947,10.812980677842,9.77922932215836,10.2961050000002,0.619849903285375,53.6474411266975,10.2373960000001,10.3886536328884,1.57804331571785,1.36002392260549
"3776371","2020-07-15",13.5585703253098,0.616071428571429,0.702380952380954,0.792583294043693,10.8277847023849,9.79942529761546,10.3136050000002,0.642357817044161,54.1330897389493,10.2181960000001,10.3901664818366,1.44790162804094,1.37759946369258
"3776370","2020-07-16",12.7929538967826,0.531250000000001,0.58184523809524,0.692759900990102,10.836772584131,9.81377074920271,10.3252716666669,0.579564862173995,53.5291089357931,10.1989960000001,10.3888109509251,1.31410502564817,1.36490057608369
"3776369","2020-07-17",11.9126221896646,0.552083333333334,0.566468253968256,0.616898148148151,10.8472139704368,9.8293293628969,10.3382716666669,0.596666163601414,54.0808544374982,10.2081960000001,10.390302824135,1.20967146633306,1.33385475413357
"3776368","2020-07-20",11.0951713187692,0.432432432432433,0.505255255255257,0.551189582439586,10.8568616605776,9.83868167275615,10.3477716666669,0.590581561645584,54.3725559159903,10.2361960000001,10.3929291142504,1.12173405627742,1.29143061456234
"3776367","2020-07-21",10.8297558569363,0.45,0.478171921921923,0.516631810381813,10.8739422238972,9.85910110943646,10.3665216666669,0.664372200031639,57.0189185937843,10.2757960000001,10.4072052323503,1.10902330009941,1.25494915166975
"3776366","2020-07-22",10.5832986423773,0.369428136551421,0.417286856327953,0.466904677835046,10.8931823304441,9.87090100288959,10.3820416666669,0.674079608554379,58.1798614773289,10.2969960000001,10.4249112013703,1.11683099240465,1.22732551981673
"3776365","2020-07-23",10.2328729635506,0.311111111111109,0.376846415887511,0.42410173137913,10.900995038549,9.90975496145139,10.4053750000002,0.639177517657574,57.3458156054628,10.3137960000001,10.4375897078542,1.09468267587702,1.20079695102879
"3776364","2020-07-24",10.2356844588319,0.317777777777776,0.332772341813437,0.375635204676302,10.8669685049159,10.0166481617511,10.4418083333335,0.64526878133958,57.4443641649608,10.3297160000001,10.448977746807,1.06698843780881,1.1740352483848
"3776363","2020-07-27",10.6709746540444,0.555555555555556,0.394814814814815,0.368144524171922,10.8471151351495,10.1082615315175,10.4776883333335,0.752524089232259,60.9130695224699,10.3469160000001,10.4731140472327,1.1144985092052,1.16212790054888
"3776362","2020-07-28",11.1127184129299,0.6,0.491111111111112,0.406232755913123,10.7938646679161,10.2371786654176,10.5155216666669,0.795459797075795,61.5440340629886,10.3689160000001,10.496698840935,1.15377605787261,1.16045753201362
"3776361","2020-07-29",11.5229090461807,0.688888888888887,0.614814814814816,0.500246913580249,10.7732546614405,10.3135953385599,10.5434250000002,0.83642669466018,62.8361709352827,10.3881160000001,10.5224723288104,1.20128679852651,1.1686233853162
"3776360","2020-07-30",10.9999781241414,0.422222222222222,0.570370370370371,0.558765432098768,10.7613621842472,10.3586544824198,10.5600083333335,0.661386699016583,56.6829414516091,10.4109160000001,10.5288093516357,1.13357286695335,1.16161328164363
"3776359","2020-07-31",10.9209431235711,0.711666666666666,0.607592592592593,0.597592592592595,10.7776320787695,10.3716379212308,10.5746350000002,0.856240758594403,60.466416701004,10.4496720000001,10.5488214380842,1.14989207692895,1.15926904070069
"3776358","2020-08-03",11.3173910363698,0.840199999999999,0.65802962962963,0.611997530864199,10.8188935092353,10.3603831574317,10.5896383333335,1.01709846695314,64.2128536806508,10.4864760000001,10.5823252463397,1.2406011011058,1.17553545278172
"3776357","2020-08-04",12.2675413290865,0.836065573770492,0.795977413479054,0.687199878567094,10.8783398002871,10.3359368663799,10.6071383333335,1.08295223022139,66.7312845769272,10.5272760000001,10.6233485468277,1.36423920166675,1.21327620255872
"3776356","2020-08-05",13.2007597437133,0.933333333333335,0.869866302367943,0.774624448492211,10.9392207946114,10.3096458720556,10.6244333333335,1.05418344584541,68.585080620228,10.5620760000001,10.6682354072507,1.49676722797356,1.26997440764169
"3776355","2020-08-06",14.3258277667163,0.875,0.881466302367944,0.849103339404982,10.9974765686092,10.2893900980579,10.6434333333335,0.99885621039777,68.8520991166896,10.5916760000001,10.7084706862839,1.58970611679983,1.33392074947332
"3776354","2020-08-07",15.8502521642865,0.830769230769229,0.879700854700856,0.877011153145582,11.0662234351025,10.2636432315645,10.6649333333335,1.01301207221173,70.7277184216336,10.6184720000001,10.7526745947794,1.69520321261842,1.40617724210234
"3776353","2020-08-10",17.8389948646977,0.857142857142858,0.85430402930403,0.871823728790944,11.1554824997319,10.2210508336018,10.6882666666669,1.06547741172788,74.0883825637316,10.6460720000001,10.8096513154755,1.86047150989392,1.49703609566066
"3776352","2020-08-11",20.0693569242347,0.829639731787703,0.839183939899931,0.857729607968274,11.2528312286717,10.2116987713286,10.7322650000002,1.04527323844576,75.5969585273122,10.6740720000001,10.8683644734121,2.01805362322729,1.60123960117398
"3776351","2020-08-12",22.3031747434319,0.892125134843582,0.859635907924715,0.851041292376227,11.3549870437797,10.201876289554,10.7784316666669,1.02458245181542,77.603039200605,10.7040800000001,10.9325825436238,2.18923475208463,1.71883863135611
"3776350","2020-08-13",23.0146631830879,0.715909090909091,0.812557985846793,0.837125944557148,11.4013269976898,10.2377030023106,10.8195150000002,0.851331989505706,68.5058350124674,10.7292800000001,10.968238204474,2.18723246086003,1.8125173972569
"3776349","2020-08-14",23.5073596893793,0.693181818181818,0.767072014644831,0.813088636138781,11.433590782621,10.2814392173793,10.8575150000002,0.79436375985423,67.371788906213,10.7520800000001,10.9964731105441,2.14536670089998,1.87908725798551
"3776348","2020-08-17",22.2903139643401,0.431818181818181,0.613636363636365,0.731088788042664,11.4360041309252,10.3396925357419,10.8878483333335,0.644866052708852,55.9095015557513,10.7616800000001,10.9902766958049,1.92114409888868,1.88749862616615
"3776347","2020-08-18",21.1602000768037,0.511363636363636,0.545454545454547,0.642054307911915,11.4415527609911,10.3864739056759,10.9140133333335,0.635174730572341,58.2382713888367,10.7872800000001,10.9942398030309,1.77439791021201,1.86487848297532
"3776346","2020-08-19",19.974880815361,0.416418104007262,0.453199974063028,0.537430294384647,11.440644154037,10.4337158459634,10.9371800000002,0.585560543528635,57.3069375185286,10.8112800000001,10.9950078292935,1.62469656746067,1.81684209987239
"3776345","2020-08-20",19.2721767109443,0.0460070780120013,0.324596272794301,0.441083597437293,11.4252868503656,10.4834064829681,10.9543466666669,0.428143740603499,49.9892016224761,10.8292800000001,10.9730067853877,1.36555290369238,1.72658426063639
"3776344","2020-08-21",18.6196657568431,0.0322580645161284,0.164894415511799,0.31423022078971,11.4078717580661,10.5326215752676,10.9702466666669,0.400698868687326,50.7854143609912,10.8472800000001,10.9566058806693,1.16149824767602,1.61356705804431
"3776343","2020-08-24",17.9390165558615,0.0806451612903238,0.0529701012728191,0.180820263192974,11.3983136274951,10.5664197058386,10.9823666666669,0.409002821117559,52.0193912612079,10.8660800000001,10.9463917632467,1.01026287030415,1.49290622049628
"3776342","2020-08-25",17.0006008334085,0.0483870967741926,0.0537634408602162,0.090542652548279,11.3878561546169,10.5995438453835,10.9937000000002,0.389595364281251,51.0995275086593,10.8804800000001,10.9348728614805,0.865695656419008,1.36746410768083
"3776341","2020-08-26",16.2870823763226,0.212903225806451,0.113978494623657,0.0735706789188986,11.379617591374,10.6394424086263,11.0095300000002,0.506939798558785,55.4283684757916,10.8973600000001,10.9384898132831,0.817018919300327,1.25737507000473
"3776340","2020-08-27",16.0637363447231,0.435483870967742,0.23225806451613,0.133333333333335,11.36302459674,10.7065354032604,11.0347800000002,0.645044276349943,60.5204398150033,10.9205600000001,10.9600245048454,0.870067543928488,1.17991356478948
"3776339","2020-08-28",16.3231685496507,0.580483870967742,0.40962365591398,0.251953405017923,11.3629173059022,10.7563760274315,11.0596466666669,0.758767768829975,63.4499137781835,10.9472360000001,10.990674570866,0.966653941196149,1.13726164007081
"3776338","2020-08-31",16.7874662571396,0.580645161290322,0.53220430107527,0.391362007168461,11.3718736369775,10.7877463630228,11.0798100000002,0.757118622424497,63.4531623474569,10.9696360000001,11.0172512947505,1.03079586880059,1.11596848581677
"3776337","2020-09-01",17.5448884671377,0.833333333333333,0.664820788530467,0.535549581839907,11.3983197941574,10.7999668725096,11.0991433333335,0.852395148478272,66.3517927899683,10.9948360000001,11.0522844554504,1.13378495958396,1.11953178057021
"3776336","2020-09-02",18.9610817816833,0.742028985507248,0.718669160043636,0.638564749883125,11.4411253707453,10.7999612959217,11.1205433333335,0.937937824381463,68.2216492237327,11.0209160000001,11.0909131947237,1.2453735924258,1.14470014294133
"3776335","2020-09-03",19.3787677753436,0.594202898550725,0.723188405797103,0.702226118123736,11.461670550023,10.8107727833107,11.1362216666669,0.76734101047144,62.1068910186335,11.0477160000001,11.1107914354272,1.24461430560261,1.16468297547358
"3776334","2020-09-04",18.0114581940056,0.217391304347827,0.517874396135268,0.653243987325337,11.4624403632489,10.8133363034181,11.1378883333335,0.45703565104679,49.8432079131323,11.0597600000001,11.0933525773703,1.04302682426347,1.14035174523156
"3776333","2020-09-08",16.7418135827632,0.260869565217391,0.357487922705315,0.532850241545897,11.4541663109837,10.8056103556833,11.1298883333335,0.387100463624697,51.0444098142096,11.0681560000001,11.0822389003876,0.894776617241955,1.09123671963364
"3776332","2020-09-09",16.7951853320221,0.44913043478261,0.30913043478261,0.394830917874399,11.443946322596,10.8081603440711,11.1260533333335,0.652902606563758,55.9623472647357,11.0781520000001,11.0899270470026,0.861929669243544,1.04537530955562
"3776331","2020-09-10",17.02561415239,0.537313432835823,0.415771144278609,0.360796500588846,11.4254569706614,10.8166463626723,11.1210516666669,0.766500503118807,58.3915079153733,11.0881520000001,11.1059367740689,0.876663342265993,1.0116329160977
"3776330","2020-09-11",16.7068038920068,0.409090909090911,0.465178258903116,0.396693279321446,11.4212885999934,10.8169814000069,11.1191350000002,0.617266516105379,54.684264498383,11.0945520000001,11.109145204193,0.820631720373255,0.973432676952807
"3776329","2020-09-14",16.2784532485832,0.378787878787879,0.441730740238205,0.440893381139978,11.417484045975,10.816452620692,11.1169683333335,0.560504323850766,53.7652387427839,11.0973520000001,11.1092591769673,0.753007180484078,0.929347577659061
"3776328","2020-09-15",15.4188380621268,0.139784946236558,0.309221244705117,0.405376747948814,11.4185503209525,10.8207196790479,11.1196350000002,0.467156250242324,50.5623261927416,11.0917520000001,11.1000246200383,0.641166322499487,0.871711326627146
"3776327","2020-09-16",14.3622869908956,0.0370370370370363,0.185203287353825,0.312051757432384,11.4185637543017,10.8180429123653,11.1183033333335,0.352955422748056,48.7742709842098,11.0817520000001,11.0866880040332,0.517461623101334,0.800861385921984
"3776326","2020-09-17",14.1749368630543,0,0.0589406610911991,0.184455064383382,11.4253408277421,10.798265838925,11.1118033333335,0.151604666273978,42.6791099648206,11.0617520000001,11.0551296034955,0.306440441034184,0.701977196944424
"3776325","2020-09-18",13.8300638572193,0.0746268656716429,0.037221300902894,0.0937884164493073,11.4214653596394,10.8069679736943,11.1142166666669,0.208243944670674,45.1401161690034,11.0497520000001,11.0344456563627,0.173458316258479,0.596273420807235
"3776324","2020-09-21",14.5676633955318,0,0.0248756218905486,0.0403458612948817,11.4388038042404,10.7766295290933,11.1077166666669,-0.0351813663476447,37.7996798028112,11.0301520000001,10.9885195688477,-0.085236387064247,0.459971459232939
"3776323","2020-09-22",15.0351512329287,0.132530120481929,0.0690523287178583,0.0437164171704348,11.4450672096717,10.7633661236621,11.1042166666669,0.107525929632424,43.0259777002694,11.0241520000001,10.9633836263347,-0.207628141960348,0.326451538994281
"3776322","2020-09-23",15.7962472936492,0.0525831471013552,0.0617044225277624,0.0518774577120576,11.453725494766,10.7450845052343,11.0994050000002,0.0922171156683685,40.6833244402541,11.0125520000001,10.93226580949,-0.352537515618723,0.190653728071681
"3776321","2020-09-24",17.0927041290771,0,0.0617044225277624,0.0641537245911289,11.4865561020609,10.6749138979395,11.0807350000002,-0.0414557438018145,36.4131097166033,10.9961520000001,10.8866303682247,-0.56512896246711,0.0394971899639226
"3776320","2020-09-25",18.2965569048317,0,0.0175277157004527,0.0469788535853271,11.5060209109214,10.6051157557456,11.0555683333335,0.0239213981596256,36.4131097166033,10.9865520000001,10.8470796524614,-0.726228016308261,-0.113647851290514
"3776319","2020-09-28",17.7434900702939,0.250029765448269,0.0833432551494238,0.0541917977925475,11.4900471573992,10.5837595092678,11.0369033333335,0.286377610096872,46.2311470107719,10.9845520000001,10.8408023654666,-0.689980288214831,-0.228914338675378
"3776318","2020-09-29",16.9791028847569,0.370044052863437,0.206691272770569,0.102520747873483,11.4682512783947,10.574942054939,11.0215966666669,0.390597793648521,50.2054826316611,10.9853840000001,10.848802050071,-0.579492962238348,-0.299030063387972
"3776317","2020-09-30",16.1815295577372,0.472222222222222,0.364098680177977,0.218044402699324,11.4325534508845,10.5793065491159,11.0059300000002,0.48914343162065,51.3278153149107,10.9881840000001,10.8596284433949,-0.464857772533334,-0.332195605217044
"3776316","2020-10-01",15.8624790402608,0.723076923076924,0.521781066054195,0.364190339667581,11.3814070956535,10.6014095710135,10.9914083333335,0.653194930614221,56.0746143966764,10.9921040000001,10.8863446509422,-0.274391756029124,-0.32063483537946
"3776315","2020-10-02",15.1535802763236,0.380952380952381,0.525417175417176,0.47043230721645,11.3343573550687,10.6101026449317,10.9722300000002,0.437089351721434,47.2876834133811,10.9813040000001,10.8788320308166,-0.290771232122178,-0.314662114728004
"3776314","2020-10-05",14.0724566456823,0.790107595953109,0.631378966660805,0.55952573604406,11.3358189567079,10.6097743766258,10.9727966666669,0.704583397137509,55.513140739338,10.9769880000001,10.9059210933744,-0.115674377388852,-0.274864567260173
"3776313","2020-10-06",13.3745356155519,0.686567164179106,0.619209047028199,0.592001729702062,11.3429401729903,10.6089864936768,10.9759633333335,0.696247625328634,54.3532748208001,10.9713880000001,10.9251316142578,-0.000828862086832416,-0.220057426225505
"3776312","2020-10-07",12.7264660875738,0.761194029850746,0.745956263327654,0.665514759005554,11.328747222419,10.614519444248,10.9716333333335,0.731065408511222,55.9035897671309,10.9641880000001,10.9484473990234,0.125432785922852,-0.150959383795834
"3776311","2020-10-08",12.1812762005668,0.850746268656717,0.766169154228857,0.710444821528238,11.3080524843287,10.6248841823383,10.9664683333335,0.812560852200489,57.7576519202882,10.9569080000001,10.976654412487,0.266279921779411,-0.0675115226807848
"3776310","2020-10-09",11.7937858068878,0.87313432835821,0.828358208955225,0.780161208837247,11.3092695645785,10.6243337687552,10.9668016666669,0.835600798500448,58.2304821199285,10.9543080000001,11.003100490822,0.384095212696867,0.0228098243947454
"3776309","2020-10-12",11.8465150670972,0.875,0.86629353233831,0.820273631840799,11.3269830875457,10.6162869124547,10.9716350000002,0.891679327617313,59.6882706339166,10.9639080000001,11.0320204253791,0.504205028685778,0.119088865252952
"3776308","2020-10-13",11.8954779515772,0.930555555555555,0.892896627971256,0.862516123088265,11.3563320068908,10.6046046597762,10.9804683333335,0.894023623684906,60.9915163066708,10.9739080000001,11.0624177019952,0.620970012687816,0.219465094739925
"3776307","2020-10-14",11.6311607938112,0.624999999999998,0.810185185185185,0.856458448498252,11.3601151922665,10.6051581410672,10.9826366666669,0.620179021913475,51.1893541094873,10.9699120000001,11.0594286750625,0.546593849110288,0.284890845613997
"3776306","2020-10-15",11.6139858086848,0.392156862745097,0.649237472766884,0.78410642864111,11.3647125763783,10.6135607569554,10.9891366666669,0.545525639134786,49.6276520724149,10.9615120000001,11.0515048517209,0.45325382258341,0.31856344100788
"3776305","2020-10-16",11.987687911517,0.208333333333332,0.408496732026144,0.622639796659406,11.3658295864345,10.6161170802326,10.9909733333335,0.474247906354583,46.9293780181703,10.9535120000001,11.0353042048247,0.324391283259695,0.319729009458243
"3776304","2020-10-19",12.8485822790725,0,0.200163398692811,0.419299201161947,11.3601880206218,10.6332053127119,10.9966966666669,0.322696378793611,43.3068976122139,10.9423120000001,11.0079303108481,0.147230565292666,0.285229320625128
"3776303","2020-10-20",13.5130346058729,0,0.0694444444444451,0.226034858387801,11.359132692971,10.6379273070294,10.9985300000002,0.326406362033193,43.3068976122139,10.9339120000001,10.9842062694017,0.00645758882813485,0.229474974265729
"3776302","2020-10-21",14.1300260521875,0.0416666666666657,0.0138888888888896,0.094498910675383,11.3566437196955,10.6470396136382,11.0018416666669,0.323598822312785,44.304101185603,10.9279120000001,10.9663121001481,-0.0895844187914774,0.165663095654288
"3776301","2020-10-22",14.7614966645548,0.0208333333333329,0.0208333333333338,0.034722222222224,11.3343790169114,10.6911776497556,11.0127783333335,0.262472001561359,43.8884220207618,10.9275120000001,10.9494704867951,-0.171237221013654,0.0982830323206995
"3776300","2020-10-23",14.1444967746484,0.0416666666666657,0.0347222222222224,0.0231481481481498,11.3005465577795,10.7536767755542,11.0271116666669,0.291946205419244,44.4497094871036,10.9255120000001,10.9362077552224,-0.226089156864884,0.0334085944835829
"3776299","2020-10-26",13.8427983219558,0,0.0208333333333338,0.0254629629629646,11.2987469175911,10.7578130824093,11.0282800000002,0.201232714941533,42.6134898021775,10.9303120000001,10.9193800545261,-0.295805304560404,-0.0324341853252144
"3776298","2020-10-27",13.0961909354323,0.18,0.0738888888888895,0.0431481481481498,11.2983123543784,10.7604609789553,11.0293866666669,0.344963366317941,47.8350655162194,10.9343120000001,10.9167960472559,-0.281353473558033,-0.082218042971778
"3776297","2020-10-28",13.8474176888096,0,0.0600000000000009,0.0515740740740759,11.3168525279366,10.7139208053971,11.0153866666669,0.00455418278208664,37.9251041321104,10.9315120000001,10.8825565742885,-0.44260828254179,-0.15429609088578
"3776296","2020-10-29",13.6606400045349,0.0461538461538451,0.0753846153846159,0.0697578347578366,11.3138989235158,10.6834010764845,10.9986500000002,0.14713070095151,39.6092915171931,10.9355120000001,10.8568823643833,-0.542409078658246,-0.231918688440273
"3776295","2020-10-30",13.4872035834226,0.076923076923078,0.041025641025642,0.0588034188034208,11.3205785030294,10.660721496971,10.9906500000002,0.160557770430535,40.7631688780742,10.9403120000001,10.8372980491322,-0.600027374522738,-0.305540425656766
"3776294","2020-11-02",14.7670209924795,0,0.041025641025642,0.0524786324786345,11.3364714924166,10.5883618409171,10.9624166666669,-0.0423670169030964,31.1490366639537,10.9247120000001,10.7803249759146,-0.860380903275448,-0.416508521180503
"3776293","2020-11-03",15.955422872318,0.363636363636364,0.146853146853148,0.0763014763014786,11.3252854089251,10.5568812577419,10.9410833333335,0.177578524766295,42.7766393203333,10.9146800000001,10.7629483124593,-0.877816045584856,-0.508770026061373
"3776292","2020-11-04",15.5970392913312,0.651162790697675,0.338266384778014,0.175381724218936,11.3025635650311,10.5542697683026,10.9284166666669,0.439751828051193,49.6452173146948,10.9106800000001,10.7718885374647,-0.748080256483219,-0.556632072145743
"3776291","2020-11-05",14.679303036602,0.568632636868553,0.527810597067532,0.337643376232899,11.2730481922396,10.5606584744275,10.9168533333335,0.544750786265871,50.004253901216,10.9018800000001,10.7809700658028,-0.630500753367635,-0.571405808390121
"3776290","2020-11-06",13.8271193714963,0.714096799788415,0.644630742451549,0.503569241432366,11.2423547700286,10.5720185633051,10.9071866666669,0.643430513975115,53.8982272467715,10.9066800000001,10.8035073903624,-0.449887708822416,-0.54710218847658
"3776289","2020-11-09",14.2076687360252,0.726497526055374,0.669742320904115,0.614061220141066,11.2271608518659,10.5808824814678,10.9040216666669,0.937394080137656,58.6328776962957,10.9074040000001,10.8430530716474,-0.192895046127073,-0.476260760006679
"3776288","2020-11-10",14.5610360030877,0.800084219391515,0.746892848411769,0.687088637255812,11.2077794472858,10.5929305527145,10.9003550000002,0.992768769706248,60.6591384341267,10.9122040000001,10.8866459954278,0.0612360183224858,-0.368761404340846
"3776287","2020-11-11",15.0216815695422,0.831666491209601,0.786082745552164,0.734239304956018,11.240681791606,10.576024875061,10.9083533333335,0.988943982843229,61.5300820525589,10.9162040000001,10.9284265293707,0.280713230892604,-0.238866477294156
"3776286","2020-11-12",15.3788010179264,0.821139067270239,0.817629925957119,0.783535173307019,11.2750613430246,10.5616453236424,10.9183533333335,0.927492503271697,61.0449506912147,10.9174040000001,10.9633029921213,0.441420310918628,-0.102809119651599
"3776285","2020-11-13",14.5948975556757,0.642172860301084,0.764992806260309,0.789568492589866,11.2845883695217,10.561284963812,10.9229366666669,0.694104805200998,53.3448259071767,10.9112040000001,10.9708625931718,0.438386827146875,0.00543006970809568
"3776284","2020-11-16",13.8669871978715,0.673755132119171,0.712355686563499,0.764992806260311,11.3000873404109,10.5666726595895,10.9333800000002,0.695369237095166,54.4370625637922,10.9044040000001,10.9814142474156,0.45275859549192,0.0948957748648605
"3776283","2020-11-17",12.9390172722022,0.610590588482999,0.642172860301086,0.706507117708299,11.3085027325823,10.5732572674181,10.9408800000002,0.612143953604312,51.8239270522409,10.8936040000001,10.9825590144268,0.415268295073212,0.158970278906531
"3776282","2020-11-18",12.2948645245108,0.694809979997895,0.65971856686669,0.671415704577093,11.3240811056528,10.5795122276809,10.9517966666669,0.692330538610747,54.9304454837209,10.8948040000001,10.9942178125032,0.439196293230792,0.215015481771383
"3776281","2020-11-19",11.628253980447,0.684282556058533,0.66322770817981,0.65503971178253,11.3373419499846,10.5889180500158,10.9631300000002,0.665062428754131,54.4577332999892,10.8972040000001,11.0029887708361,0.445617111955254,0.261135807808157
"3776280","2020-11-20",11.0092584752449,0.577546133258206,0.652212889771546,0.658386388272683,11.3490107425795,10.5945825907542,10.9717966666669,0.652261020114215,54.4577332999892,10.9024040000001,11.010590268058,0.445522239200291,0.298013094086584
"3776279","2020-11-23",10.5078400664552,0.490658614832987,0.584162434716577,0.633201010889312,11.3625236546093,10.6054030120577,10.9839633333335,0.666468406199724,55.7816978574665,10.9128040000001,11.0211782323169,0.462037507515367,0.330817976772341
"3776278","2020-11-24",10.2689938064128,0.48086170417388,0.516355484088359,0.584243602858828,11.3753095261075,10.6100171405595,10.9926633333335,0.666389564395435,55.7816978574665,10.9232040000001,11.030354468008,0.469643431976352,0.358583067813143
"3776277","2020-11-25",10.0472079935163,0.414735301292998,0.462085206766623,0.520867708523854,11.3795249335172,10.6481350664832,11.0138300000002,0.672507175292802,57.2239197044044,10.9340040000001,11.0423072056069,0.491859725174315,0.385238399285377
"3776276","2020-11-27",10.3858731524853,0.48661800486618,0.460738336777687,0.479726342544224,11.3917214445328,10.6779885554676,11.0348550000002,0.726711798132792,59.5896027627949,10.9472040000001,11.059332911526,0.539626251866898,0.416115969801682
"3776275","2020-11-30",10.7762931165476,0.741935483870968,0.54776293001005,0.490195491184788,11.4026728972677,10.7137037693994,11.0581883333335,0.754213132222237,61.8610812759189,10.9620040000001,11.0807551899892,0.606715304018812,0.454235836645108
"3776274","2020-12-01",11.7873010911724,0.833333333333332,0.687295607356828,0.565265624714856,11.3703937592755,10.8213162407248,11.0958550000002,0.890008683227565,64.8407490660904,10.9812040000001,11.1086544979906,0.70235454135037,0.50385957758616
"3776273","2020-12-02",12.8610568431308,0.815789473684214,0.797019430296173,0.677359322554351,11.349497004908,10.9052129950924,11.1273550000002,0.941110481141362,65.2583263354643,10.9972040000001,11.1341672315919,0.77602214800081,0.55829209166909
"3776272","2020-12-03",13.9960626976924,0.849999999999999,0.833040935672516,0.772451991108507,11.3632304162515,10.9381462504155,11.1506883333335,0.968875772576766,66.5421381208979,11.0240040000001,11.1602782673796,0.845957724646063,0.615825218264485
"3776271","2020-12-04",15.6832048696917,0.77,0.811929824561405,0.813996730176699,11.3944969365821,10.9533397300849,11.1739183333335,1.04269769704264,68.4268479895976,11.0514040000001,11.188907831729,0.922780682182744,0.677216311048137
"3776270","2020-12-07",17.8670756777424,0.806451612903227,0.808817204301076,0.817929321511667,11.4560252475065,10.9444780858272,11.2002516666669,1.14460983861314,72.6646525924484,11.0826040000001,11.2290534541652,1.05363937663969,0.752500924166448
"3776269","2020-12-08",20.2421857429271,0.80952380952381,0.795325140809013,0.8053573898905,11.5331381859041,10.9096951474296,11.2214166666669,1.12328602510988,75.1621958350146,11.1290040000001,11.2745129936098,1.19984167682781,0.84196907469872
"3776268","2020-12-09",22.6098048333075,0.850746268656717,0.822240563694586,0.808794302934893,11.610540924566,10.8782924087677,11.2444166666669,1.0720963001335,76.8691650000292,11.1682040000001,11.3219112611285,1.34183773208354,0.941942806175684
"3776267","2020-12-10",24.5409948844394,0.820895522388058,0.82705520018953,0.814873634897711,11.6708849748066,10.8592816918605,11.2650833333335,0.970159918461648,75.0184315018952,11.1994040000001,11.360323092978,1.42258678272706,1.03807160148596
"3776266","2020-12-11",26.4706210028844,0.833333333333334,0.834991708126038,0.828095824003386,11.7306398471029,10.8448601528975,11.2877500000002,0.939067038012592,75.9536577530727,11.2314040000001,11.3976133472476,1.48976818856832,1.12841091890243
"3776265","2020-12-14",26.6348591084116,0.636363636363636,0.763530830695011,0.808525913003527,11.7554158840466,10.8680841159538,11.3117500000002,0.760988439342035,64.6576787562977,11.2538040000001,11.4125982342813,1.43399528484902,1.18952779209175
"3776264","2020-12-15",26.4560747771182,0.571428571428573,0.680375180375182,0.759632573065411,11.7717693351892,10.8953973314779,11.3335833333335,0.705106962840673,62.3530781767228,11.2690000000001,11.4215851363771,1.3528684921678,1.22219593210696
"3776263","2020-12-16",26.4266637560707,0.568965517241379,0.592252575011197,0.678719528693798,11.7811437226408,10.9370229440262,11.3590833333335,0.706427805610711,63.2924222704457,11.2822000000001,11.4320404515268,1.28775633828271,1.23530801334211
"3776262","2020-12-17",26.9880422473462,0.660377358490566,0.600257149053507,0.62429496814663,11.8022445475888,10.9675021190783,11.3848733333335,0.770654346718215,66.4479169528324,11.2970000000001,11.4504350579899,1.27069979952206,1.2423863705781
"3776261","2020-12-18",27.555203253093,0.673913043478261,0.634418639736737,0.608976121267148,11.8193569057133,11.0050564276204,11.4122066666669,0.771554140781517,67.7283044010347,11.3134000000001,11.4703770502579,1.26345767423013,1.24660063130851
"3776260","2020-12-21",25.6029653684977,0.111111111111109,0.48180050435998,0.572158764383409,11.8080520778274,11.050527922173,11.4292900000002,0.498737113978855,50.4504324646429,11.3266000000001,11.4543267768902,1.0694225981164,1.21116502467008
"3776259","2020-12-22",23.7901730470877,0.404761904761905,0.396595353117093,0.504271499071271,11.8008581856782,11.0990551476555,11.4499566666669,0.604554501321656,57.4622484718962,11.3446000000001,11.4604165399715,1.00965529116948,1.17086307796996
"3776258","2020-12-23",22.3531616083681,0.375000000000001,0.296957671957673,0.391784509811583,11.788490420232,11.152756246435,11.4706233333335,0.598641857846448,57.4622484718962,11.3650000000001,11.465694334642,0.951280877119132,1.1269466377998
"3776257","2020-12-24",21.1031062617488,0.375000000000001,0.384920634920636,0.359491219998468,11.7705923965471,11.2103209367866,11.4904566666669,0.582477876027383,57.4622484718962,11.3822000000001,11.4702684233564,0.894671225902877,1.08049155542041
"3776256","2020-12-28",20.6638211895497,0.575000000000001,0.441666666666668,0.37451499118166,11.762178114303,11.261068552364,11.5116233333335,0.716273395876001,61.12659089148,11.4030000000001,11.4848993002422,0.895662357235039,1.04352571578334
"3776255","2020-12-29",20.2559136225076,0.624999999999999,0.525000000000001,0.450529100529103,11.7521937263301,11.3110529403369,11.5316233333335,0.730561315637197,62.0077240069587,11.4246000000001,11.5002460602099,0.899944183357171,1.0148094092981
"3776254","2020-12-30",19.8771423102542,0.649999999999999,0.616666666666668,0.52777777777778,11.7469710486452,11.3482756180218,11.5476233333335,0.706615527390588,62.465834612057,11.4454000000001,11.5148799188486,0.899801209834106,0.991807769405305
"3776253","2020-12-31",20.236585116473,0.756097560975611,0.677032520325204,0.606233062330625,11.7465550145871,11.3856916520799,11.5661233333335,0.852515697675668,64.7542580102013,11.4682000000001,11.5342292630021,0.923851473048587,0.978216510133961
"3776252","2021-01-04",21.0493250095976,0.645833333333334,0.683976964769649,0.659225383920508,11.7469434266061,11.4219699067276,11.5844566666669,0.906833147664586,64.7542580102013,11.4898000000001,11.5509986946018,0.931926087869428,0.968958425681055
"3776251","2021-01-05",21.9346380410052,0.68,0.693976964769649,0.684995483288169,11.7574963330634,11.4444170002703,11.6009566666669,0.954762265513481,66.1887288744833,11.5106000000001,11.5695322019883,0.948116780728037,0.964790096690451
"3776250","2021-01-06",23.5063211080016,0.714285714285715,0.680039682539684,0.685997870692995,11.8067431879925,11.4281701453412,11.6174566666669,1.14067777154588,70.8701660239072,11.5338000000001,11.6002612417232,1.02540568777534,0.976913214907428
"3776249","2021-01-07",25.5660214073218,0.758169934640522,0.717485216308747,0.697167287872695,11.8862762551887,11.3868037448117,11.6365400000002,1.21100342719259,75.2343476933521,11.5594000000001,11.6442264094934,1.16278148412061,1.01408686875007
"3776248","2021-01-08",27.95176374164,0.833333333333333,0.768596327419858,0.722040408756098,11.9964093380914,11.3253373285756,11.6608733333335,1.22887359289416,79.5491953284131,11.5914000000001,11.7049962215609,1.37197192821841,1.08566388064373
"3776247","2021-01-11",30.4059028358336,0.785918367346939,0.792473878440266,0.759518474056291,12.0950033154091,11.2810900179246,11.6880466666669,1.11687979323865,79.9951976199809,11.6230080000001,11.7603567253528,1.53211113444167,1.17495333140332
"3776246","2021-01-12",32.6847462804419,0.879518072289157,0.832923257656477,0.797997821172202,12.1942994454768,11.2401272211902,11.7172133333335,1.06885607529847,82.2599336215557,11.6572080000001,11.8229758286391,1.71255253473768,1.28247317207019
"3776245","2021-01-13",35.1591773204562,0.8,0.821812146545366,0.815736427547371,12.2937601670141,11.218666499653,11.7562133333335,1.02750752535994,82.8318218122366,11.6880080000001,11.8812457181539,1.85256513166896,1.39649156398995
"3776244","2021-01-14",36.715165146912,0.736842105263158,0.805453392517439,0.820062932239762,12.3584678147361,11.2272921852642,11.7928800000002,0.901163758167542,77.4539072518546,11.7132080000001,11.9237462890667,1.89939406078621,1.4970720633492
"3776243","2021-01-15",37.3534825357024,0.63264367816092,0.723161927808027,0.783475822290279,12.399917052771,11.2495362805627,11.8247266666669,0.800370110790786,71.6431339458649,11.7332240000001,11.9513001171912,1.8671023694665,1.57107812457266
"3776242","2021-01-19",37.9462058252934,0.694117647058824,0.687867810160968,0.738827710162146,12.4444219957764,11.2649513375573,11.8546866666669,0.801248132674712,73.4780561514417,11.7564240000001,11.9831267682323,1.85964939765422,1.62879237918897
"3776241","2021-01-20",38.7161309907941,0.714285714285716,0.680349013168488,0.697126250379162,12.488345059391,11.2816949406094,11.8850200000002,0.794186354830228,74.0840864897359,11.7792240000001,12.013376532468,1.84525747096562,1.6720853975443
"3776240","2021-01-21",39.9968549691983,0.810126582278483,0.739509981207675,0.702575601512378,12.5286275342009,11.3335791324661,11.9311033333335,0.850526946070456,76.6677868562633,11.8108240000001,12.0515929948056,1.87187312853361,1.71204294374216
"3776239","2021-01-22",41.6023119850677,0.720430107526882,0.748280801363695,0.72271326524662,12.5782264728954,11.373313527105,11.9757700000002,0.865915785208243,77.4739520756272,11.8448240000001,12.0887139288315,1.89031700774214,1.74769775654216
"3776238","2021-01-25",43.3668097888732,0.782178217821783,0.770911635875717,0.75290080614903,12.6433051909936,11.4102348090067,12.0267700000002,0.927034288573753,81.00745855956,11.8840240000001,12.1408854049873,1.98086381965357,1.79433096916444
"3776237","2021-01-26",45.3371604835243,0.820754716981132,0.774454347443267,0.764548928227561,12.7328243666925,11.4403822999745,12.0866033333335,1.00039380228633,84.3551112406129,11.9280240000001,12.2114340176557,2.15176221814968,1.86581721896149
"3776236","2021-01-27",47.2933549045982,0.720000000000001,0.77431097826764,0.773225653862209,12.8118723618419,11.4736676381584,12.1427700000002,0.948782852656538,82.7026256291088,11.9700240000001,12.2699094819683,2.24574793724481,1.94180336261815
"3776235","2021-01-28",49.1098211527382,0.674698795180723,0.738484504053953,0.762416609921621,12.8725530724707,11.5236535941963,12.1981033333335,0.901732431062777,82.8831783746499,12.0224240000001,12.3219215510392,2.29849613325457,2.01314191674544
"3776234","2021-01-29",50.958996967474,0.804552770751897,0.733083855310875,0.74862644587749,12.9437243314497,11.577149001884,12.2604366666669,0.950930136574044,85.4924671215527,12.0752240000001,12.3883320109006,2.41502963435425,2.0935194602672
"3776233","2021-02-01",52.7769603556265,0.826011309264898,0.768420958399174,0.746663105921335,13.0159051841175,11.6299681492162,12.3229366666669,0.947636978479791,86.4646150787784,12.1308240000001,12.4552210761139,2.52133756571344,2.17908308135645
"3776232","2021-02-02",54.8271765873902,0.688971082716879,0.773178387577892,0.758227733762648,13.0985173352988,11.6830226647016,12.3907700000002,0.982208338548671,87.2530792853493,12.1888240000001,12.5211915992987,2.61179398970777,2.26562526302671
"3776231","2021-02-03",56.9286596491207,0.802810841818442,0.772597744600074,0.771399030192381,13.2272351732707,11.7141381600631,12.4706866666669,1.07562733413466,90.2966732576646,12.2556240000001,12.6183660527255,2.84005412215396,2.38051103485216
"3776230","2021-02-04",55.2616464823412,0,0.497260641511775,0.681012257896582,13.2302835174284,11.7084231492386,12.4693533333335,0.0820772961209791,30.7434206611708,12.2312240000001,12.4012505790288,1.54897863136185,2.2142045541541
"3776229","2021-02-05",53.7137056846173,0.552268244575937,0.451693028798128,0.57385047163666,13.2243483470843,11.7668583195827,12.4956033333335,0.514451785559901,51.9046571550134,12.2624240000001,12.399750501825,1.41353807979525,2.05407125928233
"3776228","2021-02-08",51.6065781884839,0.635108481262327,0.395792241946089,0.448248637418665,13.2424616434423,11.8070783565581,12.5247700000002,0.645301492109378,54.1668799206173,12.3000240000001,12.426450434915,1.42624036123467,1.9285050796728
"3776227","2021-02-09",49.1285068133937,0.770138067061144,0.652504930966471,0.499996733903564,13.2984468917915,11.8345664415422,12.5665066666669,0.813113000396815,57.6625417534658,12.3513160000001,12.4952303769263,1.63823715080524,1.87045149389929
"3776226","2021-02-10",46.5322488030809,0.832347140039447,0.745864562787641,0.598053911900068,13.373919514545,11.8497604854554,12.6118400000002,0.864021506993176,59.2062084680165,12.4077160000001,12.5758663266695,1.88346139182238,1.87305347348391
"3776225","2021-02-11",43.6490535607822,0.927021696252465,0.843168967784353,0.747179487179489,13.4853007980883,11.8447125352454,12.6650066666669,0.939878802222621,61.5064875568904,12.4693160000001,12.6777508164469,2.2021202543,1.93886682964712
"3776224","2021-02-12",41.9890079035698,0.725838264299803,0.828402366863907,0.805811965811968,13.5093534514221,11.893993215245,12.7016733333335,0.672300060650967,54.4767190958062,12.5053160000001,12.6980507075873,2.10352659564814,1.97179878284733
"3776223","2021-02-16",40.4475369361583,0.796844181459566,0.816568047337279,0.829379793995181,13.5330597836242,11.9619268830429,12.7474933333335,0.715878194141096,56.3719950829124,12.5417160000001,12.7396439465756,2.11461338129104,2.00036170253607
"3776222","2021-02-17",39.1689220084857,0.765285996055227,0.762656147271533,0.802542187157574,13.5388664639589,12.0347868693748,12.7868266666669,0.639513893250994,55.2706196013888,12.5741080000001,12.7650247536989,2.04839520538405,2.00996840310567
"3776221","2021-02-18",37.950090597131,0.792899408284023,0.78500986193294,0.788078018847252,13.5432299896272,12.1110900103732,12.8271600000002,0.653271795946102,56.0792215143251,12.6049080000001,12.796354786539,2.01633119266746,2.01124096101803
"3776220","2021-02-19",36.7511394080445,0.816607495069034,0.791597633136096,0.779754547446857,13.5541634645729,12.1744965354274,12.8643300000002,0.666032826590757,56.8012824528157,12.6369120000001,12.8315208150005,2.00496085641741,2.0099849400979
"3776219","2021-02-22",37.0927499683606,0.485246548323471,0.698251150558844,0.758286215209295,13.5504862218669,12.1831804448002,12.8668333333335,0.207380743421917,45.5337932430809,12.6377160000001,12.7499980396671,1.44986242325649,1.89796043672962
"3776218","2021-02-23",37.4099597743685,0.556213017751479,0.619355687047996,0.703068156914313,13.5521933617583,12.177806638242,12.8650000000002,0.246553624701549,47.9166843374552,12.6485000000001,12.7033316343782,1.1100165222655,1.7403716538368
"3776217","2021-02-24",37.7045117370901,0.660079051383399,0.567179539152785,0.628262125586543,13.5519441491276,12.1737225175394,12.8628333333335,0.374596850483082,51.2371071859952,12.6673000000001,12.6975540831277,0.994316899984504,1.59116070306634
"3776216","2021-02-25",38.0873880048679,0.293594729740455,0.503295599625113,0.563276941941966,13.5516143517212,12.1657189816125,12.8586666666668,0.356651035170674,50.3072111688592,12.6825000000001,12.6832135387107,0.848338704705354,1.44259630339414
"3776215","2021-02-26",38.2411279471314,0.388840384157473,0.447504721760444,0.505993286846115,13.5519147318545,12.1670852681459,12.8595000000002,0.425742962560807,51.9182210447238,12.6989000000001,12.6867850668826,0.799833955831075,1.31404383388153
"3776214","2021-03-01",37.6715512311351,0.499960314310659,0.394131809402864,0.448310710262808,13.5538990543094,12.1684342790243,12.8611666666668,0.53524689635152,53.8000402740993,12.7197000000001,12.7085470579649,0.840647644637849,1.21936459603279
"3776213","2021-03-02",36.5844661845337,0.642828795936185,0.51054316480144,0.450726565321584,13.5665117869046,12.1694882130957,12.8680000000002,0.651751197312881,56.174959552518,12.7417000000001,12.7514074502363,0.975470924974853,1.1705858618212
"3776212","2021-03-03",35.3190489031196,0.690451623144694,0.611080244463847,0.505251739556052,13.574777363334,12.1682226366664,12.8715000000002,0.693261824925341,56.9690170510554,12.7585000000001,12.7965531235381,1.10655937089827,1.15778056363662
"3776211","2021-03-04",34.7303345683095,0.584866496839325,0.639382305306736,0.587001904857342,13.5250144426767,12.1814855573237,12.8532500000002,0.591860076855781,52.6855577086232,12.7661000000001,12.8023460403997,1.04028675072856,1.13428180105501
"3776210","2021-03-05",34.1836712574143,0.689290222351684,0.654869447445236,0.635110665738607,13.398668857457,12.4281644758767,12.9134166666669,0.626995820254945,54.0257219479277,12.7769000000001,12.8193665683464,1.03247502181596,1.1139204452072
"3776209","2021-03-08",32.897116474207,0.75607772989674,0.676744816362585,0.65699885637152,13.4204740926437,12.4796925740233,12.9500833333335,0.818795236439466,57.2158769794127,12.7901000000001,12.8634510259002,1.15090290734678,1.12131693763511
"3776208","2021-03-09",31.6264736341483,0.90399231938555,0.78312009054466,0.704911451450828,13.4791671856142,12.4866661477195,12.9829166666668,0.910159100887819,59.937493815951,12.8085000000001,12.9283242224469,1.35310927354109,1.16767540481631
"3776207","2021-03-10",30.1722771693943,0.91666035305705,0.858910134113115,0.772925013673454,13.5442316263595,12.4657817069742,13.0050066666668,0.928077365208525,61.0060233980005,12.8277000000001,12.9952143261206,1.54345018010518,1.24283035987408
"3776206","2021-03-11",28.5462972318643,0.928052377868912,0.916235016770505,0.852755080476094,13.6087135831501,12.4389664168502,13.0238400000002,0.944107366360534,62.0947832645798,12.8381000000001,13.0638524159712,1.7219353099345,1.33865134988617
"3776205","2021-03-12",27.5864969266318,0.776859504132232,0.873857411686066,0.883000854189897,13.6075597592306,12.4394535741031,13.0235066666669,0.80518914964414,58.3654270930953,12.9321000000001,13.1006720938417,1.73700373449492,1.41832182680792
"3776204","2021-03-15",26.9697536279301,0.647058823529412,0.783990235176853,0.858027554544476,13.6371894446367,12.4431572220303,13.0401733333335,0.728771045561536,56.4330557616141,12.9665000000001,13.1205824813295,1.67375744887799,1.46940895122193
"3776203","2021-03-16",27.5718511425288,0.186274509803921,0.536730945821857,0.731526197561593,13.6316116624986,12.4367350041684,13.0341733333335,0.443503234249139,47.5747362817752,12.9737000000001,13.0751714838189,1.31919099514426,1.4393653600064
"3776202","2021-03-17",28.130941691799,0.253777777777777,0.362370370370372,0.561030517123028,13.6345596756744,12.4400136576593,13.0372866666668,0.518121249696562,50.4005075628098,12.9735440000001,13.0569352859764,1.12283964727122,1.37606021745936
"3776201","2021-03-18",28.5069606432913,0.457831325301206,0.299294537627636,0.399465284606623,13.6481685117526,12.4434048215811,13.0457866666668,0.641836943953299,54.1258299752413,12.9759440000001,13.0706772478462,1.0915566269371,1.31915949935491
"3776200","2021-03-19",28.9061410555341,0.433734939759038,0.381781347612675,0.347815418536896,13.6559898267003,12.4452435066334,13.0506166666668,0.615121831074777,53.7335670813992,12.9679440000001,13.0799202814667,1.04228964347104,1.26378552817814
"3776199","2021-03-22",28.8622939819535,0.46987951807229,0.453815261044179,0.378297048761498,13.6361817658823,12.5420415674514,13.0891116666668,0.634828851803504,54.2689442286505,12.9815440000001,13.0919309106045,1.01001594952463,1.21303161244743
"3776198","2021-03-23",28.8215788422002,0.530120481927712,0.477911646586348,0.437836085081069,13.6097292567683,12.6424940765654,13.1261116666668,0.634977513920064,55.1994321999284,12.9899440000001,13.1090067891905,1.00353815546219,1.17113292105039
"3776197","2021-03-24",28.5047180152834,0.578313253012049,0.526104417670685,0.485943775100405,13.6017787440534,12.7114445892803,13.1566116666669,0.66105001988797,55.9712426142724,13.0031440000001,13.1291392172985,1.01115136066443,1.1391366089732
"3776196","2021-03-25",28.2104901045751,0.578313253012049,0.562248995983938,0.522088353413659,13.5744421218181,12.8027812115156,13.1886116666668,0.644348808972953,55.9712426142724,13.0135440000001,13.1465873216587,1.00537369520994,1.11238402622054
"3776195","2021-03-26",27.6931510775807,0.626506024096387,0.594377510040163,0.560910307898264,13.5535323373801,12.8820243292869,13.2177783333335,0.682010735826571,56.8337071296848,13.0231400000001,13.1670423454375,1.01344014330447,1.09259524963733
"3776194","2021-03-29",27.0867875064632,0.686746987951808,0.630522088353416,0.595716198125841,13.5524686682841,12.9300879983829,13.2412783333335,0.722888777520204,57.9427301986949,13.0683360000001,13.1914366993792,1.0382122546913,1.08171865064812
"3776193","2021-03-30",26.392112386365,0.722891566265062,0.678714859437754,0.634538152610446,13.5675162220634,12.9477071112703,13.2576116666669,0.740485332345425,58.6295176407511,13.1075360000001,13.2165784727953,1.06359093112831,1.07809310674416
"3776192","2021-03-31",25.412105175597,0.904109589041096,0.77124938108599,0.693495442959055,13.5912107957414,12.9560125375923,13.2736116666668,0.79868102475491,60.0351574685965,13.1387360000001,13.2463680097559,1.10715828949672,1.08390614329467
"3776191","2021-04-01",25.7133185520274,0.52054794520548,0.715849700170548,0.721937980231432,13.5744699122278,12.9990867544393,13.2867783333335,0.418700551623185,51.2789841912513,13.1615360000001,13.2348522751218,0.959862289037461,1.05909737244323
"3776190","2021-04-05",25.1165433430113,0.750000000000001,0.724885844748861,0.737328308668467,13.5740138485383,13.0372094847954,13.3056116666668,0.700672114353549,55.9716668892155,13.1871360000001,13.2502053051056,0.947985152331543,1.03687492842089
"3776189","2021-04-06",23.9934339830232,0.800456100342075,0.690334681849187,0.7103567422562,13.6070851772841,13.0338048227163,13.3204450000002,0.894609138206125,59.3042164118563,13.2131360000001,13.2835112644248,1.01782899368679,1.03306574147407
"3776188","2021-04-07",22.8379646039614,0.673076923076923,0.741177674473001,0.718799400357018,13.6302465695402,13.0263100971268,13.3282783333335,0.861608121563603,58.9836856623822,13.2315360000001,13.3110430958348,1.05448052837473,1.0373486988542
"3776187","2021-04-08",21.4511259704353,0.761343283582089,0.744958769000364,0.725490375107519,13.679139152188,13.0010908478124,13.3401150000002,1.03578041218515,62.4800920619444,13.2539400000001,13.3562506830569,1.16643400955272,1.06316576099391
"3776186","2021-04-09",20.3755221705983,0.538461538461538,0.657627248373518,0.714587897282296,13.6832429578323,12.9993203755014,13.3412816666669,0.829547533335807,57.8340774365937,13.2807400000001,13.3767505919826,1.15663050310215,1.08185870941556
"3776185","2021-04-12",19.8734208898722,0.369230769230769,0.556345197091467,0.652977071488451,13.6945461434643,12.9990171898694,13.3467816666669,0.705912827342272,54.4128672502881,13.2995400000001,13.3798505130516,1.07006245308445,1.07949945814934
"3776184","2021-04-13",19.06868091837,0.492307692307693,0.466666666666668,0.56021303737722,13.7191014798913,12.9994618534424,13.3592816666669,0.783547013209068,56.4314698937529,13.3127400000001,13.3932037779781,1.03766834151067,1.0711332348216
"3776183","2021-04-14",18.6026940552954,0.399999999999999,0.420512820512822,0.481174894756987,13.7022021015508,13.0700278984496,13.3861150000002,0.685420937390544,54.4829054817041,13.3155400000001,13.396776607581,0.964661685783974,1.04983892501408
"3776182","2021-04-15",21.3136925447705,0,0.297435897435899,0.394871794871798,13.8341715274631,12.8841651392039,13.3591683333335,-0.383329147787309,30.069624883502,13.2627400000001,13.2252063932369,0.111264009138856,0.862123941839033
"3776181","2021-04-16",24.1324158326419,0,0.133333333333335,0.283760683760687,14.0056467096916,12.6093566236421,13.3075016666669,-0.30511087528677,27.4414201010222,13.1963400000001,13.0418455408053,-0.726248953600606,0.544449362751105
"3776180","2021-04-19",27.4123885678789,0,1.90588285893985e-15,0.143589743589747,14.309180001459,12.125156665208,13.2171683333335,-0.339659068454862,21.459368132996,13.1059400000001,12.7802661353646,-1.86504406687376,0.0625506768261328
"3776179","2021-04-20",29.6691815559384,0.102564102564102,0.034188034188036,0.0558404558404591,14.4274581014163,11.8472152319174,13.1373366666669,-0.0803084214927545,27.6368706147004,13.0303400000001,12.590897317316,-2.58039696883652,-0.466038852306397
"3776178","2021-04-21",31.1223726062069,0.26007326007326,0.120879120879123,0.0516890516890549,14.4559526807554,11.6917206525783,13.0738366666669,0.106700888739381,35.9664186581701,12.9907400000001,12.4841110083405,-2.8478335520512,-0.942397792255359
"3776177","2021-04-22",31.4544143864526,0.432234432234432,0.264957264957267,0.140008140008143,14.4367993194843,11.6212073471827,13.0290033333335,0.277783852861058,43.6072630669472,12.9636040000001,12.4542295405618,-2.7265396537542,-1.29922616455513
"3776176","2021-04-23",32.125094194051,0.336996336996337,0.343101343101345,0.242979242979246,14.4253001953054,11.515039804695,12.9701700000002,0.209016873748109,40.7130694370723,12.9172040000001,12.3936656018202,-2.76867526996138,-1.59311598563638
"3776175","2021-04-26",32.9329199585821,0.285714285714285,0.351648351648353,0.319902319902323,14.4095138754535,11.3928227912135,12.9011683333335,0.188001972895425,39.2042366034723,12.8660040000001,12.3225101882442,-2.86282489180842,-1.84705776687079
"3776174","2021-04-27",33.9852796544109,0.197802197802197,0.273504273504275,0.322751322751326,14.3899937122907,11.250009621043,12.8200016666669,0.161356564523979,36.6936993624708,12.8040040000001,12.2288421631449,-3.06332813664759,-2.09031184082615
"3776173","2021-04-28",34.9873982252624,0.196226415094339,0.226580966203609,0.283911197118747,14.3526280035458,11.1167086631213,12.7346683333335,0.180255215138401,36.4840276318931,12.7392040000001,12.1449965413923,-3.20282377021881,-2.31281422670468
"3776172","2021-04-29",35.9179368981959,0.196226415094339,0.196751675996961,0.232278971901617,14.2880305959107,11.004972737423,12.6465016666669,0.21170119216149,36.484027631893,12.6728040000001,12.0723303358733,-3.27913918914641,-2.50607921919303
"3776171","2021-04-30",36.7820085230627,0.196226415094339,0.196226415094341,0.206519685764972,14.2385925284518,10.8970774715486,12.5678350000002,0.230311455137157,36.484027631893,12.6064040000001,12.0093529577569,-3.30439779033147,-2.66574293342072
"3776170","2021-05-03",37.0019334721596,0.204633204633204,0.199028678273963,0.197335589788423,14.1455606733697,10.8207759932973,12.4831683333335,0.270460824754254,36.7098715568669,12.5388040000001,11.9561058967226,-3.28212191337306,-2.78901872941118
"3776169","2021-05-04",37.206149496321,0.247787610619469,0.216215743449006,0.203823612272438,14.0109543877268,10.7717156122736,12.3913350000002,0.289662001713706,37.4286694410367,12.4704040000001,11.9139584438263,-3.20888824993607,-2.87299263351616
"3776168","2021-05-05",36.7557350870168,0.412429378531074,0.288283397927918,0.234509273216964,13.8510002516158,10.7643364150512,12.3076683333335,0.3592865880453,41.4842753809216,12.4076040000001,11.9000973179828,-3.00185260900963,-2.89876462861485
"3776167","2021-05-06",35.8483961879368,0.472049689440994,0.377422226197181,0.29397378919137,13.6294678083794,10.808862191621,12.2191650000002,0.398663015854252,42.1962967693623,12.3436040000001,11.8920843422517,-2.78549161901968,-2.87611002669582
"3776166","2021-05-07",34.0751641650082,0.571428571428571,0.485302546466882,0.383669390197328,13.4187779725234,10.8832186941436,12.1509983333335,0.520640416671014,48.4955189653691,12.3020040000001,11.9224730966182,-2.39645818797941,-2.78017965895254
"3776165","2021-05-10",31.8467478798937,0.690825688073395,0.578101316314322,0.480275362992796,13.2159716873768,10.9787249792902,12.0973483333335,0.642877254221042,53.077900769132,12.2621240000001,11.9798766837358,-1.90882577948908,-2.60590888305985
"3776164","2021-05-11",30.3335764958439,0.513761467889909,0.59200524246396,0.551803035081723,12.9341248868472,11.1322384464865,12.0331816666669,0.636977740552699,49.1750900305329,12.2085240000001,12.0038931259043,-1.63365919230452,-2.41145894490878
"3776163","2021-05-12",29.5932554086922,0.315789473684211,0.506792209882507,0.558966256220265,12.5651760359956,11.3625206306714,11.9638483333335,0.627067431499175,44.4349697278503,12.1449240000001,11.9900407091171,-1.57213808840245,-2.24359477360751
"3776162","2021-05-13",29.3178085148082,0.126315789473685,0.318622243682604,0.472473232009692,12.475482790406,11.3795472095944,11.9275150000002,0.377564275659815,41.4556841925156,12.0677200000001,11.9540352812348,-1.6262360985247,-2.12012303859095
"3776161","2021-05-14",29.5024809520632,0,0.147368421052634,0.324260958205916,12.4480619840531,11.3543013492806,11.9011816666669,0.276445602239964,38.2347834105795,11.9877200000001,11.8948305770702,-1.79163086323297,-2.05442460351936
"3776160","2021-05-17",30.2890965835431,0,0.0421052631578971,0.169365309297713,12.4569269072847,11.3394330927157,11.8981800000002,-0.0144368519139417,33.6731414029152,11.8985200000001,11.7981865001275,-2.13232752599587,-2.07000518801466
"3776159","2021-05-18",31.3636371955127,0,2.03540887847945e-15,0.0631578947368459,12.5269083209362,11.2127850123975,11.8698466666669,-0.106117651333112,31.0885522893834,11.7973200000001,11.6850949667771,-2.52971487142679,-2.16194712469709
"3776158","2021-05-19",32.6482882105319,0,2.03540887847945e-15,0.0140350877193019,12.608899769525,11.014126897142,11.8115133333335,-0.121726987274313,28.915684265573,11.6905200000001,11.5604156378735,-2.95660339857968,-2.3208783794736
"3776157","2021-05-20",32.9162140628798,0.0888888888888889,0.0296296296296317,0.00987654320988013,12.5637650319363,10.9195949680641,11.7416800000002,0.0529578420844707,32.9529487631369,11.6425200000001,11.4736935528237,-3.15347860981326,-2.48739842554154
"3776156","2021-05-21",32.8353894153208,0.0499999999999999,0.0462962962962983,0.0253086419753122,12.5492193657124,10.8208073009547,11.6850133333335,0.0978890986097436,32.0941295386905,11.6021200000001,11.3892010791139,-3.32516016688049,-2.65495077380933
"3776155","2021-05-24",32.7603379568731,0.222222222222222,0.120370370370372,0.0654320987654357,12.5263950482763,10.7673016183907,11.6468483333335,0.244083140202436,39.601409552844,11.6049200000001,11.3573076018987,-3.20729791407524,-2.76542020186251
"3776154","2021-05-25",32.9039281387897,0.163888888888889,0.145370370370372,0.104012345679016,12.523029111016,10.7053342223177,11.6141816666668,0.218958150507129,38.0663378004921,11.5923200000001,11.3156665883122,-3.15340419832091,-2.84301700115419
"3776153","2021-05-26",33.0889750752315,0.15,0.178703703703706,0.148148148148152,12.5200683889729,10.6462949443608,11.5831816666668,0.231460776053944,37.6917106258094,11.5615200000001,11.2762443765373,-3.09429647999615,-2.89327289692258
"3776152","2021-05-27",32.8191916991392,0.222222222222222,0.178703703703706,0.167592592592596,12.5078621728197,10.608501160514,11.5581816666669,0.31141991209346,40.9462795310327,11.5171200000001,11.259411792999,-2.92163619607136,-2.89894555675234
"3776151","2021-05-28",32.1360553542996,0.294444444444444,0.222222222222224,0.193209876543213,12.4946216754914,10.5870749911756,11.5408483333335,0.384223890744397,44.0912193996673,11.4883200000001,11.2621568872658,-2.66114567607827,-2.85138558061752
"3776150","2021-06-01",30.9795383540642,0.361111111111111,0.292592592592595,0.231172839506176,12.4779612300524,10.5759021032813,11.5269316666669,0.455172266308604,46.9022389618938,11.4699200000001,11.2805359689637,-2.34167416556551,-2.74944329760712
"3776149","2021-06-02",29.6393976608001,0.591666666666668,0.415740740740743,0.310185185185189,12.4639307420769,10.5692659245901,11.5165983333335,0.492998761639657,48.3018693879661,11.4635200000001,11.3044645064352,-2.02218004391644,-2.60399064686899
"3776148","2021-06-03",28.6817925494009,0.516666666666666,0.489814814814817,0.399382716049386,12.4277478353714,10.5604488312957,11.4940983333335,0.462103016257318,46.329140728317,11.4543200000001,11.3132025722438,-1.81216757124308,-2.44562603174381
"3776147","2021-06-04",27.4443003174995,0.863734515285828,0.657355949539723,0.520970501698429,12.3867823787189,10.5624142879482,11.4745983333335,0.537676059095498,49.7660713744874,11.4507200000001,11.339442229278,-1.52835251714364,-2.26217132882377
"3776146","2021-06-07",25.9513888068976,0.872340425531916,0.750913869161472,0.632694877838672,12.2969968463528,10.5928664869809,11.4449316666669,0.596863677373825,51.2081450451208,11.4495200000001,11.3701832653742,-1.24649583966603,-2.05903623099222
"3776145","2021-06-08",24.4345476365285,0.876288659793814,0.870787866870521,0.759685895190574,12.1399786229443,10.6721847103894,11.4060816666668,0.659367286737127,51.9508742164162,11.4491200000001,11.4008254966577,-0.990596676957689,-1.84534832018532
"3776144","2021-06-09",23.1896885269638,0.818181818181818,0.855603634502518,0.825768456844839,11.9964111397585,10.7484188602418,11.3724150000002,0.687702817165823,50.8396314029234,11.4459200000001,11.42204876377,-0.806870371903834,-1.63765273052902
"3776143","2021-06-10",22.282083098722,0.749999999999999,0.814823492658546,0.847071664677196,11.8761152238703,10.8130481094634,11.3445816666668,0.7026385074035,49.1416165437271,11.4335200000001,11.432442261934,-0.695590250346745,-1.44924023449257
"3776142","2021-06-11",21.4393066296404,0.771428571428572,0.779870129870132,0.816765752343733,11.8387917311241,10.8303716022096,11.3345816666668,0.756591136221178,50.9074092876927,11.4223200000001,11.4494499603428,-0.558690282870666,-1.27113024416819
"3776141","2021-06-14",21.4705113206358,0.483142857142857,0.668190476190478,0.754294699573053,11.8053266258596,10.8383833741408,11.3218550000002,0.58302279703639,45.2206066626389,11.3918480000001,11.4372832989638,-0.585562749207302,-1.13401674517601
