"","Date","ADX","STOCHFK","STOCHFD","STOCHSD","BBandsUp","BbandsDn","BbandsMiddle","PercentB","RSI","SMA","EMA","MACD","Signal"
"4109563","2018-01-19",NA,NA,NA,NA,NA,NA,NA,NA,NA,NA,NA,NA,NA
"4109562","2018-01-22",NA,NA,NA,NA,NA,NA,NA,NA,NA,NA,NA,NA,NA
"4109561","2018-01-23",NA,NA,NA,NA,NA,NA,NA,NA,NA,NA,NA,NA,NA
"4109560","2018-01-24",NA,NA,NA,NA,NA,NA,NA,NA,NA,NA,NA,NA,NA
"4109559","2018-01-25",NA,NA,NA,NA,NA,NA,NA,NA,NA,NA,NA,NA,NA
"4109558","2018-01-26",NA,NA,NA,NA,NA,NA,NA,NA,NA,NA,NA,NA,NA
"4109557","2018-01-29",NA,NA,NA,NA,NA,NA,NA,NA,NA,NA,NA,NA,NA
"4109556","2018-01-30",NA,NA,NA,NA,NA,NA,NA,NA,NA,NA,NA,NA,NA
"4109555","2018-01-31",NA,NA,NA,NA,NA,NA,NA,NA,NA,NA,NA,NA,NA
"4109554","2018-02-01",NA,NA,NA,NA,NA,NA,NA,NA,NA,NA,NA,NA,NA
"4109553","2018-02-02",NA,NA,NA,NA,NA,NA,NA,NA,NA,NA,NA,NA,NA
"4109552","2018-02-05",NA,NA,NA,NA,NA,NA,NA,NA,NA,NA,NA,NA,NA
"4109551","2018-02-06",NA,NA,NA,NA,NA,NA,NA,NA,NA,NA,NA,NA,NA
"4109550","2018-02-07",NA,0.441176470588234,NA,NA,NA,NA,NA,NA,NA,NA,17.585,NA,NA
"4109549","2018-02-08",NA,0.353448275862069,NA,NA,NA,NA,NA,NA,59.3846153846154,NA,17.595,NA,NA
"4109548","2018-02-09",NA,0,0.264874915483434,NA,NA,NA,NA,NA,39.4063138055599,NA,17.3996666666667,NA,NA
"4109547","2018-02-12",NA,0.535087719298246,0.296178665053438,NA,NA,NA,NA,NA,52.9878237394899,NA,17.3930444444444,NA,NA
"4109546","2018-02-13",NA,0.649122807017544,0.394736842105263,0.318596807547379,NA,NA,NA,NA,55.2879086394879,NA,17.4219718518519,NA,NA
"4109545","2018-02-14",NA,0.68859649122807,0.624269005847953,0.438394837668885,NA,NA,NA,NA,56.0887801737824,NA,17.4590422716049,NA,NA
"4109544","2018-02-15",NA,0.771929824561404,0.703216374269006,0.574074074074074,18.2966674871068,17.1116658462265,17.7041666666667,0.710266938096032,57.8069822398949,NA,17.5165033020576,NA,NA
"4109543","2018-02-16",NA,0.745614035087719,0.735380116959064,0.687621832358675,18.3090852985687,17.153581368098,17.7313333333333,0.654622292451984,57.0478449741482,NA,17.5583028617833,NA,NA
"4109542","2018-02-20",NA,0.776315789473684,0.764619883040936,0.734405458089669,18.3280635236708,17.1582698096625,17.7431666666667,0.671112790460114,57.7450319475859,NA,17.6038624802122,NA,NA
"4109541","2018-02-21",NA,0.723684210526316,0.748538011695906,0.749512670565302,18.33925857644,17.1740747568933,17.7566666666667,0.588684147170472,56.0649756579223,NA,17.6273474828505,NA,NA
"4109540","2018-02-22",NA,0.708333333333334,0.736111111111111,0.749756335282651,18.3426574711915,17.1826758621419,17.7626666666667,0.494827504200761,54.3616924705384,NA,17.6317011518038,NA,NA
"4109539","2018-02-23",NA,0.773148148148149,0.735055230669266,0.739901451158762,18.3597186273769,17.2049480392898,17.7823333333333,0.645194784484769,56.0396755747407,17.58,17.65414099823,NA,NA
"4109538","2018-02-26",NA,0.870535714285713,0.784005731922399,0.751724024567592,18.4062734042176,17.2030599291157,17.8046666666667,0.809172069377388,59.2654614297775,17.6212,17.710922198466,0.742028100979319,NA
"4109537","2018-02-27",NA,0.799107142857143,0.814263668430335,0.777774877007333,18.4282437799545,17.2124228867122,17.8203333333333,0.672448645875409,56.704862380918,17.6356,17.7387992386705,0.772222509560216,NA
"4109536","2018-02-28",48.4436527389985,0.790178571428571,0.819940476190476,0.806069958847737,18.44075802747,17.2235753058633,17.8321666666667,0.599546817840729,56.3769662380289,17.6552,17.7602926735144,0.777903750058972,NA
"4109535","2018-03-01",46.6343246755339,0.772321428571428,0.787202380952381,0.807135508524397,18.4397108902046,17.2236224431288,17.8316666666667,0.63293989187662,55.6834497045541,17.668,17.7735869837125,0.755421578111282,NA
"4109534","2018-03-02",46.3331554709874,0,0.520833333333333,0.709325396825397,18.3939560935755,17.1963772397579,17.7951666666667,0.242396921074066,45.4480659843483,17.6628,17.6944420525508,0.423432680697911,NA
"4109533","2018-03-05",46.0534983524799,0.436974789915966,0.403098739495798,0.570378151260504,18.3761090112754,17.1928909887246,17.7845,0.499013988424414,52.6202277881735,17.6648,17.6951831122107,0.392552660702172,NA
"4109532","2018-03-06",44.991300278567,0.478991596638655,0.30532212885154,0.409751400560224,18.3682878491051,17.1927121508949,17.7805,0.587474871664914,53.2566005234418,17.6716,17.7024920305826,0.386420287565259,NA
"4109531","2018-03-07",44.066826826891,0.453781512605041,0.45658263305322,0.388334500466853,18.3683506588445,17.2219826744889,17.7951666666667,0.495493012071876,52.798379382759,17.6768,17.704826426505,0.363675359516225,NA
"4109530","2018-03-08",42.9192915248011,0.50420168067227,0.478991596638655,0.413632119514472,18.3715784374035,17.2240882292632,17.7978333333333,0.548366425792809,53.6571925606992,17.6748,17.7148495696376,0.368731001136213,0.553598658703063
"4109529","2018-03-09",41.6431231681526,0.529411764705881,0.49579831932773,0.477124183006536,18.3783966148753,17.2282700517914,17.8033333333333,0.575354025764153,54.1068116157021,17.6624,17.7275362936859,0.381958223775003,0.519270571717451
"4109528","2018-03-12",39.3346132119321,0.630252100840335,0.554621848739495,0.509803921568627,18.1849874402574,17.5546792264093,17.8698333333333,0.812281085679693,55.9478960198898,17.6656,17.7545314545278,0.441854411301823,0.503787339634326
"4109527","2018-03-13",37.6933050188589,0.478991596638655,0.546218487394957,0.532212885154061,18.1651961122189,17.6104705544478,17.8878333333333,0.52794174485537,52.5429085328428,17.6636,17.7539272605908,0.40277864683389,0.483585601074239
"4109526","2018-03-14",36.1692331252908,0.49579831932773,0.53501400560224,0.545284780578898,18.1649704186301,17.6203629147033,17.8926666666667,0.452259196187088,52.8860109767662,17.6844,17.756070292512,0.376560119169667,0.462180504693324
"4109525","2018-03-15",33.6845530661685,0.64516129032258,0.539983735429655,0.540405409475618,18.1959900849517,17.621676581715,17.9088333333333,0.879293420937647,56.4465764404215,17.6976,17.7859275868437,0.44596722866006,0.458937849486671
"4109524","2018-03-16",32.0983136482755,0.624161073825502,0.588373561158604,0.554457100730167,18.259117263304,17.5928827366961,17.926,1.05636063857857,58.5356452776258,17.7156,17.8291372419312,0.553237734469292,0.477797826483195
"4109523","2018-03-19",30.9431049774412,0.807453416149069,0.692258593432384,0.606871963340215,18.3987561285711,17.5205772047622,17.9596666666667,1.21018177475909,63.8503336029314,17.8096,17.9159189430071,0.795432824104836,0.541324826007524
"4109522","2018-03-20",29.7963973793114,0.795031055900622,0.742215181958398,0.674282445516462,18.5032302064264,17.4784364602403,17.9908333333333,1.06190168555999,63.3774539441602,17.854,17.9884630839395,0.96583292016752,0.626226444839523
"4109521","2018-03-21",29.6080523568222,0.702564102564103,0.768349524871265,0.734274433420682,18.6388009237783,17.4311990762217,18.035,1.08656198213551,64.6463298901111,17.8916,18.0633346727475,1.12698199109034,0.726377554089686
"4109520","2018-03-22",29.4331605502252,0.720279720279721,0.739291626248149,0.749952111025937,18.7627545188004,17.4119121478662,18.0873333333333,1.03003963704872,67.1013938338544,17.9328,18.1522233830479,1.31827996366225,0.844758036004199
"4109519","2018-03-23",28.6258091773417,0.602836879432625,0.675226900758816,0.72762268395941,18.8465420021644,17.4027913311689,18.1246666666667,0.896190292057547,62.9188433272124,17.96,18.2079269319748,1.38163654195262,0.952133737193884
"4109518","2018-03-26",27.6791930638702,0.567375886524823,0.630164162079056,0.681560896362007,18.9050358759756,17.3912974573577,18.1481666666667,0.829317135555775,61.6261095126254,17.9876,18.2495366743782,1.39302513840456,1.04031201743602
"4109517","2018-03-27",26.5200653661393,0.507246376811594,0.559153047589681,0.621514703475852,18.9510197591986,17.3989802408014,18.175,0.752356117240581,59.7744683780056,18.0096,18.2762651177944,1.3551562666646,1.10328086728174
"4109516","2018-03-28",24.864682264532,0.398550724637682,0.491057662658033,0.560124957442257,18.975802849291,17.422197150709,18.199,0.650831921862284,55.8985842938551,18.0304,18.2794297687552,1.24450934260134,1.13152656234566
"4109515","2018-03-29",24.9325264140893,0.522875816993464,0.47622430614758,0.508811672131765,19.0509170729412,17.4270829270589,18.239,0.841373122827227,60.4961497128334,18.066,18.3155057995878,1.25249489423542,1.15572022872361
"4109514","2018-04-02",24.9955245529639,0.5359477124183,0.485791418016482,0.484357795607365,19.0715258953286,17.5364741046714,18.304,0.814430216364231,60.8477961889397,18.0968,18.3494383596428,1.25283139687342,1.17514246235357
"4109513","2018-04-03",24.8899727673204,0.503311258278146,0.520711595896637,0.494242440020233,19.085588884801,17.6057444485323,18.3456666666667,0.683127356739797,59.7031306019916,18.1148,18.3735132450237,1.22117472135868,1.18434891415459
"4109512","2018-04-04",25.235966393887,0.35076923076923,0.463342733821892,0.489948582578337,19.0989958457221,17.6654041542779,18.3822,0.661691785313349,56.9899148677389,18.13544,18.3818448123539,1.14154769618766,1.17578867056121
"4109511","2018-04-05",25.5572461899846,0.46153846153846,0.438539650195279,0.474197993304603,19.1060144241462,17.7518855758538,18.42895,0.718627644166442,61.3016339144579,18.16544,18.4175988373734,1.1587977362266,1.17239048369429
"4109510","2018-04-06",26.0207918855584,0.39795918367347,0.40342229199372,0.435101558670297,19.113233088536,17.836666911464,18.47495,0.73373902480927,62.0671019796432,18.19864,18.4539189923903,1.1760601543094,1.17312441781731
"4109509","2018-04-09",27.1724532515561,0.418367346938775,0.425954997383569,0.422638979857523,19.1283696364526,17.9218636968807,18.5251166666667,0.805192585125045,62.466866237875,18.25984,18.4880631267382,1.18447223275375,1.1753939808046
"4109508","2018-04-10",28.2418530914111,0.724489795918368,0.513605442176871,0.447660910518053,19.1859602957442,17.9652730375891,18.5756166666667,0.910465495279489,67.9270019721872,18.31224,18.5576547098398,1.30621316288548,1.20155781722077
"4109507","2018-04-11",29.8902630838369,0.555555555555556,0.566137566137567,0.501899335232669,19.2231642942462,18.0564023724205,18.6397833333333,0.968718873236471,67.5741176010189,18.36224,18.6166340818612,1.38141832372003,1.23752991852063
"4109506","2018-04-12",31.5357812129243,0.744360902255639,0.674802084576521,0.584848364296986,19.2767771307799,18.1564562025534,18.7166166666667,1.11296424030369,72.1006599601081,18.42504,18.7064162042797,1.54743082577524,1.29951009997155
"4109505","2018-04-13",31.7458651376634,0.541353383458646,0.613756613756614,0.618232088156901,19.2879590016304,18.2472743317029,18.7676166666667,0.864231367054134,63.2480313039868,18.47464,18.7482273770424,1.54368563974465,1.34834520792617
"4109504","2018-04-16",31.4580443190738,0.458646616541354,0.581453634085213,0.623337444139449,19.2938119237722,18.3180880762278,18.80595,0.763787068422187,60.0150246367248,18.51864,18.7697970601034,1.47606379303651,1.37388892494824
"4109503","2018-04-17",31.8356832603796,0.779411764705882,0.593137254901961,0.596115834247929,19.4029274887455,18.2966391779211,18.8497833333333,1.05158918402739,67.3644728266169,18.57584,18.8484907854229,1.59658457105154,1.4184280541689
"4109502","2018-04-18",32.5165818293065,0.576757532281205,0.604938637842813,0.593176508943329,19.485950910198,18.3006157564686,18.8932833333333,0.958421680672928,63.9869172578308,18.63544,18.9006920140332,1.621000813593,1.45894260605372
"4109501","2018-04-19",33.1488447861671,0.766857962697274,0.70767575322812,0.635250548657632,19.5972565804618,18.2743100862049,18.9357833333333,0.997034462734893,67.8236194354941,18.70484,18.9812664121621,1.73229812639402,1.51361371012178
"4109500","2018-04-20",34.2808989507254,0.78580171358629,0.709805736188256,0.67414004241973,19.7527464356669,18.2221535643331,18.98745,1.05482857824017,70.563670835737,18.77444,19.0797642238738,1.88818590387425,1.58852814887227
"4109499","2018-04-23",35.3989111919633,0.845280764635603,0.799313480306389,0.738931656574256,19.9061225670056,18.192844099661,19.0494833333333,1.01821698394194,72.1214613125641,18.84408,19.1825956606907,2.04125586349493,1.6790736917968
"4109498","2018-04-24",36.4370654159699,0.883561643835618,0.838214707352504,0.782444641282383,20.0457377554852,18.1882289111815,19.1169833333333,0.973582312154783,73.1606646780626,18.90248,19.2835829059319,2.17256977390199,1.77777290821784
"4109497","2018-04-25",37.6652642791192,0.81528662420382,0.84804301089168,0.828523732850191,20.1717255324177,18.212241134249,19.1919833333333,0.946384433655497,73.5189928622495,18.96288,19.375105185141,2.26098238147459,1.87441480286919
"4109496","2018-04-26",39.1797299833116,0.849162011173185,0.849336759737541,0.845198159327242,20.3176623997315,18.2549709336018,19.2863166666667,1.00113327674393,76.4531225921344,19.03008,19.4890911604555,2.40897954520787,1.98132775133693
"4109495","2018-04-27",41.2263464444333,0.66822429906542,0.777557644814142,0.824979138481121,20.5227694155484,18.2281972511182,19.3754833333333,1.0234890198503,77.5847226250447,19.09448,19.6025456723948,2.53959454177242,2.09298110942402
"4109494","2018-04-30",43.2026288111286,0.729729729729731,0.749038679989445,0.791977694847043,20.7280790010457,18.2172209989543,19.47265,1.00076507669995,79.424073672934,19.17288,19.7262062494088,2.6871033198034,2.2118055514999
"4109493","2018-05-01",43.919019690027,0.626126126126127,0.674693384973759,0.733763236592449,20.8171774788879,18.3077891877788,19.5624833333333,0.839066697256299,71.7487968513298,19.24408,19.802712082821,2.6768543955044,2.3048153203008
"4109492","2018-05-02",44.9463520358296,0.716216216216217,0.690690690690691,0.704807585217965,20.922947717183,18.4046189494836,19.6637833333333,0.887644647191356,74.0932505376035,19.32608,19.8956838051115,2.71702191966505,2.38725664017365
"4109491","2018-05-03",45.1109831257503,0.635135135135136,0.65915915915916,0.674847744941204,20.98047391088,18.5222594224533,19.7513666666667,0.795051552016599,68.577394963143,19.40688,19.9522592977633,2.64403886302484,2.43861308474389
"4109490","2018-05-04",45.4578872799427,0.740740740740742,0.697364030697365,0.682404626849072,21.0633808694026,18.6353524639308,19.8493666666667,0.864067679222602,72.497269824563,19.49048,20.0439580580615,2.6830708362056,2.48750463503623
"4109489","2018-05-07",45.9540539958707,0.742328042328043,0.70606797273464,0.687530387530389,21.138077126654,18.7488562066794,19.9434666666667,0.8481748630744,72.5318649691146,19.5734,20.1238303169867,2.68252259241397,2.52650822651178
"4109488","2018-05-08",46.584196403415,0.716012084592146,0.733026955886977,0.712152986439661,21.2188326031191,18.8451007302142,20.0319666666667,0.843214837909642,73.1026983243311,19.6598,20.1993196080551,2.66865884893341,2.55493835099611
"4109487","2018-05-09",47.6279549354492,0.7292817679558,0.729207298291997,0.722767408971205,21.3573386323927,18.9082613676073,20.1328,0.937117010853929,76.9450660105608,19.76396,20.3114103269811,2.76335670847647,2.59662202249218
"4109486","2018-05-10",49.0951336253891,0.678587596197376,0.707960482915107,0.723398245698027,21.5716834602401,18.9122498730933,20.2419666666667,1.00563398405548,79.7098084953415,19.87196,20.4498889500503,2.92429565653041,2.66215674929983
"4109485","2018-05-11",51.2550702074843,0.494444444444444,0.634104602865873,0.690424128024326,21.9163151913009,18.8856181420325,20.4009666666667,1.13539838152574,82.4196453694357,19.99316,20.6192370900436,3.15637413776513,2.76100022699289
"4109484","2018-05-14",51.8367364242131,0.352941176470589,0.50865773903747,0.616907608272817,22.0013243230223,19.0559423436444,20.5286333333333,0.869403133770483,69.2326208455982,20.09396,20.7006721447044,3.1094926337049,2.83069870833529
"4109483","2018-05-15",51.1817733440057,0.157099697885196,0.334828439600077,0.49253026050114,22.0149732748105,19.2042933918562,20.6096333333333,0.667349782349544,59.2344555193504,20.16356,20.7072491920772,2.85187275229584,2.8349335171274
"4109482","2018-05-16",50.573593340956,0.185185185185185,0.23174201984699,0.358409399494846,22.0040045563074,19.3812621103593,20.6926333333333,0.654049946443472,61.1238701355114,20.23956,20.7329492998002,2.67515926465396,2.80297866663271
"4109481","2018-05-17",50.53399240585,0.25,0.197428294356794,0.254666251267954,22.0306652311909,19.5382681021425,20.7844666666667,0.759000993786164,63.6630595535703,20.31236,20.7832227264935,2.58648538830457,2.75968001096708
"4109480","2018-05-18",50.4972201089659,0.432098765432099,0.289094650205761,0.239421654803182,22.1260127214211,19.6402539452456,20.8831333333333,0.872870720823811,69.659023694866,20.41956,20.9054596962944,2.71192420311666,2.750128849397
"4109479","2018-05-21",50.5260231690401,0.450310559006211,0.37746977481277,0.287997573125108,22.2159246848002,19.7446086485331,20.9802666666667,0.864070527657949,70.2855072880777,20.53396,21.0207317367885,2.80309198385633,2.76072147628886
"4109478","2018-05-22",49.2203027873689,0.288819875776398,0.390409733404903,0.352324719474478,22.2240931531202,19.8871068468798,21.0556,0.691585775294336,60.321337876934,20.60956,21.05130083855,2.64394307702429,2.73736579643595
"4109477","2018-05-23",48.0078481472457,0.220689655172414,0.319940029985008,0.362606512734227,22.2195531210985,20.0366468789016,21.1281,0.678004285825671,60.6677765854493,20.69116,21.0817940600767,2.50017211872904,2.68992706089457
"4109476","2018-05-24",46.8819974099884,0.27856403175699,0.262691187568601,0.324346983652837,22.2313901816224,20.1494764850442,21.1904333333333,0.680715143933053,62.6574670279703,20.76896,21.1308881853998,2.42284620248279,2.63651088921221
"4109475","2018-05-25",45.8792934569954,0.257894736842105,0.252382807923837,0.278338008492482,22.2524651023486,20.2267348976515,21.2396,0.658165188659908,62.1594775772626,20.83716,21.1701030940131,2.32466104712017,2.5741409207938
"4109474","2018-05-29",44.7278929048294,0.215053763440861,0.250504177346652,0.255192724279697,22.2650674456125,20.2869658877209,21.2760166666667,0.592167495616852,60.6033336541704,20.89712,21.1940893481447,2.19265539336349,2.49784381530774
"4109473","2018-05-30",43.890092399728,0.25089605734767,0.241281519210212,0.248056168160234,22.2470338497835,20.4209994835498,21.3340166666667,0.631058139480837,61.9703938947784,20.95752,21.2282107683921,2.1015908433232,2.41859322091083
"4109472","2018-05-31",40.8215822177822,0,0.155316606929511,0.215700767828792,22.2272894497226,20.4660772169441,21.3466833333333,0.242592067234977,45.1123180063182,20.97672,21.1244493326065,1.62985744032236,2.26084606479314
"4109471","2018-06-01",37.9722513345469,0.164948453608247,0.138614836985306,0.178404321041677,22.1742448633783,20.576788469955,21.3755166666667,0.298314786769915,49.8168490273625,20.99832,21.0771894215923,1.36224108145122,2.08112506812475
"4109470","2018-06-04",36.1547327547273,0.479289940828403,0.214746131478884,0.1695591917979,22.1615580070558,20.6714753262775,21.4165166666667,0.591818171187118,56.0314641233144,21.03512,21.10156416538,1.32255387279432,1.92941082905867
"4109469","2018-06-05",34.4670369306091,0.526627218934911,0.390288537790521,0.24788316875157,22.1427336932594,20.7697663067406,21.45625,0.582849746554,56.9684264441857,21.06752,21.133355609996,1.30640571629772,1.80480980650648
"4109468","2018-06-06",32.6677657796891,0.467455621301774,0.49112426035503,0.365386309874812,22.1127470340789,20.8577529659211,21.48525,0.453319832483884,55.3797843033674,21.10512,21.1475748619965,1.24090535992696,1.69202891719057
"4109467","2018-06-07",31.1157241516872,0.714792899408285,0.569625246548324,0.483679348231292,22.1331701410197,20.8895298589803,21.51135,0.672062079705577,60.3563165211448,21.15144,21.2156315470637,1.33268961478974,1.62016105671041
"4109466","2018-06-08",29.55142208857,0.686390532544378,0.622879684418146,0.5612097304405,22.1429885691191,20.8905447642143,21.5167666666667,0.64230844740126,59.535174225413,21.20304,21.2682140074552,1.37059309069967,1.57024746350826
"4109465","2018-06-11",27.5432008913153,0.55621301775148,0.652465483234714,0.614990138067062,21.9802209320528,20.9716457346139,21.4759333333333,0.533777022033827,55.7888187131732,21.23304,21.2844521397945,1.30178642190213,1.51655525518703
"4109464","2018-06-12",26.115841140034,0.65680473372781,0.633136094674556,0.636160420775806,21.9885281334988,20.9703385331678,21.4794333333333,0.703531182469316,57.9887633340039,21.26972,21.3211918544885,1.29655465257994,1.47255513466561
"4109463","2018-06-13",24.7904356567014,0.665680473372781,0.626232741617357,0.637278106508876,21.9916139499883,21.027919383345,21.5097666666667,0.683564384529189,58.1864709837907,21.30512,21.3550329405567,1.28298199176695,1.43464050608588
"4109462","2018-06-14",23.6339802628617,0.721893491124261,0.681459566074951,0.646942800788955,21.9969924875804,21.0888741790863,21.5429333333333,0.739029061121578,59.4868531809805,21.33032,21.3970285484825,1.29287154368241,1.40628671360519
"4109461","2018-06-15",22.4792471929524,0.467455621301774,0.618343195266272,0.642011834319527,21.9972125016564,21.085320831677,21.5412666666667,0.34142853283957,51.6560717487686,21.32592,21.3760914086848,1.12536935879106,1.35010324264236
"4109460","2018-06-18",21.0801972725746,0.55621301775148,0.581854043392505,0.627218934911243,21.966576314218,21.088623685782,21.5276,0.510327056805802,53.9341602208081,21.31272,21.3779458875269,1.03732518960968,1.28754763203583
"4109459","2018-06-19",19.9377081660653,0.591715976331361,0.538461538461538,0.579552925706772,21.9288110423098,21.1033889576902,21.5161,0.662220035658126,54.8506442101147,21.32152,21.3875531025233,0.978897674209422,1.22581764047055
"4109458","2018-06-20",19.1485324350079,0.755395683453238,0.634441559178693,0.584919047010913,21.98844979514,21.08675020486,21.5376,0.938874917543708,60.1197714403898,21.36432,21.4452126888535,1.05966723810687,1.19258755999781
"4109457","2018-06-21",18.8001469895946,0.61111111111111,0.652740923631903,0.608548007090712,22.064686092434,21.0628472408993,21.5637666666667,0.975359218305195,61.1748226077075,21.40432,21.5058509970064,1.13996833531582,1.18206371506141
"4109456","2018-06-22",18.7775904548596,0.677685950413223,0.681397581659191,0.656193354823262,22.1654302940809,21.0244363725858,21.5949333333333,1.02153359930865,63.2678591177349,21.44232,21.5797375307389,1.24839511688601,1.19532999542633
"4109455","2018-06-25",19.0062237973366,0.651515151515154,0.646770737679829,0.660303080990308,22.2676546336761,20.9915453663239,21.6296,0.988777371413896,63.7933633655315,21.45832,21.6491058599737,1.33297149498095,1.22285829533726
"4109454","2018-06-26",19.6895520282187,0.740259740259739,0.689820280729372,0.672662866689464,22.4214805244828,20.9432194755172,21.68235,1.06213571609345,67.3180511903658,21.48272,21.7465584119772,1.48591897430008,1.27547043112982
"4109453","2018-06-27",19.1048479841603,0.500000000000001,0.630591630591632,0.655727549666945,22.4877090329205,20.9416576337462,21.7146833333333,0.826843381103971,59.1268831268552,21.51312,21.7816839570469,1.4522375678113,1.31082385846612
"4109452","2018-06-28",18.125565708469,0.402597402597403,0.547619047619048,0.622676986313351,22.4548657636582,21.0866009030085,21.7707333333333,0.678035705663238,56.1442893380228,21.53632,21.7921260961073,1.35422436918775,1.31950396061044
"4109451","2018-06-29",17.5135304876408,0.40909090909091,0.437229437229438,0.53848003848004,22.4307435428342,21.2113897904992,21.8210666666667,0.695950791864783,56.3025447946992,21.55312,21.802509283293,1.26561994446099,1.30872715738055
"4109450","2018-07-02",16.5825594201288,0.331168831168832,0.380952380952382,0.455266955266956,22.4327499104593,21.2383834228741,21.8355666666667,0.506502749991223,53.7939423388728,21.56612,21.7955080455206,1.13786925476662,1.27455557685777
"4109449","2018-07-03",15.8021647274937,0.38961038961039,0.376623376623377,0.398268398268399,22.4380139915554,21.2674526751112,21.8527333333333,0.551770034724945,55.3990132790643,21.58572,21.8014403061179,1.05776165928151,1.23119679334252
"4109448","2018-07-05",15.8437118507618,0.441558441558443,0.387445887445888,0.381673881673883,22.4422977089761,21.3268356243573,21.8845666666667,0.660262432163031,56.8343882763714,21.60452,21.8172482653021,1.01217216848744,1.1873918683715
"4109447","2018-07-06",16.0774427951874,0.571942446043164,0.467703759070666,0.410591007713311,22.48805551272,21.3352111539467,21.9116333333333,0.807962935873742,61.2796813898335,21.67392,21.8662818299285,1.06154846017115,1.16222318673143
"4109446","2018-07-09",15.7679882059689,0,0.337833629200536,0.397661091905697,22.4872860473387,21.3401472859947,21.9137166666667,0.345659473843792,45.9811889116042,21.69872,21.8027775859381,0.797685691698491,1.08931568772484
"4109445","2018-07-10",15.4806375159803,0.0287769784172656,0.200239808153477,0.335259065474893,22.4808816558112,21.3547183441888,21.9178,0.210403162696283,46.7021623652317,21.70552,21.753073907813,0.596262372102196,0.990705024600313
"4109444","2018-07-11",15.2138118752765,0.0359712230215832,0.0215827338129498,0.186552057055654,22.4909089904547,21.3276910095453,21.9093,0.162459367223368,46.8929941716588,21.70952,21.7113307201046,0.43516710370719,0.879597440421688
"4109443","2018-07-12",15.116328487511,0,0.0215827338129498,0.0811350919264592,22.5020706973351,21.2968626359983,21.8994666666667,0.160252300160924,45.8326375419633,21.71512,21.6671532907573,0.281774464152518,0.760032845167854
"4109442","2018-07-13",14.7991696251321,0.0857142857142863,0.04056183624529,0.0279091012903969,22.5057592506535,21.2764074160132,21.8910833333333,0.256985761454178,48.3482498608056,21.7088,21.644866185323,0.202500072498313,0.648526290633946
"4109441","2018-07-16",14.0918267557509,0.0857142857142863,0.0571428571428577,0.0397624757336996,22.4874368259997,21.3183965073337,21.9029166666667,0.269397745288229,48.3482498608056,21.7044,21.6255506939466,0.138051741868828,0.546431380880922
"4109440","2018-07-17",14.1318558961752,0,0.0571428571428577,0.0516158501770022,22.4998619941643,21.2928046725024,21.8963333333333,0.0929494610439619,43.4704064563365,21.6988,21.5754772680871,-0.00647093251975317,0.435850918200787
"4109439","2018-07-18",14.5241959391837,0,0.028571428571429,0.0476190476190485,22.5337761348347,21.219890531832,21.8768333333333,0.0305273671287241,40.9771792034645,21.6808,21.5134136323421,-0.17181897894526,0.314316938771578
"4109438","2018-07-19",14.8885116934058,0.0300751879699241,0.0100250626566416,0.0319131161236431,22.5528064627153,21.1328602039514,21.8428333333333,0.0848434429390639,42.0007252067166,21.6638,21.4649584813632,-0.284943898272183,0.194464771362826
"4109437","2018-07-20",15.1857641544571,0.0454545454545472,0.0251765778081573,0.021257689678743,22.5499776930056,21.058688973661,21.8043333333333,0.141696925349121,42.5372973738719,21.6438,21.4256306838481,-0.363141790435495,0.0829434590031616
"4109436","2018-07-23",15.7730672602943,0,0.0251765778081573,0.0201260727576525,22.5245441596345,20.9831225070322,21.7538333333333,0.127724618786443,40.3274913280712,21.6366,21.3768799260017,-0.461539491986063,-0.0259531311946832
"4109435","2018-07-24",15.4025141157803,0.072992700729928,0.0394824153948253,0.029945190337047,22.4641516657842,20.9501816675492,21.7071666666667,0.244270581901856,43.2155479378354,21.6274,21.3479626025348,-0.496248341202998,-0.120012173196346
"4109434","2018-07-25",14.978886133716,0.175182481751826,0.0827250608272516,0.0491280180100785,22.3215175716012,20.9834824283988,21.6525,0.32623774780417,47.0773143389166,21.6214,21.3415675888635,-0.465495202016586,-0.189108778960394
"4109433","2018-07-26",13.9255605640635,0.364963503649635,0.204379562043797,0.108862346088625,22.2403809788687,21.0076190211313,21.624,0.521090851998481,53.4137407447575,21.611,21.3706919103483,-0.338898565412005,-0.219066736250716
"4109432","2018-07-27",14.1770357902881,0.128654970760237,0.2229336520539,0.170012758308316,22.1920070851232,20.9862262482102,21.5891166666667,0.274046832011765,44.7572502023703,21.5818,21.3439329889686,-0.381589106194746,-0.251571210239522
"4109431","2018-07-30",14.5477515094901,0.0714285714285741,0.188349015279482,0.205220743125727,22.1272200186391,20.9713466480276,21.5492833333333,0.252611309101523,43.7776885555465,21.5442,21.3140752571061,-0.429511918519709,-0.28715935189556
"4109430","2018-07-31",14.2226169688368,0.255952380952381,0.152011974380398,0.18776488057126,22.0923102938789,20.9642563727878,21.5282833333333,0.406963667216813,47.6059100285133,21.5112,21.3088652228253,-0.404198428799463,-0.31056716727634
"4109429","2018-08-01",13.9207063239445,0.261904761904765,0.196428571428573,0.178929853696152,22.040125405453,20.9619412612137,21.5010333333333,0.376922693856129,47.7295524683329,21.4672,21.3050165264486,-0.377892232466259,-0.324032180314324
"4109428","2018-08-02",13.4434377671915,0.226190476190478,0.248015873015875,0.198818806274949,21.9417253964672,20.9904412701995,21.4660833333333,0.393039316866126,47.0126892571559,21.4368,21.2976809895888,-0.364219584109959,-0.332069661073451
"4109427","2018-08-03",12.6040528114696,0.577922077922079,0.355339105339107,0.266594516594519,21.7395829911758,21.1225836754909,21.4310833333333,0.719746326919081,53.4170985049131,21.4226,21.3253235243103,-0.25387322171545,-0.316430373201851
"4109426","2018-08-06",12.1589727143376,0.62820512820513,0.477439227439229,0.360264735264737,21.7193461022929,21.1338205643737,21.4265833333333,0.875873158522609,54.4630891013396,21.4098,21.3552803877356,-0.147780485741189,-0.282700395709719
"4109425","2018-08-07",11.8800495338788,0.26923076923077,0.491785991785993,0.441521441521444,21.6997790682171,21.1338875984496,21.4168333333333,0.46436301350335,47.3401237157537,21.3906,21.3439096693708,-0.167618060292918,-0.259683928626358
"4109424","2018-08-08",11.6210494377384,0.30769230769231,0.401709401709403,0.456978206978209,21.6892320451719,21.1294346214948,21.4093333333333,0.423781952431283,48.1229790209318,21.369,21.338055046788,-0.170053101920165,-0.24175776328512
"4109423","2018-08-09",11.3805493484652,0.243589743589745,0.273504273504275,0.388999888999891,21.6808112598474,21.1238554068193,21.4023333333333,0.406036837482162,46.8722845805581,21.3422,21.326314373883,-0.188731625052818,-0.231152535638659
"4109422","2018-08-10",14.0030786522527,0.149999999999999,0.233760683760685,0.302991452991455,21.823956654314,21.0288100123527,21.4263833333333,1.31362350773977,52.2213428543561,21.3128,21.3428057906986,-0.126431241148461,-0.21020827674062
"4109421","2018-08-13",16.6382378021636,0.689075630252101,0.360888457947282,0.289384471737414,22.2888368248676,20.7012631751324,21.49505,1.45215530121633,72.0625725366443,21.3676,21.5317650186054,0.410856058095743,-0.0859954097733472
"4109420","2018-08-14",18.9140379860036,0.665271966527196,0.501449198926433,0.3653661135448,22.5948149778565,20.5524516888101,21.5736333333333,1.18696560541314,70.8531523464423,21.4188,21.6888630161247,0.804632669517846,0.0921302060848915
"4109419","2018-08-15",21.0272810138551,0.740585774058577,0.698311123612625,0.520216260162114,22.8520957491731,20.4721709174936,21.6621333333333,1.07475204613979,72.6337658992163,21.4768,21.8490146139747,1.16662004341608,0.307028173551129
"4109418","2018-08-16",23.3445530812392,0.725806451612903,0.710554730732892,0.636771684423984,23.0937771110814,20.4198228889186,21.7568,1.01977952918823,72.9305840142334,21.5384,21.9918126654448,1.44462333459157,0.534547205759216
"4109417","2018-08-17",26.0517971492069,0.738831615120274,0.735074613597252,0.71464682264759,23.4260240548516,20.3259092784817,21.8759666666667,1.07332285895166,77.1929368374041,21.6144,22.1795709767188,1.81572738587628,0.790783241782628
"4109416","2018-08-20",28.5656666408911,0.872852233676976,0.779163433470051,0.741597592600066,23.7587242838916,20.2652090494417,22.0119666666667,1.04043941606874,79.9547262188287,21.706,22.3942948464896,2.21992258663246,1.07661111075259
"4109415","2018-08-21",31.1365639970733,0.805732484076433,0.805805444291228,0.773347830452844,24.0586961000651,20.2315705666015,22.1451333333333,0.980308258489867,79.6882640046089,21.8072,22.5790555336244,2.50200551767537,1.36168999213715
"4109414","2018-08-22",33.0989862845524,0.770700636942676,0.816428451565362,0.800465776442214,24.2917868705825,20.2441464627509,22.2679666666667,0.897441432022321,76.6617171395324,21.9096,22.7245147958078,2.65163495145562,1.61967898400084
"4109413","2018-08-23",34.5340428929985,0.738853503184713,0.771762208067941,0.797998701308177,24.4598533568321,20.2780799765012,22.3689666666667,0.811119999819399,73.9133916446559,22.0064,22.8372461563667,2.70097450881481,1.83593808896364
"4109412","2018-08-24",36.0851294436539,0.815286624203821,0.774946921443737,0.78771252702568,24.6305650430577,20.3650349569423,22.4978,0.827165277271373,76.1255626430198,22.112,22.9669466688512,2.79006863097762,2.02676419736643
"4109411","2018-08-27",37.799980354759,0.856687898089172,0.803609341825902,0.78343949044586,24.7961109816847,20.4798223516487,22.6379666666667,0.831001960818382,77.2508984050566,22.2272,23.0966871130044,2.8704137399262,2.19549410587839
"4109410","2018-08-28",39.5020536185854,0.874213836477988,0.848729452923661,0.8090952387311,24.9550567453357,20.5948765879976,22.7749666666667,0.818419564459988,78.0232177630248,22.342,23.2211288312704,2.92904366104998,2.34220401691271
"4109409","2018-08-29",41.3271082053025,0.891975308641975,0.874292347736379,0.842210380828647,25.1264983131294,20.7322683535372,22.9293833333333,0.847565636613853,80.4812548519903,22.4636,23.3703116537677,3.04482973079392,2.48272915968895
"4109408","2018-08-30",43.201588861189,0.75799086757991,0.841393337566624,0.854805046075555,25.2700789134376,20.9069210865624,23.0885,0.834199844361572,80.7061537791428,22.576,23.5036034332654,3.10789969596439,2.60776326694404
"4109407","2018-08-31",44.3656899739566,0.679910714285715,0.7766256301692,0.830770438490735,25.3772442263553,21.090289106978,23.2337666666667,0.78883748461383,76.3781406684189,22.69852,23.60085630883,3.07325065524946,2.70086074460512
"4109406","2018-09-04",45.6502770356963,0.820796460176992,0.752899347347539,0.790306105027788,25.5233880227006,21.2674786439661,23.3954333333333,0.84882478327302,80.5714458949152,22.84352,23.753408800986,3.18112222230424,2.79691304014495
"4109405","2018-09-05",46.5225670186501,0.784753363228701,0.761820179230469,0.763781718915736,25.5647005889084,21.5648327444249,23.5647666666667,0.804651732018412,78.3765962188655,22.97932,23.8756209608545,3.2012313214471,2.87777669640538
"4109404","2018-09-06",47.2437472017089,0.714285714285714,0.773278512563803,0.762666013047271,25.5216693697704,21.9455306302296,23.7336,0.782352952968202,77.768210313704,23.11412,23.9788714994072,3.17169113148745,2.93655958342179
"4109403","2018-09-07",47.4148255631543,0.613924050632911,0.704321042715776,0.746473244836683,25.3582098716706,22.4413234616627,23.8997666666667,0.765202876605867,74.3498321134803,23.24572,24.0536886328196,3.07442125868602,2.96413191847464
"4109402","2018-09-10",47.5736840416394,0.658227848101266,0.662145871006631,0.713248475428736,25.2651559726975,22.7980440273025,24.0316,0.774977388547871,75.0999143570311,23.36992,24.127863481777,2.98529071321418,2.96836367742255
"4109401","2018-09-11",47.7546872410292,0.715189873417722,0.662447257383966,0.676304723702124,25.2996162304003,22.9405837695997,24.1201,0.778320318849631,76.0688852998593,23.49592,24.2041483508734,2.91007555077982,2.956706052094
"4109400","2018-09-12",44.774920681886,0.190506329113923,0.521308016877637,0.615300381756078,25.2351437718367,23.1221228948299,24.1786333333333,0.485187084358417,54.8830759048537,23.59996,24.1597285707569,2.54457616973716,2.87428007562263
"4109399","2018-09-13",43.3901495807928,0.585987261146498,0.497227821226048,0.560327698495884,25.2406868946111,23.3082464387223,24.2744666666667,0.847850303977846,65.5802494884025,23.73716,24.2357647613227,2.51228372274042,2.80188080504619
"4109398","2018-09-14",42.1042907012063,0.662027833001989,0.47950714108747,0.499347659730385,25.2293478528282,23.5029188138385,24.3661333333333,0.855570169872674,66.9553981135559,23.88196,24.320329459813,2.50323690099397,2.74215202423574
"4109397","2018-09-17",42.0097012807461,0.43934267762204,0.562452590590176,0.513062517634565,25.3071273857012,23.5764726142988,24.4418,0.918839550581942,65.1533037813401,24.01516,24.3816188651713,2.43711546827785,2.68114471304417
"4109396","2018-09-18",41.9218682474616,0.676172063798936,0.592514191474322,0.544824641050656,25.4618028891207,23.5807971108793,24.5213,1.01499044351986,69.9028824228515,24.11556,24.5000696831484,2.51629772354127,2.64817531514359
"4109395","2018-09-19",42.0359620061052,0.633318243549118,0.582944328323365,0.579303703462621,25.6041118825793,23.5941547840874,24.5991333333333,0.968102860191709,69.9028824228515,24.21796,24.6027270587286,2.54772649776556,2.62808555166798
"4109394","2018-09-20",41.6247059195263,0.560887279311906,0.62345919555332,0.599639238450336,25.6495498529038,23.6837168137629,24.6666333333333,0.784883467813768,66.4718523530327,24.30676,24.6703634508982,2.49020471212777,2.60050938375994
"4109393","2018-09-21",41.242825267703,0.560887279311906,0.585030934057644,0.597144819311443,25.641176931927,23.8470897347397,24.7441333333333,0.7652416601672,66.4718523530328,24.39436,24.7289816574451,2.41599583144652,2.56360667329726
"4109392","2018-09-24",40.9538420971776,0.592575826165686,0.571450128263166,0.593313419291377,25.649000784595,23.9779325487384,24.8134666666667,0.779182694831235,67.2865623548933,24.46556,24.7891174364524,2.35220637691056,2.52132661401992
"4109391","2018-09-25",40.1804120150876,0.529198732458126,0.560887279311907,0.572456113877573,25.6457208971215,24.0935457695452,24.8696333333333,0.706398531309347,63.94013270132,24.51556,24.8225684449254,2.22990529260616,2.46304234973717
"4109390","2018-09-26",38.9734503173757,0.465821638750566,0.529198732458126,0.553845380011067,25.6234213971116,24.2061786028884,24.9148,0.607156421811191,60.6896157853324,24.56036,24.8328926522687,2.06353390398881,2.38314066058749
"4109389","2018-09-27",36.9567854007948,0.339067451335447,0.444695940848047,0.511593984206027,25.6112110652964,24.2503889347036,24.9308,0.386735136159052,54.7002245166116,24.59836,24.8045069652995,1.81974500261639,2.27046152899327
"4109388","2018-09-28",35.0841679782553,0.397917609778181,0.400935566621398,0.458276746642524,25.6044325366309,24.2865007967024,24.9454666666667,0.419975622810033,56.8304044126238,24.64556,24.7972393699263,1.6499033405535,2.14634989130532
"4109387","2018-10-01",33.7948305650017,0.456767768220915,0.397917609778181,0.414516372415876,25.5933676230013,24.3490323769987,24.9712,0.512429662115855,58.9111952350033,24.68836,24.8082741206028,1.53987102849096,2.02505411874245
"4109386","2018-10-02",32.7438757185534,0.143835616438355,0.33284033147915,0.37723116929291,25.596626573734,24.3551067595994,24.9758666666667,0.497959490211515,57.7580752707573,24.72396,24.8111709045224,1.41999751924193,1.90404279884234
"4109385","2018-10-03",30.7408050268279,0,0.200201128219757,0.310319689825696,25.5968136134645,24.3535863865355,24.9752,0.334945699743986,51.0820041035895,24.74356,24.7723481172527,1.21016223519943,1.76526668611376
"4109384","2018-10-04",28.8808108130828,0.0576923076923076,0.0671759747102209,0.200072478136376,25.5958752257007,24.3605247742993,24.9782,0.358447725122623,52.7881825957764,24.75436,24.750701701619,1.06100189834912,1.62441372856083
"4109383","2018-10-05",26.927009923172,0,0.0192307692307694,0.0955359573869159,25.5982582265816,24.3538084400851,24.9760333333333,0.221938693639432,49.8741048752824,24.75836,24.7132748080698,0.886889437685068,1.47690887038568
"4109382","2018-10-08",25.571504525066,0.232919254658385,0.0968705207835644,0.0610924215748518,25.5986089031001,24.3779577635666,24.9882833333333,0.472733132133021,56.7596938678693,24.78284,24.7308381669939,0.861483538743046,1.35382380405715
"4109381","2018-10-09",23.9934269624977,0.107843137254901,0.113587463971096,0.0765629179951434,25.5980403537448,24.3865263129219,24.9922833333333,0.388060177515935,51.3876785436547,24.77624,24.7107264113947,0.746172198368744,1.23229348291947
"4109380","2018-10-10",22.9197421468904,0,0.113587463971096,0.108015149575252,25.5013770547052,24.5491229452948,25.02525,0.270456928278648,48.7619770611152,24.76704,24.6746295565421,0.602071471461785,1.10624908062793
"4109379","2018-10-11",22.6541527378301,0,0.0359477124183006,0.0877075467868309,25.5440243119104,24.4531423547563,24.9985833333333,-0.0364925106349562,43.7726307966662,24.74704,24.6046789490031,0.388257264119241,0.962650717326196
"4109378","2018-10-12",23.4856806597288,0,1.61907524424502e-16,0.0498450587964657,25.6651274121496,24.2263725878504,24.94575,-0.210626056225122,36.2061481751119,24.70944,24.4707217558027,0.0367728704582015,0.777475147952597
"4109377","2018-10-15",24.7495908896872,0,1.61907524424502e-16,0.0119825708061006,25.7764817838136,23.9630182161864,24.86975,-0.174446046321,32.6679272853097,24.65624,24.311958855029,-0.34554843117528,0.552870432127022
"4109376","2018-10-16",25.1363381416107,0.423008849557522,0.141002949852508,0.0470009832841695,25.6987173990257,23.9281826009743,24.81345,0.246150145992819,48.7738872778086,24.63768,24.3018310076918,-0.328099120756564,0.376676521550305
"4109375","2018-10-17",25.3670442601659,0.491150442477876,0.3047197640118,0.148574237954769,25.5905856321576,23.9303143678423,24.76045,0.3310818201653,50.814899959546,24.65844,24.3135868733329,-0.260078082676674,0.249325600704909
"4109374","2018-10-18",25.9354699977915,0.402654867256638,0.438938053097346,0.294886922320551,25.5384159455157,23.8898173878176,24.7141166666667,0.248806848863881,48.132715601804,24.63684,24.2971086235552,-0.269533286221557,0.145553823319616
"4109373","2018-10-19",26.007039332499,0.402654867256638,0.432153392330384,0.391937069813177,25.4752759065468,23.8654574267865,24.6703666666667,0.297886115262447,48.132715601804,24.60964,24.2828274737478,-0.273892451218982,0.0616645684118962
"4109372","2018-10-22",25.5356453429886,0.517699115044247,0.441002949852508,0.437364798426746,25.3903065554192,23.8797601112474,24.6350333333333,0.459153854396163,51.9561045688709,24.59644,24.3051171439148,-0.188735666651474,0.0115845213992222
"4109371","2018-10-23",25.8362357259417,0.349557522123894,0.42330383480826,0.432153392330384,25.3175463201521,23.8548536798479,24.5862,0.245082010811837,46.554625007839,24.54844,24.2737681913928,-0.24474382276467,-0.0396811474335563
"4109370","2018-10-24",25.069443678892,0.486725663716814,0.451327433628318,0.438544739429696,25.2571091386458,23.8622908613542,24.5597,0.483486498773117,51.0275419928495,24.51284,24.2879324325404,-0.183953079423282,-0.0685355338315015
"4109369","2018-10-25",23.8737568580913,0.550884955752212,0.462389380530973,0.445673549655851,25.2486904070828,23.8623762595839,24.5555333333333,0.599400269591569,53.0085688923251,24.48944,24.319541441535,-0.0866427127667491,-0.0721569696185511
"4109368","2018-10-26",23.2636953986888,0.446902654867256,0.494837758112094,0.469518190757129,25.2188023909669,23.8562642756998,24.5375333333333,0.457774881532721,49.5128166384382,24.45664,24.3156025826637,-0.0865673525955124,-0.0750390462139433
"4109367","2018-10-29",21.9857655049344,0.623893805309735,0.540560471976401,0.499262536873156,25.1944537792024,23.8656128874642,24.5300333333333,0.73075248153467,54.9577375518528,24.43704,24.3655222383086,0.0456003793565474,-0.0509111610998452
"4109366","2018-10-30",20.7365267246412,0.623255813953489,0.564684091376827,0.533360773821774,25.1800816975752,23.8716516357581,24.5258666666667,0.778297896050817,53.8629661813244,24.42024,24.3994526065341,0.12552626373441,-0.0156236761329941
"4109365","2018-10-31",19.2870583130247,0.567441860465116,0.604863826576114,0.570036129976447,25.1680968882867,23.8726364450466,24.5203666666667,0.607786643785191,51.9523745227845,24.40424,24.4128589256629,0.147414030745363,0.0169838652426773
"4109364","2018-11-01",17.9411233593808,0.646511627906977,0.612403100775194,0.593983672909379,25.1636749314681,23.8737250685319,24.5187,0.694813773171003,54.4190571468369,24.40624,24.4471444022412,0.218347125302532,0.0572565172546481
"4109363","2018-11-02",17.3530806397049,0.220588235294118,0.478180574555404,0.565149167302238,25.1591325622956,23.8722674377044,24.5157,0.542195564214435,49.5815820553959,24.39104,24.4368584819423,0.173489631177093,0.0805031400391371
"4109362","2018-11-05",16.8070409714345,0.294117647058823,0.387072503419973,0.492552059583524,25.113891388919,23.885508611081,24.4997,0.61014482003577,51.1406980100053,24.37464,24.4412773510167,0.169005794795418,0.0982036709903933
"4109361","2018-11-06",16.2695030262694,0.466911764705881,0.327205882352941,0.39748632010944,25.1041925156125,23.8890408177209,24.4966166666667,0.745552332150011,54.6869155447922,24.36964,24.4764403708811,0.2401852898688,0.126599994766075
"4109360","2018-11-07",15.1443898166767,0.463235294117647,0.408088235294117,0.374122207022344,25.1144093361459,23.8851573305208,24.4997833333333,0.801172310455906,54.5961195448141,24.37684,24.5062483214303,0.291463028561112,0.159572601525082
"4109359","2018-11-08",14.2541758871882,0.404411764705883,0.444852941176471,0.393382352941176,25.1417974907162,23.8934358426172,24.5176166666667,0.702171649311451,53.077671912294,24.37724,24.5214152119063,0.302212196440155,0.188100520508097
"4109358","2018-11-09",15.7821197631391,0.158995815899581,0.342214291574371,0.398385156014986,25.1916325380129,23.9632674619871,24.57745,0.941684651077288,49.9015600935796,24.37644,24.5118931836521,0.25187854969384,0.200856126345245
"4109357","2018-11-12",17.6013861516396,0.728,0.430469193535155,0.405845475428666,25.5782965376703,23.8456034623297,24.71195,1.43768289940633,69.2507365623744,24.42704,24.7249740924985,0.747193043612326,0.310123509798662
"4109356","2018-11-13",18.2374192924926,0.564,0.483665271966527,0.418782919025351,25.7932442217991,23.7885891115342,24.7909166666667,1.07487029103694,62.7993389673958,24.47184,24.854977546832,0.991344164564745,0.446367640751878
"4109355","2018-11-14",19.5050859844611,0.630597014925374,0.640865671641792,0.518333379047825,26.0712650707022,23.6935682626312,24.8824166666667,1.10040595945095,65.1847220544047,24.53344,25.0049805405878,1.25888373596792,0.608870859795086
"4109354","2018-11-15",20.012297139273,0.508461538461539,0.567686184462304,0.564072376023541,26.208673907123,23.7212927595436,24.9649833333333,0.896541559768546,60.8618557067382,24.59512,25.0965831351761,1.36064472378048,0.759225632592165
"4109353","2018-11-16",20.7526127454852,0.661538461538462,0.600199004975125,0.602916953693074,26.3968172234708,23.7273161098625,25.0620666666667,0.958737399942409,64.3776527085444,24.69472,25.2290387171526,1.54963999794586,0.917308505662905
"4109352","2018-11-19",21.7241857225674,0.730769230769231,0.633589743589744,0.600491644342391,26.607154808941,23.7079785243924,25.1575666666667,0.957290808334928,65.8708696212379,24.81432,25.3678335548656,1.73471432344592,1.08078966921951
"4109351","2018-11-20",21.7196946569586,0.58076923076923,0.657692307692308,0.630493685419059,26.6790612045889,23.8187387954111,25.2489,0.776577212925942,60.0021425781,24.88008,25.4361224142168,1.73606373607891,1.21184448259139
"4109350","2018-11-21",22.3150790330587,0.715384615384616,0.675641025641026,0.655641025641026,26.8217814362711,23.8650185637289,25.3434,0.866369138603007,63.1731899922186,24.95368,25.5419727589879,1.82590134256355,1.33465585458582
"4109349","2018-11-23",23.3131460975839,0.739130434782608,0.678428093645485,0.670587142326273,27.0086098515713,23.8818568150954,25.4452333333333,0.910894832971751,65.3696004223526,25.04568,25.6683763911229,1.95486535934821,1.4586977555383
"4109348","2018-11-26",23.7184812396969,0.655797101449276,0.703437383872167,0.685835501052893,27.1110119427766,23.9831213905567,25.5470666666667,0.809985270843911,61.8550963164242,25.12848,25.7472595389732,1.96085766674843,1.55912973778032
"4109347","2018-11-27",24.0718141545524,0.652173913043478,0.682367149758454,0.688077542425369,27.1980933924785,24.0540399408548,25.6260666666667,0.751458829235782,61.6997758598805,25.20048,25.8142916004434,1.93935160796379,1.63517411181702
"4109346","2018-11-28",24.6850228836477,0.742753623188406,0.683574879227053,0.689793137619225,27.3094314605048,24.1193685394952,25.7144,0.795375574086944,64.1250935799753,25.29768,25.905719387051,1.97666666436658,1.70347262232693
"4109345","2018-11-29",25.2936358432563,0.789855072463768,0.728260869565217,0.698067632850242,27.3982530197542,24.2398803135792,25.8190666666667,0.795806338764285,65.3536984496467,25.38768,26.0022901354442,2.02217672798723,1.76721344345899
"4109344","2018-11-30",26.0593562605645,0.617918313570486,0.716842336407553,0.709559361733275,27.4783382554279,24.3631284112387,25.9207333333333,0.783319597762031,65.3536984496467,25.47188,26.0859847840516,2.03368538199755,1.8205078311667
"4109343","2018-12-03",26.5975679874659,0.578392621870883,0.662055335968379,0.70238618064705,27.4896648278156,24.5651351721844,26.0274,0.731125484411421,64.1772315861848,25.56308,26.1505201461781,2.00039997219432,1.85648625937223
"4109342","2018-12-04",27.5245152694253,0.76007556675063,0.652128834064,0.677008835479978,27.5227168613056,24.7711831386944,26.14695,0.819476367952993,67.6193400857093,25.65144,26.250317460021,2.05081031408056,1.89535107031389
"4109341","2018-12-06",28.9179156258052,0.519136408243376,0.619201532288296,0.644461900773559,27.5447760195615,24.9772906471051,26.2610333333333,0.81767788906738,64.5922797523813,25.73664,26.3169417986849,2.02071827550354,1.92042451135182
"4109340","2018-12-07",30.5007693333138,0.765258215962442,0.681490063652149,0.650940143334815,27.6595519895292,25.1431813438041,26.4013666666667,1.00680133396348,71.5806550479308,25.85704,26.4760162255269,2.20243101679238,1.97682581243994
"4109339","2018-12-10",31.7836451912317,0.737089201877933,0.673827942027917,0.658173179322788,27.6660720793869,25.4203279206131,26.5432,0.973547559953282,70.399330777479,25.96824,26.60588072879,2.29914719302806,2.04129008855756
"4109338","2018-12-11",32.59349864409,0.671296296296296,0.724547904712224,0.69328863679743,27.6682182711101,25.6628483955565,26.6655333333333,0.949360162590742,67.9828276484657,26.08664,26.7024299649513,2.31113519669286,2.09525911018462
"4109337","2018-12-12",32.933828846264,0.535911602209944,0.648099033461392,0.682158293400511,27.7580882367367,25.6793117632633,26.7187,0.827740865212706,65.36517481459,26.19584,26.7687726362911,2.25444366178391,2.12709602050448
"4109336","2018-12-13",33.2498497482827,0.53072625698324,0.57931138516316,0.650652774445592,27.7995267326299,25.7788732673701,26.7892,0.779183612149345,65.36517481459,26.29564,26.826269618119,2.1837384149066,2.1384244993849
"4109335","2018-12-14",32.8855993374887,0.418994413407821,0.495210757533669,0.574207058719407,27.8404235342127,25.8319764657873,26.8362,0.706029825981131,61.1631494134894,26.38764,26.8494336690364,2.04370732934194,2.11948106537631
"4109334","2018-12-17",30.7862465844168,0.0502793296089385,0.333333333333334,0.469285158676721,27.795706249602,25.9525604170646,26.8741333333333,0.410949350596217,49.7884596601809,26.45644,26.7815091798316,1.71460054745225,2.0385049617915
"4109333","2018-12-18",28.8368475994215,0.0235294117647054,0.164267718260489,0.330937269709164,27.7834666982007,25.9864666351326,26.8849666666667,0.287627534813906,50.3906228911474,26.53364,26.7279746225207,1.44910827158633,1.92062562375046
"4109332","2018-12-19",27.145811123998,0,0.0246029137912149,0.174067988461679,27.7918506704874,25.9627493295126,26.8773,0.200782024626177,46.3499951765022,26.53364,26.6455780061846,1.14381936034178,1.76526437106873
"4109331","2018-12-20",26.3906926805239,0,0.00784313725490208,0.0655712564355354,27.8152672980018,25.9233327019982,26.8693,-0.0229039112079787,40.97669815261,26.53364,26.5195009386933,0.768101294667489,1.56583175578848
"4109330","2018-12-21",24.8653818050811,0,2.84494650060196e-16,0.0108153503487059,27.8578933811376,25.8320399521957,26.8449666666667,0.0532911444934351,37.8637004429246,26.51164,26.3742341468676,0.382411522465165,1.32914770912382
"4109329","2018-12-24",24.5554165681169,0,2.84494650060196e-16,0.00261437908496774,28.1342962639022,25.3479704027645,26.7411333333333,-0.24930216494763,28.0161334092382,26.45476,26.0936695939519,-0.279707804869667,1.00737660632512
"4109328","2018-12-26",24.2675917052215,0.0053050397877983,0.00176834659593305,0.000589448865311392,28.3186755952143,24.9735910714524,26.6461333333333,-0.106701161734577,28.3620772195595,26.38276,25.8531803147583,-0.79493679731184,0.646913925597728
"4109327","2018-12-27",24.0003257611043,0.0265251989389924,0.0106100795755972,0.00412614205717703,28.442624971538,24.672975028462,26.5578,-0.00609473792232999,29.8150551943562,26.30676,25.6554229394572,-1.16917186745972,0.283696766986239
"4109326","2018-12-28",23.5109604740547,0.151193633952255,0.0610079575596821,0.0244621279104043,28.4770937788485,24.4728395544849,26.4749666666667,0.131650094119308,37.7971826220777,26.26516,25.5466998808629,-1.30494052326923,-0.034030691064854
"4109325","2018-12-31",22.4995350529538,0.156498673740053,0.111405835543767,0.0610079575596823,28.4764753594381,24.3081246405619,26.3923,0.189973304274063,38.1196932072237,26.21036,25.4551398967479,-1.39125210521406,-0.305474973894695
"4109324","2019-01-02",22.1153182135553,0.0708215297450425,0.126171279145784,0.0995283574164111,28.4800918631882,24.1015081368118,26.2908,0.153434361086783,34.8149807222179,26.13156,25.3304545771815,-1.55113454403203,-0.554606887922162
"4109323","2019-01-03",21.6686764620418,0.0862068965517243,0.104509033345607,0.114028716011719,28.46734758122,23.9259190854467,26.1966333333333,0.196872176978112,35.6978282319917,26.06396,25.2290606335573,-1.6444014631204,-0.77256580296181
"4109322","2019-01-04",20.2266762824577,0.272988505747126,0.143338977347965,0.124673096613119,28.3776580870449,23.8546752462884,26.1161666666667,0.345345422561228,45.9469397892233,26.02276,25.227852549083,-1.49342408230985,-0.916737458831417
"4109321","2019-01-07",19.1215809692171,0.367924528301887,0.242373310200246,0.163407106964606,28.2702585723124,23.8187414276876,26.0445,0.40988091169073,48.9148403223293,25.98036,25.2561388758719,-1.28843225147733,-0.991076417360601
"4109320","2019-01-08",18.9197253171541,0.509293680297398,0.383402238115471,0.256371508554561,28.0538319285407,23.861834738126,25.9578333333333,0.496541028216057,51.520850147537,25.94076,25.307320359089,-1.04995273981289,-1.00285168185106
"4109319","2019-01-09",18.7322879259528,0.654275092936803,0.510497767178696,0.378757771831471,27.846103093579,23.9272302397543,25.8866666666667,0.57570203926803,56.2117696690027,25.91676,25.4036776445438,-0.728544311378865,-0.947990207756619
"4109318","2019-01-10",19.4817480339531,0.696864111498258,0.62014429491082,0.504681433401662,27.6681228651543,24.0045438015124,25.8363333333333,0.697529971128088,58.8505220304,25.90476,25.5191872919379,-0.393921654109652,-0.837176497027226
"4109317","2019-01-11",20.6149528678373,0.845679012345679,0.732272738926913,0.62097160033881,27.6210625743159,24.0292707590175,25.8251666666667,0.876274592041668,65.7116166907701,25.9092,25.7179623196796,0.101633959795255,-0.64941440566273
"4109316","2019-01-14",21.7806245321737,0.874251497005989,0.805598206949975,0.719338413595903,27.6159494040476,24.0320505959524,25.824,0.920212757290541,67.1465620781874,25.9268,25.914234010389,0.541028676175981,-0.411325789294988
"4109315","2019-01-15",23.1107189075314,0.878531073446328,0.866153860932665,0.801341602269852,27.681150979882,23.9961823534514,25.8386666666667,0.962600048868765,68.787701897567,25.9224,26.1123361423371,0.940075956010533,-0.141045440233883
"4109314","2019-01-16",24.5425167134203,0.876373626373626,0.876385398941981,0.849379155608207,27.8719169730521,23.9054163602813,25.8886666666667,0.959178886162086,70.0166411454562,25.9268,26.3053579900255,1.2871658981761,0.144596827448113
"4109313","2019-01-17",25.9491275815281,0.887640449438203,0.880848383086052,0.874462547653566,28.094593285617,23.8137400477164,25.9541666666667,0.934298155845774,70.9407745094056,25.9408,26.4886435913554,1.57729690887138,0.431136843732768
"4109312","2019-01-18",27.5060039646756,0.918205804749341,0.89407329352039,0.883769025182808,28.3763954887801,23.7092711778866,26.0428333333333,0.941492418616445,73.3037441341901,25.9728,26.6901577791747,1.87908286968124,0.720726048922461
"4109311","2019-01-22",29.0688878035653,0.879487179487179,0.895111144558241,0.890010940388228,28.6526683287745,23.6556650045589,26.1541666666667,0.890734180731501,72.3142736545762,26.0028,26.8581367419514,2.07573374792673,0.991727588723316
"4109310","2019-01-23",30.9422753251125,0.839485981308411,0.879059655181644,0.889414697753425,28.9553471953962,23.5981861379372,26.2767666666667,0.894842214121635,73.9287539712289,26.04932,27.0321185096912,2.26620217443769,1.24662250586619
"4109309","2019-01-24",31.4351172831351,0.691460055096419,0.80347773863067,0.859216179456851,29.1043562283374,23.7778437716626,26.4411,0.781403641161431,65.559180516217,26.10492,27.1251693750657,2.26006250826021,1.44931050634499
"4109308","2019-01-25",31.8927562441561,0.674486803519061,0.73514427997463,0.805893891262314,29.2004093030456,24.0087906969545,26.6046,0.74694931657007,65.6558833223643,26.15932,27.2071467917236,2.23148645722404,1.6057456965208
"4109307","2019-01-28",32.6052102646783,0.657320872274143,0.674422576963207,0.737681531856169,29.2679532264735,24.2732467735265,26.7706,0.740134232371613,65.7594193276641,26.22492,27.2795272194938,2.18582744517795,1.72176204625223
"4109306","2019-01-29",33.3409649732956,0.726950354609928,0.686252676801044,0.698606511246294,29.3644314073052,24.4977685926948,26.9311,0.76278787923432,69.0728478609503,26.32012,27.3862569235613,2.22045472929426,1.82150058286064
"4109305","2019-01-30",34.6261461071955,0.722627737226277,0.702299654703449,0.687658302822567,29.4738334305089,24.7286999028244,27.1012666666667,0.795474649656661,70.6485899013066,26.43292,27.5014226670865,2.27026280081928,1.91125302645237
"4109304","2019-01-31",36.2577440145261,0.610441767068273,0.686673286301493,0.691741872601995,29.5397021320335,25.0708312012999,27.3052666666667,0.846411138442196,73.0813139170543,26.60332,27.6385663114749,2.36266437566901,2.0015352962957
"4109303","2019-02-01",37.8305971810049,0.605042016806722,0.646037173700424,0.678336704901789,29.542203007893,25.4806636587737,27.5114333333334,0.852551059319534,73.9129169134566,26.77692,27.770757469945,2.43490187345783,2.08820861172812
"4109302","2019-02-04",39.2911036927352,0.649769585253456,0.621751123042817,0.651487194348245,29.5671574556666,25.8083758776668,27.6877666666667,0.834035548651051,75.3868781998354,26.95452,27.909323140619,2.51329487284748,2.17322586395199
"4109301","2019-02-05",40.9047556189257,0.606965174129354,0.620592258729844,0.629460185157695,29.5710221526171,26.1425111807163,27.8567666666667,0.840254610887209,74.6300320315948,27.11212,28.0254133885364,2.53563898485112,2.24570848813182
"4109300","2019-02-06",42.4690627265737,0.638743455497382,0.63182607162673,0.624723151133131,29.5746578676028,26.4575421323972,28.0161,0.857349580389094,75.6817257588366,27.27372,28.1420249367316,2.55675028796374,2.3079168480982
"4109299","2019-02-07",42.9492021897381,0.478494623655914,0.574734417760883,0.609050916039153,29.4976604688201,26.7993728645133,28.1485166666667,0.753179089919695,68.5419095428453,27.43772,28.2057549451674,2.46380818790488,2.33909511605954
"4109298","2019-02-08",43.3950459769621,0.596774193548387,0.571337424233894,0.592632637873836,29.4478936995436,27.0894729671231,28.2686833333334,0.794540321177987,70.8674497038612,27.60852,28.2903209524784,2.42429776152306,2.35613564515224
"4109297","2019-02-11",43.4419654836631,0.541397849462365,0.538888888888889,0.561653576961222,29.4514299867459,27.2584033465875,28.3549166666667,0.749160979926432,68.320944455173,27.7492,28.3498781588146,2.33597494543885,2.35210350520956
"4109296","2019-02-12",42.5064089727008,0.384408602150538,0.50752688172043,0.539251064947738,29.4130474711379,27.4244525288622,28.41875,0.594497206380095,61.5667394857859,27.8694,28.3625610709726,2.15778116867633,2.31323903790292
"4109295","2019-02-13",41.2764953835489,0.318918918918919,0.41490845684394,0.487108075817753,29.3739782918467,27.5548550414867,28.4644166666667,0.495739705927842,59.0891585397233,27.977,28.358219594843,1.9612629075674,2.24284381183581
"4109294","2019-02-14",40.3573604630162,0.271739130434783,0.32502221716808,0.41581918524415,29.3426203629537,27.659546303713,28.5010833333334,0.46568778439489,57.3598730031266,28.0658,28.3437903155306,1.76250780616443,2.14677661070154
"4109293","2019-02-15",39.6346407304086,0.390728476821194,0.327128842058299,0.355686505356773,29.3332025341059,27.7622974658942,28.54775,0.626625517156855,63.4135968529964,28.1618,28.3872849401265,1.70480045061236,2.0583813786837
"4109292","2019-02-19",39.5361079696018,0.335820895522388,0.332762834259455,0.328304631161944,29.3565408377514,27.816292495582,28.5864166666667,0.688443637336535,63.808839026847,28.2294,28.428980281443,1.64829415638017,1.976363934223
"4109291","2019-02-20",38.918728076912,0.223880597014926,0.316809989786169,0.325567222034641,29.3573785865397,27.877788080127,28.6175833333334,0.575978229232621,60.3011289191969,28.2838,28.4451162439172,1.54296852374318,1.88968485212703
"4109290","2019-02-21",37.5897565445127,0.0522388059701495,0.203980099502488,0.284517641182704,29.357264263684,27.8853690696494,28.6213166666667,0.39493137784076,55.2828527567575,28.3206,28.4284340780616,1.37833761883084,1.78741540546779
"4109289","2019-02-22",37.8256949693896,0.272727272727273,0.182948891904116,0.234579660397591,29.3552080671439,27.9920919328562,28.67365,0.729633160956017,60.2405125131473,28.3638,28.4566428676534,1.32342569208201,1.69461746279064
"4109288","2019-02-25",36.9833952584916,0,0.108322026232474,0.16508367254636,29.2934499247951,28.137350075205,28.7154,0.505420523728,52.5882377112794,28.3866,28.4290904852996,1.15589219167118,1.58687240856675
"4109287","2019-02-26",35.7292466741193,0,0.0909090909090913,0.127393336348561,29.241198245611,28.2202684210557,28.7307333333334,0.0552420394178985,49.3024175338066,28.389,28.379878420593,0.95811221076163,1.46112036900572
"4109286","2019-02-27",34.342464411569,0,1.85037170770859e-16,0.0664103723805221,29.24275295247,28.2177137141967,28.7302333333334,-0.0172810108484495,47.7795204562494,28.3898,28.3252279645139,0.766856530014115,1.3222676012074
"4109285","2019-02-28",33.5969001108011,0,1.85037170770859e-16,0.0303030303030307,29.2576411617627,28.1824921715706,28.7200666666667,0.109294460117912,47.6035725679475,28.38168,28.2765309025787,0.605373739638848,1.17888882889369
"4109284","2019-03-01",32.9045904029452,0.220930232558139,0.0736434108527132,0.0245478036175713,29.2437860954827,28.1650139045174,28.7044,0.34760452542541,54.4655687025957,28.40608,28.2849934489016,0.579216871662402,1.05895443744743
"4109283","2019-03-04",33.1194496001192,0.494186046511627,0.238372093023256,0.104005167958656,29.2593042583335,28.1594957416665,28.7094,0.803628611956289,61.2288363350899,28.44888,28.3549943223814,0.68450578578696,0.984064707115339
"4109282","2019-03-05",33.7737662405524,0.567708333333334,0.427608204134367,0.246541236003445,29.3336979875843,28.123435345749,28.7285666666667,0.994190252037346,64.1565246265167,28.50088,28.4476617460639,0.826071048492638,0.952465975390799
"4109281","2019-03-06",34.6799365729376,0.675799086757992,0.579231155534318,0.415070484230647,29.4853305060633,28.0371361606034,28.7612333333333,1.13212049971274,68.3402360515592,28.55528,28.5799735132553,1.03571664747562,0.969116109807762
"4109280","2019-03-07",34.8696305606407,0.570776255707763,0.604761225266363,0.537200194978349,29.5559261847199,28.0028738152802,28.7794,0.95969688297819,63.6237476757871,28.59368,28.6639770448213,1.1228323541989,0.99985935868599
"4109279","2019-03-08",35.0457749777937,0.625570776255707,0.624048706240488,0.602680362347056,29.6347410991326,27.9832255675341,28.8089833333333,0.871991657508273,64.9816726793316,28.62568,28.7527801055118,1.21091277252734,1.04207004145426
"4109278","2019-03-11",36.0811647937218,0.690082644628099,0.62880989219719,0.619206607901347,29.8025105336699,27.9071227996634,28.8548166666667,1.04088317389619,68.179730938221,28.66568,28.8697427581102,1.3482550448481,1.10330704213303
"4109277","2019-03-12",37.0621285748678,0.766393442622951,0.694015621168919,0.648958073202199,29.9862532284677,27.8352467715323,28.91075,1.01568882855906,70.137707727805,28.70648,28.9977770570289,1.49428735359329,1.18150310442508
"4109276","2019-03-13",37.9730235145034,0.835245901639345,0.763907329630131,0.69557761433208,30.1733935857746,27.7996397475588,28.9865166666667,0.978349235313625,71.7122903250006,28.7552,29.1311401160917,1.63622855756687,1.27244819505344
"4109275","2019-03-14",39.0308127910694,0.835249042145594,0.81229612880263,0.75673969320056,30.3645155349736,27.7911844650264,29.07785,0.96845248456821,73.0078104576095,28.8048,29.2656547672795,1.7659312934633,1.37114481473541
"4109274","2019-03-15",39.7751285729962,0.808429118773946,0.826308020852962,0.800837159761908,30.5106239141024,27.8230760858976,29.16685,0.893103081644129,71.2748951173679,28.8628,29.3729007983089,1.8269262829941,1.46230110838715
"4109273","2019-03-18",40.4783486368064,0.842911877394636,0.828863346104725,0.822489165253439,30.6571791898524,27.8305208101476,29.24385,0.868922072137901,72.1889139088587,28.9156,29.4778473585344,1.87716240907005,1.54527336852373
"4109272","2019-03-19",41.4533541438986,0.718541885734316,0.789960960634299,0.815044109197329,30.7851790520118,27.8426209479881,29.3139,0.827526809189868,68.2888074400662,28.96652,29.5488010440631,1.85372654573186,1.60696400396536
"4109271","2019-03-20",41.1481148127775,0.533764658309746,0.698406140479566,0.772410149072864,30.8294727478944,27.9069939187723,29.3682333333333,0.653442799607226,60.1261624314048,29.01512,29.5636275715214,1.71952338311003,1.62947587979429
"4109270","2019-03-21",41.2529905861727,0.484273589615578,0.578860044553213,0.68907571522236,30.8680465322856,28.0207534677144,29.4444,0.69162059810031,61.8115927850959,29.07312,29.5924772286518,1.62705795335816,1.62899229450706
"4109269","2019-03-22",41.4824068914474,0.561542824730573,0.526527024218632,0.601264403083804,30.9483006774127,28.0614993225873,29.5049,0.739630851464834,65.2399060751578,29.14472,29.6521469314983,1.60584240669686,1.62436231694502
"4109268","2019-03-25",41.8155337676287,0.642545227698065,0.562787214014739,0.556058094262195,31.0290761667413,28.144557166592,29.5868166666667,0.768045845180192,67.6460293574568,29.20752,29.7305273406318,1.62414532580488,1.62431891871699
"4109267","2019-03-26",42.3356187328014,0.786026200873362,0.663371417767333,0.584228552000235,31.0711320066142,28.3315013267191,29.7013166666667,0.815863742638898,70.2006490891082,29.27832,29.8291236952143,1.68082166918111,1.63561946880982
"4109266","2019-03-27",41.6631612228414,0.546190155091033,0.65825386122082,0.628137497667631,31.0137948529437,28.6003384803896,29.8070666666667,0.710458883412834,62.5672725473297,29.34192,29.8705738691857,1.61725751606523,1.6319470782609
"4109265","2019-03-28",41.1787144162168,0.439560439560439,0.590592265174945,0.637405848054366,30.9189591814442,28.9001741518891,29.9095666666667,0.71816752496446,62.6996333531385,29.41512,29.9078306866276,1.55147507314137,1.61585267723699
"4109264","2019-03-29",40.8948923496483,0.663865546218486,0.549872046956653,0.599572724450806,30.8440619169535,29.1794047497132,30.0117333333333,0.843374005920753,66.5239044183125,29.48752,29.9801199284106,1.56185444703663,1.60505303119692
"4109263","2019-04-01",39.3822795957447,0.34453781512605,0.482654600301659,0.541039637477752,30.7874655083375,29.3630011583292,30.0752333333333,0.667150550309388,58.3616495679549,29.56032,29.9921039379558,1.45080382374423,1.57420318970638
"4109262","2019-04-02",37.9777106099772,0.588235294117646,0.532212885154061,0.521579844137458,30.7811546611967,29.48731200547,30.1342333333333,0.787850560255457,62.1758274267059,29.65232,30.0411567462284,1.4242184833118,1.54420624842747
"4109261","2019-04-03",37.0681101284859,0.69172932330827,0.541500810850655,0.518789432102125,30.8447646318387,29.527702034828,30.1862333333333,0.90273965302579,64.8093896869991,29.75672,30.1130025133979,1.44513380090292,1.52439175892256
"4109260","2019-04-04",35.203249674846,0.443609022556391,0.574524546660769,0.549412747555162,30.8192195089984,29.648913824335,30.2340666666667,0.684510197774023,58.2570204182924,29.84832,30.1312688449449,1.35733908138413,1.49098122341487
"4109259","2019-04-05",33.4715935393233,0.609022556390977,0.581453634085213,0.565826330532213,30.7613980359425,29.8217352973909,30.2915666666667,0.79985935922177,61.0819336420385,29.93352,30.1764329989522,1.33116297714204,1.45901757416031
"4109258","2019-04-08",31.7079161926879,0.571428571428573,0.541353383458647,0.56577718806821,30.7654972480329,29.8833027519671,30.3244,0.740612095873702,60.0866842698449,29.99792,30.2089085990919,1.28206112000175,1.4236262833286
"4109257","2019-04-09",29.4776462035526,0.347107438016528,0.509186188612026,0.543997735385296,30.7568780211685,29.9189219788316,30.3379,0.442837096959839,55.7800739109745,30.04392,30.2077207858797,1.17081373380696,1.37306377342427
"4109256","2019-04-10",28.9045900411088,0.350000000000001,0.422845336481701,0.491128302850792,30.7944675087303,29.9354658246031,30.3649666666667,0.847341189406183,59.0154310922307,30.08332,30.2366913477624,1.12968035423164,1.32438708958574
"4109255","2019-04-11",28.4309176399344,0.78181818181818,0.49297520661157,0.475002243901766,30.9122513958185,29.8903486041815,30.4013,1.09565352495503,65.1742597386219,30.15212,30.3291325013941,1.21734820875952,1.3029793134205
"4109254","2019-04-12",27.3832640805501,0.599999999999999,0.577272727272727,0.497697756788666,30.9770080591777,29.8905919408224,30.4338,0.90457180808281,61.2487311308489,30.20812,30.3825815012082,1.21900408205915,1.28618426714823
"4109253","2019-04-15",25.896963643832,0.436363636363636,0.606060606060605,0.558769513314968,31.0099331928895,29.9023334737772,30.4561333333334,0.750270919373409,57.870374264744,30.24492,30.4049039677138,1.15895135270883,1.26073768426035
"4109252","2019-04-16",25.4453170174896,0,0.345454545454545,0.509595959595959,31.0099003860741,29.9025996139259,30.45625,0.340829154613439,45.0772533940551,30.23932,30.3095834386853,0.872798759420435,1.18314989929237
"4109251","2019-04-17",25.0259308644574,0.00564971751412317,0.14733778462592,0.366284312047024,30.9766039208318,29.9578960791683,30.46725,0.0773240219391682,45.2288739601816,30.2274,30.2283056468606,0.640977932279774,1.07471550588985
"4109250","2019-04-18",23.8769576700009,0.378531073446327,0.128060263653483,0.206950864577983,30.9577891356478,30.0352108643522,30.4965,0.585087631523931,54.2130144975892,30.2362,30.2458648939458,0.626183815593784,0.985009167830635
"4109249","2019-04-22",22.3369932528242,0.548022598870056,0.310734463276835,0.19537750385208,31.0019176037415,30.0607490629252,30.5313333333334,0.884628240640112,57.6162082613804,30.2598,30.3010829080864,0.686442207509486,0.925295775766405
"4109248","2019-04-23",21.6146013186897,0.788177339901478,0.57157700407262,0.33679057700098,31.1906227281806,29.9793772718194,30.585,1.20038102424086,63.7153838488048,30.305,30.4329385203415,0.890870590556081,0.91841073872434
"4109247","2019-04-24",21.3693144533845,0.823788546255506,0.71999616167568,0.534102543008379,31.4157353248368,29.8669313418299,30.6413333333333,1.17923379042302,65.9752082960077,30.367,30.583213384296,1.11005485772284,0.95673956252404
"4109246","2019-04-25",21.2118809987748,0.850649350649351,0.820871745602111,0.704148303783471,31.6151977513982,29.8129689152684,30.7140833333333,1.08589489053687,66.7596528367379,30.4468,30.7261182663899,1.29218191301745,1.02382803262272
"4109245","2019-04-26",21.6537788751342,0.875939849624061,0.850125915509639,0.796997940929144,31.8776883124355,29.7284783542312,30.8030833333333,1.1173974122916,69.6544353180876,30.5364,30.8986358308712,1.51282982582843,1.12162839126387
"4109244","2019-04-29",21.0056622030991,0.70479704797048,0.810462082747964,0.827153247953239,32.0312475539302,29.7032524460698,30.86725,0.929303594020511,62.8697003921178,30.5988,30.9921510534217,1.55857392559386,1.20901749812987
"4109243","2019-04-30",20.2624712828515,0.682656826568266,0.754464574720935,0.80501752432618,32.1337622052662,29.7440711280672,30.9389166666667,0.838014401822505,61.9414774202203,30.6508,31.0651975796322,1.56055673389377,1.27932534528265
"4109242","2019-05-01",20.0044383395063,0.837638376383764,0.74169741697417,0.768874691481023,32.2977995060352,29.7397004939648,31.01875,0.923980201006965,65.7531396425905,30.7104,31.1845045690145,1.65119734434263,1.35369974509464
"4109241","2019-05-02",20.0691021250065,0.763066202090591,0.76112046834754,0.752427486680882,32.4429116941346,29.7335883058654,31.08825,0.875893358126318,64.4294914644301,30.78,31.2772372931459,1.68193436292079,1.41934666865987
"4109240","2019-05-03",20.1291470686852,0.797909407665505,0.799537995379953,0.767451960233888,32.5684818150325,29.7773515183008,31.1729166666667,0.84767874068903,65.3679791999734,30.8532,31.3709389873931,1.71151852447937,1.47778103982377
"4109239","2019-05-06",20.2433812031383,0.832752613240417,0.797909407665504,0.786189290464333,32.6932568285265,29.8172431714735,31.25525,0.835446946725751,66.3248059699472,30.9184,31.4654804557407,1.73977086696302,1.53017900525162
"4109238","2019-05-07",18.9642067274843,0.653846153846154,0.761502724917358,0.786316709320939,32.7370339181956,29.9011327484711,31.3190833333333,0.674283224421402,57.586433970473,30.9784,31.4794163949753,1.61245602241982,1.54663440868526
"4109237","2019-05-08",19.1416584773758,0.140909090909092,0.542502619331887,0.70063825063825,32.701808545053,30.0020247882804,31.3519166666667,0.349895385516192,46.0548932359821,30.9908,31.3714942089786,1.26613148178834,1.49053382330588
"4109236","2019-05-09",19.8932398575722,0,0.264918414918415,0.522974586389221,32.7158824256162,29.9666175743838,31.34125,0.175822429548584,41.8438451357116,30.9776,31.2219616477814,0.872840972999489,1.3669952532446
"4109235","2019-05-10",20.1873225226852,0.108225108225108,0.0830447330447331,0.296821922431679,32.7229008758494,29.925932457484,31.3244166666667,0.267218203445483,45.0637905826405,30.9876,31.1257000947439,0.618002558148678,1.21719671422541
"4109234","2019-05-13",20.8044180859824,0.00216450216450173,0.0367965367965365,0.128253228253229,32.7411361967339,29.8646971365995,31.3029166666667,0.201164072882118,42.5759208399244,30.979,31.0096067487781,0.347920112123989,1.04334139380513
"4109233","2019-05-14",20.8007287704751,0.0432900432900439,0.0512265512265511,0.0570226070226074,32.7467821768187,29.844384489848,31.2955833333333,0.255747921847825,43.8699310361036,30.9762,30.9216591822743,0.156299156806239,0.865932946405351
"4109232","2019-05-15",20.5157326949198,0.188311688311688,0.0779220779220776,0.0553150553150555,32.7155415911813,29.9326250754854,31.3240833333333,0.329645147218946,48.2946437532937,30.9956,30.8901046246378,0.0907084347945064,0.710888044083182
"4109231","2019-05-16",19.8998650919248,0.341991341991341,0.191197691197691,0.106782106782107,32.6438334074587,30.114333259208,31.3790833333333,0.40416420143943,52.5622272088261,31.0202,30.910090674686,0.130018392192999,0.594714113705146
"4109230","2019-05-17",19.7035684428376,0.25108225108225,0.26046176046176,0.176527176527176,32.6253066935148,30.1686933064852,31.397,0.311257779056841,49.9365539442174,31.0162,30.8994119180612,0.105071684355895,0.496785627835296
"4109229","2019-05-20",19.8139547074308,0.177489177489177,0.256854256854256,0.236171236171236,32.6286378997012,30.1566954336321,31.3926666666667,0.262939466414087,47.8526061817183,31.0134,30.8674903289864,0.0403807341332385,0.405504649094884
"4109228","2019-05-21",19.0606455530712,0.268398268398269,0.232323232323232,0.24987974987975,32.618199311826,30.1301340215073,31.3741666666667,0.375070266627319,50.5953852910738,31.0262,30.8678249517882,0.0435262598508901,0.333108971246085
"4109227","2019-05-22",17.9348883253534,0.431111111111111,0.292332852332852,0.260503447170114,32.5928836561076,30.1221163438924,31.3575,0.501011831420804,54.8570707596357,31.0874,30.9147816248831,0.135915023185551,0.293670181633979
"4109226","2019-05-23",16.7869881372325,0.479999999999999,0.393169793169793,0.305941959275293,32.5661482641291,30.120851735871,31.3435,0.559910934443747,56.137674753922,31.1526,30.9701440748987,0.234949746559576,0.281926094619098
"4109225","2019-05-24",16.3661037832838,0.673170731707318,0.528093947606142,0.40453219770293,32.5147362006681,30.1389304659985,31.3268333333333,0.697757470855954,59.5111233466646,31.2034,31.0581248649122,0.38675510879147,0.302891897453572
"4109224","2019-05-28",16.1291506858059,0.836734693877551,0.663301808528289,0.528188516434742,32.5343310667015,30.1323355999651,31.3333333333333,0.77615927778357,62.2228645815456,31.2526,31.1690415495906,0.56733999419547,0.355781516801952
"4109223","2019-05-29",15.595109597566,0.464285714285714,0.658063713290194,0.616486489808209,32.5027701762219,30.1295631571114,31.3161666666667,0.536729482916891,51.7441508241284,31.2474,31.1678360096452,0.515155320743599,0.387656277590281
"4109222","2019-05-30",15.3050071490011,0.404092071611254,0.568370826591506,0.629912116136664,32.4029686835311,30.1420313164689,31.2725,0.481202486800763,50.3068593645367,31.2268,31.1514578750258,0.438970735742705,0.397919169220766
"4109221","2019-05-31",15.0634984378467,0.396419437340154,0.421599074412374,0.549344538098025,32.2900824423641,30.1622508909693,31.2261666666667,0.478303420382876,50.1113364473268,31.2018,31.135263491689,0.370438717253085,0.39242307882723
"4109220","2019-06-03",14.9373001880725,0.338709677419354,0.379740395456921,0.456570098820268,32.1537261764812,30.1992738235188,31.1765,0.486441214614502,49.4218074792848,31.1602,31.1145616927972,0.299706636479846,0.373879790357753
"4109219","2019-06-04",15.6485792420995,0,0.24504303825317,0.348794169374155,31.9683758131011,30.2452908535655,31.1068333333333,0.337404032159751,43.4925067121953,31.117,31.0352868004242,0.122728058524402,0.323649443991083
"4109218","2019-06-05",15.9859285571342,0.307692307692307,0.215467328370554,0.280083587360215,31.8775176933932,30.2761489732735,31.0768333333333,0.585239581793377,50.693888049986,31.097,31.0359152270343,0.116217895120507,0.282163134216968
"4109217","2019-06-06",15.9428770367177,0.396449704142013,0.234714003944773,0.231741456856166,31.9047190964731,30.2900475701936,31.0973833333333,0.661198936809815,52.5715661853965,31.0662,31.0564598634298,0.148340065832064,0.255398520539987
"4109216","2019-06-07",14.9556599861035,0.692307692307693,0.465483234714004,0.305221522343111,31.9743608950367,30.35740577163,31.1658833333333,0.904536067326683,58.2755055910617,31.0586,31.1409318816391,0.299995177165591,0.264317851865108
"4109215","2019-06-10",14.5180057087666,0.55621301775148,0.548323471400395,0.416173570019724,32.0162463784609,30.4131869548725,31.2147166666667,0.77153287453248,54.9988396873728,31.0378,31.1834742974206,0.356172542016764,0.282688789895439
"4109214","2019-06-11",13.6100079717163,0.730434782608697,0.65965183088929,0.557819512334563,32.0670881145345,30.5115118854655,31.2893,0.915087340584052,58.4954604923047,31.0258,31.2630110577645,0.477672997877132,0.321685631491778
"4109213","2019-06-12",13.7146608235505,0.724358974358976,0.670335591573051,0.626103631287579,32.2373148723148,30.5256184610185,31.3814666666667,1.11256968608078,62.7343972533899,31.0516,31.3899429167292,0.67758064449579,0.39286463409258
"4109212","2019-06-13",14.3127674176898,0.811320754716981,0.755371503894885,0.695119642119076,32.5103813474957,30.4512186525043,31.4808,1.15845533719341,66.5792868494636,31.1316,31.5606171944987,0.940458913661102,0.502383490006285
"4109211","2019-06-14",15.1914578621588,0.858638743455497,0.798106157510485,0.741271084326141,32.8171883233567,30.3422450099767,31.5797166666667,1.12033070617549,68.931269995167,31.2408,31.7498682352322,1.21172331060551,0.644251454126129
"4109210","2019-06-17",16.2475352900583,0.834983498349835,0.834980998840771,0.796152886748714,33.0836886318474,30.3040780348193,31.6938833333333,1.04784052664119,69.4540194550256,31.3428,31.9232191372012,1.42569413217046,0.800539989734996
"4109209","2019-06-18",17.5500326141582,0.865030674846627,0.852884305550653,0.828657153967303,33.3592613079402,30.2965053587264,31.8278833333333,1.041598273202,71.5869311555,31.4662,32.1121232522411,1.64708697392959,0.969849386573915
"4109208","2019-06-19",18.4513387330042,0.831288343558281,0.843767505584914,0.843877603325446,33.5705414886277,30.3155585113723,31.94305,0.937365318532966,69.6016691491177,31.5814,32.2611734852756,1.77237792004838,1.13035509326881
"4109207","2019-06-20",20.0000630799668,0.830136986301369,0.842152001568759,0.846267937568109,33.8464584107177,30.279308255949,32.0628833333333,0.974828156888493,72.0315988152802,31.696,32.4330170205722,1.92738597120572,1.28976126885619
"4109206","2019-06-21",21.4381642592893,0.863013698630137,0.841479676163262,0.842466394438979,34.095906086582,30.2621939134179,32.17905,0.926292653051338,72.9062385814948,31.8012,32.5979480844959,2.05419600795518,1.44264821667599
"4109205","2019-06-24",22.9526566595589,0.828124999999999,0.840425228310501,0.841352302014174,34.3264311336605,30.2393355330061,32.2828833333333,0.889139417180586,73.0574670084406,31.9156,32.7435550065631,2.1331589602392,1.58075036538863
"4109204","2019-06-25",23.0189789136735,0.665573770491802,0.785570823040646,0.82249190917147,34.4625542721734,30.2528790611599,32.3577166666667,0.769763487619095,64.0147902815664,32.018,32.807081005688,2.0553692437024,1.67567414105138
"4109203","2019-06-26",21.5568424730435,0.309352517985611,0.601017096159137,0.742337715836762,34.4812934038649,30.3584732628018,32.4198833333333,0.555006846181473,50.9977381490786,32.076,32.7421368715963,1.7522281665947,1.69098494616005
"4109202","2019-06-27",20.4144043984605,0.264388489208633,0.413104925895349,0.599897615031711,34.4645209940336,30.487245672633,32.4758833333333,0.468349353977085,49.4924371686787,32.115,32.6691852887168,1.46430758984879,1.6456494748978
"4109201","2019-06-28",19.0824335828033,0.199186991869919,0.257642666354721,0.423921562803069,34.4373587322432,30.6410746010901,32.5392166666667,0.475620897487488,50.4377154513418,32.1526,32.6159605835545,1.24033240861958,1.56458606164215
"4109200","2019-07-01",18.82828365376,0.110024449877751,0.191199976985435,0.287315856411835,34.4110392565022,30.8317274101645,32.6213833333333,0.548039960579557,52.3581799825119,32.1842,32.5898325057473,1.08743164555984,1.46915517842569
"4109199","2019-07-02",19.371842245373,0.555012224938874,0.288074555562182,0.245639066300779,34.3950702074864,31.1250297925136,32.76005,0.756862268782383,61.9825581784261,32.2418,32.688521504981,1.17765180082239,1.41085450290503
"4109198","2019-07-03",20.239540205381,0.834437086092715,0.49982458696978,0.326366373172466,34.4990640904811,31.3207025761855,32.9098833333333,0.909052482173287,67.7954451633213,32.3588,32.8747186376502,1.41750527812172,1.41218465794837
"4109197","2019-07-05",20.3665065065429,0.67608695652174,0.688512089184443,0.492137077238802,34.5288038980628,31.5550294352705,33.0419166666667,0.821617082476598,63.1794299522902,32.467,32.9914228192968,1.50628846461842,1.43100541928238
"4109196","2019-07-08",20.725759564518,0.80561122244489,0.772045088353115,0.653460588169113,34.6519350549669,31.6865649450331,33.16925,0.903800072933693,66.5142892067212,32.594,33.1532331100573,1.66712782107048,1.47822989964
"4109195","2019-07-09",20.9849576946475,0.791583166332667,0.757760448433099,0.739439208656886,34.6894893361554,31.9146773305113,33.3020833333333,0.862036538435744,66.0189565192773,32.7216,33.2888020287163,1.76407173621793,1.53539826695559
"4109194","2019-07-10",21.6222879710908,0.810760667903526,0.802651685560361,0.777485740782192,34.7723067373246,32.093359929342,33.4328333333333,0.917017114090433,67.5790262903007,32.876,33.4342950915541,1.86868889169842,1.60205639190415
"4109193","2019-07-11",21.5546429748626,0.694290976058932,0.765544936765042,0.775319023586167,34.843178547215,32.2151547861183,33.5291666666667,0.814875387448805,63.1207583858315,32.9976,33.5203890793469,1.85672816685969,1.65299074689526
"4109192","2019-07-12",21.1639464549128,0.63720073664825,0.714084126870236,0.76076024973188,34.8888815024907,32.2961184975093,33.5925,0.697022763882348,60.885820179111,33.107,33.5743372021007,1.78886195376573,1.68016498826935
"4109191","2019-07-15",20.801156829245,0.650092081031309,0.660527931246164,0.713385664960481,34.9374763989487,32.3466902677179,33.6420833333333,0.679321375752707,61.2197269333782,33.1978,33.6257589084872,1.72332126521362,1.68879624365821
"4109190","2019-07-16",20.1247733927369,0.594843462246779,0.627378759975446,0.667330272697282,34.9615297113758,32.3916369552909,33.6765833333333,0.589530324869996,58.8990886675467,33.2918,33.6503243873556,1.6165817688137,1.67435334868931
"4109189","2019-07-17",18.7702771637932,0.436464088397791,0.56046654389196,0.616124411704523,34.9658375441321,32.4013291225346,33.6835833333333,0.477806012962433,52.728541204247,33.3558,33.6142811357082,1.41260395744065,1.62200347043957
"4109188","2019-07-18",17.6103650181788,0.401515151515151,0.477607567386574,0.55515095708466,34.9670249964932,32.4124750035068,33.68975,0.421806188742277,52.0457520055042,33.4004,33.5763769842804,1.22487463737702,1.54257770382706
"4109187","2019-07-19",16.9531324059257,0.279116465863455,0.372365235258799,0.470146448845778,34.9547524442979,32.3864142223688,33.6705833333333,0.384263685576145,49.1014117037412,33.4182,33.514860053043,1.01273025325463,1.43660821371258
"4109186","2019-07-22",16.9602562342153,0,0.226877205792869,0.358950002812747,34.947574867464,32.3062584658693,33.6269166666667,0.239933971465162,44.7286682179568,33.4098,33.415545379304,0.752622384328161,1.29981104783569
"4109185","2019-07-23",16.1651988828106,0.0420560747663535,0.10705751354327,0.235433318198313,34.9225585310193,32.2559414689807,33.58925,0.324027976614959,46.0777434800174,33.4022,33.3414726620634,0.56151874333854,1.15215258693626
"4109184","2019-07-24",15.4269313422205,0.0934579439252319,0.045171339563862,0.1263686863,34.9184384186382,32.2277282480285,33.5730833333333,0.350194443929275,47.75618416616,33.3874,33.2919429737883,0.431623980745521,1.00804686569811
"4109183","2019-07-25",14.7413971973868,0.102803738317757,0.0794392523364476,0.0772227018145265,34.8912178863564,32.3049487803102,33.5980833333333,0.325456420752448,48.0726711961627,33.3778,33.2516839106165,0.329680924763109,0.872373677511114
"4109182","2019-07-26",13.830940136773,0.126168224299064,0.107476635514018,0.0773624091381093,34.8162868930145,32.4708797736522,33.6435833333333,0.336453411364411,48.9059985449347,33.3574,33.223459389201,0.258032547525033,0.749505451513898
"4109181","2019-07-29",13.3799947090418,0.36448598130841,0.197819314641744,0.128245067497403,34.7406108739774,32.6678891260226,33.70425,0.47865125888525,56.5630839491956,33.3526,33.2669981373075,0.32143324585383,0.663891010381884
"4109180","2019-07-30",12.6151082548197,0.299065420560746,0.263239875389407,0.189511941848389,34.6954502069377,32.794716459729,33.7450833333333,0.428930954410783,54.1634635455236,33.3414,33.2860650523332,0.333757922772615,0.59786439286003
"4109179","2019-07-31",11.7211267976256,0.33136094674556,0.331637449538238,0.264232213189796,34.694639470495,32.7895271961716,33.7420833333333,0.393925761721789,52.7853979182951,33.3458,33.2919230453554,0.320403276613157,0.542372169610656
"4109178","2019-08-01",11.1652142312568,0.2760736196319,0.302166662312735,0.29901466241346,34.6400147196905,32.7623186136428,33.7011666666667,0.335170345721465,50.8689219077583,33.3818,33.2823333059747,0.279914640969237,0.489880663882372
"4109177","2019-08-02",10.4851226601632,0.377777777777778,0.328404114718413,0.320736075523129,34.6083041283112,32.7393625383554,33.6738333333333,0.381127014423223,51.8948673181713,33.4252,33.2820221985114,0.259391737476866,0.443782878601271
"4109176","2019-08-05",11.1293510149697,0,0.217950465803226,0.282840414278125,34.5311111693176,32.6752221640158,33.6031666666667,0.149853341726292,42.8922592868641,33.4432,33.2070859053766,0.105930482219763,0.376212399324969
"4109175","2019-08-06",11.1964391786898,0.217054263565892,0.198277347114557,0.248210642545399,34.4322502159708,32.6637497840292,33.548,0.305107954489863,47.7710266768601,33.4664,33.1794744513264,0.0516566356566717,0.31130124659131
"4109174","2019-08-07",10.7141459698896,0.231884057971014,0.149646107178969,0.188624640032251,34.2468060934891,32.7335272398442,33.4901666666667,0.436010912265045,48.4485783516025,33.4548,33.1608778578162,0.0181474130383608,0.25267047988072
"4109173","2019-08-08",11.4682279086202,0.3921568627451,0.280365061427336,0.209429505240288,34.1471047116781,32.7908952883219,33.469,0.842375834688032,55.8501813586975,33.4322,33.2087608101073,0.107133585763264,0.223563101057229
"4109172","2019-08-09",13.1654594006988,0.584229390681005,0.402756770465707,0.277589313024004,34.3353731353662,32.6659601979671,33.5006666666667,1.2403800295963,65.1641215698199,33.4562,33.3609260354264,0.374284955677728,0.253707471981329
"4109171","2019-08-12",15.1593122753855,0.748427672955976,0.574937975460694,0.419353269117912,34.7055085510311,32.4218247823022,33.5636666666667,1.28951386557501,71.0975650366572,33.492,33.5928025640362,0.756351687301793,0.354236315045422
"4109170","2019-08-13",17.0107470875947,0.748427672955976,0.693694912197652,0.557129886041351,34.9897733172796,32.2738933493871,33.6318333333333,1.10318080549703,71.0975650366572,33.5292,33.7937622221647,1.04431380705672,0.492251813447681
"4109169","2019-08-14",18.0958772213722,0.669811320754718,0.722222222222224,0.66361836996019,35.1911424891702,32.2131908441632,33.7021666666667,0.947007482105549,66.7053003989048,33.548,33.9345939258761,1.19723671932017,0.633248794622179
"4109168","2019-08-15",19.3525142645411,0.751572327044025,0.723270440251573,0.713062524890483,35.4253334013328,32.1573332653339,33.7913333333333,0.953488353220957,68.8599242312531,33.5892,34.0913147357593,1.36301881480836,0.779202798659415
"4109167","2019-08-16",20.9877093157981,0.808510638297874,0.743298095365539,0.729596919279779,35.7001977194204,32.1041356139129,33.9021666666667,0.969356002152571,70.9615026374975,33.6474,34.263139437658,1.53872413350904,0.93110706562934
"4109166","2019-08-19",22.9672702550591,0.811170212765959,0.790417726035953,0.752328753884355,36.0149648078833,32.0960351921166,34.0555,0.997882549055412,73.720369330641,33.7198,34.4640541793036,1.74727940541373,1.09434153358622
"4109165","2019-08-20",24.8054339843729,0.86436170212766,0.828014184397165,0.787243335266219,36.3126202687614,32.099713064572,34.2061666666667,0.957443416923651,75.0305053923959,33.8062,34.6648469553965,1.9344077752619,1.26235478192135
"4109164","2019-08-21",26.1995001817539,0.819843342036554,0.831791752310058,0.816741220914392,36.5537388574229,32.1505944759105,34.3521666666667,0.894680070140333,72.8784971776627,33.9054,34.8242006946769,2.03155619134188,1.41619506380546
"4109163","2019-08-22",27.6902012443083,0.838653366583542,0.840952803582586,0.83358624676327,36.7933374387495,32.2261958945838,34.5097666666667,0.891689196119884,74.4767271727094,34.01552,34.9920406020534,2.13369226353406,1.55969450375118
"4109162","2019-08-23",29.1828234527562,0.864229765013056,0.840908824544384,0.837884460145676,37.0325866581604,32.3092800085063,34.6709333333333,0.883714235477961,76.0254766930963,34.14332,35.1677685217796,2.23905886903495,1.69556737680793
"4109161","2019-08-26",30.0990278072997,0.823218997361477,0.842034042986025,0.841298557037665,37.2253345177103,32.3845321489564,34.8049333333333,0.817109964367707,72.8784944003989,34.27892,35.300066052209,2.26045492751006,1.80854488694836
"4109160","2019-08-27",30.4882458113174,0.75226586102719,0.813238207800575,0.832060358443662,37.371240012636,32.5032933206974,34.9372666666667,0.771038300847656,69.768365565404,34.40492,35.3947239119144,2.21661573553673,1.89015905666603
"4109159","2019-08-28",30.5344917615416,0.62782258064516,0.734435813011276,0.796569354599292,37.4578240124221,32.6705093209113,35.0641666666667,0.711774950815561,67.633971870255,34.5224,35.4630273903258,2.13325284499237,1.9387778143313
"4109158","2019-08-29",30.6271512765447,0.64141414141414,0.673834194362164,0.740502738391338,37.5215565786981,32.8906100879686,35.2060833333333,0.721103108990007,69.6984393200375,34.6476,35.5506237382824,2.09095817993481,1.969213887452
"4109157","2019-08-30",30.4799547830418,0.606060606060605,0.625099109373302,0.677789705582247,37.5493980649312,33.1372686017355,35.3433333333333,0.693406231719059,68.1597541509366,34.768,35.6172072398447,2.01777891132218,1.97892689222604
"4109156","2019-09-03",31.477387509104,0.564853556485356,0.604109434653368,0.634347579462945,37.4939853824364,33.5520146175636,35.523,0.759683982384816,69.7032337476018,34.874,35.6949129411988,1.97055335803291,1.97725218538741
"4109155","2019-09-04",32.5263089715897,0.834080717488788,0.66833162667825,0.632513390234973,37.4924594486761,33.9425405513239,35.7175,0.887567539742827,76.106346987902,35.0164,35.8649245490389,2.08180212150568,1.99816217261107
"4109154","2019-09-05",32.8789267903189,0.696517412935323,0.698483895636489,0.656974985656036,37.4009004990727,34.3930995009273,35.897,0.861171943889625,72.0593506656551,35.1544,35.9869346091671,2.10150628375532,2.01883099483992
"4109153","2019-09-06",32.9483314376907,0.574074074074075,0.701557401499396,0.689457641271379,37.3104799001872,34.7795200998128,36.045,0.835182460506821,70.3627645946929,35.2936,36.0820099946115,2.07436588830781,2.02993797353349
"4109152","2019-09-09",31.6998191726328,0.254901960784314,0.508497815931238,0.636179704355708,37.2575755010217,35.0067578323116,36.1321666666667,0.654536432767856,61.5799786724645,35.4124,36.1044086619966,1.92965218224148,2.00988081527509
"4109151","2019-09-10",30.3553496939555,0,0.276325344952797,0.495460187461144,37.2408115062709,35.0488551603958,36.1448333333333,0.26056396637598,47.5252822035409,35.514,35.9918208403971,1.57546496719672,1.92299764565942
"4109150","2019-09-11",29.5684832744334,0,0.0849673202614383,0.289930160381824,37.2521018338663,35.0278981661337,36.14,0.0653875224241188,44.2308684189016,35.5924,35.8542447283441,1.21314989272359,1.78102809507225
"4109149","2019-09-12",28.1878859806175,0.1440329218107,0.0480109739369004,0.136434546383712,37.1977270201095,35.1299396465572,36.1638333333333,0.183800500140346,48.6988560723783,35.6832,35.7816787645649,0.993116294535845,1.62344573496497
"4109148","2019-09-13",27.0713421228426,0.102880658436214,0.0823045267489718,0.0717609403157703,37.1805248991916,35.1628084341417,36.1716666666667,0.132422751405592,47.5272610745214,35.7508,35.7054549292896,0.786999245253406,1.45615643702266
"4109147","2019-09-16",25.2043290900581,0.102880658436214,0.116598079561043,0.0823045267489719,37.1803081663802,35.1633585002865,36.1718333333333,0.21318074529822,47.5272610745214,35.7852,35.639394272051,0.616439409915759,1.28821303160128
"4109146","2019-09-17",24.0048526339491,0.477366255144032,0.227709190672154,0.14220393232739,37.1937137471064,35.1796195862269,36.1866666666667,0.557925130280762,58.1525062713156,35.826,35.7034750357775,0.679476326837092,1.16646569064844
"4109145","2019-09-18",22.9193007879046,0.181069958847736,0.253772290809327,0.199359853680841,37.1921068102698,35.1435598563968,36.1678333333333,0.29928862948964,49.595475845109,35.838,35.6630116976738,0.559968456612969,1.04516624384135
"4109144","2019-09-19",21.3734631164142,0.386831275720164,0.348422496570644,0.276634659350708,37.199000564236,35.150999435764,36.175,0.528483057222171,54.5924271685252,35.88,35.694610137984,0.571833452938808,0.950499685660839
"4109143","2019-09-20",20.1905603758027,0.674897119341564,0.414266117969821,0.338820301783264,37.2514624910289,35.1440041756378,36.1977333333333,0.763635107723065,60.4968807015474,35.9396,35.8153287862528,0.730649848271447,0.90652971818296
"4109142","2019-09-23",18.9854244635312,0.650205761316872,0.570644718792867,0.444444444444444,37.2753499384759,35.1397833948575,36.2075666666667,0.721221546453368,59.7793499757111,35.986,35.9119516147524,0.83265903698273,0.891755581942914
"4109141","2019-09-24",17.9507980554185,0.518518518518518,0.614540466392318,0.533150434385002,37.2831023283297,35.141364338337,36.2122333333333,0.603233916115371,55.9667518149221,36.004,35.9530247327854,0.831639778031446,0.879732421160621
"4109140","2019-09-25",16.8228046519713,0.543103448275861,0.57060924270375,0.585264809296312,37.2989256546958,35.1462076786375,36.2225666666667,0.611843106874374,55.9667518149221,36.014,35.9886214350807,0.821235510792451,0.868033039086987
"4109139","2019-09-26",15.9934589373507,0.859649122807017,0.640423696533799,0.608524468543289,37.3990192400683,35.1409807599317,36.27,0.83509910186335,62.0992214367696,36.0564,36.1128052437366,0.95836275205925,0.886098981681439
"4109138","2019-09-27",15.6941020813686,0.543859649122808,0.648870740068562,0.619967893102037,37.4097877961799,35.1486455371534,36.2792166666667,0.559755933589445,53.7996896494588,36.06108,36.1244312112384,0.895396298864526,0.887958445118057
"4109137","2019-09-30",14.6177187662156,0.766666666666666,0.723391812865497,0.670895416489286,37.4894789307019,35.1479544026314,36.3187166666667,0.785262866987959,58.7475824281022,36.08068,36.21450704974,0.96806953410824,0.903980662916093
"4109136","2019-10-01",13.6596829702671,0.702325581395348,0.670950632394941,0.681071061776334,37.5303156068257,35.1421177265076,36.3362166666667,0.73467485865341,57.8578466133458,36.10308,36.2819061097746,0.995936941138309,0.922371918560537
"4109135","2019-10-02",12.9222078376746,0.660465116279071,0.709819121447029,0.701387188902489,37.4793183942551,35.1594482724116,36.3193833333333,0.688494747708483,56.8153516198,36.12788,36.3283186284713,0.98639096862787,0.935175728574003
"4109134","2019-10-03",12.7071416770632,0.645569620253166,0.669453439309195,0.683407731050388,37.4854514897729,35.1569818435604,36.3212166666667,0.800104119660724,57.8158038327865,36.1612,36.3832094780085,0.991619555189605,0.946464493897124
"4109133","2019-10-04",12.9433103590908,0.846774193548386,0.717602976693541,0.698958512483255,37.6328113273785,35.0829553392882,36.3578833333333,0.997590193038149,64.0181504761554,36.2164,36.5321148809407,1.15023733765065,0.987219062647829
"4109132","2019-10-07",12.6520930243209,0.73790322580645,0.743415679869334,0.71015736529069,37.761735983073,35.048364016927,36.40505,0.875283354452765,60.6087617286664,36.2636,36.6251662301486,1.20156242407561,1.03008773493339
"4109131","2019-10-08",12.3626157422473,0.666666666666666,0.750448028673834,0.73715556174557,37.8665066501958,35.1215933498042,36.49405,0.830046854256114,60.4802898179358,36.3044,36.7044773994621,1.22540704060761,1.06915159606823
"4109130","2019-10-09",12.0938154088932,0.732142857142855,0.712237583205324,0.735367097249497,37.91305589592,35.3105441040799,36.6118,0.852172595800352,62.2881092777586,36.3228,36.8012137462005,1.2752187944773,1.11036503575004
"4109129","2019-10-10",11.4268970425364,0.613095238095235,0.670634920634919,0.711106844171359,37.9410289515696,35.4679043817637,36.7044666666667,0.766410626747514,59.4966628518267,36.3408,36.8583852467071,1.25595509167424,1.13948304693488
"4109128","2019-10-11",10.9456644716364,0.595238095238095,0.646825396825395,0.676565966888546,37.9213125971514,35.6812874028486,36.8013,0.752392994554088,59.0690408812741,36.3608,36.9039338804795,1.21984612952668,1.15555566345324
"4109127","2019-10-14",10.2129288133931,0.517857142857141,0.575396825396824,0.630952380952379,37.8642804043245,35.8976529290088,36.8809666666667,0.655443775619443,57.1521100025371,36.3936,36.9260760297489,1.14944817668947,1.15433416610049
"4109126","2019-10-15",9.85423537927081,0.511904761904762,0.541666666666666,0.587962962962962,37.8843536011925,35.9702463988075,36.9273,0.658141612770088,56.998876347997,36.4656,36.9439325591157,1.0789866583137,1.13926466454313
"4109125","2019-10-16",9.90589967459964,0.511904761904762,0.513888888888889,0.543650793650793,37.8070851666577,36.2010148333423,37.00405,0.67908099085111,56.998876347997,36.5496,36.9594082179003,1.0114497735848,1.11370168635147
"4109124","2019-10-17",10.3371045371072,0.735963581183612,0.586591034997712,0.547382196851089,37.8562939931298,36.3000726735369,37.0781833333333,0.909849587996593,63.1812354677844,36.6412,37.0448204555136,1.06329594415973,1.10362053791312
"4109123","2019-10-18",11.0823353892225,0.786666666666667,0.678178336585014,0.592886086823872,37.979811978989,36.292888021011,37.13635,0.962567777863569,65.2722692465913,36.7452,37.1468443947784,1.13644771654786,1.11018597364007
"4109122","2019-10-21",12.2499607854769,0.762711864406778,0.761780704085686,0.675516691889471,38.1262576805431,36.2904423194569,37.20835,0.996591334468739,66.9105764774649,36.856,37.257931808808,1.21660323324932,1.13146942556192
"4109121","2019-10-22",13.5823523457024,0.756906077348067,0.768761536140504,0.736240192270401,38.2529171415751,36.3461161917583,37.2995166666667,1.0019663956492,68.148044971281,36.9356,37.3715409009669,1.29258927336287,1.16369339512211
"4109120","2019-10-23",15.0306747144379,0.666666666666667,0.728761536140504,0.753101258788898,38.3633994775127,36.4213005224873,37.39235,0.977653312978497,68.441354311408,37.0452,37.4740021141713,1.34306820907011,1.19956835791171
"4109119","2019-10-24",17.1751660778171,0.665148063781322,0.696240269265352,0.731254447182121,38.6030138822114,36.355519451122,37.4792666666667,1.07207409083996,71.9631635794229,37.15,37.6134684989485,1.44724971387133,1.24910462910363
"4109118","2019-10-25",19.1664794866692,0.715261958997722,0.682358896481904,0.70245356729592,38.7491940923551,36.4472392409782,37.5982166666667,1.01917467710186,72.9057441300082,37.2312,37.749006032422,1.53457956518239,1.30619961631939
"4109117","2019-10-28",21.2188279205927,0.756756756756757,0.712388926511934,0.696996030753063,38.9446812418858,36.4450854247808,37.6948833333333,0.990125906869849,73.8524291356504,37.3192,37.8811385614324,1.60767016983743,1.36649372702299
"4109116","2019-10-29",23.7414708029353,0.727598566308244,0.733205760687575,0.709317861227138,39.2022006180378,36.4322327152955,37.8172166666667,1.05095102912775,76.6482408250236,37.434,38.0423200865748,1.71897902554203,1.4369907867268
"4109115","2019-10-30",26.4141086728455,0.779179810725553,0.754511711263519,0.733368799487676,39.5038770669576,36.4312229330424,37.96755,1.08444043978523,79.601158781018,37.5664,38.2406774083648,1.87693080313813,1.52497879000907
"4109114","2019-10-31",28.9288943215218,0.900311526479751,0.802363301171183,0.763360257707426,39.840254886097,36.3985117805697,38.1193833333333,1.06287853972081,81.9477833422985,37.6876,38.4685870872495,2.06431134077969,1.63284530016319
"4109113","2019-11-01",29.3492216033737,0.675595238095237,0.785028858433514,0.780634623622739,40.0572731710507,36.3881601622826,38.2227166666667,0.900809858718535,69.2782133311906,37.8128,38.5834421422829,2.05739678437211,1.71775559700498
"4109112","2019-11-04",27.6702676072276,0.392857142857143,0.656254635810711,0.74788226513847,40.0963123192227,36.4791210141107,38.2877166666667,0.620429534940835,55.1965696087251,37.876,38.5563165233118,1.83195077676181,1.74059463295634
"4109111","2019-11-05",26.5984582628375,0,0.356150793650794,0.599144762631673,40.0849720419148,36.5347946247519,38.3098833333333,0.368584032520594,45.9793518320276,37.9076,38.4168076535369,1.45436787889164,1.6833492821434
"4109110","2019-11-06",25.6032067287611,0.0618556701030926,0.151570937653412,0.387992122371639,40.0780713063525,36.5751953603142,38.3266333333333,0.367737251579235,47.9172011797805,37.95,38.3198999663987,1.17909131054363,1.58249768782345
"4109109","2019-11-07",25.2232525474107,0,0.0206185567010314,0.176113429335079,40.0672383340007,36.6083616659993,38.3378,0.282838937195366,44.0417618733774,37.9716,38.1812466375455,0.864257070219465,1.43884956430265
"4109108","2019-11-08",26.9069758809323,0,0.0206185567010314,0.0642693503518253,40.3504237243093,36.1321762756907,38.2413,-0.164881178142305,29.0470385234148,37.8656,37.7370804192061,0.0953061018984735,1.17014087182182
"4109107","2019-11-11",28.4704332620594,0.0107719928186706,0.00359066427289077,0.0149425925583181,40.6039443923215,35.6773222743452,38.1406333333333,-0.102299086258897,29.6836286293497,37.7728,37.360136363312,-0.502253231569671,0.835662051143519
"4109106","2019-11-12",29.9408497691143,0.00538599640933593,0.00538599640933608,0.00986507246108627,40.8111377132307,35.2564622867693,38.0338,-0.0293678641705847,29.5409141702232,37.6792,37.0294515148704,-0.976453643818498,0.473238912151116
"4109105","2019-11-13",31.0589707332329,0.0592459605026927,0.0251346499102336,0.0113704368641537,40.9394044229744,34.9326955770256,37.93605,0.0672533162504671,33.0094729937646,37.5892,36.7828579795543,-1.27587130945302,0.123416867830288
"4109104","2019-11-14",31.1680007023943,0.0718132854578094,0.0454817474566133,0.0253341312587278,41.0058326286001,34.6500007047333,37.8279166666667,0.14212657594169,33.828027510355,37.51,36.5784769156137,-1.48318039806831,-0.197902585349431
"4109103","2019-11-15",30.6201382479005,0.206463195691203,0.112507480550569,0.0610412926391387,40.9983132435097,34.4841867564903,37.74125,0.260840280002072,42.0046722473482,37.462,36.5013466601986,-1.46596825409359,-0.451515719098262
"4109102","2019-11-18",28.4456456640721,0.292639138240574,0.190305206463196,0.116098144823459,40.9523535706382,34.4094797626952,37.6809166666667,0.38268406882592,46.556256406384,37.4384,36.4985004388388,-1.33084194114358,-0.627380963507326
"4109101","2019-11-19",26.8136476323663,0.470377019748653,0.323159784560144,0.208657490524636,40.9137318127102,34.3921015206232,37.6529166666667,0.506708445287535,54.4896404342792,37.4548,36.6280337136603,-0.993400519512144,-0.700584874708289
"4109100","2019-11-20",25.2982208886395,0.511669658886894,0.424895272292041,0.31278675443846,40.8773274388584,34.3813725611416,37.62935,0.5337620366513,56.1193563969447,37.4804,36.7709625518389,-0.668198664821118,-0.694107632730855
"4109099","2019-11-21",24.0750646957949,0.44298245614035,0.475009711591966,0.407688256148051,40.7623263946521,34.3442069386813,37.5532666666667,0.451709634658638,49.2634980074806,37.4512,36.7841675449271,-0.586257240775101,-0.672537554339704
"4109098","2019-11-22",23.738485893805,0.327868852459016,0.427506989162087,0.442470657682032,40.6269412766599,34.2422587233401,37.4346,0.341088418801269,43.5968676103186,37.3808,36.6862785389368,-0.693528008831135,-0.67673564523799
"4109097","2019-11-25",23.3448641792588,0.43452380952381,0.401791706041059,0.434769468931704,40.4547807985294,34.1837525348039,37.3192666666667,0.387429412905572,45.728515747021,37.314,36.6361080670785,-0.71344287284878,-0.684077090760148
"4109096","2019-11-26",22.1535109402683,0.692537313432836,0.484976658471888,0.438091784558345,40.2179305096275,34.2261028237058,37.2220166666667,0.529426191123776,52.1678632680593,37.2764,36.7072936581347,-0.533757012670011,-0.654013075142121
"4109095","2019-11-27",20.7614429208229,0.803030303030303,0.643363808662317,0.510044057725088,39.8910810479078,34.3462856187589,37.1186833333333,0.604238892258292,54.4035029816202,37.2508,36.8129878370501,-0.31546368362434,-0.586303196838565
"4109094","2019-11-29",19.468808331338,0.807339449541286,0.767635688668142,0.631992051934116,39.4435260702004,34.5571739297996,37.00035,0.64113800646865,54.5421758240534,37.2108,36.9072561254434,-0.136881139773737,-0.496418785425599
"4109093","2019-12-02",18.7822685818357,0.675535168195718,0.761968306922436,0.724322601417632,38.9976713697084,34.7642952969583,36.8809833333333,0.600396624198464,50.9463010889493,37.14916,36.931488642051,-0.0886972164950817,-0.414874471639496
"4109092","2019-12-03",18.1790606984462,0.632996632996634,0.705290416911213,0.744964804167264,38.7577217981729,34.8561115351604,36.8069166666667,0.611513786360969,50.7040753032613,37.08196,36.9486234897775,-0.056209658721551,-0.343141509055907
"4109091","2019-12-04",17.3859809144724,0.703448275862069,0.670660025684808,0.712639583172819,38.7030925524598,34.8710741142068,36.7870833333333,0.672124258784629,52.6278122188479,37.00996,36.9941403578072,0.0194758110579896,-0.270618045033127
"4109090","2019-12-05",16.5558561948199,0.613953488372094,0.650132799076933,0.675361080557651,38.6486470606113,34.8878529393887,36.76825,0.691027916846753,52.8860751338077,36.92156,37.0375883100996,0.0849377799726714,-0.199506880031968
"4109089","2019-12-06",16.2787511355261,0.433333333333335,0.583578365855833,0.634790396872525,38.6050185791112,34.8948147542221,36.7499166666667,0.626700137113728,49.4052842107125,36.80196,37.0272432020863,0.0577128823165518,-0.148062927562264
"4109088","2019-12-09",17.05006573413,0.00476190476190719,0.350682908822446,0.528131357918404,38.5621253198334,35.0240413468333,36.7930833333333,0.360635491668326,41.9685064074205,36.67116,36.8982774418081,-0.158519156612091,-0.150154173372229
"4109087","2019-12-10",18.4063824734385,0,0.146031746031748,0.360097673570009,38.5009254996128,35.1429078337205,36.8219166666667,0.180788854223657,37.2099908872197,36.54996,36.691840449567,-0.481039548517948,-0.216331248401373
"4109086","2019-12-11",20.0836205494036,0,0.00158730158730314,0.166100652147166,38.4872540040092,35.1655793293241,36.8264166666667,0.00534489549639891,34.0480062405002,36.44196,36.4409283896248,-0.848250782089943,-0.342715155139087
"4109085","2019-12-12",22.4949047013032,0,7.37835718448802e-16,0.0492063492063508,38.7376037405607,34.779562926106,36.7585833333333,-0.202009772912402,27.4437622531783,36.26996,36.0341379376748,-1.44314993699561,-0.562802111510392
"4109084","2019-12-13",25.2055837939666,0,7.37835718448802e-16,0.000529100529101684,39.1867931046186,34.0630402287147,36.6249166666667,-0.230893303671679,23.7115117594768,36.07156,35.5389195459848,-2.14051622707007,-0.878344934622327
"4109083","2019-12-16",27.7548147570994,0,7.37835718448802e-16,8.8434757202401e-16,39.5611822449436,33.3246510883898,36.4429166666667,-0.125280822855403,23.4546806940199,35.96716,35.0990636065202,-2.69209337225067,-1.241094622148
"4109082","2019-12-17",29.6167147491251,0.0290598290598281,0.00968660968661011,0.00322886989553734,39.7314000929152,32.7387665737514,36.2350833333333,0.00255985000017295,25.3061510643374,35.86716,34.7405217923175,-3.06398269877385,-1.60567223747317
"4109081","2019-12-18",29.900033298368,0.227979274611399,0.0856797012237431,0.0317887703034515,39.619090757215,32.4657425761183,36.0424166666667,0.192579855242531,36.4961881187264,35.81436,34.5831188866752,-3.0605222562484,-1.89664224122821
"4109080","2019-12-19",30.3706785759265,0.18100358422939,0.146014229300207,0.0804601800701868,39.4608553110809,32.1934446889191,35.82715,0.185745475877997,34.9751006265197,35.73716,34.4053697017851,-3.09669914985918,-2.13665362295441
"4109079","2019-12-20",30.1965777627603,0.31899641577061,0.2426597582038,0.158117896242584,39.3135066832355,32.0367933167645,35.67515,0.297736066745685,41.4973303063798,35.68796,34.3539870748805,-2.91229888574251,-2.29178267551203
"4109078","2019-12-23",29.8159662629378,0.356630824372759,0.285543608124254,0.224739198542754,39.2363110356135,31.9116556310532,35.5739833333333,0.339266613698486,43.171486405316,35.61716,34.3374554648964,-2.68599806603362,-2.37062575361635
"4109077","2019-12-24",29.6383332335405,0.31899641577061,0.331541218637993,0.286581528322016,39.1306889620052,31.7709443713281,35.4508166666667,0.323252471517221,41.8808023614983,35.51876,34.2951280695769,-2.52703217196287,-2.40190703728565
"4109076","2019-12-26",29.0509069184478,0.349090909090908,0.341572716411426,0.319552514391225,38.8945852214535,31.7012147785465,35.2979,0.366835719416545,43.1020754538637,35.38636,34.2771109936333,-2.34126254542711,-2.38977813891395
"4109075","2019-12-27",28.0652155320442,0.49339207048458,0.3871597984487,0.353424577832707,38.5773935983556,31.7144064016444,35.1459,0.428714229050613,45.9003741258438,35.25756,34.3041628611489,-2.09453943227447,-2.33073039758605
"4109074","2019-12-30",27.316040886276,0.482598607888631,0.441693862488041,0.390142125782723,38.2201739322662,31.7484594010671,34.9843166666667,0.418725813569549,44.7161956131966,35.15556,34.3062744796623,-1.91449270262777,-2.24748285859439
"4109073","2019-12-31",26.0224859517053,0.680216802168022,0.552069160180412,0.460307607039051,37.918682626775,31.8076840398917,34.8631833333333,0.503297333441256,48.5573144202578,35.10356,34.365437882374,-1.65163508195779,-2.12831330326707
"4109072","2020-01-02",25.63356537441,0.540498442367601,0.567771284141419,0.52051143560329,37.58076792794,31.8680654053933,34.7244166666667,0.454881249464203,42.7871158137539,35.01016,34.3133794980575,-1.60677616891821,-2.0240058763973
"4109071","2020-01-03",25.27242483835,0.580996884735201,0.600570709756942,0.573470384692924,37.1397953721309,31.9977046278691,34.56875,0.454217714471612,43.9894691817213,34.88756,34.2855955649832,-1.52332973434751,-1.92387064798734
"4109070","2020-01-06",24.3224796945529,0.704049844236759,0.608515057113188,0.592285683670516,36.6304095622296,32.2317571044371,34.4310833333333,0.568714226209107,47.5932932280368,34.76756,34.3141828229854,-1.34878424853268,-1.80885336809641
"4109069","2020-01-07",23.9692924667804,0.526315789473684,0.603787506148549,0.604291091006226,36.0745234702242,32.4969765297758,34.28575,0.507710124784521,43.8261600142585,34.62716,34.273625113254,-1.31056382984016,-1.70919546044516
"4109068","2020-01-08",23.8466698349904,0.254545454545455,0.494970362751967,0.569090975337901,35.7050589709596,32.6391076957071,34.1720833333333,0.45257045738449,42.3526128911952,34.496,34.2118084314868,-1.31248990848812,-1.62985435005375
"4109067","2020-01-09",23.7328059626138,0.274999999999998,0.35195374800638,0.483570538968965,35.4377051314129,32.7347948685871,34.08625,0.48042233684394,42.8184709094992,34.3678,34.1642339739552,-1.28886026370999,-1.561655532785
"4109066","2020-01-10",23.1491876237722,0.0609756097560941,0.196840354767183,0.34792148850851,35.2908363061623,32.7796636938377,34.03525,0.551005387962866,43.4202948863181,34.2326,34.1303361107612,-1.24301946938428,-1.49792832010486
"4109065","2020-01-13",21.8070606558567,0.469512195121949,0.268495934959348,0.272430012577637,35.3715589802289,32.778941019771,34.07525,0.771829483074141,50.2846677288196,34.123,34.190291295993,-1.03652410055295,-1.40564747619447
"4109064","2020-01-14",20.5607998999352,0.603658536585363,0.378048780487802,0.281128356738111,35.4008501207894,32.9539832125439,34.1774166666667,0.80484562284654,52.3297924077925,34.0366,34.2715857898606,-0.811735219805187,-1.28686502491662
"4109063","2020-01-15",19.6387310792929,0.599999999999999,0.557723577235771,0.40142276422764,35.3685834253708,33.2559165746292,34.31225,0.939136913458155,53.9972238693454,33.9934,34.3660410178792,-0.584733421665129,-1.14643870426632
"4109062","2020-01-16",18.8101236404253,0.761421319796955,0.655026618794106,0.530266325505893,35.356026924854,33.539473075146,34.44775,1.06090639252476,56.9689514525802,33.9918,34.4919022154953,-0.32416355636572,-0.9819836746862
"4109061","2020-01-17",18.0407024471912,0.786802030456852,0.716074450084602,0.642941548704826,35.4900825538423,33.565750779491,34.5279166666667,0.977438460584454,57.4177938367584,34.0138,34.6076485867626,-0.105357923288507,-0.806658524406661
"4109060","2020-01-21",18.0495449171544,0.689655172413791,0.745959507555866,0.705686858811525,35.6024332042155,33.6640667957845,34.63325,1.02453963067955,57.8908073306842,34.0946,34.7146287751943,0.0782531412959031,-0.629676191266148
"4109059","2020-01-22",17.2663213813608,0.440839694656489,0.639098965842378,0.700377641160949,35.7063106117398,33.6851893882602,34.69575,0.874833198787075,52.3203517309721,34.2004,34.7480116051684,0.118833404339003,-0.479974272145118
"4109058","2020-01-23",16.5390423838383,0.469465648854961,0.533320171975081,0.639459548457775,35.7820262431502,33.7044737568498,34.74325,0.790445931280017,53.1387800292133,34.3124,34.7869433911459,0.166416566913941,-0.350696104333307
"4109057","2020-01-24",15.8637118861387,0.534351145038168,0.481552162849874,0.551323766889111,35.8513582039412,33.7641417960588,34.80775,0.802915403315299,55.0233282332037,34.4244,34.8433509389931,0.240632161000764,-0.232430451266492
"4109056","2020-01-27",14.9032859700083,0.393129770992367,0.465648854961833,0.493507063262263,35.8646621462964,33.8168378537036,34.84075,0.577765460921634,50.2835594266374,34.4756,34.8429041471274,0.211341824204281,-0.143675996172338
"4109055","2020-01-28",13.854311923433,0.374045801526717,0.433842239185751,0.460347752332486,35.8800328763326,33.8353004570008,34.8576666666667,0.567164452441264,49.6610029549667,34.5372,34.8358502608437,0.174546970265532,-0.0800314028847637
"4109054","2020-01-29",13.0203237613438,0.444660194174758,0.403945255564615,0.4344787832374,35.9065266263016,33.8794733736984,34.893,0.634184930588626,52.3304875759428,34.5764,34.8577368927312,0.19177292267758,-0.025670537772295
"4109053","2020-01-30",12.2459061822609,0.432539682539683,0.417081892747053,0.418289795832473,35.9269852283416,33.8866814383251,34.9068333333333,0.624082829187227,52.3304875759427,34.6072,34.8767053070337,0.203062579773028,0.0200760857367696
"4109052","2020-01-31",12.3058597516945,0,0.292399958904815,0.371142369072161,35.9234344032534,33.9128989300799,34.9181666666667,0.388172411612093,44.8443836510717,34.6236,34.8171445994292,0.0791882208410977,0.0318985127576352
"4109051","2020-02-03",12.6616738254406,0,0.144179894179895,0.284553915277255,35.9157555777434,33.9349110889233,34.9253333333333,0.273497278964124,42.7639164390776,34.6272,34.7415253195053,-0.0602306589117529,0.0134726784237576
"4109050","2020-02-04",12.9920726082049,0.0733944954128425,0.0244648318042816,0.153681561629664,35.9165068784155,33.9174931215844,34.917,0.324746912253025,45.1977097106219,34.6244,34.6973219435713,-0.132233511533719,-0.0156685595677378
"4109049","2020-02-05",13.2988714779146,0.0825688073394494,0.0519877675840981,0.0735441645227585,35.9057683101676,33.9487316898324,34.92725,0.291053134919566,45.5096190062398,34.6288,34.6616790177618,-0.182630388922844,-0.0490609254387591
"4109048","2020-02-06",12.5853530265207,0.114678899082569,0.0902140672782877,0.0555555555555559,35.8559279190113,34.0735720809887,34.96475,0.394474868979028,46.6540349841545,34.6188,34.6401218153936,-0.203973831193927,-0.0800435065897926
"4109047","2020-02-07",11.9636949150304,0.311926605504587,0.169724770642203,0.103975535168196,35.7989895044917,34.234177162175,35.0165833333333,0.534136148611652,53.1616355549179,34.657,34.6787722400077,-0.119390581771484,-0.0879129216261308
"4109046","2020-02-10",11.6998021801669,0.357798165137615,0.261467889908258,0.173802242609583,35.7473571373309,34.3881428626691,35.06775,0.587489271473594,54.550204580189,34.694,34.7256026080067,-0.028842072201829,-0.0760987517412704
"4109045","2020-02-11",11.9691739346898,0.649122807017543,0.439615859219916,0.290269506590126,35.7936641866831,34.4131691466502,35.1034166666667,0.7824469884784,58.8822564548481,34.7284,34.8101889269392,0.117988643100841,-0.037281272772848
"4109044","2020-02-12",13.4781089288199,0.590517241379309,0.53247940451149,0.411187717879888,35.9277423703487,34.380424296318,35.1540833333333,1.00576759004353,61.9587800040053,34.7928,34.9181637366806,0.290760781108212,0.0283271380033641
"4109043","2020-02-13",15.9156431456112,0.656824344682133,0.632154797692996,0.534750020474801,36.2911622793116,34.1739710540217,35.2325666666667,1.24490201034348,69.5921039914893,34.8976,35.1197419051232,0.606359496834918,0.143933609769675
"4109042","2020-02-14",18.6061452954724,0.777777777777778,0.675039787946407,0.613224663383631,36.7985556786333,33.8745776547,35.3365666666667,1.25585383402679,75.1046814405695,35.0338,35.4051096511068,1.0318259023733,0.321512068290399
"4109041","2020-02-18",21.4430807309996,0.851598173515981,0.762066765325298,0.6897537836549,37.3964081740766,33.5517251592567,35.4740666666667,1.20814680677324,78.710279988301,35.1966,35.7484283642925,1.51012422545054,0.559234499722427
"4109040","2020-02-19",21.6011284105107,0.554794520547945,0.728056823947235,0.721721125739647,37.6292147046645,33.4802519620022,35.5547333333333,0.911813772736757,61.4149353479754,35.2806,35.8726379157202,1.5746629790768,0.762320195593302
"4109039","2020-02-20",21.7000823686923,0.547945205479451,0.65144596651446,0.713856518595665,37.7879186978759,33.4698813021241,35.6289,0.802861357327125,61.0813790212794,35.3546,35.9762861936242,1.59979925312639,0.929816007099919
"4109038","2020-02-21",21.5234981662708,0,0.3675799086758,0.582360899712499,37.8027313762722,33.3624019570611,35.5825666666667,0.238180086000644,40.0675980729075,35.3138,35.7074480344743,1.00375255318579,0.944603316317093
"4109037","2020-02-24",21.652995263958,0,0.182648401826485,0.400558092338915,37.8435566286232,33.1679100380434,35.5057333333333,0.157288041566611,38.0250951479272,35.2442,35.422454963211,0.435038685254563,0.842690390104587
"4109036","2020-02-25",22.2761666720714,0,7.7715611723761e-16,0.183409436834095,37.9483135876599,32.8881530790067,35.4182333333333,0.0715089808662192,34.525908807213,35.1438,35.0794609681162,-0.182272039036058,0.637697904276458
"4109035","2020-02-26",23.4342391783177,0,7.7715611723761e-16,0.0608828006088291,38.1380599761582,32.4389066905084,35.2884833333333,-0.00682674926578354,30.4962635693028,35.003,34.6541995057007,-0.889798563340094,0.332198610753148
"4109034","2020-02-27",24.9207937908316,0,7.7715611723761e-16,1.12872674170224e-15,38.3873912119246,31.8304087880754,35.1089,-0.0392063663015237,27.6376028883204,34.8484,34.180306238274,-1.62678714658361,-0.0595985407142035
"4109033","2020-02-28",27.1107584396241,0,7.7715611723761e-16,1.12872674170224e-15,38.8571096567974,30.8226903432025,34.8399,-0.12977793447228,22.012061944964,34.6108,33.5029320731708,-2.6727649554551,-0.582231823662382
"4109032","2020-03-02",27.6584185773377,0.136411332633788,0.0454704442112633,0.0151568147370887,38.9944539001776,30.3276794331557,34.6610666666667,0.0910358561323055,31.7381855690238,34.4184,33.089207796748,-3.16917409098131,-1.09962027712617
"4109031","2020-03-03",26.81850369734,0.323189926547744,0.153200419727178,0.0662236213128144,38.9848200805737,30.173146586093,34.5789833333333,0.302082619785483,42.3414047329687,34.312,32.9679800905149,-3.09743050069807,-1.49918232184055
"4109030","2020-03-04",26.0385827373421,0.351521511017839,0.270374256733124,0.156348373557189,38.965490430326,30.0111429030073,34.4883166666666,0.306241233318222,43.7682278149455,34.2184,32.8989160784463,-2.9413074925802,-1.78760735598848
"4109029","2020-03-05",25.854478197267,0.249737670514166,0.30814970269325,0.243908126384518,38.9736004703922,29.7425328629411,34.3580666666667,0.235162449535091,39.9439476077062,34.0776,32.7097272679868,-3.02279913369133,-2.03464571152905
"4109028","2020-03-06",26.3242764713815,0.110178384050367,0.237145855194124,0.271889938206833,39.0360865489149,29.2663801177517,34.1512333333333,0.140599913817956,35.3793250053046,33.8836,32.3684302989219,-3.38276643075812,-2.30426985537486
"4109027","2020-03-09",27.6830022025806,0,0.119972018188178,0.221755858691851,39.2607861928583,28.3895138071417,33.82515,0.0146091019115963,28.7542806562789,33.6128,31.740639592399,-4.25883460881772,-2.69518280606344
"4109026","2020-03-10",28.1850340554857,0.168527918781726,0.0929021009440318,0.150006658108778,39.2099155733542,27.9190510933125,33.5644833333333,0.181941980054062,37.1975262490985,33.4156,31.4178876467458,-4.49579832049214,-3.05530590894918
"4109025","2020-03-11",28.6512064903261,0.220052083333333,0.129526667371687,0.114133595501299,39.0838071799283,27.469826153405,33.2768166666666,0.195469050742423,37.3420451704964,33.2132,31.1421692938463,-4.63017882628139,-3.37028049241562
"4109024","2020-03-12",30.0835915282548,0,0.129526667371687,0.117318478562469,39.0701547233208,26.6168119433458,32.8434833333333,0.0524508212931004,29.7878399790552,32.8872,30.4938800546668,-5.48999929186378,-3.79422425230525
"4109023","2020-03-13",30.8826029562075,0.14240305149396,0.120818378275765,0.126623904339714,38.6695109885132,26.1614890114867,32.4155,0.166973722331895,34.9573924916875,32.6032,30.0813627140446,-5.83075617458787,-4.20153063676178
"4109022","2020-03-16",32.5431496700494,0,0.0474676838313209,0.0992709098262581,38.3979304170667,25.1584029162666,31.7781666666666,-0.027070672744544,27.7869535009756,32.1562,29.2378476855053,-7.03606042513244,-4.76843659443591
"4109021","2020-03-17",32.7188031376389,0,0.0474676838313209,0.0719179153128027,37.6476468071021,24.6116865262312,31.1296666666666,0.0471756684728409,27.0413070732277,31.687,28.4461346607713,-8.08052523032907,-5.43085432161454
"4109020","2020-03-18",32.3168312790799,0.232365145228216,0.077455048409406,0.0574634720240162,36.7092850800742,24.5483815865924,30.6288333333333,0.221881958155537,37.1074888798147,31.3054,28.0959833726684,-8.13368175335538,-5.97141980796271
"4109019","2020-03-19",31.0980655618676,0.492392807745505,0.241585984324574,0.122169572188434,35.6202138545261,24.9117861454738,30.266,0.445276746883709,46.073923736182,31.0262,28.1685189229793,-7.28875788238691,-6.23488742284755
"4109018","2020-03-20",29.966354538742,0.509912402028584,0.411556785000769,0.243532605911583,35.0323899934661,25.0179433398672,30.0251666666666,0.45787751955504,46.6260512286358,30.7222,28.2567163999154,-6.48880294724059,-6.28567052772616
"4109017","2020-03-23",29.3674424278379,0.426441351888668,0.476248853887586,0.37646387440431,34.4706026645118,25.0417306688215,29.7561666666666,0.36924911761483,43.4960592107984,30.3354,28.1678208799267,-6.13789891382092,-6.25611620494511
"4109016","2020-03-24",28.4393857971433,0.496835443037975,0.47772973231841,0.455178457068922,33.985066133101,25.1056005335656,29.5453333333333,0.442338872282273,44.8465740990769,29.9366,28.1467780959365,-5.67530906155855,-6.1399547762678
"4109015","2020-03-25",26.4832017645583,0.639462313970235,0.52091303629896,0.491630540834986,33.8013094613288,25.1705238720045,29.4859166666666,0.699952829570306,50.7341512559308,29.6678,28.3885410164783,-4.69757790346108,-5.85147940170646
"4109014","2020-03-26",24.6667451628723,0.71147383581373,0.615923864273981,0.538188877630451,33.792099818837,25.1734001811629,29.48275,0.735215297576736,52.8202326419032,29.4302,28.6980688809478,-3.67008802728714,-5.41520112682259
"4109013","2020-03-27",23.4780094411243,0.812043795620438,0.720993315134802,0.619276738569248,34.1958942448955,25.0802724217711,29.6380833333333,0.856375395597521,56.7393478405835,29.3598,29.1649930301548,-2.41795214821653,-4.81575133110138
"4109012","2020-03-30",22.734706863217,0.842060810810811,0.788526147414994,0.708481108941259,34.6637080787852,24.8901252545481,29.7769166666666,0.921177856748558,59.3507116088229,29.3478,29.7123272928008,-1.13207255945975,-4.07901557677306
"4109011","2020-03-31",22.0013374419181,0.835304054054054,0.829802886828436,0.779774116459411,34.8433771483738,24.8042895182928,29.8238333333333,0.893412244770711,59.0636431773615,29.3614,30.176016987094,-0.147562023845915,-3.29272486618763
"4109010","2020-04-01",20.5426482945072,0.709459459459459,0.795608108108109,0.80464571411718,34.7959933686441,24.8223399646892,29.8091666666666,0.765783582601958,53.840306780427,29.3538,30.3792147221482,0.226595268672014,-2.5888608392157
"4109009","2020-04-02",19.1881512290543,0.744932432432432,0.763231981981983,0.796214325639509,34.8984057129509,24.789594287049,29.844,0.773622672682634,55.0471008737454,29.3946,30.6113194258617,0.624255806841489,-1.94623751000426
"4109008","2020-04-03",18.1410843800012,0.773648648648649,0.742680180180181,0.767173423423425,35.1879408022835,24.7333925310498,29.9606666666666,0.78816803830312,56.0488406246816,29.529,30.8578101690802,1.01349114080258,-1.35429177984289
"4109007","2020-04-06",18.0478939295077,0.778330019880715,0.765637033653933,0.757183065272032,35.7768214726491,24.7290118606842,30.2529166666666,0.874772630239989,59.4544376514257,29.659,31.2301021465362,1.60676755117741,-0.762079913638833
"4109006","2020-04-07",18.0478136687262,0.722025912838634,0.758001527122667,0.755439580318927,36.302920661609,24.6562460050576,30.4795833333333,0.845771085059724,59.652487924046,29.7206,31.562088526998,2.06314976179576,-0.197033978551915
"4109005","2020-04-08",17.847754564504,0.685512367491166,0.728622766736839,0.750753775837813,36.6792293711351,24.6922706288649,30.68575,0.765086699775488,58.2944629425844,29.759,31.8084767233983,2.31366004792493,0.305104826743453
"4109004","2020-04-09",18.3278773678888,0.821428571428571,0.742988950586125,0.743204414815211,37.1747168047658,24.9934498619009,31.0840833333333,0.840899132480279,62.2096653623445,29.8886,32.1966798269452,2.80336825741432,0.804757512877626
"4109003","2020-04-13",18.0447360336898,0.675544794188862,0.727495244369534,0.7330356538975,37.4821871488468,25.2889795178198,31.3855833333333,0.737379429125896,57.2196959948663,30.0262,32.3824558500191,2.87036590266827,1.21787919083576
"4109002","2020-04-14",17.781819080505,0.713153724247226,0.736709029954887,0.735731074970182,37.3360334690912,26.4281331975754,31.8820833333333,0.761087523334218,59.8874499870147,30.2982,32.6594617366833,3.09949461214793,1.59420227509819
"4109001","2020-04-15",16.5827828808268,0.342625899280576,0.577108139238889,0.680437471187771,36.8075863295457,27.7405803371209,32.2740833333333,0.587414007887007,52.4216793574143,30.43,32.6535335051255,2.79238048359538,1.83383791679763
"4109000","2020-04-16",15.4693921239827,0.203501094091904,0.41976023920657,0.577859136133449,36.4638295386648,28.6513371280018,32.5575833333333,0.545962711316463,52.4735538348088,30.5612,32.6503957044421,2.52374511344802,1.97181935612771
"4108999","2020-04-17",14.8652845169403,0.351203501094092,0.299110164822192,0.431992847755884,36.4608891551592,29.0569441781741,32.7589166666667,0.628006083641365,54.8587046236037,30.8422,32.7376762771832,2.44874222161646,2.06720392922546
"4108998","2020-04-20",14.1384507909653,0.293216630196936,0.282640408460978,0.33383693749658,36.3694979945757,29.5373353387576,32.9534166666667,0.579025733704817,53.7188897696528,31.0678,32.7779861068921,2.29720574689039,2.11320429275844
"4108997","2020-04-21",13.2087337200557,0.205689277899344,0.283369803063458,0.28837345878221,35.9278863680675,30.4362802985991,33.1820833333333,0.484445958871386,51.963842482678,31.4232,32.7595879593065,2.05507686037893,2.10157880628254
"4108996","2020-04-22",12.3454250113539,0.233734939759037,0.244213615951773,0.270074609158737,35.3754321753778,31.4170678246222,33.39625,0.479894894385321,53.7928203946557,31.8148,32.8036428980656,1.95135531337034,2.0715341077001
"4108995","2020-04-23",12.2389768957273,0,0.146474739219461,0.224686052744898,35.2287515182497,31.683915148417,33.4563333333333,0.205769211556244,47.8616676920557,32.0512,32.6604905116569,1.51691953145978,1.96061119245204
"4108994","2020-04-24",12.4034913804929,0,0.0779116465863468,0.156200000585861,35.2231419835872,31.6928580164128,33.458,-0.0423548599687041,46.0136542668187,32.1564,32.4750917767693,1.0458403751811,1.77765702899785
"4108993","2020-04-27",12.3629570109898,0.0460000000000001,0.0153333333333344,0.0799065730463813,35.3003881598213,31.5049418401787,33.402665,0.072461787975939,47.113214819629,32.2632,32.3450795398667,0.720332659773049,1.56619215515289
"4108992","2020-04-28",11.8617379551139,0.183999999999999,0.0766666666666676,0.0566372155287834,35.2579904577867,31.4021728755467,33.3300816666667,0.26959101901188,50.3784289524547,32.4472,32.3244022678845,0.627103013440222,1.37837432681036
"4108991","2020-04-29",12.1748580045306,0,0.0766666666666676,0.0562222222222236,35.2684890367895,31.1833409632105,33.225915,0.1240246443125,44.9240026171027,32.564,32.1384819654999,0.234762690338353,1.14965199951596
"4108990","2020-04-30",13.144218911789,0,0.0613333333333342,0.0715555555555569,35.557095072751,30.6540682605823,33.1055816666667,-0.122523280059996,40.1000120041969,32.5508,31.8040177034332,-0.402611799009533,0.839199239810857
"4108989","2020-05-01",14.2457168202832,0,1.0547118733939e-15,0.0460000000000014,35.8451837261612,30.0626462738388,32.953915,-0.0840426216309151,38.6557924771185,32.4908,31.4581486763088,-1.0098054609029,0.469398299668106
"4108988","2020-05-04",15.8728571693902,0,1.0547118733939e-15,0.0204444444444459,36.2579513415746,29.179545325092,32.7187483333333,-0.128495783227756,34.2863641234067,32.316,30.9743955194676,-1.83622198781144,0.00827424217219708
"4108987","2020-05-05",16.934943125632,0.109281437125749,0.0364271457085839,0.0121423819028625,36.2583960634942,28.6327672698391,32.4455816666667,0.038978127339246,38.2618662989592,32.1276,30.6524761168719,-2.2852274279843,-0.450426091859103
"4108986","2020-05-06",17.3781961624989,0.25,0.119760479041917,0.0520625415835012,36.0679404126873,28.3498895873126,32.208915,0.184430470623596,43.0403842945505,31.98,30.4988126346224,-2.37015721145059,-0.8343723157774
"4108985","2020-05-07",16.7676388254061,0.392694063926941,0.250658500350898,0.1356153750338,35.8824790638861,28.2325176027806,32.0574983333333,0.3401954912389,47.2934540642177,31.9284,30.486970950006,-2.17202118417723,-1.10190208945737
"4108984","2020-05-08",16.8662551015708,0.633557046979865,0.425417036968937,0.265278672120584,35.5701774699662,28.3671525300338,31.968665,0.707042876074507,55.6752781206118,31.9456,30.7620414900052,-1.43318268226056,-1.168158208018
"4108983","2020-05-11",17.2111915485133,0.879652605459057,0.635301238788622,0.437125592036153,35.7635433719401,28.2701199613932,32.0168316666667,0.93057778666629,62.7419285919297,32.044,31.3164359580045,-0.234496206207224,-0.981425807655849
"4108982","2020-05-12",16.5782012973471,0.679900744416874,0.731036798951933,0.597251691569831,35.6571784571755,28.3178182094912,31.9874983333333,0.793736092417621,56.1883828106454,32.0304,31.5822444969373,0.286849615331142,-0.727770723058451
"4108981","2020-05-13",15.64337615016,0.600496277915633,0.720016542597189,0.695451526779249,35.6455168339902,28.3184798326764,31.9819983333333,0.633023530952359,53.7834342868401,31.9884,31.7272785640123,0.527924287520842,-0.476631720942592
"4108980","2020-05-14",14.6197011245138,0.565136476426799,0.61517783291977,0.688743724822964,35.6350321767895,28.3182978232104,31.976665,0.613894390547659,52.70166863444,31.9474,31.8149747554773,0.63833919086087,-0.2536375385819
"4108979","2020-05-15",13.964635609916,0.568238213399503,0.577956989247313,0.637717121588091,35.5465191769618,28.3371441563715,31.9418316666667,0.64816379093647,52.7913672855145,31.855,31.894311454747,0.723367695117494,-0.0582364918420208
"4108978","2020-05-18",13.8922233693712,0.745657568238214,0.626344086021506,0.606492969396197,35.67477161655,28.2908917167833,31.9828316666667,0.815620202156909,57.7294534922654,31.865,32.1537365941141,1.13649928179815,0.180710662886014
"4108977","2020-05-19",13.8249834317224,0.765508684863524,0.693134822167081,0.632478632478634,35.851714781635,28.2392818850316,32.0454983333333,0.802728667427065,58.2555968949704,31.8466,32.3999050482322,1.48275327943492,0.441119186195796
"4108976","2020-05-20",13.7950704002327,0.791563275434243,0.767576509511995,0.695685139233528,36.0249383497671,28.1853916502329,32.105165,0.806756894520814,58.977326013477,31.9104,32.6412510418012,1.78482764748737,0.709860878454112
"4108975","2020-05-21",13.7672940138493,0.815136476426799,0.790736145574856,0.750482492417978,36.2707075678531,28.1516224321469,32.211165,0.786013546418045,59.6569422923229,31.9812,32.8757509028944,2.04368678860927,0.976626060485143
"4108974","2020-05-22",13.7251542889555,0.79399727148704,0.800232341116028,0.78618166540096,36.5274160776026,28.1925139223974,32.359965,0.759075426816476,59.5451152019222,32.0242,33.0763174491752,2.21510015453321,1.22432087929476
"4108973","2020-05-26",14.2171776192242,0.791862284820032,0.800332010911291,0.797100165867392,36.8206641666853,28.2139358333147,32.5173,0.779939899732274,60.2669945949605,32.085,33.2741417892851,2.36464723109115,1.45238614965404
"4108972","2020-05-27",14.6009344282018,0.742700729927007,0.776186762078027,0.792250371368449,37.0454542313037,28.2208124353629,32.6331333333333,0.740825639061924,59.7566283694075,32.1586,33.4349228840471,2.43337365221148,1.64858365016553
"4108971","2020-05-28",15.0761701737863,0.663338088445079,0.73263370106404,0.76971749135112,37.3004300269923,28.2941699730076,32.7973,0.741613424472527,60.7848317026988,32.2234,33.6049331661742,2.51218032447083,1.82130298502659
"4108970","2020-05-29",15.7637321011949,0.776890156918687,0.727642991763592,0.745487818301887,37.5136409525456,28.6121590474544,33.0629,0.758657306489212,62.5671194289218,32.35852,33.8053420773509,2.63701400420109,1.98444518886149
"4108969","2020-06-01",16.5132928066384,0.781718963165076,0.740649069509615,0.733641920779083,37.6295239444085,29.0902760555914,33.3599,0.752571033743052,63.2095828427003,32.51772,33.9979631337042,2.73538182752489,2.13463251659417
"4108968","2020-06-02",17.209313461693,0.804911323328787,0.787840147804184,0.752044069692464,37.397081990589,30.0520513427443,33.7245666666666,0.750341592135665,63.6121761040135,32.67112,34.1762347158769,2.7986228712326,2.26743058752185
"4108967","2020-06-03",18.0897069240162,0.762925598991172,0.783185295161679,0.77055817082516,37.1018828786232,31.0265837880434,34.0642333333333,0.773089435641543,63.9866506680715,32.79992,34.34073675376,2.8315121873856,2.3802469074946
"4108966","2020-06-04",18.3167697335291,0.642131979695431,0.736656300671798,0.769227247879221,36.6880091809733,31.9874574856933,34.3377333333333,0.692658236459642,59.8312259459692,32.96032,34.4206385199253,2.71470985078626,2.44713949615293
"4108965","2020-06-05",18.7939532988927,0.509960159362548,0.638339246016385,0.719393613949954,36.3344558740465,32.8051774592868,34.5698166666666,0.756950541563258,60.879065039435,33.17992,34.5138867172686,2.63320447503326,2.484352491929
"4108964","2020-06-08",19.2610539788745,0.620680851063828,0.590924330040603,0.655306625576262,36.4368537215946,32.9280196117386,34.6824366666666,0.793534348187132,62.8426508083888,33.429864,34.6398484882995,2.61642904199277,2.51076780194175
"4108963","2020-06-09",18.7442798245365,0.238317757009345,0.456319589145241,0.56186105506741,36.4091419191306,32.9277314142027,34.6684366666666,0.584706088595204,56.214450111861,33.705464,34.6505353565262,2.40293857177534,2.48920195590847
"4108962","2020-06-10",18.2644181097942,0.197969543147209,0.352322717073462,0.466522212086436,36.4397497400272,32.9821235933061,34.7109366666666,0.581673568709705,56.5485610559671,33.953864,34.6664639756561,2.21978345645866,2.43531825601851
"4108961","2020-06-11",17.114403054388,0,0.145429100052186,0.318023802090296,36.3237521745647,33.2324544921019,34.7781033333333,0.345338953913877,49.4744082952642,34.129864,34.5642687789019,1.85078655557496,2.3184119159298
"4108960","2020-06-12",16.0465319315107,0.0448979591836732,0.080955834110295,0.192902550411981,36.1328897295417,33.5709836037916,34.8519366666666,0.279355693669501,50.3206355768724,34.273864,34.4903662750483,1.56594521336879,2.1679185754176
"4108959","2020-06-15",15.6142394002043,0,0.0149659863945589,0.0804503068523468,35.9115777057095,33.9346289609571,34.9231033333333,0.252259636826684,48.8780099813906,34.325064,34.4023174383752,1.28321686123316,1.99097823258071
"4108958","2020-06-16",15.9350853565321,0.66923076923077,0.238042909471482,0.111321576658779,36.0265287470787,33.9740112529213,35.00027,0.917242079107475,60.6283942543644,34.351064,34.5580084465919,1.44991177420315,1.8827649409052
"4108957","2020-06-17",16.2330137445507,0.78846153846154,0.485897435897438,0.246302110587826,36.1646589358759,34.006881064124,35.08577,0.951496890738367,62.2913563808934,34.453864,34.7342739870463,1.63364898395946,1.83294174951605
"4108956","2020-06-18",16.23571395076,0.711538461538462,0.723076923076925,0.482339089481948,36.2454608111392,34.0594125221941,35.1524366666666,0.81604821822124,60.5154562947277,34.574264,34.8603707887734,1.71142173427969,1.80863774646878
"4108955","2020-06-19",16.5408726429337,0.769811320754717,0.756603773584907,0.65519271085309,36.3536866953821,34.1051866379512,35.2294366666666,0.875315385862577,61.6344820819743,34.713664,34.994988016937,1.79505621226184,1.80592143962739
"4108954","2020-06-22",17.2404893065271,0.532258064516128,0.671202615603104,0.716961104088312,36.4196519982848,34.1836213350484,35.3016366666666,0.795924683657499,58.0008337222492,34.836464,35.0596562813454,1.75040546844325,1.79481824539056
"4108953","2020-06-23",17.989755818725,0.725856697819314,0.675975361030054,0.701260583406022,36.5878508672115,34.1680891327885,35.37797,0.944408768861611,62.1867639124624,34.929264,35.206368777166,1.84916762906089,1.80568812212463
"4108952","2020-06-24",18.085149713371,0.607476635514019,0.621863799283155,0.656347258638771,36.650131924015,34.2343080759849,35.44222,0.748823329492135,58.6678331079243,35.000464,35.2828529402105,1.81840428094668,1.80823135388904
"4108951","2020-06-25",17.9506837504938,0.562585669781932,0.631973001038423,0.643270720450544,36.7007900602848,34.2833766063818,35.4920833333333,0.697945728271725,57.3427105265561,35.0575,35.3299258815158,1.74063724640448,1.79471253239213
"4108950","2020-06-26",17.8258224992507,0.635514018691588,0.601858774662514,0.618565191661364,36.7673625137308,34.2924374862692,35.5299,0.739104886047252,58.96429659811,35.1163,35.4019357639804,1.7123636490638,1.77824275572646
"4108949","2020-06-29",17.7907161188298,0.654205607476636,0.617435098650053,0.617088958116997,36.8329691438248,34.2934975228418,35.5632333333333,0.744184654349475,59.390395125474,35.1783,35.472344328783,1.68376261922893,1.75934672842696
"4108948","2020-06-30",17.7581173370104,0.704049844236762,0.66458982346833,0.627961232260299,36.9066766261814,34.2914567071519,35.5990666666666,0.760373259005325,60.5662918604599,35.2395,35.5546984182786,1.67763429642287,1.74300424202614
"4108947","2020-07-01",18.0885467898227,0.732087227414331,0.696780893042577,0.659601938386987,36.9908113050415,34.2779886949584,35.6344,0.793273875351429,61.2460641344826,35.3075,35.6380719625081,1.67333351041616,1.72907009570414
"4108946","2020-07-02",18.7730115259547,0.83235294117647,0.756163337609189,0.705844684706699,37.1566029165866,34.27286375008,35.7147333333333,0.89367869322313,64.7374142013984,35.3855,35.7743290341737,1.75736196909535,1.73472847038239
"4108945","2020-07-06",19.8583725199839,0.644859813084113,0.736433327224973,0.729792519292246,37.3560801683003,34.2370531650329,35.7965666666666,0.922172256055269,66.1075208062678,35.45558,35.9190851629505,1.84638033756139,1.75705884381819
"4108944","2020-07-07",20.7301424390783,0.616822429906542,0.69801172805571,0.730202797629957,37.5135184790677,34.2127081875989,35.8631133333333,0.857554629252819,65.2879636157717,35.51758,36.0365404745571,1.88055157740679,1.78175739053591
"4108943","2020-07-08",20.6857233721585,0.390756302521008,0.550812848503889,0.661752634594857,37.6139826950741,34.3052439715925,35.9596133333333,0.782198166139131,60.0746076683346,35.56058,36.0863350779495,1.79899147130538,1.7852042066898
"4108942","2020-07-09",20.6444770957329,0.434663865546219,0.480747532657924,0.576524036405841,37.6709508115756,34.422005855091,36.0464783333333,0.71057759031421,60.9738491666465,35.60476,36.1434237342229,1.73740205729269,1.77564377681038
"4108941","2020-07-10",19.9759964428633,0.3109243697479,0.378781512605043,0.470113964588952,37.5799686251269,34.7346547082063,36.1573116666666,0.626297136447057,57.0725595651145,35.65596,36.1536339029932,1.60420916447064,1.74135685434243
"4108940","2020-07-13",18.7499483806448,0.0198282451328628,0.255138826808995,0.371555957357321,37.3839369769331,35.1090196897335,36.2464783333333,0.422424285785556,50.6705889774266,35.67836,36.0904827159274,1.36242028178581,1.66556953983111
"4108939","2020-07-14",18.6035398536594,0,0.110250871626922,0.248057070346987,37.1689191938158,35.4230374728508,36.2959783333333,0.000169461928041107,44.1517650153886,35.660816,35.9477516871371,1.01121247527889,1.53469812692066
"4108938","2020-07-15",18.4675890786016,0.221830985915492,0.0805530770161195,0.148647591817345,37.1697020984629,35.4207545682037,36.2952283333333,0.240665938331842,50.6749823404306,35.698016,35.9080514621855,0.864161694719168,1.40059084048036
"4108937","2020-07-16",18.3413490731907,0.285211267605632,0.169014084507043,0.119939344383361,37.1711446172294,35.4093120494372,36.2902283333333,0.312565427969629,52.3861871600071,35.740416,35.8976446005608,0.77913471063511,1.27629961451131
"4108936","2020-07-17",18.221051534415,0.417253521126759,0.308098591549296,0.185888584357486,37.2066157726942,35.4598408939724,36.3332283333333,0.711879048930946,55.824604863133,35.832616,35.938625320486,0.786960197820274,1.17843173117311
"4108935","2020-07-20",18.375482562588,0.853700516351119,0.518721768361172,0.331944814805837,37.444651300567,35.378638699433,36.411645,1.09536019576626,65.1768674756148,35.972216,36.1468086110879,1.07037883296071,1.15682115153063
"4108934","2020-07-21",18.7466672915308,0.751612903225807,0.674188980234563,0.50033644671501,37.6276173198689,35.3600060134644,36.4938116666666,0.990760915178443,63.4999345114285,36.113016,36.3072341296095,1.24517538132871,1.17449199749024
"4108933","2020-07-22",19.9723883866814,0.710327455919396,0.771880291832109,0.654930346809281,37.9432332658902,35.221390067443,36.5823116666666,1.1029082305707,66.5294589193617,36.203816,36.5116029123282,1.47358651926102,1.2343109018444
"4108932","2020-07-23",21.6151090019167,0.769063180827886,0.743667846657698,0.729912372908123,38.3955333243816,35.0550900089517,36.7253116666666,1.15201575389895,70.3673938946099,36.310616,36.7833891906845,1.78751170521438,1.3449510625184
"4108931","2020-07-24",21.8434468092992,0.603485838779956,0.694292158509081,0.736613432332962,38.5505364957818,35.1048601708848,36.8276983333333,0.845544644282755,62.1519745425319,36.395016,36.9176039652599,1.84589141543063,1.44513913310084
"4108930","2020-07-27",22.8148310400233,0.66884531590414,0.680464778503995,0.706141594556924,38.7878443759211,35.1077189574122,36.9477816666666,0.928124448895838,63.9415800512914,36.483816,37.0739234365586,1.93400080640012,1.5429114677607
"4108929","2020-07-28",24.0046213897242,0.865849056603774,0.712726737095958,0.695827891369678,39.1888197426362,35.0247502573637,37.106785,1.04192539485262,69.4404269316687,36.63062,37.3507469783507,2.20590210198344,1.67550959460525
"4108928","2020-07-29",25.5527662108013,0.854128440366972,0.796274270958297,0.72982192885275,39.6708812663328,34.9086887336671,37.289785,1.05651151897391,71.7385525151371,36.77122,37.6606473812373,2.50097487699457,1.84060265108311
"4108927","2020-07-30",27.1820077040894,0.878682842287696,0.866220113086148,0.791740373713468,40.1697218642424,34.7991814690908,37.4844516666666,1.02860260938165,73.4392350829333,36.94362,37.984561063739,2.78592670871807,2.0296674626101
"4108926","2020-07-31",28.049604666156,0.811091854419411,0.847967712358027,0.836820698800824,40.5117079169553,34.767195416378,37.6394516666666,0.902218348920151,69.2234058096933,37.106184,38.2132862552405,2.8913703152939,2.20200803314686
"4108925","2020-08-03",28.9548965753765,0.863813229571985,0.851195975426365,0.855127933623514,40.8732485181278,34.7199881485388,37.7966183333333,0.899795910716135,71.0152844647166,37.274984,38.4635147545418,3.01892279299874,2.36539098511724
"4108924","2020-08-04",30.1833638030961,0.804878048780488,0.826594377590629,0.841919355125007,41.2328738418387,34.7026961581612,37.967785,0.882666718688644,71.1544106207719,37.442584,38.6843794539362,3.08741868960649,2.50979652601509
"4108923","2020-08-05",31.3240833716928,0.852674066599395,0.840455114983957,0.839415156000317,41.5847625706821,34.7288074293178,38.156785,0.86706020991155,72.6170750577318,37.616184,38.917128860078,3.16664280183212,2.64116578117849
"4108922","2020-08-06",32.4743078279168,0.82741116751269,0.828321094297526,0.831790195624037,41.9134253666438,34.8107479666895,38.3620866666666,0.848401012837207,73.458633082622,37.793384,39.1428450120676,3.22635073176012,2.75820277129482
"4108921","2020-08-07",30.4825934813309,0.296954314720813,0.659013182944301,0.775929797408594,41.9747900321005,35.0330499678995,38.50392,0.622363171982461,53.0658052434172,37.867784,39.0597990104586,2.80986949220332,2.76853611547652
"4108920","2020-08-10",28.6331444452154,0.362857142857144,0.495740875030217,0.661025050757348,41.9830976783478,35.3674089883188,38.6752533333333,0.624161424731393,56.4312456925939,37.955784,39.0598258090641,2.56187193364201,2.72720327910962
"4108919","2020-08-11",27.2973453667594,0.077142857142858,0.245651438240273,0.466801832071597,41.7847877627491,35.8720522372509,38.82842,0.442200470178395,49.3710629793473,38.006184,38.9265157011889,2.13421008676518,2.60860464064073
"4108918","2020-08-12",26.056960508193,0.205714285714285,0.215238095238097,0.318876802836195,41.594971811469,36.3513681885309,38.97317,0.454896794201086,52.2652598095951,38.090184,38.8709802743637,1.86705218087992,2.46029414868857
"4108917","2020-08-13",24.3966640770463,0.0956656346749219,0.126174259177356,0.195687930885242,41.3472149049594,36.8817250950406,39.11447,0.426442559723154,51.2761691334599,38.164364,38.8040495711152,1.60759011623193,2.28975334219724
"4108916","2020-08-14",23.2569665974139,0,0.10045997346307,0.147290775959508,41.1763622462675,37.2129110870658,39.1946366666666,0.275960403110201,48.6131078452871,38.235164,38.6955096282999,1.30795897145055,2.0933944680479
"4108915","2020-08-17",22.3253129382967,0,0.0318885448916418,0.0861742591773561,41.1282126849819,37.320727315018,39.22447,0.241000536877704,47.7672018345013,38.322764,38.5854416778599,1.03334822733427,1.88138521990518
"4108914","2020-08-18",21.039361815099,0.157894736842105,0.0526315789473695,0.0616600324340271,41.0521241523815,37.5068158476184,39.27947,0.338433421272912,51.8292867552633,38.458364,38.5620494541452,0.918110138778472,1.68873020367984
"4108913","2020-08-19",20.233484974803,0.0584795321637435,0.072124756335284,0.0522149600580984,41.0393435566898,37.5415964433102,39.29047,0.257805055881211,49.2331181753799,38.555164,38.4964428602592,0.746927111180784,1.50036958518003
"4108912","2020-08-20",19.4851707659566,0.160818713450294,0.125730994152049,0.083495776478234,41.0421652243798,37.5097747756201,39.27597,0.31241126192624,51.9039169989298,38.658764,38.4862504788913,0.676894598521227,1.33567458784827
"4108911","2020-08-21",18.6412840829608,0.140350877192984,0.119883040935675,0.105912930474336,41.0053825075294,37.6047241591373,39.3050533333333,0.292671517952791,51.3223736404978,38.744564,38.4680837483725,0.599795426903293,1.18849875565927
"4108910","2020-08-24",18.4588879971431,0,0.10038986354776,0.115334632878494,41.023178603986,37.5562613960139,39.28972,0.19048775353913,47.325164922226,38.758964,38.3870059152562,0.430750171505734,1.03694903882856
"4108909","2020-08-25",18.2895202031696,0.0903790087463564,0.0769099619797812,0.0990609554877386,41.0200418252221,37.4570581747778,39.23855,0.24780967634024,49.9794574649557,38.791764,38.358071793222,0.357817197947319,0.901122670652315
"4108908","2020-08-26",18.4038747396612,0.0284810126582289,0.039620007134863,0.072306610887468,40.959598817942,37.339501182058,39.14955,0.22665101896946,48.1260476051422,38.796164,38.3036622207924,0.250756266790653,0.771049389879983
"4108907","2020-08-27",18.1637118689182,0.119521912350597,0.0794606445850618,0.0653302045665686,40.8082328370539,37.294867162946,39.05155,0.304114706380118,50.0309060332621,38.780564,38.2845072580201,0.207767154360994,0.658392942776185
"4108906","2020-08-28",18.0230386740962,0.136363636363638,0.0947888537908223,0.0712898351702489,40.7041431893139,37.2336234773527,38.9688833333333,0.3063066276933,49.4719355112219,38.792964,38.2599062902841,0.159198682727402,0.558554090766428
"4108905","2020-08-31",17.8924135646187,0.153409090909093,0.13643154654111,0.103560348305665,40.5239210721617,37.2161789278383,38.87005,0.321615478397377,49.7740927587127,38.794564,38.2425854515795,0.125586880397122,0.471960648692567
"4108904","2020-09-01",18.0835881068047,0.0340909090909104,0.107954545454548,0.11305831526216,40.261175013643,37.2529249863569,38.75705,0.317042024984261,47.6270686137519,38.74536,38.1995740580356,0.0539495989374528,0.388358438741544
"4108903","2020-09-02",18.2611073245488,0.243055555555557,0.143518518518521,0.12930153683806,39.8687896365732,37.4173103634267,38.64305,0.398136333681446,50.7842604945565,38.68676,38.2009641836308,0.0577906500477399,0.322244881002783
"4108902","2020-09-03",18.9993590160692,0,0.092382154882157,0.114618406285075,39.2249670753026,37.7981329246974,38.51155,0.286321813783345,46.706491388453,38.59596,38.1501689591467,-0.0214039394447085,0.253515116913285
"4108901","2020-09-04",20.1738956680101,0,0.0810185185185202,0.105639730639733,39.1023884026375,37.7640449306958,38.4332166666666,0.0169027879951018,43.0770242689109,38.50556,38.0554797645938,-0.16295285870358,0.170221521789912
"4108900","2020-09-08",21.5246471900111,0,1.2490009027033e-15,0.0578002244668927,38.9385062779421,37.7245937220579,38.33155,-0.215221753377645,41.0864079337385,38.39076,37.944082462648,-0.31859317123929,0.0724585831840717
"4108899","2020-09-09",21.4898144178907,0.24468085106383,0.0815602836879446,0.0541929340688219,38.9290720595853,37.6803612737479,38.3047166666666,0.215933688817499,46.638882976409,38.29316,37.9088714676283,-0.340387455559277,-0.010110624564598
"4108898","2020-09-10",22.2588656576079,0,0.0815602836879446,0.05437352245863,38.9540730199575,37.5163603133758,38.2352166666666,-0.118030289314579,40.8677781287629,38.15756,37.7930219386111,-0.48870975159151,-0.10583044996998
"4108897","2020-09-11",23.7579578652713,0,0.0815602836879446,0.0815602836879445,39.1157462067753,37.1290937932246,38.12242,-0.301525884685264,34.9705329553646,37.982364,37.5846323467963,-0.771774557152494,-0.239019271406483
"4108896","2020-09-14",25.1060195093999,0.0872395359831263,0.02907984532771,0.0640668042345329,39.2083423504946,36.8754976495054,38.04192,-0.0766579030155315,37.832187941335,37.900364,37.4360147005568,-0.935281510321218,-0.37827171918943
"4108895","2020-09-15",26.2183358742577,0.19997090803302,0.09573681467205,0.0687923145625681,39.2354477439469,36.7168922560531,37.97617,0.0819680480626987,41.419555444861,37.809164,37.3485460738159,-0.987332310275635,-0.500083837406671
"4108894","2020-09-16",26.8256407076942,0.141786974071784,0.142999139362645,0.0892719331208014,39.1836495519561,36.5856904480439,37.88467,0.112001847213296,40.1323500520468,37.751564,37.2514065973071,-1.05154636697671,-0.610376343320678
"4108893","2020-09-17",28.3056815247999,0,0.113919294034936,0.117551749356543,39.2834629146766,36.2348770853234,37.75917,-0.0989126660258705,33.3920721686995,37.637364,37.0385523843328,-1.29817792112731,-0.747936658882004
"4108892","2020-09-18",30.0266596050441,0,0.0472623246905958,0.101393586029392,39.3861361333947,35.8097038666052,37.59792,-0.117818681255252,30.7150908689613,37.510204,36.7920787330885,-1.57961505105607,-0.914272337316818
"4108891","2020-09-21",31.8869346777293,0,1.23974904416476e-15,0.0537272062418442,39.4690158764122,35.3681574569211,37.4185866666666,-0.0865243535112772,28.6411839025817,37.382604,36.5264682353433,-1.87024528076959,-1.10546692600737
"4108890","2020-09-22",32.8115101132648,0.0693779904306235,0.0231259968102091,0.0234627738336019,39.4803867305263,35.0679332694736,37.27416,0.0589694749545583,32.301627891875,37.271404,36.3349391372976,-2.01613541072367,-1.28760062295063
"4108889","2020-09-23",33.8076429188312,0.028708133971293,0.0326953748006401,0.0186071238702834,39.4464420026374,34.7835446640292,37.1149933333333,0.0800193475305779,31.2884046208119,37.131804,36.1462805856579,-2.14699727995212,-1.45947995435093
"4108888","2020-09-24",34.0194910230446,0.116531165311653,0.071539096571191,0.0424534893940133,39.3647893681901,34.5965306318098,36.98066,0.183883205589029,35.2754159520042,37.018204,36.0241098409035,-2.15814905721728,-1.5992137749242
"4108887","2020-09-25",34.2162071198141,0.13550135501355,0.0935802180988332,0.0659382298235547,39.2149562128246,34.462030453842,36.8384933333333,0.222593324576662,36.1759963931175,36.893404,35.9275618621164,-2.12765629050005,-1.70490227803937
"4108886","2020-09-28",33.5852078900571,0.2710027100271,0.174345076784102,0.113154797151375,39.0283170950213,34.4170029049786,36.72266,0.33894829773178,42.346691969166,36.791404,35.9105536138342,-1.96878530051183,-1.75767888253386
"4108885","2020-09-29",33.6700876932728,0.123417721518987,0.17664059551988,0.148188630134272,38.8342377767247,34.3274155566085,36.5808266666666,0.247606344830711,37.5738184603407,36.684604,35.8144797986563,-1.9578357839301,-1.79771026281311
"4108884","2020-09-30",33.6746166378442,0.196911196911199,0.197110542819097,0.18269873837436,38.6143988758308,34.2800877908358,36.4472433333333,0.289529797136299,39.0296634024732,36.570204,35.7472158255021,-1.90076703571046,-1.81832161739258
"4108883","2020-10-01",32.7290044090307,0.14864864864865,0.156325855692947,0.176692331343974,38.3086020310621,34.3072179689378,36.30791,0.324749805955637,38.0346225488315,36.459604,35.6722537154352,-1.86274660271937,-1.82720661445794
"4108882","2020-10-02",31.1755087937498,0.389961389961391,0.245173745173748,0.19953671456193,38.0061532122904,34.4036667877096,36.20491,0.483832462785733,45.51430694604,36.365604,35.6906198867105,-1.67215355600779,-1.79619600276791
"4108881","2020-10-05",29.2643280961638,0.407339449541284,0.315316496050443,0.238938698972379,37.7926914635203,34.4832952031463,36.1379933333333,0.593775412668457,46.6244556521367,36.278004,35.7198705684824,-1.48136058502263,-1.73322891921885
"4108880","2020-10-06",27.9131398170478,0.754033585775437,0.517111475092705,0.359200572105632,37.7673345206792,34.4962188126541,36.1317766666666,0.869055527559493,57.6021112042852,36.236404,35.9025544926848,-1.05211671617511,-1.5970064786101
"4108879","2020-10-07",26.5469987623666,0.731972341126112,0.631115125480945,0.487847698874698,37.6080850164453,34.5895016502213,36.0987933333333,0.894734832680979,56.8867003825211,36.200524,36.0519472269935,-0.719579744844689,-1.42152113185702
"4108878","2020-10-08",25.5481737363552,0.799377916018662,0.761794614306738,0.636673738293463,37.6623922603011,34.5590277396988,36.11071,0.975061820876229,59.6797561641099,36.166924,36.2276875967277,-0.375093169002527,-1.21223553928612
"4108877","2020-10-09",25.8636172978072,0.755934325196207,0.762428194113661,0.718445977967115,38.0436507479498,34.3645559187168,36.2041033333333,1.09629612766937,64.5919416607358,36.176524,36.471995917164,0.0489602558894076,-0.959996380251017
"4108876","2020-10-12",26.4259396025957,0.786922209695603,0.780744816970158,0.768322541796852,38.4421654087762,34.1688745912238,36.30552,1.06618660028053,66.8013484762458,36.215324,36.7303964615421,0.454360223202865,-0.67712505956024
"4108875","2020-10-13",25.8650562547302,0.624700239808154,0.722518924899989,0.755230645327936,38.6228426597471,34.1038640069195,36.3633533333333,0.879874922753302,59.6953894990736,36.238124,36.8716769333365,0.630561870893942,-0.415587673469404
"4108874","2020-10-14",25.2290688514,0.607913669064748,0.673178706189503,0.725480816019883,38.7857404658432,34.0559662008234,36.4208533333333,0.839511622195062,58.9331557086778,36.239724,36.9847866755583,0.745563983929842,-0.183357341989555
"4108873","2020-10-15",23.9197068181645,0.500000000000001,0.577537969624302,0.657745200237931,38.8943054671159,34.1014011995507,36.4978533333333,0.703525867729375,54.1466542977328,36.248924,37.0228151188172,0.729948345374387,-0.000696204516766358
"4108872","2020-10-16",22.7038706444459,0.500000000000001,0.535971223021585,0.59556263294513,38.9661734982361,34.2283665017638,36.59727,0.664505786590087,54.1466542977328,36.29052,37.0557731029749,0.709328129026665,0.14130866219192
"4108871","2020-10-19",21.9809594774971,0.258992805755396,0.419664268585134,0.51105782041034,38.9368067603843,34.4273999062823,36.6821033333333,0.506186327286329,44.7356645162367,36.28232,36.9503366892449,0.46874277392488,0.206795484538512
"4108870","2020-10-20",21.3096848224733,0.284172661870503,0.347721822541968,0.434452438049562,38.9157546120285,34.5798053879715,36.74778,0.475527081187997,45.7956639296264,36.26592,36.8729584640123,0.297243504602163,0.224885088551242
"4108869","2020-10-21",20.4324987882598,0.241184767277856,0.261450078301253,0.342945389809451,38.8759623907632,34.7929309425701,36.8344466666666,0.513605903858013,48.768785866327,36.26772,36.8452306688106,0.223163897486645,0.224540850338323
"4108868","2020-10-22",19.6674708961554,0.208998548621192,0.244785325923185,0.284652408922135,38.8476818436905,34.9602114896428,36.9039466666666,0.489552760629797,48.4293808005081,36.30672,36.8165332463025,0.154978640728598,0.210628408416378
"4108867","2020-10-23",18.8307452225637,0.178317152103561,0.209500156000871,0.238578520075102,38.8156232091634,35.1413334575032,36.9784783333333,0.508751351192566,50.404740226526,36.37176,36.8164621467955,0.140071574859491,0.196517041705
"4108866","2020-10-26",18.2391367306255,0.14051779935275,0.175944500025835,0.210076660649963,38.8017647073337,35.2384719593329,37.0201183333333,0.441818327037645,49.1320484540129,36.447728,36.8008271938895,0.101487905568409,0.177511214477682
"4108865","2020-10-27",17.2995740550838,0.186084142394823,0.168306364617046,0.184583673547917,38.7257415275666,35.4674951391,37.0966183333333,0.462162161696435,50.7465303550554,36.517728,36.8060502347042,0.100615559051143,0.162132083392374
"4108864","2020-10-28",17.7015706603063,0,0.108867313915859,0.151039392852913,38.6500044548002,35.6153988785331,37.1327016666666,0.211318331828279,41.8977920738034,36.559728,36.694576870077,-0.0900594405440214,0.111693778605095
"4108863","2020-10-29",18.575586068036,0,0.0620280474649422,0.113067241999282,38.6213627303429,35.6643739363237,37.1428683333333,0.0492480945382223,38.3393970283011,36.572128,36.5406332874001,-0.332763049964613,0.0228024128911535
"4108862","2020-10-30",19.1804547497111,0.0801282051282052,0.0267094017094029,0.0658682543634012,38.6340181388274,35.6380518611726,37.136035,0.124149641336602,41.4527323026689,36.591728,36.4405488490801,-0.465301292982978,-0.0748183282836728
"4108861","2020-11-02",19.416838607089,0.0580645161290321,0.0460642404190803,0.0449338965311417,38.6631849410087,35.5655517256579,37.1143683333333,0.145094090583344,40.8310741341177,36.588528,36.3444756692027,-0.57966146766123,-0.175786956159184
"4108860","2020-11-03",19.0946533540266,0.23931623931624,0.12583632019116,0.0662033207732144,38.6444646296432,35.48603870369,37.0652516666666,0.275652487469332,45.6004750423288,36.624928,36.311878913309,-0.579464157606346,-0.256522396448617
"4108859","2020-11-04",17.8801220150163,0.645631067961164,0.314337274468813,0.162079278359684,38.6316983411522,35.4797716588478,37.055735,0.514043791135288,53.7379048304646,36.687328,36.3862950582012,-0.403607106145742,-0.285939338388042
"4108858","2020-11-05",16.7523429145067,0.665048543689318,0.516665283655575,0.318946292771849,38.5887478021804,35.4738888644862,37.0313183333333,0.520979548236534,54.121834907945,36.756328,36.4561223837743,-0.252642609637455,-0.279279992637924
"4108857","2020-11-06",16.4921223481672,0.602459016393443,0.637712876014643,0.489571811379677,38.4129988250481,35.5431778416185,36.9780883333333,0.623786466839291,55.1245111473097,36.804328,36.5299727326044,-0.109805859695178,-0.245385166049375
"4108856","2020-11-09",17.0970269581721,0,0.422502520027588,0.525626893232602,38.0855935830072,35.6077497503261,36.8466716666666,0.19731546834876,36.6884932076512,36.762928,36.3093097015905,-0.464153740967432,-0.289138881032987
"4108855","2020-11-10",18.0194389080491,0,0.200819672131149,0.42034502272446,38.0918142845909,35.2695290487423,36.6806716666666,-0.180537757938256,34.2340320803714,36.657328,36.0614017413784,-0.832593316258901,-0.397829768078169
"4108854","2020-11-11",17.7857532427136,0.0684596577017101,0.0228198859005713,0.215380692686436,37.9482159961509,35.1311273371824,36.5396716666666,0.0268146794896819,37.2142050062771,36.565608,35.8838815091947,-1.05211345949467,-0.528686506361471
"4108853","2020-11-12",17.1886870343534,0.303178484107578,0.123879380603097,0.115839646211606,37.8259373871476,35.100739279519,36.4633383333333,0.310409501892598,46.2135520194019,36.498408,35.858030641302,-0.999358174484077,-0.622820839985992
"4108852","2020-11-13",16.0671252161693,0.396088019559902,0.255908720456398,0.134202662320022,37.7091475796975,35.1155290869692,36.4123383333333,0.478535136596715,49.310706621876,36.418808,35.8862932224618,-0.862070991713304,-0.670670870331454
"4108851","2020-11-16",15.2387040183232,0.320293398533006,0.339853300733497,0.239880467264331,37.6812756856598,35.0999009810068,36.3905883333333,0.455222179436033,46.9362658771572,36.312808,35.8694541261335,-0.813627486230939,-0.699262193511351
"4108850","2020-11-17",14.4694557631804,0.378973105134474,0.365118174409129,0.320293398533008,37.6575344752528,35.0838088580805,36.3706716666666,0.450523733966165,48.9843952252624,36.241208,35.8868602426491,-0.713019531375658,-0.702013661084213
"4108849","2020-11-18",14.1343276971037,0.166259168704157,0.288508557457214,0.331160010866613,37.6147093859774,34.9926339473559,36.3036716666666,0.212566749390376,42.5699974162508,36.137608,35.7859455436292,-0.819797328711092,-0.725570394609588
"4108848","2020-11-19",13.9719249719057,0.132029339853301,0.225753871230645,0.293126867698996,37.5871262114909,34.8555504551757,36.2213383333333,0.132200694290127,41.625393038963,36.046408,35.6798194711453,-0.925972832741151,-0.765650882235901
"4108847","2020-11-20",14.6552805110697,0,0.0994295028524871,0.204563977180115,37.6047400429253,34.5855399570747,36.09514,-0.0327481742172034,36.2972577431286,35.920808,35.4731768749926,-1.19252395600238,-0.851025496989196
"4108846","2020-11-23",15.2898249402934,0,0.0440097799511016,0.123064384678078,37.603398950489,34.3542677161776,35.9788333333333,0.040749031338252,36.2972577431286,35.835408,35.2940866249936,-1.38988725898851,-0.958797849389059
"4108845","2020-11-24",16.6644432990089,0,1.33226762955019e-15,0.0478130942678631,37.6840613320356,33.9289386679643,35.8065,-0.107126194610511,31.2298528749605,35.708208,35.0135417416611,-1.74455127767325,-1.1159485350459
"4108844","2020-11-25",18.0166664194118,0,1.33226762955019e-15,0.0146699266503679,37.7967080626013,33.5322919373986,35.6645,-0.0271139746537887,30.7382128496888,35.565208,34.7570695094396,-2.0295572518606,-1.29867027840884
"4108843","2020-11-27",19.2251957287418,0.0999999999999991,0.0333333333333344,0.0111111111111121,37.8448031696841,33.2821301636492,35.5634666666666,0.111163602785755,36.5965130508915,35.445408,34.6074602415143,-2.10721659944394,-1.46037954261586
"4108842","2020-11-30",19.6113455065848,0.109134045077104,0.0697113483590358,0.0343482272307903,37.8415129211981,33.0724204121352,35.4569666666666,0.169336112967012,36.0838897027324,35.314768,34.4664655426458,-2.16517341103418,-1.60133831629952
"4108841","2020-12-01",19.969913157439,0.180308422301305,0.129814155792804,0.0776196124950578,37.8026633477633,32.91776998557,35.3602166666667,0.237923313418689,39.314825251401,35.2008,34.3842701369597,-2.11742755306299,-1.70455616365222
"4108840","2020-12-02",20.3982364713036,0.158956109134044,0.149466192170819,0.116330565440886,37.7061562840451,32.7832770492882,35.2447166666666,0.256636321374404,38.6830757705437,35.0776,34.3010341186984,-2.07739620388797,-1.77912417169937
"4108839","2020-12-03",20.8949608972597,0.137603795966785,0.158956109134046,0.146078819032556,37.4606879230021,32.7024120769979,35.08155,0.238375122917953,38.0250498230151,34.9856,34.2168962362053,-2.04393111550281,-1.83208556046006
"4108838","2020-12-04",21.0036378717614,0.147093712930011,0.147884539343615,0.15210228021616,37.1624705599346,32.683296106732,34.9228833333333,0.276845039093015,38.5255666929837,34.9124,34.1493100713779,-1.98563461470571,-1.86279537130919
"4108837","2020-12-07",20.7170016236406,0.175824175824174,0.153507228240325,0.153449292239328,36.7342414034575,32.7785252632091,34.7563833333333,0.309629919513719,38.7917416810268,34.83,34.0934020618608,-1.91305435008302,-1.87284716706395
"4108836","2020-12-08",20.50690592836,0.18181818181818,0.168245356857457,0.156545708147132,36.5565279540542,32.7395720459457,34.64805,0.311878885350866,38.4333191677352,34.7488,34.0396151202794,-1.84407743772534,-1.86709322119623
"4108835","2020-12-09",20.9867434554544,0.0348837209302311,0.130842026190863,0.150864870429548,36.5636437181369,32.5957896151964,34.5797166666666,0.201001271076453,34.1063295429101,34.632,33.9249997709088,-1.88924821986342,-1.87152422092967
"4108834","2020-12-10",21.0926666991989,0.222748815165876,0.146483572638097,0.148523651895472,36.5017398671883,32.5070267994783,34.5043833333333,0.298638019878004,39.5658959539529,34.4996,33.8763331347876,-1.81441253926481,-1.8601018845967
"4108833","2020-12-11",20.6929508102732,0.194312796208529,0.150648444101547,0.142658014310169,36.3023370535873,32.4857629464127,34.39405,0.328629031787841,39.0162134557665,34.3632,33.8261553834826,-1.74951540428337,-1.83798458853403
"4108832","2020-12-14",19.8639214603545,0.411764705882352,0.276275439085587,0.19113581860841,35.9628766166418,32.5858900500248,34.2743833333333,0.407891253381092,42.1877304124178,34.2316,33.8120013323516,-1.62702394178788,-1.7957924591848
"4108831","2020-12-15",18.5130584562442,0.368571428571426,0.324882976887437,0.250602286691524,35.5832647853748,32.7483352146251,34.1658,0.477965355008758,42.4076534304026,34.186,33.8017344880381,-1.50901102587543,-1.73843617252293
"4108830","2020-12-16",18.3140911810552,0.768085106382978,0.516140413612253,0.372432943195092,35.2672727617485,32.9566605715848,34.1119666666666,0.956459116977687,57.065257021657,34.2074,33.9595032229663,-1.10496023007717,-1.61174098403378
"4108829","2020-12-17",18.8345963182817,0.809931506849315,0.648862680601241,0.496628690366977,35.3228096569667,32.9191236763666,34.1209666666666,1.16940247033919,61.7606447122957,34.24,34.1709027932375,-0.645737268186886,-1.4185402408644
"4108828","2020-12-18",19.4330107660797,0.812913907284767,0.796976840172355,0.65399331146195,35.485558177582,32.817041822418,34.1513,1.12657788478519,62.4709889722392,34.2378,34.3661157541391,-0.259333236023818,-1.18669883989628
"4108827","2020-12-21",19.7113176517457,0.768211920529801,0.797019111554629,0.747619544109408,35.7070209623896,32.7185790376104,34.2128,1.0032276699765,60.6509858995691,34.215,34.5173003202539,0.0137659696400005,-0.946605877989025
"4108826","2020-12-22",20.71809088243,0.756906077348067,0.779343968387546,0.791113306704843,36.0278058413579,32.5704608253087,34.2991333333333,1.05366183910319,64.1502746311002,34.2214,34.7043269442201,0.323126906377058,-0.692659321115809
"4108825","2020-12-23",21.9770009533226,0.732572877059569,0.752563624979147,0.776308901640441,36.3638278611778,32.5239388054888,34.4438833333333,1.01506262411493,65.3359132523347,34.2242,34.8864166849907,0.594586359654459,-0.435210184961755
"4108824","2020-12-24",22.8414896905142,0.697084917617237,0.728854624008293,0.753587405791662,36.5639097556558,32.5911902443442,34.57755,0.880708981767678,63.2338883689943,34.2562,35.025561126992,0.767234637345604,-0.194721220500283
"4108823","2020-12-28",23.995402490476,0.686945500633714,0.705534431770175,0.728984226919205,36.7647196540048,32.6291136793285,34.6969166666666,0.85780729814713,62.6140558432635,34.2922,35.140819643393,0.883809139921587,0.0209848515840909
"4108822","2020-12-29",25.1377756998669,0.735107731305449,0.706379383185468,0.713589479654645,36.9672010844316,32.6712989155683,34.81925,0.850896414167075,64.3991578507001,34.3702,35.2660436909406,1.00732588253611,0.218253057774496
"4108821","2020-12-30",25.8600687014015,0.673103448275861,0.698385560071676,0.703433125009106,37.1248670285078,32.7252996381588,34.9250833333333,0.789024629131203,62.048209660001,34.4426,35.3559045321485,1.0603381949355,0.386670085206695
"4108820","2020-12-31",27.2694975339442,0.753807106598985,0.7206727620601,0.708479235105748,37.3661863973954,32.7586469359378,35.0624166666666,0.875670502910704,66.9648818353563,34.5738,35.5044505945287,1.20829571315906,0.550995210797168
"4108819","2021-01-04",26.8770930813182,0.516129032258065,0.647679862377638,0.688912728169805,37.4684873869585,32.8965126130415,35.1825,0.730935949025105,54.9573970456958,34.6758,35.5225238485916,1.1236403672449,0.665524242086715
"4108818","2021-01-05",25.6781885187789,0.379217273954117,0.54971780427039,0.639356809569376,37.473480018229,33.0458533151043,35.2596666666666,0.546751908839546,49.2305424709805,34.736,35.4715206687794,0.932328104194102,0.718885014508193
"4108817","2021-01-06",24.3331125272632,0,0.298448768737395,0.498615478461808,37.4496183784991,33.1347149548342,35.2921666666666,0.351947246413522,41.1107840122269,34.7644,35.3099845796088,0.573476677885543,0.689803347183663
"4108816","2021-01-07",23.43988461833,0,0.126405757984707,0.324857443664164,37.4312972807399,33.1813693859267,35.3063333333333,0.242819166100692,38.7635555617498,34.7688,35.1299866356609,0.216766029594861,0.595195883665902
"4108815","2021-01-08",21.8603028100559,0.128448275862068,0.0428160919540238,0.155890206225375,37.3314259100405,33.4110407566262,35.3712333333333,0.326573162229264,43.9029351092751,34.79468,35.0335884175728,0.0354585128868656,0.483248409510095
"4108814","2021-01-11",20.6254463477165,0.238505747126437,0.122318007662836,0.0971799525338553,37.251561014244,33.6265723190893,35.4390666666666,0.394510015848848,47.9349570843387,34.83948,35.0011099618964,-0.0199682766795606,0.382605072272164
"4108813","2021-01-12",19.5495769328744,0.0761494252873565,0.147701149425288,0.104278416347382,37.1765627437108,33.7732372562892,35.4749,0.200812238765697,43.0223580426018,34.86008,34.8976286336436,-0.192292377817471,0.267625582254237
"4108812","2021-01-13",18.1796972070811,0.215517241379311,0.176724137931036,0.148914431673053,37.1024192244934,33.9383807755066,35.5204,0.295493424906434,47.953302680575,34.89928,34.8726114824911,-0.214446730615803,0.171211119680229
"4108811","2021-01-14",17.8328875733041,0,0.0972222222222236,0.140549169859516,37.0789933836101,33.9814732830565,35.5302333333333,0.1028328167706,41.6330566037731,34.90848,34.745596618159,-0.410631217090529,0.0548426523260774
"4108810","2021-01-15",17.939777245944,0,0.0718390804597714,0.115261813537677,37.1820420075715,33.7404246590951,35.4612333333333,0.0134361269395625,38.7118249878504,34.92128,34.5795170690711,-0.657331777755366,-0.0875922336902112
"4108809","2021-01-19",17.4867740841047,0.126903553299492,0.0423011844331654,0.0704541623717199,37.181181110351,33.5932855563156,35.3872333333333,0.183036109550557,43.7700782658527,34.93888,34.5022481265283,-0.728566054102597,-0.215786997772688
"4108808","2021-01-20",16.3077585625896,0.142131979695432,0.0896785109983094,0.0679395919637485,37.1421564501267,33.5026435498733,35.3224,0.281362683649811,44.3634812951176,34.96128,34.4432817096578,-0.762482839638046,-0.32512616614576
"4108807","2021-01-21",15.3551411526219,0.290609137055839,0.186548223350256,0.106175972927243,37.1013756385574,33.4674243614426,35.2844,0.409813503720528,49.9134748844573,34.99828,34.4701774817035,-0.644890987423452,-0.389079130401298
"4108806","2021-01-22",14.8488410881128,0.43710292249047,0.289948013080581,0.188724915809715,37.0147399999874,33.4773933333459,35.2460666666666,0.556709171846729,54.6970806947989,35.05768,34.5701538174763,-0.412503459061098,-0.393763996133258
"4108805","2021-01-25",14.5657759212271,0.614503816793894,0.447405292113402,0.307967176181413,36.8840433358877,33.5085899974456,35.1963166666666,0.568242685323668,53.6416108798448,35.06268,34.6421333084795,-0.251424647808407,-0.365296126468288
"4108804","2021-01-26",14.6607972587776,0.724738675958188,0.592115138414185,0.443156147869389,36.848857202096,33.5191094645706,35.1839833333333,0.698018003757259,57.4221621307456,35.06408,34.7671822006822,-0.0146302217169048,-0.295162945518011
"4108803","2021-01-27",13.7284262357184,0.473867595818816,0.604370029523634,0.54796348668374,36.7455840850357,33.5380492482976,35.1418166666666,0.559708366834591,50.612799334585,35.03308,34.7795579072579,0.00556436952798833,-0.235017482508811
"4108802","2021-01-28",13.3451381613528,0.268292682926831,0.488966318234613,0.561817162057477,36.5785066215865,33.5347933784135,35.05665,0.357635515553719,45.8180317564598,34.98388,34.7116168529569,-0.114098874196711,-0.210833760846391
"4108801","2021-01-29",13.0588193254559,0.247386759581882,0.329849012775844,0.47439512017803,36.4166275929535,33.5323390737131,34.9744833333333,0.353984787863429,45.3475476793378,34.91548,34.644734605896,-0.220584119638856,-0.212783832604884
"4108800","2021-02-01",12.5601359551628,0.414634146341463,0.310104529616726,0.376306620209061,36.0753319984911,33.7103013348421,34.8928166666666,0.612972460543547,49.789535941851,34.86028,34.6507699917765,-0.191085882353459,-0.208444242554599
"4108799","2021-02-02",12.7971666218099,0.705521472392638,0.455847459438662,0.365267000610411,36.0433234729928,33.7304765270071,34.8869,1.03315244320003,58.2418467926733,34.85508,34.8040006595396,0.0891232676559106,-0.148930740512497
"4108798","2021-02-03",12.865084726021,0.671779141104294,0.597311586612799,0.454421191889396,36.1406800495135,33.6847866171531,34.9127333333333,0.935930967481375,57.21397781562,34.84708,34.9221339049343,0.281532823293462,-0.0628380277513053
"4108797","2021-02-04",12.9281515370742,0.684049079754601,0.687116564417179,0.580091870156213,36.2766418724764,33.6774914608568,34.9770666666666,0.870480034179069,57.5076517103708,34.83308,35.0298493842764,0.437547879542555,0.0372391537074667
"4108796","2021-02-05",13.325306135882,0.583333333333334,0.646387184730744,0.643605111920241,36.3815792352515,33.7472207647485,35.0644,0.839968918439948,56.2600682073637,34.81988,35.1072027997062,0.527020843379478,0.135195491641869
"4108795","2021-02-08",13.7283496049717,0.757407407407407,0.674929940165115,0.669477896437679,36.5542973370517,33.7353693296149,35.1448333333333,0.909789346737203,60.104858327531,34.80528,35.2402424264121,0.70284084106309,0.248724561526113
"4108794","2021-02-09",13.7830471393115,0.670588235294119,0.670442992011621,0.66392003896916,36.6737441007625,33.7249225659041,35.1993333333333,0.82125827966692,58.0510686450354,34.81648,35.3308767695571,0.790028952480704,0.356985439717031
"4108793","2021-02-10",14.4794890802735,0.638225255972695,0.688740299558075,0.678037743911603,36.8242909880915,33.7720423452418,35.2981666666666,0.871911596824191,59.3449481880437,34.85408,35.4307598669495,0.884890172263497,0.462566386226324
"4108792","2021-02-11",15.1261851683097,0.689419795221842,0.666077762162887,0.67508701791086,36.9542412845609,33.791758715439,35.373,0.815258654619826,60.5727421071908,34.93288,35.5373252180229,0.982232793691451,0.56649966771935
"4108791","2021-02-12",14.2712440816543,0.392491467576791,0.573378839590444,0.642732300437135,36.9505447804051,33.9357885529282,35.4431666666666,0.586297745832811,50.9598926576248,34.98888,35.5136818556199,0.851866694825421,0.623573073140564
"4108790","2021-02-16",13.6965019757294,0.225255972696245,0.435722411831627,0.558393004528319,36.8235077009222,34.2011589657444,35.5123333333333,0.369455450855554,46.485313632864,35.0074,35.4278576082039,0.629892285661637,0.624836915644779
"4108789","2021-02-17",13.0877321898182,0.337883959044369,0.31854379977247,0.44254835039818,36.748867410895,34.3914659224383,35.5701666666666,0.430643973544358,49.6892717134361,35.0238,35.3974765937767,0.522976068244119,0.604464746164647
"4108788","2021-02-18",12.2206390369358,0.38566552901024,0.316268486916953,0.356844899507016,36.7008149593564,34.5465183739769,35.6236666666666,0.487466906746636,51.0288044349257,35.0684,35.3898130479398,0.46479777273094,0.576531351477905
"4108787","2021-02-19",12.6936369744848,0.277551020408163,0.333700169487592,0.322837485392338,36.71455496252,34.6327783708133,35.6736666666666,0.635941580440203,51.3278594375318,35.0948,35.3871713082145,0.420686731342257,0.545362427450776
"4108786","2021-02-22",13.4366938837024,0.470588235294118,0.377934928237508,0.342634528214017,36.825002783679,34.6296638829876,35.7273333333333,0.861068018435359,57.8030544038672,35.1808,35.4782151337859,0.538884774785697,0.54406689691776
"4108785","2021-02-23",14.210899335227,0.653992395437264,0.467377217046516,0.393004104923872,36.9994986908561,34.6018346424772,35.8006666666666,0.955721337359774,61.8620597543782,35.3044,35.6264531159478,0.741384719805138,0.583530461495236
"4108784","2021-02-24",15.1850945452234,0.801393728222997,0.641991452984794,0.495767866089606,37.2549540051973,34.4980459948027,35.8765,1.03810282911388,65.8122536562821,35.4312,35.8322593671547,1.01961973748581,0.670748316693351
"4108783","2021-02-25",14.1182167994919,0.348432055749128,0.601272726469798,0.570213798833702,37.3130548527851,34.5550118138815,35.9340333333333,0.699404671685375,52.6492885672106,35.5036,35.8372914515341,0.93570268321892,0.723739189998465
"4108782","2021-02-26",14.0175213688246,0.0592334494773524,0.40301974448316,0.54876130797925,37.2369583514323,34.723774981901,35.9803666666666,0.328756360604562,46.2842682798126,35.5194,35.7309859246629,0.674416274955436,0.713874606989859
"4108781","2021-03-01",14.006562864445,0.0313588850174227,0.146341463414636,0.383544644789198,37.1425983097634,34.8891350235699,36.0158666666666,0.166054762043872,45.7106522471442,35.509,35.6281878013745,0.443776502454885,0.659854986082864
"4108780","2021-03-02",14.6874374067313,0,0.030197444831593,0.193186217576463,37.2164544678626,34.7619455321373,35.9892,-0.0551144318530072,40.869584634896,35.4746,35.4444294278579,0.0980356787169345,0.547491124609678
"4108779","2021-03-03",15.4821758880005,0,0.0104529616724755,0.0623306233062343,37.3318433826934,34.4615566173065,35.8967,-0.0667377976362779,39.7210520723147,35.4142,35.2611721708102,-0.216027675134167,0.394787364660909
"4108778","2021-03-04",16.4972723280455,0,1.27906944295357e-15,0.0135501355013562,37.4537091033001,34.1405242300332,35.7971166666666,-0.0449288431103322,37.7532935340383,35.3702,35.0610158813688,-0.5316168467284,0.209506522383047
"4108777","2021-03-05",18.0910005712072,0,1.27906944295357e-15,0.00348432055749224,37.624647491157,33.7162525088429,35.67045,-0.0792104798970388,33.0844264096457,35.317,34.778213763853,-0.962739832140469,-0.024942748521656
"4108776","2021-03-08",18.8289284650991,0.183333333333334,0.0611111111111125,0.0203703703703712,37.636914433986,33.5231522326806,35.5800333333333,0.152783365500954,41.4523826137151,35.3014,34.6504519286726,-1.08984643078719,-0.237923484974763
"4108775","2021-03-09",19.2349935399778,0.2125,0.131944444444446,0.0643518518518528,37.5807590628102,33.379974270523,35.4803666666666,0.220599826452682,42.6804577921174,35.2722,34.5583916715162,-1.14547320599441,-0.419433429178692
"4108774","2021-03-10",19.612053966651,0.297916666666666,0.231250000000001,0.141435185185186,37.514584120253,33.2874825464136,35.4010333333333,0.301037822573681,46.2370903264391,35.215,34.5332727819807,-1.0815285109693,-0.551852445536813
"4108773","2021-03-11",19.6039315414411,0.322916666666667,0.277777777777779,0.213657407407408,37.3932466354005,33.2368200312661,35.3150333333333,0.355236226377371,47.2684004985469,35.167,34.5275030777166,-0.991380361840888,-0.639758028797628
"4108772","2021-03-12",18.6665790394737,0.322916666666667,0.314583333333335,0.274537037037038,37.2689994352512,33.2160672314154,35.2425333333333,0.420419756089666,47.2684004985469,35.1174,34.5225026673544,-0.909449990061206,-0.693696421050344
"4108771","2021-03-15",18.6462890829708,0.55625,0.400694444444446,0.33101851851852,37.3281703373256,33.206896329341,35.2675333333333,0.727065707882323,56.3350295994073,35.1174,34.6675023117072,-0.5764228636853,-0.670241709577335
"4108770","2021-03-16",19.1871756228943,0.805068226120858,0.561411630929176,0.425563136235652,37.6390169975071,33.1193830024928,35.3792,0.947853373871917,64.8253519938642,35.156,34.9878353368129,0.0240242388194423,-0.531388519897979
"4108769","2021-03-17",19.6894274099661,0.812865497076023,0.724727907732295,0.562277994368639,37.8982615691539,33.0564717641794,35.4773666666666,0.890895393969566,65.0259969165476,35.2036,35.2707906252378,0.498938782742475,-0.325323059369889
"4108768","2021-03-18",20.1558040693899,0.764023210831722,0.793985644676202,0.693375061112557,38.1101021570362,33.014631176297,35.5623666666666,0.840361078800302,62.9007868453291,35.236,35.4866852085395,0.812533851025776,-0.0977516772907556
"4108767","2021-03-19",20.706977445803,0.788679245283018,0.788522651063589,0.769078734490695,38.319120640616,32.9592793593839,35.6392,0.845930641607943,64.2174537695059,35.2716,35.7044605140675,1.09815871101338,0.141430400370071
"4108766","2021-03-22",20.6914966897533,0.726415094339622,0.759705850151455,0.780738048630415,38.3850311315275,32.9430355351391,35.6640333333333,0.748554654147651,60.8789696990643,35.3288,35.8491991121919,1.23401415042295,0.359947150380646
"4108765","2021-03-23",21.079729158232,0.769811320754717,0.761635220125787,0.769954573780277,38.4483917923879,32.9208415409454,35.6846166666666,0.793146739445833,62.3481696309153,35.4148,36.0053058972329,1.37619995435503,0.563197711175522
"4108764","2021-03-24",21.5426438573586,0.774528301886793,0.756918238993712,0.759419769756984,38.4478213489544,32.9210786510455,35.68445,0.802568213877483,62.5129663449044,35.4886,36.1439317776019,1.47619050842089,0.745796270624597
"4108763","2021-03-25",22.1801148365643,0.75339366515837,0.765911095933294,0.761488185017597,38.5907682044865,32.8793984621801,35.7350833333333,0.808434475933962,63.2406855416856,35.561,36.278074207255,1.55973518611137,0.908584053721951
"4108762","2021-03-26",23.4360753884559,0.815261044176708,0.781061003740624,0.767963446222543,38.9421811553022,32.805652178031,35.8739166666666,0.899696637803662,68.6680055907762,35.667,36.510330979621,1.79633701403512,1.08613464578458
"4108761","2021-03-29",24.8695906974937,0.779247202441507,0.782633970592196,0.776535356755371,39.3062014723032,32.7714651943634,36.0388333333333,0.88606505695571,69.6659055386711,35.7522,36.7356201823382,1.99756821917967,1.2684213604636
"4108760","2021-03-30",26.1611145934157,0.769551616266945,0.788019954295054,0.783904976209291,39.5845259512992,32.8721407153674,36.2283333333333,0.82601426414251,69.4014154140053,35.8158,36.9282041580264,2.12561684618535,1.43986045760795
"4108759","2021-03-31",27.4756960526653,0.773722627737227,0.774173815481894,0.781609246789714,39.8048299293607,33.0725034039726,36.4386666666666,0.802718531597447,69.5260111450226,35.857,37.0977769369562,2.2040656470534,1.59270149549704
"4108758","2021-04-01",28.6963788362542,0.740136054421769,0.761136766141981,0.774443511972976,39.944694037649,33.381805962351,36.66325,0.777329631779637,70.3705572221508,35.9554,37.2620733453621,2.26659978380559,1.72748115315875
"4108757","2021-04-05",30.0071953604402,0.705410821643287,0.739756501267429,0.758355694297101,39.9598983537071,33.8956016462928,36.92775,0.791693621208211,71.7951222490084,36.0958,37.4337968993138,2.33503021932999,1.848990966393
"4108756","2021-04-06",31.7093996595861,0.645907473309607,0.697151449791555,0.732681572400322,40.0359341032671,34.2980658967329,37.167,0.808418841801113,72.1555532019765,36.2416,37.5899573127386,2.37205462052219,1.95360369721884
"4108755","2021-04-07",33.405278168511,0.868686868686868,0.740001721213255,0.72563655742408,40.1494138496093,34.703919483724,37.4266666666666,0.880742903035999,76.6291409786354,36.4464,37.8272963377068,2.53368437594632,2.06961983296433
"4108754","2021-04-08",34.5288795157443,0.766773162939296,0.760455834978592,0.7325363353278,40.1878013293784,35.1528653372883,37.6703333333333,0.850153408656971,73.6315188800348,36.6512,38.0089901593459,2.59093896462443,2.17388365929635
"4108753","2021-04-09",35.2825317378464,0.73003194888179,0.788497326835986,0.762984961009277,40.1015833065745,35.6897500267588,37.8956666666666,0.800177556434929,71.7016747080529,36.8638,38.1511248047665,2.58050064948303,2.25520705733369
"4108752","2021-04-12",35.3737543333348,0.624137931034481,0.70698101428519,0.751978058699922,39.8943169800035,36.3136830199965,38.104,0.774439296963145,67.6346160179645,37.0994,38.2416414974643,2.49079092719791,2.30232383130653
"4108751","2021-04-13",35.7841724639457,0.808695652173912,0.720955177363395,0.73881117282819,39.9406596369357,36.6016736963976,38.2711666666666,0.882002207470951,71.4751130270058,37.3214,38.3920892978024,2.50356042766464,2.34257115057815
"4108750","2021-04-14",34.7175213854968,0.566787003610108,0.666540195606168,0.698158795751584,40.0123948658793,36.6992718007873,38.3558333333333,0.723605739593253,61.946537435711,37.5118,38.435810724762,2.34932485921617,2.34392189230576
"4108749","2021-04-15",33.7270596697942,0.484210526315787,0.619897727366603,0.669131033445388,40.0760458940617,36.8172874392715,38.4466666666666,0.727080346784298,63.7099530054024,37.6946,38.5030359614604,2.24704427708236,2.32454636926108
"4108748","2021-04-16",33.1605026114517,0.590909090909091,0.547302206944996,0.611246709972589,40.1513750473027,36.9582916193639,38.5548333333333,0.783477299323486,65.8772787180981,37.8838,38.598631166599,2.19873531442323,2.29938415829351
"4108747","2021-04-19",31.3750319738176,0.232954545454548,0.436024720893143,0.53440821840158,40.1453639186661,37.0983027480005,38.6218333333333,0.569411143444103,57.5492280834017,38.0478,38.5974803443858,2.00538634704477,2.24058459604376
"4108746","2021-04-20",29.3469941312005,0.103448275862069,0.309103970741904,0.430810299526681,40.0381288365663,37.3705378301004,38.7043333333333,0.485879894415846,55.0509765528329,38.1586,38.5684829651344,1.78772030263366,2.15001173736174
"4108745","2021-04-21",27.76506327096,0.416149068322983,0.250850629879868,0.331993107171638,39.9759557721145,37.6163775612188,38.7961666666667,0.646424474681378,60.5025602358106,38.2358,38.6260185697831,1.7249493675213,2.06499926339365
"4108744","2021-04-22",26.0659540517047,0.102564102564101,0.207387148916385,0.255780583179385,39.8478651546134,37.8924681787199,38.8701666666666,0.4828679289101,55.1574414574809,38.293,38.6145494271454,1.56097949248806,1.96419530921253
"4108743","2021-04-23",24.5215321908434,0.0897435897435904,0.202818920210226,0.220352233002159,39.685070242206,38.1822630911273,38.9336666666666,0.388874630467317,54.930218722255,38.3582,38.6019428368594,1.41063315498484,1.85348287836699
"4108742","2021-04-26",23.2848442284987,0.455128205128207,0.215811965811967,0.208672678312859,39.6962066678812,38.269126665452,38.9826666666666,0.72703702626938,59.9891108277607,38.437,38.6670171252781,1.39445121345958,1.76167654538551
"4108741","2021-04-27",21.7714237040517,0.326923076923077,0.290598290598292,0.236409725540161,39.7028010727299,38.3223655939367,39.0125833333333,0.606789972390141,57.5482559639372,38.521,38.696748175241,1.32439059305018,1.67421935491845
"4108740","2021-04-28",20.3020447098315,0.243589743589741,0.341880341880343,0.282763532763534,39.674117675707,38.403382324293,39.03875,0.422289090415171,55.9545686203527,38.5906,38.7051817518756,1.22753831081281,1.58488314609732
"4108739","2021-04-29",19.6189992407117,0.333333333333332,0.301282051282051,0.311253561253562,39.6584170951155,38.4914162382178,39.0749166666666,0.607183583108811,57.3251729320352,38.6648,38.7311575182922,1.16648398466623,1.5012033138111
"4108738","2021-04-30",20.0053400011742,0.505069124423963,0.36066406711568,0.334608820092691,39.7486488773405,38.5362511226595,39.14245,1.07039861491823,62.4960830130266,38.75784,38.8304698491865,1.22367793354696,1.44569823775827
"4108737","2021-05-03",20.6418417588823,0.564784053156147,0.467728836971148,0.376558318456293,39.9104062727945,38.5137603938721,39.2120833333333,1.12811197400793,64.6125459200525,38.82664,38.9517405359617,1.30804519403174,1.41816762901297
"4108736","2021-05-04",20.3005663110508,0.365448504983388,0.478433894187834,0.43560893275822,39.9490842875161,38.5400823791505,39.2445833333333,0.742784151889598,58.1833754746202,38.86904,38.9928417978334,1.26043821152588,1.38662174551555
"4108735","2021-05-05",19.08304690145,0.00415282392026496,0.311461794019935,0.419208175059639,39.9356820144803,38.4748179855197,39.20525,0.163270053259762,48.7206934727373,38.87744,38.9124628914557,1.0306396272221,1.31542532185686
"4108734","2021-05-06",18.729264430534,0,0.123200442967885,0.304365377058551,39.985054675557,38.3027786577763,39.1439166666666,-0.0571321174966519,43.3143431289767,38.86024,38.7601345059282,0.711299233676987,1.19460010422089
"4108733","2021-05-07",19.3261224514779,0,0.00138427464008948,0.145348837209303,40.1627650856056,37.9524015810611,39.0575833333333,-0.207689027973858,36.8507825278001,38.80144,38.5067832384711,0.264032355689037,1.00848655451452
"4108732","2021-05-10",18.8399816979179,0.333503054989818,0.111167684996607,0.078584134201527,40.1558674607415,37.9114658725918,39.0336666666666,0.310491430954671,48.715131789685,38.78624,38.461878806675,0.181242963259565,0.843037836263525
"4108731","2021-05-11",18.8101617139878,0.22530549898167,0.186269517990497,0.0996071592090642,40.1426421035329,37.7660245631337,38.9543333333333,0.0816182804212234,45.7143733366017,38.75184,38.366294965785,0.0258777393556731,0.679605816881955
"4108730","2021-05-12",19.3204919762734,0.0738289205702646,0.210879158180585,0.169438787055896,40.2347603971733,37.5039062694933,38.8693333333333,-0.0392696196181572,41.829617165421,38.66304,38.2041223036803,-0.220693264665772,0.49954600057241
"4108729","2021-05-13",19.9819277673727,0.0178207739307536,0.105651731160897,0.167600135777326,40.3147531431181,37.2202468568819,38.7675,-0.0227005054713607,40.4605243246724,38.57264,38.0342393298563,-0.458468304300585,0.307943139597811
"4108728","2021-05-14",19.4031064658105,0.155295315682281,0.0823150033944342,0.132948630911972,40.2524269955019,37.1162396711647,38.6843333333333,0.21695993419199,45.201557426529,38.50844,37.9590074192088,-0.526802850271779,0.140993941623893
"4108727","2021-05-17",18.8656295429313,0.244399185336049,0.139171758316362,0.109046164290564,40.2360961047794,37.0515705618872,38.6438333333333,0.305151507927167,48.0869410962515,38.46804,37.9404730966476,-0.500814391319959,0.0126322750351223
"4108726","2021-05-18",18.5277009478265,0.206211812627292,0.201968771215209,0.141151844308668,40.231322692785,36.9770106405483,38.6041666666666,0.275426166390222,46.9460548262811,38.40004,37.9044100170946,-0.506359650137389,-0.09116610999938
"4108725","2021-05-19",18.6241846051643,0.106924643584522,0.185845213849289,0.175661914460286,40.1964657049843,36.8490342950157,38.52275,0.198450380891864,44.0216370057607,38.34244,37.8211553481487,-0.587295418209766,-0.190391971641457
"4108724","2021-05-20",18.1521603997185,0.208757637474542,0.173964697895453,0.18725956098665,40.1641120385301,36.7883879614698,38.47625,0.33127076729881,47.6252826567185,38.29204,37.8023346350622,-0.559735083678126,-0.264260594048791
"4108723","2021-05-21",17.7138522089474,0.254437869822485,0.190040050293851,0.183283320679531,40.1329185666623,36.7352481000043,38.4340833333333,0.349676416529483,47.9858843718812,38.23204,37.7913566837205,-0.523329873170963,-0.316074449873225
"4108722","2021-05-24",17.3068517460886,0.365714285714286,0.276303264337106,0.21343600417547,40.0282766121774,36.7067233878225,38.3675,0.381832391809346,48.9325036708356,38.20124,37.7951757925578,-0.467722567588835,-0.346404073416347
"4108721","2021-05-25",16.5275368961451,0.289523809523809,0.303225321686861,0.256522878772606,39.935614845802,36.6757184875313,38.3056666666666,0.382716107718184,47.0867753987598,38.17084,37.7718190202168,-0.461073084629327,-0.369337875658943
"4108720","2021-05-26",15.6175130111827,0.596190476190475,0.417142857142858,0.332223814388941,39.9005646770944,36.6787686562389,38.2896666666666,0.602530803066063,54.5224143795013,38.14784,37.8589098175212,-0.280694434114015,-0.351609187349958
"4108719","2021-05-27",15.4875795443768,0.213307240704502,0.366340508806263,0.362236229211994,39.7873448231363,36.657988510197,38.2226666666666,0.384108222139142,46.2605628287494,38.10524,37.8077218418517,-0.33656851191296,-0.348601052262558
"4108718","2021-05-28",15.3669270394856,0.370192307692309,0.393230008195763,0.392237791381628,39.5081515550077,36.7387817783256,38.1234666666666,0.401253104959396,48.2602862179926,38.07244,37.7933589296048,-0.329096406099727,-0.344700123029992
"4108717","2021-06-01",15.0901610274729,0.360576923076923,0.314692157157913,0.358087558053313,39.0651255533453,36.9598744466546,38.0125,0.432312112532752,48.0889873058165,38.01604,37.7782444056575,-0.323729491120983,-0.34050599664819
"4108716","2021-06-02",14.072515866964,0.548076923076924,0.426282051282054,0.37806807221191,38.7335691285586,37.1647642047746,37.9491666666666,0.736379506279788,51.6899721563424,37.98324,37.8171451515698,-0.233505902469267,-0.319105977812405
"4108715","2021-06-03",13.4253924710343,0.697142857142857,0.535265567765569,0.425413258735178,38.7247231254511,37.1699435412155,37.9473333333333,0.969091143676148,55.3662920341437,37.97284,37.9081924646939,-0.0696450676347826,-0.269213795776881
"4108714","2021-06-04",12.4700365744518,0.53225806451613,0.592492614911971,0.518013411319865,38.7802961288868,37.1497038711132,37.965,0.864898089736086,53.0412345624361,37.94764,37.9564334694014,0.0109431289920359,-0.213182410823098
"4108713","2021-06-07",12.3448846583181,0.6125,0.61396697388633,0.580575052187957,38.9573762450418,37.1292904216249,38.0433333333333,1.05613727410589,57.091041426269,37.9186,38.0622423401478,0.174518544616609,-0.135642219735156
"4108712","2021-06-08",12.5139425437839,0.851145038167939,0.665301034228024,0.623920207675442,39.2222387023877,36.9675946309456,38.0949166666666,1.18528924494283,62.5920087769682,37.9094,38.2552766947948,0.45882648261597,-0.016748479264931
"4108711","2021-06-09",12.0876679128,0.659491193737767,0.707712077301903,0.662326695138752,39.4391661060793,36.8996672272539,38.1694166666666,1.00426615424444,58.8502276845873,37.9054,38.3759064688222,0.602315672025111,0.107064350993077
"4108710","2021-06-10",11.6257450257855,0.643835616438355,0.718157282781355,0.69705679810376,39.5710375852743,36.9571290813923,38.2640833333333,0.892483771005402,58.4203938508843,37.9346,38.4751189396459,0.699000596043753,0.225451600003213
"4108709","2021-06-11",10.8597659769249,0.565557729941292,0.622961513372473,0.682943624485243,39.6198152911969,37.1083513754697,38.3640833333333,0.812931697622707,56.2097499472091,37.9806,38.5344364143598,0.725029536380761,0.325367187278722
"4108708","2021-06-14",10.122185314263,0.542074363992171,0.583822570123941,0.641647122092589,39.6860706679257,37.1660959987409,38.4260833333333,0.742297409096922,55.5308673045108,38.0606,38.5778448924451,0.724600865391278,0.405213922901233
