"","Date","ADX","STOCHFK","STOCHFD","STOCHSD","BBandsUp","BbandsDn","BbandsMiddle","PercentB","RSI","SMA","EMA","MACD","Signal"
"6358424","2001-07-30",NA,NA,NA,NA,NA,NA,NA,NA,NA,NA,NA,NA,NA
"6358423","2001-07-31",NA,NA,NA,NA,NA,NA,NA,NA,NA,NA,NA,NA,NA
"6358422","2001-08-01",NA,NA,NA,NA,NA,NA,NA,NA,NA,NA,NA,NA,NA
"6358421","2001-08-02",NA,NA,NA,NA,NA,NA,NA,NA,NA,NA,NA,NA,NA
"6358420","2001-08-03",NA,NA,NA,NA,NA,NA,NA,NA,NA,NA,NA,NA,NA
"6358419","2001-08-06",NA,NA,NA,NA,NA,NA,NA,NA,NA,NA,NA,NA,NA
"6358418","2001-08-07",NA,NA,NA,NA,NA,NA,NA,NA,NA,NA,NA,NA,NA
"6358417","2001-08-08",NA,NA,NA,NA,NA,NA,NA,NA,NA,NA,NA,NA,NA
"6358416","2001-08-09",NA,NA,NA,NA,NA,NA,NA,NA,NA,NA,NA,NA,NA
"6358415","2001-08-10",NA,NA,NA,NA,NA,NA,NA,NA,NA,NA,NA,NA,NA
"6358414","2001-08-13",NA,NA,NA,NA,NA,NA,NA,NA,NA,NA,NA,NA,NA
"6358413","2001-08-14",NA,NA,NA,NA,NA,NA,NA,NA,NA,NA,NA,NA,NA
"6358412","2001-08-15",NA,NA,NA,NA,NA,NA,NA,NA,NA,NA,NA,NA,NA
"6358411","2001-08-16",NA,0.311258278145695,NA,NA,NA,NA,NA,NA,NA,NA,13.9073214285714,NA,NA
"6358410","2001-08-17",NA,0.435849056603774,NA,NA,NA,NA,NA,NA,34.4086021505376,NA,13.9400119047619,NA,NA
"6358409","2001-08-20",NA,0.212820512820514,0.319975949189994,NA,NA,NA,NA,NA,29.7703467568798,NA,13.9190103174603,NA,NA
"6358408","2001-08-21",NA,0.14871794871795,0.265795839380746,NA,NA,NA,NA,NA,29.0578000517773,NA,13.8924756084656,NA,NA
"6358407","2001-08-22",NA,0.166666666666668,0.176068376068377,0.253946721546372,NA,NA,NA,NA,29.5661393109844,NA,13.8718121940035,NA,NA
"6358406","2001-08-23",NA,0,0.105128205128206,0.18233080685911,NA,NA,NA,NA,27.589222215995,NA,13.8322372348031,NA,NA
"6358405","2001-08-24",NA,0.115384615384616,0.0940170940170946,0.125071225071226,14.6303067098477,13.3811099568189,14.0057083333333,0.368682282219417,31.0275956607598,NA,13.8129389368293,NA,NA
"6358404","2001-08-27",NA,0.367781155015197,0.161055256799938,0.120066851981746,14.308711302603,13.5907053640637,13.9497083333333,0.571204146450388,36.5108118251327,NA,13.8215470785854,NA,NA
"6358403","2001-08-28",NA,0,0.161055256799938,0.13870920253899,14.2696856429163,13.5813976904171,13.9255416666667,0.244958972434052,31.8157194909531,NA,13.7853408014407,NA,NA
"6358402","2001-08-29",NA,0,0.122593718338399,0.148234743979425,14.2724130956754,13.5076702376579,13.8900416666667,-0.0688731344211662,28.3670749565384,NA,13.7156286945819,NA,NA
"6358401","2001-08-30",NA,0.165198237885462,0.0550660792951541,0.112905018144497,14.2630611204117,13.4699388795882,13.8665,0.144022927613053,33.4346805865274,NA,13.6802115353043,NA,NA
"6358400","2001-08-31",NA,0,0.0550660792951541,0.077575292309569,14.4097800032158,13.2212199967841,13.8155,-0.311626389451547,24.9457217831819,13.7644,13.5378499972638,NA,NA
"6358399","2001-09-04",NA,0,0.0550660792951541,0.0550660792951541,14.5191492288739,13.005850771126,13.7625,-0.174575017311869,22.976601629039,13.6604,13.3794699976286,-2.80973794461229,NA
"6358398","2001-09-05",NA,0.192918192918193,0.0643060643060642,0.0581460742987908,14.5556140166133,12.86746931672,13.7115416666667,0.00989094711354058,31.7118268820196,13.6142,13.2948739979448,-2.95436246522511,NA
"6358397","2001-09-06",33.5629614430052,0.390720390720391,0.194546194546194,0.104639446049138,14.5324663085962,12.8382003580704,13.6853333333333,0.338474788104117,39.3115860627424,13.5798,13.2755574648855,-2.79299156038987,NA
"6358396","2001-09-07",32.6663988868799,0.605263157894737,0.396300580511107,0.218384279787788,14.5195266620987,12.8283900045679,13.6739583333333,0.453310495055667,45.0074059428709,13.5613,13.3054831362341,-2.42466522425936,NA
"6358395","2001-09-10",32.0670743189849,0.537549407114624,0.511177651909917,0.367341475655739,14.5068046164098,12.8101953835902,13.6585,0.391351921369083,43.3789013080078,13.5471,13.3140853847362,-2.18619823273992,NA
"6358394","2001-09-17",33.3316944769593,0,0.380937521669787,0.42947191803027,14.6197915108357,12.5587084891643,13.58925,-0.119051563304792,30.0331732553813,13.4745,13.1238740001047,-2.86956439262798,NA
"6358393","2001-09-18",35.0854112092467,0,0.179183135704875,0.357099436428193,14.8503251209733,12.07250821236,13.4614166666667,-0.242399541742837,25.5384865674512,13.3753,12.8540241334241,-3.87346870141893,NA
"6358392","2001-09-19",37.0567654346314,0,-7.40148683083438e-17,0.186706885791554,15.0513611169741,11.5308888830259,13.291125,-0.20335024265283,22.818228104519,13.246,12.5424875823009,-5.01351468049757,NA
"6358391","2001-09-20",38.9040536427582,0,-7.40148683083438e-17,0.0597277119016248,15.1607051476543,11.0619615190123,13.1113333333333,-0.103558933534216,22.6842145373253,13.115,12.2684892379941,-5.90697433891719,-3.42571972674313
"6358390","2001-09-21",39.7119846971083,0.00341296928327626,0.00113765642775868,0.000379218809252809,15.1570436724213,10.719289660912,12.9381666666667,0.0116148106198847,22.8874340691064,12.9867,12.0326906729282,-6.56341574119589,-4.05325892963369
"6358389","2001-09-24",39.4799726683169,0.221174764321972,0.0748625778684161,0.0253334114320582,15.0751284970266,10.5494548363067,12.8122916666667,0.192541168973283,34.0826604201864,12.8937,11.9283319165378,-6.52314167761455,-4.54723547922986
"6358388","2001-09-25",38.75838988769,0.309644670050761,0.178077467885336,0.084692567393837,14.9647130663082,10.4459536003584,12.7053333333333,0.279179807898098,38.0232378643906,12.8048,11.8785543276661,-6.21823904803987,-4.88143619299186
"6358387","2001-09-26",38.163379123438,0.290065264684554,0.273628233019096,0.175522759590949,14.843566674879,10.3533499917877,12.5984583333333,0.290628144173932,37.4890994400017,12.6988,11.8264137506439,-5.95637168084452,-5.09642329056239
"6358386","2001-09-27",37.726061666473,0.261058738216098,0.286922890983804,0.246209530629412,14.7297563305962,10.2497436694038,12.48975,0.275354057504207,36.6673023579426,12.5878,11.7678919172247,-5.75365663637845,-5.2278699597256
"6358385","2001-09-28",36.8928974543029,0.287164612037708,0.279429538312787,0.279993554105229,14.5593086923017,10.1966913076983,12.378,0.323194824268681,37.9849042158686,12.4808,11.7291729949281,-5.47078312404621,-5.27645259258973
"6358384","2001-10-01",36.8341766888984,0.11022480058013,0.219482716944645,0.261945048747079,14.3511302847679,10.1097030485654,12.2304166666667,0.221497049408864,32.9771666692044,12.3642,11.614283262271,-5.60667777351889,-5.34249762877556
"6358383","2001-10-02",36.3362787639959,0.212282031842305,0.203223814820048,0.234045356692493,14.1439377345534,10.0748122654466,12.109375,0.30826142146347,37.6229622566202,12.2629,11.5573788273016,-5.43584898178974,-5.36116789937839
"6358382","2001-10-03",35.6245089561639,0.253521126760563,0.192009319727666,0.204905283830786,13.9647217565111,10.0525282434889,12.008625,0.354653150947864,39.18354151495,12.1653,11.5227283169947,-5.16659163960449,-5.32225264742361
"6358381","2001-10-04",33.9709244499113,0.3828197945845,0.282874317729123,0.226035817425612,13.7359341714682,10.0972324951984,11.9165833333333,0.452386863388703,42.2259954629178,12.0828,11.5213645413954,-4.74895303138432,-5.20759272421575
"6358380","2001-10-05",32.4737794920269,0.582241630276565,0.406194183873876,0.293692607110221,13.6257518259034,10.0810815074299,11.8534166666667,0.424981269687959,41.9631158858258,11.9948,11.5168492692093,-4.38493502708392,-5.04306118478939
"6358379","2001-10-08",31.4320607604738,0.451237263464337,0.472099562775134,0.387056021459377,13.5206645253892,10.0570021412774,11.7888333333333,0.402174838146008,39.5751572861329,11.8902,11.4829360333148,-4.20602367059447,-4.87565368195041
"6358378","2001-10-09",30.8439527710869,0.301310043668122,0.444929645803008,0.441074464150673,13.3788020514681,10.0246979485319,11.70175,0.333263970694761,36.9814419821327,11.7884,11.4192112288728,-4.19889008675078,-4.74030096291048
"6358377","2001-10-10",30.3456421266701,0.277126099706745,0.343224468946401,0.420084559174848,13.0850011932561,10.0878321400772,11.5864166666667,0.339376205304119,36.6549123110627,11.6968,11.3596497316898,-4.17142398007813,-4.62652556634401
"6358376","2001-10-11",28.2020265367883,0.342056074766355,0.306830739380407,0.364994951376605,12.6702654930072,10.3041511736595,11.4872083333333,0.552248109480225,42.5771272928809,11.6118,11.3550297674645,-3.85692900510529,-4.47260625409627
"6358375","2001-10-12",26.2115263461837,0.463551401869159,0.360911192114086,0.336988800146965,12.1644123159908,10.6320876840092,11.39825,0.693660007681427,45.1241421414186,11.5668,11.3726924651359,-3.45257824367922,-4.26860065201286
"6358374","2001-10-15",24.3632047406224,0.538317757009346,0.44797507788162,0.371905669792038,12.0227861759747,10.7099638240253,11.366375,0.735719884624029,46.6911710975346,11.5363,11.4013334697844,-3.02618562588624,-4.02011764678753
"6358373","2001-10-16",23.017817418488,0.472897196261682,0.491588785046729,0.433491685014145,12.0520678924357,10.709598774231,11.3808333333333,0.729055548340084,45.4677062905129,11.4865,11.4144890071465,-2.7184800929727,-3.75979013602457
"6358372","2001-10-17",21.397153761076,0.342056074766355,0.451090342679128,0.463551401869159,12.0376878462322,10.7953954871011,11.4165416666667,0.590659013695281,43.0386899474436,11.4135,11.402557139527,-2.56849395302959,-3.52153089942557
"6358371","2001-10-18",20.3361337221684,0.160747663551402,0.325233644859813,0.42263759086189,11.9646962406743,10.925137092659,11.4449166666667,0.269213067746352,39.8608479402773,11.3168,11.3598828542567,-2.59196471511121,-3.3356176625627
"6358370","2001-10-19",19.5383704025495,0.012170385395538,0.171658041237765,0.315994009592235,11.9069274666855,11.0195725333145,11.46325,0.132897741648312,38.6566603819874,11.2215,11.3102318070225,-2.64922069891098,-3.19833826983236
"6358369","2001-10-22",18.7975901771891,0.154158215010142,0.109025421319027,0.201972369138868,11.9076365027684,11.0021968305649,11.4549166666667,0.278284510649462,42.1251214356071,11.1925,11.2905342327528,-2.54192180556556,-3.067054976979
"6358368","2001-10-23",18.137408713574,0.144016227180528,0.103448275862069,0.128043912806287,11.8796711156403,10.979412217693,11.4295416666667,0.245027050340705,41.9426972526765,11.1945,11.2717963350524,-2.43820845692583,-2.94128567296836
"6358367","2001-10-24",17.8244620671649,0.0371900826446281,0.111788174945099,0.108087290708732,11.8596478599121,10.9449354734212,11.4022916666667,0.184099245182596,39.9669438745354,11.2145,11.2378901570454,-2.42358648579108,-2.83774583553291
"6358366","2001-10-25",17.7687532554439,0,0.0604021032750519,0.0918795180274065,11.8588374453733,10.9050792212934,11.3819583333333,0.179906648290049,38.4223359909162,11.2315,11.1945048027727,-2.46028861218586,-2.7622543908635
"6358365","2001-10-26",17.7170236445602,0.161417322834646,0.0662024684930913,0.0794642489044139,11.8338778065927,10.8862055267406,11.3600416666667,0.297706087421643,43.0499848309652,11.2562,11.1842374957364,-2.31598322244025,-2.67300015717885
"6358364","2001-10-29",16.7889165516245,0.322834645669292,0.161417322834646,0.0960072982009295,11.8362426543041,10.9275073456959,11.381875,0.614398915007024,47.313985069521,11.2591,11.2026724963048,-2.030557633519,-2.54451165244688
"6358363","2001-10-30",15.6288059057057,0.234251968503938,0.239501312335959,0.155707034554565,11.8355302160974,10.9244697839026,11.38,0.403043387450693,45.3090881744353,11.2453,11.2036494967975,-1.86371736157493,-2.40835279427249
"6358362","2001-10-31",14.6926428673928,0.179540709812108,0.245542441328446,0.215487025499683,11.8289766853791,10.9080233146208,11.3685,0.327895738228873,43.8419255841665,11.2309,11.1934962305579,-1.77050871227827,-2.28078397787365
"6358361","2001-11-01",13.758263811778,0.281995661605207,0.231929446640418,0.238991066768274,11.7737740908432,10.9179759091568,11.345875,0.435683823774676,46.3370427526835,11.2249,11.1993633998168,-1.59908415744093,-2.1444440137871
"6358360","2001-11-02",13.3327878860195,0.329718004338395,0.263751458585237,0.247074448851367,11.751430945494,10.922319054506,11.336875,0.585181506582723,47.5908775318014,11.2175,11.2117816131746,-1.40738015494577,-1.99703124201884
"6358359","2001-11-05",13.2937568270394,0.670731707317073,0.427481791086892,0.307720898770849,11.7826423793749,10.9119409539584,11.3472916666667,0.857231144439566,54.0544977081705,11.2468,11.2635440647513,-1.02307250721273,-1.80223949505762
"6358358","2001-11-06",12.3523551033696,0.425,0.475149903885156,0.388794384519095,11.7902562332944,10.9357437667056,11.363,0.609614160505582,47.7624124696067,11.2511,11.2677381894511,-0.926319915742047,-1.6270555791945
"6358357","2001-11-07",13.1790983802036,0.363636363636363,0.486456023651146,0.463029239541064,11.8628242140797,10.9389257859203,11.400875,0.999649080386059,52.0489351192841,11.2597,11.3003730975243,-0.686356386412612,-1.43891574063812
"6358356","2001-11-08",14.7825643153732,0.653409090909091,0.480681818181818,0.48076258190604,12.1464551899901,10.7546281433432,11.4505416666667,1.32885657580751,64.2230116659962,11.2932,11.4403233511877,0.0950567893027721,-1.13212123464995
"6358355","2001-11-09",16.2714969694592,0.826136363636364,0.614393939393939,0.527177260408967,12.4106573084936,10.6000093581731,11.5053333333333,1.20996683798882,68.1715529690528,11.3429,11.612280237696,0.959535532251898,-0.713789881269577
"6358354","2001-11-12",17.2984398431738,0.772727272727273,0.750757575757576,0.615277777777777,12.6056125552542,10.5095541114125,11.5575833333333,1.05497021250419,65.7549768015041,11.3969,11.7456428726699,1.53490391993762,-0.264051121028136
"6358353","2001-11-13",18.0523062440121,0.743181818181818,0.780681818181818,0.715277777777777,12.7638794542525,10.4506205457475,11.60725,0.964460187623806,64.395067093517,11.4586,11.8525571563139,1.91748093047697,0.172255289272884
"6358352","2001-11-14",18.3130751963401,0.645363408521303,0.720424166476798,0.750621186805397,12.8796280210177,10.4343719789822,11.657,0.854632255992637,61.3971748129346,11.5159,11.9262162021387,2.09578722364645,0.556961676147598
"6358351","2001-11-15",18.5394469516286,0.641057934508816,0.676534387070646,0.725880123909753,12.971897251652,10.4677694150146,11.7198333333333,0.796244194277837,61.2893575466275,11.5589,11.9893873751869,2.20586680606276,0.88674270213063
"6358350","2001-11-16",18.607901300749,0.619647355163728,0.635356232731282,0.677438262092908,13.0397578674899,10.5269921325101,11.783375,0.748713329950892,60.3197344353295,11.5937,12.0384690584953,2.23708026379097,1.1568102144627
"6358349","2001-11-19",18.7069482526645,0.615869017632242,0.625524769101595,0.645805129634507,13.1009560231097,10.5812106435569,11.8410833333333,0.725121952639786,60.1389210662075,11.6242,12.0800065173626,2.22991433817648,1.37143103920545
"6358348","2001-11-20",18.7989204223004,0.652,0.629172124265323,0.6300177086994,13.1582156199566,10.65195104671,11.9050833333333,0.729391849848448,61.940884262263,11.6626,12.1306723150476,2.27009912145031,1.55116465565442
"6358347","2001-11-21",19.0174703441844,0.644230769230769,0.637366595621003,0.63068782966264,13.1977414963374,10.7510918369959,11.9744166666667,0.714817569539079,62.0249187546516,11.7082,12.1752493397079,2.2776773579946,1.69646719612246
"6358346","2001-11-23",19.7410475907424,0.686382393397524,0.660871054209431,0.642469924698585,13.2326292328083,10.8705374338583,12.0515833333333,0.740641226102795,63.3747991316454,11.7666,12.2242160944135,2.30703374144043,1.81858050518605
"6358345","2001-11-26",20.1494663662076,0.653370013755158,0.66132772546115,0.653188458430528,13.2507833174608,10.9932166825392,12.122,0.701396786980098,61.5506373273929,11.8264,12.2586539484917,2.2635890606294,1.90758221627472
"6358344","2001-11-27",20.0813390865595,0.5421875,0.627313302384227,0.649837360684936,13.2655781534832,11.0722551798501,12.1689166666667,0.616375929613871,58.4551648290812,11.8751,12.2748334220262,2.13668257159931,1.95340228733964
"6358343","2001-11-28",19.8970173911833,0.00327868852458951,0.399612067426583,0.56275103175732,13.2481312930654,11.2011187069346,12.224625,0.588523311757382,57.6179332828392,11.9232,12.285188965756,1.99490398141564,1.96170262615484
"6358342","2001-11-29",18.791414387777,0,0.18182206284153,0.402915810884113,13.1880628216151,11.3648538450515,12.2764583333333,0.483659763060837,51.1613969887757,11.9676,12.2641637703219,1.71509585382439,1.91238127168875
"6358341","2001-11-30",18.0355623257305,0.306990881458968,0.103423189994519,0.228285773420877,13.1269969471823,11.5409197194843,12.3339583333333,0.567383225818785,56.9865784462409,12.0263,12.2796086009456,1.64042075558695,1.85798916846839
"6358340","2001-12-03",17.146647275138,0.25227963525836,0.186423505572443,0.157222919469497,13.0527953126197,11.7137880207136,12.3832916666667,0.508121688407331,55.7112416847932,12.075,12.2869941208195,1.53386457501268,1.79316424977725
"6358339","2001-12-04",16.069482607994,0.111969111969111,0.22374654289548,0.171197746154147,12.9993887987701,11.8349445345632,12.4171666666667,0.430152660944471,51.954741434341,12.1101,12.2753949047103,1.34526084643605,1.70358356910901
"6358338","2001-12-05",16.3905817670553,0.44987146529563,0.271373404174367,0.227181150880763,12.880489208988,12.082510791012,12.4815,0.828120820607455,59.8394252585295,12.1643,12.3140089174156,1.41894254792014,1.64665536487124
"6358337","2001-12-06",18.6268433157683,0.403916768665851,0.321919115310197,0.272346354126681,13.0188415063236,12.0937418270097,12.5562916666667,1.3669786452218,66.1842090031154,12.2373,12.3991410617602,1.70918845664059,1.65916198322511
"6358336","2001-12-07",21.3244484177373,0.677788369876072,0.510525534612518,0.367939351365694,13.4839892426239,11.7868440907094,12.6354166666667,1.41403495938467,76.156013137755,12.344,12.5999222535255,2.51839215947365,1.83100801847481
"6358335","2001-12-10",23.8293674409941,0.756911344137274,0.612872160893066,0.481772270271927,13.798503459498,11.614496540502,12.7065,1.18955825501338,77.6988474785042,12.4568,12.8015992863887,3.23697968497325,2.1122023517745
"6358334","2001-12-11",25.3379347966918,0.666348903717827,0.700349539243724,0.607915744916436,13.9974824861271,11.5426008472062,12.7700416666667,0.997630916550823,71.9595460524859,12.5478,12.9447193815369,3.60206187506387,2.41017425643237
"6358333","2001-12-12",26.3264315200973,0.618684461391802,0.680648236415634,0.664623312184141,14.160729175656,11.5051874910107,12.8329583333333,0.916879792574046,69.0678574459619,12.646,13.0520901306653,3.76276537916933,2.68069248097977
"6358332","2001-12-13",26.954575213634,0.585319351763584,0.623450905624404,0.66814956042792,14.2856286381175,11.5107046952158,12.8981666666667,0.835204382464633,67.0370864000709,12.732,13.1334781132433,3.78795019625315,2.90214402403444
"6358331","2001-12-14",27.4097434899025,0.571020019065777,0.591674610740388,0.631924584260141,14.3774844947279,11.5446821719387,12.9610833333333,0.767903150375643,66.1395458365198,12.783,13.1990143648108,3.73888176762138,3.06949157275183
"6358330","2001-12-17",28.4105706194224,0.638703527168732,0.598347632666031,0.60449104967694,14.4947393379823,11.5825106620176,13.038625,0.816095255246993,68.3028190229108,12.8259,13.2794791161694,3.7618930423859,3.20797186667865
"6358329","2001-12-18",29.5307477681453,0.658722592945663,0.622815379726724,0.604279207711047,14.6081202280203,11.6321297719797,13.120125,0.808538735891977,68.9349916576285,12.8756,13.3562152340135,3.76523991492785,3.31942547632849
"6358328","2001-12-19",30.9127039061932,0.796078431372549,0.697834850495648,0.639665954296134,14.7671838508004,11.6623161491995,13.21475,0.872882232438781,73.0669607518902,12.9429,13.4727198694783,3.94351897663221,3.44424417638923
"6358327","2001-12-20",30.6955439221656,0.619607843137255,0.691469622485156,0.670706617569175,14.8385942895703,11.7386557104297,13.288625,0.72222214486294,62.3496559840388,12.9979,13.5136905535479,3.76884834931235,3.50916501097386
"6358326","2001-12-21",30.4938953655685,0.620588235294118,0.678758169934641,0.689354214305148,14.8974881820778,11.8117618179222,13.354625,0.68970411855045,62.382667442541,13.0532,13.5495318130749,3.58955093464182,3.52524219570745
"6358325","2001-12-24",30.3066502772998,0.668192219679634,0.636129432703669,0.668785741707821,14.96117220044,11.8991611328934,13.4301666666667,0.714673728746521,65.5389820383847,13.1199,13.6129275713315,3.54912549274875,3.53001885511571
"6358324","2001-12-26",30.5156382620143,0.639777468706536,0.642852641226763,0.652580081288357,15.0128584884241,12.0258081782426,13.5193333333333,0.730383353210028,66.5062151519153,13.19,13.678203895154,3.52006785146628,3.52802865438582
"6358323","2001-12-27",30.2248872499565,0.302222222222222,0.536730636869464,0.605237570266631,15.0269960669317,12.1820872664016,13.6045416666667,0.677671190457552,63.1211751228483,13.2502,13.7164433758001,3.37549380104123,3.4975216837169
"6358322","2001-12-28",29.9549041673314,0.45278450363196,0.464928064853573,0.548170447649933,14.999728796034,12.403521203966,13.701625,0.687468958499451,64.9049483122959,13.3153,13.7665842590268,3.29658776554431,3.45733490008239
"6358321","2001-12-31",28.5825594239441,0.133171912832929,0.296059546229037,0.432572749317358,14.9417987318237,12.6122846015096,13.7770416666667,0.573888798423728,57.1940989500488,13.3641,13.7660396911565,3.00549612511063,3.36696714508803
"6358320","2002-01-02",27.3403749300575,0.280871670702178,0.288942695722356,0.349976768934988,14.8409293258883,12.8792373407784,13.8600833333333,0.599361504326966,59.5836799979725,13.4214,13.785901065669,2.83138834114041,3.25985138429851
"6358319","2002-01-03",26.4382417858639,0.530266343825665,0.314769975786924,0.299924072579438,14.6577436486319,13.2546730180347,13.9562083333333,0.715331283694113,63.3082693061924,13.4931,13.8374475902465,2.81072720375466,3.17002654818974
"6358318","2002-01-04",26.902217264356,0.49822695035461,0.436454988294151,0.34672255326781,14.5356085776116,13.558808089055,14.0472083333333,1.02838323285717,65.3766472292047,13.5721,13.9027879115469,2.84997047515767,3.10601533358333
"6358317","2002-01-07",27.3330516372415,0.758349705304518,0.595614333161598,0.448946432414224,14.6058258297066,13.6329241702934,14.119375,1.20129561406876,70.0662475954865,13.6761,14.0127495233407,3.07381989277895,3.09957624542245
"6358316","2002-01-08",27.2443256981985,0.654223968565816,0.636933541408315,0.556334287621354,14.6955632286888,13.5954367713112,14.1455,1.01236534026306,66.8368376536306,13.7647,14.0903829202286,3.13479879818366,3.10662075597469
"6358315","2002-01-09",27.684362581276,0.652173913043478,0.688249195637937,0.640265690069283,14.8117765518386,13.544640114828,14.1782083333333,1.04331823568859,68.0919224300881,13.8593,14.1716651975314,3.20323583681408,3.12594377214257
"6358314","2002-01-10",28.0929682584195,0.655652173913044,0.654016685174113,0.659733140740121,14.8889460039727,13.5428039960272,14.215875,0.893067742390391,68.1537299172714,13.9595,14.2427765045273,3.22039840879118,3.14483469947229
"6358313","2002-01-11",27.001499835146,0.365217391304348,0.55768115942029,0.633315680077446,14.9088647022087,13.5734686311246,14.2411666666667,0.653262894131874,58.0434173741287,14.0284,14.248739637257,2.96238138213933,3.1083440360057
"6358312","2002-01-14",25.252748124196,0.0904347826086962,0.370434782608696,0.527377542401032,14.8994545385024,13.603378794831,14.2514166666667,0.331735657118645,50.4222351622565,14.066,14.201241018956,2.50542976908616,2.98776118262179
"6358311","2002-01-15",23.5180470090022,0.147826086956522,0.201159420289855,0.376425120772947,14.8758390493319,13.6669942840015,14.2714166666667,0.374742670846343,51.8444247110261,14.0688,14.1710755497619,2.16527693331239,2.82326433275991
"6358310","2002-01-16",22.0410064429166,0.259130434782609,0.165797101449276,0.245797101449275,14.8731423460796,13.6981076539204,14.285625,0.46400815486652,54.5664841421998,14.0697,14.1662654764603,1.96430795924889,2.65147305805771
"6358309","2002-01-17",21.0564407957791,0.391304347826087,0.266086956521739,0.211014492753623,14.8834378355618,13.7258121644382,14.304625,0.598225476654269,57.6293926124544,14.0877,14.1874300795989,1.8913886229313,2.49945617103243
"6358308","2002-01-18",20.1422012662943,0.412173913043479,0.354202898550725,0.262028985507246,14.8888227671634,13.7268438995032,14.3078333333333,0.610874076043019,58.1095952779966,14.1119,14.2097727356524,1.82923550013312,2.36541203685257
"6358307","2002-01-22",19.4081180969352,0.422562141491396,0.408680134120321,0.342989996397594,14.901082908976,13.7678337576907,14.3344583333333,0.65490121167757,59.5892576946818,14.1432,14.2411363708988,1.80977504079933,2.25428463764192
"6358306","2002-01-23",18.4842312192865,0.370936902485659,0.401890985673512,0.388258006114852,14.8974712235519,13.8211954431148,14.3593333333333,0.572626986584167,57.9363627180015,14.1733,14.2593181881123,1.7356674328699,2.15056119668752
"6358305","2002-01-24",17.7632952497668,0.4282982791587,0.407265774378585,0.405945631390805,14.9064921695104,13.8535911638229,14.3800416666667,0.615514183520594,59.2876437977111,14.1993,14.2850757630306,1.69946824045843,2.0603426054417
"6358304","2002-01-25",17.624842814132,0.449330783938815,0.416188655194392,0.408448471748829,14.9253448010984,13.8716551989016,14.3985,0.669088378869078,59.7976163354747,14.2243,14.3110656612932,1.66669131990969,1.9816123483353
"6358303","2002-01-28",18.4679982690305,0.617590822179732,0.498406628425749,0.440620352666241,14.9794181729963,13.8914151603371,14.4354166666667,0.87951794421731,63.7135856330446,14.2431,14.3629235731208,1.74385416007796,1.93406071068383
"6358302","2002-01-29",18.4656542620397,0.464627151051625,0.510516252390057,0.475037178670066,15.0024307005614,13.9182359661053,14.4603333333333,0.708757085918603,58.1666453558535,14.2719,14.381200430038,1.67263430705047,1.88177542995716
"6358301","2002-01-30",18.4634776841197,0.552894211576847,0.545037394936068,0.517986758583958,14.9967739403391,14.0000593929942,14.4984166666667,0.713116851993908,59.769700004126,14.304,14.4083737060329,1.64460029158431,1.83434040228259
"6358300","2002-01-31",19.2971850227324,0.679078014184397,0.56553312560429,0.540362257643471,15.0462828019303,14.0451338647364,14.5457083333333,0.954602690060954,64.3556373834855,14.337,14.4672572118952,1.74965776702591,1.81740387523125
"6358299","2002-02-01",20.1218417516491,0.794066317626527,0.675346181129257,0.595305567223205,15.131775655065,14.0466410116016,14.5892083333333,0.996827746904559,67.0990702341844,14.3741,14.5422895836425,1.90939185802534,1.83580147179007
"6358298","2002-02-04",19.6334302993027,0.544444444444446,0.672529592085123,0.63780296627289,15.1540527847969,14.0503638818698,14.6022083333333,0.700350841087156,58.4815119356952,14.4039,14.5646509724902,1.83607835557542,1.83585684854714
"6358297","2002-02-05",18.8219069770154,0.397058823529412,0.578523195200128,0.642132989471502,15.1423023146403,14.0506976853597,14.5965,0.583363516019516,56.0005582630977,14.4245,14.5703641761582,1.70142148764987,1.80896977636769
"6358296","2002-02-06",17.9098926235451,0.237500000000001,0.393001089324619,0.548017958869956,15.1385448802503,14.0499551197497,14.59425,0.564226827408812,54.8994217483526,14.4565,14.5693156193371,1.55189171166279,1.75755416342671
"6358295","2002-02-07",17.0180365177286,0,0.211519607843138,0.394347964122628,15.1062106742254,14.0412059924412,14.5737083333333,0.389319735381329,49.1725328245079,14.4725,14.5354068700921,1.28147436313069,1.6623382033675
"6358294","2002-02-08",17.0625145884532,0,0.0791666666666669,0.227895787944807,15.0931988528241,14.0047178138426,14.5489583333333,0.225343554341499,43.0213943291777,14.4656,14.4640192874132,0.881433169739476,1.5061571966419
"6358293","2002-02-11",16.4140413997076,0.439622641509434,0.146540880503145,0.145742385004316,15.1081421330341,14.0157745336326,14.5619583333333,0.631709325760697,54.3848850036984,14.4758,14.4798167157581,0.878972252634203,1.38072020784036
"6358292","2002-02-12",17.0135428720683,0.0528301886792455,0.164150943396226,0.129952830188679,15.0849322440199,14.05956775598,14.57225,0.175156164253307,45.7413475067632,14.4495,14.4251744869903,0.584037174033702,1.22138360107903
"6358291","2002-02-13",17.7010763065389,0.00377358490566097,0.165408805031447,0.158700209643605,15.0844081667589,14.0605084999078,14.5724583333333,0.0621722702134096,44.7694965058696,14.4259,14.3691512220583,0.309645879876874,1.0390360568386
"6358290","2002-02-14",18.5525624781049,0,0.0188679245283021,0.116142557651991,15.1024415103634,14.0254751563032,14.5639583333333,0.044437950034086,43.173724388798,14.3939,14.3065977257839,0.0318979544351894,0.837608436357916
"6358289","2002-02-15",19.4206327596448,0,0.0012578616352203,0.0618448637316558,15.1356894673985,13.9481438659349,14.5419166666667,0.0247200057235382,42.5898473487641,14.3602,14.2473846956793,-0.207991951997077,0.628488358686917
"6358288","2002-02-19",20.3337644431203,0,-2.41415683740106e-17,0.00670859538784024,15.1666069388516,13.8666430611484,14.516625,0.0493785044999755,41.7785525488162,14.3412,14.1894000695888,-0.422575590540819,0.41827556884137
"6358287","2002-02-20",22.7102318975346,0,-2.41415683740106e-17,0.000419287211739521,15.3257215612657,13.573445105401,14.4495833333333,-0.230716127801195,29.7105938536712,14.2984,14.0071467269769,-1.14929088884551,0.104762277303994
"6358286","2002-02-21",24.997446408766,0,-2.41415683740106e-17,-5.86264254735328e-16,15.4755518091638,13.2715315241695,14.3735416666667,-0.161007981604723,29.0488396477964,14.2494,13.83952716338,-1.75669124688497,-0.267528427533798
"6358285","2002-02-22",26.6901791150131,0.0130434782608693,0.0043478260869564,0.00144927536231822,15.5539326220723,13.040400711261,14.2971666666667,-0.0263509861599381,29.7461457480739,14.1952,13.6982568749293,-2.20335441918598,-0.654693625864234
"6358284","2002-02-25",27.4812055664848,0.200908059023837,0.071317179094902,0.0252216683939522,15.5530506815336,12.915615985133,14.2343333333333,0.153324749772516,38.6712887329013,14.1499,13.6308226249388,-2.29171550046399,-0.982098000784185
"6358283","2002-02-26",28.2157301285656,0.238365493757094,0.1507723436806,0.0754791162874856,15.500153518385,12.8186798149483,14.1594166666667,0.198144842655255,40.3047157352795,14.1067,13.5833796082803,-2.287895756833,-1.24325755199395
"6358282","2002-02-27",27.6183407796487,0.283768444948922,0.241013999243284,0.154367840672928,15.4457680034921,12.7584819965079,14.102125,0.291130655535782,42.310407083728,14.0639,13.5555956605096,-2.20071903910251,-1.43474984941566
"6358281","2002-02-28",26.9368077541741,0.392735527809308,0.304956488838441,0.232247610587441,15.3757115709508,12.7288717623825,14.0522916666667,0.372253319258152,46.9198861534372,14.0334,13.5635162391083,-1.9660514377693,-1.54101016708639
"6358280","2002-03-01",25.4312012100177,0.39727582292849,0.35792659856224,0.301299028881321,15.249088110465,12.7487452228683,13.9989166666667,0.473770264207095,47.1095154179513,14.0003,13.5717140738938,-1.75381081566272,-1.58357029680165
"6358279","2002-03-04",24.7390128002006,0.752625437572929,0.514212262770242,0.392365116723641,15.1368122112936,12.8021044553731,13.9694583333333,0.744016978951057,58.7996839137982,13.9956,13.6771521973747,-1.13528991626733,-1.49391422069479
"6358278","2002-03-05",24.302497610956,0.787777777777778,0.645893012759733,0.506010624697404,15.11047866293,12.81427133707,13.962375,0.813252056365275,60.8227931635294,13.9885,13.7898652377247,-0.547640145803363,-1.3046594057165
"6358277","2002-03-06",24.0000561324818,0.820846905537459,0.787083373629389,0.649062883053121,15.1269549631204,12.8067950368796,13.966875,0.849383243297988,62.287357061272,13.9941,13.9032165393614,-0.0166921985199631,-1.0470659642772
"6358276","2002-03-07",23.8558159687559,0.859704641350211,0.82277644155515,0.751917609314756,15.1708571996167,12.78630946705,13.9785833333333,0.885712555650964,64.1015735284915,14.0022,14.0211210007799,0.480019142810106,-0.741648942859736
"6358275","2002-03-08",24.0189175001436,0.851042701092354,0.843864749326675,0.817908188170404,15.2670945040827,12.7462388292506,14.0066666666667,0.900988181681861,65.3783981681303,14.0039,14.1373048673426,0.919125792974884,-0.409493995692812
"6358274","2002-03-11",24.1703689221464,0.855014895729891,0.855254079390818,0.840631756757547,15.3727475099786,12.714919156688,14.0438333333333,0.857246546348427,65.504237665108,13.9988,14.2393308850302,1.25453564177087,-0.0766880682000752
"6358273","2002-03-12",23.4333787469521,0.752730883813307,0.81959616021185,0.839571662976447,15.378196019058,12.713053980942,14.045625,0.761164942322809,59.5063911801281,13.9962,14.2934201003595,1.35694411290745,0.210038368021431
"6358272","2002-03-13",21.7722106895273,0.61105527638191,0.739600351975036,0.804816863859234,15.3973669632633,12.7143830367367,14.055875,0.644723813969828,52.5621384251285,13.9839,14.2942974203116,1.22907296861479,0.413845288140102
"6358271","2002-03-14",20.4566649863497,0.681927710843373,0.68190462367953,0.747033711955471,15.4525340136358,12.7148826530308,14.0837083333333,0.718115793922003,57.3405926791996,13.9857,14.3360577642701,1.28588381655028,0.588252993822138
"6358270","2002-03-15",19.5884577265276,0.658720200752823,0.650567729326035,0.6906909016602,15.5116081649633,12.71972516837,14.1156666666667,0.713774479110194,56.9388567899542,13.9966,14.3695833957007,1.304075228805,0.731417440818711
"6358269","2002-03-18",18.4090646024709,0.488771466314399,0.609806459303532,0.647426270769698,15.5441977325975,12.7376356007358,14.1409166666667,0.621708808600917,51.3675179554736,14.0086,14.3603056096073,1.14387165266141,0.813908283187251
"6358268","2002-03-19",17.4793818063541,0.399394856278366,0.515628841115196,0.592001009914921,15.5816922456684,12.7612244209982,14.1714583333333,0.63125777578286,50.9011110904567,13.9963,14.3489315283263,0.991476499610933,0.849421926471987
"6358267","2002-03-20",16.6161049242456,0.593607305936073,0.493924542842946,0.539786614420557,15.5981568577158,12.8986764756175,14.2484166666667,0.670372294504021,56.4385247484905,14.0175,14.3824073245495,1.04112346495149,0.887762234167887
"6358266","2002-03-21",16.2760617523263,0.226700251889168,0.406567471367869,0.47204028510867,15.552519419901,13.1226472467656,14.3375833333333,0.649150507040469,54.4053340831237,14.0373,14.3980863479429,1.01244714073985,0.912699215482279
"6358265","2002-03-22",16.0899048982119,0.619647355163728,0.479984970996323,0.460158995069045,15.5081634383912,13.3672532282755,14.4377083333333,0.751742614326737,60.3973863547763,14.0769,14.4636748348838,1.19353246045091,0.968865864476005
"6358264","2002-03-25",15.0996358233168,0.365239294710327,0.403862300587741,0.430138247650644,15.4569153135899,13.5630846864101,14.51,0.63508775793446,55.3276514597875,14.1079,14.486851523566,1.18179433872343,1.01145155932549
"6358263","2002-03-26",14.1482605664373,0.269521410579345,0.418136020151133,0.433994430578398,15.3588166213094,13.7910167120239,14.5749166666667,0.546827829388085,53.5078195956604,14.1371,14.4942713204239,1.10671222474332,1.03050369240906
"6358262","2002-03-27",14.006954794952,0.579345088161209,0.404701931150293,0.408900083963055,15.2881784847396,14.0048215152603,14.6465,0.754021295518639,58.2900934710977,14.2182,14.541701811034,1.20396350428207,1.06519565478366
"6358261","2002-03-28",14.7022550292124,0.666030534351145,0.504965677697233,0.442601209666219,15.2701079339942,14.1808087326725,14.7254583333333,1.0213214140899,62.3275253880523,14.3141,14.6224749028961,1.42793000216341,1.13774252425961
"6358260","2002-04-01",14.5135391870038,0.459923664122137,0.56843309554483,0.492700234797451,15.1985188905892,14.3600644427441,14.7792916666667,0.775159054765944,56.9405030949377,14.398,14.6564782491767,1.4386193820757,1.19791789582283
"6358259","2002-04-02",14.3383030478101,0.49618320610687,0.540712468193384,0.538037080478482,15.2167460854847,14.3878372478486,14.8022916666667,0.737511039888872,57.6342456901587,14.4673,14.6922811492864,1.45590790743071,1.2495158981444
"6358258","2002-04-03",13.3656329931828,0.253816793893129,0.403307888040712,0.504151150592974,15.2167798062268,14.3918035271065,14.8042916666667,0.39984560515109,51.6447483270461,14.5206,14.6809769960482,1.28035154259363,1.25568302703425
"6358257","2002-04-04",12.7138235233823,0.181297709923663,0.310432569974554,0.418150975402883,15.216324294698,14.3773423719686,14.7968333333333,0.299161346108824,49.9713646321928,14.5661,14.6585133965751,1.07662865289189,1.21987215220578
"6358256","2002-04-05",12.0949569548849,0.385496183206106,0.273536895674299,0.329092451229854,15.2144461217986,14.3772205448681,14.7958333333333,0.598539751141463,54.4471550066835,14.6127,14.6747116103651,1.05023534728768,1.18594479122216
"6358255","2002-04-08",11.6331950341453,0.188931297709924,0.251908396946564,0.278625954198472,15.187934569263,14.365565430737,14.77675,0.32864548283118,49.826051617955,14.6486,14.6544167289831,0.877533866308866,1.1242626062395
"6358254","2002-04-09",10.8212648253338,0.182027649769585,0.252151710228538,0.2591990009498,15.1662543049236,14.3677456950764,14.767,0.539239819016274,52.7604669819481,14.662,14.6601611651187,0.827484792313626,1.06490704345432
"6358253","2002-04-10",10.3878384545555,0.230414746543779,0.200457898007762,0.234839335060954,15.1757035817675,14.3718797515659,14.7737916666667,0.629018734499728,53.636509870337,14.6711,14.6721396764362,0.807356915429436,1.01339701784935
"6358252","2002-04-11",9.66157000568714,0.107226107226107,0.173222834513157,0.208610814249818,15.161421082591,14.414828917409,14.788125,0.423262432505302,51.2483619147977,14.6706,14.666187719578,0.715736996105742,0.953865013500626
"6358251","2002-04-12",8.98717787459512,0.13986013986014,0.159166997876675,0.177615910132531,15.1621573323161,14.4211760010173,14.7916666666667,0.446017533356902,51.9072280224152,14.6656,14.6656960236343,0.654850085767023,0.894062027953905
"6358250","2002-04-15",8.84609851010758,0,0.0823620823620823,0.138250638250637,15.1624248436255,14.4159084897078,14.7891666666667,0.330322984885849,48.621679286462,14.6499,14.6436032204831,0.511229303614158,0.817495483085956
"6358249","2002-04-16",8.69789415239646,0.0460829493087564,0.0619810297229654,0.101170036653907,15.1488164851437,14.4510168481896,14.7999166666667,0.353229120161616,49.6771510491855,14.6358,14.6311227910853,0.420093514726738,0.738015089414112
"6358248","2002-04-17",8.36223548777256,0.232718894009216,0.0929339477726573,0.0790923532859009,15.143940262839,14.486809737161,14.815375,0.553959345895175,53.815286255968,14.6401,14.6473064189406,0.454299571015637,0.681271985734417
"6358247","2002-04-18",8.05055244205037,0.361290322580644,0.213364055299539,0.122759677598386,15.1465910168366,14.4967423164968,14.8216666666667,0.519235246594271,54.3641167910357,14.6593,14.6649988964152,0.490779465028157,0.643173481593165
"6358246","2002-04-19",8.31350242106428,0.185328185328184,0.259779133972681,0.188692379014958,15.1464736724453,14.497359660888,14.8219166666667,0.319882694588325,50.596776655528,14.6598,14.6589990435598,0.426648409996488,0.59986846727383
"6358245","2002-04-22",9.36927152204036,0,0.182206169302943,0.21844978619172,15.1476275278642,14.4450391388024,14.7963333333333,0.0284104626668031,44.8910208063947,14.6502,14.6174658377519,0.222985306022871,0.524491835023638
"6358244","2002-04-23",10.3496285443753,0.105095541401273,0.0968079089098189,0.179597737395147,15.1578228783307,14.4077604550026,14.7827916666667,0.116309712744059,46.8453760533281,14.6554,14.5924703927183,0.105663370938114,0.440726142206533
"6358243","2002-04-24",11.4906140553806,0.00318471337579554,0.0360934182590228,0.105035832157261,15.1763781675789,14.3652051657544,14.7707916666667,0.0531676565688114,45.172454585207,14.6584,14.5601410070225,-0.0314286144077136,0.346295190883684
"6358242","2002-04-25",12.3628156092062,0.0987261146496822,0.0690021231422503,0.0673011501036966,15.160245985758,14.3311706809086,14.7457083333333,0.168455931093098,47.0804652671239,14.6514,14.5421222060862,-0.0975283793341664,0.257530476840114
"6358241","2002-04-26",13.4059319068796,0.00318471337579554,0.0350318471337577,0.0467091295116762,15.0570674576368,14.3462658756965,14.7016666666667,0.0931822972631813,45.3797606802111,14.6454,14.5165059119414,-0.189510775932022,0.168122226285687
"6358240","2002-04-29",15.0143376185512,0,0.0339702760084925,0.046001415428166,15.0384235367759,14.2904097965575,14.6644166666667,-0.0339696922546275,40.5900178080326,14.6147,14.4639717903492,-0.385040349830568,0.0574897110624358
"6358239","2002-04-30",16.2074361258344,0.137837837837837,0.0470075170712109,0.0386698800711529,14.9948462523116,14.2709037476884,14.632875,0.13458193851405,44.1479878696638,14.5992,14.4354422183026,-0.463984621327951,-0.0468051554156415
"6358238","2002-05-01",17.1336294125225,0.137837837837837,0.0918918918918915,0.0576232283238642,14.9914452444025,14.2400547555975,14.61575,0.185139302588753,44.1479878696638,14.5875,14.4107165891956,-0.520778917447273,-0.141599907821968
"6358237","2002-05-02",16.6775742711474,0.354054054054053,0.209909909909909,0.11626977295767,14.9900066424868,14.2385766908465,14.6142916666667,0.479871709975121,49.6352844104155,14.5715,14.4159543773029,-0.448641942172323,-0.203008314692039
"6358236","2002-05-03",16.2540944970134,0.429729729729729,0.307207207207207,0.203003003003002,14.956021311117,14.244728688883,14.600375,0.499472790820152,51.4337690600346,14.5464,14.4298271269958,-0.348272214418188,-0.232061094637269
"6358235","2002-05-06",16.2600937738087,0.316216216216215,0.366666666666666,0.294594594594593,14.9515681071516,14.2382652261817,14.5949166666667,0.404318345234781,48.6286670623017,14.5279,14.4278501767297,-0.323750685019542,-0.250399012713723
"6358234","2002-05-07",18.0541801795084,0,0.248648648648648,0.307507507507506,14.9858156985773,14.1229343014227,14.554375,-0.156955871188405,35.4442014286538,14.4809,14.3374701531657,-0.669995212930985,-0.334318252757176
"6358233","2002-05-08",19.7201175562295,0.0130718954248371,0.109762703880351,0.241692673065221,14.9806271390168,14.0391228609832,14.509875,-0.0548301926901719,35.8665867510201,14.4472,14.2611407994103,-0.927479043001644,-0.452950410806069
"6358232","2002-05-09",19.9894190279228,0.217864923747277,0.0769789397240378,0.145130097417678,14.9588011366022,14.0115321967311,14.4851666666667,0.237666897392598,42.2425110329767,14.4267,14.2263220261556,-0.988223962007551,-0.560005121046366
"6358231","2002-05-10",20.2394846802094,0.22875816993464,0.153231663035584,0.113324435546657,14.9364523675671,13.9702976324329,14.453375,0.150633946725124,42.5695712266461,14.396,14.1978124226682,-1.01793788597646,-0.651591674032385
"6358230","2002-05-13",19.1696664037771,0.435729847494553,0.294117647058823,0.174776083272814,14.9135673986778,13.9652659346556,14.4394166666667,0.440859172466681,48.5328829475218,14.3851,14.2047707663124,-0.896232444382161,-0.70051982810234
"6358229","2002-05-14",18.9223161142355,0.700884955752213,0.455124324393802,0.300824544829402,14.9487144550293,13.9484522116373,14.4485833333333,0.932136675012547,58.1808859601084,14.3868,14.2761346641374,-0.516052136781764,-0.663626289838225
"6358228","2002-05-15",18.6926337025184,0.785840707964602,0.640818503737122,0.463353491729915,14.9664092120192,13.9386741213141,14.4525416666667,0.964573349349932,60.1510151266652,14.3912,14.3539833755858,-0.14672640251866,-0.560246312374312
"6358227","2002-05-16",18.0804463933863,0.706194690265487,0.730973451327434,0.608972093152785,14.9579635574576,13.9427031092091,14.4503333333333,0.834561114098995,57.4199104656039,14.396,14.406452258841,0.0806489495317031,-0.432067259993109
"6358226","2002-05-17",17.8823373091587,0.706194690265487,0.732743362831859,0.701511772632138,14.980257221885,13.9333261114484,14.4567916666667,0.860458292086313,57.4199104656039,14.3994,14.4519252909955,0.257202213577301,-0.294213365279027
"6358225","2002-05-20",17.2337804925582,0.615929203539823,0.676106194690266,0.713274336283185,15.0094052722844,13.9323447277156,14.470875,0.756059576276743,54.186129909892,14.4042,14.4743352521961,0.321913799397122,-0.170987932343797
"6358224","2002-05-21",16.310354382682,0.412389380530973,0.578171091445428,0.662340216322517,15.0065983351874,13.9294016648126,14.468,0.471685764690132,47.6671509800216,14.3955,14.4554238852367,0.210488817167853,-0.0946925824414671
"6358223","2002-05-22",15.3207800078026,0.458407079646018,0.495575221238938,0.583284169124877,15.0102874005923,13.934295932741,14.4722916666667,0.520330086858107,49.1564686473731,14.3813,14.4477007005384,0.156594523930531,-0.0444351611670674
"6358222","2002-05-23",14.5247734793349,0.580530973451328,0.48377581120944,0.519174041297935,15.025638754677,13.937611245323,14.481625,0.661645729072072,52.9807438977158,14.3729,14.4640072738,0.207744535805254,0.00600077822739692
"6358221","2002-05-24",14.6484687135071,0.67787610619469,0.572271386430679,0.517207472959685,15.0692373623917,13.937679304275,14.5034583333333,0.805515329817636,55.8325132996852,14.3764,14.4964729706266,0.321044148665894,0.0690094523150964
"6358220","2002-05-28",13.9727987373724,0.508050089445438,0.588819056363818,0.548288751334645,15.0831077640817,13.964558902585,14.5238333333333,0.63291030171694,50.2794328676855,14.3815,14.4936099078764,0.278120704227303,0.110831702697538
"6358219","2002-05-29",13.3453909023902,0.552688172043011,0.579538122561046,0.580209521785181,15.109112298854,13.979387701146,14.54425,0.705728606014406,53.8412937364382,14.39,14.5134619201596,0.333411449548993,0.155347652067829
"6358218","2002-05-30",12.7627979127639,0.652173913043478,0.570970724843975,0.579775967922946,15.1356494407745,13.9951838925589,14.5654166666667,0.70788294193041,56.2588795530561,14.4065,14.5466669974716,0.438611415823642,0.212000404818991
"6358217","2002-05-31",11.9234655661828,0.427397260273973,0.544086448453487,0.564865098619503,15.1452875514069,13.9973791152598,14.5713333333333,0.627333036385083,53.1958875928375,14.4151,14.5591113978087,0.44868987336999,0.259338298529191
"6358216","2002-06-03",11.7088547301959,0.168674698795181,0.416081957370877,0.51037971022278,15.1445635403421,13.9968531263245,14.5707083333333,0.514630577941598,49.2476464926384,14.42,14.5475632114342,0.359694326588755,0.279409504141104
"6358215","2002-06-04",12.4645420532946,0,0.198690653023051,0.386286352949138,15.1468398545754,13.967993478758,14.5574166666667,0.248412227905702,42.4599857358268,14.4206,14.4928881165763,0.101773849159459,0.243882373144775
"6358214","2002-06-05",12.9945194692206,0.0502512562814077,0.0729753183588629,0.229249309584263,15.1155264602018,14.0313902064649,14.5734583333333,0.255450480429796,43.7070772563294,14.4181,14.4521697010328,-0.0745555419920496,0.18019479011741
"6358213","2002-06-06",13.4866413554376,0.113065326633166,0.0544388609715246,0.108701610784479,15.0754520151624,14.1071313181709,14.5912916666667,0.244790129171275,45.3029096687938,14.4181,14.4252137408951,-0.177677538166154,0.108620324460697
"6358212","2002-06-07",14.2625120777679,0.00251256281407163,0.0552763819095484,0.0608968537466448,15.0737418428977,14.110674823769,14.5922083333333,0.149859950932154,42.9928304517994,14.4057,14.3871852421091,-0.317636048898562,0.0233690497888453
"6358211","2002-06-10",14.0214760089129,0.238693467336684,0.118090452261307,0.0759352317141262,15.0435847831817,14.177831883485,14.6107083333333,0.355761384058042,48.9785138468125,14.3999,14.3855605431612,-0.293515121853161,-0.0400077845395559
"6358210","2002-06-11",13.5077971913678,0.253768844221107,0.164991624790621,0.112786152987158,15.0400354125112,14.1950479208221,14.6175416666667,0.384564366187628,49.3441272811056,14.3989,14.3861524707397,-0.26295036332411,-0.0845963002964668
"6358209","2002-06-12",13.4858019461,0.118090452261308,0.203517587939699,0.162199888330542,15.0111817985818,14.1700682014182,14.590625,0.205004174422159,46.1395580130221,14.4191,14.3686654746411,-0.310942418240545,-0.129865523885282
"6358208","2002-06-13",13.0646676124116,0.391959798994975,0.25460636515913,0.207705192629816,14.9697924626752,14.1846242039915,14.5772083333333,0.607567177352435,52.8025615184502,14.4496,14.3898434113556,-0.193775327141188,-0.142647484536464
"6358207","2002-06-14",12.6552346005655,0.413978494623657,0.30800958195998,0.255377845019602,14.9481353572105,14.1871146427895,14.567625,0.540351507851796,52.6738009255159,14.4705,14.4075309565082,-0.102635136275586,-0.134645014884288
"6358206","2002-06-17",13.8724010478212,0.447154471544716,0.417697588387782,0.326771178502297,14.9647324474972,14.1785175525028,14.571625,0.935684529570111,56.4480791721057,14.4975,14.4448601623071,0.0610491010129222,-0.095506191704846
"6358205","2002-06-18",15.2678756509736,0.78348623853211,0.548206401566828,0.424637857304863,15.1018388539549,14.0970778127118,14.5994583333333,1.20053970158828,65.6900311039318,14.5357,14.5462121406662,0.472521231543954,0.018099292944914
"6358204","2002-06-19",17.165628646232,0.74264705882353,0.657762589633452,0.54122219319602,15.2982886985642,14.0114613014358,14.654875,1.19236817254715,68.4102942198711,14.5621,14.6600505219107,0.892885248487341,0.193056484053399
"6358203","2002-06-20",18.9278278561147,0.801470588235294,0.775867961863644,0.660612317687974,15.469799576571,13.950950423429,14.710375,1.08846638246974,69.7354732292456,14.5877,14.7720437856559,1.2625176013928,0.406948707521279
"6358202","2002-06-21",20.9118204310207,0.794429708222811,0.779515785093878,0.737715445530324,15.6522830896913,13.8791335769754,14.7657083333333,1.06309878336432,71.4751583958441,14.6232,14.8871046142351,1.60649086317399,0.646857138651822
"6358201","2002-06-24",22.903221053289,0.872313527180784,0.822737941212963,0.792707229390161,15.8466890667186,13.7947275999481,14.8207083333333,1.04994128866823,74.1965628085398,14.6679,15.0174906656704,1.97590075167162,0.912665861255782
"6358200","2002-06-25",22.9496951893253,0.606714628297361,0.757819287900319,0.786691004735719,15.9596828943473,13.7823171056527,14.871,0.870784430216177,61.5490319218608,14.6993,15.0691585769144,1.99592606727861,1.12931790246035
"6358199","2002-06-26",22.2542730683786,0.496402877697842,0.658477011058662,0.746344746723981,16.0155877237238,13.7900789429428,14.9028333333333,0.729385749635573,56.3746278771433,14.733,15.0832707666591,1.86681048600978,1.27681641917023
"6358198","2002-06-27",22.8044231558368,0.721603563474387,0.608240356489863,0.674845551816281,16.1910153871697,13.7427346128303,14.966875,0.956017277525929,65.7986661708669,14.7921,15.1888346644379,2.11204967678009,1.44386307069221
"6358197","2002-06-28",23.9801689477932,0.743970315398888,0.653992252190372,0.640236539912965,16.4406521577069,13.6703478422931,15.0555,1.01781314854782,69.6783639889618,14.8597,15.3316567091795,2.47681992781912,1.65045444211759
"6358196","2002-07-01",25.071932897467,0.833024118738405,0.766199332537226,0.67614398040582,16.6820919154242,13.6324914179091,15.1572916666667,0.980732367358029,71.8240612513003,14.9314,15.4874358146223,2.85191980418289,1.89074751453065
"6358195","2002-07-02",24.2743743548802,0.537993920972644,0.704996118369979,0.708395901032525,16.7905635880295,13.7209364119705,15.25575,0.817383820288823,59.5360257863441,14.9864,15.535777706006,2.77523685340482,2.06764538230548
"6358194","2002-07-03",22.7567319087501,0.396149949341439,0.589055996350829,0.686750482419344,16.8040223296372,13.8433110036962,15.3236666666667,0.61585053800913,54.1625986768909,15.0207,15.5310073452052,2.50378829477975,2.15487396480034
"6358193","2002-07-05",21.6492487610514,0.39413680781759,0.442760226043891,0.578937446921566,16.8171103693289,13.9739729640044,15.3955416666667,0.635809475573313,55.3408084544007,15.054,15.5395396991778,2.31135822781581,2.18617081740343
"6358192","2002-07-08",20.8530657685397,0.34435261707989,0.378213124746306,0.470009782380342,16.8204933777631,14.1409232889035,15.4807083333333,0.678246876984384,57.8580899827937,15.1004,15.5742677392874,2.23907563726482,2.19675178137571
"6358191","2002-07-09",19.3961370151673,0.151515151515151,0.296668192137544,0.372547180975913,16.8001391382763,14.2785275283904,15.5393333333333,0.547192041602862,52.4248714545732,15.1395,15.5576987073824,1.97759818324572,2.15292106174971
"6358190","2002-07-10",19.3602744306982,0,0.165289256198347,0.280056857694065,16.7615236319539,14.3671430347128,15.5643333333333,0.272662151555791,43.1387642625039,15.1622,15.4440055463981,1.36708081744685,1.99575301288914
"6358189","2002-07-11",20.3542312034023,0,0.0505050505050501,0.17082083294698,16.7904807424244,14.320602590909,15.5555416666667,-0.0623253111283398,35.76655406677,15.1507,15.2381381402117,0.450738258587324,1.68675006202878
"6358188","2002-07-12",21.2210683685693,0.051779935275081,0.0172599784250268,0.077684761709474,16.8359182559715,14.2371650773619,15.5365416666667,0.0171242077435718,38.0332713906287,15.1431,15.0810530548501,-0.196262129718661,1.31014762367929
"6358187","2002-07-15",22.4092646799592,0,0.0172599784250268,0.0283416691183673,16.9146328682662,14.0982837984005,15.5064583333333,-0.0360811565658198,35.1913280399407,15.1263,14.8995793142035,-0.888675068090716,0.870383085325288
"6358186","2002-07-16",23.2238348836131,0.148318042813456,0.066699326029512,0.0337397609598546,16.9527228532854,14.0047771467146,15.47875,0.120498438113566,41.8646148860241,15.1195,14.8069687389763,-1.16606449239419,0.463093569781392
"6358185","2002-07-17",22.7429865945945,0.284403669724771,0.144240570846075,0.0760666251002041,16.9540552424272,13.9576114242395,15.4558333333333,0.296147243066692,47.2333182764767,15.1299,14.7860395737795,-1.13097141807262,0.144280572210589
"6358184","2002-07-18",22.1950863753122,0.330275229357798,0.254332313965341,0.155090736946976,16.9393961396088,13.9138538603912,15.426625,0.346322315002132,48.9448476803663,15.1517,14.7879009639422,-1.00954116165262,-0.086483774562052
"6358183","2002-07-19",22.7552993224393,0.0810397553516816,0.23190621814475,0.210159700985388,16.9501125838287,13.7708874161713,15.3605,0.160661552283744,41.137349070536,15.13,14.6808475020833,-1.34515527715419,-0.338218075080479
"6358182","2002-07-22",23.9192119689093,0,0.13710499490316,0.207781175671083,16.9791428278791,13.5442738387876,15.2617083333333,0.0710535089753976,36.2812456873888,15.0831,14.5034011684722,-1.94524711930838,-0.659623883926059
"6358181","2002-07-23",25.0976118142369,0,0.0270132517838937,0.132008154943934,16.9961205010772,13.2757128322562,15.1359166666667,0.0423664595678887,35.534282110983,15.0254,14.3356143460092,-2.46054286129915,-1.01980767940068
"6358180","2002-07-24",26.8356674186426,0,-2.12792746386488e-16,0.0547060822290172,17.0769743274863,12.9166923391804,14.9968333333333,-0.00481353729627647,30.5369325212125,14.916,14.0868657665413,-3.28372888309019,-1.47259192013858
"6358179","2002-07-25",27.9166543208461,0.156373193166885,0.0521243977222949,0.0263792165020623,17.0803603821796,12.7096396178204,14.895,0.152612597511484,37.7725281730556,14.8226,13.9506169976691,-3.56688047088661,-1.89144963028819
"6358178","2002-07-26",28.8878174300836,0.285714285714286,0.14736249296039,0.0664956302275611,16.9503119549459,12.5985213783875,14.7744166666667,0.24659855969629,42.4891102118329,14.7426,13.8905347313133,-3.50308381891444,-2.21377646801344
"6358177","2002-07-29",28.4794572678206,0.427672955974843,0.289920144952004,0.163135678544896,16.6993268834747,12.6111731165253,14.65525,0.365811472707227,45.8427121313052,14.6704,13.8824634338048,-3.22417553489478,-2.41585628138971
"6358176","2002-07-30",27.8595231295426,0.605683836589698,0.439690359426275,0.292324332446223,16.3784053683512,12.7077612983154,14.5430833333333,0.455570921554443,49.1792231298092,14.6028,13.9214683092975,-2.7703720891754,-2.48675944294685
"6358175","2002-07-31",27.2838700011416,0.650088809946714,0.561148534170418,0.430253012849565,16.1184591966288,12.7902074700379,14.4543333333333,0.500200305361922,50.3722114129748,14.5586,13.9719392013912,-2.31159715270843,-2.45172698489916
"6358174","2002-08-01",27.0912288805772,0.55772646536412,0.604499703966844,0.535112865854512,15.9537255290502,12.8151078042831,14.3844166666667,0.46301450399094,47.8558229466319,14.5132,13.981013974539,-2.07426970939462,-2.37623552979825
"6358173","2002-08-02",27.658069416304,0.326820603907638,0.511545293072824,0.559064510403361,15.7400961041608,12.8124038958392,14.27625,0.275278062087048,42.1824289561015,14.4138,13.9022121112672,-2.23687357554098,-2.3483631389468
"6358172","2002-08-05",28.4878578317034,0.218472468916519,0.367673179396092,0.494572725478586,15.4455925818924,12.8415740847743,14.1435833333333,0.177965677178791,39.798226967228,14.2868,13.7932504964315,-2.51760916121202,-2.38221234339984
"6358171","2002-08-06",28.2288883579452,0.170515097690941,0.238602723505032,0.372607065324649,15.1701910818237,12.8893089181763,14.02975,0.215862860579786,38.7541130689565,14.1448,13.6808170969073,-2.79203360754823,-2.46417659622952
"6358170","2002-08-07",27.9884167037412,0.199584199584199,0.196190588730553,0.267488830543892,15.0281721965473,12.863161136786,13.9456666666667,0.219477953428891,38.7541130689565,14.0288,13.5833748173197,-2.97996104736041,-2.5673334864557
"6358169","2002-08-08",27.8786135601732,0.168103448275862,0.179400915183667,0.20473140913975,15.0321789225767,12.7498210774233,13.891,0.141744756019315,37.9836376037685,13.9232,13.4869248416771,-3.15039110769542,-2.68394501070364
"6358168","2002-08-09",27.7766534982887,0.269396551724138,0.212361399861399,0.195984301258539,14.9994891952654,12.6773441380679,13.8384166666667,0.237993686147693,41.2671031942922,13.8232,13.4346681961201,-3.11184838855608,-2.76952568627413
"6358167","2002-08-12",28.0605689242131,0.146551724137931,0.194683908045977,0.195482074363681,15.0047402577753,12.5697597422247,13.78725,0.165739967334967,38.5980730121261,13.7036,13.3513791033041,-3.21802455366442,-2.85922545975219
"6358166","2002-08-13",28.5398922994544,0,0.138649425287356,0.181898244398244,14.9741716524118,12.4391616809215,13.7066666666667,0.121960724371463,37.0584122095003,13.5912,13.2565285561969,-3.37009836172959,-2.96140004014767
"6358165","2002-08-14",27.7195139583173,0,0.0488505747126435,0.127394636015325,14.8140440979025,12.3982892354308,13.6061666666667,0.180776109096747,35.7921855698117,13.503,13.1556580820373,-3.53984548940471,-3.07708912999908
"6358164","2002-08-15",26.2550266814038,0.403930131004367,0.134643377001456,0.107381125667151,14.572050256305,12.500949743695,13.5365,0.515370250328034,48.3495181424509,13.484,13.1915703377657,-3.07386744045641,-3.07644479209055
"6358163","2002-08-16",24.7494374977669,0.491266375545852,0.298398835516739,0.160630929076946,14.491329301295,12.526170698705,13.50875,0.610890116644767,50.5991768700817,13.4666,13.2493609593969,-2.55288599203788,-2.97173303208001
"6358162","2002-08-19",23.5067731892927,0.560706401766004,0.485300969438741,0.306114393985645,14.5164617569719,12.5210382430281,13.51875,0.735330159262898,52.2238865594151,13.4686,13.318779498144,-2.02888208043129,-2.78316284175027
"6358161","2002-08-20",22.1875939601781,0.532584269662922,0.528185682324926,0.437295162426801,14.551658948041,12.531841051959,13.54175,0.674066847320901,51.1616488265017,13.4478,13.3676088983915,-1.6465263179064,-2.5558355369815
"6358160","2002-08-21",20.9626418188574,0.680519480519481,0.591270050649468,0.534918900804378,14.576577882531,12.6145887841357,13.5955833333333,0.692534199251643,52.6857719921727,13.4142,13.4265943786059,-1.25416643684487,-2.29550171695417
"6358159","2002-08-22",20.1571899227418,0.716455696202531,0.643186482128311,0.587547405034234,14.6311997437265,12.6324669229401,13.6318333333333,0.735065601788873,53.9848169868125,13.3788,13.4917151281251,-0.870968921243565,-2.01059515781205
"6358158","2002-08-23",18.830124927755,0.582278481012659,0.65975121924489,0.631402584007556,14.6507335842617,12.6370997490716,13.6439166666667,0.633796255286522,50.2360441281597,13.3654,13.5128197777085,-0.717649931007802,-1.7520061124512
"6358157","2002-08-26",17.490483446145,0.556962025316456,0.618565400843882,0.64050103407236,14.6112789411213,12.6400543922121,13.6256666666667,0.558846669733386,49.537077107167,13.3754,13.5244438073473,-0.618823282761627,-1.52536954651329
"6358156","2002-08-27",16.2692071169606,0.574683544303797,0.571308016877637,0.616541545655469,14.5213431211059,12.6688235455608,13.5950833333333,0.593521278958158,50.060876380889,13.391,13.5391846330343,-0.513733680508099,-1.32304237331225
"6358155","2002-08-28",15.5059565852174,0.481012658227848,0.537552742616033,0.575808720112517,14.3879397868728,12.7118935464605,13.5499166666667,0.501044123937517,47.2680220354233,13.4302,13.5272933486298,-0.534439379650264,-1.16532177457985
"6358154","2002-08-29",16.1137809356429,0.126582278481013,0.394092827004219,0.500984528832629,14.2860837338068,12.6907495995265,13.4884166666667,0.217875193878197,38.51282031215,13.4176,13.4236542354791,-0.959057368850713,-1.12406889343402
"6358153","2002-08-30",16.6781892610379,0.316455696202532,0.30801687763713,0.41322081575246,14.2718764010045,12.6671235989955,13.4695,0.356987319347443,44.4490182933367,13.4026,13.3838336707486,-1.06039149036599,-1.11133341282042
"6358152","2002-09-03",17.6232956148258,0.184810126582279,0.209282700421941,0.303797468354429,14.2770802011318,12.6364197988682,13.45675,0.252081540190262,41.4603126725156,13.364,13.3146558479821,-1.28402758015728,-1.14587224628779
"6358151","2002-09-04",19.0263945360981,0,0.167088607594936,0.228129395218002,14.3010188425837,12.5496478240829,13.4253333333333,0.116300605125204,37.6345990273938,13.297,13.2060350682512,-1.66674204772077,-1.25004620657438
"6358150","2002-09-05",20.3292721058509,0.113924050632911,0.0995780590717297,0.158649789029535,14.3093299485326,12.4956700514674,13.4025,0.212827452282449,41.2343914764116,13.234,13.141897059151,-1.81491928124756,-1.36302082150902
"6358149","2002-09-06",21.2687939805058,0.10126582278481,0.0717299578059067,0.11279887482419,14.3166449266261,12.4703550733739,13.3935,0.229096346499644,40.9515479526465,13.1804,13.0829774512642,-1.92731824261477,-1.47588030573017
"6358148","2002-09-09",20.921482706855,0.212658227848101,0.142616033755274,0.104641350210969,14.3161710952875,12.4658289047125,13.391,0.385967038380926,44.5557608238926,13.1616,13.061247124429,-1.86021891578688,-1.55274802774151
"6358147","2002-09-10",20.5582686255465,0.40253164556962,0.238818565400843,0.151054852320674,14.3192398422066,12.5089268244601,13.4140833333333,0.51155417127404,50.1421216093318,13.17,13.0924141745051,-1.55758272500681,-1.55371496719457
"6358146","2002-09-11",19.4675552503984,0.49113924050633,0.368776371308017,0.250070323488044,14.3153951580122,12.6026048419878,13.459,0.609567799929109,52.5450747934483,13.1908,13.1427589512378,-1.1964079571841,-1.48225356519248
"6358145","2002-09-12",18.8286096249807,0.412371134020619,0.435347340032189,0.347647425580349,14.2964977812147,12.6815022187853,13.489,0.46656337561772,50.0228958180232,13.2048,13.1637244244061,-1.00315853067747,-1.38643455828948
"6358144","2002-09-13",18.8058639719807,0.338762214983713,0.41409086317022,0.406071524836808,14.2870614971254,12.6524385028746,13.46975,0.324781207854018,46.098069706394,13.2112,13.1445611678186,-1.01001582848539,-1.31115081232866
"6358143","2002-09-16",18.6700582944663,0.44299674267101,0.39804336389178,0.415827189031396,14.2600903504865,12.6370763161801,13.4485833333333,0.410506011081984,48.5807672665294,13.2146,13.1492863454428,-0.906937412095954,-1.23030813228212
"6358142","2002-09-17",19.2159073325117,0.22,0.333919652551574,0.382017959871191,14.1892838343561,12.6197161656439,13.4045,0.310244987030282,43.8254585843962,13.2154,13.1067148327171,-1.02849279442456,-1.18994506471061
"6358141","2002-09-18",19.7227671535539,0.316666666666666,0.326554469779225,0.352839162074192,14.1258670872156,12.6126329127844,13.36925,0.380443708103099,46.1760365468272,13.2288,13.0891528550215,-1.02430594094486,-1.15681723995746
"6358140","2002-09-19",19.0547982493014,0.336666666666667,0.291111111111111,0.317195077813969,14.0414372432283,12.633396090105,13.3374166666667,0.49946734511393,46.6732219901541,13.249,13.0779324743519,-0.99122754090214,-1.12369930014639
"6358139","2002-09-20",18.4345414096384,0.56,0.404444444444444,0.340703341778259,13.931464559404,12.6892021072627,13.3103333333333,0.700977391078934,52.0047226940756,13.2456,13.112874811105,-0.749939374990272,-1.04894731511517
"6358138","2002-09-23",17.8585886299513,0.706666666666667,0.534444444444444,0.409999999999999,13.8740945329073,12.7189054670927,13.2965,0.794468392000207,55.1742482998217,13.243,13.1724915029577,-0.419246461556988,-0.923007144403533
"6358137","2002-09-24",17.6235737222827,0.569230769230769,0.611965811965812,0.516951566951566,13.8402689664471,12.7333977002196,13.2868333333333,0.736251502752682,53.1138700589811,13.2298,13.2081593025633,-0.228628272184195,-0.784131369959666
"6358136","2002-09-25",16.8263408772355,0.4375,0.571132478632479,0.572514245014244,13.8256501905698,12.7411831427635,13.2834166666667,0.884136460555445,52.4112852296132,13.2184,13.2337380622215,-0.101062970714083,-0.647517690110549
"6358135","2002-09-26",17.0386061502452,0.643229166666666,0.549986645299145,0.577694978632478,14.0119558714931,12.6290441285069,13.3205,1.20346740366287,61.52364879374,13.2286,13.3445729872587,0.398206100252496,-0.43837293203794
"6358134","2002-09-27",17.3223368994336,0.727735368956743,0.60282151187447,0.57464687860203,14.22266458041,12.55833541959,13.3905,1.12958299235538,63.7175702494058,13.2424,13.4666299222909,0.89658199151712,-0.171381947326928
"6358133","2002-09-30",16.3511479428637,0.366412213740458,0.579125583121289,0.577311246764967,14.263083711076,12.5717496222573,13.4174166666667,0.713391706022293,52.0746488416785,13.2384,13.4777459326521,0.854625264312725,0.0338194950010025
"6358132","2002-10-01",15.2776786792866,0.33587786259542,0.476675148430874,0.55287408114221,14.2977268396371,12.6114398270296,13.4545833333333,0.700885138453499,51.2228364218945,13.234,13.4793798082985,0.776536821676332,0.182362960336069
"6358131","2002-10-02",14.2808857916792,0.368956743002544,0.357082273112807,0.470961001554989,14.2981844471122,12.7159822195544,13.5070833333333,0.687239023457372,52.1362575656709,13.2308,13.4894625005253,0.744906478750229,0.294871664018901
"6358130","2002-10-03",13.2880620793246,0.34351145038168,0.349448685326548,0.394402035623409,14.2920214646196,12.807645202047,13.5498333333333,0.625866559607694,51.3398227906646,13.233,13.491534167122,0.682078008298892,0.372312932874899
"6358129","2002-10-04",12.6811627708576,0.442748091603053,0.385072094995759,0.363867684478371,14.2946036332085,12.9073963667915,13.601,0.727555516979095,54.2735970292028,13.271,13.5193296115057,0.740114828983041,0.445873312096527
"6358128","2002-10-07",12.1176134129954,0.453296703296704,0.413185415093812,0.382568731805372,14.3240921889033,12.95724114443,13.6406666666667,0.74338179936414,55.7470796326333,13.298,13.5567523299716,0.835661489334272,0.523830947544076
"6358127","2002-10-08",11.3715462382884,0.351955307262569,0.416000034054109,0.404752514714559,14.340931551463,12.979068448537,13.66,0.618709924895775,52.7279123425559,13.3288,13.5671853526421,0.803693059595756,0.579803369954412
"6358126","2002-10-09",10.6388789481593,0.326460481099656,0.377237497219643,0.40214098212252,14.369619673083,12.9822136602503,13.6759166666667,0.708362462508792,55.5557463811604,13.3814,13.6002273056231,0.874980248064716,0.638838745576473
"6358125","2002-10-10",11.2388421587404,0.444444444444444,0.37428674426889,0.389174758514213,14.4492398907183,12.9867601092817,13.718,0.881999583008151,58.5937029983906,13.4332,13.6561969982067,1.04015270644509,0.719101537750195
"6358124","2002-10-11",12.3324068842362,0.720720720720721,0.49720854875494,0.41624426341449,14.6138412655541,12.9793254011126,13.7965833333333,1.08636118958327,65.7308970195584,13.5092,13.7820373984458,1.49259690515919,0.873800611231995
"6358123","2002-10-14",12.7642379222551,0.606606606606607,0.59059059059059,0.487361961204806,14.7126626735678,13.0083373264322,13.8605,0.923139084259182,61.9629606392089,13.5688,13.8657657453197,1.7161466905403,1.04226982709366
"6358122","2002-10-15",14.8331350690298,0.590909090909091,0.639412139412139,0.575737092919222,14.9691546225951,12.9741787107383,13.9716666666667,1.18087705984835,67.9505674523731,13.6364,14.0149969792771,2.196472694813,1.27311040063752
"6358121","2002-10-16",14.9323689011329,0.282608695652174,0.493374797722624,0.57445917590845,14.9816080619485,13.0857252713848,14.0336666666667,0.708170393566012,55.2460246163772,13.6658,14.0403307153735,2.1007715599265,1.43864263249532
"6358120","2002-10-17",15.1907574145043,0.399209486166008,0.424242424242424,0.519009787125728,15.0290461057809,13.1709538942191,14.1,0.803178351336949,58.4129387124612,13.7138,14.1016199533237,2.16816950079033,1.58454800615432
"6358119","2002-10-18",15.9162193627876,0.436758893280633,0.372859025032938,0.430158748999328,15.1122416168215,13.2160917165118,14.1641666666667,0.858181948882705,59.409077517301,13.7768,14.1674039595472,2.24819105227863,1.71727661537918
"6358118","2002-10-21",16.8749923834197,0.504970178926441,0.446979519457694,0.414693656244351,15.2220159016773,13.246317431656,14.2341666666667,0.906185464116575,61.3005498943504,13.8406,14.2484167649409,2.38418060070427,1.8506574124442
"6358117","2002-10-22",17.8688024883527,0.614314115308151,0.518681062505075,0.446173202331901,15.3476554152886,13.2905112513781,14.3190833333333,0.950908278382422,64.0562935294619,13.9294,14.3552945296154,2.6136757904327,2.0032610880419
"6358116","2002-10-23",18.2110511964117,0.49266247379455,0.537315589343047,0.500992057101938,15.4050579488625,13.3587753844708,14.3819166666667,0.780875188012399,60.0381577530215,14.0028,14.4159219256667,2.62764463370719,2.12813779717496
"6358115","2002-10-24",18.7221141140672,0.542976939203354,0.549984509435351,0.535327053761157,15.4873289396454,13.3551710603546,14.42125,0.808959297244485,61.3438362221887,14.0798,14.4844656689112,2.67309847218937,2.23712993217784
"6358114","2002-10-25",18.7880150412959,0.473794549266248,0.50314465408805,0.530148250955482,15.531813462831,13.357686537169,14.44475,0.71322735478848,58.5129021090952,14.1368,14.5218702463897,2.58618591260562,2.3069411282634
"6358113","2002-10-28",19.3272124209258,0.310657596371882,0.442476361613828,0.498535175045743,15.5519922422137,13.4430077577863,14.4975,0.659239357052224,54.1877022615,14.1744,14.5189542135377,2.34294423714916,2.31414175004055
"6358112","2002-10-29",19.8278957020107,0.2725,0.352317381879377,0.432646132527084,15.5569389732344,13.5373943600989,14.5471666666667,0.618591091497685,55.0650880615336,14.2194,14.5250936517327,2.16139078343514,2.28359155671947
"6358111","2002-10-30",21.0244372318949,0.545454545454546,0.376204047275476,0.390332596922893,15.6366957264303,13.6149709402363,14.6258333333333,0.871382563275007,62.5512286166746,14.2912,14.6144144981683,2.33865559397748,2.29460436417107
"6358110","2002-10-31",22.3808325954409,0.710743801652892,0.509566115702479,0.412695848285777,15.7378490525518,13.7043176141149,14.7210833333333,0.952701795474069,65.4988584009002,14.3484,14.7318258984125,2.61033225883662,2.35774994310418
"6358109","2002-11-01",22.7792761299891,0.537190082644628,0.597796143250689,0.494522102076214,15.7779199836213,13.809913349712,14.7939166666667,0.794418045489865,60.1456566041226,14.3852,14.7915824452909,2.61985280686452,2.41017051585625
"6358108","2002-11-04",23.3529208869474,0.661849710982659,0.63659453176006,0.581318930237742,15.8303542117252,13.9134791216082,14.8719166666667,0.845049434924994,61.9529311809584,14.4572,14.8660381192521,2.68708076015232,2.46555256471546
"6358107","2002-11-05",22.6511766619649,0.24390243902439,0.480980744217225,0.571790473075991,15.7677351037098,14.1039315629568,14.9358333333333,0.598669501924712,54.1720384943099,14.5116,14.8638997033518,2.4400981097993,2.46046167373223
"6358106","2002-11-06",21.9995570244812,0.313588850174215,0.406447000060421,0.508007425345901,15.6969021334674,14.2882645331993,14.9925833333333,0.576255714490532,55.3790761083539,14.5674,14.8753797429049,2.27241035694155,2.42285141037409
"6358105","2002-11-07",21.6223460009919,0.421602787456446,0.32636469221835,0.404597478831998,15.6710188709696,14.4109811290304,15.041,0.661899912367746,57.2582167415564,14.6314,14.9059957771843,2.1979024786553,2.37786162403034
"6358104","2002-11-08",21.4906287965276,0.56794425087108,0.43437862950058,0.389063440593117,15.7113412500598,14.4376587499402,15.0745,0.77518631995577,59.7324906389293,14.696,14.9605296735597,2.22589352839895,2.34746800490406
"6358103","2002-11-11",20.3714407662629,0.289198606271776,0.426248548199767,0.395663956639565,15.6977001343334,14.506633199,15.1021666666667,0.527566320883673,53.3923413826326,14.7406,14.9544590504184,2.00867463519627,2.2797093309625
"6358102","2002-11-12",19.0800649390367,0.212543554006968,0.356562137049941,0.405729771583429,15.6727888809188,14.4955444524145,15.0841666666667,0.403022121912509,51.7651315588503,14.7874,14.9345311770293,1.75700735531494,2.17516893583299
"6358101","2002-11-13",17.9374471424663,0.205574912891986,0.235772357723577,0.339527680991094,15.6212664444153,14.6014002222513,15.1113333333333,0.363053934299032,51.6111388948021,14.8266,14.915927020092,1.53454465359844,2.04704407938608
"6358100","2002-11-14",17.7702487042142,0.32404181184669,0.247386759581881,0.279907084785132,15.6078779338194,14.6711220661806,15.1395,0.593051636694184,54.1103943053822,14.8644,14.9224700840798,1.43373496968813,1.92438225744649
"6358099","2002-11-15",18.8028407824527,0.576227390180879,0.368614704973185,0.283924607426213,15.7624318363371,14.6275681636629,15.195,1.1682153562519,62.810546349379,14.9076,15.0234740728691,1.71893262003,1.88329232996319
"6358098","2002-11-18",19.7616762836742,0.633431085043988,0.511233429023852,0.375744964526305,15.903517137468,14.582482862532,15.243,1.07051257561293,64.7721527668471,14.9662,15.1370108631532,2.02235324581164,1.91110451313288
"6358097","2002-11-19",20.4410262010633,0.589442815249267,0.599700430158045,0.49318285471836,15.9922996226641,14.5575337106693,15.2749166666667,0.925214544221448,63.3872935682451,14.9988,15.2254094147328,2.19398251887717,1.96768011428174
"6358096","2002-11-20",21.3331023810002,0.589442815249267,0.604105571847507,0.571679810343134,16.0815242807141,14.5668090526193,15.3241666666667,0.907667387603077,63.3872935682451,15.0626,15.3020214927684,2.30095988800263,2.03433606902592
"6358095","2002-11-21",22.5573767342284,0.736070381231672,0.638318670576735,0.614041557527428,16.218343192757,14.5419901405763,15.3801666666667,0.989057679268003,66.1824584597817,15.1246,15.4017519603993,2.48588621794654,2.12464609881004
"6358094","2002-11-22",23.6942029193689,0.736070381231672,0.687194525904204,0.643206256109481,16.3222181455146,14.5657818544854,15.444,0.921876958352868,66.1824584597817,15.1828,15.4881850323461,2.59936374162677,2.21958962737339
"6358093","2002-11-25",24.1052952650636,0.618768328445748,0.696969696969697,0.674160964483545,16.3613405784512,14.6408260882155,15.5010833333333,0.775450552352936,61.8046561345942,15.2258,15.5364270280333,2.55394449971844,2.2864606018424
"6358092","2002-11-26",24.0540756457009,0.536656891495602,0.63049853372434,0.671554252199413,16.3655550218072,14.7464449781928,15.556,0.703198047777864,58.8691451834992,15.2522,15.5595700909622,2.41680556575745,2.31252959462541
"6358091","2002-11-27",23.3867608527146,0.413489736070381,0.52297165200391,0.616813294232648,16.3904122867622,14.7652543799045,15.5778333333333,0.644908995615903,54.6742484445875,15.2798,15.5516274121672,2.17414297092229,2.28485226988478
"6358090","2002-11-29",23.334863496291,0.735751295336787,0.561965974300923,0.571812053343057,16.5005776520316,14.7294223479684,15.615,0.934744484706426,64.0636676052937,15.3312,15.6400770905449,2.32446986737185,2.2927757893822
"6358089","2002-12-02",23.6754976619678,0.773892773892773,0.641044601766647,0.575327409357159,16.6558268051553,14.698506528178,15.6771666666667,0.979992983800715,66.5672167941087,15.3988,15.7487334784723,2.5347032417113,2.34116127984802
"6358088","2002-12-03",23.9918008158105,0.808857808857809,0.772833959362456,0.658614845143341,16.7951154293865,14.6703845706135,15.73275,0.929348496649976,67.3331042365383,15.48,15.8529023480093,2.70468697824298,2.41386641952701
"6358087","2002-12-04",24.1150415962395,0.767088607594936,0.783279730115172,0.732386097081424,16.8947003676884,14.7219662989783,15.8083333333333,0.869733850498452,66.2435979175378,15.5566,15.9365153682747,2.77886196616064,2.48686552885374
"6358086","2002-12-05",24.668849493608,0.6875,0.754482138817582,0.770198609431736,17.003309095188,14.7800242381453,15.8916666666667,0.893561804385187,67.5986624554953,15.6128,16.0249799858381,2.86266577800591,2.56202557868417
"6358085","2002-12-06",25.2496849219801,0.737003058103974,0.73053055523297,0.756097474721907,17.1161448196769,14.8275218469898,15.9718333333333,0.882981386825325,68.7796212180821,15.6612,16.1156493210597,2.94508868946237,2.63863820083981
"6358084","2002-12-09",24.8369872506393,0.571428571428572,0.665310543177515,0.716774412409355,17.1888492973248,14.8798173693419,16.0343333333333,0.777461155431633,62.5802148833272,15.7116,16.1588960782517,2.84331214201878,2.67957298907561
"6358083","2002-12-10",24.4537679843942,0.577507598784194,0.628646409438913,0.674829169283132,17.2189130941579,15.0029202391754,16.1109166666667,0.75079051981167,62.7167808665702,15.7556,16.1977099344848,2.73534428847588,2.69072724895566
"6358082","2002-12-11",24.097921522881,0.729483282674772,0.626139817629179,0.640032256748535,17.2203895384128,15.1866104615872,16.2035,0.80394976214995,66.0523899201877,15.8296,16.2646819432202,2.74137945174575,2.70085768951368
"6358081","2002-12-12",23.7674926657615,0.765957446808512,0.690982776089159,0.648589667719083,17.1796739075386,15.4149927591281,16.2973333333333,0.812237709626062,66.8196431374899,15.902,16.3307243507908,2.74260643212816,2.70920743803658
"6358080","2002-12-13",23.8689945824049,0.782089552238805,0.759176760574029,0.692099784764122,17.1576091214347,15.6075575452319,16.3825833333333,0.854235524651653,67.4792624117515,15.9702,16.3946277706854,2.73512637830324,2.71439122608991
"6358079","2002-12-16",23.7194221966644,0.749253731343283,0.7657669101302,0.738642148931128,17.2008778530922,15.6534554802411,16.4271666666667,0.770018929972875,65.9266932829905,16.0278,16.4426774012607,2.67011908277355,2.70553679742664
"6358078","2002-12-17",22.3456930060827,0.441791044776118,0.657711442786069,0.727551704496765,17.1994254659021,15.7030745340979,16.45125,0.51809958663953,53.5114191970307,16.0808,16.4156537477592,2.33868790498322,2.63216701893795
"6358077","2002-12-18",21.5158175378185,0,0.397014925373133,0.606831092763133,17.1794928315052,15.7535071684948,16.4665,0.306099032288803,50.4330586861795,16.132,16.3715665813913,1.9771220451495,2.50115802418026
"6358076","2002-12-19",20.8271400668791,0.0825688073394494,0.174786617371856,0.409837661843685,17.162869383495,15.8197972831717,16.4913333333333,0.460538231724679,52.1541839171593,16.1872,16.3453577038725,1.71522315453003,2.34397105025022
"6358075","2002-12-20",20.725229467215,0.348214285714287,0.143594364351245,0.238465302365411,17.1817834829789,15.8527165170212,16.51725,0.651296615207372,57.4570578310964,16.2476,16.3626433433562,1.63693001891578,2.20256284398333
"6358074","2002-12-23",20.6635019561368,0.555066079295154,0.328616390782963,0.215665790835354,17.2165862964523,15.8877470368811,16.5521666666667,0.749214992920603,61.1652522305892,16.289,16.4096242309087,1.67347591223044,2.09674545763275
"6358073","2002-12-24",20.6061835529927,0.634361233480176,0.512547199496539,0.328252651543582,17.2250221863303,15.9729778136697,16.599,0.749724908712493,62.4857779613318,16.3262,16.4623410001209,1.72587894480825,2.02257215506785
"6358072","2002-12-26",19.7787022850955,0.43612334801762,0.541850220264317,0.461004603514606,17.1759854791091,16.1061811875575,16.6410833333333,0.579999055910686,57.2450788142838,16.3574,16.4780288667714,1.63765396519939,1.94558851709416
"6358071","2002-12-27",18.3756491921158,0.255506607929515,0.441997063142437,0.498798160967763,17.0605816745962,16.2902516587372,16.6754166666667,0.272283744557115,52.8923932772536,16.3804,16.4642916845352,1.45055030453438,1.8465808745822
"6358070","2002-12-30",17.5253462740586,0.110132158590309,0.267254038179148,0.417033773861966,17.0617871060533,16.2878795606134,16.6748333333333,0.110418580647629,49.6219421795691,16.3868,16.4303861265972,1.20744351585382,1.71875340283653
"6358069","2002-12-31",16.7357792787197,0.127753303964758,0.16446402349486,0.291238374938814,17.0721484825984,16.2518515174016,16.662,0.131840646969178,50.0253045054205,16.394,16.4036679763842,1.0129049142906,1.57758370512734
"6358068","2003-01-02",16.0875943493754,0.189427312775331,0.142437591776799,0.191385217816935,17.0705816934372,16.2405849732295,16.6555833333333,0.332629860715703,51.4893145320569,16.412,16.389845579533,0.883023482132317,1.43867166052834
"6358067","2003-01-03",15.4857083435556,0.400881057268722,0.23935389133627,0.182085168869309,17.0713789840863,16.2421210159137,16.65675,0.473771732277789,56.2243612806307,16.4452,16.4098661689286,0.888035575061452,1.32854444343496
"6358066","2003-01-06",15.4508032435055,0.537444933920705,0.375917767988252,0.252569750367106,17.0750626328191,16.2417707005142,16.6584166666667,0.66990844126104,59.0072692806592,16.493,16.4478840130715,0.956898395568961,1.25421523386176
"6358065","2003-01-07",14.9356996456009,0.418502202643171,0.452276064610866,0.355849241311795,17.0589287511827,16.2429045821506,16.6509166666667,0.55810693906641,55.6867573785362,16.5068,16.4628328113286,0.934138755239222,1.19019993813725
"6358064","2003-01-08",14.191518917986,0.167400881057267,0.374449339207048,0.400881057268721,17.0572173828119,16.2209492838548,16.6390833333333,0.259945404768689,49.3704612379837,16.4996,16.4377884364848,0.767412636181519,1.10564247774611
"6358063","2003-01-09",13.233903725999,0.272727272727273,0.286210118809237,0.370978507542383,17.0540697098797,16.2175969567869,16.6358333333333,0.459153879740443,53.0899876983011,16.4968,16.4407499782868,0.717857975719971,1.02808557734088
"6358062","2003-01-10",12.8607550987996,0.0396039603960388,0.15991070472686,0.273523387581047,17.0353931964885,16.1951068035115,16.61525,0.255738041558844,48.7149833428456,16.4876,16.4153166478486,0.568852937644793,0.936239049401662
"6358061","2003-01-13",13.0540297653956,0,0.104110411041104,0.183410411525733,17.025482052849,16.1401846138176,16.5828333333333,0.0675652990116012,44.9184597325941,16.4656,16.3666077614688,0.348118885292026,0.818615016579735
"6358060","2003-01-14",13.8231795857056,0,0.0132013201320128,0.0924074786333248,17.0205495624876,16.0497837708457,16.5351666666667,-0.0736021377427316,40.7308360840255,16.4296,16.2917267266063,0.0508942519907185,0.665070863661932
"6358059","2003-01-15",15.0171723433029,0,-1.04083408558608e-16,0.0391039103910382,17.056321166129,15.9028455005377,16.4795833333333,-0.146957731542186,37.2923762008758,16.3952,16.1968298297254,-0.294435905894697,0.473169509750606
"6358058","2003-01-16",15.5016921042816,0.0594405594405587,0.0198135198135195,0.0110049466485101,17.0873378519131,15.8086621480869,16.448,0.0297217804843399,39.3745487286871,16.3638,16.125919185762,-0.521258368703781,0.274283934059729
"6358057","2003-01-17",16.243448444339,0,0.0198135198135195,0.0132090132090123,17.1266745955784,15.7253254044217,16.426,0.0176077424057154,37.3328278695727,16.3172,16.0471299609938,-0.758784138856949,0.0676703194763931
"6358056","2003-01-21",17.2346808960148,0,0.0198135198135195,0.0198135198135188,17.1847751600955,15.5750581732379,16.3799166666667,-0.0362743929820969,35.2150589842859,16.2626,15.9601792995279,-1.00767169242547,-0.14739808290398
"6358055","2003-01-22",18.6403169188973,0,-1.04083408558608e-16,0.0132090132090123,17.2063904095057,15.422776257161,16.3145833333333,-0.00622869608861345,31.8138972696172,16.1962,15.8521553929242,-1.31637484689442,-0.381193435702068
"6358054","2003-01-23",19.9455503687168,0.0241935483870967,0.00806451612903214,0.00929267864751649,17.1876950267298,15.2848049732702,16.23625,0.0167438435754819,33.0921220431932,16.1338,15.7645346738676,-1.52314065812607,-0.609582880186867
"6358053","2003-01-24",21.8431944778647,0,0.00806451612903214,0.00537634408602071,17.1874062019295,15.0904271314039,16.1389166666667,-0.0598132490528199,28.1643764410135,16.0764,15.636596717352,-1.86891347426347,-0.861448999002187
"6358052","2003-01-27",22.7382599055913,0.0898617511520738,0.0380184331797234,0.0180491551459285,17.1540581513591,14.9677751819743,16.0609166666667,0.0909724347111287,33.4967574206316,16.033,15.5517171550384,-2.02221435941213,-1.09360207108418
"6358051","2003-01-28",23.1503773188439,0.216346153846154,0.102069301666076,0.0493840836582765,17.1173545861572,14.8918120805095,16.0045833333333,0.216361292404835,39.7908621583086,15.9962,15.5121548676999,-1.98964852934475,-1.27281136273629
"6358050","2003-01-29",24.1389840100012,0.064903846153846,0.123703917050691,0.0879305506321628,17.0965951668594,14.7967381664739,15.9466666666667,0.181864278281637,35.3411958641785,15.9348,15.4358675520066,-2.10498449979105,-1.43924599014724
"6358049","2003-01-30",25.0569759375044,0.101298701298701,0.127516233766234,0.117763150827666,17.0654890999708,14.7126775666959,15.8890833333333,0.210665308133509,36.7911274691881,15.8662,15.3777518784057,-2.14189378671918,-1.57977554946163
"6358048","2003-01-31",25.9093970130431,0.115044247787611,0.0937489317467193,0.114989694187881,16.9991706676756,14.6473293323244,15.82325,0.234994877999741,36.7911274691881,15.794,15.327384961285,-2.14752018768539,-1.69332447710638
"6358047","2003-02-03",26.4541197625341,0.342105263157895,0.186149404081402,0.135804856531451,16.8887496297941,14.6377503702059,15.76325,0.35417587384722,44.5959469437455,15.7438,15.327066966447,-1.95861928880896,-1.7463834394469
"6358046","2003-02-04",27.1619748903559,0.306049822064057,0.254399777669854,0.178099371165991,16.7225915467977,14.659575119869,15.6910833333333,0.337899174092119,43.0120785919706,15.6982,15.3147913709207,-1.83519822785877,-1.76414639712927
"6358045","2003-02-05",25.4676503041916,0.313380281690141,0.320511788970697,0.25368699024065,16.5575081104934,14.71232522284,15.6349166666667,0.467528060731763,43.3730561868774,15.6598,15.3061525214646,-1.7098494499747,-1.75328700769836
"6358044","2003-02-06",23.8943489027533,0.482394366197183,0.367274823317126,0.314062129985892,16.4422547554437,14.7497452445563,15.596,0.537813672294483,48.9453892393367,15.6302,15.3306655186027,-1.46707475814017,-1.69604455778672
"6358043","2003-02-07",22.9613095165787,0.352112676056338,0.38262910798122,0.35680524008968,16.2521411904662,14.8333588095338,15.54275,0.495712285819802,45.2490755268768,15.5904,15.3272434494556,-1.35638150803489,-1.62811194783636
"6358042","2003-02-10",22.0949158008452,0.383802816901408,0.406103286384976,0.385335739227773,16.0845283506236,14.9099716493765,15.49725,0.502341308850458,46.3111779054584,15.5428,15.3302776561949,-1.2307786427002,-1.54864528680912
"6358041","2003-02-11",22.1305960335734,0.598944591029024,0.444953361328923,0.411228585231706,16.0826045575741,14.9112287757593,15.4969166666667,1.09452882454827,57.8549069216463,15.5126,15.4115739687022,-0.812127990932965,-1.40134182763389
"6358040","2003-02-12",22.2617246866501,0.799485861182519,0.594077756370983,0.481711468028293,16.2234299378524,14.8215700621476,15.5225,1.19015457020165,63.8187684947599,15.5046,15.5380307728753,-0.260144159066478,-1.17310229392041
"6358039","2003-02-13",21.4329829682724,0.610497237569062,0.669642563260201,0.569557893653369,16.3014219180543,14.789911415279,15.5456666666667,0.930694989419324,57.2727866224194,15.4954,15.6056266698252,0.0115939410094246,-0.936163046934443
"6358038","2003-02-14",20.8121156980267,0.62707182320442,0.679018307318667,0.647579542316616,16.369904705103,14.760595294897,15.56525,0.918243582660185,57.7176036018045,15.48,15.6682097805152,0.238731445642082,-0.701184148419138
"6358037","2003-02-18",20.576732212453,0.792817679558011,0.676795580110497,0.675152150229788,16.499723288217,14.7046100451163,15.6021666666667,0.993655021527211,61.9801742718041,15.485,15.7624484764465,0.564904199503902,-0.44796647883453
"6358036","2003-02-19",20.4268065940911,0.859999999999999,0.759963167587477,0.705259018338879,16.6485207684218,14.6626458982449,15.6555833333333,0.968013710543548,63.6884710272227,15.5032,15.8614553462536,0.877369202133282,-0.182899342640968
"6358035","2003-02-20",20.587872783689,0.869333333333333,0.840717004297114,0.759158583998362,16.8069479513752,14.6342187152914,15.7205833333333,0.956146728673698,65.3028246020874,15.5362,15.9639279667532,1.17232453445573,0.0881454327783711
"6358034","2003-02-21",21.318027023508,0.725848563968669,0.818393965767334,0.806358045883974,16.9603329609637,14.6291670390363,15.79475,0.931221986622415,65.1780001038756,15.578,16.0520709045194,1.38517593563183,0.347551533349063
"6358033","2003-02-24",21.9960273890542,0.825065274151437,0.806749057151146,0.821953342405197,17.0849333942982,14.6973999390352,15.8911666666667,0.919749790084628,67.7042780976569,15.624,16.1537947839168,1.62791051755611,0.603623330190472
"6358032","2003-02-25",21.3395479618329,0.634210526315789,0.728374788145298,0.784505937021259,17.154415720493,14.7764176128403,15.9654166666667,0.788583072371484,58.9741134712984,15.6608,16.1939554793946,1.62054250044217,0.807007164240811
"6358031","2003-02-26",20.9405649371066,0.810298102981031,0.756524634482752,0.763882826593065,17.2663579631942,14.8181420368058,16.04225,0.854441775599454,63.7925440890056,15.717,16.2747614154753,1.76469573260858,0.998544877914365
"6358030","2003-02-27",20.3966824051921,0.78319783197832,0.742568820425046,0.742489414351032,17.3336608667813,14.9138391332187,16.12375,0.798059146257071,62.6442206265856,15.781,16.3381265600786,1.83153101448112,1.16514210522772
"6358029","2003-02-28",20.7575720213361,0.770171149144255,0.787889028034535,0.762327494314111,17.4193791707038,15.0154541626296,16.2174166666667,0.859516206660855,65.0177508809206,15.8502,16.4163763520681,1.9467810120366,1.32146988658949
"6358028","2003-03-03",21.0926838077555,0.683848797250859,0.745739259457811,0.758732369305797,17.4719925446542,15.1498407886792,16.3109166666667,0.826887909620969,65.154000885651,15.9354,16.4855261717924,2.01811014642939,1.46079793855747
"6358027","2003-03-04",21.4038590380021,0.707407407407407,0.72047578460084,0.751368024031061,17.5288561271142,15.2584772062192,16.3936666666667,0.806703575744452,66.0788220564331,16.0154,16.5541226822201,2.08093129266964,1.58482460937991
"6358026","2003-03-05",21.7942002157634,0.725925925925925,0.705727376861396,0.723980806973348,17.5532809003607,15.410385766306,16.4818333333333,0.797805831244357,66.4476628554653,16.0862,16.6169063245907,2.11710730809032,1.69128114912199
"6358025","2003-03-06",22.3125351179962,0.719696969696969,0.717676767676767,0.714626643046333,17.5826658347591,15.5375008319075,16.5600833333333,0.78355495319844,66.4476628554653,16.1696,16.6713188146453,2.12020435366009,1.77706579002961
"6358024","2003-03-07",22.2154382417817,0.51470588235294,0.653442925991944,0.692282356843368,17.5765946736452,15.6764053263548,16.6265,0.690419619944355,62.5064299927952,16.2456,16.7018096393592,2.03806831250255,1.8292662945242
"6358023","2003-03-10",21.0966640813838,0.207446808510638,0.480616553520182,0.61724541572963,17.4954272336079,15.8787394330588,16.6870833333333,0.53788610267189,55.4256968625447,16.3116,16.6949016874447,1.83107059425502,1.82962715447036
"6358022","2003-03-11",19.9614526664415,0.180851063829789,0.301001251564455,0.478353577025526,17.3445408171853,16.1489591828147,16.74675,0.455321606546102,54.7576863390026,16.3636,16.6855814624521,1.63616418293928,1.79093456016415
"6358021","2003-03-12",19.0014186155911,0,0.129432624113475,0.30368347639937,17.3155124929425,16.2109875070575,16.76325,0.282787469968899,48.9165124066282,16.41,16.6468372674585,1.35487444035418,1.70372253620215
"6358020","2003-03-13",18.3534220783027,0.23,0.136950354609929,0.189128076762619,17.3163029361409,16.2405303971925,16.7784166666667,0.513866004314675,54.1802306113018,16.465,16.6439256317973,1.229258113792,1.60882965172012
"6358019","2003-03-14",18.5661051103136,0.55769230769231,0.262564102564103,0.176315693762502,17.3122815749988,16.3377184250012,16.825,0.811250567327595,60.7997416680088,16.5244,16.688068880891,1.28428379004941,1.54392047938598
"6358018","2003-03-17",19.5977024966488,0.636363636363637,0.474685314685315,0.291399923953115,17.3754676720794,16.3985323279206,16.887,1.10529423658278,65.8144548821782,16.6044,16.7703263634389,1.46919098936646,1.52897458138208
"6358017","2003-03-18",20.7075413769976,0.692052980132451,0.628702974729465,0.45531746399296,17.4853060152735,16.3993606513931,16.9423333333333,1.10101243430379,67.6383201033478,16.688,16.859616181647,1.65943666695778,1.55506699849722
"6358016","2003-03-19",22.0259724099696,0.855855855855857,0.728090824117314,0.610493037844031,17.6679429775002,16.3482236891665,17.0080833333333,1.17583816842809,72.143492459225,16.7632,16.9876673574274,1.965945073896,1.63724261357698
"6358015","2003-03-20",24.0716744545767,0.64625850340136,0.731389113129889,0.696060970658889,17.8695446953917,16.2834553046083,17.0765,1.13268817371281,72.143492459225,16.8216,17.0986450431038,2.1798864240208,1.74577137566574
"6358014","2003-03-21",26.4330265000657,0.813819577735125,0.771977978997447,0.743819305414883,18.2146117125663,16.1260549541004,17.1703333333333,1.22123169611144,78.4940240787966,16.9204,17.2874923706899,2.64022649177906,1.92466239888841
"6358013","2003-03-24",26.9284452882399,0.61996161228407,0.693346564473518,0.732237885533617,18.3674962997704,16.1060037002296,17.23675,0.935516201497478,66.6111474556751,16.9978,17.3838267212646,2.73263625180464,2.08625716947165
"6358012","2003-03-25",27.5081750715828,0.692898272552783,0.708893154190659,0.724739232553874,18.5227277050297,16.1231056283036,17.3229166666667,0.938437095381595,68.5408019171801,17.0708,17.492649825096,2.85793005758708,2.24059174709474
"6358011","2003-03-26",28.1388669160985,0.794625719769674,0.702495201535508,0.701578306733228,18.7058886277079,16.1061113722921,17.406,0.948371745786424,71.0535572889789,17.1492,17.6222965150832,3.04021403938441,2.40051620555267
"6358010","2003-03-27",27.6833631651426,0.666026871401151,0.717850287907869,0.709746214544678,18.8202277819187,16.144438884748,17.4823333333333,0.83236304040041,64.0850044499619,17.2092,17.6899903130721,2.99413930544747,2.51924082553163
"6358009","2003-03-28",27.2010207273528,0.658349328214971,0.706333973128598,0.708893154190658,18.9027782292947,16.1770551040387,17.5399166666667,0.75439732313293,63.6834419293923,17.2686,17.7459916046625,2.91366129071919,2.59812491856915
"6358008","2003-03-31",26.2591719385676,0.595009596928983,0.639795265515035,0.687993175517167,18.9567832190109,16.2257167809891,17.59125,0.685062018129722,60.3250375642425,17.3138,17.7725260573742,2.74267450486767,2.62703483582885
"6358007","2003-04-01",24.7666259638649,0.463157894736843,0.572172273293598,0.63943383731241,18.9856774272613,16.2803225727387,17.633,0.60793408469571,56.0785791143826,17.3646,17.7661892497243,2.4787283686428,2.59737354239164
"6358006","2003-04-02",23.2977498176601,0.355555555555555,0.47124101574046,0.56106951818303,18.9998597800365,16.3333068866302,17.6665833333333,0.546908251339257,55.504802168693,17.4004,17.756697349761,2.23034100914334,2.52396703574198
"6358005","2003-04-03",21.8538066578443,0.117994100294985,0.312235850195794,0.45188304640995,19.004173432352,16.3816599009813,17.6929166666667,0.489990518757669,51.8840640866155,17.4306,17.7231377031262,1.92507131211579,2.40418789101674
"6358004","2003-04-04",20.5130022951582,0.102564102564103,0.192037919471547,0.325171595135933,19.0007797256453,16.4592202743547,17.73,0.499999999999996,53.5168047618449,17.4576,17.7067193427094,1.70681843060638,2.26471399893467
"6358003","2003-04-07",20.0685586230478,0.224080267558529,0.148212823472538,0.217495531046626,18.9889490962535,16.6010509037466,17.795,0.606090508434683,57.4454813314858,17.4938,17.7244900970148,1.62449763926416,2.13667072700057
"6358002","2003-04-08",18.9310370852001,0.0535117056856199,0.126718691936083,0.155656478293389,18.930121606471,16.7645450601957,17.8473333333333,0.45043660150552,52.3799074712028,17.5172,17.7058914174128,1.42661645977744,1.99465987355594
"6358001","2003-04-09",18.0498864744749,0.0602006688963209,0.112597547380156,0.129176354262925,18.8082708929841,17.0110624403492,17.9096666666667,0.422286885273705,52.5565898266202,17.54,17.6911058950911,1.25988632243839,1.84770516333243
"6358000","2003-04-10",17.9338133521829,0,0.0379041248606464,0.0924067880589611,18.7582340497494,17.0894326169173,17.9238333333333,-0.00764977186590707,41.0696019549133,17.5348,17.5849584424123,0.798123192148248,1.63778876909559
"6357999","2003-04-11",17.9617105801173,0,0.0200668896321064,0.0568561872909689,18.7718867436762,17.0666132563239,17.91925,-0.0175611653375866,40.1251490077592,17.5318,17.4836306500907,0.393787121443689,1.38898843956521
"6357998","2003-04-14",18.2783558883289,0,-5.55111512312578e-16,0.0193236714975833,18.8517963003769,16.9188703662898,17.8853333333333,-0.0614976312301958,38.1030718442303,17.5328,17.3758132300786,0.00209290402897189,1.11160933245797
"6357997","2003-04-15",17.1935082507053,0.114678899082569,0.0382262996941891,0.0194310631087642,18.8694053665227,16.8629279668106,17.8661666666667,0.173806443026015,43.2373258065089,17.5448,17.3157047994014,-0.191119542591822,0.851063557448008
"6357996","2003-04-16",16.3105825238196,0.362880886426591,0.15918659516972,0.0658042982879686,18.861751996825,16.830748003175,17.84625,0.33033842650694,50.4131886728892,17.5822,17.3176108261479,-0.153696785509161,0.650111488856574
"6357995","2003-04-17",15.6825461766952,0.427374301675978,0.301644695728379,0.166352530197428,18.8372416200963,16.8077583799038,17.8225,0.392829861467896,52.1813855391369,17.6148,17.3339293826615,-0.0719163797329614,0.505705915138667
"6357994","2003-04-21",15.0993695686511,0.541899441340782,0.444051543147783,0.301627611348626,18.7112650384492,16.8387349615508,17.775,0.474188220563375,55.375041427948,17.6416,17.3754054649733,0.0871920167554885,0.422003135462031
"6357993","2003-04-22",14.8119198864999,0.513966480446927,0.494413407821228,0.413369882232463,18.6640236056119,16.8368097277214,17.7504166666667,0.488826339973812,54.4203710295663,17.6532,17.4046847363102,0.187587009815293,0.375119910332684
"6357992","2003-04-23",14.5450023245022,0.533519553072625,0.529795158286777,0.489420036418595,18.5864958497323,16.851337483601,17.7189166666667,0.515032249414488,55.0051409318071,17.6608,17.4347267714688,0.279940682971924,0.356084064860532
"6357991","2003-04-24",14.360897131473,0.53072625698324,0.52607076350093,0.516759776536311,18.4528810737984,16.9027855928683,17.6778333333333,0.546556271890652,54.8967862228219,17.653,17.460096535273,0.346624342374979,0.354192120363421
"6357990","2003-04-25",14.2035052817717,0.53072625698324,0.531657355679701,0.529174425822469,18.3551159981878,16.9385506684789,17.6468333333333,0.574005293744454,54.8967862228219,17.6452,17.4820836639033,0.394769914856696,0.362307679262076
"6357989","2003-04-28",15.102084189644,0.585227272727272,0.54889326223125,0.535540460470626,18.3035796696373,16.9615869970294,17.6325833333333,0.735284444129178,56.4873440053051,17.6128,17.5118058420495,0.464320662180007,0.382710275845662
"6357988","2003-04-29",16.793501125684,0.677130044843048,0.597694524851186,0.559415047587378,18.3781558284909,16.9198441715091,17.649,1.03212219506361,64.5623493594483,17.6198,17.6015650631096,0.731134479481366,0.452395116572803
"6357987","2003-04-30",17.8858446352173,0.616591928251121,0.626316415273813,0.590968067452082,18.4156989639692,16.9064677026975,17.6610833333333,0.834993944471628,61.1265010841868,17.6138,17.6613563880283,0.869396717217796,0.535795436701802
"6357986","2003-05-01",18.0720654901838,0.504484304932735,0.599402092675634,0.607804344266877,18.4364577608954,16.904875572438,17.6706666666667,0.704146188838594,55.2614981956548,17.5872,17.6798422029579,0.854483256573557,0.599533000676153
"6357985","2003-05-02",18.2449848555099,0.58744394618834,0.569506726457398,0.598408411468948,18.4786101207979,16.9047232125354,17.6916666666667,0.750971018264621,58.4393757418043,17.5814,17.7205299092301,0.916220965768111,0.662870593694545
"6357984","2003-05-05",18.7426939150939,0.631313131313131,0.574413794144735,0.581107537759255,18.5441684958099,16.8926648375235,17.7184166666667,0.830961018821151,61.4666970313399,17.584,17.7811259213328,1.0389666320578,0.738089801367196
"6357983","2003-05-06",19.5740468645098,0.641269841269841,0.62000897292377,0.587976497841967,18.6102752463715,16.8652247536286,17.73775,0.899558639076421,63.9242709848004,17.5998,17.8556424651551,1.19615748330355,0.829703337754467
"6357982","2003-05-07",19.940852003824,0.539249146757679,0.603944039780216,0.599455602282906,18.6848845342987,16.8539487990347,17.7694166666667,0.829840449905024,61.1253838734235,17.62,17.9055568031344,1.25560418346777,0.914883506897128
"6357981","2003-05-08",19.8139267081976,0,0.393506329342506,0.539153114015497,18.6885935262856,16.794573140381,17.7415833333333,0.221095926986177,40.0231645516682,17.5922,17.7848158960498,0.738658738813136,0.87963855328033
"6357980","2003-05-09",19.696067505116,0,0.179749715585892,0.392400028236204,18.6861039768292,16.7998960231708,17.743,0.161755216988375,40.0231645516682,17.572,17.6801737765765,0.323148219315672,0.768340486487398
"6357979","2003-05-12",19.5322602749553,0.0131233595800517,0.00437445319334991,0.192543499373915,18.6777138349298,16.8174528317369,17.7475833333333,0.1671166041017,40.5073083965681,17.549,17.592817273033,0.00361832438557919,0.615396054067035
"6357978","2003-05-13",20.2742811306283,0,0.00437445319334991,0.0628328739908632,18.6872225803414,16.8019440863252,17.7445833333333,-0.032856729932394,34.3550645555472,17.4958,17.4484416366286,-0.483306932243066,0.395655456805014
"6357977","2003-05-14",21.5139263109883,0,0.00437445319334991,0.00437445319334915,18.8066083857922,16.5945582808745,17.7005833333333,-0.118845234844972,30.5687251429107,17.4372,17.2713160850781,-1.04319059051868,0.107886247340275
"6357976","2003-05-15",22.474690139763,0.0323159784560143,0.0107719928186708,0.00650696640178944,18.8850918729106,16.4072414604227,17.6461666666667,0.00245853134633349,32.4197454454907,17.3818,17.1298072737344,-1.43370373480589,-0.200431749088958
"6357975","2003-05-16",23.8951029948573,0,0.0107719928186708,0.00863947961022972,18.9885828833587,16.1489171166413,17.56875,-0.0324863760573083,28.7510480725101,17.3384,16.9538329705698,-1.91581654748828,-0.543508708768823
"6357974","2003-05-19",25.2140577888735,0.0140350877192979,0.0154503553917701,0.0123314470097031,19.0621438153403,15.897689517993,17.4799166666667,0.0165306486021428,29.6088851534386,17.2994,16.8066552411605,-2.25901185002261,-0.88660933701958
"6357973","2003-05-20",26.9963002682367,0,0.00467836257309865,0.0103002369278457,19.1454402743524,15.6037263923142,17.3745833333333,0.00553600366154277,25.6582125947737,17.2474,16.6157678756724,-2.73542947416178,-1.25637336444802
"6357972","2003-05-21",27.2486847234223,0.190258751902588,0.0680979465406278,0.0294088881684981,19.1302821898839,15.4647178101161,17.2975,0.201501173269259,37.4789903978062,17.2104,16.5336654922494,-2.78218421705103,-1.56153553496862
"6357971","2003-05-22",27.1224259651656,0.266362252663623,0.152207001522069,0.0749944368785978,19.0897402702186,15.3719263964481,17.2308333333333,0.281009298929486,41.486838849836,17.1672,16.4958434266162,-2.6675540518809,-1.78273923835108
"6357970","2003-05-23",26.9128139255242,0.319634703196347,0.258751902587518,0.159685616883404,19.0361887617059,15.3048112382941,17.1705,0.332367538241456,44.1841175775549,17.1266,16.4863976364007,-2.46288638189271,-1.91876866705941
"6357969","2003-05-27",25.9009664404052,0.32724505327245,0.304414003044139,0.238457635717908,18.9487377395138,15.2642622604862,17.1065,0.381077600010975,44.5771674208778,17.0788,16.4815446182139,-2.26236916573026,-1.98748876679358
"6357968","2003-05-28",24.766480063854,0.596026490066226,0.41430208217834,0.325822662603332,18.7706148188282,15.2877185145052,17.0291666666667,0.456693131189083,48.8445276016277,17.044,16.5140053357854,-1.94626971656999,-1.97924495674886
"6357967","2003-05-29",23.713028428485,0.724489795918368,0.549253779752347,0.422656621658275,18.6263587284326,15.3024746049008,16.9644166666667,0.472095898487143,49.9019331377942,17.0106,16.551471291014,-1.64258726013928,-1.91191341742694
"6357966","2003-05-30",22.426269837395,0.550588235294118,0.623701507092904,0.52908578967453,18.5033814781907,15.3134518551426,16.9084166666667,0.485866981826934,46.2268244066394,16.9674,16.5506084522121,-1.5064089077085,-1.83081251548326
"6357965","2003-06-02",21.592724518082,0.860869565217391,0.711982532143292,0.628312606329514,18.4014924192537,15.3528409140796,16.8771666666667,0.691724111138318,57.2200026468037,16.9566,16.6578606585839,-0.993274849339876,-1.66330498225458
"6357964","2003-06-03",20.1823693477849,0.745652173913043,0.719036658141517,0.684906899125904,18.2229294257672,15.4280705742328,16.8255,0.645326361094648,53.3754594103869,16.932,16.7154792374394,-0.707847709822129,-1.47221352776809
"6357963","2003-06-04",19.0839114627382,0.769565217391304,0.792028985507246,0.741016058597351,17.9798894428389,15.5576105571612,16.76875,0.719318263946045,54.0652851566906,16.8904,16.7727486724474,-0.450423269988753,-1.26785547621222
"6357962","2003-06-05",17.7692774385075,0.717391304347825,0.744202898550724,0.751756180733162,17.6904495924619,15.7247170742048,16.7075833333333,0.725064530681381,52.2489109888265,16.8494,16.8063821827878,-0.300932275127719,-1.07447083599532
"6357961","2003-06-06",17.2427639415064,0.565217391304348,0.684057971014492,0.740096618357487,17.6530186946843,15.7321479719824,16.6925833333333,0.614921841116659,47.2615971867651,16.8044,16.7888645584161,-0.346453185304763,-0.92886730585721
"6357960","2003-06-09",16.8603890969718,0.543478260869565,0.608695652173912,0.678985507246376,17.6152862465744,15.7315470867589,16.6734166666667,0.525613949653582,46.5776017280191,16.75,16.7670159506273,-0.402039314657254,-0.823501707617219
"6357959","2003-06-10",15.9210565196129,0.420895522388058,0.50986372485399,0.600872449347464,17.5819477712311,15.7368855621022,16.6594166666667,0.602390404904476,47.8773988493793,16.6912,16.7587471572103,-0.40306608821562,-0.739414583736899
"6357958","2003-06-11",14.7994203938645,0.263157894736842,0.409177225998155,0.509245534342019,17.5889945345184,15.7390054654816,16.664,0.590631166136542,46.6549392870168,16.6226,16.7409142029156,-0.437408415937734,-0.679013350177066
"6357957","2003-06-12",14.0316836882808,0.0639999999999986,0.249351139041633,0.389464029964592,17.5917311240552,15.7666022092781,16.6791666666667,0.475800796147009,44.8068444384307,16.5536,16.7094589758602,-0.516686221338414,-0.646547924409336
"6357956","2003-06-13",13.6787485778488,0,0.109052631578947,0.255860332206244,17.5918376579078,15.7756623420922,16.68375,0.401578884789686,42.6104314700022,16.528,16.6628644457455,-0.642556819547591,-0.645749703436987
"6357955","2003-06-16",13.0001843706489,0.0760456273764269,0.0466818757921415,0.13502854880424,17.5767953258198,15.8540380075135,16.7154166666667,0.485246519404333,44.6264238808546,16.5064,16.6358158529794,-0.686382742763592,-0.653876311302308
"6357954","2003-06-17",12.2244831984573,0,0.0253485424588086,0.0603610166099652,17.5377294833905,15.9604371832762,16.7490833333333,0.420274764550051,41.8554604802098,16.4768,16.5890404059155,-0.797239067361177,-0.682548862514082
"6357953","2003-06-18",11.5041892528509,0.0467625899280585,0.0409360724348281,0.037655496895259,17.4050760822376,16.1782572510957,16.7916666666667,0.241879845150467,43.2645962665408,16.4704,16.5571683517934,-0.844206629224131,-0.714880415856092
"6357952","2003-06-19",11.1184352629357,0,0.0155875299760192,0.0272907149565516,17.3854117748005,16.2142548918662,16.7998333333333,0.130137795389647,41.5143360118349,16.4754,16.5155459048876,-0.92240079113366,-0.756384490911605
"6357951","2003-06-20",10.343723908701,0.0952380952380946,0.0473335617220507,0.0346190547109656,17.3797163653513,16.2282836346487,16.804,0.235981102591639,44.507581685942,16.482,16.4968064509026,-0.910668681133353,-0.787241328955955
"6357950","2003-06-23",9.69884668339955,0.0769230769230773,0.057387057387057,0.0401027163617086,17.3835921665998,16.2169078334002,16.80025,0.216932857841403,44.0407833347013,16.5036,16.4772322574489,-0.903332236365484,-0.810459510437861
"6357949","2003-06-24",9.20945163319096,0.060606060606061,0.0775890775890773,0.0607698988993946,17.3946274752284,16.177705858105,16.7861666666667,0.171712627683973,43.3552171303565,16.5222,16.4556012897891,-0.90439813000609,-0.829247234351507
"6357948","2003-06-25",9.5346713460028,0,0.0458430458430458,0.0602730602730596,17.4100056748351,16.0944943251649,16.75225,0.0802012653570318,38.472043830658,16.5492,16.4015211178172,-1.02392937521866,-0.868183662524937
"6357947","2003-06-26",9.12570461577237,0,0.02020202020202,0.0478780478780473,17.4156731044907,16.021993562176,16.7188333333333,0.130115830541777,36.7881766057078,16.5472,16.3413183021082,-1.15551018334948,-0.925648966689846
"6357946","2003-06-27",9.25749465592484,0.37037037037037,0.123456790123456,0.063167285389507,17.40270444982,16.0146288835133,16.7086666666667,0.464939468824335,48.844381329896,16.5552,16.3558091951605,-1.00177285169418,-0.940873743690714
"6357945","2003-06-30",9.98763864909124,0.714801444043322,0.361723938137897,0.168460916154457,17.3161590465601,16.0621742867732,16.6891666666667,0.80502763053117,57.4161095227253,16.5758,16.4337013024724,-0.631484696834395,-0.87899593431945
"6357944","2003-07-01",10.1937735317355,0.605734767025092,0.563635527146261,0.349605418469204,17.2683951671444,16.0846048328556,16.6765,0.754971952879361,54.5055761066269,16.5896,16.4818744621428,-0.405237448792206,-0.784244237214001
"6357943","2003-07-02",10.8683933235042,0.693749999999999,0.671428737022804,0.53226273410232,17.2491525728257,16.0961807605076,16.6726666666667,0.977606356706615,58.6327955081235,16.603,16.5589578671904,-0.0959852403711325,-0.646592437845428
"6357942","2003-07-03",11.5982870974843,0.844984802431612,0.7148231898189,0.649962484662655,17.3182484612661,16.0545848720673,16.6864166666667,1.08447781486023,62.5034753003186,16.6248,16.6630968182317,0.280398154974426,-0.461194319281457
"6357941","2003-07-07",13.0245606556233,0.675000000000001,0.737911600810537,0.708054509217413,17.4398648022881,15.9933018643786,16.7165833333333,1.05309265318906,61.6164935278157,16.655,16.7480172424675,0.551050123172181,-0.258745430790729
"6357940","2003-07-08",15.4714960985808,0.695255474452555,0.738413425628055,0.730382738752497,17.738291789876,15.8360415434573,16.7871666666667,1.2076706491173,68.3316181603562,16.675,16.8956149434718,1.01746170480781,-0.00350400367102158
"6357939","2003-07-09",17.7436504384699,0.824817518248175,0.73169099756691,0.736005341335167,18.0195657250352,15.7006009416315,16.8600833333333,1.12380564969601,71.737573368446,16.7198,17.0708662843422,1.53260848961696,0.303718494986575
"6357938","2003-07-10",19.2301644399068,0.760948905109489,0.760340632603406,0.743481685266123,18.2126706811644,15.6386626521689,16.9256666666667,0.973062497455319,67.8628598663037,16.7554,17.1994174464299,1.8318155667769,0.609337909344639
"6357937","2003-07-11",20.9568972309173,0.802919708029196,0.796228710462286,0.762753446877534,18.4190311523959,15.5986355142708,17.0088333333333,0.957205358910981,69.046047182882,16.8004,17.3261617869059,2.09465925741161,0.906402178958034
"6357936","2003-07-14",22.6670559609769,0.844890510948905,0.802919708029196,0.786496350364962,18.6165430063657,15.590623660301,17.1035833333333,0.928437284143965,70.2265319493485,16.864,17.4513402153185,2.32565955397446,1.19025365396132
"6357935","2003-07-15",23.6629961362959,0.786496350364963,0.811435523114355,0.803527980535279,18.7596941567476,15.6029725099191,17.1813333333333,0.836952948555128,66.4305929440628,16.9232,17.538494853276,2.40430299215042,1.43306352159914
"6357934","2003-07-16",24.5877977276636,0.793795620437956,0.808394160583941,0.80758313057583,18.8764971191003,15.6440028808997,17.26025,0.791235373459077,66.6730907085647,16.98,17.6166955395059,2.44574857387385,1.63560053205408
"6357933","2003-07-17",24.1032410587841,0.575892857142856,0.718728275981925,0.779519319893406,18.9307638946216,15.7340694387118,17.3324166666667,0.683288291936523,57.9889868750359,17.0246,17.6331361342384,2.27554099230856,1.76358862410498
"6357932","2003-07-18",23.1078620633553,0.403693931398415,0.591127469659742,0.706083302075202,18.9489817050172,15.8576849616495,17.4033333333333,0.623464907562018,54.4201198034712,17.0668,17.6233846496733,2.03496939624461,1.8178647785329
"6357931","2003-07-21",22.1080203715658,0.390501319261213,0.456696035934161,0.588850593858609,18.9622047710386,15.9712952289614,17.46675,0.600833318122977,53.9237366690191,17.1138,17.6116000297169,1.81209503559674,1.81671082994567
"6357930","2003-07-22",21.3749386110916,0.460122699386502,0.41810598334871,0.488643162980871,18.9797847684953,16.1043818981714,17.5420833333333,0.651138241468187,58.4168957875189,17.1678,17.6380533590879,1.74120520247536,1.80160970445161
"6357929","2003-07-23",19.91543701917,0.187050359712229,0.345891459453314,0.406897826245395,18.9498690378775,16.2729642954558,17.6114166666667,0.560486525389087,53.3258785816587,17.2188,17.6276462445429,1.55272314371362,1.75183239230401
"6357928","2003-07-24",19.4555421874579,0.683453237410071,0.443542098836267,0.402513180546097,18.925270742494,16.5123959241727,17.7188333333333,0.76089210895655,62.9286792491886,17.2948,17.7106267452705,1.69859498374278,1.74118491059177
"6357927","2003-07-25",18.7952793796779,0.554112554112554,0.474872050411618,0.4214352029004,18.8342094047712,16.8136239285622,17.8239166666667,0.738091057764075,61.4487808872109,17.372,17.7725431792344,1.75833056045935,1.74461404056528
"6357926","2003-07-28",18.2344893906232,0.0572687224669614,0.431611504663195,0.450008551303693,18.7393276502093,17.022505683124,17.8809166666667,0.452868341494926,51.4574604782375,17.421,17.7495374220032,1.52665078136691,1.70102138872561
"6357925","2003-07-29",17.9023827976198,0,0.203793758859838,0.370092437978217,18.6925280024851,17.1301386641816,17.9113333333333,0.351936180270832,50.1591005014642,17.4676,17.7182657657361,1.28956574481731,1.61873025994395
"6357924","2003-07-30",19.3341456177824,0,0.0190895741556535,0.218164945892895,18.7112160825495,17.1019505841172,17.9065833333333,-0.135849088293293,37.5987398890193,17.4738,17.5518303303046,0.616006717881712,1.4181855515315
"6357923","2003-07-31",20.6636396650764,0.0818181818181816,0.0272727272727269,0.0833853534294059,18.7719109216866,17.00225574498,17.8870833333333,-0.0954549868642115,40.3686636069915,17.4978,17.431586286264,0.159627796319994,1.1664740004892
"6357922","2003-08-01",21.9393868295353,0.071599045346063,0.0511390757214146,0.0325004590499314,18.8547812910676,16.8493853755991,17.8520833333333,-0.0620253460374796,40.0495790119871,17.5246,17.3233747814288,-0.215850680575558,0.890009064276249
"6357921","2003-08-04",21.6009818484316,0.183770883054893,0.112396036739712,0.0636026132446176,18.8807360890012,16.7780972443322,17.8294166666667,0.135656244401816,43.797159923207,17.5408,17.2609248105716,-0.400590525156208,0.631889146389758
"6357920","2003-08-05",20.6597426832884,0.408114558472553,0.221161495624503,0.12823220269521,18.8504886707842,16.7633446625492,17.8069166666667,0.440788305528639,50.4663594176345,17.5562,17.2694681691621,-0.323550840022813,0.440801149107244
"6357919","2003-08-06",19.785734887084,0.474940334128878,0.355608591885441,0.229722041416552,18.7956170697516,16.758549596915,17.7770833333333,0.467068673852061,52.2827357890983,17.583,17.2955390799405,-0.194829902511806,0.313674938783434
"6357918","2003-08-07",18.9741562191799,0.484486873508353,0.455847255369928,0.344205780959957,18.7571685295562,16.7441648037772,17.7506666666667,0.432604860622313,52.5504211373207,17.6,17.3208005359484,-0.0826636194959929,0.234407227127548
"6357917","2003-08-08",18.2205474561261,0.515513126491647,0.491646778042959,0.434367541766109,18.6934418743003,16.7432247923664,17.7183333333333,0.465815771339381,53.4641240347946,17.6084,17.3513604644886,0.0359438365967746,0.194714549021394
"6357916","2003-08-11",18.1958237152788,0.625298329355609,0.541766109785203,0.496420047732696,18.6242008622128,16.7649658044539,17.6945833333333,0.623930896045168,56.645438503255,17.6276,17.4085124025568,0.233782916881098,0.202528222593335
"6357915","2003-08-12",18.7449036836814,0.799522673031026,0.646778042959427,0.560063643595863,18.631088237904,16.7620784287627,17.6965833333333,0.814828024865731,61.1808289072326,17.6392,17.5067107488826,0.551977755935362,0.27241812926174
"6357914","2003-08-13",19.2547636543409,0.818615751789975,0.747812251392203,0.645452134712277,18.6496180732418,16.7545485934249,17.7020833333333,0.821668065379977,61.6542514235998,17.6382,17.5971493156982,0.811285654933669,0.380191634396126
"6357913","2003-08-14",20.0420122563693,0.777292576419214,0.798477000413405,0.731022431588344,18.7216682727209,16.7326650606124,17.7271666666667,0.848331932857404,62.4555356853324,17.6468,17.6841960736051,1.03289303471548,0.510731914459996
"6357912","2003-08-15",20.7730288153956,0.864628820960698,0.820179049723295,0.788822767176301,18.8227355374169,16.7080977959165,17.7654166666667,0.871024936297908,64.8868468555833,17.6588,17.7863032637911,1.28283421561539,0.665152374691075
"6357911","2003-08-18",21.7256020051107,0.910020449897751,0.850647282425887,0.823101110854195,18.9595713157903,16.6712620175431,17.8154166666667,0.916428263170799,67.6504967304558,17.676,17.907462828619,1.57094720861355,0.84631134147557
"6357910","2003-08-19",22.3754452982704,0.860515021459228,0.878388097439225,0.849738143196136,19.0643149468776,16.6421850531224,17.85325,0.863351005906993,66.0509069696176,17.6968,18.0031344514698,1.74493566843859,1.02603620686817
"6357909","2003-08-20",22.9788712133473,0.862660944206008,0.877732138520996,0.868922506128702,19.1693345241218,16.6324988092115,17.9009166666667,0.825503931983703,66.1125428005846,17.717,18.0867165246071,1.86164695737885,1.19315835697031
"6357908","2003-08-21",23.8048935852666,0.802721088435375,0.841965684700204,0.866028640220141,19.232774834465,16.611225165535,17.922,0.823472795518739,65.9835322220104,17.7524,18.1584876546595,1.92815759519498,1.34015820461524
"6357907","2003-08-22",24.685140233519,0.832869080779944,0.832750371140442,0.850816064787213,19.3254158066211,16.5800841933789,17.95275,0.85232537859341,68.5602663537829,17.8028,18.2466893007049,2.04219799255463,1.48056616220312
"6357906","2003-08-25",25.0588199536175,0.75226586102719,0.795952010080836,0.823556021973827,19.4279077253462,16.5814256079872,18.0046666666667,0.792876130007152,65.5440902679299,17.8498,18.3084640606109,2.05879326553489,1.59621158286947
"6357905","2003-08-26",24.1978097115873,0.54434250764526,0.709825816484131,0.779509399235136,19.4806083156707,16.6143916843293,18.0475,0.670666327631256,57.2795184234455,17.8724,18.3173355191961,1.90204719403886,1.65737870510335
"6357904","2003-08-27",23.5381035497882,0.5828025477707,0.62647030548105,0.710749377348672,19.4821067732054,16.7860598934613,18.1340833333333,0.67837845116117,58.7831585697872,17.9086,18.3370241166366,1.79663378997152,1.68522972207699
"6357903","2003-08-28",22.6123680141871,0.444029850746268,0.523724968720742,0.620007030228641,19.4375539995327,17.0017793338006,18.2196666666667,0.633564626445257,56.6363767045632,17.9136,18.3420875677518,1.6543682173024,1.67905742112207
"6357902","2003-08-29",21.7672965609529,0.435897435897436,0.487576611471468,0.545923961891086,19.3371145198696,17.2973854801304,18.31725,0.676208045119858,60.041414170723,17.9294,18.3724758920515,1.60865844867721,1.6649776266331
"6357901","2003-09-02",21.4728990486008,0.534759358288769,0.471562214977491,0.494287931723233,19.266972054013,17.5421946126536,18.4045833333333,0.735054481201428,61.9395120171429,17.9728,18.4141457731113,1.60400266844212,1.6527826349949
"6357900","2003-09-03",21.9059100410027,0.76605504587156,0.578903946685922,0.512680924378293,19.3360891988911,17.6217441344423,18.4789166666667,0.903117988125405,67.6887364516208,18.0356,18.5035930033631,1.75403157364047,1.67303242272402
"6357899","2003-09-04",21.3481602254348,0.471502590673573,0.590772331611301,0.547079497758237,19.3411134896388,17.7385531770279,18.5398333333333,0.74242457331733,61.3286477594974,18.13,18.5471139362481,1.74050794787148,1.68652752775351
"6357898","2003-09-05",20.6702615238983,0.424870466321244,0.554142700955459,0.57460632641756,19.2915875020013,17.9122458313321,18.6019166666667,0.684689555472066,60.2527265084867,18.2154,18.5788320780816,1.6902862512586,1.68727927245453
"6357897","2003-09-08",20.3634963215437,0.455958549222799,0.450777202072539,0.531897411546432,19.2116132705026,18.1185533961641,18.6650833333333,0.728639503227484,60.7471304583887,18.3032,18.6103211343374,1.64421747274301,1.67866691251222
"6357896","2003-09-09",19.6797894853813,0.347150259067358,0.409326424870467,0.471415442632821,19.1418983586851,18.2786016413149,18.71025,0.636781863011161,58.0265949245804,18.3774,18.6236116497591,1.54418954652449,1.65177143931468
"6357895","2003-09-10",19.0408099141352,0,0.267702936096719,0.375935521013241,19.1286624571272,18.3021708762062,18.7154166666667,0.104250858830466,47.3658924327399,18.4132,18.5697967631246,1.2381979388983,1.5690567392314
"6357894","2003-09-11",18.8790014429278,0,0.115716753022453,0.264248704663212,19.1479893792669,18.2711772873998,18.7095833333333,-0.0868798321856527,44.3234011632095,18.4366,18.5004905280413,0.910907054462418,1.43742680227761
"6357893","2003-09-12",19.065358992206,0,-1.29526019539602e-16,0.127806563039723,19.2027038131772,18.1791295201562,18.6909166666667,-0.129412055766453,41.934496350755,18.4536,18.4217584576358,0.582998516869293,1.26654114519594
"6357892","2003-09-15",18.1334222555521,0.265734265734265,0.0885780885780882,0.0680982805335131,19.2068377696125,18.1611622303875,18.684,0.239562299090208,49.8373899762344,18.4832,18.4041906632843,0.483774540212289,1.10998782419921
"6357891","2003-09-16",17.6626989294898,0.479020979020978,0.248251748251748,0.112276612276611,19.2075358107332,18.1612975226002,18.6844166666667,0.588173030031815,55.1175318989041,18.5158,18.4296319081798,0.532746068228018,0.994539473004973
"6357890","2003-09-17",17.3172090737773,0.688811188811189,0.477855477855477,0.271561771561771,19.2368725790104,18.1576274209897,18.69725,0.771254402046039,59.6198809787884,18.5458,18.4916809870891,0.694447056066561,0.934520989617291
"6357889","2003-09-18",17.9442957020759,0.583815028901735,0.5838823989113,0.436663208339508,19.295084345771,18.1427489875624,18.7189166666667,0.882773408965784,59.9801618451745,18.5752,18.5487901888106,0.823209882750131,0.912258768243859
"6357888","2003-09-19",18.3480771175869,0,0.424208739237641,0.495315538668139,19.4247339790695,17.8915993542639,18.6581666666667,-0.219549770005728,35.2529010529902,18.529,18.3549514969692,0.125946558018164,0.75499632619872
"6357887","2003-09-22",18.7230170034186,0.200392927308448,0.261402652070061,0.423164596739667,19.4532504186582,17.7447495813418,18.599,-0.00473099836918975,42.3993127495445,18.4952,18.2549579640399,-0.203681634368613,0.563260734085253
"6357886","2003-09-23",18.4830248738684,0.184675834970531,0.128356254092993,0.271322548466898,19.4604034900634,17.6342631766033,18.5473333333333,0.093496004736475,42.0076872265526,18.45,18.1629635688346,-0.478728205420897,0.354862946184023
"6357885","2003-09-24",18.2601750392861,0.280943025540275,0.222003929273085,0.203920945145379,19.4662774890452,17.5715558442881,18.5189166666667,0.209412021097206,45.3380248773595,18.4174,18.1159017596567,-0.581945251680016,0.167501306611215
"6357884","2003-09-25",18.4655759813866,0.174852652259332,0.213490504256713,0.187950229207596,19.4809573940086,17.4682092726581,18.4745833333333,0.129238257840578,42.4451585799322,18.3738,18.0391148583691,-0.776058402379132,-0.021210635186854
"6357883","2003-09-26",19.3426373291843,0,0.151931892599869,0.195808775376555,19.5407548210535,17.2835785122799,18.4121666666667,0.00579846347665417,37.5689137882313,18.31,17.9045662105866,-1.14762556410349,-0.246493620970182
"6357882","2003-09-29",20.1886654077016,0,0.0582842174197772,0.141235538092119,19.572024200583,17.1076424660837,18.3398333333333,0.0496503979896276,37.3424417611992,18.2374,17.784624049175,-1.44014323387951,-0.485223543552047
"6357881","2003-09-30",20.9613824141377,0.0702087286527522,0.0234029095509172,0.0778730065235206,19.5503962660716,16.9837704005951,18.2670833333333,0.144637208094217,40.2145312675645,18.1766,17.7053408426184,-1.57201301220442,-0.702581437282522
"6357880","2003-10-01",21.7719514920092,0.0455407969639472,0.0385831752055663,0.0400901007254198,19.4514720180272,16.8970279819729,18.17425,0.162972977870953,39.5289389035104,18.1266,17.6279620636026,-1.68822032260924,-0.899709214347865
"6357879","2003-10-02",22.5246227786041,0.0929791271347252,0.069576217583808,0.0438541007800968,19.3686076249974,16.8265590416693,18.0975833333333,0.223615300690464,41.5911951167141,18.078,17.5775671217889,-1.70444401551791,-1.06065617458187
"6357878","2003-10-03",23.2235318304423,0.13472485768501,0.0910815939278938,0.066413662239089,19.2776410664045,16.7776922669288,18.0276666666667,0.272262002544712,43.4198285102788,18.0374,17.548558172217,-1.64823045111402,-1.1781710298883
"6357877","2003-10-06",22.9309664673811,0.222011385199241,0.149905123339658,0.103520978283786,19.155137530927,16.7800291357397,17.9675833333333,0.392952254088611,47.1458652117107,17.9982,17.5540837492548,-1.48085873317287,-1.23870857054522
"6357876","2003-10-07",22.9119155361001,0.172675521821632,0.176470588235294,0.139152435167615,19.0348643486855,16.7814689846478,17.9081666666667,0.380994400296375,45.3288531917959,17.9492,17.5415392493541,-1.39197741857935,-1.26936234015204
"6357875","2003-10-08",22.5146505863506,0.57482993197279,0.323172279664554,0.216515997079835,18.9910776502154,16.7805890164513,17.8858333333333,0.525258367077983,51.3824463515613,17.8998,17.5826673494403,-1.12914883760938,-1.24131963964351
"6357874","2003-10-09",21.1166124098344,0.702341137123746,0.483282196972723,0.327641688290857,18.9919663967311,16.7805336032689,17.88625,0.643383662515423,54.250053002168,17.8688,17.6456450361816,-0.817683784180423,-1.15659246855089
"6357873","2003-10-10",20.2644340469361,0.57190635451505,0.616359141203862,0.474271205947046,18.9878796146857,16.7791203853143,17.8835,0.548971687465203,51.1589496247597,17.8318,17.674225698024,-0.652747873855175,-1.05582354961175
"6357872","2003-10-13",18.9678083819848,0.729096989966555,0.66778149386845,0.589140944015011,18.96226463299,16.7849020336766,17.8735833333333,0.656037400526271,54.5219948211411,17.803,17.7303289382875,-0.410341197979824,-0.926727079285365
"6357871","2003-10-14",17.9831719698459,0.792168674698796,0.697724006393467,0.660621547155259,18.8976462166499,16.8153537833501,17.8565,0.777818807170726,57.5368033340499,17.7874,17.8089517465158,-0.115349966101808,-0.764451656648654
"6357870","2003-10-15",17.2485173433303,0.548961424332344,0.690075696332565,0.68519373219816,18.7337057061025,16.8986276272308,17.8161666666667,0.700082313060164,51.2009759372034,17.7758,17.825091513647,-0.057961661735717,-0.623153657666067
"6357869","2003-10-16",16.4133601151983,0.810888252148998,0.717339450393379,0.701713051039803,18.5453524683541,17.0239808649792,17.7846666666667,0.989908797876815,57.5289762773659,17.7906,17.9044126451608,0.206145883816955,-0.457293749369462
"6357868","2003-10-17",16.0768323609097,0.652818991097924,0.670889555859755,0.692768234195233,18.6287543357496,17.0270789975837,17.8279166666667,0.869665012143676,54.5001374132956,17.8032,17.947157625806,0.323213524614085,-0.301192294572753
"6357867","2003-10-20",15.7981585008037,0.643916913946589,0.70254138573117,0.696923463994768,18.6923374145306,17.0264959188027,17.8594166666667,0.80450075910635,54.2634700257218,17.8,17.9822032756985,0.404301215149894,-0.160093592628223
"6357866","2003-10-21",15.4933901520098,0.641025641025642,0.645920515356718,0.673117152315881,18.7537974640018,17.0243692026648,17.8890833333333,0.794461476885025,54.8268156703312,17.7862,18.0179095056054,0.480700415429269,-0.0319347910167249
"6357865","2003-10-22",15.3379911605451,0.579310344827586,0.621417633266605,0.656626511451498,18.7909478101062,17.0222188565605,17.9065833333333,0.732794289466772,53.9325685913413,17.7584,18.0421882381913,0.512772901643754,0.0770067475153709
"6357864","2003-10-23",14.954554086501,0.577777777777777,0.599371254543668,0.62223646772233,18.8409649199018,17.0362017467649,17.9385833333333,0.738119885421332,54.5709392763025,17.7312,18.0685631397658,0.549584975857131,0.171522393183723
"6357863","2003-10-24",14.032859208203,0.51567944250871,0.557589188371358,0.592792692060544,18.871475508503,17.1191911581636,17.9953333333333,0.749008292089584,53.7685375669788,17.7754,18.0860880544637,0.554404404950359,0.24809879553705
"6357862","2003-10-27",14.2489418606401,0.684931506849316,0.592796242378601,0.583252228431209,18.9907765864742,17.1772234135258,18.084,1.00692383716477,63.2300662849855,17.8252,18.1879429805352,0.837205680483,0.36592017252624
"6357861","2003-10-28",14.238950135551,0.637931034482759,0.612847327946929,0.587744252898962,19.0798039975598,17.2473626691069,18.1635833333333,0.927344287194436,61.8665379194614,17.874,18.2675505831305,1.01906813427148,0.496549764875289
"6357860","2003-10-29",14.229672105111,0.682758620689657,0.668540387340578,0.624727985888702,19.1419268126501,17.3520731873499,18.247,0.910461870335054,62.7320258363146,17.9156,18.3452105053798,1.17697189627737,0.632634191155705
"6357859","2003-10-30",14.3559096952548,0.721014492753624,0.68056804930868,0.653985254865395,19.1996121311132,17.4597212022201,18.3296666666667,0.913052711944349,63.7542461336283,17.971,18.4225157713292,1.31853380845763,0.769814114616091
"6357858","2003-10-31",13.9066929329524,0.608695652173913,0.670822921872398,0.673310452840552,19.2107201577454,17.594613175588,18.4026666666667,0.819079536416761,60.0861698924853,18.0406,18.4688470018186,1.34647962336147,0.885147216365167
"6357857","2003-11-03",13.489563082243,0.623188405797101,0.65096618357488,0.667452384918652,19.2325333281055,17.6916333385612,18.4620833333333,0.785277004553238,60.4027453885958,18.112,18.5116674015761,1.3611574856266,0.980349270217453
"6357856","2003-11-04",15.494046016745,0.268948655256724,0.500277571075913,0.607355558841063,19.2882878012172,17.7967121987828,18.5425,0.973213246570472,59.3882063117946,18.1744,18.543445081366,1.33955249854922,1.05218991588381
"6357855","2003-11-05",17.3553515987825,0.687041564792176,0.526392875282001,0.559212209977597,19.4969033994864,17.7695966005136,18.63325,1.15038629346837,70.7120127000549,18.2736,18.6849857371838,1.67251203079273,1.17625433886559
"6357854","2003-11-06",19.1985542192166,0.767726161369193,0.574572127139364,0.533747524499092,19.7162403160954,17.719093017238,18.7176666666667,1.08783846372857,72.3162468076534,18.3744,18.8296543055593,1.98042128862226,1.33708772881692
"6357853","2003-11-07",21.1726054475489,0.855450236966825,0.770072654376064,0.623679218932476,19.9337616956254,17.713071637708,18.8234166666667,1.07786092004367,74.4617900525118,18.4802,18.9863670648181,2.29373808694957,1.52841780044345
"6357852","2003-11-10",23.157942790194,0.812641083521445,0.811939160619154,0.718861314044861,20.1309348725842,17.7083984607491,18.9196666666667,1.00305401426083,74.3297936617185,18.5766,19.1215181228423,2.50650145868976,1.72403453209271
"6357851","2003-11-11",23.7809819827014,0.670428893905192,0.779506738131154,0.787172851042124,20.2555360544795,17.7309639455205,18.99325,0.861810487973475,66.3499494452557,18.6656,19.1966490397967,2.5108929189662,1.88140620946741
"6357850","2003-11-12",24.359518375744,0.695259593679458,0.726109857035365,0.772518585261891,20.3369436832707,17.8178896500626,19.0774166666667,0.813312056667098,67.015796234178,18.7412,19.2690958344905,2.50717276786947,2.00655952114782
"6357849","2003-11-13",25.149954796671,0.624624624624624,0.663437704069758,0.723018099745425,20.4351196683984,17.8610469982683,19.1480833333333,0.808946211669997,67.6426320094513,18.8106,19.3385497232251,2.49507488117657,2.10426259315357
"6357848","2003-11-14",24.1968441814793,0.330330330330331,0.550071516211471,0.646539692438865,20.4593446616754,17.9514886716579,19.2054166666667,0.644047346194497,56.3422588749228,18.8682,19.3334097601284,2.2547908058087,2.1343682356846
"6357847","2003-11-17",22.7777270360505,0.0660660660660658,0.34034034034034,0.517949853540523,20.435985109216,18.0421815574507,19.2390833333333,0.416833888400523,48.5059960596541,18.8988,19.2702884587779,1.85939376793951,2.07937334213558
"6357846","2003-11-18",21.9108820267317,0,0.132132132132132,0.340847996227981,20.4101940408988,18.1138059591012,19.262,0.323490926230534,45.414082889433,18.9124,19.1889166642742,1.44524334869527,1.95254734344752
"6357845","2003-11-19",21.3877469296579,0,0.0220220220220221,0.164831498164831,20.3787738887135,18.1810594446199,19.2799166666667,0.225510290192045,43.4742599109841,18.9364,19.1010611090377,1.04950762396505,1.77193939955103
"6357844","2003-11-20",20.3181913561369,0.0132625994694953,0.0044208664898319,0.0528583402146618,20.3451817444048,18.2541515889285,19.2996666666667,0.243507604647058,43.9699088942107,18.9418,19.028252961166,0.737237018181647,1.56499892327715
"6357843","2003-11-21",19.3250326092959,0.0185676392572945,0.0106100795755967,0.0123509893624833,20.3191596053729,18.3080070612938,19.3135833333333,0.199881873649848,44.1807506522985,18.9554,18.9664858996772,0.487860002664675,1.34957113915466
"6357842","2003-11-24",18.9297682581948,0.193633952254641,0.0751547303271438,0.0300618921308572,20.3191530463826,18.3205136202841,19.3198333333333,0.404184818182124,50.765021347384,18.9828,18.9569544463869,0.425682179767284,1.16479334727718
"6357841","2003-11-25",18.7474812335509,0.43501326259947,0.215738284703802,0.100501031535514,20.3315652325361,18.3596014341305,19.3455833333333,0.558866868360962,58.1031769754063,19.0268,19.009360520202,0.563475881665987,1.04452985415494
"6357840","2003-11-26",18.2348973850774,0.371352785145889,0.333333333333333,0.20807544945476,20.3385525767519,18.3947807565814,19.3666666666667,0.518863668197148,55.7434511279336,19.068,19.0387791175084,0.614213634134986,0.958466610150951
"6357839","2003-11-28",17.7589266686377,0.392572944297082,0.399646330680814,0.316239316239316,20.3460403071649,18.4241263595018,19.3850833333333,0.516433271308391,56.3793921087983,19.1092,19.0696085685073,0.663499500009768,0.899473188122714
"6357838","2003-12-01",17.8054579174704,0.464285714285714,0.409403814576228,0.380794492863458,20.3559785230061,18.4780214769939,19.417,0.574371598095519,58.0821475754605,19.1562,19.1103274260396,0.738174040978579,0.867213358693887
"6357837","2003-12-02",17.8486655056723,0.491279069767442,0.449379242783412,0.419476462680151,20.3563785662655,18.5381214337345,19.44725,0.532677813057142,58.0821475754605,19.1772,19.1456171025677,0.787921484335419,0.851354983822194
"6357836","2003-12-03",18.5507281301586,0.561046511627907,0.505537098560354,0.454773385306665,20.3791907811213,18.5591425522121,19.4691666666667,0.619502327765428,60.144261903093,19.2056,19.192201488892,0.867518826468983,0.854587752351551
"6357835","2003-12-04",18.4991611066397,0.484076433121018,0.512134004838789,0.489016782060852,20.3533819013587,18.5524514319747,19.4529166666667,0.488200543907018,55.1526859765659,19.2232,19.205241290373,0.834516976289867,0.850573597139215
"6357834","2003-12-05",17.5662325210568,0.305194805194805,0.45010591664791,0.489259006682351,20.3018184050135,18.5378482616532,19.4198333333333,0.392382910193871,48.962092670806,19.2262,19.17787578499,0.678628495786349,0.816184576868642
"6357833","2003-12-08",16.6999416915869,0.305194805194805,0.364822014503543,0.442353978663413,20.2021507417765,18.5398492582235,19.371,0.355020282190385,48.9620926708061,19.2354,19.154159013658,0.548722523318457,0.762692166158605
"6357832","2003-12-09",15.5090483301991,0.220779220779221,0.277056277056277,0.363994736069243,20.0796770491694,18.5519896174973,19.3158333333333,0.316170947334455,46.2624343071043,19.2386,19.1162711451703,0.386426490462921,0.687439031019468
"6357831","2003-12-10",14.7531585289765,0.128712871287129,0.218228965753718,0.286702419104512,20.0021456052825,18.5233543947175,19.26275,0.217505759423341,43.8584863927474,19.2386,19.0674349924809,0.204519608107123,0.590855146436999
"6357830","2003-12-11",14.5856644999681,0.209302325581394,0.186264805882581,0.227183349564192,19.9120918804181,18.5349081195819,19.2235,0.39701204925099,47.0674596594787,19.2096,19.0424436601501,0.113906685956433,0.495465454340886
"6357829","2003-12-12",14.4301343301746,0.113636363636363,0.150550520168295,0.185014763934865,19.7858502188238,18.5684831145095,19.1771666666667,0.368158093453323,47.5640320826363,19.1748,19.0234511721301,0.0499412945647038,0.406360622385649
"6357828","2003-12-15",14.8767281896377,0,0.107646229739252,0.148153851930043,19.7348032192742,18.5603634473924,19.1475833333333,0.35305050334185,43.4989865428812,19.1232,18.9823243491794,-0.07853220485875,0.30938205693677
"6357827","2003-12-16",15.0479484029549,0,0.0378787878787876,0.098691845928778,19.7436811394607,18.522985527206,19.1333333333333,0.190067425871588,42.035092139048,19.069,18.9373477692888,-0.208028770804181,0.20589989138858
"6357826","2003-12-17",14.7753845057753,0,1.01770443923973e-16,0.048508339206013,19.756929469757,18.4904038635764,19.1236666666667,0.136538471005297,39.4800119000903,19.0224,18.8817014000503,-0.360251436633163,0.092669625784231
"6357825","2003-12-18",14.4523808594907,0,1.01770443923973e-16,0.0126262626262623,19.7594556833485,18.4852109833181,19.1223333333333,0.129322897460689,39.0707988302002,18.9728,18.8308078800436,-0.484365085511762,-0.0227373164749676
"6357824","2003-12-19",13.8132532276635,0,1.01770443923973e-16,-2.26670534194303e-16,19.7724189046495,18.4567477620172,19.1145833333333,0.115215395705105,37.1035212529813,18.9174,18.7740334960378,-0.616908252486148,-0.141571503677204
"6357823","2003-12-22",13.2197775695383,0.0900900900900893,0.0300300300300299,0.0100100100100097,19.7763982477795,18.4477684188872,19.1120833333333,0.159737179233531,42.0639011290991,18.8876,18.7448290298994,-0.650308285658274,-0.243318860073418
"6357822","2003-12-23",12.456877948127,0.0725190839694649,0.0542030580198515,0.0280776960166268,19.7841813820606,18.3896519512728,19.0869166666667,0.168765207482404,40.7935147062575,18.8732,18.7121851592462,-0.69269799425733,-0.3331946869102
"6357821","2003-12-24",11.7484711568165,0.17509727626459,0.112568816774715,0.0656006349415317,19.7435168033704,18.3536498632963,19.0485833333333,0.245599148279274,45.0201537710278,18.872,18.7012271380133,-0.662679020688883,-0.399091553665937
"6357820","2003-12-26",11.9097698185949,0.261467889908257,0.169694750047437,0.112155541614001,19.7012853149956,18.3365480183378,19.0189166666667,0.346918035303714,46.9041458612851,18.8784,18.6997301862782,-0.606013254086735,-0.440475893750096
"6357819","2003-12-29",12.9346309268293,0.509174311926605,0.315246492699817,0.199170019840656,19.6611893552098,18.3438106447902,19.0025,0.565154638263425,54.4657052264152,18.8946,18.7344328281078,-0.439558057066147,-0.440292326413307
"6357818","2003-12-30",13.2135169157445,0.366972477064219,0.379204892966361,0.288048711904538,19.5812210863482,18.3659455803185,18.9735833333333,0.503908578734962,50.0583327728154,18.9042,18.7438417843601,-0.370216795354528,-0.426277220201551
"6357817","2003-12-31",13.2411667529758,0.316513761467889,0.397553516819571,0.364001634161916,19.4981126084909,18.3793873915091,18.93875,0.38491365167636,48.5568417906742,18.8984,18.7446628797787,-0.335079757328482,-0.408037727626937
"6357816","2004-01-02",13.8574461015029,0.174311926605503,0.285932721712537,0.354230377166156,19.3382210437275,18.4477789562725,18.893,0.363738097016347,44.5053731143218,18.8682,18.7247078291416,-0.36974696463995,-0.40037957502954
"6357815","2004-01-05",13.8700587667325,0.0550458715596319,0.181957186544341,0.28848114169215,19.2336246479066,18.4792086854267,18.8564166666667,0.292665221249411,41.3863705415737,18.8376,18.6900801185894,-0.448258877749264,-0.409955435573484
"6357814","2004-01-06",13.8817705273028,0.452127659574466,0.227161819246534,0.231683909167804,19.1788819426608,18.5029513906726,18.8409166666667,0.616999199253085,51.6350561362713,18.82,18.7087361027775,-0.348986116239602,-0.397761571706708
"6357813","2004-01-07",13.0544437654728,0.239361702127658,0.248845077753919,0.219321361181598,19.1348671731218,18.5117994935449,18.8233333333333,0.42777670632736,46.805691111638,18.7902,18.6982379557405,-0.352542298193548,-0.388717717004076
"6357812","2004-01-08",13.0598225665753,0.27127659574468,0.320921985815602,0.265642960938684,19.1124560172114,18.5180439827886,18.81525,0.597715607978438,47.5974155093338,18.7616,18.6931395616417,-0.338531390427466,-0.378680451688754
"6357811","2004-01-09",12.135222520595,0.0106382978723383,0.173758865248226,0.247841976272582,19.1128966134413,18.4947700532253,18.8038333333333,0.197203325802285,42.0880994753675,18.7184,18.6560542867562,-0.428406439042406,-0.388625649159484
"6357810","2004-01-12",11.294658484525,0.204301075268819,0.162071989628613,0.218917613564146,19.06920677998,18.50479322002,18.787,0.425586479525778,47.1929005992921,18.691,18.649247048522,-0.412829077259513,-0.39346633477949
"6357809","2004-01-13",10.8484856742859,0.0913978494623665,0.102112407534508,0.145981087470448,19.0351047366671,18.5058952633329,18.7705,0.341587617838429,44.8405486023651,18.671,18.6293474420524,-0.440895435602928,-0.402952154944178
"6357808","2004-01-14",10.6409383196273,0.354838709677421,0.216845878136202,0.160343425099774,19.0274356419396,18.5095643580604,18.7685,0.821508462011651,50.9803875500769,18.6608,18.6447677831121,-0.352995795917799,-0.392960883138902
"6357807","2004-01-15",10.4482157760157,0.360215053763442,0.268817204301077,0.195925163323929,19.043305150547,18.5098615161196,18.7765833333333,0.762601940097555,51.1000159687396,18.656,18.6587987453638,-0.277983895164335,-0.369965485543989
"6357806","2004-01-16",10.2692591283764,0.430107526881723,0.381720430107529,0.289127837514936,19.0642236293507,18.5186097039826,18.7914166666667,0.808979161812265,52.7155311344027,18.6586,18.6796255793153,-0.188296511495067,-0.333631690734204
"6357805","2004-01-20",10.6001321222404,0.70618556701031,0.498836049218492,0.383124561209032,19.1349411606676,18.5023921726657,18.8186666666667,1.09494733288894,59.0964028220562,18.6674,18.7356755020733,0.00550541643051794,-0.26580426930126
"6357804","2004-01-21",11.7448566071756,0.619433198380568,0.5852420974242,0.488599525583407,19.228636059048,18.4815306076186,18.8550833333333,1.14459887477989,60.69960474471,18.6786,18.7949187684635,0.190776737305631,-0.174488067979882
"6357803","2004-01-22",12.60968132738,0.587044534412957,0.637554433267945,0.573877526636879,19.2941726311765,18.4791607021568,18.8866666666667,0.996925241925135,59.4450288123021,18.6956,18.840929599335,0.316313490330122,-0.0763277563178809
"6357802","2004-01-23",13.1347854958647,0.542510121457492,0.582995951417005,0.601930827369716,19.3236662845593,18.5058337154407,18.91475,0.832484516922234,57.6797163534289,18.7132,18.8734723194237,0.387510486168963,0.0164398921794878
"6357801","2004-01-26",13.5182368860807,0.526315789473686,0.551956815114712,0.590835733266553,19.3435927489862,18.5300739176805,18.9368333333333,0.745640697723751,57.0166458645438,18.735,18.8990093435005,0.430265144177588,0.0992049425791079
"6357800","2004-01-27",12.5634102476757,0.299595141700406,0.456140350877194,0.530364372469637,19.3464181760132,18.5412484906535,18.9438333333333,0.50765884108504,48.5942741985047,18.7464,18.8838080977005,0.340668403596278,0.147497634782542
"6357799","2004-01-28",11.6976202772359,0.291497975708502,0.372469635627531,0.460188933873145,19.3328596615966,18.5386403384034,18.93575,0.488563192725127,48.3197478407574,18.7612,18.8693003513404,0.262344035324347,0.170466914890903
"6357798","2004-01-29",11.0052595597588,0.271255060728746,0.287449392712551,0.372019793072425,19.3281885788656,18.5336447544677,18.9309166666667,0.438014746968396,47.5958246389515,18.769,18.8533936378284,0.187394929724372,0.173852517857597
"6357797","2004-01-30",10.8467877734585,0.121739130434783,0.22816405562401,0.296027694654697,19.3289962073694,18.528837125964,18.9289166666667,0.301393659886294,44.4409064276448,18.7746,18.8249411527846,0.0799194771365253,0.155065909713382
"6357796","2004-02-02",10.2297103847531,0.117391304347828,0.170128498503786,0.228580648946782,19.3283974810503,18.5321025189497,18.93025,0.33433693173357,44.2971731714592,18.7748,18.7996156657466,-0.00742850149177965,0.12256702747235
"6357795","2004-02-03",9.51239135738601,0.11822660098522,0.11911901192261,0.172470522016802,19.3243035290004,18.5551964709996,18.93975,0.435314596995996,48.5943309231921,18.7774,18.7936669103137,-0.0249054291892703,0.0930725361400259
"6357794","2004-02-04",10.2117568862525,0,0.0785393017776824,0.122595604068026,19.3336716605212,18.5159950061455,18.9248333333333,0.129234043745415,39.4457706890369,18.7558,18.7438446556052,-0.180761123704254,0.03830580417117
"6357793","2004-02-05",10.8611677344856,0.11382113821138,0.0773492463988665,0.0916691866997195,19.3382749428497,18.5010583904837,18.9196666666667,0.207761789975068,44.1757370765807,18.746,18.7193320348579,-0.241472768704676,-0.0176499104039992
"6357792","2004-02-06",12.3236292785078,0.468354430379746,0.194058522863709,0.116649023680086,19.4231229080751,18.4728770919249,18.948,1.0177607642549,58.9682388365153,18.7624,18.7780877635435,-0.0308831365909423,-0.0202965556413878
"6357791","2004-02-09",13.8014728025286,0.765243902439025,0.449139823676717,0.240182530979764,19.5870079547087,18.427658711958,19.0073333333333,1.18659207307659,67.0411674779312,18.8056,18.8976760617377,0.351646048451526,0.0540919651771949
"6357790","2004-02-10",15.9477297225965,0.420673076923077,0.551423803247283,0.398207383262569,19.6938519572522,18.4159813760812,19.0549166666667,1.00220265608739,57.9770031712009,18.8388,18.9506525868393,0.485579672378944,0.140389506617545
"6357789","2004-02-11",17.9406825769452,0.451923076923076,0.545946685428393,0.515503437450798,19.7771816024379,18.4329850642288,19.1050833333333,0.935142220679987,58.9981864859598,18.86,19.0052322419274,0.611775679173876,0.234666741128811
"6357788","2004-02-12",19.7912816559833,0.600961538461539,0.491185897435898,0.529518795370524,19.877143412364,18.418356587636,19.14775,0.939120591490648,63.5477902158952,18.9016,19.0938679430038,0.832657549323224,0.354264902767694
"6357787","2004-02-13",20.7657279383623,0.519230769230769,0.524038461538461,0.52039034813425,19.9414329444713,18.429900388862,19.1856666666667,0.823733241151454,59.6395877959768,18.9352,19.1480188839366,0.924254299001803,0.468262782014515
"6357786","2004-02-17",21.6705709148572,0.555288461538461,0.55849358974359,0.524572649572649,20.0029730984362,18.4425269015638,19.22275,0.806910079710898,60.7854204239319,18.9816,19.2049496994117,1.0160652398729,0.577823273586192
"6357785","2004-02-18",21.004498925592,0.372596153846153,0.482371794871794,0.521634615384615,20.0121439079782,18.4483560920219,19.23025,0.573379520436932,52.6322821175264,19.0052,19.2036230728235,0.918403681612689,0.645939355191492
"6357784","2004-02-19",19.7566669689167,0.281249999999999,0.403044871794871,0.481303418803418,20.0020700845369,18.4400965821297,19.2210833333333,0.456625384556397,49.0870322585857,19.0254,19.177139996447,0.752528531962415,0.667257190545676
"6357783","2004-02-20",18.5006434929159,0.266826923076923,0.306891025641025,0.397435897435896,19.9930287221034,18.4274712778966,19.21025,0.413609046732526,48.5311692938205,19.0346,19.1501879969208,0.601470192629372,0.654099790962415
"6357782","2004-02-23",17.7110768536685,0.161057692307691,0.236378205128204,0.315438034188033,19.9902294680802,18.4019371985865,19.1960833333333,0.315682538017178,44.5472715534922,19.0348,19.097496263998,0.384408731448938,0.60016157905972
"6357781","2004-02-24",16.9427008303463,0.161057692307691,0.196314102564102,0.246527777777777,19.9884399229479,18.3807267437188,19.1845833333333,0.327135418022789,44.5472715534922,19.0324,19.0518300954649,0.209643640450907,0.522057991337957
"6357780","2004-02-25",16.2292088086899,0.144329896907217,0.155481760507533,0.196058022733279,19.9883782836663,18.3816217163337,19.185,0.358929055418171,46.5146498762488,19.022,19.0235860827363,0.105743422910121,0.43879507765239
"6357779","2004-02-26",15.5464121804276,0.0687679083094561,0.124718499174788,0.158838120748807,19.9879403400657,18.387726326601,19.1878333333333,0.372204593711044,47.3430768723031,19.0098,19.0037746050381,0.0377399533114664,0.358584052784205
"6357778","2004-02-27",14.4863899681825,0.0888252148997141,0.100641006705462,0.126947088795927,19.9867813789541,18.4057186210459,19.19625,0.407498928003656,48.2070000978198,19.0006,18.9912713243664,-0.00130616619286039,0.286606008988792
"6357777","2004-03-01",13.7909433362274,0.0315186246418336,0.0630372492836679,0.0961322517213057,19.9803416540894,18.4288250125773,19.2045833333333,0.327319501771137,45.8903640340009,18.9896,18.9671018144508,-0.073964427659079,0.214491921659218
"6357776","2004-03-02",13.8680186116376,0.122257053291536,0.0808669642776945,0.0815150734222745,19.9763025307944,18.4691974692056,19.22275,0.459469757689652,49.5459457415817,18.985,18.9648215725241,-0.0711814495445551,0.157357247418463
"6357775","2004-03-03",13.8157853044547,0.129921259842522,0.0945656459252971,0.0794899531622195,19.9734988952895,18.4836677713772,19.2285833333333,0.35104575739838,48.7853580681919,18.9904,18.9588453628542,-0.0808169153922789,0.109722414856315
"6357774","2004-03-04",13.1043032689763,0,0.0840594377113526,0.086497349304781,19.9518669514064,18.5314663819269,19.2416666666667,0.247723747066191,44.7192145808915,18.9896,18.9316659811403,-0.156965881465221,0.0563847555920078
"6357773","2004-03-05",13.5405570289413,0.095833333333335,0.0752515310586189,0.0846255382317559,19.9280697778483,18.5955968888183,19.2618333333333,0.362286128662933,47.973928464184,18.9944,18.9234438503216,-0.166426552363852,0.0118224940008358
"6357772","2004-03-08",13.627892274612,0.0393258426966294,0.0450530586766547,0.0681213424822084,19.9103192717857,18.5685140615476,19.2394166666667,0.31536068118558,45.9472941914275,19.0004,18.9056513369454,-0.205715421599928,-0.0316850891193169
"6357771","2004-03-09",12.9606020173059,0,0.0450530586766547,0.0551192161373091,19.840960734275,18.528539265725,19.18475,0.138264070364148,41.255134357841,18.9986,18.8635644920193,-0.318771922700267,-0.089102455835507
"6357770","2004-03-10",13.3027284483674,0,0.0131086142322097,0.0344049105285061,19.8393464284534,18.3868202382133,19.1130833333333,-0.0850152690600105,31.7424263393106,18.9702,18.7544225597501,-0.635591418340653,-0.198400248336536
"6357769","2004-03-11",14.0627463551892,0,-5.08852219619863e-17,0.0193872243029545,19.8483407146888,18.2113259519779,19.0298333333333,-0.113820569137294,29.1522954557335,18.9474,18.6338328851167,-0.962030987368434,-0.351126396142916
"6357768","2004-03-12",14.3812614239698,0.115273775216138,0.0384245917387126,0.0171777353236404,19.7680249130096,18.1323084203238,18.9501666666667,0.0383266782211782,35.0097616056465,18.927,18.5559885004345,-1.12306155344964,-0.505513427604262
"6357767","2004-03-15",15.0827387698383,0.0144092219020165,0.0432276657060514,0.0272174191482543,19.7092123588943,18.0259543077724,18.8675833333333,-0.00155708415433442,32.4793883852732,18.8756,18.4651900337099,-1.31324063646453,-0.667058869376315
"6357766","2004-03-16",15.7151219802361,0.0806916426512951,0.0701248799231498,0.0505923791226376,19.6005569388909,17.9746097277757,18.7875833333333,0.0781433357875057,35.7649669472896,18.8082,18.4018313625486,-1.39884574611742,-0.813416244724536
"6357765","2004-03-17",14.621157911487,0.158501440922189,0.084534101825167,0.0659622158181224,19.528939059656,17.948560940344,18.73875,0.265615163776162,39.4875212620821,18.7614,18.3649205142088,-1.39202912235425,-0.929138820250479
"6357764","2004-03-18",13.6053341333628,0.351585014409222,0.196926032660902,0.117195004803073,19.4789129860798,17.9374203472535,18.7081666666667,0.391987807267906,47.6023057362585,18.7254,18.3775977789809,-1.22534806666688,-0.988380669533759
"6357763","2004-03-19",13.5073510792054,0.158501440922189,0.222862632084533,0.168107588856867,19.4404994056622,17.8981672610045,18.6693333333333,0.25945518526274,41.5952644158424,18.6636,18.3439180751168,-1.22642867573209,-1.03599027077343
"6357762","2004-03-22",13.0897486229964,0.243161094224923,0.251082516518778,0.223623727088071,19.4158083779744,17.8741916220256,18.645,0.351887096807788,44.413960492943,18.6136,18.3313956651012,-1.1591010239431,-1.06061242140736
"6357761","2004-03-23",13.2456925809536,0.112462006079027,0.17137484707538,0.21510666522623,19.3920066337145,17.8311600329522,18.6115833333333,0.26086695526791,40.7693809253984,18.552,18.2918762430877,-1.1869848664711,-1.08588691042011
"6357760","2004-03-24",13.3904976847709,0.158054711246199,0.171225937183383,0.197894433592513,19.3543934110242,17.7989399223092,18.5766666666667,0.296415213335441,42.5406958553942,18.5086,18.2676260773427,-1.16288750272251,-1.10128702888059
"6357759","2004-03-25",12.4435808686819,0.41747572815534,0.229330815160189,0.190643866472983,19.3147140846761,17.803285915324,18.559,0.546975437827404,50.6923857590706,18.4882,18.2979426003637,-0.96271506415111,-1.07357263593469
"6357758","2004-03-26",12.4542242325604,0.685714285714284,0.420414908371941,0.273657220238504,19.2989327036139,17.8097339630528,18.5543333333333,0.770167656186522,56.1711416902025,18.4816,18.3662169203152,-0.657943481117707,-0.990446804971295
"6357757","2004-03-29",13.865332647305,0.595794392523365,0.56632813546433,0.405357952998819,19.3970052072567,17.7593281260767,18.5781666666667,1.00997029650369,60.8552427051344,18.4964,18.4673879976065,-0.276035230417626,-0.847564490060562
"6357756","2004-03-30",15.1756476038535,0.761682242990655,0.681063640409434,0.555935561415235,19.4947338364287,17.7035994969047,18.5991666666667,1.0485350698268,65.3496845899256,18.5254,18.602402931259,0.177185821296288,-0.642614427789192
"6357755","2004-03-31",16.508727372363,0.756501182033098,0.704659272515706,0.650683682796489,19.6119173307334,17.6459160026,18.6289166666667,0.994786034007194,65.2360746526243,18.5508,18.7187492070911,0.525445104330369,-0.40900252136528
"6357754","2004-04-01",17.9791467868089,0.856132075471698,0.79143850016515,0.725720471030096,19.7768266691661,17.5718399975006,18.6743333333333,1.00673019827798,67.8262416136067,18.5834,18.8482493128123,0.881104488753848,-0.150981119341454
"6357753","2004-04-02",19.9672329750308,0.786008230452674,0.79954716265249,0.765214978444448,19.9748384274887,17.473328239178,18.7240833333333,1.03937417736889,70.1645264052247,18.623,18.9884827377707,1.2351172888462,0.126238562296077
"6357752","2004-04-05",21.8200971160147,0.830543933054393,0.824228079659588,0.805071247492409,20.1772550876052,17.3872449123948,18.78225,0.992023295182587,71.4417694288583,18.6714,19.1260183727346,1.54513983909161,0.410018817655184
"6357751","2004-04-06",23.8554602562986,0.813333333333334,0.809961832280133,0.811245691530737,20.4125502865401,17.3142830467932,18.8634166666667,0.974431852685095,72.9978553012575,18.7202,19.2652159230366,1.82921997080019,0.693859048284185
"6357750","2004-04-07",25.903709982217,0.838181818181818,0.827353028189848,0.820514313376523,20.6498859226316,17.2994474107018,18.9746666666667,0.951781658214887,74.6816168143829,18.777,19.4085204666317,2.09732400256921,0.97455203914119
"6357749","2004-04-08",27.9189842944569,0.901408450704225,0.850974534073125,0.829429798181035,20.880510248184,17.3351564184827,19.1078333333333,0.945794714975779,76.9985498307863,18.8506,19.5667177377475,2.38359386408364,1.25636040412968
"6357748","2004-04-12",29.946351803904,0.922428330522765,0.887339533136269,0.85522236513308,21.1139495371194,17.366883796214,19.2404166666667,0.928668753383517,78.4556627231548,18.9266,19.7271553727145,2.64694196663118,1.53447671662998
"6357747","2004-04-13",30.7156935993816,0.804713804713805,0.876183528646931,0.871499198618775,21.2619768925776,17.4858564407558,19.3739166666667,0.849410640762294,70.9841308894519,18.995,19.8302013230192,2.71065067686238,1.76971150867646
"6357746","2004-04-14",30.0357132085957,0.618955512572534,0.782032549269701,0.848518537017633,21.316406802107,17.650093197893,19.48325,0.71958932602164,61.5200587910306,19.0552,19.8655078132833,2.56589410233634,1.92894802740844
"6357745","2004-04-15",29.5062421531037,0.632158590308371,0.685275969198236,0.781164015704956,21.3851668113359,17.7849998553308,19.5850833333333,0.727744067618593,63.4630463690537,19.1432,19.9161067715122,2.48283911065335,2.03972624405742
"6357744","2004-04-16",29.261725019738,0.703324808184144,0.651479637021682,0.706262718496539,21.475287269879,17.902212730121,19.68875,0.759230528132986,66.5547879236178,19.2492,19.9939592019773,2.49037914702745,2.12985682465143
"6357743","2004-04-19",28.5233582896391,0.545171339563864,0.626884912685459,0.654546839635126,21.4930942212866,18.1005724453801,19.7968333333333,0.695478971240928,63.1686236338746,19.3412,20.0414313083803,2.40716352853572,2.18531816542828
"6357742","2004-04-20",28.421453233868,0.616822429906542,0.621772859218183,0.633379136308441,21.5154256063184,18.2994077270149,19.9074166666667,0.724164383943904,64.653421606516,19.4448,20.0979071339296,2.35952842711293,2.22016021776521
"6357741","2004-04-21",27.5412206947758,0.384892086330936,0.515628618600447,0.588095463501363,21.4337558009339,18.5905775323994,20.0121666666667,0.612960439456442,59.2822142497709,19.5342,20.1148528494056,2.19971841184843,2.21607185658186
"6357740","2004-04-22",27.1255220953875,0.245762711864409,0.415825742700629,0.517742406839752,21.2959497920557,18.9395502079443,20.11775,0.607756200764404,58.5187010172133,19.6168,20.1248724694849,2.03550438144986,2.17995836155546
"6357739","2004-04-23",26.7395162530983,0.160377358490568,0.26367738556197,0.398377248954348,21.1654670933065,19.2408662400269,20.2031666666667,0.570231012542851,58.5187010172133,19.686,20.1335561402202,1.88361602198461,2.12068989364129
"6357738","2004-04-26",26.3810822566869,0.269035532994925,0.225058534449967,0.301520554237522,21.0516150401555,19.4993849598445,20.2755,0.58235462960988,61.3246311907848,19.7754,20.1637486548575,1.81032080408596,2.05861607573022
"6357737","2004-04-27",27.1786064998233,0.446700507614215,0.292037799699902,0.260257906570613,21.0287464449866,19.6515868883468,20.3401666666667,0.766127478281621,64.0225489857779,19.8668,20.2132488342099,1.80101319805785,2.00709550019575
"6357736","2004-04-28",27.2268286380366,0.248730964467006,0.321489001692048,0.279528445280638,20.9843613023078,19.7898053643589,20.3870833333333,0.611268683570304,59.0772162462079,19.959,20.2301489896486,1.69588943222276,1.94485428660115
"6357735","2004-04-29",26.3026195758367,0,0.23181049069374,0.281779097361896,20.9017321837772,19.9397678162228,20.42075,0.348487111460751,52.2756087408008,20.036,20.2041291243621,1.47390578566271,1.85066458641346
"6357734","2004-04-30",25.4444254466511,0.0430622009569361,0.0972643884746469,0.216854626953478,20.8387030420486,20.0482969579514,20.4435,0.250971889901158,53.1329554193241,20.0994,20.1875785744471,1.30101771808144,1.74073521274706
"6357733","2004-05-03",24.8849623668585,0,0.0143540669856448,0.114476315384677,20.821465980993,20.082534019007,20.452,0.217610446696805,51.9056143497751,20.148,20.1659014311875,1.12903542058937,1.61839525431552
"6357732","2004-05-04",24.54419669675,0.24390243902439,0.0956548799937748,0.0690911118180218,20.8097107957442,20.1222892042558,20.466,0.454903947760964,56.7913907159197,20.194,20.1804479070292,1.08034726085395,1.51078565562321
"6357731","2004-05-05",24.9740276623463,0.232558139534883,0.15882019285309,0.0896097132775029,20.8167727070131,20.1368939596536,20.4768333333333,0.607617228735016,56.7913907159197,20.2258,20.1930548527586,1.02980885766955,1.41459029603248
"6357730","2004-05-06",26.6396760961167,0.66579634464752,0.380752307735597,0.211742460194154,21.093673757384,19.9624929092827,20.5280833333333,1.37099246920046,70.8650428040226,20.2988,20.3406475390575,1.38151273249996,1.40797478332597
"6357729","2004-05-07",28.5015394442524,0.609090909090908,0.50248179775777,0.347351432782152,21.3232200834408,19.8292799165592,20.57625,1.21985256873537,71.4990155070968,20.3658,20.4772278671831,1.66321742973952,1.45902331260868
"6357728","2004-05-10",29.2246070009259,0.465909090909091,0.580265448215839,0.487833184569735,21.3836501054228,19.8053498945772,20.5945,0.891032493327726,64.2074093599621,20.4118,20.5535974848921,1.74009406168041,1.51523746242303
"6357727","2004-05-11",30.0939757152383,0.620454545454546,0.565151515151515,0.549299587041708,21.514177064528,19.754322935472,20.63425,0.985314844697642,68.0007042614862,20.4666,20.6651178202398,1.91055129473721,1.59430022888586
"6357726","2004-05-12",30.9012466642426,0.620454545454546,0.568939393939394,0.571452119102249,21.6325794559797,19.755587210687,20.6940833333333,0.921374498829288,68.0007042614862,20.5154,20.7617687775412,2.0202352371373,1.67948723053615
"6357725","2004-05-13",32.0417108619936,0.686363636363636,0.642424242424242,0.592171717171716,21.7787208012857,19.7369458653809,20.7578333333333,0.951649518490163,69.5945049309008,20.5632,20.864866273869,2.1368389464028,1.77095757370948
"6357724","2004-05-14",32.9596042606755,0.668181818181818,0.658333333333333,0.623232323232322,21.8945094638425,19.7224905361575,20.8085,0.87745220489727,68.5797385232564,20.5992,20.9488841040198,2.18681301167283,1.85412866130215
"6357723","2004-05-17",32.8901116596065,0.545454545454546,0.633333333333333,0.644696969696969,21.9522885503122,19.7545447830211,20.8534166666667,0.729743191258838,62.0073564135959,20.6174,20.9856995568172,2.09744395317204,1.90279171967613
"6357722","2004-05-18",33.1478647306596,0.565909090909091,0.593181818181818,0.628282828282828,22.0185532029181,19.7709467970819,20.89475,0.749265173183908,62.649826681532,20.6482,21.0236062825749,2.02023561231641,1.92628049820418
"6357721","2004-05-19",33.7315700391888,0.784090909090909,0.631818181818181,0.619444444444444,22.1368486612303,19.804484672103,20.9706666666667,0.877728349480154,68.7250652871189,20.7144,21.1204587782316,2.11758095228536,1.96454058902042
"6357720","2004-05-20",34.0114455764183,0.75,0.699999999999999,0.641666666666666,22.2228787178457,19.8586212821543,21.04075,0.80985768397048,66.8941692192218,20.7716,21.1943976078007,2.13992273856933,1.9996170189302
"6357719","2004-05-21",34.376719772236,0.766666666666666,0.766919191919191,0.699579124579124,22.3039041484669,19.9295958515331,21.11675,0.812336580001427,68.0550761741258,20.8224,21.2711445934273,2.16756424408329,2.03320646396082
"6357718","2004-05-24",34.7830413576642,0.802564102564102,0.773076923076922,0.746665371665371,22.3812376591251,20.0037623408749,21.1925,0.805295843772434,68.9199131781237,20.882,21.3469919809703,2.18952426455341,2.06447002407934
"6357717","2004-05-25",36.1881578739645,0.476190476190475,0.681807081807081,0.740601065601064,22.5131335977543,20.0223664022457,21.26775,0.87896623512977,69.677675133141,20.9394,21.4207263835076,2.20299874633132,2.09217576852973
"6357716","2004-05-26",37.5632917337136,0.802702702702703,0.693819093819093,0.716234366234365,22.7084944060814,20.0406722605852,21.3745833333333,0.980573015520441,76.2713884227975,21.0318,21.5692961990399,2.42215997022697,2.15817260886918
"6357715","2004-05-27",38.9503415793814,0.830769230769232,0.703220803220803,0.692948992948992,22.8672363463474,20.1324303203193,21.4998333333333,0.968101450151432,77.3967280187178,21.131,21.7160567058346,2.61231442307794,2.24900097171093
"6357714","2004-05-28",40.1143434876132,0.797183098591549,0.810218344021161,0.735752747020352,22.9672874868042,20.2820458465292,21.6246666666667,0.916598137719964,76.528158260421,21.229,21.8392491450566,2.7172567134055,2.34265212004985
"6357713","2004-06-01",41.733330005076,0.648769574944071,0.758907301434951,0.757448816225638,23.0603877774926,20.458278889174,21.7593333333333,0.952453522840116,76.8545055713811,21.3216,21.9506825923824,2.77871783023458,2.42986526208679
"6357712","2004-06-02",43.3965506841697,0.834368530020703,0.760107067852108,0.776410904436073,23.2391536286744,20.5733463713256,21.90625,1.05033361068736,81.360011764969,21.4298,22.1225915800648,2.99649694060464,2.54319159779036
"6357711","2004-06-03",44.1497345210224,0.751552795031055,0.744896966665276,0.754637111984111,23.3213528316722,20.7513138349945,22.0363333333333,0.933975256708204,75.7396212913151,21.5378,22.2449127027228,3.05716037806745,2.64598535384578
"6357710","2004-06-04",44.7117498383256,0.737060041407867,0.774327122153208,0.75977705222353,23.4617327698179,20.7722672301821,22.117,0.87541535735883,74.7662383094002,21.6566,22.3462576756931,3.05495868943786,2.7277800209642
"6357709","2004-06-07",45.6704423691982,0.818548387096774,0.769053741178565,0.762759276665683,23.6519208092982,20.7619125240352,22.2069166666667,0.930131408159682,77.4023431807505,21.7854,22.473423318934,3.12107570008902,2.80643915678916
"6357708","2004-06-08",46.6548115747456,0.859122401847575,0.804910276784072,0.782763713371948,23.8248173347326,20.8315159986007,22.3281666666667,0.937142757464879,79.2609992862415,21.9258,22.6149668764095,3.21735195135249,2.88862171570183
"6357707","2004-06-09",47.2154614778379,0.819861431870669,0.832510740271672,0.802158252744769,23.9681329641201,20.8955337025466,22.4318333333333,0.867712557723757,76.8004331100134,22.0528,22.7263046262216,3.22329263348102,2.95555589925767
"6357706","2004-06-10",45.8929161583889,0.565217391304349,0.748067075007531,0.795162697354425,24.0104098400401,21.0145901599599,22.5125,0.695550265334278,63.9688563459636,22.1594,22.7547973427253,3.01123811870589,2.96669234314731
"6357705","2004-06-14",44.351682031793,0.5,0.628359607725005,0.736312474334736,24.0390274859555,21.1173058473778,22.5781666666667,0.642096584830292,61.7889313627876,22.221,22.7661576970286,2.77563857472807,2.92848158946346
"6357704","2004-06-15",44.0809071415544,0.668997668997669,0.578071686767339,0.651499456499958,24.1290598092106,21.221606857456,22.6753333333333,0.808288164316606,67.663269616162,22.2998,22.8420033374248,2.73211230564128,2.88920773269903
"6357703","2004-06-16",43.8294733149042,0.764900662251656,0.644632777083108,0.617021357191817,24.1931800202202,21.3994866464465,22.7963333333333,0.851506006070216,71.095264301841,22.4054,22.9550695591015,2.78898634406801,2.86916345497282
"6357702","2004-06-17",43.7986405060691,0.62457337883959,0.686157236696304,0.636287233515583,24.2207222457787,21.6002777542213,22.9105,0.815913325392111,68.1338215044831,22.492,23.0350602845546,2.75310781502063,2.84595232698238
"6357701","2004-06-18",44.0534361732477,0.557863501483679,0.649112514191641,0.659967509323684,24.2828592350025,21.7358074316642,23.0093333333333,0.821548230360518,68.3963586286634,22.5796,23.1077189132807,2.70108355713019,2.81697857301195
"6357700","2004-06-21",44.008781560716,0.5,0.560812293441089,0.632027348109678,24.2657955067927,21.9370378265406,23.1014166666667,0.720539619767446,66.5080642148917,22.6582,23.1600230581766,2.60108093682674,2.7737990457749
"6357699","2004-06-22",43.6288170983818,0.380471380471381,0.479444960651686,0.563123256094805,24.2102669182732,22.1578997483935,23.1840833333333,0.659612440766401,64.2399736935185,22.7346,23.1926866504197,2.45991514166306,2.71102226495254
"6357698","2004-06-23",43.7577433430069,0.410774410774411,0.430415263748597,0.49022417261379,24.1346426598703,22.4068573401297,23.27075,0.720465275584039,64.851432629493,22.8236,23.2269950970304,2.33643909348857,2.63610563065974
"6357697","2004-06-24",43.8774605701588,0.569023569023568,0.453423120089786,0.454427781496689,24.0942244543988,22.6064422122679,23.3503333333333,0.804480042288436,67.9349177480621,22.9202,23.2880624174264,2.29320022512307,2.56752454955241
"6357696","2004-06-25",44.4935956314472,0.561514195583596,0.513770725127191,0.465869702988525,24.1331171304468,22.6980495362199,23.4155833333333,0.880527952502153,68.5047005097765,22.9994,23.3469874284362,2.24783483613717,2.50358660686936
"6357695","2004-06-28",45.4232032163341,0.714659685863874,0.615065816823679,0.527419887346885,24.2684762472529,22.7233570860805,23.4959166666667,1.07649275368775,73.7975001498479,23.1006,23.4613891046447,2.34745418280418,2.47236012205633
"6357694","2004-06-29",46.2864102594433,0.725130890052357,0.667101590499942,0.59864604415027,24.3450015999623,22.8041650667044,23.5745833333333,0.981610681805609,73.9956559026207,23.1988,23.5632038906921,2.40357989624667,2.45860407689439
"6357693","2004-06-30",47.305173848468,0.756544502617801,0.732111692844677,0.671426366722765,24.4456474195722,22.8523525804278,23.649,0.987041055387255,74.6158568206662,23.2966,23.6594433719331,2.43877122232028,2.45463750597957
"6357692","2004-07-01",47.3020646678655,0.630890052356022,0.704188481675393,0.701133921673337,24.5229860663353,22.8643472669981,23.6936666666667,0.845464003512388,67.6641738361973,23.3824,23.710850922342,2.35659972799289,2.43502995038224
"6357691","2004-07-02",46.5719273160163,0.36042402826855,0.582619527747457,0.672973234089175,24.5396257520469,22.9352075812864,23.7374166666667,0.680283423156996,62.4432454853088,23.4348,23.7287374660298,2.19776772360283,2.38757750502635
"6357690","2004-07-06",45.6974784110828,0.28624535315985,0.425853144594807,0.570887051339219,24.5354878065713,23.022845526762,23.7791666666667,0.620649807582402,61.0482288219086,23.4796,23.7369058038925,2.02972914232815,2.31600783248671
"6357689","2004-07-07",45.1791675296501,0.28624535315985,0.310971578196083,0.439814750179449,24.5549531473404,23.0602135193263,23.8075833333333,0.640994455522672,61.0482288219085,23.5256,23.7439850300401,1.87492144199446,2.22779055438826
"6357688","2004-07-08",44.8166559522641,0.527881040892192,0.366790582403964,0.367871768398284,24.6064488985238,23.0708844348095,23.8386666666667,0.773297980373647,66.2200445085813,23.5832,23.7934536927015,1.84120096975504,2.15047263746162
"6357687","2004-07-09",44.0046754416411,0.438661710037175,0.417596034696405,0.36511939843215,24.6379089020915,23.0995910979085,23.86875,0.691497057716086,62.8992364759104,23.6134,23.8203265336746,1.75320739307379,2.07101958858405
"6357686","2004-07-12",43.3979676436841,0.539033457249069,0.501858736059478,0.428748451053282,24.6295510758042,23.2259489241958,23.92775,0.749774006780748,65.0242354516567,23.657,23.8616163291846,1.70921389105785,1.99865844907881
"6357685","2004-07-13",42.8345961170098,0.676923076923076,0.55153941473644,0.490331395164107,24.5857068886466,23.4116264446868,23.9986666666667,0.851764653030989,67.9527510543849,23.71,23.9240674852934,1.72158934254856,1.94324462777276
"6357684","2004-07-14",42.4814943244074,0.577464788732396,0.597807107634846,0.550401752810254,24.6208327345019,23.4611672654981,24.041,0.825381192610182,67.0459153884613,23.75,23.9741918205876,1.70106007503565,1.89480771722534
"6357683","2004-07-15",43.5762265082981,0.317333333333333,0.523907066329601,0.557751196233628,24.7330506025004,23.4462827308329,24.0896666666667,1.01446730570149,67.4359147261872,23.7816,24.0209662445092,1.6734408461532,1.85053434301091
"6357682","2004-07-16",44.5927635361965,0.537190082644629,0.477329401570118,0.533014525178188,24.8781727800446,23.4241605532887,24.1511666666667,1.06200811219441,73.4021289645235,23.8342,24.1201707452413,1.77786153153578,1.83599978071589
"6357681","2004-07-19",44.4411337888241,0.385674931129476,0.413399449035812,0.471545305645177,24.9375656785473,23.448767654786,24.1931666666667,0.819161269079468,65.3440633615971,23.8962,24.1694813125425,1.74751318932034,1.81830246243678
"6357680","2004-07-20",44.3003347376925,0.484848484848486,0.469237832874196,0.453322227826708,24.9876926960844,23.5149739705823,24.2513333333333,0.857841582967811,67.8332306337609,23.9694,24.2362171375368,1.76259695270988,1.8071613604914
"6357679","2004-07-21",41.1644341677495,0,0.290174471992654,0.390937251300887,24.9398995670421,23.6176004329579,24.27875,0.334568446457091,46.7425592205754,23.9808,24.1540548525319,1.40822086207353,1.72737326080782
"6357678","2004-07-22",39.5385751228823,0,0.161616161616162,0.30700948882767,25.0294182806095,23.4804150527239,24.2549166666667,-0.19716876454852,38.0637376176023,23.9494,23.9875142055277,0.876916145633766,1.55728183777301
"6357677","2004-07-23",38.0288488669341,0.0518518518518521,0.0172839506172835,0.156358194742032,25.1123309705658,23.3341690294342,24.22325,-0.0923251283455851,40.3973076017168,23.929,23.8618456447906,0.495495766891074,1.34492462359662
"6357676","2004-07-26",36.492737220679,0.0333333333333333,0.0283950617283946,0.0690983913206128,25.1821685395974,23.183664793736,24.1829166666667,-0.0143431273498048,39.8202666282241,23.9056,23.7462662254852,0.173018921528478,1.110543483183
"6357675","2004-07-27",35.2373264611398,0,0.0283950617283946,0.0246913580246905,25.2204943678234,23.0146722988433,24.1175833333333,0.0296160338929558,38.6894680000886,23.8816,23.6334307287539,-0.114785686045638,0.865477649337269
"6357674","2004-07-28",34.6249827197175,0,0.0111111111111106,0.0226337448559662,25.2864067971806,22.7927598694861,24.0395833333333,-0.0144740630353851,35.0250553125178,23.8484,23.4923066315867,-0.450543907688539,0.602273337932107
"6357673","2004-07-29",32.9611307158323,0.0891089108910889,0.0297029702970292,0.0230697143788444,25.2725454957533,22.67228783758,23.9724166666667,0.1574377938278,40.1007780211702,23.8242,23.4059990807085,-0.618026072580657,0.358213455829554
"6357672","2004-07-30",31.4161252836533,0.168316831683169,0.0858085808580854,0.0422075540887413,25.2517606748883,22.5897393251117,23.92075,0.241768913038827,44.2683760921576,23.8002,23.3631992032807,-0.660758329058708,0.154419098851902
"6357671","2004-08-02",29.7208205550705,0.138613861386139,0.132013201320132,0.0825082508250817,25.2451745198342,22.5144921468325,23.8798333333333,0.254090769897248,43.0585037946229,23.7708,23.3141059761766,-0.717746835588362,-0.0200140880361508
"6357670","2004-08-03",29.2667343084053,0.453795379537954,0.253575357535753,0.157132379904656,25.2684625770487,22.519704089618,23.8940833333333,0.628270029886435,56.6098547132156,23.7606,23.3988918460197,-0.427516312833365,-0.101514532995594
"6357669","2004-08-04",28.7109296327132,0.469642857142857,0.354017366022316,0.246535308292733,25.2710515994399,22.5207817338934,23.8959166666667,0.557842808564428,55.7127546008599,23.7472,23.4643729332171,-0.216297249308328,-0.124471076258141
"6357668","2004-08-05",27.3785256421241,0.381632653061226,0.435023629914012,0.347538784490693,25.2356614132322,22.5020052534345,23.8688333333333,0.444335842632844,50.2784070500297,23.7162,23.4704565421215,-0.177811913497639,-0.13513924370604
"6357667","2004-08-06",25.8118860069287,0.132231404958678,0.327835638387586,0.372292211441304,25.2102273097984,22.4312726902017,23.82075,0.27722438179894,42.9727090755592,23.6702,23.3937290031719,-0.355116454645066,-0.179134685893845
"6357666","2004-08-09",24.4637257339698,0.107822410147991,0.207228822722631,0.323362697008076,25.1763638393945,22.3326361606055,23.7545,0.218268850902125,42.2735565735059,23.6296,23.3185651360823,-0.512835843827608,-0.245874917480598
"6357665","2004-08-10",23.3009715201602,0.260485651214128,0.166846488773598,0.233970316627938,25.1003459861242,22.3061540138758,23.70325,0.386699505088554,47.054608703781,23.6046,23.2980897846047,-0.516228568983079,-0.299945647781094
"6357664","2004-08-11",22.4801455966086,0.348785871964679,0.239031311108932,0.20436887420172,25.0197427594933,22.3025905738401,23.6611666666667,0.468901263445538,49.7314048490217,23.5876,23.3070111466574,-0.44451188329474,-0.328858894883823
"6357663","2004-08-12",21.6290825346675,0.328918322295806,0.312729948491537,0.239535916124689,24.8617120237728,22.3331213095606,23.5974166666667,0.452246126934928,49.1295426622439,23.5558,23.3087429937698,-0.398662325152099,-0.342819580937479
"6357662","2004-08-13",20.2365708358819,0.192052980132451,0.289919058130979,0.280560105910482,24.6147878458674,22.4042121541326,23.5095,0.364514931056278,45.0818979381386,23.5164,23.2689105946005,-0.464437403190299,-0.367143145388043
"6357661","2004-08-16",19.2362825340634,0.289183222958058,0.270051508462105,0.290900171694873,24.415792274854,22.4775410584794,23.4466666666667,0.481942485213307,48.3350287493747,23.4804,23.2637225153204,-0.435332021651402,-0.380780920640715
"6357660","2004-08-17",18.4331901220386,0.323383084577115,0.268206429222541,0.276058998605208,24.1464483725843,22.6292182940824,23.3878333333333,0.640936655793464,51.8271578319948,23.4464,23.2925595132777,-0.321856646042884,-0.368996065721148
"6357659","2004-08-18",18.5168086979415,0.348258706467663,0.320275004667612,0.286177647450752,24.0951384496382,22.6546948836952,23.3749166666667,0.796262908238688,52.518406113555,23.4156,23.3242182448407,-0.212233489745695,-0.337643550526058
"6357658","2004-08-19",18.5944545184228,0.45771144278607,0.376451077943616,0.321644170611256,24.1682650510018,22.6585682823316,23.4134166666667,0.852112652265628,55.5413196274934,23.3926,23.3809891455286,-0.0489047854092539,-0.279895797502697
"6357657","2004-08-20",18.6665542088697,0.537313432835821,0.447761194029851,0.381495758880359,24.2470157883918,22.6653175449416,23.4561666666667,0.859634548302036,57.6528929427774,23.3584,23.4515239261248,0.133752376692331,-0.197166162663691
"6357656","2004-08-23",19.2820091210301,0.724431818181819,0.573152231267903,0.465788167747123,24.3639976654901,22.6595023345099,23.51175,0.942897468209859,60.1378001272753,23.343,23.5386540693081,0.34093078492583,-0.089546773145787
"6357655","2004-08-24",19.9931801631485,0.808108108108108,0.689951119708582,0.570288181668778,24.498626193364,22.6612071399693,23.5799166666667,0.969907321942416,62.7906419471599,23.3292,23.6435001934004,0.572798914873451,0.0429223644580606
"6357654","2004-08-25",20.7018789374062,0.800531914893617,0.777690613727848,0.680264654901444,24.5785246134506,22.7516420532161,23.6650833333333,0.935121930642676,62.9114655461474,23.3578,23.7357001676137,0.750167055709627,0.184371302708374
"6357653","2004-08-26",21.3599563706456,0.819148936170213,0.809262986390646,0.758968239942358,24.6725030923126,22.7973302410207,23.7349166666667,0.896452340995915,63.3599101965875,23.4164,23.8202734785985,0.891379756035993,0.325772993373898
"6357652","2004-08-27",21.9368551075217,0.794117647058823,0.804599499374217,0.79718436649757,24.7465179496705,22.8414820503295,23.794,0.825978108976754,63.1250617833366,23.469,23.8922370147854,0.987734349938485,0.458165264686815
"6357651","2004-08-30",22.1198700611254,0.735294117647059,0.782853566958698,0.798905350907853,24.7913401092168,22.9096598907832,23.8505,0.759254111593635,60.7020199957912,23.5196,23.9412720794807,1.01811327283088,0.570154866315628
"6357650","2004-08-31",21.8389761272129,0.658823529411763,0.729411764705881,0.772288277012932,24.7922391969225,22.9094274697442,23.8508333333333,0.713776021356746,57.6063308945398,23.5688,23.9664358022166,0.986814842758865,0.653486861604275
"6357649","2004-09-01",21.9244633869698,0.670588235294116,0.688235294117646,0.733500208594075,24.8234080104989,22.9044253228345,23.8639166666667,0.735932300437292,57.9615304537688,23.6318,23.9909110285877,0.957592289216591,0.714307947126739
"6357648","2004-09-02",22.7163946951059,0.714689265536724,0.681367010080868,0.699671356301464,24.9286676870883,22.8938323129118,23.91125,0.86960401950831,63.6234839448397,23.6978,24.0581228914427,1.0380488892934,0.77905613556007
"6357647","2004-09-03",23.2297282688464,0.62828947368421,0.671188991505016,0.680263765234509,24.9886513635953,22.975181969738,23.9819166666667,0.814424115541435,62.0580513439113,23.7518,24.1083731725836,1.06888333371236,0.837021575190528
"6357646","2004-09-07",23.7991525840221,0.65771812080537,0.666898953342101,0.673151651642661,25.0007564640825,23.1357435359176,24.06825,0.82801381200179,63.274460845212,23.8124,24.1619234162392,1.10525962940395,0.890669186033213
"6357645","2004-09-08",24.6247347602161,0.720848056537103,0.668951883675561,0.669013276174225,25.0887865132164,23.1992134867836,24.144,0.90097241867229,67.2002540550482,23.8452,24.2430002940739,1.20627903931874,0.953791156690318
"6357644","2004-09-09",25.7451918339099,0.663194444444443,0.680586873928972,0.672145903648877,25.1978476561455,23.2351523438545,24.2165,0.912782698156544,68.5242020574771,23.8842,24.3259335881974,1.30200049360862,1.02343302407398
"6357643","2004-09-10",26.3987635796583,0.538152610441765,0.64073170380777,0.663423487137433,25.2431179425135,23.3280487241532,24.2855833333333,0.799075351694277,65.8138762128074,23.9348,24.3858091097711,1.33194157104615,1.08513473346841
"6357642","2004-09-13",27.1613487014377,0.532786885245902,0.578044646710703,0.633121074815814,25.2236091215619,23.5152242117714,24.3694166666667,0.802771346805805,65.8945835566475,24.0102,24.438367895135,1.34137427586316,1.13638264194736
"6357641","2004-09-14",27.9646403794275,0.639344262295082,0.570094585994249,0.596290312170907,25.2215161429144,23.6749838570856,24.44825,0.849222152218998,68.0092672331326,24.0934,24.5012521757836,1.37536979772683,1.18418007310326
"6357640","2004-09-15",28.9024570906138,0.71311475409836,0.628415300546448,0.592184844417133,25.2377616246533,23.8064050420134,24.5220833333333,0.888617348567381,69.4227929388687,24.1668,24.5677518856791,1.41499096101645,1.23034225068589
"6357639","2004-09-16",29.7732868938583,0.721311475409837,0.691256830601093,0.629922239047263,25.258070607611,23.912929392389,24.5855,0.860185231496338,69.5836089846694,24.2326,24.6267183009219,1.43256226977702,1.27078625450412
"6357638","2004-09-17",31.2486562043256,0.720430107526884,0.71828544567836,0.6793191922753,25.3187504943589,23.9842495056411,24.6515,0.959722401996443,71.5946736903337,24.3052,24.6944891941323,1.46985782488882,1.31060056858106
"6357637","2004-09-20",33.0115217763921,0.621951219512195,0.687897600816305,0.699146625698585,25.3877410195184,24.0484256471483,24.7180833333333,0.976798330331488,71.8353254426332,24.3908,24.755223968248,1.48654956477592,1.34579036782003
"6357636","2004-09-21",34.8018242412107,0.72463768115942,0.689006336066166,0.69839646085361,25.5121911693395,24.0531421639939,24.7826666666667,1.0316248212533,75.5528282285069,24.4776,24.841194105815,1.5623874855031,1.38910979135665
"6357635","2004-09-22",34.3540900513878,0.350694444444446,0.565761115038687,0.647555017307052,25.5594289447378,24.0849043885955,24.8221666666667,0.778846944226123,59.8890508544131,24.536,24.8543682250396,1.45586177729606,1.40246018854453
"6357634","2004-09-23",33.7225978906928,0.312500000000002,0.462610708534622,0.572459386546491,25.5698790718105,24.1274542615228,24.8486666666667,0.597983154702634,58.3318624540918,24.5902,24.858452461701,1.33814492033091,1.38959713490181
"6357633","2004-09-24",34.1713681502148,0.322344322344321,0.328512922262923,0.452294915278743,25.6015890281267,24.1687443052066,24.8851666666667,0.72554200151434,59.6665941584418,24.6382,24.8706588001409,1.25150036447461,1.36197778081637
"6357632","2004-09-27",34.5880833911996,0.325791855203619,0.320212059182647,0.370445229993397,25.6344708076016,24.2250291923984,24.92975,0.767422688957797,63.183614410556,24.687,24.9052376267888,1.22694729250292,1.33497168315368
"6357631","2004-09-28",35.636908680412,0.419847328244275,0.355994501930738,0.334906494458769,25.6956198388196,24.2878801611804,24.99175,0.916684521045113,66.5831690378812,24.7358,24.9612059432169,1.25582432437019,1.31914221139698
"6357630","2004-09-29",37.2858612160605,0.496042216358839,0.413893799935578,0.36336678701632,25.8368426420309,24.3246573579691,25.08075,1.12993823797478,72.1266730102348,24.7914,25.0617118174547,1.38783418600614,1.33288060631881
"6357629","2004-09-30",37.3305401459325,0.26190476190476,0.392598102169291,0.387495468011869,25.829889673385,24.4499436599483,25.1399166666667,0.76094015985201,60.0278147787063,24.829,25.090150241794,1.33473383449232,1.33325125195351
"6357628","2004-10-01",38.1520091359349,0.523809523809523,0.427252167357707,0.411248023154192,25.9785034563802,24.4434965436198,25.211,1.06937854333717,67.3365063050788,24.887,25.1874635428882,1.45042410750151,1.35668582306311
"6357627","2004-10-04",38.9148017695086,0.787114845938374,0.524276377217552,0.448042215581517,26.1711320479604,24.4273679520396,25.29925,1.11977993613256,72.0779918384608,24.9642,25.3344684038364,1.67136220187418,1.41962109882533
"6357626","2004-10-05",40.378945502186,0.627722772277227,0.646215714008375,0.532581419527878,26.4435243367375,24.3653089965959,25.4044166666667,1.16351000304554,73.6552583046688,25.0526,25.4858726166582,1.8793590662197,1.5115686923042
"6357625","2004-10-06",42.0104041344592,0.787671232876712,0.734169617030771,0.634887236085565,26.8544447689716,24.2033885643618,25.5289166666667,1.20264447685453,78.7823769732069,25.1748,25.7124229344371,2.24009447422493,1.65727384868835
"6357624","2004-10-07",42.6308143919334,0.676369863013698,0.697254622722545,0.692546651253896,27.0865367280733,24.1726299385933,25.6295833333333,0.984029438332977,71.9298524758195,25.2832,25.8654332098455,2.39225592925492,1.80427026480166
"6357623","2004-10-08",42.8497211103151,0.63013698630137,0.698059360730593,0.709827866827969,27.2321554940731,24.2256778392603,25.7289166666667,0.87122621934232,69.2359118238698,25.3724,25.9800421151994,2.44035402521996,1.93148701688532
"6357622","2004-10-11",42.863662830422,0.606164383561644,0.637557077625571,0.677623687026236,27.3382151926059,24.3072848073941,25.82275,0.81032825363543,67.8176047912537,25.4612,26.0700364998395,2.42732859071284,2.03065533165083
"6357621","2004-10-12",41.8478768928278,0.46917808219178,0.568493150684931,0.634703196347031,27.3891009149564,24.4065657517102,25.8978333333333,0.698544739376065,60.2254426333293,25.531,26.0946982998609,2.2666038149417,2.077845028309
"6357620","2004-10-13",40.6035006414139,0.413309982486865,0.496217482746763,0.567422570352421,27.4241603708328,24.5066729625005,25.9654166666667,0.65924090435026,58.0388080231653,25.5854,26.0994051932128,2.0766226143627,2.07760054551974
"6357619","2004-10-14",39.448008407958,0.411214953271028,0.431234339316558,0.498648324249417,27.4503625632793,24.621470770054,26.0359166666667,0.656981378501939,59.3115547333128,25.64,26.1168178341178,1.93463133144742,2.04900670270528
"6357618","2004-10-15",38.9604226529786,0.547430830039526,0.45731858859914,0.461590136887486,27.5334316346061,24.7019016987273,26.1176666666667,0.776293506001917,64.322723201643,25.7154,26.1892421229021,1.93218324128162,2.02564201042054
"6357617","2004-10-18",38.6107887228605,0.691699604743083,0.550115129351212,0.47955601908897,27.6492652574564,24.7672347425436,26.20825,0.833127400409349,67.9329613828032,25.8052,26.3006765065151,2.01816092866316,2.02414579406907
"6357616","2004-10-19",38.3504445134858,0.705533596837944,0.648221343873517,0.551885020607956,27.7618035664071,24.8195297669263,26.2906666666667,0.811323847618005,68.2645870783076,25.8912,26.4019196389798,2.07165235714117,2.03364710668349
"6357615","2004-10-20",38.3049879348063,0.612090680100756,0.669774627227261,0.622703700150663,27.8326027721882,24.9488972278118,26.39075,0.792765674930447,67.7258209985152,25.9726,26.4863303537825,2.08122741602244,2.04316316855128
"6357614","2004-10-21",39.0215666736596,0.687943262411348,0.668522513116682,0.662172828072486,27.9482913278485,25.1147086721515,26.5315,0.949431040043816,72.8100050963125,26.0756,26.6328196399448,2.22873228821063,2.08027699248315
"6357613","2004-10-22",40.1948141682311,0.765595463137997,0.6885431352167,0.675613425186881,28.1816848593717,25.1966484739616,26.6891666666667,1.06029467787215,76.8756739150818,26.1964,26.8357770212855,2.48585547444837,2.16139268887619
"6357612","2004-10-25",41.0860413750639,0.741020793950851,0.731519839833398,0.69619516272226,28.3243504514478,25.3438162152188,26.8340833333333,0.959956691657114,75.4894533495441,26.314,27.0030067517808,2.63579933240272,2.2562740175815
"6357611","2004-10-26",42.2632330789043,0.705009276437849,0.737208511175565,0.719090495408554,28.4727696849104,25.4670636484229,26.9699166666667,0.940855931101573,74.1601124751497,26.4192,27.1399391848767,2.70278237759554,2.34557568958431
"6357610","2004-10-27",43.480843819846,0.699472759226714,0.715167609871804,0.727965320293589,28.6501575595608,25.5268424404392,27.0885,0.921507260647551,74.8748309574612,26.5464,27.2706139602264,2.74866828586122,2.42619420883969
"6357609","2004-10-28",44.3491959896926,0.671353251318101,0.691945095660887,0.714773738902752,28.6864597691507,25.7663735641827,27.2264166666667,0.853385685981137,72.9434720520574,26.6726,27.3731987655296,2.72817455423828,2.48659027791941
"6357608","2004-10-29",45.1555230045502,0.673110720562391,0.681312243702401,0.69614164974503,28.7610888544724,25.9084111455275,27.33475,0.8214231540393,72.9903653246448,26.7964,27.462772263459,2.68122438706206,2.52551709974794
"6357607","2004-11-01",46.3848186679842,0.708469055374593,0.684311009085028,0.685856116149438,28.9035042760023,25.988329057331,27.4459166666667,0.897031594963334,75.379914946746,26.9234,27.5750692949978,2.68793960167351,2.55800160013305
"6357606","2004-11-02",45.2293598413663,0,0.460526591978994,0.608716614922141,29.1884997190418,25.5056669476249,27.3470833333333,-0.189799625544573,29.0794789665106,26.8688,27.0930600556647,1.39703358308343,2.32580799672313
"6357605","2004-11-03",43.4518761374662,0.303435114503817,0.33730138995947,0.494046330341163,29.2050779046615,25.3559220953385,27.2805,0.182917486207274,42.9008495339305,26.8622,26.8873187149094,0.829228985631159,2.02649219450473
"6357604","2004-11-04",41.4644598822476,0.494274809160305,0.26590330788804,0.354577096608834,29.2019613876885,25.3373719456448,27.2696666666667,0.384506921103295,49.5589571360918,26.9132,26.8423428862549,0.670774585819967,1.75534867276778
"6357603","2004-11-05",39.6190019309732,0.528625954198473,0.442111959287531,0.34843888571168,29.2026889747893,25.344144358544,27.2734166666667,0.408406743522235,50.6739063217043,26.9496,26.8273638347542,0.59254722704063,1.52278838362235
"6357602","2004-11-08",38.0302382922392,0.502862595419847,0.508587786259541,0.405534351145038,29.2027659370205,25.3420673963128,27.2724166666667,0.362956579552998,49.7850814749991,26.9618,26.7963819901203,0.484298682102513,1.31509044331838
"6357601","2004-11-09",36.6081279654822,0.49236641221374,0.50795165394402,0.486217133163697,29.1988673887193,25.362965944614,27.2809166666667,0.338130182510076,49.4048787332273,26.9646,26.7621977247709,0.377544481662739,1.12758125098725
"6357600","2004-11-10",35.3739972072217,0.476145038167939,0.490458015267175,0.502332485156912,29.1942975206108,25.3818691460559,27.2880833333333,0.312521067996865,48.7848075652805,26.9354,26.7212380281348,0.264171843355943,0.954899369460992
"6357599","2004-11-11",33.8107723081409,0.506679389312977,0.491730279898218,0.496713316369804,29.1882804482596,25.4170528850737,27.3026666666667,0.359197040989113,50.0555133138129,26.9256,26.7070729577168,0.220126941573873,0.807944883883568
"6357598","2004-11-12",34.0655774822339,0.126908396946565,0.369910941475826,0.450699745547073,29.2798875140135,25.1779458193198,27.2289166666667,0.0602285939363275,37.570026846134,26.8416,26.4294632300213,-0.415427098213317,0.563270487464191
"6357597","2004-11-15",34.413001064996,0.0944656488549614,0.2426844783715,0.368108566581848,29.4233699944883,24.7947966721783,27.1090833333333,-0.00499722136844237,36.7272312327057,26.7536,26.1662014660184,-0.966284700955622,0.257359449780229
"6357596","2004-11-16",34.7356086775608,0.188931297709923,0.136768447837149,0.249787955894825,29.4778595506121,24.5288071160545,27.0033333333333,0.113730771305202,40.8855285040231,26.7014,26.0040412705493,-1.23982559250613,-0.0420775586770425
"6357595","2004-11-17",34.170126375408,0.236641221374046,0.173346055979643,0.184266327396097,29.476182650561,24.3516506827723,26.9139166666667,0.213681169476027,42.9256641932227,26.6642,25.8968357678094,-1.36497289672164,-0.306656626285962
"6357594","2004-11-18",33.6450356662662,0.262404580152672,0.229325699745546,0.179813401187446,29.3983527727206,24.1969805606127,26.7976666666667,0.246669414736491,44.0485992719141,26.6284,25.8219243321015,-1.40670827131159,-0.526666955291087
"6357593","2004-11-19",33.2807428028643,0.363636363636363,0.287560721721026,0.230077492482072,29.2132021731957,24.0881311601376,26.6506666666667,0.260198444691083,43.1346445323545,26.57,25.7390010878213,-1.46588219605485,-0.714510003443839
"6357592","2004-11-22",32.4133608433803,0.320754716981133,0.315598553590055,0.277494991685542,29.0164537566597,24.0300462433403,26.52325,0.326210888095579,44.8684381448892,26.5046,25.6924676094451,-1.43709681724211,-0.859027366203493
"6357591","2004-11-23",31.131738133382,0.493996569468268,0.39279588336192,0.331985052891,28.7747166993676,24.0517833006324,26.41325,0.432616030519249,49.2936535940743,26.458,25.7194719281858,-1.24129849030168,-0.93548159102313
"6357590","2004-11-24",29.1781913381298,0.710017574692443,0.508256287047281,0.405550241333085,28.5087167224055,24.1431166109279,26.3259166666667,0.576144552450582,53.8730684451228,26.4356,25.8202090044277,-0.894045165771606,-0.927194305972826
"6357589","2004-11-26",27.3641835996813,0.834600760456273,0.679538301538994,0.526863490649398,28.258565070471,24.2427682628623,26.2506666666667,0.625172335839871,55.1880987991128,26.3982,25.9308478038373,-0.558491485308221,-0.853453741839905
"6357588","2004-11-29",26.1628038881229,0.693916349809886,0.746178228319533,0.644657605635269,27.9558969847679,24.3707696818988,26.1633333333333,0.595301125400272,51.8240599411611,26.3232,25.9774014299923,-0.40353059152074,-0.763469111776072
"6357587","2004-11-30",25.4282917609859,0.576045627376426,0.701520912547527,0.709079147468685,27.4463269621099,24.6418397045568,26.0440833333333,0.562132569699047,49.1223462375736,26.2384,25.97641457266,-0.372761395726962,-0.68532756856625
"6357586","2004-12-01",23.6202846386588,0.738410596026489,0.669457524404266,0.705718888423775,27.4844758747817,24.8178574585516,26.1511666666667,0.798942909047197,54.9552059303877,26.1846,26.0708926296387,-0.125263001239906,-0.573314655100981
"6357585","2004-12-02",21.9551469376722,0.735099337748344,0.683185187050419,0.684721208000737,27.5629383055942,24.8222283610725,26.1925833333333,0.753857582189868,54.8604748134517,26.1268,26.1514402790202,0.0663977981155917,-0.445372164457666
"6357584","2004-12-03",20.4089476438989,0.736754966887417,0.736754966887416,0.6964658927807,27.5631752502873,24.8221580830461,26.1926666666667,0.730692948913473,54.9023341721215,26.0724,26.2219149084842,0.216846765096745,-0.312928378546784
"6357583","2004-12-06",19.2037982678548,0.625742574257426,0.699198959631061,0.706379704522965,27.5330923698193,24.8310742968474,26.1820833333333,0.694761835704966,53.305308194904,26.0118,26.2629929206863,0.286365869395588,-0.19306952895831
"6357582","2004-12-07",18.6575758097356,0.413186813186813,0.591894784777218,0.675949570431898,27.5013803696332,24.8349529637001,26.1681666666667,0.611322488162566,49.290691264664,25.9252,26.2465938645948,0.219108456898298,-0.110633931786988
"6357581","2004-12-08",17.9367354340778,0.395604395604396,0.478177927682878,0.589757224030385,27.4811988413986,24.8369678252681,26.1590833333333,0.620734534181197,48.884041221792,26.0108,26.2270480159821,0.151742035722524,-0.0581587382850857
"6357580","2004-12-09",17.1843208749042,0.573626373626373,0.46080586080586,0.510292857755318,27.5051204322074,24.8320462344593,26.1685833333333,0.722496629723572,53.1027808288113,26.049,26.2641082805179,0.220290563818581,-0.00246887786435224
"6357579","2004-12-10",16.4856502128145,0.539568345323741,0.502933038184836,0.480638942224524,27.4985013343334,24.8338319989999,26.1661666666667,0.709094111332551,53.2054762076194,26.0476,26.2975605097821,0.274404833900577,0.0529058644886335
"6357578","2004-12-13",15.4641272035964,0.487341772151898,0.53351216370067,0.499083687563788,27.5610132286145,24.9173201047188,26.2391666666667,0.744292095589989,54.804215615881,26.045,26.3465524418112,0.358982394242613,0.114121170439429
"6357577","2004-12-14",14.5052623795958,0.617940199335547,0.548283438937061,0.528242880274189,27.5335544691838,25.1719455308162,26.35275,0.792420697649743,57.2674339446003,26.0572,26.4203454495697,0.491886765593175,0.189674289470179
"6357576","2004-12-15",14.424221087731,0.332225913621262,0.479169295036235,0.520321632557988,27.4728646781804,25.3964686551529,26.4346666666667,0.642233625020487,51.713575317115,26.0544,26.4269660562937,0.460402426052386,0.24381991678662
"6357575","2004-12-16",14.631239472208,0.222591362126246,0.390919158361017,0.472790630778104,27.422069709509,25.553930290491,26.488,0.513560729501999,49.7209453982022,26.0484,26.4107039154546,0.380696943850278,0.271195322199352
"6357574","2004-12-17",14.8234708292225,0.305647840531562,0.286821705426355,0.385636719607869,27.3536612716732,25.7305053949935,26.5420833333333,0.512064973928069,51.2533642385117,26.041,26.4132767267273,0.351652737305952,0.287286805220672
"6357573","2004-12-20",14.36857402649,0.207272727272727,0.245170643310177,0.307637169032516,27.2298654450389,25.9738012216278,26.6018333333333,0.511809374916392,50.6548171591839,26.1114,26.409506496497,0.311303254402362,0.29209009505701
"6357572","2004-12-21",13.3842769288154,0.67479674796748,0.395905771923922,0.309299373553485,27.1602486912467,26.18391797542,26.6720833333333,0.899028041439273,57.1773744405287,26.2104,26.4789056302974,0.440489144926159,0.32176990503084
"6357571","2004-12-22",12.6189613888764,0.639097744360901,0.507055739867035,0.382710718367045,27.1697699433054,26.2758967233613,26.7228333333333,0.933133757705432,57.3999112309647,26.2904,26.5417182129244,0.542273754962208,0.365870675017113
"6357570","2004-12-23",13.1817757365772,0.451371571072318,0.588422021133566,0.497127844308174,27.2857843424356,26.2312156575644,26.7585,1.08143834106122,58.0456002751806,26.3626,26.6034891178678,0.631964640357308,0.419089468085152
"6357569","2004-12-27",13.8420335873662,0.688995215311004,0.593154843581407,0.562877534860669,27.4922045222387,26.1251288110946,26.8086666666667,1.19345098612472,63.7942544609158,26.4508,26.7283572354854,0.85438985588675,0.506149545645472
"6357568","2004-12-28",14.9789905623787,0.679012345679012,0.606459710687444,0.596012191800805,27.7293582179679,26.0384751153654,26.8839166666667,1.16597349728088,65.7765252034954,26.5528,26.8645762707541,1.07987612637821,0.620894861792019
"6357567","2004-12-29",16.0347363248904,0.842696629213483,0.736901396734499,0.645505317001116,27.975211017562,25.999288982438,26.98725,1.15678198680471,69.4632607109857,26.6644,27.0399661013202,1.36936490252426,0.770588869938468
"6357566","2004-12-30",15.7170244865199,0.615730337078652,0.712479770657048,0.685280292692997,28.1004776135049,25.9696890531618,27.0350833333333,0.908260435998685,61.1339689119327,26.7356,27.1246372878108,1.42994645378869,0.902460386708512
"6357565","2004-12-31",15.4220063508902,0.638202247191012,0.698876404494381,0.716085857295309,28.2069036498169,25.9614296835164,27.0841666666667,0.849963234990438,61.6246156978852,26.7856,27.2046856494361,1.47503646359499,1.01697560208581
"6357564","2005-01-03",14.5200601240523,0.431460674157303,0.561797752808988,0.657717975986805,28.2608198451425,25.9851801548575,27.123,0.710343785402486,54.7737738820264,26.8102,27.2127275628446,1.3584604187344,1.08527256541553
"6357563","2005-01-04",14.5927167610857,0.206741573033708,0.425468164794007,0.562047440699125,28.2641374392777,26.0200292273889,27.1420833333333,0.476791077606061,48.4666729623692,26.8296,27.1530305544653,1.10511676193226,1.08924140471887
"6357562","2005-01-05",14.2716164180929,0.265168539325842,0.301123595505617,0.429463171036204,28.2590613117826,26.1021053548841,27.1805833333333,0.525228455172037,50.076287983281,26.8666,27.1186264805366,0.9321612379531,1.05782537136572
"6357561","2005-01-06",13.3932055778634,0.634032634032634,0.368647582130727,0.365079780810117,28.3305779641535,26.1770887025132,27.2538333333333,0.82017805348833,59.0767398835887,26.909,27.2021429497984,1.03563880596245,1.05338805828506
"6357560","2005-01-07",13.0237595637318,0.770454545454544,0.556551906271006,0.40877436130245,28.4625500582751,26.1936166083916,27.3280833333333,0.90558703916471,61.9855584002964,26.9652,27.3191905564919,1.20201831171702,1.08311410897146
"6357559","2005-01-10",13.1732494456992,0.64691943127962,0.683802203588932,0.536333897330222,28.5970394705624,26.2246271961042,27.4108333333333,0.907812761051808,62.4149674700771,27.0232,27.427298482293,1.33195142442142,1.13288157206145
"6357558","2005-01-11",13.3120614789545,0.765402843601895,0.727592273445352,0.65598212776843,28.7417670864939,26.2413995801728,27.4915833333333,0.903307379462139,64.5699747764749,27.0972,27.5543253513206,1.48977478443921,1.204260214537
"6357557","2005-01-12",13.0009585879052,0.348341232227488,0.586887835703,0.666094104245761,28.7672606184511,26.2899060482156,27.5285833333333,0.602831465088096,53.041388638544,27.1516,27.5470819711445,1.34110480150411,1.23162913193042
"6357556","2005-01-13",13.2466803761268,0.182464454976302,0.432069510268561,0.582183206472304,28.7474065449408,26.3755934550592,27.5615,0.426989749991087,49.2732514245942,27.1936,27.4941377083253,1.10801527402884,1.20690636035011
"6357555","2005-01-14",13.5123561056391,0.170616113744076,0.233807266982621,0.417588204318061,28.6935314278276,26.5121352388391,27.6028333333333,0.379511418118316,49.0054500185875,27.2184,27.4449193472152,0.905454116126414,1.14661591150537
"6357554","2005-01-18",12.6507779839316,0.289099526066351,0.214060031595575,0.293312269615586,28.6401483682861,26.6788516317139,27.6595,0.518100269754205,51.8251732128497,27.2528,27.4355967675865,0.809094060730597,1.07911154135041
"6357553","2005-01-19",11.8507411566318,0.329383886255924,0.263033175355449,0.236966824644549,28.5703261941551,26.8583404725116,27.7143333333333,0.499415882978836,52.7811810094749,27.2846,27.4388505319083,0.749104777432019,1.01311018856674
"6357552","2005-01-20",11.3215828224101,0.274881516587677,0.29778830963665,0.258293838862558,28.5459849853505,26.9378483479828,27.7419166666667,0.420042034771495,51.2979629993561,27.3024,27.4263371276539,0.660128323773534,0.942513815608095
"6357551","2005-01-21",11.1537527327197,0.191943127962086,0.265402843601895,0.275408109531331,28.5247591368183,26.9864075298484,27.7555833333333,0.258020209220413,49.0395803750684,27.3304,27.3921588439667,0.531962311621403,0.860403514810757
"6357550","2005-01-24",10.9979105065786,0.194312796208531,0.220379146919431,0.261190100052658,28.5245943528367,26.9869056471633,27.75575,0.25238811432041,49.1085184476648,27.3652,27.3632043314378,0.426912478563812,0.773705307561368
"6357549","2005-01-25",10.3607606200944,0.204545454545455,0.196933792905357,0.227571927808894,28.5195297587736,26.9693035745597,27.7444166666667,0.361686850054465,50.8968982650254,27.4,27.3547770872461,0.37619515433478,0.69420327691605
"6357548","2005-01-26",9.92723161738017,0.231428571428572,0.210095607394185,0.209136182406324,28.4971227038283,26.9660439628384,27.7315833333333,0.514205670432037,54.0935194322046,27.4458,27.37814014228,0.399242092830865,0.635211040099013
"6357547","2005-01-27",9.73663249052791,0.382857142857144,0.272943722943723,0.226657707747755,28.4465974247284,26.9844025752716,27.7155,0.669494054383664,57.5245380640613,27.4804,27.4337214566426,0.489787766985872,0.606126385476385
"6357546","2005-01-28",9.84537542583869,0.374285714285715,0.32952380952381,0.270854379953906,28.4572102354075,26.9831230979258,27.7201666666667,0.688704357831847,57.263647630292,27.5136,27.4798919290903,0.550508906956226,0.595002889772353
"6357545","2005-01-31",9.86515633771948,0.386996904024768,0.381379920389208,0.327949150952247,28.4693131325956,26.9825202007378,27.7259166666667,0.674256500540126,56.7096894713718,27.5434,27.5159063385449,0.582907065910487,0.59258372499998
"6357544","2005-02-01",9.88352432732307,0.631578947368422,0.464287188559634,0.391730306157551,28.5089206602078,26.9925793397922,27.75075,0.729224996149312,59.7172794991722,27.5604,27.5757854934056,0.663710263471784,0.606809032694341
"6357543","2005-02-02",10.2026261970778,0.560439560439561,0.526338470610916,0.457335193186586,28.5082263246922,27.0932736753078,27.80075,0.704423801832403,58.1983211048078,27.566,27.6176807609515,0.697474959591537,0.62494221807378
"6357542","2005-02-03",10.4989350761357,0.567765567765567,0.58659469185785,0.525740117009467,28.5076906188313,27.1763093811687,27.842,0.663739726708723,58.3504387920827,27.5548,27.655323326158,0.718682074868049,0.643690189432634
"6357541","2005-02-04",10.9554755988926,0.556818181818183,0.561674436674437,0.558202533047734,28.5221133378244,27.176219995509,27.8491666666667,0.676462719988954,58.4318906413313,27.564,27.6886135493369,0.728394893830742,0.660631130312256
"6357540","2005-02-07",11.3794060843096,0.613636363636364,0.579406704406704,0.575891944312997,28.504482703879,27.1823506294544,27.8434166666667,0.719279656151482,59.7048633525745,27.5742,27.727465076092,0.749147231892966,0.678334350628398
"6357539","2005-02-08",10.6695936073212,0.37878787878788,0.516414141414142,0.552498427498427,28.4294049460371,27.2017617206296,27.8155833333333,0.504955294182733,52.5425243945127,27.5904,27.7198030659464,0.667613858208083,0.676190252144335
"6357538","2005-02-09",11.200977469656,0,0.330808080808081,0.475542975542975,28.3122892958361,27.2102107041639,27.76125,0.184308660656622,43.1842305002798,27.6058,27.6438293238202,0.446299498886815,0.630212101492831
"6357537","2005-02-10",12.1764343855834,0,0.126262626262626,0.324494949494949,28.3466336499878,27.1088663500122,27.72775,0.00360890396863628,39.8748361949052,27.607,27.5479854139775,0.202375342994165,0.544644749793098
"6357536","2005-02-11",11.3411848962625,0.0159744408945678,0.00532481363152195,0.154131840234076,28.3502219624034,27.0999447042633,27.7250833333333,0.188002536402499,40.4211692525252,27.5752,27.4682540254472,0.0156676482405915,0.438849329482597
"6357535","2005-02-14",10.5655960847503,0.271565495207669,0.0958466453674115,0.0758113617538528,28.3410627783476,27.1326038883191,27.7368333333333,0.366082880709723,48.4865762644799,27.546,27.4524868220542,-0.0147664226630817,0.348126179053461
"6357534","2005-02-15",10.8939202213856,0,0.0958466453674115,0.0656727014554479,28.35714577905,27.06985422095,27.7135,0.123110503899553,41.3955301233527,27.496,27.3761552457803,-0.175349950594172,0.243430953123934
"6357533","2005-02-16",11.0620936444807,0.316770186335405,0.19611189384769,0.129268394860837,28.3531619964146,27.0610046702521,27.7070833333333,0.405519760743145,49.9492728795171,27.4564,27.3780012130096,-0.150658064360165,0.164613149627114
"6357532","2005-02-17",11.5736762154877,0.211180124223602,0.175983436853002,0.155980658689368,28.3537346020749,27.0435987312584,27.6986666666667,0.306381404923603,47.4624817189487,27.4452,27.3569343846083,-0.179177210300574,0.0958550776415767
"6357531","2005-02-18",12.0487171742799,0.23913043478261,0.255693581780538,0.209262970827076,28.3532856670532,27.0450476662801,27.6991666666667,0.266225004049249,48.1976852539045,27.4498,27.3446764666606,-0.186373977011978,0.0394092667108658
"6357530","2005-02-22",13.2717957905593,0,0.150103519668737,0.193926846100759,28.370334611076,27.006165388924,27.68825,0.110324492957864,42.5667814137222,27.4396,27.2813862711058,-0.305364466792912,-0.0295454799898898
"6357529","2005-02-23",14.4075116485331,0.0569620253164557,0.0986974866996879,0.168164862716321,28.3898602636077,26.946806403059,27.6683333333333,0.128103509273992,44.1673355947907,27.423,27.2385347682917,-0.369026555205942,-0.0974416950331003
"6357528","2005-02-24",15.5786707676209,0.0189873417721504,0.0253164556962014,0.091372487354875,28.396907904529,26.8744254288043,27.6356666666667,0.148162343273155,43.3009757155978,27.4006,27.1933967991862,-0.432460387274136,-0.164445433481307
"6357527","2005-02-25",14.8211762360991,0.207006369426751,0.0943185788384518,0.0727775070781133,28.3604339308916,26.8640660691084,27.61225,0.421643599147955,48.6357219793455,27.3946,27.1936105592947,-0.390733507742425,-0.209703048333531
"6357526","2005-02-28",14.067154288203,0.478260869565218,0.234751526921373,0.118128853818675,28.3398156284468,26.8693510382199,27.6045833333333,0.663497079946388,54.7035051563847,27.4112,27.2457958180554,-0.239236519411279,-0.21560974254908
"6357525","2005-03-01",13.0827519877968,0.391304347826086,0.358857195606018,0.22930910045528,28.3085604291355,26.8747729041979,27.5916666666667,0.594156210492811,52.4780935754232,27.4224,27.2736897089813,-0.155999553229436,-0.203687704685152
"6357524","2005-03-02",13.3518220121952,0.304568527918781,0.391377915103361,0.32832887921025,28.2793194642544,26.8868472024122,27.5830833333333,0.74674339500219,52.7171122160296,27.4292,27.2998644144505,-0.0846693310596947,-0.17988402996006
"6357523","2005-03-03",13.6016727491366,0.383248730964467,0.359707202236444,0.36998077098194,28.2590215819522,26.8959784180478,27.5775,0.794072369788448,55.2233082755591,27.433,27.3432158258571,0.0173715774533401,-0.14043290847738
"6357522","2005-03-04",13.8336770048679,0.446700507614213,0.378172588832486,0.376419235390763,28.2304207619161,26.9077459047506,27.5690833333333,0.743887098621217,57.1938264981429,27.4312,27.3974537157428,0.133386870570162,-0.0856689526678716
"6357521","2005-03-07",14.8311135679565,0.474619289340101,0.434856175972926,0.390911989013952,28.2256703144035,26.9101630189298,27.5679166666667,0.876597430034228,58.0682243178291,27.4322,27.4517932203104,0.238526548770368,-0.0208298523802237
"6357520","2005-03-08",15.7931658846601,0.637055837563452,0.519458544839255,0.444162436548222,28.261594384981,26.8892389483523,27.5754166666667,1.01584061080102,62.826096764665,27.4472,27.541554124269,0.410653362874758,0.0654667906707726
"6357519","2005-03-09",17.0182683813749,0.637055837563452,0.582910321489001,0.512408347433727,28.3594916208076,26.843675045859,27.6015833333333,0.990439726648241,62.826096764665,27.4536,27.6193469076998,0.540222040698835,0.160417840676385
"6357518","2005-03-10",17.5679922217417,0.548223350253807,0.607445008460236,0.56993795826283,28.4283292656008,26.8491707343992,27.63875,0.82797002734905,58.6082958940172,27.456,27.6634339866732,0.58471068365169,0.245276409271446
"6357517","2005-03-11",18.3322084814196,0.588832487309645,0.591370558375634,0.593908629441623,28.4899599323647,26.9015400676354,27.69575,0.851030194040259,59.9325588266298,27.4612,27.7123094551168,0.635741891639552,0.323369505745067
"6357516","2005-03-14",19.0418378654063,0.734536082474227,0.623863973345892,0.607559846727254,28.5899948470091,26.9121718196576,27.7510833333333,0.911594859574324,64.4493053562394,27.478,27.7940015277679,0.752903579692532,0.40927632053456
"6357515","2005-03-15",19.4385179853935,0.698453608247422,0.673940726010431,0.629725085910652,28.6659009240215,26.9150990759785,27.7905,0.827183418256954,62.6447124773659,27.489,27.8554679907322,0.815545624736869,0.490530181375022
"6357514","2005-03-16",18.1655641718476,0.27659574468085,0.569861811800833,0.622555503719052,28.6573954117896,26.984271254877,27.8208333333333,0.508467193906759,49.693685132704,27.4882,27.8280722586345,0.681996513172201,0.528823447734458
"6357513","2005-03-17",17.1755170476305,0.086642599277979,0.353897317402083,0.532566618404449,28.6585059619092,26.9963273714242,27.8274166666667,0.433370577244836,48.3589734992647,27.5052,27.7943292908166,0.548074495781981,0.532673657343962
"6357512","2005-03-18",17.5496820394462,0,0.121079447986276,0.34827952572973,28.6742406782308,26.9570926551025,27.8156666666667,0.14728336840567,39.3331750284066,27.5074,27.6857520520411,0.265703342644086,0.479279594403987
"6357511","2005-03-21",18.3261611959474,0,0.0288808664259925,0.167952543938117,28.726056548825,26.8531101178417,27.7895833333333,0.00990767729286909,36.3266315435282,27.4988,27.5589851117689,-0.0301871317082369,0.377386249181542
"6357510","2005-03-22",18.4218053886001,0.00731707317073198,0.00243902439024351,0.0507997796008369,28.7470502491761,26.8117830841573,27.7794166666667,0.0731424847869487,36.6459271060975,27.4748,27.4511204301997,-0.258374435081632,0.250234112328907
"6357509","2005-03-23",19.2378740187479,0,0.00243902439024351,0.0112529717354928,28.8318718087275,26.6639615246059,27.7479166666667,-0.0748623497604727,31.7828587945244,27.4526,27.3009710395064,-0.559234033721234,0.088340483118879
"6357508","2005-03-24",20.1058237329093,0,0.00243902439024351,0.00243902439024316,28.9157402286505,26.5107597713495,27.71325,-0.043282307915145,31.0519431913533,27.4072,27.1615082342389,-0.810836437957663,-0.0914949010964293
"6357507","2005-03-28",19.6481443527311,0.096837944664032,0.0322793148880102,0.0123857878894987,28.9500052273808,26.3993281059525,27.6746666666667,0.127027142972677,36.5517408650341,27.3784,27.0733071363404,-0.927883123770046,-0.258772545631153
"6357506","2005-03-29",18.7415183341641,0.0197628458498026,0.0388669301712777,0.0245284231498435,28.961727624226,26.2691057091073,27.6154166666667,0.145172364786115,34.2125617042757,27.34,26.9708661848283,-1.06742875715607,-0.420503787936137
"6357505","2005-03-30",17.8996513169233,0.132924335378323,0.083175041964052,0.0514404290077796,28.962571408261,26.171428591739,27.567,0.210273991757132,40.0402706038558,27.3284,26.9187506935179,-1.08381947736774,-0.553166925822458
"6357504","2005-03-31",17.0142519115291,0.149284253578733,0.100657144935619,0.0742330390236492,28.9343761065665,26.0867905601001,27.5105833333333,0.24987581992617,40.860889742884,27.3148,26.8789172677155,-1.07269865039111,-0.657073270736189
"6357503","2005-04-01",16.8587879933228,0.0268595041322319,0.103022697696429,0.0956182948653662,28.9013175081443,25.9818491585223,27.4415833333333,0.211163164310656,36.7936413606841,27.2916,26.8043949653534,-1.141285135851,-0.753915643759151
"6357502","2005-04-04",16.7144286407025,0.0451612903225808,0.0737683493445147,0.0924827306588538,28.8644035298594,25.891429803474,27.3779166666667,0.244503852626757,37.6843050324047,27.2582,26.7451423033063,-1.17061296797071,-0.837255108601463
"6357501","2005-04-05",16.5803806704123,0.14871794871795,0.0735795810575872,0.0834568760328432,28.7882219327506,25.8347780672494,27.3115,0.304804145176407,41.7711450570575,27.2166,26.7184566628655,-1.12529177297495,-0.894862441476159
"6357500","2005-04-06",16.8533691802264,0.0687679083094561,0.0875490491166619,0.0782989931729209,28.6653569417582,25.7864763915751,27.2259166666667,0.272741526230254,39.2253749907594,27.1734,26.6726624411501,-1.12794034049276,-0.94147802127948
"6357499","2005-04-07",18.5344376636073,0,0.0724952856758016,0.0778746386166832,28.559149582637,25.6466837506963,27.1029166666667,0.0818262815962014,29.8808615799406,27.0972,26.5249741156634,-1.36083957688863,-1.02535033240131
"6357498","2005-04-08",20.3990499756876,0,0.0229226361031516,0.060988990298538,28.4823393917887,25.4711606082113,26.97675,0.0538568902007746,27.8519083091328,27.0056,26.3663109002416,-1.59946514788357,-1.14017329549776
"6357497","2005-04-11",22.7106516253538,0,-4.62592926927149e-16,0.0318059739263172,28.4165981404991,25.2204018595009,26.8185,-0.0413205305796594,23.9331935039748,26.8884,26.1601361135427,-1.92772140439219,-1.29768291727665
"6357496","2005-04-12",23.5463671366361,0.149019607843137,0.0496732026143785,0.0241986129058429,28.1851302414308,25.1567030919025,26.6709166666667,0.110056108877965,31.5824190469966,26.7842,26.0321179650704,-2.05006726456193,-1.4481597867337
"6357495","2005-04-13",24.5979886694769,0.0647058823529408,0.0712418300653588,0.0403050108932453,27.9376565741305,25.0938434258695,26.51575,0.0584273879710082,29.7590250188774,26.6586,25.8925022363943,-2.19066256374791,-1.59666034213655
"6357494","2005-04-14",26.0132359822731,0,0.0712418300653588,0.0640522875816983,27.8329279640131,24.8977387026536,26.3653333333333,-0.024213783050573,26.8475244807479,26.518,25.7215019382084,-2.39441311271095,-1.75621089625143
"6357493","2005-04-15",27.8751249551932,0,0.0215686274509798,0.0546840958605654,27.7672091829616,24.6306241503717,26.1989166666667,-0.0772466917111926,23.1976087454316,26.362,25.498635013114,-2.70525120359364,-1.94601895771987
"6357492","2005-04-18",29.7968198614009,0,-4.57966997657877e-16,0.0309368191721124,27.7958615065798,24.2858051600868,26.0408333333333,-0.0676547050279645,21.9088339630531,26.1938,25.2754836780321,-2.99427639722532,-2.15567044562096
"6357491","2005-04-19",31.3478408353635,0.0930930930930937,0.0310310310310308,0.017533219494003,27.7805362531779,24.0421304134887,25.9113333333333,0.064074437995701,27.8558459608089,26.0262,25.1234191876278,-3.09315325356166,-2.3431670072091
"6357490","2005-04-20",32.4744818777045,0.0840840840840844,0.0590590590590589,0.0300300300300294,27.7092039303494,23.8477960696506,25.7785,0.116245321190923,27.6365027302952,25.8602,24.9876299626108,-3.14781613195582,-2.50409683215844
"6357489","2005-04-21",31.2069207634341,0.176737160120846,0.117971445766008,0.0693538452853654,27.6383837616875,23.7501162383125,25.69425,0.274299651951013,33.3799922168198,25.7306,24.9106126342627,-3.05917628329831,-2.61511272238642
"6357488","2005-04-22",29.9891955975609,0.220364741641338,0.160395328615422,0.112475277813496,27.5631683157519,23.6763316842481,25.61975,0.319111683873037,35.895121110272,25.6096,24.8625309496943,-2.91080453407822,-2.67425108472478
"6357487","2005-04-25",28.8584508006787,0.288216560509554,0.228439487423912,0.16893542060178,27.4272275515965,23.6281057817368,25.5276666666667,0.329960701674524,39.0796633565569,25.5196,24.8448601564017,-2.70393246437681,-2.68018736065518
"6357486","2005-04-26",28.6271537472797,0.137037037037037,0.215206113062643,0.201346976367325,27.2969761061311,23.5381905605356,25.4175833333333,0.244797890604845,33.718168778795,25.418,24.7582121355482,-2.68352616801499,-2.68085512212715
"6357485","2005-04-27",28.5514325287225,0.112266112266112,0.179173236604234,0.207606279030263,27.124722340483,23.4709443261836,25.2978333333333,0.244237335617344,32.8120211844647,25.3118,24.6697838508084,-2.67049984210472,-2.67878406612266
"6357484","2005-04-28",28.35448715987,0.273942093541203,0.174415080948117,0.189598143538331,26.9012967866854,23.4755365466479,25.1884166666667,0.331156699203119,38.9115699025363,25.2364,24.639146004034,-2.51911806533205,-2.64685086596454
"6357483","2005-04-29",28.5268656631097,0.167037861915367,0.18441535590756,0.17933455781997,26.6943970197594,23.4637696469072,25.0790833333333,0.293409579738251,36.4336586765359,25.1542,24.5805932034961,-2.44997683364896,-2.60747605950142
"6357482","2005-05-02",28.4674777810743,0.277078085642318,0.239352680366296,0.199394372407324,26.4414334412778,23.5103998920555,24.9759166666667,0.356393091516015,39.4609491107034,25.0692,24.5531807763633,-2.31158054308113,-2.54829695621736
"6357481","2005-05-03",28.4123318906128,0.301369863013699,0.248495270190461,0.224087768821439,26.0986067070956,23.6317266262377,24.8651666666667,0.36007967337163,39.4609491107034,24.992,24.5294233395149,-2.17701677566481,-2.47404092010685
"6357480","2005-05-04",28.5312394428105,0.246575342465753,0.275007763707256,0.254285238088004,25.7231992940385,23.7916340392948,24.7574166666666,0.323588667707118,38.2536063685089,24.8998,24.4955002275795,-2.07952897081384,-2.39513853024825
"6357479","2005-05-05",29.6237272937063,0,0.182648401826484,0.235383811908066,25.5545804598985,23.7540862067681,24.6543333333333,0.0384600653097414,31.1676179937105,24.7784,24.3741001972356,-2.20530036824215,-2.35717089784703
"6357478","2005-05-06",29.9884314667941,0.208232445520581,0.151602595995444,0.203086253843061,25.3831446891051,23.7805219775615,24.5818333333333,0.251345093808048,38.7785167746438,24.6862,24.3262201709375,-2.13936047642974,-2.31360881356357
"6357477","2005-05-09",30.3270853418043,0.285714285714286,0.164648910411622,0.166299969411183,25.3180433621287,23.762623304538,24.5403333333333,0.318698493295254,41.3760117624098,24.5988,24.3060574814792,-2.01120107782283,-2.25312726641542
"6357476","2005-05-10",31.2962585971042,0.0484261501210644,0.180790960451977,0.165680822286347,25.1564018635497,23.7635981364502,24.46,0.0859670279117071,36.2969675328448,24.4844,24.223249817282,-2.04926361890985,-2.21235453691431
"6357475","2005-05-11",31.2986799593648,0.128329297820824,0.154156577885391,0.166532149582996,25.00998161569,23.7936850509767,24.4018333333333,0.249101760606722,39.0118520505518,24.3834,24.1734831749777,-2.0022565865002,-2.17033494683149
"6357474","2005-05-12",31.4662744409549,0.0937499999999992,0.0901684826472953,0.141705340328221,24.9598395439055,23.7611604560945,24.3605,0.199252282228176,37.8026143749712,24.3102,24.1150187516473,-1.98114272079866,-2.13249650162492
"6357473","2005-05-13",31.6955452203489,0.07142857142857,0.0978359564164638,0.114053672316383,24.9720453322456,23.6956213344211,24.3338333333333,0.124863419875025,37.2618152787114,24.2442,24.0576829180944,-1.95921644984846,-2.09784049126963
"6357472","2005-05-16",31.1794371319077,0.267399267399267,0.144192612942611,0.11073235066879,24.9700875241216,23.704079142545,24.3370833333333,0.323263413373816,41.9978892039164,24.2094,24.0433251956818,-1.83224676360453,-2.04472174573661
"6357471","2005-05-17",29.9416994256855,0.161172161172161,0.166666666666665,0.136231745341913,24.9688895515839,23.6881104484161,24.3285,0.329400714409237,40.2092635533047,24.1536,24.0115485029242,-1.76014674098671,-1.98780674478663
"6357470","2005-05-18",28.2971468413773,0.603305785123967,0.343959071231797,0.218272783613691,25.0495834088255,23.6697499245078,24.3596666666667,0.906087647315209,53.170261878113,24.1414,24.100675369201,-1.39343795264733,-1.86893298635877
"6357469","2005-05-19",27.0373869743246,0.811224489795918,0.525234145364015,0.345286627754159,25.163566841031,23.603933158969,24.38375,1.08640906762425,58.6333336319658,24.164,24.2439186533075,-0.927560994427545,-1.68065858797252
"6357468","2005-05-20",26.4003029838304,0.78587196467991,0.733467413199931,0.534220209931914,25.3136080889847,23.5148919110153,24.41425,1.11845035936826,60.536362490673,24.2166,24.3933961661999,-0.491232042454548,-1.44277327886893
"6357467","2005-05-23",26.2101166333006,0.82107355864811,0.806056671041312,0.688252743201752,25.528238085419,23.3920952479144,24.4601666666667,1.12722085331078,63.2661991413898,24.2896,24.5609433440399,-0.0529055203311812,-1.16479972716138
"6357466","2005-05-24",26.3732577124807,0.739051094890511,0.78199887273951,0.773840985660251,25.757207387874,23.3021259454593,24.5296666666667,1.03711728005639,62.6115720567296,24.3486,24.7008175648346,0.276037924840922,-0.876632196760919
"6357465","2005-05-25",26.5247458574336,0.78219696969697,0.780773874411863,0.789609806064228,25.9658530340139,23.2463136326528,24.6060833333333,0.972720980872685,64.0150197227426,24.4144,24.84070855619,0.573896123691253,-0.586526532670485
"6357464","2005-05-26",26.9003804369887,0.869318181818182,0.796855415468554,0.786542720873309,26.1870824461218,23.1735842205448,24.6803333333333,0.969443338197358,66.2560098198734,24.4772,24.9926140820313,0.872321060925318,-0.294757013951324
"6357463","2005-05-27",26.6522569935848,0.791666666666666,0.814393939393939,0.797341076424785,26.3470271050232,23.1631395616434,24.7550833333333,0.861690957247475,62.518860663224,24.5262,25.0969322044271,1.02921795758568,-0.0299620196439229
"6357462","2005-05-31",25.4428014991237,0.649621212121212,0.77020202020202,0.793817125021504,26.4352735331292,23.1777264668708,24.8065,0.738471867798859,56.266718664794,24.553,25.1373412438368,1.0208302022366,0.180196424732182
"6357461","2005-06-01",24.3197356828383,0.649621212121212,0.696969696969696,0.760521885521885,26.5153666344644,23.2029666988689,24.8591666666667,0.715603997268607,56.266718664794,24.6012,25.1723624113253,1.00245418290754,0.344647976367254
"6357460","2005-06-02",23.4493323076138,0.714015151515152,0.671085858585858,0.712752525252524,26.6071351038398,23.2408648961602,24.924,0.734483058291819,58.4512714210584,24.6602,25.2253807564819,1.03017112438126,0.481752605970056
"6357459","2005-06-03",22.9626307052636,0.801587301587302,0.721741221741221,0.696598925765591,26.6877762469236,23.3712237530764,25.0295,0.772521944100116,61.5535623375427,24.7156,25.305329988951,1.12012013867333,0.609426112510711
"6357458","2005-06-06",22.8707930248843,0.861111111111112,0.792237854737855,0.728354978354978,26.7970119839258,23.4528213494075,25.1249166666667,0.789083400336494,63.2899455305948,24.7866,25.3946193237575,1.224208173631,0.732382524734769
"6357457","2005-06-07",21.4916483298364,0.496987951807228,0.719895454835214,0.744624843771429,26.8471179620174,23.555215371316,25.2011666666667,0.676848084238917,54.9201898613616,24.8318,25.4093367472565,1.14390582337598,0.814687184463011
"6357456","2005-06-08",20.9847893280919,0,0.452699687639446,0.654944332404171,26.7955326598821,23.7313006734512,25.2634166666667,0.455916087968697,46.2932349258042,24.8524,25.3400918476223,0.874899045599586,0.826729556690326
"6357455","2005-06-09",21.2706773056334,0,0.165662650602409,0.446085931025689,26.7590025304004,23.8169974695996,25.288,0.262180332050074,41.0435532308613,24.8584,25.2180796012727,0.507082463201747,0.76280013799261
"6357454","2005-06-10",21.2633413200982,0.0417754569190592,0.0139251523063526,0.210762496849402,26.700973218162,23.9428601151713,25.3219166666667,0.266658106719599,42.2567695295554,24.8952,25.123002321103,0.23747291892684,0.657734694179456
"6357453","2005-06-13",21.2565293335299,0.0417754569190592,0.0278503046127057,0.0691460358404886,26.6075702327668,24.1177631005665,25.3626666666667,0.221799067201431,42.2567695295554,24.9148,25.0406020116226,0.0228622924201449,0.530760213827594
"6357452","2005-06-14",21.2951942912804,0.0287206266318537,0.0374238468233236,0.0263997679141268,26.5458832728128,24.2326167271871,25.38925,0.178268809356479,41.9439487189898,24.927,24.9658550767396,-0.154066250411611,0.393794920979753
"6357451","2005-06-15",21.3012567691374,0.101827676240209,0.0574412532637069,0.0409051348999116,26.4650494135687,24.3766172530979,25.4208333333333,0.174795916514935,44.4250863255537,24.9644,24.9197410665076,-0.246521024565216,0.265731731870759
"6357450","2005-06-16",20.56052788865,0.16710182767624,0.0992167101827673,0.0646939367565987,26.465517315011,24.3751493516557,25.4203333333333,0.255864353893863,46.6186952437355,25.0002,24.8964422576399,-0.276234501476624,0.157338485201283
"6357449","2005-06-17",19.4251831639955,0.378590078328981,0.215839860748476,0.124165941398316,26.4664523290545,24.3773810042788,25.4219166666667,0.456001183120676,53.0806261181875,25.0568,24.9302499566213,-0.166602109463143,0.0925503662683974
"6357448","2005-06-20",18.4164533744877,0.402088772845953,0.315926892950391,0.210327821293878,26.4575711832573,24.370262150076,25.4139166666666,0.477363198621353,53.750544540664,25.1172,24.9655499624051,-0.0645137182073818,0.0611375493732416
"6357447","2005-06-21",17.5875879469696,0.475195822454308,0.418624891209747,0.316797214969538,26.4267889464112,24.3685443869221,25.3976666666666,0.537572470665268,55.8620029878237,25.1726,25.0148099674178,0.0607670658382853,0.0610634526662503
"6357446","2005-06-22",17.1667865730531,0.592689295039164,0.489991296779808,0.408181026979982,26.4054621649106,24.3723711684227,25.3889166666666,0.639893722001626,59.0942148108815,25.2428,25.0875019717621,0.229587907275142,0.0947683435880286
"6357445","2005-06-23",16.4915300514111,0.543080939947781,0.53698868581375,0.481868291267768,26.3680436067804,24.3787897265529,25.3734166666666,0.604687492164753,57.189927344632,25.2742,25.1378350421938,0.328643336930257,0.141543342256474
"6357444","2005-06-24",16.440626358423,0.182767624020887,0.439512619669276,0.488830867420944,26.2690455425642,24.3631211241024,25.3160833333333,0.30704901178779,45.6767984405372,25.2582,25.089457036568,0.183364050912771,0.149907483987734
"6357443","2005-06-27",17.1143029218241,0,0.241949521322889,0.406150275601971,26.2161054797098,24.2807278536235,25.2484166666666,0.140853896436276,40.5770382894123,25.2186,24.9941960983589,-0.0602707457930118,0.107871838031584
"6357442","2005-06-28",17.1187425112789,0.134426229508196,0.105731284509694,0.262397808500619,26.1841768886173,24.2309897780493,25.2075833333333,0.274257845405075,44.0262290537145,25.1758,24.938969951911,-0.185574785437159,0.0491825133378358
"6357441","2005-06-29",16.2826053867514,0.337704918032788,0.157377049180327,0.168352618337636,26.1463869259346,24.220279740732,25.1833333333333,0.450677718908987,48.8603060304087,25.147,24.9324406249896,-0.182580134464827,0.0028299837773032
"6357440","2005-06-30",15.1466874387506,0.295081967213115,0.255737704918032,0.172948679536017,26.0847608766276,24.220405790039,25.1525833333333,0.470901465933053,47.9256889652637,25.11,24.9181152083243,-0.19897149094853,-0.0375303111678634
"6357439","2005-07-01",14.2919310026841,0.236065573770492,0.289617486338797,0.234244080145718,25.9665638592184,24.2374361407816,25.102,0.395708494282691,46.5966251829029,25.0602,24.8936998472144,-0.238413276086824,-0.0777069041516555
"6357438","2005-07-05",13.5193392440901,0.4,0.310382513661202,0.285245901639343,25.79243253054,24.31806746946,25.05525,0.568786672543906,50.6875041023321,25.0286,24.9058732009191,-0.186498253019196,-0.0994651739251636
"6357437","2005-07-06",13.2701387011202,0.511475409836067,0.382513661202186,0.327504553734061,25.7053818273275,24.3609515060059,25.0331666666667,0.729465220404101,53.306860501228,25.0188,24.9390901074633,-0.0892949808980026,-0.0974311353197314
"6357436","2005-07-07",12.7305145971597,0.432786885245902,0.448087431693989,0.380327868852458,25.711064949519,24.3617683838144,25.0364166666667,0.61629516494377,51.23792866525,25.0042,24.9518780931348,-0.0505588886086761,-0.0880566859775204
"6357435","2005-07-08",12.6201656550371,0.344262295081967,0.429508196721311,0.420036429872495,25.7091679335391,24.4209987331276,25.0650833333333,0.574977210526759,48.9368255688759,24.9774,24.9449610140502,-0.0628032564063075,-0.0830060000632778
"6357434","2005-07-11",13.1772848602216,0.678899082568806,0.485316087632225,0.454303905349174,25.7820576258309,24.4462757075024,25.1141666666667,0.908624585977602,57.7844005785361,24.9638,25.0169662121768,0.115127506154211,-0.04337929881978
"6357433","2005-07-12",13.9292989308807,0.681818181818181,0.568326519822984,0.494383601392173,25.8605269992322,24.4769730007678,25.16875,0.928546097459712,58.9624649895222,24.9478,25.0913707172199,0.281382549077058,0.0215730707595877
"6357432","2005-07-13",14.9895400385458,0.813775510204081,0.724830924863689,0.592824510772965,25.9981296954833,24.4840369711834,25.2410833333333,1.06177757126907,63.744465885151,24.9664,25.2085212882573,0.532959792186194,0.123850415044909
"6357431","2005-07-14",16.6315511073892,0.743157894736842,0.746250528919701,0.679802657868791,26.1817324366369,24.4606008966964,25.3211666666667,1.09389224062563,65.6022487283201,25.0164,25.332718449823,0.776244294033135,0.254329190842554
"6357430","2005-07-15",18.2507867333222,0.87295081967213,0.809961408204351,0.76034762066258,26.4107116642763,24.4014550023903,25.4060833333333,1.09835561220511,69.2460161509975,25.0996,25.4890226565132,1.07072682493632,0.417608717661307
"6357429","2005-07-18",18.7150157429718,0.713646532438479,0.776585082282483,0.777599006468845,26.5365098551002,24.3753234782332,25.4559166666667,0.90290370572403,62.7717494159271,25.1664,25.5804863023115,1.18437995721981,0.570962965573007
"6357428","2005-07-19",18.9967551341007,0.668269230769231,0.751622194293279,0.779389561593371,26.6312798666996,24.3677201333003,25.4995,0.826403285246554,61.8285027626974,25.2312,25.6530881286699,1.24355934903801,0.705482242266009
"6357427","2005-07-20",20.7871196439873,0.546594982078854,0.642836915095521,0.723681397223761,26.8031147889088,24.3165518777579,25.5598333333333,0.951158234646925,63.4264999550572,25.3024,25.734009711514,1.31696328236768,0.827778450286342
"6357426","2005-07-21",22.6009142876731,0.805460750853242,0.673441654567108,0.689300254651969,27.0938393990088,24.1869939343245,25.6404166666667,1.06576221657245,71.4013100028687,25.4014,25.9154750833121,1.61577164976154,0.985377090181383
"6357425","2005-07-22",24.4045130345893,0.885217391304348,0.745757708078814,0.687345425913814,27.4141751964859,24.0639914701807,25.7390833333333,1.0420349494293,73.963990679047,25.5094,26.1194117388705,1.93503759234792,1.17530919061469
"6357424","2005-07-25",26.2927617976643,0.804878048780488,0.831852063646026,0.750350475430649,27.6831493720347,24.0576839612986,25.8704166666666,0.970169520383653,72.5634967336072,25.5984,26.2868235070211,2.13803744937635,1.36785484236702
"6357423","2005-07-26",27.7235966655224,0.772357723577235,0.82081772122069,0.799475830981843,27.838155829496,24.1881775038373,26.0131666666666,0.882239712728959,70.5095210010858,25.6816,26.4185803727516,2.23986560851754,1.54225699559713
"6357422","2005-07-27",29.2569815412942,0.785365853658537,0.787533875338753,0.813401220068489,27.9889739888228,24.3100260111772,26.1495,0.8652765251096,70.8647759546824,25.7608,26.5381029897181,2.30428550368298,1.6946626972143
"6357421","2005-07-28",30.6808389259394,0.761044176706827,0.772922584647532,0.793758060402325,28.1285271818341,24.4099728181659,26.26925,0.826493366668363,71.4663019841055,25.8336,26.6503559244223,2.34634926258339,1.82500001028812
"6357420","2005-07-29",31.6917682520655,0.716666666666667,0.754358899010676,0.771605119665653,28.2313323922664,24.5416676077335,26.3865,0.786430717978393,69.4470969907478,25.9068,26.7363084678327,2.32589419996592,1.92517884822368
"6357419","2005-08-01",32.4610518474257,0.638403990024937,0.70537161113281,0.744217698263673,28.2737818844544,24.7453847822122,26.5095833333333,0.747633691639972,68.3461374771382,26.0058,26.8048006721216,2.26912291537389,1.99396766165372
"6357418","2005-08-02",30.3306524951518,0.0729729729729738,0.476014543221526,0.64524835112167,28.2312333790857,24.9284332875809,26.5798333333333,0.494499616639414,49.6846314531092,26.0812,26.7321605825054,1.90413023594533,1.97600017651204
"6357417","2005-08-03",28.415298490543,0.186486486486486,0.299287816494799,0.493557990283044,28.1992097880446,25.0974568786221,26.6483333333333,0.520418561756144,52.6387290879648,26.1568,26.6972058381714,1.65912406469133,1.9126249541479
"6357416","2005-08-04",26.6367554862633,0.186486486486486,0.148648648648648,0.30798366945499,28.1212469623447,25.3207530376553,26.721,0.473457063170896,52.6387290879648,26.22,26.6669117264152,1.4483284086843,1.81976564505518
"6357415","2005-08-05",25.0330900002871,0.297297297297297,0.223423423423423,0.223786629522289,28.0060881219327,25.5987452114006,26.8024166666667,0.494842169508826,55.59063609857,26.294,26.6679901628932,1.32803687953282,1.72141989195071
"6357414","2005-08-08",23.9187569697381,0.346938775510203,0.276907519764662,0.216326530612244,27.9519033177538,25.7830966822461,26.8675,0.543418654814579,58.0622884226523,26.3788,26.6929248078407,1.27244882611426,1.63162567878342
"6357413","2005-08-09",23.729232288782,0.518950437317783,0.387728836708428,0.29601992663217,27.9153590507305,25.9724742826029,26.9439166666667,0.678128594660234,61.8133845201285,26.4654,26.7538681667953,1.30224493836213,1.56574953069916
"6357412","2005-08-10",23.8294574404098,0.489795918367347,0.451895043731777,0.372177133401622,27.9044659645692,26.1047007020974,27.0045833333333,0.666919916130672,60.820415911387,26.5432,26.8000190778893,1.29542248579748,1.51168412171883
"6357411","2005-08-11",24.1197905415638,0.635568513119534,0.548104956268221,0.462576278902808,27.9340837637081,26.1914162362919,27.06275,0.754733998128059,63.9395815989131,26.6358,26.873349867504,1.3492165433532,1.4791906060457
"6357410","2005-08-12",24.3721369032586,0.682389937106917,0.602584789531265,0.534194929843754,27.969779134,26.2430541993333,27.1064166666667,0.717318921193681,63.8301307746465,26.7336,26.9362365518368,1.37389406951078,1.45813129873872
"6357409","2005-08-15",24.1486131759474,0.600628930817609,0.639529127014686,0.59673962427139,27.946659611566,26.3668403884339,27.15675,0.611774392125233,60.910682765734,26.8028,26.9734050115919,1.33870047833498,1.43424513465797
"6357408","2005-08-16",22.7724592463317,0.371794871794871,0.551604579906465,0.597906165484139,27.8689369848739,26.5267296817927,27.1978333333333,0.397308461206473,53.3328899428691,26.8534,26.955617676713,1.18487993452363,1.3843720946311
"6357407","2005-08-17",21.2016928276766,0.304487179487178,0.425636994033219,0.53892356698479,27.8523055027871,26.5655278305462,27.2089166666666,0.262520488250983,51.4045074642454,26.884,26.9262019864846,1.01981259137889,1.31146019398066
"6357406","2005-08-18",20.0163624136726,0.320512820512821,0.332264957264956,0.436502177068213,27.8440664075286,26.5406002591381,27.1923333333333,0.316642725785327,51.8509047887045,26.9088,26.90404172162,0.886294965507961,1.22642714828612
"6357405","2005-08-19",18.9298147390883,0.426282051282051,0.35042735042735,0.369443100575175,27.7997291580808,26.5359375085858,27.1678333333333,0.418631102385894,54.8019375537109,26.9256,26.9068361587373,0.820541062863445,1.14524993120158
"6357404","2005-08-22",18.5537735557511,0.377777777777779,0.37485754985755,0.352516619183285,27.7518079164767,26.5441920835232,27.148,0.525118363394724,55.7749483921712,26.9578,26.9165913375723,0.775968885626033,1.07139372208647
"6357403","2005-08-23",18.0145385340394,0.337037037037038,0.380365622032289,0.368550174105729,27.7274676229885,26.5435323770115,27.1355,0.519285964676646,54.5111781865999,26.9898,26.9177124925627,0.715881536638552,1.00029128499689
"6357402","2005-08-24",17.0841593075635,0.109170305676856,0.274661706830557,0.343294959573465,27.6831127023605,26.5445539643061,27.1138333333333,0.452718000807488,51.6469624519346,27.0114,26.9020174935543,0.623588385548279,0.924950705107168
"6357401","2005-08-25",16.2360405882578,0.248847926267281,0.231685089660391,0.295570806174412,27.6449169468214,26.5542497198452,27.0995833333333,0.590540907031554,55.7530830795195,27.0078,26.9157484944138,0.604975909520733,0.860955745989881
"6357400","2005-08-26",15.0801460145581,0.152073732718893,0.170030654887676,0.225459150459541,27.6036958271974,26.5596375061359,27.0816666666666,0.503192669668069,53.2583956262463,26.986,26.9136486951586,0.552346710324803,0.799233938856865
"6357399","2005-08-29",14.4693416933755,0.0276497695852545,0.142857142857142,0.181524295801736,27.5667471276162,26.5585862057171,27.0626666666667,0.441146961715647,50.1512731683963,26.9616,26.8938288691374,0.464785368378773,0.732344224761247
"6357398","2005-08-30",13.8051036787943,0.244239631336406,0.141321044546851,0.151402947430556,27.5429439471262,26.6430560528737,27.093,0.583714131298461,55.0656405808377,26.9506,26.9079850199191,0.460606611453351,0.677996702099668
"6357397","2005-08-31",13.3570545437911,0.411764705882355,0.227884702268005,0.170687629890666,27.5529008780124,26.6974324553209,27.1251666666667,0.768663725319341,58.0063093913291,26.9442,26.9409203505966,0.497963613008379,0.64199008428141
"6357396","2005-09-01",13.5915684942272,0.609756097560975,0.421920144926578,0.263708630580478,27.6008094777031,26.7493571889635,27.1750833333333,1.05190017442113,63.4853182809228,26.9484,27.0134643038504,0.618943723532084,0.637380812131545
"6357395","2005-09-02",13.5841288794331,0.565040650406504,0.528853817949945,0.392886221714842,27.6347978062124,26.7935355271209,27.2141666666667,0.924956650125913,62.0326327612035,26.9538,27.0690023966703,0.689991015942559,0.647902852893748
"6357394","2005-09-06",13.150448980421,0.479674796747967,0.551490514905149,0.500754825927224,27.661960970221,26.8198723631123,27.2409166666667,0.803709132080692,59.2454551821705,26.9568,27.1031354104476,0.706604865847482,0.659643255484495
"6357393","2005-09-07",12.262182489085,0.365145228215766,0.469953558456746,0.516765963770613,27.6648019793594,26.8205313539739,27.2426666666667,0.597520073371904,56.0185817404882,26.9944,27.1160506890546,0.674689321330346,0.662652468653665
"6357392","2005-09-08",12.6486394100796,0.0208333333333322,0.288551119432355,0.436665064264749,27.6634849953018,26.7878483380315,27.2256666666667,0.202311838475044,46.980032433813,27.0072,27.0725772638473,0.521311178310158,0.634384210584964
"6357391","2005-09-09",13.7254370174064,0,0.128659520516366,0.295721399468489,27.6600844736828,26.7100821929838,27.1850833333333,-0.0158759545005773,41.8379836495462,27.0084,26.9962336286677,0.3094837811767,0.569404124703311
"6357390","2005-09-12",13.1368542101165,0.238907849829353,0.0865803943875613,0.16793034477876,27.6218040136573,26.708529319676,27.1651666666667,0.410395706929549,49.0815550010178,27.0154,26.976735811512,0.24327915319704,0.504179130402057
"6357389","2005-09-13",12.5903130319188,0.331058020477815,0.189988623435722,0.13507617944655,27.6060794991505,26.7059205008495,27.156,0.493334510890497,51.5861270082361,27.0206,26.9778377033104,0.228568840439425,0.44905707240953
"6357388","2005-09-14",12.2058582647077,0.549488054607508,0.373151308304892,0.216573442042725,27.6439328874191,26.7089004459142,27.1764166666667,0.812199506358122,56.9869453414214,27.0268,27.021459342869,0.308993726224438,0.421044403172512
"6357387","2005-09-15",11.8018997293704,0.539249146757679,0.473265073947667,0.345468335229427,27.663851841449,26.7408148252176,27.2023333333333,0.737621384057639,56.6678266346204,27.0344,27.0572647638198,0.363887472403746,0.409613017018759
"6357386","2005-09-16",11.5564857666646,0.539249146757679,0.542662116040955,0.463026166097838,27.6839335410138,26.7690664589862,27.2265,0.729723717024414,56.6678266346204,27.032,27.0882961286438,0.402623899621513,0.40821519353931
"6357385","2005-09-19",10.8369269825702,0.392491467576791,0.490329920364049,0.50208570345089,27.6871890262754,26.7843109737246,27.23575,0.515782862325368,51.8419645784211,27.0212,27.0865233114913,0.365013246624013,0.39957480415625
"6357384","2005-09-20",10.7153710862404,0.266211604095564,0.399317406143344,0.477436480849449,27.6866447042043,26.7760219624623,27.2313333333333,0.344794856470464,48.0501179960285,27.0082,27.0603202032925,0.276878776066569,0.375035598538314
"6357383","2005-09-21",11.3549104924395,0.06825938566553,0.242320819112628,0.377322715206674,27.697773664466,26.7363930022007,27.2170833333333,0.14244132060031,42.7691787583573,26.9986,26.9989441761868,0.119003231202375,0.323829125071126
"6357382","2005-09-22",11.9487685124815,0.166051660516606,0.1668408834259,0.26949303622729,27.7071621822481,26.7083378177519,27.20775,0.165189718479317,45.5471882217456,26.9982,26.9624182860286,0.0307268460465471,0.26520866926621
"6357381","2005-09-23",12.1578330268985,0.208955223880598,0.147755423354244,0.185639041964257,27.7077323920617,26.681934274605,27.1948333333333,0.251575549811743,46.7714815451611,26.999,26.9380958478914,-0.0225729129175734,0.207652352829454
"6357380","2005-09-26",11.3964151897038,0.494208494208494,0.289738459535232,0.201444922105125,27.7155227070143,26.692810626319,27.2041666666667,0.566000980407029,54.0533599630067,27.0076,26.9650164015059,0.0425218753426382,0.174626257332091
"6357379","2005-09-27",11.709857840287,0.572390572390574,0.425184763493222,0.287559548794233,27.75730907845,26.7068575882167,27.2320833333333,0.813753977596949,57.6895622920399,27.0224,27.0163475479718,0.155022069550403,0.170705419775753
"6357378","2005-09-28",12.0009117301142,0.673400673400674,0.579999913333247,0.4316410454539,27.8124484998381,26.7007181668286,27.2565833333333,0.861373606594383,60.1174776778783,27.0454,27.0808345415756,0.285379132234365,0.193640162267475
"6357377","2005-09-29",13.2167382591131,0.511111111111111,0.585634118967453,0.530272931931307,27.885257652311,26.673742347689,27.2795,0.940632760722654,60.4434106432465,27.0742,27.1393899360321,0.389799431073423,0.232872016028665
"6357376","2005-09-30",14.5399214548049,0.749999999999999,0.644837261503928,0.603490431268209,28.014024746358,26.5988085869753,27.3064166666667,1.1196344359502,67.6355753920705,27.115,27.2574712778945,0.614750845798051,0.309247781982542
"6357375","2005-10-03",16.2078154903424,0.836448598130842,0.699186569747317,0.643219316739566,28.2283897493401,26.4779435839932,27.3531666666667,1.15897485043271,71.6480305362932,27.1746,27.4084751075086,0.889071102381878,0.425212446062409
"6357374","2005-10-04",17.8871162095339,0.790067720090293,0.792172106073711,0.712065312441652,28.4120840219245,26.3950826447421,27.4035833333333,1.04606639297654,70.6148173258947,27.238,27.5340117598408,1.08047133749758,0.556264224349443
"6357373","2005-10-05",17.374829731893,0.510158013544018,0.712224777255051,0.734527817692026,28.4717933008001,26.3990400325332,27.4354166666667,0.753889359653512,56.9146430606993,27.2672,27.5601435251953,1.03790031351849,0.652591442183253
"6357372","2005-10-06",16.7845871402288,0.237020316027087,0.512415349887133,0.672270744405298,28.4725520648692,26.4451146017975,27.4588333333333,0.487422546705163,47.2759364685803,27.266,27.5021243885026,0.817600770944704,0.685593307935543
"6357371","2005-10-07",16.338352912952,0.214446952595936,0.320541760722347,0.515060629288177,28.4449076618468,26.5377590048198,27.4913333333333,0.423271144703826,46.573936641967,27.2496,27.4451744700356,0.62103285457098,0.672681217262631
"6357370","2005-10-10",15.6784259911905,0.419864559819413,0.290443942814145,0.374467017807875,28.4590206590936,26.5833126742397,27.5211666666666,0.584679136953041,53.3608672163218,27.2536,27.4564845406975,0.59210711560771,0.656566396931646
"6357369","2005-10-11",14.6711127117891,0.411483253588517,0.348598255334622,0.319861319623704,28.4828285351146,26.6245047982186,27.5536666666666,0.632556738334952,54.1195906403266,27.264,27.4736199352712,0.578640816874887,0.640981280920294
"6357368","2005-10-12",14.2894333905555,0.314496314496315,0.381948042634748,0.340330080261171,28.5018232106155,26.6358434560511,27.5688333333333,0.608700714912474,51.4172043832095,27.2728,27.4664706105684,0.513569585853002,0.615498941906836
"6357367","2005-10-13",13.5937950197697,0,0.24199318936161,0.324179829110326,28.5012136846524,26.6224529820142,27.5618333333333,0.350876875233115,45.2265518607666,27.2812,27.4042745291593,0.334617579635621,0.559322669452593
"6357366","2005-10-14",12.9478451040399,0.0440771349862249,0.119524483160847,0.247821905052401,28.5007165249079,26.6019501417587,27.5513333333333,0.329011789155359,46.5467154326114,27.3044,27.3610379252714,0.213723693785095,0.490202874319093
"6357365","2005-10-17",12.731456588509,0,0.0146923783287416,0.125403350283732,28.5025656867956,26.591600979871,27.5470833333333,0.300057357444225,44.1135412311148,27.3068,27.3008995352352,0.0667980821772662,0.405521915890728
"6357364","2005-10-18",12.5305243955159,0.081364829396326,0.0418139881275169,0.058676949872368,28.4978460416178,26.6114872917154,27.5546666666666,0.334071859334197,46.8420170926071,27.31,27.2694462638705,-0.00391664286607529,0.323634204139367
"6357363","2005-10-19",12.7811200323513,0,0.0271216097987753,0.0278759920850109,28.4805174932972,26.6528158400361,27.5666666666666,0.251965353577022,44.0058579082408,27.2928,27.2168534286878,-0.115031902992768,0.23590098271294
"6357362","2005-10-20",12.7511010104721,0.0876288659793823,0.0563312317919027,0.0417556099060646,28.4557796770162,26.7157203229838,27.58575,0.309920277010381,47.0925401900709,27.283,27.1939396381961,-0.151042988030747,0.158512188564203
"6357361","2005-10-21",12.8903411164335,0.31958762886598,0.135738831615121,0.0730638910685992,28.452258505511,26.8070748278223,27.6296666666666,0.614678178020675,54.2775462537781,27.2912,27.2340810197699,-0.0455502901506533,0.117699692821232
"6357360","2005-10-24",13.7810525197267,0.740740740740741,0.382652411862034,0.191574158423019,28.5902916811873,26.7968749854793,27.6935833333333,0.977533564127198,64.4459748864322,27.3432,27.3862035504673,0.294368838161696,0.153033521889324
"6357359","2005-10-25",15.0678473572371,0.751072961373391,0.603800443660037,0.374063895712397,28.77515405241,26.7376792809233,27.7564166666666,1.02119254752385,66.7109710091193,27.4126,27.551376410405,0.62799841699801,0.248026500911062
"6357358","2005-10-26",17.3013562465781,0.656832298136646,0.716215333416926,0.567556062979666,29.074392414378,26.6084409189553,27.8414166666666,1.11514456771852,69.7417865748991,27.5082,27.7431928890176,0.985059905011587,0.395433181731167
"6357357","2005-10-27",19.3753287866804,0.776397515527951,0.728100925012662,0.682705567363208,29.3817216085777,26.4796117247556,27.9306666666666,1.07463939458776,72.5778292456036,27.6142,27.960767170482,1.3604712194462,0.588440789274174
"6357356","2005-10-28",20.9639324740631,0.739130434782609,0.724120082815735,0.722812113748441,29.591135971028,26.3985306956386,27.9948333333333,0.961013249799197,70.364093508675,27.7132,28.133331547751,1.60150421312142,0.791053474043623
"6357355","2005-10-31",22.9150512294475,0.852601156069364,0.789376368793307,0.747199125540568,29.8786060779091,26.2598939220909,28.06925,1.03216445991808,74.3640041327241,27.8206,28.3588873413842,1.92975631005983,1.01879404124686
"6357354","2005-11-01",26.1976940284444,0.542271562766866,0.711334384539613,0.741610278716218,30.3885310222325,25.9938023111009,28.1911666666667,1.12624267561627,75.7550629039946,27.9286,28.5843690291997,2.22351596713513,1.25973842642452
"6357353","2005-11-02",29.4435190869353,0.801562500000001,0.73214507294541,0.74428527542611,31.2796494240654,25.5493505759346,28.4145,1.20045794114956,83.9197183802504,28.1088,29.0404531586397,2.96132652186716,1.60005604551304
"6357352","2005-11-03",32.8687362044446,0.764968152866242,0.702934071877703,0.715471176454242,32.296885170129,25.1382814965376,28.7175833333333,1.16736711298754,86.1653163605992,28.3232,29.5523927374877,3.72561669081652,2.02516817457374
"6357351","2005-11-04",36.0492949564176,0.801273885350318,0.78926817940552,0.741449108076211,33.0703647747714,24.967968558562,29.0191666666667,1.03780386489648,86.8113571748093,28.5288,30.0340737058227,4.33826428655015,2.48778739696902
"6357350","2005-11-07",39.1126059562766,0.847133757961783,0.804458598726114,0.765553616669779,33.8169183844572,24.8300816155428,29.3235,0.994408297481899,87.5991030640449,28.7342,30.4995305450464,4.84545868294439,2.9593216541641
"6357349","2005-11-08",42.0080380364444,0.889322916666667,0.845910186659589,0.813212321597074,34.5199388133664,24.7542278533003,29.6370833333333,0.95409733622746,88.32897278551,28.9552,30.9495931390402,5.26137823790311,3.4197329709119
"6357348","2005-11-09",44.8318929360421,0.879207920792079,0.871888198473509,0.840752327953071,35.2013268401332,24.7416731598668,29.9715,0.929125106548047,88.8922139969608,29.2122,31.3769807205015,5.58316620582977,3.85241961789547
"6357347","2005-11-10",47.4540439142401,0.918595967139656,0.895708934866134,0.87116910666641,35.8026394890919,24.8816938442414,30.3421666666667,0.898576595368903,89.6060436838256,29.5082,31.7967166244346,5.85038077042803,4.25201184840199
"6357346","2005-11-11",49.5620236619085,0.892940263770365,0.896914717234033,0.888170616857892,36.2590845584004,25.154248774933,30.7066666666667,0.843093772325047,87.2399418602539,29.8004,32.1411544078433,5.94472482053867,4.59055444282932
"6357345","2005-11-14",51.1741519211226,0.861842105263157,0.891126112057726,0.894583254719297,36.5781669204284,25.549666412905,31.0639166666667,0.794335873777121,84.7469093796194,30.0684,32.4196671534642,5.90545941814633,4.85353543789273
"6357344","2005-11-15",51.8603282428215,0.793637145313843,0.849473171449122,0.879171333580293,36.7634705712412,26.0398627620921,31.4016666666667,0.741989454126251,78.918034228615,30.3198,32.6130448663357,5.71408540965119,5.02564543224442
"6357343","2005-11-16",52.7141920953618,0.794496990541703,0.816658747039567,0.852419343515471,36.8597971358791,26.6463695307876,31.7530833333333,0.733866966672639,78.93970017285,30.578,32.7813055508242,5.49701220307552,5.11991878641064
"6357342","2005-11-17",53.7688699968382,0.861751152073733,0.816628429309759,0.827586782599482,36.9513721564152,27.3042945102515,32.1278333333333,0.771809429014953,81.4991824867754,30.878,33.0104648107144,5.41188935875003,5.17831290087852
"6357341","2005-11-18",55.0625668558646,0.874688796680498,0.843645646431977,0.825644274260434,37.1331860607403,27.8978139392597,32.5155,0.830919710268988,84.2104685633479,31.2076,33.3184028359524,5.47446733278911,5.23754378726064
"6357340","2005-11-21",56.2638567963891,0.828009828009827,0.854816592254685,0.838363555998807,37.2779055721643,28.4490944278357,32.8635,0.799757233078886,84.3758603945568,31.5462,33.5926157911588,5.46704345205826,5.28344372022016
"6357339","2005-11-22",57.582032236535,0.714899713467049,0.805866112719124,0.834776117135262,37.3740335470615,29.0417997862718,33.2079166666667,0.799889570040479,84.3758603945568,31.8786,33.8302670190043,5.39321711060332,5.30539839829679
"6357338","2005-11-23",58.8060522880991,0.778471138845553,0.773793560107476,0.811492088360428,37.4576916290657,29.6103083709343,33.534,0.798953157101013,85.3011540594928,32.23,34.0742314164704,5.33579053221598,5.31147682508063
"6357337","2005-11-25",59.94264233598,0.755711775043936,0.749694209118846,0.776451293981815,37.4396925386644,30.2474741280023,33.8435833333333,0.770628136623495,85.3503288407303,32.5752,34.2876672276077,5.22886922053489,5.29495530417148
"6357336","2005-11-28",61.0468435280528,0.696000000000001,0.74339430462983,0.75562735795205,37.2351985264574,31.0843014735426,34.15975,0.765042641093705,84.0383004274922,32.8998,34.4639782639266,5.06692503813502,5.24934925096419
"6357335","2005-11-29",62.072173206406,0.756,0.735903925014645,0.742997479587773,36.9512469409757,31.956919725691,34.4540833333333,0.785840969523254,84.6256509560454,33.1952,34.6367811620698,4.91404550897088,5.18228850256553
"6357334","2005-11-30",61.9476016588343,0.6,0.684,0.721099409881491,36.6371889206714,32.7343110793286,34.68575,0.728271727397996,76.7208709587097,33.465,34.7345436737938,4.6466995507962,5.07517071221166
"6357333","2005-12-01",61.8319280789463,0.610000000000002,0.655333333333334,0.691745752782659,36.5264289137659,33.1565710862341,34.8415,0.70826793569727,76.8700209012163,33.7212,34.8226045172879,4.38900496033097,4.93793756183552
"6357332","2005-12-02",61.7245168976217,0.612,0.607333333333334,0.648888888888889,36.5295130492047,33.3534869507953,34.9415,0.674274386560363,76.9018956947095,33.9622,34.8995905816496,4.13739492576997,4.77782903462241
"6357331","2005-12-05",60.658080632646,0.478,0.566666666666667,0.609777777777778,36.4562395857398,33.6155937475935,35.0359166666667,0.580644806282093,69.9468529270545,34.1946,34.921645170763,3.81620468157462,4.58550416401285
"6357330","2005-12-06",60.1923034490156,0.432865731462926,0.507621910487642,0.560540636829214,36.4184067602235,33.8155932397764,35.117,0.60424616715789,67.7791902653345,34.3998,34.9260924813279,3.49595580858877,4.36759449292804
"6357329","2005-12-07",59.7597960642158,0.443850267379679,0.451571999614201,0.50862019225617,36.4066332479398,33.9702000853935,35.1884166666667,0.627885032154014,71.0706289918587,34.611,34.9799468171508,3.29067732669459,4.15221105968135
"6357328","2005-12-08",57.8280426612537,0,0.292238666280868,0.41714419212757,36.3920664133382,34.0444335866618,35.21825,0.431171803572848,60.5088183379652,34.7202,34.9472872415307,2.95650719144851,3.91307028603478
"6357327","2005-12-09",54.8637880657937,0,0.147950089126559,0.297253585007209,36.4062200724126,34.0057799275873,35.206,0.185057758415798,52.5876740315555,34.772,34.8443156093266,2.53322323555742,3.63710087593931
"6357326","2005-12-12",51.8071401236904,0,-3.88578058618805e-16,0.146729585135808,36.4251090079481,33.9637243253852,35.1944166666666,0.130526397149877,50.5514772624938,34.806,34.7337401947497,2.1360793513723,3.33689657102591
"6357325","2005-12-13",48.1996521398907,0,-3.88578058618805e-16,0.0493166963755191,36.5197554949433,33.80007783839,35.1599166666667,-0.0662129344468645,44.2139162138006,34.8036,34.5645748354498,1.67368337750866,3.00425393232246
"6357324","2005-12-14",45.152498978965,0.152329749103942,0.0507765830346468,0.0169255276782149,36.5185505477288,33.8022827856045,35.1604166666666,0.0752443790380631,49.4841171710042,34.8042,34.4746315240565,1.39026818208627,2.68145678227522
"6357323","2005-12-15",43.1677621841571,0.284946236559138,0.145758661887693,0.065511748307446,36.4933674444105,33.8589658889228,35.1761666666667,0.226882942920669,53.5943779485283,34.8084,34.4460139875156,1.23816423594203,2.39279827300858
"6357322","2005-12-16",40.7953140149608,0.175627240143367,0.204301075268815,0.133612106730385,36.5222217602047,33.7749449064619,35.1485833333333,0.15411203508471,49.9839800888614,34.7856,34.3805454558469,1.0341155524263,2.12106172889213
"6357321","2005-12-19",38.1075398093908,0.0698924731182771,0.176821983273594,0.175627240143367,36.5206354754734,33.6145311911933,35.0675833333333,0.116009421030429,46.7066413815424,34.7568,34.2844727284006,0.79374809548669,1.85559900221104
"6357320","2005-12-20",35.7616903462375,0,0.0818399044205478,0.154320987654318,36.5557904553814,33.3782095446186,34.967,0.0378035342256402,42.6720991746734,34.7182,34.1485430312805,0.503830553280116,1.58524531242485
"6357319","2005-12-21",34.1333692003659,0.115384615384615,0.0617590295009636,0.106806972398368,36.4832373744769,33.2842626255231,34.88375,0.236764620099392,46.9799663680345,34.7078,34.0767372937765,0.351328071053048,1.33846186415049
"6357318","2005-12-22",32.8757102461246,0.37458193979933,0.163322185061315,0.102307039660942,36.3565382013196,33.2859617986804,34.82125,0.437715277224299,55.1357225669991,34.7282,34.1178389879396,0.409474050005731,1.15266430132154
"6357317","2005-12-23",32.0369127345911,0.449832775919732,0.313266443701225,0.179449219421167,36.2457449153495,33.3052550846505,34.7755,0.533837899713586,57.1944091359619,34.7326,34.1834604562143,0.502798876617994,1.02269121638083
"6357316","2005-12-27",30.3101666225319,0.293203883495146,0.372539533071402,0.283042720611314,36.1075147872614,33.2991518794053,34.7033333333333,0.372998370093512,50.6332638626683,34.6806,34.1616657287191,0.432163209825576,0.90458561506978
"6357315","2005-12-28",28.3399485117512,0.207392197125258,0.316809618846711,0.334205198539779,35.9406981071546,33.2663018928454,34.6035,0.23134122903865,48.1145701026682,34.6164,34.1094436315565,0.31340681946852,0.786349855949528
"6357314","2005-12-29",27.2547721857223,0.306074766355141,0.268890282325181,0.319413144747764,35.8045135409115,33.2628197924219,34.5336666666667,0.36085394163761,49.7303465309666,34.5582,34.0841844806823,0.251876343368118,0.679455153433246
"6357313","2005-12-30",25.9626319687403,0.219626168224298,0.244364377234898,0.276688092802263,35.6596718627474,33.2486614705859,34.4541666666667,0.29227242862097,47.7551023911462,34.4812,34.0376265499247,0.157409080558479,0.575045938858293
"6357312","2006-01-03",24.5220700174417,0,0.175233644859813,0.229496101473297,35.5471374857721,33.1445291808945,34.3458333333333,0.0765019217096904,40.4982227698544,34.3726,33.8939430099347,-0.100792905991576,0.439878169888319
"6357311","2006-01-04",22.9272525294376,0.327198364008179,0.182274844077492,0.200624288724067,35.415349643674,33.1421503563259,34.27875,0.343649138619395,49.0971657750347,34.2986,33.8760839419434,-0.113881290155826,0.32912627787949
"6357310","2006-01-05",21.7189777150718,0.243353783231083,0.190184049079754,0.182564179339019,35.2336928180712,33.1594738485954,34.1965833333333,0.282287530883278,47.2142254363639,34.2104,33.8332727496843,-0.1712149480674,0.229058032690112
"6357309","2006-01-06",20.5507223959415,0.241308793456031,0.270620313565097,0.214359735574114,34.9722081231191,33.2461252102142,34.1091666666667,0.292883645781334,47.1667119863541,34.1376,33.7955030497264,-0.215440597730054,0.140158306606079
"6357308","2006-01-09",19.1499646344799,0.308793456032721,0.264485344239945,0.241763235628265,34.8010940823447,33.3074059176553,34.05425,0.435785347347515,48.9909826627329,34.0704,33.7847693097629,-0.208687160426668,0.0703892131995295
"6357307","2006-01-10",17.849260998837,0.333333333333332,0.294478527607361,0.276528061804134,34.7539376910026,33.3018956423307,34.0279166666667,0.427974996709645,49.6715130182442,34.0054,33.7834667351278,-0.18684126813745,0.0189431169321336
"6357306","2006-01-11",16.9522642540229,0.220858895705521,0.287661895023858,0.282208588957054,34.7276276877441,33.2710389789225,33.9993333333333,0.303650819021269,46.6026514523838,33.9428,33.7456711704441,-0.232615496491895,-0.031368605752672
"6357305","2006-01-12",16.8227310225833,0.0245398773006144,0.192910702113156,0.258350374914791,34.7577606081881,33.2082393918119,33.983,0.0549162803465544,41.7535972984658,33.8654,33.6489150143849,-0.379681967533796,-0.101031278108897
"6357304","2006-01-13",16.702450164818,0.0368098159509187,0.094069529652351,0.191547375596454,34.7849054929696,33.1037611736971,33.9443333333333,0.077073787271477,42.1586851928665,33.7742,33.5690596791336,-0.483902679319392,-0.177605558350996
"6357303","2006-01-17",16.8038071293281,0,0.0204498977505106,0.102476709838672,34.7576343506545,32.9961989826788,33.8769166666667,0.0636607806867067,40.6858472899227,33.701,33.4805183885824,-0.594953428271383,-0.261075132335073
"6357302","2006-01-18",15.9497671261816,0,0.0122699386503058,0.0422631220177221,34.7402757820512,32.9153908846155,33.8278333333333,0.165093032702797,39.8584856959962,33.647,33.3931159367715,-0.694733115630219,-0.347806728994103
"6357301","2006-01-19",15.4111080749061,0.477333333333331,0.15911111111111,0.0639436491706418,34.7448318255692,32.9163348410975,33.8305833333333,0.596299493424769,51.6936424771787,33.6352,33.4367004785353,-0.551282846480339,-0.38850195249135
"6357300","2006-01-20",15.2735886151068,0.36159600997506,0.27964311443613,0.150341388065848,34.7576900870433,32.9513099129567,33.8545,0.567630650745184,49.6932835879815,33.6386,33.4518070813972,-0.473210939002411,-0.405443749793562
"6357299","2006-01-23",14.2890111823437,0.114713216957605,0.317880853421998,0.252211692989746,34.7460474830613,32.8909525169387,33.8185,0.232179029965359,44.3158966553217,33.6052,33.3988994705443,-0.524832101257244,-0.429321420086299
"6357298","2006-01-24",14.4796983067442,0.162094763092268,0.21280133000831,0.270108432622146,34.6209127830993,32.9185872169007,33.76975,0.432592212513004,45.5340494613048,33.5608,33.3657128744717,-0.536731109942234,-0.450803358057486
"6357297","2006-01-25",14.6567649222588,0.401496259351622,0.226101413133831,0.252261198854713,34.4153374297067,33.0319959036266,33.7236666666667,0.666023113119042,51.3277289440862,33.5478,33.4009511578755,-0.425200825132332,-0.445682851472455
"6357296","2006-01-26",15.5468720090898,0.611691022964509,0.391760681802799,0.27688780831498,34.480465639371,32.9922010272957,33.7363333333333,1.08031794860886,57.9509987206168,33.573,33.5194910034921,-0.175707353863019,-0.391687751950568
"6357295","2006-01-27",17.3886187229126,0.620933521923622,0.544706934746584,0.387523009894404,34.8751838711874,32.7556494621459,33.8154166666667,1.27906260589876,63.8160337645295,33.6432,33.7195588696931,0.194024326935316,-0.274545336173391
"6357294","2006-01-30",19.2041769958079,0.78639455782313,0.67300636757042,0.536491328039934,35.3189128055437,32.4915871944563,33.90525,1.23264170866756,68.3432193766926,33.7274,33.9856176870674,0.642780551075095,-0.091080158723694
"6357293","2006-01-31",21.092797761578,0.669201520912548,0.692176533553099,0.636629945290034,35.6626708393937,32.3424958272729,34.0025833333333,1.07148091884912,65.1839081273547,33.7706,34.1828686621251,0.925468016034192,0.112229476227883
"6357292","2006-02-01",23.0014686589645,0.823104693140794,0.759566923958823,0.708249941694114,36.1106550996808,32.2106782336525,34.1606666666667,1.09726850013486,69.8646295363162,33.836,34.4578195071751,1.31487726687671,0.352759034357649
"6357291","2006-02-02",25.0591335988912,0.787280701754386,0.759862305269242,0.737201920927054,36.5465937878657,32.0562395454676,34.3014166666667,1.04270031608135,70.7864700948598,33.9318,34.7187769062184,1.64017474861935,0.610242177209989
"6357290","2006-02-03",26.4748349008759,0.735745614035088,0.782043669643422,0.767157632957162,36.8286123141311,32.0342210192023,34.4314166666667,0.899129569452833,67.7033322237595,34.0282,34.9136066520559,1.8193646114973,0.852066664067451
"6357289","2006-02-06",27.9776358848591,0.730263157894737,0.75109649122807,0.764334155380244,37.0871840227864,32.0413159772136,34.56425,0.865464042396291,67.3671708354044,34.1176,35.0791257651152,1.93129140017032,1.06791161128803
"6357288","2006-02-07",29.6244409125614,0.859122401847575,0.775043724592466,0.769394628487986,37.4196167072565,32.0063832927435,34.713,0.910167669360161,71.187921815547,34.2392,35.3052423297665,2.13520880578659,1.28137105018774
"6357287","2006-02-08",31.318809714865,0.810169491525424,0.799851683755912,0.775330633192149,37.7063222114547,32.019344455212,34.8628333333333,0.861732849123327,69.2856862767441,34.3864,35.4832100191309,2.23763158695998,1.47262315754219
"6357286","2006-02-09",33.2853927610318,0.795228628230616,0.821506840534538,0.798800749627638,38.0422659237608,32.0519007429058,35.0470833333333,0.892505286241067,71.7819157876558,34.5182,35.6927820165801,2.3830539676684,1.65470931956743
"6357285","2006-02-10",34.6981345863105,0.754812563323202,0.786736894359747,0.802698472883399,38.2691794292371,32.2184872374296,35.2438333333333,0.827979004234752,69.156571623744,34.651,35.8504110810361,2.42747439885287,1.80926233542452
"6357284","2006-02-13",36.1161088545448,0.888888888888889,0.812976693480902,0.807073476125062,38.5360272095387,32.4038061237946,35.4699166666667,0.872635510263255,73.3293308944254,34.8126,36.0823562702313,2.59083956106618,1.96557778055285
"6357283","2006-02-14",37.9739311126088,0.594652406417112,0.7461179528764,0.781943846905683,38.7113557673735,32.6878108992931,35.6995833333333,0.83237626301128,66.3037715993445,34.9468,36.2140421008671,2.5723093684646,2.0869240981352
"6357282","2006-02-15",39.699051780811,0.59062103929024,0.691387444865413,0.750160697074238,38.8238503113403,33.020983021993,35.9224166666667,0.80173301910263,68.0773155581163,35.0898,36.3655031540849,2.58860904411349,2.18726108733086
"6357281","2006-02-16",41.5119096751799,0.554285714285714,0.579853053331021,0.672452817024278,38.990043849148,33.237956150852,36.114,0.799775216195702,68.4288280065854,35.246,36.5041027335402,2.58243696418763,2.26629626270221
"6357280","2006-02-17",43.1952777199511,0.559999999999998,0.568302251191983,0.613180916462805,39.0755941166992,33.5224058833007,36.299,0.748085713785277,68.564382926342,35.4222,36.6268890357348,2.55128757313932,2.32329452478963
"6357279","2006-02-21",44.9848232172542,0.603202846975089,0.572496187086933,0.573550497203312,39.0595093804219,34.0164906195781,36.538,0.810065605705789,71.3768392540196,35.6142,36.7899704976369,2.58875849959959,2.37638731975162
"6357278","2006-02-22",47.0247059080486,0.548192771084337,0.570465206019808,0.570421214766241,39.0623618976315,34.4956381023684,36.779,0.871382215355177,72.1656108421092,35.817,36.9479744312853,2.61391206962975,2.42389226972725
"6357277","2006-02-23",48.9188826923576,0.712349397590362,0.621248338549929,0.588069910552222,39.0484757714732,34.9841908951935,37.0163333333333,0.914259019217144,75.3545198379678,36.0448,37.1575778404473,2.71906003635298,2.4829258230524
"6357276","2006-02-24",50.6964764420642,0.700301204819276,0.653614457831324,0.615109334133686,39.0520996768473,35.3894003231526,37.22075,0.900683537362392,74.6782766700281,36.2352,37.3339007950543,2.75945892481178,2.53823244340427
"6357275","2006-02-27",52.4154592578332,0.797178130511463,0.736609577640366,0.670490791340539,39.2042574280309,35.5927425719691,37.3985,0.949442057241497,77.0111190545444,36.4492,37.5427140223804,2.84684234775869,2.59995442427516
"6357274","2006-02-28",53.1806968653522,0.694885361552028,0.730788232294255,0.707004089255315,39.3164979120755,35.7610020879245,37.53875,0.849576185190276,72.0736749131552,36.6714,37.6850188193963,2.81925281223654,2.64381410186743
"6357273","2006-03-01",54.2412762961802,0.68466898954704,0.725577493870176,0.730991767934932,39.4421178209076,35.9595488457591,37.7008333333333,0.91372714901416,73.5235261004282,36.899,37.8390163101435,2.81258584628947,2.67756845075184
"6357272","2006-03-02",55.2261000533778,0.846689895470384,0.74208141552315,0.73281571389586,39.6548734961467,36.0426265038532,37.84875,0.942822247965312,76.2123979472594,37.126,38.0344808021244,2.87115738683255,2.71628623796798
"6357271","2006-03-03",56.4283531289019,0.576271186440678,0.7025433571527,0.723400755515342,39.8324154884122,36.1310845115878,37.98175,0.882722686029205,70.186929755308,37.312,38.1552166951744,2.80612987889466,2.73425496615332
"6357270","2006-03-06",57.3606193426309,0.556240369799692,0.659733817236917,0.701452863304255,39.8719178222567,36.3684155110766,38.1201666666667,0.783478239331357,69.1386166073429,37.4662,38.2511878024845,2.70871676969162,2.72914732686098
"6357269","2006-03-07",57.6401605181188,0.445193929173694,0.525901828471354,0.629393000953657,39.8312141214824,36.6521192118509,38.2416666666667,0.687684445927991,65.8005902265037,37.5844,38.3070294288199,2.55829054677399,2.69497597084358
"6357268","2006-03-08",56.6347166481295,0.268041237113403,0.423158512028929,0.536264719245733,39.7890377994243,36.8436288672423,38.3163333333333,0.537459427832863,58.593040091941,37.6932,38.2907588383106,2.31024222812186,2.61802922229924
"6357267","2006-03-09",56.3208096442101,0.380622837370243,0.364619334552446,0.437893225017576,39.7600958415382,37.0707374917951,38.4154166666667,0.680805209557306,61.7556594259016,37.7844,38.3219909932025,2.16038457813756,2.5265002934669
"6357266","2006-03-10",56.672244510995,0.517543859649123,0.388735978044255,0.39217127487521,39.9198119057421,37.1495214275912,38.5346666666667,0.950734923472771,67.9572023768964,37.9008,38.4557255274422,2.18417891346598,2.45803601746672
"6357265","2006-03-13",57.0641955451017,0.826315789473683,0.574827495497682,0.442727602698127,40.1943944073078,37.2016055926921,38.698,1.10044330265607,73.7220171953307,38.0668,38.7056287904499,2.3839368699069,2.44321618795475
"6357264","2006-03-14",57.8730868781746,0.676837725381415,0.673565791501406,0.545709755014448,40.6008398689948,37.1209934643385,38.8609166666667,1.11853783655121,75.1360691336127,38.2456,38.9615449517232,2.57045135643037,2.46866322164988
"6357263","2006-03-15",58.7983768613332,0.786945812807883,0.763366442554326,0.670586576517804,41.1031516270631,37.0153483729369,39.05925,1.13826049619677,78.3474512299447,38.4298,39.2840056248268,2.83710772412507,2.54235212214492
"6357262","2006-03-16",59.6575747028376,0.816502463054188,0.760095333747828,0.732342522601186,41.493561623552,37.0242717097813,39.2589166666667,1.03873211325612,78.8157829648048,38.6242,39.5794715415166,3.03295541224449,2.64047278016483
"6357261","2006-03-17",60.105834882124,0.779556650246306,0.794334975369458,0.77259891722387,41.774998780023,37.1073345533103,39.4411666666667,0.937513618691661,76.5858700208991,38.796,39.8155420026477,3.11774578076629,2.73592738028512
"6357260","2006-03-20",60.5220764771756,0.784482758620689,0.793513957307061,0.782648088808115,41.9788416104457,37.2838250562209,39.6313333333333,0.893750830335875,76.6806060970076,38.9758,40.0228030689613,3.14980460037879,2.81870282430386
"6357259","2006-03-21",61.055459594027,0.742610837438425,0.768883415435139,0.785577449370552,42.1660716607693,37.432761672564,39.7994166666667,0.851533423928054,73.9419841939518,39.1202,40.1797626597665,3.10315499633604,2.87559325871029
"6357258","2006-03-22",61.0606030620221,0.695812807881773,0.740968801313629,0.767788724685276,42.2980232607601,37.5749767392399,39.9365,0.771046804394936,70.8944530030575,39.2778,40.2904609717976,2.99234948532696,2.89894450403363
"6357257","2006-03-23",60.4119077768532,0.631773399014778,0.690065681444992,0.733305966064586,42.3804719916319,37.7191946750348,40.0498333333333,0.69669143693057,66.835018296495,39.4138,40.3517328422246,2.81941063949462,2.88303773112583
"6357256","2006-03-24",59.9264266108453,0.677339901477833,0.668308702791461,0.699781061850027,42.4612430216646,37.8835903116687,40.1724166666666,0.711371066053241,68.2290313001167,39.555,40.4295017965947,2.68791065925755,2.84401231675217
"6357255","2006-03-27",59.733493378676,0.711822660098523,0.673645320197044,0.677339901477832,42.5682901278425,38.0092098721574,40.28875,0.732411643118602,69.2813099186372,39.701,40.5155682237154,2.58131608926455,2.79147307125465
"6357254","2006-03-28",59.7651228515915,0.829301075268818,0.739487878948391,0.693813967312298,42.7008297395229,38.1791702604771,40.44,0.802248913921996,72.9661498064566,39.8514,40.6614924605533,2.57269267007665,2.74771699101905
"6357253","2006-03-29",60.5274576557135,0.626744186046512,0.722622640471284,0.711918613205572,42.967009973101,38.2543233602323,40.6106666666667,0.91257429000776,75.4013872005782,40.0132,40.8426267991462,2.61537164229215,2.72124792127367
"6357252","2006-03-30",61.2414899354229,0.731117824773414,0.729054362029581,0.730388293816418,43.308417560292,38.2727491063747,40.7905833333333,0.948020626055776,79.0244114675198,40.1824,41.0969432259267,2.75881531382181,2.7287613997833
"6357251","2006-03-31",61.9045199094388,0.736318407960199,0.698060139593374,0.716579047364746,43.576671462672,38.3639952039947,40.9703333333333,0.888092392392954,79.4486273164628,40.357,41.3300174624698,2.85505762363674,2.75402064455398
"6357250","2006-04-03",62.7671124896463,0.769968051118209,0.745801427950607,0.724305309857853,43.8492885076706,38.5200448256626,41.1846666666666,0.915693757974048,80.8328379506192,40.5274,41.5740151341405,2.95564508364585,2.79434553237236
"6357249","2006-04-04",63.6070421999569,0.85139318885449,0.785893215977632,0.743251594507204,44.0700124417994,38.7814875582005,41.42575,0.922471303279488,82.2245072349255,40.723,41.8308131162551,3.06266718201169,2.84800986230022
"6357248","2006-04-05",64.7734908446479,0.691525423728815,0.770962221233837,0.767552288387358,44.2602304209203,39.175102912413,41.7176666666666,1.00093794680108,83.4074375163428,40.9218,42.0947047007544,3.16718022911762,2.9118439356637
"6357247","2006-04-06",66.0053653790845,0.765407554671968,0.769442055751757,0.775432497654409,44.6017021974421,39.4427978025579,42.02225,1.07591362543559,85.9698542603343,41.1336,42.4287440739872,3.35798790409947,3.00107272935086
"6357246","2006-04-07",67.1771057634623,0.873786407766991,0.776906462055924,0.772436913013839,45.081452257029,39.5313810763043,42.3064166666666,1.06940711156561,87.6586253547298,41.386,42.8049115307889,3.58526116887752,3.11791041725619
"6357245","2006-04-10",67.706815597435,0.829126213592234,0.822773392010397,0.789707303272692,45.4521234230765,39.6292099102568,42.5406666666666,0.953266792907473,83.8142513039241,41.6318,43.100256660017,3.67435768468587,3.22919987074213
"6357244","2006-04-11",68.3049591960198,0.834951456310679,0.845954692556634,0.815211515540985,45.813345118694,39.6969882146393,42.7551666666666,0.916615103833695,83.9133515322042,41.887,43.3602224386814,3.70401580898936,3.32416305839157
"6357243","2006-04-12",68.8603782518486,0.833836858006043,0.832638175969651,0.833788753512227,46.1357218561637,39.7341114771696,42.9349166666666,0.8637235834138,84.0012600743089,42.1626,43.5888594468572,3.68657864258353,3.39664617522996
"6357242","2006-04-13",69.5628242580833,0.715121951219512,0.794636755178744,0.824409874568343,46.406417822141,39.8194155111923,43.1129166666666,0.820897109218649,77.8611546529872,42.4112,43.7423448539429,3.56767539663245,3.43085201951046
"6357241","2006-04-17",69.7498808000237,0.642701525054466,0.730553444760006,0.785942791969467,46.5758676695252,39.9916323304748,43.28375,0.745472696034148,74.7015550477344,42.6206,43.8513655400839,3.40000023594556,3.42468166279748
"6357240","2006-04-18",69.923576160397,0.630382775119617,0.662735417131198,0.729308539023316,46.7152443128003,40.1984223538663,43.4568333333333,0.727846232824848,75.2719001805759,42.7936,43.958516801406,3.24636228099842,3.38901778643767
"6357239","2006-04-19",70.1568214820133,0.686956521739129,0.653346940637737,0.682211934176313,46.8673003664279,40.4305329669054,43.6489166666666,0.757284942975602,77.89842315347,42.9734,44.1133812278852,3.17220457631258,3.34565514441265
"6357238","2006-04-20",69.9793140253168,0.637853949329359,0.651731082062701,0.655937813277211,46.9358809052337,40.7646190947663,43.85025,0.725737195425817,75.3946415825183,43.1176,44.2295970641672,3.0524407226254,3.2870122600552
"6357237","2006-04-21",68.9792390277656,0.50328947368421,0.609366648250898,0.638148223650445,46.875390900899,41.2302757657676,44.0528333333333,0.671032826946506,70.0929434006095,43.2452,44.2909841222782,2.87006887974235,3.20362358399263
"6357236","2006-04-24",68.1248535921023,0.548148148148146,0.563097190387237,0.608064973566945,46.7848550061731,41.7311449938268,44.258,0.694972274017737,72.1651101104334,43.3904,44.3828529059745,2.74623255737794,3.11214537866969
"6357235","2006-04-25",66.3207154839209,0.334728033472802,0.462055218435052,0.544839685691062,46.5992432538352,42.2799234128314,44.4395833333333,0.625116149430855,65.8921423275864,43.52,44.4131391851779,2.55108899984373,2.9999341029045
"6357234","2006-04-26",64.6454443834668,0.0609756097560941,0.314617263792347,0.446589890871545,46.3901895658818,42.7986437674515,44.5944166666666,0.586012175259382,66.3182248444432,43.6584,44.4460539604875,2.37799754878409,2.87554679208042
"6357233","2006-04-27",60.0665902622477,0,0.131901214409631,0.30285789887901,46.255025367371,43.0356412992956,44.6453333333333,0.16701705129552,46.844752949621,43.7426,44.2685800990892,1.93766430519093,2.68797029470252
"6357232","2006-04-28",56.8495607502638,0,0.0203252032520306,0.155614560484669,46.3447968253172,42.8935365080161,44.6191666666667,-0.107266082719666,40.2182323281003,43.805,44.0074360858773,1.42453138612875,2.43528251298777
"6357231","2006-05-01",52.9830688084733,0.0964010282776349,0.0321336760925442,0.0614533645847351,46.3468833844383,42.889949948895,44.6184166666666,0.0255669905383875,44.179535806749,43.875,43.831111274427,1.0734317240608,2.16291235520237
"6357230","2006-05-02",49.3948858066738,0.154241645244214,0.0835475578406157,0.0453354790617299,46.3639316772126,42.855734989454,44.6098333333333,0.106207940158949,46.4714116496006,43.9484,43.7082964378367,0.826766610345775,1.89568320623105
"6357229","2006-05-03",46.5042396064849,0.305912596401028,0.185518423307625,0.100399885746928,46.3595945808507,42.868072085816,44.6138333333333,0.249727136349259,52.0329487820571,44.024,43.6805235794585,0.731863214339334,1.66291920785271
"6357228","2006-05-04",47.8556415401638,0.620789220404234,0.360314487349825,0.209793489499355,47.8448632155272,41.9636367844728,44.90425,1.37891248431436,75.9868595587334,44.2936,44.3577871021974,1.60274542557504,1.65088445139718
"6357227","2006-05-05",49.2757287807279,0.823451327433628,0.583384381412963,0.376405764023471,49.6269088623257,40.910257804341,45.2685833333333,1.30437046521944,81.4125815244142,44.6482,45.325415488571,2.75600721226907,1.87190900357156
"6357226","2006-05-08",50.7460655164952,0.835931091058244,0.760057212965368,0.567918693909385,51.2096789123648,40.0974877543018,45.6535833333333,1.17611177907805,82.7162534270207,45.0344,46.2820267567616,3.75267653327758,2.24806250951276
"6357225","2006-05-09",52.1113781997077,0.918785890073831,0.859389436188567,0.734277010188966,52.6393002539816,39.519366412685,46.0793333333333,1.0804653254192,84.0878921258146,45.4484,47.2457565225267,4.63365764155785,2.72518153592178
"6357224","2006-05-10",53.0108608796009,0.888843314191961,0.881186765108011,0.833544471420649,53.7686082652113,39.202225068122,46.4854166666667,0.976410872859644,81.568585971503,45.8342,48.0323223195231,5.18429754835834,3.21700473840909
"6357223","2006-05-11",53.180085540545,0.833880229696473,0.880503144654087,0.873693115316888,54.6529231808452,39.0885768191548,46.87075,0.891873186207966,77.0077095050453,46.1808,48.6246793435867,5.42958701531058,3.65952119378939
"6357222","2006-05-12",52.3566950494668,0.746513535684987,0.823079026524473,0.861589645428857,55.2715411840041,39.1536254826625,47.2125833333333,0.800953925425744,70.2807155329997,46.4532,48.9960554311085,5.37740346560043,4.0030976481516
"6357221","2006-05-15",51.2010796658031,0.709598031173093,0.763330598851517,0.822304256676692,55.7008258110435,39.3605075222898,47.5306666666667,0.728330925632452,67.5938757452279,46.6816,49.2579147069607,5.19822477524852,4.24212307357098
"6357220","2006-05-16",50.0966220392226,0.706726825266612,0.72094613070823,0.769118585361406,56.0771560450997,39.6136772882337,47.8454166666667,0.705986234749184,67.3781188459994,46.9178,49.4801927460326,4.99040647079216,4.39177975301522
"6357219","2006-05-17",48.9147830805181,0.693191140278917,0.703171998906206,0.729149576155317,56.3955135831624,39.8738197501709,48.1346666666667,0.678875929018364,66.3036462621081,47.1462,49.6508337132283,4.7424120989686,4.46190622220589
"6357218","2006-05-18",47.5633942914938,0.661447312738045,0.687121759427857,0.703746629680764,56.643000693699,40.1853326396344,48.4141666666667,0.646993283539292,64.5566517466043,47.3632,49.7640558847978,4.45137498675383,4.45979997511548
"6357217","2006-05-19",44.2987610558566,0.438740293356342,0.597792915457767,0.66269555793061,56.692808765692,40.529691234308,48.61125,0.521576901815063,50.6969213659047,47.4934,49.5281817668248,3.77153845357516,4.32214767080742
"6357216","2006-05-22",41.2281143642327,0.377272727272727,0.492486777789037,0.592467150891553,56.6987467970926,40.8277532029074,48.76325,0.4697613974942,49.1324128721026,47.617,49.2777575312481,3.14024683866236,4.08576750437841
"6357215","2006-05-23",38.5660239281915,0.033576642335767,0.283196554321611,0.457825415856138,56.6902062995743,41.2007937004256,48.9455,0.479308447111958,50.2350021185068,47.746,49.0913898604151,2.64694172063475,3.79800234762968
"6357214","2006-05-24",36.0940828090104,0.059124087591241,0.156657819066578,0.310780383725742,56.6513989346275,41.6029343987059,49.1271666666667,0.460760116183918,51.1034538675492,47.8634,48.953204545693,2.25875905447785,3.49015368899931
"6357213","2006-05-25",33.7987089126279,0.12919708029197,0.0739659367396587,0.171273436709282,56.474008289021,42.3053250443123,49.3896666666667,0.460029219119932,53.5004027253329,48.0054,48.8974439396006,2.00729741515453,3.19358243423036
"6357212","2006-05-26",31.4963213540409,0.106001558846454,0.0981075755765542,0.10957711046093,56.0594983913493,43.3331682753173,49.6963333333333,0.418305854304616,52.3207561705258,48.151,48.8217847476539,1.75401915204878,2.90566977779404
"6357211","2006-05-30",29.3583900496387,0.127861089187056,0.121019909441826,0.0976978072526793,55.580335484515,44.388164515485,49.98425,0.388530711621049,53.0280624309634,48.2902,48.7735467813,1.55694731473639,2.63592528518251
"6357210","2006-05-31",27.4591094459751,0.12202852614897,0.118630391394159,0.112585958804179,54.9708109524921,45.5490223808413,50.2599166666667,0.338857559957536,52.7686710018825,48.4426,48.72640721046,1.37831450056309,2.38440312825863
"6357209","2006-06-01",27.3600632331534,0.219405594405595,0.15643173658054,0.132027345805508,54.219040769626,46.9091258970407,50.5640833333333,0.398665030590429,55.6043478260925,48.6124,48.7502195823987,1.30216341385616,2.16795518537813
"6357208","2006-06-02",27.7474470697636,0.744376278118609,0.361936799557724,0.212332975844141,54.326098938016,46.965401061984,50.64575,0.644132619560602,66.3145982835956,48.9394,49.0888569714122,1.61643360944244,2.057650870191
"6357207","2006-06-05",26.706246025185,0.425357873210634,0.463046581911612,0.327138372683292,54.1592220126881,46.9526113206452,50.5559166666667,0.489928228894968,56.6823449973125,49.2362,49.1743427085573,1.58858367110362,1.96383743037352
"6357206","2006-06-06",24.9178392997258,0.122699386503068,0.430811179277436,0.41859818691559,53.8068992781401,46.8722673885266,50.3395833333333,0.283754443321013,49.3575695159345,49.4588,49.051097014083,1.30816277414083,1.83270249912698
"6357205","2006-06-07",23.5606133312002,0.257668711656441,0.268575323790047,0.387477694993031,53.2507207149246,47.0151126184088,50.1329166666667,0.408389047041108,52.3168000807099,49.6988,49.0322840788719,1.18096548887789,1.70235509707716
"6357204","2006-06-08",23.005142644865,0,0.126789366053169,0.27539195637355,52.797412514476,46.850087485524,49.82375,0.0658412276504942,41.5744202565232,49.8068,48.654646201689,0.624909175583155,1.48686591277836
"6357203","2006-06-09",22.4893484361251,0.186119873817035,0.147929528491158,0.181098072778124,52.289047111183,46.840452888817,49.56475,0.174273780067012,46.7058271903974,49.7516,48.4846933747971,0.374233766945831,1.26433948361186
"6357202","2006-06-12",22.4276275935658,0.0520504731861196,0.0793901156677172,0.118036336737348,51.9808614172075,46.6594719161258,49.3201666666667,0.096252069208001,43.7266185302063,49.5482,48.2240675914908,0.0324185411368916,1.01795529511686
"6357201","2006-06-13",22.9521967968183,0,0.0793901156677172,0.102236586608864,51.9736445306478,46.1146888026855,49.0441666666667,-0.0636670002878779,39.5116467361547,49.2566,47.8221919126254,-0.457396976130087,0.722884840867473
"6357200","2006-06-14",23.1205107657467,0.100954979536153,0.05100181757409,0.0699273496365079,51.7690727903002,45.8330938763664,48.8010833333333,0.0912917871661458,42.8382192927668,48.9542,47.5725663242753,-0.714998890073615,0.435308094679256
"6357199","2006-06-15",21.8502883224239,0.28512960436562,0.12869486130059,0.0863622648474656,51.4383285331939,45.8540048001394,48.6461666666667,0.382796909476094,48.4121249117264,48.7204,47.5362241477053,-0.682598454888861,0.211726784765633
"6357198","2006-06-16",20.3546764904159,0.519099590723056,0.301728058208276,0.160474912360985,51.2072833500029,45.9415499833304,48.5744166666667,0.656467600862844,54.4841253366088,48.582,47.7333942613446,-0.361664099374914,0.0970486079375232
"6357197","2006-06-19",18.977323284391,0.590723055934516,0.464984083674396,0.298469001061087,51.2927273290789,45.9356060042544,48.6141666666666,0.712956411505341,56.1843008689637,48.5072,47.9742750264987,-0.019538935001695,0.0737310993496795
"6357196","2006-06-20",17.9473188744148,0.585266030013643,0.565029558890404,0.443913900257692,51.4214675530852,45.9653657802481,48.6934166666666,0.715339947014176,56.0126277932539,48.4488,48.1777050229655,0.240747821159926,0.107134443711729
"6357195","2006-06-21",18.0561603757129,0.689724647414372,0.621904577787509,0.550639406784103,51.7423204758026,45.8935128575307,48.8179166666666,0.892743869050706,58.8716030113225,48.4256,48.4666776865701,0.580100188038202,0.201727592577023
"6357194","2006-06-22",18.1572274840611,0.764942914707858,0.67997786404529,0.622304000241067,52.1059149410111,45.8240850589889,48.965,0.900095733334997,60.6948593370489,48.4314,48.7917873283608,0.928830246604706,0.34714812338256
"6357193","2006-06-23",18.2510755132416,0.802552048354601,0.752406536825609,0.684762992886136,52.4312830361088,45.7687169638911,49.1,0.863723722521633,61.6112169221834,48.4588,49.110882351246,1.23424509442609,0.524567517591266
"6357192","2006-06-26",18.5995833670849,0.769025367156208,0.778840110072888,0.737074836981262,52.7333181857662,45.7556818142337,49.2445,0.829935030157076,60.4458907036451,48.5778,49.3587647044132,1.42219564270052,0.704093142613117
"6357191","2006-06-27",18.9231978027965,0.779706275033377,0.783761230181394,0.771669292359964,52.9732602755047,45.7777397244952,49.3755,0.775333334485264,60.7434245335731,48.7138,49.5842627438248,1.56442215874091,0.876158945838675
"6357190","2006-06-28",19.2410029816887,0.795727636849132,0.781486426346238,0.78136258886684,53.2051113904616,45.8163886095384,49.51075,0.762009649579085,61.2147139473698,48.8454,49.7956943779815,1.67578414761271,1.03608398619348
"6357189","2006-06-29",21.2443807447497,0.657407407407408,0.744280439763305,0.769842698763645,53.7885376390806,45.6049623609193,49.69675,0.970037019589511,65.4573798943068,49.0156,50.1309351275839,1.92386509722777,1.21364020840034
"6357188","2006-06-30",23.3412646226174,0.887068965517241,0.780068003257926,0.768611623122489,54.7603790258332,45.0561209741667,49.90825,1.12121355744775,74.021109613053,49.2942,50.8468104439061,2.59412406040023,1.48973697880032
"6357187","2006-07-03",25.6880398418607,0.837510105092967,0.793995492672538,0.772781311897922,55.9825941603516,44.4835725063151,50.2330833333333,1.08673832171612,75.6704872654023,49.6134,51.5752357180519,3.2022389146515,1.83223736597055
"6357186","2006-07-05",25.7259741031254,0.5508166969147,0.758465255841635,0.777509583924033,56.5146155510544,44.5172177822788,50.5159166666666,0.831801118602595,60.6252221102836,49.8098,51.8145376223117,3.18104081338659,2.10199805545376
"6357185","2006-07-06",25.7107783230849,0.459430413756045,0.615919071921237,0.722793273478469,56.8673842657065,44.5836157342935,50.7255,0.746490588420836,60.2740411470151,50.0046,52.0112659393368,3.11423522924759,2.30444549021253
"6357184","2006-07-07",25.6966679559044,0.481859410430839,0.497368840367194,0.623917722710022,57.1501795873768,44.9803204126232,51.06525,0.744161959805658,61.6496638236064,50.1984,52.2430971474252,3.09514607481329,2.46258560713268
"6357183","2006-07-10",25.8466396478443,0.476190476190476,0.472493433459119,0.528593781915849,57.4124385456577,45.3523947876756,51.3824166666666,0.728101715206957,61.4007805639428,50.2948,52.4373508611019,3.03568759456625,2.57720600461939
"6357182","2006-07-11",25.9858990760743,0.436990595611285,0.465013494077533,0.478291922634615,57.5423378817396,45.914328784927,51.7283333333333,0.70310154962934,61.8322200642906,50.4588,52.6230374129549,2.97291832187585,2.65634846807069
"6357181","2006-07-12",26.4900935405115,0.429534726904923,0.447571932902227,0.461692953479626,57.4081303572348,46.9293696427652,52.16875,0.72724538377061,62.7294865304374,50.6924,52.818632424561,2.92786599051491,2.71065197255953
"6357180","2006-07-13",25.588648462963,0.172789115646259,0.346438146054155,0.419674524344638,57.0178663451232,47.9781336548767,52.498,0.551107705927909,53.1543231390348,50.8256,52.7414814346195,2.57961727479512,2.68444503300665
"6357179","2006-07-14",24.1756941212349,0,0.200774614183726,0.331594897713369,56.7593785456378,48.4867881210288,52.6230833333333,0.242553433605939,43.5244592801033,50.9676,52.3426172433369,1.89983718477835,2.52752346336099
"6357178","2006-07-17",22.8636650896302,0.0956826137689615,0.0894905764717393,0.212234445569873,56.6442686471921,48.7613980194745,52.7028333333333,0.283137377139101,46.9340089620888,51.0952,52.1062682775586,1.46916666160612,2.31585210301002
"6357177","2006-07-18",21.8091363706462,0.0595099183197197,0.0517308440295595,0.113998678228341,56.5651933762084,48.9433066237916,52.75425,0.241413546187669,45.8080793704841,51.2444,51.8600991738842,1.06672350467507,2.06602638334303
"6357176","2006-07-19",20.2781752965759,0.14585764294049,0.100350058343056,0.0805238262814511,56.4597865098261,49.2198801568406,52.8398333333333,0.325987620293763,48.9559946544323,51.476,51.7454192840329,0.852771596878332,1.82337542605009
"6357175","2006-07-20",20.2734885813127,0,0.0684558537534024,0.0735122520420054,56.5751730455616,48.959993621105,52.7675833333333,0.0932356730315177,39.2107286167322,51.5604,51.2540300461619,0.218881240920865,1.50247658902424
"6357174","2006-07-21",21.4777017632214,0,0.0486192143134958,0.0724750421366509,57.367767565836,47.5858991008306,52.4768333333333,-0.196543817203766,30.8974222151238,51.4432,50.3361593733403,-0.868321052937904,1.02831706063181
"6357173","2006-07-24",22.5296658338565,0.084814216478191,0.0282714054927295,0.0484488245198753,57.7760694823448,46.6652638509885,52.2206666666667,-0.0238744029721769,35.1131556744915,51.2994,49.6806714568949,-1.55798971253577,0.511055705998298
"6357172","2006-07-25",23.5215228353077,0.0900900900900901,0.0583014355227595,0.0450640184429943,58.1366440326591,45.7413559673409,51.939,0.0138744146232205,35.0036447230698,51.1326,49.1059152626423,-2.09826256697918,-0.0108079485971976
"6357171","2006-07-26",24.5862872454916,0.0486486486486486,0.0745176517389757,0.0536968309181542,58.450868683066,44.8407979836007,51.6458333333333,0.0479450374756903,33.9544481174907,50.949,48.54645989429,-2.58142103283703,-0.524930565445164
"6357170","2006-07-27",25.9064645337926,0,0.0462462462462453,0.0596884445026595,58.7575262065187,43.8598071268146,51.3086666666667,0.0566211647572191,31.5213066600191,50.6876,47.9149319083846,-3.1222782131817,-1.04440009499247
"6357169","2006-07-28",27.0873002826624,0.0162950257289878,0.0216478914592113,0.0474705964814768,58.7526988773528,42.9953011226472,50.874,0.117703373756553,32.4220914175724,50.4114,47.3929409872667,-3.48885133698159,-1.53329034339029
"6357168","2006-07-31",28.1837906208986,0.0840480274442536,0.0334476843910796,0.0337806073655114,58.2204485587413,42.4608847745921,50.3406666666667,0.17824828554159,36.1810978307545,50.1556,47.0458821889645,-3.6093450761837,-1.94850128994898
"6357167","2006-08-01",30.4991604197347,0,0.0334476843910796,0.0295144200804562,57.9219614638753,41.0857052027914,49.5038333333333,-0.0500332055057343,25.6562408892215,49.692,46.0237645637692,-4.60179636355843,-2.47916030467087
"6357166","2006-08-02",32.6491466615111,0.0133234641006662,0.0324571638483057,0.033117510876821,57.8309644640308,39.7233688693025,48.7771666666667,0.0132521439842991,26.4231354560866,49.2324,45.1619292886,-5.3247179814749,-3.04827184003167
"6357165","2006-08-03",33.4939047706844,0.0125832716506288,0.00863557858376411,0.0248468089410492,57.5458619033722,38.6838047632945,48.1148333333333,0.0966417337109536,26.406838003602,48.7676,44.41367205012,-5.85550598738307,-3.60971866950195
"6357164","2006-08-04",33.5962906143711,0.0799407846039969,0.0352825067850964,0.0254584164057214,56.9298763375831,38.0434569957503,47.4866666666667,0.181605431686355,30.6016326178303,48.2936,43.8865157767707,-6.05721138695047,-4.09921721299166
"6357163","2006-08-07",33.7127068444484,0.0747594374537378,0.0557611645694536,0.0332264166461041,56.1709156679443,37.4734176653891,46.8221666666667,0.180233508648255,30.4578145968465,47.6892,43.4203136732012,-6.17003602669309,-4.51338097573194
"6357162","2006-08-08",34.19069934982,0,0.0515667406859107,0.0475368040134863,55.3172832198512,36.8880501134822,46.1026666666667,0.152580949532081,27.9703423277553,47.0032,42.8522718501077,-6.42690815335303,-4.89608641125616
"6357161","2006-08-09",34.9719949444126,0,0.0249198124845784,0.0440825725799803,54.2077852121046,36.4078814545621,45.3078333333333,0.126149664029492,25.7091767640341,46.3856,42.19596893676,-6.80136977430524,-5.27714308386598
"6357160","2006-08-10",35.8466391798773,0,-8.69674702623039e-16,0.0254955177234954,53.2551600273733,35.8838399726267,44.5695,0.132948639103314,24.7121660570183,45.7484,41.5511730785254,-7.14486294831027,-5.65068705675484
"6357159","2006-08-11",36.6588088270945,0.139004149377594,0.046334716459197,0.0237515096479242,52.5569029789082,35.4324303544252,43.9946666666667,0.208136997290396,31.4431299349021,45.1464,41.1710166680553,-7.08944075093765,-5.9384377955914
"6357158","2006-08-14",36.3252548672795,0.224731182795699,0.12124511072443,0.0558599423945415,51.538352930251,35.3509804030824,43.4446666666667,0.286788539799113,34.9486305638566,44.5764,40.9415477789813,-6.82632312314918,-6.11601486110296
"6357157","2006-08-15",35.5339616782219,0.258977149075082,0.207570827082791,0.125050218088805,50.3756997571592,35.4779669095075,42.9268333333333,0.332178043986017,36.3048404786384,44.0128,40.7813414084504,-6.48917189512532,-6.19064626790743
"6357156","2006-08-16",34.5597170191477,0.366702937976061,0.28347042328228,0.2040954536965,48.7347681679117,36.0815651654217,42.4081666666667,0.405043805923009,40.8393012234814,43.4784,40.7744958873237,-5.95888530698692,-6.14429407572333
"6357155","2006-08-17",33.332794494083,0.417136414881624,0.347605500644255,0.279548917003108,47.3855064392376,36.6224935607624,42.004,0.461225231443515,42.3135026116324,43.0312,40.8125631023472,-5.41083376727712,-5.99760201403409
"6357154","2006-08-18",32.0229814663904,0.78827361563518,0.524037656164287,0.385037860030273,46.9623155815665,36.7223510851002,41.8423333333333,0.557389521894286,47.2075784909398,42.7292,40.9975546887009,-4.69704994462697,-5.73749160015267
"6357153","2006-08-21",31.2732571795433,0.633550488599349,0.612986839705383,0.494876665504641,46.279196429538,36.9321369037953,41.6056666666667,0.506526116564465,43.8675987826803,42.3564,41.0312140635408,-4.26821919582038,-5.44363711928621
"6357152","2006-08-22",30.8992022414899,0.519543973941368,0.647122692725298,0.594715729531656,45.596134138466,37.1171991948674,41.3566666666667,0.450072345624854,41.5356844389117,41.968,40.967052188402,-4.01951511506232,-5.15881271844143
"6357151","2006-08-23",30.84314608447,0.412052117263844,0.521715526601519,0.593941686344066,44.9061793931085,37.2951539402248,41.1006666666667,0.404436880702093,39.4085740405911,41.5236,40.8234452299484,-3.90824813539612,-4.90869980183237
"6357150","2006-08-24",31.0588386022793,0.343580470162748,0.425058853789319,0.531299024372045,44.3169870905347,37.3970129094653,40.857,0.351589041645629,37.4376989341966,41.1716,40.6149858659553,-3.90175346786183,-4.70731053503826
"6357149","2006-08-25",31.6043955260179,0.188065099457504,0.314565895628031,0.420446758672956,43.5954402209762,37.5175597790238,40.5565,0.217582467046911,34.8737486398143,40.9328,40.3196544171613,-4.02489445845063,-4.57082731972074
"6357148","2006-08-28",31.4508765666289,0.215189873417721,0.248945147679324,0.329523299032224,42.4419062717866,38.0640937282134,40.253,0.259468915235792,35.7008959592775,40.658,40.0837004948731,-4.05032502128717,-4.46672686003402
"6357147","2006-08-29",31.3993598960846,0.179023508137433,0.194092827004219,0.252534623437191,42.4459844989363,37.937348834397,40.1916666666667,0.239389010906012,35.0614843692343,40.3772,39.85254042889,-4.06748160824904,-4.38687780967703
"6357146","2006-08-30",31.3515229877219,0.16079295154185,0.185002111032334,0.209346695238625,42.4439334235707,37.875733243096,40.1598333333333,0.317615990160025,39.332535597013,40.144,39.7495350383714,-3.89104308992952,-4.28771086572753
"6357145","2006-08-31",30.9495886253061,0.147577092511014,0.162464517396764,0.180519818477772,42.4057216480184,37.804611685315,40.1051666666667,0.34963773112546,39.104880978608,39.9524,39.6522636999218,-3.72154336201991,-4.174477364986
"6357144","2006-09-01",29.564734888903,0.363436123348017,0.223935389133626,0.190467339187574,42.275268171539,37.8333984951277,40.0543333333333,0.590577473596294,44.7316669442814,39.7924,39.6986285399323,-3.34994160158903,-4.00957021230661
"6357143","2006-09-05",28.148755565069,0.418502202643172,0.309838472834067,0.232079459788152,42.2562554905109,37.8357445094892,40.046,0.64266827282508,46.0999184985363,39.6108,39.772144734608,-2.97025293043913,-3.80170675593311
"6357142","2006-09-06",27.2075056638398,0.295154185022026,0.359030837004404,0.297601566324032,42.263608689687,37.853391310313,40.0585,0.475398038085958,43.5019662013028,39.6232,39.7611921033269,-2.75090757861238,-3.59154692046897
"6357141","2006-09-07",26.5489122591712,0.222466960352422,0.312041116005872,0.326970141948114,42.2285591853377,37.9974408146623,40.113,0.412631452424323,41.9998973503741,39.6152,39.7076998228833,-2.61401245961198,-3.39604002829757
"6357140","2006-09-08",26.0504104163608,0.202409638554216,0.240010261309554,0.303694071439943,42.1285259815157,38.2208073518177,40.1746666666667,0.308583966533483,41.2104771037051,39.6008,39.6386731798322,-2.51152307218306,-3.21913663707467
"6357139","2006-09-11",24.5914017902847,0.107462686567164,0.177446428491267,0.243165935268897,42.1055400496786,38.2907932836548,40.1981666666667,0.308244152268471,38.9825194335486,39.5308,39.5148500891879,-2.49989670129794,-3.07528864991932
"6357138","2006-09-12",23.9923808838122,0.451745379876796,0.253872568332725,0.223776419377848,42.2496875718194,38.2913124281806,40.2705,0.795449510862909,50.1158087982204,39.5372,39.6528700772962,-2.09213720186712,-2.87865836030888
"6357137","2006-09-13",24.8141058091171,0.602791878172589,0.387333314872182,0.272884103898724,43.0590122096708,37.8536544569959,40.4563333333333,1.20830866487616,60.7926687889558,39.6948,40.1124874003234,-1.24023204211257,-2.55097309666962
"6357136","2006-09-14",25.5771360969001,0.682741116751269,0.579092791600217,0.406766224935041,43.6405008591064,37.5618324742269,40.6011666666667,1.07614043815553,62.9050875472734,39.9268,40.5948224136136,-0.440445855593086,-2.12886764845431
"6357135","2006-09-15",26.4205539578529,0.652284263959391,0.645939086294416,0.537455064255605,44.0966686437321,37.3526646896012,40.7246666666667,0.994068512216552,61.5447118885496,40.172,40.9808460917984,0.138242662690513,-1.67544558622535
"6357134","2006-09-18",27.2037276858805,0.652284263959391,0.66243654822335,0.629156142039327,44.378076416856,37.2202569164774,40.7991666666667,0.936003357330856,61.5447118885497,40.3636,41.3153999462253,0.585859423826141,-1.22318458421505
"6357133","2006-09-19",27.9620087025765,0.628989361702128,0.644519296540303,0.650964977019355,44.7248900866951,37.0977765799716,40.9113333333333,0.893158783335694,61.2248013144645,40.5232,41.5986799533953,0.917062218778786,-0.795135223616283
"6357132","2006-09-20",29.4542793923461,0.707107843137255,0.662793822932924,0.656583222565525,45.3906238706646,36.8663761293354,41.1285,0.986631406376728,65.2687554093957,40.7128,41.9828559596092,1.36078676963067,-0.363950824966892
"6357131","2006-09-21",30.2418943756525,0.629901960784314,0.655333055207898,0.654215391560374,45.8178920887088,36.8484412446245,41.3331666666667,0.849352491525907,61.1109593771001,40.8376,42.231808498328,1.56995350942053,0.0228300419105923
"6357130","2006-09-22",29.8279477743722,0.465686274509804,0.600898692810457,0.639675190317092,45.979504593856,37.0061620728107,41.4928333333333,0.670560746612591,53.3292929969992,40.8956,42.2689006985509,1.46253768868525,0.310771571265524
"6357129","2006-09-25",29.0987150830298,0.411764705882353,0.502450980392156,0.586227576136836,46.0260392145683,37.342294118765,41.6841666666667,0.613142427508014,51.0314316508695,40.8904,42.2423806054108,1.27889718310863,0.504396693634145
"6357128","2006-09-26",28.9194715067876,0.604166666666667,0.493872549019607,0.532407407407406,46.2275486964098,37.6254513035901,41.9265,0.746470897718086,57.9875596064271,40.986,42.4287298580227,1.4155941296961,0.686636180846535
"6357127","2006-09-27",29.1554204741559,0.63357843137255,0.549836601307189,0.51538671023965,46.4236964352794,37.9779702313872,42.2008333333333,0.772623092960189,58.9475902219158,41.1192,42.6222325436197,1.55013544977087,0.859336034631403
"6357126","2006-09-28",29.5728322995533,0.741421568627451,0.659722222222222,0.567810457516339,46.7016277577801,38.2917055755532,42.4966666666667,0.826598345044305,62.3452727263669,41.314,42.9072682044704,1.79984785205805,1.04743839811673
"6357125","2006-09-29",29.4274974637999,0.569620253164557,0.648206751054852,0.619255191528087,46.7959038735482,38.7094294597851,42.7526666666667,0.720203091675651,58.7174727020976,41.5096,43.0729657772077,1.85968507299625,1.20988773309264
"6357124","2006-10-02",29.0756191580605,0.38125,0.564097273930669,0.624008749069247,46.9134362542019,38.9892304124647,42.9513333333333,0.686601243859474,57.24722962885,41.7296,43.1832370069133,1.83828673937236,1.33556753434858
"6357123","2006-10-03",28.5613538097507,0.3375,0.429456751054852,0.547253592013457,46.9591486669715,39.2738513330285,43.1165,0.612357396529899,55.9792484122388,41.9352,43.2508054059915,1.76143265029625,1.42074055753811
"6357122","2006-10-04",29.1914050503993,0.3375,0.352083333333332,0.448545786106284,46.9700511725996,39.7422821607337,43.3561666666667,0.691921831534649,55.9792484122388,42.1488,43.3093646851927,1.68092062681511,1.47277657139351
"6357121","2006-10-05",29.8903707324633,0.707509881422924,0.460836627140974,0.414125570509719,47.08112010084,40.2712132324933,43.6761666666667,0.86229080872374,64.492327916248,42.4116,43.6214493938337,1.95715386789386,1.56965203069358
"6357120","2006-10-06",30.0231632452371,0.596837944664032,0.547282608695651,0.453400856389985,46.8767373915087,41.0952626084913,43.986,0.783203403073358,60.8703037464488,42.6544,43.8172561413225,2.04632604310397,1.66498683317566
"6357119","2006-10-09",30.0625223772525,0.579051383399209,0.627799736495388,0.545306324110671,46.3678711523744,42.2017955142922,44.2848333333333,0.778079444696137,60.284318325981,42.8544,43.9749553224795,2.07510802528461,1.74701107159745
"6357118","2006-10-10",30.516018225796,0.724609375000001,0.633499567687747,0.602860637626262,46.331280791656,42.7193858750106,44.5253333333333,0.977496357581878,63.5585801761811,43.0756,44.2156279461489,2.21348202543878,1.84030526236572
"6357117","2006-10-11",29.7959039899612,0.478515625000001,0.594058794466403,0.618452699549845,46.3797927865317,42.7598738801349,44.5698333333333,0.628041542361892,55.5863445248855,43.2688,44.2562108866624,2.06845267795395,1.88593474548336
"6357116","2006-10-12",29.4186915595043,0.572265625,0.591796875,0.606451745718049,46.4846038566755,42.7980628099911,44.6413333333333,0.741961228344998,57.759973897018,43.4944,44.3553827684407,2.01735212459453,1.9122182213056
"6357115","2006-10-13",29.3996737706563,0.636111111111111,0.562297453703703,0.582717707723369,46.7243884716261,42.7892781950406,44.7568333333333,0.909094846188199,61.6737150053484,43.764,44.5653317326486,2.12017299062139,1.95380917516876
"6357114","2006-10-16",29.9977399285654,0.570552147239264,0.592976294450124,0.582356874384609,47.1105607366301,42.7291059300365,44.9198333333333,1.01584844907344,63.8093578708325,44.0748,44.8206208349622,2.27259347001261,2.01756603413753
"6357113","2006-10-17",30.5530870751954,0.570552147239264,0.592405135196545,0.582559627783457,47.3806228699282,42.7633771300718,45.072,0.907457917410272,63.8093578708325,44.312,45.0418713903005,2.36372856873808,2.08679854105764
"6357112","2006-10-18",30.8065065522802,0.517382413087935,0.552828902522153,0.579403444056274,47.5731102764544,42.7215563902123,45.1473333333333,0.837211548786322,61.9177669748912,44.4368,45.1989552049271,2.36058675998803,2.14155618484372
"6357111","2006-10-19",31.4885842319664,0.504835589941973,0.530923383423056,0.558719140380585,47.8359489098375,42.7273844234958,45.2816666666667,0.866378201091676,62.2882099054023,44.5396,45.3457611776035,2.34421976281449,2.18208890043787
"6357110","2006-10-20",32.1219420773893,0.715667311411993,0.579295104813966,0.554349130253058,48.0825495374919,42.9601171291748,45.5213333333333,0.948094411086124,66.9985581280476,44.6956,45.618326353923,2.49414778011507,2.24450067637331
"6357109","2006-10-23",31.7919841146803,0.545279383429673,0.588594094927879,0.566270861054967,48.0668136360615,43.4398530306052,45.7533333333333,0.835713541952702,60.5028144120734,44.8168000000001,45.7385495067333,2.42940879128535,2.28148229935572
"6357108","2006-10-24",31.485594577879,0.522935779816513,0.594627491552726,0.587505563764857,48.1865298132863,43.6471368533803,45.9168333333333,0.808374565871977,61.7869148372555,44.9512,45.8800762391689,2.39891224021378,2.30496828752733
"6357107","2006-10-25",31.5213412164995,0.693363844393592,0.587193002546592,0.590138196342399,48.4356487201588,43.7473512798412,46.0915,0.906366424255196,65.0633530038479,45.074,46.102732740613,2.47638838815059,2.33925230765198
"6357106","2006-10-26",31.3720945002409,0.642058165548098,0.619452596586067,0.600424363561794,48.6648553565554,43.7861446434446,46.2255,0.848008609891678,63.8064610830818,45.2156000000001,46.274368375198,2.47949896437718,2.36730163899702
"6357105","2006-10-27",30.7431661932177,0.545861297539149,0.627094435826946,0.611246678319868,48.7306094478292,44.0080572188374,46.3693333333333,0.720361070922203,60.4278972231962,45.3936,46.3657859251716,2.37872356782545,2.36958602476271
"6357104","2006-10-30",30.4514228593159,0.565995525727068,0.584638329604771,0.610395120672594,48.7711326754255,44.2855339912412,46.5283333333333,0.741142095587042,60.8946239572939,45.5928000000001,46.457014468482,2.28765477726351,2.35319977526287
"6357103","2006-10-31",29.9071065043334,0.456140350877193,0.52266572471447,0.578132830048729,48.6544996509076,44.7555003490924,46.705,0.707318152880153,58.980150131052,45.72,46.5054125393511,2.15044301328704,2.3126484228677
"6357102","2006-11-01",28.8545516509363,0.137254901960785,0.386463592855015,0.497922549058085,48.5523150855302,45.0876849144698,46.82,0.564460944547218,55.1635439851402,45.8188,46.4846908674376,1.93779678495498,2.23767809528516
"6357101","2006-11-02",26.9583192968566,0,0.197798417612659,0.368975911727381,48.5610440126384,45.0569559873615,46.809,0.247247597583775,48.7966064469741,45.8472,46.3493987517793,1.59804973699931,2.10975242362799
"6357100","2006-11-03",25.8698366159948,0.122159090909091,0.0864713309566246,0.223577780474766,48.5259416125703,45.1767250540964,46.8513333333333,0.386142527162504,51.7284458543519,45.9172,46.2894789182087,1.38766450925478,1.96533484075335
"6357099","2006-11-06",25.1852244313181,0.21590909090909,0.112689393939393,0.132319714169558,48.4660761600991,45.3749238399009,46.9205,0.469644545588971,53.9095794697121,46.0104,46.2815483957809,1.26396183854083,1.82506024031084
"6357098","2006-11-07",23.5040175553722,0,0.112689393939393,0.103950039611803,48.470178522881,45.3611548104523,46.9156666666667,0.254799768722965,46.6223599648829,46.0696,46.1333419430101,0.969628266490918,1.65397384554686
"6357097","2006-11-08",21.8351235462132,0,0.0719696969696961,0.0991161616161605,48.3969071138131,45.4767595528536,46.9368333333333,-0.00688077768929577,45.7428793733386,46.1232,45.9862296839421,0.703382112528272,1.46385549894314
"6357096","2006-11-09",20.7204105756324,0,-6.10622663543836e-16,0.0615530303030292,48.5205105614124,45.2828227719209,46.9016666666667,-0.139859925157284,42.7642866531089,46.0792,45.7947323927498,0.402789838901829,1.25164236693488
"6357095","2006-11-10",19.9784326245564,0.0720720720720721,0.0240240240240234,0.031997906997906,48.5762735521447,45.1397264478553,46.858,0.102895980979478,45.3205477171366,46.0704,45.6714347403832,0.217965328513192,1.04490695925054
"6357094","2006-11-13",19.5784885700644,0.416666666666667,0.162912912912912,0.0623123123123114,48.5451516852368,45.1168483147633,46.831,0.4442873108474,55.5439435493213,46.1264,45.7685767749987,0.337951076164811,0.903515782633396
"6357093","2006-11-14",18.8955522846915,0.346846846846848,0.278528528528528,0.155155155155154,48.5268571507633,45.0851428492367,46.806,0.397531684570614,53.3667515247031,46.1388,45.8114332049989,0.373796302021345,0.797571886510986
"6357092","2006-11-15",18.2613971625595,0.425287356321839,0.396266956611784,0.279236132684408,48.5202108396995,45.0741224936339,46.7971666666667,0.44471993144996,55.2555427301496,46.214,45.8899087776657,0.451470776360696,0.728351664480928
"6357091","2006-11-16",18.2637125034787,0.455172413793104,0.40910220565393,0.361299230264747,48.5025489927306,45.0694510072694,46.786,0.541944622789627,56.059293968546,46.2752,45.975254273977,0.529523344628124,0.688586000510367
"6357090","2006-11-17",18.2658624629037,0.439080459770116,0.439846743295019,0.415071968520244,48.3923827978334,45.0886172021666,46.7405,0.5502961429481,55.4813723027729,46.2964,46.0398870374467,0.572256750381217,0.665320150484537
"6357089","2006-11-20",17.3209862988323,0.275773195876289,0.390008689813169,0.412985879587372,48.3346665577561,45.0190001089106,46.6768333333333,0.305921370581754,48.9588113408064,46.262,45.9839020991205,0.453509870866053,0.62295809456084
"6357088","2006-11-21",16.9066719997339,0.593837535014007,0.436230396886803,0.42202860999833,48.2917355789008,45.0205977544326,46.6561666666667,0.575559844901018,55.9327981761335,46.2696,46.0753818192377,0.537355406628182,0.605837556974309
"6357087","2006-11-22",16.5219515791424,0.593837535014007,0.487816088634767,0.438018391778246,48.1190001461988,45.0789998538012,46.599,0.58366227265483,55.9327981761334,46.2876,46.1546642433394,0.596640444818575,0.603998134543162
"6357086","2006-11-24",15.45502723777,0.417366946778712,0.535014005602241,0.48635349704127,47.9155322422834,45.1241344243833,46.5198333333333,0.435575885249987,51.0765332292366,46.2772,46.1393756775608,0.527270054414886,0.588652518517507
"6357085","2006-11-27",14.389359616025,0.378151260504202,0.46311858076564,0.495316225000882,47.7997351806646,45.1225981526687,46.4611666666667,0.416141759778331,50.0368572260528,46.2176,46.1074589205527,0.44270248269076,0.559462511352157
"6357084","2006-11-28",13.7778737064839,0.307692307692308,0.367736838325073,0.455289808230984,47.6293278968609,45.1103387698057,46.3698333333333,0.267168506723311,47.4371758354512,46.1788,46.033131064479,0.310768296596731,0.509723668401072
"6357083","2006-11-29",13.4847282270553,0.227692307692308,0.304511958629605,0.378455792573439,47.4598012275367,45.0891987724633,46.2745,0.218285395383741,45.544166119414,46.1184,45.9340469225485,0.15861166708695,0.439501268138248
"6357082","2006-11-30",13.6782422490684,0,0.178461538461538,0.283570111805405,47.3820120880559,45.0013212452775,46.1916666666667,0.161862856976201,42.3259865442584,46.0096,45.7868406662087,-0.0427525539899776,0.343050503712603
"6357081","2006-12-01",14.6098033730486,0,0.0758974358974354,0.186290310996193,47.5060879534643,44.7419120465357,46.124,-0.0621928749558984,37.1081275634167,45.8732,45.5459285773808,-0.349388023750352,0.204562798220012
"6357080","2006-12-04",14.9459007505423,0.146596858638744,0.0488656195462474,0.101074864635073,47.4989840330567,44.6093493002766,46.0541666666667,0.160568402571179,42.1665825398984,45.7764,45.4118047670634,-0.48853883802692,0.0659424709706254
"6357079","2006-12-05",15.2579911725007,0.170157068062829,0.105584642233857,0.0767825658925129,47.4383802234318,44.4792864432349,45.9588333333333,0.14893531246441,42.9606133902532,45.6796,45.307564131455,-0.576613838215001,-0.0625687908664998
"6357078","2006-12-06",15.8060719670606,0.0994764397905766,0.138743455497382,0.0977312390924953,47.4670615365919,44.2986051300747,45.8828333333333,0.105643935188788,41.1359370009804,45.5812,45.181222247261,-0.687081295754244,-0.187471291844049
"6357077","2006-12-07",16.6737610208215,0,0.0898778359511345,0.111401977894124,47.5457989100673,44.1042010899327,45.825,0.0568918625301945,38.5865440071042,45.486,45.0197259476262,-0.83544308479031,-0.317065650433301
"6357076","2006-12-08",17.7925798747976,0,0.0331588132635249,0.0872600349040136,47.6486612903148,43.9080053763518,45.7783333333333,-0.00303120894996417,36.3472577167694,45.4116,44.8317624879427,-1.00707488067266,-0.455067496481174
"6357075","2006-12-11",19.643793084653,0,-6.47630097698008e-16,0.0410122164048859,47.9117772131915,43.3798894534752,45.6458333333333,-0.118395721295493,30.4748015255936,45.2756,44.5208608228837,-1.33010135774781,-0.630074268734502
"6357074","2006-12-12",21.5383412133217,0,-6.47630097698008e-16,0.0110529377545076,48.0271376569433,42.8555290097234,45.4413333333333,-0.0590781380736545,29.1934923873968,45.1152,44.2140793798325,-1.62157480704012,-0.828374376395625
"6357073","2006-12-13",23.404297036814,0,-6.47630097698008e-16,-9.55254394104562e-16,48.0930439810073,42.3866226856594,45.2398333333333,0.00643321720810983,28.4124102816478,44.9904,43.9255354625215,-1.86539582010697,-1.03577866513789
"6357072","2006-12-14",23.8505220088032,0.0761316872427993,0.0253772290809325,0.00845907636031008,48.0051018982375,42.1072314350958,45.0561666666667,0.140067826752082,32.6368627427917,44.886,43.724797400852,-1.970235582886,-1.22267004868752
"6357071","2006-12-15",23.5148802408349,0.287640449438202,0.121257378893667,0.0488782026581991,47.7677057145453,42.0232942854547,44.8955,0.294786054605433,41.7424734732546,44.8372,43.672157747405,-1.86458439685907,-1.35105291832183
"6357070","2006-12-18",24.3403459085285,0,0.121257378893667,0.0892973289560882,47.5754553104747,41.7718780228586,44.6736666666667,0.120291665389046,33.7081210295506,44.716,43.427870047751,-2.03436235749662,-1.48771480615679
"6357069","2006-12-19",25.3447984365713,0,0.0958801498127335,0.112798302533355,47.5660299412855,41.3436367253811,44.4548333333333,0.0503070009277854,32.0156655797191,44.5184,43.1654873747176,-2.21674785622467,-1.63352141617036
"6357068","2006-12-20",26.9859917950395,0,-6.47630097698008e-16,0.0723791762354661,47.460804467746,40.8208621989207,44.1408333333333,-0.0297485817782983,26.9531414177391,44.2804,42.7620890580886,-2.58334579278151,-1.82348629149259
"6357067","2006-12-21",28.6722259429416,0,-6.47630097698008e-16,0.0319600499375771,47.300423841994,40.317576158006,43.809,-0.0144510514772757,25.7887123745825,44.016,42.3658105170101,-2.91300091624033,-2.04138921644214
"6357066","2006-12-22",30.238014794565,0.0385288966725042,0.0128429655575007,0.00428098851916618,47.1278005176687,39.8751994823313,43.5015,0.0434051888605068,27.8973133656577,43.7552,42.0517024480754,-3.10207123837728,-2.25352562082917
"6357065","2006-12-26",31.6141846756527,0.0445269016697592,0.0276852661140871,0.0135094105571954,46.8674736942832,39.5338596390502,43.2006666666667,0.0935610131351582,28.0973278597317,43.498,41.7821421216654,-3.21506059645844,-2.44583261595502
"6357064","2006-12-27",31.8423344376573,0.127659574468086,0.0702384576034491,0.0369222297583453,46.5639600942716,39.3323732390617,42.9481666666667,0.193727894350368,32.3418988701936,43.2912,41.60452317211,-3.18932944146039,-2.5945319810561
"6357063","2006-12-28",32.0541877880901,0.161702127659574,0.111296201265806,0.069739974994447,46.2246017424855,39.1873982575145,42.706,0.22394337170788,33.350732490022,43.0464,41.4639200824953,-3.11516173856237,-2.69865793255735
"6357062","2006-12-29",32.4049008930684,0.117021276595746,0.135460992907801,0.105665217259018,45.8713565242505,39.0643101424161,42.4678333333333,0.229030787138116,32.26279072025,42.7932,41.3140640714959,-3.06331024701684,-2.77158839544925
"6357061","2007-01-03",30.9633215066304,0.151063829787234,0.143262411347517,0.130006535173708,45.6027139786169,38.9922860213831,42.2975,0.328427648859626,34.0285903029605,42.5716,41.2055221952965,-2.95799694202006,-2.80887010476341
"6357060","2007-01-04",29.6247120763665,0.327659574468085,0.198581560283687,0.159101654846335,45.1841813837358,39.0688186162642,42.1265,0.422626557956056,42.4148348005425,42.3888,41.2221192359236,-2.6814478651636,-2.78338565684345
"6357059","2007-01-05",28.3918054273515,0.325531914893617,0.268085106382978,0.203309692671394,44.7403024806116,39.175364186055,41.9578333333333,0.426114784225219,42.3449921996541,42.2196,41.2351700044671,-2.43605405827138,-2.71391933712903
"6357058","2007-01-08",26.618857973818,0.323404255319149,0.325531914893616,0.264066193853427,44.3088480090771,39.3138186575895,41.8113333333333,0.478378505430038,42.2700338695074,42.0604,41.2451473372048,-2.21789376093215,-2.61471422188966
"6357057","2007-01-09",24.8598176859297,0.337563451776649,0.328833207329805,0.307483409535466,43.9018601396547,39.4594731936787,41.6806666666667,0.501350625254615,40.7925032585944,41.912,41.2284610255775,-2.05841599025316,-2.50345457556236
"6357056","2007-01-10",23.528832515082,0.273927392739273,0.311631699945023,0.321998940722815,43.5262284932151,39.5401048401183,41.5331666666667,0.352864574448323,37.1157597601952,41.7776,41.1473328888339,-2.00696962452934,-2.40415758535575
"6357055","2007-01-11",23.4443066661771,0.676844783715014,0.429445209410311,0.356636705561713,43.5317115946651,39.5376217386682,41.5346666666667,0.835161880411057,53.5999381133586,41.694,41.3210218369893,-1.58980673875947,-2.2412874160365
"6357054","2007-01-12",23.5276823653661,0.672289156626506,0.541020444360264,0.427365784571866,43.6152555500324,39.5024111166343,41.5588333333333,0.85851100713327,54.512154356628,41.612,41.4888855920574,-1.2202783181541,-2.03708559646002
"6357053","2007-01-16",24.5657351643821,0.732110091743119,0.693748010694879,0.554737888155151,44.0601802360216,39.2638197639784,41.662,1.0889187610337,63.0559910331499,41.5976,41.8237008464498,-0.646135855683505,-1.75889564830472
"6357052","2007-01-17",25.529641334897,0.861878453038674,0.755425900469432,0.663398118508192,44.5114144115795,39.0145855884205,41.763,1.08039524896464,66.449232150267,41.6272,42.2085407335898,-0.057640315085894,-1.41864458166095
"6357051","2007-01-18",25.3378338959509,0.675781249999999,0.75658993159393,0.735254614252747,44.6435641067176,38.945102559949,41.7943333333333,0.947313714250728,58.9728644915244,41.6348,42.4207353024445,0.229672081566124,-1.08898124901554
"6357050","2007-01-19",24.7871306726973,0.609375,0.715678234346223,0.742564688803195,44.8381075437636,38.8882257895697,41.8631666666667,0.833367969641061,56.4187162978157,41.6732,42.5593039287852,0.387419257530253,-0.793701147706379
"6357049","2007-01-22",23.7068528065832,0.50390625,0.596354166666666,0.689540777535606,45.000656878002,38.902343121998,41.9515,0.741350870457311,52.5275437628678,41.7012,42.6073967382805,0.405281949972092,-0.553904528170685
"6357048","2007-01-23",22.7037376451915,0.51008064516129,0.541120631720429,0.617717677577773,45.113061611899,39.0486050547677,42.0808333333333,0.686194204877081,53.2350999078572,41.7404,42.6637438398431,0.435132531384741,-0.3560971162596
"6357047","2007-01-24",22.2980384206076,0.483471074380166,0.499152656513818,0.545542484966971,45.1931316908077,39.2835349758589,42.2383333333333,0.690932374535665,52.6968378124691,41.762,42.7032446611974,0.440420651107432,-0.196793562786193
"6357046","2007-01-25",20.7285560537264,0.233471074380166,0.409007597973873,0.48309362873604,45.1497436924203,39.5469229742463,42.3483333333333,0.507436730311843,44.3493628870807,41.6988,42.5761453730377,0.213516182535178,-0.114731613721919
"6357045","2007-01-26",19.9123014943965,0.0785123966942154,0.265151515151515,0.391103923213068,45.0735665814551,39.7404334185449,42.407,0.30993036631519,40.1083822492701,41.6652,42.3659926566327,-0.108139401649998,-0.113413171307535
"6357044","2007-01-29",19.1876858850193,0.0702479338842982,0.127410468319559,0.267189860481649,45.0441531348679,39.8198468651321,42.432,0.270559648539268,39.8892942104009,41.6452,42.1785269690817,-0.36782767878305,-0.164296072802638
"6357043","2007-01-30",18.697029463538,0.0268595041322319,0.058539944903581,0.150367309458218,45.0270184993314,39.8616481673352,42.4443333333333,0.222317425248574,38.6942767712436,41.6696,41.9880567065375,-0.608133434639724,-0.253063545170055
"6357042","2007-01-31",17.9921692397676,0.0849256900212311,0.0606777093459196,0.0822093741896863,44.9681034064603,40.0392299268731,42.5036666666667,0.35926466371282,42.2435833314961,41.724,41.8763158123325,-0.714388201712501,-0.345328476478544
"6357041","2007-02-01",18.1470826435675,0.392781316348196,0.168188836833885,0.0958021636944618,45.0026313605774,40.2033686394226,42.603,0.613975839994934,52.890896446256,41.8276,41.9728070373548,-0.513579684246246,-0.378978718032085
"6357040","2007-02-02",18.6064186495039,0.575371549893843,0.351026185421089,0.193297577200298,45.1349021005771,40.2944312327563,42.7146666666667,0.742125204758773,57.8535700317402,41.9648,42.1710994323742,-0.187706663851006,-0.340724307195869
"6357039","2007-02-05",18.2802374102317,0.415778251599148,0.461310372613728,0.326841798289567,45.1567069642696,40.4279597023971,42.7923333333333,0.565063038819468,52.581913775341,42.0548,42.2416195080576,-0.0745955712959878,-0.287498560015893
"6357038","2007-02-06",17.7866528666593,0.373931623931624,0.455027141808204,0.42245456661434,45.1594944708814,40.5375055291186,42.8485,0.495276203900866,51.2582378234083,42.1328,42.2760702403166,-0.0229607194636161,-0.234590991905437
"6357037","2007-02-07",17.8416652166003,0.488721804511279,0.426143893347349,0.44749380258976,45.1759003098389,40.6717663568278,42.9238333333333,0.559833922083917,52.5447509751158,42.2272,42.3325942082744,0.0554099732324564,-0.176590798877859
"6357036","2007-02-08",18.8556439408848,0.637450199203187,0.500034542548696,0.46040185923475,45.2706380210447,40.938028645622,43.1043333333333,0.835209848728092,59.703610497526,42.3652,42.5482483138378,0.350727778202109,-0.0711270834618651
"6357035","2007-02-09",19.7971956134347,0.667330677290837,0.597834227001767,0.508004220965937,45.4448809976242,40.9341190023758,43.1895,0.80752379933321,60.4741705760465,42.476,42.7551485386594,0.604675732258841,0.0640334796822762
"6357034","2007-02-12",19.8884073704512,0.51792828685259,0.607569721115537,0.568479496888666,45.5074038676051,40.9579294657282,43.2326666666667,0.645950925611551,54.8286663199717,42.5572,42.8344620668382,0.656120328998533,0.182450849545528
"6357033","2007-02-13",20.2085712639694,0,0.395086321381141,0.533496756499481,45.3838933606923,40.8044399726411,43.0941666666667,0.199199908095097,32.7218979485983,42.4372,42.2312004579264,-0.255411242177239,0.0948784312009742
"6357032","2007-02-14",20.5058663079505,0.449119373776908,0.322349220209832,0.44166842090217,45.1518765521753,40.8847901144913,43.0183333333333,0.598037229721642,51.7872967483261,42.5084,42.3203737302029,-0.105069299253568,0.0548888851100656
"6357031","2007-02-15",20.5284883475124,0.533268101761252,0.327462491846052,0.348299344479008,45.1155559654732,40.8991107011935,43.0073333333333,0.764677928930888,54.3949824119805,42.634,42.5123238995092,0.175253996374303,0.0789619073629131
"6357030","2007-02-16",20.1764288065241,0.61252446183953,0.531637312459229,0.393816341505037,45.2832599531357,40.8297400468643,43.0565,0.89822433430747,56.7668057177986,42.7188,42.786680712908,0.542864708955282,0.171742467681387
"6357029","2007-02-20",19.0446471566067,0.714285714285714,0.620026092628831,0.493041965644704,45.7299908194234,40.6316758472433,43.1808333333333,1.03530758330132,59.6672251766722,42.84,43.1631232845202,1.01459280599505,0.34031253534412
"6357028","2007-02-21",18.0306102552048,0.708414872798434,0.678408349641225,0.610023918243095,46.0984006315952,40.5199327017381,43.3091666666667,0.942325748041576,59.4195539998416,42.902,43.4813735132509,1.35728057070308,0.543706142415912
"6357027","2007-02-22",16.8229542167835,0.758317025440313,0.727005870841486,0.675146771037181,46.5219215623009,40.3840784376991,43.453,0.954611380038216,60.9050249912122,42.956,43.8251903781508,1.6997013376522,0.77490518146317
"6357026","2007-02-23",15.8938310518853,0.7720156555773,0.746249184605348,0.717221135029353,46.9584988214296,40.3591678452371,43.6588333333333,0.931533642365732,61.3235643892459,43.052,44.141831661064,1.97001694312029,1.01392753379459
"6357025","2007-02-26",15.0184077530481,0.698630136986301,0.742987606001304,0.738747553816046,47.1822500749571,40.6044165917095,43.8933333333333,0.832936369638648,57.7563202553874,43.1316,44.3162541062555,2.0216296087761,1.2154679487909
"6357024","2007-02-27",14.8076627591406,0.607632093933464,0.692759295499021,0.727332028701891,47.1639421851557,40.998724481511,44.0813333333333,0.647926649769537,53.5931773702219,43.1956,44.3434202254214,1.87129453258428,1.34663326554957
"6357023","2007-02-28",14.6119709790836,0.607632093933464,0.637964774951076,0.6912372254838,47.0289378698378,41.5190621301622,44.274,0.606959459918422,53.5931773702219,43.2552,44.3669641953652,1.73215510063369,1.4237376325664
"6357022","2007-03-01",15.1786839097658,0.486301369863014,0.567188519243313,0.632637529897803,46.9033161147314,41.870017218602,44.3866666666667,0.43576114989277,48.2185979759647,43.268,44.2220356359832,1.38048466015535,1.41508703808419
"6357021","2007-03-02",15.4841621439506,0.640900195694716,0.578277886497064,0.594477060230484,46.9626121942209,42.0157211391125,44.4891666666667,0.643692942782575,54.4823542869621,43.3924,44.3070975511854,1.37378194131048,1.40682601872945
"6357020","2007-03-05",16.2172513284992,0.564579256360078,0.563926940639268,0.569797782126548,46.9734823683638,42.0565176316362,44.515,0.477289512403336,51.1902719827102,43.5156,44.276817877694,1.21234415916949,1.36792964681745
"6357019","2007-03-06",16.8979769998657,0.30561797752809,0.503699143194294,0.548634656776875,46.9558232606954,42.2125100726379,44.5841666666667,0.478742003883019,51.9123939574596,43.6476,44.2745754940015,1.10450035159471,1.3152437877729
"6357018","2007-03-07",17.638696658568,0.196560196560196,0.355585810149454,0.474403964661005,46.8938255792163,42.4195077541171,44.6566666666667,0.415070852171393,51.098261662314,43.7808,44.2486320948013,0.97501015476722,1.24719706117177
"6357017","2007-03-08",18.0984710227887,0.292383292383292,0.264853822157191,0.374712925166979,46.8620782829702,42.5925883836965,44.7273333333333,0.471737451191254,52.8245631375245,43.9136,44.2781478154945,0.932745824435122,1.18430681382444
"6357016","2007-03-09",17.9998883945955,0.208845208845209,0.232596232596231,0.284345288300959,46.8616327085512,42.5917006247822,44.7266666666667,0.457064110216125,51.1299645912545,43.9748,44.2583947734285,0.827716152975722,1.1129886816547
"6357015","2007-03-12",17.9083473827018,0.245700245700246,0.248976248976248,0.24880876790989,46.8598418584821,42.5881581415179,44.724,0.453023987738194,51.8636353817651,44.0076,44.2612754703047,0.763047913234138,1.04300052797058
"6357014","2007-03-13",18.7708984561288,0,0.151515151515151,0.21102921102921,46.8876888959599,42.5053111040402,44.6965,0.191986086680572,45.2756786672888,44.0168,44.0837720742641,0.459874460549758,0.926375314486419
"6357013","2007-03-14",20.2667561464925,0,0.081900081900081,0.16079716079716,46.796743610422,42.6395897229114,44.7181666666667,-0.117770411237906,40.1135006045328,43.9832,43.7606024643622,-0.0148591247603136,0.738128426637072
"6357012","2007-03-15",21.655766858973,0.0685413005272408,0.0228471001757461,0.0854207778636592,46.9261964568641,42.3991368764693,44.6626666666667,-0.0160082297384498,42.2895465847289,43.9572,43.5325221357806,-0.317722006819132,0.526958339945832
"6357011","2007-03-16",23.3288556309254,0,0.0228471001757461,0.0425314274171909,47.1590377658546,41.9139622341455,44.5365,-0.0598584772035038,39.2566138546192,43.8504,43.2321858510098,-0.69498816015312,0.282569039926041
"6357010","2007-03-19",24.6184302351336,0.095652173913043,0.0547311581467604,0.0334751194994174,47.2396619581514,41.546671375182,44.3931666666667,0.0731885907905379,41.8241644661535,43.7552,43.0305610708752,-0.903455184630508,0.0453641950147313
"6357009","2007-03-20",25.6472356764064,0.149999999999999,0.0818840579710133,0.0531541054311731,47.1197993104815,41.2928673561852,44.2063333333333,0.151102841779192,43.2908768631284,43.7,42.8891529280918,-1.01113513028773,-0.165935670045761
"6357008","2007-03-21",25.9721198144867,0.0478260869565215,0.0978260869565204,0.0781471010247646,46.9863791415088,41.0509541918246,44.0186666666667,0.163826372964329,41.1884526810856,43.8276,42.7039325376796,-1.17257417045994,-0.367263370128597
"6357007","2007-03-22",25.6446890005172,0.322738386308069,0.173521491088196,0.11774387867191,46.6716426205219,41.0343573794782,43.853,0.336268707270678,47.6022615502755,43.8156,42.690074865989,-1.08053386733213,-0.509917469569305
"6357006","2007-03-23",25.3164189857735,0.403422982885086,0.257995818716558,0.176447798920425,46.2391459991332,41.1318540008668,43.6855,0.396455238213745,49.3855986745975,43.7824,42.7220648838571,-0.934367209631703,-0.594807417581784
"6357005","2007-03-26",25.6907254297973,0.180929095354524,0.302363488182559,0.244626932662437,45.8600032984616,41.1439967015384,43.502,0.269154973748986,44.8522674960934,43.6804,42.6284562326762,-0.979451281318366,-0.671736190329101
"6357004","2007-03-27",26.2220905418769,0.114914425427873,0.233088834555827,0.264482713818314,45.6953080074444,41.0053586592223,43.3503333333333,0.203550458629069,43.5742005374107,43.526,42.511328734986,-1.05467072615268,-0.748323097493818
"6357003","2007-03-28",27.2926768487816,0,0.0986145069274647,0.211355609888617,45.5812981826712,40.7537018173288,43.1675,0.0938282356391057,39.4087174752102,43.3368,42.2858182369879,-1.27757465428762,-0.854173408852577
"6357002","2007-03-29",28.3899614457595,0,0.0383048084759567,0.123336049986416,45.5795418688927,40.437124797774,43.0083333333333,0.0861219920712654,38.6388180106909,43.12,42.0663758053895,-1.47364083416074,-0.97806689391421
"6357001","2007-03-30",28.8163828466894,0.081920903954802,0.0273069679849332,0.0547420944627848,45.2860754261158,40.3319245738842,42.809,0.17791318547599,40.65054314149,42.9092,41.9148590313376,-1.55690930941157,-1.09383537701368
"6357000","2007-04-02",29.3415028710147,0.0336700336700342,0.0385303125416112,0.0347140296675003,45.1259171339225,40.1470828660776,42.6365,0.161935590518213,39.7314704762573,42.7208,41.7582111604926,-1.64170378536856,-1.20340905868466
"6356999","2007-04-03",28.8955562792421,0.185185185185184,0.100258707603339,0.0553653293766278,44.8721953019588,40.1004713647079,42.4863333333333,0.289104871411921,43.0174794775134,42.5876,41.6824496724269,-1.60411892083191,-1.28355103111411
"6356998","2007-04-04",28.3758215985973,0.343434343434342,0.187429854096519,0.108739624747157,44.6173248724237,40.1096751275763,42.3635,0.379427189164092,46.310093536828,42.4732,41.67945638277,-1.46654200609514,-1.32014922611031
"6356997","2007-04-05",27.3653559348651,0.377104377104376,0.301907968574633,0.196532176758164,44.2416669088142,40.2266664245192,42.2341666666667,0.446658370900724,47.0116560015725,42.4124,41.690195531734,-1.32286821344783,-1.32069302357782
"6356996","2007-04-09",25.5216678694691,0.595959595959595,0.438832772166104,0.309390198279085,43.8757688991436,40.4162311008564,42.146,0.68326147507736,51.452247911602,42.3144,41.7861694608361,-1.07088760696743,-1.27073194025574
"6356995","2007-04-10",23.923823829946,0.488215488215489,0.487093153759819,0.409277964833519,43.3822277585296,40.6867722414705,42.0345,0.596025822609653,49.2634452776958,42.2348,41.8266801993913,-0.922388936162466,-1.20106333943708
"6356994","2007-04-11",23.5381901656653,0.0808080808080815,0.388327721661054,0.438084549195659,43.1683828858477,40.7046171141523,41.9365,0.276832140599558,41.9895999561787,42.0996,41.7004561728058,-1.02663017961226,-1.16617670747212
"6356993","2007-04-12",23.469196156367,0,0.189674523007856,0.355031799476243,43.170946622553,40.5877200441137,41.8793333333333,0.162179588135901,40.0426143457724,41.9568000000001,41.5417286830984,-1.16832994055756,-1.16660735408921
"6356992","2007-04-13",23.40513029059,0.252491694352161,0.111099925053413,0.229700723240775,43.1229095869009,40.5480904130991,41.8355,0.350280748286182,45.6203038314628,41.8288,41.5054981920186,-1.12067899565871,-1.15742168240311
"6356991","2007-04-16",22.7250017477836,0.199335548172758,0.150609080841639,0.150461176300969,43.1222939620617,40.5393727046049,41.8308333333333,0.374496109499733,44.6779883431267,41.708,41.4527650997494,-1.1014699538208,-1.14623133668665
"6356990","2007-04-17",22.0934538151776,0.348837209302326,0.266888150609081,0.176199052168044,43.1109958236392,40.5303375096942,41.8206666666667,0.476491786479888,47.9352959581945,41.5992,41.4670630864495,-0.987351114790269,-1.11445529230737
"6356989","2007-04-18",21.1420103749167,0.408637873754153,0.318936877076412,0.24547803617571,43.0929833202277,40.5283500131056,41.8106666666667,0.563426871286015,49.2231632906766,41.5516,41.5034546749229,-0.852050599144383,-1.06197435367477
"6356988","2007-04-19",20.9066672784224,0.196013289036546,0.317829457364341,0.301218161683278,43.0703691177206,40.4846308822794,41.7775,0.338537407121264,44.9643536333412,41.5292,41.4496607182665,-0.859394335672348,-1.02145835007429
"6356987","2007-04-20",19.6614039820213,0.196013289036546,0.266888150609081,0.301218161683278,42.8931294826111,40.5325371840555,41.7128333333333,0.467734086604757,44.9643536333412,41.4912,41.4030392891643,-0.855513380117423,-0.988269356082915
"6356986","2007-04-23",18.5268426165406,0.189368770764119,0.193798449612403,0.259505352528608,42.6073321488995,40.6373345177672,41.6223333333333,0.360067513630337,44.8237984856752,41.4832,41.3599673839424,-0.846708794539619,-0.959957243774256
"6356985","2007-04-24",17.7854308285576,0.0963455149501657,0.160575858250276,0.207087486157253,42.4988212058962,40.6091787941038,41.554,0.231518868243366,42.8063639118387,41.4464,41.2853050660834,-0.884372512097409,-0.944840297438887
"6356984","2007-04-25",18.3198594598811,0.417827298050139,0.234513861254807,0.196296056372495,42.6495738017,40.5330928649667,41.5913333333333,1.0269753740635,52.7114607049526,41.448,41.3819310572723,-0.670294453080378,-0.889931128567185
"6356983","2007-04-26",18.8161146175385,0.431754874651811,0.315309229217371,0.236799649574151,42.7539475987136,40.5503857346197,41.6521666666667,0.849963701601712,53.0731219689255,41.4704,41.472340249636,-0.485482899800371,-0.809041482813822
"6356982","2007-04-27",19.2769229782205,0.473537604456825,0.441039925719591,0.330287672063923,42.8310297326074,40.6336369340593,41.7323333333333,0.841768663525339,54.2046705956526,41.4548,41.5706948830179,-0.306537586420863,-0.70854070353523
"6356981","2007-04-30",19.1010809740133,0.339832869080779,0.415041782729804,0.390463645888922,42.8659504386099,40.6930495613901,41.7795,0.673577483731911,50.0459905292925,41.4068,41.5919355652822,-0.255009560623287,-0.617834474952842
"6356980","2007-05-01",18.4613917608822,0.228412256267409,0.347260909935004,0.401114206128133,42.8362417429047,40.7967582570953,41.8165,0.439608892386891,46.8221497248843,41.3792,41.5570108232445,-0.288439972565002,-0.551955574475274
"6356979","2007-05-02",18.6244909895076,0.318181818181819,0.295475647843335,0.352592780169381,42.8898919546792,40.8281080453208,41.859,0.728442950719591,51.2212420048082,41.3832,41.5960760468119,-0.211624954852574,-0.483889450550734
"6356978","2007-05-03",21.2743273491943,0.245569620253165,0.264054564900797,0.302263707559712,43.6237929139754,40.3848737526913,42.0043333333333,1.34050672393257,57.6748444002003,41.46,41.7485992405703,0.0211462376139337,-0.382882312917801
"6356977","2007-05-04",23.734889683189,0.517721518987342,0.360490985807441,0.306673732850524,44.3186941474565,40.0136391858768,42.1661666666667,1.21787701378519,68.5126380918206,41.63,42.167452675161,0.610189838407216,-0.184267882652797
"6356976","2007-05-07",26.0196975647556,0.549367088607595,0.437552742616033,0.354032764441424,44.8693197415259,39.7273469251407,42.2983333333333,1.10774339180518,69.4909061144153,41.7984,42.5637923184728,1.10618791568222,0.0738232770142066
"6356975","2007-05-08",27.3127040374339,0.449367088607595,0.50548523206751,0.434509653496995,45.2303600607093,39.6233066059574,42.4268333333333,0.934541960347306,62.8462471364552,41.9428,42.8019533426765,1.33066322622515,0.325191266856395
"6356974","2007-05-09",28.5133529049208,0.475949367088608,0.491561181434598,0.478199718706047,45.5539410870682,39.6483922462651,42.6011666666667,0.884751143021222,63.8361581811809,42.0776,43.0363595636529,1.52829976962652,0.56581296741042
"6356973","2007-05-10",28.8382798098781,0.379746835443038,0.435021097046413,0.477355836849507,45.7067663298519,39.8215670034815,42.7641666666667,0.755301463328112,57.830890851136,42.1632,43.1381782884992,1.52387392767102,0.757425159462539
"6356972","2007-05-11",29.1399976501955,0.383544303797468,0.41308016877637,0.446554149085794,45.834152473377,39.962847526623,42.8985,0.710884407792716,57.9988559573171,42.246,43.230421183366,1.5081420714258,0.907568541855191
"6356971","2007-05-14",29.2133006888244,0.313432835820896,0.358907991687133,0.402336419169972,45.9217986699852,40.1232013300148,43.0225,0.666275843990848,56.464874742858,42.2952,43.2850316922505,1.44334303943743,1.01472344137164
"6356970","2007-05-15",29.1346131205776,0.295793758480325,0.330923632699562,0.367637264387689,45.9838281975738,40.2668384690929,43.1253333333333,0.620926110797303,55.3855027350625,42.352,43.3150274666171,1.35208966427669,1.08219668595265
"6356969","2007-05-16",29.4177093629443,0.329715061058344,0.312980551786521,0.334270725391072,46.0773102665418,40.3933564001249,43.2353333333333,0.665025969957651,57.0844835126594,42.4672,43.3743571377348,1.31105708699286,1.12796876616069
"6356968","2007-05-17",29.7362889401924,0.389416553595658,0.338308457711442,0.327404214065842,46.1477543434508,40.6365789898826,43.3921666666667,0.700410970281482,59.9735459670007,42.6148,43.4844428527035,1.34443741384553,1.17126249569766
"6356967","2007-05-18",29.5628142316923,0.33921302578019,0.352781546811396,0.334690185436453,46.1709522136921,40.8667144529745,43.5188333333333,0.622763476307398,56.5273875900446,42.7172,43.5305171390097,1.28710736073567,1.19443146870526
"6356966","2007-05-21",29.5106478170292,0.313868613138686,0.347499397504844,0.346196467342561,46.1447678098107,41.1915655235227,43.6681666666667,0.634290228466552,57.7292300531362,42.8328,43.5931148538084,1.2584810409074,1.20724138314569
"6356965","2007-05-22",29.0898614688628,0.164429530201342,0.272503723040071,0.324261555785437,45.9799769158511,41.6480230841489,43.814,0.534472512666332,55.0306800002112,42.9192,43.6100328733006,1.17038206163318,1.19986951884319
"6356964","2007-05-23",28.550518344737,0.0403225806451618,0.172873574661729,0.264292231735548,45.9761002311297,41.7648997688703,43.8705,0.491965869676223,53.963460284467,42.994,43.6100284901939,1.0679006609783,1.17347574727021
"6356963","2007-05-24",26.939409479076,0,0.0682507036155001,0.171209333772433,45.9332662741252,41.8884003925415,43.9108333333333,0.331679627145814,46.1629268640055,43.0588,43.4913580248347,0.812518608640844,1.10128431954434
"6356962","2007-05-25",25.4433798181051,0.00315457413249148,0.0144923849258834,0.0852055544010375,45.9042745685275,41.9563920981391,43.9303333333333,0.232261533131197,46.256929852577,43.124,43.3898436215234,0.604774502578742,1.00198235615122
"6356961","2007-05-29",23.7259725178517,0,0.00105152471082944,0.0279315377507377,45.8534105247478,42.0532561419189,43.9533333333333,0.148259904201139,42.6481712647771,43.172,43.241864471987,0.351953752383638,0.871976635397703
"6356960","2007-05-30",22.3033070786912,0,0.00105152471082944,0.00553181144918082,45.732462026518,42.250537973482,43.9915,0.0591996522741367,41.4863230388275,43.2252,43.093615875722,0.121582796993525,0.721897867716867
"6356959","2007-05-31",21.1865550579838,0.273648648648647,0.0912162162162146,0.0311064218792912,45.645852997879,42.425147002121,44.0355,0.2436897372541,49.48865179472,43.2624,43.0731337589591,0.0894914137632652,0.595416576926147
"6356958","2007-06-01",21.1747345108212,0.486486486486486,0.253378378378376,0.115215373101807,45.577327237048,42.4196727629521,43.9985,0.496252492655411,54.6800960422218,43.3228,43.1393825910979,0.179998972465878,0.512333056034093
"6356957","2007-06-04",21.163758288456,0.530405405405405,0.430180180180178,0.258258258258256,45.4032182233593,42.464115109974,43.9336666666667,0.508959649361532,55.6920673677224,43.3824,43.2141315789515,0.272710360771944,0.464408516981663
"6356956","2007-06-05",20.4035496376655,0.337837837837838,0.451576576576575,0.378378378378377,45.1476056743696,42.5293943256304,43.8385,0.378352066515414,50.3801106276196,43.4384,43.2029140350913,0.236877327981633,0.418902279181657
"6356955","2007-06-06",19.2292048919552,0.0270270270270264,0.298423423423422,0.393393393393392,45.0470110717731,42.4076555948936,43.7273333333333,0.0880307359662927,43.2154180090956,43.4736,43.0705254970791,0.0358886942056102,0.342299562186448
"6356954","2007-06-07",18.1387419137957,0.0418118466898946,0.135558903851585,0.295186301283861,44.9079011325354,42.3217655341313,43.6148333333334,0.116609430452202,43.5910334496858,43.4896,42.9611220974686,-0.115014321097895,0.250836785529579
"6356953","2007-06-08",17.8734211689256,0,0.0229462912389726,0.15230953950466,44.9511089834997,42.042557683167,43.4968333333333,-0.0467212032618525,38.5152597980771,43.4404,42.7676391511394,-0.37026643796837,0.126616140829989
"6356952","2007-06-11",17.2678193578271,0.135951661631421,0.0592545027737707,0.0725865659547763,44.9165625997916,41.8937707335417,43.4051666666667,0.135491498559481,42.8716077542395,43.3232,42.6599539309875,-0.482817431873017,0.00472942628938816
"6356951","2007-06-12",16.8601365963384,0.0906344410876145,0.075528700906344,0.0525764983063626,44.9096161878509,41.7020504788158,43.3058333333333,0.0928896079493974,41.8082470527593,43.19,42.5466267401892,-0.594016088516169,-0.115019676671723
"6356950","2007-06-13",16.751342472422,0.0120845921450148,0.0795568982880156,0.0714467006560435,44.9186778398599,41.4903221601401,43.2045,0.0874115371495989,39.9581969462637,43.078,42.4137431748306,-0.723738304051202,-0.236763402147619
"6356949","2007-06-14",15.9441927007078,0.151057401812689,0.084592145015105,0.079892581403155,44.8089094072157,41.4100905927843,43.1095,0.25398315935045,44.6268334251847,42.976,42.3599107515199,-0.7309130513656,-0.335593331991215
"6356948","2007-06-15",15.326943862854,0.114803625377644,0.0926485397784482,0.085599194360523,44.603359747388,41.411640252612,43.0075,0.327418000161073,43.6728174619311,42.8996,42.2972559846506,-0.750976845425433,-0.418670034678059
"6356947","2007-06-18",14.4004890406671,0,0.0886203423967766,0.0886203423967767,44.4906568343038,41.2700098323629,42.8803333333333,0.110740740630328,39.1645711788339,42.798,42.1629551866972,-0.871848098485306,-0.509305647439508
"6356946","2007-06-19",14.0421874133807,0,0.0382678751258803,0.0731789191003685,44.3532637029746,41.0900696303587,42.7216666666667,0.0214300369776101,35.9659512111948,42.6848,41.9825611618042,-1.048531227324,-0.617150763416407
"6356945","2007-06-20",13.100695860102,0.00997506234413944,0.00332502078137875,0.043404412768012,44.2175121441801,40.9694878558199,42.5935,0.132545851249604,36.4318720418326,42.5784,41.831553006897,-1.16853203904123,-0.727427018541371
"6356944","2007-06-21",12.1701232105276,0,0.00332502078137875,0.0149726388962127,44.0933288704077,40.8256711295923,42.4595,0.10129443268798,36.0784902109152,42.46,41.6940126059774,-1.25968500929776,-0.833878616692649
"6356943","2007-06-22",11.504678889298,0.0800000000000003,0.0299916874480455,0.0122139096702678,44.0238024573535,40.7121975426465,42.368,0.207694599769107,39.6110760997171,42.3352,41.6121442585137,-1.26371841043067,-0.919846575440253
"6356942","2007-06-25",11.3009192702329,0.172043010752689,0.0840143369175621,0.0391103483823289,43.9736958664109,40.6403041335891,42.307,0.303903435581713,42.0735915035972,42.2332,41.5678583573786,-1.21434483483822,-0.978746227319847
"6356941","2007-06-26",11.2149034675218,0.322580645161292,0.191541218637993,0.1018490810012,43.9410814646757,40.6075852019909,42.2743333333333,0.406704560169653,46.9645285924976,42.1412,41.5854772430614,-1.08122612223933,-0.999242206303744
"6356940","2007-06-27",10.4552639670754,0.143369175627242,0.212664277180407,0.162739944245321,43.9215161342553,40.5401505324114,42.2308333333333,0.30949511454325,42.3772640530387,42.0404,41.5340802773199,-1.0606198917252,-1.01151774338804
"6356939","2007-06-28",9.866915351725,0.39068100358423,0.285543608124253,0.229916367980884,43.8046769821473,40.543656351186,42.1741666666667,0.470101385107995,49.6815070609578,41.9716,41.5815362403439,-0.89991432609362,-0.989197059929152
"6356938","2007-06-29",10.0518134002113,0.0860215053763446,0.206690561529271,0.234966148944644,43.4761220873533,40.6192112459801,42.0476666666667,0.293133201274163,42.5295253845246,41.9044,41.5093314082981,-0.926964948545372,-0.976750637652396
"6356937","2007-07-02",10.2235044452342,0.232974910394267,0.236559139784946,0.242931103146157,43.0668190387949,40.7951809612051,41.931,0.366029128347664,46.5281141987241,41.8532,41.5014205538583,-0.858934794824817,-0.95318746908688
"6356936","2007-07-03",9.95119103218351,0.258064516129034,0.192353643966547,0.211867781760255,42.715084699779,40.971915300221,41.8435,0.45783542321324,47.2035215534521,41.8228,41.5038978133439,-0.782392118133124,-0.919028398896129
"6356935","2007-07-05",10.2380227295162,0.100358422939068,0.197132616487455,0.20868180007965,42.5925034223063,40.9691632443604,41.7808333333333,0.257187882107719,43.4854040205517,41.7808,41.447378104898,-0.798158016826123,-0.894854322482128
"6356934","2007-07-06",10.4563943939308,0.176470588235296,0.178297842434465,0.189261367629489,42.447922654466,40.9924106788673,41.7201666666667,0.286902016701659,43.7024741303852,41.7072,41.401061024245,-0.797721190359735,-0.875427696057649
"6356933","2007-07-09",10.9644736261383,0.603333333333334,0.293387448169232,0.222939302363717,42.6925481455389,40.8577851877944,41.7751666666667,1.17120387121503,57.1000874879837,41.6688,41.562252887679,-0.4978233248911,-0.79990682182434
"6356932","2007-07-10",11.6795218118581,0.773006134969325,0.517603352179317,0.329762880927672,43.0264962477147,40.650170418952,41.8383333333333,1.22731328019663,61.7137616042769,41.6536,41.7966191693218,-0.12223151384203,-0.664371760227878
"6356931","2007-07-11",13.1184953665527,0.739856801909307,0.705398756737321,0.50546318569529,43.5425380608619,40.3604619391381,41.9515,1.22651729402406,65.0229954006099,41.6844,42.0770699467455,0.281835960748245,-0.475130216032653
"6356930","2007-07-12",14.7321265890915,0.856812933025405,0.789891956634678,0.670964688517106,44.1670433912084,40.0526232754583,42.1098333333333,1.19191605457002,69.2216121620214,41.786,42.4334606205128,0.752597334520577,-0.229584705922007
"6356929","2007-07-13",16.515627375251,0.852320675105485,0.816330136680064,0.770540283350688,44.7491678951127,39.774498771554,42.2618333333333,1.11340763057966,70.6925081761507,41.8992,42.7863325377778,1.17038935976084,0.0504101072145616
"6356928","2007-07-16",18.4105868121451,0.843137254901961,0.850756954344282,0.818993015886342,45.30335799034,39.5353086763267,42.4193333333333,1.05258427239688,71.8345876052757,42.0524,43.1268215327407,1.52844818001885,0.346017721775419
"6356927","2007-07-17",20.4932647168811,0.827402135231317,0.840953355079586,0.836013482034645,45.8917994473704,39.385533885963,42.6386666666667,1.01867951512521,73.3406619091781,42.2016,43.4685786617086,1.85187328038983,0.6471888334983
"6356926","2007-07-18",22.6199796451108,0.816806722689075,0.829115370940783,0.840275226788218,46.4311746293415,39.3564920373252,42.8938333333333,0.976275784273694,74.2310174970572,42.3652,43.7927681734808,2.1184562753227,0.94144232186318
"6356925","2007-07-19",24.7046695441156,0.876221498371336,0.840143452097241,0.83673739270587,46.9844203603478,39.3305796396522,43.1575,0.95935543495525,76.3383269160753,42.56,44.14306575035,2.39330473889734,1.23181480527001
"6356924","2007-07-20",25.5006040895636,0.765573770491803,0.81953399718407,0.829597606740698,47.3303410230191,39.4843256436476,43.4073333333333,0.849986568624338,68.5588450477788,42.7096,44.3573236503034,2.45738586823077,1.47692901786216
"6356923","2007-07-23",26.3894743450897,0.855737704918032,0.832510991260389,0.830729480180567,47.708538620216,39.6247947131173,43.6666666666667,0.861218766150645,71.1573072797571,42.886,44.6163471635963,2.57589492577028,1.69672219944379
"6356922","2007-07-24",26.417843689116,0.757624398073836,0.792978624494556,0.815007870979672,47.9857549611844,39.812578372149,43.8991666666667,0.794153275715582,65.8308394404098,43.0664,44.7741675417834,2.54829560008809,1.86703687957265
"6356921","2007-07-25",25.4597916613538,0.644122383252818,0.752494828748227,0.792661481501058,48.134517053287,40.0308162800463,44.0826666666667,0.6913529028351,59.1547500015292,43.238,44.8176118695456,2.37256306937377,1.96814211753287
"6356920","2007-07-26",23.9664192396767,0.295744680851064,0.565830487392571,0.703767980211785,48.1138261745476,40.3378404921191,44.2258333333333,0.528828070912375,50.4896353084319,43.364,44.7085969536062,2.01229408890318,1.97697251180693
"6356919","2007-07-27",22.7712201090033,0.12280701754386,0.354224693882579,0.557516670007793,48.0990350504313,40.5772982829021,44.3381666666667,0.498027937723455,49.1503986276794,43.4844,44.5887840264587,1.67318297256747,1.91621460395904
"6356918","2007-07-30",21.6613923448065,0.168571428571428,0.195707708988783,0.371920963421311,48.022337750013,40.9783289166537,44.5003333333333,0.528345601402579,53.2934120309338,43.6172,44.5636128229309,1.49394793029929,1.83176126922709
"6356917","2007-07-31",20.5315049415049,0.208571428571428,0.166649958228904,0.238860787033422,47.9429785094836,41.4013548238498,44.6721666666667,0.559796571228288,54.2460289403251,43.7476,44.5604644465401,1.36159716309512,1.7377284480007
"6356916","2007-08-01",19.4963560703072,0,0.125714285714284,0.162690650977324,47.7946784575222,41.8013215424778,44.798,0.414683316781986,48.3314817121573,43.83,44.4537358536681,1.10267127035846,1.61071701247225
"6356915","2007-08-02",18.3849557185167,0.267605633802817,0.15872568745808,0.15036331046709,47.5422699809609,42.4293966857058,44.9858333333333,0.530804596731578,54.796103356103,43.9704,44.4879044065123,1.05768651643274,1.50011091326435
"6356914","2007-08-03",17.7258081611559,0.27887323943662,0.182159624413145,0.15553319919517,47.1413686507117,43.2189646826216,45.1801666666667,0.529701173297742,55.051113298731,44.0848,44.522850485644,1.01746994872223,1.40358272035592
"6356913","2007-08-06",17.6709613121273,0.245070422535212,0.263849765258215,0.201578359043147,46.9904353574799,43.6112313091868,45.3008333333333,0.535264714697196,54.065720969746,44.2284,44.5371370875582,0.952798575554725,1.31342589139568
"6356912","2007-08-07",19.5779374847782,0.291217257318952,0.27172030643026,0.239243232033873,47.164297543201,43.7990357901323,45.4816666666667,1.0056565555755,60.5324779471702,44.3964,44.6855188092171,1.0735411590941,1.26544894493537
"6356911","2007-08-08",22.3717486478875,0.56935817805383,0.368548619302664,0.301372896997046,48.5325644694446,43.069102197222,45.8008333333333,1.38695283171819,74.3148393951859,44.706,45.2954496346548,1.79334571158793,1.37102829826588
"6356910","2007-08-09",25.2120196814053,0.652336448598131,0.504303961323636,0.38152429568552,49.9550224237513,42.3489775762487,46.152,1.26623266321044,77.7459316085369,45.0924,46.0213896833675,2.58217309422879,1.61325725745846
"6356909","2007-08-10",25.3793769355114,0.358878504672897,0.526857710441618,0.46657009702264,50.3123379722754,42.3603286943913,46.3363333333333,0.83496775136754,59.5657141488618,45.3524,46.2318710589185,2.61851466400564,1.8143087387679
"6356908","2007-08-13",25.0729226780505,0.290654205607477,0.433956386292834,0.488372686019363,50.4200450894723,42.4389549105277,46.4295,0.630370660733168,56.2712423041169,45.5228,46.3169549177294,2.49033476444784,1.94951394390389
"6356907","2007-08-14",24.4051051917725,0.232710280373832,0.294080996884734,0.418298364539729,50.4606332886342,42.4813667113659,46.471,0.546662601095952,53.5616918245079,45.64,46.3080275953654,2.25475803835684,2.01056276279448
"6356906","2007-08-15",23.1942537040585,0.139252336448598,0.220872274143301,0.316303219106956,50.4554474735584,42.4722191931083,46.4638333333333,0.456930539719709,49.4276602447356,45.694,46.1669572493167,1.87235605228742,1.98292142069307
"6356905","2007-08-16",22.1891685075756,0,0.123987538940809,0.212980269989615,50.4647797692311,42.1902202307689,46.3275,0.212270686763852,41.293163516514,45.6192,45.7286962827412,1.13952121048699,1.81424137865185
"6356904","2007-08-17",21.2558751108415,0.0803108808290155,0.0731877390925366,0.139349184058882,50.4568238189389,42.0368428477278,46.2468333333333,0.2972877445722,45.1105719399859,45.5684,45.472870111709,0.711854711438265,1.59376404520913
"6356903","2007-08-20",20.127662735073,0.179620034542314,0.0866436384571086,0.0946063054968182,50.4109324554613,41.9700675445387,46.1905,0.413456736044344,49.4848016585712,45.5532,45.4044874301478,0.56994787340261,1.38900081084783
"6356902","2007-08-21",19.5074359883462,0.105354058721934,0.121761658031087,0.0938643451935775,50.3799910883783,41.8393422449551,46.1096666666667,0.333385024242531,46.5004155515183,45.4896,45.2305557727948,0.300599937709034,1.17132063622007
"6356901","2007-08-22",18.9315111521,0.130397236614853,0.138457109959699,0.115620802149298,50.3722596210826,41.7634070455841,46.0678333333333,0.352341917169713,47.6470075748313,45.4292,45.1184816697555,0.136886297858596,0.964433768547776
"6356900","2007-08-23",18.3027253327438,0.156303972366148,0.13068508923431,0.130301285741699,50.3649358030711,41.8300641969289,46.0975,0.3764871089674,48.8678524407028,45.36,45.0613507804547,0.0600096736903755,0.783548949576296
"6356899","2007-08-24",17.6974752321055,0.158894645941278,0.148531951640758,0.139224716944923,50.352301664967,41.917698335033,46.135,0.374129627068664,48.9959404271213,45.3188,45.0158373430608,0.00436136040682378,0.627711431742402
"6356898","2007-08-27",17.1354572815127,0.183937823834197,0.166378814047206,0.148531951640759,50.3490536620765,41.9756130045902,46.1623333333333,0.390646306085896,50.2922243100144,45.2672,45.0150590306527,0.0121430442107329,0.504597754236068
"6356897","2007-08-28",17.6474298268142,0.0267702936096714,0.123200921128381,0.146037228938782,50.3845744279729,41.8184255720271,46.1015,0.236773972615682,42.9197881565278,45.1628,44.7717178265656,-0.305671088767168,0.342543985635421
"6356896","2007-08-29",18.386619867238,0,0.0702360391479547,0.119938591441181,50.4399437266933,41.6633896066401,46.0516666666667,0.185335881384624,40.9993758650505,45.0648,44.4888221163569,-0.649639943040137,0.144107199900309
"6356895","2007-08-30",18.7470395137222,0.139534883720931,0.0554350591101994,0.0829573397955118,50.4586973224786,41.5279693441881,45.9933333333333,0.274187874541815,45.1134582551538,45.0444,44.355645834176,-0.76235590524375,-0.0371854211285026
"6356894","2007-08-31",19.0817148997434,0.237918215613383,0.125817699778103,0.0838295993454194,50.4636365278565,41.4120301388102,45.9378333333333,0.306535261101737,47.190689976318,45.0492,44.2988930562858,-0.763083167661316,-0.182364970435065
"6356893","2007-09-04",19.7171689195483,0.134357005758158,0.170603368364156,0.11728537575082,50.4712363058781,41.2494303607886,45.8603333333333,0.284170980696773,44.7846214813391,45.0072,44.1723739821144,-0.859890603804747,-0.317870097109002
"6356892","2007-09-05",20.3072333665101,0.236220472440944,0.202831897937494,0.166417655359918,50.339238619752,41.0584280469147,45.6988333333334,0.31192375533354,45.8106334317563,44.9676,44.0893907844992,-0.890194360200369,-0.432334949727275
"6356891","2007-09-06",21.2962324396834,0.0288713910761153,0.133149623091738,0.168861629797796,49.4887431371806,41.1659235294862,45.3273333333334,0.246400046359843,42.4547960793457,44.9276,43.9121386798993,-1.04761204881948,-0.555390369545716
"6356890","2007-09-07",22.5561574701314,0,0.0883639545056852,0.141448491844973,47.892399156192,41.8036008438081,44.848,0.0968553168078857,39.79243177453,44.8228,43.6691868559127,-1.28252730806164,-0.700817757248901
"6356889","2007-09-10",23.2622902077326,0.0848806366047728,0.0379173425602947,0.0864769733859062,47.0478269154147,42.022839751252,44.5353333333334,0.144045525245689,41.6737599623036,44.7292,43.5012952751243,-1.39504688367785,-0.839663582534692
"6356888","2007-09-11",23.7949062168313,0.224932249322493,0.103270961975754,0.0765174196805782,46.5088865785339,42.1271134214661,44.318,0.227355428078315,44.6426469942272,44.6608,43.4237892384411,-1.37437302674385,-0.946605471376523
"6356887","2007-09-12",24.6732313101342,0.0460704607046056,0.118627782210622,0.0866053622488906,46.0904808509417,42.120185815725,44.1053333333333,0.118332310346646,41.6854984948646,44.5252,43.2686173399823,-1.46455043891934,-1.05019446488509
"6356886","2007-09-13",25.0991850319539,0.0650406504065027,0.112014453477866,0.111304399221414,45.7763502143334,42.096983119,43.9366666666667,0.176574810513114,42.1233885487172,44.248,43.143468361318,-1.50645924591017,-1.1414474210901
"6356885","2007-09-14",25.2684297067923,0.115702479338842,0.075604530149982,0.10208225527949,45.7770644138732,41.9946022527935,43.8858333333333,0.247298639714483,43.3023848789904,43.9188,43.0590059131423,-1.48935821937471,-1.21102958074703
"6356884","2007-09-17",25.3143288365439,0.214983713355048,0.13190894770013,0.106509310442659,45.7091153433132,41.9205513233535,43.8148333333333,0.316597177803337,44.9136852112143,43.7248,43.0178051247233,-1.41473745915617,-1.25177115642885
"6356883","2007-09-18",24.4895743545579,0.125874125874126,0.152186772856004,0.119900083568705,45.4547459455241,41.9452540544759,43.7,0.347081377211451,43.2587523079638,43.548,42.9420977747602,-1.39603072739557,-1.2806230706222
"6356882","2007-09-19",22.7779261609289,0.672364672364673,0.337740837197948,0.207278852584694,45.4796495830159,41.9350170836508,43.7073333333334,0.817663396755984,55.12902358627,43.476,43.1431514047922,-0.994474365390241,-1.22339332957581
"6356881","2007-09-20",21.3188973080324,0.609686609686608,0.469308469308467,0.319745359787473,45.4425265583223,41.9491401083444,43.6958333333333,0.749280560797629,53.7958463907768,43.4352,43.2880645508199,-0.709875205062493,-1.12068970467314
"6356880","2007-09-21",20.0318444747454,0.589743589743588,0.623931623931622,0.476993643479346,45.343254921579,41.9920784117544,43.6676666666667,0.742402431191498,53.3537342516372,43.4864,43.4043226107106,-0.492076131579633,-0.994966990054442
"6356879","2007-09-24",19.0094425000459,0.686648501362398,0.628692900264197,0.573977664501429,45.3261439346817,42.0011893986517,43.6636666666667,0.8999052174272,55.864853977763,43.5184,43.5650795959492,-0.233681881929326,-0.842709968429419
"6356878","2007-09-25",18.2335572896448,0.646753246753246,0.641048445953076,0.631224323382965,45.2770058839521,42.0289941160479,43.653,0.924977934801008,55.6497703572645,43.5032,43.7004023164893,-0.0346501977049885,-0.681098014284533
"6356877","2007-09-26",18.2091296236822,0.738095238095238,0.690498995403626,0.653413447206966,45.6533040182189,41.8583626484478,43.7558333333333,1.06588489537838,60.6528069821061,43.5592,43.9403486742907,0.288288525871949,-0.487220706253236
"6356876","2007-09-27",18.4916660581867,0.755186721991701,0.713345068946727,0.68163083676781,46.0864990254527,41.7255009745474,43.906,1.04742820461424,62.6268402775656,43.6196,44.2016355177186,0.608579399232045,-0.26806068515618
"6356875","2007-09-28",19.0865640359373,0.872137404580152,0.788473121555696,0.730772395302016,46.6366646993503,41.4830019673164,44.0598333333333,1.08084903022332,66.7976227361666,43.7052,44.5520841153561,1.01704979252508,-0.0110385896199276
"6356874","2007-10-01",20.1391881791266,0.849915682967959,0.825746603179936,0.775854931227453,47.234064272608,41.2266023940587,44.2303333333333,1.06035866750207,68.6987822117107,43.8084,44.9184728999753,1.40526831645329,0.272222791594716
"6356873","2007-10-02",21.3956451332085,0.880573248407643,0.86754211198525,0.827253945573628,47.8813765465283,41.0032901201384,44.4423333333333,1.03323939818414,70.8411526784672,43.9224,45.3106765133119,1.7878322888131,0.575344691038392
"6356872","2007-10-03",22.582460044087,0.877221324717286,0.869236752030961,0.854175155732049,48.4367218500146,40.8659448166521,44.6513333333333,0.959926370127624,70.9177103271457,44.11,45.6532529782037,2.06612160573372,0.873500073977457
"6356871","2007-10-04",23.1834795265087,0.823909531502423,0.860568034875782,0.865782299630665,48.8521824836616,40.9141508496718,44.8831666666667,0.874169164802612,67.7566082498407,44.306,45.9061525811099,2.19992727497518,1.138785514177
"6356870","2007-10-05",24.7905015608431,0.698952879581151,0.800027911933618,0.843277566280121,49.2940502651021,41.0886164015646,45.1913333333333,0.910134721612692,68.8442938986507,44.478,46.1573322369619,2.31893364103546,1.37481513954869
"6356869","2007-10-08",26.2827363070108,0.790893760539629,0.771252057207733,0.810616001339045,49.8097528188429,41.2192471811571,45.5145,0.930184223823586,73.1520671766539,44.6748,46.516354605367,2.56498567838674,1.6128492473163
"6356868","2007-10-09",28.7119965868162,0.851219512195122,0.780355384105299,0.783878451082217,50.8217226084941,41.0496107248393,45.9356666666667,1.07418499366398,79.6865728676887,44.9864,47.1328406579847,3.11149713866585,1.91257882558621
"6356867","2007-10-10",30.7272256202067,0.829268292682927,0.823793855139225,0.791800432150752,51.5551675006704,41.1968324993296,46.376,0.984698232487831,78.0779581366083,45.2828,47.6431285702534,3.4633351725716,2.22273009498329
"6356866","2007-10-11",30.5305942062416,0.588688946015424,0.756392250297823,0.786847163180782,51.8284412600635,41.6272254066032,46.7278333333333,0.79952311997825,64.1352175309802,45.5388,47.8453780942196,3.39409601896623,2.45700327977988
"6356865","2007-10-12",30.3480078932741,0.588688946015424,0.668882061571257,0.749689389002768,51.9854246546799,42.1312420119867,47.0583333333333,0.751838915174442,64.1352175309802,45.8216,48.0206610149903,3.29965716696154,2.62553405721621
"6356864","2007-10-15",30.1784634598042,0.537900874635568,0.571759588888804,0.665677966919294,52.0681312154338,42.6898687845662,47.379,0.729715616215064,64.2585875206391,46.0928,48.1765728796583,3.19181980021854,2.73879120581668
"6356863","2007-10-16",29.502266475482,0.436532507739938,0.521040776130308,0.587227475530123,51.9868610595281,43.3558056071386,47.6713333333333,0.655098837454006,60.7337990286673,46.3248,48.2490298290372,2.99261715241186,2.78955639513571
"6356862","2007-10-17",28.2696806858806,0.236889692585895,0.403774358320465,0.498858241113193,51.9992911825808,43.7327088174192,47.866,0.604113964955316,56.6072344694958,46.56,48.2344925184989,2.70663093354657,2.77297130281789
"6356861","2007-10-18",27.0939379168483,0.1600790513834,0.277833750569743,0.400882961673506,51.9273268787406,44.2153397879261,48.0713333333333,0.578060296640931,56.3937985599644,46.7912,48.2178935160324,2.44689486066594,2.7077560143875
"6356860","2007-10-19",25.328033018864,0,0.13232291465643,0.271310341182213,51.7485468794158,44.7761197872509,48.2623333333333,0.505402231700495,51.769196779734,46.9888,48.1155077138947,2.10647721526975,2.58750025456395
"6356859","2007-10-22",23.6210412468559,0,0.0533596837944647,0.154505449673546,51.5620909573534,45.2452423759799,48.4036666666667,0.407601605587362,49.8996378197923,47.1656,47.9894400187088,1.76936078684191,2.42387236101954
"6356858","2007-10-23",21.9541330241891,0.142581888246627,0.0475272960822073,0.0777366315110342,51.3249544424553,45.8130455575447,48.569,0.458453594792375,54.5692032422752,47.384,47.9788480162143,1.60814209489544,2.26072630779472
"6356857","2007-10-24",21.0290023890368,0.0211946050096338,0.0545921644187519,0.0518263814318081,51.1642069261402,46.1687930738598,48.6665,0.337217357617838,50.273190508378,47.4972,47.885668280719,1.35871149494518,2.08032334522481
"6356856","2007-10-25",19.5686593948848,0.121387283236993,0.0950545921644163,0.065724684221792,51.0259386679515,46.5163946653819,48.7711666666667,0.414736390246794,53.525418003373,47.64,47.8742458432898,1.23451195240509,1.91116106666087
"6356855","2007-10-26",18.2126266146007,0.159922928709056,0.100834938985226,0.0834938985227982,50.9617206831797,46.7242793168203,48.843,0.416695012513345,54.7511875920496,47.7936,47.8910130641845,1.15647873716602,1.7602246007619
"6356854","2007-10-29",17.1674122093895,0.190196078431372,0.157168763459139,0.117686098202927,50.9394966003018,46.8541700663649,48.8968333333333,0.44529201077481,55.6333184606813,47.9348,47.9242113222933,1.10543328116317,1.62926633684215
"6356853","2007-10-30",16.1968559759791,0.380829015544041,0.243649340894821,0.167217681113062,50.9505643210027,46.9294356789973,48.94,0.508289546617619,58.7279472165479,48.0972000000001,48.0196498126542,1.13586841634503,1.53058675274273
"6356852","2007-10-31",16.6683871891492,0.459948320413437,0.343657804796282,0.248158636383414,51.0129649529635,47.0183683803698,49.0156666666667,0.65796338592217,60.5645481657798,48.2352,48.1436965043003,1.19776933823663,1.46402326984151
"6356851","2007-11-01",16.7824355749035,0.395348837209303,0.412042057722259,0.333116401137787,51.0152356714562,47.1607643285438,49.088,0.555001057509438,58.3109731371973,48.3472000000001,48.2178703037269,1.19073817405659,1.40936625068453
"6356850","2007-11-02",17.0770032127971,0.366925064599484,0.407407407407406,0.387702423308649,51.0383757254305,47.2116242745695,49.125,0.544859633261011,57.3006725180927,48.4176,48.2674875965633,1.15324919094617,1.35814283873686
"6356849","2007-11-05",17.3505303051268,0.447028423772609,0.403100775193797,0.407516746774487,51.0539979360378,47.2183353972955,49.1361666666667,0.577474664067841,59.4338071787826,48.4816,48.3518225836882,1.16174438480492,1.31886314795047
"6356848","2007-11-06",19.5659816645488,0.548335974643424,0.454096487671837,0.421534890091013,51.0640804329778,47.2115862336888,49.1378333333333,1.13391832416448,68.8009592624273,48.5924000000001,48.6555795725298,1.43892706272426,1.34287593090523
"6356847","2007-11-07",18.2078293106238,0,0.331788132805342,0.396328465223659,50.6358901772929,47.3324431560404,48.9841666666667,0.299956430636878,44.5377087611301,48.5508000000001,48.4135022961925,1.01646031887241,1.27759280849866
"6356846","2007-11-08",17.0536541154378,0,0.182778658214473,0.322887759563884,50.6471788519411,47.0544878147256,48.8508333333333,0.0173070412392868,43.279985574967,48.5108000000001,48.1650353233668,0.624904473619114,1.14705514152275
"6356845","2007-11-09",16.6996991999888,0,-1.92438657601694e-15,0.171522263673271,50.8122958362567,46.54237083041,48.6773333333333,-0.110627430168712,38.4781722001561,48.4136000000001,47.7910306135846,0.111370426150303,0.939918198448264
"6356844","2007-11-12",16.5022982379034,0,-1.92438657601694e-15,0.0609262194048231,50.9528997067106,46.0127669599561,48.4828333333333,-0.0747821254126212,37.6096459037428,48.2648000000001,47.4362265317733,-0.333950369719871,0.685144484814637
"6356843","2007-11-13",16.6973840604706,0,-1.92438657601694e-15,-1.70234197109191e-15,51.1323039320585,45.4513627346082,48.2918333333333,-0.0460069424280357,35.1225837164638,47.9976000000001,47.0393963275369,-0.795691860944492,0.388977215662811
"6356842","2007-11-14",16.8785351814257,0.0698447893569848,0.0232815964523263,0.00776053215077439,51.1981022260794,45.0732311072539,48.1356666666667,0.086549123368501,39.1943405426016,47.7628000000001,46.7794768171986,-1.0443857830748,0.10230461591529
"6356841","2007-11-15",17.2369555875178,0.0343680709534371,0.034737620103472,0.0193397388519324,51.2655419124017,44.6597914209317,47.9626666666667,0.0837969755467493,37.893433231176,47.5872,46.5115465749055,-1.28410274976514,-0.174976857220796
"6356840","2007-11-16",18.1469507843846,0,0.034737620103472,0.0309189455530904,51.4217571825263,44.105576150807,47.7636666666667,0.0293081661406847,33.9495417726034,47.37,46.1406736982514,-1.63931966311367,-0.467845418399371
"6356839","2007-11-19",19.0658545783576,0,0.0114560236511438,0.0269770879526962,51.5673027329792,43.5890306003541,47.5781666666667,0.0652985246661985,33.4449147856802,47.146,45.8005838718179,-1.9272419530691,-0.759724725333317
"6356838","2007-11-20",20.4130260089163,0,-1.9220736113823e-15,0.0153978812515382,51.6943010752523,42.9686989247478,47.3315,0.0501934117972119,30.0749581626165,46.9016,45.3751726889088,-2.30692509050071,-1.0691647983668
"6356837","2007-11-21",21.6639709087209,0.0174793008279667,0.0058264336093203,0.00576081908682094,51.7838420068856,42.4354913264477,47.1096666666667,0.104957053255622,31.5157366468622,46.688,45.0318163303877,-2.54977350367773,-1.36528653942898
"6356836","2007-11-23",22.8255626013965,0.0570377184912601,0.0248390064397403,0.0102218133496865,51.7553132069915,41.9726867930086,46.864,0.153399146284458,34.7904638568111,46.4928,44.7915741530026,-2.63793206767915,-1.61981564507902
"6356835","2007-11-26",24.2100204823955,0.00367985280588769,0.0260656240417029,0.0189103546969214,51.6792784773941,41.5193881892726,46.5993333333333,0.165088247001554,32.5308999005481,46.3008,44.5060309326023,-2.78326519411003,-1.85250555488522
"6356834","2007-11-27",25.6037069119623,0,0.0202391904323807,0.0237146069712749,51.5253876718265,41.1152789948402,46.3203333333334,0.190012842312208,31.7274197395297,46.1116,44.2305601415887,-2.90635235126135,-2.06327491416045
"6356833","2007-11-28",26.0040879018065,0.160068846815835,0.0545828998739055,0.0336292381159966,51.222443887146,40.9158894461874,46.0691666666667,0.294386506294962,38.9221002404096,45.93,44.1158187893768,-2.80362132329981,-2.21134419598832
"6356832","2007-11-29",26.375870249519,0.27920792079208,0.146425589202636,0.0737492265029743,50.7358656831239,40.8611343168762,45.7985,0.341497797902989,42.3017434836754,45.7928,44.0803762841266,-2.60471553135855,-2.29001846306237
"6356831","2007-11-30",24.6945346606305,0.557777777777779,0.332351515128562,0.177786668068368,50.2828304655139,40.9455028678195,45.6141666666667,0.499910752479804,49.2342979614396,45.6788,44.1963261129097,-2.22004998914496,-2.27602476827888
"6356830","2007-12-03",22.9668371636543,0.648535564853557,0.49517375447447,0.324650286268556,49.8165896811933,41.0920769854734,45.4543333333334,0.574006043567728,52.528906691145,45.5804,44.3754826311884,-1.7870682450012,-2.17823346362335
"6356829","2007-12-04",21.8982771462667,0.493723849372385,0.566679064001238,0.46473477786809,49.2164314008194,41.2912352658473,45.2538333333334,0.52138748330177,48.2953699152724,45.4468,44.43208494703,-1.56059313288792,-2.05470539747626
"6356828","2007-12-05",20.8489064902395,0.678057553956835,0.60677232272759,0.5562083804011,47.8351875294737,42.1951458038597,45.0151666666667,0.817639494024302,55.6327289141535,45.3496,44.669140287426,-1.1129507717717,-1.86635447233535
"6356827","2007-12-06",19.9859813196614,0.639229422066551,0.603670275131922,0.592373887286917,47.4598125164354,42.4158541502313,44.9378333333334,0.864561560550146,54.9184376744347,45.2352,44.8585882491025,-0.771878337827081,-1.6474592454337
"6356826","2007-12-07",19.7325179592492,0.812982998454406,0.710089991492595,0.640177529784036,47.7084272201602,42.2659061131731,44.9871666666667,1.07255940866561,61.9729488041122,45.1952,45.2374431492222,-0.2122530329141,-1.36041800292978
"6356825","2007-12-10",19.4971591245807,0.819165378670789,0.757125933063914,0.690295399896144,48.0891073669396,42.0838926330604,45.0865,0.994597911696656,62.1314983072747,45.1612,45.5711173959926,0.232297204454812,-1.04187496145286
"6356824","2007-12-11",18.1813268964357,0.605873261205565,0.746007212776918,0.737741045777809,48.2972670914984,42.0307329085016,45.164,0.823836633467921,53.7977542039043,45.0596,45.6763017431935,0.335276134970575,-0.766444742168173
"6356823","2007-12-12",16.9594826845868,0.64451313755796,0.689850592478103,0.730994579439645,48.5200433193945,42.0082900139389,45.2641666666667,0.796259175704705,54.975952720217,44.8988,45.8007948441011,0.455354403735164,-0.522084912987505
"6356822","2007-12-13",16.1972018499436,0.576506955177744,0.608964451313755,0.681607418856259,48.639955610231,42.0037110564357,45.3218333333334,0.716211642247682,52.4412570113451,44.872,45.8500221982209,0.467495525027783,-0.324168825384448
"6356821","2007-12-14",15.7705264106172,0.523956723338486,0.581658938691395,0.626824660827751,48.7050839150287,42.031582751638,45.3683333333334,0.616130945514993,50.5035595168976,44.8432,45.8473525717915,0.412580736025281,-0.176818913102502
"6356820","2007-12-17",16.0532325779627,0.283393501805054,0.46128572677376,0.550636372259636,48.7218875592829,42.1177791073838,45.4198333333334,0.489425774297624,45.7392725668962,44.8264,45.7263722288859,0.209963339571573,-0.099462462567687
"6356819","2007-12-18",16.7875968367873,0.0770750988142294,0.294808441319255,0.44591770226147,48.7151874211247,42.194479245542,45.4548333333333,0.401109923037505,42.3549423317378,44.7908,45.5281892650345,-0.0740093235715444,-0.0943718347684585
"6356818","2007-12-19",17.4695065056958,0.0214132762312637,0.127293958950181,0.294462709014398,48.6644729717843,42.3655270282157,45.515,0.356325168034814,43.0037506388041,44.786,45.3697640296966,-0.279092169899908,-0.131315901794748
"6356817","2007-12-20",17.4519704259966,0.0256959314775155,0.0413947688410012,0.154499056370146,48.6043597678739,42.5653068987928,45.5848333333333,0.37224817918883,43.1415869800824,44.7568,45.235128825737,-0.433757447252259,-0.19180421088625
"6356816","2007-12-21",16.5120686026696,0.35117773019272,0.132762312633831,0.100483680141671,48.583799252574,42.8515340807593,45.7176666666667,0.571932006104801,52.5361881603944,44.8012,45.3211116489721,-0.282284706899771,-0.209900310088955
"6356815","2007-12-24",15.6393026238659,0.406852248394004,0.261241970021412,0.145133017165415,48.5027747263047,43.2432252736953,45.873,0.581819429061517,53.9381601558012,44.8976,45.4302967624425,-0.114877319929318,-0.190895712057027
"6356814","2007-12-26",15.2100140516823,0.316916488222698,0.358315488936472,0.250773257197239,48.3203224810721,43.7206775189279,46.0205,0.504964151259769,51.3020008342986,44.9828,45.4689238607835,-0.0562982324734507,-0.163976216140312
"6356813","2007-12-27",15.2819262475365,0.19914346895075,0.307637401855816,0.309064953604567,48.2104903622509,44.0025096377492,46.1065,0.396268536246279,47.9940360213814,45.0852,45.4290673460123,-0.106272332935231,-0.152435439499296
"6356812","2007-12-28",15.4079024062171,0.186147186147186,0.234069047773543,0.300007312855277,48.1173618647287,44.2113048019379,46.1643333333333,0.301760875254573,47.5735878024373,45.1772,45.3851916998774,-0.156565680132703,-0.153261487625977
"6356811","2007-12-31",15.8808682842025,0.0952380952380948,0.160176250112008,0.233960899913789,48.136649974945,44.134350025055,46.1355,0.225449529747625,45.024915028611,45.2352,45.2911661398937,-0.26818538838026,-0.176246267776834
"6356810","2008-01-02",17.3483719401022,0,0.0937950937950919,0.162680130560215,48.2534676685261,43.7961989981406,46.0248333333333,0.0202966604026265,37.4605127091472,45.2576,45.0136773212412,-0.612936778746787,-0.263584369970824
"6356809","2008-01-03",18.8653330743469,0,0.0317460317460299,0.0952391252177103,48.4370557295496,43.3992776037838,45.9181666666667,-0.0216916269545213,36.2989141943963,45.278,44.7385203450757,-0.924614227610809,-0.395790341498821
"6356808","2008-01-04",21.1993957555733,0,-1.74397533451535e-15,0.0418470418470402,48.6926626668481,42.6576706664852,45.6751666666667,-0.117813577843316,29.1784344718182,45.1852,44.246717632399,-1.50272314298169,-0.617176901795395
"6356807","2008-01-07",23.5803302945412,0,-1.74397533451535e-15,0.010582010582009,48.9760997238681,41.7975669427986,45.3868333333333,-0.109711408559073,27.4969461521202,45.0512,43.7471552814124,-2.04617442821624,-0.902976407079564
"6356806","2008-01-08",25.543480739702,0,-1.74397533451535e-15,-1.52886962349423e-15,48.8618237482278,41.2081762517722,45.035,-0.0184891694020541,27.4659542270061,44.8728,43.3128679105574,-2.4582845612325,-1.21403803791015
"6356805","2008-01-09",27.7954577905013,0,-1.74397533451535e-15,-1.52886962349423e-15,48.8111699973448,40.4378300026553,44.6245,-0.070600660711678,24.230706528089,44.6268,42.7898188558165,-2.96492943678439,-1.564216317685
"6356804","2008-01-10",29.2267189792866,0,-1.74397533451535e-15,-1.52886962349423e-15,48.7334107728921,39.7962558937746,44.2648333333333,0.0227974236746717,24.1471669490083,44.4092,42.3325096750409,-3.34314502931032,-1.92000206001006
"6356803","2008-01-11",29.9610058104186,0.160982264665757,0.053660754888584,0.0178869182961937,48.4315944153335,39.4737389179998,43.9526666666667,0.164800725177982,33.8130980336653,44.1824,42.0935083850355,-3.38418163952636,-2.21283797591332
"6356802","2008-01-14",29.9007743629833,0.212824010914052,0.124602091859935,0.0594209489161725,48.1001725313964,39.2714941352703,43.6858333333333,0.243355320958619,36.6143310666643,43.9756,41.9370406003641,-3.30776537696211,-2.43182345612308
"6356801","2008-01-15",29.8448451617933,0.281036834924966,0.218281036834924,0.132181294527814,47.8063911837644,39.1249421495689,43.4656666666667,0.301223659798102,40.2006175221219,43.7244,41.8681018536489,-3.11588256198295,-2.56863527729506
"6356800","2008-01-16",29.09096613179,0.228454172366621,0.240771672735212,0.19455160047669,47.5988080288599,38.9661919711402,43.2825,0.315139081517905,38.3767175774506,43.456,41.756354939829,-3.00502435132617,-2.65591309210128
"6356799","2008-01-17",28.2252520945841,0.338880484114978,0.28279049713552,0.247281068901885,47.4330587390475,38.8626079276192,43.1478333333333,0.379683497478141,42.4839763992269,43.2656,41.7355076145185,-2.77542247215211,-2.67981496811145
"6356798","2008-01-18",26.9069250009399,0.30829420970266,0.291876288728085,0.271812819532939,47.2757781376612,38.7682218623388,43.022,0.390842136494538,41.0870118269941,43.0544,41.6814399325827,-2.61568211044989,-2.66698839657913
"6356797","2008-01-22",25.9528363965275,0.282312925170069,0.309829206329234,0.294831997397613,47.0738014354754,38.668531897858,42.8711666666667,0.372163528463765,39.4817735757414,42.8484,41.5932479415717,-2.52048328132156,-2.63768737352762
"6356796","2008-01-23",26.2267112863254,0.357229647630619,0.315945594167781,0.305883696408367,46.7401980223092,38.7954686443575,42.7678333333333,0.663064081653338,48.4392755551685,42.7072,41.6874815493621,-2.1719964465171,-2.54454918812552
"6356795","2008-01-24",26.4810236839948,0.488456865127582,0.375999812642755,0.33392487104659,46.4221135278621,38.9485531388046,42.6853333333333,0.763328306396168,54.5517413024174,42.6448,41.9131506761138,-1.66815588120437,-2.36927052674129
"6356794","2008-01-25",26.7171709104022,0.549210206561361,0.464965573106519,0.385636993305685,46.1214383138165,39.0948950195169,42.6081666666667,0.769240970146458,57.088074808954,42.6304,42.175397252632,-1.16063374589783,-2.1275431705726
"6356793","2008-01-28",26.9364504777804,0.573511543134872,0.537059538274603,0.459341641341293,45.9042230990855,39.2024435675812,42.5533333333334,0.801412481640766,58.0954584161084,42.62,42.4293442856144,-0.713609653076386,-1.84475646707335
"6356792","2008-01-29",27.647615721383,0.701093560145808,0.607938436614012,0.536654515998378,45.9475136857293,39.1784863142707,42.563,0.946199013180012,63.0056283468875,42.6508,42.7894317141991,-0.160942866446112,-1.50799374694791
"6356791","2008-01-30",28.5385502786701,0.748481166464156,0.674362089914944,0.60645335493452,46.1578189816918,39.0641810183083,42.611,0.977282134236769,64.6619256687021,42.6364,43.1535074856393,0.342538942491455,-1.13788720906003
"6356790","2008-01-31",29.8435669984254,0.664879356568365,0.704818027726108,0.662372851418355,46.6018926402474,38.8647740264193,42.7333333333334,0.965289493373661,64.5024373638609,42.6108,43.4663731542207,0.725882900824937,-0.76513318708304
"6356789","2008-02-01",31.0553682381983,0.73587570621469,0.716412076415735,0.698530731352262,47.1152415800294,38.682091753304,42.8986666666667,0.93850756549832,67.2432319671959,42.6272,43.8215234003246,1.12963613710522,-0.386179322245389
"6356788","2008-02-04",31.6757378252227,0.673352435530086,0.691369166104378,0.70419975674874,47.5231541831616,38.6915124835051,43.1073333333334,0.841121930567431,63.7912610021438,42.6492,44.0746536136147,1.3555686827285,-0.0378297212506102
"6356787","2008-02-05",31.0817670919473,0.522922636103152,0.644050259282641,0.683943833934252,47.6980493778646,38.9249506221354,43.3115,0.703101935011239,55.879690975079,42.632,44.1540331317994,1.32643068880482,0.235022360760477
"6356786","2008-02-06",30.2432616598822,0.482808022922636,0.559694364851956,0.631704596746325,47.8074170721209,39.1922495945458,43.4998333333334,0.654785151126896,53.9578837874071,42.6204,44.1854953808928,1.23787581723149,0.43559305205468
"6356785","2008-02-07",30.0131167585274,0.44269340974212,0.482808022922634,0.562184215685744,47.7582382828858,39.7494283837809,43.7538333333334,0.646442898271864,52.0307982596462,42.6564,44.1754293301071,1.10392986378265,0.569260414400274
"6356784","2008-02-08",28.9375458958116,0.319484240687679,0.41499522445081,0.485832537408467,47.5735198796301,40.34248012037,43.958,0.51733268485667,46.5336403371583,42.6684,44.0520387527595,0.831161201214736,0.621640571763166
"6356783","2008-02-11",27.9388015232897,0.185964912280702,0.316047520903499,0.404616922758981,47.4475700391468,40.7607632941866,44.1041666666667,0.465479287477937,47.3005822266016,42.7608,43.9597669190582,0.627635554320927,0.622839568274718
"6356782","2008-02-12",27.0197736211714,0,0.168483050989459,0.299841932114589,47.4718607272723,40.7154726060611,44.0936666666667,0.0731940476282578,34.0880714330811,42.7648,43.5117979965171,-0.0429497759104613,0.489681699437682
"6356781","2008-02-13",26.5864815971421,0,0.0619883040935657,0.182172958662175,47.6154882104172,40.4505117895829,44.033,0.0106287686952229,31.5757724976899,42.74,43.0262249303148,-0.708706117082969,0.250004136133552
"6356780","2008-02-14",26.2071177826454,0,-1.68383825401482e-15,0.0768237850276745,47.7954770109266,40.1155229890735,43.9555,0.00275309950203224,31.4390436905662,42.7576,42.6000616062729,-1.23663367001376,-0.0473234250959112
"6356779","2008-02-15",25.1486991403825,0.0342717258261935,0.0114239086087295,0.0244707375674315,47.9174999140149,39.8411667526518,43.8793333333334,0.0931321882905801,33.6063259012284,42.7876,42.2680533921031,-1.58882430449714,-0.355623600976157
"6356778","2008-02-19",23.5530389789993,0.0428396572827419,0.0257037943696435,0.0123759009927908,47.9948766430241,39.6441233569759,43.8195,0.149991655457405,34.1666115525281,42.7732,41.9896462731561,-1.83702645267124,-0.651904171315174
"6356777","2008-02-20",22.0713545434291,0.0746634026927784,0.0505915952672362,0.0292397660818701,48.0553368465088,39.492329820158,43.7738333333334,0.162443345999234,36.3162787153416,42.754,41.7830267700686,-1.96354993038015,-0.914233323128169
"6356776","2008-02-21",20.5863959062721,0.0844155844155842,0.0673062147970331,0.0478672014779713,48.0690448869317,39.1676217797351,43.6183333333334,0.20060967017224,36.6589530496816,42.7164,41.6092898673928,-2.03430240975282,-1.1382471404531
"6356775","2008-02-22",19.8179291231088,0,0.0530263290361192,0.0569747130334632,48.0495932027463,38.7510734639205,43.4003333333334,0.165860794269565,32.9800383492375,42.6636,41.3560512184071,-2.21656828163472,-1.35391136868942
"6356774","2008-02-25",19.1043528244571,0.0627737226277372,0.0490631023477721,0.0564652153936418,47.9818226725142,38.4245106608192,43.2031666666667,0.223091597641514,36.7946962566778,42.6052,41.1939110559528,-2.25313897709478,-1.5337568903705
"6356773","2008-02-26",18.0714007885566,0.0963503649635031,0.0530413625304117,0.0517102646381013,47.8578743644055,38.1747923022612,43.0163333333334,0.274899494533046,38.8011929238634,42.5668,41.0840562484924,-2.21255108130189,-1.66951572855678
"6356772","2008-02-27",16.8555553281406,0.175182481751824,0.111435523114353,0.0711799959975127,47.5480660824076,38.0602672509258,42.8041666666667,0.345678993339488,43.3484288361084,42.5624,41.0608487486934,-2.05096881295312,-1.74580634543605
"6356771","2008-02-28",16.4420856846164,0.0331125827814563,0.101548476498926,0.088675120714564,47.1377797527706,37.9175535805628,42.5276666666667,0.27646969157737,37.7539700368785,42.4668,40.9074022488676,-2.09607254730939,-1.81585958581071
"6356770","2008-02-29",16.5639767137875,0,0.0694316881777584,0.0941385625970129,46.6091402558078,37.7901930775255,42.1996666666667,0.224872676490399,34.5378008569426,42.3012,40.6850819490186,-2.24013704659938,-1.90071507796845
"6356769","2008-03-03",16.4871155510961,0.0815047021943568,0.0382057616586026,0.0697286421117627,45.8831835284969,37.8571498048365,41.8701666666667,0.267818070025483,36.7881904493078,42.126,40.5270710224828,-2.27837250553306,-1.97624656348137
"6356768","2008-03-04",16.1469433994677,0.210355987055016,0.0972868964164559,0.068308115417606,45.1343191968193,38.029014136514,41.5816666666667,0.326655343266322,40.113789551544,41.9584,40.4421282194851,-2.20650488958084,-2.02229822870126
"6356767","2008-03-05",15.1037837333738,0.614886731391586,0.302249140213651,0.145913932762904,44.5687619465638,38.2355713867696,41.4021666666667,0.515974044316445,49.3174433697576,41.7988,40.5351777902204,-1.87868272197357,-1.99357512735572
"6356766","2008-03-06",14.7748909709925,0.288025889967638,0.371089536138078,0.256875190922729,43.9524018642108,38.4385981357892,41.1955,0.41013463220573,43.5001585611699,41.5832,40.4811540848577,-1.79927643540813,-1.9547153889662
"6356765","2008-03-07",15.1030739198637,0.00647249190938383,0.303128371089534,0.325489015813755,43.1569911285892,38.7326755380775,40.9448333333334,0.266856595354055,39.2097699703736,41.3336,40.31833354021,-1.88884644812403,-1.94154160079777
"6356764","2008-03-10",16.0926083501391,0,0.0981661272923389,0.257461344839984,42.5731757890195,38.7851575443139,40.6791666666667,-0.0040014443792855,34.5674860216361,41.0148,40.0305557348487,-2.15789722537727,-1.98481272571367
"6356763","2008-03-11",16.0252880580488,0.0638820638820651,0.023451518597148,0.141582005659674,41.7629085617782,39.1367581048885,40.4498333333334,0.0570830058060469,36.4817476457635,40.7228,39.8158149702022,-2.29544882863838,-2.04693994629861
"6356762","2008-03-12",15.2328467751243,0.621621621621622,0.228501228501227,0.116706291463572,41.7439927680011,39.1436738986656,40.4438333333334,0.748495165068648,50.184538694797,40.5636,39.9323729741752,-1.9234133230857,-2.02223462165603
"6356761","2008-03-13",15.2409609421213,0.346437346437347,0.343980343980343,0.198644363692906,41.7330513992582,39.1302819340752,40.4316666666667,0.443009423109654,45.0236121440056,40.3708000000001,39.8840565776185,-1.83382468685258,-1.98455263469534
"6356760","2008-03-14",15.3915329102292,0.289926289926292,0.419328419328419,0.33060333060333,41.7334463660128,39.1185536339872,40.426,0.346010254365283,44.0224003480447,40.18,39.8115157006027,-1.7890437963647,-1.94545086702921
"6356759","2008-03-17",15.8116333829053,0.17936117936118,0.271908271908271,0.345072345072345,41.7575353759733,38.9621312906934,40.3598333333333,0.110133884016203,42.0520556276771,40.0056000000001,39.6886469405224,-1.82439459970694,-1.92123961356476
"6356758","2008-03-18",14.6971923711817,0.292383292383294,0.253890253890253,0.315042315042315,41.7018125074064,38.947520825927,40.3246666666667,0.452316839129104,44.7731808450756,39.8452,39.6434940151194,-1.73942272271873,-1.88487623539555
"6356757","2008-03-19",14.0094995097799,0.68384074941452,0.385195073719663,0.303664533172729,41.8131912267587,38.9008087732414,40.357,0.902763036353054,53.5982447063265,39.8644,39.8350281464368,-1.30561593998662,-1.76902417631376
"6356756","2008-03-20",14.3926613228273,0.474123539232054,0.483449193676621,0.374178173762179,42.0275663627111,38.7961003039556,40.4118333333333,1.00694224753749,53.1750847298772,39.9096,39.9903577269119,-0.967543759952116,-1.60872809304143
"6356755","2008-03-24",15.540412537816,0.72265625,0.626873512882189,0.498505926759491,42.9952596391858,38.2410736941475,40.6181666666667,1.29968124454641,63.6457297404752,40.0648,40.4863100299903,-0.15638984152434,-1.31826044273802
"6356754","2008-03-25",16.7905868336636,0.827586206896552,0.6747886653762,0.595037123978337,44.0028401118045,37.7124932215289,40.8576666666667,1.21363313952361,67.0694385845961,40.2556,41.0721353593249,0.700649734628422,-0.914478407264728
"6356753","2008-03-26",17.1165550612114,0.69704433497537,0.749095597290639,0.68358592518301,44.5744956856519,37.5115043143481,41.043,0.995587938497963,61.4253512085892,40.4012,41.438517311415,1.15056149403161,-0.501470427005461
"6356752","2008-03-27",17.4192398439343,0.703201970443349,0.742610837438422,0.722165033368421,45.0319693160496,37.3660306839504,41.199,0.925388221390837,61.5895489906414,40.5384,41.7627150032263,1.49515425004982,-0.102145491594404
"6356751","2008-03-28",17.6919799823637,0.701970443349754,0.700738916256156,0.730815116995072,45.4623836938398,37.3326163061602,41.3975,0.87383193414272,61.5331347138559,40.6736,42.0423530027961,1.74271636928069,0.266826880580616
"6356750","2008-03-31",17.9006889267729,0.685750636132316,0.696974349975138,0.713441367889905,45.8054146860982,37.4429186472352,41.6241666666667,0.820777431467064,61.2311332928289,40.8376,42.27803926909,1.90472355758353,0.594406215981199
"6356749","2008-04-01",19.2500838735605,0.681192660550459,0.689637913344174,0.695783726525156,46.388770641336,37.4345626919973,41.9116666666667,0.929407047698056,65.0044842102903,41.0252,42.618300699878,2.1983782787915,0.91520062854326
"6356748","2008-04-02",20.5665315019989,0.7880496054115,0.718330967364756,0.701647743561356,47.0569020920325,37.3820979079675,42.2195,0.94312697033475,68.4127235296503,41.2456,43.0531939398942,2.59331718854348,1.2508239405433
"6356747","2008-04-03",21.8898873159243,0.881318681318681,0.783520315760211,0.730496398823048,47.8056485119392,37.2100181547275,42.5078333333333,0.949446281733051,71.359399687756,41.4856,43.5674347479084,3.05460282522654,1.61157971747995
"6356746","2008-04-04",23.2702959264304,0.853813559322034,0.841060615350737,0.780970632825235,48.4797506351306,37.206916031536,42.8433333333333,0.90510366977357,71.4707057212076,41.7672,44.0184434481872,3.37951063369977,1.96516590072391
"6356745","2008-04-07",24.3556359837686,0.826280623608018,0.853804288082909,0.826128406397953,48.9943126470699,37.4286873529301,43.2115,0.851486976560314,70.1495360665546,42.0684,44.3853176550956,3.55638198244541,2.28340911706821
"6356744","2008-04-08",24.5490607131157,0.682128240109141,0.787407474346396,0.827424125926681,49.2048385328226,38.0124948005107,43.6086666666667,0.777392004831265,64.6444435208231,42.3284,44.6006086344162,3.51280270773719,2.52928783520201
"6356743","2008-04-09",23.9281266698225,0.567530695770805,0.691979853162653,0.777730538530653,49.270247953557,38.6250853797763,43.9476666666667,0.699057551757747,59.1875735951711,42.5392,44.6751941498274,3.2876721042927,2.68096468902015
"6356742","2008-04-10",23.3235657033669,0.307359307359308,0.519006081079749,0.666131136196266,49.3717003124412,38.9732996875588,44.1725,0.635998478774003,58.996032547292,42.6988,44.7358349298504,3.06821210924018,2.75841417306415
"6356741","2008-04-11",22.7621876630866,0.307522123893806,0.394137375674638,0.53504110330568,49.3436776102728,39.5256557230606,44.4346666666667,0.611224033980032,59.326783655575,42.9016,44.7977236058703,2.87352748378507,2.78143683520834
"6356740","2008-04-14",22.0103790606667,0.258849557522123,0.291243662925077,0.401462373226488,49.1737977349681,40.2158689316986,44.6948333333333,0.559370122827858,57.7501249950434,43.1304,44.8220271250876,2.64899961963401,2.75494939209347
"6356739","2008-04-15",21.5515203165913,0.263274336283186,0.27654867256637,0.320643237055362,48.7250560309131,41.2712773024202,44.9981666666667,0.545413207492467,57.8597667075923,43.404,44.8457568417426,2.44642675815347,2.69324486530547
"6356738","2008-04-16",22.3401071469142,0.486725663716814,0.336283185840706,0.301358507110718,48.3808310428338,42.2565022904996,45.3186666666667,0.70976448499389,63.0715623408262,43.7076,45.0009892628436,2.43872240658467,2.64234037356131
"6356737","2008-04-17",23.1015308693772,0.48008849557522,0.410029498525071,0.340953785644049,48.136804197911,43.0075291354224,45.5721666666667,0.70038569209323,62.823023744032,43.9192,45.1315240277978,2.39852550138573,2.59357739912619
"6356736","2008-04-18",24.3014164033941,0.727506426735218,0.564773528675749,0.437028737680509,48.0912519620894,43.6494147045773,45.8703333333334,0.982458018104046,69.9615755165659,44.2428,45.4686541574247,2.63363676400523,2.601589272102
"6356735","2008-04-21",24.2379662292734,0.433155080213905,0.546916667508113,0.507239898236311,48.2143517879369,43.8146482120632,46.0145,0.792936401534138,61.8870485756127,44.5332,45.6195002697681,2.59929995838704,2.60113140935901
"6356734","2008-04-22",23.3387957327236,0.197860962566845,0.452840823171987,0.521510339785283,48.229612876443,43.8727204568903,46.0511666666667,0.506617866717092,56.0984931869539,44.8064,45.632900233799,2.38847939870741,2.55860100722869
"6356733","2008-04-23",22.7240903740524,0.264705882352942,0.298573975044562,0.432777155241554,48.2093818739098,44.0736181260903,46.1415,0.550413904834363,57.3198385701778,45.0712,45.6778468692925,2.23969025219131,2.49481885622121
"6356732","2008-04-24",21.3309373906266,0.018716577540107,0.160427807486629,0.303947535234393,48.1361256298396,44.2798743701604,46.208,0.39160457349587,51.6277131716954,45.23,45.5941339533868,1.93692297216859,2.38323967941069
"6356731","2008-04-25",20.0372953345884,0.211229946524066,0.16488413547237,0.207961972667854,48.0457142135917,44.547952453075,46.2968333333334,0.476127590808905,55.3635547711233,45.4208,45.6175827596019,1.80364990255619,2.26732172403979
"6356730","2008-04-28",19.208368779969,0.513368983957219,0.247771836007129,0.191027926322043,47.9611102198886,44.9135564467781,46.4373333333334,0.722911024352473,60.5173667913173,45.5484,45.7885717249883,1.87561234516165,2.18897984826416
"6356729","2008-04-29",18.1781799960866,0.441176470588237,0.388591800356505,0.267082590612002,48.0003050013949,44.9913616652718,46.4958333333334,0.643184262781237,58.7712475933127,45.6184,45.9007621616566,1.8626065484767,2.12370518830667
"6356728","2008-04-30",17.0355611437366,0.390374331550802,0.448306595365418,0.361556743909684,48.0263405585374,45.0006594414627,46.5135,0.614519668991086,57.5136567523891,45.7232,45.9726605401024,1.79768494411756,2.05850113946885
"6356727","2008-05-01",16.7607009406436,0.326203208556151,0.385918003565061,0.407605466428995,47.990246810282,45.0097531897181,46.5,0.667757446803516,55.8868847779374,45.8164,46.0029724680887,1.68448380183472,1.98369767194202
"6356726","2008-05-02",17.4411778544201,0.644308943089431,0.453628827732126,0.429284475554202,48.3143565056176,44.8199768277158,46.5671666666667,1.12562367807133,64.7104075583358,45.9888,46.2919094723436,1.91655974605689,1.970270086765
"6356725","2008-05-05",17.7932689952262,0.587268993839835,0.51926038182847,0.452935737708553,48.5142433799136,44.7284232867531,46.6213333333334,0.959257604397981,62.9215910909739,46.1528,46.5076548760311,2.02927241866853,1.9820705531457
"6356724","2008-05-06",17.6025699818836,0.486652977412732,0.572743638113997,0.515210949224865,48.6848463058428,44.6934870274906,46.6891666666667,0.845955659973395,59.5789342437283,46.2564000000001,46.6293008925603,2.00916556824775,1.98748955616611
"6356723","2008-05-07",16.894840870245,0.37782340862423,0.483915126625597,0.525306382189355,48.7895708417199,44.7507624916135,46.7701666666667,0.726923369606242,56.1069839770772,46.2968000000001,46.6640607735522,1.8794802846273,1.96588770185835
"6356722","2008-05-08",16.3648426290755,0.418891170431212,0.42778918548939,0.494815983409662,48.8812432795586,44.8874233871081,46.8843333333334,0.746797976175599,57.1224137751116,46.3040000000001,46.7208526704119,1.79048218511251,1.93080659850918
"6356721","2008-05-09",15.7276753365632,0.147843942505135,0.314852840520191,0.408852384211726,48.8426073339205,44.9980593327462,46.9203333333334,0.324773506154446,49.0560839577983,46.2568,46.594072314357,1.47480087955929,1.8396054547192
"6356720","2008-05-12",14.7757375557313,0.328542094455852,0.298425735797398,0.347022587268993,48.7726353295161,45.2553646704839,47.014,0.524450776848554,53.7454811273412,46.2520000000001,46.6015293391094,1.3613299068699,1.74395034514934
"6356719","2008-05-13",13.838061044121,0.316221765913759,0.264202600958247,0.292493725758612,48.6815689628021,45.5187643705313,47.1001666666667,0.487300300889639,53.3846579578391,46.2756,46.5999920938948,1.24663928866044,1.64448813385156
"6356718","2008-05-14",13.2517850542227,0.332530120481927,0.325764660283844,0.296130999013163,48.7222402285931,45.571759771407,47.147,0.624742878218323,56.3314068106139,46.3552000000001,46.6733264813755,1.23833913012885,1.56325833310702
"6356717","2008-05-15",12.6260301934575,0.313253012048192,0.320668299481291,0.303545186907794,48.7459648785834,45.6290351214167,47.1875,0.571384348488566,55.7888461880304,46.4328,46.7262162838588,1.20381509390739,1.4913696852671
"6356716","2008-05-16",11.8225997100786,0.2144578313253,0.286746987951804,0.311059982572313,48.656897793554,45.6334355397794,47.1451666666667,0.507111052890813,52.9728653731356,46.4912,46.717387446011,1.09294925312673,1.41168559883902
"6356715","2008-05-19",10.9953421855146,0.243373493975903,0.257028112449796,0.288147799960964,48.6555043743504,45.632828958983,47.1441666666667,0.54604089011976,53.7093399476828,46.5632,46.7257357865428,1.01413575762155,1.33217563059553
"6356714","2008-05-20",10.51354052993,0.171084337349396,0.209638554216864,0.251137884872822,48.6210299518267,45.7423033815067,47.1816666666667,0.377839503656784,51.5363986246054,46.6224,46.6929710150038,0.889591618946017,1.24365882826563
"6356713","2008-05-21",11.1021707286541,0,0.138152610441765,0.201606425702809,48.6505615734215,45.6784384265785,47.1645,0.110435612480185,44.3817400092655,46.5968,46.5165748796699,0.591792661248935,1.11328559486229
"6356712","2008-05-22",11.7161938395864,0,0.0570281124497968,0.134939759036142,48.6822024947642,45.6251308385692,47.1536666666667,-0.0169435038040017,43.9086145966505,46.5692,46.3530315623806,0.337393350580228,0.958107146005876
"6356711","2008-05-23",13.2494790910622,0,-1.89663100040131e-15,0.0650602409638534,48.9641231971277,45.1652101362057,47.0646666666667,-0.19265426482139,37.0498911254351,46.4228,46.0392940207299,-0.089673376267918,0.748551041551117
"6356710","2008-05-27",14.4264490127184,0.00184162062615065,0.000613873542048319,0.0192139953306146,49.1365405532905,44.7314594467096,46.934,-0.0517870404328025,37.1318732279866,46.3192,45.7687214846326,-0.423801176165561,0.514080598007781
"6356709","2008-05-28",14.8847341071791,0.228360957642726,0.0767341927562903,0.0257826887661125,49.152922267385,44.5714110659484,46.8621666666667,0.200499113428678,46.381551091077,46.3,45.6982252866816,-0.467042676680496,0.317855943070126
"6356708","2008-05-29",13.8363771793578,0.372685185185185,0.200962587818019,0.092770218038786,49.1379874539337,44.521679212733,46.8298333333334,0.366451725537357,48.8208791158287,46.2856,45.686461915124,-0.430984423593284,0.168087869737444
"6356707","2008-05-30",12.862902889238,0.581018518518518,0.394021553782141,0.22390611145215,49.1268458504586,44.5131541495415,46.82,0.496387563854042,54.270629948205,46.344,45.7962669931075,-0.24066568261869,0.0863371592662171
"6356706","2008-06-02",12.4540487488611,0.45138888888889,0.468364197530862,0.354449446377008,48.8353431345544,44.5643235321123,46.6998333333334,0.418091377259581,50.6561470084428,46.3512,45.8167647273598,-0.186597827323343,0.0317501619483052
"6356705","2008-06-03",12.3778128894621,0.372685185185185,0.468364197530862,0.443583316281289,48.5944679239583,44.5831987427085,46.5888333333334,0.388106902565555,48.5422827972868,46.2996,45.7891960970452,-0.201364091410017,-0.0148726887233592
"6356704","2008-06-04",11.7000709865097,0.452214452214452,0.42542950876284,0.454052634608188,48.3998936868403,44.6257729798264,46.5128333333334,0.509847768408033,50.6929521174108,46.272,45.8093032841058,-0.153128601611008,-0.0425238713008889
"6356703","2008-06-05",11.0108995432678,0.585081585081585,0.469993740827072,0.454595815706925,48.3079401841892,44.6537264824775,46.4808333333334,0.65484407304046,54.2497728571641,46.2748,45.9027295128917,-0.0144269769255301,-0.0369044924258172
"6356702","2008-06-06",10.9585490229327,0.368298368298368,0.468531468531466,0.454651572707126,48.1137548124396,44.6865785208938,46.4001666666667,0.458128795313502,48.1471524161401,46.25,45.8596989111728,-0.0673949581496247,-0.0430025855705787
"6356701","2008-06-09",10.9099378254787,0.383495145631068,0.445625033003672,0.461383414120737,48.1094435111652,44.6535564888349,46.3815,0.35295622704586,48.1471524161401,46.1464,45.8224057230164,-0.108171584452565,-0.056036385346976
"6356700","2008-06-10",10.491704418791,0.415048543689321,0.388947352539584,0.434367951358241,48.0303934185293,44.6296065814707,46.33,0.423547104697422,49.0758451252124,46.0584,45.8074182932809,-0.116270954989961,-0.068083299275573
"6356699","2008-06-11",11.5666587087904,0,0.266181229773461,0.366917871772239,48.015337864491,44.4106621355091,46.213,0.0858157259483301,38.822898163987,45.9188,45.5570958541768,-0.432357934761995,-0.140938226372858
"6356698","2008-06-12",12.9331716593952,0,0.138349514563105,0.264492698958717,47.9752748824343,44.0950584508991,46.0351666666667,-0.0287935272521847,36.2137768005564,45.7776,45.2641497402866,-0.777239947468356,-0.268198570591957
"6356697","2008-06-13",14.2020765420997,0.0420168067226897,0.0140056022408947,0.13951211552582,47.9033169900676,43.8156830099325,45.8595,0.0198118660153439,37.7935032709664,45.6364,45.036929774915,-1.0054726875227,-0.415653393978106
"6356696","2008-06-16",15.529191701112,0,0.0140056022408947,0.0554535730149649,47.841632642272,43.5310340243948,45.6863333333334,0.039971086202267,36.7163153688532,45.5392,44.810672471593,-1.21358960335748,-0.575240635853981
"6356695","2008-06-17",16.7615129201949,0.0334728033472797,0.0251632033566546,0.0177248026128148,47.6888935049336,43.3327731617332,45.5108333333334,0.101135904633086,38.0981620060541,45.4132,44.6359161420473,-1.33574565223777,-0.727341639130739
"6356694","2008-06-18",18.7103991903094,0,0.011157601115758,0.0167754689044359,47.7393788861896,42.8542877804771,45.2968333333334,-0.062289069720994,32.1055446018546,45.2388,44.3151273231077,-1.64591849716312,-0.911057010737216
"6356693","2008-06-19",19.1401589661368,0,0.011157601115758,0.015826135196057,47.7732642968684,42.5084023697984,45.1408333333334,0.0718469547935135,31.9351630308417,45.0404,44.03177701336,-1.88069976187046,-1.10498556096387
"6356692","2008-06-20",19.5392216151195,0.050590219224284,0.0168634064080928,0.0130595362132031,47.8005230673357,42.2178102659977,45.0091666666667,0.129361792322397,34.7327514938504,44.8572,43.826206744912,-1.99114999348691,-1.28221844746847
"6356691","2008-06-23",19.9097797891747,0.0556492411467125,0.035413153456997,0.0211447203269494,47.8615828008633,42.0057505324701,44.9336666666667,0.156695540242143,35.0203740292239,44.6916,43.6520458455904,-2.05107397809218,-1.43598955359321
"6356690","2008-06-24",20.5578917967655,0,0.035413153456997,0.0292299044406957,47.9294748667659,41.7535251332342,44.8415,0.146774974842205,32.9853182377936,44.5056,43.4491063995117,-2.14758735172168,-1.57830911321891
"6356689","2008-06-25",20.2402786917789,0.184306569343065,0.0799852701632575,0.0502705256924173,47.8660699443816,41.6249300556184,44.7455,0.311652995934853,42.3315263406451,44.372,43.4078922129101,-2.01405305845922,-1.66545790226697
"6356688","2008-06-26",20.5853618281741,0.0472103004291843,0.0771722899240814,0.0641902378481121,47.7202391642359,41.4440941690975,44.5821666666667,0.23941009946919,37.8813122623787,44.2512,43.2668399178554,-2.0323327424974,-1.73883287031306
"6356687","2008-06-27",21.2003491620358,0,0.0771722899240814,0.0781099500038069,47.4695239803376,41.2468093529958,44.3581666666667,0.172999092005185,35.8275432914051,44.1176,43.0912612621414,-2.09852281099832,-1.81077085845011
"6356686","2008-06-30",21.1112406275662,0.0574712643678162,0.0348938549323316,0.0630794782601649,47.2276246199511,41.1200420467157,44.1738333333334,0.25268447345774,38.0868448918778,44.0456,42.9724264271892,-2.08126439931412,-1.86486956662291
"6356685","2008-07-01",21.8359862940473,0,0.0191570881226035,0.0437410776596723,47.0560308930005,40.838302440333,43.9471666666667,0.123576356250179,32.599047071732,43.9288,42.7214362368973,-2.25199571901944,-1.94229479710222
"6356684","2008-07-02",22.6966158160963,0,0.0191570881226035,0.0244026770591797,46.7499098074492,40.6257568592176,43.6878333333334,0.120437304611852,31.3289732349465,43.7512,42.4652447386443,-2.41715740272953,-2.03726731822768
"6356683","2008-07-03",23.4957718008562,0.00550964187327909,0.00183654729109117,0.0133835745120995,46.2208912748703,40.5757753917964,43.3983333333334,0.120615996017336,31.5271074234403,43.5596,42.2458787734918,-2.51789016003933,-2.13339188659001
"6356682","2008-07-07",23.2661541694928,0.1267217630854,0.0440771349862244,0.0216902567999732,45.7535052955319,40.5971613711348,43.1753333333334,0.232627092591013,35.9083254169821,43.3496,42.1144282703595,-2.4866417121412,-2.20404185170025
"6356681","2008-07-08",21.6587531576343,0.104683195592287,0.0789715335169868,0.0416284052647676,45.2825786292963,40.6987547040372,42.9906666666667,0.323146202846155,35.4640154159423,43.1588,41.9898378343116,-2.44995848217234,-2.25322517779467
"6356680","2008-07-09",20.4131691266621,0.615384615384615,0.282263191354099,0.13510395328577,44.7032607102558,41.0314059564109,42.8673333333334,0.70044365840704,51.2250355681493,43.0592,42.1405261230701,-2.02526923732941,-2.20763398970162
"6356679","2008-07-10",19.1999667988555,0.461538461538462,0.393868757505119,0.251701160792068,44.4137884347215,41.1515448986119,42.7826666666667,0.574795151649205,47.4907911882074,42.9232,42.1937893066607,-1.77924016233595,-2.12195522422848
"6356678","2008-07-11",19.1317930529671,0.108753315649868,0.39522546419098,0.357119137683399,44.2520589592386,41.1109410407615,42.6815,0.270304707201234,40.245637402355,42.7112,42.062617399106,-1.81797974652493,-2.06116012868777
"6356677","2008-07-14",19.1613038385524,0.074270557029178,0.214854111405834,0.334649444367311,44.109502368136,41.0128309651974,42.5611666666667,0.154090948865219,39.609553298128,42.5312,41.9316017458918,-1.85321695473688,-2.01957149389759
"6356676","2008-07-15",19.967162089654,0,0.0610079575596802,0.223695844385498,44.1084788761974,40.6881877904693,42.3983333333334,-0.070614201466788,34.2700722953212,42.3036,41.6593881797729,-2.08824740208542,-2.03330667553516
"6356675","2008-07-16",19.7070668867777,0.0427350427350433,0.0390018665880719,0.104954645184529,43.9603098343281,40.5500234990053,42.2551666666667,0.105556092831891,35.8356006990299,42.0788,41.4501364224699,-2.21304422938021,-2.06925418630417
"6356674","2008-07-17",18.4975847537657,0.403846153846154,0.148860398860397,0.0829567410027166,43.9495562621314,40.546777071202,42.2481666666667,0.547559163922446,47.2653186896971,41.9928,41.4941182328072,-1.96137015541954,-2.04767738012724
"6356673","2008-07-18",18.1985436883639,0.60431654676259,0.350299247781261,0.179387171076577,44.1478100173189,40.4581899826812,42.303,0.95542178261136,54.8064001435595,41.9884,41.7282358017663,-1.45993261157159,-1.93012842641611
"6356672","2008-07-21",16.9702986337493,0.368705035971222,0.45895591219332,0.319371852944993,44.1371366881753,40.4595299784915,42.2983333333334,0.6491005908515,48.1925298271472,41.9236,41.7564710281974,-1.30116022097869,-1.80433478532863
"6356671","2008-07-22",16.7667131032096,0.037769784172662,0.33693045563549,0.382061871870024,44.1226911154589,40.2563088845412,42.1895,0.126825997234386,40.7534388524489,41.794,41.5356082244378,-1.51431170189964,-1.74633016864283
"6356670","2008-07-23",17.4014059057071,0,0.135491606714626,0.310459324847812,44.4199183262306,39.5700816737695,41.995,-0.164970849763251,35.1349490179052,41.5872,41.1081937945127,-2.00889313054504,-1.79884276102327
"6356669","2008-07-24",18.7173370687823,0,0.0125899280575523,0.161670663469223,44.7799284377042,38.5694048956293,41.6746666666667,-0.226401454365337,30.2176251342246,41.3536,40.4791012885777,-2.76219441855819,-1.99151309253026
"6356668","2008-07-25",19.9392731487807,0.0209713024282558,0.0069904341427502,0.0516906563049764,45.0444663706636,37.7022002960031,41.3733333333334,-0.106533907658646,31.2327228945198,41.1292,39.9592211167673,-3.2975616099153,-2.25272279600727
"6356667","2008-07-28",21.6960893109537,0,0.0069904341427502,0.00885693211435102,45.4707381125474,36.5952618874527,41.033,-0.121525334915138,26.9641630052042,40.816,39.2526583011984,-4.08067915639905,-2.61831406808562
"6356666","2008-07-29",23.3274186044001,0.0222428174235405,0.0144047066172637,0.0094618583009215,45.6962022618184,35.626131071515,40.6611666666667,-0.0396684787326035,28.2835882207211,40.5112,38.6723038610386,-4.61830366394951,-3.0183119872584
"6356665","2008-07-30",24.6105516942964,0.0111214087117706,0.0111214087117686,0.0108388498239276,45.8786489512487,34.807017715418,40.3428333333334,0.0391073614501127,28.0111087690976,40.2172,38.1533300129001,-5.02711954198356,-3.42007349820343
"6356664","2008-07-31",25.7673101634626,0.0333642261353111,0.022242817423539,0.0159229775841906,45.9565886615657,34.134078005101,40.0453333333334,0.108205047591377,29.4744988625183,39.8924,37.7355526778468,-5.25211871565583,-3.78648254169391
"6356663","2008-08-01",27.2989878738518,0,0.0148285449490255,0.0160642570281112,46.0757203455512,33.3249463211156,39.7003333333334,0.0809143306574113,26.3284552280341,39.5468,37.1988123208005,-5.65922457678479,-4.16103094871209
"6356662","2008-08-04",28.7212600334989,0.00425894378194184,0.0125410566390826,0.0165374730038825,46.035823190918,32.6158434757487,39.3258333333334,0.125992976651576,26.6502657566888,39.2192,36.7403040113605,-5.91768315149942,-4.51236138926956
"6356661","2008-08-05",28.9821165647089,0.0672913117546848,0.0238500851788738,0.0170732289223274,45.7827371480426,32.1699295186241,38.9763333333334,0.221855076747668,31.4246246737947,38.9112,36.4415968098457,-5.90179272769829,-4.7902476569553
"6356660","2008-08-06",29.2819041742995,0.0562180579216351,0.0425894378194188,0.0263268598791252,45.2117688470829,31.8855644862505,38.5486666666667,0.237459626767409,31.0423570425141,38.6424,36.1653839018663,-5.85687938978804,-5.00357400352185
"6356659","2008-08-07",29.5696833410759,0.058447488584475,0.0606522860869299,0.042363936361741,44.6692951938868,31.5850381394466,38.1271666666667,0.230171916883737,30.9799190356268,38.3844,35.9233327149508,-5.76483576649081,-5.15582635611564
"6356658","2008-08-08",28.9984584076466,0.0864345738295317,0.0670333734452122,0.0567583657838538,44.2099533557037,31.343713310963,37.7768333333334,0.280549718473953,31.5728003773911,38.1288,35.7242216862907,-5.61360753226559,-5.24738259134563
"6356657","2008-08-11",28.4230258910139,0.126262626262626,0.0903815628922093,0.0726890741414506,43.757251629441,31.1464150372257,37.4518333333334,0.304784296796529,31.8093558842198,37.8568,35.5556587947853,-5.42777355447299,-5.2834607839711
"6356656","2008-08-12",27.8886956969977,0.158,0.123565733364051,0.0936602232338242,43.4195446634857,30.916122003181,37.1678333333334,0.307959249886848,32.1461791045108,37.5896,35.4149042888139,-5.21393524132749,-5.26955567544238
"6356655","2008-08-13",27.0532778673282,0.215938303341901,0.166733643201507,0.126893646485923,42.9458356527816,30.7901643472185,36.868,0.339197143659836,32.5943751971419,37.2468,35.2995837169721,-4.97769295037536,-5.21118313042898
"6356654","2008-08-14",25.3675542042125,0.338068181818182,0.237335495053359,0.175878290539639,42.0624328632101,30.9802338034567,36.5213333333334,0.405734713748234,35.7915660296262,36.9412,35.2463058880424,-4.6580412971009,-5.10055476376336
"6356653","2008-08-15",23.6131538486363,0.628048780487805,0.394018421882628,0.266029186712498,40.4878123413544,31.7741876586457,36.131,0.505240834707657,43.0257112738998,36.7236,35.3161317696368,-4.15807630005395,-4.91205907102148
"6356652","2008-08-18",22.1543918207994,0.649425287356322,0.538514083220768,0.389956000052252,38.8986550340358,32.7163449659643,35.8075,0.592063752933728,44.5717547507652,36.5192,35.4033142003519,-3.67349361204086,-4.66434597922535
"6356651","2008-08-19",21.0042006922139,0.431034482758621,0.569502850200914,0.500678451768103,37.6657624803362,33.4552375196639,35.5605,0.558464602149592,40.116854872149,36.332,35.3775389736383,-3.42272102194909,-4.4160209877701
"6356650","2008-08-20",20.0860415660835,0.379310344827587,0.486590038314175,0.531535657245286,36.8997960363821,33.890203963618,35.395,0.521597611380027,39.1195774945601,36.1296,35.3312004438199,-3.22806958487034,-4.17843070719015
"6356649","2008-08-21",19.518577833963,0.271137026239067,0.36049395127509,0.472195613263393,36.5609241609238,34.0117425057429,35.2863333333334,0.383753543914339,37.2365790523394,35.846,35.2457070513105,-3.11606688337482,-3.96595794242709
"6356648","2008-08-22",18.2240219348721,0.242957746478873,0.297801705848507,0.381628565145924,36.2523958448315,34.1762708218353,35.2143333333334,0.62796274970147,40.4160781158394,35.5176,35.2182794444691,-2.91433068590042,-3.75563249112175
"6356647","2008-08-25",17.2325634921082,0.161971830985916,0.22535553456795,0.294550397230516,36.2288440115003,34.1711559884998,35.2,0.514579469610859,39.0172845984761,35.2324,35.1638421852066,-2.77540841139188,-3.55958767517578
"6356646","2008-08-26",16.3405053557242,0.151408450704225,0.18544600938967,0.236201083268709,36.220581881053,34.1500847856138,35.1853333333334,0.378290097312803,38.8285166117356,35.0196,35.112663227179,-2.64219220749151,-3.37610858163892
"6356645","2008-08-27",15.663638208922,0.163043478260871,0.158807919983669,0.189869821313763,36.2229257012774,34.151407632056,35.1871666666667,0.543205029842491,39.872770082477,34.8816,35.0816414635552,-2.48536612934908,-3.19796009118096
"6356644","2008-08-28",16.1165855774079,0.516891891891892,0.277114606952328,0.207122845441889,36.4140971216043,34.0655695450624,35.2398333333334,1.02238404419324,50.0630592954244,34.8656,35.2027559350812,-2.08242679009862,-2.97485343096449
"6356643","2008-08-29",16.1795440426602,0.397260273972601,0.359065214708453,0.264995913881483,36.4694507691802,34.1758825641532,35.3226666666667,0.801131950274167,47.4863819469992,34.8288,35.2637218104037,-1.81760521141864,-2.74340378705532
"6356642","2008-09-02",17.0052879744735,0.484756097560976,0.466302754475155,0.367494192045312,36.6393586197023,34.2456413802978,35.4425,1.02672609470238,51.4042760355763,34.888,35.3805589023499,-1.48111536507736,-2.49094610265973
"6356641","2008-09-03",16.9015138534813,0.194267515923567,0.358761295819046,0.394709755000885,36.6657921939734,34.2722078060267,35.469,0.604863651878712,45.0675180095965,34.904,35.3698177153699,-1.3897048269415,-2.27069784751608
"6356640","2008-09-04",15.9458911156095,0,0.226341204494846,0.350468418263016,36.6753599559456,34.2379733773878,35.4566666666667,0.231953339252418,39.1843703160333,34.8868,35.2338420199872,-1.51685494081056,-2.11992926617498
"6356639","2008-09-05",15.335811482947,0,0.0647558386411872,0.21661944631836,36.7935308679576,34.0371357987091,35.4153333333334,-0.096914916765512,34.1332792122609,34.82,34.9826630839889,-1.82800838993683,-2.06154509092735
"6356638","2008-09-08",14.5904373300875,0,-1.68383825401482e-15,0.0970323477120106,36.8966385156947,33.818028150972,35.3573333333334,-0.00802141703986902,33.8047808731661,34.8028,34.7556413394571,-2.07059896129722,-2.06335586500132
"6356637","2008-09-09",13.7404391740475,0.0769230769230773,0.0256410256410241,0.03013228809407,36.9422686062194,33.682064727114,35.3121666666667,0.124103263033861,37.0661085723639,34.7976,34.6055558275295,-2.15933839450848,-2.08255237090275
"6356636","2008-09-10",12.7884208636738,0.118681318681319,0.0652014652014636,0.0302808302808288,36.9641393304598,33.6108606695403,35.2875,0.197559681369092,38.8280457123363,34.7704,34.5008150505255,-2.16183271585946,-2.0984084398941
"6356635","2008-09-11",12.3827554417064,0.156043956043956,0.117216117216116,0.0693528693528679,36.9682054885387,33.5744611781281,35.2713333333334,0.299238460233047,40.4349043473209,34.7552,34.4327063771221,-2.10060574138698,-2.09884790019267
"6356634","2008-09-12",12.0060661213081,0.281318681318682,0.185347985347984,0.122588522588521,36.9440272551447,33.5409727448554,35.2425,0.39935512376764,45.5951844449718,34.7636,34.4496788601725,-1.8969375802948,-2.0584658362131
"6356633","2008-09-15",12.7328513131931,0.27032967032967,0.235897435897434,0.179487179487178,36.8472479241469,33.5520854091865,35.1996666666667,0.536518178629117,45.2250662159229,34.7668,34.4577216788162,-1.727266471488,-1.99222596326808
"6356632","2008-09-16",13.774590164456,0.567032967032967,0.372893772893771,0.264713064713063,36.8524277997472,33.5495722002529,35.201,0.864028428465772,55.684839527238,34.8228,34.6446921216407,-1.2629854694954,-1.84637786451354
"6356631","2008-09-17",13.7661999767633,0.362637362637363,0.399999999999998,0.336263736263735,36.8373420834369,33.5516579165632,35.1945,0.646747721989789,48.7749499526748,34.84,34.6827331720886,-1.09919576456089,-1.69694144452301
"6356630","2008-09-18",14.7435030479014,0.459409594095941,0.463026641255422,0.411973471383064,37.033691418427,33.4839752482397,35.2588333333334,0.91914149244637,54.2920051073836,34.8888,34.8277020824768,-0.765742230420474,-1.51070160170251
"6356629","2008-09-19",16.7521784689793,0.267263427109974,0.363103461281091,0.408710034178837,37.3482381130351,33.3984285536316,35.3733333333334,0.982723695406358,51.4503047961957,34.9076,34.9000084714799,-0.587631454177973,-1.3260875721976
"6356628","2008-09-22",18.6173770742659,0.365728900255754,0.364133973820555,0.396754692119023,37.7200950512265,33.2545716154403,35.4873333333334,1.00893623095867,56.2026269500675,34.9224,35.0653406752826,-0.26628261577859,-1.1141265809138
"6356627","2008-09-23",19.775760097888,0.29156010230179,0.308184143222505,0.34514052610805,37.7826119319803,33.2857214013531,35.5341666666667,0.640652745645502,52.0682127116025,34.906,35.1312952519116,-0.143792935139453,-0.920059851758928
"6356626","2008-09-24",20.50264961608,0.245524296675192,0.300937766410911,0.32441862781799,37.7963295678013,33.3333370988655,35.5648333333334,0.495929487492272,49.6279161781841,34.9056,35.14045588499,-0.127873250922306,-0.761622531591604
"6356625","2008-09-25",21.4877402696516,0.305626598465473,0.28090366581415,0.296675191815855,37.8416830229074,33.366650310426,35.6041666666667,0.602606326292537,52.7419664505195,34.9312,35.2110617669913,-0.00749256909041707,-0.610796539091367
"6356624","2008-09-26",21.7838287858656,0.188755020080321,0.24663530507366,0.276158912432907,37.7570563683038,33.3519436316963,35.5545,0.481574440537655,48.4208544253221,34.9452,35.1882535313925,-0.0557489329843786,-0.499787017869969
"6356623","2008-09-29",21.5633834872508,0.0947802197802195,0.196387279442003,0.241308750109938,37.7101808113663,33.313152521967,35.5116666666667,0.419263653396114,45.0750867413925,34.924,35.0978197272068,-0.213214589181054,-0.442472532132186
"6356622","2008-09-30",20.9255170904032,0.00562587904360044,0.0963870396347118,0.179803208050125,37.5654186265202,33.2602480401465,35.4128333333334,0.340618007370377,42.2291470408539,34.8928,34.9554437635793,-0.443987803933543,-0.442775586492458
"6356621","2008-10-01",20.3332125790446,0.0183875530410177,0.0395978839549441,0.110790734343886,37.5305164227332,33.2021502439335,35.3663333333334,0.366847371611897,43.2737706519228,34.868,34.849384595102,-0.590956591827407,-0.472411787559448
"6356620","2008-10-02",19.2630201750288,0,0.00800447736153764,0.0479964669837313,37.5392935048663,33.1503731618004,35.3448333333334,0.278647156006167,39.9247158797328,34.8168,34.6827999824218,-0.828702957934424,-0.543670021634443
"6356619","2008-10-03",18.0995220209369,0,0.00612918434700416,0.0179105152211621,37.5520988533869,33.1245678132799,35.3383333333334,0.116415262151994,36.2065372551905,34.6936,34.4464266514322,-1.16670726828352,-0.668277470964258
"6356618","2008-10-06",19.0495852627318,0,-1.75669664000585e-15,0.00471122056951343,38.1036510609713,32.2706822723621,35.1871666666667,-0.257275896159892,24.3260384587399,34.4492,33.7935697645746,-2.2107797114105,-0.976777919053507
"6356617","2008-10-07",20.4465197565225,0,-1.75669664000585e-15,0.0020430614490003,38.7804726336291,31.1301940330377,34.9553333333334,-0.219625208539174,21.4996348087815,34.1356,33.0610937959646,-3.32689500127917,-1.44680133549864
"6356616","2008-10-08",21.8595891854536,0,-1.75669664000585e-15,-1.67603199837293e-15,39.3525036128443,30.0108297204891,34.6816666666667,-0.129615926914337,20.8728191579585,33.8436,32.386281289836,-4.2662204582689,-2.01068516005269
"6356615","2008-10-09",23.6974561497108,0,-1.75669664000585e-15,-1.67603199837293e-15,39.8794595480449,28.8128737852884,34.3461666666667,-0.0842964402289228,18.0733675005212,33.5304,31.6041104511912,-5.35437941368155,-2.67942401077846
"6356614","2008-10-10",26.0824422267113,0,-1.75669664000585e-15,-1.67603199837293e-15,40.5814302970506,27.1845697029495,33.883,-0.115542221657842,14.5629345607132,33.1584,30.5968957243657,-6.82789773842911,-3.50911875630859
"6356613","2008-10-13",26.4216476540322,0.3203125,0.106770833333332,0.0355902777777761,40.5376035322855,26.6180631343812,33.5778333333334,0.186687452171674,36.5822577134148,32.9532,30.270642961117,-6.87240605338907,-4.18177621572469
"6356612","2008-10-14",25.96501274784,0.45703125,0.259114583333331,0.121961805555554,40.230846264943,26.3651537350571,33.298,0.320323916171978,43.2993948036484,32.804,30.2212238996347,-6.37236968631124,-4.619894909842
"6356611","2008-10-15",26.0209064624309,0.366129032258064,0.38115759408602,0.249014336917561,40.036177357681,25.9121559756524,32.9741666666667,0.232783846428542,39.8930500005622,32.5948,30.0037273796834,-6.25710828805842,-4.94733758548529
"6356610","2008-10-16",26.5846696877652,0.239516129032258,0.354225470430106,0.331499215949819,39.6688725102178,25.4377941564489,32.5533333333334,0.203231671673366,36.2158403774835,32.316,29.6058970623923,-6.52368550854634,-5.2626071700975
"6356609","2008-10-17",26.8217494863013,0.231151615575808,0.278932258955375,0.338105107823833,39.0988355503636,25.1161644496364,32.1075,0.232228081480657,35.8083076613547,32.0072,29.2371107874066,-6.72135265739995,-5.55435626755799
"6356608","2008-10-20",26.6913979351034,0.460833333333333,0.310500359313798,0.314552696233093,38.260805427733,25.2158612389337,31.7383333333334,0.395617286899866,45.8055742180261,31.81,29.2828293490858,-6.05882947628378,-5.65525090930315
"6356607","2008-10-21",26.2093936408768,0.552653748946925,0.41487956595202,0.334770728073731,37.6916989195157,25.293967747151,31.4928333333334,0.480950815646565,49.019792663162,31.6,29.4597854358743,-5.18996977113702,-5.56219468166992
"6356606","2008-10-22",26.3647006843648,0.45158371040724,0.488356930895831,0.404578952053883,37.1537868775622,25.2572131224379,31.2055,0.381856740526268,44.670773205276,31.3644,29.4038140444244,-4.87464003003523,-5.42468375134298
"6356605","2008-10-23",26.1950782702436,0.504366812227074,0.502868090527078,0.468701529124976,36.4291892257256,25.3471441076078,30.8881666666667,0.394288465033881,43.6870800397108,31.0804,29.3059721718345,-4.67349560711805,-5.274446122498
"6356604","2008-10-24",26.5614966620148,0.373395565927655,0.443115362853988,0.478113461425632,35.761823341807,25.2835099915264,30.5226666666667,0.274836535760767,40.0426447589035,30.7556,29.0318425489232,-4.85353550432842,-5.19026399886408
"6356603","2008-10-27",27.0480256199764,0.32438739789965,0.400716592018125,0.448900015133063,35.0745300499355,25.2131366167312,30.1438333333334,0.240013077188393,39.0061759692768,30.3832,28.7382635424001,-5.06332339257153,-5.16487587760557
"6356602","2008-10-28",26.6024318735497,0.348891481913652,0.34889148191365,0.397574478928588,34.3392640690129,25.2930692643205,29.8161666666667,0.318395096634312,39.8445982178008,30.0424,28.5118284034134,-5.11959654362848,-5.15582001081015
"6356601","2008-10-29",25.063599178554,0.641773628938157,0.438350836250484,0.395986303394086,33.5301115869289,25.6748884130712,29.6025,0.616376918444405,48.888125458117,29.8164,28.6502512829583,-4.40726685389956,-5.00610937942804
"6356600","2008-10-30",23.6346831046295,0.601036269430052,0.530567126760618,0.439269814974918,32.7585411387752,26.0987921945582,29.4286666666667,0.72042872971581,51.2766248675722,29.602,28.8715511118972,-3.5882641149404,-4.72254032653051
"6356599","2008-10-31",22.3369431898251,0.639880952380953,0.627563616916385,0.532160526642496,32.3049181850368,26.3820818149632,29.3435,0.937825140631804,53.7859794084997,29.4456,29.1726776303109,-2.68224318432743,-4.31448089808989
"6356598","2008-11-03",21.1318989832211,0.761904761904762,0.667607327905254,0.608579357194086,32.6369645192844,26.220368814049,29.4286666666667,0.974498753939333,56.2144887039104,29.3432,29.5429872796028,-1.72369266062855,-3.79632325059762
"6356597","2008-11-04",22.4032316943302,0.694220921726408,0.698668878670706,0.664613274497448,34.6727129288798,25.010953737787,29.8418333333334,1.31470670550936,66.3600059756714,29.4348,30.4465889756558,0.19236531297846,-2.99858553788241
"6356596","2008-11-05",22.664150588261,0.557425018288223,0.671183567306463,0.679153257960807,35.5664270863832,24.7862395802835,30.1763333333334,0.992910412148217,59.9577378149271,29.4464,30.980377112235,1.17146824947103,-2.16457478041172
"6356595","2008-11-06",22.3475721616575,0.466715435259693,0.572787125091439,0.647546523689536,35.972257140021,24.9710761933124,30.4716666666667,0.801331285800894,56.0931595300013,29.4308,31.277660163937,1.59672116496907,-1.41231559133556
"6356594","2008-11-07",21.642199402058,0.397220190197513,0.473786881248474,0.572585857882125,35.9484327894786,25.7149005438548,30.8316666666667,0.695924530443276,53.2607827904582,29.4048,31.4086388087454,1.66754992769793,-0.796342487528863
"6356593","2008-11-10",21.1123976851534,0.458668617410388,0.440868080955863,0.495814029098592,36.2352715376488,25.8583951290179,31.0468333333334,0.738334405198235,55.4049946826777,29.5468,31.634153634246,1.91409959619937,-0.254254070783216
"6356592","2008-11-11",20.3759704016828,0.419897585954645,0.425262131187514,0.446639031130617,36.41590004554,25.9000999544601,31.158,0.678017838280124,53.7301086850457,29.7176,31.7589331496799,1.9502490528013,0.186646553933687
"6356591","2008-11-12",19.2208533136522,0.343818580833943,0.40746159473299,0.424530602292122,36.4940658290376,26.1089341709624,31.3015,0.574000024776037,50.5038235557907,29.8588,31.7284087297226,1.69564717819553,0.488446678786055
"6356590","2008-11-13",18.440287791971,0.182150694952451,0.315288953913678,0.38267089327806,36.4406290195383,26.3963709804617,31.4185,0.425479811740396,44.4023516361759,29.9708,31.4072875657596,0.919807171075293,0.574718777243902
"6356589","2008-11-14",17.7154769504098,0.264487369985141,0.26348554859051,0.328745365745726,36.3959848722851,26.7503484610483,31.5731666666667,0.487921999644906,48.2983364414103,30.2328,31.2996492236583,0.6230950862814,0.584394039051402
"6356588","2008-11-17",17.4229905345451,0.0268336314847943,0.15782389880746,0.245532800437216,36.3972950571536,26.7220382761798,31.5596666666667,0.349823107242245,45.6601874932826,30.2916,31.0756959938372,0.132123425569608,0.493939916355043
"6356587","2008-11-18",17.4547631329514,0,0.0971070004899768,0.172805482629315,36.3891705533492,26.5621627799842,31.4756666666667,0.30675704713015,43.5431404236079,30.248,30.7736031946589,-0.466434274395233,0.301865078204988
"6356586","2008-11-19",17.7654138134362,0,0.00894454382826304,0.0879584810418998,36.4268673529431,26.4227993137236,31.4248333333334,0.235957413559723,41.5699772555171,30.226,30.4091227687044,-1.13727188169508,0.0140376862249746
"6356585","2008-11-20",18.6282184779358,0,-1.73934940524608e-15,0.0353505147727458,36.5929312795728,25.997735387094,31.2953333333334,0.106551241810838,37.5053008698304,30.1984,29.8652397328771,-2.11427180000056,-0.411624211020131
"6356584","2008-11-21",19.1895097132173,0.0296400846859564,0.00988002822865038,0.00627485735230366,36.641536695677,25.8871299709897,31.2643333333334,0.154002299219512,39.0808709908169,30.1948,29.4498744351602,-2.76006849435217,-0.88131306768654
"6356583","2008-11-24",18.549906110512,0.182384341637011,0.0706748087743206,0.0268516123343229,36.5393658438898,26.1666341561102,31.353,0.307218895961363,44.888027212482,30.1468,29.3072245104721,-2.79944999618688,-1.26494045338661
"6356582","2008-11-25",17.4355329586063,0.48664343786295,0.232889288061971,0.104481375021647,36.4813886347634,26.5222780319033,31.5018333333334,0.464672213477343,51.4337186349444,30.1432,29.4689279090759,-2.21639589220223,-1.45523154114973
"6356581","2008-11-26",16.6208743089958,0.549190535491905,0.406072771663954,0.236545622833415,36.5257630366982,26.6055702966352,31.5656666666667,0.522949822914952,52.0640436712085,30.2112,29.6384041878657,-1.67580912829378,-1.49934705857854
"6356580","2008-11-28",15.9889859936383,0.824408468244085,0.620080813866312,0.419680957864078,36.6992320355017,26.6791012978317,31.6891666666667,0.667412985311011,57.9658654679486,30.3824,30.0799502961503,-0.645168571353205,-1.32851136113347
"6356579","2008-12-01",15.3794576058361,0.527318932655654,0.633639312130546,0.55326429922027,36.6673949628206,26.6432717038462,31.6553333333334,0.460561804447144,50.4846313134354,30.5116,30.1332902566636,-0.490313957788568,-1.16087188046449
"6356578","2008-12-02",14.9412771424896,0.486658195679797,0.612795198859844,0.622171774952234,36.580247523031,26.5517524769691,31.566,0.412316521143552,49.5916402662943,30.6448,30.1368515557751,-0.448086684116922,-1.01831484119498
"6356577","2008-12-03",14.0309061751207,0.523506988564168,0.512494705633204,0.586309738874531,35.3877166114223,27.0962833885778,31.242,0.498954744441188,50.447080873965,30.7812,30.1786046816718,-0.333227161109095,-0.881297305177802
"6356576","2008-12-04",13.178956184427,0.628970775095299,0.546378653113086,0.557222852535378,34.7523895318251,27.383610468175,31.068,0.627836645916935,52.9101649873116,30.8504,30.3254573907822,-0.0209423652743901,-0.70922631719712
"6356575","2008-12-05",12.6516001863334,0.47141041931385,0.541296060991104,0.533389806579131,34.3989656474617,27.4643676858717,30.9316666666667,0.518506239877802,48.9921610144398,30.8396,30.2873964053446,-0.102535784180302,-0.587888210593756
"6356574","2008-12-08",12.2994256838725,0.804469273743017,0.63495015605072,0.574208290051637,34.6430552086295,27.3479447913706,30.9955,0.927386722750222,58.3421488397902,30.9356,30.7197435512986,0.746559168998906,-0.320998734675224
"6356573","2008-12-09",11.6157932609797,0.718435754189944,0.664771815748935,0.61367267759692,34.6244481284135,27.3565518715865,30.9905,0.834278299269593,55.907189234418,30.968,30.9917777444588,1.19544976147381,-0.0177090354454171
"6356572","2008-12-10",11.2369257492625,0.746666666666667,0.756523898199874,0.685415289999843,34.7654736348106,27.2935263651894,31.0295,0.872125217117723,56.6411603138058,30.8372,31.266207378531,1.60293005747723,0.306418783139111
"6356571","2008-12-11",10.6525027242169,0.679487179487179,0.714863200114595,0.712052971354468,34.9199528739983,27.2543804593351,31.0871666666667,0.778670208969712,55.042007481089,30.7624,31.4413797280602,1.7806678669241,0.601268599896109
"6356570","2008-12-12",10.7118529819202,0.267625899280576,0.564593248478139,0.678660115597536,34.9288298183359,27.2711701816642,31.1,0.477364711732122,47.8053645041361,30.6436,31.2811957643188,1.30557998688567,0.742130877294022
"6356569","2008-12-15",10.5165869462665,0.0831758034026468,0.343429627390132,0.540962025327622,34.9158997641907,27.263766902476,31.0898333333334,0.521366591897274,48.5524794068478,30.5724,31.1743696624096,0.978806125192144,0.789465926873647
"6356568","2008-12-16",9.91079680815104,0.051039697542533,0.133947133408583,0.347323336425618,34.9572446940431,27.3544219726236,31.1558333333334,0.535622734247149,48.0280597814779,30.4608,31.0591203740884,0.667590524970763,0.76509084649307
"6356567","2008-12-17",9.30831489012687,0.128544423440454,0.0875866414618762,0.188321134086864,35.0011027216183,27.5255639450484,31.2633333333333,0.561979925083863,49.4462691623567,30.3868,31.0139043242099,0.521092332206163,0.716291143635689
"6356566","2008-12-18",8.74886739481872,0.224952741020794,0.134845620667925,0.118793131846128,34.9976402343197,27.8546930990136,31.4261666666667,0.585935583969153,51.2290725104508,30.3748,31.0427170809819,0.531470695778324,0.679327054064216
"6356565","2008-12-19",8.22938043488973,0.311909262759925,0.221802142407056,0.148078134845619,34.6584139376111,28.6912527290556,31.6748333333333,0.571251077657675,52.8443829515749,30.4696,31.1290214701843,0.651402171647741,0.673742077580921
"6356564","2008-12-22",8.14486035847865,0.179584120982987,0.238815374921234,0.198487712665405,34.1821753892569,29.5581579440765,31.8701666666667,0.409133849158674,50.1237887495053,30.4852,31.1104852741598,0.558337071122228,0.650661076289182
"6356563","2008-12-23",8.25708397291742,0.11531190926276,0.202268431001889,0.220961982776726,34.0010630826326,29.9076035840341,31.9543333333334,0.275821241915093,48.8093701353038,30.5264,31.0490872376051,0.391795320843213,0.598887925199989
"6356562","2008-12-24",8.34705803421908,0.156899810964084,0.150598613736608,0.19722747321991,33.9999911650981,29.9126755015686,31.9563333333334,0.312509383561628,49.7280080184241,30.6088,31.0252089392578,0.313293732910691,0.541769086742129
"6356561","2008-12-26",8.16456065799842,0.241650294695481,0.17128733830744,0.174718127681979,33.9974759613972,29.9068573719362,31.9521666666667,0.440799499789444,52.2450228370936,30.746,31.0845144140234,0.402371167351712,0.513889502864046
"6356560","2008-12-29",8.28968677087144,0.153241650294696,0.183930585318085,0.168605512454044,33.8045255861256,29.9004744138745,31.8525,0.377264245388874,50.2143791624879,30.9336,31.0759124921536,0.351960935547613,0.481503789400759
"6356559","2008-12-30",8.31642572136019,0.157170923379175,0.184020956123116,0.179746293249547,33.8040561455583,29.9172771877751,31.8606666666667,0.387481809981089,50.3068250741258,31.1052,31.0711241598665,0.313592606591406,0.447921552838888
"6356558","2008-12-31",8.35293249659612,0.421545667447307,0.243986080373724,0.203979207271642,33.8544644089299,30.0645355910701,31.9595,0.685711491470904,54.8238046106503,31.2516,31.2003076052176,0.536113778707747,0.46555999801266
"6356557","2009-01-02",8.80452250847317,0.613793103448275,0.397503231424917,0.275170089307252,34.0440780653699,30.0985886012969,32.0713333333334,0.854497630624204,58.3692405871575,31.3472,31.4282665911886,0.924322590639193,0.557312516537967
"6356556","2009-01-05",9.22385609093043,0.651869158878505,0.562402643258027,0.401297318352223,34.2043890386263,30.0819442947071,32.1431666666667,0.816195869434686,59.1237251129433,31.4416,31.6511643790301,1.26266543028839,0.698383099288052
"6356555","2009-01-06",9.78178415558417,0.768691588785047,0.678117950370607,0.546007941684517,34.4117162327483,30.1552837672517,32.2835,0.871946854437389,61.1206253191878,31.4676,31.9110091284928,1.6351489370898,0.885736266848402
"6356554","2009-01-07",9.44841793658271,0.49746192893401,0.639340892199185,0.62662049527594,34.208187669721,30.2418123302791,32.225,0.681105738075298,55.3544545509562,31.5528,32.0042079113604,1.65864294079949,1.04031760163862
"6356553","2009-01-08",8.96289200951791,0.314720812182741,0.526958109967264,0.614805650845685,34.0712382229777,30.2590951103557,32.1651666666667,0.515258258923711,51.5457722558465,31.622,31.9889801898457,1.47859082259241,1.12797224582938
"6356552","2009-01-09",8.9780212187332,0.149746192893401,0.320642978003382,0.495647326723277,33.8177877510604,30.3022122489397,32.06,0.399494881244838,48.3138607672286,31.6536,31.8891161645329,1.15856679004689,1.13409115467288
"6356551","2009-01-12",9.28111428742299,0.0431472081218278,0.169204737732655,0.338935275234434,33.6681953605502,30.2528046394499,31.9605,0.287091221459883,46.2940432340237,31.6352,31.7465673425952,0.788955388603574,1.06506400145902
"6356550","2009-01-13",10.12877932751,0,0.0642978003384079,0.184715172024815,33.7109951127753,30.1643382205582,31.9376666666667,0.0861830700659538,42.3034769970012,31.6312,31.5056916969158,0.267084333358492,0.905468067838913
"6356549","2009-01-14",11.5722762338601,0,0.0143824027072743,0.0826283135927789,33.9367328910056,29.7442671089945,31.8405,-0.103582743801481,37.620538661794,31.4404,31.1395994706604,-0.44964776616746,0.634444901037639
"6356548","2009-01-15",13.2711694369827,0,-1.61907524424502e-15,0.02622673434856,34.2368894640874,29.155443869246,31.6961666666667,-0.121115902504355,35.0365575221833,31.2512,30.7249862079057,-1.20303758085729,0.266948404658653
"6356547","2009-01-16",14.4167566029135,0.0685975609756096,0.0228658536585349,0.012416085455269,34.3606463352228,28.7576869981106,31.5591666666667,0.0408676299039675,37.8695359292563,31.0684,30.4256547135183,-1.67100377577961,-0.120642031429
"6356546","2009-01-20",15.9827182286372,0,0.0228658536585349,0.0152439024390225,34.5354573684296,28.1858759649038,31.3606666666667,-0.0182493864618377,34.2584675720401,30.864,30.0315674183825,-2.29292040596895,-0.555097706336989
"6356545","2009-01-21",17.3447548107464,0,0.0228658536585349,0.0228658536585347,34.6224187583682,27.6935812416319,31.158,0.0509588259476341,33.9820607642972,30.75,29.6793584292648,-2.78571244926532,-1.00122065492266
"6356544","2009-01-22",18.6095030655621,0.0583333333333331,0.0194444444444427,0.021725383920504,34.692786050749,27.2928806159178,30.9928333333334,0.115377967768364,36.862204763835,30.6432,29.4301106386962,-3.03422569779207,-1.40782166349654
"6356543","2009-01-23",19.1678165785369,0.05848787446505,0.0389404025994594,0.0270835669008122,34.7351566632155,26.9795100034513,30.8573333333334,0.173700108103731,36.8210155603336,30.5428,29.2127625535367,-3.20189069839569,-1.76663547047637
"6356542","2009-01-26",19.5550881689661,0.124108416547789,0.0803098747820557,0.0462315739419858,34.719734627557,26.7432653724431,30.7315,0.241970212528913,40.1347622961358,30.4444,29.0857275463985,-3.17388170765948,-2.04808471791299
"6356541","2009-01-27",19.9146975029361,0.144694533762058,0.109096941591631,0.0761157396577151,34.6395736691446,26.5160929975222,30.5778333333334,0.261042495805062,40.3544838087677,30.3268,28.979630540212,-3.10907093256522,-2.26028196084344
"6356540","2009-01-28",18.9565175427321,0.321818181818182,0.196873710709341,0.128760175694342,34.5551288641129,26.4252044692205,30.4901666666667,0.392967434332676,46.4882815101063,30.2256,29.0036798015171,-2.78361623902171,-2.36494881647909
"6356539","2009-01-29",18.3715287620055,0.266666666666666,0.244393127415634,0.183454593238868,34.4573348046426,26.3013318620242,30.3793333333334,0.356220421336651,44.3971842681749,30.1376,28.9751891613148,-2.59873399397281,-2.41170585197784
"6356538","2009-01-30",18.660075476961,0.057815845824411,0.215433564769751,0.218900134298242,34.1955480852388,26.1224519147613,30.159,0.26436136853045,38.6754519393169,30.018,28.7998306064728,-2.73723630905868,-2.476811943394
"6356537","2009-02-02",19.3834813515944,0,0.108160837497024,0.189329176560803,33.7653859385885,25.9402807280782,29.8528333333334,0.179727415894608,35.5331723244937,29.8608,28.5518531922764,-3.01867307169246,-2.58518416905369
"6356536","2009-02-03",19.4037665566842,0.0805555555555554,0.0461238004599872,0.123239400908921,33.2129983349333,25.9226683317335,29.5678333333334,0.250194207139132,37.7277656994024,29.6912,28.3756060999729,-3.12826135757689,-2.69379960675833
"6356535","2009-02-04",18.3072523660231,0.427777777777778,0.169444444444443,0.107909694133818,32.3931396429451,26.2545270237217,29.3238333333334,0.445074451251273,46.2252921008952,29.5896,28.3895252866432,-2.82843810149086,-2.72072730570484
"6356534","2009-02-05",17.569197357004,0.325,0.277777777777776,0.164448674227402,31.6981087585947,26.5132245747387,29.1056666666667,0.398615543177713,44.2983782612853,29.4724,28.3522552484241,-2.66534728587892,-2.70965130173965
"6356533","2009-02-06",16.7011429476167,0.477453580901856,0.410077119559876,0.285766447260698,31.135467292044,26.7931993746227,28.9643333333334,0.599563947125132,48.2537306818664,29.3404,28.4039545486342,-2.33003985817273,-2.63372901302627
"6356532","2009-02-09",15.9552129180938,0.784415584415585,0.528956388439145,0.405603761925599,30.7648401814176,27.0168264852491,28.8908333333334,0.859079086266176,54.9283267879239,29.2224,28.611427275483,-1.69938213650854,-2.44685963772272
"6356531","2009-02-10",17.2045003428455,0.433884297520661,0.565251154279366,0.501428220759462,30.834535707795,26.9697976255384,28.9021666666667,1.1618387272029,55.5857372463225,29.102,28.8085703054186,-1.15172542520605,-2.18783279521939
"6356530","2009-02-11",18.3645529515434,0.600550964187328,0.606283615374523,0.566830386031011,31.1589414392915,26.7703918940419,28.9646666666667,1.12784601265714,61.2510008108765,29.01,29.1407609313628,-0.379625248332249,-1.82619128584196
"6356529","2009-02-12",18.8425969237139,0.506887052341598,0.513774104683194,0.561769624779027,31.4223400986291,26.6799932347043,29.0511666666667,0.919377449688973,56.8614149329955,28.9304,29.3379928071811,0.0393841450841315,-1.45307619965674
"6356528","2009-02-13",19.5595751770132,0.601928374655647,0.569788797061522,0.563282172373079,31.8261357480561,26.5901975852773,29.2081666666667,0.972089863647552,59.9943845163402,28.9072,29.6009270995569,0.550827937626841,-1.05229537220003
"6356527","2009-02-17",18.6559949433408,0.323691460055096,0.477502295684112,0.520355065809609,31.8817109150167,26.62095575165,29.2513333333334,0.613798617893388,48.8168295395814,28.8292,29.5594701529493,0.400066712744174,-0.761822955211186
"6356526","2009-02-18",17.8169561549307,0.370523415977961,0.432047750229566,0.4931129476584,31.9328838995211,26.7564494338123,29.3446666666667,0.614364434423281,50.4888867567888,28.7816,29.5688741325561,0.368906837215,-0.535676996725949
"6356525","2009-02-19",17.4008648008207,0.37465564738292,0.35629017447199,0.421946740128556,31.9893533735098,26.9106466264902,29.45,0.638486699147582,50.6421039881665,28.7704,29.5810242482153,0.348366363048114,-0.358868324771137
"6356524","2009-02-20",16.2961827405187,0.238292011019284,0.327823691460053,0.37205387205387,31.9713154577025,27.0173512089642,29.4943333333334,0.406943212172467,45.6244450580243,28.7668,29.4595543484533,0.0611455825117568,-0.274865543314558
"6356523","2009-02-23",15.2939722522967,0.143472022955524,0.252139893785907,0.31208458657265,31.9593499476685,27.0706500523316,29.515,0.341471144354909,43.5587465499901,28.7748,29.2956137686595,-0.285162867330768,-0.2769250081178
"6356522","2009-02-24",14.4946119146424,0,0.127254677991601,0.235739421079187,31.9631297418331,27.0515369248337,29.5073333333334,0.298978993145333,42.6605297114591,28.7572,29.1281985995049,-0.607026839407099,-0.34294537437566
"6356521","2009-02-25",13.4702482834956,0,0.0478240076518393,0.142406193143115,31.9641063433024,27.046226990031,29.5051666666667,0.314588104377386,42.2164498091628,28.7764,28.9711054529042,-0.879002681396435,-0.450156835779815
"6356520","2009-02-26",12.8985089638918,0,-1.87812728332422e-15,0.0583595618811457,31.9794417478052,26.8518915855282,29.4156666666667,0.19075550380134,39.5558386658688,28.7772,28.7629580591837,-1.23363038607261,-0.606851545838375
"6356519","2009-02-27",12.4790732736629,0,-1.87812728332422e-15,0.0159413358839449,32.0179261613531,26.653073838647,29.3355,0.177126869021999,38.8238894970471,28.7552,28.5625636512925,-1.54253502035715,-0.79398824074213
"6356518","2009-03-02",13.4925609147729,0,-1.87812728332422e-15,-2.19731640290396e-15,32.2795484363817,26.1454515636184,29.2125,-0.056860024252372,29.8589602058932,28.6432,28.0875551644535,-2.41016932264098,-1.1172244571219
"6356517","2009-03-03",14.4336565815178,0.00661375661375671,0.00220458553791702,0.00073486184597077,32.5350990909798,25.6852342423536,29.1101666666667,-0.0562396851422368,30.2427412153929,28.5148,27.682547809193,-3.06465912150361,-1.50671138999824
"6356516","2009-03-04",14.5195362979347,0.0512129380053907,0.0192755648730473,0.00716005013698715,32.6870241783455,25.3399758216545,29.0135,0.0644282559060198,32.8540586414356,28.3984,27.375541434634,-3.45899663044076,-1.89716843808674
"6356515","2009-03-05",15.083611892364,0,0.0192755648730473,0.0135852384280035,32.8665737831556,24.7740928835111,28.8203333333334,0.0431561660945731,29.8626033120382,28.2144,27.0001359100161,-3.97964212730573,-2.31366317593054
"6356514","2009-03-06",15.9477925108414,0,0.0170709793351284,0.018540703027074,33.0966928572433,24.1239738094234,28.6103333333334,0.0285338467873705,27.8013918292551,28.0204,26.5921177886806,-4.54133409918197,-2.75919736058083
"6356513","2009-03-09",16.7942654826455,0,-1.87812728332422e-15,0.0121155147360576,33.2049457265445,23.5010542734555,28.353,0.0771799365404125,27.5372733400898,27.8684,26.2278354168565,-4.96953660813586,-3.20126521009183
"6356512","2009-03-10",17.4068374884511,0,-1.87812728332422e-15,0.00569032644504121,33.1314040385016,22.9815959614984,28.0565,0.130551306499136,27.5372733400898,27.7452,25.9121240279423,-5.26166457267506,-3.61334508260848
"6356511","2009-03-11",17.9008365410725,0.101328903654485,0.0337763012181598,0.0112587670727184,32.7393088374688,22.701357829198,27.7203333333334,0.202761383851316,33.1532080516279,27.6348,25.7198408242167,-5.25108392074661,-3.94089285023611
"6356510","2009-03-12",17.8536423892433,0.0598006644518272,0.0537098560354355,0.0291620524178641,32.1970513729798,22.5442819603536,27.3706666666667,0.226088971260253,32.0566774829364,27.4644,25.5198620476545,-5.26619514602468,-4.20595330939382
"6356509","2009-03-13",16.775084763073,0.230897009966778,0.130675526024361,0.0727205610926519,31.6717724981036,22.5428941685631,27.1073333333334,0.35387032756442,40.7513903961914,27.35,25.4838804413005,-4.89897753258113,-4.34455815403128
"6356508","2009-03-16",16.4202097542789,0.471760797342193,0.254152823920264,0.146179401993353,30.9387247420782,22.8266085912552,26.8826666666667,0.537474808588524,50.3784609977286,27.2684,25.6460297157938,-4.10208091907451,-4.29606270703993
"6356507","2009-03-17",16.4556426654515,0.700413223140496,0.467690343483154,0.284172897809259,30.622677540613,22.9309891260537,26.7768333333334,0.62435501133788,53.4670221866489,27.16,25.8598924203546,-3.26118237325196,-4.08908664028234
"6356506","2009-03-18",16.9090246354361,0.698181818181818,0.6234519462215,0.448431704541639,30.326023608486,23.0593097248474,26.6926666666667,0.714769246685294,55.8863434652934,27.0644,26.1052400976407,-2.42913184839294,-3.75709568190446
"6356505","2009-03-19",17.3805536902797,0.813620071684587,0.737405037668965,0.609515775791206,30.0326171924864,23.2120494741803,26.6223333333334,0.811459899097793,59.4206783111597,26.9484,26.4112080846219,-1.54081423558493,-3.31383939264055
"6356504","2009-03-20",16.5589132885148,0.57168458781362,0.694495492560007,0.685117492150157,29.8235917129794,23.2874082870207,26.5555,0.674592203476793,50.9436253785339,26.8056,26.4963803400057,-1.23686799454027,-2.8984451130205
"6356503","2009-03-23",16.1167749753379,0.661290322580645,0.682198327359616,0.704699619196196,29.7286577814676,23.3260088851991,26.5273333333334,0.757601714548884,53.5847500527458,26.6552,26.6368629613382,-0.835167847498763,-2.48578965991615
"6356502","2009-03-24",15.706217970245,0.75089605734767,0.661290322580643,0.679328047500088,29.72114780623,23.3291855271034,26.5251666666667,0.80530530606739,56.1284236135436,26.6056,26.8252812331598,-0.363362103981324,-2.06130414872918
"6356501","2009-03-25",14.7942036110183,0.555555555555556,0.655913978494622,0.666467542811627,29.5682192826758,23.3807807173242,26.4745,0.678668440635604,49.7301653971536,26.4988,26.8432437354052,-0.313924099702168,-1.71182813892378
"6356500","2009-03-26",14.4938005497345,0.645264847512038,0.650572153471753,0.655925484849006,29.6942751440117,23.333391522655,26.5138333333334,0.830588241902904,54.4498673777019,26.4276,26.9814779040178,0.000418473866958813,-1.36937881636563
"6356499","2009-03-27",14.2148548499709,0.756019261637239,0.652279888234942,0.652922006733772,29.9269653832845,23.2467012833822,26.5868333333334,0.870718876224693,57.6605561960248,26.4236,27.1932808501488,0.447728619025112,-1.00595732928748
"6356498","2009-03-30",13.4735033616425,0.528109028960818,0.643131046036696,0.648661029247797,30.0289048819771,23.3294284513563,26.6791666666667,0.643916718963259,50.6898725316913,26.3872,27.2101767367956,0.425754071842732,-0.719615049061441
"6356497","2009-03-31",12.5254942835633,0.533219761499149,0.6057826840324,0.633731206101346,30.1233473895285,23.4833192771382,26.8033333333334,0.647589736581279,50.8434663449429,26.3596,27.2288198385562,0.412445924371974,-0.493202854374758
"6356496","2009-04-01",11.6905788608872,0.415289256198347,0.492206015552769,0.580373248540622,30.1940693729365,23.5875972937302,26.8908333333334,0.601794118243024,50.3369073113267,26.332,27.2329771934154,0.370995248956607,-0.320363233708485
"6356495","2009-04-02",12.8414313237793,0.203426124197002,0.383978380631497,0.493989026738888,30.3873402984124,23.770993034921,27.0791666666667,0.773690793608333,52.5433797134464,26.3416,27.2885802342933,0.448216481706321,-0.166647290625524
"6356494","2009-04-03",13.910080039322,0.712018140589569,0.443577840328304,0.43992074550419,30.7569450572568,24.0080549427433,27.3825,0.954025271514964,63.5110088296188,26.4552,27.6634362030542,1.21237895399122,0.109157958297825
"6356493","2009-04-06",15.0317748895454,0.672686230248307,0.529376831678291,0.45231101754603,30.9915607677131,24.3907725656202,27.6911666666667,0.913915214822429,62.4952248328365,26.6528,27.966978042647,1.74170528822115,0.435667424282491
"6356492","2009-04-07",15.5450201764146,0.54627539503386,0.643659921957243,0.538871531321279,31.0116705936048,24.9283294063953,27.97,0.814520141884554,58.9419439603179,26.826,28.1553809702941,1.9719306164486,0.742920062715713
"6356491","2009-04-08",15.9644989514142,0.532731376975169,0.58389766741911,0.585644807018214,30.9431802138321,25.482819786168,28.213,0.753402075741465,58.5577812357161,26.9836,28.3106635075882,2.11016241720767,1.01636853361411
"6356490","2009-04-09",17.355660317613,0.638888888888889,0.57263188696597,0.600063158780774,30.9615052647664,26.0704947352337,28.516,0.964253072643368,62.3459898495399,27.2084,28.5599083732431,2.43207815046591,1.29951045698447
"6356489","2009-04-13",18.7641786212421,0.739130434782609,0.636916900215554,0.597815484866878,31.1919587818174,26.3957078848494,28.7938333333334,1.02878106695166,65.1022701877123,27.4856,28.867920590144,2.84172444871618,1.60795325533081
"6356488","2009-04-14",20.1820515149035,0.780797101449276,0.719605475040256,0.643051420740593,31.6049428456199,26.4313904877134,29.0181666666667,1.01321925110294,66.6273696694571,27.782,29.1881978447915,3.23178580897645,1.93271976605994
"6356487","2009-04-15",21.4310605505225,0.756704980842912,0.758877505691597,0.705133293649135,31.9362020390919,26.4767979609082,29.2065,0.920100796195873,66.1603077532642,28.076,29.457771465486,3.47649435273707,2.24147468339536
"6356486","2009-04-16",23.4244034963366,0.677611940298507,0.738371340863563,0.738951440531805,32.4666972766181,26.3729693900486,29.4198333333334,1.00874714532287,68.4987919631738,28.3692,29.7700686034212,3.78012260652889,2.54920426802207
"6356485","2009-04-17",25.2908220635698,0.86053412462908,0.764950348590164,0.754066398381774,33.1303506546475,26.1719826786859,29.6511666666667,1.03491949254843,72.8187598766721,28.7228,30.208726122965,4.29869627540902,2.89910266949946
"6356484","2009-04-20",25.8340236964748,0.698813056379822,0.745653040435801,0.749658243296509,33.4364848836524,26.3341817830143,29.8853333333334,0.851247564531922,64.5693924329491,28.9916,30.443562639903,4.35910756001128,3.19110364760182
"6356483","2009-04-21",25.6057528542509,0.586053412462908,0.715133531157268,0.741912306727744,33.5967633053219,26.5199033613448,30.0583333333334,0.72302735193687,59.5074147006748,29.172,30.5457542879159,4.15530843479497,3.38394460504045
"6356482","2009-04-22",26.5274627409417,0.619444444444444,0.634770304429056,0.698518958674041,33.9696422366183,26.6016910967151,30.2856666666667,0.871564172275799,63.1878432708113,29.3664,30.7543203828605,4.17975673492315,3.54310703101699
"6356481","2009-04-23",27.3833362071546,0.544303797468354,0.583267218125233,0.644390351237185,34.1607677231993,26.929565610134,30.5451666666667,0.807671297046655,64.0480642332548,29.5516,30.9644109984791,4.20392547279658,3.67527071937291
"6356480","2009-04-24",28.4325456051638,0.735985533453888,0.633244591788893,0.617094038114394,34.5450400353733,27.0516266312934,30.7983333333334,0.884559947686548,67.9358821994072,29.7512,31.2878228653485,4.44043583484746,3.82830374246782
"6356479","2009-04-27",28.3470724445947,0.529837251356238,0.603375527426158,0.606629112446761,34.7282474711805,27.2340858621529,30.9811666666667,0.73202506485031,60.3741956554379,29.9592,31.4161131499687,4.28019276379188,3.91868154673263
"6356478","2009-04-28",27.9144048040435,0.455696202531645,0.573839662447255,0.603486593887435,34.6647158827783,27.7586174505551,31.2116666666667,0.650832872842694,57.8790024604306,30.1308,31.4726313966396,4.00094525806833,3.93513428899977
"6356477","2009-04-29",28.202544547442,0.554603854389722,0.5133791027592,0.563531430877537,34.6779983971005,28.3006682695663,31.4893333333334,0.789671899743346,61.7414702526767,30.3196,31.6456138770876,3.97002685752641,3.9421128027051
"6356476","2009-04-30",28.9547249117865,0.591578947368421,0.533959668096594,0.540392811101016,34.6976141092298,28.9573858907702,31.8275,0.935377579349502,65.1126176040663,30.5884,31.9168653601426,4.12468632930765,3.97862750802561
"6356475","2009-05-01",29.6531781072493,0.621315192743765,0.5891659981673,0.545501589674364,34.8301968072624,29.3678031927377,32.099,0.906598307762784,66.0679759047739,30.8312,32.1879499787903,4.25978932268918,4.03485987095832
"6356474","2009-05-04",31.3262275049759,0.523947750362845,0.578947296825008,0.567357654362967,35.4584924708734,29.2861741957933,32.3723333333334,1.07369044209795,69.0125587899695,31.0812,32.5388899816182,4.52394133781122,4.1326761643289
"6356473","2009-05-05",32.8797733742934,0.72133526850508,0.622199403870561,0.596770899620956,36.1235564352851,29.2331102313816,32.6783333333334,1.06092158412185,72.962454422235,31.4356,33.0243713174025,4.9978681754643,4.30571456655598
"6356472","2009-05-06",34.415480468134,0.711175616835994,0.65215287856797,0.617766526421179,36.6110955192753,29.4175711473914,33.0143333333334,0.998920948127687,72.4505540672227,31.786,33.4357884750821,5.28033109688881,4.50063787262255
"6356471","2009-05-07",33.6055281008149,0.316400580551524,0.582970488630863,0.619107590356464,36.5221111049809,29.9768888950191,33.2495,0.660498752571168,56.0073464608875,32.0312,33.4296833450712,4.7890928745834,4.55832887301472
"6356470","2009-05-08",32.3604453623239,0.20899854862119,0.4121915820029,0.549104983067244,36.4449287198067,30.3014046135266,33.3731666666667,0.481579519391646,52.5153138304084,32.2312,33.3257255657284,4.17394033443572,4.48145116529892
"6356469","2009-05-11",30.8107894829395,0.0319488817891373,0.185782670320615,0.393648246984792,36.3866474111783,30.4936859221551,33.4401666666667,0.369307364709363,49.7610494486337,32.3088,33.1542954902979,3.49870694123231,4.2849023204856
"6356468","2009-05-12",29.1718632645126,0,0.0803158101367732,0.226096687486762,36.3507677492995,30.6075655840339,33.4791666666667,0.321383036185369,48.3725827154253,32.3804,32.9643894249249,2.85476912394562,3.9988756811776
"6356467","2009-05-13",27.4520972870241,0,0.0106496272630433,0.0922493692401433,36.3275974378417,30.660069228825,33.4938333333333,0.199957382250939,47.0056710522511,32.4624,32.7598041682682,2.24413767446257,3.6479280798346
"6356466","2009-05-14",25.8676500712837,0.00899550224887537,0.00299850074962269,0.0313213127164794,36.3551671079898,30.5644995586768,33.4598333333333,0.220268290393303,47.3262610726476,32.5492,32.5904969458324,1.75382629726408,3.26910772332049
"6356465","2009-05-15",24.4693560638143,0,0.00299850074962269,0.00554887625409587,36.3648222280995,30.3991777719005,33.382,0.237608678353805,46.868250726075,32.598,32.4317640197215,1.3268339036643,2.88065295938926
"6356464","2009-05-18",23.3631524220242,0.0880597014925373,0.0323517345804684,0.0127829120265709,36.3663221549608,30.3900111783726,33.3781666666667,0.320151036727517,50.266214879286,32.6428,32.3728621504253,1.12226381582039,2.52897513067548
"6356463","2009-05-19",22.8210292937112,0.171641791044776,0.0865671641791019,0.0406391331697307,36.3316278262272,30.5530388404395,33.4423333333334,0.409608844889639,53.317873891883,32.694,32.3964805303686,1.08742618740201,2.24066534202079
"6356462","2009-05-20",22.6727981456729,0.24179104477612,0.167164179104475,0.0953610259546815,36.3452802053146,30.5793864613521,33.4623333333333,0.493236087633274,55.7708193914978,32.7664,32.4796164596528,1.16326420024206,2.02518511366504
"6356461","2009-05-21",21.2290671687143,0.00298507462686614,0.138805970149252,0.130845771144276,36.3630710004466,30.4839289995534,33.4235,0.256738880188742,46.7625343483397,32.7512,32.3383342650324,0.815113285429181,1.78317074801787
"6356460","2009-05-22",19.7681211889037,0,0.0815920398009929,0.129187396351573,36.370942736742,30.253057263258,33.312,0.195646476536663,45.1903779512294,32.6728,32.1732230296947,0.452976917880998,1.5171319819905
"6356459","2009-05-26",19.1509481870107,0,0.000995024875619616,0.0737976782752877,36.3878759112099,30.1404574221235,33.2641666666667,0.259767440590834,44.3868395837973,32.6316,32.0087932924021,0.123069210982329,1.23831942778886
"6356458","2009-05-27",18.7034966983906,0.274131274131274,0.0913770913770889,0.0579880520179001,36.3883964558522,30.1922702108145,33.2903333333334,0.417098740995138,52.4652339527033,32.6776,32.0556208534152,0.217121689749078,1.03407988018091
"6356457","2009-05-28",17.6618648051994,0.177966101694915,0.150699125275394,0.0810237471760338,36.3723174357081,30.0733492309586,33.2228333333334,0.303750927694061,48.2647354444853,32.656,31.9908714062931,0.0912119910531972,0.845506302355364
"6356456","2009-05-29",17.0060325362403,0.240121580547113,0.230739652124431,0.157605289592304,36.2529994150803,29.9843339182531,33.1186666666667,0.360363687649884,49.1526579254588,32.632,31.9560885521207,0.0313867801129186,0.682682397906875
"6356455","2009-06-01",17.3300598634776,0.512953367875648,0.31034701670589,0.230595264701905,36.1729044242876,29.9870955757124,33.08,0.57544149489426,55.2977627912455,32.6132,32.0846100785046,0.281046599011803,0.602355238127861
"6356454","2009-06-02",17.9744554761061,0.634146341463414,0.462407096628722,0.334497921819681,35.8756186612782,30.1280480053885,33.0018333333334,0.734562869668274,59.2224295191311,32.6752,32.313328734704,0.69012999680087,0.619910189862463
"6356453","2009-06-03",18.3668259340515,0.583148558758314,0.576749422699123,0.449834512011245,35.283930535389,30.4534027979444,32.8686666666667,0.709362907802764,57.7942333009295,32.7444,32.4808849034101,0.943383666933251,0.68460488527662
"6356452","2009-06-04",18.3008365226253,0.476718403547672,0.564671101256464,0.534609206861436,34.4492665630556,30.9747334369444,32.712,0.718158806518085,54.822832643639,32.7572,32.5621002496221,1.01199132587411,0.750082173396117
"6356451","2009-06-05",18.4750826370676,0.631929046563192,0.563932002956391,0.568450842303992,34.3967534034873,31.0035799298461,32.7001666666667,0.90173798282227,58.1981434145812,32.7616,32.7258202163392,1.22442663755591,0.844951066228076
"6356450","2009-06-08",17.9869952569273,0.472283813747228,0.526977087952695,0.551860064055183,34.4030951105639,31.0025715561028,32.7028333333334,0.679531178132579,53.7498713906713,32.7264,32.7717108541606,1.20048907400896,0.916058667784252
"6356449","2009-06-09",18.2856939366879,0.543237250554323,0.549150036954912,0.546686375954666,34.5473613655419,30.9839719677915,32.7656666666667,0.825813395732985,55.3821453673789,32.6692,32.8541494069392,1.24552340392148,0.981951615011698
"6356448","2009-06-10",18.7302508859668,0.731707317073171,0.582409460458238,0.552845528455281,34.8154129047787,30.9295870952213,32.8725,0.941990990892004,59.4735489103788,32.5916,33.038929486014,1.47139499613467,1.07984029123629
"6356447","2009-06-11",19.4282325207936,0.810309278350515,0.695084615326001,0.60888137091305,35.1604771295863,30.922856203747,33.0416666666667,1.00382043070007,62.2375019245236,32.542,33.2830722212121,1.78037297414437,1.21994682781791
"6356446","2009-06-12",18.9969162061366,0.569072164948454,0.703696253457378,0.660396776413872,35.2584508276637,31.0595491723363,33.159,0.744746543506869,54.767132482748,32.5544,33.3386625917172,1.72000505662848,1.31995847358002
"6356445","2009-06-15",17.672163717309,0.222748815165876,0.53404341948828,0.644274762757219,35.2264410890666,31.2048922442668,33.2156666666667,0.433939216724866,48.4034043427976,32.5488,33.2281742461549,1.36826474135892,1.3296197271358
"6356444","2009-06-16",16.4420364062549,0.222748815165876,0.338189931760067,0.525309868235241,35.2184059258107,31.271260740856,33.2448333333334,0.409259312773214,48.4034043427976,32.5676,33.1324176800009,1.07680448537217,1.27905667878308
"6356443","2009-06-17",15.3221510442874,0.165024630541872,0.203507420291206,0.35858025717985,35.2170083887728,31.2599916112272,33.2385,0.387499424012347,47.8078709617482,32.5944,33.0347619893341,0.809401893770523,1.18512572178057
"6356442","2009-06-18",14.282257493889,0.0176991150442485,0.135157520250663,0.225618290767312,35.192754306361,31.2209123603057,33.2068333333334,0.395052890070981,48.1823702477677,32.6356,32.9581270574229,0.604919006456917,1.06908437871584
"6356441","2009-06-19",13.4979882124826,0.0707964601769917,0.0845067352543683,0.141057225265412,35.1675661941505,31.3487671391828,33.2581666666667,0.437633097935105,49.35639309381,32.6816,32.9157101164332,0.481303969728542,0.951528296918377
"6356440","2009-06-22",13.1565798661827,0,0.0294985250737444,0.083054260192925,35.102856299549,31.4694770337843,33.2861666666667,0.14876590817499,43.4646073699434,32.6912,32.7456154342421,0.135648130952237,0.788352263725149
"6356439","2009-06-23",12.8395578303328,0,0.023598820058995,0.0458680267957023,35.0893870822591,31.4949462510743,33.2921666666667,0.108052156232337,43.4646073699434,32.6772,32.5982000430098,-0.137988822234769,0.603084046533165
"6356438","2009-06-24",11.9699980745112,0,-2.28520905902011e-15,0.0176991150442455,35.1192733290849,31.3950600042485,33.2571666666667,0.183020306026136,43.1065379024752,32.6384,32.4624400372752,-0.366584606210785,0.409150315984375
"6356437","2009-06-25",11.4169081010698,0,-2.28520905902011e-15,0.00786627335299655,35.1113487141874,31.4126512858126,33.262,0.181329254557441,42.2935529906021,32.5756,32.3274480323051,-0.574545838867901,0.21241108501392
"6356436","2009-06-26",10.9033245543027,0.264976958525346,0.0883256528417798,0.0294418842805915,35.0932347365952,31.4857652634049,33.2895,0.36246129860445,51.0826015717971,32.6228,32.3637882946645,-0.447297552541925,0.0804693575027509
"6356435","2009-06-29",10.9688657579444,0.311059907834101,0.19201228878648,0.0934459805427523,35.0693212038085,31.4670121295248,33.2681666666667,0.458868974424092,52.4392978260072,32.6908,32.4219498553759,-0.293274806957422,0.00572052461071633
"6356434","2009-06-30",11.0297254470402,0.336405529953916,0.304147465437786,0.194828469022015,34.9415970002349,31.4787363330985,33.2101666666667,0.494176298556255,53.2079654269859,32.7696,32.4870232079924,-0.142379703434037,-0.0238995209982343
"6356433","2009-07-01",11.6333790238452,0.539083557951484,0.395516331913165,0.29722536204581,34.9259415189091,31.4813918144243,33.2036666666667,0.658608056264068,56.8912986967585,32.8132,32.6154201135934,0.109502733873557,0.00278092997612387
"6356432","2009-07-02",10.8858549181261,0.227586206896552,0.367691764933982,0.35578518742831,34.8985708940798,31.4144291059202,33.1565,0.319228558529461,47.0035867131693,32.8348,32.5480307651143,-0.0227498775810298,-0.00232523153530685
"6356431","2009-07-06",10.2979574920774,0.189655172413793,0.318774979087274,0.360661025311473,34.7974038064375,31.3365961935625,33.067,0.270670099165849,46.2923216259897,32.8456,32.4749599964324,-0.153351375088728,-0.0325304602459911
"6356430","2009-07-07",10.3167650709514,0,0.139080459770113,0.275182401263789,34.7972739142081,31.1920594191253,32.9946666666667,0.187119864424574,42.5133864523364,32.7848,32.3316319969081,-0.402163089616248,-0.106456986120042
"6356429","2009-07-08",10.9562662281999,0,0.0632183908045954,0.173691276553994,34.7813163640855,30.9246836359145,32.853,0.0437297791378773,38.3548032760781,32.6592,32.1087477306537,-0.777408146027136,-0.240647218101461
"6356428","2009-07-09",11.5500887313592,0.10840108401084,0.0361336946702775,0.0794775150816616,34.5580678119947,30.8172655213386,32.6876666666667,0.124590335383093,41.6758939830961,32.5588,31.9689146998998,-0.965190307483355,-0.38555583597784
"6356427","2009-07-10",11.8860760038272,0.157181571815718,0.0885275519421834,0.0626265458056851,34.058327220961,30.9453394457057,32.5018333333334,0.16532687933607,43.1598928842868,32.4848,31.8717260732465,-1.05733504930239,-0.51991167864275
"6356426","2009-07-13",14.0226890300832,0,0.0885275519421834,0.0710629328515478,34.2385189434209,30.2514810565792,32.245,-0.301346786932821,30.4563246848783,32.2732,31.4221625968137,-1.81123244285905,-0.778175831486009
"6356425","2009-07-14",16.006686840178,0.128205128205128,0.0951289000069463,0.0907280012971041,34.3579186971458,29.7920813028542,32.075,-0.0530201323325473,36.0084984557395,32.1204,31.1325409172385,-2.19983981301417,-1.06250862779164
"6356424","2009-07-15",17.5077914384353,0.242735042735043,0.123646723646721,0.102434391865283,34.3417096025718,29.5282903974283,31.935,0.116004080559147,40.5729422396676,31.9816,30.97086879494,-2.31124496609413,-1.31225589545214
"6356423","2009-07-16",17.7629241837467,0.268376068376068,0.213105413105411,0.143960345586359,34.2699073300375,29.3720926699626,31.821,0.233010177513191,41.5776635707165,31.8148,30.8507529556147,-2.33522800569943,-1.5168503175016
"6356422","2009-07-17",17.9998331615359,0.377777777777778,0.296296296296294,0.211016144349475,34.1639370302687,29.291729636398,31.7278333333333,0.335563923720786,45.7890204585984,31.6484,30.8319858948661,-2.16236908402787,-1.64595407080685
"6356421","2009-07-20",18.4789974212378,0.317948717948718,0.321367521367519,0.276923076923074,34.0127397346545,29.2062602653455,31.6095,0.301067148466538,43.9242711979475,31.5148,30.7690544422173,-2.09319408709058,-1.7354020740636
"6356420","2009-07-21",18.6432362023133,0.398290598290598,0.364672364672362,0.327445394112058,33.9691213312455,29.1532120020879,31.5611666666667,0.392474442947219,47.043131236101,31.4476,30.7771805165883,-1.89339865395309,-1.7670013900415
"6356419","2009-07-22",18.2474270221679,0.537037037037037,0.417758784425448,0.367932890155109,33.9406026365634,29.1317306967699,31.5361666666667,0.468218464694672,48.8677036857525,31.3916,30.8215564477099,-1.64262580248216,-1.74212627252963
"6356418","2009-07-23",17.662071348921,0.496124031007752,0.477150555445127,0.419860568180979,33.9272406874827,29.1300926458507,31.5286666666667,0.582965961555899,48.5460493836747,31.338,30.8533489213485,-1.44030865574718,-1.68176274917314
"6356417","2009-07-24",17.1753340314369,0.835564053537285,0.622908373860689,0.505939237910421,34.0743571427434,29.0903095239233,31.5823333333333,0.815874456614044,59.0531171336143,31.3544,31.1222357318354,-0.799518712944502,-1.50531394192741
"6356416","2009-07-27",16.9489601685331,0.832727272727272,0.721471785757434,0.607176905021083,34.1741244657077,29.0498755342923,31.612,0.846327177000844,60.0718661975642,31.372,31.3832709675907,-0.238322957628967,-1.25191574506772
"6356415","2009-07-28",16.8411718140805,0.843416370106762,0.837235898790438,0.727205352802853,34.2492034787312,29.0161298546021,31.6326666666667,0.863202737661268,60.8706592498987,31.436,31.6308348385786,0.241084034870576,-0.953315789080063
"6356414","2009-07-29",16.341885897266,0.782918149466192,0.819687264100073,0.792798316215981,34.2492034787312,29.0161298546021,31.6326666666667,0.797594386242273,58.2058535615813,31.4864,31.8000568601014,0.525813844742529,-0.657489862315545
"6356413","2009-07-30",16.3706883477698,0.874354561101548,0.833563026891499,0.83016206326067,34.2649061611452,29.0077605055214,31.6363333333333,0.916005213334817,61.807115264563,31.5664,32.0373826120879,0.910544665321567,-0.343882956788123
"6356412","2009-07-31",16.4602489920224,0.855750487329434,0.837674399299056,0.830308230096876,34.4873461691723,28.9213204974944,31.7043333333333,0.89208107580924,62.1172906110115,31.654,32.2510649304762,1.2133639489315,-0.032433575644198
"6356411","2009-08-03",16.9609299203009,0.732251521298174,0.82078552324305,0.830674316477868,34.7350571187296,28.8432762146037,31.7891666666667,0.870148409932579,61.1369995270483,31.6912,32.4215896064127,1.4072686241529,0.255506864315222
"6356410","2009-08-04",16.5594984752332,0.583682008368201,0.723894672331934,0.794118198291347,34.8934419303107,28.8375580696894,31.8655,0.752289074311372,55.4019831827983,31.6936,32.4800443255577,1.37761111604933,0.479927714662043
"6356409","2009-08-05",15.5368457970378,0.360801781737194,0.558911770467854,0.701197322014279,34.9473063752733,28.9163602913934,31.9318333333333,0.580943629718641,48.9120667303238,31.6564,32.4133717488167,1.12274567360249,0.608491306450132
"6356408","2009-08-06",15.1171028015466,0.238307349665924,0.394263713257104,0.559023385352297,34.9599622177273,28.9570377822727,31.9585,0.476372627232213,45.3374034491064,31.5756,32.2822555156411,0.774602896565768,0.641713624473259
"6356407","2009-08-07",14.0862070589992,0.288557213930348,0.29588878177782,0.416354755167592,35.002943369119,29.007056630881,32.005,0.564210685893165,49.3928702690333,31.5708,32.2432881135556,0.6309262002548,0.639556139629567
"6356406","2009-08-10",13.1289467266338,0.379947229551451,0.302270597715906,0.330807697583609,34.8731254833682,29.5035411832985,32.1883333333333,0.598393712400876,52.8254835966475,31.5908,32.2775163650815,0.637227240388616,0.639090359781377
"6356405","2009-08-11",12.4258666375219,0.33509234828496,0.334532263922251,0.310897214471992,34.7378272883007,29.9405060450326,32.3391666666667,0.547422298500278,51.5698230522009,31.628,32.2845141830707,0.592851829708785,0.629842653766859
"6356404","2009-08-12",12.1871509131937,0.342105263157895,0.352381613664767,0.329728158434307,34.6642464917789,30.3074201748877,32.4858333333333,0.622604535460992,53.4618922407811,31.7056,32.3265789586612,0.617945132131692,0.627463149439825
"6356403","2009-08-13",11.9654863120318,0.380116959064326,0.352438190169058,0.346450689252025,34.5973875540899,30.6202791125767,32.6088333333333,0.591649499972222,54.3859181874044,31.7724,32.3803684308397,0.66244552579291,0.634459624710442
"6356402","2009-08-14",11.4727179062569,0.12280701754386,0.281676413255358,0.328832072363061,34.5179433589759,30.8300566410242,32.674,0.379605846394703,47.5092561700272,31.7968,32.3096526400611,0.47280670796479,0.602129041361312
"6356401","2009-08-17",11.6670506358156,0,0.16764132553606,0.267251976320159,34.402342196804,31.0333244698627,32.7178333333333,0.147424433586526,43.0464747191348,31.904,32.159032288053,0.15267563482908,0.512238360054865
"6356400","2009-08-18",11.8475024561202,0.0217983651226163,0.0482017942221565,0.165839844337858,34.3499324496462,31.1260675503539,32.738,0.0994455804842125,43.7262001174463,31.9844,32.0391613163126,-0.0810137624873142,0.39358793554643
"6356399","2009-08-19",11.6643322050944,0,0.00726612170753649,0.0743697471552507,34.3408098351239,31.1431901648761,32.742,0.100119214125424,42.9668642263223,32.0336,31.9206064741376,-0.291400733546154,0.256590201727913
"6356398","2009-08-20",11.0166362923607,0.12972972972973,0.0505093649507797,0.0353257602934907,34.3416919623813,31.1406413709521,32.7411666666667,0.24034566373548,47.2699830300426,32.096,31.8818589442526,-0.333303686988251,0.13861142398468
"6356397","2009-08-21",11.3238591673307,0.190332326283989,0.10668735200457,0.054820946220962,34.2987629234735,31.1095704098599,32.7041666666667,0.409851788886126,48.5757297061686,32.1388,31.8682777516856,-0.324829973723828,0.0459231444429784
"6356396","2009-08-24",11.6828133484839,0.66789667896679,0.329319578326834,0.162172098427394,34.2789358313305,31.1137308353363,32.6963333333334,0.66860414012427,57.4930844146123,32.2428,32.0138407181275,-0.0196111193707105,0.0328162916802407
"6356395","2009-08-25",12.016127945269,0.697416974169742,0.518548659806838,0.318185196712747,34.2435787185378,31.1240879481289,32.6838333333334,0.692178802286177,58.0245267749581,32.3312,32.1506619557105,0.23851038259799,0.0739551098637904
"6356394","2009-08-26",12.0012844172223,0.612546125461256,0.659286592865927,0.502384943666533,34.2257775707483,31.1248890959184,32.6753333333334,0.611150939307982,55.8621241790306,32.3992,32.2385736949491,0.380180508848249,0.135200189660682
"6356393","2009-08-27",11.217787619806,0.350553505535056,0.553505535055349,0.577113595909371,34.0658658523689,31.1444674809645,32.6051666666667,0.436617111695841,49.7042139559141,32.4408,32.2200972022892,0.310978888374414,0.170355929403428
"6356392","2009-08-28",10.7350729277833,0.575645756457565,0.51291512915129,0.575235752357522,33.9060535218055,31.2092798115279,32.5576666666667,0.640538302696877,54.3592675185049,32.4344,32.2854175753173,0.404059474222418,0.217096638367226
"6356391","2009-08-31",10.5972762187275,0.273062730627307,0.399753997539974,0.488724887248871,33.6593246495721,31.2890086837613,32.4741666666667,0.426521751032838,47.9364230205967,32.3868,32.2326952319417,0.269624172026228,0.227602145099027
"6356390","2009-09-01",10.3923199061204,0.408396946564885,0.419035144549917,0.44390142374706,33.5401978849083,31.3228021150918,32.4315,0.548931274009315,50.4726253096046,32.346,32.2310025343495,0.242832436892715,0.230648203457764
"6356389","2009-09-02",10.6802910959943,0.240458015267176,0.307305897486454,0.375365013192114,33.5362212316243,31.2804454350424,32.4083333333334,0.299773245483398,47.1729845356698,32.3012,32.1708688631029,0.11007713081137,0.206533988928486
"6356388","2009-09-03",11.4554014712709,0.0458015267175576,0.231552162849871,0.31929773496208,33.5544771613344,31.2375228386657,32.396,0.143497503632868,43.6139032613141,32.2088,32.0507530146891,-0.122197449618389,0.140787701219111
"6356387","2009-09-04",10.9803390920847,0.332061068702291,0.206106870229006,0.248321643521776,33.5536838702986,31.2366494630348,32.3951666666667,0.490577035340991,49.632196370288,32.144,32.0466526127306,-0.116428931234358,0.089344374728417
"6356386","2009-09-08",10.4166134409652,0.721374045801526,0.366412213740456,0.268023748939777,33.6265780109267,31.21408865574,32.4203333333334,0.831469510921335,56.4414337060286,32.1244,32.1790989310332,0.142839104869807,0.100043320756695
"6356385","2009-09-09",10.5256893698364,0.614334470989761,0.555923195164524,0.376147426377995,33.7502849481135,31.1783817185533,32.4643333333334,0.881948015011936,56.6271581656679,32.1328,32.2978857402288,0.350831624288839,0.150200981463124
"6356384","2009-09-10",11.1403892229367,0.767908309455589,0.701205608748956,0.541180339217978,34.0055461997221,31.0431204669446,32.5243333333334,1.07239128323289,61.7756678472136,32.2116,32.5181676415316,0.725075055716196,0.265175796313738
"6356383","2009-09-11",12.6396054484149,0.770700636942675,0.717647805796006,0.658258869903162,34.5355476153119,30.7417857180214,32.6386666666667,1.1909588435704,66.4110514568124,32.3504,32.8357452893274,1.23819940353036,0.459780517757063
"6356382","2009-09-14",14.0317348006446,0.8343949044586,0.791001283618952,0.736618232721304,35.0355575970241,30.560442402976,32.798,1.08516184569941,67.7414240779272,32.4788,33.1509792507504,1.69269607560807,0.706363629327264
"6356381","2009-09-15",14.2395892517774,0.653927813163483,0.753007784854917,0.753885624756625,35.2872211598727,30.6387788401273,32.963,0.901639919692977,60.4373576782257,32.5528,33.3108486839837,1.82147012163199,0.929384927788208
"6356380","2009-09-16",15.2453422537955,0.693404634581104,0.727242450734394,0.757083839736087,35.6859873327699,30.6686793338968,33.1773333333334,1.00943653460662,64.37891878965,32.666,33.5574021927859,2.09226478691713,1.16196089961399
"6356379","2009-09-17",16.287783831973,0.819757365684576,0.722363271143052,0.734204502244121,36.1557733952552,30.6872266047449,33.4215,1.03490749530438,67.945491242551,32.802,33.8830819004144,2.47438225112291,1.42444516991578
"6356378","2009-09-18",17.2557652974236,0.880415944540728,0.797859314935467,0.749155012270971,36.6175906251961,30.6910760414706,33.6543333333334,0.991407435549171,69.3237162971259,32.9468,34.2120043136925,2.82089822900042,1.70373578173271
"6356377","2009-09-21",17.8513652692008,0.842287694974004,0.847487001733101,0.78923652927054,36.9920222177168,30.7169777822832,33.8545,0.908841726365032,67.3631009148724,33.118,34.4677370718668,3.00346353620058,1.96368133262628
"6356376","2009-09-22",17.864637965178,0.772963604852686,0.831889081455804,0.825745132708124,37.2543485804732,30.7339847528602,33.9941666666667,0.81120451562432,63.8284474358765,33.3,34.6360387956179,3.0167319437697,2.17429145485496
"6356375","2009-09-23",18.1825859905658,0.805892547660312,0.807047949162332,0.828808010783745,37.5297207822505,30.7566125510829,34.1431666666667,0.813027135298137,64.7739591221497,33.4864,34.8072336228689,3.03424017900533,2.34628119968504
"6356374","2009-09-24",17.6654328700847,0.653386454183266,0.744080868898753,0.794339299838963,37.6829345351175,30.8680654648826,34.2755,0.704136961741906,59.3244631071538,33.6524,34.8729358064863,2.87033629904372,2.45109221955677
"6356373","2009-09-25",16.901388205747,0.5075,0.655593000614525,0.735573939558536,37.7438487047359,31.0954846285974,34.4196666666667,0.632914903056858,57.3953682938267,33.79,34.8992110322882,2.65645380613571,2.49216453687256
"6356372","2009-09-28",16.0783091816509,0.481108312342569,0.547331588841943,0.64900181945174,37.7962336014098,31.2640997319236,34.5301666666667,0.59437957217623,56.6195050422602,33.918,34.9099828946497,2.4380410109029,2.48133983167863
"6356371","2009-09-29",15.1824415598004,0.300970873786408,0.429859728709657,0.544261439388708,37.7767750106264,31.5618916560403,34.6693333333334,0.566614283226166,55.7182494501234,33.9948,34.9059851753631,2.216348906809,2.4283416467047
"6356370","2009-09-30",14.6516931015684,0,0.26069306204299,0.41262812653153,37.7263766591926,31.8259566741407,34.7761666666667,0.483136793609251,50.1322933734943,34.0424,34.815853818648,1.8689322770572,2.3164597727752
"6356369","2009-10-01",14.8416642745603,0,0.100323624595468,0.263625471782705,37.5589630177416,32.2313703155918,34.8951666666667,0.395168412597559,45.3150978317822,34.0736,34.6524066428283,1.42835613050489,2.13883904432114
"6356368","2009-10-02",15.1978057630136,0,-1.75785312232316e-15,0.120338895546152,37.269970530501,32.7266961361657,34.9983333333333,0.199555897019568,44.0335419786632,34.126,34.4867524237845,1.02457649412946,1.9159865342828
"6356367","2009-10-05",15.7490553932562,0,-1.75785312232316e-15,0.0334412081984875,37.1165803061148,32.9850863605519,35.0508333333334,0.10607469805252,42.4532391838891,34.1452,34.3138521006133,0.644559867004713,1.66170120082719
"6356366","2009-10-06",16.6017491891311,0,-1.75785312232316e-15,-2.27595720048157e-15,37.1078615708364,33.0008050958303,35.0543333333333,0.0704141532821845,39.9941023866475,34.1832,34.1173384871982,0.256565925296703,1.38067414572109
"6356365","2009-10-07",17.6638946698125,0,-1.75785312232316e-15,-2.27595720048157e-15,37.2091273880218,32.8245392786449,35.0168333333333,-0.0291641104679336,38.0284999251241,34.1964,33.9083600222384,-0.120149509959633,1.08050941458494
"6356364","2009-10-08",17.5967948931487,0.0696629213483151,0.0232209737827699,0.00774032459425495,37.2827512312541,32.6409154354126,34.9618333333333,0.103210149100192,41.3469747693897,34.2396,33.7685786859399,-0.342327572084233,0.795942017251109
"6356363","2009-10-09",17.7270285509893,0.0295454545454551,0.033069458631255,0.0187634774713405,37.3194982472692,32.3748350860642,34.8471666666667,0.119690980215983,40.0073540819705,34.296,33.623434861148,-0.556134322618607,0.525526749277166
"6356362","2009-10-12",16.9467404861592,0.209090909090909,0.102766428328225,0.0530189535807493,37.2676988217456,32.2546345115878,34.7611666666667,0.287654828635839,47.9743547150469,34.354,33.6029768796616,-0.530047451165494,0.314411909188634
"6356361","2009-10-13",16.2221872831027,0.254545454545455,0.164393939393938,0.100076608784472,37.2523855777087,32.159281088958,34.7058333333334,0.307092117946907,48.5333798388838,34.3736,33.59324662904,-0.489311545897875,0.153667218171332
"6356360","2009-10-14",15.2099515658839,0.496951219512196,0.320195861049518,0.19578540959056,37.1415480871158,32.1274519128842,34.6345,0.434617661500362,54.2665473398246,34.418,33.6714804118347,-0.297428201941397,0.0634481341487867
"6356359","2009-10-15",14.8317144937015,0.503048780487806,0.418181818181817,0.300923872875091,36.921524312723,32.1594756872771,34.5405,0.484495468412729,54.434738887634,34.428,33.7419496902567,-0.139240378602234,0.0229104315985824
"6356358","2009-10-16",14.2267088397543,0.451219512195123,0.483739837398373,0.407372505543236,36.6227249225641,32.2382750774359,34.4305,0.485440970797221,52.6618958885733,34.3932,33.7803563982225,-0.0540970283660958,0.00750893960564679
"6356357","2009-10-19",13.6649178753748,0.524390243902441,0.492886178861788,0.464935944813992,36.3254542403287,32.3378790930047,34.3316666666667,0.528003651979221,54.8952785561025,34.356,33.8456422117928,0.0697635636675464,0.0199598644180267
"6356356","2009-10-20",12.7014264199503,0.439024390243904,0.471544715447154,0.482723577235771,36.0812485158879,32.4080848174454,34.2446666666667,0.510526801918206,51.8233625111883,34.3416,33.8648899168871,0.0998761760730771,0.0359431267490368
"6356355","2009-10-21",12.0382228172742,0.582329317269077,0.515247983805139,0.493226292704693,35.7368499124703,32.5601500875297,34.1485,0.5602826866097,51.9268299651396,34.2952,33.8829045946355,0.124662758155325,0.0536870530302944
"6356354","2009-10-22",11.6775413087763,0.389558232931729,0.470303980148235,0.485698893133509,35.4880305532883,32.6259694467118,34.057,0.423015852866638,46.7380657794693,34.196,33.8345173153508,0.0295671499218164,0.0488630724085988
"6356353","2009-10-23",12.1000158736866,0.160642570281127,0.377510040160642,0.454354001371338,35.2981775551784,32.627155778155,33.9626666666667,0.295583845591673,41.4422404655484,34.06,33.716581673304,-0.18014054625678,0.00306234867552316
"6356352","2009-10-26",12.8383710055365,0.044176706827309,0.198125836680053,0.348646618996309,35.138336741092,32.570663258908,33.8545,0.160717504499176,39.0197859889572,33.9212,33.5757041168635,-0.411958546840518,-0.0799418304276852
"6356351","2009-10-27",13.6190888320078,0,0.0682730923694766,0.214636323070057,34.9668254810932,32.5188411855735,33.7428333333334,0.135278161315242,38.353751195555,33.7952,33.4429435679483,-0.608964321938299,-0.185746328729808
"6356350","2009-10-28",14.4428738745068,0,0.0147255689424344,0.0937081659973208,34.8689422958643,32.4197243708024,33.6443333333334,0.117156702524539,37.6614520778829,33.6584,33.3172177588886,-0.776463507331304,-0.303889764450107
"6356349","2009-10-29",14.5595493759042,0.0984251968503937,0.0328083989501293,0.0386023534206796,34.7904457703429,32.3625542296572,33.5765,0.254313572083392,41.2314317785953,33.5564,33.2415887243701,-0.839595646215596,-0.411030940803205
"6356348","2009-10-30",15.4777053087832,0,0.0328083989501293,0.0267807889475638,34.8147340883681,32.2305992449652,33.5226666666667,0.126180498101267,35.6093432779459,33.438,33.0907102277874,-1.03415072150097,-0.535654896942758
"6356347","2009-11-02",16.1677293827132,0.0443686006825947,0.0475979325109942,0.0377382434704171,34.8293205636223,32.1406794363777,33.485,0.196872895478148,37.4743297222242,33.3284,32.9772821974158,-1.14457393484538,-0.657438704523283
"6356346","2009-11-03",17.4329911527764,0,0.014789533560863,0.0317319550073283,34.9085567844031,31.9347765489303,33.4216666666667,0.0297791959697304,33.1055721703475,33.2008,32.8056445710937,-1.35266297331629,-0.796483558281884
"6356345","2009-11-04",18.9854738089288,0,0.014789533560863,0.0257256665442395,35.0059491857859,31.7413841475475,33.3736666666667,-0.00144505648548448,30.4631373182622,33.084,32.6062252949478,-1.59511486719396,-0.956209820064299
"6356344","2009-11-05",20.4466670934605,0,-1.92669954065157e-15,0.00985968904057415,35.113374514816,31.4742921518507,33.2938333333334,0.0134762493923403,30.3259390811216,32.992,32.4307285889548,-1.77421717931422,-1.11981129191428
"6356343","2009-11-06",21.8244027041846,0,-1.92669954065157e-15,0.00492984452028584,35.2015556575338,31.2367776757996,33.2191666666667,0.0596642885487076,30.1795625245363,32.9064,32.2759647770941,-1.90124499025458,-1.27609803158234
"6356342","2009-11-09",21.8535910640148,0.104,0.0346666666666648,0.0115555555555531,35.1775752998201,31.0827580335133,33.1301666666667,0.203649779445594,36.6053877996446,32.8452,32.1938361401483,-1.88380210359479,-1.39763884598483
"6356341","2009-11-10",21.7333381456638,0.228125,0.110708333333331,0.0484583333333309,35.1218615672821,30.9828050993846,33.0523333333334,0.286022086546558,41.6474177340915,32.8116,32.1679913214618,-1.76469867915906,-1.47105081261968
"6356340","2009-11-11",20.7058340132618,0.298701298701298,0.210275432900431,0.118550144300142,34.9610943358287,30.957572330838,32.9593333333334,0.371946084965285,44.312848703455,32.7972,32.1709258119336,-1.60415661941667,-1.49767197397908
"6356339","2009-11-12",19.7517230331743,0.474576271186441,0.333800856629244,0.218261540954335,34.7477806455186,30.9808860211481,32.8643333333334,0.420978233704525,47.0544116192906,32.7784,32.2001357036758,-1.41044234632357,-1.48022604844798
"6356338","2009-11-13",19.2671182756437,0.389380530973451,0.387552700287061,0.310542996605578,34.5265420829107,30.9937912504227,32.7601666666667,0.365024917990737,44.2397767045227,32.7572,32.1934509431857,-1.30203288398948,-1.44458741555628
"6356337","2009-11-16",18.0809791693829,0.424778761061945,0.429578521073944,0.383644025996749,34.2544093432586,31.0749239900747,32.6646666666667,0.458693524660577,45.4119259810231,32.7076,32.1983241507609,-1.18243076656089,-1.3921560857572
"6356336","2009-11-17",17.184053305277,0.491150442477877,0.435103244837756,0.41741148873292,33.9903528010189,31.1779805323145,32.5841666666667,0.531705143610922,47.6346639584248,32.6616,32.2225475973261,-1.03807010476902,-1.32133888955956
"6356335","2009-11-18",16.3511935743214,0.641592920353982,0.519174041297933,0.461285269069877,33.676051544145,31.3462817891883,32.5111666666667,0.658313212088278,52.3689351342784,32.6032,32.2888745843493,-0.829038855203013,-1.22287888268825
"6356334","2009-11-19",16.0395459960579,0.331858407079647,0.4882005899705,0.480825958702062,33.4306313666659,31.4413686333342,32.436,0.448389589295361,43.6243030239541,32.516,32.2530246397694,-0.828792683426316,-1.14406164283587
"6356333","2009-11-20",15.7820968251848,0.366834170854272,0.446761832762632,0.484712154677021,33.2657548364696,31.4752451635304,32.3705,0.352649032104782,43.4013120430788,32.4348,32.2192880211335,-0.82423542374751,-1.08009639901819
"6356332","2009-11-23",15.296116827849,0.577889447236182,0.425527341723365,0.453496588152165,33.2174087713427,31.4925912286573,32.355,0.684560584209788,49.2662054151962,32.3608,32.2460496183157,-0.707383999777089,-1.00555391916997
"6356331","2009-11-24",14.5415478728688,0.49246231155779,0.479061976549413,0.450450383678469,33.1681237241487,31.5012096091846,32.3346666666667,0.565190321259591,47.1370823309389,32.2912,32.2465763358736,-0.649802321167403,-0.93440359956946
"6356330","2009-11-25",13.8408767003871,0.582914572864322,0.551088777219429,0.485226031830735,33.1479953346724,31.5046713319943,32.3263333333333,0.630021022219874,49.6197590007607,32.2284,32.2710328244238,-0.552775495236391,-0.858077978702846
"6356329","2009-11-27",13.866397162402,0,0.358458961474035,0.462869905080958,33.0579495398296,31.4830504601705,32.2705,0.241464915482197,40.2360480371846,32.1516,32.1815617811673,-0.675837872445439,-0.821629957451365
"6356328","2009-11-30",14.0849224857343,0,0.194304857621439,0.3679508654383,33.043452894238,31.4088804390953,32.2261666666667,0.159747926794633,38.8997557174734,32.092,32.0853535436783,-0.799892414793502,-0.817282448919792
"6356327","2009-12-01",13.3779362712035,0.366666666666665,0.12222222222222,0.224995347105897,32.9986629321744,31.4143370678256,32.2065,0.544288027006044,47.7155123784135,32.0704,32.0899730711879,-0.724223953000958,-0.798670749736025
"6356326","2009-12-02",12.4727859086647,0.416666666666667,0.261111111111109,0.192546063651588,33.0177247453453,31.4336085879881,32.2256666666667,0.614259297943125,48.8003552809349,32.0556,32.1059766616962,-0.634308238338133,-0.765798247456447
"6356325","2009-12-03",12.5922840463355,0.492462311557787,0.425265214963704,0.269532849432344,33.0710366938293,31.4842966395041,32.2776666666667,0.814481252704114,51.5661081601626,32.0532,32.1505131068033,-0.499527484924844,-0.712544094950126
"6356324","2009-12-04",12.7980255166625,0.558252427184465,0.489127135136304,0.391834487070372,33.1068545411695,31.5874787921638,32.3471666666667,0.872631106582533,53.5628316362658,32.0476,32.2117780258962,-0.346179387880308,-0.639271153536163
"6356323","2009-12-07",12.9695059630047,0.553398058252427,0.534704265664891,0.483032205254966,33.0794361955157,31.7455638044844,32.4125,0.775513611700036,53.4233120666732,32.0672,32.2635409557767,-0.224692542943261,-0.556355431417582
"6356322","2009-12-08",12.1967653025606,0.310679611650485,0.474110032362457,0.49931381105455,33.0620717023633,31.80526163097,32.4336666666667,0.425472695677211,46.8519690822947,32.0616,32.2417354950065,-0.2505777679087,-0.495199898715806
"6356321","2009-12-09",11.4792204035769,0.320388349514561,0.394822006472489,0.467878768166612,33.0600527957056,31.8209472042944,32.4405,0.38930187417648,47.1320993689885,32.0788,32.2255040956723,-0.263093021616911,-0.448778523296027
"6356320","2009-12-10",11.1117309703357,0.36893203883495,0.33333333333333,0.400755124056092,33.0590743162312,31.8199256837688,32.4395,0.489643426948847,48.5911339945899,32.1152,32.2247702162493,-0.245169802736023,-0.408056779184026
"6356319","2009-12-11",10.7704907823261,0.475728155339804,0.388349514563103,0.37216828478964,33.0584740755249,31.8198592578085,32.4391666666667,0.597555213779943,51.7462270598106,32.1612,32.2534675207494,-0.173909739325229,-0.361227371212267
"6356318","2009-12-14",12.0898698069309,0.653061224489798,0.499240472888182,0.406974440261538,33.2208314272619,31.7635019060714,32.4921666666667,1.08405916732637,59.3228894771774,32.2328,32.3610051846495,0.0368344879430271,-0.281614999381208
"6356317","2009-12-15",13.7531219535678,0.680701754385964,0.603163711405186,0.496917899618823,33.4508385021144,31.6504948312189,32.5506666666667,1.14024812889938,62.7747715013712,32.3024,32.4995378266962,0.284414558142876,-0.168409087876391
"6356316","2009-12-16",15.9378036092063,0.802259887005649,0.712007621960468,0.604803935417945,33.8922247683717,31.3951085649616,32.6436666666667,1.25673957987461,70.0258284117229,32.3944,32.7395994498034,0.693553695637261,0.00398346882633929
"6356315","2009-12-17",17.4170833536334,0.728813559322034,0.73725840023788,0.684143244534511,34.1546871406175,31.2743128593825,32.7145,1.04929204061227,66.0246703776214,32.4684,32.9129861898296,0.940371168141541,0.19126100868938
"6356314","2009-12-18",19.0183348940097,0.800000000000001,0.777024482109226,0.742096834769191,34.4876231805465,31.1737101527868,32.8306666666667,1.05101023614806,69.0964911222584,32.5512,33.1192546978523,1.2224115742502,0.397491121801544
"6356313","2009-12-21",20.7260602826112,0.830721003134796,0.786511520818942,0.766931467722015,34.8272032874575,31.1164633792092,32.9718333333333,1.02770248389385,71.0432635822743,32.6552,33.3366874048053,1.49636608299015,0.617266114039266
"6356312","2009-12-22",22.4126540560975,0.893939393939393,0.841553465691395,0.801696489539854,35.1763722984303,31.0166277015697,33.0965,0.997666772192944,72.9421893755597,32.768,33.5651290841646,1.76243880411462,0.846300652054337
"6356311","2009-12-23",23.6406679775302,0.846385542168673,0.857015313080952,0.828360099863763,35.4549625745358,31.0017040921309,33.2283333333333,0.915800401881615,70.6149217547571,32.8692,33.744445206276,1.91489345975651,1.06001921359477
"6356310","2009-12-24",24.9782790948392,0.9002849002849,0.880203278797654,0.859590685856667,35.7588310773084,30.9815022560249,33.3701666666667,0.920004583117831,72.9394205064522,32.9708,33.9465191787725,2.09262870104323,1.26654111108446
"6356309","2009-12-28",25.8397046723567,0.857549857549857,0.868073433334475,0.868430675071027,35.9607123644195,31.1202876355805,33.5405,0.857303355983569,70.3702127303206,33.0944,34.1016499549362,2.17066033019844,1.44736495490726
"6356308","2009-12-29",26.63959985148,0.879656160458452,0.879163639431068,0.875813450521065,36.0955049081498,31.3471617585168,33.7213333333333,0.82965884815092,70.9577701153555,33.222,34.246763294278,2.22411531547677,1.60271502702116
"6356307","2009-12-30",27.557481484339,0.885294117647059,0.874166711885121,0.873801261550221,36.2548391005814,31.4961608994186,33.8755,0.811956374700278,71.264597227444,33.3344,34.3778615217076,2.24853883924347,1.73187978946562
"6356306","2009-12-31",27.111955088761,0.720125786163522,0.828358688089676,0.860563013135288,36.333174351985,31.677825648015,34.0055,0.715057287934819,62.3913451558019,33.4336,34.4248133188133,2.12548042171383,1.81059991591527
"6356305","2010-01-04",26.6982520071529,0.695312500000002,0.766910801270192,0.823145400414996,36.4052633725193,31.8234032941474,34.1143333333333,0.683113404959789,63.4689957185836,33.53,34.4801715429715,2.03003923816654,1.85448778036552
"6356304","2010-01-05",26.5732543402408,0.662162162162162,0.692533482775227,0.762600990711698,36.4742601644196,31.9657398355805,34.22,0.678920490056738,63.7738731774543,33.6608,34.5321486705753,1.93877470341972,1.87134516497636
"6356303","2010-01-06",25.3848035623428,0.246835443037975,0.534770035066711,0.66473810637071,36.481643013812,32.1540236528546,34.3178333333333,0.596781463063024,56.3463260894926,33.7796,34.5185288478319,1.74351588656456,1.845779309294
"6356302","2010-01-07",23.7252535745871,0,0.302999201733377,0.510100906525105,36.3770654962829,32.4429345037171,34.41,0.442384565461852,50.3215869696588,33.8552,34.4507250014544,1.4736712081266,1.77135768906052
"6356301","2010-01-08",22.8563516555255,0.173913043478262,0.14024949550541,0.326006244101832,36.235748863028,32.809251136972,34.5225,0.508998498116275,53.8632941265321,33.9384,34.4292950012604,1.31032209041653,1.67915056933172
"6356300","2010-01-11",22.1152355669732,0.267080745341615,0.146997929606624,0.196748875615137,36.0524911847399,33.2165088152601,34.6345,0.51134233661423,55.6859484286268,34.0184,34.4307223344257,1.20219738889988,1.58375993324535
"6356299","2010-01-12",21.2509683522213,0.217391304347827,0.219461697722566,0.168903040944866,35.787807429275,33.6731925707251,34.7305,0.381538711890169,54.4504488616225,34.0884,34.4212926898356,1.08525867812665,1.48405968222161
"6356298","2010-01-13",20.7554138431658,0.142857142857145,0.209109730848861,0.191856452726016,35.64386973624,33.9284635970933,34.7861666666667,0.307917208362152,52.5664460983928,34.154,34.3971203311909,0.95347678066755,1.3779431019108
"6356297","2010-01-14",20.295256084757,0.304347826086958,0.221532091097308,0.216701173222911,35.5378200841342,34.1268465825325,34.8323333333333,0.354237753981061,56.1098746309278,34.25,34.4108376203654,0.899684640984177,1.28229140972548
"6356296","2010-01-15",18.9683718065488,0.0683229813664593,0.171842650103519,0.200828157349895,35.5463811074778,34.1026188925222,34.8245,0.189815034155654,50.2065906460004,34.33,34.3720592709834,0.759131966095516,1.17765952099949
"6356295","2010-01-19",17.7362649767839,0.167701863354039,0.180124223602484,0.191166321601103,35.5363313651366,34.1250019681967,34.8306666666667,0.209021389650707,52.4738842778635,34.4124,34.3597847015189,0.677522855117574,1.0776321878231
"6356294","2010-01-20",17.4101919560053,0,0.0786749482401643,0.143547273982055,35.5897958902946,34.0052041097054,34.7975,-0.00749137823220353,45.3806896966087,34.4656,34.2811467413164,0.487281143139562,0.959561978886395
"6356293","2010-01-21",18.3235769181716,0.261194029850745,0.142965297734926,0.133921489859191,35.6111994324857,34.0038005675143,34.8075,0.700634706809839,54.4765952758159,34.522,34.3063271758075,0.49556288981063,0.866762161071242
"6356292","2010-01-22",19.1717200973261,0.283582089552238,0.181592039800992,0.134410761925361,35.5771014058935,34.0035652607732,34.7903333333334,0.520971872875191,55.165798131531,34.5672,34.3361502190332,0.510287337182169,0.795467196293427
"6356291","2010-01-25",19.1007042109762,0.111940298507462,0.218905472636813,0.181154270057577,35.554390316098,33.947609683902,34.751,0.215165432358247,49.0363454954697,34.558,34.3006635231621,0.409027535462414,0.718179264127225
"6356290","2010-01-26",19.1584095417197,0.171641791044774,0.189054726368156,0.19651741293532,35.4643778020457,33.943288864621,34.7038333333333,0.322166874437993,51.0726841847319,34.5656,34.2912417200738,0.362255643468457,0.646994539995471
"6356289","2010-01-27",18.9840542404263,0.12686567164179,0.136815920398007,0.181592039800991,35.3873315085135,33.9260018248198,34.6566666666667,0.274178268133248,49.4759609867307,34.5516,34.2670761573973,0.293548142837419,0.576305260563861
"6356288","2010-01-28",18.8221528892253,0.134328358208955,0.144278606965171,0.156716417910444,35.2917691213291,33.9265642120043,34.6091666666667,0.30039626422469,49.7578916031076,34.5268,34.248799336411,0.241024699117687,0.509249148274626
"6356287","2010-01-29",18.9350412090799,0.104477611940296,0.121890547263678,0.134328358208952,35.1558225243095,33.9608441423572,34.5583333333334,0.320080427188347,48.589912767783,34.4868,34.2222927582229,0.178471266185198,0.44309357185674
"6356286","2010-02-01",18.8615010632129,0.0746268656716402,0.104477611940295,0.123548922056381,35.0978267241003,33.9378399425664,34.5178333333333,0.223129028899799,47.3918990295282,34.4492,34.1886537237932,0.108739464703489,0.37622275042609
"6356285","2010-02-02",19.204253919111,0.10820895522388,0.0957711442786038,0.107379767827525,35.0358059770278,33.9391940229722,34.4875,0.371574139956713,48.9177867926493,34.4012,34.1714998939541,0.0738555187883572,0.315749304098544
"6356284","2010-02-03",18.0595461374023,0,0.0609452736318383,0.0870646766169121,35.0280868287537,33.8062465045797,34.4171666666667,-0.15243113268958,39.2467294333503,34.3308,34.0619665747602,-0.120474403201798,0.228504562638475
"6356283","2010-02-04",16.9966031972442,0.0225806451612904,0.0435965334617217,0.0667709837907209,35.0472673107419,33.6740660225915,34.3606666666667,-0.049081920113566,40.4957779715129,34.26,33.9763710314588,-0.255427850510703,0.13171808000864
"6356282","2010-02-05",17.1000638778677,0,0.00752688172042832,0.0373562296046624,35.2279856732422,33.3666809934245,34.2973333333334,-0.2417735965731,30.9134699327734,34.1484,33.7715215605977,-0.589909866238136,-0.0126075092407156
"6356281","2010-02-08",17.1961345098753,0.0648379052369089,0.029139516799398,0.0267543106605156,35.3168445754619,33.1128220912048,34.2148333333334,-0.0950483760341668,35.2884316990907,34.0672,33.6286520191846,-0.78545826007943,-0.167177659408458
"6356280","2010-02-09",16.0798064207483,0.192019950124689,0.0856192851205308,0.0407618945467853,35.282285672804,33.0273809938627,34.1548333333334,0.194813411363443,42.9236054487854,34.002,33.57283174996,-0.809270731357481,-0.295596273798263
"6356279","2010-02-10",15.6467701651184,0.121212121212121,0.126023325524571,0.0802607091481662,35.3026216733425,32.8597116599909,34.0811666666667,0.0601557183328848,38.9453640607749,33.9192,33.469787516632,-0.91668129261534,-0.419813277561678
"6356278","2010-02-11",15.2446650706049,0.152610441767069,0.155280837701291,0.122307816115464,35.302708423881,32.7142915761191,34.0085,0.11166739138798,39.2411891639981,33.8548,33.3831491810811,-0.986208225700524,-0.533092267189448
"6356277","2010-02-12",15.5170743261013,0,0.0912741876597283,0.12419278362853,35.3130523732179,32.4956142934488,33.9043333333334,0.0169370323441021,35.0363641276739,33.7888,33.2467292902703,-1.14034707955636,-0.65454322966283
"6356276","2010-02-16",14.9316093114748,0.369649805447472,0.174086749071512,0.140213924810843,35.262556229993,32.466443770007,33.8645,0.398251588921624,47.538795616668,33.7496,33.2551653849009,-1.02052164726041,-0.727738913182346
"6356275","2010-02-17",14.6026874121926,0.599221789883268,0.322957198443578,0.196106045058272,35.2222444308191,32.4677555691809,33.845,0.567163096056215,53.5214000349283,33.728,33.3411433335808,-0.773520836882757,-0.736895297922428
"6356274","2010-02-18",14.0464263384992,0.536964980544748,0.501945525291828,0.332996490935639,35.2171645268071,32.4651688065262,33.8411666666667,0.527434635687688,51.7963417521828,33.7032,33.3943242224367,-0.60963757699698,-0.711443753737338
"6356273","2010-02-19",13.6831453294118,0.546874999999999,0.56102059014267,0.461974437959358,35.0282985362733,32.5377014637267,33.783,0.573744030574503,52.0045849171308,33.684,33.4430809927785,-0.469588657606868,-0.663072734511244
"6356272","2010-02-22",13.8087026606719,0.734375,0.606071660181581,0.556345925205359,34.9487012469802,32.5749654196865,33.7618333333333,0.768844855998243,56.825345395969,33.6736,33.549336860408,-0.240340759702629,-0.578526339549521
"6356271","2010-02-23",16.5418671357338,0.678260869565217,0.65317028985507,0.606754180059773,35.6870674325376,32.0949325674624,33.891,1.3311677536651,70.3309548491518,33.7592,33.9107586123536,0.418213513818011,-0.379178368876015
"6356270","2010-02-24",19.0798055768627,0.702608695652174,0.705081521739129,0.654774490591926,36.1461432379378,31.8541900953956,34.0001666666667,1.10962920915073,71.00785865807,33.844,34.2426574640398,0.955949766686692,-0.112152741763473
"6356269","2010-02-25",20.0343772015506,0.528695652173913,0.636521739130433,0.66492451690821,36.3590804623363,31.7899195376637,34.0745,0.88055856687908,60.4064546957195,33.9092,34.3969698021678,1.13026822455364,0.13633145149995
"6356268","2010-02-26",20.9207651387608,0.63304347826087,0.621449275362317,0.654350845410626,36.634447244559,31.7018860887744,34.1681666666667,0.913949927602776,63.8899921471795,33.9704,34.6107071618788,1.39081879213101,0.387228919626162
"6356267","2010-03-01",21.7654137231453,0.667826086956522,0.609855072463766,0.622608695652172,36.9127152458136,31.6246180875198,34.2686666666667,0.894218677203587,64.9955532225422,34.0372,34.8226128736283,1.6224647426353,0.634276084227989
"6356266","2010-03-02",22.549730265788,0.681739130434783,0.66086956521739,0.630724637681157,37.1748040957662,31.5798625709005,34.3773333333333,0.856155047878624,65.4512046554549,34.1256,35.0169311571445,1.80128603275567,0.867678073933525
"6356265","2010-03-03",22.8702509715208,0.636521739130435,0.662028985507245,0.644251207729467,37.3790015280002,31.5616651386665,34.4703333333334,0.798475662593096,62.5992243732955,34.1972,35.1506736695252,1.86003195668023,1.06614885048287
"6356264","2010-03-04",23.0719210109518,0.626086956521739,0.648115942028984,0.657004830917873,37.5634370535307,31.6285629464694,34.596,0.759033857433336,61.9285948232187,34.2712,35.2585838469219,1.87027366740578,1.22697381386745
"6356263","2010-03-05",23.4719309328627,0.61875,0.62711956521739,0.645754830917873,37.7691859713593,31.7041473619741,34.7366666666667,0.777547010290831,64.1353958951263,34.3572,35.3947726673323,1.92821816613853,1.36722268432166
"6356262","2010-03-08",23.9510087248468,0.610983981693363,0.618606979405033,0.631280828883802,37.9271485691323,31.9088514308677,34.918,0.770065318476777,65.0224133743515,34.4516,35.530136311688,1.97964585696229,1.48970731884979
"6356261","2010-03-09",24.3766733738716,0.608695652173913,0.612809877955757,0.619512140859393,38.0338320086292,32.1625013247041,35.0981666666667,0.739894510431218,64.8894654185201,34.5488,35.6461181367963,1.99403809802647,1.59057347468513
"6356260","2010-03-10",25.361082616425,0.632183908045977,0.617287847304416,0.616234901555068,38.1864526113859,32.3412140552808,35.2638333333333,0.759384908265734,65.7197741826558,34.6468,35.7613023852234,2.00621511603873,1.67370180295585
"6356259","2010-03-11",26.2751769130817,0.705426356589147,0.648768638936344,0.626288788065505,38.2977537867611,32.6365795465723,35.4671666666667,0.783716168858473,69.0192430483822,34.7916,35.9224620671936,2.09401891047152,1.75776522445898
"6356258","2010-03-12",26.2821446667531,0.428044280442806,0.588551515025975,0.618202667088911,38.3109404770189,33.0077261896478,35.6593333333334,0.72388937519662,63.1820410768849,34.9172,36.0074671249012,2.04689387889152,1.81559095534549
"6356257","2010-03-15",26.3120773638414,0.715686274509805,0.616385637180584,0.617901930380967,38.1814341790278,33.5882324876389,35.8848333333333,0.754397711772735,65.4824079338205,35.094,36.1211381749143,2.05226715226594,1.86292619472958
"6356256","2010-03-16",26.5684107603421,0.713004484304933,0.618911679752513,0.607949610653024,38.1703590737113,33.9616409262887,36.066,0.770232715400486,66.4603271847395,35.2656,36.2369864182591,2.06080780095841,1.90250251597535
"6356255","2010-03-17",27.0760219044913,0.694736842105264,0.707809200306665,0.647702172413254,38.2071308331484,34.269202500185,36.2381666666667,0.813659000933917,68.5976217117091,35.4284,36.3760548958246,2.10662876221721,1.94332776522372
"6356254","2010-03-18",27.7855717701981,0.654028436018959,0.687256587476384,0.671325822511854,38.1611544676075,34.6818455323925,36.4215,0.833926464986798,69.0372473892408,35.61,36.5045809097146,2.13041867258004,1.98074594669498
"6356253","2010-03-19",29.2610513648307,0.562289562289563,0.637018280137927,0.677361355973658,38.1070267144521,35.1456399522146,36.6263333333334,0.985245635026151,71.1402711832276,35.8024,36.6546367884193,2.18673874601167,2.02194450655832
"6356252","2010-03-22",30.6311395598467,0.737373737373737,0.651230578560751,0.658501815391687,38.0889613836633,35.5533719496701,36.8211666666667,1.08191597591425,74.4865616998342,36.034,36.8540185499634,2.31697067980099,2.08094974120685
"6356251","2010-03-23",31.1109524216974,0.626262626262626,0.641975308641974,0.643408055780217,38.2542023776023,35.5044642890644,36.8793333333333,0.922100807165908,69.0173474069954,36.2144,36.982816076635,2.31944665610495,2.12864912418647
"6356250","2010-03-24",31.2550010314218,0.532075471698112,0.63190394511149,0.641703277438071,38.3865984166793,35.5030682499874,36.9448333333333,0.840496986879007,66.932388818428,36.366,37.077107266417,2.26601136627769,2.15612157260472
"6356249","2010-03-25",30.1837549084381,0.284584980237154,0.480974359399295,0.584951204384253,38.3781418201904,35.668191513143,37.0231666666667,0.63167523124145,58.5767336716497,36.5012,37.0828262975614,2.07546144303674,2.13998954669112
"6356248","2010-03-26",28.0438554401812,0.0118577075098819,0.276172719815047,0.463017008108611,38.36012157942,35.7325450872466,37.0463333333333,0.358044094582576,50.3780447492922,36.608,36.9957827912199,1.75415141053241,2.06282191945938
"6356247","2010-03-29",26.2248188809017,0.144,0.14681422924901,0.301320436154451,38.3524144433177,35.8005855566823,37.0765,0.453040215995302,53.995920873973,36.71,36.9683450857239,1.56008911241579,1.96227535805066
"6356246","2010-03-30",24.418804736409,0.116,0.0906192358366252,0.17120206163356,38.3401986985539,35.8634679681128,37.1018333333333,0.409087143023181,53.1839496668181,36.7284,36.9352324076274,1.37522125707836,1.8448645378562
"6356245","2010-03-31",22.8469702626642,0.0599999999999994,0.106666666666664,0.114700043917433,38.3100926216322,35.9482407117012,37.1291666666667,0.340873455379201,51.5154286780725,36.7356,36.8878680866104,1.18450021808838,1.71279167390264
"6356244","2010-04-01",21.9143884332112,0,0.0586666666666645,0.0853175230566511,38.2732096865679,36.0267903134321,37.15,0.232908286326585,47.8223494713853,36.77,36.804152341729,0.952278260410933,1.5606889912043
"6356243","2010-04-05",20.9499091065809,0.0561797752808983,0.0387265917602973,0.0680199750312085,38.2582958225536,36.0663708441131,37.1623333333333,0.273866956423235,49.6446616867274,36.7864,36.7515986961651,0.791960054250396,1.40694320381352
"6356242","2010-04-06",20.0543211604242,0.127340823970039,0.0611735330836437,0.0528555971702016,38.2495197380176,36.0934802619824,37.1715,0.293680339215609,51.9345701515872,36.8024,36.7313855366764,0.698607592906053,1.26527608163202
"6356241","2010-04-07",19.8437703800277,0,0.0611735330836437,0.0536912193091947,38.2588594588725,36.0728072077942,37.1658333333333,0.146623268213758,47.5247021394205,36.8008,36.6658674651196,0.539207883394144,1.12006244198445
"6356240","2010-04-08",20.0112939636095,0,0.0424469413233443,0.0549313358302104,38.2914997105644,35.9881669561023,37.1398333333333,0.118017270136538,44.9014534325674,36.8004,36.5784184697703,0.35791863603476,0.96763368079451
"6356239","2010-04-09",19.1487143419176,0.189922480620155,0.0633074935400499,0.0556426559823458,38.287775279988,35.9585580533453,37.1231666666667,0.335495520862615,51.0948335124572,36.822,36.5679626738009,0.31867400772867,0.837841746181342
"6356238","2010-04-12",18.1627948775216,0.380566801619435,0.190163094079862,0.0986391763144184,38.2923874483614,35.9762792183053,37.1343333333333,0.472223520257606,55.987693982633,36.8488,36.6189009839608,0.382464634183344,0.746766323781743
"6356237","2010-04-13",17.7997803486277,0.263598326359834,0.278029202866473,0.177166596828795,38.2884143275144,35.9579190058189,37.1231666666667,0.374204138520477,52.1192185067642,36.858,36.6217141860994,0.360418029715848,0.669496664968564
"6356236","2010-04-14",17.5819366330176,0.400000000000002,0.348055042659755,0.272082446535363,38.3060364044403,35.9619635955597,37.134,0.622009862030085,55.4352839645643,36.88,36.6654856279528,0.406537402504092,0.616904812475669
"6356235","2010-04-15",19.0051377765697,0.592875318066159,0.418824548141996,0.348302931222741,38.5954366676209,35.8125633323791,37.204,1.09985961710624,66.6038238103936,36.9532,36.8887542108924,0.739211106283921,0.64136607123732
"6356234","2010-04-16",20.3748858907204,0.779448621553884,0.590774646540013,0.452551412447254,38.9837117758149,35.6072882241851,37.2955,1.12724160667316,70.9964205903624,37.0392,37.1862536494401,1.15659486944686,0.744411830879228
"6356233","2010-04-19",21.533329008052,0.764411027568923,0.712244989062987,0.573948061248332,39.2319090644615,35.4820909355385,37.357,1.01638059947442,70.2311836715522,37.1392,37.4360864961814,1.45380162478286,0.886289789659954
"6356232","2010-04-20",22.3350975973114,0.729323308270677,0.757727652464493,0.686915762689164,39.3902498587571,35.4077501412429,37.399,0.936325622077211,68.3791676495216,37.2216,37.6339416300239,1.63764707244751,1.03656124621747
"6356231","2010-04-21",23.8684973856331,0.668903803131992,0.720879379657195,0.730284007061558,39.6485967170919,35.2947366162414,37.4716666666667,0.964338913019218,68.8841120780699,37.302,37.8160827460207,1.77797925801066,1.18484484857611
"6356230","2010-04-22",25.5953440925348,0.740286298568508,0.712837803323724,0.730481611815137,40.0245062617719,35.1314937382282,37.578,1.00589147716724,72.5954327551274,37.396,38.0579383798846,1.99787819948862,1.34745151875861
"6356229","2010-04-23",27.1988446060865,0.856850715746422,0.755346939148972,0.729688040709963,40.4654283609229,34.9932383057438,37.7293333333333,0.989261759247457,75.4486841944243,37.5104,38.3435465959,2.26298212391105,1.5305576397891
"6356228","2010-04-26",28.6955280056367,0.905930470347648,0.834355828220857,0.767513523564517,40.8780160384375,34.9703172948958,37.9241666666667,0.947861925292947,76.5555092204235,37.6228,38.6230737164467,2.49055939775968,1.72255799138321
"6356227","2010-04-27",28.1646231697903,0.703476482617588,0.822085889570551,0.80392955231346,41.1035733712655,35.0354266287345,38.0695,0.795614692499203,63.7819818374594,37.6748,38.7333305542538,2.43400167927796,1.86484672896216
"6356226","2010-04-28",27.5869704357923,0.659090909090909,0.756165954018713,0.80420255727004,41.2582443111962,35.1534223554705,38.2058333333333,0.728917404984966,63.2083564229111,37.738,38.8222198136866,2.35098228361093,1.96207383989192
"6356225","2010-04-29",28.2096474302673,0.707423580786027,0.689996990831506,0.756082944806923,41.4937058828939,35.2752941171061,38.3845,0.812325194891719,66.3382065526302,37.8256,38.9632571718617,2.35672338482993,2.04100374887952
"6356224","2010-04-30",29.0657417835058,0.757085020242916,0.707866503373282,0.7180098160745,41.7523963981449,35.4396036018551,38.596,0.845964150967154,69.270721082456,37.956,39.1521562156135,2.43493110787425,2.11978922067847
"6356223","2010-05-03",30.3935565433382,0.65804066543438,0.707516422154439,0.701793305453075,42.0284098453697,35.6095901546304,38.819,0.859515733086571,70.0024442772714,38.1192,39.3332020535317,2.49292573847091,2.19441652423695
"6356222","2010-05-04",31.626527391754,0.572139303482587,0.662421663053292,0.692601529527004,42.2376498472496,35.8346834860837,39.0361666666667,0.817639234475531,70.7524568206913,38.2732,39.5074417797275,2.53443262993847,2.26241974537726
"6356221","2010-05-05",32.5793739007105,0.470930232558139,0.567036733825033,0.645658273010921,42.3273391917817,36.201327474885,39.2643333333334,0.776253688621838,69.3167616027294,38.426,39.6451162090971,2.5164177877719,2.31321935385618
"6356220","2010-05-06",30.8189781306188,0,0.347689845346907,0.525716080741744,42.1398816136134,36.6401183863866,39.39,0.387873960898196,42.2589854747264,38.4672,39.3737673812175,1.8830643453521,2.22718835215537
"6356219","2010-05-07",29.1843249155336,0.187368421052632,0.219432884536922,0.37805315456962,41.9796650550626,37.0156682782708,39.4976666666667,0.378256703114959,48.7971392405231,38.5568,39.2572650637219,1.54476510074633,2.09070370187356
"6356218","2010-05-10",27.9059398437969,0.374736842105263,0.18736842105263,0.251497050312153,41.8670911644605,37.4199088355395,39.6435,0.57716496452933,54.3623164271539,38.676,39.2749630552256,1.44294355290688,1.96115167208022
"6356217","2010-05-11",27.3201541183781,0.661052631578947,0.407719298245612,0.271506867945054,41.7674625313107,37.953204135356,39.8603333333333,0.842486847435081,61.2866652510053,38.842,39.4716346478622,1.6219595643024,1.89331325052466
"6356216","2010-05-12",27.042042098768,0.759414225941423,0.598401233208543,0.397829650835595,41.7708088281577,38.3701911718423,40.0705,0.956632732718267,63.439025501918,39.042,39.7074166948139,1.84029241939681,1.88270908429909
"6356215","2010-05-13",26.7837952234158,0.834728033472804,0.751731630331056,0.58595072059507,41.9900272444357,38.4469727555644,40.2185,0.955774343410605,64.979545234883,39.2656,39.9597611355054,2.05964037417807,1.91809534227489
"6356214","2010-05-14",25.5423014422833,0.640167364016737,0.744769874476986,0.698300912672195,42.0631656510783,38.5348343489217,40.299,0.705290623613092,58.1616355401176,39.4324,40.0544596507713,2.02064476512664,1.93860522684524
"6356213","2010-05-17",23.8532324179088,0.523012552301255,0.66596931659693,0.72082360713499,42.0734351477987,38.6588981855347,40.3661666666667,0.579220111830515,54.4564204065718,39.5588,40.0618650306685,1.85530439173562,1.92194505982331
"6356212","2010-05-18",22.2181923814266,0.50836820083682,0.557182705718268,0.655973965597395,42.047784359609,38.8238823070577,40.4358333333333,0.529208910547432,53.9933872523986,39.6948,40.058949693246,1.69070691915321,1.87569743168929
"6356211","2010-05-19",21.3575450495075,0.324267782426778,0.451882845188282,0.558344955834493,42.0386545105772,38.8486788227562,40.4436666666667,0.251199775692074,48.4195640558111,39.7832,39.9390897341466,1.36713398735149,1.77398474282173
"6356210","2010-05-20",21.6741244382185,0,0.27754532775453,0.428870292887027,42.2186780508859,38.4829886157808,40.3508333333334,-0.0766450086625331,40.4481113706519,39.7536,39.627211102927,0.784571023568836,1.57610199897115
"6356209","2010-05-21",22.1935123854477,0,0.108089260808924,0.279172477917245,42.4224988374428,38.0021678292239,40.2123333333334,-0.0826863784358239,38.8158579167146,39.678,39.3075829558701,0.241341937409301,1.30914998665878
"6356208","2010-05-24",22.6758011935891,0.0368217054263575,0.0122739018087837,0.132636163457412,42.5183292461365,37.6250040871969,40.0716666666667,0.0269065666378704,40.151467162428,39.6124,39.0559052284207,-0.151238395436681,1.01707231023969
"6356207","2010-05-25",23.8285507337117,0,0.0122739018087837,0.0442123548088303,42.7922799384729,37.0213867281938,39.9068333333334,-0.0787954385843143,34.9230612157032,39.504,38.6764511979646,-0.708800849908164,0.671897678210119
"6356206","2010-05-26",23.8864830542966,0.169902912621359,0.0689082060159033,0.0311520032111568,42.8639629465934,36.7467037200733,39.8053333333334,0.135130715022884,41.9831568906465,39.4344,38.487591038236,-0.923936652459023,0.352730812076291
"6356205","2010-05-27",23.6221767259339,0.244336569579288,0.138079827400213,0.0730873117416333,42.8361631900306,36.5401701433028,39.6881666666667,0.229219311285706,44.8081143919603,39.358,38.3852455664712,-0.987367611634848,0.0847111273340629
"6356204","2010-05-28",23.4258572048134,0.233009708737864,0.215749730312835,0.14091258790965,42.7403962044667,36.3516037955334,39.546,0.248100543839388,44.4533927960264,39.256,38.2872128242751,-1.04085971741416,-0.140403041615581
"6356203","2010-06-01",23.4318132330702,0.190938511326861,0.222761596548002,0.19219705142035,42.5754512610964,36.1808820722369,39.3781666666667,0.248510553382015,43.0889453369495,39.134,38.1675844477051,-1.12576385948985,-0.337475205190434
"6356202","2010-06-02",23.6053796912692,0.1559934318555,0.193313883973406,0.210608403611414,42.3893810175064,36.0262856491603,39.2078333333334,0.257272221993824,41.8647805186583,39.0424,38.0332398546777,-1.2284119626805,-0.515662556688447
"6356201","2010-06-03",23.3587041330189,0.378623188405797,0.241851710529384,0.219309063683597,42.1758132586345,35.9975200746988,39.0866666666667,0.410439126655225,49.5199606321681,38.9984,38.068807874054,-1.05579566370282,-0.623689178091321
"6356200","2010-06-04",24.0442267942987,0.145985401459854,0.226867340573715,0.220677645025501,42.1916732970888,35.8446600362445,39.0181666666667,0.245575869000382,42.6724431763829,38.8836,37.9276334908468,-1.17965866233281,-0.734883074939618
"6356199","2010-06-07",25.2856918093069,0,0.174869529955215,0.214529527019438,42.2717437136895,35.5099229529772,38.8908333333334,0.123745325896707,37.9420970835314,38.7056,37.6612823587339,-1.49295686426145,-0.886497832803985
"6356198","2010-06-08",26.6534450789878,0,0.0486618004866157,0.150132890338515,42.2727269682899,35.0939396983768,38.6833333333334,0.103461342475309,36.2205086492874,38.5052,37.3731113775694,-1.81640865987917,-1.07247999821902
"6356197","2010-06-09",27.0487367710128,0.0976863753213374,0.0325621251071103,0.0853644851829801,41.9804348523093,34.9025651476908,38.4415,0.201675774192024,38.8606585539587,38.3148,37.1740298605601,-1.97101764952369,-1.25218752847995
"6356196","2010-06-10",27.0920004534413,0.225714285714285,0.107800220345205,0.0630080486463104,41.491439629339,34.8988937039944,38.1951666666667,0.272697829189306,41.666422253172,38.1448,37.0561592124855,-1.98310721818775,-1.39837146642151
"6356195","2010-06-11",26.632033031739,0.414285714285715,0.245895458440444,0.128752601297586,40.8272867657552,35.1080465675782,37.9676666666667,0.380345411344767,45.9652335039351,38.1184,37.0420046508207,-1.82818254662743,-1.4843336824627
"6356194","2010-06-14",25.2943556037727,0.648571428571429,0.429523809523808,0.261073162769819,40.3188144543142,35.3265188790191,37.8226666666667,0.560226134877615,50.8149614779275,38.0892,37.139070697378,-1.50932279104202,-1.48933150417856
"6356193","2010-06-15",23.8579330923821,0.699716713881019,0.587524618912719,0.420981295625657,39.8619136615858,35.5520863384143,37.707,0.643006502840526,51.9477750111948,38.0324,37.2498612710609,-1.19951911532008,-1.43136902640687
"6356192","2010-06-16",22.2679970848853,0.831134564643799,0.726474235698747,0.581174221378424,39.4373454327845,35.8099879005489,37.6236666666667,0.841754750021179,55.6849247897517,37.9484,37.4365464349194,-0.798238579847044,-1.3047429370949
"6356191","2010-06-17",21.2637633772872,0.696569920844327,0.742473733123047,0.685490862578171,39.1742057839502,35.9537942160498,37.564,0.777190243496928,52.3937394135616,37.8244,37.5303402435969,-0.584014292728785,-1.16059720822168
"6356190","2010-06-18",20.3312606488031,0.770448548812666,0.766051011433595,0.74499966008513,39.2351486976612,35.9331846356722,37.5841666666667,0.807645181553372,54.0011764491005,37.6972,37.6489615444506,-0.3503994291021,-0.998557652397763
"6356189","2010-06-21",19.0202927450855,0.717616580310882,0.728211683322623,0.745578809293088,39.34730298287,35.9206970171301,37.634,0.791639407426734,52.9693364844988,37.6012,37.7317666718572,-0.195461781349471,-0.837938478188105
"6356188","2010-06-22",18.8545487117881,0.422279792746115,0.636781640623218,0.710348111793145,39.3446198543764,35.9190468122903,37.6318333333334,0.523791639821622,45.8057943738917,37.482,37.6515311156096,-0.312935509209,-0.732937884392284
"6356187","2010-06-23",18.9667686348142,0.336787564766839,0.492227979274609,0.61907376774015,39.3203915604158,35.9942751062509,37.6573333333334,0.325422027560221,43.9527610915729,37.3524,37.5379936335283,-0.471787124260026,-0.680707732365832
"6356186","2010-06-24",19.5356715855857,0.178756476683937,0.312607944732295,0.480539188210041,39.3429843804171,35.8626822862496,37.6028333333334,0.178332521226776,40.6769994810653,37.2336,37.3582611490579,-0.721604495961758,-0.688887085085017
"6356185","2010-06-25",20.1745430758363,0.139896373056995,0.218480138169255,0.341105354058719,39.3397900921727,35.6955432411607,37.5176666666667,0.160377927932354,39.8897123749196,37.1712,37.1824929958501,-0.942717754623523,-0.739653218992719
"6356184","2010-06-28",20.6574222780676,0.0373563218390792,0.118669723860001,0.216585935587183,39.3221931046844,35.548140228649,37.4351666666667,0.195685238727628,39.7241151175479,37.1224,37.0261605964035,-1.11309002655666,-0.814340580505507
"6356183","2010-06-29",22.0474811937078,0,0.0590842316320224,0.132078031220426,39.4407485578478,35.1599181088189,37.3003333333334,-0.0202261632448449,33.0298722330651,37.0116,36.7093391835497,-1.53031448715482,-0.957535361835369
"6356182","2010-06-30",23.4512949346499,0,0.0124521072796908,0.0634020209239048,39.5519830016558,34.7606836650109,37.1563333333334,0.0047272496938686,32.2131400474377,36.9416,36.4094272924097,-1.88599039211171,-1.14322636789064
"6356181","2010-07-01",25.1139429771892,0,-2.24588866023131e-15,0.0238454463039035,39.5729237519282,34.3047429147385,36.9388333333334,-0.0230458264735494,29.5995939637457,36.8044,36.0655036534217,-2.28698297599711,-1.37197768951193
"6356180","2010-07-02",26.7185471997262,0,-2.24588866023131e-15,0.004150702426562,39.6815982628867,33.8584017371134,36.77,0.0288956295410157,29.1548150283185,36.6444,35.7527698329655,-2.60546625879644,-1.61867540336883
"6356179","2010-07-06",28.2490400479248,0,-2.24588866023131e-15,-2.35170679226589e-15,39.8060163901524,33.496316943181,36.6511666666667,0.0750722060218515,28.8576420358391,36.4844,35.4724005219034,-2.84615465488069,-1.86417125367121
"6356178","2010-07-07",29.3128936886778,0.0577933450087563,0.0192644483362498,0.00642148277874834,39.8797600604969,33.2649066061698,36.5723333333334,0.150433172964584,32.358027670214,36.348,35.2734137856497,-2.93172648296286,-2.07768229952954
"6356177","2010-07-08",29.4116477972527,0.178633975481612,0.0788091068301204,0.0326911850554559,39.8868654564068,33.1151345435932,36.501,0.264068199514021,39.1047227673605,36.2484,35.1929586142297,-2.81079595958278,-2.22430503154019
"6356176","2010-07-09",28.6511389935686,0.290718038528897,0.175715119673086,0.091262891613152,39.8531603303303,33.0318396696697,36.4425,0.365739586380235,44.6220328999772,36.1288,35.2085641323324,-2.539095941648,-2.28726321356175
"6356175","2010-07-12",27.6979258661756,0.393881453154876,0.287744489055126,0.180756238519444,39.7680837820434,32.9739162179566,36.371,0.423807197602393,47.8050361810833,36.0768,35.2754222480214,-2.20652168065389,-2.27111490698018
"6356174","2010-07-13",26.0699233137,0.693467336683416,0.459355609455727,0.30760507272798,39.6074994959169,32.9948338374165,36.3011666666667,0.564346214064672,52.9063830690436,36.096,35.4266992816186,-1.76274192827405,-2.16944031123895
"6356173","2010-07-14",26.7505205687053,0.746686303387334,0.611345031075207,0.452815043195353,39.7986097575924,32.9007235757409,36.3496666666667,0.926749092267063,65.046970525963,36.2248,35.8658060440694,-0.879520717842497,-1.91145639255966
"6356172","2010-07-15",27.3065904078975,0.736377025036819,0.725510221702521,0.598736954077818,39.8291984100768,32.8854682565899,36.3573333333334,0.882983392866708,64.5042989706549,36.3356,36.2370319048602,-0.199681146024078,-1.56910134325254
"6356171","2010-07-16",27.7539157425723,0.727540500736378,0.736867943053508,0.691241065277078,39.9130841658213,32.8475825008454,36.3803333333333,0.858974274382534,64.0113467338066,36.4276,36.5507609842121,0.317174846556867,-1.19184610529066
"6356170","2010-07-19",28.0478533227794,0.712812960235641,0.72557682866961,0.72931833114188,39.941817695352,32.8348489713147,36.3883333333333,0.833710018822113,63.1452029785768,36.4892,36.8093261863172,0.693210722477788,-0.814834739736972
"6356169","2010-07-20",28.7189178857575,0.720176730486009,0.720176730486007,0.727540500736375,40.0116714253756,32.8026619079577,36.4071666666667,0.861052836321624,63.4117838223467,36.52,37.0400826948082,0.988065746522659,-0.454254642485046
"6356168","2010-07-21",29.3420492656658,0.736377025036819,0.723122238586154,0.722958599247257,40.2190775917971,32.7285890748696,36.4738333333333,0.843480045062359,64.0282424517342,36.5472,37.2547383355005,1.22915030923869,-0.117573652140298
"6356167","2010-07-22",30.5677089824872,0.797278911564626,0.751277555695816,0.731525508255992,40.6656400240828,32.5750266425839,36.6203333333333,0.918550877870025,68.49716464003,36.5816,37.5554398907671,1.5844090291472,0.222822884117202
"6356166","2010-07-23",31.9465012779079,0.857324840764332,0.796993592455256,0.757131128912409,41.2604303583879,32.4072363082787,36.8338333333333,0.942721573458751,72.2526656829011,36.6712,37.9320479053315,2.02339455564271,0.582937218422304
"6356165","2010-07-26",33.6164059803767,0.882422802850356,0.845675518393102,0.797982222181391,42.01085140245,32.2028152642167,37.1068333333333,0.972384746688062,75.9136062652132,36.7908,38.3957748512873,2.55167228805875,0.976684232349593
"6356164","2010-07-27",35.3212319843299,0.847290640394088,0.86234609466959,0.835005068505983,42.7113556780218,32.0699776553115,37.3906666666667,0.929706252038777,76.3699700568166,36.922,38.816338204449,2.95618724870934,1.37258483562154
"6356163","2010-07-28",36.9042847022865,0.874331550802139,0.868014998015526,0.858678870359406,43.3174657725928,32.1625342274072,37.74,0.887272658958133,77.3598807394764,37.1108,39.2208264438558,3.29260688698865,1.75658924589496
"6356162","2010-07-29",38.4383402390262,0.858757062146893,0.860126417781038,0.863495836822051,43.8120976748052,32.3965689918615,38.1043333333333,0.847392291396182,76.6681115990212,37.3104,39.5633829180083,3.49960324500351,2.10519204571667
"6356161","2010-07-30",39.9202339410892,0.858934169278997,0.864007594076007,0.864049669957524,44.177478799412,32.8308545339213,38.5041666666667,0.823958319877825,77.036676162229,37.5384,39.8735985289406,3.63655430696852,2.41146449796704
"6356160","2010-08-02",41.4880100729059,0.798301486199575,0.838664239208486,0.85426608368851,44.4762847497696,33.3860485835637,38.9311666666667,0.827810873052285,78.3618446629566,37.7868,40.1904520584151,3.76907513672127,2.68298662571789
"6356159","2010-08-03",42.2608477103651,0.715498938428874,0.79091153130248,0.831194454862324,44.5672753458149,34.1187246541852,39.343,0.774073098861522,73.4188438213084,38.0208,40.4130584506265,3.74888612557711,2.89616652568973
"6356158","2010-08-04",43.6227743986848,0.707191780821917,0.74033073515012,0.789968835220362,44.7177966518757,34.8612033481243,39.7895,0.844997495098615,76.5262762360681,38.3396,40.7073173238763,3.8361614893802,3.08416551842783
"6356157","2010-08-05",44.9030691776747,0.880952380952382,0.767881033401055,0.766374433284551,44.9392774297182,35.5397225702818,40.2395,0.889787962102813,80.0042473490562,38.708,41.1023416806928,4.05974048342936,3.27928051142813
"6356156","2010-08-06",45.5389632449085,0.823327615780447,0.80382392585158,0.770678564800918,45.0414732269562,36.2505267730438,40.646,0.842473553041237,76.183785612815,39.0884,41.4006961232671,4.11872644196947,3.4471696975364
"6356155","2010-08-09",46.1294363073399,0.902097902097903,0.868792632943575,0.813499197398737,45.0811642821693,37.0198357178307,41.0505,0.858853172928655,77.809131204069,39.492,41.7219366401648,4.20328576683298,3.59839291139572
"6356154","2010-08-10",44.6920639732257,0.61522633744856,0.780217285108968,0.817611281301374,44.9424034272651,37.7789299060682,41.3606666666667,0.719074353899631,64.5800549998617,39.846,41.8256784214761,3.96901222650559,3.67251677441769
"6356153","2010-08-11",41.6111956445477,0.12531328320802,0.547545840918159,0.732185252990234,44.9159118733131,38.0067547933536,41.4613333333333,0.477614249484167,52.6570913400715,40.122,41.6995879652793,3.43173657343445,3.62436073422104
"6356152","2010-08-12",39.0806673578621,0,0.246846540218858,0.524869888748661,44.8370235106638,38.2359764893362,41.5365,0.346009277510712,48.8222021689642,40.3448,41.5049762365754,2.84936551279802,3.46936168993644
"6356151","2010-08-13",36.730891091654,0.0411622276029043,0.0554918369369725,0.283294739357996,44.7297259856352,38.5132740143648,41.6215,0.338359028915975,49.8666253949494,40.5488,41.358979405032,2.39311312104205,3.25411197615756
"6356150","2010-08-16",34.1990882143257,0,0.0137207425342991,0.10535303989671,44.5783346653102,38.8433320013565,41.7108333333333,0.297006778395442,48.1245946923816,40.7256,41.1951154843611,1.95415095237772,2.99411977140159
"6356149","2010-08-17",32.6644314870757,0.290094339622641,0.110418855741846,0.059877145071039,44.4338417966094,39.2611582033906,41.8475,0.479862161528063,55.4818335806331,40.9236,41.2171000864463,1.82618741361547,2.76053329984437
"6356148","2010-08-18",31.3124419484765,0.346698113207547,0.212264150943394,0.112134583073179,44.2364659189572,39.7472007477095,41.9918333333333,0.486968914116574,56.7701654264494,41.0388,41.2681534082534,1.75143567264393,2.55871377440428
"6356147","2010-08-19",29.1197611139366,0.10377358490566,0.246855345911947,0.189846117532395,44.1465091315862,39.9394908684138,42.043,0.259211884372446,50.0728133140842,41.1156,41.175066287153,1.47349855673498,2.34167073087042
"6356146","2010-08-20",27.0837003390068,0.20754716981132,0.219339622641507,0.226153039832282,44.1209786439888,40.0146880226778,42.0678333333333,0.300834035202254,52.6430147129468,41.2124,41.1530574488659,1.32430507393113,2.13819759948256
"6356145","2010-08-23",25.6523715726375,0.174528301886791,0.161949685534588,0.20938155136268,44.1208792717064,39.9757873949603,42.0483333333333,0.331527658711023,51.7305063928356,41.3076,41.1153164556838,1.16519570154443,1.94359721989494
"6356144","2010-08-24",24.5038074701049,0,0.127358490566035,0.169549266247376,44.2122548814773,39.684078451856,41.9481666666667,0.0609343634093,44.0882899281636,41.3488,40.9092742615926,0.774158023421223,1.70970938060019
"6356143","2010-08-25",23.5913416812785,0,0.0581761006289282,0.115828092243183,44.2956785359907,39.3646547973426,41.8301666666667,0.0680072172496425,43.0864276504337,41.378,40.7053710267136,0.420721164423932,1.45191173736494
"6356142","2010-08-26",22.3056115841672,0.126293995859213,0.0420979986197354,0.0758775299382326,44.2952390660934,39.1830942672399,41.7391666666667,0.208700217763656,47.2322816520806,41.3972,40.6099882231518,0.258110839511883,1.21315155779433
"6356141","2010-08-27",21.2835175941707,0.0952380952380941,0.0738440303657668,0.0580393765381432,44.2764106244471,38.9975893755529,41.637,0.215782508519755,46.1057036630426,41.374,40.5019897933982,0.0901058219493711,0.988542410625338
"6356140","2010-08-30",20.3344303177453,0.13975155279503,0.120427881297443,0.0787899700943149,44.1964767904604,38.8335232095396,41.515,0.241125237728616,46.3234042688756,41.3108,40.4123911542785,-0.0369058053394489,0.78345276743238
"6356139","2010-08-31",20.0310233659988,0,0.0783298826777056,0.090867264780305,44.1765410553005,38.5851256113662,41.3808333333333,0.167794314583605,42.5023363794581,41.2172,40.252072333708,-0.259159661005748,0.574930281744755
"6356138","2010-09-01",18.7373977129614,0.209439528023599,0.116397026939541,0.105051596971563,43.9403089249391,38.5323577417275,41.2363333333333,0.326859876945622,47.8113261657524,41.14,40.2077960225469,-0.289837139542592,0.401976797487285
"6356137","2010-09-02",18.1563683039962,0.489675516224188,0.233038348082593,0.14258841923328,43.5162480064132,38.6917519935868,41.104,0.531644065257965,53.9396146232339,41.1032,40.2960898862074,-0.122009998813799,0.297179438227068
"6356136","2010-09-03",18.4500174610607,0.808673469387755,0.502596171211845,0.284010515411326,43.282221280884,38.8231120524493,41.0526666666667,0.853732831498063,61.6483777736305,41.1228,40.5739445680464,0.308363254710509,0.299416201523757
"6356135","2010-09-07",18.7368408401934,0.8502538071066,0.716200930906179,0.483945150066872,42.9596406451349,39.0270260215317,40.9933333333333,0.948387015282394,62.4550350931951,41.1352,40.8387519589735,0.67456250999991,0.374445463218987
"6356134","2010-09-08",19.325260215394,0.854214123006834,0.837713799833727,0.685503633983917,43.0219614496136,38.9890385503864,41.0055,1.03753403858743,64.2543244808814,41.1792,41.1215850311104,1.02887699153755,0.5053317688827
"6356133","2010-09-09",19.5784897652633,0.776548672566372,0.8270055342266,0.793640088322168,43.29727050165,38.88872949835,41.093,0.945423251183724,62.3243868940016,41.1832,41.3347070269623,1.24567180891544,0.653399776889248
"6356132","2010-09-10",19.861161682951,0.834061135371179,0.821607976981459,0.828775770347262,43.6136642124273,38.848669120906,41.2311666666667,0.930675504853767,63.8353715207084,41.1576,41.560746090034,1.45902557557647,0.814524936626692
"6356131","2010-09-13",20.7851853650072,0.840950639853748,0.817186815930431,0.821933442379497,44.0746923075692,38.7359743590975,41.4053333333333,1.00474040634383,67.3802248641072,41.1764,41.8606466113628,1.7560839880713,1.00283674691561
"6356130","2010-09-14",21.6432073554879,0.904936014625228,0.859982596616716,0.832925796509535,44.5177883120821,38.6712116879179,41.5945,0.967880637823863,68.8554375012146,41.1904,42.1672270631811,2.03155154931682,1.20857970739586
"6356129","2010-09-15",21.9568320246168,0.842778793418647,0.862888482632539,0.846685965059895,44.8286929474077,38.5936403859256,41.7111666666667,0.879387339027934,65.7449284170628,41.2432,42.3875967880903,2.15697615546895,1.39825899701047
"6356128","2010-09-16",21.9395045775453,0.802559414990859,0.850091407678243,0.857654162309166,45.0661020321703,38.5508979678297,41.8085,0.817948598316032,63.7385006822205,41.352,42.5492505496783,2.18760587746396,1.55612837310117
"6356127","2010-09-17",22.1743167666364,0.865698729582577,0.837012312664026,0.849997400991602,45.3680506418427,38.568616024824,41.9683333333333,0.832135458392502,65.6864281973158,41.5016,42.7400171430545,2.25628938343434,1.69616057516781
"6356126","2010-09-20",22.6718676702858,0.871355060034305,0.846537734869245,0.844547151737171,45.6922335793174,38.5734330873493,42.1328333333333,0.838142172881879,67.2328517710529,41.6568,42.9466815239806,2.3402933925577,1.82498713864578
"6356125","2010-09-21",23.4198426807115,0.895604395604396,0.87755272840709,0.853700925313454,46.0646890705827,38.565977596084,42.3153333333333,0.858017064104491,69.6996651497924,41.844,43.1951239874498,2.47347842123313,1.95468539516325
"6356124","2010-09-22",24.5280872392328,0.775793650793652,0.847584368810782,0.857224944029039,46.355739506859,38.7945938264743,42.5751666666667,0.8414165139943,69.375172904597,41.9808,43.4064407891232,2.54169356521188,2.07208702917298
"6356123","2010-09-23",24.1611243620265,0.41643059490085,0.695942880432964,0.807026659216945,46.4038462834219,39.1988203832448,42.8013333333333,0.697362232933133,60.0430071698019,42.0708,43.4655820172401,2.39439366828953,2.13654835699629
"6356122","2010-09-24",24.506143049811,0.564179104477613,0.585467783390703,0.709665010878149,46.5467942718517,39.520872394815,43.0338333333333,0.765611644895455,63.4582435527232,42.226,43.5968377482747,2.36109216392117,2.18145711838127
"6356121","2010-09-27",24.8960927197776,0.855799373040754,0.61213635747307,0.631182340432246,46.7240963544594,39.8895703122073,43.3068333333333,0.835039082326592,68.3185771974861,42.4036,43.8439260485048,2.48900089870727,2.24296587444647
"6356120","2010-09-28",25.9816194098695,0.602380952380952,0.674119809966438,0.62390798361007,46.8438632884504,40.3378033782163,43.5908333333333,0.840579915325987,66.4159072739735,42.5788,44.0314025753708,2.52232063879609,2.29883682731639
"6356119","2010-09-29",26.9896084792406,0.730077120822621,0.729419148748107,0.671891772062538,46.7663856144076,41.0732810522591,43.9198333333333,0.883534146644234,69.2728004277838,42.8308,44.2765488986547,2.62965689341652,2.36500084053642
"6356118","2010-09-30",28.5299458810102,0.605527638190954,0.645995237131507,0.683178065282017,46.7731044582551,41.6898955417449,44.2315,0.95283075536341,69.8955481270741,43.096,44.5076757121674,2.7064261914536,2.43328591071986
"6356117","2010-10-01",29.8495700209551,0.587939698492462,0.641181485835344,0.672198623904986,46.7763548036573,42.1873118630093,44.4818333333333,0.888207306630354,69.1410128049434,43.334,44.6986522838784,2.72112969699085,2.49085466797406
"6356116","2010-10-04",30.0008656419079,0.409547738693467,0.534338358458959,0.607171693808603,46.8026332628071,42.4543667371929,44.6285,0.714989887999394,61.8480940865809,43.5512,44.769498646028,2.57407137111174,2.50749800860159
"6356115","2010-10-05",31.3441156795899,0.488421052631579,0.495302829939167,0.556940891411156,47.0069579665647,42.6473753667686,44.8271666666667,0.936471448762631,65.6410747783148,43.7948,44.9228988265576,2.55156520858,2.51631144859727
"6356114","2010-10-06",32.5914192860088,0.684444444444444,0.527471078589828,0.519037422329318,47.2899411064189,42.7620588935811,45.026,0.96909347464425,70.2962185711921,44.1036,45.1905123163499,2.68186101696737,2.54942136227129
"6356113","2010-10-07",33.0630525200107,0.571111111111111,0.581325536062376,0.53469981486379,47.4039720025064,43.0176946641603,45.2108333333333,0.851664949800371,65.4724588451774,44.3636,45.3544440075032,2.66129402754245,2.57179589532552
"6356112","2010-10-08",33.6662612130606,0.573333333333333,0.609629629629627,0.572808748093944,47.5063071082017,43.2726928917983,45.3895,0.846551809322166,65.5224168430752,44.586,45.4978514731695,2.61541500052418,2.58051971636526
"6356111","2010-10-11",34.2322788284442,0.764444444444444,0.636296296296294,0.609083820662765,47.7635746740616,43.3487586592718,45.5561666666667,0.925197032079725,69.5966340227192,44.7824,45.7368046100802,2.69850278969126,2.60411633103046
"6356110","2010-10-12",34.1240408844345,0.666666666666667,0.668148148148146,0.638024691358022,47.9510979920354,43.4529020079646,45.702,0.843396924486324,65.3422162861032,44.954,45.8852306620695,2.65440939905994,2.61417494463635
"6356109","2010-10-13",34.6571274911023,0.751091703056768,0.727400938055958,0.677281794166799,48.293511423246,43.5298219100873,45.9116666666667,0.995064450951084,70.0089117939643,45.1512,46.1525332404603,2.76815551059444,2.64497105782797
"6356108","2010-10-14",35.2342579761818,0.817258883248732,0.74500575099072,0.713518279064941,48.6341249213071,43.6702084120262,46.1521666666667,1.01125624868759,72.1810561626297,45.3804,46.4588621417322,2.91901133843149,2.69977911394867
"6356107","2010-10-15",36.06335401794,0.835955056179776,0.801435214161756,0.757947301069478,49.0503429932524,43.7506570067476,46.4005,1.02698090800946,73.9922537947557,45.6172,46.7910138561679,3.08560771638504,2.77694483443595
"6356106","2010-10-18",35.7767495156808,0.669662921348315,0.774292286925605,0.773577750692694,49.2525344015267,43.9434655984733,46.598,0.856371346875714,67.0359379416239,45.7932,46.9802120086789,3.05206669855551,2.83196920725986
"6356105","2010-10-19",34.806904776363,0.546067415730337,0.68389513108614,0.753207544057834,49.3765358017544,44.1284641982456,46.7525,0.754855516663634,62.3444913550968,45.9332,47.0708504075217,2.89668878068694,2.84491312194528
"6356104","2010-10-20",34.2775553391362,0.680898876404494,0.632209737827713,0.696799051946486,49.568657580331,44.2860090863357,46.9273333333333,0.826730048755258,65.2052794084965,46.1108,47.2294036865188,2.84265201153211,2.84446089986264
"6356103","2010-10-21",34.039472324291,0.756578947368421,0.661181746501082,0.659095538471645,49.6551192043641,44.6822141289692,47.1686666666667,0.878316759481661,67.0900853597422,46.314,47.4228165283163,2.8373291953633,2.84303455896278
"6356102","2010-10-22",33.8183952390776,0.775193798449613,0.737557207407507,0.676982897245434,49.7780378805952,44.9829621194048,47.3805,0.86624377885339,68.1517456148517,46.5116,47.6224409912075,2.83943128306015,2.84231390378225
"6356101","2010-10-25",34.2946579254634,0.814009661835748,0.781927469217925,0.726888807708838,50.1200299075608,45.0859700924392,47.603,0.985426625112048,71.7139861942047,46.7316,47.9114488590465,2.95175902481142,2.86420292798808
"6356100","2010-10-26",33.2361401735335,0.531400966183574,0.706868142156309,0.74211760626058,50.2290964212764,45.3099035787236,47.7695,0.777924999166567,61.7165122549422,46.884,48.0059223445069,2.80969495321266,2.853301333033
"6356099","2010-10-27",32.2532308324559,0.573849878934624,0.63975350231798,0.709516371230738,50.3156074086061,45.5207259247272,47.9181666666667,0.741611811239767,62.5807881100718,47.0448,48.1117993652393,2.695689395335,2.8217789454934
"6356098","2010-10-28",31.1427961927918,0.482479784366576,0.529243543161589,0.625288395878626,50.3844004381666,45.6905995618334,48.0375,0.688013940780844,61.2569692896717,47.2364,48.1822261165408,2.54866917210557,2.76715699081583
"6356097","2010-10-29",30.2209737755032,0.552560646900269,0.536296770067154,0.568431271848907,50.4251500246938,45.9368499753062,48.181,0.712181298677493,62.6400018898269,47.4144,48.277929301002,2.44704249540448,2.70313409173356
"6356096","2010-11-01",30.1341458669414,0.596551724137931,0.54386405180159,0.536468121676777,50.3891559614884,46.3931773718449,48.3911666666667,0.84422106353746,65.1639214151807,47.572,48.4262053942017,2.41969091332048,2.64644545605095
"6356095","2010-11-02",29.075753034271,0.306709265175719,0.485273878737971,0.521811566868905,50.4067989681512,46.6368676985154,48.5218333333333,0.717908481944117,58.4782869453184,47.7068,48.4520446749748,2.24335103668487,2.56582657217773
"6356094","2010-11-03",28.0929596896485,0.364217252396166,0.422492747236603,0.483876892592054,50.4337999196216,46.8258667470451,48.6298333333333,0.688519751927927,59.523734652912,47.824,48.4984387183115,2.10914765219121,2.47449078818043
"6356093","2010-11-04",28.2992035739415,0.643031784841076,0.437986100804318,0.44858424225963,50.6503272260799,47.0116727739201,48.831,1.03472147252449,66.9433911211433,47.9952,48.73731355587,2.22384709183094,2.42436204891053
"6356092","2010-11-05",28.8378680702297,0.850971922246221,0.619406986494485,0.493295278178469,51.1000163613703,47.0593169719631,49.0796666666667,1.18065774468237,71.8322282305481,48.2216,49.119005081754,2.49912186245906,2.43931401162024
"6356091","2010-11-08",28.4470743229665,0.650124069478909,0.7147092588554,0.590700782051401,51.3377789107125,47.1968877559542,49.2673333333333,0.963507313184947,66.0503581472885,48.4476,49.3538044041868,2.56603287880037,2.46465778505626
"6356090","2010-11-09",27.3416315547217,0.43324250681199,0.644779499512371,0.659631914954085,51.3630244104743,47.5076422561924,49.4353333333333,0.803817698598934,61.1202010893923,48.6192,49.4679638169619,2.47965673467661,2.46765757498033
"6356089","2010-11-10",26.3151489842086,0.455040871934605,0.512802482741832,0.624097080369867,51.4513286647935,47.6433380018731,49.5473333333333,0.752801740308991,61.4898257419044,48.7536,49.577568641367,2.39599812025646,2.45332568403556
"6356088","2010-11-11",25.8545836282501,0.422343324250682,0.436875567665757,0.53148584997332,51.5608511593374,47.7274821739959,49.6441666666667,0.756301964083556,60.559795097608,48.9036,49.6565594891847,2.28337695193228,2.4193359376149
"6356087","2010-11-12",25.5956465456362,0.569482288828339,0.482288828337873,0.477322292915154,51.7366683338884,47.7379983327783,49.7373333333333,0.829943039302337,63.2532524263846,49.0748,49.7970182239601,2.25521813451153,2.38651237699423
"6356086","2010-11-15",25.5340094296203,0.71117166212534,0.567665758401451,0.49561005146836,51.9365512162613,47.8367821170721,49.8866666666667,0.887826719391211,65.6835923567657,49.2324,49.9880824607654,2.28956454625797,2.36712281084698
"6356085","2010-11-16",24.3702640080096,0.465940054495913,0.582198001816528,0.544050862851951,51.9128245259627,48.1155088073706,50.0141666666667,0.664809402144042,58.4751222181744,49.3716,50.0336714659967,2.14605052253078,2.32290835318374
"6356084","2010-11-17",22.8415146683041,0.354223433242508,0.510445049954585,0.553436270057521,51.8793914286926,48.2932752379741,50.0863333333333,0.502881483137687,55.4876193597653,49.4528,50.0185152705305,1.94375699932394,2.24707808241178
"6356083","2010-11-18",22.7008577349541,0.542234332425068,0.454132606721161,0.515591886164091,51.9610122424276,48.4123210909058,50.1866666666667,0.745160810803983,59.2599413760834,49.5392,50.0973799011264,1.87302972150021,2.17226841022947
"6356082","2010-11-19",22.5702477254148,0.678474114441417,0.524977293369662,0.496518316681802,52.0731379343086,48.5221953990247,50.2976666666667,0.798230678045968,61.7871601946215,49.6256,50.2323959143095,1.87533400031159,2.11288152824589
"6356081","2010-11-22",22.6209663792338,0.630372492836677,0.617026979901052,0.532045626663958,52.1926018861326,48.5337314472008,50.3631666666667,0.77153188848361,60.8922274020888,49.7372,50.3347431257349,1.83767405137703,2.05784003287212
"6356080","2010-11-23",21.9016088729971,0.185654008438818,0.498166871905635,0.546723715058783,52.1805545638712,48.6947787694621,50.4376666666667,0.554220354706446,55.8258289778129,49.8452,50.3381107089703,1.6855587155582,1.98338376940933
"6356079","2010-11-24",22.7922015882911,0.43019943019943,0.415408643824973,0.51020083187722,52.3568426257336,48.8204907075997,50.5886666666667,0.92642814824713,61.5811589260925,49.972,50.4836959477743,1.71634362463022,1.92997574045351
"6356078","2010-11-26",23.619180538207,0.695156695156695,0.437003377931645,0.450192964554084,52.5752503217428,48.9707496782571,50.773,1.0087158660883,65.7571158398659,50.1192,50.7338698214043,1.86637854109812,1.91725630058243
"6356077","2010-11-29",23.3698184154047,0.43019943019943,0.518518518518516,0.456976846758378,52.6180174944508,49.2089825055492,50.9135,0.80208939969406,58.8664061239794,50.2196,50.8266871785504,1.81526116499171,1.89685727346429
"6356076","2010-11-30",23.3212614168612,0.564102564102564,0.563152896486227,0.506224930978796,52.7706677837782,49.3143322162218,51.0425,0.877326402826301,61.0857734794871,50.304,50.9697955547437,1.82766959245013,1.88301973726146
"6356075","2010-12-01",24.4630807031654,0.672161172161172,0.555487722154386,0.545719712386376,53.322240823463,49.2470925098703,51.2846666666667,1.21212132091495,67.8110850011796,50.5028,51.3191561474446,2.0786767708286,1.92215114397489
"6356074","2010-12-02",25.6241047223958,0.808098591549295,0.681454109271008,0.60003157597054,53.9372902536978,49.1883764129689,51.5628333333333,1.19710677241764,70.7723898355732,50.7312,51.7446019944519,2.39003092661128,2.01572710050216
"6356073","2010-12-03",26.7309093908059,0.912891986062718,0.797717249924393,0.678219693783262,54.643524061857,48.9371426048097,51.7903333333333,1.11971555178212,72.6844310157491,50.992,52.1999883951917,2.70117847088647,2.15281737457903
"6356072","2010-12-06",27.5308500088609,0.879790940766551,0.866927172792852,0.782032843996084,55.1629367793432,48.7493965539901,51.9561666666667,0.997463161981547,71.2178114098445,51.2348,52.5693232758328,2.88017930073212,2.29828975980965
"6356071","2010-12-07",28.8385897381286,0.822916666666667,0.87186653116531,0.845503651294185,55.791248086562,48.5870852467713,52.1891666666667,1.0076925773802,72.7156402165182,51.4772,52.9534135057218,3.05602842127697,2.44983749210311
"6356070","2010-12-08",30.1034744935178,0.910798122065728,0.871168576499646,0.869987426819269,56.4318045579937,48.522862108673,52.4773333333333,0.992185483913973,74.8585095539939,51.7796,53.3836250382922,3.26379690479182,2.61262937464085
"6356069","2010-12-09",31.4638884832389,0.82179675994109,0.851837182891159,0.864957430185371,56.953814930197,48.584185069803,52.769,0.927059905032055,72.8332319062339,52.0652,53.7244750331866,3.34914505771222,2.75993251125512
"6356068","2010-12-10",32.2854315622825,0.77319587628866,0.83526358609849,0.852756448496432,57.2993144243614,48.7613522423052,53.0303333333333,0.830640958557178,70.0277905224625,52.278,53.975878362095,3.32612314973035,2.87317063895017
"6356067","2010-12-13",33.0537975959119,0.815905743740795,0.803632793323513,0.830244520771054,57.6411318612387,48.9188681387613,53.28,0.817578106800611,71.081957131872,52.45,54.2324279138157,3.31079594510026,2.96069570018019
"6356066","2010-12-14",33.5632908255842,0.756993006993007,0.782031542340818,0.80697597392094,57.9265267605178,49.0784732394822,53.5025,0.773977396373493,69.8055328297826,52.6452,54.4361041919736,3.23867400009243,3.01629136016264
"6356065","2010-12-15",33.6661513315541,0.713286713286713,0.76206182134017,0.782575385668167,58.081258526096,49.4354081405707,53.7583333333333,0.731132074258294,67.4754148707767,52.8572,54.5792902997105,3.10753523083136,3.03454013429638
"6356064","2010-12-16",34.2747033579167,0.769230769230769,0.746503496503494,0.763532286728161,58.1700908773267,49.9599091226733,54.065,0.763696963684501,68.9061436136406,53.0788,54.7460515930824,3.01514123305309,3.03066035404772
"6356063","2010-12-17",34.0667226142289,0.645714285714286,0.709410589410587,0.739325302418084,58.2343625104939,50.3743041561728,54.3043333333333,0.695800073055937,63.8054223760724,53.2836,54.8185780473381,2.82913554184712,2.9903553916076
"6356062","2010-12-20",33.4910343104443,0.398876404494381,0.604607153146477,0.686840413020186,58.2105531170825,50.7934468829175,54.502,0.608937363776476,61.2726886312331,53.4556,54.8441009743597,2.61029806634516,2.91434392655511
"6356061","2010-12-21",33.1327208966075,0.363636363636364,0.469409017948342,0.594475586835135,58.1638419726401,51.2734913606933,54.7186666666667,0.640970088176527,63.8139952543039,53.6252,54.9275541777784,2.4757884742032,2.82663283608473
"6356060","2010-12-22",32.4958360546803,0.133027522935779,0.298513430355506,0.457509867150108,57.8661986028766,52.0638013971234,54.965,0.601394873958296,61.8195963252145,53.8224,54.9718802874079,2.31146103717168,2.72359847630212
"6356059","2010-12-23",31.4196960616547,0,0.165554628857379,0.311159025720409,57.7044682435418,52.5331984231249,55.1188333333333,0.510538997556231,58.62494928446,54.0224,54.9649629157535,2.10699510139636,2.60027780132097
"6356058","2010-12-27",29.9543323192019,0,0.0443425076452579,0.169470188952714,57.5519733867898,52.9093599465435,55.2306666666667,0.416569979749853,55.5343473428881,54.1812,54.9136345269864,1.8735052441837,2.45492328989352
"6356057","2010-12-28",28.6710894992858,0.0505836575875496,0.0168612191958479,0.0755861185661615,57.1565355172314,53.6057978161019,55.3811666666667,0.379508606564416,56.4790775537421,54.3252,54.8864832567216,1.68819871329253,2.30157837457332
"6356056","2010-12-29",27.4795068807924,0.0894941634241261,0.04669260700389,0.0359654446149984,56.6408752086028,54.3854581247306,55.5131666666667,0.266562023598704,57.2318180014278,54.4776,54.8762854891587,1.53836581275588,2.14893586220983
"6356055","2010-12-30",25.989148532971,0,0.04669260700389,0.0367488110678758,56.5610014553061,54.5186652113606,55.5398333333334,0.098580627571118,54.685324082521,54.6456,54.8341140906042,1.36711468399662,1.99257162656719
"6356054","2010-12-31",24.308462369979,0,0.0298313878080401,0.0410722006052731,56.6215128368477,54.4078204964856,55.5146666666667,-0.0170848025247494,50.3431919214152,54.7528,54.7375655451903,1.15185822227162,1.82442894570808
"6356053","2011-01-03",23.9286285751659,0.321917808219177,0.107305936073057,0.0612766436283288,56.6240826509947,54.415584015672,55.5198333333334,0.459323799482345,57.8687191783585,54.8604,54.7792234724983,1.10715743360221,1.6809746432869
"6356052","2011-01-04",22.6911323215125,0.0924657534246586,0.138127853881277,0.0917550592541244,56.6378814360907,54.3701185639093,55.504,0.202790795162956,51.838386880846,54.9784,54.7259936761652,0.961818058728148,1.53714332637515
"6356051","2011-01-05",21.1780628063136,0,0.138127853881277,0.127853881278537,56.6598204815347,54.195846185132,55.4278333333333,0.0517404537813071,49.3581814193121,55.0656,54.6398611860098,0.793206591091211,1.38835597931836
"6356050","2011-01-06",19.8447591135608,0.0731707317073172,0.0552121617106567,0.110489289824403,56.5513167623525,54.1156832376475,55.3335,0.150946393189563,51.1211316294825,55.0936,54.5932130278752,0.682746655604749,1.24723411457564
"6356049","2011-01-07",18.9828071004669,0,0.0243902439024371,0.07257675316479,56.4630607386608,53.9769392613392,55.22,0.0387728728758612,46.1007788066571,55.0604,54.4714512908252,0.499103876909213,1.09760806704236
"6356048","2011-01-10",18.5567447211379,0,0.0243902439024371,0.0346642165051768,56.499288417828,53.7157115821721,55.1075,-0.0403718867750452,43.5345152349727,54.9876,54.3205911187151,0.299423713814284,0.937971196396741
"6356047","2011-01-11",17.8002278525523,0.0105263157894716,0.00350877192982193,0.0174297532448986,56.4380009499134,53.5429990500867,54.9905,0.0576859552055267,43.8316215644962,54.9236,54.1938456362198,0.143687801299697,0.779114517377332
"6356046","2011-01-12",16.8490029378537,0.157894736842104,0.05614035087719,0.0280131222364828,56.3325171695627,53.4608161637707,54.8966666666667,0.205168934732749,47.9599942679936,54.8572,54.1399995513905,0.0818021284603176,0.639652039593929
"6356045","2011-01-13",15.9657226599193,0.171929824561402,0.113450292397657,0.0576998050682229,56.236374039941,53.384625960059,54.8105,0.227477096539741,48.3493603350833,54.7632,54.0986662778718,0.038258046860884,0.51937324104732
"6356044","2011-01-14",14.9053598623694,0.196491228070174,0.175438596491225,0.115009746588691,56.0009934808551,53.4103398524783,54.7056666666667,0.279077632353369,49.0675482276984,54.6816,54.0721774408222,0.0140264593752049,0.418303884712897
"6356043","2011-01-18",15.2309808447422,0.396491228070175,0.254970760233915,0.181286549707599,55.8497662542916,53.4679004123751,54.6588333333334,0.604050080811388,54.6029767876522,54.636,54.1252204487126,0.0790077442242687,0.350444656615172
"6356042","2011-01-19",15.3472536442588,0.354385964912281,0.315789473684208,0.248732943469782,55.7785530926043,53.4727802407291,54.6256666666667,0.509107575355,53.2898925565942,54.574,54.1551910555509,0.111268409923926,0.302609407276922
"6356041","2011-01-20",14.9201107077696,0.23157894736842,0.327485380116957,0.29941520467836,55.6072676875048,53.5000656458286,54.5536666666667,0.355891053320572,49.5473385269185,54.5036,54.1344989148108,0.0836733686728319,0.258822199556104
"6356040","2011-01-21",14.1685955116349,0,0.195321637426898,0.279532163742687,55.4737915630609,53.4462084369392,54.46,0.115305537932736,42.7963218840072,54.414,54.019232392836,-0.0466683709580806,0.197724085453267
"6356039","2011-01-24",13.7152805421218,0,0.0771929824561381,0.199999999999998,55.4319942961647,53.308672370502,54.3703333333334,0.0335924706639688,41.1423440017541,54.3036,53.8926680737912,-0.178098001787574,0.122559668005099
"6356038","2011-01-25",14.2771502094653,0,-1.96139401017111e-15,0.0908382066276781,55.5475228308482,52.9681438358186,54.2578333333334,-0.145310364706963,34.5916081816223,54.1784,53.6616456639524,-0.414591920920526,0.015129350219974
"6356037","2011-01-26",14.3895851845449,0.157458563535911,0.0524861878453019,0.0432263901004792,55.5106211691769,52.8163788308232,54.1635,0.0928972989105457,40.9353676272393,54.0872,53.5374262420921,-0.511062160094067,-0.0901089518428341
"6356036","2011-01-27",14.4939890899759,0.237569060773482,0.131675874769796,0.0613873542050318,55.4242389694064,52.729094363927,54.0766666666667,0.19327557972732,43.9156847783003,53.9892,53.4684360764798,-0.53780300667301,-0.179647762808869
"6356035","2011-01-28",16.5248317820545,0,0.131675874769796,0.105279312461631,55.6345872424198,52.1970794242469,53.9158333333334,-0.201816585622286,30.1757209177988,53.8024,53.0846445996158,-0.917294709922978,-0.327177152231691
"6356034","2011-01-31",18.5509382102037,0,0.0791896869244921,0.114180478821361,55.9658743394299,51.4847923272369,53.7253333333334,-0.206377014462242,29.164741123862,53.6192,52.7186919863337,-1.24503624088691,-0.510748969962735
"6356033","2011-02-01",18.0288709463713,0.106617647058823,0.0355392156862725,0.08213492579352,55.8100453935931,51.2602879397403,53.5351666666667,0.0805270897718067,34.6361028415186,53.4728,52.4788663881559,-1.40205395019055,-0.689009966008298
"6356032","2011-02-02",17.8263003396923,0.0367647058823522,0.0477941176470565,0.0541743400859402,55.7749050904184,50.9224282429151,53.3486666666667,0.0365940451990642,32.8460362149486,53.306,52.2203508697351,-1.56860305689912,-0.864928584186463
"6356031","2011-02-03",17.9222519630764,0,0.0477941176470565,0.043709150326795,55.8448351918385,50.4641648081616,53.1545,-0.0044910404166182,31.0711782976568,53.1196,51.9443040871038,-1.7428318488743,-1.04050923712403
"6356030","2011-02-04",17.7860191733517,0.0106571936056842,0.0158072998293435,0.0371318450411521,55.8015486456981,50.1141180209686,52.9578333333334,0.07663952455721,31.6827987754576,52.9456,51.7130635421566,-1.85208118217581,-1.20282362613439
"6356029","2011-02-07",17.1426703872297,0.121807465618861,0.0441548864081799,0.0359187679615265,55.7151991397269,49.9018008602732,52.8085,0.203816382335468,37.2768978372687,52.812,51.5873217365357,-1.83113596109161,-1.32848609312583
"6356028","2011-02-08",16.5452750858307,0.195652173913043,0.109372277712528,0.0564448213166835,55.6501704155148,49.7298295844853,52.69,0.253955606908294,39.9256647812363,52.652,51.5156788383309,-1.75090957235472,-1.41297078897161
"6356027","2011-02-09",16.0759839005934,0.186206896551725,0.167888845361208,0.107138669827305,55.5557318210158,49.5686015123176,52.5621666666667,0.264689715991886,39.3504434136724,52.5152,51.4415883265535,-1.68228167351567,-1.46683296588042
"6356026","2011-02-10",15.5629060255223,0.225974025974027,0.202611032146263,0.159957385073333,55.3795038903675,49.5031627762993,52.4413333333334,0.362499473002739,39.9713621530518,52.3928,51.3853765496797,-1.60023135781954,-1.49351264426825
"6356025","2011-02-11",15.8573501758631,0.623978201634877,0.345386374720208,0.238628750742559,55.2403949450574,49.5289383882761,52.3846666666667,0.5902280054501,52.3934733178757,52.3188,51.5259930097224,-1.29737337728657,-1.45428479087191
"6356024","2011-02-14",16.2647756922311,0.799999999999999,0.549984075869632,0.365993827578701,55.1420136017513,49.5626530649155,52.3523333333334,0.703308842625287,57.6447790606232,52.3008,51.7531939417594,-0.923520516525422,-1.34813193600261
"6356023","2011-02-15",16.712699107339,0.802030456852792,0.742002886162554,0.545791112250798,54.8847437147927,49.6862562852074,52.2855,0.747091104364263,58.1482357973276,52.2996,51.9607680828582,-0.608518845716988,-1.20020931794549
"6356022","2011-02-16",17.6024168068403,0.75492341356674,0.785651290139842,0.692546084057343,54.7430717357706,49.7605949308962,52.2518333333334,0.845510890952028,60.0041701537372,52.3088,52.1793323384771,-0.31109460362414,-1.02238637508122
"6356021","2011-02-17",18.4285832420916,0.842450765864333,0.799801545427953,0.775818573910116,54.734015810138,49.7653175231954,52.2496666666667,0.893865734440507,62.475925637278,52.3172,52.4220880266801,-0.0144562717393715,-0.820800354412849
"6356020","2011-02-18",19.5584991405774,0.745967741935484,0.78111397378885,0.788855603118882,54.8434771652868,49.7148561680466,52.2791666666667,0.888181020669022,60.9546305984392,52.318,52.6124762897895,0.194384917540669,-0.617763300022146
"6356019","2011-02-22",19.8691960557449,0,0.52947283593327,0.703462785050025,54.7507714977775,49.5308951688892,52.1408333333334,0.207368545966044,32.9861964080105,52.122,52.1308127844842,-0.381856137289194,-0.570581867475555
"6356018","2011-02-23",21.1140945405707,0,0.248655913978493,0.519747574566871,55.1376604303669,48.6523395696332,51.895,-0.150443273959492,26.901557691393,51.8144,51.4173710798863,-1.17745158060432,-0.691955810101307
"6356017","2011-02-24",22.2700717050518,0.0648259303721488,0.0216086434573809,0.266579131123048,55.2803407755014,47.9833258911653,51.6318333333334,-0.0246666014370311,30.2708774214626,51.5332,50.8710549359015,-1.71324385201019,-0.896213418483085
"6356016","2011-02-25",23.3434790720699,0.0948379351740695,0.053221288515404,0.107828615317093,55.2844994301692,47.4361672364976,51.3603333333334,0.0489062840398029,31.8373101733776,51.276,50.4309142777813,-2.0807059614929,-1.13311192708505
"6356015","2011-02-28",24.1591536580131,0.118847539015607,0.0928371348539395,0.0558890222755748,55.3704285950016,47.0015714049985,51.186,0.121294370141809,33.131487793691,51.056,50.0761257074104,-2.31775466791558,-1.37004047525116
"6356014","2011-03-01",25.5451224575387,0,0.0712284913965566,0.0724289715886334,55.5516095349968,46.47905713167,51.0153333333334,0.0735856355871689,28.7517124201584,50.7844,49.569975613089,-2.72045895265054,-1.64012417073103
"6356013","2011-03-02",26.8320934856696,0.0634201585503966,0.0607558991886656,0.0749405084797206,55.6009040815247,45.9990959184754,50.8,0.137568264132567,32.3702660974986,50.5716,49.2059788646772,-2.92055399049657,-1.89621013468414
"6356012","2011-03-03",27.0001813895288,0.228765571913929,0.0973952434881066,0.076459878024443,55.5658771292346,45.7887895374321,50.6773333333334,0.292303521104863,40.8105049277429,50.3944,49.0851816827202,-2.80948483438189,-2.07886507462369
"6356011","2011-03-04",27.363557888249,0.181200453001133,0.157795394488484,0.105315512388419,55.5649315359201,45.5820684640799,50.5735,0.278603928476073,39.2913733743101,50.1888,48.9244907916909,-2.75968202001158,-2.21502846370127
"6356010","2011-03-07",28.1412797929859,0.0736126840317099,0.161192902982255,0.138794513652949,55.5852999939721,45.2630333393613,50.4241666666667,0.222848340479996,36.0248580992658,50.0424,48.6585586861321,-2.84612700541576,-2.34124817204417
"6356009","2011-03-08",28.4357357804495,0.116647791619479,0.123820309550772,0.14760286900717,55.5275726062105,45.0084273937895,50.268,0.280907419744967,38.2367421384038,49.9212,48.4787508613145,-2.8210731980301,-2.43721317724135
"6356008","2011-03-09",28.6100585888055,0.236693091732729,0.142317855794637,0.142443689442555,55.4237682312305,44.8592317687696,50.1415,0.363868455395374,44.0480426353615,49.8192,48.4642507464725,-2.59548354962994,-2.46886725171907
"6356007","2011-03-10",29.1764590023949,0.14722536806342,0.166855417138541,0.144331194161317,55.3238113919649,44.6438552747018,49.9838333333334,0.314247051996151,40.9551981855522,49.7008,48.3463506469429,-2.51957345181636,-2.47900849173853
"6356006","2011-03-11",29.7024022435851,0.181216931216931,0.188378463671024,0.165850578868068,55.152126343599,44.4545403230677,49.8033333333334,0.33360732069985,41.3481765264675,49.6008,48.2535038940172,-2.42043928118806,-2.46729464962843
"6356005","2011-03-14",30.4958876128644,0.241379310344827,0.189940536541724,0.181724805783763,54.7758948574236,44.2831051425765,49.5295,0.299274861699885,38.9549308807773,49.4744,48.0930367081482,-2.41520368456937,-2.45687645661662
"6356004","2011-03-15",31.7444869573391,0,0.140865413853917,0.173061471355555,54.257828992826,44.0951710071741,49.1765,0.229417900590995,34.8299490565921,49.28,47.8019651470618,-2.57483897720592,-2.48046896073448
"6356003","2011-03-16",32.9039006343513,0.0982658959537582,0.113215068766193,0.148007006387278,53.6034950097685,44.0515049902316,48.8275,0.265755617894951,36.9735369048464,49.088,47.5950364607869,-2.61628198779925,-2.50763156614743
"6356002","2011-03-17",33.2194747793574,0.2485549132948,0.115606936416184,0.123229139678765,52.6829767118743,44.2893566214591,48.4861666666667,0.340414507021873,40.2125476139021,48.9204,47.4850315993486,-2.53301365881031,-2.51270798468001
"6356001","2011-03-18",33.0522732264198,0.453757225433526,0.266859344894026,0.165227116692134,51.4436439500933,44.8833560499068,48.1635,0.437477337442,44.4130567069613,48.7788,47.4843607194355,-2.31997771865065,-2.47416193147414
"6356000","2011-03-21",32.0978185251429,0.621387283236996,0.441233140655105,0.274566473988438,49.5913381081364,46.1473285585303,47.8693333333334,0.650212514187856,47.6487915152732,48.6036,47.5611126235108,-2.02917374250092,-2.38516429367949
"6355999","2011-03-22",32.1688257170125,0.156069364161851,0.410404624277456,0.372832369942196,48.9238358174016,46.4301641825984,47.677,0.134942579998033,40.5862416037188,48.3324,47.4129642737093,-2.04852485301249,-2.31783640554609
"6355998","2011-03-23",32.0782077041326,0.219653179190753,0.332369942196531,0.394669235709697,48.9263917409986,46.3562749256681,47.6413333333334,0.23619876110073,41.8544985454586,48.0668,47.3139023705481,-2.00411892366283,-2.25509290916944
"6355997","2011-03-24",31.5517328784351,0.407514450867053,0.261078998073217,0.334617854849068,48.9115911429354,46.3444088570646,47.628,0.464422731554344,45.5525514077995,47.8156,47.3147153878083,-1.83722324207412,-2.17151897575038
"6355996","2011-03-25",30.4211475280795,0.546242774566474,0.391136801541424,0.328195247270391,48.9361393102335,46.3448606897666,47.6405,0.665748289901217,48.1738615604168,47.5676,47.3794200027672,-1.60462149218636,-2.05813947903757
"6355995","2011-03-28",29.194806164981,0.589595375722545,0.514450867052022,0.388888888888888,48.9624362380703,46.3398970952631,47.6511666666667,0.720714849927362,49.0001739712931,47.3316,47.4554973357316,-1.37881441688911,-1.92227446660788
"6355994","2011-03-29",27.84469553376,0.763578274760383,0.633138808349799,0.512908825647749,49.0639801822134,46.3770198177867,47.7205,0.802510354858447,50.9647345461444,47.3036,47.5680976909674,-1.12745050577289,-1.76330967444088
"6355993","2011-03-30",25.9683589955514,0.80952380952381,0.720899153335577,0.622829609579133,49.3372912851668,46.3110420481666,47.8241666666667,1.01851864925114,55.4047200235149,47.398,47.7776846655051,-0.777429273207086,-1.56613359419412
"6355992","2011-03-31",24.5540097306943,0.835240274599543,0.802780786294576,0.718939582659984,49.5911392028475,46.1725274638192,47.8818333333334,1.06109520855148,57.477924604458,47.4876,48.0153267101044,-0.425291046710075,-1.33796508469731
"6355991","2011-04-01",24.0576702055647,0.819188191881919,0.821317425335089,0.781665788321748,50.0913150984905,45.9036849015095,47.9975,1.13978110306831,61.1376215681692,47.5988,48.3266164820905,-0.0152409584310287,-1.07342025944406
"6355990","2011-04-04",23.5033148876393,0.789370078740157,0.814599515073871,0.812899242234512,50.5056897492747,45.7883102507254,48.147,1.01009958687303,60.498802963605,47.6984,48.5844009511451,0.28949163326375,-0.800837880902495
"6355989","2011-04-05",22.7106217919024,0.727459016393443,0.778672429005171,0.804863123138044,50.8029297648414,45.726403568492,48.2646666666667,0.904213416937666,58.5940525586567,47.8472,48.7731474909924,0.481134622302415,-0.544443380261513
"6355988","2011-04-06",22.0936314524019,0.811475409836065,0.776101501656553,0.789791148578532,51.0985203727753,45.6241462938914,48.3613333333333,0.915633513630332,60.6955469813803,47.99,48.9913944921934,0.691668804416223,-0.297220943325966
"6355987","2011-04-07",21.661193889585,0.836065573770492,0.791666666666664,0.78214686577613,51.4238180384157,45.575848628251,48.4998333333333,0.888197425027693,61.3144131996655,48.0792,49.1965418932343,0.867066600860489,-0.0643634344886751
"6355986","2011-04-08",20.6668515232279,0.733606557377049,0.793715846994533,0.787161338439251,51.6502184316098,45.5891149017235,48.6196666666667,0.797030619004639,57.2682588934203,48.1652,49.3076696408031,0.912966809259985,0.131102614261057
"6355985","2011-04-11",19.6267850225831,0.699570815450644,0.756414315532726,0.780598943064642,51.8071256076139,45.7068743923861,48.757,0.731629805092742,56.4656957204227,48.2852,49.3906470220293,0.92209230823812,0.28930055305647
"6355984","2011-04-12",18.6828518309252,0.670822942643391,0.701333438490359,0.750487867005873,51.8637516369511,46.0305816963823,48.9471666666667,0.719920445727359,56.9850448317804,48.3932,49.4732274190921,0.931420357561619,0.417724513957499
"6355983","2011-04-13",18.1615519564435,0.705382436260624,0.691925398118217,0.716557717380435,51.9254461948062,46.3622204718605,49.1438333333333,0.747967648393306,58.8360088987398,48.47,49.5821304298798,0.972904207018721,0.528760452569744
"6355982","2011-04-14",17.3895277781472,0.630177514792899,0.668794297898969,0.687351044835849,51.9772767791753,46.6333898874914,49.3053333333333,0.700478295115212,56.8598134688908,48.57,49.6485130392292,0.960315674087564,0.615071496873308
"6355981","2011-04-15",17.1932173428051,0.59744408945687,0.644334680170129,0.668351458729105,52.0753119991947,46.8190213341386,49.4471666666667,0.717422019853449,57.5183740237271,48.6708,49.7180446339986,0.953790922401931,0.682815381979033
"6355980","2011-04-18",17.010929081416,0.52401746724891,0.583879690499557,0.632336222856218,52.1901051943474,46.9298948056526,49.56,0.705948669973657,58.7978286680104,48.8024,49.8009720161321,0.964854085964295,0.739223122776085
"6355979","2011-04-19",16.9251482783557,0.631016042780749,0.584159199828841,0.604124523499509,52.1264064638552,47.4102602028115,49.7683333333334,0.747023721385221,61.7192859948268,48.9956,49.9261757473145,1.02616804916504,0.796612108053877
"6355978","2011-04-20",18.169338813239,0.63003663003663,0.595023380022094,0.587687423450164,52.1917720056813,47.8472279943187,50.0195,0.952790134366639,67.3850918344521,49.2116,50.1560189810059,1.20673763680146,0.878637213803393
"6355977","2011-04-21",19.9439853867259,0.721448467966574,0.660833713594649,0.613338764481862,52.4783509397885,48.0923157268782,50.2853333333333,1.08549461537406,71.6979234553307,49.4416,50.4712164502051,1.47047425718618,0.997004622479951
"6355976","2011-04-25",21.6645923802912,0.789189189189189,0.713558095730796,0.656471729782513,52.8109907882333,48.2636758784334,50.5373333333333,1.06575511432522,73.1483530165404,49.6564,50.7883875901778,1.7095875578137,1.1395212095467
"6355975","2011-04-26",23.5719347932954,0.849282296650717,0.786639984602158,0.720343931309201,53.2175113953433,48.4031552713233,50.8103333333333,1.09814159827091,75.7078551524998,49.8732,51.1472692448207,1.97294647284234,1.30620626220583
"6355974","2011-04-27",25.5487845562091,0.811946902654867,0.816806129498255,0.772334736610403,53.5997376182384,48.5559290484283,51.0778333333333,1.05622650248712,76.1737265728424,50.1592,51.474300012178,2.17209450472629,1.47938391070992
"6355973","2011-04-28",27.5981307502058,0.865030674846625,0.842086624717401,0.815177579605938,54.1064985408168,48.5478347925166,51.3271666666667,1.04920273496789,78.2682550545358,50.4588,51.8323933438876,2.38654766727171,1.66081666202228
"6355972","2011-04-29",29.7592022393598,0.791433891992552,0.822803823164679,0.827232192460112,54.5837613807627,48.545905285904,51.5648333333333,0.994960455010636,78.3414844566131,50.7332,52.1454075647026,2.52712504799268,1.83407833921636
"6355971","2011-05-02",31.0372001809593,0.714555765595464,0.790340110811544,0.818410186231208,54.936647197827,48.5446861355064,51.7406666666667,0.883711140095123,73.1641244640927,50.9728,52.3646865560756,2.54668789634391,1.97660025064187
"6355970","2011-05-03",31.6710270099951,0.651340996168582,0.719110217918863,0.777418050631696,55.1786508944407,48.6323491055593,51.9055,0.797037940307405,69.2467274253689,51.194,52.5133950152655,2.48466716382822,2.07821363327914
"6355969","2011-05-04",31.0727251100511,0.509578544061304,0.625158435275114,0.711536254668507,55.2783686679178,48.8162979987489,52.0473333333333,0.671152569605406,60.8685920023443,51.3716,52.5436090132301,2.29510712306586,2.12159233123649
"6355968","2011-05-05",31.3314318802235,0.440545808966862,0.53382178306558,0.626030145419853,55.3854558050849,48.9738775282485,52.1796666666667,0.67213650352737,57.7181245942928,51.5032,52.5284611447994,2.07344987070488,2.11196383913016
"6355967","2011-05-06",31.5716595953836,0.578629032258065,0.509584461762074,0.556188226700923,55.494508136885,49.1311585297817,52.3128333333333,0.676086506193089,62.9187302557713,51.6492,52.6193329921595,1.99438602916486,2.0884482771371
"6355966","2011-05-09",32.298844388797,0.576754385964912,0.531976409063277,0.525127551296977,55.5987398608756,49.3625934724577,52.4806666666667,0.707820650651657,63.8996229140919,51.77,52.7194219265382,1.93356109194733,2.05747084009915
"6355965","2011-05-10",33.3238986081295,0.819178082191782,0.658187166804917,0.56658267921009,55.7988304845984,49.6265028487349,52.7126666666667,0.839796176915019,70.5571776694541,51.9452,52.9754990029998,2.05468900283714,2.05691447264675
"6355964","2011-05-11",32.9709467409688,0.463414634146341,0.619782367434342,0.603315314434179,55.8311173618435,49.9848826381565,52.908,0.710163759195042,62.0220026950224,52.0956,53.0800991359332,1.99255130651326,2.04404183942005
"6355963","2011-05-12",32.0914266109632,0.317073170731709,0.533221962356608,0.60373049886529,55.7926502811931,50.3406830521402,53.0666666666667,0.615554619742172,58.3914575139833,52.2128,53.1147525844754,1.85781426360907,2.00679632425785
"6355962","2011-05-13",30.6232658479304,0.13240418118467,0.304297328687571,0.485767219492841,55.6462680733404,50.7837319266596,53.215,0.526392263103468,54.0887275814933,52.304,53.0741189065454,1.6515018986949,1.93573743914526
"6355961","2011-05-16",28.6289917357329,0,0.149825783972124,0.329115025005435,55.4542297832969,51.1697702167031,53.312,0.317479897325371,49.9043575615088,52.3928,52.9642363856727,1.38688569362133,1.82596709004048
"6355960","2011-05-17",27.0885986056809,0,0.0441347270615542,0.16608594657375,55.266056297545,51.4766103691217,53.3713333333333,0.0932562800877254,45.2584676982641,52.458,52.777004867583,1.05955010478744,1.67268369298987
"6355959","2011-05-18",25.1994365411825,0,-2.51650552248369e-15,0.0646535036778923,55.0927080500528,51.7526252832806,53.4226666666667,0.0620867000011053,45.1273275577687,52.5192,52.6120708852386,0.787603004672865,1.49566755532647
"6355958","2011-05-19",24.0642825166734,0.329639889196675,0.109879963065556,0.0513382300423697,55.0232354465027,51.9230978868307,53.4731666666667,0.346297143004703,53.7200424078099,52.6168,52.6277947672068,0.745997853782976,1.34573361501777
"6355957","2011-05-20",23.0102109224863,0.360110803324101,0.229916897506923,0.113265620190826,55.0198341641379,51.9438325025288,53.4818333333333,0.352026521198769,54.4304046465393,52.7272,52.6560887982459,0.721545243196031,1.22089594065342
"6355956","2011-05-23",22.1498913109186,0,0.229916897506923,0.189904586026468,55.1342481777242,51.6854184889425,53.4098333333333,-0.00447064376435863,44.692204565044,52.776,52.4872769584798,0.474047446445458,1.07152624181183
"6355955","2011-05-24",21.0364786584159,0,0.120036934441364,0.193290243151737,55.1856678728943,51.4319987937724,53.3088333333333,0.0634049515849343,43.8188195341716,52.812,52.3209733640158,0.251453035732885,0.907511600596041
"6355954","2011-05-25",20.0591587458944,0,-2.51650552248369e-15,0.116651277316095,55.1932305186413,51.1947694813587,53.194,0.0980120055325792,43.4530237934508,52.8296,52.168843582147,0.064582861470619,0.738925852770957
"6355953","2011-05-26",18.7640296268647,0.128463476070528,0.0428211586901736,0.0542860310438457,55.0585323853343,51.0958009479991,53.0771666666667,0.23911092647031,47.4673347871742,52.8312,52.1049977711941,-0.0047140434494608,0.590197873526873
"6355952","2011-05-27",17.5052275642797,0.171284634760705,0.0999160369437421,0.0475790652113049,54.8546727817226,51.0616605516108,52.9581666666667,0.293084417945518,48.7728010909107,52.8048,52.0723314017015,-0.0329346436525046,0.465571370090998
"6355951","2011-05-31",16.3124047082917,0.277628032345014,0.19245871439208,0.111731970008666,54.6910593028497,51.0472740304837,52.8691666666667,0.374901153811028,51.4479479446961,52.7792,52.090687214808,-0.00101141476274158,0.37225481312025
"6355950","2011-06-01",16.2315778383716,0.0247678018575846,0.157893489654432,0.150089413663418,54.5829449723448,50.9580550276553,52.7705,0.253417801099639,44.6346225691917,52.6904,51.9799289195003,-0.121735355286878,0.273456779438824
"6355949","2011-06-02",16.4410883702875,0,0.100798611400864,0.150383605149126,54.5905804570772,50.7637528762561,52.6771666666667,0.136644199239923,42.7110284775152,52.5848,51.8439383969002,-0.261346480148617,0.166496127521336
"6355948","2011-06-03",17.2216948433934,0,0.00825593395252568,0.0889826783359409,54.6409948148084,50.4410051851916,52.541,0.028332168719964,38.6997069398419,52.43,51.6367466106469,-0.471657555744953,0.0388653908680782
"6355947","2011-06-06",18.7298182758407,0,-2.5303833102915e-15,0.0363515151177961,54.7735883454614,49.9200783212052,52.3468333333333,-0.0762496253959918,33.2316207921,52.2308,51.3118470625606,-0.801435917976889,-0.129194870900915
"6355946","2011-06-07",20.3487708254703,0,-2.5303833102915e-15,0.00275197798417401,54.8370064384602,49.3836602282065,52.1103333333333,-0.0617957394500576,31.6835604630923,52.0332,50.9836007875525,-1.10778323936153,-0.324912544593037
"6355945","2011-06-08",22.3968892072555,0,-2.5303833102915e-15,-2.05738204250849e-15,54.7082492397069,48.8534174269598,51.7808333333333,-0.108187125987243,27.7811787997598,51.8088,50.5684540158789,-1.49237462402515,-0.55840496047946
"6355944","2011-06-09",24.3399036993677,0,-2.5303833102915e-15,-2.05738204250849e-15,54.6339638061039,48.3100361938961,51.472,-0.0553510753697401,27.4835891618209,51.6108,50.1979934804284,-1.79342330248082,-0.805408628879733
"6355943","2011-06-10",26.5822877176896,0,-2.5303833102915e-15,-2.05738204250849e-15,54.6198480024058,47.6891519975942,51.1545,-0.0494157196751636,24.2955090429441,51.3888,49.7555943497046,-2.1583993692182,-1.07600677694743
"6355942","2011-06-13",28.8162483629636,0,-2.5303833102915e-15,-2.05738204250849e-15,54.6332421516529,47.0157578483471,50.8245,-0.0357630556449594,23.1816959471997,51.1216,49.3255151030773,-2.48144954160698,-1.35709532987934
"6355941","2011-06-14",30.3365152491084,0.0683890577507592,0.0227963525835839,0.00759878419452675,54.5960635858582,46.5159364141418,50.556,0.0797095852788937,27.7668310614136,50.866,49.0127797560003,-2.63763767652708,-1.61320379920889
"6355940","2011-06-15",31.9322016427872,0.0136778115501514,0.027355623100301,0.0167173252279613,54.6190084291993,45.9849915708007,50.302,0.0886039999395132,26.4087968546096,50.5452,48.6937424552003,-2.79196129629983,-1.84895529862707
"6355939","2011-06-16",32.4329765629799,0.0288753799392094,0.0369807497467042,0.0290442418101968,54.5259492814233,45.5850507185767,50.0555,0.161611192797521,27.4699656172588,50.2636,48.4305767945069,-2.86760453106638,-2.05268514511494
"6355938","2011-06-17",32.358214018076,0.126139817629179,0.0562310030395108,0.0401891252955058,54.1647995813007,45.404867085366,49.7848333333333,0.248685277994819,34.026752582447,50.0244,48.287833221906,-2.79033291136863,-2.20021469836568
"6355937","2011-06-20",32.4282356527264,0.0972644376899697,0.0840932117527835,0.0591016548463333,53.7357025570351,45.2692974429649,49.5025,0.249303279089183,33.0709286708756,49.7988,48.1387887923185,-2.73038289226932,-2.30624833714641
"6355936","2011-06-21",31.6402430381191,0.151571164510167,0.124991806609769,0.0884386738006883,53.4839332071966,45.1244001261368,49.3041666666667,0.308502063714498,34.9356088121934,49.6028,48.0336169533427,-2.62323841086904,-2.36964635189093
"6355935","2011-06-22",30.2264000979277,0.341356673960613,0.196730758720247,0.135271925694267,53.1909942510963,45.0880057489037,49.1395,0.405857779123479,42.0799527242087,49.464,48.041134692897,-2.38669806529993,-2.37305669457273
"6355934","2011-06-23",29.4880888471801,0.24731182795699,0.246746555475921,0.189489706935313,52.8783576495717,45.0246423504283,48.9515,0.356776915066426,38.1756917899406,49.3004,47.9623167338441,-2.28061387929726,-2.35456813151764
"6355933","2011-06-24",28.8025141143431,0.350515463917525,0.31306132194504,0.252179545380403,52.4263053242085,45.0586946757915,48.7425,0.380671399640862,39.126076833785,49.0932,47.9073411693315,-2.15517038942852,-2.31468858309981
"6355932","2011-06-27",27.165467353553,0.543478260869566,0.380435184248024,0.313414353889662,51.8872156989136,45.2254509677531,48.5563333333333,0.484038263489558,43.6072289262096,48.9008,47.9236956800873,-1.95249182287277,-2.2422492310544
"6355931","2011-06-28",26.5164368090766,0.595238095238096,0.49641060667506,0.396635704289375,51.3324481136468,45.5292185530199,48.4308333333333,0.753738023736033,53.2572103885357,48.8164,48.1045362560757,-1.56363821388106,-2.10652702761974
"6355930","2011-06-29",25.9137655892056,0.766233766233766,0.634983374113807,0.503943055012297,50.9534272780251,45.7552393886416,48.3543333333333,0.883274590247566,58.1333186745051,48.7696,48.3665980885989,-1.11105949658968,-1.90743352141373
"6355929","2011-06-30",25.8595874308303,0.77579365079365,0.712421837421835,0.614605272736901,50.8300295374491,45.8316371292176,48.3308333333334,0.997326566285502,60.2260650084433,48.74,48.6430516767857,-0.684198355652443,-1.66278648826147
"6355928","2011-07-01",26.4148032321676,0.778534923339011,0.77352078012214,0.706975330552594,51.1059385248997,45.6620614751003,48.384,1.0950416043016,64.1390977992056,48.72,48.9826447865476,-0.221176017278801,-1.37446439406494
"6355927","2011-07-05",26.9428979953907,0.889643463497454,0.814657345876703,0.76686665447356,51.640885219361,45.3797814473057,48.5103333333333,1.069601377516,67.2397976343903,48.72,49.3662921483413,0.250044709124198,-1.04956257342711
"6355926","2011-07-06",27.651620433933,0.867862969004894,0.845347118613784,0.811175081537543,52.2124015715803,45.1345984284197,48.6735,1.01378936746977,68.0393313047547,48.7132,49.7227865285625,0.642190287281963,-0.711212001285295
"6355925","2011-07-07",28.5412632044598,0.890909090909091,0.882805174470477,0.847603212986988,52.8571825369756,44.9458174630245,48.9015,0.990244093623021,70.2948066652457,48.7652,50.1010816580875,1.02201037264888,-0.364567526498459
"6355924","2011-07-08",28.5438631563824,0.791735537190083,0.850169199034687,0.859440497372983,53.2947594206476,44.9332405793525,49.114,0.870267658156761,64.6275544342608,48.8052,50.3489374370091,1.21011757217908,-0.0496305067629508
"6355923","2011-07-11",27.5975457110533,0.652470187393526,0.778371605164231,0.837115326223132,53.5384820097075,45.1018513236259,49.3201666666667,0.754821315917031,58.0728857507397,48.8408,50.4597457787412,1.21946446788275,0.204188488166189
"6355922","2011-07-12",25.9518865163637,0.521663778162912,0.655289834248838,0.761276879482586,53.6239303080467,45.4304030252867,49.5271666666667,0.665516830525499,52.7541075530661,48.8912,50.4597796749091,1.09913992753408,0.383178776039766
"6355921","2011-07-13",24.3926953395444,0.516464471403813,0.563532812320081,0.665731417244384,53.6823433344382,45.7276566655618,49.705,0.627178694620984,52.5381904599896,48.9544,50.4558090515879,0.987632330691923,0.504069486970198
"6355920","2011-07-14",23.0325015602563,0.389770723104056,0.475966324223591,0.564929656930837,53.6168873095418,46.1341126904583,49.8755,0.538020656037722,47.8298486647469,49.03,50.3630345113761,0.783165288983456,0.559888647372849
"6355919","2011-07-15",22.5247347003111,0.167630057803468,0.357955084103777,0.46581807354915,53.5092406663309,46.4670926670025,49.9881666666667,0.399912166941027,42.5577896042254,49.0744,50.1679632431927,0.477467167443879,0.543404351387055
"6355918","2011-07-18",22.4677657892705,0,0.185800260302506,0.339907222876625,53.4435359593017,46.6464640406983,50.045,0.305063118962514,39.6567075261825,49.134,49.928234810767,0.147218271557414,0.464167135421127
"6355917","2011-07-19",22.0637913826359,0.14639175257732,0.104673936793593,0.216143093733292,53.3353487757,46.9459845576333,50.1406666666667,0.367383779604014,45.0597541360946,49.236,49.815136835998,-0.000507053862164319,0.371232297564469
"6355916","2011-07-20",21.7735680069158,0.125773195876289,0.0907216494845337,0.127065282193545,53.2443374915158,47.185329175151,50.2148333333334,0.330307764409284,44.4559913441338,49.316,49.703785257865,-0.132554276484298,0.270474982754716
"6355915","2011-07-21",20.4788651408758,0.187628865979382,0.153264604810994,0.116220063696374,53.2027903665695,47.3578763000973,50.2803333333334,0.398430214727689,46.7606988270493,49.4224,49.6472805568163,-0.186516877563248,0.179076610691123
"6355914","2011-07-22",19.045432057018,0.303092783505156,0.20549828178694,0.149828178694156,53.0958797207088,47.6974536126246,50.3966666666667,0.45492513401842,50.8596112166262,49.5472,49.6729764825741,-0.136702771844788,0.115920734183941
"6355913","2011-07-25",17.7463821374243,0.303092783505156,0.264604810996562,0.207789232531499,52.9530155652153,48.0703177681181,50.5116666666667,0.428659657466322,50.8596112166262,49.6464,49.6952462848976,-0.0961279460284348,0.0735109981414657
"6355912","2011-07-26",17.0921613740323,0.171134020618558,0.259106529209621,0.243069873997708,52.8627460488341,48.2772539511659,50.57,0.292097922528724,46.1501549645627,49.7276,49.6292134469112,-0.166061113248728,0.025596575863427
"6355911","2011-07-27",18.0195536392546,0,0.158075601374569,0.227262313860251,53.0267987956283,47.9148678710384,50.4708333333334,0.00100395115608388,35.3957161063103,49.7236,49.3119849873231,-0.53390412188562,-0.0863035636863824
"6355910","2011-07-28",18.8807035998182,0.0624999999999994,0.0778780068728501,0.165020045819014,53.1441014252004,47.5495652414663,50.3468333333334,0.0566805566692674,37.7972861137906,49.702,49.07705365568,-0.769455721203061,-0.222933995189718
"6355909","2011-07-29",20.0127651332317,0,0.0208333333333308,0.0855956471935836,53.225434165133,47.1395658348671,50.1825,0.064154224827908,35.3888559281048,49.6856,48.8054465015893,-1.0300152564649,-0.384350247444754
"6355908","2011-08-01",21.3928301350787,0,0.0208333333333308,0.0398482245131709,53.2096579988965,46.6976753344369,49.9536666666667,0.0535921777148548,32.9917508364754,49.6436,48.4980536347108,-1.31320288035593,-0.57012077402699
"6355907","2011-08-02",24.0651462472149,0,-2.33146835171283e-15,0.0138888888888868,53.5185564523423,45.602776880991,49.5606666666667,-0.175107227510601,22.6920520557809,49.448,47.783646483416,-2.0823538612017,-0.872567391461933
"6355906","2011-08-03",25.208546354703,0.192959582790091,0.0643198609300279,0.0283843980877858,53.3242364127815,45.1297635872186,49.227,0.0618591446013221,32.6638718615844,49.2616,47.3618269522939,-2.42347077559361,-1.18274806828827
"6355905","2011-08-04",26.5516417391135,0.0990873533246412,0.0973489787049083,0.053889613211645,53.043926895339,44.5934064379944,48.8186666666667,0.00235806722669203,30.5962373959316,49.0148,46.9002500253213,-2.79094974657463,-1.50438840394554
"6355904","2011-08-05",28.273522377682,0,0.0973489787049083,0.0863392727799485,52.9347491525501,43.81425084745,48.3745,-0.0534602567176252,27.0832282273523,48.6984,46.3175500219452,-3.28971268971134,-1.8614532610987
"6355903","2011-08-08",30.2193156515233,0,0.0330291177748781,0.0759090250615652,52.9675089032435,42.8588244300899,47.9131666666667,-0.0608873586262509,24.4964220188406,48.3052,45.6565433523525,-3.85802879084756,-2.26076836704847
"6355902","2011-08-09",32.2105206402901,0,-2.3360942809821e-15,0.0434593654932617,52.9697666339925,41.9519000326742,47.4608333333334,-0.0104587730254214,23.1145835682674,47.858,44.9930042387055,-4.39373353367642,-2.68736140037406
"6355901","2011-08-10",34.0594967012878,0,-2.3360942809821e-15,0.0110097059249581,52.889068221262,41.098931778738,46.994,0.0238392679026395,23.1145835682674,47.4036,44.4179370068781,-4.7776333110243,-3.10541578250411
"6355900","2011-08-11",33.8639120744266,0.0355380059230009,0.0118460019743313,0.00394866732477586,52.6448909316726,40.5577757349941,46.6013333333334,0.144690515744665,25.6883806136372,46.9428,43.967545405961,-4.96992248295941,-3.47831712259517
"6355899","2011-08-12",33.4791730610761,0.222108495394064,0.0858821671056858,0.0325760563600052,52.3641634856536,40.2698365143464,46.317,0.275073607668528,37.0909830669758,46.5784,43.8185393518329,-4.74009645792843,-3.73067298966182
"6355898","2011-08-15",33.121915405822,0.344988344988345,0.200878282101801,0.099535483727273,52.1034985589647,40.0558347743687,46.0796666666667,0.325166657121817,41.3230087446332,46.2768,43.7947341049218,-4.36282484747512,-3.85710336122448
"6355897","2011-08-16",32.8907974769288,0.352490421455939,0.306529087279447,0.197763178828978,51.7166763975776,39.8986569357558,45.8076666666667,0.334631061520347,40.5787538672934,45.996,43.7474362242656,-4.05409028944613,-3.89650074686881
"6355896","2011-08-17",32.9379431493982,0.286079182630907,0.327852649691728,0.278420006357659,51.301020309986,39.7426463566808,45.5218333333334,0.322480796899064,38.6306171491836,45.6956,43.6371113943635,-3.86140707887924,-3.8894820132709
"6355895","2011-08-18",33.8946093153646,0.00536193029490605,0.214643844793915,0.28300852725503,50.8277629066745,39.3785704266589,45.1031666666667,0.168986844273212,31.6972220576393,45.334,43.2481632084484,-4.07253091883553,-3.92609179438382
"6355894","2011-08-19",34.9814368264583,0,0.0971470376419354,0.213214510709193,50.1677270902146,39.0926062431188,44.6301666666667,0.144533600338485,30.1603400300759,44.9836,42.8337414473219,-4.30595801170168,-4.0020650378474
"6355893","2011-08-22",35.9906338010454,0.0146082337317396,0.0066567213422129,0.106149201259355,49.3251014942126,38.9918985057874,44.1585,0.168205492155678,30.8451832170369,44.6588,42.489242587679,-4.42623694131855,-4.08689941854163
"6355892","2011-08-23",35.9013711592144,0.0406779661016953,0.0184287332778093,0.0407441640873195,48.406694676288,39.0646386570454,43.7356666666667,0.224293382381633,31.6976161798547,44.3108,42.2080102426551,-4.45081447446205,-4.15968242972571
"6355891","2011-08-24",34.834710722945,0.484848484848484,0.180044894893971,0.0683767831713312,47.7531951043813,39.2238048956188,43.4885,0.439991802367355,44.0402687052304,44.0532,42.2522755436345,-4.01333148940394,-4.13041224166136
"6355890","2011-08-25",33.6068451959867,0.496969696969697,0.340832049306623,0.179768559159468,47.0133011257389,39.4883655409278,43.2508333333334,0.481727418334641,44.3411457716228,43.786,42.2986388044832,-3.61321783529407,-4.0269733603879
"6355889","2011-08-26",33.0505411881736,0.278787878787879,0.420202020202018,0.313692988134204,46.2146363384292,39.7666969949042,42.9906666666667,0.397021363783948,40.155908275647,43.4532,42.1948202972188,-3.46231910179196,-3.91404250866871
"6355888","2011-08-29",31.2136973076537,0.756317689530686,0.510691755096085,0.423908608201575,45.6509083228049,40.1037583438618,42.8773333333334,0.842998958724591,52.672680566895,43.2328,42.4795109242563,-2.77519924766179,-3.68627385646733
"6355887","2011-08-30",29.0989186194339,0.826298701298701,0.62046808987242,0.517120621723508,45.9094938889451,39.9821727777216,42.9458333333334,0.945535729173309,55.8572541551471,43.074,42.8462428010221,-2.03848216628968,-3.3567155184318
"6355886","2011-08-31",27.3060930517113,0.730486008836524,0.771034133221968,0.634064659396824,45.9266188719596,39.9723811280405,42.9495,0.963619378117573,55.2786489609439,42.988,43.1467437608858,-1.4644129037929,-2.97825499550402
"6355885","2011-09-01",25.4303008833109,0.684830633284241,0.747205114473153,0.712902445855847,46.058107488401,39.9128925115991,42.9855,0.882058779423716,53.8462588796028,42.8776,43.3658445927677,-1.05644601218734,-2.59389319884068
"6355884","2011-09-02",24.7089855281795,0.396170839469808,0.603829160530189,0.707356136075104,46.0552685640542,39.9117314359459,42.9835,0.549347250670883,45.7707329981131,42.7092,43.2943986470654,-1.08500274048782,-2.29211510717011
"6355883","2011-09-06",24.866669962399,0.134020618556701,0.405007363770248,0.58534721292453,46.0769251828176,39.8020748171825,42.9395,0.248812071233006,39.9159551756352,42.4912,42.9951454941233,-1.42440177410326,-2.11857244055674
"6355882","2011-09-07",23.9586673952558,0.306332842415316,0.278841433480606,0.429225985927015,46.0809070674674,39.8817595991994,42.9813333333334,0.45031574880633,44.9046616205038,42.4544,42.8917927615735,-1.4593993990326,-1.98673783225191
"6355881","2011-09-08",23.0715870812797,0.378497790868925,0.272950417280312,0.318933071510389,46.0747872662701,40.05221273373,43.0635,0.49333064847107,46.893375865235,42.378,42.8675537266971,-1.37953134576859,-1.86529653495525
"6355880","2011-09-09",22.8067376348088,0.196107784431138,0.293646139238458,0.281812663333125,46.0779094416551,40.0177572250116,43.0478333333334,0.325994469725699,42.9729012275892,42.2844,42.6932132298041,-1.51578094381966,-1.79539341672813
"6355879","2011-09-12",22.9438005156262,0.0488549618320611,0.207820179044039,0.25813891185427,46.0541234175351,39.7952099157983,42.9246666666667,0.213794841095615,40.2620345377279,42.2112,42.4274514658303,-1.76810465641265,-1.78993566466503
"6355878","2011-09-13",22.0352581094781,0.178170144462279,0.141044296908491,0.214170205063663,45.9450095908926,39.7469904091074,42.846,0.428041526345912,45.0778539762269,42.2292,42.3451246037196,-1.73876580483407,-1.77970169269884
"6355877","2011-09-14",20.4768391375482,0.301765650080256,0.176263585458197,0.175042687136909,45.8933875627898,39.7466124372102,42.82,0.583512626189477,48.1976192345013,42.3052,42.3764413232236,-1.55118870533005,-1.73399909522508
"6355876","2011-09-15",19.1241941111402,0.524879614767255,0.334938469769928,0.217415450712205,45.9960247569427,39.730641909724,42.8633333333334,0.735154557871487,53.3492188025151,42.4368,42.5889158134605,-1.12558984889375,-1.61231724595882
"6355875","2011-09-16",17.9985047396715,0.520064205457463,0.448903156768323,0.320035070665483,46.1328704548512,39.9017962118155,43.0173333333334,0.720828696037108,53.2261894066959,42.5528,42.7690603716657,-0.785752756334268,-1.44700434803391
"6355874","2011-09-19",16.832162315356,0.425361155698234,0.490101658640982,0.424647761726411,46.1111058937846,40.2308941062155,43.171,0.601300206214662,50.7475608980215,42.5728,42.846518988777,-0.620811692930356,-1.2817658170132
"6355873","2011-09-20",15.7491300642058,0.430176565008026,0.458533975387905,0.46584626359907,46.04859533615,40.5967379971834,43.3226666666667,0.580828722996293,50.8728351141039,42.5624,42.9176497902734,-0.479006261245196,-1.1212139058596
"6355872","2011-09-21",15.6151295590585,0.209790209790209,0.355109310165487,0.434581648064792,45.9600094961191,40.8263238372143,43.3931666666667,0.339653862476202,44.8166580580501,42.5008,42.7819631515703,-0.637636554241472,-1.02449843553597
"6355871","2011-09-22",16.6677615421139,0,0.213322258266076,0.342321847939823,46.1998198244909,40.2921801755091,43.246,-0.0438156112349172,36.5267780055751,42.3552,42.3150347313609,-1.24736393972724,-1.06907153637423
"6355870","2011-09-23",17.6452055263796,0.0697674418604654,0.0931858838835558,0.220539150771707,46.3429715713236,39.8550284286764,43.099,0.0490609886151086,38.4909542324592,42.3144,41.9663634338461,-1.63799279325003,-1.18285578774939
"6355869","2011-09-26",18.337144499974,0.141196013289037,0.0703211517164984,0.125609764622044,46.4262795337944,39.5943871328723,43.0103333333333,0.140363188438334,40.5203292529992,42.314,41.721514976,-1.84730149252814,-1.31574492870514
"6355868","2011-09-27",17.9327330432936,0.383720930232559,0.198228128460685,0.120578388020247,46.2133472997846,39.5306527002154,42.872,0.371508916968607,46.9234947129819,42.3676,41.7039796458666,-1.7122626986246,-1.39504848268903
"6355867","2011-09-28",17.9024068523009,0.269102990033222,0.264673311184937,0.177740863787374,45.8157743630333,39.5132256369667,42.6645,0.305184634550279,44.4860704385215,42.3884,41.5967823597511,-1.71931193533187,-1.4599011732176
"6355866","2011-09-29",17.7457452899842,0.242524916943522,0.298449612403099,0.25378368401624,45.3144661741045,39.5825338258955,42.4485,0.315332782088617,43.9164007687927,42.3164,41.4825447117843,-1.73662953991404,-1.51524684655689
"6355865","2011-09-30",17.7872974528072,0.184385382059801,0.232004429678846,0.265042451088961,44.8528109536708,39.5801890463292,42.2165,0.211117790459081,42.6303713223627,42.228,41.3368720835464,-1.79865733414104,-1.57192894407372
"6355864","2011-10-03",18.4081227523107,0,0.142303433001105,0.22425249169435,44.8273338720619,39.2586661279381,42.043,0.100203597048386,38.5962924099007,42.1364,41.0559558057402,-2.05305852838716,-1.66815486093641
"6355863","2011-10-04",19.4217680176148,0,0.0614617940199312,0.145256552233294,45.0166314248865,38.8213685751135,41.919,0.0100019579027385,35.5367547140984,41.8932,40.6818283649748,-2.42442017587768,-1.81940792392466
"6355862","2011-10-05",19.2403323849804,0.191489361702128,0.0638297872340403,0.0891983380850258,44.955827591815,38.642172408185,41.799,0.258354452010235,42.3198648109217,41.668,40.5375845829782,-2.42645952624247,-1.94081824438822
"6355861","2011-10-06",18.3078369281922,0.440944881889763,0.210811414530628,0.1120343319282,44.8359648577309,38.6223684756024,41.7291666666667,0.483503917265236,48.5785092671485,41.506,40.6059066385811,-2.11549772736632,-1.97575414098384
"6355860","2011-10-07",17.2047379320982,0.635350318471338,0.422594854021074,0.232412018595248,44.8823473177312,38.6313193489355,41.7568333333333,0.626352551496499,53.0782912556034,41.404,40.823785753437,-1.61447593047902,-1.90349849888288
"6355859","2011-10-10",16.3473822552817,0.862010221465077,0.64610180727539,0.426502691942364,45.0879067274659,38.6704266058675,41.8791666666667,0.765031336460093,56.7436631727234,41.4232,41.155280986312,-0.996684561228967,-1.7221357113521
"6355858","2011-10-11",15.9598519298115,0.833333333333333,0.77689795775658,0.615198206351015,45.3136670648351,38.6163329351649,41.965,0.821272109918253,58.1900274704797,41.5312,41.5012435214704,-0.419467277603369,-1.46160202460235
"6355857","2011-10-12",15.6169487764596,0.8763197586727,0.857221104490368,0.760073623174113,45.4720080191467,38.5579919808533,42.015,0.835309221224423,59.2245046186704,41.6048,41.842411051941,0.0933935427977817,-1.15060291112233
"6355856","2011-10-13",14.8272516075755,0.776772247360482,0.828808446455503,0.820975836234151,45.355984904928,38.6043484284054,41.9801666666667,0.745841632484958,56.0451014414013,41.6324,42.0500895783489,0.366107286338879,-0.847260871630084
"6355855","2011-10-14",14.4327743436991,0.828054298642534,0.827048768225236,0.837692773057036,45.2921510979479,38.6335155687188,41.9628333333334,0.812952004083424,57.316335527749,41.7196,42.2754109679024,0.638413379456226,-0.550126021412822
"6355854","2011-10-17",13.499516760604,0.708898944193062,0.771241830065357,0.809033014915366,45.2409704631491,38.6503628701843,41.9456666666667,0.72420795743385,53.4483452903562,41.8096,42.3653561721821,0.69476720375119,-0.30114737638002
"6355853","2011-10-18",12.9715081194113,0.705882352941176,0.747611865258922,0.781967487849838,45.212491096854,38.660508903146,41.9365,0.750840120044628,53.3501862101378,41.8544,42.4406420158911,0.726995877678549,-0.0955187255683061
"6355852","2011-10-19",12.4812143811608,0.837104072398189,0.750628456510807,0.756494050611695,45.4241318440851,38.607868155915,42.016,0.814541822042621,57.0457154742912,41.9032,42.6218897471056,0.906482625853244,0.104881544716004
"6355851","2011-10-20",11.7467128877884,0.784313725490196,0.775766716943185,0.758002346237638,45.5767311062636,38.8369355604031,42.2068333333333,0.743800669543438,55.1528145365593,41.8824,42.7323044474916,0.970561776662771,0.278017591105357
"6355850","2011-10-21",11.9011811641466,0.864473684210526,0.828630494032968,0.785008555828987,45.9245265228774,38.9881401437893,42.4563333333333,0.890260843623281,60.6560714048592,41.9176,43.0106638544927,1.26332036401675,0.475078145687636
"6355849","2011-10-24",12.7418298724112,0.806451612903226,0.818413007534647,0.807603406170267,46.4238499156775,39.0414834176559,42.7326666666667,0.953422806119201,63.4091334859325,42.0076,43.3559086738937,1.61904727808557,0.703871972167223
"6355848","2011-10-25",13.1658168115714,0.691151919866444,0.78735907232673,0.811467524631449,46.7816273332484,39.0380393334184,42.9098333333334,0.841809679620277,60.9931536349672,42.08,43.6004541840412,1.80073067251216,0.923243712236211
"6355847","2011-10-26",12.5394860681677,0.345833333333333,0.614478955367665,0.740083678409681,46.9278151679962,39.1948514986705,43.0613333333334,0.681732825010912,54.019184085355,42.16,43.640393626169,1.68586326420044,1.07576762262906
"6355846","2011-10-27",13.1614967127335,0.6125,0.549828417733256,0.650555481809217,47.3761438926794,39.2565227739873,43.3163333333334,0.89086388641467,61.297052480991,42.4236,43.9376744760132,1.93433179038638,1.24748045618052
"6355845","2011-10-28",13.7390780255446,0.733333333333334,0.563888888888886,0.576065420663269,47.7634890417796,39.4795109582204,43.6215,0.883290085347794,63.14654340028,42.6936,44.2726512125447,2.20819911664356,1.43962418827313
"6355844","2011-10-31",13.5517897923409,0.535416666666667,0.627083333333331,0.580266879985158,47.7955935302749,40.0597398030585,43.9276666666667,0.760130737251852,58.2375593250942,42.9084,44.4362977175388,2.22412933943776,1.59652521850606
"6355843","2011-11-01",13.0696878194245,0.1125,0.460416666666665,0.550462962962961,47.2811467413057,41.0788532586943,44.18,0.459692329829133,49.4001076500045,42.9836,44.3074580218669,1.84683349255854,1.64658687331655
"6355842","2011-11-02",13.1272645167237,0,0.21597222222222,0.434490740740739,46.913705507412,41.7279611592547,44.3208333333334,0.26265059542113,45.8562043073549,43.048,44.0677969522847,1.35679445403774,1.58862838946079
"6355841","2011-11-03",12.8999069741671,0.0957854406130268,0.0694284802043397,0.248605789697742,46.7303563946194,42.104976938714,44.4176666666667,0.315294433358844,47.9505741275673,43.1388,43.9267573586467,1.04713418829083,1.4803295492268
"6355840","2011-11-04",12.6887892560788,0.157088122605364,0.0842911877394611,0.12323063005534,46.6523447369465,42.2969885963868,44.4746666666667,0.319073349097289,49.3022059042002,43.2564,43.8471897108272,0.850514280951242,1.35436649557169
"6355839","2011-11-07",12.5232679295103,0.147509578544062,0.133461047254148,0.0957269050659834,46.6500414487908,42.3072918845426,44.4786666666667,0.311486558330147,49.0877095437303,43.4184,43.7715644160502,0.677601455310417,1.21901348751943
"6355838","2011-11-08",11.9537953985643,0.360153256704981,0.221583652618133,0.146445295870581,46.6907917461817,42.345874920485,44.5183333333334,0.590143651162724,53.8843740354332,43.664,43.8540224939102,0.73660557395081,1.12253190480571
"6355837","2011-11-09",11.24754576986,0.224137931034483,0.243933588761173,0.199659429544485,46.6864468855184,42.3332197811483,44.5098333333333,0.42040387701065,50.6004639405216,43.8272,43.8308194947221,0.645094284286341,1.02704438070184
"6355836","2011-11-10",10.591742543206,0.308429118773946,0.297573435504468,0.254363558961258,46.6876850042026,42.4053149957974,44.5465,0.459562890098988,52.5311691269395,43.95,43.8693768954259,0.646119377675225,0.950859380096513
"6355835","2011-11-11",10.3270541723745,0.501915708812262,0.344827586206895,0.295444870157512,46.7681121389101,42.4558878610899,44.612,0.672687369369172,56.7133292653279,44.0656,44.0374599760357,0.82265950030096,0.925219404137402
"6355834","2011-11-14",9.89221092955531,0.454022988505748,0.421455938697316,0.354618986802893,46.796790606685,42.6022093933151,44.6995,0.612963204007831,55.4119646626127,44.1284,44.1497986458977,0.90551454515384,0.92127843234069
"6355833","2011-11-15",9.3711667480726,0.425287356321839,0.460408684546614,0.408897403150275,46.8083584286506,42.7349749046827,44.7716666666667,0.561783199442389,54.6023816863504,44.1676,44.2271588264446,0.932604046939978,0.923543555260548
"6355832","2011-11-16",8.9963420936452,0.321285140562249,0.400198495129943,0.427354372791291,46.8138521300314,42.776481203302,44.7951666666667,0.459090539446551,51.2681874523143,44.1696,44.2115376495854,0.831253862133452,0.905085616635129
"6355831","2011-11-17",9.75284353628838,0,0.24885749896136,0.369821559545972,46.8842285063328,42.6191048270006,44.7516666666667,0.084615406288972,43.4752514356269,44.1304,43.972665962974,0.436610573361018,0.811390607980306
"6355830","2011-11-18",10.4553091615999,0.00566572237960227,0.108983620980615,0.252679871690639,46.9292196436703,42.3281136896631,44.6286666666667,0.0815498811418224,43.5845411387524,44.0784,43.7683105012441,0.124745285055861,0.674061543395417
"6355829","2011-11-21",11.7259567145109,0,0.00188857412653161,0.119909898022836,46.9423187912056,41.8746812087944,44.4085,-0.0390743297853435,39.1426122794539,44.0144,43.4458691010782,-0.322112585993461,0.474826717517642
"6355828","2011-11-22",13.0898038320356,0,0.00188857412653161,0.0375869230778928,47.0015775069039,41.3937558264294,44.1976666666667,-0.00958586586599071,37.8100942011405,43.9372,43.1197532209345,-0.736247807646029,0.232611812484908
"6355827","2011-11-23",14.8476753799171,0,-2.47689600311555e-15,0.00125904941768709,47.2628671722108,40.7154661611225,43.9891666666667,-0.0639642346247957,34.2251283111188,43.7852,42.7037861248099,-1.24242415861489,-0.062395381735051
"6355826","2011-11-25",16.5364521538884,0,-2.47689600311555e-15,0.00062952470884239,47.1426405528972,40.1986927804362,43.6706666666667,-0.0113325708969535,33.8108433187918,43.6424,42.3272813081686,-1.65285777885961,-0.380487861159962
"6355825","2011-11-28",16.7695702492018,0.136738056013179,0.0455793520043906,0.0151931173347954,46.7145113835401,40.0601552831266,43.3873333333334,0.160773589620029,39.2851667471404,43.478,42.1116438004128,-1.80230274372635,-0.664850837673239
"6355824","2011-11-29",16.9860370519928,0.143338954468802,0.0933590034939912,0.0463127851661266,46.4025154005055,39.8821512661612,43.1423333333334,0.177574244318681,39.4151968459103,43.2832,41.9274246270244,-1.89675375091022,-0.911231420320635
"6355823","2011-11-30",15.8846683765587,0.403035413153457,0.22770414121181,0.122214165570064,46.3256301083427,39.836036558324,43.0808333333334,0.441316304264963,48.5519771768235,43.1664,41.9731013434211,-1.65632484084443,-1.06025010442539
"6355822","2011-12-01",14.7889419448697,0.367622259696459,0.30466554243957,0.208576229048457,46.3056625708214,39.7950040958453,43.0503333333334,0.41240005361586,47.4999999249865,43.0928,41.984687830965,-1.48897175457753,-1.14599443445582
"6355821","2011-12-02",13.7865958549439,0.36734693877551,0.379334870541806,0.303901518064396,46.2509161538429,39.7374171794905,42.9941666666667,0.414920280351806,47.3946766445799,42.9396,41.9920627868363,-1.34464623868852,-1.18572479530236
"6355820","2011-12-05",12.823017049922,0.447322970639032,0.394097389703665,0.359365934228347,46.1894348095147,39.704231857152,42.9468333333334,0.468106883492674,49.9635370991789,42.7804,42.0557877485915,-1.13450519589738,-1.17548087542136
"6355819","2011-12-06",12.0401792140748,0.424870466321244,0.41318012524526,0.395537461830244,46.1218706817274,39.6631293182727,42.8925,0.450583767222415,49.1815978141792,42.654,42.093682715446,-0.98159022666745,-1.13670274567058
"6355818","2011-12-07",11.8053685668074,0.445497630331753,0.439230355764007,0.415502623570977,45.8597954526923,39.6348712139744,42.7473333333334,0.381015954851324,45.7420245534621,42.5856,42.0491916867198,-0.9605761992308,-1.10147743638263
"6355817","2011-12-08",12.3455834404304,0.23641304347826,0.368927046710416,0.407112509239895,45.7098928399888,39.4887738266779,42.5993333333334,0.275603071246006,40.4383872073374,42.5152,41.8759661284905,-1.1255252353696,-1.10628699618002
"6355816","2011-12-09",12.8472115373661,0.290760869565218,0.324223847791741,0.377460416755388,45.4930211364478,39.4003121968856,42.4466666666667,0.31507951916908,41.8755649649806,42.4328,41.7525039780251,-1.20481484061312,-1.12599256506664
"6355815","2011-12-12",13.6051553001209,0.182065217391303,0.236413043478258,0.309854645993472,45.0326463405471,39.406353659453,42.2195,0.250072250703949,39.8067781222795,42.3216,41.5921701142884,-1.33061305426074,-1.16691666290546
"6355814","2011-12-13",14.592150335904,0.0733695652173902,0.182065217391301,0.247567369553767,44.5353006213622,39.4496993786378,41.9925,0.232742186853293,37.7959057522181,42.1964,41.3998807657166,-1.49218812905941,-1.23197095613625
"6355813","2011-12-14",15.7630097816714,0,0.0851449275362286,0.167874396135263,44.014480390275,39.4688529430584,41.7416666666667,0.118314518700291,35.9850811700354,42.012,41.1838966636211,-1.67500034324493,-1.32057683355799
"6355812","2011-12-15",16.250023524909,0.111111111111112,0.0614935587761649,0.109567901234565,43.4449828249048,39.6200171750953,41.5325,0.216119454984526,39.526898177706,41.8728,41.052710441805,-1.71922095170095,-1.40030565718658
"6355811","2011-12-16",16.2823205487707,0.113756613756614,0.0749559082892393,0.0738647982005444,43.2465952020966,39.5774047979035,41.412,0.270521584533244,39.6125678046553,41.7164,40.9403490495643,-1.73313707499251,-1.46687194074776
"6355810","2011-12-19",17.1302158299293,0,0.0749559082892393,0.070468458451548,43.1401889676287,39.3834776990381,41.2618333333334,0.0842551578579735,34.0089745205972,41.4764,40.6989691762891,-1.93658543653566,-1.56081463990534
"6355809","2011-12-20",17.8182556821612,0.16945107398568,0.0944025625807623,0.0814381263864138,43.1108871810669,39.2651128189332,41.188,0.243094652216701,40.0163625558312,41.2748,40.5844399527839,-1.93637204346796,-1.63592612061787
"6355808","2011-12-21",18.5175525497364,0.151807228915662,0.107086100967112,0.0921481906123712,43.1066666666667,39.1413333333334,41.124,0.231674512441146,39.579158993981,41.076,40.474514625746,-1.93062475630872,-1.69486584775604
"6355807","2011-12-22",18.9457175247978,0.212048192771083,0.177768831890806,0.126419165146227,43.107237089924,39.1390962434094,41.1231666666667,0.287515942785325,41.7219784788278,40.912,40.4125793423132,-1.85533873039606,-1.72696042428404
"6355806","2011-12-23",18.9943957299156,0.324808184143222,0.229554535276653,0.171469822711524,43.0932497839811,39.2034168826857,41.1483333333334,0.365032762763355,44.9989956894077,40.8312,40.4109020966714,-1.69834990246639,-1.72123831992051
"6355805","2011-12-27",18.0784158768343,0.480712166172106,0.339189514362135,0.248837627176531,43.0921536989,39.2021796344334,41.1471666666667,0.489588619530914,47.8339743488407,40.7636,40.4561151504486,-1.48687409703367,-1.67436547534314
"6355804","2011-12-28",17.7193971340754,0.379194630872482,0.394904993729268,0.321216347789352,43.08468987472,39.1779767919468,41.1313333333334,0.395564380758048,44.3847188405073,40.72,40.4299664637221,-1.40084380051496,-1.61966114037751
"6355803","2011-12-29",17.3860225872277,0.464163822525597,0.441356873190059,0.391817127093821,42.8538968863772,39.2107697802895,41.0323333333334,0.414267791312726,46.3406377538707,40.6996,40.4379709352258,-1.27213809120827,-1.55015653054366
"6355802","2011-12-30",16.9658573433805,0.654275092936803,0.499211182111625,0.445157683010318,42.6553216414086,39.2626783585915,40.959,0.516015044554927,49.6566466584555,40.7352,40.4982414771957,-1.07792146978438,-1.45570951839181
"6355801","2012-01-03",15.9783351614935,0.735593220338982,0.618010711933792,0.519526255745159,42.497191869247,39.3328081307531,40.915,0.703831157439505,52.8715081901319,40.792,40.6051426135696,-0.832878922714753,-1.3311433992564
"6355800","2012-01-04",15.1976169146747,0.566101694915253,0.651990002730344,0.589737298925254,42.1753559159199,39.4839774174135,40.8296666666667,0.575673736258074,48.7804403678947,40.7956,40.631123598427,-0.729642842774314,-1.21084328795998
"6355799","2012-01-05",14.4726642569143,0.566101694915253,0.622598870056494,0.63086652824021,41.8365580544736,39.6627752788598,40.7496666666667,0.60289283233623,48.7804403678947,40.7984,40.6536404519701,-0.640431177502443,-1.09676086586847
"6355798","2012-01-06",13.734062881414,0.633898305084746,0.588700564971748,0.621096479252862,41.6705654542598,39.7561012124069,40.7133333333334,0.795992296057819,50.5553002869446,40.7476,40.6998217250407,-0.524029497265965,-0.982214592147971
"6355797","2012-01-09",13.0605901539323,0.776271186440679,0.65875706214689,0.623352165725044,41.7370556276738,39.725611038993,40.7313333333334,0.913633069825511,54.1485338464692,40.722,40.7958454950353,-0.344741342536814,-0.854719942225739
"6355796","2012-01-10",13.9714279855913,0.687150837988826,0.699106776504748,0.648854801207795,42.0675433849841,39.522456615016,40.795,1.20659018566815,60.0969003124757,40.7292,40.9857327623639,-0.0447848895992253,-0.692732931700437
"6355795","2012-01-11",14.6594503789793,0.656424581005586,0.706615535145028,0.688159791265555,42.2970368972017,39.4399631027983,40.8685,0.99520363670856,58.9641865367531,40.7148,41.1356350607154,0.168415459820581,-0.520503253396233
"6355794","2012-01-12",15.7929660065514,0.753753753753754,0.699109724249386,0.701610678633054,42.6153277472991,39.3333389193677,40.9743333333334,1.04103373282529,61.8504340136493,40.722,41.32021705262,0.41196019259746,-0.334010564197494
"6355793","2012-01-13",15.8880427302066,0.512987012987014,0.641055115915449,0.682260125103288,42.7386131003615,39.4260535663053,41.0823333333334,0.827340028816188,54.947578024156,40.7252,41.389521445604,0.466324787406003,-0.173943493876795
"6355792","2012-01-17",16.3294148460253,0.714285714285714,0.660342160342158,0.666835666835664,42.9678095729083,39.4231904270918,41.1955,0.927267341764329,59.3970743230745,40.7936,41.5322519195235,0.622462976865368,-0.0146621997283624
"6355791","2012-01-18",16.8734704030151,0.764516129032259,0.663929618768327,0.655108965008645,43.2008525481785,39.4204807851549,41.3106666666667,0.913363225794692,60.5476302053193,40.8608,41.6786183302537,0.769515086617689,0.142173257540848
"6355790","2012-01-19",18.3449910661842,0.716019417475728,0.731607086931231,0.685292955347239,43.5550067814287,39.4793265519047,41.5171666666667,1.0674717355349,65.555882834517,40.9764,41.9134692195532,1.02927883648352,0.319594373329382
"6355789","2012-01-20",19.7114031105556,0.879265091863517,0.786600212790499,0.727378972830019,43.9986431428751,39.445356857125,41.722,1.06545240186726,69.2416976195877,41.1364,42.2116733236128,1.3532007483787,0.526315648339246
"6355788","2012-01-23",20.6211000412025,0.793893129770994,0.796392546370077,0.771533282030602,44.3114164903538,39.5455835096462,41.9285,0.974523553207735,66.7498420698711,41.302,42.4394502137977,1.54547221681673,0.730146962034743
"6355787","2012-01-24",20.9889395914837,0.715012722646311,0.796056981426938,0.793016580195838,44.4937099140432,39.7149567526236,42.1043333333334,0.854137005233091,63.4361618474226,41.4384,42.5955235186247,1.61878668454476,0.907874906536747
"6355786","2012-01-25",21.4925208456928,0.725190839694657,0.744698897370652,0.779049475055889,44.6750584929902,39.8596081736765,42.2673333333334,0.835586475374603,63.6866628657931,41.576,42.7361203828081,1.66428075347405,1.05915607592421
"6355785","2012-01-26",22.5060662530326,0.835000000000001,0.758401187446987,0.766385688748192,44.9815979225676,39.8984020774324,42.44,0.917060460503186,67.7865235273209,41.7844,42.9499709984337,1.80810996273055,1.20894685328548
"6355784","2012-01-27",23.1818168159081,0.770949720670391,0.777046853455014,0.760048979424218,45.1658840752665,40.0774492580669,42.6216666666667,0.840969288657378,65.9277488084721,41.958,43.1139748653092,1.8689701260209,1.34095150783256
"6355783","2012-01-30",23.0578131898009,0.591772151898734,0.732573957523039,0.756007332808347,45.2456912574487,40.3296420758847,42.7876666666667,0.754743857736367,60.6653176207595,42.116,43.193444883268,1.80776210808855,1.43431362788376
"6355782","2012-01-31",23.1594495811137,0.604430379746835,0.655717417438651,0.721779409472235,45.3273241025462,40.5606758974538,42.944,0.750910062698193,60.9509944249841,42.2656,43.2676522321656,1.74625355370865,1.49670161304874
"6355781","2012-02-01",23.2538262301899,0.636075949367089,0.610759493670884,0.666350289544191,45.411636663154,40.7270300035127,43.0693333333334,0.712895853546363,61.6998947020251,42.4036,43.3452986012102,1.69625214302691,1.53661171904437
"6355780","2012-02-02",22.387626660286,0.449367088607594,0.563291139240503,0.609922683450013,45.3614314066439,41.0425685933561,43.202,0.612220898792031,54.9979999408279,42.504,43.3339254543821,1.52911681962615,1.53511273916073
"6355779","2012-02-03",21.6448462514561,0.480314960629921,0.521919332868199,0.565323321926529,45.2763628676009,41.4286371323992,43.3525,0.663949661890398,58.457311972619,42.6408,43.3800687271312,1.45796934587747,1.51968406050408
"6355778","2012-02-06",20.483532939206,0.316455696202532,0.415379248480013,0.500196573529572,45.1496605254322,41.7980061412346,43.4738333333334,0.569468180976853,55.193660549173,42.7564,43.3800595635137,1.33040491395777,1.48182823119482
"6355777","2012-02-07",19.5212451666593,0,0.265590218944149,0.400962933430787,44.9971427859876,42.0891905473458,43.5431666666667,0.296019116550643,49.0061052599584,42.8308,43.2960516217119,1.0994415792098,1.40535090079781
"6355776","2012-02-08",19.0410440952798,0,0.105485232067508,0.262151566497223,44.9935090162396,42.0974909837605,43.5455,0.187329294968209,46.0913165314051,42.8756,43.179244738817,0.844987120622398,1.29327814476273
"6355775","2012-02-09",18.2957959587567,0.124031007751938,0.0413436692506437,0.137473040087434,44.9384867367947,42.2158465965387,43.5771666666667,0.257404590406896,49.2438949781168,42.9532,43.1206787736414,0.695016060318654,1.17362572787392
"6355774","2012-02-10",17.8676113827084,0.0465116279069758,0.0568475452196357,0.0678921488459292,44.9399429190874,42.212390414246,43.5761666666667,0.189770713793863,47.378986004248,43.0228,43.0432549371559,0.532507674686622,1.04540211723646
"6355773","2012-02-13",16.7201240523039,0.213178294573642,0.127906976744183,0.0753660637381541,44.8438127314656,42.4155206018678,43.6296666666667,0.338157857858257,51.6211183223839,43.1016,43.0334876122017,0.47882073445249,0.932085840679664
"6355772","2012-02-14",15.8907275580408,0.41860465116279,0.226098191214467,0.136950904392762,44.8150419037817,42.5379580962184,43.6765,0.486898447376297,56.2976306021708,43.1848,43.0956892639082,0.529513261050885,0.851571324753908
"6355771","2012-02-15",15.7962627885405,0,0.210594315245475,0.188199827734709,44.8141385139903,42.5398614860098,43.677,0.151024630288139,46.4452696946065,43.1928,43.0055973620537,0.362993384145205,0.753855736632167
"6355770","2012-02-16",15.1148121029221,0.476744186046511,0.298449612403098,0.245047372954347,44.840916880961,42.5400831190391,43.6905,0.67797895996532,55.9090686772395,43.2544,43.0915177137799,0.456439996140645,0.694372588533863
"6355769","2012-02-17",14.4820364662765,0.616279069767441,0.364341085271315,0.291128337639963,44.8419562150836,42.5397104515832,43.6908333333334,0.766044576869455,58.2353315085112,43.314,43.2139820186093,0.590654231438736,0.673628917114838
"6355768","2012-02-21",14.1525858754683,0.224806201550387,0.439276485788111,0.367355727820841,44.7855304909829,42.5198028423504,43.6526666666667,0.400252795106936,50.2284588967774,43.3604,43.1854510827947,0.502314834466988,0.639366100585268
"6355767","2012-02-22",13.8466674697179,0.41860465116279,0.41989664082687,0.407838070628765,44.7784382012489,42.5162284654178,43.6473333333334,0.518860614907111,53.6276004453134,43.402,43.2273909384221,0.519716061671138,0.615436092802442
"6355766","2012-02-23",13.5960824353013,0.406976744186046,0.350129198966405,0.403100775193795,44.7626802841095,42.5106530492239,43.6366666666667,0.514801478781848,53.3919869410069,43.4356,43.2597388132991,0.521812447009395,0.596711363643833
"6355765","2012-02-24",13.6489841329518,0.310077519379844,0.378552971576224,0.382859603789833,44.6274257089826,42.5392409576841,43.5833333333334,0.456900365284214,51.3666535444812,43.4268,43.2544403048593,0.471372276427262,0.571643546200518
"6355764","2012-02-27",14.1347067075967,0.155038759689922,0.290697674418602,0.339793281653744,44.523445745568,42.5118875877654,43.5176666666667,0.26419606289111,48.2152124648809,43.3736,43.196514930878,0.3526617540901,0.527847187778435
"6355763","2012-02-28",15.1108142555576,0,0.15503875968992,0.274763135228249,44.4967192607625,42.3946140725709,43.4456666666667,0.0977048763224856,44.3340166002685,43.3084,43.0756462734276,0.1574776899681,0.453773288216368
"6355762","2012-02-29",15.276930946737,0.0738007380073811,0.0762798325657654,0.174005422224762,44.4100161633744,42.356317169959,43.3831666666667,0.259864192246336,46.0973341465545,43.2636,42.9975601036373,0.0395403078629064,0.370926692145676
"6355761","2012-03-01",14.369334605953,0.420664206642066,0.16482164821648,0.132046746824055,44.3642131944035,42.3731201389299,43.3686666666667,0.704912572457796,53.5455241783041,43.2548,43.0552187564856,0.121039230779618,0.320949199872464
"6355760","2012-03-02",13.5137841343343,0.6309963099631,0.375153751537513,0.205418410773253,44.4382249784541,42.3464416882126,43.3923333333334,0.866991490107001,57.3903783094263,43.2412,43.1811895889542,0.288798411459545,0.31451904218988
"6355759","2012-03-05",12.5520658039747,0.653136531365315,0.568265682656825,0.369413694136939,44.4861651117954,42.3245015548714,43.4053333333334,0.887664397318345,57.7864422805452,43.2364,43.298364310427,0.427490547001752,0.337113343152255
"6355758","2012-03-06",12.4981355890204,0.402214022140223,0.56211562115621,0.501845018450183,44.4761643432441,42.3241689900893,43.4001666666667,0.594408506212059,51.8986063355532,43.2232,43.3092490690367,0.405760797928534,0.350842834107511
"6355757","2012-03-07",12.5526231497385,0.3690036900369,0.474784747847477,0.535055350553504,44.4794913194088,42.3675086805913,43.4235,0.496764493605313,51.1556865223647,43.2048,43.3066825264985,0.367531469914817,0.354180561268972
"6355756","2012-03-08",12.1198042969258,0.415384615384615,0.395534109187243,0.477478159396977,44.4644468971568,42.4762197695099,43.4703333333334,0.553481481997058,51.815956646915,43.1856,43.3151248562987,0.34812596443925,0.352969641903027
"6355755","2012-03-09",11.3566190458037,0.456896551724139,0.413761619048549,0.42802682536109,44.4742757035181,42.5443909631486,43.5093333333334,0.597069700285537,51.6280603856667,43.1892,43.3197748754589,0.325266980791494,0.347429109680721
"6355754","2012-03-12",10.6479470269045,0.603448275862068,0.491909814323605,0.433735180853132,44.4781819165847,42.658484750082,43.5683333333334,0.687760179526628,54.6394473091798,43.1896,43.3691382253977,0.366208184921102,0.351184924728797
"6355753","2012-03-13",10.8327065341503,0.732342007434944,0.597562278340382,0.501077903904178,44.6130621902526,42.6499378097475,43.6315,0.942407016399303,59.222684293353,43.2248,43.4879197953447,0.498625377195405,0.380673015222119
"6355752","2012-03-14",10.4206987500372,0.58888888888889,0.641559724061965,0.577010605575317,44.6796483298938,42.6436850034396,43.6616666666667,0.78897049651573,55.2171419743712,43.27,43.5401971559654,0.526683887276369,0.409875189632969
"6355751","2012-03-15",10.0381200933608,0.62962962962963,0.650286841984486,0.629802948128944,44.7106263578678,42.7480403087989,43.7293333333334,0.758502465955051,56.1418764620846,43.3328,43.6001708685033,0.562673602027686,0.440434872111912
"6355750","2012-03-16",11.3068212936935,0.565891472868217,0.594803330462243,0.628883298836231,44.9033606917709,42.6493059748958,43.7763333333334,1.06061933954227,60.0948364756627,43.4024,43.7174814193695,0.67373372900168,0.487094643489866
"6355749","2012-03-19",12.5852221530083,0.796296296296296,0.663939132931379,0.636343101792702,45.2553666346694,42.4426333653307,43.849,1.178225229339,66.8024391014756,43.5208,43.9551505634536,0.9377965167225,0.577235018136393
"6355748","2012-03-20",13.1190278073095,0.60738255033557,0.656523439833359,0.638421967742327,45.4769305675771,42.412069432423,43.9445,0.954234826726223,62.3746125980322,43.606,44.1077971549931,1.06002044183031,0.673792102875176
"6355747","2012-03-21",14.8105536640188,0.434782608695652,0.612820485109171,0.644427685957969,45.7578043055935,42.3348623610733,44.0463333333334,0.990903252397651,61.173784065117,43.6656,44.225424200994,1.1230854751884,0.763650777337821
"6355746","2012-03-22",16.3812562452488,0.713554987212275,0.585240048747831,0.618194657896786,46.1411003837794,42.215232949554,44.1781666666667,1.0421731720852,67.7909187006994,43.812,44.4727009741948,1.35468804169103,0.881858230208464
"6355745","2012-03-23",17.3223179189595,0.631713554987211,0.593350383631711,0.597136972496237,46.3944711367805,42.2138621965529,44.3041666666667,0.908831988617806,64.3248902506833,43.8964,44.6443408443022,1.46167805766819,0.997822195700409
"6355744","2012-03-26",18.5153021290865,0.795396419437339,0.713554987212273,0.630715139863938,46.7054344795987,42.2552321870681,44.4803333333334,0.968817639331831,67.8638023273785,43.992,44.8784287317286,1.64142198209489,1.12654215297931
"6355743","2012-03-27",19.6230731813472,0.810389610389609,0.745833194938051,0.684246188594011,46.9154605115727,42.4465394884273,44.681,0.932393708307969,68.2349584525804,44.1308,45.0906382341648,1.77404929789251,1.25604358196195
"6355742","2012-03-28",19.5526579372096,0.636363636363635,0.747383222063526,0.735590468071283,46.9964428263765,42.6855571736236,44.841,0.789731646953415,60.9758773900627,44.2228,45.1852198029428,1.73828736211536,1.35249233799263
"6355741","2012-03-29",19.0709323273238,0.521367521367522,0.656040256040254,0.716418891013943,47.076407205894,42.8065927941061,44.9415,0.697939906786896,58.1898225569144,44.3048,45.2298571625504,1.64080366135746,1.4101546026656
"6355740","2012-03-30",19.1514110356168,0.680722891566264,0.612818016432472,0.67208049817875,47.240606034387,42.8627272989465,45.0516666666667,0.79961237986064,62.2977026417841,44.4216,45.351209540877,1.65457963391247,1.45903960891497
"6355739","2012-04-02",19.4602979097822,0.710843373493976,0.637644595475919,0.635500955982881,47.4082577742768,42.92140889239,45.1648333333334,0.799059176864682,62.930329271342,44.5584,45.4697149354268,1.66343429900304,1.49991854693259
"6355738","2012-04-03",19.1024356699472,0.573208722741432,0.654924995933889,0.635129202614093,47.4449811615222,43.1320188384779,45.2885,0.682743693923645,58.5895439087264,44.7,45.5177529440365,1.57915030410367,1.5157648983668
"6355737","2012-04-04",18.6010521327878,0.455882352941176,0.579978149725526,0.624182580378444,47.4119122512935,43.4217544153733,45.4168333333334,0.641974333671767,57.4446857650433,44.8292,45.544719218165,1.47575230499781,1.507762379693
"6355736","2012-04-05",18.6060075385688,0.52941176470588,0.519500946796161,0.584801364151858,47.4078500059331,43.709149994067,45.5585,0.730216021106929,60.7486183958797,44.9384,45.626756655743,1.45475684712086,1.49716127317858
"6355735","2012-04-09",17.7090528874062,0.262443438914026,0.415912518853692,0.505130538458459,47.3025072371603,44.0208260961731,45.6616666666667,0.529964316796394,54.6244328413806,45.0012,45.6191891016439,1.31845368065135,1.46141975467313
"6355734","2012-04-10",16.8141428127815,0,0.263951734539967,0.399788400063273,47.1768426691645,44.2758239975022,45.7263333333334,0.319718499191746,49.1117860087852,45.0372,45.5312972214248,1.08995747144958,1.38712729802842
"6355733","2012-04-11",15.8020779940388,0.206730769230769,0.15639140271493,0.278751885369529,47.1216874168379,44.4443125831622,45.783,0.444099472070843,52.7330029635354,45.1176,45.5124575919015,0.973860488217415,1.30447393606622
"6355732","2012-04-12",16.268250884745,0.432539682539682,0.213090150590148,0.211144429281681,47.0719257174084,44.7217409492584,45.8968333333334,0.767993113507015,57.7076197177799,45.228,45.5841299129813,0.987398455351429,1.24105883992326
"6355731","2012-04-13",16.7011257118293,0.523809523809525,0.387693325193323,0.252391626166133,46.9269786411449,45.0893546921886,46.0081666666667,0.74769304237961,59.3145937443978,45.3444,45.6769125912504,1.02668284075871,1.19818364009035
"6355730","2012-04-16",16.2469746198269,0.273809523809523,0.410052910052908,0.336945461945459,46.8585770981549,45.2447562351785,46.0516666666667,0.41221660971377,53.3364267495587,45.4364,45.6733242457504,0.935539042351019,1.14565472054248
"6355729","2012-04-17",16.2554869895425,0.472222222222222,0.423280423280421,0.40700888617555,46.8907404679038,45.2755928654297,46.0831666666667,0.687908522747425,57.037362578476,45.5348,45.7368810129837,0.940714417624378,1.10466665995886
"6355728","2012-04-18",16.2633913328498,0.484126984126984,0.410052910052908,0.414462081128745,46.8780163892697,45.3949836107304,46.1365,0.679924096887527,57.2564111777287,45.6116,45.7959635445858,0.939088362428331,1.07155100045276
"6355727","2012-04-19",15.3949468156516,0.226190476190477,0.394179894179892,0.40917107583774,46.8708711937045,45.4217954729623,46.1463333333334,0.346108801073675,51.1689921893117,45.6776,45.7605017386411,0.813792217153964,1.019999243793
"6355726","2012-04-20",16.8864531316417,0,0.236772486772485,0.347001763668428,47.7816006094906,44.1063993905095,45.944,-0.502394095042613,31.211620630758,45.594,45.2457681734889,0.0694528783856674,0.829889970711532
"6355725","2012-04-23",18.811540387815,0,0.0753968253968236,0.235449735449733,48.5109662165469,42.8803671167865,45.6956666666667,-0.325667023638373,27.489977063084,45.444,44.6436657503571,-0.73015406295498,0.51788116397823
"6355724","2012-04-24",20.5991214114044,0.0488888888888897,0.0162962962962946,0.109488536155201,48.8121196509487,42.0478803490513,45.43,-0.117462877975819,30.0243930152828,45.2664,44.1658436503095,-1.29809620457153,0.154685690268278
"6355723","2012-04-25",22.3736134328564,0.0118518518518527,0.0202469135802455,0.0373133450911208,48.9829787505756,41.3213545827578,45.1521666666667,-0.0345472331053483,29.1919514984141,45.0948,43.7183978302682,-1.7805309526969,-0.232357638324758
"6355722","2012-04-26",24.3745768015499,0,0.0202469135802455,0.0189300411522614,49.2203902502878,40.4966097497123,44.8585,-0.0320896523046546,26.6170041049376,44.8952,43.2226114528991,-2.29418959600688,-0.644724029861182
"6355721","2012-04-27",26.328187502123,0,0.00395061728394897,0.0148148148148128,49.380257701224,39.7650756321094,44.5726666666667,0.0317128022848403,25.9179145926751,44.6428,42.7622632591792,-2.72138482673997,-1.06005618923694
"6355720","2012-04-30",28.1422545812265,0.0181582360570679,0.00605274535235405,0.0100834254055157,49.3728353720772,39.1404979612562,44.2566666666667,0.0882335419395365,27.171800642701,44.4088,42.3819614912887,-3.00578524333005,-1.44920200005556
"6355719","2012-05-01",28.8480265665092,0.0233463035019455,0.0138348465196692,0.00794606971865691,49.2280116455089,38.6659883544912,43.947,0.155968694013683,27.5491166200036,44.1508,42.0576999591169,-3.19204110325111,-1.79776982069467
"6355718","2012-05-02",29.3865762563567,0.0578279266572633,0.0331108220720903,0.0176661379813707,49.0579521333682,38.2780478666319,43.668,0.20581062179567,29.8012169523533,43.8992,41.8073399645679,-3.26166851632369,-2.09054955982048
"6355717","2012-05-03",30.0956093186171,0.00987306064880117,0.0303490969360014,0.0257649218425865,48.8604349702732,37.8975650297269,43.379,0.210325244768118,28.3960197282557,43.6608,41.5450279692922,-3.34727114497587,-2.34189387685155
"6355716","2012-05-04",31.1236352923415,0,0.0225669957686862,0.0286756382589255,48.5855532449985,37.4717800883349,43.0286666666667,0.173798152775894,25.9185949389579,43.408,41.2323575733866,-3.50337512218559,-2.57419012591836
"6355715","2012-05-07",32.2418713619222,0,0.00329102021626514,0.0187357043069838,48.3404006542753,37.0709326790581,42.7056666666667,0.197797032286159,24.825236965565,43.1184,40.9213765636017,-3.64867188195371,-2.78908647712543
"6355714","2012-05-08",33.2802334265328,0.0268886043533932,0.00896286811779581,0.0116069613675819,48.1100673933213,36.7092659400121,42.4096666666667,0.225779512419637,27.1421513638318,42.8332,40.6798596884548,-3.68395293903541,-2.96805976950743
"6355713","2012-05-09",34.7124435487581,0,0.00896286811779581,0.00707225215061841,47.7956984005198,36.3086349328136,42.0521666666667,0.189317174631577,23.8279917380348,42.5292,40.3532117299942,-3.84678827748879,-3.1438054711037
"6355712","2012-05-10",35.434528768486,0.095652173913045,0.0408469260888108,0.019590887441467,47.1869411452208,36.1480588547793,41.6675,0.243256011605378,27.4076059579102,42.2428,40.1141168326616,-3.86965288167482,-3.28897495321792
"6355711","2012-05-11",36.105036472519,0.102639296187684,0.0660971567002409,0.038635650302282,46.4740010996949,36.0923322336385,41.2831666666667,0.258564828801733,27.6295802346443,41.9396,39.9095679216401,-3.84249361820476,-3.39967868621529
"6355710","2012-05-14",36.9717227371371,0,0.0660971567002409,0.057680413163097,45.782625051101,36.0320416155658,40.9073333333334,0.24216927462638,25.9223187021957,41.644,39.6789588654214,-3.86039415086743,-3.49182177914572
"6355709","2012-05-15",38.0238334786659,0,0.0342130987292259,0.0554691373765688,44.8165267270548,36.1621399396119,40.4893333333334,0.215442962378351,24.1917598307366,41.3556,39.4217643500319,-3.92055129768835,-3.57756768285424
"6355708","2012-05-16",39.012314750345,0,-1.92438657601694e-15,0.0334367518098211,43.5797724470663,36.5462275529338,40.063,0.189156269528153,24.1111335947915,41.0492,39.1961957700276,-3.93068734884912,-3.64819161605322
"6355707","2012-05-17",40.1172820811103,0,-1.92438657601694e-15,0.0114043662430735,42.0964383389112,37.2005616610889,39.6485,0.0883951334405247,22.8017075922419,40.7036,38.9580363340239,-3.96243660711545,-3.71104061426567
"6355706","2012-05-18",41.2747253018032,0,-1.92438657601694e-15,-2.42629990173289e-15,41.7341382966852,37.0735283699815,39.4038333333334,0.0628969815743561,21.8818717243694,40.3396,38.7209648228207,-3.99291383001056,-3.76741525741464
"6355705","2012-05-21",41.0930994443704,0.0202531645569616,0.0067510548523186,0.00225035161743775,41.5562915227772,36.9110418105562,39.2336666666667,0.157643090930193,23.0447336427248,40.004,38.5261695131113,-3.95800547060348,-3.80553330005241
"6355704","2012-05-22",40.4957719788421,0.026666666666667,0.0156399437412076,0.00746366619784093,41.2719440924388,36.8440559075613,39.058,0.202341173722187,23.3519202592245,39.6492,38.3600135780298,-3.88384328423612,-3.82119529688915
"6355703","2012-05-23",39.2529493546265,0.232876712328767,0.0932655145174632,0.038552171036996,40.9556586694327,36.8813413305674,38.9185,0.340014098284519,31.8481156980158,39.3164,38.2933451009592,-3.66227100999369,-3.78941043951006
"6355702","2012-05-24",38.0988997749977,0.434931506849316,0.231491628614915,0.113465695624528,40.7904598571367,36.8905401428634,38.8405,0.452862277482135,39.2277862337496,39.0332000000001,38.3142324208313,-3.32433279141781,-3.69639490989161
"6355701","2012-05-25",37.0709720126932,0.502040816326529,0.389949678501535,0.238235607211304,40.6338490873838,36.8958175792829,38.7648333333334,0.444311152483449,38.9200875932868,38.8936,38.3270014313871,-3.02986746065322,-3.56308942004393
"6355700","2012-05-29",35.3084789523522,0.695454545454545,0.544142289543461,0.388527865553303,40.4853952030748,36.9312714635919,38.7083333333334,0.557679477425791,42.5592215402456,38.8128,38.3780679072022,-2.7021297274035,-3.39089748151585
"6355699","2012-05-30",34.7378334949099,0.249999999999998,0.482498453927022,0.472196807324006,40.2341982109066,36.9451351224268,38.5896666666667,0.302476678254601,35.1845716371973,38.6796,38.2916588529085,-2.61824384873195,-3.23636675495907
"6355698","2012-05-31",34.5611756287169,0.0747663551401886,0.340073633531575,0.455571459000686,39.8841422648788,37.0155244017879,38.4498333333334,0.238608148899479,32.7522964820356,38.5408,38.1647710058541,-2.60483993423194,-3.11006139081364
"6355697","2012-06-01",34.7195439604534,0,0.108255451713394,0.310275846390663,39.5930808419663,37.0035858247005,38.2983333333334,0.0655523596303756,30.5371967912191,38.4192,38.0041348717402,-2.64555726100465,-3.01716056485184
"6355696","2012-06-04",34.5800505518584,0.0932203389830504,0.0559955647077445,0.168108216650904,39.4466661665999,36.9470005000668,38.1968333333334,0.17055594233041,33.3477393833149,38.3156,37.8942502221748,-2.60260276471911,-2.9342490048253
"6355695","2012-06-05",33.9370016841796,0.203389830508473,0.0988700564971727,0.0877070243061033,39.2769762584756,36.9510237415245,38.114,0.297645625507583,36.6119674055424,38.2168,37.8336835258849,-2.48533687688431,-2.8444665792371
"6355694","2012-06-06",31.6790777329434,0.516949152542373,0.271186440677964,0.14201735396096,39.1266946114356,37.0243053885645,38.0755,0.708255126391575,44.8852275214154,38.146,37.8798590557669,-2.20943422922387,-2.71746010923446
"6355693","2012-06-07",30.1144287154514,0.634228187919464,0.451522390323435,0.27385962916619,39.2632377879676,36.9607622120325,38.112,0.978325739844603,51.1073778838473,38.0928,38.0092111816646,-1.82720746387649,-2.53940958016286
"6355692","2012-06-08",28.4196122075667,0.570469798657717,0.573882379706516,0.432197070235971,39.2802530765793,36.9530802567541,38.1166666666667,0.848061816939232,49.4040490096196,38.0456,38.0959830241093,-1.54679935168515,-2.34088753446732
"6355691","2012-06-11",27.1579946903599,0.624161073825504,0.609619686800893,0.545008152276948,39.3464407005936,36.9218926327398,38.1341666666667,0.909354639389988,50.8884446238787,38.0304,38.1925186208948,-1.27607408811117,-2.12792484519609
"6355690","2012-06-12",25.7388240864979,0.563758389261745,0.586129753914987,0.589877273474132,39.4024916967313,36.9101749699354,38.1563333333334,0.772972261518274,49.1417315912577,38.02,38.2521828047755,-1.08698926219734,-1.91973772859634
"6355689","2012-06-13",24.6485888606422,0.56040268456376,0.582774049217001,0.59284116331096,39.484450954657,36.9148823786764,38.1996666666667,0.769954525888431,49.0410212500624,38.0008,38.3025584308054,-0.928529789204846,-1.72149614071804
"6355688","2012-06-14",24.1620554553362,0.630872483221478,0.585011185682326,0.584638329604771,39.6095913267599,36.9207420065735,38.2651666666667,0.84271165478923,51.298233030678,38.0252,38.374217306698,-0.750162796885057,-1.52722947195144
"6355687","2012-06-15",23.7102744361235,0.684563758389262,0.625279642058165,0.597688292319163,39.7233687820683,36.9689645512651,38.3461666666667,0.829351319069854,53.0061926394158,38.0428,38.4576549991383,-0.568762893111507,-1.33553615618346
"6355686","2012-06-18",23.3865126698741,0.66778523489933,0.661073825503355,0.623788217747948,39.793546756171,37.0867865771624,38.4401666666667,0.797957686186798,52.3878936736601,38.0576,38.5233009992532,-0.430620247200408,-1.15455297438685
"6355685","2012-06-19",23.8167502544637,0.748587570621469,0.700312187970018,0.662221885177179,39.9967829052501,37.1098837614166,38.5533333333334,0.968784417434204,59.1598995413188,38.1148,38.6681941993528,-0.181419202335842,-0.959926219976646
"6355684","2012-06-20",24.1972009950329,0.745762711864407,0.7207118391284,0.694032617533924,40.155799333541,37.1615339997924,38.6586666666667,0.896758425717958,59.0229182181625,38.1888,38.7924349727724,0.0132429460883321,-0.76529238676365
"6355683","2012-06-21",22.8883587509874,0.430722891566265,0.641691058017378,0.687571695038598,40.2014078831326,37.2025921168675,38.702,0.643834555688795,47.3371792180438,38.224,38.7681103097361,-0.0379166474868464,-0.61981723890829
"6355682","2012-06-22",21.4217787048733,0.241830065359478,0.472771889596714,0.611724928914164,40.194499916916,37.1855000830841,38.69,0.409161399658405,43.3249011075608,38.2548,38.6896956017713,-0.166113656719225,-0.529076522470477
"6355681","2012-06-25",20.528575541154,0,0.224184318975245,0.446215755529779,40.1953436559377,37.130323010729,38.6628333333334,0.288092781360103,40.1698471940372,38.2800000000001,38.5724028548684,-0.341361726677492,-0.49153356331188
"6355680","2012-06-26",20.7544616292058,0,0.0806100217864903,0.259188743452816,40.2308471073807,36.9234862259527,38.5771666666667,0.0836055646663777,33.2026234341136,38.2624,38.338749140886,-0.681005792085398,-0.529428009066583
"6355679","2012-06-27",20.9642129966825,0.0978260869565216,0.0326086956521717,0.112467678804635,40.2637946502295,36.833538683104,38.5486666666667,0.156391045460546,37.4510818431438,38.2584000000001,38.1842492554345,-0.866235916270808,-0.596789590507428
"6355678","2012-06-28",21.5971181067441,0,0.0326086956521717,0.0486091376969442,40.3282151554549,36.6944515112119,38.5113333333334,0.0712434399886191,34.4371132783713,38.2128000000001,37.9890160213766,-1.09914954795113,-0.697261581996168
"6355677","2012-06-29",20.3284671930238,0.317460317460318,0.138428801472278,0.0678820642588733,40.2807379540293,36.8442620459708,38.5625,0.393544042466439,46.5268811841522,38.1916000000001,37.979813885193,-1.01794912628632,-0.761399090854199
"6355676","2012-07-02",18.917541000406,0.354497354497355,0.223985890652556,0.131674462592335,40.2451666581642,36.9781666751693,38.6116666666667,0.421946739722267,47.7377019802439,38.1776000000001,37.9905053671673,-0.913316411859733,-0.791782555055306
"6355675","2012-07-03",17.8939220566846,0.478835978835979,0.383597883597882,0.248670858574238,40.2410344775082,37.0956321891585,38.6683333333334,0.534441805340621,51.692408393237,38.1704000000001,38.0624379848783,-0.722292303011396,-0.777884504646524
"6355674","2012-07-05",17.3214827508543,0.582010582010583,0.471781305114637,0.359788359788358,40.2847584121961,37.1155749211373,38.7001666666667,0.641939819705102,54.7520864806584,38.218,38.1767795868946,-0.482943858352092,-0.718896375387637
"6355673","2012-07-06",16.4088339553141,0.354497354497355,0.471781305114637,0.442386831275718,40.2318662293551,37.0914671039784,38.6616666666667,0.430475928499313,47.5935108099623,38.2468,38.1612089753086,-0.469729723850398,-0.66906304508019
"6355672","2012-07-09",15.9622423089283,0.253968253968254,0.396825396825395,0.446796002351556,40.2085103666261,37.014489633374,38.6115,0.284545335131237,44.8059070078649,38.2756,38.0970477786008,-0.533564654595375,-0.641963366983227
"6355671","2012-07-10",16.2092696560592,0.0745856353591168,0.227683747941573,0.365430149960535,40.1816189509244,36.8750477157424,38.5283333333334,0.177914091591794,40.2014806433289,38.268,37.9494414081207,-0.722621385399369,-0.658094970666455
"6355670","2012-07-11",16.7621184258939,0,0.109517963109121,0.244675702625363,40.226016579978,36.6339834200221,38.43,0.0657055682583861,37.9494070904439,38.2352,37.7721825537046,-0.941614296973947,-0.714798835927954
"6355669","2012-07-12",17.6479199607717,0,0.0248618784530367,0.12068786316791,40.2872524528353,36.3264142138314,38.3068333333334,0.0261524909420729,35.3552854153352,38.1548,37.5585582132106,-1.19946068276454,-0.811731205295271
"6355668","2012-07-13",17.3412187123774,0.136627906976744,0.0455426356589124,0.0599741590736899,40.2108840009084,36.1867826657584,38.1988333333334,0.208713432132533,39.970778317738,38.0664,37.4360837847826,-1.28947023584723,-0.907279011405664
"6355667","2012-07-16",17.0945779683528,0.125,0.0872093023255791,0.0525379388125091,40.1053859920615,36.060947341272,38.0831666666667,0.217348496201429,39.7109169040785,37.984,37.3246059468116,-1.35462999901053,-0.996749208926636
"6355666","2012-07-17",17.0343401564821,0.0755813953488367,0.112403100775191,0.0817183462532273,39.9836021116464,35.9367312216871,37.9601666666667,0.210022871519915,38.563428146539,37.8884,37.2053251539033,-1.42740491920318,-1.08288035098194
"6355665","2012-07-18",16.139047717328,0.281976744186046,0.160852713178292,0.120155038759687,39.6660449982202,36.0312883351133,37.8486666666667,0.452679088053992,45.6297579269277,37.8284,37.1966151333829,-1.31627287839144,-1.12955885646385
"6355664","2012-07-19",15.3077047381135,0.601744186046512,0.319767441860463,0.197674418604648,39.3688875718553,36.1817790948115,37.7753333333334,0.689722650177091,54.3837394900141,37.8128,37.3357331155985,-0.978547186576706,-1.09935652248642
"6355663","2012-07-20",15.1815737384636,0.235465116279069,0.373062015503874,0.284560723514209,39.1623915549822,36.2219417783513,37.6921666666667,0.424444665427591,45.3722389179613,37.7384,37.2883020335187,-0.972299130937415,-1.07394504417662
"6355662","2012-07-23",15.8654805990793,0,0.279069767441858,0.323966408268731,39.1204627159716,36.0658706173619,37.5931666666667,0.121389710093724,39.6942886621037,37.6172,37.1125284290495,-1.17333580372861,-1.09382319608702
"6355661","2012-07-24",16.5005369696511,0.129120879120879,0.121528665133314,0.257886816026348,39.0911604106644,35.9608395893357,37.526,0.226545600640166,43.2530978159062,37.5168,37.0228579718429,-1.21749821402571,-1.11855819967476
"6355660","2012-07-25",17.731737616554,0,0.0430402930402908,0.147879575205154,39.1667250471401,35.7622749528599,37.4645,0.0610157415698519,38.5140250150767,37.3536,36.8238102422639,-1.43572234552158,-1.18199102884412
"6355659","2012-07-26",18.7288373760322,0,0.0430402930402908,0.0692030837379648,39.2163212542304,35.5736787457697,37.395,0.111545740018827,38.3153003928377,37.1892,36.6459688766287,-1.60099490580413,-1.26579180423612
"6355658","2012-07-27",19.6547157241191,0.150306748466256,0.0501022494887499,0.0453942785231102,39.2502809784297,35.4557190215704,37.353,0.173304407528309,42.2465572656103,37.084,36.5571730264115,-1.60669565017565,-1.33397257342403
"6355657","2012-07-30",20.5919192258534,0.119631901840491,0.0899795501022469,0.0610406975437623,39.1828568385671,35.3078098280996,37.2453333333334,0.189810214752721,41.6629872397956,36.992,36.4668832895567,-1.61526340064885,-1.39023073886899
"6355656","2012-07-31",21.7186199394227,0.0184049079754587,0.0961145194273998,0.0787321063394653,39.0881424017082,35.1398575982918,37.114,0.149468042730229,39.7134227936578,36.9016,36.3446321842824,-1.6765838646427,-1.44750136402373
"6355655","2012-08-01",23.1224667485335,0,0.0460122699386477,0.0773687798227645,38.9061264951344,34.9778735048657,36.942,0.0913365719290043,36.9486906200499,36.8312,36.1733478930448,-1.81453381718926,-1.52090785465684
"6355654","2012-08-02",24.5862217041784,0,0.00613496932515073,0.0494205862303991,38.599560069284,34.8667732640494,36.7331666666667,0.0285470547459278,35.6926296182208,36.7372,35.9942348406388,-1.95460160574504,-1.60764660487448
"6355653","2012-08-03",24.2187646123088,0.191326530612245,0.0637755102040794,0.0386409164892923,38.3318614269655,34.8751385730345,36.6035,0.282018972350313,42.5508776621283,36.6916,35.9390035285536,-1.87689684389502,-1.66149665267859
"6355652","2012-08-06",23.6123476842103,0.29591836734694,0.162414965986393,0.077441815171874,38.1425618537888,34.8911048128779,36.5168333333334,0.399480962159102,45.9447653834245,36.6144,35.9458030580798,-1.70372423029764,-1.6699421682024
"6355651","2012-08-07",23.7834951654465,0.086161879895561,0.191135592618246,0.139108689602906,38.0356057117553,34.8110609549115,36.4233333333334,0.242599324063204,40.7025526808184,36.4984,35.8410293170025,-1.73323369495226,-1.68260047355237
"6355650","2012-08-08",23.6931054011568,0.129834254143646,0.170638167128713,0.17472957524445,37.9915055407253,34.7428277926082,36.3671666666667,0.308999215031504,41.9065904035152,36.3692,35.7688920747355,-1.70606694778006,-1.68729376839791
"6355649","2012-08-09",23.6091720486022,0.38976377952756,0.20191997118892,0.18789791031196,37.9779575999939,34.7180424000062,36.348,0.407564057698644,46.2705106043543,36.2452,35.7757064647708,-1.54957553602421,-1.65975012192317
"6355648","2012-08-10",23.0864891266647,0.482608695652173,0.334068909774457,0.23554234936403,37.9083713457959,34.7076286542042,36.308,0.474589230947229,47.255184216036,36.1604,35.797612269468,-1.38251557191709,-1.60430321192195
"6355647","2012-08-13",22.3798876770503,0.727699530516433,0.533357335232053,0.35644873873181,37.8686337639493,34.7103662360508,36.2895000000001,0.588814515401928,50.8145479187236,36.1084,35.8752639668723,-1.13788144679049,-1.51101885889566
"6355646","2012-08-14",21.4402847724821,0.896103896103895,0.702137374090832,0.523187873032447,37.8926574190019,34.7056759143315,36.2991666666667,0.713629521330934,54.7048195989695,36.1048,36.011895437956,-0.818034560290604,-1.37242199917465
"6355645","2012-08-15",20.1426804604983,0.803846153846155,0.809216526822159,0.681570412048348,37.7802482505738,34.759418416093,36.2698333333334,0.771503762742594,54.8527257157541,36.1168,36.1329760462285,-0.554205777288641,-1.20877875479745
"6355644","2012-08-16",19.7321074989712,0.701657458563535,0.800535836171193,0.770629912361394,37.5838046062868,34.8908620603799,36.2373333333334,1.05428834489446,58.1629851502078,36.1648,36.297912573398,-0.242716212839533,-1.01556624640586
"6355643","2012-08-17",19.3508611775532,0.84806629834254,0.784523303584074,0.798091888859142,37.7468079283291,34.789192071671,36.2680000000001,1.11378266188512,61.7227346572055,36.2152,36.5115242302783,0.118922297228519,-0.788668537678988
"6355642","2012-08-20",19.13632643256,0.871657754010696,0.807127170305588,0.797395436686951,38.0715490976065,34.6457842357269,36.3586666666667,1.05209082047026,62.9401121408608,36.2748,36.7219876662412,0.440428878761301,-0.54284905439093
"6355641","2012-08-21",19.3152245400284,0.874692874692875,0.864805642348701,0.818818705412788,38.4148071082926,34.4915262250408,36.4531666666667,1.03700802874635,64.8414847187794,36.3532,36.9443893107424,0.750257188867298,-0.284227805739284
"6355640","2012-08-22",18.7576250686,0.745989304812836,0.8307799778388,0.834237596831029,38.6409298908775,34.4824034424559,36.5616666666667,0.879541492138959,59.980861785034,36.3856,37.0784707359767,0.888107922368842,-0.0497606601176593
"6355639","2012-08-23",17.6275483456082,0.550802139037433,0.723828106181046,0.806471242122849,38.7369071914604,34.5380928085397,36.6375000000001,0.704621254552566,52.8962115126114,36.3448,37.0973413045132,0.828794629279961,0.125950397761865
"6355638","2012-08-24",16.5781913885444,0.566844919786097,0.62121212121212,0.725273401743988,38.8239335251576,34.5897331415092,36.7068333333334,0.687323837985949,53.3835802910145,36.3568,37.1216957972447,0.785737307953771,0.257907779800246
"6355637","2012-08-27",16.0069655843298,0.466666666666666,0.528104575163397,0.624381600852187,38.8726744941956,34.6603255058045,36.7665000000001,0.611616266354555,50.5663757411907,36.3972,37.1028030242788,0.67864610246624,0.342055444333445
"6355636","2012-08-28",15.6490676039453,0.334415584415585,0.455975723622781,0.535097473332765,38.8794336773694,34.7745663226307,36.8270000000001,0.527528295127367,49.350992193277,36.4136000000001,37.0690959543749,0.559078960628234,0.385460147592403
"6355635","2012-08-29",15.5057448870286,0.260135135135136,0.353739128739127,0.445939809175101,38.8371166574096,34.9662166759238,36.9016666666667,0.481485787023819,48.0126218191925,36.4608000000001,37.0212164937916,0.428877882916168,0.394143694657156
"6355634","2012-08-30",16.1709485881096,0,0.198183573183571,0.335966141848492,38.7173874920237,35.2152791746431,36.9663333333334,0.300215583511698,42.2796266707045,36.4836000000001,36.8930542946194,0.181587153522011,0.351632386430127
"6355633","2012-08-31",16.7128215302586,0.0457746478873224,0.101969927674151,0.217964209865616,38.6910490116872,35.2932843216463,36.9921666666667,0.315908381815423,43.7268711263956,36.4920000000001,36.7993137220035,0.013372668263667,0.283980442796835
"6355632","2012-09-04",17.0375203657662,0.0492957746478876,0.0316901408450677,0.110614547234263,38.6840224297106,35.3216442369561,37.0028333333334,0.321703578350617,43.8435128763796,36.5048000000001,36.7194052257364,-0.116727603799505,0.203838833477567
"6355631","2012-09-05",17.7191036415718,0,0.0316901408450677,0.0551167364547615,38.6358680443738,35.4227986222929,37.0293333333334,0.218026634042256,41.0917349669223,36.5188000000001,36.6101511956382,-0.28294971878382,0.10648112302529
"6355630","2012-09-06",16.9759791555439,0.19,0.0797652582159603,0.0477151799686981,38.5819798390217,35.5770201609783,37.0795,0.390347946294377,47.795985319509,36.5752000000001,36.5914643695531,-0.285970840024752,0.0279907304152813
"6355629","2012-09-07",16.2055502371176,0.433333333333335,0.207777777777776,0.106411058946268,38.5824044097163,35.7172622569505,37.1498333333334,0.605928426520468,54.8785384045744,36.6700000000001,36.6726024536127,-0.126033211654619,-0.00281405799869879
"6355628","2012-09-10",16.1455937888379,0.669999999999999,0.431111111111109,0.239551382368281,38.6673265733969,35.8196734266032,37.2435000000001,0.800773990317007,60.4926835696965,36.7632000000001,36.837588793131,0.154392405830839,0.0286272347672087
"6355627","2012-09-11",16.5743216629511,0.764119601328906,0.622484311554078,0.420457733480987,38.8154971070005,35.8581695596662,37.3368333333334,0.871901088306793,62.5427176286295,36.8516000000001,37.0192436207135,0.433745108250427,0.109650809463852
"6355626","2012-09-12",17.1766708965555,0.878125,0.770748200442966,0.60811454103605,39.0355377132102,35.8241289534566,37.4298333333334,0.939111546415166,65.8944228110803,36.9936000000001,37.2446778046184,0.755517767067748,0.238824200984632
"6355625","2012-09-13",18.0997881888669,0.794366197183098,0.812203599503999,0.735145370500347,39.2527830563239,35.7942169436762,37.5235000000001,0.916309327749407,65.9587433444695,37.1304000000001,37.4413874306693,0.999024668089876,0.39086429440568
"6355624","2012-09-14",18.9569685317274,0.83943661971831,0.837309272300467,0.806753690749143,39.4389015302746,35.7387651363922,37.5888333333334,0.891291882030899,67.0301297644785,37.2528000000001,37.6332024399134,1.21060606228496,0.554812647981536
"6355623","2012-09-17",18.8299642402499,0.701408450704225,0.778403755868542,0.809305542557669,39.5161012734953,35.7198987265048,37.618,0.776240968095326,60.7266461219817,37.3508000000001,37.7341087812583,1.25766583733724,0.695383285852677
"6355622","2012-09-18",18.0553966037106,0.591549295774648,0.710798122065725,0.775503716744911,39.5074505568662,35.7208827764672,37.6141666666667,0.647671109853394,56.1968780152686,37.4156000000001,37.7695609437572,1.1975234782718,0.795811324336502
"6355621","2012-09-19",17.0934016628682,0.549295774647887,0.614084507042251,0.701095461658839,39.4470387787692,35.7336278878975,37.5903333333334,0.632762038591488,54.5126333853413,37.4536000000001,37.7802861512562,1.10505602525162,0.857660264519525
"6355620","2012-09-20",16.3302362489301,0.40281690140845,0.514553990610326,0.6131455399061,39.4027275744198,35.7236057589136,37.5631666666667,0.509105433763776,49.0270194292679,37.4700000000001,37.7202479977554,0.910262306987319,0.868180673013084
"6355619","2012-09-21",16.4054272463871,0.230985915492958,0.394366197183096,0.50766823161189,39.3938681670439,35.6881318329562,37.541,0.368402222203226,43.497317426719,37.4440000000001,37.5868815980547,0.617975240841817,0.81813958657883
"6355618","2012-09-24",16.6529658144585,0.188732394366197,0.274178403755866,0.394366197183095,39.3874892291949,35.6221774374718,37.5048333333334,0.306611853959248,42.2358005242331,37.3908000000001,37.4512973849807,0.349475459893633,0.724406761241791
"6355617","2012-09-25",17.5009777896152,0,0.139906103286383,0.269483568075114,39.40553280289,35.5178005304434,37.4616666666667,0.220059598484519,37.8252403872707,37.3076000000001,37.2591244003166,0.0146998252290143,0.582465374039236
"6355616","2012-09-26",18.2884174808322,0,0.0629107981220634,0.15899843505477,39.4386415143438,35.4043584856563,37.4215,0.18152127052142,37.8252403872707,37.2124000000001,37.0925744802744,-0.249076175001683,0.416157064231052
"6355615","2012-09-27",18.1295344090461,0.00872093023255846,0.00290697674418373,0.0685746260508759,39.4550520363046,35.3366146303621,37.3958333333334,0.237966961666198,38.2260342799353,37.1360000000001,36.9522312162378,-0.447463153798455,0.24343302062515
"6355614","2012-09-28",17.9820001281019,0.0581395348837217,0.0222868217054243,0.0293681988572232,39.4496898485756,35.3516434847578,37.4006666666667,0.246871254924754,40.564159357288,37.0956000000001,36.8532670540728,-0.5617207172948,0.0824022730411604
"6355613","2012-10-01",18.2509155428875,0,0.0222868217054243,0.0158268733850102,39.465857225783,35.3094761075504,37.3876666666667,0.191799196570125,37.7576609786502,37.0404000000001,36.7261647801964,-0.71265165116553,-0.0766085118001777
"6355612","2012-10-02",19.385787091061,0,0.0193798449612381,0.0213178294573616,39.5374071557249,35.1499261776085,37.3436666666667,0.0851074130206596,31.6684373254146,36.9652000000001,36.5093428095036,-0.998335652393856,-0.260953939918913
"6355611","2012-10-03",20.5184805790688,0,-2.42398693709826e-15,0.013888888888886,39.6228312235521,34.975168776448,37.299,0.0548299766715685,31.1278196656893,36.8920000000001,36.3107637682364,-1.23045616709707,-0.454854385354545
"6355610","2012-10-04",21.5702673893617,0.0261904761904761,0.00873015873015627,0.00937000123046337,39.7028210009111,34.7475123324223,37.2251666666667,0.106112663425945,32.8258794071836,36.8288000000001,36.1533285991382,-1.37579234957093,-0.639041978197821
"6355609","2012-10-05",21.5943804603464,0.141643059490085,0.055944511893518,0.0215582235412233,39.7003515146931,34.5729818186403,37.1366666666667,0.216553823990457,38.6054498385041,36.8072000000001,36.0688847859198,-1.38872048161238,-0.788977678880733
"6355608","2012-10-08",22.0646875045722,0.0368271954674209,0.0682202437159916,0.044298304779888,39.6402823853238,34.3517176146763,36.996,0.176786915266598,35.4860368868466,36.7656000000001,35.9463668144638,-1.46565414644211,-0.924312972393008
"6355607","2012-10-09",23.0091625030136,0,0.0594900849858329,0.0612182801984469,39.5285389043246,34.1077944290088,36.8181666666667,0.142453785546904,31.9539628610497,36.7048000000001,35.7775179058687,-1.61496712106318,-1.06244380212704
"6355606","2012-10-10",24.3399571692931,0,0.0122757318224712,0.0466620201747646,39.3273697296851,33.8719636036483,36.5996666666667,0.109622708655454,28.8010715068624,36.6368000000001,35.5671821850862,-1.82285345120454,-1.21452573194254
"6355605","2012-10-11",25.5756950736954,0.00334448160535051,0.00111482720178107,0.0242935480033611,39.0354266915048,33.7049066418286,36.3701666666667,0.125396149958267,28.9583396750766,36.5464000000001,35.386224560408,-1.96502213272746,-1.36462501209953
"6355604","2012-10-12",26.2649460872767,0.0689655172413779,0.024103332948907,0.0124979639910525,38.6230107461516,33.6703225871818,36.1466666666667,0.180981327859602,32.030336582968,36.4344000000001,35.2547279523536,-2.01274899433074,-1.49424980854577
"6355603","2012-10-15",26.2875597623105,0.131086142322096,0.0677987137229389,0.0310056246245417,38.2083553634528,33.6943113032139,35.9513333333334,0.236082918678839,34.4406025373648,36.3000000000001,35.1607642253731,-1.99417602850528,-1.59423505253767
"6355602","2012-10-16",25.6110904059434,0.239700374531836,0.146584011365101,0.0794953526789816,37.837250814792,33.7547491852081,35.796,0.321351367492854,38.9481479639256,36.1656000000001,35.1179956619901,-1.89149542241883,-1.6536871265139
"6355601","2012-10-17",24.5389756972362,0.449392712550607,0.273393076468177,0.162591933852072,37.4180524706978,33.9112808626356,35.6646666666667,0.440686185686622,45.4895315440747,36.0296000000001,35.1435962403914,-1.68273764330664,-1.65949722987245
"6355600","2012-10-18",23.3514088336406,0.547413793103447,0.412168960061961,0.277382015965079,37.0775320862522,34.0518012470811,35.5646666666667,0.51057595724831,47.5498041851788,35.8996000000001,35.1871167416725,-1.46361539264451,-1.62032086242686
"6355599","2012-10-19",22.7716963781245,0.433179723502304,0.47666207638545,0.387408037638529,36.8304966699515,34.1278366633819,35.4791666666667,0.449740872694612,43.8671351167788,35.7500000000001,35.1808345094495,-1.35003928602181,-1.56626454714585
"6355598","2012-10-22",22.4309735854395,0.447513812154695,0.476035776253479,0.45495560423363,36.6163763904085,34.1802902762583,35.3983333333334,0.402165472743762,42.4716438354933,35.6148000000001,35.1580565748563,-1.27518358009412,-1.50804835373551
"6355597","2012-10-23",21.1923401758328,0.328703703703701,0.403132413120231,0.45194342191972,36.4824286024475,34.2162380642192,35.3493333333334,0.519415843133102,41.3811291385604,35.4912000000001,35.1249823648754,-1.22479017500345,-1.4513967179891
"6355596","2012-10-24",20.1050883927987,0.718181818181819,0.498133111346736,0.459100433573481,36.4558081485284,34.2278585181383,35.3418333333334,0.789429044776195,52.7483303514089,35.4084000000001,35.2123180495587,-0.973981173108041,-1.35591360901288
"6355595","2012-10-25",18.7538813537559,0.586363636363637,0.54441638608305,0.481893970183338,36.3479886771103,34.2750113228898,35.3115,0.692235578062938,49.3154214663582,35.3348000000001,35.2493423096175,-0.832110199613478,-1.251152927133
"6355594","2012-10-26",19.0125504662639,0.661392405063291,0.65531261986958,0.565954039099788,36.4251071304178,34.2262262029156,35.3256666666667,1.10076013370151,57.5272617338211,35.3176000000001,35.3880966683352,-0.530915776052776,-1.10710549691696
"6355593","2012-10-31",19.2527432135927,0.686708860759493,0.644821634062138,0.614850213338255,36.5245279033519,34.1711387633148,35.3478333333334,1.01082358043332,58.25562378913,35.3096000000001,35.5190171125572,-0.27154489663318,-0.939993376860202
"6355592","2012-11-01",19.9510037537995,0.692063492063492,0.680054919295423,0.660063057742379,36.7228888455026,34.0907778211641,35.4068333333334,0.99257040755938,58.4474726335524,35.3248000000001,35.6351481642162,-0.0613503578555386,-0.76426477305927
"6355591","2012-11-02",20.6761930006246,0.806666666666667,0.728479673163215,0.684452075506925,36.9826451418472,34.0093548581529,35.496,1.01032129007196,62.4438410963857,35.3572000000001,35.7931284089874,0.199334118286876,-0.571544994790041
"6355590","2012-11-05",21.3495830155336,0.8,0.766243386243384,0.724925992900673,37.1980979023177,33.9649020976824,35.5815,0.93357514299739,62.5340855756973,35.3888000000001,35.9313779544557,0.402542605599088,-0.376727474712215
"6355589","2012-11-06",23.1379965547125,0.562841530054644,0.723169398907101,0.739297486104566,37.4763591538793,33.8616408461208,35.669,0.988097047436976,63.2006804761727,35.4164000000001,36.0605275605283,0.571843371031155,-0.187013305563541
"6355588","2012-11-07",24.5242145864493,0.518105849582174,0.626982459878937,0.705465081676474,37.6594428038639,33.8592238628028,35.7593333333334,0.851032406471682,61.0290194467115,35.4512000000001,36.1551238857912,0.668634002996615,-0.0158838438515097
"6355587","2012-11-08",25.7454308220146,0.509749303621171,0.530232227752661,0.626794695512899,37.7822076891991,33.9414589774676,35.8618333333334,0.778114176906173,60.5122743721376,35.5168000000001,36.2331073676857,0.729851208346677,0.133263166588128
"6355586","2012-11-09",26.7173201556787,0.490250696378831,0.506035283194056,0.554416656941884,37.8310323729544,34.1276342937124,35.9793333333334,0.726998731618584,59.251604035347,35.5828000000001,36.2913597186609,0.753847886873382,0.257380110645179
"6355585","2012-11-12",27.6932771663186,0.506963788300835,0.502321262766943,0.51286292457122,37.8407435652674,34.3689231013993,36.1048333333334,0.724233945303904,60.0204404708429,35.6468000000001,36.3498450895062,0.777034322741565,0.361310953064456
"6355584","2012-11-13",28.7599540234473,0.493036211699165,0.496750232126275,0.501702259362424,37.8377322096641,34.605267790336,36.2215,0.709901769047469,59.0210531600808,35.6932000000001,36.3938657442387,0.77522365293019,0.444093493037603
"6355583","2012-11-14",28.800948299752,0.269102990033221,0.423034330011071,0.474035274968096,37.785089491594,34.8362438417394,36.3106666666667,0.578900930836481,51.9423382134057,35.7392000000001,36.3813503116735,0.681697132036985,0.491614220837479
"6355582","2012-11-15",28.245363013443,0.182724252491694,0.314954484741357,0.411579682292901,37.7291300949918,35.0062032383416,36.3676666666667,0.440872447746137,47.7247375860473,35.7936000000001,36.3358369367837,0.543658281846571,0.502023033039298
"6355581","2012-11-16",26.4712257895026,0,0.150609080841636,0.296199298531354,37.7127348069606,35.0465985263728,36.3796666666667,0.243824047940474,39.2716652722432,35.8416000000001,36.2110586785459,0.288496603056587,0.459317747042755
"6355580","2012-11-19",24.9726174747106,0.145161290322581,0.109295180938089,0.191619582173694,37.6963599598344,35.105973373499,36.4011666666667,0.355426984537542,46.4532658395022,35.9072000000001,36.1629175214064,0.184095027763598,0.404273203186924
"6355579","2012-11-20",23.7342885703487,0.154838709677421,0.0999999999999983,0.119968087259907,37.650023774917,35.2256428917498,36.4378333333334,0.351027258474806,46.9040665160593,35.9664,36.1251951852189,0.106752238221097,0.344769010193759
"6355578","2012-11-21",23.3312916499314,0.296774193548388,0.198924731182794,0.136073304040293,37.5671730547509,35.4451602785824,36.5061666666667,0.509660639290302,53.1358001589682,36.0372000000001,36.1511691605231,0.14207325551745,0.304229859258497
"6355577","2012-11-23",23.326728077594,0.429032258064515,0.293548387096772,0.197491039426521,37.5214238688777,35.640242797789,36.5808333333334,0.662575170478574,58.0737787968277,36.1128000000001,36.2283466057867,0.258427493688829,0.295069386144563
"6355576","2012-11-26",23.4758540074107,0.464516129032259,0.396774193548385,0.296415770609317,37.5470222664445,35.7156444002222,36.6313333333334,0.699485502184708,59.3124694051338,36.1740000000001,36.3099003916818,0.370535911087644,0.310162691133179
"6355575","2012-11-27",23.6143280850976,0.653846153846153,0.515798180314307,0.402040253653154,37.5269241398919,35.8700758601082,36.6985,0.714161633061321,60.3447837300456,36.2324000000001,36.3925803394575,0.473559324076911,0.342842017721926
"6355574","2012-11-28",23.1505755590206,0.664948453608245,0.594436912162217,0.502336428674969,37.5373858689938,35.8776141310062,36.7075,0.571797021204332,56.2465218285991,36.2944000000001,36.4322362941965,0.496062453793367,0.373486104936214
"6355573","2012-11-29",23.9234084628299,0.6953125,0.67136903581813,0.593868042764884,37.6369517249859,35.8670482750141,36.752,0.888721768981761,61.9311179974225,36.3812000000001,36.531938121637,0.614968825293838,0.421782649007739
"6355572","2012-11-30",24.6410390163671,0.703125000000001,0.687795317869413,0.65120042194992,37.7028742816089,35.8637923850578,36.7833333333334,0.797249767773702,62.1472915668994,36.4728000000001,36.6210130387521,0.705000233910158,0.478426165988223
"6355571","2012-12-03",24.6026450815634,0.589843749999999,0.662760416666664,0.673974923451402,37.7269047315432,35.8597619351235,36.7933333333334,0.724942623994972,57.0854281847829,36.5180000000001,36.6595446335851,0.704098533334574,0.523560639457493
"6355570","2012-12-04",24.518769061261,0.58203125,0.624999999999998,0.658518578178691,37.7272081985289,35.8597918014712,36.7935,0.603440596843315,56.7421779086304,36.5740000000001,36.6902720157738,0.690931674533579,0.55703484647271
"6355569","2012-12-05",25.2116557504054,0.644531249999999,0.605468749999997,0.631076388888885,37.7007295023056,35.8709371643612,36.7858333333334,0.770067076147993,58.8727208022236,36.6044000000001,36.7382357470039,0.707403426567321,0.587108562491632
"6355568","2012-12-06",24.9599252554964,0.496093750000001,0.574218749999998,0.601562499999997,37.687826955994,35.8715063773394,36.7796666666667,0.60479060556275,52.2861334436701,36.6164000000001,36.7291376474034,0.62969472133807,0.59562579426092
"6355567","2012-12-07",24.7261755102237,0.48341232227488,0.541345774091624,0.573677758030539,37.6975203917859,35.8721462748809,36.7848333333334,0.636136476187859,55.1313814632723,36.6356000000001,36.7479192944163,0.605054884834488,0.597511612375634
"6355566","2012-12-10",25.6407736511879,0.582278481012657,0.520594851095843,0.545386458395821,37.8013312883414,35.8453353783253,36.8233333333334,0.891957193131503,60.1247971190367,36.6532000000001,36.8161967218275,0.663340928557687,0.610677475612044
"6355565","2012-12-11",27.053170596016,0.706349206349206,0.590680003212245,0.550873542799903,38.0790630826491,35.713936917351,36.8965,1.11314558518863,68.3062137218006,36.7040000000001,36.9873704922505,0.88247828116037,0.66503763672171
"6355564","2012-12-12",27.9291415859936,0.571428571428569,0.620018752930141,0.577097869079409,38.2783113255496,35.6466886744505,36.9625,0.977842064277255,65.0548590944646,36.7444,37.1103877599504,1.00199873523599,0.732429856424565
"6355563","2012-12-13",28.3125838290706,0.483870967741934,0.587216248506567,0.59930500154965,38.4064267865808,35.6622398800859,37.0343333333334,0.84460723663846,61.8826784251683,36.7824000000001,37.191669391957,1.04279191636787,0.794502268413226
"6355562","2012-12-14",28.6686373404993,0.534562211981565,0.529953917050687,0.579062972829131,38.5023961694666,35.7456038305335,37.124,0.817760604463593,63.0073290547298,36.8260000000001,37.2767801396961,1.0860202937965,0.85280587348988
"6355561","2012-12-17",29.3159764914069,0.603686635944698,0.54070660522273,0.552625590259994,38.5361541423339,35.9611791909995,37.2486666666667,0.865569899173372,64.5436180818611,36.8784000000001,37.3705427877366,1.13910093898912,0.910064886589729
"6355560","2012-12-18",30.711395126913,0.630434782608694,0.589561210178316,0.553407244150577,38.7022558589914,36.0674108076754,37.3848333333334,1.01812028414528,68.572865229175,36.9456000000001,37.5091370827051,1.25861963954241,0.979775837180266
"6355559","2012-12-19",32.3559295848878,0.806853582554516,0.6803250003693,0.603530938590115,39.0189927173238,36.089673949343,37.5543333333334,1.15282527604584,74.6946379197743,37.0488000000001,37.7425854716777,1.51655844300107,1.08713235834443
"6355558","2012-12-20",33.9129245702456,0.830769230769229,0.756019198644144,0.675301803063919,39.3309667757064,36.080366557627,37.7056666666667,1.06840784553886,75.363459950349,37.1716000000001,37.959574075454,1.72194608873035,1.21409510442161
"6355557","2012-12-21",34.4475700349115,0.716923076923076,0.784848630082271,0.740397609698571,39.5394975051822,36.1101691614845,37.8248333333334,0.921413910196872,68.7786204049927,37.2900000000001,38.0982975320602,1.7838004290073,1.32803616933875
"6355556","2012-12-24",35.0616060702315,0.886503067484663,0.81139845839232,0.784088762372911,39.80890283404,36.1094304992934,37.9591666666667,0.966057456484464,72.6707168595005,37.4564000000001,38.2931911944521,1.92741366802367,1.44791166907573
"6355555","2012-12-26",35.3561018276845,0.842424242424244,0.815283462277325,0.803843516917305,40.0229336307371,36.1523997025963,38.0876666666667,0.896758353027615,70.8035803721233,37.6004000000001,38.4474323685252,1.99335986039262,1.55700130733911
"6355554","2012-12-27",34.3285479259165,0.648387096774195,0.792438135561031,0.806373352076892,40.0945275232069,36.3088058101265,38.2016666666667,0.739056134758401,61.9248934274932,37.7204000000001,38.5051080527218,1.90338872850897,1.62627879157308
"6355553","2012-12-28",33.589204264968,0.642066420664207,0.710959253287546,0.772893617041967,40.2021959708707,36.3811373624627,38.2916666666667,0.748186021341455,62.9774629106721,37.8276000000001,38.5710936456923,1.83574508217954,1.66817204969437
"6355552","2012-12-31",32.5331671962117,0.493333333333333,0.594595616923909,0.699331001924162,40.2648264698827,36.492840196784,38.3788333333334,0.684120500372195,60.4288361692602,37.9116000000001,38.6056144929333,1.72647705167508,1.67983305009052
"6355551","2013-01-02",33.3433611648177,0.691218130311614,0.608872628103049,0.638142499438167,40.5680692625275,36.5205974041393,38.5443333333334,0.988947192035092,70.4905090828483,38.0444000000001,38.8128658938755,1.8945790267151,1.72278224541543
"6355550","2013-01-03",34.095684135666,0.864022662889519,0.682858042178153,0.628775429068369,40.8703393536532,36.6069939796801,38.7386666666667,1.00070226064685,73.7830852539182,38.1980000000001,39.0738171080254,2.12701012084926,1.8036278205022
"6355549","2013-01-04",35.4000071114944,0.767726161369193,0.774322318190106,0.688684329490435,41.2316870213306,36.6463129786694,38.939,1.01199022038868,74.776794290692,38.3692000000001,39.326641493622,2.32223899184079,1.90735005476992
"6355548","2013-01-07",36.6111641604779,0.82233502538071,0.818027949879805,0.758402770082687,41.4992645763878,36.8194020902789,39.1593333333334,0.973803095692444,76.0012980048931,38.5308000000001,39.5790892944724,2.49603247357368,2.02508653853067
"6355547","2013-01-08",36.9559889784017,0.695156695156696,0.761739293968863,0.784696520679591,41.6121653362894,37.102167997044,39.3571666666667,0.862047515887566,70.5429661022191,38.6768000000001,39.7485440552095,2.52682207523318,2.12543364587117
"6355546","2013-01-09",38.045183808216,0.650568181818181,0.722686634118526,0.767484625989064,41.8453341274459,37.2629992058875,39.5541666666667,0.931184836367519,72.1166949438767,38.8452000000001,39.9314048478482,2.57445979143029,2.215238874983
"6355545","2013-01-10",39.2004503082034,0.925531914893617,0.757085597289495,0.747170508458961,42.2901446420956,37.2238553579044,39.757,1.02234153734389,77.7569952205835,39.0620000000001,40.2485508681351,2.8162868767905,2.3354484753445
"6355544","2013-01-11",40.4652738860143,0.872860635696821,0.816320244136203,0.76536415851474,42.6841277857004,37.265205547633,39.9746666666667,0.979554153482997,78.1175196954741,39.2760000000001,40.5354107523838,2.98687725443798,2.46573423116319
"6355543","2013-01-14",41.6397529225529,0.880195599022005,0.892862716537478,0.822089519321058,42.9721220777325,37.4345445889343,40.2033333333334,0.924373294053894,78.2441045333997,39.5064000000001,40.7880226520659,3.08862113668067,2.59031161226669
"6355542","2013-01-15",42.7555480095315,0.880195599022005,0.87775061124694,0.862311190640206,43.1891619069164,37.6741714264169,40.4316666666667,0.887126688169119,78.2441045333997,39.7288000000001,41.0069529651238,3.13015821351355,2.69828093251606
"6355541","2013-01-16",43.8380445060945,0.931540342298288,0.89731051344743,0.889307947077282,43.3879737826456,37.9293595506877,40.6586666666667,0.879461388058258,79.2199888244984,39.9440000000001,41.224692569774,3.16519493602574,2.791663733218
"6355540","2013-01-17",44.9319151367534,0.916864608076009,0.909533516465431,0.8948648803866,43.5962268602184,38.1267731397816,40.8615,0.855641854944025,79.4562737288378,40.1276000000001,41.4200668938041,3.1638658674614,2.86610416006668
"6355539","2013-01-18",46.2251163976196,0.842672413793104,0.897025788055798,0.901289939322885,43.8420409631745,38.2326257034923,41.0373333333334,0.846916730160254,79.7047976904932,40.3208000000001,41.5960579746302,3.13441148994822,2.91976562604299
"6355538","2013-01-22",47.2888992411462,0.764350453172205,0.84129582501377,0.882618376511665,44.0227440623799,38.3795892709534,41.2011666666667,0.788638783364218,78.679767168059,40.5196000000001,41.7419169113462,3.06449280411649,2.94871106165769
"6355537","2013-01-23",48.417057410891,0.755555555555556,0.787526140840286,0.841949251303284,44.1634681840004,38.609865149333,41.3866666666667,0.786900832376244,79.3656333691595,40.7188000000001,41.8843279898334,2.9964085143213,2.95825055219041
"6355536","2013-01-24",49.7234905436999,0.733564013840829,0.751156674189528,0.79332621334786,44.3354620362203,38.7922046304464,41.5638333333334,0.799974042627228,80.2767006393521,40.9184000000001,42.0290842578556,2.93808509498461,2.95421746074925
"6355535","2013-01-25",50.9366070241654,0.771626297577853,0.753581955658077,0.764088256895963,44.4575842433317,39.0317490900017,41.7446666666667,0.775595054231528,80.9010479237177,41.1052000000001,42.1692063568082,2.87851774642867,2.93907751788513
"6355534","2013-01-28",52.2083322272554,0.793220338983051,0.766136883467242,0.756958504438281,44.4745473007325,39.4434526992676,41.959,0.785093691721813,81.5306735580098,41.2624,42.3053121759004,2.81865652569866,2.91499331944784
"6355533","2013-01-29",52.6162830907833,0.67910447761194,0.747983704724279,0.755900847949865,44.3866009548272,39.9227323785062,42.1546666666667,0.723722237694034,75.4433571643892,41.4052000000001,42.3899372191137,2.69170402450416,2.8703354604591
"6355532","2013-01-30",52.9950946069163,0.442953020134227,0.638425945576403,0.717515511255974,44.1247118174329,40.5932881825671,42.359,0.726820705420807,75.6780335867532,41.5640000000001,42.4672789232319,2.56671365649341,2.80961109966597
"6355531","2013-01-31",51.7607139037162,0.0142857142857165,0.378781070677292,0.588396906992657,44.021535721532,40.9117976118014,42.4666666666667,0.567529802378815,63.6655902270931,41.6784000000001,42.460975066801,2.33607293283418,2.71490346629961
"6355530","2013-02-01",50.7731803259673,0.384057971014495,0.28043223514481,0.432546417132834,43.9677397935887,41.1855935397447,42.5766666666667,0.678519251452158,68.8043002306975,41.8184000000001,42.5261783912275,2.22817333529102,2.61755744009789
"6355529","2013-02-04",49.1981726795869,0.202898550724639,0.200414078674947,0.286542461499016,43.9174247402968,41.3929085930366,42.6551666666667,0.579817275171186,64.1925136198457,41.9712000000001,42.5493546057305,2.07114189364577,2.50827433080747
"6355528","2013-02-05",48.307724594052,0.224637681159418,0.270531400966181,0.250459238261979,43.8628342713266,41.6121657286734,42.7375,0.626999301725854,64.5000154573188,42.1204000000001,42.5734406582998,1.93006111080138,2.39263168680625
"6355527","2013-02-06",47.270631688459,0.166666666666665,0.198067632850238,0.223004370830455,43.6253231295443,42.0436768704557,42.8345,0.560380125740003,62.947605185431,42.2732000000001,42.5836485705265,1.78249059331679,2.27060346810836
"6355526","2013-02-07",46.2252527932213,0.144927536231881,0.178743961352652,0.215780998389689,43.4173428547564,42.3816571452437,42.8995,0.432894700234175,62.3416494108061,42.3716000000001,42.5884954277896,1.64092627587502,2.14466802966169
"6355525","2013-02-08",45.6381548827262,0.391304347826088,0.234299516908208,0.203703703703699,43.4121226019781,42.4615440646886,42.9368333333334,0.724249400027958,66.3009764770987,42.4592000000001,42.638029370751,1.57492357065872,2.03071913786109
"6355524","2013-02-11",44.6319908230924,0.275362318840577,0.270531400966179,0.227858293075679,43.405105750698,42.5132275826354,42.9591666666667,0.568208120247471,62.9469937094135,42.5324000000001,42.6596254546509,1.47517765936358,1.91961084216159
"6355523","2013-02-12",43.4668850473281,0.217391304347825,0.29468599033816,0.266505636070849,43.3830554609317,42.567611205735,42.9753333333334,0.379002560827543,61.2778298744253,42.5924000000001,42.6676753940307,1.36520929506352,1.80873053274198
"6355522","2013-02-13",41.608302750927,0.0144927536231856,0.16908212560386,0.244766505636066,43.370308948405,42.5900243849283,42.9801666666667,0.0939515554150472,55.7097213997549,42.6560000000001,42.6373186748266,1.2111243062122,1.68920928743602
"6355521","2013-02-14",39.3450836354056,0,0.0772946859903339,0.180354267310784,43.4148347823383,42.5138318843284,42.9643333333334,-0.111540763317249,51.900617797244,42.7004000000001,42.5830095181831,1.03730884910129,1.55882919976908
"6355520","2013-02-15",37.3881513404971,0,0.00483091787439228,0.0837359098228612,43.4501880083499,42.4401453249834,42.9451666666667,-0.0166448328639601,51.5391873383503,42.6964000000001,42.5332749157587,0.885570176742045,1.42417739516367
"6355519","2013-02-19",35.3820034709938,0,-2.90970951037176e-15,0.0273752012882404,43.4820885500322,42.3439114499678,42.913,-0.00343659169349012,50.2209610485331,42.6860000000001,42.4808382603242,0.743453829530893,1.28803268203711
"6355518","2013-02-20",33.2246558007165,0,-2.90970951037176e-15,0.00161030595812811,43.5587399442018,42.1879267224649,42.8733333333333,-0.110343300895898,43.0982127632268,42.6576000000001,42.3793931589476,0.544575602188058,1.1393412660673
"6355517","2013-02-21",33.0145861463282,0,-2.90970951037176e-15,-3.62383734131555e-15,43.8383781640257,41.7099551693077,42.7741666666667,-0.335125350746134,31.1070227955247,42.5868000000001,42.1501407377546,0.181884324454273,0.947849877744697
"6355516","2013-02-22",32.8986133242241,0,-2.90970951037176e-15,-3.62383734131555e-15,43.989322133353,41.3206778666471,42.655,-0.178871548849392,30.5882376332231,42.5052000000001,41.943455306054,-0.11714137719091,0.734851626757576
"6355515","2013-02-25",33.5768383384501,0,-2.90970951037176e-15,-3.62383734131555e-15,44.1251939434015,40.9081393899318,42.5166666666667,-0.135156569269104,25.4783766193451,42.3948000000001,41.6749945985801,-0.479628241419894,0.491955653122082
"6355514","2013-02-26",36.2561498686502,0,-2.90970951037176e-15,-3.62383734131555e-15,44.9289714167209,39.5023619166125,42.2156666666667,-0.392331267476796,12.5276394719191,42.1284000000001,40.9289953187695,-1.50827797690615,0.0919089271164362
"6355513","2013-02-27",38.744082003836,0.143624161073825,0.0478747203579389,0.0159582401193103,45.2740641378198,38.6026025288469,41.9383333333334,-0.149283008814845,24.0780592605726,41.9068000000001,40.4251292762669,-2.102588399685,-0.346990538243851
"6355512","2013-02-28",40.0759435791801,0.277852348993289,0.140492170022368,0.0627889634601008,45.3118277249098,38.0955056084236,41.7036666666667,0.0514335491475863,32.9844802191069,41.7204000000001,40.1217787060979,-2.35319496307415,-0.74823142320991
"6355511","2013-03-01",41.3126721848568,0.285907859078591,0.235794789715232,0.141387226698512,45.3374375094229,37.6452291572438,41.4913333333334,0.102021527086414,33.32143130508,41.5292000000001,39.8642082119515,-2.51831287418838,-1.1022477134056
"6355510","2013-03-04",42.3895329930627,0.306610407876231,0.290123538649367,0.222136832795655,45.2475779935493,37.276755339784,41.2621666666667,0.152210720639085,33.9473307617664,41.3364000000001,39.6503137836913,-2.60764732022869,-1.40332763477022
"6355509","2013-03-05",42.0283571680921,0.41394025604552,0.335486174333444,0.28713483423268,45.088803355681,37.0745299776524,41.0816666666667,0.271033515648376,40.2466034133827,41.1684000000001,39.5622719458658,-2.50212424660129,-1.62308695713643
"6355508","2013-03-06",41.6612992432219,0.428360413589364,0.382970359170369,0.336193357384393,44.872022125593,36.9136445410738,40.8928333333334,0.293152982604287,40.1900601963887,41.0100000000001,39.4846356864171,-2.39342202767165,-1.77715397124348
"6355507","2013-03-07",41.5010626677332,0.392909896602659,0.411736855412512,0.376731129638774,44.6451427627158,36.7385239039509,40.6918333333334,0.27464028996945,38.7818242102885,40.8408000000001,39.3853509282281,-2.33007741000518,-1.88773865899582
"6355506","2013-03-08",41.4361844988997,0.382882882882883,0.401384397691633,0.398697204091504,44.3959564560533,36.5897102106134,40.4928333333334,0.289548871290982,38.1224921531286,40.6892000000001,39.284637471131,-2.27686868158175,-1.965564663513
"6355505","2013-03-11",41.4315925270168,0.376327769347497,0.384040182944344,0.399053812016162,44.0487612931442,36.4882387068558,40.2685,0.287691042735885,37.683439573604,40.5136000000001,39.1880191416469,-2.22412494698651,-2.0172767202077
"6355504","2013-03-12",41.7900595767376,0.359570661896244,0.372927104708872,0.386117228448282,43.6801536620088,36.3921796713246,40.0361666666667,0.271838739345274,34.7865551158864,40.3292000000001,39.0416165894273,-2.25417841340171,-2.06465705884651
"6355503","2013-03-13",42.1229218371927,0.374087591240876,0.369995340828203,0.375654209493806,43.2811030741157,36.3302302592177,39.8056666666667,0.278588956957833,35.2428182652577,40.1452000000001,38.920067710837,-2.24498911003633,-2.10072346908447
"6355502","2013-03-14",42.4320082219009,0.385036496350365,0.372898249829159,0.371940231788744,42.8597778438053,36.3155554895281,39.5876666666667,0.303745462210048,35.9665227768676,39.9668000000001,38.8227253493921,-2.20072631332793,-2.12072403793316
"6355501","2013-03-15",42.7190170077015,0.54639175257732,0.435171946722851,0.39268851246007,42.4270377848413,36.3369622151587,39.382,0.322333895923001,36.0947096593481,39.7900000000001,38.7396953028065,-2.13952120182996,-2.12448347071252
"6355500","2013-03-18",43.2908856546081,0.266159695817491,0.399195981581723,0.40242205937791,41.9152456416327,36.4197543583674,39.1675,0.31181542952931,33.562262149277,39.5856000000001,38.6210692624323,-2.14002081898781,-2.12759094036758
"6355499","2013-03-19",44.4179673811268,0,0.270850482798268,0.36840613703428,41.3485734460891,36.4987598872443,38.9236666666667,0.198888768482644,28.4623530775268,39.3544000000001,38.4075933607746,-2.28928493018001,-2.15992973833007
"6355498","2013-03-20",45.7591573620177,0,0.0887198986058278,0.252922120995272,40.7882754358084,36.5447245641916,38.6665,0.0821502509781146,25.8619033673236,39.1060000000001,38.1545809126713,-2.48918120741581,-2.22578003214722
"6355497","2013-03-21",47.0322245808337,0,-2.66453525910038e-15,0.119856793801364,40.4545425292882,36.4474574707118,38.451,0.0596965605815844,25.6148143840409,38.8668000000001,37.9286367909818,-2.63115185254988,-2.30685439622775
"6355496","2013-03-22",48.2943944842518,0,-2.66453525910038e-15,0.0295732995352735,40.0846238465825,36.3863761534175,38.2355,0.0397369760244575,24.8975291959643,38.6304000000001,37.7141518855176,-2.74475893270254,-2.39443530352271
"6355495","2013-03-25",49.8969111397535,0,-2.66453525910038e-15,-3.36305057876037e-15,39.8244835899516,36.1885164100484,38.0065,-0.0811841972465017,20.9680530504946,38.3600000000001,37.4122649674486,-2.99063823507717,-2.5136758898336
"6355494","2013-03-26",51.3849623198622,0,-2.66453525910038e-15,-3.36305057876037e-15,39.9999026887387,35.8380973112613,37.919,-0.0516035610627585,20.9680530504946,38.0924000000001,37.1506296384554,-3.1538725737967,-2.64171522662622
"6355493","2013-03-27",52.8223130800796,0,-2.66453525910038e-15,-3.36305057876037e-15,40.1448190809422,35.4828475857245,37.8138333333333,0.00439422412381504,20.4517087751327,37.8368000000001,36.9078790199947,-3.27558006545331,-2.76848819439164
"6355492","2013-03-28",54.1569959288528,0.0193905817174516,0.00646352723914787,0.00215450907971348,40.1796232533828,35.1530434132839,37.6663333333333,0.072340093055325,21.6635524763919,37.6264000000001,36.7068284839954,-3.32175909010179,-2.87914237353367
"6355491","2013-04-01",54.3327175559119,0,0.00646352723914787,0.00430901815943033,40.1721640467794,34.8708359532206,37.5215,0.124968190691244,20.8805479508016,37.4120000000001,36.511251352796,-3.35765147879431,-2.9748441945858
"6355490","2013-04-02",54.5345531416133,0,0.00646352723914787,0.00646352723914717,40.1297807459842,34.6062192540158,37.368,0.147328991841127,20.6296134409191,37.2224000000001,36.3350845057566,-3.36097975309251,-3.05207130628714
"6355489","2013-04-03",54.7219718997646,0.00569800569800658,0.00189933523266619,0.00494212990365328,39.9207144711628,34.4336188621705,37.1771666666667,0.181586254155401,21.0383836200209,37.1876000000001,36.1850732383224,-3.32298538991389,-3.10625412301249
"6355488","2013-04-04",53.7052372438148,0.102564102564102,0.0360873694207003,0.0148167439641707,39.6377930587638,34.3712069412363,37.0045,0.270028128347537,27.8419854538259,37.1236000000001,36.100396806546,-3.18169458168442,-3.12134221474688
"6355487","2013-04-05",53.1777670636714,0,0.0360873694207003,0.0246913580246882,39.3904452828637,34.2808880504696,36.8356666666667,0.245118163061827,25.1636394170261,37.0040000000001,35.9750105656732,-3.12198201186464,-3.12147017417043
"6355486","2013-04-08",52.1259009916934,0.156739811912225,0.0864346381587732,0.0528697923333906,39.0966888272295,34.2833111727705,36.69,0.343491745835592,33.9378716707171,36.9028000000001,35.9330091569168,-2.92962008481858,-3.08310015630006
"6355485","2013-04-09",49.8466642732244,0.520000000000002,0.225579937304073,0.116033981627848,38.8195695305553,34.3594304694447,36.5895,0.514311960335479,45.0408850565981,36.8308000000001,36.0032746026612,-2.568093533917,-2.98009883182345
"6355484","2013-04-10",47.9012949705152,0.595959595959598,0.424233135957272,0.245415903806706,38.5755745361073,34.425758797226,36.5006666666667,0.523133557256659,43.8503630226701,36.7248000000001,36.0481713223064,-2.28197285080898,-2.84047363562056
"6355483","2013-04-11",45.7765834114661,0.832535885167464,0.649498493709019,0.433103855656787,38.3666680710392,34.5096652622942,36.4381666666667,0.64998692733341,50.4345350665009,36.6416000000001,36.1617484793322,-1.90799970671134,-2.65397884983871
"6355482","2013-04-12",44.6193076412583,0.555023923444977,0.661173134857344,0.578301588174544,38.081138000533,34.619861999467,36.3505,0.557637703534347,44.6010991747233,36.5448000000001,36.1828486820879,-1.72102127286874,-2.46738733444472
"6355481","2013-04-15",44.2214220250647,0.267942583732058,0.551834130781497,0.620835253115952,37.7229526584206,34.7563806749128,36.2396666666667,0.447301688884526,39.5100018640565,36.4284000000001,36.1211355244762,-1.68719671176385,-2.31134920990854
"6355480","2013-04-16",43.914130225197,0.239234449760765,0.354066985645931,0.52235808376159,37.3344099948074,34.9185900051926,36.1265,0.39382487060184,39.0302116059923,36.3124000000001,36.0596507878794,-1.65510391725429,-2.18010015137769
"6355479","2013-04-17",44.2497382194548,0,0.169059011164272,0.358320042530566,37.1118127789382,34.9225205543952,36.0171666666667,0.161762832892451,34.1216744873225,36.1888000000001,35.9183640161621,-1.75787900095878,-2.09565592129391
"6355478","2013-04-18",44.6625012434,0,0.079744816586919,0.20095693779904,37.0162206063941,34.8367793936059,35.9265,0.111597690714016,33.3016277050671,36.0588000000001,35.7799154806739,-1.8464007930975,-2.04580489565463
"6355477","2013-04-19",44.5649375136927,0.0295358649789031,0.00984528832629827,0.086216372025829,36.9277738484412,34.7755594848922,35.8516666666667,0.192564700862056,34.2936402803872,35.9292000000001,35.6692600832507,-1.88029044315566,-2.01270200515484
"6355476","2013-04-22",44.5942913697082,0,0.00984528832629827,0.0331451310798379,36.8566573185422,34.7023426814579,35.7795,0.17994461527068,33.3771680363554,35.7944000000001,35.5573587388173,-1.91322193497895,-1.99280599111966
"6355475","2013-04-23",44.173894137727,0.177685950413223,0.0690739384640392,0.0295881717055446,36.8425601067876,34.6704398932124,35.7565,0.351220634729624,39.605542377109,35.6908000000001,35.517710906975,-1.82139004908677,-1.95852280271308
"6355474","2013-04-24",43.2447320339163,0.235537190082645,0.137741046831953,0.0722200912074295,36.8419426836597,34.6683906496737,35.7551666666667,0.427077890236033,41.5223810458288,35.6260000000001,35.5020161193783,-1.69739236190153,-1.90629671455077
"6355473","2013-04-25",42.4092098077721,0.227272727272729,0.213498622589529,0.14010453596184,36.8419093065631,34.6670906934369,35.7545,0.378380661999296,41.3206178600435,35.5808000000001,35.4857473034612,-1.58544979484098,-1.84212733060881
"6355472","2013-04-26",41.9219326127726,0.140495867768596,0.201101928374654,0.184113865932045,36.8441779688261,34.6444886978406,35.7443333333334,0.304063234891847,39.1684786365592,35.5292000000001,35.4436476629997,-1.52699246912408,-1.77910035831186
"6355471","2013-04-29",40.9428260996493,0.198347107438018,0.188705234159778,0.201101928374653,36.843784309672,34.6385490236613,35.7411666666667,0.377035040937862,41.3611932180535,35.4888000000001,35.4258279745997,-1.43244127869044,-1.70976854238758
"6355470","2013-04-30",39.6289663536199,0.252066115702479,0.196969696969695,0.195592286501375,36.845217162863,34.6557828371371,35.7505,0.434305710089899,43.4013316623266,35.4884000000001,35.4277175779864,-1.31281441527574,-1.63037771696521
"6355469","2013-05-01",39.0457251144125,0.0917431192660564,0.180718780802182,0.188797903977218,36.8454630904536,34.6532035762131,35.7493333333334,0.343692471424666,38.8146804279831,35.4716000000001,35.3746885675883,-1.29651927865037,-1.56360602930224
"6355468","2013-05-02",37.8509212752702,0.582872928176795,0.308894054381774,0.228860844051216,37.1538830466363,34.5097836200304,35.8318333333334,1.10947027323725,60.0144114169054,35.5360000000001,35.5833967585765,-0.839553601760468,-1.41879554379389
"6355467","2013-05-03",36.6747375312062,0.571823204419889,0.415479750620911,0.301697528601621,37.3531711075001,34.4758288924999,35.9145,0.942132555534951,59.5490724450512,35.5960000000001,35.758943857433,-0.482245353669153,-1.23148550576894
"6355466","2013-05-06",36.0191354405885,0.60220994475138,0.585635359116019,0.4366697213729,37.5647520055112,34.4102479944889,35.9875,0.946715763157319,60.4571015138055,35.6668000000001,35.9257513431086,-0.173408550760312,-1.01987011476722
"6355465","2013-05-07",36.0661477860514,0.720987654320987,0.631673601164083,0.54426290363367,37.8757070431196,34.2466262902138,36.0611666666667,1.0691523944035,65.9883447118229,35.7692000000001,36.1689844973608,0.23272064968114,-0.769351961877545
"6355464","2013-05-08",36.2931754471863,0.805620608899298,0.709606069323886,0.642305009867995,38.264069663192,34.0532636701414,36.1586666666667,1.06711233049944,69.2440135475318,35.8916000000001,36.4491198977127,0.659648893372355,-0.483551790827565
"6355463","2013-05-09",36.5039868468116,0.836065573770491,0.787557945663589,0.709612538717185,38.579630889375,33.8987024439583,36.2391666666667,1.01004838630628,70.0167230305728,36.0056000000001,36.7092372446843,1.0116598161217,-0.184509469437711
"6355462","2013-05-10",36.4510349549948,0.798525798525799,0.81340399373186,0.770189336239778,38.8705171772711,33.8008161560624,36.3356666666667,0.922970373275001,68.3106501594644,36.1304000000001,36.9186722787264,1.24727823026842,0.101848070503515
"6355461","2013-05-13",36.0860714244389,0.761670761670762,0.798754044655681,0.799905328017043,39.10649036173,33.7805096382701,36.4435,0.837308768709344,66.1411376751777,36.2292000000001,37.0801826415629,1.38360691934141,0.358199840271094
"6355460","2013-05-14",36.1376402084926,0.8009828009828,0.787059787059784,0.799739275149108,39.3626715018383,33.7843284981618,36.5735,0.83997550863223,67.3329213705189,36.3024000000001,37.2414916226878,1.50763563001532,0.58808699821994
"6355459","2013-05-15",36.1855255079711,0.842751842751843,0.801801801801799,0.795871877839088,39.5892144780778,33.8867855219223,36.738,0.820682060351263,68.5976597986215,36.3872000000001,37.4039594063295,1.62256763555468,0.794983125686889
"6355458","2013-05-16",35.3835413507374,0.749385749385749,0.797706797706795,0.795522795522792,39.7245418974823,34.0757914358511,36.9001666666667,0.751943624759744,62.7494899758193,36.4344000000001,37.4940981521522,1.61230601377425,0.95844770330436
"6355457","2013-05-17",34.6388417761633,0.756756756756756,0.78296478296478,0.794157794157791,39.8213674260851,34.2849659072483,37.0531666666667,0.716175313380227,63.0175479429957,36.5060000000001,37.5762183985319,1.59180210712895,1.08511858406928
"6355456","2013-05-20",34.1517830996436,0.8009828009828,0.769041769041766,0.78323778323778,39.8945289891881,34.5448043441453,37.2196666666667,0.724372918790423,64.6607456200131,36.6088000000001,37.6713892787277,1.5952524256448,1.18714535238438
"6355455","2013-05-21",33.9798791574462,0.709090909090909,0.755610155610153,0.769205569205566,39.9856767390879,34.7706565942455,37.3781666666667,0.734930380447011,66.1887225209796,36.7208000000001,37.7765373748973,1.61510065114188,1.27273641213588
"6355454","2013-05-22",32.8971849620692,0.508695652173913,0.672923120749205,0.732525015133707,40.0329313377907,35.0084019955427,37.5206666666667,0.684295868712285,59.8007052508755,36.8436000000001,37.815665724911,1.52960065257859,1.32410926022442
"6355453","2013-05-23",33.1179113955225,0.311320754716982,0.509702438660599,0.646078571673318,40.0647400865633,35.3005932467701,37.6826666666667,0.719836492986594,58.7055409140145,36.9684000000001,37.8402436282562,1.43034136766649,1.34535568171284
"6355452","2013-05-24",33.3228716551578,0.52049180327869,0.446836070056526,0.543153876488776,40.1051215452942,35.6622117880392,37.8836666666667,0.826287668638651,67.9236978567907,37.1312000000001,37.997544477822,1.55038665918434,1.38636187720714
"6355451","2013-05-28",34.2295646905182,0.457564575645757,0.429792377880474,0.462110295532532,40.1630688002742,36.0302645330592,38.0966666666667,0.895211877390441,69.5049075324841,37.3076000000001,38.1632052141124,1.67145347945223,1.44338019765616
"6355450","2013-05-29",34.7530305918706,0.405904059040591,0.461320145988343,0.445982864641781,40.062219849236,36.4984468174308,38.2803333333334,0.780507949789455,67.2335715147479,37.4612000000001,38.2881111855641,1.71680047596929,1.49806425331878
"6355449","2013-05-30",34.6995413605136,0.317343173431734,0.393603936039358,0.428238819969391,39.6871905471664,37.235142786167,38.4611666666667,0.729264158556808,63.4081533761491,37.5996000000001,38.3643630274889,1.68214320990807,1.53488004463664
"6355448","2013-05-31",34.6834938483067,0.309963099630997,0.344403444034438,0.399775842020713,39.6947890620273,37.3852109379728,38.54,0.707830163873098,63.0860247428306,37.7380000000001,38.4277812904904,1.6313105204296,1.55416613979523
"6355447","2013-06-03",33.857982745617,0.177121771217711,0.268142681426812,0.335383353833536,39.5916893910841,37.6419772755826,38.6168333333334,0.554623448843151,57.4303683665278,37.8704000000001,38.4347437850917,1.49806447082421,1.54294580600103
"6355446","2013-06-04",32.7295246911689,0.11439114391144,0.200492004920047,0.271012710127098,39.4758488940692,37.8781511059309,38.677,0.451805654003093,54.926216622108,37.9904000000001,38.4181112804128,1.34135230265406,1.50262710533164
"6355445","2013-06-05",30.4598078101021,0,0.0971709717097144,0.188601886018857,39.4909661789574,37.848367154376,38.6696666666667,0.0801369315664355,46.5656807372263,38.0792000000001,38.3170297763577,1.06824753205326,1.41575119067596
"6355444","2013-06-06",28.3522135633973,0.0459016393442624,0.0534309277518982,0.117031301460553,39.5099422613547,37.7780577386454,38.644,0.147397584157979,48.3879190037653,38.1900000000001,38.2480924728434,0.871134631732873,1.30682787888734
"6355443","2013-06-07",27.0431433522026,0.19672131147541,0.0808743169398882,0.0771587388004999,39.50542247865,37.7669108546834,38.6361666666667,0.40442015780856,53.9453359326948,38.2428000000001,38.2496801431309,0.802729206734276,1.20600814445673
"6355442","2013-06-10",25.8275781560934,0.229508196721312,0.157377049180326,0.0972274312907036,39.5056871320179,37.7683128679822,38.637,0.419226768671366,55.077761969014,38.3012000000001,38.2643894573801,0.760835278107352,1.11697357118685
"6355441","2013-06-11",24.3863536984666,0.0295081967213126,0.151912568306009,0.130054644808741,39.5258575533445,37.7194757799889,38.6226666666667,0.129461865035311,47.4183233627416,38.3308000000001,38.1958041963961,0.592044940584535,1.01198784506639
"6355440","2013-06-12",23.4766503538902,0,0.0863387978142056,0.131876138433513,39.5667702789609,37.6055630543725,38.5861666666667,0.0685480575137689,44.4704374689712,38.3200000000001,38.1003636368766,0.396442098434302,0.888878695739973
"6355439","2013-06-13",21.8973085927063,0,0.00983606557376825,0.0826958105646605,39.5807993411892,37.5215339921442,38.5511666666667,0.167599903860157,44.3604403670685,38.2880000000001,38.0163151519598,0.236337401308528,0.758370436853684
"6355438","2013-06-14",20.7214475264266,0.212962962962962,0.0709876543209848,0.0557208392363191,39.5822904950184,37.530042838315,38.5561666666667,0.435274218538155,52.999157575021,38.2784000000001,38.0354731316985,0.252997251897069,0.657295799862361
"6355437","2013-06-17",20.1138895869213,0.391705069124424,0.201556010695793,0.0941265768635149,39.5921440335131,37.5585226331536,38.5753333333334,0.528520549591836,54.7534680079392,38.2800000000001,38.073410047472,0.296683435741563,0.585173327038201
"6355436","2013-06-18",19.5497286430949,0.586387434554975,0.397018488880785,0.22318738463252,39.6127231070382,37.5756102262952,38.5941666666667,0.599405389811348,57.6276348517615,38.2984000000001,38.1422887078091,0.383953133593518,0.544929288349264
"6355435","2013-06-19",19.2839072827868,0.518324607329843,0.498805703669745,0.365793401082107,39.6233952840139,37.5809380493195,38.6021666666667,0.578908220906156,55.7900487805622,38.3052000000001,38.1846502134345,0.420574913392846,0.520058413357981
"6355434","2013-06-20",18.8139395123019,0,0.368237347294937,0.421353846615155,39.6773202810485,37.4363463856182,38.5568333333334,0.0462538249968718,42.5325486420973,38.2580000000001,38.0640301849766,0.197556161361034,0.455557962958592
"6355433","2013-06-21",18.7960190778225,0,0.172774869109945,0.346605973358209,39.7476197613818,37.2100469052849,38.4788333333334,-0.0157815785224304,39.772359103247,38.2132000000001,37.916826160313,-0.0472163927624503,0.355003091814383
"6355432","2013-06-24",19.3802174425034,0,-2.6275278249462e-15,0.180337405468293,39.765003873911,36.9326627927557,38.3488333333334,-0.0703762201341441,35.7863376267562,38.1468000000001,37.721249338938,-0.347078746412666,0.214586724168973
"6355431","2013-06-25",19.4894374186935,0.164383561643835,0.0547945205479423,0.0758564632192946,39.5802758281405,36.8573908385262,38.2188333333334,0.100117765720395,41.7077442934147,38.0924000000001,37.6157494270796,-0.477457877852094,0.0761778037647599
"6355430","2013-06-26",19.2387963097956,0.284246575342466,0.149543378995431,0.0681126331811232,39.4374514903754,36.8148818429579,38.1261666666667,0.23327686428125,45.6437728720107,38.0452000000001,37.5709828368023,-0.500152561119083,-0.0390882692120086
"6355429","2013-06-27",18.7107150809404,0.32876712328767,0.259132420091321,0.154490106544898,39.3181952054584,36.7884714612084,38.0533333333334,0.307620627440891,47.0732672710034,38.0188000000001,37.549518458562,-0.484667959240148,-0.128204207217637
"6355428","2013-06-28",17.5366966901933,0.400684931506848,0.337899543378992,0.248858447488581,39.1809154934105,36.8074178399229,37.9941666666667,0.433642234796992,49.388746415253,38.0036000000001,37.5589159974204,-0.422376420421744,-0.187038649858458
"6355427","2013-07-01",17.4261676109794,0.674657534246576,0.468036529680362,0.355022831050225,39.1730087836558,36.8106578830109,37.9918333333334,0.789894838716112,57.0902744563019,37.9796000000001,37.6737271977644,-0.199026988192719,-0.18943631752531
"6355426","2013-07-02",16.7287524185457,0.547945205479451,0.541095890410956,0.449010654490103,39.1334105890738,36.8195894109262,37.9765,0.636930777678749,53.0681097946495,37.9320000000001,37.7238969047291,-0.100422915163478,-0.171633637052944
"6355425","2013-07-03",15.6848894518945,0.458904109589041,0.56050228310502,0.523211567732112,39.1306698713288,36.8163301286712,37.9735,0.476883255723475,50.3819667320555,37.8796000000001,37.7327106507652,-0.0770558522645737,-0.15271808009527
"6355424","2013-07-05",15.1886340520747,0.496575342465753,0.501141552511412,0.534246575342462,39.1355357788239,36.8187975545094,37.9771666666667,0.55589755400108,51.5004695303769,37.8412000000001,37.7550158973299,-0.0346245847942961,-0.129099381035075
"6355423","2013-07-08",15.1092408825159,0.684931506849316,0.546803652968034,0.536149162861488,39.1498277190844,36.8145056142489,37.9821666666667,0.751714027849156,56.7501926018728,37.8256000000001,37.8476804443525,0.115017279094309,-0.0802760490091982
"6355422","2013-07-09",16.2710068050305,0.630681818181819,0.604062889165627,0.550669364881691,39.260783933157,36.7642160668431,38.0125,0.936933178565619,58.6769875931548,37.8332000000001,37.9573230517722,0.276855918178298,-0.00884965557169892
"6355421","2013-07-10",17.3497894473654,0.838068181818182,0.717893835616436,0.622920125916699,39.4997713469513,36.6815619863821,38.0906666666667,1.00599505485709,64.3520512614256,37.8768000000001,38.1496799782026,0.552737031910655,0.103467681924772
"6355420","2013-07-11",18.9108734354731,0.895939086294415,0.788229695431469,0.70339547340451,39.8603883467192,36.5586116532808,38.2095,1.07761830788155,68.1005068059161,37.9696000000001,38.3937226477756,0.881592262870678,0.259092598113953
"6355419","2013-07-12",19.8188773478142,0.81979695431472,0.851268074142436,0.785797201730113,40.0940624775239,36.5216041891428,38.3078333333333,0.927016882173681,64.332381034961,38.0448000000001,38.5652262947388,1.06493442327369,0.4202609631459
"6355418","2013-07-15",21.1671674989086,0.776315789473686,0.830683943360938,0.823393904311614,40.3560183209252,36.4336483457415,38.3948333333334,0.950875366472072,65.6951553131736,38.1096000000001,38.7405294554403,1.23631631372521,0.583472033261761
"6355417","2013-07-16",22.624029792934,0.859838274932614,0.81865033957367,0.833534119025681,40.6875056704354,36.3031609962313,38.4953333333333,0.989924985286402,69.4084391330591,38.1940000000001,38.9711255280483,1.47579828872635,0.761937284354679
"6355416","2013-07-17",23.6911972162353,0.812849162011173,0.816334408805821,0.821889563913476,40.937511194355,36.2228221389783,38.5801666666667,0.905788514193707,67.410625486126,38.2968000000001,39.1509754576418,1.61389941305345,0.932329710094434
"6355415","2013-07-18",25.1001701528061,0.750670241286864,0.807785892743547,0.814256880374346,41.2154355748838,36.1415644251162,38.6785,0.904326388953321,68.0704507042222,38.4144000000001,39.3201787299563,1.72250459221992,1.09036468651953
"6355414","2013-07-19",26.5844857704355,0.846965699208444,0.803495034168824,0.809205111906064,41.5645376281804,36.157795705153,38.8611666666667,0.931344181000003,71.6550547031155,38.5556000000001,39.5441548992954,1.90345512036727,1.25298277328908
"6355413","2013-07-22",27.9784773199485,0.89501312335958,0.83088302128496,0.81405464939911,41.8595293439709,36.2791373226958,39.0693333333334,0.90570626424963,72.7894700226332,38.6772000000001,39.764934246056,2.0613577458453,1.41465776780032
"6355412","2013-07-23",27.669813077928,0.677165354330708,0.806381392299575,0.813586482584452,41.9278721432603,36.6084611900731,39.2681666666667,0.771051314895945,61.7452986882271,38.7592000000001,39.8456096799152,1.99396335457245,1.53051888515475
"6355411","2013-07-24",26.7613148869797,0.564864864864865,0.712347780851715,0.783204064812083,41.924037216983,36.9232961163504,39.4236666666667,0.663242470846981,57.4476857006089,38.8152000000001,39.8648617225932,1.84224530965589,1.59286417005498
"6355410","2013-07-25",25.4104608603281,0.384126984126982,0.542052401107516,0.686927191419601,41.8780569190279,37.2149430809722,39.5465,0.572233564315845,53.9367474758547,38.8632000000001,39.8375468262474,1.6364390253623,1.60157914111644
"6355409","2013-07-26",24.7258124300651,0.337883959044367,0.428958602678735,0.561119594879322,41.8241732435678,37.5161600897656,39.6701666666667,0.585847772541476,53.9367474758546,38.9584000000001,39.8138739160811,1.45661511628759,1.57258633615067
"6355408","2013-07-29",24.0900674591065,0.322727272727273,0.348246071966205,0.439752358584151,41.7929096025928,37.7967570640739,39.7948333333334,0.633920480138876,57.9965384491047,39.0844000000001,39.853357393937,1.38922604797473,1.53591427851548
"6355407","2013-07-30",23.3950545704465,0.201030927835051,0.287214053202228,0.354806242615722,41.8063160898986,37.9336839101015,39.87,0.580048913918857,57.2717472253684,39.2284000000001,39.8795764080787,1.30848826766259,1.4904290763449
"6355406","2013-07-31",23.2001028097726,0.27835051546392,0.267369572008745,0.300943232392392,41.7816494063819,38.1686839269515,39.9751666666667,0.616663168358428,58.6625923807559,39.3592000000001,39.9222995536682,1.26021108070367,1.44438547721666
"6355405","2013-08-01",24.0743048865757,0.420560747663554,0.299980730320839,0.28485478517727,41.7167564837021,38.5389101829646,40.1278333333334,0.766060696454624,61.8704920302405,39.4904000000001,40.0073262798458,1.27965208214802,1.41143879820293
"6355404","2013-08-02",24.8860639578929,0.621495327102806,0.440135530076757,0.335828610802114,41.6371987617122,38.9264679049546,40.2818333333334,0.833796817591696,65.3312147180523,39.6336000000001,40.138349442533,1.36533374919847,1.40221778840204
"6355403","2013-08-05",23.9216247982551,0.149532710280374,0.397196261682242,0.379104174026612,41.4765791556567,39.2674208443434,40.372,0.500603548114443,53.1327426782157,39.7280000000001,40.1172361835286,1.21579854803224,1.36493394032808
"6355402","2013-08-06",24.6285363356226,0.379939209726443,0.383655749036538,0.406995846931845,41.5607870795233,39.4318795871434,40.4963333333334,1.01372202436285,60.454680673757,39.8276000000001,40.2229380257248,1.2694036742648,1.34582788711542
"6355401","2013-08-07",24.2816070952949,0.145896656534955,0.225122858847255,0.335324956522011,41.5113178467382,39.5813488199286,40.5463333333334,0.484628423433437,53.0630362924605,39.9112000000001,40.2118796222948,1.14395521703701,1.30545335309974
"6355400","2013-08-08",24.1857251785197,0.401215805471124,0.309017223910838,0.305931943931543,41.5792904331541,39.618709566846,40.599,0.79124021855584,58.9583769365723,40.0388000000001,40.3142956726555,1.19898738171547,1.28416015882289
"6355399","2013-08-09",23.6175906007837,0.285714285714287,0.277608915906786,0.270582999554959,41.5625262827233,39.72880705061,40.6456666666667,0.565986110567497,55.5587196771689,40.1468000000001,40.3523895829681,1.15290996867563,1.25791012079343
"6355398","2013-08-12",22.9636218515311,0.255319148936171,0.314083080040524,0.300236406619382,41.5605845470005,39.7810821196662,40.6708333333334,0.497658521504272,54.6654074220648,40.2288000000001,40.3720709719057,1.0838216826023,1.22309243315521
"6355397","2013-08-13",22.3163420868753,0.246200607902736,0.262411347517728,0.284701114488346,41.5602971678984,39.7807028321016,40.6705,0.480988176545182,54.3829067937136,40.3008000000001,40.3851281756516,1.01137997478475,1.18074994148112
"6355396","2013-08-14",21.412471517116,0.179331306990882,0.226950354609927,0.267814927389393,41.5601368054452,39.7731965278882,40.6666666666667,0.360096051815559,52.2504371072326,40.3348000000001,40.3671110855647,0.899634644084712,1.12452688200184
"6355395","2013-08-15",19.929814344193,0,0.141843971631203,0.210401891252952,41.5781374019058,39.6721959314276,40.6251666666667,0.119523118679653,47.0974965739073,40.3228000000001,40.2754962741561,0.689073775576454,1.03743626071676
"6355394","2013-08-16",18.5530612550502,0.015290519877675,0.0648739422895161,0.144556089510215,41.5265033344774,39.593829998856,40.5601666666667,0.15496842066229,47.5858047063353,40.3248000000001,40.202763437602,0.526023239178652,0.935153656409139
"6355393","2013-08-19",17.3293098567528,0.0703363914373078,0.028542303771658,0.0784200725641255,41.4178642946648,39.5741357053352,40.496,0.258098885822341,49.396661421473,40.3260000000001,40.1637283125884,0.427964190041741,0.833715763135659
"6355392","2013-08-20",16.7433990094839,0.045871559633027,0.0438328236493337,0.0457496899035024,41.3964251240384,39.5382415426283,40.4673333333333,0.322048440221529,48.5931129993679,40.3004000000001,40.1192312042432,0.33033372648883,0.733039355806293
"6355391","2013-08-21",16.2637450452592,0.0733944954128446,0.0632008154943903,0.0451919809717938,41.3964684602691,39.5355315397309,40.466,0.36422609822067,49.586679554687,40.2844000000001,40.0926670436775,0.267966217372417,0.640024728119518
"6355390","2013-08-22",16.4942942458693,0.250764525993884,0.123343527013249,0.0767923887189907,41.4109508628562,39.6110491371438,40.511,0.651304557044937,55.5491458468025,40.2876000000001,40.1469781045205,0.331443553342314,0.578308493164077
"6355389","2013-08-23",16.8015851985653,0.394495412844036,0.239551478083585,0.142031940197075,41.4755499192953,39.6547834140381,40.5651666666667,0.806555873614224,59.7078291475268,40.2864000000001,40.2567143572511,0.47047258824382,0.556741312180026
"6355388","2013-08-26",17.7127097099356,0.594827586206898,0.41336250834827,0.258752504481701,41.5855679238238,39.6490987428429,40.6173333333333,0.890401255762322,60.4704814703944,40.2808000000001,40.3638191096176,0.591340639703053,0.563661177684631
"6355387","2013-08-27",17.4520119969495,0.314655172413792,0.434659390488239,0.362524458973364,41.5897041981775,39.6949624684892,40.6423333333333,0.519879578349102,52.7105325094818,40.2824000000001,40.3699765616686,0.550578520052625,0.56104464615823
"6355386","2013-08-28",17.2099355491767,0.362068965517243,0.423850574712641,0.42395749118305,41.5950094495155,39.7136572171512,40.6543333333333,0.490609591142603,53.7912293086533,40.3036000000001,40.3899796867794,0.53408693589998,0.55565310410658
"6355385","2013-08-29",16.7488148645398,0.301724137931036,0.326149425287354,0.394886463496078,41.5638520973366,39.7044812359967,40.6341666666667,0.465490119265159,52.1575140724067,40.3324000000001,40.3886490618755,0.487411674047866,0.542004818094837
"6355384","2013-08-30",16.0644222991041,0.23706896551724,0.300287356321837,0.35009578544061,41.4936394541118,39.6930272125549,40.5933333333333,0.375968113412219,50.3915945896368,40.3552000000001,40.3674958536255,0.415658540011665,0.516735562478203
"6355383","2013-09-03",16.5869289684758,0.530172413793102,0.356321839080456,0.327586206896549,41.5540844429893,39.7079155570107,40.631,0.768483923887551,57.4284108791832,40.3872000000001,40.4398297398087,0.488978269942408,0.511184103971044
"6355382","2013-09-04",17.6124141095273,0.336099585062241,0.367780321457525,0.341463172286606,41.4367665807457,39.7685667525876,40.6026666666667,0.752168031410916,52.4771454403261,40.4048000000001,40.4465191078342,0.457871518225805,0.500521586821996
"6355381","2013-09-05",18.7640394876315,0.719844357976654,0.528705452277329,0.417602537605103,41.6545636803775,39.6811029862892,40.6678333333333,1.08383056227982,61.7048738875863,40.4600000000001,40.5976498934563,0.64275895631003,0.528969060719603
"6355380","2013-09-06",20.4629104964377,0.598130841121496,0.551358261386794,0.482614678373883,41.8889447595167,39.54772190715,40.7183333333333,1.12431761469824,62.914371556722,40.5076000000001,40.7512965743288,0.812683453499763,0.585711939275635
"6355379","2013-09-09",22.4990197631859,0.797927461139896,0.705300886746012,0.595121533470045,42.4241347835068,39.2528652164932,40.8385,1.23519451775762,69.9002127513453,40.5844000000001,41.0391236977516,1.16124758742002,0.700819068904513
"6355378","2013-09-10",24.865056969618,0.814410480349345,0.736822927536909,0.664494025223239,43.0796254039913,38.9240412626754,41.0018333333334,1.20543632382613,73.3491306780209,40.7312000000001,41.3872405380514,1.56060531003865,0.872776317131341
"6355377","2013-09-11",27.1937811050523,0.856194690265487,0.822844210584906,0.754989341622609,43.7062996702551,38.6653669964116,41.1858333333333,1.12108215600234,75.2093845605643,40.8588000000001,41.7489417996446,1.93714831284573,1.08565071627422
"6355376","2013-09-12",29.3561678022413,0.884955752212389,0.851853640942404,0.803840259688073,44.2340585749483,38.5342747583851,41.3841666666667,1.02618954739148,75.7362910525622,41.0224000000001,42.079749559692,2.22990102455776,1.31450077793093
"6355375","2013-09-13",31.2355175054905,0.871681415929204,0.870943952802357,0.848547268109889,44.6285502658085,38.5767830675249,41.6026666666667,0.940752799296343,74.9445577307438,41.1500000000001,42.3584496183997,2.41851863952094,1.53530435024893
"6355374","2013-09-16",33.2912188832173,0.897274633123689,0.884637267088424,0.869144953611062,45.0399352955067,38.6433980378267,41.8416666666667,0.942687434246833,76.4471160347309,41.3064000000001,42.6453230026131,2.59910722904719,1.74806492600858
"6355373","2013-09-17",33.5777893156005,0.723270440251572,0.830742163101485,0.862107794330756,45.2657570716848,38.8169095949819,42.0413333333334,0.810443068661864,66.036070601309,41.4336000000001,42.783279935598,2.55379296910079,1.90921053462702
"6355372","2013-09-18",34.3028305820852,0.738372093023256,0.786305722132836,0.833895050774249,45.5271854292558,38.9908145707442,42.259,0.841320902423213,68.0673835272848,41.5764000000001,42.9508426108516,2.55496326307616,2.03836108031685
"6355371","2013-09-19",35.0394604222896,0.885714285714287,0.782452272996368,0.799833386076897,45.8488015213389,39.1558651453278,42.5023333333334,0.885132402558842,72.2394267682803,41.7616000000001,43.2080635960714,2.68026026613848,2.16674091748118
"6355370","2013-09-20",35.5698760547305,0.86372745490982,0.829271277882451,0.799343091003885,46.1304348901328,39.2958984432006,42.7131666666667,0.834599625166942,71.2842076479738,41.9664000000001,43.4203217832619,2.73058660630954,2.27951005524685
"6355369","2013-09-23",35.2044230900855,0.771543086172346,0.840328275598814,0.817350608825878,46.3044679491923,39.4611987174744,42.8828333333334,0.738750409783768,65.8891608014141,42.1508000000001,43.5429455454936,2.65305953580577,2.35421995135863
"6355368","2013-09-24",34.9893565879096,0.769230769230769,0.801500436770975,0.823699996750747,46.4874475526126,39.6128857807208,43.0501666666667,0.742900331503429,67.2805418688279,42.3376000000001,43.6812194727611,2.60504407123634,2.40438477533417
"6355367","2013-09-25",33.8710239642036,0.619302949061663,0.720025601488256,0.787284771286015,46.5327979062698,39.9332020937303,43.233,0.667232463625974,61.4335058291911,42.5068000000001,43.7317235430597,2.44229198795316,2.41196621785797
"6355366","2013-09-26",32.8325722421909,0.474708171206228,0.621080629832884,0.714202222697372,46.521103634764,40.3122296985694,43.4166666666667,0.64388008880735,61.9133480594818,42.6752000000001,43.7848270706517,2.29950126246361,2.3894732267791
"6355365","2013-09-27",31.5478987218347,0.163934426229511,0.419315182165797,0.586807137828979,46.4187623553457,40.7672376446543,43.593,0.589120492690021,59.8511978326549,42.8132000000001,43.8068501278982,2.12852245543589,2.33728307251046
"6355364","2013-09-30",29.525799983573,0,0.21288086581191,0.41775889260353,46.166973487062,41.3506931796048,43.7588333333334,0.485016099134647,54.4281689518156,42.9124000000001,43.7592701108451,1.87931813029591,2.24569008406755
"6355363","2013-10-01",28.264834553139,0.221674876847289,0.12853643435893,0.253577494112212,45.9953413230911,41.8233253435756,43.9093333333334,0.554490043770089,58.1072171242645,43.0260000000001,43.7780340960657,1.74472459239743,2.14549698573353
"6355362","2013-10-02",26.7666485304425,0.123152709359606,0.114942528735629,0.152119942968823,45.6660152515977,42.438651415069,44.0523333333334,0.447635281127215,55.9454642593689,43.1576000000001,43.7676295499236,1.58294033598831,2.03298565578448
"6355361","2013-10-03",25.6499466836489,0,0.114942528735629,0.119473830610062,45.4452531146013,42.7897468853988,44.1175,0.125620661049909,47.0801120264317,43.2472000000001,43.6332789432672,1.26664004041717,1.87971653271102
"6355360","2013-10-04",24.9105600743285,0,0.0410509031198656,0.0903119868637076,45.3295586587484,42.9584413412516,44.144,-0.10477817331868,45.0360762295679,43.3324000000001,43.4835084174982,0.958321291113107,1.69543748439144
"6355359","2013-10-07",24.378742040859,0,-3.15025783237388e-15,0.051997810618497,45.4104028564403,42.8232638102264,44.1168333333334,-0.0759901729470106,43.9671028599917,43.4184000000001,43.3363739618318,0.681537175988423,1.49265742271083
"6355358","2013-10-08",24.3242339589514,0,-3.15025783237388e-15,0.0136836343732863,45.5458602088764,42.5278064577903,44.0368333333334,-0.0644366007023673,40.9103229123949,43.4620000000001,43.1581907669209,0.386248005623258,1.27137553929332
"6355357","2013-10-09",24.4519554320392,0,-3.15025783237388e-15,-3.24508938239395e-15,45.6548883290902,42.1924450042432,43.9236666666667,-0.040177313491763,39.6600337264206,43.5160000000001,42.9824319979981,0.120061839899677,1.04111279941459
"6355356","2013-10-10",23.3387818614698,0,-3.15025783237388e-15,-3.24508938239395e-15,45.678505552562,41.956494447438,43.8175,0.0815434301483309,39.2562755172042,43.5244000000001,42.8234410649317,-0.099929908166374,0.812904257898398
"6355355","2013-10-11",21.9268470573866,0.299065420560748,0.0996884735202461,0.0332294911734132,45.6359842656685,41.8703490676648,43.7531666666667,0.295563485878432,49.8193527888433,43.5644000000001,42.8136489229408,-0.0923702204299492,0.631849362232728
"6355354","2013-10-14",20.4456792808478,0.396774193548388,0.231946538036376,0.110545003852206,45.5275185083941,41.835481491606,43.6815,0.380418317044905,52.3301412237452,43.5688000000001,42.841162399882,-0.0350383292106682,0.498471823944049
"6355353","2013-10-15",19.0703092026333,0.458333333333333,0.384724315814153,0.238786442456925,45.4892215270257,41.7954451396411,43.6423333333334,0.396492561206696,53.1712456063375,43.5472000000001,42.8770074132311,0.0270081356709362,0.404179086289427
"6355352","2013-10-16",18.0456320140605,0.450354609929079,0.435154045603597,0.350608299818042,45.3926078453401,41.7710588213266,43.5818333333334,0.41665628952363,52.6158090475839,43.5056000000001,42.9014064248003,0.065958416629508,0.336534952357443
"6355351","2013-10-17",16.8502381051733,0.400709219858157,0.436465721040186,0.418781360819312,45.1671580385738,41.7931752947596,43.4801666666667,0.371516829540755,51.0090613946911,43.4532000000001,42.9038855681602,0.0696569566485783,0.28315935321567
"6355350","2013-10-18",16.6889194632587,0.47517730496454,0.442080378250589,0.437900048298124,44.9359503355322,41.8637163311345,43.3998333333334,0.49788427574504,53.3121529926031,43.4116000000001,42.9340341590722,0.110807920099742,0.248689066592484
"6355349","2013-10-21",17.2116278836752,0.740601503759397,0.538829342860695,0.472458480717157,44.8489923472071,41.8980076527929,43.3735,0.7089133166861,59.4681428094267,43.3816000000001,43.0441629378626,0.258640280345013,0.25067930934299
"6355348","2013-10-22",18.1227805018272,0.773026315789474,0.662935041504467,0.54794825420525,44.7743943974321,41.937605602568,43.356,0.857446420345347,62.6657777764734,43.4000000000001,43.1902745461476,0.441332199279265,0.288809887330245
"6355347","2013-10-23",18.5926366844438,0.710526315789475,0.741384711779446,0.647716365381536,44.7469620268122,41.9497046398545,43.3483333333334,0.798506674392291,60.1121966106366,43.3964000000001,43.2915712733279,0.543766222508157,0.339801154365828
"6355346","2013-10-24",20.7335765577097,0.563524590163934,0.682359073914291,0.695559609066068,44.9719223377631,41.8187443289036,43.3953333333333,1.08818964912718,64.8958605042648,43.3828000000001,43.4580284368842,0.72578356759232,0.416997637011126
"6355345","2013-10-25",22.7215921543137,0.778688524590164,0.684246476847855,0.702663420847197,45.3823062776239,41.5876937223761,43.485,1.13379329641282,71.4565437199575,43.4144000000001,43.7422913119663,1.05075330033968,0.543748769676837
"6355344","2013-10-28",24.8226699626651,0.802348336594912,0.714853817116334,0.693819789292827,45.8548705812963,41.3691294187037,43.612,1.08288398101763,73.0086855739945,43.4764000000001,44.0286524703708,1.34510460921842,0.704019937585153
"6355343","2013-10-29",26.7736707847057,0.880626223091977,0.820554361425681,0.739884885129957,46.2923893217971,41.1662773448696,43.7293333333333,1.03724928608576,74.9635682680845,43.5448000000001,44.3301654743213,1.6296014087859,0.889136231825302
"6355342","2013-10-30",28.2542601623695,0.814457831325302,0.832477463670727,0.789295214070914,46.6677063754924,41.0412936245076,43.8545,0.950049930343884,72.6955367282673,43.6276000000001,44.5701434110785,1.80241565956003,1.07179211737225
"6355341","2013-10-31",27.6613775564863,0.525125628140703,0.740069894185991,0.797700573094133,46.8529613957362,41.0937052709305,43.9733333333333,0.765080530121098,59.1946063155007,43.6628000000001,44.628790956268,1.71594267142889,1.20062222818358
"6355340","2013-11-01",27.1108437081662,0.567839195979899,0.635807551815298,0.736118303224005,46.9878346784299,41.2261653215701,44.107,0.721521447046196,60.3968735353291,43.7120000000001,44.7022854954323,1.65874773671528,1.29224732988992
"6355339","2013-11-04",27.1220825224371,0.6356783919598,0.576214405360131,0.65069728378714,47.1426688800794,41.3823311199206,44.2625,0.755916706284602,62.2969015406051,43.7920000000001,44.801980762708,1.64277743361751,1.36235335063544
"6355338","2013-11-05",26.4510151603148,0,0.40117252931323,0.53773149549622,47.0890888784547,41.5399111215453,44.3145,0.330395293159457,40.1131149167822,43.7384000000001,44.5030499943469,1.09598028949924,1.3090787384082
"6355337","2013-11-06",25.9934113077326,0,0.21189279731993,0.396426577331097,47.0385357258157,41.6424642741843,44.3405,0.172508660697513,38.9753086609393,43.6840000000001,44.214643328434,0.613516282900539,1.16996624730667
"6355336","2013-11-07",25.7734773824492,0,-3.07161703479627e-15,0.204355108877719,47.027446210122,41.664553789878,44.346,0.131542114747456,37.5669488616182,43.6564000000001,43.9286908846428,0.177564698630195,0.971485937571372
"6355335","2013-11-08",25.5692530232575,0.00207039337474079,0.000690131124910525,0.0708609761482794,47.0827873371184,41.5358793295483,44.3093333333333,0.128742115332917,37.6568021656076,43.6392000000001,43.6821987666904,-0.16621531620874,0.74394568681535
"6355334","2013-11-11",25.2726500010969,0.0144927536231885,0.00552104899930668,0.00207039337473819,47.1352688584419,41.3910644748915,44.2631666666667,0.161136709276194,38.2312154573877,43.6296000000001,43.4765722644651,-0.424230609225529,0.510310427607174
"6355333","2013-11-12",24.7754706304677,0.0289855072463769,0.015182884748099,0.00713135495743888,47.1743883365834,41.2676116634167,44.221,0.194531648448795,38.9380818296763,43.6380000000001,43.3076959625364,-0.609799098985675,0.286288522288604
"6355332","2013-11-13",23.9385372519763,0.0455486542443062,0.0296756383712875,0.0167931907062312,47.2002954526326,41.1697045473674,44.185,0.230540501664394,39.7861702752326,43.6560000000001,43.1720031675315,-0.734264487056313,0.082177920419621
"6355331","2013-11-14",22.7154423791747,0.161490683229814,0.0786749482401626,0.0411778237865165,47.2003808052786,41.1692858613881,44.1848333333333,0.310730885416364,45.4931283709381,43.6984000000001,43.1290694118607,-0.720135358090312,-0.0782847352823657
"6355330","2013-11-15",21.5797114258589,0.163561076604555,0.123533471359555,0.0772946859903352,47.2051120798256,41.1292212535078,44.1671666666667,0.314485365374846,45.5922949877741,43.7028000000001,43.0931934902792,-0.69907219414308,-0.202442227054509
"6355329","2013-11-18",20.337351109231,0.227743271221532,0.184265010351964,0.128824476650561,47.1935093459497,41.0708239873836,44.1321666666667,0.362451421664447,48.7076883474199,43.7088000000001,43.103434358242,-0.617181420743129,-0.285390065792233
"6355328","2013-11-19",19.3604179555095,0.219954648526077,0.203752998784052,0.17051716016519,47.1592598104585,40.9874068562082,44.0733333333333,0.357417212217608,47.479885909856,43.7060000000001,43.0949764438097,-0.570061666500077,-0.342324385933802
"6355327","2013-11-20",18.3567414010597,0.261792452830188,0.236496790859263,0.208171599998426,47.1327873430176,40.9262126569824,44.0295,0.383537479221879,48.9716891025944,43.7108000000001,43.1063129179685,-0.500714463620577,-0.374002401471157
"6355326","2013-11-21",17.1467241042365,0.330188679245283,0.270645260200513,0.236965016614609,47.0034910163999,40.8905089836001,43.947,0.443235560298044,52.0123632376421,43.7328000000001,43.154804528906,-0.387007483942381,-0.376603417965402
"6355325","2013-11-22",15.9736549445908,0.467576791808873,0.353185974628111,0.286776008562629,46.7575814617803,40.9060852048863,43.8318333333333,0.458101884389342,51.6693588309574,43.7452000000001,43.1928305917185,-0.299093625654634,-0.361101459503248
"6355324","2013-11-25",14.9189823182869,0.75409836065574,0.517287943903295,0.380373059577307,46.4124572882576,40.9885427117424,43.7005,0.481470947120893,51.7835025976737,43.7328000000001,43.2271198461561,-0.224985445396353,-0.333878256681869
"6355323","2013-11-26",13.9340571015334,0.704918032786885,0.642197728417163,0.50422388231619,45.9455810331105,41.1604189668895,43.553,0.495890073022707,50.624674335043,43.7016000000001,43.2448372000019,-0.180982093028514,-0.303299023951198
"6355322","2013-11-27",13.3719175608125,0.598901098901101,0.685972497447906,0.615152723256121,45.4083385533271,41.3906614466729,43.3995,0.479382779866468,48.1737286172752,43.6704000000001,43.2348589066683,-0.179496769909271,-0.278538573142813
"6355321","2013-11-29",12.483985997625,0.659090909090908,0.654303346926295,0.660824524263788,45.0634853607251,41.5341813059416,43.2988333333333,0.553221068634972,49.9588714899827,43.6208000000001,43.2435443857792,-0.152304669995773,-0.253291792513405
"6355320","2013-12-02",11.7587177688588,0.647058823529414,0.635016943840471,0.658430929404891,44.6947280860859,41.7156052472475,43.2051666666667,0.602323183642932,50.1012531282396,43.5296000000001,43.252405134342,-0.12742016293964,-0.228117466598652
"6355319","2013-12-03",11.4331760064324,0.419753086419754,0.575300939680022,0.62154041014893,44.0067178923269,42.1412821076731,43.074,0.521085332262251,45.3741113958053,43.4128000000001,43.2147511164297,-0.169204250806787,-0.216334823440279
"6355318","2013-12-04",10.7651879315263,0.028301886792454,0.365037932247204,0.525118605255899,43.983659608064,42.1380070586027,43.0608333333333,0.526639177932487,44.1856647103067,43.2764000000001,43.1701176342391,-0.216692812528219,-0.216406421257867
"6355317","2013-12-05",10.144913290542,0.180952380952379,0.209669118054859,0.383335996660695,43.9893385832715,42.1956614167285,43.0925,0.563649506609198,47.0090143491183,43.1532000000001,43.1541019496739,-0.220057445815569,-0.217136626169407
"6355316","2013-12-06",9.92085838020015,0.475728155339804,0.228327474361543,0.267678174887869,44.0004377957526,42.2995622042475,43.15,0.717535016580828,51.9374743484106,43.0876,43.182888356384,-0.161046309687374,-0.205918562873001
"6355315","2013-12-09",9.71280739202559,0.475728155339804,0.377469563877326,0.271822052097909,43.9646855454862,42.4579811211805,43.2113333333333,0.676101781512721,51.9374743484106,43.0152,43.2078365755328,-0.112993035100328,-0.187333457318466
"6355314","2013-12-10",10.0534137087395,0,0.317152103559866,0.307649713932912,43.8901823396531,42.5928176603469,43.2415,0.252189954661047,41.6811607427382,42.9028,43.1321250321285,-0.208937444465485,-0.19165425474787
"6355313","2013-12-11",10.8986443193408,0,0.158576051779931,0.284399239739041,43.874475445555,42.616524554445,43.2455,-0.0952802598458964,38.1268664825111,42.8932,43.0238416945113,-0.341232512458034,-0.221569906289903
"6355312","2013-12-12",11.6835013148992,0.0566037735849035,0.018867924528298,0.164865359956032,43.8767351365345,42.6129315301322,43.2448333333333,-0.0524328804964734,39.6846903441614,42.8960000000001,42.9419961352432,-0.424636529491207,-0.262183230930164
"6355311","2013-12-13",11.6631351146925,0.169811320754719,0.0754716981132044,0.0843052248071448,43.8914109831512,42.5705890168489,43.231,0.14845123326252,42.7872744090367,42.9168000000001,42.8950633172107,-0.451867799830252,-0.300120144710181
"6355310","2013-12-16",11.0108004794626,0.28930817610063,0.171907756813414,0.0887491264849725,43.8922292421758,42.5644374244909,43.2283333333333,0.31799355633323,45.9479088996645,42.9448000000001,42.8797215415826,-0.4327637501089,-0.326648865789925
"6355309","2013-12-17",11.3132982129191,0,0.153039832285113,0.133473095737244,43.9292452435587,42.444421423108,43.1868333333333,0.0104918689190132,39.8359066474674,42.9508,42.8010920027049,-0.50418007236811,-0.362155107105562
"6355308","2013-12-18",10.9222572452192,0,0.0964360587002069,0.140461215932912,43.9465399898651,42.363460010135,43.155,0.122044785484964,39.7197849845583,42.9536,42.731613069011,-0.556478192570731,-0.401019724198596
"6355307","2013-12-19",10.3710144234873,0.32515337423313,0.108384458077707,0.119286783021009,43.9302884629623,42.343044870371,43.1366666666667,0.376095472941493,48.3185110012768,42.9744,42.7420646598095,-0.492236912215127,-0.419263161801902
"6355306","2013-12-20",10.1506706992586,0.376623376623376,0.233925583618832,0.146248700132249,43.8763031089639,42.3470302243695,43.1116666666667,0.492371102120357,49.0567965835961,42.9748,42.7577893718349,-0.426957026655284,-0.420801934772578
"6355305","2013-12-23",10.4566741068571,0.465408805031449,0.389061851962649,0.243790631219729,43.8364778977299,42.3585221022701,43.0975,0.639268937518719,51.4470274750975,42.9812,42.7927507889236,-0.341101639500963,-0.404861875718255
"6355304","2013-12-24",10.7408201281987,0.672955974842769,0.504996052165861,0.375994495915781,43.821795945811,42.3648707208557,43.0933333333333,0.79056627346562,56.0294405552656,42.9884,42.8670506837338,-0.20852171354987,-0.365593843284578
"6355303","2013-12-26",11.0046700051587,0.716981132075474,0.618448637316561,0.504168847148357,43.8189827748971,42.3660172251029,43.0925,0.791931674998574,56.9574349235994,43.0036,42.9407772592359,-0.0893975375210965,-0.310354582131882
"6355302","2013-12-27",12.1049774267471,0.671874999999999,0.687270702306077,0.603571797262833,43.8967630471189,42.3345702862145,43.1156666666667,0.925256952892749,58.9564065464677,43.0192,43.0246736246711,0.0326237755318148,-0.241758910599142
"6355301","2013-12-30",13.2219373391764,0.883838383838385,0.757564838637949,0.687761392753529,44.0270958549354,42.2662374783979,43.1466666666667,1.04518864934937,64.4144111419611,43.0416,43.1587171413817,0.21269489339153,-0.150868149801008
"6355300","2013-12-31",14.603740938963,0.795454545454547,0.78372264309764,0.742852728013889,44.1588493981424,42.2014839351909,43.1801666666667,1.01080564782504,64.4144111419611,43.0652,43.2748881891974,0.350837860307718,-0.0505269477792629
"6355299","2014-01-02",14.1442814145909,0.481818181818184,0.720370370370369,0.753885950701986,44.2162485327412,42.2047514672588,43.2105,0.753293931541381,52.3124850378077,43.0608,43.2835697639711,0.327746588887923,0.0251277595541742
"6355298","2014-01-03",13.2584292460354,0.381818181818181,0.5530303030303,0.685707772166103,44.2251425173934,42.2145241492732,43.2198333333333,0.538213782660888,49.1422959118567,43.0512,43.2617604621083,0.265389660795812,0.0731801398025017
"6355297","2014-01-06",12.7881521288192,0.240909090909092,0.368181818181815,0.547194163860828,44.2208162306834,42.2068504359833,43.2138333333333,0.436857583678277,45.0037112247534,43.0368,43.2015257338272,0.156310401494331,0.0898061921408675
"6355296","2014-01-07",12.3514662342613,0.30909090909091,0.310606060606057,0.410606060606058,44.1932486595072,42.1987513404928,43.196,0.483621604122884,47.3157313394079,43.0232,43.1693223026502,0.0966971293664187,0.0911843795859778
"6355295","2014-01-08",12.2228171422004,0.245454545454546,0.265151515151512,0.314646464646462,44.1639106483242,42.1780893516758,43.171,0.402139566303713,45.3974549104113,43.0036,43.1227459956302,0.0229726358803362,0.0775420308448494
"6355294","2014-01-09",12.8433042342787,0,0.184848484848482,0.253535353535351,44.1695520545082,42.1481146121585,43.1588333333333,0.261473367137098,40.2508461793061,42.9812,43.0277131962128,-0.111085805314415,0.0398164636129966
"6355293","2014-01-10",12.0677385362192,0.217391304347827,0.154281949934121,0.201427316644705,44.1569914706861,42.2290085293139,43.193,0.493257201751616,47.3111258647485,42.9804,43.0053514367178,-0.131557856331777,0.00554159962404197
"6355292","2014-01-13",13.5457001122498,0.478658536585366,0.232016613644394,0.190382349475666,44.3766271207468,42.2097062125865,43.2931666666667,1.08000886354471,59.9848619268053,43.0176,43.1353045784888,0.0613829383868447,0.0167098673766025
"6355291","2014-01-14",13.4282995981228,0.189024390243904,0.295024743725695,0.227107769101404,44.3784121663283,42.265921167005,43.3221666666667,0.511597682550056,49.1790757735559,43.004,43.1212639680236,0.0359240118813942,0.0205526962775609
"6355290","2014-01-15",13.5147443895091,0.317073170731709,0.328252032520323,0.285097796630138,44.4130144566229,42.3013188767104,43.3571666666667,0.656035748303103,53.1935679052341,43.0072,43.1650954389538,0.0932243613245731,0.0350870292869633
"6355289","2014-01-16",13.5950145529392,0.341463414634148,0.28252032520325,0.301932367149756,44.3996077480601,42.4383922519399,43.419,0.641578866379527,53.939910468865,43.0428,43.2137493804266,0.151763732331456,0.0584223698958618
"6355288","2014-01-17",13.6938589089304,0.375000000000001,0.344512195121949,0.318428184281841,44.3875069635484,42.5724930364516,43.48,0.663451454690042,55.0023635410913,43.0956,43.2705827963697,0.216100571345956,0.0899580101858807
"6355287","2014-01-21",14.0595145402967,0.350609756097563,0.355691056910567,0.327574525745256,44.4048569535764,42.6408097130903,43.5228333333333,0.655230158835137,54.0263130268051,43.1416,43.3091717568538,0.249214572049361,0.121809322558577
"6355286","2014-01-22",14.3990519122797,0.426829268292685,0.384146341463413,0.361449864498643,44.4445930319303,42.686740301403,43.5656666666667,0.722430464856249,56.6171704941859,43.1904,43.3759488559399,0.318240941484138,0.161095646343689
"6355285","2014-01-23",13.861379954282,0.283536585365856,0.353658536585364,0.364498644986448,44.4506574782568,42.7093425217432,43.58,0.505742786485925,50.8188579576658,43.2128,43.3711556751479,0.282206580205546,0.185317833116061
"6355284","2014-01-24",14.1806184114651,0,0.236788617886177,0.324864498644985,44.5295040829237,42.5224959170763,43.526,-0.0427647738909118,38.6618284098557,43.2012,43.1883349184615,0.00378392141455741,0.14901105077576
"6355283","2014-01-27",15.3351404735003,0,0.0945121951219483,0.22831978319783,44.7716381882215,42.0746951451118,43.4231666666667,-0.227922924320658,32.9049722601924,43.1536,42.9085569293333,-0.38437297277818,0.042334246064972
"6355282","2014-01-28",16.4071966739616,0.0630434782608695,0.0210144927536196,0.117438435253915,44.8712274854442,41.7544391812225,43.3128333333333,-0.0581065604115061,36.1670134584233,43.0964,42.7047493387556,-0.63213805756922,-0.0925602146618665
"6355281","2014-01-29",17.7578038579012,0,0.0210144927536196,0.045513726876396,44.9301175518028,41.4055491148638,43.1678333333333,-0.056427461051061,33.6743220963361,43.0208,42.4734494269215,-0.897425115964745,-0.253533194922442
"6355280","2014-01-30",19.0119391001308,0.00635593220339007,0.0231331368214163,0.0217207074428853,44.9102608119613,41.1290725213721,43.0196666666667,0.0231657718587029,34.0325895676218,42.94,42.276989503332,-1.09111590070069,-0.421049736078092
"6355279","2014-01-31",20.5691346181122,0,0.00211864406779315,0.0154220912142765,44.9636746436776,40.7849920229891,42.8743333333333,0.00678235532986777,31.2455972492683,42.8276,42.0453909028877,-1.31915162008324,-0.600670112879121
"6355278","2014-02-03",22.2306242150921,0,0.00211864406779315,0.00912347498566767,45.0398200501959,40.4391799498041,42.7395,0.0349560162687373,29.7077905628895,42.7016,41.808672115836,-1.53627959265769,-0.787792008834834
"6355277","2014-02-04",24.0682248929183,0,-3.54201621736531e-15,0.00141242937852773,45.140004256709,40.0499957432911,42.595,0.0288154573786977,27.5951247601687,42.554,41.5515158337245,-1.76594300343855,-0.983422207755578
"6355276","2014-02-05",25.7745683794712,0.00683371298405331,0.00227790432801423,0.00146551613193475,45.1916346423965,39.6923653576036,42.442,0.0747313787426647,28.0191762491603,42.3892,41.3326470558946,-1.92243691068026,-1.17122514834051
"6355275","2014-02-06",27.3590301884132,0.0318906605922553,0.0129081245254326,0.00506200961781459,45.2094268208912,39.3942398457755,42.3018333333333,0.133975655622378,29.6462020648475,42.2288,41.157627448442,-2.0036896968969,-1.33771805805179
"6355274","2014-02-07",28.3326885741401,0.0728929384965832,0.0372057706909604,0.0174639331814692,45.2067694578695,39.1655638754639,42.1861666666667,0.198266627667471,32.3412476757095,42.1032000000001,41.0299437886497,-2.01076792187732,-1.4723280308169
"6355273","2014-02-10",28.6634669299996,0.118993135011441,0.0745922447000895,0.0415687133054943,45.1180050940752,38.9943282392582,42.0561666666667,0.258941122847543,35.306628869417,41.9944000000001,40.9459512834964,-1.95513998851651,-1.56889042235682
"6355272","2014-02-11",27.1455143035419,0.218527315914488,0.136804463140834,0.0828674928439614,44.7461573782446,39.0281759550888,41.8871666666667,0.37457695057168,40.8868959805758,41.9140000000001,40.9264911123636,-1.81153002356137,-1.61741834259773
"6355271","2014-02-12",25.6550059202915,0.446064139941689,0.261194863622536,0.157530523821153,44.580565563173,39.018434436827,41.7995,0.46293387157125,48.221833223218,41.8520000000001,40.9909589640484,-1.55942446643327,-1.60581956736484
"6355270","2014-02-13",24.3905390527567,0.624999999999998,0.429863818618722,0.275954381794031,44.335164712556,39.0471686207773,41.6911666666667,0.467631090550009,47.3913017192249,41.7924000000001,41.0361644355086,-1.35965386287332,-1.55658642646653
"6355269","2014-02-14",23.0176953658408,0.746478873239437,0.605847671060371,0.43230211776721,44.0676980152212,39.1099686514455,41.5888333333333,0.512337637288871,49.0452421669972,41.7548000000001,41.0940091774408,-1.16040235094788,-1.4773496113628
"6355268","2014-02-18",21.5580604930884,0.807174887892377,0.726217920377267,0.58730980335212,43.7627938612369,39.2195394720964,41.4911666666667,0.57311205541574,51.5079279130095,41.7076000000001,41.1721412871154,-0.950346939401447,-1.37194907697053
"6355267","2014-02-19",21.1846045582286,0.529147982062781,0.694267247731528,0.675444279723055,43.3775920224338,39.3567413108996,41.3671666666667,0.487440468790558,44.6471265414838,41.5908000000001,41.1571891155,-0.895049839452966,-1.27656922946702
"6355266","2014-02-20",20.7372227544762,0.511210762331839,0.615844544095662,0.678776570734819,42.856768732232,39.6125646011014,41.2346666666667,0.522193424670503,44.2377277431224,41.5104000000001,41.1388972334333,-0.849311468763425,-1.1911176773263
"6355265","2014-02-21",20.1953415263164,0.695067264573991,0.578475336322867,0.629529042716686,42.363494301208,39.9068390321254,41.1351666666667,0.689213903628775,49.3631353187859,41.4296000000001,41.1777109356422,-0.724353232705477,-1.09776478840214
"6355264","2014-02-24",19.322084221391,0.733564013840829,0.646614013582216,0.613644631333582,42.3183230229295,39.9340103104039,41.1261666666667,0.974140826436518,55.4885484281397,41.3684000000001,41.2873494775566,-0.507989716609303,-0.979809774043569
"6355263","2014-02-25",20.7984347197286,0,0.47621042613827,0.567099925347784,42.360084068116,39.7232492652173,41.0416666666667,0.0177298686786405,31.6316434563114,41.1708000000001,40.9423695472157,-0.972461760574939,-0.978340171349843
"6355262","2014-02-26",22.1693316110421,0.00491400491400394,0.246159339584941,0.456327926435142,42.4897932354162,39.3302067645839,40.91,-0.123499314921762,31.8229587222861,40.9772000000001,40.6460536075869,-1.32553283044494,-1.04777870316886
"6355261","2014-02-27",23.4111838736701,0.0294840294840289,0.0114660114660073,0.244611925729739,42.5750181566815,39.0256485099852,40.8003333333333,-0.00346967993692553,32.8349861478879,40.7776000000001,40.402579793242,-1.57056438364523,-1.15233583926414
"6355260","2014-02-28",24.0871279194488,0.0786240786240787,0.0376740376740335,0.098433129574994,42.5883132710893,38.8153533955774,40.7018333333333,0.11431695149706,34.9158517755781,40.6048000000001,40.2182358208098,-1.70728321125914,-1.26332531366314
"6355259","2014-03-03",24.698507887881,0.0982800982800979,0.0687960687960649,0.0393120393120354,42.6074137344164,38.6452529322503,40.6263333333333,0.166091290571372,35.7730142366775,40.4888000000001,40.0691377113684,-1.78048954413402,-1.36675815975731
"6355258","2014-03-04",24.3635090826763,0.179361179361179,0.118755118755115,0.0750750750750712,42.6027406782883,38.5612593217118,40.582,0.285062310072732,39.3229539961392,40.4224000000001,39.9839193498527,-1.75264172101363,-1.44393487200858
"6355257","2014-03-05",24.173249510658,0.14987714987715,0.142506142506138,0.110019110019106,42.621662791937,38.4636705413964,40.5426666666667,0.227592886562159,38.4898454311991,40.3396000000001,39.894063436539,-1.73530166383948,-1.50220823037476
"6355256","2014-03-06",23.4843183950261,0.159705159705159,0.162981162981159,0.141414141414138,42.6311807895785,38.3984858770881,40.5148333333333,0.27126471747121,38.9541203778276,40.2748000000001,39.8215216450004,-1.69438616222837,-1.54064381674548
"6355255","2014-03-07",22.8132531333853,0.184275184275184,0.164619164619161,0.156702156702153,42.6348830507981,38.3394502825352,40.4871666666667,0.298118905951971,40.1699493633998,40.2128000000001,39.7719854256671,-1.62327235542209,-1.5571695244808
"6355254","2014-03-10",22.7220078027394,0.071253071253071,0.138411138411135,0.155337155337152,42.6460381293126,38.2166285373541,40.4313333333333,0.232545242865454,36.5625431581407,40.1508000000001,39.6677207022448,-1.64177663980759,-1.57409094754616
"6355253","2014-03-11",22.2341333301136,0.184275184275184,0.146601146601143,0.149877149877146,42.6242892670367,38.1437107329633,40.384,0.332462111542501,42.1566632434554,40.1180000000001,39.6386912752788,-1.54542601925375,-1.56835796188768
"6355252","2014-03-12",21.3401701408064,0.152334152334152,0.135954135954132,0.140322140322137,42.539714822038,38.0749518446287,40.3073333333333,0.349786725508141,41.0548186060439,40.0956000000001,39.5961991052416,-1.47861575284776,-1.55040952007969
"6355251","2014-03-13",20.3630192963107,0.253071253071252,0.196560196560192,0.159705159705156,42.3816134800016,38.0677198533318,40.2246666666667,0.434011662942549,45.8608921920725,40.0884000000001,39.6140392245428,-1.32689456383319,-1.50570652883039
"6355250","2014-03-14",20.5540889273875,0.0436137071651093,0.149673037523501,0.160729123345942,42.224860450759,37.9891395492411,40.107,0.277999222518093,38.5190008300519,40.0412000000001,39.5108339946037,-1.37238469743896,-1.47904216255211
"6355249","2014-03-17",20.8400999889742,0.0121951219512214,0.102960027395857,0.14973108715985,42.0193937414637,37.9309395918696,39.9751666666667,0.264744008825726,37.787014928322,39.9828000000001,39.4080561286566,-1.41321384519036,-1.46587649907976
"6355248","2014-03-18",21.1056816890191,0.0246913580246909,0.0268333957136702,0.0931554868776761,41.7383914542324,37.9172752124343,39.8278333333333,0.251076228390508,38.2921560804223,39.9180000000001,39.3243153115024,-1.42155146603766,-1.45701149247134
"6355247","2014-03-19",21.7628537935813,0,0.0122954933253004,0.0473629721449427,41.545047036973,37.8392862963603,39.6921666666667,0.206178188623884,35.4985240603868,39.8228000000001,39.2037399366354,-1.48556944971604,-1.46272308392028
"6355246","2014-03-20",22.373085033532,0.00515463917525671,0.00994866573331216,0.0163591849240944,41.314094807069,37.7945718595976,39.5543333333333,0.214639356434685,35.6389878648662,39.7036000000001,39.1005746117507,-1.51751561168422,-1.47368158947307
"6355245","2014-03-21",22.3013740605961,0.0463917525773177,0.0171821305841878,0.0131420965476002,40.9328986492197,37.8861013507803,39.4095,0.268226567934677,36.824264576212,39.5908000000001,39.0218313301839,-1.50947422872382,-1.48084011732322
"6355244","2014-03-24",21.9659230450478,0.0670103092783483,0.0395189003436372,0.0222165655537125,40.0471691131148,38.4234975535519,39.2353333333333,0.215459695479069,37.4445855701562,39.4740000000001,38.9589204861594,-1.47816139719726,-1.48030437329803
"6355243","2014-03-25",20.9978941573809,0.314432989690722,0.142611683848792,0.0664375715922059,39.9808845736499,38.4331154263501,39.207,0.497630998994221,44.4885143067947,39.3680000000001,38.9683977546715,-1.33864410798044,-1.45197232023451
"6355242","2014-03-26",20.6631332936156,0.123711340206183,0.168384879725081,0.116838487972503,39.9803845195407,38.4369488137927,39.2086666666667,0.347526312591494,40.6854446120406,39.2720000000001,38.9272780540486,-1.28986673515215,-1.41955120321804
"6355241","2014-03-27",20.6106734321821,0.0309278350515439,0.156357388316146,0.155784650630006,40.0009078139998,38.3747588526668,39.1878333333333,0.136462168765848,38.9414160774056,39.1704000000001,38.8676409801755,-1.27404315949817,-1.39044959447406
"6355240","2014-03-28",19.4112940116152,0.103092783505153,0.0859106529209561,0.136884306987394,39.9927190691036,38.3472809308964,39.17,0.329832557360629,41.057737067204,39.0580000000001,38.8346221828187,-1.21858881577286,-1.35607743873382
"6355239","2014-03-31",18.3893067795706,0.412371134020618,0.182130584192434,0.141466208476512,40.0038882832008,38.3477783834659,39.1758333333333,0.647433854906457,49.1864574240249,38.9468000000001,38.8860058917762,-1.03809947537216,-1.29248184606149
"6355238","2014-04-01",17.4403186355292,0.427835051546391,0.314432989690717,0.194158075601369,39.9608982150034,38.3617684516633,39.1613333333333,0.663839111750861,49.561013132311,38.9688000000001,38.9345384395394,-0.878704447280032,-1.2097263663052
"6355237","2014-04-02",16.9199569268724,0.573248407643311,0.471151531070103,0.322571701651085,39.977903697979,38.358096302021,39.168,0.731714791690632,50.4782767414528,38.9928000000001,38.9859333142675,-0.729485457788603,-1.11367818460188
"6355236","2014-04-03",17.0425498022888,0.766497461928933,0.589193640372875,0.458259387044565,40.0847508700873,38.3049157965794,39.1948333333333,0.999203557242435,57.6977818529842,39.0372000000001,39.1118088723652,-0.479785643328789,-0.986899676347261
"6355235","2014-04-04",16.0351833572088,0.437499999999999,0.592415289857411,0.550920153766796,40.1003109226652,38.2993557440015,39.1998333333333,0.788828213399862,49.979668549979,39.0496000000001,39.1409010227165,-0.401161463198063,-0.869752033717421
"6355234","2014-04-07",14.997299755826,0.346153846153846,0.516717102694256,0.566108677641514,40.1055607230219,38.3017726103114,39.2036666666667,0.566341864559045,47.7991526194957,39.0512000000001,39.1407808863543,-0.373683483262899,-0.770538323626517
"6355233","2014-04-08",14.3450946859188,0.415458937198067,0.3997042611173,0.502945551222989,40.0916305118017,38.3053694881983,39.1985,0.685583179400775,49.6661693813051,39.0456000000001,39.1606767681737,-0.317349725907778,-0.679900604082769
"6355232","2014-04-09",13.7558681901441,0.480198019801982,0.413936934384628,0.443452766065395,40.0921253643379,38.3052079689954,39.1986666666667,0.746980265838603,51.6525288014988,39.0512000000001,39.1992531990839,-0.237043688447824,-0.59132922095578
"6355231","2014-04-10",13.3543417649534,0.188118811881189,0.361258589627076,0.391633261709668,39.9899125634075,38.3364207699259,39.1631666666667,0.540419513176171,44.6544433207419,39.0316000000001,39.154019439206,-0.291481527315207,-0.531359682227666
"6355230","2014-04-11",13.4164918001288,0.0445544554455462,0.237623762376236,0.33760642879598,39.988592551064,38.2957407822694,39.1421666666667,0.266370566348157,41.6662882074618,38.9964000000001,39.0761501806452,-0.390076146155161,-0.503102975013165
"6355229","2014-04-14",12.8957058359891,0.074257425742577,0.102310231023101,0.233730861008804,39.9878700996435,38.2841299003565,39.136,0.355611788638344,42.5232638773273,38.9820000000001,39.0166634898925,-0.450874223410669,-0.492657224692666
"6355228","2014-04-15",12.5575416902073,0.0297029702970308,0.0495049504950478,0.129812981298128,39.988615398073,38.2787179352603,39.1336666666667,0.322406504909851,41.537517121833,38.9456000000001,38.9531083579069,-0.511970813110518,-0.496519942376236
"6355227","2014-04-16",11.9333846855834,0.357142857142858,0.153701084394152,0.1018387553041,40.005954130244,38.3467125364227,39.1763333333333,0.668952691625639,51.0433590985393,38.9424000000001,38.9913605768526,-0.410789168768244,-0.479373787654638
"6355226","2014-04-17",11.8452211181985,0.418367346938775,0.268404391459551,0.157203475449584,40.0314133314181,38.4302533352486,39.2308333333334,0.755543897952438,52.4701096097471,38.9276000000001,39.0405124999389,-0.302332549820195,-0.443965540087749
"6355225","2014-04-21",12.3661535498977,0.620192307692308,0.46523417059131,0.295779882148338,40.1457547272745,38.4549119393922,39.3003333333333,0.968996884679747,57.6731123638391,38.9672000000001,39.1457774999471,-0.118142895339646,-0.378801011138128
"6355224","2014-04-22",12.9053219311595,0.764150943396226,0.600903532675766,0.444847364908876,40.2976385763501,38.45836142365,39.378,1.0157823361607,60.9088028986471,39.0240000000001,39.2810071666208,0.0941860853353793,-0.284203591843427
"6355223","2014-04-23",12.9451652888978,0.660377358490566,0.681573536526363,0.58257041326448,40.4046285418821,38.4483714581179,39.4265,0.881766455713608,57.7398227830461,39.0704000000001,39.368872877738,0.214348354682348,-0.184493202538272
"6355222","2014-04-24",13.2767166843114,0.781659388646288,0.735395896844356,0.672624322015496,40.5616800439823,38.4436532893511,39.5026666666667,0.969304742174082,61.5581275776697,39.1468000000001,39.4970231607063,0.384527172358284,-0.0706891275589607
"6355221","2014-04-25",12.747201334537,0.602620087336246,0.681552278157696,0.699507237176139,40.5882660334621,38.5720672998713,39.5801666666667,0.780974286196012,55.8455538956055,39.2064000000001,39.5534200726121,0.430359297850424,0.0295205575229163
"6355220","2014-04-28",12.4933105172032,0.655021834061136,0.679767103347886,0.698905092783313,40.6483119228047,38.650354743862,39.6493333333333,0.812319005920931,57.1003754705824,39.2676000000001,39.6182973962638,0.485381691460662,0.120692784310466
"6355219","2014-04-29",12.6860315852374,0.772357723577235,0.676666548324868,0.679328643276817,40.7885156417837,38.6308176915496,39.7096666666667,0.92498997596049,61.0717085047297,39.3432000000001,39.7278577434287,0.603074113906676,0.217169050229708
"6355218","2014-04-30",13.3526898915081,0.629496402877698,0.685625320172019,0.680686323948258,40.9118797557472,38.6284535775862,39.7701666666667,0.878013826294049,58.8708160369041,39.3936000000001,39.8028100443048,0.657932745907375,0.305321789365241
"6355217","2014-05-01",14.1752918005379,0.794520547945205,0.732124891466709,0.698138919987865,41.1120763536744,38.5799236463257,39.846,0.97943396007546,64.1568845259601,39.4816000000001,39.9437687050642,0.806976913799784,0.40565281425215
"6355216","2014-05-02",15.170128346669,0.863636363636365,0.762551104819752,0.72676710548616,41.3309089290736,38.4867577375931,39.9088333333333,1.00319640916194,66.8904222973349,39.5904000000001,40.1112662110556,0.981329499402372,0.520788151282194
"6355215","2014-05-05",14.7581628197648,0.672077922077922,0.77674494455316,0.757140313613207,41.4456611361399,38.4873388638601,39.9665,0.806536357391004,58.5463689663838,39.6700000000001,40.1777640495816,0.988822418704238,0.614395004766603
"6355214","2014-05-06",14.3756234019252,0.680672268907563,0.73879551820728,0.759363855860064,41.5661884371259,38.5358115628741,40.051,0.817562261483048,60.778939294703,39.7356000000001,40.2687288429707,1.03268579220732,0.698053162254747
"6355213","2014-05-07",14.6867038693923,0.686440677966101,0.679730289650525,0.731756917470322,41.7135403544385,38.5581263122282,40.1358333333333,0.845702122999119,61.8412763527678,39.8048000000001,40.3635649972413,1.07859739583711,0.77416200897122
"6355212","2014-05-08",17.4657295714992,0.369565217391305,0.578892721421652,0.665806176426486,42.142289661445,38.4150436718883,40.2786666666667,1.09507743953969,66.3412238286503,39.8932000000001,40.5190896642758,1.21007681430125,0.861344970037226
"6355211","2014-05-09",20.0462534377414,0.656319290465632,0.570775061941009,0.609799357671062,42.6293281543467,38.3116718456533,40.4705,1.1012907190967,74.3400347534026,40.0112000000001,40.833877709039,1.56207107889597,1.00149019180897
"6355210","2014-05-12",22.8151346555965,0.760532150776054,0.595472219544326,0.581713334302329,43.1221912496151,38.3051420837183,40.7136666666667,1.10126713130488,76.4392856031482,40.1720000000001,41.1693606811671,1.90722706737969,1.18263756692312
"6355209","2014-05-13",25.6494806606441,0.790356394129979,0.735735945123884,0.63399440886974,43.6279838412486,38.3126828254181,40.9703333333334,1.07437951132161,77.8509428440718,40.3540000000001,41.5054459236782,2.21684633773749,1.38947932108599
"6355208","2014-05-14",28.2951305571523,0.908333333333334,0.819740626079784,0.716982930249332,44.1177304603967,38.3826028729367,41.2501666666667,1.05386736416213,80.0812314634867,40.5536000000001,41.8753864671878,2.54193464540791,1.61997038595037
"6355207","2014-05-15",31.257398982806,0.71764705882353,0.805445595428943,0.786974055544204,44.6684023247227,38.373264341944,41.5208333333333,1.03202434574569,80.1904595064723,40.7480000000001,42.2000016048961,2.76814413963733,1.84960513668777
"6355206","2014-05-16",34.2570277286442,0.861751152073733,0.829243848076861,0.81814335652853,45.4748873716633,38.2227792950034,41.8488333333333,1.09998646195999,84.9126639400737,41.0296000000001,42.6933347242432,3.20614592492967,2.12091329433615
"6355205","2014-05-19",37.0423972783512,0.881720430107527,0.820372880334926,0.81835410794691,46.1617277060994,38.1522722939006,42.157,1.01185336027,85.2228288043429,41.3280000000001,43.1382234276775,3.52786398276843,2.4023034320226
"6355204","2014-05-20",38.5817149952874,0.785137318255251,0.842869633478833,0.830828787296874,46.6182964330464,38.2323702336203,42.4253333333333,0.889700543778172,77.8028151502603,41.6016000000001,43.4491269706538,3.63024539834889,2.64789182528786
"6355203","2014-05-21",39.5174564924908,0.739903069466882,0.802253605943216,0.821832039918992,46.9474819123844,38.4318514209489,42.6896666666667,0.825323337610708,74.3186306415673,41.8676000000001,43.6812433745666,3.61436811880862,2.84118708399201
"6355202","2014-05-22",40.3863593113224,0.768982229402262,0.764674205708127,0.803265815043392,47.2417056548274,38.638627678506,42.9401666666667,0.798323461331382,75.0908900376176,42.1128000000001,43.9064109246244,3.59095233782496,2.9911401347586
"6355201","2014-05-23",41.2900675490406,0.781144781144782,0.763343360004638,0.776757057218661,47.4701681551114,38.960165178222,43.2151666666667,0.785722579252111,75.6601600061347,42.3584000000001,44.1188894680078,3.55286277671933,3.10348466315075
"6355200","2014-05-27",41.8671947357223,0.754295532646048,0.768140847731027,0.765386137814598,47.6291191946505,39.3318808053496,43.4805,0.753035998424154,73.8427512490378,42.5800000000001,44.2857042056068,3.45721091844178,3.17422991420895
"6355199","2014-05-28",42.3190210036456,0.721062618595825,0.752167644128881,0.761217283954849,47.7516035683212,39.7020630983455,43.7268333333333,0.726907362825581,73.259639941548,42.7868000000001,44.4249436448592,3.33438068381682,3.20626006813053
"6355198","2014-05-29",42.2460753967429,0.566326530612245,0.680561560618036,0.733623350825982,47.7781985655568,40.1438014344432,43.961,0.677573506248673,69.8443513285332,42.9932000000001,44.514951158878,3.15809995515643,3.19662804553571
"6355197","2014-05-30",42.1783401903333,0.539130434782609,0.608839861330223,0.680523022025714,47.7957733923937,40.5572266076063,44.1765,0.66488116129998,70.5514437310731,43.1884000000001,44.6076243376943,3.00313138286898,3.15792871300236
"6355196","2014-06-02",42.31232556761,0.57556270096463,0.560339888786491,0.616580436911584,47.8144666892201,40.9665333107799,44.3905,0.679543218669576,72.2701839773013,43.4108000000001,44.7239410926684,2.89502966938857,3.10534890427961
"6355195","2014-06-03",42.0321006436637,0.40873015873016,0.507807764825796,0.55899583831417,47.6666184192304,41.5753815807696,44.621,0.641569496672405,69.5190002323309,43.6216000000001,44.8020822803126,2.74642279891661,3.03356368320701
"6355194","2014-06-04",41.6743625880409,0.3855421686747,0.45661167612316,0.508253109911816,47.4075434778929,42.2707898554405,44.8391666666667,0.604638072896978,68.8548130452704,43.8148000000001,44.8644713096042,2.59120984027117,2.94509291461984
"6355193","2014-06-05",41.9427012645276,0.0294117647058808,0.27456136403691,0.412993601661955,47.0245110354913,43.0801556311754,45.0523333333334,0.610960251246063,66.7931170614527,44.0092000000001,44.902541801657,2.41852619711256,2.83977957111838
"6355192","2014-06-06",42.1918728926938,0.422360248447205,0.279104727275925,0.336759255811998,46.8374936373516,43.6068396959817,45.2221666666667,0.707749476993518,71.6008435103692,44.2060000000001,45.0195362281027,2.36710290774163,2.74524423844303
"6355191","2014-06-09",42.4232465474196,0.635514018691588,0.362428677281554,0.305364922864797,46.6609895070812,44.0640104929188,45.3625,0.696702911555129,71.6008435103692,44.3892000000001,45.120931397689,2.29912833804653,2.65602105836373
"6355190","2014-06-10",41.9676340272665,0.411214953271026,0.489696406803269,0.377076603786916,46.4881818131344,44.4414848535323,45.4648333333333,0.593728254411741,67.2961529776191,44.5864000000001,45.1768072113305,2.17680951363639,2.56017874941826
"6355189","2014-06-11",40.4241494613806,0,0.348909657320868,0.400344913801897,46.3171410198201,44.7358589801799,45.5265,0.329357871291112,60.0109709807302,44.7556000000001,45.1652329164864,1.97660965827888,2.44346493119039
"6355188","2014-06-12",37.8048630150489,0,0.137071651090338,0.325225905071492,46.2546227677232,44.8290438989435,45.5418333333334,-0.06713803613834,52.171548691628,44.8968000000001,45.0778685276216,1.69480203850521,2.29373235265335
"6355187","2014-06-13",35.1456232139464,0,-3.71924713249427e-15,0.161993769470401,46.3071246698062,44.7455419968605,45.5263333333333,-0.11881663396691,50.1054823431943,45.0092000000001,44.979486057272,1.42460302681662,2.119906487486
"6355186","2014-06-16",32.6763291129226,0.0874316939890693,0.0291438979963527,0.055405183028896,46.2535954124762,44.6444045875238,45.449,0.00554859353601224,52.0309123612634,45.0740000000001,44.9155545829691,1.22508309062168,1.94094180811314
"6355185","2014-06-17",31.0101521398532,0,0.0291438979963527,0.0194292653309008,46.2034402312773,44.503893102056,45.3536666666667,-0.0905494760398509,47.808830516741,45.1064000000001,44.8148139719066,0.994313061985586,1.75161605888763
"6355184","2014-06-18",29.4629878077173,0.00497512437811199,0.0308022727890567,0.029696689593921,46.2268951668787,44.3454381664547,45.2861666666667,-0.00111872507364045,47.942629618926,45.1256000000001,44.7288387756524,0.803877734960845,1.56206839410227
"6355183","2014-06-19",27.5827862333128,0.0348258706467662,0.0132669983416223,0.0244043897090108,46.2399377677367,44.2313955655966,45.2356666666667,0.108837361829111,48.7909095005632,45.1236000000001,44.6623269388987,0.656178070725089,1.38089032942684
"6355182","2014-06-20",25.7041570920117,0.064676616915424,0.0348258706467637,0.0262983805924812,46.2295081975618,44.1421584691049,45.1858333333333,0.176224197545955,49.6740576031868,45.1228000000001,44.6126833470456,0.543689362979505,1.21345013613737
"6355181","2014-06-23",24.5451510810858,0,0.0331674958540597,0.0270867882808155,46.2162369387161,44.0124297279506,45.1143333333333,0.0926745940926232,45.7121059504364,45.0472000000001,44.5323255674395,0.399168639860092,1.05059383688191
"6355180","2014-06-24",23.6103021414347,0,0.0215588723051376,0.0298507462686539,46.1951108320992,43.8942225012341,45.0446666666667,0.127100546997244,44.7511392842918,44.9636000000001,44.4533488251142,0.268724000243759,0.894219869554283
"6355179","2014-06-25",22.8468379308745,0,-3.71924713249427e-15,0.0182421227197315,46.1727758029919,43.7658908636748,44.9693333333333,0.116655266068309,44.0389899204497,44.9004000000001,44.3782356484323,0.154360688861743,0.746248033415775
"6355178","2014-06-26",22.5708488068334,0,-3.71924713249427e-15,0.00718629076837699,46.1844387424066,43.60522792426,44.8948333333333,0.0858552317044574,41.0819828355506,44.8400000000001,44.2851375619747,0.0250379289975955,0.602006012532139
"6355177","2014-06-27",22.2543295764891,0.0452488687782812,0.0150829562594233,0.00502765208647223,46.1608314151204,43.4818352515463,44.8213333333333,0.156090088571013,43.0432013103912,44.7764000000001,44.2177858870447,-0.0586920979871675,0.469866390428278
"6355176","2014-06-30",21.5614971042322,0.052356020942409,0.0325349632402263,0.0158726398332156,46.0764346926236,43.3985653073764,44.7375,0.203433382135122,43.0432013103912,44.7076000000001,44.1594144354388,-0.123723231265105,0.351148466089601
"6355175","2014-07-01",20.6953040186501,0.213333333333334,0.103646074351338,0.0504213312836627,45.9844123046179,43.3719210287154,44.6781666666667,0.35397080422088,47.5019507390521,44.6528000000001,44.1381591773803,-0.133525664552603,0.254213639961161
"6355174","2014-07-02",19.8909818677524,0.454545454545456,0.240078269607062,0.125419769066209,45.9006908261006,43.3619758405661,44.6313333333333,0.42463378739892,52.5890074221666,44.6108000000001,44.1570712870629,-0.0890439631534679,0.185562119338235
"6355173","2014-07-03",19.5224971132588,0.601562500000002,0.423147095959593,0.255623813305998,45.794045303017,43.3806213636497,44.5873333333333,0.509391912583992,55.4138787886565,44.5848000000001,44.1961284487878,-0.0224799312007251,0.143953709230443
"6355172","2014-07-07",18.6679130826075,0.46456692913386,0.506891627893102,0.39003899781992,45.5635225896388,43.4681440770279,44.5158333333333,0.474944860948013,51.888551496035,44.5472000000001,44.2059779889495,-0.00260800200592159,0.11464136698317
"6355171","2014-07-08",18.6388253072333,0.63157894736842,0.565902792167424,0.498647172006707,45.3222548479566,43.6047451520435,44.4635,0.711449558352318,57.8276748010571,44.5136000000001,44.2638475904229,0.0797264492236271,0.107658383431261
"6355170","2014-07-09",18.2932923539058,0.559210526315789,0.55178546760602,0.541526629222182,45.095136005209,43.7398639947911,44.4175,0.735500079846131,55.6290496363076,44.4824000000001,44.2993345783665,0.123415147002381,0.110809736145485
"6355169","2014-07-10",17.2026709016467,0.250000000000001,0.480263157894733,0.532650472556059,44.9275529961993,43.8084470038008,44.368,0.409451531828393,47.3460267768465,44.4340000000001,44.267423301251,0.0715480062167817,0.102957390159745
"6355168","2014-07-11",16.2365685903067,0.236842105263157,0.348684210526312,0.460244278675689,44.8793904643427,43.7999428689907,44.3396666666667,0.339732840440846,47.0251529768517,44.3896000000001,44.2371001944175,0.0264675884714904,0.0876594298220939
"6355167","2014-07-14",15.243900163553,0.348684210526316,0.278508771929821,0.369152046783622,44.8586843494903,43.7983156505097,44.3285,0.507701723631127,50.1196080691639,44.3268000000001,44.2334868351618,0.0215001661193037,0.0744275770815358
"6355166","2014-07-15",14.4416465894194,0.230263157894737,0.2719298245614,0.299707602339178,44.8169492149536,43.7947174517131,44.3058333333334,0.396468357627769,46.9897416833981,44.2568000000001,44.2063552571403,-0.015117195306924,0.0565186226038439
"6355165","2014-07-16",14.3258750760885,0.559210526315789,0.379385964912277,0.309941520467833,44.8637691260822,43.7835642072512,44.3236666666667,0.854562355089504,55.3338322122481,44.2164000000001,44.2495078895216,0.0465733942143221,0.0545295769259395
"6355164","2014-07-17",13.3292640161256,0.267605633802813,0.35235977267111,0.334558520714929,44.8661057302282,43.7848942697718,44.3255,0.55040642093913,49.1664061170803,44.1792000000001,44.237573504252,0.027632887291329,0.0491502389990174
"6355163","2014-07-18",12.7216426500613,0.147887323943662,0.324901161354085,0.352215632979158,44.8549699144566,43.7793634188768,44.3171666666667,0.4685448781944,46.5966058541895,44.1584000000001,44.2045637036851,-0.0181998352066226,0.0356802241578894
"6355162","2014-07-21",12.1574228101444,0.30578512396694,0.240426027237802,0.305895653754332,44.8562041924406,43.7791291408928,44.3176666666667,0.687854442494573,52.4249793740534,44.1592000000001,44.2252885431937,0.0128594168464558,0.0311160626956027
"6355161","2014-07-22",11.8915569726099,0.611111111111109,0.354927853007233,0.30675168053304,44.9499548652211,43.7560451347789,44.353,0.977702223870898,57.7885251688885,44.1696000000001,44.2965834041012,0.109111126535777,0.0467150754636375
"6355160","2014-07-23",11.9747831443366,0.63380281690141,0.516899683993149,0.370751188079395,45.0632048513321,43.7304618153346,44.3968333333333,1.00009640418125,59.3909010716869,44.1988000000001,44.3757056168877,0.206501438984841,0.0786723481678782
"6355159","2014-07-24",12.7454930852983,0.743016759776536,0.662643562596348,0.511490366532244,45.262486711317,43.6738466220163,44.4681666666667,1.1327214536737,64.228018817939,44.2448000000001,44.501611534636,0.357360756278791,0.134410029790061
"6355158","2014-07-25",13.4611523161913,0.782122905027933,0.719647493901956,0.633063580163818,45.4101365573583,43.6941967759751,44.5521666666667,1.05625495157563,64.9597387896837,44.2912000000001,44.6200633300179,0.483523719969869,0.204232767826022
"6355157","2014-07-28",12.7351040223349,0.351955307262567,0.625698324022342,0.669329793506882,45.41820396578,43.7864627008867,44.6023333333333,0.684465519427594,52.2892892770532,44.3044000000001,44.6200548860155,0.439029646009348,0.251192143462688
"6355156","2014-07-29",13.6054103474265,0,0.378026070763496,0.574457296229265,45.410251446608,43.8020818867253,44.6061666666667,0.135506925830983,41.3480109092027,44.2900000000001,44.4907142345468,0.225556680269867,0.246065050824123
"6355155","2014-07-30",14.4922592072087,0,0.117318435754186,0.373680943513341,45.4501880072832,43.7124786593835,44.5813333333333,0.0503659261097161,40.7795998901186,44.2760000000001,44.3706190032739,0.0445493101214556,0.20576190268359
"6355154","2014-07-31",15.8534059383174,0,-3.57121739587759e-15,0.165114835505893,45.5298251906577,43.5341748093423,44.532,-0.0405088370016377,36.867960031323,44.2468000000001,44.2092031361707,-0.175715038436486,0.129466514459575
"6355153","2014-08-01",17.258162944769,0,-3.57121739587759e-15,0.0391061452513931,45.6035196622034,43.3261470044633,44.4648333333333,-0.0261179643105282,35.8349138398784,44.2212000000001,44.0533093846813,-0.368734292556805,0.0298263530562988
"6355152","2014-08-04",18.0964247952009,0.124087591240877,0.0413625304136221,0.0137875101378719,45.6250451049214,43.2139548950786,44.4195,0.142139754949447,40.8887711417656,44.2052000000001,43.9635348000571,-0.454667328799907,-0.0670723833149423
"6355151","2014-08-05",21.0221332834624,0,0.0413625304136221,0.0275750202757471,46.0262957549092,42.4663709117575,44.2463333333333,-0.309848557771119,24.4682904393747,44.0816000000001,43.5270634933828,-1.00872171331474,-0.255402249314902
"6355150","2014-08-06",24.0569490959267,0,0.0413625304136221,0.0413625304136224,46.4783727095601,41.5719606237732,44.0251666666667,-0.256527023909376,21.9297693702987,43.9204000000001,43.0527883609318,-1.57053135496302,-0.518428070444526
"6355149","2014-08-07",26.8749923503578,0.00860585197934669,0.00286861732644532,0.0285312260512301,46.7893517213389,40.8509816119945,43.8201666666667,-0.115236156172039,22.5308436752938,43.7500000000001,42.6484165794742,-1.99042701082318,-0.812827858520257
"6355148","2014-08-08",28.9829237305547,0.0619621342512908,0.0235226620768756,0.0225846032723146,46.9382857193481,40.3313809473186,43.6348333333333,0.0194673689298404,26.3185577827864,43.5852000000001,42.3392943688776,-2.24356559711874,-1.09897540623995
"6355147","2014-08-11",30.2766937050042,0.141135972461274,0.0705679862306335,0.0323197552113184,46.9563302289516,39.9680031043817,43.4621666666667,0.130979877248943,31.6582392462695,43.4460000000001,42.1327217863606,-2.33237967022281,-1.34565625903652
"6355146","2014-08-12",31.578897056004,0.115318416523236,0.106138841078597,0.0667431631287021,46.9547904191828,39.6275429141506,43.2911666666667,0.157283766524596,30.8725552281683,43.2860000000001,41.9336922148459,-2.40574974859549,-1.55767495694832
"6355145","2014-08-13",32.7880858819323,0.126516464471404,0.127656951151968,0.101454592820399,46.8519171686524,39.3400828313476,43.096,0.194792701260599,31.603758413466,43.1328000000001,41.7691999195331,-2.42601915263656,-1.73134379608597
"6355144","2014-08-14",33.4502922149769,0.138181818181818,0.126672233058816,0.120156008429794,46.7458704525163,39.0977962141504,42.9218333333333,0.235205673539672,31.9911123110897,42.9996000000001,41.630639930262,-2.40974095348896,-1.86702322756656
"6355143","2014-08-15",34.2819418617528,0.104384133611691,0.123027472088301,0.125785552099695,46.6255779612882,38.8680887053784,42.7468333333333,0.246889755792549,30.3850147564898,42.8568000000001,41.4758879395604,-2.4205838090811,-1.97773534386947
"6355142","2014-08-18",35.0541879623304,0.169411764705882,0.137325905499793,0.129008536882304,46.4343079228487,38.6980254104846,42.5661666666667,0.28549128766332,33.4304691006087,42.7160000000001,41.3711028809524,-2.36013864292921,-2.05421600368142
"6355141","2014-08-19",35.2428249709471,0.275184275184276,0.18299339116728,0.147782256251792,46.1325393331271,38.632460666873,42.3825,0.349001583797303,38.6828176845416,42.5984000000001,41.3336224968254,-2.20912439816089,-2.08519768257731
"6355140","2014-08-20",34.8016974995918,0.312182741116752,0.252259593668967,0.190859630112013,45.7609259333899,38.6394073999434,42.2001666666667,0.389981329639142,40.0828768057306,42.4652000000001,41.3158061639153,-2.04448324533584,-2.07705479512902
"6355139","2014-08-21",34.6250637610991,0.261421319796955,0.282929445365991,0.239394143400746,45.2351491524373,38.7325175142294,41.9838333333333,0.371257251948938,38.3675372486035,42.3388000000001,41.2736986753933,-1.93091383226185,-2.04782660255558
"6355138","2014-08-22",34.4610467182131,0.335766423357665,0.30312349475712,0.279437511264026,44.6009691182277,38.9270308817723,41.764,0.384736143971748,37.4190503139598,42.2148000000001,41.2225388520075,-1.84138821069328,-2.00653892418312
"6355137","2014-08-25",33.4183749426101,0.756345177664976,0.451177640273195,0.345743526798769,44.0439396003447,39.1557270663219,41.5998333333333,0.504125570753378,45.0057296409183,42.0988000000001,41.2542003384065,-1.64005790016708,-1.93324271937992
"6355136","2014-08-26",32.3186120030289,0.792929292929294,0.628346964650641,0.460882699893652,43.6652670466186,39.3050662867147,41.4851666666667,0.555387357898932,46.5958776169964,41.9720000000001,41.298973626619,-1.43843788332578,-1.83428175216909
"6355135","2014-08-27",31.9053147717387,0.502994011976049,0.684089494190103,0.587871366371313,43.2672089128348,39.4594577538318,41.3633333333333,0.5,42.3366824490988,41.8232000000001,41.2817771430698,-1.34515356258754,-1.73645611425278
"6355134","2014-08-28",31.5904674381353,0.424836601307188,0.573586635404174,0.628674364748306,42.8990880938439,39.6095785728228,41.2543333333333,0.505775937074686,41.8462915307542,41.6552000000001,41.2602068573272,-1.26644988235551,-1.64245486787333
"6355133","2014-08-29",31.3416928004017,0.405228758169937,0.444353123817721,0.567343084470666,42.5121331615204,39.7895335051462,41.1508333333333,0.516834400616345,41.5354205797624,41.4832000000001,41.2375126096835,-1.19621618641645,-1.55320713158195
"6355132","2014-09-02",30.1241278617029,0.568627450980395,0.46623093681917,0.494723565347022,41.8706422756496,40.2250243910171,41.0478333333333,0.772744564533929,45.1895976876353,41.3520000000001,41.2511775950591,-1.07924643660033,-1.45841499258563
"6355131","2014-09-03",28.5668125250576,0.718954248366014,0.564270152505445,0.491618071047446,41.9281540305559,40.2025126361108,41.0653333333333,0.875512549760308,48.3858291938826,41.2688000000001,41.2936872490512,-0.930837356484482,-1.3528994653654
"6355130","2014-09-04",27.0497285626969,0.599999999999999,0.629193899782132,0.553231663035582,42.0339375645808,40.2663957687525,41.1501666666667,0.986457143679806,50.5463117069574,41.1944000000001,41.351862282511,-0.773072167400446,-1.23693400577241
"6355129","2014-09-05",25.7476695921386,0.608247422680411,0.642400557015471,0.611954869767683,42.1074892540211,40.3885107459789,41.248,1.00921714799695,52.4229145545156,41.1428000000001,41.4209473115096,-0.613718225474036,-1.11229084971273
"6355128","2014-09-08",24.5386148337631,0.580459770114941,0.59623573093178,0.622610062576461,42.189129375363,40.4722039579704,41.3306666666667,0.95585361992906,52.8359267647919,41.0972000000001,41.4848210033083,-0.476168065520421,-0.985066292874272
"6355127","2014-09-09",23.2500692218229,0.540229885057469,0.57631235928427,0.604982882410507,42.2512051433388,40.5134615233278,41.3823333333333,0.807486862377284,51.7079914494772,41.0352000000001,41.5308448695339,-0.376467442482209,-0.863346522795859
"6355126","2014-09-10",21.848257582868,0.356321839080458,0.492337164750952,0.554961751655668,42.2606941548705,40.5953058451295,41.428,0.659322202384485,46.7904430389364,41.0680000000001,41.528065553596,-0.355489343704929,-0.761775086977673
"6355125","2014-09-11",21.101808519018,0.534482758620689,0.477011494252868,0.515220339429364,42.3182728472495,40.6650604860838,41.4916666666667,0.853856536366256,51.5932315738997,41.1420000000001,41.5669901464499,-0.275517216916998,-0.664523512965538
"6355124","2014-09-12",20.4086772454431,0.68181818181818,0.524207593173106,0.497852084058976,42.4072325399322,40.7141007934012,41.5606666666667,0.92288498899567,56.0074694650989,41.2268000000001,41.6433914602566,-0.14845087935571,-0.561308986243573
"6355123","2014-09-15",19.2459560434406,0.538961038961038,0.585087326466632,0.528768804630869,42.4313351844142,40.8256648155858,41.6285,0.818558534759052,52.4652247027396,41.2904000000001,41.680272598889,-0.0894000683969942,-0.466927202674257
"6355122","2014-09-16",18.1666191758999,0.363636363636361,0.528138528138523,0.54581114925942,42.4085564360217,40.9397768973117,41.6741666666667,0.599288783299218,48.4179319576641,41.3248000000001,41.6762362523705,-0.0937668376335243,-0.392295129666111
"6355121","2014-09-17",17.5012357367242,0.577922077922074,0.493506493506487,0.535577449370548,42.4612515717057,40.9810817616276,41.7211666666667,0.816742937290801,53.1726773684098,41.3784000000001,41.7167380853878,-0.033021627082741,-0.320440429149437
"6355120","2014-09-18",16.883379686061,0.629870129870129,0.523809523809518,0.51515151515151,42.5129349938754,41.0067316727914,41.7598333333334,0.785596679176793,54.2731036982731,41.4328000000001,41.7625063406694,0.0301828117857506,-0.250315780962399
"6355119","2014-09-19",17.5469177364786,0.179347826086956,0.46238001129305,0.493232009536352,42.5292359143333,41.0930974190001,41.8111666666667,0.752180877988807,48.3126195787023,41.4704000000001,41.7501721619135,0.00487766371488618,-0.199277092026942
"6355118","2014-09-22",17.2953834542531,0,0.269739318652358,0.418642951251642,42.4857998100297,41.1932001899703,41.8395,0.374026472848665,43.3204069171309,41.5032000000001,41.6888158736583,-0.0876548887497108,-0.176952651371496
"6355117","2014-09-23",16.3333558900407,0,0.0597826086956485,0.263967312880352,42.5424222737055,41.0772443929612,41.8098333333334,-0.0345198538411449,39.1889803099347,41.5128000000001,41.5876404238372,-0.228293115419143,-0.187220744181025
"6355116","2014-09-24",15.8382724929673,0,-3.50645438610779e-15,0.109840642449335,42.5789952934524,40.9736713732143,41.7763333333334,0.0517000291380975,38.421682226995,41.5036000000001,41.4906217006589,-0.349685503350539,-0.219713696014928
"6355115","2014-09-25",14.8449602581705,0,-3.50645438610779e-15,0.0199275362318807,42.6369940375387,40.8620059624614,41.7495,-0.019909596177518,35.5318761688632,41.4792000000001,41.3705388072377,-0.493205461850532,-0.274412049182049
"6355114","2014-09-26",13.9225988972879,0.0077220077220062,0.00257400257399856,0.000858000857997435,42.6895531701236,40.7591134965431,41.7243333333334,0.00563939065584738,35.9163708485687,41.4636000000001,41.2691336329394,-0.596676060967061,-0.338864851539051
"6355113","2014-09-29",13.0176973421304,0,0.00257400257399856,0.00171600171599812,42.7491252366768,40.6438747633232,41.6965,-0.00184052366797591,34.6908856678787,41.4480000000001,41.1665824818808,-0.692661794531779,-0.409624240137597
"6355112","2014-09-30",12.3956721583036,0.0223880597014934,0.010036689141163,0.00506156476305363,42.7884631153613,40.5292035513054,41.6588333333334,0.0947787431929641,35.9741444810028,41.4120000000001,41.08570481763,-0.74872048038227,-0.477443488186531
"6355111","2014-10-01",12.7619228677857,0,0.00746268656716096,0.00669112609410777,42.9134874823257,40.2328458510077,41.5731666666667,-0.0868619841933781,27.6772472101076,41.3368000000001,40.9022775086127,-0.950098793113274,-0.57197454917188
"6355110","2014-10-02",13.3128984710487,0,0.00746268656716096,0.0083206874251619,42.9929281342014,39.9317385324653,41.4623333333333,-0.0452128803303849,26.589497054066,41.2728000000001,40.7246405074643,-1.12575841768608,-0.682731322874721
"6355109","2014-10-03",13.2085302030572,0.157894736842105,0.0526315789473649,0.0225189840272292,42.952783893965,39.786216106035,41.3695,0.151725967295873,37.3801937235186,41.2336000000001,40.6466884398024,-1.13965564275653,-0.774116186851083
"6355108","2014-10-06",12.558818009791,0.121883656509695,0.0932594644505965,0.0511179099883744,42.8910035460954,39.6636631205713,41.2773333333333,0.187875092021085,36.0776778018039,41.1904000000001,40.5617966478288,-1.16344498114542,-0.851981945709951
"6355107","2014-10-07",12.9972665915429,0,0.0932594644505965,0.0797168359495196,42.8965964126056,39.4310702540611,41.1638333333334,0.0622117400770323,30.3779441678407,41.1112000000001,40.4015570947849,-1.29754436481458,-0.941094429530878
"6355106","2014-10-08",14.1225831944098,0,0.0406278855032281,0.0757156048014739,42.9764593928668,39.0848739404665,41.0306666666667,-0.0141006644047087,26.4943908105314,41.0004000000001,40.1880161488136,-1.50013043771723,-1.05290163116815
"6355105","2014-10-09",15.4958683916339,0,-3.49720252756924e-15,0.0446291166512739,42.9675112254329,38.7731554412338,40.8703333333333,0.0230892570275126,24.7311566944551,40.8716000000001,39.9642806623051,-1.70158929420061,-1.18263916377464
"6355104","2014-10-10",17.1296732643097,0,-3.49720252756924e-15,0.0135426285010739,42.9247594063891,38.4309072602776,40.6778333333333,-0.000943643331607706,22.8141406030758,40.7236000000001,39.7250432406644,-1.91051607943784,-1.32821454690728
"6355103","2014-10-13",18.461664133746,0,-3.49720252756924e-15,-3.25434124093249e-15,42.8358422237859,38.1491577762141,40.4925,0.0606346683456448,22.6473293494625,40.5732000000001,39.5137041419092,-2.06095882882613,-1.47476340329105
"6355102","2014-10-14",18.405741263354,0.10759493670886,0.0358649789029497,0.0119549929676478,42.7073387885565,37.9819945447768,40.3446666666667,0.186513139167941,28.9847856852591,40.4392000000001,39.375876922988,-2.08830769347494,-1.59747226132783
"6355101","2014-10-15",18.0857127366199,0.161616161616161,0.0897370327750033,0.0418673372259834,42.456776731508,37.9138899351587,40.1853333333333,0.23981301912478,31.4743681602601,40.3236000000001,39.2750933332562,-2.05843886046179,-1.68966558115462
"6355100","2014-10-16",17.7885433903669,0.262626262626263,0.177279120317091,0.100960377331682,42.1485250662132,37.9208082671202,40.0346666666667,0.297053577433552,36.6032207116499,40.2076000000001,39.2277475554887,-1.95104291175351,-1.7419410472744
"6355099","2014-10-17",17.4064966664076,0.370370370370371,0.264870931537595,0.177295694876563,41.7820561832417,38.0106104834249,39.8963333333333,0.370164731076345,41.6223372047695,40.0916000000001,39.2293812147569,-1.77965520536222,-1.74948387889196
"6355098","2014-10-20",16.7479126036499,0.479245283018867,0.370747305338497,0.270965785731061,41.4935512586907,38.088115407976,39.7908333333333,0.434173868927928,44.1519370245847,39.9912000000001,39.253463719456,-1.59047634769865,-1.7176823726533
"6355097","2014-10-21",16.6679850260043,0.6309963099631,0.493537321117442,0.376385185997845,41.3665327509477,38.1308005823857,39.7486666666667,0.634333326747447,50.1703426816687,39.9192000000001,39.3330018901952,-1.33471796338616,-1.64108949079987
"6355096","2014-10-22",16.8205557730807,0.787456445993031,0.632566012991662,0.498950213149201,41.2814272010537,38.1705727989463,39.726,0.782023270757698,56.483187523646,39.8560000000001,39.4752683048358,-1.00788783958183,-1.51444916055626
"6355095","2014-10-23",17.3205750752001,0.833865814696485,0.750772856884202,0.625625396997769,41.3004474047959,38.1612192618708,39.7308333333333,0.879870447672785,59.9595584640981,39.8036000000001,39.6452325308577,-0.670302941094758,-1.34561991666396
"6355094","2014-10-24",17.6074346248581,0.808306709265175,0.809876323318227,0.731071731064697,41.3160270923253,38.1539729076747,39.735,0.853673045440515,58.8032414211441,39.7636000000001,39.78186819341,-0.414907973325274,-1.15947752799623
"6355093","2014-10-27",18.0785169834078,0.754658385093168,0.798943636351606,0.786530938851345,41.3498878698381,38.1394454634953,39.7446666666667,0.839101758846626,57.3153069018896,39.7348000000001,39.8869524342887,-0.230524407761457,-0.973686903949272
"6355092","2014-10-28",19.4769266485628,0.839598997493734,0.800854697284022,0.803224885651285,41.5633521585345,38.0219811747989,39.7926666666667,1.03952739643537,65.871369054157,39.7572000000001,40.1006921097169,0.0993491492213616,-0.759079693315145
"6355091","2014-10-29",21.3527429801479,0.725490196078432,0.773249192888441,0.79101584217469,41.8798457956564,37.894487537677,39.8871666666667,1.0025478774269,65.5636941776046,39.7816000000001,40.283266495088,0.351320804927013,-0.536999593666713
"6355090","2014-10-30",22.7209302125769,0.690631808278868,0.751907000617008,0.77533696359649,42.1015706765779,37.8520959900888,39.9768333333334,0.878831138458522,63.0274012189479,39.8104000000001,40.4201642957429,0.512164039564289,-0.327166867020513
"6355089","2014-10-31",24.4737381263553,0.83764705882353,0.751256354393606,0.758804182633018,42.419465240479,37.732534759521,40.076,0.96384302238586,68.9325308606189,39.8676000000001,40.6361423896439,0.77491276088939,-0.106750941438532
"6355088","2014-11-03",26.2594964460062,0.820754716981133,0.783011194694507,0.76205818323504,42.7253874385798,37.6349458947536,40.1801666666667,0.926911231168606,69.3656144289873,39.9316000000001,40.831323404358,0.982051749060253,0.111009596661225
"6355087","2014-11-04",29.1048453958064,0.68,0.77946725860155,0.771244935896555,43.3219153436715,37.4377513229952,40.3798333333334,1.05405774808635,74.9961389068194,40.0292000000001,41.1204802837769,1.30619859540329,0.350047396409637
"6355086","2014-11-05",31.7469551349066,0.690140845070422,0.730298520683848,0.764258991326635,43.7609142745053,37.4410857254948,40.601,0.951330809247962,75.8460811903921,40.1672000000001,41.39241624594,1.57309344553309,0.594656606234328
"6355085","2014-11-06",34.2615463923236,0.73502722323049,0.701722689433633,0.737162822906344,44.17015040565,37.5148495943501,40.8425,0.929357001436853,77.3974857549589,40.3228000000001,41.6680940798147,1.81887478914955,0.839500242817372
"6355084","2014-11-07",36.6590677407774,0.769230769230769,0.731466279177223,0.721162496431568,44.5124176722479,37.7239156610855,41.1181666666667,0.915678352704814,78.8140822752896,40.4672000000001,41.9456815358394,2.04290209797438,1.08018061384877
"6355083","2014-11-10",38.8366733048824,0.736725663716813,0.746994552059354,0.726727840223404,44.7618898544192,38.0234434789142,41.3926666666667,0.87555640063649,78.4489140035771,40.6160000000001,42.1835906643941,2.18850227214571,1.30184494550816
"6355082","2014-11-11",40.9332392498036,0.76551724137931,0.757157891442294,0.745206240892957,45.0080626867848,38.2996039798819,41.6538333333334,0.86265160741467,79.325758164597,40.7976000000001,42.4124452424749,2.30730400672277,1.50293675775108
"6355081","2014-11-12",42.8255339949434,0.760919540229885,0.754387481775332,0.752846641758994,45.1808715819736,38.6301284180265,41.9055,0.825332044522184,78.9189400751482,41.0008000000001,42.6081192101449,2.36828462535135,1.67600633127113
"6355080","2014-11-13",43.5421697352348,0.671264367816092,0.732567049808425,0.748037474342017,45.2431492214353,39.0205174452314,42.1318333333334,0.752545877133462,71.2459362140262,41.2000000000001,42.725703315459,2.31496396482889,1.80379785798268
"6355079","2014-11-14",44.2554668178182,0.664819944598338,0.699001284214768,0.728651938599509,45.2875775541512,39.4224224458489,42.355,0.758305189210672,72.849564577502,41.4216000000001,42.8569428733978,2.28698562386804,1.90043541115976
"6355078","2014-11-17",44.5397311420201,0.626038781163434,0.654041031192618,0.695203121738604,45.2534513166258,39.8712153500409,42.5623333333334,0.713851642169878,70.1677301404058,41.6388000000001,42.9520171569447,2.21227788086098,1.9628039051
"6355077","2014-11-18",44.9632006652568,0.673130193905817,0.654662973222526,0.669235096209971,45.2617509597431,40.2329157069236,42.7473333333334,0.725897239199285,71.5379093379217,41.8492000000001,43.0570815360188,2.15949084455174,2.00214129299035
"6355076","2014-11-19",44.8525145118114,0.527777777777778,0.608982250949006,0.63922875178805,45.2437592732427,40.5595740600907,42.9016666666667,0.668296789614525,67.9777757998407,42.0468000000001,43.1241373312163,2.05975736254409,2.0136645069011
"6355075","2014-11-20",44.9644456750504,0.514184397163119,0.571697456282234,0.611780893484589,45.2262706352321,40.859729364768,43.043,0.661913046552931,67.7759772638997,42.2320000000001,43.1809190203874,1.95603630337202,2.00213886619528
"6355074","2014-11-21",45.5556124434624,0.604166666666664,0.548709613869184,0.576463107033475,45.2208278932706,41.2125054400629,43.2166666666667,0.776923828598586,73.0346043672758,42.4288000000001,43.3114631510024,1.96452582759323,1.99461625847487
"6355073","2014-11-24",46.1224142417578,0.776315789473687,0.63155561776782,0.583987562639746,45.1456459444488,41.6496873888846,43.3976666666667,0.801967729275974,74.3640465304843,42.6260000000001,43.4486013975354,1.98099078413674,1.99189116360725
"6355072","2014-11-25",47.4533811287317,0.463519313304721,0.614667256481687,0.598310829372897,45.2519399332522,41.8687267334146,43.5603333333334,0.912724014377901,75.7921542572766,42.8136000000001,43.5941212111974,2.00699407770395,1.99491174642659
"6355071","2014-11-26",48.6892789523504,0.656521739130435,0.632118947302944,0.626113940517484,45.3635983787967,42.0814016212034,43.7225,0.929844228585438,78.7274007170577,42.9976000000001,43.7815717163711,2.08724889489997,2.01337917612126
"6355070","2014-11-28",50.6367109175798,0.549333333333332,0.556458128589492,0.601081444124708,45.5978199244789,42.2998467421878,43.9488333333334,1.15631218944488,81.6001186949287,43.1896000000001,44.0173621541883,2.22441809636735,2.05558696017048
"6355069","2014-12-01",52.1261560790471,0.511999999999999,0.572618357487918,0.587065144460118,45.7887357970589,42.4712642029412,44.13,1.02550060607134,78.6872116974502,43.3792000000001,44.2030472002965,2.27918476757556,2.1003065216515
"6355068","2014-12-02",53.0934876003355,0.463999999999999,0.508444444444439,0.54584031017395,45.8238451349339,42.7451548650662,44.2845,0.876404649949766,74.981113951854,43.5656000000001,44.339974240257,2.26239050127164,2.13272331757553
"6355067","2014-12-03",54.054790539413,0.498666666666666,0.491555555555551,0.524206119162637,45.987824031785,42.7745093015484,44.3811666666667,0.871008371962006,75.8652341913725,43.7204000000001,44.4759776748894,2.24585866995235,2.15535038805089
"6355066","2014-12-04",54.5552693114547,0.447154471544716,0.46994037940379,0.489980126467927,46.0800353103456,42.8742980229879,44.4771666666667,0.779550875925107,72.4707974653558,43.8696000000001,44.5725139849041,2.17789832815118,2.15985997607095
"6355065","2014-12-05",55.1550419769606,0.514905149051491,0.486908762420954,0.482801565793432,46.2074253492351,42.938574650765,44.573,0.819276333775374,74.3983143249671,44.0352000000001,44.6895121202502,2.14390355005962,2.15666869086868
"6355064","2014-12-08",54.6754717724139,0.398373983739839,0.453477868112012,0.470109003312252,46.2691351258572,43.0061982074762,44.6376666666667,0.682555373139788,65.857088375103,44.1544000000001,44.7335771708835,2.01568989612506,2.12847293191996
"6355063","2014-12-09",52.8876975817919,0.222222222222222,0.37850045167118,0.439629027401383,46.2728815041234,43.07645182921,44.6746666666667,0.496454377387895,55.4870907988021,44.2452000000001,44.6851002147657,1.77636161536769,2.05805066860951
"6355062","2014-12-10",50.7837485095525,0.157181571815719,0.259259259259256,0.363745859680817,46.2706962515661,43.1046370817674,44.6876666666667,0.392295127250663,52.2176319882022,44.2904000000001,44.611086852797,1.52582848761378,1.95160623241036
"6355061","2014-12-11",49.2831938843503,0.0482315112540188,0.142545101763983,0.260101604231474,46.2708779723615,43.1594553609719,44.7151666666667,0.45870056368117,54.040373588941,44.3352000000001,44.5669419390907,1.33903552757173,1.82909209144263
"6355060","2014-12-12",47.850604278731,0.0418006430868153,0.0824045753855143,0.161402978802918,46.2457584014741,43.2709082651927,44.7583333333334,0.43557098412147,53.7459810146731,44.3672000000001,44.526016347212,1.17389312836604,1.69805229882732
"6355059","2014-12-15",47.2913607411162,0.209003215434083,0.0996784565916355,0.108209377913711,46.2632960942934,43.38403723904,44.8236666666667,0.622600994820552,59.8675434583388,44.4084000000001,44.5598808342504,1.12432182257318,1.58330620357649
"6355058","2014-12-16",45.7123634951819,0.0257234726688097,0.0921757770632325,0.091419603013461,46.2217296311347,43.523937035532,44.8728333333334,0.434699699690087,51.7781568492129,44.4276000000001,44.5132300563503,0.970526419203721,1.46075024670194
"6355057","2014-12-17",43.4165120792808,0,0.0782422293676274,0.0900321543408321,46.4343324021867,43.1826675978134,44.8085000000001,-0.180215663791239,32.9409054961719,44.3504000000001,44.1741327155036,0.435604614335472,1.25572112022864
"6355056","2014-12-18",41.2846500502298,0.29192546583851,0.105882979502436,0.0921003286444324,46.452131096051,43.1465355706157,44.7993333333334,0.10894590499045,46.2072303882511,44.3304000000001,44.0682483534365,0.264964559818881,1.05756980814669
"6355055","2014-12-19",38.6150421867852,0.409429280397022,0.23378491541184,0.139303374760635,46.4443054367184,43.1653612299483,44.8048333333334,0.211848304285701,48.0896804287276,44.3356000000001,44.0084819063116,0.17160836420036,0.880377519357425
"6355054","2014-12-22",35.9088537653474,0.43424317617866,0.378532640804727,0.239400178573002,46.4533199462312,43.1230133871022,44.7881666666667,0.261333282921181,48.8922082770669,44.3360000000001,43.9700176521367,0.114617483053636,0.727225512096667
"6355053","2014-12-23",33.7266015598772,0.609999999999999,0.484557485525223,0.365625013913931,46.4555505009884,43.133782832345,44.7946666666667,0.436379255139269,54.1584357233586,44.3696000000001,44.0286819651852,0.193897958173661,0.620560001312066
"6355052","2014-12-24",31.9185051432588,0.68,0.574747725392883,0.479279283907611,46.448032542871,43.1293007904625,44.7886666666667,0.514463356360488,56.1337518570243,44.4076000000001,44.1168577031605,0.304347614264255,0.557317523902504
"6355051","2014-12-26",30.15961012938,0.665000000000001,0.651666666666663,0.570323959194924,46.4224799464024,43.118853386931,44.7706666666667,0.500807193736524,55.5810614573399,44.4504000000001,44.1852766760724,0.376310840555449,0.521116187233093
"6355050","2014-12-29",28.226154457006,0.609999999999999,0.651666666666663,0.626027019575403,46.226631174441,43.1587021588925,44.6926666666667,0.454583912265498,53.5010013967764,44.4848000000001,44.2152397859294,0.388547066560307,0.494602363098536
"6355049","2014-12-30",26.2348669191238,0.565,0.61333333333333,0.638888888888886,46.0585242606649,43.1834757393352,44.621,0.437044540759147,51.7931279492123,44.4876000000001,44.2172078144722,0.36119270171322,0.467920430821473
"6355048","2014-12-31",24.7790362283996,0.66,0.611666666666663,0.625555555555552,45.979605144053,43.198394855947,44.589,0.577064770776198,55.0550281065374,44.4984000000001,44.2695801058759,0.40416032565922,0.455168409789022
"6355047","2015-01-02",23.6863316388946,0.450000000000001,0.55833333333333,0.594444444444441,45.8437410217794,43.194592311554,44.5191666666667,0.370713184700418,47.4170771758385,44.4676000000001,44.2029694250924,0.281703789669407,0.420475485765099
"6355046","2015-01-05",23.5532132719655,0.237500000000001,0.449166666666664,0.539722222222219,45.7689544538398,43.0727122128269,44.4208333333334,0.123859217380367,41.1898537470889,44.3844000000001,44.0319068350801,0.0286020713263335,0.342100802877346
"6355045","2015-01-06",23.8817193737766,0.118918918918918,0.268806306306303,0.425435435435433,45.6982848874386,42.8543817792282,44.2763333333334,-0.0449083909338445,37.9679487092105,44.2588000000001,43.8156525904028,-0.263633441663835,0.22095395396911
"6355044","2015-01-07",24.3890364115567,0.0621118012422369,0.139510240053715,0.285827737675561,45.7131927987019,42.5508072012982,44.132,-0.0645527018587153,36.5202378489882,44.1292000000001,43.5962322450157,-0.534823799037876,0.0697984033677127
"6355043","2015-01-08",23.3830325623684,0.221854304635762,0.134295008265636,0.180870518208552,45.6732261034909,42.4391072298425,44.0561666666667,0.218779662859446,43.0487767897958,44.0336000000001,43.4954012790136,-0.619391734400887,-0.0680396241860072
"6355042","2015-01-09",22.4488861309794,0.341059602649007,0.208341902842332,0.160715717053895,45.6452067513158,42.369459915351,44.0073333333334,0.305438770073434,46.2476049417655,43.9472000000001,43.4560144418118,-0.612702264311882,-0.176972152211182
"6355041","2015-01-12",21.8870891907229,0.24503311258278,0.26931567328918,0.203984194799049,45.5895169423677,42.2858163909657,43.9376666666667,0.274697094439288,44.0988103263189,43.8556000000001,43.3832125162369,-0.653901742941088,-0.272358070357163
"6355040","2015-01-13",20.451019585386,0.3841059602649,0.323399558498892,0.267019044876802,45.5234857756236,42.2661808910432,43.8948333333334,0.443255746734563,47.8760857909613,43.7708000000001,43.376117514072,-0.601537125046492,-0.338193881295029
"6355039","2015-01-14",19.6452532920622,0.225165562913907,0.284768211920526,0.2924944812362,45.3421034309262,42.2408965690739,43.7915,0.28024684248474,44.2002276424097,43.6840000000001,43.3059685121957,-0.642093662041532,-0.39897383744433
"6355038","2015-01-15",18.767622674688,0.258278145695365,0.289183222958054,0.299116997792491,45.229129739408,42.2052035939254,43.7171666666667,0.332282059062734,45.1451552618244,43.6272000000001,43.258506043903,-0.6482693840829,-0.448832946772044
"6355037","2015-01-16",18.3106769262433,0.152317880794702,0.211920529801322,0.261957321559967,45.2054486496389,42.2578846836946,43.7316666666667,0.213322591209882,42.6558433864752,43.5672000000001,43.1747052380492,-0.704963659703761,-0.500059089358387
"6355036","2015-01-20",17.3797895986103,0.281456953642385,0.230684326710814,0.243929359823397,45.2044125479408,42.2352541187259,43.7198333333334,0.348498036040362,46.5258471315361,43.5168000000001,43.154077872976,-0.669403753798126,-0.533928022246335
"6355035","2015-01-21",16.515394222951,0.311258278145695,0.248344370860924,0.230316409124354,45.1858572795015,42.1988093871652,43.6923333333334,0.372002945009926,47.4079213679042,43.4708000000001,43.1482008232459,-0.617284700767229,-0.550599357950514
"6355034","2015-01-22",16.262265575596,0.468085106382979,0.353600112723683,0.277542936765141,45.1793051143221,42.1976948856779,43.6885,0.576524645802008,51.0773383896376,43.4192000000001,43.1937740468131,-0.499159439981067,-0.540311374356624
"6355033","2015-01-23",16.0272175459091,0.703846153846153,0.494396512791605,0.365446998792071,45.1226129543262,42.2157203790072,43.6691666666667,0.681465254161341,55.5589321221062,43.4108000000001,43.3012708405713,-0.306900477922945,-0.493629195069889
"6355032","2015-01-26",16.7239370218718,0.711711711711711,0.627880990646944,0.491959205387411,45.1275588554205,42.2131078112462,43.6703333333334,0.90819579695622,59.7620057588547,43.5136000000001,43.4664347284952,-0.0538784736932807,-0.405679050794567
"6355031","2015-01-27",16.6776613131797,0.567567567567568,0.661041811041807,0.594439771493453,45.0617082440468,42.2422917559533,43.652,0.767667678703601,54.800649856212,43.5408000000001,43.5455767646958,0.0564425049317308,-0.313254739649307
"6355030","2015-01-28",16.9955429139869,0.550522648083624,0.609933975787631,0.632952259158794,45.07570480639,42.2359618602767,43.6558333333334,0.843047481815201,56.0291488212764,43.5644000000001,43.634166529403,0.169480751872331,-0.21670764134498
"6355029","2015-01-29",16.9978028025676,0.480836236933797,0.532975484194993,0.601317090341477,45.0443687805715,42.2459645527619,43.6451666666667,0.707796998811403,53.9246282092923,43.5760000000001,43.684277658816,0.219409031393503,-0.129484306797283
"6355028","2015-01-30",16.0181462736187,0.226480836236933,0.419279907084781,0.520729789022468,44.8914370916574,42.296896241676,43.5941666666667,0.572909496363481,46.987231031105,43.5308000000001,43.6303739709738,0.122703989421691,-0.0790466475534885
"6355027","2015-02-02",15.1084652110232,0.261324041811847,0.322880371660856,0.425045254313543,44.8384698089401,42.2981968577267,43.5683333333334,0.53608536107226,47.9746160132206,43.4784000000001,43.596990774844,0.0637593948846771,-0.0504854390658554
"6355026","2015-02-03",14.6067726417251,0.442508710801393,0.310104529616721,0.350754936120786,44.8913113840304,42.3146886159697,43.603,0.692888150396196,52.8884599253452,43.4492000000001,43.6373920048648,0.111933375326112,-0.0180016761874619
"6355025","2015-02-04",13.6702053629919,0.32404181184669,0.342624854819973,0.325203252032517,44.8831307317554,42.431202601578,43.6571666666667,0.562331897681779,49.5903616316988,43.4152000000001,43.6270730708828,0.08623613891654,0.00284588683333847
"6355024","2015-02-05",13.4201075235383,0.550522648083624,0.439024390243899,0.363917924893531,44.8695150136725,42.6511516529942,43.7603333333334,0.792858545260134,55.325940023064,43.4144000000001,43.7047966614318,0.183841974170251,0.039045104300721
"6355023","2015-02-06",13.7436470971473,0.661290322580643,0.511951594170316,0.431200279744729,45.0191292288592,42.6745374378076,43.8468333333334,0.939237797071438,58.8192841534034,43.4164000000001,43.8321571065742,0.339947629891424,0.0992256094188616
"6355022","2015-02-09",13.8445879880559,0.594142259414226,0.601985076692828,0.517653687035681,45.1172828296696,42.7077171703304,43.9125,0.819905510914652,57.4223296023557,43.4468000000001,43.9252028256977,0.434313264992237,0.166243140533537
"6355021","2015-02-10",14.0890099605909,0.545045045045046,0.600159209013302,0.571365293292148,45.1917404449219,42.7839262217449,43.9878333333334,0.795773095702942,56.9739557905622,43.5096000000001,44.0005091156046,0.495779402478025,0.232150392922434
"6355020","2015-02-11",14.4930938210916,0.729729729729729,0.622972344729663,0.608372210145264,45.3306678302662,42.7763321697339,44.0535,0.879681240926344,60.388185350711,43.6092000000001,44.120441233524,0.612204512693726,0.308161216876693
"6355019","2015-02-12",15.0591090746938,0.738738738738739,0.671171171171168,0.631434241638044,45.4287373081315,42.8762626918686,44.1525,0.867290626134627,60.5526263906588,43.7192000000001,44.2270490690542,0.699587730267415,0.386446519554837
"6355018","2015-02-13",16.0716139102169,0.763565891472868,0.744011453313775,0.679384989738202,45.5834647726877,42.9458685606458,44.2646666666667,0.950662865392278,63.2625852355557,43.8156000000001,44.3634425265136,0.818995359776986,0.472956287599267
"6355017","2015-02-17",17.2350675203114,0.706093189964157,0.736132606725251,0.717105077070065,45.6640882173991,43.128911782601,44.3965,0.944479255118602,63.2625852355557,43.8976000000001,44.4816501896451,0.90260532147024,0.558886094373461
"6355016","2015-02-18",18.3154173011135,0.734767025089605,0.73480870217554,0.738317587404856,45.7482276375031,43.2661056958303,44.5071666666667,0.893279093294168,63.9587151248434,43.9944000000001,44.5947634976924,0.971638522142837,0.641436579927337
"6355015","2015-02-19",19.7284684462373,0.754325259515571,0.731728491523107,0.734223266807967,45.8428926175377,43.4101073824624,44.6265,0.93989360476102,65.115499070313,44.0796000000001,44.7101283646668,1.03736673951054,0.720622611843977
"6355014","2015-02-20",20.5664998993306,0.670250896057347,0.719781060220837,0.728772751306495,45.9125052104694,43.4868281228641,44.6996666666667,0.780471517338251,61.6719949252208,44.1756000000001,44.7821112493779,1.03922329864847,0.784342749204876
"6355013","2015-02-23",21.1631025218274,0.616858237547893,0.680478131040267,0.710662560928071,45.9757574232673,43.5369092433995,44.7563333333334,0.735220327120861,60.3623966717686,44.2644000000001,44.8338297494608,1.01440917501974,0.830356034367848
"6355012","2015-02-24",23.7234327012045,0.415217391304348,0.567442174969859,0.655900455410321,46.2390685282542,43.4242648050792,44.8316666666667,1.04533109621885,63.4930939093159,44.3780000000001,44.9186524495327,1.0365243369886,0.871589694891998
"6355011","2015-02-25",26.2635953668996,0.768691588785046,0.600255739212425,0.616058681740851,46.9068983123833,43.0987683542835,45.0028333333334,1.242402884821,76.8293001067816,44.5572000000001,45.2628321229284,1.40004146204955,0.977280048323509
"6355010","2015-02-26",28.8664610178482,0.728476821192052,0.637461933760479,0.601719949314255,47.5296494203294,42.8330172463373,45.1813333333334,1.14273005737658,78.0622246588822,44.7444000000001,45.5997878398713,1.71595049621391,1.12501413790159
"6355009","2015-02-27",31.283407693729,0.823399558498895,0.773522656158661,0.670413443043855,48.0963355683654,42.689997764968,45.3931666666667,1.06788287715526,79.7802452820371,44.9336000000001,45.9491494612218,2.01489325908508,1.30298996213829
"6355008","2015-03-02",32.9591722341842,0.761589403973509,0.771155261221482,0.727379950380208,48.468375143196,42.7579581901375,45.6131666666667,0.950083888408541,75.6270059844909,45.0912000000001,46.2145961997255,2.17421010037744,1.47723398978612
"6355007","2015-03-03",34.0758858239223,0.684466019417475,0.75648499396329,0.767054303781145,48.6900161802435,42.9559838197566,45.8230000000001,0.85466606025466,72.4362268710218,45.2184000000001,46.4153167064288,2.23425078528556,1.62863734888601
"6355006","2015-03-04",34.6961688716624,0.63170731707317,0.692587580154714,0.740075945113163,48.8673116622205,43.139021671113,46.0031666666667,0.796801780165796,69.4251758206078,45.3564000000001,46.5612744789049,2.21853857034444,1.74661759317769
"6355005","2015-03-05",35.2803604891152,0.646753246753245,0.654308861081293,0.701127145066433,48.9836689043386,43.4223310956615,46.2030000000001,0.788359873439888,70.3725324050597,45.4944000000001,46.707771215051,2.20566736284782,1.83842754711172
"6355004","2015-03-06",34.8445650593072,0.519480519480519,0.599313694435641,0.64873671189055,49.0505439695428,43.6534560304573,46.3520000000001,0.692325937934565,63.4556655263654,45.6208000000001,46.7694017197108,2.08629985095219,1.88800200787981
"6355003","2015-03-09",34.6444261320942,0.623376623376623,0.596536796536792,0.61671978401791,49.166765517277,43.8219011493897,46.4943333333334,0.729940353095573,66.3622427403131,45.7924000000001,46.8761481570827,2.03676620472024,1.9177548472479
"6355002","2015-03-10",33.7554822607917,0.527272727272727,0.556709956709953,0.584186815894129,49.1863532117284,44.0663134549383,46.6263333333334,0.636131755437172,61.4903762947474,45.9452000000001,46.919328402805,1.91150231705839,1.91650434121
"6355001","2015-03-11",33.4143432923444,0.493506493506493,0.548051948051944,0.567099567099564,49.1800364799436,44.3409635200565,46.7605000000001,0.628709225609156,59.8284625718134,46.0720000000001,46.9394179490977,1.7694124212595,1.8870859572199
"6355000","2015-03-12",33.4686496353604,0.638961038961039,0.55324675324675,0.552669552669549,49.2313491790221,44.5753174876447,46.9033333333334,0.709763749777587,64.304046159685,46.2348000000001,47.0314955558847,1.73282269017516,1.85623330381095
"6354999","2015-03-13",33.7018825723936,0.673239436619718,0.60190232302908,0.567733674775925,49.279970928592,44.8273624047414,47.0536666666667,0.734244711703954,65.9804707092967,46.3808000000001,47.1419628151,1.7229006299821,1.82956676904518
"6354998","2015-03-16",34.4998413598802,0.516129032258063,0.609443169279603,0.588197415185145,49.3967849495909,45.0192150504092,47.208,0.804278408038424,68.2821240025896,46.5220000000001,47.28170110642,1.75060042218387,1.81377349967292
"6354997","2015-03-17",35.2408030911177,0.663594470046081,0.617654312974617,0.609666601761101,49.5010936487398,45.2309063512603,47.366,0.808495445647275,70.3752124062424,46.6812000000001,47.4454742922307,1.80534380839195,1.81208756141672
"6354996","2015-03-18",36.1443541141951,0.590090090090091,0.589937864131409,0.60567844879521,49.5494652345805,45.5025347654196,47.526,0.785978062176413,68.4004250738353,46.8368000000001,47.5700777199333,1.80492467661812,1.810654984457
"6354995","2015-03-19",36.9833657784813,0.801801801801803,0.685162120645989,0.630918099250672,49.6247225852105,45.7559440814562,47.6903333333334,0.834214015805047,71.512784880753,46.9948000000001,47.7407340239422,1.8618624246884,1.82089647250328
"6354994","2015-03-20",37.9603407825352,0.742738589211619,0.711543493701168,0.662214492826189,49.5826705698629,46.1666627634705,47.8746666666667,0.848945338406248,71.5769304053868,47.1524000000001,47.8899694874166,1.88587495296806,1.83389216859624
"6354993","2015-03-23",38.893656481496,0.831967213114755,0.792169201376056,0.729624938574405,49.4266871415327,46.7133128584674,48.07,0.929968940867478,73.1401360004177,47.3064000000001,48.0513068890944,1.92214948387297,1.85154363165158
"6354992","2015-03-24",39.646690929526,0.815573770491805,0.796759857606056,0.76682418422776,49.4097623779241,47.0135709554093,48.2116666666667,0.912460091479693,72.425198219737,47.4588000000001,48.1857993038818,1.92110972861996,1.86545685104526
"6354991","2015-03-25",38.1757610373036,0.446721311475409,0.698087431693986,0.762338830225367,49.4430300954437,47.0543032378897,48.2486666666667,0.63452075205548,58.5560069013387,47.5720000000001,48.1823593966975,1.74912283330466,1.84219004749714
"6354990","2015-03-26",36.0045499979329,0.270491803278687,0.51092896174863,0.668592083682892,49.4376141972421,47.0293858027579,48.2335,0.360132313818384,53.3039274725988,47.6628000000001,48.1220448104712,1.52331239267467,1.77841451653265
"6354989","2015-03-27",33.9884254613744,0.311475409836065,0.342896174863384,0.517304189435334,49.4132206033024,47.0034460633644,48.2083333333334,0.396947482340086,54.3298359800428,47.7660000000001,48.0831055024084,1.34567482400334,1.69186657802679
"6354988","2015-03-30",32.7269467204425,0.381147540983607,0.321038251366117,0.391621129326044,49.4143333679163,47.0046666320838,48.2095,0.498824180418294,56.0957456583589,47.8792000000001,48.0720247687539,1.21941784963167,1.59737683234776
"6354987","2015-03-31",31.4329832533839,0.164893617021274,0.285838855946979,0.316591094058827,49.4165899296902,47.0257434036432,48.2211666666667,0.445137981364457,55.2832583975856,47.9780000000001,48.0544214662534,1.09666804531374,1.49723507494096
"6354986","2015-04-01",29.2573794676239,0,0.182013719334957,0.262963608882685,49.4181771383103,47.0201561950231,48.2191666666667,0.268211643484889,48.811630228671,47.9752000000001,47.9711652707529,0.903279569540616,1.37844397386089
"6354985","2015-04-02",27.7566109051731,0,0.0549645390070883,0.174272371429675,49.4361934103544,46.9641399229791,48.2001666666667,0.187102239514528,44.4195655280838,47.9448000000001,47.8456765679859,0.674755417084061,1.23770626250552
"6354984","2015-04-06",27.4176508926844,0,-3.20114305433587e-15,0.0789927527806812,49.5488650923188,46.7674682410146,48.1581666666667,-0.0781866999355688,37.3600874297509,47.8660000000001,47.6329196922544,0.35722320058944,1.06160965012231
"6354983","2015-04-07",26.9306563455755,0.0613496932515347,0.0204498977505083,0.0251381455858649,49.6254063603486,46.5899269729848,48.1076666666667,0.0406546527254637,39.9934869727661,47.8064000000001,47.4751970666205,0.137165007070061,0.876720721511858
"6354982","2015-04-08",26.7447064734409,0,0.0204498977505083,0.0136332651670049,49.7198813789493,46.4041186210508,48.062,0.00177376349837125,38.178560062745,47.7472000000001,47.3105041244045,-0.072737911947196,0.686828994820047
"6354981","2015-04-09",26.1060917509313,0.0366972477064213,0.0326823136526488,0.0245273697178889,49.7809927628731,46.2613405704603,48.0211666666667,0.0867489398141397,39.8581124618157,47.7012000000001,47.1837702411505,-0.216614795649861,0.506140236726066
"6354980","2015-04-10",25.5130923657438,0.0886850152905197,0.0417940876656438,0.0316420996896007,49.8163313873411,46.1050019459923,47.9606666666667,0.152236028338773,42.2516824767692,47.6560000000001,47.0966008756638,-0.298380439412782,0.345236101498296
"6354979","2015-04-13",24.2121855996111,0.111111111111111,0.0788311247026808,0.0511025086736582,49.8149089708605,45.9807576958063,47.8978333333334,0.224102348226101,43.2531676122333,47.6332000000001,47.0303874255753,-0.347324436870544,0.206723993824528
"6354978","2015-04-14",23.7512068184359,0,0.0665987088005404,0.0624079737229554,49.7936786089974,45.783654724336,47.7886666666667,0.142894895095888,38.2522990751051,47.5748000000001,46.9076691021652,-0.465203410113613,0.0723385130368999
"6354977","2015-04-15",23.0215358813105,0.0597609561752983,0.0569573557621333,0.0674623964217853,49.7148550094396,45.6448116572271,47.6798333333334,0.211755732029495,40.5194596833821,47.5372,46.8213132218765,-0.52703929822433,-0.047537049215346
"6354976","2015-04-16",22.3439842968368,0.0876494023904379,0.0491367861885755,0.0575642835837502,49.6126994460406,45.5289672206261,47.5708333333334,0.238596964473671,41.5971329923943,47.5076,46.755804792293,-0.557721279629275,-0.149573895298132
"6354975","2015-04-17",23.1176140103963,0,0.0491367861885755,0.0517436427130952,49.5082449756054,45.294088357728,47.4011666666667,0.0702184729007647,32.1098305742128,47.4132,46.5576974866539,-0.757123777428803,-0.271083871724266
"6354974","2015-04-20",22.6621963776202,0.16025641025641,0.0826352708822796,0.060302947753144,49.2847909549091,45.2235423784243,47.2541666666667,0.222376018417486,39.1588045464654,47.3296,46.4526711551001,-0.819720211134312,-0.380811139606275
"6354973","2015-04-21",21.7599145436307,0.34915254237288,0.16980298420976,0.100525013760206,48.9537976186997,45.2882023813004,47.121,0.350592705632366,45.6058636110135,47.254,46.4323150010867,-0.768507112683925,-0.458350334221805
"6354972","2015-04-22",20.9220814120689,0.352542372881356,0.287317108503546,0.179918454531862,48.5664343860646,45.4095656139354,46.988,0.358087227459289,45.7227302939002,47.166,46.4160063342752,-0.717921086834494,-0.510264484744343
"6354971","2015-04-23",20.3226269006197,0.448780487804876,0.383491801019701,0.280203964577669,48.2976134088473,45.4660532578195,46.8818333333334,0.346315584534291,44.4875148671219,47.0784,46.3858721563718,-0.690771165922066,-0.546365820979888
"6354970","2015-04-24",19.7659905685598,0.458536585365853,0.419953148684025,0.363587352735758,48.1576262209608,45.4517071123727,46.8046666666667,0.333205164226483,44.7553909185903,46.9728,46.3624225355222,-0.658222183983359,-0.568737093580582
"6354969","2015-04-27",19.4124811238057,0.409756097560974,0.439024390243898,0.414156446649208,47.9812879822433,45.4627120177568,46.722,0.335091996751403,43.6219395831396,46.8628,46.3287661974526,-0.642474421609684,-0.583484559186403
"6354968","2015-04-28",19.2508635094007,0.360975609756096,0.409756097560971,0.422911212162965,47.6976284112298,45.5483715887703,46.623,0.315595172623523,42.4637995912683,46.7392,46.2862640377923,-0.640106967580345,-0.594809040865191
"6354967","2015-04-29",19.2204997569083,0.326829268292681,0.36585365853658,0.404878048780484,47.3804616527842,45.6738716805492,46.5271666666667,0.292666464065787,41.6305954257542,46.6144000000001,46.24009549942,-0.643112598737305,-0.604469752439614
"6354966","2015-04-30",19.8766347142401,0.117073170731705,0.268292682926824,0.347967479674792,47.1809171797004,45.678416153633,46.4296666666667,0.023239371617389,36.8476300184833,46.5084,46.1427494328306,-0.712566999773268,-0.626089201906345
"6354965","2015-05-01",19.4944915286981,0.351351351351352,0.265084596791909,0.299743646085105,46.9705996434398,45.7584003565603,46.3645,0.301050314682558,43.5117502043699,46.436,46.1130495084532,-0.688150427167722,-0.63850144695862
"6354964","2015-05-04",18.1585069246873,0.572972972972972,0.347132498352006,0.293503259356914,46.9713478746998,45.758318791967,46.3648333333334,0.658144051172391,49.2761019245797,46.376,46.1419762406595,-0.590258127899157,-0.628852783146728
"6354963","2015-05-05",17.2417283729575,0.626262626262625,0.516862316862313,0.376359804002077,46.9787657503762,45.7552342496239,46.367,0.818477020352174,51.610714878534,46.3164000000001,46.1910460752382,-0.475726961456746,-0.598227618808731
"6354962","2015-05-06",18.6635098044919,0.684895833333333,0.628043810856307,0.497346208690209,47.5046996372759,45.4186336960575,46.4616666666667,1.38284201869048,65.005350331866,46.3148,46.4189065985398,-0.141271669545451,-0.506836428956075
"6354961","2015-05-07",19.9457539200156,0.658333333333334,0.656497264309761,0.600467797342794,47.8579152227584,45.2367514439083,46.5473333333334,1.16102953224341,64.7277168374485,46.3328,46.6137190520678,0.117783764485435,-0.381912390267773
"6354960","2015-05-08",21.1364091701448,0.697222222222223,0.68015046296296,0.654897179376343,48.1598335423255,45.1028331243413,46.6313333333334,1.06220687984071,65.8279298294337,46.3724000000001,46.8012231784588,0.342354516956833,-0.237059008822852
"6354959","2015-05-11",21.862468867796,0.647222222222223,0.667592592592591,0.668080106621771,48.338991096698,45.0443422366355,46.6916666666667,0.911272963387746,63.1025967902814,46.436,46.9397267546643,0.482990893802326,-0.0930490282978162
"6354958","2015-05-12",21.3708440162884,0.477777777777777,0.607407407407405,0.651716820987652,48.4139708018748,45.0756958647919,46.7448333333334,0.702250167943513,54.8196038738428,46.4672,46.9784298540424,0.483811184363669,0.0223230142344809
"6354957","2015-05-13",20.4710183460578,0.405555555555556,0.510185185185183,0.59506172839506,48.4656600264157,45.1023399735843,46.784,0.650446580180197,51.7043371950718,46.4964000000001,46.9773058735034,0.434803533919825,0.10481911817155
"6354956","2015-05-14",19.6354659379865,0.433333333333334,0.438888888888886,0.518827160493825,48.5088824340312,45.1331175659688,46.821,0.625107449671311,52.8149810200468,46.5248,46.9896650903696,0.408421744685539,0.165539643474348
"6354955","2015-05-15",19.2155746909574,0.547222222222222,0.462037037037034,0.470370370370368,48.5418084351339,45.3008582315328,46.9213333333334,0.708375103259196,57.1644802346074,46.5628000000001,47.0550430783203,0.452587655079228,0.222949245795324
"6354954","2015-05-18",19.1813955251178,0.525,0.501851851851849,0.46759259259259,48.6015247722451,45.3911418944216,46.9963333333334,0.696342105387952,56.0782536760981,46.5948000000001,47.1010373345443,0.468370320544365,0.272033460745132
"6354953","2015-05-19",19.0454698885247,0.511111111111112,0.527777777777775,0.49722222222222,48.6568425063537,45.4348241603131,47.0458333333334,0.660613610607123,55.3700892890094,46.6444000000001,47.134232356605,0.466874605443146,0.311001689684735
"6354952","2015-05-20",18.3607061825454,0.363636363636363,0.466582491582489,0.498737373737371,48.6769422156067,45.4850577843934,47.081,0.550858148793185,51.5820323810004,46.6772000000001,47.1270013757244,0.414685948000648,0.331738541347917
"6354951","2015-05-21",17.6425583888616,0.255395683453238,0.376714386066901,0.457024885142389,48.6850622664226,45.5466044002441,47.1158333333334,0.508762265154591,51.0250954627233,46.7056000000001,47.1154011922945,0.362306952501856,0.337852223578705
"6354950","2015-05-22",16.5052209032138,0.065384615384616,0.228138887491403,0.357145255046931,48.6764201571707,45.6065798428293,47.1415,0.410473084854146,46.1912328356295,46.7620000000001,47.0573476999885,0.25616392337986,0.321514563538936
"6354949","2015-05-26",15.9036706639875,0,0.106926766279282,0.237260013279196,48.6645972651077,45.6464027348923,47.1555,0.311531918291308,43.1351574887992,46.7884000000001,46.9737013399901,0.127584538065428,0.282728558444235
"6354948","2015-05-27",15.7083760266482,0,0.0217948717948691,0.118953508521852,48.6490373441998,45.6892959891336,47.1691666666667,0.273910424462837,40.6992812824307,46.7852000000001,46.8732078279914,-0.0104925330947192,0.224084340136444
"6354947","2015-05-28",16.0135895585141,0,-2.89120579329468e-15,0.0429072126913832,48.649888984739,45.6874443485944,47.1686666666667,0.160640634067101,37.4460393743674,46.7696000000001,46.7461134509259,-0.169981999011726,0.14527107230681
"6354946","2015-05-29",16.6017571873565,0,-2.89120579329468e-15,0.007264957264955,48.6239443889402,45.7323889443932,47.1781666666667,0.0591184890687368,35.4137083412376,46.7508000000001,46.6092983241358,-0.327640536764173,0.0506887504926133
"6354945","2015-06-01",16.6432546181104,0.0508474576271206,0.0169491525423706,0.00564971751412217,48.6309425867984,45.718390746535,47.1746666666667,0.114999699633873,37.6019511146774,46.7360000000001,46.506725214251,-0.427303030031667,-0.0449096056122428
"6354944","2015-06-02",16.0708651747019,0.127118644067798,0.0593220338983034,0.0254237288135576,48.646472334085,45.6735276659151,47.16,0.198391067863815,40.8398293602751,46.7324000000001,46.4418285190175,-0.46985033859066,-0.129897752207926
"6354943","2015-06-03",16.8448181758288,0.307407407407406,0.161791169700772,0.079354118713816,48.6557448184364,45.7059218482303,47.1808333333334,0.497457474541428,49.1987788945689,46.7540000000001,46.4562513831485,-0.406809486831305,-0.185280099132602
"6354942","2015-06-04",17.5634888197323,0.655555555555556,0.363360535676917,0.194824579758665,48.5671260566961,45.742873943304,47.155,0.723658030977963,59.9950285245768,46.8160000000001,46.5940845320621,-0.191565674274841,-0.18653721416105
"6354941","2015-06-05",18.2308258462141,0.659259259259259,0.540740740740738,0.355297482039476,48.4701936305266,45.7844730361402,47.1273333333334,0.723155504182383,60.0921943277201,46.8956000000001,46.7148732611205,-0.0194594364172906,-0.153121658612298
"6354940","2015-06-08",17.4928679073497,0.392592592592593,0.569135802469133,0.491079026295597,48.2884134326533,45.8469199006801,47.0676666666667,0.5364530967764,50.5686608578342,46.9300000000001,46.7235568263044,-0.00751102783147495,-0.123999532456133
"6354939","2015-06-09",16.4613440666265,0.314814814814815,0.455555555555553,0.521810699588475,48.1437624515851,45.8599042150817,47.0018333333334,0.380976266832767,48.170739980129,46.9396000000001,46.7030825827971,-0.0339217736974318,-0.105983980704393
"6354938","2015-06-10",16.3198293757615,0.381481481481481,0.36296296296296,0.462551440329216,48.1090351287199,45.8569648712802,46.983,0.52679016479792,50.3442461111833,46.9492000000001,46.7093382384242,-0.0234902878072263,-0.0894852421249597
"6354937","2015-06-11",16.9798255181261,0.637037037037036,0.444444444444441,0.420987654320985,48.170663378129,45.839336621871,47.005,0.81098171805125,57.6720575913728,46.9308000000001,46.8067598066343,0.102641744133436,-0.0510598448732806
"6354936","2015-06-12",17.6679658676573,0.803703703703703,0.607407407407404,0.471604938271602,48.294759825301,45.796240174699,47.0455,0.903372186042429,61.6471767646262,46.9312000000001,46.9511918324164,0.276529204036158,0.0144579649086071
"6354935","2015-06-15",17.3236694386637,0.596296296296295,0.679012345679009,0.576954732510285,48.2875952918352,45.7980713748315,47.0428333333334,0.701042454977639,54.7556967387855,46.9036000000001,47.0016995880942,0.314185026310843,0.0744033771890542
"6354934","2015-06-16",17.0427697889081,0.655555555555556,0.685185185185182,0.657201646090532,48.2924695063939,45.7965304936062,47.0445,0.746600576715426,56.2601986873078,46.8896000000001,47.0668063096817,0.367140873528293,0.132950876456902
"6354933","2015-06-17",16.1936818371548,0.525925925925926,0.59259259259259,0.652263374485594,48.2695019348437,45.800164731823,47.0348333333334,0.635731428764216,52.173160105712,46.8860000000001,47.0765654683908,0.345083253110401,0.175377351787602
"6354932","2015-06-18",16.3888015937144,0.687272727272725,0.622918069584733,0.633565282454169,48.3783107142417,45.7686892857583,47.0735,0.861418961529125,57.7456303014607,46.9164000000001,47.1636900726053,0.423683268519337,0.225038535133949
"6354931","2015-06-19",16.5699842248054,0.731517509727625,0.648238720975422,0.621249794384249,48.5040933008344,45.7402400324989,47.1221666666667,0.859823732827502,59.2199950394712,46.9496000000001,47.2618647295913,0.508901502295256,0.28181112856621
"6354930","2015-06-22",16.7382252393899,0.749999999999998,0.722930079000113,0.664695623186757,48.6482124773654,45.7327875226347,47.1905,0.857695138625039,60.7804256138515,46.9736000000001,47.3709494323125,0.59988742777306,0.34542638840758
"6354929","2015-06-23",16.4707985239621,0.614285714285713,0.698601074671109,0.689923291548882,48.7524952763049,45.7828380570285,47.2676666666667,0.790381437876339,57.8659838774561,46.9920000000001,47.4361561746708,0.627044609584004,0.401750032642865
"6354928","2015-06-24",15.9498977627794,0.138095238095238,0.500793650793647,0.640774934821624,48.7491645002872,45.8641688330461,47.3066666666667,0.49075677410213,46.8656003309228,46.9724000000001,47.3593353513814,0.472953923316988,0.41599081077769
"6354927","2015-06-25",15.6004565874691,0.0904761904761893,0.280952380952377,0.493449035472378,48.7021497911268,45.9878502088732,47.345,0.347106044331535,45.9253963566352,46.9596000000001,47.2794239711972,0.329880617250367,0.398768772072225
"6354926","2015-06-26",15.2759754961094,0.1,0.109523809523806,0.297089947089944,48.600905416643,46.1904279166904,47.3956666666667,0.301284185390887,46.1580465326749,46.9492000000001,47.2128341083709,0.217293045747424,0.362473626807265
"6354925","2015-06-29",16.1134986097141,0,0.0634920634920604,0.151322751322749,48.5758254560266,46.2308412106401,47.4033333333334,-0.0103090432359945,38.1213985529212,46.9168000000001,47.0337895605881,-0.0276579704670321,0.284447307352406
"6354924","2015-06-30",16.8911986437756,0,0.0333333333333306,0.0687830687830663,48.6044244445342,46.1839088887991,47.3941666666667,-0.0429284119050375,38.1213985529212,46.8944,46.8786176191764,-0.219991690532984,0.183559507775328
"6354923","2015-07-01",17.4906826634553,0.0964285714285724,0.0321428571428546,0.0429894179894158,48.6515228279276,46.0474771720725,47.3495,0.0892929152008914,41.6191555673033,46.8912000000001,46.7801352699529,-0.322657475103127,0.0823161111996367
"6354922","2015-07-02",18.386946216012,0,0.0321428571428546,0.0325396825396805,48.6594862886171,45.8698470447163,47.2646666666667,0.0789180736416059,39.1477988007033,46.8888,46.6574505672925,-0.447564785220989,-0.0236600680844884
"6354921","2015-07-06",19.8775722467216,0,0.0321428571428546,0.0321428571428552,48.727418481904,45.5789148514294,47.1531666666667,-0.0261229442350619,34.2920719496881,46.8696,46.4684571583201,-0.647188990345304,-0.148365852536652
"6354920","2015-07-07",21.6749687097101,0,-2.84494650060196e-15,0.0214285714285693,48.8622570335236,45.2377429664765,47.05,-0.0398424810807278,31.1999823196666,46.8272,46.2433295372108,-0.876592711811153,-0.294011224391552
"6354919","2015-07-08",23.7866492193961,0,-2.84494650060196e-15,0.0107142857142835,49.0520110303508,44.8313223029826,46.9416666666667,-0.06349413258351,27.8490170519633,46.7548000000001,45.9722189322494,-1.14674491289833,-0.464557962092908
"6354918","2015-07-09",25.7474954069616,0.103139013452915,0.0343796711509688,0.0114598903836549,49.131527290569,44.5308060427644,46.8311666666667,0.0657564921398494,34.0088500021963,46.6796000000001,45.7985897412828,-1.26709355901989,-0.625065081478305
"6354917","2015-07-10",27.1857548391317,0.183856502242152,0.095665171898353,0.0433482810164402,49.0765776841294,44.3254223158707,46.701,0.168642001511651,38.4384601874522,46.5812000000001,45.6961111091117,-1.28490430297464,-0.757032925777573
"6354916","2015-07-13",27.1235282010388,0.228699551569506,0.171898355754855,0.100647732934726,48.9197216831797,44.2246116501537,46.5721666666667,0.266672134988503,40.8153080390727,46.4904000000001,45.6339629612302,-1.24957173847987,-0.855540688318033
"6354915","2015-07-14",27.0657463228097,0.335038363171356,0.249198138994335,0.172253888882515,48.8132348442454,44.1427651557547,46.478,0.32485701555546,44.1806512288362,46.4400000000001,45.6187678997328,-1.15701348523223,-0.915835247700872
"6354914","2015-07-15",27.4928356235096,0.290849673202614,0.284862529314489,0.235319674687894,48.6805378697614,44.0454621302387,46.363,0.28360655653421,40.5816222206147,46.3812000000001,45.5495988464351,-1.14491894787015,-0.961651987734728
"6354913","2015-07-16",28.1539509070893,0.214765100671141,0.280217712348368,0.271426126885731,48.5831326017257,43.911534064941,46.2473333333334,0.245126500641855,38.5676573292332,46.3052,45.4563190002438,-1.1665062295894,-1.00262283610566
"6354912","2015-07-17",28.8729878082377,0.202247191011236,0.235953988294994,0.267011409985951,48.3494420392041,43.8325579607959,46.091,0.234108739752454,37.7604150030886,46.1976000000001,45.3621431335446,-1.18806891003311,-1.03971205089115
"6354911","2015-07-20",29.6590576313147,0.182978723404255,0.199997005028874,0.238722901890746,48.0483856080923,43.7999477252411,45.9241666666667,0.230685325237978,36.8468111092342,46.0676,45.2658573824053,-1.21117820664317,-1.07400528204156
"6354910","2015-07-21",28.6006461964437,0.331914893617022,0.239046936010834,0.224999309778235,47.6316313200562,43.9223686799439,45.777,0.368707059259282,41.6816957156292,45.9740000000001,45.2290763980846,-1.15402323484923,-1.09000887260309
"6354909","2015-07-22",27.4316554946648,0.440170940170941,0.318354852397403,0.252466264479038,47.1546732538312,44.1353267461688,45.645,0.448664388268563,44.9251007564674,45.8840000000001,45.23053287834,-1.05202646305103,-1.08241239069268
"6354908","2015-07-23",27.4140378578672,0.105555555555554,0.29254712978117,0.283316306063136,46.8752108510414,44.1617891489587,45.5185,0.216778265829388,37.3988525288931,45.7744,45.119795161228,-1.1085528002265,-1.08764047259944
"6354907","2015-07-24",27.6973914487084,0,0.181908831908829,0.264270271362468,46.6680867264153,44.1159132735847,45.392,0.111311684595805,35.277325546538,45.63,44.9864891397309,-1.19034982061199,-1.10818234220195
"6354906","2015-07-27",28.1685465721665,0,0.0351851851851819,0.169880382291727,46.4429199726158,44.058746694051,45.2508333333334,0.0145067640818283,33.8023206985088,45.4708,44.8442905877668,-1.27712776104245,-1.14197142597005
"6354905","2015-07-28",26.6649566607567,0.347826086956521,0.115942028985504,0.111012015359839,46.3018023057261,44.0735310276073,45.1876666666667,0.390348479678984,43.0361952158024,45.3332000000001,44.8170518427312,-1.20288162280978,-1.154153465338
"6354904","2015-07-29",25.8171292594711,0.459183673469389,0.2690032534753,0.140043489215329,46.2489586683522,44.0983746649812,45.1736666666667,0.79123872043664,49.6537974444997,45.2296000000001,44.8774449303671,-1.01888894778557,-1.12710056182751
"6354903","2015-07-30",25.0298609582772,0.809523809523809,0.53884452331657,0.307929935259125,46.2971463160497,44.0681870172837,45.1826666666667,1.07306265486339,58.2030413873317,45.2072000000001,45.0671189396515,-0.680495892360555,-1.03777962793412
"6354902","2015-07-31",24.7668724247922,0.798192771084337,0.688966751359175,0.498938176050349,46.4793073829189,43.9563592837478,45.2178333333334,1.12446785984919,60.1150139591251,45.1996000000001,45.2675030810313,-0.360743573329503,-0.902372417013197
"6354901","2015-08-03",24.294737900001,0.722543352601156,0.776753311069764,0.668188195248503,46.7025704434814,43.8574295565187,45.28,1.01315560740424,58.5135915165123,45.1852000000001,45.4211693368938,-0.133293038020377,-0.748556541214633
"6354900","2015-08-04",23.4384259851908,0.146993318485523,0.555909814057002,0.673876625495314,46.7594924067022,43.8768409266312,45.3181666666667,0.686807182110929,43.2820974913332,45.1336000000001,45.3090134253079,-0.276937468503724,-0.654232726672451
"6354899","2015-08-05",21.7985245331445,0.747628083491461,0.53905491819271,0.623906014439826,47.4040698296063,43.606263503727,45.5051666666667,1.2367849823197,62.1809973720886,45.2132000000001,45.6491449686002,0.188848842325129,-0.485616412872935
"6354898","2015-08-06",20.4570516179299,0.713472485768501,0.536031295915159,0.543665342721625,47.8419496954358,43.4923836378976,45.6671666666667,1.05319694765792,60.9801489598239,45.2748000000001,45.9199256394535,0.51757791081708,-0.284977548134932
"6354897","2015-08-07",19.3562824965143,0.686907020872865,0.716002530044273,0.597029581384048,48.1357077091316,43.4602922908684,45.798,0.916077109583546,60.0094372414932,45.3420000000001,46.1359355541931,0.743204710132161,-0.0793410964815137
"6354896","2015-08-10",18.4971571564605,0.840607210626186,0.746995572422515,0.666343132793983,48.5741669844902,43.3301663488432,45.9521666666667,0.997298439593252,63.6179679855259,45.4664000000001,46.4311441469673,1.04927920611297,0.146382964037384
"6354895","2015-08-11",17.3312738894888,0.77798861480076,0.768500948766601,0.743833017077797,48.8869781091899,43.2783552241435,46.0826666666667,0.889994723867977,61.1952427644358,45.5960000000001,46.6429915940383,1.21850719045129,0.360807809320165
"6354894","2015-08-12",16.1164920049837,0.747628083491461,0.7887413029728,0.768079274720639,49.1354933310392,43.3041733356275,46.2198333333334,0.822997194714397,60.0021292756611,45.7420000000001,46.8052593814999,1.30872791732262,0.550391830920655
"6354893","2015-08-13",15.3952568922414,0.800759013282733,0.775458570524982,0.777566940754795,49.4034511677729,43.3732154988938,46.3883333333334,0.838018851212191,61.4197242130179,45.8808000000001,46.9832247972999,1.41114030488845,0.722541525714214
"6354892","2015-08-14",15.1437181752987,0.834024896265561,0.794137331013249,0.786112401503678,49.7036107050612,43.4707226282722,46.5871666666667,0.865721311199016,63.6961448329274,46.0236000000001,47.1987948243266,1.55192726330056,0.888418673231482
"6354891","2015-08-17",14.7653927250123,0.811203319502075,0.81532907635012,0.794974992629451,49.9220680723828,43.6492652609506,46.7856666666667,0.813150818283864,62.7427554584241,46.1540000000001,47.3709555144164,1.62467470197467,1.03566987898012
"6354890","2015-08-18",15.0427165100135,0.871698113207547,0.838975442991725,0.816147283451699,50.2503315044077,43.7346684955924,46.9925,0.873586949382333,66.253771029365,46.3012000000001,47.6148281124942,1.78096426516507,1.18472875621711
"6354889","2015-08-19",14.7028710538742,0.771217712177121,0.818039714962245,0.824114744768031,50.4898980534283,43.8634352799051,47.1766666666667,0.801317118183255,62.3334451866896,46.4476000000001,47.767517697495,1.80809090724596,1.30940118642288
"6354888","2015-08-20",14.4745393346183,0.869090909090909,0.837335578158523,0.831450245370832,50.6962147116134,44.14211862172,47.4191666666667,0.832743570344692,65.3448082964027,46.6280000000001,47.9798486711623,1.90752730710861,1.42902641056003
"6354887","2015-08-21",14.0150940029732,0.658181818181819,0.766163479816614,0.807179590979128,50.6353185561787,44.6256814438214,47.6305,0.665761534023122,56.0199661070476,46.7660000000001,48.009202181674,1.77031625827051,1.49728438010212
"6354886","2015-08-24",15.8193284205413,0,0.509090909090907,0.704196655688682,50.3829344294426,45.0600655705575,47.7215,0.160302232761484,39.4884075567214,46.7820000000001,47.6133085574508,1.11622304927443,1.42107211393659
"6354885","2015-08-25",16.7000662175133,0.428571428571429,0.36225108225108,0.545835157052867,50.1936511043302,45.5153488956699,47.8545,0.446312432274736,50.2875133783437,46.8704000000001,47.5582007497907,0.951365101686763,1.32713071148662
"6354884","2015-08-26",16.8919331379318,0.53968253968254,0.32275132275132,0.39803110469777,50.1170876997662,45.8309123002339,47.974,0.550394577884875,52.6469904430202,46.9712000000001,47.5851073164853,0.905288176911112,1.24276220457152
"6354883","2015-08-27",16.2377342029918,0.791666666666667,0.586640211640209,0.423880872214204,50.2231472124537,46.0138527875464,48.1185,0.792566847477554,57.5658676073678,47.1564,47.7777596742873,1.0711176745521,1.20843329856764
"6354882","2015-08-28",15.6302637634048,0.801587301587302,0.710978835978833,0.540123456790122,50.315688652822,46.1716446805114,48.2436666666667,0.754099620331206,57.7519375204359,47.3548,47.9513917177156,1.19603009049836,1.20595265695378
"6354881","2015-08-31",15.1600687775824,0.777777777777778,0.790343915343913,0.695987654320986,50.3535434194757,46.3767899138577,48.3651666666667,0.702384515961657,57.1047516900139,47.5564,48.0858728220202,1.25944920281358,1.21665196612574
"6354880","2015-09-01",15.5561689175052,0.549603174603175,0.709656084656082,0.736992945326277,50.1078759397414,46.843457393592,48.4756666666667,0.374709693558608,51.184964124302,47.6832,48.0490897790842,1.10375761508792,1.19407309591818
"6354879","2015-09-02",14.7602166057805,0.680555555555556,0.669312169312167,0.723104056437388,50.1498260942943,46.8651739057057,48.5075,0.631672997677663,54.1242881816271,47.8112,48.1052111418729,1.07870031116359,1.17099853896726
"6354878","2015-09-03",13.8659668278297,0.785714285714286,0.67195767195767,0.68364197530864,50.2411822318,46.9021511015334,48.5716666666667,0.735098137565824,56.394924184824,47.9192,48.2245163229566,1.13429574247008,1.16365797966782
"6354877","2015-09-04",14.1204774473422,0.476190476190476,0.64748677248677,0.662918871252203,50.2373228999138,46.9146771000863,48.576,0.275480130912909,48.7469629304024,47.9540000000001,48.1199141465623,0.906577217337934,1.11224182720185
"6354876","2015-09-08",14.12074590846,0.529761904761905,0.59722222222222,0.638888888888887,50.2272585755426,46.8787414244575,48.553,0.364716237199728,50.0105576522909,48.0056000000001,48.0652589270207,0.762541919573767,1.04230184567623
"6354875","2015-09-09",13.7373182561243,0.636904761904762,0.547619047619045,0.597442680776012,50.2391345510756,46.9005321155912,48.5698333333334,0.511032560493519,52.5311994582075,48.1524,48.0898910700846,0.730631076051558,0.979967691751296
"6354874","2015-09-10",13.5566286067756,0.590457256461232,0.585707974375964,0.57684974807241,50.2393482592628,46.9136517407372,48.5765,0.397815891666495,51.2932713995833,48.1584000000001,48.0792389274067,0.657463958791049,0.915466945159247
"6354873","2015-09-11",13.0668201298349,0.602385685884692,0.609915901416893,0.581080974470634,50.2383456483531,46.9113210183137,48.5748333333334,0.445446751923234,51.6003468030992,48.174,48.0780070704191,0.602611184268498,0.852895792981097
"6354872","2015-09-14",12.4628658930493,0.432055749128918,0.541632897158278,0.579085590983712,50.2253073746505,46.9070259586829,48.5661666666667,0.538323050617314,53.5453504301628,48.2100000000001,48.1262727943632,0.614125924038933,0.805141819192664
"6354871","2015-09-15",11.6271525179579,0.429657794676807,0.488033076563469,0.546527291712881,50.2353621577135,46.9096378422866,48.5725,0.59145877343341,54.2411427765924,48.2188000000001,48.1854364217815,0.637574532323271,0.771628361818786
"6354870","2015-09-16",10.851132955373,0.463878326996197,0.441863956933971,0.49050997688524,50.165492567458,46.9215074325421,48.5435000000001,0.593455011061408,54.7464861860332,48.2444000000001,48.2487115655439,0.6634263845118,0.749987966357389
"6354869","2015-09-17",10.3527858773199,0.380228136882129,0.424588086185041,0.451495039894161,50.1182559939579,46.9217440060422,48.5200000000001,0.557354182942646,53.1998550810106,48.2676000000001,48.2742166901381,0.639642567147525,0.727918886515416
"6354868","2015-09-18",11.4148130359582,0,0.281368821292772,0.382606954803929,50.0302206232834,46.7564460433833,48.3933333333334,0.0947593109152886,42.3154558929787,48.2052000000001,48.048321131453,0.305662717020927,0.643467652616518
"6354867","2015-09-21",12.4009811118367,0.0286532951289402,0.136293810670353,0.280750239382723,50.0572383617493,46.5624283049174,48.3098333333334,0.112806806475371,42.9907778441841,48.1284000000001,47.8658783139259,0.0561733248517493,0.526008787063564
"6354866","2015-09-22",13.7577578908176,0,0.00955109837631041,0.142404576779813,49.9441028687196,46.7308971312805,48.3375000000001,-0.0822326630178585,39.7345295206423,48.0300000000001,47.6210945387358,-0.249536475119005,0.370899734627051
"6354865","2015-09-23",15.173401781892,0,0.00955109837631041,0.051798669140992,50.1421162859336,46.3708837140665,48.2565000000001,-0.102764911298302,38.5727976041832,47.8936000000001,47.3769486002377,-0.5280348984814,0.19111280800536
"6354864","2015-09-24",16.7621290577162,0,-2.99875864880524e-15,0.00636739891753984,50.3286143789587,45.9320522877081,48.1303333333334,-0.0603620773534712,36.5129878260308,47.7576000000001,47.108022120206,-0.814562382630057,-0.0100222301217231
"6354863","2015-09-25",17.050865594945,0.191283292978208,0.0637610976593996,0.0244373986785696,50.2197817916721,45.7568848749947,47.9883333333334,0.168750284639333,42.5797172113666,47.6292000000001,46.9802858375119,-0.897049940296435,-0.187427772156665
"6354862","2015-09-28",17.4104937126204,0.162227602905569,0.117836965294589,0.0605326876513292,50.0881093157981,45.6045573508687,47.8463333333334,0.190052289448905,41.9243645593571,47.5424000000001,46.853581059177,-0.972384955944694,-0.344419208914271
"6354861","2015-09-29",18.0281555489768,0.0726392251815973,0.142050040355122,0.107882701103038,49.982815132637,45.3905182006964,47.6866666666667,0.127637318461143,39.8859282188966,47.5672000000001,46.6944369179534,-1.08409442307277,-0.49235425174597
"6354860","2015-09-30",17.9109041981154,0.305084745762711,0.179983857949956,0.14662362119989,49.9437399061784,45.3032600938218,47.6235000000001,0.323258219013731,47.0760625490462,47.5440000000001,46.6845119955596,-0.995470979061874,-0.592977597209151
"6354859","2015-10-01",17.0440324115196,0.372881355932203,0.250201775625501,0.190745224643527,49.7823907193854,45.2922759472814,47.5373333333334,0.428583859669032,48.9923797691995,47.5096000000001,46.713243729485,-0.86679626759768,-0.647741331286857
"6354858","2015-10-02",16.1421505601187,0.36319612590799,0.347054075867632,0.259079903147697,49.5168304042159,45.3441695957842,47.4305000000001,0.449552573366446,48.7209747551857,47.4228000000001,46.7328112322203,-0.762920622113938,-0.670777189452273
"6354857","2015-10-05",15.961789727856,0.67005076142132,0.468709414420501,0.355321755304545,49.5863075896199,45.3350257437135,47.4606666666667,0.728793738435194,56.1727991001836,47.3796000000001,46.9017697345909,-0.478510483246686,-0.632323848211156
"6354856","2015-10-06",15.7943118121835,0.728426395939086,0.587224427756129,0.467662639348088,49.6320513643021,45.3256153023647,47.4788333333334,0.728611312426407,57.5142470780377,47.3504000000001,47.0788671033121,-0.211810690140823,-0.548221216597089
"6354855","2015-10-07",16.139800024952,0.841726618705035,0.746734592021811,0.600889478066148,49.7163191766616,45.2896808233385,47.5030000000001,0.858511329214089,61.0836759556534,47.3928000000001,47.3176848228705,0.106821308014982,-0.417212711674675
"6354854","2015-10-08",16.3246566867939,0.815347721822541,0.795166912155551,0.709708643977831,49.8288518382855,45.253481495048,47.5411666666667,0.818844863670859,60.1483212850916,47.4044000000001,47.5099935131545,0.335487618644792,-0.266672645610782
"6354853","2015-10-09",17.0111514747424,0.738947368421052,0.798673902982873,0.780191802386746,49.9704882066939,45.2008451266395,47.5856666666667,0.855931594497261,60.7948370234451,47.3992000000001,47.6913277114005,0.528313048420892,-0.107675506804447
"6354852","2015-10-12",18.0213662929086,0.813333333333334,0.789209474525639,0.794350096554688,50.2081998131049,45.0894668535619,47.6488333333334,0.950860271784787,65.0175216374654,47.4868000000001,47.9498173498805,0.798920979363005,0.0736437904290433
"6354851","2015-10-13",18.9668744853545,0.830798479087452,0.794359726947276,0.794081034818597,50.4204510741676,44.9922155924992,47.7063333333334,0.927456277674245,65.5434042849113,47.5676000000001,48.1871750365631,1.01667523527278,0.26225007939779
"6354850","2015-10-14",19.6500822510598,0.794354838709678,0.812828883710152,0.79879936172769,50.5856647622408,44.9263352377594,47.7560000000001,0.868241501221104,64.1924207511257,47.6216000000001,48.3755516983547,1.15283791418288,0.440367646354809
"6354849","2015-10-15",20.7037824765662,0.851351351351351,0.825501556382824,0.810896722346751,50.857568608278,44.8167647250555,47.8371666666667,0.912114024577787,66.8525932969094,47.7040000000001,48.601478138574,1.322426543321,0.616779425748046
"6354848","2015-10-16",20.2985437148303,0.66023166023166,0.76864595009756,0.802325463396846,51.0659746691447,44.8680253308554,47.9670000000001,0.77369267490681,57.2112356554561,47.7444,48.6652810534308,1.27712542184428,0.748848624967294
"6354847","2015-10-19",19.9222505789327,0.755924170616114,0.755835727399705,0.783327744626697,51.2892047361717,44.9411285971618,48.1151666666667,0.784311859815654,61.6079984649077,47.7992,48.8179102463067,1.3461075706926,0.868300414112355
"6354846","2015-10-20",19.7227539739647,0.763819095477386,0.72665830877505,0.750379995424105,51.4772540470308,45.109412619636,48.2933333333334,0.772724546687892,62.124728117345,47.8524000000001,48.9621888801325,1.39874908529034,0.974390148347952
"6354845","2015-10-21",20.1408666657212,0.798525798525799,0.772756354873096,0.751750130349284,51.6358565295821,45.3908101370847,48.5133333333334,0.799437327198483,63.3637945296271,47.9104,49.1152303627815,1.45745968698892,1.07100405607614
"6354844","2015-10-22",20.9949669909662,0.753581661891118,0.771975518631431,0.757130060759859,51.7773373081952,45.7743293584716,48.7758333333334,0.856626769656679,66.3034285975211,47.998,49.317199647744,1.5701244810673,1.17082814107438
"6354843","2015-10-23",21.8763337302889,0.801186943620178,0.784431468012361,0.77638778050563,51.9908043478878,46.0251956521124,49.0080000000001,0.859616837566385,67.903512962924,48.1720000000001,49.5322396947114,1.68753773739105,1.27417006033771
"6354842","2015-10-26",22.8586038815562,0.848684210526318,0.801150938679201,0.785852641774332,52.1884776727278,46.331188993939,49.2598333333334,0.881319774811205,70.0001512767508,48.3584,49.7732744020833,1.82454100054277,1.38424424837872
"6354841","2015-10-27",22.1429011745786,0.490131578947369,0.713334244364618,0.766305550352061,52.0530787678433,46.9285878988235,49.4908333333334,0.715793795246788,58.9712195086372,48.5272000000001,49.8368378151388,1.73561482685372,1.45451836407372
"6354840","2015-10-28",20.772010529101,0.13651877133106,0.491778186934912,0.668754456659578,51.8831898648454,47.3904768018214,49.6368333333334,0.519253399624351,51.1657648852718,48.6664,49.761259439787,1.48936677043319,1.46148804534561
"6354839","2015-10-29",19.8144424393951,0,0.208883450092806,0.471331960464113,51.7047417934758,47.7842582065243,49.7445000000001,0.404476069930122,48.958246883172,48.8104000000001,49.6544248478154,1.22976817295237,1.41514407086697
"6354838","2015-10-30",18.6788959737232,0.112676056338028,0.0830649425563595,0.261242193194693,51.4505842252667,48.2817491080667,49.8661666666667,0.432835466200764,51.294273447492,48.9356000000001,49.6045015347733,1.0637513260926,1.34486552191209
"6354837","2015-11-02",17.587813957537,0.348591549295776,0.153755868544598,0.148568087064589,51.4051419196781,48.5091914136554,49.9571666666667,0.602269243224521,55.8503305503178,49.0924000000001,49.6505679968036,1.02927249688693,1.28174691690706
"6354836","2015-11-03",17.0430350729216,0.0316901408450692,0.164319248826288,0.133713353309082,51.3043615262527,48.7189718070807,50.0116666666667,0.322721762241637,49.1934764664109,49.228,49.5704922638964,0.845829601639414,1.19456345385353
"6354835","2015-11-04",16.654351265244,0,0.126760563380278,0.148278560250389,51.29737750249,48.7339558308435,50.0156666666667,0.170102396332023,48.3657166554595,49.3204000000001,49.4850932953769,0.673087241442039,1.09026821137123
"6354834","2015-11-05",16.4544147670246,0,0.0105633802816864,0.100547730829418,51.2907667260689,48.7468999405979,50.0188333333334,0.124390708877794,47.2247065010225,49.3952000000001,49.38974752266,0.504165361414044,0.973047641379796
"6354833","2015-11-06",16.3725701616412,0,-3.29597460435593e-15,0.0457746478873211,51.3190262933139,48.6863070400196,50.0026666666667,0.1039582779812,46.4865576124024,49.4676000000001,49.2937811863053,0.349770205450195,0.848392154193875
"6354832","2015-11-09",16.4984322997941,0,-3.29597460435593e-15,0.00352112676056056,51.3657550353337,48.5205782979997,49.9431666666667,0.0864931747254273,45.0458759653456,49.4868000000001,49.1852770281313,0.193857615037274,0.717485246362555
"6354831","2015-11-10",15.4347988596628,0.19277108433735,0.0642570281124466,0.0214190093708139,51.3518972053267,48.4797694613401,49.9158333333334,0.348254196128323,50.5995754276638,49.5224000000001,49.1765734243804,0.173277449485587,0.608643686987162
"6354830","2015-11-11",14.3344839878093,0.307228915662652,0.166666666666664,0.0769745649263696,51.3492619029871,48.4747380970131,49.9120000000001,0.448281288762417,53.598090546362,49.5476000000001,49.2196969677964,0.216829372003069,0.530280823990343
"6354829","2015-11-12",14.3837546238024,0.0210843373493977,0.173694779116463,0.134872824631858,51.3292254028646,48.3521079304688,49.8406666666667,0.184034414030115,46.0694988936009,49.5392000000001,49.1304040387569,0.0942997534233658,0.443084609876948
"6354828","2015-11-13",15.0668107555445,0,0.109437751004013,0.149933065595714,51.4127273607509,48.1266059725825,49.7696666666667,0.035521317371623,41.5089573404433,49.4988000000001,48.9610168335893,-0.115321345774166,0.331403418746725
"6354827","2015-11-16",15.9312571645809,0,0.00702811244979592,0.0967202141900912,51.5018270850268,47.8341729149733,49.6680000000001,0.0143126230717159,39.8467132778883,49.4172000000001,48.7782145891107,-0.323031500592574,0.200516434878865
"6354826","2015-11-17",15.6047387598365,0.232415902140672,0.0774719673802208,0.0646459436113439,51.4753146311988,47.7250187021346,49.6001666666667,0.252863947041998,46.3583425363644,49.362,48.7211193105626,-0.358114863034498,0.0887901752961925
"6354825","2015-11-18",15.0320876508706,0.3914373088685,0.207951070336388,0.0974837167221354,51.3872186883201,47.6841146450133,49.5356666666667,0.380550660159582,50.3209243788464,49.3328,48.7409700691543,-0.296351666032779,0.0117618070303982
"6354824","2015-11-19",14.0111253926391,0.431192660550458,0.35168195718654,0.212368331634383,51.1965873681603,47.7147459651731,49.4556666666667,0.460078595228145,51.2896963945264,49.29,48.775507393267,-0.223308292369995,-0.0352522128496804
"6354823","2015-11-20",13.0867209004352,0.468013468013466,0.430214479144138,0.329949168889023,50.9176823562183,47.8016509771151,49.3596666666667,0.459456976530915,51.1245197471558,49.2860000000001,48.8027730741648,-0.166826931217001,-0.0615671565231446
"6354822","2015-11-23",12.4135949497668,0.459259259259258,0.452821795941057,0.411572744090579,50.4522689408045,48.021064392529,49.2366666666667,0.416365188820654,49.8284108203866,49.2468000000001,48.8064033309428,-0.145207950920023,-0.0782953154025203
"6354821","2015-11-24",11.7885494241462,0.47037037037037,0.465881032547695,0.449639102544297,50.2033833215014,48.1139500118321,49.1586666666667,0.44161096243873,50.1008815237438,49.2052,48.8135495534838,-0.121710290337329,-0.0869783103894821
"6354820","2015-11-25",11.2081500074984,0.507407407407407,0.479012345679008,0.465905058055921,50.1396591332944,48.1153408667057,49.1275000000001,0.486415179641492,51.0550676907428,49.1592,48.8330762796859,-0.085571970669962,-0.0866970424455781
"6354819","2015-11-27",10.7541635667315,0.496296296296296,0.491358024691354,0.478750467639353,50.1268387399171,48.1128279267496,49.1198333333334,0.548079847784425,50.7415874074589,49.0912,48.8459994423945,-0.0611901932027092,-0.0815956725970043
"6354818","2015-11-30",10.2752764098563,0.337037037037036,0.44691358024691,0.472427983539091,50.0621770196332,48.0981563137003,49.0801666666667,0.387900027733086,46.3487855205956,48.994,48.7998661834086,-0.111654762750946,-0.0876074906277926
"6354817","2015-12-01",10.3053195490407,0.207407407407406,0.346913580246909,0.428395061728392,49.8447973018189,48.1395360315145,48.9921666666667,0.207473956032346,43.0796424330115,48.8664,48.7132173589541,-0.207277729983479,-0.11154153849893
"6354816","2015-12-02",11.4814523751181,0,0.181481481481477,0.325102880658433,49.8850393498939,47.9119606501063,48.8985000000001,-0.117562796725352,35.2091045340354,48.7412,48.5007883777602,-0.449292348228736,-0.179091700444891
"6354815","2015-12-03",13.1670423790267,0,0.0691358024691321,0.199176954732507,50.0839358900882,47.4890641099119,48.7865000000001,-0.215449608794887,31.1614259516769,48.628,48.2260165940588,-0.747370165885697,-0.292747393533052
"6354814","2015-12-04",14.6123798834025,0.0427350427350443,0.0142450142450115,0.0882874327318742,50.1787775751561,47.193222424844,48.6860000000001,-0.0468553031070301,32.991415103006,48.5332,48.0078810481843,-0.94929102468051,-0.424056119762544
"6354813","2015-12-07",15.9544789946086,0.0911680911680911,0.0446343779677086,0.0426717315606179,50.226709511334,46.9622904886661,48.5945000000001,0.0513749951122373,35.097239553155,48.4324,47.8414969084264,-1.06953538542967,-0.553151972895968
"6354812","2015-12-08",17.6923103582977,0,0.0446343779677086,0.0345045900601434,50.3360749287078,46.633591737959,48.4848333333334,-0.0162751325316458,31.5768967700951,48.2824,47.6226306539696,-1.24623828628972,-0.691769235574719
"6354811","2015-12-09",19.3645344552949,0,0.0303893637226938,0.0398860398860375,50.3195954677747,46.3507378655588,48.3351666666667,0.0342488480896844,31.1562172081411,48.1656,47.4236132334403,-1.38363233095107,-0.830141854649989
"6354810","2015-12-10",20.4700395997154,0,-3.23815048849004e-15,0.0250079138968002,50.2008017026671,46.139198297333,48.1700000000001,0.0789840047518471,30.2269218013519,48.0476,47.2311314689816,-1.50206967334391,-0.964527418388773
"6354809","2015-12-11",21.4965800909631,0.00787401574803179,0.00262467191600736,0.0110046785462332,50.1951263145975,45.8858736854027,48.0405000000001,0.0984222442016776,30.6723016147523,47.9372,47.068313939784,-1.57380060133979,-1.08638205497898
"6354808","2015-12-14",22.4497962614074,0.039370078740159,0.0157480314960603,0.00612423447068869,50.2177817157401,45.6758849509267,47.9468333333334,0.152824928662115,32.5275988031104,47.8356,46.9432054144795,-1.59251256356531,-1.18760815669624
"6354807","2015-12-15",22.4132911167208,0.0971128608923896,0.0481189851268569,0.0221638961796421,50.225046896049,45.5456197706177,47.8853333333334,0.237432246783097,35.9136858369281,47.7504,46.8641113592156,-1.55207436609607,-1.26050139857621
"6354806","2015-12-16",22.1504972704512,0.120734908136483,0.085739282589674,0.0498687664041976,50.1493103577037,45.4293563089631,47.7893333333334,0.280506337709684,37.2999448584369,47.6432,46.8075631779868,-1.48761249703503,-1.30592361826797
"6354805","2015-12-17",22.094342033336,0.0916666666666681,0.103171478565177,0.0790099154272365,49.9977623904944,45.3352376095057,47.6665000000001,0.279125391990943,36.0857176401844,47.5156,46.7412214209219,-1.44252412826079,-1.33324372026654
"6354804","2015-12-18",23.7135568927419,0,0.0708005249343805,0.086570428696411,49.900074556071,45.0192587772624,47.4596666666667,0.03293326976926,25.3041494155891,47.3628,46.473058564799,-1.66192779993424,-1.39898053620008
"6354803","2015-12-21",25.2171135479044,0.0270270270270286,0.0395645645645623,0.0711788560213738,49.7592839665441,44.744716033456,47.2520000000001,0.0668619851237169,26.9407477076837,47.2420000000001,46.2553174228258,-1.7981179193911,-1.47880801283828
"6354802","2015-12-22",25.4328706461582,0.123076923076925,0.0500346500346479,0.0534665798445308,49.5557629365969,44.5919037300699,47.0738333333334,0.176897900080541,31.2193497114203,47.1436000000001,46.1052750997824,-1.83564069634353,-1.55017454953933
"6354801","2015-12-23",25.4462500890414,0.255384615384617,0.135162855162854,0.0749206899206885,49.280818209481,44.5421817905192,46.9115000000001,0.263328539933483,37.1013263537431,47.0320000000001,46.0325717531447,-1.77030397634432,-1.59420043490033
"6354800","2015-12-24",25.5278328176828,0.245222929936307,0.20789482279928,0.131030775998928,48.9394804560216,44.5448528773119,46.7421666666667,0.265888391016861,36.6305999834546,46.8972000000001,45.9615621860588,-1.70963482710068,-1.6172873133404
"6354799","2015-12-28",25.8488377541432,0.208178438661711,0.236261994660875,0.193106557541003,48.5008200581939,44.6088466084729,46.5548333333334,0.221263942997567,34.9587852301034,46.7488000000001,45.8720205612509,-1.67943067820977,-1.62971598631427
"6354798","2015-12-29",25.5429374379541,0.263940520446097,0.239113963014701,0.227756926824952,48.0624698451225,44.7278634882109,46.3951666666667,0.281533433926887,37.1647772054036,46.6072000000001,45.8144178197508,-1.61085146955525,-1.62594308296247
"6354797","2015-12-30",25.25888714435,0.286245353159852,0.252788104089216,0.242721353921598,47.6409637327949,44.8683696005386,46.2546666666667,0.29393546040998,38.0696006389349,46.4740000000001,45.772495443784,-1.52848655204665,-1.60645177677931
"6354796","2015-12-31",25.5230321170741,0.139622641509435,0.229936171705125,0.240612746269681,47.4194927287059,44.8485072712942,46.1340000000001,0.162645570073904,34.5025795981749,46.3236000000001,45.6828293846128,-1.51652074372642,-1.58846557016873
"6354795","2016-01-04",27.2398981460611,0,0.141955998223092,0.208226758005812,47.5603721023484,44.3962945643183,45.9783333333334,-0.183190168598884,24.5370519133405,46.1048000000001,45.3904521333311,-1.77282492714963,-1.62533744156491
"6354794","2016-01-05",28.4544037086816,0.06426735218509,0.0679633312315052,0.146618500386575,47.5390197089586,44.1169802910416,45.8280000000001,-0.0205472865118807,28.0139800304672,45.8972000000001,45.170391848887,-1.91199608495883,-1.68266917024369
"6354793","2016-01-06",29.7215358143098,0.0179948586118253,0.0274207369323018,0.0791133554623004,47.4755785517808,43.849088114886,45.6623333333334,-0.00894017198818849,27.0476861210415,45.6996000000001,44.955672935702,-2.03297606590381,-1.75273054937572
"6354792","2016-01-07",32.3989664005096,0,0.0274207369323018,0.0409349350320368,47.9729242427811,42.826075757219,45.3995000000001,-0.293268607923176,16.5784949014827,45.3936000000001,44.3615832109418,-2.65518128978428,-1.93322069745743
"6354791","2016-01-08",34.3370324331007,0.358260869565218,0.125418576059011,0.0600866833078721,47.9714497455506,42.4595502544495,45.2155000000001,0.062975823992717,34.8583334849786,45.2112000000001,44.1213721161495,-2.74888130989831,-2.09635281994561
"6354790","2016-01-11",36.1966225140845,0.332173913043478,0.230144927536229,0.127661413509181,47.9230685580266,42.1359314419735,45.0295000000001,0.104381241693905,34.2694755714746,45.0500000000001,43.8931891673296,-2.82059822568581,-2.24120190109365
"6354789","2016-01-12",37.6567953520835,0.398260869565217,0.362898550724634,0.239487351439959,47.8200826644567,41.9125840022101,44.8663333333334,0.191973410286861,37.1653524901783,44.8980000000001,43.7460972783523,-2.7773220752353,-2.34842593592198
"6354788","2016-01-13",39.2334498001893,0.313043478260869,0.347826086956518,0.313623188405794,47.6899569966959,41.6827096699709,44.6863333333334,0.180996431625508,35.0226625596224,44.7196000000001,43.5532843079053,-2.80270170084396,-2.43928108890637
"6354787","2016-01-14",40.6974860734304,0.319148936170212,0.343484427998763,0.351403021893306,47.4653197144253,41.5156802855748,44.4905000000001,0.20578048956855,35.0226625596224,44.5636000000001,43.386179733518,-2.79233099474964,-2.50989107007503
"6354786","2016-01-15",42.7524097766885,0,0.210730804810357,0.30068043992188,47.3506473163247,41.0573526836754,44.2040000000001,-0.00540565035133605,27.8421041785417,44.3348000000001,42.9893557690489,-3.10415479584902,-2.62874381522983
"6354785","2016-01-19",43.0550128358733,0.357267950963223,0.225472295711142,0.259895842840088,47.0078159698556,41.0118506968111,44.0098333333334,0.290442415394101,41.7292426794858,44.1936000000001,42.917441666509,-2.93781476570324,-2.69055800532451
"6354784","2016-01-20",43.0983112039504,0.340425531914894,0.232564494292703,0.222922531604734,46.8841765850782,40.8908234149219,43.8875000000001,0.307425553959699,41.2266196367375,44.0464000000001,42.8391161109745,-2.79677673425363,-2.71180175111033
"6354783","2016-01-21",42.8154467936578,0.491329479768786,0.396340987548965,0.284792592517604,46.7527238230601,40.8376095102734,43.7951666666667,0.405017332950119,44.9738872727809,43.9196000000001,42.8552339628446,-2.53730355003821,-2.67690211089591
"6354782","2016-01-22",41.8001204733316,0.644705882352942,0.492153631345537,0.373686371062402,46.5560957587996,40.8425709078672,43.6993333333334,0.47444659753668,46.090234303133,43.7916000000001,42.894536101132,-2.26963258614011,-2.59544820594475
"6354781","2016-01-25",40.9695355544959,0.607058823529413,0.581031395217044,0.489842004703849,46.2654260067299,40.8712406599369,43.5683333333334,0.42615505257523,45.2575648449002,43.6536000000001,42.907264620981,-2.06369339002256,-2.48909724276031
"6354780","2016-01-26",39.1586546081299,0.697732997481108,0.649832567787818,0.5743391981168,45.9733633043999,40.9499700289336,43.4616666666667,0.523556454142502,46.4937583783922,43.5284000000001,42.9436293381836,-1.84345988251921,-2.35996977071209
"6354779","2016-01-27",37.2495897893803,0.808153477218226,0.704315099409579,0.645059687471481,45.7463704689916,41.0346295310085,43.3905000000001,0.639262042481368,50.3098190091495,43.4904000000001,43.0551454264258,-1.53855277375954,-2.19568637132158
"6354778","2016-01-28",35.4649901990191,0.820574162679426,0.77548687912625,0.709878182107883,45.4533809333232,41.1699524000102,43.3116666666667,0.681708023673102,50.6885607592439,43.4504000000001,43.1597927029023,-1.27109552596916,-2.0107682022511
"6354777","2016-01-29",33.043974775164,0.762396694214877,0.797041444704173,0.758947807746668,45.1809515082596,41.3223818250739,43.2516666666667,0.81920290879643,52.3823047041616,43.4092000000001,43.2851536758487,-0.999225423043237,-1.80845964640952
"6354776","2016-02-01",30.6848450411536,0.848178137651822,0.810382998182038,0.794303774004154,45.079966313348,41.3817003533188,43.2308333333334,0.937817800062653,55.5446239102281,43.3708000000001,43.4604665190689,-0.683272780881228,-1.58342227330386
"6354775","2016-02-02",28.9566261631223,0.763157894736842,0.791244242201177,0.799556228362463,45.1796428393795,41.3500238272873,43.2648333333334,0.821659499141747,52.3968298244768,43.3180000000001,43.5564043165264,-0.505300019891664,-1.36779782262142
"6354774","2016-02-03",27.3959140256754,0.755060728744939,0.788798920377864,0.796808720253694,45.234798879475,41.3318677871918,43.2833333333334,0.790380051949691,52.0940355416435,43.2720000000001,43.6342170743228,-0.367543552854444,-1.16774696866803
"6354773","2016-02-04",25.9553732868869,0.7292817679558,0.749166797145857,0.7764033199083,45.394047789098,41.2769522109021,43.3355000000001,0.870285306970693,53.749101703207,43.2292000000001,43.7323214644131,-0.213597916495423,-0.976917158233507
"6354772","2016-02-05",24.7784093474301,0.857923497267759,0.78075533132283,0.772907016282184,45.6255979990775,41.4780686675893,43.5518333333334,1.00427612027265,60.7358009219983,43.2280000000001,43.9640119358247,0.108892638506153,-0.759755198885575
"6354771","2016-02-08",23.1883438123932,0.718015665796345,0.768406977006631,0.766109701825107,45.8819393201644,41.4850606798358,43.6835000000001,0.899487942170874,57.423728188056,43.2272000000001,44.1128103443814,0.288620439083931,-0.550080071291674
"6354770","2016-02-09",21.7118543870019,0.743750000000002,0.773229721021365,0.774130676450276,46.1290289195068,41.5233044138267,43.8261666666667,0.883689181688399,59.027849775041,43.3012000000001,44.2764356317972,0.472353344057463,-0.345593388221847
"6354769","2016-02-10",20.3866087633806,0.627692307692307,0.696485991162881,0.74604089639696,46.3206390836469,41.5703609163532,43.9455000000001,0.813209728132813,56.3040072965234,43.3528000000001,44.3769108808909,0.5546092476447,-0.165552861048537
"6354768","2016-02-11",20.1767298547457,0.350769230769231,0.57407051282051,0.681262075001586,46.3486316857968,41.70803498087,44.0283333333334,0.585836662537465,49.2049694629467,43.3756000000001,44.3439894301055,0.451029942737491,-0.0422363002913318
"6354767","2016-02-12",18.8095266391139,0.61111111111111,0.529857549857546,0.60013801794698,46.4676658726721,41.8496674606614,44.1586666666667,0.757254311069085,55.3960131086836,43.5576000000001,44.4381241727581,0.529882034740403,0.0721873667150152
"6354766","2016-02-16",18.2271209243382,0.577702702702703,0.513194348194345,0.539040803624134,46.3362359470346,42.4694307196322,44.4028333333334,0.88890847738496,58.0306708171437,43.6748000000001,44.578374283057,0.664030466487686,0.190555986669549
"6354765","2016-02-17",18.121674491158,0.818991097922849,0.669268303912217,0.570773400654703,46.6504080670942,42.5602585995726,44.6053333333334,1.03738867429015,63.8343313907493,43.8424000000001,44.8479243786494,0.958384395946066,0.344121668524853
"6354764","2016-02-18",17.908067884221,0.774919614147909,0.723871138257817,0.635444596788127,46.8629173671027,42.7484159662307,44.8056666666667,0.970125817170295,63.0727506333333,43.9912000000001,45.0695344614962,1.16008593104546,0.507314521028975
"6354763","2016-02-19",17.3196035838471,0.675324675324675,0.756411795798475,0.716517079322837,47.0020718392244,42.9269281607757,44.9645000000001,0.854711419782437,60.4824255179875,44.1476000000001,45.2215965332967,1.2506300079548,0.65597761841414
"6354762","2016-02-22",17.4161834351506,0.741741741741742,0.730662010404772,0.736981648153688,47.2243113237689,43.0380220095645,45.1311666666667,0.919345121237414,62.631007502464,44.3196000000001,45.4053836621904,1.37495915985504,0.79977392670232
"6354761","2016-02-23",17.6401229465349,0,0.472355472355469,0.653143092852906,47.1174135336829,43.2672531329839,45.1923333333334,0.292476178432724,43.2264888327305,44.4476000000001,45.1659991738984,0.930791311348789,0.825977403631613
"6354760","2016-02-24",17.8480667785346,0.257142857142858,0.33296153296153,0.511993005240591,47.0443061476914,43.4803605189753,45.2623333333334,0.420780684458676,48.8745490449546,44.5336,45.0905326173786,0.746274094357924,0.810036741776876
"6354759","2016-02-25",17.7841258526185,0.464935064935065,0.240692640692638,0.348669882003213,47.0360889149423,43.6432444183911,45.3396666666667,0.574765190955393,52.9480745503331,44.6564,45.1317949350615,0.734612099962106,0.794951813413922
"6354758","2016-02-26",17.2004080349424,0.571428571428572,0.431168831168828,0.334941001607666,47.056705036072,43.8169616305948,45.4368333333334,0.684119519771681,54.9300528276061,44.7704,45.2222222770533,0.789336811914843,0.793828813114106
"6354757","2016-02-29",16.7017329142617,0.558441558441558,0.531601731601728,0.401154401154399,47.0835512105813,43.9374487894188,45.5105000000001,0.641815683960393,54.6278445290749,44.8748,45.2939259734462,0.814127482140559,0.797888546919396
"6354756","2016-03-01",16.0715273591737,0.553246753246754,0.561038961038958,0.507936507936505,47.1235559800678,44.0117773532657,45.5676666666667,0.636792078652477,54.4986848177782,44.9848,45.35340251032,0.820560369077494,0.802422911351016
"6354755","2016-03-02",15.486336486592,0.558441558441558,0.556709956709953,0.549783549783547,47.1284777009434,44.1575222990567,45.6430000000001,0.621285339088038,54.6142473968599,45.088,45.407615508944,0.819615059342693,0.805861340949352
"6354754","2016-03-03",14.5583706341963,0.527272727272727,0.546320346320343,0.554689754689752,47.105618426558,44.3417149067754,45.7236666666667,0.610833584146733,53.7324559120335,45.1624,45.4386001077515,0.788362047367541,0.80236148223299
"6354753","2016-03-04",13.9283421210486,0.766233766233767,0.617316017316014,0.573448773448771,47.2219467144451,44.421053285555,45.8215000000001,0.85530329587047,59.1747285339997,45.2712,45.5881200933846,0.915910872923353,0.825071360371062
"6354752","2016-03-07",13.1035684825657,0.636363636363637,0.64329004329004,0.6023088023088,47.291107775525,44.4365588911418,45.8638333333334,0.719357485903384,55.3632598149949,45.3496,45.6510374142667,0.917460978071705,0.843549283911191
"6354751","2016-03-08",12.2542391393875,0.73989898989899,0.714165464165461,0.658257174923839,47.415266484895,44.4567335151051,45.9360000000001,0.820203743884787,58.150066082233,45.4272,45.7695657590311,0.991691029261355,0.873177632981224
"6354750","2016-03-09",11.7562576814797,0.821852731591449,0.732705119284689,0.696720208913397,47.6091611962935,44.4355054703732,46.0223333333334,0.908887030835807,61.0422598132965,45.5428,45.9429569911603,1.13004251293367,0.924550608971713
"6354749","2016-03-10",11.4578534379601,0.767816091954024,0.776522604481484,0.741131062643879,47.7684805042026,44.4615194957975,46.1150000000001,0.85430313925344,60.0306896838699,45.6552,46.0772293923389,1.20384603374288,0.980409693925947
"6354748","2016-03-11",11.9429779805911,0.841584158415842,0.810417660653769,0.773215128139981,47.9841509565489,44.6158490434512,46.3000000000001,1.04231084795682,64.7951404092082,45.7948,46.3149321400271,1.40401512160702,1.06513077946216
"6354747","2016-03-14",11.592218922542,0.657635467980297,0.755678572783384,0.78087294597288,48.1154994057503,44.7031672609164,46.4093333333334,0.829393491692077,59.8165875605621,45.8668,46.4422745213568,1.44202172376948,1.14050896832363
"6354746","2016-03-15",11.4995008158259,0.592024539877301,0.69708138875781,0.754392540731655,48.2667199700157,44.7256133633177,46.4961666666667,0.823957111174443,60.15190196146,45.9568,46.5606379185092,1.46503943297414,1.20541506125373
"6354745","2016-03-16",11.3851574600101,0.552980132450332,0.600880046769307,0.684546669436835,48.3622676426602,44.7067323573399,46.5345000000001,0.783269047944422,59.972255279484,46.0356,46.660552862708,1.46244103892312,1.25682025678761
"6354744","2016-03-17",12.5462976268617,0.572580645161291,0.572528439162972,0.623496624896697,48.5952633634793,44.6297366365208,46.6125000000001,0.925542460356644,62.7293360260614,46.1452,46.8084791476803,1.52166049531792,1.30978830449367
"6354743","2016-03-18",13.6244992103668,0.709677419354839,0.611746065655485,0.595051517195922,48.8635124798975,44.5721541867693,46.7178333333334,0.919175750534225,65.561567638976,46.3112,47.0046819279896,1.63640122940865,1.37511088947667
"6354742","2016-03-21",12.962098213455,0.209677419354839,0.497311827956987,0.560528777591815,48.8862838124918,44.578382854175,46.7323333333334,0.603143813572468,50.4917095389313,46.366,46.926724337591,1.39154912316282,1.3783985362139
"6354741","2016-03-22",12.3470115734656,0.612903225806452,0.51075268817204,0.539936860594838,48.8734576358214,44.9682090308454,46.9208333333334,0.818161562983925,58.730319433779,46.4632,47.0591610925788,1.43838832592511,1.39039649415614
"6354740","2016-03-23",11.7642292255755,0.6,0.474193548387094,0.494086021505374,48.9019209282641,45.2664124050693,47.0841666666667,0.819762694154918,59.3136297087844,46.5208,47.1899396135683,1.47831681099642,1.40798055752419
"6354739","2016-03-24",11.0880094558057,0.6,0.604301075268814,0.52974910394265,48.9722210253591,45.4651123079744,47.2186666666667,0.803573898747159,59.3136297087844,46.582,47.3032809984259,1.49212813709809,1.42481007343897
"6354738","2016-03-28",11.0313438021801,0.671974522292993,0.623991507430995,0.567495377028968,49.1664568599678,45.5548764733657,47.3606666666667,0.918837878364323,61.8661178883694,46.6748,47.4668435319691,1.56773304204694,1.45339466716057
"6354737","2016-03-29",10.7229233681854,0.608280254777069,0.626751592356684,0.618348058352165,49.2442746499163,45.7353920167504,47.4898333333334,0.799288057326415,60.2058726368949,46.744,47.5819310610399,1.57471733059789,1.47765919984803
"6354736","2016-03-30",10.7048717363429,0.719745222929936,0.666666666666663,0.639136588818115,49.3416903587551,45.9239763079116,47.6328333333334,0.857110039588806,62.1216001573229,46.9468,47.7283402529012,1.62016988836247,1.50616133755092
"6354735","2016-03-31",10.5069996192519,0.678343949044584,0.668789808917193,0.654069355980181,49.3621617544518,46.1728382455483,47.7675000000001,0.791336599775062,60.9479627658635,47.1048,47.8378948858477,1.61491665970404,1.52791240198154
"6354734","2016-04-01",10.1854551593692,0.429936305732484,0.609341825902332,0.648266100495397,49.2589175658749,46.4864157674585,47.8726666666667,0.594018574420945,54.3171847394466,47.1996,47.8288422344014,1.46215568749113,1.51476105908346
"6354733","2016-04-04",10.0504043699962,0.385350318471338,0.497876857749466,0.592002830856331,49.2296553331129,46.6316780002206,47.9306666666667,0.517706082119176,53.1984619409359,47.2724000000001,47.8023299364812,1.30250578463076,1.47231000419292
"6354732","2016-04-05",10.2404041190194,0.29936305732484,0.371549893842884,0.492922859164895,49.1185295101841,46.8528038231494,47.9856666666667,0.325368680361057,51.016166865409,47.3364,47.743352611617,1.11755431787091,1.40135886692852
"6354731","2016-04-06",10.5111786917961,0.273885350318471,0.31953290870488,0.396319886765744,49.0578517865033,46.9744815468302,48.0161666666667,0.249044445688432,50.357015306007,47.398,47.6815722634014,0.946553767068914,1.3103978469566
"6354730","2016-04-07",11.2886982282922,0.127388535031847,0.233545647558383,0.308209483368717,49.0813310629492,46.9280022703843,48.0046666666667,0.0752313024258386,46.6265478975103,47.4404,47.5666959616146,0.724695268419384,1.19325733124915
"6354729","2016-04-08",11.2782281390684,0.289808917197451,0.230360934182587,0.261146496815284,49.063878124372,46.9751218756281,48.0195000000001,0.291183549095775,50.9638223703194,47.508,47.535136500066,0.628118778308995,1.08022962066112
"6354728","2016-04-11",10.9087961272543,0.291970802919707,0.236389418382999,0.233432000041323,49.0514676784419,46.9605323215582,48.0060000000001,0.428580607314444,53.288322537426,47.5504,47.5464516333905,0.593990792657517,0.982981855060401
"6354727","2016-04-12",10.7642373913266,0.237226277372262,0.273001999163137,0.246584117242908,49.0480138843286,46.9753194490048,48.0116666666667,0.323900718900209,51.9174278767535,47.6068,47.5362580822718,0.535296057559154,0.893444695560152
"6354726","2016-04-13",10.1076418375246,0.375912408759124,0.301703163017028,0.270364860187722,49.0554254101439,47.0102412565229,48.0328333333334,0.516542927576168,55.0708170858333,47.6592,47.5780903379689,0.546973234080794,0.82415040326428
"6354725","2016-04-14",10.0475766484777,0.492700729927007,0.368613138686128,0.314439433622098,49.0876629766737,47.0626703566597,48.0751666666667,0.668642589915997,57.5930105320708,47.7032,47.6570116262397,0.603397184061905,0.779999759423805
"6354724","2016-04-15",11.0310077722451,0.761589403973508,0.54340084755321,0.404572383085456,49.2831394417186,46.9731938916148,48.1281666666667,1.03327375326137,64.0459299636811,47.79,47.8520767427411,0.799036263576824,0.783807060254409
"6354723","2016-04-18",11.5219809884446,0.672185430463576,0.642158521454694,0.518057502564678,49.3656651990452,46.9430014676216,48.1543333333334,0.865575566752783,61.1957962674408,47.8296,47.9851331770423,0.897298966537474,0.806505441511022
"6354722","2016-04-19",12.4689653929969,0.80844155844156,0.747405464292878,0.644321611100261,49.5308454584955,47.0108212081713,48.2708333333334,0.990405333668623,64.1249674401428,47.9112,48.16178208677,1.0396788400318,0.853140121215177
"6354721","2016-04-20",13.4278732125176,0.803797468354431,0.761474819086519,0.717012934944698,49.7199353381021,46.962064661898,48.3410000000001,0.944424996879688,64.4391879300053,47.9924,48.3215444752006,1.14670605911633,0.911853308795408
"6354720","2016-04-21",12.5371606630045,0.373417721518988,0.661885582771656,0.723588622050352,49.722815034139,46.9661849658612,48.3445000000001,0.489903130763288,51.2820563872409,48.02,48.2786718785072,0.992658734512575,0.928014393938842
"6354719","2016-04-22",11.831574240951,0.566455696202532,0.58122362869198,0.668194676850052,49.7620215042446,46.9783118290889,48.3701666666667,0.653212816626102,55.6555274887694,48.0536,48.3228489613729,0.96139100517636,0.934689716186345
"6354718","2016-04-25",11.0624505067447,0.537974683544305,0.492616033755272,0.578575081739637,49.7431642437748,46.9801690895586,48.3616666666667,0.623658076687264,54.8728333953532,48.0632,48.3491357665232,0.911009989187717,0.92995377078662
"6354717","2016-04-26",11.1927891633495,0.591772151898734,0.565400843881854,0.546413502109703,49.8008209006019,46.9745124327316,48.3876666666667,0.737883918537695,56.1278901602301,48.154,48.3945843309868,0.889127121565547,0.921788440942405
"6354716","2016-04-27",11.9886484581987,0.629746835443038,0.586497890295356,0.548171589310828,49.9457590904236,46.9152409095765,48.4305000000001,0.922205023578611,60.5109581758695,48.21,48.5179730868552,0.965356968404341,0.930502146434792
"6354715","2016-04-28",12.7276606605587,0.692052980132451,0.637857322491404,0.596585352222872,50.1248212369252,46.8525120964082,48.4886666666667,0.919072060262806,62.0657648535056,48.2708,48.6569100086078,1.05292169561717,0.954986056271268
"6354714","2016-04-29",12.861759929412,0.569536423841059,0.630445413138846,0.618266875308536,50.2273795976627,46.8776204023374,48.5525000000001,0.755988550220744,58.2575027481829,48.3168,48.7279886741268,1.04844968156688,0.97367878133039
"6354713","2016-05-02",13.7514926949373,0.593525179856114,0.618371527943205,0.628891421191152,50.3949233411894,46.9000766588107,48.6475000000001,0.851708323247531,60.4472598752096,48.3556,48.8309235175766,1.08341980488478,0.995626986041267
"6354712","2016-05-03",13.7402485044377,0,0.387687201232388,0.54550138077148,50.388939070127,46.9150609298731,48.6520000000001,0.220197439070491,41.0139900578181,48.2984,48.5734670485664,0.672884485808711,0.931078485994756
"6354711","2016-05-04",13.8542508199744,0,0.197841726618702,0.401300151931432,50.4320149544343,46.8303183788991,48.6311666666667,0.0683978460153745,40.1583782952446,48.2208,48.3290047754242,0.315941443956702,0.808051077587145
"6354710","2016-05-05",13.8065024979417,0.167095115681234,0.0556983718937413,0.213742433248277,50.3856117493937,46.9233882506064,48.6545000000001,0.182910899969947,45.1632662669855,48.1744,48.203804138701,0.139259617918785,0.674292785653474
"6354709","2016-05-06",13.1215540490897,0.125964010282775,0.097686375321333,0.117075491277926,50.3809200661733,46.9347466004935,48.6578333333334,0.207550028061464,44.1836766621927,48.1528,48.0739635868742,-0.0276173127729651,0.533910765968186
"6354708","2016-05-09",12.2299415700785,0.3573264781491,0.216795201371033,0.12339331619537,50.3726552006971,46.9906781326363,48.6816666666667,0.39700304693872,50.6657582425172,48.1728,48.0814351086243,-0.00875098887219705,0.425378415000109
"6354707","2016-05-10",11.5670543468063,0.437017994858611,0.306769494430159,0.207083690374176,50.3541806952108,47.1068193047893,48.7305,0.466998848054665,52.703216596397,48.2160000000001,48.1292437608077,0.0575598379555009,0.351814699591188
"6354706","2016-05-11",11.1883367251428,0.27249357326478,0.355612682090827,0.293059125964007,50.3525622307479,47.1141044359189,48.7333333333334,0.311638737125412,48.2709199253791,48.2368,48.0853445927,0.00266248656273227,0.281984256985497
"6354705","2016-05-12",10.9555286415526,0.241645244215938,0.317052270779773,0.326478149100254,50.360684318875,47.0576490144584,48.7091666666667,0.265115034557456,47.464891883732,48.2712000000001,48.0312986470067,-0.0603523453414967,0.213516936520098
"6354704","2016-05-13",11.3564746710616,0.0745501285347041,0.196229648671804,0.289631533847469,50.3328955140539,46.8841044859462,48.6085,0.134122994681482,43.2519359124498,48.2592000000001,47.8977921607391,-0.217330655931691,0.12734741802974
"6354703","2016-05-16",11.7287816984629,0.0771208226221072,0.13110539845758,0.214795772636386,50.3319305465745,46.7020694534256,48.5170000000001,0.139931125059593,43.3352653806756,48.2360000000001,47.7834198726406,-0.336581935059543,0.0345615474118834
"6354702","2016-05-17",11.0909670978672,0.146529562982005,0.0994001713796023,0.142245072836329,50.2166759276242,46.6323240723759,48.4245000000001,0.285781819324156,45.6556009521141,48.2296000000001,47.7202972229552,-0.381298734470903,-0.0486105089646739
"6354701","2016-05-18",10.553475184937,0.133676092544986,0.119108826049696,0.116538131962293,50.0765261640673,46.5644738359328,48.3205000000001,0.2625794676652,45.2857806737059,48.2060000000001,47.6589242598945,-0.42046939630288,-0.122982286432315
"6354700","2016-05-19",10.2366588482223,0.0925449871465294,0.124250214224504,0.114253070551268,50.0775940140529,46.4684059859472,48.273,0.248881652528076,44.0559759808732,48.1632000000001,47.5844010252419,-0.473311990991299,-0.193048227344112
"6354699","2016-05-20",10.054963254444,0.407999999999998,0.211407026563835,0.151588688946012,50.027365140792,46.4476348592081,48.2375000000001,0.457864609490453,50.078401113357,48.1088000000001,47.6078142218763,-0.398691398591611,-0.234176861593612
"6354698","2016-05-23",10.0156710579002,0.519999999999998,0.340181662382172,0.225279634390171,49.9907340386154,46.4365992947181,48.2136666666667,0.503657711633547,51.3599745825906,48.0712000000001,47.6481056589595,-0.310554335246493,-0.249452356324188
"6354697","2016-05-24",10.5501537284926,0.680672268907563,0.53622408963585,0.362604259527286,49.9692377112343,46.4424289554325,48.2058333333334,0.697770859804213,57.1977426861039,48.0448000000001,47.7816915710982,-0.114287012320491,-0.222419287523449
"6354696","2016-05-25",11.1169515201414,0.693877551020408,0.631516606642653,0.502640786220226,49.8341544448446,46.5045122218222,48.1693333333334,0.743469601947431,57.7875853633513,48.0196000000001,47.9081326949518,0.0537196057343037,-0.167191508871898
"6354695","2016-05-26",11.6122277330382,0.685714285714287,0.686754701880749,0.618165132719751,49.6330587122339,46.6069412877662,48.12,0.748943853679378,57.5739759277521,48.0480000000001,48.0150483356249,0.18105206840906,-0.0975427934157065
"6354694","2016-05-27",11.9896888961617,0.665306122448979,0.681632653061221,0.666634653861542,49.5142431435667,46.6610901897667,48.0876666666667,0.736814036123339,57.0066455182221,48.0500000000001,48.1010418908749,0.270192043232531,-0.023995826086059
"6354693","2016-05-31",11.7670479671337,0.522448979591838,0.624489795918365,0.664292383620112,49.2206557102563,46.8273442897438,48.0240000000001,0.742063497615878,53.0648042590969,48.0416000000001,48.1289029720916,0.278817497008266,0.0365668385328059
"6354692","2016-06-01",11.5603099616077,0.534693877551022,0.574149659863943,0.62675736961451,49.2658578360887,46.8624754972448,48.0641666666667,0.674406984644919,53.3624824133784,48.0276000000001,48.1570492424794,0.287341919151318,0.0867218546565084
"6354691","2016-06-02",11.195392396285,0.493877551020409,0.517006802721087,0.571882086167799,49.2498620121365,47.0104713211969,48.1301666666667,0.619005585348816,52.1746068595031,47.9844000000001,48.1681093434821,0.27417036384938,0.124211556495083
"6354690","2016-06-03",11.4935641110615,0.409836065573771,0.479469164715064,0.523541875766699,49.2665960031013,47.0790706635655,48.1728333333334,0.608417791730331,49.7875101869541,47.9236000000001,48.1510280976845,0.227608216700914,0.144890888536249
"6354689","2016-06-06",12.3792906013037,0.675889328063241,0.526534314885804,0.507670094107319,49.3789176675478,47.1100823324523,48.2445000000001,0.869719794274086,57.7938182979269,47.9084000000001,48.2388910179932,0.315958291378537,0.179104369104707
"6354688","2016-06-07",13.546882940662,0.802120141342755,0.629281844993253,0.545095108198041,49.5763814261623,47.0349519071711,48.3056666666667,0.992242649521323,62.4794842830522,47.9032000000001,48.3897055489275,0.473706576494726,0.23802481058271
"6354687","2016-06-08",14.9158722418337,0.73462783171521,0.737545767040399,0.631120642306486,49.7502232675983,46.9631100657351,48.3566666666667,0.961648513525205,62.4794842830522,48.0020000000001,48.5204114757372,0.591323934395138,0.308684635345196
"6354686","2016-06-09",16.1870765929216,0.695473251028809,0.744073741362255,0.703633784465303,49.9318659489277,46.934800717739,48.4333333333334,0.908177079565298,63.1571565762872,48.1104000000001,48.6443566123055,0.689389869442025,0.384825682164562
"6354685","2016-06-10",16.4489085747088,0.486842105263161,0.638981062669057,0.706866857023904,50.0266498651317,46.9763501348684,48.5015,0.760684764443779,57.1792074591215,48.1756000000001,48.6944423973315,0.687616560595927,0.445383857850835
"6354684","2016-06-13",16.0572626897005,0.302325581395348,0.494880312562436,0.625978372197916,50.0153093247821,47.1413573418847,48.5783333333334,0.606125642256716,53.0307416643941,48.2340000000001,48.6938500776873,0.624313569705959,0.48116980022186
"6354683","2016-06-14",15.2327841999487,0,0.263055895552833,0.465639090261442,49.9345982836172,47.3264017163828,48.6305,0.355391778593345,45.7700742277725,48.2296000000001,48.6040034006623,0.457802208448688,0.476496281867225
"6354682","2016-06-15",14.4173129716312,0.0967741935483845,0.133033258314574,0.296989822143282,49.8989904674511,47.4366761992157,48.6678333333334,0.392580730489126,48.1655749446569,48.2212000000001,48.554136280574,0.356507383540383,0.452498502201857
"6354681","2016-06-16",14.3958350373771,0,0.032258064516125,0.142782406127845,49.846784428663,47.5362155713371,48.6915,0.18341129601884,43.2651787850659,48.2184000000001,48.4442514431641,0.190773879586925,0.400153577678871
"6354680","2016-06-17",14.1209062876968,0.0975609756097569,0.0647783897193773,0.0766899041833594,49.7475390959233,47.7154609040768,48.7315,0.222041535803227,46.0998973942784,48.2300000000001,48.3810179174089,0.0981149080167887,0.339745843746454
"6354679","2016-06-20",13.6866148184771,0.357723577235773,0.151761517615174,0.0829326572835591,49.7439768650559,47.7976898016109,48.7708333333334,0.552664379230126,52.8634036962558,48.2932,48.4115488617544,0.129902145402516,0.297777104077667
"6354678","2016-06-21",12.7708222928426,0.223577235772359,0.226287262872627,0.147609056735726,49.7351033964688,47.827563270198,48.7813333333334,0.319313543175359,49.4198832095777,48.3428000000001,48.3940090135205,0.0989199066577351,0.25800566459368
"6354677","2016-06-22",12.3255709005084,0.219512195121954,0.266937669376692,0.214995483288165,49.720753561278,47.8039131053888,48.7623333333334,0.375315653284678,49.3150502679626,48.3812000000001,48.3774744783844,0.0718661113812358,0.220777753951191
"6354676","2016-06-23",12.19354460121,0.44308943089431,0.295392953929538,0.262872628726286,49.7185804864031,47.8037528469303,48.7611666666667,0.60209796222379,54.9725064980012,48.4436000000001,48.4364778812665,0.14050775329737,0.204723753820427
"6354675","2016-06-24",12.6377792749419,0,0.220867208672085,0.261065943992772,49.7790667955552,47.6152665377782,48.6971666666667,-0.0101364275034484,40.9952409051138,48.4500000000001,48.2796141637643,-0.064646834262061,0.15084963620393
"6354674","2016-06-27",13.7695844430054,0,0.147696476964767,0.221318879855464,49.9545102551093,47.2458230782241,48.6001666666667,-0.155975835266672,36.0585131198258,48.3988000000001,48.0396656085957,-0.354667711971224,0.0497461665688989
"6354673","2016-06-28",14.5621591590045,0.0974930362116995,0.0324976787372302,0.133687121458028,50.0270587614315,47.0242745719019,48.5256666666667,0.0296587286365621,39.5747820887171,48.3556000000001,47.878376860783,-0.520792410065074,-0.0643615487578957
"6354672","2016-06-29",14.2334616414418,0.40652818991098,0.168007075374224,0.116067077025407,50.0196833332417,46.987983333425,48.5038333333334,0.349204516708667,48.4685978282406,48.3236,47.8745932793452,-0.475283902286561,-0.146546019463629
"6354671","2016-06-30",13.2399421346122,0.575342465753424,0.359787897292032,0.186764217134495,50.0220604523562,46.9916062143105,48.5068333333334,0.483445826029347,50.8369949710514,48.3008,47.9126475087659,-0.382538491844708,-0.193744513939845
"6354670","2016-07-01",13.0361096967866,0.683076923076925,0.554982526247107,0.360925832971121,50.070685766225,47.0063142337751,48.5385,0.664742860970812,54.7392947959859,48.3004,48.0176278409304,-0.215718636719253,-0.198139338495726
"6354669","2016-07-05",12.8468367188057,0.732307692307693,0.663575693712678,0.526115372417272,50.0773166521101,47.0050166812233,48.5411666666667,0.693828729500026,55.857320558377,48.3084,48.1299441288064,-0.0562586872761117,-0.169763208251803
"6354668","2016-07-06",12.104125156508,0.593846153846154,0.669743589743588,0.629433936567791,49.9650356056285,47.0316310610383,48.4983333333334,0.568748331026669,51.9690832347519,48.3124,48.1672849116322,-0.00542525102248392,-0.13689561680594
"6354667","2016-07-07",11.4264344041701,0.756923076923077,0.694358974358972,0.675892752605079,49.8646776132045,47.0733223867956,48.469,0.710530949664431,55.8657762859399,48.3364,48.2703135900812,0.122065421653117,-0.0851034091141283
"6354666","2016-07-08",11.7327241921289,0.76986301369863,0.706877414822617,0.690326659641726,49.8460321746575,47.0833011586759,48.4646666666667,0.900087206079515,58.2732771745534,48.3784,48.4062717780704,0.277991652441956,-0.0124843968029115
"6354665","2016-07-11",12.0171361380906,0.791780821917807,0.772855637513168,0.724697342231586,49.9006664614844,47.0576668718491,48.4791666666667,0.889553345008401,58.8261422417132,48.4316,48.5347688743277,0.409687330026021,0.0719499485628749
"6354664","2016-07-12",12.5585208051916,0.878947368421053,0.813530401345827,0.764421151227204,50.0901426007349,46.9771907325986,48.5336666666667,0.962476365729526,61.885317703733,48.472,48.7061330244173,0.581464511211216,0.173852861092543
"6354663","2016-07-13",13.1047284649958,0.869791666666667,0.846839952335172,0.811075330398056,50.2933836414035,46.9472830252633,48.6203333333334,0.908335997651321,61.885317703733,48.49,48.8546486211617,0.708688158349724,0.280819920543979
"6354662","2016-07-14",13.8988578393297,0.895121951219512,0.881286995435741,0.847219116372247,50.5352026182131,46.8944640484537,48.7148333333334,0.933565873999101,64.1506646649784,48.5212000000001,49.0273621383401,0.853357857547543,0.395327507944692
"6354661","2016-07-15",14.1467800963992,0.826829268292683,0.863914295392951,0.864013747721288,50.684587153657,46.9490795130098,48.8168333333334,0.816735175105047,60.8461743999878,48.538,49.1397138532281,0.910825864607179,0.498427179277189
"6354660","2016-07-18",13.9547001949956,0.744,0.821983739837395,0.855728343555363,50.786655488848,47.0093445111521,48.898,0.736146826477088,57.974677709817,48.562,49.203752006131,0.904643851532327,0.579670513728217
"6354659","2016-07-19",13.7763402865494,0.710622710622711,0.760483992971795,0.815460676067381,50.8847291835894,47.0119374830773,48.9483333333334,0.740567202863874,59.3785389326418,48.606,49.2819184053136,0.916843409724799,0.647105092927533
"6354658","2016-07-20",13.8110688618996,0.681818181818184,0.712146964146962,0.764871565652051,50.9910743385646,47.0559256614355,49.0235,0.732900984231325,59.5497375398028,48.6776,49.3523292846051,0.918985093794222,0.701481093100871
"6354657","2016-07-21",13.1683126442342,0.474654377880184,0.622365090107023,0.698332015741927,51.0424223280152,47.1085776719849,49.0755,0.624009302854776,54.9369285274036,48.726,49.3640187133244,0.85032502104776,0.731249878690249
"6354656","2016-07-22",13.1412850983753,0.520737327188941,0.559069962295767,0.631194005516584,51.1035535148174,47.1274464851826,49.1155,0.661254881191044,55.930516983246,48.7984,49.3874828848812,0.80297620924672,0.745595144801543
"6354655","2016-07-25",13.1602599387122,0.668202764976959,0.554531490015359,0.578655514139383,51.1273102229618,47.3423564437049,49.2348333333334,0.696876028117028,59.0426107556388,48.874,49.450485166897,0.808304932671633,0.758137102375561
"6354654","2016-07-26",13.5332292729446,0.670731707317074,0.619890599827655,0.57783068404626,50.9788640598324,47.826469273501,49.4026666666667,0.746585020602051,60.7228157632606,48.9312,49.5290871446441,0.832104392671829,0.772930560434815
"6354653","2016-07-27",13.4452940158571,0.41860465116279,0.585846374485605,0.586756154776206,50.749143669551,48.3515229971157,49.5503333333334,0.715352386334266,57.7464469185712,48.9932,49.5692088586915,0.807308322762745,0.779806112900401
"6354652","2016-07-28",12.5818792425347,0.0413223140495903,0.376886224176481,0.527541066163247,50.6140743528884,48.652258980445,49.6331666666667,0.535766192707137,52.3512066557214,49.0392,49.5493143441993,0.712685208462016,0.766381932012724
"6354651","2016-07-29",12.451109116498,0,0.153308988404124,0.372013862355404,50.5148508770103,48.8301491229897,49.6725,0.245256591772117,46.3258149385113,49.042,49.4614057649728,0.545051959388032,0.722115937487786
"6354650","2016-08-01",12.3296797137497,0.236686390532544,0.0926695681940414,0.207621593591549,50.491855184113,48.8951448158871,49.6935,0.355849456954151,50.917325756902,49.1232,49.4385516629764,0.471978935580109,0.67208853710625
"6354649","2016-08-02",14.0035391805763,0.300813008130081,0.179166466220872,0.141715007606346,50.6839918294262,48.8753415039072,49.7796666666667,1.09731464843725,57.8153899604442,49.264,49.5134114412462,0.523836304607972,0.642438090606595
"6354648","2016-08-03",15.5578372569153,0.395663956639567,0.311054451767394,0.194296828727436,50.7641751409335,49.0104915257332,49.8873333333334,1.05084052312914,60.7442377920034,49.4048,49.6249565824134,0.614591375152851,0.636868747515846
"6354647","2016-08-04",16.592753295103,0.327913279132792,0.341463414634143,0.277228110874137,50.7645112056984,49.140822127635,49.9526666666667,0.75292198624411,57.6645390059882,49.4948,49.6882957047583,0.638243072805156,0.637143612573708
"6354646","2016-08-05",17.8197673064203,0.422764227642277,0.382113821138209,0.344877229179916,50.8628277365429,49.1555055967905,50.0091666666667,0.904629751614117,60.6708276801949,49.5864,49.7898562774572,0.705438074929798,0.650802505044926
"6354645","2016-08-08",19.160198293946,0.533875338753388,0.428184281842816,0.383920505871723,51.0256763709226,49.1393236290775,50.0825,1.01466160691859,63.9043902283184,49.6728,49.9325421071295,0.815231473322542,0.683688298700449
"6354644","2016-08-09",20.1866051170431,0.501355013550136,0.485998193315264,0.432098765432097,51.1322549208666,49.1240784124668,50.1281666666667,0.877705842503047,62.2901509326668,49.748,50.0402031595123,0.872296894713309,0.721410017903021
"6354643","2016-08-10",20.5469911772418,0.411924119241192,0.482384823848235,0.465522433002105,51.1960930190637,49.1319069809363,50.164,0.761281359030309,57.9546165574128,49.828,50.0895094049106,0.854238493712778,0.747975713064973
"6354642","2016-08-11",19.7557742111299,0.219512195121952,0.377597109304423,0.448660042155975,51.1934641773568,49.1308691559766,50.1621666666667,0.545816071027235,49.9062574526176,49.8584,50.0375748175892,0.717254570351766,0.741831484522331
"6354641","2016-08-12",19.0210727425974,0.452574525745258,0.361336946702797,0.407106293285152,51.2711109882454,49.1358890117547,50.2035,0.791850998878738,57.5890947679653,49.9092,50.1072315085773,0.738758079056212,0.741216803429108
"6354640","2016-08-15",18.5197661643314,0.604336043360433,0.425474254742544,0.388136103583256,51.4173930746849,49.1352735919818,50.2763333333334,0.925189540112926,61.7074748347725,49.9792,50.2422673074337,0.835944156358703,0.760162274015027
"6354639","2016-08-16",17.5842916428096,0.525745257452574,0.527551942186085,0.438121047877143,51.4922162736198,49.1677837263802,50.33,0.768165808499608,58.5373484163101,50.0196,50.3206316664425,0.856139951680257,0.779357809548073
"6354638","2016-08-17",16.7885281887812,0.531165311653117,0.553748870822038,0.50225835591689,51.563187458656,49.2011458746774,50.3821666666667,0.754511466158879,58.6949492996405,50.0608,50.3912141109169,0.865170718050434,0.796520391248545
"6354637","2016-08-18",15.6006947650038,0.39209726443769,0.483002611181124,0.521434474729749,51.5686983272242,49.3129683394425,50.4408333333334,0.631147493244186,55.6212540678646,50.078,50.4163855627946,0.81954486345388,0.801125285689612
"6354636","2016-08-19",14.7253267660047,0.26736111111111,0.396874562400636,0.4778753481346,51.5765552988398,49.4004447011602,50.4885,0.601787105966107,54.3720050279663,50.102,50.423534154422,0.757036890766893,0.792307606705069
"6354635","2016-08-22",13.9293939308627,0.550925925925926,0.403461433824905,0.427779535802222,51.6221499434433,49.4561833898901,50.5391666666667,0.709683139345618,58.2296125521647,50.1528,50.4857296004991,0.765798425509012,0.787005770465857
"6354634","2016-08-23",13.4691841430192,0.772222222222224,0.530169753086417,0.44350191643732,51.6933342767292,49.4849990566042,50.5891666666667,0.767546941220215,59.9653655006626,50.2048,50.5662989870992,0.795342478942285,0.788673112161143
"6354633","2016-08-24",13.2847206155074,0.777777777777778,0.700308641975306,0.544646609628876,51.7583392723022,49.5366607276978,50.6475,0.763689512938798,60.0547452825597,50.2564,50.6374591221526,0.810794583930075,0.793097406514929
"6354632","2016-08-25",13.1134330542464,0.777777777777778,0.775925925925923,0.668801440329216,51.7693791922013,49.675954141132,50.7226666666667,0.731200061235897,60.0547452825598,50.3228,50.6991312391989,0.813493571262658,0.797176639464475
"6354631","2016-08-26",12.5864554864461,0.688888888888887,0.748148148148145,0.741460905349792,51.6221210919253,50.0082122414081,50.8151666666667,0.672355871632717,57.6657741667642,50.3788,50.7312470739724,0.781067275074365,0.793954766586453
"6354630","2016-08-29",12.19108378029,0.444444444444444,0.637037037037033,0.720370370370368,51.3992189139936,50.3571144193398,50.8781666666667,0.351422449353527,51.5881868013518,50.4044,50.7004141307761,0.677557458314793,0.770675304932121
"6354629","2016-08-30",11.561672592376,0.716666666666667,0.616666666666663,0.667283950617281,51.4186989068101,50.3606344265233,50.8896666666667,0.689339437308234,57.0206968726341,50.4424,50.739025580006,0.665811551395001,0.749702554224697
"6354628","2016-08-31",11.9919858100768,0,0.387037037037034,0.54691358024691,51.418018061712,50.342981938288,50.8805,0.304192626263058,50.1012079480961,50.4664,50.6978221693385,0.560936825129388,0.711949408405635
"6354627","2016-09-01",12.2057717260497,0.0747663551401853,0.263811007268948,0.422504903657549,51.3870133137649,50.4126533529017,50.8998333333333,0.346223839903477,51.0157105674413,50.51,50.6727792134267,0.484970043961352,0.666553535516779
"6354626","2016-09-02",11.5106513048261,0.512396694214874,0.195721016451683,0.282189686919222,51.4275943726232,50.4267389607102,50.9271666666667,0.819226929481566,56.7744087791893,50.5964,50.7230753183031,0.504908826909012,0.634224593795225
"6354625","2016-09-06",10.7151160842354,0.419847328244272,0.335670125866441,0.265067383195691,51.4515964765233,50.42073685681,50.9361666666667,0.788270741218189,55.857683117547,50.664,50.7573319425294,0.503693106513614,0.608118296338903
"6354624","2016-09-07",10.3015324222005,0.673469387755104,0.535237803404747,0.355542981907624,51.5567300819162,50.3849365847504,50.9708333333333,1.01985837789684,60.2071058024354,50.7208,50.8456876835255,0.566007300602966,0.599696097191716
"6354623","2016-09-08",9.67226486619189,0.598639455782315,0.563985390593894,0.478297773288361,51.6246003762389,50.3960662904277,51.0103333333333,0.893151484829238,58.6512182004557,50.7592,50.9075959923887,0.590931875631684,0.59794325287971
"6354622","2016-09-09",10.2640001214107,0.0952380952380957,0.455782312925169,0.518335168974604,51.5549485452748,50.5373847880585,51.0461666666667,0.428423813430056,49.4021131297911,50.778,50.8625831934036,0.487693987125248,0.575893399728817
"6354621","2016-09-12",11.2658951792027,0,0.231292517006801,0.417020073508622,51.5667674127468,50.5078992539198,51.0373333333333,0.134200603630957,46.2199230837217,50.7708,50.7835721009498,0.354135960575253,0.531541911898104
"6354620","2016-09-13",12.1962263042953,0.0736196319018391,0.056285909046642,0.247786912992871,51.5542025828399,50.4597974171601,51.007,0.164658015596976,47.6719016781828,50.7520000000001,50.7310958208231,0.264251973586282,0.47808392423574
"6354619","2016-09-14",13.6239352178823,0,0.0245398773006101,0.104039434451351,51.6145478145541,50.3271188521125,50.9708333333333,-0.0754362803275527,43.5560880028052,50.7224000000001,50.6336163780467,0.129354263503889,0.40833799208937
"6354618","2016-09-15",14.9496649233559,0.0421052631578939,0.0385749650199081,0.0398002504557205,51.6551429116637,50.2098570883363,50.9325,0.0047115789973583,44.6124563933459,50.7092,50.5598008609738,0.0346571952259067,0.333601832716677
"6354617","2016-09-16",16.4768134429523,0,0.014035087719295,0.0257166433466049,51.7078312697731,50.0925020635602,50.9001666666667,-0.00154894962003841,42.3707514534452,50.716,50.467827412844,-0.0732308159399619,0.252235302985349
"6354616","2016-09-19",17.8342064296985,0.0344827586206898,0.0255293405928583,0.0260464644440209,51.7415675839333,50.0020990827334,50.8718333333333,0.0811939109575898,43.3918431755355,50.6912,50.3974504244648,-0.145999681158926,0.172588306156494
"6354615","2016-09-20",18.4861376384944,0.059113300492613,0.031198686371098,0.0235877048944176,51.7436532257071,49.9250134409595,50.8343333333333,0.175031853500319,44.1530071746638,50.6460000000001,50.3431237012028,-0.193520363175481,0.0993665722900992
"6354614","2016-09-21",18.9109384933907,0.142857142857142,0.0788177339901455,0.0451819203180344,51.7098106416312,49.8785226917021,50.7941666666667,0.272018376456771,46.7735446241261,50.6192000000001,50.3187072077091,-0.201635036309256,0.0391662505702283
"6354613","2016-09-22",18.292251721344,0.467980295566504,0.223316912972083,0.111111111111109,51.6754424536728,49.8832242129939,50.7793333333333,0.587786927820659,55.5032328639538,50.6180000000001,50.3855462466812,-0.101074009020585,0.0111181986520656
"6354612","2016-09-23",18.1839771463754,0.354679802955668,0.321839080459768,0.207991242474,51.6294036405255,49.8802630261411,50.7548333333333,0.478179760762069,52.2850040508043,50.6184000000001,50.4128067471237,-0.0576159807998744,-0.00262863723832243
"6354611","2016-09-26",18.0834364696188,0.379310344827588,0.400656814449917,0.31527093596059,51.5973408210364,49.8759925122969,50.7366666666667,0.496127067001602,52.9240391078639,50.6252000000001,50.4430991808406,-0.0150171835725077,-0.00510634650515949
"6354610","2016-09-27",16.9076474409261,0.306532663316582,0.346840937033276,0.356445610647654,51.6011647309308,49.8791686024025,50.7401666666667,0.530875021021164,50.5891727272,50.6088000000001,50.4480192900618,-0.00678777814175913,-0.00544263283247941
"6354609","2016-09-28",15.9308232847303,0.649214659685864,0.445019222610008,0.397505658031068,51.6215992445898,49.8727340887435,50.7471666666667,0.776083797380991,58.3759633264522,50.6096000000001,50.5362833847203,0.0992650518417681,0.0154989041023701
"6354608","2016-09-29",15.6039610345459,0.77956989247312,0.578439071825186,0.456766410489491,51.712745647763,49.8602543522369,50.7865,0.861765082667422,60.6046293402005,50.6184000000001,50.6407789334242,0.214135284344752,0.0552261801508465
"6354607","2016-09-30",15.300446087946,0.854838709677421,0.761207753945466,0.594888682793554,51.8089841019572,49.8433492313761,50.8261666666667,0.864852433888022,62.0629653520264,50.6328000000001,50.7500084089677,0.323449203618531,0.108870784844383
"6354606","2016-10-03",14.3879527266337,0.731182795698925,0.788530465949819,0.709392430573491,51.8260520889549,49.8379479110451,50.832,0.767256283265789,58.2481045937488,50.6444000000001,50.814007287772,0.369058244842324,0.160908276843972
"6354605","2016-10-04",14.9930338355759,0.275303643724696,0.620441716367011,0.723393312087432,51.815418547342,49.8399147859913,50.8276666666667,0.66147779935478,48.714260549979,50.6464000000001,50.778806316069,0.293801209935629,0.187486863462303
"6354604","2016-10-05",15.554894865308,0.728744939271255,0.578410459564956,0.662460880627262,51.8726870523849,49.808312947615,50.8405,0.982551425327888,60.2535359310226,50.6736000000001,50.8976321405932,0.407204303878506,0.231430351545544
"6354603","2016-10-06",15.4646374390362,0.629166666666667,0.54440508322087,0.581085753050946,51.8898856081369,49.8004477251964,50.8451666666666,0.854880135970595,57.5159993709925,50.7144000000001,50.9712811885141,0.456682662037977,0.27648081364403
"6354602","2016-10-07",14.7153211975002,0.510638297872338,0.622849967936751,0.581888503574192,51.9399103452777,49.7944229880556,50.8671666666666,0.754565315814227,54.3719616894933,50.7416000000001,51.0004436967122,0.449473624341157,0.311079375783456
"6354601","2016-10-10",14.0875943864932,0.605504587155962,0.581769850564986,0.583008300574202,52.0310054160932,49.7999945839067,50.9155,0.814282053924193,57.1833515523196,50.7588000000001,51.0643845371506,0.483969807673623,0.345657462161489
"6354600","2016-10-11",13.6925433538804,0.301075268817204,0.472406051281832,0.55900862326119,52.0583722082535,49.8289611250798,50.9436666666666,0.61647321062791,51.9529082061275,50.7612000000001,51.0611332655305,0.436706390518427,0.363867247832877
"6354599","2016-10-12",13.5166919148267,0.252688172043013,0.38642267600539,0.480199525950736,52.0551590530209,49.9208409469791,50.988,0.56028467185958,50.9268077821942,50.7424000000001,51.0463154967931,0.380645626165821,0.367222923499466
"6354598","2016-10-13",13.5883851292877,0.193548387096777,0.249103942652329,0.36931088997985,52.0331539776316,50.0191793557017,51.0261666666666,0.477076837928377,49.6364342738082,50.7236000000001,51.0188067638874,0.31519627656893,0.356817594113358
"6354597","2016-10-14",13.2327499785699,0.279569892473119,0.241935483870967,0.292487367509562,51.9896689073809,50.167331092619,51.0785,0.531918706946377,51.5590547953423,50.7408000000001,51.016299195369,0.285342830422519,0.342522641375191
"6354596","2016-10-17",13.8176674384113,0.00558659217877379,0.159568290582887,0.216869239035394,51.9299905379288,50.2860094620712,51.108,0.272097944332356,46.3220578031923,50.7524000000001,50.9554593026532,0.189863321540651,0.311990777408283
"6354595","2016-10-18",15.9686090210058,0,0.095052161550628,0.165518645334828,51.9820432059297,50.2056234607369,51.0938333333333,-0.138268819293159,35.8844394589059,50.7124000000001,50.7467313956327,-0.0708572590297885,0.235421170120668
"6354594","2016-10-19",18.09863891018,0,0.00186219739292169,0.0854942165088125,52.1518847254277,49.9427819412389,51.0473333333333,-0.224577723645555,34.9423168207165,50.6828000000001,50.5485005428817,-0.295715731770474,0.12919378974244
"6354593","2016-10-20",19.508878015915,0.0389610389610404,0.0129870129870105,0.0366337906435204,52.2533278781414,49.7073387885252,50.9803333333333,-0.0434692050763066,36.597069829138,50.6548000000001,50.3927004704975,-0.450327315284094,0.0132895687371333
"6354592","2016-10-21",21.2037420249098,0,0.0129870129870105,0.00927874112231456,52.3734014945768,49.4472651720898,50.9103333333333,-0.0446317228693332,33.9613351195239,50.6216000000001,50.2123404077645,-0.620928792193876,-0.113554103449068
"6354591","2016-10-24",23.2846639575968,0,0.0129870129870105,0.0129870129870109,52.4879051385067,49.1717615281599,50.8298333333333,-0.015608952518928,30.3599798210668,50.5648000000001,49.9866950200626,-0.831315182450121,-0.257106319249279
"6354590","2016-10-25",24.5638479204189,0.495548961424331,0.165182987141441,0.0637190043718209,52.479120305165,49.1328796948349,50.806,0.353766243878969,49.0472748432155,50.5728000000001,50.0138023507209,-0.720548798080134,-0.34979481501545
"6354589","2016-10-26",26.238176502599,0.347181008902076,0.280909990108799,0.153026663412417,52.4419288315808,49.0447378350858,50.7433333333333,0.274323354954836,45.1415450897415,50.5540000000001,49.9706287039581,-0.705387551000725,-0.420913362212505
"6354588","2016-10-27",26.899569434416,0.543026706231454,0.461918892185951,0.302670623145397,52.3658296703256,49.0291703296743,50.6975,0.452797099158102,50.7200310922028,50.5352000000001,50.0212115434303,-0.580095993205676,-0.452749888411139
"6354587","2016-10-28",26.5686063845761,0.737541528239203,0.542583081124241,0.428470654472997,52.2952703585332,49.0400629748,50.6676666666666,0.585708825002747,53.715168932302,50.5412000000001,50.1170500043063,-0.413201800653185,-0.444840270859548
"6354586","2016-10-31",25.6769817042196,0.815286624203822,0.698618286224823,0.567706753178339,52.283533531848,49.0427998014852,50.6631666666666,0.68828040728863,56.2136938853711,50.5588000000001,50.2454433370655,-0.223867228409358,-0.40064566236951
"6354585","2016-11-01",24.964731357868,0.779874213836477,0.777567455426498,0.672922940925188,52.2934696252458,49.0415303747541,50.6675,0.673998740366326,55.455146667613,50.5796000000001,50.3460508921234,-0.0859467611218689,-0.337705882119982
"6354584","2016-11-02",24.3337610200575,0.773584905660375,0.789581914566888,0.75525588540607,52.1847598221804,49.0802401778195,50.6325,0.662397640994961,55.2544075024188,50.5744000000001,50.4305774398403,0.0197390223107385,-0.266216901233838
"6354583","2016-11-03",24.1004609362688,0.701257861635219,0.751572327044021,0.772907232345803,52.0962880797078,49.1027119202921,50.5994999999999,0.609289575158354,52.883613072431,50.5516000000001,50.4731671145282,0.0658527279720822,-0.199802975392654
"6354582","2016-11-04",24.0497141953072,0.666666666666666,0.713836477987417,0.751663573199442,52.024969395423,49.1160306045769,50.5705,0.590353682985863,51.7401962534801,50.5188000000001,50.4954114992578,0.0838272490252256,-0.143076930509078
"6354581","2016-11-07",22.3351893938456,0.777777777777777,0.715234102026551,0.72688096901933,52.0049605948229,49.1253727385104,50.5651666666666,0.828114084542398,57.2590564847137,50.5196000000001,50.5960232993568,0.193154016945551,-0.0758307410181521
"6354580","2016-11-08",22.5227310539894,0.401709401709401,0.615384615384612,0.68148506513286,51.9341762559177,49.1098237440822,50.522,0.435560451736357,45.2105675643959,50.4948000000001,50.5072201927759,0.0683642087757175,-0.0469917510593782
"6354579","2016-11-09",24.5967131842335,0,0.39316239316239,0.574593703524518,52.0971447477259,48.648855252274,50.373,-0.148534102569651,30.8917890355773,50.3172000000001,50.0702575004058,-0.45911862209338,-0.129417125266178
"6354578","2016-11-10",24.7875406595938,0.516666666666667,0.306125356125353,0.438224121557452,52.0380714177469,48.633928582253,50.336,0.471799068182747,47.3775696086255,50.2476000000001,50.0222231670183,-0.474061707824136,-0.19834604177777
"6354577","2016-11-11",24.9647376009998,0.618750000000001,0.378472222222219,0.359253323836654,51.9659266329912,48.6387400336754,50.3023333333333,0.548389230719176,49.9195777059227,50.2080000000001,50.0459267447492,-0.402231676439291,-0.239123168710074
"6354576","2016-11-14",24.1668321035295,0.670833333333334,0.602083333333331,0.428893637226968,51.986473266785,48.6365267332149,50.3115,0.68064964936076,51.2144468234543,50.1668000000001,50.0998031787827,-0.301536521683854,-0.25160583930483
"6354575","2016-11-15",23.4259198558786,0.802083333333333,0.697222222222219,0.559259259259257,52.1037655823724,48.6565677509608,50.3801666666666,0.776504776714947,54.4132102715154,50.1684000000001,50.2304960882783,-0.119107278003905,-0.225106127044645
"6354574","2016-11-16",22.7815759369801,0.791666666666667,0.754861111111108,0.68472222222222,52.1787059584343,48.7626273748989,50.4706666666666,0.730088383735777,54.1099731623673,50.1716000000001,50.3370966098412,0.0169311781361037,-0.176698666008495
"6354573","2016-11-17",22.2203661588976,0.783333333333334,0.792361111111108,0.748148148148145,52.2347026372685,48.8646306960647,50.5496666666666,0.686049440765378,53.8514200150836,50.1776000000001,50.4241503951957,0.116769649579185,-0.118005002890959
"6354572","2016-11-18",22.1667318294976,0.677083333333333,0.750694444444441,0.76597222222222,52.214832276269,49.035167723731,50.625,0.562375552532755,50.5357873133814,50.1568000000001,50.4315970091696,0.112921183765669,-0.0718197655596338
"6354571","2016-11-21",21.4893296366958,0.88125,0.780555555555552,0.774537037037034,52.2394298013005,49.2622368653661,50.7508333333333,0.797539780724811,56.1258714095487,50.1928000000001,50.568717407947,0.263340383817723,-0.00478773568416246
"6354570","2016-11-22",20.3011907851515,0.89272030651341,0.817017879948911,0.782755959982969,52.419595842729,49.2580708239376,50.8388333333333,0.891530456338613,58.3500457807429,50.2928000000001,50.7448884202207,0.445359966009207,0.0852418046545114
"6354569","2016-11-23",18.961754255224,0.877224199288255,0.883731501933885,0.827101645812783,52.6247704485058,49.2942295514942,50.9595,0.929509813641258,59.7304832481217,50.4088000000001,50.9335699641913,0.624457904052744,0.193085024534158
"6354568","2016-11-25",18.0063281764032,0.86904761904762,0.879664041616425,0.860137807833074,52.8600245687177,49.2646420979489,51.0623333333333,0.926751074693122,60.6664465422547,50.5272000000001,51.1210939689658,0.784904934957864,0.311449006618899
"6354567","2016-11-28",17.1191468174982,0.908163265306123,0.884811694547329,0.882735746032547,53.0853416034741,49.2159917298591,51.1506666666666,0.903857680930454,61.8854725008926,50.6684000000001,51.3142814397704,0.93655136543942,0.436469478383003
"6354566","2016-11-29",16.1201818162135,0.886054421768707,0.887755102040813,0.88407694606819,53.2455464614615,49.1847868718718,51.2151666666666,0.83199864136821,60.7396372877714,50.8252000000001,51.464377247801,1.02368155332202,0.553911893370807
"6354565","2016-11-30",15.1085050815888,0.78529411764706,0.859837268240627,0.87746802160959,53.3875759927801,49.1710906738865,51.2793333333333,0.793451355750972,60.1857521307875,50.9128000000001,51.5864602814275,1.07044252520945,0.657218019738535
"6354564","2016-12-01",15.1444501428647,0.757396449704142,0.809581663039966,0.852391344440469,53.6146902909811,49.1336430423522,51.3741666666666,0.870263149350719,62.5170528269524,51.0356000000001,51.7429322439039,1.15299289559447,0.756372994909723
"6354563","2016-12-02",14.7609874918898,0.648562300319488,0.730417622556893,0.799945517945829,53.7811429153439,49.1545237513226,51.4678333333333,0.787935232929102,59.7412219824259,51.1208000000001,51.8412079447167,1.1608915865809,0.837276713243959
"6354562","2016-12-05",15.1072497750815,0.835654596100278,0.747204448707966,0.762401244768275,54.0931082672059,49.126891732794,51.61,0.916145098053284,65.6135290813145,51.2304000000001,52.0597135520878,1.30673733249342,0.931168837093852
"6354561","2016-12-06",15.4606926673436,0.834254143646409,0.772823680022055,0.750148583762305,54.3632635421245,49.0757364578755,51.7195,0.874560729135507,65.7212222556014,51.3272000000001,52.2517517451427,1.40797011972797,1.02652909362068
"6354560","2016-12-07",16.8993206482623,0.730848861283643,0.800252533676773,0.773426887468932,54.7396909610161,49.1096423723172,51.9246666666666,0.947361444041949,68.4359032436317,51.4476000000001,52.4861848457904,1.54768622387678,1.1307605196719
"6354559","2016-12-08",18.9482576030484,0.792869269949066,0.785990758293036,0.786355657330622,54.9681736877571,49.6231596455762,52.2956666666666,1.11010129707152,73.4897948232315,51.6144000000001,52.841360199685,1.81006625101168,1.26662166593985
"6354558","2016-12-09",20.8508419182068,0.757637474541752,0.760451868591484,0.782231720187098,55.408744118315,49.7119225483516,52.5603333333333,1.02186995212826,73.6095461957945,51.7916000000001,53.153178839727,1.99652410282836,1.41260215331755
"6354557","2016-12-12",22.0980808763253,0.665178571428571,0.738561771973127,0.761668132952549,55.7046648071658,49.8936685261674,52.7991666666666,0.920036980803917,70.0864338205118,51.9608000000001,53.3820883277634,2.07130832222802,1.54434338709965
"6354556","2016-12-13",23.4040268209548,0.77434679334917,0.732387613106494,0.743800417890368,56.0633949217215,50.0106050782784,53.037,0.935556726984209,72.5927903873961,52.1276000000001,53.6538098840616,2.18650259722162,1.67277522912404
"6354555","2016-12-14",23.8629845841793,0.652605459057072,0.697376941278268,0.722775442119296,56.3025657816226,50.1647675517106,53.2336666666666,0.8312262677669,67.6020065561878,52.3292000000001,53.8293018995201,2.18349459679288,1.77491910265781
"6354554","2016-12-15",23.4542714349933,0.511278195488722,0.646076815964985,0.691947123449916,56.3994208793907,50.4139124539425,53.4066666666666,0.71886194235905,61.9922083944082,52.6168000000001,53.9080616462507,2.07424085867429,1.8347834538611
"6354553","2016-12-16",22.3912137801857,0.385964912280702,0.516616188942162,0.620023315395138,56.3853183032332,50.7300150301,53.5576666666666,0.612991287847595,57.3342680736599,52.7852000000001,53.9096534267506,1.89098549878051,1.84602386284499
"6354552","2016-12-19",21.3637106378118,0.378446115288221,0.425229741019212,0.529307581975453,56.2589123220832,51.1807543445834,53.7198333333333,0.568299043643408,57.057252871113,52.9328000000001,53.9070329698506,1.72146222245693,1.82111153476737
"6354551","2016-12-20",20.9298247222287,0.413881748071981,0.392764258546965,0.444870062836113,56.2190259519026,51.4923073814306,53.8556666666666,0.605287983459746,58.4969231848331,53.0784000000001,53.9314285738705,1.59861179824285,1.77661158746247
"6354550","2016-12-21",20.3623893536669,0.38560411311054,0.39264399215691,0.403545997241029,56.1767897166823,51.7385436166509,53.9576666666666,0.535824962477617,57.3579481477043,53.1944000000001,53.9379047640211,1.46786070856322,1.71486141168262
"6354549","2016-12-22",18.9155484108983,0,0.266495287060837,0.350634512588238,56.1257016100676,51.902965056599,54.0143333333333,0.383724690426963,50.8620150286151,53.2856000000001,53.8541841288183,1.24960666211502,1.6218104617691
"6354548","2016-12-23",17.572053249756,0.0816993464052289,0.155767819838586,0.271635699685445,56.0851448998659,52.0525217668006,54.0688333333333,0.405231246745311,53.0008997162859,53.3884000000001,53.8149595783092,1.10143846324691,1.51773606206466
"6354547","2016-12-27",16.5046008330163,0.101307189542482,0.0610021786492337,0.161088428516219,56.0464798809709,52.1971867856957,54.1218333333333,0.409463896000097,53.5237734351037,53.5140000000001,53.788964967868,0.981729877518989,1.41053482515553
"6354546","2016-12-28",15.9828818454099,0,0.0610021786492337,0.0925907257123516,55.9850304912682,52.3409695087317,54.163,0.286959291555839,47.6273482357056,53.5756000000001,53.6837696388189,0.78471638343125,1.28537113681067
"6354545","2016-12-29",15.6997228172025,0,0.0337690631808241,0.0519244734930976,55.9312760003956,52.444390666271,54.1878333333333,0.163166440116158,46.2124852934972,53.6136000000001,53.5712670203097,0.597505823063238,1.14779807406118
"6354544","2016-12-30",14.8483367861114,0,-3.30291349825984e-15,0.0315904139433519,55.9230497391442,52.4632835941891,54.1931666666666,0.195595996220062,46.2124852934972,53.6408000000001,53.4737647509351,0.443895105617043,1.00701748037236
"6354543","2017-01-03",14.4622162554242,0,-3.30291349825984e-15,0.0112563543936062,55.9176153044346,52.4737180288986,54.1956666666666,0.109260509532132,43.4083322700462,53.6488000000001,53.3492627841437,0.273511809878446,0.860316346273574
"6354542","2017-01-04",13.8791204007029,0.102409638554218,0.034136546184736,0.0113788487282435,55.939483245444,52.3965167545559,54.168,0.205143509160093,47.3105240433208,53.6612000000001,53.2866944129246,0.187657966033838,0.725784670225627
"6354541","2017-01-05",13.6344707937881,0.0469314079422391,0.049780348832149,0.0279722983389609,55.9808235703127,52.2678430963538,54.1243333333333,0.150505388927346,45.2357857812189,53.6704000000001,53.2044684912013,0.0867075738244072,0.597969250945383
"6354540","2017-01-06",13.1470496392091,0.0470085470085467,0.0654498645016646,0.0497889198395169,55.9738726769817,52.1167939896848,54.0453333333333,0.193550457268914,45.0332349232259,53.6812000000001,53.1305393590411,0.00352725441075119,0.479080851638457
"6354539","2017-01-09",12.6584785509493,0.158119658119657,0.0840198710234776,0.0664166947857641,55.7635947202161,52.0757386131172,53.9196666666666,0.262373230439659,48.275695074028,53.6872000000001,53.101134111169,-0.0226581311372098,0.378733055083323
"6354538","2017-01-10",12.4660013668542,0.08974358974359,0.0982905982905945,0.0825867779385792,55.523360854507,52.0563058121596,53.7898333333333,0.253921799265993,46.4594282593311,53.6980000000001,53.0543162296798,-0.0669972258823148,0.289586998890196
"6354537","2017-01-11",11.5937995497034,0.129729729729731,0.125864325864323,0.102724931726132,55.3060635914196,52.0582697419136,53.6821666666666,0.316644766387949,46.8631045521579,53.6700000000001,53.0177407323891,-0.0964884547866474,0.212371908154827
"6354536","2017-01-12",10.7838978623491,0.45061728395062,0.223363534474644,0.149172819543187,54.913500072311,52.2244999276889,53.5689999999999,0.440870215154903,53.08498432339,53.6608000000001,53.0513753014039,-0.0447427948454315,0.160948967554775
"6354535","2017-01-13",10.6601877182213,0.592592592592594,0.390979868757645,0.246735909698871,54.5890097028074,52.3903236305259,53.4896666666666,0.586566852691198,55.7066676512337,53.6404000000001,53.1111919278834,0.0308530133011242,0.134929776704045
"6354534","2017-01-17",10.1064850737195,0.456790123456792,0.499999999999999,0.37144780107743,54.3745297467393,52.4844702532606,53.4294999999999,0.544354864819144,52.6745323066435,53.5656000000001,53.1336996708323,0.0566254773896713,0.11926891684117
"6354533","2017-01-18",9.5923326181106,0.487654320987655,0.512345679012344,0.467775182589996,54.2745475206824,52.5167858126508,53.3956666666666,0.570733895706838,53.2967191171713,53.4916000000001,53.1598730480546,0.0836639749386414,0.112147928460665
"6354532","2017-01-19",9.04999287179776,0.506666666666665,0.483703703703701,0.498683127572015,54.1924996634355,52.5418336698977,53.3671666666666,0.578453182234941,52.8477788521237,53.4288000000001,53.1785566416474,0.0993767908008314,0.109593700928698
"6354531","2017-01-20",9.13473455592693,0.219999999999999,0.404773662551436,0.466941015089161,54.0013171521091,52.6056828478908,53.3034999999999,0.339857762649993,46.7669966507967,53.3268000000001,53.1374157560944,0.0460184618226833,0.0968786531074951
"6354530","2017-01-23",10.6718196159921,0,0.242222222222218,0.376899862825786,53.922195545522,52.5101377878112,53.2161666666666,-0.0992436655271342,36.4681471576714,53.2036000000001,52.9710936552818,-0.143794015465104,0.0487441193929753
"6354529","2017-01-24",12.0991128860525,0.0511627906976742,0.0903875968992212,0.245794493890959,53.9570505788402,52.3489494211597,53.1529999999999,-0.055313324497573,38.1154844094972,53.1068000000001,52.8416145012442,-0.274767802711795,-0.0159582650279788
"6354528","2017-01-25",12.8581336428016,0.139534883720929,0.0635658914728646,0.132058570198102,53.9098410603534,52.2741589396465,53.0919999999999,0.117692627793074,40.9629672689683,53.0376000000001,52.754732567745,-0.345823994889727,-0.0819314110003284
"6354527","2017-01-26",13.5629386312114,0.297674418604652,0.162790697674415,0.105581395348834,53.8110841540195,52.262582512647,53.0368333333333,0.263104330320147,45.7715420775041,52.9832000000001,52.724768225379,-0.346212825135139,-0.134787693827291
"6354526","2017-01-27",13.552247158393,0.18139534883721,0.206201550387594,0.144186046511625,53.7767536307339,52.2179130359327,52.9973333333333,0.242971367307941,42.9982931905882,52.9108000000001,52.6654657953285,-0.380475175525419,-0.183925190166916
"6354525","2017-01-30",13.053582195075,0.344186046511629,0.27441860465116,0.214470284237723,53.7722761563511,52.2113905103155,52.9918333333333,0.443301419790283,47.7695197683418,52.8568000000001,52.660737022618,-0.349989908406623,-0.217138133814858
"6354524","2017-01-31",13.929619977502,0,0.17519379844961,0.218604651162788,53.7975165884415,52.0894834115584,52.9435,0.0490915064822927,39.1901615836156,52.7956000000001,52.5433054196023,-0.451103494981697,-0.263931206048226
"6354523","2017-02-01",14.7430836326128,0.0221238938053085,0.122103313438976,0.190571905513249,53.8340309124969,51.9793024208363,52.9066666666666,0.072264438218142,39.8742312433132,52.7264000000001,52.448198030322,-0.517876173210297,-0.31472019948064
"6354522","2017-02-02",15.8529303801136,0,0.00737463126843302,0.101557247719007,53.8686183029141,51.8193816970858,52.8439999999999,0.0247010534411908,37.5111692870124,52.6444000000001,52.3311049596124,-0.604156314207072,-0.372607422425926
"6354521","2017-02-03",15.052416592218,0.356846473029046,0.126323455611448,0.0852671334396194,53.865274128938,51.8140592043953,52.8396666666666,0.451410909956777,48.4033342405775,52.6216000000001,52.3442909649974,-0.533880168600176,-0.404861971660776
"6354520","2017-02-06",14.0183048519579,0.536480686695279,0.297775719908105,0.143824602262663,53.8792860830586,51.819380583608,52.8493333333333,0.600651866500036,52.4509948077658,52.6208000000001,52.4077188363311,-0.413307308532884,-0.406551039035198
"6354519","2017-02-07",13.2121525992262,0.499999999999998,0.464442386574771,0.296180520698109,53.8705300677305,51.8168032656028,52.8436666666666,0.542037399153549,51.447966369613,52.6164000000001,52.4506896581536,-0.327866425419931,-0.390814116312145
"6354518","2017-02-08",12.6684945770222,0.623809523809524,0.553430070168264,0.438549392217047,53.8885296301003,51.8194703698996,52.8539999999999,0.639838108506049,53.0591459056802,52.6300000000001,52.5079310370665,-0.234411284420921,-0.3595335499339
"6354517","2017-02-09",13.1285824283661,0.705454545454545,0.609754689754686,0.542542382165908,53.9959664855454,51.7813668477879,52.8886666666666,0.902480573976769,59.1852899139396,52.6552000000001,52.6415402321243,-0.0630313957669992,-0.30023311910052
"6354516","2017-02-10",14.1351053232802,0.745341614906832,0.691535228056964,0.618239995993305,54.1680065984203,51.6926600682463,52.9303333333333,1.0304307837286,62.9839327026142,52.7072000000001,52.8186682011744,0.141124765595402,-0.211961542161335
"6354515","2017-02-13",15.624487278775,0.855614973262032,0.7688037112078,0.69003120967315,54.4835033564518,51.5041633102148,52.9938333333333,1.15657717357153,68.4785210898579,52.7920000000001,53.0788457743511,0.419121998838645,-0.0857448339613393
"6354514","2017-02-14",17.3846605499302,0.782608695652174,0.794521761273676,0.751620233512814,54.8158720379003,51.3314612954329,53.0736666666666,1.08441254026539,68.7284685488021,52.8680000000001,53.309666337771,0.6368082604991,0.0587657849307485
"6354513","2017-02-15",19.3543824586412,0.70419426048565,0.780805976466616,0.781377149649364,55.1269911686501,51.1890088313498,53.1579999999999,1.0202325686588,68.0025927641066,52.9484000000001,53.5030441594015,0.791578550309779,0.205328338006555
"6354512","2017-02-16",21.315319734528,0.748400852878465,0.74506793633876,0.773465224693018,55.467504900477,51.0461617661895,53.2568333333333,1.00131824938243,70.1737391723705,53.0404000000001,53.713304938148,0.95048457605722,0.354359585616688
"6354511","2017-02-17",23.331537388839,0.849898580121703,0.767497897828603,0.764457270211327,55.9146358913769,50.8916974419564,53.4031666666666,1.01832209894995,74.1826756156611,53.1400000000001,53.9861976130616,1.16356654525505,0.516200977544359
"6354510","2017-02-21",25.4002766182903,0.797297297297298,0.798532243432485,0.770366025866617,56.3000456417286,50.8742876916046,53.5871666666666,0.953915076192648,73.2471661040353,53.2280000000001,54.2147045979867,1.30685079660149,0.674330941355785
"6354509","2017-02-22",26.4513850544761,0.725868725868726,0.791021534429239,0.785683891896776,56.5595913449489,50.964408655051,53.762,0.856497147138389,67.5868212368481,53.3100000000001,54.3634106515885,1.34889647050622,0.809244047185873
"6354508","2017-02-23",27.6085587388524,0.805491990846683,0.776219338004232,0.788591038621986,56.8778851357026,51.022781530964,53.9503333333333,0.889916243011039,71.5537286381391,53.4148000000001,54.5749558980433,1.45641939414143,0.938679116576984
"6354507","2017-02-24",28.3062222931858,0.751842751842752,0.761067822852717,0.77610289842873,57.1294295858106,51.1139037475226,54.1216666666666,0.828317100298935,69.2000360708214,53.5144000000001,54.7369617783042,1.49975637981832,1.05089456922525
"6354506","2017-02-27",29.0306650819881,0.842751842751843,0.800028861813756,0.779105340890235,57.3838271517849,51.2365061815483,54.3101666666666,0.834535972654913,71.5320943967659,53.6460000000001,54.9267002078637,1.56960498153822,1.15463665168784
"6354505","2017-02-28",30.1969919165031,0.780821917808219,0.791805504134268,0.784300729600247,57.6551901915944,51.3368098084055,54.4959999999999,0.83616209711769,72.3841322500312,53.8224000000001,55.1098068468152,1.62578690672037,1.24886670269435
"6354504","2017-03-01",31.3665321653775,0.7109375,0.778170420186684,0.790001595378236,57.8159756261705,51.619691040496,54.7178333333333,0.805371168884229,71.3978607806499,53.9920000000001,55.2604992672398,1.64179909708804,1.32745318157309
"6354503","2017-03-02",32.4525338250465,0.828402366863906,0.773387261557371,0.781121061959441,57.9628373993866,51.95782926728,54.9603333333333,0.83355491881697,74.6797932991028,54.1752000000001,55.4617660316078,1.71115350715039,1.40419324668855
"6354502","2017-03-03",31.9949322140518,0.555984555984557,0.698441474282818,0.749999718675625,57.9007963393114,52.4795369940218,55.1901666666666,0.735461895234583,65.9193209138099,54.3220000000001,55.5601972273935,1.66337846144822,1.45603028964048
"6354501","2017-03-06",31.4293315834194,0.532818532818533,0.639068485222329,0.70363240702084,57.8706284596759,52.8650382069906,55.3678333333333,0.684893279969046,65.0542314034547,54.4764000000001,55.637504263741,1.59810699573388,1.48444563085916
"6354500","2017-03-07",30.5235064525253,0.47104247104247,0.519948519948517,0.619152826484555,57.8091534217561,53.2371799115772,55.5231666666666,0.640019767227757,62.691520737667,54.6104000000001,55.6831703619089,1.50567333768341,1.48869117222401
"6354499","2017-03-08",29.1969578770924,0.303964757709253,0.435941920523415,0.53165297523142,57.6328604154147,53.7188062512519,55.6758333333333,0.578563041568393,59.6303580966174,54.7700000000001,55.6947476469877,1.38597722250269,1.46814838227975
"6354498","2017-03-09",27.6065018003416,0.138613861386139,0.304540363379284,0.420143601283739,57.3854408656481,54.2358924676851,55.8106666666666,0.509313504549531,57.3333105206146,54.9212000000001,55.6834479607227,1.25350652975238,1.42522001177427
"6354497","2017-03-10",26.9091429778768,0.311881188118813,0.251486602404731,0.33065629543581,57.2090549740054,54.6562783593278,55.9326666666666,0.612557178595782,60.8830786418258,55.0968000000001,55.7203215659597,1.18555004427126,1.37728601827367
"6354496","2017-03-13",26.5498508188172,0.534653465346533,0.328382838283825,0.294803268022614,57.0923833427889,55.006616657211,56.0494999999999,0.75434292515468,64.9237484826961,55.2560000000001,55.8122786904984,1.18303706139884,1.3384362268987
"6354495","2017-03-14",25.4465761977148,0.270114942528735,0.372216531998023,0.317361990895527,57.0348146615095,55.2005186718236,56.1176666666666,0.606671261217904,60.0268576980889,55.3864000000001,55.8479748650986,1.12024878584096,1.29479873868716
"6354494","2017-03-15",24.3540078658941,0.252873563218389,0.352547323697882,0.351048897993244,56.9701931256964,55.3828068743035,56.1764999999999,0.569401298247393,59.5868510233723,55.5192000000001,55.8749115497521,1.05394990694583,1.24662897233889
"6354493","2017-03-16",23.1043622344385,0.195402298850576,0.239463601532563,0.32140915240949,56.881256405764,55.5640769275691,56.2226666666666,0.429647653793097,58.0591178236315,55.6420000000001,55.8849233431185,0.975691450952088,1.19244146806153
"6354492","2017-03-17",21.4687956519854,0.0689655172413778,0.172413793103444,0.25480823944463,56.8228800251719,55.6734533081613,56.2481666666666,0.269595286577266,54.7343277142301,55.7308000000001,55.8642668973694,0.871854790135984,1.12832413247642
"6354491","2017-03-20",19.9893955916636,0.241379310344828,0.168582375478924,0.193486590038311,56.8221980510758,55.6928019489241,56.2574999999999,0.443184975984644,58.2457103571472,55.8132000000001,55.8863646443868,0.82341086611768,1.06734147920467
"6354490","2017-03-21",19.759374857708,0,0.103448275862065,0.148148148148145,56.8402942848353,55.6473723818313,56.2438333333333,0.108384534234647,49.788427488017,55.8392000000001,55.8241826918019,0.68895217173488,0.991663617710714
"6354489","2017-03-22",19.5457841761778,0,0.0804597701149391,0.117496807151976,56.8643824133404,55.6056175866595,56.2349999999999,-0.0203513683545291,49.788427488017,55.8636000000001,55.7702916662283,0.575747588353526,0.908480411839276
"6354488","2017-03-23",18.175746306278,0.0466666666666669,0.015555555555552,0.0664878671775191,56.8706680189303,55.5559986477363,56.2133333333333,0.185599024066502,50.7403375417591,55.8928000000001,55.7329194440645,0.490509081350754,0.824886145741572
"6354487","2017-03-24",16.9035682842282,0.133333333333331,0.0599999999999955,0.0520051085568292,56.875301351038,55.5273653156285,56.2013333333333,0.24430042849779,52.5398353707527,55.9144000000001,55.7178635181893,0.436758551116001,0.747260626816458
"6354486","2017-03-27",16.6608303327288,0,0.0599999999999955,0.0451851851851813,56.9106235531599,55.3927097801733,56.1516666666666,-0.0127651828350451,45.7550469113904,55.8892000000001,55.639481715764,0.319440660190762,0.661696633491319
"6354485","2017-03-28",16.1541691927823,0.223463687150837,0.118932340161386,0.0796441133871259,56.8501393806937,55.3831939526396,56.1166666666666,0.365934571998707,51.2854283543939,55.8824000000001,55.6248841536622,0.281237470378692,0.585604800868793
"6354484","2017-03-29",15.6836981342605,0.307262569832401,0.176908752327742,0.118613697496375,56.7840281606269,55.3833051727064,56.0836666666666,0.404573089883345,53.2118339126425,55.8964000000001,55.6322329331739,0.269623065289992,0.522408453753033
"6354483","2017-03-30",15.5901393766358,0.608938547486032,0.37988826815642,0.225243120215183,56.645494525865,55.4631721408016,56.0543333333333,0.772627277809732,59.4314739151365,55.9072000000001,55.7106018754174,0.334833019008052,0.484893366804037
"6354482","2017-03-31",15.1670015775539,0.569696969696969,0.495299362338464,0.350698794274209,56.6162444959108,55.4744221707558,56.0453333333333,0.711358044081537,57.1585111782278,55.9184000000001,55.7585216253617,0.360510092415378,0.460016711926305
"6354481","2017-04-03",14.4204380566927,0.478527607361961,0.55238770818165,0.475858446225511,56.6018344194302,55.4764989139031,56.0391666666666,0.616261623925283,54.7530543182675,55.9084000000001,55.7787187419802,0.353579680805094,0.438729305702063
"6354480","2017-04-04",13.4429560088644,0.408805031446541,0.485676536168487,0.511121202229534,56.5937074263221,55.4739592403445,56.0338333333333,0.520391489461035,52.8084634212286,55.8876000000001,55.7788895763828,0.325515176890634,0.416086479939777
"6354479","2017-04-05",13.1284553056384,0.570621468926554,0.485984702578348,0.508016315642829,56.6349502466247,55.4737164200419,56.0543333333333,0.79193086890832,57.328120658319,55.8836000000001,55.8270376328651,0.351279572825969,0.403125098517016
"6354478","2017-04-06",12.6475414521324,0.52542372881356,0.501616743062215,0.491092660603017,56.6534225692642,55.4969107640691,56.0751666666666,0.65693743823862,56.0436043873853,55.8552000000001,55.8580992818164,0.355979496725722,0.393695978158757
"6354477","2017-04-07",12.0263965601756,0.338983050847455,0.478342749529186,0.488648065056583,56.6383361022759,55.484663897724,56.0615,0.400462771937971,50.9702276364621,55.8364000000001,55.8410193775742,0.308455463993562,0.376647875325718
"6354476","2017-04-10",11.2863688620822,0.423728813559323,0.429378531073442,0.469779341221615,56.5642732634298,55.5113934032368,56.0378333333333,0.565376246555572,53.0507010484496,55.8260000000001,55.8462167938977,0.289138573423742,0.359146014945323
"6354475","2017-04-11",11.1183091948989,0.220338983050848,0.327683615819205,0.411801632140611,56.5386671622324,55.4736661711009,56.0061666666666,0.193740504109672,47.8075245774079,55.8076000000001,55.802721221378,0.219263899180122,0.331169591792283
"6354474","2017-04-12",10.9622537896573,0.220338983050848,0.288135593220336,0.348399246704328,56.5109173342143,55.439415999119,55.9751666666666,0.212086219684904,47.8075245774079,55.7976000000001,55.7650250585276,0.162001964424108,0.297336066318648
"6354473","2017-04-13",11.1686968414893,0.124293785310734,0.188323917137473,0.268047708725672,56.5116681346624,55.3763318653376,55.944,0.114798412462081,45.3526902429598,55.7872000000001,55.7096883840572,0.0909347822441564,0.256055809503749
"6354472","2017-04-17",11.8093349823371,0,0.114877589453857,0.197112366603889,56.5263843873751,55.3059489459581,55.9161666666666,0.0989136472211538,42.1958049215639,55.7536000000001,55.6310632661829,0.00119493702968043,0.205083635008936
"6354471","2017-04-18",12.2601023105176,0.247191011235958,0.12382826551556,0.142343257368964,56.4944655983133,55.2922010683533,55.8933333333333,0.369690352861162,49.4455781764134,55.7196000000001,55.6215881640252,-0.00605978353894754,0.162854951299359
"6354470","2017-04-19",12.299755292847,0.269662921348317,0.172284644194754,0.136996833054724,56.4949424900706,55.294724176596,55.8948333333333,0.42654114199325,50.0587978171401,55.7004000000001,55.6187097421552,-0.00593631340609635,0.129096698358268
"6354469","2017-04-20",12.1606246122409,0.269662921348317,0.262172284644193,0.186095064784836,56.4908000180859,55.3235333152474,55.9071666666666,0.431035469611003,50.0587978171401,55.6824000000001,55.6162151098678,-0.00577193173291191,0.102122972340032
"6354468","2017-04-21",11.5976226337439,0.426966292134834,0.322097378277152,0.2521847690387,56.5145088251246,55.334157841542,55.9243333333333,0.685538033217305,54.5358615880599,55.6796000000001,55.6513864285521,0.0345794889936357,0.0886142756707527
"6354467","2017-04-24",12.6086796567796,0.64102564102564,0.445884951502926,0.343384871474757,56.7023725783497,55.2506274216503,55.9765,1.13613093230472,63.7778748357173,55.7152000000001,55.7805349047452,0.171694022064028,0.105230224949408
"6354466","2017-04-25",13.979541927512,0.779467680608366,0.615819871256276,0.461267400345452,56.9699738996935,55.1820261003064,56.076,1.2200061063162,68.8468005856865,55.7608000000001,55.9657969174458,0.355275196559468,0.15523921927142
"6354465","2017-04-26",14.1465940577815,0.612167300380227,0.677553540671407,0.579752787810204,57.1004014270022,55.1569319063311,56.1286666666666,0.934617912801119,61.439433373303,55.8132000000001,56.0676906617864,0.431898081078619,0.21057099163286
"6354464","2017-04-27",13.8928924158864,0.543726235741444,0.645120405576675,0.646164605834786,57.1649376336278,55.1673956997055,56.1661666666666,0.767245119748328,58.6589585178801,55.8584000000001,56.1319985735482,0.4612387501157,0.260704543329428
"6354463","2017-04-28",13.278882796191,0.326996197718631,0.494296577946763,0.605656841398282,57.1652458531378,55.1674208135288,56.1663333333333,0.606949638947607,50.8163228562563,55.8780000000001,56.1117320970751,0.397939870768504,0.288151608817243
"6354462","2017-05-01",12.9903302156119,0.266159695817491,0.378960709759185,0.506125897760875,57.1514667799471,55.1505332200529,56.151,0.414539891065134,48.8422937425602,55.8860000000001,56.0728344841318,0.321063901274488,0.294734067308692
"6354461","2017-05-02",14.9277269751817,0,0.197718631178703,0.356991972961551,57.3003073350417,54.8343593316249,56.0673333333333,-0.136942329882996,32.9771019041288,55.8400000000001,55.7937898862475,-0.00535882980696734,0.23471548788556
"6354460","2017-05-03",17.1350367064673,0,0.0887198986058264,0.221799746514572,57.565926500219,54.3294068331143,55.9476666666667,-0.205799305516602,29.9584606629343,55.7568000000001,55.4812845680812,-0.338536392658251,0.120065111776798
"6354459","2017-05-04",18.0988792861321,0.141860465116279,0.0472868217054223,0.111241783829984,57.6012922541532,54.0817077458467,55.8415,0.0534984324737433,37.0955190079618,55.692,55.2917799590037,-0.509239616558455,-0.00579583389025251
"6354458","2017-05-05",18.9938759672495,0.193023255813953,0.11162790697674,0.082544875762663,57.6030726174111,53.8955940492555,55.7493333333333,0.139647276325427,39.4903015458673,55.6144000000001,55.1568759644699,-0.605984216002597,-0.125833510312721
"6354457","2017-05-08",20.4754376513752,0.0186046511627903,0.117829457364337,0.0922480620154998,57.6755634504049,53.6097698829284,55.6426666666666,0.0500673354479431,34.6476663532316,55.5128000000001,54.9399591692072,-0.784183458001286,-0.257503499850434
"6354456","2017-05-09",22.1175941504479,0,0.0705426356589104,0.0999999999999959,57.7492953517421,53.2647046482578,55.507,0.0286823689340373,32.6363327012404,55.4036000000001,54.7052979466463,-0.966892731411295,-0.399381346162607
"6354455","2017-05-10",23.9349163715095,0,0.00620155038759269,0.0648578811369468,57.8695957508892,52.8727375824442,55.3711666666667,0.0181305428001315,30.4093456009027,55.2832000000001,54.4472582204268,-1.1602988088402,-0.551564838698125
"6354454","2017-05-11",25.8182678558527,0,-4.08122609781477e-15,0.0255813953488332,57.9634175483866,52.4895824516134,55.2265,0.05183767444643,28.906841008848,55.1368000000001,54.1849571243699,-1.34277300834776,-0.709806472628053
"6354453","2017-05-12",27.4843597988988,0.0891840607210637,0.0297280202403505,0.0119765235426465,57.9908675177082,52.2214658156251,55.1061666666667,0.152274746973801,34.5509647457988,55.0124,54.0202961744539,-1.40236084203088,-0.848317346508618
"6354452","2017-05-15",28.5462307482608,0.0923694779116467,0.0605178462108994,0.0300819554837488,57.9932962960677,51.993370370599,54.9933333333333,0.196107359326959,34.4882273608437,54.9008000000001,53.8762566845267,-1.43522228747852,-0.965698334702599
"6354451","2017-05-16",29.7406849628682,0.0446808510638299,0.075411463232176,0.0552191098944755,57.9606354975282,51.7463645024718,54.8535,0.192079730426593,32.8807931364842,54.7732000000001,53.7180891265898,-1.48233735805978,-1.06902613937404
"6354450","2017-05-17",31.3481379537741,0,0.0456834429918215,0.0605375841449658,57.942485258046,51.4135147419539,54.678,0.135266643115635,28.9821584553197,54.6332000000001,53.4916772430445,-1.60302478514897,-1.17582586852902
"6354449","2017-05-18",32.5375456522694,0.0443925233644855,0.0296911248094344,0.0502620103444774,57.8650672116406,51.1552661216927,54.5101666666667,0.195942303010582,31.4638811135247,54.5008000000001,53.3207869439719,-1.65209187594944,-1.2710790700131
"6354448","2017-05-19",33.673591951558,0.0427350427350424,0.0290425220331719,0.0348056966114761,57.7084091796071,50.9402574870596,54.3243333333333,0.219618183387319,31.216559604027,54.3736000000001,53.1673486847757,-1.67851270912235,-1.35256579783495
"6354447","2017-05-22",34.3086928567144,0.149812734082397,0.0789801000606375,0.0459045823010814,57.3528739562038,50.8711260437962,54.112,0.274957822121649,34.6728332507643,54.2656000000001,53.0677021934722,-1.64310591111692,-1.41067382049135
"6354446","2017-05-23",33.4857055095602,0.340823970037453,0.17779058228496,0.0952710681262565,56.799050153131,51.0106165135356,53.9048333333333,0.381689352254335,41.1674933746692,54.1604000000001,53.0493419010093,-1.52013198517181,-1.43256545342744
"6354445","2017-05-24",32.6450961773593,0.462406015037593,0.31768090638581,0.191483862910469,56.2604877786259,51.1965122213741,53.7285,0.444345439635914,44.8709526941591,54.0664000000001,53.076096314208,-1.35831637569082,-1.41771563788011
"6354444","2017-05-25",32.6531138122153,0.224576271186438,0.342602085420491,0.27935785803042,55.6921381665297,51.3841951668036,53.5381666666667,0.350315258726882,39.0761954813729,53.9444000000001,53.0059501389803,-1.32135395082238,-1.39844330046857
"6354443","2017-05-26",32.6605587588674,0.505494505494502,0.397492263906174,0.352591751904158,55.0923877904742,51.6502788761925,53.3713333333333,0.40470958119916,43.4574323243008,53.8268000000001,52.9971567871163,-1.21874806893677,-1.36250425416221
"6354442","2017-05-30",33.5623769141846,0,0.24335692556031,0.327817091628992,54.483077009273,51.8992563240603,53.1911666666667,0.184769146457651,36.3780511525317,53.6404000000001,52.8588692155008,-1.27228884187521,-1.34446117170481
"6354441","2017-05-31",34.0111878207093,0.452127659574468,0.31920738835632,0.320018859274268,54.2624298766421,51.9709034566912,53.1166666666667,0.451997062289011,44.7804220842742,53.4660000000001,52.8523533201007,-1.171764979118,-1.30992193318745
"6354440","2017-06-01",32.9471903332366,0.561946902654866,0.338024854076441,0.300196389331023,54.2482526360451,51.9747473639549,53.1115,0.697272469743451,48.4062487249191,53.3260000000001,52.9027062107539,-1.01626366355879,-1.25119027926172
"6354439","2017-06-02",30.7756152429061,0.40453074433657,0.472868435521964,0.376700225984908,54.1489441590363,52.029389174297,53.0891666666667,0.846377740588299,48.243798306345,53.1924000000001,52.9436787159867,-0.885841806290788,-1.17812058466753
"6354438","2017-06-05",28.7197044728569,0.727564102564102,0.564680583185175,0.458524624261194,54.179521447372,52.0088118859613,53.0941666666667,1.15378007813462,56.2988312057988,53.1224000000001,53.1151882205218,-0.620172180500023,-1.06653090383403
"6354437","2017-06-06",26.810644472097,0.749999999999999,0.627364948966886,0.554971322558009,54.3519509907822,51.9097156758845,53.1308333333333,1.07972846625251,56.7957822639419,53.0616000000001,53.2731631244523,-0.394861970226557,-0.932197117112534
"6354436","2017-06-07",25.3445583799154,0.679487179487179,0.719017094017089,0.637020875389717,54.4896578368947,51.8596754964386,53.1746666666666,0.91647934911357,54.6908199446727,53.0656000000001,53.3807413745253,-0.247026086791069,-0.795162911048241
"6354435","2017-06-08",23.6710424852988,0.673076923076924,0.700854700854697,0.682412247946224,54.6446867964952,51.8406465368381,53.2426666666666,0.885396273446822,54.4930948862302,53.0900000000001,53.4713091912552,-0.131519886785758,-0.662434306195745
"6354434","2017-06-09",22.1170634402977,0.746794871794872,0.699786324786321,0.706552706552703,54.8101097732879,51.8455568933787,53.3278333333333,0.887523306168367,56.4433192538308,53.0992000000001,53.5804679657545,-0.00541445864011836,-0.531030336684619
"6354433","2017-06-12",21.9776387267263,0.617283950617284,0.679051915163023,0.693230980268014,55.0633954302976,51.7799379030357,53.4216666666666,0.973586147251526,57.8801316039776,53.1064000000001,53.6977389036539,0.118496951587477,-0.4011248790302
"6354432","2017-06-13",22.1211918751415,0.853488372093024,0.739189064835056,0.7060091015948,55.4996420029292,51.6106913304041,53.5551666666666,1.08751923738077,66.1550049341342,53.1904000000001,53.9553737165001,0.387016892534309,-0.243496524717298
"6354431","2017-06-14",22.4695743270298,0.895555555555556,0.788775959421951,0.73567231314001,55.9393807671875,51.4916192328124,53.7155,1.04660454430327,68.2236218258632,53.3028000000001,54.2266572209667,0.644665491017715,-0.0658641215702957
"6354430","2017-06-15",23.5854040166603,0.743445692883895,0.830829873510821,0.786264965922609,56.3288946289394,51.5111053710605,53.92,1.01199139992119,67.4833087626357,53.4292000000001,54.4537695915045,0.829012384154026,0.113111179574569
"6354429","2017-06-16",24.6810222912111,0.89833641404806,0.845779220829166,0.821795017920646,56.8071461556143,51.486187177719,54.1466666666666,1.03687064277963,72.2871181956927,53.6028000000001,54.7692669793039,1.09246385281998,0.308981714223651
"6354428","2017-06-19",24.8357564653284,0.770065075921908,0.803949060951284,0.826852718430424,57.1214839350294,51.6005160649705,54.361,0.926072635939517,66.7945791877804,53.7392000000001,54.9813647153967,1.2179066868983,0.49076670875858
"6354427","2017-06-20",23.3098102225241,0.484560570071259,0.717654020013738,0.789127433931396,57.2062222559894,51.8134444106773,54.5098333333333,0.707716078577285,55.7805788449422,53.8316000000001,55.0171827533438,1.14097075804642,0.620807518616148
"6354426","2017-06-21",21.7491333816009,0.418052256532066,0.55755930084174,0.693054127268921,57.2448912094979,51.9634421238354,54.6041666666666,0.595144342366977,53.3890490869916,53.9228000000001,55.0108917195646,1.02713394483924,0.702072803860767
"6354425","2017-06-22",20.792070549474,0.148809523809524,0.350474116804279,0.541895812553253,57.2584761014098,52.0838572319234,54.6711666666666,0.522320484447871,50.0080635057622,54.0244000000001,54.9507728236227,0.8668466288281,0.735027568854234
"6354424","2017-06-23",19.5897047125412,0.235119047619047,0.267326942653542,0.391786786766521,57.2379821040563,52.3206845626103,54.7793333333333,0.556399542837469,52.3086045580859,54.1300000000001,54.9373364471397,0.773470076005744,0.742716070284536
"6354423","2017-06-26",18.5038219347762,0.413690476190476,0.265873015873012,0.294558025110278,57.2559294761116,52.5594038572217,54.9076666666666,0.649543170915223,56.7438330280763,54.2612000000001,55.005691587521,0.778517813178325,0.749876418863294
"6354422","2017-06-27",17.5464649888673,0.461309523809523,0.370039682539678,0.301079880355411,57.1383272741872,53.0123393924794,55.0753333333333,0.658669071610488,57.8690357673066,54.3888000000001,55.0862660425182,0.796626855677385,0.759226506226112
"6354421","2017-06-28",17.3758268102206,0.539936102236421,0.471645367412136,0.369186021941609,57.1153974302634,53.3519359030698,55.2336666666666,0.749681486014129,60.4322811608684,54.5108000000001,55.2054305701825,0.855005066115067,0.778382218203903
"6354420","2017-06-29",17.1074898086479,0.489864864864863,0.497036830303598,0.446240626751804,57.1121920122515,53.6094746544151,55.3608333333333,0.711978279760107,59.6923548035186,54.6172000000001,55.2993731608248,0.880573460464129,0.798820466655948
"6354419","2017-06-30",17.0666216377716,0.447552447552448,0.492451138217907,0.487044445311214,57.1048382342839,53.8458284323826,55.4753333333333,0.695764983470696,58.9155107597188,54.7488000000001,55.3714567393815,0.880269624003471,0.815110298125453
"6354418","2017-07-03",17.7856014698306,0.748251748251749,0.561889686889683,0.517125885137063,57.2764538591203,53.9142128075463,55.5953333333333,0.892000448445855,64.9505657939008,54.8992000000001,55.5485958407973,0.993357463732725,0.850759731246907
"6354417","2017-07-05",18.1530772862135,0.688811188811189,0.628205128205124,0.560848651104238,57.3991342863433,54.01919904699,55.7091666666666,0.829641424396015,62.9810987011376,55.0820000000001,55.679449728691,1.04561829296372,0.889731443590271
"6354416","2017-07-06",17.7076076093378,0.524475524475525,0.65384615384615,0.614646989646986,57.3850557517401,54.2386109149265,55.8118333333333,0.662564426369553,57.7658989621028,55.2120000000001,55.7301897648655,1.00707155644426,0.913199466161069
"6354415","2017-07-07",17.4575014473463,0.541958041958041,0.585081585081581,0.622377622377619,57.3502275363717,54.4811057969616,55.9156666666666,0.668808916917186,58.1627981170316,55.3272,55.7808311295501,0.972453096491499,0.925050192227155
"6354414","2017-07-10",17.711236552859,0.673684210526315,0.580039258986623,0.606322332638118,57.3499927879356,54.711673878731,56.0308333333333,0.783956069167,61.0777491901791,55.458,55.8740536456101,0.986962523961332,0.93743265857399
"6354413","2017-07-11",18.1444636664413,0.812709030100336,0.676117094194893,0.613745979421033,57.4569317339098,54.8247349327568,56.1408333333333,0.893524273291284,64.7259375530935,55.5684,56.0228464928621,1.05943910890274,0.96183394863974
"6354412","2017-07-12",19.0108636897795,0.762463343108503,0.749618861245048,0.668591738142188,57.6419957405172,54.7986709261494,56.2203333333333,0.925440899525099,65.8741601354858,55.6828000000001,56.1744669604805,1.12774512981373,0.995016184874538
"6354411","2017-07-13",19.0159337663915,0.602564102564102,0.725912158590976,0.717216038010306,57.7117908917866,54.80587577488,56.2588333333333,0.726377339622235,60.5088625930366,55.7888000000001,56.2485380324164,1.10698569361973,1.01741008662358
"6354410","2017-07-14",19.2705142516771,0.626984126984127,0.66400385755224,0.713178292462755,57.8066769370712,54.7909897295954,56.2988333333333,0.794404980441091,62.7861646314586,55.9076000000001,56.3527329614276,1.1203788141104,1.03800383212094
"6354409","2017-07-17",19.8732416927596,0.59322033898305,0.607589522843756,0.665835179662324,57.8508800603297,54.7744532730036,56.3126666666666,0.814434049696378,62.5272932473424,56.0164000000001,56.4403685665706,1.11499191627746,1.05340144895225
"6354408","2017-07-18",21.5653087867895,0.496913580246914,0.57237268207136,0.614655354155786,58.0744704768219,54.6788628565114,56.3766666666666,0.976105265224621,65.8620551263199,56.1360000000001,56.5749860910278,1.15985358155273,1.07469187547234
"6354407","2017-07-19",23.2324060555382,0.836795252225518,0.64230972381849,0.607423976244536,58.5082897847379,54.5663768819287,56.5373333333333,1.08499516779194,72.9825671188705,56.2572000000001,56.8529879455574,1.3511290758017,1.12997931553821
"6354406","2017-07-20",24.8787189418628,0.834285714285713,0.722664848919377,0.645782418269743,58.849749369456,54.6095839638773,56.7296666666666,1.02442922715728,73.474979418208,56.3680000000001,57.1072562194831,1.49792500831321,1.20356845409321
"6354405","2017-07-21",26.5452144493839,0.734104046242774,0.801728337584664,0.722234303440844,59.0611837018058,54.8101496315275,56.9356666666666,0.96365189443683,71.2378041924936,56.4748000000001,57.306288723552,1.5722486046968,1.27730448421393
"6354404","2017-07-24",28.0926745635107,0.826589595375722,0.798326451968066,0.774239879490703,59.2683064713997,55.0026935286003,57.1355,0.949603224448852,73.0079577886168,56.5588000000001,57.5214502270784,1.65595896568695,1.35303538050854
"6354403","2017-07-25",29.857219501495,0.872282608695652,0.810992083438046,0.803682290996925,59.5596387062926,55.093027960374,57.3263333333333,0.970229767671731,74.83241313632,56.6752000000001,57.7545901968013,1.74988405121317,1.43240511464946
"6354402","2017-07-26",31.6139345248783,0.891820580474935,0.863564261515432,0.824294265640515,59.8416113319074,55.2007220014258,57.5211666666666,0.953684595788786,75.9335682933571,56.8448000000001,57.9859781705611,1.83251993714237,1.51242807914804
"6354401","2017-07-27",30.8423100222508,0.535087719298247,0.766396969489607,0.813651104814362,59.9476685056129,55.3556648277204,57.6516666666666,0.746442892046222,60.614637252174,56.9784000000001,58.029181081153,1.71350524249989,1.55264351181841
"6354400","2017-07-28",30.1258015555253,0.615141955835963,0.680683418536377,0.770214883180472,60.0273961101892,55.5516038898107,57.7895,0.739175535255193,63.126594815041,57.1432000000001,58.1159569369993,1.65138833392271,1.57239247623927
"6354399","2017-07-31",29.4604722649945,0.665615141955838,0.605281605696678,0.684120664574221,60.0818760712623,55.7791239287377,57.9305,0.733067883093299,64.1902043762112,57.3028000000001,58.212496012066,1.60556339004687,1.57902665900079
"6354398","2017-08-01",28.1308127566737,0.542586750788645,0.607781282860144,0.631248769031067,60.139284270405,55.8970490629282,58.0181666666666,0.65286752579326,59.6719708214157,57.4228000000001,58.2441632104572,1.49776596728219,1.56277452065707
"6354397","2017-08-02",27.1335378067274,0.470588235294117,0.559596709346196,0.59088653263434,60.1755641905546,56.0454358094453,58.1105,0.635467943940703,58.7583218591852,57.5332000000001,58.2609414490629,1.38525410071335,1.52727043666833
"6354396","2017-08-03",26.6507522239301,0.588235294117648,0.533803426733466,0.567060472979936,60.1719230931272,56.3174102402061,58.2446666666666,0.697690351304073,61.4591903065731,57.6424000000001,58.3208159225212,1.3277846097479,1.48737327128424
"6354395","2017-08-04",26.4464798932291,0.759183673469389,0.606002400960381,0.566467512346681,60.1981104620855,56.5982228712478,58.3981666666666,0.797740778368016,65.7250009268428,57.7784000000001,58.4527071328517,1.3493611942222,1.45977085587183
"6354394","2017-08-07",25.5999017462758,0.42138364779874,0.589600871795255,0.576468899829701,60.1793962119954,56.8519371213378,58.5156666666666,0.684625360251069,61.6812772773783,57.9040000000001,58.5230128484715,1.3055228577298,1.42892125624343
"6354393","2017-08-08",26.6592150370419,0,0.393522440422705,0.529708571059447,60.3814017327652,56.5269316005681,58.4541666666666,-0.150543372759415,34.9474171936361,57.8428000000001,58.0759444686753,0.735250392149989,1.29018708342474
"6354392","2017-08-09",27.7332990674768,0,0.140461215932909,0.37452817605029,60.6918498057996,55.998816860867,58.3453333333333,-0.158848986632123,34.2755666906851,57.7820000000001,57.6671518728519,0.255270764804849,1.08320381970076
"6354391","2017-08-10",28.8965528165942,0,-4.18184005942142e-15,0.177994552118537,60.9374058305432,55.56892750279,58.2531666666666,-0.0923155760720236,33.0358959516334,57.7284000000001,57.274198289805,-0.166507818409978,0.833261492078614
"6354390","2017-08-11",30.200098775124,0,-4.18184005942142e-15,0.0468204053109671,61.2321210186597,55.0082123146735,58.1201666666666,-0.077370294281217,31.3515643428154,57.6568000000001,56.8803051844977,-0.553604883626002,0.555888216937691
"6354389","2017-08-14",30.1574298515851,0.0501792114695343,0.0167264038231739,0.00557546794105542,61.3865062136248,54.6271604530418,58.0068333333333,0.0571316949849644,33.8923946350261,57.5816000000001,56.5762644932313,-0.813512671040129,0.282008039342127
"6354388","2017-08-15",30.0133472601205,0.191956124314442,0.0807117785946545,0.032479394139275,61.4297661645415,54.3399005021251,57.8848333333333,0.171150327662862,40.422831693975,57.5168000000001,56.4154292274671,-0.900233388363136,0.0455597538010741
"6354387","2017-08-16",29.3925033231155,0.246800731261426,0.16297868901513,0.0868056238109864,61.3560773080414,54.1169226919585,57.7365,0.243086944268138,42.7939225978982,57.4572000000001,56.3160386638049,-0.915805941643832,-0.146713385287907
"6354386","2017-08-17",29.4968315353945,0.0840950639853749,0.174283973187077,0.139324813598954,61.2859868448195,53.8090131551804,57.5475,0.182469570548775,37.9664307103401,57.3792000000001,56.1112335086309,-1.04442433859928,-0.326255575950182
"6354385","2017-08-18",29.6296450949589,0.0749542961608769,0.135283363802555,0.157515342001588,61.1974499058382,53.500883427495,57.3491666666666,0.186981633505588,37.7090654608292,57.2872000000001,55.9270690408134,-1.14126407275766,-0.489257275311678
"6354384","2017-08-21",29.7835166370183,0.0676416819012793,0.0755636806825062,0.128377005890713,61.0471297918571,53.2362035414762,57.1416666666666,0.213435607816146,37.4901171475199,57.1944000000001,55.7621265020383,-1.21056851383522,-0.633519523016387
"6354383","2017-08-22",29.0527276578332,0.159049360146252,0.100548446069465,0.103798496851509,60.7670680953789,53.1175985712877,56.9423333333333,0.303602938922515,42.0217588729428,57.1040000000001,55.6858429684332,-1.17986507165273,-0.742788632743655
"6354382","2017-08-23",28.6262122723339,0.107861060329067,0.111517367458862,0.0958764980702779,60.4106746705094,53.0253253294905,56.718,0.286333736274925,40.2615271783524,56.9540000000001,55.5823972393088,-1.18275798722882,-0.830782503640689
"6354381","2017-08-24",28.4181680923284,0.0743639921722119,0.113758137549173,0.1086079836925,60.1716607118347,52.8713392881652,56.5215,0.271494079526692,38.9439338830947,56.7916000000001,55.4647442740676,-1.20206045960741,-0.905038094834034
"6354380","2017-08-25",27.7759001861851,0.216981132075471,0.133068728192246,0.119448077733427,59.8669097810625,52.8060902189374,56.3365,0.333376283071894,41.963334017646,56.6480000000001,55.4041117041919,-1.15911827065204,-0.955854129997634
"6354379","2017-08-28",27.2509377445165,0.31472081218274,0.202021978810137,0.149616281517185,59.5022665426924,52.7894001239742,56.1458333333333,0.347184009133141,41.4646892167147,56.4888000000001,55.342230143633,-1.12248150238864,-0.989179604475835
"6354378","2017-08-29",25.959451838559,0.360406091370559,0.297369345209586,0.21082001740399,59.1441829978857,52.8168170021142,55.9804999999999,0.401933916828167,42.4121931071304,56.3192000000001,55.3005994578153,-1.06810869029859,-1.00496542164039
"6354377","2017-08-30",24.2826200140112,0.673170731707319,0.449432545086869,0.31627462303553,58.7564843439701,52.9298489893632,55.8431666666666,0.513758655173663,49.0270414465924,56.1676000000001,55.3538528634399,-0.91668611309651,-0.987309559931611
"6354376","2017-08-31",22.6034758303351,0.602150537634407,0.545242453570758,0.430681447955737,58.2202985115669,53.1620348217663,55.6911666666666,0.554465329784124,49.2145704123918,56.0640000000001,55.4026724816479,-0.784709592414556,-0.9467895664282
"6354375","2017-09-01",21.3529824518194,0.754807692307691,0.676709653883135,0.557128217513587,57.4252606610252,53.653072672308,55.5391666666666,0.73615825510232,54.1222793418863,55.9672000000001,55.5169828174282,-0.594697191478832,-0.876371091438326
"6354374","2017-09-05",20.1465046954644,0.740384615384613,0.699114281775566,0.640355463076486,56.4243867277555,54.3792799389111,55.4018333333333,0.979926038754484,53.8111620029827,55.8628000000001,55.6120517751044,-0.443485866138282,-0.789794046378318
"6354373","2017-09-06",19.6568485001631,0.700404858299597,0.731865721997296,0.702563219218666,56.5784574802127,54.2972091864539,55.4378333333333,1.03866706955804,55.5537715181874,55.7816000000001,55.7197782050905,-0.29285438946024,-0.690406114994702
"6354372","2017-09-07",19.1510861548882,0.688259109311742,0.709682860998647,0.71355428825717,56.7331219935958,54.2702113397375,55.5016666666666,0.917527664563232,55.1996504956272,55.7024000000001,55.8091411110785,-0.175930750172126,-0.587511042030187
"6354371","2017-09-08",19.1281400159708,0.704453441295548,0.697705802968958,0.713084795321634,56.895766123905,54.2672338760949,55.5815,0.914109433470667,55.6059871353882,55.6112000000001,55.891922296268,-0.0767147186317985,-0.485351777350509
"6354370","2017-09-11",19.4758446316205,0.785454545454544,0.726055698687274,0.71114812088496,57.0776624077162,54.3383375922837,55.708,0.992335432099441,59.8244968612632,55.5132000000001,56.0209993234323,0.0630209165001228,-0.375677238580383
"6354369","2017-09-12",20.5747378265845,0.620689655172413,0.703532547307497,0.709098016321243,57.3170129348236,54.327653731843,55.8223333333333,0.994308835550237,59.8244968612632,55.4284000000001,56.132866080308,0.171522304409932,-0.26623732998232
"6354368","2017-09-13",21.2617601225243,0.571839080459769,0.659327760362238,0.696305335452337,57.4600598517724,54.3249401482275,55.8925,0.839434142008494,57.3267864669459,55.4892000000001,56.2071506029336,0.230270010434319,-0.166935861898992
"6354367","2017-09-14",21.8997093973255,0.564814814814816,0.585781183482329,0.649547163717355,57.5742733652941,54.3147266347058,55.9445,0.798252102828801,58.2109872328953,55.5596000000001,56.2821971892091,0.284909425365765,-0.0765668044460407
"6354366","2017-09-15",22.4920908667837,0.564814814814816,0.567156236696463,0.604088393513677,57.6658175491431,54.3925157841901,56.0291666666666,0.755857864669579,58.2109872328953,55.6416000000001,56.3472375639812,0.324370768745053,0.00362071019217797
"6354365","2017-09-18",23.129354729082,0.561904761904761,0.563844797178127,0.572260739118973,57.7269583154217,54.5283750179115,56.1276666666666,0.744587450307249,58.5842048845207,55.7408000000001,56.4076058887837,0.355751262117088,0.0740468205771599
"6354364","2017-09-19",23.5233280361508,0.411290322580644,0.512669966433403,0.547890333435998,57.7531585070553,54.6995081596113,56.2263333333333,0.712969154729102,57.1192114336621,55.8256000000001,56.4492584369459,0.364916253030101,0.132220707067748
"6354363","2017-09-20",24.8792189675225,0.634146341463415,0.535780475316269,0.537431746309266,57.9138330437681,54.7481669562318,56.331,0.879804218160315,63.9205945481312,55.9020000000001,56.5600239786864,0.44687382775439,0.195151331205077
"6354362","2017-09-21",26.5559048441683,0.62114537444934,0.555527346164462,0.534659262638045,58.0992101106113,54.8414565560553,56.4703333333333,0.947036066094281,67.4904052597711,55.9808000000001,56.7040207815282,0.556377042730927,0.267396473510247
"6354361","2017-09-22",28.223581879667,0.654166666666665,0.636486127526469,0.575931316335733,58.2260106877451,55.0369893122549,56.6315,0.953169325791857,68.9603622426014,56.1016000000001,56.8501513439912,0.657864661641749,0.345490111136547
"6354360","2017-09-25",29.5123037296192,0.584821428571429,0.620044489895807,0.60401932119558,58.2911910520534,55.2394756146132,56.7653333333333,0.85105938128753,66.9236148826949,56.2204000000001,56.9634644981257,0.715476671293636,0.419487423167965
"6354359","2017-09-26",31.4978856053201,0.564575645756458,0.601187913664846,0.619239510362374,58.3960895433128,55.4539104566871,56.925,0.971872476982903,69.0867779785319,56.3496000000001,57.0910025650422,0.782904249768146,0.492170788488001
"6354358","2017-09-27",33.5804299944196,0.731147540983606,0.626848205103827,0.616026869554827,58.6376982468138,55.5696350865194,57.1036666666666,1.09635886586218,75.0074997455841,56.4884000000001,57.3002022230366,0.929445400136908,0.579625710817782
"6354357","2017-09-28",35.6731092159888,0.803921568627451,0.699881585122501,0.642639234630391,58.9973233662055,55.5526766337944,57.275,1.10238397757194,78.0107397644527,56.6580000000001,57.5468419266317,1.10066362983685,0.683833294621596
"6354356","2017-09-29",37.9088789144466,0.817174515235458,0.784081208282167,0.703603666169498,59.4213108737677,55.5180224595656,57.4696666666666,1.11238962630488,80.5302976099385,56.8556000000001,57.8259296697475,1.2885907214002,0.804784779977316
"6354355","2017-10-02",39.6348028033002,0.76566757493188,0.795587886264925,0.759850226556531,59.7714539461863,55.5035460538136,57.6374999999999,1.00356444442194,77.7878269320435,57.0352000000001,58.0491390471145,1.40043331534345,0.923914487050543
"6354354","2017-10-03",41.2796071389679,0.830188679245282,0.804343589804203,0.794670894783765,60.1064951916021,55.5311714750645,57.8188333333333,0.978909647146217,79.4062637078892,57.2296000000001,58.2825871741659,1.51206250294864,1.04154409023016
"6354353","2017-10-04",42.8322244631787,0.872000000000001,0.822618751392383,0.807516742487171,60.4288634335008,55.5571365664991,57.9929999999999,0.94275881199546,80.3812383283624,57.4280000000001,58.5102422176104,1.6070155952846,1.15463839124105
"6354352","2017-10-05",43.3436364400017,0.781333333333333,0.827840670859534,0.818267670685374,60.6276178388939,55.691382161106,58.1594999999999,0.84449327605081,73.6607008172047,57.5860000000001,58.6622099219291,1.61588952107512,1.24688861720786
"6354351","2017-10-06",43.9741393944123,0.885333333333333,0.846222222222218,0.832227214824712,60.8531673230082,55.8168326769917,58.3349999999999,0.866337848788374,76.1263871974134,57.7588000000001,58.8459152656718,1.65666510483999,1.32884391473429
"6354350","2017-10-09",43.9448369915195,0.785714285714286,0.817460317460313,0.830507736847355,61.0349982304251,55.9333351029081,58.4841666666666,0.804965909046727,71.8543539665663,57.9008000000001,58.9744598969156,1.63793245259529,1.39066162230649
"6354349","2017-10-10",43.9176276174048,0.776223776223776,0.815757131757127,0.826479890479886,61.1912557444664,56.0474109222001,58.6193333333333,0.769059438575811,72.2193338348234,58.0460000000001,59.0925319106602,1.61091126776138,1.43471155139747
"6354348","2017-10-11",43.9490379352831,0.757142857142857,0.773026973026969,0.80208147408147,61.2905424932466,56.2517908400866,58.7711666666666,0.742553463793015,71.42141119821,58.1820000000001,59.1895276559055,1.56563871279511,1.460896983677
"6354347","2017-10-12",44.1618743539055,0.871428571428572,0.801598401598397,0.796794168794165,61.3859784601167,56.4906882065498,58.9383333333333,0.769987395681743,73.9053111599465,58.3320000000001,59.3162573017848,1.55504654648388,1.47972689623838
"6354346","2017-10-13",44.6928863283337,0.757785467128027,0.795452298566481,0.790025891063949,61.4373632174984,56.7869701158348,59.1121666666666,0.764744644108972,73.2624301443683,58.4792000000001,59.4220896615468,1.52459680951818,1.48870087889434
"6354345","2017-10-16",41.5568833277425,0,0.543071346185528,0.713374015450135,61.3142314436642,57.1224352230023,59.2183333333333,0.455866175200015,48.3506545948423,58.5432000000001,59.2938110400072,1.26174852089025,1.44331040729352
"6354344","2017-10-17",39.2801161284255,0,0.252595155709338,0.530372933487116,61.1450655440162,57.4346011226503,59.2898333333333,0.235028677001928,43.2619623550682,58.5860000000001,59.1119695680063,0.969923533452333,1.34863303252528
"6354343","2017-10-18",37.1795649785372,0,-4.51490696680897e-15,0.265222167298287,61.0698038894893,57.5791961105106,59.3244999999999,0.185489346598983,43.1696433528006,58.6352000000001,58.9530402922721,0.728592724780897,1.2246249709764
"6354342","2017-10-19",35.0042336807105,0.141868512110725,0.047289504036904,0.0999615532487459,61.0207280479747,57.6899386186918,59.3553333333333,0.256213949503626,48.0632411390088,58.6976000000001,58.8699682533025,0.586581851217982,1.09701634702472
"6354341","2017-10-20",32.5412625572976,0.283737024221453,0.141868512110722,0.0630526720492072,60.9716488535147,57.8216844798185,59.3966666666666,0.3433844720744,52.4707531582565,58.7764000000001,58.8526391528622,0.52421494587449,0.982456066794674
"6354340","2017-10-23",30.2649454770862,0.33910034602076,0.254901960784308,0.148019992310645,60.8728769012908,58.0394564320424,59.4561666666666,0.348416426484743,54.1074988203401,58.8604000000001,58.8589539324805,0.491079379919324,0.884180729419604
"6354339","2017-10-24",28.7805412565952,0.432525951557093,0.351787773933098,0.249519415609376,60.8256763893797,58.1886569439535,59.5071666666666,0.434079616426499,56.8103867925544,58.9584000000001,58.9004267414831,0.496101530053528,0.806564889546389
"6354338","2017-10-25",27.072336011691,0.224913494809688,0.332179930795843,0.312956555171083,60.8333545178413,58.1649788154919,59.4991666666666,0.227986830080119,49.7922725184133,59.0100000000001,58.8563698426187,0.413047062655703,0.727861324168252
"6354337","2017-10-26",25.6629271363069,0.359861591695501,0.339100346020756,0.341022683583232,60.8309584468434,58.1543748864898,59.4926666666666,0.39812884204124,53.7884203297146,59.0628000000001,58.8701871969362,0.396148358694526,0.661518731073507
"6354336","2017-10-27",24.3541903234503,0.429065743944635,0.33794694348327,0.33640907343329,60.7948000601744,58.1358666064921,59.4653333333333,0.44283422182325,55.7341815761241,59.1172000000001,58.9088289040114,0.405475880042716,0.610310160867348
"6354335","2017-10-30",23.3813880893882,0.138408304498269,0.309111880046131,0.328719723183386,60.7730602823548,58.0469397176451,59.4099999999999,0.232220207187471,46.8178851117281,59.1420000000001,58.8303183834766,0.294306403420586,0.547109409377996
"6354334","2017-10-31",22.5326616439758,0.124567474048443,0.230680507497111,0.292579777008837,60.7279918854179,57.9346747812487,59.3313333333333,0.179711742955623,46.4369143775121,59.1564000000001,58.756942599013,0.19836275294598,0.477360078091593
"6354333","2017-11-01",21.4612767963094,0.100346020761245,0.121107266435981,0.220299884659741,60.640702039067,57.8512979609329,59.2459999999999,0.212244391926345,45.7355297083939,59.1384000000001,58.6840169191446,0.111357487804886,0.404159560034251
"6354332","2017-11-02",21.0828884665085,0,0.0749711649365581,0.142252979623217,60.6122533921618,57.6990799411714,59.1556666666666,0.121603947764077,41.5808167087965,59.0836000000001,58.5634813299253,-0.0167179644768312,0.319984055132035
"6354331","2017-11-03",22.1517466004936,0,0.0334486735870772,0.076509034986539,60.6350907435101,57.3672425898231,59.0011666666666,-0.0848394958346826,31.921635418158,58.9560000000001,58.2816838192686,-0.29900562512083,0.196186119081462
"6354330","2017-11-06",23.1442577249083,0.25835866261398,0.0861195542046554,0.0648464642427637,60.5535211728285,57.2001454938381,58.8768333333333,0.105323075403708,41.3057784233918,58.8680000000001,58.1507926433661,-0.401132412439875,0.0767224127771946
"6354329","2017-11-07",23.6380416715837,0.377022653721683,0.211793772111883,0.110453999967872,60.564767192899,57.1948994737675,58.8798333333333,0.85120072912093,53.3607134600705,58.8272000000001,58.234686957584,-0.273577868464547,0.00666235652884622
"6354328","2017-11-08",22.9825539614756,0.184466019417476,0.273282445251042,0.190398590522527,60.4313392832323,57.2193273834342,58.8253333333333,0.524283845276216,45.3037151201691,58.7312000000001,58.1487286965728,-0.33376057662261,-0.0614222301014451
"6354327","2017-11-09",22.3738868020894,0.509708737864077,0.357065803667741,0.280714007010222,60.3531120531363,57.2602212801969,58.8066666666666,0.849187889029031,57.0892975534365,58.7292000000001,58.3422315370298,-0.101613503983167,-0.0694604848777894
"6354326","2017-11-10",21.1904239469241,0.396440129449838,0.363538295577126,0.33129551483197,60.1586578212011,57.3543421787988,58.7564999999999,0.708072155351314,52.8207106566211,58.6836000000001,58.4166006654258,-0.0146551448184873,-0.058499416865929
"6354325","2017-11-13",20.0914941528421,0.475728155339806,0.460625674217902,0.393743257820923,60.2240369583943,57.3416297082723,58.7828333333333,0.769624171474674,55.3380942733894,58.6668000000001,58.546387243369,0.120353269321938,-0.0227288796283556
"6354324","2017-11-14",18.6847104879018,0.406148867313916,0.426105717367848,0.416756562387626,60.2639803032469,57.3926863634196,58.8283333333333,0.63524680561153,52.6815700804656,58.6308000000001,58.6015356109198,0.165997281804686,0.0150163526582527
"6354323","2017-11-15",17.5268958412745,0.368932038834951,0.416936353829553,0.434555915138435,60.2739006212256,57.4550993787743,58.8644999999999,0.530332042824593,51.2639949432681,58.5872000000001,58.6186641961305,0.168528137887036,0.0457187097040094
"6354322","2017-11-16",16.5403169654655,0.357605177993527,0.37756202804746,0.40686803308162,60.2944171786271,57.4865828213728,58.8905,0.561553963426242,50.8158265151348,58.5280000000001,58.6241756366464,0.159061035061114,0.0683871747754304
"6354321","2017-11-17",15.6242080093573,0.383495145631068,0.37001078748651,0.388169723121174,60.3118815656674,57.4944517676659,58.9031666666666,0.589975622526553,51.851956125687,58.4764000000001,58.6502855517603,0.171592404617993,0.0890282207439429
"6354320","2017-11-20",14.7735354072567,0.407766990291262,0.382955771305281,0.37684286227975,60.3151796720453,57.4958203279546,58.9054999999999,0.559528890379001,52.8546842948788,58.4968000000001,58.6929141448589,0.199826852094409,0.111187947014036
"6354319","2017-11-21",15.0673115758512,0.420711974110031,0.403991370010782,0.385652642934191,60.3385768722169,57.491423127783,58.9149999999999,0.7136636753539,53.4119502476954,58.5416000000001,58.740525592211,0.230497969906551,0.135049951592539
"6354318","2017-11-22",15.3401037324032,0.516181229773462,0.448220064724914,0.411722402013659,60.4373448389326,57.494321827734,58.9658333333333,0.780040850353752,57.4102534534171,58.6104000000001,58.8604555132496,0.331841452140313,0.174408251702094
"6354317","2017-11-24",15.4397547033161,0.416510318949344,0.451134507610941,0.434448647448879,60.4891323721505,57.4882009611827,58.9886666666666,0.729262154238363,56.3509596572472,58.6580000000001,58.9483947781496,0.390982197987655,0.217723040959206
"6354316","2017-11-27",15.9789188625444,0.402777777777777,0.445156442166857,0.448170338167571,60.5665718832003,57.4704281167996,59.0185,0.787938825604472,57.0619645223796,58.6932000000001,59.037942141063,0.446222948226205,0.263423022412606
"6354315","2017-11-28",17.1785777088188,0.667512690355329,0.495600262360812,0.463963737379537,60.8011006955563,57.4288993044436,59.115,0.943330580415533,61.1509384267984,58.7460000000001,59.1955498555879,0.565116576355496,0.323761733201184
"6354314","2017-11-29",19.8708309772893,0.418487394957983,0.496259287697025,0.479005330741565,61.461120157687,57.1555465089795,59.3083333333333,1.1956099800776,66.4793840723555,58.8252000000001,59.4561432081762,0.776160722880892,0.414241531137125
"6354313","2017-11-30",22.6313514819242,0.597037037037037,0.561012374116779,0.517623974724872,62.3762025233463,56.7557974766536,59.5659999999999,1.21714878788648,73.0669868768595,58.9900000000001,59.8873241137527,1.13665228007647,0.558723680924994
"6354312","2017-12-01",25.1946919505138,0.69925925925926,0.571594563751422,0.542955408521742,63.1638033664937,56.5565299668395,59.8601666666666,1.11697159379138,75.3997369908879,59.1668000000001,60.353014231919,1.4940950430584,0.745797953351674
"6354311","2017-12-04",27.8745576702958,0.774149659863944,0.690148652053409,0.607585196640537,63.9731276527014,56.5285390139652,60.2508333333333,1.12495058166033,78.2515376242182,59.3744000000001,60.8859456676632,1.88030834620154,0.972700031921648
"6354310","2017-12-05",30.3630044100933,0.785034013605443,0.752814310909544,0.671519175571459,64.5891768539321,56.6271564794012,60.6081666666666,1.01391897293085,78.4731847634148,59.6188000000001,61.3584862453081,2.16705100298171,1.21157022613366
"6354309","2017-12-06",32.1322354738678,0.730612244897959,0.763265306122444,0.735409423028466,65.1019979760231,56.5380020239768,60.82,0.906352363953242,74.3908574306412,59.8488000000001,61.714688079267,2.31163835792239,1.43158385249141
"6354308","2017-12-07",33.4251355248147,0.688456189151599,0.734700815884995,0.750260144305661,65.4862789021629,56.6693877645037,61.0778333333333,0.838233354603769,71.7770697254155,60.0712000000001,61.9887296686981,2.36289333654003,1.61784574930113
"6354307","2017-12-08",34.6256855721226,0.714488636363636,0.711185690137726,0.736383937381722,65.8655195620587,56.7208137712746,61.2931666666666,0.817141604444996,72.6911683143323,60.3200000000001,62.256899046205,2.40400880815501,1.77507836107191
"6354306","2017-12-11",35.5474916702426,0.692528735632183,0.698491187049135,0.714792564357285,66.1682428582285,56.8947571417714,61.5315,0.777691339093426,71.2857872887209,60.6168000000001,62.4719791733777,2.39083580452686,1.8982298497629
"6354305","2017-12-12",36.4034544756398,0.688751926040061,0.698589766011955,0.702755547732939,66.4439820563598,57.0813512769735,61.7626666666666,0.758545565205487,71.827244742062,60.8844000000001,62.6743819502606,2.36750390767437,1.99208466134519
"6354304","2017-12-13",37.4662679338222,0.676425269645607,0.685901977105946,0.694327643389012,66.6680412156301,57.3646254510365,62.0163333333333,0.744390525393876,70.8678221649829,61.0896000000001,62.8391310235592,2.31121714624352,2.05591115832486
"6354303","2017-12-14",38.1172243122689,0.640062597809076,0.668413264498244,0.684301669205381,66.791421580973,57.7602450856935,62.2758333333333,0.706414598102594,68.407734264281,61.3344000000001,62.9552468870847,2.21486735284731,2.08770239722935
"6354302","2017-12-15",38.7216838065408,0.614853195164076,0.643780354206248,0.666031865270146,66.85197910321,58.1996875634566,62.5258333333333,0.67769858920448,68.8157617376608,61.5016000000001,63.0652139688067,2.12261528390101,2.09468497456368
"6354301","2017-12-18",39.7899830738915,0.713991769547325,0.656302520840154,0.656165379848215,66.9664440817831,58.6602225848835,62.8133333333333,0.752019926763903,73.2761581222751,61.7304000000001,63.2725187729658,2.13159426519109,2.10206683268916
"6354300","2017-12-19",40.3899444178964,0.515060240963857,0.614635068558414,0.638239314534939,66.9350667318267,59.2445999348399,63.0898333333333,0.696802097967975,70.4346257721643,61.9308000000001,63.422849603237,2.08579999136738,2.09881346442481
"6354299","2017-12-20",40.6067603835014,0.315589353612164,0.514880454707777,0.595272681368782,66.8631645691389,59.817835430861,63.3404999999999,0.669781516688532,67.9827184859434,62.1408000000001,63.5278029894721,2.0017955732341,2.07940988618666
"6354298","2017-12-21",40.015787535402,0.0173913043478257,0.282680299641277,0.470731940969156,66.6890169290462,60.4226497376204,63.5558333333333,0.586307315995366,62.3258634364199,62.3416000000001,63.5574292575425,1.85524643755923,2.03457719646118
"6354297","2017-12-22",39.4329218487681,0.0112994350282463,0.114760030996074,0.304106928448376,66.3585525359313,61.193780797402,63.7761666666666,0.559473425393662,62.0839762322504,62.5444000000001,63.5804386898702,1.7167443764476,1.97101063245846
"6354296","2017-12-26",39.3460999856316,0.525423728813558,0.184704822729872,0.194048384455741,65.9400951031836,62.1079048968163,64.0239999999999,0.719891660196461,68.1423305941993,62.7772000000001,63.7217135312208,1.7025429283023,1.91731709162723
"6354295","2017-12-27",39.3151423151104,0.581920903954798,0.372881355932196,0.224115403219381,65.3920045739711,63.0903287593622,64.2411666666666,0.809412238746465,68.7335567739048,63.0080000000001,63.8574850603914,1.68401546005139,1.87065676531206
"6354294","2017-12-28",39.3386436608933,0.581920903954798,0.563088512241047,0.373558230301038,65.1552516325024,63.5940817008308,64.3746666666666,0.883473095735127,68.7335567739048,63.2356000000001,63.9751537190059,1.64986473081052,1.82649835841175
"6354293","2017-12-29",39.468857021631,0.524324324324327,0.56272204407797,0.499563970750404,65.1790163719002,63.7079836280997,64.4434999999999,0.860177797242314,67.8572492848946,63.4372000000001,64.0691332231384,1.59649410191596,1.7804975071126
"6354292","2018-01-02",40.1559376253656,0.346456692913387,0.484233973730833,0.536681510016616,65.2608017753586,63.746864891308,64.5038333333333,0.922408626632454,66.4879246397549,63.6400000000001,64.13858212672,1.5250597842835,1.72940996254678
"6354291","2018-01-03",40.7939410431192,0.374015748031495,0.414932255089731,0.487296090966178,65.2639599513768,63.7457067152897,64.5048333333333,0.775645715782324,67.0449467138373,63.8416000000001,64.208104509824,1.46025000772374,1.67557797158217
"6354290","2018-01-04",41.5363708651394,0.476377952755906,0.398950131233591,0.432705453351385,65.3355386563867,63.7201280102798,64.5278333333333,0.891334963769248,69.099407606557,64.0296000000001,64.3030239085141,1.42491701172647,1.62544577961103
"6354289","2018-01-05",41.9072370711464,0.420634920634924,0.42367620714077,0.412519531154697,65.3943423730591,63.7349909602742,64.5646666666666,0.784448487742507,66.855186448068,64.1752000000001,64.3679540540456,1.36466131339343,1.57328888636751
"6354288","2018-01-08",42.4540802622268,0.555555555555554,0.484189476315457,0.435605271563273,65.4896361460586,63.7676971872747,64.6286666666666,0.913100202945494,69.633060791161,64.2728000000001,64.4695601801728,1.34382102991719,1.52739531507745
"6354287","2018-01-09",43.3890732097603,0.688715953307394,0.554968809832619,0.487611497762948,65.6756413651312,63.7390253015353,64.7073333333333,1.04700224440275,72.3489732592427,64.3576000000001,64.6069521561498,1.35758518028564,1.49343328811908
"6354286","2018-01-10",43.8522138782279,0.626459143968874,0.623576884277269,0.554245056808448,65.7941364032,63.7748635967999,64.7845,0.928619648250039,69.4561084570768,64.3972000000001,64.7046918686631,1.33278004193915,1.4613026388831
"6354285","2018-01-11",44.417543906972,0.655555555555554,0.656910217610603,0.611818637240164,65.9292970139543,63.8023696527123,64.8658333333333,0.943911100995643,70.7170508943648,64.4400000000001,64.8107329528414,1.31759900399999,1.43256191190648
"6354284","2018-01-12",45.2605714717415,0.735483870967744,0.672499523497386,0.650995541795086,66.1599729660677,63.7710270339322,64.9654999999999,1.05163799046526,74.3517136650086,64.5192000000001,64.9706352257959,1.35301617775074,1.41665276507533
"6354283","2018-01-16",43.9299683874316,0.21428571428571,0.535108380269665,0.621506040459218,66.2052312333085,63.8751021000247,65.0401666666666,0.754563860085637,59.654503452441,64.5712000000001,64.9838838623564,1.24965169796465,1.38325255165319
"6354282","2018-01-17",42.6944083805723,0.267857142857141,0.40587557603686,0.537827826601303,66.2118257805903,64.0198408860762,65.1158333333333,0.710235633688324,60.7219159760104,64.6188000000001,65.0113660140422,1.16913547747677,1.34042913681791
"6354281","2018-01-18",41.5835850247499,0.508928571428573,0.330357142857136,0.423780366387887,66.3166109928963,64.0190556737702,65.1678333333333,0.838983495565905,65.1855990610452,64.6932000000001,65.1071838788366,1.15885522323118,1.30411435410056
"6354280","2018-01-19",40.7641825874584,0.629464285714286,0.468749999999995,0.401660906297997,66.4456836622364,64.0479830044302,65.2468333333333,0.890582534542446,67.1931312902393,64.7736000000001,65.226226028325,1.17038391833366,1.27736826694718
"6354279","2018-01-22",39.4610866815794,0.52232142857143,0.553571428571425,0.450892857142852,66.5151624715214,64.1248375284785,65.32,0.784480150692142,63.6781256044691,64.8476000000001,65.297395891215,1.13648179989514,1.24919097353677
"6354278","2018-01-23",39.1185062907845,0.490118577075102,0.547301430453601,0.523207619675007,66.5644714453759,64.2988618879573,65.4316666666666,0.896508449742293,64.8337808815606,64.9352000000001,65.3777431057197,1.1139074335119,1.2221342655318
"6354277","2018-01-24",39.1588892123982,0.538181818181814,0.516873941276111,0.539248933433712,66.6437791974126,64.4805541359207,65.5621666666666,1.02290752673075,67.7538695120281,65.0348000000001,65.4967106916237,1.12841618241519,1.20339064890848
"6354276","2018-01-25",38.2179549116707,0.370909090909089,0.46640316205533,0.510192844595014,66.7092510809514,64.5570822523818,65.6331666666666,0.803647182007732,60.9749201927226,65.0824000000001,65.5384825994072,1.07070244282519,1.17685300769182
"6354275","2018-01-26",38.4051852757677,0,0.303030303030296,0.428769135453912,67.092921157131,63.9767455095356,65.5348333333333,-0.317722411967669,28.328211837674,64.9420000000001,64.9186849194863,0.411664728932926,1.02381535194004
"6354274","2018-01-29",38.4068451366554,0.789473684210526,0.3867942583732,0.385409241152942,67.2070122681808,64.0189877318191,65.613,0.789730099668813,55.6286526449698,65.0192000000001,65.0815269302214,0.53383130850464,0.925818543252961
"6354273","2018-01-30",38.9653763728529,0.612030075187968,0.467167919799493,0.385664160400996,67.2118262330087,64.0781737669912,65.645,0.489894646260226,50.9326822071151,65.0676000000001,65.0653233395252,0.478504857541884,0.836355806110745
"6354272","2018-01-31",39.6819205326163,0.541353383458645,0.647619047619041,0.500527075263911,67.219001216864,64.0459987831359,65.6325,0.267045036332311,49.1528619043061,65.0980000000001,64.9886135609219,0.372026146790305,0.743489874246657
"6354271","2018-02-01",40.5154847505665,0.4796992481203,0.544360902255633,0.553049289891389,67.2538514807068,63.9598151859597,65.6068333333333,0.136666622270724,47.5905385994406,65.0756000000001,64.8674650861323,0.233902761285032,0.641572451654332
"6354270","2018-02-02",41.5792142196081,0.366917293233082,0.462656641604004,0.551545530492893,67.3655337596715,63.7064662403284,65.5359999999999,0.0100755432388195,44.7862124142948,65.0192000000001,64.6624697413147,0.030361530579226,0.519330267439311
"6354269","2018-02-05",43.0735980138271,0.129323308270677,0.325313283208015,0.444110275689217,67.6615683713936,63.1570982952729,65.4093333333333,-0.145136930846843,39.5049265782142,64.8996000000001,64.2741404424727,-0.325943839361353,0.350275446079178
"6354268","2018-02-06",44.852961839061,0,0.165413533834581,0.317794486215533,68.1735901244398,62.2027432088935,65.1881666666666,-0.215392650392399,35.0533890952101,64.7192000000001,63.7269217168097,-0.801123099476397,0.119995736968063
"6354267","2018-02-07",45.9247507815063,0.164179104477612,0.0978341375827578,0.196186984875118,68.2910101243587,61.6979898756412,64.9945,0.0296288272025502,40.5758740910335,64.5908000000001,63.4139988212351,-1.01553423083887,-0.107110256593323
"6354266","2018-02-08",47.1953509106883,0.0230664857530531,0.06241519674355,0.108554289386963,68.4648290962972,61.0631709037027,64.764,-0.00313050171999725,37.6153044277464,64.4180000000001,63.0041323117371,-1.30523000729551,-0.34673420673376
"6354265","2018-02-09",48.6597281938057,0,0.06241519674355,0.0742215103566191,68.7170374543022,60.2066292123643,64.4618333333333,-0.0516969965705781,34.3931090767871,64.1852000000001,62.4835813368388,-1.67837980378721,-0.61306332614445
"6354264","2018-02-12",48.6986006856718,0.18957345971564,0.0708799818228926,0.0652367917699974,68.5965829968457,59.8254170031542,64.211,0.164316769805637,41.3718411097957,64.0216000000001,62.245770491927,-1.74975795223188,-0.840402251361936
"6354263","2018-02-13",47.6976651875174,0.319562575941676,0.169712011885767,0.101002396817403,68.4530095695485,59.6403237637847,64.0466666666666,0.307096265829868,45.3984026318142,63.8856000000001,62.1770010930034,-1.65414269885084,-1.00315034085972
"6354262","2018-02-14",46.616861880689,0.391251518833536,0.300129184830279,0.180240392846313,68.2874925159131,59.5281741507535,63.9078333333333,0.373525166325758,47.61768342289,63.7584000000001,62.1960676139363,-1.48462673973461,-1.09944562063469
"6354261","2018-02-15",45.1070434429336,0.488456865127582,0.39975698663426,0.289866061116768,68.067336588008,59.5069967453252,63.7871666666666,0.470347750440041,50.552454966424,63.6696000000001,62.3192585987448,-1.2322090144644,-1.12599829940064
"6354260","2018-02-16",43.6537634622838,0.558823529411764,0.479510637790956,0.393132269751831,67.8042514562305,59.5304152104361,63.6673333333333,0.514422975000749,51.8241464336329,63.5884000000001,62.4726907855788,-0.975703518407911,-1.09593934320209
"6354259","2018-02-20",43.4372635263953,0.268181818181818,0.438487404240383,0.439251676221866,67.5146009612015,59.4563990387984,63.4854999999999,0.360742299898592,42.9810555826713,63.3828000000001,62.258998680835,-1.09623470179241,-1.09599841492015
"6354258","2018-02-21",43.2362278716416,0.480000000000001,0.435668449197856,0.451222163743065,67.1352723295243,59.5073943371422,63.3213333333333,0.463991733095243,47.5414717626411,63.2640000000001,62.2377988567236,-1.02097562781758,-1.08099385749964
"6354257","2018-02-22",43.0495519065132,0.8048,0.517660606060601,0.463938819832946,66.7326986208762,59.6783013791237,63.2055,0.66601938146253,54.0705537742504,63.2216000000001,62.4900923424938,-0.690568045462037,-1.00290869509212
"6354256","2018-02-23",42.0973833000899,0.815151515151515,0.699983838383834,0.551104297880763,66.4653763907655,59.8056236092344,63.1355,0.76294769852765,55.1079908260013,63.1716000000001,62.7554133634946,-0.379984871232575,-0.87832393032021
"6354255","2018-02-26",40.0194770538787,0.794299876084263,0.804750463745254,0.67413163606323,66.8535203841674,59.7251462824992,63.2893333333333,0.889149048638017,58.1069231652822,63.1520000000001,63.1226915816953,-0.00289912202759979,-0.703238968661688
"6354254","2018-02-27",37.7541155908258,0.751465416178196,0.786972269137986,0.763902190422358,66.7814990458769,59.7651676207897,63.2733333333333,0.919497477386735,58.1069231652822,63.1420000000001,63.4409993708026,0.290898718263732,-0.504411431276604
"6354253","2018-02-28",35.9951193418247,0.684642438452521,0.743469243571655,0.778397325484965,66.7423480842599,59.7823185824067,63.2623333333333,0.806176863105628,55.718010763143,63.1036,63.6408661213623,0.445162157491996,-0.314496713522884
"6354252","2018-03-01",35.4958096835525,0.420867526377491,0.618991793669398,0.716477768793013,66.5969563532029,59.7923769801303,63.1946666666666,0.550750136694701,47.4289032375537,62.9604000000001,63.5140839718473,0.278838359151301,-0.195829698988047
"6354251","2018-03-02",35.2850468459721,0.200577200577201,0.435362388469066,0.599274475236706,66.4674216832507,59.7355783167492,63.1015,0.417580771992676,45.4856045500812,62.8116000000001,63.3242061089343,0.0696606809177158,-0.142731623006894
"6354250","2018-03-05",35.0053507574732,0.168639053254438,0.263361260069705,0.439238480736056,66.4019644319154,59.6793689014178,63.0406666666666,0.42354143609144,45.219564956841,62.8564000000001,63.1489786277431,-0.105597496321741,-0.135304797669864
"6354249","2018-03-06",34.4336379070726,0.300295857988166,0.22317070393993,0.3072981174929,66.4305728030005,59.7244271969994,63.0775,0.524231504883316,48.8068729515476,62.7268,63.1157814773774,-0.129531125732207,-0.134150063282332
"6354248","2018-03-07",34.0684678872044,0.251479289940829,0.24013806706114,0.242223343690258,66.3789907869083,59.9630092130916,63.1709999999999,0.440097500450792,47.5631534452395,62.6312,63.043010613727,-0.188570380444797,-0.145034126714825
"6354247","2018-03-08",33.2309153080388,0.270710059171599,0.274161735700193,0.245823502233754,66.3841309207342,60.074202412599,63.2291666666666,0.472662130834362,48.123971872658,62.5596,62.9972758652301,-0.216294368150693,-0.159286175001999
"6354246","2018-03-09",31.5358585276757,0.390532544378698,0.304240631163704,0.272846811308345,66.3785712242265,60.3724287757734,63.3754999999999,0.598427013967836,51.5975674072943,62.5368,63.0656390831994,-0.133033962117168,-0.154035732425033
"6354245","2018-03-12",29.8674430547945,0.46085409252669,0.374032232025658,0.317478199629851,66.1803476921169,61.0673189745497,63.6238333333333,0.716994674054552,55.8789544349471,62.5876,63.2702205387728,0.0712174793950027,-0.108985090061026
"6354244","2018-03-13",27.9589525845539,0.499999999999999,0.450462212301791,0.376245025163717,66.1949294762726,61.4290705237273,63.8119999999999,0.755567781616696,56.7112417854309,62.7104,63.4768578002698,0.257527282081171,-0.0356826156325863
"6354243","2018-03-14",26.8669446040898,0.325622775800713,0.428825622775796,0.417773355701082,66.2070888633628,61.6172444699704,63.9121666666666,0.595391759677892,52.0051347287171,62.8572,63.5252767602338,0.277142359359783,0.0268823793658876
"6354242","2018-03-15",25.9589359284402,0.297153024911032,0.374258600237244,0.41784881177161,66.2042682086301,61.7287317913699,63.9665,0.482162287178491,51.2572637944003,62.9492,63.545906525536,0.269245368511406,0.0753549771949913
"6354241","2018-03-16",25.3322863959226,0.240213523131673,0.287663107947801,0.363582443653614,66.2063748907906,61.739291775876,63.9728333333333,0.42996921586509,49.7173270570986,63.07,63.5211189887979,0.219828027312396,0.104249587218472
"6354240","2018-03-19",24.6424015779358,0.303030303030304,0.280132283690999,0.314017997292014,66.2029095475323,61.730423785801,63.9666666666666,0.432177909669661,49.4672522413996,63.2384,63.4929697902915,0.172322524064361,0.11786417458765
"6354239","2018-03-20",23.6807973674841,0.604651162790698,0.382631662984221,0.316809018207673,66.1773403489294,61.9486596510705,64.063,0.553681045276127,53.4046897590482,63.374,63.5725738182526,0.231059529517785,0.140503245573677
"6354238","2018-03-21",22.5462665967934,0.581395348837211,0.4963589382194,0.386374294964873,66.1906193710097,62.0623806289902,64.1265,0.546064842309407,52.9489903014558,63.4652,63.6308973091523,0.264326923050651,0.165267981069072
"6354237","2018-03-22",22.7035574449223,0.101744186046512,0.429263565891469,0.43608472236503,66.1796007984781,61.9270658681885,64.0533333333333,0.231924600576452,44.5125337903039,63.4668,63.4614443345986,0.0803260130318284,0.148279587461623
"6354236","2018-03-23",23.6971243316442,0,0.227713178294569,0.384445227468479,66.1908957444495,61.6154375888838,63.9031666666666,0.0585505834259889,38.2992893186943,63.374,63.1065850899855,-0.262058123183406,0.0662120453326173
"6354235","2018-03-26",24.6197221550289,0.10752688172043,0.069757022588976,0.242244588925005,65.9300138805836,61.4473194527497,63.6886666666666,0.0727272148106672,41.1353827845914,63.2872,62.8657070779874,-0.465475862188325,-0.0401255361715711
"6354234","2018-03-27",25.1236228983191,0.113978494623656,0.073835125448024,0.123768442110523,65.5219819641337,61.4236847025329,63.4728333333333,0.116222730334848,41.3096969411187,63.3056,62.6609461342558,-0.616554319020712,-0.155411292741399
"6354233","2018-03-28",25.5974616513573,0.111827956989248,0.111111111111107,0.0849010863827021,65.2746967430994,61.3033032569006,63.289,0.104085231343255,41.2658305048818,63.2744,62.482153316355,-0.729811044729456,-0.270291243139011
"6354232","2018-03-29",24.4673721053741,0.193548387096775,0.139784946236555,0.108243727598562,65.2484739887898,61.2235260112102,63.236,0.312171485392815,43.7118806874064,63.1772,62.3778662075077,-0.762068250054082,-0.368646644522025
"6354231","2018-04-02",23.6017992230203,0.13978494623656,0.14838709677419,0.133094384707284,65.2638649483634,61.1668017183032,63.2153333333333,0.235908396028319,42.4590681682776,63.056,62.2541507131733,-0.810918122540183,-0.457100940125657
"6354230","2018-04-03",22.2642692920594,0.291028446389497,0.20812059324094,0.165430878750561,65.2624263728792,61.1935736271207,63.228,0.389895253528899,46.9156954243095,62.9208,62.2375972847502,-0.752914313650122,-0.51626361483055
"6354229","2018-04-04",21.9497677442731,0.0121065375302673,0.14763997671877,0.168049222244633,65.2829162992933,61.0297503673733,63.1563333333333,0.182667761316947,40.5492377471545,62.7344,62.0525843134502,-0.863378855340469,-0.585686662932533
"6354228","2018-04-05",21.0147542749003,0.464891041162227,0.256008675027326,0.203923081662345,65.3020937724902,61.0612395608431,63.1816666666667,0.526331173177329,51.0088116419064,62.6456,62.1415730716568,-0.699907316907533,-0.608530793727533
"6354227","2018-04-06",21.2259714774632,0.0435835351089587,0.173527037933813,0.19239189655997,65.3243407614318,60.9116592385682,63.118,0.19753841065772,43.363828854123,62.5772,61.9866966621026,-0.78755271735238,-0.644335178452503
"6354226","2018-04-09",21.4221017369859,0.106537530266345,0.205004035512505,0.211513249491215,65.2619295182171,60.7407371484495,63.0013333333333,0.19742495162392,44.6976082479765,62.5432,61.8871371071556,-0.814119605881947,-0.678292063938392
"6354225","2018-04-10",20.7788975369924,0.353510895883777,0.167877320419689,0.182136131288669,65.0158300576495,60.7758366090172,62.8958333333333,0.435731032771316,49.7020109219006,62.5532,61.9368521595348,-0.694247269708181,-0.68148310509235
"6354224","2018-04-11",20.1951111009002,0.395604395604397,0.285217607251501,0.219366321061232,64.6567574527848,60.8932425472152,62.775,0.45704370230409,49.6072197858379,62.5268,61.9772718715968,-0.59498934158696,-0.664184352391272
"6354223","2018-04-12",18.8321301023196,0.576923076923077,0.442012789470412,0.298369239047201,64.4896455161475,60.9633544838525,62.7265,0.685322196612537,52.8059639806986,62.54,62.1003022887173,-0.425580712574081,-0.616463624427834
"6354222","2018-04-13",17.7544452460704,0.606598984771573,0.526375485766344,0.417868627496086,64.466872761378,60.973127238622,62.72,0.79672071417752,54.4113789644369,62.5616,62.252261983555,-0.244568971198633,-0.542084693781993
"6354221","2018-04-16",16.9158326032807,0.790361445783131,0.657961169159256,0.542116481465337,64.6146282461614,60.9013717538386,62.758,0.947585563624868,58.400557518325,62.5864,62.5026270524143,0.0134192158975921,-0.430983911846076
"6354220","2018-04-17",15.754635762729,0.671394799054373,0.689451743203021,0.624596132709541,64.6982590604713,60.8667409395287,62.7825,0.857778115635305,55.8009032072544,62.55,62.6609434454257,0.158655756160875,-0.313055978244686
"6354219","2018-04-18",15.173966127557,0.797520661157024,0.753092301998172,0.700168404786816,64.8756299888635,60.7640366778032,62.8198333333333,1.03916648987876,60.2214842908741,62.5456000000001,62.9341509860356,0.399603201852461,-0.170524142225257
"6354218","2018-04-19",14.2120618691741,0.700413223140495,0.723109561117293,0.721884535439495,64.9423353047437,60.729331361923,62.8358333333333,0.92744639164227,57.3739867067225,62.5616000000001,63.1082641878976,0.523500313794645,-0.0317192510212765
"6354217","2018-04-20",13.5934546305793,0.574380165289257,0.690771349862254,0.722324404325906,65.0590931322402,60.7225735344265,62.8908333333333,0.758848132628281,53.8172626421101,62.5596000000001,63.1778289628446,0.537288828910798,0.0820823649651384
"6354216","2018-04-23",13.0190336233127,0.644628099173554,0.639807162534431,0.684562691171326,65.1873568227982,60.8213098438684,63.0043333333333,0.76316711788604,55.4741063946668,62.5840000000001,63.2834517677986,0.584713395557857,0.182608571083682
"6354215","2018-04-24",13.2845871090936,0.424628450106157,0.547878904856318,0.626152472417667,65.2196470895245,60.9743529104755,63.097,0.624765597936804,49.8644776657194,62.5708000000001,63.2429915320921,0.490409252032631,0.244168707273472
"6354214","2018-04-25",13.5311724887473,0.496815286624204,0.5220239453013,0.569903337564016,65.2528415597006,61.1231584402994,63.188,0.628823443498773,51.6719492889437,62.5400000000001,63.2532593278132,0.45379604863609,0.286094175545996
"6354213","2018-04-26",13.8813872775422,0.43370786516854,0.451717200632962,0.50720668359686,65.2381516099599,61.3251817233734,63.2816666666667,0.5787977782273,50.8017836502716,62.5064000000001,63.2421580841048,0.401031508078575,0.309081642052512
"6354212","2018-04-27",14.0130159512559,0.368115942028985,0.432879697940572,0.468873614624945,65.2874532329235,61.4148801004098,63.3511666666666,0.63397638096936,52.7443384244373,62.5524000000001,63.2778703395575,0.39798157902049,0.326861629446107
"6354211","2018-04-30",13.6555658590226,0.440579710144927,0.414134505780813,0.432910468118115,65.3358700315092,61.5701299684907,63.453,0.690400821087293,54.1770306963555,62.6708000000001,63.3421542942831,0.42250634079708,0.345990571716302
"6354210","2018-05-01",13.7945742492817,0.129032258064516,0.312575970079471,0.386530057933618,65.3541165583775,61.6372167749558,63.4956666666667,0.537038035644843,50.8561216089513,62.7492000000001,63.3312003883787,0.37391676494849,0.351575810362739
"6354209","2018-05-02",14.6661011380568,0,0.18987065606981,0.305527043976698,65.2653943396683,61.8362723269983,63.5508333333333,0.313120288235427,45.4550368748178,62.7904000000001,63.2017070032616,0.218128250266347,0.324886298343461
"6354208","2018-05-03",15.9503951603934,0,0.0430107526881675,0.181819126279149,65.2988098193988,61.7028568472678,63.5008333333333,0.16420584213469,41.8884786535744,62.8052000000001,63.0001460694933,0.00860466426828577,0.261629971528426
"6354207","2018-05-04",16.8127408455516,0.100000000000001,0.0333333333333293,0.0887382473637687,65.2118931177669,61.8757735488998,63.5438333333333,0.230075621868135,44.6792559921816,62.8208000000001,62.8787932602276,-0.105373675456011,0.188229242131539
"6354206","2018-05-07",16.95128938238,0.4375,0.179166666666663,0.085170250896053,65.0675044518736,62.2284955481264,63.648,0.524186844421672,52.9005026022506,62.9004000000001,62.9536208255306,-0.0222879474654603,0.146125804212139
"6354205","2018-05-08",18.4396170090789,0.383101851851852,0.306867283950613,0.173122427983535,65.7504526117744,61.9608807215589,63.8556666666667,1.27079946881122,60.2514950279604,63.0152000000001,63.2264713821265,0.240114007008363,0.164923444771384
"6354204","2018-05-09",19.9881108606399,0.465934065934066,0.428845305928635,0.30495975218197,66.5040512347925,61.7009487652075,64.1025,1.21776524066077,63.8716022786091,63.2184000000001,63.5869418645096,0.558633437002687,0.243665443217644
"6354203","2018-05-10",21.7740578734983,0.77942631058358,0.542820742789829,0.426177777556359,68.0404374878539,60.8578958454794,64.4491666666667,1.31644729103554,73.8935407286302,63.4924000000001,64.3846829492417,1.2519046792103,0.445313290416176
"6354202","2018-05-11",23.8141160542213,0.83964757709251,0.695002651203381,0.555556233307281,69.6522048851947,60.0531284481386,64.8526666666667,1.22652822859893,77.0071434849299,63.9020000000001,65.2960585560094,1.9733033045964,0.75091129325222
"6354201","2018-05-14",25.7114460987878,0.911091549295775,0.843388478990618,0.693737290994609,71.0545638157913,59.4464361842087,65.2505,1.11389458255768,78.3867340574581,64.3340000000001,66.1952507485415,2.60299176870804,1.12132738834338
"6354200","2018-05-15",26.9713268581441,0.863556338028169,0.871431821472147,0.803274317222048,72.0638579485114,59.1991420514886,65.6315,0.977416942783378,75.1873480110207,64.7036000000001,66.902550648736,2.99136990973197,1.4953358926211
"6354199","2018-05-16",28.2261280843081,0.866197183098592,0.880281690140841,0.865033996867868,72.9460638725951,59.0002694607382,65.9731666666666,0.922839542817283,75.2477915949576,65.0752000000001,67.5195438955712,3.25780763900432,1.84783024189774
"6354198","2018-05-17",29.44883836055,0.892605633802817,0.874119718309855,0.875277743307614,73.7810913481077,58.9135753185589,66.3473333333333,0.888273781255301,75.8805374838329,65.4324000000001,68.0942713761617,3.45867409803535,2.16999901312527
"6354197","2018-05-18",30.2794846753096,0.867077464788733,0.875293427230043,0.876564945226913,74.4588955884076,59.018771078259,66.7388333333333,0.830599665607938,73.9135532172164,65.7644000000001,68.5537018593402,3.53803880763999,2.44360697202821
"6354196","2018-05-21",31.5661073033891,0.824750830564784,0.86147797638544,0.870297040641779,75.1368413421047,59.1578253245619,67.1473333333333,0.823924827055526,74.1129097163554,66.064,68.9625416114281,3.56570008555335,2.66802559473324
"6354195","2018-05-22",32.8207163082761,0.933606557377049,0.875144950910184,0.870638784841889,75.8859179554304,59.3810820445695,67.6335,0.846353034399956,77.4933541372355,66.4396,69.5115360632377,3.71084689366912,2.87658985452041
"6354194","2018-05-23",33.403245368988,0.886440677966101,0.88159935530264,0.872740760866088,76.4476333625277,59.7396999708056,68.0936666666666,0.789064275840336,73.7294442352676,66.7532,69.9166645881394,3.71749586640309,3.04477105689695
"6354193","2018-05-24",34.1019768871434,0.897920604914934,0.905989280086024,0.887577862099616,76.958337104259,60.1999962290742,68.5791666666666,0.781700519669213,74.7031216866518,67.1012,70.3197759763874,3.72162445490458,3.18014173649848
"6354192","2018-05-25",34.8421739044557,0.941431670281996,0.90859765105434,0.898728762147668,77.4664367053731,60.6908966279602,69.0786666666666,0.785018146138322,76.4841023699826,67.5032,70.7678058462025,3.76278152158689,3.29666969351616
"6354191","2018-05-29",34.5346902208272,0.828709288299155,0.889353854498691,0.901313595213018,77.7761122401825,61.2788877598174,69.5275,0.719380337036343,70.158415561709,67.8564,71.0387650667088,3.65061937138711,3.36745962909035
"6354190","2018-05-30",35.0942355518289,0.622296173044926,0.797479043875355,0.865143516476128,78.0568895709079,62.0414437624253,70.0491666666666,0.750851587151708,71.6231948709822,68.2696,71.3415963911476,3.57656121018257,3.40927994530879
"6354189","2018-05-31",35.6482387658334,0.653153153153155,0.701386204832407,0.796073034402151,78.1691661781297,63.1015004885369,70.6353333333333,0.765336388685704,73.8210640325212,68.7016,71.7120502056613,3.56590840013178,3.44060563627339
"6354188","2018-06-01",36.2700593364484,0.770454545454545,0.681967957217537,0.726944401975099,78.0187797780377,64.5452202219623,71.282,0.792770937794832,75.7443408977869,69.1704,72.1357768449064,3.599452955885,3.47237510019571
"6354187","2018-06-04",37.0223975084529,0.739039665970773,0.720882454859486,0.701412205636477,77.6062080509328,66.2391252824004,71.9226666666666,0.810897709813748,76.1125085087274,69.6316,72.5230065989189,3.5982410107513,3.49754828230683
"6354186","2018-06-05",37.5332660185122,0.705882352941176,0.738458854788826,0.71376975562195,76.9428457757928,68.0574875575404,72.5001666666666,0.811354920313405,74.8883672257645,70.0768,72.8386057190631,3.5374416866669,3.50552696317884
"6354185","2018-06-06",38.4087047114221,0.768224299065421,0.737715439325785,0.732352249658032,76.8196934812377,69.1093065187622,72.9645,0.901903736921977,76.9143023276697,70.5724000000001,73.2134582898547,3.53028634448191,3.51047883943946
"6354184","2018-06-07",37.7114680367233,0.5205223880597,0.664876346688761,0.713683546934457,76.4128578952582,70.2798087714084,73.3463333333333,0.800068252539636,66.829572198765,71.0512000000001,73.3623305178741,3.33928064544002,3.47623920063957
"6354183","2018-06-08",37.0640339816459,0.767045454545454,0.68526404722352,0.695951944412688,76.5666333530048,70.6923666469951,73.6295,0.899567602925732,70.9881777947294,71.6104000000001,73.6700197821575,3.29588636297955,3.44016863310757
"6354182","2018-06-11",37.0401086889902,0.668639053254437,0.652068965286526,0.667403119732935,76.9301300399943,70.796203293339,73.8631666666666,0.929876886738365,71.7565265918665,72.1644000000001,73.9726838112032,3.25171005070257,3.40247691662657
"6354181","2018-06-12",37.2895292652461,0.784313725490197,0.739999411096691,0.692444141202246,77.4515970482147,70.7724029517853,74.112,0.985288088134185,74.4793384280252,72.7048000000001,74.3696593030428,3.28654105996149,3.37928974529355
"6354180","2018-06-13",37.4376084163401,0.761194029850746,0.738048936198455,0.71003910419389,77.8199831649418,70.9560168350581,74.388,0.923273249561901,73.9472511096971,73.18,74.7043713959704,3.26646021032082,3.35672383829901
"6354179","2018-06-14",37.3875641156205,0.733208955223882,0.759572236854937,0.745873528050028,78.0854846233186,71.2208487100147,74.6531666666666,0.867123136389872,72.7479023905461,73.6120000000001,74.974455209841,3.19574897281056,3.32452886520132
"6354178","2018-06-15",36.6419606616542,0.626865671641791,0.707089552238802,0.734903575097398,78.1844791362087,71.5581875304579,74.8713333333333,0.74327332630532,68.2199376191345,73.8756000000001,75.1325278485289,3.04232070770396,3.26808723370185
"6354177","2018-06-18",35.8166937217541,0.564948453608247,0.641674360157969,0.702778716417236,78.1580379420621,72.0346287246045,75.0963333333333,0.703644727261555,67.348744214367,74.0688000000001,75.254857468725,2.87526679377847,3.18952314571717
"6354176","2018-06-19",33.6763840455964,0,0.397271375083341,0.58201176249337,78.0088002096722,72.3968664569944,75.2028333333333,0.366445322943748,52.358252336637,74.1376000000001,75.0555431395617,2.4687954294434,3.04537760246242
"6354175","2018-06-20",31.6889536320215,0.118181818181818,0.227710090596684,0.422218608612664,77.9569596787834,72.5800403212165,75.2685,0.38745104279554,54.8175371396718,74.2488000000001,74.9521373876201,2.17761714316189,2.87182551060231
"6354174","2018-06-21",29.7223261646317,0.113636363636364,0.0772727272727225,0.234084730984249,77.8394762726851,72.8745237273149,75.357,0.366329705953484,54.7005806262185,74.3580000000001,74.8598524026041,1.92266744875174,2.6819938982322
"6354173","2018-06-22",27.7041621652105,0.0340909090909072,0.0886363636363582,0.131206393835254,77.7487638719335,73.0955694613998,75.4221666666666,0.324027697729613,52.5861239718359,74.4412000000001,74.7332054155902,1.66376796243826,2.47834871107341
"6354172","2018-06-25",27.1573274371646,0,0.049242424242419,0.0717171717171663,77.9387506103973,72.7622493896026,75.3505,-0.0648280969369594,42.5217325772366,74.4564000000001,74.3581113601782,1.22883848286863,2.22844666543245
"6354171","2018-06-26",26.6495523325506,0.0240384615384602,0.0193764568764511,0.0524184149184092,78.0455933144583,72.5804066855417,75.313,-0.0336200813166782,43.4010538257534,74.4744000000001,74.0530298454878,0.889422665978445,1.96064186554165
"6354170","2018-06-27",25.2686186457783,0.0336538461538452,0.0192307692307638,0.029283216783211,78.1537353464385,72.3412646535614,75.2475,0.0714673733519729,43.7716016663601,74.4364000000001,73.7966258660894,0.619300473465012,1.69237358712633
"6354169","2018-06-28",24.4952837787677,0,0.0192307692307638,0.019279331779326,78.3297008030313,71.9109658636353,75.1203333333333,0.027892433330722,40.4447773750238,74.3916000000001,73.4810757506108,0.324133360747769,1.41872554185061
"6354168","2018-06-29",23.2103189283329,0.210995542347695,0.0815497961671755,0.0400037782095674,78.3320280573385,71.7106386093281,75.0213333333333,0.231979718063569,48.925226659045,74.3880000000001,73.396932317196,0.243234835177986,1.18362740051609
"6354167","2018-07-02",22.1868708284347,0.179372197309415,0.130122579885699,0.0769677150945458,78.317483167608,71.4771834990587,74.8973333333333,0.21921308133654,47.7898149272884,74.3460000000001,73.2946746749032,0.153079187243277,0.977517757861526
"6354166","2018-07-03",21.6105028734606,0.10708898944193,0.165818909699675,0.125830428584183,78.3141862560186,71.2241470773147,74.7691666666666,0.208628784515269,45.2698875257811,74.3196000000001,73.1407180515828,0.0271438775038879,0.787442981789998
"6354165","2018-07-05",21.5340349572853,0.0122807017543848,0.0995806295019053,0.131840706362426,78.2572183256007,70.8711150077326,74.5641666666666,0.147874769495644,42.1441094622627,74.2472000000001,72.9219556447051,-0.142093236570218,0.601535738117955
"6354164","2018-07-06",21.7479281994194,0,0.0397898970654335,0.101729812089004,78.2930433325256,70.4652900008076,74.3791666666666,0.130481457779261,40.1832443415297,74.1256000000001,72.6763615587444,-0.319651046673497,0.417298381159665
"6354163","2018-07-09",20.6968622944657,0.24439918533605,0.0855599623634735,0.0749768296436038,78.1220516665383,70.3096150001283,74.2158333333333,0.307251770781357,47.6742924898891,74.0212000000001,72.6235133509118,-0.323512974328999,0.269136110061932
"6354162","2018-07-10",19.7835642848398,0.228105906313647,0.157501697216561,0.0942838522151556,77.8394830873739,70.2038502459594,74.0216666666666,0.315994295537699,47.249467479276,73.9076000000001,72.5670449041236,-0.331681821238361,0.148972523801874
"6354161","2018-07-11",19.5009360563277,0.0773930753564146,0.183299389002032,0.142120349527355,77.3433117965576,70.1656882034424,73.7545,0.256952983481426,43.3972202727098,73.7704000000001,72.4194389169071,-0.415898732772946,0.0359982724869097
"6354160","2018-07-12",19.106100413017,0.238289205702648,0.181262729124232,0.174021271780941,76.7481733243807,70.289493342286,73.5188333333333,0.354640060207964,48.2481314308683,73.6344000000001,72.3968470613195,-0.390145240621076,-0.0492304301346874
"6354159","2018-07-13",18.1862367322347,0.510135135135136,0.275272472064728,0.21327819673033,76.0734490186055,70.5458843147277,73.3096666666666,0.442168625101326,50.2252431812162,73.5648000000001,72.4226007864769,-0.328026476842391,-0.104989639476228
"6354158","2018-07-16",17.8042748923078,0.317567567567566,0.355330636135112,0.27062194577469,75.4768795689834,70.7594537643499,73.1181666666667,0.401464622320769,46.9845293348082,73.4188000000001,72.3689206816133,-0.338471302539267,-0.151685972088836
"6354157","2018-07-17",17.6888112356545,0.216216216216216,0.347972972972968,0.326192027057602,74.7831099660751,71.0202233672582,72.9016666666667,0.263922374484356,45.3268325672491,73.2500000000001,72.2823979240649,-0.375958744162219,-0.196540526503513
"6354156","2018-07-18",16.7661421153426,0.435810810810812,0.323198198198193,0.34216726910209,74.5566969208764,71.0723030791236,72.8145,0.470009130785455,49.4854014639547,73.0668,72.2940782008562,-0.329310934091709,-0.223094608021152
"6354155","2018-07-19",15.9093779321958,0.452702702702703,0.368243243243239,0.346471471471466,74.2383937556459,71.1949395776874,72.7166666666667,0.496714259714369,49.8017020445392,72.8884000000001,72.3108677740754,-0.283488594773662,-0.235173405371654
"6354154","2018-07-20",14.8016127359013,0.514084507042256,0.467532673518585,0.386324704986672,73.8559542404212,71.3987124262455,72.6273333333333,0.613677592380972,50.6011602365903,72.7208000000001,72.341418737532,-0.231116105393292,-0.234361945375982
"6354153","2018-07-23",14.2438795085147,0.68092105263158,0.549236087458841,0.461670668073555,73.497638778577,71.6440278880896,72.5708333333333,0.986887514867115,54.5626038028129,72.6004000000001,72.4492295725278,-0.120234132401209,-0.211536382781027
"6354152","2018-07-24",14.6806251611792,0.534772182254197,0.576592580642673,0.531120447206699,73.7498347316696,71.5448319349971,72.6473333333333,1.09380121209335,55.5690649375756,72.4908,72.5639989628574,-0.0145045615137618,-0.172130018527574
"6354151","2018-07-25",15.7165608774048,0.553149606299213,0.589614280394992,0.571814316165502,74.1568960854434,71.3627705812233,72.7598333333333,1.17528582036976,59.1053162466312,72.4960000000001,72.7407991011431,0.131994982668115,-0.111305018288436
"6354150","2018-07-26",16.6983236945851,0.676532769556025,0.588151519369807,0.58478612680249,74.6284477172451,71.1325522827549,72.8805,1.15491089276071,63.2833170779539,72.5112000000001,72.996692554324,0.329109444545406,-0.0232221257216678
"6354149","2018-07-27",17.6099605962525,0.699788583509514,0.643156986454913,0.606974262073237,74.9920015873009,71.0719984126991,73.032,1.03265262985713,63.8514876557324,72.5316000000001,73.2331335470808,0.49107851562753,0.0796380025481718
"6354148","2018-07-30",17.5584241714358,0.549682875264272,0.642001409443265,0.624436638422662,75.2000068980041,71.0119931019959,73.106,0.886977394442061,57.6503986739707,72.5376000000001,73.34338240747,0.534672904325184,0.170644982903574
"6354147","2018-07-31",17.9253916124658,0.637113402061857,0.628861620278543,0.638006672058907,75.5448408535148,70.9091591464852,73.227,0.968036160329247,61.863705035428,72.6532000000001,73.5389314198074,0.643916415890766,0.265299269501013
"6354146","2018-08-01",18.3146023726866,0.729124236252546,0.638640171192887,0.636501066971565,75.9268444920276,70.8311555079724,73.379,0.963986978155747,64.3585769200535,72.7824000000001,73.7737405638331,0.774667343384849,0.36717288427778
"6354145","2018-08-02",19.0532618905878,0.749070631970261,0.70510275676155,0.657534849410993,76.3299579907538,70.8517086759129,73.5908333333333,0.976277459588825,66.524476164148,72.9272,74.0372418219886,0.916076462941739,0.476953600010572
"6354144","2018-08-03",19.7391600143532,0.860594795539033,0.779596554587275,0.707779827513903,76.7026542339811,70.9896790993522,73.8461666666667,0.980864453621516,69.211065538692,73.124,74.3456095790568,1.07992646451771,0.597548172912
"6354143","2018-08-06",20.8833583709851,0.78917910447761,0.79961484399563,0.761438051781484,77.1706586087644,70.9483413912356,74.0595,0.968823199570855,70.2812957889011,73.274,74.6461949685159,1.22155824079251,0.722350186488102
"6354142","2018-08-07",21.9955369656251,0,0.549924633338876,0.709712010640593,77.2239094977688,70.8140905022311,74.019,0.154852448271397,34.5926409582682,73.1572,73.9880356393805,0.580112878759587,0.693902724942399
"6354141","2018-08-08",23.0282742320766,0.300498753117208,0.363225952531601,0.570921809955369,77.1832088771736,70.929457789493,74.0563333333333,0.292178062662763,45.0949585371448,73.1564,73.7389642207964,0.328500703301748,0.620822320614269
"6354140","2018-08-09",23.9872445509244,0.405236907730673,0.235245220282622,0.382798602051033,77.1665892660323,71.0154107339676,74.091,0.367071543704293,48.2160102713038,73.2148,73.6351023246902,0.218211536414858,0.540300163774386
"6354139","2018-08-10",25.1376539307951,0.326683291770574,0.344139650872813,0.314203607895678,77.1752326432292,70.9781006901041,74.0766666666667,0.278392110459941,46.0994509578412,73.2648,73.4610886813982,0.0608395325151223,0.444408037522534
"6354138","2018-08-13",26.5664683993463,0.209476309226933,0.313798836242721,0.297727902466052,77.2235604552324,70.853772878101,74.0386666666667,0.163201746156272,43.0620255969393,73.2292,73.1849435238784,-0.165861468488837,0.32235413632026
"6354137","2018-08-14",27.8932246915724,0.271820448877806,0.269326683291766,0.309088390135766,77.2156393237567,70.8723606762433,74.044,0.196686822869718,45.132876758825,73.2168,73.0122843873613,-0.28761406557386,0.200360495941436
"6354136","2018-08-15",28.3845939699702,0.192019950124689,0.224438902743137,0.269188140759208,77.2586244980787,70.7523755019213,74.0055,0.182535974073563,42.9781639921259,73.2084,72.7773131357131,-0.450214939045168,0.0702454089441149
"6354135","2018-08-16",27.8448859894608,0.473815461346634,0.312551953449704,0.268772513161536,77.2610368747875,70.8609631252124,74.061,0.461823356590301,51.740029272492,73.2588000000001,72.8750047176181,-0.324907681398934,-0.00878520912449485
"6354134","2018-08-17",27.7347434825926,0.381546134663341,0.349127182044883,0.295372679412575,77.2568493095211,70.9001506904789,74.0785,0.370713811903648,49.0806885422381,73.266,72.8610040886023,-0.304119323838026,-0.067852032067201
"6354133","2018-08-20",27.1920884553257,0.509975062344139,0.455112219451366,0.372263784981984,77.2766973511875,70.9443026488125,74.1105,0.500447434733071,52.7230804677231,73.3372000000001,72.9862035434554,-0.171632004128963,-0.0886080264795535
"6354132","2018-08-21",26.340246104095,0.497506234413966,0.463009143807144,0.422416181767797,77.2873696052608,70.9562970614058,74.1218333333333,0.509713993888718,52.3316845195563,73.4164000000001,73.081376404328,-0.0769323746982908,-0.0862728961233009
"6354131","2018-08-22",25.5492496350951,0.566084788029925,0.524522028262671,0.48088113050706,77.2736109817213,70.9523890182786,74.113,0.556476422132406,54.339410484655,73.4916,73.2371928837509,0.0579904134605291,-0.0574202342065349
"6354130","2018-08-23",25.2466682990547,0.482543640897756,0.515378221113877,0.500969797727897,77.1755303388598,70.9284696611401,74.052,0.483672321230407,51.4941047490283,73.5380000000001,73.2829004992508,0.0899246211521154,-0.0279512631348049
"6354129","2018-08-24",25.1223808261824,0.575516693163752,0.541381707363806,0.527093985580117,77.0646947079544,70.8833052920455,73.974,0.433024766416681,50.4329510615405,73.5696000000001,73.289180432684,0.0866957671852964,-0.00502185707078462
"6354128","2018-08-27",24.3319361629902,0.697435897435896,0.585165410499129,0.547308446325603,77.0223036335748,70.8746963664251,73.9485,0.543621307447481,53.0976028477363,73.6024,73.3799563749928,0.15278036242421,0.0265385868282142
"6354127","2018-08-28",24.5094106335476,0.323076923076924,0.532009837892185,0.55285231858504,76.855747581046,70.8355857522872,73.8456666666666,0.416004472794898,46.9030992845338,73.5704,73.2639621916605,0.0439954601712422,0.0300299614968198
"6354126","2018-08-29",24.6742083562081,0.466666666666664,0.49572649572649,0.537633914705934,76.6113059946385,70.8350273386948,73.7231666666666,0.425586461641526,49.3441727986038,73.5376,73.2381005661057,0.0191700487369717,0.0278579789448502
"6354125","2018-08-30",25.0458111637027,0.371794871794872,0.387179487179482,0.471638606932718,76.2304658720056,70.8878674613277,73.5591666666666,0.380364081756703,47.7811452864991,73.4592,73.1663538239583,-0.0408349302275846,0.0141193971103633
"6354124","2018-08-31",25.2903593755967,0.36153846153846,0.399999999999994,0.427635327635321,75.6649403020754,71.0863930312578,73.3756666666666,0.401205926994278,47.6055828550519,73.3748,73.0988399807639,-0.091798776158547,-0.0070642375434188
"6354123","2018-09-04",25.0222328972636,0.351282051282052,0.361538461538456,0.382905982905977,74.7647842083825,71.5932157916174,73.179,0.457224108441275,47.4179527530763,73.3172,73.0349946499954,-0.135098876250395,-0.032671165284814
"6354122","2018-09-05",23.6112645796583,0.193181818181815,0.30200077700077,0.354513079513073,74.7421668841977,71.8051664491355,73.2736666666666,0.645159438263531,49.5589373297971,73.2456000000001,73.0329953633293,-0.123809647509177,-0.0508988617296865
"6354121","2018-09-06",22.3584696036551,0.603399433427761,0.382621100963871,0.348720113167699,75.0403446100338,71.7419887232994,73.3911666666666,1.02010761085533,57.1658124726678,73.2192000000001,73.2472626482187,0.063142061917798,-0.0280906770001896
"6354120","2018-09-07",20.985835227376,0.535410764872521,0.44399733882736,0.376206405597333,75.2329843444148,71.7056823222518,73.4693333333333,0.887642828638439,55.8226956900254,73.1652000000001,73.4009609617896,0.182375207475816,0.0140024998950115
"6354119","2018-09-10",20.0844979740894,0.620218579234972,0.58634292584508,0.47098712187877,75.4826029028511,71.7100637638155,73.5963333333333,0.936575987498191,57.5243617887652,73.1024000000001,73.584832833551,0.314656473681207,0.0741332946522506
"6354118","2018-09-11",19.1130474297499,0.581967213114753,0.57919885240741,0.536513039026616,75.5697374852336,71.9379291814329,73.7538333333333,0.855057286104717,56.6584592406981,73.0240000000001,73.7255217890775,0.399215173745771,0.139149670470955
"6354117","2018-09-12",18.210986210006,0.636612021857924,0.612932604735878,0.592824794329455,75.6557384282021,72.1552615717978,73.9055,0.856475241666114,57.6394511607194,73.2292000000001,73.8741188838672,0.482276488531497,0.207775034083063
"6354116","2018-09-13",17.3704528237224,0.374316939890708,0.530965391621123,0.574365616254803,75.5391627579686,72.5188372420313,74.029,0.626145343602737,51.6020011352974,73.2996000000001,73.8749030326849,0.438107308885138,0.253841489043478
"6354115","2018-09-14",16.5693042229644,0.505464480874316,0.505464480874311,0.549787492410437,75.6122927141208,72.5377072858792,74.075,0.71520516574006,54.1859678559269,73.3556000000001,73.9395826283269,0.45029016720386,0.293131224675554
"6354114","2018-09-17",16.5666306626582,0.273224043715847,0.384335154826952,0.473588342440795,75.6117612695902,72.6299053970765,74.1208333333333,0.51760648476808,49.1787198497269,73.4028000000001,73.88230494455,0.362987411824078,0.307102462105259
"6354113","2018-09-18",17.290358764456,0,0.259562841530049,0.38312082574377,75.6305374502391,72.5041292164275,74.0673333333333,0.17246759750515,44.0705883594517,73.4480000000001,73.7006642852766,0.183395147244481,0.282360999133104
"6354112","2018-09-19",16.43380875819,0.296116504854368,0.189780182856733,0.277892726404578,75.6809276536446,72.5060723463554,74.0935,0.69313216109689,50.8462378502779,73.522,73.7059090472398,0.172510474641308,0.260390894234744
"6354111","2018-09-20",15.4583526938033,0.240291262135924,0.178802588996759,0.209381871127847,75.6439112866993,72.4827553799673,74.0633333333333,0.437786470370598,49.6256485322286,73.6124000000001,73.6797878409411,0.137119537399255,0.235736622867647
"6354110","2018-09-21",14.5967476494501,0.101941747572816,0.212783171521031,0.193788647791507,75.6435265753311,72.4241400913355,74.0338333333333,0.290695110176082,46.6376582612935,73.5896000000001,73.581149462149,0.0460557780665116,0.19780045390742
"6354109","2018-09-24",14.429680889813,0,0.114077669902908,0.168554476806899,75.7036013745799,72.2673986254201,73.9855,0.0948531654579921,42.3499455895298,73.5608000000001,73.3769962005291,-0.122613980983821,0.133717566929171
"6354108","2018-09-25",14.3839134744419,0,0.0339805825242666,0.120280474649401,75.7717719330825,71.9928947335841,73.8823333333333,0.0424566852213466,41.6093275342949,73.4844000000001,73.1787300404586,-0.271222681059591,0.052729517331419
"6354107","2018-09-26",13.403983514003,0.00210526315789581,0.000701754385959957,0.049586668937711,75.8091546650487,71.874512001618,73.8418333333333,0.166594035202805,41.6779772459364,73.4124000000001,73.0082327017308,-0.383874136292284,-0.0345912133933216
"6354106","2018-09-27",12.4940485507384,0.132631578947367,0.0449122807017491,0.0265315392039914,75.8231943011529,71.8114723655137,73.8173333333333,0.247240707041075,45.9230378958137,73.3432000000001,72.9431350081667,-0.400176036614286,-0.107708178037514
"6354105","2018-09-28",11.7725674553303,0.0884210526315793,0.0743859649122755,0.0399999999999943,75.8312051806672,71.7864614859994,73.8088333333333,0.238219918673923,44.7353177138189,73.2924000000001,72.8587170070778,-0.431446962883963,-0.172455935006804
"6354104","2018-10-01",11.5920526124371,0.153684210526317,0.124912280701749,0.0814035087719241,75.8249165402098,71.8160834597901,73.8205,0.334407339987373,46.9178424546391,73.2640000000001,72.8268880728008,-0.417129933727545,-0.221390734750952
"6354103","2018-10-02",11.1129229110265,0.0842105263157907,0.108771929824557,0.102690058479527,75.8489634309752,71.7433699023581,73.7961666666666,0.198094808616506,44.8856897902476,73.1968000000001,72.7553029964273,-0.437369602830751,-0.264586508366912
"6354102","2018-10-03",11.0756899354162,0.136842105263159,0.12491228070175,0.119532163742685,75.8461812021178,71.6648187978821,73.7555,0.292212860465483,46.7667890541416,73.1980000000001,72.726595930237,-0.420866888097349,-0.295842584312999
"6354101","2018-10-04",11.1568899175583,0.145263157894736,0.12210526315789,0.118596491228065,75.6696265076946,71.6267068256386,73.6481666666666,0.329784729654415,47.0780237866159,73.1784000000001,72.7070498062054,-0.398764545197594,-0.316426976489918
"6354100","2018-10-05",10.8188673518211,0.0631578947368415,0.11508771929824,0.12070175438596,75.5335019918926,71.531164674774,73.5323333333333,0.24706446430604,44.3550836402961,73.1580000000001,72.6381098320447,-0.419746166487467,-0.337090814489428
"6354099","2018-10-08",10.064142021784,0,0.0694736842105206,0.102222222222216,75.3006383056595,71.4573616943405,73.379,0.187159303134127,41.2580461494322,73.1204000000001,72.5156951877721,-0.483176607147229,-0.366307973020988
"6354098","2018-10-09",9.90294542603759,0,0.0210526315789418,0.0685380116959004,75.1303739156851,71.2732927509815,73.2018333333333,0.0587768935466214,37.8100120143308,73.0616000000001,72.3336024960691,-0.590427610318578,-0.411131900480506
"6354097","2018-10-10",11.7032772835586,0,-5.36145202308565e-15,0.0301754385964851,75.3475520154579,70.4477813178754,72.8976666666667,-0.281193019615207,25.8227019302331,72.8692000000001,71.7837888299266,-0.994324001195135,-0.527770320623432
"6354096","2018-10-11",14.2046992657256,0,-5.36145202308565e-15,0.00701754385964316,75.9690767494909,69.0909232505091,72.53,-0.29575620610147,20.9357610285321,72.5316000000001,71.039283652603,-1.52857277946737,-0.72793081239222
"6354095","2018-10-12",16.5274482491663,0.0199252801992524,0.0066417600664121,0.00221392002213326,76.2084705022136,68.0685294977864,72.1385,-0.142736026033577,22.1979805230508,72.2100000000001,70.4153791655893,-1.91796569930619,-0.965937789775014
"6354094","2018-10-15",18.6842865909327,0.0373599003735986,0.019095060190945,0.00857894008578337,76.3312593344876,67.2140739988457,71.7726666666666,-0.0392014990395968,23.3510454452417,71.8788000000001,69.8933286101774,-2.19000421042553,-1.21075107390512
"6354093","2018-10-16",19.8900666763623,0.0946450809464497,0.0506434205064282,0.0254600802545946,76.3845749713272,66.5974250286728,71.491,0.0830246778774539,27.170360879649,71.5716000000001,69.5022181288204,-2.32885537791587,-1.43437193470727
"6354092","2018-10-17",20.3973442765571,0.196762141967621,0.109589041095884,0.059775840597752,76.0287974288696,66.2985359044637,71.1636666666666,0.191306686964917,33.5288400607383,71.2892000000001,69.2725890449777,-2.31859897214909,-1.61121734219563
"6354091","2018-10-18",21.7770598065175,0,0.0971357409713516,0.0857894008578876,75.8362915903147,65.8087084096852,70.8225,0.123122880300119,27.5569830562601,70.9696000000001,68.821577172314,-2.5042912172191,-1.78983211720033
"6354090","2018-10-19",23.1047459360904,0,0.0655873806558684,0.0907707209077009,75.7044359974855,65.2378973358478,70.4711666666666,0.104660770183801,27.2527428176105,70.6264000000001,68.4160335493388,-2.63713035365476,-1.95929176449121
"6354089","2018-10-22",24.3375973421223,0.0151133501259452,0.00503778337530969,0.0559203016675093,75.5867909638874,64.7345423694459,70.1606666666666,0.151930814110905,28.1842324692828,70.3220000000001,68.080562409427,-2.69965294235854,-2.10736400006468
"6354088","2018-10-23",25.8011004016914,0,0.00503778337530969,0.0252209824688287,75.5129001792599,64.1637664874067,69.8383333333333,0.135948718303272,26.0582103327223,70.0288000000001,67.69515408817,-2.80361718011062,-2.24661463607387
"6354087","2018-10-24",27.5761045948196,0,0.00503778337530969,0.00503778337530914,75.3737743331424,63.5428923335242,69.4583333333333,0.117244653992876,23.2871978807631,69.6452000000001,67.222466876414,-2.97922342576808,-2.39313639401271
"6354086","2018-10-25",29.142605504807,0.0659955257270682,0.021998508575684,0.0106913584421006,75.0503787917274,63.1206212082725,69.0855,0.186596034564976,27.9670127546111,69.2944000000001,66.8914712928921,-3.01591788010707,-2.51769269123158
"6354085","2018-10-26",30.7035385990399,0.0409937888198756,0.0356631048489759,0.0208997989333226,74.6657575784508,62.7322424215492,68.699,0.191708607930809,27.1801152988816,68.9560000000001,66.5699417871732,-3.04356429148711,-2.62286701128269
"6354084","2018-10-29",31.2370650234322,0.0828313253012044,0.063273546616044,0.0403117200135674,74.0723615997107,62.5519717336226,68.3121666666666,0.248952361831076,29.0004926037195,68.6620000000001,66.3206162155501,-3.00599732378467,-2.69949307378308
"6354083","2018-10-30",30.8069020263074,0.325,0.149608371373688,0.0828483409462354,73.4745654828756,62.5407678504577,68.0076666666667,0.359060863223676,37.6924739751214,68.4200000000001,66.2565340534768,-2.80596425878505,-2.72078731078348
"6354082","2018-10-31",29.0907600661572,0.575,0.327610441767063,0.180164119918931,72.7421323819802,62.7668676180198,67.7545,0.506900401639669,45.8357534835364,68.2296000000001,66.3743295130132,-2.4607703951332,-2.66878392765342
"6354081","2018-11-01",27.8572303746567,0.473076923076923,0.457692307692303,0.311637040277684,71.8558256572202,63.0985076761131,67.4771666666666,0.492710858110778,43.3483371741574,67.9932000000001,66.4057522446114,-2.22581024363198,-2.58018919084913
"6354080","2018-11-02",26.4084323621935,0.672566371681414,0.573547764919441,0.452950171459602,71.1669447235111,63.4803886098222,67.3236666666666,0.776630171156442,54.0002515708033,67.8492000000001,66.7129852786632,-1.76453825520794,-2.4170590037209
"6354079","2018-11-05",24.8725855066648,0.634218289085545,0.593287194614622,0.541509089075455,70.3877842670577,63.9288823996089,67.1583333333333,0.765008929039944,52.6795763892701,67.6824000000001,66.9445872415081,-1.41450196725746,-2.21654759642821
"6354078","2018-11-06",24.8953303304648,0.668292682926829,0.658359114564591,0.608398024699551,70.0989267031292,64.1214066302041,67.1101666666666,1.07323103196595,57.7320573503226,67.5760000000001,67.3026422759737,-0.984452876002595,-1.97012865234309
"6354077","2018-11-07",25.4140185463741,0.753731343283582,0.685414105098647,0.645686804759286,70.8397107069833,63.67262262635,67.2561666666666,1.16049604526628,63.4023905606615,67.5232000000001,67.8249566391772,-0.450267851341379,-1.66615649214275
"6354076","2018-11-08",25.9405381732474,0.808219178082191,0.743414401430862,0.695729207031366,71.7545925394083,63.294740793925,67.5246666666666,1.07944277836987,65.2944518012791,67.4928000000001,68.3576290872869,0.0406724186966745,-1.32479070997486
"6354075","2018-11-09",25.9478187429588,0.74604847207587,0.769332997813876,0.732720501447794,72.3644761127406,63.1685238872594,67.7665,0.932454762250057,61.9052650277822,67.4544000000001,68.7406118756487,0.353691549308999,-0.989094258118089
"6354074","2018-11-12",25.3840177510972,0.669125395152792,0.741131015103612,0.751292804782783,72.7632850096181,63.1867149903819,67.975,0.818659672569291,57.9006722409172,67.4056000000001,68.9751969588955,0.509215857715684,-0.689432234951335
"6354073","2018-11-13",24.865955473268,0.692139737991265,0.702437868406637,0.737633960441375,73.1519735222618,63.1813598110715,68.1666666666666,0.808573449517317,59.14820990692,67.3924000000001,69.2211706977095,0.661472316000733,-0.419251324760921
"6354072","2018-11-14",24.6219385443177,0.724890829694324,0.695385320946122,0.71298473481879,73.540794573499,63.1348720931676,68.3378333333333,0.811889696097052,60.3349151287825,67.5088000000001,69.4743479380149,0.806915155220089,-0.174018028764719
"6354071","2018-11-15",25.0404852042695,0.736203090507726,0.7177445527311,0.705189247361286,74.0166531431681,63.1713468568318,68.594,0.82942054123154,61.3426974720107,67.7156000000001,69.7271015462795,0.939457627931573,0.0486771025745392
"6354070","2018-11-16",25.567802973209,0.851400730816078,0.770831550339371,0.727987141338864,74.6152000527559,63.2631332805774,68.9391666666666,0.878565426564638,66.6687716065831,67.9744000000001,70.1408213401089,1.1976634669461,0.278474375448851
"6354069","2018-11-19",26.0574551872243,0.83736559139785,0.80832313757388,0.765633080214783,75.1132729522399,63.4443937144267,69.2788333333333,0.834036650298203,66.7026106185104,68.2280000000001,70.5007118280944,1.38538526604417,0.499856553567915
"6354068","2018-11-20",25.7008987311748,0.724462365591398,0.80440956260177,0.79452141683834,75.3674689277387,63.8665310722612,69.617,0.748066726022803,61.0919463145555,68.4296000000001,70.7006169176818,1.42062075453937,0.684009393762206
"6354067","2018-11-21",25.3698105934145,0.691071428571428,0.750966461853553,0.787899720676401,75.4756893998918,64.5323106001081,70.004,0.743617629324201,62.3898194613666,68.6112000000001,70.9165346619909,1.46739073347959,0.840685661705683
"6354066","2018-11-23",25.4939430150327,0.692170818505339,0.702568204222716,0.752648076226013,75.5521141592536,65.2128858407464,70.3825,0.745102109035597,62.4740731394362,68.8692,71.1063300403921,1.48889310574805,0.970327150514155
"6354065","2018-11-26",25.8601494111022,0.806981519507188,0.730074588861313,0.72786975164586,75.5819510496997,66.0683822836337,70.8251666666667,0.82040202174595,67.2880539085466,69.1804,71.4334860350065,1.62430132173659,1.10112198475864
"6354064","2018-11-27",26.3113048860784,0.725536992840097,0.741563110284203,0.724735301122744,75.4906744621682,67.0099922044984,71.2503333333333,0.815186905815578,67.1360050142744,69.486,71.7143545636723,1.70823219722702,1.22254402725232
"6354063","2018-11-28",27.8074197856637,0.675465838509316,0.735994783618862,0.735877494254792,75.7380700073808,67.6705966592858,71.7043333333333,0.976274685709457,71.6541554118157,69.8724,72.1324406218493,1.89807639813515,1.35765050142888
"6354062","2018-11-29",29.3169903826736,0.731851851851852,0.710951561067083,0.729503151656715,76.1586363835085,68.0720302831582,72.1153333333333,0.985741478100419,73.4261416426373,70.324,72.5734485389361,2.08759562087761,1.50363952531863
"6354061","2018-11-30",30.4316086418467,0.694814814814814,0.700710835058655,0.715885726581533,76.2117935709992,68.8318730956674,72.5218333333333,0.909421755979579,71.3896671322779,70.742,72.9223220670779,2.18249706442222,1.63941103313935
"6354060","2018-12-03",32.0307943737101,0.746724890829695,0.724463852498782,0.71204208287484,76.6758847218747,69.0757819447919,72.8758333333333,0.980804901439673,73.771242127156,71.2008,73.3260124581342,2.31276501141868,1.77408182879522
"6354059","2018-12-04",32.5451508160029,0.596651445966515,0.679397050537003,0.701523912698146,76.7336139376053,69.7013860623947,73.2175,0.853491578692466,66.6203422986763,71.6144,73.554544130383,2.28797411037742,1.87686028511166
"6354058","2018-12-06",31.682645161724,0.346518987341772,0.563298441379322,0.655719781471702,76.7035808222302,70.0857525111031,73.3946666666666,0.603558645089213,56.9513230923252,71.9232,73.5552715796653,2.08178590942831,1.91784540997499
"6354057","2018-12-07",30.0027923282033,0,0.31439014443609,0.519028545450805,76.7238306764475,70.0221693235524,73.373,0.228972677416976,42.633508723013,72.0528,73.1319020357099,1.55126458035117,1.84452924405023
"6354056","2018-12-10",29.0513238051697,0,0.115506329113919,0.33106497164311,76.9033932149025,69.5926067850974,73.248,0.0456941103090262,38.4734857449914,72.1528,72.5956484309486,0.977392114315978,1.67110181810338
"6354055","2018-12-11",27.351814181204,0.201631701631702,0.067210567210562,0.16570234692019,76.9109974401431,69.5646692265235,73.2378333333333,0.268886812028676,46.1777872004878,72.238,72.3615619734888,0.705434763102808,1.47796840710326
"6354054","2018-12-12",25.7223511199138,0.313519813519813,0.171717171717166,0.118144689347215,76.8623286586855,69.7316713413144,73.297,0.347559635581993,49.9249467850004,72.372,72.2866870436903,0.590057050829129,1.30038613584844
"6354053","2018-12-13",25.010781419296,0.123543123543124,0.212898212898208,0.150608650608645,76.8771065566202,69.6958934433797,73.2865,0.186241498318397,44.287034722113,72.3936,72.0044621045316,0.312491943709703,1.10280729742069
"6354052","2018-12-14",24.4284437011965,0.103729603729604,0.180264180264175,0.188293188293183,76.9576121541492,69.5037211791841,73.2306666666666,0.129186956277839,43.7323458398647,72.3448,71.737200490594,0.071882951114377,0.896622428159427
"6354051","2018-12-17",24.2339280542816,0.0163170163170164,0.081196581196576,0.158119658119652,77.1063727131038,69.1192939535628,73.1128333333333,0.0864779310723744,41.2761175738903,72.242,71.4055737585148,-0.201933438208579,0.676911254885826
"6354050","2018-12-18",23.3755952348203,0,0.0400155400155347,0.100492100492095,77.1989776830495,68.6703556502837,72.9346666666666,0.117601375602799,39.0406676010604,72.1344,71.0234972573795,-0.495073948198077,0.442514214269045
"6354049","2018-12-19",23.4990761258275,0,0.00543900543900012,0.0422170422170365,77.5500898823329,67.7362434510004,72.6431666666666,-0.0396966456587212,33.3668205975885,71.9732,70.4163642897289,-0.955210664686823,0.162969238477872
"6354048","2018-12-20",23.8999189843756,0,-5.33716589442198e-15,0.0151515151515093,77.9832320986051,66.6771012347282,72.3301666666666,-0.0413139773766934,31.5988396602747,71.7696,69.7915157177651,-1.39368856208363,-0.148362321634428
"6354047","2018-12-21",24.6547637282401,0,-5.33716589442198e-15,0.00181300181299599,78.3355939852532,65.62073934808,71.9781666666666,0.000728333290802942,29.2320266877521,71.512,69.1099802887297,-1.84740979069122,-0.488171815445787
"6354046","2018-12-24",25.8721130630727,0,-5.33716589442198e-15,-5.83358592913067e-15,78.8040928935829,64.2305737730837,71.5173333333333,-0.0364067023686408,26.0322486280409,71.1804,68.3059829168991,-2.37484350162834,-0.865506152682299
"6354045","2018-12-26",26.2317798353824,0,-5.33716589442198e-15,-5.83358592913067e-15,78.9240078646156,63.1183254687176,71.0211666666666,0.0526187044918863,25.6915360193585,70.7832,67.5851851946459,-2.790638832547,-1.25053268865524
"6354044","2018-12-27",25.9045284334752,0.158946412352408,0.0529821374507972,0.017660712483595,78.736760320562,62.4592396794379,70.598,0.184349962547789,34.6470759194367,70.4556,67.1938271686931,-2.88276115910373,-1.57697838274494
"6354043","2018-12-28",25.2789410124406,0.316880552813425,0.158608988388606,0.0705303752797987,78.1340114340113,62.1679885659886,70.151,0.278007750419046,41.0321809430507,70.22,67.049316879534,-2.7499815440012,-1.81157901499619
"6354042","2018-12-31",24.3771998840587,0.378084896347483,0.2846372871711,0.1654094710035,77.3079004076345,62.1090995923655,69.7085,0.334515453078387,43.5542545151586,69.9964,67.0067412955961,-2.54100165688913,-1.95746354337478
"6354041","2019-01-02",23.7085792372376,0.343534057255676,0.346166502138856,0.263137592566187,76.4718462394986,62.0794870938346,69.2756666666666,0.334009145003882,42.4504652193593,69.758,66.9231757895167,-2.39015652679196,-2.04400214005822
"6354040","2019-01-03",23.8860536054478,0.168356997971603,0.296658650524915,0.309154146611623,75.2645564166548,62.2034435833452,68.734,0.26745217868517,37.1746400808518,69.398,66.6080856842478,-2.4629762475235,-2.12779696155127
"6354039","2019-01-04",24.0508512330715,0.331858407079647,0.28124982076897,0.308024991144246,74.0268735125831,62.5124598207503,68.2696666666667,0.339071267578798,42.8102890494264,69.0924,66.5136742596814,-2.33244341674046,-2.16872625258911
"6354038","2019-01-07",23.9398928495352,0.404867256637169,0.301694220562801,0.293200897285561,73.0353624599117,62.7936375400883,67.9145,0.408430138411735,45.4078341330265,68.7608,66.5198510250572,-2.12451329478639,-2.15988366102857
"6354037","2019-01-08",23.3244675057292,0.481194690265487,0.405973451327429,0.329639164219732,72.5608897292678,62.8797769373989,67.7203333333333,0.495145186198071,48.0636994203599,68.4332,66.6172042217163,-1.85456884169753,-2.09882069716236
"6354036","2019-01-09",22.200118214379,0.791601866251944,0.559221271051528,0.422296314313918,72.3932358394998,62.8984308271669,67.6458333333333,0.583291161040813,50.8266482514193,68.1452,66.8002436588208,-1.53336162503177,-1.98572888273624
"6354035","2019-01-10",21.3113849817065,0.749611197511664,0.674135918009693,0.546443546796216,71.8792027689103,63.0654638977564,67.4723333333333,0.567810798051069,49.7859487514375,67.816,66.9228778376447,-1.29650417727923,-1.84788394164484
"6354034","2019-01-11",20.4495200597698,0.746500777604977,0.76257128045619,0.665309489839136,71.1168012375329,63.4141987624671,67.2655,0.604877972860264,49.7047624434351,67.5224,67.0264941259587,-1.09853897314137,-1.69801494794415
"6354033","2019-01-14",20.1818564989088,0.608087091757388,0.701399688958004,0.712702295807962,70.5247999385339,63.6375333947994,67.0811666666666,0.53854940103074,46.1019627727801,67.2524,66.9976282424975,-1.03677993649957,-1.56576794565523
"6354032","2019-01-15",19.9860791937119,0.594090202177294,0.649559357179881,0.704510108864691,70.0008296108772,63.8445037224561,66.9226666666666,0.560750520160644,45.7408989354209,67.106,66.9606111434979,-0.987341726677027,-1.45008270185959
"6354031","2019-01-16",19.8042859817433,0.463312368972745,0.555163220969137,0.635374089035673,69.5796292698656,64.008037396801,66.7938333333333,0.578882303300919,45.9939563804514,67.0124,66.9351963243648,-0.931453768223944,-1.34635691513246
"6354030","2019-01-17",19.4480242270709,0.457023060796645,0.504808543982223,0.56984370737708,69.1424345028447,64.2058988304886,66.6741666666667,0.622724390856918,45.8557664446444,66.8484,66.9091701477828,-0.880662628273199,-1.25321805776061
"6354029","2019-01-18",18.218863987997,0.666666666666667,0.529000698812013,0.529657487921124,69.3391163221842,64.1388836778158,66.739,0.866201565115671,52.6035183993486,66.6988,67.0626141280785,-0.673672786249235,-1.13730900345833
"6354028","2019-01-22",17.0454131948862,0.659047619047618,0.594245782170304,0.542685008321513,69.5372388052334,64.1620945280999,66.8496666666666,0.792767335262287,52.3904447578878,66.6128,67.190265577668,-0.508717756275479,-1.01159075402176
"6354027","2019-01-23",15.9088365420117,0.61142857142857,0.645714285714279,0.589653588898865,69.6408265760061,64.2968400906606,66.9688333333333,0.695453338601114,51.0000122396735,66.5236,67.2675635006456,-0.403407017793644,-0.889954006776139
"6354026","2019-01-24",15.297502496057,0.48849104859335,0.586322413023174,0.608760826969252,69.4652033766571,64.9311299566762,67.1981666666667,0.740071101452209,51.2230698068012,66.466,67.3398883672262,-0.311592114979475,-0.774281628416806
"6354025","2019-01-25",14.3464679729818,0.144615384615384,0.414845001545763,0.548960566761071,69.1167103729697,65.6719562936969,67.3943333333333,0.639052016189541,46.7536062615955,66.4056,67.2985699182627,-0.328466108920467,-0.685118524517538
"6354024","2019-01-28",13.4633644872691,0.462783171521037,0.365296534909918,0.455487983159618,69.067488173171,66.0141784934956,67.5408333333333,0.778113508210195,53.083847871352,66.4728,67.412093929161,-0.205368195519262,-0.589168458717883
"6354023","2019-01-29",12.7326902741349,0.430420711974109,0.345939756036838,0.375360430830839,69.1307192725122,66.1256140608211,67.6281666666666,0.741311573333764,52.4838872564231,66.5656,67.4971480719395,-0.118499490510493,-0.495034665076405
"6354022","2019-01-30",12.2224625829542,0.433656957928803,0.442286947141311,0.384507746029355,69.2419120230379,66.1537546436287,67.6978333333333,0.787819959973475,52.5416513086487,66.7008,67.5721949956809,-0.0479689415079809,-0.40562152036272
"6354021","2019-01-31",11.8564667600086,0.634304207119743,0.499460625674213,0.429229109617453,69.4075282630327,66.2034717369673,67.8055,0.885292828000141,56.1046194508568,66.9248,67.7199023295902,0.0808104565839685,-0.308335124973383
"6354020","2019-02-01",12.0018533582635,0.565459610027855,0.544473591692128,0.495407054835884,69.3906956883682,66.577637644965,67.9841666666666,0.957094490584271,56.5016855222185,67.1588,67.8572486856448,0.188776360576104,-0.208912827863485
"6354019","2019-02-04",12.1368551995003,0.785515320334263,0.661759712493948,0.568564643286763,69.5731767448323,66.7314899218343,68.1523333333333,1.07278186093341,60.8102284728913,67.3544,68.0816155275588,0.363541420872115,-0.0944219781163651
"6354018","2019-02-05",12.8067946419897,0.797590361445783,0.716188430602628,0.640807244929568,69.9257258656307,66.7142741343692,68.32,1.12588516602444,63.3350836069348,67.512,68.344066790551,0.555210055096245,0.0355044285261568
"6354017","2019-02-06",13.7714350867856,0.814410480349346,0.799172054043125,0.7257067323799,70.3671661898053,66.5808338101946,68.4739999999999,1.10198976339412,65.3168224003453,67.6616,68.6275245518109,0.746978865813497,0.177799315983625
"6354016","2019-02-07",14.7620888187174,0.807256235827666,0.806419025874259,0.77392650350667,70.7581899438652,66.4334767228013,68.5958333333333,1.0266245144088,65.884194506485,67.83,68.8891879449028,0.901584513090481,0.322556355404996
"6354015","2019-02-08",15.6379309406181,0.80045351473923,0.807373410305408,0.80432149674093,71.0858308241809,66.3808358424856,68.7333333333333,0.943500295916339,65.595295210271,68.07,69.1119628855824,1.00809908475046,0.459664901274088
"6354014","2019-02-11",16.5048991070674,0.879818594104308,0.829176114890396,0.814322850356687,71.4234601893081,66.3432064773585,68.8833333333333,0.931080832606612,67.3917810354106,68.2704,69.3517011675047,1.11958555195368,0.591649031410007
"6354013","2019-02-12",18.526885624797,0.753311258278146,0.811194455707223,0.815914660301008,71.9119153720834,66.3277512945831,69.1198333333333,1.02950330475551,70.5607905575529,68.4712,69.6488076785041,1.27001791916888,0.727322808961781
"6354012","2019-02-13",20.9650953332714,0.705469845722301,0.77953323270158,0.806634601099732,72.4723858695092,66.3136141304907,69.3929999999999,1.04669991723652,72.6141888324191,68.6636,69.9702999880369,1.42684199749021,0.867226646667468
"6354011","2019-02-14",23.3659237319107,0.794071762870516,0.750950955623649,0.780559548010816,73.1240083813326,66.2966582853339,69.7103333333333,1.06678896090807,76.5735157879095,68.8696,70.3929266562986,1.65425972199646,1.02463326173327
"6354010","2019-02-15",25.5952643877901,0.825273010920438,0.774938206504413,0.76847413160988,73.6662657148574,66.3947342851424,70.0304999999999,1.00234718348409,77.2300373573583,69.0944,70.7858697687922,1.83371678939226,1.18644996726507
"6354009","2019-02-19",28.0100095480926,0.687411598302688,0.768918790697875,0.764935984275312,74.1814779220524,66.3808554112808,70.2811666666666,0.932721875124578,72.6270053118504,69.3032,71.0704204662865,1.90434669876667,1.33002931356539
"6354008","2019-02-20",30.4777031980814,0.80456490727532,0.772416505499476,0.772091167567254,74.8603324305472,66.3373342361193,70.5988333333333,0.990183529085425,77.4513810949583,69.6036,71.5036977374483,2.09273430756656,1.48257031236562
"6354007","2019-02-21",32.8354176511181,0.884669479606189,0.792215328394727,0.777850208197359,75.5174928018877,66.4101738647788,70.9638333333333,0.977582923145196,79.4566777881987,69.9364,71.9752047057886,2.29354258492283,1.64476476687706
"6354006","2019-02-22",34.6864614914028,0.824534161490682,0.837922849457391,0.800851561117197,76.0495128845257,66.5721537821409,71.3108333333333,0.913177689167445,77.4980352991017,70.2596,72.3585107450168,2.40088810041299,1.79598943358425
"6354005","2019-02-25",36.4668622863093,0.828382838283827,0.845862159793561,0.825333445881892,76.4728048375386,66.9031951624613,71.6879999999999,0.889636233166071,78.169078679567,70.5928,72.7200426456812,2.47961155164598,1.93271385719659
"6354004","2019-02-26",37.3645013269057,0.742907801418439,0.798608267064311,0.82746442543842,76.7552886354066,67.27937803126,72.0173333333333,0.812300680848383,73.7547370953382,70.8568,72.978703626257,2.46649686736722,2.03947045923072
"6354003","2019-02-27",37.2217753774722,0.634234234234234,0.735174957978828,0.793215128278899,76.8397892212498,67.7915441120834,72.3156666666666,0.721516250847677,67.9121246344658,71.0992,73.1255431427561,2.36400083436785,2.10437653425815
"6354002","2019-02-28",37.4178222866612,0.639639639639639,0.672260558430765,0.735347927824634,76.8867716319215,68.3348950347451,72.6108333333333,0.719737345986397,68.0530937300467,71.3528,73.2568040570553,2.25960484394589,2.1354221961957
"6354001","2019-03-01",37.8924951583567,0.755769230769232,0.676547701547696,0.694661072652429,76.991964391647,68.8377022750195,72.9148333333333,0.770431172695579,71.3512751204962,71.634,73.4678968494479,2.23084825750697,2.15450740845795
"6354000","2019-03-04",38.5219430042071,0.682119205298014,0.692509358568956,0.680439206182472,77.0253564169569,69.387643583043,73.2064999999999,0.748350962464947,69.5505111203897,71.9396,73.6281772695215,2.16376725762786,2.15635937829193
"6353999","2019-03-05",39.1064302896396,0.713580246913581,0.71715622766027,0.695404429258973,77.051734082285,69.9069325843815,73.4793333333333,0.745959714045104,70.8552085490034,72.2116,73.804420300252,2.1162821224334,2.14834392712022
"6353998","2019-03-06",39.2129477193329,0.564263322884012,0.653320925031863,0.687662170420363,77.0282519416596,70.3937480583403,73.711,0.688760660232947,68.2675980176261,72.4784,73.9264975935517,2.02963752074206,2.12460264584459
"6353997","2019-03-07",37.5654201934878,0.225705329153605,0.50118296631706,0.623886706336397,76.9057268201693,70.8489398464972,73.8773333333333,0.533461085481077,57.6255996102319,72.7016,73.8882979144115,1.82201007267213,2.0640841312101
"6353996","2019-03-08",35.4598924991633,0.0909090909090885,0.293625914315563,0.482709935221495,76.7182555719163,71.3154110947502,74.0168333333333,0.434571501827613,54.0152104000757,72.8828,73.79785819249,1.59223145520972,1.96971359601002
"6353995","2019-03-11",34.9470235854984,0.429530201342282,0.248714873801653,0.347841251478091,76.52877333086,71.9285600024733,74.2286666666666,0.679991652754596,61.7063622704156,73.1124,73.8901437668247,1.53237112393794,1.88224510159561
"6353994","2019-03-12",34.9397503960142,0.779291553133515,0.433243615128289,0.325194801081834,76.4702398461482,72.5137601538516,74.4919999999999,0.967081886859716,68.6717476815288,73.3736,74.1807912645814,1.63779671841806,1.8333554249601
"6353993","2019-03-13",35.3060892494803,0.80140186915888,0.670074541211553,0.450677676713831,76.6563220025102,72.8123446641564,74.7343333333333,1.06946225414988,70.7395187048265,73.6372,74.5086857626372,1.76150351364097,1.81898504269627
"6353992","2019-03-14",35.2387611231577,0.731308411214955,0.770667277835777,0.624661811391873,76.800442969087,73.0578903642463,74.9291666666666,0.961583358311555,68.1885291397689,73.872,74.7528609942856,1.80492043211327,1.81617212057967
"6353991","2019-03-15",34.5837661826319,0.626168224299067,0.719626168224295,0.720122662423875,76.9327975633582,73.2045357699751,75.0686666666666,0.849045588923767,64.4349627174293,74.084,74.9044795283808,1.76964046014723,1.80686578849318
"6353990","2019-03-18",33.7422947622693,0.58411214953271,0.647196261682238,0.712496569247436,76.9792561769154,73.3917438230845,75.1855,0.732612439399388,62.9424397248444,74.29,75.0118822579301,1.70230933791673,1.78595449837789
"6353989","2019-03-19",33.0450812374522,0.579439252336449,0.596573208722736,0.654465212876423,76.9896967026666,73.6196366306666,75.3046666666666,0.718195912720622,62.7684662094606,74.4812,75.1022979568727,1.62779897263112,1.75432339322854
"6353988","2019-03-20",30.9286626710094,0.296728971962619,0.486760124610587,0.57684319833852,76.9905806228481,73.6470860438185,75.3188333333333,0.422585986842422,53.1897450098605,74.5972,75.0193248959564,1.42228546156045,1.68791580689492
"6353987","2019-03-21",28.9634168593124,0.30140186915888,0.392523364485977,0.491952232606433,76.9810987726479,73.627901227352,75.3044999999999,0.41714376216127,53.3165563842217,74.6948,74.9500815764955,1.24724160637895,1.59978096679173
"6353986","2019-03-22",27.1233549574349,0.200934579439252,0.266355140186911,0.381879543094491,76.975985454602,73.5766812120645,75.2763333333333,0.319668980396303,50.1696664078218,74.732,74.8327373662961,1.05011554012613,1.48984788145861
"6353985","2019-03-25",26.3861830929124,0,0.167445482866038,0.275441329179642,77.0523797789017,73.3036202210983,75.178,0.0390475240261923,43.596330795228,74.7204,74.59503905079,0.774697199311247,1.34681774502913
"6353984","2019-03-26",25.6524523689707,0.137387387387387,0.112773988942207,0.182191537331718,77.0810124538611,73.1643208794722,75.1226666666666,0.180172246684483,47.9855097343121,74.75,74.4703671773513,0.61516536987174,1.20048726999766
"6353983","2019-03-27",24.678856389878,0.168918918918919,0.102102102102096,0.12744052463678,77.0935880477014,73.1237452856319,75.1086666666666,0.230803779717081,48.9670530317389,74.7292,74.3809848870378,0.498131119186929,1.06001603983551
"6353982","2019-03-28",23.1425073939552,0.295045045045046,0.200450450450445,0.138442180498249,77.0928348770623,73.1341651229376,75.1134999999999,0.366916573986922,52.8035848328718,74.702,74.3781869020994,0.460864560674579,0.940185744003324
"6353981","2019-03-29",22.3611816677933,0.49774774774775,0.320570570570566,0.207707707707702,77.1228611574882,73.146472175845,75.1346666666666,0.60277331230755,58.2375105715937,74.7184,74.4957619818195,0.522903006880426,0.856729196578744
"6353980","2019-04-01",22.8308833339245,0.693304535637149,0.495365776143309,0.338795599054773,77.3226564007978,73.1096769325355,75.2161666666666,0.860117270472355,63.2943563011641,74.766,74.7309937175769,0.672190851572951,0.819821527577586
"6353979","2019-04-02",23.5726192359641,0.816406250000001,0.669152844461627,0.495029730391834,77.6696934859582,72.9933065140417,75.3314999999999,0.972979106865249,67.4158626348101,74.8688,75.0641945552333,0.883947260858675,0.832646674233804
"6353978","2019-04-03",24.8529806981065,0.730210016155089,0.746640267264073,0.637052962623003,78.1169397777078,72.8623935556254,75.4896666666666,1.00185113776676,68.7407926956811,75.0084000000001,75.3983019478689,1.07444968213657,0.881007275814357
"6353977","2019-04-04",25.3815734132644,0.639741518578354,0.728785928244475,0.714859679990058,78.3432877729729,72.9780455603603,75.6606666666666,0.842823913710637,64.11645023178,75.1244000000001,75.6131950214864,1.15117109543732,0.93504003973895
"6353976","2019-04-05",26.1584297368517,0.781906300484653,0.717285945072693,0.730904046860413,78.6346686251283,73.1456647082049,75.8901666666666,0.930527414888654,67.7840787166224,75.2464000000001,75.9167690186215,1.28997846006174,1.00602772380351
"6353975","2019-04-08",27.0310961711451,0.756451612903225,0.726033143988738,0.724035005768635,78.9476505788653,73.1513494211346,76.0495,0.878488500447801,66.5357237492795,75.3692,76.1598664828053,1.36722378578604,1.07826693620001
"6353974","2019-04-09",27.5613824248441,0.720967741935483,0.753108551774448,0.732142546945293,79.1628443768265,73.1084889565067,76.1356666666666,0.81839337680722,64.6549848153416,75.4720000000001,76.3412176184313,1.38844723453619,1.14030299586725
"6353973","2019-04-10",27.8198678232128,0.691935483870968,0.723118279569887,0.734086658444357,79.2468156031699,73.0928510634967,76.1698333333333,0.733480925031407,63.0838045520013,75.5768,76.4743886026405,1.37003938249927,1.18625027319365
"6353972","2019-04-11",28.185536184676,0.753225806451613,0.722043010752683,0.732756614032339,79.397976320782,73.0680236792179,76.2329999999999,0.766510682706025,65.0165826983191,75.7400000000001,76.6404701222884,1.3792368008307,1.22484757872106
"6353971","2019-04-12",29.0179441933981,0.833631484794274,0.759597591705613,0.734919627342727,79.6682421131567,73.0177578868432,76.3429999999999,0.834862834677309,67.8764201182328,75.9444,76.8644074393166,1.43253587172438,1.26638523732173
"6353970","2019-04-15",29.1682149678642,0.746788990825689,0.777882094023853,0.753174232160716,79.8833064011716,73.0296935988283,76.4564999999999,0.767523137486433,63.6722956182611,76.0796,76.9984864474077,1.41076371825566,1.29526093350851
"6353969","2019-04-16",29.9575414444267,0.753022452504317,0.777814309374754,0.77176466503474,80.2351571192816,72.993509547385,76.6143333333333,0.856594726227071,67.7371954832239,76.1856,77.2280215877534,1.46508611992795,1.3292259707924
"6353968","2019-04-17",30.8999917760515,0.874524714828898,0.791445386052962,0.782380596483856,80.709463866439,73.0212028002276,76.8653333333333,0.918126626942293,72.2259131961282,76.3144,77.5789520427196,1.60739815846058,1.38486040832604
"6353967","2019-04-18",31.4636682725748,0.762979683972912,0.796842283768703,0.788700659732139,81.0893724968377,73.1376275031622,77.1134999999999,0.86174449787913,70.1961926514413,76.4464,77.8537584370237,1.67661309194072,1.44321094504897
"6353966","2019-04-22",31.6722133345477,0.654891304347826,0.764131901049873,0.784139856957179,81.3165547625291,73.4081119041375,77.3623333333333,0.788004441259876,68.1341726385303,76.5876,78.0625906454205,1.68833191516309,1.4922351390718
"6353965","2019-04-23",31.8658623206653,0.687500000000002,0.701790329440241,0.754254838086272,81.3218155207707,74.0298511458958,77.6758333333333,0.780331411616613,68.674700151069,76.7408,78.2595785593644,1.68987626195389,1.53176336364822
"6353964","2019-04-24",32.4474635221799,0.788043478260869,0.710144927536226,0.725355719342113,81.3409865877247,74.6390134122752,77.9899999999999,0.822790509108283,70.3450045627203,76.9096,78.4796347514492,1.70883191692057,1.56717707430269
"6353963","2019-04-25",31.0689229139927,0.33731343283582,0.604285637032224,0.67207363133623,81.0757779533559,75.3978887133106,78.2368333333333,0.630300768834208,57.4956616609796,77.0692,78.4783501179226,1.55757806649444,1.56525727274104
"6353962","2019-04-26",29.1778590654443,0.167164179104479,0.430840363400383,0.581756975989611,80.71858923291,76.1337441004232,78.4261666666666,0.48847652825634,53.3421518985735,77.2052,78.4012367688663,1.36344074705823,1.52489396760448
"6353961","2019-04-29",27.5648126501714,0.158208955223881,0.220895522388054,0.41867384094022,80.4430300258497,76.6953033074835,78.5691666666666,0.455750953632612,53.1246279174697,77.3572,78.3304051996841,1.1927963198425,1.45847443805208
"6353960","2019-04-30",26.1464046457149,0.253731343283581,0.193034825870641,0.281590237219692,80.3385621897571,76.9907711435762,78.6646666666666,0.493627638929967,55.2221809746538,77.5628,78.3116845063929,1.07813550381313,1.38240665120429
"6353959","2019-05-01",24.9078134505276,0,0.137313432835815,0.183747927031503,80.3197126520786,77.0366206812546,78.6781666666666,0.236579620364329,47.1916140321254,77.6988,78.1447932388738,0.860816358219418,1.27808859260732
"6353958","2019-05-02",24.1679333713934,0,0.0845771144278542,0.138308457711436,80.387955233329,76.8703781000043,78.6291666666666,0.0785451338209169,44.3633432267518,77.8108,77.938820807024,0.633564184209501,1.14918371092775
"6353957","2019-05-03",22.4446118123532,0.444987775061126,0.148329258353703,0.123406601872457,80.3694143838714,77.0079189494619,78.6886666666666,0.500396648860419,55.6807474201151,77.9732,78.0029780327541,0.634552654451492,1.0462574996325
"6353956","2019-05-06",21.7460555861813,0.188264058679709,0.211083944580272,0.147996772453943,80.3744641779711,76.9742024886955,78.6743333333333,0.291878763655575,49.433231166256,78.0576000000001,77.9185809617203,0.520594039180233,0.941124807542047
"6353955","2019-05-07",23.0355401448829,0,0.211083944580272,0.190165715838082,80.8530211756911,76.1686454909755,78.5108333333333,-0.255170003025637,35.3555431818428,77.9636000000001,77.3841035001576,0.0694789089758174,0.766795627828802
"6353954","2019-05-08",24.2329186636773,0.101769911504424,0.0966779900613717,0.172948626407305,81.1410088728875,75.5809911271124,78.361,-0.0925041041166827,39.0813495902353,77.8584,77.0128897001366,-0.215456925864554,0.57034511709013
"6353953","2019-05-09",25.5857197914162,0.0178306092124821,0.0398668402389628,0.115876258293535,81.4782039649783,74.9154627016883,78.1968333333333,-0.0902259200232638,37.175217632346,77.7168,76.6151710734517,-0.496835559191722,0.35690898183376
"6353952","2019-05-10",27.3917370153864,0,0.0398668402389628,0.0588038901797656,81.908444439365,74.0092222273016,77.9588333333333,-0.107507068987718,32.7136818648755,77.5384000000001,76.0731482636581,-0.868385409966976,0.111850103473613
"6353951","2019-05-13",29.2800496885619,0,0.00594353640415464,0.0285590722940266,82.286030790493,73.0046358761736,77.6453333333333,-0.0759191783862607,30.9564911014096,77.2988,75.5167284951704,-1.22119914483558,-0.154759746188226
"6353950","2019-05-14",30.4521396788593,0.0259579728059325,0.00865265760197145,0.0181543447483628,82.4777920873209,72.2465412460123,77.3621666666666,0.0371533673204033,32.2231551807285,77.0736,75.0624980291477,-1.46444242140676,-0.416696281231934
"6353949","2019-05-15",31.4773653688441,0.0562091503267965,0.0273890410442369,0.0139950783501208,82.4513776187489,71.632622381251,77.042,0.107286922256942,33.5975477165432,76.866,74.6981649585946,-1.61699314048969,-0.656755653083484
"6353948","2019-05-16",31.3952391701926,0.192156862745098,0.0914413286259363,0.0424943424240481,82.1230434973422,71.3356231693244,76.7293333333333,0.230921149041758,39.8111159712377,76.7072,74.5210762974487,-1.60790437810744,-0.846985398088275
"6353947","2019-05-17",30.6024245180545,0.245751633986928,0.164705882352935,0.0945120840077025,81.717603147613,71.1783968523869,76.448,0.302198893515262,42.1109096755764,76.5496,74.4222661244555,-1.53883457893356,-0.985355234257332
"6353946","2019-05-20",30.1229400195844,0.192722371967654,0.210210289566554,0.155452500181808,81.3415131190493,70.9494868809506,76.1455,0.254090305254321,40.2912239411016,76.35,74.2766306411948,-1.5157495990754,-1.09143410722095
"6353945","2019-05-21",29.2075433849601,0.264665757162346,0.23437992103897,0.203098697652819,80.8608413811635,70.8684919521698,75.8646666666666,0.323731811437397,43.2825307352018,76.1888,74.2184132223688,-1.42577663025681,-1.15830261182812
"6353944","2019-05-22",29.2038619811926,0.0572987721691661,0.17156230043305,0.205384170346191,80.2552830996415,70.7353835670251,75.4953333333333,0.213372325273199,37.2868728305126,75.9328,73.9652914593863,-1.5030729768206,-1.22725668482661
"6353943","2019-05-23",29.7335650805939,0,0.107321509777165,0.171087910416395,79.8882701653427,70.3700631679905,75.1291666666666,0.134822678861659,33.4757448507135,75.5848,73.5912525981348,-1.67319748357626,-1.31644484457654
"6353942","2019-05-24",30.2254322443236,0.00673400673400779,0.0213442596343853,0.100076023281533,79.5459324705334,70.0304008627998,74.7881666666666,0.160047019264356,33.7272917540186,75.2472,73.2724189183835,-1.78481921880905,-1.41011971942305
"6353941","2019-05-28",30.9343320390821,0,0.00224466891132989,0.0436368127742931,79.1415408752201,69.6981257914464,74.4198333333333,0.141743306139342,31.9082024804092,74.896,72.9214297292657,-1.91465241742349,-1.51102625902313
"6353940","2019-05-29",32.0686983452082,0,0.00224466891132989,0.00861119915234815,78.682788895768,69.2788777708985,73.9808333333333,0.0621502643606622,28.4550595094335,74.4932,72.461239098697,-2.12515834167745,-1.633852675554
"6353939","2019-05-30",32.8192896537737,0.0115511551155128,0.00385038503849822,0.0027799076203858,78.2509865148989,68.9300134851009,73.5904999999999,0.115508668260687,28.9504757693335,74.0784,72.071740552204,-2.26087484978658,-1.75925711040051
"6353938","2019-05-31",33.7911406880065,0,0.00385038503849822,0.00331514632944191,77.9209096875554,68.4710903124445,73.1959999999999,0.0831313618852084,27.021767558037,73.6944,71.6448418119102,-2.41830007408078,-1.89106570313657
"6353937","2019-06-03",34.1085966715648,0.088588588588587,0.0333799145680272,0.013693561548341,76.9680289815392,68.538304351794,72.7531666666666,0.153626487034901,31.3584704433362,73.3568,71.3535295703221,-2.45050671438202,-2.00295390538566
"6353936","2019-06-04",33.4817843668293,0.237237237237237,0.108608608608602,0.0486129694050423,75.9411593814551,68.8491739518781,72.3951666666666,0.276014768251623,38.0146254158845,73.06,71.2330589609459,-2.33799207625764,-2.06996153956005
"6353935","2019-06-05",32.0193367832685,0.369369369369369,0.231731731731725,0.124573418302784,75.5838836546161,68.8824496787171,72.2331666666666,0.42541397331812,43.2797291193788,72.7856,71.2459844328197,-2.12476028706078,-2.0809212890602
"6353934","2019-06-06",30.7315185824801,0.352852852852852,0.319819819819813,0.220053386720047,75.1573168624053,68.9713498042612,72.0643333333333,0.43948669143971,42.7904471400042,72.552,71.2425198417771,-1.94575939065865,-2.05388890937989
"6353933","2019-06-07",29.4378592330157,0.538194444444444,0.420138888888882,0.32389681348014,74.8762175424134,69.0427824575865,71.9594999999999,0.545799201119362,47.1753928830149,72.3668,71.3395171962068,-1.69932851831952,-1.98297683116782
"6353932","2019-06-10",27.7610915502041,0.673611111111111,0.521552802802797,0.420503837170497,74.8962970498975,69.037369616769,71.9668333333333,0.72868235673265,51.3516019962583,72.14,71.5275815700459,-1.39973012610275,-1.8663274901548
"6353931","2019-06-11",26.2111903177835,0.701438848920862,0.637748134825466,0.526479942172382,75.0041520389959,69.0318479610039,72.0179999999999,0.718564446198172,51.4575731158149,71.956,71.6932373607065,-1.14691882675669,-1.72244575747518
"6353930","2019-06-12",25.5680741397861,0.257194244604315,0.544081401545423,0.567794113057895,74.9453680250283,68.9912986416383,71.9683333333333,0.443735959655677,39.8984137838714,71.8116,71.5074723792789,-1.21075745392568,-1.62010809676528
"6353929","2019-06-13",24.4525236940944,0.861111111111112,0.606581401545424,0.596136979305438,75.197125273328,68.9025413933386,72.0498333333333,0.877070199595792,56.3244915428557,71.7932,71.8584760620417,-0.81974700300238,-1.4600358780127
"6353928","2019-06-14",23.8995869577578,0.723856209150327,0.614053854955245,0.588238886015364,75.1858597661289,68.9068069005377,72.0463333333333,0.772387152958355,52.917434047609,71.764,72.0506792537695,-0.597824182721129,-1.28759353895439
"6353927","2019-06-17",23.5204799880826,0.684640522875818,0.756535947712413,0.659057068071027,75.0345202251354,68.9708131081978,72.0026666666666,0.74528449422942,51.950518140465,71.7844,72.1852553532669,-0.443861186583883,-1.11884706848029
"6353926","2019-06-18",23.1003415329959,0.720588235294118,0.709694989106748,0.693428263924802,75.046024033973,68.9666426326936,72.0063333333333,0.772560625930022,52.8018733765248,71.8396,72.3312213061647,-0.294029787709671,-0.953883612326163
"6353925","2019-06-19",21.8307582853181,0.820783132530119,0.742003963566679,0.736078300128613,75.1715904570347,68.9024095429652,72.037,0.927434891957403,56.707000044693,71.928,72.596391798676,-0.0591665299528255,-0.774940195851496
"6353924","2019-06-20",20.5760941121051,0.881597717546363,0.807656361790194,0.75311843815454,75.7484150712043,68.6405849287956,72.1945,1.02367130222464,61.1056750719818,72.0604,73.0022062255192,0.269107920740552,-0.566130572533086
"6353923","2019-06-21",19.1681660687391,0.811993517017829,0.838124789031431,0.795928371462768,76.2421545669624,68.5468454330376,72.3945,0.923483095561007,59.4786655124223,72.138,73.3099120621167,0.485837667513689,-0.355736924523731
"6353922","2019-06-24",18.5289348946951,0.623987034035658,0.772526089533277,0.806102413451634,76.496011865534,68.6019881344659,72.549,0.765306186639747,54.0324827132067,72.1528000000001,73.4219237871678,0.523498708492509,-0.179889797920483
"6353921","2019-06-25",18.2347402504365,0.546191247974069,0.660723933009179,0.757124937191295,76.6346869801952,68.7649796864714,72.6998333333333,0.671988607642301,51.9141945001044,72.1664000000001,73.4550006155454,0.494882844638722,-0.0449352694086421
"6353920","2019-06-26",18.4068247408915,0.424635332252837,0.531604538087515,0.65495152020999,76.5959989360747,69.1550010639252,72.8755,0.56735207767529,48.7014462606903,72.1296000000001,73.3836672001394,0.385437818687917,0.0411393482106698
"6353919","2019-06-27",18.0898613443815,0.505672609400325,0.492166396542404,0.561498289213033,76.570472349079,69.569527650921,73.07,0.618079302481017,50.8837211481354,72.1736000000001,73.3885115734541,0.349587134108731,0.102828905390282
"6353918","2019-06-28",16.8063983899953,0.758508914100487,0.562938951917877,0.528903295515932,76.5425698859015,70.2087634474318,73.3756666666667,0.814871215706932,57.0262457819301,72.3264000000001,73.6007100303269,0.48667391944055,0.179597908200336
"6353917","2019-07-01",16.2512841905618,0.741605839416057,0.668595787638951,0.574567045366411,76.5961192651447,70.7688807348553,73.6825,0.892553005700697,58.4607447261838,72.4936000000001,73.83794869295,0.631226875043711,0.269923701569011
"6353916","2019-07-02",15.2001426806927,0.32387706855792,0.607997274024816,0.613177337860548,76.5286552367781,71.2476780965553,73.8881666666667,0.695386820646188,53.244883713664,72.6396000000001,73.8982222005566,0.619274361500155,0.33979383355524
"6353915","2019-07-03",14.2240827072428,0.340425531914893,0.468636146629618,0.581743069431128,76.5079619071999,71.5690380928002,74.0385,0.642034991095574,53.5316152546076,72.8352000000001,73.9597925738158,0.610344701936461,0.393904007231484
"6353914","2019-07-05",13.317741303325,0.354609929078014,0.33963750985027,0.472090310168234,76.4295255014439,71.9548078318895,74.1921666666667,0.627643062388679,53.7931866441326,73.0304000000001,74.0211535639737,0.602799376451491,0.435683081075485
"6353913","2019-07-08",12.4600618719343,0.392434988179668,0.362490149724186,0.390254602068024,76.3878243328559,72.2615090004774,74.3246666666667,0.633775525023145,54.5282549537638,73.2588000000001,74.0956664221105,0.607176337772475,0.469981732414883
"6353912","2019-07-09",12.817654657742,0.00472813238770591,0.250591016548457,0.317572892040971,76.3784149503293,72.2959183830041,74.3371666666667,0.308817965397244,46.3832491554063,73.3980000000001,73.9415775658291,0.427055275815835,0.461396441095074
"6353911","2019-07-10",13.9064724403571,0,0.132387706855785,0.248489624376142,76.4638550942934,72.1148115723733,74.2893333333333,0.0579104561782341,40.8886727768054,73.4428000000001,73.6253672237186,0.132648072615216,0.395646767399102
"6353910","2019-07-11",15.0191685633699,0,0.00157604412922951,0.128184922511157,76.4403556283971,72.1506443716029,74.2955,-0.0918424764166241,40.1410950142775,73.4444000000001,73.3246515938894,-0.122201464413507,0.29207712103658
"6353909","2019-07-12",14.6698211410374,0.20242214532872,0.0674740484429009,0.0671459331426383,76.435820087302,72.0215132460313,74.2286666666667,0.241295736552995,46.3237635951012,73.4972000000001,73.2200313813708,-0.193654214690886,0.194930853891087
"6353908","2019-07-15",14.2469040018175,0.406574394463667,0.202998846597456,0.0906829797231953,76.4380712687837,72.0352620645496,74.2366666666667,0.427319130773992,51.737956604629,73.5672000000001,73.2866938638547,-0.11889281479095,0.13216612015468
"6353907","2019-07-16",13.5524856750154,0.475778546712803,0.361591695501724,0.21068819684736,76.47371855188,72.1136147814534,74.2936666666667,0.577138836835623,53.4519754739573,73.6220000000001,73.3978013486741,-0.0155057734010478,0.102631741443534
"6353906","2019-07-17",12.6036512507626,0.391003460207611,0.424452133794688,0.329680891964622,76.4771492041396,72.1488507958605,74.313,0.439237091533024,51.0597119133988,73.6564000000001,73.4287611688509,0.0123387836060029,0.0845731498760279
"6353905","2019-07-18",11.9316834008616,0.33910034602076,0.401960784313719,0.396001537870043,76.4342261440793,72.0814405225874,74.2578333333333,0.351933897957716,49.5961762252188,73.7776000000001,73.4155930130041,0.00141237299164931,0.0679409944991522
"6353904","2019-07-19",11.6539375559062,0.456747404844291,0.395617070357548,0.407343329488651,76.2273537857984,72.1419795475349,74.1846666666667,0.565763049110737,52.8921984767158,73.7724000000001,73.4948472779369,0.0666906154826563,0.067690918695853
"6353903","2019-07-22",11.5768701995522,0.671517671517669,0.489121807460901,0.428899887377389,76.1111904993031,72.1868095006969,74.149,0.701560449987122,55.6048261843314,73.8244000000001,73.642200974212,0.180942571735754,0.0903412493038332
"6353902","2019-07-23",11.1920636277241,0.663551401869156,0.597272159410366,0.494003679076271,76.1088741850807,72.1867924815859,74.1478333333333,0.620386749272953,53.415250773409,73.8704000000001,73.7179075109837,0.225994415636488,0.117471882570364
"6353901","2019-07-24",11.8071238177599,0.629893238434163,0.654987437273657,0.580460468048308,76.2853251348273,72.1653415318394,74.2253333333333,0.834467350549807,56.7102168413293,73.9356000000001,73.8768531761859,0.334250855765617,0.160827677209415
"6353900","2019-07-25",12.3782511370789,0.638790035587188,0.64407822529683,0.632112607326951,76.4312842570667,72.2360490762667,74.3336666666667,0.788342992593799,56.9444739249803,73.9612000000001,74.0212727526944,0.420367698101987,0.212735681387929
"6353899","2019-07-26",12.9085836478751,0.679715302491103,0.649466192170812,0.649510618247099,76.5718092473768,72.2631907526232,74.4175,0.768260774246022,58.0685349093434,73.9432000000001,74.1771030523352,0.507532294481683,0.27169500400668
"6353898","2019-07-29",13.4010352650429,0.725978647686834,0.681494661921702,0.658346359796448,76.6236898806027,72.2453101193973,74.4345,0.791317809227416,59.3601792716513,73.9488000000001,74.3468226453572,0.597639313186527,0.336883865842649
"6353897","2019-07-30",14.2419488832456,0.745551601423488,0.717081850533803,0.682680901542105,76.6243245800809,72.2450087532524,74.4346666666666,0.851348641548186,59.9226576728468,74.0052000000001,74.5085796259762,0.672855872688172,0.404078267211754
"6353896","2019-07-31",15.2802767592777,0.67596566523605,0.715831971448785,0.704802827968096,76.8113097707403,72.1853568959263,74.4983333333333,0.866410995933064,60.6164104177777,74.0860000000001,74.6661023425127,0.737679752206599,0.470798564210723
"6353895","2019-08-01",14.6473925777451,0,0.473839088886507,0.635584303623031,76.7807561073572,72.1335772259761,74.4571666666667,0.383692878239424,42.812490801832,74.0808000000001,74.415955363511,0.469921677319007,0.47062318683238
"6353894","2019-08-02",14.1533675166488,0,0.225321888412011,0.471664316249101,76.767402189062,71.9779311442713,74.3726666666666,0.22871047320632,42.1685750387427,74.0500000000001,74.1804946483762,0.239237817290761,0.424346112924056
"6353893","2019-08-05",15.5916208270271,0,-5.69914485974247e-15,0.233053659099504,77.1958412000767,71.0518254665899,74.1238333333333,-0.187471112795516,29.4091941691982,73.8068000000001,73.4764286952594,-0.350727156480946,0.269331459043056
"6353892","2019-08-06",15.2123308075396,0.3007769145394,0.100258971513128,0.108526953308377,77.1985691583696,71.0644308416304,74.1315,0.431286192414381,42.863894191209,73.6560000000001,73.2275715358915,-0.51739391227752,0.111986384778941
"6353891","2019-08-07",14.2696206686625,0.0665926748057708,0.122456529781718,0.0742385004316128,77.3963147595337,70.690351907133,74.0433333333333,-0.0129762982162214,36.9574544457475,73.4644000000001,72.7305619977726,-0.874075210185554,-0.0852259342139583
"6353890","2019-08-08",13.3315166743109,0.376248612652609,0.247872733999254,0.156862745098033,77.3402316440664,70.8357683559336,74.088,0.278921036786603,47.2984822857947,73.3816000000001,72.6718203980696,-0.838609744324992,-0.235902696236165
"6353889","2019-08-09",12.469836782457,0.330743618201997,0.25786163522012,0.209396966333697,77.3636973069248,70.7393026930752,74.0515,0.244152721549839,46.1017104989543,73.2800000000001,72.5662443449936,-0.846435617774366,-0.358009280543805
"6353888","2019-08-12",12.0528110758346,0.228634850166481,0.31187569367369,0.272536687631021,77.4431748962821,70.3988251037179,73.921,0.128875139605798,43.4452976739505,73.1352000000001,72.3520784323278,-0.944567105426919,-0.475320845520428
"6353887","2019-08-13",11.9807312447452,0.142064372918979,0.233814280429147,0.267850536440985,77.4729776253511,69.9980223746489,73.7355,0.123342226732994,41.273870896086,73.0248000000001,72.0624679746841,-1.09767822502814,-0.599792321421971
"6353886","2019-08-14",12.0477237189991,0.105438401775804,0.158712541620415,0.234800838574417,77.5613442613149,69.5416557386851,73.5515,0.103288832100834,40.3548980333942,72.9560000000001,71.7674722447262,-1.24289653409488,-0.728413163956554
"6353885","2019-08-15",12.1099310165206,0.112097669256381,0.119866814650382,0.170797878899981,77.6401262335538,69.1295404331129,73.3848333333333,0.135179832959035,40.6137998020986,72.8976000000001,71.5198092787627,-1.3369135812468,-0.850113247414603
"6353884","2019-08-16",11.7111525335546,0.117647058823528,0.111727709951899,0.130102355407565,77.5844063655815,68.7982603010851,73.1913333333333,0.203169059465271,40.8442413045091,72.7944000000001,71.311834708261,-1.39057169747111,-0.958204937425905
"6353883","2019-08-19",10.9394646137278,0.302996670366259,0.177580466148717,0.136391663583665,77.3899737935663,68.6930262064336,73.0415,0.37372964414648,48.0896116337184,72.7108000000001,71.3542567471596,-1.23012267900695,-1.01258848574211
"6353882","2019-08-20",10.83812312978,0.165371809100998,0.19533851276359,0.161548896288068,77.2381222711953,68.4678777288047,72.853,0.271614122010104,43.7999136996214,72.5616000000001,71.2256891808716,-1.22923363317808,-1.05591751522931
"6353881","2019-08-21",10.7440203232571,0.170921198668146,0.213096559378462,0.195338512763589,76.8973277764789,68.3193388901878,72.6083333333333,0.278697156350115,44.0167671906872,72.4340000000001,71.1209306234221,-1.2091927306367,-1.08657255831079
"6353880","2019-08-22",10.9428548303713,0.107658157602664,0.147983721790597,0.185472931310882,76.528378976775,68.1572876898917,72.3428333333333,0.248001792394095,42.0259275577644,72.2956000000001,70.9541398736325,-1.24403281066242,-1.11806460878111
"6353879","2019-08-23",11.974732913166,0,0.0928597854235975,0.151313355530885,76.1945471892874,67.8051194773792,71.9998333333333,0.108256949954402,36.1556604477872,72.0540000000001,70.5562545571482,-1.47230557475624,-1.18891280197614
"6353878","2019-08-26",12.9329054186183,0.077777777777778,0.0618119784601416,0.100885161891445,75.7026054910258,67.6093945089742,71.656,0.151230312304161,38.2103062766448,71.8056000000001,70.2674206161951,-1.58868178261932,-1.26886659810477
"6353877","2019-08-27",13.5044013507681,0.26111111111111,0.112962962962957,0.089211575615565,74.9530409400257,67.7256257266409,71.3393333333333,0.264876752869236,42.8768695547728,71.6124000000001,70.1490978673691,-1.55011204655713,-1.32511568779525
"6353876","2019-08-28",13.4145187173927,0.273408239700376,0.204099042863082,0.126291328095393,73.9150915781329,68.1412417552004,71.0281666666667,0.316731176057983,43.1105553445085,71.3932000000001,70.0532181517199,-1.49680384714727,-1.35945331966565
"6353875","2019-08-29",12.5623076958497,0.669565217391305,0.401361522734258,0.239474509520099,73.4823464129095,68.3279869204238,70.9051666666667,0.606996805481653,50.2166947830846,71.2368000000001,70.1861223981572,-1.25358998207394,-1.33828065214731
"6353874","2019-08-30",11.9338732505006,0.608695652173913,0.517223036421859,0.374227867339733,73.1964350833408,68.4275649166592,70.812,0.583457923174481,49.0756677121849,71.0600000000001,70.2639727450696,-1.08057215980083,-1.28673895367801
"6353873","2019-09-03",11.8812205390599,0.404347826086957,0.560869565217386,0.493151374791167,73.1919533481474,68.4637133185193,70.8278333333333,0.370741192740435,45.350194195485,70.8352000000001,70.2061097123936,-1.03943475889459,-1.23727811472133
"6353872","2019-09-04",11.6269463533059,0.580434782608697,0.53115942028985,0.536417340643031,72.6464003770303,68.723932956303,70.6851666666667,0.543722479145081,48.9467012822168,70.6384000000001,70.2639617507412,-0.903382420394505,-1.17049897585596
"6353871","2019-09-05",11.2188911626391,0.694949494949494,0.559910701215044,0.550646562240759,72.782812330737,68.7185210025963,70.7506666666667,0.786068731986922,52.1691831669474,70.4672000000001,70.4167668506423,-0.699178660576671,-1.0762349128001
"6353870","2019-09-06",11.1356409856982,0.844890510948904,0.706758262835692,0.599276128113528,72.8401282114566,68.68453845521,70.7623333333333,1.0103968688949,56.7162607836407,70.4596000000001,70.70786460389,-0.396998826311012,-0.940387695502286
"6353869","2019-09-09",11.3646275819706,0.86092715231788,0.80025571940542,0.688974894485385,73.1064559276047,68.5275440723953,70.817,1.07502744827997,58.7396083597912,70.4804000000001,71.0361493233714,-0.0924616893879016,-0.770802494279409
"6353868","2019-09-10",12.3342300466535,0.736147757255937,0.813988473507568,0.77366748524956,73.6865630397339,68.2384369602661,70.9625,1.09730017609734,60.0793968433632,70.6664000000001,71.3713294135885,0.188616100540062,-0.578918775315515
"6353867","2019-09-11",13.3790116661845,0.869620253164557,0.822231720912785,0.812158637941924,74.4622279225828,67.8891054107506,71.1756666666667,1.10970515298513,64.3155591153107,70.7956000000001,71.8338188251101,0.548755237552156,-0.353383972741981
"6353866","2019-09-12",14.4329370413906,0.877475247524753,0.82774775264841,0.821322649022921,75.1645513923133,67.6887819410201,71.4266666666667,1.03015724456935,64.9977241120229,71.0180000000001,72.2639763150954,0.846677515338534,-0.113371675125878
"6353865","2019-09-13",15.7565839853158,0.819262782401903,0.855452761030398,0.835144078197197,75.8501923238389,67.5538076761612,71.702,0.992342971080784,65.7037838156332,71.1376000000001,72.666112806416,1.09254501074356,0.12781166204801
"6353864","2019-09-16",16.9219568420719,0.785714285714285,0.827484105213641,0.836894872964149,76.368774539525,67.5238921271417,71.9463333333333,0.898384795001153,65.2527552596404,71.2708000000001,73.0052977655605,1.26329234681923,0.354907799002255
"6353863","2019-09-17",17.2927579297425,0.677069199457259,0.760682089191143,0.814539651811727,76.6803962926385,67.4962703740282,72.0883333333333,0.793441098682998,60.2278833702496,71.4092000000001,73.1939247301525,1.29551398874175,0.543029036950153
"6353862","2019-09-18",17.0908040118981,0.565279770444763,0.67602108520543,0.754729093203404,76.9122148438271,67.6091184895063,72.2606666666667,0.718851866352471,56.380827164805,71.5528,73.2707347661321,1.23496337559295,0.681415904678712
"6353861","2019-09-19",16.9222349574036,0.629842180774749,0.624063716892251,0.686922297096274,77.1570837875243,67.7539162124757,72.4555,0.728770427571112,58.3636652967097,71.7276000000001,73.3973034639812,1.22218978104633,0.789570679952236
"6353860","2019-09-20",16.1572127193193,0.526542324246772,0.573888091822089,0.62465763130659,77.278062102373,68.0119378976271,72.645,0.648749714862161,54.1242460940924,71.8712000000001,73.4109963354504,1.11996654297939,0.855649852557667
"6353859","2019-09-23",15.4907221525934,0.259740259740259,0.472041588253921,0.556664465656087,77.1100332551093,68.573300078224,72.8416666666667,0.477157538374515,47.6070893485938,71.9624000000001,73.2548634907237,0.890235654039229,0.862567012853979
"6353858","2019-09-24",15.2906130237779,0.035250463821892,0.273844349269635,0.439924676448548,76.8795043021146,69.1378290312188,73.0086666666667,0.392099151139325,44.6651785966068,71.9612,73.0342150252938,0.630156858284492,0.816084981940082
"6353857","2019-09-25",15.1047974041635,0.00769230769230889,0.100894343751481,0.282260093758345,76.7117433390324,69.554589994301,73.1331666666667,0.359837198066303,44.8943806227276,72.0112,72.848319688588,0.423233454898897,0.737514676531845
"6353856","2019-09-26",14.9322543288073,0.098076923076924,0.0470065648637023,0.140581752628272,76.5491223939547,69.9612109393787,73.2551666666667,0.371709467788971,47.6388096302431,72.078,72.7498770634429,0.307592576320759,0.651530256489628
"6353855","2019-09-27",13.8708427774559,0.263461538461539,0.123076923076918,0.0903259438973665,76.5377595022986,70.1599071643681,73.3488333333333,0.497047072849062,52.3182466489403,72.202,72.7792267883172,0.307771315937644,0.582778468379231
"6353854","2019-09-30",13.1666523100248,0.298076923076925,0.21987179487179,0.129985094270803,76.5011814548989,70.4321518784345,73.4666666666667,0.516477098807988,53.2597754871941,72.4092,72.8286632165416,0.324104977495954,0.531043770202576
"6353853","2019-10-01",13.4467199977245,0.292307692307694,0.28461538461538,0.209188034188029,76.3018798845758,71.0077867820909,73.6548333333333,0.561420655128645,53.0716803011204,72.5984,72.8675081210027,0.329884648072132,0.490811945776487
"6353852","2019-10-02",13.0421801205048,0,0.196794871794867,0.233760683760679,76.2455570885318,71.1014429114682,73.6735,0.0249911032505819,40.7304406112015,72.6524000000001,72.5825070382024,0.0684878130556843,0.406347119232326
"6353851","2019-10-03",13.380425048009,0,0.0974358974358921,0.192948717948713,76.5043638833428,70.6596361166572,73.582,-0.0986021601568346,35.9469152551886,72.6536000000001,72.166172766442,-0.278188091512233,0.269440077083415
"6353850","2019-10-04",13.165594032549,0.21474358974359,0.0715811965811907,0.121937321937316,76.5860206724281,70.4116459942386,73.4988333333334,0.130920789212358,43.4883307463622,72.6436,71.9840163975831,-0.39951808499743,0.135648444667246
"6353849","2019-10-07",13.1337938730927,0.168269230769232,0.127670940170935,0.0988960113960053,76.6707374237982,70.0615959095351,73.3661666666667,0.111220308347944,42.3268639625547,72.6332,71.7874808779054,-0.522638195407432,0.00399111665231017
"6353848","2019-10-08",13.9483727856099,0,0.127670940170935,0.108974358974353,76.8328996849413,69.4127669817254,73.1228333333333,-0.00845901067216766,36.4987896527162,72.5960000000001,71.402483427518,-0.793435995829717,-0.155494305844095
"6353847","2019-10-09",14.1958636372119,0.0588235294117635,0.0756975867269927,0.110346489022954,76.7008385888453,69.010494744488,72.8556666666667,0.107863220722001,38.7550943961941,72.5424000000001,71.1221523038489,-0.95326939461855,-0.315049323598986
"6353846","2019-10-10",13.5486828208078,0.236764705882353,0.0985294117646996,0.100632646220875,76.3748875585432,68.9044457747901,72.6396666666667,0.289883020026955,45.1088190485903,72.5064,71.0405319966691,-0.932338147629119,-0.438507088405013
"6353845","2019-10-11",13.7962028794964,0.629411764705883,0.308333333333327,0.160853443941673,76.0399090478434,69.0460909521566,72.543,0.687355935685756,55.9647979046513,72.5296000000001,71.3257943971132,-0.605726849224819,-0.471951040568974
"6353844","2019-10-14",14.0260429339929,0.676470588235294,0.514215686274504,0.307026143790843,75.7415093344366,69.1738239988967,72.4576666666667,0.698801647758805,57.0608796820316,72.5428000000001,71.6156884774981,-0.307963179017123,-0.439153468258604
"6353843","2019-10-15",14.8092034041001,0.773529411764705,0.693137254901955,0.505228758169928,75.7145753497566,69.1864246502434,72.4505,0.835393605445299,59.310474140494,72.5672000000001,71.9549300138317,0.0012616312849989,-0.351070448349883
"6353842","2019-10-16",15.5364238406282,0.791176470588235,0.747058823529405,0.651470588235287,75.7725323355788,69.1621343310879,72.4673333333333,0.827665595706716,59.7236389364248,72.5448000000001,72.2649393453208,0.255625956789074,-0.229731167322092
"6353841","2019-10-17",16.1889668857363,0.786764705882352,0.783823529411758,0.741339869281039,75.7508004017672,69.1715329315662,72.4611666666667,0.807354378861405,59.5608121005818,72.5124000000001,72.529614099278,0.447720329079626,-0.0942408680417484
"6353840","2019-10-18",16.4505954142162,0.722058823529412,0.76666666666666,0.765849673202607,75.7546859506008,69.1703140493992,72.4625,0.741101205068669,57.101881640288,72.4536000000001,72.7003322193743,0.544166303688787,0.0334405663043587
"6353839","2019-10-21",16.8050870185317,0.78358208955224,0.764135206321329,0.771541800799915,75.9405549165415,69.1544450834585,72.5475,0.765124896431168,58.5267179230417,72.4112000000001,72.8936212567911,0.650368570618198,0.156826167167127
"6353838","2019-10-22",16.8412022758787,0.73134328358209,0.745661398887908,0.758821090625298,76.1124084845143,69.185924848819,72.6491666666667,0.724861572179784,56.448214506609,72.3864000000001,73.0144717558856,0.687549829833212,0.262970899700344
"6353837","2019-10-23",17.1887298965713,0.76268656716418,0.759203980099498,0.756333528436244,76.316914630064,69.221085369936,72.769,0.747704193862605,57.4251934189282,72.3960000000001,73.1472088551008,0.731536340162786,0.356683987792832
"6353836","2019-10-24",17.511434115786,0.782089552238806,0.758706467661686,0.75452394888303,76.4870123008531,69.2539876991468,72.8705,0.716990828377628,58.0525202163531,72.3928000000001,73.2795810077541,0.771571262402526,0.439661442714771
"6353835","2019-10-25",18.0022607915554,0.817910447761194,0.787562189054721,0.768490878938634,76.6391569819693,69.239176351364,72.9391666666667,0.738401524913503,59.2463976205314,72.4280000000001,73.4263035400535,0.819962677863462,0.515721689744509
"6353834","2019-10-28",18.8450756171377,0.838805970149254,0.812935323383079,0.786401326699828,76.8559848718542,69.1936817948124,73.0248333333333,0.794319690045116,61.87560034862,72.5352000000001,73.6254630680464,0.906712597033521,0.593919871202311
"6353833","2019-10-29",19.4442608780716,0.772313296903461,0.80967657160463,0.803391361347476,76.9789483320666,69.1700516679334,73.0745,0.743162819922411,60.5511958718727,72.6612000000001,73.7754013256402,0.945494163020433,0.664234729565936
"6353832","2019-10-30",18.208447300327,0,0.537039755684232,0.719883883557313,76.993705788506,69.3686275448273,73.1811666666667,0.523890465231318,47.8377381071179,72.7072000000001,73.6440144822215,0.753091142906492,0.682006012234047
"6353831","2019-10-31",16.913734320305,0,0.257437765634481,0.534718030974447,76.8690444224572,69.7886222442095,73.3288333333333,0.458735982218088,46.8116674134151,72.7268000000001,73.5048125512586,0.573075518234667,0.660219913434171
"6353830","2019-11-01",15.7115008388559,0.0470588235294149,0.015686274509799,0.270054598609503,76.8325338254711,70.0164661745288,73.4245,0.457282309745502,47.826530439196,72.7184000000001,73.4055042110908,0.442776147681245,0.616731160283586
"6353829","2019-11-04",15.3775691671234,0.429411764705884,0.15882352941176,0.143982523185346,76.8065959504124,70.3960707162543,73.6013333333333,0.614187211384739,55.2909280122923,72.7548000000001,73.4927703162787,0.476841199715716,0.588753168170012
"6353828","2019-11-05",17.7705355280535,0.309941520467837,0.262137369567706,0.145549057829754,76.9364729145355,71.0528604187978,73.9946666666667,1.04762274067746,60.8171615097834,72.8400000000001,73.7270676074416,0.626822785917724,0.596367091719554
"6353827","2019-11-06",19.9925757203457,0.446783625730994,0.395378970301566,0.272113289760343,76.9090955632637,71.7992377700696,74.3541666666667,1.0236610179049,65.3517553760845,73.0676000000001,74.0861252597827,0.862540792605038,0.649601831896651
"6353826","2019-11-07",22.0558987560456,0.52046783625731,0.425730994152041,0.36108244467377,77.0888313798485,72.2541686201516,74.6715,1.06780933916449,67.5307404629704,73.3712000000001,74.4813085584783,1.10335772600014,0.740353010717349
"6353825","2019-11-08",23.785923783843,0.495906432748538,0.487719298245608,0.436276420899738,77.4519428275356,72.2217238391311,74.8368333333333,0.944181528883815,66.0398607724301,73.6128,74.7958007506812,1.25533254346546,0.843348917266971
"6353824","2019-11-11",24.7505506547912,0.410526315789474,0.475633528265101,0.463027940220916,77.6243788117506,72.3159545215827,74.9701666666667,0.77500313719029,60.9984923506606,73.8368000000001,74.9710273172571,1.28142023981139,0.930963181775856
"6353823","2019-11-12",25.646275606386,0.423391812865497,0.443274853801164,0.46887589343729,77.7912518004188,72.3334148662479,75.0623333333333,0.76035955583489,61.4757262185928,74.1296,75.1375570082894,1.29848942158868,1.00446842973842
"6353822","2019-11-13",25.7431984254205,0.326315789473685,0.386744639376212,0.435217673814158,77.8482016549611,72.3804650117056,75.1143333333333,0.602236087154912,55.9159692344843,74.3732000000001,75.1712160738508,1.20878312456587,1.04533136870391
"6353821","2019-11-14",25.7458487454481,0.314619883040937,0.354775828460033,0.394931773879136,77.8971744461995,72.4448255538005,75.171,0.581738471888318,55.2674421805269,74.5644,75.1870539306707,1.11410345654215,1.05908578627156
"6353820","2019-11-15",26.1590884162207,0.418713450292399,0.353216374269,0.364912280701748,78.0245955530712,72.5604044469289,75.2925,0.717324024166197,59.7426398558725,74.6844000000001,75.3194467399146,1.12146423160691,1.07156147533863
"6353819","2019-11-18",25.6100122529799,0.293567251461989,0.342300194931768,0.350097465886933,78.0492714618316,72.6523952048351,75.3508333333334,0.53011001035818,52.8916397093583,74.7488,75.291520507926,1.00103316596338,1.05745581346358
"6353818","2019-11-19",25.1001558156848,0.294736842105264,0.335672514619878,0.343729694606882,78.0590627734302,72.7652705599031,75.4121666666667,0.503998393932531,52.9459481708852,74.7872,75.2686511068692,0.896353975499475,1.02523544587076
"6353817","2019-11-20",24.4834770366832,0.262216924910606,0.28350700615928,0.320493238570308,78.0649851417476,72.8303481915858,75.4476666666667,0.459691569442366,51.9146968902818,74.8144,75.2274976259533,0.78718708950607,0.97762577459782
"6353816","2019-11-21",23.4965702208116,0.0620592383638925,0.206337668459915,0.275172396413024,78.0599181017845,72.8774152315489,75.4686666666667,0.382553530232968,48.9620347152741,74.8244,75.1304979424929,0.643891452582879,0.910878910194832
"6353815","2019-11-22",22.5434646746918,0,0.108092054424827,0.199312243014673,78.0593492390535,72.8899840942799,75.4746666666667,0.374001291243302,48.7026390134597,74.8504000000001,75.0410982168272,0.520005617335295,0.832704251622925
"6353814","2019-11-25",22.4153779179776,0.224274406332456,0.0954445482321099,0.13662475703895,78.0836573632251,72.912342636775,75.498,0.548085773119701,54.2494487257014,74.8968,75.0769517879169,0.507382523026356,0.767639905903611
"6353813","2019-11-26",22.4148663004237,0.420054200542007,0.214776202291481,0.139437601649472,78.1579754012964,72.9680245987036,75.563,0.636867064901359,58.2529320219543,74.9852,75.2013582161946,0.565974206946795,0.727306766112248
"6353812","2019-11-27",21.938378972502,0.326347305389222,0.323558637421222,0.211259795981604,78.075485635746,73.2931810309207,75.6843333333333,0.522095344273979,54.855827310479,75.0468,75.2478437873687,0.556487415816176,0.693142896053034
"6353811","2019-11-29",20.5862638461907,0.0458015267175589,0.26406767754959,0.267467505754097,77.8766190470791,73.6767142862542,75.7766666666667,0.28729676404427,48.4407670321625,75.0644,75.1587979490529,0.439813989145343,0.642477114671496
"6353810","2019-12-02",19.5633903951578,0,0.124049610702254,0.237225308557688,77.6800929254853,73.9972404078481,75.8386666666667,0.102120007164054,43.8312080076657,75.04,74.9736248891792,0.25721462839523,0.565424617416243
"6353809","2019-12-03",19.568720556427,0,0.0152671755725134,0.134461487941452,77.937312293849,73.589687706151,75.7635,-0.174736270537397,37.2759273480973,74.9384,74.6278082372886,-0.0375338458674546,0.444832924759503
"6353808","2019-12-04",18.9034331293667,0.0914893617021291,0.0304964539007035,0.0566044133918231,77.8730692965673,73.2695973700994,75.5713333333333,0.0225342882265656,40.2528227864914,74.8608,74.3854338056501,-0.222922748036214,0.31128179020036
"6353807","2019-12-05",18.2856662328107,0.0936170212765952,0.0617021276595685,0.0358219190442613,77.7981599983826,72.9618400016174,75.38,0.049933282305028,40.3237555766525,74.862,74.1767092982301,-0.365102806217921,0.176004870916704
"6353806","2019-12-06",17.5302550363998,0.203619909502264,0.12957543082699,0.0739246707957534,77.5376471602727,72.8383528397273,75.188,0.157111637743452,43.6385335986016,74.8892,74.0571480584661,-0.423136796266832,0.0561765374799966
"6353805","2019-12-09",16.6240421850921,0.212669683257918,0.169968871345586,0.120415476610714,77.2674026257128,72.7602640409539,75.0138333333333,0.203322486868193,43.9301882503451,74.9116,73.9588616506706,-0.459615329538565,-0.0469818359237158
"6353804","2019-12-10",15.6578374933907,0.328054298642534,0.248114630467566,0.182552977546713,77.0869673254852,72.7036993411814,74.8953333333333,0.309426816629828,47.6498178008889,74.9024,73.9416800972479,-0.427964644812651,-0.123178397701503
"6353803","2019-12-11",14.7701837060313,0.325791855203619,0.288838612368018,0.235640704727056,76.8676785448809,72.6769881217857,74.7723333333333,0.321270500948437,47.5831619316356,74.8452,73.9254560842815,-0.39937310373549,-0.1784173389083
"6353802","2019-12-12",15.2865286250375,0.332579185520362,0.328808446455499,0.288587229763694,76.7814189231662,72.6729144101671,74.7271666666666,0.51042552909406,47.8189900417743,74.7424,73.9153952730439,-0.369184331735817,-0.216570737473803
"6353801","2019-12-13",16.0591401410722,0.577825159914714,0.412065400212892,0.343237486345469,76.8004174983532,72.6672491683134,74.7338333333333,0.745856588825863,56.5255060090936,74.664,74.0720092366381,-0.207573507672032,-0.214771291513449
"6353800","2019-12-16",16.7765651202472,0.771855010660982,0.56075311869868,0.433875655122356,76.7657049016024,72.6856284317308,74.7256666666666,0.889943671827819,61.5904590945924,74.6304,74.329074671753,0.018942071238448,-0.16802861896307
"6353799","2019-12-17",17.4427454580525,0.771855010660982,0.707178393745553,0.559998970885708,76.8755574197616,72.6454425802383,74.7605,0.842662091926409,61.5904590945924,74.626,74.5518647155193,0.195575651771218,-0.0953077648162122
"6353798","2019-12-18",18.3399071530155,0.718550106609809,0.754086709310585,0.674006073918272,76.9830595520497,72.6119404479503,74.7975,0.814755398003925,59.3860445196462,74.6072,74.7116160867834,0.304577489611413,-0.0153307139306872
"6353797","2019-12-19",19.1729858697668,0.80810234541578,0.766169154228851,0.742478085761663,77.1474633829946,72.5655366170053,74.8565,0.840504496546627,61.8560582534154,74.6384,74.9060672752123,0.430954238768311,0.0739262766091124
"6353796","2019-12-20",20.1425741185415,0.787056367432151,0.771236273152574,0.763830712230669,77.3370844549999,72.5389155450001,74.938,0.823456724661258,61.6637405192055,74.6728,75.0719249718506,0.522534396221497,0.163647900531589
"6353795","2019-12-23",21.0429060638323,0.827981651376147,0.807713454741353,0.781706294040926,77.5316007654293,72.5220659012373,75.0268333333333,0.814034478113251,63.3216665072745,74.6824,75.2516683089372,0.616626634450634,0.254243647315398
"6353794","2019-12-24",22.1856383713763,0.845474613686537,0.820170877498272,0.799706868464066,77.7002725258327,72.4670608075006,75.0836666666667,0.843893341896025,64.7213074559437,74.744,75.4381125344123,0.707255417207509,0.34484600129382
"6353793","2019-12-26",23.2467469426673,0.872235872235873,0.848564045766179,0.825482792668601,77.8211405445279,72.4191927888054,75.1201666666667,0.848608826264887,65.8205694681142,74.8124,75.623697529824,0.788771359260654,0.433631072887187
"6353792","2019-12-27",24.5421034559349,0.832579185520363,0.850096557147585,0.839610493470678,78.0370650875502,72.3489349124497,75.193,0.861044245375483,66.8705097353194,74.894,75.8072045258474,0.861114874436719,0.519127833197093
"6353791","2019-12-30",26.0549322443018,0.767281105990786,0.824032054582334,0.840897552498699,78.3321424798703,72.314190853463,75.3231666666667,0.859507708653954,67.8101166273967,75,75.9862439224011,0.92330751617089,0.599963769791853
"6353790","2019-12-31",27.467048045952,0.905747126436783,0.835202472649304,0.836443694793074,78.6732804728498,72.3253861938169,75.4993333333333,0.877658043432096,71.3666498023823,75.132,76.2227447327476,1.02490682585334,0.684952381004151
"6353789","2020-01-02",29.1751439462353,0.772540983606558,0.815189738678036,0.824808088636558,78.8594778245594,72.6551888421072,75.7573333333333,0.859858587016401,69.46957274091,75.2244,76.4090454350479,1.07757870528504,0.76347764586033
"6353788","2020-01-03",29.1932404822008,0.458791208791209,0.712359772944844,0.787583994757394,78.9002671952508,72.9913994714159,75.9458333333334,0.702661500640734,59.0802530830059,75.2544,76.4558393770416,1.01658839119187,0.814099794926639
"6353787","2020-01-06",27.8620899562991,0.0234899328859037,0.418274041761218,0.648607851128032,78.779312300071,73.4280210332624,76.1036666666667,0.547901211231621,50.2366847109528,75.2652,76.371060793436,0.859168708575475,0.823113577656406
"6353786","2020-01-07",26.6260216108189,0.110738255033556,0.197673132236884,0.442768982314314,78.6552045095613,73.8311288237721,76.2431666666667,0.525600759201146,52.3608081629492,75.3252,76.3322526876446,0.753202823072097,0.809131426739544
"6353785","2020-01-08",25.4358544532339,0.100671140939596,0.078299776286346,0.231415650094815,78.4817546827733,74.2715786505601,76.3766666666667,0.492874407205194,52.0845520026766,75.4164,76.2946189959586,0.658477225915788,0.779000586574793
"6353784","2020-01-09",24.4283325484144,0.164948453608248,0.125452616527127,0.133808508350118,78.3177627627007,74.6835705706326,76.5006666666667,0.51082312966804,54.2507256941873,75.5732,76.2953364631641,0.602905453132863,0.743781559886407
"6353783","2020-01-10",24.2354454382715,0.353951890034363,0.206523828194063,0.136758740335845,78.0894884439071,75.2218448894263,76.6556666666667,0.663083959976791,58.6768030619813,75.7348,76.3692916014089,0.609956942837941,0.717016636476714
"6353782","2020-01-13",24.2954706381314,0.43298969072165,0.317296678121414,0.216424374280868,77.9575689291851,75.6120977374816,76.7848333333333,0.742382000687502,60.4020730653896,75.9052,76.4640527212211,0.63243569227307,0.700100447635985
"6353781","2020-01-14",25.4227187959868,0.516516516516519,0.434486032424171,0.319435512913215,78.1014856520479,75.7008476812854,76.9011666666667,0.989661504281974,63.6691088275342,76.0756,76.6075123583916,0.690607653693354,0.698201888847459
"6353780","2020-01-15",26.7585944150725,0.704,0.55116873574605,0.434317148763878,78.4597844063912,75.5938822602754,77.0268333333333,1.12917942579111,69.1510728658064,76.2812,76.854510710606,0.823554262586756,0.723272363595318
"6353779","2020-01-16",29.0523895342041,0.510309278350517,0.576941931622339,0.520865566597519,79.0109702191904,75.3956964474762,77.2033333333333,1.20165271756554,70.8501283968348,76.4796,77.1125759491919,0.9517534475874,0.768968580393735
"6353778","2020-01-17",27.62171209326,0,0.404769759450166,0.510960142272851,78.9983482517839,75.4326517482161,77.2155,0.275967098564326,44.3221824942499,76.5452,76.8922324892997,0.696403557438208,0.754455575802629
"6353777","2020-01-21",26.246243348363,0,0.1701030927835,0.383938261285334,79.2026420991954,75.0553579008046,77.129,-0.0888994379215603,36.1390164003411,76.5348,76.4519348240597,0.29328754481357,0.662221969604817
"6353776","2020-01-22",25.2343574048065,0,-6.1802415037467e-15,0.191624284077886,79.5613629645888,74.4063037020778,76.9838333333333,-0.158996627133233,34.4538644112259,76.4564,76.0090101808517,-0.0757637622546325,0.514624823232927
"6353775","2020-01-23",24.6009013411774,0,-6.1802415037467e-15,0.0567010309278283,79.887988520663,73.732011479337,76.81,-0.0988759610241353,32.5358764747134,76.32,75.5531421567382,-0.422823489582835,0.327135160669775
"6353774","2020-01-24",23.6866047508909,0.0994475138121538,0.0331491712707117,0.011049723756899,79.9934118921733,73.3245881078267,76.659,0.0807856442047871,38.6643759376718,76.2196,75.2780565358398,-0.596244287798686,0.142459270976083
"6353773","2020-01-27",23.1622007161377,0.0397790055248618,0.046408839778999,0.0265193370165674,80.0666100952878,72.9173899047122,76.492,0.104339131924412,36.5207132238482,76.1076,74.9676489977278,-0.783604363622348,-0.0427534559436034
"6353772","2020-01-28",22.6752541124383,0.106077348066298,0.0817679558010983,0.0537753222836023,80.0597456536651,72.5805876796682,76.3201666666667,0.164378440007033,40.4700412292472,76.0028,74.7786291313641,-0.858309909430677,-0.205864746641018
"6353771","2020-01-29",22.3901935528042,0.0773480662983429,0.0744014732964946,0.0675260896255299,80.0079135693535,72.2390864306465,76.1235,0.169169281182593,39.3282094618314,75.8884,74.5801452471822,-0.935316580419954,-0.351755113396805
"6353770","2020-01-30",22.6067866616052,0,0.0611418047882074,0.0724370779619327,79.9102017565875,71.8364649100791,75.8733333333333,0.13090201518164,36.0427762114385,75.732,74.3041258808913,-1.06927798708997,-0.495259688135438
"6353769","2020-01-31",22.903666808446,0,0.0257826887661081,0.0537753222836026,79.7416784897241,71.4833215102759,75.6125,0.156206837058239,35.3896829406719,75.56,74.0435757634391,-1.18019561212146,-0.632246872932642
"6353768","2020-02-03",22.5951760327744,0.00861141011840823,0.00287047003946325,0.0299316545312588,79.6202859367185,71.1920473966148,75.4061666666666,0.216488802656673,36.0139877865045,75.384,73.8284323283139,-1.24580836493211,-0.754959171332536
"6353767","2020-02-04",22.3087203125079,0.0570505920344457,0.0218873340509452,0.0168468309521714,79.543110311916,70.9542230214173,75.2486666666667,0.262639024391214,39.5521897317691,75.2192,73.7019746845387,-1.23480966412801,-0.850929269891631
"6353766","2020-02-05",21.1123418576226,0.1237890204521,0.0631503408683117,0.0293027149862393,79.4257107483555,70.8286225849778,75.1271666666667,0.361522881076021,44.1356764362456,75.0732,73.6750447266002,-1.14509995400118,-0.909763406713541
"6353765","2020-02-06",20.1991786473149,0.15217391304348,0.111004508510002,0.0653473944764189,79.2986177835635,70.6857155497698,74.9921666666667,0.343780880883477,42.7833110982652,74.8932,73.6197054297202,-1.08780956997455,-0.945372639365743
"6353764","2020-02-07",19.4278574569614,0.181015452538633,0.152326128678065,0.108826992685459,79.1309600359765,70.5587066306901,74.8448333333333,0.354005715786679,42.2603691490715,74.7152,73.5597447057575,-1.04035897632844,-0.964369906758282
"6353763","2020-02-10",19.2666207644603,0.0547445255474471,0.129311297043181,0.130880644743748,78.86857866038,70.39042133962,74.6295,0.286176020950409,38.4887338642745,74.5448,73.4184454116565,-1.06422285011872,-0.98434049543037
"6353762","2020-02-11",18.731694789455,0.262773722627736,0.166177900237933,0.149271775319725,78.5102903720644,70.3447096279355,74.4275,0.363553285237215,43.1381866853883,74.4348,73.3719860234356,-1.00902909550769,-0.989278215445833
"6353761","2020-02-12",18.201200391131,0.284671532846715,0.200729927007293,0.165406374762801,77.934857348455,70.4488093182116,74.1918333333333,0.389327453330131,43.6212716630225,74.3168,73.3397212203109,-0.947805575208138,-0.980983687398294
"6353760","2020-02-13",17.2748220279577,0.189781021897813,0.245742092457415,0.204216639900879,77.0075944382096,70.8247388951238,73.9161666666667,0.403038329810179,41.9577745429478,74.1896,73.2770917242694,-0.917381621898494,-0.968263274298334
"6353759","2020-02-14",16.125576721775,0.280487804878053,0.251646786540854,0.23270626866852,75.1622714395913,72.053061893742,73.6076666666666,0.487885452520586,43.4755935893652,74.0592,73.2454794943668,-0.864642185277276,-0.947539056494123
"6353758","2020-02-18",16.6420692069905,0.256658595641646,0.242309140805831,0.246566006601366,74.4758204111243,72.5411795888756,73.5085,0.978038777378009,46.7400734359857,73.9216,73.2674155617846,-0.77318052897184,-0.912667350989666
"6353757","2020-02-19",17.1852746752085,0.393364928909955,0.310170443143212,0.268042123496632,74.5297048066572,72.5049618600094,73.5173333333333,1.1647757446092,51.6196404090595,73.7988,73.3664268202133,-0.627408842036514,-0.855615649199036
"6353756","2020-02-20",17.8074201991237,0.636986301369863,0.429003275307149,0.327160953085396,75.002559939161,72.2404400608389,73.6215,1.24164051172334,59.2009266697356,73.7028,73.6029032441849,-0.38350272962262,-0.761193065283753
"6353755","2020-02-21",17.6365362030566,0.486046511627905,0.505465913969235,0.414879877473198,75.2176162023389,72.2210504643277,73.7193333333333,0.954075360138699,54.1839466883019,73.5452,73.7251828116269,-0.255486405317262,-0.660051733290455
"6353754","2020-02-24",17.6211689474545,0,0.37434427099925,0.43627115342521,75.2317691454562,72.0778975212105,73.6548333333333,0.157088135203147,38.5706014674942,73.2644,73.4644917700766,-0.450176053244988,-0.618076597281361
"6353753","2020-02-25",17.6068993529668,0.0483870967741953,0.178144536134027,0.352651573700836,75.2524853660753,71.9401813005913,73.5963333333333,0.166999170911325,40.1903943896512,73.1264,73.2705595340664,-0.572204569274293,-0.608902191679948
"6353752","2020-02-26",16.8423593886139,0.129032258064516,0.0591397849462308,0.203876197359835,75.2281497405367,71.8868502594632,73.5575,0.343124907050165,42.8931386778091,73.0792,73.1558182628576,-0.618098824683289,-0.610741518280616
"6353751","2020-02-27",18.0041874785127,0,0.0591397849462308,0.098808035342162,75.6332596609868,71.1370736723465,73.3851666666666,-0.22917357250862,30.5259267535479,72.9172,72.6123758278099,-1.01219155620894,-0.691031525866281
"6353750","2020-02-28",19.8711655523126,0,0.0430107526881657,0.0537634408602083,76.2910894175012,70.028243915832,73.1596666666666,-0.262645882300677,25.3887404517669,72.69,71.8520590507686,-1.55357019864575,-0.863539260422175
"6353749","2020-03-02",21.039245296098,0.221995926680245,0.073998642226742,0.0587163932870453,76.4317399626854,69.6175933706478,73.0246666666666,0.0668814438506575,36.8808340098605,72.514,71.4837845106661,-1.72230622873865,-1.03529265408547
"6353748","2020-03-03",21.6975466939221,0.283095723014257,0.168363883231494,0.0951244260487998,76.466712234415,69.3466210989183,72.9066666666666,0.183992808914653,39.6366338562891,72.3836,71.2446132425773,-1.76933203873978,-1.18210053101633
"6353747","2020-03-04",21.867803329913,0.337067209775967,0.280719619823483,0.174360715093906,76.4388977167958,69.1737689498708,72.8063333333333,0.279356973368765,42.0437444334746,72.2504,71.107998143567,-1.72728862740971,-1.29113815029501
"6353746","2020-03-05",22.0258987776188,0.386965376782077,0.335709436524094,0.261597646526356,76.3269301199698,69.0140698800302,72.6705,0.301650797033151,44.2569326424528,72.1472,71.0549317244247,-1.61989000395316,-1.35688852102664
"6353745","2020-03-06",22.572614692795,0.301425661914461,0.341819416157495,0.31941615750169,76.2587414501537,68.7659252165129,72.5123333333333,0.229207291793667,41.3423205128589,72.0416,70.8969408278348,-1.61192716969074,-1.40789625075946
"6353744","2020-03-09",24.4258089779696,0,0.229463679565506,0.302330844082364,76.52589570121,67.8764376321233,72.2011666666666,-0.0585513714360107,31.1605918779762,71.7876000000001,70.2440153841235,-2.02637495254149,-1.53159199111586
"6353743","2020-03-10",26.1466322427745,0.135135135135135,0.145520265683192,0.238934453802064,76.6050165658015,67.3489834341984,71.977,0.106346842663518,37.3830280574975,71.5884,69.8714799995737,-2.16730141565411,-1.65873387602351
"6353742","2020-03-11",27.8727529821682,0.0980392156862745,0.0777247836071303,0.150902909618609,76.6116297198078,66.8040369468588,71.7078333333333,0.114805241123671,36.2867993241849,71.3532000000001,69.4886159996305,-2.30683340689979,-1.78835378219877
"6353741","2020-03-12",30.5233236474206,0,0.0777247836071303,0.100323277632483,77.2431642273274,65.1725024393392,71.2078333333333,-0.149881517499411,26.833556256822,70.8924000000001,68.4874671996798,-2.97548459513262,-2.02577994478554
"6353740","2020-03-13",33.1293364715394,0,0.0326797385620852,0.0627097685921144,77.7182351753152,63.6084314913514,70.6633333333333,-0.0837548736434808,25.453694164007,70.4024000000001,67.4904715730558,-3.59359462025117,-2.33934287987867
"6353739","2020-03-16",35.9521637522187,0,-6.33289716963266e-15,0.0368015073897355,78.4074391051254,61.5022275615412,69.9548333333333,-0.124353815752103,21.511437738206,69.7876000000001,66.1984086966484,-4.43795820092444,-2.75906594408782
"6353738","2020-03-17",38.5733605128495,0.0130123617436567,0.00433745391454589,0.0123390641588741,78.5533644395599,59.8539688937734,69.2036666666666,-0.0237424195175908,22.3187101721345,69.2076,65.1052875370953,-5.04803451456166,-3.21685965818259
"6353737","2020-03-18",41.1252723005116,0,0.00433745391454589,0.00289163594302763,78.4618673447164,58.2994659886169,68.3806666666667,0.00515153641086638,21.1032225120642,68.5632000000001,64.0192491988159,-5.6171638082024,-3.69692048818655
"6353736","2020-03-19",43.3411664684355,0.0456508328192475,0.0195543981876284,0.00940976867223921,77.8385270715923,57.2521395950744,67.5453333333333,0.0831225847765106,24.2638111354799,67.9460000000001,63.1766826389738,-5.92453694350776,-4.14244377925079
"6353735","2020-03-20",45.8839030216082,0,0.0152169442730762,0.013036265458416,77.585356289028,55.4993103776386,66.5423333333333,-0.0217019551422494,18.9154561139568,67.1452000000001,61.7997916204439,-6.73666008806454,-4.66128704101354
"6353734","2020-03-23",48.2690605759247,0,0.0152169442730762,0.0166627622445927,77.52732582801,53.7220075053233,65.6246666666667,0.0209193797758252,18.641732862194,66.3256000000001,60.5664860710514,-7.36865517050661,-5.20276066691216
"6353733","2020-03-24",47.1598373689303,0.254443880142204,0.0848146267140618,0.0384161717534039,76.7204336350404,53.2392330316262,64.9798333333333,0.270745680445149,35.4429180488248,65.6916000000001,60.1656212615779,-7.1376279703476,-5.58973412759925
"6353732","2020-03-25",44.7826328272451,0.455114822546973,0.236519567563053,0.112183712850063,75.6498740308756,53.3341259691244,64.492,0.445539207111933,44.5712997348446,65.1820000000001,60.3128717600342,-6.38567304429569,-5.74892191093854
"6353731","2020-03-26",42.5752286099659,0.571184510250569,0.426914404313243,0.249416199530118,75.0313313430543,53.3146686569457,64.173,0.479447425242791,47.3995721979604,64.6796000000001,60.615155525363,-5.54985798546016,-5.70910912584286
"6353730","2020-03-27",40.2812612298736,0.560683760683761,0.528994364493762,0.397476112123352,74.6304058050502,53.2599275282831,63.9451666666667,0.494454967340211,47.0247887588539,64.1944,60.8518014553146,-4.85601577482562,-5.53849045563941
"6353729","2020-03-30",37.9181229427813,0.656032482598608,0.595966917844306,0.517291895550436,74.0191229555778,53.3658770444222,63.6925,0.564275610996476,50.2990906723714,63.878,61.252894594606,-4.06465765522329,-5.24372389555619
"6353728","2020-03-31",35.6223975718718,0.890438247011952,0.7023848300981,0.609115370812055,73.4025721237406,53.5677612095927,63.4851666666667,0.652501243718727,54.6147522270654,63.6360000000001,61.8805086486585,-3.12740642412512,-4.82046040126998
"6353727","2020-04-01",34.1190279952075,0.760956175298805,0.769142301636449,0.689164683192951,72.4936675901888,53.8753324098112,63.1845,0.607716397871796,50.2512988894042,63.3,62.1644408288374,-2.60963158812398,-4.37829463864078
"6353726","2020-04-02",32.5536060037316,0.828682673588579,0.826692365299772,0.766073165678106,71.611828941808,54.255171058192,62.9335,0.688198674070971,52.9697351851076,63.1496,62.5851820516591,-2.0074331748985,-3.90412234589232
"6353725","2020-04-03",30.8961215499859,0.868470736312146,0.81936986173317,0.805068176223129,70.9579412946777,54.5653920386556,62.7616666666667,0.761399245051885,55.0495381117595,63.1272,63.0871577781045,-1.38382880775227,-3.40006363826431
"6353724","2020-04-06",28.8485769600643,0.904734073641146,0.867295827847284,0.837786018293408,71.1688198753935,54.4748467912732,62.8218333333333,0.844525534515865,58.2895484275133,63.0848,63.7462034076906,-0.671660652444772,-2.8543830411004
"6353723","2020-04-07",27.448171281617,0.914034179181771,0.895746329711681,0.860804006430711,71.6675128307896,54.2181538358771,62.9428333333333,0.94760956561655,62.0905245780826,63.1052,64.6067096199985,0.156970853549154,-2.25211226217049
"6353722","2020-04-08",26.5298699763137,0.862591687041565,0.893786646621488,0.885609601393483,72.2917093202236,53.9136240131097,63.1026666666667,0.936606962363704,62.0624570498791,63.104,65.351148337332,0.794716921849981,-1.6427464253664
"6353721","2020-04-09",25.8327318071366,0.881931166347992,0.88618567752377,0.891906217952312,73.4714801019211,53.5798532314122,63.5256666666667,0.917143691699178,63.5016587658231,63.1156,66.1043285590211,1.37610705012392,-1.03897573026833
"6353720","2020-04-13",24.5965555826868,0.763042111879321,0.835854988422953,0.871942437522736,74.2852426416952,53.5594240249714,63.9223333333333,0.810610972030417,59.5941571464398,63.1088,66.5837514178183,1.65431463945607,-0.500317656323455
"6353719","2020-04-14",23.5129985054702,0.734426229508197,0.793133169245164,0.838391278397295,75.0447391664045,53.9369275002622,64.4908333333333,0.797480703636308,60.6570708070854,63.278,67.0699178954425,1.91324844563072,-0.0176044359326193
"6353718","2020-04-15",21.8933922316844,0.557761732851985,0.685076691413161,0.771354949693759,75.4419403535568,54.5093929797765,64.9756666666666,0.697348173933883,55.7136003344125,63.3228,67.2699288427169,1.89567567188889,0.365051585631682
"6353717","2020-04-16",20.7996318826208,0.466606498194946,0.586264820185036,0.688158226947786,75.5931347777824,55.3631985555509,65.4781666666666,0.647067525768923,52.889266531531,63.3452,67.3086049970213,1.74063925207923,0.640169118921192
"6353716","2020-04-17",19.5632276207737,0.652445369406867,0.558937866817927,0.610093126138707,75.96376100719,56.1692389928099,66.0665,0.735595484276517,58.6354505585448,63.6712,67.6847909974184,1.90187458031084,0.892510211199121
"6353715","2020-04-20",18.4151379490586,0.650105708245243,0.589719191949012,0.578307292983991,75.530240950198,58.168759049802,66.8495,0.720632087858391,58.6987785006903,64.0372,68.0148188644293,2.00804113738957,1.11561639643721
"6353714","2020-04-21",17.3006286446735,0.544397463002114,0.615649513551402,0.588102190772779,74.1433133167019,61.091686683298,67.6175,0.650364399405763,55.6408704538559,64.4916,68.1675096825054,1.95026274212602,1.28254566557497
"6353713","2020-04-22",16.0963526948401,0.451533742331289,0.548678971192875,0.584682558897762,73.5488097440342,62.6858569226324,68.1173333333333,0.635874658048048,55.1458616185361,64.9316000000001,68.2785083915047,1.86373552015504,1.39878363649099
"6353712","2020-04-23",15.3564444545175,0.47191011235955,0.489280439230978,0.551202974658417,73.506197170531,63.4391361628022,68.4726666666666,0.689793889716157,56.9750662600444,65.4416000000001,68.4693739393041,1.85701803457146,1.49043051610708
"6353711","2020-04-24",14.8253205512544,0.329949238578681,0.4177976977565,0.48525236939345,73.3986263345469,64.210373665453,68.8044999999999,0.669655035562611,56.2788228280962,65.914,68.6081240807302,1.80678593274062,1.55370159943379
"6353710","2020-04-27",14.653367385404,0.697123519458546,0.499660956798919,0.468913031262132,73.4073619591898,65.0233047074768,69.2153333333333,0.837306856942355,61.7416441541861,66.6672000000001,69.0177075366328,1.99716256400428,1.64239379234789
"6353709","2020-04-28",14.7027034138678,0.708967851099831,0.578680203045679,0.498712952533699,73.4963126230726,65.6566873769273,69.5765,0.840173573302452,61.9069900537291,67.4352000000001,69.3820131984151,2.12916341403202,1.73974771668471
"6353708","2020-04-29",14.3557493537653,0.600676818950931,0.668922729836429,0.582421296560342,73.5992317131493,66.0767682868507,69.838,0.752842704871204,59.3801651674876,67.9772000000001,69.6124114386265,2.13325904253256,1.81844998185428
"6353707","2020-04-30",13.8672429946488,0.578483245149912,0.629375971733551,0.625659634871886,73.2981466632523,66.9978533367476,70.148,0.697133678645575,58.2990660139645,68.3600000000001,69.7760899134763,2.08048171615893,1.87085632871521
"6353706","2020-05-01",13.0369386869639,0.470899470899471,0.550019845000098,0.616106182190025,72.9573854517705,67.7922812148961,70.3748333333333,0.570053442629522,55.8261325982308,68.6660000000001,69.8366112583461,1.94544120026607,1.88577330302539
"6353705","2020-05-04",12.3572751914863,0.34920634920635,0.466196355085238,0.548530723939628,72.6206033611004,68.4433966388995,70.532,0.418127106761964,53.083219670659,68.9520000000001,69.7970630905666,1.73871184987389,1.85636101239509
"6353704","2020-05-05",12.7877348264748,0.637535816618911,0.485880545574904,0.500698915220079,72.8648493732841,68.6271506267158,70.746,0.997282477910894,60.5546367996039,69.2780000000001,70.0921213451577,1.83832035733023,1.85275288138211
"6353703","2020-05-06",12.6713436125259,0.386281588447653,0.457674584757632,0.469917161805924,72.9791067773877,68.6262265559455,70.8026666666666,0.749030514246704,57.1051308636153,69.4852000000001,70.2318384991367,1.79550880706323,1.84130406651834
"6353702","2020-05-07",13.2817682709002,0.680395387149918,0.568070930738821,0.503875353690451,73.467874023539,68.4024593097942,70.9351666666666,1.06096097961925,62.383570620686,69.8500000000001,70.6182600325851,1.96591142002025,1.86622553721872
"6353701","2020-05-08",14.0407442456001,0.772865853658535,0.613180943085362,0.546308819527271,74.0420367229367,68.1026299437298,71.0723333333333,1.08833036079741,64.5995632079564,70.2000000000001,71.0784920282405,2.18018431359783,1.92901729249454
"6353700","2020-05-11",14.5825143461164,0.734756097560974,0.729339112789803,0.636863662204661,74.5503670131684,67.9959663201649,71.2731666666666,0.973498668354664,63.5276724742235,70.4988000000001,71.4440264244751,2.29242173365964,2.00169818072756
"6353699","2020-05-12",14.9166386715851,0.671074380165288,0.726232110461593,0.689584055445585,74.9462199957869,67.9414466708796,71.4438333333333,0.891090456883026,62.4124113076458,70.7204000000001,71.7274895678784,2.32452392485869,2.06626332955379
"6353698","2020-05-13",14.4311365309253,0.467768595041322,0.624533024255855,0.693368082502416,75.0350683834571,68.2452649498762,71.6401666666666,0.705185125062149,57.1010312992671,70.8060000000001,71.8091576254946,2.18575117817754,2.09016089927854
"6353697","2020-05-14",13.5470699275166,0.254152823920264,0.464331933042285,0.60503235591991,74.867309450546,68.7390238827873,71.8031666666666,0.485341196597312,52.1647818207225,70.8412000000001,71.7106032754287,1.91110238723144,2.05434919686912
"6353696","2020-05-15",12.6961879135645,0.290697674418605,0.33753969779339,0.475468218363843,74.8925942134089,68.8424057865911,71.8675,0.524654879508465,52.9239823617514,70.8528000000001,71.6545228387048,1.69870516690864,1.98322039087702
"6353695","2020-05-18",12.0985198379018,0.466777408637872,0.337209302325574,0.379693644387082,74.977084229801,68.9735824368656,71.9753333333333,0.643471820787487,56.5058342439605,70.9588000000001,71.7472531268775,1.63086798145065,1.91274990899175
"6353694","2020-05-19",11.2349400898553,0.383720930232556,0.380398671096338,0.3517158904051,74.926423914597,69.3242427520696,72.1253333333333,0.581158865355505,54.4031187006182,71.0236,71.7609527099605,1.50342530928407,1.83088498905021
"6353693","2020-05-20",10.4330446095264,0.485049833887041,0.445182724252484,0.387596899224798,74.8587216587161,69.7266116746171,72.2926666666666,0.626133955690548,56.5284977549556,71.1792000000001,71.8541590152991,1.45414537981525,1.75553706720322
"6353692","2020-05-21",9.95368463495172,0.41860465116279,0.429125138427456,0.418235511258759,74.8023365579488,69.9783301087178,72.3903333333333,0.488875083971916,54.7270641994649,71.3592,71.8816044799259,1.35442169201745,1.67531399216607
"6353691","2020-05-22",10.1165938834506,0.00445434298441207,0.302702942678075,0.392336935119338,74.7154880479967,70.1765119520032,72.446,0.286442291646144,50.5224010183512,71.3976,71.7760572159358,1.15316098249822,1.5708833902325
"6353690","2020-05-26",9.95449782884782,0.307349665924278,0.243469553357154,0.325099211487561,74.7799649120107,70.2200350879893,72.5,0.636698010142543,55.6654771893611,71.4892,71.865916253811,1.13346661109126,1.48340003440425
"6353689","2020-05-27",10.3248380347254,0.654788418708242,0.322197475872304,0.28945665730251,75.0474774126262,70.1775225873737,72.6125,0.886211659208946,60.7104802475835,71.6832,72.1517940866362,1.27757030989051,1.4422340895015
"6353688","2020-05-28",11.1269248688115,0.760299625468165,0.574145903366888,0.379937644198781,75.5171531095487,70.0895135571179,72.8033333333333,1.00728006285905,63.8877363038363,71.9284,72.548888208418,1.49790496698161,1.45336826499752
"6353687","2020-05-29",11.3737689805509,0.61694290976059,0.677343651312326,0.524562343517172,75.7991091266303,70.1798908733696,72.9894999999999,0.87795886146636,60.5451701644116,72.1168,72.798369780629,1.57376142859105,1.47744689771623
"6353686","2020-06-01",11.0766918643812,0.471454880294659,0.616232471841132,0.622574008840115,75.8657434422716,70.4935898910616,73.1796666666666,0.753219369172162,56.9733646518348,72.2816,72.9092538098785,1.52808078475732,1.48757367512445
"6353685","2020-06-02",11.2503239154132,0.816993464052287,0.635130418035839,0.642902180396431,76.1693931633209,70.8152735033457,73.4923333333333,1.05116437199943,64.0313378124935,72.4572,73.330686635228,1.74026477388982,1.53811189487752
"6353684","2020-06-03",12.1488667071244,0.81592689295039,0.701458412432439,0.650940434103136,76.9849741334014,70.4933591999319,73.7391666666666,1.12401010763101,67.0163505761591,72.68,73.8625950838643,2.01923130175896,1.63433577625381
"6353683","2020-06-04",13.0987785265949,0.778481012658228,0.803800456553629,0.713463095673968,77.6182560241029,70.453743975897,74.0359999999999,1.02862404415689,66.6352055065406,72.9252,74.312915739349,2.20269889961426,1.7480084009259
"6353682","2020-06-05",13.9808395018176,0.851898734177215,0.815435546595271,0.773564805193779,78.2636298570431,70.2487034762902,74.2561666666666,0.989565736094109,68.0537786026215,73.2044,74.7805269741025,2.38043009693809,1.87449274012834
"6353681","2020-06-08",14.4885305532478,0.803797468354431,0.811392405063284,0.810209469404061,78.7394994721664,70.1088338611669,74.4241666666666,0.905820380242311,66.0717081564026,73.4928,75.1351233775555,2.44951343097084,1.98949687829684
"6353680","2020-06-09",14.4396270374896,0.721518987341773,0.792405063291133,0.806411004983229,79.0707559935294,70.0740106731372,74.5723833333333,0.807735360741099,62.7073683025943,73.7828,75.3557735938814,2.40539937298778,2.07267737723503
"6353679","2020-06-10",14.4950217801147,0.818987341772153,0.781434599156112,0.795077355836843,79.480383868808,70.0370494645252,74.7587166666666,0.833704515632125,64.9821309664777,74.0048,75.6496704480306,2.42367029850485,2.14287596148899
"6353678","2020-06-11",14.8463908808772,0.30379746835443,0.614767932489445,0.729535864978896,79.5069290951001,70.1971709048999,74.85205,0.505150509714687,48.234333260099,74.0988,75.3617143882932,1.98076384681527,2.11045353855425
"6353677","2020-06-12",15.6741382754325,0,0.374261603375521,0.590154711673692,79.4206495299725,70.4424504700274,74.93155,0.31864774262684,44.585694918652,74.0652,74.9521524698541,1.48343726221054,1.98505028328551
"6353676","2020-06-15",16.5827229969263,0,0.101265822784803,0.363431786216589,79.3719081122611,70.5660252210722,74.9689666666666,0.249716559497751,43.5509259119327,73.98,74.5505321405402,1.03843464828584,1.79572715628557
"6353675","2020-06-16",15.6579205670017,0.22695035460993,0.0756501182033037,0.183725848121209,79.3618735315369,70.772726468463,75.0673,0.469267417971981,49.3392891100523,73.9688,74.4157945218015,0.848724885394647,1.60632670210739
"6353674","2020-06-17",14.7991754535003,0.228368794326241,0.151773049645384,0.10956299687783,79.3111659847963,70.9681006818703,75.1396333333333,0.366599789614939,49.3742301070144,73.968,74.300355252228,0.6914451930077,1.42335040028745
"6353673","2020-06-18",14.0749155911523,0.208510638297872,0.221276595744675,0.149566587864453,79.2787550013134,71.0920116653532,75.1853833333333,0.337495414386621,48.866089018466,74.0108000000001,74.1816412185976,0.545240345815823,1.24772838939313
"6353672","2020-06-19",13.9122450368601,0.0680851063829793,0.168321513002358,0.180457052797472,79.218074827749,71.2383585055843,75.2282166666667,0.24499302341348,45.3145735055646,74.0648000000001,73.9467557227846,0.317622771658055,1.06170726584611
"6353671","2020-06-22",13.4247949590576,0.0269503546099288,0.10118203309692,0.16359338061465,79.0435532387576,71.583213427909,75.3133833333333,0.214036707787624,44.2989172854478,74.0984000000001,73.7045216264133,0.103848004520257,0.87013541358094
"6353670","2020-06-23",12.4960901369749,0.377304964539007,0.157446808510632,0.142316784869969,79.0070199873585,71.8164133459748,75.4117166666666,0.455258758723485,53.7974844205931,74.1884000000001,73.8239187428915,0.202506640993527,0.736609659063458
"6353669","2020-06-24",12.2459100174496,0.222701149425287,0.208985489524734,0.155871443710761,79.0104492505323,71.7786507494677,75.39455,0.327905879869747,49.6961261796967,74.2540000000001,73.7793962438393,0.157326361239107,0.620752999498588
"6353668","2020-06-25",12.6011733007338,0.0517241379310343,0.217243417298436,0.194558571777933,79.0362680395933,71.4864986270733,75.2613833333333,0.186341413808877,45.6758061649845,74.2476000000001,73.5821434113274,-0.00885830970956958,0.494830737656956
"6353667","2020-06-26",12.931060635212,0.0959520239880061,0.123459103781436,0.183229336868201,79.0540893879838,71.2630106120162,75.15855,0.230219216905265,46.7670317095616,74.2684000000001,73.4485242898171,-0.108840059072235,0.374096578311118
"6353666","2020-06-30",12.213482970574,0.373313343328337,0.173663168415786,0.171455229831885,79.0707429160239,71.2996904173094,75.1852166666667,0.485602550831843,53.424071268119,74.4020000000001,73.5793877178415,0.0149989222775648,0.302277047104407
"6353665","2020-07-01",12.2436366240751,0.541095890410958,0.336787085909094,0.211303119368771,79.0239765950378,71.3014567382956,75.1627166666667,0.607557724949259,55.5901180434669,74.5080000000001,73.7821360221293,0.184175004951803,0.278656638673887
"6353664","2020-07-02",12.2716364451832,0.748287671232877,0.554232301657384,0.354894185327421,78.8507389726135,71.3673610273865,75.10905,0.714824999944312,59.2737480495922,74.6000000000001,74.1191845525121,0.444529782714165,0.311831267481942
"6353663","2020-07-06",12.699782796887,0.754276827371696,0.681220129671837,0.524079839079438,78.7578038626016,71.4096294707317,75.0837166666667,0.803878198981037,60.6675092883639,74.6664000000001,74.4752932788438,0.693636251752627,0.388192264336079
"6353662","2020-07-07",12.1274053905792,0.495192307692308,0.665918935432287,0.633790455587169,78.3951564847236,71.5539435152764,74.97455,0.649405766379651,54.1409684869068,74.6984,74.5745875083313,0.711970110358262,0.452947833540516
"6353661","2020-07-08",11.7066819162082,0.637820512820513,0.629096549294832,0.658745204799651,78.1530763269028,71.6693570064305,74.9112166666667,0.769719160700178,56.9671621408651,74.7976,74.7793091738871,0.81301671549423,0.524961609931259
"6353660","2020-07-09",11.2037287122529,0.60897435897436,0.580662393162387,0.625225959296501,77.9853539197214,71.7406460802785,74.863,0.742391910972365,56.2126293472527,74.792,74.9327346173688,0.86326937079404,0.592623162103815
"6353659","2020-07-10",11.1126046719337,0.802884615384615,0.683226495726489,0.630995146061235,77.8675748794311,71.8077584539022,74.8376666666666,0.923390163414516,60.0438303008445,74.7848,75.2270366683863,1.02079497273928,0.678257524230908
"6353658","2020-07-13",11.3786573530192,0.767080745341615,0.72631323990019,0.663400709596355,78.2271468228988,71.7151865104345,74.9711666666666,0.899086175073731,59.7183004216647,74.778,75.4727651126015,1.12418358760735,0.767442736906197
"6353657","2020-07-14",11.5882627260548,0.752791068580543,0.774252143102251,0.727930626242976,78.5104735393107,71.8465264606893,75.1785,0.840864051469919,59.4702847444165,74.7460000000001,75.679063097588,1.18637234387138,0.851228658299233
"6353656","2020-07-15",12.6682085224927,0.771021992238034,0.763631268720057,0.754732217240832,78.9845725849787,71.9809274150213,75.48275,0.980785350811903,63.5169660748595,74.7788,76.0231880179096,1.35107190976742,0.951197308592871
"6353655","2020-07-16",13.7457926548038,0.854245880861851,0.79268631389347,0.776856575238592,79.5948111199344,71.8326888800655,75.71375,0.977908388801157,65.8282349244549,74.8688,76.4254296155216,1.54463832452907,1.06988551178011
"6353654","2020-07-17",14.7464064919498,0.886990801576873,0.83741955822558,0.797912380279701,80.128959561266,71.8508737720673,75.9899166666666,0.930061178875264,66.6735842405103,74.9396,76.8127056667854,1.70688511135335,1.19728543169476
"6353653","2020-07-20",15.3301178364472,0.784722222222223,0.841986301553642,0.824030724557563,80.5189757764907,72.0056908901759,76.2623333333333,0.857206418040641,64.4245780116823,75.158,77.0976782445474,1.77357771412081,1.31254388817997
"6353652","2020-07-21",16.1364194699977,0.767657992565056,0.813123672121377,0.830843177300199,80.8405305192185,72.3294694807815,76.585,0.859727964919983,65.3519932533729,75.4356000000001,77.3819878119411,1.83338872991403,1.41671285652678
"6353651","2020-07-22",16.8851281297232,0.783269961977186,0.778550058921482,0.8112200108655,81.0540807273346,72.758585939332,76.9063333333333,0.825518055564177,65.7299638950381,75.7316,77.6430561036823,1.86959506251618,1.50728929772466
"6353650","2020-07-23",17.7947191279753,0.80871212121212,0.786546691918114,0.79274014098699,81.3887884507324,72.8975448826009,77.1431666666666,0.816031447981482,66.270314156725,75.9696,77.889315289858,1.89108483072884,1.5840484043255
"6353649","2020-07-24",18.7975497890058,0.867354298903635,0.819778794030974,0.794958514956856,81.6708293724348,73.2280239608985,77.4494266666666,0.834696015790225,68.2134003266147,76.2288,78.1747399178769,1.94055640045647,1.65535000355169
"6353648","2020-07-27",19.9676757881105,0.719465648854962,0.798510689656899,0.801612058535328,81.6402733960153,73.9882466039846,77.81426,0.810471991874661,65.7217132257724,76.4804,78.3781079288266,1.92264134710256,1.70880827226187
"6353647","2020-07-28",20.7133951663969,0.666030534351145,0.75095016070324,0.78974654813037,81.4132331466624,74.9086201866709,78.1609266666666,0.781196336289892,63.5989454117837,76.7604,78.5170268716497,1.85771347241079,1.73858931229165
"6353646","2020-07-29",22.7643270347742,0.584302325581396,0.656599502929161,0.735353451096433,81.84301046255,75.1708428707833,78.5069266666666,1.02252984037284,69.6973460351059,77.1168,78.8534232887631,1.94914413311309,1.78070027645594
"6353645","2020-07-30",24.668763769696,0.747093023255813,0.665808627729445,0.691119430453948,82.4366623954542,75.247190937879,78.8419266666666,1.03570094677942,73.0579704956948,77.4192,79.2943001835947,2.10968609848925,1.8464974408626
"6353644","2020-07-31",26.8540020389999,0.714467005076142,0.681954117971111,0.668120749543238,83.1418613553269,75.2103253113398,79.1760933333333,1.03254585785673,74.3958365932091,77.7856,79.7417268257821,2.25808351701065,1.92881465609221
"6353643","2020-08-03",29.1915707068314,0.793963254593177,0.751841094308371,0.699867946669641,84.1204814276678,74.9833719056655,79.5519266666666,1.07801722239937,78.3229941646314,78.266,80.3508299156778,2.51083499147082,2.04521872316793
"6353642","2020-08-04",31.8163260026888,0.607594936708861,0.705341732126053,0.713045648135178,84.9426201943804,75.0982331389529,80.0204266666667,1.04307494919682,77.7044365821802,78.7320000000001,80.8680525935874,2.66836055728075,2.1698470899905
"6353641","2020-08-05",33.6474005453782,0.543153049482163,0.648237080261394,0.701806635565272,85.4329260876888,75.3842605789779,80.4085933333333,0.899529668543526,73.3382326473839,79.1016,81.2416455811091,2.7035735769356,2.27659238737952
"6353640","2020-08-06",35.3476840493041,0.578826237054085,0.576524741081697,0.643367851156381,85.7514215653023,75.8620984346977,80.80676,0.85727824375216,74.2023961505099,79.4568,81.6067595036279,2.72883768027548,2.36704144595871
"6353639","2020-08-07",37.1081237690592,0.626634958382877,0.582871414973036,0.602544412105375,86.1711310997803,76.190722233553,81.1809266666667,0.871301421582026,75.6293205263148,79.7844,81.9925249031442,2.76632209298373,2.44689757536371
"6353638","2020-08-10",38.8433549638976,0.645783132530121,0.617081442655688,0.592159199570139,86.5437343019979,76.5744523646688,81.5590933333333,0.85852532032589,76.1751575133687,80.1008,82.353521582725,2.78165709531966,2.5138494793549
"6353637","2020-08-11",40.644859210902,0.701946472019464,0.658121520977481,0.619358126202067,86.8891352462128,77.0522180871205,81.9706766666667,0.877251321728365,77.5045140350584,80.4996,82.7317187050283,2.80746067289752,2.57257171806343
"6353636","2020-08-12",42.4102937210399,0.795620437956204,0.71445001416859,0.663217659267252,87.3880767113616,77.2989432886384,82.34351,0.892814377669012,79.4453990652405,80.8936,83.1621562110245,2.86759565103776,2.63157650465829
"6353635","2020-08-13",43.1160004214326,0.705596107055961,0.73438767234387,0.702319735829979,87.6914280853306,77.6079252480027,82.6496766666667,0.787299963785969,72.9328185394272,81.2652,83.4365353828879,2.80936652545676,2.66713450881799
"6353634","2020-08-14",44.0910115577057,0.745742092457421,0.748986212489855,0.732607966334104,88.0161600540704,77.9348599459296,82.97551,0.806622819825641,73.9580564390059,81.6016,83.7183306651695,2.76206605360487,2.68612081777536
"6353633","2020-08-17",44.9963790413879,0.76969696969697,0.740345056403444,0.741239647079055,88.2865994307093,78.3747539026241,83.3306766666667,0.810334739507813,75.6721368105772,81.9636,84.0385532431469,2.74644214012014,2.69818508224432
"6353632","2020-08-18",45.8992667341107,0.748175182481753,0.754538081545375,0.747956450146224,88.5187695468451,78.8335837864881,83.6761766666666,0.797411951744935,76.0884341813591,82.3332,84.3347461440607,2.71479917187072,2.7015079001696
"6353631","2020-08-19",46.9494750782361,0.852652259332023,0.790174803836909,0.761685980595242,88.7584829757224,79.3572036909442,84.0578433333333,0.838481239656284,78.1846737887413,82.6824,84.6887799915193,2.72653827067073,2.70651397426983
"6353630","2020-08-20",47.0200816617149,0.65110565110565,0.750644364306469,0.765119083229583,88.7952795449776,79.9977404550224,84.39651,0.750466633619838,71.9501770891149,82.9736,84.90627599265,2.64038241043594,2.69328766150305
"6353629","2020-08-21",46.7485279053962,0.587223587223588,0.696993832553747,0.745937666899041,88.7441875115387,80.6569791551279,84.7005833333333,0.704778121243849,69.6298021790263,83.2428,85.0601058602967,2.51778077976619,2.65818628515568
"6353628","2020-08-24",46.6360911151093,0.675675675675677,0.638001638001632,0.695213278287282,88.5818897752705,81.4689435580628,85.0254166666666,0.733553010141018,71.0232472232024,83.5416,85.2414250789238,2.4262687399814,2.61180277612082
"6353627","2020-08-25",46.7453529029309,0.776595744680853,0.679831669193366,0.671609046582914,88.2055147476017,82.5609852523982,85.38325,0.812411631149269,72.8142914153021,83.8484,85.462568401734,2.37114683905775,2.56367158870821
"6353626","2020-08-26",46.6151006441292,0.691358024691358,0.714543148349289,0.677458818514762,88.0743886970661,83.1951113029339,85.63475,0.784587905373706,71.2337502050588,84.1444,85.6328926148361,2.28537343489068,2.5080119579447
"6353625","2020-08-27",46.7791596531275,0.75438596491228,0.740779911428157,0.71171824299027,88.0520022920088,83.7041643746578,85.8780833333333,0.886839780745877,73.3372954477001,84.456,85.8525069328579,2.24178549854894,2.45476666606555
"6353624","2020-08-28",47.2986668922599,0.67208672086721,0.705943570156943,0.720422209978129,88.1716452171301,84.0518547828699,86.11175,0.976136678463256,74.7721390604518,84.7616,86.0948393418102,2.2175050152359,2.40731433589962
"6353623","2020-08-31",47.8896535627742,0.72051282051282,0.715661835430764,0.720795105671954,88.4876323836189,84.0918676163811,86.28975,0.978547748735703,76.0532018009272,85.0948,86.3528607629022,2.20564620235524,2.36698070919074
"6353622","2020-09-01",48.6940059912041,0.577951002227172,0.656850181202394,0.692818528930033,88.7880759810776,84.0994240189224,86.44375,0.927183907620645,73.6478924619742,85.4306000000001,86.5478126611819,2.15059252058702,2.32370307147
"6353621","2020-09-02",49.9651814591513,0.727433628318583,0.675299150352852,0.682603722328669,89.4016022187573,84.0608977812426,86.73125,1.1444998733042,79.608018645989,85.7754,86.9627709730243,2.25160051494582,2.30928256016516
"6353620","2020-09-03",48.963888009994,0.363813229571985,0.556399286705907,0.62951620608705,89.5455689604804,84.3699310395195,86.95775,0.869471363569613,64.8068660374247,86.0062,87.0917348432878,2.14530199670768,2.27648644747367
"6353619","2020-09-04",46.8552021578511,0.1284046692607,0.406550509050416,0.546082982036391,89.5128723956076,84.675294271059,87.0940833333333,0.607336767827079,56.8459635494266,86.169,87.0421701975161,1.92665800944634,2.2065207598682
"6353618","2020-09-08",44.4931564580679,0.0389105058365764,0.177042801556414,0.379997532437578,89.4290255923841,84.9238077409491,87.1764166666666,0.412009434451576,54.1239641404295,86.247,86.9378808378473,1.69132250021669,2.1034811079379
"6353617","2020-09-09",43.5811040921258,0.245136186770426,0.137483787289228,0.240359032632018,89.4975500704146,85.1147832629186,87.3061666666666,0.721435463629994,58.9963696032733,86.3706000000001,86.9888300594676,1.58497247500491,1.9997793813513
"6353616","2020-09-10",42.734198323751,0.488326848249025,0.257457846952003,0.190661478599214,89.697455576448,85.1828777568852,87.4401666666666,0.842556948137797,63.8696216954267,86.5666000000001,87.1996527182053,1.59790058551643,1.91940362218433
"6353615","2020-09-11",42.3150989264223,0.540485829959515,0.424649621659649,0.273197085300292,89.8881935967978,85.3868064032021,87.6375,0.912280315715514,65.1540961537293,86.7646,87.4303656891112,1.62209109679001,1.85994111710546
"6353614","2020-09-14",42.4114461372604,0.818018018018017,0.615610232075513,0.432572566895721,90.4917504045307,85.2902495954693,87.891,1.12398657345443,70.9344596999399,87.0166000000001,87.8796502638964,1.79171251169148,1.84629539602267
"6353613","2020-09-15",43.0842245653745,0.654320987654321,0.670941611877278,0.570400488537479,91.1958760304855,85.1324573028478,88.1641666666666,1.11117885796701,71.5593641736722,87.2698000000001,88.2996968953769,1.92300272771488,1.86163686236111
"6353612","2020-09-16",44.1329252328819,0.569073561790774,0.680470855821031,0.65567423325794,91.9576026599734,84.9722806733599,88.4649416666666,1.08797933837137,72.3119368083916,87.5142000000001,88.6997373093266,2.02646740011634,1.89460296991216
"6353611","2020-09-17",44.2755482672575,0.462936826059956,0.562110458501677,0.637840975399994,92.2956683401375,85.0272149931958,88.6614416666666,0.845129591344064,65.7853368127776,87.6902000000001,88.9211056680831,1.99874034931653,1.91543044579303
"6353610","2020-09-18",44.7077989043957,0.502455823406536,0.511488737085749,0.584690017136151,92.6579599440606,85.1785900559394,88.918275,0.876822073092401,66.9803543664239,87.9098000000001,89.1596249123387,1.98491411214496,1.92932717906342
"6353609","2020-09-21",42.7312086417698,0.119686106249646,0.361692918572039,0.478430704719821,92.5811085634844,85.4529414365155,89.017025,0.403852095338741,49.0944546023781,87.9806000000001,88.9143415906935,1.64784527281341,1.87303079781342
"6353608","2020-09-22",40.8958033979029,0.290182351944899,0.30410809386702,0.392429916508269,92.5396054568727,85.7397778764606,89.1396916666667,0.500045344286997,54.8746894963478,88.0890000000001,88.9030960452677,1.50044877258855,1.79851439276844
"6353607","2020-09-23",39.5579587586276,0.269858296166657,0.226575584787061,0.297458865742039,92.5226079306732,85.9731087359934,89.2478583333333,0.509488002795262,54.0862873374868,88.1846000000001,88.8693499058987,1.3517465737682,1.70916082896839
"6353606","2020-09-24",37.753256722587,0.168238017275447,0.242759555128994,0.257814411261024,92.456027713541,86.1900222864589,89.323025,0.372908132206301,50.2024973433039,88.2150000000001,88.7201032517789,1.13902744161563,1.59513415149784
"6353605","2020-09-25",36.3525275859999,0.263083610907243,0.233726641449776,0.234353927121943,92.4367917049759,86.3822582950241,89.409525,0.480258594361125,53.5547110432406,88.3058000000001,88.7027561515417,1.03496920200361,1.48310116159899
"6353604","2020-09-28",35.673568282455,0.46944141602001,0.30025434806756,0.258913514882109,92.6534799592919,86.4965700407081,89.575025,0.793703880233038,61.4966409630848,88.5026000000001,89.0063886646695,1.15620381890968,1.41772169306113
"6353603","2020-09-29",34.9881067484339,0.459180401462196,0.397235142796476,0.310405377437936,92.837171629479,86.6042117038543,89.7206916666667,0.754449734784881,61.1198991877514,88.6818000000001,89.2588701760469,1.22998892797228,1.38017514004336
"6353602","2020-09-30",33.70287950277,0.337330853588149,0.421984223690112,0.373157904851382,92.9198889078309,86.7464944255024,89.8331916666667,0.639870374794894,56.6793607803378,88.8038000000001,89.3510208192406,1.1884413543596,1.34182838290661
"6353601","2020-10-01",31.8379364323089,0.200089783877381,0.332200346309235,0.38380657093194,92.8946004379319,86.7287828954014,89.8116916666666,0.488913338278047,52.0890285882343,88.8894000000001,89.2882180433419,1.04674162826894,1.28281103197908
"6353600","2020-10-02",29.7846099466422,0.130827935612135,0.222749524359215,0.32564469811952,92.8940690558538,86.7349809441462,89.814525,0.35584581398574,49.892925090603,88.9318000000001,89.1617889708963,0.8755370252995,1.20135623064316
"6353599","2020-10-05",28.4551019702182,0.3732444045405,0.234720708009999,0.263223526226149,92.8830850873741,87.0396315792925,89.9613583333333,0.600735235739032,56.7637283068315,89.0342000000001,89.3042171081101,0.900466868983707,1.14117835831127
"6353598","2020-10-06",26.5994793568283,0.290571870170016,0.264881403440877,0.240783878603363,92.6509509098468,87.5857657568199,90.1183583333333,0.46083887807837,52.535833345895,89.0810000000001,89.2903214936955,0.817574335448135,1.07645755373864
"6353597","2020-10-07",24.9104135573741,0.403400309119012,0.355738861276503,0.285113657575792,92.615093634696,87.8366230319706,90.2258583333333,0.542023557332094,55.0889841841602,89.1656000000001,89.3756119612027,0.808506159931355,1.02286727497719
"6353596","2020-10-08",23.5767643909324,0.62422997946612,0.439400719585043,0.353340328100807,92.6520558657505,87.9856608009161,90.3188583333333,0.613108368665752,56.5708940219521,89.1936000000001,89.506863699709,0.830412645131573,0.984376349008063
"6353595","2020-10-09",22.7830663948577,0.835051546391753,0.620893944992288,0.47201117528461,92.8666692225965,88.0283807774034,90.447525,0.834651744104947,61.189366448367,89.3484000000001,89.8126152064145,0.965895358215185,0.980680150849488
"6353594","2020-10-12",22.473290750526,0.83008849557522,0.763123340477691,0.607806001685007,93.1364553707604,87.9209279625729,90.5286916666666,0.927820267961887,63.0691544875105,89.5772000000001,90.1629331788926,1.11682235991732,1.00790859266306
"6353593","2020-10-13",22.5285509833719,0.672985781990522,0.779375274652492,0.721130853374156,93.2861881510266,87.8541951823067,90.5701916666666,0.892085988622934,60.9337069130954,89.8072000000001,90.4092087550402,1.18340742435379,1.0430083590012
"6353592","2020-10-14",22.7578855618503,0.750819672131148,0.75129798323229,0.764598866120823,93.4764187717044,87.7494145616289,90.6129166666666,0.991312717223047,63.7323585251364,90.0312000000001,90.7439809210349,1.30147080930343,1.09470084906165
"6353591","2020-10-15",22.7579030495666,0.709836065573771,0.711213839898474,0.747295699261084,93.7651397625785,87.6536935707548,90.7094166666666,0.891164915520595,62.4095977193997,90.1952000000001,91.0007834648969,1.35627710095965,1.14701609944125
"6353590","2020-10-16",22.7579192881602,0.734426229508196,0.731693989071032,0.731401937400598,93.9990383306868,87.5661283359799,90.7825833333333,0.875788977096799,62.9070468454652,90.3508000000001,91.2433456695773,1.39623288410584,1.19685945637417
"6353589","2020-10-19",22.2406545485296,0.640983606557377,0.695081967213108,0.712663265394204,94.1298627086065,87.8821372913935,91.006,0.787144501430459,59.6753193686786,90.4088000000001,91.377566246967,1.36138502983909,1.22976457106715
"6353588","2020-10-20",22.3654903380642,0.695121951219512,0.690177262428355,0.705651072904164,94.4175646729073,88.0371019937593,91.2273333333333,0.866640077839273,62.0684126866326,90.4836000000001,91.5805574140381,1.37492779145318,1.25879721514436
"6353587","2020-10-21",22.7008434849234,0.741007194244603,0.692370917340491,0.692543382327317,94.7606968024524,88.1719698642142,91.4663333333333,0.898205403147006,64.1482184508903,90.5712000000001,91.835149758833,1.42065098182935,1.29116796848136
"6353586","2020-10-22",22.8044105477538,0.669950738916255,0.702026628126784,0.694858269298542,94.8653966023349,88.5852700643317,91.7253333333333,0.815492581454149,62.8277583240701,90.6880000000001,92.0277964576553,1.42149129095019,1.31723263297512
"6353585","2020-10-23",23.3711688628865,0.771474878444083,0.727477603868307,0.707291716445193,95.1244148090433,88.8402518576233,91.9823333333333,0.889497644409999,65.3173454188275,90.8180000000001,92.2854235966346,1.46428960344549,1.3466440270692
"6353584","2020-10-26",23.3254481195753,0.636948529411763,0.69279138225736,0.707431871417483,95.3427741524304,88.8725591809029,92.1076666666666,0.775467405824479,61.6242988708418,91.0610000000001,92.4333671170833,1.43182971384364,1.36368116442408
"6353583","2020-10-27",23.3842003324669,0.760479041916167,0.722967483257331,0.714412156460998,95.6335464435084,88.8971202231582,92.2653333333333,0.82579094535865,64.5824019180641,91.2746000000001,92.6649181681389,1.45649505749057,1.38224394303738
"6353582","2020-10-28",23.3814680245926,0,0.465809190442637,0.627189351985775,95.6392757214491,88.8790576118842,92.2591666666666,0.250624416844178,41.9992279291542,91.2946000000001,92.196262412387,1.02630951804987,1.31105705803988
"6353581","2020-10-29",23.7594246558703,0,0.253493013972049,0.480756562557338,95.7300579177124,88.7109420822876,92.2205,0.0369074857555399,39.3153931938968,91.3142000000001,91.6687607574021,0.597419302972324,1.16832950702637
"6353580","2020-10-30",24.6127062600319,0,-6.88338275267597e-15,0.239767401471559,95.901205195814,88.4327948041859,92.167,-0.0771420030914599,35.7224478896342,91.2470000000001,91.0342593230818,0.136590745073506,0.961981754635796
"6353579","2020-11-02",25.1342357784991,0.121749408983452,0.0405831363278103,0.0980253834332833,96.0527284193981,88.0926049139352,92.0726666666666,0.071698437719772,40.274605367291,91.1254000000001,90.6216914133376,-0.137474262931103,0.742090551122417
"6353578","2020-11-03",26.5751345549387,0,0.0405831363278103,0.0270554242185371,96.3538752625083,87.5247914041583,91.9393333333333,-0.0307458933656185,33.0945267075197,90.8898000000001,89.8734658915592,-0.61165094021236,0.471342252855461
"6353577","2020-11-04",27.9131119902041,0.143822393822393,0.0885239342686081,0.0565634023080754,96.5774082128579,87.0082584538087,91.7928333333333,0.0510398755538449,39.0457373448539,90.7518000000001,89.4236704393513,-0.846467461478417,0.207780309988686
"6353576","2020-11-05",29.1555196086647,0.179536679536679,0.107786357786351,0.0789644761275889,96.7448781585699,86.51312184143,91.629,0.103293914144492,40.4619816907222,90.6714000000001,89.0831810474378,-0.988993887893819,-0.0315745295878153
"6353575","2020-11-06",30.322242781784,0.175675675675675,0.166344916344909,0.120885069466622,96.8212761588561,85.9753905078105,91.3983333333333,0.136267601657807,40.3528248393888,90.6110000000001,88.7827569077795,-1.09386279813816,-0.244032183297884
"6353574","2020-11-09",28.5060953689284,0.214768339768339,0.189993564993558,0.154708279708272,96.6874129990642,85.748920334269,91.2181666666666,0.311537104501174,42.0572680424023,90.4912000000001,88.5763893200755,-1.12771258642814,-0.420768263923935
"6353573","2020-11-10",27.0423507458474,0.167953667953667,0.186132561132554,0.180823680823673,96.6136482095026,85.3006851238306,90.9571666666666,0.19263873307688,40.5624503332451,90.3932000000001,88.3328707440655,-1.18562580806912,-0.573739772752973
"6353572","2020-11-11",25.3346305752596,0.26061776061776,0.214446589446582,0.196857571857564,96.3498270543699,85.0555062789634,90.7026666666666,0.290514184336612,44.7485094070527,90.3044000000001,88.2498213115234,-1.13100649852302,-0.685193117906983
"6353571","2020-11-12",23.9840077552452,0.222333000997008,0.216968143189471,0.205849097922868,96.1017546443581,84.7872453556419,90.4445,0.278352443809972,43.1463709794065,90.1796000000001,88.1151784699869,-1.11800506670733,-0.771755507667052
"6353570","2020-11-13",22.2733260702288,0.206111665004984,0.22968747553991,0.22036740272532,95.7862732449085,84.5932134217581,90.1897433333333,0.313734876824787,42.5780655974091,89.9906920000001,87.9767946739887,-1.11004012747837,-0.839412431629317
"6353569","2020-11-16",21.2061669530417,0.488703923900119,0.30571619663403,0.250790605121136,95.5077264213791,84.5717602452874,90.0397433333333,0.478077535219757,51.2584430926548,89.857892,88.1292220507902,-0.905948128653478,-0.852719571034149
"6353568","2020-11-17",20.0270681740427,0.474342928660825,0.389719505855303,0.308374392676413,95.053204981168,84.5932816854986,89.8232433333333,0.443921513563156,49.9837097306174,89.7294920000001,88.2186591106848,-0.764729822550203,-0.83512162133736
"6353567","2020-11-18",19.8132679498875,0.570713391739674,0.511253414766866,0.402229705752065,94.4970122914806,84.775474375186,89.6362433333333,0.573420139160321,53.0117958241386,89.595492,88.3988378959269,-0.575820477839695,-0.783261392637827
"6353566","2020-11-19",19.3211693644617,0.511889862327909,0.518982060909462,0.473318327177209,93.917336227257,84.9411504394095,89.4292433333333,0.515309769269641,50.9828400408937,89.452692,88.4923261764699,-0.463748804729591,-0.71935887505618
"6353565","2020-11-20",18.7114019380429,0.481852315394242,0.521485189820601,0.517240221832309,93.0414006529005,85.3220860137661,89.1817433333333,0.538637713399406,49.9319040616454,89.294292,88.5413493529406,-0.392301780140092,-0.653947456072962
"6353564","2020-11-23",17.8975507403388,0.304615384615385,0.432785854112505,0.491084368280855,92.1305666885433,85.73358664479,88.9320766666666,0.494464575509418,48.2364553353739,89.143492,88.5331694392152,-0.366084129208799,-0.59637479070013
"6353563","2020-11-24",18.096516893923,0.380799999999999,0.389089233336535,0.44778675908988,90.7392987202753,86.6751879463913,88.7072433333333,0.809068839380973,51.283620411187,88.992692,88.6127468473199,-0.282832243957476,-0.533666281351599
"6353562","2020-11-25",18.115421752953,0.3424,0.342605128205121,0.38816007188472,90.532305800546,86.7715141994539,88.65191,0.716644992088934,50.1106565410142,88.8086920000001,88.6497139343439,-0.235994648656179,-0.474131954812515
"6353561","2020-11-27",18.1038816114063,0.335999999999999,0.353066666666659,0.361587009402771,90.5596920483654,86.7721279516346,88.66591,0.654212571743454,49.9057809369702,88.631492,88.676418743098,-0.200208002006441,-0.4193471642513
"6353560","2020-11-30",17.5185347960723,0.253875968992249,0.310758656330742,0.335476817067507,90.5581257484074,86.8406942515926,88.69941,0.453531535555851,45.9132357642935,88.395492,88.5942295773516,-0.240971534246015,-0.383672038250243
"6353559","2020-12-01",18.0009346706184,0.39578289568978,0.328552954894002,0.330792759297134,90.6798596849203,86.8352936484129,88.7575766666666,0.778078199164254,50.8937719485422,88.219292,88.6469989670381,-0.186480043714488,-0.344233639343092
"6353558","2020-12-02",17.7344475573673,0.180582283195731,0.27674704929258,0.305352886839107,90.6240926896899,87.0330606436434,88.8285766666666,0.456769159577895,45.8132190055264,87.970492,88.554065771433,-0.235276969283438,-0.322442305331161
"6353557","2020-12-03",17.4869952379199,0.232313199660647,0.269559459515379,0.291619821233986,90.579754677686,87.1993986556473,88.8895766666666,0.448848583145488,47.1782744120239,87.932492,88.5068570019086,-0.248363623699477,-0.307626569004824
"6353556","2020-12-04",17.7054701051427,0.260101010101011,0.224332164319123,0.256879557709026,90.5850927392827,87.3900605940506,88.9875766666666,0.669770853211234,51.3004033207923,87.962092,88.5699427349875,-0.185515846406148,-0.283204424485089
"6353555","2020-12-07",17.9083396247068,0.34090909090909,0.277774433556909,0.257222019130469,90.5553911473468,87.6407621859865,89.0980766666666,0.693937778756887,52.9235318685286,88.057692,88.6672837036558,-0.105385564587979,-0.247640652505667
"6353554","2020-12-08",17.925741748863,0.287878787878788,0.29629629629629,0.26613429805744,90.5826248722122,87.6475284611211,89.1150766666666,0.630009357974783,51.7056105779004,88.103692,88.7236458765017,-0.060329392098768,-0.210178400424287
"6353553","2020-12-09",18.2359052781791,0.573369565217392,0.40071914800175,0.324929959284982,90.6086864320577,87.9051335679423,89.25691,0.891986663450522,56.6662104320134,88.305692,88.9018264263015,0.0627154665308716,-0.155599627033255
"6353552","2020-12-10",17.5464991747275,0.244565217391303,0.368604523495821,0.355206655931286,90.6047230787054,88.0287635879612,89.3167433333333,0.584081291176461,49.7951623377732,88.399692,88.894916236128,0.0497627929759714,-0.11452714303141
"6353551","2020-12-11",16.7996655163055,0.206521739130433,0.341485507246369,0.370269726247979,90.5161761330441,88.2716438669559,89.39391,0.538355429904363,49.0540214325831,88.473292,88.8702607379776,0.0264851453931403,-0.0863246853465
"6353550","2020-12-14",16.665515267805,0.489847715736039,0.313644890752585,0.341244973831591,90.5813787477931,88.4509545855402,89.5161666666666,0.985271126591094,55.072276055376,88.595292,89.0048926395805,0.112866177474902,-0.0464865127822197
"6353549","2020-12-15",16.4730013143034,0.469543147208121,0.388637534024857,0.347922644007936,90.6548670478356,88.427799618831,89.5413333333333,0.842153986931865,54.5973553929886,88.697892,89.1109069543031,0.171977628540065,-0.00279368451776265
"6353548","2020-12-16",16.8029382166601,0.513189448441247,0.490860103795129,0.397714176190856,90.8418726845526,88.393793982114,89.6178333333333,0.969279575117007,56.0760619671872,88.831492,89.2414526937294,0.242165658346938,0.0461981840551774
"6353547","2020-12-17",18.2060145135858,0.543597800471327,0.508776798706891,0.462758145508958,91.4145344648219,88.023965535178,89.71925,1.2842587449218,62.1230183212306,88.979492,89.5305923345655,0.411917912307214,0.119342129705585
"6353546","2020-12-18",19.959707551654,0.743351063829788,0.600046104247447,0.533227668916488,92.5272532874151,87.3729133792515,89.9500833333333,1.32129818277898,69.4352068524857,89.231492,90.0651800232901,0.728356219725224,0.241144947709512
"6353545","2020-12-21",21.0092303659363,0.656042496679947,0.64766378699368,0.585495563316006,93.2146412859833,87.1128587140167,90.16375,1.08828437280361,65.2927731397122,89.464,90.4418226868514,0.908746245891434,0.374665207345897
"6353544","2020-12-22",21.9837872649127,0.792582417582417,0.730658659364044,0.659456183535056,93.9157132956418,86.9524533710248,90.4340833333333,1.0556664610955,68.6404305530256,89.658,90.9122463286046,1.13331918913879,0.526396003704476
"6353543","2020-12-23",23.1853849938001,0.764790764790766,0.737805226351036,0.705375890902919,94.5700381448529,86.7571285218137,90.6635833333333,0.99786189623002,68.76061395748,89.8664,91.3252801514573,1.29817896767532,0.680752596498645
"6353542","2020-12-24",24.3011543134813,0.796536796536797,0.784636659636653,0.751033515117243,95.1232804067678,86.7095529265655,90.9164166666666,0.928694258894632,69.4540016170108,90.0528,91.712576131263,1.43031339620479,0.830664756439873
"6353541","2020-12-28",25.5258719705393,0.845598845598845,0.802308802308796,0.774916896098827,95.6678328136167,86.7286671863833,91.19825,0.912613080512777,70.5422163609937,90.2716,92.0935659804279,1.54572256984868,0.973676319121636
"6353540","2020-12-29",26.7603599407287,0.821937321937322,0.821357654690981,0.802767705545476,96.0861686932743,86.9473313067257,91.51675,0.86984099001932,69.8330153401221,90.4964,92.4117571830375,1.60959021683891,1.10085909866509
"6353539","2020-12-30",27.6228655081429,0.787749287749287,0.818428485095144,0.814031647364973,96.4370627386684,87.0697705946648,91.7534166666666,0.799615223928932,67.8733892923377,90.7268,92.6555228919659,1.61980063766254,1.20464740646458
"6353538","2020-12-31",28.2534137339865,0.767806267806267,0.792497625830952,0.810761255205691,96.6432572543777,87.4419094122889,92.0425833333333,0.762361925096547,66.6976143878411,90.9256,92.8481198397037,1.59678488575881,1.28307490232343
"6353537","2021-01-04",26.4774147009826,0.309719934102143,0.621758496552559,0.744228202492884,96.6169150311166,87.90425163555,92.2605833333333,0.593666344753848,50.4339147884208,91.0372,92.6923705277433,1.35262844902484,1.29698561166371
"6353536","2021-01-05",24.6052262073706,0.253706754530478,0.443744318812956,0.619333480398821,96.5549747779807,88.1945252220192,92.37475,0.432848507378852,48.639406195724,91.1368,92.5120544573775,1.11664398474589,1.26091728628014
"6353535","2021-01-06",23.9458299192493,0.233564013840829,0.265663567491143,0.443722127618885,96.5040718317437,88.5220948349229,92.5130833333333,0.489591133453981,49.2117954712478,91.272,92.3691138630605,0.92760799007694,1.1942554270395
"6353534","2021-01-07",23.8409184541248,0.532008830022074,0.33975986613112,0.349722584145072,96.5593397122283,88.9441602877717,92.75175,0.699371533535256,60.2360182508778,91.4624,92.5532320146524,0.968244135882679,1.14905316880814
"6353533","2021-01-08",24.0183520695944,0.547461368653419,0.437678070838767,0.34770050148701,96.6674301209179,89.2534032124153,92.9604166666666,0.706309385197834,60.5157103470339,91.6972000000001,92.7221344126988,0.994742035794904,1.11819094220549
"6353532","2021-01-11",24.1831118553875,0.567328918322294,0.548933038999256,0.44212365865638,96.5893727214053,89.8044606119279,93.1969166666666,0.657174720830517,60.8965433961729,91.9256,92.8805164910056,1.01161013346889,1.09687478045817
"6353531","2021-01-12",25.392967769686,0.328813559322034,0.481201282099242,0.489270797312421,96.432387886531,90.4734454468023,93.4529166666666,0.692497803919984,56.7688881858839,92.0976000000001,92.9337809588715,0.959031652740761,1.06930615491469
"6353530","2021-01-13",26.5164054043918,0.481355932203391,0.4591661366159,0.496433485904798,96.3918582332266,90.9469751001067,93.6694166666666,0.722334126139402,60.8512825259343,92.2928,93.0999434976887,0.983977590282636,1.05224044198828
"6353529","2021-01-14",27.5595974937614,0.488135593220339,0.432768361581914,0.457711926765685,96.1863632333844,91.6111367666155,93.89875,0.716655941995384,61.0274313484272,92.498,93.2492843646635,0.995458268706817,1.04088400733199
"6353528","2021-01-15",26.5283164983453,0.108474576271187,0.359322033898299,0.417085510698703,95.8665106680489,92.1306559986177,93.9985833333333,0.169352769499455,48.0019496540859,92.5748,93.080046449375,0.801326703327043,0.992972546530998
"6353527","2021-01-19",25.5706984311732,0.193220338983051,0.263276836158185,0.351789077212799,95.8065618616863,92.253771471647,94.0301666666666,0.212854811382397,50.5396067461511,92.72,93.000040256125,0.682923023836168,0.930962641992032
"6353526","2021-01-20",24.8968538680691,0.228813559322033,0.176836158192084,0.266478342749522,95.789623214642,92.1790434520246,93.9843333333333,0.301232291252201,51.6078129604639,92.8792,92.9587015553084,0.600400893293429,0.864850292252311
"6353525","2021-01-21",24.7317303503509,0.450847457627119,0.290960451977394,0.243691148775887,95.8274050059452,92.2059283273881,94.0166666666666,0.605850007430144,57.7393627711873,93.044,93.0975413479339,0.641258699969804,0.82013197379581
"6353524","2021-01-22",23.6109923210632,0.252542372881355,0.310734463276829,0.259510357815435,95.7956153063324,92.1590513603342,93.9773333333333,0.373323644652644,51.4671036884333,93.1652,93.0618691682094,0.565591856881498,0.769223950412948
"6353523","2021-01-25",22.2731845688031,0.186440677966101,0.296610169491518,0.29943502824858,95.7387445657041,92.0775887676292,93.9081666666666,0.298378788727108,49.5354402562189,93.2592,92.9789532791148,0.466419952585828,0.708663150847524
"6353522","2021-01-26",21.5892819310824,0.434482758620689,0.291155269822708,0.299499967530351,95.7322656741106,92.0784009925561,93.9053333333333,0.653627291171205,56.4032671218795,93.3612,93.1097595085662,0.513768732897346,0.669684267257488
"6353521","2021-01-27",20.7868917613345,0,0.206974478862257,0.264913306058827,95.6505711237657,91.9234288762343,93.787,0.160061270578237,45.554060256643,93.2792,92.8937915740907,0.333118496675411,0.602371113141073
"6353520","2021-01-28",20.04181517514,0.250434782608698,0.228305847076455,0.242145198587139,95.5114445234611,91.9178888098723,93.7146666666667,0.426349641480209,51.4207697134423,93.2808,92.898619364212,0.311390120792265,0.544174914671311
"6353519","2021-01-29",20.988389309529,0,0.083478260869559,0.17291952893609,95.7311230005224,91.2985436661443,93.5148333333333,-0.165865126678909,39.9077027797563,93.096,92.4254701156504,-0.0175228188892484,0.431835367959199
"6353518","2021-02-01",22.0541110842411,0,0.083478260869559,0.131754122938524,96.0590055648247,90.4683277685086,93.2636666666667,-0.185128614612209,38.5322234978339,92.8884,91.944740766897,-0.32234579527961,0.280999135311437
"6353517","2021-02-02",22.0761242224733,0.239946380697052,0.0799821268990103,0.0823128828793753,96.116014662113,90.2126520045536,93.1643333333333,0.148618346244224,45.3794576152448,92.7436,91.7667753313107,-0.402911690669105,0.144216970115329
"6353516","2021-02-03",22.2627277052245,0.187584345479082,0.142510242058704,0.101990209942424,96.2097609630102,89.9975723703231,93.1036666666667,0.0969751031683167,44.1947000030914,92.5692,91.559205287136,-0.496536147585436,0.0160663465751759
"6353515","2021-02-04",22.239272770311,0.186186186186187,0.204572304120767,0.14235489102616,96.2956843754281,89.7279822912386,93.0118333333333,0.131758571110881,43.7335934214795,92.3924,91.3593112488512,-0.577641257230987,-0.102675174186057
"6353514","2021-02-05",21.3273148831309,0.375375375375375,0.249715302346875,0.198932616175448,96.1582435178505,89.6264231488161,92.8923333333333,0.345015129605751,48.5861971570976,92.2756,91.3540697490044,-0.524635288226705,-0.187067196994186
"6353513","2021-02-08",20.0656437110884,0.641141141141142,0.400900900900894,0.285062835789511,96.0503657581687,89.6466342418313,92.8485,0.619435571491729,54.5200047916252,92.2352,91.5855271158038,-0.322638672940445,-0.214181492183438
"6353512","2021-02-09",20.0038051698469,0.709987966305656,0.575501494274051,0.408705899173939,96.2680852191376,89.5549147808623,92.9115,0.889061078866986,59.1909931248171,92.3568,92.0034568336966,-0.0194788966674464,-0.17524097308024
"6353511","2021-02-10",20.3077627078993,0.847732181425486,0.732953762957421,0.569785386044121,96.8078479984386,89.2691520015614,93.0385,1.04405960947344,63.9597759508212,92.57,92.6256625892037,0.385272574550655,-0.0631382635540609
"6353510","2021-02-11",19.7205339254019,0.661780104712042,0.739833417481055,0.682762891570841,97.0464044793262,89.1642621873404,93.1053333333333,0.894731941910869,58.2119312034179,92.718,92.9609075773099,0.564538736323361,0.0623971364214235
"6353509","2021-02-12",19.1752500559401,0.712041884816754,0.740518056984754,0.737768412474409,97.2351204269411,89.0892129063922,93.1621666666666,0.851648971311552,59.4433194039103,92.7928,93.3154532336686,0.738787303348754,0.19767516980689
"6353508","2021-02-16",18.5447523991373,0.359162303664922,0.577661431064566,0.686004301843457,97.3089772590629,89.1396894076037,93.2243333333333,0.595765181440339,48.6124454354152,92.73,93.1733928025128,0.578511940573168,0.273842523960145
"6353507","2021-02-17",18.0600774411745,0.332984293193718,0.468062827225124,0.59541410509148,97.3025154270355,89.1278179062978,93.2151666666666,0.452475305781722,47.914973887318,92.6536,93.0169404288444,0.424850634279483,0.304044146024013
"6353506","2021-02-18",17.5190628648708,0.338219895287958,0.343455497382192,0.463059918557293,97.2869801651513,89.108353168182,93.1976666666666,0.465642154837957,48.0754338117575,92.6044,92.8880150383318,0.303806022796738,0.303996521378558
"6353505","2021-02-19",16.7952276978815,0.433507853403141,0.368237347294932,0.393251890634082,97.2188216426936,89.1021783573063,93.1605,0.561129539542529,51.0322216882067,92.5556,92.8976130332209,0.28361625807285,0.299920468717416
"6353504","2021-02-22",16.7924541407451,0.169675090252707,0.313800946314595,0.341831263663905,97.1713350253803,89.0286649746196,93.1,0.402570860861642,46.3756444670409,92.4456,92.7072646287914,0.136499281201097,0.267236231214152
"6353503","2021-02-23",16.9465304601523,0.125150421179301,0.242777788278376,0.308272027295967,97.1422061330521,88.9164605336145,93.0293333333333,0.345282515574799,45.2709502434009,92.4104,92.4929626782859,-0.0124273025570831,0.211303524459905
"6353502","2021-02-24",17.0896013281732,0.133574007220217,0.142799839550734,0.233126191381234,96.9883539000093,88.7833127666572,92.8858333333333,0.342881145174716,45.535281419628,92.358,92.3165676545145,-0.123183490123036,0.144406121543317
"6353501","2021-02-25",16.6164669117349,0.0563961485557098,0.105040192318402,0.163539273382503,96.9793657081569,88.753634291843,92.8665,0.410869121594152,46.8773532058894,92.3108,92.2090253005792,-0.179308724222593,0.079663152390135
"6353500","2021-02-26",16.2912561128293,0.0261348005502079,0.0720349854420376,0.10662500577039,96.9128871473116,88.6544461860217,92.7836666666666,0.380082289384241,46.0860222505076,92.2024,92.0864885938353,-0.24037942974301,0.0156546359635061
"6353499","2021-03-01",15.1987314858142,0.149931224209079,0.0774873911049917,0.0848541896218095,96.9019074125065,88.8987592541601,92.9003333333333,0.499541846958959,49.8180680238525,92.1768,92.1002901146573,-0.207543285306033,-0.0289849482904018
"6353498","2021-03-02",14.4501016957985,0.259972489683631,0.145346171480965,0.0982895160093307,96.7863537380494,89.4296462619505,93.108,0.565065339110168,52.9366730343407,92.1988,92.2189180993696,-0.110186867603912,-0.0452253321531038
"6353497","2021-03-03",13.9651632454032,0.295735900962861,0.23521320495185,0.152682255845935,96.8195041023105,89.6758292310228,93.2476666666666,0.58898314636653,53.938559601987,92.1704,92.3563956861204,-0.0102721191307165,-0.0382346895486264
"6353496","2021-03-04",12.9901587031867,0.196261682242991,0.250656690963154,0.210405355798656,96.730069285449,90.0025973812176,93.3663333333333,0.441582810661342,50.0136821507453,92.2052,92.3568762613043,-0.00880961459576168,-0.0323496745580534
"6353495","2021-03-05",13.3171314142575,0.24766355140187,0.2465537115359,0.244141202483634,96.6577348598766,90.4155984734567,93.5366666666667,0.574226723777031,51.425073733356,92.1956000000001,92.4012927597971,0.0209330840099664,-0.0216931228444495
"6353494","2021-03-08",14.4888890904278,0.646753246753247,0.363559493466029,0.286923298655027,97.155313445597,90.428686554403,93.792,0.974928477280184,62.986815606332,92.4648000000001,92.8917870584908,0.335716824910226,0.0497888667064856
"6353493","2021-03-09",15.5987921449633,0.699742268041238,0.531386355398778,0.380499853466901,97.6698579996769,90.2834753336564,93.9766666666667,0.950829607748181,64.2047774553876,92.7732,93.3768821173587,0.615401927558179,0.162911478876824
"6353492","2021-03-10",16.6294164098891,0.739690721649485,0.695395412147983,0.530113753670929,98.0102705736289,90.1337294263711,94.072,0.926329265247235,65.0578015977505,93.0224,93.8386311683775,0.852287876905966,0.300786758482653
"6353491","2021-03-11",17.8829893372889,0.750605326876513,0.730012772189071,0.65226484657861,98.1990860662278,90.0295806004388,94.1143333333333,0.973998499609228,66.3396472653657,93.3060000000001,94.3001470125939,1.06557732837442,0.453744872461007
"6353490","2021-03-12",19.5190788429629,0.83594566353187,0.775413904019282,0.733607362785444,98.9488928856897,89.6204404476436,94.2846666666667,1.07229928566639,70.8465198195951,93.6676,94.9401274109147,1.37016667560659,0.637029233090123
"6353489","2021-03-15",21.675753210522,0.807725321888412,0.798092104098924,0.767839593435758,100.098103043,89.001230290333,94.5496666666667,1.11071259904022,73.9365480240926,94.0380000000001,95.6921104227928,1.71356116737322,0.852335619946743
"6353488","2021-03-16",23.7963970211863,0.86644407345576,0.83670501962534,0.803403675914514,101.422474985768,88.4965250142317,94.9595,1.06041013227535,75.9576937538295,94.3812,96.4891623664204,2.04910880896358,1.09169025775011
"6353487","2021-03-17",25.1483383538519,0.802170283806345,0.825446559716831,0.820081227813698,102.375107829313,88.4138921706869,95.3945,0.93922870447731,71.7262117552281,94.6284000000001,97.0772740508977,2.2212820643408,1.31760861906825
"6353486","2021-03-18",26.930250297973,0.793408360128618,0.820674239130233,0.827608606157467,103.498285395008,88.2907146049922,95.8945,0.961754659151549,74.069786293818,94.8440000000001,97.741637510778,2.42272961125303,1.53863281750521
"6353485","2021-03-19",28.5848828175141,0.814995925020375,0.803524856318438,0.816548551721833,104.468377441594,88.245622558406,96.357,0.903733318651953,74.6548953336008,95.1328000000001,98.3574191760076,2.57400535284329,1.74570732457282
"6353484","2021-03-22",30.1667574261901,0.804400977995111,0.804268421048027,0.809489172165565,105.245320148847,88.5253465178201,96.8853333333333,0.858134536102876,73.8769546618717,95.3972000000001,98.8737632858733,2.64994278367445,1.92655441639315
"6353483","2021-03-23",30.9039590114247,0.735126324368378,0.784841075794614,0.797544784387025,105.699221889584,89.0997781104157,97.3995,0.779557559984243,68.8267854517712,95.7624000000001,99.2079281810902,2.60911503890384,2.06306654089529
"6353482","2021-03-24",31.5885033405712,0.752931323283083,0.764152875215517,0.784420790686052,106.033312456265,89.8273542104017,97.9303333333333,0.76428551369946,69.6162370645045,96.1496000000001,99.5375377569448,2.57038150723536,2.1645295341633
"6353481","2021-03-25",32.4622850779565,0.618713450292399,0.702257032647946,0.750416994552691,106.28323777512,90.5860955582136,98.4346666666667,0.741147928777535,67.708099531646,96.5224,99.7818660560188,2.48507900714259,2.22863942875916
"6353480","2021-03-26",34.3643969461703,0.62466960352423,0.665438125699897,0.710616011187786,106.826809225761,91.3671907742386,99.097,0.884420871616956,73.4057130567985,96.9488,100.29361724855,2.56804612807899,2.29652076862313
"6353479","2021-03-29",36.3124603184617,0.867846133226109,0.703743062347572,0.690479406898471,107.885418446618,91.7915015533818,99.83846,0.990086205799993,79.5794924430598,97.578,101.214468282076,2.88359927511954,2.41393646992241
"6353478","2021-03-30",37.8767161951409,0.821367521367521,0.771294419372613,0.713491869140026,108.727253306396,92.3516666936038,100.53946,0.931569679534155,77.9998593262833,98.2104,101.973872511133,3.06964454237635,2.5450780844132
"6353477","2021-03-31",39.3292395092002,0.808080808080808,0.832431487558139,0.769156323092773,109.369941411126,93.0826452555409,101.226293333333,0.892557893317007,78.3037242312398,98.8476,102.657356176315,3.19105001787796,2.67427247110615
"6353476","2021-04-01",40.3344329640736,0.73040380047506,0.786617376641122,0.796781094523957,109.591942856896,94.3099771431041,101.95096,0.860929135031939,76.0994313203422,99.4564,103.200375352806,3.21793408235962,2.78300479335684
"6353475","2021-04-05",41.7008349283912,0.832476875642344,0.79032049473273,0.803123119643996,110.134471277235,95.3217820560987,102.728126666667,0.96009246295009,79.847624376113,100.1648,103.973658639099,3.37373041789657,2.90114991826479
"6353474","2021-04-06",42.9696367524003,0.899280575539569,0.820720417218984,0.799219429530944,110.926901168574,95.8256854980925,103.376293333333,0.935309766452532,80.7772363851621,100.8632,104.730504153886,3.50246067645321,3.02141206990247
"6353473","2021-04-07",42.1794869957282,0.6414686825054,0.791075377895764,0.800705429949158,111.188743697441,96.6411763025592,103.91496,0.78630491180714,68.5226942161255,101.436,105.074436933368,3.38275606519578,3.09368086896114
"6353472","2021-04-08",41.3200900361855,0.623110151187905,0.721286469744284,0.777694088286343,111.237332986904,97.6222536797629,104.429793333333,0.742148669057272,67.7189167077695,101.9916,105.349845342252,3.23653827488484,3.12225235014588
"6353471","2021-04-09",40.8564485370103,0.737580993520519,0.667386609071268,0.726582818903771,111.335276570994,98.5973100956729,104.966293333333,0.794424807962831,70.0759384343174,102.6252,105.729865963285,3.1641216293846,3.13062620599362
"6353470","2021-04-12",40.4259242877762,0.775377969762419,0.712023038156941,0.70023203899083,111.524562202166,99.3383577978336,105.43146,0.786816678163053,70.8332088655575,103.2596,106.105883834847,3.09631624486075,3.12376421376705
"6353469","2021-04-13",39.7941164545694,0.74622030237581,0.753059755219576,0.71082313414926,111.761543343332,99.8493766566685,105.80546,0.751944650004508,69.3746904355438,103.7476,106.395765990201,2.98651072010023,3.09631351503368
"6353468","2021-04-14",38.9697415763384,0.717062634989202,0.746220302375803,0.737101031917439,111.95322483636,100.293028496973,106.123126666667,0.708704890481101,67.8696936341601,104.2068,106.610997191507,2.84550753602777,3.0461523192325
"6353467","2021-04-15",38.9240902858934,0.707189542483661,0.723490826616217,0.740923628070531,112.170660088774,100.900593244559,106.535626666667,0.787579483316351,70.4754780591619,104.6944,106.933530899306,2.77807165656141,2.99253618669828
"6353466","2021-04-16",39.4037881019687,0.704013377926422,0.709421851799754,0.726377660263924,112.743929983329,101.188656683337,106.966293333333,0.89494580077736,74.6254063500705,105.24,107.467726779399,2.83423975293748,2.96087689994612
"6353465","2021-04-19",38.7154163124259,0.473244147157191,0.628149022522417,0.687020566979462,112.941752669709,101.710500663624,107.326126666667,0.747274895547006,67.2684292013338,105.6584,107.746696542146,2.74203160400557,2.91710784075801
"6353464","2021-04-20",38.0762139364219,0.520066889632108,0.565774804905233,0.634448559742467,113.047801673293,102.336784993374,107.692293333333,0.733812849720272,67.9586485850159,106.0288,108.02580366986,2.65844917998521,2.86537610860345
"6353463","2021-04-21",37.8450372653286,0.563545150501672,0.518952062430316,0.570958629952654,112.95032388305,103.29559611695,108.12296,0.762086450766426,68.6203594540425,106.366,108.302363180545,2.58106288669877,2.80851346422252
"6353462","2021-04-22",37.1688161855802,0.432675044883303,0.50542902833902,0.530051965224856,112.594124089163,104.453795910837,108.52396,0.709988257953119,65.53704157719,106.712,108.468714756472,2.44996077883741,2.7368029271455
"6353461","2021-04-23",36.5408966115282,0.540394973070019,0.512205056151657,0.512195382306997,111.906808983788,105.979777682879,108.943293333333,0.780641901296895,67.2650665665678,107.0356,108.692886122276,2.36298651833873,2.66203964538414
"6353460","2021-04-26",35.17784527912,0.375224416517057,0.449431478156786,0.48902185421582,111.567836746821,106.802749919845,109.185293333333,0.645790977560736,62.1215405585551,107.3104,108.764501305973,2.20008670564316,2.56964905743594
"6353459","2021-04-27",33.9121547561695,0.375224416517057,0.43028126870137,0.46397260100327,111.589081012225,106.990585654442,109.289833333333,0.614566459753318,62.1215405585551,107.5904,108.82656779851,2.04730232507502,2.46517971096376
"6353458","2021-04-28",32.3099489507214,0.153191489361702,0.301213440798598,0.39364206255225,111.534002561736,107.19666410493,109.365333333333,0.442668373901859,59.2651204673749,107.8844,108.813692092042,1.86758928548865,2.34566162586874
"6353457","2021-04-29",31.6580740198999,0.336170212765958,0.288195372881565,0.339896694127177,111.530111762283,107.453888237717,109.492,0.662241675253512,62.4622567668472,108.2008,108.917199813103,1.76851244784484,2.23023179026396
"6353456","2021-04-30",30.5835193014147,0.219148936170214,0.236170212765951,0.27519300881537,111.420209392769,107.790457273898,109.605333333333,0.53526411606306,59.2589565946592,108.5076,108.933573171356,1.63034837336073,2.11025510688331
"6353455","2021-05-03",30.9032210451345,0.408233276157804,0.321184141697984,0.281849909115166,111.705598258988,107.704735074346,109.705166666667,0.958609367192746,64.1225503463346,108.7784,109.127763415175,1.60222544813369,2.00864917513339
"6353454","2021-05-04",31.8707809630657,0.474431818181817,0.367271343503271,0.308208565989068,112.415794227864,107.329872438803,109.872833333333,1.1745089960641,69.0708238194545,108.9732,109.520061626485,1.68397642316189,1.94371462473909
"6353453","2021-05-05",32.7692294582876,0.481534090909092,0.454733061749563,0.381062848983605,112.855663638852,107.378669694482,110.117166666667,1.02026714452168,69.2069464374816,109.1816,109.866720076287,1.73139890397267,1.90125148058581
"6353452","2021-05-06",33.9236148924941,0.727272727272727,0.561079545454538,0.461027983569123,113.563295369047,107.344037964287,110.453666666667,1.14364597563304,73.5453053303779,109.4516,110.397824066115,1.87293298222437,1.89558778091352
"6353451","2021-05-07",35.7693525311668,0.652432969215491,0.620413262465762,0.545408623223287,114.803106301071,106.879227032262,110.841166666667,1.20994266938715,76.5299541563681,109.7944,111.051447523967,2.06477848194346,1.92942592111951
"6353450","2021-05-10",37.8870963475201,0.774167343623071,0.717957680037089,0.633150162652462,116.630595541073,106.077737792261,111.354166666667,1.24221601261341,81.1942796698801,110.1648,112.012587854104,2.39969206881356,2.02347915065832
"6353449","2021-05-11",38.8259777947216,0.659626320064987,0.695408877634509,0.677926606712452,117.663351172826,105.953982160507,111.808666666667,1.01992553942017,73.682366421479,110.4528,112.657576140224,2.53024785279319,2.12483289108529
"6353448","2021-05-12",38.6848733172784,0.532900081234769,0.655564581640934,0.689643713104176,118.105993800332,106.255006199668,112.1805,0.821731273528585,66.3665235617291,110.772,113.008565988194,2.49149562554234,2.1981654379767
"6353447","2021-05-13",38.9800887187929,0.544272948822096,0.578933116707276,0.643302191994239,118.641230100461,106.404436566206,112.522833333333,0.835095953733394,66.6862018008932,111.1036,113.331423856435,2.4416768032139,2.24686771102414
"6353446","2021-05-14",39.4924651084662,0.785540211210398,0.620904413755747,0.618467370701318,119.593608835716,106.192057830951,112.892833333333,0.950482684020671,72.6296081861943,111.5116,114.00723400891,2.58167637102302,2.31382944302392
"6353445","2021-05-17",40.199931252338,0.836718115353371,0.722177091795281,0.640671540752767,120.558525502428,106.185141164238,113.371833333333,0.939110222860339,73.7014053431085,111.9308,114.676936141055,2.70296887013448,2.39165732844603
"6353444","2021-05-18",41.1932855530553,0.773662429796039,0.798640252119929,0.713907252556984,121.557447539147,106.219565794186,113.888506666667,0.93302111576449,74.5187646436294,112.379968,115.321237988915,2.79760826361202,2.47284751547923
"6353443","2021-05-19",40.4424290779772,0.564587644102867,0.724989396417418,0.748602246777542,121.916914636362,106.555098696971,114.236006666667,0.719201081431532,62.2228251681772,112.726768,115.502406257059,2.64291322575043,2.50686065753347
"6353442","2021-05-20",40.4639915399622,0.595140371039238,0.644463481646041,0.722697710061128,122.428518854006,106.94232781266,114.685423333333,0.792921824431985,64.371104249451,113.071168,115.787418756118,2.55730553799083,2.51694963362494
"6353441","2021-05-21",40.7512078040211,0.797927461139896,0.652551825427326,0.674001567830261,123.400545639921,107.118634360079,115.25959,0.919509103237577,71.1301484789106,113.485968,116.523762921969,2.71157966222098,2.55587563934415
"6353440","2021-05-24",41.1437784571366,0.867380560131796,0.753482797436969,0.683499368170111,124.367920202668,107.481926463998,115.924923333333,0.930045364561727,73.1341881412055,114.009568,117.340594532373,2.88937802582356,2.62257611664003
"6353439","2021-05-25",41.6251333694744,0.814038286235188,0.826448769168952,0.744161130677748,125.169572517617,108.044607482383,116.60709,0.900170744051199,73.3276282974464,114.527168,118.065848594723,3.00085855197558,2.69823260370714
"6353438","2021-05-26",41.7718474341327,0.733473242392445,0.804964029586469,0.794965198730796,125.556273981834,109.039906018166,117.29809,0.841393257831873,71.2040764998663,115.014368,118.62773544876,3.01754115076223,2.76209431311816
"6353437","2021-05-27",42.3566894833361,0.804722979109901,0.784078169245837,0.805163656000418,126.23619178599,109.831321547343,118.033756666667,0.91651716231823,74.2120147662586,115.598368,119.364037388926,3.11897803427508,2.83347105734954
"6353436","2021-05-28",42.7087066507497,0.776566757493188,0.771587659665171,0.786876619499158,126.510133632293,111.04037970104,118.775256666667,0.874154410754607,72.8534117543837,116.145968,119.960832403736,3.13934913474927,2.89464667282949
"6353435","2021-06-01",42.1191598194909,0.622281402574344,0.734523713059137,0.763396513990047,126.647933876303,112.120412790364,119.384173333333,0.798341332589425,66.3546117308672,116.668768,120.272721416571,3.01571225116035,2.91885978849566
"6353434","2021-06-02",41.4876370067065,0.604494382022471,0.667780847363327,0.724630740029211,126.690950924302,113.020395742365,119.855673333333,0.710500595016226,65.7598051551434,117.185768,120.523691894361,2.87418958494881,2.90992574778629
"6353433","2021-06-03",41.0131956526138,0.52759493670886,0.584790240435218,0.662364933619226,126.496111559895,114.186568440105,120.34134,0.689987554959718,64.619732936942,117.712168,120.705866308447,2.71258270334611,2.87045713889825
"6353432","2021-06-04",40.7881382845774,0.629873417721519,0.587320912150943,0.613297333316495,126.475322712812,115.120690620521,120.798006666667,0.745890250836823,66.9701181611911,118.244568,120.99841746732,2.62122833425771,2.82061137797014
"6353431","2021-06-07",40.6406381616024,0.715949367088607,0.624472573839654,0.598861242141937,126.683542249631,115.688137750369,121.18584,0.776251167798063,68.8458717260257,118.832968,121.365295138344,2.57491667220509,2.77147243681713
"6353430","2021-06-08",40.2938768510959,0.686582278481011,0.677468354430371,0.629753946806988,126.956903903024,115.883776096976,121.42034,0.721827717487837,67.4387171213911,119.355768,121.644589119898,2.48940376552405,2.71505870255852
"6353429","2021-06-09",39.3375656797969,0.553000560852495,0.651844068807363,0.651261665692462,127.034069638641,116.344277028026,121.689173333333,0.64819370755864,63.1713430397468,119.775768,121.767977237245,2.33528108030829,2.63910317810847
"6353428","2021-06-10",38.7822493397245,0.467111534795043,0.568898124709509,0.632736849315747,126.882113286305,117.332233380361,122.107173333333,0.735202957746296,66.246789305832,120.241368,122.033580272279,2.26547123061176,2.56437678860913
"6353427","2021-06-11",38.3734274702352,0.638799571275456,0.55297055564099,0.59123758305262,126.771954259713,118.298725740287,122.53534,0.812906309630195,68.8590405884699,120.682168,122.411769569309,2.25669352764313,2.50284013641593
"6353426","2021-06-14",37.4514522713964,0.484458735262594,0.530123280444357,0.550663986931618,126.842127765841,118.821885567492,122.832006666667,0.75327497804054,65.3273001986454,121.036168,122.643533626734,2.17645084022349,2.43756227717744
"6353425","2021-06-15",36.4523164219,0.443729903536975,0.522329403358334,0.535141079814559,126.863954351883,119.276392314783,123.070173333333,0.681414442030627,64.3887796482524,121.264168,122.819062476503,2.07603997492134,2.36525781672622
