"","Date","ADX","STOCHFK","STOCHFD","STOCHSD","BBandsUp","BbandsDn","BbandsMiddle","PercentB","RSI","SMA","EMA","MACD","Signal"
"7236051","2003-09-21",NA,NA,NA,NA,NA,NA,NA,NA,NA,NA,NA,NA,NA
"7236050","2003-09-22",NA,NA,NA,NA,NA,NA,NA,NA,NA,NA,NA,NA,NA
"7236049","2003-09-23",NA,NA,NA,NA,NA,NA,NA,NA,NA,NA,NA,NA,NA
"7236048","2003-09-24",NA,NA,NA,NA,NA,NA,NA,NA,NA,NA,NA,NA,NA
"7236047","2003-09-25",NA,NA,NA,NA,NA,NA,NA,NA,NA,NA,NA,NA,NA
"7236046","2003-09-28",NA,NA,NA,NA,NA,NA,NA,NA,NA,NA,NA,NA,NA
"7236045","2003-09-30",NA,NA,NA,NA,NA,NA,NA,NA,NA,NA,NA,NA,NA
"7236044","2003-10-01",NA,NA,NA,NA,NA,NA,NA,NA,NA,NA,NA,NA,NA
"7236043","2003-10-02",NA,NA,NA,NA,NA,NA,NA,NA,NA,NA,NA,NA,NA
"7236042","2003-10-05",NA,NA,NA,NA,NA,NA,NA,NA,NA,NA,NA,NA,NA
"7236041","2003-10-06",NA,NA,NA,NA,NA,NA,NA,NA,NA,NA,NA,NA,NA
"7236040","2003-10-07",NA,NA,NA,NA,NA,NA,NA,NA,NA,NA,NA,NA,NA
"7236039","2003-10-08",NA,NA,NA,NA,NA,NA,NA,NA,NA,NA,NA,NA,NA
"7236038","2003-10-09",NA,0.5,NA,NA,NA,NA,NA,NA,NA,NA,25.2585714285714,NA,NA
"7236037","2003-10-12",NA,0.0714285714285722,NA,NA,NA,NA,NA,NA,49.1103202846975,NA,25.2174285714286,NA,NA
"7236036","2003-10-13",NA,1,0.523809523809524,NA,NA,NA,NA,NA,59.8748111374919,NA,25.2751047619048,NA,NA
"7236035","2003-10-14",NA,0.466666666666669,0.512698412698414,NA,NA,NA,NA,NA,52.9785952489386,NA,25.2717574603175,NA,NA
"7236034","2003-10-15",NA,0,0.48888888888889,0.508465608465609,NA,NA,NA,NA,45.2595390884683,NA,25.1955231322751,NA,NA
"7236033","2003-10-16",NA,0,0.155555555555556,0.385714285714286,NA,NA,NA,NA,45.2595390884683,NA,25.1294533813051,NA,NA
"7236032","2003-10-19",NA,0,0,0.214814814814815,25.741118151134,24.6275485155327,25.1843333333333,0.109963023912035,45.2595390884683,NA,25.0721929304644,NA,NA
"7236031","2003-10-20",NA,0.0526315789473692,0.0175438596491231,0.0576998050682264,25.7522091958258,24.5947908041742,25.1735,0.16289919921705,46.1503953688552,NA,25.0292338730692,NA,NA
"7236030","2003-10-21",NA,0.105263157894738,0.0526315789473692,0.0233918128654974,25.7522948866589,24.5580384466744,25.1551666666667,0.230515722956862,47.0779102045635,NA,24.99866935666,NA,NA
"7236029","2003-10-22",NA,0.0736842105263161,0.0771929824561413,0.0491228070175445,25.7420534327794,24.5192799005539,25.1306666666667,0.237754655121583,46.5597253805165,NA,24.9681801091053,NA,NA
"7236028","2003-10-23",NA,0.105263157894738,0.0947368421052643,0.0748538011695916,25.6968776293315,24.4984557040018,25.0976666666667,0.284995032867277,47.1857669541026,NA,24.9457560945579,NA,NA
"7236027","2003-10-26",NA,0.136842105263157,0.105263157894737,0.0923976608187143,25.6754803086103,24.477853024723,25.0766666666667,0.33578641760037,47.8437662061471,25.1008,24.9303219486169,NA,NA
"7236026","2003-10-27",NA,0.0736842105263161,0.105263157894737,0.101754385964913,25.6519672270464,24.4543661062869,25.0531666666667,0.313655262342162,46.5934665138285,25.0916,24.9089456888013,-0.826916101116248,NA
"7236025","2003-10-28",NA,0.105263157894738,0.105263157894737,0.105263157894737,25.5648736348871,24.4647930317796,25.0148333333333,0.335012089580259,47.3345535607573,25.0756,24.8944195969611,-0.791971131932678,NA
"7236024","2003-10-29",7.94802500092862,0.0526315789473692,0.0771929824561412,0.0959064327485385,25.4619644795816,24.4860355204184,24.974,0.304630588244719,46.1842766256222,25.0536,24.8751636506996,-0.771649950229991,NA
"7236023","2003-10-30",7.74719417343473,0.0526315789473692,0.0701754385964923,0.0842105263157902,25.4184350097048,24.4798983236285,24.9491666666667,0.344616267539849,46.1842766256222,25.0236,24.8584751639397,-0.747001748810883,NA
"7236022","2003-11-02",7.3943498533824,0.0909090909090921,0.0653907496012768,0.0709197235513035,25.4057143551844,24.4672856448156,24.9365,0.372304276276641,46.1842766256222,25.0016,24.8440118087477,-0.719230935399739,NA
"7236021","2003-11-03",7.0667086990481,0.32142857142857,0.15498974709501,0.0968519784309265,25.3530613461993,24.4709386538007,24.912,0.384369826466381,47.4600049292728,24.9812,24.836810234248,-0.676466910573803,NA
"7236020","2003-11-04",6.80460787161758,0.357142857142861,0.256493506493507,0.158958001063265,25.3444205736393,24.4645794263607,24.9045,0.438057000211279,47.7932016824805,24.9492,24.831902203015,-0.632055495247785,NA
"7236019","2003-11-05",6.56122853186066,0.42857142857143,0.36904761904762,0.260176957545379,25.3429524324547,24.4623809008786,24.9026666666667,0.455332040699838,48.4966958543389,24.918,24.830315242613,-0.583639509295231,NA
"7236018","2003-11-06",6.33523343065782,0.478260869565214,0.421325051759835,0.348955392433654,25.2942925612449,24.4733741054217,24.8838333333333,0.487209448239946,49.9493357527786,24.9004,24.8342732102646,-0.526205933257107,-0.69723752398483
"7236017","2003-11-09",5.90829810589279,0.260869565217385,0.389233954451343,0.3932022084196,25.2882648437459,24.4690684895874,24.8786666666667,0.460937326151976,48.1222314893476,24.89,24.8310367822293,-0.491267951273799,-0.656043609442624
"7236016","2003-11-10",5.62507098931107,0.347826086956514,0.362318840579704,0.390959282263628,25.0463322580617,24.6330010752716,24.8396666666667,0.57338747860393,48.92699759665,24.8712,24.8308985445987,-0.451875731004547,-0.615210033755008
"7236015","2003-11-11",5.3620743810566,0.347826086956514,0.318840579710138,0.356797791580395,24.9064352322091,24.7332314344576,24.8198333333333,0.693413772878512,48.92699759665,24.8644,24.8307787386522,-0.415863353652501,-0.575340697734507
"7236014","2003-11-12",5.41512965608555,0.347826086956514,0.347826086956514,0.342995169082119,24.9061650943241,24.7471682390092,24.8266666666667,0.772542077939494,48.92699759665,24.8616,24.8306749068319,-0.382909503357165,-0.536854458859039
"7236013","2003-11-13",5.81312335624634,0.730769230769231,0.475473801560753,0.380713489409135,24.9263955357138,24.7499377976195,24.8381666666667,1.20932942934945,53.8453597170117,24.8492,24.845251585921,-0.317401188778965,-0.492963804843024
"7236012","2003-11-16",6.18268893496708,0.769230769230762,0.615942028985502,0.479747305834256,24.9441980391955,24.7538019608045,24.849,1.11800992783604,54.2764429377695,24.8492,24.8592180411315,-0.259254857304569,-0.446222015335333
"7236011","2003-11-17",6.7715864924269,0.724137931034488,0.741379310344827,0.610931713630361,24.9667641676703,24.751569165663,24.8591666666667,1.09248587936877,54.7317705006573,24.8216,24.8726556356473,-0.207542124559124,-0.398486037180091
"7236010","2003-11-18",7.56265856319501,0.606060606060607,0.699809768775286,0.685710369368538,24.9887721307252,24.7455612026081,24.8671666666667,1.01875410222504,54.1510389670193,24.8096,24.882968217561,-0.16787188867543,-0.352363207479159
"7236009","2003-11-19",8.29722548605112,0.666666666666667,0.665621734587254,0.702270271235789,25.0074193984438,24.7455806015562,24.8765,0.958933771828538,55.1754322010981,24.8204,24.8945724552196,-0.128473354947756,-0.307585236972878
"7236008","2003-11-20",9.30063600269992,0.451612903225805,0.574780058651026,0.646737187337855,25.0219842170318,24.7456824496349,24.8838333333333,0.872177616893858,52.6421392687229,24.8296,24.8992961278569,-0.108957251217234,-0.26785963982175
"7236007","2003-11-23",10.2323743395881,0.433333333333329,0.517204301075267,0.585868698104516,25.0309248149066,24.7454085184267,24.8881666666666,0.774940523423196,52.6421392687229,24.8388,24.903389977476,-0.0924251436512868,-0.232772740587657
"7236006","2003-11-24",11.4287689698857,0.655172413793102,0.513372883450745,0.535119081059013,25.050897002735,24.7454363305983,24.8981666666666,0.93158856559558,56.6790152152486,24.8488,24.9162713138126,-0.056009338633789,-0.197420060196883
"7236005","2003-11-25",11.5061243763021,0.310344827586204,0.466283524904212,0.498953569810075,25.0542385521726,24.7527614478273,24.9035,0.621070553862707,50.1078051464294,24.8528,24.9141018053042,-0.0588523093471682,-0.16970651002694
"7236004","2003-11-27",11.6537144934271,0.655172413793102,0.540229885057469,0.506628764470809,25.0617645341648,24.7679021325018,24.9148333333333,0.823847712834801,55.6456859703873,24.862,24.9255548979303,-0.0284043332781203,-0.141446074677176
"7236003","2003-11-30",11.3881378495202,0.481481481481485,0.482332907620264,0.496282105860648,25.0651769105814,24.7831564227519,24.9241666666666,0.733434577182809,53.1064506702535,24.8684,24.9301475782063,-0.017028645948669,-0.116562588931475
"7236002","2003-12-01",11.3126978884855,0.666666666666671,0.60110685398042,0.541223215552717,25.0739651653009,24.7957015013657,24.9348333333333,0.84200177386017,55.820318679709,24.8756,24.9407945677788,0.00806783237237152,-0.0916365046707057
"7236001","2003-12-02",10.9246528358925,0.555555555555557,0.567901234567905,0.550446998722863,25.075613934938,24.8143860650619,24.945,0.761585156919733,53.8081713213721,24.884,24.9460219587416,0.018039928601099,-0.0697012180163447
"7236000","2003-12-03",11.4230999602667,0,0.407407407407409,0.525471831985244,25.0790396620919,24.807960337908,24.9435,0.0444137970618546,42.7456763002482,24.8832,24.9238856975761,-0.0383230553507086,-0.0634255854832175
"7235999","2003-12-04",11.5910637608733,0.187499999999996,0.247685185185184,0.407664609053499,25.0786134010981,24.8090532655686,24.9438333333333,0.226096986899451,46.3117478998897,24.8868,24.9127009378993,-0.0628750429570335,-0.0633154769779807
"7235998","2003-12-07",11.3579980421379,0.249999999999994,0.14583333333333,0.266975308641974,25.0777068615826,24.8122931384174,24.945,0.317894369752603,47.4858914475896,24.8912,24.9056741461794,-0.075000910175016,-0.0656525636173878
"7235997","2003-12-08",11.3853310797285,0.156249999999991,0.19791666666666,0.197145061728391,25.0749907885723,24.8186758780943,24.9468333333333,0.252257877305836,45.8655574316821,24.8944,24.8955842600221,-0.0932645559384992,-0.0711749620816101
"7235996","2003-12-09",11.4107117574912,0.156249999999991,0.187499999999992,0.177083333333327,25.0743608893989,24.8203057772677,24.9473333333333,0.234965642814789,45.8655574316821,24.896,24.8868396920192,-0.106521863090669,-0.0782443422834219
"7235995","2003-12-10",11.4342795296994,0.374999999999992,0.229166666666658,0.204861111111103,25.0710018518375,24.8309981481624,24.951,0.39861267571834,50.4417285528976,24.9,24.8885943997499,-0.0932616063214042,-0.0812477950910184
"7235994","2003-12-11",11.645693623018,0.322580645161285,0.284610215053756,0.233758960573468,25.0688845672298,24.8367820994369,24.9528333333333,0.30109359841949,49.1629849636484,24.9024,24.8874484797833,-0.0882199732229139,-0.0826422307173975
"7235993","2003-12-14",12.1252118983213,0.225806451612905,0.307795698924727,0.273857526881713,25.0684264069068,24.8295735930932,24.949,0.239030357909209,47.2288925847828,24.902,24.8824553491455,-0.0928824612369317,-0.0846902768213043
"7235992","2003-12-15",11.9216184861102,0.533333333333339,0.36057347670251,0.317659796893664,25.0681699254676,24.829496741199,24.9488333333333,0.560752530890574,53.1797389614043,24.9072,24.8901279692594,-0.0666276354559625,-0.081077748548236
"7235991","2003-12-16",11.6056373249808,0.600000000000005,0.453046594982083,0.373805256869773,25.0674486350396,24.8295513649604,24.9485,0.632410094447681,54.410074538817,24.9124,24.8994442400249,-0.0388940959948791,-0.0726410180375646
"7235990","2003-12-17",11.3122262467892,0.600000000000005,0.577777777777783,0.463799283154125,25.0659156963027,24.8297509703639,24.9478333333333,0.636204365570753,54.410074538817,24.9176,24.9075183413549,-0.0167282587095641,-0.0614584661719645
"7235989","2003-12-18",11.3935946031383,0.5,0.56666666666667,0.532497013142178,25.0616570877271,24.8296762456062,24.9456666666666,0.533048706076752,52.0315002188867,24.9216,24.9105158958409,-0.00878135974403671,-0.0509230448863789
"7235988","2003-12-21",11.7006723842483,0.433333333333334,0.511111111111113,0.551851851851855,25.0577982721671,24.8288683944995,24.9433333333333,0.485439500657274,50.4481532256399,24.9204,24.9104471097288,-0.00885953217641955,-0.0425103423443871
"7235987","2003-12-22",12.9867710497166,0.124999999999991,0.352777777777775,0.476851851851852,25.0574505941569,24.818549405843,24.938,0.173505181993882,43.3456707736992,24.9148,24.8970541617649,-0.0408511782871157,-0.0421785095329328
"7235986","2003-12-23",13.5619623945164,0.666666666666667,0.40833333333333,0.424074074074073,25.0475271170522,24.8221395496144,24.9348333333333,0.641238195590042,53.2657076568573,24.9144,24.9041136068629,-0.0206052850811433,-0.0378638646425749
"7235985","2003-12-25",13.3825962213121,0.791666666666665,0.527777777777774,0.429629629629626,25.056883040791,24.8204502925423,24.9386666666666,0.829903537381234,56.2144552169672,24.9164,24.9168984592812,0.0114967492830909,-0.0279917418574418
"7235984","2003-12-28",13.5376792895793,0.666666666666662,0.708333333333331,0.548148148148145,25.0524494108702,24.8218839224631,24.9371666666666,0.685775128920033,54.0123847617783,24.9164,24.9239786647104,0.0269034795029821,-0.017012697585357
"7235983","2003-12-29",12.6340443191458,0.629629629629637,0.695987654320988,0.644032921810698,25.0561750350635,24.8204916316031,24.9383333333333,0.818223510433263,54.6500944565281,24.9184,24.9314481760823,0.0418627833263852,-0.00523760140300856
"7235982","2003-12-30",11.906389511425,0.586206896551725,0.627501064282674,0.677274017312331,25.0541905419626,24.821476124704,24.9378333333333,0.853079399354069,54.6500944565281,24.9204,24.9379217526047,0.0531009843963925,0.00643011575687166
"7235981","2004-01-01",11.4789754108102,0.413793103448275,0.543209876543212,0.622232865048958,25.0468303482188,24.8235029851145,24.9351666666666,0.61119700241013,50.5826374450562,24.9176,24.9368655189241,0.0453059668267475,0.0142052859708468
"7235980","2004-01-04",11.1696197494279,0.413793103448275,0.471264367816092,0.547325102880659,25.0438432996157,24.8431567003842,24.9435,0.715094913322494,50.5826374450562,24.9188,24.9359501164009,0.0386824721376522,0.0191007232042079
"7235979","2004-01-05",11.0956166222909,0.612903225806451,0.480163144234334,0.498212462864546,25.0547705102535,24.8492294897464,24.952,0.928138382221214,55.9106271650335,24.9188,24.9444901008807,0.0554405168611938,0.0263686819356051
"7235978","2004-01-06",11.8078338078056,0.53846153846154,0.521719289238756,0.49104893376306,25.0747012918306,24.8476320415027,24.9611666666666,1.0233352079235,57.3262932337306,24.9212,24.95455808743,0.0743242918861631,0.0359598039257167
"7235977","2004-01-07",12.4691783372122,0.463414634146344,0.538259799471445,0.513380744314845,25.0882837478147,24.8530495855186,24.9706666666667,0.936444543873198,55.4102653926234,24.9208,24.960617009106,0.0818719277744018,0.0451422286954537
"7235976","2004-01-08",13.3666100545376,0.659090909090913,0.553655693899599,0.537878260869933,25.1179305548345,24.8504027784988,24.9841666666667,1.1198733290605,62.2111620991725,24.9256,24.9792014078919,0.118787079630489,0.0598711988824608
"7235975","2004-01-11",14.1999395063398,0.489795918367349,0.537433820534869,0.543116437968637,25.1402894219604,24.8487105780396,24.9945,0.976143369890835,57.4897048874397,24.9364,24.9886412201729,0.130366600521237,0.073970279210216
"7235974","2004-01-12",14.9737454258704,0.53061224489796,0.559833024118741,0.550307512851069,25.1606640540319,24.8523359459681,25.0065,0.954602298657965,58.8354889479616,24.9456,24.9994890574832,0.144324513084815,0.0880411259851357
"7235973","2004-01-13",15.6922794940059,0.4054054054054,0.475271189556903,0.524179344736837,25.1708369802627,24.8661630197373,25.0185,0.855024323313197,59.5254396923296,24.9544,25.0102238498188,0.156791766491349,0.101791254086378
"7235972","2004-01-14",16.3594897001318,0.513513513513516,0.483177054605625,0.506093756093756,25.1888505172167,24.8671494827833,25.028,0.889595680206838,62.2509382860914,24.966,25.024860669843,0.177509249937091,0.116934853256521
"7235971","2004-01-15",17.1058905251252,0.621621621621621,0.513513513513512,0.490653919225347,25.2108638969089,24.8654694364244,25.0381666666667,0.920292399776981,64.8033451041476,24.9792,25.0428792471972,0.204434811992238,0.134434845003664
"7235970","2004-01-19",17.5736510593341,0.59459459459459,0.576576576576575,0.524422381565237,25.2291942888683,24.867139044465,25.0481666666667,0.864124910137917,63.6447517746177,24.9892,25.0571620142376,0.219983949449998,0.151544665892931
"7235969","2004-01-20",18.763170390914,0.729729729729727,0.648648648648646,0.579579579579578,25.2546391755261,24.8696941578072,25.0621666666667,0.944652245873817,66.8373047136842,25.002,25.0762070790059,0.245539576752063,0.170343648064757
"7235968","2004-01-21",21.6682368245645,0.516129032258064,0.613484452194127,0.612903225806449,25.3039116289445,24.8614217043888,25.0826666666667,1.10415688244599,69.7025496823477,25.018,25.0993794684718,0.278612189271943,0.191997356306195
"7235967","2004-01-22",24.3657985129542,0.677419354838711,0.641092705608834,0.634408602150535,25.3420168566697,24.875649809997,25.1088333333333,1.0885921871162,74.456060569394,25.0344,25.1327955393422,0.333026966448813,0.220203278334718
"7235966","2004-01-25",26.114572028547,0.563636363636361,0.585728250244379,0.61343513601578,25.3778873212333,24.8797793454333,25.1288333333333,0.977473449308606,69.742484703892,25.0484,25.1564228007633,0.359073769806395,0.247977376629054
"7235965","2004-01-26",27.7384331501689,0.563636363636361,0.601564027370478,0.609461661074563,25.4032645956779,24.8860687376554,25.1446666666667,0.864787659723478,69.742484703892,25.0624,25.1768997606615,0.375326487828143,0.273447198868871
"7235964","2004-01-27",29.5075271897799,0.563636363636361,0.563636363636361,0.583642880417072,25.4242780553782,24.9017219446218,25.163,0.851477406705299,69.742484703892,25.0776,25.19464645924,0.383733618836835,0.295504482862464
"7235963","2004-01-28",29.2467749912937,0.299999999999997,0.475757575757573,0.54698598892147,25.4304010803253,24.9202655863414,25.1753333333333,0.665968978173759,57.2862310953264,25.0892,25.1953602646746,0.351105356685943,0.30662465762716
"7235962","2004-01-29",29.093723399888,0.399999999999999,0.421212121212119,0.486868686868684,25.438992161318,24.9393411720153,25.1891666666667,0.715150179428342,60.7203813379011,25.1068,25.202645562718,0.337364537684026,0.312772633638533
"7235961","2004-02-01",28.9516040650113,0.437500000000001,0.379166666666666,0.425378787878786,25.4391388473402,24.9748611526598,25.207,0.736209208245856,62.6601922969759,25.12,25.2129594876889,0.332235048650964,0.316665116641019
"7235960","2004-02-02",28.9192616053301,0.531914893617018,0.456471631205673,0.418950139694819,25.4423986076941,25.0082680589725,25.2253333333333,0.794842186012782,65.7004731718642,25.1332,25.2285648893304,0.340221457980627,0.321376384908941
"7235959","2004-02-03",28.0319252860541,0.372093023255815,0.447169305624278,0.427602534498872,25.4424490638911,25.0362176027756,25.2393333333333,0.698573164287118,60.4039412916981,25.1456,25.2354229040864,0.326771438850049,0.322455395697162
"7235958","2004-02-04",26.8861139327901,0.275000000000006,0.393002638957613,0.432214525262521,25.440866838548,25.0594664947854,25.2501666666667,0.621919134999399,58.376691584505,25.1568,25.2386998502082,0.306182023209933,0.319200721199717
"7235957","2004-02-05",26.5204519373978,0.375000000000003,0.340697674418608,0.3936232063335,25.4400740235301,25.0872593098032,25.2636666666667,0.725803129991721,61.1826578426795,25.1696,25.2468732035138,0.299196229464438,0.315199822852661
"7235956","2004-02-08",25.8473843956428,0.228571428571433,0.292857142857148,0.342185818744456,25.4421114289343,25.102221904399,25.2721666666667,0.640732002254938,59.0395521520683,25.1836,25.2512901097119,0.283985950126775,0.308957048307484
"7235955","2004-02-09",24.7345050746555,0.142857142857144,0.248809523809527,0.294121447028427,25.43806587771,25.1226007889566,25.2803333333333,0.551775406901231,55.8777816118942,25.1964,25.2511180950837,0.259353425848841,0.299036323815755
"7235954","2004-02-10",23.7011171337388,0.17857142857143,0.183333333333336,0.24166666666667,25.4324980886724,25.1418352446609,25.2871666666667,0.486811753162473,55.8777816118942,25.2064,25.2509690157392,0.237099369918292,0.286648933036262
"7235953","2004-02-11",22.7415426171732,0.17857142857143,0.166666666666668,0.199603174603177,25.4204060072989,25.169593992701,25.295,0.453484418657712,55.8777816118942,25.2156,25.2508398136406,0.21696224754999,0.272711595939008
"7235952","2004-02-12",22.0442196235743,0,0.11904761904762,0.156349206349208,25.4127531076095,25.1825802257238,25.2976666666667,0.104644998774483,44.8726652219691,25.2212,25.2360611718219,0.163952738479956,0.250959824447197
"7235951","2004-02-16",20.6861938901708,0.482758620689659,0.220443349753696,0.168719211822661,25.4077567136811,25.2019099529855,25.3048333333333,0.606065955371639,56.5907747439395,25.2284,25.2419196822456,0.164803859987184,0.233728631555195
"7235950","2004-02-17",19.7479072501752,0.275862068965512,0.25287356321839,0.197454844006569,25.3967302567473,25.2219364099194,25.3093333333333,0.274973009364229,51.5348619810331,25.2352,25.2389970579462,0.144626143777282,0.215908133999612
"7235949","2004-02-18",18.603478933856,0.413793103448281,0.390804597701151,0.288040503557746,25.3930905586917,25.232576107975,25.3128333333333,0.440815297578671,54.4561671898308,25.2428,25.24179745022,0.139812584315746,0.200689024062839
"7235948","2004-02-19",17.6558388292751,0.466666666666667,0.38544061302682,0.343039591315453,25.3910330451281,25.2329669548719,25.312,0.634964642313605,55.8878933669719,25.2508,25.246891123524,0.140765815359578,0.188704382322187
"7235947","2004-02-22",16.6369156122321,0.433333333333329,0.437931034482759,0.404725415070243,25.381237263391,25.236762736609,25.309,0.599210107501944,54.9576149321672,25.2568,25.2499723070542,0.136745153929141,0.178312536643578
"7235946","2004-02-23",15.6907726249779,0.599999999999998,0.499999999999998,0.441123882503192,25.3786500770324,25.2380165896342,25.3083333333333,0.819980687619528,58.6626516493055,25.2632,25.2593093327803,0.14782693851354,0.17221541701757
"7235945","2004-02-24",14.8122112796705,0.633333333333324,0.55555555555555,0.497828863346102,25.3827845319406,25.2365488013927,25.3096666666667,0.844193126705346,59.3822687544522,25.2704,25.2687347550762,0.157970602727908,0.169366454159638
"7235944","2004-02-25",13.9964043161707,0.599999999999998,0.611111111111107,0.555555555555551,25.3844177422294,25.2359155911039,25.3101666666667,0.813126777272849,58.2894861491253,25.2752,25.2755701210661,0.160950907164792,0.167683344760669
"7235943","2004-02-26",13.2388692786352,0.700000000000001,0.644444444444441,0.603703703703699,25.3918829508007,25.2401170491993,25.316,0.899738452620312,60.6301888529833,25.2792,25.2854941049239,0.170909547767928,0.16832858536212
"7235942","2004-02-29",14.6928200252449,0.586956521739128,0.628985507246376,0.628180354267308,25.4264311242104,25.2232355424562,25.3248333333333,1.23082297714333,64.8756397178743,25.2816,25.3020948909341,0.195669145046629,0.173796697299022
"7235941","2004-03-01",16.0429171470967,0.717391304347821,0.668115942028984,0.647181964573266,25.4651597486459,25.2041735846874,25.3346666666667,1.18458290645274,68.5302303356723,25.288,25.3244822388095,0.231706947697696,0.185378747378757
"7235940","2004-03-02",17.4906330202418,0.791666666666664,0.698671497584538,0.665257648953299,25.506288997357,25.1830443359763,25.3446666666667,1.14553785907984,71.2177887105014,25.2964,25.3505512736349,0.272980396136258,0.202899077130257
"7235939","2004-03-03",18.0199421605335,0.0208333333333292,0.509963768115938,0.62558373590982,25.5094041846525,25.1705958153475,25.34,0.165494292346393,42.3768490323961,25.29,25.3238111038169,0.185722832018542,0.199463828107914
"7235938","2004-03-04",18.5114435050901,0.319148936170216,0.377216312056736,0.528617192585737,25.5097692756576,25.1728973910091,25.3413333333333,0.446567223860857,51.0342503097707,25.294,25.3206362899747,0.162471320677815,0.192065326621894
"7235937","2004-03-07",18.0648973841135,0.319148936170216,0.219710401891254,0.368963494021309,25.5101435031886,25.1731898301447,25.3416666666667,0.524731391879661,51.0342503097707,25.296,25.3178847846447,0.14240347525436,0.182132956348387
"7235936","2004-03-08",16.9520967126868,0.382978723404253,0.340425531914895,0.312450748620961,25.5149525146386,25.1757141520281,25.3453333333333,0.641493431434555,52.6831921775773,25.298,25.3195001466921,0.134510834136115,0.172608531905933
"7235935","2004-03-09",15.8464875383156,0.489361702127658,0.397163120567375,0.319099684791174,25.5248712518711,25.1797954147956,25.3523333333333,0.744390723059807,55.3801518820703,25.3,25.3275667937998,0.142542924528022,0.166595410430351
"7235934","2004-03-10",15.2761948535658,0.702127659574468,0.52482269503546,0.42080378250591,25.5482303633709,25.1801029699624,25.3641666666667,0.923313603180814,60.2589518890521,25.308,25.3478912212932,0.178679082116884,0.169012144767657
"7235933","2004-03-11",14.7466373605838,0.744680851063829,0.645390070921985,0.522458628841606,25.5707571381255,25.1825761952078,25.3766666666667,0.903591854584947,61.1733380853121,25.3176,25.3681723917874,0.211200812510692,0.177449878316264
"7235932","2004-03-14",14.3524252103086,0.744680851063829,0.730496453900709,0.633569739952717,25.5826979598905,25.2036353734428,25.3931666666667,0.878565453649135,61.1733380853121,25.3256,25.3857494062158,0.234231047243338,0.188806112101679
"7235931","2004-03-15",14.1869013812288,0.729166666666669,0.739509456264775,0.705131993695823,25.6016821241848,25.2063178758152,25.404,0.85241763489719,61.1733380853121,25.3344,25.4009828187203,0.249571494079537,0.200959188497251
"7235930","2004-03-16",14.2357315284739,0.780000000000001,0.751282505910166,0.740429472025216,25.6206026388256,25.2180640278411,25.4193333333333,0.890852775460559,63.283591369651,25.346,25.419518442891,0.271270221385644,0.215021395074929
"7235929","2004-03-17",14.7666345393651,0.709090909090909,0.739419191919193,0.743403718031378,25.6412756948059,25.2263909718607,25.4338333333333,0.884444138766378,63.283591369651,25.3576,25.4355826505055,0.285140958556673,0.229045307771278
"7235928","2004-03-18",15.7026706071225,0.716666666666664,0.735252525252525,0.741984741027294,25.6688191175591,25.2291808824409,25.449,0.926866117812156,65.4607345650719,25.3708,25.4548382971048,0.305261429464321,0.244288532109887
"7235927","2004-03-21",16.1272594668533,0.666666666666669,0.697474747474747,0.724048821548821,25.6818459783917,25.2424873549416,25.4621666666667,0.783367603035397,62.4689063776056,25.3872,25.4675265241575,0.308111438046166,0.257053113297143
"7235926","2004-03-22",16.0887264121127,0.616666666666667,0.666666666666667,0.699797979797979,25.6897331186751,25.2549335479915,25.4723333333333,0.693959099823247,59.5384324957425,25.3968,25.4745229876031,0.297421459618574,0.265126782561429
"7235925","2004-03-23",16.4553924133276,0.577777777777774,0.62037037037037,0.661503928170594,25.701584594988,25.2667487383453,25.4841666666667,0.758718314695994,62.0918947907168,25.4104,25.4859199225894,0.298166953774426,0.271734816804028
"7235924","2004-03-24",17.4246097044887,0.688888888888887,0.627777777777776,0.638271604938271,25.7200490141726,25.2779509858274,25.499,0.849093014305061,65.0601578093035,25.4244,25.5024639329108,0.310973336599041,0.279582520763031
"7235923","2004-03-25",17.7270687092951,0.571428571428574,0.612698412698412,0.620282186948852,25.7254265412004,25.292906792133,25.5091666666667,0.663769015139915,60.9485795332631,25.436,25.511468741856,0.304927295715385,0.284651475753502
"7235922","2004-03-28",17.0682045273533,0.324324324324326,0.528213928213929,0.589563372896705,25.7285028291996,25.2964971708004,25.5125,0.5636565736243,54.4620797992968,25.4452,25.5099395762752,0.274822729349444,0.28268572647269
"7235921","2004-03-29",16.4406068020136,0,0.2985842985843,0.479832213165546,25.7276632613456,25.2953367386544,25.5115,0.457979291777924,46.1501922470714,25.448,25.4939476327719,0.213700707021602,0.268888722582473
"7235920","2004-03-30",16.0504411798898,0,0.108108108108108,0.311635444968779,25.7231999462448,25.2891333870885,25.5061666666667,0.362924248033176,44.8110923948956,25.4496,25.4774212817356,0.157104678689346,0.246531913803847
"7235919","2004-03-31",16.2397187955853,0,-2.96059473233375e-16,0.135564135564136,25.7018238617306,25.3235094716028,25.5126666666667,0.087644551540061,40.9703509665513,25.4492,25.4550984441709,0.0921566280979169,0.215656856662661
"7235918","2004-04-01",17.6308202785272,0,-2.96059473233375e-16,0.0360360360360357,25.7256141255145,25.2873858744855,25.5065,-0.199407213661515,32.476864695354,25.4408,25.4130853182814,-0.0131633138394149,0.169892822562246
"7235917","2004-04-04",19.2080202848476,0,-2.96059473233375e-16,-5.45859653774035e-16,25.7626691604206,25.227997506246,25.4953333333333,-0.189519752521403,30.4757305763937,25.428,25.3700072758439,-0.111391274140427,0.113636003221711
"7235916","2004-04-05",21.0416061110643,0,-2.96059473233375e-16,-5.45859653774035e-16,25.7965541290467,25.1647792042866,25.4806666666667,-0.102535257016172,27.8852007598614,25.41,25.3233396390647,-0.2092917236032,0.0490504578567292
"7235915","2004-04-06",22.7442215211227,0.027397260273972,0.0091324200913237,0.00304414003044079,25.8215842545175,25.1054157454825,25.4635,-0.016870906772317,29.7232732459542,25.3908,25.2855610205227,-0.277482527379003,-0.0162561391904172
"7235914","2004-04-07",24.3252215447483,0.0416666666666683,0.0230213089802131,0.0107179096905119,25.8361815749648,25.0461517583685,25.4411666666667,0.0344057583571988,30.6747201439318,25.3868,25.254152884453,-0.32471516675282,-0.0779479447028978
"7235913","2004-04-11",26.0202274930095,0,0.0230213089802131,0.0183916793505831,25.8451419998086,24.9881913335247,25.4166666666667,0.0643467611125668,28.9843520013723,25.3752,25.221599166526,-0.37077403479745,-0.136513162721808
"7235912","2004-04-12",28.2170054078097,0,0.0138888888888891,0.0199771689497716,25.8614843491936,24.9101823174731,25.3858333333333,0.0103202581299679,24.2979605966139,25.3584,25.1760526109892,-0.443947006094381,-0.197999931396323
"7235911","2004-04-13",31.5379815946755,0,-2.96059473233375e-16,0.0123033992897004,25.9308999542663,24.740433379067,25.3356666666667,-0.168365398275447,14.4364036589196,25.32,25.068578929524,-0.658642710049717,-0.290128487127002
"7235910","2004-04-14",34.7261333340092,0,-2.96059473233375e-16,0.00462962962962927,25.9893606561721,24.5629726771612,25.2761666666667,-0.123603124177221,13.6193606276932,25.2768,24.9661017389208,-0.842815456756307,-0.400665881052863
"7235909","2004-04-15",37.6865599491047,0.014285714285714,0.00476190476190437,0.00158730158730101,26.0093722142633,24.4232944524034,25.2163333333333,-0.0167884490767132,15.0978601496153,25.2304,24.879954840398,-0.972112120798541,-0.514955129001998
"7235908","2004-04-18",38.9481500945394,0.07142857142857,0.0285714285714277,0.0111111111111103,25.9864745949487,24.332192071718,25.1593333333333,0.0994235220641083,20.9279149838602,25.1864,24.8159608616783,-1.03734932925187,-0.619433969051972
"7235907","2004-04-19",40.1196266581572,0.107692307692308,0.0644688644688637,0.0326007326007317,25.9567284923818,24.2516048409516,25.1041666666667,0.135901283280774,23.7473596604759,25.144,24.7658327467878,-1.06420248145266,-0.70838767153211
"7235906","2004-04-20",41.3276342761363,0.0869565217391287,0.0886924669533353,0.060577586664542,25.9201829251225,24.1774837415442,25.0488333333333,0.156375960362963,22.8691950164603,25.1,24.7170550472161,-1.08634989294453,-0.783980115814593
"7235905","2004-04-21",41.5107129295055,0.196078431372548,0.130242420267995,0.0944679172300644,25.8557721683362,24.1368944983305,24.9963333333333,0.238395189772195,29.853033764111,25.0584,24.688114374254,-1.05926476923341,-0.839037046498357
"7235904","2004-04-22",42.3213384163295,0.0104166666666646,0.0978172065927803,0.10558403127137,25.7770505115126,24.0876161551541,24.9323333333333,0.169120023577058,25.1866991478693,25.0092,24.6376991243534,-1.08765562417964,-0.888760762034614
"7235903","2004-04-25",43.7936711727642,0,0.0688316993464041,0.0989637754023928,25.7226420374359,23.9936912958974,24.8581666666667,0.0595594589800923,19.8979970443467,24.9464,24.554005907773,-1.19533584451922,-0.950075778531535
"7235902","2004-04-26",44.4878623425265,0,0.00347222222222125,0.0567070427204683,25.6495798513761,23.9244201486239,24.787,0.111436939858994,19.7491331700754,24.8844,24.4801384534033,-1.27015404026012,-1.01409143087725
"7235901","2004-04-27",45.47964481101,0,-2.80446961949584e-16,0.0241013071895414,25.5827653281411,23.8362346718589,24.7095,0.0613208025230918,17.619742026128,24.8176,24.3961199929495,-1.36406168020142,-1.08408548074209
"7235900","2004-04-28",46.4005856746019,0.119047619047618,0.0396825396825391,0.0143849206349198,25.4896106737086,23.7890559929581,24.6393333333333,0.149526118303357,26.1902369090031,24.7552,24.3433039938896,-1.37370584502059,-1.14200955359779
"7235899","2004-04-29",47.6695657662351,0,0.0396825396825391,0.0264550264550257,25.4062442675543,23.7284223991123,24.5673333333333,0.112195621653886,22.7863103564713,24.6828,24.2708634613709,-1.43178791629106,-1.19996522613644
"7235898","2004-05-02",48.8479044227517,0.166666666666667,0.0952380952380946,0.0582010582010573,25.3281204893949,23.6865461772718,24.5073333333333,0.190947080746405,31.4247507569992,24.6192,24.2320816665215,-1.40230043809171,-1.2404322685275
"7235897","2004-05-03",50.2184704601043,0.0337078651685366,0.0667915106117341,0.0672373818441224,25.2554716496957,23.6368616836377,24.4461666666667,0.16462993264809,28.5575061056996,24.5524,24.178470777652,-1.41299068305172,-1.27494395143234
"7235896","2004-05-04",51.5763405088674,0,0.0667915106117341,0.0762737054871874,25.1730794550002,23.5955872116665,24.3843333333333,0.169728962407446,27.6518152464343,24.488,24.1253413406317,-1.42223552116318,-1.30440226537851
"7235895","2004-05-05",53.6841941093859,0,0.0112359550561786,0.0482729920932153,25.1398547879772,23.4528118786895,24.2963333333333,-0.070821284211806,18.0399984576754,24.3932,23.9752958285475,-1.67300036107705,-1.37812188451822
"7235894","2004-05-06",55.7714155290132,0,-2.91433543964104e-16,0.0260091552226372,25.1403803013367,23.2412863653299,24.1908333333333,-0.146360865424622,16.4600827126851,24.2928,23.8185897180745,-1.92006244386504,-1.48650999638758
"7235893","2004-05-09",58.0344171250362,0,-2.91433543964104e-16,0.00374531835205907,25.2270450915932,22.8836215750735,24.0553333333333,-0.23482236047429,12.3750388092729,24.1712,23.5894444223312,-2.33142490325582,-1.65549297776123
"7235892","2004-05-10",59.3612465619988,0.0393700787401567,0.0131233595800519,0.00437445319335019,25.2271281946594,22.6365384720072,23.9318333333333,-0.0720061808229013,15.5976356082221,24.0556,23.4041851660204,-2.59900154526026,-1.84419469126104
"7235891","2004-05-11",60.5933024677499,0.124999999999999,0.0547900262467182,0.0226377952755897,25.2296090006783,22.4333909993217,23.8315,0.0357419678877607,21.7926243913964,23.9508,23.270293810551,-2.7145265192861,-2.01826105686605
"7235890","2004-05-12",61.1973020376373,0.244444444444443,0.136271507728199,0.0680616311849895,25.200358623043,22.2973080436237,23.7488333333333,0.150195553877282,28.8250887855652,23.8552,23.1875879691442,-2.69032981621611,-2.15267480873606
"7235889","2004-05-13",60.5102495908247,0.333333333333333,0.234259259259258,0.141773597744725,25.1358445636845,22.2171554363155,23.6765,0.251086885825734,33.9425690800142,23.7672,23.142576239925,-2.57272975815381,-2.23668579861961
"7235888","2004-05-16",59.4108103908692,0.497560975609757,0.358446251129177,0.242992339372211,25.0346287962371,22.1850378704296,23.6098333333333,0.343310842985832,40.1941696405345,23.6916,23.1395660746016,-2.35839829610336,-2.26102829811636
"7235887","2004-05-17",58.59455072326,0.439024390243902,0.423306233062331,0.338670581150255,24.9225889021187,22.1604110978813,23.5415,0.34619623954635,38.4523829553867,23.6164,23.1209572646548,-2.20502101912116,-2.24982684231732
"7235886","2004-05-18",57.8365953176228,0.536585365853658,0.491056910569105,0.424269798253537,24.8021862545837,22.1588137454163,23.4805,0.405234695779258,42.8940566328884,23.5696,23.1314962960341,-1.99075371047125,-2.19801221594811
"7235885","2004-05-19",54.2030375771448,0.717948717948718,0.564519491348759,0.492960878326731,24.6703325673603,22.2043340993064,23.4373333333333,0.599756752969165,48.8562236820023,23.5376,23.1806301232296,-1.69673042944238,-2.09775585864696
"7235884","2004-05-20",50.8290196752723,0.923076923076922,0.725870335626432,0.593815579181432,24.597623911861,22.2347094214723,23.4161666666667,0.725921562335299,55.5238791566812,23.5208,23.276546106799,-1.30975420201142,-1.94015552731985
"7235883","2004-05-23",47.5688883973541,0.939698492462311,0.860241377829317,0.716877068268169,24.5838732928341,22.2397933738325,23.4118333333333,0.755181856991222,56.5904468068308,23.5036,23.3690066258924,-0.96822690610967,-1.74576980307782
"7235882","2004-05-24",45.3906384362999,0.756097560975609,0.87295765883828,0.819689790764676,24.5397233834548,22.2539432832119,23.3968333333333,0.683671794714073,50.6149140573246,23.472,23.4064724091068,-0.798995128616065,-1.55641486818547
"7235881","2004-05-25",43.2634576220461,0.793269230769231,0.82968842806905,0.854295821578882,24.532640263237,22.2560264034297,23.3943333333333,0.719185171806977,52.3096374987807,23.446,23.4522760878925,-0.623329937928885,-1.36979788213415
"7235880","2004-05-26",41.214775155276,0.928571428571429,0.82597940677209,0.842875164559806,24.5421834545106,22.2521498788227,23.3971666666667,0.806909619489847,57.0693076156591,23.428,23.5319726095069,-0.376999163613156,-1.17123813842995
"7235879","2004-05-27",39.3124271504181,0.790697674418604,0.837512777919754,0.831060204253631,24.5623443988346,22.2453222678321,23.4038333333333,0.778878072859444,54.1587922987188,23.4116,23.5810429282393,-0.230817366065361,-0.983153983957033
"7235878","2004-05-31",37.5459611459072,0.769230769230768,0.829499957406933,0.830997380699592,24.5568417881059,22.2471582118941,23.402,0.74303473389806,54.1587922987188,23.4072,23.6235705378074,-0.113812179256023,-0.809285623016831
"7235877","2004-06-01",34.9914685366044,0.827586206896551,0.795838216848641,0.820950317391776,24.6024022839241,22.2302643827425,23.4163333333333,0.826147424347166,57.3538508118943,23.4108,23.6857611327664,0.0429792720880728,-0.63883264399585
"7235876","2004-06-02",33.0100636298223,0.68181818181818,0.7595450526485,0.794961075634691,24.6138484075036,22.2274849258297,23.4206666666667,0.721815887394508,53.3494512484556,23.4128,23.7143263150642,0.101222341195517,-0.490821646957577
"7235875","2004-06-03",31.6921763963169,0.525179856115108,0.678194748276613,0.744526005924584,24.6556627465794,22.2393372534206,23.4475,0.674852271019037,49.9865944324276,23.402,23.7164161397223,0.0885498104217453,-0.374947355481712
"7235874","2004-06-06",30.4684239652047,0.719424460431654,0.642140832788314,0.693293544571142,24.7157388302957,22.2879278363709,23.5018333333333,0.725786384540791,54.8539968486628,23.41,23.7542273210927,0.16826342081,-0.26630520022337
"7235873","2004-06-07",29.3320824220291,0.672268907563025,0.638957741369929,0.653097774144952,24.695024000843,22.4786426658236,23.5868333333333,0.701454502862477,54.8539968486628,23.4108,23.7869970116137,0.228676102902559,-0.167308939598184
"7235872","2004-06-08",29.4243508816368,0.112359550561799,0.501350972852159,0.594149849003467,24.6306250487775,22.6730416178891,23.6518333333333,0.550146862257673,46.9956052544327,23.4016,23.7620640767318,0.139290952883209,-0.105988961101906
"7235871","2004-06-09",29.9238421986646,0,0.261542819374941,0.467283844532343,24.538721883334,22.8629447833327,23.7008333333333,0.388111611025209,43.9446975726589,23.3872,23.7164555331676,0.0071298590708313,-0.0833651970673583
"7235870","2004-06-13",30.1501739011877,0.0309278350515439,0.0477624618711141,0.270218751366071,24.4577160131971,23.0256173201362,23.7416666666667,0.366163786340025,44.5903380541243,23.4052,23.6809281287453,-0.0865961909543578,-0.0840113958447582
"7235869","2004-06-14",30.75187924494,0,0.0103092783505144,0.106538186532189,24.405506200817,23.1198271325163,23.7626666666667,0.194584226850915,41.6619665718902,23.4244,23.6274710449126,-0.216542435377387,-0.110517603751284
"7235868","2004-06-15",30.4221630540813,0.18018018018018,0.0703693384105743,0.0428136928774005,24.372289862689,23.1933768039777,23.7828333333333,0.316639009069112,46.1431441799547,23.4796,23.6078082389242,-0.248550837769779,-0.138124250554983
"7235867","2004-06-16",30.4432951748594,0.0630630630630633,0.0810810810810807,0.0539198992807227,24.3263378528191,23.2753288138475,23.8008333333333,0.191566242870889,43.7886379246459,23.5256,23.5734338070677,-0.314830602385197,-0.173465520921026
"7235866","2004-06-17",29.9205700758308,0.279279279279278,0.174174174174173,0.108541531221942,24.2836807513831,23.3626525819502,23.8231666666667,0.34093863264768,48.9659600472487,23.5732,23.575642632792,-0.282023622511074,-0.195177141239035
"7235865","2004-06-20",29.2997650067818,0.342342342342342,0.228228228228227,0.16116116116116,24.2836530808271,23.3676802525062,23.8256666666667,0.399196427581165,50.4008763268683,23.6136,23.586890281753,-0.229422505095589,-0.202026214010346
"7235864","2004-06-21",28.9039115673577,0.288288288288289,0.303303303303303,0.235235235235234,24.2714126271112,23.3482540395555,23.8098333333333,0.308808581343173,49.1258630690493,23.6436,23.588638244186,-0.20588879755985,-0.202798730720247
"7235863","2004-06-22",29.6967824676324,0,0.21021021021021,0.247247247247246,24.2744908518793,23.2755091481207,23.775,0.0378627406991781,40.4859030185377,23.644,23.5274864782945,-0.344278364776618,-0.231094657531521
"7235862","2004-06-23",30.4330197321733,0.11764705882353,0.135311782370606,0.216275098628039,24.2854562534057,23.216210413261,23.7508333333333,0.109537877703117,43.2311396675824,23.654,23.4904882811886,-0.408397193169596,-0.266555164659136
"7235861","2004-06-24",31.1166686206755,0.147058823529414,0.0882352941176479,0.144585762232821,24.2872187230991,23.1537812769009,23.7205,0.117241044233645,43.9275008354033,23.6572,23.4624231770301,-0.443936353591623,-0.302031402445633
"7235860","2004-06-27",30.7341496369509,0.0206185567010304,0.0951081463513247,0.106218407613192,24.2503353504387,23.1073313162279,23.6788333333333,0.139400514494909,41.5490599976304,23.6432,23.4207667534261,-0.511109162247503,-0.343846954406007
"7235859","2004-06-28",30.3789534377781,0.163043478260872,0.110240286163772,0.0978612422109143,24.2075632767094,23.0771033899573,23.6423333333333,0.21486530649095,44.7695301511862,23.6184,23.4019978529693,-0.513768319257413,-0.377831227376288
"7235858","2004-06-29",29.7917597063403,0.200000000000003,0.127887344987301,0.111078592500799,24.1710321419347,23.0509678580653,23.611,0.255073581682653,44.7695301511862,23.5908,23.3857314725734,-0.510050796825823,-0.404275141266195
"7235857","2004-06-30",29.2465083842909,0.200000000000003,0.187681159420292,0.141936263523788,24.0728138481487,23.0635194851846,23.5681666666667,0.267329193592573,44.7695301511862,23.576,23.3716339428969,-0.501368648577649,-0.423693842728486
"7235856","2004-07-01",28.5142617726567,0.373333333333335,0.25777777777778,0.191115427395124,24.0182282797238,23.0664383869428,23.5423333333333,0.385478926781289,48.3255003221791,23.5624,23.3767494171773,-0.444491263749847,-0.427853326932758
"7235855","2004-07-05",27.1280114579116,0.50666666666667,0.360000000000002,0.268486312399358,23.9775927368769,23.0744072631231,23.526,0.519191333161384,50.942056372393,23.5408,23.3945161615537,-0.360742623387567,-0.41443118622372
"7235854","2004-07-06",25.3562892198798,0.62666666666667,0.502222222222225,0.373333333333335,23.895204257759,23.117795742241,23.5065,0.697450885777485,53.237056907135,23.5288,23.4219140066799,-0.260365551054209,-0.383618059189818
"7235853","2004-07-07",24.0208549046212,0.720000000000004,0.617777777777781,0.493333333333336,23.8148308861319,23.1678357805348,23.4913333333333,0.868884810104379,55.0003433376739,23.5196,23.4549921391225,-0.154994881863302,-0.337893423724515
"7235852","2004-07-08",23.0009715104016,0.935064935064939,0.760577200577204,0.62685906685907,23.8425764072486,23.1517569260847,23.4971666666667,1.03487200357677,59.2549111197466,23.51,23.5076598539062,-0.00966362041008306,-0.272247463061628
"7235851","2004-07-11",22.0539369300547,0.817073170731709,0.82404603526555,0.734133671206845,23.8921804390029,23.1358195609971,23.514,0.944232389287326,57.6250896171624,23.506,23.546638540052,0.0871367837232517,-0.200370613704652
"7235850","2004-07-12",20.6168503717466,0.695121951219512,0.81575335233872,0.800125529393824,23.9136266703106,23.133039996356,23.5233333333333,0.773298712944375,54.4021901732044,23.5048,23.5670867347118,0.128024757700063,-0.134691539423709
"7235849","2004-07-13",19.7342749508105,0.750000000000001,0.754065040650407,0.797954809418225,23.9461892297091,23.1434774369576,23.5448333333333,0.817880799772524,55.7352446498217,23.4948,23.5914751700835,0.175461093594742,-0.072661012820019
"7235848","2004-07-14",19.5947244378598,0.733333333333332,0.726151761517614,0.76532338483558,23.9896884390531,23.1323115609469,23.561,0.883728566049869,57.3467150338117,23.4872,23.6206118140724,0.230822590844726,-0.0119642920870701
"7235847","2004-07-15",20.2267302200507,0.818181818181819,0.767171717171717,0.749129506446579,24.0829065670558,23.1030934329442,23.593,1.03445565122111,63.1289350915309,23.5052,23.6778635721961,0.352334727768877,0.0608955118841194
"7235846","2004-07-18",20.5040817270933,0.742268041237113,0.764594397584087,0.752639292091139,24.1398564473747,23.0834768859586,23.6116666666667,0.914939240916131,61.2655529238093,23.5284,23.7208150959033,0.426388209140294,0.133994051335354
"7235845","2004-07-19",20.6976721581346,0.731958762886596,0.764136207435175,0.765300774063659,24.1860316871422,23.0683016461911,23.6271666666667,0.872332004526387,60.8785161692984,23.55,23.7567064164495,0.47599296311045,0.202393833690373
"7235844","2004-07-20",21.1603144994952,0.762886597938144,0.74570446735395,0.758145024124404,24.243546601203,23.0561200654637,23.6498333333333,0.867882408035766,61.6610127111695,23.5796,23.7918122275896,0.519335852676073,0.265782237487513
"7235843","2004-07-21",21.5899109593301,0.773809523809522,0.756218294878087,0.75535298988907,24.2908013876571,23.0865319456762,23.6886666666667,0.833258753683226,62.7313824238704,23.6028,23.8275705972443,0.560611402672029,0.324748070524416
"7235842","2004-07-22",22.3983325416943,0.81081081081081,0.782502310852824,0.76147502436162,24.3416665531644,23.1180001135022,23.7298333333333,0.848815101484001,64.0813036821759,23.6332,23.8652278509451,0.603107552506055,0.380419966920744
"7235841","2004-07-25",23.3061963622845,0.724637681159423,0.769752671926584,0.769491092552498,24.3777854923587,23.1695478409746,23.7736666666667,0.822508296459955,63.5852414571889,23.6536,23.8965308041524,0.626021807302535,0.429540334997102
"7235840","2004-07-26",24.1897858841314,0.761904761904758,0.765784417958329,0.772679800245912,24.4044486187579,23.2362180479087,23.8203333333333,0.82499292189442,65.0423816662336,23.6732,23.9303266969321,0.65336921965522,0.474306111928726
"7235839","2004-07-27",24.6581145099936,0.683333333333332,0.723291925465837,0.752943005116916,24.4175944898012,23.3077388435321,23.8626666666667,0.773909495367179,62.8748013227271,23.6936,23.9542831373411,0.653894800256039,0.510223849594188
"7235838","2004-07-28",25.1879207092448,0.749999999999997,0.731746031746028,0.740274125056731,24.4234383951324,23.3882282715343,23.9058333333333,0.784161311757871,64.1610322396069,23.7344,23.980378719029,0.660069793312945,0.54019303833794
"7235837","2004-07-29",25.6798836085496,0.799999999999999,0.744444444444442,0.733160800552102,24.4103062175684,23.4883604490983,23.9493333333333,0.775504274423301,65.1366183638028,23.7716,24.0069948898251,0.667251292078741,0.5656046890861
"7235836","2004-08-01",26.3434688590845,0.78181818181818,0.777272727272725,0.751154401154398,24.3976480308044,23.5793519691956,23.9885,0.778831436898385,65.1366183638028,23.8076,24.0300622378484,0.665173594359136,0.585518470140707
"7235835","2004-08-02",29.3322501860042,0.280575539568346,0.620797907128841,0.714171692948669,24.4591117560828,23.6168882439172,24.038,1.08812574830609,65.8552594561654,23.8496,24.0527206061353,0.662514875200926,0.600917751152751
"7235834","2004-08-03",32.1075471324297,0.173553719008265,0.411982480131596,0.60335103817772,24.4612303620743,23.6744363045924,24.0678333333333,0.740003507318908,65.8552594561654,23.8864,24.0723578586506,0.652804300901422,0.611295061102485
"7235833","2004-08-04",35.034949614702,0.289256198347108,0.247795152307906,0.426858513189447,24.4972595148762,23.7097404851238,24.1035,0.931523963859219,70.750059261647,23.9288,24.1080434774972,0.68400798026611,0.62583764493521
"7235832","2004-08-05",37.8085971974087,0.380165289256199,0.28099173553719,0.313589789325564,24.556756474449,23.7169101922177,24.1368333333333,0.972110204437143,73.9142572951709,23.9756,24.1536376804976,0.736805234363969,0.648031162820962
"7235831","2004-08-08",39.7970771929542,0.296610169491527,0.322010552364944,0.283599146736679,24.585007798945,23.747992201055,24.1665,0.830738559748719,68.1408990083828,24.014,24.1824859897646,0.743150208377852,0.66705497193234
"7235830","2004-08-09",41.6435229031036,0.298245614035087,0.325007024260937,0.30933643738769,24.5854999638467,23.81716670282,24.2013333333333,0.80195230607351,69.1151301750016,24.0496,24.2114878577959,0.749410063401967,0.683525990226265
"7235829","2004-08-10",43.5006243796986,0.272727272727271,0.289194352084628,0.312070642903502,24.5876274557437,23.8813725442563,24.2345,0.824009546144505,69.1151301750016,24.0816,24.2366228100898,0.745652375855133,0.695951267352039
"7235828","2004-08-11",45.3027064954432,0.318181818181817,0.296384901648058,0.303528759331207,24.6012662958546,23.9300670374787,24.2656666666667,0.868991269844263,70.8387922480778,24.1128,24.2650731020778,0.750542753522176,0.706869564586066
"7235827","2004-08-12",45.51963561796,0.137614678899085,0.242841256602723,0.276140170111802,24.606969022115,23.947030977885,24.277,0.600514486038956,57.6680587371295,24.1292,24.2643966884675,0.683309449603176,0.702157541589488
"7235826","2004-08-15",45.7210698031543,0.137614678899085,0.197803725326661,0.245676627859147,24.603665957446,23.9770007092207,24.2903333333333,0.542021371709879,57.6680587371295,24.1476,24.2638104633385,0.622851880923325,0.686296409456256
"7235825","2004-08-16",45.9081158322632,0.161904761904763,0.14571137323431,0.195452118387898,24.5984927432225,24.0128405901108,24.3056666666667,0.575699087073759,60.36682164344,24.1724,24.27130240156,0.58810680451713,0.666658488468431
"7235824","2004-08-17",46.1676926617532,0.137254901960785,0.14559144758821,0.16303551538306,24.5950110840174,24.0436555826493,24.3193333333333,0.573757614761737,60.3668216434399,24.1952,24.2777954146853,0.554168484226714,0.644160487620087
"7235823","2004-08-18",46.5532650854301,0.186274509803923,0.161811391223156,0.151038070681892,24.5924316716313,24.0782349950354,24.3353333333333,0.645210325280565,62.6670800532018,24.2176,24.290089359394,0.537669984789146,0.622862387053899
"7235822","2004-08-19",47.2114829355713,0.129999999999999,0.151176470588235,0.152859769799867,24.5943768887969,24.1026231112031,24.3485,0.645397967962464,59.6827868495172,24.2288,24.2954107781414,0.505458321320962,0.599381573907312
"7235821","2004-08-22",48.0237327577597,0.560000000000002,0.292091503267974,0.201693121693121,24.6125802568708,24.1227530764626,24.3676666666667,0.865435008834805,66.1858309740594,24.248,24.3200226743892,0.523661385209961,0.584237536167842
"7235820","2004-08-23",48.777964735506,0.5,0.396666666666666,0.279978213507625,24.6278620613599,24.1414712719734,24.3846666666667,0.819359117653665,66.1858309740594,24.2676,24.3413529844707,0.531869097118665,0.573763848358006
"7235819","2004-08-24",48.3493460766891,0.227272727272724,0.429090909090908,0.372616359675182,24.6197387270435,24.1755946062899,24.3976666666667,0.565294121085742,57.5702655873057,24.2812,24.3438392532079,0.492872581284853,0.557585594943376
"7235818","2004-08-25",48.2242880094879,0.452380952380949,0.39321789321789,0.406325156325154,24.6211687382949,24.2054979283717,24.4133333333333,0.74057498773723,61.6068870940207,24.2968,24.3579940194469,0.4861754693543,0.54330356982556
"7235817","2004-08-26",48.2722331442822,0.511627906976742,0.397093862210137,0.406467554839645,24.6227846859499,24.2385486473834,24.4306666666667,0.810572984716691,62.8747732504001,24.3116,24.3742614835206,0.485169712665545,0.531676798393558
"7235816","2004-08-29",48.5976929759682,0.692307692307692,0.552105517221793,0.447472424216606,24.6469996411136,24.2600003588863,24.4535,1.06804584253523,68.1592468237883,24.3324,24.4070266190512,0.524570037016781,0.530255446118202
"7235815","2004-08-30",49.235204718766,0.812500000000003,0.672145199761478,0.540448193064469,24.7172528817074,24.2184137849593,24.4678333333333,1.20597246479361,72.9058672167722,24.3576,24.4567564031777,0.60151083427209,0.54450652374898
"7235814","2004-08-31",49.8271799085069,0.812500000000003,0.772435897435899,0.66556220480639,24.7697200516343,24.2222799483657,24.496,1.09184557007338,72.9058672167722,24.3844,24.4998555494207,0.654650382309629,0.56653529546111
"7235813","2004-09-01",47.6661326031702,0.296874999999998,0.640625000000001,0.695068699065792,24.770868987074,24.2254643462593,24.4981666666667,0.478914737537204,53.7421572993511,24.3964,24.4932081428313,0.581276807644771,0.569483597897842
"7235812","2004-09-02",44.6005933434123,0,0.369791666666666,0.594284188034188,24.7674057200164,24.2135942799836,24.4905,0.300473605251851,46.5540030595967,24.4,24.4634470571204,0.458524287323758,0.547291735783025
"7235811","2004-09-06",41.7540211736372,0.0793650793650806,0.125413359788359,0.378610008818341,24.767588084211,24.2077452491224,24.4876666666667,0.319592225407276,48.6101849459583,24.4056,24.4443207828377,0.373404893202522,0.512514367266925
"7235810","2004-09-07",39.4219419268641,0.206349206349205,0.0952380952380945,0.196814373897706,24.7681264150086,24.2098735849914,24.489,0.448052211398343,51.8050501903591,24.4136,24.438411345126,0.328569440491533,0.475725381911846
"7235809","2004-09-08",37.7489692252657,0.444444444444447,0.243386243386243,0.154679232804232,24.7779675005888,24.2130324994112,24.4955,0.673176264755045,57.1803705251135,24.4276,24.4532898324425,0.338652870674472,0.448310879664371
"7235808","2004-09-09",36.5635801194469,0.58730158730159,0.412698412698413,0.250440917107583,24.7975245922355,24.2101420744311,24.5038333333333,0.79991813056535,60.0588263832871,24.4396,24.4781845214502,0.371993549443195,0.433047413620136
"7235807","2004-09-12",35.9318683062844,0.730158730158733,0.587301587301589,0.414462081128748,24.8322773351037,24.2187226648963,24.5255,0.909363140503441,62.7551243306898,24.4508,24.5117599185902,0.423087008528245,0.431055332601758
"7235806","2004-09-13",35.1274711898056,0.682539682539683,0.666666666666668,0.555555555555556,24.8530953075837,24.2412380257497,24.5471666666667,0.831504321931639,61.270348670248,24.464,24.5368585961115,0.448412762477823,0.434526818576971
"7235805","2004-09-14",34.3805310102182,0.682539682539683,0.698412698412699,0.650793650793651,24.87009321455,24.2635734521167,24.5668333333333,0.791004532633656,61.270348670248,24.476,24.5586107832966,0.46306281101689,0.440234017064955
"7235804","2004-09-15",34.4167042924793,0.890410958904112,0.751830107994492,0.705636491024619,24.926050653008,24.2662826803253,24.5961666666667,1.03124736954849,67.7582103027786,24.4968,24.6067960121904,0.540531594081872,0.460293532468338
"7235803","2004-09-16",34.5671594791896,0.894736842105261,0.822562494516351,0.757601766974514,24.9817628972868,24.2672371027132,24.6245,0.992867674394868,68.5323260303028,24.5168,24.6525565438984,0.604508583204133,0.489136542615497
"7235802","2004-09-19",34.367277652289,0.842105263157894,0.875751021389088,0.816714541299977,25.0199276353737,24.2810723646263,24.6505,0.891822338503693,66.2483820561721,24.5428,24.6868823380452,0.634587071563741,0.518226648405146
"7235801","2004-09-20",34.1816730987384,0.894736842105261,0.877192982456138,0.858502166120525,25.0620749323469,24.2809250676531,24.6715,0.877861765081879,67.4177618132885,24.5704,24.7219646929725,0.663672728636167,0.54731586445135
"7235800","2004-09-21",33.5570000240961,0.82894736842105,0.855263157894734,0.869402387246653,25.0944596931979,24.2888736401354,24.6916666666667,0.812401965885481,64.4135344219962,24.5936,24.7457027339095,0.662636930217952,0.570380077604671
"7235799","2004-09-22",33.1373528246782,0.886075949367089,0.869920053297799,0.867458731216223,25.1252086227744,24.3154580438922,24.7203333333333,0.845373839747965,66.6538871760544,24.6196,24.7756090360549,0.676721163453364,0.59164829477441
"7235798","2004-09-23",32.6501328226157,0.864864864864867,0.859962727551001,0.861715312914511,25.1541576859528,24.3345089807138,24.7443333333333,0.803788682161579,66.0145093185655,24.6432,24.8001944979143,0.676709932160047,0.608660622251537
"7235797","2004-09-26",32.4843265517519,0.80281690140845,0.851252571880135,0.860378450909645,25.1836693375983,24.3516639957351,24.7676666666667,0.799276924643771,66.3620030069126,24.6688,24.8228352315257,0.672114434297089,0.621351384660647
"7235796","2004-09-27",32.1169911456052,0.714285714285713,0.793989160186343,0.835068153205826,25.2041791730637,24.3601541602696,24.7821666666667,0.714646087403159,64.932032589378,24.6876,24.839790533989,0.654359865251375,0.627953080778793
"7235795","2004-09-28",31.8391658887456,0.659574468085105,0.725559027926422,0.790266919997633,25.2189196341834,24.3600803658166,24.7895,0.706286173900238,64.932032589378,24.7064,24.8544851294571,0.632944946514247,0.628951453925884
"7235794","2004-09-29",29.6763356992169,0.121951219512197,0.498603800627671,0.672717329580145,25.217541907339,24.3591247593276,24.7883333333333,0.509707789916183,51.9495266797622,24.722,24.8405537788628,0.544749552373003,0.612111073615308
"7235793","2004-09-30",27.6809916692161,0.048780487804877,0.276768725134059,0.50031051789605,25.2092883328925,24.3963783337741,24.8028333333333,0.467811114766658,50.3241576235474,24.7328,24.8244799416811,0.459810265344118,0.58165091196107
"7235792","2004-10-03",25.9034367139716,0.195121951219517,0.121951219512196,0.299107915091308,25.1825036941791,24.4681629724876,24.8253333333333,0.506532830237685,53.4603871392502,24.7448,24.8185492827903,0.40730824395625,0.546782378360106
"7235791","2004-10-04",24.6460228139939,0.25641025641026,0.166770898478217,0.188496947708157,25.1449247458674,24.5544085874659,24.8496666666667,0.540077932381625,55.4784126930388,24.7528,24.8187427117516,0.374394147248069,0.512304732137699
"7235790","2004-10-05",23.4784241925861,0.46153846153846,0.304356889722745,0.197693002571052,25.1092569222972,24.6367430777028,24.873,0.613576919027092,59.2812921695906,24.7576,24.8295770168514,0.370046236890675,0.483853033088294
"7235789","2004-10-06",22.8179234573767,0,0.239316239316239,0.236814675839067,25.0861862214659,24.6784804452007,24.8823333333333,0.249002002692341,48.1974428908109,24.7544,24.8123000812712,0.298138588684704,0.446710144207576
"7235788","2004-10-07",22.2046013461109,0.048780487804877,0.170106316447779,0.23792648182892,25.0780332149252,24.6933001184082,24.8856666666667,0.138710572970288,49.2199140459924,24.7652,24.7999934037684,0.244827634361156,0.406333642238292
"7235787","2004-10-10",20.6338747545247,0.243902439024394,0.0975609756097563,0.168994510457924,25.0759313468628,24.7017353198039,24.8888333333333,0.369497990886898,53.1991380965752,24.7864,24.7999942832659,0.226007767403913,0.370268467271416
"7235786","2004-10-11",19.5580796277188,0.414634146341467,0.235772357723579,0.167813216593704,25.0724479089579,24.7205520910421,24.8965,0.519418626154216,56.4173271883419,24.8084,24.8093283788305,0.231200583901248,0.342454890597382
"7235785","2004-10-12",18.1752639965782,0.292682926829271,0.31707317073171,0.216802168021681,25.0648414361682,24.7391585638318,24.902,0.350570383644919,53.583053322863,24.8252,24.8107512616531,0.216545614622721,0.31727303540245
"7235784","2004-10-13",17.1070282438017,0.414634146341467,0.373983739837401,0.308943089430896,25.0610518492621,24.7379481507379,24.8995,0.491230885482692,55.9654160494536,24.838,24.8186510934327,0.218668388108179,0.297552105943596
"7235783","2004-10-14",16.5139984371363,0.766666666666666,0.491327913279134,0.394128274616081,25.0579648534734,24.7387018131933,24.8983333333333,0.672271741670312,58.7044682486714,24.8496,24.8334976143083,0.237105264119442,0.285462737578765
"7235782","2004-10-17",16.1213202626009,0.843749999999998,0.675016937669377,0.513442863595304,25.063987754643,24.7373455786903,24.9006666666667,0.763285045016542,60.4698097856677,24.8592,24.8516979324005,0.261659270455783,0.280702044154169
"7235781","2004-10-18",16.3579462604557,0.550000000000003,0.720138888888889,0.628827913279133,25.0658312225464,24.7368354441203,24.9013333333333,0.739111477487661,57.1793285058076,24.868,24.8608048747471,0.261834849274667,0.276928605178268
"7235780","2004-10-19",16.7205938549834,0.523809523809527,0.639186507936509,0.678114111498258,25.0712627292736,24.7357372707264,24.9035,0.747869914333115,57.1793285058076,24.8768,24.8686975581142,0.258975450615617,0.273337974265738
"7235779","2004-10-20",17.057338049902,0.523809523809527,0.532539682539685,0.630621693121694,25.0672427434043,24.737090589929,24.9021666666667,0.715557178463124,57.1793285058076,24.8768,24.875537883699,0.253773505119104,0.269425080436411
"7235778","2004-10-21",17.4497019686981,0.833333333333333,0.626984126984129,0.599570105820107,25.0809771848274,24.7303561485059,24.9056666666667,0.949678286051684,63.6096722198148,24.8808,24.8987994992058,0.288455609913596,0.273231186331848
"7235777","2004-10-24",16.2255984201486,0.454545454545452,0.603896103896104,0.587806637806639,25.0751844997204,24.7324821669462,24.9038333333333,0.722253131602884,53.6066356625946,24.8804,24.8989595659783,0.264250429143531,0.271435034894185
"7235776","2004-10-25",15.0889308393526,0.568181818181817,0.618686868686867,0.616522366522366,25.079757472341,24.731242527659,24.9055,0.761586104291388,56.0856475543222,24.8804,24.9057649571812,0.258289957499591,0.268806019415266
"7235775","2004-10-26",14.645958250836,0.477272727272728,0.499999999999998,0.574194324194322,25.085399784523,24.729600215477,24.9075,0.778714971276003,54.8237157550713,24.8816,24.9089962962237,0.244264622152368,0.263897739962687
"7235774","2004-10-27",13.9187870879391,0.277777777777772,0.441077441077439,0.519921436588101,25.0850325489795,24.7436341176871,24.9143333333333,0.55565344845928,52.9009620441955,24.8788,24.9077967900606,0.220883465856914,0.255294885141532
"7235773","2004-10-28",14.1117441120402,0.529411764705882,0.428154089918794,0.456410510332076,25.0930618812517,24.7612714520816,24.9271666666667,0.819981100516449,58.1675777752783,24.8804,24.9200905513858,0.232065329013476,0.250648973915921
"7235772","2004-10-31",13.1147094005138,0.17647058823529,0.327886710239648,0.399039413745293,25.093145484709,24.7731878486243,24.9331666666667,0.55261113170896,50.8233104691747,24.8768,24.9147451445344,0.199756150034425,0.240470409139621
"7235771","2004-11-01",12.1888914540965,0.172413793103451,0.292765382014874,0.349602060724438,25.0954433794469,24.7795566205531,24.9375,0.571228056784649,52.9555656382783,24.8756,24.9154457919298,0.184974716464925,0.229371270604682
"7235770","2004-11-02",11.3292033609947,0.25,0.199628127112913,0.273426739789145,25.0978564895348,24.7811435104652,24.9395,0.585776928834684,54.5473528615432,24.8756,24.9200530196725,0.180889244754723,0.21967486543469
"7235769","2004-11-03",11.3640478822701,0.214285714285722,0.212233169129724,0.23487555941917,25.0916254842102,24.8083745157898,24.95,0.64121752247863,53.8927609640777,24.8832,24.9227126170495,0.172422420727103,0.210224376493173
"7235768","2004-11-04",10.6007549989639,0,0.154761904761907,0.188874400334848,25.0680875593986,24.8462457739347,24.9571666666667,0.197231671092859,48.2775119685785,24.8884,24.9130176014429,0.135011295139464,0.195181760222431
"7235767","2004-11-07",10.7287116025097,0,0.0714285714285734,0.146141215106734,25.0691913919377,24.844475274729,24.9568333333333,-0.0495822975853826,42.9257295949767,24.8872,24.8912819212505,0.0721157204444767,0.17056855226684
"7235766","2004-11-08",10.8475284486594,0.195121951219508,0.0650406504065022,0.0970770421989937,25.0701655717709,24.8418344282291,24.956,0.196347452836027,47.901428066134,24.8876,24.8831109984171,0.0476399378390502,0.145982829381282
"7235765","2004-11-09",10.957858377227,0.195121951219508,0.130081300813005,0.0888501742160264,25.0678532563547,24.8461467436453,24.957,0.122624226757276,47.901428066134,24.8848,24.8760295319615,0.0279170388831185,0.12236967128165
"7235764","2004-11-10",10.6135985425217,0.317073170731705,0.235772357723573,0.14363143631436,25.0669268513749,24.8494064819584,24.9581666666667,0.324537505296449,50.9979711794571,24.892,24.8765589277,0.028181523459514,0.103532041717222
"7235763","2004-11-11",10.2939286960097,0.414634146341467,0.308943089430893,0.22493224932249,25.0666915489678,24.8489751176989,24.9578333333333,0.448710041765866,53.3849686720257,24.9,24.8823510706733,0.0408939158570654,0.091004416545191
"7235762","2004-11-14",10.2066604108932,0.365853658536582,0.365853658536584,0.30352303523035,25.0636813866103,24.846651946723,24.9551666666667,0.399399208952136,52.0204891547125,24.904,24.8847042612502,0.0439724833967148,0.0815980299154958
"7235761","2004-11-15",10.1256255747135,0.514285714285711,0.431591173054586,0.368795973674021,25.0617484234119,24.8459182432548,24.9538333333333,0.49768336383893,53.9229201735767,24.9064,24.8907436930835,0.05549826343898,0.0763780766201926
"7235760","2004-11-16",10.7501502511664,0.499999999999996,0.460046457607429,0.4191637630662,25.0706842091766,24.8426491241568,24.9566666666667,0.880058475033046,56.4049862635402,24.9124,24.9013112006724,0.0767071780167994,0.076443896899514
"7235759","2004-11-17",11.3300660221584,0.522727272727272,0.512337662337659,0.467991764333225,25.0777704058033,24.8412295941966,24.9595,0.798045819328732,57.0281994545359,24.9168,24.9118030405827,0.09564014251493,0.0802831460225972
"7235758","2004-11-18",11.3687568569546,0.431818181818183,0.484848484848483,0.485744201597857,25.0655972424633,24.8464027575367,24.956,0.670320586970274,53.7200802843575,24.9172,24.9155626351717,0.0965675214712025,0.0835400211123183
"7235757","2004-11-21",11.404684060694,0.477272727272728,0.477272727272727,0.49148629148629,25.0687005936331,24.8459660730336,24.9573333333333,0.721489391049777,55.1218639174691,24.9168,24.9214876171488,0.10259333671867,0.0873506842335887
"7235756","2004-11-22",11.7446572135051,0.590909090909093,0.500000000000001,0.487373737373737,25.0773977096123,24.8426022903877,24.96,0.883312418518195,58.505643848689,24.9204,24.9332892681956,0.122138576939168,0.0943082627747046
"7235755","2004-11-23",11.7799888197355,0.54545454545454,0.537878787878787,0.505050505050505,25.0797707585245,24.8418959081421,24.9608333333333,0.762743202568633,56.6651760787708,24.9232,24.9408506991029,0.129649200123283,0.10137645024442
"7235754","2004-11-25",11.8127967398066,0.749999999999994,0.628787878787875,0.555555555555554,25.097836658044,24.8388300086227,24.9683333333333,0.944004044903671,62.3976563041592,24.9296,24.9594039392225,0.162816309620917,0.11366442211972
"7235753","2004-11-28",11.7222982192296,0.333333333333333,0.542929292929289,0.569865319865317,25.0926626042387,24.8396707290946,24.9661666666667,0.594205923884991,51.7490364576583,24.9256,24.9581500806595,0.145381997012151,0.120007937098206
"7235752","2004-11-29",13.2464396407091,0,0.361111111111109,0.510942760942757,25.0994080534581,24.8212586132086,24.9603333333333,0.0434109093080454,40.3423896998788,24.9196,24.9303967365716,0.0661077030122303,0.109227890281011
"7235751","2004-11-30",14.6617138177971,0,0.111111111111111,0.338383838383836,25.1079839392143,24.7966827274524,24.9523333333333,0.0106561504494683,40.3423896998788,24.9116,24.906343838362,0.00318615127334887,0.0880195424794784
"7235750","2004-12-01",15.9758969822361,0.0681818181818206,0.0227272727272732,0.164983164983164,25.1125692926689,24.7757640406644,24.9441666666667,0.0818552932438518,42.5455203191345,24.9056,24.8894979932471,-0.0365762795850322,0.0631003780665762
"7235749","2004-12-02",18.2957417645848,0,0.0227272727272732,0.052188552188552,25.1393113886274,24.7140219447059,24.9266666666667,-0.174050745354346,33.9853379678573,24.8932,24.8495649274808,-0.128315353695529,0.0248172317141551
"7235748","2004-12-05",20.7169392698567,0,0.0227272727272732,0.0227272727272728,25.1747412618128,24.6462587381872,24.9105,-0.150604926298118,31.8088349560658,24.8744,24.8069562704834,-0.218168688159792,-0.0237799522606344
"7235747","2004-12-06",23.2872983835294,0,-3.51570624464633e-16,0.0151515151515149,25.2113333333333,24.5766666666667,24.894,-0.115546218487396,29.1300811913633,24.8572,24.7593621010856,-0.312031847106098,-0.0814303312297271
"7235746","2004-12-07",24.8816801778424,0.073529411764707,0.0245098039215686,0.0157456922162801,25.2272991487189,24.5277008512811,24.8775,0.0414034961085756,32.9316872676012,24.8404,24.7247804876075,-0.366086861362258,-0.138361637256233
"7235745","2004-12-08",26.3621775582758,0.117647058823532,0.0637254901960794,0.0294117647058822,25.2366115401113,24.4883884598887,24.8625,0.113528806702078,35.1784665588452,24.8236,24.6988097559265,-0.394692148895659,-0.189627739584118
"7235744","2004-12-09",27.4598684440713,0.161764705882352,0.11764705882353,0.0686274509803923,25.236442873309,24.456557126691,24.8465,0.183928061169228,37.4355887821296,24.8084,24.6803017884696,-0.402977332860721,-0.232297658239439
"7235743","2004-12-12",27.9298291082712,0.235294117647059,0.171568627450981,0.11764705882353,25.227903133747,24.435096866253,24.8315,0.26686191707643,41.1157620641179,24.7988,24.6709282166737,-0.388739913831493,-0.26358610935785
"7235742","2004-12-13",28.6263402834806,0.187500000000001,0.194852941176471,0.161356209150327,25.2191506340762,24.4135160325905,24.8163333333333,0.268712350500205,39.1326170627556,24.7916,24.6574711211172,-0.386114011322192,-0.288091689750718
"7235741","2004-12-14",26.6087142480509,0.265625000000002,0.229473039215687,0.198631535947712,25.2048126822903,24.4071873177097,24.806,0.425612529430349,42.8437342520379,24.7832,24.6524749716349,-0.363492808384913,-0.303171913477557
"7235740","2004-12-15",24.735204358009,0.322580645161289,0.258568548387097,0.227631509593085,25.1746500716374,24.4030165950293,24.7888333333333,0.384876257930339,45.0101341831896,24.776,24.6521449754169,-0.331920059023827,-0.308921542586811
"7235739","2004-12-16",24.0786056034253,0.454545454545454,0.347583699902248,0.278541762501677,25.1461212776463,24.4068787223537,24.7765,0.509243695840288,48.5128663766237,24.7688,24.6585256453613,-0.287218379503884,-0.304580909970226
"7235738","2004-12-19",23.4689067598833,0.49090909090909,0.422678396871944,0.342943548387096,25.1196415644417,24.407025102225,24.7633333333333,0.453224020071534,49.8878945561251,24.7608,24.6667222259798,-0.242451405789412,-0.292155009134063
"7235737","2004-12-20",23.6198619692146,0.49090909090909,0.478787878787877,0.416349991854023,25.0897702632857,24.412896403381,24.7513333333333,0.522653162194037,49.8878945561251,24.7536,24.6738259291825,-0.204614777987899,-0.27464696290483
"7235736","2004-12-21",23.9393557823717,0.527272727272725,0.503030303030301,0.46816552623004,25.0486915493068,24.4279751173599,24.7383333333333,0.58323714986021,51.3933837395171,24.746,24.6826491386248,-0.166174671066599,-0.252952504537184
"7235735","2004-12-22",24.2974844672381,0.600000000000003,0.539393939393939,0.507070707070705,25.0127675568035,24.4435657765299,24.7281666666667,0.661337045167324,54.3474147165433,24.7384,24.6956292534749,-0.121244545302179,-0.226610912690183
"7235734","2004-12-26",25.1042760712277,0.545454545454546,0.557575757575758,0.533333333333332,24.9541861471469,24.4764805195198,24.7153333333333,0.733058450423397,51.8044927759661,24.7292,24.7028786863449,-0.0943566630996262,-0.200160062772072
"7235733","2004-12-27",25.9663479603774,0.5,0.548484848484849,0.548484848484848,24.9184541814392,24.4965458185609,24.7075,0.798248018775615,51.8044927759661,24.7216,24.7091615281656,-0.0722175174268203,-0.174571553703021
"7235732","2004-12-28",26.7668432860164,0.531914893617023,0.525789813023856,0.543950139694821,24.9173441049315,24.4969892284019,24.7071666666667,0.784283605763215,54.2852261081258,24.7144,24.7186066577435,-0.044369485046003,-0.148531139971618
"7235731","2004-12-29",27.9688672942341,0.659090909090913,0.563668600902645,0.54598108747045,24.9352986654676,24.4890346678658,24.7121666666667,0.920901830178367,59.5208279991084,24.708,24.7361257700444,0.000523675286956404,-0.118720176919903
"7235730","2004-12-30",29.0850324447219,0.930232558139532,0.707079453615822,0.598845955847441,24.970319963991,24.4716800360091,24.721,1.01941287784198,66.5857805547838,24.7072,24.7673090007051,0.074318988233002,-0.080112343889322
"7235729","2005-01-02",28.5729664187579,0.651162790697677,0.746828752642707,0.672525602387058,24.9902789797558,24.4767210202442,24.7335,0.804736782093306,56.0505878403729,24.698,24.7783344672778,0.0925982645817891,-0.0455702221950998
"7235728","2005-01-03",26.7933396076146,0.263157894736837,0.614851081191349,0.689586429149959,24.9912473914132,24.4987526085869,24.745,0.604908048711004,47.3164518557689,24.6888,24.7705565383074,0.0640131043098791,-0.023653556894104
"7235727","2005-01-04",25.1408289972672,0.314285714285722,0.409535466573412,0.590405100135822,24.9789169033193,24.5387497633474,24.7588333333333,0.548087793804869,49.9031826657283,24.6892,24.7691489998664,0.0537649661838113,-0.00816985227852093
"7235726","2005-01-05",23.5473931852692,0.0333333333333385,0.203592314118632,0.409326287294464,24.9680719220031,24.5682614113303,24.7681666666667,0.437887242405013,46.8093051893806,24.6876,24.7612624665509,0.029019031316313,-0.000732075559554147
"7235725","2005-01-06",22.1271319730714,0.103448275862061,0.150355774493707,0.25449451839525,24.9573043623629,24.5996956376371,24.7785,0.504194528534315,48.8580509837047,24.686,24.7584274710108,0.0189614956819018,0.00320663868873703
"7235724","2005-01-09",20.5753323498873,0,0.0455938697317997,0.133180652781379,24.9458590191788,24.626807647488,24.7863333333334,0.407016019052142,46.9121427091548,24.6908,24.751970474876,0.00119758856853558,0.00280482866469674
"7235723","2005-01-10",19.6355746152609,0,0.0344827586206868,0.076810800948731,24.9389524951421,24.646047504858,24.7925,0.423183282134612,46.2508865699474,24.6976,24.7450410782259,-0.0159609816396622,-0.000948333396175045
"7235722","2005-01-11",18.7629424331078,0.166666666666669,0.0555555555555561,0.0452107279693474,24.9270528989486,24.6749471010515,24.801,0.496033411336206,50.0426280446232,24.7096,24.7457022677958,-0.0131061353891626,-0.00337989379477256
"7235721","2005-01-12",18.050731063386,0.366666666666664,0.177777777777777,0.0892720306513399,24.930588649408,24.6810780172587,24.8058333333334,0.650294196591755,54.216528285909,24.722,24.7542752987563,0.00861788383470508,-0.000980338268877032
"7235720","2005-01-13",17.7806648681998,0.466666666666667,0.333333333333333,0.188888888888889,24.9330521012062,24.6962812321272,24.8146666666667,0.761856537677705,56.1875643305937,24.7344,24.7657052589221,0.0351969370207428,0.00625511678904693
"7235719","2005-01-17",16.6999757071626,0.233333333333334,0.355555555555555,0.288888888888888,24.9342157108048,24.6991176225286,24.8166666666667,0.528356958219152,50.702557422113,24.7428,24.7662778910659,0.0330677456756856,0.0116176425663747
"7235718","2005-01-18",16.2008893301096,0.400000000000002,0.366666666666668,0.351851851851852,24.9367595629407,24.710907103726,24.8238333333334,0.719169630351137,54.14583776672,24.7512,24.7734408389237,0.0471238989029121,0.0187188938336822
"7235717","2005-01-19",16.0262015968578,0.483870967741939,0.372401433691758,0.364874551971327,24.9454534254849,24.7158799078484,24.8306666666667,0.816528959501799,56.1259580549019,24.7624,24.7836487270672,0.0672505331001716,0.02842522168698
"7235716","2005-01-20",17.1241347729452,0.744680851063829,0.54285060626859,0.427306235542338,25.0050278915616,24.6863054417718,24.8456666666667,1.26660220669887,66.5091777814682,24.7796,24.8191622301249,0.146547082532256,0.0520495938560352
"7235715","2005-01-23",17.5391459142693,0.638297872340424,0.622283230382064,0.512511756780804,25.033170351169,24.6788296488311,24.856,0.981645674743539,62.5253097613602,24.7936,24.843273932775,0.190840849725449,0.0798078450299179
"7235714","2005-01-24",16.94987453408,0.446808510638297,0.609929078014183,0.591687638221612,25.047060183727,24.6796064829397,24.8633333333334,0.799357442214686,56.0205948369741,24.802,24.8521707417383,0.19443984264218,0.10273424455237
"7235713","2005-01-25",16.4026939667614,0.446808510638297,0.510638297872339,0.580950202089529,25.0547777446103,24.6825555887231,24.8686666666667,0.691641825197872,56.0205948369741,24.8096,24.8598813095065,0.195034205152345,0.121194236672365
"7235712","2005-01-26",17.6012004204477,0.49090909090909,0.461508704061895,0.527358693316139,25.0837324886539,24.6772675113462,24.8805,0.949813252163397,59.2947618143914,24.8196,24.8745638015723,0.212509222107604,0.139457233759413
"7235711","2005-01-27",18.7140992702992,0.563636363636367,0.500451321727918,0.490866107887384,25.1042138858733,24.6717861141267,24.888,0.874629037690227,61.3600535766398,24.8304,24.8926219613627,0.236570641431055,0.158879915293741
"7235710","2005-01-30",20.3578253375323,0.545454545454546,0.533333333333334,0.498431119707715,25.1224697169929,24.6638636163405,24.8931666666667,0.914662313467124,60.533160878955,24.8392,24.906939033181,0.249488946914389,0.177001721617871
"7235709","2005-01-31",21.5472141975832,0.439999999999998,0.516363636363637,0.516716097141629,25.1340366070356,24.6642967262978,24.8991666666667,0.735946186130137,58.0076199484099,24.848,24.9153471620902,0.247141546388319,0.191029686571961
"7235708","2005-02-01",22.6516467104876,0.416666666666665,0.467373737373736,0.505690235690235,25.1444912403668,24.6751754262999,24.9098333333334,0.713431262412884,58.0076199484099,24.8568,24.9226342071448,0.242476248545098,0.201318998966588
"7235707","2005-02-02",23.4316746855446,0.374999999999999,0.410555555555554,0.464764309764309,25.1495435716154,24.6911230950513,24.9203333333334,0.651971105629464,56.1948783447863,24.8636,24.9262829795255,0.229651396900632,0.206985478553397
"7235706","2005-02-03",24.67032515844,0.500000000000004,0.430555555555556,0.436161616161615,25.1579100118005,24.7144233215329,24.9361666666667,0.779226718751383,60.2119489077194,24.87,24.9374452489221,0.236175875501021,0.212823557942922
"7235705","2005-02-06",26.1726414179513,0.558139534883718,0.477713178294573,0.439608096468561,25.1758791401435,24.7301208598565,24.953,0.86716461343412,63.2374263204721,24.8736,24.9537858823992,0.254562239796963,0.22117129431373
"7235704","2005-02-07",27.6166874320934,0.649999999999997,0.569379844961239,0.492549526270456,25.1928765109145,24.7527901557522,24.9728333333334,0.910146776610295,66.0200155938092,24.884,24.9746144314126,0.282003343054593,0.233337704061903
"7235703","2005-02-08",28.9575873023683,0.647058823529409,0.618399452804374,0.555164158686729,25.2067467424879,24.7782532575121,24.9925,0.898683619058937,67.092958738172,24.9004,24.9953325072243,0.306621523431416,0.247994467935805
"7235702","2005-02-09",29.7620947206577,0.558823529411769,0.618627450980391,0.602135582915335,25.2136706802327,24.8053293197674,25.0095,0.819585554231559,63.8368355516769,24.914,25.0092881729277,0.312800954324022,0.260955765213449
"7235701","2005-02-10",30.7527556540675,0.771428571428567,0.659103641456581,0.632043515080449,25.2341084798302,24.8212248535032,25.0276666666667,0.933536203875128,68.2604571109845,24.9328,25.0320497498707,0.33954340947393,0.276673294065545
"7235700","2005-02-13",32.0635552811644,0.642857142857145,0.657703081232493,0.645144724556489,25.2574590822026,24.8332075844641,25.0453333333334,0.935276404800075,68.2604571109845,24.9504,25.0517764498879,0.356566741478082,0.292651983548052
"7235699","2005-02-14",31.3313392224432,0.210526315789479,0.541604010025064,0.619470244238046,25.2482502769161,24.8720830564173,25.0601666666667,0.659060465858711,53.9181984324639,24.9632,25.0488729232362,0.318059639782131,0.297733514794868
"7235698","2005-02-15",30.6514243107735,0.210526315789479,0.354636591478701,0.517981227578753,25.2394216086949,24.9035783913052,25.0715,0.58486102599151,53.9181984324639,24.9764,25.0463565334714,0.284268105564545,0.295040432948803
"7235697","2005-02-16",29.6657164150899,0.131578947368423,0.184210526315794,0.360150375939853,25.2285144437491,24.928485556251,25.0785,0.38278906421332,51.4125679827886,24.9864,25.0401756623419,0.245000651831906,0.285032476725424
"7235696","2005-02-17",27.7798921528572,0,0.114035087719301,0.217627401837932,25.2325219283359,24.9094780716642,25.071,0.0944823054377132,44.7012575911653,24.9904,25.0228189073629,0.18276163863391,0.264578309107121
"7235695","2005-02-21",26.7208498515666,0.0238095238095276,0.0517961570593168,0.116680590364804,25.2343922251626,24.9022744415041,25.0683333333334,0.213956901212756,45.5517378259966,24.9936,25.0091097197145,0.135090118768999,0.238680671039497
"7235694","2005-02-22",25.7374534289396,0.0952380952380936,0.0396825396825402,0.0685045948203858,25.2336288755555,24.9043711244445,25.069,0.249942611660478,48.1291183255545,25.0008,25.0012284237526,0.105765061308749,0.212097549093347
"7235693","2005-02-23",24.8242996079288,0.119047619047621,0.0793650793650807,0.0569479253689792,25.2294358370109,24.9138974963224,25.0716666666667,0.251747020148366,48.99580837966,25.0064,24.9957313005856,0.0847737077806832,0.186632780830814
"7235692","2005-02-24",23.7316970791076,0.0714285714285744,0.0952380952380963,0.0714285714285724,25.2316191488996,24.9013808511004,25.0665,0.17750560516525,47.2938099174933,25.01,24.9883004605075,0.0609753785091538,0.161501300366482
"7235691","2005-02-27",22.4697139015137,0.0238095238095276,0.0714285714285743,0.0820105820105837,25.2347469394834,24.88758639385,25.0611666666667,0.160579709257055,45.5883603103697,25.0048,24.9791937324398,0.035244674718915,0.136249975236969
"7235690","2005-02-28",21.6239986691386,0.0476190476190468,0.0476190476190495,0.0714285714285733,25.2336803477349,24.8763196522651,25.055,0.234162147084677,46.624764316912,25.002,24.9726345681145,0.0178734187558982,0.112574663940755
"7235689","2005-03-01",21.5334962958366,0.119047619047621,0.0634920634920651,0.0608465608465629,25.2337060788393,24.8756272544941,25.0546666666667,0.356642365190886,49.7189578780869,25.004,24.9709499590326,0.0136431082182975,0.0927883527962633
"7235688","2005-03-02",21.7746165708212,0,0.0555555555555559,0.0555555555555568,25.2844824111521,24.7901842555146,25.0373333333334,-0.256628354232175,28.4245042712682,24.9916,24.9214899644949,-0.104976487953767,0.0532353846462572
"7235687","2005-03-03",21.1781540339914,0.150684931506849,0.0899108501848233,0.0696528230774814,25.29964041109,24.7526929222434,25.0261666666667,0.0255486033087429,37.2659391496762,24.9812,24.8932913025623,-0.161648508509349,0.010258606015136
"7235686","2005-03-06",20.6242959640779,0.285714285714285,0.145466405740378,0.096977603826919,25.3008119898914,24.7281880101087,25.0145,0.17197787734174,43.4237590668134,24.9728,24.8808524622206,-0.175405156559116,-0.0268741464997145
"7235685","2005-03-07",20.4558655004148,0.234374999999999,0.223591405740377,0.152989553888526,25.2963275106568,24.7000058226766,24.9981666666667,0.150915485948913,41.0150779774933,24.9628,24.8634054672579,-0.200246126126413,-0.0615485424250542
"7235684","2005-03-08",20.9271336365316,0.0943396226415045,0.204809636118596,0.191289149199784,25.2894247292902,24.6632419373765,24.9763333333334,0.0853181051604721,36.6378735926544,24.95,24.8349514049568,-0.249583203774018,-0.0991554746948469
"7235683","2005-03-09",22.2216466418591,0,0.109571540880501,0.179324194246491,25.291656179253,24.6030104874137,24.9473333333334,-0.0285736980765803,30.6494838937728,24.9304,24.7876245509626,-0.340187256536406,-0.147361831063159
"7235682","2005-03-10",23.4685830193088,0,0.0314465408805013,0.115275905959866,25.2982634894931,24.532736510507,24.9155,-0.0384090671926407,30.3353859585077,24.9112,24.7452746108342,-0.410739668345117,-0.20003739851955
"7235681","2005-03-13",25.6202651752144,0,-1.85037170770859e-16,0.0470060272536673,25.3141259991386,24.4262073341948,24.8701666666667,-0.142138395303124,23.3711874481823,24.8788,24.6725713293897,-0.548819874054507,-0.269793893626542
"7235680","2005-03-14",27.6182557485554,0.0112359550561815,0.00374531835206032,0.0117306197441871,25.2995889915556,24.3484110084444,24.824,-0.0438869933061325,24.0664934719004,24.8448,24.6108951521377,-0.648027340989832,-0.3454405830992
"7235679","2005-03-15",29.4735327095148,0.0561797752808996,0.0224719101123602,0.00873907615480676,25.2852902777759,24.2840430555575,24.7846666666667,0.0492288784248607,26.9228358068034,24.8104,24.5627757985194,-0.705763711960239,-0.417505208871408
"7235678","2005-03-16",29.4287476721604,0.123595505617977,0.0636704119850191,0.0299625468164799,25.2523119312351,24.2503547354317,24.7513333333334,0.182621172509229,31.1089906758206,24.7776,24.5290723587168,-0.723683221584315,-0.478740811413989
"7235677","2005-03-17",29.3871615660456,0.157303370786517,0.112359550561798,0.0661672908863924,25.220632397578,24.2220342690887,24.7213333333334,0.22160973261525,33.1703673938143,24.7472,24.5038627108879,-0.719842842081908,-0.526961217547573
"7235676","2005-03-20",29.3485458960819,0.325842696629212,0.202247191011235,0.126092384519351,25.1963237814206,24.2046762185794,24.7005,0.321341096065329,42.4438202216839,24.7196,24.5020143494362,-0.65982564444762,-0.553534102927582
"7235675","2005-03-21",27.9162870638841,0.338235294117648,0.273793787177792,0.196133509583608,25.1628310097478,24.1945023235856,24.6786666666667,0.353355578504199,40.0498540669134,24.6896,24.492412436178,-0.624833366031119,-0.56779395554829
"7235674","2005-03-22",28.5632609239715,0,0.221359330248953,0.232466769479327,25.1533376288482,24.1186623711519,24.636,0.0141792915915598,27.9031458812213,24.6484,24.4267574446876,-0.730671355644064,-0.600369435567445
"7235673","2005-03-23",29.1640223654812,0.0568181818181827,0.13168449197861,0.208945869801785,25.1274870114798,24.0581796551869,24.5928333333334,0.0671652957313386,30.5411266598703,24.6092,24.3765231187293,-0.789366074674058,-0.638168763388767
"7235672","2005-03-27",29.3351808751515,0.0804597701149428,0.0457593173110417,0.132934379846202,25.0913138085803,24.0143528580864,24.5528333333334,0.135239018505567,31.6189210906553,24.572,24.3356533695654,-0.820099206552394,-0.674554852021493
"7235671","2005-03-28",29.7690362866214,0,0.0457593173110417,0.0744010422002311,25.0558540329314,23.9621459670686,24.509,0.0955654464480707,29.8718026040538,24.5356,24.2908995869566,-0.858052783343222,-0.711254438285838
"7235670","2005-03-29",30.539287266471,0,0.0268199233716474,0.0394461859979102,25.0061987523743,23.9188012476258,24.4625,0.102261364302052,27.5314015926712,24.4948,24.2387796420291,-0.91119988296765,-0.751243527222201
"7235669","2005-03-30",31.1691580966582,0.247058823529412,0.0823529411764706,0.0516440606197199,24.9179332617834,23.9240667382167,24.421,0.250804901066714,38.439199499073,24.4612,24.2216090230919,-0.873535783369694,-0.7757019784517
"7235668","2005-03-31",30.213267852421,0.352941176470588,0.2,0.103057621516039,24.8894601581865,23.9162065084802,24.4028333333334,0.394340665083155,42.4380108180123,24.4308,24.218727820013,-0.804455287769423,-0.781452640315244
"7235667","2005-04-03",28.390703467429,0.529411764705885,0.376470588235295,0.219607843137255,24.8450097039244,23.9289902960757,24.387,0.568775835380961,48.4483955632504,24.4072,24.2362307773446,-0.69174992825779,-0.763512097903754
"7235666","2005-04-04",27.3380221582856,0.376470588235294,0.419607843137255,0.33202614379085,24.7747013564613,23.9522986435388,24.3635,0.491691013142354,44.1461419133145,24.3792,24.2340666736986,-0.638347416421392,-0.738479161607281
"7235665","2005-04-05",26.3605323712238,0.588235294117646,0.498039215686275,0.431372549019608,24.7116141514733,23.9817191818601,24.3466666666667,0.646139747645011,50.6771286236619,24.358,24.2561911172055,-0.529995431467134,-0.696782415579252
"7235664","2005-04-06",26.0166239396063,0.447058823529414,0.470588235294118,0.462745098039216,24.6513348375417,24.0049984957917,24.3281666666667,0.528622868319432,46.7522889114517,24.3308,24.2593656349114,-0.478522454255714,-0.653130423314544
"7235663","2005-04-07",25.8318759813066,0.411764705882354,0.482352941176471,0.483660130718954,24.6155685681029,24.0130980985638,24.3143333333334,0.487274618335132,45.7973513435416,24.3168,24.2581168835899,-0.44260250084196,-0.611024838820027
"7235662","2005-04-10",25.6603243057427,0.505882352941175,0.454901960784314,0.469281045751634,24.5961042559417,24.017562410725,24.3068333333334,0.58037448005607,48.8005941004228,24.3016,24.2677012991112,-0.383114096446113,-0.565442690345245
"7235661","2005-04-11",24.2385127146956,0.573333333333333,0.496993464052287,0.478082788671024,24.6054305947377,24.0195694052624,24.3125,0.67211130408487,48.8005941004228,24.2828,24.2760077925631,-0.332137275795097,-0.518781607435215
"7235660","2005-04-12",22.9182590944375,0.600000000000004,0.559738562091504,0.503877995642702,24.6118472689741,24.0218193976927,24.3168333333334,0.629654892122002,49.6101051050952,24.2668,24.2858734202213,-0.28184163122279,-0.47139361219273
"7235659","2005-04-13",22.5107121917103,0.400000000000001,0.524444444444446,0.527058823529412,24.6099150545941,24.0197516120726,24.3148333333334,0.463569414079304,43.9921419085457,24.2488,24.2744236308585,-0.288492368525572,-0.434813363459299
"7235658","2005-04-14",22.132275782035,0.466666666666669,0.488888888888891,0.524357298474947,24.5986965501845,24.0186367831489,24.3086666666667,0.502298613710291,46.1799840990612,24.2396,24.271167146744,-0.27400257424669,-0.402651205616777
"7235657","2005-04-17",21.7808705444793,0.466666666666669,0.444444444444446,0.485925925925927,24.5847129373983,24.0179537292684,24.3013333333334,0.491766050555933,46.1799840990612,24.2308,24.2683448605115,-0.259531589863182,-0.374027282466058
"7235656","2005-04-18",20.9751751624049,0.277777777777782,0.403703703703706,0.445679012345681,24.5561804590493,24.0264862076174,24.2913333333334,0.560412209332951,46.6632574852805,24.2332,24.2672322124433,-0.241952309011573,-0.347612287775161
"7235655","2005-04-19",20.598334173845,0,0.24814814814815,0.365432098765434,24.5179116700905,24.0384216632429,24.2781666666667,0.48991984553517,44.1042841039426,24.2328,24.2582679174509,-0.245149982602111,-0.327119826740551
"7235654","2005-04-20",20.2484103987538,0,0.0925925925925938,0.24814814814815,24.5147597215169,24.0525736118165,24.2836666666667,0.412733566658867,44.1042841039426,24.2308,24.2504988617907,-0.244875476341455,-0.310670956660732
"7235653","2005-04-21",20.7413623642579,0,-2.40548322002117e-16,0.113580246913581,24.5122281779283,24.0587718220718,24.2855,0.237938763458476,38.4049505169106,24.2208,24.225099013552,-0.287967512080622,-0.30613026774471
"7235652","2005-04-24",20.7481971545129,0.442307692307694,0.147435897435898,0.0800094966761637,24.5144858057499,24.0741808609168,24.2943333333334,0.596145486963246,49.8667679830948,24.2188,24.2337524784117,-0.242757657466852,-0.293455745689138
"7235651","2005-04-25",20.1534607457539,0.480769230769231,0.307692307692308,0.151709401709402,24.5056473913425,24.1136859419909,24.3096666666667,0.662430940011976,50.7254205037708,24.2116,24.2439188146235,-0.197989644349506,-0.274362525421212
"7235650","2005-04-26",19.0409805986945,0.634615384615389,0.519230769230771,0.324786324786325,24.4885921061768,24.1727412271566,24.3306666666667,0.877815422592823,54.1110871057458,24.21,24.263396306007,-0.134356265031332,-0.246361273343236
"7235649","2005-04-27",18.5633475809203,0.492753623188405,0.536046079524341,0.45432305214914,24.5082394152352,24.1874272514315,24.3478333333334,1.02626849098085,54.5316444355501,24.226,24.2816101318728,-0.0797092448567627,-0.213030867645941
"7235648","2005-04-28",18.1198312072729,0.579710144927538,0.569026384243777,0.54143441099963,24.5397900009579,24.1802099990421,24.36,1.00985408631323,57.0736546215358,24.2424,24.3053954476231,-0.0163183259681121,-0.173688359310376
"7235647","2005-05-01",17.7079945746002,0.710144927536233,0.594202898550725,0.566425120772948,24.572437659898,24.1625623401021,24.3675,1.06724566903845,60.6292900705185,24.2616,24.33800938794,0.062984349700046,-0.126353817508291
"7235646","2005-05-02",17.9004613660252,0.835616438356168,0.708490503606646,0.62390659546705,24.6385217095961,24.1318116237373,24.3851666666667,1.141063484621,64.8141831758665,24.2884,24.3822748028813,0.163561435832382,-0.0683707668401565
"7235645","2005-05-03",16.725547621735,0.602739726027399,0.716167030639933,0.672953477599102,24.6567420328475,24.1259246338192,24.3913333333334,0.849147058239957,55.7700935955506,24.3124,24.3979714958305,0.184793466807509,-0.0177379201106234
"7235644","2005-05-04",16.1545649445831,0.76,0.732785388127856,0.719147640791479,24.7029559955806,24.1140440044195,24.4085,0.978000115849145,60.3288718533019,24.3332,24.4289086297197,0.241741814869045,0.0341580268853103
"7235643","2005-05-05",15.0149782048749,0.640000000000001,0.6675799086758,0.70551077581453,24.7239001402421,24.1217665264246,24.4228333333334,0.783159744095679,56.0237222409346,24.3468,24.4437208124238,0.254163507225358,0.0781591229533198
"7235642","2005-05-08",14.6265390026288,0.853333333333334,0.751111111111111,0.717158802638256,24.7704874426824,24.1135125573177,24.442,0.948520443065398,61.3097210615944,24.3608,24.4778913707673,0.313111880923844,0.125149674547425
"7235641","2005-05-09",14.1001156765832,0.600000000000004,0.697777777777779,0.70548959918823,24.7830665599146,24.1169334400855,24.45,0.685148177837076,53.1409583814449,24.3724,24.4821725213316,0.2937681903592,0.15887337770978
"7235640","2005-05-10",13.6112940166837,0.600000000000004,0.684444444444447,0.711111111111113,24.7932784224869,24.1230549108465,24.4581666666667,0.646965897628514,53.1409583814449,24.3768,24.4858828518208,0.275262527004871,0.182151207568798
"7235639","2005-05-11",13.3306217936282,0.55357142857143,0.584523809523812,0.655582010582013,24.8174973434587,24.1378359898747,24.4776666666667,0.802601678883353,56.3369064685188,24.3896,24.501098471578,0.286922814403856,0.20310552893581
"7235638","2005-05-12",13.3331083501789,0.576271186440678,0.576614205004037,0.615194152990766,24.8468900017718,24.150776664895,24.4988333333334,0.836870431260622,58.0487474713002,24.4056,24.5209520087009,0.309022055471719,0.224288834242992
"7235637","2005-05-15",13.4422578014915,0.584905660377355,0.571582758463154,0.577573590997001,24.8773032568701,24.1680300764633,24.5226666666667,0.853413428832664,59.7482370735497,24.4204,24.5448250742075,0.339014035935459,0.247233874581485
"7235636","2005-05-16",13.8649064412312,0.60344827586207,0.588208374226701,0.578801779231297,24.9135792986031,24.1820873680636,24.5478333333334,0.881184428278852,61.4309023830367,24.4372,24.5721817309798,0.37481005012554,0.272749109690296
"7235635","2005-05-17",14.2573658924181,0.653846153846154,0.614066696695193,0.591285943128349,24.9389670705585,24.2126995961082,24.5758333333334,0.85455257058683,63.0924497926358,24.4552,24.6025575001825,0.414704921397235,0.301140272031684
"7235634","2005-05-18",15.1066396529177,0.632653061224489,0.629982496977571,0.610752522633155,24.9580720036959,24.2562613296375,24.6071666666667,0.874507460556873,63.4317561857851,24.4796,24.6302165001582,0.444368301773967,0.329785877980141
"7235633","2005-05-19",16.0995499329075,0.566037735849057,0.617512316973233,0.620520503548666,24.9489533878212,24.3363799455122,24.6426666666667,0.881995012904849,62.8099004962541,24.5016,24.6528543001371,0.459221033298585,0.355672909043829
"7235632","2005-05-22",17.2728053099228,0.689655172413793,0.629448656495779,0.625647823482195,24.9760567606185,24.3716099060482,24.6738333333334,0.973435612250874,66.3613535071027,24.5276,24.6858070601188,0.497864805083115,0.384111288251687
"7235631","2005-05-23",17.8827134491644,0.596491228070179,0.617394712111009,0.621451895193341,24.9882382798769,24.4140950534565,24.7011666666667,0.881147635752232,63.1159226891704,24.5512,24.707699452103,0.506210467764401,0.408531124154229
"7235630","2005-05-24",17.9841508376377,0.508771929824563,0.598306110102845,0.615049826236545,24.9916396758058,24.4513603241943,24.7215,0.750179219811861,59.958086702297,24.5752,24.7200061918226,0.490793624445396,0.424983624212463
"7235629","2005-05-25",18.2647911025227,0.543859649122808,0.549707602339183,0.588469474851013,25.0009872445867,24.4783460887467,24.7396666666667,0.768508003560774,60.8028781104539,24.6,24.7333386995796,0.479545402224502,0.43589597981487
"7235628","2005-05-26",18.6519762622163,0.666666666666669,0.57309941520468,0.573704375882236,25.0171578379196,24.5011754954138,24.7591666666667,0.837543850475222,63.6902988372927,24.6332,24.754226872969,0.487791529429971,0.446275089737891
"7235627","2005-05-30",19.0115053390747,0.684210526315788,0.631578947368421,0.584795321637428,25.0336090756625,24.5180575910042,24.7758333333334,0.805498101909977,64.0971832529373,24.6576,24.7736632899064,0.491853190643798,0.455390709919072
"7235626","2005-05-31",19.9793308305827,0.779999999999994,0.710292397660817,0.638323586744639,25.0694475555382,24.5138857777952,24.7916666666667,0.922995262479534,67.6146073983321,24.6848,24.8025081845856,0.518317155091452,0.467975998953548
"7235625","2005-06-01",20.9376134700599,0.760869565217393,0.741693363844392,0.694521569624543,25.093604333937,24.5357289993964,24.8146666666667,0.897938367687002,67.9898619247299,24.7092,24.8288404266408,0.536252501279466,0.481631299418732
"7235624","2005-06-02",19.6678709874398,0.195121951219517,0.578663838812301,0.676883200105837,25.093720181975,24.5476131513584,24.8206666666667,0.480467809296179,53.3451964345002,24.7244,24.8223283697554,0.47347742443391,0.480000524421767
"7235623","2005-06-05",19.2638255062992,0,0.318663838812303,0.546340347156332,25.0853912165589,24.5656087834412,24.8255,0.239314006463653,44.8358663532623,24.73,24.7926845871213,0.36103036365509,0.456206492268432
"7235622","2005-06-06",19.122868611498,0.415384615384616,0.203502188868044,0.366943288830883,25.1052372823169,24.5717627176832,24.8385,0.79648398846389,56.1380824858588,24.7428,24.8029933088385,0.355664049849547,0.436098003784655
"7235621","2005-06-07",18.9919800663255,0.553846153846154,0.323076923076923,0.281747650252424,25.1116241913753,24.6113758086248,24.8615,0.843496029689362,59.1430267751978,24.7544,24.8239275343267,0.376311087946868,0.424140620617098
"7235620","2005-06-08",18.9195325493337,0.615384615384615,0.528205128205128,0.351594746716699,25.1094488464196,24.6642178202471,24.8868333333334,0.896423406331892,60.4402204979988,24.7744,24.8474038630831,0.400982207632516,0.419508938020181
"7235619","2005-06-09",18.631939820097,0.569230769230767,0.579487179487178,0.476923076923077,25.1143398756582,24.6939934576752,24.9041666666667,0.799356264143056,58.929048070882,24.788,24.8637500146721,0.406051219670589,0.416817394350263
"7235618","2005-06-12",19.1150796668791,0.471428571428569,0.55201465201465,0.553235653235652,25.1245244683556,24.7158088649778,24.9201666666667,0.825817427977067,56.8867345816329,24.8036,24.8725833460491,0.392533387323657,0.411960592944942
"7235617","2005-06-13",19.5637095246054,0.57142857142857,0.537362637362635,0.556288156288155,25.1314983193206,24.7348350140128,24.9331666666667,0.752523148287909,59.5300465198967,24.8156,24.8895722332426,0.399888331619147,0.409546140679783
"7235616","2005-06-14",18.6057243545795,0.299999999999996,0.447619047619045,0.51233211233211,25.1298224696792,24.7411775303208,24.9355,0.340042516006174,50.4827160045727,24.8276,24.8789626021436,0.340176966942396,0.395672305932306
"7235615","2005-06-15",17.9955630770748,0.514285714285714,0.46190476190476,0.48229548229548,25.1331285446065,24.7535381220602,24.9433333333334,0.622939526117639,56.1488583449115,24.8456,24.8897675885244,0.33760663998017,0.384059172741879
"7235614","2005-06-16",18.4068127546866,0.357142857142857,0.390476190476189,0.433333333333332,25.1364519197614,24.7615480802387,24.949,0.591579038979733,51.4953078295128,24.8556,24.8844652433878,0.296479543674821,0.366543246928467
"7235613","2005-06-19",18.7886874553261,0.57142857142857,0.48095238095238,0.444444444444443,25.1518076684175,24.7665256649159,24.9591666666667,0.813623092267773,56.7582653754486,24.8696,24.8998698776028,0.308951043818584,0.35502480630649
"7235612","2005-06-20",19.2377606991089,0.585714285714287,0.504761904761904,0.458730158730158,25.1671608718813,24.7645057947854,24.9658333333334,0.816648186630456,57.0925162750346,24.882,24.9145538939224,0.318370511893473,0.347693947423887
"7235611","2005-06-21",19.6547572826215,0.714285714285715,0.623809523809524,0.536507936507936,25.1899270708678,24.7634062624656,24.9766666666667,0.875128239579619,60.0830840547406,24.896,24.9392800413994,0.350880907752105,0.348331339489531
"7235610","2005-06-22",19.2254200436009,0.57142857142857,0.623809523809524,0.584126984126984,25.2010834478471,24.7765832188196,24.9888333333334,0.76187657641857,55.457927740391,24.904,24.9473760358795,0.340321864030657,0.346729444397756
"7235609","2005-06-23",18.8267497502245,0.408163265306127,0.564625850340137,0.604081632653062,25.2121674528288,24.7881658805046,25.0001666666667,0.751178313835483,55.8241492123836,24.912,24.9557258977622,0.331355040308723,0.343654563579949
"7235608","2005-06-26",17.4905183440401,0.142857142857143,0.374149659863946,0.520861678004536,25.2139800758346,24.7943532574988,25.0041666666667,0.5218448065426,50.0617011417142,24.9152,24.9456291113939,0.278990656104305,0.330721782084821
"7235607","2005-06-27",16.2497320382975,0.285714285714286,0.278911564625851,0.405895691609978,25.2142238876926,24.7991094456408,25.0066666666667,0.443790600929156,52.8820980316163,24.9172,24.9462118965414,0.25717147442732,0.31601172055332
"7235606","2005-06-28",15.5833459487166,0.387755102040817,0.272108843537415,0.308390022675738,25.2152286061138,24.7994380605529,25.0073333333334,0.578565198308128,54.8438757175571,24.9232,24.9533836436692,0.253130805924928,0.303435537627642
"7235605","2005-06-29",14.9645588655345,0.387755102040817,0.35374149659864,0.301587301587302,25.2147273854519,24.7992726145482,25.007,0.555361020286132,54.8438757175571,24.9312,24.9595991578467,0.247071340747951,0.292162698251704
"7235604","2005-06-30",15.0836911715356,0.428571428571429,0.401360544217687,0.342403628117914,25.2091412898512,24.8315253768155,25.0203333333334,0.649181566212179,55.6995362040945,24.9392,24.9676526034671,0.245890833583484,0.28290832531806
"7235603","2005-07-04",15.0112043071688,0.387755102040817,0.401360544217687,0.385487528344672,25.1496847597508,24.923981906916,25.0368333333334,0.425418163209104,54.5856319978861,24.9436,24.9719655896715,0.235765328928639,0.273479726040176
"7235602","2005-07-05",15.2868201517111,0.377777777777774,0.39803476946334,0.400251952632905,25.1509405671199,24.9280594328802,25.0395,0.547110313018568,55.5430910546763,24.9484,24.9783701777153,0.231528419415405,0.265089464715222
"7235601","2005-07-07",14.4713834119471,0.111111111111105,0.292214663643232,0.36386999244142,25.1518207063805,24.9208459602862,25.0363333333334,0.212811316150204,48.8838022633516,24.9448,24.9679208206866,0.187238036013371,0.249519178974851
"7235600","2005-07-10",13.7141921535948,0.0476190476190464,0.178835978835975,0.289695137314182,25.1528956481716,24.9067710184952,25.0298333333334,0.107922213526883,48.8838022633516,24.9408,24.9588647112617,0.150400427606789,0.229695428701239
"7235599","2005-07-11",13.8876380938562,0.166666666666667,0.108465608465606,0.193172083648271,25.1521422602965,24.9051910730369,25.0286666666667,0.410913568611785,51.6831359365102,24.9476,24.9576827497602,0.135806876870892,0.21091771833517
"7235598","2005-07-12",13.1959665042565,0,0.0714285714285707,0.119576719576717,25.1517184697099,24.8942815302902,25.023,0.177590946399788,46.2301305610092,24.9576,24.9433250497921,0.0908506777905771,0.186904310226251
"7235597","2005-07-13",13.110359618001,0.555555555555556,0.240740740740741,0.140211640211639,25.1654109812853,24.8905890187148,25.028,0.883278440878838,58.1251472053608,24.9668,24.9642150431532,0.134526553736292,0.176428758928259
"7235596","2005-07-14",13.6513089589391,0.488888888888887,0.348148148148147,0.22010582010582,25.1688148741518,24.9145184591816,25.0416666666667,0.912903972760646,56.5096195930596,24.9712,24.9783197040661,0.157588125331731,0.172660632208954
"7235595","2005-07-17",14.1536190612388,0.511111111111105,0.518518518518516,0.369135802469135,25.1808544286899,24.9174789046436,25.0491666666667,0.844881452679414,56.9392503204171,24.9744,24.9918770768573,0.177029524636407,0.173534410694444
"7235594","2005-07-18",14.4271097429578,0.466666666666661,0.488888888888884,0.451851851851849,25.1824373768157,24.9252292898511,25.0538333333334,0.588773776916388,55.7529767158423,24.978,25.0009601332763,0.183842177059379,0.175595963967431
"7235593","2005-07-19",15.0140262133125,0.4,0.459259259259255,0.488888888888885,25.1818653639682,24.9251346360319,25.0535,0.577253445634349,53.9377054545332,24.982,25.0048321155061,0.177504813836271,0.175977733941199
"7235592","2005-07-20",15.5590200786419,0.444444444444444,0.437037037037035,0.461728395061725,25.1808175783425,24.9251824216576,25.053,0.618658692046311,54.9898546134783,24.984,25.0108545001053,0.176892646139115,0.176160716380782
"7235591","2005-07-21",16.0650858107335,0.444444444444444,0.429629629629629,0.441975308641973,25.172225689667,24.9274409769998,25.0498333333334,0.596002727228751,54.9898546134783,24.9936,25.0160739000913,0.174391595644408,0.175806892233507
"7235590","2005-07-24",16.4123746598545,0.422222222222218,0.437037037037035,0.434567901234566,25.1689521083599,24.9277145583069,25.0483333333334,0.589814652245728,54.27100347133,24.9968,25.0192640467458,0.167252273513196,0.174095968489445
"7235589","2005-07-25",16.9001636400314,0.422222222222218,0.429629629629626,0.432098765432096,25.1652389450623,24.9284277216045,25.0468333333334,0.625979389395813,54.27100347133,25.0044,25.022028840513,0.159750712415319,0.17122691727462
"7235588","2005-07-26",18.0995369327266,0.444444444444444,0.429629629629626,0.432098765432096,25.1730950040258,24.9309049959743,25.052,0.767007987599798,54.9539434553136,25.0064,25.0257583284446,0.155238680822967,0.168029269984289
"7235587","2005-07-27",19.6540829681008,0.765957446808511,0.544208037825057,0.467822432361436,25.2087165031541,24.9216168301793,25.0651666666667,1.13218462814444,64.1733292224023,25.0144,25.050323884652,0.200898928210469,0.174603201629525
"7235586","2005-07-28",19.0502915745601,0.382978723404256,0.531126871552403,0.501654846335696,25.2088453483337,24.9221546516664,25.0655,0.434307832265523,51.4225664970221,25.0116,25.0476140333651,0.177032447730108,0.175089050849642
"7235585","2005-07-31",19.3031455527279,0.510638297872338,0.553191489361701,0.542842132913054,25.2150767845382,24.9255898821286,25.0703333333334,0.694597174740524,54.6567014117948,25.0152,25.0532654955831,0.175422675801862,0.175155775840086
"7235584","2005-08-01",20.1593443538686,0.137931034482756,0.343849351919783,0.476055904277963,25.2228563811942,24.9251436188059,25.074,0.755279617139215,53.3809292385766,25.0176,25.0554967628386,0.165790814438238,0.173282783559716
"7235583","2005-08-02",20.9543860977849,0.275862068965512,0.308143800440202,0.401728213907229,25.2337932113465,24.9292067886536,25.0815000000001,0.790557928411545,55.6124726465661,25.0268,25.0627638611268,0.16908559142963,0.172443345133699
"7235582","2005-08-03",21.2682769461941,0.137931034482756,0.183908045977008,0.278633732778998,25.2404458463447,24.9322208203221,25.0863333333334,0.695744434226609,52.8862030641598,25.0316,25.0637286796433,0.157004354848511,0.169355547076661
"7235581","2005-08-04",21.559747019717,0.172413793103439,0.195402298850569,0.229151381755926,25.2378728824589,24.9484604508745,25.0931666666667,0.546646233978448,53.4999295916176,25.0348,25.0658981890242,0.148931790815743,0.165270795824478
"7235580","2005-08-07",22.0962846213805,0.068965517241378,0.126436781609191,0.168582375478922,25.226248190813,24.9767518091871,25.1015,0.493987888761068,51.3392887768562,25.0368,25.0637784304876,0.131361822474418,0.158489001154466
"7235579","2005-08-08",22.2375642232419,0,0.0804597701149386,0.134099616858233,25.2227324376803,24.9882675623198,25.1055,0.419675246433273,49.199481904207,25.0368,25.0579413064226,0.106550056565147,0.148101212236602
"7235578","2005-08-09",22.5858186200958,0,0.0229885057471256,0.0766283524904184,25.2029357795566,25.0230642204435,25.113,0.372130979942265,48.4742132170632,25.0372,25.0515491322329,0.0827110864405123,0.135023187077384
"7235577","2005-08-10",22.7805917334532,0,-4.02455846426619e-16,0.034482758620688,25.2012672489065,25.0180660844269,25.1096666666667,0.265285334718241,47.7166943893585,25.0364,25.0446759146019,0.0599042401190131,0.11999939768571
"7235576","2005-08-11",23.1949008908568,0.343749999999998,0.114583333333332,0.0458572796934859,25.2017142949691,25.0179523716976,25.1098333333334,0.71857992097346,55.883640632676,25.0448,25.0533857926549,0.076387260029076,0.111276970154383
"7235575","2005-08-14",22.9107854047594,0.187499999999996,0.177083333333331,0.097222222222221,25.1998101313523,25.0178565353145,25.1088333333334,0.561370958913562,51.914068251862,25.0512,25.0542676869676,0.0725047716604088,0.103522530455588
"7235574","2005-08-15",23.143285855752,0.0937500000000035,0.208333333333332,0.166666666666665,25.2008665677547,25.0211334322454,25.1110000000001,0.550074239090351,49.6358745543037,25.0544,25.0510319953719,0.0590838324949106,0.0946347908634527
"7235573","2005-08-16",23.0892540717117,0.0322580645161342,0.104502688172044,0.163306451612902,25.2043863172562,25.0130803494106,25.1087333333334,0.0779884221983703,48.11979234602,25.0608,25.0455610626557,0.0415251625515589,0.084012865201074
"7235572","2005-08-17",23.6444090561208,0.0967741935483912,0.0742607526881759,0.129032258064517,25.2047070474937,25.0110929525064,25.1079000000001,0.287033411301618,49.7719742624624,25.058,25.0434862543016,0.0336649079638152,0.0739432737536222
"7235571","2005-08-18",24.7635386545454,0.064516129032257,0.0645161290322604,0.0810931899641602,25.2046183570742,25.0128483095926,25.1087333333334,0.402313559497988,48.9328783430562,25.056,25.040354753728,0.0239369955759461,0.063942018118087
"7235570","2005-08-21",25.8027304245112,0.0666666666666651,0.0759856630824373,0.0715875149342913,25.2053932704231,25.010406729577,25.1079000000001,0.220151624671377,48.9328783430562,25.0536,25.0376407865643,0.0160421387363163,0.0543620422417329
"7235569","2005-08-22",26.767694210908,0.100000000000004,0.0770609318996415,0.0725209080047798,25.2058894260786,25.0082439072548,25.1070666666667,0.261863223882723,49.9122059847353,25.0524,25.0366220150224,0.012860018187455,0.0460616374308773
"7235568","2005-08-23",28.1816828943638,0.233333333333334,0.133333333333334,0.0954599761051376,25.2056686634966,25.0081313365035,25.1069,0.532567684453452,53.7342112248962,25.054,25.0410724130194,0.0229648683646611,0.041442283617634
"7235567","2005-08-24",29.3289511690894,0.199999999999995,0.177777777777777,0.129390681003584,25.1750818831605,25.0247181168396,25.0999,0.545001976421463,52.6525201936325,25.0544,25.0435960912835,0.0274327209499381,0.0386403710840948
"7235566","2005-08-25",30.6485118155052,0.666666666666663,0.366666666666663,0.225925925925925,25.1941472695978,25.022319397069,25.1082333333334,1.11165862355846,63.6767794393367,25.0604,25.064449945779,0.0751923720410774,0.0459507712754914
"7235565","2005-08-28",32.1688616576845,0.733333333333328,0.533333333333328,0.359259259259256,25.2181221219671,25.0100112113663,25.1140666666667,1.12114315051246,64.9329215591021,25.0676,25.0851899530085,0.118073944912944,0.0603754060029819
"7235564","2005-08-29",34.0805877463063,0.56410256410256,0.65470085470085,0.518233618233614,25.245686090387,24.9951139096131,25.1204,1.12363932893109,64.9329215591021,25.0748,25.1031646259407,0.150284452730132,0.0783572153484119
"7235563","2005-08-30",35.8557619714551,0.736842105263153,0.678092667566347,0.622042285200175,25.2793846673577,24.9764153326424,25.1279,1.13405756949141,69.2495382268658,25.0844,25.1280760091486,0.195996696361234,0.101885111550976
"7235562","2005-08-31",37.5041380376647,0.789473684210521,0.696806117858745,0.676533213375314,25.3123091779982,24.9618241553352,25.1370666666667,1.05047525816466,70.3717293793171,25.0884,25.1523325412621,0.235858270323552,0.128679743305491
"7235561","2005-09-01",35.0271761227004,0,0.508771929824558,0.62789023841655,25.3132970708335,24.9548362625,25.1340666666667,0.256179760888309,44.2725943980279,25.0876,25.1333548690938,0.169225128967976,0.136788820437988
"7235560","2005-09-05",32.6352285128225,0,0.26315789473684,0.489578647473381,25.3146081138957,24.9471918861044,25.1309,0.243524302397211,43.6909166177065,25.084,25.1155742198813,0.111893216003978,0.131809699551186
"7235559","2005-09-06",30.5987160023236,0.0256410256410296,0.00854700854700959,0.260158944369469,25.315219483221,24.9429138501124,25.1290666666667,0.287629679393997,44.476529843806,25.0816,25.1014976572305,0.0688571285728967,0.119219185355528
"7235558","2005-09-07",29.2429683108163,0.0512820512820501,0.0256410256410263,0.0991153096416252,25.3152020461463,24.9415979538537,25.1284,0.361528997137275,45.2984220577472,25.078,25.0906313029331,0.0375209298930423,0.102879534263031
"7235557","2005-09-08",27.984059740131,0.15384615384615,0.0769230769230764,0.0370370370370374,25.3150990657541,24.9440342675794,25.1295666666667,0.393369926596814,48.5773891830913,25.0776,25.0865471292087,0.0252559224823701,0.0873548119068989
"7235556","2005-09-11",27.0888125357545,0.25641025641026,0.153846153846153,0.0854700854700852,25.313697070793,24.9431029292071,25.1284,0.495322825865624,51.6956209741702,25.0784,25.0883408453142,0.0280786223491036,0.0754995739953399
"7235555","2005-09-12",25.6620486219655,0.12820512820513,0.17948717948718,0.136752136752136,25.312924074505,24.9388759254951,25.1259,0.350553999136194,47.7941887815159,25.0784,25.0832287326056,0.0140694257397822,0.0632135443442283
"7235554","2005-09-13",24.9034732430286,0.0512820512820501,0.145299145299146,0.15954415954416,25.3120027689205,24.9347972310796,25.1234,0.358432619240641,45.571885936819,25.0784,25.0747982349249,-0.00661268820474348,0.049248297834434
"7235553","2005-09-14",24.19908181973,0.25641025641026,0.145299145299146,0.156695156695157,25.3114896303459,24.9445103696542,25.128,0.478200402973804,51.9835610943425,25.082,25.0781584702682,0.00270846125176583,0.0399403305179004
"7235552","2005-09-15",22.5869191600884,0.0512820512820501,0.11965811965812,0.136752136752137,25.3117085171152,24.9432914828849,25.1275,0.30773599819739,46.1312413091604,25.0828,25.0704040075658,-0.0154723294859105,0.0288577985171382
"7235551","2005-09-18",21.0781603186104,0,0.102564102564103,0.122507122507123,25.3122545882927,24.9384120783741,25.1253333333334,0.289572708882553,44.7741348522148,25.0784,25.061016806557,-0.0359116896979428,0.015903900874122
"7235550","2005-09-19",19.5848426322517,0.0263157894736884,0.0258659469185793,0.0826960563802673,25.3121699404475,24.9388300595526,25.1255,0.315628233532472,45.6353078359154,25.0764,25.0542145656828,-0.0483392371959712,0.00305527326010335
"7235549","2005-09-20",18.1981904949187,0.0540540540540528,0.0267899478425801,0.0517399991084208,25.312108197567,24.9392251357664,25.1256666666667,0.332834098088595,46.5331848781574,25.076,25.0496526235917,-0.05434417301724,-0.00842461599536533
"7235548","2005-09-21",17.017399183653,0.0526315789473763,0.0443338074917056,0.032329900750955,25.3118013470634,24.9331986529367,25.1225,0.308506381162242,45.7199971573606,25.076,25.0443656071128,-0.0616171624624795,-0.0190631252887882
"7235547","2005-09-22",16.77475948944,0,0.0355618776671428,0.0355618776671428,25.3131728473022,24.9221604860313,25.1176666666667,0.224646386327124,40.3980434837237,25.0724,25.0304501928311,-0.0889241091252768,-0.0330353220560859
"7235546","2005-09-25",16.5494512019565,0.239999999999995,0.0975438596491235,0.0591465149359906,25.3027465589484,24.9132534410517,25.108,0.274065327584586,46.1808615604211,25.0716,25.0263901671203,-0.0901916328951313,-0.044466584223895
"7235545","2005-09-26",17.6204721135181,0,0.079999999999998,0.0710352457720881,25.2933742733046,24.8896257266955,25.0915,0.0587187417438579,37.6559575969488,25.0656,25.0055381448376,-0.131624294295074,-0.0618981262381308
"7235544","2005-09-27",18.6149915313967,0,0.079999999999998,0.0858479532163732,25.271392428171,24.8746075718291,25.073,0.0807971733929341,37.6559575969488,25.0592,24.9874663921926,-0.162626803873345,-0.0820438617651736
"7235543","2005-09-28",20.099392621803,0,-2.59052039079203e-16,0.0533333333333319,25.2391327616373,24.8582005716962,25.0486666666667,-0.0652799606320246,33.7637001888696,25.0484,24.9624708732336,-0.207468026240165,-0.107128694660172
"7235542","2005-09-29",20.3829618475083,0.189189189189189,0.0630630630630629,0.0476876876876869,25.1785006431446,24.8761660235222,25.0273333333334,0.0898584153051386,40.3982512846825,25.0408,24.9501414234691,-0.217904744193131,-0.129283904566764
"7235541","2005-10-02",20.6462761285203,0.243243243243242,0.144144144144144,0.0690690690690687,25.1803120866935,24.8600212466399,25.0201666666667,0.135227366121855,42.1802537490197,25.0284,24.9421225670065,-0.217217049665852,-0.146870533586581
"7235540","2005-10-03",20.1509544839091,0.25,0.227477477477477,0.144894894894894,25.1800519703863,24.8486146962805,25.0143333333334,0.215381036765106,42.1802537490197,25.0152,24.9351728914057,-0.214211257017416,-0.160338678272748
"7235539","2005-10-04",19.6910129567702,0.342857142857148,0.27870012870013,0.216773916773917,25.1767390608513,24.8409276058154,25.0088333333334,0.295023867407908,45.0389308095486,25.0032,24.9331498392183,-0.199820469533807,-0.16823503652496
"7235538","2005-10-05",19.6023123505587,0.257142857142858,0.283333333333335,0.263170313170314,25.1706407913726,24.8303592086275,25.0005000000001,0.234043790234085,42.762090722263,24.9872,24.9273965273225,-0.195870959094213,-0.173762221038811
"7235537","2005-10-06",19.9456049692187,0.142857142857146,0.24761904761905,0.269884169884172,25.1617126482998,24.8196173517003,24.9906650000001,0.215386323729491,39.8681231018281,24.9688,24.9170769903462,-0.20335661776969,-0.179681100384987
"7235536","2005-10-09",20.6582819019803,0.0285714285714231,0.142857142857142,0.224603174603176,25.1460630947251,24.8079335719416,24.9769983333334,0.134267368959539,37.1598446741302,24.9608,24.9028000583,-0.219732112032112,-0.187691302714412
"7235535","2005-10-10",20.8036539571538,0.0857142857142793,0.0857142857142825,0.158730158730158,25.1361290079767,24.7985343253567,24.9673316666667,0.231438305555024,39.3773128241873,24.954,24.89309338386,-0.223670553194888,-0.194887152810507
"7235534","2005-10-11",22.5149275796737,0,0.0380952380952339,0.0888888888888862,25.1438363910442,24.755493608956,24.9496650000001,-0.0999811096797277,28.5339006006735,24.9388,24.858014266012,-0.288385364046273,-0.21358679505766
"7235533","2005-10-12",24.1039673720135,0,0.0285714285714262,0.0507936507936475,25.1380207725003,24.7176425608332,24.9278316666667,-0.0816151421448873,28.5339006006735,24.9232,24.8276123638771,-0.335926188580826,-0.238054673762293
"7235532","2005-10-13",24.2387750034403,0.216216216216221,0.0720720720720733,0.0462462462462445,25.1259665655218,24.7006967678116,24.9133316666667,0.155124815376593,36.6292913173836,24.9092,24.8119307153601,-0.343707080668676,-0.25918515514357
"7235531","2005-10-16",24.9476536248681,0,0.0720720720720733,0.0575718575718576,25.1190394179011,24.6726239154323,24.8958316666667,0.053857339409978,32.6467329825701,24.8904,24.7876732866454,-0.371668300965833,-0.281681784308022
"7235530","2005-10-17",26.3674342145509,0,0.0720720720720733,0.0720720720720733,25.1274047715339,24.6135918951328,24.8704983333334,-0.123764697331566,27.4279925046848,24.8684,24.7493168484261,-0.431314759637857,-0.311608379373989
"7235529","2005-10-18",26.6832162613903,0.104166666666668,0.0347222222222224,0.059622122122123,25.1125591034138,24.5831042299197,24.8478316666667,0.0507989848178116,31.9347360137052,24.8496,24.7227412686359,-0.457145851542551,-0.340715873807702
"7235528","2005-10-19",27.4959342659683,0,0.0347222222222224,0.0471721721721728,25.1036216637094,24.540041669624,24.8218316666667,-0.0178176474136511,28.5035106254896,24.824,24.6877090994845,-0.501349159580711,-0.372842530962304
"7235527","2005-10-20",28.5609625218594,0,0.0347222222222224,0.0347222222222225,25.0995815203983,24.4914151462685,24.7954983333334,-0.0132888191108864,26.4622166174767,24.7992,24.6493478862199,-0.549835302053669,-0.408241085180577
"7235526","2005-10-23",28.9474645217107,0,-2.63677968348475e-16,0.0231481481481482,25.0820121586184,24.4563178413817,24.7691650000001,0.0591590668668332,26.1263862353806,24.7748,24.6147681680572,-0.584969393556278,-0.443586746855717
"7235525","2005-10-24",29.3063592358583,0.0169520257670758,0.00565067525569167,0.013457632492638,25.0805770604748,24.411419606192,24.7459983333334,0.0576551804976341,27.1224162187456,24.7504,24.5861324123163,-0.602727213020526,-0.475414840088679
"7235524","2005-10-25",30.4003871204881,0,0.00565067525569167,0.00376711683712773,25.0851496660282,24.3515136673052,24.7183316666667,0.00248033906632411,22.540393131432,24.72,24.5426480906741,-0.655395401226999,-0.511410952316343
"7235523","2005-10-26",31.6903503832658,0,0.00565067525569167,0.0056506752556917,25.1070858244438,24.2695775088897,24.6883316666667,-0.043276197839743,20.9100052564944,24.6876,24.4969616785842,-0.708963908741111,-0.550921543601297
"7235522","2005-10-27",32.2673627980686,0,-2.63677968348475e-16,0.00376711683712773,25.1058741608975,24.2034558391026,24.6546650000001,0.0294144747023738,20.1261344198389,24.6568,24.4533667881063,-0.752896800140523,-0.591316594909142
"7235521","2005-10-30",33.1057580275996,0,-2.63677968348475e-16,0.00188355841856375,25.102355249358,24.1323080839755,24.6173316666667,0.0251107199324734,18.622497538068,24.6212,24.4075845496921,-0.798594350313164,-0.632772145989947
"7235520","2005-10-31",34.3719602793374,0,-2.63677968348475e-16,-2.26670534194303e-16,25.0945600494411,24.054769950559,24.5746650000001,0.0114414593103697,16.2286758149141,24.5864,24.3532399430665,-0.86160928946859,-0.678539574685675
"7235519","2005-11-01",35.547719513094,0.0113636363636382,0.00378787878787912,0.00126262626262623,25.0685119083273,23.9924847583394,24.5304983333334,0.0596471086514467,17.2698175562143,24.552,24.3074746173243,-0.898234727408409,-0.722478605230222
"7235518","2005-11-02",37.2072494887408,0,0.00378787878787912,0.0025252525252527,25.0485519143927,23.9154447522741,24.4819983333334,0.0216707197225685,14.3823324998296,24.5144,24.2478113350144,-0.966339600217403,-0.771250804227658
"7235517","2005-11-03",38.7482416089841,0.0574712643678168,0.0229449669104847,0.0101735748287477,25.0115798545692,23.8597534787642,24.4356666666667,0.0928205762155034,19.2301335578472,24.476,24.2027698236792,-0.992625698731542,-0.815525783128435
"7235516","2005-11-06",38.8082703636051,0.149425287356321,0.0689655172413789,0.0318994543132476,24.9607831836151,23.8308834830517,24.3958333333334,0.199825863749153,26.4098267859952,24.44,24.1744005138553,-0.975754432609277,-0.847571513024604
"7235515","2005-11-07",39.1941148726658,0.0714285714285741,0.0927750410509036,0.0615618417342558,24.8968571860224,23.8068094806443,24.3518333333334,0.174173281669787,24.3686495242451,24.4012,24.1404804453412,-0.974692453483517,-0.872995701116386
"7235514","2005-11-08",39.5523990596508,0.0964285714285709,0.105760810071155,0.0891671227878125,24.855443611802,23.7752897215314,24.3153666666667,0.196308705372333,26.2111675512284,24.36204,24.1138830526291,-0.955974314056218,-0.889591423704353
"7235513","2005-11-09",39.5077690857541,0.226190476190478,0.131349206349207,0.109961685823755,24.8070814655552,23.7623185344449,24.2847000000001,0.294498834513703,35.0551253198675,24.32844,24.1053653122785,-0.894425683628108,-0.890558275689104
"7235512","2005-11-10",38.7406552623325,0.289855072463767,0.204158040027605,0.147089352149322,24.7297460572285,23.7726539427716,24.2512000000001,0.338538703851849,35.8151829350288,24.29684,24.0993166039747,-0.832718679870426,-0.878990356525368
"7235511","2005-11-13",38.0283352834409,0.294117647058823,0.270054398571022,0.201853881649278,24.6576824881985,23.7843841784682,24.2210333333334,0.353772761750228,35.8151829350288,24.26684,24.0940743901114,-0.774894776508528,-0.858171240522
"7235510","2005-11-14",36.538761949284,0.389795918367343,0.324589545963311,0.266267328187313,24.6108004317788,23.7873329015547,24.1990666666667,0.392649076307847,35.3829601365868,24.23568,24.0883311380966,-0.723751630914671,-0.831287318600534
"7235509","2005-11-15",34.5133588736722,0.612244897959183,0.432052821128449,0.342232255220927,24.5449317980428,23.8125348686239,24.1787333333334,0.533588343986461,44.1705978879945,24.21688,24.0978869863504,-0.639342810302002,-0.792898416940828
"7235508","2005-11-16",32.229149446924,0.638297872340429,0.546779562888985,0.434473976660248,24.4928084916012,23.8333248417322,24.1630666666667,0.581275707154533,44.1705978879944,24.19808,24.1061687215036,-0.565913878688651,-0.747501509290392
"7235507","2005-11-17",30.8899781874728,0.446808510638301,0.565783760312637,0.514872048110024,24.4403088014938,23.8494911985063,24.1449,0.457855013333839,39.0810760908784,24.17248,24.1013462253032,-0.531710102819749,-0.704343227996264
"7235506","2005-11-20",29.7284115462891,0.425531914893617,0.503546099290782,0.538703140830801,24.3736534543896,23.8758132122771,24.1247333333334,0.430231969223721,38.549573419864,24.14968,24.0958333952627,-0.502172736965334,-0.663909129790078
"7235505","2005-11-21",28.2343766019082,0.510638297872346,0.460992907801421,0.510107589134947,24.3125458191587,23.9095875141747,24.1110666666667,0.662795999458461,41.950387852253,24.13368,24.096388942561,-0.460074321213955,-0.623142168074853
"7235504","2005-11-22",26.8470584392688,0.738095238095238,0.5580884836204,0.507542496904201,24.2871831546578,23.9249501786756,24.1060666666667,0.906552347332057,50.7552731704288,24.12048,24.1128704168862,-0.382135889733781,-0.574940912406639
"7235503","2005-11-24",25.5588344311036,0.829268292682933,0.692667276216839,0.570582889212887,24.2962916103529,23.9201750563138,24.1082333333334,0.947822175132967,53.2981309540332,24.11248,24.1324876946347,-0.303500806479695,-0.52065289122125
"7235502","2005-11-27",23.8477544860951,0.674418604651161,0.747260711809778,0.666005490549006,24.301399591659,23.9177337416744,24.1095666666667,0.883406550272441,49.8340859000032,24.10488,24.1428226686834,-0.254962900258637,-0.467514893028728
"7235501","2005-11-28",23.3585671421499,0.628942486085346,0.710876461139813,0.71693481638881,24.3364107972778,23.9017225360556,24.1190666666667,1.02359361939056,54.311161133973,24.10048,24.1611129795257,-0.190919243633192,-0.412195763149621
"7235500","2005-11-29",22.5915246589127,0.465116279069766,0.589492456602091,0.682543209850561,24.3650855817918,23.8987144182083,24.1319,0.910474206557628,52.1625758845076,24.09448,24.1729645822556,-0.148479678163982,-0.359452546152493
"7235499","2005-11-30",22.0426021868295,0.498861047835994,0.530973270997035,0.610447396246313,24.3939479630543,23.8985187036124,24.1462333333334,0.897836817756795,53.4837546322743,24.09488,24.1859026379548,-0.106947707294525,-0.308951578380899
"7235498","2005-12-01",21.5328884627523,0.612756264236906,0.525577863714222,0.548681197104449,24.4086486885493,23.9238179781175,24.1662333333334,0.858406889101303,56.7031532500762,24.09968,24.2037822862275,-0.0567221164160858,-0.258505685987937
"7235497","2005-12-04",21.2521726937527,0.0205011389521648,0.377372817008355,0.477974650573204,24.4000181597911,23.944781840209,24.1724,0.318995109889997,40.86486622424,24.09528,24.1846113147305,-0.102419817738042,-0.227288512337958
"7235496","2005-12-05",20.9915080511103,0,0.211085801063024,0.371345493928534,24.3987398218648,23.9493935114686,24.1740666666667,0.312913415061567,40.86486622424,24.09328,24.1679964727664,-0.137097357715832,-0.209250281413533
"7235495","2005-12-06",20.8228120448446,0,0.00683371298405488,0.198430777018478,24.3925829286765,23.9635504046569,24.1780666666667,0.263654281847887,40.3619802960166,24.09528,24.1522636097309,-0.166039636055382,-0.200608152341902
"7235494","2005-12-07",21.0316752392731,0,-4.27898457407612e-17,0.0726398380156929,24.3869186434077,23.9744813565924,24.1807,0.158857226303465,37.8536655561813,24.09488,24.1319617951001,-0.203380126349451,-0.201162547143412
"7235493","2005-12-08",21.5710941964662,0,-4.27898457407612e-17,0.00227790432801833,24.3922252987163,23.9628413679504,24.1775333333334,0.102065530580248,35.4791887668827,24.09848,24.1077002224201,-0.246911096973457,-0.210312257109421
"7235492","2005-12-11",22.0719832281455,0.0925925925925941,0.0308641975308646,0.0102880658436216,24.3963222952012,23.9514110381322,24.1738666666667,0.161655372972404,39.5619599733109,24.10208,24.0933401927641,-0.261710716648944,-0.220591949017326
"7235491","2005-12-12",22.5370944718477,0.0925925925925941,0.0617283950617293,0.0308641975308647,24.3998714378589,23.9408618954745,24.1703666666667,0.179672599899426,39.5619599733109,24.10248,24.0808948337289,-0.27035122621516,-0.230543804456892
"7235490","2005-12-13",23.3434392367778,0,0.0617283950617293,0.0514403292181078,24.4061480709109,23.9221852624225,24.1641666666667,0.133236279964494,36.8570944035489,24.10368,24.0634421892317,-0.290638602115922,-0.242562763988698
"7235489","2005-12-14",24.373334449162,0,0.0308641975308647,0.0514403292181078,24.4082421712686,23.8964244953982,24.1523333333334,0.137240612389994,34.806842672817,24.10244,24.0429832306675,-0.316534241918398,-0.257357059574638
"7235488","2005-12-15",25.3296657178044,0,-3.70074341541719e-17,0.0308641975308647,24.4061620775575,23.8735045891092,24.1398333333334,0.174900530975013,34.806842672817,24.09684,24.0252521332451,-0.333268525384633,-0.272539352736637
"7235487","2005-12-18",25.4365416163897,0,-3.70074341541719e-17,0.0102880658436216,24.4082960474583,23.8570372858751,24.1326666666667,0.217011300551454,34.2543691851871,24.09044,24.0085518488125,-0.345947041692296,-0.287220890527769
"7235486","2005-12-19",25.2362449741133,0.135593220338986,0.0451977401129954,0.0150659133709985,24.4082484900628,23.8517515099373,24.13,0.332284205185951,42.1634155188867,24.08724,24.0047449356375,-0.325377382266556,-0.294852188875527
"7235485","2005-12-20",25.6626713470919,0.0208333333333366,0.0521421845574409,0.0324466415568121,24.405284049064,23.8343826176028,24.1198333333334,0.243388276983149,37.870511927282,24.0816,23.9921122775525,-0.328832736642259,-0.301648298428873
"7235484","2005-12-21",23.9527122962119,0.513513513513516,0.223313355728613,0.106884426799683,24.3939387363208,23.8353945970126,24.1146666666667,0.563259697572066,51.5352294998281,24.0788,24.0051639738788,-0.26795846823362,-0.294910332389823
"7235483","2005-12-22",22.3648931775377,0.567567567567568,0.367304804804807,0.21425344836362,24.377436127582,23.8382305390848,24.1078333333334,0.559655662613345,52.7779958171119,24.0768,24.019142110695,-0.210573575121975,-0.278042980936253
"7235482","2005-12-26",21.348451434065,0.40567567567568,0.495585585585588,0.362067915373003,24.3621800737946,23.8401599262055,24.10117,0.542584563263743,48.7463109535322,24.076004,24.023269829269,-0.183110054710356,-0.259056395691074
"7235481","2005-12-27",20.1798817405782,0.333418825339837,0.435554022861028,0.432814804417141,24.3254462066473,23.8538904600194,24.0896683333334,0.557183058827691,47.4368180416158,24.074804,24.0241671853664,-0.166179284891765,-0.240480973531212
"7235480","2005-12-28",18.9796721032072,0.307771223390615,0.34895524146871,0.426698283305109,24.2873271506205,23.8673428493795,24.077335,0.498408670677933,46.7637494141033,24.071604,24.0236115606509,-0.154340711674983,-0.223252921159966
"7235479","2005-12-29",17.8651917256485,0.384714029238271,0.341968025989574,0.375492430106438,24.2365008762211,23.8935024571123,24.0650016666667,0.592318209752204,49.0971630104582,24.064804,24.0271300192308,-0.133346081235064,-0.205271553174986
"7235478","2006-01-02",16.830317089344,0.410361631187483,0.36761562793879,0.352846298465692,24.1695495847486,23.9351204152515,24.052335,0.6464479302651,49.8856772807519,24.056804,24.0315126833334,-0.112057926263565,-0.186628827792702
"7235477","2006-01-03",16.4730599468731,0.436009233136705,0.410361631187487,0.373315095038617,24.1721482100307,23.9345217899694,24.053335,0.738462541266894,50.7079746787368,24.051204,24.0366443255556,-0.0907836650837046,-0.167459795250902
"7235476","2006-01-04",17.3026174604664,0.634146341463418,0.493505735262536,0.423827664796271,24.1957626323836,23.9229073676165,24.059335,1.05217919334841,57.471515968122,24.046404,24.0530917488148,-0.0432295451731957,-0.142613745235361
"7235475","2006-01-05",18.1565388352766,0.690476190476194,0.586877255025439,0.496914873825154,24.2232518401494,23.9110848265173,24.0671683333334,1.03229519053467,59.4679697884445,24.044004,24.0713461823062,0.0044408044009403,-0.113202835308101
"7235474","2006-01-08",19.9452476738745,0.625,0.649874177313204,0.576752389200393,24.2714712701648,23.890865396502,24.0811683333334,1.12750389101503,63.1898440991633,24.043204,24.095166691332,0.0615733427815623,-0.078247599690168
"7235473","2006-01-09",22.8151502270429,0.421686746987954,0.579054312488049,0.605268581608898,24.3392334905644,23.8644365094357,24.101835,1.17010746202225,63.7866937652896,24.040804,24.1171444658211,0.108889648414734,-0.0408201500691876
"7235472","2006-01-10",25.5123329313452,0.607142857142859,0.551276534710271,0.593401674837175,24.4258713351968,23.82846533147,24.1271683333334,1.17430133636689,71.6947387645722,24.055204,24.1575252037116,0.197510150945379,0.00684591013372571
"7235471","2006-01-11",25.5894522589732,0.246575342465753,0.425134982198855,0.518488609799059,24.4491035573306,23.8355664426695,24.1423350000001,0.800440938717182,54.1762305595299,24.060804,24.1631885098834,0.191984013185076,0.0438735307439957
"7235470","2006-01-12",27.1421845549359,0.765957446808508,0.53989188213904,0.505434466349389,24.5989687025309,23.7683679641359,24.1836683333334,1.25808384328759,72.1588453017413,24.088404,24.2400967085656,0.363340512237564,0.107766927042709
"7235469","2006-01-16",27.5234670175987,0.617021276595746,0.543184688623335,0.50273718432041,24.6796805694912,23.7609894305089,24.2203350000001,1.02211780395678,65.0333195970648,24.112404,24.2880838140902,0.446957072356535,0.175604956105475
"7235468","2006-01-17",27.9511491424639,0.77659574468085,0.719858156028368,0.600978242263581,24.7720700215663,23.7525999784338,24.2623350000001,1.0339359114409,68.609899627039,24.144404,24.3496726388782,0.556251914718486,0.251734347828077
"7235467","2006-01-18",27.3639647238919,0.627659574468084,0.673758865248227,0.645600569966644,24.821082752731,23.7742539139358,24.2976683333334,0.868412662803413,62.2137130321656,24.168804,24.3843829536944,0.589410843427873,0.319269646948036
"7235466","2006-01-19",26.8187220495037,0.615384615384614,0.673213311511183,0.688943444262593,24.8605395075249,23.7971304924752,24.3288350000001,0.811418273978507,62.2137130321656,24.193204,24.4144652265352,0.608531775123544,0.377122072583138
"7235465","2006-01-22",25.9617916727954,0.555555555555554,0.599533248469417,0.648835141742942,24.8795042450841,23.8418324215826,24.3606683333334,0.740279885238935,59.9007025939116,24.217604,24.4338698629971,0.600158244021798,0.42172930687087
"7235464","2006-01-23",25.6140126755271,0.629213483146066,0.600051218028745,0.624265926003115,24.915412024156,23.8595913091775,24.3875016666667,0.783348295554167,62.0291109529356,24.246404,24.4600205479309,0.609521127385815,0.459287670973859
"7235463","2006-01-24",25.0683618567716,0.550000000000001,0.578256346233874,0.592613604244012,24.9403647999692,23.8859718666975,24.4131683333334,0.727775616111856,60.5458736444922,24.274004,24.4786844748734,0.600052681841423,0.487440673147372
"7235462","2006-01-25",24.5616860964986,0.532467532467533,0.570560338537866,0.582955967600162,24.9549439098693,23.9210527567975,24.4379983333334,0.67603561663709,60.5458736444922,24.302004,24.4948598782236,0.58574519666128,0.507101577850154
"7235461","2006-01-26",24.5233529095931,0.592105263157893,0.558190931875142,0.569002538882294,24.9712575275797,23.9610758057538,24.4661666666667,0.711678085945546,62.2888940437946,24.328804,24.5155452277938,0.58408162604735,0.522497587489593
"7235460","2006-01-29",24.6447319632513,0.578947368421053,0.567840054682159,0.56553044169839,24.9766318106058,24.0163681893943,24.4965000000001,0.694564627052691,61.7017800778306,24.358004,24.5321391974213,0.572810913885724,0.532560252768819
"7235459","2006-01-30",24.3979032027745,0.526315789473686,0.56578947368421,0.563940153413837,24.9705666057533,24.0767667275802,24.5236666666667,0.630155906455329,59.2942642523936,24.378404,24.5411873044318,0.544416133462478,0.534931428907551
"7235458","2006-01-31",23.5716593570043,0.435526315789472,0.51359649122807,0.549075339864813,24.9480355240419,24.1486978092916,24.5483666666667,0.540408452402424,55.2868254970667,24.395244,24.5398289971742,0.493533106993205,0.526651764524682
"7235457","2006-02-01",23.0614695988241,0,0.320614035087719,0.466666666666667,24.9180335761376,24.2270330905292,24.5725333333334,0.5301012813061,55.2285677637935,24.41444,24.5385184642177,0.447721773704712,0.510865766360688
"7235456","2006-02-02",22.5877219662282,0.0512820512820501,0.162269455690507,0.332159994002099,24.8935013477801,24.2875653188867,24.5905333333334,0.466113034455328,56.2221437774476,24.43524,24.5400493356553,0.413230420776234,0.491338697243797
"7235455","2006-02-05",23.0045367848995,0.23076923076923,0.0940170940170933,0.192300194931773,24.8679282683708,24.356138398296,24.6120333333334,0.600236450542596,59.6013858646146,24.45924,24.5507094242346,0.404241558707485,0.473919269536535
"7235454","2006-02-06",23.0975059666439,0.199999999999998,0.160683760683759,0.138990103463787,24.8459127779979,24.4098205553355,24.6278666666667,0.520179217932899,57.5510456412953,24.48084,24.55594816767,0.382829230062676,0.455701261641763
"7235453","2006-02-07",23.3054765873142,0.333333333333333,0.254700854700854,0.169800569800569,24.8364050783025,24.4436615883643,24.6400333333334,0.55932625389567,59.0674770494922,24.50324,24.5644884119807,0.371424876169146,0.43884598454724
"7235452","2006-02-08",23.6839340528126,0.518518518518521,0.350617283950617,0.255333966445077,24.8404816046138,24.4572517287197,24.6488666666667,0.650823314244749,61.5338989886806,24.52724,24.5785566237166,0.374469977640368,0.425970783165865
"7235451","2006-02-09",25.1016595034579,0.565217391304347,0.4723564143854,0.359224851012291,24.822950149633,24.5277831837005,24.6753666666667,1.11422862625293,66.7172847908032,24.55244,24.6067490738877,0.41146321273533,0.423069269079758
"7235450","2006-02-12",24.9167943834561,0.217391304347823,0.43370907139023,0.418894256575416,24.8072199985297,24.5351800014704,24.6712000000001,0.716144686941535,55.9009947752221,24.57004,24.6098491973693,0.383834715054232,0.415222358274653
"7235449","2006-02-13",24.7451339148829,0.217391304347823,0.333333333333331,0.413132939702987,24.8072199985297,24.5351800014704,24.6712000000001,0.605866785440648,55.9009947752221,24.58524,24.6125359710534,0.357811301944788,0.40374014700868
"7235448","2006-02-14",24.9171237695703,0.456521739130432,0.297101449275359,0.35471461799964,24.8039976689774,24.5370689976894,24.6705333333334,0.960047994872273,60.9489422888625,24.60444,24.629531174913,0.368973833404951,0.396786884287934
"7235447","2006-02-15",25.6712028959197,0.346938775510201,0.340283939662819,0.323572907423836,24.822762680609,24.5306373193911,24.6767000000001,0.944900319933824,58.3340133921307,24.61564,24.6389270182579,0.3605280428574,0.389535116001827
"7235446","2006-02-16",26.3714192275298,0.571428571428568,0.458296362023067,0.365227250320415,24.8563529119978,24.5183804213356,24.6873666666667,1.05024202207174,63.0312827979982,24.64004,24.6617367491569,0.385369917909206,0.388702076383303
"7235445","2006-02-20",27.0216201068821,0.755102040816324,0.557823129251698,0.452134476979195,24.8995274829059,24.5075391837608,24.7035333333334,1.08624198860305,66.3717175521589,24.64644,24.6935051826026,0.429447027059249,0.396851066518492
"7235444","2006-02-21",27.0824164221601,0.653061224489799,0.65986394557823,0.558661145617665,24.9277919682219,24.5006080317782,24.7142,0.934941448282736,62.9676492097924,24.65644,24.7143711582556,0.442837716712718,0.406048396557338
"7235443","2006-02-22",26.8193049137594,0.574468085106383,0.660877116804168,0.626188063878032,24.9429928505071,24.5047404828263,24.7238666666667,0.78020384841231,60.9478439671826,24.65924,24.7284550038215,0.438550909974711,0.412548899240812
"7235442","2006-02-23",27.0745492043712,0.604651162790702,0.610726824128961,0.64382262883712,24.9630445451759,24.5120221214909,24.7375333333334,0.845437370335215,62.2518290165433,24.66884,24.744661003312,0.439832797177053,0.418005678828061
"7235441","2006-02-26",27.5445428432013,0.651162790697677,0.610094012864921,0.627232651266017,24.9867591891473,24.5123074775194,24.7495333333334,0.85929192052385,63.1355770505702,24.67924,24.761372869537,0.442227708320964,0.422850084726641
"7235440","2006-02-27",28.0400070514422,0.829268292682926,0.695027415390435,0.638616084128106,25.0203303361826,24.5087363304841,24.7645333333334,0.927682884402078,66.8919083810843,24.69524,24.7878564869321,0.467983676600059,0.431876803101325
"7235439","2006-02-28",28.6811651863497,0.720930232558145,0.733787105312916,0.679636177856091,25.0469755555463,24.5160911111205,24.7815333333334,0.873841555823451,65.2995571855913,24.70764,24.8081422886745,0.476313826393038,0.440764207759667
"7235438","2006-03-01",29.5133268583177,0.680851063829784,0.743683196356952,0.724165905686768,25.0674098379114,24.5375901620887,24.8025,0.872768338007223,65.7387179874615,24.72164,24.8270566501846,0.480567673117127,0.448724900831159
"7235437","2006-03-02",28.2080822600528,0,0.46726043212931,0.64824357793306,25.0660267900107,24.5403065433227,24.8031666666667,0.126227064226754,42.1726201347618,24.71924,24.78878243016,0.346614854100591,0.428302891485046
"7235436","2006-03-05",27.3431606505573,0,0.226950354609928,0.479297994365397,25.0720973584855,24.5299026415146,24.801,-0.00596828915268325,39.917440161287,24.71244,24.747611439472,0.218289949559636,0.386300303099964
"7235435","2006-03-06",27.2188466923744,0,-3.70074341541719e-17,0.231403595579746,25.099081167512,24.4802521658214,24.7896666666667,-0.0704322180047887,35.4892684362466,24.70084,24.6945965808757,0.0731562104744343,0.323671484574858
"7235434","2006-03-07",27.1034123026332,0.133333333333331,0.0444444444444435,0.0904649330181241,25.1109340969885,24.4547325696782,24.7828333333334,0.0689840368207568,40.9186860554352,24.69484,24.6619837034256,-0.00923410450990314,0.257090366757906
"7235433","2006-03-08",27.1525836943911,0.0933333333333337,0.0755555555555547,0.0399999999999996,25.1265379552575,24.4187953780759,24.7726666666667,0.0582197867594132,39.8355135211892,24.6904,24.6297192096355,-0.0834833060312845,0.188975632200068
"7235432","2006-03-09",26.7403584403377,0.0799999999999983,0.102222222222221,0.0740740740740733,25.1378147652369,24.3838519014299,24.7608333333334,0.114260400220684,39.4605384508374,24.6856,24.6004233150175,-0.144035311425861,0.122373443474882
"7235431","2006-03-12",26.2226138049024,0.24,0.137777777777777,0.105185185185185,25.1283524959993,24.3783108373341,24.7533316666667,0.437739013834957,46.0262324615552,24.6848,24.5910335396818,-0.150948828733821,0.0677089890331413
"7235430","2006-03-13",25.7418509291411,0.626666666666665,0.315555555555554,0.185185185185184,25.1358582073656,24.3821384593012,24.7589983333334,0.61189172131492,57.907189902996,24.6928,24.6215624010576,-0.0605862788101152,0.04204993546449
"7235429","2006-03-14",24.8261802978374,0.533333333333331,0.466666666666665,0.306666666666666,25.1389656430677,24.387031023599,24.7629983333334,0.52261056510292,54.773036500338,24.6992,24.6386874142499,-0.0118415660093407,0.0312716351697239
"7235428","2006-03-15",24.3701098764026,0.639999999999996,0.599999999999998,0.460740740740739,25.1444914156706,24.3881719176628,24.7663316666667,0.623847571800069,57.5976212534828,24.7076,24.6641957590166,0.0523388422952076,0.0354850765948206
"7235427","2006-03-16",23.9466159136417,0.573333333333333,0.58222222222222,0.549629629629628,25.1474430249515,24.3888869750485,24.768165,0.599093973797877,55.2741158586945,24.712,24.679636324481,0.0858077949500435,0.0455496202658652
"7235426","2006-03-19",23.7096387765384,0.706666666666663,0.639999999999997,0.607407407407405,25.1528969999251,24.3880996667417,24.7704983333334,0.695478802265632,58.8495471403061,24.7156,24.7063514812169,0.143320957576987,0.0651038877280895
"7235425","2006-03-20",22.2167707368936,0.466666666666664,0.58222222222222,0.60148148148148,25.1375600618676,24.3874366047991,24.7624983333334,0.514444289000531,50.9536420199156,24.7184,24.7055046170546,0.128596315729212,0.0778023733283141
"7235424","2006-03-21",20.830536128652,0.521200169037891,0.564844500790406,0.595688907670875,25.1253991209723,24.3859308790278,24.755665,0.510370064457587,51.7286223213548,24.722,24.7074373347807,0.12205182990519,0.0866522646436892
"7235423","2006-03-22",19.5433182781419,0.577546133258208,0.521804322987588,0.556290348666738,25.1194976064846,24.3844990601821,24.7519983333334,0.529027268295028,53.3173663396346,24.7228,24.7144456901433,0.128443783584875,0.0950105684319264
"7235422","2006-03-23",18.4875005446622,0.563459642203127,0.554068648166409,0.546905823981468,25.1079481030068,24.3840485636599,24.7459983333334,0.537760764462756,52.8490641078836,24.7248,24.7191862647908,0.128755087690857,0.101759472283713
"7235421","2006-03-26",18.4017783610556,0.461609478381291,0.534205084614209,0.536692685256069,25.093557633106,24.3857723668941,24.739665,0.575825728360444,50.9223783262775,24.7208,24.7179614294854,0.11462189642879,0.104331957112728
"7235420","2006-03-27",17.8427513121859,0.36928758270503,0.46478556776315,0.517686433514589,25.0650481415588,24.3926151917746,24.7288316666667,0.556265832916301,48.0902891617675,24.7108,24.708899905554,0.0828760768561976,0.100040781061422
"7235419","2006-03-28",17.3236547668069,0.523157408832129,0.451351489972817,0.483447380783392,25.0414880522481,24.4015086144187,24.7214983333334,0.674747801865762,52.8017695991956,24.7068,24.7143799181468,0.0893406505757754,0.0979007549642927
"7235418","2006-03-29",16.9327619771123,0,0.29748166384572,0.404539573860562,24.9982767644969,24.4080532355032,24.703165,0.381686067673801,43.110068440938,24.6948,24.6884625957272,0.0191119072345369,0.0821429854183416
"7235417","2006-03-30",16.5697901009674,0.104166666666668,0.209108025166266,0.319313726328268,24.998138119742,24.4118552135914,24.7049966666667,0.394766390049184,45.4539812153554,24.6836,24.6726675829636,-0.020011858237301,0.0617120166872131
"7235416","2006-04-02",17.2571459172819,0,0.0347222222222228,0.180437303744737,25.006109690266,24.3955503097341,24.70083,0.0782610588304272,38.8958825694228,24.664,24.6336452385685,-0.111968755760983,0.0269758621975739
"7235415","2006-04-03",17.895404889574,0.0483870967741953,0.0508512544802879,0.0982271672895926,25.0053009636552,24.3970257030115,24.7011633333334,0.0761293994971965,40.3590792050278,24.642,24.603825873426,-0.173142947826965,-0.0130478998073339
"7235414","2006-04-04",18.4880739352738,0.0806451612903236,0.0430107526881731,0.0428614097968951,25.0104768376178,24.3865164957156,24.6984966666667,0.0964006314370633,41.3670943549925,24.6216,24.5806490903025,-0.212688359388813,-0.0529759917236297
"7235413","2006-04-05",19.8494676854606,0,0.0430107526881731,0.0456242532855452,25.0291810700854,24.3541455965813,24.6916633333334,-0.0456453985862978,35.8245732637272,24.594,24.5378958782622,-0.296569210932573,-0.101694635565418
"7235412","2006-04-06",21.545538998497,0,0.026881720430108,0.0376344086021519,25.0657230306526,24.2916036360141,24.6786633333334,-0.105414793350048,32.7654503550714,24.5784,24.4861764278272,-0.394935766323579,-0.160342861717051
"7235411","2006-04-09",23.6510540472224,0,1.48029736616688e-16,0.0232974910394275,25.120880198773,24.1701164678937,24.6454983333334,-0.133348728440777,28.8997988327302,24.5588,24.4200195707836,-0.520056048978712,-0.232285499169383
"7235410","2006-04-10",25.5113959373408,0.00990099009901143,0.00330033003300396,0.0100606834877045,25.1370831269293,24.0749135397374,24.6059983333334,-0.0203171006440567,29.4599522751492,24.5448,24.3640169613458,-0.609324458365668,-0.30769329100864
"7235409","2006-04-11",27.6591582074335,0,0.00330033003300396,0.00220022002200313,25.1647157166113,23.9616142833887,24.563165,-0.0318185557745206,26.3321762131106,24.5212,24.296814699833,-0.718651645078805,-0.389884961822673
"7235408","2006-04-12",29.1750703662255,0.0964912280701749,0.0354640727230623,0.0140215775963572,25.1513359006731,23.8903274326603,24.5208316666667,0.0975456579343109,32.4047028303379,24.5032,24.2532394065219,-0.760374857699631,-0.463982940998064
"7235407","2006-04-16",29.68026703552,0.140350877192983,0.0789473684210526,0.0392372570590401,25.1228008121437,23.8425291878563,24.482665,0.185484710930669,35.0264463875103,24.4876,24.2221408189857,-0.768143019180445,-0.524814956634541
"7235406","2006-04-17",30.386091101718,0.0877192982456152,0.108187134502924,0.0741995252156802,25.0744949390588,23.8015017276079,24.4379983333334,0.176878350201195,33.3546035820518,24.4648,24.1871887097876,-0.785409668236858,-0.576933898955004
"7235405","2006-04-18",31.7487675185125,0,0.076023391812866,0.0877192982456148,25.0561321425452,23.7288611907882,24.3924966666667,0.101289649286623,28.2688011903,24.422,24.1288968818159,-0.859603678343046,-0.633467854832612
"7235404","2006-04-19",33.014109905536,0.0961630926050596,0.0612941302835584,0.0818348855331167,25.0236609423212,23.6743323910122,24.3489966666667,0.162303645104604,33.4709237553247,24.386,24.0917106309071,-0.875188431373775,-0.681811970140845
"7235403","2006-04-20",34.4608840967225,0.0121951219512214,0.0361194048520938,0.0578123089828399,24.9825180385015,23.6218086281652,24.3021633333334,0.157901486437403,31.272732319752,24.3432,24.0474825467862,-0.907491420054807,-0.726947860123637
"7235402","2006-04-23",36.3354130488388,0,0.0361194048520938,0.0445109799959158,24.9499429408965,23.5393837257702,24.2446633333334,0.0595151246845175,26.8428875000964,24.294,23.981151540548,-0.992603638326994,-0.780079015764309
"7235401","2006-04-24",37.2907628021179,0,0.00406504065040728,0.0254346167848654,24.890621230255,23.4847054364118,24.1876633333334,0.119941676208516,26.8428875000964,24.2408,23.923664668475,-1.04851367610953,-0.833765947833353
"7235400","2006-04-25",38.1778732873055,0,1.37621395760827e-16,0.0133948151675009,24.8243375883547,23.433989078312,24.1291633333334,0.117004899979819,26.8428875000964,24.1948,23.8738427126783,-1.08079771975614,-0.883172302217911
"7235399","2006-04-26",38.9081715607735,0.0128205128205103,0.00427350427350357,0.00277951497463744,24.7187137141064,23.4169462858937,24.06783,0.14574061131141,27.454069417686,24.1484,23.8319970176545,-1.09076536250232,-0.924690914274793
"7235398","2006-04-27",40.1201848912201,0,0.00427350427350357,0.00284900284900288,24.6559121264635,23.3634145402032,24.0096633333334,0.0824647263792702,23.6276569244131,24.0932,23.7717307486339,-1.14683946864858,-0.96912062514955
"7235397","2006-04-30",41.2456258409205,0,0.00427350427350357,0.00427350427350402,24.5718266761922,23.3275033238079,23.949665,0.0930867441356869,23.6276569244131,24.0384,23.7194999821494,-1.17818991109485,-1.01093448233861
"7235396","2006-05-01",42.4311988964013,0,1.37621395760827e-16,0.00284900284900288,24.5181598199443,23.2788368467224,23.8984983333334,0.113903442708404,22.6123493842074,23.9832,23.6675666511961,-1.20658242056506,-1.0500640699839
"7235395","2006-05-02",43.8429991603126,0,1.37621395760827e-16,0.00142450142450173,24.464203932328,23.2154627343387,23.8398333333334,0.0437004874048037,20.3536748761819,23.925604,23.6065710977033,-1.25601519965977,-1.09125429591907
"7235394","2006-05-03",45.1790144145021,0,1.37621395760827e-16,5.86047414300831e-16,24.3915684777533,23.16676485558,23.7791666666667,0.0543503273081306,20.1708984921866,23.863604,23.5523616180096,-1.28437618868404,-1.12987867447207
"7235393","2006-05-04",46.5695211034571,0,1.37621395760827e-16,5.86047414300831e-16,24.3344223567051,23.1092443099616,23.7218333333334,0.055030660143043,19.0750333472362,23.808404,23.4973800689416,-1.31278156955922,-1.1664592534895
"7235392","2006-05-07",48.0703366341462,0,1.37621395760827e-16,5.86047414300831e-16,24.2942461314915,23.0374205351753,23.6658333333334,0.0418351320810521,17.5360315378107,23.747604,23.4377293930827,-1.3511843780128,-1.20340427839416
"7235391","2006-05-08",49.5309594074768,0,1.37621395760827e-16,5.86047414300831e-16,24.2713310873847,22.9630022459487,23.6171666666667,0.0817820036237066,17.0424385404359,23.693204,23.3820321406717,-1.37664252825713,-1.23805192836675
"7235390","2006-05-09",50.7634997943512,0,1.37621395760827e-16,5.86047414300831e-16,24.2310616477912,22.9052716855422,23.5681666666667,0.126763403387081,17.0424385404359,23.637604,23.3337611885821,-1.38137271531809,-1.26671608575702
"7235389","2006-05-10",51.9593965964327,0,1.37621395760827e-16,5.86047414300831e-16,24.2032354539173,22.8454312127494,23.5243333333334,0.148206529200516,16.6794462446744,23.580404,23.2892596967712,-1.37657123536663,-1.28868711567894
"7235388","2006-05-11",53.4351243023918,0,1.37621395760827e-16,5.86047414300831e-16,24.1612855710947,22.7753744289054,23.46833,0.0850647881905765,14.0919346164717,23.5236,23.229345070535,-1.41246718958796,-1.31344313046075
"7235387","2006-05-14",53.7329480904209,0.151261481223112,0.0504204937410376,0.0168068312470131,24.0750751540989,22.7545848459011,23.41483,0.193424482189103,24.3607124870991,23.4764,23.194765727797,-1.38023514881579,-1.32680153413175
"7235386","2006-05-15",54.1305337039292,0.104755261016161,0.0853389140797578,0.0452531359402656,23.9855693308442,22.7390906691558,23.36233,0.190597725266335,23.4332738872289,23.434,23.1594636307574,-1.35326901045478,-1.33209502939636
"7235385","2006-05-16",54.8321947539387,0,0.0853389140797578,0.0736994406335181,23.9256131465489,22.7007168534512,23.313165,0.146365980172427,20.8666941056614,23.3864,23.1128684799898,-1.35839420969972,-1.33735486545703
"7235384","2006-05-17",55.364765083282,0.177215189873418,0.0939901502965263,0.0882226594853477,23.8347971908177,22.6998661425157,23.2673316666667,0.243891930320449,30.4390488512304,23.35,23.0911526826578,-1.29887062977961,-1.32965801832155
"7235383","2006-05-18",54.7161396856952,0.215189873417723,0.130801687763714,0.10337691738,23.7388057243941,22.7151909422726,23.2269983333334,0.307546416118514,32.3281085943037,23.3104,23.0763323249701,-1.22716674857606,-1.30915976437245
"7235382","2006-05-21",53.1106955563864,0.413864459389552,0.268756507560231,0.164516115206824,23.6815744490059,22.7210888843275,23.2013316666667,0.404910942938243,36.6510660444824,23.2716,23.0728213483074,-1.13284682406619,-1.2738971763112
"7235381","2006-05-22",51.946573403352,0.346938775510206,0.325331036105827,0.241629743809924,23.6078359518011,22.7358273815323,23.1718316666667,0.375576528680307,34.2919489490227,23.2324,23.0604451685331,-1.07026599219908,-1.23317093948878
"7235380","2006-05-23",50.9119831569634,0.363636363636363,0.374813199512041,0.3229669143927,23.5372717591561,22.7473915741773,23.1423316666667,0.328246102915388,33.9556990169576,23.2012,23.0483858127287,-1.01254903207467,-1.18904655800596
"7235379","2006-05-24",50.9494046429778,0,0.236858379715523,0.312334205111131,23.4618687778043,22.7424612221958,23.102165,0.0846142227212069,26.6412361396446,23.1556,23.0032677043649,-1.04596780836649,-1.16043080807806
"7235378","2006-05-25",50.8849611203733,0.480769230769231,0.281468531468532,0.297713370232032,23.3985465981551,22.7561167351783,23.0773316666667,0.338117218194892,40.0202917220633,23.1236,22.9974986771162,-0.973740002900814,-1.12309264704261
"7235377","2006-05-29",49.4423198294315,0.557692307692306,0.346153846153846,0.288160252445967,23.3315078036301,22.7838221963699,23.057665,0.486004744513234,41.8477384619551,23.1016,22.997832186834,-0.892190280640304,-1.07691217376215
"7235376","2006-05-30",45.9591233526757,0.511945392491468,0.516802310317669,0.381474895980016,23.2799762095353,22.8157471237981,23.0478616666667,0.87927754222253,46.2562599058722,23.0836,23.0114545619228,-0.78344590847359,-1.01821892070444
"7235375","2006-05-31",42.780468870604,0.797468354430379,0.622368684871385,0.495108280447634,23.3142635140022,22.7937898193312,23.0540266666667,1.15191895410035,55.0614939512869,23.0752,23.0552606203331,-0.606210281343644,-0.93581719283228
"7235374","2006-06-01",40.5457905878459,0.849462365591397,0.719625370837748,0.619598788675601,23.3996177136254,22.7397689530413,23.0696933333334,1.22285251079512,59.7911357280741,23.0728,23.1145592042887,-0.405316780484999,-0.829717110362824
"7235373","2006-06-04",39.0702825341614,0.311827956989246,0.652919559003675,0.66497120490427,23.3904482490733,22.7379384175935,23.0641933333334,0.50379049205695,44.152479829077,23.0576,23.0992846437169,-0.415893751921226,-0.746952438674504
"7235372","2006-06-05",38.5050913103379,0.0215053763440856,0.39426523297491,0.588936720938778,23.387733608597,22.7233197247364,23.0555266666667,0.291003765313891,38.3233406630231,23.0316,23.0500466912213,-0.512844650504596,-0.700130881040522
"7235371","2006-06-06",37.9802708882161,0.096774193548387,0.14336917562724,0.396851322535275,23.3903155901184,22.6960710765483,23.0431933333334,0.183310424925928,40.5159867779682,23.0104,23.0167071323918,-0.559009990021775,-0.671906702836773
"7235370","2006-06-07",36.7144128859275,0.0645161290322567,0.0609318996415766,0.199522102747909,23.388616594577,22.6757700720897,23.0321933333334,0.249090450247344,39.8619322656179,22.992796,22.9838128480729,-0.599388260392375,-0.657403014347893
"7235369","2006-06-08",35.1946105975684,0.311827956989246,0.157706093189964,0.120669056152927,23.3877219368626,22.6749980631375,23.03136,0.498091827634562,46.9347002535243,22.984796,22.9859711349965,-0.544467872731658,-0.634815986024646
"7235368","2006-06-11",34.263460455711,0.161290322580644,0.179211469534049,0.132616487455197,23.3872002108775,22.6835264557892,23.0353633333334,0.411848353656083,43.5752751504352,22.973596,22.9691749836636,-0.543837886119147,-0.616620366043547
"7235367","2006-06-12",33.398821038272,0.21505376344086,0.229390681003583,0.188769414575866,23.3860967614665,22.6762965718669,23.0311966666667,0.352733203609019,45.0869999498969,22.967996,22.9612849858418,-0.51982507750562,-0.597261308335961
"7235366","2006-06-13",32.8741662407467,0.129032258064513,0.168458781362006,0.192353643966547,23.3870315329302,22.6646951337366,23.0258633333334,0.284223343157882,43.0974295015215,22.960396,22.9437803210629,-0.522917816323942,-0.582392609933557
"7235365","2006-06-14",32.4571992254878,0.087912087912086,0.14399936980582,0.18061627739047,23.3888371108188,22.6585562225147,23.0236966666667,0.243893064989874,42.5914244643046,22.951996,22.9259429449212,-0.526398366040204,-0.571193761154887
"7235364","2006-06-15",32.6648510024887,0,0.0723147819922,0.128257644386676,23.4000493459127,22.620677320754,23.0103633333334,0.114608526303984,38.239846171654,22.937196,22.8864838855984,-0.585908305542082,-0.574136670032326
"7235363","2006-06-18",32.8576705097038,0.0397029702970321,0.0425383527363729,0.0862841681781314,23.4055043771548,22.5828956228453,22.9942,0.150542660577467,39.7174991326257,22.930404,22.8576327008519,-0.612071412479165,-0.581723618521694
"7235362","2006-06-19",33.5500255117287,0,0.0132343234323442,0.0426958193869728,23.4118432796442,22.5242233870225,22.9680333333334,0.0703491214687951,35.804202993592,22.911604,22.8099483407383,-0.685209564525935,-0.602420807722542
"7235361","2006-06-20",34.1929265850375,0.0438596491228076,0.0278542064732801,0.0278756275473329,23.4130560004011,22.4776773329323,22.9453666666667,0.141464277163548,37.7458899919355,22.896404,22.7752885619732,-0.71748823986113,-0.62543429415026
"7235360","2006-06-21",35.2088697004595,0,0.0146198830409361,0.0185694709821873,23.4270759271056,22.4113240728945,22.9192,0.0708925709958857,34.385752147506,22.880004,22.7252500870435,-0.787447574386069,-0.657836950197421
"7235359","2006-06-22",36.1522454504943,0.0224719101123631,0.0221105197450571,0.0215282030864249,23.4428290205161,22.3644843128172,22.9036566666667,0.118684083981389,35.2138713839211,22.858804,22.6845500754377,-0.826595901120986,-0.691588740382134
"7235358","2006-06-25",37.1948608821231,0,0.00749063670412121,0.0147403464967053,23.4503440360389,22.3046326306279,22.8774883333334,0.126850475043213,33.8342582623298,22.834004,22.641276732046,-0.869248582375004,-0.727120708780708
"7235357","2006-06-26",38.3521381728982,0,0.00749063670412121,0.0123639310511003,23.4496341403967,22.2386758596033,22.844155,0.119457025088634,32.2469416989324,22.803604,22.5944398344398,-0.917769649078193,-0.765250496840205
"7235356","2006-06-27",38.0068644637627,0.0659340659340684,0.021978021978023,0.0123197651287556,23.4057168846668,22.2085331153333,22.807125,0.229538877020563,35.0592447428774,22.778404,22.5618478565145,-0.924417554619639,-0.797083908396092
"7235355","2006-06-28",37.4694695071985,0.109890109890111,0.0586080586080601,0.0293589057634019,23.3097597559829,22.2171569106838,22.7634583333334,0.277175819758434,36.9385216846584,22.755204,22.5389348089793,-0.905101975824441,-0.818687521881762
"7235354","2006-06-29",37.0891067397401,0.104477611940299,0.0934339292548264,0.0580066699469703,23.1406050071505,22.2719783261829,22.7062916666667,0.151221474113755,36.0948667717963,22.741204,22.5150768344487,-0.890391913193356,-0.833028400144081
"7235353","2006-07-02",35.295224321819,0.363636363636367,0.192668028488926,0.114903338783938,23.0862868123333,22.278296521,22.6822916666667,0.381650805677095,43.9123178532853,22.724004,22.5170665898555,-0.808537478714577,-0.82813021585818
"7235352","2006-07-04",32.8395709057904,0.599999999999998,0.356037991858888,0.214046649867547,23.062003214532,22.282246785468,22.672125,0.552847699355007,48.6842787183189,22.710004,22.5347910445415,-0.692673805843413,-0.801038933855227
"7235351","2006-07-05",30.5593213051924,0.689655172413795,0.551097178683387,0.366601066343734,23.0521855382028,22.2827311284639,22.6674583333334,0.58128053576022,50.2050982751468,22.693604,22.5554855719359,-0.579846399360573,-0.756800426956296
"7235350","2006-07-06",29.6545717632977,0.525125000000001,0.604926724137931,0.504020631560069,23.0498164967292,22.2834401699375,22.6666283333334,0.721960144191958,50.9910990315956,22.668408,22.5761008290111,-0.477743613195969,-0.700989064204231
"7235349","2006-07-09",28.8144471886812,0.700000000000002,0.638260057471266,0.598094653430862,23.0216675197051,22.2982558136283,22.6599616666667,0.827206482852887,56.1761705347859,22.642408,22.6126207184763,-0.342948900891193,-0.629381031541623
"7235348","2006-07-10",29.0147231738125,0.718750000000001,0.647958333333335,0.630381704980845,23.045220559531,22.2843694404691,22.664795,1.03256805418065,60.3717766481571,22.641608,22.6616046226795,-0.18775999185614,-0.541056823604527
"7235347","2006-07-11",29.2006937314343,0.729166666666665,0.715972222222223,0.667396871008942,23.0756667861869,22.2679232138131,22.671795,0.988857702087585,60.6835934642808,22.652008,22.7053906729889,-0.0607205538344813,-0.444989569650518
"7235346","2006-07-12",29.3733806777975,0.739583333333334,0.729166666666667,0.697699074074075,23.1034146170305,22.2555087163028,22.6794616666667,0.905554043640361,61.0139544851828,22.660008,22.7446719165904,0.0428416994431746,-0.347423315831779
"7235345","2006-07-13",28.834904866489,0.635416666666666,0.701388888888888,0.71550925925926,23.1185208183647,22.250735848302,22.6846283333334,0.794279891305566,55.9509626299369,22.665208,22.7653823277117,0.0883449777276057,-0.260269657119902
"7235344","2006-07-16",28.4228717175612,0.697916666666668,0.690972222222223,0.707175925925926,23.1519083898756,22.2450149434578,22.6984616666667,0.817793673709279,58.1926087706045,22.663608,22.7913313506834,0.143939963976036,-0.179427732900715
"7235343","2006-07-17",28.5093856786532,0.788999999999998,0.707444444444444,0.699935185185185,23.2021917424508,22.2330649242159,22.7176283333334,0.884302989377204,61.6949183957977,22.671612,22.8271671705923,0.220756339644024,-0.0993909183917669
"7235342","2006-07-18",29.6762693824744,0.758928571428572,0.74861507936508,0.715677248677249,23.2956181628938,22.2109718371062,22.753295,1.00403987641135,66.2539874617064,22.683612,22.8782115478467,0.330536966837047,-0.0134053413460041
"7235341","2006-07-19",30.8679254639449,0.767241379310345,0.771723316912972,0.742594280240832,23.3843732311951,22.1952167688049,22.789795,0.962685119579687,67.370026888331,22.700412,22.9277833414671,0.426406289656756,0.0745569848545478
"7235340","2006-07-20",32.110973164378,0.855769230769232,0.793979727169383,0.771439374482479,23.4853018237195,22.1929548429472,22.8391283333334,0.988159663041635,71.6597937823709,22.724812,22.9934122292715,0.555327607127176,0.170711109309074
"7235339","2006-07-23",32.5810378169533,0.739130434782607,0.787380348287395,0.784361130789917,23.5512729940639,22.2164036726028,22.8838383333334,0.876687309573472,66.6631211982995,22.752812,23.038290598702,0.618403715725613,0.260249630592381
"7235338","2006-07-24",33.0175264229161,0.772727272727273,0.789208979426371,0.79018968496105,23.6062561304246,22.2577572029088,22.9320066666667,0.856935149776769,67.7397721631132,22.780808,23.082518518875,0.674339625849307,0.343067629643767
"7235337","2006-07-25",30.7230362431738,0.244098150947786,0.585318619485889,0.720635982399885,23.5971958936142,22.3394841063858,22.96834,0.612633117887963,48.6888273656495,22.797608,23.060849383025,0.554931943523918,0.385440492419797
"7235336","2006-07-26",28.6383079998512,0.625,0.54727514122502,0.640600913379094,23.6227062163952,22.4023071169382,23.0125066666667,0.790200148588725,59.139269786824,22.827608,23.092736131955,0.58635389602224,0.425623173140286
"7235335","2006-07-27",26.9851240644139,0.820895522388059,0.563331224445282,0.565308328385397,23.6603831792809,22.4612968207191,23.06084,0.855125937032093,62.3950846269791,22.869608,23.140371314361,0.65583992017102,0.471666522546432
"7235334","2006-07-30",25.3960623043624,0.805970149253733,0.750621890547264,0.620409418739189,23.6573985387705,22.5709481278962,23.1141733333334,0.827513030604229,62.040173185134,22.910408,23.1803218057796,0.699083999549077,0.517150017946961
"7235333","2006-07-31",23.8286485986053,0.641791044776117,0.756218905472637,0.690057340155061,23.6515844098274,22.656428923506,23.1540066666667,0.730443051180224,58.123657028025,22.949208,23.2002788983423,0.687010950677913,0.551122204493152
"7235332","2006-08-01",22.4539796336168,0.9,0.782587064676617,0.763142620232173,23.6793092328599,22.7127041004735,23.1960066666667,0.869671807746859,62.7304912397791,22.998808,23.2442417118966,0.738275555182577,0.588552874631037
"7235331","2006-08-02",21.4221610100789,0.63235294117647,0.724714661984196,0.754506877377817,23.6730276024184,22.7883190642483,23.2306733333334,0.717766633515781,56.6862881542244,23.038808,23.2583428169771,0.708121379165338,0.612466575537897
"7235330","2006-08-03",20.1444171010175,0.661971830985916,0.731441590720796,0.746247772460537,23.6771676426343,22.8475056906991,23.2623366666667,0.750298730523841,57.6625300260742,23.078808,23.2758971080468,0.690089504995117,0.627991161429341
"7235329","2006-08-06",18.8683546072093,0.607594936708857,0.633973236290415,0.696709829665136,23.6841764023317,22.9011635976684,23.29267,0.769042002989846,57.9178908193784,23.120408,23.2924441603072,0.671466102448126,0.636686149633098
"7235328","2006-08-07",18.3513774784623,0.892473118279568,0.720679961991448,0.695364929667553,23.7601034256672,22.8965699076662,23.3283366666667,1.02690099131292,65.7128439608672,23.169208,23.3534516055996,0.768759003458253,0.663100720398129
"7235327","2006-08-08",17.6432677751679,0.822916666666668,0.774328240551698,0.709660479611187,23.8174896520998,22.9091836812336,23.3633366666667,0.944046403895548,64.2481289745305,23.211608,23.4009913915197,0.822139686125767,0.694908513543657
"7235326","2006-08-09",16.9857373363945,0.90625,0.873879928315412,0.789629376952853,23.8706055389427,22.9357344610573,23.40317,0.945868965101362,65.8858937946794,23.255608,23.4528592059837,0.881480792365252,0.732222969307976
"7235325","2006-08-10",15.8372303470156,0.764705882352939,0.831290849673203,0.826499672846771,23.8889434366393,23.0013965633607,23.44517,0.877253314817167,62.4215232960444,23.295204,23.4858113118525,0.887040215023571,0.763186418451095
"7235324","2006-08-13",14.7707595711638,0.764705882352939,0.81188725490196,0.839019344296859,23.8892641578327,23.0754091755007,23.4823366666667,0.804308923223212,62.4215232960444,23.329204,23.5143698036055,0.881121854834932,0.786773505727862
"7235323","2006-08-14",14.4148319422965,0.859375,0.79626225490196,0.813146786492374,23.9190682457873,23.1232650875461,23.5211666666667,0.934152587134186,65.8884992748176,23.364004,23.5591204964581,0.917078059263865,0.812834416435063
"7235322","2006-08-15",15.0050799211463,0.63157894736842,0.751886609907121,0.786678706570347,23.9686016988835,23.1340649677832,23.5513333333334,0.921790901325435,64.1878379920636,23.396804,23.5925710969304,0.921006868383345,0.834468906824719
"7235321","2006-08-16",15.5531673300782,0.842105263157894,0.777686403508772,0.775278422772618,24.0343351865542,23.1349981467792,23.5846666666667,0.969234537594034,67.771247033377,23.435604,23.642894950673,0.967373768717494,0.861049879203274
"7235320","2006-08-17",15.6263338495016,0.71613779478948,0.729940668438599,0.753171227284831,24.0892659482573,23.1317307184094,23.6104983333334,0.892815834107423,65.1390219161729,23.476004,23.6785089572499,0.972140039917124,0.883267911346044
"7235319","2006-08-20",15.4771119450084,0.670971008988477,0.743071355645284,0.750232809197552,24.1224609076573,23.1518690923428,23.637165,0.791404682727842,63.8046268944576,23.512804,23.7053744296166,0.954516304305808,0.897517589937997
"7235318","2006-08-21",15.8672330083954,0.772249651854665,0.719786151877541,0.730932725320475,24.1661089912848,23.1675543420486,23.6668316666667,0.840326891732904,65.8156800073136,23.5488,23.7393245056677,0.956573368098623,0.909328745570122
"7235317","2006-08-22",17.1086217288232,0.725274725274725,0.722831795372623,0.72856310096515,24.1873789845821,23.2486176820846,23.7179983333334,0.94242876106529,67.9716478723553,23.5824,23.780747904912,0.977274749755908,0.92291794640728
"7235316","2006-08-23",17.1982827900959,0.555555555555554,0.684359977561649,0.708992641603938,24.2052144316269,23.2941155683732,23.749665,0.774761620386593,61.0596573496682,23.6084,23.7966481842571,0.931886952055572,0.924711747536938
"7235315","2006-08-24",17.4095927219822,0.833333333333331,0.704721204721204,0.703970992551825,24.2661400702365,23.3054565964302,23.7857983333334,0.940868414569391,68.0561088966483,23.6396,23.8504284263562,0.985995898049641,0.936968577639479
"7235314","2006-08-27",16.7566661888549,0.616666666666667,0.668518518518518,0.685866566933791,24.298508062452,23.3390886042147,23.8187983333334,0.824364556081014,62.791280919019,23.6692,23.8797046361753,0.973390339233493,0.944252929958282
"7235313","2006-08-28",17.2646236799899,0.612500000000002,0.687500000000001,0.686913241079908,24.3427867492967,23.38580991737,23.8642983333334,0.948323288178455,65.4483817814172,23.702,23.921077351352,0.992275735797477,0.953857491126121
"7235312","2006-08-29",18.1074677493796,0.699999999999997,0.643055555555556,0.666358024691359,24.4213057611295,23.3939575722038,23.9076316666667,0.998728998460685,68.2931560373767,23.7584,23.9756003711717,1.04206817805899,0.971499628512694
"7235311","2006-08-30",18.0860181634956,0.555555555555554,0.622685185185185,0.651080246913581,24.4364182508831,23.4638450824503,23.9501316666667,0.832316042799562,63.0980396291398,23.7944,24.0055203216821,1.02565984224299,0.982331671258752
"7235310","2006-08-31",18.066100690889,0.582278481012657,0.612611345522737,0.626117362087826,24.448273439302,23.5353198940314,23.9917966666667,0.841203925377137,64.6570887245917,23.8272,24.0407842787912,1.02417823675298,0.990700984357598
"7235309","2006-09-04",16.9646906210851,0.240506329113925,0.459446788560713,0.564914439756212,24.4158357700249,23.6204242299751,24.01813,0.5149230925154,55.0042129762715,23.8496,24.0353463749524,0.921677966617951,0.976896380809669
"7235308","2006-09-05",16.082433761876,0.0694444444444452,0.297409751523677,0.456489295202376,24.4128254882795,23.6470978450538,24.0299616666667,0.486947056060408,52.803213774136,23.8736,24.0213001916254,0.807655017765452,0.943048108200826
"7235307","2006-09-06",15.9051594785089,0.0416666666666681,0.117205813408347,0.291354117830912,24.4078092769519,23.6811140563814,24.0444616666667,0.516795211602468,52.1609899762007,23.8888,24.0064601660753,0.702490231014785,0.894936532763618
"7235306","2006-09-07",15.7405476439537,0.194444444444445,0.101851851851853,0.172155805594626,24.4069484227618,23.7093082439049,24.0581283333334,0.55046297657005,55.3757208779085,23.9156,24.0082654772653,0.648656440728534,0.845680514356601
"7235305","2006-09-10",15.5290474349669,0.157142857142861,0.131084656084659,0.116714107114953,24.3981566368738,23.7487666964596,24.0734616666667,0.520334469597049,55.0137896950171,23.9404,24.0084967469632,0.595762635909547,0.79569693866719
"7235304","2006-09-11",15.332654383765,0.285714285714289,0.212433862433865,0.148456790123459,24.3791973054975,23.8093926945025,24.094295,0.591911623135523,57.6938078713644,23.9684,24.0206971807015,0.577425202568449,0.752042591447442
"7235303","2006-09-12",15.309293833694,0,0.147619047619051,0.163712522045859,24.3784782218895,23.8107784447772,24.0946283333334,0.110190088279272,45.1433652604081,23.9668,23.9792708899413,0.426847389895246,0.687003551137003
"7235302","2006-09-13",15.2876018943424,0.269662921348313,0.185125735687535,0.181726215246817,24.3730378776612,23.8268854556722,24.0999616666667,0.335281025873582,52.0553296667608,23.9764,23.9753681046158,0.383833827017055,0.626369606313013
"7235301","2006-09-14",15.0567361506276,0.438202247191012,0.235955056179775,0.189566613162121,24.3891482149103,23.8351084517564,24.1121283333334,0.748847963333576,55.8035444838137,23.9888,23.991985690667,0.395662243471029,0.580228133744617
"7235300","2006-09-17",14.8423608171783,0.606741573033707,0.438202247191011,0.286427679686107,24.4100507751104,23.845542558223,24.1277966666667,0.805050180284053,59.2355677094554,24.0108,24.0263875985781,0.450195008285093,0.554221508652712
"7235299","2006-09-18",15.0976596160563,0.865168539325842,0.636704119850187,0.436953807740325,24.4638194632905,23.8491072033762,24.1564633333334,1.0480124961994,63.8686330954307,24.042,24.086869252101,0.563837007410939,0.556144608404357
"7235298","2006-09-19",14.2359596138792,0.642857142857142,0.704922418405564,0.593276261815588,24.4807818016245,23.8644781983755,24.17263,0.755344929301644,56.9037675642368,24.058,24.1086200184875,0.570007970428832,0.558917280809252
"7235297","2006-09-20",13.6796765373108,0.607142857142855,0.70505617977528,0.682227572677011,24.4974474168113,23.8674792498554,24.1824633333334,0.734197018842342,56.0452639353147,24.0744,24.1234706826892,0.558357848464563,0.558805394340314
"7235296","2006-09-21",13.1631279662116,0.642857142857142,0.63095238095238,0.680310326377742,24.5094281774489,23.8891684892178,24.1992983333334,0.721522806130633,56.7479996003073,24.0856,24.1403412583306,0.552738333072744,0.5575919820868
"7235295","2006-09-24",12.6834757216195,0.654761904761906,0.634920634920635,0.656976398549432,24.5193975378642,23.8902657954692,24.2048316666667,0.683059168012889,56.9948140474011,24.0996,24.1562957572199,0.545289618447642,0.555131509358969
"7235294","2006-09-25",12.9394603155007,0.696629213483143,0.664749420367398,0.643540812080138,24.5452921151706,23.8933712181627,24.2193316666667,0.807810862106619,58.7684980832311,24.1176,24.1794563229239,0.556285974184756,0.555362402324126
"7235293","2006-09-26",13.1771602955333,0.719101123595506,0.690164080613519,0.663278045300518,24.5586850536062,23.8906449463938,24.224665,0.762461786511005,59.2851815546888,24.1332,24.2021954798674,0.565072219929563,0.557304365845214
"7235292","2006-09-27",13.3351751471548,0.707865168539324,0.707865168539325,0.687592889840081,24.5539162300977,23.8924137699024,24.223165,0.752206167080205,58.8878293310873,24.1448,24.2205694158851,0.562147127120638,0.558272918100299
"7235291","2006-09-28",13.0380270278929,0.629213483146066,0.685393258426966,0.69447416919327,24.5553344308906,23.8926622357761,24.2239983333333,0.59959926967398,56.0555825792833,24.1596,24.2271601604337,0.530358803106457,0.55269009510153
"7235290","2006-10-01",13.5630579175391,0.640449438202247,0.659176029962546,0.68414481897628,24.5609343489802,23.8920656510199,24.2265,0.689623664136312,56.3783533802102,24.1628,24.2342054723759,0.502689058943417,0.542689887869908
"7235289","2006-10-02",14.0505866007821,0.692307692307689,0.653990204552001,0.666186497647172,24.5799129893104,23.913420344023,24.2466666666667,0.780073108062802,60.1599589999187,24.176,24.2563114093924,0.514735362216667,0.53709898273926
"7235288","2006-10-03",15.1031068880994,0.666666666666667,0.666474599058868,0.659880277857806,24.6081448145818,23.9351918520849,24.2716683333334,0.869017866784109,61.9367437025546,24.1868,24.2834698881401,0.537941949377641,0.537267576066936
"7235287","2006-10-04",16.0804471548941,0.833333333333333,0.73076923076923,0.6837446781267,24.6431925532981,23.9518107800353,24.2975016666667,0.898957099150788,65.0170739466998,24.1964,24.3216739030548,0.585965581248171,0.547007177103183
"7235286","2006-10-05",15.9219881372889,0.476190476190481,0.658730158730161,0.685324662852754,24.6564785059729,23.9761914940271,24.316335,0.725882601463237,58.1109755146297,24.2052,24.3347840493141,0.567603573906683,0.551126456463883
"7235285","2006-10-08",15.1501791317172,0.238095238095241,0.515873015873019,0.635124135124137,24.6534774333359,24.0061925666642,24.329835,0.541452640171564,53.9934187518979,24.2072,24.3328128427389,0.513954777977266,0.54369212076656
"7235284","2006-10-09",15.0454649778499,0.666666666666667,0.460317460317463,0.544973544973548,24.6702767825046,24.0263932174954,24.348335,0.761431842361516,59.5494316507598,24.2272,24.3551044637071,0.525036860265815,0.539961068666411
"7235283","2006-10-10",14.0681696605931,0.25641025641026,0.38705738705739,0.454415954415958,24.6119050744217,24.137431592245,24.3746683333334,0.553389004060746,53.7265776883972,24.244,24.3544238685461,0.478568211311914,0.527682497195511
"7235282","2006-10-11",13.1606811517119,0.289473684210526,0.404183535762485,0.417186127712446,24.5632300454207,24.2264399545794,24.394835,0.55492540854484,54.3672825642873,24.2624,24.3565006860733,0.44325892226007,0.510797782208423
"7235281","2006-10-12",12.3180132506079,0.297297297297295,0.281060412639361,0.357433778486412,24.5582514656266,24.2484185343735,24.403335,0.55378705204956,54.7049829246301,24.2768,24.3596339279302,0.413815982220722,0.491401422210883
"7235280","2006-10-15",11.884633001244,0.0540540540540528,0.213608345187292,0.299617431196379,24.5553419505836,24.2573280494164,24.406335,0.344520675651217,51.0437688885967,24.288,24.3503494042062,0.356555245502888,0.464432186869284
"7235279","2006-10-16",12.942442824569,0.287671232876713,0.213007528076021,0.235892095300892,24.5949865005627,24.2336834994373,24.414335,1.16149003077436,57.5090892140759,24.3032,24.367636150312,0.369859423642005,0.445517634223828
"7235278","2006-10-17",13.7469478975007,0.246575342465753,0.19610020979884,0.207572027687385,24.6006900241498,24.2433133091836,24.4220016666667,0.671616291991633,56.2460226883013,24.3328,24.3786179969371,0.366210051715266,0.429656117722116
"7235277","2006-10-18",14.8505685695165,0.347222222222223,0.293822932521563,0.234310223465475,24.6185046994331,24.2494986339003,24.4340016666667,0.868553110738011,58.8419804429459,24.356,24.3988022640121,0.385313428849887,0.42078757994767
"7235276","2006-10-19",15.8753591935311,0.338028169014087,0.310608577900688,0.266843906740364,24.6295558474263,24.2594441525737,24.4445,0.776042794884739,58.8419804429459,24.3732,24.4162952954772,0.395833504590137,0.415796764876163
"7235275","2006-10-22",17.2189541068788,0.225352112676056,0.303534167970789,0.302655226131014,24.6343506806976,24.2756493193025,24.455,0.70908758112399,55.0537502715342,24.3812,24.4207892560802,0.373399648988926,0.407317341698716
"7235274","2006-10-23",18.4665779549873,0.225352112676056,0.262910798122067,0.292351181331182,24.6389427619754,24.279390571358,24.4591666666667,0.622837985191513,55.0537502715343,24.38,24.4246840219362,0.351562484128398,0.396166370184652
"7235273","2006-10-24",19.2474115347123,0.154929577464788,0.201877934272301,0.256107633455053,24.6402248185007,24.2847751814993,24.4625,0.511722242008145,52.5991693881003,24.386,24.4213928190114,0.314114595442416,0.379756015236205
"7235272","2006-10-25",19.972471287314,0.267605633802818,0.215962441314555,0.226917057902975,24.6444493607966,24.2928839725368,24.4686666666667,0.627050808066565,55.9808801511835,24.3964,24.4292071098099,0.307324664122222,0.365269745013408
"7235271","2006-10-26",20.9881640218634,0.239436619718312,0.220657276995307,0.212832550860721,24.6374327527602,24.3235672472398,24.4805,0.647090603633229,54.9258807109594,24.4048,24.4333128285019,0.291962201430085,0.350608236296744
"7235270","2006-10-29",22.4645823620054,0.436619718309862,0.314553990610331,0.250391236306731,24.6615251996925,24.3308081336409,24.4961666666667,1.0155464217059,60.5328818697337,24.4184,24.4555377847016,0.322272773837207,0.344941143804836
"7235269","2006-10-30",23.8355422492802,0.436619718309862,0.370892018779346,0.302034428794995,24.6818441266513,24.3318225400154,24.5068333333334,0.899499169971963,60.5328818697337,24.4292,24.4747994134081,0.342286005522374,0.344410116148344
"7235268","2006-10-31",24.2393234604241,0.295774647887325,0.38967136150235,0.35837245696401,24.6868417917782,24.3321582082218,24.5095,0.679972618673936,54.8777702150822,24.4352,24.4781594916203,0.321443237989194,0.339816740516514
"7235267","2006-11-01",24.3644860994875,0.253521126760563,0.328638497652584,0.36306729264476,24.6814345909508,24.3315654090493,24.5065,0.519531109588358,53.2699479295713,24.4404,24.4770715594043,0.291672075681459,0.330187807549503
"7235266","2006-11-02",23.3382104888784,0,0.183098591549296,0.300469483568077,24.6857881198317,24.3172118801683,24.5015,0.14322171141554,46.0112271442792,24.4424,24.4561286848171,0.21611910940984,0.307374067921571
"7235265","2006-11-05",22.3852402790271,0.124999999999997,0.126173708920187,0.212636932707356,24.6818005587804,24.3258661078863,24.5038333333334,0.217644640052267,49.0045523453131,24.4464,24.4459781935081,0.174021729551788,0.280703600247614
"7235264","2006-11-06",21.1327749769778,0.0208333333333292,0.0486111111111093,0.119294470526865,24.6848174596509,24.3068492070158,24.4958333333334,0.131803291158794,46.6818072881201,24.4436,24.4305144343737,0.122727023374525,0.249108284872996
"7235263","2006-11-07",20.1691883422187,0.0835416666666643,0.0764583333333308,0.0837477177882096,24.6855827002067,24.3047572997933,24.49517,0.2152588389614,48.2713685901245,24.439604,24.4211258431239,0.0909609887297602,0.217478825644349
"7235262","2006-11-08",18.9628405739673,0,0.034791666666665,0.0532870370370355,24.6894136979982,24.2949263020018,24.49217,0.148058041712536,46.2913718597497,24.429604,24.407642397374,0.051925143191256,0.18436808915373
"7235261","2006-11-09",18.1992022884431,0.0416666666666657,0.0417361111111106,0.0509953703703693,24.6908834546683,24.289789878665,24.4903366666667,0.233221024381403,47.4491488704572,24.426404,24.3986234110575,0.0272785233303541,0.152950175989055
"7235260","2006-11-12",17.7015498229306,0.145833333333334,0.0625000000000004,0.0463425925925925,24.6875457699605,24.2997942300395,24.49367,0.327200342397065,50.3317491235819,24.429204,24.3974736229165,0.0240064614443147,0.127161433080107
"7235259","2006-11-13",17.1484575536115,0.124999999999997,0.104166666666666,0.0694675925925928,24.6644462789786,24.2972270543548,24.4808366666667,0.270790867263966,49.7440427200166,24.424404,24.3951438065276,0.0178988480829867,0.105308916080683
"7235258","2006-11-14",16.0107122552183,0,0.0902777777777775,0.0856481481481485,24.666960141159,24.2807131921743,24.4738366666667,0.162124623440007,45.7196187833718,24.422804,24.3837912989906,-0.00999083494479525,0.0822489658755873
"7235257","2006-11-15",15.4364386586401,0.0204081632653092,0.0484693877551027,0.0809712773998492,24.6567190394573,24.2709542938761,24.4638366666667,0.256751575301896,46.3869171621313,24.420804,24.3752857924585,-0.0284645558202845,0.060106261536413
"7235256","2006-11-16",15.060591850883,0.162790697674419,0.0610662869799101,0.0666044841709306,24.6473562702168,24.2673170631166,24.4573366666667,0.392984725680396,50.3322832733946,24.420804,24.3759143534641,-0.022977291986559,0.0434895508318186
"7235255","2006-11-19",14.5137539854582,0.121951219512197,0.101716693483976,0.0704174560729966,24.6393757225771,24.261964277423,24.45067,0.356911246262522,49.0368863991173,24.423604,24.3737924396689,-0.0249627134508379,0.0297990979752873
"7235254","2006-11-20",15.3017845081268,0.529411764705882,0.271384560630833,0.14472251369824,24.6443897513734,24.2609502486267,24.45267,0.736447556091231,56.8167134833701,24.424004,24.3892867810463,0.0163055210657737,0.0271003825933846
"7235253","2006-11-21",15.4442743276384,0.352941176470591,0.334768053562891,0.235956435892567,24.6474209114738,24.261585755193,24.4545033333334,0.626556637478712,52.8097045540986,24.423204,24.3947152102402,0.0288126662288724,0.0274428393204821
"7235252","2006-11-26",16.1434582045907,0.534883720930234,0.472412220702236,0.359521611631987,24.6618239490528,24.2565160509473,24.45917,0.863912638653436,58.5774624217417,24.423604,24.4140865155415,0.0742320278978248,0.0368006770359507
"7235251","2006-11-27",17.486342903124,0.535714285714285,0.474513061038371,0.427231111767833,24.6938323231222,24.2415076768779,24.46767,1.00626617091957,61.7789170430821,24.426804,24.4402083134693,0.13178356704544,0.0557972550378486
"7235250","2006-11-28",19.1015924149693,0.5,0.523532668881507,0.490152650207372,24.7112789399974,24.2310610600027,24.47117,1.05286709997039,62.6667336761731,24.434004,24.4655138716734,0.181825176194472,0.0810028392691733
"7235249","2006-11-29",20.6014669616827,0.671874999999999,0.569196428571428,0.522414052830436,24.7440764409978,24.2119302256689,24.4780033333334,1.07377087575685,67.1819671090029,24.445604,24.5021120221169,0.254705942634414,0.115743459942222
"7235248","2006-11-30",22.5502256457916,0.826086956521738,0.66598731884058,0.586238805431172,24.8222124377684,24.168460895565,24.4953366666667,1.14957909223742,71.848605652472,24.464804,24.5524970858347,0.354250410608592,0.163444850075496
"7235247","2006-12-03",24.6549649010649,0.766233766233766,0.754731907585168,0.663305218332392,24.902339059438,24.1330009405621,24.51767,1.07494876329051,72.4512758984896,24.481604,24.5988308077234,0.434432137432839,0.217642307546964
"7235246","2006-12-04",24.6210726109614,0.493506493506497,0.695275738754001,0.705331655059917,24.9213101366172,24.1476965300495,24.5345033333334,0.722544344969759,58.3307366089206,24.490804,24.6109867000269,0.424094164463695,0.25893267893031
"7235245","2006-12-05",23.2466423378957,0.246753246753249,0.502164502164505,0.650724049501225,24.928100580323,24.1615727530104,24.5448366666667,0.58501104723329,49.0215583224394,24.486804,24.5961884733567,0.349579056345806,0.27706195441341
"7235244","2006-12-06",21.9703856557632,0.368421052631581,0.36956026429711,0.522333501738539,24.9365706977795,24.1837693022205,24.56017,0.637039242942286,53.2504128831929,24.486804,24.5966966769091,0.319639676693284,0.285577498869384
"7235243","2006-12-07",21.5199885422782,0,0.205058099794944,0.35892762208552,24.9347690291944,24.193564304139,24.5641666666667,0.368457395501967,42.9022220841541,24.480004,24.5611371199879,0.204928343861455,0.269447667867799
"7235242","2006-12-10",20.7249353757943,0.426666666666667,0.265029239766083,0.279882534619379,24.9433623126734,24.2196376873266,24.5815,0.66373631053826,54.2498454141532,24.487204,24.5729855039895,0.216599583991184,0.258878051092476
"7235241","2006-12-11",19.986671721202,0.520000000000001,0.315555555555556,0.261880965038862,24.9530068921636,24.2436597745031,24.5983333333334,0.671519223293515,56.2960053815053,24.503204,24.5925874367909,0.24596345230814,0.256295131335608
"7235240","2006-12-12",20.8104913436976,0.0533333333333369,0.333333333333335,0.304639376218325,24.9509247847489,24.2537418819178,24.6023333333334,0.362781106251715,45.3698160085669,24.502804,24.5629091118855,0.152574970898445,0.235551099248176
"7235239","2006-12-13",21.7467058365424,0,0.191111111111113,0.280000000000002,24.9546390966728,24.2453609033272,24.6,0.147528991662896,44.0543883678473,24.502404,24.5305212303007,0.0613465081622744,0.200710181030995
"7235238","2006-12-14",22.6160478656125,0.0526315789473674,0.0353216374269021,0.186588693957117,24.9520137499285,24.2509862500716,24.6015,0.174525369242588,45.4177958870692,24.5024,24.5077850662606,0.00211488928028025,0.160991122680852
"7235237","2006-12-17",21.8091239458084,0.0526315789473674,0.0350877192982456,0.087173489278754,24.9468049841589,24.2648616825079,24.6058333333334,0.281262362566556,45.4177958870692,24.504,24.4880803907592,-0.0443569841593661,0.119921501312809
"7235236","2006-12-18",21.52883584678,0,0.0350877192982456,0.0351656920077981,24.9569266233136,24.2434067100198,24.6001666666667,0.0839873172380863,42.1422797390663,24.5004,24.456336338658,-0.116175463256052,0.0727021083990366
"7235235","2006-12-19",21.2685683262537,0.0481927710843364,0.0336081166772352,0.0345945184245758,24.9632599078835,24.2294067587832,24.5963333333334,0.123448732662459,43.7314534687682,24.4964,24.4341581601703,-0.158143730967064,0.0265329405258165
"7235234","2006-12-20",20.0403663381455,0,0.0160642570281127,0.0282533643345316,24.9690540031581,24.2036126635086,24.5863333333334,0.182536090732573,42.1721505062231,24.4908,24.4082704054809,-0.20561575555974,-0.0198967986912949
"7235233","2006-12-21",18.8998930634736,0.305084745762717,0.117759172282352,0.0558105153292337,24.9696118618612,24.1967214714722,24.5831666666667,0.314764592176319,49.1952396844806,24.4952,24.4098343514168,-0.181652528133658,-0.0522479445797675
"7235232","2006-12-25",18.3480041782914,0.135593220338986,0.146892655367235,0.0935720282259003,24.9674451438702,24.1775548561298,24.5725,0.273175250477859,45.8627886455632,24.4952,24.3978564378945,-0.193505399620686,-0.0804994355879512
"7235231","2006-12-26",17.3595377549672,0.17857142857143,0.206416464891045,0.157022764180211,24.9544006974907,24.164265969176,24.5593333333334,0.34053352487267,46.6412923403318,24.4936,24.3901422461753,-0.194058727758128,-0.103211294021987
"7235230","2006-12-27",16.4416760761662,0.17857142857143,0.164245359160616,0.172518159806299,24.935031072219,24.1483022611143,24.5416666666667,0.298744712156866,46.6412923403318,24.4928,24.3834566133519,-0.192288184391798,-0.121026672095949
"7235229","2006-12-28",15.5893759458509,0.339285714285715,0.232142857142859,0.200934893731507,24.9039197337458,24.1454135995876,24.5246666666667,0.392771686779253,50.3662693523389,24.4904,24.3896623982383,-0.159264364228895,-0.128674210522538
"7235228","2007-01-02",15.5377496816796,0.111111111111115,0.209656084656087,0.202014766986521,24.8349563110487,24.1610436889513,24.498,0.334795595626532,45.4325859453413,24.4852,24.3777074118065,-0.174110597358401,-0.137761487889711
"7235227","2007-01-03",15.4898110078063,0.185185185185187,0.211860670194006,0.217886537330985,24.7339215940884,24.205411739245,24.4696666666667,0.355568760669605,47.1480967110307,24.4772,24.372679756899,-0.170678206259633,-0.144344831563695
"7235226","2007-01-04",15.8310522731668,0.0731707317073198,0.123155676001208,0.181557476950434,24.6981392240679,24.2031941092655,24.4506666666667,0.249467170618376,44.5108618367958,24.4636,24.3589891226458,-0.188972202660154,-0.153270305782987
"7235225","2007-01-07",15.4860944063359,0.267857142857146,0.175404353249885,0.170140233148367,24.6857718119629,24.2072281880372,24.4465,0.667522170724959,49.7046081182432,24.454,24.363123906293,-0.161860651362122,-0.154988374898814
"7235224","2007-01-08",15.1657763871357,0.660714285714285,0.333914053426251,0.210824694225781,24.6850046554481,24.2076620112186,24.4463333333334,0.947616967077239,57.5494194427004,24.4488,24.3960407187873,-0.0667898773363484,-0.137348675386321
"7235223","2007-01-09",16.0759946755957,0.7125,0.547023809523811,0.352114072066649,24.7737578754314,24.1609087912353,24.4673333333334,1.18423588147048,63.1729969193184,24.446,24.4512352896157,0.0736416568987597,-0.0951506089293048
"7235222","2007-01-10",16.5374847831785,0.637500000000001,0.670238095238096,0.517058652729386,24.7891753925506,24.1524912741161,24.4708333333334,0.969882407939192,60.5802161010088,24.44,24.4910705843336,0.163028017860167,-0.0435148835714104
"7235221","2007-01-11",17.3175465668885,0.637500000000001,0.662500000000002,0.626587301587303,24.8072953612403,24.1423713054264,24.4748333333334,0.989028278979338,60.5802161010088,24.4424,24.5255945064224,0.231055990749129,0.0113992912926976
"7235220","2007-01-15",17.4588682267409,0.506493506493508,0.593831168831171,0.642189754689756,24.8417191870766,24.1329474795901,24.4873333333334,0.880000119203998,56.5430711372665,24.4488,24.5435152388994,0.252376205981752,0.0595946742305086
"7235219","2007-01-16",17.6771072246393,0.623376623376624,0.589123376623378,0.615151515151517,24.8880358073181,24.133964192682,24.511,0.914195849931296,59.4530285338584,24.4548,24.5710465403795,0.29538111207188,0.106751961798783
"7235218","2007-01-17",17.8797577226878,0.68831168831169,0.606060606060608,0.596338383838386,24.9269769706908,24.1393563626426,24.5331666666667,0.859944873335015,61.014876278147,24.4736,24.6015736683289,0.341835115628775,0.153768592564781
"7235217","2007-01-18",16.7855092042423,0.428571428571431,0.580086580086583,0.591756854256857,24.940706440583,24.1472935594171,24.544,0.663008865123589,52.331508395154,24.4716,24.6013638458851,0.309454717737156,0.184905817599256
"7235216","2007-01-21",17.4279863024235,0.659574468085107,0.592152528322743,0.592766571489978,25.0052416568176,24.1520916765158,24.5786666666667,0.989949023795457,60.9987953125062,24.4784,24.6398486664337,0.374477732591227,0.22282020059765
"7235215","2007-01-22",16.7553821290065,0.393617021276596,0.493920972644379,0.555386693684568,25.016869608618,24.1844637247154,24.6006666666667,0.691413031088029,52.1891455203615,24.4892,24.6398688442426,0.340159841211785,0.246288128720477
"7235214","2007-01-23",15.9474865131143,0.351063829787236,0.46808510638298,0.518052869116701,25.0168438584137,24.2171561415864,24.617,0.566275871049059,50.9219401793911,24.5004,24.6345529983436,0.296450854421981,0.256320673860778
"7235213","2007-01-24",15.8244589684049,0.468085106382979,0.404255319148938,0.455420466058766,25.0333220059732,24.2363446606936,24.6348333333334,0.703058887798779,54.2143477453813,24.5144,24.6446125985644,0.294435691740969,0.263943677436816
"7235212","2007-01-25",15.3216926350923,0.292682926829266,0.370610620999828,0.414317015510582,25.0344061616369,24.2669271716965,24.6506666666667,0.577309391020463,51.508004273486,24.5252,24.6426642520892,0.263602572947175,0.263875456538888
"7235211","2007-01-28",14.8548381827306,0.0983606557377029,0.286376229649984,0.353747389932917,25.0356440271497,24.2933559728503,24.6645,0.561296958419878,52.4662712268315,24.5416,24.6449756851439,0.246152483183537,0.260330861867818
"7235210","2007-01-29",13.8061508525692,0,0.130347860855657,0.262444903835157,25.0250729140283,24.3259270859718,24.6755,0.396778806694295,48.0363758597494,24.5512,24.6296455937914,0.187589694301904,0.245782628354635
"7235209","2007-01-30",12.8323697602765,0.0735294117647017,0.0572966891674689,0.158006926557704,25.0184724698473,24.3485275301528,24.6835,0.380338424970759,49.7922577364978,24.5648,24.6230261812859,0.155757544435864,0.227777611570881
"7235208","2007-01-31",12.975948616971,0.0588235294117635,0.0441176470588224,0.0772540656939832,25.0041909353474,24.3918090646527,24.698,0.465163349285348,49.4324893289747,24.5708,24.6159560237811,0.125801473514109,0.207382383959526
"7235207","2007-02-01",13.1092718410445,0.235294117647059,0.122549019607842,0.0746544519447115,24.9882169880216,24.4427830119785,24.7155,0.551029702137759,53.7509589292348,24.5856,24.6258285539436,0.139781445885645,0.19386219634475
"7235206","2007-02-04",12.6790141642652,0.0882352941176452,0.127450980392157,0.0980392156862741,24.9410714828444,24.523261850489,24.7321666666667,0.327273808265546,49.924676784171,24.5956,24.6210514134178,0.116739068940341,0.178437570863868
"7235205","2007-02-05",12.3746542255903,0.147205882352938,0.156911764705881,0.13563725490196,24.9281672432006,24.5528394234661,24.7405033333334,0.374500820731336,51.4181381263433,24.607204,24.6222578916288,0.110348594180465,0.164819775527188
"7235204","2007-02-06",12.4725913545871,0.13235294117647,0.122598039215685,0.135653594771241,24.9276714446195,24.5586685553806,24.74317,0.419142457859205,51.005519259447,24.614804,24.6219568394116,0.100811552657465,0.152018130953243
"7235203","2007-02-07",11.9191488912744,0,0.0931862745098034,0.12423202614379,24.9154252746648,24.5382480586686,24.7268366666667,0.0576703480721907,46.6177845574518,24.623204,24.6070292608234,0.0565394786492313,0.132922400492441
"7235202","2007-02-08",11.6102407649463,0,0.0441176470588242,0.0866339869281046,24.9164460990042,24.5168939009959,24.7166700000001,0.124571372448725,46.2284486093422,24.629604,24.5927586927136,0.017949127041339,0.10992774580222
"7235201","2007-02-11",11.6296762460469,0.170212765957444,0.0567375886524819,0.0646805034070368,24.9072685139253,24.5100714860748,24.70867,0.327113509958389,49.837760886142,24.642004,24.5910575336851,0.0134554976425116,0.0906332961702787
"7235200","2007-02-12",12.1316410233487,0.638297872340429,0.269503546099291,0.123452927270199,24.9153542246316,24.5083191087018,24.7118366666667,0.765734648191716,58.1558572011435,24.658404,24.6189165291938,0.0811132989590124,0.0887292967280254
"7235199","2007-02-13",11.9496548240739,0.5,0.436170212765958,0.254137115839244,24.9063984997728,24.5102748335607,24.7083366666667,0.613592472514685,53.7896182904502,24.662004,24.6297276586346,0.100747413102287,0.0911329200028777
"7235198","2007-02-14",11.4711230615838,0.374999999999998,0.504432624113476,0.403368794326242,24.8936864248978,24.5099869084356,24.7018366666667,0.460463854268262,51.6995730887726,24.655604,24.6324306374833,0.0987802621234879,0.0926623884269997
"7235197","2007-02-15",11.3558316422719,0.575000000000003,0.483333333333334,0.474645390070923,24.8991604797883,24.5131795202118,24.70617,0.639462837905323,54.7304484334052,24.654804,24.6454398858189,0.12200990416007,0.0985318915736137
"7235196","2007-02-19",11.3592281300476,0.625000000000002,0.525000000000002,0.504255319148938,24.8402103770339,24.5504629562995,24.6953366666667,0.792197021525508,55.4825424792918,24.654804,24.6593812343764,0.145270441180356,0.107879601494962
"7235195","2007-02-20",11.0772627118478,0.0750000000000031,0.425000000000004,0.47777777777778,24.833298692251,24.5440413077491,24.6886700000001,0.285646498048273,46.3587562282941,24.649604,24.6421304031262,0.090648753359357,0.104433431867841
"7235194","2007-02-21",10.8154376806622,0.400000000000002,0.36666666666667,0.438888888888892,24.8348345434677,24.5458387898657,24.6903366666667,0.544971825726237,51.4403468907898,24.646004,24.6445130160427,0.0888944628329558,0.101325638060864
"7235193","2007-02-22",10.1832442917493,0.350000000000003,0.275000000000003,0.355555555555559,24.8224608023281,24.5495458643387,24.6860033333334,0.587927274495853,50.6454467527981,24.639604,24.6439112805703,0.0800325250064127,0.0970670154499738
"7235192","2007-02-25",9.59620757347314,0.700000000000005,0.483333333333337,0.375000000000004,24.8348345434677,24.5458387898657,24.6903366666667,0.867929281571292,55.7949283026692,24.646804,24.662056443161,0.117476528689986,0.101148918097976
"7235191","2007-02-26",9.78809179706369,0.390243902439025,0.480081300813012,0.412804878048785,24.8381297350851,24.5458769315817,24.6920033333334,0.675635611992895,50.8933575252935,24.637604,24.6617822507395,0.10664225662711,0.102247585803803
"7235190","2007-02-27",9.96627000468348,0.390243902439025,0.493495934959352,0.485636856368568,24.8375860831245,24.5567539168756,24.69717,0.533816164271594,50.8933575252935,24.638404,24.6615446173076,0.0969387239952102,0.101185813442084
"7235189","2007-02-28",9.43876463258362,0.955555555555556,0.578681120144536,0.5174194519723,24.8821109426436,24.5455623906898,24.7138366666667,1.16210357675381,60.0512516094765,24.651604,24.6973386683332,0.175493871099208,0.116047424973509
"7235188","2007-03-01",9.38594513210615,0.529411764705884,0.625070407566822,0.565749154223571,24.9060706736226,24.5419359930441,24.7240033333334,0.928403760989717,54.7563917684798,24.655204,24.7110268458888,0.192976515447252,0.131433243068258
"7235187","2007-03-04",10.2991138210279,0.156862745098036,0.54727668845316,0.58367607205484,24.9038045183404,24.5355354816597,24.7196700000001,0.328920362403418,48.0833741335413,24.654404,24.6975565997703,0.143126596270182,0.133771913708643
"7235186","2007-03-05",10.7301066782126,0.235294117647055,0.307189542483659,0.493178879501214,24.9041222081181,24.5395511252153,24.7218366666667,0.449246294615407,49.4792547375207,24.654004,24.6912157198009,0.11535255338706,0.130088041644326
"7235185","2007-03-06",11.2310885823594,0.196078431372546,0.196078431372546,0.350181554103122,24.9039854008765,24.5386812657903,24.7213333333334,0.395977087718753,48.7731368884457,24.658004,24.6830536238275,0.0858130584616923,0.121233045007799
"7235184","2007-03-07",11.5462821865276,0.333333333333331,0.254901960784311,0.252723311546839,24.9052308281478,24.5397691718523,24.7225000000001,0.538763756532517,51.3880074193784,24.662804,24.6853131406505,0.084313240423195,0.113849084090879
"7235183","2007-03-08",11.181788442833,0.215686274509804,0.248366013071894,0.233115468409584,24.8976715783493,24.5639950883174,24.7308333333334,0.487512855142052,49.0756427855737,24.665604,24.6792713885637,0.0627854650869564,0.103636360290094
"7235182","2007-03-11",10.8169985421729,0.235294117647055,0.261437908496731,0.254901960784312,24.8914107141676,24.5915892858325,24.7415000000001,0.628409767819913,49.4836426325789,24.664004,24.6753685367552,0.0484346153086124,0.0925960112937977
"7235181","2007-03-12",10.4782650629885,0.0930232558139516,0.181334549323604,0.23037949029741,24.8884486791264,24.6005513208737,24.7445000000001,0.345431023507359,49.4836426325789,24.666404,24.6719860651879,0.0366384452074264,0.0814044980765235
"7235180","2007-03-13",10.0906239549519,0.0697674418604678,0.132694938440492,0.191822465420276,24.8816666666667,24.5896666666667,24.7356666666667,0.183789954337709,49.0280793730824,24.6668,24.6677212564962,0.023744411188753,0.0698724806989694
"7235179","2007-03-14",10.3690300815521,0.209302325581395,0.124031007751939,0.146020165172012,24.8798207757157,24.5878458909511,24.7338333333334,0.44120498863949,51.8900045758919,24.67,24.6720250889633,0.0327745117639333,0.0624528869119622
"7235178","2007-03-15",11.8696705261904,0.209302325581395,0.16279069767442,0.139838881288951,24.8865188952331,24.592481104767,24.7395000000001,0.705755865271712,51.8900045758919,24.6776,24.6757550771016,0.0394737641833842,0.0578570623662466
"7235177","2007-03-18",13.2631223676402,0.651162790697677,0.356589147286823,0.214470284237728,24.9076772442357,24.5846560890977,24.7461666666667,0.955594515485395,60.1145749796639,24.6932,24.7043210668214,0.105651261082018,0.0674159021094009
"7235176","2007-03-19",12.891895943662,0.116279069767444,0.325581395348839,0.281653746770028,24.9042162109302,24.5817837890699,24.7430000000001,0.418329139540417,49.1589032557187,24.6964,24.6984115912452,0.0819890877972407,0.0703305392469689
"7235175","2007-03-20",13.5227105310213,0.209302325581395,0.325581395348839,0.335917312661501,24.9070100571443,24.5976566095224,24.7523333333334,0.697185453948763,50.8369904715543,24.6924,24.6986233790791,0.0754344280614161,0.0713513170098583
"7235174","2007-03-21",14.1084669335693,0.209302325581395,0.178294573643412,0.276485788113698,24.9129716228975,24.6026950437693,24.7578333333334,0.678872669525555,50.8369904715543,24.6924,24.6988069285353,0.0694393559527828,0.0709689247984432
"7235173","2007-03-22",14.652383593078,0.560975609756098,0.32652675363963,0.276800907543961,24.9361808856417,24.6001524476917,24.7681666666667,0.941926882456403,57.3651885459791,24.7008,24.7202993380639,0.1156009177677,0.0798953233922945
"7235172","2007-03-25",15.1574490626219,0.634146341463418,0.468141425600305,0.324320917627783,24.9546799132535,24.5939867534133,24.7743333333334,0.903852035151184,58.4784929476012,24.7072,24.7429260929887,0.160076153541477,0.0959314894221311
"7235171","2007-03-26",15.7308519889681,0.625000000000002,0.606707317073174,0.467125165437703,24.9749096827924,24.5920903172077,24.7835000000001,0.87397968738581,58.4784929476012,24.7128,24.7625359472569,0.193046170699551,0.115354425677615
"7235170","2007-03-27",16.2632975634323,0.649999999999997,0.63638211382114,0.570410285498206,24.9927844767361,24.5965488565974,24.7946666666667,0.841547620796708,58.8934552689608,24.7276,24.7808644876226,0.219855424394044,0.136254625420901
"7235169","2007-03-28",16.6634476747261,0.625000000000002,0.633333333333335,0.62547425474255,24.9890909913212,24.5982423420122,24.7936666666667,0.814699821062181,58.2663534239627,24.7368,24.7954158892729,0.235101731853926,0.156024046707506
"7235168","2007-03-29",17.0350156352132,0.625000000000002,0.633333333333335,0.634349593495937,24.9947795356612,24.5962204643389,24.7955000000001,0.804011815023025,58.2663534239627,24.7468,24.8080271040366,0.244342978340484,0.173687833034102
"7235167","2007-04-01",17.380043027094,0.625000000000002,0.625000000000003,0.630555555555558,25.0037374622522,24.6132625377479,24.8085000000001,0.777013093232315,58.2663534239627,24.7512,24.8189568234983,0.248779237709851,0.188706113969251
"7235166","2007-04-02",18.1783928938185,0.710526315789474,0.653508771929827,0.637280701754388,25.0222048315022,24.6211285018313,24.8216666666667,0.861527193885844,60.3743112092556,24.762,24.8337625803652,0.262250982746615,0.203415087724724
"7235165","2007-04-03",18.6839573067425,0.657894736842107,0.664473684210528,0.647660818713453,25.0292616478245,24.6387383521756,24.8340000000001,0.745824003509001,58.7757529650314,24.772,24.8439275696499,0.263371134292112,0.215406297038202
"7235164","2007-04-04",19.1534099758862,0.78947368421053,0.719298245614038,0.679093567251465,25.0429794817907,24.6476871848761,24.8453333333334,0.798513279719779,61.5188962199183,24.7732,24.8594038936966,0.277275444278402,0.227780126486242
"7235163","2007-04-08",18.1122901517306,0.236842105263158,0.561403508771932,0.6483918128655,25.0403240415863,24.6576759584138,24.8490000000001,0.371945000759406,47.2867802455889,24.7712,24.8448167078704,0.217607455737601,0.225745592336514
"7235162","2007-04-09",17.582408155511,0,0.342105263157897,0.540935672514622,25.0401290639914,24.6612042693421,24.8506666666667,0.401475612415506,44.6388339434935,24.7748,24.8255078134876,0.152306173223571,0.211057708513925
"7235161","2007-04-10",17.0903748733071,0.0588235294117635,0.0985552115583077,0.334021327829379,25.0339535420402,24.6770464579599,24.8555000000001,0.335157843714384,45.9428040015631,24.7776,24.8114401050226,0.105816107215717,0.190009388254283
"7235160","2007-04-11",16.7841784667351,0.0588235294117635,0.0392156862745095,0.159958720330238,25.0155887898565,24.7114112101436,24.8635000000001,0.302198877630881,45.9428040015631,24.7812,24.7992480910196,0.0681743363649456,0.165642377876416
"7235159","2007-04-12",16.2999565276306,0,0.0392156862745095,0.0589955280357758,25.0103824801311,24.7209508532023,24.8656666666667,0.134916654451457,44.72115958915,24.7812,24.786015012217,0.0314591743508785,0.138805737171308
"7235158","2007-04-15",15.8503218698907,0.029411764705887,0.029411764705884,0.0359477124183012,25.0126997910135,24.7149668756533,24.8638333333334,0.162449145474965,45.5014689190566,24.784,24.7758796772547,0.00554309690665722,0.112153209118378
"7235157","2007-04-16",17.0309891833191,0.0750000000000024,0.0348039215686303,0.0344771241830082,25.0101344534311,24.7135322132357,24.8618333333334,0.471342091029159,47.1095207997786,24.7872,24.7697623869541,-0.00838967062281037,0.0880446331701405
"7235156","2007-04-17",18.127323117217,0.524999999999999,0.20980392156863,0.0913398692810484,25.0090212401715,24.7369787598286,24.8730000000001,0.746285065168795,58.871603530969,24.7976,24.7884607353602,0.0387477449298235,0.0781852555220771
"7235155","2007-04-18",19.1453474844078,0.524999999999999,0.375000000000001,0.206535947712421,25.0122203826218,24.7437796173784,24.8780000000001,0.631624320550666,58.871603530969,24.8084,24.8046659706455,0.0752047580544923,0.0775891560285601
"7235154","2007-04-19",20.5077098624472,0.524999999999999,0.525,0.369934640522877,25.0172643751369,24.7510689581966,24.8841666666667,0.697223530755636,58.871603530969,24.8168,24.8187105078928,0.10288533740781,0.0826483923044101
"7235153","2007-04-22",21.0439510894782,0.375000000000003,0.475000000000001,0.458333333333334,25.0142044446497,24.7494622220171,24.8818333333334,0.45530243262396,53.8828706724771,24.8228,24.8228824401737,0.104102850779153,0.0869392839993587
"7235152","2007-04-23",22.0346755389773,0.274999999999997,0.391666666666667,0.46388888888889,25.0106108172283,24.7480558494385,24.8793333333334,0.464451888258031,50.7927225330888,24.8196,24.8211647814839,0.0910146761591735,0.0877543624313216
"7235151","2007-04-24",22.4817266778016,0.175,0.275000000000001,0.380555555555557,25.0060616984634,24.74127163487,24.8736666666667,0.272146535581287,47.838194992921,24.824,24.8143428106194,0.066866074353733,0.0835767048158039
"7235150","2007-04-25",22.660933185582,0.125000000000001,0.191666666666667,0.286111111111112,25.0006211949193,24.7337121384142,24.8671666666667,0.248353736863748,46.3853409332643,24.826,24.8057637692035,0.0407500589967746,0.0750113756519981
"7235149","2007-04-26",22.8273392285209,0.274999999999997,0.191666666666667,0.219444444444445,24.9952010870434,24.7304655796234,24.8628333333334,0.375976843252392,51.1759119717094,24.8304,24.8063285999763,0.0391181526381068,0.0678327310492198
"7235148","2007-04-29",22.2479214491748,0.125000000000001,0.175,0.186111111111112,24.989437669203,24.7252289974638,24.8573333333334,0.308232385662454,46.6837618231652,24.826,24.7988181199795,0.0180953943185846,0.0578852637030928
"7235147","2007-04-30",21.4750157706296,0.0750000000000024,0.158333333333334,0.175000000000001,24.9848685732937,24.7144647600398,24.8496666666667,0.180724423614723,45.2576801753184,24.8196,24.7896423706489,-0.00502186108538583,0.0453038387453971
"7235146","2007-05-01",21.3742121799271,0.0750000000000024,0.0916666666666693,0.141666666666668,24.9672034421731,24.7141298911603,24.8406666666667,0.286623296729493,45.2576801753184,24.8132,24.7816900545624,-0.0230831549390631,0.031626440008505
"7235145","2007-05-02",21.3649956498982,0.17948717948718,0.109829059829062,0.119943019943022,24.9551739682524,24.7154926984144,24.8353333333334,0.449933509580522,49.7117257253986,24.8084,24.7814647139541,-0.0208769101026518,0.0211257699862737
"7235144","2007-05-03",21.9918141366861,0.324324324324326,0.19293716793717,0.131477631477634,24.9405950684373,24.7234049315628,24.8320000000001,0.797742188467644,55.2066050029517,24.8068,24.7906027520935,0.00362002155167573,0.0176246202993541
"7235143","2007-05-06",22.5738598744177,0.444444444444449,0.316085316085319,0.206283847950517,24.9454755173037,24.7265244826965,24.8360000000001,0.700958173496957,55.2066050029517,24.8052,24.7985223851477,0.0227641228599973,0.0186525208114827
"7235142","2007-05-07",22.679078908705,0.346153846153848,0.371640871640875,0.293554451887788,24.9467252645753,24.7286080687582,24.8376666666667,0.541262221285278,52.3627562000631,24.8024,24.801386067128,0.0278494850046052,0.0204919136501072
"7235141","2007-05-08",21.7265709472324,0.0384615384615311,0.276353276353277,0.321359821359824,24.9493473637035,24.7216526362966,24.8355000000001,0.139136717821683,45.6147675421366,24.7948,24.7932012581776,0.00578092021634724,0.0175497149633552
"7235140","2007-05-09",22.3484950715023,0.307692307692303,0.230769230769228,0.29292112625446,24.9519602230839,24.7250397769163,24.8385000000001,0.609436296960761,51.5039008955708,24.7908,24.7954410904206,0.0109449538437723,0.0162287627394386
"7235139","2007-05-10",23.1150764561111,0.70370370370371,0.349952516619182,0.285691674580563,24.9645909169558,24.731075749711,24.8478333333334,0.923241601388929,59.014578696154,24.7892,24.8120489450312,0.0502406160762803,0.023031133406807
"7235138","2007-05-13",23.5741181771967,0.629629629629624,0.547008547008546,0.375910098132319,24.9676548317256,24.7423451682745,24.8550000000001,0.729314028857948,57.2776596264784,24.7952,24.8237757523604,0.0740041714549333,0.0332257410164322
"7235137","2007-05-14",24.4588661118546,0.629629629629624,0.65432098765432,0.517094017094016,24.9761226243099,24.7415440423569,24.8588333333334,0.80338092281945,57.2776596264784,24.8032,24.833938985379,0.0917656472686268,0.0449337222668711
"7235136","2007-05-15",25.2804177654655,0.629629629629624,0.629629629629624,0.61031972143083,24.972133546884,24.7431997864495,24.8576666666667,0.757716467365769,57.2776596264784,24.8104,24.8427471206618,0.104625038217177,0.0568719854569322
"7235135","2007-05-16",26.3642780225603,0.629629629629624,0.629629629629624,0.637860082304523,24.975388558358,24.7419447749754,24.8586666666667,0.819848597313977,57.2776596264785,24.8176,24.8503808379069,0.113499429834141,0.0681974743323739
"7235134","2007-05-17",26.0534755258974,0.259259259259261,0.50617283950617,0.58847736625514,24.9649844284095,24.7420155715906,24.8535000000001,0.409553885890389,47.8135456763092,24.8216,24.8436633928526,0.0870552382977063,0.0719690271254404
"7235133","2007-05-20",25.5251884276703,0.185185185185188,0.358024691358025,0.497942386831274,24.9633505394964,24.7373161271704,24.8503333333334,0.306814076594005,46.1704111645772,24.8244,24.8351749404723,0.0589189000315349,0.0693590017066593
"7235132","2007-05-21",25.0346361221737,0.0384615384615442,0.160968660968665,0.341722063944287,24.9616352614123,24.7316980719211,24.8466666666667,0.282549312224347,43.7421349522679,24.8252,24.8238182817426,0.0265586239361459,0.0607989261525566
"7235131","2007-05-22",24.3171464795763,0,0.0745489078822447,0.197847420069645,24.962592293247,24.7277410400864,24.8451666666667,0.236712780957137,42.1505458007442,24.818,24.8113091775103,-0.00553775172498217,0.0475315905770489
"7235130","2007-05-23",22.6857792918524,0,0.0128205128205153,0.0827793605571421,24.9685253692947,24.7144746307054,24.8415000000001,0.0479905550716737,36.4391312549528,24.8076,24.7898012871756,-0.0563756849657371,0.0267501354684917
"7235129","2007-05-24",21.1709383318231,0.142857142857144,0.0476190476190487,0.04499615610727,24.9721493428861,24.7011839904474,24.8366666666667,0.118647430738324,41.7515192190942,24.7992,24.7778277822188,-0.0795010190077439,0.00549990457324459
"7235128","2007-05-28",20.6083023032362,0,0.0476190476190487,0.036019536019538,24.9759550317057,24.6893783016277,24.8326666666667,0.130116513747693,38.3038392248045,24.7912,24.760784077923,-0.112836439866548,-0.018167364314714
"7235127","2007-05-29",20.0858545624055,0.171428571428577,0.104761904761908,0.0666666666666688,24.9762947479169,24.6883719187499,24.8323333333334,0.237198099624047,44.2528315503017,24.7872,24.7540128675333,-0.11835231641425,-0.0382043547346211
"7235126","2007-05-30",19.9077525612939,0.142857142857144,0.104761904761908,0.0857142857142885,24.9771065060534,24.6848934939467,24.8310000000001,0.257026562615426,43.4999827089495,24.7844,24.7468111518622,-0.124554333179194,-0.0554743504235358
"7235125","2007-05-31",19.7423721316904,0.2,0.171428571428574,0.12698412698413,24.9767411698701,24.68025883013,24.8285000000001,0.313929333143158,45.4970886434907,24.7832,24.7432363316139,-0.121550265530157,-0.06868953344486
"7235124","2007-06-03",20.6136534538093,0.2,0.180952380952382,0.152380952380955,24.969216466544,24.6791168667894,24.8241666666667,0.451166197131231,45.4970886434908,24.7796,24.7401381540654,-0.11781318698233,-0.0785142641523539
"7235123","2007-06-04",20.504761591925,0,0.133333333333334,0.161904761904764,25.0017797545816,24.6098869120851,24.8058333333334,-0.246377499871417,25.8742614614945,24.7636,24.6881197335233,-0.23301008323886,-0.109413427969655
"7235122","2007-06-05",20.5309000856626,0,0.0666666666666672,0.126984126984128,25.0519429276236,24.5127237390432,24.7823333333334,-0.252322386253915,25.2405525919754,24.7476,24.6403704357202,-0.327339818992367,-0.152998706174198
"7235121","2007-06-06",21.309985775521,0,4.81096644004234e-16,0.0666666666666677,25.1076660305338,24.409000636133,24.7583333333334,-0.194180653409858,21.5465470309186,24.7264,24.5816543776242,-0.439938178379085,-0.210386600615175
"7235120","2007-06-07",22.0334224875324,0,4.81096644004234e-16,0.0222222222222232,25.1342282889379,24.3227717110622,24.7285000000001,-0.0691411542222024,21.5465470309186,24.7032,24.5307671272743,-0.523487220382157,-0.273006724568571
"7235119","2007-06-10",23.1313364597204,0,4.81096644004234e-16,1.00382665143191e-15,25.1536904030729,24.2233095969272,24.6885000000001,-0.0823780217242541,19.5088213474953,24.674,24.475998176971,-0.609343647179006,-0.340274109090658
"7235118","2007-06-11",26.0142020520859,0,4.81096644004234e-16,1.00382665143191e-15,25.2410693685032,24.0192639648302,24.6301666666667,-0.228566647348849,10.9810401539699,24.6204,24.3471984200416,-0.869736913581809,-0.446166669988888
"7235117","2007-06-12",28.6911486735681,0.128378378378377,0.0427927927927929,0.0142642642642651,25.2684379166916,23.8778954166419,24.5731666666667,-0.0632094428172673,22.3644895005341,24.5756,24.2609052973694,-1.00290634307091,-0.557514604605293
"7235116","2007-06-13",31.2762616768701,0.0945945945945928,0.0743243243243238,0.0390390390390396,25.280071073001,23.7479289269991,24.514,-0.00952626602160295,21.5823378998263,24.532,24.1794512577201,-1.11315241682074,-0.668642167048382
"7235115","2007-06-14",34.0304310413214,0,0.0743243243243238,0.063813813813814,25.295139367097,23.5928606329031,24.444,-0.034969184760414,18.7566064229319,24.4776,24.0821910900241,-1.25392358346521,-0.785698450331748
"7235114","2007-06-17",34.3372510181869,0.129870129870129,0.0748215748215746,0.0744900744900746,25.2707237355233,23.5106095978101,24.3906666666667,0.145477536581359,28.7962835678826,24.4268,24.0245656113542,-1.28446017863793,-0.885450795992983
"7235113","2007-06-18",34.6221552824191,0.285714285714287,0.138528138528139,0.0958913458913464,25.2280727208416,23.4632606124919,24.3456666666667,0.251248306874683,38.601464908259,24.3864,24.0066235298403,-1.21427583874627,-0.951215804543641
"7235112","2007-06-19",35.1815212654335,0.220779220779221,0.212121212121213,0.141823641823643,25.179303702854,23.4196962971461,24.2995000000001,0.257805823455681,36.3550442349341,24.342,23.9777403925283,-1.17881257913444,-0.9967351594618
"7235111","2007-06-20",36.0776611477914,0.129870129870129,0.212121212121213,0.187590187590189,25.1282584911954,23.369074842138,24.2486666666667,0.226009276940304,33.4225348865692,24.292,23.9340416735245,-1.18443145138912,-1.03427441784726
"7235110","2007-06-21",37.3711957444185,0,0.116883116883117,0.180375180375181,25.0908142185666,23.2888524481002,24.1898333333334,0.144924024571402,29.7327847461505,24.234,23.8695027837212,-1.24249771659874,-1.07591907759756
"7235109","2007-06-24",38.6777024771805,0,0.0432900432900437,0.124098124098125,25.0392285427298,23.2187714572703,24.129,0.163637589578886,28.8745665117268,24.178,23.8069024125584,-1.29116041361678,-1.1189673448014
"7235108","2007-06-25",38.3613137705469,0.0980392156862756,0.0326797385620924,0.0642842995784183,24.9643113275595,23.1870220057739,24.0756666666667,0.266123240841233,33.037581376123,24.1268,23.765982090884,-1.28149699708205,-1.15147327525753
"7235107","2007-06-26",38.324871541448,0.0100000000000016,0.0360130718954262,0.0373276179158546,24.8775998047377,23.1477335285957,24.0126666666667,0.201711047196751,31.2639858926928,24.0732,23.7185178120994,-1.28988503565125,-1.17915562733628
"7235106","2007-06-27",36.5395201478062,0,0.0360130718954262,0.0349019607843154,24.7700917597333,23.1292415736001,23.9496666666667,0.225955074712583,28.3501575606227,24.014,23.6560487704862,-1.33609215453822,-1.21054293277667
"7235105","2007-06-28",34.039629559949,1,0.336666666666668,0.136230936819174,24.6603633898309,23.1816366101692,23.921,0.688675828312087,55.1051350989905,23.996,23.728575601088,-1.0371169991471,-1.17585774605075
"7235104","2007-07-01",32.8710434293566,0.631578947368423,0.543859649122808,0.305513129228301,24.4968104924367,23.2608528408968,23.8788316666667,0.571039381128653,47.9944778567667,23.962,23.7447655209429,-0.908829450316839,-1.12245208690397
"7235103","2007-07-02",32.2502565902289,0.452631578947368,0.694736842105264,0.525087719298247,24.386946548984,23.2897167843494,23.8383316666667,0.376964390062509,44.9598326731302,23.9232,23.7361301181506,-0.8550619705046,-1.0689740636241
"7235102","2007-07-04",31.4153401695819,0.515789473684209,0.533333333333334,0.590643274853803,24.2979511887488,23.3173788112513,23.807665,0.454790010728371,46.2515561586651,23.8844,23.7366461023971,-0.783044892180329,-1.01178822933534
"7235101","2007-07-05",30.0525163771645,0.484210526315791,0.48421052631579,0.57076023391813,24.2247889936445,23.3422076730223,23.7834983333334,0.507366648845494,45.6743684830327,23.8448,23.7330932887442,-0.727779019093977,-0.95498638728707
"7235100","2007-07-08",28.0847089316547,0.565656565656565,0.521885521885522,0.513143127178216,24.1587717220176,23.3768916113158,23.7678316666667,0.737250780685682,48.00367570015,23.8084,23.7433475169116,-0.64258354798663,-0.892505819426982
"7235099","2007-07-09",26.5830994531929,0.522935779816514,0.524267623929624,0.510121224043646,24.1263152760556,23.3940147239445,23.7601650000001,0.818405240390844,48.242665066546,23.7724,23.7535678479901,-0.565142937127439,-0.827033242967073
"7235098","2007-07-10",25.5371681931557,0.583333333333333,0.557308559602138,0.534487235139095,24.1764711111434,23.3815255555234,23.7789983333334,0.924769131604145,51.3717856008524,23.7564,23.7797588015914,-0.4544013981438,-0.752506874002419
"7235097","2007-07-11",23.8208126918938,0.416666666666667,0.507645259938838,0.529740481156867,24.1901314701049,23.3828651965619,23.7864983333334,0.690149981112076,46.6945631044819,23.7332,23.7757909613792,-0.42953476226103,-0.687912451654141
"7235096","2007-07-12",22.4234027785523,0.316666666666666,0.438888888888889,0.501280902809956,24.1895362485608,23.3787904181059,23.7841633333334,0.379703359133738,44.100148648139,23.7104,23.7563521665287,-0.445442661453066,-0.639418493613926
"7235095","2007-07-15",20.8791654150558,0.416666666666667,0.383333333333334,0.443289160720354,24.1861907771329,23.4088025562005,23.7974966666667,0.503220184286149,47.2560976821533,23.6924,23.7555052109915,-0.412584287474127,-0.594051652385966
"7235094","2007-07-16",19.9599799967492,0.333333333333332,0.355555555555556,0.392592592592593,24.1868275623548,23.4098324376453,23.79833,0.480699149595917,44.9772481736266,23.6736,23.741437849526,-0.415729382376606,-0.558387198384094
"7235093","2007-07-17",19.1064506797502,0.375,0.375,0.371296296296297,24.1768004951384,23.4058595048617,23.7913300000001,0.46800879231427,46.3698329021958,23.6812,23.7359128029225,-0.396686207607821,-0.52604700022884
"7235092","2007-07-18",19.1229665039713,0.451219512195123,0.386517615176152,0.372357723577236,24.2005537877096,23.3997728789572,23.8001633333334,0.811991287424518,53.907627789327,23.6932,23.7711244291995,-0.276506214181982,-0.476138843019468
"7235091","2007-07-19",19.1383026264622,0.451219512195123,0.425813008130082,0.395776874435412,24.2282314548131,23.4000918785204,23.8141616666667,0.780715562112508,53.907627789327,23.7072,23.8016411719729,-0.17927631639878,-0.416766337695331
"7235090","2007-07-22",19.1525433116324,0.463414634146344,0.455284552845531,0.422538392050589,24.2447347848426,23.4322552151575,23.8384950000001,0.743909722854253,54.1567193231635,23.7296,23.8294223490432,-0.0977719867195748,-0.352967467500179
"7235089","2007-07-23",18.4019429869161,0.268292682926832,0.394308943089434,0.425135501355016,24.2366117901952,23.4787115431383,23.8576616666667,0.555862672558419,49.5433333010653,23.7376,23.8321660358374,-0.0863657423028297,-0.29964712246071
"7235088","2007-07-24",17.1139001845321,0.0853658536585369,0.272357723577238,0.373983739837401,24.2335960339837,23.4937272993497,23.8636616666667,0.386923635571515,45.6198046491874,23.73,23.8145438977258,-0.126655317575053,-0.265048761483578
"7235087","2007-07-25",16.1236718862877,0.0243902439024385,0.126016260162603,0.264227642276425,24.2136848695784,23.5323051304217,23.872995,0.221650563162575,44.3587487966579,23.7244,23.7926047113623,-0.173576043352153,-0.246754217857293
"7235086","2007-07-26",15.5567911240938,0.0365853658536599,0.0487804878048789,0.149051490514907,24.1863149581235,23.5853417085432,23.8858283333334,0.285079174893532,44.6880660039326,23.7248,23.7749240831807,-0.205061630200964,-0.238415700326027
"7235085","2007-07-29",14.9845793218064,0.0243902439024385,0.0284552845528461,0.0677506775067763,24.137214480415,23.5811088529184,23.8591616666667,0.15385173160967,44.4050347250266,23.7328,23.7582675387566,-0.230790904920786,-0.236890741244979
"7235084","2007-07-30",14.9951832111329,0,0.0203252032520333,0.0325203252032531,24.1275370983999,23.5641229016002,23.84583,0.241167331550453,43.8074418020564,23.742,23.7411652002557,-0.255076323141523,-0.240527857624288
"7235083","2007-07-31",15.5614473066215,0.500000000000003,0.174796747967481,0.0745257452574538,24.1328731128782,23.5811235537886,23.8569983333334,0.626328450142538,52.7161390271154,23.7576,23.7610098402216,-0.183876957974671,-0.229197677694365
"7235082","2007-08-01",15.8756458603059,0.423076923076928,0.307692307692311,0.167604752970609,24.1343396942549,23.5893236390785,23.8618316666667,0.496639242735473,51.3668964165687,23.7752,23.7728751948587,-0.139442829741043,-0.2112467081037
"7235081","2007-08-02",15.5965385862582,0.211538461538461,0.378205128205131,0.286898061288308,24.1344232198613,23.5912401134721,23.8628316666667,0.402736911282258,47.7476679762086,23.7948,23.7684918355442,-0.139951748274258,-0.196987716137812
"7235080","2007-08-05",17.1059907054821,0,0.211538461538463,0.299145299145302,24.2595118357559,23.3761514975775,23.8178316666667,-0.365443353399669,26.3222396230929,23.7292,23.607359590805,-0.536302637180441,-0.264850700346338
"7235079","2007-08-06",18.50762481619,0.150943396226416,0.120827285921626,0.236856958555074,24.335065271148,23.1979347288521,23.7665000000001,-0.203349325562227,32.9156828276255,23.6872,23.4997116453643,-0.761707632488873,-0.364222086774845
"7235078","2007-08-07",19.075884710837,0.462054560415216,0.204332652213878,0.178899466557989,24.2999541109214,23.1570458890787,23.7285000000001,0.174660374099075,43.9452356832998,23.6716,23.4717500926491,-0.76393286273716,-0.444164241967308
"7235077","2007-08-08",19.1994120724554,0.477124183006536,0.36337404654939,0.229511328228298,24.2817631231951,23.1205702101383,23.7011666666667,0.234899059517148,43.9452356832998,23.6536,23.4475167469626,-0.757085368555444,-0.506748467284935
"7235076","2007-08-09",18.9520147503137,0.547297297297299,0.495492013573017,0.354399570778762,24.2793976282073,23.1022723717928,23.690835,0.320889919019962,45.6376186632461,23.64,23.4371811807009,-0.715927303621311,-0.54858423455221
"7235075","2007-08-12",18.9068514395256,0.500000000000001,0.508140493434612,0.455668851185673,24.2709990974155,23.0690042359179,23.6700016666667,0.261506190653587,44.3751554221855,23.6196,23.4188903566074,-0.699400342279755,-0.578747456097719
"7235074","2007-08-13",19.3448445237467,0.371621621621622,0.472972972972975,0.492201826660202,24.2734239671376,23.0075793661958,23.6405016666667,0.146743104958768,41.0553985169582,23.5912,23.3777049757264,-0.74338311166281,-0.611674587210737
"7235073","2007-08-14",19.2042805959672,0.466216216216217,0.445945945945947,0.475686470784512,24.2625739348262,22.9750960651739,23.6188350000001,0.278247321063609,44.3585174189106,23.5632,23.3606776456296,-0.72174098590293,-0.633687866949176
"7235072","2007-08-15",19.6958819771283,0.297297297297298,0.37837837837838,0.432432432432434,24.2179503162936,22.9280530170398,23.5730016666667,0.159144698118423,40.0432640643589,23.5332,23.312587292879,-0.782156240819321,-0.663381541723205
"7235071","2007-08-16",19.3683029662,0.331081081081082,0.364864864864866,0.396396396396398,24.1547228733316,22.9102837933352,23.5325033333334,0.262273082369305,41.2737488092394,23.51,23.2775756538284,-0.803734161385528,-0.691452065655669
"7235070","2007-08-19",19.0641224560523,0.418918918918919,0.349099099099101,0.364114114114116,24.0804801953489,22.9095264713179,23.4950033333334,0.322079504602873,44.4650143829745,23.4872,23.2645655666513,-0.767038750396709,-0.706569402603877
"7235069","2007-08-20",18.0045126349737,0.736486486486486,0.495495495495497,0.403153153153155,24.0542134965788,22.919793170088,23.4870033333334,0.723018453353375,54.1630830823467,23.4872,23.3159568244311,-0.568495035005712,-0.678954529084244
"7235068","2007-08-21",16.8944737411034,0.70945945945946,0.621621621621622,0.48873873873874,24.0447034832155,22.9226365167846,23.4836700000001,0.704678811696766,53.3098399759615,23.4836,23.3551625811737,-0.420290332749917,-0.627221689817379
"7235067","2007-08-22",15.7005492831276,0.675675675675675,0.707207207207208,0.608108108108109,24.044301392016,22.9227052746507,23.4835033333334,0.675193782881667,52.2028134759689,23.466,23.3824742370172,-0.316533726537405,-0.565084097161384
"7235066","2007-08-23",14.5919051435786,0.767857142857142,0.717664092664093,0.682164307164308,24.0369008919341,22.9247724413993,23.4808366666667,0.700063820469321,54.2490933023338,23.4524,23.4194776720815,-0.197613982399902,-0.491590074209088
"7235065","2007-08-26",14.3787228992601,0.653846153846154,0.699126324126325,0.707999207999209,24.0553907638452,22.9196159028216,23.4875033333334,0.775139622640496,54.6671072767792,23.4392,23.4542139824707,-0.0954909730391584,-0.412370253975102
"7235064","2007-08-27",14.3622207836884,0.727272727272727,0.716325341325342,0.711038586038587,24.0866517586616,22.9083549080052,23.4975033333334,0.841591905675054,57.194246538095,23.4372,23.5003187848079,0.0262401561665015,-0.324648171946781
"7235063","2007-08-28",14.3468973906576,0.809090909090909,0.730069930069931,0.715173865173866,24.0933261034304,22.9050105632364,23.4991683333334,0.887802440580189,59.0385688132282,23.4448,23.5522762801669,0.151598225109062,-0.229398892535613
"7235062","2007-08-29",13.5915020914058,0.645454545454545,0.727272727272728,0.724555999556001,24.0772150564212,22.9107882769123,23.4940016666667,0.725187731124054,54.0250302113327,23.4472,23.5733061094779,0.187000738811127,-0.146118966266265
"7235061","2007-08-30",12.8499692896059,0.636363636363635,0.696969696969697,0.718104118104119,24.0664342547489,22.9142357452512,23.4903350000001,0.713792731578854,53.7519345380115,23.4488,23.5901986282142,0.209184915545713,-0.0750581899038692
"7235060","2007-09-03",12.5058089160561,0.645454545454545,0.642424242424243,0.68888888888889,24.0781772522083,22.9744927477918,23.526335,0.723794329217197,54.0023379502441,23.4512,23.6061721444523,0.227530096315509,-0.0145405326599935
"7235059","2007-09-04",12.6422023215786,0.245454545454545,0.509090909090909,0.616161616161617,24.0414352558448,23.0525647441553,23.547,0.331120457101366,42.9764298922062,23.4368,23.5613491918587,0.0905657640531077,0.00648072668262671
"7235058","2007-09-05",12.8304054365343,0.19047619047619,0.360461760461761,0.503992303992305,24.0435568503463,23.0447764829871,23.5441666666667,0.25553517605448,42.5511497482499,23.4112,23.5198359662775,-0.0247418549028544,0.000236210365530485
"7235057","2007-09-06",13.1336186659743,0.0326086956521751,0.156179810527637,0.341910826693436,24.0494413005187,23.0235586994814,23.5365,0.210980574482656,41.6631525832281,23.3856,23.4785245041072,-0.128558412216051,-0.0255227141507858
"7235056","2007-09-09",12.8785009965005,0.0786516853932587,0.100578857173875,0.205740142721092,24.0494495280702,23.0082171385966,23.5288333333334,0.305839053115779,43.8707127026743,23.3672,23.4520545702262,-0.184783627313667,-0.0573748967833621
"7235055","2007-09-10",12.6416060177033,0.101123595505618,0.0707946588503513,0.109184442183955,24.0500403381482,23.0032929951852,23.5266666666667,0.321669796516197,44.5167360662184,23.3968,23.4317806275294,-0.219994776717114,-0.0898988727701125
"7235054","2007-09-11",12.6534067331767,0.0337078651685366,0.0711610486891384,0.0808448549044555,24.043859699842,23.0198069668248,23.5318333333334,0.270356878035143,42.9207399312577,23.4144,23.4062098771921,-0.265575403049101,-0.12503417882591
"7235053","2007-09-12",13.0411780659378,0,0.0449438202247189,0.06229984258807,24.0479706391725,23.006362694161,23.5271666666667,0.224304458273367,40.3258132689508,23.4084,23.3707152268999,-0.332474401247451,-0.166522223310218
"7235052","2007-09-13",13.5498768484162,0,0.0112359550561796,0.0424469413233461,24.0441806902083,23.0141526431252,23.5291666666667,0.154540151269607,39.3022378627178,23.4008,23.3346198633132,-0.394923922358115,-0.212202563119798
"7235051","2007-09-16",14.0222400035749,0.0799999999999983,0.0266666666666669,0.0276154806491889,24.0448337369496,23.0124995963838,23.5286666666667,0.207459059879078,42.448590192437,23.3932,23.3140038815381,-0.412110762917861,-0.25218420307941
"7235050","2007-09-17",14.0976449205919,0.0299999999999976,0.0366666666666661,0.0248564294631713,24.0489741299806,23.0010258700195,23.525,0.202593459453543,41.0174950450503,23.3864,23.2894700306664,-0.438070496939291,-0.289361461851387
"7235049","2007-09-18",13.9252910033015,0.124999999999998,0.078333333333332,0.0472222222222221,24.0268269596567,22.9765063736767,23.5016666666667,0.282606057254091,43.8705412904088,23.39,23.2775406932442,-0.429491239289836,-0.317387417339077
"7235048","2007-09-19",13.7652480801033,0.124999999999998,0.0933333333333318,0.0694444444444438,24.0058042749975,22.949529058336,23.4776666666667,0.268684023368811,43.8705412904088,23.388,23.267201934145,-0.417898910579495,-0.33748971598716
"7235047","2007-09-20",14.2909591083625,0,0.0833333333333326,0.0849999999999993,23.9897693273493,22.9115606726508,23.4506650000001,0.211838397902421,39.4449035748052,23.3904,23.2395750095923,-0.452131391240551,-0.360418051037838
"7235046","2007-09-23",15.2071825940966,0,0.0416666666666667,0.0727777777777775,23.971749409802,22.8632472568647,23.4174983333334,0.159451871759485,36.6044153761324,23.3868,23.2022983416467,-0.508290193279559,-0.389992479486183
"7235045","2007-09-24",16.1826893752379,0,7.58652400160524e-16,0.0416666666666672,23.9299024155943,22.8264275844058,23.378165,0.169379258724237,35.7721663974812,23.3768,23.1659918960938,-0.557009405322639,-0.423395864653474
"7235044","2007-09-25",17.0885171005835,0.137254901960784,0.0457516339869289,0.0291394335511993,23.8491383090198,22.8231916909803,23.3361650000001,0.230819328077923,39.2433310885775,23.3508,23.1438596432813,-0.564857407351604,-0.4516881731931
"7235043","2007-09-26",18.1545423160018,0.0392156862745088,0.0588235294117652,0.0348583877995654,23.7328923309283,22.8447710024051,23.2888316666667,0.18979651260994,37.676995357042,23.3244,23.1180116908438,-0.581904540060618,-0.477731446566604
"7235042","2007-09-27",19.1444228731759,0.176470588235293,0.11764705882353,0.0740740740740751,23.6536414637141,22.852688536286,23.2531650000001,0.238022473629612,41.2145377066726,23.3028,23.1049434653979,-0.564541107692029,-0.495093378791689
"7235041","2007-09-30",19.6916363168781,0.176470588235293,0.130718954248366,0.102396514161221,23.5608153251214,22.8775146748787,23.2191650000001,0.26218618659934,41.2145377066727,23.2772,23.0936176700115,-0.544535973202853,-0.504981897673922
"7235040","2007-10-01",19.8306700143657,0.156862745098042,0.169934640522877,0.139433551198258,23.418441783326,22.9488882166741,23.1836650000001,0.243731758817806,40.8305565685843,23.2504,23.0824686473433,-0.526139989193564,-0.50921351597785
"7235039","2007-10-02",20.7507328482911,0,0.111111111111113,0.137254901960786,23.4006950915912,22.9229682417422,23.1618316666667,0.042629154290902,35.4894133704421,23.2128,23.0528061610309,-0.557662485155652,-0.518903309813411
"7235038","2007-10-03",20.6533858229279,0,0.0522875816993482,0.111111111111113,23.3883727747288,22.9032905586046,23.1458316666667,0.158136989659819,35.4894133704421,23.1716,23.0270986728934,-0.576130559677546,-0.530348759786238
"7235037","2007-10-04",20.5629921565192,0.17857142857143,0.0595238095238109,0.074307500778091,23.3784175115947,22.8935791550721,23.1359983333334,0.308874444949717,41.4147783562477,23.1416,23.0181521831743,-0.549452149066632,-0.534169437642317
"7235036","2007-10-07",21.0795696253151,0,0.0595238095238109,0.0571117335823238,23.3578461816101,22.87448381839,23.1161650000001,0.11485416704804,37.3507155542243,23.1076,22.9957318920844,-0.56046959824213,-0.539429469762279
"7235035","2007-10-08",19.6443293534262,0.0999999999999943,0.0928571428571423,0.0706349206349218,23.3217193876965,22.8816106123036,23.1016650000001,0.382608566589155,40.2222033507648,23.0752,22.9829676398065,-0.545429969783429,-0.540629569766509
"7235034","2007-10-09",19.4580139823746,0.199999999999998,0.0999999999999982,0.0841269841269843,23.3033729786226,22.8902903547109,23.0968316666667,0.749752294967816,45.5932432300827,23.0644,22.9852386211656,-0.492735854826132,-0.531050826778434
"7235033","2007-10-10",19.2850068521124,0.279999999999996,0.19333333333333,0.128730158730157,23.2975545094724,22.8927754905277,23.0951650000001,0.775463058726037,48.5786134117224,23.0568,22.9952068050102,-0.4250094566422,-0.509842552751187
"7235032","2007-10-11",18.7920660529787,0.213333333333334,0.23111111111111,0.174814814814813,23.2889236649271,22.8880730017397,23.0884983333334,0.379011467892442,46.2987038351853,23.0488,22.9971792310089,-0.38444396909656,-0.484762836020262
"7235031","2007-10-14",18.5912357936228,0.199999999999998,0.23111111111111,0.218518518518517,23.2702864287535,22.8890435712466,23.0796650000001,0.42218870618574,45.8353764291012,23.0376,22.997555333541,-0.351747269251812,-0.458159722666572
"7235030","2007-10-15",18.4047505527922,0.199999999999998,0.204444444444444,0.222222222222222,23.2522531648041,22.8907435018627,23.0714983333334,0.440531787840835,45.8353764291012,23.0256,22.9978812890689,-0.322120960379113,-0.43095197020908
"7235029","2007-10-16",18.7533337157671,0.12,0.173333333333333,0.202962962962963,23.2154154787839,22.9045811878828,23.0599983333334,0.446386224146171,42.8513396106984,23.0136,22.9901637838597,-0.316054458452664,-0.407972467857797
"7235028","2007-10-17",19.5028653358538,0.266666666666666,0.195555555555555,0.191111111111111,23.195567299997,22.9157627000031,23.0556650000001,0.82523291850305,49.3604193740926,23.01,22.9981419460117,-0.269544312401937,-0.380286836766625
"7235027","2007-10-18",20.8534080047507,0.279999999999996,0.222222222222221,0.197037037037037,23.2095560065594,22.9084439934407,23.0590000000001,0.990404435004595,49.9188634819543,23.0084,23.0063896865435,-0.226565008449919,-0.349542471103284
"7235026","2007-10-21",20.9642107068019,0.0799999999999983,0.208888888888888,0.208888888888889,23.2093174376061,22.9070158957274,23.0581666666667,0.384772888960767,42.3708490509242,22.9976,22.9935377283377,-0.242325409286803,-0.328099058739988
"7235025","2007-10-22",21.0670989301351,0.0933333333333337,0.15111111111111,0.194074074074074,23.2094069311516,22.9062597355152,23.0578333333334,0.331215108029286,42.989740489572,22.9892,22.9837326978927,-0.248466873320885,-0.312172621656167
"7235024","2007-10-23",21.1626379946589,0.133333333333331,0.102222222222222,0.154074074074074,23.2082927997134,22.9033738669533,23.0558333333334,0.382482425708938,44.9014349446596,22.9792,22.9792350048403,-0.240048070514265,-0.297747711427787
"7235023","2007-10-24",20.1479276270201,0,0.0755555555555555,0.10962962962963,23.2167732992219,22.8832267007782,23.0500000000001,0.0402941176769793,38.0340321679615,22.9632,22.9553370041949,-0.28283015656585,-0.294764200455399
"7235022","2007-10-25",19.2653734679737,0.212499999999997,0.115277777777777,0.0976851851851851,23.2160241276155,22.8809758723846,23.0485000000001,0.395039994634584,47.7816366888644,22.9596,22.9572920703023,-0.254091682476576,-0.286629696859635
"7235021","2007-10-28",20.4428980163838,0.2875,0.166666666666667,0.119166666666667,23.2364726301532,22.8751940365136,23.0558333333334,0.908272182732988,50.7276515815935,22.9624,22.9669864609286,-0.207834383290317,-0.270870634145771
"7235020","2007-10-29",21.329727345205,0.266666666666666,0.255555555555555,0.179166666666667,23.2352917770992,22.8737082229009,23.0545000000001,0.45067991028263,49.2320554332358,22.9652,22.9713882661382,-0.179644075584262,-0.252625322433469
"7235019","2007-10-30",22.4297230740776,0.280000000000001,0.278055555555556,0.233425925925927,23.2343316522494,22.8873350144174,23.0608333333334,0.526417162782584,49.7637354628419,22.9656,22.9765364973197,-0.152037927675763,-0.232507843481928
"7235018","2007-10-31",23.6199785104745,0.226666666666664,0.257777777777778,0.263796296296297,23.2343355457083,22.8953311209584,23.0648333333334,0.4857425656407,47.6156329459349,22.9664,22.9756649643438,-0.142562233678445,-0.214518721521232
"7235017","2007-11-01",24.9571859816797,0.226666666666664,0.244444444444444,0.260092592592593,23.2362175120515,22.8974491546153,23.0668333333334,0.54870584763236,47.6156329459349,22.9644,22.9749096357646,-0.13351419760762,-0.198317816738509
"7235016","2007-11-04",26.198878633513,0.226666666666664,0.226666666666665,0.242962962962963,23.2310596607825,22.9092736725509,23.0701666666667,0.271587319870695,47.6156329459349,22.9624,22.9742550176627,-0.124904224157429,-0.183635098222293
"7235015","2007-11-05",27.9702894056441,0.266666666666666,0.239999999999999,0.237037037037036,23.2325466737186,22.9111199929482,23.0718333333334,0.535777988225454,49.6514750698587,22.962,22.9776876819743,-0.106319924358822,-0.168172063449599
"7235014","2007-11-06",29.6708682716089,0.333333333333333,0.275555555555555,0.247407407407407,23.2197073205588,22.9162926794413,23.068,0.682368698918074,52.9345305592914,22.9696,22.9873293243777,-0.0731955041670673,-0.149176751593093
"7235013","2007-11-07",31.79629267713,0.293333333333332,0.297777777777778,0.271111111111111,23.2132041618739,22.9197958381262,23.0665,0.875472192674892,50.7943859481541,22.976,22.9916854144607,-0.0568221219694132,-0.130705825668357
"7235012","2007-11-08",33.1828999618542,0.199999999999998,0.275555555555555,0.282962962962963,23.2131824671758,22.9178175328243,23.0655,0.345953277764837,46.1099219094318,22.9756,22.9861273591993,-0.0676331730455115,-0.118091295143788
"7235011","2007-11-11",34.4704638690981,0.199999999999998,0.23111111111111,0.268148148148148,23.2135691370095,22.9117641963239,23.0626666666667,0.270271046007784,46.1099219094318,22.9796,22.9813103779727,-0.0753372015675602,-0.109540476428542
"7235010","2007-11-12",32.4275065569481,0,0.133333333333333,0.213333333333333,23.2747839275856,22.8115494057479,23.0431666666667,-0.327154818139709,22.1165509016923,22.9532,22.882468994243,-0.327576728260659,-0.153147726794966
"7235009","2007-11-13",30.5304747670945,0.656488549618322,0.285496183206107,0.216646875883517,23.2866336234324,22.811699709901,23.0491666666667,0.740384321721173,53.6067957644042,22.9572,22.9114731283439,-0.222179051814364,-0.166953991798845
"7235008","2007-11-14",29.3381649476628,0.541984732824427,0.399491094147584,0.272773536895675,23.2798432523437,22.8121567476564,23.046,0.579825551858172,49.8229146495945,22.9528,22.9166100445647,-0.189333552923532,-0.171429904023783
"7235007","2007-11-15",29.9190332166788,0.308943089430895,0.502472123957882,0.395819800437192,23.3840666597237,22.7439333402764,23.064,1.28525308931052,51.06290762408,22.9524,22.9277287052895,-0.144041658659511,-0.165952254950928
"7235006","2007-11-18",29.6485844818803,0.207317073170732,0.352748298475352,0.418237172193607,23.3903618602037,22.7486381397964,23.0695,0.599471674964383,45.0661202227432,22.9424,22.9040315445842,-0.193938035669772,-0.171549411094697
"7235005","2007-11-19",29.3974535138531,0.215447154471545,0.243902439024391,0.366374287152542,23.3946858904504,22.7299807762164,23.0623333333334,0.200619123068788,45.6163651071678,22.9332,22.886160671973,-0.22391485869061,-0.18202250061388
"7235004","2007-11-20",29.707506842149,0.203252032520325,0.208672086720868,0.268440941406871,23.3944661027876,22.7225338972125,23.0585,0.32860374050956,44.8900225232623,22.9252,22.8666725823766,-0.255358143475848,-0.196689629186273
"7235003","2007-11-22",30.3211971854348,0.215447154471545,0.211382113821139,0.221318879855467,23.393221370777,22.7371119625564,23.0651666666667,0.446401215672109,45.8190995732102,22.914,22.8537829047264,-0.266657252626246,-0.210683153874268
"7235002","2007-11-25",31.4600803187385,0.471544715447154,0.296747967479676,0.238934056007228,23.4905707972687,22.6967625360648,23.0936666666667,1.11685760982631,60.7743982668688,22.9276,22.9266118507629,-0.0528724907884137,-0.179121021257097
"7235001","2007-11-26",33.3527339093308,0.394422310756973,0.360471393558558,0.289533824953125,23.6050733552925,22.6355933113743,23.1203333333334,1.13573596712973,56.261522204377,22.9404,22.9670636039945,0.0557249949849847,-0.132151818008681
"7235000","2007-11-27",35.1101979577379,0.681274900398406,0.515747308867512,0.390988889968582,23.8114871074445,22.5338462258889,23.1726666666667,1.21277201584049,67.3273776074561,22.9816,23.0981217901285,0.389026121077118,-0.0279162301915208
"7234999","2007-11-28",34.7014822792352,0.402390438247012,0.492695883134131,0.456304861853401,23.8594519140568,22.5372147526099,23.1983333333334,0.791173180746681,53.2276981664534,22.9936,23.1183722181114,0.403176366701286,0.0583022891870405
"7234998","2007-11-29",34.5240413497241,0.741035856573706,0.608233731739709,0.538892307913785,24.0433192328124,22.4673474338543,23.2553333333334,1.09941850944996,63.2829125208184,23.0456,23.2492559223632,0.701666407425283,0.186975112834689
"7234997","2007-12-02",33.5632305876151,0.613545816733068,0.58565737051793,0.562195661797257,24.1453754674836,22.4556245325165,23.3005,0.906075624796133,58.2093708597567,23.078,23.3200217993815,0.816520669810283,0.312884224229808
"7234996","2007-12-03",32.6710491656567,0.55223880597015,0.635606826425642,0.609832642894428,24.2356214049945,22.4657119283389,23.3506666666667,0.86687375365673,58.9840297451201,23.1108,23.3906855594639,0.920458562947402,0.434399091973327
"7234995","2007-12-04",30.7974250735046,0.328358208955224,0.498047610552815,0.573103935832129,24.2541252436128,22.4938747563873,23.374,0.599985769796524,52.2754780944392,23.1268,23.3919274848687,0.837762701896083,0.515071813957878
"7234994","2007-12-05",29.447965061333,0,0.293532338308459,0.475728925095639,24.2564753482481,22.479524651752,23.368,0.294779524617201,43.7095350768672,23.1136,23.2970038202196,0.517603267534805,0.515578104673263
"7234993","2007-12-06",28.1948950500309,0.111111111111111,0.146489773355446,0.312689907405574,24.2591598840539,22.4571734492795,23.3581666666667,0.290139004728939,46.7133659634064,23.1112,23.245403310857,0.339095987135929,0.480281681165797
"7234992","2007-12-09",27.588610302183,0,0.0370370370370379,0.159019716233648,24.2734546693881,22.415545330612,23.3445,0.178222547862731,42.9567487970593,23.0948,23.1540162027427,0.07468414500853,0.399162173934343
"7234991","2007-12-10",27.0256316077528,0.0639269406392696,0.0583460172501278,0.080624275880871,24.2842490325356,22.3820843007979,23.3331666666667,0.202181419648897,44.8666667093418,23.084,23.0934807090437,-0.0856894544657538,0.302191848254324
"7234990","2007-12-11",26.2828448281211,0.109589041095891,0.0578386605783878,0.0510739049551849,24.2694338798305,22.4172327868363,23.3433333333334,0.240848873367145,46.2509900708176,23.076,23.0543499478379,-0.176077535689045,0.20653797146565
"7234989","2007-12-12",25.6655675265748,0.0913242009132433,0.0882800608828022,0.068154912903773,24.2781344174621,22.372865582538,23.3255,0.227684973467785,45.756090719097,23.0644,23.0151032881261,-0.258913923130888,0.113447592546343
"7234988","2007-12-13",25.3853372822351,0.0182648401826496,0.0730593607305955,0.0730593607305956,24.2937605931636,22.3172394068365,23.3055,0.185221352054993,43.7399590219229,23.0476,22.9597561830427,-0.376636386209128,0.0154307967952484
"7234987","2007-12-16",25.4431860552556,0,0.0365296803652984,0.0659563673262325,24.2875448459954,22.221788487338,23.2546666666667,0.158882005269629,41.5232992282115,23.0264,22.8877886919703,-0.527675481454493,-0.0931904588546998
"7234986","2007-12-17",25.4969027730603,0.0202020202020198,0.0128222867948906,0.0408037759635953,24.303203237902,22.1467967620981,23.2250000000001,0.182341892548484,42.2240123017266,23.0068,22.8307501997076,-0.626580246710084,-0.199868416425777
"7234985","2007-12-18",25.4487215958722,0.0202020202020198,0.013468013468014,0.0209399935427348,24.3168101452301,22.1018565214367,23.2093333333334,0.202326348393613,42.2240123017266,23.0156,22.7813168397466,-0.697315976521751,-0.299357928444972
"7234984","2007-12-19",25.4865731385791,0,0.013468013468014,0.01325277124364,24.3317005943016,22.0432994056985,23.1875,0.202485151325679,41.6452605628508,22.9884,22.7331412611137,-0.759147413105821,-0.391315825377141
"7234983","2007-12-20",25.8309263798084,0,0.0067340067340074,0.0112233445566789,24.3528982931157,21.9547683735511,23.1538333333334,0.16758820689271,39.4609408922493,22.9612,22.6713890929652,-0.852061770482671,-0.483465014398247
"7234982","2007-12-23",26.6063890098473,0,7.95659834314696e-16,0.00673400673400787,24.3376290631267,21.8290376035401,23.0833333333334,0.137246632359182,36.1901991603558,22.9224,22.5858705472365,-1.0004578359266,-0.586863578703919
"7234981","2007-12-25",27.6216476933989,0,7.95659834314696e-16,0.0022446689113368,24.2954040796608,21.6995959203393,22.9975000000001,0.123431340066533,34.0380803743315,22.8868,22.489087807605,-1.16660485182759,-0.702811833328653
"7234980","2007-12-26",28.1649864605201,0.150793650793652,0.0502645502645513,0.0167548500881848,24.1457892700946,21.6588773965722,22.9023333333334,0.20954606754509,38.4439853160252,22.858,22.430542766591,-1.21695957343299,-0.805641381349519
"7234979","2007-12-27",28.9308465832694,0.0396825396825402,0.0634920634920647,0.0379188712522061,24.0770153051207,21.5796513615461,22.8283333333334,0.209693894690288,36.5089017533889,22.8248,22.3611370643789,-1.29304392534076,-0.903121890147768
"7234978","2007-12-30",29.8237735917469,0,0.0634920634920647,0.0590828924162274,23.8414572908524,21.6015427091477,22.7215000000001,0.206164390355537,35.1479945306075,22.7864,22.2876521224617,-1.37444901343056,-0.997387314804326
"7234977","2008-01-01",30.5188163231527,0.0677966101694931,0.0358263832840119,0.0542701700893809,23.6135605734337,21.6434394265665,22.6285000000001,0.245277931699083,37.1658955068933,22.726,22.2346318394668,-1.39459674176705,-1.07682920019687
"7234976","2008-01-02",28.5655258764507,0.450980392156863,0.17292566744212,0.0907480380727325,23.3315996880862,21.8034003119139,22.5675000000001,0.639052536804587,49.9531596219683,22.6968,22.2700142608712,-1.17576617585158,-1.09661659532781
"7234975","2008-01-03",26.587733275068,0.748427672955976,0.422401558427445,0.210384536384526,23.2197821429741,21.8735511903594,22.5466666666667,0.935784562468409,57.574539710607,22.6588,22.3673456927551,-0.812236047766646,-1.03974048581558
"7234974","2008-01-06",24.7512115737839,0.79874213836478,0.666050067825874,0.42045909789848,23.2504133502814,21.857919983052,22.5541666666667,0.930283318231359,58.659313801607,22.652,22.4623662670544,-0.490488883362539,-0.929890165324971
"7234973","2008-01-07",24.5556629793606,0.402515723270441,0.649895178197066,0.579448934816795,23.209647375116,21.8676859582174,22.5386666666667,0.597866698460529,48.2060970132371,22.586,22.4607174314471,-0.456841144781106,-0.835280361216198
"7234972","2008-01-08",24.3740821416818,0.440251572327046,0.547169811320756,0.621038352447899,23.1990210885272,21.8673122448063,22.5331666666667,0.577719691123141,49.135750293323,22.5352,22.4672884405875,-0.403972382086526,-0.749018765390264
"7234971","2008-01-09",23.5710425065681,0.597484276729562,0.48008385744235,0.559049615653391,23.2129015079623,21.8637651587044,22.5383333333334,0.745836283967183,52.9270427867732,22.4916,22.5063166485092,-0.269290896934571,-0.653073191699125
"7234970","2008-01-10",22.348475195389,0.672955974842767,0.570230607966459,0.532494758909856,23.2359607453453,21.8547059213215,22.5453333333334,0.831582552353184,54.67347988054,22.4708,22.5561410953746,-0.118382588460053,-0.546135071051311
"7234969","2008-01-13",22.529076393099,0.55421686746988,0.608219039680737,0.552844501696516,23.3975807374213,21.7684192625788,22.5830000000001,1.09969500573562,58.9141887849253,22.4912,22.6406556159913,0.110223266809739,-0.414863403479101
"7234968","2008-01-14",21.1776456467047,0.281124497991969,0.50276578010154,0.560405142582912,23.4183325756042,21.7686674243959,22.5935000000001,0.68175405664214,48.2502517916254,22.4752,22.6232348671925,0.0482908572487784,-0.322232551333525
"7234967","2008-01-15",20.2397929312374,0.0923694779116467,0.309236947791166,0.473407255857815,23.4187386117903,21.7692613882098,22.5940000000001,0.479387408620138,42.5212690430035,22.4544,22.5454702182335,-0.166830080377445,-0.291152057142309
"7234966","2008-01-16",19.270718224842,0.590361445783133,0.32128514056225,0.377762622818319,23.5333592922904,21.7409740410431,22.6371666666667,0.927456466813394,57.0205707017312,22.4776,22.643407522469,0.104203306439588,-0.21208098442593
"7234965","2008-01-17",17.9750761081767,0.614457831325301,0.432396251673361,0.35430611334226,23.6571640867566,21.7131659132435,22.6851650000001,0.924281091363414,57.5781970488176,22.4992,22.7362865194732,0.3354384897855,-0.102577089583644
"7234964","2008-01-21",16.7719798569875,0.709543568464731,0.638120948524389,0.463934113586667,23.7966177274628,21.6880456058706,22.7423316666667,0.930465870262916,60.0000557842788,22.5328,22.8514483168767,0.602592960131609,0.0384569203594069
"7234963","2008-01-22",15.9803755914238,0.646017699115044,0.65667303296836,0.575730077722037,23.9186765371889,21.6966534628112,22.807665,0.885085260004757,58.6140259676019,22.5688,22.9379218746265,0.768896576974609,0.184544851682447
"7234962","2008-01-23",15.2858458214997,0.778761061946903,0.711440776508894,0.668744919333881,24.0547356824866,21.7302609841802,22.8924983333334,0.920525836387384,61.4882468858022,22.624,23.0528656246763,0.993292633678022,0.346294408081562
"7234961","2008-01-24",15.4457197468033,0.38495575221239,0.603244837758113,0.657119549078456,24.0578229575061,21.8541737091607,22.9559983333334,0.651567526872706,50.3226087828208,22.642,23.0338168747195,0.849394609561305,0.446914448377511
"7234960","2008-01-27",15.2664825212567,0.836283185840708,0.666666666666668,0.660450760311225,24.1820824259385,21.9139142407283,23.0479983333334,0.928540384705427,59.417971731472,22.7008,23.1533079580902,1.07892597513664,0.573316753729336
"7234959","2008-01-28",14.8801294775753,0.893805309734512,0.705014749262538,0.658308751229107,24.2920583313635,22.0076050019699,23.1498316666667,0.933437759744513,60.4127905811698,22.7664,23.2742002303448,1.28930346623017,0.716514096229503
"7234958","2008-01-29",14.9616453728105,0.725409836065573,0.818499443880266,0.730060286603157,24.3373183823239,22.1593449510096,23.2483316666667,0.860427567839015,57.493928460392,22.828,23.3456401996322,1.35254771962048,0.843720820907698
"7234957","2008-01-30",14.6200750470692,0.874045801526717,0.831086982442269,0.784867058528358,24.4432411997242,22.2847554669425,23.3639983333334,0.998498391870275,61.6449523124561,22.92,23.4768881730146,1.56257028074431,0.987490712875021
"7234956","2008-01-31",13.7722844033548,0.828671328671329,0.809375655421208,0.819654027247914,24.6185221320076,22.2888078679925,23.453665,0.980603287118825,62.2556517463553,23.022,23.6013030832793,1.73424141015279,1.13684085233058
"7234955","2008-02-03",13.2087750722574,0.790209790209791,0.830975640135947,0.823812759333141,24.7382948231594,22.2940351768407,23.516165,0.85477750272534,60.8216471308997,23.112,23.6944626721754,1.81017240423134,1.27150716271073
"7234954","2008-02-04",12.9502351378801,0.744755244755246,0.78787878787879,0.809410027811982,24.8315079966888,22.3168220033113,23.574165,0.79394060939613,59.0893734749098,23.2024,23.7578676492187,1.80437339119386,1.37808040840735
"7234953","2008-02-05",12.1199345454271,0.773869346733668,0.769611460566236,0.796155296193658,24.9285946477054,22.4110686856281,23.6698316666667,0.862856900157982,61.6245662209902,23.308,23.8501519626562,1.87217941713491,1.47690021015287
"7234952","2008-02-06",12.194841192648,0.562864321608041,0.693829637698986,0.750439962048004,24.9227874039546,22.5652159293788,23.7440016666667,0.659513721664632,56.0182578992572,23.393604,23.874145034302,1.76302013405942,1.53412419493418
"7234951","2008-02-07",12.2643973650673,0.567839195979899,0.634857621440537,0.699432906568587,24.9232191870121,22.6887841463213,23.8060016666667,0.636051542245466,56.1196181100278,23.455204,23.8962590297284,1.66058975644916,1.55941730723717
"7234950","2008-02-10",12.1971908836568,0.582914572864322,0.571206030150755,0.63329776309676,24.9259280025123,22.8004086641544,23.8631683333334,0.633378383445954,56.4471715655048,23.498004,23.9194244924313,1.57130148353934,1.56179414249761
"7234949","2008-02-11",11.6129611300646,0.552763819095479,0.567839195979901,0.591300949190399,24.9552277616266,22.8324422383734,23.893835,0.631665837302751,55.5539860104095,23.535204,23.9315012267738,1.46335721219721,1.54210675643753
"7234948","2008-02-12",11.0704620731576,0.552763819095479,0.562814070351761,0.567286432160806,24.912433490793,22.9945698425404,23.9535016666667,0.569434028910908,55.5539860104095,23.597604,23.9419677298706,1.36207119071254,1.50609964329253
"7234947","2008-02-13",10.5927035719385,0.174311926605506,0.426613188265489,0.519088818199051,24.7416640088411,23.3123393244923,24.0270016666667,0.502097727245684,55.3845886820263,23.657204,23.9497053658879,1.26383507017336,1.4576467286687
"7234946","2008-02-14",10.0886848958867,0.174311926605506,0.300462557435498,0.429963272017583,24.7136167256938,23.4037199409729,24.0586683333334,0.483203511205346,55.3845886820263,23.706804,23.9564113171028,1.17244749342909,1.40060688162078
"7234945","2008-02-18",9.81617118466637,0.174311926605506,0.174311926605507,0.300462557435498,24.6937632900839,23.4842433765829,24.0890033333334,0.522871333513815,55.3845886820263,23.751604,23.9622231414891,1.08747014344344,1.33797953398531
"7234944","2008-02-19",11.0126428939548,0.0100000000000016,0.119541284403672,0.198105256148226,24.7023199582578,23.544686708409,24.1235033333334,0.687016627843827,55.5538584685641,23.784404,23.9685933892906,1.01181268840171,1.27274616486859
"7234943","2008-02-20",12.123652338294,0.0199999999999996,0.0681039755351703,0.120652395514784,24.6874789221024,23.6095277445644,24.1485033333334,0.51375758040714,55.7347184407457,23.844804,23.9754476040518,0.94431573674445,1.20706007924376
"7234942","2008-02-21",13.1553039651805,0.100000000000001,0.0433333333333355,0.0769928644240599,24.6859940872938,23.6386792460397,24.1623366666667,0.485037928058689,57.2339949886997,23.927204,23.9920545901782,0.907249519382636,1.14709796727154
"7234941","2008-02-24",14.6252572356915,0.309999999999999,0.143333333333335,0.0849235474006139,24.5617433219403,23.8712633447264,24.2165033333334,0.727131857802391,60.9709705639101,23.968404,24.0344473114878,0.937517972384505,1.10518196829413
"7234940","2008-02-25",15.9517482264029,0.300000000000001,0.236666666666668,0.141111111111113,24.5655924533133,23.8957475466868,24.23067,0.608477847057531,60.69897094609,24.006804,24.0698543366228,0.946967721416936,1.07353911891869
"7234939","2008-02-26",18.2824488026467,0.0100000000000016,0.206666666666668,0.195555555555558,24.5761091893225,23.9052308106776,24.24067,0.6480596232667,53.2762742849334,24.023204,24.0618737584064,0.847358198851866,1.02830293490533
"7234938","2008-02-27",20.4466707663016,0.199999999999999,0.170000000000002,0.204444444444447,24.5763612861333,23.9316453805335,24.2540033333334,0.571344085460134,56.9874841707799,24.051204,24.0802905906189,0.822633463343392,0.987169040592939
"7234937","2008-02-28",21.8010131300464,0.0300000000000011,0.080000000000002,0.152222222222225,24.5530577660857,23.9282822339144,24.2406700000001,0.392222625247995,52.9360430719502,24.060404,24.0735851785364,0.737527271951399,0.937240686864631
"7234936","2008-03-02",23.4300399446414,0.399999999999999,0.210000000000001,0.153333333333335,24.5350801182955,23.9389265483713,24.2370033333334,0.941155903335561,59.6583878181386,24.120004,24.1171071547315,0.784935545350818,0.906779658561869
"7234935","2008-03-03",22.0297723278735,0,0.143333333333335,0.144444444444446,24.5558357246004,23.8585042753997,24.2071700000001,-0.103017881690753,41.8935100598327,24.098004,24.0188262007673,0.475103037256508,0.820444334300797
"7234934","2008-03-04",20.729523826589,0.148148148148149,0.182716049382717,0.178683127572018,24.5927427554086,23.7562639112582,24.1745033333334,-0.115082302357554,45.9703059807954,24.080404,23.9656493739983,0.306208514094575,0.717597170259552
"7234933","2008-03-05",20.0178736348089,0,0.0493827160493844,0.125144032921813,24.6401553808587,23.5795179524748,24.1098366666667,-0.272965996415842,39.6104444095426,24.052404,23.8515627907986,-0.000259165590610344,0.57402590308952
"7234932","2008-03-06",19.3570555995846,0.0370370370370372,0.0617283950617301,0.0979423868312778,24.7115817326329,23.4230849340339,24.0673333333334,-0.118808936273888,40.8206332105845,24.006404,23.7620210853588,-0.217951410020734,0.415630440467469
"7234931","2008-03-09",18.179773394425,0,0.012345679012347,0.0411522633744877,24.7686353555836,23.2746979777498,24.0216666666667,-0.0522319825723268,38.1177165706428,23.948004,23.6537516073109,-0.464378087358808,0.239628734902214
"7234930","2008-03-10",17.0865827753482,0.170731707317074,0.0692562481180383,0.047776774064039,24.7792582949319,23.1860750384015,23.9826666666667,0.113352702851297,44.1753603975736,23.908004,23.6065847263361,-0.534702345655957,0.0847625187905795
"7234929","2008-03-11",15.9986310709424,0.195121951219513,0.121951219512197,0.0678510488808613,24.7706307446008,23.1220359220659,23.9463333333334,0.196913601913159,45.003604352523,23.875204,23.5723734294913,-0.56699115021841,-0.0455882150112184
"7234928","2008-03-12",15.5043631245475,0.0292682926829279,0.131707317073173,0.107638261567803,24.7935510658061,23.0027822675273,23.8981666666667,0.067318051287179,40.5931924581997,23.817604,23.4973903055591,-0.701436352345008,-0.176757842477976
"7234927","2008-03-13",15.1325438618791,0.0097560975609754,0.0780487804878068,0.110569105691059,24.8152185168078,22.8827814831923,23.8490000000001,0.0848075153930174,40.0953503545252,23.7752,23.4270715981513,-0.813023853377837,-0.304011044657948
"7234926","2008-03-16",14.5929621434596,0.0341463414634148,0.0243902439024406,0.0780487804878073,24.816743068653,22.7879235980138,23.8023333333334,0.155464663014175,41.0682817448941,23.7344,23.3727953850644,-0.874650496360907,-0.41813893499854
"7234925","2008-03-17",13.7572626312756,0.057142857142858,0.033681765389084,0.045373596593111,24.7947828994877,22.7145504338457,23.7546666666667,0.215736898111103,41.6803118844213,23.6936,23.3297560003892,-0.903051624197315,-0.515121472838295
"7234924","2008-03-18",12.9812559413904,0.12,0.070429732868759,0.0428339140534284,24.7292643056919,22.6637356943082,23.6965000000001,0.248329153869638,43.9777324419781,23.6596,23.3071218670039,-0.877544999120206,-0.587606178094677
"7234923","2008-03-19",12.5973814137387,0.148571428571429,0.108571428571431,0.0708943089430917,24.6765656844856,22.6301009821812,23.6533333333334,0.327344525935127,45.0376033573807,23.6276,23.2941722847368,-0.830497046483269,-0.636184351772396
"7234922","2008-03-23",13.1649690600713,0.333333333333333,0.200634920634922,0.126545360691705,24.6252146444677,22.6294520221991,23.6273333333334,0.499665958937556,50.8460905158584,23.6076,23.3216159801052,-0.684839513258206,-0.645915384069558
"7234921","2008-03-24",13.9376401260293,0.714285714285714,0.39873015873016,0.235978835978838,24.5405475272619,22.6567858060715,23.5986666666667,0.606878344043452,54.4233958958269,23.5956,23.3720671827578,-0.494604091947448,-0.615653125645136
"7234920","2008-03-25",12.9700215425543,0.114285714285715,0.387301587301589,0.328888888888891,24.4406215544993,22.6543784455008,23.5475000000001,0.350244348794129,43.6475164369816,23.5584,23.3317915583901,-0.555174498951738,-0.603557400306456
"7234919","2008-03-26",12.0715185721847,0.257142857142857,0.361904761904763,0.382645502645505,24.3164817997842,22.6788515335492,23.4976666666667,0.405758133251765,46.3702685430086,23.5268,23.3168860172714,-0.545145145296511,-0.591874949304467
"7234918","2008-03-27",11.2371943854129,0.333333333333334,0.234920634920637,0.32804232804233,24.1833264125574,22.7183402541094,23.4508333333334,0.440272473227491,47.8183606027826,23.498,23.3146345483019,-0.503724901875757,-0.574244939818725
"7234917","2008-03-30",11.1795795337086,0.456310679611652,0.348928956695949,0.315251451173784,24.0764947519682,22.7638385813652,23.4201666666667,0.606527007197197,50.3451827225708,23.4716,23.3313499418617,-0.417635292500806,-0.542923010355141
"7234916","2008-03-31",11.0096720446234,0.417475728155339,0.402373247033443,0.328740946216677,23.8066048158086,22.9353951841916,23.3710000000001,0.667200477795733,49.6060738004827,23.4352,23.3405032829468,-0.359103677602945,-0.506159143804702
"7234915","2008-04-01",10.8519008047585,0.611650485436895,0.495145631067964,0.415482611599119,23.777176620811,22.9511567125225,23.3641666666667,0.846036857544423,53.2979029389877,23.4072,23.3751028452205,-0.240859173908869,-0.453099149825536
"7234914","2008-04-02",10.4603993591615,0.271844660194176,0.433656957928805,0.443725278676738,23.7398455430242,22.9594877903093,23.3496666666667,0.526056425098022,46.8320045301037,23.3768,23.3584224658578,-0.264955536427258,-0.41547042714588
"7234913","2008-04-03",10.2322022313657,0.438775510204081,0.440756885278385,0.456519824758385,23.771854927557,22.9601450724431,23.3660000000001,0.80881313696932,50.5255730685824,23.3468,23.3706328037434,-0.21255013574869,-0.374886368866442
"7234912","2008-04-06",10.0203048984124,0.473684210526315,0.394768126974859,0.42306065672735,23.7976035265008,22.9670631401659,23.3823333333334,0.758064913952118,51.4339238289212,23.3256,23.3878817632443,-0.152020806069719,-0.330313256307098
"7234911","2008-04-07",10.1087679276847,0.655913978494623,0.522791233075008,0.452772081776085,23.8460385897512,22.9742947435823,23.4101666666667,0.893655393352927,54.6611575839768,23.2968,23.4268308614784,-0.0415754160758897,-0.272565688260856
"7234910","2008-04-08",10.4226163367502,0.655913978494623,0.595170722505189,0.504243360851686,23.8954571502781,22.966542849722,23.4310000000001,0.879295843677201,54.6611575839768,23.3088,23.4605867466146,0.0452996311566034,-0.208992624377364
"7234909","2008-04-09",9.96645658239439,0.408602150537633,0.573476702508961,0.56381288602972,23.9126658142262,22.9676675191072,23.4401666666667,0.700882196628064,49.760988115564,23.302,23.4591751803993,0.0346198838631739,-0.160270122729257
"7234908","2008-04-10",9.54287966763543,0.913978494623658,0.659498207885306,0.609381877633153,23.9728285706004,22.9871714293997,23.4800000000001,0.946402690761145,58.0391076943661,23.3344,23.5206184896794,0.185403041039489,-0.0911354899755074
"7234907","2008-04-13",9.22873073424538,0.695652173913045,0.67274427302478,0.63523972780635,23.9868460921889,23.0484872411445,23.5176666666667,0.80087991712237,53.7754641013295,23.3556,23.5458693577222,0.230004589244581,-0.0269074741314897
"7234906","2008-04-14",9.01982717532676,0.563106796116506,0.724245821551071,0.685496100820386,24.0247675643684,23.0952324356317,23.5600000000001,0.919564562912193,55.2913267343921,23.3896,23.5797534433592,0.292696978033602,0.0370134163015286
"7234905","2008-04-15",9.23517265068661,0.652173913043479,0.636977627691012,0.677989240755622,24.0992883680593,23.1177116319408,23.6085000000001,1.0346839569657,58.5447390813815,23.4176,23.635786317578,0.405845293796103,0.110779791800444
"7234904","2008-04-16",9.09852203068327,0.528455284552844,0.581245331237611,0.647489593493232,24.1464584303475,23.1622082363193,23.6543333333334,0.946024804123521,56.3372544235771,23.4396,23.6710148085676,0.455878682499078,0.17979956994017
"7234903","2008-04-17",8.97163216925159,0.764227642276424,0.648285613290917,0.62216952407318,24.2309125111439,23.1730874888563,23.7020000000001,1.02119520876996,60.9372301048567,23.4868,23.7402128340919,0.587174522716172,0.261274560495371
"7234902","2008-04-20",8.4580690687662,0.609756097560975,0.634146341463416,0.621225761997315,24.2903191766179,23.1660141567155,23.7281666666667,0.875194743300081,56.7209606470837,23.528,23.7748511228797,0.619186071699396,0.332856862736176
"7234901","2008-04-21",9.13643022149167,0.276422764227642,0.550135501355015,0.610855818703117,24.2895804599759,23.1657528733575,23.7276666666667,0.555465210211507,48.8640775286385,23.5508,23.7502043064957,0.499626881292592,0.366210866447459
"7234900","2008-04-22",8.82731243317953,0.203883495145632,0.363354118978085,0.515878653932172,24.2893487710413,23.2313178956254,23.7603333333334,0.663511296333337,50.1340938347012,23.5752,23.7381770656296,0.423751636115788,0.377719020381125
"7234899","2008-04-23",8.54027448688968,0.485436893203883,0.321914384192387,0.411801334841829,24.2954170469,23.2909162864335,23.7931666666667,0.705906597061437,55.1084042859646,23.6068,23.7664201235457,0.45684873113232,0.393544962531364
"7234898","2008-04-24",8.71953103820755,0.476190476190476,0.388503621513332,0.357924041561268,24.3138676390608,23.3494656942727,23.8316666666667,0.812801802502474,55.1084042859646,23.6364,23.7908974404062,0.477472422884317,0.410330454601955
"7234897","2008-04-27",8.42919456347981,0.333333333333334,0.431653567575899,0.380690524427207,24.322477524894,23.3831891417727,23.8528333333334,0.638934966454378,51.9969077900809,23.6484,23.7921111150187,0.437863630241875,0.415837089729939
"7234896","2008-04-28",8.55729089194469,0.619047619047621,0.476190476190479,0.432115888426571,24.3596061532252,23.4177271801082,23.8886666666667,0.865935196032652,57.2015854806838,23.6644,23.8331629663496,0.502291237250185,0.433127919233988
"7234895","2008-04-29",8.67623748266207,0.808791208791209,0.58705738705739,0.498300476941257,24.4256025190641,23.4234641476026,23.9245333333334,0.941855149558005,60.6618582474364,23.71464,23.8988745708363,0.622274724012861,0.470957280189763
"7234894","2008-04-30",8.33646578582056,0.450549450549451,0.626129426129429,0.563125763125766,24.4031454949177,23.5235878384158,23.9633666666667,0.708400209633731,53.8930908521232,23.74584,23.9123579613915,0.600136331575807,0.496793090466972
"7234893","2008-05-01",8.0209634958963,0.450549450549451,0.569963369963372,0.594383394383397,24.4025712269721,23.5741621063613,23.9883666666667,0.654875165914828,53.8930908521232,23.77384,23.9240435665393,0.575920876506841,0.512618647674945
"7234892","2008-05-04",8.55457692620929,0.12087912087912,0.340659340659342,0.512250712250715,24.3810321599515,23.6197011733819,24.0003666666667,0.284981824084638,48.1580585071352,23.78424,23.8941710910007,0.450332376312801,0.500161393402517
"7234891","2008-05-05",8.0272916673174,0.24175824175824,0.271062271062272,0.393894993894996,24.3782842497506,23.6511157502495,24.0147000000001,0.534792486221978,50.2486249831336,23.80064,23.8829482788673,0.383505738397361,0.476830262401485
"7234890","2008-05-06",7.48053882581846,0.219780219780219,0.194139194139195,0.26862026862027,24.3733232930304,23.6650767069697,24.0192000000001,0.294045365643014,49.8549723166615,23.80824,23.8705551750183,0.320096826793681,0.445483575279925
"7234889","2008-05-07",6.97283975871229,0.307692307692309,0.256410256410258,0.240537240537242,24.344086397471,23.7226469358624,24.0333666666667,0.306846296785419,51.4919673120958,23.83304,23.8704811516825,0.293507050616304,0.415088270347201
"7234888","2008-05-08",6.66086527148145,0.263736263736262,0.263736263736265,0.23809523809524,24.3445514524654,23.7205152142014,24.0325333333334,0.292960741575725,50.6024675041387,23.84824,23.8650836647915,0.255961561809226,0.383262928639606
"7234887","2008-05-11",6.92723047651792,0.297619047619048,0.289682539682541,0.269943019943022,24.3368319324517,23.7499014008818,24.0433666666667,0.454509096794408,52.3744564098937,23.86464,23.871072509486,0.250370287196033,0.356684400350891
"7234886","2008-05-12",7.17456959548035,0.449999999999999,0.337118437118438,0.296845746845749,24.3435478979804,23.7598521020197,24.0517000000001,0.61130226929198,55.5911605780591,23.87984,23.8962628415545,0.293219212495655,0.343991362779844
"7234885","2008-05-13",7.43703644746276,0.624999999999999,0.457539682539684,0.361446886446888,24.3540344804448,23.7573655195553,24.0557000000001,0.764188928310094,58.4143263328641,23.90064,23.9367611293473,0.370033818021875,0.34919985382825
"7234884","2008-05-14",8.34200258563386,0.624999999999999,0.566666666666668,0.45377492877493,24.3794015206131,23.750998479387,24.0652000000001,0.847123293527782,58.4143263328641,23.93064,23.9718596454343,0.425812574530071,0.364522397968614
"7234883","2008-05-15",9.33033189802365,0.624999999999999,0.625000000000001,0.549735449735451,24.387920904184,23.7471457624828,24.0675333333334,0.862789770604131,58.4143263328641,23.94184,24.0022783593764,0.464514165396634,0.384520751454218
"7234882","2008-05-18",10.2480662595285,0.674999999999998,0.641666666666667,0.611111111111113,24.4120105641451,23.739389435855,24.0757000000001,0.853294482344594,59.3368011101608,23.96304,24.0339745781262,0.50269750098586,0.408156101360547
"7234881","2008-05-19",11.1663320440608,0.662500000000001,0.654166666666668,0.640277777777779,24.4264202677868,23.7773130655467,24.1018666666667,0.825780804675757,58.9845327847564,23.98024,24.0601113010427,0.523444332416423,0.431213747571722
"7234880","2008-05-20",10.8905150983747,0.375000000000001,0.570833333333335,0.622222222222224,24.4296815686071,23.7973850980597,24.1135333333334,0.584032310487649,51.4228549639898,23.98024,24.0520964609037,0.45744387510569,0.436459773078516
"7234879","2008-05-21",10.6343993630947,0.375000000000001,0.470833333333336,0.56527777777778,24.4293287849442,23.8027378817226,24.1160333333334,0.394614918611363,51.4228549639898,23.98424,24.0451502661165,0.400526396575573,0.429273097777927
"7234878","2008-05-22",10.1563469676993,0.225352112676056,0.325117370892021,0.455594679186231,24.4271566602395,23.7892433397606,24.1082000000001,0.29380688706322,49.8128294012484,23.97464,24.0324635639677,0.334781105479909,0.410374699318323
"7234877","2008-05-26",11.0536103221027,0.225352112676056,0.275234741784039,0.357061815336465,24.427733448363,23.7999965516371,24.1138650000001,0.472549539852452,49.8128294012484,23.97264,24.0214684221053,0.279453977070299,0.384190554868719
"7234876","2008-05-27",11.094026436435,0,0.150234741784039,0.250195618153367,24.4235058295138,23.765890837153,24.0946983333334,0.127900312225381,44.3387811528071,23.98024,23.9892726324913,0.176413044064638,0.342635052707903
"7234875","2008-05-28",10.7821462627535,0,0.0751173708920203,0.166862284820033,24.398505509221,23.7304911574457,24.0644983333334,0.0491638776926235,41.9997303147906,23.98184,23.9507029481591,0.0669521867608491,0.287498479518492
"7234874","2008-05-29",10.7567632470064,0.100000000000002,0.0333333333333356,0.0862284820031319,24.3946355811402,23.7036944188599,24.0491650000001,0.197275236418496,45.1177068548292,23.97504,23.9279425550712,0.00699633087528628,0.231398049789851
"7234873","2008-06-01",10.922600705637,0.0625000000000008,0.0541666666666692,0.054205790297342,24.3910943971657,23.6792356028345,24.0351650000001,0.221154904716913,44.1590168983275,23.96704,23.9042168810617,-0.050113349336478,0.175095769964585
"7234872","2008-06-02",11.0765926315083,0.3125,0.158333333333336,0.0819444444444472,24.387460925993,23.6958690740071,24.0416650000001,0.391556944868529,51.5502385577785,23.97304,23.9103212969202,-0.0275458040821075,0.134567455155246
"7234871","2008-06-03",11.7630862066648,0,0.125000000000002,0.112500000000003,24.4037157629691,23.643614237031,24.0236650000001,0.0478696091605202,35.751969157387,23.94224,23.8329451239975,-0.216809054804157,0.0642921531633658
"7234870","2008-06-04",12.6262486068243,0,0.104166666666668,0.129166666666669,24.4515308949638,23.5547991050363,24.003165,-0.101999028840417,34.2916422058415,23.8992,23.7552191074645,-0.390068462741644,-0.0265799700176361
"7234869","2008-06-05",13.4277565498296,0.280000000000001,0.0933333333333353,0.107500000000002,24.4600104804949,23.5233195195051,23.991665,0.170828822410222,44.8962380900603,23.8832,23.7345232264692,-0.404107306288237,-0.102085437271756
"7234868","2008-06-08",13.7348962386961,0.4,0.226666666666669,0.141388888888891,24.4605215559914,23.5138084440087,23.9871650000001,0.316384008559193,48.7162210661152,23.8732,23.7365867962733,-0.360084033626018,-0.153685156542609
"7234867","2008-06-09",14.7768868085792,0.2,0.293333333333335,0.204444444444447,24.4654541450951,23.4705425215716,23.9679983333334,0.163623389166147,43.3253859174858,23.8652,23.7050418901035,-0.405609145279195,-0.204069954289926
"7234866","2008-06-10",16.6358180993667,0,0.200000000000002,0.240000000000002,24.5140478541742,23.3312821458259,23.922665,-0.102541141470292,36.6810382380071,23.8376,23.6270363047564,-0.565035160802785,-0.276262995592498
"7234865","2008-06-11",17.668912649542,0.0157492715961883,0.0719164238653977,0.188416585732912,24.5146692150705,23.2366607849296,23.875665,0.0286950755087529,37.2266905726227,23.8116,23.5620981307889,-0.677371868774557,-0.35648477022891
"7234864","2008-06-12",18.6524436709733,0.00787463579809277,0.00787463579809528,0.0932636865544985,24.4898072463596,23.1578227536404,23.823815,0.0664501577733827,37.0547490388231,23.782,23.5044850466837,-0.761540873541544,-0.437495990891436
"7234863","2008-06-15",18.5810547056117,0.150793650793649,0.058139186062645,0.0459767485753797,24.429091200559,23.1325387994411,23.780815,0.237137504271937,42.2273157647882,23.7612,23.4785537071259,-0.757947788910807,-0.501586350495311
"7234862","2008-06-16",17.5642675149025,0.23031746031746,0.129661915636402,0.0652252458323811,24.3499122994712,23.1460643671955,23.7479883333334,0.424252614563203,44.9397618684637,23.741208,23.4694398795091,-0.712495958086079,-0.543768272013464
"7234861","2008-06-17",16.6201079806725,0.317460317460317,0.232857142857143,0.140219414852064,24.2582816110425,23.1690283889576,23.713655,0.420139475771407,47.8302842954308,23.719608,23.4761812289079,-0.631434318798629,-0.561301481370497
"7234860","2008-06-18",16.4749344670221,0,0.182592592592594,0.18170388369538,24.2094050129548,23.123571653712,23.6664883333334,0.0918756812655939,38.6709608446488,23.674008,23.4206903983868,-0.717294956745729,-0.592500176445544
"7234859","2008-06-19",16.3401304900611,0.0984848484848504,0.138648388648391,0.184699374699376,24.1686673896455,23.083975943688,23.6263216666667,0.149988020634831,42.0484627183473,23.633608,23.3899316786019,-0.732380455130643,-0.620476232182564
"7234858","2008-06-22",15.4357350403844,0,0.032828282828285,0.11802308802309,24.1342277750417,23.0417488916251,23.5879883333334,0.154008567972249,39.0220395356847,23.586408,23.3406074547883,-0.79411128191903,-0.655203242129857
"7234857","2008-06-23",14.6567355851001,0,0.032828282828285,0.0681016514349872,24.0753596717719,22.9976203282281,23.53649,0.0640658976144318,38.6694147065837,23.536808,23.2951931274832,-0.840599712488077,-0.692282536201501
"7234856","2008-06-24",15.9999646719307,0.285714285714285,0.0952380952380966,0.0536315536315558,24.058232412508,23.0030809208254,23.5306566666667,0.692083002549165,48.6615894772556,23.503608,23.3091673771521,-0.730569477584408,-0.699939924478083
"7234855","2008-06-25",16.3975624481322,0.0714285714285725,0.119047619047621,0.0823713323713344,24.0340712740808,23.000575392586,23.5173233333334,0.480012821495879,43.0027763250599,23.467608,23.2812783935318,-0.738786827493598,-0.707709305081186
"7234854","2008-06-26",16.4975448967976,0,0.119047619047621,0.111111111111113,23.9982739461874,22.971039387146,23.4846566666667,0.20991046068569,41.2795685641816,23.427608,23.2437746077276,-0.771260091147308,-0.72041946229441
"7234853","2008-06-29",16.5903857419868,0.128571428571429,0.0666666666666686,0.101587301587304,23.9508922757653,22.9637543909015,23.4573233333334,0.330496493044159,45.5120838399099,23.396808,23.2352713266973,-0.726247721030904,-0.721585114041709
"7234852","2008-06-30",17.3162265935212,0.357142857142857,0.161904761904764,0.115873015873018,23.8820644827832,22.9975821838836,23.4398233333334,0.699939934980388,52.1194795286001,23.378808,23.2705684831376,-0.572884543723473,-0.691844999978062
"7234851","2008-07-01",17.0899580993839,0.128571428571429,0.204761904761906,0.144444444444446,23.852804964736,22.9875083685975,23.4201566666667,0.345729197831394,46.0993038228262,23.354808,23.2584926853859,-0.555931659334985,-0.664662331849446
"7234850","2008-07-02",16.9608511418248,0.153571428571429,0.21309523809524,0.19325396825397,23.8473117731539,22.9790015601795,23.4131566666667,0.396553867510441,46.8228017611521,23.335408,23.2526936606678,-0.524334146929295,-0.636596694865416
"7234849","2008-07-06",16.2560906319808,0,0.0940476190476206,0.170634920634923,23.819997123846,22.9479828761541,23.3839900000001,0.174328715669827,43.0041634437683,23.304208,23.2190011725788,-0.567453095802439,-0.622767975052821
"7234848","2008-07-07",15.9378727968524,0.178571428571429,0.110714285714287,0.139285714285716,23.748611132469,22.9697022008644,23.3591566666667,0.445449335248317,48.2855645155661,23.284208,23.2231343495683,-0.508966263261812,-0.600007632694619
"7234847","2008-07-08",17.2602446266906,0,0.0595238095238112,0.08809523809524,23.7232130677068,22.97843359896,23.3508233333334,0.65554044948126,43.9043157470386,23.246208,23.1933831029592,-0.543280739565744,-0.588662254068844
"7234846","2008-07-09",18.4881613258262,0,0.0595238095238112,0.0765873015873035,23.7354848557948,22.9481618108719,23.3418233333334,0.10394486692064,43.9043157470386,23.233008,23.1675986892313,-0.564102757305041,-0.583750354716083
"7234845","2008-07-10",19.197028358267,0,1.58206781009085e-15,0.0396825396825416,23.7609682837401,22.8853450495933,23.3231566666667,0.0167365938170697,41.296852646418,23.217008,23.1252521973338,-0.625832456902153,-0.592166775153297
"7234844","2008-07-13",21.5072172380079,0,1.58206781009085e-15,0.0198412698412717,23.7612743253713,22.8764056746289,23.3188400000001,0.3204931320973,35.9341920480928,23.173008,23.0418852376893,-0.788431051255867,-0.631419630373811
"7234843","2008-07-14",23.0515678709423,0,1.58206781009085e-15,1.84574577843932e-15,23.79267589873,22.7726707679368,23.2826733333334,-0.0549057054512773,32.6707281070316,23.113008,22.9363005393307,-0.994647760714151,-0.704065256441879
"7234842","2008-07-15",23.9089519664317,0,1.58206781009085e-15,1.84574577843932e-15,23.8987053861238,22.5126279472097,23.2056666666667,-0.28567038855579,29.7600799479929,23.053008,22.8114604674199,-1.23369730887039,-0.809991666927581
"7234841","2008-07-16",25.1623198801867,0.0604838709677414,0.020161290322582,0.00672043010752866,23.8974929159895,22.387840417344,23.1426666666667,-0.0140255791954038,33.5834234420855,23.014208,22.7232657384306,-1.35606032455228,-0.91920539845252
"7234840","2008-07-17",26.255164982649,0.0483870967741939,0.0362903225806467,0.018817204301077,23.9302056369806,22.2657943630195,23.0980000000001,0.0385755840428236,33.1942556218257,22.973408,22.6428303066399,-1.44810625758495,-1.02498557027901
"7234839","2008-07-20",27.2699497206497,0.201612903225806,0.103494623655915,0.0533154121863817,23.9253460112478,22.2009873220857,23.0631666666667,0.202401437768106,42.3130343477809,22.948208,22.6237862657545,-1.37029747096722,-1.09404795041665
"7234838","2008-07-21",27.5981970625859,0.10483870967742,0.118279569892475,0.086021505376346,23.9308470006914,22.1118196659753,23.0213333333334,0.143765661112959,38.7184160505493,22.906208,22.5752814303206,-1.37865486582641,-1.1509693334986
"7234837","2008-07-22",27.9029981658125,0.161290322580645,0.155913978494625,0.125896057347672,23.9340933593103,22.0452399740231,22.9896666666667,0.205465052149199,41.8231900378656,22.8658,22.5519105729445,-1.3202833195376,-1.1848321307064
"7234836","2008-07-23",29.9250887747537,0.217741935483871,0.161290322580647,0.145161290322583,23.8457243546798,22.0756089786536,22.9606666666667,0.608844129188424,44.8331641983679,22.8266,22.5503224965519,-1.21003375725048,-1.18987245601522
"7234835","2008-07-24",31.8027443401992,0.362903225806451,0.24731182795699,0.188172043010754,23.7927419826002,22.0872580173999,22.9400000000001,0.584042615619926,51.7466835093673,22.8202,22.5969461636783,-0.982560413664491,-1.14841004754507
"7234834","2008-07-27",32.1667312746227,0.10483870967742,0.228494623655915,0.212365591397851,23.7695356951288,22.0457976382046,22.9076666666667,0.286703864203839,41.7335763300772,22.783,22.5520200085212,-1.01926785499235,-1.12258160903453
"7234833","2008-07-28",32.5047191423017,0.10483870967742,0.190860215053765,0.222222222222224,23.7278634946158,22.0111365053843,22.8695000000001,0.300298279526162,41.7335763300772,22.7526,22.5130840073851,-1.03674080642405,-1.10541344851243
"7234832","2008-07-29",32.9745472799381,0.362903225806451,0.190860215053765,0.203405017921149,23.6296821246381,22.0483178753619,22.839,0.606026594912183,52.4129241165958,22.7486,22.5646728064004,-0.812095163215409,-1.04674979145303
"7234831","2008-07-30",33.5387048146991,0.362903225806451,0.276881720430109,0.219534050179213,23.597518029502,22.0568153038314,22.8271666666667,0.644630972361194,52.4129241165958,22.7286,22.6093830988803,-0.626975144799169,-0.962794862122256
"7234830","2008-07-31",34.2113747203771,0.420168067226891,0.381991506279933,0.283244480587936,23.5723350302475,22.0663316364193,22.8193333333334,0.730632503722562,53.9426537216927,22.7246,22.661465352363,-0.439700329598069,-0.858175955617418
"7234829","2008-08-03",35.4489657168493,0.256302521008403,0.346457938013917,0.33511038824132,23.5775120306148,22.065154636052,22.8213333333334,0.710708571804705,47.5260311946212,22.709,22.6546033053812,-0.425270336957717,-0.771594831885478
"7234828","2008-08-04",36.5981573564307,0.402654867256638,0.359708485163979,0.362719309819276,23.5610997433372,22.0719002566629,22.8165000000001,0.770950939488331,53.8875620034435,22.703,22.7046561979971,-0.261439171562372,-0.669563699820857
"7234827","2008-08-05",37.6652638788991,0.402654867256638,0.353870751840561,0.353345725006152,23.507131897597,22.0978681024031,22.8025000000001,0.772600962273175,53.8875620034435,22.6842,22.7480353715975,-0.13029562543877,-0.56171008494444
"7234826","2008-08-06",37.92470121299,0.235849056603774,0.347052930372351,0.353544055792297,23.4912867168811,22.0963799497856,22.7938333333334,0.545044826518489,49.4206252997038,22.6674,22.7496306553845,-0.120755800276606,-0.473519228010873
"7234825","2008-08-07",37.6493746948922,0.141509433962263,0.26000445260756,0.320309378273491,23.4817800035435,22.0895533297899,22.7856666666667,0.464804581808546,46.3553330733834,22.6412,22.7243465679999,-0.182043369574769,-0.415224056323652
"7234824","2008-08-10",37.3937143566585,0.349056603773585,0.242138364779875,0.283065249253262,23.4603133696714,22.0953532969953,22.7778333333334,0.665206297615606,53.2284367850961,22.6412,22.7611003589332,-0.073718154217628,-0.346922875902447
"7234823","2008-08-11",36.5199166414411,0.235849056603774,0.242138364779875,0.248093727389104,23.466386661326,22.1016133386741,22.7840000000001,0.541032455038859,49.5028092217214,22.6216,22.7609536444088,-0.0721359792621556,-0.291965496574389
"7234822","2008-08-12",35.3502684076104,0.185567010309278,0.256824223562214,0.247033651040655,23.4249312303146,22.1970687696855,22.8110000000001,0.37430731186756,47.417843118158,22.6064,22.7421598251543,-0.119146699452144,-0.25740173714994
"7234821","2008-08-13",34.2991172504165,0.195876288659794,0.205764118524283,0.234908902288791,23.409657973642,22.2433420263581,22.8265000000001,0.371532809199507,47.7563668873662,22.592,22.7285385151337,-0.147648616213347,-0.235451112962621
"7234820","2008-08-14",33.7390136689738,0.283505154639174,0.221649484536084,0.228079275540861,23.3903735626032,22.3166264373969,22.8535000000001,0.515366746613429,50.663865395698,22.5904,22.7394000464492,-0.108665389553175,-0.210093968280732
"7234819","2008-08-17",33.1892750058964,0.146341463414635,0.208574302237869,0.211995968432746,23.3876725329145,22.350660800419,22.8691666666667,0.494374862742053,50.4858769558943,22.6024,22.747480040256,-0.0803972989399604,-0.184154634412578
"7234818","2008-08-18",33.1076534080527,0.146341463414635,0.192062693822816,0.20742882686559,23.3643012672081,22.4313653994587,22.8978333333334,0.552343719457461,50.4858769558943,22.6244,22.7544827015552,-0.057337160145754,-0.158791139559213
"7234817","2008-08-19",32.6066590740793,0.0640243902439027,0.118902439024393,0.173179811695026,23.3349171926131,22.503082807387,22.9190000000001,0.425065211969511,47.8537169460506,22.651,22.7425516746812,-0.0859448268700325,-0.144221877021377
"7234816","2008-08-20",32.1414500496754,0.0670731707317091,0.0924796747967506,0.134481602547987,23.3058161437488,22.497850522918,22.9018333333334,0.386340048430573,47.9619312006567,22.6718,22.732878118057,-0.105643303909109,-0.136506162398923
"7234815","2008-08-21",31.8097530452134,0.134615384615385,0.0885709818636671,0.0999843652282704,23.2858057885154,22.4941942114848,22.8900000000001,0.445259348661958,48.6504779839464,22.695,22.7284943689827,-0.10935614872648,-0.131076159664435
"7234814","2008-08-24",32.6801993628882,0.107692307692308,0.103126954346469,0.0947258703356292,23.287345945731,22.5473207209357,22.9173333333334,0.728821028877923,48.6504779839464,22.703,22.724695119785,-0.111022559145679,-0.127065439560684
"7234813","2008-08-25",32.1487692192289,0,0.0807692307692326,0.0908223889931231,23.2831900998412,22.5541432334922,22.9186666666667,-0.00111090273651868,39.7124828890529,22.703,22.6627357704804,-0.265763942460695,-0.154805140140686
"7234812","2008-08-26",31.6552983715454,0.149999999999999,0.0858974358974374,0.0899312070043799,23.2798398570316,22.5232434763019,22.9015416666667,0.186259403235437,45.5848851746321,22.707,22.6410376677497,-0.29974674424611,-0.183793460961771
"7234811","2008-08-27",31.9626875832379,0.374999999999999,0.175000000000001,0.113888888888891,23.2820485714181,22.522701428582,22.9023750000001,0.716359102969685,52.9829733643126,22.7198,22.670232645383,-0.196178142208236,-0.186270397211064
"7234810","2008-08-28",32.2481204226666,0.431249999999999,0.318750000000001,0.193215811965813,23.2731593252804,22.5265906747197,22.8998750000001,0.790384101319812,54.643198804271,22.7218,22.707534959332,-0.0812448278721511,-0.165265283343281
"7234809","2008-09-01",32.5131652021361,0.4625,0.422916666666668,0.305555555555557,23.2637956240793,22.5302877092542,22.8970416666667,0.753973628506818,55.5815966990816,22.7514,22.7465302980877,0.0271338127601162,-0.126785464122602
"7234808","2008-09-02",32.9981572696098,0.468750000000001,0.454166666666668,0.398611111111112,23.2471458866516,22.5389374466818,22.8930416666667,0.84870854312865,55.7786534186613,22.7814,22.781659591676,0.115088364854632,-0.0784106983271551
"7234807","2008-09-03",31.6461686247434,0.1,0.343750000000002,0.406944444444446,23.2115160516235,22.5172339483766,22.8643750000001,0.138415471905862,43.5131467663248,22.7622,22.7334383127859,-0.0240534070778953,-0.0675392400773032
"7234806","2008-09-04",29.6536093097726,0,0.189583333333335,0.329166666666669,23.2829530547553,22.3804636119115,22.8317083333334,-0.196268532538215,35.5276093278346,22.7206,22.6169798710811,-0.330284146323501,-0.120088221326543
"7234805","2008-09-07",27.8033756601568,0.0975000000000001,0.0658333333333351,0.199722222222224,23.3421144626114,22.2626355373887,22.8023750000001,-0.104342507071596,39.6789092587898,22.6828,22.5420492216036,-0.498801087645351,-0.195830794590304
"7234804","2008-09-08",26.311184804711,0.0449999999999999,0.0475000000000016,0.100972222222224,23.3691088550174,22.144974478316,22.7570416666667,-0.0394628339574161,38.2507087116098,22.6564,22.4631093253898,-0.663108930034662,-0.289286421679176
"7234803","2008-09-09",24.9255790103684,0.0700000000000003,0.0708333333333351,0.0613888888888909,23.3989902112339,22.0374264554329,22.7182083333334,0.0190272969518345,39.3698464141489,22.6152,22.4013614153378,-0.767205122044035,-0.384870161752147
"7234802","2008-09-10",24.6077971799104,0,0.038333333333335,0.0522222222222242,23.4833350364307,21.8574149635694,22.6703750000001,-0.096815929759928,33.2664622762283,22.5552,22.2851798932928,-1.00873252841504,-0.509642635084725
"7234801","2008-09-11",24.312714051628,0.0386266094420601,0.0362088698140217,0.0484585121602309,23.5314892777553,21.7159273889115,22.6237083333334,0.0150950207703031,35.3338102891855,22.5096,22.1964892408537,-1.15571835544707,-0.638857779157193
"7234800","2008-09-14",23.504376296087,0,0.0128755364806883,0.0291392465426819,23.5166538425645,21.6477628241023,22.5822083333334,0.20987696554959,34.193056170425,22.4684,22.1076240087399,-1.29127229257956,-0.769340681841666
"7234799","2008-09-15",21.9389949670397,0,0.0128755364806883,0.0206533142584664,23.5907260301467,21.4123539698534,22.5015400000001,-0.0745452561326206,28.381916274583,22.3884,21.9599408075746,-1.57642437587,-0.930757420647333
"7234798","2008-09-16",21.7045236447352,0,1.60288449180257e-15,0.00858369098712634,23.7422066562294,21.0212066771041,22.3817066666667,-0.173174083321944,22.2383031678474,22.286,21.7252820332313,-2.07846743545766,-1.1602994236094
"7234797","2008-09-17",20.1554416453356,0.0338461538461537,0.0112820512820528,0.00805252925424785,23.7707209051463,20.7960257615205,22.2833733333334,0.0315912165590817,24.6533926536167,22.1936,21.5365777621338,-2.41432911414371,-1.41110536171626
"7234796","2008-09-18",18.865167182566,0.484375,0.172740384615386,0.0613408119658138,23.7135747809577,20.7605052190424,22.2370400000001,0.380224065417104,47.5976039661655,22.158,21.565034060516,-2.11841464700312,-1.55256721877363
"7234795","2008-09-21",18.7538782671945,0.15625,0.22482371794872,0.136282051282053,23.6742840097987,20.6287959902014,22.15154,0.166761672742501,38.4123392343193,22.0736,21.4496961857805,-2.2523435553487,-1.69252248608865
"7234794","2008-09-22",18.7412140234861,0.146853146853147,0.262492715617718,0.220018939393941,23.5931166416348,20.492630025032,22.0428733333334,0.135689445020837,37.8135969244971,21.9864,21.3390700276764,-2.36367948397891,-1.8267538856667
"7234793","2008-09-23",18.729454368614,0.227272727272728,0.17679195804196,0.221369463869466,23.5569517115579,20.3784616217756,21.9677066666667,0.211275907508157,40.6765744953463,21.9084,21.2738606906529,-2.33948426792432,-1.92929996211822
"7234792","2008-09-24",17.7209399084189,0.20979020979021,0.194638694638697,0.211307789432792,23.4829562813676,20.3077037186325,21.8953300000001,0.286254273240517,40.2428261487135,21.8338,21.2106792652325,-2.31355051481369,-2.00615007265732
"7234791","2008-09-25",17.4241156887452,0.0384615384615383,0.158508158508161,0.176646270396273,23.3607070982822,20.1822862350512,21.7714966666667,0.128275575354214,36.1720489874073,21.7394,21.0905886965349,-2.4530907122999,-2.09553820058583
"7234790","2008-09-28",17.6191872954978,0,0.0827505827505845,0.145299145299148,23.2283058323224,20.0240208343444,21.6261633333334,0.0580407690866958,33.2180422305937,21.6278,20.9331768703302,-2.68946050565143,-2.21432266159895
"7234789","2008-09-29",17.8003252160539,0.0317460317460322,0.0234025234025252,0.088220421553757,23.0633187404533,19.8913412595468,21.47733,0.0678836493688857,34.6547779986874,21.5202,20.8100866209528,-2.80956270189228,-2.33337066965762
"7234788","2008-09-30",17.7745621679666,0.0285714285714285,0.0201058201058219,0.0420863087529775,22.7747560402925,19.9445706263743,21.3596633333334,0.297540944190849,34.5746728335925,21.4298,20.7020750714925,-2.87819512494313,-2.44233556071472
"7234787","2008-10-01",17.8268103804429,0.13968253968254,0.0666666666666686,0.0367250033916722,22.5787114449627,19.9839485550374,21.2813300000001,0.409562706386578,39.8181086776677,21.3438,20.6551317286268,-2.76576193699458,-2.50702083597069
"7234786","2008-10-02",17.6741690640365,0.118577075098814,0.0956103477842627,0.0607942781855847,22.457820276978,19.9455063896887,21.2016633333334,0.264494661146115,38.4893228106353,21.2378,20.5957808314766,-2.7010394590456,-2.54582456058567
"7234785","2008-10-05",17.0318761434911,0,0.0860865382604532,0.0827878509037952,22.497413045717,19.6159136209498,21.0566633333334,-0.126987226790576,27.996582980756,21.0698,20.349676720613,-3.191175864485,-2.67489482136554
"7234784","2008-10-06",16.4354612886989,0.203252032520325,0.107276369206382,0.0963244184170328,22.41394915073,19.4563775159368,20.9351633333334,0.0711019636028479,37.4326211092043,20.9298,20.236386491198,-3.2513000808538,-2.79017587326319
"7234783","2008-10-07",16.6003812072793,0.00271002710027143,0.0686540198735339,0.0873389757801232,22.3652764247151,19.2140502419517,20.7896633333334,-0.0192677088526624,32.8572813813535,20.7598,20.0395349590382,-3.55853523252605,-2.94384774511576
"7234782","2008-10-08",17.80518502325,0,0.0686540198735339,0.0815281363178167,22.5152768523333,18.7043831476668,20.6098300000001,-0.157718860958385,26.3813507680021,20.5582,19.6849302978331,-4.32393173502325,-3.21986454309726
"7234781","2008-10-09",19.8361654672242,0,0.00090334236675881,0.0460704607046091,22.8817626783023,17.8178939883644,20.3498283333334,-0.251703601812801,20.9642712684799,20.3118,19.153606258122,-5.59358885792069,-3.69460940606195
"7234780","2008-10-12",21.569956844082,0.252225519287834,0.0840751730959462,0.0512108451120799,22.7868015868598,17.4805217464736,20.1336616666667,0.0445029149039103,35.4159358921821,20.1256,18.9197920903724,-5.84692770890808,-4.12507306663117
"7234779","2008-10-13",21.7454144490159,0.415430267062315,0.222551928783384,0.10251014808203,22.6705887776295,17.3580712223706,20.0143300000001,0.283342519870386,42.714949300174,19.9876,18.8638198116561,-5.52151118256423,-4.40436068981779
"7234778","2008-10-14",21.7918405580695,0.415430267062315,0.361028684470823,0.222551928783385,22.618731317977,17.2449320153565,19.9318316666667,0.307994628152518,42.714949300174,19.8476,18.8153105034353,-5.20484698611876,-4.56445794907798
"7234777","2008-10-15",21.8349505164764,0.415430267062315,0.415430267062316,0.333003626772175,22.5210070398347,17.1286562934987,19.8248316666667,0.300674748875148,42.714949300174,19.7264,18.7732691029773,-4.89842767491544,-4.63125189424547
"7234776","2008-10-16",21.8268069581082,0.465875370919881,0.432245301681505,0.402901417738215,22.2252683034241,17.135061696576,19.6801650000001,0.364413165651952,45.1097759181895,19.6152,18.7821665559136,-4.45849339488292,-4.59670019437296
"7234775","2008-10-19",20.9907206129051,0.523738872403561,0.468348170128587,0.438674579624137,22.0539904517877,17.1413395482124,19.5976650000001,0.477405613484035,47.8052193679837,19.5232,18.8418776817918,-3.89725319737676,-4.45681079497372
"7234774","2008-10-20",19.7339758882903,0.623145400593472,0.537586547972306,0.479393339927467,21.9494104613837,17.1629195386164,19.5561650000001,0.610136703869168,52.1522400887465,19.4792,18.9829606575529,-3.13043979842499,-4.19153659566398
"7234773","2008-10-21",18.5669986440052,0.735551663747811,0.627478645581616,0.544471121227503,21.8159807266015,17.1996826067319,19.5078316666667,0.624667352870806,52.1522400887465,19.4672,19.1052325698792,-2.4951052518706,-3.8522503269053
"7234772","2008-10-22",17.5866003605574,0.811320754716981,0.723339273019423,0.629468155524449,21.6709364433617,17.2563968899717,19.4636666666667,0.697000537915396,52.8322331989861,19.4548,19.2245348938953,-1.92831638283718,-3.46746353809168
"7234771","2008-10-23",16.6762305259273,0.811320754716981,0.786064391060593,0.712294103220544,21.6303049475752,17.2680283857582,19.4491666666667,0.695043418562827,52.8322331989861,19.3848,19.3279302413759,-1.46327543012246,-3.06662591649783
"7234770","2008-10-26",15.9431905215652,0.839622641509434,0.820754716981134,0.776719460353717,21.6591531886194,17.2615134780474,19.4603333333334,0.721255051354215,53.9702333027482,19.3628,19.4375395425258,-1.0215622849131,-2.65761319018089
"7234769","2008-10-27",15.2625105175147,0.881132075471698,0.844025157232706,0.816948088424811,21.6964684939354,17.254864839398,19.4756666666667,0.71110993676996,55.6599326659581,19.3528,19.5618676035224,-0.575331641874266,-2.24115688051956
"7234768","2008-10-28",14.3364166119006,0.841509433962264,0.854088050314467,0.839622641509436,21.620906692401,17.2790933075991,19.4500000000001,0.689628908560485,53.6359448240979,19.3252,19.6416185897194,-0.305759500416414,-1.85407740449893
"7234767","2008-10-29",14.1062249745978,0.772222222222222,0.831621243885396,0.84324481714419,21.5181374446205,17.3225292220462,19.4203333333334,0.746209833044451,53.8082210287694,19.3004,19.7134027777568,-0.0836109397883034,-1.49998411155681
"7234766","2008-10-30",15.0523246304984,0.610958904109589,0.741563520098027,0.809090938099297,21.6294536217441,17.270546378256,19.45,0.902241487462855,58.3873856837996,19.3172,19.8489490740559,0.311715960929759,-1.13764409705949
"7234765","2008-11-02",15.930845739549,0.783561643835617,0.722247590055811,0.765144118013078,21.9304314996422,17.2019018336913,19.5661666666667,0.924480083337487,62.9216284320049,19.3752,20.0504225308484,0.86596706205504,-0.736921865236588
"7234764","2008-11-03",16.1808240823227,0.684931506849315,0.693150684931509,0.718987265028449,22.1351361355952,17.1631971977383,19.6491666666667,0.837393524129445,58.967599446224,19.4148,20.1770328600686,1.14343431760604,-0.360850628668062
"7234763","2008-11-04",16.4129468291839,0.712990936555891,0.727161362413609,0.71418654580031,22.3257229719172,17.1839436947495,19.7548333333334,0.794029216704546,60.4543918444005,19.4628,20.3134284787262,1.42390245201243,-0.00390001253196431
"7234762","2008-11-05",15.9373085245773,0.523972602739727,0.640631682048313,0.686981243131144,22.395584893995,17.3947484393384,19.8951666666667,0.702932717863291,55.674813939106,19.4792,20.3729713482293,1.45343097901474,0.287566185777376
"7234761","2008-11-06",15.7297043455884,0.537777777777778,0.591580439024467,0.653124494495463,22.1609751168568,18.0956948831433,20.128335,0.765253956596636,58.4864045735892,19.5152,20.4712418351321,1.59552240926593,0.549157430475086
"7234760","2008-11-09",15.662199363374,0.568888888888889,0.543546423135466,0.591919514736082,22.0701541613136,18.5435158386865,20.306835,0.777837299158226,59.0459216638019,19.6124,20.5657429237812,1.71427297686289,0.782180539752646
"7234759","2008-11-10",15.7288925611221,0.548837209302326,0.551834625322999,0.562320495827644,22.1141574560812,18.7451792105856,20.4296683333334,0.76427349830977,59.0459216638019,19.6796,20.647643867277,1.78639157686147,0.98302274717441
"7234758","2008-11-11",15.1910971685091,0,0.37257536606374,0.489318804840735,22.0426790015467,18.9799876651201,20.5113333333334,0.507183224681603,46.7321273854228,19.7292,20.5612913516401,1.36664987815478,1.05974817337048
"7234757","2008-11-12",14.6917157325114,0.279069767441861,0.275968992248064,0.400126327878268,21.9124528494621,19.3085471505381,20.6105000000001,0.547172727255077,52.1917064146505,19.858,20.5664525047547,1.25438670224507,1.0986758791454
"7234756","2008-11-13",14.9040864403238,0.0232558139534887,0.100775193798451,0.249773184036752,21.7576104329734,19.6093895670267,20.6835,0.391305403600972,47.3962102873999,20.032,20.4975921707874,0.93876705257061,1.06669411383044
"7234755","2008-11-16",15.1600598349962,0,0.100775193798451,0.159173126614989,21.6745948519116,19.7604051480885,20.7175000000001,0.212236811099106,46.9736599566318,20.136,20.4312465480158,0.660875000934125,0.985530291251179
"7234754","2008-11-17",14.57540765604,0.0744186046511629,0.0325581395348853,0.0780361757105963,21.6571392902583,19.8135273764085,20.7353333333334,0.339807211531481,48.5542491211622,20.2024,20.3950803416137,0.497810445851732,0.88798632217129
"7234753","2008-11-18",14.0325163470093,0.0976744186046516,0.0573643410852729,0.0635658914728701,21.6372165020185,19.8674501646483,20.7523333333334,0.314099752575855,49.0651970968635,20.2708,20.3704029627318,0.383860235561939,0.78716110484942
"7234752","2008-11-19",14.6489080701423,0,0.0573643410852729,0.0490956072351439,21.7197098264296,19.7116235069038,20.7156666666667,-0.0555870063046797,41.1439991944223,20.3032,20.2290159010343,-0.0638552247633317,0.61695783892687
"7234751","2008-11-20",14.7527229262833,0,0.0325581395348853,0.0490956072351439,21.7765284465477,19.5901382201191,20.6833333333334,0.0289038582638757,40.6725744190444,20.3196,20.098480447563,-0.4402278944308,0.405520692255336
"7234750","2008-11-23",14.8491224355571,0.00425531914893683,0.00141843971631369,0.0304469734454909,21.8509932456914,19.416340087642,20.6336666666667,0.00971798068228509,40.7943338486469,20.3208,19.9866830545546,-0.728342726980635,0.178748008408141
"7234749","2008-11-24",14.5868317919614,0.140425531914893,0.0482269503546113,0.0274011765352703,21.877407168663,19.3205928313371,20.599,0.156212816406781,44.7051419896836,20.308,19.9324586472807,-0.819084690270744,-0.0208185313276356
"7234748","2008-11-25",13.9963321329088,0.255319148936171,0.133333333333335,0.0609929078014202,21.8844901665228,19.2828431668107,20.5836666666667,0.262842537796897,47.8360627183975,20.306,19.9214641609766,-0.77291726442813,-0.171238277947735
"7234747","2008-11-27",13.0102834847541,0.319148936170213,0.238297872340427,0.139952718676125,21.8820142131211,19.2553191202123,20.5686666666667,0.341879883792129,49.5452953338492,20.306,19.9319356061797,-0.667824366335867,-0.270555495625361
"7234746","2008-11-30",12.3252445885302,0.259574468085106,0.278014184397164,0.216548463356976,21.8088039993258,19.2141960006743,20.5115,0.325985273985628,47.9655689640534,20.3004,19.9223441920224,-0.633953354999772,-0.343235067500243
"7234745","2008-12-01",11.706257537141,0.255319148936171,0.278014184397164,0.264775413711585,21.650852059781,19.2181479402191,20.4345,0.335094344831806,47.8482139027125,20.2884,19.9126982997528,-0.604221889868195,-0.395432431973834
"7234744","2008-12-02",11.3238153691363,0.5,0.338297872340427,0.298108747044919,21.5354073767234,19.2442592899434,20.3898333333334,0.51898611453836,52.8206462893625,20.2836,19.9576718597857,-0.413867254663258,-0.399119396511719
"7234743","2008-12-03",11.2731750715884,0.135,0.296773049645392,0.304361702127661,21.4203958002646,19.2022708664022,20.3113333333334,0.222889068472623,44.4846513390436,20.258,19.8993156118143,-0.552278841955212,-0.429751285600417
"7234742","2008-12-04",11.0444743076512,0.171428571428572,0.268809523809525,0.301293481931782,21.352379384335,19.1542872823318,20.2533333333334,0.271013538115771,44.8697101680558,20.2328,19.8527401969057,-0.642889207479302,-0.472378869976194
"7234741","2008-12-07",10.8321093125667,0.234285714285714,0.180238095238097,0.248606889564338,21.2074289290589,19.1550710709412,20.1812500000001,0.297184492775643,46.3393998772268,20.19,19.827041503985,-0.662603057600331,-0.510423707501022
"7234740","2008-12-08",10.0975392884989,0.25625,0.220654761904764,0.223234126984129,21.0092720540074,19.2118946126594,20.1105833333334,0.368002126574974,46.3393998772268,20.122,19.8047693034536,-0.670625860962926,-0.542464138193402
"7234739","2008-12-09",9.58047916295449,0.219354838709677,0.236630184331799,0.212507680491553,20.7491644957623,19.3256688375712,20.0374166666667,0.373023848748692,45.4452736744026,20.0656,19.7761333963265,-0.697621981870722,-0.573495706928866
"7234738","2008-12-10",9.10035190352038,0.477419354838708,0.317674731182797,0.25831989247312,20.6907592751914,19.3400740581421,20.0154166666667,0.557686769413848,51.2355391833991,20.0172,19.804648943483,-0.54954888248675,-0.568706342040443
"7234737","2008-12-11",9.08409099298256,0.194805194805193,0.297193129451194,0.283832681655263,20.5637273342143,19.3811059991191,19.9724166666667,0.41621719447044,45.6289386772152,19.9692,19.7720290843519,-0.600635385578829,-0.57509215074812
"7234736","2008-12-14",9.06899157605459,0.3359375,0.336054016547968,0.316973959060653,20.5034503410647,19.401386325602,19.9524183333334,0.588574709481794,50.8791306127224,19.9228,19.7957585397716,-0.476574657223483,-0.555388652043193
"7234735","2008-12-15",8.73285823400783,0.531249999999999,0.353997564935065,0.32908157031141,20.5354594664217,19.3893772002451,19.9624183333334,0.852721916448361,53.948911349117,19.8836,19.8496574011354,-0.273423319155786,-0.498995585465712
"7234734","2008-12-16",9.06852085813547,0.474025974025975,0.447071158008659,0.379040913163898,20.5536787130156,19.3791579536512,19.9664183333334,0.971325570240429,54.560541849892,19.8464,19.9030364143174,-0.0914309838700778,-0.417482665146585
"7234733","2008-12-17",10.3303160102467,0.633027522935779,0.546101165653919,0.449056629532548,20.7689047096567,19.2382652903434,20.0035850000001,1.25986653158878,61.6849205891139,19.8824,20.0359648924084,0.311003394856302,-0.271785453146008
"7234732","2008-12-18",11.7592946023291,0.680672268907564,0.595908588623107,0.529693637428562,21.0457524430968,19.1407508902366,20.0932516666667,1.18245701149934,63.9334619507481,19.904,20.1831695734206,0.715207124516204,-0.0743869376135653
"7234731","2008-12-21",13.086203294977,0.680672268907564,0.66479068691697,0.602266813731332,21.2252765685574,19.120226764776,20.1727516666667,1.0085778325736,63.9334619507481,19.9476,20.3107469636312,1.02078856643513,0.144648163196173
"7234730","2008-12-22",12.2683052410983,0.201680672268908,0.521008403361347,0.593902559633808,21.2276588284252,19.2205111715749,20.224085,0.620858904345521,48.3139713916786,19.9476,20.269314035147,0.800171841787201,0.275752898914379
"7234729","2008-12-23",11.5088284767823,0.553191489361703,0.478514810179393,0.55477130015257,21.3178252143745,19.2583447856256,20.288085,0.845676992149136,56.7904773141759,19.9752,20.3467388304608,0.951789065465758,0.410960132224655
"7234728","2008-12-25",10.9150509729242,0.619658119658121,0.458176760429579,0.48589999132344,21.4355592800321,19.2612773866347,20.3484183333334,0.879396527425895,58.1807676470445,20.0072,20.435173653066,1.12119777535731,0.553007660851185
"7234727","2008-12-28",11.7841136163734,0.511864406779661,0.56157133859983,0.499420969736267,21.6197160769178,19.2167872564156,20.4182516666667,0.970987040347189,58.7171953274096,20.0776,20.5198171659905,1.26324097694643,0.695054324070235
"7234726","2008-12-29",12.5911003567191,0.664406779661017,0.598643102032934,0.539463733687448,21.8186023095897,19.1849010237437,20.5017516666667,0.966358254041237,62.5927741323753,20.1684,20.6531748771918,1.53267274526272,0.862578008308732
"7234725","2008-12-30",13.3404451870401,0.667796610169492,0.614689265536725,0.591634568723163,21.9855812753276,19.1865887246725,20.5860850000001,0.90511540473182,62.6766274840672,20.2592,20.7700848935662,1.72749290799044,1.03556098824507
"7234724","2009-01-01",14.5430434334012,0.786440677966101,0.706214689265538,0.639849018945066,22.2104835392301,19.1270197941033,20.6687516666667,0.959844874855716,65.5844776070376,20.3512,20.9180735744241,1.99156170122832,1.22676113084172
"7234723","2009-01-04",15.780595602311,0.860377358490566,0.771538215542054,0.697480723448106,22.4401610946593,19.1630089053408,20.8015850000001,0.973505117763829,68.2485124400433,20.4464,21.0929970978342,2.30452603161413,1.4423141109962
"7234722","2009-01-05",16.6206919356769,0.807692307692308,0.818170114716327,0.76530767317464,22.602676420226,19.2488269131074,20.9257516666667,0.88987487777589,66.1987876198489,20.5304,21.2272641514563,2.47030704130922,1.64791269705881
"7234721","2009-01-06",17.3270948143216,0.796153846153846,0.821407837445575,0.803705389234652,22.7251081776254,19.370895155708,21.0480016666667,0.846429497989681,65.7083480477381,20.6188,21.3396289312621,2.55804853738093,1.82993986512323
"7234720","2009-01-07",17.3536106549874,0.0846153846153841,0.562820512820514,0.734132821660805,22.6924840945332,19.5141859054669,21.1033350000001,0.461194641703432,44.0402630513546,20.6336,21.1903450737605,1.90517498259655,1.84498688861789
"7234719","2009-01-08",17.3782325070341,0.419230769230769,0.433333333333335,0.605853894533142,22.6660232455678,19.694313421099,21.1801683333334,0.571731431596977,52.048460051749,20.6672,21.1769657305924,1.69833522777452,1.81565655644922
"7234718","2009-01-11",17.4010956553632,0.576923076923077,0.360256410256412,0.452136752136754,22.6709628641312,19.8467071358689,21.2588350000001,0.644403236075775,55.2953047071972,20.7464,21.2200369665134,1.67110891587599,1.78674702833457
"7234717","2009-01-12",16.3798607247374,0.826923076923076,0.607692307692309,0.467094017094019,22.709867521617,20.0504691450497,21.3801683333334,0.845879607497508,59.927812757686,20.8504,21.344032037645,1.87334511740955,1.80406664614957
"7234716","2009-01-13",15.5484875415705,0.738181818181819,0.714009324009325,0.560652680652682,22.767496267996,20.2368370653375,21.5021666666667,0.890346251401831,60.6041829842669,20.954,21.464827765959,2.04515716521503,1.85228474996266
"7234715","2009-01-14",15.7008337878496,0.290909090909091,0.61867132867133,0.646790986790988,22.7132119396615,20.4067880603386,21.5600000000001,0.484102372943918,49.5302529620299,21.0084,21.4055173971645,1.69845257455905,1.82151831488194
"7234714","2009-01-15",15.8422981593944,0.44,0.489696969696972,0.607459207459209,22.6755892159416,20.5707441173918,21.6231666666667,0.576094277330416,52.6369725617131,21.082,21.4087817442092,1.56017767888619,1.76925018768279
"7234713","2009-01-19",15.9736579329717,0.650909090909092,0.460606060606063,0.522991452991455,22.7295782544257,20.6170884122411,21.6733333333334,0.73510961177119,56.6977587630982,21.1628,21.4889441783146,1.64950714642584,1.7453015794314
"7234712","2009-01-20",16.0956348655792,0.650909090909092,0.580606060606063,0.510303030303033,22.7796145901905,20.6433854098096,21.7115000000001,0.708389001870683,56.6977587630982,21.2608,21.5584182878727,1.69960894295893,1.73616305213691
"7234711","2009-01-21",16.2088991601433,0.738181818181819,0.680000000000002,0.573737373737376,22.8416227348212,20.6887105985122,21.7651666666667,0.756164657488274,58.4090431834446,21.3528,21.650629182823,1.80698633422385,1.75032770855429
"7234710","2009-01-22",16.0077868232136,0.738181818181819,0.709090909090911,0.656565656565659,22.7863403364861,20.9339929968474,21.8601666666667,0.773436838308485,58.4090431834446,21.4348,21.7305452917799,1.86913610127974,1.77408938709938
"7234709","2009-01-25",15.0537845038945,0.816546762589928,0.764303466317856,0.717798125136257,22.843283881256,21.0430494520774,21.9431666666667,0.898188881244957,60.2317534137206,21.5244,21.8318059195426,1.98302581240408,1.81587667216032
"7234708","2009-01-26",14.1679252073839,0.820143884892086,0.791624155221279,0.755006176876682,22.8943822174831,21.139617782517,22.0170000000001,0.860732179993232,60.3098038628104,21.5884,21.9208984636036,2.05165432336532,1.86303220240132
"7234707","2009-01-27",13.7415582835962,0.741007194244605,0.792565947242208,0.782831189593781,22.9394671614771,21.1901995051897,22.0648333333334,0.752581891481952,57.6300475342252,21.634,21.9687786684564,2.00106467069323,1.8906386960597
"7234706","2009-01-28",13.3456461400791,0.747474747474748,0.769541942203814,0.784577348222434,22.9931929713463,21.2201403619871,22.1066666666667,0.759439566300399,59.5649116444409,21.6884,22.0396081793289,2.0176829861809,1.91604755408394
"7234705","2009-01-29",12.5815738420629,0.752525252525253,0.747002398081537,0.769703429175853,23.0485255250224,21.2561411416443,22.1523333333334,0.768357615955908,59.6550984811638,21.7888,22.1023270887517,2.01042276535557,1.93492259633827
"7234704","2009-02-01",11.8933535522712,0.747474747474748,0.749158249158251,0.755234196481201,23.0977449763993,21.2605883569342,22.1791666666667,0.741768536204572,59.5121514656698,21.8548,22.1553501435848,1.97750489515749,1.94343905610211
"7234703","2009-02-02",12.183899032183,0.510101010101011,0.670033670033672,0.722064772424487,23.0951998328853,21.2601335004481,22.1776666666667,0.579379510207217,53.0749161735067,21.8956,22.1386367911069,1.75978257571803,1.9067077600253
"7234702","2009-02-03",12.4536912635297,0.747474747474748,0.66835016835017,0.695847362514031,23.1354273821603,21.2592392845065,22.1973333333334,0.728832777411908,57.9707842038945,21.9528,22.1868185522926,1.7382497633827,1.87301616069678
"7234701","2009-02-04",12.7042126212088,0.70063694267516,0.652737566750308,0.663707135044717,23.1716771414696,21.2623228585305,22.217,0.702337165389025,58.2700660835177,21.9932,22.2325760786536,1.71186033157953,1.84078499487333
"7234700","2009-02-05",12.2593011925593,0.525252525252526,0.657788071800812,0.659625268967097,23.0899657913294,21.5147008753373,22.3023333333334,0.743980126410189,58.2700660835176,22.0332,22.2722326014998,1.6712553554439,1.80687906698744
"7234699","2009-02-08",11.8461691516705,0.656565656565656,0.627485041497782,0.646003560016301,23.0644659966013,21.6782006700655,22.3713333333334,0.78998777672995,59.7118427858014,22.0644,22.3239349212998,1.66647808432205,1.77879887045436
"7234698","2009-02-09",11.7995424749242,0.505154639175257,0.562324273664481,0.615865795654359,23.0459860034034,21.7976806632633,22.4218333333334,0.704143429607286,57.411367536297,22.076,22.3500769317932,1.59335262104852,1.7417096205732
"7234697","2009-02-10",11.7562462750884,0.597938144329896,0.586552813356938,0.5921207095064,23.0712571288187,21.8097428711814,22.4405,0.684566549227398,58.5177829254795,22.0964,22.3847333408874,1.54977866142898,1.70332342874435
"7234696","2009-02-11",11.1034261621042,0.587628865979382,0.563573883161513,0.570816990060977,23.0960348867916,21.8092984465418,22.4526666666667,0.718122886620151,58.3364375058302,22.1176,22.4134355621024,1.49416045609974,1.66149083421543
"7234695","2009-02-12",10.6855698138021,0.410256410256411,0.531941140188565,0.560689278902339,23.0063487484908,22.0206512515093,22.5135000000001,0.729786522430631,56.6353239361107,22.2092,22.4263108204888,1.40138645099255,1.60946995757085
"7234694","2009-02-16",10.2666402630632,0.401709401709401,0.466531559315066,0.520682194221715,22.9305411759455,22.1911254907213,22.5608333333334,0.728784254982805,56.4383946841942,22.2656,22.4361360444236,1.30911943721426,1.54939985349953
"7234693","2009-02-17",9.87763425166279,0.529914529914529,0.447293447293448,0.48192204893236,22.932345249586,22.2539880837475,22.5931666666667,0.829472453827013,58.7550911333554,22.3116,22.4646512385005,1.27512829383662,1.49454554156695
"7234692","2009-02-18",9.30810110359587,0.478632478632478,0.470085470085471,0.461303492231329,22.8914900647023,22.3435099352978,22.6175000000001,0.547142828630215,57.4392048761772,22.3292,22.4813644067004,1.21250929816237,1.43813829288603
"7234691","2009-02-19",12.2244912478358,0,0.336182336182337,0.417853751187085,23.2297701184032,21.8935632149302,22.5616666666667,-0.519053758162412,31.2145544940532,22.2592,22.217182485807,0.403625204559299,1.23123567522069
"7234690","2009-02-22",14.9325678103444,0.37037037037037,0.283000949667618,0.363089585311809,23.2945604061394,21.7604395938607,22.5275000000001,-0.0502608790065494,44.3148008321449,22.2784,22.1215581543661,0.120741833339477,1.00913690684445
"7234689","2009-02-23",15.7574543387757,0.292592592592592,0.220987654320989,0.280056980056981,23.3155054532542,21.6498278800793,22.4826666666667,0.0681437122538135,42.4849245131191,22.2728,22.0106837337839,-0.179298415411033,0.77144984239335
"7234688","2009-02-24",15.4761434257598,0.533088235294118,0.398683732752361,0.300890778913656,23.2992824086334,21.6383842580334,22.4688333333334,0.442500989620855,49.5375467101906,22.2704,22.0025925692794,-0.173401414433016,0.582479591028077
"7234687","2009-02-25",15.2149261493879,0.55514705882353,0.460275962236748,0.359982449770033,23.2926064969235,21.6283935030766,22.4605,0.42759340274017,50.1361603946279,22.2704,22.0035802267088,-0.145023869798111,0.436978898862839
"7234686","2009-02-26",15.9653866672892,0.294117647058824,0.460784313725492,0.439914669571534,23.3140457007547,21.5172876325787,22.4156666666667,0.0849932832506019,43.5522928412584,22.2324,21.9097695298143,-0.37942146995199,0.273698825099873
"7234685","2009-03-01",15.9686906291241,0.459558823529412,0.436274509803923,0.452444928588721,23.2918093368271,21.4848573298397,22.3883333333334,0.33305219756795,48.1956794543156,22.2124,21.8884669258391,-0.395226533219517,0.139913753435995
"7234684","2009-03-02",16.2954480072499,0.371323529411765,0.375000000000002,0.424019607843139,23.2740435164896,21.4279564835105,22.351,0.243060145670409,46.0213215288471,22.1732,21.8380046690605,-0.490879924093635,0.0137550179300693
"7234683","2009-03-03",17.0538774653881,0.238970588235294,0.356617647058825,0.389297385620917,23.3004001410572,21.3232665256095,22.3118333333334,0.109620044238331,42.8951885229095,22.1192,21.7462707131858,-0.692644197072778,-0.1275248250705
"7234682","2009-03-04",17.7581333908021,0.25735294117647,0.289215686274511,0.340277777777779,23.3041864324523,21.1961469008811,22.2501666666667,0.0935401967083701,43.4695469784287,22.076,21.6734346180944,-0.825408134147854,-0.267101486885971
"7234681","2009-03-05",16.7023065005676,0.147058823529411,0.214460784313727,0.286764705882354,23.2847357776256,21.1045975557078,22.1946666666667,0.178307858518961,40.8168609351876,22.012,21.5703100023484,-1.03174898401904,-0.420030986312585
"7234680","2009-03-08",15.6746071657918,0.560661764705882,0.321691176470589,0.275122549019609,23.2450638856792,21.1079361143209,22.1765000000001,0.568705921705354,52.5183794118804,21.9926,21.6309353353687,-0.766020761438524,-0.489228941337773
"7234679","2009-03-09",15.6513070345466,0.227941176470589,0.311887254901962,0.282679738562093,23.1806630695383,21.0493369304618,22.1150000000001,0.231778888183486,44.8381732632036,21.9374,21.5628106239862,-0.883631436472054,-0.568109440364629
"7234678","2009-03-10",14.8761633375444,0.55514705882353,0.447916666666668,0.360498366013073,23.1344200611284,21.0579132722051,22.0961666666667,0.598161650335357,52.2357670452828,21.9366,21.6224358741213,-0.636721725894018,-0.581831897470507
"7234677","2009-03-11",14.7998670039915,0.254310344827586,0.345799526707236,0.368534482758622,23.063124704011,21.0395419626557,22.0513333333334,0.364267143095541,48.1710011971438,21.8962,21.6047777575718,-0.628121689793604,-0.591089855935127
"7234676","2009-03-12",14.4818705749116,0.323275862068965,0.377577755240029,0.390431316204645,22.9742979481122,21.0487020518879,22.0115,0.461137571242172,49.4738238779807,21.861,21.6108073898956,-0.555155258674933,-0.583902936483088
"7234675","2009-03-15",14.1865881764802,0.581896551724138,0.386494252873565,0.36995717827361,22.9076267039842,21.0747066293492,21.9911666666667,0.686678443540292,54.13027042527,21.8498,21.6960330712428,-0.270581482615706,-0.521238645709612
"7234674","2009-03-16",14.3709577046901,0.476190476190476,0.460454296661195,0.408175434924929,22.8229424576182,21.1063908757153,21.9646666666667,0.637096569549286,51.1679135553123,21.8194,21.7232286617438,-0.173625552799017,-0.451716027127493
"7234673","2009-03-17",14.3976881429005,0.792079207920792,0.616722078611803,0.487890209382188,22.77902608024,21.1313072530934,21.9551666666667,0.907533123331977,55.6488609627249,21.8186,21.8267981735113,0.123849498501172,-0.33660292200176
"7234672","2009-03-18",14.8082088383264,0.648514851485149,0.63892817853214,0.572034851268379,22.7253384852179,21.1563281814489,21.9408333333334,0.765029064713207,53.1120446732757,21.8026,21.8778917503765,0.248783379753781,-0.219525661650652
"7234671","2009-03-19",14.7671905110126,0.663366336633662,0.701320132013202,0.652323463052382,22.7394764353636,21.2671902313032,22.0033333333334,0.803383041581695,53.3489648040544,21.7882,21.9261728503263,0.354440912231269,-0.104732346874268
"7234670","2009-03-22",14.5748650869044,0.902439024390244,0.73810673750302,0.692785016016121,22.8605525869326,21.2594474130675,22.06,0.97259023268283,57.2990945272318,21.7978,22.0360164702828,0.617603073471673,0.0397347371949205
"7234669","2009-03-23",14.3962771930896,0.902439024390244,0.822748128471385,0.754058332662536,22.9644151627037,21.2605848372964,22.1125,0.911328125155728,57.2990945272318,21.8078,22.1312142742451,0.815334246428256,0.194854639041588
"7234668","2009-03-24",13.9346727677145,0.940366972477065,0.915081673752519,0.825312179908975,23.0727373814646,21.2142626185355,22.1435,0.957274615875801,58.8825485142745,21.8198,22.2403857043457,1.03150231889699,0.362184175012669
"7234667","2009-03-25",13.0330049643541,0.80365296803653,0.882152988301281,0.873327596841728,23.1806180889976,21.1747152443358,22.1776666666667,0.921589046008461,58.0708785269329,21.8314,22.325667610433,1.16268304958729,0.522283949927593
"7234666","2009-03-26",12.3541151383306,0.767123287671234,0.837047742728277,0.878094134927359,23.2736976501434,21.21163568319,22.2426666666667,0.852721375491882,57.1021063707914,21.9234,22.3889119290419,1.22281955345591,0.662391070633256
"7234665","2009-03-29",11.7237174427374,0.774725274725275,0.781833843477681,0.833678191502413,23.3692926492418,21.2083740174249,22.2888333333334,0.83373152327363,58.0443185792687,21.9794,22.4570570051696,1.29089910465334,0.788092677437274
"7234664","2009-03-30",11.2320103337866,0.751243781094528,0.764364114497013,0.794415233567657,23.4806723831908,21.225994283476,22.3533333333334,0.8607314646983,59.0137904198847,22.0478,22.5294494044804,1.36422016694824,0.903318175339466
"7234663","2009-03-31",11.7190312779697,0.604255319148936,0.710074791656247,0.752090916543647,23.592304998197,21.2983616684698,22.4453333333334,0.907449763276305,59.7155122525615,22.0926,22.6015228172163,1.43004098419852,1.00866273711128
"7234662","2009-04-01",12.3412076084744,0.795454545454544,0.716984548566004,0.730474484906422,23.7502793084662,21.3810540248673,22.5656666666667,1.02098605475723,65.0542249120165,22.1582,22.7413197749208,1.66791748077824,1.14051368584467
"7234661","2009-04-02",12.0704645924546,0.636363636363636,0.67869116698904,0.701916835737097,23.8069294868736,21.5237371797932,22.6653333333334,0.85973024733232,59.89577055807,22.2382,22.815810471598,1.71086102880036,1.25458315443581
"7234660","2009-04-05",11.8190603632934,0.629682539682538,0.687166907166908,0.694280874240651,23.918874196138,21.5344658038621,22.7266700000001,0.845325351703155,60.8518759285093,22.304204,22.8937157420516,1.75900100127608,1.35546672380386
"7234659","2009-04-06",12.3408580406184,0.544117647058823,0.603387941035001,0.656415338396983,23.953924947675,21.7080817189918,22.8310033333334,0.855766892569383,59.6268630203023,22.376604,22.9505536431114,1.74800962400781,1.43397530384465
"7234658","2009-04-07",12.6439295048391,0.502487562189055,0.558762582976807,0.616439143726239,24.0165540717737,21.7617859282264,22.88917,0.754644068383012,58.5181792098867,22.460604,22.9904798240299,1.69472208985895,1.48612466104751
"7234657","2009-04-08",13.5547483327046,0.409999999999999,0.485535069749294,0.549228531253701,24.0353958120045,21.9312775213289,22.9833366666667,0.821589967794072,59.8393264320642,22.547204,23.0404158474926,1.67312468735246,1.5235246663085
"7234656","2009-04-12",14.4005086728655,0.5,0.470829187396353,0.505042280040818,24.0422749893473,22.0957316773195,23.0690033333334,0.798476105348704,61.3937577858361,22.651204,23.1016937344936,1.68326446703644,1.55547262645409
"7234655","2009-04-13",14.3813218912608,0.282758620689655,0.397586206896553,0.4513168213474,24.0429544518483,22.2007188814852,23.1218366666667,0.645564084011486,56.3483030542468,22.698604,23.1161345698944,1.57160479725742,1.55869906061475
"7234654","2009-04-14",14.6184174942738,0.517241379310345,0.433333333333335,0.43391624254208,24.0404780568815,22.3491952764519,23.1948366666667,0.775035812293386,60.4519224781422,22.795804,23.1739832939085,1.58314238466555,1.56358772542491
"7234653","2009-04-15",13.6484400341983,0.137931034482758,0.312643678160921,0.381187739463603,24.0360163989014,22.4243236010987,23.2301700000001,0.564009303431729,51.9449044535137,22.835404,23.1507855213874,1.38463538324176,1.52779725698828
"7234652","2009-04-16",12.7477466784138,0.25925925925926,0.304810557684122,0.35026252305946,23.9849584334249,22.5813815665752,23.2831700000001,0.595111760402727,55.0418773631473,22.905804,23.1640141185357,1.29946249371455,1.48213030433354
"7234651","2009-04-19",12.335245363036,0.047999999999999,0.148396764580674,0.255283666808573,23.9139194248736,22.7364205751265,23.3251700000001,0.470131605642239,52.284059759919,22.962204,23.1501455693976,1.15248416030185,1.4162010755272
"7234650","2009-04-20",12.933829512686,0,0.102419753086421,0.185209025117073,23.9063530030957,22.750653663571,23.3285033333334,0.114804660022437,45.6695150074248,22.974204,23.0701261601446,0.848189282376888,1.30259871689714
"7234649","2009-04-21",12.5119132902145,0.0470588235294108,0.0316862745098045,0.0941675973923,23.8829611441039,22.8000455225628,23.3415033333334,0.252362977626627,46.8063436169827,23.003404,23.0114426721253,0.627449628180599,1.16756889915383
"7234648","2009-04-22",12.1201339407767,0.558823529411764,0.201960784313726,0.112022270636651,23.9044167357301,22.8425899309367,23.3735033333334,0.744700923754229,57.2760937112864,23.043404,23.0765836491753,0.748715578817594,1.08379823508658
"7234647","2009-04-23",11.9862989962515,0.641025641025641,0.41563599798894,0.216427685604157,24.0021204156311,22.8458862510357,23.4240033333334,1.02699532556464,60.1861246720585,23.107004,23.1730391626186,0.937940588754493,1.05462670582016
"7234646","2009-04-26",11.6403297831386,0.589743589743589,0.596530920060333,0.404709234121,24.0262004478059,22.9048062188609,23.4655033333334,0.79828641706254,58.7496584100035,23.165404,23.2433006076028,1.04006092911051,1.05171355047823
"7234645","2009-04-27",11.4599177844981,0.287179487179487,0.505982905982907,0.50604994134406,24.0065959951389,22.9624106715279,23.4845033333334,0.40949563147796,51.0135694173951,23.179804,23.2255271932557,0.905385398342307,1.02244792005105
"7234644","2009-04-28",11.1859363967404,0.384615384615385,0.420512820512822,0.507675548852021,24.0043435435,23.0013297898334,23.5028366666667,0.53040503338576,53.1529338995125,23.201804,23.2354569008216,0.854815463230474,0.988921428686933
"7234643","2009-04-29",10.9315251081083,0.487179487179487,0.386324786324788,0.437606837606839,24.0201984824718,23.0141415175284,23.5171700000001,0.648596622135628,55.3628050830532,23.223804,23.2707293140454,0.873993363757308,0.965935815701008
"7234642","2009-04-30",10.6952860543785,0.497435897435897,0.456410256410258,0.421082621082623,24.0033059712293,23.0190340287708,23.5111700000001,0.671527799094054,55.5884187896592,23.249404,23.303965405506,0.885698769257703,0.949888406412347
"7234641","2009-05-03",10.4759212187723,0.743589743589744,0.576068376068377,0.472934472934474,24.0727784304599,23.0008949028735,23.5368366666667,0.932102296017357,60.7198409814279,23.297404,23.3967700181052,1.04835484183421,0.96958169349672
"7234640","2009-05-04",9.80603725713319,0.641025641025641,0.627350427350429,0.553276353276355,24.1216602752835,22.99167305805,23.5566666666667,0.845136647611612,57.7269325172421,23.333404,23.4505340156912,1.09485100709317,0.994635556216009
"7234639","2009-05-05",10.1193100957255,0.389743589743589,0.591452991452993,0.5982905982906,24.1161850863817,22.9881482469517,23.5521666666667,0.489214300241405,51.0834770657859,23.345804,23.4317961469324,0.951942393492766,0.986096923671361
"7234638","2009-05-06",10.1989360726896,0.492307692307693,0.507692307692309,0.575498575498577,24.1299941106879,22.9980058893122,23.5640000000001,0.620142592857248,53.4388405196406,23.363404,23.4422233273414,0.897212235750033,0.968319986087095
"7234637","2009-05-07",10.2728744798705,0.497435897435897,0.459829059829061,0.519658119658121,24.1317392110428,22.9982607889573,23.5650000000001,0.601457599685362,53.5592487786727,23.358204,23.4525935503625,0.847477001117847,0.944151389093246
"7234636","2009-05-10",9.65967559910547,0.508021390374331,0.499254993372642,0.488925453631338,24.1478829544905,22.9974503788429,23.5726666666667,0.70050428990744,54.3225056047987,23.369404,23.4695810769809,0.819210559320638,0.919163223138724
"7234635","2009-05-11",9.09027663839504,0.345323741007194,0.450260342939142,0.469781465380282,24.1622435230093,23.0169564769908,23.5896000000001,0.621425163368487,54.4568525928857,23.377,23.4856369333834,0.791061638398238,0.893542906190627
"7234634","2009-05-12",8.56154903202107,0.352517985611512,0.401954372331014,0.450489902880933,24.1685991348005,23.017934198533,23.5932666666667,0.621726718397234,54.6006529457066,23.3882,23.5008853422656,0.763329303637073,0.867500185679916
"7234633","2009-05-13",8.07058768324524,0.684298245614036,0.460713324077582,0.43764267978258,24.2027755660939,23.0430977672396,23.6229366666667,0.761966441857164,58.6769146890675,23.413804,23.5527806299635,0.831141204488772,0.860228389441687
"7234632","2009-05-14",8.0339036269987,0.563684210526317,0.533500147250623,0.46538928121974,24.2226078467855,23.0651054865479,23.6438566666667,0.665191887782152,56.1055825109023,23.429308,23.5794232126351,0.827961211473638,0.853774953848078
"7234631","2009-05-17",7.99983986048406,0.621052631578948,0.623011695906435,0.53907505574488,24.2430107868178,23.1083692131823,23.6756900000001,0.721194668429467,58.0823542159817,23.444908,23.6208334509504,0.862305255886642,0.85548101425579
"7234630","2009-05-18",7.74760454880603,0.521276595744682,0.568671145949984,0.575060996369014,24.1761905002358,23.2818561664309,23.7290233333334,0.747085075808818,56.2940149581033,23.468508,23.644722324157,0.848799953418466,0.854144802088326
"7234629","2009-05-19",7.91545292770825,0.560747663551403,0.567692296958346,0.586458379604922,24.1349288144677,23.4224511855324,23.7786900000001,0.904190468544158,57.9962842668689,23.482908,23.6800926809361,0.86548824385364,0.856413490441389
"7234628","2009-05-20",7.63329809437158,0.280373831775702,0.45413269702393,0.53016537997742,24.1351515949748,23.434895071692,23.7850233333334,0.464265476291335,52.0429223548655,23.507308,23.6707469901446,0.76754986897396,0.838640766147903
"7234627","2009-05-21",7.19211829993471,0.373831775700936,0.404984423676015,0.475603139219431,24.1103268945093,23.4430531054908,23.7766900000001,0.634842201428231,53.7472879026613,23.525708,23.675980724792,0.715776529694034,0.814067918857129
"7234626","2009-05-25",7.00574489179537,0.485981308411214,0.380062305295952,0.4130598086653,24.1292679815359,23.4411120184642,23.7851900000001,0.768558306426672,55.7782950337359,23.556508,23.6965166281531,0.707442373023137,0.792742809690331
"7234625","2009-05-26",6.7604720798956,0.344827586206894,0.40154689010635,0.395531206359439,24.1063411645492,23.5153721687842,23.8108566666667,0.6564831105004,55.3421173430858,23.606908,23.7116477443993,0.686048505140602,0.771403948780385
"7234624","2009-05-27",7.67010246399311,0.0526315789473692,0.294480157855161,0.358696451085821,24.0950350779632,23.5603449220369,23.8276900000001,0.579129940080256,50.2627418538307,23.644508,23.6927613784794,0.580690921676763,0.733261343359661
"7234623","2009-05-28",8.51475924922652,0.2,0.199153055051422,0.298393367670978,24.0974732631908,23.5809067368093,23.8391900000001,0.611266726996894,53.6953564157557,23.654508,23.7003931946822,0.552137838128997,0.697036642313528
"7234622","2009-05-31",9.29908340694325,0.377777777777778,0.210136452241717,0.234589888382767,24.1002498405018,23.6014634928316,23.8508566666667,0.625257371133821,56.5649208336001,23.658908,23.7283407687245,0.577261894796899,0.673081692810202
"7234621","2009-06-01",10.9008693497607,0.477777777777778,0.351851851851853,0.253713786381665,24.1167251561097,23.5933215105571,23.8550233333334,0.936202540696655,58.1364927271167,23.670908,23.7645619995613,0.620459031313869,0.662557160510936
"7234620","2009-06-02",11.5395583760422,0.255555555555556,0.370370370370372,0.310786224821315,24.1167251561097,23.5933215105571,23.8550233333334,0.675091125390463,53.5036337178599,23.698508,23.7692870662864,0.579991401426683,0.646044008694085
"7234619","2009-06-03",11.0757724249685,0,0.244444444444446,0.322222222222224,24.0959834405877,23.6277298927457,23.8618566666667,0.104509136442213,47.5825566412148,23.706908,23.7347154574482,0.444293634562265,0.605693933867721
"7234618","2009-06-04",11.2543900710163,0,0.0851851851851868,0.233333333333335,24.1591683796736,23.5305449536598,23.8448566666667,-0.271299074457452,39.8796695710027,23.688508,23.6420867297885,0.174432291094972,0.519441605313171
"7234617","2009-06-07",11.4202493137749,0.111888111888112,0.0372960372960387,0.122308555641891,24.2083380130167,23.4463753203167,23.8273566666667,-0.152730995141414,43.2478466078143,23.675708,23.5831418324833,0.0144759419107965,0.418448472632696
"7234616","2009-06-08",10.8685503404165,0.321678321678322,0.144522144522146,0.0890011223344576,24.2078330796605,23.4332135870062,23.8205233333334,0.301377749816863,49.0154823218755,23.655708,23.5720562548189,-0.00962458416682299,0.332833861272793
"7234615","2009-06-09",10.3562584365836,0.356643356643358,0.263403263403265,0.14840714840715,24.2086894420017,23.425827224665,23.8172583333334,0.303424327731314,49.9288310758781,23.645708,23.569115420843,-0.0114700528145883,0.263973078455316
"7234614","2009-06-10",10.1991412916831,0.146853146853147,0.275058275058277,0.22766122766123,24.2230686793565,23.3847813206436,23.803925,0.0976817139993301,44.7489786520333,23.643308,23.526566698064,-0.11447749582526,0.188282963599201
"7234613","2009-06-11",10.0532467999897,0.223776223776224,0.242424242424245,0.260295260295263,24.2182367974157,23.3462732025844,23.782255,0.168653980075146,46.9233109907684,23.637308,23.5043578049888,-0.156672192212204,0.11929193243692
"7234612","2009-06-14",9.91777334341723,0.223776223776224,0.1981351981352,0.238539238539241,24.2194707849338,23.308865881733,23.7641683333334,0.180613404366967,46.9233109907684,23.630908,23.4851100976569,-0.187992093024403,0.0578351273446555
"7234611","2009-06-15",10.0899855310044,0.153846153846156,0.200466200466203,0.213675213675216,24.2139584391085,23.2606782275582,23.7373183333334,0.135310098274936,45.0539417626605,23.618108,23.4550954179693,-0.244447974332807,-0.00262149299083688
"7234610","2009-06-16",9.4670722832276,0.214876033057852,0.197499470226745,0.198700289609383,24.1920801607816,23.2365565058852,23.7143183333334,0.265240418503619,45.9809803532666,23.606508,23.4344160289068,-0.272360165528629,-0.0565692274983953
"7234609","2009-06-17",8.8886528388634,0.231404958677687,0.200042381860566,0.199336017517838,24.1538662830541,23.2017703836126,23.6778183333334,0.14168350387095,46.4673147506716,23.595308,23.4191605583859,-0.284355096874311,-0.102126401373579
"7234608","2009-06-18",9.46244106162511,0.247933884297521,0.231404958677688,0.209648936921667,24.1454909428947,23.1834790571054,23.664485,0.322089862719023,46.9813602414516,23.573304,23.4086058172678,-0.283720229711037,-0.13844516704107
"7234607","2009-06-21",8.96303495543211,0,0.159779614325071,0.197075651621109,24.1394980244847,23.1258053088488,23.6326516666667,0.102787254504321,38.27388191515,23.5392,23.3407917082987,-0.43029109658026,-0.196814352948908
"7234606","2009-06-22",8.49930071396718,0.135135135135137,0.127689673144221,0.172958082048993,24.1011561432371,23.096813856763,23.598985,0.198988743773082,42.206392375419,23.5056,23.3020194805256,-0.489295408198254,-0.255310563998777
"7234605","2009-06-23",8.3311850348038,0.604545454545456,0.246560196560199,0.17800982800983,24.0748503752901,23.1037862913767,23.5893183333334,0.624277757426948,53.2247669947449,23.4962,23.3370835497888,-0.353708591783031,-0.274990169555628
"7234604","2009-06-24",8.20382335652175,0.318181818181819,0.352620802620805,0.242290224108409,24.0400852905123,23.1015513761544,23.5708183333334,0.424543660862981,47.2864612863283,23.4698,23.325472409817,-0.351208564466743,-0.290233848537851
"7234603","2009-06-28",8.08555894097414,0.454545454545454,0.459090909090911,0.352757302757305,24.001255987889,23.1107140121112,23.5559850000001,0.549424958280604,50.1392709424022,23.4614,23.3354094218414,-0.293948883291528,-0.290976855488586
"7234602","2009-06-29",7.97574198367992,0.690909090909091,0.48787878787879,0.433196833196836,23.9755746693416,23.1223953306586,23.5489850000001,0.762955656755114,54.7141528944815,23.4594,23.3786881655959,-0.156943367454654,-0.2641701578818
"7234601","2009-06-30",7.71592004107972,0.649253731343284,0.598236092265945,0.515068596411882,23.9325036329892,23.1497997003443,23.5411516666667,0.992542561651921,56.531347608526,23.457,23.4308630768498,-0.0105164141338654,-0.213439409132213
"7234600","2009-07-01",8.08220269983,0.283870967741936,0.541344596664772,0.542486492269836,23.8834506805176,23.1751859861491,23.5293183333334,0.755104720174873,48.3617376991139,23.4382,23.4187479999365,-0.0421807036596,-0.17918766803769
"7234599","2009-07-05",8.42232231152669,0.587096774193548,0.506740491092924,0.548773726674547,23.9190857390033,23.1592175943302,23.5391516666667,0.939789019988982,55.8688263536545,23.4478,23.4709149332783,0.0933996280118921,-0.124670208827774
"7234598","2009-07-06",9.38263641794754,0.419354838709679,0.430107526881722,0.492730871546473,23.9329132260853,23.1793901072481,23.5561516666667,0.690901021796458,51.4157864962125,23.4398,23.4814596088412,0.110073624490448,-0.0777214421641296
"7234597","2009-07-07",10.274356659624,0.529032258064516,0.511827956989249,0.482891991654632,23.9579593377425,23.2026773289243,23.5803183333334,0.808513902462145,53.997616396695,23.4322,23.513264994329,0.179552275917039,-0.026266698547896
"7234596","2009-07-08",9.63237891868755,0.4,0.4494623655914,0.463799283154124,23.9794743399911,23.1971623266756,23.5883183333334,0.804671702947703,50.5913803827271,23.413,23.5141629950851,0.164055023458842,0.0117976458534517
"7234595","2009-07-09",9.03625673067509,0.406451612903227,0.445161290322583,0.468817204301077,23.979179551313,23.1971204486871,23.58815,0.591872851755966,50.7586376108414,23.4022,23.5162745957405,0.153435182734607,0.0401251532296827
"7234594","2009-07-12",8.8402407971518,0.329032258064517,0.378494623655916,0.424372759856633,23.982222400635,23.2080775993651,23.5951500000001,0.514876631151845,48.6311706331931,23.3982,23.5021046496417,0.10265777612346,0.0526316778084383
"7234593","2009-07-13",8.65822600173732,0.264285714285715,0.333256528417821,0.385637480798774,23.9823000984859,23.2066665681809,23.5944833333334,0.352400226575592,48.8236682959469,23.4134,23.4911573630228,0.065084668283788,0.0551222759035082
"7234592","2009-07-14",8.52185401603774,0.133333333333334,0.242217101894523,0.31798941798942,23.9823000984859,23.2066665681809,23.5944833333334,0.343805102195079,48.6274263867103,23.4218,23.4803363812865,0.0314984258657391,0.0503975058959544
"7234591","2009-07-15",8.39522288645956,0.199999999999999,0.199206349206351,0.258226659839565,23.9790682691427,23.2225983975241,23.6008333333334,0.388737582520462,50.3468497822503,23.4214,23.4816248637816,0.0319989324432557,0.0467177912054147
"7234590","2009-07-16",8.56596763456196,0.0630630630630633,0.132132132132133,0.191185194411003,23.9793387131811,23.2203279534857,23.5998333333334,0.32894401472583,48.5952689577244,23.4158,23.472074881944,0.00484375521681013,0.0383429840076938
"7234589","2009-07-19",8.67867127981714,0.225225225225225,0.162762762762764,0.164700414700416,23.9725592432318,23.2527740901016,23.6126666666667,0.473140133205987,52.5917605993065,23.4294,23.4877982310182,0.0446697238714489,0.0396083319804448
"7234588","2009-07-20",8.16799397664097,0.232072072072072,0.173453453453455,0.156116116116118,23.9772783281824,23.264895005151,23.6210866666667,0.557057296756538,52.7587630517605,23.438904,23.5024384668824,0.0779178533337976,0.0472702362511154
"7234587","2009-07-21",8.02900005531,0.108108108108109,0.18846846846847,0.174894894894897,23.9481861590406,23.3216538409595,23.6349200000001,0.295296539967476,49.367951504802,23.442904,23.4967800046314,0.0563644550802822,0.0490890800169487
"7234586","2009-07-22",7.67983426924509,0.0388349514563098,0.126338377212165,0.162753433044697,23.9244256427915,23.3674143572086,23.6459200000001,0.267952038533409,49.1208693713127,23.450504,23.4905426706806,0.035437601161914,0.0463587842459418
"7234585","2009-07-23",7.52430330744767,0,0.0489810198548077,0.121262621845148,23.9209003356795,23.3469396643206,23.6339200000001,0.214405519088994,48.0841929009912,23.454904,23.4798036479232,0.00504639864151724,0.0380963071250569
"7234584","2009-07-26",7.37988170006436,0.116504854368933,0.0517799352750823,0.0756997774473519,23.9198873497375,23.3509526502626,23.6354200000001,0.31470632728617,51.3980718046985,23.463304,23.4864964948667,0.0219409677000293,0.0348652392400514
"7234583","2009-07-27",7.81438551699561,0.0873786407766988,0.0679611650485453,0.0562407067261453,23.9202812200589,23.3518921132745,23.6360866666667,0.45996873785616,50.5296946488241,23.469704,23.4882969622178,0.0247350975681959,0.0328392109056803
"7234582","2009-07-28",8.21785334700319,0.152542372881356,0.118808622675664,0.0795165743330974,23.9042060776985,23.3473005889683,23.6257533333334,0.393901805849588,50.5296946488241,23.493704,23.4898573672555,0.0266419207024526,0.0315997528650347
"7234581","2009-07-29",8.94527949829273,0.186440677966101,0.14212056387472,0.109630117199643,23.8517319511798,23.3681080488204,23.6099200000001,0.50016541779584,51.1675876688854,23.512504,23.4938763849547,0.0346230174295581,0.0322044057779394
"7234580","2009-07-30",9.81319290386518,0.232558139534887,0.190513730127449,0.150480972225945,23.8429260835713,23.3679139164289,23.6054200000001,0.530693950615312,50.8147719486057,23.510304,23.4960262002941,0.0370846815077153,0.0331804609238946
"7234579","2009-08-02",10.5580329065464,0.209302325581395,0.209433714360796,0.180689336120989,23.7933665199943,23.3858068133391,23.5895866666667,0.419226558802324,50.4402177913797,23.520304,23.4965560402549,0.0351952521455479,0.0335834191682252
"7234578","2009-08-03",11.6894484825155,0.0930232558139516,0.178294573643413,0.19274733937722,23.7802406116199,23.3849327217135,23.5825866666667,0.442863101791174,48.5146780680004,23.522304,23.4903485682209,0.0163366113734575,0.0301340576092717
"7234577","2009-08-04",12.7400486602011,0.558139534883718,0.286821705426356,0.224849997810189,23.7506791397829,23.4018275268839,23.5762533333334,0.816505153626018,55.7855203240918,23.521904,23.5116354257915,0.0692657171139643,0.0379603895102102
"7234576","2009-08-05",12.6753811234945,0.186046511627903,0.279069767441859,0.248062015503876,23.6946908555283,23.4321491444718,23.5634200000001,0.525062684224405,49.7344365899323,23.510704,23.5087507023526,0.0556373906009489,0.041495789728358
"7234575","2009-08-06",11.8837591786834,0,0.248062015503875,0.271317829457364,23.6814561835836,23.4297171497498,23.5555866666667,0.292430547866903,45.4232399158746,23.511504,23.4889172753722,0.00019168352838328,0.033234968488363
"7234574","2009-08-09",11.1486816585016,0.16666666666667,0.117571059431526,0.214900947459087,23.6764242181754,23.4230824484913,23.5497533333334,0.264139433430577,48.3882135953686,23.496704,23.4823949719893,-0.0161018219262843,0.0233676104054336
"7234573","2009-08-10",11.4533750134821,0.250000000000002,0.138888888888892,0.168173987941431,23.6781723957847,23.4316676042154,23.5549200000001,0.615264831780271,49.8550936525191,23.493904,23.4820756423907,-0.0150968369281301,0.0156747209387208
"7234572","2009-08-11",12.1611148962867,0.811320754716979,0.409329140461218,0.221929696260546,23.7368706604832,23.4079693395169,23.5724200000001,1.26288332499291,59.4693494601238,23.496704,23.5231322234053,0.091077750134505,0.0307553267778777
"7234571","2009-08-12",11.5325210307898,0.350877192982455,0.470732649233147,0.339650226194419,23.7498831906095,23.4116234760573,23.5807533333334,0.80325810490252,51.5692826433834,23.498304,23.5280479269512,0.0951450325726855,0.0436332679368392
"7234570","2009-08-13",10.948826727114,0.473684210526315,0.545294052741918,0.475118614145428,23.7667578475969,23.4207488190699,23.5937533333334,0.893766218316948,53.589993136766,23.502304,23.5416415366911,0.120965023378239,0.0590996190251192
"7234569","2009-08-16",10.4068248737008,0.473684210526315,0.432748538011696,0.482925079995587,23.7751265295978,23.4210468037356,23.5980866666667,0.731341495573655,53.589993136766,23.511104,23.5534226651323,0.139795203376014,0.0752387358952982
"7234568","2009-08-17",10.160477524554,0.543859649122811,0.497076023391815,0.491706204715143,23.7844359246953,23.4178307419715,23.6011333333334,0.83151013422749,54.8387572156317,23.521104,23.5689663097813,0.166475724570025,0.0934861336302436
"7234567","2009-08-18",10.156931720972,0.543859649122811,0.520467836257314,0.483430799220275,23.7996090180271,23.4256576486397,23.6126333333334,0.831683056907876,54.8387572156317,23.531504,23.5824374684771,0.1854542493964,0.111879756783475
"7234566","2009-08-19",10.4717824130814,0.859649122807021,0.649122807017549,0.555555555555559,23.844560205574,23.4167064610927,23.6306333333334,1.07504073881965,60.3997078009382,23.545904,23.6181124726802,0.258995588864663,0.141302923199713
"7234565","2009-08-20",10.2205926904636,0.719298245614035,0.70760233918129,0.625730994152051,23.8645921789309,23.4320078210692,23.6483000000001,0.904622428324638,57.0380757035657,23.560304,23.6383641429895,0.286544635159602,0.170351265591691
"7234564","2009-08-23",10.3788238317941,0.640625,0.739857456140353,0.698860867446398,23.8896337053459,23.4386329613209,23.6641333333334,0.904729561428735,57.0380757035657,23.567504,23.6559155905909,0.304813441008389,0.19724370067503
"7234563","2009-08-24",11.4444827936528,0.590361445783134,0.650094897132391,0.699184897484678,23.9405028328457,23.422763833821,23.6816333333334,1.0440965438775,59.6430477757321,23.5776,23.6817935118454,0.342555882206264,0.226306136981277
"7234562","2009-08-25",12.4340232582358,0.710843373493974,0.647276606425704,0.679076319899483,23.9944487104797,23.4134846228537,23.7039666666667,1.03250566301056,62.6885321605631,23.5972,23.7175543769327,0.401768245256595,0.261398558636341
"7234561","2009-08-26",13.4002990997433,0.719999999999999,0.673734939759037,0.657035481105711,24.0461290579802,23.4044709420199,23.7253000000001,0.985253219622415,63.5765566738641,23.6184,23.752547126675,0.453503102790154,0.299819467467103
"7234560","2009-08-27",13.4406187133256,0.549295774647887,0.660046382713955,0.660352642966232,24.075433425101,23.4094999082325,23.7424666666667,0.831664739905586,58.114878940164,23.6368,23.768207509785,0.451837482116058,0.330223070396894
"7234559","2009-08-30",13.4780583545091,0.587301587301587,0.618865787316492,0.650882369929828,24.1047672141056,23.4248327858945,23.7648000000001,0.850818142803678,60.1269873110927,23.6528,23.7897798418137,0.465458691776144,0.357270194672744
"7234558","2009-08-31",14.0736192897321,0.536231884057972,0.55760974866915,0.612173972899866,24.134609177063,23.4426574896037,23.7886333333334,0.858454698252129,60.1269873110927,23.67,23.8084758629052,0.470762767469912,0.379968709232178
"7234557","2009-09-01",14.7865715302688,0.430769230769231,0.518100900709598,0.564858812231747,24.1642873114033,23.4476460219301,23.8059666666667,0.817267048391466,59.0307167265767,23.6864,23.8220124145178,0.462809845523493,0.396536936490441
"7234556","2009-09-02",14.3072097728035,0,0.322333704942402,0.466014784773717,24.1577046741343,23.4702286591992,23.8139666666667,0.377862405607493,44.2576598817107,23.6884,23.7884107592488,0.337408845823051,0.384711318356963
"7234555","2009-09-03",13.8620881408714,0.0985915492957749,0.176453593355003,0.338962733002335,24.1418082607624,23.5054584059044,23.8236333333334,0.300476631372747,47.1880684194606,23.6936,23.7686226580156,0.258738119870472,0.359516678659665
"7234554","2009-09-07",13.6456000601066,0.40845070422535,0.169014084507043,0.222600460934816,24.1265175038017,23.5640824961984,23.8453000000001,0.638741956454293,55.1655240304888,23.708,23.7808063036135,0.2679714935232,0.341207641632372
"7234553","2009-09-08",13.9508327796372,0.3943661971831,0.300469483568076,0.215312387143375,24.1213329450339,23.6062670549663,23.8638000000001,0.673828892690843,54.7606101863909,23.724,23.7900321297984,0.268776736201404,0.326721460546178
"7234552","2009-09-09",14.8834225769927,0.573333333333333,0.458716744913929,0.309400104329683,24.1554369773908,23.6004963559426,23.8779666666667,0.912116163713339,59.5560099244963,23.738,23.8180278458253,0.316580304550551,0.324693229347053
"7234551","2009-09-10",15.7493988173942,0.573333333333333,0.513677621283256,0.424287949921754,24.1699642531819,23.6236324134849,23.8967983333334,0.798661585280808,59.5560099244963,23.7584,23.8422907997152,0.35033107998097,0.329820799473836
"7234550","2009-09-13",17.1471700714666,0.441558441558442,0.52940836940837,0.500600911868519,24.182984406278,23.6429455937222,23.9129650000001,0.759922676055389,55.464849297304,23.7804,23.8513186930865,0.342623033260891,0.332381246231247
"7234549","2009-09-14",18.4451005216766,0.545454545454543,0.520115440115441,0.521067143602356,24.1853205884094,23.6776094115907,23.9314650000001,0.733469353073273,58.2127253896273,23.8024,23.8698095340083,0.359399075747602,0.337784812134518
"7234548","2009-09-15",19.7252997634355,0.571428571428573,0.519480519480521,0.523001443001444,24.1904000747144,23.7072632586191,23.9488316666667,0.750795073562314,58.8955478150719,23.8236,23.8885015961406,0.375076842499888,0.345243218207592
"7234547","2009-09-16",21.2454519098579,0.636363636363635,0.584415584415585,0.541337181337183,24.2023040953539,23.7350259046462,23.9686650000001,0.85239892767917,60.6276738705287,23.8344,23.9113680499885,0.399714434938248,0.356137461553723
"7234546","2009-09-17",22.6570217601072,0.636363636363635,0.614718614718615,0.572871572871574,24.2146645239819,23.7439954760182,23.9793300000001,0.735062550098103,60.6276738705287,23.8544,23.9311856433234,0.414393351527553,0.367788639548489
"7234545","2009-09-20",24.2966380887432,0.636363636363635,0.636363636363636,0.611832611832613,24.225664618091,23.7626620485757,23.9941633333334,0.771783948841439,60.6276738705287,23.8716,23.9483608908802,0.421117032950269,0.378454318228845
"7234544","2009-09-21",25.8191389653337,0.68831168831169,0.653679653679655,0.634920634920636,24.2348752679285,23.780618065405,24.0077466666667,0.743445048426936,62.2184688844433,23.8904,23.9685794387629,0.434851669033187,0.389733788389714
"7234543","2009-09-22",27.505093432844,0.66233766233766,0.662337662337663,0.650793650793651,24.2482529751716,23.7839070248285,24.0160800000001,0.745334324366942,60.8936699086776,23.9068,23.9834355135945,0.433950565259589,0.398577143763689
"7234542","2009-09-23",29.1418827340112,0.685714285714287,0.67878787878788,0.664935064935066,24.2644419737527,23.7827180262475,24.0235800000001,0.790110828114401,62.6084891840768,23.9248,24.0016441117819,0.441555643207936,0.407172843652538
"7234541","2009-09-24",30.9707479379983,0.816326530612245,0.721459492888065,0.687528344671203,24.3013372734283,23.7701560599051,24.0357466666667,0.959830519444,67.5836135374122,23.9408,24.034758230211,0.485577864906972,0.422853847903425
"7234540","2009-09-27",32.974549677843,0.677966101694913,0.726668972673816,0.708972114783255,24.3425138506564,23.763979482677,24.0532466666667,0.94956130709224,67.5836135374122,23.96,24.0634571328495,0.5143985820524,0.44116279473322
"7234539","2009-09-28",35.0037111083252,0.576271186440678,0.690187939582613,0.712772135048165,24.3824413160187,23.7570520173148,24.0697466666667,0.921476138483489,67.5836135374122,23.9792,24.0883295151363,0.531009481878364,0.459132132162249
"7234538","2009-09-29",36.5413595535508,0.525423728813557,0.593220338983051,0.67002575041316,24.4132169743286,23.7539430256716,24.0835800000001,0.848494482151625,65.0875213954065,23.994,24.1058855797848,0.527965788341467,0.472898863398092
"7234537","2009-09-30",37.9691759669746,0.525423728813557,0.542372881355932,0.608593719973866,24.4348926092932,23.7566007240402,24.0957466666667,0.766728828596378,65.0875213954065,24.0048,24.1211008358135,0.519516753491711,0.482222441416816
"7234536","2009-10-01",39.2950054937252,0.450980392156862,0.500609283261327,0.545400834533437,24.4261044386185,23.8200555613816,24.1230800000001,0.753422904381692,65.0875213954065,24.0144,24.1342873910383,0.506938895847364,0.487165732302926
"7234535","2009-10-04",39.6254098089412,0.285714285714281,0.420706135561568,0.487896100059609,24.3808580100416,23.9156353232918,24.1482466666667,0.6112442166027,58.7626537716178,24.0256,24.1363824055665,0.468155290705674,0.483363643983475
"7234534","2009-10-05",40.6628402178789,0.22727272727273,0.321322468381292,0.414212629068063,24.3789940372059,23.9518326294609,24.1654133333334,0.73703764314246,59.3700700462723,24.0348,24.1395314181577,0.435736732568515,0.473838261700483
"7234533","2009-10-06",41.5073092082474,0.204545454545454,0.239177489177489,0.327068697706783,24.3730430074529,23.9874469925472,24.180245,0.680815319586948,58.442999264463,24.0436,24.14092722907,0.402065213448499,0.459483652050086
"7234532","2009-10-07",42.4782496572249,0.431818181818183,0.28787878787879,0.282792915145857,24.392231634411,23.9909250322558,24.1915783333334,0.853233660345158,64.4253356184687,24.0572,24.155470265194,0.404128097662304,0.44841254117253
"7234531","2009-10-08",43.3798372169896,0.5,0.37878787878788,0.301948051948054,24.4084981789513,24.0036584877154,24.2060783333334,0.85542051940118,66.5025578043658,24.086,24.1734075631681,0.414303236381142,0.441590680214252
"7234530","2009-10-11",44.2170256653426,0.523809523809527,0.485209235209238,0.383958633958636,24.4204382939574,24.0217183727094,24.2210783333334,0.831699002111553,67.0210046710827,24.1124,24.1902865547457,0.420803482123744,0.437433240596151
"7234529","2009-10-12",44.2831829703403,0.342105263157893,0.455304928989141,0.439767347662087,24.4193512069362,24.0478054597305,24.2335783333334,0.678771166582189,61.8652300139541,24.128,24.1982483474463,0.40458196198232,0.430862984873385
"7234528","2009-10-13",44.7782720972039,0.714285714285711,0.526733500417712,0.489082554872031,24.4402056923423,24.0629509743245,24.2515783333334,0.972947475923194,69.4564061426907,24.15,24.2251485677868,0.43664960093337,0.432020308085382
"7234527","2009-10-14",44.5672224065847,0.571428571428577,0.542606516290728,0.508214981899194,24.4546488480553,24.0745078186114,24.2645783333334,0.838703244394075,64.8241934993085,24.164,24.2417954254152,0.440259409219168,0.433668128312139
"7234526","2009-10-15",43.7362072962037,0.428571428571433,0.571428571428575,0.546922862712339,24.4522537438569,24.1022395894765,24.2772466666667,0.688811411880177,60.4803407735228,24.176,24.2495560353598,0.421587878623786,0.431252078374468
"7234525","2009-10-18",42.4780125356954,0.314285714285722,0.438095238095245,0.517376775271516,24.4477053354906,24.1271213311762,24.2874133333334,0.612045515423575,57.1792957869637,24.19,24.2509485639785,0.388989257367034,0.422799514172981
"7234524","2009-10-19",41.6501975068969,0.257142857142856,0.333333333333338,0.447619047619053,24.4387202187284,24.1569397812717,24.29783,0.602337362120972,55.5468041020158,24.2,24.2494887554481,0.352437761651503,0.408727163668686
"7234523","2009-10-20",40.8815121230126,0.314285714285722,0.295238095238101,0.355555555555562,24.425456939067,24.1892030609331,24.30733,0.553628749293052,56.8728175987491,24.21,24.2508902547217,0.326364427473003,0.392254616429549
"7234522","2009-10-21",40.2405287647585,0.521428571428572,0.364285714285718,0.330952380952386,24.4187455740315,24.2167477593019,24.3177466666667,0.766933580801953,61.371130372658,24.2209,24.2617715540921,0.326055836004691,0.379014860344577
"7234521","2009-10-22",39.6453299320939,0.714285714285711,0.51666666666667,0.392063492063496,24.4326821397671,24.216477860233,24.32458,0.925924347404362,65.0284574563866,24.2345,24.2802020135465,0.344255701057938,0.37206302848725
"7234520","2009-10-25",38.1175335509706,0.521428571428572,0.585714285714286,0.488888888888891,24.4369356383384,24.2177243616617,24.32733,0.68704937973499,59.0115477900341,24.2454,24.287175078407,0.332383423466465,0.364127107483093
"7234519","2009-10-26",35.9087051244791,0.115384615384619,0.450366300366302,0.51758241758242,24.4364127660822,24.2172472339179,24.32683,0.484045544789008,54.0268312869135,24.2522,24.2848850679527,0.298760310441892,0.351053748074853
"7234518","2009-10-27",34.0646752564637,0.230769230769238,0.289194139194144,0.441758241758244,24.4385081145274,24.2188185521394,24.3286633333334,0.597121895253917,55.9502457123023,24.261,24.2869003922257,0.278868187903059,0.336616636040494
"7234517","2009-10-28",32.6607833182463,0.269230769230769,0.20512820512821,0.314896214896219,24.4414822880715,24.2248443785953,24.3331633333334,0.654651295400193,56.6020261368561,24.2686,24.2899803399289,0.26338753294981,0.321970815422357
"7234516","2009-10-29",31.3571693756158,0.269230769230769,0.25641025641026,0.250244200244205,24.44151677646,24.2311465568734,24.3363316666667,0.517595963315958,56.6020261368561,24.271,24.2926496279384,0.248254343596011,0.307227521057088
"7234515","2009-11-01",30.5683229917817,0.269230769230769,0.26923076923077,0.243589743589747,24.4286703055425,24.2593263611243,24.3439983333334,0.555124498440275,56.6020261368561,24.2734,24.2949630108799,0.233566406405195,0.292495298126709
"7234514","2009-11-02",29.8358227782214,0.384615384615388,0.307692307692309,0.27777777777778,24.4269952759771,24.2716680573564,24.3493316666667,0.654523250205278,58.8816779094546,24.277,24.3009679427626,0.229243405102353,0.279844919521838
"7234513","2009-11-03",29.2675090150006,0.500000000000007,0.384615384615389,0.320512820512823,24.4221637437856,24.2911695895479,24.3566666666667,0.805357137749623,61.0831895209804,24.283,24.3101722170609,0.23308132900457,0.270492201418384
"7234512","2009-11-04",28.3862411977711,0.423076923076932,0.435897435897443,0.376068376068381,24.4233312373269,24.2936687626732,24.3585000000001,0.588691813345827,58.8220910333167,24.2882,24.3154825881195,0.226858315089928,0.261765424152693
"7234511","2009-11-05",27.389188813455,0.384615384615388,0.435897435897443,0.418803418803425,24.4237161866758,24.2942871466577,24.3590016666667,0.507713364273883,57.6725574296108,24.293,24.3187515763702,0.21611187885624,0.252634715093403
"7234510","2009-11-08",27.0948973378504,0.318181818181805,0.375291375291376,0.415695415695421,24.4246652243471,24.295004775653,24.3598350000001,0.578397075610352,56.4838092270783,24.3002,24.3202513661875,0.201946965622546,0.242497165199231
"7234509","2009-11-09",26.8216266819319,0.285714285714278,0.329503829503825,0.380230880230882,24.4214629682927,24.3038736983741,24.3626683333334,0.448960762568968,56.4838092270783,24.307,24.3215511840292,0.188546775208875,0.23170708720116
"7234508","2009-11-10",29.1802009517166,0.187692307692308,0.263862803862798,0.322886002886,24.4486625471077,24.2845141195591,24.3665883333334,1.36392339411634,60.0726058060751,24.315704,24.3276910261586,0.188228574752003,0.223011384711329
"7234507","2009-11-11",30.8184566296,0.115384615384613,0.196263736263734,0.263210123210119,24.4459041163442,24.2832725503225,24.3645883333334,0.430794492881201,55.1725014583482,24.318904,24.3279988893375,0.173500524325876,0.213109212634238
"7234506","2009-11-12",32.5191560971856,0.115384615384613,0.139487179487179,0.199871239871237,24.4464849263664,24.2850250736337,24.3657550000001,0.505646398477295,55.1725014583482,24.320504,24.3282657040925,0.159984152061909,0.202484200519772
"7234505","2009-11-15",33.6493327121838,0,0.0769230769230764,0.137557997557997,24.4458632757165,24.2886467242836,24.3672550000001,0.411449102910372,51.3003531024142,24.320504,24.3244969435468,0.137733524226502,0.189534065261118
"7234504","2009-11-16",34.6987824261107,0.0612244897959136,0.0588697017268433,0.0917599860456997,24.4455043650283,24.2926723016385,24.3690883333334,0.462344289068625,54.7224837961925,24.323704,24.3252306844072,0.128570569419661,0.177341366092827
"7234503","2009-11-17",35.3503477860429,0.0204081632653021,0.0272108843537396,0.0543345543345533,24.4442125380748,24.2972974619253,24.3707550000001,0.381416753655688,52.094307622342,24.320104,24.3231999264863,0.113366994504882,0.164546491775238
"7234502","2009-11-18",35.789511948041,0,0.0272108843537396,0.0377638234781077,24.4440794487927,24.2935972178741,24.3688383333334,0.264058521837858,50.781064424177,24.318104,24.3201066029548,0.0968836567150744,0.151013924763205
"7234501","2009-11-19",36.4044699311287,0.0408163265306115,0.0204081632653056,0.0249433106575951,24.437930950539,24.2937457161278,24.3658383333334,0.436389695490141,53.3158378074003,24.318904,24.3200923892275,0.0894262082428376,0.138696381459132
"7234500","2009-11-22",36.9755023439958,0.0408163265306115,0.0272108843537421,0.0249433106575959,24.4374452854857,24.2930613811811,24.3652533333334,0.440298054401742,53.3158378074003,24.321304,24.3200800706638,0.082564338326141,0.127469972832534
"7234499","2009-11-23",37.5057467273724,0.081632653061223,0.0544217687074831,0.0340136054421771,24.4367686225844,24.2974813774157,24.3671250000001,0.454350929076886,55.9470237633172,24.325304,24.322736061242,0.082807311957267,0.11853744065748
"7234498","2009-11-24",38.6068218393591,0.142857142857144,0.0884353741496605,0.0566893424036287,24.4417017711389,24.2985482288612,24.3701250000001,0.778547071665054,59.6231494846909,24.329704,24.329037919743,0.0918901507275693,0.113207982671498
"7234497","2009-11-26",39.6292487290611,0.387755102040813,0.204081632653061,0.115646258503402,24.464850879438,24.2877324538955,24.3762916666667,1.1419904252478,70.2995128818907,24.336004,24.350499530444,0.137276363987016,0.118021658934602
"7234496","2009-11-29",38.8935196438996,0.204081632653058,0.244897959183672,0.179138321995465,24.4706553315925,24.2909246684076,24.3807900000001,0.77379857798286,57.9279395031875,24.336004,24.3570995930514,0.141758352688925,0.122768997685466
"7234495","2009-11-30",38.9295267129607,0.20428571428571,0.265374149659861,0.238117913832198,24.4813529342847,24.2909003990488,24.3861266666667,0.888233214687127,57.9367971249731,24.338708,24.3628329806446,0.143681084371039,0.126951415022581
"7234494","2009-12-01",39.0355205605939,0.379310344827585,0.262559230588785,0.25761044647744,24.4926891056352,24.2892308943649,24.3909600000001,0.888482723338762,58.8602294916215,24.344308,24.3691219165586,0.14678576749334,0.130918285516733
"7234493","2009-12-02",36.9412213930795,0,0.194532019704433,0.24082179998436,24.4933812836715,24.2808753829953,24.3871283333334,0.184267590751375,42.9588022860366,24.342508,24.3539056610175,0.0967939648633065,0.124093421386048
"7234492","2009-12-03",36.7709335631232,0.483370786516853,0.287560377114814,0.248217209136011,24.5225091345496,24.2694208654505,24.3959650000001,1.09571442749987,59.3649965837881,24.348912,24.3693982395485,0.126959790391701,0.124666695187178
"7234491","2009-12-06",35.2085868451286,0,0.161123595505619,0.214405330774955,24.536448755,24.2414812450001,24.3889650000001,-0.0728258003741008,34.8029600472044,24.335712,24.3174784742754,-0.0114416508385728,0.097445025982028
"7234490","2009-12-07",33.7578363212765,0.444444444444446,0.309271743653767,0.252651905424733,24.5362406139153,24.2391893860849,24.3877150000001,0.356203253856105,49.4959476345654,24.335312,24.3151480110386,-0.0148747880529876,0.0749810631750249
"7234489","2009-12-08",31.3807515939284,0.444444444444446,0.296296296296298,0.255563878485228,24.537795373454,24.2419679598794,24.3898816666667,0.534203501328747,49.4959476345654,24.333712,24.3131282762335,-0.0173953990836528,0.0565057707232893
"7234488","2009-12-09",29.1734586328194,0.486111111111109,0.458333333333334,0.354633791094467,24.5229952475648,24.2469280857686,24.3849616666667,0.590696528954646,50.7038609868316,24.332112,24.3153778394024,-0.00932810308998944,0.0433389959606336
"7234487","2009-12-10",27.2470672361975,0.458333333333332,0.462962962962963,0.405864197530865,24.5231819817153,24.2447413516182,24.3839616666667,0.318171890662197,49.8479079909865,24.330512,24.3146607941487,-0.00946369944356817,0.0327784568797932
"7234486","2009-12-13",25.8788135011131,0.402777777777777,0.449074074074074,0.45679012345679,24.5229497237367,24.2429736095968,24.3829616666667,0.370363941182792,48.0990285622842,24.327712,24.3087060215956,-0.0225884507150553,0.0217050753608235
"7234485","2009-12-14",24.6082921756776,0.444444444444446,0.435185185185186,0.449074074074074,24.5229316179048,24.2426583820953,24.3827950000001,0.382989184089101,49.5292351230872,24.326512,24.3075452187161,-0.0227698347792571,0.0128100933328074
"7234484","2009-12-15",23.6745950655902,0.430555555555554,0.425925925925927,0.436728395061729,24.5228134172792,24.2421099160542,24.3824616666667,0.408105884367381,49.0440880989121,24.324912,24.3052058562207,-0.0259348727686182,0.00506110011252229
"7234483","2009-12-16",22.0200856849612,0.263888888888891,0.379629629629631,0.413580246913581,24.5283382627091,24.2265850706243,24.3774616666667,0.0886428492245167,43.5334626638204,24.317008,24.2871784087246,-0.0675258483297747,-0.00945628957593711
"7234482","2009-12-17",20.5472353669674,0.305555555555554,0.333333333333334,0.379629629629631,24.5305049743826,24.2190850256175,24.3747950000001,0.195603957370302,45.1914723230781,24.311808,24.2755546208946,-0.0895111314874297,-0.0254672579582356
"7234481","2009-12-20",19.179588643116,0.380555555555557,0.316666666666669,0.343209876543212,24.531413552477,24.2114431141897,24.3714283333334,0.243429422919576,48.1430875596845,24.308768,24.272680671442,-0.0879765623292617,-0.0379691188324408
"7234480","2009-12-21",18.2079143535916,0.402777777777777,0.362962962962964,0.337654320987656,24.5311507724516,24.2073792275485,24.3692650000001,0.327352544677363,49.0191391425455,24.307568,24.2723232485831,-0.0805132802306874,-0.0464779511120901
"7234479","2009-12-22",18.1150613825326,0.444444444444446,0.409259259259261,0.362962962962965,24.5317398348231,24.2080468318437,24.3698933333334,0.510627353598272,50.7008390736774,24.306368,24.2760134821053,-0.0638884188310707,-0.0499600446558863
"7234478","2009-12-23",18.0288407665493,0.472222222222223,0.439814814814816,0.404012345679014,24.5290702105222,24.2073831228112,24.3682266666667,0.526236676330412,51.8413746789417,24.306768,24.281878351158,-0.0435645754823022,-0.0486809508211694
"7234477","2009-12-27",18.0168850584498,0.395348837209298,0.43733850129199,0.428804191788689,24.5148447154847,24.211941951182,24.3633933333334,0.598843601077306,53.0120606207628,24.308368,24.2896279043369,-0.0205784472476545,-0.0430604501064664
"7234476","2009-12-28",18.0057833295002,0.720930232558137,0.52950043066322,0.468884582256676,24.523853877645,24.2082661223551,24.3660600000001,0.871602926183156,60.2891573498064,24.314768,24.3150108504253,0.0436056527377771,-0.0257272295376177
"7234475","2009-12-29",18.7446847853045,0.697906976744179,0.604728682170539,0.52385587137525,24.5343914722901,24.2030618610434,24.3687266666667,0.936644744153467,59.5863914572802,24.320772,24.3356894037019,0.0900928154511149,-0.00256322053987122
"7234474","2009-12-30",19.4308075656943,0.837209302325581,0.752015503875967,0.628748205569909,24.5469254794859,24.1966945205142,24.37181,0.956432141624417,62.4392609314841,24.328372,24.3615974832083,0.145059633644551,0.0269613502970132
"7234473","2010-01-03",19.1764756821255,0.651162790697669,0.728759689922478,0.695167958656328,24.5619092492655,24.199254084068,24.3805816666667,0.816788539155025,56.6840289869234,24.331572,24.3733844854472,0.160236819486981,0.0536164441350067
"7234472","2010-01-04",19.718196059872,0.528301886792451,0.672224659938568,0.717666617912338,24.5588620387752,24.2009612945582,24.3799116666667,0.928670990897906,56.6840289869234,24.329972,24.3835998873876,0.170286372338135,0.0769504297756324
"7234471","2010-01-05",20.5236523967929,0.568965517241378,0.5828100649105,0.661264804923849,24.582102384026,24.2140542826407,24.3980783333334,1.00334453377877,59.3968092946086,24.333972,24.3991199024026,0.192552163502091,0.100070776520924
"7234470","2010-01-06",20.2355209823915,0.396551724137927,0.497939709390586,0.584324811413218,24.5898993139557,24.219317352711,24.4046083333334,0.691568058057034,52.3370414808008,24.333968,24.3992372487489,0.175099407946888,0.115076502806117
"7234469","2010-01-07",19.9679703833044,0.454545454545454,0.473354231974921,0.518034668758669,24.5985256649042,24.2200243350959,24.409275,0.72208200265995,55.2039988600528,24.335568,24.4060056155824,0.175771962534443,0.127215594751782
"7234468","2010-01-10",19.7951609990916,0.395161290322578,0.415419489668654,0.46223781034472,24.6066577016595,24.2205589650073,24.4136083333334,0.715122002349627,55.2039988600528,24.343368,24.4118715335047,0.174289582133835,0.136630392228193
"7234467","2010-01-11",20.0806526858955,0.458333333333331,0.436013359400455,0.441595693681343,24.6213491977888,24.226867468878,24.4241083333334,0.802231995203293,57.5718463528008,24.344164,24.4222886623708,0.184201190657163,0.146144551913987
"7234466","2010-01-12",20.3457521093564,0.577777777777774,0.477090800477895,0.442841216515668,24.6420538567397,24.230162809927,24.4361083333334,0.865529511987083,61.4155470246329,24.367364,24.4406501740547,0.212700346426797,0.159455710816549
"7234465","2010-01-13",20.5919158597128,0.465116279069766,0.500409130060291,0.471171096646214,24.657508184689,24.2370418153111,24.447275,0.799805983341345,58.172453716067,24.376164,24.4512301508474,0.219522280827533,0.171469024818746
"7234464","2010-01-14",20.8204964850439,0.439024390243902,0.493972815697148,0.490490915411778,24.667866284943,24.2463503817238,24.4571083333334,0.72828320180823,58.172453716067,24.384964,24.4603994640677,0.222350991447806,0.181645418144558
"7234463","2010-01-18",21.2965245035043,0.436285714285721,0.446808794533131,0.48039691343019,24.6693797881692,24.2780168784976,24.4736983333334,0.784735720340605,60.1667251162312,24.393872,24.472706202192,0.232679146532777,0.191852163822202
"7234462","2010-01-19",22.5060445886207,0.514285714285711,0.463198606271779,0.467993405500686,24.6781517280809,24.3049116052526,24.4915316666667,0.888851549239032,61.8040641147031,24.404672,24.4870120418998,0.246992111085298,0.202880153274821
"7234461","2010-01-20",22.5114186823599,0.285714285714289,0.412095238095241,0.440700879633384,24.6678269129225,24.3413030870776,24.504565,0.639147579452673,54.707451482598,24.413872,24.4887437696465,0.229318319933691,0.208167786606595
"7234460","2010-01-21",23.2476886210455,0.342857142857144,0.380952380952382,0.418748741773134,24.6609869723345,24.3764730276655,24.51873,0.7739291627948,56.0656491234078,24.422672,24.4929112670269,0.219370304268351,0.210408290138946
"7234459","2010-01-24",23.9313678498249,0.457142857142856,0.361904761904764,0.384984126984129,24.6637908521062,24.3986691478939,24.53123,0.847400201001756,58.7311178873772,24.433472,24.5018564314233,0.222095012056234,0.212745634522404
"7234458","2010-01-25",23.0915863918437,0.114285714285722,0.304761904761908,0.349206349206352,24.6507095904308,24.4260837429026,24.5383966666667,0.418100846945507,49.1059291479312,24.444272,24.4936089072336,0.182624193506453,0.206721346319214
"7234457","2010-01-26",23.5142649753405,0.377777777777779,0.31640211640212,0.327689594356264,24.6558117899378,24.4479815433956,24.5518966666667,1.03619080244903,57.2749555529953,24.459072,24.5037943862691,0.19194897278676,0.203766871612723
"7234456","2010-01-27",24.0269794362416,0.48837209302325,0.326811861695584,0.315991960953204,24.6870237264239,24.4407696069095,24.5638966666667,1.14744771369131,61.382810426219,24.474912,24.5232884680999,0.223077928989768,0.207629083088132
"7234455","2010-01-28",24.270645465803,0.441860465116274,0.436003445305769,0.359739141134491,24.6979008489349,24.4440524843985,24.5709766666667,0.830998127511111,59.8339755463003,24.489312,24.5375166723532,0.238381244260366,0.213779515322579
"7234454","2010-01-31",22.8073559824213,0.0465116279069758,0.325581395348834,0.362798900783396,24.6978829835462,24.4442370164539,24.57106,0.351262501433851,48.6070419704471,24.495712,24.5271811160395,0.192374210803647,0.209498454418793
"7234453","2010-02-01",21.4485871764241,0.139534883720927,0.209302325581393,0.323629055411999,24.6962618258714,24.451311507462,24.5737866666667,0.402891872845217,50.9396393495071,24.502912,24.5235569672342,0.167144664843843,0.201027696503803
"7234452","2010-02-02",20.5181861129087,0.162790697674419,0.116279069767442,0.21705426356589,24.6967079577461,24.454532042254,24.57562,0.476793728688408,51.5319053570188,24.509712,24.521749371603,0.14872682941216,0.190567523085474
"7234451","2010-02-03",19.6542422682159,0.162790697674419,0.155038759689923,0.160206718346253,24.6957669638268,24.4534730361733,24.57462,0.45341745962842,51.5319053570188,24.510912,24.5201827887226,0.132602563260908,0.178974531120561
"7234450","2010-02-04",19.1983645698875,0.256046511627905,0.193875968992249,0.155064599483205,24.693783773744,24.4682362262561,24.58101,0.599269534292583,54.1084211551811,24.514112,24.5241717502262,0.131503666035893,0.169480358103627
"7234449","2010-02-07",18.7750495642969,0.279069767441855,0.232635658914727,0.193850129198966,24.6924121220458,24.4809212112876,24.5866666666667,0.593621044653741,54.7479942727052,24.515312,24.5289488501961,0.132360857417302,0.162056457966362
"7234448","2010-02-08",19.0641126202244,0.511627906976742,0.348914728682168,0.258475452196382,24.7050809465993,24.4885857200674,24.5968333333334,0.976530907028582,60.7051901730226,24.523712,24.5464223368366,0.164024969220811,0.162450160217252
"7234447","2010-02-09",19.5655635656138,0.860465116279064,0.550387596899221,0.377312661498706,24.7498877825448,24.4704455507886,24.6101666666667,1.21511500633746,67.5961092552491,24.538112,24.5815660252584,0.235618136516225,0.177083755477046
"7234446","2010-02-10",18.7429360718801,0.604651162790693,0.658914728682168,0.519405684754519,24.7701734949069,24.4664931717599,24.6183333333334,0.933569963645236,59.3733159612019,24.546112,24.5973572218906,0.253246707311594,0.192316345843956
"7234445","2010-02-11",17.9790676848416,0.651162790697669,0.705426356589143,0.638242894056844,24.7906044446114,24.4650622220554,24.6278333333334,0.91622865057592,60.3184816531437,24.558912,24.6137095923052,0.270622608402138,0.207977598355592
"7234444","2010-02-15",17.2697613254488,0.756097560975606,0.670637171487991,0.678326085586434,24.8138633154246,24.4658033512422,24.6398333333334,0.941015962179144,62.6574545164887,24.571712,24.6345483133312,0.297307906187516,0.225843659921977
"7234443","2010-02-16",18.6779489419419,0,0.469086783891093,0.615050103989409,24.8183564606454,24.4531302060214,24.6357433333334,0.137457607924778,40.2010025264814,24.566912,24.5939418715537,0.172260311115835,0.215126990160749
"7234442","2010-02-17",19.9855517286855,0.596153846153847,0.450750469043152,0.530158141474078,24.8198271919383,24.4539894747285,24.6369083333334,0.563028857464826,52.9857373241491,24.572912,24.6000829553465,0.172813571490882,0.206664306426775
"7234441","2010-02-18",19.8147028643336,0.749999999999997,0.448717948717949,0.456185067217398,24.8338281668635,24.4613218331366,24.6475750000001,0.8107553425337,55.6225148267389,24.579312,24.6160718946336,0.19719956423665,0.20477135798875
"7234440","2010-02-21",19.5716085371015,0.754716981132078,0.700290275761975,0.533252897841025,24.8488215113009,24.4639951553659,24.6564083333334,0.803838336945121,55.955047784035,24.587712,24.6312623086825,0.217266529984284,0.207270392387857
"7234439","2010-02-22",18.2506805861322,0.656618415161917,0.720445132097998,0.623151118859307,24.876256557728,24.4588967756055,24.6675766666667,0.92918206546481,57.3323074799918,24.597712,24.6497606675248,0.24342845994445,0.214502005899176
"7234438","2010-02-23",17.901294592107,0.447694373974034,0.619676590089344,0.680137332649772,24.8762372605845,24.4792494060823,24.6777433333334,0.614839785355936,51.2874815797978,24.600804,24.6471259118549,0.215826613991577,0.214766927517656
"7234437","2010-02-24",17.4251140531446,0.552156394567975,0.552156394567976,0.630759372251773,24.8863558801422,24.4804641198579,24.6834100000001,0.729757476725557,53.9044476206503,24.605604,24.6541757902742,0.214393463819063,0.214692234777937
"7234436","2010-02-25",16.9829464098224,0.671541560961053,0.557130776501022,0.576321253719447,24.8964089878764,24.4784110121237,24.6874100000001,0.777329891668829,56.7632687772152,24.616804,24.670952351571,0.23668815833926,0.219091419490202
"7234435","2010-02-28",15.8644672010679,0.701387852559322,0.641695269362784,0.583660813477261,24.9164829034222,24.4775037632446,24.6969933333334,0.840957734968236,57.4733593278956,24.628004,24.6881587046948,0.257886089703341,0.22685035353283
"7234434","2010-03-01",14.8258793643673,0.790926727354126,0.721285380291501,0.640037142051769,24.9348073623415,24.4941793043253,24.7144933333334,0.883180319383435,59.6161255961681,24.640004,24.7110708774022,0.290886831236303,0.239657649073524
"7234433","2010-03-02",14.3157162561926,0.701387852559322,0.731234144157591,0.698071597937292,24.9392372477494,24.5167494189174,24.7279933333334,0.717773531893183,56.5477150440116,24.654404,24.7229280937486,0.294016851032275,0.250529489465274
"7234432","2010-03-03",14.8169630437007,0.477540665572302,0.656618415161918,0.703045979870337,24.9347092451057,24.5378774215611,24.7362933333334,0.499260811971248,49.66548629203,24.657604,24.7132043479154,0.244711350683247,0.249365861708869
"7234431","2010-03-04",15.1733957791558,0.462617519773171,0.547182012634932,0.645011523984814,24.9267235233636,24.5628631433031,24.7447933333334,0.468504402710318,49.2352730067977,24.657204,24.7034437681934,0.200062594478601,0.239505208262815
"7234430","2010-03-07",15.5043690335071,0.477540665572302,0.472566283639259,0.558788903812036,24.9211035593109,24.5794764406892,24.7502900000001,0.391821624653728,49.704457131408,24.658004,24.6963179324343,0.166028865081214,0.224809939626495
"7234429","2010-03-08",15.8117013411189,0.189138070791678,0.376432085379051,0.465393460551081,24.9144587615224,24.5983012384777,24.7563800000001,0.411078082018586,52.0888223994716,24.667604,24.6968088747764,0.153623509543466,0.210572653609889
"7234428","2010-03-09",15.0637642226685,0.324236692785736,0.330305143049906,0.393101170689406,24.9179976709456,24.6044189957211,24.7612083333334,0.612757454912901,54.4160554394856,24.677604,24.7039010248062,0.158300581457871,0.200118239179485
"7234427","2010-03-10",14.2336940265509,0.459335314779793,0.324236692785737,0.343657973738231,24.921146982398,24.6037530176021,24.7624500000001,0.728055166013673,56.6820338589412,24.689204,24.7167142214987,0.17629180022265,0.195352951388118
"7234426","2010-03-11",14.2622633917017,0.189138070791678,0.324236692785737,0.32625950954046,24.9206992769913,24.6022007230088,24.7614500000001,0.401255438661146,51.2001505939133,24.696804,24.7144856586322,0.156092783451856,0.187500917800866
"7234425","2010-03-14",13.4887863679255,0.387096774193549,0.345190053255008,0.331221146275494,24.9247971463708,24.6030995202959,24.7639483333334,0.653410105224475,53.615668956181,24.7048,24.7192209041479,0.154626166136373,0.180925967467967
"7234424","2010-03-15",13.588096250412,0,0.192078281661743,0.287168342567496,24.92257004418,24.5939266224868,24.7582483333334,0.259876526377804,44.5844987065405,24.7048,24.6979914502615,0.090374965872253,0.162815767148824
"7234423","2010-03-16",13.6803125698637,0.15789473684211,0.181663837011887,0.239644057309546,24.8874474300395,24.6490492366273,24.7682483333334,0.227703473457942,47.5869375437646,24.7032,24.6875925902267,0.058366691101619,0.141925951939383
"7234422","2010-03-17",14.1935464355781,0,0.0526315789473712,0.142124565873667,24.8968349260103,24.6339984073232,24.7654166666667,-0.116669761656458,44.5540156317173,24.6928,24.6692469115298,0.00998233967035578,0.115537229485578
"7234421","2010-03-18",14.6701207394559,0.102590407796869,0.0868283815463274,0.107041265835195,24.905620374916,24.6098796250841,24.7577500000001,0.000407028507034606,46.6465964321262,24.6884,24.6586806566591,-0.0151214229739627,0.0894054989936698
"7234420","2010-03-21",13.6740740446862,0.12823800974609,0.0769428058476541,0.0721342554471175,24.9048471314739,24.6007062018596,24.7527766666667,0.24054790948355,47.1832677169574,24.6836,24.6508565691046,-0.0313892078924072,0.0652465576164544
"7234419","2010-03-22",13.1907057366089,0.333418825339827,0.188082414294263,0.117284533896082,24.8939644144164,24.6022522522504,24.7481083333334,0.517911491797771,51.3953667164205,24.68,24.6547423598906,-0.0178872692854104,0.0486197922360814
"7234418","2010-03-23",13.6398388338226,0.240000000000002,0.233885611695308,0.166303610612408,24.8986390215756,24.6049109784245,24.7517750000001,0.65283411888435,50.8494728767572,24.6936,24.6567767119052,-0.0103420126736919,0.0368274312541267
"7234417","2010-03-24",13.2344349431548,0.0196078431372511,0.197675556159028,0.2065478607162,24.8960612646845,24.6024887353157,24.7492750000001,0.42298893434614,45.1664715540103,24.6904,24.6438731503179,-0.0399138142997746,0.0214791821433465
"7234416","2010-03-25",12.857988473249,0.0980392156862763,0.119215686274511,0.183592284709615,24.8903598495095,24.5968568171572,24.7436083333334,0.317349984755724,47.465720884038,24.6856,24.6380233969421,-0.0496875363106386,0.00724583845254947
"7234415","2010-03-28",12.5084310369079,0.0980392156862763,0.0718954248366023,0.129595555756714,24.8768430460985,24.5927069539016,24.7347750000001,0.27202825765906,47.465720884038,24.6804,24.6329536106832,-0.0567819183683205,-0.00555971291162452
"7234414","2010-03-29",12.1838419888769,0.392156862745098,0.196078431372551,0.129063180827888,24.8547856915988,24.6030976417346,24.7289416666667,0.649887926821699,55.5684603187993,24.6796,24.6485597959254,-0.0131251943724764,-0.00707280920379489
"7234413","2010-03-30",12.1783633256318,0.392156862745098,0.294117647058825,0.18736383442266,24.8481183363593,24.6057649969742,24.7269416666667,0.718929656459014,55.5684603187993,24.6844,24.6620851564687,0.0212075825443137,-0.00141673085417319
"7234412","2010-03-31",11.4603905614131,0.156862745098036,0.313725490196079,0.267973856209152,24.8467856470524,24.6024976862811,24.7246416666667,0.358193311871133,48.6119491780048,24.6816,24.6578071356062,0.00904003898702932,0.000674623114067316
"7234411","2010-04-04",10.949467902615,0.117647058823527,0.222222222222222,0.276688453159042,24.8460687865318,24.5962145468017,24.7211416666667,0.268631769483557,47.543659189406,24.6748,24.6514328508587,-0.00706923636494272,-0.000874148781734692
"7234410","2010-04-05",10.6352072225695,0.0784313725490182,0.117647058823528,0.217864923747276,24.8499836097981,24.581966390202,24.7159750000001,0.104596301089238,46.444488865932,24.6664,24.6432418040776,-0.0260875632298374,-0.00591683167135523
"7234409","2010-04-06",10.6189068858586,0,0.0653594771241829,0.135076252723311,24.8498064561458,24.5726502105209,24.7112283333334,0.218949144283473,44.2414777229648,24.654,24.6308095635339,-0.0536514206884608,-0.0154637494747764
"7234408","2010-04-07",10.6037708589128,0.0196078431372511,0.0326797385620908,0.0718954248366006,24.8426763738975,24.5596702927693,24.7011733333334,0.126486235753952,44.9445620547627,24.6444,24.621368288396,-0.071409403642031,-0.0266528803082273
"7234407","2010-04-08",11.1866124195504,0.117647058823527,0.0457516339869272,0.0479302832244002,24.8208295613431,24.563700438657,24.6922650000001,0.361554642424348,48.4449944164107,24.6428,24.6198525166099,-0.0683121915719398,-0.0349847425609698
"7234406","2010-04-11",11.0665883790932,0,0.0457516339869272,0.0413943355119817,24.8367055824934,24.5228244175068,24.6797650000001,-0.136435129863873,35.725112044268,24.6312,24.5838721810619,-0.149430549993501,-0.0578739040474761
"7234405","2010-04-12",10.9551374843829,0.126760563380282,0.0814692074012708,0.0576574917917083,24.8250917336747,24.5044415996588,24.6647666666667,0.027730328889063,41.4553810884726,24.6228,24.564689223587,-0.182159345555655,-0.0827309923491118
"7234404","2010-04-13",10.8516473678663,0.211267605633802,0.112676056338029,0.0799656325754089,24.8257580505187,24.4911752828147,24.6584666666667,0.185777800049735,44.9772211498548,24.6148,24.5560639937754,-0.186263171760293,-0.103437428231348
"7234403","2010-04-14",10.7555494025293,0.326923076923074,0.221650415312387,0.138598559683895,24.8227181241642,24.4795485425026,24.6511333333334,0.22472307653454,46.1403022183357,24.6056,24.551255461272,-0.180864483454857,-0.11892283927605
"7234402","2010-04-15",10.8216828106821,0.30612244897959,0.281437710512156,0.205254727387524,24.8247530684482,24.4718435982186,24.6482983333334,0.211923287482483,45.1133338375659,24.5936,24.5444213997691,-0.181078361609166,-0.131353943742673
"7234401","2010-04-18",11.7916523523865,0.0408163265306115,0.224620617477759,0.242569581100767,24.837565937013,24.4422307296538,24.6398983333334,-0.000583630421652458,39.0320407336559,24.5804,24.5211652131332,-0.221476080657079,-0.149378371125554
"7234400","2010-04-19",12.6501337429576,0.204081632653058,0.183673469387754,0.22991059912589,24.8375105486016,24.4245661180651,24.6310383333334,0.174601092228929,44.0319540604457,24.5684,24.5116765180488,-0.224610618306298,-0.164424820561703
"7234399","2010-04-20",12.8171170384859,0.197826086956518,0.14757468204673,0.185289589637414,24.8237184731626,24.4140915268376,24.6189050000001,0.235763639808225,43.5987702047683,24.56364,24.5022529823089,-0.227449487513043,-0.177029753951971
"7234398","2010-04-21",12.0408046639978,0.355555555555556,0.252487758388378,0.194578636607621,24.7966373611874,24.420505972146,24.6085716666667,0.450624523217651,47.8358595665015,24.55924,24.5032859180011,-0.204620646548781,-0.182547932471333
"7234397","2010-04-22",12.9459985986032,0.565217391304345,0.372866344605474,0.257642928346861,24.8219948973693,24.4064817692975,24.6142383333334,1.04333221122103,58.9153958780856,24.56684,24.5348477956009,-0.109566213435597,-0.167951588664186
"7234396","2010-04-25",14.6975016058405,0.5,0.473590982286635,0.366315028426829,24.8799951398359,24.3744815268309,24.6272383333334,1.13848264094807,61.2288772410506,24.57524,24.5702014228541,-0.0144397087673886,-0.137249212684826
"7234395","2010-04-26",16.323897255418,0.588888888888887,0.551368760064412,0.465942028985507,24.9312068344203,24.3516031655798,24.6414050000001,1.03817522231581,64.1292312062405,24.58644,24.6115078998069,0.0860796991492663,-0.0925834303180078
"7234394","2010-04-27",18.3837947200514,0.556666666666665,0.548518518518518,0.524492753623188,24.9745276755065,24.330015657827,24.6522716666667,1.01469689351583,62.3095718821691,24.59328,24.6434401798327,0.154321727044304,-0.0432023988455454
"7234393","2010-04-28",20.2965566514967,0.556666666666665,0.567407407407407,0.555764895330112,25.0044656958906,24.3171443041095,24.6608050000001,0.921726531623647,62.3095718821691,24.60052,24.6711148225216,0.205935738962371,0.0066252287160378
"7234392","2010-04-29",22.0726927306959,0.602272727272725,0.571868686868686,0.56259820426487,25.0398418204157,24.3077681795844,24.6738050000001,0.877277618801176,64.294897673468,24.61412,24.7016328461854,0.259771959460986,0.0572545748650274
"7234391","2010-05-02",24.3881586484609,0.647727272727274,0.602222222222222,0.580499438832771,25.0925890173978,24.2930209826023,24.6928050000001,0.938397132050117,65.8751278175135,24.62772,24.7334151333607,0.311794405750798,0.108162541042182
"7234390","2010-05-03",25.3642317335899,0.499999999999998,0.583333333333333,0.58580808080808,25.1121809916116,24.3004290083885,24.7063050000001,0.713975455052503,57.0395634104867,24.63612,24.7436264489126,0.307024061023586,0.147934845038463
"7234389","2010-05-04",26.6616407499334,0.625000000000002,0.590909090909092,0.592154882154882,25.1466247913807,24.3016518752861,24.7241383333334,0.814639276126643,61.7183908405268,24.64292,24.7671429223909,0.33519684045562,0.185387244121894
"7234388","2010-05-05",27.866377693681,0.625000000000002,0.583333333333335,0.585858585858587,25.1704801952399,24.3129164714269,24.7416983333334,0.739012364494526,61.7183908405268,24.64972,24.7875238660721,0.353388792769782,0.218987553851472
"7234387","2010-05-06",27.5831509689473,0.381953028430161,0.543984342810056,0.572742255684161,25.1807597841505,24.3219702158497,24.7513650000001,0.614853514342398,51.6382721450942,24.65452,24.7825206839292,0.308895724202984,0.236969187921774
"7234386","2010-05-09",27.5458138515883,0.629171817058096,0.545374948496087,0.557564208213159,25.2008174302157,24.3539125697844,24.7773650000001,0.762880767842733,59.9298594055549,24.66812,24.8048512594053,0.334848964542389,0.256545143245897
"7234385","2010-05-10",25.5915175976656,0.189189189189186,0.400104678225815,0.496487989843986,25.1976522439127,24.3860777560874,24.7918650000001,0.514130968266383,46.931788211855,24.67052,24.7842044248179,0.254861464265077,0.256208407449733
"7234384","2010-05-11",23.7768139333088,0.299999999999999,0.372787002082428,0.439422209601443,25.2009220032082,24.4161413301253,24.8085316666667,0.599562849443009,53.4547779168918,24.68172,24.7903105015089,0.247205050499022,0.254407736059591
"7234383","2010-05-12",22.6306382802384,0.550000000000002,0.346396396396396,0.373096025568213,25.2165099417717,24.4468867248951,24.8316983333334,0.74466734180757,58.0790827350582,24.69852,24.815602434641,0.286609066315657,0.260848002110804
"7234382","2010-05-13",21.5663323166729,0.583333333333334,0.477777777777779,0.398987058752201,25.2264821547403,24.4852511785932,24.8558666666667,0.734924522769412,58.6687048726921,24.71412,24.8401887766889,0.320565861228439,0.272791573934331
"7234381","2010-05-16",20.854798525495,0.600000000000004,0.577777777777781,0.467317317317319,25.2137864284599,24.5590802382069,24.8864333333334,0.754923509941837,58.9793753333655,24.74052,24.8628302731304,0.346656463375505,0.287564551822566
"7234380","2010-05-17",19.7837632295253,0.5,0.561111111111114,0.538888888888891,25.1876038494633,24.6345394838702,24.9110716666667,0.6416863416658,56.2475046283402,24.76092,24.8744529033797,0.343856190153002,0.298822879488653
"7234379","2010-05-18",18.5197593976802,0.433333333333335,0.511111111111114,0.550000000000003,25.1400935865227,24.7263164134774,24.9332050000001,0.548645344993611,54.437210028721,24.77732,24.8791925162624,0.324904381066982,0.304039179804319
"7234378","2010-05-19",17.2087473410252,0.400000000000002,0.444444444444447,0.505555555555558,25.0846490994127,24.8154275672541,24.9500383333334,0.413187973936007,53.509879292288,24.79212,24.8806335140941,0.299938632643437,0.303219070372143
"7234377","2010-05-20",16.1400354742059,0.673469387755103,0.502267573696148,0.485941043083903,25.0835903412182,24.8318529921153,24.9577216666667,0.642787711589206,57.0551325103774,24.81132,24.8938823788815,0.305800511096965,0.303735358517107
"7234376","2010-05-23",15.0536413811812,0.612244897959183,0.561904761904764,0.502872260015119,25.0856859136304,24.8330907530364,24.9593883333334,0.594795957070657,55.534879579828,24.83452,24.901364728364,0.297277080120795,0.302443702837845
"7234375","2010-05-24",14.3641688117571,0.693877551020405,0.659863945578231,0.574678760393048,25.0931530712616,24.8332902620718,24.9632216666667,0.756975338415958,57.1734228563404,24.85612,24.9131827645821,0.300008354918124,0.301956633253901
"7234374","2010-05-25",13.3994812839157,0.612244897959183,0.639455782312925,0.620408163265306,25.0923592996057,24.8330140337277,24.9626866666667,0.54092356688035,54.9911167581476,24.87648,24.9180917293045,0.285908440985616,0.298746994800244
"7234373","2010-05-26",12.922230133996,0.46938775510204,0.591836734693877,0.630385487528344,25.0920201549476,24.8312865117192,24.9616533333334,0.37859896812132,51.3007627644095,24.89128,24.9130128320639,0.249192139050547,0.288836023650304
"7234372","2010-05-27",12.2236385192126,0.653061224489794,0.578231292517007,0.603174603174603,25.0954447706441,24.8328618960227,24.9641533333334,0.636515630420604,55.4411295322421,24.90048,24.9206111211221,0.246400512557998,0.280348921431843
"7234371","2010-05-31",11.5749463054852,0.483870967741939,0.535439982444592,0.568502669885159,25.0880196683325,24.8346203316676,24.9613200000001,0.600026570709301,55.8898719745694,24.90768,24.9285296383058,0.244595663356884,0.273198269816851
"7234370","2010-06-01",11.9788901075751,0.387096774193549,0.508009655475095,0.540560310145564,25.098843397694,24.8421299356395,24.9704866666667,0.861674319389192,56.8263475274342,24.91248,24.938059019865,0.246781279478103,0.267914871749102
"7234369","2010-06-02",11.7236368045166,0,0.290322580645164,0.444590739521617,25.1061493816242,24.8174906183759,24.9618200000001,-0.00285441432648952,44.1955366093931,24.90844,24.912984483883,0.165677334467551,0.247467364292792
"7234368","2010-06-03",11.6528926175978,0.22727272727273,0.204789833822094,0.334374023314117,25.1066161770819,24.8182771562516,24.9624466666667,0.488740106498992,49.0717727067929,24.9084,24.9045865526986,0.132247908864169,0.224423473207067
"7234367","2010-06-06",11.5872015868875,0.477272727272728,0.234848484848487,0.243320299771915,25.1041374842813,24.8344225157188,24.9692800000001,0.564463113631657,53.8489837338721,24.9108,24.9119750123388,0.139782841781022,0.207495346921858
"7234366","2010-06-07",12.2139785393278,0.659090909090905,0.454545454545456,0.298061257738679,25.117029097505,24.8300109024952,24.9735200000001,0.887710611852132,57.0075503650037,24.9148,24.9290450106936,0.16968983002783,0.199934243543053
"7234365","2010-06-08",12.4398397494009,0.54545454545454,0.560606060606059,0.416666666666667,25.1066222915769,24.8627510417566,24.9846866666667,0.672140012530716,54.4971263696421,24.922,24.9371723426011,0.175164244411152,0.194980243716673
"7234364","2010-06-09",12.1651107995141,0.386363636363639,0.530303030303029,0.515151515151515,25.1035639863661,24.8768093469673,24.9901866666667,0.528577144075726,51.104129845632,24.922,24.934882696921,0.15505917513996,0.18699603000133
"7234363","2010-06-10",14.7476660288963,0.2,0.377272727272728,0.489393939393939,25.1935893150855,24.8181173515812,25.0058533333334,1.37218229809635,54.5842402829591,24.9252,24.9435650039982,0.163129966435283,0.182222817288121
"7234362","2010-06-13",17.1457530276084,0.2,0.262121212121214,0.38989898989899,25.2013218346848,24.817384831982,25.0093533333334,0.736097760904693,54.5842402829591,24.9352,24.9510896701318,0.167584206570481,0.179295095144593
"7234361","2010-06-14",19.372548097841,0.208000000000001,0.202666666666668,0.28068686868687,25.2016466681704,24.8173933318298,25.0095200000001,0.622696830990726,55.0480594284196,24.9376,24.9589443807809,0.172352191252712,0.177906514366216
"7234360","2010-06-15",21.3066762029759,0.191999999999999,0.200000000000001,0.221595959595961,25.2017676264393,24.8176623735608,25.0097150000001,0.457351099616677,53.8632478117408,24.9512,24.9630851300101,0.167724951511761,0.175870201795325
"7234359","2010-06-16",23.4773044455839,0.2,0.200000000000001,0.20088888888889,25.2058374551903,24.8235892114765,25.0147133333334,0.600946615978453,54.3918204950109,24.958,24.9680071126754,0.165379909377905,0.173772143311841
"7234358","2010-06-17",25.4928878137199,0.208000000000001,0.200000000000001,0.200000000000001,25.2069518564169,24.8331414769165,25.0200466666667,0.535543867680633,54.9476730503848,24.9592,24.9736061643187,0.164848009353857,0.171987316520245
"7234357","2010-06-20",27.5279568773437,0.2,0.202666666666668,0.20088888888889,25.2097913276699,24.8359353389969,25.0228633333334,0.572585881967354,54.2358241855045,24.9592,24.9771253424095,0.159354395820377,0.169460732380271
"7234356","2010-06-21",29.4176638649943,0.2,0.202666666666668,0.201777777777779,25.2125629355508,24.8398303977826,25.0261966666667,0.563861699533398,54.2358241855045,24.9588,24.9801752967549,0.153231927157993,0.166214971335815
"7234355","2010-06-22",31.1723917820985,0.139130434782609,0.179710144927538,0.195014492753625,25.2141019967108,24.8406246699559,25.0273633333334,0.569535680319856,54.913242388626,24.9612,24.9841519238543,0.149879760512905,0.162947929171233
"7234354","2010-06-23",32.8564242333623,0.0925925925925908,0.143907675791734,0.17542816246198,25.2177964013597,24.8462669319737,25.0320316666667,0.593222753116137,55.6206934658778,24.9656,24.9889316673404,0.148734754279745,0.160105294192936
"7234353","2010-06-24",34.7801281685555,0.0740740740740726,0.101932367149759,0.14185006262301,25.2223595614525,24.858703771881,25.0405316666667,0.663529180721526,53.8024009810041,24.97,24.9904074450283,0.139755639766292,0.156035363307607
"7234352","2010-06-27",36.5664246798064,0.0740740740740726,0.0802469135802465,0.108695652173913,25.2247945148655,24.862598818468,25.0436966666667,0.554123595416109,53.8024009810041,24.9708,24.9916864523579,0.131127432831502,0.151053777212386
"7234351","2010-06-28",38.3520201167601,0.0926851851851831,0.0802777777777773,0.0874856861692606,25.2293833005268,24.86868336614,25.0490333333334,0.623001593393767,55.4980720080398,24.973604,24.9954749253768,0.129287446937565,0.146700511157422
"7234350","2010-06-29",39.7939215819277,0.00990099009901143,0.0588867497860903,0.0731371470480378,25.2282768094058,24.867789857261,25.0480333333334,0.486962080119426,53.3877510841413,24.974004,24.9960782686599,0.119956060285276,0.141351620982993
"7234349","2010-06-30",41.1328300852977,0.161290322580646,0.0879588326216148,0.0757077867284939,25.2062249391314,24.9148417275354,25.0605333333334,0.521049027840977,56.9000838222439,24.977604,25.0019344995053,0.124041265757291,0.137889549937852
"7234348","2010-07-01",42.2013852821054,0.114516129032265,0.0952358139039756,0.08069379877056,25.2036184149018,24.9274015850983,25.0655100000001,0.475466134081887,55.2741227357462,24.983424,25.0050765662379,0.121198254695987,0.134551290889479
"7234347","2010-07-05",43.7897302834211,0.147058823529414,0.14095509171411,0.108049912746566,25.2094590170968,24.9365609829033,25.0730100000001,0.733261726691215,56.6094182726809,24.986224,25.0097330240728,0.122212768202767,0.132083586352137
"7234346","2010-07-06",45.2646220703571,0.454545454545453,0.238706802369045,0.15829923599571,25.2232595693153,24.9329470973515,25.0781033333334,0.873953390975155,65.1175605705895,24.993024,25.0284352875298,0.15667830987276,0.137002531056261
"7234345","2010-07-07",46.8355516669908,0.242647058823528,0.281417112299466,0.220359668794207,25.2334053660418,24.9369679672916,25.0851866666667,0.78048642653445,57.6476309852365,24.996324,25.0356439158592,0.160359187170944,0.141673862279198
"7234344","2010-07-08",48.2942720067221,0.264705882352941,0.320632798573975,0.280252237747495,25.2342105207766,24.9481628125568,25.0911866666667,0.58907605014044,58.221109903697,25.009924,25.0428913937446,0.163797495417106,0.14609858890678
"7234343","2010-07-11",48.7591770932448,0.0588235294117635,0.188725490196079,0.263591800356506,25.1683469767107,24.9881930232894,25.0782700000001,0.48184885794642,51.2464222954597,25.016724,25.039839207912,0.142323826355129,0.145343636396449
"7234342","2010-07-12",49.245413723454,0.17647058823529,0.166666666666666,0.22534165181224,25.1690480835649,24.9881585831019,25.0786033333334,0.655140753119617,54.5938097159614,25.020724,25.0425273135237,0.136620532730136,0.143599015663187
"7234341","2010-07-13",48.9431292613327,0,0.0784313725490191,0.144607843137254,25.1693083802931,24.9862316197071,25.0777700000001,0.293693094201796,49.1432702991837,25.019124,25.0368570050539,0.111480868524971,0.137175386235544
"7234340","2010-07-14",48.6624365465058,0.17647058823529,0.117647058823528,0.120915032679738,25.1650445679516,24.9991620987151,25.0821033333334,0.487320339858263,54.0804444064286,25.021924,25.0399427377134,0.109630552069562,0.131666419402347
"7234339","2010-07-15",47.7644814547869,0.029411764705887,0.0686274509803936,0.0882352941176468,25.1650505048334,24.9991261618334,25.0820883333334,0.324689175756562,49.7463839256977,25.025524,25.0359503726849,0.0910009260949085,0.12353332074086
"7234338","2010-07-18",47.3232433360012,0.176764705882349,0.127549019607843,0.104607843137255,25.1665785137349,25.0052714862652,25.0859250000001,0.649662832706669,53.7463230641478,25.027928,25.0391703229936,0.0913311057902044,0.117092877750729
"7234337","2010-07-19",47.1689855912572,0.441176470588231,0.21578431372549,0.137320261437909,25.1827020215808,25.0028146450859,25.0927583333334,1.02203959590202,59.9123241031127,25.033928,25.0539476132611,0.119176939539578,0.117509690108498
"7234336","2010-07-20",47.0257462568521,0.588235294117645,0.40205882352941,0.248464052287581,25.1992500857957,25.0012665808711,25.1002583333334,1.00378776102891,62.8764827453121,25.041528,25.0734212648263,0.155520555446742,0.125111863176147
"7234335","2010-07-21",44.8762158242861,0.0882352941176504,0.372549019607844,0.330130718954248,25.1987261077799,25.0037905588869,25.1012583333334,0.35674752420156,49.4801682882509,25.043128,25.0676317628495,0.128117819138351,0.125713054368588
"7234334","2010-07-22",42.8802232797606,0.0882352941176504,0.254901960784317,0.343169934640523,25.1993375814925,25.0015090851742,25.1004233333334,0.244947428678109,49.4801682882509,25.044328,25.0626141944695,0.105187616437252,0.121607966782321
"7234333","2010-07-25",41.1801763833426,0.117647058823527,0.0980392156862772,0.241830065359479,25.1988188283048,24.9983578383619,25.0985883333334,0.32396408725988,50.2039579310973,25.045528,25.0595989685403,0.0892063340004023,0.115127640225937
"7234332","2010-07-26",39.37119500141,0.0588235294117635,0.0882352941176482,0.147058823529414,25.199234289604,24.9966523770627,25.0979433333334,0.265313039367761,48.7011470252921,25.046328,25.0543191060682,0.0693012032917384,0.105962352839097
"7234331","2010-07-27",37.9328850539559,0,0.0588235294117647,0.0816993464052299,25.1993373549119,24.9918726450882,25.0956050000001,0.263951822416733,47.1802110121415,25.046328,25.0470765585925,0.0465453863433218,0.0940789595399423
"7234330","2010-07-28",36.5973115313201,0.0384615384615442,0.0324283559577705,0.059829059829061,25.199516227827,24.9913604388398,25.0954383333334,0.233669029321176,48.0537467344608,25.046328,25.0421330174468,0.0313689591573185,0.0815369594634175
"7234329","2010-07-29",35.4492932477092,0.0769230769230748,0.038461538461541,0.0432378079436919,25.1998513634104,24.9893586365897,25.0946050000001,0.288092440656966,48.9627304916023,25.046328,25.0391819484539,0.0223059161911232,0.0696907508089587
"7234328","2010-08-01",34.3832762700705,0.115384615384619,0.0769230769230806,0.0492709904474639,25.199975050223,24.9886949497771,25.0943350000001,0.305936921744277,49.9067176090843,25.047528,25.0379576886601,0.0181369641415685,0.0593799934754807
"7234327","2010-08-02",33.2368078975316,0.0769230769230748,0.0897435897435908,0.0683760683760706,25.1955463059759,24.9841236940242,25.0898350000001,0.29581969527809,48.9320495672374,25.048328,25.035563330172,0.0114775089239627,0.0497994965651771
"7234326","2010-08-03",32.1722301230313,0.15384615384615,0.115384615384616,0.0940170940170956,25.180027242955,24.9869760903785,25.0835016666667,0.378261971746567,50.9934689725582,25.049124,25.0361548861491,0.0125021555165361,0.0423400283554489
"7234325","2010-08-04",31.6376313267694,0.192307692307694,0.141025641025641,0.115384615384616,25.1674157936113,24.9907542063888,25.079085,0.505179394198489,52.0359977085155,25.051124,25.0380009013292,0.0163486414331837,0.0371417509709958
"7234324","2010-08-05",31.1412181588119,0.231153846153839,0.192435897435895,0.149615384615384,25.1640964028936,24.9907469304398,25.0774216666667,0.534487173503664,53.1207260975868,25.051928,25.0409474478187,0.0223932188634146,0.0341920445494796
"7234323","2010-08-08",32.0405050798119,0.32142857142857,0.248296703296702,0.193919413919413,25.1740879539376,24.9885887127292,25.0813383333334,0.888114795138553,56.2734456872301,25.054508,25.0474877881095,0.036396242306469,0.0346328841008775
"7234322","2010-08-09",32.9472207924666,0.344827586206902,0.299136667929772,0.246623089554123,25.1830994793496,24.9852438539838,25.0841716666667,0.900098134790303,57.3075609103548,25.056908,25.0544894163616,0.050132215479648,0.0377327503766316
"7234321","2010-08-10",33.7891710970745,0.689655172413793,0.451970443349756,0.333134604858743,25.2089481406567,24.9783951926768,25.0936716666667,1.09131030215744,65.9736591343047,25.058908,25.0738908275134,0.0921383102248097,0.0486138623462672
"7234320","2010-08-11",34.6509591076422,0.833333333333331,0.622605363984677,0.457904158421401,25.2404396831125,24.9655703168876,25.103005,1.09541617501565,69.3263449470817,25.065608,25.0973720505116,0.139855887882523,0.0668622674535183
"7234319","2010-08-12",33.585233017153,0.499999999999994,0.674329501915707,0.582968436416713,25.2497218265889,24.9696548400779,25.1096883333334,0.77485686296792,57.1894358348792,25.068008,25.1043891104434,0.143835045547291,0.082256823072273
"7234318","2010-08-15",32.9092529126345,0.566666666666671,0.633333333333333,0.643422733077906,25.2613886808976,24.9679813191025,25.1146850000001,0.82485551629245,58.745045343601,25.074008,25.1131372290509,0.15165969894948,0.0961373982477144
"7234317","2010-08-16",32.2815571012959,0.620689655172415,0.562452107279694,0.623371647509578,25.2645937751687,24.9667762248314,25.115685,0.805494644501594,60.2986468394039,25.079208,25.1233855985108,0.16240245126562,0.109390408851295
"7234316","2010-08-17",32.3089353294186,0.464285714285709,0.550547345374933,0.582110928662653,25.2645937751687,24.9667762248314,25.115685,0.783109574652225,55.7747197937451,25.085208,25.126934185376,0.156261234615829,0.118764574004202
"7234315","2010-08-18",32.3343579698183,0.607142857142861,0.564039408866996,0.559012953840541,25.2784108990408,24.9682924342926,25.1233516666667,0.833146883349371,59.0808454922178,25.090408,25.1353429606592,0.162360962923391,0.12748385178804
"7234314","2010-08-19",32.3579647073323,0.642857142857139,0.571428571428571,0.562005108556833,25.2907895610519,24.9742504389482,25.13252,0.818486172146008,59.8881659905419,25.098008,25.143963899238,0.168453221060871,0.135677725642606
"7234313","2010-08-22",32.7921417519675,0.533333333333333,0.594444444444445,0.576637474913337,25.3040479072221,24.9793287594446,25.1416883333334,0.823289630598648,59.8881659905419,25.103604,25.1514353793396,0.171297591136188,0.142801698741323
"7234312","2010-08-23",32.9722611351462,0.482758620689659,0.552983032293378,0.572952016055465,25.3112109797827,24.9897923535507,25.1505016666667,0.736965109623025,58.5484760685815,25.105204,25.156577328761,0.168396400414217,0.147920639075901
"7234311","2010-08-24",32.2835488497388,0.321186137906394,0.445759363976463,0.531062280238095,25.3135626546324,25.003440678701,25.1585016666667,0.655202373266451,53.4024807836237,25.103204,25.1557003515929,0.151519093715669,0.148640330003855
"7234310","2010-08-25",31.6440302990034,0.519999999999996,0.441314919532017,0.480019105267286,25.3155381820541,25.020131817946,25.167835,0.699155041375826,60.0242382331335,25.110804,25.1642736380471,0.15876165441302,0.150664594885688
"7234309","2010-08-26",31.7812780166011,0.333333333333328,0.391506490413241,0.42619359130724,25.3152394635312,25.0374305364688,25.176335,0.657176374646002,55.1972672895038,25.116804,25.1663704863075,0.149941622064964,0.150520000321543
"7234308","2010-08-29",32.7505167459976,0.291666666666665,0.381666666666664,0.404829358870641,25.3208548776433,25.0541484556901,25.1875016666667,0.834318908959712,58.7680739265799,25.124004,25.1735210881332,0.153997082833435,0.151215416823921
"7234307","2010-08-30",34.3894408769395,0.685714285714289,0.436904761904762,0.403359306328222,25.3608135549896,25.0521897783438,25.2065016666667,1.21337666330436,69.7886737607986,25.138804,25.2023849430488,0.20923676145872,0.162819685750881
"7234306","2010-08-31",34.4753850009328,0.457142857142856,0.478174603174604,0.432248677248677,25.3774242331676,25.0669124334991,25.2221683333334,0.986825299912516,61.4631397156058,25.151204,25.2167336173089,0.224754492332568,0.175206647067219
"7234305","2010-09-01",32.254548106709,0,0.380952380952383,0.432010582010583,25.3719503517395,25.0775796482606,25.224765,0.184643663348267,44.7743096875278,25.15392,25.1982224683344,0.160908438663254,0.172347005386426
"7234304","2010-09-02",30.1923424192154,0.0523572613124894,0.16983337281845,0.342986785648479,25.366232680713,25.0882939859538,25.2272633333334,0.162167706630233,46.2702953117616,25.15712,25.1851261392232,0.11603266952942,0.161084138215025
"7234303","2010-09-06",28.9079181648268,0,0.0174524204374977,0.18941272473611,25.374083390123,25.072776609877,25.22343,0.0129106181628691,42.3565109362562,25.15712,25.1644426539934,0.0573542820176742,0.140338166975555
"7234302","2010-09-07",27.4960935281992,0.0853191489361681,0.0458921367495537,0.0777259766685004,25.3773425197788,25.0641908135546,25.2207666666667,0.14649721588684,45.215317614559,25.159124,25.1518636334609,0.0234180293764874,0.116954139455741
"7234301","2010-09-08",26.1860688321273,0.0851063829787218,0.0568085106382978,0.0400510226084499,25.3795724460002,25.0486942206665,25.2141333333334,0.147000040929789,45.2092961437643,25.160324,25.1409484823328,-0.00348003762534743,0.0928673040395234
"7234300","2010-09-09",24.969617328632,0.127659574468083,0.0993617021276588,0.0673541165051702,25.3773112076452,25.0332887923548,25.2053,0.164847420181282,46.7370619869533,25.161924,25.1341553513551,-0.0181741658580981,0.0706590100599991
"7234299","2010-09-12",23.6690684814807,0.0425531914893609,0.085106382978723,0.0804255319148933,25.3791189713843,25.0224810286157,25.2008,0.208013868280598,44.0891915489151,25.16152,25.1229346378411,-0.0421849256516782,0.0480902229176637
"7234298","2010-09-13",22.4614159805544,0.0851063829787218,0.085106382978723,0.0898581560283684,25.378364113548,25.0132358864521,25.1958,0.265014059081522,45.7443330087244,25.16072,25.115876686129,-0.0541725669626736,0.0276376649415962
"7234297","2010-09-14",22.0449999563908,0.148936170212767,0.0921985815602844,0.0874704491725769,25.3765407426106,25.0097259240562,25.1931333333334,0.391498385597171,48.220463055513,25.16072,25.1137597946451,-0.053419878016292,0.0114261563500186
"7234296","2010-09-15",22.4922859551946,0.475531914893614,0.236524822695035,0.137943262411348,25.3856995769465,25.0094670897203,25.1975833333334,0.74297919443531,58.625294848102,25.16286,25.1323918220258,-0.00347505303216478,0.00844591447358191
"7234295","2010-09-16",21.3716203597108,0.191489361702128,0.271985815602837,0.200236406619386,25.3842827058535,25.0088839608133,25.1965833333334,0.52686032776219,49.3393177085854,25.15766,25.130739579089,-0.00669617048574267,0.00541749748171699
"7234294","2010-09-19",20.1301526672764,0.148936170212767,0.271985815602837,0.26016548463357,25.3813680834097,25.0074652499237,25.1944166666667,0.488187661950767,48.1098697099772,25.15566,25.1266409685438,-0.0154933586245631,0.00123532626046097
"7234293","2010-09-20",18.9773612385873,0.191489361702128,0.177304964539009,0.240425531914895,25.3759291461589,25.0012408538412,25.188585,0.343732329332964,49.4659512471402,25.15366,25.1257555060713,-0.015860015387148,-0.00218374206906082
"7234292","2010-09-21",18.3923718986436,0.314285714285715,0.218237082066871,0.222509287402906,25.3721386978736,24.9983646354598,25.1852516666667,0.43244136175841,50.8492496566554,25.15166,25.1276547719285,-0.00961663861143158,-0.00367032137753498
"7234291","2010-09-22",18.3842407401042,0.342857142857138,0.282877406281661,0.22613981762918,25.3708859699934,24.9976206966734,25.1842533333334,0.506465464391661,51.5631901291896,25.15166,25.1306341356713,-0.00144134756305814,-0.00322452661463961
"7234290","2010-09-23",19.2706992877415,0.371428571428571,0.342857142857142,0.281323877068558,25.3715446505383,24.9976286827951,25.1845866666667,0.630367972678039,52.3092111073129,25.15046,25.1345495842485,0.008153359542451,-0.000948949383221487
"7234289","2010-09-26",20.793725692088,0.444444444444444,0.386243386243385,0.33732597846073,25.3877353239609,24.9927713427058,25.1902533333334,0.862260881474005,58.5037818734968,25.15246,25.1499429730154,0.0441286712507871,0.00806657474358024
"7234288","2010-09-27",24.1592514932946,0.294642857142855,0.370171957671958,0.366424162257495,25.486467102506,24.9307062308274,25.2085866666667,1.28225490282103,65.4788371665041,25.15966,25.18061724328,0.112982596545086,0.0290497791038814
"7234287","2010-09-28",27.2843825944151,0.400892857142855,0.379993386243386,0.37880291005291,25.5030114712184,24.9214285287817,25.21222,0.993675643460851,70.3859421526541,25.17202,25.2230682775093,0.20319283015966,0.063878389315037
"7234286","2010-09-29",30.4307683060751,0.491071428571429,0.395535714285714,0.381900352733686,25.558290078782,24.8904832545514,25.2243866666667,1.0874153808655,73.7911733768493,25.19002,25.2733258405081,0.30326459975083,0.111755631402196
"7234285","2010-09-30",31.8698514319417,0.318181818181819,0.403382034632036,0.392970378387045,25.5834915217372,24.8960884782629,25.23979,0.79125562055711,60.4503327229504,25.19802,25.292882395107,0.321267248845358,0.153657954890828
"7234284","2010-10-03",31.8444356361985,0.112149532710278,0.307134259821176,0.368684002912975,25.5876710850254,24.906572248308,25.2471216666667,0.548272484932955,49.6988717219707,25.19962,25.2831647424261,0.26862635321383,0.176651634555429
"7234283","2010-10-04",31.6944786726144,0.0934579439252316,0.174596431605777,0.295037575352997,25.5872459285934,24.9243307380734,25.2557883333334,0.49126836522055,48.7648428506445,25.19882,25.2720761101026,0.218009797098073,0.184923267063957
"7234282","2010-10-05",30.5927974083427,0,0.068535825545171,0.183422172324042,25.5866924189397,24.926544247727,25.2566183333334,0.303147729050029,41.9693537041914,25.18482,25.2411326287556,0.125325012800892,0.173003616211344
"7234281","2010-10-06",29.5698076629476,0.04424778761062,0.0459019105119517,0.0963447225543001,25.5853761868694,24.9314604797973,25.2584183333334,0.308713877572829,44.5689259575616,25.17602,25.2209816115882,0.067030243851951,0.151808941739466
"7234280","2010-10-07",28.2609935214795,0,0.0147492625368745,0.0430623328646658,25.5847182057017,24.9334517942983,25.259085,0.260847997164355,42.1299827043314,25.174104,25.1955173967097,0.00156887240045922,0.121760927871664
"7234279","2010-10-10",27.0456661044021,0.0526315789473673,0.0322931221859969,0.0309814317449411,25.5834765679537,24.9376934320464,25.260585,0.292626462527203,45.3506034173338,25.173704,25.1814484104818,-0.0307726021085086,0.0912542218756298
"7234278","2010-10-11",25.9171477885444,0.06140350877193,0.0380116959064336,0.0283513602097684,25.5826207195528,24.9408826137806,25.2617516666667,0.299889811469347,45.8910940301106,25.176504,25.1705886224175,-0.0526064267169946,0.0624820921571049
"7234277","2010-10-12",24.8692379238195,0.0877192982456121,0.0672514619883043,0.045852093360245,25.5829712272715,24.9389487727285,25.26096,0.308298609576204,47.5664907005561,25.1789,25.1651768060952,-0.0596104856273594,0.0380635766002121
"7234276","2010-10-13",23.9869807971025,0.0877192982456121,0.0789473684210526,0.0614035087719302,25.5794047254026,24.9278652745974,25.253635,0.329427059462488,47.5664907005561,25.1813,25.1604865652825,-0.0644212575089398,0.0175666097783817
"7234275","2010-10-14",23.3698250488488,0.0605263157894728,0.0786549707602335,0.0749512670565302,25.5794143114227,24.9204556885774,25.249935,0.322039913785461,45.8645824452428,25.18166,25.1522883565782,-0.0772911174075741,-0.00140493565880945
"7234274","2010-10-17",22.5484253050009,0.064516129032257,0.0709205810224485,0.0761743067345783,25.5811402196897,24.9081197803104,25.24463,0.261181101500741,44.2688706215488,25.18246,25.1413165757011,-0.0957024660998118,-0.0202644417470099
"7234273","2010-10-18",22.3518798673668,0.064516129032257,0.0631861912846634,0.0709205810224485,25.5815191815282,24.9060708184718,25.243795,0.306851753883354,44.2688706215488,25.18246,25.1318076989409,-0.109048050468619,-0.0380211634913317
"7234272","2010-10-19",22.6841315099856,0.355555555555556,0.161529271206691,0.0985453478379344,25.5826652967235,24.9112580366099,25.2469616666667,0.464807748237088,52.2427387199668,25.18606,25.1395666724155,-0.0801733770941282,-0.046451606211891
"7234271","2010-10-20",23.953068584243,0.170212765957444,0.196761483515087,0.140492315335481,25.5842192452608,24.9150374214059,25.2496283333334,0.485611782941291,47.3761525645544,25.18032,25.1356244494268,-0.0820275700449846,-0.0535667989785097
"7234270","2010-10-21",25.1313672960533,0.191489361702128,0.239085894405044,0.199125549708941,25.5827896338,24.9097136995334,25.2462516666667,0.380471633925882,48.0278764514455,25.18032,25.1335411895032,-0.0793728906115732,-0.0587280173051224
"7234269","2010-10-24",26.3620366943215,0.319148936170211,0.226950354609928,0.22093257751002,25.5747536490304,24.9060830176364,25.2404183333334,0.464479273424664,51.8787058130685,25.18352,25.1397356975694,-0.0573454956930064,-0.0584515129826992
"7234268","2010-10-25",26.3569712508756,0.0638297872340376,0.191489361702126,0.219175203572366,25.4959474459517,24.9352225540484,25.215585,0.377090647608958,44.73893695837,25.18112,25.1291042712268,-0.0775207439724257,-0.0622653591806445
"7234267","2010-10-26",26.3522676248188,0.0851063829787218,0.156028368794324,0.191489361702126,25.4476086699911,24.9442946633423,25.1959516666667,0.322605771306619,45.4131336537404,25.17832,25.1212237017299,-0.0892791276082661,-0.0676681128661688
"7234266","2010-10-27",26.9573625602377,0.113636363636365,0.0875241779497092,0.145013969482053,25.3352405617913,25.0123294382088,25.173785,0.498601266312245,48.1386922481448,25.17672,25.1197272081659,-0.0847750966127103,-0.0710895096154771
"7234265","2010-10-28",27.5192364288409,0.159090909090909,0.119277885235333,0.120943477326456,25.2670330955053,25.0548702378281,25.1609516666667,0.605492860115413,49.4965159539035,25.17552,25.1210969137438,-0.0739287078231343,-0.0716573492570086
"7234264","2010-10-31",28.0409764496868,0.204545454545454,0.15909090909091,0.121964324091984,25.2495451003186,25.0640248996815,25.156785,0.714972097537973,50.8814532631064,25.17152,25.124950658578,-0.0582375097200605,-0.0689733813496189
"7234263","2010-11-01",28.0826728880452,0.113636363636365,0.15909090909091,0.145819901139051,25.2349143490684,25.069988984265,25.1524516666667,0.565979339682537,48.0437908837211,25.16072,25.1229572374342,-0.0579809274641407,-0.0667748905725233
"7234262","2010-11-02",28.3039388529967,0.136363636363641,0.151515151515154,0.156565656565658,25.2375225712907,25.072714095376,25.1551183333334,0.650973222272311,48.8123740971701,25.14556,25.1225629391097,-0.0539442123899114,-0.0642087549360009
"7234261","2010-11-03",28.5094001061659,0.272727272727274,0.174242424242428,0.161616161616164,25.2452075518828,25.0733591147839,25.1592833333334,0.833724303625549,53.2782671102133,25.12876,25.130221213895,-0.0311174941204251,-0.0575905027728858
"7234260","2010-11-04",28.2074327119037,0.181590909090913,0.196893939393944,0.174217171717175,25.2477438285689,25.0804828380979,25.1641133333334,0.714156330768495,50.1303596734192,25.117556,25.131511718709,-0.0256096113360416,-0.0511943244855169
"7234259","2010-11-07",27.5673540551662,0.113636363636365,0.189318181818185,0.186818181818186,25.2473962987636,25.0828303679031,25.1651133333334,0.387907135029494,47.8596935769371,25.113156,25.1286434895478,-0.0304935732417522,-0.047054174236764
"7234258","2010-11-08",27.0559598985181,0.22727272727273,0.17416666666667,0.186792929292933,25.2489145411965,25.0863121254703,25.1676133333334,0.596677530464507,51.7920645955953,25.111556,25.1328243576081,-0.0181013378066863,-0.0412636069507485
"7234257","2010-11-09",25.849743333736,0.153846153846163,0.16491841491842,0.176134421134425,25.2487900206475,25.0873499793525,25.16807,0.367215924285359,47.1924700927275,25.113956,25.1284477765937,-0.0272313071071562,-0.03845714698203
"7234256","2010-11-10",24.385144084766,0.0384615384615442,0.139860139860147,0.159648407148413,25.2498851542194,25.0836715124474,25.1667783333334,0.198510506523709,45.0387117625544,25.113156,25.1206547397145,-0.0436021683563492,-0.0394861512568938
"7234255","2010-11-11",23.0251590678652,0.153846153846163,0.115384615384625,0.140054390054397,25.2506760212855,25.0812806453812,25.1659783333334,0.208896028575591,47.613425474191,25.115956,25.1179007744193,-0.0464083318787223,-0.0408705873812595
"7234254","2010-11-14",23.7726122874459,0.272727272727274,0.155011655011662,0.136752136752144,25.2555054056952,25.0920612609715,25.1737833333334,0.905133305806703,52.414730069264,25.118756,25.1235140044967,-0.0290242741187274,-0.0385013247287531
"7234253","2010-11-15",24.0019778700352,0.151515151515154,0.192696192696198,0.154364154364162,25.2551704416446,25.1005962250221,25.1778833333334,0.61289075488312,49.1787197349675,25.119556,25.1230454705638,-0.0277752520548957,-0.0363561101939816
"7234252","2010-11-16",24.2149601967252,0.181818181818179,0.202020202020203,0.183242683242688,25.2496756591092,25.1007576742242,25.1752166666667,0.464969532251477,50.0096553414673,25.119556,25.1239727411553,-0.023304969918625,-0.0337458821389103
"7234251","2010-11-17",24.4127295000802,0.242424242424239,0.191919191919192,0.195545195545198,25.2397934538965,25.1031198794369,25.1714566666667,0.451295144705106,51.710214419323,25.120356,25.1274430423346,-0.0131873703209218,-0.0296341797753126
"7234250","2010-11-18",23.6119909380113,0,0.14141414141414,0.178451178451179,25.2441985988523,25.0914680678144,25.1678333333334,0.0122127874907551,45.1011778933064,25.119196,25.1197839700233,-0.0305108335733051,-0.0298095105349111
"7234249","2010-11-21",22.8684479875187,0.212121212121214,0.151515151515152,0.161616161616161,25.2378300480834,25.0901699519166,25.164,0.337464551202072,51.0022471613392,25.121996,25.1224794406869,-0.0215091407229862,-0.0281494365725261
"7234248","2010-11-22",21.4805455862657,0.0303030303030244,0.0808080808080806,0.124579124579124,25.239667298996,25.084332701004,25.162,0.143779724229806,46.3985187437882,25.122396,25.116815515262,-0.0332652216155194,-0.0291725935811248
"7234247","2010-11-23",20.3989346422185,0.0303030303030244,0.0909090909090888,0.107744107744107,25.239099850919,25.0855668157477,25.1623333333334,0.180850444040405,46.3985187437882,25.117996,25.1119067798937,-0.0420998306432607,-0.031758040993552
"7234246","2010-11-28",20.3259147022121,0.212121212121214,0.0909090909090888,0.0875420875420861,25.240366288955,25.085633711045,25.163,0.652952060815608,51.478096162442,25.119196,25.1156525425745,-0.0294833752270018,-0.0313031078402419
"7234245","2010-11-29",19.7757039254418,0.0909090909090948,0.111111111111112,0.0976430976430966,25.2388041405134,25.0851958594866,25.162,0.508680087586386,48.1988014015361,25.118396,25.1135655368979,-0.0319681553346274,-0.031436117339119
"7234244","2010-11-30",19.2647939184408,0.212121212121214,0.171717171717175,0.124579124579126,25.2361881423893,25.0854751909441,25.1608316666667,0.582729010438364,51.5243715262831,25.116796,25.1170901319782,-0.0208455797693352,-0.0293180098251623
"7234243","2010-12-01",18.7903774833685,0.303030303030309,0.202020202020207,0.161616161616165,25.2385874704448,25.0857425295552,25.162165,0.682112668158751,53.9140569098836,25.121196,25.1241447810478,-0.00236866653405832,-0.0239281411669415
"7234242","2010-12-02",18.4044487116134,0,0.171717171717175,0.181818181818186,25.2490717064587,25.0605916268747,25.1548316666667,-0.144621615194045,41.4457025937,25.118396,25.1075921435747,-0.0418573767134389,-0.027513988276241
"7234241","2010-12-05",17.4950374428047,0.0750000000000031,0.126010101010105,0.166582491582496,25.2441554511951,25.0508412154716,25.1474983333334,0.0989345203856894,43.9108505668757,25.115196,25.0972465244314,-0.0628057250458114,-0.034572335630155
"7234240","2010-12-06",16.6505841217681,0.144508670520233,0.0731695568400799,0.123632276522453,25.2401232294626,25.0418801038707,25.1410016666667,0.141845504328572,45.5564498163963,25.111996,25.0909469878406,-0.0721530433337558,-0.0420884771708752
"7234239","2010-12-07",16.073005520237,0.103448275862073,0.107652315460771,0.102277324436985,25.2428523620766,25.0294843045901,25.1361683333334,0.096151671677395,44.1611414445385,25.107196,25.0828207227952,-0.0850193904348595,-0.0506746598236721
"7234238","2010-12-08",15.4107512856516,0.103448275862073,0.117135074081461,0.0993189821274373,25.2398495567287,25.019487109938,25.1296683333334,0.153593427048174,44.1611414445385,25.103996,25.0757779597558,-0.0941377936740095,-0.0593672865937396
"7234237","2010-12-09",16.0289433731344,0,0.0689655172413832,0.0979176355945384,25.2559334520348,24.9830732146319,25.1195033333334,-0.14564189226262,35.8774390733284,25.095196,25.052340898455,-0.141601752420584,-0.0758141797591084
"7234236","2010-12-12",16.6849519434415,0,0.0344827586206922,0.0735277833145121,25.2691047699564,24.9515685633769,25.1103366666667,-0.0574272466124286,35.3284669154376,25.083596,25.0306954453277,-0.180414553570907,-0.0967342545214681
"7234235","2010-12-13",17.9095262772021,0,1.10097116608661e-15,0.0344827586206922,25.2934194389658,24.8999205610343,25.09667,-0.14380530892087,31.2136701446491,25.0704,25.0012693859507,-0.234342180277614,-0.124255839672697
"7234234","2010-12-14",19.0466310156941,0.0833333333333389,0.0277777777777807,0.0207535121328247,25.2872595706226,24.8687470960441,25.0780033333334,-0.00497100923827919,35.2730828720484,25.06,24.9811001344906,-0.261228331583119,-0.151650338054782
"7234233","2010-12-15",18.3972641584993,0.270833333333338,0.11805555555556,0.048611111111114,25.2737634764174,24.859709856916,25.0667366666667,0.266366813111849,43.3708994632838,25.0512,24.9756201165585,-0.250596911578083,-0.171439652759442
"7234232","2010-12-16",18.6936034294305,0.0416666666666657,0.131944444444449,0.0925925925925966,25.2698387069037,24.8336346264297,25.0517366666667,0.0833677977767097,37.2387471447514,25.0404,24.9562041010174,-0.274578319629315,-0.192067386133416
"7234231","2010-12-19",18.4080285919564,0.116306117701793,0.142935372567267,0.130978457522425,25.2591810138141,24.818478986186,25.03883,0.200107271925517,39.7411022576254,25.032,24.9433768875484,-0.280681600068322,-0.209790228920398
"7234230","2010-12-20",17.673388672046,0.0714285714285738,0.0764671185990119,0.117115645203576,25.2537001931811,24.8099598068189,25.03183,0.323102270879135,38.6351574662885,25.0216,24.9295933025419,-0.288686972046193,-0.225569577545557
"7234229","2010-12-21",16.9912230321293,0.0810810810810839,0.0896052567371513,0.103002582634477,25.243153706877,24.7961729597897,25.0196633333334,0.224827819837428,38.6351574662885,25.0088,24.9176475288697,-0.291692905066843,-0.238794243049814
"7234228","2010-12-22",17.3563178189117,0.135135135135137,0.0958815958815993,0.0873179904059209,25.2335289744493,24.7907976922174,25.0121633333334,0.374649321396658,40.5537697688793,24.9984,24.9099611916871,-0.2843356756703,-0.247902529573911
"7234227","2010-12-26",17.6953344066382,0.432432432432432,0.216216216216219,0.13390102294499,25.224675826204,24.7913175071294,25.0079966666667,0.550773995478603,49.8424008457787,24.992,24.9179663661288,-0.2401066389911,-0.246343351457349
"7234226","2010-12-27",17.3969214448905,0.270270270270273,0.279279279279282,0.1971256971257,25.1982042457913,24.7964557542087,24.99733,0.440269429333351,45.6522219644263,24.9824,24.9169041839783,-0.2219269607727,-0.241460073320419
"7234225","2010-12-28",16.7301899659712,0.162162162162168,0.288288288288292,0.261261261261264,25.1735762033761,24.7960837966239,24.98483,0.310601046834762,43.0536372372829,24.9744,24.9106502927812,-0.217964600344878,-0.236760978725311
"7234224","2010-12-29",16.2767147206635,0.378378378378379,0.270270270270275,0.279279279279283,25.1426038607276,24.8070594726058,24.9748316666667,0.495534619602056,49.2727822517019,24.9668,24.9158969204104,-0.186760883480663,-0.226760959676381
"7234223","2010-12-30",16.374884459158,0.378378378378379,0.30630630630631,0.288288288288292,25.1014236231584,24.8287397101749,24.9650816666667,0.609717999151356,49.2727822517019,24.9616,24.920443997689,-0.160184713043821,-0.213445710349869
"7234222","2011-01-02",16.0373270161164,0.270270270270273,0.342342342342345,0.30630630630631,25.0933166873855,24.8258466459479,24.9595816666667,0.364477033994098,46.338219462078,24.9548,24.9190514646638,-0.150341082206906,-0.200824784721277
"7234221","2011-01-03",16.4181595701408,0.257142857142866,0.301930501930507,0.316859716859721,25.0778863803251,24.8302802863416,24.9540833333334,0.523895480807688,47.1850910214027,24.946,24.9191779360419,-0.137714817826162,-0.188202791342254
"7234220","2011-01-04",17.3667311599114,0.485714285714289,0.337709137709144,0.327327327327332,25.0720222143297,24.8334777856703,24.95275,0.879733594460304,53.5065703657944,24.942,24.9299542112363,-0.100648914026047,-0.170692015879012
"7234219","2011-01-05",18.247547636127,0.457142857142856,0.400000000000005,0.346546546546552,25.0699609218005,24.8345390781996,24.95225,0.872735166192743,52.658128089418,24.936,24.9379603164048,-0.073666469884226,-0.151286906680055
"7234218","2011-01-06",18.7010034508381,0.352941176470591,0.431932773109246,0.389880636939465,25.0627943779799,24.8380389553535,24.9504166666667,0.794764856953346,50.0919372419334,24.9276,24.9408989408842,-0.061283940952872,-0.133286313534619
"7234217","2011-01-09",19.1220695644985,0.411764705882355,0.407282913165268,0.41307189542484,25.0659973977169,24.8391692689498,24.9525833333334,0.650260611497211,51.7790823245129,24.9268,24.946112415433,-0.0444888852939918,-0.115526827886493
"7234216","2011-01-10",20.2240411185759,0.516129032258067,0.426944971537006,0.42205355260384,25.0758742881862,24.8392923784805,24.9575833333334,0.820185089782267,53.4729215437718,24.9256,24.9532974267086,-0.0244313215795544,-0.0973077266251054
"7234215","2011-01-11",21.3765456487363,0.61206896551725,0.513320901219225,0.4491829286405,25.0835511497114,24.853782183622,24.9686666666667,0.919261726128184,56.554461831482,24.9251,24.9645244364808,0.00354079935971363,-0.0771380214281416
"7234214","2011-01-12",21.9317589554455,0.464285714285715,0.530827904020345,0.490364592258858,25.0855799704833,24.86875336285,24.9771666666667,0.774412816071915,52.789227118412,24.9239,24.9692545116167,0.0134288606245647,-0.0590246450176003
"7234213","2011-01-13",22.4473141688183,0.481481481481479,0.519278720428149,0.521142508555906,25.0909161336832,24.8694171996502,24.9801666666667,0.724982271589107,52.789227118412,24.9227,24.9733539100678,0.0210212648167118,-0.0430154630507379
"7234212","2011-01-17",22.633909643681,0.407407407407406,0.451058201058201,0.500388275168898,25.0865939331032,24.8880727335635,24.9873333333333,0.630968380506844,50.7013136929632,24.9259,24.9742400553921,0.0203417106626747,-0.0303440283080554
"7234211","2011-01-18",22.8960407185234,0.347826086956514,0.4122383252818,0.460858415589383,25.0862989429114,24.9000310570886,24.993165,0.661783121480524,51.7293420386058,24.9299,24.9763413813398,0.0227710821155691,-0.0197210062233305
"7234210","2011-01-19",23.4108315139579,0.304347826086957,0.353193773483627,0.405496766607876,25.0891751209255,24.9044882124079,24.9968316666667,0.661543664569777,50.5931643168986,24.9367,24.9768291971612,0.0212211540564278,-0.0115325741673788
"7234209","2011-01-20",23.88885153829,0.304347826086957,0.318840579710144,0.361424226158523,25.0822593337884,24.9220673328783,25.0021633333333,0.507095651844013,50.5931643168986,24.9419,24.977251970873,0.019764978091863,-0.00527306371553049
"7234208","2011-01-23",24.5244138941336,0.409545454545455,0.339413702239791,0.337149351811187,25.0839564640665,24.9277102026002,25.0058333333333,0.655097044280516,54.1115885320629,24.944704,24.9816317080899,0.0280104669845738,0.00138364242449036
"7234207","2011-01-24",24.3918121293411,0.0555555555555446,0.256482945395987,0.304912409115307,25.0814255809415,24.9262410857252,25.0038333333333,0.410858792213347,49.095497738248,24.950304,24.9800808136779,0.0213464578879385,0.00537620551718
"7234206","2011-01-25",24.7814293473917,0,0.155033670033668,0.250310105889815,25.0815232948444,24.928810038489,25.0051666666667,0.466167529984073,47.9029449031974,24.954304,24.9774033718542,0.0126884134590499,0.00683864710555398
"7234205","2011-01-26",25.5142863277359,0.176470588235282,0.0773420479302766,0.162952887786643,25.0756518174122,24.9466815159212,25.0111666666667,0.671874194371885,51.6938614388715,24.960304,24.9790829222737,0.0153409659766179,0.00853911087976677
"7234204","2011-01-27",26.1947963809127,0.562499999999999,0.246323529411761,0.159566415791902,25.0835832917182,24.9487500416152,25.0161666666667,0.923980484212879,58.2389709696855,24.968704,24.9885385326372,0.0364000554434529,0.014111299792504
"7234203","2011-01-30",26.0655697649753,0.313125000000003,0.350698529411762,0.2247880355846,25.0846352645646,24.9509247354354,25.01778,0.570949286704961,53.0876952495187,24.974708,24.9914133949522,0.0397430840888724,0.0192376566517777
"7234202","2011-01-31",26.8813496654452,0.299999999999995,0.391875,0.329632352941174,25.0793353476787,24.9705579856547,25.0249466666667,0.883535684481864,54.1708484871482,24.976708,24.9952249422919,0.0450679105954865,0.0244037074405195
"7234201","2011-02-01",27.9536634205041,0.333333333333328,0.31548611111111,0.352686546840957,25.0852051627272,24.9780215039395,25.0316133333333,1.0758340468882,56.3628410884632,24.981908,25.0011949499863,0.0551059429014122,0.030544154532698
"7234200","2011-02-02",28.949383335916,0.375000000000002,0.336111111111109,0.347824074074073,25.0916099209724,24.9756167456943,25.0336133333333,0.928645908526571,57.458473876483,24.989108,25.0077022899882,0.0655286329730664,0.0375410502207717
"7234199","2011-02-03",29.873980400227,0.416666666666661,0.374999999999998,0.342199074074072,25.0990921989242,24.9731344677425,25.0361133333333,0.927815475565529,58.5784771656799,24.993508,25.0146753179897,0.0761322437646816,0.0452592889295537
"7234198","2011-02-06",31.3540131812071,0.370370370370363,0.387345679012343,0.366152263374483,25.1124468517132,24.9697798149535,25.0411133333333,1.02957806546872,58.5784771656799,24.997908,25.0207186089244,0.0835673084937705,0.0529208928423971
"7234197","2011-02-07",32.7283293349743,0.481481481481479,0.422839506172835,0.395061728395058,25.1266945144492,24.9705321522175,25.0486133333333,1.06385759074709,62.0543131299031,25.005108,25.0299561277345,0.0979968944456955,0.0619360931630567
"7234196","2011-02-08",34.079457681673,0.535714285714285,0.462522045855377,0.424235743680185,25.1446090601455,24.9646176065212,25.0546133333333,1.04847048574914,64.2104806578279,25.012708,25.0406286440366,0.11454730297269,0.0724583351249833
"7234195","2011-02-09",34.2221050555265,0.312499999999993,0.443231922398587,0.442864491475599,25.1543125400117,24.9617474599883,25.05803,0.891053940434833,55.690716376704,25.015108,25.0432114914984,0.110274765395268,0.0800216211790404
"7234194","2011-02-10",34.3545633312477,0.312499999999993,0.386904761904758,0.43088624338624,25.1639559792907,24.9617706873759,25.0628633333333,0.848541673494693,55.690716376704,25.017908,25.0454499592986,0.105669638506578,0.0851512246445479
"7234193","2011-02-13",34.4775603015602,0.374999999999992,0.333333333333327,0.387823339212224,25.1692245354051,24.9648354645949,25.06703,0.726545055221276,58.2599521419756,25.022708,25.0500566313921,0.107225221122409,0.0895660239401201
"7234192","2011-02-14",35.2866530652093,0.517241379310347,0.401580459770112,0.373939518336065,25.1847608881179,24.9656324452154,25.0751966666667,0.963061748880892,64.8455534320439,25.029108,25.0620490805398,0.126317674124099,0.0969163539769159
"7234191","2011-02-15",34.7551142664944,0.258984809188577,0.383742062832973,0.372885285312137,25.1918785342628,24.9705181324039,25.0811983333333,0.780696093240813,55.427660983994,25.032308,25.0644425364679,0.120731480744984,0.10167937933053
"7234190","2011-02-16",34.8651495545487,0.249765551734915,0.341997246744614,0.375773256449233,25.2025011866368,24.9742288133632,25.088365,0.85762102452109,56.5600515931444,25.034408,25.0678501982721,0.11815995918143,0.10497549530071
"7234189","2011-02-17",34.9673251791706,0.419354838709676,0.309368399877724,0.34503590315177,25.2123212614636,24.982745405203,25.0975333333333,0.888252209030908,62.685578849998,25.040408,25.0788035051692,0.133882643447292,0.110756924930026
"7234188","2011-02-21",35.8323709123256,0.387096774193549,0.352072388212714,0.334479344945017,25.2299057787072,24.9844875546261,25.1071966666667,0.973219407815037,63.6066840554598,25.046808,25.08962970448,0.14784126791807,0.118173793527635
"7234187","2011-02-22",36.6356276645409,0.366666666666664,0.391039426523297,0.350826738204578,25.2383897443464,24.9990035889869,25.1186966666667,0.923179582717401,63.6066840554597,25.054008,25.0990124105493,0.157079686024186,0.125954972026945
"7234186","2011-02-23",37.3815089344552,0.827241379310345,0.52700160672352,0.42337114048651,25.2647496027526,25.0026337305807,25.1336916666667,1.13410251335075,74.0143474236515,25.066404,25.1257974224761,0.206941028277474,0.142152183277051
"7234185","2011-02-24",36.2425032172298,0.517241379310347,0.570383141762453,0.496141391669757,25.2743833171389,25.0136633495278,25.1440233333333,0.867993806582799,61.7864564450427,25.075604,25.1370244328126,0.215062759120155,0.156734298445672
"7234184","2011-02-27",35.7164196871028,0.586206896551725,0.643563218390807,0.580315988958926,25.2909024856065,25.0168108477268,25.1538566666667,0.923739061256324,63.2414111122382,25.085604,25.1494211751042,0.225302511435443,0.170447941043626
"7234183","2011-02-28",36.4164862783017,0.636363636363637,0.579937304075237,0.597961221409499,25.3324918982611,25.0118281017389,25.17216,1.18973590324861,70.00565052167,25.0988,25.1748316850903,0.26559509320816,0.189477371476533
"7234182","2011-03-01",35.8352647491766,0.45454545454546,0.559038662486941,0.594179728317662,25.3527201448466,25.0182665218201,25.1854933333333,0.94203438031911,61.1870150383462,25.1104,25.1861874604116,0.268745550529714,0.205331007287169
"7234181","2011-03-02",34.5196949602874,0,0.363636363636367,0.500870776732848,25.3633561262888,24.9978305403778,25.1805933333333,-0.00683182557053975,38.5205121584826,25.10852,25.1497624656901,0.158193310242649,0.195903467878265
"7234180","2011-03-03",33.2980944420332,0.199318568994891,0.217954674513451,0.380209900212253,25.3641947764053,24.995658556928,25.1799266666667,0.201720859831476,45.8098292467297,25.11012,25.1337941369314,0.106828901658629,0.178088554634338
"7234179","2011-03-06",31.7824868547648,0.148211243611584,0.115843270868826,0.232478103006214,25.365807288891,24.9913793777756,25.1785933333333,0.192170384262602,44.3575691120006,25.10812,25.1159549186739,0.0558243486896925,0.153635713445409
"7234178","2011-03-07",30.3751369523014,0.199318568994891,0.182282793867123,0.172026913083133,25.3674220553254,24.985431278008,25.1764266666667,0.230115648190974,46.1945175094885,25.108916,25.1044942628507,0.0247398281046252,0.127856536377252
"7234177","2011-03-08",28.9641659157596,0.267461669505963,0.204997160704147,0.167707741813365,25.3676861074436,24.9818338925564,25.17476,0.314885948788568,48.6296725424439,25.110916,25.0998950278039,0.0128106822347096,0.104847365548744
"7234176","2011-03-09",27.4386162334662,0.403747870528106,0.290176036342988,0.225818663638086,25.368013148526,24.9825068514741,25.17526,0.469062329829954,53.1924632782856,25.115316,25.1065756907634,0.0287440359142632,0.0896266996218475
"7234175","2011-03-10",26.7461867872641,0.454855195911413,0.375354911981828,0.290176036342987,25.3758809039817,24.9866390960183,25.18126,0.685163391647017,54.8133199109933,25.120516,25.1163655986616,0.0504246395144348,0.081786287600365
"7234174","2011-03-13",26.1032165872194,0.50596252129472,0.454855195911414,0.373462048078743,25.3829965992007,24.9915234007993,25.18726,0.668781243781531,56.4378321342501,25.126516,25.1288501855067,0.0763508110218192,0.0806991922846558
"7234173","2011-03-14",24.2894346657653,0.284497444633728,0.415105053946621,0.415105053946621,25.3826592038197,24.9941941295137,25.1884266666667,0.366757648438607,48.3294983683395,25.127316,25.1223368274392,0.0545138823274227,0.0754621302932092
"7234172","2011-03-15",23.3642112043137,0.437819420783648,0.409426462237366,0.426462237365134,25.3860698522615,24.9961168144052,25.1910933333333,0.59977269796525,53.3286415574507,25.130516,25.128691917114,0.0653594450709782,0.073441593248763
"7234171","2011-03-16",21.911381263761,0.31856899488927,0.346961953435549,0.390497823206512,25.3862410402619,24.9939456264048,25.1900933333333,0.329822124751324,49.3309218282825,25.130116,25.1248663281654,0.0508866947438236,0.0689306135477751
"7234170","2011-03-17",21.4621971099925,0.50596252129472,0.42078364565588,0.392390687109599,25.3906778573326,24.9965088093341,25.1935933333333,0.617732903946444,55.0352363791421,25.136116,25.13621748441,0.0738864139343542,0.069921773625091
"7234169","2011-03-20",21.3528443537648,0.453262786596122,0.425931434260038,0.397892344450489,25.3934441550442,24.9980758449558,25.19576,0.58660279320903,52.7113412839407,25.140516,25.140721819822,0.0783614865402127,0.0716097162081153
"7234168","2011-03-21",21.2513025086962,0.527720739219717,0.495648682370188,0.447454587428702,25.3939847138654,24.9982019528013,25.1960933333333,0.585669892684315,52.7113412839407,25.144116,25.1446255771791,0.080972074255703,0.0734821878176328
"7234167","2011-03-22",21.1570136525611,0.625000000000002,0.535327841938615,0.485635986189613,25.4005775232203,24.9979424767797,25.19926,0.708807787788386,56.9297834635555,25.148516,25.1586755002219,0.107461953786658,0.0802781410114379
"7234166","2011-03-23",21.8286398729173,0.425531914893617,0.52608421803778,0.519020247448861,25.3991367361694,24.9983932638306,25.198765,0.727664344643024,53.7051823399127,25.153316,25.1641854335256,0.111125684081759,0.0864476496255021
"7234165","2011-03-24",22.5677179267433,0.478260869565218,0.509597594819613,0.523669884932002,25.4110472774614,24.995486055872,25.2032666666667,0.804969103826888,56.3667569538513,25.159716,25.1756273757222,0.128569185266003,0.0948719567536023
"7234164","2011-03-27",22.8033791718035,0.333333333333336,0.412375372597391,0.482685728484928,25.406946663536,24.995253336464,25.2011,0.562101241349962,53.7065922032327,25.162116,25.1802103922926,0.128087669005827,0.101515099204047
"7234163","2011-03-28",23.7585933836,0.414634146341467,0.408742783080008,0.443571916832337,25.387658048103,25.004731951897,25.196195,0.758635633127627,55.9456189088145,25.165716,25.1895156733203,0.138914949885738,0.108995069340385
"7234162","2011-03-29",24.6455780088396,0.414634146341467,0.387533875338758,0.402884010338719,25.3777235310972,25.0086664689028,25.193195,0.717143476016497,55.9456189088145,25.169316,25.1975802502109,0.145804951706685,0.116357045813645
"7234161","2011-03-30",25.7440432610115,0.414634146341467,0.414634146341469,0.403636934920078,25.3729340548166,25.04292261185,25.2079283333333,0.748693396595251,55.9456189088145,25.16732,25.2045695501828,0.149533724592521,0.12299238156942
"7234160","2011-03-31",26.7640467094568,0.414634146341467,0.414634146341469,0.405600722673898,25.3729869835278,25.0635363498055,25.2182616666667,0.688737697181169,55.9456189088145,25.16892,25.2106269434917,0.150744876283415,0.128542880512219
"7234159","2011-04-03",28.494443502657,0.0256410256410207,0.284969772774653,0.371412688485863,25.3644298618501,25.0894268048166,25.2269283333333,0.535411727558132,45.569768105707,25.16412,25.1972100176928,0.105669230236471,0.12396815045707
"7234158","2011-04-04",30.1012405249143,0.205128205128202,0.215134459036898,0.304912792717673,25.3523119422742,25.1142113910592,25.2332616666667,0.360304117327993,50.5118872946519,25.15772,25.1949153486671,0.0913054890783416,0.117435618181324
"7234157","2011-04-05",29.9054177054898,0,0.0769230769230754,0.192342436244875,25.3523119422742,25.1142113910592,25.2332616666667,-0.0456868229423526,42.2494405689509,25.14892,25.1742599688448,0.0346637218304746,0.100881238911154
"7234156","2011-04-06",29.305645872401,0,0.0683760683760685,0.12014453477868,25.3703181720467,25.0838718279533,25.227095,-0.153158973252692,40.2248990899917,25.1524,25.1510253063322,-0.0228282236950483,0.0761393463899138
"7234155","2011-04-07",28.7487148845329,0.122448979591835,0.0408163265306125,0.0620384906099186,25.3759626450437,25.0598940216229,25.2179283333333,0.0319740006701264,44.5194927793121,25.1536,25.1388885988212,-0.0486086343946757,0.0511897502329959
"7234154","2011-04-10",27.5892419020273,0,0.0408163265306125,0.0500029071457643,25.3813789342617,25.0337310657383,25.207555,0.0349077386262281,41.3222855827184,25.1536,25.1203701189784,-0.0873201086148967,0.0234877784634174
"7234153","2011-04-11",26.2045925616,0,0.0408163265306125,0.0408163265306124,25.3908216463888,25.0132883536112,25.202055,0.0354361146723629,39.7838406059425,25.1512,25.1003207697813,-0.126220796387788,-0.00645393650682374
"7234152","2011-04-12",24.918846745489,0.11538461538462,0.038461538461541,0.0400313971742552,25.3913263846434,24.9961169486899,25.1937216666667,0.170077884100203,44.2540287158736,25.1496,25.0909446671438,-0.136212115284273,-0.0324055722623136
"7234151","2011-04-13",23.8197191163395,0.11538461538462,0.0769230769230809,0.0520669806384113,25.3939995935489,24.9877737397844,25.1908866666667,0.194127460913946,44.2540287158736,25.1448,25.0828187115246,-0.142496813765458,-0.0544238205629425
"7234150","2011-04-14",23.1823911243626,0.11538461538462,0.115384615384621,0.0769230769230807,25.3901922568791,24.9755810764542,25.1828866666667,0.251847823878679,44.2540287158736,25.1388,25.0757762166547,-0.145803974411429,-0.0726998513326399
"7234149","2011-04-17",23.1208869028093,0.173076923076923,0.134615384615389,0.108974358974363,25.3852366632187,24.9695366701147,25.1773866666667,0.361951725718898,46.7238723107407,25.1328,25.0736727211007,-0.137191719015461,-0.0855982248692042
"7234148","2011-04-18",23.0637758399383,0.211538461538461,0.166666666666669,0.138888888888893,25.379779497919,24.9653271687477,25.1725533333333,0.405369092560247,48.3662867268444,25.1328,25.0745163582873,-0.122517167649416,-0.0929820134252466
"7234147","2011-04-19",23.010744138701,0.230769230769233,0.205128205128206,0.168803418803421,25.3663372853436,24.9627693813231,25.1645533333333,0.397861054882348,49.2094042045046,25.1296,25.076580843849,-0.106441797922108,-0.0956739703246188
"7234146","2011-04-20",24.545400997546,0.0576923076923099,0.166666666666669,0.179487179487181,25.3505095273463,24.963263805987,25.1568866666667,0.447785091261879,42.4854847271395,25.1256,25.0663700646691,-0.121272487649526,-0.1007936737896
"7234145","2011-04-24",25.9704395093307,0.113636363636365,0.134032634032637,0.168609168609171,25.3249081003855,24.9601985662811,25.1425533333333,0.227947885311936,44.3066522256074,25.118,25.0601873893799,-0.125153298038427,-0.105665598639366
"7234144","2011-04-25",27.7196980914282,0.181818181818185,0.117715617715621,0.139471639471642,25.3151742930356,24.9562657069645,25.13572,0.372613802582738,47.0167618995558,25.1132,25.0588290707959,-0.117220014940711,-0.107976481899635
"7234143","2011-04-26",28.756193650478,0.0909090909090968,0.128787878787883,0.12684537684538,25.2902035164375,24.9587131502292,25.1244583333333,0.335716693802421,43.9461310525584,25.1068,25.0523185280231,-0.122406038333989,-0.110862393186506
"7234142","2011-04-27",29.7186538124529,0.204545454545454,0.159090909090913,0.135198135198139,25.2666684705102,24.9632481961565,25.1149583333333,0.395771632046113,48.4759379042969,25.0992,25.0533427242867,-0.109154994991034,-0.110520913547411
"7234141","2011-04-28",30.4537718025894,0.181818181818185,0.159090909090913,0.148989898989903,25.2336052393761,24.9746447606239,25.104125,0.381095112215402,47.6466203271385,25.0932,25.0528970277152,-0.100713213160475,-0.108559373470024
"7234140","2011-05-01",31.8051233348801,0.22727272727273,0.204545454545457,0.174242424242428,25.1996556586109,24.9932610080558,25.0964583333333,0.630211708141229,49.5071607943932,25.086,25.0551774240198,-0.0865831625502134,-0.104164131286062
"7234139","2011-05-02",33.1138354916782,0.243902439024394,0.217664449371771,0.19376693766938,25.1764579016346,25.0074554316987,25.0919566666667,0.823525843660127,52.2484676535773,25.0816,25.0611537674838,-0.064975500997233,-0.0963264052282961
"7234138","2011-05-03",34.3864497289683,0.536585365853656,0.335920177383594,0.252710027100274,25.1862358599759,25.0006774733574,25.0934566666667,1.23585104840392,61.2993478985147,25.0804,25.0823332651526,-0.00913258255751392,-0.0788876406941397
"7234137","2011-05-04",35.845349979122,0.577560975609753,0.452682926829268,0.335422517861544,25.2184684266364,24.9838982400303,25.1011833333333,1.16795928161325,62.37456883053,25.079872,25.102928829799,0.0400258355885308,-0.0551049454376056
"7234136","2011-05-05",38.2916420222589,0.433333333333335,0.515826558265582,0.434809887492815,25.2812792704642,24.9544207295359,25.11785,1.28163272897121,63.8675034336754,25.080272,25.1238716524924,0.0854140749089405,-0.0270011413682964
"7234135","2011-05-08",39.2479106947673,0.266666666666666,0.425853658536586,0.464787714543812,25.3031531017363,24.9528802315971,25.1280166666667,0.914867033832538,53.9336874396866,25.076672,25.1286887654934,0.0882338072941691,-0.0039541516358033
"7234134","2011-05-09",40.1358744620965,0.350000000000001,0.350000000000002,0.43056007226739,25.3204695598652,24.9579737734682,25.1392216666667,0.860680054517429,57.4936442685429,25.080672,25.1395302634277,0.105299766290523,0.017896631949462
"7234133","2011-05-10",40.9604122460451,0.383499999999999,0.33338888888889,0.369747515808492,25.3328636472276,24.9695863527724,25.151225,0.817961885029361,58.8696934742925,25.082676,25.151606228304,0.123833116437266,0.0390839288470228
"7234132","2011-05-11",41.5800908518223,0.355932203389826,0.36314406779661,0.348844318895167,25.3433674743478,24.9784158589855,25.1608916666667,0.762432048437197,57.8561563305124,25.089876,25.1607253978634,0.133726702188652,0.0580124835153487
"7234131","2011-05-12",43.9719659776625,0.242718446601942,0.327383549997257,0.341305502227585,25.4186277335956,24.9484922664044,25.18356,1.21562352444928,60.7390708721723,25.100276,25.1739620114816,0.152618970819129,0.0769337809761049
"7234130","2011-05-15",46.1929928802284,0.281553398058252,0.293401349350008,0.327976322381291,25.4343368125055,24.9577831874945,25.19606,0.781059660383245,63.432916087984,25.109876,25.1907670766174,0.178328291153695,0.097212683011623
"7234129","2011-05-16",47.7601098989226,0.202020202020202,0.242097348893466,0.287627416080243,25.4447631173414,24.965360215992,25.2050616666667,0.698104071542607,58.0693489825504,25.119876,25.1986647997351,0.18058814027655,0.113887774464608
"7234128","2011-05-17",49.013831903961,0.181818181818182,0.221797260632213,0.252431986291895,25.450818448712,24.972971551288,25.211895,0.621597524883433,56.0285823245091,25.130276,25.2028428264371,0.173964646653224,0.125903148902332
"7234127","2011-05-18",50.2850678921156,0.226804123711339,0.203547502516575,0.222480704014085,25.4623465876112,24.9817767457221,25.2220616666667,0.717668673483094,60.5120766654981,25.140676,25.2144637829121,0.185771411674218,0.137876801456709
"7234126","2011-05-19",51.9555747054808,0.180957446808509,0.196526584112678,0.207290449087155,25.4853043578869,24.9858256421131,25.235565,0.842693948566189,58.3857049076306,25.15028,25.2218819451905,0.186597330954696,0.147620907356306
"7234125","2011-05-22",53.5067596036056,0.511363636363636,0.306375068961162,0.235483051863471,25.5464020445971,24.9813946220696,25.2638983333333,1.11256127418368,74.7235777432208,25.17348,25.2736310191651,0.292456951473552,0.176588116179755
"7234124","2011-05-23",52.4117956187884,0.170454545454544,0.287591876208897,0.263497843094246,25.5506732553713,25.003790077962,25.2772316666667,0.645250399502653,54.4168093196368,25.18348,25.2784802166098,0.277260470677043,0.196722587079213
"7234123","2011-05-24",51.3950433471725,0.170454545454544,0.284090909090909,0.292685951420323,25.5472573640201,25.0332059693133,25.2902316666667,0.577362562854253,54.4168093196368,25.19268,25.2826828543951,0.262190950795316,0.209816259822434
"7234122","2011-05-25",50.2223881221318,0.136363636363638,0.15909090909091,0.243591231463572,25.5406428686505,25.0628204646829,25.3017316666667,0.524280290271699,52.7541281610786,25.20028,25.2823251404758,0.237930838392808,0.215439175536508
"7234121","2011-05-26",49.1334939845941,0.144578313253009,0.150465498357065,0.197882438846294,25.5300700805343,25.1000599194657,25.315065,0.557987001837411,55.210454097865,25.21348,25.2886817884123,0.231983920065271,0.218748124442261
"7234120","2011-05-30",48.3213388240829,0.0853658536585369,0.122102601091729,0.143886336179901,25.5215933332413,25.1292033334254,25.3253983333333,0.511727278138613,52.8435076381535,25.22428,25.2888575499574,0.212060861093044,0.217410671772418
"7234119","2011-05-31",47.5671947464653,0.121951219512197,0.117298462141249,0.129955520530014,25.5137015086868,25.1570984913132,25.3354,0.531594423259879,54.4217395047571,25.23508,25.2930098766297,0.203496316357321,0.214627800689398
"7234118","2011-06-01",46.8669181029632,0.111111111111111,0.106142728093949,0.115181263775642,25.5126875835478,25.1694457497856,25.3410666666667,0.506603701657843,54.4217395047571,25.24748,25.2966085597458,0.194464042651599,0.210595049081838
"7234117","2011-06-02",44.0748015269267,0,0.0776874435411037,0.100376211258767,25.5287911339917,25.1392221993416,25.3340066666667,-0.0578986943484075,40.7227655830567,25.24748,25.2650607517797,0.103136674045845,0.18910337407464
"7234116","2011-06-05",41.4821218491785,0.016129032258067,0.0424133811230605,0.0754145175860374,25.5375749170454,25.1041050829546,25.32084,0.0135993708944762,41.3344258647615,25.24828,25.2390526515424,0.033498782954533,0.157982455850618
"7234115","2011-06-06",39.0746335769838,0.016129032258067,0.0107526881720457,0.0436178376120696,25.5475064036904,25.0778402629763,25.3126733333333,0.0684736118614707,41.3344258647615,25.24828,25.2165122980034,-0.0214928940280745,0.12208738587488
"7234114","2011-06-07",36.839108752803,0.14516129032258,0.0591397849462391,0.0374352847471147,25.5505053553622,25.0641779779712,25.3073416666667,0.203886024048438,46.4601890129402,25.25028,25.2076439916029,-0.0390438215844724,0.0898611443830094
"7234113","2011-06-08",35.4892695810397,0.112903225806452,0.0913978494623674,0.053763440860217,25.5516267876897,25.055049878977,25.3033383333333,0.265048143359851,45.3924057681133,25.24668,25.1972914593892,-0.0586886641674167,0.0601511826729242
"7234112","2011-06-09",34.2358474929737,0.127272727272728,0.128445747800588,0.0929944607363977,25.5545206111992,25.0414893888008,25.298005,0.211508786330575,45.3924057681133,25.242408,25.188319264804,-0.0734200096126458,0.0334369442158102
"7234111","2011-06-12",32.9751885491831,0.153846153846159,0.131340702308447,0.117061433190467,25.5230158625109,25.0348408041558,25.2789283333333,0.212271931425653,44.7954048939874,25.236808,25.1792100294968,-0.0873008449691848,0.00928938637881118
"7234110","2011-06-13",31.910273239258,0.171428571428577,0.150849150849156,0.13687853365273,25.519366526066,25.019823473934,25.269595,0.247245675567276,44.7954048939874,25.235208,25.1713153588972,-0.0971888476051785,-0.0120062604179868
"7234109","2011-06-14",31.2808129869851,0.2,0.17509157509158,0.152427142749727,25.5161883860182,25.0096649473152,25.2629266666667,0.309959435941425,45.6248010008065,25.232008,25.1658066443776,-0.100663650288724,-0.0297377383921342
"7234108","2011-06-15",30.3607386942901,0.114285714285722,0.161904761904767,0.162615162615167,25.5155227085226,24.996663958144,25.2560933333333,0.263403816721913,43.5127275887787,25.226804,25.1570324251272,-0.111756220986181,-0.0461414349109435
"7234107","2011-06-16",29.9491125499674,0.2,0.171428571428575,0.169474969474974,25.5081230548673,24.9887302784661,25.2484266666667,0.355420913140809,46.1950733175055,25.223204,25.1534281017769,-0.109664198825354,-0.0588459876938257
"7234106","2011-06-19",29.5668882730963,0.264705882352941,0.192997198879555,0.175443510737632,25.48778068951,24.9857326438234,25.2367566666667,0.373670789323346,47.9689371175065,25.218804,25.15297102154,-0.100432632309544,-0.0671633166169694
"7234105","2011-06-20",29.7780826248111,0.212121212121212,0.225609031491385,0.196678267266505,25.3996025902697,25.0315774097303,25.21559,0.421409363101328,46.3242206821411,25.212004,25.149908218668,-0.0983996348370431,-0.0734105802609841
"7234104","2011-06-21",30.5716326805995,0.352941176470591,0.276589423648249,0.231731884673063,25.3837964635083,25.0370502031584,25.2104233333333,0.623750433405348,50.8603716150586,25.209204,25.1539204561789,-0.0798259445713212,-0.0746936531230515
"7234103","2011-06-22",31.3085005895459,0.333333333333333,0.299465240641713,0.267221231927115,25.3693102379504,25.040203095383,25.2047566666667,0.536188822603699,50.8603716150586,25.207204,25.1573977286884,-0.0643647683624016,-0.0726278761709215
"7234102","2011-06-23",32.8219765511709,0.74358974358974,0.476621417797889,0.350892027362617,25.3869933945192,25.0305199388142,25.2087566666667,1.01778516383959,63.6767583845658,25.210004,25.1844113648633,0.00552361991812411,-0.0569975769531124
"7234101","2011-06-26",34.2273470869655,0.833333333333327,0.636752136752134,0.470946265063912,25.4047095057481,25.0204704942519,25.21259,1.03111907058057,65.8107628201298,25.2152,25.2131565162149,0.0728122663694597,-0.031035608288598
"7234100","2011-06-27",33.6893251750878,0.411111111111111,0.66267806267806,0.592017205742694,25.4028165466997,25.021230119967,25.2120233333334,0.779473602471733,53.05502648018,25.20072,25.2178023140529,0.0765784168683004,-0.00951280325721832
"7234099","2011-06-28",32.6973419995692,0.277777777777772,0.507407407407404,0.602279202279199,25.3875668187174,25.0254798479493,25.2065233333333,0.583248876007264,49.7741151732984,25.19632,25.2154286721792,0.0634729721799232,0.00508435183020998
"7234098","2011-06-29",31.7762147651591,0.277777777777772,0.32222222222222,0.497435897435895,25.3695327941101,25.02984720589,25.19969,0.520538600719591,49.7741151732984,25.19192,25.2133715158886,0.0524816946264606,0.0145638203894601
"7234097","2011-06-30",31.40361914264,0.277777777777772,0.277777777777773,0.369135802469132,25.3712581275135,25.0394552058199,25.2053566666667,0.574270995588376,49.7741151732984,25.18872,25.2115886471035,0.0432721027667338,0.0203054768649148
"7234096","2011-07-04",31.6057601633817,0.333333333333327,0.296296296296291,0.298765432098761,25.3758874414361,25.0511592252306,25.2135233333333,0.684184795207744,51.3400805257196,25.18432,25.212710160823,0.0418912768704205,0.024622636866016
"7234095","2011-07-05",31.7934625397847,0.333333333333327,0.31481481481481,0.296296296296291,25.3783691501939,25.0646775164728,25.2215233333333,0.654536052146492,51.3400805257196,25.18152,25.2136821393799,0.0403318710672451,0.0277644837062618
"7234094","2011-07-06",31.4777420438264,0.151515151515153,0.27272727272727,0.29461279461279,25.3808097822999,25.0709035510335,25.2258566666667,0.577905285204035,47.8776078255086,25.17592,25.2091911874626,0.0259945744405465,0.0274105018531187
"7234093","2011-07-07",31.1845730118652,0.272727272727271,0.252525252525251,0.28002244668911,25.3823101273113,25.0744032060221,25.2283566666667,0.526988675555568,51.4069112763323,25.17192,25.2106323624676,0.0271220634468161,0.0273528141718582
"7234092","2011-07-10",31.2026175871862,0.212121212121212,0.212121212121213,0.245791245791244,25.3823977643648,25.0829822356352,25.23269,0.513281430938229,49.5985374235406,25.17752,25.2092147141386,0.0213677621511144,0.0261558037677094
"7234091","2011-07-11",30.5617391006455,0,0.161616161616162,0.208754208754208,25.3807310714382,25.0874689285618,25.2341,0.270057830608684,45.3075072442398,25.18072,25.2013194189201,0.000790826779195619,0.0210828083700067
"7234090","2011-07-12",29.7109092621759,0,0.0707070707070716,0.148148148148149,25.3798540885888,25.0896792447446,25.2347666666667,0.230851927185177,43.6796492526327,25.18312,25.1918101630641,-0.0216778729606792,0.0125306721038695
"7234089","2011-07-13",29.1833686889898,0.0303030303030349,0.0101010101010127,0.0808080808080818,25.3795894613612,25.0906105386388,25.2351,0.286258921291596,44.7485677090814,25.18272,25.1849021413222,-0.0358743379940685,0.00284967008428191
"7234088","2011-07-14",28.6935095853169,0.060606060606059,0.0303030303030323,0.0370370370370386,25.3772352633944,25.0962980699389,25.2367666666667,0.250478036966993,45.8552432596033,25.18352,25.1802485224792,-0.0434239454056073,-0.00640505301369594
"7234087","2011-07-17",28.2386404176207,0.121212121212129,0.0707070707070752,0.0370370370370398,25.3769953736031,25.0972046263969,25.2371,0.2959189123652,48.0945046576787,25.18512,25.1788820528154,-0.0425088011670405,-0.0136258026443649
"7234086","2011-07-18",28.4617559045876,0.192307692307694,0.124708624708628,0.0752395752395783,25.3763775604058,25.1014891062608,25.2389333333333,0.394745185194028,49.2252144979511,25.18752,25.17903111244,-0.038139113012492,-0.0185284647179903
"7234085","2011-07-19",28.6689345710569,0.192307692307694,0.168609168609173,0.121341621341625,25.3762337511148,25.1022995822185,25.2392666666667,0.332319810564677,49.2252144979511,25.18992,25.179160297448,-0.0342809029089675,-0.0216789523561857
"7234084","2011-07-20",29.782318073548,0.269230769230769,0.21794871794872,0.170422170422173,25.3757942684301,25.1020723982366,25.2389333333333,0.528252522635006,51.6673930607427,25.19272,25.1819389244549,-0.0245311777023249,-0.0222493974254136
"7234083","2011-07-21",30.8161741830041,0.269230769230769,0.243589743589745,0.210049210049212,25.3764206302595,25.1034460364071,25.2399333333333,0.488033074358434,51.6673930607427,25.19672,25.1843470678609,-0.0166134233234305,-0.0211222026050169
"7234082","2011-07-24",31.9818530894075,0.307692307692313,0.282051282051284,0.247863247863249,25.3502465134207,25.1156201532459,25.2329333333333,0.586946752209759,52.9788732073222,25.19992,25.1877674588128,-0.00705392745370403,-0.0183085475747544
"7234081","2011-07-25",32.8729419866635,0.269230769230769,0.282051282051284,0.269230769230771,25.3045649176347,25.1413017490319,25.2229333333333,0.461616164133635,51.4746927348804,25.20192,25.1893984643044,-0.00265154702748793,-0.0151771474653011
"7234080","2011-07-26",33.920762068631,0.380952380952388,0.319291819291824,0.294464794464798,25.287800996457,25.1495323368764,25.2186666666667,0.606073688073288,52.9143865708943,25.20512,25.1921453357305,0.00399420438241815,-0.0113428770957572
"7234079","2011-07-27",34.6876986433823,0.333333333333333,0.327838827838831,0.309727309727313,25.2859747734242,25.1483585599091,25.2171666666667,0.423700850853222,51.2760574163038,25.20592,25.1931926242998,0.00598861220713065,-0.00787657923517966
"7234078","2011-07-28",35.9076200098323,0.333809523809523,0.349365079365082,0.332165242165246,25.2871865900911,25.1494867432422,25.2183366666667,0.585185279928943,51.2922983021925,25.206724,25.1941136077265,0.00751450636049533,-0.00479836211604466
"7234077","2011-07-31",38.2390869209647,0.162790697674419,0.276644518272426,0.31794947515878,25.3046852583195,25.1409880750138,25.2228366666667,1.09355531580455,51.2738927747935,25.200324,25.1948984600296,0.00859263597030591,-0.00212016249877455
"7234076","2011-08-01",40.4040204813019,0.309523809523809,0.268708010335918,0.298239202657809,25.3214371326078,25.1312362007255,25.2263366666667,1.11512141664518,61.6483029830201,25.195124,25.2049119986923,0.0314970949460758,0.00460328899019552
"7234075","2011-08-02",42.5991852395471,0.36585365853659,0.279389388578274,0.274913972395539,25.34803758479,25.1159690818767,25.2320033333333,1.15209193880351,65.079819384352,25.197204,25.2175903988667,0.0585643950585135,0.0153955102038591
"7234074","2011-08-03",43.7968917850141,0.205128205128202,0.293501891062868,0.28053309665902,25.3638253116249,25.1101813550418,25.2370033333333,0.945493234646248,56.0744782772358,25.199204,25.2219116790178,0.0632791689777479,0.0249722419586369
"7234073","2011-08-04",44.9090478629476,0.236842105263158,0.269274656309318,0.280721978650153,25.3714205885264,25.1099194114736,25.24067,0.765123089621882,58.5454657500376,25.202004,25.2283234551488,0.0725736185734238,0.0344925172815943
"7234072","2011-08-07",44.1128518352034,0,0.147323436797121,0.236699994723102,25.3708330400176,25.1085069599824,25.23967,0.412310154864347,42.9380271475321,25.200004,25.2178803277956,0.0410798745848373,0.0358099887422429
"7234071","2011-08-08",43.373526952298,0.0243902439024428,0.087077449721868,0.167891847609435,25.3697778279251,25.1118955054083,25.2408366666667,0.302868741949715,44.2713050464543,25.197604,25.2101629507562,0.0190935445676166,0.0324666999073176
"7234070","2011-08-09",43.808156352221,0.243902439024394,0.0894308943089465,0.107943926942645,25.3757340388485,25.1219392944848,25.2488366666667,0.767263217644798,54.5615284656008,25.198804,25.215474557322,0.030125021765115,0.0319983642788771
"7234069","2011-08-10",44.5836115548986,0.0487804878048857,0.105691056910575,0.094066466980463,25.378184885408,25.1314884479253,25.2548366666667,0.656048733656152,46.3659878126997,25.198404,25.2094112830124,0.013112751781863,0.0282212417794743
"7234068","2011-08-11",45.7209274286577,0.23529411764706,0.175992348158781,0.123704766459434,25.3981468956944,25.1348597709723,25.2665033333333,1.00703834001589,55.3868606730768,25.200404,25.2174897786108,0.0312738153266601,0.0288317564889114
"7234067","2011-08-14",46.7770064542911,0.23529411764706,0.17312290769967,0.151602104256342,25.4113914441398,25.1419485558602,25.27667,0.895866203834082,55.3868606730768,25.203204,25.2244911414627,0.0451402649538579,0.0320934581819007
"7234066","2011-08-15",47.9230051922964,0.745098039215689,0.405228758169937,0.251448004676129,25.4779830706414,25.1116902626919,25.2948366666667,1.2603115884957,70.3993391397644,25.218404,25.2652256559343,0.137621422688472,0.053199051083215
"7234065","2011-08-16",49.1448289234603,0.767857142857139,0.582749766573297,0.387033810814301,25.5426440504515,25.0900292828818,25.3163366666667,1.17827364165565,72.32781582226,25.236404,25.3071955684764,0.224121517726483,0.0873835444118686
"7234064","2011-08-17",48.5989953742071,0.535714285714285,0.682889822595705,0.556956115779646,25.5739669032798,25.0877064300535,25.3308366666667,0.923291654027212,61.169341431002,25.248804,25.3262361593462,0.248262475429462,0.119559330615387
"7234063","2011-08-18",48.0921499356148,0.535714285714285,0.613095238095237,0.626244942421413,25.5999524867478,25.0913875132522,25.34567,0.869005619957277,61.169341431002,25.260804,25.3427380047667,0.264309428689447,0.148509350230199
"7234062","2011-08-21",45.8247638904429,0.232142857142861,0.434523809523811,0.576836290071584,25.6065534928396,25.101453173827,25.3540033333333,0.630660512738698,49.5708658757302,25.265204,25.3343729374645,0.220352662599166,0.162878012703992
"7234061","2011-08-22",43.7193339913546,0.625,0.464285714285716,0.503968253968255,25.6282327880735,25.1128572119265,25.370545,0.843351544368712,60.1116250888865,25.278004,25.3564565458026,0.252635796053591,0.180829569373912
"7234060","2011-08-23",42.4534214669508,0.581666666666666,0.479603174603177,0.459470899470901,25.6533724971305,25.1226508362029,25.3880116666667,0.86677417624103,60.0501828944434,25.290764,25.3754623396956,0.274685079006565,0.199600671300443
"7234059","2011-08-24",41.2779312657187,0.885000000000002,0.697222222222224,0.547037037037039,25.6972278144412,25.1281955188922,25.4127116666667,1.00604333401179,66.7178728366535,25.310004,25.4162006944028,0.345917294809439,0.228863996002242
"7234058","2011-08-25",38.8431280114464,0.644067796610168,0.703578154425613,0.626801183750338,25.7128019581332,25.1489480418668,25.430875,0.788121317679387,58.5630143092526,25.323604,25.4327072684824,0.353434644469375,0.253778125695668
"7234057","2011-08-28",36.4959401290552,0.620689655172415,0.716585817260863,0.705795397969566,25.7291070068414,25.1593096598252,25.4442083333333,0.750015789085965,58.0213531885533,25.336404,25.4456796326848,0.35213023017433,0.273448546591401
"7234056","2011-08-29",34.6929014747386,0.344827586206896,0.536528345996494,0.65223077256099,25.7324693340067,25.1696139993266,25.4510416666667,0.551448980846569,50.0455508642003,25.343204,25.4355890149935,0.296931972236525,0.278145231720426
"7234055","2011-08-30",33.0186512957303,0.437500000000001,0.467672413793105,0.573595525683487,25.7375546466595,25.1765286866739,25.4570416666667,0.582512521644921,54.6600536852198,25.354004,25.441510479661,0.284793751927559,0.279474935761852
"7234054","2011-08-31",30.858234870639,0.541666666666669,0.441331417624524,0.481844059138041,25.7469607639819,25.1881225693514,25.4675416666667,0.665447412545763,56.6215468773792,25.367204,25.4533090823729,0.287700669712954,0.281120082552073
"7234053","2011-09-01",30.5688522715513,0,0.326388888888892,0.411797573435507,25.7458333878036,25.1912499455297,25.4685416666667,0.250187877772561,44.9055652617646,25.3692,25.4262012047232,0.198913476473428,0.264678761336344
"7234052","2011-09-05",30.3001398581127,0.159999999999997,0.23388888888889,0.333869731800768,25.7327113069889,25.2204553596778,25.4765833333333,0.306574557399607,48.2032997354676,25.3744,25.4133743774267,0.152156896407396,0.242174388350554
"7234051","2011-09-06",29.1525214215118,0.159999999999997,0.106666666666666,0.222314814814816,25.710183972725,25.265316027275,25.48775,0.332721895502298,48.2032997354676,25.3768,25.4022577937698,0.113782680883245,0.216496046857092
"7234050","2011-09-07",28.0868757303824,0.200000000000003,0.173333333333333,0.171296296296296,25.7040444102714,25.2804555897286,25.49225,0.297956581517794,49.0868820655662,25.3788,25.3952900879339,0.0886980757741629,0.190936452640507
"7234049","2011-09-08",27.0109871142207,0.200000000000003,0.186666666666669,0.155555555555556,25.6934297066182,25.3027369600484,25.4980833333333,0.274545767468969,49.0868820655662,25.3828,25.3892514095427,0.0680322484980511,0.166355611812015
"7234048","2011-09-11",26.150414083065,0.159999999999997,0.186666666666669,0.182222222222223,25.6944187339649,25.3000479327018,25.4972333333333,0.210340286432306,48.1345869758923,25.3852,25.3813512216037,0.0447780397670794,0.142040097403028
"7234047","2011-09-12",25.3513105541347,0.219999999999999,0.193333333333334,0.18888888888889,25.6942053014191,25.3005946985809,25.4974,0.218672890072432,49.7105953983233,25.3936,25.3785043920565,0.0354770074614041,0.120727479414703
"7234046","2011-09-13",24.1108390869251,0.267346938775512,0.21578231292517,0.198594104308391,25.6861144439136,25.2930855560864,25.4896,0.316128867610267,50.8367651740082,25.40244,25.3788371397823,0.0343872782275101,0.103459439177265
"7234045","2011-09-14",22.9589727245162,0.333333333333331,0.273560090702948,0.227558578987151,25.6680386743813,25.2914946589521,25.4797666666667,0.358980629556772,51.8865797397467,25.40844,25.381658854478,0.0391138107462163,0.0905903134910551
"7234044","2011-09-15",21.6781347575779,0.4,0.333560090702949,0.274300831443689,25.6623327680582,25.2888672319418,25.4756,0.440378255787106,53.5723604670031,25.41884,25.3881043405476,0.0517975572367435,0.0828317622401928
"7234043","2011-09-18",20.3334405214312,0.422222222222226,0.385185185185187,0.330768455530361,25.6577114165621,25.2879885834379,25.47285,0.514830929664277,54.1490559689444,25.42564,25.3950237618079,0.0642815269472186,0.0791217151815979
"7234042","2011-09-20",19.5150682756232,0.67162162162162,0.49794794794795,0.405564407945362,25.6633898519205,25.2935434814128,25.4784666666667,0.645646059991663,57.476704318937,25.43478,25.4088205935669,0.0916931670062571,0.0816360055465298
"7234041","2011-09-21",18.2330247306054,0.540540540540537,0.544794794794795,0.475975975975977,25.6586119083143,25.293571425019,25.4760916666667,0.565495018847009,53.9789890983856,25.43158,25.4143111810913,0.0968857051447003,0.0846859454661639
"7234040","2011-09-22",17.0425557245174,0.571428571428567,0.594530244530243,0.545757662424329,25.6482761611015,25.2956405055651,25.4719583333333,0.579520224986965,53.9789890983856,25.42638,25.4190696902791,0.0998461261859429,0.0877179816101197
"7234039","2011-09-25",15.9390369794562,0.370370370370371,0.494113160779827,0.544479400034955,25.6028844024517,25.3189655975483,25.460925,0.567184700944698,52.452422473432,25.42558,25.4205270649086,0.0947493251525211,0.0891242503186
"7234038","2011-09-26",14.9219683970232,0.481481481481485,0.474426807760143,0.521023404356737,25.5869351647784,25.3262481685549,25.4565916666667,0.692088599452386,54.5297011693444,25.42598,25.4257901229208,0.0990883862386882,0.0911170775026176
"7234037","2011-09-27",13.9775475704782,0.53888888888889,0.463580246913584,0.477373405151184,25.5674526234493,25.3346140432173,25.4510333333333,0.605079951279118,55.6087931156964,25.4338,25.4324181065313,0.106216863766884,0.0941370347554708
"7234036","2011-09-28",13.9833586320291,0.370370370370371,0.463580246913584,0.46719576719577,25.566591922538,25.3345414107954,25.4505666666667,0.586619072067834,51.7279981648242,25.431,25.4320956923272,0.0963172212417929,0.0945730720527352
"7234035","2011-09-29",14.1782823055142,0.7037037037037,0.537654320987655,0.488271604938274,25.5721354878872,25.3323311787794,25.4522333333333,0.85209264440444,57.9753645673697,25.43184,25.4438162666835,0.115685156100009,0.0987954888621901
"7234034","2011-10-02",15.363951726403,0.281249999999999,0.451774691358025,0.484336419753088,25.5652433813427,25.3358899519906,25.4505666666667,0.831802320178939,52.3053050032818,25.4226,25.4446407644591,0.107587440922186,0.100553879274189
"7234033","2011-10-03",16.4649304743712,0.397993311036789,0.460982338246831,0.483470450197504,25.5685156918292,25.3539509748374,25.4612333333333,0.882635137552194,55.6424017939737,25.421,25.4520219958645,0.115688644230438,0.103580832265439
"7234032","2011-10-04",17.9645057395674,0.275862068965521,0.318368460000771,0.410375163201876,25.5765616226193,25.3631550440474,25.4698583333333,0.875535127375011,54.0144069893663,25.419,25.4557523964159,0.114444501265809,0.105753566065513
"7234031","2011-10-05",19.4330409729979,0.296296296296304,0.323383892099539,0.367578230115714,25.5902504680423,25.3654661986243,25.4778583333333,0.924740575696045,56.0897459483219,25.4246,25.4629854102271,0.12156192042132,0.108915236936674
"7234030","2011-10-06",21.6937657428344,0.300000000000003,0.290719455087277,0.310823935729196,25.6198344227844,25.3600822438822,25.4899583333333,1.11099904533657,58.9494316635457,25.42752,25.4749873555302,0.139211589759558,0.114974507501251
"7234029","2011-10-09",23.7930101719683,0.414634146341467,0.336976814212592,0.31702672046647,25.6438589979234,25.3600576687432,25.5019583333333,1.02163838377475,61.8722862303664,25.43032,25.4916557081262,0.166145252361916,0.125208656473384
"7234028","2011-10-10",25.7423085704497,0.463414634146344,0.392682926829273,0.340126398709714,25.6535604660938,25.3740562005728,25.5138083333333,0.879928608490935,63.077048245698,25.44512,25.508768280376,0.191579083613402,0.138482741901388
"7234027","2011-10-11",28.5844189468537,0.642857142857139,0.506968641114985,0.41220946071895,25.6936377585438,25.3703122414562,25.531975,1.17432042470347,67.5006843347459,25.45992,25.5342658429925,0.234283935962853,0.157642980713681
"7234026","2011-10-12",31.5987141001669,0.345454545454547,0.483908774152678,0.461186780698979,25.7245170845335,25.3716995821332,25.5481083333333,1.0438836377481,59.7868023672637,25.47152,25.5456970639269,0.240039499842792,0.174122284539503
"7234025","2011-10-13",34.3977024568148,0.363636363636362,0.450649350649351,0.480508921972338,25.7400889975522,25.3831276691145,25.5616083333333,0.878355644081828,60.3960557516286,25.48272,25.5569374554033,0.244918228677138,0.18828147336703
"7234024","2011-10-16",36.8331393035239,0.345454545454547,0.351515151515154,0.428691092105727,25.7512677498526,25.3946155834807,25.5729416666667,0.80017575505684,59.4264530102383,25.49352,25.5653457946828,0.242814674581826,0.199188113609989
"7234023","2011-10-17",37.3166445515954,0.127272727272728,0.27878787878788,0.360317460317461,25.7499145830204,25.4031354169796,25.576525,0.423510399131477,49.2157568134261,25.50032,25.5566330220585,0.200952848527924,0.199541060593576
"7234022","2011-10-18",37.3732507629656,0.0377358490566029,0.170154373927961,0.266819134743665,25.7499197954907,25.4028968711759,25.5764083333333,0.366267240341674,47.0397260961201,25.50472,25.5450819524507,0.156496758150593,0.19093220010498
"7234021","2011-10-19",37.3515787304434,0,0.0550028587764448,0.167981703830762,25.8838694390376,25.2102805609624,25.547075,-0.440843424371177,19.7576128774,25.47348,25.4190710254572,-0.152595272854372,0.122226705513109
"7234020","2011-10-20",37.2012670698373,0.652173913043478,0.229969920700028,0.151709051134811,25.884422876709,25.211727123291,25.548075,0.458264936477849,51.2539738847804,25.47748,25.4298615553963,-0.111146600811962,0.075552044248095
"7234019","2011-10-23",37.5897309032507,0.521739130434782,0.391304347826088,0.225425709100854,25.8863794945843,25.1994371720823,25.5429083333333,0.257997634996256,47.2586454326897,25.47308,25.4152133480101,-0.133902393890062,0.0336611566204636
"7234018","2011-10-24",37.9504473199916,0.579710144927535,0.584541062801933,0.401938443776016,25.8858206737659,25.1919959929007,25.5389083333333,0.338227624698112,49.155656034872,25.47148,25.4131849016088,-0.125098588657124,0.00190920756494604
"7234017","2011-10-25",38.285398278394,0.565217391304346,0.555555555555556,0.510466988727859,25.885906237436,25.1863604292306,25.5361333333333,0.333987521658896,48.6842107416797,25.46674,25.4087602480609,-0.123056225940155,-0.0230838791360741
"7234016","2011-10-26",38.6286254547288,0.557971014492754,0.567632850241546,0.569243156199678,25.8860654824873,25.180467850846,25.5332666666666,0.330025884505404,48.4340820173633,25.46354,25.4035922149861,-0.12319672324036,-0.0431064479569312
"7234015","2011-10-27",38.9473364041826,0.565217391304346,0.56280193236715,0.561996779388084,25.8839065841239,25.1692600825427,25.5265833333333,0.327070680315549,48.7178259256176,25.46074,25.4004465863213,-0.118764393784232,-0.0582380371223914
"7234014","2011-10-30",38.6220316355127,0.565217391304346,0.56280193236715,0.564412238325282,25.8815507932824,25.1616158733842,25.5215833333333,0.368159379350487,48.7178259256176,25.45874,25.3977203748118,-0.113939540000496,-0.0693783376980123
"7234013","2011-10-31",38.1461612508777,0.579710144927535,0.570048309178744,0.565217391304348,25.8780130851148,25.1554869148852,25.51675,0.403002360023804,49.3641072798313,25.45634,25.3980243248369,-0.102578776395379,-0.0760184254374857
"7234012","2011-11-01",38.0147554739741,0.593495934959349,0.579474490397078,0.570774910647658,25.8738331945395,25.1433334721272,25.5085833333333,0.333105115681569,47.1255689650327,25.45052,25.3889544148587,-0.114501926005917,-0.0837151255511718
"7234011","2011-11-02",37.7979779274742,0.683333333333334,0.618846471073407,0.589456423549743,25.8672498324958,25.1375835008375,25.5024166666666,0.4281635120158,50.2493538768632,25.45012,25.3930938262108,-0.0942628683980096,-0.0858246741205394
"7234010","2011-11-03",37.7835611313726,0.742857142857143,0.67322880371661,0.623849921729032,25.8511062612318,25.1311937387681,25.49115,0.405798740054462,48.8675136726412,25.44452,25.3913479827161,-0.0898989425625385,-0.0866395278089392
"7234009","2011-11-06",37.5617447191289,0.761904761904761,0.729365079365081,0.673813451385033,25.833735950797,25.1278973825363,25.4808166666666,0.446895317118082,49.6136106293382,25.44252,25.3925015850206,-0.079171931543498,-0.085146008555851
"7234008","2011-11-07",37.1409757181808,0.895833333333335,0.800198412698414,0.734264098593368,25.8214844759142,25.127148857419,25.4743166666666,0.522587539679077,51.8819713687414,25.44092,25.4015013736845,-0.0510187271422047,-0.0783205522731217
"7234007","2011-11-08",36.8082445361365,0.541666666666666,0.733134920634922,0.754232804232806,25.7830408426028,25.1364324907305,25.4597366666666,0.497932803276087,51.4661051729157,25.43972,25.4079678571932,-0.031524787030579,-0.0689613992246132
"7234006","2011-11-09",35.6727684888908,0.478260869565214,0.63858695652174,0.723973429951692,25.7430668372656,25.1494064960677,25.4462366666666,0.540028500616035,50.5926526971884,25.43652,25.4109054762341,-0.022173289688654,-0.0596037773174213
"7234005","2011-11-10",34.7569867210374,0.363636363636368,0.461187966622751,0.610969947926471,25.7081177908388,25.1603555424945,25.4342366666666,0.540948422546131,49.6845724738188,25.4308,25.4107847460696,-0.0208725053742143,-0.0518575229287799
"7234004","2011-11-13",33.9066179366021,0.772727272727272,0.538208168642953,0.545994363929148,25.6779184168984,25.1732215831016,25.42557,0.660683921982645,53.7109307065853,25.4268,25.4226801132603,0.00863037762552921,-0.0397599428179181
"7234003","2011-11-14",31.489966349029,0.428571428571433,0.521645021645026,0.507013718970243,25.6774269988006,25.1733796678661,25.4254033333333,0.74057925891309,52.701659906045,25.4212,25.4303227648256,0.0253628499004233,-0.0267353842742498
"7234002","2011-11-15",29.2459327319969,0.457142857142856,0.552813852813855,0.537555681033945,25.6783298115547,25.1731435217786,25.4257366666667,0.719582364456422,53.175436343064,25.4128,25.4382797295155,0.0413141519302718,-0.0131254770333455
"7234001","2011-11-16",27.5258607985875,0.974571428571427,0.62009523809524,0.564851370851374,25.5962537732734,25.3309962267266,25.463625,1.28216436328023,60.8279924298566,25.414844,25.4693224322468,0.110074276456684,0.0115144736646604
"7234000","2011-11-17",26.4803462305951,0.542857142857144,0.658190476190477,0.610366522366524,25.5976723380491,25.3305776619509,25.464125,0.746635391473673,53.0393514604554,25.410444,25.4760794412805,0.115327227505824,0.0322770244328931
"7233999","2011-11-20",25.6581356051755,0.485714285714289,0.667714285714288,0.648666666666669,25.6006131968411,25.3419701364922,25.4712916666667,0.688322598981122,52.0886341835882,25.405644,25.4792688491098,0.111863608125806,0.0481943411714757
"7233998","2011-11-21",24.2163711828673,0.400000000000002,0.47619047619048,0.600698412698415,25.6083792162286,25.3458707837714,25.477125,0.752214120185083,52.0886341835882,25.405644,25.4820330025618,0.107873882907339,0.0601302495186484
"7233997","2011-11-22",23.5705130787637,0.100000000000004,0.328571428571433,0.490825396825401,25.6079749229212,25.3499417437454,25.4789583333333,0.413609301184228,47.6326859844969,25.403244,25.4724286022203,0.0753425298998689,0.0631727055948925
"7233996","2011-11-24",22.6784811361397,0.17857142857143,0.22619047619048,0.343650793650798,25.6085022714143,25.3574143952523,25.4829583333333,0.541320194979556,49.692518479615,25.437244,25.4694381219242,0.0615194989183943,0.0628420642595928
"7233995","2011-11-27",22.230930000924,0,0.0928571428571461,0.21587301587302,25.6064412456995,25.3645054209672,25.4854733333333,0.367017076247747,47.1936146391216,25.433244,25.4601797056677,0.0343245890036759,0.0571385692084094
"7233994","2011-11-28",21.814273244732,0.357142857142861,0.178571428571432,0.16587301587302,25.6088535124762,25.3714264875237,25.49014,0.625764958753129,52.3541879164984,25.440444,25.4654890782453,0.0439545101758032,0.0545017574018882
"7233993","2011-11-29",20.5274336947976,0.535714285714291,0.297619047619052,0.189682539682544,25.62035522627,25.3735014403966,25.4969283333333,0.846379131669052,54.7360606058166,25.446444,25.4767572011459,0.0666525562177389,0.0569319171650583
"7233992","2011-11-30",19.3325112555728,0.535714285714291,0.476190476190482,0.317460317460322,25.6235321814056,25.389324485261,25.5064283333333,0.799897631416906,54.7360606058166,25.453244,25.4865229076598,0.0836645770173394,0.0622784491355146
"7233991","2011-12-01",18.4150388813888,0.464285714285722,0.511904761904769,0.428571428571435,25.629163762979,25.3953595703543,25.5122616666666,0.732694715134344,53.4954373670537,25.459644,25.4923198533052,0.0897728719229773,0.0677773336930071
"7233990","2011-12-04",19.5436244934182,0,0.333333333333339,0.440476190476197,25.6492646036648,25.3635920630018,25.5064283333333,-0.199268001758176,39.8705874322767,25.454444,25.4600105395311,0.00586808952243167,0.055395484858892
"7233989","2011-12-05",20.5915968474456,0.403704583234391,0.289330099173372,0.378189398137161,25.6505012316389,25.3600221016944,25.5052616666666,0.206479199786476,48.4544327298461,25.456044,25.454675800927,-0.00671202109352453,0.0429739836684087
"7233988","2011-12-06",21.224044638347,0.35383519354073,0.252513258925042,0.291725563810585,25.6518504439145,25.3512728894188,25.5015616666666,0.215342461914113,47.5513800141555,25.456004,25.4472523608034,-0.0230771763515936,0.0297637516644083
"7233987","2011-12-07",21.9305708826106,0.327208658444497,0.361582811739874,0.301142056612763,25.654605115075,25.342344884925,25.498475,0.173963177173069,46.7032821270486,25.458004,25.4382853793629,-0.0415989523960048,0.0154912108523257
"7233986","2011-12-08",20.8477118412327,0.251698968034234,0.310914273339822,0.308336781334913,25.6549126071804,25.3383707261529,25.4966416666666,0.30000013543926,45.3285839858843,25.455204,25.4265139954479,-0.0650557442831712,-0.000618180174773702
"7233985","2011-12-11",19.842199874239,0.251698968034234,0.276868864837656,0.316455316639118,25.6591332366878,25.3255834299788,25.4923583333333,0.136161284185026,45.3285839858843,25.454004,25.4163121293882,-0.0827043874830125,-0.0170354216364215
"7233984","2011-12-12",18.9916911473008,0.276868864837652,0.260088933635375,0.282624023937618,25.6575775009481,25.3184424990519,25.48801,0.298575789529117,45.9436962716659,25.452404,25.4088038454697,-0.092458639759041,-0.0321200652609454
"7233983","2011-12-13",18.2019330437153,0.503397936068459,0.343988589646783,0.293648796039938,25.6519667129473,25.3170532870527,25.48451,0.476581012503877,51.2588633908639,25.452004,25.4142966660738,-0.0707923302214808,-0.0398545182530525
"7233982","2011-12-14",17.2780905564668,0.453058142461614,0.41110831445591,0.338395279246023,25.6464919216628,25.3138614116705,25.4801766666666,0.409278716894208,50.0804147376136,25.451204,25.4163904439306,-0.0592895536158711,-0.0437415253256162
"7233981","2011-12-15",16.3082637463208,0.276868864837652,0.41110831445591,0.388735072852868,25.6106746440717,25.3245686892616,25.4676216666666,0.33355234008235,46.0867593117806,25.448404,25.4088717180732,-0.0715763306597839,-0.0493084863924497
"7233980","2011-12-18",15.4077102797566,0.302038761641079,0.343988589646783,0.388735072852868,25.6039491077833,25.3186275588833,25.4612883333333,0.296878293197907,46.740174249769,25.446804,25.4036888223301,-0.0772519963382789,-0.0548971883816156
"7233979","2011-12-19",14.3428031329467,0.38461538461538,0.321174337031372,0.358757080378022,25.5974673364315,25.3164393302352,25.4569533333333,0.415832825156976,48.7470408453613,25.442804,25.4031969793528,-0.0713989103245827,-0.058197532770209
"7233978","2011-12-20",13.3539607823376,0.41025641025641,0.365636852170958,0.343599926283038,25.586603021813,25.3166369781869,25.45162,0.444610317903455,49.4310565476437,25.440004,25.4041040487724,-0.062859098949164,-0.059129846006
"7233977","2011-12-21",12.6522276864437,0.493999999999994,0.429623931623929,0.37214504027542,25.5863467283706,25.316419938296,25.4513833333333,0.502037589525181,50.3515635493434,25.43732,25.4066101756027,-0.0514012250436013,-0.0575841218135203
"7233976","2011-12-22",11.7640635571957,0.199999999999989,0.368085470085465,0.387782084626785,25.5822450352273,25.3148549647726,25.44855,0.45555806050277,48.6582772276356,25.426476,25.4057288188557,-0.0490288865668265,-0.0558730747641815
"7233975","2011-12-26",12.5871989940496,0.235294117647054,0.309764705882347,0.369158035863914,25.5886769864209,25.3147596802458,25.4517183333333,0.737109273014816,50.9838354663205,25.422876,25.4089649763416,-0.0371920835915529,-0.0521368765296558
"7233974","2011-12-27",14.1356161529764,0.435729847494552,0.290341321713866,0.322730499227227,25.6140802032339,25.300989796766,25.457535,1.07107573288643,58.9864025252747,25.424876,25.4277696461627,0.0101620368445188,-0.0396770938548209
"7233973","2011-12-28",16.952124166827,0.397435897435897,0.356153287525836,0.318753105040683,25.6851932808512,25.2533000524821,25.4692466666666,1.30441177860534,64.679097468454,25.431276,25.458733693341,0.0815904900729469,-0.0154235770692673
"7233972","2011-12-29",17.4700021158168,0.0897435897435904,0.307636444891348,0.31804368471035,25.6837402948926,25.2537530384407,25.4687466666667,0.727727679206112,48.7727481998088,25.431676,25.4535692008956,0.0613892737874711,-6.1006897919642e-05
"7233971","2012-01-02",17.9508887827359,0.207792207792208,0.231657231657233,0.298482321358139,25.6943206427656,25.2495060239011,25.4719133333333,0.855398990865546,53.8639510816,25.434476,25.4624266407762,0.0761945465408198,0.0151901037898282
"7233970","2012-01-04",18.4956657556326,0.446753246753249,0.248096348096351,0.262463341548311,25.7363662260263,25.252727107307,25.4945466666667,1.04748810924944,61.4548264035196,25.446636,25.494636422006,0.14450699006876,0.0410534810456146
"7233969","2012-01-05",19.4311927314361,0.376623376623376,0.343722943722946,0.274492174492177,25.7751228914104,25.2473037752562,25.5112133333333,0.958717754984241,58.4170772802424,25.452636,25.5153515657385,0.179415749693779,0.0687259347752474
"7233968","2012-01-08",19.8663250377786,0.311688311688314,0.378354978354981,0.323391423391426,25.7977305384045,25.2530961282621,25.5254133333333,0.820557539912036,55.672969155814,25.454636,25.5266380236401,0.189062560453257,0.0927932599108494
"7233967","2012-01-09",20.2703764650967,0.565789473684212,0.418033720665302,0.380037214247743,25.8429150031126,25.2512449968873,25.54708,0.978171948929709,63.133046367848,25.464636,25.5630862871547,0.256874822041131,0.125609572336906
"7233966","2012-01-10",20.020851377212,0.45205479452055,0.443177526631027,0.41318874188377,25.873231022762,25.2562623105713,25.5647466666667,0.859694090826807,59.3671072391283,25.472636,25.5853414488674,0.285142877021083,0.157516233273741
"7233965","2012-01-11",19.5292664963064,0.41095890410959,0.476267724104785,0.445826323800372,25.8926587234511,25.2770679432155,25.5848633333333,0.806161180529489,57.7764546499153,25.490636,25.6006292556851,0.294646843027069,0.184942355224407
"7233964","2012-01-12",18.8959805229397,0.383561643835618,0.415525114155254,0.444990121630356,25.9000190668965,25.2970709331035,25.598545,0.657208104679003,56.6860219812941,25.501036,25.6112120215938,0.292482096799507,0.206450303539427
"7233963","2012-01-16",19.4243785674831,0.433698630136988,0.409406392694067,0.433733076984702,25.9192632278938,25.3079334387728,25.6135983333333,0.768488470414679,58.2393079728372,25.51374,25.6252637520479,0.298829297382874,0.224926102308116
"7233962","2012-01-17",19.7609601085483,0.394366197183097,0.403875490385236,0.409602332411519,25.9309770440338,25.3268862892995,25.6289316666667,0.711450016407186,57.2367488418042,25.52654,25.6352285851082,0.295209770178517,0.238982835882196
"7233961","2012-01-18",20.2478318937811,0.577464788732392,0.468509872017494,0.427263918365599,25.9517533856643,25.3494432810024,25.6505983333333,0.836595714451485,62.6581284650931,25.54574,25.6611981070938,0.329408241946649,0.257067917095087
"7233960","2012-01-19",19.9352557159424,0.464788732394366,0.47887323943662,0.45041953394645,25.9566164590754,25.3849135409246,25.670765,0.737713788668848,57.8017615126215,25.56174,25.6730383594813,0.327534827743814,0.271161299224832
"7233959","2012-01-22",19.2845018621487,0.537037037037036,0.526430186054599,0.491271099169571,25.9549388159138,25.4205945174195,25.6877666666667,0.660133956529148,55.486110816664,25.57574,25.6779665782171,0.309895053211284,0.278908050022123
"7233958","2012-01-23",19.3487965382408,0.479166666666667,0.493664145366025,0.499655856952415,25.955461255096,25.459738744904,25.7076,0.753636521941738,57.3271714401322,25.58774,25.6875710344548,0.30495837779283,0.284118115576264
"7233957","2012-01-24",19.0371446700198,0.275,0.430401234567903,0.483498521996176,25.9445455593118,25.5041277740215,25.7243366666667,0.641524711493961,54.8826583262191,25.59894,25.6905615631942,0.285186418163974,0.284331776093806
"7233956","2012-01-25",19.7015726627211,0.379999999999995,0.378055555555556,0.434040311829828,25.9357639576032,25.5585760423968,25.74717,0.887507996520399,58.6778158393088,25.61614,25.703820021435,0.291270970546398,0.285719614984325
"7233955","2012-01-26",20.3185415130866,0.515999999999998,0.390333333333333,0.39959670781893,25.9338179976338,25.5987220023661,25.76627,0.895100713038713,61.6321358444965,25.63566,25.7243773519103,0.313781498051235,0.291331991597707
"7233954","2012-01-29",20.3235847220777,0.285714285714287,0.393904761904762,0.387431216931217,25.9380488131233,25.61652452021,25.7772866666667,0.746886477164087,57.8340757657226,25.65166,25.7344603716556,0.309824041210605,0.295030401520286
"7233953","2012-01-30",20.8074162439458,0.642857142857139,0.48152380952381,0.421920634920635,25.9693251410398,25.6019148589602,25.78562,1.03812683797058,64.0110007989916,25.67326,25.7631989887682,0.349627506741745,0.305949822564578
"7233952","2012-01-31",20.5888914375852,0.476190476190473,0.468253968253968,0.44789417989418,25.9695088917404,25.6387311082596,25.80412,0.900712119392967,59.6215947379215,25.691544,25.7787724569324,0.35509233080504,0.315778324212671
"7233951","2012-02-01",20.3859755459647,0.595238095238093,0.57142857142857,0.507068783068783,25.9812361000996,25.6610038999004,25.82112,0.964912647470758,61.644765019881,25.712744,25.7989361293414,0.37075376241249,0.326773411852635
"7233950","2012-02-02",20.5350012744929,0.600000000000002,0.557142857142857,0.532275132275132,26.0067670422603,25.6588729577397,25.83282,0.961385635672779,62.0542715653767,25.733144,25.8177446454292,0.381840294859415,0.337786788453991
"7233949","2012-02-05",19.5425932726078,0.300000000000001,0.4984126984127,0.542328042328043,26.0120403018008,25.6679296981991,25.839985,0.66462245783894,54.5304085328461,25.743944,25.818045359372,0.349078956798099,0.340045222122812
"7233948","2012-02-06",18.464099442393,0.0256410256410205,0.308547008547009,0.454700854700856,26.0059961159738,25.6833072173595,25.8446516666666,0.340966536023733,49.1791753238637,25.746344,25.8049726447891,0.288534985861522,0.329743174870554
"7233947","2012-02-07",17.4626408857651,0.0512820512820501,0.125641025641025,0.310866910866912,26.0064461228715,25.6761905437951,25.8413183333333,0.263864700732486,49.7106418338835,25.758744,25.7949762921505,0.240901047495368,0.311974749395517
"7233946","2012-02-08",16.2410976516252,0.24358974358974,0.106837606837605,0.18034188034188,26.0067097658232,25.6799269008434,25.8433183333333,0.449043635847697,53.6275233356861,25.770144,25.7963127865305,0.224030654542373,0.294385930424888
"7233945","2012-02-09",15.5124139517963,0.1025641025641,0.132478632478632,0.121652421652421,26.0061501039525,25.6834865627142,25.8448183333333,0.371429539759061,50.5200040926397,25.771984,25.7901377483264,0.191250205497218,0.273758785439354
"7233944","2012-02-12",15.2301989186131,0,0.115384615384615,0.118233618233618,26.0008231170013,25.6934768829987,25.84715,0.151261927183991,47.8078326436223,25.773984,25.7781193818829,0.147917151746779,0.248590458700839
"7233943","2012-02-13",14.9681421020857,0.0999999999999973,0.0675213675213674,0.105128205128205,26.0013433337192,25.6918466662807,25.846595,0.241639652121546,50.1150980575328,25.779584,25.7730367976318,0.124658099060992,0.22380398677287
"7233942","2012-02-14",14.029762949994,0.0250000000000038,0.0416666666666686,0.0748575498575506,26.000562699895,25.6939606334383,25.8472616666666,0.248006699499738,48.3873899646948,25.775984,25.7646318912809,0.0957258237272551,0.198188354163747
"7233941","2012-02-15",13.2511274390819,0,0.0416666666666686,0.0502849002849018,26.0010909763627,25.683095690304,25.8420933333333,0.210289206458143,47.7958885986254,25.774784,25.7560143057768,0.0688668540477888,0.172324054140555
"7233940","2012-02-16",12.5281087503779,0.150000000000005,0.0583333333333378,0.0472222222222253,26.0014546726566,25.67973199401,25.8405933333333,0.301298848637105,51.6175103601288,25.777184,25.7565457316732,0.0656233432684283,0.15098391196613
"7233939","2012-02-20",12.2566344845572,0.0499999999999987,0.0666666666666694,0.0555555555555589,26.003011550567,25.6751084494329,25.83906,0.206031040877846,49.0400763465306,25.778784,25.7516729674501,0.0499430186594152,0.130775733304787
"7233938","2012-02-21",11.5281450640239,0.0999999999999973,0.100000000000002,0.0750000000000033,26.0025885570201,25.6691981096465,25.8358933333333,0.302353865108038,50.3743694089121,25.77972,25.7501165717901,0.0432847268506675,0.113277532013963
"7233937","2012-02-22",10.8516906021001,0.175,0.108333333333334,0.0916666666666685,26.0025885570201,25.6691981096465,25.8358933333333,0.352345299469643,52.3881558170794,25.78252,25.7527676955514,0.0468693077433358,0.0999958871598376
"7233936","2012-02-23",10.1684572710408,0.257216347527863,0.177405449175955,0.128579594169764,25.996554410141,25.666565589859,25.83156,0.424563100919514,53.7360129128987,25.78092,25.7577320028112,0.0553372281091757,0.0910641553497053
"7233935","2012-02-26",9.82719508590723,0.208333333333335,0.213516560287068,0.166418447598786,25.9890946847231,25.6618253152768,25.82546,0.350907729568919,50.6478209395407,25.78092,25.7567010691031,0.0489503118212831,0.0826413866440208
"7233934","2012-02-27",9.51030877114034,0.428571428571426,0.298040369810876,0.229654126424633,25.9858510197289,25.6588023136043,25.8223266666666,0.413387008918981,53.5242267521988,25.78412,25.761140926556,0.055776735215507,0.0772684563583181
"7233933","2012-02-28",9.07857052143499,0.714285714285722,0.450396825396829,0.320651251831591,25.9623943504432,25.6689256495567,25.81566,0.61701418207907,57.5233940698415,25.78812,25.7729888030152,0.079060923930041,0.0776269498726627
"7233932","2012-02-29",9.27170638743391,0.714285714285722,0.619047619047625,0.455828271418444,25.9502678670218,25.6740521329781,25.81216,0.697333677805886,57.5233940698415,25.79372,25.7832569626132,0.0963890591497707,0.0813793717280843
"7233931","2012-03-01",11.1565745256543,0.250000000000002,0.559523809523817,0.542989417989424,25.9335009505464,25.6838190494535,25.80866,0.865825474735075,53.1068589655764,25.79412,25.7854893675981,0.0933908340502665,0.0837816641925207
"7233930","2012-03-04",10.6913253785483,0,0.321428571428576,0.500000000000006,25.9177221082508,25.6592645584158,25.7884933333333,-0.267992010525815,35.8934988241783,25.7802,25.7487574519183,0.000196444143329977,0.0670646201826826
"7233929","2012-03-05",10.2593083133785,0.0677966101694901,0.105932203389832,0.328961528114076,25.9266314559932,25.6161985440067,25.771415,-0.196924601031576,38.8382048191722,25.7702,25.7222564583292,-0.0605151853365626,0.0415486590788335
"7233928","2012-03-06",11.7019489674697,0,0.0225988700564983,0.149986548291636,25.9266660274396,25.6031639725603,25.764915,0.185993751401243,36.5764961521718,25.7522,25.6926222638853,-0.122974612723115,0.00864400471844391
"7233927","2012-03-07",13.0415438605543,0.0983333333333349,0.0553766478342766,0.0613025737602029,25.9330203544364,25.5810763122302,25.7570483333333,0.0708171890439541,40.9465752192056,25.73936,25.674805962034,-0.152241694916655,-0.0235331352085759
"7233926","2012-03-08",14.5025228708945,0.249999999999997,0.116111111111112,0.0646955430006295,25.925604309834,25.5741556901659,25.74988,0.310555522844776,47.0111157464578,25.72816,25.6714985004294,-0.145172473740174,-0.0478610029148955
"7233925","2012-03-11",16.1927899615462,0.249999999999997,0.199444444444445,0.123644067796612,25.9199661675497,25.5704604991169,25.7452133333333,0.399248176742884,47.0111157464578,25.71656,25.6686320337055,-0.137980809438509,-0.0658849642196182
"7233924","2012-03-12",17.7623236885799,0.249999999999997,0.249999999999999,0.188518518518519,25.9190814516219,25.5676818817114,25.7433816666666,0.38603192273828,47.0111157464578,25.70976,25.6661477625448,-0.130774915867771,-0.0788629545492487
"7233923","2012-03-13",19.2197478636826,0.249999999999997,0.249999999999999,0.233148148148148,25.917172967589,25.5585970324109,25.737885,0.273590494968286,47.0111157464578,25.70696,25.6639947275388,-0.123639789690533,-0.0878183215775055
"7233922","2012-03-14",18.7998270627946,0,0.166666666666666,0.222222222222222,25.9273940971274,25.5233759028726,25.725385,-0.00835581892248913,36.0629493013656,25.69576,25.6354620972003,-0.178858152361727,-0.10602628773435
"7233921","2012-03-15",17.8963937601576,0,0.083333333333334,0.166666666666667,25.9502371240702,25.4675362092631,25.7088866666666,-0.0984796336715471,33.1528092180097,25.67876,25.6014004842403,-0.24197094850571,-0.133215219888622
"7233920","2012-03-18",17.3645857644101,0.0277777777777771,0.00925925925926064,0.0864197530864207,25.9565370711959,25.4285429288041,25.69254,0.0401337871538603,34.7723832448229,25.66476,25.5745470863416,-0.282526371494651,-0.163077450209828
"7233919","2012-03-19",16.8707640540731,0.166666666666667,0.0648148148148165,0.0524691358024708,25.9550970278481,25.4070496388185,25.6810733333333,0.193931577163484,42.2998565331672,25.65676,25.5646074748294,-0.279926848431111,-0.186447329854084
"7233918","2012-03-20",16.9208596240911,0.0694444444444452,0.0879629629629649,0.0540123456790144,25.9497133825022,25.3847666174978,25.66724,0.192171585998371,38.9144463832093,25.64436,25.5466598115188,-0.296574895706103,-0.208472843024488
"7233917","2012-03-21",16.7913484665487,0.0491803278688544,0.0950971463266573,0.08262497470148,25.9404969346153,25.3626497320513,25.6515733333333,0.191544755760557,37.9791814801126,25.63236,25.5284385033163,-0.312525776533834,-0.229283429726357
"7233916","2012-03-22",16.6710881059737,0.0655737704918078,0.0613995142683707,0.0814865411859981,25.9264340636776,25.340712602989,25.6335733333333,0.180894965933242,38.7715581431152,25.62116,25.5139800362074,-0.318370745836072,-0.2471008929483
"7233915","2012-03-25",17.0348857465063,0.032786885245901,0.049180327868856,0.0685589961546284,25.9123740468859,25.3227726197807,25.6175733333333,0.227092474221656,37.7332341436773,25.60676,25.4987826980464,-0.325606262165434,-0.262801966791727
"7233914","2012-03-26",17.5043479331936,0.133333333333339,0.0772313296903508,0.0626037239425263,25.8904931314112,25.3142535352554,25.6023733333333,0.304988525462348,41.1289851574375,25.59556,25.4909450049736,-0.315069244151389,-0.27325542226366
"7233913","2012-03-27",17.9402771065461,0.155555555555556,0.107225258044934,0.0778789718680472,25.8528129240662,25.3152670759338,25.58404,0.31265474002538,41.9808594514711,25.58396,25.4854856709771,-0.300101521520002,-0.278624642114928
"7233912","2012-03-28",19.0009045223595,0.266666666666669,0.18518518518519,0.123213924306825,25.8037746710966,25.3326386622367,25.5682066666667,0.461355815891237,46.1747288759824,25.57316,25.4874209148468,-0.269304934968795,-0.276760700685701
"7233911","2012-03-29",19.9857728370433,0.41860465116279,0.280275624461674,0.190895355897266,25.7329874938713,25.3720925061287,25.55254,0.594561209841501,50.7731775767418,25.56396,25.4970981262006,-0.223328174746462,-0.266074195497853
"7233910","2012-04-01",19.8430128175202,0.310237849017577,0.331836388949014,0.265765732865293,25.7290353684847,25.3680446315152,25.54854,0.393238257791508,44.6158752343948,25.55276,25.4934850427072,-0.212921141424538,-0.25544358468319
"7233909","2012-04-02",20.6870923302682,0.472222222222228,0.400354907467533,0.337488973626074,25.7341436279122,25.3687630387544,25.5514533333333,0.669357655650614,50.3765725124408,25.54316,25.5010203703462,-0.177311017452886,-0.239817071237129
"7233908","2012-04-03",20.6499965952358,0.250277777777777,0.344245949672529,0.358812415363026,25.7202488452251,25.3693278214415,25.5447883333333,0.457953502355318,45.3077852316539,25.527964,25.4968976543001,-0.172385429713362,-0.226330742932376
"7233907","2012-04-04",20.5147542776005,0.176470588235301,0.299656862745104,0.348085906628389,25.7140353426958,25.3672746573041,25.540655,0.450047201437827,44.6955768454408,25.512364,25.49197796706,-0.169725709999069,-0.215009736345715
"7233906","2012-04-08",20.3891721255106,0.235294117647064,0.220680827886716,0.288194546768117,25.6935496975395,25.3724336357938,25.5329916666667,0.490787339265317,46.2445443049574,25.499564,25.4903809047854,-0.15945208765844,-0.20389820660826
"7233905","2012-04-09",20.2725601271415,0.294117647058828,0.235294117647066,0.251877269426296,25.6633233547476,25.3858599785857,25.5245916666667,0.562741013153369,47.8184689238093,25.499164,25.491663450814,-0.143327429191886,-0.191784051124985
"7233904","2012-04-10",21.439792589797,0.261904761904768,0.263772175536888,0.239915707023557,25.6398864131198,25.4002969202135,25.5200916666667,0.889172603254088,48.628383656252,25.497564,25.4941083240388,-0.125931217007536,-0.178613484301495
"7233903","2012-04-11",22.4060239951297,0.238095238095241,0.264705882352947,0.254590725178968,25.6167022801834,25.4114777198165,25.51409,0.610009575005624,47.8289217861009,25.497564,25.4948938808336,-0.11399501284276,-0.165689790009748
"7233902","2012-04-12",23.3627681024609,0.404761904761907,0.301587301587307,0.276688453159048,25.6248073381426,25.410039328524,25.5174233333333,0.822409903859965,53.5817264482282,25.498004,25.5049080300558,-0.0814467146046716,-0.148841174928733
"7233901","2012-04-15",24.9487485551399,0.184210526315791,0.275689223057648,0.280660802332634,25.6278916510709,25.4239550155958,25.5259233333333,0.814198900640939,48.6317037136346,25.492404,25.5055869593817,-0.0737846152324306,-0.133829862989472
"7233900","2012-04-16",25.362319847234,0,0.196324143692568,0.257866889445841,25.6251499139829,25.4313900860171,25.52827,0.336894295039827,42.3166416017334,25.483204,25.4941753647975,-0.0950945504230472,-0.126082800476187
"7233899","2012-04-17",26.1858919881769,0.524999999999995,0.23640350877193,0.236138958507382,25.6487501652209,25.4227898347791,25.53577,1.06453862093391,56.5081237260849,25.482404,25.5122853161578,-0.0450226246055285,-0.109870765302056
"7233898","2012-04-18",27.3442716175749,0.424999999999997,0.316666666666666,0.249798106377055,25.6682450958862,25.4202949041138,25.54427,0.980190527308025,53.7933645766099,25.480004,25.5226472740034,-0.017801527822936,-0.0914569178062317
"7233897","2012-04-19",28.5600533239464,0.547619047619043,0.499206349206347,0.350758841548315,25.6959263797325,25.4166136202674,25.55627,1.06232065314214,57.1210374728795,25.488004,25.5396276374696,0.0224618663591691,-0.0686731609731515
"7233896","2012-04-22",28.565428480964,0.302325581395347,0.424981543004797,0.413618186292604,25.7022488325429,25.4306245007904,25.5664366666667,0.807643033281297,50.5826414607089,25.494804,25.5410106191404,0.0225100278294477,-0.0504365232126317
"7233895","2012-04-23",28.5704196981946,0.348837209302322,0.399593946105572,0.441260612772239,25.7028509204284,25.4466890795716,25.57477,0.689580669669303,51.7716693544175,25.501604,25.5448758699216,0.028536224002762,-0.034641973769553
"7233894","2012-04-24",28.7612416576793,0.372093023255806,0.341085271317827,0.388553586809399,25.7071440252325,25.4573959747675,25.58227,0.731152955518573,52.388518402966,25.504804,25.5495590872654,0.0360531599504554,-0.0205029470255513
"7233893","2012-04-25",28.9384334772009,0.465116279069766,0.3953488372093,0.3786760182109,25.7116525301139,25.4705541365527,25.5911033333333,0.785761616446413,54.8747466557921,25.512404,25.5589512089634,0.0540136884283893,-0.00559961993476317
"7233892","2012-04-26",28.0459708486647,0.255813953488371,0.364341085271316,0.366925064599481,25.7115992837993,25.4726073828673,25.5921033333333,0.407514299659837,48.7112674831888,25.517204,25.5550910477683,0.0393788065925937,0.00339606537070821
"7233891","2012-04-29",26.8936991349036,0.186046511627903,0.302325581395348,0.354005167958655,25.7111134340156,25.4697598993178,25.5904366666667,0.346269774421213,46.8233654307373,25.520404,25.5477455747325,0.0180970043354378,0.00633625316365413
"7233890","2012-04-30",25.823732543554,0.302325581395347,0.248062015503875,0.304909560723514,25.7088526236398,25.4766873763601,25.59277,0.344492947345257,50.2819436611437,25.526404,25.5480461647682,0.016826331565345,0.0084342688439923
"7233889","2012-05-01",26.6471804285504,0.32558139534883,0.271317829457362,0.273901808785529,25.7135478971208,25.4759921028792,25.59477,0.746524541825185,50.9687969523787,25.531204,25.5496400094657,0.0187611917229491,0.0104996534197837
"7233888","2012-05-02",27.6554939615499,0.361702127659571,0.329869701467918,0.283083182143052,25.7245381115124,25.4809985551543,25.6027683333333,0.85818274440148,53.0637032419437,25.536804,25.555021341537,0.0294279911528639,0.0142853209663997
"7233887","2012-05-03",28.5917850993352,0.468297872340424,0.38519379844961,0.328793776458297,25.7346779111363,25.4885320888637,25.611605,0.859387235785477,56.4129753293114,25.542408,25.5663651626654,0.0530800808614895,0.0220442729454177
"7233886","2012-05-06",29.7125488467173,0.25641025641026,0.362136752136753,0.359066750684761,25.7412150760047,25.497991590662,25.6196033333333,0.789432028192082,53.1441734710589,25.544008,25.5708498076433,0.0584878552541745,0.029332989407169
"7233885","2012-05-07",30.7532580407151,0.30769230769231,0.344133478814333,0.363821343133566,25.7421680852645,25.5081719147355,25.62517,0.620358095047751,54.5584458924457,25.550008,25.5774031666242,0.0682935161036902,0.0371250947464733
"7233884","2012-05-08",32.2843176630664,0.25641025641026,0.273504273504278,0.326591501485122,25.7477398711712,25.5092667954955,25.6285033333333,0.715943315700368,52.8408386808471,25.552008,25.580416077741,0.0689576610037879,0.0434916079979362
"7233883","2012-05-09",33.7060158838212,0.38461538461538,0.316239316239318,0.311292356185977,25.7519354943067,25.5214045056933,25.63667,0.774713609571079,56.525684405862,25.559204,25.5896939340422,0.0842781026631156,0.0516489069309721
"7233882","2012-05-10",34.4608978990394,0.28205128205128,0.307692307692308,0.299145299145302,25.7549322427462,25.5270744239205,25.6410033333333,0.641886726409584,52.9605154938733,25.565204,25.5924014095032,0.0828474467488016,0.057888614894538
"7233881","2012-05-13",34.8811721458662,0.23076923076923,0.299145299145299,0.307692307692309,25.7544656369436,25.529541029723,25.6420033333333,0.357715286340621,51.2209662167851,25.569604,25.5920812215695,0.0745483222745813,0.0612205563705467
"7233880","2012-05-14",35.621335416827,0.319743589743591,0.277521367521369,0.294786324786326,25.7404172788144,25.5592693878523,25.6498433333333,0.520002072969758,54.041519790964,25.574592,25.5964303920269,0.0780111314611531,0.064578671388668
"7233879","2012-05-15",37.6955723701432,0.372881355932202,0.307798058815009,0.294821575160559,25.7826614240955,25.5350252425711,25.6588433333333,1.24500421894854,60.7534938510479,25.582992,25.6129063397566,0.109518181669221,0.0735665734447787
"7233878","2012-05-16",39.6216495410797,0.457627118644067,0.383417354773288,0.322912260369889,25.8055392311591,25.5264474355076,25.6659933333333,1.00284530819827,63.745155311806,25.593792,25.6338521611224,0.14848891421968,0.0885510415997589
"7233877","2012-05-17",41.1603178376694,0.37037037037037,0.400292948315548,0.363836120634616,25.8169028906897,25.522083775977,25.6694933333333,0.886135071706364,61.7185379878316,25.600992,25.6493385396394,0.171070368815318,0.105054907042871
"7233876","2012-05-20",42.9481673714103,0.358490566037737,0.395496018350727,0.393068773813188,25.8404444011136,25.5162089322197,25.6783266666667,0.957507010278741,61.7185379878316,25.610592,25.6627600676875,0.18678896287978,0.121401718210253
"7233875","2012-05-21",44.2383403705702,0.259999999999998,0.329620312136037,0.375136426267438,25.8519892958972,25.5203307041027,25.68616,0.782941561960644,58.4839293866344,25.622592,25.6703920586625,0.187636959811543,0.134648766530511
"7233874","2012-05-22",45.4363581555043,0.420000000000002,0.346163522012581,0.357093284166449,25.8699703033163,25.520683030017,25.6953266666667,0.866479618502922,63.9150085123531,25.629392,25.6876731175075,0.21099855919029,0.149918725062467
"7233873","2012-05-23",44.9913507752831,0.160000000000004,0.280000000000003,0.318594611382874,25.8727562631581,25.5242304035086,25.6984933333333,0.571271612456464,52.008548224088,25.632592,25.6853167018398,0.186515556407985,0.15723809133157
"7233872","2012-05-24",44.5781296365062,0.220199999999998,0.266733333333336,0.297632285115307,25.8716839553889,25.5423093779445,25.7069966666667,0.600402405846243,54.1388099446312,25.634596,25.6872878082612,0.17455583239554,0.160701639544364
"7233871","2012-05-28",44.970067034688,0.299999999999997,0.226733333333335,0.257822222222225,25.8772407574191,25.5640859092476,25.7206633333333,0.838501332335329,56.871702003327,25.642196,25.694316100493,0.17558253921619,0.163677819478729
"7233870","2012-05-29",45.3340089044283,0.619999999999997,0.380066666666666,0.29117777777778,25.8993429858367,25.5783170141633,25.73883,1.06434686282729,65.6988047624214,25.655396,25.7217406204273,0.224011269272006,0.175744509437385
"7233869","2012-05-30",45.67195492633,0.660000000000004,0.526666666666668,0.377822222222223,25.9274592174533,25.57753411588,25.7524966666667,0.997735084499217,66.6185256984598,25.668996,25.7481752043703,0.2655239062199,0.193700388793888
"7233868","2012-05-31",44.3053958618975,0.359999999999999,0.546666666666669,0.484466666666668,25.932345787151,25.584314212849,25.75833,0.638885866213767,54.7594275057194,25.674996,25.7510851771209,0.248518799836006,0.204664071002311
"7233867","2012-06-03",43.2078307852458,0.355254674403608,0.458418224801205,0.510583852711514,25.9393576439872,25.5902956893462,25.7648266666667,0.686709930620677,55.8870055400806,25.685396,25.7562738201715,0.238555235593063,0.211442303920462
"7233866","2012-06-04",40.3307485970397,0,0.238418224801204,0.41450103875636,25.9506305822796,25.5670227510538,25.7588266666667,0.00776117874531975,40.622113188083,25.685796,25.7234373108153,0.141268572272524,0.197407557590874
"7233865","2012-06-05",37.7543425868708,0,0.118418224801204,0.271751558134538,25.9555043590917,25.5564489742417,25.7559766666667,0.0999469261808401,40.622113188083,25.684196,25.6949790027066,0.0633646530433962,0.170598976681379
"7233864","2012-06-06",35.3619655774282,0.165306122448979,0.0551020408163281,0.137312830139579,25.9570352480588,25.5513180852745,25.7541766666667,0.228439719161626,45.6066527256425,25.685436,25.681115135679,0.026719704467526,0.141823122238608
"7233863","2012-06-07",33.4740022212573,0.285714285714281,0.150340136054422,0.107953467223985,25.9570352480588,25.5513180852745,25.7541766666667,0.366466909373848,48.9671373615283,25.687836,25.6769664509218,0.0160273432205704,0.116663966435001
"7233862","2012-06-10",31.5607865047329,0.244897959183669,0.231972789115645,0.145804988662132,25.9567206566857,25.5529626766476,25.7548416666667,0.331066290437398,47.8871035159779,25.687432,25.6707042574656,0.00125106020645305,0.0935813851892911
"7233861","2012-06-11",29.5390661324046,0.183673469387755,0.238095238095237,0.206802721088435,25.9543013257165,25.5583820076169,25.7563416666667,0.206148042421605,46.2396135145549,25.687432,25.6612770231369,-0.019669282079382,0.0709312517355565
"7233860","2012-06-12",27.8169947753703,0.387755102040813,0.272108843537414,0.247392290249432,25.9527398746452,25.5659267920215,25.7593333333333,0.380993339157266,52.1491970582919,25.690632,25.6664400867186,-0.00474937910237561,0.0557951255679701
"7233859","2012-06-13",26.4699773393036,0.122448979591835,0.231292517006803,0.247165532879818,25.9483635884456,25.5459697448877,25.7471666666667,0.134272071944666,45.1940850470226,25.689432,25.6535814084895,-0.033424031751661,0.0379512941040439
"7233858","2012-06-14",24.9638633157604,0.204081632653058,0.238095238095237,0.247165532879818,25.9434618592257,25.5339048074409,25.7386833333333,0.250909754276995,47.5136380258559,25.687832,25.6477705540242,-0.0430775064827693,0.0217455339866812
"7233857","2012-06-17",23.6244697592616,0.311111111111105,0.212547241118667,0.227311665406903,25.9388566555514,25.5300100111153,25.7344333333333,0.411702834079036,49.8016132004984,25.689432,25.6480678134876,-0.0377085733282101,0.00985471252370296
"7233856","2012-06-18",22.3807471710842,0.32558139534883,0.280258046370999,0.243633508528302,25.9283375987591,25.5268624012409,25.7276,0.406345397592571,49.8016132004984,25.691832,25.648325438356,-0.0330723803536603,0.0012692939482303
"7233855","2012-06-19",21.1347574394816,0.324999999999999,0.32056416881998,0.271123152103216,25.922829178267,25.5220374883997,25.7224333333333,0.385809342299924,49.1800247236701,25.692444,25.6472153799085,-0.0321736760212854,-0.00541930004567284
"7233854","2012-06-20",19.977766974422,0.400000000000002,0.350193798449612,0.317005337880198,25.9109636242518,25.5199030424148,25.7154333333333,0.417915531529131,51.1498660344109,25.690444,25.650253329254,-0.0217716323963724,-0.00868976651581274
"7233853","2012-06-21",20.3242452231682,0.410256410256414,0.378418803418807,0.349725590229467,25.912582837117,25.520617162883,25.7166,0.576707397211313,51.1498660344109,25.686444,25.6528862186868,-0.013374422414536,-0.0096266976955574
"7233852","2012-06-24",20.6459750255755,0.538461538461536,0.449572649572652,0.392728417147024,25.9155747700689,25.5209518965977,25.7182633333333,0.639550957894546,54.5547579398243,25.685244,25.6618347228619,0.00890163231708208,-0.00592103169302951
"7233851","2012-06-25",20.6156834226532,0.363636363636369,0.437451437451441,0.4218142968143,25.9043017319168,25.5222249347499,25.7132633333333,0.535080207520385,52.203640650371,25.682844,25.665590093147,0.0169229869505294,-0.00135222796431772
"7233850","2012-06-26",20.805366034325,0.363636363636369,0.421911421911426,0.43631183631184,25.8705931890194,25.5376001443139,25.7040966666667,0.597809850739708,52.203640650371,25.681644,25.6688447473941,0.0230134194388443,0.00352090151631468
"7233849","2012-06-27",20.9814998880202,0.484848484848488,0.40404040404041,0.421134421134426,25.8295866860056,25.5612733139944,25.69543,0.715804873604764,55.1898881126855,25.678844,25.6769987810749,0.0399495928155469,0.0108066397761611
"7233848","2012-06-28",20.3196685891491,0.272727272727274,0.373737373737378,0.399896399896405,25.8136655308779,25.5655278024554,25.6895966666667,0.501625441386504,49.3759647534989,25.678444,25.6747322769315,0.031013580040562,0.0148480278290413
"7233847","2012-07-01",20.1292375011194,0.303030303030309,0.353535353535359,0.377104377104383,25.7906606608127,25.576866005854,25.6837633333333,0.638310286595868,50.1833319664256,25.67724,25.674101306674,0.0267658615856758,0.0172315945803682
"7233846","2012-07-02",19.6023999765594,0.212121212121214,0.262626262626267,0.329966329966335,25.7824901139325,25.5953665527342,25.6889283333333,0.416481210419199,47.724323263532,25.67324,25.6695544657841,0.0138107393048426,0.0165474235252631
"7233845","2012-07-04",20.0618481604669,0.0344827586206952,0.183211424590741,0.266457680250789,25.7775148354714,25.610708497862,25.6941116666667,0.535300417344525,46.1024460758032,25.66204,25.6629472036796,-0.00271484387935894,0.0126949700443387
"7233844","2012-07-05",20.4884786169524,0.428571428571423,0.225058466437779,0.223632051218263,25.7881573212139,25.6133326787861,25.700745,0.934273255831345,55.8068539185795,25.65484,25.6732209098556,0.021663942183614,0.0144887644721937
"7233843","2012-07-08",20.0447140238425,0.178571428571433,0.213875205254519,0.207381698761014,25.7892608958327,25.6138924375006,25.7015766666667,0.585857324685773,50.1359685206138,25.65084,25.6727914552082,0.0187623267783543,0.0153434769334259
"7233842","2012-07-09",19.5171421017502,0.142857142857141,0.250000000000001,0.229644557230767,25.7895280858153,25.614625247518,25.7020766666667,0.468877958835157,49.3642437118363,25.64564,25.6710859278471,0.013167809707304,0.0149083434882015
"7233841","2012-07-10",19.0272538883788,0.178571428571433,0.166666666666671,0.21018062397373,25.7875919478862,25.6218947187804,25.7047433333333,0.431139464059952,50.1899296553982,25.65204,25.6709411374675,0.0117419787138306,0.0142750705333273
"7233840","2012-07-11",18.4424273726731,0.142857142857141,0.154761904761907,0.190476190476193,25.7870561769162,25.6171004897504,25.7020783333333,0.252415855950208,49.3237688501632,25.65804,25.6694823191385,0.00738347943813888,0.0128967523142896
"7233839","2012-07-12",19.7187519407753,0.407407407407406,0.242945326278662,0.18812463256908,25.7894856580153,25.6330043419847,25.711245,0.960683327326053,55.1575959249737,25.6636,25.6775513432534,0.0256349518313659,0.0154443922177049
"7233838","2012-07-15",20.9639589462717,0.464285714285715,0.338183421516756,0.245296884185775,25.7988970567288,25.6399262766045,25.7194116666667,1.00693802515353,56.6916392592481,25.6676,25.6872111641529,0.0458478152937758,0.0215250768329191
"7233837","2012-07-16",22.4181194019484,0.557575757575753,0.476422959756293,0.352517235850571,25.8248128215253,25.6294438451413,25.7271283333333,1.14257046157923,60.6098256411794,25.67456,25.7027830089325,0.0779136233373334,0.0328027861338019
"7233836","2012-07-17",24.047957089509,0.578947368421051,0.533602946760841,0.44940310934463,25.8572030171076,25.6173869828924,25.737295,1.15065846762094,63.0123277119182,25.68416,25.7210786077415,0.113291490674228,0.0489005270418871
"7233835","2012-07-18",25.9187947087243,0.533333333333331,0.556618819776713,0.522214908764616,25.8928883584822,25.6070349748511,25.7499616666667,1.1298275397212,64.3145329295803,25.69056,25.7396014600427,0.145885404706769,0.0682975025748635
"7233834","2012-07-19",26.5711825458083,0.340570455512985,0.484283719089124,0.52483516187556,25.9106052168059,25.6093114498608,25.7599583333333,0.909262808798106,55.8451364993525,25.69896,25.744987932037,0.144950159347768,0.0836280339294443
"7233833","2012-07-22",28.3552843265014,0.0555555555555545,0.309819781467292,0.450240773444377,25.9271898850535,25.6067267816131,25.7669583333333,0.873547943735712,46.0492853253668,25.70096,25.7336562077654,0.105380447585546,0.0879785166606646
"7233832","2012-07-23",30.0119502657163,0.0972222222222228,0.164449411096923,0.31951763721778,25.934115444901,25.6068012217657,25.7704583333333,0.72264538125456,48.4822638960434,25.70256,25.7278353800633,0.0824722348407247,0.0868772602966767
"7233831","2012-07-24",31.5502829235588,0.13235294117647,0.0950435729847511,0.189770921849656,25.944955547738,25.6099611189286,25.7774583333333,0.766297960985165,53.0432025432824,25.70656,25.7307906627216,0.0821863300126235,0.085939074239866
"7233830","2012-07-25",32.9787346772697,0.329411764705883,0.186328976034861,0.148607320038845,25.9680147532345,25.6071685800988,25.7875916666667,0.92051621428616,61.2864555050015,25.71632,25.7512185743587,0.122545056904744,0.0932602707728416
"7233829","2012-07-26",32.324604672008,0.0882352941176452,0.183333333333335,0.154901960784316,25.9737207908831,25.6107958757836,25.7922583333333,0.649916225284259,49.7705879366251,25.71832,25.7470560977775,0.101947559075533,0.0949977284333798
"7233828","2012-07-29",31.7171982385507,0.352941176470586,0.25686274509804,0.208841684822079,25.991161329726,25.6185853369407,25.8048733333333,0.868855399509953,58.8990455757799,25.72752,25.7674486180739,0.140392643345622,0.104076711415828
"7233827","2012-07-30",29.965386626349,0.176617647058825,0.205931372549021,0.215375816993466,25.9917576541052,25.6286623458948,25.81021,0.52714622426614,52.10608471409,25.729924,25.7691354689973,0.131776348751367,0.109616638882936
"7233826","2012-07-31",28.3387044150188,0.205882352941177,0.245147058823531,0.235980392156864,25.9886860404658,25.6477372928675,25.8182116666667,0.544351729616791,53.0734446738,25.734324,25.7732507397977,0.129682324445213,0.113629775995391
"7233825","2012-08-01",27.8483124510747,0.338235294117648,0.240245098039218,0.230441176470591,25.9994960195237,25.6609273138096,25.8302116666667,0.824271946817373,57.2763554928596,25.742324,25.7888173078247,0.154403400749326,0.121784500946178
"7233824","2012-08-02",27.0006991615829,0.279411764705884,0.274509803921572,0.253300653594774,26.0076976430342,25.6660590236325,25.8368783333333,0.714032203954962,54.9219585744904,25.747124,25.7969750001147,0.159622620926325,0.129352124942208
"7233823","2012-08-05",26.2136296784834,0.470588235294118,0.362745098039219,0.292500000000003,26.0223562915994,25.677737041734,25.8500466666667,0.877092496673057,60.5916634419186,25.759924,25.8213783334328,0.202051927868729,0.143892085527512
"7233822","2012-08-06",26.2984296517089,0.485294117647057,0.411764705882355,0.349673202614382,26.0401374503437,25.692959216323,25.8665483333333,0.961199227494646,60.9980349346725,25.772724,25.8438612223084,0.236021099484862,0.162317888318982
"7233821","2012-08-07",25.9538437289465,0.426470588235293,0.460784313725491,0.411764705882355,26.0423531427608,25.7197435239058,25.8810483333333,0.817055022609141,58.4037336130519,25.785124,25.8580130593339,0.247560748534781,0.179366460362142
"7233820","2012-08-08",25.7032515047241,0.426470588235293,0.446078431372549,0.439542483660132,26.0293312925345,25.7654320407988,25.8973816666667,0.838329871770211,58.4037336130519,25.798324,25.8702779847561,0.253758301541418,0.194244828597997
"7233819","2012-08-09",25.470558725089,0.586956521739133,0.479965899403242,0.462276214833761,26.0317897546087,25.7819735787246,25.9068816666667,0.766002257185713,58.9104273917498,25.807124,25.8822409201219,0.258785765314462,0.20715301594129
"7233818","2012-08-12",25.6252409630602,0.734210526315784,0.582545878763405,0.502863403179733,26.0411000382056,25.7942632951277,25.9176816666667,0.898313201297899,60.9103022644609,25.820284,25.897808797439,0.27176914951339,0.22007624265571
"7233817","2012-08-13",25.2836106124865,0.631578947368422,0.650915331807782,0.571142369991477,26.0460650961215,25.8016982372119,25.9238816666667,0.716007196047513,57.8766933364405,25.832284,25.9061009577805,0.266812547637829,0.229423503652134
"7233816","2012-08-14",23.5651136287544,0.231578947368422,0.532456140350878,0.588639116974022,26.0464108763695,25.7992191236305,25.922815,0.294430843922047,47.8698982280366,25.837804,25.8930208300764,0.213078670059086,0.226154536933524
"7233815","2012-08-15",22.150187635429,0.429509221631758,0.430889038789536,0.538086836982732,26.0487704093668,25.7996929239665,25.9242316666667,0.63691187949747,54.0354196490966,25.848104,25.8962847193996,0.202281501927315,0.221379929932282
"7233814","2012-08-16",21.223601620907,0.0934667083463513,0.251518292448846,0.404954490529754,26.0490003724876,25.7984696275125,25.923735,0.298820433509341,48.0296374910858,25.851304,25.8847800901463,0.158397668048216,0.208783477555469
"7233813","2012-08-19",20.3632003217081,0.0999999999999917,0.207658643326036,0.29668865818814,26.0494786791762,25.7959913208238,25.922735,0.278812112376002,49.1617455757605,25.854504,25.8774760781268,0.128370898346719,0.192700961713719
"7233812","2012-08-20",18.9819649000591,0,0.0644889027821163,0.174555279519,26.0484178168903,25.7987188497764,25.9235683333333,0.24542011900142,46.9585090435852,25.853944,25.8658126010432,0.0910458016148308,0.172369929693941
"7233811","2012-08-21",17.9199889872386,0.645161290322574,0.24838709677419,0.173511547627448,26.0575521914064,25.8035844752603,25.9305683333333,0.79963782203547,57.2699989381601,25.859944,25.8823709209041,0.122433304841096,0.162382604723372
"7233810","2012-08-22",17.4540389539686,0.580645161290317,0.408602150537632,0.24049271669798,26.0662713037965,25.8022653628701,25.9342683333333,0.799481896970013,56.0955906545142,25.864344,25.8940547981169,0.139441976583066,0.157794479095311
"7233809","2012-08-23",17.0213710659323,0.677419354838707,0.634408602150535,0.430465949820787,26.0741145574234,25.8120887759099,25.9431016666667,0.806197604690749,57.5033316460643,25.873144,25.9081808250346,0.160400951362094,0.158315773548668
"7233808","2012-08-26",16.8865786853097,0.677419354838707,0.645161290322579,0.562724014336916,26.0844368450102,25.8108698216564,25.9476533333333,0.81319564379364,57.5033316460643,25.886744,25.9204233816967,0.174973067586759,0.161647232356286
"7233807","2012-08-27",17.0480461110428,0,0.451612903225807,0.577060931899641,26.0815765125037,25.8160568208297,25.9488166666667,0.102728774396011,42.6876152802533,25.887944,25.8937002641371,0.0981870778816729,0.148955201461363
"7233806","2012-08-28",17.3272934346771,0,0.225806451612904,0.440860215053764,26.0977457862559,25.7905542137441,25.94415,-0.16456901252462,41.8580224279465,25.885944,25.8678735622522,0.0306923800812653,0.125302637185344
"7233805","2012-08-29",16.9230363615315,0.0999999999999973,0.0333333333333344,0.236917562724016,26.1043689586489,25.7688977080178,25.9366333333333,0.0619098018379283,44.1939484394398,25.880184,25.8508237539519,-0.0102384152971258,0.0981944266888498
"7233804","2012-08-30",16.5476547936106,0.224999999999998,0.108333333333334,0.122491039426525,26.1071563032544,25.7571103634122,25.9321333333333,0.179661094244129,47.0572711783114,25.882984,25.8427139200916,-0.0267720124110693,0.073201138868866
"7233803","2012-09-03",16.434323268051,0.150000000000005,0.158333333333336,0.100000000000002,26.1058757549326,25.7402242450674,25.92305,0.158919317158967,45.547236328717,25.877384,25.8316853974128,-0.0486909265626889,0.048822725782555
"7233802","2012-09-04",17.9848706513966,0,0.125000000000003,0.130555555555558,26.1384385057112,25.6596614942887,25.89905,-0.23600721197192,34.4392492318999,25.86538,25.7847940110911,-0.151906634375321,0.00867685375097991
"7233801","2012-09-05",19.4246646502176,0.129032258064513,0.0930107526881747,0.125448028673838,26.1499497740251,25.6090835593082,25.8795166666667,-0.0303529638103243,39.0154963527847,25.85578,25.7548214762789,-0.206427868667758,-0.0343440907327676
"7233800","2012-09-06",19.7425951739117,0.129032258064513,0.0860215053763441,0.101344086021508,26.1484460404776,25.5745872928557,25.8615166666667,0.0907529492698191,39.0154963527847,25.84258,25.7288452794417,-0.246870635279539,-0.0768493996421219
"7233799","2012-09-09",20.0378163744849,0.161290322580641,0.139784946236558,0.106272401433693,26.144258867675,25.543441132325,25.84385,0.127424447000401,40.2252384075334,25.83178,25.7089992421828,-0.269596839479636,-0.115398887609625
"7233798","2012-09-10",20.3119503464456,0.161290322580641,0.150537634408601,0.125448028673835,26.1286349106206,25.5194650893794,25.82405,0.165035934340583,40.2252384075334,25.81578,25.6917993432251,-0.284369260994155,-0.149192962286531
"7233797","2012-09-11",20.5665033204092,0.161451612903227,0.161344086021505,0.150555555555555,26.1151901683891,25.4965831649442,25.8058866666667,0.188838526569005,40.2321135318346,25.799384,25.6769060974618,-0.292702521067123,-0.177894874042649
"7233796","2012-09-12",20.1344953788126,0.209677419354837,0.177473118279571,0.163118279569893,26.1095496054028,25.4803570612639,25.7949533333333,0.274917866845026,42.3665971973032,25.785784,25.6679852844669,-0.286623539293507,-0.199640607092821
"7233795","2012-09-13",19.8788051357146,0.18064516129032,0.183924731182797,0.174247311827958,26.0926305400293,25.4623761266374,25.7775033333333,0.233171245727695,41.4078726304056,25.771464,25.6578539132046,-0.284202868218042,-0.216553059317865
"7233794","2012-09-16",19.5651005517514,0.295081967213115,0.228468182619426,0.196622010693932,26.0833060653098,25.4587006013568,25.7710033333333,0.455700035307296,46.3473660465998,25.759464,25.6581400581107,-0.257928756431403,-0.224828198740572
"7233793","2012-09-17",20.0876147260355,0.526315789473685,0.334014305992375,0.2488024065982,26.0836802536273,25.4586597463727,25.77117,0.658122811736384,53.7562560751019,25.750704,25.6743880503626,-0.197099296832937,-0.219282418359045
"7233792","2012-09-18",20.299363459847,0.473684210526315,0.43169398907104,0.331392159227614,26.0810443942914,25.458628939042,25.7698366666667,0.602016532737338,51.8293414041563,25.742304,25.6844696436476,-0.156525228343374,-0.206730980355911
"7233791","2012-09-19",20.4959872841006,0.56140350877193,0.520467836257312,0.42872537710691,26.0579248743788,25.4674151256212,25.76267,0.67046853764079,54.7411978321394,25.741984,25.6998736911612,-0.107434289845754,-0.18687164225388
"7233790","2012-09-20",21.0380603469647,0.824561403508769,0.619883040935673,0.524014955421343,26.0515808827927,25.4707591172073,25.76117,0.882498292069709,62.1359037525474,25.743284,25.7332238656731,-0.0212495217916442,-0.153747218161432
"7233789","2012-09-23",21.6592554373857,0.93220338983051,0.772722767370405,0.637691214854464,26.0562988620845,25.4680411379155,25.76217,0.977959441553522,65.3843367967731,25.752084,25.7727940169167,0.0711941426728924,-0.108758945994568
"7233788","2012-09-24",22.2360794499194,0.849056603773588,0.868607132370958,0.753737646892346,26.0570830826471,25.4675902506862,25.7623366666667,0.965366133609211,63.9081966925263,25.759284,25.8044214813278,0.13650693552627,-0.0597057696903999
"7233787","2012-09-25",22.6500451961706,0.830188679245284,0.870482890949796,0.837270930230387,26.086465738074,25.4565409285927,25.7715033333333,0.905069509079143,63.1406276703604,25.767684,25.8304986171507,0.182952896705091,-0.0111740364113018
"7233786","2012-09-26",23.0344419605467,0.823529411764707,0.834258231594528,0.857782751638428,26.1173884577408,25.4532848755925,25.7853366666667,0.848334215050729,63.1406276703604,25.768084,25.8530988015306,0.217198214351066,0.0345004137411719
"7233785","2012-09-27",23.3913818131816,0.843137254901965,0.832285115303987,0.845675412616104,26.1425669914502,25.4501396752164,25.7963533333333,0.808547426795274,63.6470006130225,25.769684,25.8740189613266,0.244588555483038,0.0765180420895452
"7233784","2012-09-30",25.4552252197512,0.567509122854439,0.744725263173705,0.803756203357408,26.1824246917447,25.4389486415887,25.8106866666667,0.898102938134875,62.7190882185717,25.769684,25.8908164331497,0.260139703729689,0.113242374417574
"7233783","2012-10-01",27.3716512401372,0.601648351648354,0.670764909801587,0.749258429426427,26.20980937441,25.4370639589233,25.8234366666667,0.797506348221963,64.396086836987,25.770884,25.9093742420631,0.278563734082593,0.146306646350578
"7233782","2012-10-02",28.8836512361287,0.574175824175827,0.581111099559541,0.665533757511612,26.2191324468265,25.4740742198402,25.8466033333333,0.719307244384916,62.3814576463196,25.782484,25.922791009788,0.28363736207222,0.173772789494906
"7233781","2012-10-03",30.8275460082298,0.530303030303032,0.568709068709073,0.606861692690068,26.2333762645477,25.5058970687856,25.8696366666667,0.752511230199848,62.3814576463196,25.794884,25.9344188751496,0.284359998906192,0.195890231377163
"7233780","2012-10-04",32.4985546400581,0.43859649122807,0.514358448568978,0.554726205612531,26.2437370465494,25.5372029534505,25.89047,0.71635662712733,61.2699246428808,25.805284,25.9431630251296,0.278596015875787,0.212431388276888
"7233779","2012-10-07",34.05020551247,0.526315789473685,0.498405103668264,0.527157540315439,26.2514785023715,25.5744614976285,25.91297,0.731943952515104,64.6605607705037,25.815684,25.9574079551124,0.286257864275474,0.227196683476605
"7233778","2012-10-08",31.9918720742117,0,0.321637426900587,0.444800326379277,26.238693159206,25.6023135074606,25.9205033333333,0.26454830657187,34.9797138735262,25.809284,25.9097535610974,0.150617519978735,0.211880850777031
"7233777","2012-10-09",30.4690848212463,0,0.17543859649123,0.331827042353361,26.249263807743,25.5850695255903,25.9171666666667,-0.057818713523287,32.6150420835953,25.811444,25.8596530862844,0.0221135134239381,0.173927383306413
"7233776","2012-10-10",28.8530643788069,0.0203562340966944,0.00678541136556673,0.167953811585795,26.2604852345858,25.5651814320809,25.9128333333333,0.00213609443878494,33.78368110062,25.811044,25.8183660081131,-0.0740601245112549,0.124329881742879
"7233775","2012-10-11",27.1635068349596,0.00763358778625982,0.00932994062765333,0.0638513161614842,26.2608191303116,25.5645808696884,25.9127,0.0604474062378939,33.3938747279913,25.810244,25.7812505403647,-0.151794799163829,0.0691049455615375
"7233774","2012-10-14",25.6570531340504,0,0.00932994062765333,0.00848176420695855,26.2722922038075,25.5391144628591,25.9057033333333,0.0876806994409456,32.9880684782571,25.808248,25.7477638016494,-0.21415049410427,0.0124538576283759
"7233773","2012-10-15",25.1740360646716,0,0.00254452926208855,0.00706813683913249,26.3201379745109,25.4387986921558,25.8794683333333,-0.106087058670431,23.3970570792561,25.793848,25.6773952947628,-0.356982361146674,-0.061433386126634
"7233772","2012-10-16",23.77541483781,0.127272727272728,0.0424242424242445,0.0180995707713295,26.3344482368826,25.3901550964507,25.8623016666666,0.105735072377648,32.8843493009643,25.785044,25.6350759221278,-0.421631701808034,-0.133473049262914
"7233771","2012-10-17",22.4766951271527,0.172909090909091,0.100060606060608,0.0483431259156479,26.3444463922629,25.3411702744037,25.8428083333333,0.131864388983218,35.9476676768449,25.777052,25.6050924658441,-0.451994019408375,-0.197177243292006
"7233770","2012-10-18",20.891489640442,0.240217391304347,0.180133069828724,0.107539306104526,26.3359447013078,25.3030719653588,25.8195083333333,0.207442176095043,37.8227968746301,25.771012,25.5832134703982,-0.461112697428689,-0.249964334119343
"7233769","2012-10-21",19.4195131170677,0.260869565217393,0.224665349143613,0.168286341677649,26.3155333619022,25.2698166380977,25.792675,0.226495400883746,39.0089745636363,25.763012,25.5667850076785,-0.457123986751828,-0.29139626464584
"7233768","2012-10-22",18.0526777739345,0.347826086956521,0.282971014492756,0.229256477821698,26.2889584892128,25.2472881774538,25.7681233333333,0.286410347411849,43.8649219105042,25.753412,25.5632136733213,-0.423839196228148,-0.317884850962302
"7233767","2012-10-23",17.0094868048693,0.318681318681322,0.309125656951747,0.272254006862706,26.2595834151519,25.2276599181814,25.7436216666667,0.299415040028669,42.4984610745688,25.743812,25.5561185168785,-0.402301175477582,-0.334768115865358
"7233766","2012-10-24",15.9112994510406,0.269170403587446,0.311892603075098,0.301329758173201,26.2285555549866,25.2060277783467,25.7172916666667,0.277781097794058,40.2523313181434,25.730216,25.5433160479614,-0.396438681101641,-0.347102228912614
"7233765","2012-10-25",14.8915540510568,0.347533632286998,0.311795118185257,0.310937792737368,26.1922079221942,25.1947087444724,25.6934583333333,0.339473551882315,44.6642617827386,25.713416,25.5415405748998,-0.365506722537934,-0.350783127637678
"7233764","2012-10-30",14.3241575915934,0.490566037735851,0.369090024536767,0.330925915265708,26.1303428505203,25.1965738161464,25.6634583333333,0.332087313998606,42.2603512028448,25.691416,25.5333351649132,-0.352731274535845,-0.351172757017311
"7233763","2012-10-31",13.4551630678649,0.528301886792454,0.455467185605103,0.378784109442377,26.0714165840786,25.2048334159214,25.638125,0.394460985749576,43.5686980536346,25.671016,25.5288904762581,-0.332461644547155,-0.34743053452328
"7233762","2012-11-01",12.6482395815455,0.632075471698114,0.550314465408808,0.458290558516894,26.0146517383529,25.2162649283138,25.6154583333333,0.426361926415381,47.1174720351578,25.653216,25.5323717460904,-0.29560623222441,-0.337065674063506
"7233761","2012-11-04",11.8541936115562,0.622641509433964,0.594339622641513,0.533373757885142,25.9357362870072,25.2448470463261,25.5902916666666,0.441681438508252,46.8291574502735,25.635216,25.534722179945,-0.264922210817886,-0.322636981414382
"7233760","2012-11-05",11.6334577997161,0.584905660377362,0.613207547169815,0.585953878406713,25.8418936863701,25.2900229802965,25.5659583333333,0.48316332690903,45.6264878177479,25.616016,25.5340925559523,-0.24411002510728,-0.306931590152962
"7233759","2012-11-06",11.1319811401966,0.35871794871795,0.522088372843094,0.576545180884808,25.6899690263305,25.3889409736695,25.539455,0.501588999195014,43.8031927741367,25.596012,25.529533548492,-0.234427924014136,-0.292430856925197
"7233758","2012-11-07",10.6663242420713,0.34565050038491,0.429758036493409,0.521684652168774,25.634391558992,25.4207851076746,25.5275883333333,0.5268952551039,43.811226326955,25.574812,25.5255957420264,-0.224143648965758,-0.278773415333309
"7233757","2012-11-08",9.9182020380012,0.126637554585151,0.277002001229339,0.409616136855282,25.6324440711366,25.4190659288633,25.525755,0.426163946165573,41.8771267678218,25.553212,25.5181829764229,-0.222913542874181,-0.267601440841483
"7233756","2012-11-11",9.22351713422178,0.222222222222218,0.231503425730762,0.312754487817838,25.6286130929009,25.4185635737658,25.5235883333333,0.498786000553434,44.5149986607648,25.532812,25.5157585795665,-0.210037218337511,-0.256088596340689
"7233755","2012-11-12",9.01465630257851,0.0550305725402904,0.134630116449222,0.214378514469775,25.6169560317521,25.4212173015812,25.5190866666666,0.487466285639164,42.440688341495,25.511612,25.5096574356243,-0.206938360150211,-0.246258549102593
"7233754","2012-11-13",8.82071410176691,0.390772651473038,0.222675148745184,0.196269563641723,25.6080849097486,25.4251084235847,25.5165966666666,0.702229992001322,47.7224959168722,25.490828,25.5124231108744,-0.183268267207959,-0.233660492723666
"7233753","2012-11-14",9.18718445220363,0.68404423380727,0.376615819273535,0.244640361489315,25.5893779902774,25.4702853430559,25.5298316666666,1.17315938644187,52.3672881829796,25.490428,25.5227666960911,-0.1440027936778,-0.215728952914493
"7233752","2012-11-15",10.2848211792126,0.50019238168527,0.525003088988528,0.374764685669083,25.6121187542517,25.4628745790816,25.5374966666666,1.20892772339508,53.1199125714147,25.493068,25.5330644699457,-0.108478158674186,-0.194278794066432
"7233751","2012-11-18",9.84384118827306,0,0.394745538497516,0.432121482253194,25.610249806633,25.4665968600336,25.5384233333333,0.176836887566319,40.6647747093675,25.487868,25.5179892072862,-0.135655118783762,-0.182554059009898
"7233750","2012-11-19",9.4343597681149,0.225879315908348,0.242023899197875,0.38725750889464,25.6106231705531,25.4648234961135,25.5377233333333,0.264128417075183,45.9703619916844,25.485868,25.5142573129814,-0.133534930481027,-0.172750233304124
"7233749","2012-11-20",10.0335391201815,0.419490158115519,0.215123158007958,0.283964198567784,25.6192963104848,25.4658170228485,25.5425566666666,0.895992629381604,50.0898884988025,25.486664,25.5190230045839,-0.111595676589893,-0.160519321961277
"7233748","2012-11-22",9.49221743854232,0.035495321071311,0.226954931698395,0.22803399630141,25.6193233140171,25.4609933526495,25.5401583333333,0.231625863484051,43.0749978885966,25.495104,25.5072866039727,-0.130339954644754,-0.154483448497973
"7233747","2012-11-25",9.14239519508012,0.19361084220716,0.216198773797999,0.219425621168118,25.6193246851682,25.4609953148318,25.54016,0.477936289862803,46.4034439559553,25.499904,25.5036483901097,-0.1282261608335,-0.149231990965078
"7233746","2012-11-26",9.28328197972585,0.354953210713133,0.194686457997203,0.2126133878312,25.6236011966374,25.4666788033625,25.54514,0.783749602191593,49.6392974935251,25.504696,25.5071619380951,-0.10947148115571,-0.141279889003204
"7233745","2012-11-27",9.72301939399528,0.272727272727274,0.273763775215858,0.228216335670354,25.6285875548523,25.4673591118143,25.5479733333333,0.760665338415524,48.3810334459495,25.507456,25.507540346349,-0.0997843994694714,-0.132980791096458
"7233744","2012-11-28",9.8268764715461,0.181818181818179,0.269832888419531,0.246094373877531,25.6286735774843,25.4719397558489,25.5503066666666,0.519310871355764,46.4779026985377,25.508256,25.5038683001692,-0.100440371353239,-0.126472707147814
"7233743","2012-11-29",9.92331518641471,0.272727272727274,0.242424242424244,0.262006968686545,25.6284609324018,25.4715057342648,25.5499833333333,0.437667987747918,48.6530699271523,25.507056,25.5046858601466,-0.090427762487888,-0.119263718215829
"7233742","2012-12-02",9.6867556863162,0.181818181818179,0.212121212121213,0.241459447654997,25.6276242460032,25.4686757539968,25.54815,0.322898602908189,46.6129720401823,25.505856,25.5013944121271,-0.0909361576589829,-0.11359820610446
"7233741","2012-12-03",9.33039254918666,0.144242424242423,0.199595959595961,0.21804713804714,25.6280952405028,25.4628047594971,25.54545,0.200829716877331,45.7588865972351,25.506156,25.4968884905101,-0.0941794057112699,-0.109714446025822
"7233740","2012-12-04",10.7523189074704,0,0.108686868686869,0.173468013468015,25.6968727706511,25.3590272293489,25.52795,-0.450976982247396,30.7211767299224,25.491356,25.4519700251088,-0.19199245991981,-0.126170048804619
"7233739","2012-12-05",11.7453130554104,0.169661016949155,0.104634480397195,0.137639102893342,25.7144997311916,25.315826935475,25.5151633333333,-0.0793305583296399,37.87598792587,25.48256,25.4263873550943,-0.235196075734878,-0.147975254190671
"7233738","2012-12-06",12.6680133472284,0.169491525423731,0.113050847457631,0.108790732180566,25.7273062202099,25.2770204464567,25.5021633333333,-0.00818838466221181,37.8717800395387,25.47296,25.404202374415,-0.266461106049487,-0.171672424562434
"7233737","2012-12-09",12.7982193289783,0.13559322033898,0.158248587570624,0.125311305141817,25.7352488471547,25.2464111528452,25.49083,0.0755305511786313,36.9867442893233,25.46036,25.382308724493,-0.294258885517962,-0.19618971675354
"7233736","2012-12-10",11.9955934592244,0.152542372881356,0.152542372881358,0.141280602636539,25.7345699037974,25.2280867628692,25.4813283333333,0.207732950277402,37.7698148135324,25.44836,25.3646675612273,-0.309589674525601,-0.218869708307952
"7233735","2012-12-11",11.2502980087385,0.24169491525424,0.176610169491528,0.162467043314504,25.7325128698086,25.2123204635246,25.4724166666666,0.242370966881304,41.8623890574266,25.439264,25.356391886397,-0.301552763543822,-0.235406319355126
"7233734","2012-12-12",10.5582379475732,0.271186440677966,0.221807909604523,0.18365348399247,25.7248746548716,25.1992653451283,25.46207,0.280438947343514,43.1932827110704,25.432068,25.3515396348774,-0.286352714555371,-0.245595598395175
"7233733","2012-12-13",10.441775657408,0.237288135593221,0.250056497175145,0.216158192090399,25.706910073133,25.1915632602002,25.4492366666666,0.313905255787812,42.0030485364724,25.424068,25.3446676835604,-0.277481066879537,-0.251972692092047
"7233732","2012-12-16",10.3336321022546,0.288135593220336,0.265536723163843,0.245800376647838,25.6796326605136,25.1887473394864,25.43419,0.312943411831607,44.4746772830817,25.418468,25.342711992419,-0.257929724882455,-0.253164098650129
"7233731","2012-12-17",11.2820903496691,0.333333333333333,0.286252354048966,0.267281858129319,25.6738179119839,25.1846954213494,25.4292566666666,0.426555547902325,45.3113179253757,25.412068,25.3423503934298,-0.236524924896286,-0.249836263899361
"7233730","2012-12-18",12.1628015794111,0.635497049477987,0.418988658677221,0.323592578630011,25.6694954175566,25.18435124911,25.4269233333333,0.561308236330248,52.9465769187359,25.410868,25.3553703409725,-0.185586037422447,-0.236986218603978
"7233729","2012-12-19",12.0872815023107,0.454545454545452,0.47445861245226,0.393233208392816,25.6455549340455,25.1879583992878,25.4167566666666,0.46338113295481,47.2618255042914,25.404052,25.3559876288428,-0.168732851730469,-0.223335545229276
"7233728","2012-12-20",11.7056203069714,0.432790224032581,0.507610909352009,0.467019393493831,25.6367893398989,25.1816239934343,25.4092066666666,0.362599381772503,45.297715352516,25.393652,25.3525226116638,-0.163044743840879,-0.211277384951597
"7233727","2012-12-23",12.6385617896383,0.51282051282051,0.466718730466183,0.482929417423485,25.6236675333376,25.1834124666623,25.40354,0.544958786012034,47.6410326788629,25.384052,25.3535195967753,-0.147292347460859,-0.198480377453449
"7233726","2012-12-25",13.504864594972,0.709677419354841,0.55176271873598,0.508697452851391,25.6052348163492,25.1915118503173,25.3983733333333,0.712606036458854,54.6194762512694,25.385652,25.3677169838719,-0.10181773639063,-0.179147849240885
"7233725","2012-12-26",13.970201882223,0.612903225806451,0.611800385993936,0.543427278398701,25.5817062745347,25.2020370587985,25.3918716666666,0.679353492929347,52.3646571694922,25.383252,25.3760213860223,-0.0744700666022835,-0.158212292713165
"7233724","2012-12-27",13.7529625657432,0.419354838709683,0.580645161290327,0.581402755340082,25.5610195293857,25.2097238039476,25.3853716666666,0.608061851932198,48.0888036220479,25.376052,25.3752185345527,-0.0710561905200024,-0.140781072274532
"7233723","2012-12-30",13.2407436495,0.299999999999999,0.44408602150538,0.545510522929882,25.5401365862226,25.2175867471107,25.3788616666666,0.596538052597109,46.0634730236068,25.372412,25.3705227299457,-0.0770036890320402,-0.128025595626034
"7233722","2013-01-01",13.5880109461932,0.571428571428573,0.430261136712754,0.484997439836154,25.5473175281324,25.2134058052008,25.3803616666666,1.00803347616566,56.5693379434117,25.373212,25.3877863659529,-0.0304968587075072,-0.108519848242329
"7233721","2013-01-02",13.9104734359798,0.857142857142864,0.576190476190481,0.483512544802872,25.5767163624665,25.1960736375334,25.386395,1.10495486077455,61.6032743573469,25.376012,25.4160815171592,0.0376550032452849,-0.079284877944806
"7233720","2013-01-03",14.8770335033472,0.795454545454545,0.741341991341996,0.582597868081744,25.6216322246635,25.1984911086697,25.4100616666666,1.13793926690253,63.8589015006573,25.381612,25.4472706482046,0.106228935591601,-0.0421821152375245
"7233719","2013-01-06",14.7788498737254,0.560975609756098,0.737857670784505,0.685130046105662,25.6445109607242,25.207192372609,25.4258516666666,0.898218456900992,57.3303760647558,25.384812,25.462301228444,0.130483611088605,-0.00764896997229854
"7233718","2013-01-07",15.1375433552374,0.731707317073172,0.696045824094607,0.72508182874037,25.6761929531143,25.2148437135523,25.4455183333333,0.979351247101491,60.6960359380242,25.389612,25.4846610646515,0.169886841741662,0.0278581923704936
"7233717","2013-01-08",15.1477745732264,0.658536585365861,0.650406504065046,0.694769999648054,25.6923632127295,25.2323401206038,25.4623516666666,0.842696564654841,58.564021226485,25.394412,25.5000395893646,0.189396510785422,0.0601658560534793
"7233716","2013-01-09",15.3129753682653,0.780487804878049,0.723577235772363,0.690009854644006,25.715971414447,25.2413852522196,25.4786783333333,0.881711508716972,61.0214928079995,25.401708,25.5200343107827,0.218125689263826,0.0917578226955487
"7233715","2013-01-10",15.2356521148205,0.731951219512196,0.723658536585371,0.699214092140927,25.7318196747935,25.2557036585398,25.4937616666666,0.807288549440567,59.5087690602496,25.420512,25.5347097360116,0.23189568706401,0.119785395569241
"7233714","2013-01-13",15.7208314869584,0.850000000000003,0.787479674796752,0.744905149051496,25.754698598786,25.267731401214,25.511215,0.878913270243613,62.0493233131324,25.437308,25.5540817712101,0.255591973898461,0.146946711235085
"7233713","2013-01-14",16.8968580010611,0.571428571428576,0.717793263646927,0.742977158343017,25.772094045331,25.2840026213356,25.5280483333333,0.831806007450471,57.3868608244981,25.451708,25.5628708683821,0.252492917497005,0.168055952487469
"7233712","2013-01-15",17.9888826212994,0.632653061224489,0.684693877551025,0.729988938664902,25.7838918434229,25.307168156577,25.54553,0.807242967030008,59.0439689704992,25.468108,25.5744880859311,0.256532905739704,0.185751343137916
"7233711","2013-01-16",19.0029054829492,0.632653061224489,0.612244897959187,0.671577346385714,25.7928514809268,25.3258751857398,25.5593633333333,0.736921376538759,59.0439689704992,25.484108,25.5845563411403,0.256758759295073,0.199952826369347
"7233710","2013-01-17",20.2997051871056,0.530612244897964,0.598639455782316,0.631859410430843,25.8011162397949,25.3372770935384,25.5691966666666,0.68139190567621,54.9161068591557,25.496004,25.586615495655,0.238415068949283,0.207645274885334
"7233709","2013-01-21",21.503876340965,0.605454545454548,0.589573283859002,0.600152545866836,25.8122986280468,25.3580813719531,25.58519,0.796502752504203,60.8060829005628,25.511196,25.601706762901,0.252421942290382,0.216600608366344
"7233708","2013-01-22",22.6220352695488,0.518518518518521,0.551528436290347,0.579913725310556,25.808053467541,25.3985098657923,25.6032816666666,0.756916071656575,60.8171306162889,25.527196,25.6148125278475,0.260555998231804,0.225391686339436
"7233707","2013-01-23",24.3815031686634,0.555555555555564,0.559842873176213,0.566981531108522,25.8163212598281,25.4229087401719,25.619615,0.831420566162935,61.4029485165941,25.542396,25.6275041908012,0.267051090396819,0.233723567150913
"7233706","2013-01-24",26.0152947892699,0.592592592592594,0.555555555555562,0.555642288340708,25.8256777375854,25.4389189290812,25.6322983333333,0.778472433719732,62.0145497649568,25.557596,25.639836965361,0.272187455830486,0.241416344886827
"7233705","2013-01-27",27.170205086722,0.434782608695649,0.527643585614604,0.547680671448794,25.8255216792477,25.4654116540856,25.6454666666666,0.71623021084085,59.9678807519709,25.567996,25.6478587033129,0.266872520497841,0.24650758000903
"7233704","2013-01-28",27.8794767611142,0.347826086956519,0.458400429414923,0.513866523528364,25.8086744475002,25.5097055524998,25.65919,0.629143869632229,57.9096702280501,25.580796,25.6521442095378,0.253440156999263,0.247894095407077
"7233703","2013-01-29",28.756975604579,0.565217391304351,0.449275362318842,0.478439792449457,25.7764050437841,25.5749749562158,25.67569,0.81926710044356,61.4700342833822,25.596796,25.6625249815994,0.255565814320513,0.249428439189764
"7233702","2013-01-30",28.2072970181826,0.217391304347817,0.376811594202898,0.428162461978888,25.7648590501607,25.5997209498393,25.68229,0.498243894053439,53.6503486477058,25.608396,25.6608549840529,0.229445139884232,0.245431779328658
"7233701","2013-01-31",26.9702913597262,0,0.260869565217391,0.362318840579711,25.7641459059891,25.6011340940108,25.68264,0.138226625312519,49.418949010515,25.613996,25.6527409861791,0.190821970459409,0.234509817554808
"7233700","2013-02-03",25.2869630737358,0,0.072463768115941,0.236714975845411,25.770638993065,25.5846410069349,25.67764,-0.0249519203487348,46.2746129175679,25.619196,25.6403755213553,0.145942978270086,0.216796449697864
"7233699","2013-02-04",24.5025888924511,0,2.12792746386488e-15,0.111111111111112,25.7710385182165,25.5839081484501,25.6774733333333,0.0681798375777068,45.4952738785544,25.626396,25.6283254518412,0.105998517786321,0.194636863315555
"7233698","2013-02-05",22.9384941637934,0,2.12792746386488e-15,0.0241545893719826,25.7929308928459,25.544349107154,25.66864,-0.218636723534473,38.5105663443579,25.630796,25.6045487249291,0.0423365835852341,0.164176807369491
"7233697","2013-02-06",21.6945398810014,0.105263157894735,0.0350877192982471,0.0116959064327513,25.8003586603196,25.5283880063471,25.6643733333333,0.0230858007210943,42.3248694626295,25.630396,25.5892755616052,0.00441014977436982,0.132223475850467
"7233696","2013-02-07",20.5394394755517,0.131578947368423,0.0789473684210548,0.0380116959064355,25.8051775295781,25.5112524704219,25.658215,0.0864648843408095,43.2722725330806,25.626396,25.5773721533912,-0.0222514674297458,0.101328487194424
"7233695","2013-02-10",20.8389352290008,0.184210526315791,0.140350877192985,0.0847953216374299,25.8051876934853,25.507235639848,25.6562116666666,0.311339891836849,45.2107305110461,25.621196,25.569722532939,-0.0366557568872938,0.0737316383780806
"7233694","2013-02-11",21.1170384286322,0.631578947368428,0.315789473684216,0.17836257309942,25.8067851538843,25.5070648461157,25.656925,0.677081761309956,58.265285246314,25.626396,25.5857595285471,0.00550734504125572,0.0600867797107156
"7233693","2013-02-13",20.061756545567,0.393939393939389,0.403242955874538,0.286461102250581,25.8033015015678,25.5035484984321,25.653425,0.388491525855225,49.9688036789672,25.624396,25.5849915914075,0.00416688990139136,0.0489028017488508
"7233692","2013-02-14",19.0818519398636,0.406249999999997,0.477256113769273,0.39876284777601,25.7997475347575,25.4962357985758,25.6479916666666,0.286965953452904,49.9688036789672,25.623596,25.5843260458865,0.00306918308969895,0.0397360780170204
"7233691","2013-02-18",18.9929562820978,0.419032258064511,0.406407217334634,0.428968762326149,25.7972797795945,25.4930302204055,25.645155,0.395190206952741,49.9613031047188,25.620792,25.583735906435,0.0021429914517368,0.0322174607039637
"7233690","2013-02-19",18.9104103141724,0.483870967741939,0.436384408602151,0.440015913235354,25.7958374913042,25.4903725086957,25.643105,0.399262866715936,51.5359950417568,25.619588,25.5859044522437,0.00766044103397423,0.0273060567699658
"7233689","2013-02-20",18.3329861806198,0.354838709677415,0.419247311827957,0.420679645921582,25.7869252569967,25.4853647430032,25.636145,0.316029185656202,48.2798471904904,25.614788,25.5824505252778,-0.000576862965806502,0.0217294728228113
"7233688","2013-02-21",17.6720033620531,0.322580645161293,0.387096774193551,0.41424283154122,25.7788929726519,25.4792136940148,25.6290533333333,0.291821887217641,47.4723173582985,25.611988,25.5781237885741,-0.0101437361939349,0.0153548310194621
"7233687","2013-02-24",16.4485664487962,0.161290322580646,0.27956989247312,0.361971326164877,25.7619613548543,25.475811978479,25.6188866666666,0.247614337257029,43.5500596077595,25.605988,25.5677072834309,-0.0331245359966537,0.00565895761623893
"7233686","2013-02-25",16.423554472218,0.419354838709671,0.301075268817206,0.322580645161293,25.7459815832356,25.4814584167643,25.61372,0.586747285588603,50.5849821522755,25.603188,25.5693463123068,-0.025794351503805,-0.000631704207769862
"7233685","2013-02-26",16.4003290653954,0.548387096774195,0.376344086021506,0.318996415770612,25.7345420073581,25.4862313259751,25.6103866666666,0.686379416875106,53.6924210382816,25.603988,25.5761001373326,-0.00727956500033988,-0.00196127636628387
"7233684","2013-02-27",16.9989194003932,0.580645161290329,0.516129032258067,0.397849462365594,25.7376683563342,25.4846583103325,25.6111633333333,0.903817957486727,57.3065188629524,25.602796,25.5886201190215,0.0228949746503337,0.00300997383703966
"7233683","2013-02-28",18.2280978156499,0.25641025641026,0.461814171491597,0.451429096590391,25.7278542694245,25.4901390639088,25.6089966666666,0.868802659509567,51.2732659864333,25.598796,25.5901374364853,0.0244458406966741,0.00729714720896655
"7233682","2013-03-03",19.369477772674,0.46153846153846,0.432864626413019,0.470269276720895,25.7354403955333,25.4863529378,25.6108966666666,0.938012151740718,56.8628054696153,25.597596,25.6021191116206,0.0503127753495258,0.0159002728370784
"7233681","2013-03-04",18.5275653048887,0,0.239316239316242,0.377998345740287,25.7402406639696,25.4673526693637,25.6037966666666,0.0524537450744834,39.6982429696903,25.584796,25.5751698967379,-0.0172768787540911,0.0092648425188445
"7233680","2013-03-05",17.592791768346,0.387755102040817,0.283097854526428,0.31842624008523,25.7443408999557,25.4699191000442,25.60713,0.644072616240554,50.5961994278068,25.580396,25.5771472438395,-0.0107990453735995,0.00525206494035569
"7233679","2013-03-06",16.914903458176,0.122448979591841,0.170068027210888,0.23082737368452,25.7469367678771,25.4579898987895,25.6024633333333,0.156926547385754,44.6503439930889,25.571596,25.5615276113276,-0.0461601507299902,-0.0050303781937135
"7233678","2013-03-07",15.8953891175695,0.285714285714286,0.265306122448984,0.239490668062101,25.7424358907248,25.4708241092752,25.60663,0.377410815948634,48.6495350137782,25.563996,25.5586572631506,-0.0483818084965004,-0.0137006642542709
"7233677","2013-03-10",15.6920043524865,0.0612244897959204,0.156462585034018,0.197278911564631,25.7448192569207,25.4653074097459,25.6050633333333,0.136044049552103,43.9475692440843,25.555196,25.5415029613972,-0.0839218280855869,-0.0277448970205341
"7233676","2013-03-11",15.5031470706238,0.0816326530612297,0.142857142857148,0.18820861678005,25.7487640566937,25.4563626099729,25.6025633333333,0.103638532003254,44.4729778128745,25.548796,25.5279692332109,-0.107710460751731,-0.0437380097667735
"7233675","2013-03-12",15.3277795946084,0.0816326530612297,0.0748299319727956,0.124716553287988,25.7536217061118,25.4382049605548,25.5959133333333,0.0912920440997784,44.4729778128745,25.543996,25.5162400021161,-0.125137876718473,-0.0600179831571134
"7233674","2013-03-13",15.1649383668798,0.122448979591841,0.0952380952381024,0.104308390022683,25.7412863532784,25.4268736467215,25.58408,0.147766568090025,45.6545632939674,25.540396,25.5087413351673,-0.131123171972369,-0.0742390209201646
"7233673","2013-03-14",15.0137286554176,0.163265306122452,0.122448979591843,0.0975056689342477,25.7392029558545,25.4156237108121,25.5774133333333,0.219553500241503,46.8720617195562,25.541596,25.504909157145,-0.128067477865479,-0.0850047123092274
"7233672","2013-03-17",14.5684017447442,0.102040816326532,0.129251700680277,0.115646258503408,25.7378691437395,25.4109575229271,25.5744133333333,0.343749818764372,45.2350334343939,25.539996,25.4975879361923,-0.133602591922299,-0.0947242882318418
"7233671","2013-03-18",14.0609963741562,0.0816326530612297,0.115646258503407,0.122448979591843,25.7364528612343,25.3970471387657,25.56675,0.185479669513095,44.6749284712739,25.537596,25.4899095447,-0.13955278374802,-0.103689987335078
"7233670","2013-03-19",13.5898342443245,0.146938775510209,0.110204081632659,0.118367346938782,25.7324529664315,25.3879470335685,25.5602,0.271073124891541,46.9390722702652,25.535676,25.4875216054067,-0.132613018485939,-0.10947459356525
"7233669","2013-03-20",13.6955681455613,0.347500000000005,0.192023809523817,0.139291383219962,25.7306056513683,25.386457681965,25.5585316666666,0.467363844435525,51.4217110459559,25.529636,25.4943853913524,-0.104695171847202,-0.10851870922164
"7233668","2013-03-21",14.2742399920697,0.277777777777779,0.257405517762667,0.186544469639715,25.7294749732187,25.3851216934479,25.5572983333333,0.455573725496407,48.8354713350439,25.526436,25.4951340058388,-0.0938333381876544,-0.105581635014843
"7233667","2013-03-24",14.8421007107266,0.363636363636365,0.329638047138052,0.259689124808179,25.7311010185191,25.3864956481475,25.5587983333333,0.55185158116978,52.1576632472059,25.525236,25.5024494717269,-0.0686110999818412,-0.0981875280082427
"7233666","2013-03-25",15.8199902332498,0.499999999999993,0.380471380471381,0.322504981790701,25.7270171633663,25.387246169967,25.5571316666666,0.635978843292228,52.8175222730001,25.52444,25.5101228754967,-0.0449439815098374,-0.0875388187085617
"7233665","2013-03-26",16.4682837421943,0.423076923076918,0.428904428904428,0.379671285504621,25.7154321718264,25.3881644948402,25.5517983333333,0.494505007797088,51.2937573568657,25.52204,25.5141064920971,-0.0321454116663289,-0.0764601373001151
"7233664","2013-03-27",17.8993960981937,0.538461538461537,0.487179487179485,0.432185098851765,25.6953866023084,25.3978767310249,25.5466316666666,0.712995733754929,53.4625520970246,25.52244,25.5215589598175,-0.0123752830279655,-0.0636431664456852
"7233663","2013-03-31",18.9651063493528,0.439999999999998,0.467179487179487,0.461087801087801,25.6742537079129,25.4076729587538,25.5409633333333,0.658813668279663,51.8063614086929,25.52244,25.5253510985085,-0.0029983345320006,-0.0515142000629483
"7233662","2013-04-01",19.9546944397148,0.47999999999999,0.486153846153844,0.480170940170939,25.6405865170892,25.4270034829107,25.533795,0.700569925875131,52.5970772862719,25.52484,25.5299709520407,0.00750597667136255,-0.0397101647160861
"7233661","2013-04-02",19.4800915221424,0.039999999999992,0.319999999999996,0.424444444444443,25.6402487425201,25.4281745908132,25.5342116666666,0.291527320464165,44.0378556043498,25.51964,25.5193081584353,-0.0187249924249677,-0.0355131302578624
"7233660","2013-04-03",19.4547466896546,0.319999999999993,0.279999999999994,0.362051282051279,25.6228222885898,25.4362677114102,25.529545,0.62751406957152,49.6527135060623,25.51564,25.5194004039773,-0.0171871415655334,-0.0318479325193966
"7233659","2013-04-04",19.5134843113447,0.47999999999999,0.279999999999994,0.293333333333329,25.6288229052736,25.4382670947263,25.533545,0.76127953375113,52.5805547588864,25.51124,25.524813683447,-0.00328436943444199,-0.0261352199024057
"7233658","2013-04-07",19.7375054251735,0.719999999999999,0.506666666666663,0.355555555555551,25.6392853750425,25.4334712916241,25.5363783333333,0.954884646918937,56.6525816418252,25.51204,25.5375051923207,0.0263872967259271,-0.0156307165767391
"7233657","2013-04-08",20.9579625930486,0.523823529411767,0.574607843137254,0.453758169934638,25.6648851755363,25.4257448244637,25.545315,1.07184689264424,57.1870813289689,25.509964,25.5495845000113,0.0518493075860826,-0.00213471174417479
"7233656","2013-04-09",21.8494109217749,0.470882352941176,0.571568627450983,0.550947712418301,25.6795270592304,25.4281096074362,25.5538183333333,0.909339126085363,55.5479108737685,25.518368,25.5576532333431,0.0655777174352723,0.0114077740917146
"7233655","2013-04-10",22.9429909641978,1,0.664901960784317,0.603692810457519,25.7261997805518,25.4137368861148,25.5699683333333,1.20418494670573,66.0284733542713,25.526368,25.5886328022307,0.131678894227272,0.0354619981188261
"7233654","2013-04-11",21.7805947453335,0.4414705882353,0.637450980392161,0.624640522875821,25.7297597936169,25.426050206383,25.577905,0.678333740333947,52.0720134955523,25.531972,25.5901617619333,0.122731962515332,0.0529159909981273
"7233653","2013-04-14",20.8168429065253,0.470588235294118,0.637352941176475,0.646568627450985,25.7340815858481,25.4373950808185,25.5857383333333,0.694127467962486,52.6341019999854,25.534772,25.5928068603422,0.117408631020077,0.0658145190025173
"7233652","2013-04-15",20.2537935032538,0.470588235294118,0.460882352941181,0.578562091503273,25.7409150389798,25.4438949610202,25.592405,0.716354621910258,52.6341019999854,25.541972,25.5950992789632,0.111899000409532,0.0750314152839203
"7233651","2013-04-16",21.0638126460688,0.399999999999999,0.447058823529414,0.515098039215691,25.7574880391437,25.4563219608562,25.606905,0.975136512098822,55.1015124201458,25.550372,25.6024193751014,0.118768968224447,0.0837789258720257
"7233650","2013-04-17",21.8159732786827,0.399999999999999,0.423529411764707,0.443823529411768,25.7584933501286,25.4748499832046,25.6166716666666,0.711515610784937,55.1015124201458,25.558772,25.6087634584213,0.1227921032807,0.0915815613537606
"7233649","2013-04-18",22.5144081518242,0.399999999999999,0.400000000000001,0.423529411764708,25.7615882529107,25.4830250804226,25.6223066666666,0.635313412023149,55.1015124201458,25.566372,25.6142616639651,0.124540178731758,0.09817328482936
"7233648","2013-04-21",24.2744040908832,0.700000000000003,0.500000000000002,0.441176470588238,25.7986362086237,25.4751104580429,25.6368733333333,1.10724687184042,63.9074972855148,25.579172,25.6390267754364,0.171166423622382,0.112771912587964
"7233647","2013-04-22",24.5795718178409,0.348837209302331,0.482945736434113,0.460981912144706,25.8081664492114,25.4805768841219,25.6443716666666,0.751111987172786,54.0190146068421,25.587972,25.6431565387116,0.165272129635063,0.123271955997384
"7233646","2013-04-23",24.8629418500159,0.38461538461539,0.47781753130591,0.486921089246676,25.818937166497,25.483472833503,25.651205,0.764692819077206,56.2615659715605,25.598772,25.6520690002167,0.17120612819066,0.132858790436039
"7233645","2013-04-24",25.2386813383514,0.628465275793085,0.453972623236937,0.471578630325654,25.8409291177528,25.4884808822471,25.664705,0.940617896064064,61.7817360390133,25.612692,25.6744598001878,0.208074409840231,0.147901914316878
"7233644","2013-04-25",24.9691214832642,0.456987710774511,0.490022790394331,0.473937648312393,25.8548924993707,25.4918175006292,25.673355,0.801989948027539,57.5175800618266,25.621532,25.6858651601628,0.21591391290372,0.161504314034246
"7233643","2013-04-29",25.2877276553189,0.456987710774511,0.514146899114038,0.486047437581769,25.8714189701394,25.4984110298605,25.684915,0.847405473200227,57.5175800618266,25.631932,25.6957498054744,0.219580481305148,0.173119547488427
"7233642","2013-04-30",26.1772134077257,0.364319890635681,0.426098437394903,0.476756042301091,25.891931353797,25.5055353128695,25.6987333333333,0.899244946445113,57.5175800618266,25.640332,25.7043164980778,0.219938976557321,0.182483433302206
"7233641","2013-05-01",27.7741588841969,0.412605175424668,0.411304258944956,0.450516531817966,25.9292572525913,25.5175427474086,25.7234,1.13134363754823,62.8544064676324,25.652332,25.7250742983341,0.248713468489981,0.195729440339761
"7233640","2013-05-02",29.2570368266344,0.5491935483871,0.442039538149152,0.426480744829671,25.9768302922057,25.5173363744609,25.7470833333333,1.10918470486083,66.9062533838171,25.668752,25.7551310585562,0.296406743897903,0.215864901051389
"7233639","2013-05-05",30.6339949160407,0.629193548387096,0.530330757399624,0.461224851497911,26.0199252918551,25.5199147081449,25.76992,1.04028189695935,68.9080132654956,25.685956,25.7877935840821,0.345645384903492,0.24182099782181
"7233638","2013-05-06",31.9533998864294,0.60344827586207,0.593945124212091,0.52210513992029,26.0585892549206,25.5225807450794,25.790585,0.971475723538194,68.8989646580767,25.703956,25.8160877728711,0.380147064714342,0.269486211200316
"7233637","2013-05-07",32.1347027437218,0.448275862068967,0.56030589543938,0.561527259017032,26.0751878075094,25.5324421924905,25.803815,0.763201880795888,61.1199879596457,25.717956,25.828609403155,0.374985696018793,0.290586108164012
"7233636","2013-05-08",32.1916973974271,0.431034482758619,0.494252873563221,0.549501297738232,26.0857989137427,25.5494910862572,25.817645,0.715712557983299,60.305270138984,25.735956,25.838128149401,0.363561812107394,0.305181248952688
"7233635","2013-05-09",32.2446210044391,0.464285714285712,0.447865353037768,0.500808040680124,26.099981612564,25.5516417207693,25.8258116666666,0.732559528451114,61.9441652025322,25.752356,25.8503777294809,0.35971014619518,0.316087028401186
"7233634","2013-05-12",32.169048918134,0.446607142857143,0.447309113300494,0.463142446633829,26.10535552483,25.5777344751699,25.841545,0.699363413194221,61.0484060612274,25.76676,25.8596740322167,0.349520191773989,0.322773661075747
"7233633","2013-05-13",32.0988748379935,0.423076923076921,0.444656593406594,0.446610353248286,26.1081759119351,25.6055807547315,25.8568783333333,0.685281663247264,61.6457020056319,25.77916,25.8690508279212,0.340592536369,0.326337436134398
"7233632","2013-05-14",33.1903714320803,0.510638297872338,0.460107454602137,0.450691053769743,26.1262186672599,25.6282046660734,25.8772116666666,0.873727779185448,65.6558849940898,25.794036,25.8865107175317,0.351271941031572,0.331324337113833
"7233631","2013-05-15",34.2039039837324,0.553404255319145,0.495706492089471,0.466823513366068,26.146671101609,25.638758898391,25.892715,0.829489359787746,66.7315221213082,25.810436,25.9043226218608,0.361787276012349,0.337416924893536
"7233630","2013-05-16",35.1450413531237,0.650638297872337,0.571560283687943,0.509124743459851,26.1573358042264,25.6675475291069,25.9124416666666,0.824136655363275,69.1010509081848,25.821468,25.925852938946,0.379922950880296,0.345918130090888
"7233629","2013-05-19",36.7723666234017,0.487210718635807,0.563751090609099,0.543672622128838,26.1602096243974,25.7070937089359,25.9336516666667,0.832251258886015,62.228574075827,25.837464,25.9357392137532,0.369521071633283,0.350638718399367
"7233628","2013-05-20",38.2834543743741,0.534895568008151,0.557581528172101,0.564297634156382,26.1797234323249,25.7142799010084,25.9470016666666,0.829431297998636,66.0921201645517,25.855864,25.9536406519195,0.378657986582476,0.356242572035989
"7233627","2013-05-21",38.2161155798675,0.170164492342603,0.397423592995523,0.506252070592242,26.1764875660398,25.7498191006269,25.9631533333333,0.702764770182005,56.3396201410072,25.869864,25.9544885649969,0.347673275942606,0.354528712817312
"7233626","2013-05-22",38.1535866992543,0.170164492342603,0.291741517564455,0.415582212910694,26.1678395720177,25.7888004279823,25.97832,0.671521422935878,56.3396201410072,25.882264,25.9552234229973,0.319435644352994,0.347510099124449
"7233625","2013-05-23",38.0955241672562,0.623936471922861,0.321421818869358,0.33686230980978,26.1778256364062,25.8088476969271,25.9933366666666,0.844184985275778,65.0415424689131,25.901064,25.9771936332643,0.342814940508496,0.346571067401258
"7233624","2013-05-27",36.5620107376562,0.283607487237665,0.359236150501046,0.324133162311621,26.1636763924333,25.8481302742333,26.0059033333333,0.590097764986626,56.0229347854265,25.915064,25.9802344821624,0.320345961328572,0.341326046186721
"7233623","2013-05-28",37.1851971257318,0.0169491525423755,0.308164370567636,0.329607446646014,26.1568351645215,25.8838548354785,26.020345,0.804008474252641,50.3806105853233,25.919464,25.9708698845408,0.271455403055598,0.327351917560496
"7233622","2013-05-29",37.2901713692446,0,0.100185546593349,0.255862022554011,26.1446877519054,25.9040355814279,26.0243616666666,0.121743144253919,47.5173767602418,25.927064,25.9560872332687,0.214693431135804,0.304820220275558
"7233621","2013-05-30",35.898510399347,0,0.00564971751412759,0.137999878225039,26.1810995145355,25.8446238187977,26.0128616666666,-0.271313757935014,38.9380246999659,25.925864,25.9192756021662,0.112388906620997,0.266333957544646
"7233620","2013-06-02",33.4335799301804,0,2.41242211392508e-15,0.0352784213691608,26.2362333632157,25.7472799701175,25.9917566666666,-0.291193336885097,32.5993843059854,25.913064,25.863372188544,-0.0246454248520211,0.208138081065312
"7233619","2013-06-03",33.4520818236295,0.333333333333332,0.111111111111113,0.0389202762084154,26.234567993521,25.7469053398123,25.9907366666666,0.559323796440037,48.9930956089733,25.915864,25.8589225634048,-0.0300298475433225,0.160504495343585
"7233618","2013-06-04",31.222732622227,0,0.111111111111113,0.0740740740740772,26.2885481818724,25.6376284847942,25.9630883333333,-0.22628774658687,34.8850304397279,25.898284,25.7871328882842,-0.19138285116147,0.0901270260425743
"7233617","2013-06-05",30.5872113637777,0.154339461308253,0.162557598213864,0.128259940145364,26.2896490402317,25.6202609597682,25.954955,0.244610032671063,41.3306083511215,25.887924,25.7489818365129,-0.260046944082004,0.0200922320176586
"7233616","2013-06-06",29.8436840771933,0.118426678067551,0.0909220464586037,0.121530251927861,26.3214189431361,25.5457577235305,25.9335883333333,-0.0512565570194864,40.3302205550505,25.871884,25.7103175916446,-0.324044744055274,-0.0487351631969279
"7233615","2013-06-09",28.9311716754037,0.0679777682770411,0.113581302550951,0.122353649074474,26.3556466176139,25.457463382386,25.906555,-0.0498748072357323,38.905609800184,25.849864,25.6689419127586,-0.388973452875185,-0.116782821132579
"7233614","2013-06-10",28.5997151608996,0,0.0621348154481997,0.0888793881525857,26.3858545749365,25.3679154250634,25.876885,-0.014325111409541,34.6596483534358,25.81826,25.6077496577241,-0.494777472313146,-0.192381751368693
"7233613","2013-06-11",28.2919341117173,0.0546875000000003,0.0408884227590162,0.0722015135860565,26.4044368693044,25.2886664640288,25.8465516666666,0.0489947296020978,37.3714941631053,25.78946,25.5640497033609,-0.550511597832504,-0.264007720661455
"7233612","2013-06-12",27.3485110935343,0,0.0182291666666692,0.040417468291296,26.4120889801565,25.1990143531767,25.8055516666666,0.0365344218491715,33.9074365309265,25.75786,25.5048430762461,-0.638165758306464,-0.338839328190457
"7233611","2013-06-13",26.472475433793,0.0656934306569343,0.0401269768856473,0.0330815221037785,26.4065581305846,25.122538536082,25.7645483333333,0.0914794948775753,37.4212502897681,25.73026,25.46553066608,-0.67168569040067,-0.405408600632499
"7233610","2013-06-16",25.8580826421536,0.0729927007299256,0.046228710462289,0.0348616180048695,26.3848891730753,25.0638608269247,25.724375,0.154328638747781,37.8168364861085,25.70186,25.432793243936,-0.687323148379337,-0.461791510181867
"7233609","2013-06-17",26.0492417259055,0.0942142298670835,0.0776334537513169,0.0546630470330854,26.344697833295,25.0326655000383,25.6886816666666,0.257362432873059,38.672704127572,25.674676,25.4071541447445,-0.685425227840286,-0.506518253713551
"7233608","2013-06-18",25.7717235042737,0.0164190774042199,0.0612086693337454,0.0616902778491181,26.3048588547069,24.9815378119597,25.6431983333333,0.158033347881212,36.0772067041834,25.643116,25.3716669254453,-0.707512860611259,-0.546717175093093
"7233607","2013-06-19",24.9411043589189,0,0.0368777690904369,0.058573297391834,26.2672687132668,24.9271579533998,25.5972133333333,0.151337276992666,32.9424433072975,25.603516,25.3234446687192,-0.758191979735956,-0.589012136021665
"7233606","2013-06-20",24.0398994428037,0,0.00547302580140902,0.0345198214085314,26.2206546320897,24.8794387012435,25.5500466666666,0.16444876151844,32.2513223994146,25.561912,25.2776520462233,-0.798993034350581,-0.631008315687449
"7233605","2013-06-23",23.6673962735489,0.0218978102189789,0.00729927007299536,0.0165500216549481,26.1387365812171,24.8659900854495,25.5023633333333,0.236242317081256,33.7481807887589,25.51968,25.2419651067269,-0.812607285215827,-0.667328109593124
"7233604","2013-06-24",23.3215004735266,0.0583941605839403,0.0267639902676421,0.0131787620473498,26.0641073581863,24.8495193084802,25.4568133333333,0.22543777284763,36.2752742345696,25.48208,25.2177030924966,-0.798342647720363,-0.693531017218572
"7233603","2013-06-25",23.0003115163631,0.151515151515148,0.0772690407726915,0.0371107670377773,25.9528720863985,24.8640879136014,25.40848,0.250351502047446,37.3054187950887,25.44248,25.1993426801638,-0.771818213886988,-0.709188456552255
"7233602","2013-06-26",23.193494476726,0.349999999999997,0.186636437366364,0.0968898228022336,25.8659338365854,24.8847594967479,25.3753466666666,0.393311518911818,43.7226783084381,25.41252,25.2008969894753,-0.700789566563154,-0.707508678554435
"7233601","2013-06-27",23.6171228427982,0.409090909090908,0.303535353535354,0.189146943891471,25.8128961361087,24.8945971972246,25.3537466666666,0.464702852240373,45.5108436591127,25.38412,25.2074440575452,-0.624799041580271,-0.690966751159602
"7233600","2013-06-30",24.0104920398652,0.492307692307694,0.417132867132869,0.30243488601153,25.7846341732343,24.8957058267656,25.34017,0.492346589733216,47.8008049504437,25.35132,25.2197848498725,-0.542310624649545,-0.661235525857591
"7233599","2013-07-01",24.6516372485615,0.569230769230772,0.490209790209794,0.403626003626006,25.6279890268,24.9897176398666,25.3088533333333,0.632357492015953,50.0609833858534,25.32532,25.2371468698895,-0.455687245972314,-0.620125869880535
"7233598","2013-07-02",24.4775794091324,0.384615384615385,0.482051282051286,0.463131313131317,25.6069149832988,24.9906916833678,25.2988033333333,0.484632194204559,45.0224517739449,25.29812,25.2361939539043,-0.420551333962627,-0.580210962696954
"7233597","2013-07-04",24.1970295087427,0.355384615384613,0.436410256410259,0.469557109557114,25.4848668023186,25.0560731976814,25.27047,0.376078686594237,44.2628241153415,25.27216,25.2328347600504,-0.394238199173613,-0.543016409992286
"7233596","2013-07-07",24.4104176167296,0.261538461538459,0.333846153846155,0.417435897435901,25.4420439338124,25.0698960661875,25.25597,0.39259645566408,41.8230572882369,25.25096,25.221790125377,-0.388425541241211,-0.512098236242071
"7233595","2013-07-08",25.389723396705,0.450075012502084,0.355666029808388,0.375307480021602,25.43179515861,25.07487484139,25.253335,0.798754824318286,46.9822888978061,25.24096,25.2255514419934,-0.347832615522869,-0.479245112098231
"7233594","2013-07-09",26.2990787638251,0.483580596766127,0.398398023602226,0.362636735752257,25.4340553698351,25.0739546301648,25.254005,0.813046658656046,47.9808578457903,25.218564,25.2314912497276,-0.305707288062218,-0.444537547291028
"7233593","2013-07-10",27.1434801761509,0.50008334722454,0.477912985497586,0.410659012969401,25.4308491448339,25.0748275218327,25.2528383333333,0.688644908982014,48.4954069930816,25.216944,25.2379590830972,-0.266087712038066,-0.408847580240436
"7233592","2013-07-11",27.9275672018819,0.508861203719952,0.497508382570209,0.457939797223341,25.4382392050482,25.0761041282851,25.2571716666666,0.701108199692587,49.5804381973345,25.208904,25.2462312053509,-0.225693417740802,-0.372216747740509
"7233591","2013-07-14",29.3394520772028,0.370486946861695,0.459810499268731,0.47841062244551,25.4515979357033,25.0760887309633,25.2638433333333,0.791843711463533,47.4335497513657,25.200948,25.2480803779708,-0.204077068267783,-0.338588811845964
"7233590","2013-07-15",30.6504880328579,0.519130936358396,0.466159695646683,0.474492859161876,25.4683677380381,25.0730789286285,25.2707233333333,0.840535822911586,52.431480478895,25.198948,25.261669660908,-0.156422904458675,-0.302155630368506
"7233589","2013-07-16",32.1726402262796,0.446808510638297,0.445475464619465,0.457148553178294,25.4824145386578,25.0666654613421,25.27454,0.914015751467261,52.9671633335633,25.204948,25.274780372787,-0.114156493106177,-0.26455580291604
"7233588","2013-07-17",33.5860672630284,0.595744680851063,0.520561375949254,0.477398845405135,25.5023782282153,25.0713017717846,25.28684,0.847564021257952,56.6474799496774,25.210948,25.295476323082,-0.0576751414154475,-0.223179670615922
"7233587","2013-07-18",35.0469560923126,0.574468085106387,0.539007092198585,0.501681310922436,25.5162936065815,25.0890463934185,25.30267,0.836799544229673,55.9736439126351,25.222948,25.3120794800044,-0.015944618741992,-0.181732660241136
"7233586","2013-07-21",36.4034957195051,0.574468085106387,0.581560283687948,0.547042917278597,25.5170448982481,25.1206284350851,25.3188366666666,0.763603246527459,55.9736439126351,25.231348,25.3264688826705,0.0169133837794266,-0.142003451437023
"7233585","2013-07-22",38.1678900207779,0.574468085106387,0.574468085106389,0.565011820330975,25.5323171962305,25.1370228037695,25.33467,0.876082575843858,55.9736439126351,25.239348,25.3389396983144,0.0424494657354169,-0.105112868002535
"7233584","2013-07-23",39.7013678352376,0.553191489361703,0.567375886524828,0.574468085106389,25.5275566610186,25.173450005648,25.3505033333333,0.752739295659458,55.1542240848178,25.246128,25.3484144052059,0.0588151514854696,-0.0723272641049343
"7233583","2013-07-24",40.9707378034977,0.523404255319151,0.550354609929082,0.564066193853434,25.5130590499242,25.2152942834091,25.3641766666666,0.654338833316511,53.9631657660111,25.256328,25.3547591511784,0.0665568614904188,-0.0445504389858637
"7233582","2013-07-25",41.9648525542469,0.351351351351348,0.475982365344069,0.531237620599327,25.5135483271884,25.2274050061449,25.3704766666666,0.59152756005112,52.5660380039618,25.271128,25.358124597688,0.0668288781798587,-0.0222745755527192
"7233581","2013-07-28",43.0566031742512,0.305362600722422,0.393372735797642,0.473236570356932,25.5167842149289,25.2327024517377,25.3747433333333,0.612373751045362,51.6656997169928,25.286728,25.3597079846629,0.0631346976291081,-0.00519272091635373
"7233580","2013-07-29",44.0703716071124,0.360933592664627,0.339215848246134,0.402856983129283,25.5184794374079,25.2367038959254,25.3775916666666,0.545219207457324,53.3853402449889,25.301928,25.3637469200412,0.0658100465841471,0.00900783258374644
"7233579","2013-07-30",45.3094818419149,0.305362600722422,0.323886264703159,0.352158282915646,25.5195633129971,25.2369533536695,25.3782583333333,0.600521345394055,51.4153690460355,25.314328,25.3645806640357,0.060866128774939,0.019379491821985
"7233578","2013-07-31",46.460084202803,0.33314809669352,0.333148096693525,0.332083403214274,25.5198058819334,25.2484441180666,25.384125,0.583068691570578,52.3619259867796,25.326328,25.3666365754976,0.0594433923089444,0.0273922719193768
"7233577","2013-08-01",46.9708333407474,0,0.212836899138649,0.289957086845112,25.5042378727208,25.2779454606125,25.3910916666666,0.347873820959159,48.3076920905813,25.331488,25.3630850320979,0.0450729751370949,0.0309284125629204
"7233576","2013-08-04",47.684859242435,0.214285714285709,0.182477936993078,0.242820977608419,25.4811144803435,25.3211321863231,25.4011233333333,0.596948228521249,54.0543286565578,25.337488,25.3680070278182,0.0521683442135545,0.0351763988930473
"7233575","2013-08-05",48.4510633449266,0.148148148148145,0.120811287477953,0.172042041203228,25.4815621460067,25.3259078539932,25.403735,0.554383338169044,51.9799543168335,25.340688,25.3696060907758,0.050842821879904,0.0383096834904186
"7233574","2013-08-06",49.1625385829545,0.259259259259261,0.207231040564374,0.170173421678469,25.4821141611089,25.3300491722244,25.4060816666666,0.549879989178806,54.7830253141477,25.343088,25.374991945339,0.0586555859129367,0.0423788639749222
"7233573","2013-08-07",49.3489856008759,0.148148148148145,0.185185185185186,0.171075837742505,25.4752680191116,25.3451319808883,25.4102,0.439806579021074,51.5428771506205,25.349088,25.3756596859605,0.054676190879821,0.044838329355902
"7233572","2013-08-08",50.3277270299454,0.193548387096771,0.200318598168061,0.197578274639208,25.4793648364678,25.3563684968655,25.4178666666666,1.03226516234871,53.5167046325154,25.356648,25.3789050611657,0.0572215676523324,0.0473149770151881
"7233571","2013-08-11",51.2365583569385,0.225806451612905,0.189167662285942,0.191557148546397,25.4833516996411,25.3613716336922,25.4223616666666,0.835888215406278,54.5143600476872,25.367048,25.3830510530103,0.0617050830825416,0.0501929982286588
"7233570","2013-08-12",52.2458182808803,0.419354838709676,0.279569892473119,0.223018717642375,25.501830715076,25.3543592849239,25.428095,1.1232054568484,60.0541271182664,25.375848,25.3946442459423,0.0833614655842307,0.0568266916997732
"7233569","2013-08-13",53.0257227703606,0.387096774193553,0.34408602150538,0.270941192088148,25.5084642391591,25.3520590941741,25.4302616666666,0.881946088404588,58.7694260725866,25.383444,25.4033583464833,0.096226412639,0.0647066358876185
"7233568","2013-08-14",53.2692713555789,0.290322580645162,0.365591397849466,0.329749103942656,25.5087239294056,25.3521660705943,25.430445,0.563160887664508,54.9702217908703,25.389444,25.4069105669522,0.0957842527565811,0.0709221592614111
"7233567","2013-08-15",53.1740885898308,0.225806451612905,0.301075268817209,0.336917562724019,25.5072597813445,25.3513068853221,25.4292833333333,0.461847454252418,52.5320786091525,25.393844,25.4073224913586,0.0880662682608335,0.0743509810612956
"7233566","2013-08-18",53.1888322877337,0.225806451612905,0.247311827956993,0.30465949820789,25.5075455074268,25.3516878259065,25.4296166666666,0.502459508762322,52.5320786091525,25.39984,25.4076794925108,0.0810158120710724,0.075683947263251
"7233565","2013-08-19",53.0281342346062,0.193548387096771,0.215053763440862,0.254480286738356,25.5002775563293,25.351955777004,25.4261166666666,0.413813511465125,51.2148327354664,25.40184,25.406655560176,0.0714291831557023,0.0748329944417412
"7233564","2013-08-20",51.4379061541962,0,0.139784946236561,0.20071684587814,25.5020681997639,25.3414984669027,25.4217833333333,0.0737054625410657,41.2014288862401,25.39984,25.3937681521525,0.0348391218354394,0.0668342199204809
"7233563","2013-08-21",49.9612657938154,0,0.064516129032259,0.139784946236562,25.5048750086303,25.332678324703,25.4187766666666,0.10059238599701,40.2595457575494,25.39464,25.3812657318655,0.00261958013390018,0.0539912919631647
"7233562","2013-08-22",48.5900997448905,0,2.09092002971071e-15,0.0681003584229416,25.5090720543322,25.3221479456677,25.41561,0.0598391922021706,40.2595457575494,25.38984,25.3704303009501,-0.022665548738654,0.038659923822801
"7233561","2013-08-25",47.4689070913464,0.228571428571425,0.0761904761904771,0.0469022017409137,25.5088373470361,25.3209526529638,25.414895,0.380094898392196,50.7133307502333,25.38824,25.3717062608234,-0.0170661565807362,0.0275147077420935
"7233560","2013-08-26",47.3485242083852,0.485714285714283,0.238095238095238,0.104761904761907,25.5191793859748,25.3209072806918,25.4200433333333,0.869475406347017,59.3345359379764,25.39024,25.3848120927137,0.0158054359022941,0.0251728533741337
"7233559","2013-08-27",45.7355071733759,0.200000000000002,0.304761904761906,0.206349206349208,25.5192503689225,25.3211129644107,25.4201816666666,0.445753133489437,49.0649673502022,25.38864,25.3828371470185,0.00994601940851325,0.0221274865810096
"7233558","2013-08-28",43.841088501374,0.124999999999997,0.270238095238096,0.271031746031748,25.5202234550399,25.3154732116267,25.4178483333333,0.217468793350572,46.466651372407,25.3864,25.377125527416,-0.00418820780465623,0.0168643477038764
"7233557","2013-08-29",42.6616494380532,0.312499999999993,0.2125,0.262500000000001,25.5196359312586,25.3227240687414,25.42118,0.510766238117528,51.9475374784763,25.3872,25.3801754570939,0.00364532216263758,0.0142205425956287
"7233556","2013-09-02",41.5664560221124,0.519999999999996,0.319166666666664,0.267301587301588,25.5214081447914,25.3236185218752,25.4225133333333,0.605094829345526,54.4582159272771,25.3896,25.3868187294814,0.0191678399978024,0.0152100020760634
"7233555","2013-09-03",40.4003902804364,0.50020842017508,0.444236140058358,0.325300935575008,25.5227994026155,25.3248072640511,25.4238033333333,0.571703183619446,53.4556057019105,25.3908,25.3912428988839,0.0279655110406729,0.0177611038689853
"7233554","2013-09-04",37.5955611949511,0,0.340069473391694,0.36782409337224,25.5268021469809,25.3123645196857,25.4195833333333,0.0788208076826715,41.1328755273419,25.386756,25.374930512366,-0.0129454735879886,0.0116197883775905
"7233553","2013-09-05",35.9038558393258,0,0.166736140058362,0.317013917836139,25.5442166352274,25.2787133647725,25.411465,-0.145811253873528,35.3833826091406,25.378356,25.3476064440506,-0.0759933379164135,-0.00590283688121028
"7233552","2013-09-08",34.3329865805309,0.108137334414705,0.0360457781382372,0.180950463862765,25.5465026661114,25.2525273338885,25.399515,-0.0278730888514833,39.0916069216669,25.373156,25.3292589181771,-0.111985567348105,-0.0271193829745893
"7233551","2013-09-09",33.3075088077124,0,0.0360457781382372,0.079609232111613,25.5527242401564,25.2206390931769,25.3866816666666,-0.0420748312210592,36.2882254120481,25.363556,25.3066910624202,-0.154702060970247,-0.0526359185737207
"7233550","2013-09-10",32.8322321080843,0,0.0360457781382372,0.0360457781382381,25.5497414026628,25.1879519306705,25.3688466666666,-0.0681388834637829,33.2104341403827,25.352356,25.2791322540975,-0.205390713564146,-0.0831868775718058
"7233549","2013-09-11",32.7558905245912,0,2.15568303948051e-15,0.0240305187588264,25.5573288497981,25.1406978168685,25.3490133333333,-0.113684482891526,30.8613840907461,25.337956,25.2485812868845,-0.258636579282512,-0.118276817913947
"7233548","2013-09-12",32.5458657822363,0.122473974280463,0.0408246580934899,0.0256234787439106,25.5570419460164,25.1106180539835,25.33383,0.0583495040207491,36.6518997686524,25.327156,25.2301037819666,-0.278514119789675,-0.150324278289093
"7233547","2013-09-15",31.4210912964842,0.204123290467439,0.108865754915969,0.049896804336488,25.5500157486167,25.0939775847166,25.3219966666666,0.203248520161951,40.2449602263482,25.317156,25.2194232777044,-0.278291776459394,-0.175917777923153
"7233546","2013-09-16",29.6850193734012,0.29660050193931,0.207732588895739,0.119141000635067,25.5378151036773,25.085798229656,25.3118066666666,0.310611789986851,42.8625277848108,25.307956,25.2141668406771,-0.265465137323739,-0.19382724980327
"7233545","2013-09-17",28.7123281267172,0.141509433962261,0.214077742123005,0.176892028644906,25.5303384096169,25.0666082570497,25.2984733333333,0.172640077799043,38.6123150395057,25.293556,25.2002779285868,-0.274556418008587,-0.209973083444333
"7233544","2013-09-18",27.1318592384361,0.212264150943396,0.216791362281658,0.212867231100135,25.5254735038715,25.0548064961285,25.29014,0.280155966679112,41.298819836508,25.280756,25.1922408714419,-0.269070142297134,-0.221792495214894
"7233543","2013-09-19",25.6642809850323,0.235849056603769,0.196540880503144,0.209136661635937,25.5202247749985,25.0423885583347,25.2813066666666,0.274036940759409,42.2067386106512,25.269556,25.1866087552497,-0.258546530455261,-0.229143302262967
"7233542","2013-09-22",23.8492357276135,0.212264150943396,0.220125786163523,0.211152676316109,25.5152140149749,25.032065985025,25.27364,0.306187764007482,41.5152382953907,25.258756,25.1803942545497,-0.250529052364812,-0.233420452283336
"7233541","2013-09-23",23.0287185271902,0.374999999999998,0.27437106918239,0.230345911949686,25.5019954182352,25.0310479150981,25.2665216666666,0.464918241297433,47.1139447289659,25.250356,25.1830083539431,-0.22238569285512,-0.231213500397693
"7233540","2013-09-24",22.4140737857961,0.454545454545453,0.347269868496284,0.2805889079474,25.4658600716153,25.0433865950513,25.2546233333333,0.501680578875163,47.1139447289659,25.242356,25.1852739067507,-0.19780047641581,-0.224530895601316
"7233539","2013-09-25",22.8465334182316,0.454545454545455,0.428030303030304,0.34989041356966,25.4528915346727,25.0484117986606,25.2506516666666,0.696173816062271,51.5925736979826,25.239956,25.1939040525173,-0.160448435647353,-0.211714403610524
"7233538","2013-09-26",23.2481030769217,0.454772727272727,0.454621212121214,0.409973794549268,25.4443766869303,25.050266646403,25.2473216666666,0.61691743065391,51.6014014754205,25.23796,25.2013968455149,-0.129326148192832,-0.195236752526986
"7233537","2013-09-29",23.6195808333902,0.454545454545455,0.454621212121215,0.445757575757578,25.4196746609577,25.0593053390423,25.23949,0.575413374596509,51.5912693564816,25.23596,25.207877266113,-0.103502217652296,-0.176889845552048
"7233536","2013-09-30",24.5613863838574,0.522727272727276,0.477348484848489,0.462196969696973,25.3913597917915,25.0746235415418,25.2329916666666,0.75365478881362,54.4789989547785,25.23196,25.2174936306312,-0.0726013768286071,-0.15603215180736
"7233535","2013-10-01",24.4671742875279,0.263157894736847,0.413476874003195,0.4484821903243,25.3498462033201,25.0950037966798,25.222425,0.516644273308423,47.3772666291583,25.22156,25.2164944798804,-0.0697077292791448,-0.138767267301717
"7233534","2013-10-02",24.3796916266505,0.278947368421058,0.354944178628396,0.41525651249336,25.3352159537318,25.0997073796015,25.2174616666666,0.55323939215235,48.0029459662408,25.2154,25.2164285492297,-0.0647485727575003,-0.123963528392873
"7233533","2013-10-03",25.0188706169287,0.263157894736847,0.268421052631586,0.345614035087726,25.3369120842517,25.0996812490815,25.2182966666666,0.661881710300489,47.3960624296976,25.2102,25.2155714093324,-0.0620234219117388,-0.111575507096646
"7233532","2013-10-06",25.4682868752558,0.236842105263158,0.259649122807023,0.294338118022335,25.3357274317452,25.0994292349214,25.2175783333333,0.552426694320477,46.3444194091754,25.2022,25.2134952214214,-0.0623454596017203,-0.101729497597661
"7233531","2013-10-07",25.8864013763512,0.171428571428569,0.223809523809527,0.250626566416046,25.3369008787271,25.1005891212729,25.218745,0.547627761399938,46.3444194091754,25.193,25.2116958585652,-0.0618880761641405,-0.0937612133109571
"7233530","2013-10-08",26.2746505559398,0.200000000000002,0.202756892230578,0.228738512949043,25.3365766154386,25.1055833845613,25.22108,0.452033226437464,47.6905149708936,25.1846,25.2114697440899,-0.0576609380010473,-0.0865411582489751
"7233529","2013-10-09",27.1272211666753,0.200000000000002,0.190476190476193,0.205680868838767,25.3274180432648,25.1283752900684,25.2278966666666,0.508892561882351,47.6905149708936,25.182244,25.2112737782112,-0.0536920332015356,-0.0799713332394872
"7233528","2013-10-10",27.918893876644,0.103448275862073,0.167816091954028,0.1870163915536,25.3230205800427,25.1424394199573,25.23273,0.50334106466633,50.5670951772211,25.184644,25.2137706077831,-0.0436428304512515,-0.0727056326818401
"7233527","2013-10-13",28.8206525525217,0.103448275862073,0.135632183908052,0.164641488779425,25.323202104939,25.1475878950609,25.235395,0.526032441622305,50.5670951772211,25.185444,25.2159345267453,-0.0352723254523624,-0.0652189712359446
"7233526","2013-10-14",29.6579998944081,0.103448275862073,0.103448275862075,0.135632183908052,25.3233306081436,25.147846058523,25.2355883333333,0.468534741784532,50.5670951772211,25.188244,25.2178099231793,-0.0283123963195409,-0.0578376562526638
"7233525","2013-10-15",31.0009567295328,0.166666666666673,0.124521072796942,0.12120051085569,25.318809364383,25.1630339689503,25.2409216666666,0.579676682137223,50.5670951772211,25.193444,25.2194352667554,-0.0225369083331484,-0.0507775066687607
"7233524","2013-10-16",33.2008331439589,0.370370370370376,0.21349510429971,0.14715481765291,25.3381242791172,25.1607190542161,25.2494216666666,1.10451996303823,60.7327118722931,25.203444,25.230177231188,0.00437984059598051,-0.0397460372158125
"7233523","2013-10-17",35.2435755287831,0.592962962962964,0.376666666666673,0.238227614587776,25.3582291567053,25.1612875099613,25.2597583333333,1.11088314900593,67.0062239220679,25.213448,25.2475002670296,0.0443992999525911,-0.0229169697821318
"7233522","2013-10-20",37.549901195389,0.503125000000004,0.48881944444445,0.359660405136945,25.3838627952357,25.159053871431,25.2714583333333,1.13405697716223,67.0910143923256,25.221888,25.262633564759,0.0755067195735259,-0.00323223191100023
"7233521","2013-10-21",39.6914893143801,0.531250000000005,0.542445987654326,0.469310699588484,25.3986126356911,25.1569740309755,25.2777933333333,0.909316494701302,67.9772681376874,25.229488,25.2769490894578,0.101837880969158,0.0177817906650314
"7233520","2013-10-22",42.1074845964403,0.531250000000005,0.521875000000007,0.517713477366262,25.4211842523655,25.1508657476345,25.286025,0.995495736779044,67.9772681376874,25.239888,25.2893558775301,0.121288424283539,0.0384831173887329
"7233519","2013-10-23",44.3509087869247,0.531250000000005,0.531250000000007,0.531856995884781,25.4352892244606,25.1450941088727,25.2901916666666,0.924340934950588,67.9772681376874,25.249088,25.3001084271927,0.135130454892707,0.0578125848895277
"7233518","2013-10-24",46.4647329346966,0.531250000000005,0.531250000000007,0.528125000000008,25.4515918545517,25.1411181454483,25.296355,0.887509998879194,67.9772681376874,25.257888,25.309427303567,0.144423711841379,0.075134810279898
"7233517","2013-10-27",48.427569643342,0.516129032258067,0.526209677419361,0.529569892473126,25.462821766965,25.1425548997016,25.3026883333333,0.783029589587529,67.9772681376874,25.267088,25.3175036630914,0.150049653655437,0.0901177789550059
"7233516","2013-10-28",50.4637748458423,0.483548387096772,0.51030913978495,0.522589605734773,25.4742751703908,25.1407281629424,25.3075016666666,0.806098783839801,65.1262376677055,25.273484,25.3231565080126,0.149559277454103,0.102006078654825
"7233515","2013-10-29",52.1343495281468,0.413793103448281,0.471156840934375,0.502558552712896,25.4781194825279,25.1502171841387,25.3141683333333,0.639772325146376,62.3651595534796,25.279484,25.3267356402776,0.144349184641523,0.110474699852165
"7233514","2013-10-30",53.2320932376056,0.34482758620689,0.414056358917316,0.465174113212215,25.4803905715646,25.1602794284353,25.320335,0.603083988300996,57.098592798644,25.282684,25.3271708882406,0.132322389875816,0.114844237856895
"7233513","2013-10-31",54.251426682103,0.413793103448281,0.390804597701153,0.425339265850949,25.4836142544554,25.1673324122112,25.3254733333333,0.607477979425471,60.6749396845433,25.28668,25.3302147698085,0.127689852748136,0.117413360835143
"7233512","2013-11-03",54.7117919913548,0.34482758620689,0.367816091954022,0.390892349524164,25.4831927178523,25.179090615481,25.3311416666666,0.54009070168087,55.6766029441233,25.28988,25.330186133834,0.116306284712531,0.117191945610621
"7233511","2013-11-04",55.5574702631483,0.272727272727268,0.343782654127482,0.367467781260886,25.4858060982784,25.1924772350549,25.3391416666666,0.673383324008619,60.8821574146463,25.29308,25.3341613159895,0.115508438318024,0.116855244152102
"7233510","2013-11-05",55.45937113348,0,0.205851619644722,0.305816788575409,25.4794832294832,25.2108001038501,25.3451416666666,0.443644891613649,52.0966443787663,25.29748,25.3322731405242,0.100971116824478,0.113678418686577
"7233509","2013-11-06",55.3682790845023,0,0.0909090909090915,0.213514454893766,25.473858403788,25.225471596212,25.349665,0.381106138627723,52.0966443787663,25.30164,25.3306367217877,0.088431068433148,0.108628948635891
"7233508","2013-11-07",55.9080113690822,0.100050025012504,0.0333500083375036,0.110036906297106,25.4688048812668,25.2441884520665,25.3564966666666,0.559968899194005,55.7956223540892,25.30684,25.3318851588826,0.0838969154782987,0.103682542004373
"7233507","2013-11-10",56.4091913476206,0.100050025012504,0.066700016675005,0.0636530386405339,25.4612690858081,25.2637275808585,25.3624983333333,0.487352868785995,55.7956223540892,25.31244,25.3329671376983,0.0793880702222527,0.0988236476479486
"7233506","2013-11-11",57.0979910027827,0.15789473684211,0.119331595622375,0.0731272068782951,25.4481436108259,25.2920330558407,25.3700883333333,0.575448667352928,57.6901321225244,25.31844,25.3352381860052,0.0780991331184699,0.0946787447420528
"7233505","2013-11-12",57.737590682576,0.263157894736844,0.173700885530488,0.11991083260929,25.4337064774952,25.3198035225048,25.376755,0.587018520876098,61.2656768783216,25.32484,25.3398730945378,0.0824946371798863,0.0922419232296195
"7233504","2013-11-13",58.3315046709556,0.428571428571426,0.283208020050129,0.192080167067665,25.4369433274314,25.3216333392353,25.3792883333333,0.743213969915009,66.0542134345088,25.33248,25.3480233485994,0.0947517121960395,0.0927438810229035
"7233503","2013-11-14",59.2206062972647,0.476190476190475,0.389306599832917,0.282071835137845,25.4449705107905,25.3192661558761,25.3821183333333,0.933941476176418,67.3174600288613,25.33968,25.3562869021195,0.106099107323554,0.0954149262830336
"7233502","2013-11-17",58.6569874712715,0.176470588235303,0.36041083099907,0.344308483627373,25.4414012429006,25.3191054237661,25.3802533333333,0.470944768525571,53.1240471174053,25.34448,25.3554486485036,0.0949006687942955,0.095312074785286
"7233501","2013-11-18",58.1336271328492,0.353529411764701,0.335396825396828,0.361704752076273,25.442535730474,25.3197076028593,25.3811216666666,0.605391169363399,57.9176200356328,25.350484,25.3587354953698,0.0945145372640344,0.0951525672810357
"7233500","2013-11-19",58.457657482879,0.405833333333338,0.311944444444449,0.335917366946783,25.4530446690778,25.3136953309221,25.38337,1.08531554159377,62.9709618943419,25.35798,25.3665574293205,0.104863588230164,0.0970947714708614
"7233499","2013-11-20",59.0596053307702,0.322580645161296,0.360647796753114,0.335996355531464,25.4702106393036,25.304196027363,25.3872033333333,1.11920252359173,63.3017674041331,25.36278,25.3736831054111,0.112587317174406,0.10019328061157
"7233498","2013-11-21",59.6185569038119,0.354838709677419,0.361084229390686,0.344558823529417,25.4781593096223,25.300914023711,25.3895366666666,0.916353339313259,64.611270735155,25.365576,25.3811920246896,0.12049244332657,0.10425311315457
"7233497","2013-11-24",60.7083057688956,0.236842105263158,0.30475382003396,0.342161948725921,25.4975094076615,25.2928972590051,25.3952033333333,1.04475422923473,59.9999332777413,25.367536,25.3850330880643,0.119022339650088,0.107206958453674
"7233496","2013-11-25",61.7202154293303,0.289473684210526,0.293718166383703,0.319852071936117,25.5061179909979,25.2906620090021,25.39839,0.847835936784617,62.8549231198648,25.369936,25.3910286763224,0.122795178867663,0.110324602536472
"7233495","2013-11-26",62.6598458283055,0.277777777777782,0.268031189083824,0.28883439183383,25.51171501573,25.2943316509366,25.4030233333333,0.72836767376636,64.2296661693156,25.372736,25.3975581861461,0.127487896203893,0.113757261269956
"7233494","2013-11-28",63.5997221143178,0.333333333333337,0.300194931773883,0.287314762413804,25.5193173124175,25.2987293542491,25.4090233333333,0.791539032928287,66.8705493159672,25.376336,25.4058837613266,0.13598579477867,0.118202967971699
"7233493","2013-12-01",64.6022047468643,0.51142857142857,0.374179894179898,0.314135338345869,25.5381522727897,25.2973543938769,25.4177533333333,0.983033047710108,74.0018972518115,25.382696,25.4222992598164,0.162737858659789,0.127109946109317
"7233492","2013-12-02",65.7772875168978,0.428571428571427,0.424444444444447,0.366273090132743,25.5558064883186,25.3001268450147,25.4279666666666,0.967903239332899,67.4320214370233,25.387896,25.4326593585075,0.172721836385015,0.136232324164456
"7233491","2013-12-03",66.9062147400482,0.485714285714283,0.475238095238096,0.424620811287481,25.5767648289154,25.2968351710845,25.4368,0.963926072260414,69.4466275246635,25.3943,25.4443047773732,0.184832808318047,0.145952420995175
"7233490","2013-12-04",62.8607941501865,0,0.304761904761906,0.401481481481483,25.600804357519,25.2588623091476,25.4298333333333,-0.199436257710112,31.1083448624432,25.3863,25.4050641403901,0.0761435382820919,0.131990644452558
"7233489","2013-12-05",59.1695967200646,0.0680000000000029,0.184571428571431,0.321523809523811,25.6135557322246,25.2359576011087,25.4247566666666,-0.0459684507902324,35.0136773876505,25.380596,25.3760422550048,0.00176541269605313,0.105945598101257
"7233488","2013-12-08",55.4854815154021,0.018181818181821,0.0287272727272767,0.172686868686872,25.6323550955425,25.1975282377908,25.4149416666666,-0.0548760286967841,33.5147155332874,25.372996,25.3472366210041,-0.0652180890035492,0.0717128606802958
"7233487","2013-12-09",51.7825037355127,0,0.0287272727272767,0.0806753246753287,25.6478828266622,25.1623338400044,25.4051083333333,0.00205848092863092,31.9042311650779,25.364996,25.3182717382036,-0.126477421980564,0.0320748041481238
"7233486","2013-12-10",48.2477715649603,0,0.00606060606060905,0.0211717171717214,25.6605584559458,25.1264682107208,25.3935133333333,0.0439971636927219,31.3632214432424,25.355396,25.2918355064431,-0.176258738533341,-0.00959190438816921
"7233485","2013-12-11",44.9655202637331,0.0172413793103414,0.00574712643678253,0.0135116684082233,25.6706212824262,25.0914053842404,25.3810133333333,0.0781423344352357,32.5941672906084,25.347796,25.2702574389174,-0.210157595284954,-0.0497050425675262
"7233484","2013-12-12",42.6689545890071,0.0172413793103414,0.011494252873563,0.00776732845698545,25.67314172862,25.0644849380466,25.3688133333333,0.162404160797436,32.5941672906084,25.340196,25.2515564470617,-0.234366217492488,-0.0866372775525185
"7233483","2013-12-15",40.5364293196188,0.0372222222222211,0.02390166028097,0.0137143465304391,25.6706491626177,25.0393175040489,25.3549833333333,0.191261060615062,33.9810552398544,25.3322,25.2366955874535,-0.247503629190915,-0.118810547880198
"7233482","2013-12-16",38.3111569664565,0,0.0181545338441896,0.0178501489995748,25.6716593722369,25.0153039610964,25.3434816666666,0.200139594098885,32.5458978854634,25.3234,25.221136175793,-0.261359510259962,-0.147320340356151
"7233481","2013-12-17",36.3486117009799,0,0.0124074074074091,0.0181545338441901,25.6690359145625,24.9935207521041,25.3312783333333,0.231644316208112,32.5458978854634,25.3142,25.2076513523539,-0.269263468102354,-0.171708965905391
"7233480","2013-12-18",34.5262482401802,0.0185185185185149,0.00617283950617367,0.012244926919258,25.656574739779,24.9738219268876,25.3151983333333,0.248276394099152,34.1505760717285,25.3046,25.1972978387068,-0.269241514174312,-0.191215475559176
"7233479","2013-12-19",32.834053598009,0.0185185185185149,0.0123456790123453,0.0103086419753099,25.6373166743346,24.958079992332,25.2976983333333,0.267830069382623,34.1505760717285,25.29376,25.1883247935459,-0.266169650813908,-0.206206310610122
"7233478","2013-12-22",32.0359163851651,0.0370370370370363,0.0246913580246907,0.0144032921810705,25.6180816311679,24.947948368832,25.283015,0.330857025454595,35.9185714869756,25.28296,25.1818814877397,-0.257571602583839,-0.216479369004865
"7233477","2013-12-23",31.3053714822726,0.248447204968942,0.101334253508166,0.0461237635150681,25.5881075374211,24.9455891292455,25.2668483333333,0.370019288261151,39.4217369475218,25.27536,25.1789639560411,-0.241567859685377,-0.221497067140968
"7233476","2013-12-25",30.8456041561322,0.372670807453413,0.219385016486466,0.115136876006442,25.561176363589,24.9455203030776,25.2533483333333,0.41876145918482,42.789846888421,25.267356,25.1791020952356,-0.21994006284155,-0.221185666281084
"7233475","2013-12-26",30.4186773532875,0.92307692307691,0.514731645166424,0.278483638387019,25.5368092200513,24.9489507799486,25.24288,0.500714457718693,51.5015529389137,25.26026,25.1872218158709,-0.181479512547533,-0.213244435534374
"7233474","2013-12-29",31.6397578918879,0.343749999999998,0.546499243510109,0.426871968387667,25.5101204428225,24.9583062238441,25.2342133333333,0.619218868242478,50.1313867255255,25.25266,25.1929255737548,-0.152446507444093,-0.201084849916318
"7233473","2013-12-30",32.7736183920169,0.531249999999994,0.59935897435897,0.553529954345168,25.4663030246403,24.9803836420263,25.2233433333333,0.692055177612649,57.446544470886,25.24706,25.2058688305875,-0.108970581029899,-0.182661996139034
"7233472","2014-01-01",33.8264888564224,0.563749999999996,0.479583333333331,0.541813850400804,25.4088662126241,25.0141104540425,25.2114883333333,0.750817535942888,58.5806830124231,25.242676,25.2184729865091,-0.0703862637504216,-0.160206849661312
"7233471","2014-01-02",35.3074255843198,0.5,0.531666666666665,0.536869658119656,25.3242887327637,25.0743212672362,25.199305,0.994844398006044,55.4583465167093,25.236676,25.2266765883079,-0.0458140915821748,-0.137328298045484
"7233470","2014-01-05",37.2346317845061,0.575000000000003,0.546250000000002,0.519166666666667,25.3641803758897,25.0560296241103,25.210105,1.13787501906664,62.7876813372043,25.233076,25.2431197098669,-0.00392205152355274,-0.110647048741098
"7233469","2014-01-06",39.0241803989648,0.599999999999998,0.558333333333336,0.545416666666668,25.3892435559673,25.047139777366,25.2181916666666,0.97395462081591,63.7064668085257,25.229076,25.2587037485513,0.0320814349022758,-0.0821013520124232
"7233468","2014-01-07",40.6859041123907,0.599999999999998,0.591666666666669,0.565416666666669,25.4106028405928,25.0457504927405,25.2281766666666,0.89794179989438,63.7064668085257,25.222316,25.2722099154111,0.0599044518746483,-0.0537001912350089
"7233467","2014-01-08",42.9188256886992,0.511111111111113,0.570370370370372,0.573456790123459,25.4419944864764,25.0413588468569,25.2416766666666,0.978381471126048,63.7064668085257,25.216716,25.283915260023,0.0810052664846017,-0.0267590996910868
"7233466","2014-01-09",44.9922528667,0.533333333333339,0.548148148148152,0.570061728395065,25.459272317546,25.0480843491206,25.2536783333333,0.831531263399426,64.7921932379993,25.210716,25.2953932253532,0.0997550480420939,-0.00145627014445064
"7233465","2014-01-12",47.1254425871996,0.590909090909089,0.545117845117849,0.554545454545458,25.4808993282681,25.0561273383985,25.2685133333333,0.888098408710928,67.8950980102637,25.220716,25.3093407953061,0.122750127686921,0.0233850094218238
"7233464","2014-01-13",49.1062616133779,0.57142857142857,0.565223665223668,0.552829886163224,25.4967261333046,25.065390533362,25.2810583333333,0.808750309545004,67.8950980102637,25.22922,25.3214286892653,0.139349227772634,0.0465778530919858
"7233463","2014-01-14",50.9455935662578,0.549999999999999,0.570779220779222,0.560373577040247,25.5091737244899,25.07823627551,25.293705,0.776826718778844,67.8950980102637,25.23882,25.3319048640299,0.15075187718645,0.0674126579108787
"7233462","2014-01-15",52.6568578888572,0.485714285714283,0.535714285714286,0.557239057239059,25.5174041895352,25.0966724771314,25.3070383333333,0.752643185351401,67.8950980102637,25.24962,25.3409842154926,0.157956287024485,0.0855213837336
"7233461","2014-01-16",54.2211175198986,0.482857142857147,0.506190476190479,0.53756132756133,25.5213044196572,25.1183055803427,25.319805,0.712229726216681,67.6278757088418,25.26078,25.3487196534269,0.16147712095631,0.100712531178142
"7233460","2014-01-20",55.6813728277209,0.399999999999995,0.456190476190477,0.499365079365082,25.520559277339,25.1453840559942,25.3329716666666,0.69642821755627,67.7645079736475,25.27158,25.35555703297,0.162703071999348,0.113110639342383
"7233459","2014-01-21",57.3175038711134,0.266666666666663,0.383174603174604,0.448518518518521,25.5139849879068,25.1786250120931,25.346305,0.67999066978772,57.3394137056863,25.28078,25.356149428574,0.149223451176206,0.120333201709148
"7233458","2014-01-22",55.798641530854,0,0.222222222222222,0.353862433862435,25.5017216393265,25.2034216940067,25.3525716666666,0.307000746832488,35.3665597621902,25.283576,25.3366628380975,0.0897589399045051,0.114218349348219
"7233457","2014-01-23",54.3882693577559,0,0.08888888888889,0.231428571428573,25.4929324847497,25.2182108485836,25.3555716666666,0.0914470556464122,35.3665597621902,25.287176,25.3197744596845,0.0421205985952078,0.099798799197617
"7233456","2014-01-26",53.6651240208302,0.108108108108107,0.0360360360360377,0.115715715715717,25.4820559880928,25.2384206785738,25.3602383333333,0.239070388474808,42.2149262279975,25.292376,25.3104711983932,0.01690541722843,0.0832201228037796
"7233455","2014-01-27",53.3103258936181,0.270270270270266,0.126126126126127,0.0836836836836853,25.475252961384,25.2562270386159,25.36574,0.443355259003928,50.660022567518,25.299576,25.3104083719408,0.0158658126956812,0.0697492607821599
"7233454","2014-01-28",52.9808704897784,0.405405405405404,0.261261261261261,0.141141141141142,25.4740944662919,25.2633888670413,25.3687416666666,0.458670612626016,56.3809748888698,25.308776,25.3170205890154,0.0306276593649679,0.0619249404987215
"7233453","2014-01-29",53.1442330676579,0.68907273354016,0.454916136405279,0.280767841264223,25.4786496507551,25.2691503492448,25.3739,0.719252918755433,61.2144012536092,25.319572,25.32940451048,0.057557065091407,0.0610513654172586
"7233452","2014-02-02",53.6861702058733,0.645161290322581,0.57987980975605,0.432019069140864,25.4857900219274,25.2756266447392,25.3807083333333,0.813843135830145,61.2236744603528,25.329572,25.3401505757493,0.0780169904713413,0.0644444904280752
"7233451","2014-02-03",54.1893975485018,0.645161290322581,0.659798438061776,0.564864794741036,25.4888696618966,25.2825803381033,25.385725,0.682308675222801,61.2236744603528,25.338772,25.3494638323161,0.0931465569294909,0.0701849037283583
"7233450","2014-02-04",54.4576691677721,0.612903225806447,0.634408602150538,0.624695616656122,25.4898666322934,25.2825833677065,25.386225,0.646860223990491,59.5718277824395,25.345172,25.3562019880073,0.100784247892105,0.0763047725611077
"7233449","2014-02-05",55.4932661270254,0.488372093023258,0.582145536384097,0.625450858865471,25.5054593061831,25.2782906938168,25.391875,0.946621266364738,61.7921578158721,25.352772,25.3647083896063,0.111904151787479,0.0834246484063818
"7233448","2014-02-06",56.4548918749034,0.558139534883718,0.553138284571143,0.589897474368593,25.5137326175847,25.2790140490819,25.3963733333333,0.785277813456163,64.9056420457822,25.359172,25.3760806043255,0.128763416516287,0.0924924020283628
"7233447","2014-02-09",57.429739595791,0.627906976744185,0.558139534883722,0.564474451946321,25.5228445014916,25.275702165175,25.3992733333333,0.872497894824979,67.7369329462388,25.366356,25.3899365237487,0.149916129324179,0.103977147487526
"7233446","2014-02-10",58.6013871980462,0.534883720930234,0.573643410852714,0.561640410102527,25.5344988851251,25.2743811148748,25.40444,0.841742639296926,60.704704638771,25.372756,25.3966116539156,0.152200166487204,0.113621751287462
"7233445","2014-02-11",59.6893456858546,0.627906976744185,0.596899224806204,0.576227390180881,25.5418757413162,25.2725342586837,25.407205,0.802447531923111,64.6562317658646,25.377956,25.4077301000602,0.164807372851938,0.123858875600357
"7233444","2014-02-12",60.8284235830036,0.604651162790693,0.589147286821706,0.586563307493542,25.5515374169281,25.2711159164051,25.4113266666666,0.804327592003056,62.9518854571196,25.382356,25.4160327533855,0.169655067956986,0.133018114071683
"7233443","2014-02-13",61.8861387732135,0.56410256410256,0.598886901212482,0.594977804280131,25.5576813181979,25.2714053484686,25.4145433333333,0.719333812961732,62.9518854571196,25.386756,25.4232283862674,0.171511392743429,0.140716769806032
"7233442","2014-02-17",63.175520679046,0.484848484848483,0.551200737247247,0.579744975093812,25.5696007840914,25.2698192159085,25.41971,0.82342437613624,62.9518854571197,25.391156,25.4294646014318,0.171004625375826,0.146774340919991
"7233441","2014-02-18",64.3728038773191,0.5,0.516317016317016,0.555468218258916,25.5819186839894,25.2692979826772,25.4256083333333,0.812492634866074,66.2821772187519,25.396356,25.4388693212409,0.178060161506544,0.153031505037301
"7233440","2014-02-19",65.8096451814309,0.294985250737465,0.426611245195318,0.498042999586528,25.6039895101656,25.264527156501,25.4342583333333,0.928348922240183,66.2821772187519,25.400356,25.4470200784087,0.181548242008023,0.158734852431446
"7233439","2014-02-20",67.1438549638205,0.324778761061953,0.373254670599808,0.438727644037381,25.6156543884198,25.2658689449135,25.4407616666666,0.774372957618466,67.4254861625522,25.40476,25.4554307346209,0.185368399226671,0.164061561790491
"7233438","2014-02-23",68.3827640474679,0.353982300884956,0.324582104228127,0.374816006674418,25.6185697778094,25.2868602221905,25.452715,0.745249692957806,68.5511465869608,25.40956,25.4640399700048,0.189340943440119,0.169117438120416
"7233437","2014-02-24",69.5991709636637,0.383480825958707,0.354080629301874,0.350639134709937,25.6089398402221,25.3274901597778,25.468215,0.802428246495027,69.6904981240718,25.41476,25.4728346406708,0.193417409551255,0.173977432406584
"7233436","2014-02-25",70.5077083358,0.313479623824446,0.350314250222705,0.342992327917569,25.6012290959482,25.3602009040517,25.480715,0.773626359422009,67.0735860209059,25.4196,25.479123355248,0.191267024534514,0.17743535083217
"7233435","2014-02-26",71.3513501813551,0.334448160535111,0.34380287010609,0.34939924987689,25.601087147647,25.3810095190196,25.4910483333333,0.813306114286929,69.5373438349799,25.4252,25.487240241215,0.193655953509198,0.180679471367576
"7233434","2014-02-27",72.1347318950848,0.334448160535111,0.327458648298224,0.340525256209007,25.5954663225165,25.4056270108167,25.5005466666666,0.760501014729595,69.5373438349799,25.4324,25.4942748757196,0.193312094635445,0.18320599602115
"7233433","2014-03-02",73.0426305179624,0.367892976588628,0.345596432552951,0.338952650319089,25.6025844205505,25.4148589127827,25.5087216666666,0.897450871508667,70.8041609226692,25.446,25.5017048922904,0.193960535733995,0.185356903963719
"7233432","2014-03-03",73.8856792392057,0.334572490706317,0.345637875943354,0.33956431893151,25.6102474196778,25.4208625803221,25.515555,0.857886795817281,72.0556438664404,25.46,25.5094775733183,0.195377414483167,0.187361006067608
"7233431","2014-03-04",69.5052705376247,0,0.234155155764983,0.308463154753764,25.637475677274,25.3813009893926,25.5093883333333,-0.317365427728233,29.6399001095695,25.46,25.4748805635425,0.0972649513862223,0.169341795131331
"7233430","2014-03-05",66.0500005115296,0,0.111524163568774,0.230439065092371,25.6562622031699,25.35084779683,25.503555,-0.166487879335215,27.3987410893198,25.456,25.4395631550702,0.00665839153357606,0.13680511441178
"7233429","2014-03-06",62.8415354872984,0.0567107750472544,0.0189035916824201,0.121527637005393,25.674723897758,25.3107194355753,25.4927216666666,-0.093550416125224,31.5774411157739,25.4512,25.4129547343942,-0.0550806393244674,0.0984279636645305
"7233428","2014-03-09",61.3390235955442,0.0378071833648385,0.0315059861373662,0.0539779137961876,25.6788382076773,25.295605125656,25.4872216666666,0.150634719145029,30.9382132459466,25.444004,25.3885607698083,-0.106023622982776,0.0575376463350692
"7233427","2014-03-10",59.9438339817724,0.272589792060488,0.122369250157529,0.0575929426591058,25.6787141799246,25.284872486742,25.4817933333333,0.248562256407091,45.6531773043724,25.441772,25.3839793338338,-0.105721090954802,0.0248858988770949
"7233426","2014-03-11",58.13162220797,0.227272727272724,0.179223234232685,0.111032823509194,25.6798569756349,25.269063024365,25.47446,0.188911355831272,42.2066066251187,25.437772,25.374115422656,-0.11817926779919,-0.00372713445816205
"7233425","2014-03-12",56.4488541322963,0.204545454545455,0.234802657959557,0.178798380783258,25.6802078269456,25.254178839721,25.4671933333333,0.209268609145882,41.4442763706603,25.433772,25.3642333663019,-0.129748203874791,-0.0289313483414878
"7233424","2014-03-13",54.8862837763136,0.318181818181821,0.250000000000002,0.221341964064082,25.6773059677573,25.2450140322426,25.46116,0.303003496008895,46.6344119877998,25.430972,25.3623355841283,-0.121610511302594,-0.0474671809337092
"7233423","2014-03-16",53.7606004958113,0.454545454545455,0.325757575757579,0.27018674457238,25.6752974435541,25.2426192231125,25.4589583333333,0.440698810060016,52.1189375123545,25.429372,25.3686908395779,-0.0949757385185324,-0.0569688924506738
"7233422","2014-03-17",52.5738437744145,0.431818181818179,0.401515151515154,0.325757575757579,25.6692999493496,25.2382400506503,25.45377,0.405187190635724,51.1749449339721,25.426172,25.3728653943008,-0.076172018980647,-0.0608095177566685
"7233421","2014-03-18",50.2840214446655,0.227272727272724,0.371212121212121,0.366161616161619,25.6637807306951,25.2240959359715,25.4439383333333,0.233282414870947,43.5327767867821,25.420972,25.3644833417274,-0.0888741750878164,-0.066422449222898
"7233420","2014-03-19",48.8771279029666,0.272954545454549,0.310681818181819,0.361136363636365,25.6462653430678,25.2209846569321,25.433625,0.358387643823639,45.4905798277901,25.414976,25.3598988961637,-0.0914963302349303,-0.0714372254253045
"7233419","2014-03-20",47.3217230976618,0.238095238095234,0.246107503607504,0.309333814333816,25.6345402113357,25.2133697886642,25.423955,0.308577092960998,43.8531669098615,25.408576,25.3532457100086,-0.0988352677831927,-0.0769168338968821
"7233418","2014-03-23",47.3280502530819,0.255319148936165,0.255456310828651,0.270748544205992,25.6243970889173,25.2147729110827,25.419585,0.566113447721417,45.9383521436857,25.402976,25.3501462820074,-0.0971688358744838,-0.0809672342924025
"7233417","2014-03-24",47.3339254688291,0.27659574468085,0.256670043904085,0.252744619446748,25.6094119781212,25.2180580218787,25.413735,0.55774397568466,46.9982506190207,25.397776,25.3487934444064,-0.0916097760756518,-0.0830957426490523
"7233416","2014-03-25",48.0382256528062,0.220338983050846,0.250751292222622,0.25429254898512,25.6037142794307,25.2204223872359,25.4120683333333,0.76419812696841,49.1456734900768,25.392176,25.3502876518189,-0.0799162664092412,-0.0824598474010901
"7233415","2014-03-26",48.7239583777411,0.450000000000001,0.315644909243901,0.274355415123537,25.6149724300701,25.2141642365965,25.4145683333333,0.987593990963607,61.0439699481319,25.392176,25.3702492982431,-0.025806387839189,-0.0711291554887099
"7233414","2014-03-27",49.360710193752,0.56603773584906,0.412125572966638,0.326173924811054,25.6315490746838,25.2052542586495,25.4184016666666,0.988546874525533,66.9857313379055,25.395772,25.400882725144,0.0482606657636664,-0.0472511912382346
"7233413","2014-03-30",48.7420472709149,0.377358490566038,0.464465408805035,0.397411963671859,25.6234300283348,25.2090399716652,25.416235,0.798667880679125,57.535151421855,25.394972,25.4140983617914,0.0742897280091803,-0.0229430073887517
"7233412","2014-03-31",48.4425793775953,0.377358490566038,0.440251572327048,0.438947518032908,25.6187191122826,25.211417554384,25.4150683333333,0.855833813684439,57.535151421855,25.393772,25.4255519135526,0.0938210153916152,0.000409797167321729
"7233411","2014-04-01",48.2982903968674,0.365384615384618,0.3733671988389,0.426028059990328,25.6356848700142,25.2214517966525,25.4285683333333,0.84143016519398,57.535151421855,25.392972,25.4354783250789,0.108042086608218,0.0219362550555009
"7233410","2014-04-02",48.1643077719058,0.480769230769231,0.407837445573298,0.407152072246416,25.6560211031222,25.2317822302111,25.4439016666666,0.883663568788824,61.5955021338814,25.393772,25.4520812150684,0.136747023585837,0.0448984087615681
"7233409","2014-04-03",47.2799886725026,0.365384615384618,0.403846153846158,0.395016932752786,25.6575923228534,25.2558810104799,25.4567366666666,0.690758879921117,55.8450338872582,25.392172,25.4584703863926,0.138859601444086,0.0636906472980717
"7233408","2014-04-06",46.6857032229591,0.365384615384618,0.403846153846158,0.405176584421872,25.6650191634062,25.2677875032604,25.4664033333333,0.702056737632371,55.8450338872582,25.390172,25.4640076682069,0.138927682883194,0.0787380544150962
"7233407","2014-04-07",46.3017559491045,0.442307692307694,0.391025641025645,0.399572649572654,25.6773831151699,25.2754802181634,25.4764316666666,0.765988793469581,58.8176794625604,25.389372,25.4741399791127,0.149918786382686,0.0929742008086141
"7233406","2014-04-08",46.05801008679,0.423076923076928,0.410256410256415,0.401709401709407,25.6850877013499,25.2914422986501,25.488265,0.741507541257553,57.7705632827931,25.400572,25.4815879818977,0.1536808201269,0.105115524672271
"7233405","2014-04-09",45.8316746432122,0.420000000000002,0.428461538461543,0.409914529914535,25.6884964159056,25.3113669174277,25.4999316666666,0.703471222245195,58.5649635697674,25.413772,25.489376250978,0.157999525125208,0.115692324762859
"7233404","2014-04-10",45.9706524354483,0.367346938775511,0.403474620617482,0.414064189778481,25.6931812181105,25.3274154485561,25.5102983333333,0.699676968375096,56.2844775104872,25.424972,25.4934594175142,0.153318746160869,0.123217609042461
"7233403","2014-04-13",46.0997032425247,0.489361702127662,0.425569546967727,0.419168568682251,25.7019139645462,25.3353527021205,25.5186333333333,0.721972900595805,61.8794890329567,25.439372,25.506331495179,0.169794535290113,0.132532994291991
"7233402","2014-04-14",45.4130992053542,0.121212121212119,0.325973587371766,0.385005918318993,25.7046912650635,25.3486187349364,25.526655,0.631092205615224,56.3333873721473,25.446804,25.5108206291551,0.165120600318769,0.139050515497347
"7233401","2014-04-15",43.5179659513996,0,0.203524607779929,0.318355914039808,25.6895650481361,25.3844116185306,25.5369883333333,0.488022418739618,47.9948000299023,25.452404,25.5027112119345,0.131432789957642,0.137526970389406
"7233400","2014-04-16",41.7581993584418,0.384615384615388,0.168609168609171,0.232702454586956,25.6828411094188,25.4134622239145,25.5481516666666,0.680099490385781,55.8199855577587,25.462404,25.5090163836765,0.134816293852369,0.136984835081998
"7233399","2014-04-20",40.1241303792666,0.384615384615388,0.25641025641026,0.209514677599788,25.6575587878206,25.4630778788461,25.5603183333333,0.635480307410576,55.8199855577587,25.470404,25.514480865853,0.135925798570646,0.136773027779728
"7233398","2014-04-21",38.4574461109391,0.346153846153844,0.371794871794875,0.26560476560477,25.6482374306916,25.4840659026417,25.5661516666666,0.482832995667432,54.8625853689857,25.475604,25.5178834170726,0.132116381930003,0.135841698609783
"7233397","2014-04-22",38.1554464141868,0.432999999999996,0.387923076923078,0.338709401709405,25.6390858938094,25.5132441061905,25.576165,0.980245879715674,57.9608286394047,25.4828,25.5261522947963,0.140093461299728,0.136692051147772
"7233396","2014-04-23",38.4702804211809,0.35897435897436,0.379376068376069,0.379698005698008,25.6534601095757,25.5148698904243,25.584165,1.14339557206356,58.733002102446,25.494,25.5346653221568,0.147893757740336,0.138932392466285
"7233395","2014-04-24",38.1803681999113,0.25641025641026,0.349461538461541,0.372253561253563,25.6512927693357,25.5147038973309,25.5829983333333,0.52685675106257,54.4661216245079,25.502796,25.5367099458692,0.139818781837442,0.139109670340516
"7233394","2014-04-27",39.0140242876983,0.243902439024394,0.28642901813634,0.33842220832465,25.6568922389877,25.5117710943456,25.5843316666666,0.975476312131342,54.4661216245079,25.512396,25.5384819530866,0.131898003599118,0.137667336992237
"7233393","2014-04-28",38.9157922916,0.0731707317073198,0.19116114238066,0.275683899659514,25.659633957411,25.5063627092556,25.5829983333333,0.0454790064125366,47.4672256018046,25.518396,25.5306843593417,0.102321946112882,0.130598258816366
"7233392","2014-04-29",38.8245768666516,0.268292682926828,0.195121951219516,0.224237370578839,25.6596136130852,25.5067497202481,25.5831816666666,0.372337413121089,54.6409354907063,25.527196,25.5345931114295,0.102978306617785,0.12507426837665
"7233391","2014-04-30",39.645523566367,0.292682926829271,0.211382113821141,0.199221735807106,25.6655317785027,25.507164888164,25.5863483333333,0.796684489412705,55.459704252045,25.535596,25.5393140299056,0.105440202984974,0.121147455298314
"7233390","2014-05-01",40.8409605897578,0.349767441860468,0.303581017205524,0.236695027415394,25.6824144690952,25.4989755309047,25.590695,1.06097686246515,57.9449730000795,25.539612,25.5474588259182,0.115656957130872,0.120049355664826
"7233389","2014-05-04",41.951009254335,0.513953488372094,0.385467952353946,0.300143694460205,25.6916803473126,25.5034729860207,25.5975766666666,0.89011934936749,63.0951224489397,25.542452,25.5639309824624,0.144368246038762,0.124913133739613
"7233388","2014-05-05",43.6213909877777,0.388636363636361,0.417452431289643,0.368833800283038,25.7088593844767,25.5026939488566,25.6057766666666,1.00876617452635,57.7053777890826,25.547292,25.5715401848008,0.149597281856728,0.129849963363036
"7233387","2014-05-06",45.3301991726154,0.481776288227903,0.461455380078788,0.42145858790746,25.746841793158,25.4856248735086,25.6162333333333,1.17466278053469,63.6565585108244,25.555692,25.590001493494,0.179728188800898,0.139825608450609
"7233386","2014-05-07",45.3316902911742,0.167574361122745,0.345995670995671,0.408301160788035,25.7478711472467,25.4883888527533,25.61813,0.512088172230859,50.7065990835956,25.558092,25.5860012943615,0.154512341794399,0.142762955119367
"7233385","2014-05-08",45.5311218154009,0.502723083368242,0.384024577572965,0.397158542882476,25.7662876479188,25.4869723520811,25.62663,0.929753287612487,60.0439068914147,25.564492,25.6038677884466,0.182859758426779,0.150782315780849
"7233384","2014-05-11",45.4164644213667,0.439882697947216,0.370060047479403,0.366693432016014,25.7756904923614,25.4902628409718,25.6329766666666,0.770786658628719,57.8319008160149,25.572092,25.6153520833204,0.193612991171022,0.159348450858884
"7233383","2014-05-12",45.3957278131473,0.502723083368242,0.481776288227902,0.411953637760091,25.7886539238421,25.4910427428245,25.6398483333333,0.827894266829545,59.4410230934109,25.580892,25.6293051388777,0.209152723443684,0.169309305375844
"7233382","2014-05-13",45.1588600808834,0.460829493087556,0.46781175813434,0.439882697947216,25.7966072385894,25.4977560947439,25.6471816666666,0.743660882124654,57.8559600097332,25.587292,25.6387311203606,0.212701659030201,0.177987776106715
"7233381","2014-05-14",45.2016818987029,0.544616673648928,0.502723083368244,0.484103709910163,25.8073293137464,25.5103673529202,25.6588483333333,0.863071192799818,60.1450218715803,25.595692,25.6522336376459,0.225484643119378,0.187487149509248
"7233380","2014-05-15",45.3695681794732,0.50041893590281,0.5019550342131,0.490829958571895,25.8192989765062,25.5149910234937,25.667145,0.813678952702582,58.3447813691774,25.602848,25.6611224859598,0.226352017756537,0.195260123158706
"7233379","2014-05-18",45.5254625830456,0.402617010568696,0.48255087337348,0.495742996984942,25.8289286786164,25.5230279880502,25.6759783333333,0.785566534153086,58.4146634735965,25.610848,25.6689728211651,0.224783546722307,0.201164807871426
"7233378","2014-05-19",45.1574910709046,0.301962757926524,0.401666234799345,0.462057380795309,25.8290559677402,25.5388973655931,25.6839766666666,0.635523582766004,54.8135525703829,25.614448,25.6704431116764,0.208558087019584,0.202643463701057
"7233377","2014-05-20",44.8158032382023,0.327126321087071,0.343902029860766,0.409373046011198,25.8323276962572,25.5439623037428,25.688145,0.610351892053432,55.5512844065319,25.620448,25.6730506967863,0.196575431659207,0.201429857292687
"7233376","2014-05-21",44.4985216792644,0.35228988424761,0.32712632108707,0.357564861915728,25.8345571632343,25.5457295034323,25.6901433333333,0.580174685078902,56.3192905497639,25.630448,25.6766439372148,0.18805213351607,0.198754312537364
"7233375","2014-05-22",44.330088454879,0.35228988424761,0.343902029860766,0.338310126936201,25.833610498862,25.560009501138,25.69681,0.584758462845313,56.3192905497639,25.636448,25.6797580789195,0.179228879702653,0.194849225970422
"7233374","2014-05-26",44.2382658790006,0.402617010568696,0.369065593021307,0.346697981323048,25.8373020080787,25.5646513252546,25.7009766666666,0.630900093960337,58.0024631776356,25.643248,25.6851236683969,0.176482830850722,0.191175946946482
"7233373","2014-05-27",44.1530020585421,0.55172413793103,0.435543677582447,0.382837100154841,25.8173140830708,25.6056392502625,25.7114766666666,0.556013587016394,58.0024631776356,25.650448,25.6897738459439,0.172315751200025,0.18740390779719
"7233372","2014-05-28",44.2836040071142,0.235294117647051,0.396545088715594,0.400384786439784,25.8014441977863,25.6384758022136,25.71996,0.582060900743108,58.0024631776356,25.656052,25.6938039998181,0.167083719993233,0.183339870236399
"7233371","2014-05-29",44.7317317261126,0.353529411764714,0.380182555780934,0.404090440692992,25.7995870090858,25.6533396575808,25.7264633333333,0.752562978314395,59.9400854033497,25.662056,25.6999767998423,0.16731636199534,0.180135168588187
"7233370","2014-06-01",45.1484945630469,0.41176470588235,0.333529411764707,0.370085685420413,25.804124831091,25.6564451689089,25.730285,0.769152385277919,60.8970129198163,25.670056,25.7066465598634,0.168658375186537,0.177839809907857
"7233369","2014-06-02",45.5354886259144,0.529999999999992,0.431764705882354,0.381825557809333,25.8073348828312,25.6641417838355,25.7357383333333,0.809570318990566,62.8379617920843,25.67886,25.7151070185483,0.174016589151482,0.177075165756582
"7233368","2014-06-03",45.0537862257554,0.294117647058825,0.411960784313725,0.392418300653596,25.8103735654041,25.6667031012625,25.7385383333333,0.695783688048946,56.7824445492121,25.68886,25.7170927494085,0.163786557598256,0.174417444124917
"7233367","2014-06-04",42.2938521188096,0,0.274705882352941,0.372810457516341,25.8386064903696,25.611890176297,25.7252483333333,-0.37590373669825,35.5947638934828,25.68646,25.6881470494874,0.0825238103644432,0.156038717372822
"7233366","2014-06-05",39.9066277832144,0,0.0980392156862769,0.261568627450981,25.8484364203048,25.5962669130285,25.7223516666667,-0.130600959849786,35.5947638934828,25.68366,25.6630607762224,0.0178577015503389,0.128402514208325
"7233365","2014-06-08",37.6899194715904,0.0882352941176504,0.0294117647058855,0.134052287581702,25.8538544619903,25.5741822046763,25.7140183333333,0.0208021896042084,39.0359332618825,25.680844,25.6453193393927,-0.0237216071636737,0.0979776899339256
"7233364","2014-06-09",35.2924652359037,0,0.0294117647058855,0.0522875816993499,25.8685636813156,25.5401063186844,25.704335,-0.0715658144973903,36.9053239638347,25.674,25.6259300941404,-0.0654230076045814,0.0652975504262242
"7233363","2014-06-10",33.7577845102331,0.0296971478976811,0.0393108140051125,0.0327114478056285,25.8718059429979,25.5178540570021,25.69483,0.0832861117502472,38.1256874350826,25.66956,25.610472748255,-0.0942326613856959,0.0333915080638402
"7233362","2014-06-11",32.4062267427695,0.0591002646280487,0.0295991375085786,0.0327739054065262,25.8730629636381,25.5002637030285,25.6866633333333,0.151295803392802,39.3759599080969,25.66196,25.5984097151543,-0.11263334148548,0.00418653815397623
"7233361","2014-06-12",31.151208815839,0.000294031167303049,0.0296971478976796,0.0328690331371242,25.8674824051506,25.4841775948494,25.67583,0.171723399711265,37.7337128162747,25.65956,25.5852884198004,-0.132016545124203,-0.0230540785016596
"7233360","2014-06-15",29.9858350265463,0.000294031167303049,0.0198961089875536,0.0263974647979379,25.8634200376457,25.4629766290209,25.6631983333333,0.117345014635549,37.7337128162747,25.65076,25.5739166304937,-0.145714250815054,-0.0475861129643385
"7233359","2014-06-16",29.1233744850663,0.000294031167303049,0.000294031167305059,0.0166290960175134,25.8552401175059,25.4464898824941,25.650865,0.171686223423389,37.7337128162747,25.64316,25.5640610797612,-0.154798097075703,-0.0690285097866115
"7233358","2014-06-17",27.1948476474001,0,0.000196020778204042,0.00679538697768819,25.853766308641,25.4229703580256,25.6383683333333,0.116984174454477,31.2338560621273,25.631164,25.5448662691264,-0.185114484781901,-0.0922457047856694
"7233357","2014-06-18",25.4040727267101,0.095022624434388,0.031772218533899,0.0107540901598033,25.8487588871785,25.4041144461548,25.6264366666666,0.173664348531567,37.0640602734813,25.621564,25.5335507665762,-0.194321424185206,-0.112660848665577
"7233356","2014-06-19",24.8404746889308,0.118837818528215,0.0712868143208698,0.0344183512109916,25.8399537132116,25.3935896201217,25.6167716666666,0.283200153944402,38.472030482455,25.610764,25.5250773310327,-0.196207923194336,-0.129370263571329
"7233355","2014-06-22",24.3171336538499,0.190283400809714,0.134714614590774,0.0792578824818483,25.8280833872576,25.387393279409,25.6077383333333,0.344777545985934,42.6193379825061,25.602008,25.521733686895,-0.186078298471049,-0.140711870551273
"7233354","2014-06-23",24.4519633542672,0.33308632826973,0.214069182535888,0.140023537149178,25.8120194794018,25.3864571872648,25.5992383333333,0.423462047111646,43.9749619626612,25.593608,25.520169195309,-0.172896559782243,-0.147148808397467
"7233353","2014-06-24",24.5771623617976,0.370137087810293,0.297835605629914,0.21553980091886,25.7965274547563,25.3852825452437,25.590905,0.416744663480729,45.3650082225122,25.587208,25.5201466359345,-0.157472601593789,-0.149213567036731
"7233352","2014-06-25",24.6934185830758,0.461331281262018,0.388184899114016,0.30002989575994,25.7773802874914,25.3867597125085,25.58207,0.434881395667019,48.1365605779496,25.581208,25.5227937511432,-0.137341290458626,-0.14683911172111
"7233351","2014-06-26",24.4342787467676,0.384378607156594,0.405282325409637,0.36376761005119,25.7482953011424,25.3941713655242,25.5712333333333,0.430626924091576,45.6430481986512,25.574008,25.5224212509908,-0.126254696058692,-0.142722228588626
"7233350","2014-06-29",24.1936488987671,0.384378607156594,0.410029498525071,0.401165574349575,25.7115603061751,25.4066963604915,25.5591283333333,0.397675666664949,45.6430481986512,25.566808,25.5220984175253,-0.116129810792853,-0.137403745029472
"7233349","2014-06-30",23.5802220063978,0.30742593305117,0.358727715788121,0.391346513240944,25.6605956650334,25.4317343349665,25.546165,0.389168694455494,43.0563652295932,25.558008,25.5191519618553,-0.1131258439386,-0.132548164811297
"7233348","2014-07-01",23.6352057757333,0.345902270103889,0.345902270103886,0.37155316147236,25.5885987623324,25.4813979043342,25.5349983333333,0.577751243373122,44.7425836373059,25.549608,25.5179317002746,-0.106358149201524,-0.127310161689343
"7233347","2014-07-02",24.2531630671875,0.461331281262018,0.371553161472361,0.358727715788123,25.5945482858677,25.4807817141322,25.537665,0.872121611420756,49.5674522081168,25.542408,25.520874140238,-0.0904657143319443,-0.119941272217863
"7233346","2014-07-06",24.0437159229689,0.30742593305117,0.371553161472361,0.363002864349537,25.5916025980694,25.4797274019305,25.535665,0.389773005167895,44.0451922999609,25.532804,25.5180909215396,-0.0894867951176215,-0.113850376797815
"7233345","2014-07-07",23.8492292890517,0.384378607156594,0.384378607156596,0.375828310033773,25.5852244370922,25.4809055629077,25.533065,0.451446945343583,47.2119205470107,25.523604,25.5183454653343,-0.0814486190869768,-0.107370025255647
"7233344","2014-07-08",23.4652475650092,0.227272727272732,0.306359089160167,0.354096952596375,25.5852174492258,25.4815858841074,25.5334016666666,0.402844916779892,45.815736259464,25.5132,25.5172327366231,-0.0773488252845955,-0.101365785261437
"7233343","2014-07-09",24.4639007271801,0.333333333333333,0.314994889254222,0.335244195190329,25.5911635404936,25.4792397928397,25.5352016666666,0.930039805453397,50.5411618287615,25.5056,25.52026837174,-0.0638772465846205,-0.0938680775260736
"7233342","2014-07-10",25.4817343015151,0.815555555555551,0.458720538720541,0.360024839044977,25.6173634387473,25.4631565612526,25.54026,1.26243897317354,62.9341577088024,25.511472,25.537139255508,-0.0192251336109561,-0.0789394887430501
"7233341","2014-07-13",25.5185565905879,0.534391534391529,0.561093474426807,0.444936300800524,25.6307872057805,25.4577661275527,25.5442766666666,0.997376779454531,56.4067278891423,25.515512,25.5456540214403,0.00165811857193443,-0.0628199672800532
"7233340","2014-07-14",25.56411835196,0.807368421052633,0.71910517033324,0.579639727826863,25.6518094789686,25.452307187698,25.5520583333333,1.06912462480286,61.3463808941769,25.520448,25.5600201519149,0.0343494031073366,-0.0433860932025752
"7233339","2014-07-15",25.7246711463551,0.849924962481235,0.730561639308468,0.670253428022839,25.6729232571746,25.4475167428253,25.56022,1.03095182428734,62.7766880973078,25.527248,25.5746707983262,0.06470024047458,-0.0217688264671442
"7233338","2014-07-16",24.7101495312676,0.550275137568783,0.735856173700885,0.728507661114198,25.6752383570177,25.4595549763156,25.5673966666666,0.729518533937115,54.8427956363084,25.531248,25.5793813585494,0.0690501832123047,-0.0036050245312544
"7233337","2014-07-17",24.6341686482588,0.749999999999996,0.71673336668334,0.727717059897565,25.6851800271847,25.4681466394819,25.5766633333333,0.914698099154136,58.6050894655389,25.536448,25.5887971774095,0.0841382113172529,0.013943622638447
"7233336","2014-07-20",24.6773374524324,0.667142857142856,0.655805998237213,0.702798512873813,25.6953355326141,25.4723311340526,25.5838333333333,0.856794158231578,57.3319319838602,25.542052,25.5956375537549,0.0919075902829247,0.0295364161673426
"7233335","2014-07-21",24.5190322157172,0.619047619047612,0.678730158730156,0.68375650788357,25.7015439749954,25.4765893583379,25.5890666666666,0.744197403678878,55.9954281001753,25.547252,25.6002192132542,0.0937961503742146,0.042388363008717
"7233334","2014-07-22",24.3720344959102,0.76190476190476,0.682698412698411,0.672411523221927,25.7101083311833,25.4775483354833,25.5938283333333,0.792705830432207,59.0490953585656,25.553652,25.6081899848203,0.103549071508535,0.0546205047086806
"7233333","2014-07-23",23.6146996899868,0.619047619047612,0.666666666666663,0.676031746031744,25.7144602827435,25.4813963839231,25.5979283333333,0.674794695959173,54.9430709602846,25.562048,25.6110979868443,0.100661883453346,0.0638287804576137
"7233332","2014-07-24",23.5323458866921,0.599999999999989,0.660317460317455,0.669894179894177,25.7200624114769,25.4854642551897,25.6027633333333,0.715560091350957,54.9430709602846,25.568848,25.613618255265,0.0972516163578518,0.0705133476376613
"7233331","2014-07-27",23.4558744979185,0.599999999999989,0.606349206349199,0.64444444444444,25.7239868364591,25.4918731635409,25.60793,0.681247401202679,54.9430709602846,25.575248,25.6158024878964,0.0934706121791917,0.0751048005459674
"7233330","2014-07-28",23.1584642970172,0.470588235294124,0.556862745098036,0.607843137254897,25.7236865160199,25.50271348398,25.6132,0.59111217394946,53.3972473299364,25.580048,25.6163621561769,0.0863287127061518,0.0773495829780043
"7233329","2014-07-29",24.1389009244754,0.371069182389938,0.480552472561352,0.54792147466953,25.7290008750068,25.5146524583265,25.6218266666666,0.833600162642464,58.4348202897269,25.586048,25.6221805353533,0.0922030442144894,0.0803202752253013
"7233328","2014-07-30",25.0493063642579,0.371069182389938,0.404242200024669,0.480552472561353,25.7335669483514,25.5245563849819,25.6290616666667,0.782146824141382,58.4348202897269,25.591648,25.6272231306395,0.0957509519751598,0.083406410575273
"7233327","2014-07-31",25.894682844056,0.333333333333333,0.358490566037738,0.414428412874587,25.7390047572476,25.5296352427523,25.63432,0.742856113934514,58.4348202897269,25.596448,25.6315933798876,0.0974365100289587,0.0862124304660102
"7233326","2014-08-03",26.6796752895828,0.732666666666654,0.479023060796644,0.413918608953017,25.7420004130463,25.5462995869537,25.64415,0.887240743161142,65.425060358346,25.604444,25.6433675959026,0.116278876710774,0.0922257197149629
"7233325","2014-08-04",28.3572597246087,0.547536087605769,0.537845362535254,0.458452996456546,25.7481947069474,25.5623352930526,25.655265,1.01132734150228,65.4355111797965,25.612444,25.6535852497822,0.129733633491869,0.099727302470344
"7233324","2014-08-05",28.7261841205668,0.216450216450221,0.498884323574217,0.505250915635372,25.7421218521985,25.5891081478014,25.665615,0.922957757857968,56.276097783869,25.619244,25.6557738831446,0.123243509105397,0.104430543797355
"7233323","2014-08-06",28.8463889660157,0.173160173160171,0.312382159072056,0.449703948393843,25.7374134413491,25.6038165586509,25.670615,0.595199327083788,54.6291004743992,25.625244,25.656337365392,0.113644542503799,0.106273343538644
"7233322","2014-08-07",28.9580077510753,0.303030303030307,0.230880230880235,0.34738223784217,25.7399902572383,25.6051064094284,25.6725483333333,0.677572534114305,58.5484634529244,25.631244,25.6608257166731,0.11415477372565,0.107849629576045
"7233321","2014-08-10",29.6578428447469,0.259740259740256,0.245310245310247,0.262857545087513,25.7424400493534,25.6102866173132,25.6763633333333,0.729051940102586,56.7874845356035,25.638444,25.6633822877833,0.110142964324567,0.108308296525749
"7233320","2014-08-11",30.4170000599538,0.303463203463206,0.288744588744592,0.254978354978358,25.7470524640364,25.6107842026302,25.6789183333333,0.777259475367278,58.1563912218406,25.645248,25.6669446494122,0.108882400469512,0.108423117314502
"7233319","2014-08-12",30.6077534680733,0.216450216450221,0.259884559884563,0.264646464646468,25.7468960568084,25.6106172765249,25.6787566666666,0.484663789948641,54.4590165795215,25.651648,25.6673520294906,0.100406050587365,0.106819703969074
"7233318","2014-08-13",31.583767291945,0.303030303030307,0.27431457431458,0.274314574314579,25.7471573372956,25.620099329371,25.6836283333333,0.74166127347312,57.3636707836816,25.657648,25.6703717588918,0.0988357939180062,0.105222921958861
"7233317","2014-08-14",32.490065842683,0.338095238095237,0.285858585858591,0.273352573352579,25.7492689488572,25.6218610511428,25.685565,0.655681086932975,58.5176425129846,25.6597,25.6740688577063,0.0989944607211246,0.103977229711314
"7233316","2014-08-17",33.6071203262741,0.104712041884815,0.248612527670122,0.269595229281098,25.7507976809232,25.6242589857435,25.6875283333333,0.619634024294759,54.9393401072204,25.66286,25.6748596766788,0.092365670715866,0.101654917912224
"7233315","2014-08-18",34.6640057529102,0.157068062827232,0.19995844760243,0.244809853710381,25.7515037183296,25.6301529483371,25.6908283333333,0.657985537857464,56.5212206012982,25.664324,25.6768783864549,0.089226086593297,0.0991691516484386
"7233314","2014-08-19",35.3515170140418,0.104712041884815,0.122164048865623,0.190245008046059,25.7516073231206,25.6331926768794,25.6924,0.507881907880254,54.4622214916617,25.664728,25.6772946015943,0.0826422623709355,0.095863773792938
"7233313","2014-08-20",36.5068083620826,0.20942408376963,0.157068062827228,0.159730186431761,25.7518396977007,25.6414269689659,25.6966333333333,0.741819945091156,57.775258627931,25.668328,25.6803219880484,0.0827549129257088,0.0932420016194922
"7233312","2014-08-21",38.0772517089425,0.314136125654445,0.209424083769632,0.162885398487495,25.7591305076823,25.6444694923177,25.7018,0.978511955368693,60.84319530794,25.671128,25.6856123896419,0.0881101953159158,0.0922156403587769
"7233311","2014-08-24",39.7285865347288,0.355329949238582,0.292963386220888,0.21981851093925,25.76787894555,25.6479543877833,25.7079166666667,1.03714324960825,62.3174560330499,25.674724,25.6915307376897,0.0944033801294264,0.0926531883129068
"7233310","2014-08-25",40.4296419613412,0.203045685279184,0.290837253390739,0.264408241127087,25.76309968545,25.66278031455,25.71294,0.707935913202663,55.5592786363173,25.677524,25.6926599726644,0.0889408567297689,0.0919107219962792
"7233309","2014-08-26",41.3296200836821,0.427807486631012,0.328727707049595,0.304176115553741,25.7735148481063,25.660698485227,25.7171066666666,1.02793760124758,62.8002010940507,25.681124,25.7003053096425,0.0991679154322078,0.093362160683465
"7233308","2014-08-27",42.3312440477384,0.374331550802126,0.335061574237443,0.318208844892593,25.7819018258874,25.6611748407792,25.7215383333333,0.956636379049089,60.6710381353836,25.685524,25.7055979350235,0.102941175385762,0.0952779636239244
"7233307","2014-08-28",43.2613234429335,0.427807486631012,0.409982174688052,0.357923818658364,25.787898118627,25.6639952147063,25.7259466666666,0.882450008572733,62.0564241772136,25.690324,25.7115182103537,0.107823288361408,0.0977870285714212
"7233306","2014-09-01",44.5242224493205,0.500250125062522,0.434129720831889,0.393057823252462,25.8005277686495,25.6597022313505,25.730115,1.01968557268577,64.7322094368177,25.695924,25.7193157823065,0.116618364973786,0.101553295851894
"7233305","2014-09-02",45.6969143838226,0.63085834649816,0.519638652730567,0.454583516083503,25.8112793610706,25.654907305596,25.7330933333333,0.990965812915651,68.3173445420522,25.703116,25.7300470113323,0.131411957259431,0.107525028133402
"7233304","2014-09-03",44.2616618125702,0,0.377036157186896,0.443601510249784,25.8652068507872,25.5729464825461,25.7190766666667,-0.420674494068408,27.6732046517215,25.692716,25.6860407431547,0.0174609192291841,0.0895122063525581
"7233303","2014-09-04",42.9289272821215,0.0212811236433316,0.217379823380499,0.371351544432654,25.8946601537913,25.5201265128753,25.7073933333333,-0.188126882371226,28.8139888894351,25.682716,25.649235310734,-0.0690529382947558,0.0577991774230953
"7233302","2014-09-07",41.773009412476,0,0.00709370788111263,0.200503229482836,25.9158866182283,25.4728833817716,25.694385,-0.0825051499186423,28.332731491853,25.672316,25.6160039359695,-0.139271431928212,0.0183850555528339
"7233301","2014-09-08",40.6847067354816,0.0425622472866631,0.0212811236433337,0.081918218301649,25.9271529292432,25.4359537374234,25.6815533333333,0.0285958584837024,30.8213636560159,25.66032,25.5898700778402,-0.186554653083548,-0.0226028861744425
"7233300","2014-09-09",38.2065759305212,0.23430517131305,0.0922891395332398,0.0402213236858959,25.9249021212779,25.4211745453888,25.6730383333333,0.248597576557528,40.7954754965717,25.651924,25.5792340674615,-0.193418563140813,-0.0567660215677165
"7233299","2014-09-10",36.7532353324015,0.425622472866571,0.23416329715543,0.115911186777335,25.9244110280512,25.4206656386154,25.6725383333333,0.488343979339972,48.7373476864658,25.649124,25.5820028584667,-0.168554964302892,-0.0791238101147516
"7233298","2014-09-11",35.4037047770045,0.446903596509895,0.368943746896507,0.231798727861726,25.9206964799681,25.4181635200319,25.66943,0.465647361049683,49.5480675123625,25.647124,25.5857358106711,-0.144034762888601,-0.0921060006695214
"7233297","2014-09-14",34.5707466099904,0.659714832943181,0.510746967439884,0.371284670497274,25.9235214577076,25.418465208959,25.6709933333333,0.630031721211389,56.8903183880737,25.647924,25.6023043692483,-0.0920114295501206,-0.0920870864456412
"7233296","2014-09-15",34.0949516564802,0.659714832943181,0.588777754132087,0.489489489489494,25.927913904724,25.4188094286093,25.6733616666667,0.650601046079606,56.8903183880737,25.649124,25.6166637866819,-0.0502222219206927,-0.0837141135406515
"7233295","2014-09-16",32.4838690542925,0.446903596509895,0.588777754132087,0.562767491901354,25.9243200243541,25.4157366423125,25.6700283333333,0.44751106516139,48.6749621048311,25.64592,25.6157752817909,-0.0480571169412802,-0.0765827142207773
"7233294","2014-09-17",31.6153596833692,0.489465843796551,0.532028091083211,0.569861199782462,25.9236740476828,25.4153826189838,25.6695283333333,0.527159615961569,50.2231723335986,25.64432,25.6176719108855,-0.0395849822251604,-0.0691831678216539
"7233293","2014-09-18",30.8088866960832,0.574590338369869,0.503653259558774,0.541486368258024,25.9220666561464,25.4151066771869,25.6685866666666,0.570840568928256,53.2598942474248,25.64352,25.6246489894341,-0.020042676679255,-0.0593550695931741
"7233292","2014-09-21",31.3149954102635,0.578947368421056,0.547667850195827,0.527783066945938,25.9294617559518,25.4130449107149,25.6712533333333,0.768671845131303,57.4528846779036,25.644796,25.6386957908429,0.0141633883366632,-0.0446513780072067
"7233291","2014-09-22",31.7849535020023,0.631578947368426,0.595038884719786,0.548786664824796,25.9295904052342,25.4130162614325,25.6713033333333,0.697512789256433,59.413405592933,25.647996,25.6548696853972,0.0501139697028696,-0.0256983084651914
"7233290","2014-09-23",32.5917515909218,0.56140350877193,0.590643274853806,0.577783336589807,25.9336246514069,25.4126020152597,25.6731133333333,0.685954812603027,55.7263046771438,25.649196,25.6635537273442,0.0652575561591373,-0.00750713554032566
"7233289","2014-09-24",33.3409212449184,0.56140350877193,0.584795321637431,0.590159160403675,25.9315255445747,25.4130011220919,25.6722633333333,0.66856165214909,55.7263046771438,25.650796,25.6710798970316,0.0763718365870192,0.00926865888514331
"7233288","2014-09-25",34.0365787807725,0.545454545454543,0.556087187666136,0.577175261385792,25.9262146264085,25.4136453735915,25.66993,0.6171939199823,55.7263046771438,25.651596,25.6776025774274,0.0842039971774566,0.024255726543606
"7233287","2014-09-28",35.1632390661097,0.456403565992604,0.521087206739694,0.553989905347754,25.9245359387313,25.4139907279353,25.6692633333333,0.677725037367847,55.7263046771438,25.651596,25.6832555671038,0.0893765454741402,0.0372798903297128
"7233286","2014-09-29",36.2094236167801,0.32432432432432,0.442060811923824,0.506411735443219,25.9149730171325,25.4160903162008,25.6655316666666,0.626552794639128,55.7263046771438,25.651196,25.6881548248233,0.0924072759729722,0.0483053674583647
"7233285","2014-09-30",37.4061087578598,0.277777777777782,0.352835222698237,0.438661080453919,25.9047974251243,25.418945908209,25.6618716666666,0.653946210716604,54.5014844931486,25.651596,25.6910675148468,0.0906215517690434,0.0567686043205004
"7233284","2014-10-01",38.5173163888624,0.277777777777782,0.293293293293297,0.362729775971787,25.8986426664506,25.4517673335494,25.675205,0.592781282863646,54.5014844931486,25.649996,25.6935918462006,0.0881886865251147,0.0630526207614233
"7233283","2014-10-02",39.6568579553754,0.277777777777782,0.277777777777784,0.307968764589773,25.8875468737432,25.4902297929235,25.6888883333333,0.586693982370338,54.5014844931486,25.648796,25.6957796000405,0.085276744949403,0.0674974455990192
"7233282","2014-10-05",41.2730463868678,0.333333333333337,0.296296296296302,0.289122455789128,25.870498892522,25.5413111074779,25.705905,0.714958360794627,56.8694797698578,25.647996,25.7003423200351,0.0882303661413619,0.0716440297074878
"7233281","2014-10-06",42.7737927875393,0.294117647058828,0.301742919389984,0.291938997821357,25.8393370099342,25.6044696567324,25.7219033333333,0.704640332843843,56.8694797698578,25.646396,25.7042966773638,0.0895365792166425,0.0752225396093187
"7233280","2014-10-07",43.9782404326441,0.166666666666659,0.264705882352943,0.28758169934641,25.8173885795185,25.6461080871481,25.7317483333333,0.567442979097152,55.2034260235164,25.643204,25.7063904537153,0.0864348789841873,0.0774650074842924
"7233279","2014-10-08",45.4906666563714,0.154230769230766,0.205005027652086,0.257151276465005,25.8222675357317,25.6539024642683,25.738085,0.828542015984786,59.0885575269599,25.657208,25.7122183932199,0.0923574829957419,0.0804435025865823
"7233278","2014-10-09",46.8950624355467,0.294117647058831,0.205005027652087,0.224905312552373,25.8211138682544,25.6681727984123,25.7446433333333,0.752973253292723,60.3078800613513,25.671208,25.7185892741239,0.0990118883318791,0.0841571797356417
"7233277","2014-10-12",47.7982252049224,0.176470588235282,0.208273001508295,0.206094352270823,25.8238471781322,25.6691061552011,25.7464766666666,0.673558802688272,56.635544386819,25.684808,25.7214440375741,0.0968908408749414,0.0867039119635016
"7233276","2014-10-13",48.6368763479141,0.352941176470585,0.274509803921568,0.229262611027317,25.8281402297639,25.6688097702361,25.748475,0.760621855501426,60.5191143864464,25.698808,25.7279181658975,0.103425329088491,0.0900481953884995
"7233275","2014-10-14",47.2345966807614,0,0.176470588235291,0.219751131221718,25.818613417734,25.6843332489326,25.7514733333333,0.141247596251114,43.6613260530665,25.7044,25.7175157437778,0.0701227280166972,0.0860631019141391
"7233274","2014-10-15",46.1799949932124,0.34810951760105,0.233683564690547,0.228221318949136,25.8152713847269,25.6960086152731,25.75564,0.592456906016791,53.0538481176251,25.7096,25.7191803112741,0.0680742541290247,0.0824653323571162
"7233273","2014-10-16",45.7292626309798,0.673202614379083,0.340437377326713,0.250197176750851,25.8317848397294,25.6943784936039,25.7630816666666,1.15682313234841,61.2954776391453,25.7182,25.7332896031042,0.0951480549394423,0.0850018768735814
"7233272","2014-10-19",45.3107254374781,0.884659746251438,0.635323959410526,0.403148300475929,25.8533226815932,25.6808406517401,25.7670816666666,1.21264428786056,65.1139421049635,25.725,25.752850989357,0.132293621321522,0.0944602257631696
"7233271","2014-10-20",44.7439426297094,0.846212995001926,0.801358451877484,0.592373262871575,25.8726305347867,25.6725294652132,25.77258,1.05332038072578,63.8799465952463,25.7314,25.7684708574428,0.15675826950623,0.106919834511782
"7233270","2014-10-21",44.2176443082098,0.884659746251438,0.871844162501603,0.769508857929871,25.889303381707,25.6671899516263,25.7782466666666,0.973121623615918,64.6023808431672,25.7422,25.7833414097837,0.177208665519069,0.120977600713239
"7233269","2014-10-22",43.9902350721678,0.851906701221761,0.860926480825044,0.844709698401377,25.9063172772026,25.6635427227973,25.78493,0.946518514260798,64.6023808431672,25.7522,25.7962292218126,0.191189121548963,0.135019904880384
"7233268","2014-10-23",43.5721670839674,0.814883376527212,0.850483274666805,0.861084639331151,25.9165574787497,25.6676391879169,25.7920983333333,0.826485984864628,63.1378151447395,25.7602,25.8060653255709,0.196855520913086,0.147387028086924
"7233267","2014-10-26",43.9836448738795,0.787943047561345,0.818244375103441,0.843218043531764,25.9385076545329,25.663022345467,25.800765,0.981217433273977,66.4174031215542,25.7674,25.8199232821614,0.21139693761536,0.160189009992611
"7233266","2014-10-27",44.5016383799497,0.742930591259641,0.781919005116068,0.816882218295439,25.9574961774451,25.6651671558882,25.8113316666666,0.940149023343859,66.4174031215542,25.7734,25.8319335112066,0.220359939934878,0.172223195981065
"7233265","2014-10-28",45.5733572646866,0.598758590113063,0.709877409644685,0.770013596621398,25.9827873139434,25.6642426860566,25.823515,0.992296273755009,67.2619057071127,25.7814,25.8436757097124,0.22794059671285,0.183366676127422
"7233264","2014-10-29",46.5685248005137,0.598758590113063,0.646815923828591,0.712870779529782,25.9937392976967,25.6756240356366,25.8346816666666,0.831069728158677,67.2619057071127,25.7894,25.8538522817507,0.231266235251604,0.192946587952258
"7233263","2014-10-30",48.1461769887871,0.604375000000005,0.600630726742045,0.652441353405107,26.0151800145479,25.6821799854521,25.84868,0.964324283754223,69.066246980194,25.7982,25.865338644184,0.237390661624204,0.201835402686647
"7233262","2014-11-02",49.4187032287588,0.583541666666668,0.59555841892658,0.614335023165739,26.0249393400545,25.6890873266121,25.8570133333333,0.757017961915001,67.0756432119007,25.8066,25.8739601582928,0.236385690983609,0.20874546034604
"7233261","2014-11-03",51.0722386634053,0.575393848462118,0.587770171709599,0.594653105792742,26.0444956930316,25.6935409736351,25.8690183333333,0.901898950314449,69.8888252913508,25.816204,25.8854454705204,0.242169251227087,0.215430218522249
"7233260","2014-11-04",52.6362046612989,0.475565759265332,0.544833758131374,0.576054116255851,26.0601167769456,25.7055865563877,25.8828516666666,0.886751233178998,70.7733559204561,25.826604,25.8967194077843,0.246973762961744,0.221738927410148
"7233259","2014-11-05",54.0884588022002,0.514813389765287,0.521924332497581,0.551509420779518,26.07347448653,25.7134788468033,25.8934766666666,0.812290819463002,73.6223258503017,25.838356,25.9109968200798,0.258312226946655,0.22905358731745
"7233258","2014-11-06",55.7870922925823,0.556131900703959,0.515503683244861,0.527420591291273,26.0937399373828,25.7208833959505,25.9073116666666,0.909599000409113,74.8933485183935,25.85076,25.9255439107358,0.269242778521361,0.237091425558232
"7233257","2014-11-09",57.3643948193657,0.59281215264913,0.554585814372794,0.530671276705079,26.1049696836729,25.7363203163271,25.920645,0.8237629318595,75.6604650578769,25.86276,25.9394713893044,0.277757611696683,0.245224662785922
"7233256","2014-11-10",58.9690807800745,0.481659874027414,0.54353464246017,0.537874713359275,26.1142142933965,25.7520757066035,25.933145,0.795066595764607,68.8003134606008,25.87356,25.9475418707304,0.272020523476857,0.250583834924109
"7233255","2014-11-11",60.4591463150183,0.555761393108554,0.543411139928368,0.547177198920444,26.0997366355916,25.7982266977417,25.9489816666666,0.735652818521922,70.7071759424412,25.88556,25.9572029546331,0.270561615008336,0.254579390940954
"7233254","2014-11-12",61.6265127398413,0.43497172683776,0.490797664657911,0.525914482348817,26.0894291584574,25.8335341748759,25.9614816666666,0.715654872274694,68.4543638440465,25.895956,25.964242560682,0.263251087078342,0.256313730168432
"7233253","2014-11-13",62.7134947980214,0.495867768595043,0.495533629513788,0.509914144700023,26.0908512010796,25.8494121322537,25.9701316666666,0.732777847180966,69.900259485776,25.906516,25.9722102192577,0.258815165307014,0.256814017196148
"7233252","2014-11-16",63.7513492221167,0.500227376080036,0.477022290504282,0.487784528225327,26.0951220782992,25.8594745883675,25.9772983333333,0.737791626875651,70.5238173991437,25.918116,25.9799155233567,0.254223039884294,0.256295821733777
"7233251","2014-11-17",64.7187512516906,0.500227376080036,0.49877417358504,0.49044336453437,26.0967349341772,25.8729017324894,25.9848183333333,0.718384342886199,70.5238173991438,25.928516,25.9865934535758,0.247719375553324,0.254580532497687
"7233250","2014-11-18",65.7901301756375,0.476417341591238,0.492290697917105,0.489362387335476,26.098476927587,25.887993072413,25.993235,0.777606406526523,70.5238173991438,25.94372,25.992380993099,0.239793965574409,0.251623219113031
"7233249","2014-11-19",66.7849820335881,0.476417341591238,0.484354019754173,0.49180629708544,26.0970156072997,25.9041210593669,26.0005683333333,0.704420845945399,70.5238173991438,25.95572,25.9973968606858,0.230846381466865,0.247467851583798
"7233248","2014-11-20",67.9314628624342,0.388765294771971,0.447199992651484,0.474614903440921,26.0912085672439,25.9292280994227,26.0102183333333,0.846636443817172,70.5238173991438,25.96392,26.0017439459277,0.221201033366203,0.242214487940279
"7233247","2014-11-23",68.9960522035055,0.3531489111242,0.406110515829138,0.445888176078266,26.0910844671248,25.9413521995418,26.0162183333333,0.747875762513569,70.5238173991437,25.96992,26.005511419804,0.211119809160421,0.235995552184307
"7233246","2014-11-24",70.1087662836816,0.533333333333327,0.425082513076501,0.426131007185709,26.0998443797277,25.9489256202723,26.024385,1.02311809094013,76.7776592104623,25.97832,26.0154432304968,0.216144448285172,0.23202533140448
"7233245","2014-11-25",70.5908759488843,0.399999999999995,0.428827414819176,0.420006814574939,26.1045247740683,25.9535452259316,26.029035,0.793406185672627,70.3482152960711,25.98552,26.0213841330972,0.211475240576298,0.227915313238844
"7233244","2014-11-27",71.1750854454626,0.600000000000005,0.511111111111111,0.455007013002263,26.1083670452935,25.9663696213732,26.0373683333333,0.988025285390076,73.8813859553671,25.99392,26.0305329153509,0.214594688814373,0.22525118835395
"7233243","2014-11-30",71.7175656922853,0.600000000000005,0.533333333333337,0.491090619754542,26.1156897178971,25.9683836154362,26.0420366666666,0.870860399449671,73.8813859553671,26.00272,26.0384618599708,0.214582233323379,0.223117397347836
"7233242","2014-12-01",72.2872973800999,0.571428571428571,0.590476190476195,0.544973544973548,26.112985653424,25.987054346576,26.05002,0.920705552305426,73.8813859553671,26.00992,26.0453336119747,0.212118413347406,0.22091760054775
"7233241","2014-12-02",73.4790098007051,0.282608695652173,0.484679089026918,0.536162870945484,26.1672218936175,25.9568114397158,26.0620166666666,1.39341251752255,79.0722448399182,26.01912,26.0579557970447,0.223070233196099,0.22134812707742
"7233240","2014-12-03",70.4139887871326,0,0.284679089026917,0.453278122843344,26.1920561650678,25.9153138349322,26.053685,-0.223964658996921,33.9805806833564,26.01552,26.0275616907721,0.134161212433725,0.203910744148681
"7233239","2014-12-04",67.8680386729076,0,0.0942028985507262,0.287853692201521,26.2087996857694,25.8833136475639,26.0460566666666,-0.0921093709453246,32.0743547742397,26.01072,25.9972201320025,0.0537091013559143,0.173870415590127
"7233238","2014-12-07",65.50394213827,0.0149253731343254,0.00497512437811017,0.127952370651918,26.2220900797393,25.8471532535939,26.0346216666666,-0.0421935621081538,33.4152104421478,26.00552,25.9722574477355,-0.00692660496057762,0.137711011479986
"7233237","2014-12-08",62.6773536318766,0,0.00497512437811017,0.0347177157689827,26.2399803590928,25.8029296409071,26.021455,-0.0600913650238582,29.6352072840069,25.99832,25.9426231213708,-0.0728517165604181,0.0955984658719055
"7233236","2014-12-09",60.0526643045112,0,0.00497512437811017,0.00497512437811071,26.2520939598401,25.7638127068266,26.0079533333333,0.0126033096747671,29.6352072840069,25.989916,25.9169400385213,-0.123740118200943,0.0517307490573357
"7233235","2014-12-10",57.876247551078,0.0138888888888911,0.00462962962963205,0.00485995946195134,26.2582378595345,25.7346921404654,25.996465,0.106150282920948,31.1408697064735,25.981516,25.8960147000518,-0.159171670163649,0.00955026521313876
"7233234","2014-12-11",55.8552891371757,0.0138888888888911,0.00925925925926241,0.00628800442233542,26.262296351387,25.7072603152796,25.9847783333333,0.136338927800858,31.1408697064735,25.971764,25.8778794067116,-0.185155151101735,-0.0293908180498359
"7233233","2014-12-14",53.9786848956951,0.0138888888888911,0.0138888888888928,0.00925925925926296,26.2639201662099,25.6800031671234,25.9719616666666,0.154126071029647,31.1408697064735,25.96136,25.8621621524834,-0.203432345003507,-0.0641991234405701
"7233232","2014-12-15",52.468651841972,0.0302777777777763,0.0193518518518545,0.0141666666666704,26.2607429816519,25.6587070183481,25.959725,0.215756183300258,33.2460308724523,25.951032,25.8501138654856,-0.211814406894595,-0.0937221801313751
"7233231","2014-12-16",52.1725332134632,0.0694444444444455,0.0378703703703727,0.0237037037037072,26.2529621388776,25.6503178611224,25.95164,0.367849072928031,38.1152491960103,25.943032,25.8434320167542,-0.207274278882275,-0.116432599881555
"7233230","2014-12-17",51.8975659155621,0.180555555555554,0.0934259259259271,0.0502160493827187,26.2422948358206,25.644151830846,25.9432233333333,0.399873442467963,49.392911129852,25.937432,25.8483077478536,-0.176658897867366,-0.128477859478717
"7233229","2014-12-18",52.7970859199773,0.333333333333332,0.194444444444446,0.108580246913582,26.2455735418673,25.643539791466,25.9445566666666,0.702829160190162,60.1471989993708,25.936632,25.8672000481398,-0.116720682463556,-0.126126424075685
"7233228","2014-12-21",52.8496856980781,0.236250000000002,0.250046296296298,0.179305555555557,26.2391715468599,25.6443017864734,25.9417366666666,0.614697375028282,52.5108076980709,25.932476,25.8742533750545,-0.0900012570926423,-0.118901390679076
"7233227","2014-12-22",52.8995499270424,0.52425531914894,0.36461288416076,0.269701208300502,26.2401397131282,25.6440936202051,25.9421166666666,0.699341406776107,58.6779833831905,25.931132,25.8905395917139,-0.0445298806972527,-0.104027088682712
"7233226","2014-12-23",52.9458524253664,0.638297872340429,0.466267730496459,0.360308970317839,26.2380839356476,25.6448160643524,25.94145,0.750392794195517,62.3745471945524,25.931932,25.9118009794854,0.00808710598425577,-0.0816042497493182
"7233225","2014-12-25",52.1455607033304,0.489361702127662,0.550638297872345,0.460506304176522,26.2341949520005,25.6457050479995,25.93995,0.675675627789845,55.4038733738427,25.929932,25.9208941822207,0.027649209214653,-0.0597535579565239
"7233224","2014-12-28",51.4024326757255,0.531914893617023,0.553191489361706,0.523365839243504,26.2263575694734,25.6482090971932,25.9372833333333,0.700726985478874,56.8863860747967,25.928732,25.9314416245912,0.0488061248969496,-0.0380416213858292
"7233223","2014-12-29",50.1061319325711,0.425531914893617,0.482269503546102,0.528699763593385,26.2122204591156,25.6509295408843,25.931575,0.59072835199349,52.2132670442982,25.925532,25.9339160746457,0.04944119160053,-0.0205450587885574
"7233222","2014-12-30",48.902424099642,0.539130434782607,0.49885908109775,0.51144002466852,26.199493898467,25.6547894348662,25.9271416666666,0.660071511238059,56.6608268132038,25.924652,25.9437939313597,0.0672088236801205,-0.00299428229482182
"7233221","2015-01-01",47.881995995342,0.521739130434782,0.495467160037003,0.492198581560286,26.1483226776954,25.6823606556378,25.9153416666666,0.711730417208068,55.8881798610109,25.921452,25.951288073845,0.0778963302440649,0.0131838402129555
"7233220","2015-01-04",47.5260998287775,0.521739130434782,0.527536231884059,0.507287491006272,26.1629385565471,25.6871114434529,25.925025,0.756343105811811,55.8881798610109,25.919052,25.9577829973324,0.0853768686814638,0.0276224459066572
"7233219","2015-01-05",47.1956248169676,0.576082106202593,0.539853455690721,0.520952282537262,26.1768255935798,25.6932244064201,25.935025,0.744640287233864,58.3578125095455,25.916652,25.9674119310214,0.0994758707236976,0.0419931308700653
"7233218","2015-01-06",47.4611384863418,0.690476190476191,0.596099142371191,0.554496276648657,26.201012445141,25.6989042215256,25.9499583333333,0.858571435795895,62.8388741871177,25.916652,25.9837570068852,0.127799450530941,0.0591543948022404
"7233217","2015-01-07",47.7076868936178,0.647058823529419,0.637872373402736,0.591274990488217,26.2131254512383,25.7197912154283,25.9664583333333,0.784205561171253,63.5430182634183,25.917052,25.9992560726338,0.151577324593299,0.0776389807604522
"7233216","2015-01-08",48.5022523878493,0.393755683540466,0.577096899182027,0.603689471651985,26.2213504250444,25.7462362416222,25.9837933333333,0.779666105474493,57.6599779167947,25.913452,26.006021929616,0.153125218049555,0.0927362282182727
"7233215","2015-01-11",49.2400632039214,0.393755683540466,0.478190063536786,0.56438644537385,26.220217210109,25.7750094565576,25.9976133333333,0.655103617990785,57.6599779167947,25.922252,26.0118856723339,0.152587730214848,0.104706528617588
"7233214","2015-01-12",49.9251732474169,0.333333333333337,0.373614900138092,0.476300620952302,26.2121989010594,25.8106010989406,26.0114,0.617696527265129,57.6599779167947,25.932252,26.0169675826893,0.150423597076244,0.113849942309319
"7233213","2015-01-13",50.7490792601593,0.366666666666664,0.364585227846824,0.405463397173901,26.1961501068439,25.8576498931561,26.0269,0.656868438638566,58.6170388656625,25.942252,26.0227052383308,0.150075550333995,0.121095063914254
"7233212","2015-01-14",51.7855529186975,0.533333333333333,0.411111111111113,0.383103746365344,26.1802682583855,25.9083384082811,26.0443033333333,0.839658677772633,63.1074110277481,25.956652,26.0343445398867,0.16340823391956,0.129557697915315
"7233211","2015-01-15",52.747992744483,0.666666666666663,0.522222222222221,0.432639520393387,26.1765684049456,25.939838261721,26.0582033333333,0.887769235536747,66.2614154806493,25.972652,26.0497652679018,0.18422557523603,0.140491273379458
"7233210","2015-01-19",53.9901196588108,0.633333333333336,0.611111111111112,0.514814814814816,26.1720700737007,25.9736699262993,26.07287,1.02316829410766,64.7705936675589,25.987852,26.0617965655149,0.195352148778971,0.151463448459361
"7233209","2015-01-20",55.3737137047613,0.515151515151523,0.605050505050509,0.579461279461281,26.1995114005865,25.9618952660801,26.0807033333333,1.10025385185349,67.1578679038997,26.004252,26.0762236901129,0.211003738233195,0.163371506414128
"7233208","2015-01-21",56.3088555519324,0.454545454545453,0.534343434343439,0.583501683501687,26.211521758812,25.9672215745213,26.0893716666666,0.884615619261686,64.0421624220133,26.019852,26.0860605314312,0.21472570049017,0.173642345229336
"7233207","2015-01-22",57.3363273322877,0.393939393939393,0.454545454545458,0.531313131313136,26.2240875821221,25.9672290845446,26.0956583333333,0.854313110882759,60.9947138849553,26.03418,26.0919191272404,0.209070350193197,0.180727946222108
"7233206","2015-01-25",57.758147243916,0.233333333333337,0.360606060606062,0.449831649831654,26.2330062620926,25.9669037379073,26.099955,0.785522783242969,56.6408383666827,26.04618,26.0929965769416,0.19308290634974,0.183198938247635
"7233205","2015-01-26",58.1498371618565,0.214285714285712,0.280519480519482,0.365223665223668,26.2366388088916,25.9732811911084,26.10496,0.646087793689853,57.724116387855,26.05538,26.0952637000161,0.181413119954477,0.182841774589003
"7233204","2015-01-27",58.7538717595621,0.250000000000003,0.232539682539685,0.291221741221744,26.2431420219471,25.9784446447196,26.1107933333333,0.723676816471861,58.8317748825292,26.06058,26.0985618733473,0.173257915332425,0.180925002737687
"7233203","2015-01-28",59.1214618613662,0.214285714285712,0.226190476190477,0.246416546416549,26.2362104336371,25.9991262330295,26.1176683333333,0.509834761914623,57.2173219106111,26.068176,26.100086956901,0.161836169580165,0.177107236106183
"7233202","2015-01-29",59.4627955273272,0.214285714285712,0.226190476190477,0.22830687830688,26.2315326369588,26.0141973630411,26.122865,0.478842213459347,57.2173219106111,26.07272,26.1014086959808,0.151042639254673,0.171894316735881
"7233201","2015-02-01",59.9233226098437,0.250000000000003,0.226190476190477,0.226190476190478,26.2254853780208,26.0323812886458,26.1289333333333,0.533315365584362,58.5369279402283,26.07552,26.1038875365167,0.143920187583069,0.166299490905319
"7233200","2015-02-02",60.3509549007518,0.222222222222231,0.228835978835984,0.227072310405646,26.2221826749101,26.0443173250899,26.13325,0.500468519211014,58.5369279402283,26.08112,26.1060358649812,0.136698569422289,0.160379306608713
"7233199","2015-02-03",59.5810539270536,0,0.157407407407413,0.204144620811292,26.4333289317189,25.7675044016144,26.1004166666666,-0.556960157189627,11.776360734578,26.04152,25.9598977496503,-0.210727539395394,0.0861579374078912
"7233198","2015-02-04",58.8661458800481,0.856060606060607,0.359427609427615,0.248556998557004,26.4347981941826,25.7680351391507,26.1014166666666,0.572864465070033,52.9667037498792,26.04912,25.9839113830303,-0.134039796375574,0.0421183906511983
"7233197","2015-02-05",57.9002940812957,0.901515151515152,0.585858585858588,0.367564534231206,26.4425856765693,25.7699143234307,26.10625,0.644325059897946,54.1897162942599,26.0568,26.0127231986263,-0.0540629843634344,0.0228821156482717
"7233196","2015-02-08",57.0034316967399,0.909090909090911,0.888888888888892,0.611391694725032,26.4502773705399,25.7715559627934,26.1109166666666,0.645985277910041,54.4025300390459,26.0652,26.0390267721428,0.0122143095062421,0.0207485544198658
"7233195","2015-02-09",55.6225686570836,0.872666565487935,0.894424208698001,0.789723894481828,26.458374840318,25.776725159682,26.11755,0.619978539793427,53.0748895779558,26.0716,26.0551565358571,0.0486414677468128,0.0263271370852552
"7233194","2015-02-10",53.8557254097436,0.864661654135338,0.882139709571396,0.888484269052764,26.4681178176785,25.7831155156548,26.1256166666666,0.637785425033645,53.0748895779558,26.0768,26.0691356644095,0.0766051170752124,0.0363827330832467
"7233193","2015-02-11",51.6865603243459,0.907142857142858,0.881490358922045,0.886018092397148,26.4900859409497,25.7854807257169,26.1377833333333,0.763338953485759,56.0596244194392,26.0844,26.0972509091549,0.13431005165836,0.0559681967982692
"7233192","2015-02-12",50.1495373962815,0.82857142857143,0.866791979949877,0.876807349481107,26.4972348594958,25.7878651405042,26.14255,0.626097855046855,52.7475587508793,26.0872,26.1069507879342,0.144327827737745,0.0736401229861643
"7233191","2015-02-16",48.4604477986588,0.842857142857144,0.859523809523812,0.869268716131912,26.5060430042879,25.7897203290454,26.1478816666666,0.651819383115115,53.2879393828386,26.0928,26.1180240162097,0.156629688173227,0.0902380360235768
"7233190","2015-02-17",47.0292318679784,0.821428571428571,0.830952380952383,0.852422723475358,26.5069686094473,25.790124723886,26.1485466666666,0.557781060610697,52.3213753769632,26.0972,26.1236208140484,0.155311982839779,0.103252825386817
"7233189","2015-02-18",45.2883831438664,0.835714285714285,0.833333333333335,0.841269841269844,26.5066657583301,25.7900942416698,26.14838,0.599948153582518,52.9342896483268,26.1024,26.1311380388419,0.158610463662767,0.114324353042007
"7233188","2015-02-19",43.671880757191,0.851428571428572,0.836190476190478,0.833492063492066,26.5099896879837,25.7909036453496,26.1504466666666,0.603214352107506,53.640272669376,26.10808,26.1405863003297,0.166093448569105,0.124678172147427
"7233187","2015-02-22",41.3910534271726,0.870714285714285,0.852619047619049,0.840714285714288,26.5181115863187,25.7915150803479,26.1548133333333,0.664034186356917,54.541492171655,26.11284,26.152374793619,0.178288244239644,0.13540018656587
"7233186","2015-02-23",38.4401780215445,0.84360544217687,0.855249433106578,0.848019652305369,26.533271519221,25.7914351474456,26.1623533333333,0.721585252832266,55.2732384742531,26.116844,26.1654048211365,0.192227937662537,0.146765736785203
"7233185","2015-02-24",35.8339305318893,0.261764705882349,0.658694811257837,0.788854430661155,26.5456724514965,25.7946242151702,26.1701483333333,0.672006262383242,54.3313903803264,26.120404,26.1738841783183,0.194511843272283,0.156314958082619
"7233184","2015-02-25",34.1704036524265,0.527272727272724,0.544214291777317,0.686052845380577,26.5811079220553,25.7883220779447,26.184715,0.848919365031883,60.0015918774351,26.129284,26.2029662878759,0.243707644566871,0.17379349537947
"7233183","2015-02-26",33.2692399852646,0.571428571428573,0.453488668194551,0.552132590409902,26.6339403605014,25.7794896394986,26.206715,0.913464453029418,62.694568141749,26.142484,26.2399041161591,0.30614471487056,0.200263739277688
"7233182","2015-03-01",31.6976623075281,0.392857142857142,0.497186147186148,0.498296369052672,26.6659199221518,25.7836834111815,26.2248016666667,0.789262947248357,57.9221701480454,26.152484,26.2585835673379,0.321090287952841,0.224429049012718
"7233181","2015-03-02",30.2383401782013,0.410714285714287,0.458333333333336,0.469669382904679,26.6902270387501,25.7909062945832,26.2405666666666,0.73362076474134,58.2643063723241,26.164084,26.2761057583595,0.33213794538649,0.245970828287473
"7233180","2015-03-03",29.639314504025,0.607142857142858,0.470238095238098,0.475252525252528,26.7311143470293,25.7936856529707,26.2624,0.828131624250005,61.9311535539108,26.179684,26.3059583239116,0.37032677536728,0.270842017703434
"7233179","2015-03-04",28.1094889244777,0,0.339285714285717,0.422619047619051,26.5551464138003,26.0535202528663,26.3043333333333,0.362447365441393,47.5378782873061,26.180804,26.2848972140567,0.289245362532209,0.274522686669189
"7233178","2015-03-05",26.141182009699,0.0734265734265763,0.22685647685648,0.345460095460099,26.5523867012643,26.0709799654023,26.3116833333333,0.469499111168382,49.0591539780192,26.184004,26.2722442521825,0.235157001326347,0.266649549600621
"7233177","2015-03-08",24.7657377280987,0,0.0244755244755275,0.196872571872575,26.5558401936875,26.0618598063125,26.30885,0.171680622392378,45.9821420752894,26.183604,26.2492783518915,0.16275233016978,0.245870105714453
"7233176","2015-03-09",24.0879125962503,0,0.0244755244755275,0.0919358419358454,26.5723887234464,26.0273112765536,26.29985,0.00493273655278469,41.8946818069841,26.177604,26.2120412383059,0.0645862508746875,0.2096133347465
"7233175","2015-03-10",23.3974897161698,0.173333333333337,0.057777777777781,0.0355762755762789,26.5763524090697,26.0154142575969,26.2958833333333,0.186447903620926,46.9711453927543,26.176804,26.1971024065318,0.0264524485699802,0.172981157511196
"7233174","2015-03-11",23.4484842886344,0,0.057777777777781,0.0466770266770301,26.5932647050451,25.9758352949548,26.28455,0.0283401439784722,42.0964027649488,26.214004,26.1628220856609,-0.0525179687204891,0.127881332264859
"7233173","2015-03-12",23.4958363916373,0.0639743589743558,0.0791025641025662,0.064886039886043,26.6005824723412,25.9359108609921,26.2682466666666,0.0923099537078387,44.0467463772086,26.208,26.1397658075728,-0.0986428279737828,0.0825765002171304
"7233172","2015-03-15",21.9755700617486,0,0.0213247863247873,0.0527350427350451,26.6039747346483,25.915318598685,26.2596466666666,0.210092372316774,41.9168637002876,26.1968,26.1104636998964,-0.15505845511643,0.0350495091504183
"7233171","2015-03-16",20.5638941839947,0.124999999999998,0.0629914529914532,0.0544729344729359,26.6027772861149,25.9018527138851,26.252315,0.296961034555779,45.9439735274866,26.1892,26.0984018732436,-0.166975004106229,-0.00535539350091115
"7233170","2015-03-17",19.553813102918,0.162499999999999,0.0958333333333344,0.0600498575498586,26.6026290984024,25.8980042349309,26.2503166666666,0.357631100082948,47.1283031763051,26.1848,26.0919482901444,-0.165245631739042,-0.0373334411485372
"7233169","2015-03-18",19.0505694643728,0.151898734177212,0.146466244725738,0.101763677016842,26.6016834018157,25.8942832648509,26.2479833333333,0.394472737423731,46.7605373215539,26.18,26.0850218514585,-0.16507090621054,-0.0628809341609379
"7233168","2015-03-19",18.6790440354681,0.227848101265823,0.18074894514768,0.141016174402251,26.601517438675,25.893982561325,26.24775,0.460779318605596,49.3161505479087,26.1728,26.0870189379307,-0.144702427445897,-0.0792452328179298
"7233167","2015-03-22",18.0742111110228,0.177215189873414,0.185654008438818,0.170956399437413,26.5993737701791,25.8757262298208,26.23755,0.268464631390843,47.673182810056,26.1684,26.0834164128733,-0.139329461831439,-0.0912620786206316
"7233166","2015-03-23",18.3308591075978,0.236886632825715,0.213983307988319,0.193462087191606,26.590016614785,25.8650767185483,26.2275466666666,0.360843636108762,47.673182810056,26.1632,26.0802942244902,-0.133533682252684,-0.0997163993470422
"7233165","2015-03-24",18.5691751044174,0.236886632825715,0.216996151841617,0.205544489422919,26.5826670847546,25.8518262485787,26.2172466666666,0.33045099945196,47.673182810056,26.1592,26.0775883278915,-0.127472364483661,-0.105267592374366
"7233164","2015-03-25",18.7904685300357,0.277777777777776,0.250517014476404,0.227165491435447,26.5500560108192,25.8474373225141,26.1987466666666,0.347124286442735,48.2119037675376,26.1548,26.0765765508393,-0.118212134768603,-0.107856500853213
"7233163","2015-03-26",19.2267606906168,0.277777777777776,0.264147396127091,0.243886854148371,26.4874607686297,25.8646958980369,26.1760783333333,0.388489214342043,48.2119037675376,26.14952,26.075699677394,-0.109609977677916,-0.108207196218154
"7233162","2015-03-29",19.6318891254422,0.292592592592589,0.282716049382715,0.26579348666207,26.4366571413498,25.8762828586502,26.15647,0.377516387197525,48.7019083197868,26.14348,26.0760063870748,-0.0991737432059159,-0.106400505615706
"7233161","2015-03-30",20.1309999442204,0.259259259259254,0.276543209876542,0.274468885128783,26.3849128855526,25.8912937811141,26.1381033333333,0.389044002739146,47.6103701481462,26.135876,26.0738722021315,-0.0953740989231067,-0.104195224277186
"7233160","2015-03-31",20.8120990892728,0.296481481481482,0.282777777777777,0.280679012345678,26.2622383157763,25.9679583508903,26.1150983333333,0.482335415408495,48.9853492655866,26.12992,26.0747025751807,-0.0851609285814625,-0.100388365138042
"7233159","2015-04-01",21.8158679484869,0.314814814814812,0.290185185185185,0.283168724279835,26.2474156465638,25.9732476867695,26.1103316666666,0.60821225556629,49.6857802272766,26.11784,26.0767422318232,-0.0731597370254966,-0.0949426395155326
"7233158","2015-04-05",23.2199349905687,0.295454545454542,0.302250280583614,0.291737747848859,26.2239399789058,25.9883566877609,26.1061483333333,0.954977088906049,53.8237718927304,26.10464,26.0865099342468,-0.044572416753097,-0.0848685949630455
"7233157","2015-04-06",24.6131054275389,0.261904761904759,0.290724707391373,0.294386724386724,26.2366423918451,25.9829876081549,26.109815,0.93438959990052,53.8237718927304,26.09544,26.0949752763472,-0.0216729876079014,-0.0722294734920166
"7233156","2015-04-07",25.9067636904399,0.262142857142854,0.273167388167387,0.288714125380792,26.2404079762573,25.9930286904093,26.1167183333333,0.707569252038744,53.8311113915629,26.085844,26.1023252395009,-0.00345901370001345,-0.058475381533616
"7233155","2015-04-08",27.2823747639068,0.2775,0.26718253968254,0.277024878413767,26.248618555195,25.9922147781384,26.1204166666667,0.786852248606995,55.4257524466606,26.072684,26.1114818742341,0.0172316913533033,-0.0433339669562322
"7233154","2015-04-09",29.1182898302717,0.548064516129035,0.362569124423965,0.300973017424631,26.2660407780966,26.0031192219033,26.13458,1.04016111138333,59.6549455813141,26.07596,26.1272709576696,0.0512234136393008,-0.0244224908371256
"7233153","2015-04-12",29.9901230566665,0.294117647058828,0.37322738772929,0.334326350611932,26.2697793598131,26.0236539735203,26.1467166666667,0.879007361810174,53.2034572439272,26.07476,26.1316348299803,0.0559205507556282,-0.00835388251857481
"7233152","2015-04-13",30.7996824811759,0.294117647058828,0.378766603415565,0.37152103852294,26.273936314615,26.0348303520517,26.1543833333333,0.746543412669581,53.2034572439272,26.07716,26.1354168526496,0.0589616829878015,0.00510923058270045
"7233151","2015-04-14",31.5514162325061,0.411764705882355,0.333333333333339,0.361775774826065,26.2824428079075,26.0383238587591,26.1603833333333,0.785175185742519,56.3372934790777,26.08636,26.144027938963,0.0728756420527832,0.018662512876717
"7233150","2015-04-15",32.6142542103229,0.470588235294118,0.392156862745102,0.368085599831336,26.2966009866169,26.0358323467164,26.1662166666667,0.885207362504675,57.8569423724577,26.09116,26.1541575471013,0.0890393373442766,0.0327378777702289
"7233149","2015-04-16",33.6011751897241,0.500000000000005,0.460784313725495,0.395424836601312,26.3066064501511,26.0341602165155,26.1703833333333,0.816698572712674,58.6322064313362,26.10276,26.1642698741544,0.103727748138893,0.0469358518439618
"7233148","2015-04-19",34.8409106314213,0.500000000000005,0.490196078431378,0.447712418300659,26.3159262589281,26.0306404077386,26.1732833333333,0.867058745570699,58.6322064313363,26.112364,26.1730338909338,0.114044226928334,0.0603575268608362
"7233147","2015-04-20",36.0700108227113,0.56236323851204,0.520787746170686,0.49058937944252,26.3300419394346,26.0398580605654,26.18495,0.907959717799198,61.120679237023,26.125964,26.1846293721427,0.129958314971157,0.0742776844829003
"7233146","2015-04-21",36.7444994457939,0.45161290322581,0.504658713912621,0.505214179504895,26.3369999141055,26.0457834192278,26.1913916666667,0.720139773882844,57.4020520265501,26.134364,26.1906787891903,0.131797881488227,0.0857817238839657
"7233145","2015-04-22",37.7181096363175,0.320000000000007,0.444658713912621,0.490035057998643,26.3433761487097,26.0577405179569,26.2005583333333,0.766452519010871,57.40205202655,26.141564,26.1959216172983,0.131733076639495,0.0949719944350716
"7233144","2015-04-23",38.6221762418037,0.488800000000012,0.420137634408612,0.456485020744618,26.3463872157328,26.0728161176005,26.2096016666667,0.728819249404275,61.2483685854561,26.150852,26.2060920683252,0.143022737417775,0.104582143031612
"7233143","2015-04-26",39.6570829248641,0.599839935974399,0.469546645324808,0.444780997882014,26.353335103525,26.0854715631417,26.2194033333333,0.810842353588695,63.5812790093928,26.158852,26.2186131258818,0.158684770814665,0.115402668588223
"7233142","2015-04-27",40.6180677019916,0.583333333333339,0.557324423102585,0.482336234278669,26.3538042499573,26.106219083376,26.2300116666667,0.78268387116944,63.5812790093928,26.168452,26.2294647090976,0.169131622816043,0.126148459433787
"7233141","2015-04-28",41.8683485648409,0.375000000000002,0.519391089769249,0.515420719398881,26.3465712151189,26.1340187848811,26.240295,0.729143463311723,56.4878287174383,26.176052,26.2322027478846,0.160176691166813,0.132954105780392
"7233140","2015-04-29",43.0293236517725,0.375000000000002,0.44444444444445,0.507053319105428,26.3361998298675,26.1598668367991,26.2480333333333,0.594329104519317,56.4878287174383,26.183652,26.2345757148333,0.151334135583703,0.136630111741054
"7233139","2015-04-30",44.1073719467803,0.478260869565214,0.409420289855075,0.457751941356258,26.3284620922491,26.1812712410842,26.2548666666667,0.648107031296288,58.6290104834053,26.191652,26.2392989528555,0.148760424990391,0.139056174390922
"7233138","2015-05-03",44.4714486368021,0.210526315789468,0.354595728451563,0.402820154250363,26.328418039593,26.186181960407,26.2573,0.533043655498024,54.3117107037376,26.198452,26.2393924258081,0.135927040343042,0.138430347581346
"7233137","2015-05-04",44.9776404583651,0.176470588235299,0.288419257863329,0.350811758723323,26.329576979551,26.1906896871157,26.2601333333333,0.619041368317081,55.4883326186937,26.205332,26.2408067690337,0.127363285678417,0.13621693520076
"7233136","2015-05-05",43.5842602758935,0,0.128998968008258,0.257337984774384,26.3203740597047,26.2061526069619,26.2632633333333,0.21461870004344,43.4404433294176,26.208932,26.2286991998292,0.0887972714879393,0.126733002458196
"7233135","2015-05-06",43.1784094703842,0,0.0588235294117683,0.158747251761119,26.3143398035888,26.2194568630779,26.2668983333333,0.497558394950596,43.4404433294176,26.211728,26.2182059731853,0.0575616007563173,0.11289872211782
"7233134","2015-05-07",42.8015480081256,0.0285714285714329,0.00952380952381291,0.0657821023146132,26.3147072593533,26.21409607398,26.2644016666667,0.124942297817377,44.82970472657,26.214528,26.2104451767606,0.0354705663346611,0.0974130909611883
"7233133","2015-05-10",43.0674000892295,0.308571428571429,0.112380952380956,0.0602427637721794,26.3233454264656,26.2136579068677,26.2685016666667,0.987734005923663,56.1873490112726,26.218848,26.2167858198592,0.0475833470295894,0.0874471421748686
"7233132","2015-05-11",43.9926693749203,0.0930232558139598,0.143388704318942,0.0884311554079041,26.3268988000691,26.2207711999308,26.273835,0.934995231587846,48.6962431853779,26.220448,26.2132143772113,0.0358365525964688,0.0771250242591886
"7233131","2015-05-12",44.8518479973475,0.546511627906984,0.316035437430793,0.190601698043564,26.3515315027412,26.2121051639255,26.2818183333333,1.27351477668716,63.6590739095425,26.229844,26.2361191269165,0.0855438912235273,0.0788087976520564
"7233130","2015-05-13",43.2303646274263,0.139534883720936,0.259689922480628,0.239704688076788,26.3524140420836,26.2083726245831,26.2803933333333,0.20684357735857,49.6610026809931,26.231404,26.2326365766609,0.0702808007589706,0.0771031982734392
"7233129","2015-05-14",41.7247014982138,0.162790697674419,0.282945736434115,0.286223698781846,26.3528420606005,26.2066312727328,26.2797366666667,0.252389451822935,50.3330838278635,26.231008,26.2309516997728,0.060562524128116,0.0737950634443746
"7233128","2015-05-17",41.3638993767097,0.186046511627911,0.162790697674424,0.235142118863056,26.3548189020013,26.2071877646653,26.2810033333333,0.651255354412153,51.0370781583835,26.233808,26.2308248064698,0.0552995953045476,0.0700959698164092
"7233127","2015-05-18",41.0288688353131,0.232558139534887,0.193798449612408,0.213178294573649,26.3565138994768,26.2068261005232,26.28167,0.73379772373795,52.487597864607,26.237408,26.2333814989405,0.0566280064083768,0.0674023771348027
"7233126","2015-05-19",40.9506981678103,0.465116279069774,0.294573643410859,0.217054263565897,26.3776676491616,26.1997890175051,26.2887283333333,1.10680888046053,59.0240232697049,26.243408,26.2489306324151,0.0874193906601262,0.0714057798398674
"7233125","2015-05-20",41.2075970572712,0.365581395348845,0.354418604651171,0.280930232558146,26.3929582820894,26.1956450512439,26.2943016666667,0.975546755099149,55.5044533038787,26.246896,26.2566998814264,0.0975256679126568,0.0766297574544253
"7233124","2015-05-21",42.6904566072794,0.5735354362966,0.468077703571742,0.372356650544591,26.5064111185533,26.12238221478,26.3143966666667,1.436656928161,68.0875434026684,26.260496,26.2984732305695,0.184081014440074,0.098120008851555
"7233123","2015-05-25",43.724516371896,0.53256861941827,0.49056181702124,0.437686041748051,26.5588529852865,26.1000070147135,26.32943,1.09693960696937,65.7999598519463,26.272896,26.3306767998269,0.240566224390548,0.126609251959354
"7233122","2015-05-26",45.0026433964348,0.53256861941827,0.546224225044382,0.501621248545788,26.6120395832075,26.0807870834591,26.3464133333333,1.05200367710692,65.7999598519463,26.284096,26.35858655985,0.281987352138113,0.157684871995106
"7233121","2015-05-27",46.1894756335064,0.539941852415894,0.535026363750813,0.523937468605479,26.6554810052902,26.0717789947098,26.36363,0.962056543312543,66.2384698836709,26.296896,26.38410835187,0.314175830950769,0.188983063786238
"7233120","2015-05-28",46.802597323138,0.462227358081757,0.511579276638642,0.530943288477946,26.6757249799465,26.0794016867201,26.3775633333333,0.777986793209269,62.7714241239613,26.308096,26.400893904954,0.323671369675127,0.215920724964016
"7233119","2015-05-31",45.2360824671292,0.158890654340603,0.387019954946086,0.477875198445181,26.6819186935649,26.0902079731017,26.3860633333333,0.602420543075339,48.4372481806392,26.309208,26.3874413842935,0.263962213145752,0.225529022600363
"7233118","2015-06-01",43.7814615294069,0.356983489513608,0.326033833978658,0.408211021854462,26.6905056485664,26.1040876847669,26.3972966666667,0.652399833424225,56.1413596949024,26.315208,26.3957825330543,0.25950757902411,0.232324733885113
"7233117","2015-06-02",43.3744924771558,0.386434627398481,0.300769590417566,0.337941126447437,26.70835225436,26.11522774564,26.41179,0.760895193266012,57.0535230705036,26.322,26.4056515286471,0.25903130029501,0.237666047167092
"7233116","2015-06-03",40.4900616951862,0,0.247806038970698,0.291536487788974,26.709419853313,26.112760146687,26.41109,0.174147036955563,40.5496674361489,26.3164,26.3662313248275,0.146949057509893,0.219522649235652
"7233115","2015-06-04",37.8116616833573,0.207173378220898,0.197869335206461,0.248814988198242,26.708290222147,26.116889777853,26.41259,0.303985041858196,47.7832916998348,26.3172,26.3534004815172,0.105815544818055,0.196781228352133
"7233114","2015-06-07",35.1440158487844,0.15227243299236,0.119815270404421,0.188496881527194,26.7082197776712,26.1170535556621,26.4126366666667,0.186997227213306,46.1797373869042,26.315504,26.3366270839815,0.0595317632450243,0.169331335330711
"7233113","2015-06-08",33.0247806916434,0.168457853165871,0.175967888126378,0.164550831245754,26.7100906419937,26.1090326913396,26.4095616666667,0.252001173090783,46.7471245590185,26.315508,26.3237568061173,0.0263625412954216,0.140737576523653
"7233112","2015-06-09",31.6137759173967,0,0.106910095386078,0.134231084638959,26.7309512900042,26.0628320433291,26.3968916666667,0.00563964694875581,38.0910884624189,26.305104,26.2792425653017,-0.0758554599527894,0.0974189692283647
"7233111","2015-06-10",30.3501201909464,0,0.0561526177219587,0.113010200411472,26.7517006697113,26.0044459969554,26.3780733333333,0.0118487088370896,37.7928890239534,26.298304,26.2393435565948,-0.158237187868515,0.0462877378089887
"7233110","2015-06-11",29.9655089398091,0,1.68383825401482e-15,0.0543542377026799,26.7914819495221,25.9275147171445,26.3594983333333,-0.0704286553905561,32.7697162799828,26.284304,26.1807644157155,-0.275955567006259,-0.0181609231540607
"7233109","2015-06-14",28.7422619023846,0.0578440808469669,0.019281360282324,0.0251446593347617,26.8098160057096,25.8801673276238,26.3449916666667,0.0787745673204522,35.8362275259844,26.272308,26.1380091602868,-0.346964789681969,-0.0839216964596425
"7233108","2015-06-15",26.8934937006293,0.227,0.0949480269489908,0.0380764624104391,26.8112145395092,25.8592354604907,26.335225,0.26131303196887,43.5381831912615,26.263068,26.1232079389152,-0.34778396368943,-0.1366941499056
"7233107","2015-06-16",25.4968455811918,0.167708333333331,0.150850804726768,0.0883600639860278,26.8145933735948,25.8280566264052,26.321325,0.213484232454054,41.420788738422,26.253908,26.1015802137265,-0.364665435470091,-0.182288407018498
"7233106","2015-06-17",24.1999580417142,0.261458333333331,0.218722222222222,0.154840351299327,26.8083374659568,25.8025692007099,26.3054533333333,0.275077413141029,45.3255891281869,26.240548,26.0948361852296,-0.346249530296239,-0.215080631674046
"7233105","2015-06-18",22.4904409811306,0.282291666666667,0.237152777777778,0.202241934908923,26.7996062606787,25.784880405988,26.2922433333333,0.334132540112232,46.1840850103924,26.234988,26.091658027199,-0.321763710014911,-0.236417247342219
"7233104","2015-06-21",21.1279673622726,0.323958333333333,0.289236111111112,0.248370370370371,26.7452166376249,25.7882600290417,26.2667383333333,0.39264055192071,47.9445797834346,26.230628,26.0942369569058,-0.286680386504767,-0.246469875174729
"7233103","2015-06-22",19.7933369266256,0.380952380952379,0.329067460317461,0.285152116402117,26.6990046158267,25.7848053841733,26.241905,0.352069080074869,45.1229224470999,26.223028,26.0870053626517,-0.277638029986038,-0.252703506136991
"7233102","2015-06-23",19.0405242821868,0.491525423728812,0.398812046004843,0.339038539144472,26.638723484918,25.8001198484153,26.2194216666667,0.464915884708828,47.4676269308029,26.216628,26.0874046476315,-0.252101727870246,-0.252583150483642
"7233101","2015-06-24",18.3414839694936,0.559322033898302,0.477266612859833,0.401715373060713,26.5701354882345,25.8219745117655,26.196055,0.459828164064586,49.3327154076632,26.207828,26.0930840279473,-0.216988502016868,-0.245464220790287
"7233100","2015-06-25",17.1179664567392,0.406779661016947,0.485875706214689,0.453984788359789,26.5142146168122,25.8352253831878,26.17472,0.414451269931621,45.424903649255,26.19714,26.0860061575543,-0.214524429445517,-0.239276262521333
"7233099","2015-06-28",15.9947693703227,0.355932203389832,0.440677966101695,0.467940095058739,26.4741309479799,25.8367190520201,26.155425,0.351495816232321,44.1689345167297,26.17474,26.0758720032137,-0.219334703786722,-0.235287950774411
"7233098","2015-06-29",15.2028665995491,0.288135593220336,0.350282485875706,0.425612052730697,26.4183884026307,25.8421282640359,26.1302583333333,0.245037023802732,42.4823171492715,26.15194,26.0617557361186,-0.232861125063344,-0.234802585632198
"7233097","2015-06-30",14.3962976811156,0.305084745762711,0.316384180790961,0.369114877589455,26.314708329423,25.8884883372437,26.1015983333333,0.245987982763509,43.0676240516406,26.12954,26.0508549713028,-0.237764607485869,-0.235394990002932
"7233096","2015-07-01",13.4269056386558,0.207397622192865,0.266872653725306,0.311179773463992,26.3015163426889,25.8796769906444,26.0905966666667,0.277253276921862,42.6007665293564,26.10634,26.0400743084624,-0.241975403390371,-0.23671107268042
"7233095","2015-07-05",12.8870869114555,0,0.170827455985194,0.251361430167154,26.2703639141213,25.8758227525453,26.0730933333333,0.179391288787141,40.2468669323959,26.082736,26.0240510673341,-0.257889931214539,-0.240946844387243
"7233094","2015-07-06",12.4578271830119,0,0.0691325407309567,0.168944216813819,26.2520475809993,25.8637124190007,26.05788,0.15352952852837,39.779123303732,26.067136,26.0088442583562,-0.270485349816574,-0.24685454547311
"7233093","2015-07-07",11.8854213365456,0.0787500000000014,0.0262500000000021,0.0887366655720512,26.2177339087766,25.8674960912234,26.042615,0.250412446575108,42.525694271639,26.047048,26.0007050239087,-0.265696406125371,-0.250622917603562
"7233092","2015-07-08",11.1753633028061,0.0625000000000023,0.0470833333333362,0.0474886246880986,26.2157468472635,25.8584898194032,26.0371183333333,0.274807322480114,42.0990134173024,26.025856,25.9926110207209,-0.261320300037438,-0.252762394090337
"7233091","2015-07-09",11.0955372346092,0,0.0470833333333362,0.0401388888888918,26.2206146506568,25.8412920160098,26.0309533333333,0.128407797324072,38.3775237835457,26.016256,25.9762628846248,-0.276420662559751,-0.25749404778422
"7233090","2015-07-12",10.640530586667,0.0192307692307654,0.0272435897435908,0.040470085470088,26.2160969316365,25.8501430683635,26.03312,0.163564147406925,39.2043308533234,26.000656,25.9634278333415,-0.282058409747477,-0.262406920176871
"7233089","2015-07-13",10.5554037605943,0.1175,0.0455769230769232,0.0399679487179504,26.2154331532494,25.8538735134172,26.0346533333333,0.360087628447318,43.3846085552268,25.988796,25.9591174555626,-0.267572992782827,-0.263440134698062
"7233088","2015-07-14",10.4763574220982,0.325081270317578,0.153937346516116,0.0755859531122103,26.2077026968208,25.8521373031792,26.02992,0.453351290751962,48.5240924343898,25.979192,25.9645684614876,-0.232002786300156,-0.257152665018481
"7233087","2015-07-15",11.2165549120359,0.350087521880473,0.264222930732685,0.154579066775242,26.2089526002979,25.8526873997021,26.03082,0.572548951240426,49.2442633701435,25.979996,25.9706259999559,-0.198417323004008,-0.245405596615587
"7233086","2015-07-16",11.9038811526924,0.780362641122134,0.485177144440063,0.301112473896288,26.2111071742894,25.8524194923772,26.0317633333333,0.684942695308168,55.1919516398008,25.98472,25.9876225332951,-0.142792500751299,-0.224882977442729
"7233085","2015-07-19",12.8791952003627,0.785714285714288,0.638721482905633,0.462707186026127,26.2088876528241,25.8531090138426,26.0309983333333,0.718211526757905,54.5589240280215,25.99632,26.0012728621891,-0.100084519308463,-0.199923285815876
"7233084","2015-07-20",12.9621133095617,0.517142857142862,0.694406594659763,0.606101740668487,26.1936158602278,25.8579674731055,26.0257916666667,0.601519927720076,48.94608754691,26.002508,26.0030764805639,-0.0885562242547988,-0.17764987350366
"7233083","2015-07-21",13.6876723081967,0.459583671262501,0.587480271373219,0.640202782979539,26.193610981472,25.857969018528,26.02579,0.740861817825901,50.7736880798304,26.003028,26.0079996164887,-0.0707854685345732,-0.156276992509843
"7233082","2015-07-22",14.1443426118423,0.405515004055149,0.460747177486839,0.580878014506607,26.1740723597881,25.8675076402118,26.02079,0.725759833341782,49.2663294500615,26.005388,26.0095996676236,-0.06218966835565,-0.137459527679004
"7233081","2015-07-23",14.5683936080846,0.459583671262501,0.441560782193385,0.496596077017815,26.1550371885142,25.8759428114858,26.01549,0.659480103017206,50.8381072814337,26.004948,26.0136530452737,-0.0486133980722725,-0.119690301757658
"7233080","2015-07-26",14.9621552474525,0.486888348202218,0.450662341173291,0.450990100284506,26.1468893568224,25.8791006431776,26.012995,0.700674377205552,51.6527048660564,26.004112,26.0185126392373,-0.0343268464965241,-0.102617610705431
"7233079","2015-07-27",15.326469184264,0.486618004866182,0.477696674776969,0.456639932714549,26.1464149989606,25.8791750010394,26.012795,0.664539990303627,51.6435806790246,26.001672,26.0227109540056,-0.0227742176284185,-0.0866489320900287
"7233078","2015-07-28",15.2580127262833,0.405515004055149,0.459673785707852,0.462677600552704,26.1487517000942,25.8821716332391,26.0154616666666,0.579544582046899,48.8554078451981,26.000872,26.0223494934715,-0.0226592456425201,-0.073850994800527
"7233077","2015-07-30",15.7605133617938,0.416782439566553,0.436305149495963,0.457891869993595,26.1534109139674,25.8845090860326,26.01896,0.664892891731377,49.8277746804251,25.998472,26.0233695610087,-0.0192458015285668,-0.0629299561461349
"7233076","2015-08-02",16.2271210947679,0.546955958549229,0.456417800723645,0.45079891197582,26.1626346577377,25.885622008929,26.0241283333333,0.77389242690895,56.1171557597614,25.997272,26.0335869528742,0.00509903903878062,-0.0493241571091518
"7233075","2015-08-03",17.2797914507413,0.417257190496047,0.460331862870611,0.451018271030073,26.1731180279324,25.8928219720676,26.03297,0.8227420844516,56.1256171594409,25.999676,26.0424553591576,0.0241377255187025,-0.034631780583581
"7233074","2015-08-04",20.1708212037426,0.245283018867924,0.403165389304402,0.439971684299553,26.216504142272,25.884435857728,26.05047,1.17113706338859,59.4825819258885,26.004876,26.0554613112699,0.0509883150734858,-0.0175077614521676
"7233073","2015-08-05",22.8553488315296,0.257425742574254,0.306655317312743,0.390050856495919,26.2384509662269,25.8886357004397,26.0635433333333,0.937726275292074,60.3023894817001,26.012076,26.0680664697673,0.0744902624276955,0.00089184332380501
"7233072","2015-08-06",23.8266520779679,0.0131378522467596,0.171948871229647,0.293923192615598,26.238687658026,25.9021790086407,26.0704333333333,0.571419660021365,47.1272886359229,26.013744,26.0618842737983,0.0527901188956958,0.0112714984381832
"7233071","2015-08-09",24.7285765210891,0.162223914699164,0.144262503173394,0.207622230571929,26.2301538083209,25.9343795250124,26.0822666666667,0.650114470748981,53.7662258697544,26.018944,26.0669663706252,0.0591485629990673,0.02084691135036
"7233070","2015-08-10",25.5660777897017,0.249999999999998,0.141787255648642,0.152666210017228,26.2232926951589,25.9662406381744,26.0947666666667,0.753774796041664,57.4411610075538,26.028148,26.0780375212085,0.0787484570877073,0.0324272204978295
"7233069","2015-08-11",26.4600260140653,0.249999999999998,0.220741304899722,0.16893035457392,26.2254225338719,25.9823707994613,26.1038966666666,0.758257774429102,57.4411610075538,26.037748,26.0876325183807,0.0931964292404386,0.0445810622463513
"7233068","2015-08-12",27.8063163550832,0.269230769230771,0.256410256410257,0.206312938986207,26.2352101533159,25.9917765133508,26.1134933333333,0.876995280301016,58.2116125106613,26.046236,26.09728151593,0.106501829661343,0.0569652157293496
"7233067","2015-08-13",29.0564431003142,0.372884615384614,0.297371794871796,0.258174452060592,26.2515064249965,25.9930735750034,26.12229,0.926842021062536,62.185266332813,26.057192,26.1128306471393,0.132168671951605,0.0720059069738006
"7233066","2015-08-16",30.4731244611178,0.442307692307694,0.361474358974361,0.305085470085472,26.2753641560012,25.9867258439988,26.131045,0.992502187300983,64.6123735969651,26.072392,26.1311198941874,0.161768649460958,0.0899584554712322
"7233065","2015-08-17",31.793280432158,0.480961538461538,0.432051282051284,0.363632478632481,26.2989172223232,25.9809994443435,26.1399583333333,0.962200219190195,65.9238252932341,26.087996,26.1496505749624,0.189215648893293,0.109809894155644
"7233064","2015-08-18",33.0191395481239,0.498360023152618,0.473876417973952,0.422467352999866,26.3181704401484,25.9845262265182,26.1513483333333,0.908573947230079,66.580758588352,26.101952,26.1670304983008,0.211548352703961,0.130157585865308
"7233063","2015-08-19",34.1989946981179,0.517653868415975,0.498991810010046,0.468306503345094,26.3377456924292,25.9839543075708,26.16085,0.883889129242246,67.2671993921807,26.113552,26.1834264318607,0.229650979578544,0.150056264607955
"7233062","2015-08-20",35.5851284695682,0.440478487362533,0.485497459643711,0.486121895875903,26.3525275810962,25.9888390855704,26.1706833333333,0.818908447092037,61.7991355265468,26.123152,26.1923029076126,0.229012270030537,0.165847465692471
"7233061","2015-08-23",36.872252685915,0.440478487362533,0.466203614380349,0.483564294678035,26.3625608107201,26.0011391892799,26.18185,0.780789325577619,61.7991355265468,26.129228,26.1999958532642,0.22589259566137,0.177856491686251
"7233060","2015-08-24",38.7929187447827,0.205562526139694,0.362173166954922,0.437958080326327,26.3655497900825,26.0161402099175,26.190845,0.659664578478373,47.3050590517486,26.130428,26.1893297394957,0.181290646176091,0.178543322584219
"7233059","2015-08-25",40.5763943708742,0.289209535759098,0.31175018308711,0.380042321474127,26.3645480354602,26.0354652978731,26.2000066666666,0.621529721147331,51.1049762415663,26.136236,26.1854191075629,0.156461692930399,0.174126996653455
"7233058","2015-08-27",42.9805818747734,0.277777777777776,0.257516613225524,0.310479987755852,26.3816075546972,26.0527391119694,26.2171733333333,0.995111860889147,58.3777198831261,26.144636,26.1940298932212,0.162638355279987,0.171829268378761
"7233057","2015-08-30",45.2130416998227,0.346153846153846,0.304380386563575,0.291215727625403,26.3810444969772,26.0769721696894,26.2290083333333,0.733469672495054,61.7790391331718,26.155836,26.2081592407917,0.180834068334579,0.173630228369925
"7233056","2015-08-31",47.6046274212236,0.433269230769233,0.352400284900286,0.304765761563129,26.3965458162695,26.0894875170638,26.2430166666666,0.946657850821156,64.6014478787134,26.168048,26.2264446753528,0.206786154102145,0.180261413516369
"7233055","2015-09-01",45.9144936988757,0,0.259807692307695,0.305529454590519,26.3972786013423,26.088084731991,26.2426816666666,0.0926557871359517,39.7900148683613,26.165648,26.1949320519724,0.11667172717551,0.167543476248197
"7233054","2015-09-02",44.3450838138383,0.173719033697492,0.20232942148891,0.271512466232297,26.3952083485875,26.0783549847458,26.2367816666666,0.242946288005925,46.7858902620159,26.167768,26.1826744450428,0.0790840511270652,0.149851591223971
"7233053","2015-09-03",43.8989597901701,0.553777504231421,0.242498845976306,0.234878653257637,26.4183231319517,26.0731935347149,26.2457583333333,0.935899058994457,58.2226320379666,26.180968,26.2049845190371,0.123963570873631,0.144673987153903
"7233052","2015-09-07",42.4753282309932,0.353746730266191,0.360414422731703,0.26841423006564,26.4204363799544,26.0956336200455,26.258035,0.752353151257119,51.9003108387215,26.188568,26.2069865831655,0.1181142203452,0.139362033792162
"7233051","2015-09-08",41.153384640329,0.399907678104322,0.435810637533979,0.346241302080663,26.416882362814,26.1148543038526,26.2658683333333,0.557825753210094,53.1642460791613,26.194568,26.2127217054101,0.12131446000565,0.13575251903486
"7233050","2015-09-09",39.5393362770822,0.322972765040772,0.35887572447043,0.385033594912038,26.4142050442103,26.128198289123,26.2712016666666,0.484143731155597,50.7697137719694,26.198564,26.2110254780221,0.107220687059795,0.130046152639847
"7233049","2015-09-10",38.0405770826388,0.322972765040772,0.348617736061957,0.381101366022123,26.4110327084759,26.1361039581908,26.2735683333333,0.283331742236699,50.7697137719694,26.200964,26.2095554142858,0.0949569716794496,0.123028316447767
"7233048","2015-09-13",37.648804267284,0.369133712878903,0.338359747653484,0.348617736061958,26.4127149895337,26.1441283437996,26.2784216666666,0.589027757137134,52.2657822364391,26.204164,26.2122813590477,0.0933971920125787,0.11710209156073
"7233047","2015-09-14",37.1170569155732,0.338359747653484,0.343488741857722,0.343488741857721,26.4127395342689,26.1468437990643,26.2797916666666,0.425566062007682,51.1498020364521,26.211696,26.2119771778413,0.0850233449056104,0.110686342229706
"7233046","2015-09-15",36.623291517556,0.338359747653484,0.348617736061959,0.343488741857722,26.4124985083414,26.1420981583252,26.2772983333333,0.300425554194937,51.1498020364521,26.216096,26.2117135541292,0.0774937906327766,0.10404783191032
"7233045","2015-09-16",36.2155556010389,0.338513617479611,0.338411037595528,0.34350583850507,26.4111688241069,26.1374111758931,26.27429,0.326281870198194,51.1558497465437,26.2185,26.2114984135786,0.0707419397904197,0.0973866534863399
"7233044","2015-09-17",33.9320927492383,0,0.225624455044367,0.304217742900618,26.4372162413788,26.0843837586212,26.2608,-0.188523152501861,39.0191232510329,26.211572,26.1802052917681,-0.00640412481872632,0.0766284978253267
"7233043","2015-09-20",32.1770000947371,0.23740053050398,0.191971382661199,0.252002291767032,26.4366120796904,26.0686545869763,26.2526333333333,0.175777766828407,47.28606144234,26.209972,26.1721779195324,-0.0231743225175163,0.0566679337567581
"7233042","2015-09-21",30.3289175229772,0.187665782493368,0.141688770999118,0.186428202901562,26.4376368591019,26.0493964742314,26.2435166666667,0.141502175566502,45.882720778797,26.205016,26.1612208635947,-0.0452024846170351,0.0362938500819994
"7233041","2015-09-22",30.0684648882399,0.154509283819628,0.193191865605661,0.175617339755326,26.4334268573814,26.0436064759519,26.2385166666667,0.358439076143304,44.9254909498009,26.197816,26.1490580817821,-0.0680573835519005,0.0154236033552195
"7233040","2015-09-23",29.8266160131268,0.60212201591512,0.314765694076041,0.216548776893607,26.4462298566413,26.042173476692,26.2442016666667,0.787414510522613,57.7425593628184,26.200612,26.1745170042111,-0.00284476627883112,0.0117699294284093
"7233039","2015-09-24",30.0749216040723,0.535809018567641,0.430813439434132,0.312923666371945,26.460005041885,26.0413982914483,26.2507016666667,0.784989033762398,55.6753616063443,26.201412,26.1912480703163,0.0360490483542364,0.0166257532135748
"7233038","2015-09-27",30.5855170808046,0.701591511936339,0.613174182139702,0.452917771883292,26.4764254803278,26.0329778530055,26.2547016666667,0.962959593612011,59.5720232350435,26.205812,26.2190816609408,0.0965175576296051,0.0326041140967808
"7233037","2015-09-29",30.9718006844452,0.685013262599472,0.640804597701152,0.561597406424996,26.4908075204852,26.0292624795147,26.260035,0.81769741552928,59.013318675788,26.211412,26.2418707728154,0.139690384488733,0.0540213681751713
"7233036","2015-09-30",30.3982162071713,0.502652519893902,0.629752431476572,0.627910403772476,26.4807569749497,26.0309896917169,26.2558733333333,0.591291655775589,53.1124791107026,26.212612,26.2469546697733,0.138462955854801,0.0709096857110973
"7233035","2015-10-01",30.5818117915252,0.635444297082228,0.607703359858536,0.626086796345421,26.4943309849466,26.0460823483867,26.2702066666667,0.79714163629264,56.5217414698796,26.222216,26.2620407138036,0.160251112202237,0.0887779710093251
"7233034","2015-10-04",30.4284832694211,0.568965517241381,0.569020778072505,0.602158856469205,26.5005210537752,26.0596922795581,26.2801066666667,0.666111358762196,54.3896021708383,26.228616,26.2697686186297,0.163300765340679,0.103682529875596
"7233033","2015-10-05",30.1373628823517,0.539124668435013,0.581178160919542,0.585967432950195,26.4923006706275,26.0615259960392,26.2769133333333,0.628651945597731,53.4155536507728,26.230696,26.2740661361458,0.15835863457847,0.114617750816171
"7233032","2015-10-06",29.8670368086443,0.617042440318304,0.575044208664901,0.575081049218983,26.4933517104931,26.0614082895068,26.27738,0.666580459007932,55.6490129101762,26.232656,26.284057317993,0.166942987867214,0.125082798226379
"7233031","2015-10-07",28.4004092807634,0.370026525198938,0.50873121131742,0.554984526967288,26.4917648827063,26.0546617839603,26.2732133333333,0.332503284594947,47.8213514314187,26.226844,26.2728496755939,0.12653871019237,0.125373980619577
"7233030","2015-10-08",28.7534920599842,0.294117647058822,0.427062204192023,0.503612541391448,26.4969688056074,26.0564578610593,26.2767133333333,0.636099531862586,48.8611610828567,26.23604,26.2658030521814,0.0995090454584124,0.120200993587344
"7233029","2015-10-11",29.0813546406892,0.44705882352941,0.370400998595725,0.435398138035056,26.5021536798151,26.0630729868516,26.2826133333333,0.612477427174818,52.8107624818592,26.24384,26.2700959785572,0.100885311707644,0.116337857211404
"7233028","2015-10-12",29.3519242416739,0.438627450980396,0.39326797385621,0.396910392214653,26.5024730577392,26.0632102755942,26.2828416666667,0.55476979683063,52.5697183345365,26.241588,26.2732431814163,0.0995060172155116,0.112971489212226
"7233027","2015-10-13",30.2887566129899,0.263157894736847,0.382948056415552,0.382205676289163,26.5113404531958,26.0656962134709,26.2885183333333,0.690768762213746,52.9088514607247,26.244788,26.2768107572274,0.099202442066515,0.110217679783084
"7233026","2015-10-14",30.9940634497867,0.210526315789479,0.304103887168908,0.360106639146891,26.5147473935854,26.0722892730813,26.2935183333333,0.567384908578555,51.6463602610247,26.245988,26.2772359895971,0.0917613958954178,0.10652642300555
"7233025","2015-10-15",31.8612616968613,0.210526315789479,0.228070175438603,0.305040706341021,26.5193724254233,26.0793242412434,26.2993483333333,0.599954963072916,51.6463602610247,26.249188,26.2776045243175,0.0848857388949575,0.102198286183432
"7233024","2015-10-18",33.0728573817147,0.304028375981761,0.241693669186908,0.25795591059814,26.5021529918447,26.1359136748219,26.3190333333333,0.752658109144444,54.1822653798442,26.253988,26.2832572544085,0.0906725080185078,0.0998931305504471
"7233023","2015-10-19",34.2761023535357,0.404761904761907,0.30643886551105,0.258734236712187,26.505969606059,26.1640970606077,26.3350333333333,0.846035391183123,57.203645079153,26.259588,26.2948229538207,0.109338936924863,0.10178229182533
"7233022","2015-10-20",35.2967796906989,0.38095238095238,0.363247553898684,0.303793362865548,26.482432425251,26.213597574749,26.348015,0.559336304935472,56.4025480928052,26.265588,26.3035132266446,0.119672357771328,0.10536030501453
"7233021","2015-10-21",35.7528645068585,0.261904761904759,0.34920634920635,0.339630922872029,26.4671304355019,26.2428995644981,26.355015,0.358709612441656,52.4475922598478,26.269588,26.3043781297587,0.111236851769436,0.106535614365511
"7233020","2015-10-22",37.0345425546391,0.238095238095241,0.293650793650795,0.335368232251943,26.4712380301654,26.2430919698346,26.357165,0.702363053152874,51.667271573074,26.273184,26.3037943791242,0.100327568658365,0.105294005224082
"7233019","2015-10-25",38.2246721704353,0.381190476190474,0.29373015873016,0.312195767195769,26.4744921531189,26.2431111802144,26.3588016666667,0.689867239795898,55.9126884011323,26.288516,26.311301795241,0.108860272201405,0.106007258619547
"7233018","2015-10-26",38.7552025340785,0.238095238095241,0.285793650793653,0.291058201058203,26.4590240303881,26.2469126362785,26.3529683333333,0.454575754685648,51.0807542249695,26.295716,26.3097948892088,0.0960804697370365,0.104021900843045
"7233017","2015-10-27",39.5187682740639,0.425000000000002,0.34809523809524,0.309206349206351,26.4630039109281,26.2452660890719,26.354135,0.848423619531353,57.0645815853753,26.307716,26.320488903981,0.112254727815175,0.105668466237471
"7233016","2015-10-29",40.2277936040504,0.352941176470581,0.338678804855276,0.324189231248057,26.4721164973234,26.2500168360099,26.3610666666667,0.835435000483184,57.6839465477916,26.320916,26.3310903834502,0.126665643449786,0.109867901679934
"7233015","2015-11-01",40.9341215387088,0.323529411764704,0.367156862745097,0.351310301898538,26.4766211118688,26.2485055547979,26.3625633333333,0.810237499400346,56.8015259831621,26.322916,26.3389449989902,0.133473238590232,0.114588969061993
"7233014","2015-11-02",41.6704992909692,0.735294117647059,0.470588235294116,0.39214130096483,26.5077243621591,26.2354523045076,26.3715883333333,1.09589295133502,64.8975350879751,26.332116,26.3644189991248,0.179647246661774,0.127600624581949
"7233013","2015-11-03",41.2560067185775,0.441176470588231,0.5,0.445915032679738,26.5159464709081,26.2386635290919,26.377305,0.750147615328802,56.7204437340763,26.333316,26.3731631325748,0.183485629525637,0.138777625570687
"7233012","2015-11-04",40.7660201878121,0.411764705882355,0.529411764705883,0.5,26.5228853594718,26.2411213071948,26.3820033333333,0.717546085710053,55.9610945485614,26.334516,26.3794080482315,0.181369767248407,0.147296053906231
"7233011","2015-11-05",40.0922177424284,0.312499999999993,0.388480392156861,0.472630718954248,26.5074746745423,26.2788653254577,26.39317,0.631942693744213,54.3926933871047,26.339316,26.3821536418007,0.171594032398104,0.152155649604606
"7233010","2015-11-08",39.3528022825673,0.281249999999999,0.33517156862745,0.417687908496732,26.5085783218813,26.285425011452,26.3970016666667,0.573036484657031,53.5840424083283,26.340512,26.3831998228939,0.158955069587541,0.153515533601193
"7233009","2015-11-09",39.2969975157366,0.477419354838711,0.357056451612902,0.360236137465738,26.5190250024326,26.2906449975674,26.404835,0.867070955778964,57.5280307863506,26.345632,26.391839846508,0.164772472222552,0.155766921325464
"7233008","2015-11-10",39.2451788036795,0.79677419354839,0.518481182795701,0.403569734345352,26.5376158301795,26.2960641698205,26.41684,1.03884953556735,63.2656595254405,26.355432,26.4125278669736,0.197346518322727,0.164082840724917
"7233007","2015-11-11",37.7722938907489,0.387096774193553,0.553763440860219,0.476433691756275,26.5402303246098,26.3007630087235,26.4204966666667,0.609284224876969,53.315370671416,26.358272,26.4135241513772,0.182242574994507,0.167714787578835
"7233006","2015-11-12",36.9799478888058,0.551724137931037,0.578531701890995,0.550258775182305,26.5456706260743,26.313322707259,26.4294966666667,0.81778492806462,55.6797171809378,26.368672,26.4197209311935,0.180409081119759,0.17025364628702
"7233005","2015-11-15",36.2441980298587,0.58620689655172,0.508342602892104,0.546879248547773,26.5484178135136,26.3250021864863,26.43671,0.727781738802828,56.2759045032678,26.378672,26.4264248070344,0.179929783308563,0.172188873691328
"7233004","2015-11-16",35.561001732265,0.399999999999993,0.512643678160918,0.533172660981339,26.5523443802261,26.3275856197739,26.439965,0.663293597957326,56.2759045032677,26.385552,26.4322348327631,0.177497948622141,0.173250688677491
"7233003","2015-11-17",35.6313681984594,0.375234521575976,0.453813806042564,0.491600029031862,26.5599123241969,26.3261243424698,26.4430183333333,0.805326501984211,56.2759045032678,26.392604,26.4372701883947,0.173565262055453,0.173313603353083
"7233002","2015-11-18",35.696708488497,0.422138836772981,0.399124452782985,0.455193978995489,26.5633043746464,26.3363356253536,26.44982,0.721087705494021,56.9983733879011,26.399804,26.4429674966088,0.171518907211632,0.172954664124793
"7233001","2015-11-19",36.049673820569,0.422138836772981,0.406504065040648,0.419814107955399,26.5604760003169,26.3584973330165,26.4594866666667,0.783099204308348,56.9983733879011,26.407804,26.4479051637276,0.167956528597668,0.171955037019368
"7233000","2015-11-22",35.9755733400286,0.281425891181982,0.375234521575983,0.393621013133205,26.5604613232896,26.3650820100437,26.4627716666667,0.532048769967726,53.8997035050759,26.414604,26.4481844752306,0.154201050963443,0.168404239808183
"7232999","2015-11-23",36.3125185850351,0.422138836772981,0.375234521575983,0.385657702730872,26.5639840675414,26.3724125991253,26.4681983333333,0.724816010909249,56.4494176824619,26.421004,26.4524265451998,0.150713696240756,0.164866131094698
"7232998","2015-11-26",37.8441786671843,0.489361702127662,0.397642143360876,0.382703728837614,26.6106548774083,26.361408455925,26.4860316666667,1.35846100441481,65.9217432275738,26.431004,26.4747696725065,0.18845457917207,0.169583820710172
"7232997","2015-11-29",38.4737212268476,0.340638297872341,0.417379612257663,0.396752092398174,26.6359790085484,26.3574209914516,26.4967,1.02652107519746,59.0194752530021,26.438608,26.4848137161723,0.194783672675669,0.174623791103272
"7232996","2015-11-30",39.0582964608207,0.409090909090911,0.413030303030306,0.409350686216282,26.6619900628377,26.3541866038289,26.5080883333333,1.00436405263259,62.072467982174,26.450208,26.5001718873493,0.212531204689914,0.1822052738206
"7232995","2015-12-01",38.4091604224443,0.159090909090902,0.302940038684719,0.377783317990896,26.6634064704441,26.3627701962226,26.5130883333333,0.567340509898297,52.7442223886295,26.457808,26.4988156357028,0.190890610769801,0.18394234121044
"7232994","2015-12-02",36.4020286103396,0,0.189393939393939,0.301788093702988,26.672089487654,26.3340371790126,26.5030633333333,-0.00208206144823057,42.6939229494101,26.456604,26.4763068842757,0.123576660364044,0.171869205041161
"7232993","2015-12-03",34.4534641835182,0,0.053030303030302,0.181788093702987,26.7106001646298,26.2681931687036,26.4893966666667,-0.214417575318031,33.6349512078409,26.449404,26.4287992997056,0.0060391644435942,0.138703196921648
"7232992","2015-12-06",32.6440829300413,0.0945945945945952,0.0315315315315329,0.0913185913185916,26.7298655367505,26.2256011299162,26.4777333333333,-0.0308722891638248,38.3321111907108,26.441404,26.3969593930782,-0.0651148319089856,0.097939591155521
"7232991","2015-12-07",31.0264847160587,0.0810810810810795,0.0585585585585594,0.0477067977067985,26.7466374131895,26.1858292534771,26.4662333333333,0.0133808321548773,37.9192140223981,26.432604,26.3680314740011,-0.123222230973552,0.0537072267297064
"7232990","2015-12-08",29.2872440842947,0.135135135135133,0.103603603603604,0.0645645645645656,26.7552147891231,26.1589218775436,26.4570683333333,0.119200012403559,40.6720672426433,26.425804,26.3482939441343,-0.155293030517922,0.0119071752801807
"7232989","2015-12-09",27.6722349262282,0.148648648648648,0.121621621621621,0.0945945945945951,26.757153409888,26.1317832567787,26.4444683333333,0.167714127971288,41.3719988868192,26.413804,26.3325214182497,-0.17565194982021,-0.0256046497398975
"7232988","2015-12-10",27.5596982869395,0.324054054054053,0.202612612612613,0.142612612612613,26.7487732556816,26.1304500776518,26.4396116666667,0.516585178049888,49.6717918132284,26.410996,26.3361585624831,-0.150280343640685,-0.0505397885200551
"7232987","2015-12-13",26.6699248102228,0.17581081081081,0.216171171171171,0.180135135135135,26.7493705692646,26.1107927640687,26.4300816666667,0.227496009751542,44.0021839682376,26.4042,26.3246840874854,-0.1619317181215,-0.072818174440344
"7232986","2015-12-14",25.0281053618922,0,0.166621621621622,0.195135135135136,26.7504991363718,26.0758108636282,26.413155,0.131896669864939,35.0512379796267,26.389088,26.2843528758206,-0.238378712867227,-0.10593028212572
"7232985","2015-12-15",23.5035587312995,0.0689902124612042,0.0816003410906724,0.154797711294489,26.7529771022763,26.0368728977237,26.394925,0.120271744990063,38.4698578987635,26.376688,26.2571058257112,-0.278123484266735,-0.140368922553923
"7232984","2015-12-16",22.8810699577718,0.145970038380586,0.0716534169472646,0.106625126553187,26.7449096546679,26.0222803453321,26.383595,0.315218769003341,41.8945991124648,26.364372,26.2415050489497,-0.287880553314823,-0.169871248706103
"7232983","2015-12-17",22.3030446680675,0.179473821307631,0.131478024049808,0.0949105940292488,26.7344794509739,25.9972705490261,26.365875,0.220737230036096,43.0253955933501,26.348892,26.2306377090898,-0.286215234421661,-0.193140045849215
"7232982","2015-12-20",22.7920012756378,0.292694965449158,0.206046275045793,0.136392572014289,26.719871002648,25.9890856640187,26.3544783333333,0.387228626095273,45.3340596887679,26.340096,26.2265660145445,-0.269460100379526,-0.208404056755277
"7232981","2015-12-21",23.2460324112387,0.341888779203685,0.271352521986826,0.202958940360809,26.7014076685464,25.9828823314536,26.342145,0.399592963148815,47.0567281638625,26.330896,26.2270238792719,-0.244167011341423,-0.215556647672506
"7232980","2015-12-22",23.5977393124462,0.325435998683774,0.320006581112207,0.265801792714942,26.6877268404718,25.9756264928615,26.3316766666667,0.398876611643771,46.5286252072417,26.320896,26.2260873620356,-0.224609379099461,-0.217367193957897
"7232979","2015-12-23",24.2423987604461,0.473511023362946,0.380278600416803,0.323879234505279,26.6699942406975,25.9768990926358,26.3234466666667,0.533501893737013,51.774313524354,26.314496,26.2372757137642,-0.179352477860828,-0.209764250738483
"7232978","2015-12-27",25.8204441085834,0.392483752472449,0.397143591506391,0.365809591011801,26.6171300919109,26.0040965747558,26.3106133333333,0.716497134799276,51.1735974480407,26.307696,26.245638951929,-0.144894886783731,-0.196790377947533
"7232977","2015-12-28",27.2857719318538,0.533907883582929,0.466634219806109,0.414685470576435,26.581044021855,26.024185978145,26.302615,0.82465186063502,56.6016815561492,26.3045,26.2662337583385,-0.0858405599187706,-0.17460041434178
"7232976","2015-12-29",28.970273557801,0.838184245660879,0.588191960572087,0.483989923961529,26.5895682146553,26.0183684520114,26.3039683333333,1.17652630820083,66.5881020605469,26.3113,26.31740259056,0.0371617935021051,-0.132247972773003
"7232975","2015-12-30",29.1277498146328,0.543031226199542,0.638374451814451,0.564400210730883,26.5976693706963,26.013933962637,26.3058016666667,0.952599464904259,55.5674807888871,26.3113,26.335082245152,0.0723826948563655,-0.0913218392471296
"7232974","2016-01-03",29.2739777674053,0.822289921299825,0.734501797720083,0.653689403368874,26.659767376178,25.9873359571553,26.3235516666667,1.04248159194708,62.8508971862882,26.3189,26.3797379457984,0.165669172660543,-0.039923636865595
"7232973","2016-01-04",29.8655530578722,0.844831702076869,0.736717616525413,0.703197955353316,26.7348502416997,25.9722530916336,26.3535516666667,1.05046319885971,64.5572726174433,26.3233,26.4264395530253,0.254816152357051,0.0190243209789342
"7232972","2016-01-05",29.9312274572977,0.743589743589745,0.803570455655481,0.758263289966993,26.7802382539415,25.9751950793919,26.3777166666667,0.892049366598556,61.0348948328274,26.327696,26.4575809459552,0.300488740282745,0.0753172048396964
"7232971","2016-01-06",28.2632521629186,0.305597999722182,0.6313398151296,0.723875962436832,26.7900196601978,25.9964536731355,26.3932366666667,0.639240678743933,48.7600048481814,26.3181,26.4445834864945,0.242410201076426,0.108735804087042
"7232970","2016-01-07",26.7144179609952,0.342857142857141,0.464014962056358,0.632975077613813,26.7944543346426,26.0140223320241,26.4042383333333,0.558679039104429,50.1951382099105,26.3145,26.4386390216286,0.206174631827416,0.128223569635117
"7232969","2016-01-10",26.1114329243243,0.227155629640858,0.291870257406729,0.462408344864229,26.8003622792987,26.0327810540347,26.4165716666667,0.586976680081907,48.3669793248151,26.3153,26.4268204854115,0.160348070906435,0.134648469889381
"7232968","2016-01-11",25.5515182474156,0.298437500000004,0.289483424166002,0.34845621454303,26.8036964642164,26.0337268691169,26.4187116666667,0.59604924723091,50.7248747200936,26.32694,26.4247110873566,0.141025409221029,0.13592385775571
"7232967","2016-01-12",25.1722568219844,0.453125000000004,0.326239376546957,0.30253101937323,26.8171807274819,26.0516359391848,26.4344083333333,0.677117875713419,54.3670868666974,26.33974,26.4360829423757,0.154156413991346,0.139570369002838
"7232966","2016-01-13",23.9909931793666,0.125000000000001,0.292187500000004,0.302636766904321,26.8105740067192,26.0860959932808,26.448335,0.493096178801989,48.8663038197363,26.34734,26.4272718833923,0.120436110513022,0.135743517304875
"7232965","2016-01-14",23.199441001378,0.635892857142855,0.404672619047621,0.341033165198194,26.815342506218,26.134637493782,26.47499,0.766062386336568,58.1786832275261,26.364784,26.45778229894,0.178952806166532,0.144385375077206
"7232964","2016-01-18",21.5521919793435,0.264117647058822,0.341670168067227,0.346176762371618,26.814513621102,26.1642997122313,26.4894066666667,0.575349562143969,52.0615465590235,26.374972,26.461371325748,0.171043255862569,0.149716951234279
"7232963","2016-01-19",20.5014740652144,0.0982352941176414,0.332748599439774,0.359697128851541,26.7950952127467,26.2193581205867,26.5072266666667,0.515933198430739,49.3058765547489,26.376584,26.4532018156483,0.137392368649381,0.147252034717299
"7232962","2016-01-20",19.525807430666,0.31372549019608,0.225359477124183,0.299926081543728,26.7860384326939,26.2522082339728,26.5191233333333,0.482909671736079,52.8009433121398,26.38698,26.4607749068952,0.142597627182783,0.146321153210396
"7232961","2016-01-21",19.521121787665,0.294117647058822,0.235359477124182,0.264489184562713,26.7758853449619,26.2923613217048,26.5341233333333,0.574198312681529,52.4466178719402,26.406092,26.4660049193091,0.142030571204677,0.145463036809252
"7232960","2016-01-24",19.5167708334498,0.294117647058822,0.300653594771243,0.253790849673203,26.7535980852981,26.3386819147019,26.54614,0.388796814224647,52.4466178719402,26.422892,26.4705375967346,0.139964163447592,0.14436326213692
"7232959","2016-01-26",19.5575636185263,0.340136054421766,0.309457116179805,0.281823396025077,26.7415952209454,26.3663514457213,26.5539733333333,0.365047728054222,52.4466178719402,26.437288,26.47446591717,0.136747328436959,0.142840075396928
"7232958","2016-01-27",19.7808402300693,0.453514739229024,0.362589480236539,0.324233397062529,26.7399807115345,26.3786326217989,26.5593066666667,0.474244594254041,54.3592755053086,26.452888,26.484537128214,0.147726702719519,0.143817400861446
"7232957","2016-01-28",19.450454796803,0,0.264550264550265,0.312198953655536,26.7766036567205,26.3163363432795,26.54647,-0.194820866036393,37.7019706631046,26.446484,26.4252655111188,0.000873592579453408,0.115228639205048
"7232956","2016-01-31",18.1303355418273,0.592592592592591,0.34870244394054,0.325280729575782,26.7674529052391,26.3194470947609,26.54345,0.693189458653695,52.4656441449704,26.458084,26.437896776303,0.0305900380743296,0.0983009189789041
"7232955","2016-02-01",18.078762743505,0.62280701754386,0.405133203378819,0.339461970623208,26.8306785525894,26.2885547807439,26.5596166666667,1.11557283409768,57.645216145551,26.479284,26.4795105394626,0.122836668245307,0.103208068832185
"7232954","2016-02-02",18.0308737164914,0.973333333333333,0.729577647823263,0.494471098380874,26.9536912495449,26.2116687504551,26.58268,1.26401995990063,64.8180187765053,26.512868,26.5688558008676,0.313626376526699,0.145291730371088
"7232953","2016-02-03",16.9407342779369,0.661315789473685,0.752485380116961,0.629065410439681,26.9692048002322,26.2050818664345,26.5871433333333,0.860487369876013,55.7650400741579,26.532624,26.5988616940852,0.352373950125839,0.186708174322038
"7232952","2016-02-04",15.8738713114805,0.824561403508773,0.819736842105265,0.767266623348497,27.0210038614215,26.1830961385785,26.60205,0.964748869177828,58.9921236776184,26.55582,26.6496801348739,0.434331124179876,0.236232764293606
"7232951","2016-02-07",15.1557979506075,0.842105263157895,0.775994152046786,0.782738791423004,27.0895007851828,26.1696858814839,26.6295933333333,0.962056730063357,59.3354670535535,26.56982,26.696389450224,0.499336055613697,0.288853422557624
"7232950","2016-02-08",14.9251733711235,0.444477611940299,0.703714759535657,0.766481917895903,27.1161471068239,26.1864095598427,26.6512783333333,0.750022171046829,50.9630664282183,26.577244,26.6882841901941,0.435624366704523,0.318207611387004
"7232949","2016-02-09",14.7110219758884,0.716417910447762,0.66766692851532,0.715791946699255,27.169344316934,26.1902790163993,26.6798116666667,0.882189352568183,57.4316234022884,26.590444,26.7298462981683,0.48954138216728,0.352474365543059
"7232948","2016-02-10",14.6603731025746,0.682686567164179,0.614527363184081,0.66196968374502,27.2083598871091,26.2035301128909,26.705945,0.807901239863259,56.4371483007688,26.599436,26.7598401250792,0.512576941167908,0.384494880668029
"7232947","2016-02-11",14.613342005926,0.708955223880597,0.70268656716418,0.661626952954528,27.2424670126014,26.2130896540653,26.7277783333333,0.770929150540048,57.0607201347362,26.612636,26.7905281084019,0.535165124638137,0.414628929462051
"7232946","2016-02-15",13.6524269275121,0.811940298507464,0.734527363184081,0.683913764510781,27.2953999331766,26.2326900668234,26.764045,0.880745186882632,59.5078771776069,26.643352,26.835524360615,0.587673356382501,0.449237814846141
"7232945","2016-02-17",12.7601486404134,0.843283582089554,0.78805970149254,0.741757877280267,27.3493238625215,26.2314894708118,26.7904066666667,0.851507047538337,60.2503747026265,26.674152,26.880121112533,0.634374452658992,0.486265142408711
"7232944","2016-02-18",12.1030153741744,0.813432835820896,0.822885572139306,0.781824212271976,27.3850103658353,26.254962967498,26.8199866666667,0.774336575429917,59.1381624501527,26.705352,26.9134382975286,0.651691684947808,0.519350450916531
"7232943","2016-02-21",11.4799941842707,0.639534883720931,0.765417100543795,0.792120791391881,27.4125493952584,26.2884472714082,26.8504983333333,0.745649389091285,57.4257417123227,26.731712,26.9343131911915,0.639957743718456,0.543471909476916
"7232942","2016-02-22",11.9084046374482,0.514113836186948,0.655693851909593,0.747998841530899,27.4472281165277,26.3247685501389,26.8859983333333,0.797562314641964,57.6458679808223,26.754512,26.9537380990326,0.62637418424818,0.560052364431168
"7232941","2016-02-23",13.7661916473358,0.641691499929046,0.598446739945644,0.673185897466345,27.5889001568556,26.2969298431444,26.942915,1.09244266312486,66.2821556128671,26.801312,27.0319063524949,0.744347122555022,0.596911316055939
"7232940","2016-02-24",13.9808472485909,0.360010778765832,0.505272038293944,0.586470876716394,27.6460526980497,26.3384439686169,26.9922483333333,0.878108773828544,56.3322884573023,26.821868,27.0503188388289,0.718823709834027,0.621293794811557
"7232939","2016-02-25",14.1801703068992,0.467798437078953,0.489833571924612,0.5311841167214,27.696332339153,26.390497660847,27.043415,0.87007109299131,59.1855252285996,26.85568,27.0876096603184,0.737691523724315,0.644573340594108
"7232938","2016-02-28",14.3652560038997,0.467798437078953,0.431869217641248,0.475658275953268,27.725111448106,26.4530518852273,27.0890816666667,0.794209231696454,59.1855252285996,26.892876,27.119928372276,0.743915381883786,0.664441748852044
"7232937","2016-02-29",15.1448333531234,0.548639180813796,0.494745351657235,0.472149380407699,27.6990723167965,26.6180910165368,27.1585816666667,0.923767737600974,61.3804288572677,26.930476,27.1639379226392,0.77541738066953,0.686636875215541
"7232936","2016-03-01",15.868726605974,0.424991417782355,0.480476345225036,0.469030304841174,27.7082037426335,26.6983495906998,27.2032766666667,0.817494692396313,61.3804288572677,26.968476,27.2020795329539,0.791057801437156,0.707521060459864
"7232935","2016-03-02",14.7944185999642,0.0387916237555794,0.337474074117245,0.437565256999839,27.7107742138846,26.7381124527821,27.2244433333333,0.594815419934669,49.7456748433918,26.988476,27.1751355952267,0.662271843140716,0.698471216996035
"7232934","2016-03-03",13.7968468800979,0.460265486725665,0.308016176087868,0.375322198476717,27.7565274410149,26.7363892256517,27.2464583333333,0.836661896882648,59.189124898652,27.02888,27.2197975158632,0.703427826616698,0.699462538920167
"7232933","2016-03-06",12.9077466082098,0.473214285714286,0.324090465398512,0.323193571867875,27.7847751340903,26.782548199243,27.2836616666667,0.822287287209282,59.5087938032028,27.06808,27.2611578470814,0.733269373779666,0.706223905892067
"7232932","2016-03-07",13.2512100795885,0.0892857142857155,0.340921828908557,0.32434282346498,27.7826413465431,26.8168686534569,27.299755,0.514059554003268,50.3341844004495,27.11048,27.2396701341372,0.622386029233879,0.689456330560429
"7232931","2016-03-08",13.5701404458687,0.0983035714285706,0.220267857142859,0.295093383816643,27.7822974826146,26.8430925173854,27.312695,0.500750634873214,50.5271194963367,27.134084,27.2223941162523,0.531379431650003,0.657840950778344
"7232930","2016-03-09",14.027826236954,0.0485714285714295,0.0787202380952401,0.213303308048886,27.7601855831329,26.8911244168671,27.325655,0.289748209033655,49.3876812194662,27.14626,27.199994900752,0.437693734939271,0.613811507610529
"7232929","2016-03-10",14.1033621329828,0.351964285714287,0.166279761904764,0.155089285714288,27.7597513869103,26.925771946423,27.3427616666667,0.563996381775886,55.9186029231527,27.156044,27.225888913985,0.458933265849404,0.582835859258304
"7232928","2016-03-13",15.0898351297227,0.0625000000000002,0.15434523809524,0.133115079365082,27.7470960613732,26.9572272719601,27.3521616666667,0.311578409821811,49.3725685257182,27.167088,27.2051037254537,0.375291317307425,0.541326950868128
"7232927","2016-03-14",16.3663115432941,0,0.138154761904764,0.15292658730159,27.7372620427143,26.9763946239524,27.3568283333333,0.16245323823793,46.6514346643858,27.164688,27.1670898953932,0.26143983435194,0.485349527564891
"7232926","2016-03-15",16.9272657725017,0.00980582524271631,0.0241019417475737,0.105533980582527,27.7380638629855,26.9740661370145,27.356065,0.234730885825061,46.8637931075183,27.161892,27.1354912426741,0.172158857519822,0.422711393555877
"7232925","2016-03-16",17.4481518424801,0.0776699029126199,0.0291585760517803,0.0638050932347065,27.7374562982422,26.9763403684245,27.3568983333333,0.293857509498026,48.3948123013409,27.176468,27.1174257436509,0.120769465662907,0.362323007977283
"7232924","2016-03-17",17.9901528113239,0.0582524271844649,0.0485760517799353,0.033945523193097,27.7473808602599,26.9557458064068,27.3515633333333,0.0853350205557175,47.9689319164598,27.175668,27.0991023111641,0.0732273656595783,0.304503879513742
"7232923","2016-03-20",17.6205895512782,0.0873786407766991,0.0744336569579295,0.0507227615965489,27.7488229247334,26.9521937419333,27.3505083333333,0.192485531174102,48.698216832864,27.177876,27.0872220030089,0.0439669485558403,0.252396493322162
"7232922","2016-03-21",17.27742366695,0.194174757281553,0.113268608414241,0.0787594390507023,27.7522674728656,26.9394158604678,27.3458416666667,0.230362840330161,51.388685677902,27.183076,27.0915924026077,0.0529435469334816,0.212505904044426
"7232921","2016-03-22",17.0557452802173,0.285714285714284,0.18908922792418,0.125597164432117,27.6975603338523,26.9558896661477,27.326725,0.49902247718351,52.3669492763465,27.184356,27.1007134155934,0.0711480636791606,0.184234335971373
"7232920","2016-03-23",16.8499010639656,0.424999999999999,0.301629680998614,0.201329172445679,27.6823176650492,26.9552656682842,27.3187916666667,0.512665302308916,55.2064658812404,27.188636,27.1242182935142,0.119014549527652,0.171190378682628
"7232919","2016-03-27",17.0086420222806,0.414756097560977,0.375156794425088,0.288625234449295,27.6615550272262,26.9588016394404,27.3101783333333,0.562926294536967,54.6992383470376,27.19384,27.142335854379,0.150145728661988,0.1669814486785
"7232918","2016-03-28",17.9831850571299,0.455053763440858,0.431603287000613,0.369463254141439,27.6688593194805,26.9563773471862,27.3126183333333,0.780028137915569,56.8010097224018,27.204768,27.1691177404618,0.197196845677472,0.173024528078295
"7232917","2016-03-29",19.3400201342127,0.513274336283185,0.461028065761675,0.422596049062459,27.6845436364803,26.947359696853,27.3159516666667,0.998358207386338,60.5228323575924,27.221568,27.2132353750669,0.277721422683896,0.193963906999415
"7232916","2016-03-30",20.5999384200754,0.663805309734514,0.54404446981952,0.478891940860603,27.7406287550395,26.9168912449605,27.32876,1.04787679466411,64.1329448598007,27.226772,27.2741506583913,0.387234050825525,0.232617935764637
"7232915","2016-03-31",21.7698625426621,0.672566371681415,0.616548672566373,0.540540402715856,27.8042845809687,26.8979020856979,27.3510933333333,0.954819021937128,64.3373556687004,27.247172,27.3282639039391,0.471203737805714,0.280335096172852
"7232914","2016-04-03",22.4297164157449,0.601769911504425,0.64604719764012,0.602213446675338,27.8270534896855,26.8878098436478,27.3574316666667,0.882472643297051,61.297250506746,27.257972,27.3644953834139,0.508068540371132,0.325881785012508
"7232913","2016-04-04",23.0424378693217,0.665684436110366,0.646673573098737,0.63642314776841,27.8455064822962,26.8798635177038,27.362685,0.861467277381032,63.0730164580466,27.271796,27.4059759989587,0.553030989185976,0.371311625847202
"7232912","2016-04-05",23.0145730491683,0.549345794392521,0.605600047335773,0.632773606024877,27.880521430725,26.880368569275,27.380445,0.78804430246359,58.9215662179064,27.276508,27.4275525324309,0.550470495993549,0.407143399876471
"7232911","2016-04-06",22.5280709883683,0.467943925233643,0.560991385245512,0.604421668560008,27.9019049075424,26.8870250924576,27.394465,0.696412419517217,55.7298227759154,27.277736,27.4346388614401,0.516832210938234,0.429081162088824
"7232910","2016-04-07",22.0763190747684,0.576923076923075,0.531404265516415,0.565998566032567,27.9285102621955,26.9134597378044,27.420985,0.748606672544416,59.2580799830287,27.302136,27.4580203465814,0.522136790496774,0.447692287770414
"7232909","2016-04-10",21.1931764177842,0.0860215053763423,0.376962835844355,0.489786162202094,27.926407400913,26.9028325990869,27.41462,0.357571067198436,46.5808033729713,27.289732,27.4236176337039,0.401184587824943,0.43839074778132
"7232908","2016-04-11",20.2696199743471,0.652808988764044,0.438584523687822,0.448983875016198,27.9624753662359,26.9205313004307,27.4415033333333,0.787440253748389,59.0344221601032,27.298172,27.4659352825434,0.459095537412746,0.442531705707605
"7232907","2016-04-12",19.9484284834246,0,0.24627683138013,0.35394139697077,27.9531447330734,26.9503619335932,27.4517533333333,0.353653918466298,47.187405530174,27.302172,27.4304772448709,0.341996689913726,0.422424702548829
"7232906","2016-04-13",19.5993279362824,0.10235294117647,0.251720643313506,0.312193999460487,27.9467655463772,26.9781677869561,27.4624666666667,0.402126554518721,48.9612296458856,27.309248,27.4113469455548,0.271621536192135,0.39226406927749
"7232905","2016-04-14",19.9327709228112,0,0.0341176470588251,0.177371707250821,27.9514634669271,26.9668031997396,27.4591333333333,0.169124457585181,44.2347756524866,27.308272,27.3605006861475,0.138484946563255,0.341508244734643
"7232904","2016-04-17",20.0069222132086,0,0.0341176470588251,0.106651979143719,27.9383489283294,26.9922544050039,27.4653016666667,0.16321018445391,44.0565602381521,27.293304,27.3151005946612,0.0295207303633305,0.279110741860381
"7232903","2016-04-18",20.0757769828633,0.0817346938775526,0.0272448979591859,0.0318267306922791,27.9375169308872,26.9939130691128,27.465715,0.12705218338316,45.9354915082226,27.294508,27.2864338487064,-0.0328852645849254,0.21671154057132
"7232902","2016-04-19",19.5694415581736,0.0860215053763461,0.0559187330846346,0.0390937593675489,27.9346213899926,27.0001086100074,27.467365,0.17073929867689,45.933417346322,27.301708,27.2615760022122,-0.0814863299667845,0.157071966463699
"7232901","2016-04-20",18.7756232685033,0.141397849462365,0.10305134957209,0.0620716602053037,27.9378887003964,26.9863412996036,27.462115,0.24660747346996,47.2543267661882,27.310564,27.2468992019172,-0.103590680923016,0.104939436986356
"7232900","2016-04-21",17.7349084850339,0.201764705882355,0.14306135357369,0.100677145410138,27.9388245560175,26.9799221106492,27.4593733333333,0.305812710598393,48.3106161571209,27.318224,27.2395126416616,-0.108023352602737,0.0623468790685372
"7232899","2016-04-24",16.8487399766632,0.176470588235296,0.173211047860007,0.139774583668596,27.9406478436378,26.9666588230289,27.4536533333333,0.280640922215174,47.7570157376989,27.325824,27.23024428944,-0.116569663421495,0.0265635705705307
"7232898","2016-04-25",17.0954751170707,0,0.126078431372552,0.147450277602083,27.9572433171748,26.8948500161585,27.4260466666667,0.0613237901436363,40.3463923426524,27.319424,27.179545050848,-0.215830635426573,-0.0219152706288899
"7232897","2016-04-26",18.7879367379337,0,0.0588235294117671,0.119371002881442,28.0377106926432,26.6880493073568,27.36288,-0.198604857691674,30.1217904506396,27.282624,27.0489390440683,-0.482872750589758,-0.114106766621064
"7232896","2016-04-27",20.3595082430208,0.227125243348476,0.0757084144494936,0.086870125077938,28.0272883238862,26.5803383427804,27.3038133333333,0.0127129415620066,39.0749615253453,27.258224,26.9824138381925,-0.584209682464265,-0.208127349789704
"7232895","2016-04-28",21.1160959203383,0.356911096690461,0.194678780012981,0.109736907958081,27.9796410884176,26.5303189115823,27.25498,0.176874237613677,43.5276053147315,27.237144,26.9514253264335,-0.598033503132078,-0.286108580458179
"7232894","2016-05-01",20.245770337932,0.654702784048157,0.412913041362366,0.227766745274947,27.9204559592744,26.5325107073922,27.2264833333333,0.442540961257776,49.8455003324472,27.229544,26.9672486162424,-0.507301827064066,-0.330347229779356
"7232893","2016-05-02",19.4376108685548,0.677200902934538,0.562938261224387,0.390176694199912,27.8556136394581,26.5398463605419,27.19773,0.453591083839982,50.4036569190206,27.219816,26.9849488007434,-0.421589283492552,-0.348595640521995
"7232892","2016-05-03",18.6871770755617,0.776384957541449,0.70276288150805,0.559538061364935,27.7943769008307,26.5515630991693,27.17297,0.500292347359568,51.5684250756614,27.206216,27.0082889606443,-0.331905686369072,-0.345257649691411
"7232891","2016-05-04",19.0110040047952,0.461059441973312,0.638215100816435,0.634638747849624,27.7418599185583,26.527493414775,27.1346766666666,0.247404648944411,44.2893556208858,27.170216,26.9765304325584,-0.373099804321486,-0.350826080617426
"7232890","2016-05-05",18.7529958968157,0.444803881924788,0.560749427146518,0.633909136490334,27.6587014300926,26.529985236574,27.0943433333333,0.298287055706266,43.94498285381,27.133016,26.9463263748839,-0.407170512658372,-0.362094967025615
"7232889","2016-05-08",18.5134169394062,0.46906591184796,0.458309745248688,0.552424757737214,27.6441694398546,26.4956338934787,27.0699016666667,0.247590165945302,44.6369088533666,27.100216,26.9241495248994,-0.420419834435926,-0.373759940507677
"7232888","2016-05-09",17.8187378789655,0.460978568540235,0.458282787437663,0.49244731994429,27.5176491614588,26.5296908385412,27.02367,0.290169961096017,44.4399921474125,27.063992,26.9035962549128,-0.429028608450621,-0.384813674096266
"7232887","2016-05-10",16.9891535960992,0.485240598463406,0.471761692950535,0.462784741878962,27.4826974912958,26.5194758420375,27.0010866666667,0.346605053523157,45.220739559401,27.03328,26.8897834209244,-0.422027135132697,-0.392256366303552
"7232886","2016-05-11",16.383004627138,0.466101694915255,0.470773620639634,0.466939367009278,27.4305900952617,26.5161499047383,26.97337,0.324989465330625,44.1082360792491,27.004052,26.8711456314679,-0.42660419060615,-0.399125931164072
"7232885","2016-05-12",15.8201520131026,0.5,0.483780764459555,0.475438692683242,27.4138917595701,26.4985149070965,26.9562033333333,0.318431793545791,44.1082360792491,26.969652,26.8549928806055,-0.425369278782228,-0.404374600687703
"7232884","2016-05-15",15.2975031572126,0.5,0.488700564971753,0.481084983356981,27.3936007491662,26.4794725841672,26.9365366666667,0.299586819061059,44.1082360792491,26.951652,26.8409938298581,-0.419586586630605,-0.407416997876283
"7232883","2016-05-16",15.0062768283685,0.199999999999998,0.400000000000001,0.457493776477103,27.3757165259735,26.4576434740265,26.91668,0.282137888799619,42.7933325932624,26.910012,26.8221946525437,-0.425173952835711,-0.410968388868169
"7232882","2016-05-17",15.4550925429417,0,0.233333333333334,0.37401129943503,27.3551077491617,26.4199522508383,26.88753,0.167581130741709,37.9233684201036,26.882012,26.7792353655378,-0.484319986944404,-0.425638708483416
"7232881","2016-05-18",14.9489776463699,0,0.0666666666666675,0.233333333333335,27.308913581796,26.4184597515374,26.8636866666667,0.365738874638103,37.605363948073,26.84998,26.7401639834661,-0.529435697241587,-0.44639810623505
"7232880","2016-05-19",14.479013813839,0.392607909020417,0.130869303006807,0.14362310100227,27.253240625392,26.441149374608,26.847195,0.618383658536542,47.952488136044,26.84038,26.7468087856706,-0.468182945956186,-0.450755074179277
"7232879","2016-05-22",13.5270335325353,0.159989661411216,0.184199190143879,0.127245053272452,27.1900585456182,26.4623281210485,26.8261933333333,0.491443718090599,43.3639852160553,26.82398,26.7285676142479,-0.468566821121785,-0.454317423567779
"7232878","2016-05-23",12.6430518427533,0.341044197467045,0.297880589299561,0.20431636081675,27.1842043861774,26.4628556138226,26.82353,0.615344111644803,47.5692760250926,26.80998,26.7314385990148,-0.421732760184179,-0.447800490891059
"7232877","2016-05-24",11.8441255059002,0.333936417678984,0.278323425519083,0.253467734987508,27.1576903912552,26.5370096087448,26.84735,0.57902612966622,47.4204160489262,26.795764,26.7331934524795,-0.381871352555418,-0.434614663223931
"7232876","2016-05-25",11.1022653359652,0.45709485655208,0.377358490566038,0.317854168461561,27.1541134181546,26.5737099151787,26.8639116666667,0.613808754877112,50.3213389086036,26.7833,26.7474209921489,-0.317853884540631,-0.411262507487271
"7232875","2016-05-26",10.4133951781684,0.586456448694754,0.459162574308607,0.371614830131243,27.1669774758343,26.5811791908324,26.8740783333333,0.697886661048007,53.2395934727445,26.77324,26.7730981931957,-0.23424543251197,-0.375859092492211
"7232874","2016-05-30",10.2583328900673,0.560609976738176,0.534720427328338,0.457080497400995,27.1427279404944,26.5934220595056,26.868075,0.788712850445346,52.5750648230666,26.76324,26.7926851007696,-0.172055116931047,-0.335098297379978
"7232873","2016-05-31",10.1143464796877,0.71568880847764,0.620918411303525,0.538267137646824,27.1290296129967,26.6011203870033,26.865075,0.900810700492157,56.1145150860638,26.77084,26.825660420667,-0.0856992723501593,-0.285218492374014
"7232872","2016-06-01",9.82838715307482,0.448436288446628,0.574911691220816,0.57685017661756,27.0752736928559,26.6274263071441,26.85135,0.60602570171949,49.2876523305688,26.796168,26.8266656979114,-0.0785768327945191,-0.243890160458115
"7232871","2016-06-02",10.1238633849227,0.277591108813647,0.480572068579307,0.558800723701216,27.0747720619091,26.6245346047576,26.8496533333333,0.37639115215905,45.4785861642273,26.802208,26.8099102715232,-0.11141770522145,-0.217395669410782
"7232870","2016-06-05",10.3431368018255,0.392607909020417,0.372878435426899,0.476120731742341,27.0741630856158,26.6241435810509,26.8491533333333,0.516695572652113,48.3713588870625,26.803808,26.8072555686535,-0.109416597953127,-0.195799855119251
"7232869","2016-06-06",10.2591490976376,0.573533212716463,0.41457741018351,0.422675971396572,27.0867400590744,26.630253274259,26.8584966666667,0.737400081677769,52.6291207035644,26.798204,26.823621492833,-0.0649586094678578,-0.169631605988973
"7232868","2016-06-07",11.0343407390643,0.315068493150685,0.427069871629189,0.404841905746533,27.0892569910663,26.6340996756003,26.8616783333333,0.54025348169546,46.7035860749323,26.783404,26.8111386271219,-0.0888703344119723,-0.153479351673573
"7232867","2016-06-08",11.8713696406932,0.140625,0.343075568622384,0.394907616811695,27.0887630164528,26.6255936502138,26.8571783333333,0.297385132004659,45.8693292689061,26.765004,26.7963201435057,-0.115536919514336,-0.145890865241725
"7232866","2016-06-09",11.8187817986762,0.190476190476192,0.215389894542294,0.328511778264623,27.0890786336553,26.626944699678,26.8580116666667,0.43938625881553,46.8909801169847,26.7634,26.7874774577049,-0.126198888059503,-0.141952469805281
"7232865","2016-06-12",11.7699502310889,0.462962962962964,0.264688051146387,0.274384504770355,27.0981822861831,26.6338410471502,26.8660116666667,0.680876317400205,53.7802444038008,26.7714,26.8091471300109,-0.0676261457866034,-0.127087205001545
"7232864","2016-06-13",12.717819485492,0.0248148148148162,0.226084656084659,0.235387533924447,27.0979309455034,26.6346523878299,26.8662916666667,0.268263970876454,46.7557323006479,26.768736,26.7963808460095,-0.0913816917723853,-0.119946102355713
"7232863","2016-06-14",13.0364430983861,0.222222222222224,0.23666666666667,0.242479791299239,27.0948302440295,26.6522264226372,26.8735283333333,0.472597766338348,49.9290006551301,26.770736,26.7995300665415,-0.0772283832253029,-0.111402558529631
"7232862","2016-06-15",13.4571797020512,0.166666666666667,0.137901234567904,0.200217519106411,27.0624190582492,26.7113009417508,26.88686,0.375939184128645,49.0431489543121,26.770336,26.7982593910027,-0.074188812180076,-0.10395980925972
"7232861","2016-06-16",13.3623566609081,0.312962962962964,0.233950617283953,0.202839506172843,27.0591377668371,26.7324322331629,26.895785,0.582178997800852,51.4842267872122,26.775096,26.8076914722023,-0.047450656871828,-0.0926579787821418
"7232860","2016-06-19",13.6335063060656,0.187708333333332,0.222445987654323,0.198099279835394,27.0544227128395,26.7254872871605,26.889955,0.307799155301854,48.9615102982524,26.7767,26.8053459425753,-0.0494402111197778,-0.084014425249669
"7232859","2016-06-20",16.0529882115207,0,0.166890432098767,0.207762345679015,27.1593600560086,26.5715532773247,26.8654566666667,-0.410939931427136,32.7504952919251,26.7487,26.704633150232,-0.271148097436624,-0.12144115968706
"7232858","2016-06-21",18.2996499808719,0.194690265486725,0.127466199606687,0.172267539786593,27.211604177565,26.4612991557683,26.8364516666667,-0.179481435580034,39.1952966483134,26.7315,26.6466820635344,-0.376613899709588,-0.172475707691566
"7232857","2016-06-22",19.8132916371815,0.194690265486725,0.129793510324485,0.141383380676647,27.2368840913916,26.3823792419417,26.8096316666667,-0.0261897190591013,39.1952966483134,26.7223,26.5964577883965,-0.455237040422174,-0.229027974237687
"7232856","2016-06-23",20.1293283690419,0.36283185840708,0.250737463126845,0.169332391019339,27.2280630648826,26.3538702684507,26.7909666666667,0.231981319273828,44.5206910295575,26.721252,26.5782634166103,-0.454784040984402,-0.27417918758703
"7232855","2016-06-26",19.7555010564952,0.265486725663718,0.274336283185842,0.218289085545724,27.209045477679,26.327054522321,26.76805,0.231988937191116,42.2154829589463,26.703652,26.5478282943956,-0.48234776049233,-0.31581290216809
"7232854","2016-06-27",19.1213216686704,0.77551020408163,0.467942929384144,0.331005558565611,27.1869296311867,26.3325003688133,26.759715,0.617331733686411,53.142001331806,26.711652,26.5827845218095,-0.360275620800088,-0.32470544589449
"7232853","2016-06-28",18.7470128528815,0.714183673469387,0.58506020107158,0.442446471213856,27.150857667789,26.3438956655443,26.7473766666666,0.602264212074178,51.7647729943624,26.711644,26.6050665855682,-0.278610464624274,-0.315486449640447
"7232852","2016-06-29",18.3994403810775,0.714358608021225,0.734684161857416,0.59589576410438,27.1427331918978,26.3444701414355,26.7436016666667,0.599881444619672,51.7670128623081,26.71186,26.6243910408258,-0.21144378557526,-0.294677916827409
"7232851","2016-06-30",18.2326793500892,0.673538116134299,0.700693465874972,0.673479276267989,27.1421940920132,26.3442759079868,26.743235,0.554431228083459,50.7518066436883,26.706664,26.6358055687157,-0.168405561700469,-0.269423445802021
"7232850","2016-07-04",18.1184832698291,0.663332993162566,0.683743239106032,0.706373622279473,27.1325139318504,26.3413960681495,26.736955,0.492556945553252,50.4852494774918,26.697064,26.6443648262203,-0.135764902159641,-0.242691737073545
"7232849","2016-07-05",17.3577189335031,0.561383814674967,0.632751641323945,0.672396115434983,27.1051293222689,26.3424340110644,26.7237816666667,0.473276790394232,47.7851369570406,26.684268,26.6384628493909,-0.138553814358922,-0.22186415253062
"7232848","2016-07-06",16.6512949069146,0.591897132360443,0.605537980065993,0.640677620165324,27.0903374850703,26.341225848263,26.7157816666667,0.505631114410824,48.6700059024705,26.667868,26.6373344694721,-0.130209991873176,-0.203533320399132
"7232847","2016-07-07",16.1460279258215,0.585275029258434,0.579518658764616,0.605936093384852,27.0863051999744,26.3382648000256,26.712285,0.47475403734707,47.7976848469243,26.658544,26.6323698735425,-0.131144663229477,-0.189055588965201
"7232846","2016-07-10",15.9320817217479,0.531971486328334,0.569714549315738,0.584923729382116,27.0737636687124,26.329439664621,26.7016016666667,0.385441913918374,46.3002447297519,26.652504,26.6213872237368,-0.145397165015648,-0.18032390417529
"7232845","2016-07-11",15.4565857606132,0.707012987012987,0.608086500866586,0.585773236315647,27.0635424898153,26.333620843518,26.6985816666667,0.761697038719614,54.416547292107,26.65348,26.6471222605719,-0.075716213957433,-0.159402366131719
"7232844","2016-07-12",14.5231535693756,0.587922077922078,0.608968850421134,0.59558996686782,27.0637827585199,26.3336672414801,26.698725,0.586390438948277,51.5087793236127,26.645188,26.6571992924957,-0.0477328977586455,-0.137068472457104
"7232843","2016-07-13",14.5549861017186,0.623333333333335,0.639422799422801,0.618826050236841,27.0645271050325,26.3334528949675,26.69899,0.729402156020646,53.1947520916147,26.647192,26.6735860534962,-0.00810384204641412,-0.111275546374966
"7232842","2016-07-14",14.6268407386659,0.742857142857143,0.651370851370853,0.633254167071597,27.0775578887946,26.3290921112054,26.703325,0.802852858189623,55.7875265145969,26.653992,26.6997745796967,0.0498789832027891,-0.0790446404594151
"7232841","2016-07-17",14.2862804662287,0.5002,0.62213015873016,0.637641269841272,27.0689594160653,26.3321005839347,26.70053,0.725556546364211,53.3145602996766,26.656796,26.7131513024038,0.073824991005722,-0.0484707141663876
"7232840","2016-07-18",14.2058130366585,0.619999999999997,0.621019047619048,0.631506685906687,27.0827056344285,26.3280143655715,26.70536,0.7888245065608,55.14934129346,26.653196,26.73273112875,0.109603306436123,-0.0168559100458854
"7232839","2016-07-19",14.9394610753428,0.66666666666667,0.595622222222224,0.612923809523811,27.1140898313845,26.3722968352821,26.7431933333333,0.963031243403526,59.4473844298712,26.66506,26.7697003115833,0.181055005491837,0.0227262730616591
"7232838","2016-07-20",16.4041003903108,0.652173913043477,0.646280193236716,0.620973821025996,27.1730239949175,26.4063660050825,26.789695,1.10910037181926,63.010290137948,26.67826,26.8204069367056,0.276497676468623,0.0734805537430519
"7232837","2016-07-21",17.446634101104,0.597934782608697,0.638925120772949,0.626942512077297,27.1841969756486,26.4718663576847,26.8280316666666,0.919330096353952,60.954638990171,26.690664,26.8576993451448,0.333107003335043,0.12540584366145
"7232836","2016-07-24",17.9721173387844,0.521739130434784,0.590615942028987,0.625273752012885,27.2006921598603,26.506041173473,26.8533666666666,0.802310086813761,58.0876633796258,26.697104,26.8806727657922,0.352757149816729,0.170876104892506
"7232835","2016-07-25",18.8235804629005,0.510869565217391,0.543514492753626,0.591018518518521,27.2099450530392,26.5526216136275,26.8812833333333,0.817525063237497,57.6709466075992,26.7063,26.8992497303532,0.361118484512724,0.208924580816549
"7232834","2016-07-26",19.4814486332683,0.489239130434783,0.507282608695654,0.547137681159423,27.2259156791103,26.5546609875563,26.8902883333333,0.723131897948585,56.7977224255586,26.744304,26.9126964329728,0.357623820693886,0.238664428792017
"7232833","2016-07-27",20.0923262200385,0.489239130434783,0.49644927536232,0.515748792270533,27.2405894969595,26.5604371697072,26.9005133333333,0.696848060797744,56.7977224255586,26.773508,26.9243502419098,0.350790048260463,0.261089552685706
"7232832","2016-07-28",20.8677212481122,0.371069182389938,0.449849147753169,0.484527010603715,27.2561195495039,26.5676937838294,26.9119066666667,0.702336025579874,56.7927108121421,26.802708,26.9344368763218,0.341392614281544,0.277150165004874
"7232831","2016-07-31",21.5877309170379,0.371069182389938,0.410459165071554,0.452252529395681,27.2682003267786,26.5810630065547,26.9246316666667,0.669594921670164,56.7927108121421,26.824308,26.9431786261455,0.33012664039973,0.287745460083845
"7232830","2016-08-01",22.2563113238974,0.333236700971157,0.358458355250346,0.406255556025023,27.2720831380796,26.605073528587,26.9385783333333,0.607077417851608,57.2303854143166,26.850708,26.9520881426595,0.320486523930441,0.294293672853164
"7232829","2016-08-02",23.4825902056651,0.313330347813109,0.339212077058069,0.36937653245999,27.2751533826808,26.6373299506525,26.9562416666666,0.657449530633663,57.2303854143166,26.858708,26.9598097236382,0.309270840516485,0.297289106385828
"7232828","2016-08-03",24.4439416459284,0.284669353634871,0.310412134139714,0.336027522149377,27.2698619673826,26.6697013659507,26.9697816666666,0.535021181469101,55.9679637808855,26.868344,26.9639417604865,0.291272263981468,0.296085737904956
"7232827","2016-08-04",25.7426649812543,0.163934426229511,0.253978042559165,0.301200751252316,27.2573727616114,26.7131839050552,26.9852783333333,0.533177820130817,53.9134500278699,26.876744,26.9634161924216,0.264738790893393,0.289816348502644
"7232826","2016-08-07",26.9227660438074,0,0.149534593288129,0.237974923329003,27.2165517849541,26.7895315483792,27.0030416666666,0.426369609742996,53.7341307058155,26.88664,26.962614033432,0.240165250800684,0.279886128962252
"7232825","2016-08-08",28.4460333990235,0.083105735466251,0.0823467205652552,0.161953118804183,27.21781392475,26.80297607525,27.010395,0.563329965427102,56.2988718961388,26.89864,26.9675988289744,0.23077738379953,0.270064379929707
"7232824","2016-08-09",28.8849327449501,0,0.027701911822085,0.0865277418918233,27.1955762033421,26.8466971299912,27.0211366666666,0.372439086397878,49.3789700889714,26.910636,26.9585856517778,0.191207843775598,0.254293072698885
"7232823","2016-08-10",29.2924821375962,0.303030303030306,0.128712012832187,0.0795868817398428,27.18812829554,26.8691417044599,27.028635,0.462480136570058,55.2963313957577,26.925436,26.9641075648741,0.187616182931771,0.240957694745463
"7232822","2016-08-11",30.3162873836595,0.909090909090906,0.404040404040405,0.186818109564893,27.2113583179033,26.8729116820966,27.042135,0.966439855795079,64.2877629962552,26.949432,26.9955598895576,0.24178109872901,0.241122375542172
"7232821","2016-08-14",29.5689512489205,0.333333333333337,0.515151515151518,0.349301310674704,27.1999005283415,26.9021128049918,27.0510066666666,0.477030617907807,52.8418946942667,26.967432,26.9961519042832,0.222317410742301,0.237361382582198
"7232820","2016-08-15",28.7993720630522,0.299999999999999,0.514141414141415,0.47777777777778,27.1941225189809,26.9152241476857,27.0546733333333,0.292015039753467,52.340118767165,26.974456,26.9953316503788,0.201579936959217,0.230205093457602
"7232819","2016-08-16",28.7664825623542,0.333333333333337,0.322222222222226,0.450505050505053,27.1915205114883,26.9141594885116,27.05284,0.489760637707843,52.8225666819056,26.985548,26.995954096995,0.185990798629931,0.221362234492068
"7232818","2016-08-17",27.9758816621188,0,0.211111111111113,0.349158249158252,27.1466408410719,26.9292058255947,27.0379233333333,0.133959600180661,47.6302084967336,26.990344,26.9831602173956,0.14210217897852,0.205510223389358
"7232817","2016-08-18",27.8657758039603,0.324675324675329,0.219336219336224,0.250889850889855,27.1370652115088,26.9330414551578,27.0350533333333,0.668019649344409,52.643358733433,26.995544,26.9854055217429,0.135659358341345,0.191540050379756
"7232816","2016-08-21",27.763534649956,0.484090909090912,0.269588744588748,0.233345358345362,27.1409384602819,26.9321048730514,27.0365216666666,0.769169664765859,54.9249221073757,27.005504,26.9938981188438,0.143575808946173,0.181947202093039
"7232815","2016-08-22",27.4237995619694,0.386363636363636,0.398376623376627,0.2957671957672,27.1385586837155,26.9327513162845,27.035655,0.679836451574503,53.2317841234547,27.011864,26.9972450363313,0.139240762529891,0.173405914180409
"7232814","2016-08-23",26.1992495666453,0,0.290151515151517,0.319372294372298,27.1383172434607,26.9270194232059,27.0326683333333,0.252316422683096,47.0558623173115,27.007464,26.9842790314872,0.0990868223575969,0.158542095815847
"7232813","2016-08-24",24.9173638532041,0,0.12878787878788,0.272438672438675,27.142996676195,26.9112333238049,27.027115,0.0522084678342773,46.0880594455373,26.996664,26.9703751606222,0.0605739871210265,0.138948474076883
"7232812","2016-08-25",24.2273375476855,0.650914634146342,0.216971544715449,0.211970312884949,27.1482932024505,26.9101667975494,27.02923,0.769898670106431,56.3975389560872,26.9964,26.9867918058726,0.092846512248812,0.129728081711269
"7232811","2016-08-28",24.8447651948751,0.166875000000003,0.27259654471545,0.206118656072926,27.1540866008948,26.9095967324385,27.0318416666666,0.751782757797026,49.967914165959,26.993604,26.9832328984229,0.0776251819225138,0.119307501753518
"7232810","2016-08-29",25.4180908672654,0.500000000000004,0.439263211382118,0.309610433604339,27.1709200169407,26.9067633163926,27.0388416666666,0.920804519070424,56.3862987849743,26.997604,27.0014685119665,0.112073624010267,0.117860726204868
"7232809","2016-08-30",25.7818167837734,0.458333333333338,0.37506944444445,0.362309733514006,27.1809070575055,26.9044429424944,27.042675,0.827920798436016,55.4284952545146,27.0016,27.0146060437043,0.131852191399751,0.120659019243844
"7232808","2016-08-31",26.302529618867,0.458333333333338,0.472222222222228,0.428851626016265,27.1936109467182,26.9073257199484,27.0504683333333,0.836022694634871,55.4284952545146,27.005596,27.0259919045437,0.145829384014173,0.12569309219791
"7232807","2016-09-01",24.8965332330028,0,0.30555555555556,0.384282407407413,27.1977681601458,26.8961685065208,27.0469683333333,0.123225694611395,44.4761037517645,26.999596,27.0025263172712,0.0812995628573177,0.116814386329792
"7232806","2016-09-05",23.1337181604938,0,0.152777777777781,0.31018518518519,27.2186965595011,26.8594134404988,27.039055,-0.128255697883791,41.6406165962163,26.990396,26.9715228083017,0.00612241908777289,0.0946759928813878
"7232805","2016-09-06",21.5866703498196,0.101694915254235,0.0338983050847465,0.164077212806029,27.2261083518742,26.8343316481257,27.03022,0.0654327281220397,44.4985445006715,26.983196,26.9526531005282,-0.0351477774647946,0.0687112388121514
"7232804","2016-09-07",20.3385060352513,0.0510169491525439,0.0509039548022611,0.079193345888263,27.2339602119613,26.813823121372,27.0238916666666,0.0862659977101002,43.3590174793878,26.9748,26.9323126871244,-0.0759641888662399,0.0397761532764731
"7232803","2016-09-08",18.9324963254419,0,0.0509039548022611,0.0452354048964232,27.2426025348554,26.7851774651445,27.01389,0.0687672588839212,41.4439200632907,26.965168,26.9080043288412,-0.121963182885254,0.00742828604412767
"7232802","2016-09-11",17.6960724695561,0,0.0170056497175161,0.039604519774013,27.2322801066738,26.7494998933261,26.99089,-0.019677470334317,41.0541437940173,26.956368,26.8856037516623,-0.159626218448949,-0.0259826148544878
"7232801","2016-09-12",17.817021634076,0,1.41553435639707e-15,0.0226365348399265,27.2506188862295,26.6930744471038,26.9718466666666,-0.0534028231910497,33.8536258736852,26.939272,26.8381899181074,-0.249768888074642,-0.0707398694985186
"7232800","2016-09-13",17.9293315725587,0.0481927710843364,0.0160642570281136,0.011023302248544,27.2661317241756,26.6428949424911,26.9545133333333,0.0114002538324852,36.150767632325,26.922072,26.8024312623597,-0.305814066610788,-0.117754708920972
"7232799","2016-09-14",18.0336193725785,0.0481927710843364,0.0321285140562257,0.0160642570281138,27.2715818913498,26.5957781086502,26.93368,0.0555711963214382,36.150767632325,26.908872,26.7714404273784,-0.34634848996884,-0.163473465130546
"7232798","2016-09-15",18.1304580440253,0.0602409638554184,0.0522088353413652,0.0334672021419017,27.2787236610395,26.5568030056271,26.9177633333333,0.115243958943639,36.7872636919068,26.892072,26.7459150370613,-0.371261613318907,-0.205031094768218
"7232797","2016-09-18",19.2801126061353,0,0.036144578313253,0.0401606425702816,27.2835724573403,26.4967075426596,26.89014,0.0256195487064748,30.4192033509832,26.859472,26.6977930321198,-0.44488470186923,-0.253001816188421
"7232796","2016-09-19",19.091015649851,0.1812865497076,0.0805091711876743,0.0562875282807644,27.2620669776012,26.475906355732,26.8689866666666,0.246464024710293,39.3990854211843,26.841072,26.6767539611705,-0.451303587674812,-0.292662170485699
"7232795","2016-09-20",20.7278491806928,0,0.0604288499025348,0.0590275331344876,27.2812882749422,26.3804183917244,26.8308533333333,-0.0781671060784758,27.8937561307768,26.804672,26.5971867663478,-0.589142179344015,-0.351958172257362
"7232794","2016-09-21",22.2477660307603,0.333333333333336,0.171539961013647,0.104159327367952,27.2773001612705,26.3323731720627,26.8048366666666,0.135065279534733,41.4932985206023,26.781472,26.5735618641681,-0.58872973694627,-0.399312485195144
"7232793","2016-09-22",23.6591173915372,0.413793103448279,0.249042145593873,0.160336985503352,27.2726094006967,26.2920639326366,26.7823366666666,0.18486587986112,42.1840704743768,26.763072,26.5557536156123,-0.575749310171791,-0.434599850190473
"7232792","2016-09-25",23.6562013716235,0.60505747126437,0.450727969348663,0.290436691985394,27.231889182873,26.2878608171269,26.759875,0.377537225015548,47.7151851938482,26.747328,26.562506466864,-0.50903582462416,-0.449487045077211
"7232791","2016-09-26",22.7839388342498,0.494252873563222,0.504367816091958,0.401379310344832,27.1858939224553,26.2872160775446,26.736555,0.378093133573513,45.0276577629461,26.725764,26.5555056046155,-0.479923478801281,-0.455574331822025
"7232790","2016-09-27",22.2471151672606,0.425336245545466,0.508215530124354,0.487770438521659,27.1204011866979,26.2918754799687,26.7061383333333,0.301488758488942,43.3895577441869,26.703004,26.5414381906667,-0.469692256607268,-0.458397916779073
"7232789","2016-09-28",21.7486360479134,0.517707965643017,0.47909902825057,0.497227458155627,27.0468432788892,26.3057667211107,26.676305,0.311573673640561,45.8640074742217,26.687804,26.5385797652445,-0.435298497920023,-0.453778033007263
"7232788","2016-09-29",20.9519865891609,0.670667137310271,0.537903782832919,0.508406113735948,26.959510752038,26.3523192479619,26.655915,0.636615328294007,50.2161265306219,26.678604,26.5534357965452,-0.364315983660168,-0.435885623137844
"7232787","2016-10-02",20.2122406631763,0.706713780918729,0.631696294624007,0.549566368569166,26.9193867659878,26.3671099006788,26.6432483333333,0.566545729099344,51.1912837378706,26.662064,26.5703110236725,-0.295544860518782,-0.407817470614032
"7232786","2016-10-03",19.5253337319049,0.706713780918729,0.694698233049245,0.621432770168724,26.9022111299546,26.3709522033787,26.6365816666666,0.581727254190705,51.1912837378706,26.65086,26.5849362205162,-0.238303949557461,-0.373914766402718
"7232785","2016-10-05",18.4075496143023,0.612485276796234,0.675304279544566,0.667232935739273,26.8689828408447,26.3785038258219,26.6237433333333,0.45811577518285,48.2672866525298,26.63006,26.5869447244474,-0.214744970998371,-0.342080807321848
"7232784","2016-10-06",19.0312817603373,0.576086956521739,0.631762004745569,0.667254839113127,26.8473250095488,26.3891549904511,26.61824,0.765752875405956,48.6620295339736,26.61046,26.5900187611877,-0.190838926827352,-0.311832431222949
"7232783","2016-10-09",19.6958959355368,0.761904761904764,0.650158998407581,0.652408427565906,26.8614894205859,26.3808272460807,26.6211583333333,1.02810826424616,55.5949980400503,26.59846,26.618016259696,-0.11297086882146,-0.272060118742651
"7232782","2016-10-10",20.4019614107753,0.922680412371135,0.753557376932548,0.678492793361899,26.9221905621434,26.3461261045232,26.6341583333333,1.13507071444398,60.8404973052203,26.60346,26.6656140917366,0.00163838681332962,-0.217320417631455
"7232781","2016-10-11",20.7560639772647,0.809523809523808,0.83136966126657,0.7450286788689,26.9717933509751,26.3268599823582,26.6493266666666,0.992050831050298,58.9132946033781,26.60986,26.7008655461717,0.0778204604611421,-0.158292242012936
"7232780","2016-10-12",21.1261177977971,0.918032786885245,0.883412336260064,0.822779791486394,27.0276988346955,26.3076211653045,26.66766,0.984679197123088,60.9836798144183,26.61666,26.7407501400155,0.157406689430961,-0.0951524557241564
"7232779","2016-10-13",19.7193205146022,0.433333333333335,0.720296643247464,0.811692880258033,27.0416261486966,26.31157051797,26.6765983333333,0.685604577190697,49.7899215889765,26.613056,26.7366501213467,0.13142854265793,-0.0498362560477392
"7232778","2016-10-16",18.4317828278694,0.583333333333334,0.644899817850639,0.749536265786056,27.0626630582066,26.3138669417934,26.688265,0.747154504780069,52.6921066341919,26.615056,26.7450967718338,0.136417434088343,-0.0125855180205228
"7232777","2016-10-17",17.7061537355701,0.350000000000001,0.455555555555558,0.606917338884554,27.0674863368846,26.3333569964487,26.7004216666666,0.58115509086993,48.0404126252687,26.611856,26.7337505355893,0.0970181850020513,0.00933522258399204
"7232776","2016-10-18",17.0323552927207,0.640754716981132,0.52469601677149,0.54171713005923,27.0877174989651,26.3354658343682,26.7115916666666,0.741242404026125,54.2425901667461,26.62504,26.7505304641774,0.124573276506723,0.0323828333685383
"7232775","2016-10-19",16.8505284539142,0.377999999999996,0.456251572327044,0.478834381551365,27.0700716593294,26.4067850073372,26.7384283333333,0.663285360371289,51.2864287721511,26.633044,26.7531397356204,0.118046166874497,0.04951550006973
"7232774","2016-10-20",16.7801505066875,0.333333333333331,0.450696016771488,0.477214535290008,27.061986151074,26.4486471822593,26.7553166666666,0.569211320588457,50.6192213219308,26.640244,26.7527211042044,0.105594557141231,0.0607313114840302
"7232773","2016-10-23",16.7147995556913,0.444666666666665,0.385333333333332,0.430760307477288,27.0524290766188,26.4938909233811,26.77316,0.602123730795076,52.285453734425,26.649048,26.7590382903105,0.109570379257184,0.070499125038661
"7232772","2016-10-24",16.6546754380154,0.444444444444444,0.407481481481481,0.414503610528767,27.0548032798832,26.5082400534501,26.7815216666666,0.554848793119509,52.2816616850427,26.665648,26.7644998516024,0.111403032232427,0.0786799064774142
"7232771","2016-10-25",15.744002272999,0.340909090909095,0.410006734006736,0.40094051627385,27.0582183746786,26.527458291988,26.7928383333333,0.613978051426457,50.6977659125839,26.674448,26.7638998713888,0.0996471153218881,0.0828733482463089
"7232770","2016-10-26",16.504076696002,0,0.261784511784514,0.359757575757577,27.073268546871,26.503241453129,26.788255,-0.0934016184729906,36.8658117281657,26.683248,26.7020465552036,-0.0479661137914533,0.0567054558387565
"7232769","2016-10-27",17.2098600887905,0.133466666666664,0.158125252525254,0.276638832772168,27.0915365626544,26.4733134373455,26.782425,-0.0861287268286442,40.6598711966922,26.682452,26.6617870145098,-0.133386282407388,0.0186871081895275
"7232768","2016-10-30",16.7259760184333,0.359999999999999,0.164488888888889,0.194799551066219,27.0943521328412,26.4564945338254,26.7754233333333,0.223151373798087,46.5329976710746,26.687652,26.6495487459085,-0.148021527490194,-0.0146546189464168
"7232767","2016-11-01",16.651541915676,0.24,0.244488888888889,0.189034343434344,27.106633127247,26.4248802060863,26.7657566666667,0.0906288167789,44.0460770866435,26.682596,26.626942246454,-0.184779802095214,-0.0486796555761763
"7232766","2016-11-02",15.9411054962874,0.202702702702701,0.267567567567568,0.225515115115116,27.1146525838616,26.3995274161384,26.75709,0.149818878378146,43.2169550103497,26.680196,26.6033499469268,-0.220515596471926,-0.0830468437553263
"7232765","2016-11-03",15.6327217632872,0.09472972972973,0.179144144144145,0.230400200200201,27.1230536687858,26.3785863312141,26.75082,0.133267994146637,41.0031533455369,26.677,26.5722499540032,-0.270041626268192,-0.120445800257899
"7232764","2016-11-06",15.435253119631,0.0675675675675687,0.121666666666668,0.189459459459461,27.135767698634,26.3323389680327,26.7340533333333,0.0900237891416319,40.4419113246198,26.6702,26.5426166268028,-0.311895512749949,-0.158735742756309
"7232763","2016-11-07",14.5016746300995,0,0.054099099099101,0.118303303303305,27.1300010880623,26.292272245271,26.7111366666667,0.148490078222902,39.0114260906737,26.6562,26.5102677432291,-0.35626446649174,-0.198241487503395
"7232762","2016-11-08",13.9890582742372,0,0.0225225225225243,0.066096096096098,27.0951285221386,26.2722348111947,26.6836816666667,0.217118184802231,38.4374718460479,26.640216,26.4796187107986,-0.392971582750379,-0.237187506552792
"7232761","2016-11-09",13.1232845788225,0,1.40628249785853e-15,0.0255405405405424,27.0679116369494,26.2371183630506,26.652515,0.127847653104255,34.7720654199346,26.619016,26.4356695493587,-0.456702913905316,-0.281090588023297
"7232760","2016-11-10",12.3193518616518,0,1.40628249785853e-15,0.00750750750750925,27.0376735674459,26.1847597658874,26.6112166666667,0.0069646359359108,34.7720654199346,26.601016,26.3975802761109,-0.501610274632847,-0.325194525345207
"7232759","2016-11-13",13.2099627094004,0,1.40628249785853e-15,1.61907524424502e-15,27.0904845331682,26.0367388001651,26.5636116666667,-0.167724332948348,25.9638461761554,26.566616,26.3112362392961,-0.652466622988956,-0.390648944873957
"7232758","2016-11-14",14.2767540165341,0,1.40628249785853e-15,1.61907524424502e-15,27.1141416300456,25.9050617032877,26.5096016666667,-0.092573176906927,24.7116486145996,26.521644,26.2264980740566,-0.786505037129093,-0.469820163324984
"7232757","2016-11-15",15.2673459445868,0.0754345099444537,0.0251448366481526,0.00838161221605203,27.1220393870572,25.8054906129428,26.463765,0.0286932428685031,28.8967068255366,26.47304,26.1642849975158,-0.857515642159878,-0.547359259091963
"7232756","2016-11-16",15.1171464217319,0.2905393298692,0.121991279937886,0.0490453721953469,27.0714236068294,25.7734663931706,26.422445,0.225893635329913,39.2643930220785,26.43584,26.1423803311803,-0.830382245242756,-0.603963856322121
"7232755","2016-11-17",15.6744690837037,0.11942304246551,0.161798960759723,0.102978359115254,27.0273743912078,25.7274422754588,26.3774083333333,0.168130106098064,34.9042893231085,26.3882,26.0979296203563,-0.858134554852807,-0.654797996028259
"7232754","2016-11-20",16.3903273305478,0.0665651316968294,0.158842501343848,0.147544247347152,26.9902599268193,25.668113406514,26.3291866666667,0.124963401772739,33.6608451983889,26.3498,26.0515390043088,-0.888402084109374,-0.701518813644482
"7232753","2016-11-21",16.5010982790994,0.281580361942304,0.155856178701549,0.15883254693504,26.9204068602674,25.6576131397326,26.28901,0.292251632972789,42.6161624635935,26.3174,26.0433338037343,-0.828612902547177,-0.726937631425021
"7232752","2016-11-22",15.5295446469454,0.550349399749149,0.299498297796096,0.204732325947164,26.8477899166864,25.6790800833136,26.263435,0.531286636730422,51.4404627454732,26.3026,26.076222629903,-0.680439157083923,-0.717637936556801
"7232751","2016-11-27",15.3956502752486,0.577226303529835,0.469718688407097,0.308357721634914,26.7663570587555,25.7174162745779,26.2418866666667,0.672059283729261,52.2315359076318,26.281016,26.1087262792493,-0.54745044424136,-0.683600438093713
"7232750","2016-11-28",15.2713197872443,0.738487726213942,0.62202114316431,0.463746043122501,26.7748182455506,25.7150050877827,26.2449116666667,0.750599203630127,56.7809290830725,26.270212,26.1608961086827,-0.382137247589054,-0.623307799992781
"7232749","2016-11-29",15.4366292860489,0.738487726213942,0.684733918652574,0.592157916741327,26.7906984871111,25.7107848462222,26.2507416666667,0.764766541669647,56.7809290830725,26.260212,26.2061099608584,-0.248412648816809,-0.548328769757587
"7232748","2016-11-30",14.6992432559767,0.601631414208478,0.692868955545455,0.66654133912078,26.764431383604,25.7195019497293,26.2419666666666,0.673568339437192,50.8520679851774,26.240608,26.2199619660772,-0.198689316480694,-0.478400879102208
"7232747","2016-12-01",13.7932164011291,0.526839782407884,0.622319640943436,0.666640838380489,26.7459371857494,25.7219294809173,26.2339333333333,0.589908177675065,47.4538101821735,26.216168,26.2158337039336,-0.194272041127841,-0.421575111507335
"7232746","2016-12-04",13.7854422873286,0.296931130042082,0.47513410888615,0.596774235125014,26.7128044675726,25.7143955324274,26.2136,0.386218966997263,41.8749062500976,26.184368,26.1823892100758,-0.256803356174917,-0.388620760440851
"7232745","2016-12-05",14.563719479763,0.0352047623935151,0.286325224947829,0.461259658259138,26.6937159143505,25.6663707523161,26.1800433333333,0.136561614864419,36.5997772769309,26.160768,26.1194039820657,-0.380818716407283,-0.387060351634138
"7232744","2016-12-06",15.6267094378818,0,0.110711964145201,0.29072376599306,26.6854536504641,25.6063330162026,26.1458933333333,0.106877439650683,34.3090363092445,26.128144,26.0480834511236,-0.512439931764552,-0.412136267660221
"7232743","2016-12-07",16.6137715418493,0.023932426091038,0.0197123961615192,0.138916528418183,26.6739804814534,25.5403061852133,26.1071433333333,0.0894088203195375,35.196553516827,26.089744,25.9896723243071,-0.602359608302894,-0.450180935788755
"7232742","2016-12-08",16.0764089279902,0.296105114969498,0.106679180353514,0.0790345135534113,26.6299099692223,25.5334266974443,26.0816683333333,0.37207435175379,44.397053995588,26.066544,25.9777160143995,-0.57710853265982,-0.475566455162968
"7232741","2016-12-11",16.7375240265905,0,0.106679180353514,0.0776902522895156,26.6133550271761,25.4792916394905,26.0463233333333,0.138565176822704,36.5058039065325,26.028144,25.9126872124796,-0.676928839823709,-0.515838932095116
"7232740","2016-12-12",17.4974703687666,0,0.0987017049898342,0.104020021898954,26.6133818095267,25.4181948571399,26.0157883333333,0.13538061349895,35.5110687343944,25.99054,25.8483289174823,-0.766368957654784,-0.56594493720705
"7232739","2016-12-13",18.2031348293586,0.152295081967214,0.0507650273224061,0.0853819708885848,26.6207000104251,25.3896933229082,26.0051966666666,0.209969081711341,40.8830752893023,25.961172,25.817325061818,-0.77064795581917,-0.606885540929474
"7232738","2016-12-14",19.0329885435546,0.0983606557377058,0.083551912568308,0.0776728816268496,26.6321593386909,25.3559539946424,25.9940566666666,0.167981853148209,39.6242168007138,25.931172,25.7816817202423,-0.785711248954901,-0.642650682534559
"7232737","2016-12-15",19.4168576529225,0.0573770491803282,0.102677595628417,0.0789981785063773,26.6425918003605,25.3175281996395,25.98006,0.185504404135831,38.650314958244,25.899956,25.7441241575433,-0.804217816783581,-0.674964109384364
"7232736","2016-12-19",19.9799541190471,0,0.0519125683060129,0.0793806921675796,26.6437349435699,25.2610517230968,25.9523933333333,0.182457996525217,37.2692384628657,25.871156,25.7022409365375,-0.831463317101799,-0.706263950927851
"7232735","2016-12-20",20.1925615606565,0.0809016393442631,0.0460928961748653,0.0668943533697654,26.643358130532,25.226741869468,25.93505,0.26287391589425,40.49774674504,25.846304,25.6791021449992,-0.812852911872808,-0.727581743116842
"7232734","2016-12-21",20.3899827564366,0.102564102564103,0.0611552473027903,0.0530535705945563,26.6462902608578,25.1987264058088,25.9225083333333,0.26511686710926,41.2010426748705,25.838304,25.661888525666,-0.782462838001441,-0.738557962093762
"7232733","2016-12-22",20.6449498668784,0.106382978723406,0.0966162402105922,0.0679547945627495,26.6374187893762,25.1622645439571,25.8998416666667,0.278661564139978,40.714424785173,25.832476,25.6443033889105,-0.756010732655776,-0.742048516206165
"7232732","2016-12-26",20.3567579606952,0.477280376977448,0.22874248608832,0.128837991200568,26.5885955041161,25.1536578292172,25.8711266666667,0.398652973428347,46.9130452037973,25.830624,25.6535429370558,-0.669577048752334,-0.727554222715399
"7232731","2016-12-27",19.1445751950146,0.319757657354428,0.301140337685095,0.208833021328003,26.5095772000673,25.1627727999326,25.836175,0.416215252448413,44.3662912686456,25.815424,25.6490705454483,-0.623328866412365,-0.706709151454792
"7232730","2016-12-28",18.4572208745529,0.151464153483675,0.316167395938519,0.282016739903978,26.3950359815943,25.1939306850723,25.7944833333333,0.401909793414612,41.7580802773845,25.803864,25.6318611393886,-0.611120805581444,-0.687591482280123
"7232729","2016-12-29",17.6106579492167,0.566833333333331,0.34601838139048,0.321108705004698,26.2571235384351,25.2638497948982,25.7604866666667,0.596898430360148,49.7194531108357,25.804668,25.6502929874701,-0.51679041476016,-0.65343126877613
"7232728","2017-01-02",16.8725189767377,0.550000000000002,0.422765828939004,0.361650535422668,26.1246964229612,25.3355269103721,25.7301116666667,0.608622628344391,49.4256226638288,25.795468,25.6649205891407,-0.440135068530978,-0.6107720287271
"7232727","2017-01-03",16.1871042165785,0.616666666666667,0.577833333333335,0.448872514554273,25.9964129656328,25.4148637010339,25.7056383333333,0.725079813470813,50.6690299538764,25.775868,25.6829311772553,-0.362635270661948,-0.561144677114069
"7232726","2017-01-04",15.3033604809318,0.749999999999997,0.63888888888889,0.546496017053743,25.9425347039047,25.4490752960953,25.695805,0.920558064248163,53.1499219748129,25.758268,25.7092070202879,-0.272965502153399,-0.503508842121935
"7232725","2017-01-05",15.5108696894748,0.228091236494599,0.531585967720423,0.582769396647549,25.946683524358,25.4476931423086,25.6971883333333,0.774844976844547,45.194833067403,25.723068,25.6973127509162,-0.280274027087812,-0.458861879115111
"7232724","2017-01-08",15.7035568116932,0.240696278511406,0.406262505002002,0.525579120537105,25.9456899891856,25.4471266774811,25.6964083333333,0.519372330668158,45.5492763068626,25.688288,25.6884043841274,-0.279567512794243,-0.423003005850937
"7232723","2017-01-10",16.3113960495732,0.240096038415365,0.236294517807125,0.391380996843183,25.9499181682263,25.452665165107,25.7012916666667,0.576503643875543,45.5341745300104,25.661088,25.6806171329104,-0.275997406386908,-0.393601885958131
"7232722","2017-01-11",16.8758181990332,0.240242261103633,0.240344859343469,0.294300627384199,25.9180889930417,25.4670810069582,25.692585,0.665588346484088,48.0741829533465,25.641468,25.683001515189,-0.248787263768324,-0.36463896152017
"7232721","2017-01-12",17.802837790716,0.336473755047105,0.272270684855369,0.249636687335321,25.9366083374671,25.4695849958662,25.7030966666666,0.807415041629189,50.6606369542978,25.633668,25.6946013131638,-0.20243238654013,-0.332197646524162
"7232720","2017-01-16",19.2906840625247,0.323014804845224,0.299910273665322,0.270841939288054,25.9597308751019,25.4781257915647,25.7189283333333,0.868984892548983,50.2833909752665,25.635668,25.7033211380753,-0.166913804221447,-0.299140878063619
"7232719","2017-01-17",20.4420803691682,0.28263795423957,0.314042171377301,0.295407709965998,25.9639483406184,25.4854249927148,25.7246866666666,0.580762342811489,49.1020917871791,25.641488,25.7068783196653,-0.146492215585692,-0.268611145568034
"7232718","2017-01-18",21.3524708268801,0.255720053835802,0.287124270973533,0.300358905338719,25.9625513243128,25.5051220090204,25.7338366666666,0.54262225007208,48.2876411585099,25.645488,25.7072945437099,-0.135027384919273,-0.241894393438281
"7232717","2017-01-19",22.3422251444692,0.215343203230148,0.251233737101841,0.284133393150892,25.9578461451,25.5280038548999,25.742925,0.505059995374166,47.0275751460956,25.636688,25.7036552712152,-0.133815027870277,-0.22027852032468
"7232716","2017-01-22",23.0862229874883,0.0622083981337467,0.1777572183999,0.238705075491759,25.9411448579028,25.5647984754305,25.7529716666666,0.397155913268779,46.1627224480841,25.643488,25.6978345683865,-0.137550736947489,-0.203732963649242
"7232715","2017-01-23",24.4159815035814,0.171073094867806,0.149541565410568,0.192844173637437,25.9395958306785,25.5877675026547,25.7636816666666,0.641124698359565,49.6526687233739,25.655488,25.7021232926017,-0.117186956387416,-0.186423762196877
"7232714","2017-01-24",25.650757268525,0.202177293934679,0.145152928978746,0.157483904263072,25.9280949058207,25.6180184275125,25.7730566666666,0.490142216903054,50.6372501414796,25.660856,25.7085068535881,-0.0936912818278901,-0.16787726612308
"7232713","2017-01-25",25.9758960883963,0.0622083981337467,0.145152928978746,0.146615807789353,25.9083527790515,25.6527272209484,25.78054,0.274905136924008,46.2537656650536,25.665256,25.7020392731097,-0.102140783401294,-0.154729969578723
"7232712","2017-01-26",25.8111511662736,0,0.0881285640228103,0.126144807326767,25.9140698621181,25.6400834712152,25.7770766666666,0.0596739935304149,43.7864206715917,25.66948,25.6891807033617,-0.124492227486239,-0.148682421160226
"7232711","2017-01-29",25.6581737385882,0.0432394116604643,0.0351492699314052,0.089476920977654,25.9204378900951,25.6256821099048,25.77306,0.0587533519579615,45.1984738281718,25.67748,25.6812899429135,-0.133023163376167,-0.145550569603414
"7232710","2017-01-30",24.1143879912654,0,0.0144131372201564,0.0458969903914576,25.9514438546454,25.5763428120212,25.7638933333333,-0.221298981488057,34.7856494453775,25.670732,25.6384512838584,-0.222157959123048,-0.160872047507341
"7232709","2017-01-31",22.6808726544656,0.246944067168786,0.0967278262764183,0.0487634111426603,25.9465470856482,25.5554395810184,25.7509933333333,0.110695273812062,44.9100253311941,25.671132,25.6279911126773,-0.227325878591922,-0.174162813724257
"7232708","2017-02-01",21.3497512702944,0.271638473885664,0.172860847018151,0.0946672701715756,25.9432022358143,25.5380344308523,25.7406183333333,0.17350564783312,45.8159277354619,25.673132,25.6215922976536,-0.222569559831975,-0.183844162945801
"7232707","2017-02-02",20.1512965253379,0.419557970119769,0.312713503724741,0.194100725673104,25.9325607532155,25.5367459134511,25.7346533333333,0.45598952275178,51.0123772258409,25.67258,25.6320199912998,-0.179012121721178,-0.182877754700876
"7232706","2017-02-05",19.5299934722117,0.548387096774192,0.41319451359321,0.299589621445368,25.9089149897525,25.5443250102474,25.72662,0.544012911952445,51.0208223184978,25.67578,25.6410839924598,-0.142787311598169,-0.174859666080335
"7232705","2017-02-06",18.9530692085945,0.629032258064516,0.532325774986161,0.419411264101371,25.9004816633304,25.5466250033362,25.7235533333333,0.63973643075566,53.1932782287731,25.68498,25.6556061267985,-0.0972333795330571,-0.159334408770879
"7232704","2017-02-07",19.2374289227895,0.628225806451615,0.601881720430109,0.515800669669827,25.9104975149468,25.5477758183865,25.7291366666666,0.744255216897353,53.1678817489794,25.684156,25.6681253098921,-0.0606025106018593,-0.139588029137075
"7232703","2017-02-08",19.5898620373102,0.661290322580644,0.63951612903226,0.59124120814951,25.9213232876598,25.5466833790068,25.7340033333333,0.774032026386294,54.1347538651114,25.684556,25.6817086019064,-0.0248548327910658,-0.116641389867873
"7232702","2017-02-09",20.0892952252118,0.625000000000003,0.638172043010755,0.626523297491042,25.9301539805601,25.5451260194398,25.73764,0.765850822112244,53.5539260964793,25.682956,25.6921474549856,0.000319114776181628,-0.0932492889390624
"7232701","2017-02-12",21.8569624445342,0.688172043010754,0.658154121863802,0.645280764635606,25.9947607255687,25.5055192744312,25.75014,1.20829375937182,63.6376159449576,25.687756,25.7331944609875,0.0944580680799056,-0.0557078175352688
"7232700","2017-02-13",24.0819659657245,0.581239381203614,0.631470474738125,0.642598879870894,26.0626545704748,25.4645720961918,25.7636133333333,1.1729618137519,63.9884371864977,25.703356,25.7701018661892,0.170096484920745,-0.010546957044066
"7232699","2017-02-14",26.6411712466884,0.535184624697337,0.601532016303903,0.630385537635277,26.161262987713,25.416837012287,25.78905,1.14884445547498,66.0119197748491,25.720828,25.8097282840306,0.245008299158811,0.0405640941965094
"7232698","2017-02-16",28.449117522829,0.484261501210654,0.53356183570387,0.588854775581966,26.2060103505374,25.4087896494626,25.8074,0.892530365696051,61.6315976040672,25.735628,25.8350978461599,0.280006185768622,0.0884525125109319
"7232697","2017-02-20",30.1279247792451,0.484261501210654,0.501235875706216,0.54544324257133,26.2281147457991,25.4135252542009,25.82082,0.736536319198018,61.6315976040672,25.747688,25.8570848000052,0.304174575238214,0.131596925056388
"7232696","2017-02-21",32.0438869387094,0.392296718972897,0.45360657379807,0.496134761736052,26.2548637640328,25.4212129026339,25.8380383333333,0.764613173469117,61.6315976040672,25.756888,25.8761401600045,0.319595644570381,0.169196668959187
"7232695","2017-02-22",33.0459278621545,0.299564270152507,0.392040830112021,0.448961093205436,26.2672064226417,25.4252502440249,25.8462283333333,0.655477212858123,55.4823748162598,25.762888,25.8806548053373,0.300276807995381,0.195412696766426
"7232694","2017-02-23",34.0958887750635,0.315950295375842,0.33593709483375,0.39386149958128,26.2896251591321,25.4314981742012,25.8605616666666,0.728526783848679,60.2303725103664,25.774088,25.8979008312923,0.31251360987512,0.218832879388165
"7232693","2017-02-26",34.613845069799,0.262530562347188,0.292681709291847,0.340219878079206,26.3036219668241,25.4460346998425,25.8748283333333,0.655675119186325,56.817300296855,25.783996,25.9058740537867,0.302411108546186,0.235548525219769
"7232692","2017-02-27",34.520011183528,0.150734899688874,0.243071919137303,0.290563574420967,26.3083047281955,25.4718786051378,25.8900916666666,0.585612263126821,52.6575945749234,25.792396,25.9037575132818,0.27020310047714,0.242479440271243
"7232691","2017-02-28",34.432879717705,0.21510567535672,0.209457045797595,0.248403558075582,26.3097802062861,25.5027697937139,25.906275,0.574833813450068,55.7496414725033,25.803996,25.9099231781775,0.260362297238226,0.24605601166464
"7232690","2017-03-01",34.8880536709924,0.314670138888889,0.226836904644829,0.226455289859909,26.2975413404061,25.5733419929272,25.9354416666666,0.695008460711348,60.3927025336633,25.816796,25.9286000877539,0.280444801109492,0.25293376955361
"7232689","2017-03-02",32.9447686287971,0,0.176591938081871,0.204295296174765,26.2826918191903,25.602651514143,25.9426716666666,0.206872766431946,43.9893183435663,25.815596,25.90078674272,0.19141716419957,0.240630448482802
"7232688","2017-03-05",31.4078992961114,0.0207986688851909,0.111822935924694,0.171750592883798,26.2650128977442,25.637000435589,25.9510066666666,0.219793246252783,44.9649570931441,25.818796,25.8793485103573,0.12560342613166,0.217625044012574
"7232687","2017-03-06",29.9808063443318,0.0519966722129791,0.0242651136993913,0.104226662568652,26.2603275870616,25.6472957462717,25.9538116666666,0.205597129994484,46.4711548588117,25.825372,25.8647687089764,0.081834592584995,0.190466953727058
"7232686","2017-03-07",28.3926830136609,0.0103993344425973,0.0277315585135904,0.0546065360458922,26.260101270559,25.6477820627742,25.9539416666666,0.159205529816878,44.7140015792397,25.829372,25.8467995477795,0.0342519625137649,0.159223955484399
"7232685","2017-03-08",26.8166602279456,0,0.0207986688851934,0.0242651136993919,26.2645062518776,25.6380770814557,25.9512916666666,0.130777624051509,44.0414833342473,25.843572,25.8292262747422,-0.00807346432142309,0.125764471523235
"7232684","2017-03-09",24.9519834746498,0,0.00346644481420042,0.0173322240709949,26.2742920190698,25.6148513142634,25.9445716666666,0.103848638051542,40.7419182880418,25.846772,25.8039961047766,-0.0643521059820906,0.0877411560221697
"7232683","2017-03-12",24.3160227887042,0,1.32185928869433e-15,0.00808837123313187,26.2779164398819,25.6022268934513,25.9400716666666,0.213766476007126,40.308294993496,25.848772,25.7807966241397,-0.110856790634517,0.0480215666908324
"7232682","2017-03-13",23.7254878660405,0.230769230769233,0.0769230769230789,0.0267965072457604,26.2782289893042,25.5998276773624,25.9390283333333,0.32326832526786,47.5257385408374,25.85078,25.7766904075878,-0.10891264207108,0.01663472493845
"7232681","2017-03-14",23.1771340092813,0.269230769230771,0.166666666666669,0.0811965811965833,26.2612883771143,25.5844349562189,25.9228616666666,0.279083138657271,48.6403535077307,25.85358,25.7757983532427,-0.0999583053194808,-0.00668388111313616
"7232680","2017-03-15",23.0040893489287,0.200000000000003,0.233333333333337,0.158974358974362,26.2284411737209,25.577338826279,25.90289,0.290780460447596,46.5124008023516,25.85278,25.7696919061437,-0.104187407329126,-0.0261845863563341
"7232679","2017-03-16",23.7027485543611,0.359999999999999,0.276410256410259,0.225470085470088,26.1612695177921,25.6052338155411,25.8832516666666,0.492893142201789,51.1184143703968,25.8552,25.7750663186579,-0.0815478160032468,-0.0372572322857167
"7232678","2017-03-19",24.351503530834,0.382600000000004,0.314200000000003,0.274647863247866,26.1273648557491,25.6155251442508,25.871445,0.524919910889102,51.7504456240967,25.857252,25.7812308095035,-0.0593854138858707,-0.0416828686057475
"7232677","2017-03-20",25.4252889843544,0.380000000000003,0.374200000000003,0.321603418803422,26.1154528161869,25.618087183813,25.86677,0.607023880492071,51.6676777493695,25.859652,25.786400034903,-0.0417494281783948,-0.0416961805202769
"7232676","2017-03-21",26.422375476909,0.408163265306119,0.39025442176871,0.359551473922906,26.0887183461812,25.6234449871521,25.8560816666666,0.47589589048605,52.2996680919519,25.852852,25.7922133635826,-0.0243648818158304,-0.0382299207793876
"7232675","2017-03-22",27.5012909625091,0.367346938775508,0.385170068027211,0.383208163265308,26.0753177675394,25.6234655657939,25.8493916666666,0.486592223497219,50.8670706012128,25.844852,25.7945849151049,-0.0166541200221415,-0.0339147606279384
"7232674","2017-03-23",29.7593520381677,0.645441176470589,0.473650460184073,0.416358316659998,26.099682557847,25.6083607754862,25.8540216666666,1.1009198260687,64.4445277972032,25.844916,25.8311602597576,0.0695782046292281,-0.0132161675765051
"7232673","2017-03-26",32.2186069865217,0.47497076023392,0.495919625160007,0.451580051123764,26.1408820868653,25.584901246468,25.8628916666666,1.08067048935715,62.1030752173496,25.84636,25.8584855584566,0.126122822141217,0.0146516303670393
"7232672","2017-03-27",34.4478110973504,0.467836257309944,0.529416064671486,0.499662050005189,26.1692330728015,25.5729635938651,25.8710983333333,0.927214554825796,61.6544287281877,25.84756,25.8813541506624,0.167043629995312,0.0451300302926938
"7232671","2017-03-28",36.7559135663242,0.530994152046784,0.491267056530217,0.505534248787237,26.2122738235332,25.5535228431334,25.8828983333333,0.985416102362793,64.125182548334,25.85092,25.9083735972407,0.213776740101124,0.0788593722543798
"7232670","2017-03-29",38.8991515732284,0.631578947368424,0.543469785575052,0.521384302258919,26.2488201783156,25.5343098216843,25.891565,1.00165123104718,67.6952026320717,25.86132,25.9432571176086,0.274326900078736,0.117952877819251
"7232669","2017-03-30",39.7714930307919,0.42384105960265,0.528804719672621,0.52118052059263,26.2798424722573,25.5442875277426,25.912065,0.82800858064051,58.8891068439626,25.86292,25.9574895019275,0.281679756750242,0.150698253605449
"7232668","2017-04-02",40.5815243842437,0.47682119205298,0.510747066341353,0.527673857196342,26.3018666839613,25.5566133160386,25.92924,0.753998628494665,60.7232147198428,25.868212,25.9751575683372,0.296488796528016,0.179856362189963
"7232667","2017-04-03",41.4093007234092,0.51655629139073,0.472406181015455,0.503985989009809,26.3248023566865,25.5710109766468,25.9479066666666,0.763680383277351,62.0892936306578,25.877412,25.9944698925589,0.313882530451748,0.20666159584232
"7232666","2017-04-04",42.5162119631353,0.592592592592595,0.528656692012103,0.503936646456303,26.3588898656148,25.5868968010518,25.9728933333333,0.852472941995596,65.9189416756039,25.887812,26.0232072402177,0.351476138961959,0.235624504466248
"7232665","2017-04-05",43.143258638516,0.533333333333337,0.547494072438889,0.516185648488816,26.3753565620894,25.6175967712439,25.9964766666666,0.757588225659542,62.8787360723689,25.892612,26.0427796081887,0.364596779246784,0.261418959422355
"7232664","2017-04-06",43.2291676257229,0.459259259259262,0.5283950617284,0.534848608726464,26.3780545544669,25.6635987788664,26.0208266666666,0.709259511606648,59.2031050346352,25.908612,26.0530756604302,0.355378305475051,0.280210828632894
"7232663","2017-04-09",43.3246084424928,0.577777777777778,0.52345679012346,0.533115308096916,26.3891679911807,25.7003186754858,26.0447433333333,0.761677935304124,62.936306820001,25.927012,26.0726655723728,0.368563412769873,0.29788134546029
"7232662","2017-04-10",43.4132320580648,0.607407407407407,0.54814814814815,0.533333333333337,26.4032596109463,25.7279103890536,26.065585,0.752286759417882,63.8274713967899,25.945012,26.0923101627231,0.380762501577214,0.314457576683675
"7232661","2017-04-11",43.6356363535921,0.505494505494508,0.563559896893233,0.545054945054948,26.4116361011419,25.769533898858,26.090585,0.784609416823927,65.6085160881636,25.966212,26.1146688076934,0.398151660248303,0.3311963933966
"7232660","2017-04-12",44.4835385406129,0.593406593406595,0.568769502102838,0.560159182381407,26.424663533186,25.8155064668139,26.120085,0.888375477732975,67.3402966763123,25.989612,26.1393796333342,0.419385469422084,0.348834208601697
"7232659","2017-04-16",45.2708762857037,0.636363636363634,0.578421578421581,0.570250325805884,26.4391906596711,25.8460493403288,26.14262,0.815911223665571,67.7771449878513,26.016412,26.1621290155563,0.434223024826963,0.36591197184675
"7232658","2017-04-17",46.2687901335774,0.762142857142861,0.663971028971031,0.60372070316515,26.4595983269598,25.8768950063735,26.1682466666666,0.892114921254999,70.3444831640972,26.046016,26.1898584801488,0.459140449457296,0.384557667368859
"7232657","2017-04-18",47.0683139276438,0.738333333333333,0.712279942279944,0.651557516557519,26.4742385510524,25.9088947822808,26.1915666666666,0.844628072503031,69.3543289346883,26.07042,26.2125573494623,0.470304804934574,0.401707094882002
"7232656","2017-04-19",47.8107288792768,0.813571428571431,0.77134920634921,0.715866725866728,26.4663109845738,25.9718490154262,26.21908,0.856050301779242,70.7551847947206,26.095288,26.2364430362007,0.483236076253357,0.418012891156273
"7232655","2017-04-20",48.056256960049,0.710526315789474,0.754143692564747,0.745924280397967,26.4338971695549,26.0581394971117,26.2460183333333,0.862152729395657,67.4254836986695,26.120488,26.2529172980406,0.478167468497293,0.430043806624477
"7232654","2017-04-23",48.38313210999,0.799999999999998,0.774699248120303,0.766730715678086,26.4555597645015,26.0631535688318,26.2593566666666,0.899271643505242,69.3833797880716,26.144088,26.2725283249685,0.480852350656025,0.440205515430787
"7232653","2017-04-24",48.6866590349352,0.799999999999998,0.770175438596492,0.766339459760514,26.4741561094366,26.0669838905633,26.27057,0.842434953901941,69.3833797880716,26.167236,26.289524548306,0.477428169258998,0.447650046196429
"7232652","2017-04-25",48.2028322451086,0.657142857142862,0.752380952380954,0.765751879699249,26.4817856062865,26.0854377270468,26.2836116666666,0.760011483340687,63.8222485515876,26.188436,26.2975879418652,0.454107557280259,0.448941548413195
"7232651","2017-04-26",47.7535645116982,0.857142857142864,0.771428571428576,0.764661654135341,26.4998549493537,26.0904250506463,26.29514,0.837281995695348,67.7227219095985,26.212036,26.3139095496165,0.451866846798343,0.449526608090225
"7232650","2017-04-27",48.1082479485171,0.425000000000002,0.646428571428578,0.723412698412703,26.5187628909205,26.0911837757461,26.3049733333333,0.831385066072692,62.5363360389402,26.234436,26.3213882763343,0.429780147885261,0.445577316049232
"7232649","2017-04-30",48.5851736554475,0.46116504854369,0.581102635228853,0.666319926028669,26.5369683617413,26.106044971592,26.3215066666666,0.877081720435431,64.8551543999089,26.24808,26.3332031728231,0.419682563394841,0.440398365518354
"7232648","2017-05-01",49.0280332404542,0.513440860215051,0.466535302919582,0.564688836525671,26.5493193484307,26.1323906515692,26.340855,0.89489965847736,67.1027812557514,26.264676,26.3489094164467,0.419378129846115,0.436194318383906
"7232647","2017-05-02",48.9218579225832,0.352941176470591,0.442515695076446,0.496717877741627,26.556591240206,26.1597854264606,26.3581883333333,0.840582207514522,63.7813970138058,26.280276,26.3583881609205,0.40494908787041,0.429945272281207
"7232646","2017-05-04",48.8232665559887,0.606060606060611,0.490814214248753,0.466621737414927,26.5799070795887,26.1663029204112,26.373105,0.911573069458266,68.6352433292363,26.297316,26.3786030727977,0.416230275723439,0.427202272969653
"7232645","2017-05-07",48.7317174298652,0.655172413793098,0.538058065441435,0.490462658255544,26.5947491105286,26.1877042228046,26.3912266666666,0.900136049476242,70.0748823887018,26.312116,26.4001226630914,0.42933887261265,0.427629592898253
"7232644","2017-05-08",48.0825103264153,0.551724137931037,0.604319052594917,0.544397110761701,26.5913196354362,26.2254336978971,26.4083766666666,0.786856246437421,66.7741902986289,26.330516,26.4147729746792,0.425605298132004,0.427224733945003
"7232643","2017-05-09",47.7353188981631,0.551724137931037,0.586206896551725,0.576194671529359,26.5922577980228,26.2544222019771,26.42334,0.798744915716512,66.7741902986289,26.347316,26.4274699113886,0.417800622286535,0.425339911613309
"7232642","2017-05-10",47.8193126442734,0.517241379310341,0.540229885057473,0.576918611401372,26.5906111686839,26.286138831316,26.438375,0.822826262367361,65.580030730473,26.362516,26.4371405898701,0.40388483473599,0.421048896237846
"7232641","2017-05-11",47.8973068370901,0.517241379310341,0.528735632183908,0.551724137931035,26.5881329514834,26.3142837151832,26.4512083333333,0.787719139666785,65.580030730473,26.374116,26.4455218445541,0.388364340277314,0.414511985045739
"7232640","2017-05-14",48.1122211761213,0.827241379310343,0.620574712643677,0.563180076628353,26.606776560593,26.3196334394069,26.463205,0.964559274305695,70.9893251732721,26.390912,26.4647722652802,0.398864059177817,0.411382399872155
"7232639","2017-05-15",49.1749629649094,0.505658560077048,0.616713772899246,0.588674705908944,26.6252100936354,26.3310432396978,26.4781266666666,1.01095718179924,67.2063240907017,26.408512,26.4774692965762,0.393494980609743,0.407804916019673
"7232638","2017-05-16",50.6559779492313,0.471698113207549,0.601532684198315,0.612940389913746,26.6682284060725,26.3196849272607,26.4939566666666,1.12940975804394,70.5928968320591,26.425312,26.4964733903661,0.402843050790613,0.406812542973861
"7232637","2017-05-17",52.180656941307,0.413793103448274,0.463716592244292,0.560654349780618,26.7043089977924,26.3172976688741,26.5108033333333,1.04915705076145,69.3082356996086,26.440912,26.5116102716506,0.402524513882008,0.40595493715549
"7232636","2017-05-18",53.2045484182682,0.329629629629632,0.405040282095153,0.490096519512587,26.7182285574329,26.328731442567,26.52348,0.821405889514222,66.4434817480232,26.454032,26.5217955687638,0.391042649345663,0.402972479593525
"7232635","2017-05-21",54.5588739028742,0.358490566037733,0.367304433038548,0.412020435792665,26.7386740979764,26.3407425686902,26.5397083333333,0.919565480606409,67.8735283735589,26.466432,26.5335561595953,0.384187347994636,0.399215453273747
"7232634","2017-05-22",55.8408917099126,0.728490566037737,0.472203587235036,0.414849434122912,26.7907222438428,26.3311277561571,26.560925,1.10801788131495,77.2004629327151,26.486276,26.569895338316,0.433305260170069,0.406033414653011
"7232633","2017-05-23",55.6329679621165,0.488888888888887,0.525290006988121,0.454932675753901,26.815176051727,26.3427906149396,26.5789833333333,0.906835855568173,67.8820662682068,26.500272,26.5899092932072,0.440902856193448,0.413007302961099
"7232632","2017-05-24",55.7298896523722,0.488888888888887,0.568756114605172,0.52208323627611,26.8358019027574,26.3628314305759,26.5993166666666,0.910208835599938,67.8820662682068,26.514668,26.6072547207795,0.441782715687622,0.418762385506403
"7232631","2017-05-25",54.952771661276,0.355555555555556,0.444444444444445,0.512830188679246,26.8411829382936,26.3849703950397,26.6130766666666,0.70901807299417,61.848577988357,26.5254,26.6142874246756,0.419424096305865,0.418894727666296
"7232630","2017-05-29",54.2311620981151,0.634,0.492814814814816,0.502005124621478,26.8564580264221,26.4035586402445,26.6300083333333,0.842883367489994,68.2043173320399,26.542412,26.6370891013855,0.434642287687503,0.422044239670537
"7232629","2017-05-30",53.7712324418212,0.555777777777778,0.515111111111113,0.484123456790125,26.8688991110652,26.4201575556014,26.6445283333333,0.789413059890347,64.9317489890019,26.556416,26.6521572212008,0.431021532444031,0.423839698225236
"7232628","2017-05-31",53.7899381215769,0.666666666666669,0.618814814814817,0.542246913580249,26.8909312402753,26.4313120930579,26.6611216666666,0.883458785533723,67.3252401522406,26.572416,26.6718695917073,0.43816384204427,0.426704526989043
"7232627","2017-06-01",54.1394746014029,0.731162790697681,0.651202411714044,0.595042779213325,26.9231473815332,26.4410559518,26.6821016666666,0.978813047546713,70.5524282815182,26.593392,26.6988736461464,0.460944900733784,0.433552601737991
"7232626","2017-06-04",50.8522437345618,0,0.465943152454785,0.578653459661216,26.9209840655192,26.4476859344808,26.684335,0.296460214646111,47.73286254089,26.598192,26.6776904933269,0.373582469075728,0.421558575205539
"7232625","2017-06-05",47.4698013798349,0,0.243720930232562,0.453622164800464,26.9207555352647,26.4483044647352,26.68453,0.23218390666751,45.6637931076412,26.603252,26.6535317608833,0.287849273592466,0.394816714882924
"7232624","2017-06-06",44.530709697423,0,1.40628249785853e-15,0.236554694229116,26.9177770380123,26.4549329619876,26.686355,0.20503745486125,44.4011146864105,26.605652,26.6290608594322,0.209436512764949,0.357740674459329
"7232623","2017-06-08",41.8783639714341,0.442307692307694,0.147435897435899,0.130385609222821,26.9146814079304,26.4762685920695,26.695475,0.525527690482155,55.8197789693355,26.615612,26.6385194115079,0.214508624723164,0.329094264512096
"7232622","2017-06-11",39.3769214059045,0.192307692307695,0.211538461538464,0.119658119658122,26.9104294772247,26.4865171894418,26.6984733333333,0.259761623017366,49.6170810492178,26.621612,26.6293834899735,0.177093403185569,0.298694092246791
"7232621","2017-06-12",37.6423067879973,0.250000000000005,0.294871794871799,0.217948717948721,26.9041541235696,26.509292543097,26.7067233333333,0.470310270958079,50.9710469405671,26.625212,26.6254656913104,0.154749758539241,0.269905225505281
"7232620","2017-06-13",35.805900100424,0.192307692307695,0.211538461538467,0.239316239316243,26.9045799094007,26.5082067572659,26.7063933333333,0.206354144556949,49.5373997472931,26.626412,26.6180702658023,0.126490106301591,0.241222201664543
"7232619","2017-06-14",34.6649913391287,0.346153846153846,0.262820512820517,0.256410256410261,26.9042937132576,26.5133162867424,26.708805,0.417800028457523,53.3088366423396,26.632012,26.6223275636953,0.126885695135504,0.218354900358735
"7232618","2017-06-15",34.0636411702338,0.500000000000003,0.34615384615385,0.273504273504278,26.9078974339558,26.5143792327108,26.7111383333333,0.62416621775591,56.7868987928075,26.640812,26.636683888536,0.149710812773285,0.204626082841645
"7232617","2017-06-18",33.5052445848313,0.530961538461538,0.459038461538464,0.356004273504277,26.9110216785381,26.5151149881285,26.7130683333333,0.623425547442694,57.4734662299383,26.650656,26.6512727033978,0.170685371545298,0.197837940582376
"7232616","2017-06-19",34.2823804130012,0.546875000000002,0.525945512820516,0.44371260683761,26.9407770550669,26.5121596115996,26.7264683333333,0.943748466685732,60.5701452372271,26.663456,26.6737696762781,0.207254040056437,0.199721160477188
"7232615","2017-06-20",34.2073718311527,0.390625,0.489487179487181,0.491490384615387,26.9537938535932,26.5131428130734,26.7334683333333,0.756888837025929,54.7593601423856,26.66866,26.679933719441,0.203606768536502,0.200498282089051
"7232614","2017-06-21",32.9586613570509,0.125000000000003,0.354166666666669,0.456533119658122,26.9415892153932,26.5113107846068,26.72645,0.43852817592641,46.5785587405309,26.66826,26.6626092235156,0.147585637879355,0.189915753247112
"7232613","2017-06-22",31.7991444882421,0.203125000000004,0.239583333333337,0.361079059829062,26.9387760395106,26.4970072938227,26.7178916666666,0.233137149657229,48.9922377968495,26.66746,26.6542613270468,0.116964372598138,0.175325477117317
"7232612","2017-06-25",31.8276725812956,0.173437500000001,0.167187500000004,0.253645833333337,26.9308290727803,26.493354260553,26.7120916666666,0.420547806726676,48.1028261861797,26.6663,26.6444931501073,0.0859495519128561,0.157450292076425
"7232611","2017-06-26",32.2797547875784,0.270937500000001,0.215833333333337,0.207534722222226,26.9345966677787,26.4949699988879,26.7147833333333,0.608008309534944,51.2340077755154,26.668516,26.6443473967596,0.0793532318364765,0.141830880028435
"7232610","2017-06-27",32.6995454076981,0.196428571428571,0.213601190476192,0.198874007936511,26.927424656365,26.491885343635,26.709655,0.438187745905472,52.0626119100457,26.670516,26.646434410525,0.0782509092176475,0.129114885866278
"7232609","2017-06-28",33.415545955952,0.0892857142857158,0.185550595238097,0.204995039682542,26.9208864091963,26.4886469241369,26.7047666666666,0.434912625278966,48.8328539084305,26.662272,26.6402431557883,0.0585297473344237,0.114997858159907
"7232608","2017-06-29",34.080403607902,0.0892857142857158,0.125000000000002,0.174717261904764,26.9039770377571,26.4841029622429,26.69404,0.330409470793294,48.8328539084305,26.657472,26.6348774016832,0.0424101157177503,0.100480309671476
"7232607","2017-07-02",34.9386743834376,0.344285714285712,0.174285714285716,0.161612103174605,26.8717502916254,26.4993163750412,26.6855333333333,0.653763296296784,56.3134779050276,26.658384,26.6492670814588,0.0720598437658371,0.0947962164903479
"7232606","2017-07-04",34.6019765490115,0.0892857142857158,0.174285714285716,0.157857142857145,26.8702394869625,26.5066538463708,26.6884466666666,0.383988817789063,48.6532274407185,26.655984,26.6426981372643,0.0517088587884018,0.0861787449499587
"7232605","2017-07-05",34.2938160517201,0.178571428571425,0.204047619047619,0.18420634920635,26.8663326198812,26.5227573801188,26.694545,0.457568731252627,51.1584512298477,26.650572,26.6436717189624,0.0501458600549176,0.0789721679709505
"7232604","2017-07-06",34.2818310950002,0.339285714285711,0.202380952380952,0.193571428571429,26.8657228868331,26.5445837798335,26.7051533333333,0.677015708855376,55.3786532277245,26.650168,26.6565154897674,0.0752891543295942,0.0782355652426792
"7232603","2017-07-09",34.4059850773337,0.323214285714288,0.280357142857143,0.228928571428571,26.8709911423618,26.5453488576382,26.70817,0.680658356607367,54.8680913918741,26.647408,26.6664467577984,0.0914235939999619,0.0808731709941358
"7232602","2017-07-10",33.1996854160632,0.0239999999999957,0.228833333333333,0.237190476190476,26.8713932728572,26.5444967271428,26.707945,0.145723797987702,46.2977191515391,26.63496,26.6526805234253,0.0528129341060168,0.075261123616512
"7232601","2017-07-11",32.1955183992517,0.0444444444444436,0.130552910052911,0.213247795414462,26.8729601681181,26.5338631652151,26.7034116666666,0.207817136438536,46.6613190414251,26.63616,26.6416564536353,0.0239851240227296,0.0650059236977555
"7232600","2017-07-12",31.3614469841035,0.152930402930404,0.0737916157916158,0.144392619725953,26.8698287651305,26.5430545682028,26.7064416666666,0.329112374258311,49.8855141282402,26.6415,26.6401022598172,0.0190888674644896,0.0558225124511023
"7232599","2017-07-13",30.6073724425687,0.302884615384616,0.166753154253156,0.123699226699227,26.8702895360663,26.5444771306003,26.7073833333333,0.46352706915408,53.2105884462735,26.65052,26.6474886251749,0.0346473175793838,0.0515874734767586
"7232598","2017-07-16",30.2124973609784,0.198717948717948,0.218177655677657,0.15290747524081,26.8649241952385,26.5421758047614,26.70355,0.437360906318543,50.6943465638056,26.64852,26.6478234751516,0.0328180442363379,0.0478335876286745
"7232597","2017-07-17",30.7077560161078,0.291166848418765,0.264256470840445,0.216395760257086,26.8642956938808,26.5422776394525,26.7032866666666,0.665767103011675,51.7738893161205,26.65252,26.6507803451314,0.0369976503801883,0.0456664001789772
"7232596","2017-07-18",31.1676390530136,0.372955288985824,0.287613362040847,0.256682496186316,26.8203220861839,26.5645845804828,26.6924533333333,0.529509424697037,53.4213166877724,26.65652,26.6573429657805,0.0488277524116398,0.0462986706255098
"7232595","2017-07-19",32.8620025536129,0.303993796044978,0.322705311149857,0.291525048010383,26.8183092389884,26.5658974276782,26.6921033333333,1.08461342425862,54.5363347647903,26.66252,26.6656972370098,0.0635191163176341,0.0497427597639346
"7232594","2017-07-20",34.4353400898836,0.362155874369912,0.34636831980024,0.318895664330315,26.8261199463463,26.5649800536536,26.69555,0.78101157803464,56.2289476068678,26.66652,26.6769376054085,0.0832701614166709,0.0564482400944819
"7232593","2017-07-23",34.8572028837431,0.129507561070183,0.265219077161693,0.31143090270393,26.8232468336989,26.5771864996343,26.7002166666666,0.472025831146394,48.4575471564803,26.66252,26.6706792580207,0.0619059514129994,0.0575397823581854
"7232592","2017-07-24",35.9905969036352,0.362155874369912,0.284606436603337,0.29873127785509,26.8492026486675,26.5691640179991,26.7091833333333,1.02665352984094,55.1352791670648,26.662676,26.6812553569513,0.0803472154818241,0.0621012689829131
"7232591","2017-07-25",37.0430342078206,0.550407134548277,0.347356856662792,0.299060790142607,26.8838606920437,26.5504193079562,26.71714,1.11258143034341,59.6865863249187,26.66376,26.7033679760244,0.122880311976736,0.0742570775816778
"7232590","2017-07-26",37.3901460514592,0.401124466847615,0.43789582525527,0.3566197061738,26.9025556925261,26.5492309741405,26.7258933333333,0.873329857218668,54.9279678449559,26.665764,26.7122655792212,0.131776413935625,0.0857609448524672
"7232589","2017-07-30",37.7124641919807,0.459092671578134,0.470208090991343,0.418486924303135,26.9133056081275,26.5531877252058,26.7332466666666,0.751177010704114,56.3821977512876,26.675764,26.7239635019917,0.146161008112689,0.0978409575045114
"7232588","2017-07-31",37.5838364284323,0.353634577603143,0.404617238676299,0.437573718307637,26.9169201102991,26.5672898897009,26.742105,0.665589232821407,53.2860413617394,26.681764,26.7274350350595,0.14083334567927,0.106439435139463
"7232587","2017-08-01",37.4643963622802,0.289532293986642,0.367419847722641,0.414081725796761,26.9179544682227,26.5679755317772,26.742965,0.548674357871505,53.8320955347139,26.688924,26.7317770303849,0.13803644150483,0.112758836412536
"7232586","2017-08-02",37.9581110736975,0.267260579064589,0.303475816884792,0.358504301094577,26.9219983523616,26.579818314305,26.7509083333333,0.65846920909823,53.1628553042152,26.693188,26.7342067596669,0.131286187788682,0.116464306687766
"7232585","2017-08-03",37.879691600087,0.133630289532299,0.230141054194511,0.300345572933981,26.921883209108,26.5855767908919,26.75373,0.448469612647039,49.2098387775375,26.694388,26.7283125250446,0.106597480392789,0.11449094142877
"7232584","2017-08-06",36.2350042729626,0,0.133630289532297,0.222415720203867,26.983992457144,26.4794442095226,26.7317183333333,-0.312512318889836,26.3507165220441,26.671988,26.6365375217054,-0.108337209819842,0.0699253111790478
"7232583","2017-08-07",34.7077946120613,0.423484119345525,0.185704802959276,0.183158715562028,26.9837844562077,26.4589522104589,26.7213683333333,0.192533500674961,44.9817960693774,26.667188,26.6156658521446,-0.144040010766144,0.0271322467900094
"7232582","2017-08-08",33.2896713555102,0.490856592877768,0.304780237407766,0.208038443299779,26.9834242740874,26.4600990592459,26.7217616666666,0.267330785497296,47.2672877782461,26.659476,26.606910405192,-0.149407997334283,-0.00817580203484913
"7232581","2017-08-09",31.7413062894512,0.533980582524272,0.482773764915856,0.324419601760966,26.9824536911334,26.4646363088665,26.723545,0.338659336551791,48.5817177105096,26.659076,26.6046556844998,-0.139919694793567,-0.0345245805865926
"7232580","2017-08-10",30.3035387281107,0.637572815533981,0.554136663645342,0.447230221989654,26.9829344111268,26.4687655888731,26.72585,0.4433065585887,52.0175271526208,26.660944,26.6169282598998,-0.0988980291954267,-0.0473992703083594
"7232579","2017-08-13",29.248405079754,0.582524271844661,0.584692556634306,0.540534328398501,26.9825412673724,26.4670487326275,26.724795,0.40223912743007,50.1016534084208,26.656944,26.6200044919132,-0.0826312752379987,-0.0544456712942873
"7232578","2017-08-14",27.3606630843416,0.640776699029126,0.620291262135924,0.586373494138523,26.9863262893826,26.4712637106173,26.728795,0.567056576729309,52.1116704797609,26.655704,26.6306705596581,-0.0509679157660758,-0.053750120188645
"7232577","2017-08-15",25.5170820067232,0.674587192911801,0.63262938792853,0.612537735566253,26.9889628144995,26.4717938521671,26.7303783333333,0.612062022706601,52.4554246664762,26.661576,26.6412478183703,-0.0225924014889967,-0.0475185764487153
"7232576","2017-08-16",23.8051852917918,0.795580110497239,0.703648000812723,0.652189550292392,26.9966773602957,26.4754126397042,26.736045,0.648270792709084,54.2247344089848,26.669176,26.6570814425876,0.0148528698853179,-0.0350442871819087
"7232575","2017-08-17",22.7940224692213,0.877551020408162,0.782572774605735,0.706283387782329,27.0130921758012,26.4690311575321,26.7410616666666,0.865654451712576,58.8430995962794,26.679976,26.6894705835759,0.0858558095994777,-0.0108642678256314
"7232574","2017-08-20",21.9674367101134,0.870000000000001,0.847710376968469,0.777977050795642,27.0375394784548,26.4630238548785,26.7502816666666,0.853431061461316,59.1600557487507,26.688556,26.7188745057658,0.143410774611308,0.0199907406617564
"7232573","2017-08-21",20.5761360163627,0.720000000000002,0.822517006802723,0.817600052792309,27.0432483708497,26.4689816291502,26.756115,0.593832701926222,52.6146154035223,26.692956,26.724357904997,0.142054747994802,0.0444035421283655
"7232572","2017-08-22",19.4126752909374,0.760000000000002,0.783333333333336,0.817853572368176,27.044062927674,26.4688337389926,26.7564483333333,0.685812893544292,54.0738455464919,26.698156,26.7344435176641,0.151304113467621,0.0657836563962166
"7232571","2017-08-23",18.3323189030425,0.760000000000002,0.74666666666667,0.78417233560091,27.0335182962774,26.4719050370559,26.7527116666666,0.66729483938873,54.0738455464919,26.702156,26.7431843819756,0.156816700697049,0.083990265256383
"7232570","2017-08-24",17.7009547999641,0.589285714285713,0.70309523809524,0.744365079365082,27.0355364783763,26.4714401882903,26.7534883333333,0.712454862948557,54.4802779813165,26.705756,26.7520931310455,0.162322122251846,0.0996566366554756
"7232569","2017-08-27",17.1146881328199,0.551020408163266,0.633435374149661,0.694399092970523,27.0410017479459,26.4707115853873,26.7558566666666,0.702019967314781,54.9100054773769,26.708556,26.7611473802394,0.167757772280952,0.113276863780571
"7232568","2017-08-28",16.6824929844966,0.577777777777782,0.572694633408922,0.636408415217941,27.0518772891762,26.4695027108238,26.76069,0.73348661105949,56.2445457275636,26.717356,26.7729943962075,0.179033490157843,0.126428189056025
"7232567","2017-08-29",16.2811689181964,0.675250000000001,0.601349395313684,0.602493134290756,27.0665728002428,26.4698171997571,26.768195,0.737794165458223,58.8708163997728,26.72376,26.7912751433798,0.2037066706297,0.14188388537076
"7232566","2017-08-30",16.3798931682702,0.700000000000005,0.651009259259264,0.608351095993957,27.0821538379778,26.4676228286888,26.7748883333333,0.767051888653378,59.3041307007616,26.726676,26.8084384575959,0.223630062152202,0.158233120727049
"7232565","2017-08-31",17.0595722259503,0.567567567567568,0.64760585585586,0.633321503476269,27.103572574534,26.468897425466,26.786235,0.779037762221253,58.632178388993,26.732272,26.8219799965831,0.233689501529555,0.17332439688755
"7232564","2017-09-04",17.6907027795104,0.694444444444446,0.654004004004008,0.650873039706377,27.0686934231288,26.5712665768712,26.81998,0.855201308485868,61.0109402038425,26.738672,26.8403826637053,0.253746531625443,0.189408823835128
"7232563","2017-09-05",17.7159302276232,0,0.420670670670673,0.574093510176847,27.053765506963,26.5988611597036,26.8263133333333,0.193019713907049,39.8097293268506,26.729872,26.7989983085446,0.138700858936347,0.179267230855372
"7232562","2017-09-06",17.7393557151565,0.0370370370370363,0.243827160493829,0.439500611722836,27.0532725291734,26.5996874708265,26.82648,0.00803788052477397,40.8394778317097,26.721472,26.765798534072,0.0528363689463962,0.153981058473577
"7232561","2017-09-07",17.5295358374335,0.12962962962963,0.0555555555555572,0.240017795573353,27.0525255743246,26.601101092342,26.8268133333333,0.100937313201488,43.4444597959376,26.715472,26.7436920628624,-0.000193414716587181,0.123146163835544
"7232560","2017-09-10",16.4031127308411,0.148148148148145,0.104938271604939,0.134773662551441,27.0525277511376,26.6010955821957,26.8268116666666,0.211706411386171,43.9757883492619,26.712272,26.7258664544808,-0.038786619996567,0.090759607069122
"7232559","2017-09-11",15.3571484175767,0.148148148148145,0.141975308641975,0.10082304526749,27.0556131378222,26.5948268621778,26.82522,0.103605092018253,43.9757883492619,26.735072,26.7104175938833,-0.0686041763767631,0.0588868503799449
"7232558","2017-09-12",14.385895840974,0.157407407407403,0.151234567901233,0.132716049382715,27.0616814566391,26.5767585433609,26.81922,0.137289429205144,44.2793476638446,26.740472,26.6976952480322,-0.089707262129235,0.029168027878109
"7232557","2017-09-13",13.4055405083131,0.222222222222218,0.175925925925924,0.156378600823044,27.0641221018141,26.5624845648525,26.8133033333333,0.214328927214472,46.4660023655773,26.744472,26.6913358816279,-0.094767621115921,0.00438089807930298
"7232556","2017-09-14",12.4834345417647,0.222222222222218,0.200617283950614,0.175925925925923,27.0644358082802,26.5481708583864,26.8063033333333,0.242438451366277,46.4660023655773,26.746872,26.6858244307442,-0.0976558415848872,-0.0160264498535351
"7232555","2017-09-17",12.4789495534484,0.14833333333333,0.19759259259259,0.191378600823042,27.0492467196649,26.5376999470017,26.7934733333333,0.284822543674306,44.1740506757931,26.743408,26.6757278399783,-0.110741811997062,-0.0349695222822404
"7232554","2017-09-18",11.970240564893,0,0.123518518518518,0.173909465020574,27.0380428437959,26.509307156204,26.773675,0.0908951515672316,36.4128643196673,26.735808,26.6456307946479,-0.16766584899508,-0.0615087876248083
"7232553","2017-09-19",11.4978679326629,0.484354838709677,0.210896057347671,0.177335722819593,27.0346977516538,26.5066822483461,26.77069,0.461383709621717,53.0688621043444,26.73782,26.6595866886948,-0.120477922576101,-0.0733026146150668
"7232552","2017-09-20",11.2674174099889,0.41193548387097,0.298763440860217,0.211059338908801,27.0262683381466,26.50513832852,26.7657033333333,0.495963899037773,50.9211536889776,26.737636,26.6656951302022,-0.0955776091154381,-0.0777576135151411
"7232551","2017-09-21",11.3504707692065,0.0569354838709668,0.317741935483873,0.275800477897253,27.0211340524199,26.4849592809134,26.7530466666666,0.202497503034091,41.9571860211003,26.726648,26.6416424461752,-0.140858455865678,-0.0903777819852484
"7232550","2017-09-24",10.8039349036119,0.236363636363634,0.235078201368525,0.283861192570871,27.0073606098222,26.4800660568444,26.7437133333333,0.391812524243844,46.3345386510371,26.713848,26.6334234533519,-0.146400334725183,-0.101582292533235
"7232549","2017-09-25",10.2964373141312,0.43111111111111,0.241470077115239,0.264763404655878,26.9926091570008,26.4769775096658,26.7347933333333,0.418300851229045,49.1268654862156,26.703208,26.6348336595716,-0.129906168938854,-0.107247067814359
"7232548","2017-09-26",9.82518955247058,0.555555555555556,0.407676767676768,0.29474168205351,26.9726640388629,26.4788026278037,26.7257333333333,0.479211441840315,51.5046068017585,26.700808,26.6435225049621,-0.0987316460550391,-0.105543983462495
"7232547","2017-09-27",9.50612692462943,0.460000000000002,0.482222222222224,0.377123022338077,26.9480370940524,26.4840595726142,26.7160483333333,0.500757939017417,49.5880646407157,26.695088,26.6453195043005,-0.0860584450167012,-0.101646875773336
"7232546","2017-09-28",9.20985448449122,0.64977777777778,0.555111111111115,0.481670033670036,26.9150954800807,26.4973411865859,26.7062183333333,0.586609921741356,53.3044591515472,26.692784,26.6582635703937,-0.0495872635187466,-0.0912349533224184
"7232545","2017-10-01",9.79942515023607,0.111111111111113,0.406962962962967,0.481432098765435,26.8660595546256,26.508377112041,26.6872183333333,0.209560806928969,43.5015938211834,26.680384,26.6371617610079,-0.0930087787155087,-0.0915897184010365
"7232544","2017-10-02",10.3468836255706,0.244444444444444,0.335111111111114,0.432395061728398,26.781400269409,26.5521430639243,26.6667716666666,0.155241661145684,46.1418394375134,26.669984,26.6268735262068,-0.108024911181581,-0.0948767569571454
"7232543","2017-10-03",11.2003756921178,0.111111111111113,0.155555555555558,0.299209876543213,26.7871151597964,26.5310948402035,26.659105,0.00874341979328946,43.9309675109828,26.655984,26.6099570560459,-0.136555490389045,-0.103212503643525
"7232542","2017-10-04",11.9929040396259,0.111111111111113,0.155555555555558,0.21540740740741,26.7955864532965,26.51376021337,26.6546733333333,0.00333463140338393,43.9309675109828,26.63958,26.5952961152398,-0.15737790857514,-0.114045584629848
"7232541","2017-10-05",11.7940225464617,0.222222222222226,0.148148148148152,0.153086419753089,26.7958030770324,26.5072102563009,26.6515066666666,0.263773287358662,46.4125018195916,26.62478,26.5892566332078,-0.15691299183922,-0.122619066071723
"7232540","2017-10-08",11.9440046088104,0.0354473113093833,0.122926881547576,0.142210195083762,26.7947988343045,26.4918811656954,26.64334,0.136843016877323,44.3009815540086,26.60838,26.5773557487801,-0.169773274654639,-0.132049907788306
"7232539","2017-10-09",12.0832736667057,0.156016397395713,0.137895310309109,0.136323446668279,26.7949698043531,26.4834535289802,26.6392116666666,0.24572222086374,46.9024550140441,26.59198,26.5737083156094,-0.162914388167479,-0.13822280386414
"7232538","2017-10-10",11.3866815836846,0.260911502290813,0.150791736998638,0.137204642951774,26.7940242437339,26.4821124229327,26.6380683333333,0.443568452707535,49.128580540303,26.59452,26.5763472068615,-0.142625779233507,-0.139103398938014
"7232537","2017-10-11",10.6101274498345,0.248749999999998,0.221892633228843,0.17019322684553,26.7913454834928,26.4807578498404,26.6360516666666,0.479442195025997,49.443427502927,26.5965,26.5794342459466,-0.123303310645617,-0.135943381279535
"7232536","2017-10-12",9.88904146840232,0.557279236276854,0.35564691285589,0.242777094361123,26.7927745119078,26.4806754880921,26.636725,0.660445871915385,53.912866610128,26.599972,26.5937496798204,-0.0805655993248777,-0.124867824888603
"7232535","2017-10-15",10.799991065158,0,0.268676412092286,0.282071986059006,26.7891079291052,26.4706687375614,26.6298883333333,0.238657587142003,43.6036058564984,26.594372,26.577249722511,-0.111213600076732,-0.122136979926229
"7232534","2017-10-16",11.6458728335739,0.109529025191683,0.222269420489514,0.282197581812563,26.7885984949478,26.4727748383854,26.6306866666666,0.318400768461876,45.6679247636184,26.590372,26.5682830928429,-0.121969959553958,-0.122103575851775
"7232533","2017-10-17",12.4313344756744,0.142857142857152,0.0841287226829465,0.191691518421582,26.7724278609288,26.4685221390712,26.620475,0.255159814436922,45.6679247636184,26.586172,26.5605120137972,-0.129015692902912,-0.123485999262002
"7232532","2017-10-19",13.1826780357162,0.0655737704918078,0.105986646180216,0.137461596450892,26.7594818993418,26.4751081006581,26.617295,0.790831997824237,45.6679247636184,26.580572,26.5537770786242,-0.133072211590624,-0.125403241727726
"7232531","2017-10-22",13.8803541986121,0.37704918032787,0.195160031225612,0.128425133362924,26.7926256468823,26.4636110197843,26.6281183333333,1.05280723617349,55.3614765272622,26.582572,26.573273468141,-0.0776712926546241,-0.115856851913106
"7232530","2017-10-23",14.5281963498725,0.540983606557381,0.327868852459021,0.209671843288283,26.8174509416324,26.4519057250342,26.6346783333333,1.00113727390054,59.4609775130218,26.590168,26.6035036723889,-0.00341449103239411,-0.0933683797369636
"7232529","2017-10-24",13.9379986909517,0.032786885245901,0.316939890710385,0.279989591465006,26.8125590086775,26.4408343246557,26.6266966666666,0.248030363978192,45.5082850648969,26.591768,26.5883698494037,-0.0381854713295215,-0.0823317980554752
"7232528","2017-10-25",13.389958007668,0.0491803278688544,0.207650273224047,0.284153005464484,26.8035843122168,26.4303690211165,26.6169766666666,0.243016960218333,45.9488942530066,26.581756,26.5765872028165,-0.0620096779516688,-0.0782673740347139
"7232527","2017-10-26",12.7693695348371,0.13114754098361,0.0710382513661233,0.198542805100185,26.7915026895036,26.4268106438297,26.6091566666666,0.365210477580333,48.2040351875074,26.57554,26.573042242441,-0.0649685251072563,-0.0756076042492224
"7232526","2017-10-29",13.1811184471486,0,0.0601092896174896,0.112932604735886,26.7805906302085,26.4068160364581,26.5937033333333,0.0709446209524408,41.4924465169757,26.570928,26.5459699434489,-0.120618477886103,-0.0846097789765985
"7232525","2017-10-30",13.5634567228664,0.140845070422533,0.0906642038020491,0.0739372482618872,26.7814921158411,26.3962478841588,26.58887,0.234705091139192,45.991452907272,26.566528,26.5358406176557,-0.132830499239411,-0.0942539230291611
"7232524","2017-10-31",14.2147466383734,0.222222222222223,0.121022430881587,0.0905986414337084,26.7958239749291,26.3948093584041,26.5953166666666,0.802607423768272,48.5479387018637,26.561968,26.5350618686349,-0.122851968602111,-0.0999735321437511
"7232523","2017-11-01",14.1791845081083,0.0555555555555545,0.139540949400105,0.117075861361247,26.7981680224228,26.3864653109104,26.5923166666666,0.210996964542187,44.0563115051454,26.550368,26.5183869528169,-0.149726075512768,-0.109924040817555
"7232522","2017-11-02",13.9894462297945,0.0138888888888861,0.0972222222222228,0.119261867501305,26.8011643408872,26.3775989924461,26.5893816666666,0.185097784420882,42.9855804584288,26.539288,26.499935359108,-0.17813256121344,-0.123565744896732
"7232521","2017-11-05",13.813260685646,0.125,0.0648148148148152,0.100525995479047,26.8018125393156,26.3656174606843,26.583715,0.23930242322594,46.7052960176418,26.527992,26.4946106445603,-0.17429305475366,-0.133711206868117
"7232520","2017-11-06",14.8674135567437,0.248611111111109,0.129166666666667,0.0970679012345681,26.806793771434,26.3709028952326,26.5888483333333,0.6081730984544,50.5690435523614,26.529952,26.5018625586189,-0.142502988098758,-0.135469563114246
"7232519","2017-11-07",15.2843763329313,0.109027777777776,0.16087962962963,0.118287037037037,26.8069087407811,26.3648612592188,26.585885,0.307369863604486,46.471946179729,26.525492,26.4947475508031,-0.146228119827707,-0.137621274456938
"7232518","2017-11-08",15.671556053677,0.180555555555554,0.179398148148148,0.156481481481481,26.8031549936088,26.3576583397244,26.5804066666666,0.343979374344147,48.7628273033304,26.525492,26.4954478773626,-0.131976913092113,-0.136492402183973
"7232517","2017-11-09",15.6250251600181,0.0833333333333317,0.124305555555555,0.154861111111111,26.7985649802447,26.3473483530885,26.5729566666666,0.295464097629504,45.8880998951863,26.522692,26.4867214937143,-0.140387776093587,-0.137271476965896
"7232516","2017-11-12",15.5818179016207,0.0972222222222228,0.120370370370371,0.141358024691358,26.786422440433,26.3358442262336,26.5611333333333,0.254093747748439,46.3744690669972,26.518292,26.4804919612191,-0.142373027100695,-0.138291786992856
"7232515","2017-11-13",15.5416968759659,0.0972222222222228,0.092592592592594,0.112422839506173,26.7871745967041,26.3244254032958,26.5558,0.24975645198411,46.3744690669972,26.515892,26.4750930330565,-0.142310702588244,-0.139095570111933
"7232514","2017-11-14",15.9501233852393,0.134999999999996,0.109814814814816,0.107592592592593,26.7845921868585,26.3186311464747,26.5516116666666,0.366845090849511,47.8530345625171,26.51258,26.474040628649,-0.132446551748588,-0.137765766439264
"7232513","2017-11-15",16.4171194966654,0.194444444444446,0.142222222222223,0.114876543209877,26.7838032224663,26.3172534442003,26.5505283333333,0.44399668684782,50.1807285386073,26.50924,26.4788352114958,-0.110312708869009,-0.132275154925213
"7232512","2017-11-16",17.2460800324229,0.21887323943662,0.182772561293689,0.144936532776909,26.767324337521,26.3207489958123,26.5440366666666,0.558511963289447,51.5625525083616,26.506676,26.4863771832963,-0.0840639575094504,-0.122632915442061
"7232511","2017-11-19",17.3516788424972,0.0947887323943653,0.169368805425145,0.164787862980352,26.7159723303553,26.3410343363113,26.5285033333333,0.422200469242003,46.7219119895924,26.497096,26.4811668921902,-0.0890765426373785,-0.115921640881124
"7232510","2017-11-20",17.3928990875555,0.138837209302324,0.150833060377771,0.167658142365535,26.6448485569306,26.377018109736,26.5109333333333,0.333974564384248,46.3179503523381,26.495884,26.4756379732315,-0.0942818268513723,-0.111593678075174
"7232509","2017-11-21",17.5564855461359,0.209302325581395,0.147642755759363,0.155948207187426,26.6426985211085,26.3752981455581,26.5089983333333,0.445157145087069,48.2394150596191,26.494284,26.4748862434673,-0.0881583535291441,-0.106906613165968
"7232508","2017-11-26",19.0901768604288,0.023255813953492,0.123798449612405,0.14075808858318,26.649131468842,26.374758531158,26.511945,0.748038310827945,46.4660333224177,26.491484,26.4702347443383,-0.0913968567581969,-0.103804661884414
"7232507","2017-11-27",20.5143187951294,0.186046511627911,0.139534883720934,0.136992029697568,26.6470026614283,26.3748873385717,26.510945,0.606774582537368,50.9931191582835,26.491484,26.4755367784265,-0.0717995989490294,-0.0974036492973369
"7232506","2017-11-28",21.1070349788924,0,0.0697674418604694,0.11103359173127,26.6456701560249,26.3825531773084,26.5141116666666,0.43369869141447,45.648189271988,26.480284,26.4681318746363,-0.0827475332190297,-0.0944724260816755
"7232505","2017-11-29",21.6574142923867,0.159090909090902,0.115045806906273,0.108116044162559,26.6471821734273,26.385081159906,26.5161316666666,0.541720555953287,50.0348852632124,26.467884,26.4710476246848,-0.0692882824278374,-0.0894355973509079
"7232504","2017-11-30",22.7572580932324,0.501818181818178,0.220303030303028,0.135038759689923,26.6326360731528,26.3953305935138,26.5139833333333,1.17304247213213,57.9150962226402,26.473916,26.4936812747268,-0.0125329452067668,-0.0740550669220797
"7232503","2017-12-03",22.7457910041085,0.204545454545455,0.288484848484847,0.207944561898049,26.6402677390597,26.398698927607,26.5194833333333,0.76431392205005,50.4785853647921,26.474316,26.4958571047633,-0.00732232388965803,-0.0607085183155953
"7232502","2017-12-04",23.2570083902616,0.5,0.402121212121213,0.303636363636362,26.6750014204231,26.3893652462435,26.5321833333333,1.12252852663838,56.4622071479251,26.477916,26.5150761574615,0.0359627487725112,-0.0413742648979741
"7232501","2017-12-05",22.8112737081858,0.204545454545455,0.303030303030305,0.331212121212121,26.6782563166652,26.3964403500014,26.5373483333333,0.627571432847806,49.9610941266013,26.483516,26.5143993364666,0.0303452060072429,-0.0270303707169307
"7232500","2017-12-06",22.329251637283,0.181818181818179,0.295454545454546,0.333535353535355,26.6653499900095,26.3984300099905,26.53189,0.481055495859532,49.4890524600149,26.484716,26.5124794249378,0.022589706440912,-0.0171063552853621
"7232499","2017-12-07",21.274696468339,0,0.12878787878788,0.242424242424244,26.6668430079403,26.392030325393,26.5294366666666,0.217007238242834,45.3373018545472,26.479916,26.4988155016127,-0.0108303596127124,-0.0158511561508322
"7232498","2017-12-10",20.1592529920069,0,0.0606060606060613,0.161616161616162,26.6852113444638,26.3543986555361,26.519805,-0.109221895286422,39.0631934285554,26.473516,26.4656401013977,-0.0851160560397801,-0.0297041361286218
"7232497","2017-12-11",19.0297396832198,0.344262295081969,0.114754098360658,0.101382679251533,26.6853345542773,26.3525421123893,26.5189383333333,0.332913873630905,49.0326675142569,26.476716,26.464888087878,-0.0790912162898949,-0.0395815521608764
"7232496","2017-12-12",18.4755571775231,0.400819672131146,0.248360655737706,0.141240271568142,26.6880015544914,26.3601417788419,26.5240716666666,0.588233859356651,50.4664282619488,26.478096,26.4688363428276,-0.0630703537860544,-0.044279312485912
"7232495","2017-12-13",17.9609591365189,0.573770491803282,0.4396174863388,0.267577413479055,26.6968014758281,26.3690085241718,26.532905,0.755532238394534,54.6661935198679,26.480136,26.4863248304506,-0.0180168396480052,-0.0390268179183306
"7232494","2017-12-14",17.1472039649722,0.216666666666665,0.397085610200366,0.361687917425624,26.6970750600049,26.3667782733283,26.5319266666666,0.312512052297743,45.9223161133841,26.477396,26.4721481863905,-0.048792075253834,-0.0409798693854313
"7232493","2017-12-17",16.2376931829006,0.652999999999998,0.481145719489983,0.439282938676383,26.7197826401649,26.3609640265018,26.5403733333333,0.926287807197295,55.1216037644963,26.483068,26.4947684282051,0.00651287901201059,-0.0314813197059429
"7232492","2017-12-18",15.8772570293703,0.266666666666666,0.378777777777778,0.419003035822709,26.7172939200586,26.3594360799414,26.538365,0.476624796044036,47.4284635970498,26.482268,26.4834659711111,-0.0200444904949415,-0.0291939538637427
"7232491","2017-12-19",15.796280170908,0.166666666666669,0.362111111111113,0.407344869459625,26.7244167466345,26.3397132533655,26.532065,0.0873921878955348,45.6523629838884,26.478668,26.4656705082963,-0.0587164766514658,-0.0350984584212873
"7232490","2017-12-20",14.6885751017391,0.00400000000000251,0.145777777777781,0.295555555555557,26.7296242036755,26.3256857963244,26.527655,0.130170514576796,42.8418841370088,26.471164,26.4372344405234,-0.117818553805749,-0.0516424774981796
"7232489","2017-12-21",13.6599918232252,0.166666666666669,0.112444444444448,0.20677777777778,26.7343619510213,26.308641382312,26.5215016666667,0.147104201576518,46.3957494996055,26.466476,26.425603181787,-0.133370634408647,-0.0679881088802731
"7232488","2017-12-25",13.2615977910929,0,0.056888888888892,0.10503703703704,26.7341657623284,26.2852042376715,26.509685,0.130217013673503,43.4171042275019,26.456076,26.4021894242154,-0.174261588930769,-0.0892428048903722
"7232487","2017-12-26",12.8916604755415,0.146412884333819,0.104359850333497,0.0912310612222791,26.7317714622105,26.2732652044561,26.5025183333333,0.269138010929085,46.3827533703801,26.44786,26.3925641676533,-0.180169514035466,-0.107428146719391
"7232486","2017-12-27",12.5481472539581,0.164714494875549,0.103709126403124,0.0883192885418378,26.7326722525342,26.2596077474658,26.49614,0.231453113393842,46.7584007711943,26.443568,26.3855556119662,-0.179730833609248,-0.121888684097363
"7232485","2017-12-28",13.0127888029073,0,0.103709126403124,0.103926034379915,26.7314076578822,26.2435656754511,26.4874866666667,0.226373146481849,43.3563076850487,26.43542,26.3656148637041,-0.208810359697464,-0.139273019217383
"7232484","2018-01-01",13.4895612484403,0.114204139900072,0.092972878258542,0.100130377021597,26.7047649436659,26.2428383896674,26.4738016666667,0.340230733592128,45.961965635933,26.42862,26.3568662152102,-0.209872719594317,-0.15339295929277
"7232483","2018-01-02",13.9322785192925,0.114204139900072,0.0761360932667162,0.0909393659761274,26.6929527305695,26.2322606027638,26.4626066666666,0.276047110193279,45.961965635933,26.42302,26.3492840531822,-0.208322353306156,-0.164378838095447
"7232482","2018-01-03",14.3433731279408,0.203426124197004,0.143944801332384,0.104351257619214,26.6487955701688,26.2436177631644,26.4462066666666,0.341534591587475,48.1241392463305,26.41662,26.3493795127579,-0.189598424006499,-0.169422755277657
"7232481","2018-01-04",15.2291567275959,0.203426124197004,0.173685462764695,0.131255452454598,26.6325952636919,26.2439680696414,26.4382816666666,0.439577911617802,48.1241392463305,26.41382,26.3494622443902,-0.172767612090696,-0.170091726640265
"7232480","2018-01-07",17.0268668657138,0.239293361884369,0.215381870092794,0.177670711396625,26.6300550552212,26.2445849447788,26.43732,0.682322826325938,49.0741418490391,26.409024,26.3522139451381,-0.151526344850572,-0.166378650282327
"7232479","2018-01-08",18.2128070708077,0.135382363702888,0.192700616594755,0.193922649817415,26.6284137790758,26.2363895542575,26.4324016666666,0.298222503460621,46.3414408830763,26.395792,26.3465854191197,-0.151352878868438,-0.163373495999549
"7232478","2018-01-09",19.7595675587349,0.208744968898648,0.194473564828637,0.200852017172062,26.626547707594,26.2484356257393,26.4374916666666,0.453915780964985,48.4058439394153,26.389396,26.3470540299038,-0.137352774147925,-0.158169351629224
"7232477","2018-01-10",21.2070365829963,0.245151847786317,0.196426393462619,0.194533524962004,26.624728761258,26.2473579054086,26.4360433333333,0.495556978922322,49.4453100278753,26.378596,26.3501134925833,-0.118793354567392,-0.150294152216858
"7232476","2018-01-11",23.3498837027391,0.161985180079266,0.205293998921412,0.198731319070889,26.6159130681447,26.2500835985219,26.4329983333333,0.661555237000559,47.3790373037457,26.371396,26.3474316935722,-0.115008441216236,-0.143237010016733
"7232475","2018-01-15",25.3396703139289,0.282784766500083,0.229973931455224,0.210564774613085,26.59117391403,26.2618227526367,26.4264983333333,0.682687478856372,51.2258000611251,26.3674,26.3544541344292,-0.0895108939254152,-0.13249178679847
"7232474","2018-01-16",26.7450143856686,0.196622436670689,0.213797461083348,0.216355130486661,26.5884835187307,26.261333147936,26.4249083333333,0.5406286156253,48.5022511476156,26.365004,26.353873583172,-0.08364874202621,-0.122723177844018
"7232473","2018-01-17",27.7820769732718,0.14475271411339,0.208053305761389,0.21727489943332,26.5177232718225,26.3007333948441,26.4092283333333,0.364071999990557,46.886136913627,26.367804,26.3493571054157,-0.0872148691534513,-0.115621516105905
"7232472","2018-01-18",28.7450636617604,0.14475271411339,0.162042621632491,0.194631129492409,26.4960937837368,26.3047895495965,26.4004416666666,0.258630538380469,46.886136913627,26.362204,26.3454428246936,-0.0890175172050478,-0.110300716325733
"7232471","2018-01-21",30.2074871002826,0.0581057524694901,0.115870393565425,0.161988773653102,26.4974132106504,26.3074701226828,26.4024416666666,0.557341737376351,47.5593936921236,26.355624,26.3433837814011,-0.0863891200090894,-0.105518397062404
"7232470","2018-01-22",31.5654517217675,0.116211504938987,0.106356657173957,0.128089890790624,26.4976240595004,26.3087626071662,26.4031933333333,0.44761592050136,49.6224716503171,26.346024,26.3455992772143,-0.0742615406122971,-0.099267025772383
"7232469","2018-01-23",32.4167874619824,0.0197511356903053,0.0646894643662623,0.095638838368548,26.4986396015921,26.3052870650745,26.4019633333333,0.214011164980941,46.9691838009903,26.343624,26.3421860402524,-0.0760255507889718,-0.0946187307757007
"7232468","2018-01-24",33.2073135064676,0.0197511356903053,0.0519045921065341,0.0743169045489178,26.498435993411,26.3057906732556,26.4021133333333,0.212182644136316,46.9691838009903,26.330752,26.3392279015521,-0.0765427753143255,-0.0910035396834257
"7232467","2018-01-28",33.4004876587885,0,0.0131674237935384,0.0432538267554449,26.5036367194872,26.2907566138461,26.3971966666666,0.0355914868814958,43.5902858705354,26.325152,26.3299975146785,-0.0912241672093916,-0.0910476651886189
"7232466","2018-01-29",32.6788840668511,0,0.00658371189676996,0.0238852425989475,26.5190288972409,26.2614211027591,26.390225,-0.123266596634932,38.2555416311577,26.318352,26.3099978460547,-0.128980048234206,-0.0986341417977364
"7232465","2018-01-30",32.0088235886236,0,1.52424369422495e-15,0.00658371189676994,26.5323731934427,26.2342634732239,26.3833183333333,-0.0617115287075243,38.2555416311577,26.315456,26.2926647999141,-0.157126578012767,-0.110332629040743
"7232464","2018-01-31",29.898594014441,0,1.52424369422495e-15,0.00219457063225766,26.5693934734335,26.1639098598997,26.3666516666666,-0.239820278766831,30.1675645005461,26.301856,26.2549761599255,-0.229058887406985,-0.134077880713991
"7232463","2018-02-01",29.2176338818036,0.0124023316383456,0.00413411054611672,0.00137803684870658,26.5807934222433,26.13089991109,26.3558466666666,0.0276363671292734,31.0904770779763,26.292656,26.2236460052688,-0.279886324901901,-0.163239569551573
"7232462","2018-02-04",28.5853137586404,0.0307787011388113,0.0143936775923872,0.00617592937950179,26.5913274543724,26.0928325456276,26.34208,0.0277517800009366,32.057484222858,26.280656,26.1978265378996,-0.313563190601307,-0.19330429376152
"7232461","2018-02-05",27.9981593585602,0.115817339510253,0.0529994574291382,0.023842415189214,26.5913341504618,26.0640125162048,26.3276733333333,0.118815816366356,36.8307012708827,26.270256,26.1821163328463,-0.321198154978763,-0.218883066004969
"7232460","2018-02-06",28.8840787154474,0.178421052631576,0.108339031093548,0.0585773887050245,26.5669541366662,26.0626791966671,26.3148166666666,0.372391041283777,39.7220595212639,26.265284,26.1727274884668,-0.313881287523654,-0.237882710308706
"7232459","2018-02-07",29.7067181182712,0.250877192982453,0.181705195041429,0.114347894521372,26.5629552688684,26.0530813977983,26.3080183333333,0.322142288229731,43.3595197221325,26.259404,26.1700971566712,-0.291989172432416,-0.248704002733448
"7232458","2018-02-08",29.8135889982677,0.121052631578946,0.18345029239766,0.157831506177545,26.5520594610617,26.0383905389382,26.295225,0.244923248503508,38.8372667365941,26.250564,26.1579508691151,-0.294080164905075,-0.257779235167773
"7232457","2018-02-11",30.1167071941023,0.0579150579150536,0.143281627492152,0.169479038310413,26.5367681520949,26.0255785145717,26.2811733333333,0.24991668332836,36.6667630216849,26.238164,26.1422240865664,-0.304288282079024,-0.267081044550023
"7232456","2018-02-12",30.3981740902345,0.15057915057915,0.109848946691052,0.145526955526954,26.5072257826076,26.0191842173923,26.263205,0.232662797667464,41.034637620081,26.227684,26.1349942083575,-0.294189977128168,-0.272502831065652
"7232455","2018-02-13",28.7959616176975,0,0.0694980694980695,0.107542881227091,26.4929673194303,25.980296013903,26.2366316666666,-0.0489514697475737,30.3333298145022,26.20728,26.0983283139099,-0.35260447265083,-0.288523159382688
"7232454","2018-02-14",27.2379464812423,0,0.0501930501930516,0.0765133554607242,26.4920047692322,25.9251052307678,26.208555,-0.085444705480506,29.9642338745242,26.18888,26.0652178720552,-0.397543679107026,-0.310327263327556
"7232453","2018-02-15",26.2181236737029,0.0589970501474916,0.0196656833824987,0.0464522676912066,26.4830933216078,25.8887100117255,26.1859016666666,0.0638588841747678,33.4523930764353,26.170476,26.0418554891145,-0.41607288831319,-0.331476388324683
"7232452","2018-02-19",25.1929480801314,0.0443952802359845,0.0344641101278269,0.034774281234459,26.47225315106,25.8561301822732,26.1641916666666,0.103772278639976,33.014128730052,26.15088,26.0202880905659,-0.428946018252507,-0.350970314310248
"7232451","2018-02-20",24.8684129761318,0.199115044247785,0.100835791543755,0.051655195018027,26.4360727864469,25.853477213553,26.144775,0.294411414070618,41.7259530098593,26.13708,26.0155830118238,-0.402010348393822,-0.361178321126962
"7232450","2018-02-21",24.2693913951156,0.147492625368729,0.130334316617501,0.0885447394296944,26.4000182502795,25.8485350830538,26.1242766666666,0.244428585114709,39.8631179599105,26.119076,26.0068386102473,-0.387068306105764,-0.366356318122723
"7232449","2018-02-22",23.7131570698862,0.184365781710915,0.176991150442478,0.136053752867912,26.3678215719688,25.8458984280311,26.10686,0.292063893070816,41.8597661910656,26.104072,26.0025934622143,-0.363290594384957,-0.36574317337517
"7232448","2018-02-25",23.9170567760028,0.221238938053096,0.184365781710915,0.163897082923631,26.3295248321905,25.8550285011428,26.0922766666666,0.421439504949758,43.8668466109563,26.091272,26.0022476672524,-0.332853279608902,-0.359165194621916
"7232447","2018-02-26",24.1063922173967,0.265486725663717,0.223697148475911,0.195018026876435,26.2979667701609,25.8620865631723,26.0800266666666,0.438759932418782,46.2641238606109,26.079672,26.0059479782854,-0.296008115387947,-0.346533778775122
"7232446","2018-02-27",24.5161494541401,0.415094339622641,0.30060666777982,0.236223199322215,26.2802583240427,25.8661616759573,26.07321,0.548595740695812,49.3689627419168,26.069272,26.0144882478474,-0.251497116326516,-0.327526446285401
"7232445","2018-02-28",22.7747594977631,0,0.226860355095454,0.250388057117062,26.2648582166404,25.8519751166929,26.0584166666666,0.164755794838174,35.5453346259019,26.047672,25.9885564814677,-0.290453264612278,-0.320111809950776
"7232444","2018-03-01",21.1577545382701,0.285714285714287,0.233602875112311,0.253689965995862,26.2630268626836,25.8474731373163,26.05525,0.375066294687313,45.9721238056713,26.034072,25.987415617272,-0.268591352456782,-0.309807718451978
"7232443","2018-03-04",19.9295815486243,0.305320735952257,0.19701167388885,0.219158301365538,26.2536237149036,25.8387296184297,26.0461766666666,0.296791516879847,44.1825300463627,26.018984,25.9814668683024,-0.259824580824708,-0.299811090926524
"7232442","2018-03-05",20.4709622984511,0,0.19701167388885,0.209208740963337,26.2800407938504,25.7716458728162,26.0258433333333,-0.140925626618148,33.2207299901326,25.994184,25.9372712858621,-0.340003947202361,-0.307849662181691
"7232441","2018-03-06",20.2203135847206,0.116504854368936,0.140608530107066,0.178210625961588,26.280366114662,25.7359872186713,26.0081766666666,0.0686031639673687,36.6872017364321,25.975384,25.9069684477472,-0.380648159018993,-0.322409361549151
"7232440","2018-03-07",19.9875683505423,0.135922330097088,0.0841423948220096,0.140587532939308,26.2549109126789,25.7103957539877,25.9826533333333,0.054368084230068,37.271646295897,25.956984,25.8820393213809,-0.405166750588959,-0.338960839357113
"7232439","2018-03-08",19.7714477759481,0.155339805825246,0.135922330097092,0.120224418342056,26.2278720971099,25.6900345695567,25.9589533333333,0.0990982611776283,37.8890998830363,25.945784,25.8617674118634,-0.416742975224305,-0.354517266530551
"7232438","2018-03-11",18.8019691047213,0.0776699029126265,0.122977346278322,0.114347357065808,26.2009978173597,25.6801221826402,25.94056,0.223107288855428,36.3478814111882,25.932584,25.8388650902816,-0.433465719533765,-0.370306957131194
"7232437","2018-03-12",17.9017389100106,0.0776699029126265,0.103559870550168,0.120819848975194,26.1724031981227,25.6707168018772,25.92156,0.20454318120657,36.3478814111882,25.918984,25.8190164115774,-0.441689502159703,-0.384583466136896
"7232436","2018-03-13",17.065810872065,0.233009708737866,0.129449838187708,0.118662351672066,26.1420059376287,25.6661740623712,25.90409,0.24621988785163,41.8357697335912,25.906584,25.8124808900338,-0.418410422893234,-0.391348857488164
"7232435","2018-03-14",16.9731998476874,0.194174757281556,0.168284789644018,0.133764832793964,26.1369964046035,25.6563235953964,25.89666,0.312637623192149,40.8866978006703,25.892116,25.8041501046959,-0.401596339144716,-0.393398353819474
"7232434","2018-03-15",16.9361723100273,0.326530612244897,0.251238359421441,0.182990995751055,26.1363786548829,25.6542080117837,25.8952933333333,0.404681048799338,44.9233802154527,25.878396,25.8049300907365,-0.365302799542766,-0.387779242964133
"7232433","2018-03-18",16.4004544225751,0.204081632653063,0.241595667393174,0.220372938819544,26.1340761277956,25.6408438722044,25.88746,0.261856612846251,41.8460208657383,25.865236,25.7976060786383,-0.351257266741123,-0.380474847719531
"7232432","2018-03-19",15.9030020985123,0.21276595744681,0.247792734114925,0.246875586976513,26.1313513025113,25.628262030822,25.8798066666666,0.275772068667178,41.8460208657383,25.853636,25.7912586014865,-0.336259814963025,-0.37163184116823
"7232431","2018-03-20",14.9703860548668,0.112500000000004,0.176449196699961,0.221945866069353,26.1147665389898,25.6165467943434,25.8656566666666,0.251802958442797,39.0054118595234,25.837916,25.7784241212883,-0.337706092246692,-0.364846691383922
"7232430","2018-03-21",14.5197680931351,0.250696378830082,0.191987445425634,0.205409792080173,26.1010556593196,25.6109243406803,25.85599,0.365362613058143,42.44775432473,25.833116,25.7733009051165,-0.321081400245971,-0.356093633156332
"7232429","2018-03-22",13.9203531687321,0.194986072423398,0.186060817084496,0.184832486403363,26.0831980985491,25.6063419014508,25.84477,0.351450674023597,41.3312923864444,25.827916,25.7661941177677,-0.310595585589124,-0.34699402364289
"7232428","2018-03-25",13.746387017439,0.27586206896551,0.240514840072998,0.206187700861043,26.0515088842576,25.615397782409,25.8334533333333,0.489024203588612,45.784712339493,25.823436,25.7677682353986,-0.280889020733677,-0.333773023061048
"7232427","2018-03-26",13.5848470198096,0.297178683385579,0.256008941591497,0.227528199582997,26.0158224831484,25.6290708501848,25.8224466666666,0.527804235113273,46.2993860470914,25.819624,25.7700391373455,-0.252307173948074,-0.317479853238453
"7232426","2018-03-27",13.4348455934395,0.34514106583072,0.306060606060604,0.2675281292417,25.9582796255143,25.660953707819,25.8096166666666,0.591201826187558,47.5068659749517,25.812228,25.7740472523661,-0.222301572292616,-0.298444197049285
"7232425","2018-03-28",13.0657080341281,0.282131661442007,0.308150470219437,0.290073339290513,25.9448117740953,25.6647548925714,25.8047833333333,0.566236544158774,46.0421756380511,25.805428,25.7748409520506,-0.202478833322828,-0.279251124303994
"7232424","2018-04-01",12.7229374433388,0.673999999999992,0.433757575757574,0.349322884012538,25.9075001717189,25.6875831616144,25.7975416666666,0.777187896035737,52.2358677175363,25.800768,25.7859954917772,-0.160351112599888,-0.255471121963173
"7232423","2018-04-02",11.9102217232247,0.446808510638301,0.467646724026768,0.403184923334593,25.8734587613249,25.7087679053418,25.7911133333333,0.756156702901713,47.8296748640553,25.792768,25.7878627595402,-0.143614301856665,-0.233099757941871
"7232422","2018-04-03",11.3028358638089,0.447234042553193,0.52268085106383,0.474695050282724,25.8721858712539,25.7243807954127,25.7982833333333,0.805244365999578,47.8377747632822,25.783572,25.7894943916015,-0.128833391301741,-0.212246484613845
"7232421","2018-04-04",10.8526661106208,0.591836734693873,0.495293095961791,0.495206890350797,25.8830554156122,25.7235112510544,25.8032833333333,0.939063379059858,51.1000603306382,25.774372,25.7962284727213,-0.103445407346436,-0.190486269160363
"7232420","2018-04-08",10.4346513398033,0.713877551020409,0.584316109422494,0.534096685482705,25.8942878161938,25.7276021838062,25.810945,0.993673822720503,53.4495458003521,25.776368,25.8060513430252,-0.0731345629675362,-0.167015927921798
"7232419","2018-04-09",10.5300483512042,0.543859649122811,0.616524644945699,0.565377950109995,25.9030873358084,25.7338026641915,25.818445,0.942381065090357,51.6701572374736,25.771168,25.8119111639551,-0.0547070729761456,-0.144554156932668
"7232418","2018-04-10",10.6198371466539,0.99859698351456,0.752111394552595,0.650984049640263,25.9368859882021,25.7183540117979,25.82762,1.1965265945879,60.8242563105207,25.772644,25.8342830087611,0.000408095680892728,-0.115561706409956
"7232417","2018-04-11",10.0221237497867,0.73048827374087,0.757648302126082,0.708761447208125,25.9510700303642,25.7201699696357,25.83562,0.923184528514435,54.8155436379944,25.783044,25.844378607593,0.0220441047898978,-0.0880405441699849
"7232416","2018-04-12",10.404288860702,0.423298731257217,0.717461329504217,0.742407008727631,25.9517786544943,25.7258013455056,25.83879,0.535151021883169,48.8571224554793,25.787848,25.8424747932472,0.0140831572198241,-0.0676158038920231
"7232415","2018-04-15",11.0713358676383,0.108857001484423,0.420881335494172,0.63199698904149,25.9519742816069,25.7276123850597,25.8397933333333,0.441493333455207,46.7935584422185,25.791048,25.8368114874809,-0.00160644500201146,-0.0544139321140207
"7232414","2018-04-16",11.2972353246766,0.0499750124937434,0.194043581745129,0.444128748914506,25.9509522094945,25.7265711238388,25.8387616666666,0.455158133595601,46.0969631045394,25.793448,25.8305699558168,-0.0169714943163202,-0.0469254445544806
"7232413","2018-04-17",11.5069991062122,0.434782608695653,0.197871540891275,0.270932152710192,25.951808132567,25.7354152007663,25.8436116666666,0.608082704637018,52.0198264658181,25.800528,25.8354272950412,-0.0050415938409043,-0.0385486744117654
"7232412","2018-04-19",10.8508134633853,0.0499750124937434,0.178244211227715,0.19005311128804,25.9497712232716,25.7450821100617,25.8474266666666,0.479839344643566,46.5155377126636,25.804528,25.8293703223691,-0.0194131936639086,-0.034721578262194
"7232411","2018-04-22",10.6156533607146,0.0946870068385091,0.193148209342637,0.189754653820542,25.9439452590952,25.7632414075714,25.8535933333333,0.564968178049476,47.9032810324473,25.806048,25.8265209460532,-0.0248952993370577,-0.0327563224771668
"7232410","2018-04-23",10.3972904082346,0.157811678064182,0.100824565798813,0.157405662123055,25.942028442545,25.7707248907883,25.8563766666666,0.4374794048918,48.856010370998,25.808848,25.8256514865794,-0.0252009272612708,-0.0312452434339876
"7232409","2018-04-24",11.0599453999667,0.483955812730151,0.245484832544282,0.179819202561911,25.9431973108861,25.7832960224472,25.8632466666666,0.800727199487451,53.5795112674194,25.811728,25.8331646217022,-0.00600559383878707,-0.0261973135149475
"7232408","2018-04-25",10.7602184234211,0.157811678064182,0.266526389619507,0.204278595987534,25.9437033026463,25.7869233640203,25.8653133333333,0.52989328040159,48.7325127466539,25.814528,25.8314093388086,-0.0100446154377321,-0.0229667738995044
"7232407","2018-04-26",10.4819005166288,0.21041557075223,0.284061020515523,0.265357414226437,25.9439960513151,25.7900106153515,25.8670033333333,0.499978352931303,49.5256311554713,25.817728,25.8312214269674,-0.0100067793251446,-0.0203747749846324
"7232406","2018-04-29",10.4672865892305,0.578642819568642,0.315623356128353,0.288736922087794,25.9501414727759,25.7921918605574,25.8711666666666,0.809170327469859,54.7972453966811,25.825928,25.8403919033718,0.0117494733248957,-0.0139499253227268
"7232405","2018-04-30",10.7093644151311,0.736454497632824,0.508504295984567,0.369396224209481,25.9595972581931,25.7950694084735,25.8773333333333,0.921407885969144,56.8759837301003,25.833528,25.8523396495889,0.0379114418929571,-0.00357765187959001
"7232404","2018-05-01",10.7631406374767,0.684210526315798,0.66643594783909,0.496854533317336,25.9669060041479,25.7955739958521,25.88124,0.823309893372226,55.9523146418778,25.841528,25.8613610296437,0.0548810083108808,0.00811408015850416
"7232403","2018-05-02",11.0883991471385,0.930000000000003,0.783555007982877,0.652831750602178,25.9815544392825,25.7956622273842,25.8886083333333,0.995224261378506,59.8815195163609,25.849448,25.8766462256912,0.0848072162209279,0.0234527073709889
"7232402","2018-05-03",11.0940765199745,0.850000000000012,0.821403508771939,0.757131488197968,25.9911920685534,25.7983512647799,25.8947716666666,0.87282047467752,58.2818454065113,25.856456,25.8877600622657,0.102337973044486,0.0392297605056884
"7232401","2018-05-06",10.5113033604588,0.545364402578077,0.775121467526032,0.793359994760283,25.994733659457,25.8005330072096,25.8976333333333,0.669584051094712,52.606479180351,25.860452,25.8893920539636,0.0964139422667598,0.0506665968579027
"7232400","2018-05-07",10.4134865054257,0.396628656420431,0.597331019666175,0.731285331988048,25.9953380568898,25.8010852764435,25.8982116666666,0.533916288447549,49.9855243478298,25.864052,25.8868064467685,0.0814307542684301,0.0568194283400081
"7232399","2018-05-08",10.2237190179371,0.545364402578077,0.49578582052553,0.622746102572579,25.9977537763435,25.8020028903231,25.8998783333333,0.636849103868471,52.5323694771162,25.865712,25.8885655871993,0.0780076610665148,0.0610570748853095
"7232398","2018-05-09",10.0475063509835,0.501360914534554,0.481117991177689,0.524744943789798,25.9889641910972,25.8054791422361,25.8972216666666,0.660657958325925,52.5410448553401,25.869716,25.8901035089061,0.0744671496727634,0.0637390898428002
"7232397","2018-05-10",9.88388030309789,0.465928945835747,0.504218087649461,0.493707299784226,25.9881507979919,25.8056258686747,25.8968883333333,0.663146664100969,52.5307056113876,25.873712,25.8914230410519,0.0708134564514351,0.0651539631645272
"7232396","2018-05-13",9.7319418300613,0.698893418753641,0.555394426374649,0.513576835067266,25.9930589189768,25.8110410810231,25.90205,0.763252586699107,56.2401634815214,25.877712,25.8978999689117,0.079464858646805,0.0680161422609828
"7232395","2018-05-14",10.8825928272928,0.232964472917873,0.465928945835755,0.508513819953288,25.9896515563292,25.8204484436707,25.90505,0.391353456538292,48.1380097961495,25.877316,25.8928466397235,0.0606933317592873,0.0665515801606437
"7232394","2018-05-15",12.0872568202576,0.123685837971569,0.351847909881029,0.457723760697144,25.9857502396732,25.8291130936601,25.9074316666666,0.301462589654676,47.2222216575781,25.877316,25.887133754427,0.0422120099714984,0.0616836661228146
"7232393","2018-05-16",12.7044190855756,0,0.118883436963149,0.312220097559978,25.9851920341801,25.8313046324865,25.9082483333333,0.338095908269409,47.2222216575781,25.872128,25.8821825871701,0.0272493972468757,0.0547968123476268
"7232392","2018-05-20",13.5796199895077,0,0.0412286126571913,0.17065331983379,25.9830193008254,25.8358106991746,25.909415,0.209380659914737,45.2265032785624,25.868928,25.8752249088807,0.00904874132579003,0.0456471981432595
"7232391","2018-05-21",13.0780678933379,0.529411764705897,0.176470588235301,0.112194212618547,25.9858718639005,25.8410914694328,25.9134816666666,0.729209211109201,54.5376277486576,25.872524,25.88119492103,0.0224299390597427,0.0410037463265561
"7232390","2018-05-23",14.0057268320302,0,0.176470588235301,0.131389929709264,25.9828091137216,25.8471208862784,25.914965,0.207921111407804,45.3192137952862,25.873324,25.873035598226,0.00183039269245899,0.0331690755997367
"7232389","2018-05-24",14.8671244179587,0.444444444444436,0.324618736383446,0.225853304284682,25.9825429719094,25.8462536947572,25.9143983333333,0.394354613699855,52.2698901547822,25.877724,25.8766308517958,0.010333808302887,0.0286020221403668
"7232388","2018-05-28",14.3620309485541,0.444444444444436,0.296296296296292,0.26579520697168,25.9821570253692,25.8519729746308,25.917065,0.548149779468407,52.2698901547822,25.879044,25.8797467382231,0.016877106510349,0.0262570390143632
"7232387","2018-05-29",13.893015584107,0.528333333333327,0.472407407407401,0.36444081336238,25.9809260801107,25.8590239198892,25.919975,0.542862242888317,53.5620657552125,25.884048,25.88446050646,0.0264641027883927,0.0262984517691691
"7232386","2018-05-30",14.4636565421714,0.111111111111109,0.361296296296292,0.376666666666662,25.9811504910045,25.8551328423287,25.9181416666666,0.223782075772076,46.7789770578163,25.885328,25.878532438932,0.0105263118457488,0.0231440237844851
"7232385","2018-05-31",14.8069049755083,0.5,0.379814814814813,0.404506172839502,25.9795375200011,25.8554124799989,25.917475,0.62776095244822,52.7813935882617,25.888928,25.8827281137411,0.0194955910086003,0.0224143372293081
"7232384","2018-06-03",15.1256356636069,0.5,0.370370370370371,0.370493827160492,25.9783196996867,25.8553003003132,25.91681,0.553026867035462,52.7813935882617,25.890048,25.8863643652423,0.0262990485276893,0.0231912794889843
"7232383","2018-06-04",14.8302772067223,0.5,0.500000000000001,0.416728395061729,25.9692165753813,25.8596700912853,25.9144433333333,0.672438213384318,52.7813935882616,25.893648,25.88951578321,0.0313284381875611,0.0248187112286997
"7232382","2018-06-05",16.9352154979149,0,0.333333333333335,0.401234567901236,25.9992126038779,25.8049740627887,25.9020933333333,-0.439188822381502,35.5919466065625,25.887248,25.8602470121153,-0.0390796288865958,0.0120390432056406
"7232381","2018-06-06",17.1254015487639,0,0.166666666666668,0.333333333333335,26.0254344854104,25.7537621812562,25.8895983333333,-0.269057660541087,30.2816864521,25.873248,25.8188807438333,-0.130938326625474,-0.0165564307605823
"7232380","2018-06-07",17.3020028816952,0.244444444444444,0.0814814814814827,0.193827160493828,26.0398296059602,25.7178870607064,25.8788583333333,-0.0866212344952915,39.2319438218826,25.862448,25.7976966446555,-0.167521392160996,-0.0467494230406651
"7232379","2018-06-10",17.3517150387567,0.324222222222225,0.189555555555558,0.145901234567903,26.042346741729,25.6943765916043,25.8683616666666,0.064249021707824,41.8554616753782,25.853484,25.7841237587014,-0.183203462377446,-0.0740402309080213
"7232378","2018-06-11",17.8253033598801,0.222222222222218,0.26362962962963,0.178222222222223,26.0449541629374,25.6678658370625,25.85641,0.0525097921241502,39.5069888992685,25.840444,25.7662405908746,-0.207634019880398,-0.100758988702497
"7232377","2018-06-12",18.2650639437804,0.25229357798165,0.266246007475366,0.239810397553518,26.0431279763281,25.6463086903385,25.8447183333333,0.117243905821841,40.293003505144,25.828444,25.752075178758,-0.221341121118646,-0.124875415185726
"7232376","2018-06-13",18.6734130574021,0.255813953488371,0.243443251230748,0.257772962778581,26.0352479915046,25.627758675162,25.8315033333333,0.142109226382696,40.293003505144,25.818844,25.7397984882569,-0.2295790139348,-0.145816134935541
"7232375","2018-06-14",18.8297446581629,0.279069767441863,0.26239243297063,0.257360563892248,26.0321900893385,25.6118165773281,25.8220033333333,0.201844519015474,41.1793923607738,25.810844,25.730492023156,-0.23033234885953,-0.162719377720339
"7232374","2018-06-17",19.2011502287852,0.232558139534879,0.255813953488372,0.25388321256325,26.029767569855,25.5942724301449,25.81202,0.189196684437397,39.903469555487,25.800844,25.7197597534019,-0.234512861010816,-0.177078074378434
"7232373","2018-06-18",19.1799534069866,0.232558139534879,0.248062015503875,0.255422800654292,26.0240761584624,25.5799638415375,25.80202,0.232755291525309,39.903469555487,25.79084,25.7104584529483,-0.235129358970865,-0.18868833129692
"7232372","2018-06-19",19.1602706438879,0.256046511627905,0.240387596899223,0.248087855297157,26.0184324620425,25.5676175379575,25.793025,0.264223274368389,40.9746043272817,25.781244,25.7037439925552,-0.229808270873089,-0.196912319212154
"7232371","2018-06-20",19.1433814302291,0.255813953488371,0.24813953488372,0.245529715762272,25.9983682861599,25.56168171384,25.780025,0.286212035700258,40.9668187598883,25.770044,25.6979114602145,-0.223057852307373,-0.202141425831198
"7232370","2018-06-21",19.1276985889746,0.279069767441863,0.263643410852715,0.250723514211885,25.987786485618,25.554063514382,25.770925,0.321103165355737,42.150566849333,25.762444,25.6941899321859,-0.212126821191383,-0.204138504903235
"7232369","2018-06-24",18.3980970325694,0.631377551020406,0.388753757316881,0.300178901017772,25.9764680026107,25.5568819973892,25.766675,0.615173050098564,54.6397359443244,25.760344,25.7079646078944,-0.161565954390053,-0.195623994800599
"7232368","2018-06-25",17.8663684072915,0.663265306122445,0.524570874861573,0.392322681010389,25.9611682650757,25.5625150682576,25.7618416666666,0.662610009194536,55.6506317333164,25.758744,25.7215693268418,-0.116243753223111,-0.179747946485101
"7232367","2018-06-26",17.5871248499419,0.190476190476203,0.495039682539686,0.469454771572713,25.9374958926015,25.5680007740651,25.7527483333333,0.474519284484031,45.2296242138833,25.753144,25.7173600832629,-0.116630892925884,-0.167124535773258
"7232366","2018-06-27",17.3278272609745,0.285714285714295,0.379818594104316,0.466476383835191,25.9202757581483,25.5706842418516,25.74548,0.478508250392089,47.0106159917259,25.744744,25.7163787388279,-0.109403316023937,-0.155580291823394
"7232365","2018-06-28",16.373281764093,0.73945193562419,0.405214137271564,0.426690804638522,25.8995383335783,25.582084999755,25.7408116666666,0.812345121110637,55.5683041406317,25.744744,25.7301949069842,-0.0683814890336865,-0.138140531265452
"7232364","2018-07-01",15.3029418637903,0.654583333333327,0.559916518223939,0.448316416533273,25.8785684428528,25.5941948904805,25.7363816666666,0.845853775241032,54.4575764383547,25.741028,25.7404489193863,-0.0394717998336014,-0.118406784979082
"7232363","2018-07-02",14.7523039930063,0.440400000000011,0.611478422985844,0.525536359493782,25.8453282181514,25.6147751151819,25.7300516666666,0.83259871881583,50.4971651505344,25.735432,25.7430690634681,-0.0309394929573825,-0.100913326574742
"7232362","2018-07-04",14.2409973987068,0.560400000000001,0.551794444444448,0.574396461884744,25.8579690644724,25.6128409355276,25.735405,0.872573860562143,52.8540297738535,25.730432,25.7493398550057,-0.0146083448615775,-0.0836523302321092
"7232361","2018-07-05",13.6017946081824,0.576923076923082,0.5259076923077,0.56306018657933,25.8706024799594,25.6158075200406,25.743205,0.866811285028895,53.6384719439766,25.728832,25.7560945410049,0.00141671437792201,-0.0666385213101029
"7232360","2018-07-08",13.0082491598382,0.607692307692309,0.581671794871799,0.553124643874649,25.8820367034822,25.6192399631845,25.7506383333333,0.834967371488794,54.3001858545606,25.724752,25.7630152688709,0.0164295353648924,-0.0500249099751039
"7232359","2018-07-09",12.1015313091027,0.692307692307687,0.625641025641027,0.577740170940175,25.89778934707,25.61848065293,25.758135,0.888572461021438,56.9472134191613,25.721952,25.7732798996882,0.0379048222582057,-0.032438963528442
"7232358","2018-07-10",12.4270531136365,0.617647058823532,0.639215686274511,0.615509502262446,25.9204753740313,25.6183612926353,25.7694183333333,0.976359788775815,59.3258002332947,25.720352,25.7861759130631,0.0635697626412579,-0.013237218294502
"7232357","2018-07-11",12.1963602576346,0.515151515151512,0.608368755427579,0.624408489114372,25.9353733177636,25.623513348903,25.7794433333333,0.865195957711734,55.9942536919291,25.727152,25.793352457988,0.0736637112544125,0.00414296761528091
"7232356","2018-07-12",11.9821454627757,1,0.710932857991683,0.652839099897924,25.9720677205777,25.6182522794223,25.79516,1.0789459027879,66.7263794043221,25.745152,25.8209054635896,0.130168180800272,0.0293480102522791
"7232355","2018-07-15",13.8556008515368,0.437287457491495,0.650812990881004,0.656704868100089,26.0028210637397,25.6180689362602,25.810445,0.998818987497127,58.0212655742011,25.755096,25.8325980684443,0.144680687112531,0.0524145456243294
"7232354","2018-07-16",15.5952379982436,0.522104420884175,0.653130626125225,0.671625491665971,26.0186459354825,25.6313107311841,25.8249783333333,0.867524042277197,60.589824908546,25.7653,25.8483849926517,0.167471944440889,0.0754260253876413
"7232353","2018-07-17",17.003160664005,0.479266513857054,0.47955279741091,0.594498804805713,26.029534514188,25.6480888191453,25.8388116666667,0.817707959241098,59.5714448035594,25.7769,25.8606003269648,0.180004136723855,0.096341647654884
"7232352","2018-07-18",18.3105174250692,0.44299674267101,0.481455892470748,0.538046438668961,26.0378941664997,25.6677558335003,25.852825,0.808465754073104,60.2581022091345,25.78852,25.8725869500362,0.190992863473149,0.115271890818537
"7232351","2018-07-19",19.1242318756704,0.397626803164261,0.439963353230777,0.466990681037478,26.0395741428733,25.69280919046,25.8661916666667,0.753221476744507,58.2784456951895,25.79936,25.880375356698,0.191402120393946,0.130497936733619
"7232350","2018-07-22",19.8798238655142,0.46510004653327,0.435241197456182,0.452220147719236,26.0401833843342,25.7201999489991,25.8801916666667,0.791082776110329,60.3639579398113,25.81096,25.890991975805,0.198467816693282,0.144091912725552
"7232349","2018-07-23",22.3973403562488,0.397590361445784,0.420105737047773,0.431770095911577,26.0658176842938,25.7183989823728,25.8921083333333,0.964065403239854,60.7284491058709,25.82356,25.9008597123643,0.203268939380208,0.155927318056483
"7232348","2018-07-24",24.115089531602,0.302325581395347,0.388338663124802,0.414561865876252,26.0713800139019,25.7255033194314,25.8984416666666,0.658702993130923,56.7914746617762,25.83476,25.9047450840491,0.193928386242126,0.163527531693611
"7232347","2018-07-25",25.7101423372872,0.305687203791472,0.335201048877536,0.38121514968337,26.0683747932369,25.7499752067631,25.909175,0.65334504840521,57.3864957173016,25.845836,25.9090457395092,0.18655278837918,0.168132583030725
"7232346","2018-07-26",26.8716517869674,0.20512820512821,0.271046996771678,0.331528902924672,26.0586340396478,25.7805859603522,25.91961,0.597309309725225,55.3915017182248,25.856236,25.9105063075746,0.173412680253793,0.169188602475339
"7232345","2018-07-29",27.9501962759562,0.328205128205128,0.279673512374938,0.29530718600805,26.0615235280171,25.7904998053162,25.9260116666666,0.654924937621376,59.6561767183981,25.868156,25.9181721332313,0.175914243814002,0.170533730743071
"7232344","2018-07-30",28.497401759822,0.270512820512818,0.26794871794872,0.272889742365112,26.0605863678279,25.8025136321721,25.93155,0.554054528327325,56.9096717931931,25.874076,25.9218158488005,0.168939435879478,0.170214871770353
"7232343","2018-07-31",26.7020999027449,0,0.19957264957265,0.249064959965436,26.0575758905498,25.8078541094502,25.932715,0.0888157363986887,43.0931587001936,25.873676,25.9055737356271,0.116763862050306,0.159524669826343
"7232342","2018-08-01",25.6923625177493,0.0232558139534838,0.0979228781554357,0.188481415225602,26.0545950620117,25.8138249379883,25.93421,0.177797787489937,44.0976907791085,25.878476,25.8928305708768,0.0776205033861999,0.143143836538315
"7232341","2018-08-02",24.754749231682,0.0932558139534859,0.0388372093023249,0.11211091234347,26.052577710412,25.8179089562546,25.9352433333333,0.168000112414937,47.123313292902,25.88368,25.8857998280932,0.0553356203288669,0.125582193296425
"7232340","2018-08-05",24.2946737006011,0.116279069767444,0.0775968992248061,0.0714523288941887,26.0492780001085,25.8250053332248,25.9371416666666,0.230201927082371,48.1179298261215,25.88488,25.8810265176808,0.0402945477166128,0.108524664180463
"7232339","2018-08-06",23.7132907855979,0.0930232558139516,0.100852713178295,0.0724289405684753,26.0497684433186,25.8239048900146,25.9368366666666,0.162318249738515,47.1530990024103,25.886196,25.8755563153234,0.0249669008595133,0.0918131115162728
"7232338","2018-08-07",23.3801820301798,0.0930232558139516,0.100775193798451,0.0930749354005172,26.0511507024297,25.8178526309036,25.9345016666666,0.209091751640442,47.1530990024103,25.889392,25.8708154732803,0.0126718556701766,0.0759848603470535
"7232337","2018-08-08",23.4057914603905,0.163023255813954,0.116356589147287,0.105994832041344,26.0510898998224,25.8182534335109,25.9346716666666,0.337060173888099,50.6102394112051,25.892592,25.8707200768429,0.0121760925247516,0.0632231067825932
"7232336","2018-08-09",24.5144432971827,0.139534883720927,0.131860465116279,0.116330749354006,26.0436661628777,25.8186771704556,25.9311716666666,0.494792337820488,49.4414710698775,25.894992,25.8692907332638,0.00853426534539459,0.0522853384951534
"7232335","2018-08-12",26.6926630524485,0.638297872340429,0.313618670625105,0.18727857496289,26.0857634183252,25.7920099150081,25.9388866666666,1.24136988168916,68.2215471786455,25.906672,25.9000519688287,0.0795493158934235,0.0577381339748075
"7232334","2018-08-13",28.7602259430972,0.874999999999995,0.550944252020452,0.332141129253945,26.1495004924351,25.7555395075648,25.95252,1.22971692893561,73.5182365943707,25.921872,25.9427117063182,0.171105408305094,0.0804115888408649
"7232333","2018-08-14",30.8601047046649,0.807692307692305,0.773663393344244,0.546075438663267,26.2038877697012,25.7304855636321,25.9671866666666,1.10444726069763,73.5182365943707,25.935872,25.9796834788091,0.240732609900096,0.112475793052711
"7232332","2018-08-15",32.9822855072678,0.784999999999999,0.822564102564101,0.715723915976266,26.2559285650664,25.7097181016002,25.9828233333333,1.04358167750183,74.3287550013407,25.951856,26.0143390149679,0.298426443993915,0.149665923240952
"7232331","2018-08-16",33.5526131664619,0.624999999999998,0.739230769230769,0.778486088379705,26.2876012030362,25.7046421302971,25.9961216666666,0.883980643698105,64.5955630010305,25.957856,26.0324271463055,0.312678583129511,0.182268455218664
"7232330","2018-08-19",35.0392991723296,0.574999999999998,0.661666666666667,0.741153846153846,26.3429782927526,25.686398373914,26.0146883333333,1.00257146748717,68.8595791079028,25.970992,26.0597035267981,0.346872116358377,0.215189187446606
"7232329","2018-08-20",36.4197933206353,0.595200000000001,0.598400000000001,0.666432478632479,26.3890152593955,25.6701214072711,26.0295683333333,0.947027052812283,69.7349061184676,25.983208,26.085929723225,0.375564408191309,0.247264231595547
"7232328","2018-08-21",37.701680744062,0.652083333333334,0.607427777777779,0.622498148148149,26.4376790338642,25.6634242994691,26.0505516666666,0.916462850027325,72.05067222457,25.997988,26.1157390934617,0.409906744584454,0.279792734193328
"7232327","2018-08-22",38.8764055164882,0.650694444444444,0.632659259259261,0.61282901234568,26.4794484487445,25.6627548845888,26.0711016666666,0.864761455713599,71.9390354088371,26.012308,26.1414405476668,0.431746072360362,0.310183401826735
"7232326","2018-08-23",39.9672213765983,0.687916666666668,0.663564814814817,0.634550617283952,26.5101761264059,25.6708905402607,26.0905333333333,0.791636923959215,73.1401712338413,26.02848,26.1672884746446,0.452031574450462,0.33855303635148
"7232325","2018-08-26",39.3580399588182,0.541666666666668,0.626759259259262,0.640994444444447,26.5298849652446,25.6826150347554,26.10625,0.707824362693602,61.9243901608407,26.03928,26.1756500113586,0.430634935343388,0.356969416149862
"7232324","2018-08-27",39.2770338698327,0.742857142857143,0.657480158730161,0.649268077601413,26.5654466225931,25.6931667107402,26.1293066666666,0.817933111720493,69.1756713767584,26.05588,26.2028966765108,0.454614696040179,0.376498472127925
"7232323","2018-08-29",37.5243341544944,0.542857142857142,0.609126984126986,0.631122134038803,26.5715989595169,25.7334743738164,26.1525366666666,0.669541222261051,58.0614892079903,26.06828,26.2078437863094,0.425562548771863,0.386311287456713
"7232322","2018-08-30",36.1704894969622,0.369565217391302,0.551759834368531,0.606122325741893,26.5784722250138,25.7736011083194,26.1760366666666,0.687106560967417,59.5608430058244,26.0816,26.2161312814681,0.40707236178934,0.390463502323238
"7232321","2018-09-03",35.139536261399,0.629756097560981,0.514059485936477,0.558315434810664,26.5933928889124,25.8158271110875,26.20461,0.788322874274579,65.6527654609625,26.101128,26.241740443939,0.429945716844915,0.398359945227574
"7232320","2018-09-04",34.4062101271647,0.731707317073172,0.577009544008487,0.547609621437831,26.6081327113954,25.8600906219379,26.2341116666666,0.810884913131916,67.259310890729,26.120408,26.2695083847472,0.455583228849221,0.409804601951903
"7232319","2018-09-05",33.8594397678757,0,0.453821138211386,0.51496338938545,26.5886909431212,25.8969590568788,26.242825,0.19931750898965,42.2886680280032,26.120988,26.2282406001142,0.321595576704903,0.392162796902503
"7232318","2018-09-06",33.3402223670949,0.175000000000001,0.302235772357726,0.4443554848592,26.5622192640944,25.9472974025723,26.2547583333333,0.256947438877244,46.8429129847534,26.131588,26.2064751867656,0.244829350149134,0.362696107551829
"7232317","2018-09-09",33.3460688248132,0,0.0583333333333353,0.271463414634149,26.5472252199357,25.9716147800643,26.25942,0.0318824769864593,43.1738065291644,26.137588,26.1736118285302,0.149877358759998,0.320132357793463
"7232316","2018-09-10",33.3964597605459,0,0.0583333333333353,0.139634146341466,26.5383920455502,25.9857812877831,26.2620866666666,-0.0044297987603839,42.829728357024,26.141984,26.1437969180595,0.0706589958187509,0.270237685398521
"7232315","2018-09-11",32.0382234631424,0.272727272727276,0.0909090909090937,0.0691919191919215,26.5389363675595,25.9835336324404,26.261235,0.28105677380114,49.350352279023,26.151984,26.1379573289849,0.05353999066946,0.226898146452709
"7232314","2018-09-12",31.4848423041743,0.0183636363636388,0.0970303030303066,0.0820909090909119,26.5461615959959,25.9553150706707,26.2507383333333,0.126516096468222,44.2779096289994,26.156788,26.1142430184536,-0.00321516858804438,0.180875483444558
"7232313","2018-09-13",30.9709883708466,0.254545454545455,0.181878787878792,0.123272727272731,26.5455389248675,25.9409710751324,26.243255,0.269110558236797,49.4711933511084,26.166788,26.1110106159931,-0.00797238972806147,0.143105908810034
"7232312","2018-09-17",30.7882171523156,0.145454545454549,0.139454545454549,0.139454545454549,26.5431730645546,25.923363602112,26.2332683333333,0.252717016082141,47.2793335181273,26.173184,26.1002092005274,-0.0299492872023799,0.108494869607551
"7232311","2018-09-18",31.0203811894746,0,0.133333333333336,0.151555555555559,26.5542523962701,25.8845576037298,26.219405,0.0868192450020479,44.2101024250191,26.176492,26.0792079737904,-0.073539985315485,0.072087898622944
"7232310","2018-09-19",29.4452464083077,0,0.0484848484848511,0.107090909090912,26.548567584106,25.8511090825607,26.1998383333333,0.146566785760244,40.8504384047757,26.166092,26.047313577285,-0.13834427726771,0.0300014634448132
"7232309","2018-09-20",27.9826212543669,0.053181818181818,0.0177272727272743,0.0665151515151539,26.5446561808623,25.807437152471,26.1760466666667,0.091781200597401,42.4598483681267,26.152296,26.0243517669803,-0.176857405486941,-0.0113703103415376
"7232308","2018-09-23",26.1257106163341,0.0151515151515175,0.0227777777777801,0.0296632996633019,26.5295227696636,25.773603897003,26.1515633333333,0.145160334394216,41.5884059054023,26.137496,26.0011048647163,-0.21276496941276,-0.0516492421557821
"7232307","2018-09-24",24.950023797245,0.167727272727275,0.0786868686868717,0.0397306397306421,26.5028138474696,25.7631261525304,26.13297,0.316359434399118,46.3461552669506,26.12594,25.9943842160875,-0.207596663214837,-0.0828387263675931
"7232306","2018-09-25",23.8555618529242,0.291105832673524,0.15799487351744,0.0864865066606974,26.4782591742315,25.7535041591018,26.1158816666666,0.331186634408552,46.3300124202768,26.117952,25.9885063206091,-0.201309476659817,-0.106532876426038
"7232305","2018-09-26",22.8392757617692,0.33729216152019,0.265375088973665,0.167352277059326,26.4594610232676,25.7412923100656,26.1003766666666,0.321569317936492,47.1965579451191,26.107184,25.9857454778612,-0.188719402568871,-0.122970181654604
"7232304","2018-09-27",22.4930241365178,0.2375296912114,0.288642561801706,0.237337508097604,26.4125992224487,25.7455307775513,26.079065,0.352091639539086,45.4881309844751,26.094128,25.9783127474797,-0.188315113795534,-0.13603916808279
"7232303","2018-09-30",22.6961595301222,0.158353127474264,0.244391660068619,0.266136436947997,26.3841769871666,25.7438230128333,26.064,0.389644369365827,44.1230276319186,26.077748,25.9678710478158,-0.19507637822137,-0.147846610110506
"7232302","2018-10-01",22.1646535996244,0,0.131960939561889,0.221665053810738,26.3471514646811,25.7367118686522,26.0419316666666,0.243357080669207,40.2389694389538,26.057824,25.946874908107,-0.225711069829948,-0.163419502054395
"7232301","2018-10-02",21.912715312222,0.13419913419913,0.0975174205577993,0.157956673396103,26.2684255945742,25.7658244054258,26.017125,0.331957553708877,43.2187463457391,26.038812,25.9352915870261,-0.231920326989332,-0.177119667041382
"7232300","2018-10-03",20.8812958683927,0,0.0447330447330448,0.0914038016175779,26.187562218107,25.7635811152263,25.9755716666666,-0.301855706201704,33.1021261394375,26.01272,25.8876127087559,-0.321116268099764,-0.205918987253059
"7232299","2018-10-04",19.9235492419798,0.0536277602523649,0.0626089648171664,0.0682864767026702,26.2079551644779,25.7053715021887,25.9566633333333,-0.0969089112451661,34.9775646944299,25.98192,25.8505976809218,-0.377571191698145,-0.240249428142076
"7232298","2018-10-07",19.2087504574727,0.00381869500248745,0.0191488184182857,0.0421636093228323,26.2170860622146,25.645710604452,25.9313983333333,-0.0800009937967072,34.0235104643646,25.95552,25.8145179901322,-0.426907046175562,-0.277580951748773
"7232297","2018-10-08",18.2728270179706,0.0371907687199088,0.0315457413249219,0.0377678415201247,26.2209253863215,25.6102146136785,25.91557,0.103462046441515,35.2969195278374,25.928724,25.7859289247813,-0.454603429370415,-0.312985447273101
"7232296","2018-10-09",17.4037552527185,0.070230782002326,0.0370800819082423,0.0292582138838167,26.2214662125481,25.5783404541185,25.8999033333333,0.142521963519674,36.6015840181087,25.897196,25.7638050681438,-0.465044761490829,-0.343397310116647
"7232295","2018-10-10",16.4341788274525,0,0.0358071835740798,0.0348110022690814,26.2070689931782,25.5333410068217,25.870205,0.0182947125465336,32.6790428975546,25.859596,25.7299643923913,-0.502096601360369,-0.375137168365391
"7232294","2018-10-11",15.3160835044803,0.0570149253731342,0.0424152357918216,0.0384341670913813,26.1984603171039,25.4971563495628,25.8478083333333,0.121169974367209,35.2732623044653,25.843124,25.7057291400724,-0.513663989864788,-0.402842532665271
"7232293","2018-10-14",14.5281178097325,0,0.0190049751243796,0.0324091314967604,26.1724760127647,25.468310653902,25.8203933333333,0.123630070222863,33.8677723762573,25.820924,25.6796319213961,-0.528815232095559,-0.428037072551328
"7232292","2018-10-15",13.7964353788952,0.0447761194029816,0.0339303482587068,0.0317835197249694,26.1416486704566,25.4484713295434,25.79506,0.180129955814014,36.0237462348395,25.804124,25.6610143318766,-0.525408275086769,-0.447511313058417
"7232291","2018-10-16",13.1604308118682,0.0895522388059685,0.0447761194029849,0.0325704809286905,26.1264276013178,25.4317557320155,25.7790916666666,0.275781429742155,38.1936869053558,25.788924,25.6488790876264,-0.507461915465546,-0.459501433539842
"7232290","2018-10-17",12.2456780897145,0.0149253731343254,0.0497512437810934,0.0428192371475951,26.1084249143518,25.4124250856481,25.760425,0.24076861436011,36.0019495673145,25.765724,25.6316952092762,-0.503207637108871,-0.468242674253648
"7232289","2018-10-18",11.6418269756141,0.3193661971831,0.141281269707799,0.078602877630626,26.0966532543214,25.4074467456786,25.75205,0.435505542326474,47.1896635209293,25.754976,25.6396558480394,-0.440809637631889,-0.462756066929296
"7232288","2018-10-21",11.5110044254606,0.422535211267605,0.252275593861678,0.147769369116857,26.0856440645656,25.4067892687677,25.7462166666666,0.530124262399859,50.3832204587763,25.741376,25.6543684016341,-0.368665545766611,-0.443937962696759
"7232287","2018-10-22",11.05354292967,0.322580645161285,0.354827351203998,0.249461404924492,26.0502296593343,25.4064903406656,25.72836,0.362739470096809,43.5997108960826,25.724576,25.6484526147496,-0.351476436402176,-0.425445657437843
"7232286","2018-10-23",10.3421805155141,0.612903225806447,0.45267302741178,0.353258657492485,26.0126807684453,25.4166858982213,25.7146833333333,0.50892065843567,48.4086022886871,25.714868,25.6553255994496,-0.30601678104204,-0.401559882158682
"7232285","2018-10-24",9.96870927831462,0.774193548387095,0.569892473118277,0.459130950578018,25.9794576271057,25.4293523728942,25.704405,0.613181370637736,50.9126653855535,25.711268,25.6679488528564,-0.251368896060311,-0.371521684939008
"7232284","2018-10-25",10.2294437967054,0.578947368421051,0.655348047538199,0.559304516022752,25.9420933466363,25.4470099866969,25.6945516666666,0.679326703037554,49.8699833950784,25.705464,25.6762223391422,-0.211905573721705,-0.339598462695547
"7232283","2018-10-28",10.7253823563526,0.761904761904757,0.705015226237636,0.643418582298038,25.9093009302938,25.4668024030395,25.6880516666666,0.896118079204259,54.8490467250498,25.704664,25.6967260272566,-0.147523735550525,-0.301183517266543
"7232282","2018-10-29",11.3761557895908,0.933333333333331,0.758061821219715,0.70614169833185,25.9228187635934,25.4587579030733,25.6907883333333,1.03702367053185,59.2118759766069,25.703836,25.7278292236224,-0.0644165067282487,-0.253830115158884
"7232281","2018-10-30",11.1807173395494,0.333333333333331,0.676190476190475,0.713089174549275,25.8886168064439,25.4753598602228,25.6819883333333,0.680706783070977,46.2244871901617,25.692224,25.7187853271394,-0.0823015431572149,-0.21952440075855
"7232280","2018-10-31",10.9992387787966,0.733333333333331,0.666666666666666,0.700306321358952,25.9132011301574,25.4735488698425,25.693375,0.886574455938462,53.5405948848356,25.687112,25.7349472835208,-0.0395739167895481,-0.18353430396475
"7232279","2018-11-01",10.5153732406222,0.886363636363635,0.6510101010101,0.664622414622414,25.9474872648808,25.4659794017859,25.7067333333333,0.950875295378549,56.0450515558732,25.686312,25.758287645718,0.016013226205791,-0.143624797930642
"7232278","2018-11-04",11.0004098356869,0.545454545454548,0.721717171717173,0.67979797979798,25.9563453280173,25.477788005316,25.7170666666667,0.687229399174665,49.8444403046729,25.680712,25.7585159596223,0.012920280520512,-0.112315782240411
"7232277","2018-11-05",11.4508009596756,0.590909090909093,0.674242424242427,0.682323232323234,25.9644116748669,25.4823816584664,25.7233966666667,0.658918180874643,50.628762782376,25.679496,25.7613804983393,0.0165418896863834,-0.0865442478550521
"7232276","2018-11-06",11.2238420926,0.517714285714285,0.55135930735931,0.649106301106304,25.9758968551111,25.4872764782222,25.7315866666667,0.709187619198651,51.0900227367305,25.676744,25.7653564318941,0.0226574432847793,-0.0647039096270858
"7232275","2018-11-07",10.9492132179052,0.666595744680856,0.591739707101413,0.605780479567717,26.0037358609373,25.5024241390627,25.75308,0.943742533091982,56.27846107166,25.690568,25.7864155743082,0.0680603081619324,-0.0381510660692822
"7232274","2018-11-08",10.2118077698809,0.489361702127662,0.557890577507603,0.566996530656109,26.0165578076732,25.5226555256601,25.7696066666667,0.789652437759356,52.496667649589,25.699768,25.7935601644004,0.0770719944643172,-0.0151064539625623
"7232273","2018-11-11",9.91508416675478,0.285714285714289,0.480557244174271,0.543395842927762,26.0103029545051,25.5557070454948,25.783005,0.588712486263128,49.8958440632237,25.707768,25.7917521424804,0.064699242705446,0.000854685371039365
"7232272","2018-11-12",10.1190613049243,0.72340425531915,0.499493414387035,0.512647078689636,26.039350628666,25.5736593713339,25.806505,1.00855224272433,58.0939258955012,25.723764,25.819518523483,0.122262549348773,0.025136258166586
"7232271","2018-11-13",9.72416196521225,0.531914893617023,0.513677811550156,0.497909490037154,26.0464197874979,25.5984635458354,25.8224416666666,0.767046172983415,54.1878143178684,25.735364,25.8315827203519,0.138126044977827,0.0477342155288342
"7232270","2018-11-14",9.35746972119389,0.553404255319153,0.602907801418444,0.538693009118545,26.0414901349436,25.6402731983896,25.8408816666666,0.768977511917257,54.5570840042486,25.751768,25.843385024305,0.152083832307426,0.0686041388845525
"7232269","2018-11-18",9.44503373610364,0.72340425531915,0.602907801418444,0.573164471462348,26.0630248169137,25.6505751830862,25.8568,0.91015108947201,57.4771652992569,25.76984,25.8642670210644,0.185913466945897,0.0920660044968215
"7232268","2018-11-19",9.77033040294951,0.806382978723409,0.694397163120572,0.633404255319153,26.0925851330845,25.6509482002488,25.8717666666667,0.939803193284225,58.8665620269502,25.791,25.8875647515891,0.222273919101501,0.118107587417757
"7232267","2018-11-20",9.22413995629898,0.432432432432436,0.654073222158333,0.650459395565783,26.0877360032264,25.6904639967735,25.8891,0.745591597399023,53.1590324709681,25.8062,25.8918894513772,0.211538559259949,0.136793781786196
"7232266","2018-11-26",9.09124070462274,0.904761904761906,0.714525771972585,0.687665385750497,26.1248306124606,25.6967027208727,25.9107666666666,1.06657524873463,60.7380332297554,25.829,25.9249708578603,0.268423993245781,0.163119824078113
"7232265","2018-11-27",9.54791078849743,0.67307692307692,0.670090420090422,0.67956313807378,26.1613471794792,25.7001861538541,25.9307666666666,1.01153498863066,59.3283180157897,25.8526,25.9496414101456,0.300615176226859,0.190618894507862
"7232264","2018-11-28",9.52974596745317,0.539999999999999,0.705946275946276,0.696854156003095,26.1728618532103,25.7173381467897,25.9451,0.77418990107335,56.5036844919157,25.866944,25.9630225554595,0.303925846511066,0.213280284908503
"7232263","2018-11-29",9.51287863362635,0.539999999999999,0.584358974358974,0.653465223465224,26.186152199296,25.7247144673706,25.9554333333333,0.748281964694652,56.5036844919157,25.878944,25.9746195480649,0.303035347092395,0.231231297345281
"7232262","2018-12-02",9.11266429014774,0.439999999999998,0.506666666666667,0.598990638990639,26.1935259301483,25.727007403185,25.9602666666666,0.66376627204353,54.0181056481159,25.894544,25.9780036083229,0.283521325097458,0.241689302895717
"7232261","2018-12-05",10.2747630016086,0,0.326666666666667,0.472564102564103,26.2016359714117,25.7132306952549,25.9574333333333,-0.0270895829771622,39.9967051331437,25.891744,25.9316031272132,0.151306269152496,0.223612696147073
"7232260","2018-12-06",11.3538546622507,0.03076923076923,0.156923076923077,0.330085470085471,26.2170872797358,25.6802793869308,25.9486833333333,0.0150034053345256,40.8898604433854,25.887744,25.8940560435848,0.0520090076350233,0.189291958444663
"7232259","2018-12-09",12.3558683471328,0,0.0102564102564114,0.164615384615385,26.2326377668241,25.6378455665091,25.9352416666666,0.028841053197683,37.8557044452395,25.880544,25.8481819044401,-0.0573438869266307,0.139964789370404
"7232258","2018-12-10",13.2863096259518,0.0563013698630139,0.0290235335440827,0.0654010069078573,26.2507855983513,25.6000710683153,25.9254283333333,0.0158732150703904,39.8318346307614,25.870988,25.8139043171814,-0.129820789732216,0.0860076735498801
"7232257","2018-12-11",13.9987144772464,0.0684931506849324,0.0415981735159835,0.0269593724388261,26.2641104746198,25.5689395253802,25.916525,0.0762313327550639,40.2747341839658,25.857788,25.7853837415572,-0.182466054463126,0.0323129279472788
"7232256","2018-12-12",13.9224757652626,0.0684931506849324,0.0644292237442943,0.045016976934787,26.2724569712848,25.5422163620485,25.9073366666667,0.147645816900782,40.2747341839658,25.855388,25.7606659093496,-0.22170272531673,-0.018490202705523
"7232255","2018-12-13",13.8353094422452,0.0684931506849324,0.0684931506849338,0.0581735159817374,26.2712290907207,25.510957575946,25.8910933333333,0.183762100783278,40.2747341839658,25.845788,25.739243788103,-0.249972412720301,-0.0647866447084785
"7232254","2018-12-16",13.7543692851577,0.0684931506849324,0.0684931506849338,0.0671385083713876,26.2736538725528,25.4800627941139,25.8768583333333,0.186372902331177,40.2747341839658,25.833388,25.7206779496893,-0.269316092151484,-0.10569253419708
"7232253","2018-12-17",12.8226944008211,0.164520547945206,0.100502283105025,0.0791628614916312,26.2741737938615,25.4678828728052,25.8710283333333,0.296233597936646,44.5954033644977,25.829792,25.713934223064,-0.259676260830777,-0.136489279523819
"7232252","2018-12-18",13.4318445555455,0,0.0776712328767144,0.0822222222222247,26.2638096926073,25.4295803073927,25.846695,0.152339825863707,35.8307372586674,25.816592,25.6787429933222,-0.317535922811563,-0.172698608181368
"7232251","2018-12-19",13.9974839849324,0,0.0548401826484035,0.0776712328767146,26.2637623180427,25.3870876819573,25.825425,0.147807384148811,35.8307372586674,25.802944,25.6482439275459,-0.35936611609213,-0.21003210976352
"7232250","2018-12-20",14.5227205979346,0,1.40628249785853e-15,0.0441704718417067,26.2601883296677,25.3447816703323,25.802485,0.158638052483833,35.8307372586674,25.784012,25.6218114038731,-0.388136621106183,-0.245653012032053
"7232249","2018-12-23",13.5473432259673,0.0757575757575768,0.025252525252527,0.0266975693003109,26.2353707366403,25.3256692633597,25.78052,0.286904452694529,39.2200351107361,25.770412,25.6055698833567,-0.390740715564153,-0.274670552738473
"7232248","2018-12-25",14.001884663274,0,0.025252525252527,0.0168350168350187,26.2094110453096,25.286695621357,25.7480533333333,0.140857128791552,30.5355648463129,25.749212,25.5581605655758,-0.466381962018436,-0.313012834594465
"7232247","2018-12-26",14.4239588550589,0.308943089430897,0.128233555062826,0.0595795351892936,26.1827837300142,25.2662896033191,25.7245366666667,0.27282633104906,41.1932068329574,25.726812,25.542405823499,-0.461145474572788,-0.34263936259013
"7232246","2018-12-27",14.7267861414801,0.390243902439023,0.233062330623308,0.128849470312887,26.1134390073938,25.2756343259395,25.6945366666667,0.331460319500456,43.6436387996035,25.710012,25.5354183803658,-0.436190388216129,-0.36134956771533
"7232245","2018-12-30",14.5676940332132,0.584905660377355,0.428030884082426,0.263108923256187,26.0263497113584,25.3078502886416,25.6671,0.431570346318803,46.9749049134986,25.695608,25.5386959296504,-0.38979853351534,-0.367039360875332
"7232244","2019-01-01",14.2868485808469,0.754716981132071,0.576622181316151,0.412571798673962,25.9562342763475,25.3392990569858,25.6477666666666,0.55765056937985,50.9864501488723,25.681608,25.5535364723637,-0.320895984327907,-0.357810685565847
"7232243","2019-01-02",14.6594765815341,0.582261904761906,0.640628182090445,0.548427082496341,25.8972933117066,25.3768466882934,25.63707,0.920786026490954,54.6447373844368,25.669612,25.5782782760485,-0.235463200494501,-0.333341188551578
"7232242","2019-01-03",15.5854041690343,0.828350515463918,0.7217764671193,0.646342276841966,25.9240096918909,25.3573636414424,25.6406866666667,1.32646536221804,64.6663868933512,25.674952,25.6416411725754,-0.067999014323461,-0.280272753705954
"7232241","2019-01-06",16.0551450358248,0.759647523549072,0.7234199812583,0.695274876822682,26.0010686784699,25.3182146548634,25.6596416666667,1.11427233176132,62.1498264143573,25.669352,25.6894223495653,0.0470798769514502,-0.214802227574473
"7232240","2019-01-07",15.3201182584105,0.577332117897295,0.721776718970097,0.722324389115899,26.0219038984278,25.3153794349055,25.6686416666667,0.782639422945272,54.4694086641757,25.657752,25.7068327029566,0.0807253876569991,-0.155696704528179
"7232239","2019-01-08",14.8210983632644,0.587460751544614,0.641480130996995,0.695558943741798,26.0459069653311,25.3145397013355,25.6802233333333,0.78222482760897,54.8035738452608,25.648952,25.7232550092291,0.109242539686494,-0.102708855685244
"7232238","2019-01-09",14.167240378774,0.557074850602654,0.573955906681523,0.645737585549539,26.0612610798407,25.3213489201593,25.691305,0.690196000284597,53.534183969584,25.638952,25.7334876746652,0.121022902352053,-0.057962504077785
"7232237","2019-01-10",13.2488351276224,0.476045781424084,0.540193794523785,0.585209944067435,26.0674007600474,25.3284292399526,25.697915,0.576076454646233,50.1952906835946,25.627752,25.7316893180432,0.104076799062258,-0.0255546434497764
"7232236","2019-01-13",13.0481710747981,0.405145345892837,0.47942199263986,0.531190564615056,26.072892228072,25.3336011052613,25.7032466666667,0.572258408564295,47.4090093304908,25.628552,25.7207974089707,0.0679129399741463,-0.00686112676499186
"7232235","2019-01-14",12.8618401686041,0.557074850602654,0.47942199263986,0.499679259934502,26.0865584385184,25.3391982281483,25.7128783333333,0.674509781035962,53.3808016823856,25.634552,25.7313577544413,0.0853092807661771,0.0115729547412419
"7232234","2019-01-15",13.0729250443693,0.527655838454785,0.496625344983427,0.485156443421049,26.1075760572097,25.3460972761236,25.7268366666667,0.736771754046132,55.5789851542646,25.64698,25.7486033871825,0.116760861590182,0.0326105361110299
"7232233","2019-01-16",13.1880800730773,0.481734243275795,0.522154977444413,0.499400771689233,26.1244500517678,25.3485499482322,25.7365,0.710723003199724,55.0859028926269,25.657336,25.7621229355581,0.136733561817648,0.0534351412523535
"7232232","2019-01-17",13.2950097425919,0.514247748412816,0.507879276714467,0.508886533047436,26.1405136273527,25.3682663726473,25.75439,0.70728680573652,57.3083000634595,25.669668,25.7816132108171,0.168842715412199,0.0765166560843225
"7232231","2019-01-21",12.6217187513187,0.272433168738293,0.422805053475636,0.484279769211506,26.1426425971642,25.3988340695025,25.7707383333333,0.598002371966849,52.5837525203057,25.678068,25.7853981160414,0.1616463831148,0.0935426014904179
"7232230","2019-01-22",12.5753670604919,0.377490209433,0.388057042194705,0.439580457461603,26.1453450651794,25.4385782681539,25.7919616666667,0.673331572048345,55.0866031384402,25.688936,25.7969050339026,0.173241959814074,0.109482473155149
"7232229","2019-01-24",12.1320914685363,0.289460241784439,0.313127873318579,0.374663322996307,26.1498848988488,25.4644151011512,25.80715,0.621498180682925,52.5820220660012,25.697736,25.7999843627156,0.164359730216823,0.120457924567484
"7232228","2019-01-27",11.7204784188633,0.578920483568872,0.415290311595438,0.372158409036241,26.1374655780167,25.5348344219833,25.83615,0.766359721132254,59.1577237358334,25.710532,25.8253197810202,0.20804735976061,0.137975811606109
"7232227","2019-01-28",11.5233108578617,0.4982953055337,0.455558676962338,0.394658953958785,26.1179820913792,25.5909912419541,25.8544866666667,0.554232440717319,52.2699597378106,25.726132,25.8272771435508,0.193546581736448,0.149089965632177
"7232226","2019-01-29",11.3402266940744,0.629425649095201,0.568880479399259,0.479909822652346,26.0973431271077,25.6472968728923,25.87232,0.58372472750763,54.1848307598617,25.743732,25.8356401910774,0.195416117479219,0.158355196001585
"7232225","2019-01-30",12.3511755214854,0.419580419580421,0.515767124736442,0.513402093699347,26.1075295909896,25.6841504090104,25.89584,0.954659420034557,56.443074785678,25.763732,25.8508881656004,0.213158870394459,0.16931593088016
"7232224","2019-01-31",13.2899137183669,0.643356643356645,0.564120904010757,0.549589502715486,26.1313270249186,25.7056563084147,25.9184916666667,1.01183929632155,61.8441053119423,25.788132,25.885436410187,0.273918679312724,0.190236480566673
"7232223","2019-02-03",13.3022050074774,0.475524475524475,0.512820512820515,0.530902847189238,26.1543677943731,25.7064688722936,25.9304183333333,0.866559637840637,56.214078534667,25.817732,25.8993782221621,0.281354839618841,0.208460152377107
"7232222","2019-02-04",13.3464174961545,0.778230088495576,0.6323704024589,0.569770606430057,26.1944009492552,25.6818490507448,25.938125,1.13409838940772,63.6330118022721,25.84972,25.9447544592071,0.360744606140728,0.238917043129831
"7232221","2019-02-05",12.768986333112,0.37837837837838,0.544044314132812,0.563078409804076,26.1952205981791,25.6815360684875,25.9383783333333,0.783809079126611,54.8301723732027,25.87092,25.9547871979795,0.351190059084683,0.261371646320801
"7232220","2019-02-06",12.3436176642291,0.626630920464701,0.594413129112887,0.5902759485682,26.2405733873831,25.6723732792835,25.9564733333333,0.981802090667697,58.7618625693404,25.894944,25.9822289049156,0.382852987106652,0.285667914477971
"7232219","2019-02-07",11.9486324716949,0.732797140303843,0.579268813048976,0.572575418764892,26.2787322298716,25.6682177701284,25.973475,0.914718542085262,60.3327628476601,25.917744,26.0139317175935,0.421427357693061,0.312819803120989
"7232218","2019-02-10",11.8524413379272,0.661304736371762,0.67357759904677,0.615753180402878,26.3081901634,25.6772231699333,25.9927066666667,0.854947251312635,58.710854874322,25.93538,26.0360741552477,0.434495828436421,0.337155008184076
"7232217","2019-02-11",11.8458985990277,0.709736123748866,0.701279333474825,0.651375248523524,26.3303974224587,25.703769244208,26.0170833333333,0.858399671652656,59.5883120556325,25.94164,26.0592642678813,0.448906769490942,0.359505360445449
"7232216","2019-02-12",13.1611462028003,0.646103896103895,0.672381585408175,0.682412839309924,26.3827897196733,25.71654361366,26.0496666666666,1.03833960668517,62.6512487470709,25.95434,26.0936956988305,0.487875803908211,0.385179449138001
"7232215","2019-02-13",14.3824475491605,0.666666666666667,0.674168895506477,0.682609938129826,26.4271874386189,25.7268158947144,26.0770016666666,0.946903270210605,63.2785974825008,25.97514,26.1265362723198,0.519589571875856,0.412061473685572
"7232214","2019-02-14",15.2377850692409,0.618399999999999,0.643723520923521,0.663424667279391,26.451197917219,25.7424720827809,26.096835,0.792024066209048,61.4890570711021,25.994092,26.1501714360105,0.527364333898106,0.435122045728079
"7232213","2019-02-18",16.7459307642267,0.585714285714287,0.623593650793652,0.647162022407883,26.47977865823,25.75989134177,26.119835,0.833614712342771,61.2931022388586,26.014092,26.1701485778757,0.526221743480804,0.453341985278624
"7232212","2019-02-19",18.1463517667136,0.762656249999998,0.655590178571429,0.640969116762868,26.5183616814043,25.773671651929,26.1460166666667,0.892221356232105,65.5854509150465,26.042816,26.205875434159,0.561308343217681,0.474935256866436
"7232211","2019-02-21",17.738534027775,0.350000000000001,0.566123511904763,0.615102447089948,26.5157015260615,25.8186351406051,26.1671683333333,0.642738676558321,54.3871244219291,26.064816,26.2050920429378,0.509867219387417,0.481921649370632
"7232210","2019-02-24",17.3598461273321,0.350000000000001,0.487552083333334,0.569755257936509,26.5152719483758,25.8539513849575,26.1846116666667,0.619037076754068,54.3871244219291,26.080816,26.2044131038794,0.463757267709508,0.478288773038407
"7232209","2019-02-25",16.3019154090405,0,0.233333333333335,0.429002976190478,26.4999777167143,25.8914222832857,26.1957,0.362789820921427,47.3054029844467,26.087188,26.1798246900288,0.36754009072999,0.456139036576724
"7232208","2019-02-26",15.3195511706269,0.140350877192986,0.163450292397663,0.294778569688111,26.4946263747429,25.9119402919238,26.2032833333333,0.405695362185193,50.3967987865008,26.097188,26.169181398025,0.312334989920893,0.427378227245557
"7232207","2019-02-27",15.1637258190121,0.199122807017547,0.113157894736846,0.169980506822615,26.4729113217384,25.9694253449283,26.2211683333333,0.538925281410051,51.6752886735753,26.106196,26.1644238782883,0.275738485941557,0.397050278984757
"7232206","2019-02-28",15.0190308496556,0.526315789473685,0.288596491228074,0.188401559454194,26.4567300769764,26.0299399230236,26.243335,0.757733999518396,58.1433066820281,26.126596,26.1851673611832,0.30076558415697,0.3777933400192
"7232205","2019-03-03",14.6399551133304,0,0.241812865497079,0.214522417154,26.4568899616889,26.0296133716444,26.2432516666667,0.13352778118804,47.1995401104016,26.132528,26.1631450463588,0.225503601275134,0.347335392270387
"7232204","2019-03-04",13.7582085783268,0.210526315789475,0.245614035087721,0.258674463937625,26.455455078082,26.0374115885847,26.2464333333333,0.388927026733124,51.1595091353451,26.145328,26.1600590401776,0.200551555388739,0.317978624894057
"7232203","2019-03-05",13.7080255688049,0,0.070175438596493,0.185867446393765,26.4730278241222,26.0073788425444,26.2402033333333,-0.080272574456787,45.9067988031602,26.144528,26.1347178348206,0.126845207885906,0.279751941492427
"7232202","2019-03-06",14.4218524777632,0,0.070175438596493,0.128654970760236,26.5145842533626,25.9211390799707,26.2178616666667,-0.176661778831972,40.6224771650996,26.141728,26.0860887901779,0.0064680031485187,0.225095153823645
"7232201","2019-03-07",15.0846917503672,0,1.25825276124184e-15,0.046783625730996,26.5537190176656,25.8505876490011,26.2021533333333,-0.114612507125296,40.6224771650996,26.136928,26.0439436181541,-0.0880879679831192,0.162458529462293
"7232200","2019-03-10",14.8784975966368,0.0422535211267621,0.0140845070422553,0.0280866485462501,26.5677825751914,25.7973140914752,26.1825483333333,0.0529797684406836,41.788169961845,26.130928,26.0114178024003,-0.152094448491369,0.0995479338715603
"7232199","2019-03-11",14.6012517937055,0.189697942506929,0.0773171545445651,0.0304672205289408,26.5690455564527,25.7643844435473,26.166715,0.180965072273654,45.6204816419999,26.122528,25.9965620954136,-0.169882649991082,0.0456618170990318
"7232198","2019-03-12",14.3522534865476,0.187071355610681,0.139674273081459,0.0770253115560932,26.5681274409255,25.7345158924078,26.1513216666667,0.209071128995426,45.5623365922144,26.118856,25.9834471493584,-0.18245499346059,3.845498710741e-05
"7232197","2019-03-13",13.876522634304,0.189697942506929,0.188822413541514,0.13527128038918,26.5614061555931,25.7094038444069,26.135405,0.251090268321703,45.6369542040134,26.105268,25.9723208627773,-0.189688206629846,-0.0379068773362832
"7232196","2019-03-14",13.006391862524,0.204290091930542,0.193686463349385,0.174061049990786,26.5263343494645,25.6990123172022,26.1126733333333,0.307845884511736,46.0791461296302,26.100868,25.964011414407,-0.190131583999642,-0.068351818668955
"7232195","2019-03-17",12.1984132887282,0.218882241354154,0.204290091930543,0.195599656273814,26.4894682599114,25.6922117400886,26.09084,0.327525190139281,46.5473777362412,26.091244,25.9581432258194,-0.185244989476996,-0.0917304528305631
"7232194","2019-03-18",11.4481474702036,0.218882241354154,0.214018191546285,0.203998248942071,26.4639358491503,25.6810641508497,26.0725,0.326919276435551,46.5473777362412,26.079244,25.9530574623768,-0.179309261722116,-0.109246214608874
"7232193","2019-03-19",10.7763248366021,0.276923076923076,0.238229186543796,0.218845823340208,26.4235010445329,25.6824989554671,26.053,0.387989519564483,48.1149824287551,26.070044,25.9526498007266,-0.163393934437384,-0.120075758574576
"7232192","2019-03-20",10.3592122683722,0.381818181818183,0.292541166698472,0.248262848262851,26.3570598844584,25.7051301155416,26.031095,0.452303144475738,49.7034927818398,26.060844,25.956296493963,-0.139839741493797,-0.12402855515842
"7232191","2019-03-21",9.9718934550158,0.418181818181818,0.35897435897436,0.296581570738876,26.3253922447415,25.7101310885918,26.0177616666667,0.471131500031931,50.7852670303082,26.048144,25.9621236281013,-0.113645261965456,-0.121951896519827
"7232190","2019-03-24",11.5115537159894,0.263157894736846,0.354385964912284,0.335300496861705,26.2948559524263,25.7203340475736,26.007595,0.591214972932056,46.4790063036707,26.031344,25.9565071443545,-0.116412618928108,-0.120844041001483
"7232189","2019-03-25",12.9412382440364,0.736842105263161,0.472727272727276,0.39536253220464,26.3142764157587,25.7130269175746,26.0136516666667,0.865375218324756,59.0878074592101,26.026792,25.9876395251072,-0.0343161952662707,-0.103538471854441
"7232188","2019-03-26",14.5302904503784,0.869993434011819,0.62333114467061,0.483481460770057,26.3481201027402,25.6969898972598,26.022555,0.966642458670538,62.9204449702025,26.026792,26.0292875884262,0.064040013795319,-0.0700227747244888
"7232187","2019-03-27",16.45618392064,0.797246376811597,0.801360638695527,0.632473018697804,26.3828132584943,25.6778934081724,26.0303533333333,1.01974703199622,64.5493613084304,26.023272,26.0720625766361,0.155560301013402,-0.0249061595769106
"7232186","2019-03-28",18.2836568303582,0.833333333333332,0.833524381385584,0.752738721583907,26.4027825386908,25.6659041279759,26.0343433333333,1.04118833473909,66.1354874684625,26.03126,26.1157475664179,0.240487713625526,0.0281726150635766
"7232185","2019-03-31",19.0535011876114,0.667663675639749,0.766081128594894,0.800322049558669,26.4392416733978,25.6551616599355,26.0472016666667,0.878318107302348,60.2956861611422,26.03526,26.1403145575622,0.27372254992295,0.0772826020354513
"7232184","2019-04-01",20.0892495483487,0.666666666666669,0.722554558546585,0.774053356175688,26.4668252870372,25.6442447129628,26.055535,0.878238529419203,60.2956861611422,26.04646,26.1616059498872,0.296585571169872,0.121143195862335
"7232183","2019-04-02",21.4413294241032,0.852941176470586,0.729090506259002,0.739242064466827,26.5397120513483,25.626691281985,26.0832016666667,0.982060957905226,66.7790871547577,26.06206,26.2053918232356,0.368908110846045,0.170696178859077
"7232182","2019-04-03",21.292436357193,0.575142857142857,0.698250233426705,0.716631766077431,26.5754361825371,25.6515104841296,26.1134733333333,0.833641547725469,57.8206063769649,26.069624,26.2210195801375,0.370318712331574,0.210620685553577
"7232181","2019-04-04",21.1541785093479,0.923714285714286,0.783932773109244,0.737091170931651,26.6312015087117,25.677185157955,26.1541933333333,0.95094265556922,65.1576399788084,26.079488,26.2670969694525,0.441280133400257,0.256752575122913
"7232180","2019-04-07",20.288606969993,0.704947449371955,0.734601530743034,0.738928179092994,26.6726910360188,25.7065556306479,26.1896233333333,0.869627277931013,60.6589405243994,26.097488,26.2941507068589,0.462371581593013,0.297876376416933
"7232179","2019-04-08",19.4848619691636,0.871571391950785,0.833411042345676,0.783981782065985,26.7255389300783,25.7250410699217,26.22529,0.897845262028916,64.2374413874213,26.115888,26.334930612611,0.512915251686108,0.340884151470768
"7232178","2019-04-09",18.1131408485749,0.756216354780828,0.77757839870119,0.7818636572633,26.7528743446086,25.7608256553913,26.25685,0.78541945882052,60.1577219529503,26.137488,26.3582731975962,0.519294202000986,0.376566161576811
"7232177","2019-04-10",17.6750802626354,0.589592412201998,0.739126719644538,0.783372053563802,26.7640806366887,25.8046193633113,26.28435,0.696968172220315,54.7488965836544,26.161888,26.3611701045834,0.479009126082697,0.397054754477989
"7232176","2019-04-14",17.2683097185486,0.493335946687575,0.613048237890135,0.709917785411954,26.7724538156888,25.8489528509778,26.3107033333333,0.684150682924897,56.7370688586715,26.188756,26.3719074239723,0.46064447370926,0.409772698324243
"7232175","2019-04-15",16.0573596080704,0.204897551224391,0.429275303371322,0.593816753635332,26.7734177411705,25.9004555921628,26.3369366666667,0.661591580452493,54.2532252298522,26.212036,26.373253100776,0.422942452929842,0.412406649245363
"7232174","2019-04-16",18.8577594916103,0.0691745297756657,0.255802675895878,0.432708739052445,26.8482225669745,25.9226740996921,26.3854483333333,1.06375761880094,55.2670825201591,26.232464,26.3782460206725,0.397261335505816,0.409377586497453
"7232173","2019-04-17",21.4581308120402,0.273511216646878,0.182527765882312,0.289201915049838,26.8775319663881,25.9742113669452,26.4258716666667,0.890332070604266,64.8308456719256,26.266044,26.4261732179162,0.471362373681039,0.421774543934171
"7232172","2019-04-21",22.08611667762,0.0437417984127978,0.128809181611781,0.189046541129991,26.8594625956818,26.0432807376515,26.4513716666667,0.571832438759222,51.4980082975263,26.284844,26.4186834555274,0.412954115158271,0.420010458178991
"7232171","2019-04-22",22.7840747942178,0.168718365306505,0.161990460122061,0.157775802538719,26.8451210067138,26.1236223266195,26.4843716666667,0.743421558734382,56.7126336099653,26.311244,26.4388589947904,0.422847354429345,0.420577837429062
"7232170","2019-04-23",23.1158875208032,0.11244216264182,0.108300775453708,0.13303347239585,26.8145267707507,26.2048965625826,26.5097116666667,0.593644200317579,54.5038975440847,26.334444,26.4470111288183,0.404628318903733,0.417387933723996
"7232169","2019-04-24",23.7256617777207,0.163148887621219,0.148103138523182,0.139464791366317,26.814474220853,26.247615779147,26.531045,0.727490658182521,56.5849404697251,26.360844,26.4647429783092,0.409843306377722,0.415879008254741
"7232168","2019-04-25",24.0094018399992,0.0986081160556753,0.124733055439572,0.127045656472154,26.8150266546818,26.2761500119848,26.5455883333333,0.63301436294325,54.5980843090648,26.38368,26.4722305812013,0.391418508229924,0.410986908249778
"7232167","2019-04-28",24.2728747549721,0.194537018885185,0.152098007520694,0.141644733827816,26.8280166786808,26.2927666546525,26.5603916666667,0.747376604183695,58.4963801829847,26.411188,26.4982931703745,0.416709218950073,0.412131370389837
"7232166","2019-04-29",24.9293550352302,0.215643991374239,0.169596375438368,0.148809146132878,26.8517306207251,26.3020727126082,26.5769016666667,0.839177630147001,59.3239423434488,26.439188,26.5251874143245,0.441411992494212,0.417987494810712
"7232165","2019-04-30",25.5389438668984,0.215643991374239,0.208608333877889,0.176767572278984,26.8545031766671,26.3364168233329,26.59546,0.730733736240506,59.3239423434488,26.470388,26.5484957590813,0.455656729311538,0.425521341710877
"7232164","2019-05-01",26.2842437733871,0.215643991374239,0.21564399137424,0.197949566896832,26.8572438588401,26.3705861411598,26.613915,0.750384741143131,59.3239423434488,26.490788,26.5686963245371,0.461562048742814,0.432729483117264
"7232163","2019-05-05",27.1559192452411,0.215643991374239,0.21564399137424,0.21329877220879,26.8727639659925,26.3783993673408,26.6255816666667,0.765158549697008,59.3239423434488,26.506788,26.5862034812655,0.460879356736266,0.438359457841065
"7232162","2019-05-06",27.9653321833912,0.216297458014768,0.21586181358775,0.215716598778743,26.8739224153149,26.4084642513517,26.6411933333333,0.699316158821701,59.3576888837657,26.520824,26.6015096837634,0.455352918637342,0.44175815000032
"7232161","2019-05-07",28.8712234385781,0.22217865777952,0.218040035722843,0.216515280228278,26.8862126504225,26.4134006829108,26.6498066666667,0.726009507674703,59.6818924096652,26.533236,26.6159750592616,0.448498905462169,0.44310630109269
"7232160","2019-05-08",29.6371420236148,0.634615384615382,0.357697166803224,0.263866338704606,26.8952518186299,26.4246881813701,26.65997,0.691323750649945,59.1176075964584,26.549236,26.6271783846934,0.434994317455129,0.441483904365178
"7232159","2019-05-09",30.3483521382918,0.634615384615382,0.497136475670096,0.357624559398721,26.9015092462947,26.4287640870386,26.6651366666667,0.630154690736219,59.1176075964584,26.565236,26.636887933401,0.419437475921769,0.437074618676496
"7232158","2019-05-12",29.4086239146826,0,0.423076923076922,0.425970188516748,26.8995853630483,26.4363546369517,26.66797,0.346073826030163,47.6278940112082,26.564836,26.6159695422808,0.336566734468469,0.41697304183489
"7232157","2019-05-13",28.6797336354549,0.160975609756095,0.265196998123827,0.395136798956948,26.8908942715962,26.4628357284038,26.676865,0.440121118771509,50.7221084461112,26.573772,26.6066402699767,0.287580662173093,0.391094565902531
"7232156","2019-05-14",28.632315176413,0.39622641509434,0.185734008283479,0.291335976494743,26.8926354424923,26.4926845575077,26.69266,0.760048597393832,56.7290091107542,26.578708,26.6177549006465,0.289094483384522,0.370694549398929
"7232155","2019-05-15",28.7461680589531,0.421052631578944,0.326084885476461,0.259005297294589,26.8927642728267,26.5277557271733,26.71026,0.82804711403582,57.8809245730815,26.588708,26.6313875805603,0.295954724906644,0.355746584500472
"7232154","2019-05-16",28.8518885927403,0.720701754385962,0.51266026701975,0.34149305359323,26.8892819716979,26.5299013616354,26.7095916666667,1.01275721293912,63.7909832674688,26.60034,26.6659759031523,0.349040972155867,0.354405462031551
"7232153","2019-05-20",27.3276237143801,0.304385964912282,0.48204678362573,0.440263978707314,26.8877451098412,26.5301582234921,26.7089516666667,0.658604809530484,52.7221755558629,26.60608,26.6643124493986,0.31560517920306,0.346645405465853
"7232152","2019-05-21",25.9641167893841,0.543859649122804,0.52298245614035,0.505896502261944,26.8919474732265,26.5609558601068,26.7264516666667,0.903479508361615,57.3107679916379,26.62248,26.6810707894788,0.326632590755316,0.342642842523746
"7232151","2019-05-22",24.2658709042827,0.421052631578944,0.423099415204678,0.476042884990253,26.9003150099514,26.5675883233819,26.7339516666667,0.728560967313447,54.3951396111501,26.633612,26.6862613508816,0.310599882548535,0.336234250528703
"7232150","2019-05-23",22.7325111685196,0.43859649122807,0.467836257309941,0.47130604288499,26.8979017944093,26.595231538924,26.7465666666667,0.739644735545726,54.7493063924545,26.647532,26.6920931707641,0.29748191075345,0.328483782573653
"7232149","2019-05-27",21.3258857459944,0.675438596491224,0.511695906432747,0.467543859649122,26.9206855214523,26.597447811881,26.7590666666667,0.966942218881346,59.3400400078074,26.665704,26.7151474146622,0.324125563802036,0.327612138819329
"7232148","2019-05-28",20.1560112034475,0.526315789473685,0.546783625730994,0.508771929824561,26.9230559913344,26.6183506753322,26.7707033333333,0.760240509443883,55.5207550978125,26.667396,26.7237944260406,0.315888833514189,0.325267477758301
"7232147","2019-05-29",19.3254316267604,0.495151515151513,0.565635300372142,0.541371610845295,26.9426501818508,26.6212631514826,26.7819566666667,0.922885764382897,56.4720238880913,26.684868,26.7348618359018,0.313819948665528,0.322977971939747
"7232146","2019-05-30",18.4359526107752,0.469696969696968,0.49705475810739,0.536491228070175,26.9489183418551,26.6232816581449,26.7861,0.684561515966952,55.6682888787688,26.693668,26.7422135911149,0.303595904793452,0.319101558510488
"7232145","2019-06-02",18.3855771436585,0.54060606060606,0.501818181818181,0.521502746765905,26.9661289545071,26.6268110454929,26.79647,0.871126889134321,57.4836248703854,26.70714,26.7548251122996,0.306070012540793,0.316495249316549
"7232144","2019-06-03",18.209422030314,0.461279461279462,0.490527497194164,0.496466812373245,26.9746629567087,26.6327003766246,26.8036816666667,0.723177440392954,56.5878196349556,26.71674,26.7635150973263,0.29949399110385,0.313094997674009
"7232143","2019-06-04",17.8079133542649,0.280575539568342,0.427487020484622,0.47327756649899,26.9778144623787,26.6375455376213,26.80768,0.585089560717249,54.9413069079865,26.727504,26.7670464176828,0.281979134256494,0.306871824990506
"7232142","2019-06-05",17.2855171393471,0,0.247285000282602,0.388433172653797,26.9889476534544,26.6146823465456,26.801815,0.0053019077228157,43.5653741373687,26.722396,26.7367735619918,0.190501440727098,0.283597748137824
"7232141","2019-06-06",16.8004349397806,0.136333333333335,0.13896962430056,0.271247215022595,26.9956594127923,26.595933920541,26.7957966666667,0.10098450121769,47.4028711217355,26.719268,26.7214437537262,0.14103678298838,0.255085555107935
"7232140","2019-06-09",16.8823438397736,0,0.045444444444446,0.14389968967587,27.0133672569081,26.5574327430919,26.7854,-0.033702376020115,43.6693875125158,26.71232,26.6954245865627,0.0721293567889525,0.218494315444139
"7232139","2019-06-10",15.7612592896977,0,0.045444444444446,0.0766195043964843,27.0243770052204,26.5297563281129,26.7770666666667,0.0611451831410078,41.4146037496601,26.70292,26.6647013083543,-0.00106255048064607,0.174582942259182
"7232138","2019-06-11",14.7202522074843,0.022222222222223,0.00740740740740862,0.0327654320987672,27.0279447445503,26.5228552554496,26.7754,0.0801404082982709,42.2010395821194,26.69412,26.6400744672404,-0.0539649433383693,0.128873365139672
"7232137","2019-06-12",13.7536027740005,0.0370370370370349,0.0197530864197536,0.0242016460905364,27.0421124323015,26.4940842343652,26.7680983333333,0.0202832001650756,42.7527635767094,26.68568,26.620064538275,-0.0918426562131147,0.0847301608691144
"7232136","2019-06-13",13.7000146915219,0,0.0197530864197536,0.0156378600823056,27.0613600234518,26.4375033098815,26.7494316666666,-0.0227135113559907,37.5426707477746,26.67148,26.5847225998384,-0.161014653356695,0.0355811980239525
"7232135","2019-06-16",14.3122825469787,0,0.0123456790123459,0.0172839506172847,27.0911940690327,26.3531692643005,26.7221816666666,-0.0923671723002311,33.4748581134456,26.65268,26.5374262531933,-0.251055524507715,-0.021746146482381
"7232134","2019-06-17",14.8409185020104,0.0829670329670309,0.0276556776556779,0.0199181476959262,27.0903774522064,26.2982992144602,26.6943383333333,0.0488598015896832,37.8547683444689,26.6369,26.5065027527675,-0.296178849795292,-0.0766326871449632
"7232133","2019-06-18",15.5117819483848,0.0482862436313094,0.0437510921994477,0.0279174829558242,27.0980057966371,26.2465508700295,26.6722783333333,0.0915090091117476,36.6901507988323,26.628568,26.4751957190652,-0.338429563184128,-0.128992062352796
"7232132","2019-06-19",16.0446468955797,0.0578971746178796,0.0630501504054076,0.0448189734201781,27.0868519663898,26.2050380336101,26.645945,0.145490216194246,37.201080305309,26.617928,26.4491696231898,-0.365258522023992,-0.176245354287035
"7232131","2019-06-20",16.5394500608322,0.220779220779218,0.108987546342803,0.0719295963158866,27.0716933373295,26.1798633293372,26.6257783333333,0.254312296398378,44.2111875058489,26.606328,26.4426136734312,-0.345947312107164,-0.210185745851061
"7232130","2019-06-23",15.524218771091,0.100014287755394,0.126230227717498,0.0994226414885702,27.0512989805685,26.1596810194314,26.60549,0.284485424203897,40.1854558464246,26.589528,26.4235985169737,-0.357077681098261,-0.239564132900501
"7232129","2019-06-24",14.7860962480127,0.129814814814815,0.15020277444981,0.128473516170038,27.0106526508749,26.1516673491251,26.58116,0.316341444168361,40.1913207589389,26.5659,26.4071320480439,-0.361736668408996,-0.2639986400022
"7232128","2019-06-25",14.1006967622971,0.403846153846156,0.211225085472123,0.162552695879811,26.9756935213302,26.1476064786697,26.56165,0.377005683276064,47.8894128983281,26.55736,26.411514441638,-0.319007271079574,-0.275000366217675
"7232127","2019-06-26",16.5550625662875,0.138613861386139,0.224091610015704,0.195173156645879,26.9325841893322,26.1649291440011,26.5487566666666,0.644913179441666,44.7834153187482,26.54056,26.4059791827529,-0.303041516567237,-0.280608596287588
"7232126","2019-06-27",18.8341165271357,0.18811881188119,0.243526275704496,0.226280990397441,26.8907766217577,26.1729667115756,26.5318716666666,0.467440312072713,47.407294078172,26.52856,26.4078486250525,-0.271974249444074,-0.278881726918885
"7232125","2019-06-30",20.9503809193519,0.216138613861386,0.180957095709573,0.216191660476591,26.8214295905947,26.199247076072,26.5103383333333,0.470097198867369,48.8877660863868,26.517292,26.4132421417122,-0.235983498055381,-0.270302081146184
"7232124","2019-07-01",22.915483569267,0.247623762376238,0.217293729372939,0.213925700262336,26.7521585158795,26.2305248174538,26.4913416666666,0.516726296683595,50.57151508658,26.501896,26.4221565228172,-0.195492345649273,-0.255340134046802
"7232123","2019-07-02",25.5102583714362,0.241386138613862,0.235049504950496,0.211100110011003,26.6943077644156,26.2649355689177,26.4796216666666,0.785560331927236,50.2185637032619,26.489648,26.4290423197749,-0.16344367276161,-0.236960841789763
"7232122","2019-07-04",28.0769736015428,0.346534653465345,0.278514851485149,0.243619361936195,26.7117745865982,26.2558020800684,26.4837883333333,0.974176981222322,55.8166114021409,26.480576,26.4491700104716,-0.104433708501406,-0.210455415132092
"7232121","2019-07-07",30.4603520294991,0.473303728183416,0.353741506754209,0.289101954396619,26.739835955677,26.2401107109897,26.4899733333333,1.04035026154356,62.2702485245262,26.478176,26.4866140090754,-0.0118476706720161,-0.170733866240077
"7232120","2019-07-08",30.9946679291033,0.246101414850772,0.355313265499845,0.329189874579735,26.7551538851624,26.2362527815042,26.4957033333333,0.810200406587235,50.5971165757418,26.465104,26.4897321411987,-0.00547028616434408,-0.13768115022493
"7232119","2019-07-09",31.6433341406529,0.28125,0.33355171434473,0.347535495532928,26.7759050942679,26.2295015723987,26.5027033333333,0.861082348063461,52.346261393766,26.454304,26.4977678557055,0.0116293204962536,-0.107819056080693
"7232118","2019-07-10",32.4693273466263,0.244680851063831,0.257344088638202,0.315403022827593,26.7971657329548,26.2230542670452,26.51011,0.8507274782392,51.3669696265564,26.443904,26.5020654749448,0.0188711549315101,-0.0824810138782527
"7232117","2019-07-11",33.2363210378873,0.359361702127658,0.295097517730497,0.295331106904477,26.8158317793809,26.2222215539524,26.5190266666666,0.777129098556087,56.1308327325123,26.447816,26.5201634116188,0.0567571221271601,-0.0546333866771701
"7232116","2019-07-14",33.9672768471266,0.361421427811471,0.321821327000987,0.291420977789896,26.8341837674743,26.2302128991923,26.5321983333333,0.755920180013015,56.2165235136813,26.448536,26.5361149567363,0.0863696539212144,-0.0264327785574932
"7232115","2019-07-15",35.0556424447301,0.39080459770115,0.370529242546761,0.329149362426082,26.8542869461529,26.2592763871803,26.5567816666666,0.869548063785106,59.2270254266448,26.455884,26.5592996291715,0.129648523954362,0.00478348194487783
"7232114","2019-07-16",35.2359537226654,0.275862068965516,0.342696031492713,0.345015533680154,26.8509129375605,26.2899503957728,26.5704316666667,0.570536498225449,53.5757732861292,26.461684,26.5660596786153,0.132024939002173,0.0302317733563369
"7232113","2019-07-17",35.4910341197297,0.326864303178483,0.331176989948384,0.348134087995953,26.8436205098402,26.3281861568265,26.5859033333333,0.593118874180679,54.6885682026205,26.46784,26.5751050547999,0.139550582770065,0.0520955352390825
"7232112","2019-07-18",36.5358498342831,0.21034978437949,0.271025385507831,0.314966135649643,26.8364945184327,26.3703088149006,26.6034016666666,0.67138735213882,51.679943399358,26.47144,26.5757577141599,0.127675814712447,0.0672115911337554
"7232111","2019-07-21",37.5060358549398,0.393273393273394,0.310162493610456,0.304121623022224,26.841906236592,26.3982304300746,26.6200683333333,0.770313740133976,57.7212744682417,26.48564,26.5936566856053,0.155916739588635,0.0849526208247313
"7232110","2019-07-22",38.3178741023793,0.376623376623374,0.32674885142542,0.302645576847903,26.841509262367,26.4306274042996,26.6360683333333,0.736722547102744,57.1295664411696,26.50444,26.6078357941912,0.173240734394331,0.102610243538651
"7232109","2019-07-23",39.0717239035732,0.336640680368529,0.3688458167551,0.335252387263659,26.8321420913121,26.4676545753546,26.6498983333333,0.637457840044418,57.1295664411696,26.52022,26.6201243549657,0.184820602063818,0.119052315243685
"7232108","2019-07-25",40.0922748586855,0.421686746987952,0.378316934659953,0.357970534280158,26.831653117358,26.4986935493087,26.6651733333333,0.800717192941154,59.4439624409964,26.539272,26.6371744409703,0.206144528573771,0.136470757909702
"7232107","2019-07-28",40.9453959531705,0.405386250885897,0.387904559414127,0.378355770276394,26.8400238551114,26.4992228115553,26.6696233333333,0.73291204110888,58.7888646414307,26.557624,26.6507245155076,0.217721746460309,0.152720955619823
"7232106","2019-07-29",42.6889964673679,0.516129032258067,0.447734010043973,0.404651834706018,26.8856498341152,26.4977468325514,26.6916983333333,1.1658924154372,63.958947443303,26.575624,26.6772945801066,0.257542526063226,0.173685269708504
"7232105","2019-07-30",44.2489534981474,0.505806451612901,0.475773911585622,0.437137493681241,26.902460345958,26.5213363207087,26.7118983333333,0.982349544560346,63.4654553603086,26.597368,26.6994686360924,0.28383067777531,0.195714351321865
"7232104","2019-07-31",44.5091783936581,0.228070175438601,0.416668553103191,0.446725491577596,26.8890895682894,26.5601337650439,26.7246116666667,0.590351549884317,54.0842091745587,26.613764,26.7008728179467,0.261257980128793,0.20882307708325
"7232103","2019-08-01",42.8453969666926,0,0.244625542350502,0.379022669013105,26.8941369786627,26.5508630213373,26.7225,0.0266171623791261,40.9198630263842,26.613764,26.6660897755538,0.159894063100929,0.199037274286786
"7232102","2019-08-04",42.0390684665128,0.380281690140846,0.20278395519315,0.288026016882281,26.9034088151845,26.5525911848155,26.728,0.733739678116336,53.1900609580293,26.627364,26.6719444721467,0.159385598653672,0.191106939160163
"7232101","2019-08-05",39.7556582488835,0,0.126760563380283,0.191390020307978,26.9020432398567,26.5396234268099,26.7208333333333,0.21258009933025,42.8872220680257,26.627364,26.6383518758604,0.0703872139251827,0.166962994113167
"7232100","2019-08-06",37.6353487610849,0.191780821917805,0.190687504019551,0.173410674197662,26.9019746797491,26.5433586535843,26.7226666666667,0.418204064533751,48.1124398001936,26.631832,26.627904959079,0.0417436469995813,0.14191912469045
"7232099","2019-08-07",35.9450252272627,0.232876712328766,0.141552511415524,0.153000192938453,26.9035804738455,26.5453995261545,26.72449,0.533437475510279,49.1852884876646,26.636228,26.6228509645352,0.0278109660801773,0.119097492968396
"7232098","2019-08-08",34.3754390887135,0.468630136986301,0.297762557077625,0.210000857504234,26.9119165887406,26.5467200779261,26.7293183333333,0.715541489770635,54.9410241381305,26.64776,26.6414175025972,0.0681339172176942,0.108904777818255
"7232097","2019-08-11",32.2562351200915,0.301369863013698,0.334292237442923,0.257869101978691,26.9119371348556,26.5473461984777,26.7296416666667,0.391270838873561,50.5649892910152,26.65016,26.6412285022509,0.0623719588915606,0.0995982140329164
"7232096","2019-08-12",30.4035417070366,0.408082191780822,0.392694063926941,0.34158295281583,26.9142013083378,26.5513986916622,26.7328,0.547224944214362,53.1299791074256,26.649676,26.6514513686174,0.0804679793165564,0.0957721670896444
"7232095","2019-08-13",28.4043174812166,0.246575342465754,0.318675799086759,0.348554033485541,26.9095904704243,26.5470095295757,26.7283,0.385175063984634,48.9871746439475,26.653276,26.6445911861351,0.0584317723259398,0.0883040881369034
"7232094","2019-08-14",26.5478949858123,0.438356164383559,0.364337899543379,0.358569254185694,26.907983079504,26.5619502538293,26.7349666666667,0.524178823642957,53.6126199372481,26.660876,26.6573123613171,0.0824083626649763,0.087124943042518
"7232093","2019-08-15",25.1972111725126,0.342465753424659,0.342465753424658,0.341826484018266,26.9060373254858,26.5718360078476,26.7389366666667,0.423289749879381,51.1169135969121,26.666476,26.6590040464748,0.0792985970741178,0.085559673848838
"7232092","2019-08-18",23.9430047744487,0.461109287824089,0.413977068544103,0.373593573837381,26.9066328708275,26.5762771291725,26.741455,0.476424404509186,52.1786019598386,26.669004,26.6646035069448,0.0852325104232277,0.0854942411637159
"7232091","2019-08-19",22.778384547675,0.459468329504429,0.421014456917727,0.39248575962883,26.9063368398668,26.5759064934665,26.7411216666667,0.476429727420086,52.1392626883315,26.671412,26.6693230393522,0.0886077780537731,0.0861169485417274
"7232090","2019-08-20",21.4140193684567,0.493764358385297,0.471447325237939,0.435479616899924,26.9078705139095,26.5770994860905,26.742485,0.554765981529426,52.9378756797949,26.671848,26.6761999674386,0.096489670380806,0.0881914929095431
"7232089","2019-08-21",20.2206161271388,0.475877912701018,0.476370200196915,0.456277327450861,26.9080729599658,26.5789070400342,26.74349,0.428941610951565,52.4463601612963,26.675848,26.6807066384468,0.0983018074678821,0.0902135558212109
"7232088","2019-08-22",20.0002079676109,0.459468329504429,0.476370200196915,0.474729241877257,26.9110346219678,26.5790820446988,26.7450583333333,0.65546899426998,51.9696235763201,26.678492,26.6832790866539,0.0956096013698726,0.0912927649309432
"7232087","2019-08-25",19.7955432480492,0.527268853855991,0.487538365353813,0.480092921915882,26.9242934637324,26.5770898696009,26.7506916666667,0.819625147538099,56.542800577647,26.687592,26.6998418751,0.124533488259759,0.0979409095967065
"7232086","2019-08-26",19.4911637040089,0.462448793809739,0.483061992390054,0.482323519313595,26.8969247605854,26.5921885727479,26.7445566666667,0.771524474728435,55.7819351457139,26.69092,26.7122896250867,0.141481470878602,0.106649021853086
"7232085","2019-08-27",18.486276572675,0.256410256410253,0.415375968025328,0.461992108589732,26.8716263324496,26.5999136675504,26.73577,0.44196074737319,50.9680764317223,26.69092,26.7106510084084,0.12530862644593,0.110380942771654
"7232084","2019-08-28",17.1907349038875,0.128205128205122,0.282354726141705,0.393597562185696,26.8694951359071,26.5968415307595,26.7331683333333,0.386785530245908,48.5475710924094,26.68892,26.7025642072873,0.0962757666935987,0.107559907556043
"7232083","2019-08-29",17.1749392166044,0.349999999999994,0.24487179487179,0.314200829679609,26.8632270680248,26.6297762653085,26.7465016666667,0.843391408670441,52.8849251547233,26.6886,26.7075556463157,0.0993160664436443,0.105911139333564
"7232082","2019-09-02",17.347269896992,0.48275862068965,0.32032124963159,0.282515923548362,26.8790869076616,26.6214164256717,26.7502516666667,1.02294827212157,55.9922614640687,26.691448,26.7212148934736,0.121462562213459,0.109021423909543
"7232081","2019-09-03",17.5072912430662,0.571428571428575,0.468062397372741,0.344418480625374,26.8887299865557,26.6381066801109,26.7634183333333,0.965166900558528,58.5176577560145,26.692248,26.7410529076771,0.155311178672801,0.118279374862194
"7232080","2019-09-04",17.0737378036836,0.389610389610394,0.481265860576207,0.423216502526846,26.8949263669429,26.6459102997237,26.7704183333333,0.752654379705591,54.5823036131927,26.690504,26.7489125199868,0.159157676359079,0.126455035161571
"7232079","2019-09-05",16.9418421169522,0,0.320346320346324,0.423224859431758,26.9112179440635,26.6143020559365,26.76276,-0.104413597170878,41.6535466851492,26.682104,26.7157241839886,0.0708459681987517,0.115333221769007
"7232078","2019-09-08",16.8709359108795,0,0.129870129870132,0.310494103597555,26.9207755341809,26.5802744658191,26.750525,-0.0497535369485098,41.3023558591973,26.684104,26.6856276261234,-0.00221469052349432,0.091823639310507
"7232077","2019-09-09",17.0146645778824,0.261551874455104,0.0871839581517024,0.179133469456053,26.9300680623569,26.5859219376431,26.757995,0.736541963294506,49.548035310767,26.682504,26.6835439426403,-0.0056490164854428,0.072329108151317
"7232076","2019-09-10",17.148126911528,0.741063644289451,0.334205172914853,0.183753086978896,26.9828205267308,26.5618428066025,26.7723316666667,1.12790733894286,60.5027042407157,26.705704,26.7257380836216,0.0903072663353433,0.0759247397881223
"7232075","2019-09-11",16.9674426183395,0.6684103458297,0.557008621524753,0.326132584197103,27.0171991149435,26.5590842183898,26.7881416666667,0.968714293325358,58.4324852887232,26.721304,26.7556396724721,0.149416568276273,0.0906231054857524
"7232074","2019-09-12",16.8062540481384,0.6684103458297,0.692628111982951,0.527947302140853,27.047416407443,26.5548669258903,26.8011416666667,0.910500212139731,58.4324852887232,26.735704,26.7815543828091,0.19395069539152,0.111288623466906
"7232073","2019-09-15",15.8025240266934,0.4649811101424,0.600600600600601,0.616745778036102,27.0581428753423,26.563810457991,26.8109766666667,0.700317296332515,52.5890987001568,26.73762,26.7853471317679,0.184904362873617,0.126011771348248
"7232072","2019-09-16",14.8704890067802,0.614356291775648,0.582582582582584,0.625270431722046,27.0682244492079,26.5716422174588,26.8199333333333,0.687011658350278,56.063540794478,26.748532,26.8023408475322,0.206304976018323,0.142070412282263
"7232071","2019-09-17",14.9715852086426,0.712002324905552,0.597113242274534,0.59343214181924,27.0937510065923,26.574782326741,26.8342666666667,0.857889291867359,58.2190317674902,26.759016,26.8260287345279,0.240673994233909,0.161791128672592
"7232070","2019-09-18",14.4498332121446,0.56669572798605,0.631018114889084,0.603571313248734,27.106479408622,26.581660591378,26.84407,0.714543882511619,53.9754476349597,26.770216,26.8332249032575,0.235094784513357,0.176451859840745
"7232069","2019-09-19",13.7586669903482,0.516419645451907,0.598372566114504,0.608834641092708,27.1127340460258,26.5960892873075,26.8544116666667,0.640370468185117,52.548241167865,26.774432,26.8348482494898,0.2177556496195,0.184712617796496
"7232068","2019-09-22",13.7523237747039,0.145306596919502,0.409473990119154,0.546288223707581,27.1179934907085,26.5778298426248,26.8479116666667,0.164462796334087,43.4213416705314,26.771232,26.8022018162245,0.125730771530774,0.172916248543352
"7232067","2019-09-23",13.3454103759341,0.353530950305145,0.338419064225519,0.448755206819726,27.1154472195719,26.5727627804281,26.844105,0.392070488037098,48.7951946902365,26.772524,26.7930149073946,0.0948145872799788,0.157295916290677
"7232066","2019-09-24",12.4116423662584,0.305143853530951,0.267993800251867,0.33862895153218,27.1146800291065,26.5707966375601,26.8427383333333,0.421358755697529,47.662296635874,26.772524,26.780612919742,0.0595894792188245,0.137754628876307
"7232065","2019-09-25",11.5445720715597,0.33420517291485,0.330959992250316,0.312457618909234,27.1143008588093,26.5722058078573,26.8432533333333,0.291635557020931,48.4366256832457,26.772488,26.7725311971097,0.0372637973903966,0.117656462579125
"7232064","2019-09-26",11.9395219866996,0.136008160489632,0.258452395645145,0.285802062715777,27.1121534584992,26.5821232081675,26.8471383333333,0.373331129135917,46.581188946245,26.770888,26.7588603708284,0.00443831612020329,0.0950128332873404
"7232063","2019-09-29",12.3062611936153,0.173076923076923,0.214430085493803,0.267947491129755,27.1117715604195,26.5740317729138,26.8429016666667,0.312235702696158,47.0183210133702,26.770088,26.748345654718,-0.0183596787981521,0.0723383308702419
"7232062","2019-09-30",12.8939045053445,0.230769230769233,0.17995143811193,0.21761130641696,27.1071314608576,26.568215205809,26.8376733333333,0.393786837075773,48.3829591079849,26.766188,26.7432329007556,-0.0270688929581486,0.0524568861045638
"7232061","2019-10-01",13.4395732948074,0.269230769230771,0.224358974358976,0.206246832654904,27.1024576086242,26.5622223913757,26.83234,0.390775971682887,49.320134023578,26.76366,26.7414685139882,-0.0276183380821582,0.0364418412672194
"7232060","2019-10-02",14.5636579626349,0.346153846153846,0.282051282051284,0.228787231507397,27.103196596243,26.5628167370904,26.8330066666667,0.525278514305536,51.2274290671208,26.76646,26.7452727121231,-0.0158011074128384,0.0259932515312078
"7232059","2019-10-03",16.0337989946792,0.915769230769229,0.510384615384616,0.338931623931626,27.1230932027615,26.5926701305718,26.8578816666666,0.920265152518939,62.4860453507694,26.783108,26.7880630171733,0.0819057698893566,0.0371757552028376
"7232058","2019-10-06",17.3207159288227,0.896730769230771,0.719551282051283,0.503995726495728,27.1278309972668,26.6390190027331,26.883425,0.890282976140976,61.9711326239504,26.79576,26.8238279482169,0.154440039624326,0.0606286120871353
"7232057","2019-10-07",18.0630454240684,0.788461538461539,0.866987179487181,0.69897435897436,27.1455859981616,26.6409906685051,26.8932883333333,0.78414518507525,58.9938816713937,26.80336,26.8473175551213,0.192685026747097,0.0870398950191276
"7232056","2019-10-08",18.7523513839394,0.788461538461539,0.824551282051284,0.803696581196583,27.1455859981616,26.6409906685051,26.8932883333333,0.78414518507525,58.9938816713937,26.80856,26.8676752144385,0.220405315523031,0.113712979119908
"7232055","2019-10-09",20.0555103138076,0.670341129152391,0.749088068691824,0.81354217674343,27.1650133108757,26.632653355791,26.8988333333333,0.903736853759316,60.5553565692593,26.81816,26.8906518525133,0.251437202526716,0.14125782380127
"7232054","2019-10-10",21.9573223064439,0.650126582278478,0.702976416630804,0.758871922457971,27.222834445588,26.6020722210787,26.9124533333333,1.08521602258764,65.6171797985624,26.845504,26.9297116055116,0.315371523168229,0.176080563674662
"7232053","2019-10-13",23.4215084873814,0.605063291139239,0.64184366752337,0.697969384282,27.2687303541785,26.5883763124881,26.9285533333333,0.946012881635488,63.4435447821987,26.871824,26.9588167247767,0.351208879369502,0.21110622681363
"7232052","2019-10-14",24.7811099411092,0.743417721518987,0.666202531645569,0.670340871933248,27.3255900439224,26.5707232894109,26.9481566666667,0.972546973181867,67.0522369909444,26.895316,26.9986144948065,0.40749134493645,0.250383250438194
"7232051","2019-10-15",24.829368321669,0.560632911392403,0.636371308016877,0.648139169061939,27.3490676029378,26.5651057303955,26.9570866666667,0.808067703025081,58.794614459122,26.899832,27.0138525621656,0.404199201345135,0.281146440619582
"7232050","2019-10-16",24.8741796750459,0.591666666666667,0.63190576652602,0.644826535396156,27.3743603807991,26.5635796192009,26.96897,0.777958412443218,59.8492891334965,26.907492,27.0308722205435,0.40542361738285,0.306001875972236
"7232049","2019-10-17",24.9157902174673,0.667333333333332,0.606544303797468,0.624940459446789,27.4062243459038,26.5630556540962,26.98464,0.803252879071207,62.3528836558084,26.917912,27.0548225911377,0.422068505860906,0.32921520194997
"7232048","2019-10-20",25.2157241156386,0.823287671232875,0.694095890410959,0.644181986911483,27.4399464148199,26.5964002518468,27.0181733333333,0.878355108480503,66.3044228415228,26.938752,27.0916462456527,0.465713306816729,0.356514822923322
"7232047","2019-10-21",23.6843554320285,0.478260869565219,0.65629395804381,0.652311384084079,27.4480548318685,26.6250218347981,27.0365383333333,0.641300531587386,54.4956218010135,26.94624,27.0927600795657,0.426530652943313,0.37051798892732
"7232046","2019-10-22",22.2623702258192,0.239130434782607,0.513559658526901,0.621316502327224,27.4530928705974,26.6546537960693,27.0538733333333,0.616218427045521,54.870334254376,26.95144,27.0950587356236,0.393915230885966,0.375197437319049
"7232045","2019-10-23",20.7438352468652,0.132608695652174,0.283333333333334,0.484395649968016,27.4436513424185,26.7017986575814,27.072725,0.546651220708248,52.5853133770234,26.95868,27.0905175708738,0.349449169575,0.370047783770239
"7232044","2019-10-24",20.3246460598769,0,0.123913043478261,0.306935345112833,27.4319622788553,26.7314877211446,27.081725,0.326224951841475,45.8317431348311,26.960864,27.0651152280906,0.263204993441502,0.348679225704492
"7232043","2019-10-27",19.9353989576734,0.232142857142861,0.121583850931679,0.176276742581092,27.4112152217202,26.7810414449464,27.0961283333333,0.39506333685944,51.2734684175726,26.978464,27.0604331976785,0.230940601782548,0.325131500920103
"7232042","2019-10-28",20.3268236453792,0,0.0773809523809544,0.107625948930299,27.3941671105813,26.8135995560854,27.1038833333333,0.210025131965616,45.9230047854184,26.984732,27.0377087713214,0.161739928901827,0.292453186516448
"7232041","2019-10-29",20.7893880333926,0,0.0773809523809544,0.0921152518978633,27.3744465958551,26.8473434041449,27.110895,0.125636238905943,45.2009731455584,26.991536,27.0153609351452,0.0997769644115021,0.253917942095459
"7232040","2019-10-30",20.7890146737443,0.0375542555199092,0.0125180851733039,0.0557599966450716,27.3627466711816,26.868709995485,27.1157283333333,0.151048174192897,46.1133862394478,26.998336,26.9986461437925,0.0559470011074481,0.214323753897857
"7232039","2019-10-31",20.8464997052104,0.0186827703340221,0.0187456752846445,0.036214904279635,27.3678768236975,26.8485165096358,27.1081966666667,0.157212930638238,45.7015907485089,27.006736,26.9828266579535,0.0179971354008046,0.175058430198446
"7232038","2019-11-03",21.0146025746447,0,0.0187456752846445,0.0166698119141984,27.3752679801494,26.8228020198506,27.099035,0.123382528000834,44.8815031397643,27.013976,26.9665831035597,-0.017577501630206,0.136531243832716
"7232037","2019-11-04",21.5407423161856,0,0.00622759011134148,0.0145729802268776,27.3881001116661,26.7892165550005,27.0886583333333,0.0666519858301839,42.2070611884041,27.017524,26.9441986897518,-0.0637136864249377,0.0964822577811851
"7232036","2019-11-05",22.2665121765576,0,7.94503351997378e-16,0.008324421798663,27.4010553063269,26.7527280270064,27.0768916666667,0.0749703242131954,40.4687855421422,27.018604,26.9192388644515,-0.111530094261403,0.0548797873726675
"7232035","2019-11-06",22.9404413326173,0.0387858347386167,0.0129286115795397,0.00638540056362805,27.4085207785212,26.7118858881454,27.0602033333333,0.0977759121680316,41.8903234778882,27.019004,26.9006736825247,-0.140944996824954,0.0157148305331432
"7232034","2019-11-07",21.4670626176826,0.0458624127617142,0.0282160825001111,0.0137148980265513,27.3828797443684,26.6969535889649,27.0399166666667,0.252281400369256,41.8903234778882,27.007556,26.884583858188,-0.162411871540113,-0.0199105098815082
"7232033","2019-11-10",20.098925239529,0.524838012958963,0.203162086819765,0.0814355936331395,27.3600166807356,26.6966166525977,27.0283166666667,0.457315849463937,54.0597757972277,27.005304,26.8999726770963,-0.112103688228959,-0.0383491455509984
"7232032","2019-11-12",20.8591221885985,0.235236541598692,0.268645655773124,0.166674608364334,27.3230082170655,26.7088851162678,27.0159466666667,0.567608594996785,49.0879446480191,27.001352,26.9001363201501,-0.10072263014187,-0.0508238424691727
"7232031","2019-11-13",21.5650193555917,0.976835236541595,0.578969930366417,0.350259224319769,27.3561728606957,26.6914404726377,27.0238066666667,0.999439081497488,65.0262338459988,27.015584,26.9608914774634,0.0440080719593228,-0.0318574595834736
"7232030","2019-11-14",20.8422683907395,0.565698478561548,0.592590085567279,0.480068557235607,27.3693558636354,26.6858908030312,27.0276233333333,0.855604620254458,57.0026632239793,27.020624,26.9882392804683,0.100568690867675,-0.00537222949324385
"7232029","2019-11-17",19.5788273579827,0.432918395573996,0.65848403689238,0.610014684275359,27.3593045428295,26.6895754571704,27.02444,0.727295887137493,53.412751750013,27.01608,26.9991407097392,0.115326974933283,0.0187676113920615
"7232028","2019-11-18",18.2502355689785,0.363762102351312,0.45412632549562,0.568400149318427,27.3146192093312,26.7073141240021,27.0109666666667,0.593692612452217,51.5903646013763,27.01096,27.0019219484406,0.110797843366051,0.0371736577868593
"7232027","2019-11-19",16.9773976637172,0.363762102351312,0.386814200092207,0.499808187493403,27.3051432290752,26.7088401042581,27.0069916666667,0.611254937137913,51.5903646013763,27.001468,27.0043323553152,0.105985769645001,0.0509360801584876
"7232026","2019-11-20",15.7954767516889,0.463347164591975,0.3969571230982,0.41263254956201,27.3002955829939,26.7100277503394,27.0051616666667,0.677724406102615,54.2000750053924,27.000632,27.0160213746065,0.122267660854769,0.0652023962977439
"7232025","2019-11-21",16.0163554825333,0.363762102351312,0.3969571230982,0.39357614876287,27.3043743342845,26.7091089990488,27.0067416666667,0.722071837282984,51.2261053889058,26.995772,27.0165518579923,0.112366034553868,0.0746351239489687
"7232024","2019-11-24",16.2214571611746,0.363762102351312,0.3969571230982,0.396957123098201,27.3135894867651,26.7142271799015,27.0139083333333,0.649200239948277,51.2261053889058,26.988152,27.01701161026,0.103327835442157,0.0803736662476064
"7232023","2019-11-25",16.4119087199129,0.480082987551864,0.402535730751497,0.398816658982633,27.3219767551241,26.7151565782092,27.0185666666667,0.672373965104107,54.6006786911269,26.979076,27.0286233955587,0.119892597771853,0.0882774525524559
"7232022","2019-11-26",16.0007276745595,0.357142857142857,0.400329315682012,0.399940723177237,27.3260600069816,26.7232833263517,27.0246716666667,0.554683048840302,51.2369453761255,26.976276,27.0288069428175,0.109629317113669,0.0925478254646984
"7232021","2019-11-28",16.0784287243842,0.57142857142857,0.469551472041098,0.424138839491536,27.3425824561727,26.7337375438273,27.03816,0.73844057885628,57.0105042764368,26.979076,27.0489660171085,0.144587134199869,0.102955687211733
"7232020","2019-12-01",15.5277709813923,0.343469246717349,0.424013558429593,0.431298115384235,27.3511594084151,26.7438272582516,27.0474933333333,0.635850978158272,53.3804091383935,26.980636,27.0557705481607,0.146715141532927,0.111707578075972
"7232019","2019-12-02",18.2261909839276,0.184016655989751,0.366304824711891,0.419956618394195,27.4243092813612,26.7247273853055,27.0745183333333,1.06626441531271,54.5871073818347,26.989876,27.0658011417393,0.155841209608099,0.120534304382397
"7232018","2019-12-03",20.6068029417435,0.079646017699115,0.202377306802072,0.330898563314519,27.4285500341446,26.7468099658553,27.08768,0.597573845361517,53.575438843624,26.993076,27.0716943228407,0.155018510671256,0.127431145640169
"7232017","2019-12-04",22.8173711882869,0.13274336283186,0.132135345506909,0.233605825673625,27.4266212591373,26.7838254075293,27.1052233333333,0.616330350420932,56.0799754081725,27.004276,27.084801746462,0.170274412693794,0.135999799050894
"7232016","2019-12-05",22.1578672421674,0,0.0707964601769925,0.135103037495325,27.4333007614892,26.7726792385108,27.10299,-0.0242386469214017,37.0604533436515,26.995072,27.0254948469337,0.0240405104357411,0.113607941327863
"7232015","2019-12-08",21.5454707207707,0.0397350993377475,0.0574928207232033,0.0868082088023691,27.435282175034,26.7693644916326,27.1023233333333,-0.00405128897041307,39.5595305756268,26.987472,26.9820955340092,-0.0733007494122306,0.0762262031798445
"7232014","2019-12-09",21.3278882330203,0.165562913907285,0.0684326710816782,0.0655739839939587,27.4308534091584,26.7797932575083,27.1053233333333,0.230711005904811,46.7676027393095,26.987872,26.9698161294746,-0.0926230877169032,0.042456345000495
"7232013","2019-12-10",19.8119446098177,0,0.0684326710816782,0.0647860542955206,27.45870985625,26.7219368104166,27.0903233333333,-0.0297741761057422,38.2379569045105,26.975832,26.915173978878,-0.204479364839183,-0.00693079696744061
"7232012","2019-12-11",18.4042826739867,0.0314465408805036,0.0656698182625969,0.0675117201419851,27.482927077675,26.6586395889916,27.0707833333333,0.00973820151980423,40.0228510107952,26.968284,26.8744841150276,-0.275163523195077,-0.0605773422129678
"7232011","2019-12-12",17.2120677282111,0.0157232704402529,0.0157232704402529,0.0499419199281766,27.4632201804922,26.6087664861744,27.0359933333333,0.0599605504268878,39.4095871477256,26.961404,26.8358862330239,-0.334977969601002,-0.115457467690575
"7232010","2019-12-15",17.2541875420826,0.18238993710692,0.0765199161425595,0.0526376682818037,27.43463205415,26.6052412791833,27.0199366666666,0.415114400282384,48.430010910347,26.964204,26.8377680686208,-0.29928732093053,-0.152223438338566
"7232009","2019-12-16",17.3378909587143,0.277358490566039,0.158490566037738,0.0835779175401842,27.4227090558199,26.6050076108468,27.0138583333333,0.550436093662565,52.7468836044918,26.973044,26.859532326138,-0.223032710618665,-0.166385292794586
"7232008","2019-12-17",17.4156155598722,0.304779874213837,0.254842767295599,0.163284416491966,27.4236484753188,26.6052548580145,27.0144516666667,0.579768054498894,53.9456567909582,26.974828,26.8842080159863,-0.147830659362691,-0.162674366108207
"7232007","2019-12-18",16.8564620758963,0.220125786163523,0.2674213836478,0.226918238993713,27.4174921798511,26.5992078201489,27.00835,0.430280960006684,49.7496173384393,26.97518,26.8876469471881,-0.127186077057651,-0.155576708298095
"7232006","2019-12-19",15.693756214095,0.125786163522014,0.216897274633125,0.246387141858842,27.4070103363971,26.5850729969362,26.9960416666667,0.339231459233459,45.5020083939333,26.951348,26.8706273542297,-0.154081483380719,-0.15527766331462
"7232005","2019-12-22",14.6141007709938,0.5728098447114,0.306240598132313,0.263519752137747,27.3938479860083,26.5824086806584,26.9881283333333,0.490804405680788,51.21387313224,26.942748,26.8813437069991,-0.116709008456117,-0.14756393234292
"7232004","2019-12-23",13.8724413653959,0.609375,0.435990336077806,0.319709402947749,27.3852990967894,26.5806242365439,26.9829616666667,0.521174183729489,51.1836263078514,26.937948,26.8904978793992,-0.08640041986403,-0.135331229847142
"7232003","2019-12-25",14.5830043928594,0.430107526881723,0.537430790531042,0.426553908247054,27.3869568151564,26.5803165181769,26.9836366666667,0.689712813224234,51.492150249091,26.935548,26.8997648288126,-0.0587081446754678,-0.120006612812807
"7232002","2019-12-26",15.2428129183612,0.483870967741939,0.507784498207888,0.493735208272246,27.3991531505811,26.5790235160856,26.9890883333333,0.716524712513983,53.0886042092046,26.935148,26.9144628516376,-0.0215270623230013,-0.100310702714846
"7232001","2019-12-29",15.85549226347,0.49462365591398,0.469534050179214,0.504916446306049,27.3941452457939,26.5803647542061,26.987255,0.695890253347847,53.4187986361729,26.932268,26.9285344714193,0.0107968847128381,-0.078089185229309
"7232000","2019-12-30",17.5316783835,0.571707317073173,0.516733980243031,0.498017509543379,27.4513702145174,26.5540197854826,27.002695,0.985991855455061,60.669346169418,26.941996,26.9731565418967,0.107937726614638,-0.0408838028605197
"7231999","2020-01-01",19.1834103262346,0.688192771084339,0.584841248023831,0.52370309281536,27.4789418587802,26.5365014745531,27.0077216666667,1.09789281397934,64.9803153425347,26.958868,27.0356423363105,0.23536513182727,0.0143659840770382
"7231998","2020-01-02",20.7171614159167,0.797028112449801,0.685642733535772,0.595739320600879,27.572262864668,26.4905804686653,27.0314216666667,1.0517130865203,67.858705368292,26.977796,27.1078633581357,0.372081171229466,0.0859090215075237
"7231997","2020-01-05",21.0699126029911,0.578034682080924,0.687751855205022,0.652745278921542,27.6319766682597,26.4671966650736,27.0495866666667,0.923868311597771,60.4610171343579,26.992196,27.145481577051,0.419572401037049,0.152641697413429
"7231996","2020-01-06",21.397467276703,0.67896137260299,0.684674722377906,0.686023103706234,27.7077916866211,26.4772116467122,27.0925016666667,0.924568076074658,63.0113591151235,27.004996,27.1927507001108,0.48412809344669,0.218938976620081
"7231995","2020-01-07",21.7019758293123,0.770712909441233,0.675902988041716,0.682776521874882,27.7850893191387,26.4914140141946,27.1382516666667,0.920055169889393,65.2084056522056,27.024996,27.2470506067627,0.558253979006818,0.286801977097428
"7231994","2020-01-08",21.7364899462969,0.734012294705934,0.727895525583386,0.696157745334337,27.849574636231,26.4985953637689,27.174085,0.849806748556111,63.5815585927888,27.042156,27.2887771925277,0.598030289526341,0.349047639583211
"7231993","2020-01-09",21.2778758762625,0.660611065235342,0.721778756460837,0.708525756695314,27.8824854809443,26.5559511857223,27.2192183333333,0.789060248735735,60.3392260221806,27.056956,27.3142735668573,0.598877142719445,0.399013540210458
"7231992","2020-01-12",20.9510832099119,0.652173913043479,0.682265757661585,0.710646679901937,27.9069438805343,26.6304927861323,27.2687183333333,0.803927298926476,62.1576582876656,27.072156,27.345703757943,0.613053479019987,0.441821527972364
"7231991","2020-01-13",20.7873672121491,0.747368421052633,0.686717799777152,0.696920771299859,27.9276824059029,26.7177542607637,27.3227183333333,0.844881362040435,64.8824859343961,27.112956,27.3876099235506,0.649094652819771,0.483276152941845
"7231990","2020-01-14",20.6353452142265,0.840425531914895,0.746655955337003,0.705213170925247,27.9768974550717,26.7525858782616,27.3647416666667,0.847344860073403,66.9775841359615,27.154956,27.4359286004105,0.695915972147243,0.525804116782925
"7231989","2020-01-15",19.8724524883989,0.438202247191009,0.675332066719513,0.702901940611223,27.990872765126,26.7894339015406,27.3901533333333,0.644143830575941,53.5882146672928,27.175356,27.4311381203558,0.622832012347607,0.545209695895861
"7231988","2020-01-16",18.712343101243,0.613207547169814,0.63061177542524,0.684199932493919,28.0356010352241,26.8173989647759,27.4265,0.812071926233703,60.1983731759113,27.219756,27.462986370975,0.636913101897596,0.563550377096208
"7231987","2020-01-20",17.6350986703125,0.583741429970616,0.545050408110481,0.616998083418412,28.0666997767759,26.8765035565575,27.4716016666667,0.820730027689562,61.7205605916401,27.264956,27.4999215215117,0.66087405049402,0.583015111775771
"7231986","2020-01-21",17.3760026760565,0.764705882352941,0.653884953164458,0.609849045566727,28.1215310500245,26.9459489499755,27.53374,0.987355725000234,67.4636326408719,27.323156,27.5719319853101,0.758765853154553,0.618165260051527
"7231985","2020-01-22",16.4670459355229,0.447058823529412,0.598502045284324,0.599145802186421,28.1321340103584,27.0286126563083,27.5803733333333,0.801725017624719,58.8989127064837,27.359956,27.5983410539355,0.748432765984774,0.644218761238177
"7231984","2020-01-23",15.623014676456,0.482352941176472,0.564705882352943,0.605697626933909,28.1242471328949,27.1261662004384,27.6252066666667,0.771981951735987,59.5139354563406,27.391916,27.6252289134107,0.740382265261696,0.663451462042881
"7231983","2020-01-26",15.2866032025093,0.357142857142858,0.428851540616248,0.530686489417839,28.1050885533486,27.2079914466514,27.65654,0.619043225684357,56.480068623166,27.418132,27.6351983916226,0.696712912789677,0.67010375219224
"7231982","2020-01-27",14.8637091714745,0.511904761904762,0.450466853408031,0.481341425459075,28.086577311402,27.295502688598,27.69104,0.709369207268467,59.3791156128185,27.454932,27.6611719394063,0.692022079368604,0.674487417627513
"7231981","2020-01-28",14.7501979820227,0.440476190476192,0.436507936507938,0.438608776844073,28.0341344304696,27.4149455695304,27.72454,0.648786052977333,57.4760805968393,27.495332,27.6756823474854,0.663098435579879,0.672209621217986
"7231980","2020-01-29",14.1470399553945,0.571428571428572,0.507936507936509,0.464970432617493,28.0510031225251,27.4521968774749,27.7516,0.881425547725964,60.0066976977278,27.532492,27.702924701154,0.664515655106968,0.670670827995782
"7231979","2020-01-30",13.2663413830613,0.428571428571432,0.480158730158733,0.474867724867727,28.0635038204556,27.4735761795444,27.76854,0.739792120575141,56.0855147394913,27.564892,27.7105347410002,0.62344904669267,0.66122647173516
"7231978","2020-02-02",12.4485498516091,0.428571428571432,0.47619047619048,0.488095238095241,28.0668868327423,27.489706500591,27.7782966666667,0.578028761823546,56.0855147394913,27.596892,27.7171301088668,0.584157956286857,0.645812768645499
"7231977","2020-02-03",11.6885490719347,0.464285714285715,0.440476190476194,0.465608465608469,28.0635230089964,27.5247403243369,27.7941316666667,0.622253990725332,56.9020655439604,27.628092,27.7268460943512,0.555336757594138,0.627717566435227
"7231976","2020-02-04",12.6513538371226,0,0.29761904761905,0.404761904761908,28.078563094124,27.4972035725426,27.7878833333333,-0.0123909083368101,43.3138247082772,27.640092,27.6725999484377,0.391099863290689,0.58039402580632
"7231975","2020-02-05",13.5453868333685,0.184782608695651,0.216356107660456,0.318150448585234,28.0835425653264,27.4827241013403,27.7831333333333,0.173001616223287,48.1379708505822,27.649164,27.648253288646,0.306898724103033,0.525694965465662
"7231974","2020-02-06",14.5117921613507,0.141304347826086,0.108695652173913,0.207556935817807,28.0961153245071,27.4551513421596,27.7756333333333,0.0647701363109236,47.1218133013632,27.649492,27.6218195168266,0.225859293163633,0.465727831005256
"7231973","2020-02-09",14.5620986714125,0.130434782608697,0.152173913043479,0.159075224292617,28.1008147202846,27.4441852797154,27.7725,0.14591901362439,46.8555209263944,27.644,27.597576914583,0.156872561819088,0.403956777168023
"7231972","2020-02-10",14.5540390104645,0.213483146067417,0.161740758834068,0.140870108017154,28.1034179028482,27.4349154304851,27.7691666666667,0.231988026860481,49.027019213128,27.6488,27.5858999926386,0.121260986420935,0.347417619018605
"7231971","2020-02-11",13.7246201571195,0.382022471910112,0.241980133528743,0.185298268468764,28.1048185292794,27.4368481373873,27.7708333333333,0.503742680858817,53.4192552138366,27.6552,27.5957799936201,0.135362158091246,0.305006526833133
"7231970","2020-02-12",13.4201021026481,0.730337078651683,0.441947565543072,0.281889485968628,28.1329453243223,27.4313880090111,27.7821666666667,0.834256367772272,60.9149432224418,27.67,27.6456759944708,0.23437999657212,0.290881220780931
"7231969","2020-02-13",13.1373353377818,0.764044943820224,0.625468164794007,0.436465287955275,28.1570317276656,27.4539682723344,27.8055,0.819316838754253,61.5596126470865,27.6876,27.692919195208,0.317727216062846,0.296250419837314
"7231968","2020-02-17",13.4126402234805,0.258426966292135,0.584269662921348,0.55056179775281,28.1551735683186,27.4508264316815,27.803,0.434218042605301,48.6083255876267,27.6904,27.6738633025136,0.249670184290651,0.286934372727981
"7231967","2020-02-18",13.6682804744864,0.573033707865166,0.531835205992509,0.580524344569289,28.1631641319517,27.4508358680483,27.807,0.67735268939219,54.9581724980772,27.7016,27.6946815288451,0.274192990041189,0.284386096190623
"7231966","2020-02-19",14.894057409157,0.212435233160622,0.347965302439309,0.488023390451056,28.1951366800447,27.4318633199553,27.8135,1.05441037090182,52.4649205959527,27.7044,27.6993906583325,0.261450338278313,0.279798944608161
"7231965","2020-02-20",16.032278848494,0.637305699481866,0.474258213502552,0.451352907311457,28.4065816671672,27.3020849994995,27.8543333333333,1.29281965469014,66.0613970059615,27.7364,27.8128052372215,0.484060175619372,0.320651190810403
"7231964","2020-02-23",15.7843692118879,0.440414507772022,0.430051813471504,0.417425109804455,28.4861402187086,27.2751931146248,27.8806666666667,0.948134080205966,57.8093006076888,27.7672,27.8604312055919,0.543353542524483,0.365191661153219
"7231963","2020-02-24",15.5541674064679,0.528497409326425,0.535405872193438,0.479905299722498,28.5591162345901,27.2675504320766,27.9133333333333,0.889707851008302,60.2042858929429,27.794,27.924373711513,0.63196382729902,0.418546094382379
"7231962","2020-02-25",15.9848786723416,0.552486187845304,0.507132701647918,0.49086346243762,28.655125038118,27.2432082952153,27.9491666666667,0.942070447711721,61.5856721324257,27.822,27.9931238833113,0.722316248279098,0.479300125161723
"7231961","2020-02-26",16.1885319553098,0,0.36032786572391,0.467622146521756,28.6583097880972,27.2190235452362,27.9386666666667,0.269330109527025,42.4049354455166,27.7896,27.8913740322031,0.439621302813031,0.471364360691985
"7231960","2020-02-27",16.7470332286446,0,0.184162062615102,0.350540876662311,28.6817047874392,27.1222952125608,27.902,0.0797554767582683,39.8634499882772,27.7588,27.7725241612427,0.14649662306534,0.406390813166656
"7231959","2020-03-01",15.5599074689024,0.0533333333333338,0.0177777777777787,0.187422568705598,28.6772762305558,27.0953904361109,27.8863333333333,0.316885221623528,41.8225822518497,27.7316,27.6855209397437,-0.0511125854368522,0.314890133445954
"7231958","2020-03-02",14.4575764062846,0.311111111111111,0.121481481481482,0.107807107291455,28.6822768389036,27.1010564944298,27.8916666666667,0.524242878905082,50.2575570415937,27.7316,27.6874514811112,-0.0384040057025414,0.244231305616255
"7231957","2020-03-03",13.6096971090809,0.266666666666667,0.210370370370371,0.116543209876545,28.6787756066337,27.090891060033,27.8848333333333,0.398292353593504,48.9400573806709,27.7224,27.6757912836297,-0.0568389049566131,0.184017263501681
"7231956","2020-03-04",12.7207240822456,0.266666666666667,0.281481481481483,0.204444444444446,28.6740329600332,27.1233003733002,27.8986666666667,0.414878941005496,48.9400573806709,27.7156,27.6656857791457,-0.0706424469932299,0.133085321402699
"7231955","2020-03-05",12.8403174509475,0,0.177777777777779,0.223209876543211,28.7026534411893,27.0560132254773,27.8793333333333,0.0874427656683934,41.3897804994021,27.6804,27.5769276752596,-0.25406401157323,0.0556554548075134
"7231954","2020-03-08",14.2637794684624,0,0.0888888888888899,0.182716049382718,28.8824077228861,26.7572589437806,27.8198333333333,-0.212028579619549,32.4845705748441,27.6104,27.368003985225,-0.683636592886994,-0.092202954731388
"7231953","2020-03-09",13.9741096131477,0.0925925925925918,0.0308641975308647,0.0991769547325116,28.8938991810952,26.7107674855715,27.8023333333333,0.219516081146696,36.9140665879136,27.5524,27.226936787195,-0.927507395359073,-0.259263842856925
"7231952","2020-03-10",13.4839576353029,0.0422077922077919,0.0449334616001287,0.0548955160066282,28.9506124440817,26.5633875559183,27.757,0.0502448587938903,35.4930254475272,27.4864,27.0820118822357,-1.15973920459057,-0.439358915203654
"7231951","2020-03-11",13.0288165130185,0.170068027210884,0.101622804003757,0.0591401543782505,28.9812115460382,26.4267884539618,27.704,0.112175966565753,40.8317889707996,27.454,27.0057436312709,-1.22060538074001,-0.595608208310926
"7231950","2020-03-12",12.3237182448662,0.10204081632653,0.10477221191507,0.0837761591729855,28.9907176387676,26.2729490278991,27.6318333333333,0.110526077986554,38.9550217185758,27.4068,26.9129778137681,-1.31430186137673,-0.739346938924087
"7231949","2020-03-15",11.8352838132107,0,0.0907029478458056,0.0990326545882111,29.024651140319,26.0530155263477,27.5388333333333,0.0393670317794959,34.9733803575532,27.3428,26.771247438599,-1.51073057026413,-0.893623665192096
"7231948","2020-03-16",12.3464836621741,0,0.0340136054421774,0.0764962550676846,29.1322195312961,25.7314471353706,27.4318333333333,-0.0337512939241191,29.0622142227134,27.2452,26.5350811134525,-1.90482159712053,-1.09586325157778
"7231947","2020-03-17",12.1808518667206,0.0632911392405063,0.0210970464135029,0.0486045332338291,29.1346403729863,25.5290262936804,27.3318333333333,0.112132643915896,32.666919833175,27.1548,26.3637369649922,-2.12086310887556,-1.30086322303734
"7231946","2020-03-18",13.7333675357462,0,0.0210970464135029,0.0254025660897282,29.3037670235914,24.9735663097419,27.1386666666667,-0.138615509089189,22.7029322315879,26.9782,25.9479053696599,-2.88397845322511,-1.61748626907489
"7231945","2020-03-19",15.1749892284128,0.366871165644172,0.14338743496156,0.0618605092628558,29.1200315883375,24.8403350783292,26.9801833333333,0.168235820769164,42.4400906779383,26.87292,25.8665846537052,-2.81301076032503,-1.85659116732492
"7231944","2020-03-22",16.5136379430318,0.373093777388256,0.24665498101081,0.137046487461958,28.9545885708056,24.7193447625278,26.8369666666667,0.19825428605341,42.7073080230716,26.76786,25.8008400332112,-2.71524018399435,-2.02832097065881
"7231943","2020-03-23",16.5534157559504,0.414548641542506,0.384837861524979,0.25829342583245,28.7326588025726,24.7002745307607,26.7164666666667,0.323975109475102,44.5540320051706,26.69026,25.7753946954497,-2.53492379908793,-2.12964153634463
"7231942","2020-03-24",16.4496614071341,0.416301489921122,0.401314636283962,0.344269159606584,28.4343727954928,24.7462238711738,26.5902983333333,0.353495160376032,44.6352943395891,26.60186,25.7546754027231,-2.36179342738343,-2.17607191455239
"7231941","2020-03-25",16.3533180832333,0.482909728308501,0.437919953257377,0.40802415035544,28.3100826353337,24.729514031333,26.5197983333333,0.409754091485464,47.7680317664854,26.53266,25.7873853490267,-2.08148932463952,-2.15715539656982
"7231940","2020-03-26",16.2638564253253,0.482909728308501,0.460706982179376,0.433313857240239,28.2301667297091,24.7018966036243,26.4660316666667,0.416475121574562,47.7680317664854,26.43066,25.8157339691564,-1.83804472906859,-2.09333326306957
"7231939","2020-03-29",15.9724110806116,0.641988950276243,0.535936135631083,0.478187690355946,28.0886209470357,24.7154423862977,26.4020316666667,0.474693008845246,49.0868886412593,26.34986,25.8603027732689,-1.57995958354383,-1.99065852716442
"7231938","2020-03-30",15.6379675995438,0.741060419235511,0.621986365940086,0.539543161250182,27.859685892335,24.791044107665,26.325365,0.523235578366581,49.9934179954961,26.26626,25.9122624034997,-1.32890874976876,-1.85830857168529
"7231937","2020-03-31",15.4211092059669,0.723797780517879,0.702282383343212,0.62006829497146,27.6453646340321,24.8577420326346,26.2515533333333,0.498402461893117,49.3312667136977,26.17586,25.9479607496998,-1.13860281184516,-1.71436741971727
"7231936","2020-04-01",15.3990591208452,0.69173859432799,0.718865598027127,0.681044782436809,27.3773621274566,24.9607445392101,26.1690533333333,0.478322318383569,48.0582264799796,26.12866,25.9615659830731,-1.01643490634307,-1.57478091704243
"7231935","2020-04-02",15.2231018680461,0.738594327990135,0.718043567612002,0.713063849660781,27.2365038681548,25.0086361318453,26.12257,0.566325002568644,50.0856308614326,26.09826,25.9986905186634,-0.850799951825665,-1.42998472399907
"7231934","2020-04-05",14.6182051189783,0.741060419235511,0.723797780517879,0.720235648719003,27.2406035118134,25.0092464881866,26.124925,0.60255717226941,50.1958153660244,26.06346,26.0321984495083,-0.708281886859341,-1.28564415657113
"7231933","2020-04-06",13.6664736925993,0.888155202051898,0.789269983092515,0.743703777074133,27.1287595837814,25.0647537495519,26.0967566666667,0.756722465546941,52.9897253971625,26.01546,26.0945719895738,-0.512134449323487,-1.1309422151216
"7231932","2020-04-07",12.9751445661307,0.763922518159808,0.797712713149073,0.770260158919823,27.1365837251966,25.0615962748035,26.09909,0.804054850972938,54.0989359940211,25.97546,26.161962390964,-0.322331254889496,-0.969220023075179
"7231931","2020-04-08",12.3331960915526,0.758738014228273,0.803605244813327,0.796862647018305,27.1291779290824,25.0645020709176,26.09684,0.776795667985038,54.0989359940211,25.93546,26.2203674055021,-0.170201915327617,-0.809416401525666
"7231930","2020-04-12",11.9443630789682,0.789855072463769,0.770838534950617,0.790718830971006,27.1607012861153,25.0527587138847,26.10673,0.815190433594339,55.3215481366893,25.92346,26.2843184181018,-0.0189449535984432,-0.651322111940222
"7231929","2020-04-13",11.3824191557764,0.722627737226278,0.757073607972773,0.777172462578906,27.2174564169755,25.0483769163578,26.1329166666667,0.758550535610593,53.9292959915039,25.94746,26.3277426290216,0.0722838244739732,-0.506600924657383
"7231928","2020-04-14",10.6117764245691,0.505050505050506,0.672511104913518,0.733474415945636,27.2572329590719,25.1065903742615,26.1819116666667,0.69280516573448,52.2001557094374,25.95506,26.3507102784854,0.109560122773988,-0.383368715171108
"7231927","2020-04-15",9.89617960273367,0.606060606060608,0.611246282779131,0.680276998555141,27.3049328487516,25.1303204845818,26.2176266666667,0.697739456351723,53.6549475401032,25.97346,26.3839489080207,0.167697026716129,-0.273155566793661
"7231926","2020-04-16",9.80122354829989,0.713297872340428,0.608136327817181,0.630631238503277,27.0555923711912,25.6233609621421,26.3394766666667,0.828757394714089,55.4158160383407,25.98188,26.4288223869512,0.247603214479031,-0.169003810539123
"7231925","2020-04-19",9.71169487345556,0.712765957446808,0.677374811949282,0.632252474181865,27.043820279291,25.7564330540424,26.4001266666667,0.789894648127015,55.4064090373314,25.99828,26.4676460686911,0.307085086073622,-0.0737860312165737
"7231924","2020-04-20",9.62856110395726,0.744680851063831,0.72358156028369,0.669697566683385,26.9981122043048,25.9250644623619,26.4615883333333,0.804408636477386,55.8902338606585,26.03428,26.5052932595323,0.35909029224086,0.012789233474913
"7231923","2020-04-21",9.89099693142324,0.631578947368419,0.696341918626354,0.699099430286442,27.0088089902745,25.9903676763922,26.4995883333333,0.762242241838398,53.7950532277533,26.10028,26.5245874915946,0.365589153347257,0.0833492174493817
"7231922","2020-04-22",12.3437557306655,0.337285714285715,0.571181837572656,0.6637017721609,27.1734135982551,25.9619864017449,26.5677,1.19711164024781,58.7613015441598,26.168212,26.5810824927153,0.455985390628655,0.157876452085236
"7231921","2020-04-23",14.621317472819,0.494688995215311,0.487851218956482,0.585124991718498,27.3541344752265,25.9171921914401,26.6356633333333,1.14043630031892,63.5128317846239,26.329768,26.6747914936866,0.621673799782596,0.250635921624708
"7231920","2020-04-26",17.3934628396771,0.495535714285714,0.442503474595581,0.500512177041573,27.6237415190266,25.8291184809734,26.72643,1.20222918125123,67.4387653136773,26.420648,26.7994859611951,0.840675498411358,0.368643836982038
"7231919","2020-04-27",19.9675978231881,0.736607142857143,0.575610617452723,0.501988437001596,27.9483813088533,25.7074786911467,26.82793,1.17773434448524,72.680784960425,26.531708,26.9795544997024,1.16095320654546,0.527105710894722
"7231918","2020-04-28",22.3578660221627,0.822366071428571,0.68483630952381,0.567650133857372,28.219833858101,25.6358328085656,26.9278333333333,1.06768552793883,74.2678411113669,26.640992,27.1612272330754,1.45229430057656,0.71214342883109
"7231917","2020-04-29",23.4899823028855,0.669642857142858,0.742872023809525,0.667772983595353,28.3719774008347,25.6706459324987,27.0213116666667,0.905487076591435,66.82292281032,26.736192,27.2730636019987,1.56152529962053,0.882019802988977
"7231916","2020-04-30",24.9423086872358,0.669732142857143,0.720580357142858,0.716096230158731,28.5069670931745,25.7463362401588,27.1266516666667,0.897305926941244,66.8250165922907,26.8162,27.3700151217322,1.62821290005295,1.03125842240177
"7231915","2020-05-03",26.2908974727039,0.714464285714286,0.684613095238097,0.716021825396827,28.6139904575386,25.8289728757947,27.2214816666667,0.839477808996339,67.9174248200566,26.900216,27.4673997721679,1.69003299952393,1.1630133378262
"7231914","2020-05-04",27.2781602788286,0.663551401869159,0.682582610146864,0.69592535417594,28.6894338926543,25.9267827740124,27.3081083333333,0.781682931809799,66.0383525265131,26.975016,27.5410798025455,1.69505492946083,1.26942165615313
"7231913","2020-05-05",26.6706253633448,0.406698564593302,0.594904750725583,0.654033485370181,28.7138727293734,26.0073472706266,27.36061,0.616775796675127,55.3685288826213,27.025016,27.5356024955395,1.52895373925794,1.32132807277409
"7231912","2020-05-06",26.514795845092,0.641148325358852,0.570466097273772,0.61598448604874,28.7839819858599,26.0725713474734,27.4282766666667,0.741592570816375,61.6555005550118,27.097416,27.5961888294675,1.52301017194265,1.3616644926078
"7231911","2020-05-07",25.8170954841305,0.540669856459331,0.529505582137162,0.564958810045506,28.8016211767042,26.1667654899624,27.4841933333333,0.61479692601585,57.8917170846182,27.166616,27.6206969855385,1.44006459503609,1.37734451309346
"7231910","2020-05-10",25.0902008281725,0.526315789473685,0.569377990430623,0.556449889947186,28.8153087682794,26.2534645650539,27.5343866666667,0.59392192274237,57.3530800728569,27.227016,27.6379373874667,1.34992912949974,1.37186143637472
"7231909","2020-05-11",24.9181929355474,0.547915387620696,0.538300344517905,0.545727972361897,28.8331078938661,26.3647154394672,27.5989116666667,0.656102270520228,59.7715936149391,27.294216,27.6768790691378,1.31571570969056,1.36063229103788
"7231908","2020-05-12",23.9898728684059,0,0.358077059031461,0.488585131326663,28.7918797234892,26.4636202765108,27.62775,0.304825588807815,42.7865641137409,27.304616,27.5546285265861,0.936221932803716,1.27575021939105
"7231907","2020-05-13",23.1278613774889,0.0748484848484846,0.207587957489728,0.367988453679698,28.7501335642188,26.5581497691145,27.6541416666667,0.281624754220771,44.9215745968631,27.316944,27.4684380563746,0.670539255254865,1.15470802656381
"7231906","2020-05-14",22.3274221359231,0.101010101010101,0.0586195286195293,0.208094848380239,28.7342143155803,26.5917023510863,27.6629583333333,0.18434637571493,45.6845171984523,27.331344,27.4006463155247,0.469474003268067,1.01766122190466
"7231905","2020-05-17",21.0037449323802,0.0157068062827212,0.0638551307137697,0.110020872274342,28.7152607412854,26.6293225920479,27.6722916666667,0.158526947729954,43.5523287943703,27.334944,27.3192268067881,0.256723036456563,0.865473584815045
"7231904","2020-05-18",19.7746161005189,0.18848167539267,0.101732860895165,0.0747358400761547,28.6831081385023,26.696985194831,27.6900466666667,0.224733388194624,48.570216472834,27.355344,27.2926632325497,0.183343023002114,0.729047472452458
"7231903","2020-05-19",18.7074009235383,0.227748691099476,0.143979057591623,0.103189016400186,28.6355487312888,26.7965446020445,27.7160466666667,0.266514934266933,49.6653670075173,27.383144,27.2796414682097,0.145685491987546,0.612375076359476
"7231902","2020-05-20",17.7596121584623,0.379870129870128,0.265366832120759,0.170359583535849,28.6358881654557,26.7943185012109,27.7151033333333,0.325274054928595,51.8726875860033,27.412944,27.2883559391151,0.158408818018696,0.52158182469132
"7231901","2020-05-21",16.8679437485809,0.384437086092714,0.330685302354107,0.246677064022163,28.6361233743678,26.7775232922989,27.7068233333333,0.329715922724112,51.7992990326943,27.437744,27.2953084805664,0.165243215253308,0.450314102803718
"7231900","2020-05-25",16.6307030203494,0.496688741721855,0.4203319858949,0.338794706789922,28.6084519915234,26.7655280084766,27.68699,0.447371676264339,54.4153720614101,27.469344,27.3239340164909,0.218226293567803,0.403896540956535
"7231899","2020-05-27",17.6861416432409,0.695906432748538,0.525677420187703,0.425564902812237,28.570048061265,26.7815986054017,27.6758233333333,0.750222335628704,60.4206465398968,27.517344,27.4074094809588,0.385375435694346,0.400192319904097
"7231898","2020-05-28",18.6493999526657,0.69251461988304,0.628369931451145,0.524793112511249,28.5132089927452,26.8069110072548,27.66006,0.745799192305854,60.3078623088854,27.569112,27.4789815501643,0.509693090573782,0.422092474038034
"7231897","2020-05-31",18.3155752102415,0.426900584795321,0.605107212475634,0.586384854704827,28.4650783586115,26.8107083080552,27.6378933333333,0.521422051244269,52.1053131051089,27.59078,27.480450676809,0.469203133097418,0.431514605849911
"7231896","2020-06-01",20.1135143541419,0.300675675675675,0.47336362678468,0.568946923570486,28.4887707643923,26.7986692356077,27.64372,0.911975250090878,54.4553249619501,27.605424,27.5030572532345,0.478545417243104,0.440920768128549
"7231895","2020-06-02",21.783029273478,0.317567567567567,0.348381276012855,0.475617371757723,28.4473574097995,26.8110559235338,27.6292066666667,0.65123129941337,55.1951724945056,27.609024,27.5293162861366,0.494837969769546,0.451704208456749
"7231894","2020-06-03",23.0961883747383,0.276450511945393,0.298231251729546,0.37332538484236,28.4001539704385,26.8172993628948,27.6087266666667,0.542943510420595,53.3292866269138,27.587024,27.5387407813183,0.47293835021156,0.455951036807711
"7231893","2020-06-07",24.3155503973372,0.313993174061434,0.302670417858132,0.316427648533511,28.4025259957917,26.818260670875,27.6103933333333,0.562872465299907,55.1263076387434,27.56174,27.5615753438092,0.482212056789155,0.461203240804
"7231892","2020-06-08",26.0060702013987,0.252559726962458,0.281001137656429,0.293967602414703,28.361433685642,26.828686314358,27.59506,0.618484409152531,51.6234669411842,27.54294,27.557365297968,0.431855854933771,0.455333763629954
"7231891","2020-06-09",27.5758385908844,0.269230769230769,0.278594556751555,0.287422037422039,28.3649027485067,26.8285505848266,27.5967266666667,0.645326923482518,56.4272823072485,27.535732,27.5923832582389,0.471364634924343,0.458539937888832
"7231890","2020-06-10",29.4286951508883,0.120792079207921,0.214194191800384,0.257929962069456,28.3628712340252,26.8284154326415,27.5956433333333,0.602766075020085,50.471553646293,27.511716,27.5800654904737,0.404370111902197,0.447705972691505
"7231889","2020-06-11",30.4791247383203,0,0.130007616146231,0.207598788232723,28.3182944576263,26.8002355423737,27.559265,0.300667595774444,46.3551454763328,27.480916,27.5360567584106,0.274897726189915,0.413144323391187
"7231888","2020-06-14",32.1841257938054,0.121457489878543,0.0807498563621555,0.14165055476959,28.3289882335957,26.8462084330709,27.5875983333333,0.602781051247612,51.4701565428379,27.482916,27.5379158572892,0.257203761804115,0.381956211073773
"7231887","2020-06-15",33.7673410596131,0.121457489878543,0.0809716599190296,0.097243044142472,28.3330532349098,26.8962634317568,27.6146583333333,0.570997395102247,51.4701565428379,27.465316,27.5395270763173,0.240408218476151,0.353646612554248
"7231886","2020-06-17",35.2374695207202,0.251012145748988,0.164642375168692,0.108787963816626,28.3307669963967,26.9924663369367,27.6616166666667,0.697426986827663,56.5905241143606,27.468916,27.5835901328083,0.317119189183224,0.346341127880043
"7231885","2020-06-19",36.4856589073568,0.234858299595142,0.202442645074226,0.149352226720649,28.3014037953451,27.1155028713215,27.7084533333333,0.65876537085509,55.7999660315909,27.47212,27.6164581151005,0.361918592760113,0.349456620856057
"7231884","2020-06-22",36.8349939913944,0.121457489878543,0.202442645074226,0.189842555105714,28.2720623066295,27.2055110267038,27.7387866666667,0.510513637313446,50.4697355028147,27.45692,27.6075970330871,0.311931257945086,0.341951548273863
"7231883","2020-06-23",36.4121232099405,0.00809716599190267,0.121470985155197,0.175452091767883,28.2609439864875,27.2274626801791,27.7442033333333,0.162109676099804,45.7636253791763,27.47732,27.5625840953422,0.188231420055107,0.311207522630112
"7231882","2020-06-24",36.3533566588958,0.0582352941176472,0.0625966499960319,0.128836760075151,28.2534313572138,27.2462686427862,27.74985,0.258148976482163,46.5193277562076,27.493368,27.5288262159632,0.10047720364792,0.269061458833673
"7231881","2020-06-25",36.0575292882475,0,0.0221108200365176,0.0687261517292488,28.2542225967497,27.2446374032503,27.74943,0.135992416456855,44.98760900584,27.503768,27.4876493871681,0.0045659444544377,0.216162355957826
"7231880","2020-06-26",36.0494624183147,0.333333333333334,0.130522875816995,0.0717434486165148,28.2545447078676,27.2533152921324,27.75393,0.426160779100041,51.693634098638,27.534968,27.498629468879,0.0309170007930515,0.179113284924871
"7231879","2020-06-30",36.041971753377,0.361904761904764,0.231746031746034,0.128126575866515,28.2037110530224,27.2608156136443,27.7322633333333,0.455177073121476,52.2311451245001,27.554168,27.5121455396952,0.0598997786121158,0.15527058366232
"7231878","2020-07-02",36.3305778203824,0.586538461538459,0.427258852258854,0.263175919940627,28.1761006565637,27.2718126767696,27.7239566666667,0.709420749692804,56.2504238574478,27.579568,27.5545261344025,0.148534040346537,0.153923274999164
"7231877","2020-07-06",36.7621991571104,0.490384615384616,0.479609279609281,0.379538054538056,28.1915275256246,27.2777191410421,27.7346233333333,0.666384261622625,54.1183384562993,27.594968,27.5779226498155,0.187229846314496,0.16058458926223
"7231876","2020-07-08",37.1629903983579,0.925510204081632,0.667477760334903,0.524781964067679,28.1314111824403,27.3166354842264,27.7240233333333,0.995813347835754,60.5166829409698,27.626428,27.6511329631734,0.329976249755592,0.194462921360903
"7231875","2020-07-10",36.6219369170201,0.653061224489796,0.689652014652016,0.612246351532067,28.129391938887,27.316988061113,27.72319,0.668401461074824,54.9650522865772,27.640428,27.678981901417,0.360779046376014,0.227726146363925
"7231874","2020-07-13",35.1312857499973,0.316326530612247,0.631632653061226,0.662920809349382,28.1303631633159,27.3013468366841,27.715855,0.275812617882818,48.9838839049674,27.623628,27.6591176478947,0.285662862037306,0.239313489498601
"7231873","2020-07-14",32.9646771133325,0.0102040816326547,0.3265306122449,0.549271759986047,28.1389922111816,27.2597177888184,27.699355,0.136797122857654,44.2678216133265,27.59506,27.6019019615087,0.136906711197637,0.218832133838408
"7231872","2020-07-15",30.9528262364296,0.0816326530612263,0.13605442176871,0.364739229024945,28.1360768902313,27.2266331097687,27.681355,0.208955804614245,45.5842948831722,27.58746,27.5616483666409,0.0388660931665674,0.18283892570404
"7231871","2020-07-16",29.7973286001968,0.704081632653062,0.265306122448982,0.242630385487531,28.150720689026,27.222989310974,27.686855,0.762085562429234,55.4582245519332,27.59786,27.6080952510888,0.138049968042653,0.173881134171763
"7231870","2020-07-17",27.9165894367186,0.387857142857145,0.391190476190479,0.26418367346939,28.1449042105301,27.2188124561366,27.6818583333333,0.469270503491343,50.4497946919382,27.593864,27.6070292176103,0.12454887386959,0.164014682111328
"7231869","2020-07-20",26.2633493789103,0.463265306122449,0.51840136054422,0.391632653061227,28.1247978006404,27.2848521993596,27.704825,0.51330443302871,51.5729282128804,27.596824,27.6159586552623,0.133902402723884,0.157992226233839
"7231868","2020-07-21",25.3974494565313,0.897959183673472,0.583027210884356,0.497539682539685,28.1767703197003,27.2688796802997,27.722825,0.915441005371576,57.5466831467071,27.612424,27.6804975012273,0.262569809261781,0.178907742839428
"7231867","2020-07-22",23.871626454682,0.61340206185567,0.658208850550531,0.586545807326369,28.1844986364709,27.2721513635291,27.728325,0.607789730493259,53.0014639128073,27.624224,27.6997645010636,0.280954387798205,0.199317071831183
"7231866","2020-07-23",22.4159507816611,0.381443298969074,0.630934848166072,0.624056969866987,28.1636803585125,27.2691196414875,27.7164,0.467507329448438,49.5529011645816,27.615424,27.6864625675885,0.227344252346384,0.204922507934223
"7231865","2020-07-24",21.0642519424274,0.432989690721648,0.475945017182131,0.588362905299578,28.1456855599982,27.2664411066685,27.7060633333333,0.481730526393994,50.3263796722408,27.621424,27.68160089191,0.197155138667759,0.203369034080931
"7231864","2020-07-27",20.3970597221057,0.175257731958761,0.329896907216495,0.478925590854899,28.1416135933613,27.2455130733054,27.6935633333333,0.283993727264817,46.4883292071649,27.627424,27.644054106322,0.0991594072913271,0.18252710872301
"7231863","2020-07-28",19.8688504321974,0.144444444444444,0.250897289041618,0.352246404480081,28.1406683358684,27.247624997465,27.6941466666667,0.178089530891116,45.8853618271831,27.619824,27.6061802254791,0.0096075742551216,0.147943201829432
"7231862","2020-07-29",19.1341895846592,0.310344827586206,0.210015667996471,0.263603288084861,28.1400571820372,27.2502761512961,27.6951666666667,0.310627565458822,48.4076124275973,27.617824,27.5920228620819,-0.0202558226932936,0.114303396924887
"7231861","2020-07-30",18.5580663660012,0.263218390804596,0.239335887611749,0.233416281549946,28.1322737556837,27.2694629109829,27.7008683333333,0.262518438513933,47.7063347249947,27.601384,27.574286480471,-0.0552979069601611,0.0803831361478775
"7231860","2020-07-31",18.525270305356,0.0344827586206909,0.202681992337165,0.217344515981795,28.1485568375084,27.2141798291583,27.6813683333333,0.0811451589285284,44.3481413975331,27.57858,27.5323816164082,-0.139793457976345,0.036347817323033
"7231859","2020-08-03",18.6886465016792,0,0.0992337164750964,0.180417198808004,28.1680744785649,27.1463221881018,27.6571983333333,0.0589945454107274,43.0349880265968,27.563776,27.4853840675537,-0.227781368005553,-0.0164780197426842
"7231858","2020-08-04",19.1043381550903,0,0.0114942528735643,0.104469987228608,28.1641731962197,27.071223470447,27.6176983333333,0.0476781883535612,41.2310791689319,27.555776,27.4299995252132,-0.326259806290419,-0.0784343770522311
"7231857","2020-08-05",19.4903375475434,0.0291262135922341,0.00970873786407868,0.040145569070913,28.1528589033992,27.0050377632675,27.5789483333333,0.0928967934733893,41.9464478919386,27.5474,27.3859995885181,-0.391189140295534,-0.140985329700892
"7231856","2020-08-06",20.2197282347811,0,0.00970873786407868,0.0103039095339071,28.0907815193737,26.9546484806263,27.522715,0.0428513660342982,39.3662056720582,27.5366,27.3278663100491,-0.481565187778665,-0.209101301316446
"7231855","2020-08-07",20.8970195872162,0.00869565217391439,0.0126072885887168,0.0106749214389579,28.0706731801305,26.8872568198695,27.478965,0.0825940754350691,39.6328054021416,27.5122,27.2788174687092,-0.544236756988481,-0.276128392450853
"7231854","2020-08-10",21.3566113234099,0.0109649122807035,0.00655352148487328,0.00962318264588945,28.0794151870465,26.8251814796202,27.4522983333333,0.136725066493705,39.6328054021416,27.4866,27.2363084728813,-0.587346984028403,-0.338372110766363
"7231853","2020-08-11",21.7833750784468,0.0877192982456162,0.0357932875667453,0.0183180325467783,28.0870378418305,26.7838921581695,27.435465,0.199088389285068,41.7133704976333,27.4546,27.2088006764971,-0.594053129643635,-0.389508314541818
"7231852","2020-08-12",21.9645421358745,0.0975609756097583,0.06541506204536,0.0359206236989927,28.0896838097719,26.7452461902281,27.417465,0.231636240991406,41.7133704976333,27.4266,27.1849605862975,-0.592616840433458,-0.430130019720146
"7231851","2020-08-13",20.4969214651779,0.30146666666667,0.162248980174015,0.0878191099287068,28.0167427199278,26.7542606134055,27.3855016666667,0.424934909695961,46.2015633789589,27.388564,27.1837791747912,-0.541884032603113,-0.452480822296739
"7231850","2020-08-14",19.4983856978506,0.111111111111112,0.170046251129181,0.132570097782852,27.9891407317,26.7238559349667,27.3564983333333,0.27620453455928,42.441217650251,27.354964,27.1619419514857,-0.541811358400401,-0.470346929517471
"7231849","2020-08-17",19.381849489251,0.185897435897435,0.19949173789174,0.177262323064978,27.9469401833585,26.7251231499748,27.3360316666667,0.475966123242959,44.7672246356236,27.337564,27.1530163579543,-0.513585278709061,-0.478994599355789
"7231848","2020-08-18",19.325763475513,0.337499999999999,0.211502849002849,0.193680279341256,27.8031281140813,26.7986018859187,27.300865,0.595370000285507,48.502470910682,27.337164,27.161947510227,-0.448893534226902,-0.472974386330012
"7231847","2020-08-19",19.2736836056135,0.437500000000001,0.320299145299146,0.243764577397911,27.7273880325048,26.8351486341618,27.2812683333333,0.671999802166329,50.7959151774703,27.337164,27.1803545088634,-0.369598903658319,-0.452299289795673
"7231846","2020-08-20",19.2253237264211,0.500000000000002,0.425000000000002,0.318933998100665,27.6802307059633,26.8563792940367,27.268305,0.693920486575456,52.2279077397097,27.314764,27.2029739076816,-0.288602761293533,-0.419559984095245
"7231845","2020-08-21",19.3413462276551,0.6875,0.541666666666669,0.428988603988605,27.6473768875581,26.8747497791086,27.2610633333333,0.867710801531999,56.3336564847308,27.31076,27.2425773866574,-0.177937835535569,-0.37123555438331
"7231844","2020-08-24",18.7570857848414,0.500000000000002,0.562500000000002,0.509722222222224,27.6366656682375,26.8786843317625,27.257675,0.730293709004916,51.5613626468641,27.2978,27.2569004017698,-0.133170054842724,-0.323622454475193
"7231843","2020-08-25",17.8235226087229,0.387500000000003,0.525000000000002,0.543055555555558,27.627483034652,26.8793336320146,27.2534083333333,0.590790689347011,48.8854333287608,27.2642,27.2573136815338,-0.122915455941486,-0.283481054768451
"7231842","2020-08-26",17.4564828013695,0.329113924050631,0.405537974683546,0.497679324894517,27.5992496580518,26.8889003419482,27.244075,0.635039195259821,47.7005494291738,27.24,27.252338523996,-0.125186648619047,-0.251822173538571
"7231841","2020-08-27",17.1156601231128,0.734177215189872,0.483597046413502,0.471378340365683,27.6081524563453,26.884400876988,27.2462766666667,0.905834462695263,56.7351025894227,27.2376,27.2906933874632,-0.03194837314211,-0.207847413459278
"7231840","2020-08-28",17.2393091747274,0.58904109589041,0.550777411710305,0.479970810935784,27.6386016052175,26.8769517281159,27.2577766666667,0.844283300262841,53.9141886328465,27.2296,27.3119342691347,0.0150994839414498,-0.163258033979133
"7231839","2020-08-31",17.4973428978804,0.741095890410959,0.688104733830414,0.574159730651407,27.6868804722944,26.8687461943723,27.2778133333333,0.902770069525639,56.7691295677141,27.23604,27.3451430332501,0.0841379546699272,-0.113778836249321
"7231838","2020-09-01",17.7369456408082,0.775890410958906,0.702009132420092,0.646963759320271,27.7318818531601,26.87383814684,27.30286,0.874580763543006,57.4191686188054,27.245096,27.3773106288168,0.1445908834943,-0.0621048923005966
"7231837","2020-09-02",17.4563001731422,0.657534246575343,0.724840182648403,0.704984682966303,27.7626280832323,26.8902585834344,27.3264433333333,0.794473844007016,54.4215192115307,27.245096,27.3936692116412,0.165088432379434,-0.0166662273645904
"7231836","2020-09-03",16.6968047461231,0.480916030534352,0.638113562689534,0.688320959252676,27.7679509265921,26.9352690734079,27.35161,0.686213577338957,51.4106592170702,27.243136,27.395846650089,0.153055510681144,0.0172781202445564
"7231835","2020-09-04",16.7492317382946,0,0.379483425703232,0.580812390347056,27.7592821804784,26.951771152855,27.3555266666667,0.138155612322324,40.6471837353896,27.233136,27.3444004300772,0.0253304343111882,0.0188885830578828
"7231834","2020-09-08",17.1054656556475,0,0.160305343511452,0.392634110634739,27.7597102269623,26.9510097730377,27.35536,0.0523352745632914,38.6847011963309,27.22274,27.2878137060669,-0.101518715646554,-0.00519287668300451
"7231833","2020-09-09",16.973898240876,0.132530120481927,0.0441767068273099,0.194655158680664,27.7547419066059,26.9613114267275,27.3580266666667,0.17059495869117,42.3484142923962,27.22114,27.253438545258,-0.167764000508208,-0.0377071014480452
"7231832","2020-09-10",16.8899945686504,0.120481927710841,0.0843373493975902,0.0962731332454502,27.7561381497413,26.9585818502587,27.35736,0.1062639504316,42.102123257036,27.21794,27.2223134058902,-0.220777809452544,-0.0743212430489449
"7231831","2020-09-11",17.2663574795728,0,0.0843373493975902,0.0709504685408298,27.7755488536127,26.9057644797207,27.3406566666667,0.0585227654967015,39.1589967042365,27.21594,27.1793382851049,-0.295101010020749,-0.118477196443306
"7231830","2020-09-14",17.5570888448965,0.0823529411764708,0.067611622962438,0.0787621072525392,27.7812876122267,26.89335905444,27.3373233333333,0.127608928931329,41.7183952408293,27.21634,27.1514265137576,-0.329540330742761,-0.160689823303197
"7231829","2020-09-15",18.0984630033733,0,0.0274509803921577,0.0597999842507283,27.7955873525828,26.8423926474173,27.31899,0.10240022531995,39.9103401356951,27.21394,27.1179029785899,-0.373436360723611,-0.20323913078728
"7231828","2020-09-16",18.6794803366916,0,0.0274509803921577,0.0408378612489175,27.8021452672171,26.7866680661163,27.2944066666667,0.116528400396825,39.3851301289714,27.20794,27.0861825814446,-0.409566564008579,-0.24450461743154
"7231827","2020-09-17",19.9889026297084,0,7.58652400160524e-16,0.0183006535947717,27.8212418862297,26.695014780437,27.2581283333333,0.0125657482020128,34.1361333014669,27.19326,27.029758237252,-0.497347830952133,-0.295073260135658
"7231826","2020-09-18",21.2047947589383,0.126034958601656,0.0420116528672196,0.023154211086459,27.8177856589946,26.6356643410054,27.226725,0.139017591928818,39.6083864005963,27.178216,26.9991238056184,-0.520210985532421,-0.340100805215011
"7231825","2020-09-21",22.9416196209358,0,0.0420116528672196,0.0280077685781463,27.8033305232765,26.5616028100568,27.1824666666667,0.0792421630729568,35.0324164931802,27.161416,26.9459072982026,-0.591511258619515,-0.390382895895912
"7231824","2020-09-22",24.7683791564282,0,0.0420116528672196,0.0420116528672193,27.8011277776179,26.4792488890488,27.1401883333333,0.0812614366919123,33.3716143358145,27.138416,26.8891196584422,-0.664640668941829,-0.445234450505095
"7231823","2020-09-23",26.3098874567266,0.0423728813559328,0.0141242937853117,0.0327158665065833,27.7969703862754,26.4139396137247,27.105455,0.153812234090552,35.4319141221949,27.112416,26.8465703706499,-0.699790797216449,-0.496145719847366
"7231822","2020-09-24",25.8564860529311,0.19718309859155,0.0798519933158283,0.0453293133227862,27.7740463073356,26.3808636926644,27.077455,0.286492454852951,39.0833551456026,27.086816,26.82169432123,-0.692745066866718,-0.535465589251236
"7231821","2020-09-25",25.0387746814146,0.746478873239437,0.328678284395641,0.140884857165593,27.7171106622298,26.3901326711036,27.0536216666667,0.507318634319183,51.8029578399545,27.074816,26.8521350783993,-0.563361789398298,-0.541044829280649
"7231820","2020-09-28",23.4979780249824,0.59168674698795,0.51178290627298,0.306771061328149,27.6632221439666,26.4044278560334,27.033825,0.571688970574235,50.6665644334632,27.05526,26.8733304012794,-0.467148202612389,-0.526265503946997
"7231819","2020-09-29",22.0672382725811,0.731566265060238,0.689910628429209,0.510123939699276,27.5863995240607,26.4356638092726,27.0110316666667,0.62203931640885,53.9158859892039,27.046348,26.9071796811088,-0.352015835320141,-0.491415570221626
"7231818","2020-09-30",22.1824778832965,0.650943396226417,0.658065469424869,0.619919668042352,27.5216192581664,26.4713507418336,26.996485,0.820725917320149,56.1348669813392,27.044348,26.9475557236276,-0.233337282846291,-0.439799912746559
"7231817","2020-10-01",22.2894860932464,0.68867924528302,0.690396302189892,0.679457466681323,27.4474034240005,26.5122365759995,26.97982,0.788946655787629,57.2068572912506,27.045548,26.9878816271439,-0.125963215628033,-0.377032573322854
"7231816","2020-10-02",20.7503071033049,0.325471698113207,0.555031446540882,0.634497739385214,27.3533114744582,26.5526618588751,26.9529866666667,0.521249411730416,45.644523385411,27.018548,26.9714974101914,-0.154230845372094,-0.332472227732702
"7231815","2020-10-05",20.0222265108919,0.523207547169813,0.51245283018868,0.585960192973151,27.3696426579476,26.5485940087191,26.9591183333333,0.776290976845862,51.4031719169099,27.003532,26.9852444221659,-0.11266387003197,-0.288510556192555
"7231814","2020-10-06",19.3505347892149,0.594339622641509,0.481006289308177,0.51616352201258,27.3991992346442,26.5433707653558,26.971285,0.810087448817088,53.3191086154444,26.987092,27.0072118325438,-0.056551216380929,-0.24211868823023
"7231813","2020-10-07",18.7268210476577,0.779811320754717,0.63245283018868,0.541970649895179,27.4431011039971,26.5262422293362,26.9846716666667,0.91416224876895,57.9718639218733,26.9775,27.0524635882046,0.0460090316320549,-0.184493144257773
"7231812","2020-10-08",19.9446252410308,0.703947368421053,0.692699437272427,0.602052852256428,27.5840579599308,26.4549520400692,27.019505,1.1381110818091,62.901843752068,26.9811,27.1241351097773,0.197283745596866,-0.108137766286845
"7231811","2020-10-09",19.8541335920273,0.503815789473684,0.662524826216485,0.662559031225864,27.6273555778695,26.4550410887972,27.0411983333333,0.797987445567129,54.324990303755,26.976132,27.1456904284737,0.223918076841056,-0.041726597661265
"7231810","2020-10-12",20.8115254394965,0.64703947368421,0.61826754385965,0.65783060244952,27.7359719282921,26.4189914050412,27.0774816666667,0.997237168739735,59.5518103419446,26.997872,27.2000650380105,0.320706158944906,0.0307599536599691
"7231809","2020-10-13",21.7005321550037,0.72895104895105,0.626602104036315,0.635798158037483,27.8376046324308,26.3996220342359,27.1186133333334,0.947863556073947,62.1465588741858,27.029168,27.2670430329425,0.436193270704344,0.111846617068844
"7231808","2020-10-14",21.2271457343383,0.379591836734693,0.585194119789985,0.610021255895316,27.8793531654951,26.4178268345049,27.14859,0.743542196801988,52.9907645197584,27.041168,27.2754372952168,0.41262839485654,0.172002972626383
"7231807","2020-10-15",20.6914025289054,0.355102040816328,0.487881642167358,0.566559288664552,27.891808382933,26.4737882837337,27.1827983333334,0.648471097214247,52.3220207974967,27.052368,27.2787123225212,0.38068937246849,0.213740252594805
"7231806","2020-10-16",20.735491032579,0.600000000000002,0.444897959183675,0.505991240380339,27.9427078625898,26.5098688040769,27.2262883333334,0.809533484609897,58.0265393148495,27.080368,27.3215506795184,0.438928166636399,0.258777835403123
"7231805","2020-10-19",20.1811597709716,0.45404081632653,0.469714285714287,0.467497962355106,27.946003660703,26.5919530059637,27.2689783333334,0.680806874402921,53.8882028503037,27.098416,27.3348372555826,0.427275538546668,0.292477376031832
"7231804","2020-10-20",19.4354875548313,0.395918367346941,0.483319727891158,0.46597732426304,27.9113689201845,26.7079210798155,27.309645,0.575080113129188,52.2889890262704,27.116416,27.3368589548383,0.392494695228174,0.312480839871101
"7231803","2020-10-21",18.118540354651,0.23265306122449,0.360870748299321,0.437968253968255,27.8559861288279,26.8239705378388,27.3399783333334,0.396663382868259,47.9815258343928,27.127216,27.3119444275265,0.302407523043269,0.310466176505534
"7231802","2020-10-22",17.7870833800681,0,0.209523809523811,0.351238095238096,27.8371683197743,26.8554550135591,27.3463116666667,0.0521655892645703,40.9051816229926,27.131096,27.2383518371896,0.114252071376963,0.27122335547982
"7231801","2020-10-23",17.4793019036696,0.0240601503759399,0.0855710705334772,0.218655209452203,27.8530841788294,26.8226724878373,27.3378783333334,0.0698693342270542,41.6653875770364,27.130776,27.1788382588977,-0.0254242741645205,0.211893829550952
"7231800","2020-10-26",17.4750924601998,0,0.00802005012531398,0.101038310060867,27.8827054091157,26.7595779242177,27.3211416666667,0.0264933496114612,39.7385436474146,27.133976,27.1123264910447,-0.167771157530539,0.135960832134654
"7231799","2020-10-28",18.2554051136937,0,0.00802005012531398,0.0338703902613679,27.9514244005071,26.6260455994929,27.288735,-0.0925865617178302,34.3867757024485,27.126376,27.0080162922387,-0.381072978431751,0.0325540700213729
"7231798","2020-10-29",18.9799811490809,0.0681818181818187,0.0227272727272736,0.0129224576593001,27.9891851510168,26.5074515156499,27.2483183333334,0.0118432111759253,37.4949019638793,27.121576,26.9336141199402,-0.509085019619948,-0.0757737479068913
"7231797","2020-10-30",20.4832052422307,0,0.0227272727272736,0.0178248651932866,28.0748437080023,26.3120796253311,27.1934616666667,-0.0903011508436731,31.5865589236082,27.095576,26.8104655706148,-0.734959817036629,-0.207610961732839
"7231796","2020-11-02",22.2378269079242,0,0.0227272727272736,0.0227272727272731,28.1799625887058,26.1021274112942,27.141045,-0.0868503655099271,29.0129355269621,27.044776,26.6730701611995,-0.973640897199479,-0.360816948826167
"7231795","2020-11-03",23.6874665936484,0.0723379629629623,0.0241126543209881,0.0231890665918446,28.2279870781948,25.9391729218053,27.08358,0.0425957453073333,32.8553331909828,27.001532,26.5739941397063,-1.10601359795558,-0.50985627865205
"7231794","2020-11-04",24.0077919485195,0.256233369468808,0.109523777477258,0.0521212348418393,28.222960193368,25.8578664732987,27.0404133333334,0.217947752201347,41.2961559581383,26.968444,26.5374615877454,-1.08651298787983,-0.625187620497605
"7231793","2020-11-05",23.7197767572621,0.271016063861238,0.199862465431004,0.111166299076416,28.194184855345,25.7952018113217,26.9946933333334,0.272948235424014,41.9335423760727,26.933244,26.5098000427127,-1.04997045004053,-0.71014418640619
"7231792","2020-11-06",23.4980458902712,0.276237623762375,0.267829019030808,0.192405087313023,28.1013793364285,25.7573473302382,26.9293633333333,0.288414436311631,41.6107979036474,26.895648,26.483173370351,-1.01547628421567,-0.771210605968085
"7231791","2020-11-09",23.4358989688236,0.273255813953488,0.273503167192368,0.247064883884726,28.0532208866295,25.7071191133705,26.88017,0.298174427584357,40.5946152662027,26.871048,26.4520835876375,-0.995115834457239,-0.815991651665916
"7231790","2020-11-10",23.6638743961144,0.216049382716048,0.255180940143971,0.265504375455715,27.9395586389509,25.6758813610491,26.80772,0.268347426646994,38.5692720654553,26.833264,26.4091391092859,-1.00422300243094,-0.85363792181892
"7231789","2020-11-11",24.2794711530375,0.119718309859154,0.203007835509564,0.243897314281967,27.8051295562835,25.6467137770499,26.7259216666667,0.222363501154166,35.6926369749342,26.785264,26.3479205613811,-1.05466197382209,-0.893842732219554
"7231788","2020-11-12",25.1444035776558,0.0227272727272709,0.119498321767492,0.192562365807009,27.7179686247609,25.5757547085725,26.6468616666667,0.162252061819899,33.5939638729575,26.7238,26.2761978198636,-1.12510242379047,-0.940094670533737
"7231787","2020-11-13",25.9023244468975,0.156107491856676,0.0995176914810341,0.140674616252696,27.6240817018446,25.5337549648221,26.5789183333333,0.239537529217944,38.1196612621515,26.659068,26.2355981105485,-1.11877446042613,-0.975830628512216
"7231786","2020-11-16",25.6850932350741,0.327102803738316,0.168645856107421,0.129220623118649,27.4334372259597,25.5784161073737,26.5059266666667,0.340454646561866,42.2677854449405,26.612836,26.2215183624753,-1.05305544046105,-0.991275590901983
"7231785","2020-11-17",25.4833785383809,0.446808510638297,0.31000626874443,0.192723272110961,27.2515770403044,25.632896293029,26.4422366666667,0.375060806766815,44.0537461016464,26.558696,26.2186492474786,-0.968286747711444,-0.986677822263875
"7231784","2020-11-18",25.0281748260653,0.511808510638297,0.42857327500497,0.30240846661894,27.068074689449,25.7064719772177,26.3872733333333,0.436442547284445,45.6346437817272,26.501044,26.2243093478148,-0.872238279755633,-0.963789913762227
"7231783","2020-11-19",23.8032889334715,0.840425531914895,0.59968085106383,0.446086798271076,26.9220896572571,25.7861236760763,26.3541066666667,0.690052639700454,52.8834662653203,26.470644,26.2704014347728,-0.693128302900703,-0.909657591589922
"7231782","2020-11-20",23.7522116627796,0.428571428571429,0.593601823708208,0.540618649925669,26.8324277045945,25.8157856287389,26.3241066666667,0.482845486711404,45.1226359552574,26.426644,26.2610145768031,-0.657275256662249,-0.859181124604387
"7231781","2020-11-23",23.5622235294042,0.428681318681319,0.565892759722548,0.586391811498195,26.7311326378713,25.8594306954621,26.2952816666667,0.526253239652927,45.1249798922111,26.370648,26.2528926332294,-0.621685875384803,-0.81168207476047
"7231780","2020-11-24",23.3550917627485,0.670329670329673,0.509194139194141,0.556229574208298,26.6612885993321,25.8970514006679,26.27917,0.745905329298878,50.1656828737694,26.3306,26.2751736154655,-0.519929767477145,-0.753331613303805
"7231779","2020-11-25",23.4840004307499,0.549450549450549,0.549487179487181,0.54152469280129,26.6477337857648,25.9012728809018,26.2745033333333,0.681518771825734,47.8003117864533,26.289,26.2798171334034,-0.467665235500003,-0.696198337743045
"7231778","2020-11-27",23.6037013367513,0.615384615384618,0.611721611721614,0.556800976800979,26.6289595617699,25.9079537715635,26.2684566666667,0.68808448120947,49.207131811626,26.2578,26.2918415156163,-0.403177373514152,-0.637594144897267
"7231777","2020-11-30",22.0411944310729,0.580357142857144,0.581730769230771,0.580979853479855,26.6781562085625,25.9051337914375,26.291645,0.920455680800911,51.3261854884365,26.2458,26.3142626468674,-0.320769791467401,-0.574229274211293
"7231776","2020-12-01",20.9279686627661,0.799180327868852,0.664974028703539,0.619475469885308,26.7622315733603,25.9155584266397,26.338895,1.12334759134721,58.12077724927,26.24552,26.3770276272851,-0.15422931757274,-0.490229282883583
"7231775","2020-12-02",20.4350907015563,0.776978417266188,0.718838629330729,0.655181142421679,26.8740180383002,25.8994386283665,26.3867283333333,1.12242747365375,60.0605918836274,26.25392,26.4454239436471,0.00941946730266263,-0.390299532846334
"7231774","2020-12-03",19.9774183090043,0.76430839371489,0.780155712949978,0.721322790328081,26.9755000124532,25.8613233208802,26.4184116666667,1.02827198574974,60.4458070624449,26.27714,26.5074340844942,0.143369874949029,-0.283565651287261
"7231773","2020-12-04",19.3938541013497,0.233644859813084,0.591643890264722,0.696879410848476,26.9800671639289,25.8630895027378,26.4215783333333,0.582145778906753,47.6404002727413,26.27434,26.4904428732283,0.0869896471770604,-0.209454591594397
"7231772","2020-12-07",18.824016142402,0.28895652173913,0.428969925089036,0.600256509434578,27.0231473253031,25.8571560080303,26.4401516666667,0.812793924446235,50.8590237668789,26.295232,26.4960238234645,0.0876497210892557,-0.150033729057666
"7231771","2020-12-08",18.2948808948077,0.634782608695651,0.385794663415956,0.468802826256571,27.0867304456426,25.8459062210241,26.4663183333333,0.873688438271132,58.1018643838024,26.341232,26.5538873136692,0.20668968956925,-0.078689045332283
"7231770","2020-12-09",18.2276690738251,0.513043478260868,0.478927536231884,0.431230708245625,27.1378813950519,25.8557552716148,26.4968183333333,0.809263646338478,55.0271867629162,26.375632,26.58536900518,0.255383240442608,-0.0118745881773048
"7231769","2020-12-10",18.1474988489836,0.508695652173913,0.552173913043479,0.472298704230439,27.1710775087109,25.8968924912891,26.533985,0.763709740269812,54.9154154264592,26.395032,26.611986471156,0.289045238315699,0.048309377121296
"7231768","2020-12-11",18.0730550687736,0.565179580833117,0.528972903755967,0.520024784343776,27.1727442958495,25.9925957041506,26.58267,0.766376061069378,56.1620283383316,26.415832,26.6437216083352,0.331514787425946,0.104950459182226
"7231767","2020-12-14",17.0240825308108,0.259615384615384,0.444496872540806,0.50854789644675,27.1576759009361,26.0812174323973,26.6194466666667,0.639859862441036,49.9799505995448,26.426628,26.6352253938905,0.280165786467657,0.139993524639312
"7231766","2020-12-15",16.0500366027024,0.423173076923077,0.415989347457194,0.463153041251321,27.1620003007309,26.1393063659358,26.6506533333333,0.679375921206974,53.4559603375974,26.446632,26.6505420080384,0.287654451879082,0.169525710087266
"7231765","2020-12-16",15.1455653837446,0.438775510204081,0.373854657247515,0.411446959081837,27.1593617319812,26.1999449346854,26.6796533333333,0.646283311968515,54.4558461844095,26.473432,26.6704697403,0.305139805136223,0.196648529097058
"7231764","2020-12-17",14.101302846722,0.358144329896907,0.406697639008023,0.39884721457091,27.1532072236893,26.2553227763107,26.704265,0.598789623682221,52.6825791761938,26.504528,26.6780604415933,0.293629287668229,0.216044680811292
"7231763","2020-12-18",13.1316304909153,0.43298969072165,0.409969843607547,0.396840713287694,27.1659866240785,26.2695467092549,26.7177666666667,0.636391368394979,54.2857004462093,26.544128,26.6943190493809,0.302947932325348,0.233425331114103
"7231762","2020-12-21",12.2948971258018,0.433092783505155,0.408075601374572,0.40824769466338,27.1544768575081,26.3354864758253,26.7449816666667,0.629409334188066,54.2879977774532,26.577264,26.7084231761301,0.306798937525476,0.248100052396378
"7231761","2020-12-22",12.1233426109013,0.479381443298968,0.448487972508592,0.422177805830236,27.1421180904004,26.4090285762663,26.7755733333333,0.710651855863844,55.3724382881607,26.605864,26.7266334193128,0.31969557506637,0.262419156930376
"7231760","2020-12-23",12.7233890664267,0.683814432989689,0.532096219931272,0.462886597938145,27.1782768491652,26.4394731508348,26.808875,0.938896467446103,59.897345387537,26.639596,26.7688556300711,0.385217680486249,0.286978861641551
"7231759","2020-12-24",12.6020569376636,0.449675920264153,0.537623932184271,0.506069374874711,27.1657845500033,26.5096321166634,26.8377083333333,0.727017878414505,55.5166980176797,26.665152,26.7863415460616,0.389365362495497,0.30745616181234
"7231758","2020-12-28",13.2804004441206,0.53658536585366,0.556691906369168,0.542137352828236,27.1639775518385,26.5856991148282,26.8748383333333,0.970064792210938,58.2690782877338,26.683152,26.8174960065867,0.423831924437668,0.330731314337406
"7231757","2020-12-29",12.9964646834828,0,0.328753762039272,0.474356533530903,27.1613061992312,26.5905504674354,26.8759283333333,0.0839521997974027,43.3460727261953,26.691152,26.7618298723751,0.261454391780869,0.316875929826098
"7231756","2020-12-30",12.1441481700385,0.400000000000002,0.312195121951222,0.399213596786554,27.1708886739566,26.5926346593767,26.8817616666667,0.675652332894663,51.9041924672835,26.715148,26.7669192227251,0.250386398248792,0.303578023510637
"7231755","2020-12-31",12.0465397209592,0.699999999999998,0.366666666666668,0.335871850219053,27.2543586239206,26.5458313760794,26.900095,1.1490999483807,59.2044545334458,26.747948,26.8299966596951,0.369786151227003,0.31681964905391
"7231754","2021-01-04",11.9827433558387,0.787603305785126,0.629201101928377,0.436020963515421,27.3451939839821,26.4981626826846,26.9216783333333,1.11035328038217,60.8480505188798,26.789668,26.8997304384024,0.492283049638553,0.351912329170839
"7231753","2021-01-05",11.4258720099712,0.495867768595042,0.66115702479339,0.552341597796144,27.3414352578304,26.5639214088362,26.9526783333333,0.732349559089767,53.5851849345677,26.814868,26.9130997132821,0.477759111047482,0.377081685546168
"7231752","2021-01-06",10.9087771888085,0.495867768595042,0.593112947658405,0.627823691460056,27.3592434753437,26.5789598579897,26.9691016666667,0.710476886883218,53.5851849345677,26.836468,26.9246864181778,0.460911969077871,0.393847742252508
"7231751","2021-01-07",11.4340310474133,0.181983471074382,0.39123966942149,0.548503213957761,27.3605666526025,26.5616500140642,26.9611083333333,0.260957538261536,46.6388072210162,26.829876,26.8840882290875,0.329889040196907,0.381056001841388
"7231750","2021-01-08",11.9217667732606,0.214876033057852,0.29757575757576,0.427309458218551,27.3624100606879,26.5468066059788,26.9546083333333,0.265480395042896,47.4081936880205,26.820676,26.8542097985425,0.235213413233093,0.351887484119729
"7231749","2021-01-11",12.5276922981202,0.165289256198349,0.187382920110196,0.292066115702481,27.367741746938,26.5240749197287,26.9459083333333,0.203783146055404,46.3238266595542,26.808256,26.8203151587368,0.140466211482604,0.309603229592304
"7231748","2021-01-12",13.0903374283469,0.190082644628099,0.190082644628102,0.225013774104685,27.3704303918193,26.5026829415141,26.9365566666667,0.238914050871589,46.9768713947969,26.818256,26.7949398042386,0.0734994852061632,0.262382480715076
"7231747","2021-01-13",13.6127936207003,0.206611570247934,0.187327823691462,0.188264462809919,27.3725382543652,26.4950750789682,26.9338066666667,0.250637208715123,47.4360092911123,26.822964,26.7756144970068,0.0261169931831562,0.215129383208692
"7231746","2021-01-14",13.8033718081242,0.338842975206611,0.245179063360883,0.207529843893482,27.372598522156,26.4959381445107,26.9342683333334,0.39627111898879,51.085170150976,26.818164,26.7801992307392,0.0363647326353078,0.179376453094015
"7231745","2021-01-15",14.2659788298925,0.265785123966942,0.270413223140497,0.234306703397613,27.3734607128074,26.489182620526,26.9313216666667,0.307464414773907,49.0587113437272,26.815428,26.772385999974,0.0176374095198328,0.147028644379179
"7231744","2021-01-19",13.9637635665164,0.363636363636364,0.322754820936641,0.279449035812673,27.374342743066,26.498337256934,26.93634,0.450905939120791,51.8156857781461,26.817628,26.7814011999774,0.038044459296116,0.125231807362566
"7231743","2021-01-20",13.2348334214692,0.394158415841584,0.341193301148298,0.311453781741811,27.3885017296758,26.5083816036576,26.9484416666667,0.651825865640096,55.2949264866858,26.823552,26.8102943733138,0.100653813079843,0.120316208506021
"7231742","2021-01-21",13.2216596799204,0.0397029702970287,0.265832583258327,0.309926901781088,27.3888770240762,26.5022496425906,26.9455633333334,0.32837961413012,47.0162222955878,26.825956,26.7876017902053,0.0419753287171032,0.104648032548238
"7231741","2021-01-22",13.3284692342242,0,0.144620462046206,0.250548782150943,27.3913767696222,26.4745832303779,26.93298,0.222242079850818,46.1821621470518,26.819952,26.7625882181779,-0.0164632344175519,0.0804257791550799
"7231740","2021-01-25",12.6801778904185,0,0.0132343234323442,0.141229122912292,27.3693288512037,26.4576511487964,26.91349,0.313358749240673,46.1821621470518,26.811952,26.7409097890875,-0.0621044623797196,0.05191973084812
"7231739","2021-01-26",11.8952230975993,0.486250000000001,0.162083333333335,0.106646039603961,27.3745738155554,26.4580061844446,26.91629,0.637880350971469,55.1362234658089,26.822416,26.7739884838759,0.0188446967103406,0.0453047240205641
"7231738","2021-01-27",11.9712599669073,0.0923076923076905,0.192852564102565,0.122723406956081,27.3472373506266,26.4513426493735,26.89929,0.396613593981741,47.8804600591324,26.816816,26.7587900193591,-0.0160341791087704,0.0330369433946972
"7231737","2021-01-28",12.0418656312649,0.446153846153846,0.341570512820514,0.232168803418804,27.3461922147761,26.4825411185573,26.9143666666667,0.529680195446439,52.5787096592861,26.820412,26.7762846834445,0.0253733589425931,0.0315042265042764
"7231736","2021-01-29",12.8571396850254,0.0307692307692302,0.18974358974359,0.241388888888889,27.3386451375808,26.4694181957526,26.9040316666667,0.353434900366287,47.1997774115885,26.811412,26.7554467256519,-0.0229483962687183,0.0206137019496775
"7231735","2021-02-01",13.44731920645,0.0843076923076928,0.187076923076924,0.239463675213675,27.2587487577321,26.4946345756013,26.8766916666667,0.416908142589835,47.9390395920942,26.795872,26.7420271622317,-0.050193609933169,0.00645223957310817
"7231734","2021-02-02",13.6981658596641,0.923076923076922,0.346051282051283,0.240957264957265,27.1859132470605,26.5436034196062,26.8647583333334,1.02193139873834,57.8871140344169,26.807872,26.8030902072674,0.0915074987628772,0.023463291411062
"7231733","2021-02-03",14.9945908342412,0.287076923076921,0.43148717948718,0.321538461538462,27.1487852217492,26.5551714449175,26.8519783333334,0.543386796272534,50.0737777481648,26.798536,26.8008915129651,0.0783079860054992,0.0344322303299494
"7231732","2021-02-04",16.1984140249199,0.392307692307692,0.534153846153846,0.437230769230769,27.1095753340902,26.5716713325765,26.8406233333334,0.621973437296129,51.2463301042956,26.816736,26.8081059779031,0.0874294776673334,0.0450316797974262
"7231731","2021-02-05",17.4472983196087,0.307692307692307,0.329025641025641,0.431555555555555,27.1118123525637,26.577754314103,26.8447833333334,0.516009495942823,50.2248879299605,26.816736,26.8070251808494,0.0772115710934163,0.0514676580566242
"7231730","2021-02-08",18.4098024781077,0.323230769230765,0.341076923076923,0.401418803418803,27.1149001822365,26.5856731510969,26.8502866666667,0.543673758091173,50.4203210177614,26.79954,26.8074351567361,0.071331731070079,0.0554404726593152
"7231729","2021-02-09",19.3035563395712,0.571666666666669,0.400863247863248,0.356988603988603,27.1225226651082,26.6046506682252,26.8635866666667,0.690034089361162,53.0334611186721,26.78314,26.8255104691713,0.105442572330916,0.0654408925936353
"7231728","2021-02-10",18.1836295192201,0.545595238095235,0.480164224664224,0.407368131868131,27.1716144374258,26.6031122292409,26.8873633333334,1.02448345091211,55.2377083619187,26.785472,26.8565490732818,0.165189114926223,0.0853905370601529
"7231727","2021-02-11",17.2417012563508,0.511904761904762,0.543055555555557,0.474694342694342,27.2022528269837,26.6153071730164,26.90878,0.89961678180579,54.5608547874105,26.786672,26.8796758635109,0.201641945406217,0.108640818729366
"7231726","2021-02-12",16.0551401096488,0.698710998674858,0.585403666224953,0.536207815481577,27.2645426406685,26.5970206926648,26.9307816666667,1.02819986077524,57.898241118971,26.809864,26.9223857483761,0.27823150818107,0.142558956619707
"7231725","2021-02-16",15.0202210572556,0.954022988505748,0.721546249695124,0.616668490491877,27.3626647346629,26.5691252653372,26.965895,1.12686022883774,62.285203129705,26.841464,26.9927343152593,0.408801508725087,0.195807467040783
"7231724","2021-02-17",14.2443607629459,0.837471264367819,0.83006841718281,0.712339444367628,27.4187228060312,26.5593171939688,26.98902,0.926822129370334,59.5737553708881,26.871408,27.0401830732247,0.476152503740312,0.251876474380689
"7231723","2021-02-18",13.3488965650279,0.793103448275862,0.861532567049811,0.804382411309247,27.461497938249,26.5446687284177,27.0030833333334,0.89293032566692,58.529220059767,26.898608,27.0761586634614,0.511932112706082,0.303887602045767
"7231722","2021-02-19",12.4734668841586,0.772509578544063,0.801028097062582,0.830876360431734,27.4990224697427,26.560934196924,27.0299783333334,0.821208222506882,58.2443026568167,26.924608,27.1060041749999,0.531066478995035,0.349323377435621
"7231721","2021-02-22",11.6885190349946,0.872050042649986,0.812554356489971,0.825038340200788,27.532373514766,26.5997498185674,27.0660616666667,0.85806331609894,60.3242669663441,26.948208,27.1452036183332,0.569288399679913,0.393316381884479
"7231720","2021-02-23",12.1107414138258,0.697895679426909,0.78081843354032,0.798133629030958,27.5819795386508,26.6258171280159,27.1038983333333,0.914331633336502,60.5380752185925,26.975748,27.1805231358888,0.595560474993073,0.433765200506198
"7231719","2021-02-24",11.5220769992824,0.454545454545453,0.67483039220745,0.75606772741258,27.6013686976403,26.6321613023597,27.116765,0.689056543410854,54.0169984320635,26.990148,27.1831200511036,0.547649775346692,0.456542115474297
"7231718","2021-02-25",10.9754600429206,0.596590909090908,0.583010681021091,0.679553168922954,27.6176507944989,26.6708792055011,27.144265,0.724343093027856,56.9857362392246,27.003224,27.2020373776232,0.540519974341969,0.473337687247831
"7231717","2021-02-26",10.3431550023291,0.482699160823085,0.51127850815315,0.58970652712723,27.6284673870159,26.6940626129841,27.161265,0.627070198376318,54.1256700244859,27.02682,27.2057657272734,0.500895895152564,0.478849328828778
"7231716","2021-03-01",9.66183147981454,0.580732700135683,0.553340923349893,0.549210037508044,27.632679338994,26.7502539943393,27.1914666666667,0.714409072842342,57.5324734983083,27.05766,27.2277969636369,0.505446734288051,0.484168809920632
"7231715","2021-03-02",9.29360070065245,0.641999999999997,0.568477286986256,0.544365572829766,27.6433838827108,26.8040494506226,27.2237166666667,0.779368180749993,59.2941426994039,27.091552,27.257064035152,0.525519872818614,0.492439022500229
"7231714","2021-03-03",9.2300958422827,0.723230769230769,0.648654489788817,0.590157566708322,27.6773469014927,26.8014264318406,27.2393866666667,0.812829009969541,60.5148055956532,27.111996,27.2894688304651,0.550595312183733,0.50407028043693
"7231713","2021-03-04",8.74342623362655,0.458958333333337,0.608063034188035,0.608398270321036,27.6851883209372,26.8531650123962,27.2691766666667,0.745614112692352,57.6986407525041,27.142408,27.3069129864031,0.540562547861345,0.511368733921813
"7231712","2021-03-05",9.96217453208066,0,0.394063034188036,0.550260186054962,27.676201067759,26.8704755989077,27.2733383333333,0.147681899553949,43.6951325160708,27.143208,27.2539912548827,0.377373103333745,0.484569607804199
"7231711","2021-03-08",10.9065887382105,0.20948051948052,0.222812950937954,0.408313006438008,27.6491070704707,26.9231562628627,27.2861316666667,0.256275955874114,47.9918441316454,27.16126,27.2296324208983,0.292344709894543,0.446124628222268
"7231710","2021-03-09",12.3051286993391,0,0.0698268398268414,0.228900941650943,27.6338555111239,26.9480678222094,27.2909616666667,0.0319810024955101,44.1394977355593,27.171068,27.1856814314452,0.172122487471094,0.391324200072033
"7231709","2021-03-10",13.2295212842799,0.0641025641025649,0.091194361194363,0.127944717319719,27.6256487442339,26.9627412557661,27.294195,0.0964318732441887,45.5142923226033,27.161068,27.1542572405858,0.0905534563299559,0.331170051323618
"7231708","2021-03-11",14.3092103292601,0,0.0213675213675229,0.0607962407962418,27.6425413578558,26.9232953088109,27.2829183333333,0.0510321763155124,43.8858578468203,27.164804,27.1176896085077,0.00496101971012575,0.265928245000919
"7231707","2021-03-15",15.3442104593878,0,0.0213675213675229,0.0446431346431356,27.6602586477055,26.8835780189612,27.2719183333333,0.0511861798799136,43.6456153911238,27.165404,27.0846643273734,-0.0651873436470329,0.199705127271329
"7231706","2021-03-16",16.3052820087921,0.112676056338026,0.03755868544601,0.0267645760603513,27.6680416377814,26.8424583622186,27.25525,0.130261405438538,46.1837422868398,27.171404,27.0667090837236,-0.0958835025929528,0.140587401298473
"7231705","2021-03-17",17.5458674844909,0,0.03755868544601,0.0321616307531803,27.6575707656593,26.7949292343408,27.22625,0.102480689583143,43.5437300215921,27.173,27.0378145392271,-0.148373903496124,0.0827951403395533
"7231704","2021-03-18",17.4708997301547,0,0.03755868544601,0.0375586854460093,27.6490102946075,26.7629063720592,27.2059583333333,0.211141857269696,43.5437300215921,27.16928,27.0127726006635,-0.187869653127681,0.0286621816461063
"7231703","2021-03-19",17.4300368248799,0,1.25825276124184e-15,0.0250391236306731,27.6379100324489,26.7288733008845,27.1833916666667,0.201451374577982,43.3425897245451,27.160668,26.9901362539084,-0.218791444645716,-0.0208285436122582
"7231702","2021-03-22",17.4052686616567,0,1.25825276124184e-15,0.0125195618153368,27.6264345690722,26.6981987642611,27.1623166666667,0.227960648191036,43.2503811526658,27.153068,26.9701180867206,-0.241454279992825,-0.0649536908883716
"7231701","2021-03-23",17.3822696529494,0.0405405405405422,0.0135135135135153,0.00450450450450528,27.6028862753712,26.6691437246289,27.136015,0.219356975726292,44.5214418434356,27.139868,26.9567690084912,-0.24761007241878,-0.101484967194453
"7231700","2021-03-24",16.4748332086268,0,0.0135135135135153,0.00900900900900996,27.5521079349392,26.6599153983942,27.1060116666667,0.269095057144888,43.4728508023771,27.115468,26.941199807359,-0.258514402241394,-0.132890854203842
"7231699","2021-03-25",15.5868350169086,0,0.0135135135135153,0.0135135135135147,27.5304407755861,26.6452492244139,27.087845,0.329213989748138,43.4728508023771,27.095124,26.9277064997111,-0.264134612517097,-0.159139605866493
"7231698","2021-03-26",14.8722810251656,0.0289855072463814,0.00966183574879507,0.0122296209252746,27.495979254589,26.6390440787443,27.0675116666667,0.362869829621753,43.982892536621,27.076724,26.917345633083,-0.262581188905209,-0.179827922474236
"7231697","2021-03-29",14.2087666042613,0.117647058823527,0.0488775220233041,0.0240176237618708,27.4709498636778,26.6280734696556,27.0495116666667,0.346345599918088,45.5695972655257,27.059924,26.9123662153386,-0.249487168434981,-0.193759771666385
"7231696","2021-03-30",13.8347218222742,0.323529411764704,0.156720659278205,0.0717533390167675,27.4232275729235,26.6357290937433,27.0294783333334,0.437170249033534,49.1863381718004,27.041924,26.9173840532935,-0.215633883228861,-0.19813459397888
"7231695","2021-03-31",14.1121627705396,0.258064516129039,0.233080328905758,0.146226170069089,27.3475221748453,26.6652811584881,27.0064016666667,0.485730849118383,47.7227816533633,27.02232,26.9177328461877,-0.195544148212179,-0.19761650482554
"7231694","2021-04-01",14.2145057542257,0.193548387096771,0.258380771663506,0.216060586615823,27.2277116609627,26.727085005704,26.9773983333334,0.411980315995666,46.7246125113238,27.01032,26.915368466696,-0.183503722058154,-0.194793948272063
"7231693","2021-04-05",14.8302208387541,0.709677419354838,0.387096774193551,0.292852624920938,27.0738773376278,26.8407326623723,26.957305,0.990518029379412,54.8589901513312,26.99972,26.9346526711365,-0.12456916763337,-0.180748992144324
"7231692","2021-04-06",14.0880946890401,0.129032258064514,0.344086021505376,0.329854522454143,27.0705034788866,26.8371598544468,26.9538316666667,0.35501353744751,46.2951190045339,26.98572,26.9273656483183,-0.130299095036446,-0.170659012722749
"7231691","2021-04-07",13.8287448053681,0.193548387096771,0.344086021505376,0.3584229390681,27.0388134296886,26.8537632369781,26.9462883333334,0.565090448291566,47.2799023501884,26.96688,26.9237168952092,-0.127382874839965,-0.162003785146192
"7231690","2021-04-08",13.5879199133869,0.193548387096771,0.172043010752686,0.286738351254479,27.036317572616,26.8512590940507,26.9437883333334,0.371455047519111,47.2799023501884,26.944988,26.9205546425146,-0.123648401088228,-0.154332708334599
"7231689","2021-04-09",13.8790708364332,0.161290322580648,0.182795698924731,0.232974910394264,27.0239908728044,26.8552491271956,26.93962,0.521808474166822,46.7824525127595,26.920584,26.9164806901794,-0.1222788185679,-0.147921930381259
"7231688","2021-04-12",14.1499922331219,0.354838709677419,0.236559139784947,0.197132616487454,27.0268802317895,26.8546931015439,26.9407866666667,0.747095509437634,50.1701033573213,26.901772,26.9209499314888,-0.102031861008622,-0.138743916506732
"7231687","2021-04-13",14.4015621014757,0.354838709677419,0.290322580645163,0.236559139784947,27.0314064244588,26.8561669088745,26.9437866666667,0.725672083917713,50.1701033573213,26.903372,26.9248232739569,-0.0850063313389993,-0.127996399473185
"7231686","2021-04-14",13.7944824972722,0.0341935483870974,0.247956989247313,0.258279569892474,27.0305495976873,26.8531037356461,26.9418266666667,0.325148547789271,44.7026896055694,26.894544,26.9149268374293,-0.100152679231291,-0.122427655424807
"7231685","2021-04-15",13.6970969488839,0.0666666666666659,0.151899641577062,0.230059737156512,27.0295630589383,26.8604236077285,26.9449933333334,0.509893217231929,45.9409316065535,26.893344,26.9089365924388,-0.105135784921995,-0.118969281324244
"7231684","2021-04-16",13.6066675110947,0.385437541750172,0.16209925226798,0.187318627697451,27.03294742979,26.8604392368767,26.9466933333334,0.716260260087386,51.7041552902883,26.893984,26.9165450467803,-0.0793866723463155,-0.111052759528658
"7231683","2021-04-19",13.7347244635016,0.659652638610563,0.370585615675802,0.228194836506947,27.0488951716066,26.8581648283934,26.95353,0.99915148124541,56.0221990153252,26.900708,26.9340857072096,-0.0339908483307227,-0.0956403772890713
"7231682","2021-04-20",13.4445328607364,0,0.34836339345358,0.29368275379912,27.0521867661074,26.850726567226,26.9514566666667,0.0873957546210256,44.1985376812374,26.898708,26.9188742795816,-0.065610279856021,-0.0896343578024613
"7231681","2021-04-21",12.6854189278817,0.421428571428565,0.360360403346377,0.359769804158586,27.0506118384169,26.8617714949165,26.9561916666667,0.566061095678707,50.0693773127395,26.898228,26.9214243756374,-0.054678847220524,-0.0826432556860738
"7231680","2021-04-22",12.1075565968457,0.357142857142861,0.25952380952381,0.322749202107922,27.0495197003952,26.8675302996049,26.958525,0.434840527624882,49.2187094222478,26.901028,26.9212344588858,-0.0508246600604889,-0.0762795365609568
"7231679","2021-04-23",11.2575097295066,0.464285714285709,0.414285714285713,0.344723309051966,27.0515648502799,26.8698184830535,26.9606916666667,0.606237795164559,50.7214338477597,26.905028,26.9250698643677,-0.0383371219911499,-0.0686910536469955
"7231678","2021-04-26",10.4681804955488,0.5,0.440476190476191,0.371428571428571,27.0519339877376,26.8704493455958,26.9611916666667,0.493433787825614,51.2394079075104,26.909708,26.9297272157853,-0.0251549662239503,-0.0599838361623864
"7231677","2021-04-27",10.3375773028034,0.642857142857139,0.535714285714284,0.463492063492062,27.0572241411872,26.8744791921462,26.9658516666667,0.759095168330362,53.3515905206891,26.916108,26.9390969203473,-0.00269634180061207,-0.0485263372900316
"7231676","2021-04-28",10.4666480736419,0.642857142857139,0.595238095238094,0.523809523809523,27.0627956295872,26.8733410370796,26.9680683333334,0.79698409130787,53.3515905206891,26.921308,26.9472173309676,0.0149243881668149,-0.0358361921986623
"7231675","2021-04-29",13.9385365202457,0.152542372881356,0.479418886198546,0.536790422383641,27.170266030346,26.7995373029874,26.9849016666667,1.43985612916815,53.3515905206891,26.927708,26.954255020172,0.0285551631764136,-0.0229579211236471
"7231674","2021-04-30",17.1624329349492,0.152542372881356,0.315980629539952,0.46354587032553,27.1808027465071,26.803917253493,26.99236,0.739170787071417,53.3515905206891,26.934108,26.9603543508157,0.0389055315962006,-0.0105852305796776
"7231673","2021-05-03",19.9327313447975,0.127118644067795,0.14406779661017,0.313155770782889,27.1727071546285,26.8028461787049,26.9877766666667,0.478974081687643,51.1178384368416,26.938908,26.9616404373736,0.0376940826833927,-0.000929367927063515
"7231672","2021-05-04",22.7695169675813,0.141610169491527,0.140423728813561,0.200157384987894,27.1767888046873,26.8102378619794,26.9935133333334,0.612453673411583,52.3426713103718,26.943192,26.9650350457238,0.041373743378581,0.00753125433406539
"7231671","2021-05-05",24.9950517374959,0.0963559322033911,0.121694915254239,0.135395480225989,27.1769042072954,26.810869126038,26.9938866666667,0.423267828399931,48.2747175882451,26.94254,26.9608570396273,0.0279875401352214,0.0116225114942966
"7231670","2021-05-06",27.198382415634,0.182627118644067,0.140197740112996,0.134105461393598,27.1820627937351,26.8190772062649,27.00057,0.646277616796536,55.3921396104192,26.94716,26.9708094343436,0.0472948260585859,0.0187569744071545
"7231669","2021-05-07",28.3613954964269,0.0847457627118656,0.121242937853109,0.127711864406781,27.1820244721367,26.81945219453,27.0007383333334,0.350866516812537,47.419600983453,26.94796,26.9640348430978,0.0277172794510339,0.0205490354159303
"7231668","2021-05-10",29.4413362143059,0,0.0891242937853122,0.116854990583805,27.1815943042847,26.8162156957154,26.998905,0.357029579432918,47.419600983453,26.94236,26.9581635306848,0.0120599211594463,0.0188512125646335
"7231667","2021-05-11",30.4502382850471,0,0.0282485875706233,0.0795386064030143,27.1810775644999,26.8131291021668,26.9971033333334,0.364645899000203,47.419600983453,26.94396,26.9530750599268,-0.00034700678918087,0.0150115686938707
"7231666","2021-05-12",30.8070790856297,0,1.38315285151217e-15,0.0391242937853117,27.1806061777816,26.8148538222184,26.99773,0.296592788713164,42.7608942137414,26.94196,26.9393317186032,-0.0307909270921281,0.00585106953667092
"7231665","2021-05-13",29.405326193849,0,1.38315285151217e-15,0.00941619585687473,27.2047553657857,26.768221300881,26.9864883333334,-0.106264255821144,31.0070073085683,26.929928,26.8939808227895,-0.12866407174118,-0.0210519587188993
"7231664","2021-05-14",28.103698508624,0.000571102227299892,0.000190367409101347,6.34558030340922e-05,27.2287209915532,26.7130223417801,26.9708716666667,-0.0801934911632604,31.0720917177326,26.918328,26.8547833797509,-0.203798311820858,-0.0576012293392909
"7231663","2021-05-17",26.8950442294866,0.0738863506567678,0.0248191509613573,0.00833650612348606,27.2305395186624,26.6791771480043,26.9548583333334,0.0893958697318269,39.0243999634273,26.908436,26.8345055957841,-0.229915145728998,-0.0920640126172324
"7231662","2021-05-18",26.6905362480739,0.0719588806396342,0.048805444507902,0.0246049876261196,27.2335755502676,26.6682944497324,26.950935,0.215065065538409,38.8973437071321,26.898436,26.8165715163462,-0.248597585785193,-0.123370727250825
"7231661","2021-05-19",26.5019733382527,0.155483572420175,0.100442934572194,0.0580225100138171,27.2330079418542,26.6509920581458,26.942,0.238781470421986,38.8973437071321,26.892412,26.8010286475001,-0.260432370820818,-0.150783055964823
"7231660","2021-05-20",25.673374414483,0.0203466465712127,0.0825963665436755,0.0772815818745898,27.2373033830979,26.6240266169021,26.930665,0.15643842234504,34.548826141979,26.882012,26.7755581611667,-0.293578855873899,-0.179342215946638
"7231659","2021-05-21",25.854716530612,0.237472766884533,0.137767661958642,0.10693565435817,27.2320124506801,26.6183175493199,26.925165,0.410110056515464,43.6021355577158,26.872572,26.7694837396778,-0.280478760333924,-0.199569524824096
"7231658","2021-05-24",26.0231056384461,0.473493100944082,0.243770838133277,0.154711622211864,27.2295993289987,26.6167306710013,26.923165,0.494835761367921,51.4387203278799,26.865048,26.7815525743874,-0.228278662052772,-0.205311352269831
"7231657","2021-05-25",26.2233612261759,0.818445896877273,0.509803921568631,0.297114140553516,27.23401085559,26.61599914441,26.925005,0.702253448824356,60.1533827183839,26.874248,26.8173455644691,-0.128233248782905,-0.189895731572446
"7231656","2021-05-26",24.8577382784143,0.41902687000726,0.570321955942873,0.441298905214926,27.2235701726876,26.6103398273125,26.916955,0.412558686844036,49.1539014995841,26.869928,26.8190328225399,-0.113869422723889,-0.174690469802734
"7231655","2021-05-27",24.3482914131171,0.727668845315906,0.655047204066814,0.578391027192772,27.1485342006101,26.6549224660566,26.9017283333334,0.757432426685719,55.8691939578972,26.873128,26.8431617795346,-0.0507779063036007,-0.149907957102908
"7231654","2021-05-28",23.8752336096268,0.832244008714601,0.659646574679257,0.628338578229648,27.1448035041656,26.6566864958344,26.900745,0.832068603565903,57.8981236321179,26.877432,26.8717535422633,0.016292732482337,-0.116667819185859
"7231653","2021-06-01",23.566049937343,0.90922294843864,0.823045267489717,0.712579682078595,27.1638535246653,26.6496364753347,26.906745,0.875823789295934,59.3786217027892,26.883032,26.9021864032949,0.0811690240514196,-0.0771004505384031
"7231652","2021-06-02",21.9857578070398,0.521580863234525,0.75434927346259,0.745680371877187,27.1581237077869,26.6511029588799,26.9046133333334,0.672550466337406,50.3831607238385,26.879036,26.9019082161889,0.0717757183918533,-0.0473252167523518
"7231651","2021-06-03",21.1953876024462,0.225655268182605,0.552153026618591,0.709849189190299,27.1520620232748,26.6472513100586,26.8996566666667,0.434648772032098,44.2413319105493,26.868236,26.878987120697,0.0131447937953499,-0.0352312146428115
"7231650","2021-06-04",20.5318696950636,0.186362833421655,0.311199654946263,0.539233985009148,27.1339606846643,26.6360193153357,26.88499,0.249655934724283,43.751715732793,26.856856,26.8571888379374,-0.0372859454133789,-0.035642160796925
"7231649","2021-06-07",19.6613770730341,0.211976682564919,0.207998261389728,0.35711698098486,27.1278724069779,26.6257742596888,26.8768233333334,0.313801344408879,44.4142008153138,26.846056,26.8402303262124,-0.0720987081651248,-0.0429334702705649
"7231648","2021-06-08",18.8530624954352,0.247306129659071,0.215215215215216,0.244804377183735,27.1211075953351,26.6145390713316,26.8678233333333,0.300310003734109,45.3699525139658,26.837256,26.8281996160508,-0.0926275590150905,-0.05287228801947
"7231647","2021-06-09",18.55250974037,0.105988341282463,0.188423717835485,0.203879064813476,27.1146239740505,26.5986260259495,26.856625,0.241681789322558,42.2412608032029,26.824572,26.8071063339107,-0.131473555325123,-0.0685925414806007
"7231646","2021-06-10",17.7752613934264,0.335901995653029,0.229732155531522,0.211123696194074,27.1096528634814,26.5972638031853,26.8534583333334,0.512766991283672,50.113857247662,26.820824,26.8114921560559,-0.109837792762224,-0.0768415917369254
"7231645","2021-06-11",17.3483451428798,0.237107291049195,0.226332542661564,0.214829472009523,27.1083889528495,26.6100110471505,26.8592,0.454786652707339,48.0398617904425,26.811004,26.8086265352485,-0.106512840187079,-0.082775841426956
"7231644","2021-06-14",17.7929218158877,0,0.191003095567409,0.215689264586831,27.1043396162264,26.6188903837737,26.861615,0.208211850253225,42.043552377262,26.799404,26.784809663882,-0.150334999205581,-0.0962876729826811
"7231643","2021-06-15",18.2057430122522,0.21973997436367,0.15228242180429,0.189872686677754,27.1021924014238,26.6265242652429,26.8643583333334,0.32966065238137,47.3513623915732,26.792604,26.7801683753644,-0.147240259407111,-0.106478190267567
