"","Date","ADX","STOCHFK","STOCHFD","STOCHSD","BBandsUp","BbandsDn","BbandsMiddle","PercentB","RSI","SMA","EMA","MACD","Signal"
"8870588","2001-07-31",NA,NA,NA,NA,NA,NA,NA,NA,NA,NA,NA,NA,NA
"8870587","2001-08-01",NA,NA,NA,NA,NA,NA,NA,NA,NA,NA,NA,NA,NA
"8870586","2001-08-02",NA,NA,NA,NA,NA,NA,NA,NA,NA,NA,NA,NA,NA
"8870585","2001-08-03",NA,NA,NA,NA,NA,NA,NA,NA,NA,NA,NA,NA,NA
"8870584","2001-08-06",NA,NA,NA,NA,NA,NA,NA,NA,NA,NA,NA,NA,NA
"8870583","2001-08-07",NA,NA,NA,NA,NA,NA,NA,NA,NA,NA,NA,NA,NA
"8870582","2001-08-08",NA,NA,NA,NA,NA,NA,NA,NA,NA,NA,NA,NA,NA
"8870581","2001-08-09",NA,NA,NA,NA,NA,NA,NA,NA,NA,NA,NA,NA,NA
"8870580","2001-08-10",NA,NA,NA,NA,NA,NA,NA,NA,NA,NA,NA,NA,NA
"8870579","2001-08-13",NA,NA,NA,NA,NA,NA,NA,NA,NA,NA,NA,NA,NA
"8870578","2001-08-14",NA,NA,NA,NA,NA,NA,NA,NA,NA,NA,NA,NA,NA
"8870577","2001-08-15",NA,NA,NA,NA,NA,NA,NA,NA,NA,NA,NA,NA,NA
"8870576","2001-08-16",NA,NA,NA,NA,NA,NA,NA,NA,NA,NA,NA,NA,NA
"8870575","2001-08-17",NA,0.634057971014492,NA,NA,NA,NA,NA,NA,NA,NA,37.0435714285714,NA,NA
"8870574","2001-08-20",NA,0.697297297297296,NA,NA,NA,NA,NA,NA,74.6636771300448,NA,37.1470952380952,NA,NA
"8870573","2001-08-21",NA,0.800995024875622,0.71078343106247,NA,NA,NA,NA,NA,76.4809478065962,NA,37.2794825396825,NA,NA
"8870572","2001-08-22",NA,0.665198237885463,0.72116352001946,NA,NA,NA,NA,NA,74.6783231919959,NA,37.3808848677249,NA,NA
"8870571","2001-08-23",NA,0.888429752066115,0.784874338275733,0.738940429785888,NA,NA,NA,NA,78.2169543316861,NA,37.5541002186949,NA,NA
"8870570","2001-08-24",NA,0.806584362139918,0.786737450697165,0.764258436330786,NA,NA,NA,NA,74.8717759714962,NA,37.6788868562022,NA,NA
"8870569","2001-08-27",NA,0.904214559386973,0.866409557864335,0.812673782279078,39.0107997324038,36.2662002675962,37.6385,0.986349046718519,77.0929314829547,NA,37.8403686087086,NA,NA
"8870568","2001-08-28",NA,0.773946360153255,0.828248427226715,0.827131811929405,39.031757457793,36.4999092088737,37.7658333333333,0.86896629451051,71.3220199766225,NA,37.9349861275475,NA,NA
"8870567","2001-08-29",NA,0.766283524904215,0.814814814814814,0.836490933301955,39.1270979681793,36.5765686984873,37.8518333333333,0.833852275336887,70.9854040385009,NA,38.0143213105411,NA,NA
"8870566","2001-08-30",NA,0.828671328671328,0.789633737909599,0.810898993317043,39.2948225268453,36.5778441398213,37.9363333333333,0.914799030195615,73.4791640749278,NA,38.132411802469,NA,NA
"8870565","2001-08-31",NA,0.855799373040752,0.816918075538765,0.807122209421059,39.5163602601522,36.5123064065145,38.0143333333333,0.965704034668325,75.6702584746299,NA,38.2827568954731,NA,NA
"8870564","2001-09-04",NA,0.86217008797654,0.84888026322954,0.818477358892635,39.759144944565,36.4535217221017,38.1063333333333,0.959923358174013,76.8706916875298,37.7352,38.4410559760767,NA,NA
"8870563","2001-09-05",NA,0.682432432432433,0.800133964483241,0.821977434417182,39.887847627114,36.4694857062194,38.1786666666667,0.796828331858181,68.700644489144,37.8704,38.5155818459332,2.22159192308014,NA
"8870562","2001-09-06",NA,0.638132295719845,0.727578272042939,0.792197499918573,39.9929690368248,36.5220309631751,38.2575,0.757135097504502,68.7766823078794,37.9628,38.5815042664754,2.13355459627318,NA
"8870561","2001-09-07",35.5272891648356,0.556603773584906,0.625722833912395,0.717811690146192,40.0745681819344,36.6164318180656,38.3455,0.732639756027431,68.597214969447,38.0404,38.637303697612,2.03784819686386,NA
"8870560","2001-09-10",33.4524956654273,0,0.398245356434917,0.58384882079675,40.0516234434162,36.7580432232505,38.4048333333333,0.493472149283521,53.5491281661949,38.0568,38.5523298712638,1.73301151515675,NA
"8870559","2001-09-17",31.5259017016909,0.103092783505156,0.219898852363354,0.414622347570222,40.0306283061283,36.8930383605384,38.4618333333333,0.497290914317233,55.644849526387,38.0836,38.5053525550953,1.51588243856893,NA
"8870558","2001-09-18",30.9794323730519,0,0.0343642611683854,0.217502823322219,39.9587682187891,37.0408984478775,38.4998333333333,0.248732217600792,47.0687754922602,38.0804,38.3646388810825,1.17280162848721,NA
"8870557","2001-09-19",31.5724330490978,0,0.0343642611683854,0.0962091249000417,39.9389500340088,37.0720499659911,38.5055,-0.0483855835106631,38.8921745807387,38.0436,38.1160203636049,0.691611216159993,NA
"8870556","2001-09-20",32.1230765339975,0,-2.31296463463574e-17,0.0229095074455903,40.0252419513234,36.9320913820099,38.4786666666667,-0.0901210731356127,38.8921745807387,38.0148,37.9005509817909,0.304934401178136,NA
"8870555","2001-09-21",33.3944200941805,0,-2.31296463463574e-17,0.0114547537227952,40.2724992222912,36.5221674443755,38.3973333333333,-0.166785451194513,32.8930455850903,37.9584,37.5991441842188,-0.185481173267699,1.2917505269445
"8870554","2001-09-24",33.4404146547169,0.151162790697674,0.0503875968992247,0.0167958656330749,40.3673802631197,36.2879530702136,38.3276666666667,0.0544309088718503,40.3786575878937,37.9252,37.4245916263229,-0.431698993536778,0.947060622848243
"8870553","2001-09-25",33.9251504961445,0.0372093023255806,0.0627906976744182,0.0377260981912144,40.4752571797553,35.9650761535781,38.2201666666667,0.0350888753326647,37.0256829505455,37.8816,37.2079794094799,-0.726011384580016,0.612446221362591
"8870552","2001-09-26",34.9798143986785,0,0.0627906976744182,0.0586563307493538,40.6551685966489,35.4881647366844,38.0716666666667,-0.0319007703145334,32.3085847570619,37.8204,36.9135821548826,-1.12327209772394,0.265302557545285
"8870551","2001-09-27",36.4753149988988,0,0.0124031007751935,0.0459948320413434,40.8567573858759,34.8552426141241,37.856,-0.06641255793178,28.1558546953799,37.7068,36.5437712008982,-1.61332383022358,-0.110422720008487
"8870550","2001-09-28",36.3238077191334,0.159926470588235,0.0533088235294116,0.0428342073263412,40.8586668069585,34.5226665263749,37.6906666666667,0.128998332927765,36.9804812229149,37.6124,36.3392683741118,-1.79273259779847,-0.446884695566485
"8870549","2001-10-01",36.1831223879227,0.224105461393596,0.128010643993944,0.0645741894328497,40.7652580362006,34.2677419637994,37.5165,0.188111583346788,39.9043854403813,37.5128,36.2046992575636,-1.84407656917875,-0.726323070288939
"8870548","2001-10-02",34.5059228129542,0.271186440677966,0.218406124219932,0.133241863914429,40.6459908882633,34.1190091117367,37.3825,0.29125114077995,42.1621312969993,37.4104,36.1214060232218,-1.80885116810908,-0.942828689852967
"8870547","2001-10-03",32.6942257036649,0.570858283433134,0.355383395168232,0.233933387794036,40.5282891440621,34.1133775226046,37.3208333333333,0.523253113288064,52.9700042670058,37.3688,36.2385518867922,-1.44692460252697,-1.04364787238777
"8870546","2001-10-04",31.5770477322785,0.745967741935484,0.529337488682195,0.36770900269012,40.4192116940462,34.1421216392871,37.2806666666667,0.656017091485065,57.9730188707527,37.3352,36.4520783018866,-0.962804905102244,-1.02747927893066
"8870545","2001-10-05",30.5396681874197,0.8125,0.709775341789539,0.531498741879989,40.2656071592793,34.198726174054,37.2321666666667,0.699635804561886,59.783047031207,37.3224,36.6811345283017,-0.502151459353273,-0.922413715015185
"8870544","2001-10-08",29.7284659799584,0.886679920477137,0.815049220804207,0.684720683758647,40.111532402209,34.2691342644577,37.1903333333333,0.773803090605935,62.0750807407123,37.3108,36.9369832578615,-0.0444320283330191,-0.746817377678752
"8870543","2001-10-09",28.6122354208871,0.829025844930418,0.842735255135852,0.789186605909866,40.0046064827429,34.3123935172571,37.1585,0.745627961417525,59.6077422407966,37.3012,37.1200521568133,0.250063767471898,-0.547441148648622
"8870542","2001-10-10",26.9667871439327,0.727634194831013,0.814446653412856,0.824077043117638,39.8377100281199,34.3726233052134,37.1051666666667,0.678984655918955,55.4347248004254,37.272,37.2107118692382,0.367576428801963,-0.364437633158505
"8870541","2001-10-11",25.087234870274,0.666003976143141,0.740888005301524,0.799356637950077,39.6214109953977,34.4479223379356,37.0346666666667,0.636336112830939,53.0056232356476,37.2156,37.2479502866731,0.388849805809599,-0.213780145364884
"8870540","2001-10-12",23.7066182835174,0.582504970178926,0.65871438038436,0.738016346366247,39.5013374597256,34.4659958736077,36.9836666666667,0.575400379532023,49.8203766118814,37.128,37.2242235817833,0.311167937910595,-0.108790528709788
"8870539","2001-10-15",22.7787769274829,0.514910536779323,0.58780649436713,0.662469626684338,39.3326920203888,34.4813079796112,36.907,0.502679647682131,47.3402927408761,37.0184,37.1583271042122,0.173840439446349,-0.0522643350785609
"8870538","2001-10-16",21.516837672675,0.499005964214711,0.532140490390987,0.592887121714159,39.2612344730354,34.4734321936313,36.8673333333333,0.522139594288592,46.7505778445916,36.9244,37.0905501569839,0.0469132809528094,-0.0324288118722868
"8870537","2001-10-17",20.3450369360676,0.500000000000001,0.504638833664678,0.541528606140932,39.2793689828252,34.4826310171748,36.881,0.567893361905275,50.4095302014083,36.8476,37.0904768027194,0.0414616058922679,-0.0176507283193759
"8870536","2001-10-18",20.2988443747521,0.200520833333334,0.399842265849349,0.478873863301672,39.2746940013237,34.466972665343,36.8708333333333,0.412467195179588,43.2144158072024,36.7316,36.9584132290235,-0.176598038613829,-0.0494401903782665
"8870535","2001-10-19",20.2559512821019,0.192200557103065,0.297573796812133,0.400684965442054,39.2704931034382,34.5338402298951,36.9021666666667,0.420020878994672,44.6747322906145,36.6624,36.866624798487,-0.309309231067745,-0.101413998516162
"8870534","2001-10-22",20.1096840859441,0.13029315960912,0.174338183348506,0.290584748669996,39.2751438602195,34.5481894731138,36.9116666666667,0.455221343526381,46.6728490791461,36.5944,36.8177414920221,-0.360234998892639,-0.153178198591458
"8870533","2001-10-23",19.9416455468642,0.254071661237785,0.192188459316657,0.221366813159099,39.289136458584,34.617863541416,36.9535,0.501391483673777,49.8927210808933,36.5716,36.8260426264191,-0.313730567124071,-0.18528867229798
"8870532","2001-10-24",20.8362355253051,0,0.128121606948968,0.164882749871377,39.2395993446166,34.7570673220501,36.9983333333333,0.326363017728601,42.2324602106035,36.5444,36.6919036095633,-0.503850232498859,-0.249000984338156
"8870531","2001-10-25",20.5992649055408,0.0388059701492545,0.0976258771290132,0.139311981131546,39.0337872793957,35.1712127206043,37.1025,0.354371743137039,43.3805974987178,36.5224,36.5929831282882,-0.619472126840881,-0.323095212838701
"8870530","2001-10-26",20.3792207586169,0.321981424148607,0.120262464765954,0.115336649614645,38.9436713525773,35.4343286474227,37.189,0.466090516088607,50.758367550847,36.5712,36.6285853778497,-0.504786313864369,-0.359433433043835
"8870529","2001-10-29",18.9544542973631,0.41696113074205,0.259249508346637,0.159045950080535,38.8619676986275,35.7136989680392,37.2878333333333,0.556803706620023,51.7989761799957,36.5996,36.6781073274698,-0.378731025088042,-0.363292951452676
"8870528","2001-10-30",17.6910164982017,0.593283582089551,0.444075378993402,0.274529117368665,38.8495485066646,35.9014514933355,37.3755,0.634945807934618,54.8108037344948,36.664,36.7756930171405,-0.186708586576756,-0.327976078477492
"8870527","2001-10-31",16.5178242561233,0.798507462686567,0.602917391839389,0.43541409305981,38.9129166090428,35.9000833909572,37.4065,0.726862873091363,58.55224054028,36.7824,36.9336006148551,0.0844024459846437,-0.245500373585065
"8870526","2001-11-01",16.2498593312853,0.492537313432836,0.628109452736318,0.55836740785637,38.8151542544536,35.9058457455464,37.3605,0.492953652066379,51.681902084691,36.9024,36.9611205328744,0.118307045687516,-0.172738889730549
"8870525","2001-11-02",15.6774291374032,0.499999999999999,0.597014925373134,0.609347256649614,38.6781209492972,35.9415457173695,37.3098333333333,0.543911333138105,51.8303618687332,36.9884,36.9876377951578,0.14780465156421,-0.108630181471597
"8870524","2001-11-05",14.6427987559937,0.723880597014925,0.572139303482586,0.599087893864013,38.4967598083705,36.0392401916295,37.268,0.778871968575444,56.180220300349,37.0856,37.0906194224701,0.298307725429692,-0.0272426000913393
"8870523","2001-11-06",13.7613734429969,0.701492537313434,0.641791044776119,0.603648424543947,38.3385879163126,36.1217454170207,37.2301666666667,0.757047279414459,55.6391336964898,37.1704,37.1718701661408,0.399531563728606,0.0581122326726497
"8870522","2001-11-07",13.0125741416613,0.682835820895522,0.70273631840796,0.638888888888889,38.2844270029116,36.1459063304217,37.2151666666667,0.765682101639513,55.1623411352907,37.1964,37.2356208106553,0.46330290014176,0.139150366166472
"8870521","2001-11-08",12.1166568488317,0.6455223880597,0.676616915422885,0.673714759535655,38.2874240275904,36.1449093057429,37.2161666666667,0.753829449939264,54.1626548493215,37.1848,37.2775380359013,0.486426464020706,0.208605585737319
"8870520","2001-11-09",11.4370357438468,0.809701492537314,0.712686567164179,0.697346600331675,38.390570315287,36.115429684713,37.253,0.872284679293116,57.7875770146285,37.1776,37.3725329644478,0.592818687661056,0.285448206122066
"8870519","2001-11-12",10.9027616665364,0.802238805970149,0.752487562189054,0.713930348258707,38.4970510212236,36.1276156454431,37.3123333333333,0.835241611336066,57.5647346595088,37.1524,37.4521952358548,0.664760811706344,0.361310727238922
"8870518","2001-11-13",10.763946364906,0.815094339622641,0.809011546043368,0.758061891798867,38.6216709081096,36.1329957585571,37.3773333333333,0.860030918523505,58.7634828250834,37.1444,37.5399025377408,0.742975697511539,0.437643721293445
"8870517","2001-11-14",10.6152546815488,0.71264367816092,0.776658941251236,0.779386016494553,38.7265930092142,36.1320736574524,37.4293333333333,0.815023024506763,58.6360672509602,37.1564,37.6145821993753,0.793306602798283,0.508776297594413
"8870516","2001-11-15",10.1221325069899,0.393750000000001,0.640496005927854,0.74205549774082,38.7335749830512,36.2710916836155,37.5023333333333,0.665551038157327,52.8372703019477,37.162,37.6166379061253,0.723939671376672,0.551808972350865
"8870515","2001-11-16",9.66423334489955,0.335616438356166,0.480670038839029,0.632608328672707,38.7149079940024,36.4144253393309,37.5646666666667,0.589256631827401,52.8372703019477,37.1844,37.6184195186419,0.661346853639189,0.573716548608529
"8870514","2001-11-19",10.1169695262644,0,0.243122146118722,0.454762730295202,38.6828367127443,36.5128299539223,37.5978333333333,0.391935820454637,46.8874416760271,37.1996,37.5506302494897,0.494466135278882,0.5578664659426
"8870513","2001-11-20",10.5373674089603,0.1744966442953,0.170037694217155,0.297943293058302,38.6711048582905,36.5782284750429,37.6246666666667,0.438840152708218,49.9237809839801,37.2284,37.5265462162244,0.413254110748063,0.528943994903692
"8870512","2001-11-21",11.4143097600752,0,0.0581655480984333,0.157108462811437,38.5220233580135,36.8333099753198,37.6776666666667,0.264515002520839,46.5097305412836,37.2272,37.4643400540611,0.278947437294419,0.478944683381838
"8870511","2001-11-23",12.2441021909372,0,0.0581655480984333,0.0954562634713409,38.4138548135205,37.0081451864795,37.711,0.141225098248083,46.3995008066261,37.2652,37.4090947135197,0.168300418525247,0.41681583041052
"8870510","2001-11-26",12.9095439152473,0.0258064516129072,0.00860215053763555,0.0416444155781677,38.394101578668,37.0455650879987,37.7198333333333,0.149125796787438,46.9411985775956,37.298,37.366548751717,0.0881444129239517,0.351081546913206
"8870509","2001-11-27",12.8806951870102,0.0387096774193562,0.0215053763440876,0.0294243583267192,38.3992447682228,37.0280885651105,37.7136666666667,0.2299116377166,47.2283714411332,37.3224,37.3323422514881,0.0285597209522148,0.286577181721008
"8870508","2001-11-28",12.7520734576939,0.122580645161293,0.062365591397852,0.0308243727598587,38.3920280437293,37.0023052896041,37.6971666666667,0.317349660153541,49.1547190362927,37.3368,37.3200299512897,0.00931840277973439,0.231125425932753
"8870507","2001-11-29",12.4995624723259,0.206451612903225,0.122580645161291,0.0688172043010773,38.3434587341973,36.9965412658027,37.67,0.408432894941719,51.0779161101042,37.3988,37.3266926244511,0.0219305508750933,0.189286450921221
"8870506","2001-11-30",12.447226591678,0.15483870967742,0.161290322580646,0.11541218637993,38.3392795677069,37.0167204322931,37.678,0.365412445286018,49.828850294292,37.4524,37.3218002745243,0.0144583571932033,0.154320832175618
"8870505","2001-12-03",13.0019896692244,0,0.120430107526882,0.134767025089607,38.3602066105915,36.9644600560751,37.6623333333333,0.109050321563776,45.6235771161496,37.4584,37.2802269045877,-0.051461857189572,0.11316429430258
"8870504","2001-12-04",12.7668971444497,0.0261437908496726,0.0603275001756974,0.114015976761075,38.3348564593279,36.9174768740054,37.6261666666667,0.220493599054811,46.3205375877397,37.4604,37.249529983976,-0.094015082893284,0.071728418863407
"8870503","2001-12-05",12.5485969428732,0.178082191780825,0.0680753275434991,0.0829443117486931,38.3174793803434,36.8895206196566,37.6035,0.320139530353248,50.1082226533701,37.4548,37.2522593194459,-0.0791732835945247,0.0415480783718207
"8870502","2001-12-06",13.2530522187007,0,0.0680753275434991,0.0654927184208989,38.3210090025134,36.8059909974866,37.5635,0.117056256267808,43.759972432643,37.4104,37.1986247435197,-0.156673404664387,0.00190378176457914
"8870501","2001-12-07",13.6322899569329,0.140186915887849,0.106089702556225,0.0807467858810747,38.3073404015139,36.7549929318195,37.5311666666667,0.230837752828897,46.3730642613995,37.4048,37.1721414443838,-0.183508574577873,-0.0351786895039113
"8870500","2001-12-10",13.9844392852913,0.16822429906542,0.102803738317756,0.092322922805827,38.2326030733217,36.7300635933449,37.4813333333333,0.24842591157349,46.9044161478698,37.3996,37.1531892517993,-0.19602825788394,-0.0673486031799171
"8870499","2001-12-11",15.6531446115169,0,0.102803738317756,0.103899059730579,38.1911286453547,36.6218713546453,37.4065,-0.00756495108584975,37.1312734983653,37.3408,37.0380973515594,-0.362872373691137,-0.126453357282161
"8870498","2001-12-12",18.1500270975759,0,0.0560747663551399,0.0872274143302178,38.2465180719464,36.3174819280536,37.282,-0.276899215399052,29.8822870567847,37.2524,36.8316843713515,-0.663194415803048,-0.233801568986338
"8870497","2001-12-13",19.4174432775619,0.300411522633744,0.100137174211248,0.0863385596280483,38.1204762498462,36.2585237501537,37.1895,0.074192503050284,41.1688637221706,37.1952,36.7501264551713,-0.73384202818938,-0.333809660826947
"8870496","2001-12-14",20.9883357752106,0.160493827160494,0.153635116598079,0.103282352388156,38.0821233742021,36.1162099591312,37.0991666666667,-0.00654994553635717,38.0933058873356,37.1284,36.6341095944818,-0.855236599216769,-0.438095048504911
"8870495","2001-12-17",21.4095640262518,0.230452674897117,0.230452674897118,0.161408321902149,38.011600480905,36.045399519095,37.0285,0.1583089183748,40.4872802943926,37.0508,36.5562283152175,-0.904084223648061,-0.531292883533541
"8870494","2001-12-18",20.2726488648012,0.60082304526749,0.330589849108367,0.238225880201188,37.9960238743516,36.0459761256484,37.021,0.598630063526006,51.2380838280468,37.01,36.6087312065219,-0.735727744535275,-0.572179855733888
"8870493","2001-12-19",19.7635103050868,0.484177215189874,0.438484311784827,0.333175611930104,38.0062704211574,36.0423962455092,37.0243333333333,0.774457501750134,51.9649089993773,36.9664,36.6635670456523,-0.580241207906906,-0.573792126168492
"8870492","2001-12-20",20.2362425249073,0.76865671641791,0.617885658958425,0.46231993995054,38.3781552791812,35.8315113874855,37.1048333333333,1.2009879443639,64.6211374086556,36.9856,36.9190914395653,-0.113840179049296,-0.481801736744652
"8870491","2001-12-21",20.9689311362995,0.766743648960739,0.673192526856174,0.576520832533142,38.7560068900652,35.6476597766015,37.2018333333333,1.12568087229042,66.0417602006779,37.0328,37.1712125809566,0.299809943234575,-0.325479400748807
"8870490","2001-12-24",21.7987844090627,0.864142538975501,0.799847634784717,0.696975273533106,39.1851755341098,35.4511577992236,37.3181666666667,1.10395178244525,69.2765749536881,37.1024,37.4643842368291,0.737210687951007,-0.112941383008844
"8870489","2001-12-26",23.0680410220273,0.839920948616602,0.823602378850947,0.76554751349728,39.6568747225056,35.2461252774944,37.4515,1.08006015347206,71.2268254835532,37.2076,37.7677996719185,1.1461281076502,0.138872515122965
"8870488","2001-12-27",24.2466364483516,0.883399209486167,0.862487565692756,0.82864585977614,40.0794083784293,35.0915916215707,37.5855,1.00880644920317,72.3506819275067,37.3112,38.0600930489961,1.49570913515069,0.41023983912851
"8870487","2001-12-28",25.4561375795816,0.858546168958743,0.860622109020503,0.848904017854736,40.4368818377764,34.9894514955569,37.7131666666667,0.938157660288843,70.9932988828352,37.4232,38.3000806424633,1.72823913456976,0.673839698216761
"8870486","2001-12-31",27.0417203409846,0.776991150442478,0.839645509629129,0.85425172811413,40.7975643413476,34.9087689919857,37.8531666666667,0.915506599936176,71.1100393482955,37.5364,38.5107365568015,1.89234899985635,0.917541558544679
"8870485","2002-01-02",27.7865508084501,0.715044247787611,0.783527189062944,0.827931602570859,41.0431067638448,34.9402265694885,37.9916666666667,0.810509126781224,66.0967162334997,37.634,38.646638349228,1.92538657194046,1.11911056122384
"8870484","2002-01-03",28.5250798601263,0.750950570342205,0.747661989524098,0.79027822940539,41.2983265711102,34.9723400955565,38.1353333333333,0.811097724853693,68.1682552380155,37.7428,38.8044199026642,1.98992059733711,1.29327256844649
"8870483","2002-01-04",28.3363987165362,0.669201520912547,0.711732113014121,0.747640430533721,41.4595018354973,35.042831497836,38.2511666666667,0.720077796170743,62.2930526267886,37.8292,38.883830582309,1.92868647285576,1.42035534932834
"8870482","2002-01-07",27.9659344750242,0.638506876227897,0.68621965582755,0.715204586121923,41.5763706963251,35.1796293036749,38.378,0.678528399055205,60.9768525815372,37.9064,38.9393198380011,1.83792605242459,1.50386948994759
"8870481","2002-01-08",26.9564071670061,0.477326968973747,0.59501178870473,0.664321185848801,41.6410476689086,35.319618997758,38.4803333333333,0.607517889076011,56.4788388694155,37.9728,38.940743859601,1.67415945265721,1.53792748248952
"8870480","2002-01-09",26.0189889524178,0.480582524271844,0.532138789824496,0.604456744785592,41.6910883013339,35.474911698666,38.583,0.59228609535007,56.9672010331625,38.0524,38.9486446783209,1.53702800062629,1.53774758611687
"8870479","2002-01-10",25.5115353221812,0.164062500000001,0.373990664415197,0.500380414314808,41.6975903252984,35.7314096747016,38.7145,0.58807980025671,56.9672010331625,38.1304,38.9554920545447,1.41207758166721,1.51261358522694
"8870478","2002-01-11",25.2392613997898,0.201716738197425,0.282120587489756,0.39608334724315,41.5747213772904,36.2232786227096,38.899,0.60732308270358,59.8903302608423,38.2108,38.9987597806054,1.35532916581695,1.48115670134494
"8870477","2002-01-14",25.1163391068776,0.228310502283105,0.19802991349351,0.284713721799488,41.4903241667637,36.6296758332363,39.06,0.614525188507663,61.5960207222512,38.3148,39.0589251431914,1.32997477755679,1.45092031658731
"8870476","2002-01-15",25.3571114125654,0.324200913242007,0.251409384574179,0.243853295185815,41.2815699802295,37.2120966864372,39.2468333333333,0.645760058819283,63.6523046043047,38.4212,39.1390684574325,1.33748831221907,1.42823391571366
"8870475","2002-01-16",25.5806856964184,0.337899543378993,0.296803652968035,0.248747650345241,40.9708073445669,37.8658593220998,39.4183333333333,0.618627858073024,63.9492711568921,38.5276,39.2125259964415,1.33385642125263,1.40935841682146
"8870474","2002-01-17",25.0272906149596,0.200913242009132,0.28767123287671,0.278628090139642,40.714756624548,38.359243375452,39.537,0.521085284358191,58.7776406322991,38.6516,39.236189196916,1.2545875059419,1.37840423464555
"8870473","2002-01-18",23.4612242224951,0,0.179604261796042,0.254693049213596,40.4013346577654,38.8283320089013,39.6148333333333,0.185421169703263,51.5888998525073,38.7884,39.1926973039939,1.08058235259303,1.31883985823504
"8870472","2002-01-22",22.5012110459322,0,0.0669710806697105,0.178082191780821,40.4499299945039,38.7497366721628,39.5998333333333,-0.0939520641939734,45.1469689499257,38.8752,39.0856709967947,0.825951206226327,1.2202621278333
"8870471","2002-01-23",21.7425092538914,0,-8.32667268468867e-17,0.0821917808219175,40.522331876965,38.6150014563683,39.5686666666667,-0.0480609557972297,44.2318733733959,38.9724,38.9822481972221,0.600440950619707,1.09629789239058
"8870470","2002-01-24",20.7386037624508,0.153439153439153,0.0511463844797176,0.0393724883831428,40.5443479169037,38.5119854164296,39.5281666666666,0.123672778279023,48.3211229746951,39.0744,38.9312817709258,0.476154409004614,0.972269195713388
"8870469","2002-01-25",20.5031814244042,0,0.0511463844797176,0.0340975896531451,40.5484625359673,38.347870797366,39.4481666666667,0.0282329527754444,43.4682365419934,39.124,38.832444201469,0.289102239081296,0.835635804386969
"8870468","2002-01-28",20.2845749676466,0.0199004975124373,0.05777988365053,0.0533575508699885,40.509946775144,38.211053224856,39.3605,0.0691405546481606,44.0585163235763,39.1724,38.7521183079398,0.147238934473615,0.697956430404298
"8870467","2002-01-29",20.4609214506132,0,0.00663349917081236,0.0385199224336868,40.4684777929622,38.0618555403711,39.2651666666667,0.0546316701013963,41.3828132702035,39.1492,38.6518358668812,-0.0132566143191459,0.55571382145961
"8870466","2002-01-30",20.7702959354667,0,0.00663349917081236,0.023682293997385,40.3699155460886,37.9344177872447,39.1521666666667,0.0433513898224185,40.3501643137697,39.1132,38.5529244179637,-0.157802973048105,0.413010462558067
"8870465","2002-01-31",20.628830756376,0,-8.44232091642046e-17,0.00442233278054168,40.3262578112789,37.7880755220544,39.0571666666667,0.0782414822825713,38.5103567598888,39.0484,38.4458678289019,-0.302808942519583,0.269846581542537
"8870464","2002-02-01",21.2916764326896,0,-8.44232091642046e-17,0.00221116639027087,40.2577905245667,37.6052094754332,38.9315,-0.00573384004164793,33.4762273106071,38.9492,38.2877521183816,-0.515521213433101,0.112773022547409
"8870463","2002-02-04",20.9550099405224,0.125850340136056,0.0419501133786852,0.0139833711262285,40.1920481741242,37.5009518258758,38.8465,0.171819008917493,39.8682859169756,38.856,38.2000518359307,-0.599800517632409,-0.0297416854885545
"8870462","2002-02-05",20.6423910549386,0.330882352941176,0.152244231025744,0.0647314481348098,40.1148330724928,37.4525002608406,38.7836666666667,0.304557367487644,47.6307415434751,38.788,38.19471159114,-0.548361567749189,-0.133465661940681
"8870461","2002-02-06",19.3009543611157,0.363970588235295,0.273567760437509,0.155920701613979,40.0759103284091,37.4277563382576,38.7518333333333,0.413713477067505,48.8385273099116,38.7228,38.202083378988,-0.48299330011915,-0.203371189576375
"8870460","2002-02-07",18.705370265475,0.706140350877192,0.466997764017888,0.297603251827047,40.065501811593,37.4281648550737,38.7468333333333,0.617479616158814,56.3132793710311,38.6964,38.2911389284562,-0.296871906125196,-0.222071332886139
"8870459","2002-02-08",18.1523278909514,0.792626728110598,0.620912555741028,0.453826026732142,40.0497616407406,37.4302383592594,38.74,0.638702082131481,57.4996807047575,38.6624,38.3829870713287,-0.125045296950677,-0.202666125699047
"8870458","2002-02-11",18.0807641794048,0.692307692307693,0.730358257098494,0.606089525619137,40.001220175691,37.4434464909757,38.7223333333333,0.655473750098785,56.0105125981904,38.6416,38.4492554618182,-0.0100250491688603,-0.164137910393009
"8870457","2002-02-12",18.3327978341323,0.723320158102769,0.73608485950702,0.695785224115514,39.951437099218,37.4638962341153,38.7076666666667,0.74750012162766,58.4444600679317,38.6332,38.5346880669092,0.123531444234204,-0.106604039467567
"8870456","2002-02-13",19.1892743037571,0.846938775510203,0.754188875306888,0.740210663970801,39.9655869385919,37.4557463947414,38.7106666666667,0.973868085463603,64.9991253748386,38.6652,38.6967296579879,0.362632033630783,-0.0127568248478968
"8870455","2002-02-14",18.9034932371986,0.693877551020407,0.75471216154446,0.748328632119456,39.9137236528093,37.4822763471907,38.698,0.843553952990486,58.2524606558444,38.6772,38.7771657035895,0.452430814307681,0.0802807029832187
"8870454","2002-02-15",17.96498613761,0.421768707482993,0.654195011337868,0.721032016063072,39.805312941793,37.5113537248737,38.6583333333333,0.558850218000528,48.5955117835972,38.6572,38.7402102764443,0.352975570457814,0.134819676478138
"8870453","2002-02-19",17.2543973168852,0.387755102040816,0.501133786848072,0.636680319910133,39.7581707064663,37.5028292935337,38.6305,0.470218847451871,47.534717261722,38.622,38.6948489062517,0.250398207792957,0.157935382741102
"8870452","2002-02-20",17.1517534023297,0.26530612244898,0.35827664399093,0.50453514739229,39.7527227752503,37.4812772247497,38.617,0.369246260411333,43.8257606354568,38.5656,38.6075357187515,0.0927900549879901,0.144906317190479
"8870451","2002-02-21",17.3879515179953,0.187074829931974,0.280045351473923,0.379818594104308,39.7566766227456,37.426990043921,38.5918333333333,0.254544951011468,41.5928588040234,38.4916,38.5011976229179,-0.0796481336510224,0.099995427022179
"8870450","2002-02-22",17.3907572031579,0.124513618677043,0.192298190352665,0.276873395272506,39.7386286907737,37.3833713092263,38.561,0.324081505240368,43.4805164661464,38.422,38.4277046065289,-0.185155822695715,0.0429651770786001
"8870449","2002-02-25",17.0032372191495,0.1255230125523,0.145703820387106,0.206015787404565,39.7370237471148,37.3753095862185,38.5561666666667,0.397179202566507,45.6426963457706,38.3708,38.385343992325,-0.232630970489389,-0.0121540524349977
"8870448","2002-02-26",16.9114386790827,0.0585774058577408,0.102871345695695,0.146957785478489,39.7392116106858,37.3411217226475,38.5401666666667,0.295601211984747,43.8367027701661,38.3324,38.3272981266817,-0.300558455256139,-0.069834932999226
"8870447","2002-02-27",16.0915649604094,0.0460251046025102,0.0767085076708503,0.108427891251217,39.7397982919242,37.3355350414091,38.5376666666667,0.335985791801784,43.489236504082,38.3136,38.2729917097908,-0.356746115273965,-0.127217169454174
"8870446","2002-02-28",15.5331439574157,0,0.0348675034867503,0.0714824522844319,39.7385205318968,37.3411461347698,38.5398333333333,0.309583350624311,42.1693759354821,38.2936,38.2112594818187,-0.419802998047059,-0.185734335172751
"8870445","2002-03-01",14.9025455654096,0.121338912133891,0.0557880055788003,0.0557880055788005,39.7328187092214,37.3775146241119,38.5551666666667,0.388832471786273,46.7571066207762,38.2736,38.1964248842429,-0.403949956930461,-0.229377459524293
"8870444","2002-03-04",14.2238044720664,0.288702928870292,0.136680613668061,0.0757787075778707,39.7024305533473,37.5185694466527,38.6105,0.539456111197976,52.3697745776818,38.286,38.2369015663438,-0.303391761807359,-0.244180319980906
"8870443","2002-03-05",14.6757711232619,0.397489539748952,0.269177126917712,0.153881915388191,39.7345438505355,37.5984561494645,38.6665,0.695138679523485,55.642943794428,38.3072,38.3066480241647,-0.167011537813733,-0.228746563547471
"8870442","2002-03-06",15.647681230787,0.646551724137931,0.444248064252392,0.283368601612721,39.8545078728185,37.6104921271815,38.7325,0.879156578997995,61.6471725801401,38.3596,38.4404282876094,0.0558140646619965,-0.171834437905578
"8870441","2002-03-07",17.1747495487097,0.803508771929826,0.615850011938903,0.443091734369669,40.1253294157665,37.5160039175668,38.8206666666667,1.0618310176371,68.2873051483807,38.4472,38.6617045159281,0.392234807854641,-0.059020588753534
"8870440","2002-03-08",17.9366824324103,0.655737704918033,0.70193273366193,0.587343603284408,40.303276852356,37.4483898143106,38.8758333333333,0.949813477574883,63.9128578268244,38.5296,38.814810580471,0.590058440098673,0.0707952170169074
"8870439","2002-03-11",18.0294032373889,0.560655737704919,0.673300738184259,0.663694494595031,40.3741505445615,37.4365161221052,38.9053333333333,0.768243044122942,59.7882404020018,38.62,38.9088358364082,0.678072738870883,0.192250721387703
"8870438","2002-03-12",17.5397415826714,0.465573770491802,0.560655737704918,0.645296403183703,40.3943235896247,37.4380097437086,38.9161666666667,0.642237942896654,55.9030222775258,38.684,38.9516577248871,0.679643394797624,0.289729256069687
"8870437","2002-03-13",16.3113477466649,0.324590163934425,0.450273224043715,0.561409899977631,40.3685411549582,37.4337921783751,38.9011666666667,0.54162763753952,50.6475339130761,38.7096,38.9314366949022,0.585080678880368,0.348799540631823
"8870436","2002-03-14",15.2081992456697,0.308196721311475,0.366120218579234,0.459016393442622,40.2453167861142,37.4570165472191,38.8511666666667,0.517513656761975,50.0582297481106,38.7296,38.9072451355819,0.494087812727639,0.377857195050986
"8870435","2002-03-15",14.8500025201243,0.177049180327869,0.269945355191256,0.362112932604735,40.16556169115,37.4391049755166,38.8023333333333,0.409895262500219,45.49741340675,38.7088,38.832945784171,0.335085351059261,0.369302826252641
"8870434","2002-03-18",14.1019480349967,0.154098360655737,0.21311475409836,0.283060109289617,40.1584080863401,37.4252585803265,38.7918333333333,0.423714381689974,44.7293754855353,38.6808,38.7592196796148,0.192136081868277,0.333869477375768
"8870433","2002-03-19",13.293512437305,0.390163934426229,0.240437158469945,0.241165755919854,40.1858152614141,37.4498514052526,38.8178333333333,0.597040755637941,53.4362628309151,38.6856,38.7913237223329,0.226037917376987,0.312303165376012
"8870432","2002-03-20",13.1025914610988,0.210144927536231,0.251469074206066,0.235006995591457,40.1941573478816,37.496509318785,38.8453333333333,0.509143767608159,49.6896673241917,38.6692,38.7764805593552,0.1841873373571,0.28667999977223
"8870431","2002-03-21",12.4612387235631,0.251937984496124,0.284082282152861,0.258662838276291,40.1982689329342,37.6017310670657,38.9,0.582160686403848,52.492137108315,38.6364,38.7969498181078,0.200720556236322,0.269488111065048
"8870430","2002-03-22",12.2070898797243,0.523255813953489,0.328446241995281,0.287999199451403,40.2810338283658,37.6796328383008,38.9803333333333,0.797147576614361,59.3243442838967,38.6496,38.9080231756934,0.3550204749452,0.286594583841079
"8870429","2002-03-25",11.7176176884522,0.472868217054263,0.416020671834625,0.342849731994256,40.3436618214471,37.7523381785529,39.048,0.73874542586109,57.6657377163518,38.6896,38.9869534189343,0.444805512294311,0.318236769531725
"8870428","2002-03-26",11.0079807681652,0.422480620155038,0.472868217054264,0.40577837696139,40.3495902801161,37.8954097198838,39.1225,0.670117882426911,55.9802335760228,38.7284,39.0380262964097,0.483277634975199,0.35124494262042
"8870427","2002-03-27",11.4739951353646,0.589147286821704,0.494832041343668,0.461240310077519,40.422494176915,38.013505823085,39.218,0.846756899843556,60.1312493574614,38.7988,39.1396227902218,0.595434538243578,0.400082861745051
"8870426","2002-03-28",12.136725539467,0.807377049180328,0.60633498538569,0.524678414594541,40.5266093044671,38.1417240288662,39.3341666666667,0.949707166618234,63.9612999395567,38.8964,39.2876730848589,0.767441919207945,0.47355467323763
"8870425","2002-04-01",12.4249973863832,0.736842105263158,0.711122147088397,0.604096391272585,40.6003977569216,38.270268909745,39.4353333333333,0.878233733469828,61.8290985293538,38.9824,39.395983340211,0.862246290034507,0.551292996597006
"8870424","2002-04-02",13.059970473379,0.874538745387453,0.80625263327698,0.707903255250356,40.7869675563207,38.2903657770126,39.5386666666667,0.99053344302513,66.2692072697045,39.084,39.5631855615162,1.03703632776293,0.648441662830191
"8870423","2002-04-03",12.3345340410731,0.634686346863468,0.748689065838026,0.755354615401134,40.8752465102927,38.3260868230406,39.6006666666667,0.783492113216998,57.7234797026719,39.166,39.6214274866474,1.03048584244478,0.724850498753109
"8870422","2002-04-04",11.4806339898837,0.597785977859777,0.702337023370233,0.752426240828413,40.9190288805438,38.3336377861228,39.6263333333333,0.681919607578244,56.5159995312146,39.2452,39.6585704884277,0.993343786958989,0.778549156394285
"8870421","2002-04-05",10.6877267994936,0.638376383763836,0.623616236162361,0.691547441790207,40.896051159795,38.3402821735383,39.6181666666667,0.697657405416203,57.5674858764785,39.3332,39.7054277566374,0.974918171957762,0.817822959506981
"8870420","2002-04-08",10.7269644627524,0.584415584415584,0.6068593153464,0.644270858292998,40.9132488121398,38.3350845211935,39.6241666666667,0.754379961601518,57.7674460408118,39.4104,39.7487040557524,0.953255128701413,0.844909393345867
"8870419","2002-04-09",10.7633994357785,0.623376623376622,0.615389530518681,0.615288360675814,40.9777752989707,38.331891367696,39.6548333333333,0.74635749347452,58.7103832409306,39.4752,39.7982101816521,0.943332717506706,0.864594058178035
"8870418","2002-04-10",10.5703456097142,0.529126213592234,0.578972807128147,0.600407217664409,41.0295949384719,38.3637383948614,39.6966666666666,0.67880432006334,57.1826693664478,39.5256,39.8277821574318,0.904660753140596,0.872607397170547
"8870417","2002-04-11",10.6621421619422,0.530864197530862,0.56112234483324,0.585161560826689,41.088700991045,38.438299008955,39.7635,0.725060199936027,59.562341298013,39.5624,39.8814112031076,0.905977279444503,0.879281373625339
"8870416","2002-04-12",13.1051222319442,0,0.353330137041032,0.497808429667473,41.2641622150934,38.14417111824,39.7041666666667,-0.138089427672128,30.9665978327924,39.438,39.4958897093599,0.245795300799756,0.752584159060222
"8870415","2002-04-15",15.5929841963644,0,0.176954732510288,0.363802404794853,41.5739917148843,37.6580082851157,39.616,-0.220806591061965,29.3285451361362,39.3112,39.1151044147786,-0.350395482834409,0.531988230681296
"8870414","2002-04-16",17.5023803532512,0.0275862068965511,0.00919540229885059,0.17982675728339,41.7738165078379,37.2948501588288,39.5343333333333,-0.0769932461995599,30.6824112163172,39.2008,38.8010904928081,-0.793711976104294,0.266848189324178
"8870413","2002-04-17",18.9774824926767,0.0620689655172404,0.0298850574712641,0.0720117307601341,41.908200076165,36.9627999238349,39.4355,0.0290910216363276,32.4250685011953,39.108,38.548945093767,-1.10444684709607,-0.00741081795987258
"8870412","2002-04-18",19.9263166501662,0.135632183908045,0.0750957854406124,0.0380587484035757,41.9806505430596,36.7433494569403,39.362,0.125379567120942,36.1149400520138,39.0452,38.3730857479314,-1.27104817049289,-0.260138288466477
"8870411","2002-04-19",20.4256645334656,0.193103448275861,0.130268199233716,0.0784163473818641,42.0116242346755,36.5650424319911,39.2883333333333,0.197363705706045,38.920971094807,38.9944,38.2540076482072,-1.33611169679759,-0.4753329701327
"8870410","2002-04-22",20.0145434430744,0.330254041570439,0.219663224584782,0.141675736419703,41.9645999991929,36.4580666674738,39.2113333333333,0.318760744759096,45.0546469249014,38.9832,38.2294732951129,-1.24901915122332,-0.630070206350824
"8870409","2002-04-23",19.0746250445487,0.384057971014492,0.302471820286931,0.217467748035143,41.9145819955681,36.3860846710986,39.1503333333333,0.372720085519047,46.6201667194909,38.9812,38.2295435224312,-1.13313477042731,-0.730683119166122
"8870408","2002-04-24",18.5431585959848,0.316425120772947,0.343579044452626,0.288571363108113,41.8712380594416,36.2967619405583,39.084,0.34381192992875,44.2443748592583,38.9392,38.1922710527737,-1.08794777705716,-0.80213605074433
"8870407","2002-04-25",18.7671463162167,0.159420289855072,0.286634460547504,0.31089510842902,41.7851037961594,36.1328962038406,38.959,0.251306610079766,39.2445587973506,38.884,38.0733015790705,-1.17645859070935,-0.877000558737334
"8870406","2002-04-26",18.9751349135749,0.185643564356436,0.220496324994818,0.283569943331649,41.6238642405992,36.0084690927341,38.8161666666667,0.274518687763577,40.2513465467988,38.8224,37.9821947018611,-1.21414642419437,-0.944429731828742
"8870405","2002-04-29",19.1682671825504,0.206030150753769,0.183698001655092,0.230276262399138,41.4473620946011,35.9123045720655,38.6798333333333,0.303103521707563,41.069311084406,38.7356,37.912568741613,-1.21552415195298,-0.998648615853591
"8870404","2002-04-30",19.3476042894562,0.241206030150754,0.210959915086986,0.205051413912299,41.1516207284673,35.9000459381994,38.5258333333333,0.339571931535416,42.7571926011593,38.6596,37.8708929093979,-1.17349943368366,-1.0336187794196
"8870403","2002-05-01",19.3143865590269,0.440476190476191,0.295904123793572,0.230187346845217,40.9077510621972,35.8932489378028,38.4005,0.383571026823758,44.5884469480746,38.5948,37.8547738548115,-1.09567189879755,-1.04602940329519
"8870402","2002-05-02",20.1804571671475,0.16517857142857,0.282286930685172,0.263050323188577,40.686495105434,35.828504894566,38.2575,0.289865090495739,38.1110080647871,38.4832,37.7421373408367,-1.17859038168573,-1.0725415989733
"8870401","2002-05-03",20.6580345987151,0.292452830188681,0.299369197364481,0.292520083947741,40.4174377539587,35.8388955793747,38.1281666666667,0.370810407014821,42.600946603508,38.3684,37.6938523620585,-1.15233548462813,-1.08850037610427
"8870400","2002-05-06",19.9044112811248,0.401015228426398,0.286215543347883,0.289290557132512,40.0780232051737,35.9469767948263,38.0125,0.488905151678152,46.2339676510986,38.2724,37.6946720471173,-1.05097692956233,-1.08099568679588
"8870399","2002-05-07",19.2046182005052,0.486631016042782,0.393366358219287,0.326317032977217,39.6795372196987,36.1217961136346,37.9006666666667,0.547595743558945,48.6407628367998,38.1632,37.7247157741683,-0.913011871507607,-1.04739892373822
"8870398","2002-05-08",18.4995883184288,0.556149732620319,0.4812653256965,0.386949075754557,39.2512853579633,36.3493813087034,37.8003333333333,0.626238954532891,50.0632768090881,38.0852,37.7680870042792,-0.767022577686782,-0.991323654527936
"8870397","2002-05-09",18.2288058275257,0.422459893048127,0.488413547237076,0.454348410384288,38.5527127483927,36.8166205849406,37.6846666666667,0.708514275693858,47.3473681523505,38.0012,37.7723420703753,-0.696691415275685,-0.932397206677486
"8870396","2002-05-10",18.9011892648039,0.048128342245991,0.342245989304813,0.437308287412796,38.5455752758119,36.7934247241881,37.6695,0.351896288387153,40.6910048632536,37.8848,37.682696460992,-0.781683114007259,-0.902254388143441
"8870395","2002-05-13",19.525545313705,0.132947976878615,0.201178737390911,0.343946091310933,38.4918719136147,36.9027947530519,37.6973333333333,0.281424500991307,42.4341002342735,37.7732,37.623670266193,-0.810070164697974,-0.883817543454347
"8870394","2002-05-14",19.6072458755217,0.124183006535951,0.101753108553519,0.215059278416414,38.451438797744,36.9882278689226,37.7198333333333,0.281416795737744,42.0538035800366,37.6564,37.5671808973673,-0.831782099235057,-0.873410454610489
"8870393","2002-05-15",20.0994108615072,0,0.0857103278048554,0.129547391249762,38.4530267047908,36.9853066285425,37.7191666666667,0.0736017082132925,39.1271450553381,37.5312,37.4768901110517,-0.90549322519089,-0.879827008726569
"8870392","2002-05-16",21.9018095501158,0,0.0413943355119838,0.0762859239567861,38.6746442702482,36.6306890630851,37.6526666666667,-0.274315729190253,29.4991972547112,37.3436,37.2186380962448,-1.24228074914164,-0.952317756809584
"8870391","2002-05-17",23.8431267572322,0,2.35922392732846e-16,0.0423682211056131,38.940635029677,36.1476983036563,37.5441666666667,-0.242647209778303,27.5522003123375,37.2712,36.9468196834121,-1.57275297012831,-1.07640479947333
"8870390","2002-05-20",25.1463077228618,0.139880952380952,0.0466269841269843,0.0293404398796561,38.9662712335027,35.8870620998307,37.4266666666667,-0.0077061237049026,33.7042625193668,37.2316,36.7739103922905,-1.71491481797977,-1.20410680317462
"8870389","2002-05-21",26.3564043338035,0.175595238095239,0.105158730158731,0.0505952380952383,38.9029703639418,35.6936963027248,37.2983333333333,0.0580516633112071,35.2168675254019,37.192,36.6400556733184,-1.78213047533849,-1.31971153760739
"8870388","2002-05-22",26.3733097459977,0.184523809523809,0.166666666666667,0.106150793650794,38.8222405261134,35.5610928072199,37.1916666666667,0.159117966283406,35.6123861602184,37.1476,36.5280482502093,-1.80894330684727,-1.41755789145537
"8870387","2002-05-23",25.391722231104,0.360119047619048,0.240079365079365,0.170634920634921,38.784395049568,35.5099382837653,37.1471666666667,0.352240121663444,42.9848209392903,37.114,36.5096418168481,-1.68085736713419,-1.47021778659113
"8870386","2002-05-24",24.0217959831734,0.422619047619048,0.322420634920635,0.243055555555556,38.7444074776888,35.4849258556445,37.1146666666667,0.43414085687281,45.3819782814643,37.0788,36.5216895746017,-1.51545043915003,-1.47926431710291
"8870385","2002-05-28",23.1496258812863,0.333333333333333,0.37202380952381,0.311507936507937,38.6966380242904,35.4186953090429,37.0576666666667,0.314619497820975,42.6248584545937,37.008,36.4921309646548,-1.43414781650174,-1.47024101698268
"8870384","2002-05-29",22.8937658247027,0.199404761904762,0.318452380952381,0.337632275132275,38.6404481426927,35.3188851906407,36.9796666666667,0.242189642136905,38.8154879867719,36.9128,36.4065135027008,-1.45280501980783,-1.46675381754771
"8870383","2002-05-30",23.3003691776385,0.024561403508772,0.185766499582289,0.29208089668616,38.6001799321831,35.1241534011502,36.8621666666667,0.0985358605461132,34.4009602834426,36.8048,36.2523117023407,-1.58337062951196,-1.49007717994056
"8870382","2002-05-31",23.8370596766705,0,0.0746553884711784,0.192958089668616,38.6321558557845,34.8885108108821,36.7603333333333,0.0832047871477604,33.3129191782756,36.7164,36.0973368086953,-1.7043384095752,-1.53292942586749
"8870381","2002-06-03",25.4888426948859,0,0.00818713450292423,0.0895363408521305,38.7525581111438,34.4241085555228,36.5883333333333,-0.075648770916355,25.4553735088582,36.5664,35.7696919008692,-2.10408799533972,-1.64716113976194
"8870380","2002-06-04",27.173957208102,0,2.27827016511621e-16,0.0276141743247008,38.8114435121855,33.9215564878145,36.3665,-0.0800747513926268,24.4283139283915,36.404,35.4537329807533,-2.45277510833452,-1.80828393347645
"8870379","2002-06-05",30.8001814909124,0,2.27827016511621e-16,0.00272904483430812,40.4951804651263,31.124152868207,35.8096666666667,-0.447210243650487,10.5220174568213,35.944,34.2065685833196,-4.38808996893852,-2.32424514056887
"8870378","2002-06-06",34.1673897535221,0.081578947368421,0.0271929824561406,0.00906432748538023,41.0794603688105,29.4668729645228,35.2731666666667,-0.17482807467236,17.004167075673,35.5152,33.2496927722103,-5.70467682679537,-3.00033147781417
"8870377","2002-06-07",37.3912678408016,0.0175438596491227,0.0330409356725148,0.0200779727095518,41.4859382128177,27.910728453849,34.6983333333333,-0.100236274651297,16.0229396904184,35.0868,32.3230670692489,-6.90198672052771,-3.78066252635688
"8870376","2002-06-10",40.2124186345034,0.0482456140350875,0.049122807017544,0.0364522417153997,41.643049290665,26.695950709335,34.1695,0.00919125696875894,18.4526473961733,34.6576,31.5666581266824,-7.72330036342601,-4.5691900937707
"8870375","2002-06-11",42.1941857058328,0.0842105263157892,0.0500000000000001,0.0440545808966862,41.5585397236709,25.7744602763291,33.6665,0.0960169852620806,21.3243164233742,34.232,30.9657703764581,-8.2104718382319,-5.29744644266294
"8870374","2002-06-12",44.0917492072979,0.0614035087719298,0.0646198830409357,0.0545808966861598,41.3460533505095,24.9512799828238,33.1486666666667,0.127604895998928,20.823529438359,33.7872,30.4103343262637,-8.59414539030667,-5.95678623219169
"8870373","2002-06-13",45.8537724586584,0.070175438596491,0.0719298245614036,0.0621832358674463,41.044106556701,24.2485601099657,32.6463333333333,0.166598125614716,21.5862778641856,33.3412,29.9422897494285,-8.79496588292082,-6.52442216233752
"8870372","2002-06-14",47.693891010466,0,0.0438596491228072,0.0601364522417154,40.8266055923161,23.4980610743506,32.1623333333333,0.166888737980918,19.7428652467182,32.8692,29.4166511161714,-9.1162494428021,-7.04278761843043
"8870371","2002-06-17",49.4025725228588,0.0515463917525774,0.0405739434496897,0.0521211390446334,40.5569487390932,22.8957179275734,31.7263333333333,0.218234058178583,24.0134410401609,32.4472,29.0344309673485,-9.13711756666238,-7.46165360807682
"8870370","2002-06-18",49.9457022726741,0.116161616161616,0.0559026693047314,0.046778753959076,40.1108296115456,22.4968370551211,31.3038333333333,0.279124466668349,28.4841687338818,32.0436,28.7831735050354,-8.89778083070275,-7.74887905260201
"8870369","2002-06-19",50.4500370403598,0.14755838641189,0.105088798108695,0.0671884702877051,39.576098797612,22.1995678690546,30.8878333333333,0.308486898390967,30.251908944571,31.6512,28.5974170376973,-8.55002573833149,-7.9091083897479
"8870368","2002-06-20",51.0435151198742,0.1165371809101,0.126752394494535,0.095914620635987,38.9279327915223,21.970400541811,30.4491666666666,0.314684120677201,29.1525362340174,31.2576,28.3910947660044,-8.28112923964405,-7.98351255972713
"8870367","2002-06-21",51.7563401281275,0.0770218228498076,0.113705796723933,0.115182329775721,38.0712160510707,21.8407839489293,29.956,0.305550463466491,27.7168663961304,30.9,28.1522821305371,-8.10992218870916,-8.00879448552354
"8870366","2002-06-24",52.6979520928394,0,0.0645196679199695,0.101659286379479,37.0331025695835,21.7988974304165,29.416,0.282331932010383,25.1930905718418,30.5228,27.8319778464655,-8.13461762851911,-8.03395911412266
"8870365","2002-06-25",53.5723060600718,0.0480000000000004,0.0416739409499363,0.0732998018646127,35.9161371668184,21.8821961665149,28.8991666666666,0.301493156250759,26.2145575630247,30.1316,27.5703808002701,-8.03896188861519,-8.03495966902116
"8870364","2002-06-26",54.437954276172,0,0.0160000000000004,0.0407312029566353,34.6753201782166,22.10734648845,28.3913333333333,0.307075768415961,25.7104585277872,29.7292,27.3223300269008,-7.92845989771911,-8.01365971476075
"8870363","2002-06-27",54.5647980209122,0.349775784753362,0.132591928251121,0.0634219564003525,33.3639225144254,22.5347441522412,27.9493333333333,0.377860847570354,32.5227042757662,29.3568,27.2113526899807,-7.53106932059523,-7.91714163592765
"8870362","2002-06-28",53.5108376399133,0.57847533632287,0.309417040358744,0.152669656203288,31.8254819569159,23.276518043084,27.551,0.462841501044042,36.615375051742,28.9812,27.1831723313166,-6.98690092500762,-7.73109349374364
"8870361","2002-07-01",52.1258782832212,0.781659388646288,0.569970169907507,0.337326379505791,30.2776588431926,24.1813411568074,27.2295,0.57170995495248,40.4300776641038,28.6172,27.2254160204744,-6.33486454666411,-7.45184770432774
"8870360","2002-07-02",51.3864956738131,0.388646288209607,0.582927004392922,0.487438071553057,27.8645181495105,25.9314818504894,26.898,0.501034641719372,36.2061515287606,28.2292,27.1420272177444,-6.01500084713592,-7.16447833288937
"8870359","2002-07-03",50.8178886881105,0.296943231441048,0.489082969432315,0.547326714577581,27.8568120806873,25.901521252646,26.8791666666666,0.33506289940354,35.2799589866231,27.8508,27.0417569220452,-5.75953252715729,-6.88348917174296
"8870358","2002-07-05",49.780141752154,0.458515283842795,0.38136826783115,0.484459413885462,27.7976315233236,25.9093684766764,26.8535,0.536982841695365,38.2759495771941,27.5112,27.0041893324392,-5.38665852711471,-6.58412304281731
"8870357","2002-07-08",48.8165195973373,0.475982532751092,0.410480349344979,0.426977195536148,27.8079647309199,25.93903526908,26.8735,0.540932523972685,38.6068251488782,27.1796,26.9769640881139,-5.02199252991057,-6.27169694023596
"8870356","2002-07-09",48.2904335026471,0.235807860262008,0.390101892285299,0.393983503153809,27.8053537601033,25.9083129065633,26.8568333333333,0.311900026998668,35.7676748868241,26.884,26.8800355430321,-4.84237592983501,-5.98583273815577
"8870355","2002-07-10",48.828226104259,0,0.2372634643377,0.345948568655992,27.9906819148008,25.4839847518658,26.7373333333333,-0.232969806046298,27.6157961214755,26.516,26.5226974706278,-5.26158345406642,-5.8409828813379
"8870354","2002-07-11",49.5006424012604,0,0.0786026200873363,0.235322658903445,28.2649513120194,24.9217153546472,26.5933333333333,-0.226840710911097,26.2039816610771,26.422,26.1530044745441,-5.68116639563624,-5.80901958419757
"8870353","2002-07-12",49.9354452293726,0.164705882352941,0.0549019607843138,0.123589348403117,28.3278146190259,24.6215187143074,26.4746666666666,0.0139801625013234,32.0255002401522,26.3188,25.9259372112716,-5.74454082115791,-5.79612383158964
"8870352","2002-07-15",49.3284968914937,0.0588235294117647,0.0745098039215687,0.0693381282644061,28.4092143047659,24.3624523619007,26.3858333333333,0.0619954855202071,30.367040318157,26.2268,25.669145583102,-5.87567606241074,-5.81203427775386
"8870351","2002-07-16",48.4198045885306,0.416470588235294,0.213333333333333,0.114248366013072,28.3704801878623,24.2975198121377,26.334,0.3476128885599,41.4049266743456,26.1816,25.6492595053551,-5.4453953348597,-5.73870648917503
"8870350","2002-07-17",47.7066758331939,0.367058823529411,0.28078431372549,0.189542483660131,28.2416461247002,24.2390205419664,26.2403333333333,0.32503151522482,40.4509018782962,26.1116,25.6040249046411,-5.11191634302792,-5.61334845994561
"8870349","2002-07-18",47.2610162196531,0.284705882352941,0.356078431372549,0.283398692810457,28.0749393159892,24.1727273506774,26.1238333333333,0.27094188084119,38.8444417176514,26.038,25.5181549173556,-4.902475061294,-5.47117378021528
"8870348","2002-07-19",47.4490878537065,0.0235294117647062,0.225098039215686,0.287320261437908,28.0078781920541,23.9314551412792,25.9696666666667,0.071601545869642,34.2049507075093,25.916,25.2957342617082,-5.03331692197153,-5.38360240856653
"8870347","2002-07-22",47.8353747708928,0,0.102745098039216,0.22797385620915,28.0373343522614,23.5936656477386,25.8155,0.0276800605776245,32.5097196651183,25.812,25.0429696934804,-5.22859400123501,-5.35260072710023
"8870346","2002-07-23",48.710510119914,0,0.00784313725490219,0.111895424836601,28.2352001125053,23.0601332208281,25.6476666666667,-0.0612165782831193,28.224712147657,25.6348,24.6532404010164,-5.74378262657035,-5.43083710699425
"8870345","2002-07-24",49.7088437346285,0,1.20274161001059e-16,0.0368627450980392,28.4174196109455,22.4949137223878,25.4561666666667,-0.0357248085583625,26.6300148932649,25.412,24.2434750142142,-6.2779396203991,-5.60025760967522
"8870344","2002-07-25",49.2880155375254,0.342151675485009,0.114050558495003,0.0406312319166349,28.3785292744222,22.3284707255778,25.3535,0.261958226513073,39.7913579846336,25.2572,24.1470116789856,-6.00031499690666,-5.68026908712151
"8870343","2002-07-26",48.7717518876191,0.381918819188192,0.241356831557734,0.118469130017579,28.2417673396805,22.2058993269861,25.2238333333333,0.302762420003853,40.560808996616,25.1212,24.0807434551209,-5.67358033246004,-5.67893133618922
"8870342","2002-07-29",48.2923642127062,0.453389830508474,0.392486775060559,0.249298055037765,27.9765398502404,22.1491268164263,25.0628333333333,0.319902932242805,40.9980569929496,25.006,24.0326443277714,-5.33103663552053,-5.60935239605548
"8870341","2002-07-30",45.216739155337,0.4408014571949,0.425370035630522,0.353071214082938,27.5885109058951,22.2728224274382,24.9306666666666,0.51743267443949,42.8103040392654,24.936,24.0282917507352,-4.90972806166973,-5.46942752917833
"8870340","2002-07-31",42.3608016020656,0.571948998178506,0.488713428627294,0.435523413106125,27.3542157395829,22.341784260417,24.848,0.5795355843414,47.2933733803343,24.89,24.1205195173039,-4.28516684762269,-5.2325753928672
"8870339","2002-08-01",39.7088595883137,0.586520947176685,0.533090467516697,0.482391310591504,27.1639551815052,22.3910448184947,24.7775,0.577346239210291,47.7831639240336,24.8536,24.2111169149967,-3.72021673011154,-4.93010366031607
"8870338","2002-08-02",37.5024619518852,0.531876138433516,0.563448694596236,0.528417530246742,26.8428468697675,22.4944864635658,24.6686666666666,0.517937795562847,46.0547968007633,24.774,24.2496346596638,-3.33339878613771,-4.6107626854804
"8870337","2002-08-05",35.5236728214705,0.517304189435337,0.545233758348513,0.547257640153815,26.4586147830177,22.6467185503156,24.5526666666666,0.520287365818071,45.5813170835846,24.6708,24.2723500383753,-3.01836595997466,-4.29228334037925
"8870336","2002-08-06",33.4656369621201,0.546448087431694,0.531876138433516,0.546852863792755,26.1583944170501,22.7772722496165,24.4678333333333,0.599227411310806,46.7602184017742,24.554,24.3133700332586,-2.68455149962054,-3.97073697222751
"8870335","2002-08-07",31.1023691522794,0.637522768670309,0.56709168184578,0.548067192875936,26.2066236462544,22.7683763537455,24.4875,0.734373291033801,50.3779693387174,24.4932,24.4155873621574,-2.22888916650796,-3.6223674110836
"8870334","2002-08-08",29.6197046148632,0.677595628415301,0.620522161505768,0.573163327261688,26.3515908192197,22.7754091807803,24.5635,0.813136592754847,51.9258979938349,24.4496,24.5335090472031,-1.77519272485857,-3.25293247383859
"8870333","2002-08-09",28.2429446872625,0.70856102003643,0.674559805707347,0.620724549686298,26.4770238552363,22.7566428114303,24.6168333333333,0.801895599789874,53.1422758968246,24.398,24.658374507576,-1.34505167456449,-2.87135631398377
"8870332","2002-08-12",27.513507950958,0.735883424408015,0.707346690953249,0.667476219388788,26.6484165090329,22.727583490967,24.688,0.84397452287626,54.2424146441396,24.3508,24.7865912398992,-0.945215562781143,-2.48612816374325
"8870331","2002-08-13",26.9528993391867,0.698591549295775,0.71434533124674,0.698750609302445,26.7611928301596,22.6768071698403,24.719,0.895245079086665,56.9969154215441,24.3408,24.9483790745793,-0.50072495521587,-2.08904752203777
"8870330","2002-08-14",26.0934176662881,0.614035087719298,0.682836687141029,0.701509569780339,26.8333497767032,22.6523168899634,24.7428333333333,0.80466953210852,54.6654250539872,24.4028,25.0552618646354,-0.227745968094473,-1.71678721124911
"8870329","2002-08-15",25.4471379439906,0.725373134328358,0.679333257114477,0.692171758500749,26.9926656541107,22.6033343458892,24.798,0.849787524686866,57.6503714987051,24.4988,25.2012269493507,0.114409315506636,-1.35054790589796
"8870328","2002-08-16",24.6565377559225,0.657980456026058,0.665796226024572,0.675988723426693,27.1656556830174,22.6336776503159,24.8996666666666,0.799427753225698,56.351750412337,24.5616,25.3103966894373,0.338835626220324,-1.0126711994743
"8870327","2002-08-19",24.1768561638603,0.709302325581395,0.697551971978604,0.680893818372551,27.3363818920583,22.7399514412749,25.0381666666666,0.815135846285491,58.1479962027563,24.6516,25.4356771308456,0.581900805193292,-0.693756798540786
"8870326","2002-08-20",23.9086071598791,0.766666666666666,0.71131648275804,0.691554893587072,27.3864248675811,23.0855751324189,25.236,0.840397849297291,59.9979027185695,24.6904,25.5762535133996,0.839151568268504,-0.387175125178928
"8870325","2002-08-21",24.3053054126183,0.753753753753754,0.743240915333938,0.717369790023527,27.3293481293765,23.6346518706234,25.482,0.965893056636341,63.2086448631668,24.7552,25.7567530449463,1.16548976269546,-0.0766421476040504
"8870324","2002-08-22",25.119611655216,0.887728459530026,0.802716293316815,0.752424563802931,27.6814802480523,23.6875197519477,25.6845,1.07056982300049,68.6839857462297,24.8696,26.0318526389534,1.67741295162207,0.274168872241174
"8870323","2002-08-23",25.3184328360979,0.795640326975477,0.812374180086419,0.786110462912391,27.8901344694409,23.8421988638924,25.8661666666666,0.944794625075585,64.9417265540049,25.0156,26.2276056204263,1.95617229878295,0.61056955754953
"8870322","2002-08-26",25.6294133359879,0.779179810725552,0.820849532410352,0.811980001937862,28.046524568658,24.0588087646753,26.0526666666666,0.923968695306257,65.2602270111155,25.1816,26.4039248710361,2.16390848439567,0.921237342918758
"8870321","2002-08-27",26.3562434555402,0.818181818181818,0.797667318627616,0.810297010374795,28.3527285933288,24.0702714066712,26.2115,0.964336224118099,68.0716322255979,25.4168,26.6167348882313,2.43353936460153,1.22369774725531
"8870320","2002-08-28",25.8408622327091,0.584664536741214,0.727342055216195,0.781952968751387,28.4944404442585,24.1582262224081,26.3263333333333,0.780659565633886,59.9448510681097,25.6456,26.7078369031338,2.40518175759314,1.45999454932288
"8870319","2002-08-29",24.7648032413521,0.429530201342281,0.610792185421771,0.711933853088527,28.5436154479735,24.3020512186931,26.4228333333333,0.654149105846328,55.8422266336726,25.7808,26.7334586493826,2.23587657850481,1.61517095515927
"8870318","2002-08-30",23.6768707700624,0.382456140350877,0.465550292811457,0.601228177816474,28.5273228564372,24.5476771435628,26.5375,0.626267521346031,55.2316031975956,25.9084,26.7476641627983,2.05983942427226,1.70410464898186
"8870317","2002-09-03",22.4130870780898,0.094736842105263,0.30224106126614,0.459527846499789,28.4140633006115,24.8279366993884,26.621,0.41048838044633,47.5749896159739,26.0004,26.6506422744252,1.65406090878413,1.69409590094232
"8870316","2002-09-04",22.2930310435519,0,0.15906432748538,0.308951893854326,28.3447734226313,24.9508932440353,26.6478333333333,0.114649526644645,40.2474484979368,26.0412,26.4332233045018,1.01622674939825,1.5585220706335
"8870315","2002-09-05",22.1670062400856,0.134078212290503,0.0762716847985886,0.179192357850036,28.3110675570505,25.0215991096161,26.6663333333333,0.195087514585446,44.6539330018138,26.0724,26.3087935305683,0.64766864482777,1.37635138547236
"8870314","2002-09-06",22.2680896034468,0.0726256983240227,0.0689013035381752,0.101412438607381,28.3323653244908,24.9746346755091,26.6535,0.134624256205488,43.0856146932737,26.0916,26.1716210598258,0.2835340120378,1.15778791078545
"8870313","2002-09-09",23.3117114606964,0,0.0689013035381752,0.071358097291646,28.4741969003211,24.7118030996789,26.593,-0.0483211246116324,36.1288319306168,26.078,25.9034049185157,-0.350672351175907,0.856095858393176
"8870312","2002-09-10",24.2807888995711,0.0112612612612614,0.0279623198617614,0.055254975646037,28.6007762056735,24.4288904609932,26.5148333333333,0.0106529457085036,36.6208254614047,26.0696,25.677617596047,-0.833530408257699,0.518170605063001
"8870311","2002-09-11",25.3298847980093,0,0.00375375375375381,0.0335391257178965,28.729901002195,24.0834323311383,26.4066666666666,0.0186308517263706,35.5017170198965,26.0472,25.456601916574,-1.26620672086792,0.161295139876816
"8870310","2002-09-12",26.5509457531286,0,0.00375375375375381,0.011823275789756,28.8621269745187,23.7422063588146,26.3021666666666,0.0360279624817321,33.6372870949572,25.992,25.2223883276975,-1.69648350133059,-0.210260588364666
"8870309","2002-09-13",27.2753685926574,0,1.73472347597681e-18,0.00250250250250223,28.9384845715928,23.4291820950738,26.1838333333333,0.0975594594567321,33.3426405136819,25.926,25.0127365506712,-2.03530685393366,-0.575269841478465
"8870308","2002-09-16",27.9480469436484,0.0222222222222228,0.00740740740740761,0.00372038705372016,28.9884832876156,23.1495167123844,26.069,0.138805947452013,34.6978770729424,25.8576,24.8457050105817,-2.24642466554557,-0.909500806291885
"8870307","2002-09-17",29.0451899352469,0,0.00740740740740761,0.00493827160493809,29.0263169245768,22.8236830754232,25.925,0.126234049967394,31.2740926686184,25.7612,24.6276110091708,-2.56771847846552,-1.24114434072661
"8870306","2002-09-18",29.6615579543446,0,0.00740740740740761,0.00740740740740729,29.0111605983464,22.5248394016536,25.768,0.159591325646073,30.2795490757939,25.6428,24.4159295412813,-2.85094935756183,-1.56310534409366
"8870305","2002-09-19",30.2338996863639,0.138636363636363,0.0462121212121211,0.0203423120089785,28.8798144429234,22.3141855570765,25.597,0.223763450813332,37.9096269636337,25.5588,24.3138056024438,-2.84415174964648,-1.81931462520422
"8870304","2002-09-20",31.2613415429311,0.0157068062827231,0.0514477233063622,0.03502241730863,28.6046894772119,22.121310522788,25.363,0.1792310489197,34.2681544403231,25.4368,24.1519648554513,-2.98983094778101,-2.05341788971958
"8870303","2002-09-23",31.6811728086098,0,0.0514477233063622,0.0497025226082815,28.3279884750637,21.9553448582696,25.1416666666666,0.201589045140528,33.0858076892406,25.3124,23.9863695413911,-3.13652835449159,-2.27003998267398
"8870302","2002-09-24",32.6236373571224,0,0.00523560209424104,0.0360436829023215,28.0221038353149,21.743896164685,24.883,0.131582750787228,29.4566254912932,25.1536,23.758853602539,-3.43109148664085,-2.50225028346735
"8870301","2002-09-25",32.6038027626127,0.0959302325581391,0.0319767441860464,0.0295533565288829,27.4716396842674,21.7683603157325,24.62,0.205432630695144,33.5672457913841,24.9984,23.6056731222005,-3.51712988830597,-2.70522620443508
"8870300","2002-09-26",31.879307859846,0.317725752508361,0.1378853283555,0.0583658915452622,26.9696926089045,21.8643073910955,24.417,0.317121210871657,40.5736129500165,24.8504,23.5555833725737,-3.3368094824796,-2.83154286004398
"8870299","2002-09-27",31.0996401771291,0.466911764705882,0.293522583257461,0.154461551933002,26.5043650603739,21.993634939626,24.249,0.381985106826776,43.8643441389911,24.6796,23.5548389228972,-3.04933259063085,-2.87510080616136
"8870298","2002-09-30",29.6625853774234,0.594827586206896,0.45982170114038,0.297076537584447,25.9514470722273,22.2352195944393,24.0933333333333,0.455151651059357,44.9919739049729,24.526,23.5688603998443,-2.75197917803581,-2.85047648053625
"8870297","2002-10-01",28.0946844496806,0.702586206896551,0.588108519269777,0.447150934555872,25.5449777372494,22.4256889294173,23.9853333333333,0.549583952046487,47.5697300508618,24.3804,23.614345679865,-2.40289978541843,-2.76096114151268
"8870296","2002-10-02",26.4683189906753,0.735537190082644,0.677650327728697,0.575193516046284,25.3709848273464,22.4930151726535,23.932,0.618602130768394,49.1106449367714,24.2228,23.673766255883,-2.05127970773653,-2.61902485475745
"8870295","2002-10-03",25.3816109102359,0.619834710743802,0.685986035907666,0.65058162763538,25.0506787199506,22.646987946716,23.8488333333333,0.562889398399308,46.3709988497846,24.082,23.6879307550986,-1.84662201565925,-2.46454428693781
"8870294","2002-10-04",25.3750790385461,0.297520661157025,0.550964187327824,0.638200183654729,24.7218416296954,22.7664917036379,23.7441666666666,0.289892679638351,39.7231155862528,23.926,23.5962066544188,-1.92838273771161,-2.35731197709257
"8870293","2002-10-07",25.6452527111057,0.194214876033058,0.370523415977962,0.535824546404483,24.6179475936545,22.7283857396788,23.6731666666666,0.201959125877925,37.8501301505258,23.7624,23.4833791004963,-2.05666245914419,-2.2971820735029
"8870292","2002-10-08",26.892839353653,0,0.163911845730028,0.36179981634527,24.6478338291379,22.4628328375287,23.5553333333333,-0.158428381584885,30.9378857219542,23.5876,23.2389285537635,-2.51242983831031,-2.34023162646438
"8870291","2002-10-09",28.4345470810587,0,0.0647382920110193,0.199724517906336,24.7843110646211,22.0650222687122,23.4246666666666,-0.186944322651697,28.2139242305885,23.4312,22.9550714132617,-3.03588017255166,-2.47936133568184
"8870290","2002-10-10",30.0250864259093,0,1.66533453693773e-16,0.0762167125803485,24.8909454182182,21.7087212484484,23.2998333333333,-0.0875869308945027,27.0730199708933,23.246,22.6770618914935,-3.50592800746137,-2.68467467003774
"8870289","2002-10-11",29.2959791162009,0.490861618798956,0.163620539599652,0.07611961053689,24.8204099447885,21.6952567218782,23.2578333333333,0.458028724574185,45.6226431159432,23.1448,22.6867869726277,-3.1778294178667,-2.78330561960353
"8870288","2002-10-14",28.6189509000432,0.530026109660574,0.34029590948651,0.167972149695387,24.7472080739171,21.6887919260828,23.218,0.482125824601942,46.7856799568874,23.0944,22.7152153762773,-2.83162732947773,-2.79296996157837
"8870287","2002-10-15",27.0996072918673,0.671018276762402,0.563968668407311,0.355961705831157,24.7617366065197,21.6875967268135,23.2246666666666,0.6676349657136,50.8603688391895,23.0636,22.811853326107,-2.33860976366398,-2.70209792199549
"8870286","2002-10-16",25.8447768510988,0.634464751958225,0.611836379460401,0.50536698578474,24.76395466217,21.6877120044967,23.2258333333333,0.616213198951743,49.7957907351012,23.0348,22.8769395492927,-1.97473016194422,-2.55662436998524
"8870285","2002-10-17",24.4590120104415,0.663185378590078,0.656222802436902,0.610675950101537,24.7552960371591,21.6890372961742,23.2221666666666,0.659097249952447,50.6694919611227,23.0232,22.9480142760537,-1.6288992408519,-2.37107934415857
"8870284","2002-10-18",22.7755400910112,0.733681462140992,0.677110530896432,0.648389904264578,24.8311381053273,21.6868618946726,23.259,0.742027083187319,52.8390015183459,23.0244,23.0456123725799,-1.24602035106275,-2.14606754553941
"8870283","2002-10-21",21.759195533931,0.814988290398127,0.737285043709733,0.690206125681022,25.0068120842328,21.6485212491005,23.3276666666666,0.882833628706867,57.7988252467971,23.048,23.2195307229026,-0.701982130730483,-1.85725046257762
"8870282","2002-10-22",20.8887225962891,0.861431870669746,0.803367207736289,0.739254260780817,25.1965913924136,21.6817419409197,23.4391666666666,0.887166890677206,59.5099491654542,23.1036,23.4035932931822,-0.184984664776655,-1.52279730301743
"8870281","2002-10-23",20.6387999222689,0.829166666666667,0.835195609244847,0.791949286896955,25.4346848971258,21.6619817695409,23.5483333333333,0.917472551307864,61.2040079128211,23.176,23.5964475207579,0.303696285533817,-1.15749858530718
"8870280","2002-10-24",21.0335237933453,0.85925925925926,0.849952598865225,0.829505138615453,25.7805255394898,21.5441411271768,23.6623333333333,0.995941773813887,65.3282531217429,23.2504,23.8515878513235,0.900234884616191,-0.745951891322505
"8870279","2002-10-25",21.400053102202,0.87037037037037,0.852932098765433,0.846026768958501,26.0690074892029,21.4586591774638,23.7638333333333,0.930083195294502,65.6853851037104,23.3492,24.0807094711471,1.37108285213881,-0.322544942630243
"8870278","2002-10-28",22.2314230854138,0.93891797556719,0.88951586839894,0.864133522009865,26.4556460156552,21.3160206510114,23.8858333333333,0.982687580771822,69.5175582152121,23.4828,24.3699482083275,1.94129007085619,0.130222060067044
"8870277","2002-10-29",21.9076013647654,0.825479930191972,0.878256092043178,0.87356801973585,26.6869524828989,21.2597141837677,23.9733333333333,0.853156902466131,62.3496988245705,23.6156,24.5339551138838,2.14786973036569,0.533751594126774
"8870276","2002-10-30",21.6069097670205,0.766233766233766,0.84354389066431,0.870438617035476,26.8821128883126,21.220553778354,24.0513333333333,0.814754286829843,62.982079103611,23.7392,24.689427765366,2.31458562149187,0.889918399599793
"8870275","2002-10-31",21.5036959355989,0.754054054054054,0.781922583493264,0.834574188733583,27.0852237144881,21.2051096188452,24.1451666666666,0.794467075270371,62.868361764185,23.8376,24.8228373966505,2.41302433061623,1.19453958580308
"8870274","2002-11-01",20.5900134788248,0.575757575757575,0.698681798681799,0.774716090946457,27.2081149440177,21.2855517226489,24.2468333333333,0.689079169183531,57.3994813286654,23.9036,24.8731257437638,2.3043739741835,1.41650646347917
"8870273","2002-11-04",20.1270393339975,0.693939393939394,0.674583674583675,0.718396018919579,27.3576369126031,21.3976964207302,24.3776666666666,0.726344541835534,60.3554700229062,23.9808,24.9687089779286,2.31690895068659,1.59658696092065
"8870272","2002-11-05",19.2400230023615,0.595611285266457,0.621769418321142,0.665011630528871,27.3752058578142,21.7191274755191,24.5471666666666,0.669640506221321,57.2823010153478,24.0368,25.0142144475381,2.21028630004423,1.71932682874537
"8870271","2002-11-06",18.6759032274531,0.760273972602739,0.683274883936197,0.659875992280337,27.3005033776351,22.2344966223648,24.7675,0.736050481395291,61.7068550905538,24.1104,25.1323191878664,2.28822515332299,1.83310649366089
"8870270","2002-11-07",18.2115875824135,0.155555555555555,0.503813604474917,0.602952635577418,26.9698479663192,22.9321520336808,24.951,0.536902233968536,50.2961963583357,24.1472,25.0746766294842,1.94209452995127,1.85490410091897
"8870269","2002-11-08",18.7291678425391,0,0.305276509386098,0.497454999265737,26.8808644860684,23.1224688472649,25.0016666666666,0.270735508052862,43.5090367376658,24.1776,24.8993864122196,1.34881487482719,1.75368625570061
"8870268","2002-11-11",20.3427182408142,0,0.051851851851852,0.286980655237622,26.9687769874443,22.981556345889,24.9751666666666,-0.087334773733475,35.0546833554397,24.1556,24.5394682239237,0.361449038284989,1.47523881221749
"8870267","2002-11-12",22.1277977546982,0,4.62592926927149e-16,0.119042787079316,27.2206212717233,22.5523787282767,24.8865,-0.125467358681324,32.8513308395461,24.1576,24.1608724607339,-0.592121435376536,1.06176676269868
"8870266","2002-11-13",23.7853715890192,0.0408163265306121,0.0136054421768712,0.021819098009574,27.3901055921828,22.2338944078171,24.812,-0.0272605348109089,34.6215110875188,24.1892,23.8594227993027,-1.27811780179741,0.593789849799464
"8870265","2002-11-14",24.9436591061468,0.114285714285715,0.0517006802721094,0.0217687074829931,27.4926455967544,22.0016877365789,24.7471666666666,0.0749679030939148,37.8000484147125,24.2448,23.6461664260623,-1.68767601882717,0.137496676074138
"8870264","2002-11-15",24.9990803178223,0.136268343815514,0.0971234615439474,0.0541431946643088,27.5536172871079,21.8090493795587,24.6813333333333,0.155674711861167,38.6036845167237,24.2288,23.4733442359207,-1.96331948708444,-0.282666556557577
"8870263","2002-11-18",24.9236825866518,0.285714285714286,0.178756114605172,0.109193418807076,27.5563725398885,21.6616274601115,24.609,0.255318794313687,44.2100439969479,24.2328,23.4102316711313,-1.93752806394848,-0.613638858035757
"8870262","2002-11-19",25.0140896164837,0.246153846153846,0.222712158561216,0.166197244903445,27.5506068403021,21.4793931596979,24.515,0.237284819163005,43.0380246151264,24.208,23.3315341149804,-1.95749173304295,-0.882409433037196
"8870261","2002-11-20",24.8502573404683,0.257403189066059,0.263090440311398,0.221519571159261,27.5007609468125,21.3149057198541,24.4078333333333,0.269177699615294,43.1282279896941,24.1892,23.2646628996497,-1.94822735228085,-1.09557301688593
"8870260","2002-11-21",24.0660438067535,0.309794988610478,0.271117341276795,0.252306646716469,27.3483198295878,21.2183468370788,24.2833333333333,0.335235815682348,45.2747627025516,24.1752,23.2373745130297,-1.84020938160305,-1.24450028982935
"8870259","2002-11-22",22.525633561098,0.318906605922552,0.295368261199697,0.276525347595963,27.1773466939866,21.1646533060133,24.171,0.388402757848568,45.6588999502251,24.152,23.2190579112924,-1.72097620788316,-1.33979547344011
"8870258","2002-11-25",21.0640583181203,0.494305239179955,0.374335611237662,0.313607071238051,26.8902556669356,21.2250776663977,24.0576666666666,0.507472551317778,52.5619498676083,24.1328,23.3058501897868,-1.34347478944088,-1.34053133664027
"8870257","2002-11-26",19.955730382757,0.576190476190477,0.463134107097662,0.377612659845006,26.6896373237848,21.2700293428818,23.9798333333333,0.565226119904919,54.5793849366419,24.1136,23.4144034978152,-0.947516078604937,-1.2619282850332
"8870256","2002-11-27",19.1874555839647,0.840978593272171,0.637158102880868,0.491542607072063,26.512424667372,21.3262419992946,23.9193333333333,0.63574531501433,57.1687433423756,24.0976,23.5524830314398,-0.515447372072497,-1.11263210244106
"8870255","2002-11-29",18.4740575565147,0.859327217125383,0.758832095529344,0.619708101835957,26.3183617884533,21.3983048782133,23.8583333333333,0.662260995736008,57.641568978597,24.0576,23.6801519605812,-0.152394248526055,-0.92058453165806
"8870254","2002-12-02",17.263442867114,0.701219512195122,0.800508440864226,0.732166213091479,26.1790485150046,21.433618151662,23.8063333333333,0.609649345474086,52.3513716367363,23.9948,23.722798365837,-0.038674897568769,-0.744202604840202
"8870253","2002-12-03",16.1393006555276,0.685064935064936,0.748537221461814,0.769292585951794,25.9457589541995,21.5165743791338,23.7311666666666,0.611119023902813,52.4435353890133,23.9052,23.7610919170588,0.0540772471941509,-0.584546634433331
"8870252","2002-12-04",15.1578106809211,0.639705882352941,0.675330109871,0.741458590732346,25.7477244136987,21.5916089196346,23.6696666666666,0.646049839295121,52.3345212864448,23.8412,23.7929463281176,0.122662014940111,-0.443104904558643
"8870251","2002-12-05",14.3035096036697,0.532319391634981,0.619030069684286,0.680965800339032,25.3654654988042,21.7682011678624,23.5668333333333,0.594469936615524,49.5608550181031,23.7632,23.7872201510353,0.0912016220679934,-0.336243599233315
"8870250","2002-12-06",13.5102300319362,0.435185185185186,0.535736819724369,0.610032333093218,25.1726439422713,21.841689391062,23.5071666666666,0.619935590191402,49.6757465353518,23.686,23.7835907975639,0.0688618139300434,-0.255222516600644
"8870249","2002-12-09",12.7736132867551,0.435185185185186,0.467563254001784,0.540776714470146,25.1459539573546,21.844712709312,23.4953333333333,0.623589877062741,49.6757465353518,23.6284,23.7804453578887,0.0505724637495986,-0.194063520530595
"8870248","2002-12-10",11.9708063159274,0.516279069767443,0.462216480045938,0.48850551792403,25.183275587154,21.9483910795126,23.5658333333333,0.647609597459228,51.9601045734512,23.5624,23.8017193101702,0.0959949385233694,-0.136051828719802
"8870247","2002-12-11",11.4991039201582,0.385416666666667,0.445626973873099,0.458468902640273,25.1123539074232,22.2176460925767,23.665,0.598455532727106,50.0568766762681,23.502,23.8014900688142,0.0835676174145927,-0.0921279394929233
"8870246","2002-12-12",11.0610945526582,0.372340425531915,0.424678720655342,0.444174058191459,25.0096495044829,22.4976838288504,23.7536666666666,0.544984691111107,50.0568766762681,23.418,23.8012913929723,0.0728789429045973,-0.0591265630134192
"8870245","2002-12-13",10.2787768059187,0,0.252585697399528,0.374297130642655,24.922993546814,22.732006453186,23.8275,0.528525955347613,49.3087822975549,23.38,23.794452540576,0.0469187829294615,-0.0379174938248431
"8870244","2002-12-16",9.55233889823199,0,0.124113475177305,0.267125964410724,24.851429825039,22.9182368416276,23.8848333333333,0.481981450567942,49.3087822975549,23.3796,23.7885255351659,0.0260404191946284,-0.0251259112209488
"8870243","2002-12-17",10.0420428193815,0.203252032520325,0.0677506775067753,0.148149950027869,24.8532029689781,23.0197970310218,23.9365,0.643721580990271,53.3514681471363,23.4516,23.8167221304771,0.0931571505505602,-0.00146929886664697
"8870242","2002-12-18",10.4967678890204,0.284552845528456,0.162601626016261,0.11815525956678,24.8021796101943,23.2054870564723,24.0038333333333,0.664611109834947,54.9008218444621,23.5476,23.8544925130801,0.178041856909417,0.0344329322885658
"8870241","2002-12-19",10.9190125965422,0.373983739837399,0.287262872628727,0.172538392050587,24.7289599911737,23.4147066754929,24.0718333333333,0.704044885005901,56.6080786103556,23.64,23.9018935113361,0.279081713915619,0.0833626886139764
"8870240","2002-12-20",11.4620533911842,0.472222222222224,0.37691960252936,0.275594700391449,24.6872669805697,23.5687330194303,24.128,0.74019535928352,57.3975328609431,23.72,23.949641043158,0.37148267301137,0.140986685493455
"8870239","2002-12-23",11.9663055576375,0.481481481481482,0.442562481180369,0.368914985446151,24.6635094856937,23.6824905143062,24.173,0.731392059298275,57.5638239615446,23.7968,23.9923555707369,0.442728507365175,0.201335049867799
"8870238","2002-12-24",12.1600463330088,0.478260869565218,0.477321524422975,0.432267869377567,24.673128560259,23.6905381064076,24.1818333333333,0.596513591152501,55.6910125704942,23.8444,24.0187081613053,0.466761557079765,0.254420351310192
"8870237","2002-12-26",12.6191470168603,0.521739130434782,0.493827160493828,0.471237055365723,24.6738814665704,23.6904518667628,24.1821666666666,0.660492762638265,56.4538791116423,23.9008,24.0468804064646,0.493448579326206,0.302225996913395
"8870236","2002-12-27",12.5115050340131,0.358695652173911,0.452898550724637,0.474682411880479,24.6119554874094,23.7133778459238,24.1626666666666,0.578642805478523,52.7838164362396,23.9508,24.0512963522693,0.458941396538837,0.333569076838483
"8870235","2002-12-30",12.7898596385376,0.50537634408602,0.461937042231571,0.469554251150011,24.5499057243682,23.7470942756318,24.1485,0.7800574576848,55.679842380925,23.9972,24.0737901719668,0.473054094589864,0.361466080388759
"8870234","2002-12-31",13.8737521173365,0.601562499999999,0.488544832086644,0.467793475014283,24.6272122368573,23.706121096476,24.1666666666666,1.06816672139169,61.1752303410946,24.054,24.1332848157045,0.577830693848957,0.404739003080799
"8870233","2003-01-02",14.5072935998381,0.523437500000001,0.543458781362007,0.497980218560073,24.6753707330408,23.6919626002925,24.1836666666666,0.886072327473691,58.5683363083092,24.076,24.1715135069439,0.619983714904926,0.447787945445624
"8870232","2003-01-03",15.0955821193039,0.664062500000001,0.596354166666667,0.542785926705105,24.7409568573607,23.6670431426393,24.204,0.946342501043229,61.7296486214349,24.0952,24.2286450393514,0.705007411596403,0.49923183867578
"8870231","2003-01-06",17.9326829215135,0.403846153846154,0.530448717948719,0.55675388865913,24.9804501871001,23.5685498128999,24.2745,1.23813045573917,64.9314542289354,24.1092,24.3048257007712,0.82882337744361,0.565150146429346
"8870230","2003-01-07",20.5671336664225,0.531914893617021,0.533274515821059,0.553359133478814,25.2307669563228,23.4815663770105,24.3561666666666,1.17678535402656,70.8423378896026,24.1388,24.4308489406684,1.06265382720971,0.66465088258542
"8870229","2003-01-08",23.0134093581237,0.524229074889868,0.486663374117681,0.516795535962486,25.3766476272254,23.4800190394412,24.4283333333333,0.984192497808059,71.0756836543159,24.1896,24.5427357485793,1.23857380499472,0.779435467067281
"8870228","2003-01-09",25.4339279242427,0.585903083700441,0.547349017402443,0.522428969113727,25.5362783439413,23.4647216560587,24.5005,0.976051016337232,72.7213894291608,24.2456,24.658370982102,1.4061469520452,0.904777764062864
"8870227","2003-01-10",26.9384629226921,0.497797356828194,0.535976505139501,0.523329632219875,25.6316059459773,23.5067273873559,24.5691666666666,0.854922244194511,66.8681654634818,24.294,24.7319215178218,1.45560540810294,1.01494329287088
"8870226","2003-01-13",27.6381387168725,0.409691629955948,0.497797356828194,0.527040959790046,25.6791966704932,23.5914699961734,24.6353333333333,0.765679733601814,61.5343806419305,24.3444,24.7689986487789,1.41284733750049,1.0945241017968
"8870225","2003-01-14",28.1838099964169,0.396475770925111,0.434654919236418,0.489476260401371,25.7002456254919,23.6920877078414,24.6961666666666,0.704416194758386,60.7515827949716,24.3932,24.797132162275,1.35340519483469,1.14630032040438
"8870224","2003-01-15",28.844299020819,0.392070484581498,0.399412628487519,0.443954968184043,25.7015662748152,23.8187670585181,24.7601666666666,0.696427388609561,60.4754143401663,24.4416,24.820181207305,1.28806944990858,1.17465414630522
"8870223","2003-01-16",27.3664760875274,0.0925110132158593,0.293685756240823,0.375917767988253,25.6893798962826,23.8686201037174,24.779,0.388874230329832,45.37140365989,24.4556,24.7494903796643,1.00355356183071,1.14043402941032
"8870222","2003-01-17",25.9942119351852,0.0610328638497664,0.181871453882374,0.291656612870238,25.6815224840232,23.89381084931,24.7876666666666,0.305524190861791,46.6378129090349,24.4776,24.6962249957091,0.788342177580992,1.07001565904445
"8870221","2003-01-21",24.2683237740995,0,0.0511812923552087,0.175579500826135,25.6902284314312,23.8714382352354,24.7808333333333,0.182481244286506,41.7712437142382,24.4884,24.6127283296146,0.519934497392449,0.959999426714051
"8870220","2003-01-22",24.0134777804397,0,0.0203442879499222,0.0844656780625014,25.7709118562365,23.7137548104301,24.7423333333333,-0.0423342223390065,32.9193300451439,24.4744,24.4510312189993,0.0849156454447719,0.784982670460196
"8870219","2003-01-23",23.3466253205047,0.0440677966101703,0.0146892655367236,0.0287382819472844,25.8152122437521,23.6064544229145,24.7108333333333,0.0740441417083267,35.7637466085861,24.4656,24.328227056466,-0.216320868158781,0.5847219627364
"8870218","2003-01-24",23.106787078209,0,0.0146892655367236,0.0165742730077893,25.8770718273766,23.4719281726233,24.6745,0.0324603593728693,33.3068335952618,24.4384,24.1937967822706,-0.52048018646319,0.363681532896482
"8870217","2003-01-27",23.6019514789426,0,0.0146892655367236,0.0146892655367231,25.9981374736637,23.2235291930029,24.6108333333333,-0.0565350170074909,28.7491000835334,24.3892,24.0172905446345,-0.904095640773761,0.110126098162434
"8870216","2003-01-28",24.076723840911,0,1.13335267097151e-16,0.00979284369114864,26.1028574016642,22.9924759316691,24.5476666666666,-0.00722610132741405,28.6552591991294,24.3352,23.8629851386832,-1.2007026437567,-0.152039650221393
"8870215","2003-01-29",24.9033097563633,0,1.13335267097151e-16,0.00489642184557416,26.2103743467348,22.7209589865985,24.4656666666666,0.00354625215336532,26.2556088662915,24.2688,23.6945871201921,-1.50955460344367,-0.42354264086585
"8870214","2003-01-30",25.2261790161016,0,1.13335267097151e-16,-3.23236807690345e-16,26.258882091491,22.4811179085089,24.37,0.078233776340276,26.16485330208,24.2016,23.5473088374998,-1.7407599691567,-0.68698610652402
"8870213","2003-01-31",25.7482775302845,0,1.13335267097151e-16,-3.23236807690345e-16,26.3105174810615,22.2314825189385,24.271,0.0862583472958879,24.868811763074,24.132,23.4010009924999,-1.95238302448874,-0.940065490116963
"8870212","2003-02-03",27.1577164770454,0,1.13335267097151e-16,-3.23236807690345e-16,26.3974880916991,21.8721785749675,24.1348333333333,0.0194067222822695,19.6324484586967,24.0328,23.1808675268332,-2.33964444722653,-1.21998128153888
"8870211","2003-02-04",28.2561028222082,0,1.13335267097151e-16,-3.23236807690345e-16,26.3469594800986,21.588707186568,23.9678333333333,0.0815340289177434,19.569056922622,23.9392,22.9887518565888,-2.62552209108597,-1.5010894434483
"8870210","2003-02-05",29.1199110952849,0.0703812316715548,0.0234604105571851,0.00782013685239466,26.1879950419608,21.4090049580391,23.7985,0.155750140139109,25.7643946873041,23.8496,22.8542516090436,-2.74006743407686,-1.74888504157401
"8870209","2003-02-06",30.6558852349913,0,0.0234604105571851,0.0156402737047896,26.059408556232,21.1745914437679,23.617,0.110971446917755,21.1573964779603,23.7228,22.6536847278378,-3.02329136665932,-2.00376630659107
"8870208","2003-02-07",31.5981218401093,0.0480769230769227,0.0394860515828259,0.0288022908990649,25.8332123251573,21.039121008176,23.4361666666666,0.173313134207713,24.6138068961313,23.606,22.4998600974594,-3.16267245392111,-2.23554753605708
"8870207","2003-02-10",32.4730558305759,0.051724137931034,0.0332670203359857,0.0320711608253318,25.6032448672191,20.9044217994475,23.2538333333333,0.164348573266323,24.6138068961313,23.482,22.3665454177982,-3.23929025466627,-2.43629607977892
"8870206","2003-02-11",32.5397126831745,0.0551724137931035,0.0516578249336868,0.0414702989508324,25.3401279341133,20.8248720658866,23.0825,0.207842322746435,24.8684692175928,23.3504,22.2523393620918,-3.26159086048016,-2.60135503591917
"8870205","2003-02-12",33.2791716995668,0,0.035632183908046,0.0401856763925724,25.0741524986168,20.7118475013832,22.893,0.138646693816006,20.976565232199,23.1804,22.0853607804795,-3.42855441515604,-2.76679491176654
"8870204","2003-02-13",34.4038855147839,0,0.0183908045977013,0.0352269378131443,24.7638291372632,20.6065041960701,22.6851666666666,0.0882368211415272,18.5274799169031,22.9936,21.8873126764156,-3.670634803683,-2.94756289014983
"8870203","2003-02-14",34.9216715164883,0.25096525096525,0.0836550836550836,0.0458926907202765,24.4804384797362,20.5788948535971,22.5296666666666,0.227543736054055,32.3496870284823,22.8272,21.8023376528935,-3.58541163431642,-3.07513263898315
"8870202","2003-02-18",34.602663112013,0.40392156862745,0.2182956065309,0.106780498261228,24.1615913192458,20.6354086807541,22.3985,0.334996257147307,38.8782412019872,22.684,21.7793592991744,-3.33959937260564,-3.12802598570765
"8870201","2003-02-19",34.306441022143,0.427450980392157,0.36077926666162,0.220909985615867,23.8498140316138,20.7125193017195,22.2811666666666,0.364692342751527,39.865035425803,22.5512,21.7674447259511,-3.08711288538693,-3.11984336564351
"8870200","2003-02-20",34.09340708326,0.466666666666665,0.432679738562091,0.337251537251537,23.6430183400952,20.7349816599047,22.189,0.360501530317675,39.4082509450765,22.418,21.7517854291576,-2.86886616504743,-3.06964792552429
"8870199","2003-02-21",33.6499109884364,0.616915422885572,0.503677689981465,0.432378898401725,23.3596250763327,20.8350415903339,22.0973333333333,0.436359139019291,42.7631043652849,22.2928,21.7635473719366,-2.59553610425687,-2.97482556127081
"8870198","2003-02-24",33.5293768960058,0.532338308457712,0.538640132669983,0.491665853737846,23.0859588870725,20.9320411129275,22.009,0.395229674328575,40.5972148236249,22.188,21.7510743890117,-2.41406551720114,-2.86267355245687
"8870197","2003-02-25",33.417452381606,0.572139303482587,0.57379767827529,0.538705166975579,22.9101777305925,20.9844889360742,21.9473333333333,0.440800403302707,42.0838103105769,22.084,21.7509311371435,-2.21510089289245,-2.73315902054399
"8870196","2003-02-26",33.7872929599081,0.432835820895522,0.512437810945274,0.541625207296849,22.7287492416786,21.0345840916547,21.8816666666666,0.367191223950746,38.4563185366454,21.98,21.713473652191,-2.13678614609729,-2.61388444565465
"8870195","2003-02-27",34.3195656995047,0.373134328358209,0.459369817578773,0.515201768933112,22.5847006583352,21.0589660083314,21.8218333333333,0.313095503424576,36.9849407108146,21.898,21.6650104985656,-2.09566128607462,-2.51023981373864
"8870194","2003-02-28",34.8138189577016,0.622754491017964,0.476241546757232,0.482683058427092,22.3935990143791,21.1434009856208,21.7685,0.453207413022335,42.6915315850483,21.8224,21.6616757654235,-1.93318391270411,-2.39482863353174
"8870193","2003-03-03",34.6800456509533,0.598802395209581,0.531563738195252,0.489058367510418,22.2269794850535,21.2250205149465,21.726,0.507318995639686,42.1248778963905,21.7536,21.6534523300337,-1.79860832113652,-2.27558457105269
"8870192","2003-03-04",34.8586607388554,0.528301886792453,0.583286257673333,0.530363847541938,22.2007376430428,21.2065956902905,21.7036666666666,0.308545114904001,39.8465740342435,21.6964,21.6249920193625,-1.73172977054463,-2.16681361095108
"8870191","2003-03-05",34.8605214300966,0.528301886792453,0.551802056264829,0.555550684044471,22.1673914660707,21.1949418672625,21.6811666666666,0.341122871365953,39.8465740342435,21.6396,21.6003264167809,-1.65984262874832,-2.06541941451053
"8870190","2003-03-06",34.8831131375719,0.191489361702127,0.416031045095678,0.517039786344613,22.0888291603241,21.2101708396758,21.6495,0.352616202502432,39.690972414132,21.5928,21.5776162278768,-1.5884999739651,-1.97003552640144
"8870189","2003-03-07",35.6695666201678,0,0.23993041616486,0.402587839175122,22.1056923158591,21.1396410174742,21.6226666666666,0.0417772664798137,33.853839318423,21.53,21.5032673974932,-1.66662622954405,-1.90935366702997
"8870188","2003-03-10",36.4165545913672,0,0.0638297872340425,0.23993041616486,22.1031229502944,21.0655437163722,21.5843333333333,0.0364209457221821,33.7235699743713,21.4724,21.4374984111608,-1.71356809341972,-1.87019655230792
"8870187","2003-03-11",37.1101862789094,0,9.25185853854297e-17,0.101253401132967,22.1147360034466,20.99493066322,21.5548333333333,0.0819213841470774,33.7235699743713,21.4428,21.380498623006,-1.7316455444659,-1.84248635073951
"8870186","2003-03-12",37.7542728459129,0.0267857142857122,0.00892857142857082,0.0242527862208707,22.1056566722921,20.9383433277079,21.522,0.1441972198294,34.5991748018925,21.4148,21.3350988066052,-1.71551092924633,-1.81709126644088
"8870185","2003-03-13",36.9391023069104,0.117647058823527,0.0481442577030798,0.0190242763772165,22.1071904588324,20.9314762078343,21.5193333333333,0.28226001787198,37.2764062131839,21.3808,21.3077522990578,-1.65005929239984,-1.78368487163267
"8870184","2003-03-14",35.2104103077854,0.333333333333333,0.159255368814191,0.0721093993152801,22.0775720051489,21.0127613281844,21.5451666666666,0.448191103019454,43.3781198882813,21.3808,21.3133853258501,-1.49775563327386,-1.72649902396091
"8870183","2003-03-17",33.3271216453459,0.447999999999999,0.299660130718953,0.169019919078741,22.1041431054091,21.0195235612575,21.5618333333333,0.719585446298581,48.7474605926768,21.3836,21.3476006157368,-1.27905083514296,-1.63700938619732
"8870182","2003-03-18",32.414092586909,0.65,0.477111111111111,0.312008870214751,22.191461207234,20.9742054594326,21.5828333333333,1.03713719118953,58.0863529281858,21.4056,21.4412538669719,-0.914305411091954,-1.49246859117624
"8870181","2003-03-19",31.761084964575,0.798816568047337,0.632272189349112,0.469681143726392,22.3279678791969,20.8993654541364,21.6136666666666,1.10175361009222,62.8006839642792,21.4396,21.5637533513756,-0.504092353163554,-1.29479334357371
"8870180","2003-03-20",31.6277621634541,0.828125000000001,0.758980522682446,0.622787941047556,22.5180624167921,20.8019375832079,21.66,1.11184360219707,65.9900532399636,21.5036,21.7019195711922,-0.0901717117646195,-1.05386901721189
"8870179","2003-03-21",32.9349333580523,0.759450171821305,0.795463913289548,0.728905541773702,22.8939215568005,20.5777451098661,21.7358333333333,1.24152381709662,72.5399725467538,21.6084,21.9043302950333,0.458987113171694,-0.751297791135173
"8870178","2003-03-24",33.4924877675149,0.687285223367698,0.758286798396334,0.770910411456109,23.1505200583148,20.4708132750185,21.8106666666666,1.04831869758747,67.7785721710554,21.6788,22.0517529223622,0.803908378131646,-0.440256557281809
"8870177","2003-03-25",34.010216862016,0.721649484536082,0.722794959908361,0.758848557198081,23.3588078359516,20.4031921640484,21.881,0.959802677634643,68.8278475799604,21.738,22.1928525327139,1.0984144202141,-0.132522361782627
"8870176","2003-03-26",33.7649787118357,0.642611683848796,0.683848797250858,0.721643518518518,23.5126343152744,20.3906990180589,21.9516666666666,0.858217972784643,63.6905772685034,21.7856,22.2844721950187,1.23231991561428,0.140446093696754
"8870175","2003-03-27",32.730573545487,0.54639175257732,0.636884306987399,0.681176021382206,23.5911752037431,20.4284914629235,22.0098333333333,0.718221840444863,58.0136503733709,21.8236,22.3265425690162,1.22248054860938,0.35685298467928
"8870174","2003-03-28",31.8828769388579,0.563573883161511,0.584192439862542,0.634975181366933,23.6689645643607,20.4550354356392,22.062,0.715105344780385,58.7212078970265,21.856,22.3696702264807,1.21838275680679,0.529158939104782
"8870173","2003-03-31",30.9175527387807,0.538194444444444,0.549386693394425,0.590154480081455,23.7333319211934,20.4876680788065,22.1105,0.682653953743214,57.4696297714256,21.8928,22.3990475296166,1.17970463928445,0.659268079140716
"8870172","2003-04-01",30.2890777408353,0.544802867383512,0.548857064996489,0.560812066084485,23.7982012516843,20.550132081649,22.1741666666666,0.688573570307734,58.4239430479411,21.9288,22.4325078590011,1.15711996255135,0.758838455822842
"8870171","2003-04-02",30.40840631822,0.719844357976653,0.600947223268203,0.566396993886372,23.925404425225,20.5982622414416,22.2618333333333,0.806018381669789,65.963315153893,21.998,22.5348401444676,1.32068772782024,0.87120831022232
"8870170","2003-04-03",30.3534152905023,0.672340425531914,0.64566255029736,0.59848894618735,24.0305510036207,20.6674489963793,22.349,0.771872019155119,64.8126638092113,22.07,22.6168614585386,1.41485178309548,0.979937004796953
"8870169","2003-04-04",29.9318910474786,0.529411764705881,0.640532182738149,0.629047318767904,24.0785575522656,20.820109114401,22.4493333333333,0.726283566364047,62.2403686766571,22.126,22.6732799307334,1.43298373919463,1.07054635167649
"8870168","2003-04-07",30.2235208491413,0.506410256410255,0.569387482216017,0.618527405083841,24.1172044848628,21.0094621818038,22.5633333333333,0.763857141305729,63.7881046080197,22.188,22.7368426066356,1.46890818282195,1.15021871790558
"8870167","2003-04-08",30.1214973890889,0.338345864661653,0.45805596192593,0.555991875626698,24.0831548206926,21.250511845974,22.6668333333333,0.672924487026831,61.0913970050284,22.252,22.7772635924176,1.44128147346188,1.20843126901684
"8870166","2003-04-09",29.99181603746,0.330827067669173,0.391861062913694,0.47310150235188,24.001695434966,21.5346378983672,22.7681666666666,0.64801708563722,60.8395873259103,22.3156,22.8109617800952,1.39944475822875,1.24663396685922
"8870165","2003-04-10",29.8713976395188,0.404761904761905,0.357978279030911,0.402631767956844,23.8928048543156,21.831861812351,22.8623333333333,0.63796273237242,62.0197263618189,22.3824,22.8495002094159,1.37491837478272,1.27229084844392
"8870164","2003-04-11",29.6008798922991,0.373015873015872,0.369534948482317,0.37312476347564,23.7638525612707,22.1241474387292,22.944,0.609369258452638,60.8904972355872,22.464,22.8775668481604,1.32585019739833,1.2830027182348
"8870163","2003-04-14",30.0720759233954,0.484126984126983,0.42063492063492,0.382716049382715,23.6661014422399,22.3748985577601,23.0205,0.739698968860903,63.4021550227601,22.5516,22.9205579350724,1.32082324312854,1.29056682321355
"8870162","2003-04-15",31.3212627259998,0.62,0.492380952380952,0.427516940499396,23.7002171779462,22.4881161553871,23.0941666666666,1.00807096262747,68.397904775542,22.652,23.0004835437294,1.41245162586934,1.31494378374471
"8870161","2003-04-16",32.9577515015787,0.760638297872341,0.621588427333108,0.511534766782993,23.8810734371211,22.4769265628788,23.179,1.20576662468788,74.3008486486377,22.7712,23.1364190712321,1.63958354658913,1.37987173631359
"8870160","2003-04-17",34.4773482217591,0.819148936170213,0.733262411347518,0.615743930353859,24.0631100943375,22.4482232389958,23.2556666666666,1.11160115546156,75.3899604219625,22.8912,23.2688965284012,1.83416479148695,1.47073034734826
"8870159","2003-04-21",35.8884023190695,0.906593406593408,0.828793546878654,0.727881461853093,24.238079595292,22.3635870713746,23.3008333333333,1.06326356059657,77.0114221261754,23.0092,23.406376991281,2.02128842417111,1.58084196271283
"8870158","2003-04-22",36.2705961625185,0.648148148148147,0.791296830303923,0.784450929510031,24.3781463297269,22.3225203369397,23.3503333333333,0.947390074796509,70.534694735454,23.1096,23.4961933924435,2.06799831793694,1.67827323375765
"8870157","2003-04-23",37.0177592742832,0.759358288770054,0.77136661450387,0.797152330562149,24.579282178986,22.2573844876807,23.4183333333333,1.00892279668119,74.429637544403,23.2056,23.6233676067844,2.20461201545121,1.78354099009637
"8870156","2003-04-24",38.3384836990735,0.728813559322034,0.712106665413412,0.758256703407068,24.8415679842932,22.1844320157068,23.513,1.04582578779548,77.0756472722354,23.3012,23.7735852592132,2.38484583997554,1.9038019600722
"8870155","2003-04-25",39.5990248330034,0.933054393305439,0.807075413799176,0.763516231238819,25.1312297745716,22.1561035587616,23.6436666666666,1.06120868344811,80.7268847147717,23.4076,23.9717738913181,2.66538721153942,2.05611901036564
"8870154","2003-04-28",40.9736680149322,0.898832684824902,0.853566879150792,0.790916319454459,25.3955595227148,22.1591071439519,23.7773333333333,1.00961149441161,81.2318584144369,23.4924,24.1542040391423,2.87641248285737,2.22017770486399
"8870153","2003-04-29",42.4017616819329,0.881918819188193,0.904601965772845,0.855081419574271,25.62738329359,22.2096167064099,23.9185,0.970531449601877,81.7468952255472,23.5888,24.3229768339233,3.03101320435162,2.38234480476151
"8870152","2003-04-30",43.3314099078344,0.847014925373134,0.875922143128744,0.878030329350793,25.8036946028158,22.3006387305174,24.0521666666666,0.901887204959039,79.1164984524053,23.6776,24.4572465894002,3.08479873846956,2.52283559150312
"8870151","2003-05-01",42.3916176500301,0.671641791044777,0.800191845202035,0.860238651367874,25.9095996263332,22.3740670403334,24.1418333333333,0.763468085031554,66.9932010877802,23.7568,24.5109470441469,2.93719314365182,2.60570710193286
"8870150","2003-05-02",40.8113998221469,0,0.506218905472637,0.727444297934472,25.901053613176,22.4052797201573,24.1531666666666,0.310294748184078,41.9524708005912,23.7792,24.330820771594,2.2341933644473,2.53140435443575
"8870149","2003-05-05",39.3440546962553,0.13953488372093,0.270392224921902,0.525600991865525,25.8845385992197,22.4654614007802,24.175,0.338650420962,46.5119117862678,23.814,24.2227113353814,1.77469449578753,2.38006238270611
"8870148","2003-05-06",37.738767888636,0.131782945736434,0.0904392764857884,0.289016802293442,25.8770446308126,22.4992887025207,24.1881666666666,0.339686462996218,46.294357272969,23.8504,24.1263498239972,1.38734968410994,2.18151984298687
"8870147","2003-05-07",36.1567780409895,0.170542635658915,0.147286821705427,0.169372774371039,25.8533883222262,22.579945011107,24.2166666666666,0.350310528263759,47.6137553927159,23.8884,24.0561698474643,1.10081106171374,1.96537808673225
"8870146","2003-05-08",34.7580248211174,0.155038759689922,0.152454780361757,0.130060292850991,25.826329925712,22.6553367409546,24.2408333333333,0.303163668194894,47.1151452013822,23.9028,23.9900138678024,0.850265607565404,1.74235559089888
"8870145","2003-05-09",34.0637518562861,0.0155038759689919,0.113695090439277,0.137812230835487,25.812032863504,22.6879671364959,24.25,0.205511957688212,42.7737144952733,23.9048,23.8846786854287,0.523845838458659,1.49865364041083
"8870144","2003-05-12",33.4190698175142,0.0542635658914731,0.074935400516796,0.113695090439276,25.7914903692093,22.7341762974573,24.2628333333333,0.211238913433788,44.3088293332748,23.9152,23.8067215273716,0.294921870719556,1.25790728647258
"8870143","2003-05-13",32.8204364957974,0.0620155038759691,0.0439276485788116,0.0775193798449611,25.7878115099523,22.7431884900476,24.2655,0.210254221655901,44.6287514815552,23.922,23.741825323722,0.118510285078188,1.0300278861937
"8870142","2003-05-14",30.772094507364,0.0348837209302325,0.0503875968992252,0.0564168819982772,25.7940443305988,22.7186223360678,24.2563333333333,0.26274258688264,43.6829017012594,23.9304,23.6762486138924,-0.0449771699637114,0.815026874962218
"8870141","2003-05-15",28.7406477327133,0.251937984496124,0.116279069767442,0.0701981050818259,25.7887540858447,22.7039125808219,24.2463333333333,0.410422194176468,52.3782579306167,23.9616,23.6940821320401,0.0162101291799832,0.655263525805771
"8870140","2003-05-16",27.9112801526014,0.356589147286821,0.214470284237726,0.127045650301464,25.7939208952143,22.7080791047857,24.251,0.527761198559308,55.9127012357826,24.0008,23.7455378477681,0.154772727715846,0.555165366187786
"8870139","2003-05-19",27.2759847450186,0.562500000000001,0.390342377260982,0.24036391042205,25.824063579212,22.7132697541213,24.2686666666666,0.641871611603996,61.7939804451998,24.0624,23.8594661347323,0.435436006270673,0.531219494204364
"8870138","2003-05-20",26.8581604745,0.623931623931624,0.514340257072816,0.373050972857174,25.8628788346734,22.7231211653265,24.293,0.647675940469368,62.0039268095399,24.1192,23.9608706501014,0.655665527933125,0.556108700950116
"8870137","2003-05-21",26.2534271109723,0.737967914438502,0.641466512790043,0.51538304904128,25.8717174917673,22.723615841566,24.2976666666666,0.625684209288923,60.5701553635356,24.16,24.0380878967545,0.793094881688527,0.603505937097798
"8870136","2003-05-22",26.0593671805149,0.76,0.707299846123375,0.621035538662078,25.8609075907547,22.7260924092452,24.2935,0.687092369419248,62.6622260561271,24.188,24.1290095105206,0.950522887035499,0.672909327085338
"8870135","2003-05-23",27.9648669287209,0.536649214659686,0.678205709699396,0.675657356204271,25.970382703156,22.6692839635106,24.3198333333333,0.960503240454409,68.0394018638371,24.2328,24.2784749091178,1.23625253955155,0.785577969578581
"8870134","2003-05-27",30.3047947566474,0.779661016949152,0.69210341053628,0.692536322119683,26.4437539862159,22.3759126804507,24.4098333333333,1.19246391921465,78.3608788828596,24.336,24.6253449212355,1.97272277660394,1.02300693098365
"8870133","2003-05-28",32.4775848825792,0.813559322033898,0.709956517880912,0.693421879372196,26.8378704201694,22.1551295798305,24.4965,1.09014583429307,79.0752188310552,24.4544,24.9472989317374,2.56640257066261,1.33168605891944
"8870132","2003-05-29",34.1086240557836,0.779661016949152,0.790960451977401,0.731006793464864,27.1573563661392,22.0016436338608,24.5795,0.992754374015974,76.3605367512965,24.5516,25.2049924075057,2.94155096087876,1.65365903931131
"8870131","2003-05-30",35.6231604309019,0.820128479657387,0.804449606213479,0.768455525357264,27.5039791530334,21.8690208469666,24.6865,0.948420945832535,77.4047528077375,24.6448,25.4549934198383,3.25742118408143,1.97441146826533
"8870130","2003-06-02",36.5875633556132,0.78372591006424,0.794505135556927,0.796638397915935,27.8163120960444,21.9186879039556,24.8675,0.880237859680543,74.3965363604323,24.7108,25.6489942971932,3.40863578530843,2.26125633167395
"8870129","2003-06-03",37.0696673761316,0.749464668094218,0.784439685938615,0.79446480923634,28.058095530531,22.0099044694689,25.034,0.817340063162015,71.5770437833253,24.7672,25.7957950575674,3.43487194672822,2.49597945468481
"8870128","2003-06-04",37.9260622604705,0.815085158150851,0.78275857876977,0.787234466755104,28.3367292139471,22.1036041193862,25.2201666666666,0.844904570455252,74.2681890881499,24.8368,25.9776890498918,3.53911287083675,2.7046061379152
"8870127","2003-06-05",37.8782209063105,0.713541666666667,0.759363830970579,0.775520698559655,28.5283378454863,22.2489954878469,25.3886666666666,0.772003006480781,68.4779266564663,24.8964,26.0899971765729,3.4733469440547,2.8583542991431
"8870126","2003-06-06",36.8395104315257,0.541420118343195,0.690015647720238,0.744046019153529,28.6182157634219,22.464784236578,25.5415,0.683935309655408,61.6293363839611,24.9568,26.1273308863632,3.24394968379365,2.93547337607321
"8870125","2003-06-09",35.3710297362037,0.467455621301775,0.574139135437213,0.674506204709343,28.6062049788948,22.7717950211051,25.689,0.601295590175487,58.1498785908621,25.0752,26.1263534348481,2.95098997988641,2.93857669683585
"8870124","2003-06-10",34.007440519119,0.476331360946745,0.495069033530572,0.586407938896008,28.5594437848346,23.108222881832,25.8338333333333,0.581235624314812,58.453009056162,25.1804,26.1295063102017,2.69707258181993,2.89027587383266
"8870123","2003-06-11",32.7884829780176,0.46875,0.470845660749507,0.513351276572431,28.4694726649089,23.4931940017577,25.9813333333333,0.570735588544622,59.195686792545,25.2892,26.1415721355081,2.48876942889094,2.80997458484432
"8870122","2003-06-12",32.3013069759382,0.460674157303371,0.468585172750039,0.478166622343373,28.3685604105571,23.9064395894428,26.1375,0.614855697670698,61.9185995828668,25.4044,26.1866958507737,2.37628882711967,2.72323743329939
"8870121","2003-06-13",31.9199231117423,0.333333333333332,0.420919163545568,0.453449999015038,28.2931433094612,24.2675233572054,26.2803333333333,0.635714086230923,64.2876211612379,25.5308,26.2578030706705,2.33354163709061,2.64529827405763
"8870120","2003-06-16",31.7266080045247,0.407185628742515,0.40039770645974,0.429967347585116,28.2287442270019,24.5899224396647,26.4093333333333,0.63942241829453,65.0677144399273,25.6748,26.3300959945811,2.29691463797088,2.57562154684028
"8870119","2003-06-17",31.5471011192513,0.467065868263472,0.402528276779774,0.407948382261694,28.1800334821787,24.8656331844879,26.5228333333333,0.637933449675713,66.0655595755938,25.8188,26.4060831953037,2.27145280115002,2.51478779770223
"8870118","2003-06-18",30.8170731232739,0.347305389221556,0.407185628742515,0.403370537327343,28.0727760723107,25.1772239276892,26.625,0.560437523228552,62.2364679433055,25.954,26.4452721025965,2.16461319873169,2.44475287790812
"8870117","2003-06-19",30.1108009192317,0.341317365269462,0.385229540918164,0.398314482146817,27.8751443383065,25.5848556616934,26.73,0.52765299151155,62.0428404594953,26.0916,26.477902488917,2.05294608907656,2.36639152014181
"8870116","2003-06-20",29.4549767297639,0.389221556886227,0.359281437125749,0.383898868928809,27.596673894155,26.0593261058449,26.828,0.507805650804127,63.0336791648203,26.21,26.516848823728,1.96588997721112,2.28629121155567
"8870115","2003-06-23",27.5609976489148,0.113772455089819,0.281437125748503,0.341982701264139,27.5015636327991,26.2237697005341,26.8626666666666,0.242264128027667,54.2624373653824,26.2992,26.4892689805643,1.73677590045089,2.17638814933472
"8870114","2003-06-24",25.6517984797982,0.0849673202614374,0.195987110745828,0.278901891206693,27.4729052884646,26.163761378202,26.8183333333333,0.134621274572239,53.2221367973866,26.3652,26.4573664498224,1.51948003416926,2.04500652630163
"8870113","2003-06-25",24.1056890321914,0.112068965517241,0.103602913622833,0.193675716705721,27.4232408410748,26.1244258255917,26.7738333333333,0.189075558475073,53.2221367973866,26.4304,26.4297175898461,1.33197782646559,1.90240078633442
"8870112","2003-06-26",23.2909547010822,0.203883495145629,0.133639926974769,0.144409983781144,27.382054277443,26.1046123892235,26.7433333333333,0.317343289362065,54.5689893074211,26.502,26.4164219111999,1.19410461841203,1.76074155274994
"8870111","2003-06-27",22.6716680361405,0.400000000000002,0.238650820220958,0.158631220272853,27.317992495566,26.1150075044339,26.7164999999999,0.466887921605907,58.138523754281,26.5752,26.4342323230399,1.13893654985766,1.63638055217148
"8870110","2003-06-30",21.2290987303144,0.0322580645161303,0.212047186553921,0.194779311249883,27.2711302409286,26.0868697590713,26.6789999999999,0.230633585358137,52.1242616338856,26.6152,26.4096680133013,0.992102145200802,1.50752487077735
"8870109","2003-07-01",21.0400866863205,0,0.144086021505378,0.198261342760085,27.312462631584,25.9298707017492,26.6211666666666,-0.0963437093824416,41.6156107133412,26.5628,26.2977122781944,0.659765305339777,1.33797295768983
"8870108","2003-07-02",21.0121460745158,0,0.0107526881720439,0.122295298743781,27.261542477548,25.8077908557852,26.5346666666666,-0.115419204541822,40.5790966890593,26.5008,26.1900173077685,0.366782538027466,1.14373487375736
"8870107","2003-07-03",21.0054964905014,0,5.22730007427678e-16,0.0516129032258073,27.2507908330699,25.6658758335966,26.4583333333333,-0.0604927290286656,40.4434958755701,26.4448,26.0953483333994,0.12929191751696,0.94084628250928
"8870106","2003-07-07",19.6840260639114,0.162650602409638,0.0542168674698799,0.021656518547308,27.2403168020013,25.6003498646652,26.4203333333333,0.190847425970981,45.717807082508,26.3916,26.0493018889461,0.0240340721438637,0.757483840436197
"8870105","2003-07-08",18.6435023260953,0.440789473684209,0.201146692031283,0.0851211865003877,27.2400473855802,25.5986192810864,26.4193333333333,0.402930056517819,52.4379434976447,26.3612,26.0627283037533,0.0638756758367665,0.618762207516311
"8870104","2003-07-09",17.8748761128035,0.394736842105262,0.332725639399704,0.196029732966955,27.2396672073531,25.5956661259801,26.4176666666666,0.393957896190868,51.2423797772107,26.3344,26.0650311965862,0.0728956895156951,0.509588903916188
"8870103","2003-07-10",17.2374134614924,0.0466666666666669,0.29406432748538,0.275978886305455,27.2593335248308,25.5186664751691,26.3889999999999,0.138644277133753,43.2095380063049,26.27,25.9963603703747,-0.0834399819827358,0.390983126736403
"8870102","2003-07-11",16.6454838567035,0.286666666666666,0.242690058479532,0.289826675121538,27.2348445748934,25.4754887584398,26.3551666666666,0.282969806469865,49.0517885622301,26.2336,25.9848456543248,-0.0945677048163729,0.293872960425848
"8870101","2003-07-14",15.583728138002,0.420689655172414,0.251340996168583,0.262698460711165,27.1783852627091,25.4692814039574,26.3238333333333,0.427544875228518,51.7258658628233,26.2224,25.9988662337481,-0.0469147524115643,0.225715417858365
"8870100","2003-07-15",14.6215205684573,0.337931034482758,0.348429118773946,0.280820057807354,27.0975323394489,25.4698009938843,26.2836666666666,0.395355376796407,49.8474931874777,26.2164,25.9950174025817,-0.0459023331576547,0.171391867655161
"8870099","2003-07-16",14.5161156912762,0.0827586206896559,0.280459770114943,0.293409961685824,26.9979438615819,25.4517228050846,26.2248333333333,0.227399909457458,44.4836114636479,26.1944,25.9423484155708,-0.158330439603693,0.105447406203391
"8870098","2003-07-17",14.7092067744463,0,0.140229885057472,0.256372924648787,26.937975595366,25.3900244046339,26.1639999999999,0.124880506476437,42.4875593632039,26.1636,25.8767019601614,-0.291087859205086,0.0261403531216953
"8870097","2003-07-18",13.7768386769764,0.371681415929205,0.151480012206288,0.190723222459567,26.845887721105,25.4081122788949,26.1269999999999,0.448763440726615,49.341868891708,26.1392,25.8758083654732,-0.26239157643424,-0.0315660327894918
"8870096","2003-07-21",13.4259867809201,0.61788617886179,0.329855864930332,0.20718858739803,26.7547727651559,25.4518939015107,26.1033333333333,0.702116513423696,54.1098616938931,26.1188,25.9203672500768,-0.132128138207888,-0.051678453873171
"8870095","2003-07-22",13.1394863254217,0.616,0.535189198263665,0.338841691800095,26.730069623084,25.4612637102492,26.0956666666666,0.724095214608616,54.2462630740052,26.0956,25.9603182833999,-0.0256396316116181,-0.0464706894208604
"8870094","2003-07-23",13.0573306481982,0.701492537313434,0.645126238725075,0.503390433973024,26.7581104567656,25.451556209901,26.1048333333333,0.820308170138622,56.6075418109986,26.0752,26.0176091789466,0.110103844919096,-0.0151557825528691
"8870093","2003-07-24",13.3813667186044,0.746753246753249,0.688081928022228,0.622799121670322,26.8225325544276,25.423134112239,26.1228333333333,0.93387690622059,59.3952816692735,26.0712,26.0952612884203,0.279142953231326,0.0437039646039699
"8870092","2003-07-25",13.6250467288577,0.733766233766234,0.727337339277639,0.686848502008314,26.8561252193739,25.407874780626,26.1319999999999,0.887594105490974,59.0064755867169,26.0668,26.159893116631,0.401801315633254,0.115323434809827
"8870091","2003-07-28",13.8513210240929,0.746753246753249,0.742424242424244,0.719281169908037,26.860864635149,25.4054686981843,26.1331666666666,0.889470190850981,59.2934414091933,26.06,26.2185740344135,0.499036871126068,0.192066122073075
"8870090","2003-07-29",14.5365799519722,0.754491017964072,0.745003499494518,0.738255027065467,26.9440759128441,25.3709240871558,26.1575,0.938080200151788,60.9140672896089,26.076,26.2840974964917,0.602582694708964,0.274169436600253
"8870089","2003-07-30",15.1728918135744,0.790419161676646,0.763887808797989,0.750438516905583,27.0395112575571,25.3838220757761,26.2116666666666,0.903658694329606,61.8072545280427,26.0968,26.3488844969595,0.69459554607143,0.358254658494488
"8870088","2003-07-31",16.0888831913962,0.777777777777779,0.774229319139499,0.761040209144002,27.1279590928975,25.429707573769,26.2788333333333,0.91483843356818,63.0206563640443,26.1208,26.4156998973649,0.782510568785932,0.443105840552777
"8870087","2003-08-01",15.6751064202945,0.222222222222223,0.59680638722555,0.711641171721012,27.0960035847908,25.5229964152091,26.3095,0.419792694460405,44.1420185552411,26.1016,26.3402732443829,0.540220162872695,0.462528705016761
"8870086","2003-08-04",15.7329322591518,0.0944444444444454,0.364814814814816,0.578616840393288,27.0998900301742,25.512443303159,26.3061666666666,0.21054146751498,41.0929475007522,26.0644,26.2442368117985,0.274037321551668,0.424830428323742
"8870085","2003-08-05",16.297589213425,0,0.105555555555556,0.355725585865307,27.1238893879342,25.4231106120658,26.2735,0.107924709083455,37.5692195253441,26.0276,26.1223385702254,-0.026789664939364,0.334506409671121
"8870084","2003-08-06",17.3542260305157,0,0.031481481481482,0.167283950617285,27.1948904647407,25.2461095352592,26.2205,-0.0322130625234128,33.8990340910326,26.0044,25.9713600941953,-0.367720849178443,0.194060957901208
"8870083","2003-08-07",19.908802293308,0,2.4980018054066e-16,0.0456790123456794,27.5281928189576,24.7251405143756,26.1266666666666,-0.300318042466157,23.0553491274831,25.9236,25.6378454149693,-1.10440628590678,-0.0656324908603891
"8870082","2003-08-08",22.5072020048395,0,2.4980018054066e-16,0.010493827160494,27.8311466216758,24.1671867116574,25.9991666666666,-0.203018973076136,21.4963516928141,25.8304,25.3061326929734,-1.77939189700421,-0.408384372089154
"8870081","2003-08-11",24.4809936646956,0.121951219512195,0.0406504065040653,0.0135501355013551,27.9400830619715,23.8199169380284,25.8799999999999,-0.000788869007686137,29.5162259174525,25.7464,25.0853150005769,-2.13798541675465,-0.754304581022253
"8870080","2003-08-12",26.3221599440179,0.119512195121952,0.0804878048780492,0.040379403794038,28.0120724228513,23.5152609104819,25.7636666666666,0.0603551550778106,29.4514223864228,25.646,24.8926063338333,-2.40257819611198,-1.0839593040402
"8870079","2003-08-13",27.8452006347149,0.134146341463415,0.125203252032521,0.0821138211382115,28.0637661826514,23.2682338173485,25.666,0.121314202122941,30.4382566859721,25.5508,24.7335921559889,-2.56697925898417,-1.38056329502899
"8870078","2003-08-14",29.3281905723242,0.117073170731707,0.123577235772358,0.109756097560976,28.1134142692628,23.0355857307371,25.5745,0.141349318345563,29.9125531118969,25.474,24.5864465351904,-2.69218211906375,-1.64288705983594
"8870077","2003-08-15",29.4134360799908,0.178048780487805,0.143089430894309,0.130623306233063,28.0848572210835,22.8671427789164,25.4759999999999,0.233088753303224,34.2782815441068,25.3928,24.4922536638317,-2.68044499699146,-1.85039864726705
"8870076","2003-08-18",29.950464351033,0.0853658536585369,0.126829268292683,0.131165311653117,28.0270491509522,22.6586175157144,25.3428333333333,0.19460354319529,31.1065488495234,25.2892,24.3599531753208,-2.76660404707374,-2.03363972722839
"8870075","2003-08-19",30.3982514211653,0.165853658536585,0.143089430894309,0.137669376693767,27.9275581526311,22.5131085140354,25.2203333333333,0.261687074502378,36.5934447836356,25.2036,24.2892927519447,-2.69605858676284,-2.16612349913528
"8870074","2003-08-20",30.0830289468813,0.208108108108109,0.153109206767744,0.141009301984912,27.7793899641723,22.4176100358276,25.0985,0.311287791208234,38.0427314563333,25.1364,24.2400537183521,-2.58117574704464,-2.24913394871715
"8870073","2003-08-21",29.3600029782293,0.371428571428572,0.248463446024422,0.181554027895492,27.5701430004285,22.3951903329047,24.9826666666666,0.389982890682996,44.1525162719328,25.0912,24.2507132225718,-2.33023730777812,-2.26535462052934
"8870072","2003-08-22",29.168126901043,0.282392026578073,0.287309568704918,0.229627407165695,27.3420594352761,22.3716072313905,24.8568333333333,0.363157990708592,40.6951090221279,25.0164,24.2172847928955,-2.21245108124641,-2.25477391267276
"8870071","2003-08-25",29.1476801682969,0.305785123966943,0.319868573991196,0.285213862906845,27.0818239824574,22.3645093508758,24.7231666666666,0.352352438962411,39.5486612974481,24.9236,24.1736468205095,-2.131542939803,-2.23012771809881
"8870070","2003-08-26",29.1016329490444,0.5,0.362725716848339,0.323301286514818,26.7452441770357,22.4220891562975,24.5836666666666,0.378098287599697,40.2082982012004,24.832,24.1411605777749,-2.03100516361548,-2.19030320720214
"8870069","2003-08-27",29.0749905924378,0.531034482758622,0.445606535575188,0.376066942138241,26.3379724905013,22.5443608428319,24.4411666666666,0.391616036417643,40.0905198686003,24.7332,24.1116725007382,-1.93264429938906,-2.13877142563953
"8870068","2003-08-28",29.0846190345495,0.363636363636362,0.464890282131661,0.424407511518396,25.7940500731976,22.7922832601356,24.2931666666666,0.410108496050019,39.8391722959639,24.6252,24.0834495006398,-1.84039524486256,-2.07909618948413
"8870067","2003-08-29",29.093559730796,0.472727272727272,0.455799373040752,0.455432063582534,25.4147474813554,22.9635858519778,24.1891666666666,0.464982589354961,42.181438352436,24.5228,24.0749895672212,-1.70753868059929,-2.00478468770716
"8870066","2003-09-02",27.7721040780711,0.475000000000001,0.437121212121212,0.452603622431208,25.0750391089734,23.1466275576932,24.1108333333333,0.587723321587871,43.1741919818087,24.4216,24.0743242915917,-1.56744527158836,-1.9173168044834
"8870065","2003-09-03",26.4884365198862,0.868852459016393,0.605526577247889,0.499482387469951,24.7842319779936,23.3381013553396,24.0611666666666,0.881823507515071,51.8919143585274,24.3356,24.1390810527128,-1.27763545675329,-1.78938053493738
"8870064","2003-09-04",26.0044860091495,0.60655737704918,0.650136612021858,0.564261467130319,24.5522811169027,23.4883855497638,24.0203333333333,0.825533204602756,46.8383522798708,24.2344,24.1525369123511,-1.14171840512314,-1.65984810897453
"8870063","2003-09-05",25.8565212643986,0.483606557377049,0.653005464480874,0.63622288458354,24.5757137368155,23.5016195965177,24.0386666666666,0.696754944845692,44.6436116764928,24.124,24.1441986573709,-1.07172255382788,-1.5422229979452
"8870062","2003-09-08",25.3356368012247,0.247191011235958,0.445784981887396,0.582975686130042,24.5451357781859,23.6161975551473,24.0806666666666,0.696640273956219,44.0508376359002,24.052,24.1316388363881,-1.01792418483367,-1.4373632353229
"8870061","2003-09-09",24.8519583711346,0.6144578313253,0.448418466646102,0.515736304338124,24.5961015589995,23.6332317743337,24.1146666666666,0.896730696178893,50.2726626980192,24.0032,24.1674203248697,-0.848607841652704,-1.31961215658886
"8870060","2003-09-10",24.9539874038967,0.313253012048191,0.391633951536483,0.428612466689993,24.6011731323978,23.6774935342687,24.1393333333333,0.652289459409556,46.3111048933094,23.956,24.1650976148871,-0.788742544582532,-1.21343823418759
"8870059","2003-09-11",24.62756010976,0.530120481927709,0.4859437751004,0.441998731094328,24.6283464814948,23.7093201851717,24.1688333333333,0.79505865909564,49.4026732989775,23.9296,24.1870845995688,-0.673482473106635,-1.1054470819714
"8870058","2003-09-12",24.3244490509188,0.638554216867473,0.493975903614458,0.457184543417113,24.6448550760533,23.7671449239466,24.2059999999999,0.831164754069523,50.9243253653039,23.9676,24.218139986293,-0.54586012794311,-0.993529691165743
"8870057","2003-09-15",24.2885385239051,0.512195121951221,0.560289940248801,0.513403206321219,24.6678315536369,23.7781684463629,24.2229999999999,0.725178870176178,49.1554326814962,24.0144,24.2317213214539,-0.472571463666316,-0.889338045665858
"8870056","2003-09-16",23.2363120417687,0.445544554455448,0.532097964424714,0.528787936095991,24.6603904760758,23.8689428572574,24.2646666666666,0.843674039232237,49.7196937073811,24.0424,24.2474918119267,-0.399895824040508,-0.791449601340788
"8870055","2003-09-17",22.2592445940707,0.564356435643564,0.507365370683411,0.533251091785642,24.6810750937678,23.9115915728988,24.2963333333333,0.846985988339996,52.0137142809271,24.0756,24.2771595703365,-0.298977235252851,-0.6929551281232
"8870054","2003-09-18",21.0990328526871,0.48314606741573,0.497682352504914,0.512381895871013,24.7108096603953,23.930523672938,24.3206666666666,0.823812897742891,51.5912317813254,24.1056,24.3002049609583,-0.223105018831204,-0.598985106264801
"8870053","2003-09-19",21.4489616044018,0.304878048780488,0.450793517279927,0.485280413489417,24.8177558870837,23.8752441129162,24.3464999999999,1.1190904092582,53.6197487320383,24.1424,24.3335109661639,-0.128371881789557,-0.504862461369753
"8870052","2003-09-22",21.7738954452797,0.774390243902438,0.520804786699552,0.489760218828131,25.066621799838,23.7510448668285,24.4088333333333,1.2711445636853,65.5800118540941,24.2,24.465042837342,0.198599604819893,-0.364170048131823
"8870051","2003-09-23",22.0968127162786,0.804878048780488,0.628048780487805,0.533215694822428,25.2576236852793,23.7033763147206,24.4804999999999,1.13020856174774,66.1897177515137,24.2748,24.5857037923631,0.467234208324374,-0.197889196840584
"8870050","2003-09-24",21.4547907125885,0.640243902439025,0.739837398373984,0.629563655187113,25.3563403372472,23.7223263294193,24.5393333333333,0.924720961188451,60.0081535226282,24.3256,24.654276620048,0.58393293568102,-0.0415247703362632
"8870049","2003-09-25",20.535626214913,0.579268292682926,0.67479674796748,0.680894308943089,25.4038693593327,23.7784639740006,24.5911666666666,0.79254240467703,57.853112674762,24.3688,24.7003730707083,0.63602927744506,0.0939860392200015
"8870048","2003-09-26",19.5186646627608,0.519480519480519,0.579664238200823,0.664766128180762,25.4341809617737,23.8504857048929,24.6423333333333,0.755310061438058,56.7556022178637,24.394,24.7336566612805,0.65328207085571,0.205845245547143
"8870047","2003-09-29",19.3764916498287,0.616883116883118,0.571877309682188,0.608779431950163,25.4925259208317,23.9064740791682,24.6994999999999,0.844986621681173,59.2529772007709,24.438,24.7825024397764,0.707469864720078,0.30617016938173
"8870046","2003-09-30",19.6459579940707,0.633093525179855,0.589819053847831,0.58045353391028,25.5735895991965,23.9344104008034,24.7539999999999,0.875797838701192,60.8751603950974,24.4904,24.8381687811396,0.773689871544292,0.399674109814243
"8870045","2003-10-01",20.6872717751093,0.617977528089888,0.622651390050954,0.594782584526991,25.7092499039318,23.9020834294014,24.8056666666666,0.965369412200163,64.2474041520756,24.55,24.9157462769876,0.886798615120599,0.497099010875514
"8870044","2003-10-02",21.6542060003595,0.831460674157303,0.694177242475682,0.635549228791489,25.8709003091302,23.890433024203,24.8806666666666,0.997862301237828,69.1875347995336,24.6252,25.0336467733893,1.08569320448413,0.614817849597237
"8870043","2003-10-03",22.7451479385393,0.839999999999999,0.76314606741573,0.693324899980789,26.0062477849258,23.9214188817408,24.9638333333333,0.955433056664508,69.4269767950374,24.702,25.1384938702707,1.23409792231415,0.738673864140619
"8870042","2003-10-06",24.4067425222328,0.699507389162562,0.790322687773288,0.7492153325549,26.1506566838503,23.9580099828162,25.0543333333333,0.964735152963535,70.0535105694313,24.776,25.2360280209013,1.35094042331503,0.861127175975501
"8870041","2003-10-07",26.3950137195709,0.842553191489361,0.794020193550641,0.782496316246553,26.4008820235264,23.9134513098068,25.1571666666666,1.06128866583743,75.9885892916005,24.8704,25.3952242847811,1.60183050075988,1.00926784093238
"8870040","2003-10-08",28.2412655456705,0.844444444444444,0.795501675032123,0.79328151878535,26.5792571648763,23.9594095017902,25.2693333333333,0.978653784977282,76.17023576191,24.946,25.5358610468103,1.7838440465811,1.16418308206212
"8870039","2003-10-09",30.2312388217536,0.803108808290156,0.830035481407987,0.806519116663583,26.7567077884527,24.0006255448806,25.3786666666666,0.952816675885026,76.6458963648653,25.0364,25.6644129072356,1.91957071654592,1.31526060895888
"8870038","2003-10-10",32.0790711495452,0.808290155440416,0.818614469391672,0.814717208610594,26.8964714420455,24.0708618912877,25.4836666666666,0.893897309591692,76.7458715420891,25.1332,25.7771578529375,2.00535682987726,1.45327985314256
"8870037","2003-10-13",34.0867520381673,0.804878048780489,0.80542567083702,0.818025207212226,27.0239923870034,24.1743409463298,25.5991666666666,0.898001892609931,77.6722759820263,25.2352,25.8868701392125,2.07596532635981,1.57781694778601
"8870036","2003-10-14",35.9510271490306,0.878048780487805,0.83040566156957,0.81814860059942,27.1445381535048,24.2817951798284,25.7131666666666,0.885469464128292,79.1622696005093,25.3292,26.0019541206508,2.15217596580126,1.69268875138906
"8870035","2003-10-15",37.2681066070262,0.839024390243903,0.840650406504066,0.825493912970218,27.2201033676779,24.4252299656553,25.8226666666666,0.832990634206622,76.2400909077718,25.43,26.0910269045641,2.16148943996504,1.78644888910425
"8870034","2003-10-16",38.5069015005871,0.842105263157894,0.853059477963201,0.841371848678945,27.2648014260442,24.6008652406223,25.9328333333333,0.816761842100869,76.5890887979445,25.5248,26.1722233172889,2.15231512930207,1.85962213714382
"8870033","2003-10-17",39.3762808745507,0.805555555555555,0.828895069652451,0.840868318039905,27.3185303026755,24.7298030306577,26.0241666666666,0.782957578389126,74.621760006609,25.614,26.2359268749837,2.10461394611776,1.90862049893861
"8870032","2003-10-20",39.7860265707819,0.734177215189872,0.793946011301107,0.825300186305586,27.3820267260448,24.7929732739551,26.0874999999999,0.732710529600594,71.839571837621,25.7044,26.2818032916525,2.02151251232172,1.93119890161523
"8870031","2003-10-21",39.7157920582706,0.583333333333333,0.707688701359587,0.776843260771048,27.4258304590188,24.8648362076478,26.1453333333333,0.684043104775052,68.6876440262793,25.7904,26.3108961860989,1.90884397720927,1.92672791673404
"8870030","2003-10-22",38.0049160871492,0.288135593220339,0.535215380581181,0.678950031080625,27.4115884889956,24.9884115110043,26.1999999999999,0.552272973793158,57.2010749029853,25.858,26.290776694619,1.69574931864187,1.8805321971156
"8870029","2003-10-23",36.4162455425365,0.380530973451328,0.417333300001667,0.553412460647478,27.3639586935524,25.1710413064475,26.2674999999999,0.568022018313995,60.1557590988854,25.932,26.2920064686698,1.55199021448043,1.81482380058857
"8870028","2003-10-24",34.1847318905217,0,0.222888855557222,0.39181251204669,27.2681279801095,25.3718720198904,26.3199999999999,0.382224057290521,49.8345612895049,25.9864,26.2410722728472,1.30333443925106,1.71252592832107
"8870027","2003-10-27",32.1473920643898,0.174311926605506,0.184947633352278,0.275056596303722,27.1835443804229,25.5617889529103,26.3726666666666,0.45519258611142,53.9773973026776,26.0176,26.2222626364675,1.15145669541257,1.60031208173937
"8870026","2003-10-28",31.1075559480548,0.541284403669725,0.238532110091744,0.215456199667081,27.1134647426702,25.7615352573296,26.4374999999999,0.66951081336094,61.2354335543613,26.0628,26.2592942849385,1.14097672005469,1.50844500940243
"8870025","2003-10-29",31.0464668066239,0.604026845637584,0.439874391970938,0.287784711804986,27.1204300773258,25.8905699226741,26.5054999999999,0.907498905278898,65.7442983343358,26.1312,26.3327217136134,1.21348545324755,1.44945309817146
"8870024","2003-10-30",30.9897411752952,0.63758389261745,0.594298380641586,0.424234960901422,27.1436512538638,25.9830154128027,26.5633333333333,0.89633447781478,66.4226757154314,26.2056,26.4030254851316,1.27093681545243,1.41374984162765
"8870023","2003-10-31",30.7343406471477,0.604026845637584,0.615212527964206,0.549795100192243,27.1361506715394,26.0941826617938,26.6151666666666,0.821347037722508,65.0356808109676,26.28,26.4572887537807,1.28582390726253,1.38816465475463
"8870022","2003-11-03",29.7162305498073,0.469798657718121,0.570469798657718,0.59332690242117,27.1082606865412,26.1887393134587,26.6484999999999,0.599508290593962,59.6684765515212,26.3404,26.4776502532766,1.22228073707684,1.35498787121907
"8870021","2003-11-04",28.2315746381051,0.369127516778524,0.480984340044743,0.555555555555555,27.1098714035864,26.1941285964135,26.6519999999999,0.468695722814233,55.9397309617218,26.3908,26.4752968861731,1.11333438603192,1.30665717418164
"8870020","2003-11-05",26.5302560378468,0.167785234899329,0.335570469798658,0.462341536167039,27.1257301532358,26.1512698467641,26.6384999999999,0.104738475124532,49.3036516434611,26.4204,26.43325730135,0.92486608233544,1.2302989558124
"8870019","2003-11-06",27.4002483287522,0.187793427230046,0.241568726302633,0.352707845382011,27.1505055666578,26.1524944333421,26.6514999999999,0.735635313892147,52.3475563962118,26.4408,26.4168229945033,0.811951202378469,1.14662940512561
"8870018","2003-11-07",28.5554293202144,0.786885245901638,0.380821302677004,0.319320166259432,27.4926178543103,25.9510488123563,26.7218333333333,1.33129588433851,71.2109211297475,26.5212,26.6052465952362,1.1715499939438,1.15161352288925
"8870017","2003-11-10",29.7675161995128,0.793774319066147,0.589484330732611,0.403958119904083,27.7760709161299,25.80692908387,26.7914999999999,1.17804494566776,72.148285125307,26.6044,26.7845470492047,1.47248967176958,1.21578875266532
"8870016","2003-11-11",31.1336183225704,0.782142857142857,0.787600807370214,0.585968813593276,28.05085630545,25.6808103612165,26.8658333333333,1.10652832638017,73.3177769889598,26.6712,26.9599407759774,1.73288867582893,1.31920873729804
"8870015","2003-11-12",32.8146195422878,0.845679012345679,0.807198729518228,0.728094622540351,28.4251335408845,25.5128664591154,26.9689999999999,1.13444272616108,77.11264731251,26.7592,27.1852820058471,2.07552754293894,1.47047249842622
"8870014","2003-11-13",34.4962446411178,0.912225705329154,0.84668252493923,0.813827353942557,28.8086639587341,25.3620027079324,27.0853333333333,1.08549415018104,79.1981091116759,26.8596,27.4285777384008,2.42026707634859,1.66043141401069
"8870013","2003-11-14",35.2277543816353,0.821086261980831,0.859663659885221,0.837848304780893,29.0628299833955,25.3148366832711,27.1888333333333,0.936989397307355,73.5822049396432,26.9484,27.6021007066141,2.57697606145573,1.8437403434997
"8870012","2003-11-17",34.2039146415367,0.600638977635783,0.777983648315256,0.828109944379902,29.1722191814475,25.3557808185524,27.264,0.74350801584239,61.9283382663982,27.006,27.6604872790655,2.46952053104423,1.96889638100861
"8870011","2003-11-18",32.8510090295686,0.539936102236422,0.653887113951012,0.763844807383829,29.2493279548744,25.4223387117922,27.3358333333333,0.687484195649892,59.1502684178232,27.05,27.6857556418568,2.30217106025976,2.03555131685884
"8870010","2003-11-19",31.3012972551463,0.49520766773163,0.545260915867945,0.659043892711404,29.2878946561637,25.5444386771696,27.4161666666666,0.638152196678346,57.1170744749065,27.0916,27.6889882229425,2.10448693577574,2.04933844064222
"8870009","2003-11-20",29.8796304874635,0.55591054313099,0.53035143769968,0.576499822506212,29.3315890443304,25.6654109556695,27.4985,0.654065983613928,59.1683736915491,27.1396,27.7171231265502,1.98026426870175,2.03552360625412
"8870008","2003-11-21",28.5595113460437,0.568690095846646,0.539936102236422,0.538516151934682,29.3235956591006,25.867071007566,27.5953333333333,0.62671687436269,59.6064479426628,27.1912,27.7468400430102,1.87171570852893,2.00276202670909
"8870007","2003-11-24",28.3168342189213,0.603833865814697,0.576144834930777,0.548810791622293,29.3417306122426,26.048936054424,27.6953333333333,0.683633280500588,60.8503781045091,27.25,27.7872613706088,1.79672941454809,1.96155550427689
"8870006","2003-11-25",28.7534575885286,0.7751677852349,0.649230582298747,0.588437173155315,29.4519515434027,26.1563817899306,27.8041666666666,0.815322309768104,66.5916242718719,27.3348,27.898293187861,1.88022241987511,1.94528888739653
"8870005","2003-11-26",29.3308024377327,0.645348837209302,0.674783496086299,0.633386304438608,29.5915935425519,26.218406457448,27.905,0.83153611261943,68.3457106952236,27.4412,28.0211874294795,1.979807453906,1.95219260069843
"8870004","2003-11-28",29.8669083691364,0.808139534883722,0.742885385775974,0.688966488053674,29.7392772697676,26.288389396899,28.0138333333333,0.843727965197755,70.6676715025018,27.5532,28.1650291055489,2.11295919411221,1.98434591938118
"8870003","2003-12-01",30.6596178364464,0.880208333333333,0.777898901808785,0.731855927890353,29.905087155905,26.3752461774283,28.1401666666666,0.878628954717618,72.9565965503108,27.6928,28.3296918914757,2.27556223897889,2.04258918330072
"8870002","2003-12-02",30.548979579195,0.723958333333334,0.804102067183463,0.774962118256074,29.97152904793,26.5604709520699,28.266,0.79042796657994,67.3008460954778,27.8128,28.432399639279,2.29062743231621,2.09219683310382
"8870001","2003-12-03",29.8719224027498,0.609375,0.737847222222222,0.773282730404823,29.9414678014803,26.828865531853,28.3851666666666,0.699672154089405,63.4182177939944,27.908,28.4920796873751,2.21378680375404,2.11651482723386
"8870000","2003-12-04",28.9135737349977,0.541666666666667,0.625,0.722316429801895,29.7429299807574,27.2940700192425,28.5184999999999,0.663953842322476,61.1724416609483,27.9856,28.5264690623918,2.0916276457621,2.11153739093951
"8869999","2003-12-05",28.4440813715474,0.640625000000001,0.597222222222222,0.653356481481481,29.6257136007466,27.6352863992533,28.6304999999999,0.749276470043454,63.2223361145484,28.0688,28.5816065207395,2.02485521160356,2.09420095507232
"8869998","2003-12-08",28.4143983962067,0.828431372549019,0.670241013071895,0.630821078431372,29.7288782584656,27.6834550748676,28.7061666666666,0.896250519940993,67.6722878805483,28.1724,28.6907256513076,2.07687527512559,2.09073581908297
"8869997","2003-12-09",27.6935515928882,0.671361502347418,0.713472624965479,0.660311953419865,29.7942950304249,27.742704969575,28.7684999999999,0.794811982605748,63.0301333859998,28.2736,28.7506288977999,2.02079597731879,2.07674785073014
"8869996","2003-12-10",26.7668843888564,0.587628865979381,0.695807246958606,0.693173628331993,29.8250164256226,27.795650241044,28.8103333333333,0.66244809299174,61.288724917465,28.3768,28.7892117114266,1.92572082542879,2.04654244566987
"8869995","2003-12-11",26.6895907151644,0.715789473684211,0.658259947337003,0.689179939753696,29.8965517542249,27.7887815791083,28.8426666666666,0.794466006775326,64.0683582932246,28.5024,28.8573168165697,1.90087265665424,2.01740848786674
"8869994","2003-12-12",26.6178180181647,0.709497206703911,0.670971848789167,0.675013014361592,29.9447201360745,27.7772798639255,28.861,0.780976600751369,64.2808259266659,28.6228,28.9190079076938,1.86470700632797,1.98686819155899
"8869993","2003-12-15",26.8025203387784,0.630769230769231,0.685351970385784,0.671527922170651,30.0299132474327,27.7694200859006,28.8996666666666,0.809814400349136,65.5953507407144,28.6872,28.9884735200013,1.84764451050734,1.95902345534866
"8869992","2003-12-16",26.9427621751044,0.58119658119658,0.640487672889907,0.665603830688286,30.0885544911033,27.8501121755633,28.9693333333333,0.775787018967457,65.3794212851483,28.7464,29.0473437173344,1.80992546250747,1.92920385678042
"8869991","2003-12-17",26.4184112881927,0.4017094017094,0.537891737891737,0.621243793722476,30.0888921761947,27.9857744904719,29.0373333333333,0.678782196808368,60.8494110001981,28.7912,29.0703645550232,1.70180067027657,1.88372321947965
"8869990","2003-12-18",26.1916390766037,0.491525423728812,0.49147713554493,0.556618848775525,30.0579447725154,28.1763885608178,29.1171666666666,0.719410576610365,62.3220733576701,28.8184,29.1049826143534,1.62772061737111,1.83252269905794
"8869989","2003-12-19",25.9810648801281,0.644067796610171,0.512434207349461,0.513934360262043,30.0247261644332,28.3649405022333,29.1948333333333,0.754149281404369,64.6643716796965,28.8384,29.1589849324396,1.60016348910763,1.78605085706788
"8869988","2003-12-22",25.9572232603084,0.703389830508473,0.612994350282485,0.538968564392292,29.9413670676174,28.6139662657158,29.2776666666666,0.810632126139065,65.5610070621178,28.8724,29.215120274781,1.57907967395505,1.74465662044531
"8869987","2003-12-23",26.1292161441742,0.840000000000001,0.729152542372881,0.618193700001609,29.8983758434476,28.8136241565523,29.356,0.970768262300012,68.2848331741684,28.9428,29.2931042381435,1.60406855410002,1.71653900717626
"8869986","2003-12-24",26.5642144920719,0.781512605042018,0.77496747851683,0.705704790390732,29.9606394447814,28.8626938885518,29.4116666666666,0.996381625580393,69.121673750012,29.0236,29.3700236730577,1.62373298354739,1.69797780245048
"8869985","2003-12-26",26.1248021994522,0.559633027522935,0.727048544188318,0.74372285502601,29.9881756282733,28.9094910383933,29.4488333333333,0.794648997784193,63.4547281755673,29.1012,29.4073538499834,1.56044778156121,1.67047179827263
"8869984","2003-12-29",25.6793441587579,0.550458715596332,0.630534782720428,0.710850268475192,30.0133539600011,28.9359793733322,29.4746666666666,0.724620111699756,63.201086075786,29.1708,29.4383733366523,1.49018222137007,1.63441388289212
"8869983","2003-12-30",25.5943384445701,0.559633027522935,0.556574923547401,0.638052750152049,30.0426962503385,28.9356370829947,29.4891666666666,0.750664109187457,63.3588150739656,29.2392,29.4665902250986,1.4207092828423,1.59167296288216
"8869982","2003-12-31",25.9625379058442,0.443298969072164,0.51779690406381,0.568302203443879,30.0795540033385,28.9561126633281,29.5178333333333,0.77786645866513,63.3588150739656,29.3032,29.4910448617521,1.34996472273199,1.54333131485212
"8869981","2004-01-02",25.8852999077496,0.340206185567011,0.44771272738737,0.50736151833286,30.074038558978,29.0366281076886,29.5553333333333,0.694072975728311,60.3583849241704,29.3404,29.4989055468519,1.25203651516554,1.48507235491481
"8869980","2004-01-05",25.1363188239311,0.164948453608247,0.31615120274914,0.427220278066773,30.0177090111192,29.1596243222141,29.5886666666666,0.497669227727963,55.5429142562043,29.3628,29.4830514739383,1.11506766715965,1.41107141736378
"8869979","2004-01-06",24.2096331365516,0.103092783505156,0.202749140893471,0.322204357009994,29.9862001434657,29.2194665232009,29.6028333333333,0.248500224541243,53.9081958911785,29.3716,29.4613112774132,0.978839166725365,1.32462496723609
"8869978","2004-01-07",24.099922087435,0.134020618556703,0.134020618556702,0.217640320733104,29.9862196933005,29.2197803066995,29.603,0.391707026738218,54.6272540690108,29.3696,29.4464697737581,0.869105203876552,1.23352101456419
"8869977","2004-01-08",25.1955565432045,0.794642857142857,0.343918753068238,0.22689617083947,30.1192473953649,29.1780859379683,29.6486666666666,1.17788581330653,69.3762068437036,29.414,29.5482738039237,1.00583202814166,1.18798321727968
"8869976","2004-01-09",26.5052074715684,0.600000000000001,0.509554491899853,0.329164621174931,30.1899931223721,29.2206735442945,29.7053333333333,1.08597805393197,66.4029500951528,29.4628,29.6218372967339,1.0710394567087,1.16459446516548
"8869975","2004-01-12",27.7213119050491,0.830769230769229,0.741804029304029,0.53175909142404,30.3261528302963,29.1838471697036,29.755,1.11425474010399,70.1591316205888,29.5288,29.725592323836,1.18992836622784,1.16966124537796
"8869974","2004-01-13",28.1441004481911,0.7,0.71025641025641,0.653871643820097,30.4097630928236,29.1882369071763,29.799,0.951075062061014,65.6780966200711,29.5804,29.7928466806579,1.22316791788086,1.18036257987854
"8869973","2004-01-14",29.4408623090431,0.591160220994476,0.707309817254568,0.719790085605002,30.554183649084,29.1474830175825,29.8508333333333,1.05863580049338,67.764888113614,29.62,29.8724671232368,1.27754081871485,1.1997982276458
"8869972","2004-01-15",30.8520661545608,0.642857142857142,0.644672454617205,0.687412894042728,30.718999363079,29.1053339702543,29.9121666666666,1.05845943692778,70.0904896130528,29.6776,29.9668048401386,1.35555287586953,1.23094915729055
"8869971","2004-01-16",32.3743526409171,0.86320754716981,0.699074970340475,0.683685747404083,30.9649675591311,29.0426991075354,30.0038333333333,1.14654514425481,75.7441377124545,29.762,30.1245641947868,1.55137178827918,1.29503368348827
"8869970","2004-01-20",34.0711586513535,0.753191489361701,0.753085393129551,0.698944272695744,31.1757313713717,29.0072686286282,30.0915,1.04962130999101,74.1551452489876,29.8336,30.2532889688152,1.66943099282963,1.36991314535654
"8869969","2004-01-21",35.4762607174361,0.736170212765957,0.784189749765823,0.745450037745283,31.3438020043258,29.0021979956741,30.173,0.958517607033381,73.0548348957581,29.9028,30.3595171063065,1.73108189802931,1.4421468958911
"8869968","2004-01-22",37.1333513505706,0.873563218390805,0.787641640172821,0.774972261022732,31.5990620111275,28.9489379888724,30.274,1.04186143287668,77.9086529197176,29.9892,30.5249148254656,1.90230435908976,1.53417838853083
"8869967","2004-01-23",37.504524115156,0.762452107279693,0.790728512812152,0.787519967583599,31.7637429409674,28.9452570590325,30.3545,0.898145214726539,70.6790667390651,30.0644,30.6295928487369,1.93737887434857,1.61481848569438
"8869966","2004-01-26",37.2628177276227,0.701149425287356,0.779054916985951,0.785808356656975,31.8731615408064,28.9685051258601,30.4208333333333,0.796937013122078,66.9857477278445,30.1416,30.6989804689053,1.90035672129021,1.67192613281354
"8869965","2004-01-27",36.964567815395,0.689922480620155,0.717841337729067,0.762541589175723,31.9525507796228,29.0341158870438,30.4933333333333,0.747849741370857,66.5178414638227,30.2136,30.7564497397179,1.84403872481858,1.70634865121455
"8869964","2004-01-28",37.120397460803,0.530054644808743,0.640375516905417,0.712423923873479,32.0199860120425,29.120680654624,30.5703333333333,0.736723369470985,65.0498329528566,30.276,30.7982564410889,1.76303661885089,1.71768624474182
"8869963","2004-01-29",36.7301620536516,0.453551912568306,0.557843012665734,0.638686622433406,32.0542075733858,29.2191257599474,30.6366666666666,0.661077068217962,61.6319453978927,30.33,30.8158222489437,1.64309396806666,1.70276778940679
"8869962","2004-01-30",35.2374135970008,0.21764705882353,0.400417872066859,0.532878800546003,32.0532407657894,29.3150925675438,30.6841666666666,0.534999323044233,54.3790150062301,30.362,30.7870459490845,1.44499469770305,1.65121317106604
"8869961","2004-02-02",33.2774170875986,0.105882352941176,0.259027108111004,0.405762664281199,32.02820154298,29.4221317903533,30.7251666666666,0.443017641853108,50.680932672115,30.3836,30.7367731558733,1.22411715107118,1.56579396706707
"8869960","2004-02-03",32.0894142696761,0.0259740259740254,0.11650114591291,0.258648708696924,31.974453635633,29.5852130310336,30.7798333333333,0.458215454257266,51.0582319481474,30.4148,30.6958700684235,1.04231366219336,1.46109790609233
"8869959","2004-02-04",30.9862687958909,0.144736842105262,0.0921977403401544,0.155908664788023,31.8659096099976,29.833757056669,30.8498333333333,0.480398453222403,54.7834620787979,30.4544,30.6870873926337,0.940014209846818,1.35688116684322
"8869958","2004-02-05",29.1009105756726,0,0.0569036226930956,0.0885341696487199,31.7377576620913,30.0492423379086,30.8934999999999,0.203783164118633,44.85592127172,30.472,30.6074757402825,0.708579628450834,1.22722085916475
"8869957","2004-02-06",27.0884704527489,0.0597826086956519,0.0681731502669711,0.0724248377667402,31.7224789542439,30.0858543790893,30.9041666666666,0.253048638764062,46.9642789644017,30.494,30.5531456415782,0.547714411100664,1.09131956955193
"8869956","2004-02-09",25.1945691425565,0.402173913043477,0.153985507246376,0.0930207600688141,31.7025809335836,30.1717523997497,30.9371666666666,0.497495909405554,57.0845402343443,30.5452,30.5900595560344,0.579943887061019,0.989044433053748
"8869955","2004-02-10",25.1422240417008,0.538043478260869,0.333333333333332,0.185163996948893,31.7360158333513,30.2289841666486,30.9824999999999,0.752704267433643,60.3202965490652,30.6132,30.6553849485632,0.663546097782142,0.923944765999427
"8869954","2004-02-11",25.2976568256586,0.801020408163267,0.580412599822537,0.355910480134082,31.8274489705738,30.2815510294261,31.0544999999999,0.975775263310105,66.6102553863638,30.7068,30.7893336220881,0.871553840084727,0.913466580816487
"8869953","2004-02-12",25.2902463407907,0.775510204081634,0.704858030168589,0.539534654441486,31.9089535326367,30.3087131340299,31.1088333333333,0.884004803612657,65.6441990937566,30.7972,30.8987558058097,1.0104556985558,0.93286440436435
"8869952","2004-02-13",24.4924061162372,0.637755102040817,0.738095238095239,0.674455289362122,31.9537672374944,30.3362327625055,31.1449999999999,0.742138064271795,60.5383241607562,30.8424,30.9575883650351,1.03742318923781,0.953776161339041
"8869951","2004-02-17",23.8369146951408,0.719387755102042,0.710884353741497,0.717945874001775,32.0037820395175,30.3272179604824,31.1654999999999,0.792960270835203,62.4044919072446,30.8984,31.0299099163637,1.0875366365205,0.980528256375334
"8869950","2004-02-18",22.9595742957436,0.673469387755103,0.67687074829932,0.708616780045352,32.0316210022291,30.3253789977708,31.1784999999999,0.713822735801901,60.6665639774708,30.9388,31.0805885941819,1.09090351120542,1.00260330734135
"8869949","2004-02-19",21.4519810553781,0.494897959183674,0.629251700680272,0.67233560090703,32.0357165416577,30.3269501250089,31.1813333333333,0.571396534254996,54.329843064604,30.972,31.077843448291,0.991173084666719,1.00031726280642
"8869948","2004-02-20",20.935716419448,0.29591836734694,0.488095238095238,0.598072562358277,31.9679326470427,30.3100673529572,31.1389999999999,0.333721914771933,48.2785195467397,30.9832,31.0234643218522,0.801601384495965,0.960574087144333
"8869947","2004-02-23",20.7019663156133,0.234693877551021,0.341836734693878,0.48639455782313,31.9342002560409,30.267799743959,31.1009999999999,0.269363168970032,46.5601078451479,30.982,30.9603357456052,0.612969471461611,0.891053164007788
"8869946","2004-02-24",20.5683544175398,0.214285714285715,0.248299319727892,0.359410430839003,31.9219092472113,30.2137574194552,31.0678333333333,0.237825803270922,45.9727040407299,30.9564,30.9002909795245,0.447743241911369,0.802391179588505
"8869945","2004-02-25",20.4442862264715,0.234693877551021,0.227891156462586,0.272675736961452,31.9102300168183,30.1667699831815,31.0384999999999,0.265695804825636,46.6969063025423,30.9348,30.8535855155879,0.323411186704448,0.706595181011693
"8869944","2004-02-26",19.0385067463239,0.17837837837838,0.209119323405038,0.228436599865172,31.8873122491247,30.1416877508752,31.0144999999999,0.363754585495467,46.3622753767634,30.914,30.8104407801762,0.21705881873697,0.608687908556749
"8869943","2004-02-27",18.010322382515,0.292207792207793,0.235093349379064,0.224034609748896,31.8877708390511,30.1418958276154,31.0148333333333,0.548781651669721,53.9954002247368,30.8884,30.830382009486,0.24260918750858,0.535472164347115
"8869942","2004-03-01",17.5624190857614,0.422077922077922,0.297554697554698,0.247255790112933,31.9155845998085,30.1664154001914,31.0409999999999,0.649975961954299,57.0564881247838,30.8824,30.8743310748879,0.311533020900034,0.490684335657699
"8869941","2004-03-02",17.146508881633,0.506493506493506,0.406926406926407,0.313191484620056,31.9416214458395,30.2217118874938,31.0816666666666,0.679272992488029,58.9676563117017,30.888,30.9297535982362,0.395377514744699,0.471622971475099
"8869940","2004-03-03",16.1822357507848,0.404109589041097,0.444227005870841,0.382902703450649,31.9540054698649,30.267994530135,31.1109999999999,0.59232838470886,55.1074825559627,30.8868,30.9524531184714,0.407402535208279,0.458778884221735
"8869939","2004-03-04",15.2868392721401,0.431506849315069,0.447369981616557,0.432841131471268,31.9650766257858,30.2992567075474,31.1321666666666,0.560730854253264,55.7640203180552,30.8896,30.9774593693418,0.422432382258964,0.451509583829181
"8869938","2004-03-05",15.0400802074823,0.43835616438356,0.424657534246575,0.438751507244658,31.9412078499479,30.414792150052,31.1779999999999,0.586477097955069,55.9375123187703,30.8984,31.0004647867629,0.43190995923823,0.447589658910991
"8869937","2004-03-08",14.8109467903001,0.492307692307691,0.454056902002106,0.442028139288413,31.9152228835448,30.519777116455,31.2174999999999,0.551954724224976,55.9375123187703,30.9204,31.0204028151945,0.434363946910343,0.444944516510861
"8869936","2004-03-09",14.1058360612626,0.390625000000001,0.440429618897084,0.439714685048588,31.9141480670294,30.5401852663038,31.2271666666666,0.426853914860822,52.5886794524478,30.9444,31.0190157731686,0.395311160995071,0.435017845407703
"8869935","2004-03-10",13.4241897411661,0.258928571428571,0.380620421245421,0.425035647381537,31.9010259525244,30.5106407141422,31.2058333333333,0.306408569915627,47.9513582251774,30.9592,30.9898136700795,0.306181602005173,0.409250596727197
"8869934","2004-03-11",14.3151078499588,0,0.216517857142857,0.345855965761787,31.8534418178628,30.4245581821371,31.1389999999999,0.0201382047332219,37.4511643564226,30.9412,30.8818385140689,0.0728550825838337,0.341971493898525
"8869933","2004-03-12",15.4337061227233,0,0.0863095238095233,0.227815934065934,31.8315060595955,30.2958272737378,31.0636666666666,-0.051547633398407,35.429779063198,30.9388,30.7682600455264,-0.150281078613512,0.243520979396117
"8869932","2004-03-15",16.4724045188617,0.049999999999999,0.0166666666666659,0.106498015873015,31.8095109679998,30.1911556986668,31.0003333333333,0.0487187843283009,37.3712935275014,30.9352,30.6804920394562,-0.303268936119649,0.134162996292964
"8869931","2004-03-16",17.4369101724189,0.0749999999999985,0.0416666666666654,0.0482142857142848,31.7425043607516,30.1181623059149,30.9303333333333,0.085267976864427,38.3691344542888,30.908,30.6097597675287,-0.409681893753622,0.0253940182836468
"8869930","2004-03-17",16.8340272822912,0.29375,0.139583333333332,0.065972222222221,31.6554884503639,30.1138448829694,30.8846666666666,0.334808335692651,46.4142119061337,30.8848,30.5951251318582,-0.397271238572716,-0.0591390330876258
"8869929","2004-03-18",17.0760506752135,0.0812499999999995,0.149999999999999,0.110416666666665,31.6157322599056,30.058934406761,30.8373333333333,0.191246576621541,40.8374044554688,30.8248,30.5371084476104,-0.471867628922706,-0.141684752254642
"8869928","2004-03-19",17.1686426409863,0.2,0.191666666666666,0.160416666666666,31.6112348136758,30.0267651863241,30.819,0.296567048197674,44.8269294557776,30.7744,30.5121606545957,-0.475413191524565,-0.208430440108627
"8869927","2004-03-22",18.3842288091942,0,0.0937499999999995,0.145138888888888,31.6604317122866,29.8995682877133,30.78,0.0210682886790931,36.692756739277,30.7116,30.4132059006496,-0.624902366559854,-0.291724825398872
"8869926","2004-03-23",19.7230041833118,0,0.0666666666666664,0.117361111111111,31.718834183095,29.7574991502382,30.7381666666666,0.0131717338763166,35.1530518974278,30.6372,30.310111780563,-0.769783712076755,-0.387336602734449
"8869925","2004-03-24",21.2611970126817,0,-4.44089209850063e-16,0.0534722222222217,31.7832430254296,29.5917569745703,30.6875,0.011366575701737,32.9751474958291,30.5588,30.1954302098213,-0.925479954999797,-0.494965273187518
"8869924","2004-03-25",22.7205368788326,0,-4.44089209850063e-16,0.0222222222222217,31.8269015321458,29.4257651345207,30.6263333333333,0.0531282599933827,32.7451706498922,30.4936,30.0933728485118,-1.04313217172408,-0.604598652894831
"8869923","2004-03-26",23.5776786916186,0.0466321243523315,0.0155440414507767,0.00518134715025853,31.8046507951367,29.3036825381965,30.5541666666666,0.141138987866241,34.9439529625589,30.4476,30.0169231353769,-1.10022027002699,-0.703722976321262
"8869922","2004-03-29",24.1814054210351,0.095505617977529,0.0473792474432864,0.0209744296313541,31.7257544179639,29.2249122487026,30.4753333333333,0.200634180009945,36.9181713611205,30.4096,29.9613333839933,-1.11153949118963,-0.785286279294935
"8869921","2004-03-30",24.5047242054689,0.222929936305733,0.121689226211864,0.061537505035309,31.6021294443303,29.1962038890029,30.3991666666666,0.278671456055309,41.2389709062243,30.3804,29.9371555994608,-1.05996980226137,-0.840222983888223
"8869920","2004-03-31",24.8049487910146,0.226027397260275,0.181487650514512,0.116852041389887,31.4842385532549,29.1734281134116,30.3288333333333,0.297113027858281,40.903723932055,30.3488,29.9135348528661,-1.01289393068764,-0.874757173248107
"8869919","2004-04-01",24.3437024905622,0.287671232876713,0.245542855480907,0.182906577402428,31.3524289124741,29.1799044208592,30.2661666666666,0.36827919879794,43.1436477003332,30.3216,29.9050635391506,-0.940500936634592,-0.887905925925404
"8869918","2004-04-02",22.7165305253347,0.383561643835615,0.299086757990868,0.242039087995429,31.1863100282115,29.2363566384551,30.2113333333333,0.501025665541827,46.5382323796626,30.2828,29.9163884005972,-0.835707510660944,-0.877466242872512
"8869917","2004-04-05",21.3109060952935,0.308219178082191,0.326484018264839,0.290371210578871,30.9890834607794,29.2999165392205,30.1445,0.386827841448495,44.300218113117,30.2316,29.9115366138509,-0.77340720867588,-0.856654436033186
"8869916","2004-04-06",20.5439609775144,0.191176470588237,0.294319097502014,0.30662995791924,30.8039715968739,29.3516950697927,30.0778333333333,0.30410066905664,40.6627798479422,30.1676,29.8819983986708,-0.766512148771126,-0.838625978580774
"8869915","2004-04-07",20.3961501144253,0.0294117647058817,0.176269137792103,0.265690751186319,30.6496651665344,29.3720015001322,30.0108333333333,0.175840616307995,36.8861307779144,30.1024,29.827065278848,-0.811310618050431,-0.833162906474705
"8869914","2004-04-08",20.8064951280562,0,0.0735294117647057,0.181372549019607,30.6174120311745,29.2975879688254,29.9575,0.0674928578606863,33.2572767783048,30.026,29.7474565750016,-0.901795054798304,-0.846889336139425
"8869913","2004-04-12",21.949383815084,0,0.00980392156862681,0.0865341570418117,30.6579862451197,29.1393470882135,29.8986666666666,-0.0654184950794287,28.2660729839143,29.9332,29.6251290316681,-1.07062933746451,-0.891637336404443
"8869912","2004-04-13",23.965410615155,0,-4.31367904359566e-16,0.0277777777777773,30.7703351242039,28.8469982091293,29.8086666666666,-0.196012568663591,22.1035957265075,29.8128,29.4271118274456,-1.37883447574534,-0.989076764272622
"8869911","2004-04-14",25.8723387261908,0,-4.31367904359566e-16,0.00326797385620864,30.8550123725677,28.5649876274322,29.71,-0.122991812510807,21.8802391392862,29.6968,29.2514969171196,-1.615616342964,-1.1143846800109
"8869910","2004-04-15",27.3842357157736,0.0549019607843139,0.0183006535947709,0.00610021786492333,30.7965251805923,28.4004748194076,29.5985,-0.000198167540756057,25.6557414074839,29.5948,29.117963994837,-1.74663883777476,-1.24083551156367
"8869909","2004-04-16",27.8021771023108,0.129411764705883,0.0614379084967319,0.0265795206971674,30.7288902834821,28.2944430498511,29.5116666666666,0.133729310560283,30.560637421342,29.5252,29.0275687955254,-1.77854780862408,-1.34837797097575
"8869908","2004-04-19",28.5559299522945,0.0392156862745104,0.0745098039215687,0.0514161220043571,30.6240556114157,28.1929443885841,29.4084999999999,0.098880274374777,28.140330298434,29.4524,28.9185596227886,-1.84758324472768,-1.44821902572614
"8869907","2004-04-20",28.8476650417612,0.207843137254902,0.125490196078432,0.0871459694989107,30.571161015587,28.1281723177462,29.3496666666666,0.258628982938896,38.0227967387579,29.3936,28.8814183397502,-1.7626267771062,-1.51110057600215
"8869906","2004-04-21",29.4351221960644,0.133333333333333,0.126797385620915,0.108932461873638,30.5320571107509,28.0572762225823,29.2946666666666,0.252974763844373,35.6873788042107,29.3256,28.8238958944501,-1.7288029534304,-1.5546410514878
"8869905","2004-04-22",27.8407230804216,0.376470588235294,0.23921568627451,0.163834422657952,30.5100727294359,28.0522606038973,29.2811666666666,0.526649717982697,47.1046176339231,29.2684,28.8567097751901,-1.51114752684143,-1.54594234655853
"8869904","2004-04-23",26.3602096158962,0.608040201005025,0.37261470752455,0.246209259806658,30.4998634091752,28.050469924158,29.2751666666666,0.564573808836442,50.8904698505488,29.2348,28.9184818051648,-1.2542947714474,-1.4876128315363
"8869903","2004-04-26",24.4987344966809,0.698412698412698,0.560974495884339,0.3909349632278,30.4917019479557,28.0509647187108,29.2713333333333,0.62646452185359,52.5013546367854,29.198,28.9866842311428,-1.00852598592654,-1.39179546241435
"8869902","2004-04-27",22.770221885981,0.843575418994415,0.716676106137379,0.550088436515423,30.4892397648894,28.0514269017772,29.2703333333333,0.67898557347685,55.2328694388026,29.192,29.0711263336571,-0.75244237677049,-1.26392484528558
"8869901","2004-04-28",21.4941077051538,0.759776536312849,0.76725488457332,0.681635162198346,30.4534140188133,28.0589193145199,29.2561666666666,0.636632862908447,52.6582609990823,29.1852,29.1243094891695,-0.584552753210876,-1.12805042687064
"8869900","2004-04-29",20.0400349097488,0.883333333333333,0.828895096213532,0.770942028974744,30.4404484894677,28.0628848438656,29.2516666666666,0.718010287250213,56.0418257286565,29.1952,29.2010682239469,-0.383610395553302,-0.97916242060717
"8869899","2004-04-30",19.1013494688287,0.781420765027321,0.808176878224501,0.801442286337118,30.3946633573094,28.0780033093572,29.2363333333333,0.688633632451314,53.1936492364798,29.1996,29.2462591274206,-0.265656272614001,-0.836461191008536
"8869898","2004-05-03",19.5474208659735,0.437158469945355,0.700637522768669,0.779236499068901,30.2496150954493,28.1123849045506,29.1809999999999,0.465219781355409,43.7625468229147,29.1752,29.2014245770979,-0.34204024690293,-0.737577002187415
"8869897","2004-05-04",19.9975102522418,0.393063583815029,0.537214272929235,0.682009557974135,30.143665731264,28.1243342687359,29.1339999999999,0.440244249690667,43.4988803655916,29.1468,29.1599013001515,-0.403631372581426,-0.670787876266217
"8869896","2004-05-05",21.0712051369206,0.167630057803468,0.332617370521283,0.523489722073062,30.0573275709806,28.1050057623526,29.0811666666666,0.323543435064097,38.6133764136652,29.0956,29.0719144601313,-0.554357605272804,-0.647501822067534
"8869895","2004-05-06",22.447042976158,0.0173410404624263,0.192678227360307,0.354169956936942,30.0049010384404,28.0457656282261,29.0253333333333,0.221645920700487,35.7321102448703,29.0348,28.9609925321138,-0.738323384413664,-0.66566613453676
"8869894","2004-05-07",24.0932038143798,0,0.0616570327552975,0.195650876878963,29.9846136623768,27.9570530042898,28.9708333333333,0.167498644749459,32.8861549928132,28.9592,28.8275268611653,-0.952467115014977,-0.723026330632404
"8869893","2004-05-10",26.5641286467729,0,0.00578034682080826,0.0867052023121375,30.1307714053944,27.6368952612721,28.8838333333333,-0.135089010761881,25.4127442382513,28.8396,28.5838566130099,-1.37841039045205,-0.854103142596332
"8869892","2004-05-11",28.8585588482808,0.0850340136054421,0.0283446712018135,0.0319273502593064,30.2250370088731,27.4366296577934,28.8308333333333,-0.00955013182815212,29.8815503996759,28.7344,28.4060090646086,-1.63041032647978,-1.00936457937302
"8869891","2004-05-12",31.4481556818422,0,0.0283446712018135,0.0208232297414784,30.3932749242493,27.1213917424172,28.7573333333333,-0.0941532420211305,25.7024182936891,28.6116,28.1678745226608,-1.99034495986025,-1.20556065547047
"8869890","2004-05-13",33.6675686694727,0,0.0283446712018135,0.0283446712018135,30.5148334467943,26.8424998865389,28.6786666666666,-0.00431148739962563,25.6411177875491,28.4972,27.9601579196394,-2.25705801692683,-1.41586012776174
"8869889","2004-05-14",35.7284521579868,0.00300300300300347,0.00100100100100064,0.0192301144682092,30.5951506534765,26.5828493465234,28.5889999999999,0.0607674502711862,25.8316171674244,28.3928,27.7814701970208,-2.44110607133652,-1.62090931647669
"8869888","2004-05-17",37.8097223738868,0,0.00100100100100064,0.0101155577346049,30.6880641522995,26.302602514367,28.4953333333333,0.0586933615851511,24.3534338921386,28.2956,27.5972741707513,-2.62413221253578,-1.82155389568851
"8869887","2004-05-18",39.7423304315083,0,0.00100100100100064,0.00100100100100059,30.732268960556,26.0357310394439,28.3839999999999,0.105950873227834,24.3534338921386,28.226,27.4376376146512,-2.74080607890722,-2.00540433233225
"8869886","2004-05-19",40.9814498066407,0.00564971751412517,0.00188323917137454,0.00129508039112522,30.7478273853665,25.8115059479667,28.2796666666666,0.159057858905063,24.8070936343515,28.1584,27.3019525993643,-2.79768019731442,-2.16385950532869
"8869885","2004-05-20",42.1320606549779,0.0225806451612904,0.00941012089180467,0.00409812035472657,30.6633201127804,25.6206798872195,28.1419999999999,0.192885750838121,26.0018695587189,28.0872,27.1910255861158,-2.79763760727406,-2.29061512571776
"8869884","2004-05-21",43.2116219373205,0.0209790209790218,0.0164031278848119,0.00923216264933033,30.5346861932186,25.4646471401146,27.9996666666666,0.221303921883034,25.9131855990551,28.008,27.093555507967,-2.77012103454402,-2.38651630748301
"8869883","2004-05-24",42.9989816538649,0.113879003558719,0.0524795565663432,0.0260976017809865,30.3359339021254,25.3917327645412,27.8638333333333,0.297641727721295,32.3716235747374,27.9484,27.0437481069047,-2.6412900215756,-2.43747105030153
"8869882","2004-05-25",41.2170240581001,0.214007782101168,0.116288602212969,0.0617237622213746,30.074548825061,25.4007845082722,27.7376666666666,0.381394675520538,37.5573220775962,27.8808,27.0312483593174,-2.44264926031005,-2.43850669230324
"8869881","2004-05-26",40.7913153021784,0,0.109295595219962,0.0926879179997579,29.8144668222993,25.3595331777006,27.5869999999999,0.271713771487264,29.3405978566273,27.7896,26.9164152447418,-2.49026907671868,-2.44885916918632
"8869880","2004-05-27",41.0118836222174,0,0.0713359273670554,0.0989733749333286,29.5063663935286,25.2716336064713,27.3889999999999,0.127131136862782,25.2916096404244,27.6524,26.7462265454429,-2.65887561526725,-2.49086245840251
"8869879","2004-05-28",41.0256449068991,0.100478468899522,0.0334928229665068,0.0713747818511746,29.1284550166504,25.2795449833495,27.2039999999999,0.180255798130163,29.4461806937565,27.5136,26.6267296727172,-2.70066787469194,-2.5328235416604
"8869878","2004-06-01",41.0384232426749,0.119402985074626,0.0732938179913822,0.0593741894416481,28.8324828883505,25.261183778316,27.0468333333333,0.196609002321994,30.0446807530101,27.3716,26.5271657163549,-2.69532269994978,-2.56532337331827
"8869877","2004-06-02",40.8374220980943,0.0895522388059701,0.103144564260039,0.069977068405976,28.4944836906657,25.2925163093342,26.8934999999999,0.204296383887726,29.505589062415,27.2196,26.4328769541742,-2.67985271529619,-2.58822924171386
"8869876","2004-06-03",40.8162575168384,0.0298507462686561,0.0796019900497503,0.0853467907670571,28.1732147259246,25.3207852740753,26.7469999999999,0.17033949508423,28.4077308188319,27.0688,26.335160026951,-2.67478879522632,-2.60554115241635
"8869875","2004-06-04",40.9877129538953,0,0.0398009950248749,0.074182516444888,27.8612781018785,25.3567218981214,26.6089999999999,0.145046895467397,27.1390061335346,26.9032,26.2318053566909,-2.68424517219688,-2.62128195637246
"8869874","2004-06-07",41.1469215740196,0.0813397129186611,0.0370634863957719,0.0521554904901323,27.5147830082162,25.456550325117,26.4856666666666,0.181441912738779,31.1595089829229,26.7508,26.1648979757987,-2.61055329722755,-2.61913622454347
"8869873","2004-06-08",40.7530565971224,0.0909090909090915,0.0574162679425837,0.0447602497877435,27.4036841482433,25.4269825184232,26.4153333333333,0.235923726613477,31.6374445264578,26.6244,26.1095782456922,-2.51767052410405,-2.59884308445559
"8869872","2004-06-09",40.3873248328606,0.0956937799043076,0.0893141945773529,0.0612646496385695,27.2413183270586,25.4346816729413,26.338,0.237265008110584,31.8920559170617,26.4992,26.0629678129333,-2.41368416488518,-2.56181130054151
"8869871","2004-06-10",40.06646389603,0.0909090909090915,0.0925039872408297,0.0797448165869221,27.1901821865379,25.387817813462,26.289,0.24718393601568,31.7646503799563,26.3892,26.0212387712088,-2.30819298831058,-2.51108763809532
"8869870","2004-06-14",40.2538643781553,0,0.0622009569377992,0.0813397129186606,27.1390281232302,25.3186385434363,26.2288333333333,0.167378891463166,28.4588844048658,26.2788,25.9490736017143,-2.28260869769166,-2.46539185001459
"8869869","2004-06-15",40.0944392940684,0.0599078341013821,0.050272308336824,0.0683257508384843,27.0651409569099,25.2835257097567,26.1743333333333,0.254342769929733,32.1217656148684,26.1848,25.9038637881524,-2.19726057903468,-2.41176559581861
"8869868","2004-06-16",40.2207272501817,0,0.0199692780337935,0.0441475144361389,27.0310970351747,25.2232362981586,26.1271666666666,0.217622054869926,30.2003900284046,26.1232,25.8446819497321,-2.1520601117846,-2.35982449901181
"8869867","2004-06-17",40.6139474505977,0,0.0199692780337935,0.0300702881348037,26.9971289516774,25.1558710483225,26.0765,0.197760971460875,28.2587060874201,26.0452,25.7720576897678,-2.14224278464512,-2.31630815613847
"8869866","2004-06-18",40.9327313956054,0.478260869565216,0.159420289855071,0.0664529486408861,26.9324087476758,25.1425912523242,26.0375,0.376616842830723,39.7338205127523,26.01,25.7677833311321,-1.97445805750093,-2.24793813641096
"8869865","2004-06-21",40.0020691939836,0.263157894736842,0.247139588100686,0.14217638532985,26.8603832675392,25.1336167324607,25.997,0.376261983119268,36.982921525745,25.9676,25.7387455536478,-1.87939809249489,-2.17423012762775
"8869864","2004-06-22",39.1378828639061,0.326315789473683,0.355911517925247,0.254157131960335,26.7808308858244,25.1351691141755,25.9579999999999,0.408041047109182,38.4325209956367,25.9272,25.7215794798281,-1.76508403864176,-2.09240090983055
"8869863","2004-06-23",37.1980986063516,0.294117647058822,0.294530443756449,0.29919384992746,26.6216647114004,25.2010019552662,25.9113333333333,0.513139407354858,39.4327989225714,25.8972,25.7120355491844,-1.64308841320329,-2.0025384105051
"8869862","2004-06-24",34.6879192954846,0.633333333333333,0.417922256621946,0.356121406101214,26.3532555550405,25.3944111116261,25.8738333333333,1.08351487964795,52.0240489878669,25.8912,25.7837641426264,-1.3428986350319,-1.87061045541046
"8869861","2004-06-25",32.7859833570292,0.575757575757576,0.501069518716577,0.40450740636499,26.3246252574841,25.4143747425158,25.8694999999999,1.17435648015513,52.0240489878669,25.8844,25.8459289236096,-1.09252335410698,-1.71499303514976
"8869860","2004-06-28",31.8966033284289,0.775,0.661363636363636,0.526785137234053,26.5982353845994,25.2597646154005,25.9289999999999,1.30016689541979,61.344069067404,25.8996,25.9798050671283,-0.699629124748957,-1.5119202530696
"8869859","2004-06-29",30.8305100652137,0.74,0.696919191919192,0.619784115666468,26.7760398147885,25.1776268518781,25.9768333333333,1.09632065604072,59.8824825595397,25.9124,26.0864977248445,-0.406241890619774,-1.29078458057964
"8869858","2004-06-30",29.8405663207996,0.805,0.773333333333333,0.71053872053872,26.9454717368497,25.1125282631502,26.0289999999999,1.03338615221638,61.7072138011305,25.92,26.1962980281986,-0.132876330206244,-1.05920293050496
"8869857","2004-07-01",27.8026198744662,0.605,0.716666666666666,0.728973063973064,27.0273631732585,25.1059701600748,26.0666666666666,0.829621961247781,53.6249490487398,25.9024,26.2381249577721,-0.0392504377455749,-0.855212431953081
"8869856","2004-07-02",26.2220779070239,0.549999999999999,0.653333333333333,0.714444444444444,27.0774220812864,25.1292445853801,26.1033333333333,0.72414111013206,51.6225351952841,25.9116,26.2597082967358,0.00109813167816775,-0.683950319226831
"8869855","2004-07-06",25.0608051120041,0.494999999999999,0.549999999999999,0.639999999999999,27.1005784620689,25.1717548712643,26.1361666666666,0.624687400727889,49.6268663173797,25.9376,26.2637471905044,-0.000682754851244471,-0.547296806351714
"8869854","2004-07-07",24.0672403002455,0.48,0.508333333333332,0.570555555555555,27.1190048012644,25.2039951987355,26.1614999999999,0.59147038554554,49.0697114706017,25.954,26.2632475651038,-0.0111726023687364,-0.440071965555118
"8869853","2004-07-08",22.6514403238706,0.359999999999999,0.444999999999999,0.50111111111111,27.1352810443156,25.231385622351,26.1833333333333,0.577035043508525,47.5370552536154,25.966,26.2521478897566,-0.0435498979203475,-0.360767552028164
"8869852","2004-07-09",21.7368023037221,0.285714285714286,0.375238095238095,0.442857142857142,27.1412329263681,25.2601004069651,26.2006666666666,0.504961550149775,45.0733479377011,25.9752,26.2251948377891,-0.107943898148777,-0.310202821252287
"8869851","2004-07-12",20.8121931599207,0.355029585798817,0.333581290504367,0.384606461914154,27.1516042282732,25.29872910506,26.2251666666666,0.552980724624598,48.6039433361006,25.9956,26.2231688594172,-0.108567635086054,-0.26987578401904
"8869850","2004-07-13",19.8349918675237,0.418181818181818,0.352975229898307,0.353931538546923,27.1521815547626,25.3778184452373,26.2649999999999,0.587355287746893,51.340715203214,26.0268,26.2387463448283,-0.068303225720423,-0.229561272359317
"8869849","2004-07-14",18.6986055934033,0.2,0.324403801326878,0.336986773909851,27.1579841762481,25.4446824904185,26.3013333333333,0.594554275723842,50.4505391002964,26.0496,26.2469134988512,-0.0481402452249369,-0.193277066932441
"8869848","2004-07-15",17.6433897674344,0.479999999999998,0.366060606060605,0.347813212428597,27.1675467699783,25.5431198966883,26.3553333333333,0.710125391881802,57.409156995175,26.0856,26.300658365671,0.0744006431331101,-0.139741524919331
"8869847","2004-07-16",18.13775271451,0.623999999999998,0.434666666666665,0.375043691351383,27.1871966763207,25.6691366570125,26.4281666666666,0.861316412410352,60.4828390121759,26.1284,26.3712372502482,0.223784979013564,-0.0670362241327518
"8869846","2004-07-19",20.2644891019342,0.58139534883721,0.561798449612401,0.454175240779891,27.3799896959714,25.6546769706952,26.5173333333333,1.12751908729671,67.1493258076119,26.1904,26.4950722835484,0.479416378603981,0.0422542964145947
"8869845","2004-07-20",22.4291290120131,0.765217391304347,0.656870913380518,0.551112009886528,27.6383498239639,25.6169835093693,26.6276666666666,1.1739665757251,72.5589699569106,26.2836,26.6703959790753,0.825514686294815,0.198906374390639
"8869844","2004-07-21",24.5878064118819,0.772727272727274,0.706446670956276,0.641705344649732,27.8691960055351,25.6158039944648,26.7424999999999,1.10390439242172,73.5699208650346,26.376,26.8370098485319,1.11744082974681,0.382613265461872
"8869843","2004-07-22",25.5829004656508,0.661157024793388,0.733033896275002,0.698783826870599,27.9839621227858,25.6863712105475,26.8351666666666,0.912678628565352,67.0412123514831,26.4636,26.9454085353943,1.25144012996354,0.556378638362207
"8869842","2004-07-23",26.1207326521272,0.615702479338843,0.683195592286501,0.70755871983926,28.0756811511527,25.7129855155139,26.8943333333333,0.80572424244483,64.5287818268535,26.5532,27.0246873973418,1.30872706533915,0.706848323757596
"8869841","2004-07-26",25.701164739895,0.500000000000001,0.59228650137741,0.669505329979638,28.1270127745085,25.7546538921581,26.9408333333333,0.699168854052946,58.5172375844702,26.614,27.0560624110295,1.25576252208508,0.816631163423093
"8869840","2004-07-27",25.0335056805839,0.462809917355373,0.526170798898072,0.600550964187328,28.1539840384979,25.7593492948354,26.9566666666666,0.650336079835474,56.6891308804542,26.6788,27.0712540895589,1.17336692178771,0.887978315096017
"8869839","2004-07-28",23.679726531219,0.359504132231406,0.440771349862259,0.519742883379247,28.1700404748476,25.7679595251523,26.969,0.586452817792448,51.8440724747303,26.7312,27.0510868776177,1.02183069528436,0.914748791133686
"8869838","2004-07-29",22.6207416273595,0.491150442477876,0.437821497354885,0.468254548705072,28.2129319548727,25.7714013784605,26.9921666666666,0.695710566949177,58.0255078636703,26.798,27.086941960602,1.00927668047002,0.933654369000953
"8869837","2004-07-30",21.0238668104315,0.36405529953917,0.404903291416151,0.427832046211098,28.2415937378572,25.8020729288093,27.0218333333333,0.611292348478064,53.7528911210082,26.8316,27.0873496991884,0.920158349981559,0.930955165197074
"8869836","2004-08-02",19.6679345759199,0.442396313364056,0.432534018460367,0.425086269077134,28.2770750034122,25.855258329921,27.0661666666666,0.648855197813287,56.313415128875,26.872,27.1103697392966,0.889860223189687,0.922736176795596
"8869835","2004-08-03",18.542191368631,0.252747252747253,0.35306628855016,0.396834532808893,28.281452651097,25.9395473489029,27.1105,0.565260253345939,53.4988227308555,26.8824,27.1103204407238,0.811818556240618,0.900552652684601
"8869834","2004-08-04",17.7460087955557,0.115853658536586,0.270332408215965,0.351977571742164,28.271518811427,26.0388145219062,27.1551666666666,0.533516903104731,51.82511413956,26.892,27.0982777152939,0.714954696482351,0.863433061444151
"8869833","2004-08-05",16.9406309263273,0.296774193548386,0.221791701610741,0.281730132792289,28.2696594539666,26.1553405460333,27.2124999999999,0.62494173214623,57.5464135937512,26.9108,27.1358406865881,0.736806996821282,0.838107848519577
"8869832","2004-08-06",16.2777493726779,0.258064516129032,0.223564122738001,0.238562744188236,28.2390476426752,26.3196190239914,27.2793333333333,0.639277559337796,56.3453513646863,26.9432,27.1603952617097,0.727760913580178,0.816038461531697
"8869831","2004-08-09",15.6622165014321,0.258064516129032,0.270967741935483,0.238774522094742,28.1947053168972,26.4812946831027,27.3379999999999,0.592602825929323,56.3453513646863,26.98,27.1816758934817,0.712299808999828,0.795290731025323
"8869830","2004-08-10",15.0906502638466,0.353982300884955,0.290037111047672,0.261522991907052,28.1391320133178,26.6442013200154,27.3916666666666,0.568007612073392,56.3453513646863,27.0212,27.2001191076841,0.692005436970455,0.77463367221435
"8869829","2004-08-11",15.0505811140318,0.398148148148149,0.336731655054045,0.299245502679067,28.0635143241579,26.8301523425087,27.4468333333333,0.597159905296533,56.9070170080016,27.0648,27.2201032266596,0.676957273797618,0.755098392531004
"8869828","2004-08-12",15.0133740463466,0.5,0.417376816344367,0.348048527482028,28.0037557860644,26.9775775472688,27.4906666666666,0.580557805205205,58.9904908266089,27.116,27.252089463105,0.689589054289375,0.741996524882678
"8869827","2004-08-13",14.6812636344718,0.435185185185185,0.444444444444444,0.399517638614286,27.9733424773527,27.0619908559805,27.5176666666666,0.498902728676294,57.0985961369553,27.1696,27.270477534691,0.671044151389677,0.727806050184078
"8869826","2004-08-16",15.1860958654816,0.531531531531532,0.488905572238905,0.450242277675906,27.9819467251546,27.0617199415119,27.5218333333333,0.675500216762624,59.4967274107542,27.2216,27.3024138633989,0.683873779861144,0.719019596119491
"8869825","2004-08-17",15.6548686514194,0.663366336633664,0.54336101778346,0.492237011488937,27.9407152885329,27.084284711467,27.5124999999999,0.839587750743089,62.8511853595709,27.2756,27.3540920149457,0.738500408701626,0.722915758635918
"8869824","2004-08-18",17.0151003129491,0.522058823529413,0.572318897231536,0.534861829084634,27.8932618573499,27.1160714759833,27.5046666666666,1.06871522164596,63.5731664581515,27.3328,27.4042130796196,0.784252086603909,0.735183024229516
"8869823","2004-08-19",18.3939752395838,0.695035460992908,0.626820207051994,0.58083337402233,27.9871644839082,27.058168849425,27.5226666666666,1.1681050412169,68.0823710910198,27.3868,27.4836513356703,0.8892596219372,0.765998343771053
"8869822","2004-08-20",19.9270475403675,0.723684210526317,0.646926165016212,0.615355089766581,28.1192660869305,26.9904005797361,27.5548333333333,1.1246684500258,69.8676795628205,27.4384,27.5684978242476,0.995513195128761,0.811901314042595
"8869821","2004-08-23",21.7529617837389,0.608187134502923,0.675635602007382,0.64979399135853,28.2411033803433,26.9555632863232,27.5983333333333,1.03284996958587,67.8248772133674,27.4688,27.6340314476813,1.04945628355875,0.859412307945825
"8869820","2004-08-24",23.2323737967517,0.496453900709219,0.609441748579486,0.644001171867694,28.303209667949,26.9724569987175,27.6378333333333,0.852306889306603,66.4304034634626,27.4772,27.6854939213238,1.0678234724788,0.90109454085242
"8869819","2004-08-25",25.1106520637752,0.588652482269502,0.564431172493881,0.616502841026917,28.3781889587814,27.0074777078852,27.6928333333333,0.92593458903302,68.683900715303,27.4864,27.7474280651473,1.10710425328038,0.942296483338012
"8869818","2004-08-26",26.9656436662428,0.631205673758866,0.572104018912529,0.581992313328632,28.4677229225728,27.0046104107604,27.7361666666666,0.910426399304159,69.6950540227737,27.5088,27.8091043231276,1.14206568494906,0.982250323660221
"8869817","2004-08-27",29.0355553024798,0.748299319727893,0.656052491918753,0.597529227775054,28.580096694813,27.0172366385202,27.7986666666666,0.976476869229814,72.9830980209526,27.544,27.8905570800439,1.21606924590165,1.02901410810851
"8869816","2004-08-30",31.4422122363897,0.797752808988764,0.725752600825174,0.651303037218819,28.7661175909009,26.9775490757656,27.8718333333333,1.06926344059551,77.3868139409168,27.6044,28.0078161360381,1.35917841863662,1.09504697021413
"8869815","2004-08-31",33.7026851895892,0.812500000000001,0.786184042905552,0.722663045216493,28.9152997014302,26.995033631903,27.9551666666666,1.00765534464366,77.9400058063433,27.6704,28.1161073178997,1.46875505720208,1.16978858761172
"8869814","2004-09-01",36.197937758279,0.723809523809524,0.77802077759943,0.763319140443385,29.0712059007795,27.026460765887,28.0488333333333,1.01571219415347,78.9387524007921,27.75,28.221959675513,1.56219437129712,1.2482697443488
"8869813","2004-09-02",38.5670404074238,0.763546798029556,0.76661877394636,0.776941198150447,29.2422119547757,27.0297880452241,28.1359999999999,0.989960353131315,80.521591670538,27.8196,28.3336983854446,1.65872430342371,1.33036065616378
"8869812","2004-09-03",39.5175563593141,0.616216216216215,0.701190846018432,0.748610132521407,29.3514393712867,27.0712272953799,28.2113333333333,0.869263898256138,71.6320137074351,27.8892,28.399871934052,1.64985781259714,1.39426008745045
"8869811","2004-09-07",40.4001783146408,0.701657458563536,0.693806824269769,0.720538814744854,29.4537629767935,27.133903689873,28.2938333333333,0.867622871844743,73.9235319962219,27.9588,28.4798890095118,1.67118523533141,1.44964511702664
"8869810","2004-09-08",41.219755844587,0.701298701298701,0.673057458692817,0.689351709660339,29.5382901754171,27.2180431579161,28.3781666666666,0.84558102102293,74.9490533557624,28.0376,28.5599038082435,1.69050563636226,1.49781722089377
"8869809","2004-09-09",41.9807921223942,0.710526315789475,0.70449415855057,0.690452813837719,29.6086818829062,27.3103181170937,28.4594999999999,0.819285112412991,75.2115178555008,28.1208,28.6319166338111,1.69128588352776,1.53651095342057
"8869808","2004-09-10",42.3081083664034,0.671052631578947,0.694292549555708,0.690614722266365,29.6481519415527,27.4278480584472,28.5379999999999,0.772635353178203,72.7489999669446,28.1872,28.6863277493029,1.65541988856319,1.56029274044909
"8869807","2004-09-13",42.6120448786975,0.736842105263159,0.706140350877194,0.701642352994491,29.6618300747812,27.5818365918854,28.6218333333333,0.774760476270543,74.2615536641536,28.26,28.7468173827292,1.63582072249324,1.57539833685792
"8869806","2004-09-14",41.815276699831,0.589928057553957,0.665940931465354,0.688791277299418,29.6494682286409,27.729531771359,28.6894999999999,0.68082195655487,67.4114716637733,28.326,28.776575065032,1.55437421900511,1.57119351328736
"8869805","2004-09-15",41.0754205337406,0.548872180451129,0.625214114422748,0.665765132255098,29.629445111757,27.8718882215762,28.7506666666666,0.657036168525766,66.2500893072929,28.3908,28.798365056361,1.4644186069781,1.54983853202551
"8869804","2004-09-16",41.3773790129594,0.631578947368422,0.590126395124502,0.627093813670868,29.6426995146936,27.9919671519729,28.8173333333333,0.780279636551251,69.9651073248026,28.4624,28.8439163821796,1.43244936792866,1.52636069920614
"8869803","2004-09-17",42.402898230385,0.508474576271188,0.562975234696913,0.592771914748054,29.7138715416152,28.0627951250513,28.8883333333333,0.908824202943218,73.5683615551074,28.5388,28.9140608645556,1.45423964153668,1.51193648767225
"8869802","2004-09-20",43.3551660751374,0.557522123893805,0.565858549177805,0.572986726333073,29.7696175346969,28.1340491319696,28.9518333333333,0.853495864619685,74.7050701265615,28.6212,28.9855194159482,1.47622326688808,1.50479384351541
"8869801","2004-09-21",44.3434676328612,0.517857142857144,0.527951281007379,0.552261688294032,29.8071422265142,28.2205244401523,29.0138333333333,0.821123338197497,73.0142882136175,28.6972,29.0421168271551,1.46512662194107,1.49686039920054
"8869800","2004-09-22",42.7809641466816,0.0892857142857155,0.388221660345555,0.494010496843579,29.7390490770888,28.3879509229111,29.0634999999999,0.527015061701628,56.4914053528861,28.7468,29.0271679168678,1.30774844091146,1.45903800754273
"8869799","2004-09-23",40.6503226235402,0,0.202380952380953,0.372851297911296,29.6732642638192,28.513069069514,29.0931666666666,0.307647309899219,52.0029366165437,28.788,28.9915455279521,1.12285460846413,1.39180132772701
"8869798","2004-09-24",38.6718697806231,0.0420168067226868,0.0437675070028007,0.211456706576436,29.59753904269,28.6441276239765,29.1208333333333,0.257886963799173,53.1811986468336,28.8204,28.9673394575585,0.978985541744137,1.30923817053043
"8869797","2004-09-27",36.2404454120751,0,0.0140056022408955,0.0867180205415498,29.5643218864718,28.6980114468615,29.1311666666666,0.0600114586659367,49.2732873943637,28.842,28.9263608632173,0.813786151229068,1.21014776667016
"8869796","2004-09-28",34.8338304006973,0.085271317829457,0.0424293748507145,0.0334008280314703,29.5630025799716,28.701664086695,29.1323333333333,0.245744557210204,52.0556281257724,28.8704,28.9055127481217,0.705431859316219,1.10920458519937
"8869795","2004-09-29",33.8106530939648,0.13953488372093,0.0749354005167956,0.0437901258694686,29.5610729471351,28.7099270528647,29.1354999999999,0.332970272636427,53.7925320808295,28.9032,28.8967777150388,0.631841412414613,1.01373195064242
"8869794","2004-09-30",32.8605598805703,0.147286821705427,0.124031007751938,0.0804652610398161,29.5601341380369,28.6985325286296,29.1293333333333,0.326679370485405,54.0486401032822,28.9312,28.890540686367,0.569755416042184,0.924936643722373
"8869793","2004-10-01",33.2230662804733,0.302325581395349,0.196382428940569,0.131782945736434,29.5668366589793,28.6981633410206,29.1324999999999,0.673636429501308,58.9492162750915,28.9648,28.9118019281847,0.569842925156849,0.853917900009269
"8869792","2004-10-04",34.2668579916347,0.693333333333333,0.380981912144703,0.233798449612403,29.7062742968708,28.6387257031291,29.1724999999999,1.13775395080338,70.1071568326637,29.016,29.0168950044267,0.742295237219825,0.83159336745138
"8869791","2004-10-05",35.6521529615433,0.716666666666666,0.570775193798449,0.382713178294574,29.8955990205762,28.546734312757,29.2211666666666,1.16636285175453,73.1320400864527,29.0632,29.1413090038365,0.936510624517783,0.852576818864661
"8869790","2004-10-06",36.9384982907441,0.816666666666666,0.742222222222222,0.564659776055125,30.0732839703011,28.4723826963654,29.2728333333333,1.08748157385615,75.0867777299471,29.1156,29.2731344699916,1.12582386505806,0.907226228103341
"8869789","2004-10-07",37.220676652345,0.700000000000001,0.744444444444444,0.685813953488372,30.1811907232994,28.4491426100338,29.3151666666666,0.918483371092289,68.7980686503041,29.156,29.3593832073261,1.20300895555585,0.966382773593843
"8869788","2004-10-08",37.7679770963677,0.783333333333333,0.766666666666667,0.751111111111111,30.3103860727949,28.4252805938716,29.3678333333333,0.939674778202217,70.6865864384791,29.1964,29.4541321130159,1.2897123026882,1.03104867941271
"8869787","2004-10-11",38.3260962951865,0.87912087912088,0.787484737484738,0.766198616198616,30.4523340227086,28.397332643958,29.4248333333333,0.94209216081034,72.9222155438077,29.2536,29.5615811646138,1.39339597025321,1.10351813758081
"8869786","2004-10-12",39.5172203039945,0.710526315789474,0.790993509414562,0.781714971188656,30.6094882915362,28.3865117084637,29.4979999999999,0.950746988353389,73.1543122474401,29.3048,29.6573703426653,1.46315972150264,1.17544645436518
"8869785","2004-10-13",39.4230996279477,0.578947368421052,0.722864854443802,0.767114367114368,30.6850767841572,28.4275898825094,29.5563333333333,0.782172179840826,64.2571187435795,29.3408,29.7003876303099,1.41995569441777,1.2243483023757
"8869784","2004-10-14",39.3357018573328,0.596491228070175,0.628654970760234,0.714171111539533,30.7554430786304,28.4482235880362,29.6018333333333,0.754924453032961,64.8706082721822,29.3776,29.7430026129353,1.38043066080111,1.25556477406078
"8869783","2004-10-15",39.6115999124407,0.635944700460829,0.603794432317352,0.651771419173796,30.8390560179817,28.4429439820182,29.641,0.794504871256144,66.8613739243272,29.422,29.7972689312106,1.3682951403547,1.27811084731956
"8869782","2004-10-18",40.1054449043853,0.704761904761904,0.645732611097636,0.626060671391741,30.9447120076823,28.4352879923176,29.69,0.826768212537765,69.3105962642634,29.4692,29.8669664070492,1.38825359650119,1.30013939715589
"8869781","2004-10-19",39.1878562417092,0.531100478468899,0.623935694563877,0.624487579326289,30.9938852693919,28.4527813972747,29.7233333333333,0.683647221897269,59.3132704260184,29.5088,29.8793708861093,1.29169114194219,1.29844974611315
"8869780","2004-10-20",38.2297979947349,0.465608465608465,0.567156949613089,0.612275085091534,31.0163418562849,28.5263248103816,29.7713333333333,0.615929594595204,58.5552972452272,29.5484,29.886121434628,1.1932899151758,1.27741777992568
"8869779","2004-10-21",37.4488777481683,0.169354838709678,0.388687927595681,0.526593523924216,31.0101430032961,28.6518569967038,29.831,0.598517878104659,58.0229497726996,29.5792,29.8893052433443,1.09725412472534,1.24138504888561
"8869778","2004-10-22",36.7237375192137,0.0582524271844647,0.231071910500869,0.395638929236546,30.9932080110261,28.7901253223071,29.8916666666666,0.596077495298093,59.2207226377418,29.6032,29.9000645442317,1.02550870826787,1.19820978076206
"8869777","2004-10-25",36.8095303627847,0.184466019417477,0.13735776177054,0.25237253328903,30.9511845388082,28.988148794525,29.9696666666666,0.673370930368695,61.7662965182902,29.6292,29.9267226050008,0.992230807170813,1.15701398604381
"8869776","2004-10-26",37.8228918436922,0.251748251748251,0.164822232783397,0.177750635018269,30.9481849447447,29.1624817219219,30.0553333333333,0.819948648818697,64.8558091930123,29.6636,29.9724929243341,0.999994059417375,1.12561000071853
"8869775","2004-10-27",38.9603851337744,0.685534591194969,0.373916287453565,0.225365427335834,31.0422902582733,29.2857097417267,30.164,1.07080598197567,74.4160660525053,29.7464,30.1094938677562,1.18802478452664,1.13809295748015
"8869774","2004-10-28",39.0686951376477,0.528301886792453,0.488528243245224,0.342422254494062,31.0137059800819,29.5079606865847,30.2608333333333,0.935553965312535,67.6308640645118,29.826,30.1948946853887,1.25446781804333,1.16136792959278
"8869773","2004-10-29",39.1692687126729,0.528301886792453,0.580712788259958,0.481052439652916,30.9962027979856,29.6861305353476,30.3411666666666,0.918933633651816,67.6308640645118,29.9036,30.2689087273369,1.29160902816867,1.18741614930796
"8869772","2004-11-01",39.9953839754736,0.47191011235955,0.509504628648152,0.526248553384445,31.0880630536035,29.7152702797297,30.4016666666666,0.981985831553886,67.6308640645118,29.9872,30.3330542303586,1.30550141324512,1.21103320209539
"8869771","2004-11-02",40.8954273085285,0.513227513227512,0.504479837459838,0.531565751455983,31.2080869803681,29.7019130196318,30.455,0.985778326899932,69.4405334350846,30.0716,30.4059803329775,1.33519779523816,1.23586612072395
"8869770","2004-11-03",41.3424350789845,0.460317460317461,0.481818361968174,0.498600942692055,31.289581292783,29.7070853738836,30.4983333333333,0.867562822576657,66.3668396585698,30.1492,30.4558496219138,1.31661676083148,1.25201624874545
"8869769","2004-11-04",42.4354974798144,0.611111111111111,0.528218694885361,0.504838964771125,31.4843463813841,29.6726536186159,30.5785,1.08775602310535,73.4533185555407,30.2488,30.573736338992,1.43290444169366,1.2881938873351
"8869768","2004-11-05",43.6746854842541,0.735408560311285,0.602279043913286,0.537438700255607,31.7550560661397,29.5849439338602,30.67,1.12515970787263,77.6239412500074,30.3588,30.7372381604597,1.62589780529112,1.3557346709263
"8869767","2004-11-08",44.8253600598053,0.782101167315177,0.709540279579191,0.613346006125946,31.9770057721888,29.5323275611444,30.7546666666666,1.02031387781569,78.5697972880466,30.4476,30.8949397390651,1.78754691906677,1.4420971205544
"8869766","2004-11-09",44.4714062991347,0.63035019455253,0.715953307392997,0.675924210295158,32.1018502245305,29.5298164421361,30.8158333333333,0.852833623808487,68.4436822334238,30.5108,30.9796144405231,1.79184744727636,1.51204718589879
"8869765","2004-11-10",44.2856295812792,0.741035856573706,0.717829072813804,0.714440886595331,32.247705655599,29.5602943444009,30.904,0.891702848864401,71.4877862884252,30.5788,31.0929991817867,1.85102183716759,1.57984211615255
"8869764","2004-11-11",44.2979122364941,0.798319327731093,0.723235126285776,0.719005835497526,32.3998419861604,29.6004913471728,31.0001666666666,0.897651745073752,73.0729506137893,30.662,31.2139326242151,1.91860997659217,1.64759568824047
"8869763","2004-11-12",44.6441264295093,0.728448275862068,0.755934486722289,0.732332895273957,32.5453399052273,29.6373267614392,31.0913333333333,0.870929089151778,72.0578239197503,30.7376,31.3134082743198,1.93835676027472,1.70574790264732
"8869762","2004-11-15",44.9787685973118,0.756756756756755,0.761174786783305,0.746781466597124,32.6996089732632,29.6620576934034,31.1808333333333,0.868443711250986,73.9117278035631,30.8132,31.4249538377438,1.97904090304926,1.76040650272771
"8869761","2004-11-16",45.2895077531285,0.783783783783785,0.756329605467536,0.75781295965771,32.8125834221262,29.7624165778737,31.2874999999999,0.839598909248262,74.3932132458493,30.89,31.5282933260446,1.99996033911138,1.80831727000444
"8869760","2004-11-17",45.8842491757433,0.759803921568626,0.766781487369722,0.761428626540188,32.9054266236987,29.9099067096345,31.4076666666666,0.852415172307905,75.3722028726161,30.9828,31.6311875492387,2.01782556073538,1.85021892815063
"8869759","2004-11-18",45.4445331089989,0.642156862745099,0.72858152269917,0.75056420517881,32.923708658613,30.1109580080536,31.5173333333333,0.762850648771995,68.5941349878328,31.0644,31.6883625426735,1.94766533500885,1.86970820952227
"8869758","2004-11-19",43.7644052466119,0.457711442786069,0.619890742366598,0.705084584145164,32.8605739623816,30.3520927042849,31.6063333333333,0.61042538153553,59.8935106440352,31.1264,31.6899142036504,1.7797572248887,1.85171801259556
"8869757","2004-11-22",43.1708888426024,0.529702970297031,0.543190425276066,0.630554230113945,32.8240427092202,30.574290624113,31.6991666666666,0.707800674169735,62.0532976157744,31.1876,31.711258976497,1.66564317858067,1.81450304579258
"8869756","2004-11-23",42.6197664674507,0.554794520547945,0.514069644543681,0.559050270728782,32.8238300224234,30.7431699775765,31.7834999999999,0.754646757237261,65.9971956990797,31.2752,31.7697577796307,1.63247036105831,1.77809650884573
"8869755","2004-11-24",42.3171204681549,0.779527559055122,0.621341683300032,0.559533917706594,32.9136220987991,30.7970445678675,31.8553333333333,0.853400708960017,70.121707659897,31.3788,31.86979007568,1.68009547906014,1.75849630288861
"8869754","2004-11-26",42.270913256024,0.877697841726618,0.737339973776561,0.624250433873425,32.9934051378159,30.9062615288507,31.9498333333333,0.91052916993967,72.3656795685591,31.4924,31.9871513989226,1.75474027912543,1.75774509813597
"8869753","2004-11-29",40.2356628641121,0.40845070422535,0.688558701669029,0.682413452915208,32.963258669261,31.0864079974055,32.0248333333333,0.694563516502732,59.0711270988284,31.578,32.0035312123996,1.6330697465734,1.73281002782346
"8869752","2004-11-30",38.3457875001938,0.344000000000002,0.543382848650656,0.656427174698749,32.9210288206809,31.2526378459857,32.0868333333333,0.629765746329101,59.3226217405999,31.6592,32.020393717413,1.52406640846914,1.6910613039526
"8869751","2004-12-01",36.2572421372379,0.247999999999998,0.333483568075116,0.521808372798268,32.8657361874762,31.4132638125237,32.1394999999999,0.569192365881209,57.0572186805465,31.7288,32.0190078884246,1.391384414025,1.63112592596708
"8869750","2004-12-02",34.1219304671712,0.192000000000001,0.261333333333333,0.379399916686369,32.7340729793086,31.6549270206913,32.1944999999999,0.486563448730778,55.7204951564153,31.7664,32.0084735033013,1.25415873046677,1.55573248686702
"8869749","2004-12-03",31.829067745554,0.103999999999999,0.181333333333332,0.258716744913927,32.6980592499031,31.7289407500968,32.2134999999999,0.303773566695271,53.5955908113393,31.8096,31.9846770361945,1.10496519717089,1.46557902892779
"8869748","2004-12-06",30.704454097631,0,0.098666666666666,0.180444444444444,32.7520594995202,31.6259405004797,32.1889999999999,-0.0792756661499163,44.6031824222453,31.8312,31.8920534313686,0.840600583935514,1.34058333992934
"8869747","2004-12-07",31.0338273052332,0,0.0346666666666657,0.104888888888888,32.9629563907396,31.2890436092602,32.1259999999999,-0.312069391173365,34.8170842645581,31.8192,31.6997796405194,0.412494456609958,1.15496556326546
"8869746","2004-12-08",31.4587015857439,0,-6.24500451351651e-16,0.044444444444444,33.1511829189106,30.9788170810893,32.0649999999999,-0.218878302851959,33.9574249421825,31.7984,31.5211423551168,0.0479227542263372,0.933557001457635
"8869745","2004-12-09",32.325216499787,0,-6.24500451351651e-16,0.0115555555555551,33.3538796601377,30.5914536731955,31.9726666666666,-0.174286542144959,30.5298680198053,31.7664,31.3156567077679,-0.336684180555979,0.679508765054912
"8869744","2004-12-10",33.3876123709792,0,-6.24500451351651e-16,-2.86807614694832e-16,33.4976650587026,30.2326682746306,31.8651666666666,-0.0824916406078066,28.6452169101647,31.7028,31.1069024800655,-0.69546224327709,0.404514563388512
"8869743","2004-12-13",33.052394797983,0.115625,0.0385416666666661,0.012847222222222,33.5247869111768,30.0255464221564,31.7751666666666,0.098436669021294,35.5390578369069,31.6356,30.9753154827235,-0.875444977672024,0.148522655176405
"8869742","2004-12-14",32.5135603645972,0.259374999999999,0.124999999999999,0.0545138888888886,33.4868772169292,29.9041227830707,31.6954999999999,0.224001923216291,42.9222745612272,31.582,30.9226067516937,-0.888451084219921,-0.0588720927028604
"8869741","2004-12-15",32.1811148572551,0.224999999999999,0.199999999999999,0.121180555555555,33.4335918725491,29.7910747941174,31.6123333333333,0.238550756845511,41.692497422689,31.5396,30.8622591848012,-0.917185425220579,-0.230534759206404
"8869740","2004-12-16",31.8163330772929,0.296875,0.260416666666665,0.195138888888888,33.3386730792747,29.7216602540586,31.5301666666666,0.303659345160277,45.2262489163842,31.4944,30.8406246268277,-0.869868452300715,-0.358401497825266
"8869739","2004-12-17",30.5602997070842,0.308474576271186,0.276783192090394,0.245733286252353,33.2584006237005,29.6669327096328,31.4626666666666,0.345188648958244,44.7186541585801,31.4408,30.8165413432507,-0.833290494815597,-0.453379297223333
"8869738","2004-12-20",29.1902510707392,0.393220338983051,0.332856638418078,0.290018832391713,33.2149903479133,29.6320096520866,31.4234999999999,0.409712044952757,48.6014298156933,31.3988,30.8290024974839,-0.730378965395306,-0.508779230857727
"8869737","2004-12-21",28.6182189694064,0.271477663230241,0.324390859494825,0.311343563334433,33.1349359441253,29.5617307225412,31.3483333333333,0.308295365779112,43.7084290172928,31.3344,30.7904688311527,-0.737296282650957,-0.554482641216373
"8869736","2004-12-22",27.4662199206399,0.357142857142857,0.340613619785382,0.332620372566095,33.0169926242946,29.5333407090386,31.2751666666666,0.377953745951288,46.229434479396,31.2744,30.7784063203324,-0.692907267460974,-0.582167566465293
"8869735","2004-12-23",27.0455221989353,0.258771929824561,0.295797483399219,0.320267320893142,32.8292219866042,29.5151113467291,31.1721666666666,0.3102557815158,41.7038585303021,31.196,30.7199521442881,-0.743743295642452,-0.614482712300725
"8869734","2004-12-27",27.1030703465775,0.179190751445086,0.265035179470834,0.300482094218479,32.5657109673912,29.5239556992753,31.0448333333333,0.241980118663721,38.5434308250452,31.116,30.6319585250496,-0.848300023485671,-0.661246174537714
"8869733","2004-12-28",26.8574964848099,0.294797687861273,0.244253456376973,0.268362039749009,32.3569262774725,29.5367403891941,30.9468333333333,0.316737848564732,41.9286603072907,31.0584,30.582364055043,-0.868847365494663,-0.702766412729104
"8869732","2004-12-29",26.3286034323068,0.335260115606935,0.269749518304431,0.259679384717413,32.1324361178613,29.5822305488053,30.8573333333333,0.365108913503284,43.1098232503939,30.9976,30.5487155143706,-0.856947415930664,-0.733602613369416
"8869731","2004-12-30",25.7809622181772,0.497109826589595,0.3757225433526,0.296575172678001,31.8872662630278,29.6740670703055,30.7806666666666,0.46656423866262,47.692862695395,30.936,30.5568867791212,-0.764763401817559,-0.739834771059044
"8869730","2004-12-31",25.6046252617125,0.267605633802818,0.366658525333115,0.337376862330049,31.603815595789,29.7981844042109,30.7009999999999,0.436679575615134,45.3064167540153,30.8528,30.5413018752384,-0.728224267379718,-0.737512670323179
"8869729","2005-01-03",26.3508305958329,0,0.254905153464137,0.332428740716618,31.3088573120311,29.9048093546355,30.6068333333333,0.167508982955803,38.5803282211519,30.7384,30.4544616252066,-0.835321760718277,-0.757074488402199
"8869728","2005-01-04",27.3872376584162,0,0.089201877934272,0.236921852243842,31.1624214299471,29.8809119033861,30.5216666666666,-0.0371269733596544,35.9665785430838,30.6396,30.3458667418457,-0.976008159446506,-0.80086122261106
"8869727","2005-01-05",28.7463820015755,0,-7.58652400160524e-16,0.11470234379947,31.2374466932782,29.6742199733883,30.4558333333333,-0.143434071677155,32.8946054403182,30.5272,30.2090845095996,-1.16050266625165,-0.872789511339178
"8869726","2005-01-06",30.1706462773479,0,-7.58652400160524e-16,0.0297339593114238,31.3228891470002,29.4694441863331,30.3961666666666,-0.0860258544044862,31.6220659634462,30.414,30.071873241653,-1.33033950034143,-0.964299509139628
"8869725","2005-01-07",31.0296367521624,0.0913043478260873,0.030434782608695,0.0101449275362315,31.3657472472121,29.3652527527878,30.3655,0.0656907150932775,35.6437962596776,30.312,29.9809568094326,-1.39364158535905,-1.05016792438351
"8869724","2005-01-10",31.9613886312876,0.0558375634517764,0.0490473037592871,0.0264940287893274,31.4043237695932,29.2753428970733,30.3398333333333,0.0820378920172884,34.6001802852253,30.2104,29.8888292348416,-1.45476812949575,-1.13108796540596
"8869723","2005-01-11",32.1223221720522,0.203045685279187,0.11672919885235,0.0654037617401109,31.4057020625366,29.2082979374633,30.307,0.229832733136043,40.0793639860225,30.142,29.8476520035294,-1.40913505501321,-1.18669738332741
"8869722","2005-01-12",32.3527932824018,0.197740112994351,0.152207787241771,0.105994763284469,31.3714178827342,29.1385821172657,30.2549999999999,0.236508460482394,39.4654423002336,30.1052,29.8052984030588,-1.37091265630134,-1.2235404379222
"8869721","2005-01-13",32.3905321198938,0.203488372093024,0.20142472345552,0.156787236516547,31.3328457099911,29.0794876233421,30.2061666666666,0.267975921611828,39.4654423002336,30.072,29.7685919493176,-1.32554566022047,-1.24394148238185
"8869720","2005-01-14",31.8644539817974,0.279069767441861,0.226766084176411,0.193466198291234,31.2578896061683,29.0547770604982,30.1563333333333,0.348850209375633,42.1380071681945,30.0592,29.754113022742,-1.2401614449488,-1.24318547489524
"8869719","2005-01-18",31.4182352460514,0.267441860465117,0.25,0.226063602543977,31.1565287769648,29.0444712230351,30.1004999999999,0.352986960785115,41.8320187197622,30.0548,29.738897953043,-1.16453860873745,-1.22745610166368
"8869718","2005-01-19",30.8171287419896,0.261627906976744,0.26937984496124,0.248715309712551,30.9928697184357,29.0781302815642,30.0354999999999,0.377006763706332,41.6690892161259,30.0352,29.7243782259706,-1.09474608566793,-1.20091409846453
"8869717","2005-01-20",30.7526971930571,0.135294117647059,0.221454628362973,0.246944824441404,30.9149273141361,29.0424060191971,29.9786666666666,0.258614227127029,38.1487939766865,29.9884,29.6824611291745,-1.0867592084698,-1.17808312046559
"8869716","2005-01-21",29.9431663892165,0.308219178082191,0.235047067568664,0.241960513630959,30.773937493623,29.0723958397103,29.9231666666666,0.392352522640032,43.306787914772,29.9548,29.6754663119513,-1.00911001288466,-1.1442884989494
"8869715","2005-01-24",28.0923777752265,0.517857142857144,0.320456812862131,0.258986169597923,30.695063727033,29.0909362729669,29.893,0.529299417500095,46.1638020638809,29.9172,29.6867374703578,-0.901831438247258,-1.09579708680897
"8869714","2005-01-25",26.7692220567854,0.383928571428571,0.403334964122635,0.319612948184477,30.6550651346514,29.0856015320152,29.8703333333333,0.459434123505843,43.4433727127328,29.8752,29.6765058076434,-0.847801888467858,-1.04619804714075
"8869713","2005-01-26",25.5405774610902,0.473214285714286,0.458333333333333,0.394041703439366,30.5823599118635,29.0993067548031,29.8408333333333,0.499438096113198,45.7390797268608,29.8272,29.6809716999576,-0.768945351982631,-0.990747508109126
"8869712","2005-01-27",24.2289664071569,0.455445544554456,0.437529467232437,0.433065921562802,30.4844649254445,29.134201741222,29.8093333333333,0.554804130679649,46.6715533733698,29.7956,29.6901754732966,-0.687642759761142,-0.93012655843953
"8869711","2005-01-28",23.5805594854408,0.257425742574259,0.395361857614333,0.430408219393368,30.2948360298625,29.2234973034708,29.7591666666666,0.447884518726087,42.7186048422628,29.7496,29.6714854101904,-0.669845355294052,-0.878070317810434
"8869710","2005-01-31",22.0353875605868,0.606741573033707,0.439870953387473,0.424254092744748,30.1401303367609,29.325869663239,29.733,0.905684990169757,51.5559880190727,29.734,29.7086206888317,-0.540814760168595,-0.810619206282066
"8869709","2005-02-01",20.5403395487733,0.557894736842107,0.474020684150023,0.436417831717277,30.1258170172075,29.3341829827924,29.73,0.942123487349319,51.3427259034104,29.7292,29.7394712636541,-0.436270601967459,-0.735749485419145
"8869708","2005-02-02",19.1520806806608,0.589473684210525,0.584703331362112,0.49953165629987,30.1579627246399,29.3233706086934,29.7406666666666,0.866646166616404,51.984412232379,29.7176,29.7702084285002,-0.341373968577829,-0.656874382050882
"8869707","2005-02-03",18.7736648888894,0.221052631578948,0.456140350877193,0.504954788796443,30.1494936868183,29.3575063131816,29.7535,0.440866060631457,44.5952516649484,29.6892,29.7501806380335,-0.356907039361276,-0.596880913512961
"8869706","2005-02-04",17.6154645638128,0.252631578947367,0.354385964912279,0.465076549050528,30.1217022860415,29.4392977139584,29.7805,0.601845742017647,45.3127908456488,29.6508,29.7368232196291,-0.357006803545301,-0.548906091519429
"8869705","2005-02-07",16.9261612958551,0.581632653061225,0.351772287862512,0.387432867883995,30.1565570001222,29.4664429998778,29.8115,0.942197472531546,52.586820717707,29.6324,29.7692467903452,-0.2645623179654,-0.492037336808623
"8869704","2005-02-08",15.7547066335927,0.377551020408164,0.403938417472251,0.370032223415681,30.1374787430852,29.529854590248,29.8336666666666,0.598196667114222,48.3862168652139,29.628,29.7706805516325,-0.242706881693999,-0.442171245785698
"8869703","2005-02-09",14.8714888715019,0.190476190476191,0.383219954648526,0.379643553327763,30.1387529637231,29.5412470362769,29.84,0.500000000000077,46.9719665573967,29.6308,29.7625898114148,-0.241572679504853,-0.402051532529529
"8869702","2005-02-10",14.1119512504668,0.166666666666667,0.244897959183673,0.344018777101483,30.1354149389902,29.5525850610097,29.844,0.332998723966311,46.5532966999094,29.6456,29.7529111698929,-0.243302487160046,-0.370301723455633
"8869701","2005-02-11",13.8027489636801,0.0119047619047595,0.123015873015872,0.250377928949357,30.1360480017592,29.5509519982407,29.8435,0.209164537711222,43.81930923704,29.6608,29.7271896805738,-0.276770029875772,-0.351595384739661
"8869700","2005-02-14",13.4781964163395,0.20238095238095,0.126984126984125,0.164965986394557,30.1351170975948,29.5478829024051,29.8415,0.400948093378935,47.8766346346936,29.674,29.7262310564973,-0.256942122415038,-0.332664732274736
"8869699","2005-02-15",13.7862539859327,0.259999999999998,0.158095238095235,0.136031746031744,30.1618003963511,29.5478662703155,29.8548333333333,0.828754054831078,50.0613592039453,29.6948,29.7374002489643,-0.214334061263588,-0.308998598072507
"8869698","2005-02-16",14.0723074434122,0.390000000000001,0.284126984126982,0.189735449735448,30.1960919395671,29.5449080604328,29.8705,0.872910542036444,53.1180759592173,29.7092,29.7644135491024,-0.143664014636569,-0.275931681385319
"8869697","2005-02-17",13.1960781987163,0.0303030303030314,0.226767676767676,0.222996632996631,30.1715945842044,29.5994054157955,29.8855,0.397178526645496,45.1119963910626,29.7116,29.7411584092221,-0.180477065948526,-0.25684075829796
"8869696","2005-02-18",14.0129111752441,0,0.14010101010101,0.216998556998556,30.2991934471282,29.4071398862051,29.8531666666666,-0.351779945306224,32.4649684802691,29.6804,29.6090039546592,-0.433234851708331,-0.292119576980034
"8869695","2005-02-22",15.729127667713,0,0.0101010101010095,0.125656565656565,30.5595045107066,28.98916215596,29.7743333333333,-0.398530180845588,26.3167712649055,29.618,29.4078034273713,-0.803687475465187,-0.394433156677065
"8869694","2005-02-23",17.3227572678626,0.00408163265306041,0.00136054421768588,0.0505208548065687,30.7268132711602,28.6651867288398,29.696,-0.206238482145848,26.547240122699,29.5568,29.2347629703884,-1.08473661914674,-0.532493849171
"8869693","2005-02-24",18.8852702887311,0,0.00136054421768588,0.00427403284546072,30.829589546893,28.3987437864402,29.6141666666666,-0.0803878453688976,26.0213329728185,29.4936,29.0767945743366,-1.31118237432507,-0.688231554201814
"8869692","2005-02-25",19.0070364950396,0.1,0.0346938775510192,0.0124716553287973,30.8431825151092,28.2491508182241,29.5461666666666,0.105697442108547,32.0606078347955,29.4492,28.9732219644251,-1.40652735083744,-0.831890713528939
"8869691","2005-02-28",18.9873955034296,0.32,0.139999999999999,0.058684807256235,30.8302499134512,28.1824167532154,29.5063333333333,0.273525509207985,43.0713489451653,29.418,28.9567923691684,-1.31414631962337,-0.928341834747825
"8869690","2005-03-01",18.4413246559452,0.372,0.263999999999999,0.146231292517006,30.7678378229486,28.1444955103846,29.4561666666666,0.348983998478108,45.326806620061,29.3868,28.959886719946,-1.19096691691402,-0.980866851181063
"8869689","2005-03-02",18.3320491087813,0.292,0.327999999999999,0.243999999999999,30.6965174586708,28.1014825413291,29.399,0.321839263031226,42.5347814994148,29.3536,28.9359018239532,-1.13603177487472,-1.0118998359198
"8869688","2005-03-03",18.6589556510228,0.2,0.287999999999999,0.293333333333333,30.6270545210986,28.0372788122346,29.3321666666666,0.259760405297986,39.5199495849496,29.3072,28.8844482474261,-1.14367140382762,-1.03825414950136
"8869687","2005-03-04",18.6203429999666,0.344,0.278666666666666,0.298222222222222,30.5874429336384,28.0052237330282,29.2963333333333,0.381368191646589,45.9746466155875,29.2736,28.8878551477693,-1.03731590673342,-1.03806650094777
"8869686","2005-03-07",17.6642706703346,0.431999999999999,0.325333333333332,0.297333333333333,30.5323848025524,28.0006151974475,29.2665,0.494799421463917,49.5202166135768,29.2568,28.9201411280667,-0.881404491205917,-1.0067340989994
"8869685","2005-03-08",17.1214272467159,0.381742738589211,0.385914246196402,0.3299714153988,30.420722466684,28.0092775333159,29.215,0.446781561727788,47.0992732017119,29.2176,28.9267889776578,-0.793324391320682,-0.964052157463657
"8869684","2005-03-09",17.5737809851031,0.182222222222222,0.331988320270477,0.347745299933404,30.3405551334008,27.9644448665992,29.1525,0.285714209571599,40.3310255027942,29.1584,28.8645504473034,-0.856094873635882,-0.942460700698102
"8869683","2005-03-10",17.9938237421769,0.236994219653179,0.266986393488203,0.328296319985028,30.2577001328153,27.9236332005179,29.0906666666666,0.291208501097441,40.3310255027942,29.098,28.810610387663,-0.895872649534768,-0.933143090465435
"8869682","2005-03-11",18.0950856343465,0.337931034482758,0.252382492119386,0.283785735292689,30.1766227002586,27.8990439664079,29.0378333333333,0.347279337410561,41.8511949881291,29.0548,28.7745290026412,-0.89491500420058,-0.925497473212464
"8869681","2005-03-14",18.2294319429739,0.324137931034482,0.299687728390139,0.273018871332576,30.0980364788518,27.8782968544814,28.9881666666666,0.36116990331511,41.566088378659,29.0096,28.7405918022891,-0.889667517597226,-0.918331482089417
"8869680","2005-03-15",18.3541820866992,0.413793103448275,0.358620689655171,0.303563636721565,29.9881748018702,27.8848251981297,28.9365,0.411331906180367,44.2257781450753,28.9564,28.7285128953172,-0.839424692202639,-0.902550124112061
"8869679","2005-03-16",19.034897431821,0.0666666666666653,0.268199233716473,0.308835883920594,29.789980798917,27.9310192010829,28.8605,0.325798804176172,40.1393706087056,28.9004,28.6820445092749,-0.865603425643424,-0.895160784418334
"8869678","2005-03-17",19.7072808338051,0,0.160153256704979,0.262324393358875,29.5236857570614,28.0293142429385,28.7765,0.270360540586177,39.8456744336229,28.8464,28.6391052413716,-0.882043519615938,-0.892537331457855
"8869677","2005-03-18",20.7650347015794,0,0.022222222222221,0.150191570881225,29.2976439220119,28.1056894113213,28.7016666666666,0.188187205691856,36.6674416018938,28.7844,28.5725578758554,-0.946495222797106,-0.903328909725705
"8869676","2005-03-21",21.8236311395837,0,-7.86407975776153e-16,0.0607918263090667,29.2597892629822,28.0572107370177,28.6585,0.143682312008473,36.1035745427169,28.726,28.5095501590747,-0.997815407055114,-0.922226209191587
"8869675","2005-03-22",23.5382599408785,0,-7.86407975776153e-16,0.00740740740740672,29.3022331793996,27.9741001539336,28.6381666666666,-0.0131263110943762,30.6474571150719,28.644,28.3976101378647,-1.14780843106952,-0.967342653567173
"8869674","2005-03-23",25.6037848751101,0,-7.86407975776153e-16,-5.30825383648903e-16,29.414610380566,27.7880562861006,28.6013333333333,-0.175046716082824,27.0624874110254,28.5444,28.2539287861494,-1.35215878748964,-1.04430588035167
"8869673","2005-03-24",27.0137486584327,0.137614678899083,0.0458715596330269,0.0152905198776753,29.458127383233,27.698872616767,28.5785,0.0271672135331048,34.170519288543,28.4516,28.1694049479962,-1.41343033186263,-1.11813077065386
"8869672","2005-03-28",27.5781436000435,0.215,0.117538226299693,0.0544699286442401,29.4754080429697,27.6192586236969,28.5473333333333,0.151249340914103,37.0341074818701,28.378,28.1134842882633,-1.4090732243312,-1.17631926138933
"8869671","2005-03-29",27.2845202324867,0.260355029585799,0.204323236161627,0.122577674031449,29.4446805652686,27.557986101398,28.5013333333333,0.227212499680121,37.2601939849291,28.3384,28.0663530498282,-1.38710758267451,-1.21847692564636
"8869670","2005-03-30",27.0118699626126,0.357142857142858,0.277499295576218,0.199786919345846,29.378172349827,27.5208276501729,28.4495,0.27055057860505,40.9156883526302,28.3312,28.0468393098511,-1.30878740469437,-1.23653902145597
"8869669","2005-03-31",26.2157330788912,0.416666666666666,0.34472151779844,0.275514683178762,29.3194595691515,27.500207097515,28.4098333333333,0.353511261270832,43.1453236933492,28.3276,28.0432607352043,-1.204102388563,-1.23005169487737
"8869668","2005-04-01",26.9157986371422,0,0.257936507936507,0.293385773770389,29.3077059668424,27.4112940331575,28.3595,0.153995708943014,32.964078893481,28.296,27.9388259705104,-1.32514083555086,-1.24906952301207
"8869667","2005-04-04",27.565859512661,0.349112426035503,0.255259697567389,0.285972574434113,29.2233956022651,27.4032710644015,28.3133333333333,0.36447813787723,44.0099741139905,28.278,27.9269825077757,-1.23695221701461,-1.24664606181258
"8869666","2005-04-05",27.9951289058675,0.540880503144654,0.296664309726718,0.269953505076872,29.0652023702528,27.4624642964138,28.2638333333333,0.49968803386647,48.2152246113277,28.2488,27.9527181734056,-1.07664574775848,-1.21264599900176
"8869665","2005-04-06",28.4836962739227,0.558620689655172,0.482871206278442,0.344931737857517,28.9282307799265,27.5144358867401,28.2213333333333,0.510845514725844,47.503684444186,28.2124,27.9683557502849,-0.953016537597073,-1.16072010672082
"8869664","2005-04-07",29.1548134519806,0.475862068965516,0.525121087255113,0.434885534420091,28.8752575771051,27.5124090895615,28.1938333333333,0.426257393306354,45.7583389728768,28.1792,27.9659083169135,-0.879499223216262,-1.10447593001991
"8869663","2005-04-08",29.7779936887487,0.563909774436091,0.532797511018925,0.513596601517494,28.8244322074237,27.5129011259095,28.1686666666666,0.447643889165517,46.8106247134469,28.1576,27.9717872079917,-0.794764456011465,-1.04253363521822
"8869662","2005-04-11",30.5847116385643,0.473684210526316,0.504485351309307,0.520801316527782,28.7477872111462,27.5192127888538,28.1335,0.380484787352716,44.9331161672194,28.1168,27.9608822469262,-0.753538039363277,-0.984734516047232
"8869661","2005-04-12",31.9188575459142,0.210526315789472,0.416040100250625,0.484440987526286,28.6657957381221,27.5132042618778,28.0895,0.248826877547907,39.9057096324892,28.0532,27.9047646140027,-0.812668765181035,-0.950321365873993
"8869660","2005-04-13",33.2483772266733,0.165413533834586,0.283208020050124,0.401244490536686,28.5520977067529,27.5205689599137,28.0363333333333,0.161020918963159,39.0981008762248,27.9936,27.8481293321357,-0.867244278139501,-0.933705948327094
"8869659","2005-04-14",34.8775836798836,0,0.125313283208019,0.27485380116959,28.5152542384778,27.4420790948554,27.9786666666666,-0.0547401436487011,35.4886063317026,27.9432,27.7617120878509,-0.980892607971673,-0.94314328025601
"8869658","2005-04-15",36.9990764447318,0,0.0551378446115279,0.15455304928989,28.5921862023375,27.2058137976624,27.899,-0.263864021260716,29.6024356444394,27.8704,27.6121504761375,-1.22115111508371,-0.99874484722155
"8869657","2005-04-18",39.094572407339,0,-7.40148683083438e-16,0.0601503759398489,28.6503044635457,26.9876955364542,27.819,-0.154994678697528,28.3370490728474,27.7888,27.4638637459858,-1.43806905124325,-1.08660968802589
"8869656","2005-04-19",41.0403900869028,0.100478468899522,0.0334928229665066,0.0295435558593449,28.6583699601105,26.8419633732228,27.7501666666666,0.00625958978161618,32.9658432377289,27.7164,27.3633485798544,-1.53221944868983,-1.17573164015868
"8869655","2005-04-20",43.2083829815493,0,0.0334928229665066,0.0223285486443378,28.7280614038018,26.6276052628648,27.6778333333333,-0.0559903444650446,28.8558517400041,27.6216,27.2189021025404,-1.71560704072526,-1.283706720272
"8869654","2005-04-21",45.0849062464649,0.0436681222707414,0.0480488637234204,0.0383448365521448,28.7837877890962,26.4802122109038,27.632,0.0462127037509408,31.0100169148395,27.5416,27.1070484888684,-1.81219009230067,-1.38940339467773
"8869653","2005-04-22",46.5896866012385,0.205240174672489,0.0829694323144093,0.0548370396681124,28.7864373246547,26.3878960086786,27.5871666666666,0.192660425836098,38.4375122105148,27.4772,27.0594420236859,-1.75913026354103,-1.46334876845039
"8869652","2005-04-25",47.0614159397912,0.270742358078602,0.173216885007276,0.101411727015036,28.7578944169945,26.3281055830054,27.543,0.283383096518226,41.2012610742398,27.4276,27.0381830871945,-1.65349647031841,-1.50137830882399
"8869651","2005-04-26",47.7703918176519,0.195238095238096,0.223740209329728,0.159975508883805,28.7164621617625,26.2608711715707,27.4886666666666,0.260274952539778,38.5893262798867,27.3712,26.9917586755685,-1.61408233391374,-1.52391911384194
"8869650","2005-04-27",48.6425619679509,0.112745098039216,0.192908517118637,0.196621870485214,28.6666845148889,26.1843154851111,27.4255,0.231909320485066,36.4559932814062,27.3248,26.9275241854927,-1.61847097045809,-1.54282948516517
"8869649","2005-04-28",49.4524342503714,0.156862745098039,0.154948646125116,0.190532457524494,28.5840596677959,26.1282736655374,27.3561666666666,0.255882638206824,38.2928760807976,27.296,26.8838542940937,-1.57723607502807,-1.54971080313775
"8869648","2005-04-29",50.1028809996298,0.161764705882352,0.143790849673202,0.163882670972319,28.5519264342183,26.0670735657816,27.3095,0.282884529360731,38.5055845116156,27.2556,26.8473403882146,-1.52425937723429,-1.54462051795706
"8869647","2005-05-02",50.189535157583,0.269230769230768,0.195952740070386,0.164897411956235,28.4547894552649,26.0485438780684,27.2516666666666,0.358008397021267,41.9533013462574,27.2164,26.8370283364526,-1.4179773466985,-1.51929188370535
"8869646","2005-05-03",50.6095827515356,0.183673469387755,0.204889648166958,0.181544412636849,28.3053648617757,26.0393018048909,27.1723333333333,0.281265280698748,38.7373244898419,27.168,26.7987578915923,-1.38407538031873,-1.49224858302802
"8869645","2005-05-04",50.5890132163404,0.355769230769229,0.26955782312925,0.223466737122198,28.1324711736021,26.0655288263978,27.099,0.340827684214347,40.9530022400275,27.1172,26.7789235060466,-1.31214820157213,-1.45622850673684
"8869644","2005-05-05",50.9331599391758,0.134615384615385,0.224686028257456,0.233044499851221,27.9699362862214,26.0843970471118,27.0271666666666,0.303504487037408,37.5859583013215,27.0532,26.7310670385738,-1.30956315417822,-1.42689543622512
"8869643","2005-05-06",51.2527247532373,0.163461538461537,0.217948717948716,0.237397523111808,27.7720632305617,26.1329367694381,26.9524999999999,0.289013635289483,38.2985431098025,27.0208,26.6935914334306,-1.28395229189707,-1.39830680735951
"8869642","2005-05-09",50.6057640129576,0.221153846153847,0.173076923076922,0.205237223094365,27.5619141040664,26.2150858959335,26.8884999999999,0.364991442683423,39.7794030602153,26.9672,26.6691125756398,-1.23150669022781,-1.36494678393317
"8869641","2005-05-10",50.0050147541264,0.351063829787236,0.245226404800872,0.212084015275504,27.3675214446754,26.3118118886579,26.8396666666666,0.484528572996061,44.5561818343815,26.9108,26.6745642322212,-1.11662699719652,-1.31528282658584
"8869640","2005-05-11",49.8363813767816,0.111111111111109,0.22777626235073,0.215359863409508,27.1501284782148,26.4278715217851,26.789,0.339853855837695,41.2117708780823,26.8488,26.653955667925,-1.07073288284943,-1.26637283783856
"8869639","2005-05-12",49.6797932406758,0.122222222222222,0.194799054373521,0.222600573841708,26.9930873767774,26.5139126232225,26.7535,0.332698475719206,41.4608224966008,26.792,26.637428245535,-1.0196616659742,-1.21703060346569
"8869638","2005-05-13",50.1004682396835,0,0.0777777777777762,0.166784364834009,27.012501977059,26.4504980229409,26.7314999999999,-0.0898535011557069,36.3235391020738,26.7204,26.5817711461304,-1.06107852651761,-1.18584018807607
"8869637","2005-05-16",48.8057036836987,0.413461538461537,0.178561253561252,0.150379361904184,27.0175793890415,26.4524206109584,26.7349999999999,0.615011926773064,46.2687500499374,26.6708,26.5908683266463,-0.9526199613061,-1.13919614272208
"8869636","2005-05-17",46.1807051874872,0.568000000000001,0.327153846153845,0.194497625830958,27.0711238803305,26.424542786336,26.7478333333333,1.06012566719095,51.5727019802383,26.6464,26.6360858830935,-0.772848645581026,-1.06592664329387
"8869635","2005-05-18",43.0343361847995,0.708860759493671,0.563440765985069,0.356385288566722,27.2382351350974,26.3557648649025,26.7969999999999,1.2890728524822,58.0956283637977,26.6408,26.729941098681,-0.500799376825489,-0.952901190000192
"8869634","2005-05-19",40.2542022991445,0.699386503067484,0.658749087520385,0.516447899886433,27.3754149357237,26.3122517309428,26.8438333333333,1.13913047116796,58.3900570906213,26.6472,26.8139489521902,-0.276488359508831,-0.81761862390192
"8869633","2005-05-20",37.6726494053221,0.760736196319018,0.72299448629339,0.648394779932948,27.5031655734037,26.2581677599295,26.8806666666666,1.06706926900533,59.9069153710294,26.68,26.9000890918982,-0.0683717403649697,-0.66776924719453
"8869632","2005-05-23",35.6118361048058,0.768786127167631,0.742969608851377,0.708237727555051,27.6268926987983,26.2011073012016,26.9139999999999,1.03958564495763,61.2751629201341,26.722,26.9867438796451,0.121573287974219,-0.50990074016078
"8869631","2005-05-24",33.5877070270557,0.751445086705202,0.76032247006395,0.74209552173624,27.7315747507981,26.1707585825351,26.9511666666666,0.943464567282792,60.5335879667431,26.7544,27.0578446956924,0.259669546366625,-0.355986682855299
"8869630","2005-05-25",31.7081585977163,0.751445086705202,0.757225433526011,0.753505837480447,27.8224352497494,26.1665647502504,26.9944999999999,0.881773011149113,60.5335879667431,26.804,27.1194654029334,0.364552299637899,-0.211878886356659
"8869629","2005-05-26",30.9797812794298,0.733333333333332,0.745407835581245,0.754318579723736,27.9423605827785,26.1533060838881,27.0478333333333,0.933469187484802,62.7963927779907,26.8548,27.190203349209,0.48039257267618,-0.0734245945500915
"8869628","2005-05-27",30.9715037396255,0.806306306306307,0.763694908781613,0.755442725962957,28.1220028192331,26.1119971807667,27.1169999999999,1.01558727672232,68.228848926512,26.9052,27.2995095693144,0.670420942689187,0.0753445128977643
"8869627","2005-05-31",31.1228273273195,0.886462882096069,0.808700840578569,0.772601194980476,28.3190961044062,26.0575705622604,27.1883333333333,1.00776934062121,71.2435224715774,26.9592,27.4262416267392,0.880461341752747,0.236367878668761
"8869626","2005-06-01",32.1814515458132,0.76173285198556,0.818167346795978,0.796854365385387,28.5317989171596,26.0322010828403,27.2819999999999,1.00728160450075,72.1907620946294,27.0248,27.546742743174,1.05684998097311,0.40046429912963
"8869625","2005-06-02",33.4708781585848,0.858585858585858,0.835593864222495,0.820820683865681,28.8010372988463,25.9769627011536,27.3889999999999,1.03858350669728,76.7307432823828,27.1152,27.7098437107508,1.30833309508998,0.582038058321699
"8869624","2005-06-03",34.7425644462577,0.810810810810811,0.810376507127409,0.821379239381961,29.01853366263,25.9851330040365,27.5018333333333,0.965319342501402,76.1224128903416,27.2012,27.848531215984,1.48260785855301,0.762152018367961
"8869623","2005-06-06",35.6389975500936,0.761904761904763,0.81043381043381,0.818801393927905,29.1734328034362,26.0512338632304,27.6123333333333,0.885732413724412,74.2213140957879,27.2844,27.9607270538528,1.58357168393759,0.926435951481887
"8869622","2005-06-07",37.1554777477088,0.772727272727273,0.781814281814281,0.8008748664585,29.3862314165661,26.0884352501005,27.7373333333333,0.945550076221998,77.7172426534798,27.3752,28.1046301133391,1.74267266583814,1.08968329435314
"8869621","2005-06-08",38.5636379312085,0.857798165137615,0.797476733256549,0.796574941834881,29.5929089112114,26.1320910887885,27.8624999999999,0.923069558062338,79.3540825443542,27.4824,28.2546794315605,1.89920298276733,1.25158723203598
"8869620","2005-06-09",39.2540741026589,0.788461538461539,0.806328992108808,0.79520666905988,29.7314122112825,26.2509211220507,27.9911666666666,0.860724957430402,75.2794527400601,27.5804,28.3673888406858,1.96182088210091,1.39363396204896
"8869619","2005-06-10",40.0410520771998,0.838862559241706,0.828374087613619,0.810726604326326,29.8612847202054,26.3940486131279,28.1276666666666,0.867920334027077,77.127950375214,27.6952,28.4904036619277,2.04041567255744,1.52299030415066
"8869618","2005-06-13",41.2378961135736,0.728395061728395,0.785239719810546,0.806647599844325,29.9244811466558,26.6418521866774,28.2831666666666,0.873734999688009,77.127950375214,27.8088,28.597016507004,2.0773537642168,1.63386299616389
"8869617","2005-06-14",42.3492512902065,0.868312757201646,0.811856792723915,0.80849020004936,30.036602376704,26.8220642899626,28.4293333333333,0.902546171512865,80.2005662570966,27.9336,28.7347476394035,2.17572721428174,1.74223583978746
"8869616","2005-06-15",42.5435044954233,0.786956521739131,0.794554780223056,0.797217097585839,30.1127479505994,26.9919187160672,28.5523333333333,0.8260885457641,74.7904799400197,28.0436,28.8314479541497,2.17941142036355,1.82967095590268
"8869615","2005-06-16",42.951549037176,0.793814432989691,0.816361237310155,0.807590936752376,30.2151678733593,27.1074987933073,28.6613333333333,0.825645998313025,75.7241211080436,28.1648,28.9272548935964,2.18128484784335,1.89999373429081
"8869614","2005-06-17",43.6247641251551,0.837837837837838,0.806202930855553,0.805706316129588,30.3312200363337,27.2291132969996,28.7801666666666,0.860991231905112,78.1453781385007,28.2956,29.0436209077835,2.22549592429522,1.96509417229169
"8869613","2005-06-20",44.1471623582742,0.819209039548023,0.816953770125183,0.813172646096964,30.4129805383593,27.3756861283073,28.8943333333333,0.821228875092817,77.4796023676097,28.438,29.1418047867457,2.22802401783031,2.01768014139942
"8869612","2005-06-21",44.4703328803825,0.751773049645389,0.802939975677082,0.808698892219273,30.4657678719426,27.537898794724,29.0018333333333,0.783994939005238,76.4277573655011,28.562,29.2228974818463,2.19547823533046,2.05323976018563
"8869611","2005-06-22",45.1110692099188,0.793333333333332,0.788105140842247,0.802666295548171,30.5015525142711,27.7361141523955,29.1188333333333,0.812608667008476,77.8321687832411,28.68,29.3105111509335,2.17956529932122,2.07850486801274
"8869610","2005-06-23",46.0229420516407,0.741176470588234,0.762094284522317,0.784379800347216,30.5059878219759,27.9786788446907,29.2423333333333,0.838040714851994,78.5724641813214,28.7844,29.395776330809,2.16041667544873,2.09488722949994
"8869609","2005-06-24",46.1645107638336,0.577777777777778,0.704095860566447,0.751431761977004,30.4749038325307,28.2277628341359,29.3513333333333,0.790146457416686,73.6531648202492,28.8828,29.4523394867011,2.08490538714736,2.09289086102943
"8869608","2005-06-27",46.2959674251557,0.58139534883721,0.633449865734406,0.699880003607724,30.4589867886988,28.4300132113011,29.4445,0.781998086638748,74.0568274529535,28.9784,29.5053608884743,2.00969088580278,2.0762508659841
"8869607","2005-06-28",46.9504851630856,0.774193548387098,0.644455558334028,0.660667094878294,30.5125965258267,28.5844034741733,29.5485,0.950248830594152,79.2037826132846,29.0884,29.6113127700111,2.04863901722185,2.07072849623165
"8869606","2005-06-29",47.6688799067354,0.755244755244757,0.703611217489687,0.660505547186041,30.5773237958501,28.7133428708165,29.6453333333333,0.95136370336957,79.8727157205511,29.2024,29.7124710673429,2.07348973175903,2.07128074333712
"8869605","2005-06-30",48.461990374834,0.81456953642384,0.781335946685231,0.709800907502982,30.6890690144979,28.771930985502,29.7305,0.960495446848844,81.2635147240946,29.3224,29.8201415916972,2.10839435459167,2.07870346558803
"8869604","2005-07-01",49.6756086120653,0.609467455621301,0.726427249096632,0.73712480442385,30.7923962028136,28.848270463853,29.8203333333333,0.957617863308765,80.0717968758628,29.436,29.9094560461376,2.10262789332474,2.08348835113537
"8869603","2005-07-05",51.1236045975619,0.748743718592965,0.724260236879368,0.744007810887077,30.9485622753246,28.922104391342,29.9353333333333,1.08295479154575,83.9567908344076,29.5536,30.0481952399859,2.19533419862472,2.10585752063324
"8869602","2005-07-06",52.137266442089,0.690721649484537,0.6829776078996,0.711221697958534,31.1026371974004,28.9563628025995,30.0295,0.99411203086101,81.7189806335566,29.6592,30.1604358746544,2.22543645233342,2.12977330697328
"8869601","2005-07-07",51.3101298195923,0.448275862068967,0.629247076715488,0.678828307164819,31.1616038543525,29.0367294789808,30.0991666666666,0.79217413534143,69.71254042245,29.7472,30.2097110913672,2.12769954996685,2.12935855557199
"8869600","2005-07-08",51.2675607790115,0.662983425414365,0.600660312322622,0.63762833231257,31.2758515719793,29.1131484280206,30.1945,0.943349488815318,74.4322502798887,29.8344,30.3084162791849,2.13700726997361,2.13088829845232
"8869599","2005-07-11",51.7549243562644,0.666666666666667,0.592641984716665,0.607516457918259,31.4573653804815,29.1413012861851,30.2993333333333,1.01840822092252,77.1689941097072,29.9344,30.4339607752936,2.19753289528273,2.1442172178184
"8869598","2005-07-12",52.2613193210944,0.820627802690583,0.716759298257204,0.636687198432164,31.6799647017796,29.1460352982203,30.413,1.04079380878115,80.2105681150063,30.0528,30.5960993385878,2.32265642024403,2.17990505830353
"8869597","2005-07-13",52.5584072129011,0.802690582959642,0.763328350772296,0.690909877915389,31.8611842977289,29.1654823689377,30.5133333333333,0.951335755512205,79.076071741727,30.1556,30.7312860934427,2.38170400714726,2.22026484807227
"8869596","2005-07-14",51.4648810433803,0.650224215246637,0.757847533632287,0.745978394220596,31.9494409428457,29.2698923904876,30.6096666666666,0.831025910771219,70.0115513617364,30.2372,30.803114614317,2.31146701934235,2.23850528232629
"8869595","2005-07-15",50.0130926393334,0.590909090909091,0.681274629705122,0.734150171369902,31.9816017738889,29.3940648927777,30.6878333333333,0.712106477530732,67.0885103796942,30.3192,30.8493659990748,2.19858237924795,2.23052070171062
"8869594","2005-07-18",48.6650034070041,0.50857142857143,0.583234911575718,0.674119024971043,32.0198646200356,29.4921353799643,30.756,0.700707150627841,67.5744871225623,30.3952,30.8947838658648,2.09512145392761,2.20344085215402
"8869593","2005-07-19",46.6033274958775,0.357142857142857,0.485541125541125,0.583350222273989,32.0221768050323,29.6138231949677,30.818,0.621244653932778,62.1396777461668,30.4624,30.9048126837495,1.93324672722879,2.14940202716897
"8869592","2005-07-20",44.9215148950824,0.339743589743591,0.401819291819292,0.490198442978712,32.0093601553508,29.7609731779824,30.8851666666666,0.62964850042906,62.8705675039824,30.518,30.9201709925829,1.79725997526967,2.07897361678911
"8869591","2005-07-21",42.1357443384062,0.102564102564103,0.266483516483516,0.384614644614644,31.9777705657175,29.8872294342824,30.9325,0.498804137377465,54.4878698421124,30.5656,30.8841481935718,1.5747790577223,1.97813470497575
"8869590","2005-07-22",39.5489573929212,0.124999999999999,0.189102564102563,0.28580179080179,31.9479134351647,30.0030865648352,30.9755,0.490316190288909,55.6915307827527,30.6124,30.8622617677623,1.4006771714584,1.86264319827228
"8869589","2005-07-25",37.5599042605926,0.335526315789473,0.187696806117857,0.214427628901312,31.904503567536,30.1681630991306,31.0363333333333,0.605778025686049,60.7959315512208,30.662,30.8859601987273,1.33103770931522,1.75632210048087
"8869588","2005-07-26",35.7129263520017,0.342105263157895,0.267543859649121,0.214781076623181,31.8283916093878,30.3626083906121,31.0955,0.571292943363975,60.9473376505212,30.7128,30.9078321722303,1.26379198327231,1.65781607703916
"8869587","2005-07-27",33.8127225523744,0.250000000000001,0.309210526315789,0.25481706402759,31.7945796434599,30.4677536898733,31.1311666666666,0.499120708587684,59.7057340541285,30.7628,30.9201212159329,1.18372623367351,1.56299810836603
"8869586","2005-07-28",32.528984107688,0.250000000000001,0.280701754385965,0.285818713450292,31.7599120772939,30.5720879227061,31.166,0.514592507877894,59.7057340541285,30.8076,30.9307717204752,1.10746905461687,1.4718922976162
"8869585","2005-07-29",31.4831050198751,0.457142857142858,0.319047619047619,0.302986633249791,31.7489628255272,30.6610371744727,31.205,0.673112319900577,64.5619245185382,30.8612,30.9786688244119,1.10977575154447,1.39946898840185
"8869584","2005-08-01",29.5371170239451,0.295454545454546,0.334199134199134,0.311316169210906,31.7245056192083,30.7358277141249,31.2301666666666,0.482973895495447,58.0651914964431,30.91,30.9868463144903,1.03438998782577,1.32645318828663
"8869583","2005-08-02",27.6203779586505,0.276923076923079,0.343173493173493,0.332140082140082,31.7246633738492,30.7376699594841,31.2311666666666,0.404254680300226,57.3197920125633,30.9564,30.9899334725582,0.955798471542413,1.25232224493779
"8869582","2005-08-03",26.1880714717137,0.157894736842107,0.24342411973991,0.306932249037513,31.7297067254868,30.7179599411798,31.2238333333333,0.222756717045478,52.26220166269,30.9764,30.9646090095505,0.829252734806385,1.16770834291151
"8869581","2005-08-04",26.7271759414644,0,0.144939271255061,0.243845628056155,31.8458952687613,30.547438064572,31.1966666666666,-0.285547645859298,38.7582859096962,30.9628,30.8399944749437,0.521768229667918,1.03852032026279
"8869580","2005-08-05",28.0993002615877,0,0.052631578947368,0.146998323314113,32.0388490209038,30.2114843124294,31.1251666666666,-0.267133855016615,32.1382157232631,30.9204,30.6559952116179,0.125959568662037,0.85600816994264
"8869579","2005-08-08",29.7710893998959,0,-9.99200722162641e-16,0.0658569500674763,32.1846774978024,29.8559891688641,31.0203333333333,-0.194382318108322,29.0451096112338,30.866,30.4525291834022,-0.273821371023864,0.63004226174934
"8869578","2005-08-09",31.6692752697784,0,-9.99200722162641e-16,0.0175438596491223,32.2782861401814,29.4883805264852,30.8833333333333,-0.159520519607207,26.3173852696107,30.78,30.2321919589486,-0.673389106031985,0.369355988193075
"8869577","2005-08-10",32.7167696229027,0,-9.99200722162641e-16,-6.86950496486816e-16,32.2944335622354,29.2072331044312,30.7508333333333,-0.041213101050673,25.9201879098683,30.6944,30.0345663644221,-0.994921250172953,0.0965005405198691
"8869576","2005-08-11",33.6894429508039,0.0912280701754391,0.0304093567251454,0.0101364522417148,32.2794984452098,28.9921682214568,30.6358333333333,0.0622080628627624,31.6933607503809,30.6336,29.8979575158325,-1.16832722933978,-0.156465013452061
"8869575","2005-08-12",34.6722858547735,0.0701754385964909,0.0538011695906424,0.0280701754385959,32.2703688395223,28.7936311604776,30.532,0.1053771878536,31.0911968527827,30.5536,29.7715631803881,-1.30824272940834,-0.386820556643317
"8869574","2005-08-15",34.557044256002,0.221052631578947,0.127485380116958,0.0705653021442489,32.2012392682733,28.6907607317266,30.446,0.242865066038955,39.9036426237115,30.4788,29.7193547563364,-1.28827449123169,-0.567111343560991
"8869573","2005-08-16",34.7882104632365,0.147368421052632,0.146198830409356,0.109161793372319,32.1478201051554,28.5675132281778,30.3576666666666,0.216690951869033,37.3888651768413,30.3796,29.6461074554915,-1.31478209236329,-0.71664549332145
"8869572","2005-08-17",35.372265165573,0.0596491228070181,0.142690058479531,0.138791423001949,32.081659370045,28.4270072966216,30.2543333333333,0.186883098488396,34.5938074870425,30.272,29.5492931280927,-1.38859959324761,-0.851036313306682
"8869571","2005-08-18",35.9146016748855,0.0960854092526689,0.101034317704105,0.129974402197664,32.0252553901282,28.3057446098717,30.1655,0.227876399219141,36.634356436278,30.182,29.4787207110137,-1.40423769635585,-0.961676589916515
"8869570","2005-08-19",36.4181998621043,0.170454545454545,0.108729692504743,0.117484689562794,31.9431114160336,28.2182219172997,30.0806666666666,0.27968026516073,40.2479409236363,30.104,29.4415579495452,-1.35205044885536,-1.03975136170428
"8869569","2005-08-22",35.960172647136,0.233870967741935,0.166803640816382,0.125522550341744,31.7972300825507,28.1847699174492,29.9909999999999,0.343781437706887,42.785666948166,30.0296,29.4266835562725,-1.26060109323433,-1.08392130801029
"8869568","2005-08-23",34.2917176171033,0.436046511627907,0.280124008274795,0.185219113865307,31.6370225746714,28.1916440919951,29.9143333333333,0.428116267077215,46.0145957425063,29.9708,29.4364590821028,-1.12847562741386,-1.09283217189101
"8869567","2005-08-24",32.2016466306896,0.44,0.36997249312328,0.272300047404819,31.4731154538656,28.209551212801,29.8413333333333,0.447501161099441,44.5801842418778,29.9064,29.4329312044891,-1.03647943194972,-1.08156162390275
"8869566","2005-08-25",30.2608664290198,0.555555555555556,0.477200689061153,0.375765730153076,31.2777019106512,28.2542980893487,29.7659999999999,0.470452728575704,47.3306504418301,29.8624,29.4485403772239,-0.914626224385806,-1.04817454399936
"8869565","2005-08-26",28.67436012663,0.499999999999999,0.498518518518517,0.448563900234317,30.9912290199437,28.3614376467229,29.6763333333333,0.470973616344404,45.9279500104867,29.8124,29.4514016602607,-0.830387941891608,-1.00461722357781
"8869564","2005-08-29",26.877030362593,0.451388888888888,0.502314814814813,0.492678007464828,30.7080038037972,28.4879961962027,29.5979999999999,0.521921846799188,44.6801923964635,29.7468,29.4445481055593,-0.773886359891829,-0.958471050840614
"8869563","2005-08-30",25.3741629989485,0.6484375,0.533275462962961,0.511369598765431,30.4088388718948,28.6634944614385,29.5361666666666,0.708459333959344,51.7400327182918,29.6948,29.4852750248181,-0.626018915769189,-0.891980623826329
"8869562","2005-08-31",25.1941662881852,0.53072625698324,0.543517548624041,0.526369275467272,30.1557402192423,28.8372597807576,29.4964999999999,0.995646337196432,53.9117453826198,29.6496,29.5365716881756,-0.47065456852865,-0.807715412766793
"8869561","2005-09-01",25.5930785620182,0.732057416267942,0.637073724417059,0.571288912001354,30.2940658999293,28.7449341000706,29.5194999999999,1.22115662900255,62.6583627383946,29.6276,29.6583621297522,-0.187514345524065,-0.683675199318247
"8869560","2005-09-02",26.1223185271885,0.779816513761468,0.680866729004215,0.620486000681772,30.5200934999014,28.6245731667651,29.5723333333333,1.13711617625779,64.7688479895332,29.6008,29.7865805124519,0.0811777206366493,-0.530704615327268
"8869559","2005-09-06",27.0485447137129,0.795081967213115,0.76898529908084,0.695641917500705,30.7889303638317,28.5180696361682,29.6534999999999,1.10468995299398,67.5566484283532,29.5936,29.9297031107917,0.353763648371697,-0.353810962587475
"8869558","2005-09-07",27.9086118869141,0.816239316239316,0.797045932404632,0.748965986829896,30.9961303585269,28.5082029748063,29.7521666666666,1.00825438406046,68.3434582793082,29.5904,30.0630760293528,0.580634127082846,-0.166921944653411
"8869557","2005-09-08",28.2100185125589,0.740740740740741,0.784020674731056,0.78335063540551,31.1407757648592,28.5448909018073,29.8428333333333,0.904678965139079,65.1819007267527,29.5904,30.1613325587724,0.716357391403344,0.00973392255794003
"8869556","2005-09-09",29.0102271746981,0.774509803921569,0.777163286967207,0.786076631367632,31.3015339758142,28.570799357519,29.9361666666666,0.91277049007803,66.5902531403354,29.6256,30.2611548842694,0.8428551398175,0.176358166009852
"8869555","2005-09-12",30.2563222166299,0.760869565217391,0.758706703293232,0.773296888330499,31.4894516604741,28.6002150061925,30.0448333333333,0.945965545290521,69.4899490503573,29.6932,30.3796675663668,0.994625167544561,0.340011566316794
"8869554","2005-09-13",30.9579491050117,0.708695652173914,0.74802500710429,0.76129833245491,31.6293578961892,28.6223087704773,30.1258333333333,0.845022630700939,66.387393430401,29.7692,30.4663785575179,1.06990355853136,0.485989964759707
"8869553","2005-09-14",31.197135397087,0.660869565217392,0.710144927536231,0.738958879311251,31.7189344717472,28.7020655282526,30.2104999999999,0.773849040889971,63.5848808739254,29.854,30.5268614165155,1.08746240309081,0.606284452425928
"8869552","2005-09-15",31.2668800063365,0.643478260869565,0.671014492753622,0.709728142464715,31.7622268347219,28.8481064986113,30.3051666666666,0.739580589042715,62.55081803049,29.9392,30.5739465609801,1.0781193074088,0.700651423422502
"8869551","2005-09-16",31.5111708608777,0.665217391304348,0.656521739130434,0.679227053140096,31.792612171128,29.0090544955385,30.4008333333333,0.739202276702379,63.3530963458456,30.016,30.6214203528494,1.07133033499214,0.774787205736429
"8869550","2005-09-19",31.8391987371217,0.682051282051281,0.663582311408397,0.663706181097485,31.8244853420408,29.1695146579591,30.4969999999999,0.758508817987488,65.7253528650126,30.1012,30.6825643058029,1.09256110889329,0.838341986367801
"8869549","2005-09-20",30.7776228378928,0.469945355191257,0.605738009515628,0.641947353351486,31.8222973831381,29.3273692835284,30.5748333333333,0.663732173309509,56.5300652515024,30.1552,30.6888890650291,1.00565142077262,0.871803873248765
"8869548","2005-09-21",28.8762267487701,0,0.383998879080845,0.551106400001623,31.7912625214157,29.4314041452508,30.6113333333333,0.409034089149252,46.3534900709541,30.1972,30.6263705230253,0.793527097342306,0.856148518067473
"8869547","2005-09-22",28.0561180511203,0,0.156648451730418,0.38212844677563,31.7620399992941,29.4952933340391,30.6286666666666,0.230009528907322,39.9717499062878,30.2324,30.5161877866219,0.5085161884407,0.786622052142119
"8869546","2005-09-23",27.2945885461597,0.0210526315789469,0.00701754385964763,0.182554958223637,31.7358462211643,29.5481537788356,30.6419999999999,0.180637619279378,40.807580294868,30.2652,30.4260294150723,0.289359052136029,0.687169452140901
"8869545","2005-09-26",26.0769136006445,0.0263157894736846,0.0157894736842092,0.0598184897580917,31.6911300414669,29.6335366251996,30.6623333333333,0.181342940989746,41.0286494947331,30.2912,30.3492254930627,0.116602185439318,0.573055998800584
"8869544","2005-09-27",25.5710800388351,0,0.0157894736842092,0.0128654970760222,31.6635329178021,29.6821337488645,30.6728333333333,0.0880856924431707,36.8757989745942,30.3008,30.2453287606543,-0.0942283676370503,0.439599125513058
"8869543","2005-09-28",25.1013774457263,0.0892018779342729,0.0385058891359845,0.0233616121681345,31.65590219616,29.6974311371732,30.6766666666666,0.142578328238312,41.2233450789799,30.3112,30.1806182592337,-0.208639868032079,0.30995132680403
"8869542","2005-09-29",24.631048444511,0.145539906103286,0.0782472613458516,0.0441808747220153,31.66181368567,29.6825196476633,30.6721666666666,0.190714641224752,43.8535115088413,30.33,30.1405358246692,-0.264342301030751,0.195092601237074
"8869541","2005-09-30",24.1943143719539,0.1875,0.140747261345852,0.0858334706092294,31.6697164167058,29.6149502499608,30.6423333333333,0.206860399454873,44.9587103157061,30.3452,30.11246438138,-0.291809506709106,0.0977121796478379
"8869540","2005-10-03",22.6387383093782,0.34375,0.225596635367761,0.148197052686488,31.6538397870991,29.5921602129008,30.6229999999999,0.3886021525649,51.16947576218,30.3756,30.128135797196,-0.23051052893428,0.0320676379314143
"8869539","2005-10-04",22.1191907572892,0.338541666666666,0.289930555555554,0.218758150756389,31.6120192011102,29.582314132223,30.5971666666666,0.457054515947777,50.9630445700603,30.4084,30.1403843575699,-0.182514758960484,-0.0108488414469653
"8869538","2005-10-05",21.819298764365,0,0.227430555555554,0.247652582159623,31.6154365660805,29.4325634339194,30.5239999999999,0.0553261193399757,34.9977115267494,30.3852,30.0109997765606,-0.421465415537781,-0.0929721562651283
"8869537","2005-10-06",22.0910676517869,0,0.112847222222221,0.210069444444443,31.6837787673322,29.1792212326677,30.4314999999999,-0.0542562498379957,31.4598363567398,30.3432,29.8521998063525,-0.698476442941753,-0.214073013600453
"8869536","2005-10-07",22.3434244758214,0.0524344569288392,0.0174781523096117,0.119251976695796,31.6757213103629,28.9916120229704,30.3336666666666,0.0428651114307178,34.3199355981776,30.2836,29.7332398321722,-0.871536618651936,-0.34556573461075
"8869535","2005-10-10",22.8295715530009,0,0.0174781523096117,0.0492678422804816,31.6027895551321,28.8262104448678,30.2144999999999,0.0445834785238215,32.6434176113648,30.2108,29.6088078545492,-1.04133134489682,-0.484718856667964
"8869534","2005-10-11",22.7537607197587,0,0.0174781523096117,0.0174781523096119,31.5248053337611,28.6825279995721,30.1036666666666,0.0929320527301422,31.6042816443063,30.1244,29.4876334739426,-1.1906943367336,-0.625913952681092
"8869533","2005-10-12",23.528409197614,0,-1.33458059418482e-15,0.0116521015397409,31.5028339870703,28.4434993462629,29.9731666666666,-0.00550207204262709,26.5906435919095,30.0132,29.3092823440836,-1.44503924351678,-0.789739010848229
"8869532","2005-10-13",24.9223325754921,0,-1.33458059418482e-15,0.0058260507698699,31.5182737034567,28.1177262965432,29.8179999999999,-0.0640268375910608,22.6506327722679,29.8848,29.0800446982058,-1.78394440376625,-0.988580089431832
"8869531","2005-10-14",25.6867358881881,0.0742857142857147,0.0247619047619036,0.00825396825396718,31.4199744198954,27.9233589134378,29.6716666666666,0.0619573659620588,27.9858992039102,29.7624,28.916038738445,-1.96104759991999,-1.18307359152946
"8869530","2005-10-17",26.1333311742425,0.165714285714286,0.079999999999999,0.034920634920634,31.2204968087876,27.843169857879,29.5318333333333,0.160925138930199,34.0182232944248,29.6432,28.8165669066524,-1.99077001941249,-1.34461287710607
"8869529","2005-10-18",26.778388954339,0.117142857142857,0.119047619047618,0.0746031746031737,31.0390698548083,27.745263478525,29.3921666666666,0.135022059789946,32.4624987746773,29.522,28.7076913190987,-2.03963133673122,-1.4836165690311
"8869528","2005-10-19",27.8515438458749,0.0085714285714289,0.0971428571428561,0.0987301587301579,30.9687218703292,27.5656114630041,29.2671666666666,0.0972801831377593,29.2431730359494,29.39,28.5626658098856,-2.1620585227738,-1.61930495977964
"8869527","2005-10-20",28.318804176008,0,0.0419047619047607,0.0860317460317452,30.929854282229,27.3881457177709,29.159,0.131345537639852,27.9847532807265,29.2532,28.4156437019008,-2.28022286395981,-1.75148854061567
"8869526","2005-10-21",28.7526887682744,0.0606060606060603,0.0230591630591617,0.054035594035593,30.8693887654018,27.2452779012648,29.0573333333333,0.183416601658927,32.2987994162436,29.1232,28.3175578749807,-2.28664915467729,-1.858520663428
"8869525","2005-10-24",27.7008570069615,0.241258741258741,0.100621600621599,0.055195175195174,30.755592454789,27.1994075452109,28.9774999999999,0.340418871788287,40.4993315976791,29.006,28.2952168249833,-2.13373377284591,-1.91356328531158
"8869524","2005-10-25",27.2777735045584,0.172413793103447,0.158092864989415,0.0939245428900587,30.6533082737719,27.1450250595614,28.8991666666666,0.32636331519669,37.0071483073578,28.8892,28.2305212483188,-2.0858547646852,-1.94802158118631
"8869523","2005-10-26",26.884910252327,0.424242424242424,0.279304986201536,0.17933981727085,30.515573030279,27.1394269697209,28.8274999999999,0.415831050680423,44.4423822244292,28.8124,28.2397850818763,-1.88632490066274,-1.93568224508159
"8869522","2005-10-27",26.8438347877862,0.323232323232323,0.306629513526064,0.248009121572338,30.342960920258,27.1330390797419,28.7379999999999,0.354202057479163,42.2503243640495,28.7444,28.2211470709595,-1.7650073451756,-1.90154726510039
"8869521","2005-10-28",26.4801129438173,0.424242424242424,0.390572390572389,0.325502296766663,30.1510601658821,27.1652731674511,28.6581666666666,0.428048004279553,45.1631333010181,28.6828,28.2316607948316,-1.5933356027126,-1.83990493262283
"8869520","2005-10-31",25.1011021888134,0.6536312849162,0.467035344130315,0.388079082742923,29.845751509919,27.3115818234142,28.5786666666666,0.588654942036096,49.673652052637,28.634,28.284772688854,-1.34744612686186,-1.74141317147064
"8869519","2005-11-01",24.2221777858029,0.536312849162012,0.538062186106877,0.465223306936527,29.3891840499467,27.5754826167199,28.4823333333333,0.555687225113102,47.0229912767539,28.588,28.3028029970068,-1.19861206369258,-1.63285294991503
"8869518","2005-11-02",22.9140124220079,0.593301435406698,0.594415189828302,0.533170906688498,29.253784095707,27.6538825709596,28.4538333333333,0.830957869474914,50.7932903895069,28.5456,28.3557625974059,-0.989487146399393,-1.5041797892119
"8869517","2005-11-03",21.9692820740758,0.691964285714286,0.607192856760998,0.579890077565393,29.2965195948598,27.6308137384734,28.4636666666666,0.966068682148697,54.6421263845046,28.5108,28.4429942510851,-0.727433425168755,-1.34883051640327
"8869516","2005-11-04",20.4111335021142,0.544642857142857,0.609969526087946,0.603859190892415,29.2570949684855,27.648571698181,28.4528333333333,0.771781375338111,50.1456218952319,28.4608,28.4745950176071,-0.606456244947051,-1.20035566211203
"8869515","2005-11-07",19.1585406015902,0.495535714285714,0.577380952380951,0.598181111743298,29.2290099037292,27.658323429604,28.4436666666666,0.705642567960571,48.70682114769,28.3944,28.4873156819262,-0.53554887373497,-1.06739430443662
"8869514","2005-11-08",18.2526387290147,0.4375,0.492559523809523,0.559970000759474,29.1778636424581,27.6711363575418,28.4244999999999,0.592142310505185,46.9908259725078,28.3232,28.481006924336,-0.510266743967991,-0.955968792342891
"8869513","2005-11-09",17.0978921978526,0.366336633663367,0.433124115983026,0.5010215307245,29.1900965005275,27.6759034994724,28.4329999999999,0.608088378794956,46.7181272969973,28.2932,28.4728726677579,-0.490260133980558,-0.862827060670425
"8869512","2005-11-10",16.8820385230829,0.0899470899470908,0.297927907870152,0.407870515887567,29.1728371859967,27.7308294806698,28.4518333333333,0.378525845583537,41.0711713118122,28.2596,28.4071563120568,-0.592422081497368,-0.808746064835813
"8869511","2005-11-11",16.6816029679396,0.243386243386244,0.233223322332233,0.321425115395137,29.172688904255,27.7586444290783,28.4656666666666,0.465347624590222,45.7274524025275,28.232,28.3888688037826,-0.584548394797657,-0.763906530828182
"8869510","2005-11-14",16.7608249411527,0.0872093023255806,0.140180878552971,0.223777369585118,29.1712954606487,27.7513712060179,28.4613333333333,0.386378915771655,43.9231090821899,28.2052,28.3543529632782,-0.611143400491743,-0.733353904760894
"8869509","2005-11-15",17.2851236941725,0,0.110198515237274,0.161200905374159,29.1770897498465,27.7322435834867,28.4546666666666,0.224538148581803,40.8252100823227,28.1724,28.2911059015078,-0.695608968719541,-0.725804917552624
"8869508","2005-11-16",17.7719725362623,0.0219780219780235,0.0363957747678669,0.0955917228527037,29.1665036984479,27.754496301552,28.4604999999999,0.183311385160148,41.535718881084,28.1632,28.2416251146401,-0.742916971977203,-0.72922732843754
"8869507","2005-11-17",16.8616506895066,0.252747252747253,0.0915750915750911,0.0793897938600772,29.1398386205795,27.8421613794204,28.4909999999999,0.478679855214311,48.5245829275104,28.1932,28.2547417660214,-0.653022563269445,-0.713986375403921
"8869506","2005-11-18",15.7768064523524,0.26923076923077,0.181318681318681,0.103096515887213,29.1148740831037,27.9314592502295,28.5231666666666,0.525491202094758,48.9936092531786,28.214,28.2701095305519,-0.56667269703139,-0.684523639729415
"8869505","2005-11-21",14.8377229032169,0.384615384615384,0.302197802197801,0.191697191697191,29.1321294622866,27.94353720438,28.5378333333333,0.639240348318894,52.2719476567074,28.2304,28.3114282598116,-0.433357717163074,-0.634290455216146
"8869504","2005-11-22",14.0139195344189,0.390109890109891,0.347985347985347,0.277167277167277,29.146941661409,27.9713916719242,28.5591666666666,0.633979840422673,52.4287451746159,28.254,28.3485711585034,-0.32121817655566,-0.571675999484049
"8869503","2005-11-23",13.6381292033628,0.55944055944056,0.444721944721944,0.364968364968364,29.1728977533046,27.9741022466953,28.5734999999999,0.713964765955403,53.8967392634084,28.2964,28.392761670703,-0.204470263446022,-0.498234852276444
"8869502","2005-11-25",13.2891810388108,0.664062500000001,0.537870983183483,0.443526091963591,29.1960115102758,28.0086551563908,28.6023333333333,0.705779278086084,54.7324932422629,28.3472,28.4377267812759,-0.0967437694377571,-0.417936635708706
"8869501","2005-11-28",12.4082129778922,0.488,0.570501019813519,0.517697982572982,29.2016836347481,28.0229830319184,28.6123333333333,0.526300147743733,50.0430972106439,28.3796,28.4446965437725,-0.078578746436142,-0.350065057854194
"8869500","2005-11-29",11.5952466952421,0.552000000000001,0.568020833333333,0.558797612110111,29.1926382390735,28.0230284275931,28.6078333333333,0.590201021712121,51.5337434373638,28.3964,28.4614036712695,-0.041035471305606,-0.288259140544476
"8869499","2005-11-30",11.0422150298476,0.456,0.498666666666666,0.545729506604506,29.1925013061636,28.0228320271696,28.6076666666666,0.476346590302501,49.1639952993583,28.422,28.4598831817669,-0.0447771865011104,-0.239562749735803
"8869498","2005-12-01",10.7811494989171,0.672,0.559999999999999,0.542229166666666,29.171874901134,28.0304584321992,28.6011666666666,0.720924328262095,54.2604649972799,28.4388,28.494565424198,0.0284051024319609,-0.18596917930225
"8869497","2005-12-02",10.4441219939945,0.648000000000002,0.592,0.550222222222222,29.0820629596285,28.0782703737047,28.5801666666666,0.738927181468134,53.617266709034,28.4624,28.5206233676382,0.0769616756479463,-0.133383008312211
"8869496","2005-12-05",11.0090985918076,0.623376623376623,0.647792207792207,0.599930735930735,29.1103697671609,28.0642968995057,28.5873333333333,0.926356531930471,56.4001864919638,28.484,28.5632069186198,0.155970224505153,-0.0755123617487381
"8869495","2005-12-06",11.5337197183483,0.759999999999998,0.67712554112554,0.638972582972582,29.1873766765527,28.0286233234472,28.608,0.993633954514173,60.1743707749613,28.5012,28.6294459961372,0.27726450290837,-0.00495698881731652
"8869494","2005-12-07",10.9355969254838,0.361111111111111,0.58149591149591,0.635471220137885,29.2193846689383,28.0316153310616,28.6255,0.742331001613435,52.7921987251003,28.5136,28.6428531966522,0.277074200932814,0.0514492491327096
"8869493","2005-12-08",10.3916620364217,0.19047619047619,0.437195767195765,0.565272406605738,29.2331390740568,28.0371942592764,28.6351666666666,0.629465282527957,49.6140926775065,28.5084,28.6331394370986,0.229219303863326,0.0870032600788329
"8869492","2005-12-09",9.87986073100805,0.371134020618555,0.307573774068618,0.442088484253431,29.2662229980793,28.0767770019206,28.6715,0.778981420262083,54.0796884020829,28.5004,28.6567208454854,0.255926922054672,0.120787992474001
"8869491","2005-12-12",9.68736985968759,0.567307692307693,0.376305967800811,0.373691836355065,29.3334606939478,28.0868726393854,28.7101666666666,0.884917320182251,57.9279555571992,28.5148,28.707824732754,0.337800843255542,0.164190562630309
"8869490","2005-12-13",9.40876895107933,0.538461538461541,0.492301083795929,0.392060275221786,29.3772110263931,28.1297889736068,28.7535,0.831216420091196,57.2539799611555,28.5324,28.7481147683868,0.389589851535477,0.209270420411343
"8869489","2005-12-14",10.0269599681989,0.71851851851852,0.60809591642925,0.49223432267533,29.4569052216175,28.1990947783824,28.828,1.07136325312925,63.503595936217,28.5716,28.8376994659353,0.539031662586353,0.275222668846345
"8869488","2005-12-15",9.56321535851758,0.481481481481483,0.57948717948718,0.559961393237453,29.4329283316649,28.3524050016684,28.8926666666666,0.883147673453198,56.5538257866875,28.5988,28.8726728704772,0.561135113960209,0.332405157869118
"8869487","2005-12-16",9.13259536381354,0.511111111111112,0.57037037037037,0.585984488762267,29.4563730509594,28.4079602823738,28.9321666666666,0.80633608850453,57.1845898300058,28.6452,28.9083164877469,0.582982261628007,0.382520578620896
"8869486","2005-12-19",8.80552628849462,0.37037037037037,0.45432098765432,0.534726179170623,29.4536801777282,28.4606531556051,28.9571666666666,0.596841943395572,53.23128221075,28.6724,28.9138742893807,0.540988711437373,0.414214205184191
"8869485","2005-12-20",8.3741022475258,0.300813008130082,0.394098163203853,0.472929840409515,29.4632863364325,28.4910469969007,28.9771666666666,0.629769143807197,53.0235130050442,28.7048,28.9173577174633,0.499162255857133,0.43120381531878
"8869484","2005-12-21",8.37949033552717,0.504065040650407,0.391749473050285,0.41338954130282,29.4992970694394,28.5150362638938,29.0071666666666,0.814449176738761,57.4905954300108,28.7572,28.9537100218015,0.529581783850208,0.450879409025065
"8869483","2005-12-22",8.38449356009987,0.54471544715447,0.449864498644985,0.411904044966375,29.5398398025902,28.526493530743,29.0331666666666,0.812660481550724,58.3437703257299,28.81,28.9918820188946,0.56101424250512,0.472906375721076
"8869482","2005-12-23",9.29015739945362,0.759398496240601,0.602726328015158,0.481446766570143,29.6479822274422,28.502351105891,29.0751666666666,1.03376692418417,63.6816925654332,28.8596,29.0702977497087,0.672420957793229,0.512809292135507
"8869481","2005-12-27",9.65356955209633,0.661654135338346,0.655256026244471,0.569282284301538,29.6963208694301,28.5463457972365,29.1213333333333,0.887254771082912,60.4899725312811,28.9028,29.1209247164142,0.716002102725288,0.553447854253463
"8869480","2005-12-28",9.99102369383599,0.714285714285715,0.711779448621553,0.656587267627061,29.7407584803368,28.5885748529964,29.1646666666666,0.860474948157466,61.6058452850278,28.9404,29.1741347542256,0.760893547516184,0.594936992906007
"8869479","2005-12-29",9.92075807722324,0.559633027522939,0.645190959048999,0.670742144638341,29.7413088599946,28.6823578066719,29.2118333333333,0.794159016153431,59.0405102779875,28.9736,29.2069167869955,0.759869267026314,0.627923447730069
"8869478","2005-12-30",9.85134539754782,0.0937500000000001,0.455889580602883,0.604286662757812,29.7321421789767,28.7248578210232,29.2284999999999,0.458469191938736,50.2518356239724,28.9876,29.1833278820628,0.643867062042092,0.631112170592473
"8869477","2006-01-03",9.90306874358165,0.0288461538461515,0.227409727123029,0.44283008892497,29.7209514333418,28.7847152333248,29.2528333333333,0.557499734930581,49.0423087581375,28.9972,29.1548841644544,0.529237300832563,0.610737196640491
"8869476","2006-01-04",10.3144148885569,0.605042016806723,0.24254605688429,0.308615121536734,29.8086662365589,28.775333763441,29.2919999999999,1.00774235816244,60.7440731212337,29.044,29.2222329425272,0.621965416189085,0.61298284055021
"8869475","2006-01-05",11.1088702808879,0.773722627737227,0.469203599463366,0.313053127823562,29.9607115334121,28.7156217999212,29.3381666666666,1.11454740657237,65.0081324350585,29.1012,29.3259352168569,0.779654208000102,0.646317114040189
"8869474","2006-01-06",12.2119482502413,0.720779220779221,0.699847955107722,0.470532537151793,30.0959558597537,28.7083774735795,29.4021666666666,1.07017799826654,65.5999031068017,29.1652,29.4224771879426,0.907054005292363,0.698464492290623
"8869473","2006-01-09",13.6360273911118,0.672413793103448,0.722305213873298,0.630452256148129,30.2157816832987,28.7395516500345,29.4776666666666,1.05704958902311,66.3356401216733,29.2208,29.514146896217,1.01201198763323,0.761173991359145
"8869472","2006-01-10",15.409300396604,0.839195979899497,0.744129664594054,0.722094277858358,30.4450841169703,28.6815825496963,29.5633333333333,1.15400187600412,71.7566749943623,29.2976,29.660260643388,1.21647558570317,0.85223431022795
"8869471","2006-01-11",17.1591296759,0.856435643564357,0.7893484721891,0.751927783552151,30.6575785629048,28.6297547704284,29.6436666666666,1.06858983718304,72.6116146431818,29.372,29.798892557603,1.38528242835732,0.958843933853823
"8869470","2006-01-12",19.4554632499242,0.760162601626016,0.818598075029956,0.784025403937703,30.892862272496,28.5814710608372,29.7371666666666,1.06221551481433,73.9334385135297,29.4432,29.9377068832559,1.53753605703697,1.07458235849045
"8869469","2006-01-13",21.6015841465023,0.838056680161943,0.818218308450771,0.808721618556609,31.1278619735496,28.5091380264503,29.8185,1.01736393781946,75.7350965820148,29.5356,30.0846792988218,1.69075819034576,1.19781752486152
"8869468","2006-01-17",22.859201753843,0.765182186234817,0.787800489340924,0.808205624273884,31.2896095329412,28.5183904670587,29.904,0.901508015142193,70.9800772648182,29.6272,30.1880553923122,1.74244341263476,1.30674270241617
"8869467","2006-01-18",24.026989532088,0.765182186234817,0.789473684210525,0.79849749400074,31.4226360350786,28.5606972982547,29.9916666666666,0.854654691569835,70.9800772648182,29.7092,30.2776480066706,1.76217986151588,1.39783013423611
"8869466","2006-01-19",25.8339286274085,0.683453237410072,0.737939203293235,0.771737792281561,31.5468628417323,28.647470491601,30.0971666666666,0.867720728316894,71.0969989060601,29.7824,30.3566282724478,1.7594746503542,1.47015903745973
"8869465","2006-01-20",27.5962704857709,0.887323943661972,0.77865312243562,0.768688669979793,31.7356401241755,28.7080265424911,30.2218333333333,0.954098020186738,77.2240502535295,29.8816,30.5077445027881,1.89871369881198,1.55586996973018
"8869464","2006-01-23",29.3611565802732,0.880546075085325,0.817107752052455,0.777900025927103,31.9173160117342,28.7613506549324,30.3393333333333,0.920579183631619,77.7163605819937,29.9668,30.6467119024164,1.99997636647367,1.64469124907887
"8869463","2006-01-24",31.1418996950374,0.82905982905983,0.865643282602374,0.820468052363483,32.0790300573166,28.8379699426833,30.4584999999999,0.893338379494276,78.1404017906679,30.0668,30.7738169820942,2.06791174549443,1.72933534836199
"8869462","2006-01-25",32.9356283974444,0.776190476190475,0.828598793445209,0.83711660936668,32.2414981128316,28.8855018871683,30.5634999999999,0.864472003071144,78.4059189555536,30.1664,30.887974717815,2.10397497109203,1.80426327290799
"8869461","2006-01-26",34.841320404436,0.838565022421525,0.814605109223942,0.836282395090509,32.4168426478839,28.9574906854493,30.6871666666666,0.891065537136414,80.8299347470114,30.2852,31.025578088773,2.18156821414288,1.87972426115497
"8869460","2006-01-27",36.8199800581257,0.786324786324785,0.800360094978927,0.81452133254936,32.5721133827676,29.0558866172323,30.8139999999999,0.870472882874042,81.0667091576589,30.4056,31.1488343436032,2.22363444182192,1.94850629728836
"8869459","2006-01-30",36.6326515304805,0.478260869565216,0.701050226103841,0.77200514343557,32.6142978344219,29.2300354989113,30.9221666666666,0.725898563470765,67.3337209204075,30.4976,31.1943230977895,2.11274928204406,1.9813548942395
"8869458","2006-01-31",35.8709517210723,0.359999999999999,0.541528551963332,0.6809796243487,32.5458714628247,29.5297952038419,31.0378333333333,0.653234410201083,63.3159735293247,30.5812,31.2124133514175,1.96075524631303,1.97723496465421
"8869457","2006-02-01",35.1636590409075,0.409937888198757,0.416066252587989,0.552881676885054,32.4523296023038,29.8540037310295,31.1531666666666,0.677101214191059,65.6605124420644,30.658,31.2507582378952,1.86261882200516,1.9543117361244
"8869456","2006-02-02",33.2642238478159,0,0.256645962732917,0.40474692242808,32.361290665491,30.0567093345089,31.2089999999999,0.380383190230421,48.8494600275461,30.706,31.1706571395092,1.54744807887983,1.87293900467548
"8869455","2006-02-03",31.5004625970879,0.00555555555555641,0.13849781458477,0.270403343301892,32.2980649856076,30.1902683477256,31.2441666666666,0.292437281596789,49.0148465527779,30.7516,31.102569520908,1.28537506661948,1.75542621706428
"8869454","2006-02-06",29.8626842928406,0.0111111111111128,0.00555555555555522,0.133566444291081,32.2376057456984,30.3093942543014,31.2734999999999,0.244063344606259,49.1917632027922,30.8016,31.0448935847869,1.06791737456462,1.61792444856435
"8869453","2006-02-07",28.3680965036,0.00555555555555641,0.00740740740740736,0.0504869258492443,32.1847207964713,30.4096125368619,31.2971666666666,0.204900627610989,49.0086236430348,30.8668,30.9935744401486,0.882765774886796,1.47089271382884
"8869452","2006-02-08",27.4009223688174,0,0.00555555555555522,0.00617283950617272,32.1887025134212,30.4009641532453,31.2948333333333,0.150489497091855,46.0542580775726,30.928,30.9277645147955,0.686341707070004,1.31398251247707
"8869451","2006-02-09",25.7529400542258,0.256410256410256,0.0873219373219363,0.0334283000949664,32.1799493066097,30.4457173600568,31.3128333333333,0.40995053056368,55.1526252206293,30.9816,30.9373959128228,0.653636977898464,1.18191340556135
"8869450","2006-02-10",23.9905749377129,0.184615384615384,0.147008547008545,0.0799620132953458,32.1800453878616,30.4449546121383,31.3124999999999,0.337184311073194,52.4834833754736,31.016,30.9270764577797,0.584427079514849,1.06241614035205
"8869449","2006-02-13",23.4001823283179,0.374358974358974,0.27179487179487,0.168708452041784,32.19286561819,30.4591343818099,31.3259999999999,0.567676771849819,58.2360936149684,31.0632,30.9674662634091,0.618966684867606,0.973726249255161
"8869448","2006-02-14",23.3465683542515,0.517948717948718,0.358974358974358,0.259259259259258,32.231161177054,30.4905054896126,31.3608333333333,0.702509894715707,61.986664073761,31.1192,31.0398040949546,0.710821900556491,0.921145379515427
"8869447","2006-02-15",23.2967839497613,0.589743589743588,0.494017094017092,0.374928774928773,32.2740125086522,30.526320824681,31.4001666666666,0.724963401881817,63.7400522616688,31.1608,31.1211635489606,0.810168680021905,0.898950039616723
"8869446","2006-02-16",22.9913151965989,0.660493827160495,0.589395378284266,0.480795610425239,32.3085365079307,30.5501301587358,31.4293333333333,0.68046643967061,61.9807299348289,31.1956,31.1810084090992,0.857818964344559,0.89072382456229
"8869445","2006-02-17",23.6523078021936,0.72248803827751,0.657575151727197,0.580329208009518,32.3996309685892,30.519702364744,31.4596666666666,0.895582398791963,67.3229652272172,31.2424,31.2915406212193,0.997279266831153,0.912034913016063
"8869444","2006-02-21",24.4976419435026,0.757847533632287,0.713609799690096,0.653526776567186,32.5125551355301,30.4771115311365,31.4948333333333,0.929963603402054,69.2279032016282,31.2884,31.4113352050567,1.13999567867595,0.957627066148041
"8869443","2006-02-22",25.3821548591651,0.847161572052401,0.775832381320732,0.715672444246008,32.6509441440917,30.4210558559082,31.5359999999999,0.957720986327165,71.6958746182808,31.3516,31.5484905110492,1.30097215110982,1.0262960831404
"8869442","2006-02-23",25.1845721555554,0.716157205240175,0.77372210364162,0.754388094884149,32.7206615264683,30.4023384735316,31.5614999999999,0.81711139900691,64.9627961657666,31.4028,31.6273584429093,1.33545792697387,1.08812845190709
"8869441","2006-02-24",25.2195713054256,0.742358078602622,0.768558951965065,0.772704478975806,32.7733932374705,30.3829400958628,31.5781666666666,0.832642649557202,65.6574473171875,31.456,31.7037106505214,1.3618341869061,1.14286959890689
"8869440","2006-02-27",26.1975987222704,0.791366906474821,0.749960730105871,0.764080595237519,32.9248496345783,30.3091503654216,31.6169999999999,0.987951099112747,70.8449116058805,31.5044,31.8365492304519,1.49172698557329,1.21264107624017
"8869439","2006-02-28",26.5598280322964,0.73021582733813,0.754646937471856,0.757722206514264,33.0697208546187,30.2712791453812,31.6704999999999,0.888132675081764,67.1319909011097,31.5436,31.9290093330583,1.53286323060258,1.27668550711265
"8869438","2006-03-01",26.6109966819497,0.65289256198347,0.724825098598806,0.743144255392178,33.1894486643958,30.2675513356041,31.7284999999999,0.818799702789443,65.1842640582334,31.5772,31.9971414219838,1.52455682042205,1.32625976977453
"8869437","2006-03-02",25.1422379000566,0.425619834710744,0.60290940801078,0.694127148027147,33.2224691337275,30.284197532939,31.7533333333333,0.621386554793306,54.7333269672168,31.5876,31.9828558990527,1.36343785643858,1.33369538710734
"8869436","2006-03-03",23.5696617946401,0.180487804878049,0.41966673385742,0.582467080155669,33.2173204533312,30.377012880002,31.7971666666666,0.504518290009821,50.1661944225248,31.5748,31.9318084458456,1.14936948481938,1.29683020664975
"8869435","2006-03-06",23.6073533630815,0,0.20203587986293,0.40820400724371,33.1962035816871,30.4277964183128,31.8119999999999,0.244016459702104,39.6104919398862,31.5264,31.7729006530662,0.753064758100752,1.18807711693995
"8869434","2006-03-07",23.6423526766342,0.039370078740158,0.0732859612060681,0.231662858308806,33.1762259045443,30.4714407621223,31.8238333333333,0.201578268082381,41.1608381563659,31.5004,31.6485138993241,0.458184087199198,1.0420985109918
"8869433","2006-03-08",23.3029748184511,0,0.0131233595800517,0.0961484002163499,33.1576632569514,30.5100034097152,31.8338333333333,0.174996015482048,39.6270286339765,31.4752,31.5220453794142,0.185836999927025,0.870846208778846
"8869432","2006-03-09",22.8124840170043,0.162790697674419,0.0673869254715247,0.0512654154192148,33.1051463423888,30.6231869909444,31.8641666666666,0.263291852601031,46.1143616214537,31.46,31.4684393288256,0.0762921495391256,0.711935396930902
"8869431","2006-03-10",21.9547470801874,0.15891472868217,0.107235142118862,0.0625818090568129,33.0964859748651,30.6485140251348,31.8725,0.275664640794962,45.987654713104,31.4784,31.4206474183155,-0.0130612844559286,0.566936060653536
"8869430","2006-03-13",20.8369081865041,0.352713178294573,0.224806201550387,0.133142756380258,33.0711792422913,30.7408207577086,31.906,0.411601583463308,52.9489226951323,31.5164,31.4458944292068,0.0440696092898873,0.462362770380806
"8869429","2006-03-14",19.3768268821029,0.341085271317829,0.28423772609819,0.205426356589146,33.0696386466857,30.7726946866476,31.9211666666666,0.424029491778695,52.5116154924022,31.5528,31.4637751719792,0.0806709685304607,0.386024410010737
"8869428","2006-03-15",18.9454786346165,0.426356589147287,0.373385012919895,0.294142980189491,33.0829720036347,30.7920279963652,31.9375,0.544741381576677,55.419395616352,31.5984,31.5086051490487,0.164148074773629,0.341649142963315
"8869427","2006-03-16",18.8801067563631,0.682170542635659,0.483204134366924,0.38027562446167,33.1474268027183,30.8022398639482,31.9748333333333,0.740990028267476,62.7820236709704,31.6768,31.6354577958422,0.394206617810022,0.352160637932657
"8869426","2006-03-17",18.3305835193935,0.625498007968129,0.578008379917024,0.478199175734614,33.1935885610796,30.825078105587,32.0093333333333,0.680422819051695,59.7240716574741,31.7276,31.7200634230632,0.521272818460039,0.385983074038133
"8869425","2006-03-20",17.1854461456793,0.479166666666667,0.59561173909015,0.552274751124699,33.1833699608638,30.8209633724694,32.0021666666666,0.524480685762352,53.5185273206461,31.7672,31.7373882999881,0.509009075655786,0.410588274361664
"8869424","2006-03-21",16.962095596462,0.342995169082125,0.482553281238973,0.552057800082049,33.1444578088772,30.7842088577894,31.9643333333333,0.351286873853637,47.9031074869621,31.7744,31.6937365266564,0.382953419796372,0.405061303448606
"8869423","2006-03-22",16.8787330415067,0.309178743961352,0.377113526570047,0.48509284896639,33.0742013634002,30.7564653032664,31.9153333333333,0.353880399717703,47.0571783068074,31.7676,31.6465716564355,0.262122270954257,0.376473496949736
"8869422","2006-03-23",16.8013249547624,0.415458937198067,0.35587761674718,0.405181474852067,33.0341265344504,30.7362067988828,31.8851666666666,0.416518697165939,50.0430786572732,31.764,31.6350287689108,0.219892337296868,0.345157265019162
"8869421","2006-03-24",16.2104245084016,0.512077294685991,0.412238325281802,0.381743156199676,32.9881789903693,30.7341543429639,31.8611666666666,0.5142707697113,52.657133950034,31.7716,31.6516915997227,0.234731817615641,0.323072175538458
"8869420","2006-03-27",15.683733631466,0.507246376811594,0.478260869565216,0.415458937198066,32.8334633891478,30.7872032775187,31.8103333333333,0.532416862820326,52.5091859576632,31.7612,31.6647993864263,0.241139824799652,0.306685705390697
"8869419","2006-03-28",15.4662264925072,0.313253012048192,0.444192227848591,0.444897140898536,32.6898752388606,30.8364580944727,31.7631666666666,0.527067121300035,50.669415328742,31.7388,31.6601594682362,0.213167801248892,0.287982124562336
"8869418","2006-03-29",14.6011291389819,0.403614457831325,0.408037948897036,0.443497015436947,32.5689266932562,30.8907399734104,31.7298333333333,0.657014709319275,52.8913131866663,31.7124,31.6761382058047,0.226612400294424,0.275708179708753
"8869417","2006-03-30",13.7978244535655,0.412587412587412,0.376484960822308,0.409571712522645,32.5626017902028,30.8923982097971,31.7275,0.701073292665198,55.0706418230065,31.704,31.7099864450307,0.272285569523789,0.275023657671761
"8869416","2006-03-31",13.3370405567806,0.601398601398602,0.472533490605778,0.419018800108374,32.6305021391873,30.8774978608126,31.754,0.834283268574422,58.7681702673442,31.704,31.7753215856933,0.372692223156146,0.294557370768638
"8869415","2006-04-03",13.6543720261805,0.521739130434782,0.511908381473597,0.453642277633895,32.6918793591566,30.9494539741767,31.8206666666666,0.853530202963126,58.3848757701644,31.6832,31.8292787076008,0.441835824068693,0.324013061428649
"8869414","2006-04-04",13.4271072317776,0.409937888198757,0.511025206677379,0.498489026252251,32.6988012971832,31.0721987028167,31.8855,0.763022655204835,54.9135367994037,31.662,31.8520415465874,0.44574039763785,0.348358528670489
"8869413","2006-04-05",13.2397239669893,0.621118012422361,0.517598343685299,0.513510643945425,32.7102903813753,31.2177096186246,31.964,0.888142034113936,59.7781648574308,31.658,31.9171026737091,0.5286717424694,0.384421171430271
"8869412","2006-04-06",12.8810197685345,0.583850931677018,0.538302277432711,0.52230860926513,32.7274664924231,31.3182001742435,32.0228333333333,0.805478101936128,58.5770406612479,31.6736,31.9654889838812,0.572385351972504,0.422014007538718
"8869411","2006-04-07",12.1487530620801,0.50310559006211,0.569358178053829,0.54175293305728,32.7202688028401,31.4323978638265,32.0763333333333,0.746142676565753,55.9537216840998,31.6956,31.990090452697,0.567558438232196,0.451122893677413
"8869410","2006-04-10",11.527794115713,0.677018633540371,0.587991718426499,0.565217391304346,32.7768326348315,31.4645006985017,32.1206666666666,0.855093088188725,60.0985946815748,31.7632,32.0487450590041,0.626946986782606,0.486287712298452
"8869409","2006-04-11",11.0749335796947,0.669064748201439,0.616396323934639,0.591248740138322,32.8350642909241,31.4956023757424,32.1653333333333,0.854371155526521,60.9466768018502,31.8292,32.1075790511369,0.680993889691361,0.525228947777034
"8869408","2006-04-12",10.6544202248206,0.696969696969694,0.681017692903834,0.628468578421657,32.8972947076157,31.4957052923842,32.1965,0.833074242898925,61.8205807805685,31.9032,32.1665685109853,0.730206673335521,0.566224492888731
"8869407","2006-04-13",9.96371576160773,0.636363636363634,0.667466027178255,0.654960014672242,32.900818618002,31.4945147153313,32.1976666666666,0.760019662871074,59.8960394288134,31.9572,32.2070260428539,0.7404026047928,0.601060115269545
"8869406","2006-04-17",10.1607016513476,0.489051094890509,0.607461476074611,0.651981732052233,32.9134426449752,31.4915573550247,32.2025,0.732672308850507,55.9126920072044,32.0048,32.2194225704734,0.697780102519818,0.6204041127196
"8869405","2006-04-18",11.5501962301741,0.568047337278108,0.564487356177416,0.61313828647676,33.0327539633938,31.4645793699395,32.2486666666666,0.968485250133028,62.8071211767815,32.05,32.2888328944103,0.765142770738225,0.649351844323325
"8869404","2006-04-19",13.1735397660906,0.705882352941177,0.587660261703263,0.586536364651764,33.1845303973701,31.4811362692965,32.3328333333333,1.0658310765832,67.6379086001945,32.112,32.4009885084889,0.904872975277105,0.700456070514081
"8869403","2006-04-20",15.1176363666753,0.666666666666668,0.646865452295316,0.599671023391999,33.3341803591158,31.5184863075507,32.4263333333333,1.06195223664133,68.8662043902322,32.1696,32.5128567073571,1.0302054844312,0.766405953297505
"8869402","2006-04-21",16.1564081479411,0.564516129032257,0.645688382880033,0.626738032292871,33.422174655838,31.5898253441619,32.506,0.926046857819155,64.3247975438499,32.1932,32.5844758130428,1.06942327596404,0.827009417830813
"8869401","2006-04-24",16.6633033311655,0.5,0.57706093189964,0.62320492235833,33.4714849655109,31.6608483678224,32.5661666666666,0.792990874412507,61.5634593061034,32.2196,32.6305457046371,1.05829950235994,0.873267434736638
"8869400","2006-04-25",17.2990506344435,0.52046783625731,0.528327988429854,0.583692434403176,33.5184821863222,31.7455178136777,32.632,0.816607226853697,63.1260904902656,32.2672,32.6851396106855,1.06416971576879,0.911447890943069
"8869399","2006-04-26",18.3402032991862,0.508771929824564,0.509746588693957,0.538378503007817,33.5443962440113,31.8629370893219,32.7036666666666,0.822933803349115,62.6275509422189,32.3316,32.7297876625941,1.05153729152754,0.939465771059963
"8869398","2006-04-27",18.37676413454,0.36842105263158,0.46588693957115,0.501320505564987,33.5491673696046,31.968499297062,32.7588333333333,0.713728194553799,56.8277012310882,32.3892,32.7364826409149,0.971090013206122,0.945790619489195
"8869397","2006-04-28",19.3743685104838,0.372340425531916,0.416511135996019,0.464048221420375,33.5939118191686,32.056754847498,32.8253333333333,0.869513335637232,60.443965655182,32.4468,32.7716182887929,0.950522994068748,0.946737094405105
"8869396","2006-05-01",20.6236840989568,0.70873786407767,0.483166447413721,0.455188174326963,33.7865906189543,32.0260760477123,32.9063333333333,1.09849925918156,69.8419358036671,32.5268,32.9034025169538,1.1078251974467,0.978954715013424
"8869395","2006-05-02",21.4441831837808,0.665048543689322,0.582042277766301,0.493906620392014,33.9229452264338,32.0323881068994,32.9776666666666,0.968468610398201,67.7879959984607,32.6036,33.0056155146933,1.19563720473661,1.02229121295806
"8869394","2006-05-03",22.5610005518486,0.654205607476638,0.675997338414542,0.580402021198188,34.042388887319,32.0762777793475,33.0593333333333,0.951313931209542,68.1245012612111,32.6864,33.0982001127342,1.25733079646322,1.06929912965909
"8869393","2006-05-04",24.1392342367016,0.696356275303644,0.671870142156534,0.643303252779126,34.2303214504573,32.061011882876,33.1456666666666,1.01829086550655,71.5397773439215,32.776,33.2211067643697,1.36751763910024,1.12894283154732
"8869392","2006-05-05",26.1761625389565,0.800813008130081,0.717124963636787,0.688330814735954,34.5390712144946,31.9942621188387,33.2666666666666,1.13135056747844,77.2099669219526,32.8872,33.4196258624537,1.60190536540481,1.22353533831882
"8869391","2006-05-08",28.0282633641233,0.793388429752066,0.763519237728596,0.717504781173972,34.7619678488254,32.0136988178412,33.3878333333333,1.01990300702901,76.9706243860527,32.9872,33.5903424141265,1.76256812013627,1.33134189468231
"8869390","2006-05-09",29.0012876006055,0.714876033057849,0.769692490313331,0.750112230559571,34.9206966406933,32.06263669264,33.4916666666666,0.909951746276258,72.3796856363322,33.0804,33.7129634255763,1.82170911459516,1.42941533866488
"8869389","2006-05-10",29.5254071182166,0.673553719008262,0.727272727272725,0.753494818438217,35.0352895255597,32.1413771411069,33.5883333333333,0.840369668857926,70.0127591754248,33.1768,33.8059016354995,1.82272243042683,1.50807675701727
"8869388","2006-05-11",27.8420766793918,0.380165289256199,0.589531680440769,0.695498966008942,35.0478297326903,32.2628369339763,33.6553333333333,0.624955439798884,56.0083734312471,33.2312,33.7917814174329,1.63504685221663,1.53347077605714
"8869387","2006-05-12",26.1033382687575,0.260330578512395,0.438016528925617,0.584940312213037,35.0059225778597,32.4037440888069,33.7048333333333,0.441779551004159,51.4789695398105,33.2764,33.7408772284418,1.40099537459746,1.5069756957652
"8869386","2006-05-15",25.1684717951473,0.123966942148759,0.254820936639116,0.427456382001834,34.9460398032637,32.5376268634029,33.7418333333333,0.305473558024045,46.8372382743072,33.3136,33.6527602646496,1.12356409214898,1.43029337504196
"8869385","2006-05-16",24.2487606410464,0.185950413223139,0.190082644628096,0.29430670339761,34.9277112627263,32.595622070607,33.7616666666666,0.336341308061296,49.0845421671477,33.3456,33.596392229363,0.928861046484886,1.33000690933054
"8869384","2006-05-17",24.5114933649059,0,0.103305785123965,0.182736455463726,34.9515173600297,32.5321493066369,33.7418333333333,0.152044122781257,41.2059567720354,33.35,33.4635399321146,0.615678399273478,1.18714120731913
"8869383","2006-05-18",24.7554594656325,0.0192307692307681,0.0683937274846345,0.120594052412232,34.9835216039482,32.4338117293851,33.7086666666666,0.137082892228328,42.0016276198329,33.354,33.355067941166,0.374634138344732,1.02463979352425
"8869382","2006-05-19",24.2130593481381,0,0.006410256410255,0.0593699230062847,35.0078396725289,32.3611603274711,33.6845,0.167067086040454,40.6967574846699,33.3568,33.2463922156772,0.154670282532221,0.850645891325845
"8869381","2006-05-22",23.0598308866469,0.0939849624060149,0.03773857721226,0.0375141870357164,35.0095030980454,32.3554969019545,33.6825,0.264192964487012,44.8874310565167,33.3764,33.1855399202536,0.0402910123068478,0.688574915522046
"8869380","2006-05-23",22.2524150548129,0.0451127819548862,0.046365914786966,0.0301715828031602,35.0189571068579,32.3223762264754,33.6706666666666,0.235220254213665,43.1787406089462,33.3732,33.1154679308864,-0.081264260157754,0.534607080386086
"8869379","2006-05-24",22.2258986673968,0,0.046365914786966,0.0434901355953972,35.0540651949808,32.2236014716858,33.6388333333333,0.136514213248557,38.4500443018989,33.3388,33.0027388734349,-0.270092954469359,0.373667073414997
"8869378","2006-05-25",21.3322321622867,0.291366906474819,0.112159896143234,0.0682972419057219,35.0514362102226,32.243230456444,33.6473333333333,0.364444880452791,50.5602789656147,33.3324,33.0130403569769,-0.219262497859729,0.255081159160052
"8869377","2006-05-26",20.048849388351,0.448148148148147,0.246505018207654,0.135010276379285,35.0571746754564,32.2581586578769,33.6576666666666,0.479397521734622,55.2434602791909,33.3496,33.0753016427133,-0.0803158872075938,0.188001749886523
"8869376","2006-05-30",19.8982930922753,0.243346007604561,0.327620354075841,0.228761756142243,35.0260259958153,32.209307337518,33.6176666666666,0.337517792088154,48.2321226128466,33.3488,33.0532614236849,-0.108215675091072,0.128758264891004
"8869375","2006-05-31",19.663541226476,0.350427350427351,0.347307168726685,0.307144180336727,34.9995549110873,32.178778422246,33.5891666666666,0.395123440476913,50.3740804111687,33.3508,33.0581599005269,-0.0853855555050131,0.0859295008118003
"8869374","2006-06-01",18.3190169691298,0.557213930348258,0.383662429460056,0.35286331742086,34.9779009496176,32.1744323837157,33.5761666666666,0.539415458886908,53.8047677493185,33.3656,33.1024052471233,0.0058399238650475,0.0699115854224497
"8869373","2006-06-02",18.0389988696246,0.701550387596898,0.536397222790835,0.422455606992525,34.9881183538015,32.1708816461984,33.5795,0.768762175582645,60.5584293055253,33.4176,33.2327512141735,0.243000602738985,0.104529388885757
"8869372","2006-06-05",17.1550522083168,0.57751937984496,0.612094565930038,0.510718072726976,34.8433043326693,32.2380290006639,33.5406666666666,0.713413144157809,56.4374972353369,33.448,33.3030510522837,0.348613548066523,0.15334622072191
"8869371","2006-06-06",16.2761151747137,0.410852713178293,0.563307493540049,0.57059976075364,34.6431892679453,32.3141440653879,33.4786666666666,0.542077328465946,51.3780652732015,33.4308,33.3066442453126,0.32425570066279,0.187528116710086
"8869370","2006-06-07",15.2228272168679,0.515503875968992,0.501291989664081,0.558898016378055,34.4842316298783,32.391101703455,33.4376666666666,0.693808641090855,54.1570524278976,33.428,33.3457583459376,0.366080366010935,0.223238566570256
"8869369","2006-06-08",14.3742105087577,0.43798449612403,0.454780361757104,0.506459948320411,34.3172421566076,32.4747578433923,33.396,0.686704438964657,51.795501786621,33.416,33.3529905664792,0.346784282970325,0.24794770985027
"8869368","2006-06-09",13.6398056654194,0.709302325581395,0.554263565891471,0.503445305770885,34.380629920225,32.4417034131082,33.4111666666666,0.961853503324205,58.5999893463102,33.4192,33.452591824282,0.494791331173672,0.29731643411495
"8869367","2006-06-12",12.9755046857035,0.728682170542634,0.625322997416019,0.544788975021531,34.501077379991,32.4002559533422,33.4506666666666,0.924913157940643,59.0446970456157,33.3968,33.5455795810444,0.616454246280629,0.361143996548086
"8869366","2006-06-13",13.0222587768829,0.43798449612403,0.625322997416019,0.601636520241169,34.5321453137633,32.4195213529033,33.4758333333333,0.642397955768192,50.3141701910199,33.3448,33.5261689702385,0.526208681008589,0.394156933440186
"8869365","2006-06-14",13.518073825945,0.0876288659793821,0.418098510882014,0.55624816857135,34.5298556812247,32.4118109854419,33.4708333333333,0.409901177386266,47.1132419227437,33.2876,33.4666797742067,0.373308459359212,0.389987238623991
"8869364","2006-06-15",13.1391526257022,0.27319587628866,0.266269746130689,0.436563751476241,34.5378311190298,32.4805022143035,33.5091666666666,0.5765555763292,50.897869660399,33.2488,33.4631224709791,0.335009997921776,0.378991790483548
"8869363","2006-06-16",12.7321022733285,0.288659793814433,0.216494845360824,0.300287700791176,34.5302682220994,32.5793984445671,33.5548333333333,0.572702614478339,51.2111980977743,33.2396,33.4640394748486,0.308339537244784,0.364861339835795
"8869362","2006-06-19",12.7820880289805,0.067796610169494,0.209884093424195,0.230882894971902,34.502153889306,32.6738461106939,33.588,0.433636264772988,48.2283633410575,33.2312,33.4288342115354,0.219537513624912,0.335796574593619
"8869361","2006-06-20",13.1321202534011,0,0.118818801327975,0.181732580037664,34.4943078631405,32.6970254701928,33.5956666666666,0.285416766903225,46.086984691994,33.228,33.371656316664,0.0996239892580908,0.288562057526513
"8869360","2006-06-21",13.283035822163,0.0324324324324336,0.0334096808673081,0.120704191873159,34.4749279249193,32.748405408414,33.6116666666666,0.305968357320913,46.8494232713681,33.2212,33.3301021411088,0.0187716888154332,0.234603983784297
"8869359","2006-06-22",13.4733928250627,0.0169491525423735,0.0164605283249346,0.0562296701734056,34.3975459064571,32.8877874268761,33.6426666666666,0.226667097918097,46.4953643157636,33.2384,33.2900885222943,-0.0520521485232739,0.177272757322783
"8869358","2006-06-23",13.6011187515666,0.0578034682080934,0.0357283510609657,0.0285328534177359,34.396752134267,32.890247865733,33.6435,0.260925558467136,47.4924997435078,33.2564,33.2647433859884,-0.0902230069872334,0.12377360446078
"8869357","2006-06-26",13.343988693728,0.271676300578034,0.115476307109499,0.0558883954984664,34.3960335279719,32.8889664720281,33.6425,0.45852871990435,52.528482325979,33.2936,33.2921109345233,-0.0303768853472941,0.092943506499165
"8869356","2006-06-27",12.4884124306242,0.23121387283237,0.186897880539498,0.112700846236654,34.3860808613735,32.9449191386265,33.6655,0.468428248348672,51.5217034627266,33.318,33.3064961432535,5.44311336669878e-05,0.0743656914260654
"8869355","2006-06-28",12.0423563182897,0.138728323699423,0.213872832369941,0.172082340006313,34.3806385868258,32.9680280798408,33.6743333333333,0.355350549692974,49.2004889315631,33.3412,33.2976299908197,-0.0144400167625403,0.0566045497883443
"8869354","2006-06-29",11.4667169136399,0.369942196531793,0.246628131021194,0.215799614643544,34.3923099229498,32.9720234103835,33.6821666666666,0.613474756847112,54.6957542262044,33.396,33.3432793253771,0.0701486739742352,0.0593133746255225
"8869353","2006-06-30",11.0415125659877,0.607843137254901,0.372171219162038,0.277557394184391,34.3353676314862,33.0006323685137,33.668,0.788696450916587,58.2241486752437,33.43,33.4215087486602,0.204763222944715,0.088403344289361
"8869352","2006-07-03",11.0803081820996,0.746666666666665,0.574817333484452,0.397872227889228,34.3649741152179,32.986025884782,33.6755,0.914204575675883,60.4002112562139,33.4556,33.5146409155055,0.352805922557864,0.141283859943062
"8869351","2006-07-05",10.8498079228557,0.680000000000002,0.678169934640522,0.541719495762337,34.4266480815724,32.9843519184276,33.7055,0.826678166874807,58.6680868512886,33.5,33.5820221267714,0.440589638142086,0.201145015582866
"8869350","2006-07-06",10.580683017938,0.666666666666667,0.697777777777777,0.650255015300916,34.4651533653016,32.9761799680316,33.7206666666666,0.786103163952496,58.3079372157102,33.5364,33.6377525098686,0.499353956068771,0.260786803680047
"8869349","2006-07-07",11.3294508393908,0.684210526315788,0.676959064327485,0.684302258915261,34.577129724952,32.9402036083813,33.7586666666666,0.952881364545918,62.0693207244691,33.5728,33.7260521752194,0.610463981030929,0.330722239150224
"8869348","2006-07-10",12.343314162634,0.826086956521739,0.725654716501397,0.700130519535553,34.6995099003351,32.8701567663315,33.7848333333333,1.07133127947763,66.5154852387612,33.598,33.8572452185235,0.786699171641025,0.421917625648384
"8869347","2006-07-11",13.9655400098104,0.751020408163265,0.753772630333597,0.718795470387493,34.8706027087666,32.7720639579,33.8213333333333,1.09660561401737,68.0875687388419,33.6424,33.992279189387,0.952387807304889,0.528011661979685
"8869346","2006-07-12",15.4718925821885,0.808163265306123,0.795090209997041,0.758172518944011,35.0921786440394,32.6894880226272,33.8908333333333,1.03100192008219,69.4395899746606,33.7096,34.1279752974688,1.10302383234056,0.643014096051859
"8869345","2006-07-13",16.4690453813382,0.752100840336136,0.770428171268507,0.773097003866381,35.2525027846909,32.7088305486423,33.9806666666666,0.930873122907764,66.8261764894068,33.7612,34.2295785911396,1.17952863453628,0.750317003748742
"8869344","2006-07-14",16.6052165035522,0.625000000000001,0.728421368547419,0.764646583270989,35.3496526083257,32.7256807250075,34.0376666666666,0.793067164663206,61.6227933332594,33.8108,34.2843014456543,1.16735667777128,0.83372493855325
"8869343","2006-07-17",16.6698874789432,0.616071428571428,0.664390756302521,0.721080098706148,35.4271640904155,32.7531692429178,34.0901666666666,0.74551281413813,61.2121624718943,33.8316,34.3290612529004,1.13966157767533,0.894912266377667
"8869342","2006-07-18",16.4429234910147,0.575892857142858,0.605654761904762,0.666155628918233,35.4801098976254,32.8222234357079,34.1511666666666,0.701475874787255,59.2972797816477,33.8468,34.355853085847,1.08395420805927,0.932720654713987
"8869341","2006-07-19",17.5460290356583,0.539603960396039,0.577189415370107,0.61574497785913,35.5516537220309,32.9336796113024,34.2426666666666,0.80456119870166,62.1322355518105,33.9,34.4057393410674,1.07422653500759,0.961021830772708
"8869340","2006-07-20",18.6533014508305,0.707865168539324,0.60778732869274,0.596877168655869,35.6639862903192,33.0300137096807,34.347,0.885855699791298,67.703905472353,33.9844,34.5103074289251,1.16047324813466,1.0009121142451
"8869339","2006-07-21",20.4972669751609,0.603524229074888,0.616997786003416,0.600658176688754,35.8014582128115,33.1365417871884,34.469,0.950670793444959,69.589460431347,34.0616,34.6249331050684,1.2555805003579,1.05184579146766
"8869338","2006-07-24",22.596973018652,0.803846153846155,0.705078517153455,0.643287877283203,36.0486423896212,33.1870242770454,34.6178333333333,1.07385947462729,75.700681071438,34.1664,34.820275357726,1.47989184451722,1.13745500207757
"8869337","2006-07-25",25.1688112198338,0.803680981595092,0.737017121505377,0.686364474887416,36.4259911796245,33.1350088203754,34.7805,1.12377524679341,79.039769687382,34.3032,35.0602386433625,1.75712868692479,1.26138973904702
"8869336","2006-07-26",27.6542728892063,0.824675324675325,0.81073415337219,0.750943264010341,36.7741669713032,33.1268330286968,34.9505,1.06740074601481,80.2527979196138,34.4568,35.2975401575808,2.00084733840813,1.40928125891924
"8869335","2006-07-27",29.0320930178139,0.683673469387755,0.770676591886057,0.772809288921208,36.9889280468159,33.250071953184,35.1195,0.962842098402085,73.9665236744893,34.596,35.4632014699034,2.09870238004799,1.54716548314499
"8869334","2006-07-28",30.3114974229496,0.755102040816327,0.754483611626468,0.778631452294905,37.1969189304718,33.3470810695281,35.272,0.921143277170625,75.418072971092,34.7448,35.6347746072496,2.19672700733042,1.67707778798208
"8869333","2006-07-31",31.6484597275546,0.741496598639456,0.726757369614512,0.750639191042346,37.3803578321772,33.4493088344894,35.4148333333333,0.880348010809877,74.5652449645201,34.8892,35.7781379929497,2.23786830970603,1.78923589232687
"8869332","2006-08-01",33.0377644510512,0.738095238095239,0.744897959183673,0.742046313474884,37.5465222313731,33.5531444352935,35.5498333333333,0.849787424246373,74.338922856991,35.0184,35.901052927223,2.24110756328224,1.87961022651794
"8869331","2006-08-02",34.3856101884154,0.81081081081081,0.763467549181835,0.745040959326673,37.7003818242752,33.6932848423914,35.6968333333333,0.854329665529054,76.1332296578591,35.1596,36.03824587026,2.26791729199554,1.95727163961346
"8869330","2006-08-03",34.4037241906736,0.689189189189189,0.746031746031745,0.751465751465751,37.7444248168166,33.9075751831834,35.826,0.735609962943483,68.1059858648723,35.2928,36.109146420892,2.18261363788976,2.00234003926872
"8869329","2006-08-04",34.6471281462154,0.648648648648649,0.716216216216215,0.741905170476598,37.7888555739122,34.0831444260877,35.936,0.70616825476226,65.6222426341169,35.4052,36.154593564773,2.06409804439223,2.01469164029342
"8869328","2006-08-07",33.6426503824622,0.47463768115942,0.604158506332419,0.688802156193459,37.797875283113,34.2227913835536,36.0103333333333,0.5856856347822,57.8584251848143,35.4896,36.1393144228033,1.85725653245394,1.98320461872553
"8869327","2006-08-08",32.8015429829953,0.43913043478261,0.520805588196892,0.613726770248508,37.8216403708094,34.3356929625238,36.0786666666666,0.603654269847713,59.8545223847372,35.5728,36.1474058330962,1.70937989261635,1.92843967350369
"8869326","2006-08-09",32.1531903014708,0.424528301886794,0.446098805942941,0.52368763349075,37.846060605723,34.4456060609436,36.1458333333333,0.607093525842242,60.7308868479398,35.6628,36.1637517220167,1.5894650875522,1.86064475631339
"8869325","2006-08-10",31.7984340668722,0.234482758620692,0.366047165096698,0.444317186412177,37.8617363498236,34.584930316843,36.2233333333333,0.623087338485672,62.1299065626937,35.758,36.1925848257478,1.50158992678797,1.78883379040831
"8869324","2006-08-11",31.4690175633163,0.351724137931032,0.336911732812839,0.383019234617492,37.8285235836821,34.8038097496512,36.3161666666666,0.614776698132812,64.2496991155922,35.848,36.2402401823148,1.45293330696257,1.72165369371916
"8869323","2006-08-14",31.9946812827863,0.420689655172413,0.335632183908045,0.346197027272527,37.7699611737999,35.0763721595333,36.4231666666666,0.672075248876166,65.4739750903187,35.9256,36.2948748246728,1.42001627449591,1.66132620987451
"8869322","2006-08-15",32.889300552543,0.706250000000001,0.492887931034481,0.388477282585121,37.6972417274417,35.4130916058915,36.5551666666666,0.837762388172823,71.0296990509221,36.0176,36.4115581813831,1.49172212056981,1.62740539201357
"8869321","2006-08-16",34.1157114300816,0.717277486910992,0.614739047361135,0.481086387434553,37.6798328736976,35.6855004596357,36.6826666666666,0.954955917547063,73.1751745805779,36.1136,36.5446837571987,1.58242044127221,1.6184084018653
"8869320","2006-08-17",35.3390835843135,0.686868686868685,0.703465391259892,0.603697456551836,37.6704143467816,35.919252319885,36.7948333333333,0.963596926420405,72.9328112263394,36.214,36.6587259229055,1.63223735146087,1.62117419178441
"8869319","2006-08-18",36.6442502645189,0.731132075471701,0.711759416417125,0.67665461834605,37.7146930682034,36.0859735984632,36.9003333333333,1.04009710266862,74.6507459405393,36.332,36.7828957998515,1.69302643944742,1.63554464131701
"8869318","2006-08-21",37.856190753281,0.820754716981134,0.746251826440506,0.720492211372508,37.8516218428838,36.1133781571161,36.9825,1.02974927558946,76.2725530438958,36.4584,36.9158430265379,1.76144242089273,1.66072419723216
"8869317","2006-08-22",38.9815640642744,0.825471698113209,0.792452830188681,0.750154691015437,37.9909965083735,36.0816701582931,37.0363333333333,0.957578489203766,76.3582852638219,36.5888,37.0323972896662,1.79608607636428,1.68779657305858
"8869316","2006-08-23",38.2359698015534,0.580357142857144,0.742194519317162,0.760299725315449,38.0596930528702,36.0763069471297,37.068,0.795118197933952,64.9801528427707,36.6932,37.0734109843774,1.70533698739672,1.69130465592621
"8869315","2006-08-24",37.4724710304073,0.571428571428571,0.659085804132974,0.731244384546272,38.0969688676493,36.0983644656839,37.0976666666666,0.672954020478881,64.5199902881805,36.7784,37.1062895197937,1.61035582116271,1.67511488897351
"8869314","2006-08-25",37.1063442484115,0.576923076923075,0.576236263736263,0.659172195728799,38.1442863630463,36.1170469702869,37.1306666666666,0.708493712275089,65.5702790636115,36.8596,37.1454509171546,1.53464341124925,1.64702059342866
"8869313","2006-08-28",36.9609957965974,0.547263681592038,0.565205109981227,0.600175725950154,38.188874674069,36.1381253259309,37.1635,0.696594804251794,64.7956623226934,36.9108,37.1753907948673,1.45126267985027,1.60786901071298
"8869312","2006-08-29",37.5550358682469,0.691542288557215,0.605243015690775,0.582228129802755,38.2937163152974,36.1362836847025,37.215,0.853043082720357,69.9013101835549,36.9568,37.2546720222183,1.45493343508336,1.57728189558706
"8869311","2006-08-30",38.3108210427807,0.762626262626264,0.667144077591838,0.61253073442128,38.4320078408609,36.1079921591391,37.27,0.907340911729712,72.9628396679365,37.0056,37.3620490859225,1.50269076610732,1.56236366969111
"8869310","2006-08-31",39.0855831015408,0.83419689119171,0.762788480791729,0.67839185802478,38.5788993462275,36.1247673204391,37.3518333333333,0.913520268131208,74.8619049738445,37.0744,37.4817758744662,1.56482183382307,1.5628553025175
"8869309","2006-09-01",39.8203452300983,0.760563380281688,0.785795511366553,0.73857602325004,38.6989910337234,36.1710089662765,37.435,0.867223069058761,74.5798362482039,37.1344,37.5842057578707,1.59272261469035,1.56882876495207
"8869308","2006-09-05",39.1468479506455,0.48031496062992,0.691691744034438,0.746758578730907,38.7086586006103,36.3393413993896,37.524,0.74170113920233,66.0088483891559,37.1832,37.6303116568213,1.528086982643,1.56068040849026
"8869307","2006-09-06",36.5447668579187,0,0.413626113637202,0.630371123012731,38.6530131700464,36.5016534966202,37.5773333333333,0.467152555874548,53.0762703798471,37.2072,37.5862701025785,1.32642505260336,1.51382933731288
"8869306","2006-09-07",34.049553755159,0,0.160104986876639,0.421807614849426,38.5849612814505,36.6587053852161,37.6218333333333,0.384837038647386,52.5483030672603,37.2208,37.544100755568,1.14698175564529,1.44045982097936
"8869305","2006-09-08",32.1176728533589,0.143939393939392,0.0479797979797967,0.207236966164546,38.5184076004684,36.8202590661981,37.6693333333333,0.445430764861547,55.5631608258866,37.2564,37.5328873214923,1.0337334573566,1.35911454825481
"8869304","2006-09-11",31.2074062823612,0.196969696969695,0.113636363636362,0.107240382830932,38.4366096735068,37.0110569931598,37.7238333333333,0.520693728409159,56.6557961370708,37.2996,37.5325023452933,0.948122846987864,1.27691620800142
"8869303","2006-09-12",30.4660216897765,0.431818181818182,0.257575757575756,0.139730639730638,38.3856095838523,37.1710570828143,37.7783333333333,0.663297455782161,61.2051946974632,37.3716,37.5735020325875,0.936085820752997,1.20875013055174
"8869302","2006-09-13",29.2725816611376,0.310606060606058,0.313131313131311,0.228114478114476,38.3738741834531,37.2321258165468,37.803,0.514889445426673,57.8313193860698,37.4308,37.5877017615758,0.881917506508145,1.14338360574302
"8869301","2006-09-14",28.3978092106582,0.462121212121212,0.40151515151515,0.324074074074072,38.3902809324804,37.2553857341862,37.8228333333333,0.644359878850167,60.7443035748294,37.4952,37.6266748600324,0.871805879772736,1.08906806054896
"8869300","2006-09-15",28.1737146933886,0.636363636363633,0.469696969696967,0.394781144781142,38.4387415383455,37.2692584616545,37.854,0.821509569051578,63.8380353341445,37.5644,37.6911182120281,0.902513715980025,1.05175719163517
"8869299","2006-09-18",27.1893648034211,0.45454545454545,0.517676767676764,0.46296296296296,38.4547054755849,37.2779611910817,37.8663333333333,0.636251635503848,58.6443653640231,37.6172,37.714969117091,0.865312092661297,1.0144681718404
"8869298","2006-09-19",25.9691435292118,0.378787878787879,0.489898989898987,0.492424242424239,38.4553473754578,37.2783192912087,37.8668333333333,0.539506279095889,56.5788776956246,37.662,37.7223065681455,0.805112267990604,0.97259699107044
"8869297","2006-09-20",25.7284948103366,0.548872180451126,0.460735171261484,0.489436976279078,38.4874151026608,37.2752515640058,37.8813333333333,0.762890820012878,60.0629327175231,37.6952,37.7593323590595,0.797359336239212,0.937549460104194
"8869296","2006-09-21",24.621205465508,0.323308270676692,0.416989443305232,0.455874534821901,38.4934374909189,37.298562509081,37.896,0.542403320378141,53.9789685916261,37.7068,37.7514213778515,0.718754608513961,0.893790489786147
"8869295","2006-09-22",23.3712352928013,0.263157894736838,0.378446115288218,0.418723576618311,38.4762998414011,37.3483668252655,37.9123333333333,0.373810473408308,52.4531424950223,37.7156,37.7338985274713,0.632079992789514,0.841448390386821
"8869294","2006-09-25",23.4897595948838,0.391608391608388,0.326024852340639,0.373820136978029,38.4862819157204,37.3950514176129,37.9406666666666,0.664340470362933,55.9714127606999,37.7252,37.7467120571418,0.601375504684043,0.793433813246265
"8869293","2006-09-26",23.599817875389,0.545454545454541,0.400073610599922,0.368181526076259,38.507926925283,37.4417397413836,37.9748333333333,0.758084762996633,59.3638224721029,37.736,37.7871504495229,0.616902461830771,0.758127542963166
"8869292","2006-09-27",23.8855807167995,0.666666666666667,0.534576534576532,0.420224999172364,38.5732277358144,37.4251055975188,37.9991666666666,0.904283352079391,63.1195613672419,37.7572,37.8581970562532,0.678836212262857,0.742269276823105
"8869291","2006-09-28",23.889478441153,0.5546875,0.588936237373735,0.507862127516729,38.6071215570764,37.4125451095902,38.0098333333333,0.851728570867823,61.3114101261538,37.7932,37.9091041154194,0.702531231651604,0.734321667788804
"8869290","2006-09-29",22.6073694264261,0.15126050420168,0.457538223622782,0.527016998524349,38.5676608661733,37.4183391338266,37.993,0.532192900350448,52.4174698542909,37.8124,37.8945569000302,0.620414999132124,0.711540334057468
"8869289","2006-10-02",21.0470143105496,0,0.235316001400559,0.427263487465692,38.5190611984566,37.4169388015433,37.968,0.405031721558534,49.1049121663627,37.8208,37.8566159800261,0.50899934112143,0.671032135470261
"8869288","2006-10-03",20.546106254263,0.379032258064515,0.176764254088731,0.28987282637069,38.5518080486006,37.4081919513993,37.98,0.811876220997216,56.4385385100342,37.8492,37.8864005160227,0.514933074700252,0.639812323316259
"8869287","2006-10-04",20.276829843625,0.626865671641792,0.335299309902102,0.24912652179713,38.6278710361289,37.443128963871,38.0355,0.990542777432678,61.1807274414396,37.8764,37.9615471138863,0.591437646594484,0.630137387971904
"8869286","2006-10-05",20.4267381573565,0.754838709677422,0.586912213127909,0.36632525903958,38.7426697221415,37.4789969445251,38.1108333333333,1.12977801487065,64.8555016404815,37.9052,38.0706741653681,0.7135093292848,0.646811776234483
"8869285","2006-10-06",19.6968055390873,0.548387096774196,0.643363826031136,0.521858449687049,38.7736551308859,37.5480115357807,38.1608333333333,0.839277531408066,59.0209170502368,37.9132,38.1225842766524,0.733588006129571,0.664167022213501
"8869284","2006-10-09",18.4071069083663,0.316129032258066,0.539784946236561,0.590020328465202,38.7707511344726,37.6015821988606,38.1861666666666,0.563150269464458,53.2202584833971,37.9072,38.1195730397654,0.665556842606185,0.664444986292038
"8869283","2006-10-10",17.1349470204984,0.412903225806453,0.425806451612904,0.5363184079602,38.7888075743205,37.6241924256794,38.2065,0.651838427947375,55.1961370566973,37.92,38.13696330113,0.636049673400585,0.658765923713747
"8869282","2006-10-11",16.6480156080425,0.49677419354839,0.408602150537636,0.458064516129033,38.8195592792788,37.6691073873878,38.2443333333333,0.788871995148896,56.8954084442199,37.9632,38.1693681943127,0.632821192556099,0.653576977482218
"8869281","2006-10-12",16.195865010762,0.541935483870971,0.483870967741937,0.439426523297492,38.8573610945491,37.6926389054508,38.275,0.779036497322732,57.8230116095249,38.0104,38.2067857684043,0.637621692964463,0.650385920578667
"8869280","2006-10-13",16.0163874275021,0.735483870967744,0.591397849462368,0.49462365591398,38.9363269061127,37.6743397605539,38.3053333333333,0.921029116820454,61.633644665763,38.062,38.2792143326171,0.696549469889263,0.659618630440786
"8869279","2006-10-16",16.1307618107776,0.716129032258065,0.664516129032259,0.579928315412188,39.0082173957515,37.6857826042484,38.347,0.887920828532469,61.0397370397949,38.1096,38.3379857549348,0.728277458606641,0.673350396073957
"8869278","2006-10-17",16.5123055757694,0.72289156626506,0.724834823163623,0.66024960055275,39.0810742398627,37.7179257601372,38.3995,0.913625765438946,62.2160275821549,38.1484,38.4009209876102,0.763336315319085,0.691347579922983
"8869277","2006-10-18",17.4509062418963,0.79591836734694,0.744979655290021,0.711443535828634,39.2342773957416,37.6750559375916,38.4546666666666,1.04428872962896,66.5645753389218,38.208,38.5034648559288,0.856467878117573,0.724371639561901
"8869276","2006-10-19",18.9904479493341,0.679324894514768,0.732711609375589,0.734175362609744,39.3914704139791,37.6705295860209,38.531,1.0475687008085,67.1304017450565,38.2616,38.5990028751383,0.929500477547895,0.7653974071591
"8869275","2006-10-20",20.420022391955,0.710526315789475,0.72858985921706,0.735427041294223,39.5182005719377,37.7231327613956,38.6206666666666,1.02514264983785,69.4674786867154,38.3144,38.7098024917865,1.01892723481696,0.816103372690671
"8869274","2006-10-23",21.2847321637274,0.638297872340425,0.676049694214889,0.712450387602512,39.6306725073565,37.7473274926434,38.689,0.923537196018357,66.3236714124482,38.3716,38.7884954928817,1.05009653721044,0.862902005594626
"8869273","2006-10-24",22.1609766017655,0.70212765957447,0.683650615901456,0.696096723111135,39.750130640545,37.7608693594549,38.7555,0.914475467771732,67.7734790344734,38.4376,38.8726960938308,1.08682636249036,0.907686876973772
"8869272","2006-10-25",23.1251758211592,0.760638297872342,0.700354609929078,0.686684973348474,39.8785739421932,37.7540927244734,38.8163333333333,0.906530620022923,69.087249259147,38.4988,38.9603366146533,1.12534939897246,0.95121938137351
"8869271","2006-10-26",24.3653585488343,0.7487922705314,0.737186075992737,0.707063767274424,40.0182104241016,37.7537895758983,38.886,0.913939544001768,70.5001108523407,38.5768,39.0522917326996,1.16679651181784,0.994334807462375
"8869270","2006-10-27",24.9530178268195,0.656249999999998,0.721893522801246,0.719811402907687,40.0873156217501,37.8540177115832,38.9706666666666,0.83702027089188,66.671563021627,38.6524,39.113319501673,1.15702701815836,1.02687324960157
"8869269","2006-10-30",24.6084555517933,0.497206703910615,0.63408299148067,0.697720863424884,40.0660160365754,38.0376506300912,39.0518333333333,0.714376232183458,60.596386598059,38.71,39.1342102347832,1.08711884894297,1.03892236946985
"8869268","2006-10-31",24.0424263552512,0.436046511627907,0.529834405179506,0.628603639820474,40.066195796912,38.1361375364212,39.1011666666666,0.615108787757635,58.9102958580958,38.756,39.1429822034788,1.00566847970742,1.03227159151737
"8869267","2006-11-01",22.9994784997377,0.22758620689655,0.386946474145024,0.516954623601733,40.0722255048657,38.1917744951342,39.132,0.553887781606097,55.3558212490295,38.7852,39.1305845763483,0.899834361199914,1.00578414545388
"8869266","2006-11-02",22.6011673102016,0,0.221210906174819,0.379330595166449,40.0854765635565,38.1405234364435,39.113,0.198536008318296,42.0564035067137,38.7884,39.0225066328352,0.657680503525016,0.936163417068104
"8869265","2006-11-03",22.7918594172602,0,0.0758620689655161,0.228006483095119,40.1141532873738,38.0795133792928,39.0968333333333,0.085430327671323,38.1365441395237,38.7976,38.8901724151238,0.400723519579338,0.829075437570351
"8869264","2006-11-06",22.8137748992288,0.0700934579439245,0.0233644859813076,0.106812487040547,40.1025424225853,38.1021242440813,39.1023333333333,0.13390987884293,41.1898384751238,38.8204,38.795482759774,0.225218967595886,0.708304143575458
"8869263","2006-11-07",22.2229990024032,0.266355140186916,0.11214953271028,0.0704586958857011,40.0811136454009,38.156886354599,39.119,0.290911741426535,48.808444803491,38.8412,38.7694183918041,0.171436455869811,0.600930606034328
"8869262","2006-11-08",20.7268526627479,0.285046728971962,0.207165109034267,0.114226375908618,40.0709571549954,38.1953761783378,39.1331666666666,0.354356239444576,49.4796951268484,38.8488,38.7521626062302,0.135574167229602,0.507859318273383
"8869261","2006-11-09",19.3375739187822,0.387850467289719,0.313084112149532,0.210799584631359,40.0612662726092,38.2454003940574,39.1533333333333,0.41739478021384,53.1206487736958,38.852,38.7665409253995,0.151237520909042,0.436534958800515
"8869260","2006-11-10",18.3579782883953,0.33177570093458,0.334890965732086,0.285046728971962,40.0604495992097,38.2522170674569,39.1563333333333,0.356397525148533,50.9631588557207,38.8632,38.7630021353463,0.137072116304848,0.376642390301382
"8869259","2006-11-13",17.3892049375561,0.41588785046729,0.378504672897196,0.342159916926271,40.0606777477462,38.2683222522537,39.1645,0.421239582760429,53.9823185188353,38.896,38.7839351839668,0.161457724749403,0.333605457190986
"8869258","2006-11-14",17.0218220933474,0.434579439252336,0.394080996884735,0.369158878504672,40.0679968062509,38.2850031937491,39.1765,0.515049595884822,54.6505209730248,38.9244,38.8074104927712,0.186923102975789,0.304268986347947
"8869257","2006-11-15",16.6806808808679,0.617924528301889,0.489463939340504,0.420683203040811,40.0825055658454,38.2858277674878,39.1841666666666,0.651668819111109,60.5161091040681,38.9628,38.8784224270684,0.282737015041712,0.2999625920867
"8869256","2006-11-16",16.8389238666349,0.724867724867723,0.592457230807315,0.492000722344185,40.093631736588,38.2837015967453,39.1886666666666,0.707006148148489,61.365804897161,39.0008,38.9479661034593,0.366659898551225,0.313302053379605
"8869255","2006-11-17",16.0872174536021,0.580645161290322,0.641145804819977,0.574355658322599,40.0671504363972,38.2855162302694,39.1763333333333,0.578766636187554,55.1843476644718,39.0152,38.969570622998,0.368709012698609,0.324383445243406
"8869254","2006-11-20",15.6422151550763,0.693548387096774,0.666353757751606,0.6333189311263,40.0675505036191,38.2854494963808,39.1765,0.67591595466626,58.4484073311483,39.0392,39.0162945399316,0.409023915187134,0.341311539232151
"8869253","2006-11-21",15.2289987350167,0.801075268817206,0.691756272401433,0.666418611657672,40.0723490368301,38.2839842965032,39.1781666666666,0.743332166450099,61.3365853480512,39.0676,39.0834552679407,0.47666318656483,0.368381868698687
"8869252","2006-11-22",14.9562863267629,0.854838709677418,0.783154121863798,0.713754717338946,40.0745298965361,38.2831367701305,39.1788333333333,0.787206639579087,62.7314543288323,39.0856,39.1549945655486,0.54439008635212,0.403583512229374
"8869251","2006-11-24",15.0630953949206,0.754189944134079,0.803367974209567,0.759426122824933,40.048169138146,38.2948308618539,39.1715,0.788117058469174,60.6120237928119,39.098,39.2049952901422,0.572721662448306,0.43741114227316
"8869250","2006-11-27",14.5735617902539,0.262773722627737,0.623934125479744,0.736818740517703,39.9839979319675,38.3050020680324,39.1445,0.523128903511629,49.2605953234946,39.0792,39.1723292514565,0.472362126286785,0.444401339075885
"8869249","2006-11-28",14.3468857364117,0.172932330827066,0.396631999196293,0.607978032961868,39.9522339638399,38.30276603616,39.1275,0.511619908665744,47.7402957487974,39.062,39.1320186845957,0.369999389243048,0.429520949109318
"8869248","2006-11-29",13.6910922726133,0.731884057971015,0.389196703808605,0.469920942828214,40.0385974447928,38.2714025552071,39.155,0.906482237791998,60.558067851981,39.0752,39.2144161933162,0.46479986351744,0.436576731990942
"8869247","2006-11-30",12.9416080582424,0.680851063829789,0.528555817542623,0.438128173515841,40.1198137637731,38.2518529028935,39.1858333333333,0.85555705720407,59.6626613666972,39.082,39.2791607008741,0.523339960201286,0.453929377633011
"8869246","2006-12-01",13.12602317348,0.218750000000001,0.543828373933601,0.48719363176161,40.1184221061932,38.3425778938067,39.2305,0.60670981084843,50.7699825302103,39.062,39.2619392740909,0.451455953940649,0.453434692894539
"8869245","2006-12-04",13.2972657804862,0.4453125,0.448304521276596,0.506896237584273,40.0775381370765,38.5187951962567,39.2981666666666,0.697915892300873,54.6114428772678,39.0592,39.2856807042121,0.448894635061348,0.4525266813279
"8869244","2006-12-05",13.4562767727064,0.570312500000003,0.411458333333334,0.467863742847844,40.0357844824078,38.6938821842588,39.3648333333333,0.752253834326792,56.6225581720683,39.0724,39.3275899436505,0.474189543601278,0.456859253782576
"8869243","2006-12-06",14.7185805877838,0.140625,0.385416666666667,0.415059840425532,39.9964457815324,38.7868875518009,39.3916666666666,0.385633175871158,48.643639421705,39.0664,39.2905779511637,0.376985778151218,0.440884558656304
"8869242","2006-12-07",16.4010471848035,0,0.236979166666667,0.344618055555556,39.997290427524,38.7853762391426,39.3913333333333,0.0560741798736386,44.6971882630561,39.0536,39.2158342243419,0.231451902571167,0.398998027439277
"8869241","2006-12-08",18.3172675955055,0,0.0468749999999991,0.223090277777778,40.0401985022832,38.7078014977167,39.374,-0.0383780741586642,41.8411809242701,39.06,39.1177229944297,0.0636617055624455,0.331930763063911
"8869240","2006-12-11",20.026347891549,0.0898203592814404,0.0299401197604794,0.104598095475715,40.0548331515151,38.6798335151515,39.3673333333333,0.0607271565559568,44.1471852281781,39.084,39.052693261839,-0.0381606981638805,0.257912470818352
"8869239","2006-12-12",21.0457185780874,0.197604790419165,0.0958083832335343,0.057541167664671,40.0601430588082,38.6658569411918,39.363,0.194228230528372,46.8695955659883,39.1092,39.0203341602605,-0.0808069499558917,0.190168586663504
"8869238","2006-12-13",21.1679789309595,0.365269461077848,0.217564870259484,0.114437791084499,40.0601585365379,38.6661747967953,39.3631666666666,0.387731832489773,50.8804176325273,39.1288,39.0296229388924,-0.0560498623340511,0.140924896863993
"8869237","2006-12-14",20.4051172726409,0.461077844311379,0.341317365269463,0.21823020625416,40.0570846053302,38.6649153946697,39.3609999999999,0.53759121587566,53.0609915821607,39.1532,39.0590065470401,-0.0033220803000833,0.112075501431177
"8869236","2006-12-15",19.8967479620638,0.407185628742514,0.41117764471058,0.323353293413175,40.0385546677216,38.6584453322783,39.3485,0.474518927041871,51.6714423189351,39.1652,39.0724723407681,0.0196193682572954,0.0935842747964011
"8869235","2006-12-18",20.8656562915215,0,0.28942115768463,0.347305389221558,40.0678938362185,38.563772830448,39.3158333333333,0.0661918173493558,41.2112135488128,39.1496,38.9761426953324,-0.128236063780696,0.0492202070809817
"8869234","2006-12-19",21.7653568831607,0.122222222222222,0.176469283654911,0.292356028683374,40.0633708244593,38.4962958422073,39.2798333333333,0.174659260656037,44.4976434042815,39.1356,38.9219903359547,-0.197807343939804,-0.000185303123175461
"8869233","2006-12-20",22.3533459859162,0.36645962732919,0.16289394985047,0.209594797063337,40.0256872575824,38.4769794090842,39.2513333333333,0.365694488342882,49.6005689557466,39.1348,38.9243916244941,-0.174255885553409,-0.0349994196092222
"8869232","2006-12-21",23.4990138398513,0.12578616352201,0.204822671024473,0.181395301509952,39.9778922689075,38.4337743977591,39.2058333333333,0.226380992089868,44.9131977046667,39.1032,38.8744727412282,-0.233826612821308,-0.0747648582516395
"8869231","2006-12-22",24.8362067057174,0,0.164081930283733,0.177266183719559,39.9414864731113,38.3561801935552,39.1488333333333,0.113849591993022,42.6854177009518,39.0612,38.8045430423978,-0.319054719096312,-0.123622830420574
"8869230","2006-12-26",25.0405601965266,0.280575539568346,0.135453901030118,0.168119500779441,39.9343675870309,38.3359657463023,39.1351666666666,0.359130125523393,48.0923280722209,39.0464,38.7959373034114,-0.302091996188625,-0.159316663574184
"8869229","2006-12-27",24.049009559753,0.589928057553957,0.290167865707433,0.196567899007095,39.9500151890309,38.3406514776357,39.1453333333333,0.627172413058384,53.3210294638388,39.0404,38.8458123296232,-0.196963204009626,-0.166845971661273
"8869228","2006-12-28",23.1282839684633,0.604316546762587,0.491606714628296,0.305742827121949,39.8525761994675,38.3797571338657,39.1161666666666,0.618027622939796,53.5553681750246,39.0272,38.8917040190068,-0.108321939875666,-0.155141165304151
"8869227","2006-12-29",23.3984298913966,0.129496402877698,0.44124700239808,0.40767386091127,39.7311947065641,38.3918052934358,39.0614999999999,0.27240873315452,45.4471085157429,38.9836,38.8434768164726,-0.173106113042021,-0.158734154851725
"8869226","2007-01-03",23.6492796769776,0.165467625899278,0.29976019184652,0.410871302957632,39.6886116146285,38.3707217187048,39.0296666666666,0.313085042919591,46.1127212827158,38.9456,38.8083465742762,-0.211699899701734,-0.169327303821727
"8869225","2007-01-04",23.8822116207313,0.172661870503598,0.155875299760191,0.29896083133493,39.5992797757941,38.3773868908724,38.9883333333333,0.329499511860545,46.2539636504949,38.9308,38.7792336977061,-0.237519052572599,-0.182965653571901
"8869224","2007-01-05",25.0567043056277,0,0.112709832134292,0.189448441247001,39.5159160133662,38.3147506533003,38.9153333333333,-0.0594566929261761,38.8976307792885,38.8928,38.6646692046786,-0.393213822159111,-0.225015287289343
"8869223","2007-01-08",26.5358730581349,0,0.0575539568345321,0.108713029576338,39.5969595742468,38.0873737590864,38.8421666666666,-0.196990297669726,35.787144680892,38.806,38.5200466440548,-0.581654177228086,-0.296343065277092
"8869222","2007-01-09",27.1305821369684,0.0516431924882626,0.0172143974960868,0.0624927288216368,39.6449590368919,37.9497076297746,38.7973333333333,0.00410501761735522,37.5277125987159,38.7256,38.4093737581808,-0.700624170857478,-0.377199286393169
"8869221","2007-01-10",27.3355255779236,0.253521126760563,0.101721439749608,0.0588299313600755,39.6536470277848,37.9040196388817,38.7788333333333,0.218702010617725,43.9263602165755,38.6844,38.3707905904234,-0.696821573225748,-0.441123743759685
"8869220","2007-01-11",26.2157566738389,0.319248826291079,0.208137715179967,0.109024517475221,39.6486850253814,37.8889816412851,38.7688333333333,0.383218955048228,45.8702907602698,38.6372,38.3560185117003,-0.656836184292431,-0.484266231866234
"8869219","2007-01-12",25.3947266475212,0.258215962441316,0.276995305164319,0.195618153364631,39.6323233944399,37.8520099388933,38.7421666666666,0.309677710249483,44.333365674399,38.5784,38.3258827101402,-0.64511096097164,-0.516435177687315
"8869218","2007-01-16",25.1886926532967,0.0938967136150247,0.223787167449139,0.236306729264475,39.5959951697318,37.7730048302681,38.6844999999999,0.153773992651929,40.4078532198128,38.5276,38.2530983487882,-0.701624889036556,-0.553473119957163
"8869217","2007-01-17",25.3742661897457,0,0.11737089201878,0.206051121544079,39.5484815007539,37.644518499246,38.5964999999999,0.00462972971658901,37.7348569570042,38.4792,38.1553519022831,-0.792543097050791,-0.601287115375889
"8869216","2007-01-18",26.1389361731875,0,0.0312989045383408,0.12415232133542,39.5496376075173,37.4390290591492,38.4943333333333,-0.08008546126657,33.5111733760733,38.4224,38.0093049819787,-0.951753355780516,-0.671380363456814
"8869215","2007-01-19",27.189757564764,0,-7.49400541621981e-16,0.0495565988523732,39.651035410006,37.1689645899939,38.4099999999999,-0.077474793135148,31.0687520524002,38.3476,37.8427309843815,-1.12988451399508,-0.763081193564468
"8869214","2007-01-22",28.1655202855137,0.0489795918367365,0.0163265306122448,0.0158751450501949,39.6933041785046,36.949362488162,38.3213333333333,0.0172394984453099,33.1670457763674,38.2704,37.7143668531307,-1.23239858774092,-0.856944672399759
"8869213","2007-01-23",29.4388989299556,0,0.0163265306122448,0.0108843537414962,39.7027912860247,36.7062087139752,38.2044999999999,0.000152824986623925,30.4242851835594,38.1688,37.5591179393799,-1.3696345849905,-0.959482654917907
"8869212","2007-01-24",30.6430880221787,0,0.0163265306122448,0.0163265306122447,39.7142723769055,36.4820609564278,38.0981666666666,0.0540205102712952,30.2609557370604,38.06,37.4219022141293,-1.46698618287158,-1.06098336050864
"8869211","2007-01-25",31.9284551791887,0,-7.49400541621981e-16,0.0108843537414962,39.7398553158571,36.2534780174761,37.9966666666666,0.0726222745048704,29.0033674644778,37.9488,37.282981918912,-1.55964603364364,-1.16071589513564
"8869210","2007-01-26",33.1220103964122,0,-7.49400541621981e-16,0.00544217687074772,39.6818691417723,36.0707975248943,37.8763333333333,0.119780456974994,29.0033674644778,37.87,37.1625843297238,-1.61548156512402,-1.25166902913332
"8869209","2007-01-29",32.8593219255291,0.0860215053763423,0.0286738351254467,0.00955794504181503,39.4780664597071,36.0206002069595,37.7493333333333,0.228317425343836,34.0863709923948,37.792,37.0902397524273,-1.58990452865193,-1.31931612903704
"8869208","2007-01-30",32.3321239157113,0.189964157706091,0.091995221027477,0.040223018717641,39.2381007462063,36.0352325871269,37.6366666666666,0.312667905702239,39.7038763290506,37.7108,37.066207785437,-1.48956913134121,-1.35336672949787
"8869207","2007-01-31",32.1252895919659,0.129032258064516,0.135005973715649,0.0852250099561909,39.0897661768085,35.9959004898581,37.5428333333333,0.285758853033264,37.6767655191002,37.6384,37.0227134140454,-1.43070205046322,-1.36883379369094
"8869206","2007-02-01",32.0166156770704,0.120622568093383,0.146539661287996,0.124513618677041,38.9118383198885,35.9761616801114,37.4439999999999,0.282900703470645,37.0771719753366,37.572,36.978351625506,-1.37922930078429,-1.37091289510961
"8869205","2007-02-02",31.3241575320866,0.211711711711711,0.153788845956536,0.145111493653394,38.6987237047432,36.0089429619234,37.3538333333333,0.359777913990414,40.3486090574216,37.4964,36.9612380754385,-1.28877363249382,-1.35448504258645
"8869204","2007-02-05",30.8173264342605,0.259740259740259,0.19735817984845,0.165895562364327,38.5800692184879,35.9975974481786,37.2888333333333,0.366213445594193,39.3838665147803,37.4008,36.9370729987134,-1.21838075870637,-1.32726418581044
"8869203","2007-02-06",29.9928638629433,0.473282442748091,0.31491147140002,0.222019499068335,38.527639936826,35.9836933965072,37.2556666666666,0.449291387238121,43.9220718922013,37.3132,36.9454632655516,-1.10186169097853,-1.28218368684406
"8869202","2007-02-07",28.6970651262829,0.54700854700855,0.426677083165633,0.312982244804701,38.4483396532882,35.9869936800451,37.2176666666666,0.491468082818003,44.3301170437699,37.2528,36.9554014968114,-0.993676182522651,-1.22448218597978
"8869201","2007-02-08",26.8417141235981,0.645161290322582,0.555150760026407,0.432246438197353,38.3237209846512,36.0392790153487,37.1815,0.667145122732074,51.2117109274194,37.2048,37.0120146305699,-0.819919644171763,-1.14356967761817
"8869200","2007-02-09",25.0164071580504,0.556250000000002,0.582806612443711,0.52154481854525,38.0944602954162,36.162873037917,37.1286666666666,0.695693980964359,49.2100194705862,37.152,37.0464126798272,-0.698151146716197,-1.05448597143778
"8869199","2007-02-12",23.3214792614703,0.631250000000001,0.610887096774194,0.582948156414771,37.8807697921842,36.289563541149,37.0851666666666,0.781652153122931,51.439895441885,37.1308,37.0922243225169,-0.568980399667485,-0.95738485708372
"8869198","2007-02-13",22.2386135967029,0.739644970414202,0.642381656804734,0.612025122007546,37.8064414886411,36.3362251780255,37.0713333333333,0.979747999148556,55.6351327016778,37.1328,37.1639277461813,-0.409799507057684,-0.847867787078513
"8869197","2007-02-14",21.9805333336867,0.61691542288557,0.662603464433257,0.638624072670729,37.8582917103048,36.3067082896951,37.0825,1.0118427124947,55.4202907171839,37.13,37.2247373800238,-0.282680014454328,-0.734830232553676
"8869196","2007-02-15",21.9561160132496,0,0.45218679776659,0.585723973001527,37.8405213685922,36.2714786314078,37.056,0.298603318755355,35.5882870628032,37.0564,37.0987723960206,-0.467288813630817,-0.681321948769104
"8869195","2007-02-16",23.1611451270604,0,0.205638474295189,0.440142912165012,38.0357182214203,35.9219484452463,36.9788333333333,-0.231158150438393,27.4554297939623,36.936,36.8522694098846,-0.829947884004201,-0.711047135816123
"8869194","2007-02-20",24.587521276941,0,-7.03141248929266e-16,0.21927509068726,38.1899469530575,35.592719713609,36.8913333333333,-0.133239418440659,25.4488106364375,36.8076,36.5946334885666,-1.17924619889124,-0.804686948431146
"8869193","2007-02-21",25.9120134161159,0.0317002881844379,0.0105667627281453,0.0720684123411113,38.3100949854561,35.3212383478771,36.8156666666666,-0.0427939610537458,27.3547426412626,36.6976,36.3860156900911,-1.41833267239033,-0.927416093222983
"8869192","2007-02-22",27.3604795793677,0,0.0105667627281453,0.00704450848542999,38.4308243064165,35.0305090269167,36.7306666666666,-0.0217163275109307,25.8657331908485,36.5888,36.1745469314123,-1.642400791585,-1.07041303289539
"8869191","2007-02-23",28.7814238363212,0,0.0105667627281453,0.0105667627281453,38.5324139957955,34.7649193375378,36.6486666666666,0.0270066286373798,25.3488762339792,36.4952,35.9806073405573,-1.819265756902,-1.22018357769671
"8869190","2007-02-26",29.54447081542,0,-7.03141248929266e-16,0.00704450848542999,38.5973847412094,34.5426152587905,36.57,0.0955380430106223,25.2808725675061,36.4132,35.811193028483,-1.94133791138973,-1.36441444443531
"8869189","2007-02-27",31.4246086088753,0,-7.03141248929266e-16,0.00352225424271467,38.78192014219,34.0524131911432,36.4171666666666,-0.063237005655249,18.1120660220477,36.2716,35.4817006246853,-2.32438944490614,-1.55640944452948
"8869188","2007-02-28",32.0030114661761,0.11089108910891,0.036963696369636,0.0123212321232116,38.7965809580189,33.7650857086477,36.2808333333333,0.108300666967814,27.1995007070778,36.1656,35.2708072080606,-2.4764376245092,-1.74041508052542
"8869187","2007-03-01",32.5400998336697,0.16039603960396,0.0904290429042891,0.0424642464246415,38.7798530508523,33.5391469491476,36.1595,0.174439544298876,30.8868859634613,36.0704,35.1213662469858,-2.51298827506856,-1.89492971943405
"8869186","2007-03-02",33.2991343983198,0.102970297029702,0.124752475247523,0.0840484048404828,38.7685525628193,33.2851141038473,36.0268333333333,0.15833481783049,29.0488429588769,35.9696,34.953184080721,-2.58076361216909,-2.03209649798106
"8869185","2007-03-05",34.7156513419405,0,0.0877887788778866,0.1009900990099,38.8001859168573,32.8781474164759,35.8391666666666,0.0582883608127817,24.008530948659,35.8308,34.6807595366249,-2.82493557535419,-2.19066431345569
"8869184","2007-03-06",36.030988503874,0.0109489051094895,0.0379730673797299,0.0835047738350466,38.773497898186,32.5355021018139,35.6545,0.114539656888132,24.8948914395174,35.6848,34.4526582650749,-2.97446301067895,-2.34742405290034
"8869183","2007-03-07",37.3565082672295,0,0.00364963503649579,0.0431371604313708,38.6944023085918,32.2012643580748,35.4478333333333,0.121985545555132,24.1369212683898,35.5212,34.2349704963983,-3.09604440725675,-2.49714812377162
"8869182","2007-03-08",38.5138632360928,0.00649350649350751,0.00581413720099829,0.015812279872408,38.5457831028003,31.9318835638663,35.2388333333333,0.164015660717945,24.4671396384922,35.3652,34.0489744302118,-3.15444563230594,-2.62860762547848
"8869181","2007-03-09",39.5885499928945,0.032467532467533,0.0129870129870128,0.00748359507483569,38.2690282441978,31.7593050891354,35.0141666666666,0.201344186172539,25.8573595019448,35.2144,33.8984445061836,-3.14783469571148,-2.73245303952508
"8869180","2007-03-12",40.6696755078141,0,0.0129870129870128,0.0105960543916747,37.9486646071553,31.6230020595113,34.7858333333333,0.208199209263737,25.2321908184969,35.0532,33.7546519053591,-3.13222709376753,-2.81240785037357
"8869179","2007-03-13",42.2599982943372,0,0.0108225108225103,0.012265512265512,37.5966816582185,31.4543183417815,34.5255,0.142021609589715,20.7927901133053,34.862,33.5206983179779,-3.28121113129193,-2.90616850655724
"8869178","2007-03-14",43.7367265961087,0.032640949554896,0.010880316518298,0.0115632801092737,37.0759167146711,31.4340832853288,34.255,0.165297928947641,22.7561363356193,34.6664,33.3326052089142,-3.33793264404925,-2.99252133405564
"8869177","2007-03-15",43.8560360277321,0.228486646884274,0.0870425321463893,0.0362484531623993,36.3388288438105,31.6798378228561,34.0093333333333,0.275487869520361,33.4199432012568,34.4964,33.257591181059,-3.18817768528283,-3.03165260430108
"8869176","2007-03-16",44.069759630421,0.210862619808305,0.157330072082491,0.0850843069157262,35.8247223876165,31.8126109457168,33.8186666666666,0.277673174607128,32.6118578104395,34.3076,33.1779123569178,-3.06164436594574,-3.03765095663001
"8869175","2007-03-19",43.9782751401597,0.338658146964857,0.259335804552478,0.16790280292712,35.5856224727699,31.8313775272301,33.7085,0.372544278026279,38.4408828411605,34.1392,33.1621907093287,-2.83189090006769,-2.99649894531755
"8869174","2007-03-20",43.9692988067222,0.323529411764706,0.291016726179289,0.235894200938086,35.3554574721155,31.8538758612177,33.6046666666666,0.375865618749584,37.8242795570975,33.9632,33.1392319480849,-2.63653631884878,-2.9245064200238
"8869173","2007-03-21",42.929809830769,0.459854014598539,0.374013857776033,0.3081221295026,35.1109325781368,31.9270674218632,33.519,0.487750737520046,41.708200239618,33.7884,33.1553343550069,-2.38850432202705,-2.81730600042445
"8869172","2007-03-22",41.9645700673838,0.781249999999999,0.521544475454414,0.395525019803245,34.9032887273946,32.001377939272,33.4523333333333,0.558926690889304,44.9972188900798,33.6236,33.2012897743393,-2.10915805566143,-2.67567641147184
"8869171","2007-03-23",40.723042254579,0.75,0.663701338199512,0.519753223809987,34.6961705760732,32.0884960905934,33.3923333333333,0.605202292257307,44.9972188900798,33.5124,33.2411178044274,-1.86614584220224,-2.51377029761792
"8869170","2007-03-26",39.0761444184025,0.858447488584477,0.796565829528158,0.660603881060695,34.4799018557665,32.2100981442335,33.345,0.781228429617046,50.1610225039803,33.4576,33.3263020971704,-1.56338518897411,-2.32369327588916
"8869169","2007-03-27",37.7950378656626,0.794520547945207,0.800989345509894,0.753752171079188,34.4952300691242,32.2064365975424,33.3508333333333,0.726829844244485,48.3596747533696,33.4104,33.3814618175477,-1.34182885782759,-2.12732039227685
"8869168","2007-03-28",36.730579515249,0.762557077625572,0.805175038051751,0.800910071029934,34.4067342877119,32.2459323789547,33.3263333333333,0.728464564320298,47.4422900116357,33.356,33.419933575208,-1.16962224980629,-1.93578076378273
"8869167","2007-03-29",35.1282599170511,0.769230769230767,0.775436131600515,0.793866838387387,34.3008930938864,32.3044402394468,33.3026666666666,0.839268383837436,49.3634445113766,33.316,33.4706090985136,-0.990370207333413,-1.74669865249287
"8869166","2007-03-30",33.2164276903971,0.659999999999999,0.730595948952112,0.770402372868126,34.2564429792559,32.3268903540774,33.2916666666666,0.832546859978655,47.2187145998317,33.2732,33.4945278853785,-0.874330023184422,-1.57222492663118
"8869165","2007-04-02",31.4411549085041,0.711297071129708,0.713509280120157,0.739847120224261,34.34190834291,32.3187583237567,33.3303333333333,0.829354386488959,49.7277615191949,33.2372,33.5365908339947,-0.735390172690198,-1.40485797584298
"8869164","2007-04-03",29.4315985376502,0.820652173913045,0.730649748347583,0.724918325806618,34.4735098727289,32.2901567939377,33.3818333333333,0.911370325483039,54.9202712155175,33.2704,33.621045389462,-0.532758496954311,-1.23043808006525
"8869163","2007-04-04",28.6080580479643,0.570652173913045,0.700867139651932,0.715008722706557,34.5222555451964,32.3294111214703,33.4258333333333,0.70407284491238,48.0857857538069,33.2628,33.6329060042004,-0.4770209845114,-1.07975466095448
"8869162","2007-04-05",28.4557540568331,0.258278145695365,0.549860831173817,0.660459239724444,34.5298893845379,32.3691106154621,33.4495,0.51874324228822,43.8682014574116,33.232,33.5991852036404,-0.506149400639277,-0.96503360889144
"8869161","2007-04-09",28.6019372067874,0.14569536423841,0.324875227948939,0.52520106625823,34.5318655102927,32.3978011563739,33.4648333333333,0.458686031888055,41.8326499518834,33.206,33.547293843155,-0.563698678113023,-0.884766622735756
"8869160","2007-04-10",27.6519358310054,0.255813953488371,0.219929154474048,0.364888404532268,34.5483639212458,32.4596360787541,33.504,0.605008095775519,46.9760903883044,33.2312,33.5463213307343,-0.524067968057806,-0.812626891800166
"8869159","2007-04-11",26.532176287578,0.457364341085269,0.286291219604016,0.277031867342334,34.4915255735607,32.6764744264393,33.584,0.688791741329248,50.6766792369814,33.2644,33.5801451533031,-0.425279970983361,-0.735157507636805
"8869158","2007-04-12",26.2384899600292,0.155038759689919,0.289405684754519,0.265208686277528,34.3591204979339,32.9242128353994,33.6416666666666,0.415209410442658,45.5422782398693,33.288,33.5574591328627,-0.435647766415093,-0.675255559392463
"8869157","2007-04-13",26.1073299130817,0.0930232558139516,0.235142118863046,0.270279674407194,34.3205903562433,33.0084096437566,33.6645,0.31366895758085,44.5452822443703,33.3076,33.527131248481,-0.457884089296479,-0.631781265373266
"8869156","2007-04-16",25.1546060672533,0.286821705426355,0.178294573643408,0.234280792420324,34.2645473487369,33.140452651263,33.7025,0.485914591209365,48.3504997860824,33.334,33.5341804153502,-0.410676757413853,-0.587560363781383
"8869155","2007-04-17",24.163210746707,0.263565891472866,0.214470284237723,0.209302325581392,34.2439626404879,33.206037359512,33.725,0.456644277941033,47.9255146841577,33.3632,33.5362896933035,-0.376141051452628,-0.545276501315632
"8869154","2007-04-18",22.9953944915256,0.271317829457366,0.273901808785528,0.22222222222222,34.2048183238763,33.2998483427903,33.7523333333333,0.460588011301947,48.0893068008197,33.4256,33.5394510675297,-0.342418045738369,-0.504704810200179
"8869153","2007-04-19",21.854090394316,0.286821705426355,0.273901808785528,0.254091300602926,34.2002527373341,33.3300805959991,33.7651666666666,0.467247859766864,48.4386137878955,33.4844,33.5448575918591,-0.307338181140382,-0.46523148438822
"8869152","2007-04-20",20.3553007162821,0.58139534883721,0.379844961240309,0.309216192937122,34.2344863487618,33.3391803179048,33.7868333333333,0.801386703577862,54.6787062842795,33.532,33.6002099129445,-0.18609197289865,-0.409403582090306
"8869151","2007-04-23",18.9635674438221,0.589147286821704,0.485788113695089,0.379844961240309,34.2636148192945,33.348051847372,33.8058333333333,0.763043985743186,54.8336174911707,33.5844,33.6495152578853,-0.0867167376165212,-0.344866213195549
"8869150","2007-04-24",19.0972434048018,0.506329113924049,0.558957249860987,0.474863441598795,34.3156775141765,33.3246558191567,33.8201666666666,0.953908663749648,55.4889966071062,33.6224,33.6975798901672,0.00150315287756886,-0.275592339980925
"8869149","2007-04-25",19.930400358145,0.68527918781726,0.59358519618767,0.546110186581249,34.510109809774,33.219890190226,33.865,1.19884743109282,63.3613433329306,33.6852,33.8125692381449,0.200311638353856,-0.180411544313969
"8869148","2007-04-26",20.7040461005351,0.80710659898477,0.666238300242026,0.606260248763561,34.7003785589595,33.1359547743737,33.9181666666666,1.11694706778077,66.1728282217021,33.7468,33.9442266730589,0.409553393390194,-0.0624185567731365
"8869147","2007-04-27",20.2366220946594,0.583783783783782,0.692056523528603,0.650626673319433,34.778558934479,33.1161077321876,33.9473333333333,0.870537191799077,58.3386947209615,33.7832,34.0063297833178,0.476698963724509,0.0454049473263926
"8869146","2007-04-30",19.5531713947301,0.535135135135136,0.642008505967895,0.666767776579508,34.8342992505516,33.1130340827817,33.9736666666666,0.782544109088946,56.6713051838353,33.816,34.0481524788754,0.502616306303239,0.136847219121762
"8869145","2007-05-01",18.4555110672413,0.443243243243243,0.52072072072072,0.618261916739073,34.8628009535982,33.1161990464017,33.9895,0.685407637538408,53.5574978418274,33.8268,34.0617321483587,0.477336810173679,0.204945137332145
"8869144","2007-05-02",18.0172355505894,0.497297297297298,0.491891891891891,0.551540372860169,34.8876796024555,33.1096537308777,33.9986666666666,0.761338529486275,55.1196402233911,33.8472,34.0868345285775,0.475465897062421,0.2590492892782
"8869143","2007-05-03",17.6102654279841,0.54601226993865,0.495517603493063,0.502710072035224,34.9525141229052,33.1134858770947,34.033,0.786564385947083,58.0096093581967,33.878,34.1339232581005,0.51292390844746,0.309824213112052
"8869142","2007-05-04",16.9577436758679,0.490797546012272,0.511369037749406,0.49959284437812,34.9839415693432,33.1793917639901,34.0816666666666,0.711502428768936,56.1647046218142,33.9,34.1627334903538,0.515304252537319,0.350920220997106
"8869141","2007-05-07",16.378498272149,0.524691358024689,0.520500391325203,0.50912901085589,34.997265613238,33.2790677200953,34.1381666666666,0.714468892943421,57.1432625407602,33.9304,34.1957023583066,0.525230162144497,0.385782209226584
"8869140","2007-05-08",15.3599782805654,0.424999999999999,0.480162968012319,0.504010799028976,35.0159093567656,33.327757309901,34.1718333333333,0.633183106196475,53.9035627960935,33.9484,34.2042753771991,0.492003014402154,0.407026370261698
"8869139","2007-05-09",15.8964753751362,0,0.316563786008229,0.43907571511525,35.0180201439517,33.3149798560483,34.1665,0.296540338792257,41.5558135203349,33.9228,34.1143719935725,0.289969035010507,0.38361490321146
"8869138","2007-05-10",17.5684970147593,0,0.141666666666666,0.312797806895738,35.0732829063786,33.2197170936214,34.1465,-0.0537974389336896,33.1531308028995,33.8856,33.9364557277628,-0.0480165044785319,0.297288621673461
"8869137","2007-05-11",19.2246645646111,0,-7.21644966006352e-16,0.152743484224964,35.1409670727712,33.1053662605621,34.1231666666666,-0.0746870046017126,32.4005519819178,33.8584,33.7715949640611,-0.332596043418321,0.171311688655105
"8869136","2007-05-14",20.7625344323306,0.189516129032258,0.0631720430107519,0.0682795698924721,35.1729622077317,33.0297044589349,34.1013333333333,0.102785370163148,40.8900257314033,33.8568,33.6913823021863,-0.4415458459196,0.048740181740164
"8869135","2007-05-15",22.5524463513567,0.0851063829787218,0.0915408373369925,0.0515709601159143,35.2145393231139,32.9321273435527,34.0733333333333,0.0823132099417927,37.9421438620971,33.8312,33.5858646618948,-0.586369132286213,-0.0782816810651114
"8869134","2007-05-16",24.2665966270032,0.0730593607305921,0.115893957580523,0.0902022793094223,35.2659545939028,32.8067120727638,34.0363333333333,0.0691085130652802,37.5106956033863,33.7936,33.4890827069755,-0.703275171508977,-0.203280379153884
"8869133","2007-05-17",26.0426487609421,0.00913242009132239,0.0557660546002114,0.0877336165059088,35.3155825106707,32.6734174893293,33.9945,0.0857563811649018,35.9690363818496,33.766,33.3865383460454,-0.820855683145816,-0.326795439952271
"8869132","2007-05-18",27.8468750239891,0,0.0273972602739708,0.0663524241515682,35.3553141219187,32.5040192114146,33.9296666666666,0.0897770299530843,34.6543303017709,33.7368,33.2816665665727,-0.933015727433373,-0.448039497448491
"8869131","2007-05-21",28.7892686881506,0.117903930131003,0.0423454500741076,0.041836254982763,35.3575223346663,32.3974776653337,33.8775,0.204677880126807,39.9708706508103,33.7084,33.2267776910297,-0.945953384143072,-0.547622274787407
"8869130","2007-05-22",28.9451113013543,0.15909090909091,0.0923316130739702,0.054024774474016,35.3235827397778,32.3167505935555,33.8201666666667,0.26825000550536,41.4898586902233,33.6844,33.1898739988924,-0.92626323909385,-0.623350467648696
"8869129","2007-05-23",29.5843716338844,0.0285714285714263,0.101855422597779,0.0788441619152854,35.2151142429262,32.2388857570737,33.727,0.223251534422863,37.759807628025,33.6484,33.1192241323734,-0.970277762850147,-0.692735926688986
"8869128","2007-05-24",31.433656763063,0,0.0625541125541114,0.0855803827419533,35.1554920584298,32.0075079415702,33.5815,-0.0108560294360604,27.8899127389503,33.5692,32.9166609147236,-1.25073099831874,-0.804334941014937
"8869127","2007-05-25",33.4641671088003,0,0.00952380952380803,0.0579777815585659,35.1831666350411,31.6698333649589,33.4265,-0.0587761011413278,25.3334497877198,33.4596,32.6904394594271,-1.55137743608036,-0.953743440028021
"8869126","2007-05-29",35.0395008933448,0.122641509433962,0.0408805031446534,0.0376528084075241,35.1235019330473,31.4591647336194,33.2913333333333,0.0811884706172086,32.2021414053274,33.3652,32.5463808648368,-1.67637492396666,-1.09826973681575
"8869125","2007-05-30",33.1940274926339,0.430232558139535,0.184291355857832,0.0782318895087642,34.9971196126225,31.4262137207109,33.2116666666667,0.362313182831189,42.6847770527791,33.298,32.5175300828586,-1.57934947123569,-1.19448568369974
"8869124","2007-05-31",31.4803736205452,0.803418803418803,0.4520976236641,0.225756494222195,34.8409655361492,31.4590344638508,33.15,0.523655124332751,51.3483155158134,33.2396,32.5951927384775,-1.29643185784633,-1.21487491852906
"8869123","2007-06-01",29.5684267787793,0.755102040816326,0.662917800791554,0.433102260104495,34.6501032866016,31.5208967133984,33.0855,0.558960632890131,51.0247061761869,33.1704,32.6585003733471,-1.06742503011731,-1.18538494084671
"8869122","2007-06-04",27.7930475685681,0.76734693877551,0.775289261003546,0.630101561819733,34.4546185497989,31.5883814502011,33.0215,0.556461949137444,51.3548620051217,33.118,32.7173669902342,-0.868576997775106,-1.12202335223239
"8869121","2007-06-05",26.3371933160692,0.722448979591837,0.748299319727891,0.728835460507663,34.2157706668714,31.6892293331286,32.9525,0.568934817863699,50.0232731903238,33.0648,32.7537180582029,-0.729733667048804,-1.04356541519567
"8869120","2007-06-06",25.7332627223101,0.534693877551021,0.674829931972789,0.732806170901408,33.9468459048212,31.7924874285122,32.8696666666667,0.439811935621406,44.7927392573168,33,32.7238889837759,-0.724684670467679,-0.979789266250071
"8869119","2007-06-07",26.3313893049226,0.155102040816327,0.470748299319728,0.631292517006802,33.8378582664999,31.7088084001667,32.7733333333333,0.0866700851325773,36.486321037749,32.894,32.5740371192724,-0.939970285326319,-0.971825470065321
"8869118","2007-06-08",27.0429609629027,0.0938775510204082,0.261224489795918,0.468934240362811,33.8600477838118,31.5376188828549,32.6988333333333,0.0397778020705275,35.3477479483271,32.7744,32.4241655033695,-1.13621340162512,-1.00470305637728
"8869117","2007-06-11",27.6118170481644,0.122448979591837,0.123809523809523,0.285260770975056,33.8697873162702,31.4015460170632,32.6356666666667,0.1168662006545,36.3460176350183,32.6612,32.3036101029202,-1.26111401747486,-1.0559852485968
"8869116","2007-06-12",28.3858381315724,0.0326530612244905,0.0829931972789112,0.156009070294784,33.8379666425083,31.262366690825,32.5501666666667,0.107793645901241,34.540893321668,32.5368,32.1697954225308,-1.4001772569996,-1.12482365027736
"8869115","2007-06-13",28.7344994643006,0.110204081632653,0.0884353741496594,0.0984126984126975,33.7887160798958,31.1712839201042,32.48,0.208365571012884,37.4310714132487,32.426,32.0791560328601,-1.44705499737441,-1.18926991969677
"8869114","2007-06-14",27.9909984877761,0.322448979591836,0.155102040816326,0.108843537414965,33.7349144292939,31.1494189040394,32.4421666666667,0.414071919871225,44.6358052906956,32.3652,32.0699352284787,-1.33828436446014,-1.21907280864944
"8869113","2007-06-15",26.5851218770439,0.544303797468355,0.325652286230947,0.189729900398977,33.716138729772,31.150861270228,32.4335,0.614282634642876,51.363018235811,32.3576,32.1392771980149,-1.09358579214872,-1.1939754053493
"8869112","2007-06-18",25.8128984490724,0.39662447257384,0.42112574987801,0.300626692308427,33.6892222173765,31.1414444492901,32.4153333333333,0.492673353657264,47.6040005138281,32.3392,32.1527069049462,-0.976292582597227,-1.15043884079888
"8869111","2007-06-19",25.2996833262962,0.337552742616034,0.426160337552742,0.390979457887233,33.6234759276739,31.1298574056595,32.3766666666667,0.441183198082691,46.1491050328571,32.2964,32.1456793176201,-0.907990534075398,-1.10194917945419
"8869110","2007-06-20",25.1920125453295,0.227848101265822,0.320675105485231,0.389320397638661,33.5285243480814,31.1201423185853,32.3243333333333,0.397164709072973,43.490736995076,32.254,32.1049220752707,-0.908731255107564,-1.06330559458486
"8869109","2007-06-21",25.3768125858751,0.157142857142857,0.24084790034157,0.329227781126514,33.4618802927653,31.0821197072347,32.272,0.325472639618179,41.4156016465623,32.2048,32.0415991319013,-0.951394435242991,-1.04092336271649
"8869108","2007-06-22",25.5484126235247,0.204761904761905,0.196584287723527,0.252702431183442,33.4630966479156,31.0685700187511,32.2658333333333,0.326340067273159,42.8148610381951,32.1652,32.0000525809811,-0.949351278248711,-1.02260894582293
"8869107","2007-06-25",25.9627770507292,0.134408602150538,0.165437788018432,0.200956658694509,33.4474931148895,31.1075068851105,32.2775,0.251779166073052,40.9202847732849,32.1232,31.9400455701836,-0.982056709458512,-1.01449849855005
"8869106","2007-06-26",25.8235502359442,0.294117647058824,0.211096051323755,0.191039375688571,33.4430941588727,31.1292391744606,32.2861666666667,0.346072174329823,44.5878254074751,32.0804,31.9213728274925,-0.934242795868534,-0.998447358013746
"8869105","2007-06-27",26.1296515259239,0.123529411764706,0.184018553658022,0.186850797666736,33.3972643852244,31.0844022814423,32.2408333333333,0.31516407774552,41.3789100588325,32.0228,31.8665231171602,-0.958770456259939,-0.990511977662984
"8869104","2007-06-28",25.7220618345551,0.552941176470589,0.323529411764706,0.23954800558216,33.2660899930819,31.1315766735847,32.1988333333333,0.589559837795578,50.9486931986218,32.006,31.9163200348721,-0.78450536822916,-0.94931065577622
"8869103","2007-06-29",26.129013197028,0.235294117647058,0.303921568627451,0.270489844683392,33.0839756204879,31.1823577128454,32.1331666666667,0.407184298543543,45.0854226326795,32.01,31.8874773635559,-0.774029683543775,-0.914254461329731
"8869102","2007-07-02",26.5068966050385,0.311258278145697,0.366497857421114,0.33131627927109,32.8987265126587,31.2592734873413,32.079,0.512809150171255,48.1777631638187,32.0396,31.8971470484151,-0.692016560884101,-0.869806881240605
"8869101","2007-07-03",26.8577883410483,0.315436241610738,0.287329545801163,0.319249657283242,32.6922434760032,31.3627565239967,32.0275,0.552025081225717,48.4183854948525,32.0544,31.9081941086264,-0.614863312535052,-0.818818167499495
"8869100","2007-07-05",27.9607782367676,0,0.208898173252144,0.28757519215814,32.5697237109166,31.3776096224167,31.9736666666667,0.239678159727285,42.1942411618386,32.0168,31.8391015608095,-0.695056476674827,-0.794065829334561
"8869099","2007-07-06",28.9849831399356,0.0303030303030297,0.115246423971255,0.20382471434152,32.5786673819738,31.3359992846928,31.9573333333333,0.185622679522028,42.7317381269984,31.95,31.7845546860349,-0.740265519263916,-0.783305767320432
"8869098","2007-07-09",29.9360305500201,0.0999999999999995,0.0434343434343423,0.12252631355258,32.5800372907191,31.3322960426142,31.9561666666667,0.219893847758219,43.9935941767748,31.888,31.749280727897,-0.744856732839416,-0.775615960424229
"8869097","2007-07-10",31.4117251733635,0,0.0434343434343423,0.0673717036133127,32.627411586322,31.2372550803447,31.9323333333333,-0.0172079524200845,38.869501655002,31.8048,31.6520432975107,-0.866023710951547,-0.793697510529693
"8869096","2007-07-11",32.9781098732381,0,0.0333333333333324,0.0400673400673385,32.703997139583,31.1016695270837,31.9028333333333,-0.0946557532308269,37.1010935017107,31.7184,31.5424375245093,-0.999803619008854,-0.834918732225525
"8869095","2007-07-12",32.9682069399632,0.129032258064517,0.0430107526881716,0.0399261431519483,32.7245982068075,31.0367351265259,31.8806666666667,0.140176184651187,40.7669857349866,31.66,31.4794458545747,-1.03314268366029,-0.874563522512479
"8869094","2007-07-13",32.7677737354009,0.198924731182796,0.10931899641577,0.0618876941457576,32.6942040132143,30.9834626534524,31.8388333333333,0.233741165839707,42.7145756934299,31.644,31.4421864072981,-1.01479308144504,-0.902609434298991
"8869093","2007-07-16",32.7606101710982,0.134408602150538,0.154121863799283,0.102150537634408,32.5505749999557,30.983091666711,31.7668333333333,0.193670320772912,41.3626144195969,31.6292,31.393894886325,-1.01949690378325,-0.925986928195842
"8869092","2007-07-17",32.75395828996,0.182795698924733,0.172043010752688,0.14516129032258,32.4644469778982,30.9598863554351,31.7121666666667,0.228270614537272,42.8242725302925,31.6152,31.364042234815,-0.988862233291099,-0.938561989214894
"8869091","2007-07-18",32.4920355826306,0.172043010752688,0.163082437275986,0.163082437275985,32.3980993894657,30.9349006105342,31.6665,0.260911956481545,42.5703213123451,31.6092,31.335503270173,-0.958784151538217,-0.942606421679558
"8869090","2007-07-19",30.7837004676688,0.463414634146342,0.27275111460792,0.202625520878864,32.3613824076678,30.9422842589989,31.6518333333333,0.592664485626562,49.6450507080073,31.6132,31.3694361674833,-0.812333346157246,-0.916551806575096
"8869089","2007-07-20",29.1973892894901,0.496774193548388,0.377410612815805,0.271081388233237,32.3524807023195,30.9418526310138,31.6471666666667,0.582351024362614,49.7964208205994,31.5968,31.4001780118188,-0.685793193252215,-0.87040008391052
"8869088","2007-07-23",27.770346356853,0.5,0.486729609231576,0.3789637788851,32.3420092591981,30.9409907408019,31.6415,0.567926772856378,49.4760831884223,31.5564,31.4241542769097,-0.583915282385006,-0.813103123605417
"8869087","2007-07-24",27.6136823401926,0.123188405797102,0.373320866448496,0.412487029498625,32.3407121756888,30.8952878243112,31.618,0.229260591908298,41.1989703440591,31.5068,31.3676003733217,-0.644769368299247,-0.779436372544183
"8869086","2007-07-25",27.817193098611,0,0.207729468599033,0.355926648093035,32.317089784343,30.836910215657,31.577,0.184497739409717,38.6760602318234,31.4544,31.2905869902121,-0.738877582650665,-0.77132461456548
"8869085","2007-07-26",28.6722201005654,0,0.0410628019323667,0.207371045659965,32.3467460279335,30.6945873053998,31.5206666666667,-0.00479411489045879,33.7942445499739,31.394,31.1625087248505,-0.922328034643005,-0.801525298580985
"8869084","2007-07-27",29.4661737452373,0.0869565217391303,0.028985507246376,0.0925925925925915,32.2336462294404,30.6393537705595,31.4365,0.0422211719889643,36.7831937629083,31.3484,31.0728408948705,-1.01551502075203,-0.844323243015195
"8869083","2007-07-30",30.7381943292308,0,0.028985507246376,0.0330112721417057,32.2412492731413,30.4737507268587,31.3575,-0.0549273776751939,32.6200500390447,31.282,30.9391287755544,-1.18585199755925,-0.912628993924006
"8869082","2007-07-31",30.4729763152823,0.376190476190476,0.154382332643201,0.0707844490453172,32.1286018342903,30.4833981657097,31.306,0.356552714714283,45.1867208266198,31.2544,30.9285782721471,-1.10270952301593,-0.950645099742391
"8869081","2007-08-01",28.9163323673808,0.380952380952381,0.252380952380951,0.145249597423509,32.002784121761,30.526215878239,31.2645,0.501467366426298,45.3257257468274,31.2172,30.9207678358609,-1.02243930000782,-0.965003939795476
"8869080","2007-08-02",26.9937582071226,0.757847533632289,0.504996796925048,0.303920027316399,32.0553432717797,30.5013233948869,31.2783333333333,0.925777479751204,56.016494157603,31.2272,31.0326654577461,-0.718593458722483,-0.915721843580878
"8869079","2007-08-03",26.7919646025931,0.282511210762332,0.473770375115666,0.410382708140554,32.0251521588137,30.4915145078529,31.2583333333333,0.440229253885866,44.7845558733575,31.1656,30.9883100633799,-0.745106212207247,-0.881598717306152
"8869078","2007-08-06",27.0813881471764,0.0941704035874445,0.378176382660687,0.4523145182338,31.995068431555,30.4362649017783,31.2156666666667,0.203404999731085,41.2548246406998,31.1088,30.8938687215959,-0.8659609197323,-0.878471157791381
"8869077","2007-08-07",25.2299162978027,0.296928327645052,0.224536647331608,0.358827801702654,32.0360468931644,30.4366197735022,31.2363333333333,0.744045713952741,48.1681838252387,31.068,30.9000195587165,-0.780704503695073,-0.85891782697212
"8869076","2007-08-08",26.2461895224603,0.52,0.303699577077498,0.302137535689931,33.0304597284484,29.7962069382183,31.4133333333333,1.45127587922644,65.0253551106535,31.1268,31.2400169508876,-0.0608023959889681,-0.699294740775489
"8869075","2007-08-09",27.1898718024994,0.556923076923077,0.457950468189375,0.328728897532827,33.645929953321,29.4944033800123,31.5701666666666,1.18404556328541,66.1586884453221,31.2188,31.5666813574359,0.558546208072475,-0.447726551005897
"8869074","2007-08-10",27.479207256454,0.483076923076923,0.519999999999999,0.427216681755624,33.996997273296,29.3923360600373,31.6946666666666,0.973143748424623,61.8424473420546,31.29,31.7857905097778,0.911707922996463,-0.175839656205425
"8869073","2007-08-13",26.7412444514399,0.343076923076923,0.46102564102564,0.479658703071671,34.1392435011151,29.4194231655515,31.7793333333333,0.754388214233434,54.573294216065,31.3212,31.8543517751408,0.948454921374253,0.0490192593105108
"8869072","2007-08-14",26.0559932753554,0.347692307692307,0.39128205128205,0.457435897435896,34.2178944023219,29.469105597678,31.8435,0.656496045042039,54.7620778510754,31.3736,31.9177715384553,0.973620914680007,0.23393959038441
"8869071","2007-08-15",25.1215145189577,0.306153846153846,0.332307692307691,0.394871794871793,34.279573540646,29.5247597926873,31.9021666666667,0.623629097687728,52.6417143633941,31.4228,31.936735333328,0.9146998816981,0.370091648647148
"8869070","2007-08-16",23.9237795984247,0.26,0.304615384615384,0.342735042735041,34.3133747869802,29.5456252130198,31.9295,0.584001895189164,50.3107616421658,31.4504,31.9131706222176,0.783253644781046,0.452724047873928
"8869069","2007-08-17",23.8674567513363,0.456279809220985,0.340811218458276,0.325911431793783,34.5284606557014,29.5235393442986,32.026,0.83313877074044,59.3025973358361,31.5284,32.0780812059219,1.01752794732033,0.565684827763208
"8869068","2007-08-20",23.8151569647541,0.499205087440382,0.405161632220455,0.350196078431371,34.7278917695238,29.5217748971429,32.1248333333333,0.805121847806991,60.7869934599824,31.622,32.257003711799,1.25454069539803,0.703456001290173
"8869067","2007-08-21",23.3593448081038,0.445151033386327,0.466878643349231,0.404283831342653,34.8524617452278,29.6098715881055,32.2311666666667,0.714048138999032,57.9219819643607,31.6984,32.3667365502258,1.34046519011692,0.830857839055523
"8869066","2007-08-22",22.8629225597279,0.435612082670907,0.459989401165871,0.444009892245185,34.943519744204,29.7338135891294,32.3386666666667,0.676849385725125,57.4077685662835,31.7732,32.453838343529,1.37699393141921,0.940085057528261
"8869065","2007-08-23",22.040828322245,0.389507154213036,0.423423423423422,0.450097155979507,34.9624895819263,29.949843751407,32.4561666666667,0.61580710459647,54.8721530191691,31.8188,32.4906598977251,1.31835942781175,1.01573993158496
"8869064","2007-08-24",20.8295394483262,0.252220248667851,0.359113161850597,0.414175328813296,34.9231358274004,30.1745308392662,32.5488333333333,0.502351567817198,51.732616127896,31.8492,32.4732385780285,1.1665887102019,1.04590968730835
"8869063","2007-08-27",19.4206779956605,0.074844074844074,0.238857159241653,0.340464581505223,34.8060453371779,30.4852879961554,32.6456666666667,0.42308447174803,49.7444510845314,31.8708,32.426140100958,0.975469066889834,1.03182156322464
"8869062","2007-08-28",18.4031542213667,0,0.109021441170641,0.235663920754296,34.7538767517699,30.62412324823,32.689,0.31782609235916,46.6097048200579,31.9,32.3333214208303,0.718506327203383,0.969158516020392
"8869061","2007-08-29",17.5386761854369,0,0.0249480249480238,0.124275541786772,34.7165703981808,30.7217629351525,32.7191666666667,0.287432392042511,46.0487936045065,31.9348,32.2435452313862,0.491385495713259,0.873603911958966
"8869060","2007-08-30",16.3884936249026,0.141025641025641,0.0470085470085463,0.0603260043757364,34.7125666655415,30.7624333344584,32.7375,0.390931951601952,50.1127293729922,32.0056,32.2244058672014,0.416581882991451,0.782199506165463
"8869059","2007-08-31",15.6739326690683,0.198717948717949,0.113247863247863,0.0617348117348104,34.6487412884233,30.9619253782434,32.8053333333333,0.423511233847796,51.7150948142093,32.0772,32.2318184182412,0.397798713600261,0.705319347652423
"8869058","2007-09-04",14.885007977254,0.169871794871794,0.169871794871794,0.110042735042734,34.4877565903776,31.293910076289,32.8908333333333,0.366148859028068,50.8358762938803,32.162,32.2262426291424,0.356263096629239,0.635508097447786
"8869057","2007-09-05",14.1524350491407,0.189102564102564,0.185897435897435,0.15633903133903,34.436300250707,31.4270330826263,32.9316666666667,0.337723503412042,51.4287365366535,32.2176,32.2294102785901,0.334518053327515,0.575310088623732
"8869056","2007-09-06",13.3935589570942,0.173076923076924,0.177350427350426,0.177706552706551,34.1664194792866,31.4825805207134,32.8245,0.321959014415926,50.8781334619328,32.2708,32.2254889081114,0.301288584807824,0.52050578786055
"8869055","2007-09-07",13.1972892194862,0,0.120726495726495,0.161324786324785,33.8945735462095,31.4927597871238,32.6936666666667,0.125144401839029,43.8070003535113,32.2604,32.1287570536965,0.0982225932191216,0.436049148932265
"8869054","2007-09-10",13.394368533788,0,0.0576923076923071,0.118589743589742,33.7627431376811,31.3815901956522,32.5721666666667,0.0259299336012249,41.1663659862917,32.2804,32.0049227798703,-0.137206873645757,0.32139794441666
"8869053","2007-09-11",13.5773707542111,0.0551181102362206,0.0183727034120727,0.0655971689436245,33.7578571237158,31.2404762096175,32.4991666666667,0.111037542557456,42.8962649359173,32.3228,31.916266409221,-0.285824301167559,0.199953495299817
"8869052","2007-09-12",13.6532307791725,0.138775510204082,0.0646312068134332,0.0468987393059372,33.7617182580061,31.1449484086605,32.4533333333333,0.200648746954497,45.3676019171024,32.3468,31.8660975546582,-0.349277548910054,0.0901072864578424
"8869051","2007-09-13",13.5858141966336,0.187845303867403,0.127246308102568,0.0700834061093574,33.7628611245491,31.0641388754509,32.4135,0.233145318341932,45.3676019171024,32.2704,31.8226178807037,-0.395152538532562,-0.00694467854023839
"8869050","2007-09-14",13.3798492907581,0.165745856353592,0.164122223475025,0.118666579463675,33.7671317853039,30.9958682146961,32.3815,0.250474834896947,44.9167076328907,32.1828,31.7796021632766,-0.43675277267452,-0.0929062973670947
"8869049","2007-09-17",13.5974568446991,0.0276243093922656,0.127071823204419,0.13948011826067,33.5703435949654,30.9716564050345,32.271,0.196898237803073,42.1004015981091,32.1044,31.7089885415064,-0.527405172134787,-0.179806072320633
"8869048","2007-09-18",12.7348401073785,0.248618784530387,0.14732965009208,0.146174565590508,33.3063112964924,31.0613553701742,32.1838333333333,0.404749429230885,47.7458375853662,32.0784,31.7011234026389,-0.491882491908924,-0.242221356238291
"8869047","2007-09-19",12.9996974115342,0.721698113207546,0.332647069043398,0.202349514113299,33.2088988510867,31.1161011489133,32.1625,0.865141201117093,59.2881167882893,32.0944,31.8383069489537,-0.187101464191053,-0.231197377828844
"8869046","2007-09-20",13.0043393885585,0.660377358490567,0.543564752076166,0.341180490403881,33.1067792125496,31.172887454117,32.1398333333333,0.844814196774816,57.6377444272051,32.116,31.9398660224265,0.0204447135469632,-0.180868959553682
"8869045","2007-09-21",13.0086497957954,0.683962264150943,0.688679245283018,0.521630355467527,33.0525309192721,31.2018024140612,32.1271666666666,0.854545069587036,58.1206096993585,32.1516,32.0345505527697,0.194743174391232,-0.105746532764699
"8869044","2007-09-24",13.6475090376663,0.685589519650656,0.676643047430721,0.636295681596634,33.1359141001234,31.1634192332099,32.1496666666666,0.936165055617909,59.3190969166291,32.1364,32.132610479067,0.358385407554218,-0.0129201447009159
"8869043","2007-09-25",14.0073880586388,0.637554585152836,0.669035456318144,0.678119249677294,33.1961920723584,31.1504745943082,32.1733333333333,0.799813312402225,57.6893330075379,32.106,32.2029290818581,0.454763178412043,0.0806165199216759
"8869042","2007-09-26",15.1651327638865,0.765182186234819,0.696108763679436,0.680595755809433,33.3646429416238,31.1166903917094,32.2406666666666,0.963829481946316,62.0757292222321,32.1064,32.321205204277,0.630915944940735,0.190676404925488
"8869041","2007-09-27",16.5033919916009,0.64814814814815,0.683628306511934,0.682924175503171,33.5050176153298,31.1159823846701,32.3105,0.900231296046083,59.898432072016,32.1036,32.4050445103734,0.726527682258116,0.297846660392013
"8869040","2007-09-28",17.2739743076554,0.562264150943397,0.658531495108788,0.679422855100052,33.5758518366693,31.1138148299973,32.3448333333333,0.76339977759986,56.6866042321448,32.104,32.4497052423236,0.741186473874844,0.38651462308858
"8869039","2007-10-01",18.2278253566058,0.603773584905661,0.604728627999069,0.648962809873263,33.6513527816201,31.0989805517132,32.3751666666666,0.795737950949609,57.9582770369224,32.1236,32.5030778766805,0.771056539703174,0.463423006411499
"8869038","2007-10-02",19.3701686318046,0.849056603773585,0.671698113207547,0.6449860787718,33.8229125052424,31.0444208280909,32.4336666666666,0.931769033728615,64.5766101691295,32.1788,32.6360008264564,0.944366019148135,0.559611608958826
"8869037","2007-10-03",20.7014026331149,0.791666666666666,0.748165618448637,0.674864119885084,33.9978420657596,30.9981579342403,32.498,0.91070991010511,64.8516311798293,32.2508,32.7552007162622,1.07563260873307,0.662815808913674
"8869036","2007-10-04",22.3974798572467,0.867069486404833,0.835930918948361,0.751931550201514,34.2773651482142,30.9106348517858,32.594,0.996822293262143,69.8150571964294,32.3492,32.9371739540939,1.30814708830278,0.791882064791496
"8869035","2007-10-05",24.2237893554678,0.858044164037854,0.838926772369784,0.807674436588926,34.566920627444,30.8937460392226,32.7303333333333,0.987226137414085,71.6423940837526,32.44,33.1282174268814,1.53355914316262,0.940217480465721
"8869034","2007-10-08",27.0330928491073,0.467532467532467,0.73088203932505,0.801913243547731,34.916480256313,30.9081864103536,32.9123333333333,1.04162695736206,71.8625241320334,32.5248,33.2977884366306,1.6976938541877,1.09171275521012
"8869033","2007-10-09",29.6417318074868,0.493506493506493,0.60636104169227,0.725389951129034,35.0995246962726,31.0368086370607,33.0681666666666,0.886071774925937,72.6253437763286,32.6172,33.4580833117465,1.82895974155677,1.23916215247945
"8869032","2007-10-10",31.6787575859464,0.444736842105264,0.468591934381407,0.601945005132908,35.2307228632771,31.1912771367228,33.211,0.82570475152515,69.3841737072398,32.7008,33.5756722035136,1.87144195077262,1.36561811213808
"8869031","2007-10-11",32.7774909845012,0.353562005277045,0.430601780296267,0.501851585456647,35.2905634132891,31.3941032533775,33.3423333333333,0.750911500834874,62.9545660710345,32.7728,33.6322492430451,1.80205731778165,1.45290595326679
"8869030","2007-10-12",33.2868399393086,0.292875989445912,0.363724945609406,0.420972886762359,35.2696565709711,31.6460100956955,33.4578333333333,0.64961908408172,58.9733697252296,32.8636,33.6506160106391,1.67249718124542,1.49682419886252
"8869029","2007-10-15",32.3857596249266,0.0889487870619941,0.245128927261649,0.34648521772244,35.1235368352529,31.9811298314137,33.5523333333333,0.443037296002308,48.8484413394225,32.9384,33.5732005425539,1.3860437467323,1.47466810843648
"8869028","2007-10-16",31.5490421901434,0.137466307277627,0.17309702792851,0.260650300266521,35.020682911952,32.2249837547146,33.6228333333333,0.413140391839134,51.1700113647943,33.0148,33.53010713688,1.18855502572048,1.41744549189328
"8869027","2007-10-17",30.9350672170972,0.115902964959569,0.114106019766396,0.177443991652184,35.0117016255691,32.2782983744308,33.645,0.399392817402466,50.0820654330181,33.08,33.4820928519627,1.00125611673354,1.33420761686133
"8869026","2007-10-18",30.3649475992687,0.138888888888889,0.130752720375361,0.139318589356755,34.9928637012882,32.3621362987117,33.6775,0.416056170199533,52.5277412900345,33.1524,33.464480471701,0.886007549699475,1.24456760342896
"8869025","2007-10-19",28.5308059207493,0,0.084930617949485,0.109929786030413,34.9781361764016,32.3971971569317,33.6876666666666,0.228393427852488,43.7977270416722,33.1992,33.3585497421409,0.623245148675489,1.12030311247827
"8869024","2007-10-22",26.666432224041,0,0.0462962962962955,0.0873265448737128,35.0026470905982,32.3406862427351,33.6716666666666,0.131224228014204,40.4936468337559,33.2436,33.2254097765221,0.335477915942262,0.963338073171065
"8869023","2007-10-23",24.9352280770976,0.083129584352079,0.0277098614506922,0.0529789252321566,34.9943105042519,32.3600228290814,33.6771666666667,0.203714971088173,45.3621403259805,33.2856,33.1553551396525,0.187428953131619,0.808156249163176
"8869022","2007-10-24",23.4324299837938,0.0684596577017117,0.0505297473512628,0.0415119683660825,35.0148787834112,32.2914545499221,33.6531666666666,0.187954112002387,44.6676260980418,33.282,33.0866411210322,0.0546442102153044,0.657453841373602
"8869021","2007-10-25",22.018848588157,0.154034229828851,0.101874490627547,0.0600380331431662,35.0169929769977,32.2760070230023,33.6465,0.312780264007325,49.5225914764871,33.2976,33.0737556382279,0.0343559978308816,0.532834272665058
"8869020","2007-10-26",21.6085923253682,0.442307692307692,0.221600526612751,0.124668254863852,35.0175047773261,32.3428285560072,33.6801666666666,0.494952660104287,55.7365967702011,33.332,33.1319215531308,0.143477881231568,0.45496299437836
"8869019","2007-10-29",21.8612235200149,0.592307692307692,0.396216538148077,0.239897185129457,35.0512217033056,32.4044449633611,33.7278333333333,0.634314313192687,59.7397061400058,33.3772,33.2343320127134,0.320844288317956,0.428139253166279
"8869018","2007-10-30",22.6433689736729,0.788461538461537,0.607692307692306,0.408503124151044,35.1484279511845,32.4019053821488,33.7751666666666,0.79303721819258,64.2880795475091,33.4472,33.3910877443516,0.577501171486472,0.458011636830318
"8869017","2007-10-31",23.8825968287252,0.514657980456026,0.631809070408417,0.545239305416266,35.213340412243,32.4076595877569,33.8105,0.723178153837719,57.8066696761972,33.4812,33.4642760451047,0.658833750926524,0.498176059649559
"8869016","2007-11-01",23.7198504454439,0.29641693811075,0.533178819009437,0.590893399036719,35.1700748228074,32.3949251771926,33.7825,0.472674146256168,50.0588187013609,33.494,33.4383725724241,0.555177328788403,0.509576313477328
"8869015","2007-11-02",23.5687288038255,0.361563517915309,0.390879478827361,0.518622456081737,35.0877610816519,32.3962389183481,33.742,0.4881108168321,52.1217349195107,33.5232,33.4425895627675,0.515349477020344,0.510730946185931
"8869014","2007-11-05",23.4284015651799,0.390879478827362,0.349619978284473,0.424559425373756,34.8738917754238,32.4787748912428,33.6763333333333,0.539107346821078,53.061351257336,33.5516,33.4582442877319,0.499725038331644,0.508529764615074
"8869013","2007-11-06",22.6852875706336,0.289902280130293,0.347448425624321,0.362649294245384,34.7362894465722,32.5083772200945,33.6223333333333,0.470525469591561,49.4607369305379,33.5416,33.430478382701,0.407851780945401,0.488394167881139
"8869012","2007-11-07",21.672333170906,0.234527687296417,0.305103148751357,0.334057184220049,34.6017080521513,32.5209586145153,33.5613333333333,0.377608201131614,47.5549854588097,33.5236,33.3837479316742,0.290601707137084,0.448835675732328
"8869011","2007-11-08",20.6156678342443,0.21498371335505,0.246471226927252,0.299674267100975,34.4955078488877,32.5171588177789,33.5063333333333,0.355266523332923,46.8685897192459,33.4796,33.3352482074509,0.180997316957843,0.395268003977431
"8869010","2007-11-09",19.6344785930584,0.136200716845879,0.195237372499114,0.248937249392573,34.4369197836991,32.4964135496342,33.4666666666666,0.366014344383039,46.8685897192459,33.4256,33.2932151131241,0.0929767653420122,0.334809756250347
"8869009","2007-11-12",19.2055471797597,0.172043010752687,0.174409146984538,0.205372582136967,34.4366219435571,32.4957113897762,33.4661666666666,0.447017994655653,48.3106961887399,33.3744,33.2701197647076,0.0468794636841352,0.277223697737105
"8869008","2007-11-13",18.5350868342102,0.00409836065573689,0.1041140294181,0.15792018296725,34.4340167975985,32.4843165357348,33.4591666666666,0.387589558788306,46.6735671745373,33.3144,33.2341037960799,-0.0185986664333004,0.218059224903024
"8869007","2007-11-14",18.7841318760964,0.2880658436214,0.154735738343274,0.144419638248636,34.4754046632014,32.4939286701319,33.4846666666666,0.699514571317579,56.0333267403574,33.2888,33.2962232899359,0.0982574617478971,0.194098872271998
"8869006","2007-11-15",18.7547508713831,0.242798353909466,0.178320852728867,0.145723540163413,34.4976542368804,32.5020124297862,33.4998333333333,0.630367416508232,54.4169749684801,33.2724,33.3353935179445,0.162174205473242,0.187713938912247
"8869005","2007-11-16",18.1293928530133,0.135802469135802,0.222222222222222,0.185092937764787,34.4966434625389,32.5573565374611,33.527,0.501546960360138,50.6946287148998,33.2548,33.3346743822185,0.148131159623865,0.179797383054571
"8869004","2007-11-19",18.0839646838078,0.152263374485596,0.176954732510287,0.192499269153791,34.4666921478808,32.6843078521191,33.5755,0.54740840693051,51.2471559066949,33.2668,33.3393844645894,0.145012772249453,0.172840460893547
"8869003","2007-11-20",19.103839230754,0.535,0.274355281207132,0.224510745313212,34.5493898339674,32.7499434993658,33.6496666666666,0.905865581701303,59.7481222958933,33.2996,33.4367998693108,0.308126012477916,0.199897571210421
"8869002","2007-11-21",20.8187241226238,0.605839416058392,0.431034263514662,0.294114759077359,34.756829430125,32.7641705698749,33.7605,1.13207005731122,65.2483692251325,33.3592,33.5998932200694,0.572063206241724,0.274330698216682
"8869001","2007-11-23",22.4111172365029,0.762773722627738,0.634537712895376,0.446642419205722,35.009252912199,32.7224137544677,33.8658333333333,1.10090219376423,68.6144666616696,33.4288,33.7985741240601,0.872412428430125,0.39394704425937
"8869000","2007-11-26",22.3535890659257,0.503649635036497,0.624087591240875,0.563219855883636,35.1161225986883,32.7208774013117,33.9185,0.834621274213542,58.5329379064176,33.4972,33.8760975741855,0.929032675773844,0.500964170562265
"8868999","2007-11-27",21.6925081461518,0.383211678832115,0.549878345498783,0.602834549878343,35.1369772139557,32.7220227860443,33.9295,0.654799332448138,54.5230595852528,33.5648,33.8992845642941,0.884928951102215,0.577757126670255
"8868998","2007-11-28",21.9757555691144,0.613138686131386,0.499999999999999,0.557988645579884,35.2093087805067,32.6886912194933,33.949,0.90505946470894,60.1375024865805,33.644,34.0033799557215,0.988048833551725,0.659815468046549
"8868997","2007-11-29",22.4116531731267,0.715328467153284,0.570559610705595,0.540145985401458,35.3488640154086,32.6264693179247,33.9876666666666,0.948991960814144,62.36157545966,33.7368,34.1309292949587,1.12232486960684,0.752317348358607
"8868996","2007-11-30",22.8164152339952,0.726277372262774,0.684914841849147,0.585158150851579,35.5117295005543,32.611603832779,34.0616666666666,0.887914224718073,62.6023313732207,33.8168,34.2454720556308,1.22077693702221,0.846009266091327
"8868995","2007-12-03",22.9813490537408,0.68978102189781,0.710462287104622,0.65531224655312,35.6380424908309,32.6236241758358,34.1308333333333,0.819298750014923,61.1971254292129,33.872,34.3314091148801,1.26002270566121,0.928811954005304
"8868994","2007-12-04",23.3754307053876,0.609958506224065,0.675338966794882,0.690238698582883,35.7510668136087,32.6432665197245,34.1971666666666,0.789433012079358,59.8940770485251,33.908,34.3938878995627,1.25509487554545,0.994068538313333
"8868993","2007-12-05",24.0593139974733,0.770992366412214,0.690243964844695,0.692015072914732,35.9274330525914,32.6662336140753,34.2968333333333,0.884265571699258,64.823409649908,33.9456,34.5213695129544,1.36367991814708,1.06799081428008
"8868992","2007-12-06",25.1723804633052,0.731147540983607,0.704032804539961,0.689871912059845,36.1175973806365,32.7287359526968,34.4231666666667,0.91611812599962,66.5156526806686,34.0104,34.6598535778938,1.48050757849043,1.15049416712215
"8868991","2007-12-07",26.5436634316624,0.791044776119404,0.764394894505074,0.719557221296576,36.3523215423894,32.7973451242772,34.5748333333333,0.972155030747401,69.9282914263564,34.1204,34.8412064341746,1.65922879508393,1.25224109271451
"8868990","2007-12-10",27.4708133797978,0.685393258426968,0.735861858509992,0.734763185851675,36.4895226316654,32.9448107016679,34.7171666666666,0.876946474933333,67.6678878414554,34.2168,34.9797122429513,1.74663897695191,1.35112066956199
"8868989","2007-12-11",27.0726269311281,0.475655430711611,0.65069782175266,0.716984858255908,36.5403245678064,33.1273420988603,34.8338333333333,0.752809189963343,59.3971650965473,34.2872,35.0250839438912,1.66691536276773,1.41427960820314
"8868988","2007-12-12",25.7935184505054,0.295880149812736,0.485642946317104,0.624067542193251,36.4940398965277,33.3859601034722,34.94,0.636204139378668,53.3751997913542,34.3508,35.0004060847057,1.47615787165505,1.42665526089352
"8868987","2007-12-13",24.6057748613557,0.310861423220976,0.36079900124844,0.499046589772734,36.4774599317363,33.5242067349304,35.0008333333333,0.532450090441619,53.7955965283263,34.4228,34.9843519400782,1.31905039501266,1.40513428771735
"8868986","2007-12-14",23.4344866753618,0.0299625468164814,0.21223470661673,0.352892218060757,36.4210360157117,33.6606306509549,35.0408333333333,0.325810607575134,45.5098166122923,34.4672,34.8704383480678,1.00975763879871,1.32605895793362
"8868985","2007-12-17",22.9582152356425,0,0.113607990012485,0.228880565959217,36.3558010915074,33.7711989084926,35.0635,0.0820762383607014,41.390516398416,34.4936,34.7117132349921,0.652261046564795,1.19129937565985
"8868984","2007-12-18",21.6637684867145,0.213815789473684,0.0812594454300542,0.135700714019755,36.2556808605181,33.9639858061485,35.1098333333333,0.271711918796034,48.6242434186551,34.542,34.6608181369932,0.513737240627576,1.0557869486534
"8868983","2007-12-19",20.4617822198528,0.279605263157895,0.164473684210526,0.119780373217687,36.2393070428212,34.0110262905121,35.1251666666667,0.303211512038781,50.6428229082039,34.6032,34.6433757187274,0.445392837494252,0.93370812642157
"8868982","2007-12-20",19.8297361095875,0.171052631578948,0.221491228070175,0.15574145257025,36.2458916445961,33.9521083554039,35.099,0.237406172513609,47.3378722038387,34.6232,34.5842589562304,0.310670169755789,0.809100535088414
"8868981","2007-12-21",18.4137835868043,0.483552631578947,0.311403508771929,0.232456140350875,36.2503830952312,33.9532835714355,35.1018333333333,0.584817105795837,56.199618665087,34.6856,34.6596910953997,0.420624442255679,0.731405316521867
"8868980","2007-12-24",17.7930021821593,0.5625,0.405701754385964,0.312865497076022,36.3020790509597,33.9912542823736,35.1466666666667,0.703390584344296,58.1170950915986,34.768,34.7570656160131,0.556758352174191,0.696475923652332
"8868979","2007-12-26",17.0987561434944,0.539473684210527,0.528508771929824,0.415204678362571,36.3031446713086,34.1095219953581,35.2063333333333,0.632353360728975,57.3287862982813,34.846,34.832123533878,0.640526424423626,0.685286023806591
"8868978","2007-12-27",15.924298158183,0.414473684210526,0.50548245614035,0.479897660818712,36.3154953074827,34.131171359184,35.2233333333333,0.539676654524699,53.1167311138404,34.8808,34.8465070626943,0.611628515155482,0.670554522076369
"8868977","2007-12-28",14.9925383167375,0.418772563176896,0.457573310532649,0.497188179534273,36.3121358641588,34.1261974691745,35.2191666666667,0.457684077368227,52.0332939920104,34.888,34.845639454335,0.559110110080452,0.648265639677186
"8868976","2007-12-31",14.127332749681,0.47653429602888,0.4365935144721,0.466549760381698,36.3122836727561,34.1263829939105,35.2193333333333,0.48658066506992,53.6618972018941,34.8844,34.8662208604237,0.548205539538293,0.628253619649407
"8868975","2008-01-02",14.6138164301206,0.161172161172161,0.352159673459312,0.415442166154685,36.3297957500626,34.0445375832707,35.1871666666666,0.177425212880207,44.6771092993915,34.874,34.7667247457005,0.331803574076583,0.568963610534842
"8868974","2008-01-03",15.1788825186643,0.146443514644352,0.261383323948464,0.350045503959957,36.3616055129869,33.9247278203464,35.1431666666667,0.1198003688088,43.8681335845204,34.8732,34.6684947796071,0.137412861457253,0.482653460719325
"8868973","2008-01-04",16.3698553772017,0,0.102538558605503,0.238693852004425,36.4038555806967,33.6981444193033,35.051,0.00314972547143533,39.0459529454936,34.8244,34.5073621423262,-0.148553930613649,0.35641198245273
"8868972","2008-01-07",16.2952680737722,0.195402298850574,0.113948604498308,0.159290162350757,36.3172106973379,33.6271226359954,34.9721666666667,0.234023577041231,44.8838106498889,34.7848,34.4357138566827,-0.253626972957377,0.234404191370709
"8868971","2008-01-08",15.9695027048065,0.203065134099617,0.132822477650063,0.116436546917957,36.1118463646298,33.6391536353702,34.8755,0.275346126339636,45.1058457121116,34.7448,34.3762853424583,-0.328640695443938,0.121795214007779
"8868970","2008-01-09",15.9108963222732,0.134099616858238,0.177522349936142,0.14143114402817,35.936801921549,33.6128647451176,34.7748333333333,0.183798107459293,43.4108527960475,34.7016,34.3007806301306,-0.425724972276453,0.0122911767509328
"8868969","2008-01-10",15.3058649093382,0.126436781609195,0.154533844189016,0.154959557258406,35.8095288505794,33.5834711494205,34.6965,0.245514233658428,43.2165284972511,34.6612,34.2326765461131,-0.501879751719847,-0.0905430089432231
"8868968","2008-01-11",14.7440500258985,0.157088122605363,0.139208173690931,0.157088122605362,35.7317483035092,33.5335850298241,34.6326666666667,0.25161080774284,44.2907668333811,34.602,34.1843196732981,-0.537371011587584,-0.179908609472095
"8868967","2008-01-14",14.2223647769903,0.222222222222222,0.168582375478926,0.154108131119623,35.6813886845472,33.4912779821194,34.5863333333333,0.309903064319172,46.602528292335,34.5412,34.1650770501917,-0.519437124432476,-0.247814312464171
"8868966","2008-01-15",14.1241208282277,0.135135135135136,0.171481826654239,0.159757458608031,35.684261972904,33.4297380270959,34.557,0.241113121574127,43.945513454756,34.4528,34.1177334434994,-0.553293082183992,-0.308910066408136
"8868965","2008-01-16",13.274044716156,0.142857142857142,0.166738166738166,0.168934122957109,35.6788922578577,33.4481077421423,34.5635,0.298202532115797,44.2432068036036,34.3708,34.0793689843662,-0.568957778457957,-0.3609196088181
"8868964","2008-01-17",13.4484407276759,0,0.092664092664092,0.143628028685498,35.7114860647339,33.3115139352661,34.5115,0.097981442581475,37.7637346437534,34.2872,33.9661197864507,-0.715723476964802,-0.43188038244744
"8868963","2008-01-18",14.5640987324837,0,0.0476190476190467,0.102340435673767,35.8360742067386,32.9925924599281,34.4143333333333,-0.0876598300215294,31.4756936359039,34.1924,33.7666371482573,-1.00275914990208,-0.546056135938368
"8868962","2008-01-22",16.387701013157,0,-6.8463753185218e-16,0.0467610467610447,36.0533558642286,32.527310802438,34.2903333333333,-0.144820649430963,26.373143611238,34.0632,33.484418861823,-1.41370679418691,-0.719586267588076
"8868961","2008-01-23",17.0052519565421,0,-6.8463753185218e-16,0.0158730158730138,36.1071902005426,32.1318097994573,34.1195,-0.0633423154645934,23.8357828619517,33.944,33.1731630135799,-1.84420144120183,-0.944509302310827
"8868960","2008-01-24",17.1770015462285,0.326370757180157,0.108790252393385,0.0362634174644599,35.9211771824942,32.0354894841724,33.9783333333333,0.195034678028347,39.5054926772887,33.8928,33.0700746117693,-1.86271395173587,-1.12815023219584
"8868959","2008-01-25",18.0579599373108,0.140992167101828,0.155787641427328,0.0881926312735694,35.7918324942662,31.8191675057338,33.8055,0.0555879982086803,35.0895738252905,33.7872,32.8860646635334,-2.02913515723089,-1.30834721720285
"8868958","2008-01-28",19.1044295330913,0.0757180156657971,0.181026979982593,0.148534957934434,35.6840697682995,31.5675968983671,33.6258333333333,0.0362129845160314,33.6627210528718,33.6636,32.6932560417289,-2.19968081601232,-1.48661393696474
"8868957","2008-01-29",19.7195669125462,0.224043715846994,0.146917966204873,0.161244195871597,35.5110223895666,31.4416442771,33.4763333333333,0.170793268739871,39.2981091885604,33.5744,32.5968219028317,-2.1804932474604,-1.62538979906387
"8868956","2008-01-30",20.5584959137356,0.150273224043716,0.150011651852168,0.15931886601321,35.2863985594612,31.3496014405388,33.318,0.17113706204372,37.5481523813353,33.4364,32.4772456491208,-2.20779410042119,-1.74187065933534
"8868955","2008-01-31",21.7458391557729,0.0311614730878195,0.135159470992843,0.14402969634996,35.1901232132216,31.1782101201117,33.1841666666666,0.14833900919831,34.8264625307319,33.2712,32.3149462292381,-2.31388284979436,-1.85627309742714
"8868954","2008-02-01",22.8483721662361,0.294617563739376,0.15868408695697,0.147951736600659,35.0690605744823,31.1142727588509,33.0916666666666,0.316677901875195,44.0567040903669,33.146,32.2982867320063,-2.14192681631731,-1.91340384120517
"8868953","2008-02-04",22.4851093282477,0.345609065155807,0.223796033994334,0.172546530648047,35.0053689158414,31.0809644174918,33.0431666666666,0.421898978525565,45.6607961308935,33.0432,32.3078485010721,-1.93830639543624,-1.91838435205139
"8868952","2008-02-05",22.1951668247315,0.3342776203966,0.324834749763927,0.235771623571742,34.8487365824959,31.0679300841707,32.9583333333333,0.394643290126127,45.3496052121368,32.9428,32.3108020342625,-1.76651214158932,-1.88800990995897
"8868951","2008-02-06",22.486241046101,0.227722772277228,0.302536485943211,0.283722423233823,34.6640533603809,31.0309466396191,32.8475,0.295170710947186,41.6086079229733,32.8164,32.2480284296942,-1.7329580076665,-1.85699952950048
"8868950","2008-02-07",23.2231512912874,0.0946502057613171,0.218883532811714,0.282084922839616,34.5301275575146,30.9248724424854,32.7275,0.198356991307908,38.4056213804468,32.7068,32.132291305735,-1.80152101539603,-1.84590382667959
"8868949","2008-02-08",23.937109656917,0.0823045267489724,0.134892501595838,0.21877084011692,34.3485802824199,30.8500863842467,32.5993333333333,0.204825362935221,38.1990961472507,32.5996,32.0279857983036,-1.84323904242489,-1.84537086982865
"8868948","2008-02-11",24.9164756724376,0,0.0589849108367624,0.137586981748104,34.1595484253819,30.7567849079514,32.4581666666666,0.148863834582438,35.976740574005,32.5024,31.8949210251965,-1.93589571693877,-1.86347583925068
"8868947","2008-02-12",25.1703798571956,0.117647058823528,0.0666505285241662,0.0868426469855878,33.8769704703236,30.7793628630097,32.3281666666666,0.255241217487811,39.5286824513763,32.3968,31.819598221837,-1.91243847263006,-1.87326836592655
"8868946","2008-02-13",25.2047707956811,0.307377049180328,0.141674702667951,0.0891033806762921,33.5850806559442,30.864252677389,32.2246666666666,0.381898695593415,44.5023694827916,32.3084,31.8143184589254,-1.7597511535813,-1.8505649234575
"8868945","2008-02-14",24.5329855237495,0.389344262295082,0.271456123432979,0.159927118208364,33.1756198808358,31.0780467858308,32.1268333333333,0.514222786039928,46.6043890202599,32.2352,31.8364093310686,-1.56990210521901,-1.7944323598098
"8868944","2008-02-15",24.8493977832066,0.0655737704918034,0.254098360655737,0.222409728918888,32.8848026683109,31.1591973316891,32.022,0.168522119246708,40.1375128669815,32.1312,31.7502214202595,-1.60148552830156,-1.75584299350816
"8868943","2008-02-19",25.4385418044895,0,0.151639344262294,0.225731276117002,32.8147219653322,31.0726113680011,31.9436666666666,0.0597294447464989,38.0502332210697,32.0124,31.6368585642249,-1.68176988102174,-1.74102837101087
"8868942","2008-02-20",26.1064176056138,0,0.021857923497267,0.142531876138432,32.8552825471368,30.9300507861965,31.8926666666666,0.0346014863361947,37.1884341837078,31.882,31.5226107556616,-1.75692570063658,-1.74420783693601
"8868941","2008-02-21",26.9954569450865,0,-7.72530187968338e-16,0.057832422586519,32.9076171444598,30.7733828555402,31.8405,0.029651763845717,35.2537030299989,31.75,31.38759598824,-1.86550493077791,-1.76846725570439
"8868940","2008-02-22",27.9294039342345,0,-7.72530187968338e-16,0.00728597449908729,32.8397036808558,30.6182963191442,31.729,-0.024742416342976,34.4669663537974,31.6128,31.2559165231414,-1.95884581774645,-1.8065429681128
"8868939","2008-02-25",28.5604117964933,0.0229007633587795,0.00763358778625905,0.00254452926208463,32.8560231447018,30.4616435219649,31.6588333333333,0.073097491742664,35.3149198286198,31.502,31.1497943200559,-1.99565902857473,-1.84436618020519
"8868938","2008-02-26",29.1215713241225,0.0896860986547096,0.0375289540044956,0.0150541805969168,32.8722969019735,30.3470364313598,31.6096666666666,0.152973091872651,37.3518742111917,31.4272,31.0764884107151,-1.96675320103954,-1.86884358437206
"8868937","2008-02-27",29.9653100780948,0,0.0375289540044956,0.0275638319317489,32.8510388659019,30.2072944674314,31.5291666666666,0.120802979070166,34.9793861010748,31.374,30.9756232892864,-1.99439581310968,-1.89395403011958
"8868936","2008-02-28",31.1738276248791,0,0.0298953662182358,0.0349844247424078,32.8722070783272,29.9934595883394,31.4328333333333,0.0358513828275016,31.7947649599728,31.3244,30.8335401840482,-2.10036853638288,-1.93523693137224
"8868935","2008-02-29",32.7471609495819,0,-7.72530187968338e-16,0.0224747734075757,32.9481249008982,29.7072084324351,31.3276666666666,-0.0114808366081463,28.3385962993643,31.2044,30.6424014928418,-2.2939431970729,-2.00697818451237
"8868934","2008-03-03",34.2081133225202,0.0450160771704182,0.0150053590568053,0.0149669084250122,32.8863879901824,29.5036120098176,31.195,0.0619968111199489,30.5697554344744,31.1184,30.4954146271295,-2.38558396135822,-2.08269933988154
"8868933","2008-03-04",34.4725918559873,0.0803858520900322,0.041800643086816,0.0189353340478723,32.6759759847485,29.4326906819181,31.0543333333333,0.15127952233713,32.3519289539377,31.0468,30.3826926768456,-2.403102175531,-2.14677990701144
"8868932","2008-03-05",34.5406741717805,0.109324758842444,0.0782422293676306,0.0450160771704161,32.453311499116,29.4000218342172,30.9266666666666,0.198685646967441,33.8480894736561,30.9576,30.2970003199329,-2.36690983594087,-2.19080589279732
"8868931","2008-03-06",35.2141191268946,0,0.0632368703108245,0.0610932475884225,32.3478274582283,29.241505875105,30.7946666666666,0.0714116205590374,29.547323737069,30.8572,30.1494002772751,-2.45793689161928,-2.24423209256171
"8868930","2008-03-07",36.2572989547653,0,0.0364415862808138,0.0593068953197551,32.3188845178273,29.028448815506,30.6736666666666,0.0582145350413324,26.5723933541372,30.7564,29.9614802403051,-2.62306691014406,-2.31999905607818
"8868929","2008-03-10",36.5732013743117,0.316363636363637,0.105454545454545,0.0683776673487265,32.2153670627353,28.963966270598,30.5896666666666,0.283785498945562,39.2973843533418,30.6532,29.9146162082644,-2.49265588195019,-2.35453042125258
"8868928","2008-03-11",34.7596886852568,0.72,0.345454545454545,0.162450225729967,32.1819659747434,28.9687006919232,30.5753333333333,0.624898910612544,50.9717417732081,30.5872,30.0220007138292,-2.06640854508039,-2.29690604601815
"8868927","2008-03-12",32.4322438861568,0.74367088607595,0.593344840813195,0.348084643907427,32.1478985387006,28.9817681279661,30.5648333333333,0.751147793524471,54.1379704560407,30.5376,30.164400618652,-1.61109312917811,-2.15974346265014
"8868926","2008-03-13",30.9064180690781,0.59493670886076,0.686202531645569,0.541667305971102,31.9907965168684,29.0445368164649,30.5176666666666,0.650133857267492,49.7434402962035,30.4888,30.2251472028317,-1.3604902433225,-1.99989281878461
"8868925","2008-03-14",29.2803594926914,0.655063291139241,0.664556962025316,0.648034778161359,31.7691369767629,29.1635296899038,30.4663333333333,0.754707096504435,51.4588236902266,30.466,30.3031275757875,-1.09863092949986,-1.81964044092766
"8868924","2008-03-17",27.6319201742127,0.533512064343164,0.594504021447721,0.648421171706201,31.7422737060709,29.1763929605957,30.4593333333333,0.831530086956232,50.6745290691126,30.4412,30.3600438990158,-0.902074715163526,-1.63612729577483
"8868923","2008-03-18",26.2352095706017,0.81201044386423,0.666861933115544,0.641974305529526,31.9425310624663,29.0674689375337,30.505,1.05129243512857,59.8911601035197,30.474,30.5587047124804,-0.445043694026226,-1.39791057542511
"8868922","2008-03-19",25.5765520994679,0.789838337182447,0.71178694846328,0.65771763434218,32.240756598062,28.9159100686046,30.5783333333333,1.06694346138968,62.0072312264086,30.5072,30.7722107508163,-0.0034700090211226,-1.11902246214431
"8868921","2008-03-20",24.7600832183203,0.762124711316397,0.787991164121024,0.722213348566615,32.4833627453081,28.8236372546918,30.6535,0.960826912926743,60.6728233390499,30.5176,30.9412493173742,0.309377942180844,-0.833342381279282
"8868920","2008-03-24",24.001933542969,0.863741339491916,0.805234795996919,0.76833763619374,32.7780634043544,28.7356032623122,30.7568333333333,0.96337294638615,63.7529922645295,30.5376,31.1464160750576,0.661998594627433,-0.534274186097939
"8868919","2008-03-25",23.3979651258331,0.879907621247113,0.835257890685141,0.80949461693436,33.0497691405463,28.6702308594537,30.86,0.920135612912366,64.2329412096934,30.592,31.3335605983833,0.946198124235553,-0.238179724031241
"8868918","2008-03-26",22.386775936532,0.826789838337183,0.856812933025403,0.832435206569153,33.2520516372627,28.6456150294039,30.9488333333333,0.838909834122809,61.3581290767507,30.6488,31.4650858519322,1.09797846657858,0.0290519140907224
"8868917","2008-03-27",20.8346938439703,0.736720554272517,0.814472671285603,0.835514498332048,33.3912407160176,28.6750926173157,31.0331666666667,0.750239526403239,56.7223046167982,30.6948,31.5270744050079,1.10501336234341,0.24424420374126
"8868916","2008-03-28",20.3597392733509,0.488439306358382,0.68398323298936,0.785089612433454,33.4372625442401,28.7787374557599,31.108,0.604181757984624,50.1330052480113,30.7264,31.4967978176735,0.938679681388033,0.383131299270615
"8868915","2008-03-31",19.733176425528,0.318367346938775,0.51450906918989,0.670988324488283,33.4540451588003,28.964288174533,31.2091666666667,0.607838056349876,51.103969210358,30.7664,31.4838914419837,0.822970018795566,0.471099043175605
"8868914","2008-04-01",18.472572118777,0.677551020408164,0.494785891235106,0.564426064471451,33.5456186572482,29.1483813427518,31.347,0.755387626293853,58.7210107688401,30.8392,31.5900392497192,0.945244728660954,0.565928180272675
"8868913","2008-04-02",17.9883032512659,0.762962962962963,0.586293776769966,0.53186291239832,33.6906261922723,29.3003738077277,31.4955,0.818394755220506,61.6457566688582,30.9224,31.7353673497566,1.12999501529507,0.678741547277154
"8868912","2008-04-03",17.0820216877057,0.648648648648647,0.69638754400659,0.592489070670553,33.7697933109013,29.4882066890986,31.629,0.744691222952664,58.6262257660994,31.006,31.8253183697891,1.19304678840768,0.78160259550326
"8868911","2008-04-04",16.239959980347,0.45945945945946,0.623690357023689,0.635457225933414,33.6744070977437,29.859259568923,31.7668333333333,0.618780902505953,53.5042063912047,31.0864,31.8379425871505,1.10586376826167,0.846454830054942
"8868910","2008-04-07",15.4580455377997,0.4009900990099,0.503032735706002,0.607703545578759,33.4375865532453,30.4030801134213,31.9203333333333,0.621821019001733,55.140807848006,31.1948,31.8742169088638,1.07244421206922,0.891652706457798
"8868909","2008-04-08",14.3823832145351,0.47029702970297,0.443582196057443,0.523435096262377,33.260560491977,30.8377728413563,32.0491666666667,0.670946333889631,56.3597295790808,31.3032,31.9243213210153,1.0688680958399,0.927095784334219
"8868908","2008-04-09",13.4856115757806,0.524752475247524,0.465346534653464,0.470653822138969,33.2524313152259,31.0039020181074,32.1281666666667,0.690569009062567,57.3405488007859,31.4116,31.9824118115466,1.0810873302981,0.957894093526996
"8868907","2008-04-10",12.864587556265,0.391089108910892,0.462046204620462,0.456991645110455,33.2442898276417,31.1060435056916,32.1751666666666,0.558381175289245,54.1249992870546,31.5056,31.9967569033404,1.01088008047971,0.96849129091754
"8868906","2008-04-11",14.136648280194,0,0.305280528052805,0.410891089108909,33.2165977688486,31.1504022311514,32.1835,-0.0114875693280941,40.938978191952,31.564,31.8171893162283,0.584599341452452,0.891712901024522
"8868905","2008-04-14",15.3178475238424,0.142322097378278,0.177803735429723,0.315043489367662,33.2042756267776,31.1710577065557,32.1876666666667,0.02079247204991,44.7632583697622,31.6556,31.7122307407312,0.338210928487426,0.781012506517103
"8868904","2008-04-15",15.9857497702137,0.213483146067416,0.118601747815231,0.200562003765918,33.1924560955125,31.1932105711542,32.1928333333333,0.110102916073709,46.6242624402311,31.72,31.6465999753004,0.188774101824363,0.662564825578555
"8868903","2008-04-16",15.6255135844313,0.280898876404494,0.212234706616729,0.169546729953893,33.1945018512452,31.1538314820881,32.1741666666667,0.275808966056106,48.3980001203121,31.7472,31.6137199785937,0.114821821072897,0.553016224677423
"8868902","2008-04-17",15.2910085547763,0.464419475655431,0.31960049937578,0.216812317935912,33.1659084649115,31.1397582017551,32.1528333333333,0.442666312178806,52.978859110484,31.7792,31.6505573147812,0.179210163270205,0.47825501239598
"8868901","2008-04-18",14.2414021440245,0.363295880149813,0.369538077403246,0.300457761131917,33.1477750601505,31.1262249398495,32.137,0.443772521133573,50.3276765257175,31.8192,31.6464830061437,0.159487859569984,0.414501581830781
"8868900","2008-04-21",13.2667676197549,0.393258426966292,0.406991260923845,0.365376612567622,33.0897145909352,31.1079520757314,32.0988333333333,0.382848391325651,51.1083733797619,31.8548,31.6536186053245,0.162388300772687,0.364078925619162
"8868899","2008-04-22",12.6072741310517,0.33203125,0.362861852372035,0.379797063566374,33.0165591545785,31.0724408454214,32.0445,0.27821994441605,49.0335277687948,31.8856,31.6331361246146,0.112378295016069,0.313738799498543
"8868898","2008-04-23",11.815164976489,0.439130434782609,0.388140037249633,0.385997716848503,32.9620676877626,31.0512656455707,32.0066666666666,0.367420419415754,50.7558830916529,31.878,31.636717974666,0.112269763539286,0.273444992306692
"8868897","2008-04-24",11.4527191911089,0.417391304347826,0.396184329710144,0.382395406443936,32.9409839159482,31.0343494173851,31.9876666666666,0.419054578394748,50.1851304371762,31.856,31.6331555780439,0.0982929633361218,0.238414586512578
"8868896","2008-04-25",11.1161623903988,0.526086956521739,0.46086956521739,0.415064644059055,32.9433713192672,31.0712953473995,32.0073333333333,0.488960561976541,53.0292245873919,31.8488,31.6634015009713,0.149248334280805,0.220581336066223
"8868895","2008-04-28",10.9835052411557,0.5,0.481159420289854,0.446071105072462,32.9467480444684,31.0965852888649,32.0216666666666,0.477479458744672,52.2580825697349,31.8216,31.6816146341752,0.172305038829301,0.210926076618839
"8868894","2008-04-29",11.1484628764072,0.6651376146789,0.563741523733546,0.501923503080262,32.9175642650771,31.1021024015895,32.0098333333333,0.623109168248061,55.7249174541954,31.8036,31.7373993496185,0.26382511139853,0.221505883574777
"8868893","2008-04-30",11.9189693100906,0.702702702702704,0.622613439127201,0.555838127716866,32.8239373649609,31.1493959683723,31.9866666666666,0.764749103388261,56.9590761264827,31.7992,31.8004127696694,0.359923347152735,0.249189376290369
"8868892","2008-05-01",12.7609206369602,0.635416666666666,0.66775232801609,0.618035763625611,32.7861748883894,31.1678251116106,31.977,0.812870147478981,57.4238376032656,31.812,31.8603577337134,0.440878784292287,0.287527257890752
"8868891","2008-05-02",14.1490675955166,0.738317757009345,0.692145708792904,0.660837158645397,32.9323730150144,31.0982936516522,32.0153333333333,1.02960267300141,63.2931011931972,31.872,31.9856433692183,0.636278933289658,0.357277592970534
"8868890","2008-05-05",14.2764263551383,0.469387755102042,0.614374059592684,0.658090698800558,32.9676794415975,31.0889872250691,32.0283333333333,0.777675428724917,56.0332732993291,31.9088,32.0302242533225,0.661883907060212,0.418198855788469
"8868889","2008-05-06",13.6462380267311,0.24731182795699,0.485005780022792,0.597175182802792,32.9306673918295,31.0919992748371,32.0113333333333,0.56091365753556,51.2822919729689,31.896,32.0208610195462,0.584706804445867,0.451500445519949
"8868888","2008-05-07",13.5046249176051,0.25268817204301,0.32312925170068,0.474169697105384,32.8848240844238,31.1038425822428,31.9943333333333,0.624837530912635,51.4055474442305,31.8676,32.0140795502734,0.520076693923532,0.465215695200666
"8868887","2008-05-08",13.1616517477105,0,0.166666666666666,0.324933899463378,32.8584227133616,31.0495772866383,31.954,0.245325576270417,42.0179801088707,31.8172,31.8988689435703,0.258846621797848,0.423941880520102
"8868886","2008-05-09",14.0520668804905,0,0.084229390681003,0.191341769682782,32.9555420909071,30.8971245757595,31.9263333333333,-0.157301052893015,34.2209446876537,31.7484,31.6723530844276,-0.188317473108957,0.30149000979429
"8868885","2008-05-12",14.6224258414233,0.234177215189874,0.0780590717299576,0.109651709692541,32.9652158299136,30.877450836753,31.9213333333333,0.112983260737217,43.081140557773,31.7016,31.5747060065039,-0.351701131127058,0.170851781610021
"8868884","2008-05-13",15.001386423898,0.284810126582279,0.172995780590717,0.111761414333892,32.9754665223484,30.8505334776516,31.913,0.186421492198879,44.8120444051201,31.6556,31.5114118723034,-0.435660579829134,0.0495493093221899
"8868883","2008-05-14",15.3532783933387,0.287974683544304,0.268987341772152,0.173347398030941,32.9896004117717,30.7877329215616,31.8886666666666,0.200859988352988,44.9247739473301,31.6056,31.4578902893296,-0.494173088067962,-0.0591951701558405
"8868882","2008-05-15",16.0922627910606,0.189873417721519,0.2542194092827,0.232067510548522,33.001768683559,30.6708979831077,31.8363333333333,0.136902496063184,42.0567948212691,31.554,31.3701715840856,-0.613429846006497,-0.170042105325972
"8868881","2008-05-16",16.5591464686712,0.278481012658228,0.25210970464135,0.2584388185654,32.9885997466562,30.6027335866771,31.7956666666667,0.2545266048487,45.4445296632753,31.5712,31.3314820395409,-0.628929926091437,-0.261819669479065
"8868880","2008-05-19",16.9926813121667,0.29113924050633,0.253164556962025,0.253164556962024,32.9816016854536,30.5450649812131,31.7633333333333,0.277005890209774,45.9308729185785,31.5748,31.3032844342688,-0.623809968543287,-0.334217729291909
"8868879","2008-05-20",17.7879325362593,0.205696202531646,0.258438818565401,0.254571026722924,32.9952585961089,30.4690747372244,31.7321666666667,0.206210352007254,43.1355717374036,31.56,31.2428465096996,-0.681718838457757,-0.403717951125079
"8868878","2008-05-21",18.3234837470548,0.205696202531646,0.234177215189874,0.248593530239099,32.9962072276401,30.3944594390265,31.6953333333333,0.239149709423486,43.1355717374036,31.538,31.190466975073,-0.719572593550721,-0.466888879610207
"8868877","2008-05-22",18.8207812999363,0.256227758007118,0.222540054356803,0.238385362704025,32.9845271010999,30.3288062322334,31.6566666666667,0.275327793797355,44.157435286037,31.4992,31.1544047117299,-0.723286682540958,-0.518168440196358
"8868876","2008-05-23",20.0965717324795,0.0637450199203187,0.175222993486361,0.210646754344345,32.9846352077809,30.1873647922191,31.586,0.137980417969979,38.2375067082247,31.4488,31.0484840834993,-0.861911865588194,-0.586917125274725
"8868875","2008-05-27",21.2812342769838,0.0956175298804788,0.138530102602638,0.178764383481933,32.9692069763631,30.0611263569702,31.5151666666667,0.172693622389323,39.4856308386442,31.3984,30.967352872366,-0.940809073052029,-0.657695514830186
"8868874","2008-05-28",22.9331896116259,0,0.0531208499335988,0.122291315340865,32.9292024251218,29.9034642415448,31.4163333333333,0.116732646280808,35.2645933182553,31.3384,30.8383724893839,-1.10623425646142,-0.747403263156434
"8868873","2008-05-29",23.9132265788146,0.207792207792208,0.101136579224229,0.0975958439201541,32.805829216253,29.837170783747,31.3215,0.234504091802396,40.2659101494154,31.2848,30.769256157466,-1.14122910317053,-0.826168431159252
"8868872","2008-05-30",24.8232609054898,0.305194805194805,0.170995670995671,0.108417700051165,32.6414724709352,29.8151941957314,31.2283333333333,0.284758161052116,42.5081135671931,31.2392,30.7293553364706,-1.11702482855714,-0.884339710638831
"8868871","2008-06-02",25.9855073150635,0.155844155844155,0.222943722943722,0.165025324387873,32.3003904275236,29.901276239143,31.1008333333333,0.223161711150156,40.0271053431493,31.1744,30.6641079582745,-1.14535946588045,-0.936543661687154
"8868870","2008-06-03",27.0647361239535,0.278911564625851,0.246650175221603,0.213529856386997,32.0209713057192,29.9793620276141,31.0001666666667,0.272973210412621,42.6896400437208,31.1188,30.6302268971712,-1.11052429555886,-0.971339788461495
"8868869","2008-06-04",27.0139997519994,0.312925170068028,0.249226963512678,0.239606953892666,31.8164878539781,30.0395121460218,30.928,0.360437034175774,43.4843610162811,31.0532,30.6075299775484,-1.05765334931872,-0.98860250063294
"8868868","2008-06-05",25.3569055619399,0.455882352941177,0.349239695878351,0.281705611537543,31.5724943666276,30.1918389667057,30.8821666666666,0.802634048551878,50.4412408086264,31.002,30.6505259805419,-0.881706941546423,-0.967223388815637
"8868867","2008-06-06",23.8563660411056,0.669902912621358,0.479570145210187,0.359345601533738,31.599661261979,30.1760054046876,30.8878333333333,1.004920714969,56.022996574038,30.9672,30.7477891831364,-0.616937709937559,-0.897166253040021
"8868866","2008-06-09",22.4630079146167,0.684466019417475,0.603417094993336,0.477408978693957,31.6883787865045,30.1849545468288,30.9366666666666,0.907957592506068,56.3757504534452,30.9116,30.8360839587182,-0.395085459911093,-0.796750094414236
"8868865","2008-06-10",20.9992546278452,0.587378640776699,0.64724919093851,0.576745477047343,31.7389721627019,30.1703611706314,30.9546666666666,0.830653469399745,53.3059157049174,30.8672,30.8859394308891,-0.268709781823662,-0.691142031896121
"8868864","2008-06-11",19.6400551472717,0.689320388349515,0.653721682847896,0.634795989593246,31.7956865639037,30.1483134360962,30.972,0.877166121533319,56.0142874582988,30.8456,30.9571475067705,-0.112620418087228,-0.575437709134342
"8868863","2008-06-12",18.6155116528206,0.640776699029126,0.639158576051779,0.646709816612727,31.8307473371039,30.138252662896,30.9845,0.792763107353299,54.3962782532588,30.8196,31.0055278392011,-0.0149838322146323,-0.4633469337504
"8868862","2008-06-13",17.4765798006416,0.723300970873785,0.684466019417475,0.659115426105715,31.905849250794,30.1258174158727,31.0158333333333,0.837540779634382,56.6868081567901,30.8332,31.0701241273077,0.105204097182732,-0.349636727563774
"8868861","2008-06-16",16.2809619817176,0.70388349514563,0.689320388349513,0.670981661272921,31.9591554622433,30.11217787109,31.0356666666666,0.809153723756604,55.9744129647359,30.8832,31.1207742436666,0.187712708611931,-0.242166840328633
"8868860","2008-06-17",15.1707454355739,0.686813186813185,0.704665884277533,0.692817430681506,32.0115945192184,30.1000721474482,31.0558333333333,0.796883786651421,56.5622954562422,30.9052,31.1700043445111,0.260308971466383,-0.14167167796963
"8868859","2008-06-18",15.1258909349568,0.483516483516484,0.624737721825099,0.672907998150714,32.0343522751658,30.1103143915009,31.0723333333333,0.628722344174916,49.921779232997,30.906,31.1633370985763,0.21952427574754,-0.0694324872261958
"8868858","2008-06-19",15.4987937973901,0.384615384615385,0.518315018315018,0.615906208139216,32.0382402629262,30.1147597370738,31.0765,0.512217435884678,47.0291208922472,30.8992,31.1335588187661,0.138991075437378,-0.027747774693481
"8868857","2008-06-20",15.3203219922116,0.303030303030303,0.39038739038739,0.511146710175835,32.0421864747325,30.1181468586008,31.0801666666666,0.527632833659415,46.5450444279618,30.9036,31.103750976264,0.0665752831025657,-0.00888316313427169
"8868856","2008-06-23",15.5379184080248,0.181249999999999,0.289631895881895,0.399444768194767,32.0354681035188,30.1648652298144,31.1001666666666,0.432196547371845,43.9469255613218,30.8904,31.0565841794288,-0.0320450860367139,-0.0135155477147601
"8868855","2008-06-24",16.461258366486,0,0.161426767676767,0.280482017982016,32.0374966713947,30.1598366619385,31.0986666666666,0.198916028202025,38.968999506794,30.862,30.9703729555049,-0.196596226944545,-0.0501316835607172
"8868854","2008-06-25",17.5480985514574,0,0.0604166666666661,0.170491776741775,32.0144896772219,30.203510322778,31.109,0.143470995358262,37.3605046053137,30.8396,30.8796565614376,-0.354716081223327,-0.111048563093239
"8868853","2008-06-26",19.5329121453345,0,-3.51570624464633e-16,0.0739478114478099,32.0852135673694,30.0767864326305,31.081,-0.0515095108544371,30.3826592202065,30.7924,30.7183690199126,-0.635978825340222,-0.216034615542636
"8868852","2008-06-27",21.9337772339761,0,-3.51570624464633e-16,0.0201388888888874,32.2456960246956,29.796970641971,31.0213333333333,-0.151223153856591,26.2889574273135,30.7232,30.5145864839242,-0.976203048836854,-0.36806830220148
"8868851","2008-06-30",24.7328366160855,0,-3.51570624464633e-16,-1.36464913443509e-15,32.4895021404248,29.3878311929085,30.9386666666666,-0.194894258547706,22.0273281915132,30.6508,30.252641619401,-1.40309449758121,-0.575073541277427
"8868850","2008-07-01",27.3319631851871,0.0178041543026702,0.00593471810088973,0.001978239366962,32.6560662712636,29.0479337287363,30.852,-0.0677914107976926,23.2829252638941,30.5776,30.0336227368142,-1.71001779947595,-0.802062392917131
"8868849","2008-07-02",29.8991847924648,0,0.00593471810088973,0.00395647873392536,32.7995668335446,28.698099833122,30.7488333333333,-0.0198546438254776,22.0708913150758,30.5144,29.8184730385723,-1.98526058254154,-1.03870203084201
"8868848","2008-07-03",32.4084479297605,0,0.00593471810088973,0.00593471810088872,32.8724739045837,28.3378594287496,30.6051666666666,0.0195842972738615,21.0759106220292,30.432,29.6106766334293,-2.22484738338163,-1.27593110134994
"8868847","2008-07-07",34.8680336885347,0,-3.51570624464633e-16,0.00395647873392535,32.8687526512408,28.0099140154258,30.4393333333333,0.0576446360061578,20.0420759183101,30.3368,29.4079197489721,-2.43671219954905,-1.50808732098976
"8868846","2008-07-08",35.4129654387606,0.0523415977961436,0.0174471992653809,0.0077939724554224,32.7916838865336,27.790982780133,30.2913333333333,0.159781039271529,24.4996937736809,30.2584,29.2575304491092,-2.5262160003405,-1.71171305685991
"8868845","2008-07-09",33.6301304376141,0.237822349570201,0.0967213157887813,0.0380561716847196,32.6561294894934,27.7128705105066,30.1845,0.328486968427641,37.1999472565508,30.1988,29.2125263892279,-2.3940690341732,-1.84818425232257
"8868844","2008-07-10",31.7055139990112,0.429799426934098,0.23998779143348,0.118052102162547,32.485063260861,27.7076034058056,30.0963333333333,0.444252104378966,47.2111331894544,30.164,29.2628562039976,-2.08024695916693,-1.89459679369144
"8868843","2008-07-11",30.0216822458774,0.432432432432433,0.366684736312243,0.234464614511501,32.3174236796485,27.7079096536848,30.0126666666666,0.45530982250197,46.4962994548972,30.108,29.2984753767979,-1.82692475941468,-1.88106238683609
"8868842","2008-07-14",28.6871656426087,0.481617647058823,0.447949835475117,0.351540787740279,32.1014538795575,27.7258794537757,29.9136666666666,0.436694026190521,44.9096638193431,30.0288,29.3120119932248,-1.64294930354286,-1.83343977017744
"8868841","2008-07-15",27.643189911023,0.441176470588235,0.45174218335983,0.422125585049063,31.8594870318741,27.7618463014592,29.8106666666666,0.43557268258283,43.5553045465173,29.944,29.3090770607949,-1.50998534038892,-1.76874888421974
"8868840","2008-07-16",26.6006764887054,0.570281124497993,0.497691747381683,0.465794588738876,31.5870856606124,27.8422476727209,29.7146666666666,0.496973611843837,46.9980179561021,29.876,29.3358667860222,-1.32871682209713,-1.68074247179522
"8868839","2008-07-17",26.538266480319,0.392070484581498,0.467842693222575,0.472425541321362,31.3404571567761,27.8802095098905,29.6103333333333,0.391048260566182,40.5771064628668,29.7784,29.2884178812192,-1.31574393197776,-1.60774276383173
"8868838","2008-07-18",25.0866339395789,0.480176211453745,0.480842606844412,0.482125682482889,31.1234885270985,27.9445114729015,29.534,0.512372952891067,43.702775116865,29.6928,29.2739621637234,-1.23630762518678,-1.53345573610274
"8868837","2008-07-21",23.9654901208579,0.422907488986785,0.431718061674009,0.460134453913664,30.8517805932157,28.0245527401176,29.4381666666666,0.421654705064803,42.1507715655832,29.5952,29.2441005418936,-1.19549434809029,-1.46586345850025
"8868836","2008-07-22",22.3367061698909,0.466960352422907,0.456681350954478,0.456414006490965,30.5841616807078,28.1328383192921,29.3585,0.508770772693004,43.8039909914228,29.5032,29.2315538029744,-1.12272166418854,-1.39723509963791
"8868835","2008-07-23",20.8242639297072,0.488986784140969,0.459618208516886,0.449339207048457,30.4009387879662,28.1987278787005,29.2998333333333,0.527321028341812,44.6556406585512,29.4116,29.2273466292445,-1.03929922180171,-1.32564792407067
"8868834","2008-07-24",19.5257156431553,0.52863436123348,0.494860499265785,0.470386686245716,30.2178380968661,28.2818285698005,29.2498333333333,0.610278382939377,46.2351109088925,29.3384,29.2357004120119,-0.937539911351093,-1.24802632152675
"8868833","2008-07-25",18.8964970229545,0.610576923076923,0.54273268948379,0.499070465755486,30.1751279626907,28.3005387039759,29.2378333333333,0.764324570140629,50.6195000209405,29.2828,29.2776070237437,-0.776233861130438,-1.15366782944749
"8868832","2008-07-28",18.2638209509647,0.423611111111111,0.520940798473838,0.51951132907447,30.2067213289781,28.2959453376885,29.2513333333333,0.733064124399424,50.2798391281035,29.2276,29.3112594205778,-0.646472116957508,-1.05222868694949
"8868831","2008-07-29",17.6763360269741,0.565217391304349,0.533135141830794,0.532269543262807,30.2675665461236,28.3411001205431,29.3043333333333,0.779786864096325,54.0946541414303,29.188,29.3710914978341,-0.474975318109305,-0.936778013181456
"8868830","2008-07-30",17.3933019037051,0.492753623188406,0.493860708534622,0.515978882946417,30.3140863708064,28.3959136291935,29.355,0.740680443763629,52.2186931472742,29.158,29.4096126314562,-0.362431756350179,-0.821908761815201
"8868829","2008-07-31",17.1304845035267,0.514492753623189,0.524154589371981,0.517050146579131,30.3291766107433,28.4994900559233,29.4143333333333,0.712604721270579,52.7481061617526,29.134,29.4469976139287,-0.262048405295878,-0.709936690511336
"8868828","2008-08-01",16.1060823366519,0.202898550724639,0.403381642512078,0.473798980139559,30.2624695073483,28.672863825985,29.4676666666667,0.516146561985531,45.0442550236697,29.1176,29.4220645987382,-0.296868610256018,-0.627323074460273
"8868827","2008-08-04",15.5364596698791,0.0869565217391312,0.268115942028986,0.39855072463768,30.109566042911,28.9267672904223,29.5181666666667,0.315550476184046,42.5538169767938,29.114,29.3791226522398,-0.364245864493806,-0.574707632466979
"8868826","2008-08-05",14.8845026520546,0.427536231884058,0.239130434782609,0.30354267310789,29.994641566312,29.1580251003546,29.5763333333333,0.711566479028663,51.1056224632637,29.1548,29.4045729652745,-0.285424740469142,-0.516851054067412
"8868825","2008-08-06",14.5019291507363,0.450381679389313,0.321624811004167,0.276290395938586,30.0185834581087,29.1837498752246,29.6011666666666,0.778099337911893,52.2458528109136,29.196,29.4359632365712,-0.201469068192961,-0.453774656892522
"8868824","2008-08-07",15.7284871965684,0,0.29263930375779,0.284464849848188,30.1155730998553,28.9694269001447,29.5425,-0.27287987654364,32.597845917543,29.1776,29.2391681383617,-0.590011159667558,-0.481021957447529
"8868823","2008-08-08",16.2527066731903,0.718487394957984,0.389623024782432,0.334629046514795,30.1290683946845,28.9645982719821,29.5468333333333,0.797560232113021,52.272492693164,29.234,29.2966123865802,-0.422631058239786,-0.469343777605981
"8868822","2008-08-11",15.494167102044,0.656862745098039,0.458450046685341,0.38023745840852,30.2535113794989,28.908488620501,29.581,1.04943308212169,54.7670740760253,29.3092,29.3863974017028,-0.2053407714801,-0.416543176380805
"8868821","2008-08-12",14.446001873165,0.826865671641791,0.734071937232604,0.527381669566791,30.5405944934904,28.7590721731762,29.6498333333333,1.21483808284557,60.4121280857324,29.4072,29.5655444148091,0.172075946288541,-0.298819351846935
"8868820","2008-08-13",13.5205929462726,0.887573964497042,0.790434127078957,0.660985370332299,30.808332313341,28.629667686659,29.719,1.12775456576332,61.9593762519843,29.4888,29.7514718261679,0.525531428502513,-0.133949195777046
"8868819","2008-08-14",12.7998821805093,0.825443786982249,0.846627807707027,0.790377957339528,30.9776717089307,28.6253282910693,29.8015,0.959896002054374,59.666378438356,29.5352,29.8846089160122,0.738416230968086,0.0405238895719806
"8868818","2008-08-15",12.0071844635699,0.844117647058823,0.852378466179371,0.82981346698845,31.1549266979431,28.5914066353902,29.8731666666666,0.942165449203166,60.2695973458137,29.5872,30.0106610605439,0.916875329460431,0.215794177549671
"8868817","2008-08-18",11.2711080121261,0.844117647058823,0.837893027033298,0.845633100306564,31.2839609120218,28.6347057546448,29.9593333333333,0.870166936897696,60.2695973458138,29.6444,30.1199062524714,1.04518323490197,0.381671989020131
"8868816","2008-08-19",10.5480071489142,0.838235294117647,0.842156862745097,0.844142785319254,31.3899532702224,28.6793800631109,30.0346666666666,0.8143246593616,60.0093800006019,29.7052,30.2119187521419,1.12769555637791,0.530876702491686
"8868815","2008-08-20",10.1508633167828,0.773529411764706,0.818627450980391,0.832892446919594,31.4555257293071,28.7521409373595,30.1038333333333,0.736555299824453,57.0894580649536,29.7484,30.2623295851896,1.12101788019192,0.648904938031733
"8868814","2008-08-21",10.2510735669211,0.7,0.770588235294117,0.810457516339867,31.4851327163898,28.8268672836102,30.156,0.631915595163126,53.8810460732572,29.8028,30.2726856404977,1.03706295033199,0.726536540491784
"8868813","2008-08-22",10.1137847887609,0.735294117647059,0.736274509803921,0.775163398692809,31.5292659041501,28.8714007625165,30.2003333333333,0.657896147585858,55.1830212592853,29.854,30.2976608884313,0.991020226619188,0.779433277717265
"8868812","2008-08-25",10.9731184469139,0.56764705882353,0.667647058823529,0.724836601307188,31.5292906062889,28.9080427270443,30.2186666666666,0.440740692796261,48.2195651621001,29.8876,30.2433061033071,0.7935895366602,0.782264529505852
"8868811","2008-08-26",11.984255651318,0.526470588235294,0.609803921568627,0.671241830065358,31.5291596656296,28.910507001037,30.2198333333333,0.365134207586256,46.6620889991304,29.9116,30.1775319561995,0.592805024703624,0.744372628545407
"8868810","2008-08-27",12.5204712557729,0.112426035502957,0.402181227520593,0.559877402637582,31.5293492225238,28.9279841108095,30.2286666666666,0.409534677668443,48.0810592013947,29.938,30.1351943620396,0.457694289713162,0.687036960778958
"8868809","2008-08-28",13.0530540316274,0.0559006211180124,0.231599081618754,0.414528076902657,31.5285349409168,28.9407983924165,30.2346666666666,0.379688937610852,47.8319000175161,29.96,30.0958351137676,0.341262725204605,0.617882113664087
"8868808","2008-08-29",13.94471069986,0,0.0561088855403226,0.229963064893222,31.5169470202833,28.9767196463833,30.2468333333333,0.299164959834531,44.9472787550285,29.9624,30.0310570985986,0.18502021627651,0.531309734186572
"8868807","2008-09-02",14.3554945850742,0,0.0186335403726702,0.102113835843915,31.4875204972314,29.0481461694352,30.2678333333333,0.275420554733707,43.7129298639724,29.9616,29.9615828187855,0.0336640275634403,0.431780592861946
"8868806","2008-09-03",15.0106204053921,0,-6.12935628178472e-16,0.0249141419709963,31.499549641547,29.0127836917863,30.2561666666666,0.20396624308874,41.8561117994664,29.9456,29.8813717762807,-0.125617816964552,0.320300910896646
"8868805","2008-09-04",15.9361982018017,0,-6.12935628178472e-16,0.0062111801242219,31.525689678655,28.9376436546782,30.2316666666666,0.156755202533732,39.6780239078977,29.9264,29.7878555394433,-0.297576163806512,0.196725495956014
"8868804","2008-09-05",16.7956632984677,0.0101010101010099,0.00336700336700268,0.00112233445566607,31.4202660944762,29.1114005721904,30.2658333333333,0.0990094163575482,40.0513070789305,29.9068,29.7094748008509,-0.424064926051171,0.0725674115545774
"8868803","2008-09-08",15.7444489595725,0.358288770053477,0.122796593384828,0.042054532250609,31.4199446975081,29.1270553024919,30.2735,0.401070965818783,50.7238450204118,29.9304,29.7282114940708,-0.343881113829625,-0.0107222935222631
"8868802","2008-09-09",15.378608872785,0.577540106951872,0.315309962368786,0.147157853040204,31.4268331276914,29.1305002056418,30.2786666666666,0.562998995170778,56.0400351948423,29.9768,29.7991166281947,-0.167235150190237,-0.0420248648558578
"8868801","2008-09-10",14.9442437418641,0.59090909090909,0.508912655971479,0.31567307057503,31.3639732465416,29.1410267534583,30.2525,0.566353373983125,55.4119365702871,30.0028,29.855234411102,-0.037899726124091,-0.0411998371095045
"8868800","2008-09-11",13.9636739976852,0.403409090909091,0.52395276292335,0.449391793754537,31.2492158299136,29.161450836753,30.2053333333333,0.470303170997178,50.393771560781,30.0128,29.8598698229551,-0.0244174785682727,-0.0378433654012581
"8868799","2008-09-12",13.1837540991821,0.73913043478261,0.577816205533596,0.536893874809474,31.1941012523567,29.1792320809766,30.1866666666666,0.660473611848409,56.5565666858318,30.1092,29.9278871798944,0.114496623807692,-0.00737536755946817
"8868798","2008-09-15",13.1884246362067,0.37888198757764,0.507140504423113,0.536303157626686,31.0729653611626,29.199701305504,30.1363333333333,0.427221507869389,48.6858275673631,30.114,29.9095022225752,0.0672855267202399,0.00755681129647345
"8868797","2008-09-16",14.3231849645722,0,0.372670807453416,0.485875839136707,30.9738526152469,29.1428140514197,30.0583333333333,0.1295362933725,40.6941993664795,30.0764,29.7922352595651,-0.173680118747921,-0.0286905747124054
"8868796","2008-09-17",15.5416032444563,0,0.126293995859213,0.335368435911913,30.8896907692866,29.0503092307133,29.97,0.037888153069512,39.4998200480544,30.0032,29.6732705582898,-0.39628486872908,-0.10220943351574
"8868795","2008-09-18",15.4431588451646,0.136882129277568,0.0456273764258553,0.181530726579494,30.7830060177704,29.0843273155629,29.9336666666666,0.548861506235507,44.3691509265745,29.9352,29.6181678171845,-0.469946300129132,-0.175756806838419
"8868794","2008-09-19",17.2464413273298,0,0.0456273764258553,0.0725162495703068,30.7628324018624,29.0928342648042,29.9278333333333,0.776746815706535,38.6062158529871,29.8508,29.4877454415599,-0.690177200543207,-0.278640885579376
"8868793","2008-09-22",18.9209179179117,0.367619047619048,0.168167058965538,0.0864739372724151,30.8269237816065,29.0554095517267,29.9411666666666,1.03372419145861,57.2295289613004,29.8404,29.6320460493519,-0.333703373824457,-0.289653383228392
"8868792","2008-09-23",20.2519716306075,0.339047619047619,0.235555555555555,0.149783330315648,30.8983294518013,29.0376705481987,29.968,0.839664620300024,55.8124875096906,29.824,29.737106576105,-0.0919727465507947,-0.250117255892873
"8868791","2008-09-24",20.4232933118901,0.194285714285714,0.30031746031746,0.234680024946183,30.9020104483717,29.0436562182949,29.9728333333333,0.49488794986111,49.1694763387903,29.778,29.726825699291,-0.10571477645015,-0.221236760004328
"8868790","2008-09-25",20.7549602363815,0.253333333333333,0.262222222222222,0.266031746031745,30.9216244725619,29.0487088607713,29.9851666666666,0.636062368068857,51.6950388688752,29.7532,29.7592489393855,-0.0321345015076302,-0.183416308304989
"8868789","2008-09-26",20.9919541549638,0.243809523809524,0.23047619047619,0.264338624338623,30.9340891027741,29.0575775638925,29.9958333333333,0.575050608757407,51.2527119341477,29.7364,29.7806824141341,0.0124343249461312,-0.144246181654765
"8868788","2008-09-29",19.9391334452255,0.0571428571428573,0.184761904761904,0.225820105820104,30.9461764942029,29.0128235057971,29.9795,0.205434029163211,43.4121594885549,29.6756,29.6685914255829,-0.215737386681569,-0.158544422660126
"8868787","2008-09-30",18.6027909287043,0,0.10031746031746,0.17185185185185,31.0200550421266,28.8499449578733,29.935,-0.00919075857858815,40.1707106323189,29.6184,29.5074459021719,-0.522543276381149,-0.23134419340433
"8868786","2008-10-01",17.3535443201456,0.0460405156537753,0.034394457598877,0.106491274226079,31.0508447296002,28.7718219370664,29.9113333333333,0.120597622147832,42.5756669808474,29.5768,29.4011197818823,-0.690701423236939,-0.323215639370852
"8868785","2008-10-02",16.3765126914125,0.0883977900552487,0.0448127685696741,0.0598415621620027,31.0559517877244,28.7577148789422,29.9068333333333,0.21565159470603,44.775051597417,29.54,29.339637144298,-0.75273472237376,-0.409119455971434
"8868784","2008-10-03",15.6876940747248,0,0.0448127685696741,0.0413399982460741,31.1185700024959,28.6300966641707,29.8743333333333,0.0240723237443365,40.1651520664691,29.4784,29.2010188583916,-0.967850803251824,-0.520865725427512
"8868783","2008-10-06",16.4794850777141,0,0.0294659300184157,0.0396971557192537,31.4201443212545,28.0488556787454,29.7345,-0.236958553080415,31.3629395411299,29.3612,28.864883010606,-1.57363569112732,-0.731419718567473
"8868782","2008-10-07",17.3458265765531,0,-5.73615229389664e-16,0.0247595661960288,31.5889189566081,27.5404143767252,29.5646666666666,-0.12689814224524,30.561520663027,29.2408,28.5495652758586,-2.08858986675053,-1.00285374820409
"8868781","2008-10-08",18.8268323335623,0,-5.73615229389664e-16,0.00982197667280389,31.8813677425837,26.7962989240829,29.3388333333333,-0.179538492660706,26.4386933438562,29.0856,28.1402899057441,-2.76505445620203,-1.35529388980367
"8868780","2008-10-09",20.8789395362951,0,-5.73615229389664e-16,-1.520774247273e-15,32.2613940943757,25.8816059056242,29.0715,-0.170058818076509,22.3349563820674,28.886,27.6135845849782,-3.6494007987547,-1.81411527159388
"8868779","2008-10-10",23.638098465331,0,-5.73615229389664e-16,-1.520774247273e-15,32.7797188537527,24.6066144795806,28.6931666666666,-0.203506656724391,17.1896292558914,28.5932,26.8491066403144,-5.00868117265663,-2.45302845180643
"8868778","2008-10-13",24.5537450380953,0.306741573033708,0.102247191011235,0.0340823970037438,32.7530157896829,24.1626508769837,28.4578333333333,0.131622168306043,35.9647367563065,28.3836,26.5505590882725,-5.23350959116687,-3.00912467967852
"8868777","2008-10-14",24.5429630795205,0.343820224719101,0.216853932584269,0.1063670411985,32.6992073287703,23.8627926712296,28.281,0.224133965964757,37.800516025447,28.1708,26.3358178765029,-5.25870007173479,-3.45903975808977
"8868776","2008-10-15",24.6891538189431,0.316455696202532,0.32233916465178,0.21381342941576,32.6857532514243,23.4782467485757,28.082,0.180478096964713,36.735110249537,27.9472,26.1083754929691,-5.31903590447181,-3.83103898736618
"8868775","2008-10-16",25.2330780256907,0.225501770956316,0.295259230625983,0.278150775954009,32.578648530968,23.0256848023653,27.8021666666666,0.145956295579767,33.9433727076265,27.7032,25.7992587605733,-5.57215858506332,-4.17926290690561
"8868774","2008-10-17",24.8110016900693,0.22875,0.256902489052949,0.291500294776903,32.3194466932206,22.7188866401126,27.5191666666666,0.209478754235416,33.6808471258134,27.4368,25.5206909258302,-5.74284004452468,-4.49197833442942
"8868773","2008-10-20",24.4190736641351,0.3725,0.275583923652105,0.275915214443678,31.8654532321301,22.6325467678699,27.249,0.308763722073717,40.7722827970682,27.2396,25.4325988023861,-5.45735183637368,-4.68505303481827
"8868772","2008-10-21",24.0551404971963,0.4625,0.354583333333333,0.295689915346128,31.3967953759833,22.63553795735,27.0161666666666,0.377548018272852,44.755239899308,27.1016,25.4522522954013,-4.94631525102134,-4.73730547805889
"8868771","2008-10-22",24.2732399711236,0.36231884057971,0.399106280193236,0.343091179059557,31.0083275581417,22.5430057751916,26.7756666666666,0.308355385072208,40.8516348718109,26.9308,25.3426186560145,-4.78814118395811,-4.74747261923873
"8868770","2008-10-23",24.113440728066,0.402457757296467,0.409092199292058,0.387593937606208,30.4933666385393,22.5533000281274,26.5233333333333,0.332495108006281,40.3332060302308,26.7404,25.2302695018792,-4.65294828052829,-4.72856775149664
"8868769","2008-10-24",24.4111641320093,0.298387096774194,0.35438789821679,0.387528792567361,29.946777283993,22.5148893826736,26.2308333333333,0.238402046360052,37.3127724576966,26.544,25.0302335682953,-4.74158240063881,-4.73117068132508
"8868768","2008-10-27",24.6876215785281,0.331022530329289,0.343955794799983,0.369145297436276,29.487794113485,22.444205886515,25.966,0.236971184719069,37.7042529724552,26.2728,24.8648690925226,-4.74320759027727,-4.73357806311551
"8868767","2008-10-28",24.4625083970868,0.256499133448874,0.295302920184118,0.331215537733629,29.0874483910693,22.3595516089307,25.7235,0.240855120633143,35.9705295826769,25.9904,24.6642198801863,-4.83373918119603,-4.75361028673162
"8868766","2008-10-29",23.5107522226348,0.537261698440208,0.374927787406123,0.338062167463407,28.5371218194626,22.536544847204,25.5368333333333,0.462753581691687,46.0377730971069,25.8032,24.7063238961614,-4.32909595387559,-4.66870742016041
"8868765","2008-10-30",22.1138688731906,0.407925407925408,0.400562079938163,0.356930929176134,27.8246223072595,22.8827110260738,25.3536666666666,0.547822253352281,46.7611626751181,25.6088,24.7601473766732,-3.84204808813049,-4.50337555375443
"8868764","2008-10-31",20.7032279911219,0.594405594405595,0.513197566923736,0.42956247808934,27.2345131644292,23.233820168904,25.2341666666666,0.766412177721585,51.1050422517502,25.4484,24.9134610597835,-3.15957126434044,-4.23461469587163
"8868763","2008-11-03",19.5118950558859,0.709844559585493,0.570725187305498,0.494828278055798,27.0634189844746,23.327247682192,25.1953333333333,0.842061403667237,52.1045626355423,25.3348,25.0716662518123,-2.52892376382945,-3.89347650946319
"8868762","2008-11-04",18.8499609642192,0.776765375854214,0.693671843281767,0.592531532503666,27.0808408607713,23.3168258058953,25.1988333333333,1.00420450122134,55.5548689751731,25.2672,25.2981107515707,-1.79547020761625,-3.47387524909381
"8868761","2008-11-05",18.2353078791002,0.779043280182233,0.755217738540646,0.673204923042636,27.2839291054875,23.2290708945125,25.2565,0.939020694200468,55.6062727488571,25.19,25.4956959846946,-1.19996351891036,-3.01909290305712
"8868760","2008-11-06",17.9677392823564,0.709251101321586,0.755019919119344,0.734636500313918,27.5219029066779,23.2134304266554,25.3676666666666,0.883507923282532,54.2547503111355,25.0956,25.640269853402,-0.78391665057459,-2.57205765256061
"8868759","2008-11-07",18.1102563271877,0.764471057884232,0.750921813129349,0.753719823596445,27.6567994069416,23.5425339263917,25.5996666666666,0.982143574848158,57.6367478701881,25.0512,25.8469005396151,-0.262102293415756,-2.11006658073164
"8868758","2008-11-10",18.6332002202137,0.70961887477314,0.727780344659652,0.744574025636114,27.9881857661098,23.4621475672235,25.7251666666666,0.959158004273598,58.07452205196,25.0748,26.0366471343331,0.17137012506141,-1.65377923957303
"8868757","2008-11-11",18.7520847566536,0.656987295825771,0.710359076161047,0.729687077983348,28.1689496336796,23.4303836996537,25.7996666666666,0.82365628926971,55.822548894905,25.094,26.162427516422,0.418521058367549,-1.23931917998491
"8868756","2008-11-12",18.5600604921486,0.613430127041742,0.66001209921355,0.699383840011415,28.3184880492664,23.4815119507336,25.9,0.757736784567705,53.9577611193921,25.1444,26.2394371808991,0.533619091597726,-0.884731525668387
"8868755","2008-11-13",19.3032509032185,0.606956521739131,0.625791314868881,0.665387496747825,28.4860859529681,23.6322473803651,26.0591666666666,0.818133090659953,54.7046220904912,25.2508,26.3208455567792,0.650554809953308,-0.577674258544048
"8868754","2008-11-14",20.7300064092641,0.724386724386724,0.648257791055865,0.644687068379431,28.9384965395016,23.6085034604984,26.2735,1.01466608417805,63.558983474734,25.5108,26.595399482542,1.19344077692982,-0.223451251449274
"8868753","2008-11-17",22.2575504453256,0.698943661971831,0.676762302699228,0.650270469541324,29.4623618828379,23.4883047838287,26.4753333333333,1.00964806934498,66.2091353823777,25.6844,26.909346218203,1.76782402993019,0.174803804826618
"8868752","2008-11-18",23.6759841930971,0.695495495495495,0.70627529395135,0.677098462568813,29.8833618208511,23.4136381791489,26.6485,0.926319085546138,66.3017389246018,25.8456,27.184100055776,2.19576936727841,0.578996917316977
"8868751","2008-11-19",24.5385636182129,0.576842105263158,0.657093754243494,0.680043783631356,30.1800960370313,23.5159039629686,26.848,0.844427847790717,63.3120938166206,26.0064,27.3795533816725,2.40722641819435,0.944642817492452
"8868750","2008-11-20",22.9006329990583,0.0701754385964913,0.447504346451714,0.603624464882185,30.1954960814487,23.7021705852179,26.9488333333333,0.540220787764036,47.3042056742156,26.1116,27.2516129307828,1.89572833132994,1.13485992025995
"8868749","2008-11-21",21.5812274354643,0,0.215672514619883,0.440090205105029,30.0845324300388,24.0621342366278,27.0733333333333,0.450739446788621,44.4800062018087,26.1992,27.0713978733451,1.31999788923756,1.17188751405547
"8868748","2008-11-24",20.6829924705939,0.46218487394958,0.177453437515357,0.280210099528984,30.0571456116217,24.5425210550449,27.2998333333333,0.74362492608817,56.3528665661669,26.3288,27.2085448235658,1.49942617350436,1.23739524594525
"8868747","2008-11-25",20.0804942394653,0.563025210084033,0.341736694677871,0.244954215604369,29.9556099382527,25.1530567284139,27.5543333333333,0.815596017460379,58.4410734015359,26.4488,27.391405513757,1.76082739072732,1.34208167490166
"8868746","2008-11-26",19.5210315962745,0.575630252100841,0.533613445378151,0.350934525857125,29.9988682979681,25.4871317020318,27.743,0.797815849417477,58.7070165130239,26.6092,27.5578847785894,1.95999569402125,1.46566447872558
"8868745","2008-11-28",19.3529749962471,0.722689075630252,0.620448179271708,0.498599439775909,30.1313978544618,25.7662688122048,27.9488333333333,0.902699053410909,61.7799106233073,26.8028,27.7955001414442,2.29179891944509,1.63089136686948
"8868744","2008-12-01",18.105742547282,0.411764705882353,0.570028011204482,0.574696545284779,30.1342637230526,26.001402943614,28.0678333333333,0.648121773109871,52.82856184329,26.968,27.8041001225849,2.09919434390669,1.72455196227692
"8868743","2008-12-02",17.0937920044106,0.373949579831933,0.502801120448179,0.564425770308122,30.0849252601393,26.2197414065273,28.1523333333333,0.502845918956676,51.8446846047897,27.1236,27.7875534395736,1.8728627442268,1.7542141186669
"8868742","2008-12-03",16.1167500366575,0.460084033613446,0.415266106442577,0.496031746031745,30.1098643559457,26.3491356440543,28.2295,0.609154377103043,53.9485199773375,27.3128,27.8278796476305,1.79169982395113,1.76171125972374
"8868741","2008-12-04",14.9712228366871,0.401260504201681,0.411764705882353,0.443277310924369,30.1043758938964,26.5016241061036,28.303,0.556530862702442,52.2690547162025,27.426,27.8254956946131,1.62739100306999,1.73484720839299
"8868740","2008-12-05",14.1059194907257,0.355042016806723,0.405462184873949,0.410830999066292,30.0675409323196,26.6607924010136,28.3641666666666,0.464531185022047,50.9275457767802,27.5252,27.7940962686647,1.41711715604396,1.67130119792319
"8868739","2008-12-08",13.2645306529109,0.63215859030837,0.462820370438924,0.426682420398408,30.140455481334,26.7455445186659,28.443,0.711198469675483,57.2632440645241,27.6396,27.924216766176,1.57393108603265,1.65182717554508
"8868738","2008-12-09",12.5695371500034,0.693832599118943,0.560344402078011,0.476208985796961,30.2389649323541,26.8043684009791,28.5216666666666,0.748937536677048,58.6282097408797,27.7576,28.0743211973526,1.7567676653693,1.67281527350992
"8868737","2008-12-10",11.8520530504341,0.601321585903083,0.642437591776798,0.55520078809791,30.2363034601287,26.9660298732046,28.6011666666666,0.598513674193761,55.7517731490891,27.832,28.1484117043722,1.75929860775137,1.69011194035821
"8868736","2008-12-11",12.006152043825,0.405286343612335,0.566813509544786,0.589865167799865,30.1615916096136,27.1417417237197,28.6516666666666,0.336084567543515,50.1381660126197,27.8704,28.0939568104559,1.48882157139973,1.64985386656652
"8868735","2008-12-12",12.5195403981802,0,0.335535976505139,0.51492902594224,30.1403362263909,27.192663773609,28.6665,0.239964323621986,47.5321448755084,27.8988,27.9867625690618,1.13189389164297,1.54626187158181
"8868734","2008-12-15",12.9474058970908,0.193650793650793,0.199645712421042,0.367331732823655,30.1036819141722,27.1596514191611,28.6316666666666,0.394136060344901,51.2324887676335,27.9272,27.9751942265202,1.01305661355282,1.43962081997601
"8868733","2008-12-16",12.65964144711,0.4,0.197883597883597,0.244355095603258,30.0258946266178,27.1797720400488,28.6028333333333,0.619636449113921,54.8838049900531,27.9784,28.0518349963175,1.09349381303292,1.37039541858739
"8868732","2008-12-17",12.4221381840258,0.39047619047619,0.328042328042327,0.241857212782321,29.9555152136326,27.1948181197007,28.5751666666666,0.600759575281947,54.6803152835145,28.04,28.1142569968085,1.13496079947364,1.32330849476464
"8868731","2008-12-18",11.9657260266747,0.501650165016501,0.43070878516423,0.318878237030051,29.9511783611085,27.1958216388915,28.5735,0.694711630502907,56.364536944188,28.1228,28.2070227305674,1.23610206441889,1.30586720869549
"8868730","2008-12-19",11.6520915937745,0.676829268292683,0.522985207928458,0.427245440378337,30.043516076673,27.3688172566602,28.7061666666666,0.932634380367791,60.2085661847996,28.2292,28.3807530331584,1.4972735800439,1.34414848296517
"8868729","2008-12-22",10.9647267600539,0.490853658536585,0.556444363948589,0.503379452347091,29.8505617769242,27.8091048897424,28.8298333333333,0.705817065892936,55.6110363082839,28.25,28.4499859620706,1.51182404135328,1.37768359464279
"8868728","2008-12-23",10.5090690422425,0.439024390243903,0.535569105691056,0.5383328925227,29.8794926163501,27.8291740503165,28.8543333333333,0.636076414964019,54.3651157220388,28.2412,28.4873211671279,1.45796719932709,1.39374031557965
"8868727","2008-12-24",10.4787801015949,0.326219512195122,0.418699186991869,0.503570885543837,29.8566209553821,27.8027123779512,28.8296666666666,0.37682022326601,51.6526784328847,28.2168,28.4703450115108,1.29550158923473,1.37409257031067
"8868726","2008-12-26",10.3982405853798,0.457317073170732,0.407520325203251,0.453929539295391,29.8396695383486,27.7986637949847,28.8191666666666,0.528172385201257,54.4942406532574,28.2224,28.5129656766427,1.27381774625381,1.3540376054993
"8868725","2008-12-29",10.9338764969896,0.280487804878049,0.354674796747967,0.393631436314361,29.702473788183,27.8108595451503,28.7566666666666,0.341405296505385,50.2077695469131,28.294,28.4725702530904,1.07992745815813,1.29921557603106
"8868724","2008-12-30",10.932033766888,0.393292682926829,0.377032520325203,0.379742547425473,29.7093802650083,27.8182864016583,28.7638333333333,0.531463271682675,52.7605448472412,28.4012,28.486894219345,1.0193766164589,1.24324778411663
"8868723","2008-12-31",10.5301539303311,0.551829268292683,0.408536585365853,0.380081300813006,29.747031299993,27.8913020333403,28.8191666666666,0.742941328476524,56.1621693098056,28.4412,28.5686416567656,1.10557136920155,1.21571250113361
"8868722","2009-01-02",10.1935756844936,0.542682926829268,0.495934959349593,0.427168021680215,29.7842119248335,27.9091214084998,28.8466666666666,0.683102271779748,55.9120257603013,28.4608,28.6354894358636,1.15152773732259,1.20287554837141
"8868721","2009-01-05",9.75118682834875,0.415730337078653,0.503414177400201,0.469295240705215,29.8149774129463,27.9456892537204,28.8803333333333,0.660310578755702,55.3807512792967,28.4756,28.6854241777484,1.15729507207118,1.19375945311136
"8868720","2009-01-06",9.32031107911597,0.283898305084745,0.414103856330888,0.47115099769356,29.827292995877,28.0313736707896,28.9293333333333,0.663704458153053,54.1795226135883,28.4572,28.7113676207153,1.1122698366671,1.17746152982251
"8868719","2009-01-07",8.84506326287012,0.262711864406779,0.320780168856725,0.41276606752927,29.8190181886935,28.0306484779731,28.9248333333333,0.58117262655282,53.6970985090101,28.496,28.7271852712866,1.05034680475131,1.15203858480827
"8868718","2009-01-08",8.75014445527454,0.402542372881356,0.316384180790959,0.35042273532619,29.8180155908607,28.0309844091393,28.9245,0.749296153618813,56.4531014332706,28.5552,28.7848939017817,1.08127851416857,1.13788657068033
"8868717","2009-01-09",8.66200556250721,0.449152542372881,0.371468926553671,0.336211092067117,29.8706253913026,28.0293746086974,28.95,0.76250271712008,57.364084879745,28.6024,28.8495747148775,1.12324857296835,1.13495897113794
"8868716","2009-01-12",8.75059776393979,0.557471264367816,0.469722059874017,0.385858389072881,29.877702568298,28.1476307650353,29.0126666666667,0.729662914905637,56.3258502285944,28.6572,28.8936314195605,1.11809773270164,1.13158672345068
"8868715","2009-01-13",8.83286195098433,0.630057803468208,0.545560536736301,0.462250507721329,29.8097642525924,28.3719024140743,29.0908333333333,0.759065224503019,57.4321196169404,28.7256,28.9478138969524,1.13415047546239,1.13209947385302
"8868714","2009-01-14",8.61184563981493,0.282352941176471,0.489960669670831,0.501747755427049,29.7533641599441,28.4963025067226,29.1248333333333,0.400694343023349,50.4380776440966,28.7224,28.9134387106921,0.96555678593846,1.09879093627011
"8868713","2009-01-15",8.40661620801477,0.464705882352941,0.459038875665873,0.498186694024334,29.7610806104889,28.513919389511,29.1375,0.547441073111856,53.5349034381118,28.7204,28.9249802159332,0.907994079275021,1.06063156487109
"8868712","2009-01-16",7.82057872981816,0.6,0.449019607843137,0.466006384393279,29.7871229973023,28.5448770026977,29.166,0.707151670805158,55.7443726766842,28.7444,28.9656495204754,0.915866642903262,1.03167858047752
"8868711","2009-01-20",8.31876379815395,0.00751879699248237,0.357408226448474,0.421822236652493,29.7855097424896,28.5338235908437,29.1596666666666,0.359123364829565,48.7918106548394,28.7784,28.9155629177454,0.735176052399389,0.972378074861898
"8868710","2009-01-21",9.18226809235582,0,0.20250626566416,0.336311366651923,29.6814892869707,28.5095107130293,29.0955,0.0601455423657371,46.0837735306583,28.8192,28.8348211953793,0.507743393960669,0.879451138681652
"8868709","2009-01-22",10.0269785537479,0,0.00250626566416023,0.187473585925597,29.6974176580844,28.4155823419155,29.0565,0.0424529246448778,45.7905281106822,28.8344,28.7608450359954,0.315149532992032,0.766590817543728
"8868708","2009-01-23",11.1149377342217,0,-5.55111512312578e-16,0.0683375104427723,29.7214115182798,28.3172551483868,29.0193333333333,0.0518068024138463,43.6945202693653,28.8152,28.6687323645293,0.101950554888064,0.633662765012595
"8868707","2009-01-26",10.811344796355,0.402714932126697,0.134238310708898,0.045581525457685,29.750373659931,28.3706263400689,29.0605,0.746059546637824,53.4248379687318,28.8328,28.7075680492588,0.181294925314268,0.54318919707293
"8868706","2009-01-27",10.5441030979591,0.68918918918919,0.363968040438628,0.166068783715841,29.8687613901123,28.347571943221,29.1081666666666,0.974519025101385,58.9222429322908,28.8644,28.8265589760243,0.418666528256972,0.518284663309738
"8868705","2009-01-28",10.567992946833,0.595833333333334,0.56257915154974,0.353595167565754,29.9362557356004,28.4167442643995,29.1765,0.92568506101645,57.7747600500173,28.864,28.9163511125544,0.571282269720452,0.528884184591881
"8868704","2009-01-29",10.0643944739903,0.475000000000001,0.586674174174174,0.50440712205418,29.9738838433508,28.4537828233159,29.2138333333333,0.734304603425968,54.4623362693778,28.8764,28.9555042975471,0.603924172023773,0.54389218207826
"8868703","2009-01-30",9.39167604056993,0.404166666666666,0.491666666666666,0.546973330796859,29.9813094401852,28.4560238931481,29.2186666666666,0.597031011857104,52.5599517291541,28.8888,28.9667703912075,0.575692373760539,0.550252220414716
"8868702","2009-02-02",10.5633327348292,0,0.293055555555555,0.457132132132131,30.0727336241233,28.2539330425433,29.1633333333333,-0.0937979187700793,40.6088034091695,28.8628,28.7992010057132,0.179708988387217,0.476143574009216
"8868701","2009-02-03",11.6512996652127,0.00362318840579638,0.13592995169082,0.306884057971013,30.1384463272003,28.0745536727997,29.1065,-0.0151269201912054,40.7179501904319,28.82,28.6553075382848,-0.131445737149416,0.35462571177749
"8868700","2009-02-04",12.5248382613179,0.141304347826087,0.0483091787439608,0.159098228663444,30.1465704298037,27.9760962368629,29.0613333333333,0.158446372804434,44.8645139260537,28.8156,28.5812665331801,-0.268741255643201,0.229952318293351
"8868699","2009-02-05",12.8839151793184,0.0905797101449276,0.0785024154589366,0.0875805152979048,30.1573542460605,27.8886457539394,29.023,0.182785748294259,43.6530544459686,28.7908,28.4984309954228,-0.412822193606133,0.101397415913455
"8868698","2009-02-06",12.7256967548644,0.235507246376811,0.155797101449275,0.094202898550723,30.1206599999804,27.8540066666863,28.9873333333333,0.354116788919773,47.9755087147353,28.7612,28.4799735293664,-0.40919440872722,-0.000720949014680353
"8868697","2009-02-09",13.3417680372735,0.0326086956521739,0.119565217391304,0.117954911433171,30.0972466445876,27.7440866887457,28.9206666666666,0.151249093955859,43.0020152025403,28.7104,28.3893103921176,-0.559036181160411,-0.112383995443826
"8868696","2009-02-10",14.786722307847,0,0.0893719806763279,0.121578099838968,30.1484632968763,27.4905367031236,28.8195,-0.0390793473006787,37.0870651957854,28.63,28.2040690065019,-0.896839719794285,-0.269275140313918
"8868695","2009-02-11",16.6180047513776,0,0.0108695652173908,0.0732689210950064,30.2601674324846,27.1044992341821,28.6823333333333,-0.1218439994385,33.6592020710843,28.5328,27.9701931389683,-1.3107402787278,-0.477568167996694
"8868694","2009-02-12",18.8390714143299,0,-4.60279962292513e-16,0.0334138486312383,30.4497851782706,26.632881488396,28.5413333333333,-0.118651536741011,29.9226415638948,28.41,27.6755007204392,-1.82326244683529,-0.746707023764414
"8868693","2009-02-13",20.6267928760323,0.203821656050955,0.0679405520169845,0.0262700390781239,30.4404991731435,26.4091674935231,28.4248333333333,0.113485867574816,39.9164419682014,28.3124,27.5481006243806,-1.93124154549922,-0.983613928111375
"8868692","2009-02-17",22.8464568219379,0.0318471337579615,0.0785562632696384,0.0488322717622064,30.4587771627689,26.0575561705644,28.2581666666666,0.00737155200638799,35.3372937162917,28.178,27.3296872077965,-2.23196453377278,-1.23328404924366
"8868691","2009-02-18",25.1292288996094,0,0.0785562632696384,0.075017692852086,30.525105550975,25.6668944490249,28.096,0.0150478333363728,33.4496260491775,28.0324,27.091062246757,-2.55545096536598,-1.49771743246812
"8868690","2009-02-19",28.1467137089524,0,0.0106157112526534,0.0559094125973089,30.8655124844552,24.8691541822114,27.8673333333333,-0.143835219990434,25.335073188906,27.7996,26.6095872805227,-3.40155393089324,-1.87848473215314
"8868689","2009-02-20",29.261720336146,0.0779896013864817,0.0259965337954934,0.0383895027725939,30.9644296060551,24.3915703939449,27.678,0.0443890443980465,29.3661070508158,27.6092,26.252308976453,-3.90783107675032,-2.28435400107258
"8868688","2009-02-23",29.6744639564781,0.211438474870017,0.0964760254188325,0.0443627568223253,30.944657094087,24.1080095725796,27.5263333333333,0.182641724640463,35.7573609490489,27.4372,26.0453344462593,-4.03461907306216,-2.6344070154705
"8868687","2009-02-24",30.0577258896436,0.294627383015598,0.194685153090698,0.105719237435007,30.7533559346003,23.8953107320663,27.3243333333333,0.213572413811519,39.4362834689305,27.2752,25.9299565200914,-3.94432243339548,-2.89639009905549
"8868686","2009-02-25",30.822709261311,0.180242634315424,0.228769497400346,0.173310225303291,30.4642144469488,23.6854522197178,27.0748333333333,0.170318376951509,36.3535794498978,27.1124,25.7419623174125,-4.0353574417306,-3.12418356759051
"8868685","2009-02-26",31.5330509635737,0.180242634315424,0.218370883882148,0.213941844791063,30.1058389802499,23.5388276864167,26.8223333333333,0.187985918050104,36.3535794498978,26.9608,25.5790340084242,-4.06492758124682,-3.31233237032178
"8868684","2009-02-27",32.5905322758621,0.0708812260536401,0.143788831561496,0.196976404281329,29.7735734560162,23.3327598773171,26.5531666666666,0.132577473158613,33.2898660858093,26.7836,25.3484961406343,-4.25634313815999,-3.50113452388942
"8868683","2009-03-02",33.8863275989458,0,0.0837079534563544,0.148622556299998,29.4534908598645,23.0805091401355,26.267,0.0883141075794266,30.8261947939145,26.5912,25.0700299885497,-4.55216393810103,-3.71134040673174
"8868682","2009-03-03",35.5431524346021,0,0.0236270753512129,0.0837079534563533,29.4278663628885,22.5661336371114,25.997,0.0170801896409671,27.1899952145868,26.3236,24.6966926567431,-5.06112933991476,-3.98129819336835
"8868681","2009-03-04",37.1323570960581,0,-4.81096644004234e-16,0.0357783429358545,29.3391997121622,22.0974669545044,25.7183333333333,0.0514425287375652,26.777678022275,26.0256,24.357133635844,-5.45737415355801,-4.27651338540628
"8868680","2009-03-05",38.877147309019,0,-4.81096644004234e-16,0.00787569178373622,29.1800239981626,21.6099760018374,25.395,0.0321473961081995,24.5707503282792,25.7052,23.9748491510648,-5.93964064006668,-4.60913883633836
"8868679","2009-03-06",40.5598364029426,0,-4.81096644004234e-16,-1.56125112837913e-15,28.9328393344198,21.1934939989135,25.0631666666666,0.0611385908291686,24.0532044403348,25.39,23.6222025975895,-6.32199754636154,-4.951710578343
"8868678","2009-03-09",42.2846193966247,0,-4.81096644004234e-16,-1.56125112837913e-15,28.5383275573225,20.8436724426774,24.691,0.0480412552802178,22.7014493324213,25.0648,23.2605755845776,-6.71033317789079,-5.30343509825255
"8868677","2009-03-10",43.8862036050438,0.0486111111111113,0.0162037037037033,0.00540123456789969,28.1282873924582,20.5793792742084,24.3538333333333,0.102966863589073,25.6993093617296,24.804,22.9844988399672,-6.85841167224585,-5.61443041305121
"8868676","2009-03-11",45.2953169597081,0.065972222222222,0.038194444444444,0.0181327160493812,27.7650844858254,20.3475821808413,24.0563333333333,0.146826309051986,26.7913258462107,24.5468,22.7585656613049,-6.87295355875986,-5.86613504219294
"8868675","2009-03-12",45.8607868240133,0.0590277777777777,0.0578703703703699,0.0374228395061713,27.4491367742478,20.1451965590854,23.7971666666666,0.190509514945461,26.6227736876293,24.2728,22.557423573131,-6.8290345166537,-6.0587149370851
"8868674","2009-03-13",46.1166088634016,0.193347193347193,0.106115731115731,0.0673935153101804,27.1489475945986,20.0250524054014,23.587,0.273953253021571,33.2894774638108,24.028,22.4617670967135,-6.51390718351382,-6.14975338637084
"8868673","2009-03-16",45.655584305927,0.269146608315099,0.173840526480023,0.112608875988707,26.623472531237,20.0938608020962,23.3586666666666,0.337866827220072,36.4511125699792,23.7792,22.4188648171517,-6.08824778341571,-6.13745226577982
"8868672","2009-03-17",44.4238141033263,0.237986270022883,0.233493357228391,0.171149871608047,26.2099570238778,20.1310429761222,23.1705,0.361186829307965,35.3097361279685,23.5452,22.3563495081981,-5.75404019987764,-6.06076985259938
"8868671","2009-03-18",42.0127459293722,0.460759493670886,0.322630790669622,0.243321558126011,25.8417922835214,20.2382077164786,23.04,0.516061147810521,43.1761128381085,23.3744,22.4061695737717,-5.14940762519885,-5.87849740711928
"8868670","2009-03-19",39.467948687153,0.754285714285714,0.484343825993161,0.346822657963724,25.8137787790979,20.2408878875687,23.0273333333333,0.630273499720505,50.0524051603856,23.2584,22.5586802972688,-4.32574164730963,-5.56794625515735
"8868669","2009-03-20",36.750452599497,0.798295454545454,0.671113554167351,0.492696056943377,25.7082159771845,20.2737840228155,22.991,0.677694131562427,51.3663584707839,23.1768,22.7135229242996,-3.5716237719664,-5.16868175851916
"8868668","2009-03-23",34.5519636474626,0.724431818181818,0.759004329004329,0.638153903054946,25.4266547524208,20.3906785809125,22.9086666666666,0.659121748404412,49.2331557106391,23.0464,22.8130532010597,-3.03134734445503,-4.74121487570633
"8868667","2009-03-24",32.396517381805,0.821022727272728,0.78125,0.737122627723892,25.1499833837531,20.5276832829135,22.8388333333333,0.7432771510867,52.0381961073835,22.962,22.9446461075851,-2.45534021902455,-4.28403994436998
"8868666","2009-03-25",30.9543949043867,0.696022727272727,0.74715909090909,0.762471139971138,24.9410695097597,20.6202638235736,22.7806666666666,0.707368732841796,48.3175186916383,22.8748,23.0000266265737,-2.12873564863915,-3.85297908522381
"8868665","2009-03-26",29.4732594415907,0.775568181818182,0.764204545454545,0.764204545454544,24.7647341649955,20.7085991683378,22.7366666666666,0.785164736287085,50.7316338513795,22.8812,23.0853564096972,-1.75184251520744,-3.43275177122054
"8868664","2009-03-27",28.218006807706,0.728395061728395,0.733328656939768,0.748230764434466,24.6820406224652,20.743292710868,22.7126666666666,0.75236446259313,49.9244049809837,22.866,23.1473088884043,-1.46768875533504,-3.03973916804344
"8868663","2009-03-30",27.7428475055993,0.550314465408805,0.68475923631846,0.727430812904256,24.6244804511586,20.7538528821747,22.6891666666666,0.625087381319357,45.1919767311407,22.798,23.1276677032837,-1.41741611750136,-2.71527455793502
"8868662","2009-03-31",26.9267995060709,0.647798742138364,0.642169423091854,0.68675243878336,24.6909990026311,20.7640009973689,22.7275,0.683982777437594,48.1739447545656,22.7232,23.1519786761792,-1.25531448486289,-2.42328254332059
"8868661","2009-04-01",26.6102253038999,0.428571428571428,0.542228212039532,0.623052290483281,24.7254591451934,20.7928741881398,22.7591666666666,0.58751665136932,45.1048680011481,22.6604,23.125048186022,-1.23784018595896,-2.18619407184827
"8868660","2009-04-02",25.3687715339063,0.540322580645161,0.538897583784984,0.574431739638789,24.7885470965358,20.8957862367974,22.8421666666666,0.672414050297403,48.4454608572057,22.6112,23.1470417612191,-1.09311903317878,-1.96757906411437
"8868659","2009-04-03",23.7787409592587,0.608870967741936,0.525921658986175,0.535682484936896,24.8485121986418,21.0411544680248,22.9448333333333,0.703597014389579,50.0811799145019,22.5956,23.1887695263898,-0.908811770110762,-1.75582560531365
"8868658","2009-04-06",22.7094474888943,0.258823529411766,0.469339025932954,0.511386089568036,24.7884709098945,21.3165290901055,23.0525,0.590487307384024,47.3228485176122,22.592,23.1862669228712,-0.853640665326394,-1.5753886173162
"8868657","2009-04-07",21.8421376960759,0.0878378378378371,0.318510778330512,0.437923821083212,24.6988737737199,21.5941262262801,23.1465,0.529041545339507,46.467485909399,22.6244,23.1720979998217,-0.831653429991297,-1.42664157985122
"8868656","2009-04-08",21.0367786027446,0.121621621621621,0.156094329623741,0.314648044629068,24.5774307438348,21.8982359228318,23.2378333333333,0.509517784895719,47.0402000382625,22.6636,23.1664849331788,-0.787822000872174,-1.29887766405541
"8868655","2009-04-09",19.5577486053739,0.289655172413794,0.16637154395775,0.213658883970667,24.4333236197445,22.2456763802554,23.3395,0.605364336552662,49.8155354241828,22.7388,23.1936202754216,-0.661999570205751,-1.17150204528548
"8868654","2009-04-13",18.451239890774,0.158620689655173,0.189965827896862,0.17081056715945,24.3055494294735,22.5094505705264,23.4075,0.460562675611954,47.6850506824975,22.8128,23.1918042386988,-0.621142558947774,-1.06143014801794
"8868653","2009-04-14",18.0430877529053,0,0.149425287356322,0.16858755307031,24.2182376524119,22.6564290142547,23.4373333333333,0.153820158592162,43.4700748629715,22.8876,23.1368970068723,-0.719737597061409,-0.993091637826631
"8868652","2009-04-15",17.1504362298614,0,0.0528735632183904,0.130754892823857,24.1085403870098,22.8264596129901,23.4675,0.0807596440942485,42.5585534024803,22.9476,23.0773107392893,-0.820316406223653,-0.958536591506036
"8868651","2009-04-16",15.9813183371846,0.341935483870967,0.113978494623655,0.105425781732788,24.1035807462002,22.8554192537998,23.4795,0.412270967605816,49.3006770508109,23.0248,23.0963359740507,-0.706963106827541,-0.908221894570337
"8868650","2009-04-17",15.1665675565219,0.44516129032258,0.262365591397848,0.14307254974663,24.0802901219312,22.8563765447354,23.4683333333333,0.550384821130903,51.1642153009925,23.11,23.1341578441773,-0.55491250009263,-0.837560015674796
"8868649","2009-04-20",14.5774334531983,0.13548387096774,0.307526881720428,0.227956989247309,24.0134401218058,22.8388932115275,23.4261666666666,0.233656160860226,45.7332821143166,23.1524,23.102936798287,-0.594964602149217,-0.78904093296968
"8868648","2009-04-21",14.0630088092412,0.122580645161289,0.234408602150536,0.268100358422936,23.9841679646922,22.8071653686411,23.3956666666666,0.24879692903091,45.5164865883441,23.182,23.0732118918487,-0.626638865476203,-0.756560519470985
"8868647","2009-04-22",13.7556572885141,0.0580645161290323,0.10537634408602,0.215770609318994,23.9032854599993,22.7863812066673,23.3448333333333,0.143508684402622,44.3835778121278,23.2152,23.0341169729356,-0.679084766522076,-0.741065368881203
"8868646","2009-04-23",13.5058040146077,0.0451612903225809,0.0752688172043002,0.138351254480284,23.8720248739722,22.7429751260278,23.3075,0.165648036601345,44.1469089138546,23.2164,22.9975680432108,-0.71960645297825,-0.736773585700612
"8868645","2009-04-24",13.2737974031233,0.0937499999999982,0.0656586021505366,0.0821012544802844,23.7774924876038,22.7421741790629,23.2598333333333,0.191077294108657,44.9374059400278,23.1868,22.9725589707827,-0.725993880570519,-0.734617644674594
"8868644","2009-04-27",13.0501879317188,0.15625,0.0983870967741924,0.0797715053763418,23.7113366058793,22.7606633941206,23.236,0.493688683002997,46.2482478517513,23.1536,22.9615511080117,-0.695033138842283,-0.726700743508132
"8868643","2009-04-28",13.0852013257448,0.419117647058824,0.223039215686273,0.129028304870333,23.7438535006049,22.763146499395,23.2535,0.775141640673982,51.9461883919225,23.1456,23.0013442936101,-0.534422220693143,-0.688245038945134
"8868642","2009-04-29",13.6882355136875,0.555555555555556,0.376974400871459,0.232800237777307,23.8348052899078,22.7165280434255,23.2756666666666,1.05233768603418,56.9889858593701,23.1392,23.0864983877954,-0.271180691412776,-0.604832169438662
"8868641","2009-04-30",14.4774143940694,0.639784946236558,0.538152716283645,0.379388777613791,23.9842277243269,22.6671056090063,23.3256666666666,1.0904286759906,59.854440438244,23.16,23.1922986027561,0.0200870521165353,-0.479848325127623
"8868640","2009-05-01",14.6696424912146,0.521505376344086,0.572281959378733,0.495803025511278,24.0376650671766,22.6483349328233,23.343,0.872121778126316,56.1608906700883,23.1608,23.2546587890552,0.171704965135411,-0.349537667075016
"8868639","2009-05-04",14.7498814191997,0.5,0.553763440860214,0.554732705507529,24.0541705993283,22.6414960673383,23.3478333333333,0.831876396662232,55.4904080992851,23.1636,23.3033709505146,0.274500972850045,-0.224729939090004
"8868638","2009-05-05",14.8621745079907,0.575418994413407,0.53230812358583,0.552784507941591,24.1279564658494,22.6247102008172,23.3763333333333,0.872748861159722,57.7964948551992,23.1952,23.3682548237793,0.409671672801615,-0.0978496167116802
"8868637","2009-05-06",14.6164636859129,0.502793296089385,0.52607076350093,0.537380775982324,24.1824348203527,22.6312318463139,23.4068333333333,0.783543379360731,55.4313559821193,23.2092,23.4071541806087,0.466250144860836,0.014970335602823
"8868636","2009-05-07",14.3368198746519,0.106145251396647,0.394785847299812,0.484388244795523,24.1864937998457,22.6408395334876,23.4136666666666,0.491158005406449,44.6779096774132,23.2092,23.3462002898609,0.263226240617698,0.064621516605798
"8868635","2009-05-08",13.6491697964965,0.581005586592179,0.396648044692736,0.439168218497825,24.2528964817991,22.6204368515342,23.4366666666666,0.863459728089634,55.7463519884996,23.2296,23.4067069178794,0.391034946714552,0.129904202627549
"8868634","2009-05-11",13.5134377922693,0.435754189944133,0.374301675977652,0.388578522656732,24.2861431732469,22.6308568267531,23.4585,0.690198713352668,52.2994856125617,23.2328,23.4244793288288,0.397936062372906,0.18351057457662
"8868633","2009-05-12",13.6463354793769,0.357541899441339,0.458100558659217,0.4096834264432,24.2819091193111,22.7057575473556,23.4938333333333,0.569473013857526,50.4892050079983,23.242,23.4212154183183,0.35113875279944,0.217036210221184
"8868632","2009-05-13",14.53683758539,0.0747126436781623,0.289336244354544,0.37391282633047,24.2666896422501,22.7433103577499,23.505,0.269153571769878,44.9800737079163,23.2364,23.3570533625426,0.153639215629564,0.20435681130286
"8868631","2009-05-14",15.6032240510095,0,0.1440848477065,0.297173883573419,24.2828637510717,22.6838029155949,23.4833333333333,0.158132664787794,43.2138161042463,23.2224,23.2801129142035,-0.0580261713546082,0.151880214771367
"8868630","2009-05-15",17.2724630079581,0,0.024904214559387,0.152775102206809,24.3341598840539,22.5321734492794,23.4331666666666,-0.00305595120278344,38.0807771366685,23.1784,23.1454311923097,-0.399396094272342,0.0416249529626249
"8868629","2009-05-18",18.8836296539818,0,-4.3483735131152e-16,0.056329687421961,24.407131657011,22.3815350096556,23.3943333333333,-0.0221506799231078,37.6091165517704,23.14,23.0220403666684,-0.681494484035794,-0.102998934437059
"8868628","2009-05-19",18.8902235284055,0.120171673819743,0.0400572246065805,0.0216538130553211,24.4234085280708,22.3269248052625,23.3751666666666,0.185902641248319,41.9455437030721,23.1288,22.952434984446,-0.798859539228935,-0.242171055395434
"8868627","2009-05-20",18.7574625509584,0.162995594713657,0.0943890895111328,0.0448154380392364,24.4301147830469,22.3052185502864,23.3676666666666,0.231280995656832,43.3094690665789,23.1248,22.9041103198532,-0.850893707005018,-0.363915585717351
"8868626","2009-05-21",19.0690964026208,0.044052863436124,0.109073377323174,0.0811732304802946,24.4650157897536,22.2219842102464,23.3435,0.100169100815634,40.2540514458145,23.0888,22.8262289438728,-0.976682374742555,-0.486468943522392
"8868625","2009-05-22",19.2066855552629,0.061674008810573,0.0895741556534508,0.0976788741625847,24.4906951091501,22.1516382241832,23.3211666666666,0.146082428070144,40.9190430327727,23.048,22.7640650846897,-1.05082146501667,-0.599339447821248
"8868624","2009-05-26",18.1155837460113,0.101321585903084,0.0690161527165932,0.0892212285644048,24.4934678447798,22.0988654885535,23.2961666666666,0.263565476666919,42.470589600543,23.03,22.7221897400644,-1.06580256392778,-0.692632071042553
"8868623","2009-05-27",17.1024177802776,0.220264317180617,0.127753303964757,0.0954478707782659,24.4696986909395,22.0583013090604,23.264,0.340756234171269,46.9698973498212,23.0236,22.7218977747225,-0.970680934359591,-0.748241843705961
"8868622","2009-05-28",16.4652199547301,0.154185022026432,0.158590308370044,0.11845325501713,24.3948518464996,22.0241481535004,23.2095,0.328672529651822,44.8703419713145,23.0152,22.7016447380928,-0.93781872482116,-0.786157219929001
"8868621","2009-05-29",15.7290197198825,0.282178217821782,0.218875852342943,0.168406488225914,24.2681355345326,22.037531132134,23.1528333333333,0.418034173546551,48.5059799074165,23.0164,22.7134254396805,-0.824086084853271,-0.793742992913855
"8868620","2009-06-01",16.0713089320929,0.592417061611375,0.342926767153196,0.240130975955393,24.2507071111755,22.0446262221578,23.1476666666666,0.776055154202081,57.7750363634994,23.0428,22.8143020477231,-0.487251677528855,-0.732444729836855
"8868619","2009-06-02",16.7218337479683,0.794871794871795,0.556489024768317,0.372763881421484,24.3367512813645,22.0009153853021,23.1688333333333,0.958579589633171,64.029999797358,23.0904,22.9830617746933,-0.00666837187278668,-0.587289458244041
"8868618","2009-06-03",16.7519159866571,0.685106382978723,0.690798413153964,0.530071401691824,24.3635854118413,21.9880812548253,23.1758333333333,0.879217746545631,60.1005750551604,23.1132,23.0959868714009,0.281046271247143,-0.413622312345804
"8868617","2009-06-04",16.7798494940111,0.778723404255319,0.752900527368612,0.66672932176363,24.4224306570401,21.9609026762932,23.1916666666666,0.894741264071214,62.2935252188039,23.1296,23.2231886218808,0.577512103133815,-0.215395429249881
"8868616","2009-06-05",17.2005659189148,0.817427385892117,0.760419057708719,0.73470599941043,24.5649731433391,21.9120268566608,23.2385,0.913942292077728,63.6622319781913,23.142,23.35209680563,0.849305928302102,-0.00245515773948407
"8868615","2009-06-08",17.1432929830863,0.731601731601733,0.775917507249723,0.763079030775683,24.5982074636974,21.8971258696359,23.2476666666666,0.857511105473371,60.6156798493128,23.156,23.439817231546,0.989723584783975,0.195980590765208
"8868614","2009-06-09",16.8915326059845,0.696969696969697,0.748666271487849,0.761667612148762,24.6499502156858,21.8797164509809,23.2648333333333,0.807495108963883,59.2583711644669,23.1684,23.5051749340065,1.06050486240743,0.368885445093652
"8868613","2009-06-10",16.3081848814552,0.636363636363636,0.688311688311688,0.737631822349752,24.6917634159279,21.872236584072,23.282,0.735736953859448,56.8589037220215,23.1684,23.5431516094723,1.05603433334331,0.506315222743585
"8868612","2009-06-11",17.1190340016952,0.650557620817844,0.661296984717059,0.699424981505531,24.8383232387735,21.8526767612265,23.3455,0.861005008944965,60.7691122086385,23.1864,23.618731394876,1.14828122772388,0.634708423739644
"8868611","2009-06-12",18.3130215613436,0.68259385665529,0.656505037945589,0.668704570324778,25.0372943213349,21.8360390119984,23.4366666666666,0.913379504431845,64.4554519295654,23.2464,23.7295672088925,1.32095238964363,0.77195721692044
"8868610","2009-06-15",19.4217242953028,0.711743772241993,0.681631749905042,0.666477924189229,25.1891979364679,21.906802063532,23.548,0.867211445539403,65.6811594177059,23.2772,23.8416249143735,1.47983604355886,0.913532982248124
"8868609","2009-06-16",20.7060814629397,0.740213523131672,0.711517050676318,0.683217946175649,25.3133930013546,22.0359403319786,23.6746666666666,0.864714140497698,66.5102820251802,23.3216,23.9494082591237,1.61256804851897,1.05333999550229
"8868608","2009-06-17",21.8986988328882,0.752895752895753,0.734951016089806,0.709366605557054,25.4422712654586,22.1247287345414,23.7835,0.834534771744593,67.4626516012354,23.3752,24.0548204912406,1.72656792799486,1.18798558200081
"8868607","2009-06-18",23.6379948373913,0.739910313901346,0.74433986330959,0.730269310025237,25.6302330979913,22.1884335686753,23.9093333333333,0.907926140974004,71.1881998115518,23.4624,24.1968444257418,1.9199228411616,1.33437303383297
"8868606","2009-06-19",25.4733670204485,0.71090047393365,0.734568846910249,0.737953242103214,25.777069437641,22.3462638956922,24.0616666666666,0.917297526531761,72.6944889597626,23.5628,24.3425985023096,2.10275514936247,1.48804945693887
"8868605","2009-06-22",27.1447847269461,0.706161137440759,0.718990641758584,0.73263311732614,25.8674348264901,22.5515651735098,24.2095,0.874110001243589,72.4545287399504,23.6832,24.4675853686683,2.21630304302243,1.63370017415558
"8868604","2009-06-23",28.3553923748738,0.658767772511849,0.691943127962085,0.715167538876972,25.9265935840144,22.7567397493189,24.3416666666666,0.825461904701932,69.9672898551548,23.8016,24.5625739861792,2.24573461789219,1.7561070629029
"8868603","2009-06-24",28.8764756065292,0.573459715639811,0.646129541864139,0.685687770528268,25.9252096646021,22.9844570020645,24.4548333333333,0.734123735998222,65.601876116707,23.9016,24.6208974546886,2.18388762731203,1.84166317578473
"8868602","2009-06-25",30.1258103000336,0.529411764705883,0.587213084285847,0.641761918037356,25.883446712886,23.276553287114,24.58,0.778748129663759,64.6367544404947,23.9964,24.6661111273968,2.09712118854537,1.89275477833686
"8868601","2009-06-26",31.5020102598858,0.683333333333333,0.595401604559675,0.609581410236553,25.8777339816034,23.5535993517298,24.7156666666666,0.91635568535,70.1868043674849,24.1208,24.7679629770773,2.15610800759944,1.94542542418937
"8868600","2009-06-29",32.7914312068442,0.804979253112034,0.672574783717083,0.6183964908542,26.0034132304476,23.6409201028856,24.8221666666666,0.950583321314693,73.0899411657659,24.2556,24.8962345801336,2.27236181638573,2.01081270262864
"8868599","2009-06-30",33.1135499350383,0.650717703349282,0.713010096598216,0.660328828291657,26.1024029310515,23.6872637356151,24.8948333333333,0.830622765556887,67.0005468856247,24.3764,24.9727366361158,2.25277236078165,2.05920463425925
"8868598","2009-07-01",34.1491708621017,0.704845814977974,0.720180923813096,0.701921934709464,26.2915792511105,23.7177540822228,25.0046666666666,0.992910972354406,72.5038950445335,24.5096,25.1163717513004,2.39493125232322,2.12634995787204
"8868597","2009-07-02",33.7385519675504,0.460465116279069,0.605342878202108,0.679511299537805,26.3597756044534,23.8148910622132,25.0873333333333,0.786587985123811,62.9521335551252,24.6292,25.1755221844603,2.32194348094734,2.1654686624871
"8868596","2009-07-06",33.1520828392211,0.40096618357488,0.52209237161064,0.61587205787528,26.3989853753377,23.9070146246622,25.153,0.699440543138521,61.5269650554801,24.7368,25.2161192265323,2.21250720727786,2.17487637144525
"8868595","2009-07-07",31.8193763766607,0.212121212121213,0.357850837325053,0.495095362379266,26.382642990703,24.0396903426303,25.2111666666666,0.57063736441117,56.0599170607538,24.8044,25.2086366629946,2.00027131675902,2.13995536050801
"8868594","2009-07-08",29.6589905271571,0,0.20436246523203,0.361435224722573,26.3201921951721,24.1874744714945,25.2538333333333,0.366914720976831,49.6727437101303,24.8304,25.144818441262,1.6751689521961,2.04699807884563
"8868593","2009-07-09",27.5518221865083,0,0.0707070707070701,0.210973457754717,26.2025070882364,24.3998262450969,25.3011666666666,0.27376287384126,48.9740156249568,24.8644,25.0828426490938,1.38543378004687,1.91468521908588
"8868592","2009-07-10",25.5951658701917,0.0147058823529417,0.00490196078431308,0.0933238322411365,26.1587825754254,24.4842174245745,25.3215,0.206490965878394,49.4336238744299,24.8908,25.0331302958813,1.15212776184412,1.76217372763753
"8868591","2009-07-13",24.7013124714274,0.0147058823529417,0.00980392156862699,0.0284709843533354,26.1452909477598,24.5200423855734,25.3326666666666,0.285058518763828,49.4336238744299,24.9116,24.9900462564304,0.956170607922457,1.60097310369451
"8868590","2009-07-14",23.9456554098194,0.250000000000001,0.0931372549019606,0.0359477124182989,26.1290198702861,24.5926467963805,25.3608333333333,0.471252642071917,56.6750462647155,24.9588,25.016706755573,0.945005129901855,1.46977950893598
"8868589","2009-07-15",24.1535899926027,0.416666666666668,0.227124183006536,0.110021786492373,26.1524503024604,24.6545496975395,25.4035,0.713521065605194,60.9417916777013,25.0228,25.08514585483,1.03355728625938,1.38253506440066
"8868588","2009-07-16",24.5112728960792,0.480392156862746,0.382352941176471,0.234204793028321,26.1853760676174,24.7169572657159,25.4511666666666,0.769337330390956,62.4639381561313,25.0976,25.161793074186,1.13177722926816,1.33238349737416
"8868587","2009-07-17",24.9652567849796,0.57843137254902,0.491830065359477,0.36710239651416,26.255360966221,24.7163057004456,25.4858333333333,0.838411066136048,64.7405598445444,25.1676,25.2548873309612,1.25827628643334,1.317562055186
"8868586","2009-07-20",24.4588118822702,0.411764705882353,0.490196078431372,0.454793028322438,26.2767794833941,24.7205538499392,25.4986666666666,0.661501859325751,58.2702825749831,25.2104,25.290235686833,1.23499316260809,1.30104827667041
"8868585","2009-07-21",23.9885416154685,0.539215686274511,0.509803921568627,0.497276688453157,26.3200994404541,24.7235672262125,25.5218333333333,0.745218979302598,61.4436574945721,25.2588,25.3555375952553,1.28425918828674,1.29769045899368
"8868584","2009-07-22",22.6369590682273,0.44848484848485,0.466488413547237,0.488829471182411,26.3304940002564,24.7378393330768,25.5341666666666,0.553893248236527,55.1859106388037,25.2896,25.3641325825546,1.19466176788976,1.2770847207729
"8868583","2009-07-23",22.1274344589628,0.476744186046512,0.488148240268623,0.488146858461495,26.3502039609478,24.7837960390521,25.567,0.648747970910445,56.2521862006786,25.32,25.382248238214,1.13595875621779,1.24885952786188
"8868582","2009-07-24",22.6182144542298,0.678111587982833,0.534446874171397,0.496361175995751,26.5007932713694,24.7535400619639,25.6271666666666,1.00526925838858,64.8166528411454,25.3656,25.4992818064521,1.31498198868594,1.26208402002669
"8868581","2009-07-27",23.4203327467604,0.849420849420849,0.668092207816731,0.563562440752249,26.7553086770537,24.6316913229462,25.6935,1.11993277529666,69.9798590943849,25.4292,25.6833775655918,1.63137470683512,1.33594215738837
"8868580","2009-07-28",24.3327726257925,0.871323529411765,0.799618655605148,0.667385912531091,26.9975141128229,24.517485887177,25.7575,1.06820589866462,71.2267078909265,25.5,25.8655938901796,1.90964942387286,1.45068361068527
"8868579","2009-07-29",24.9839610587339,0.840740740740741,0.853828373191118,0.773846412204331,27.2035772683507,24.4544227316492,25.829,0.970811413492355,69.9386012816847,25.572,26.014181371489,2.08117397112486,1.57678168277319
"8868578","2009-07-30",26.313250957986,0.798780487804878,0.83694825265246,0.830131760482907,27.45041019072,24.3352564759466,25.8928333333333,1.03196946873206,72.606174281861,25.6652,26.1896238552904,2.29591212951694,1.72060777212194
"8868577","2009-07-31",27.5475915787201,0.871428571428572,0.836983266658062,0.842586630833879,27.7420599891481,24.2362733441852,25.9891666666666,1.00036321211592,74.6801609643018,25.772,26.3816740079184,2.52532594285972,1.8815514062695
"8868576","2009-08-03",27.6795779123245,0.719844357976654,0.796684472403367,0.823538663904628,27.9396162297449,24.2210504369216,26.0803333333333,0.874606791330271,68.0245925292785,25.8456,26.5001174735293,2.56466459525189,2.01817404406598
"8868575","2009-08-04",27.8900810138679,0.894941634241245,0.828738187882156,0.82080197564786,28.1725556581028,24.2297776752305,26.2011666666666,0.903818493859712,71.44977800599,25.9252,26.6627684770587,2.69898908581856,2.15433705241649
"8868574","2009-08-05",27.6405706194097,0.832684824902724,0.815823605706873,0.813748755330797,28.327760495596,24.3479061710705,26.3378333333333,0.843103010475852,68.6346161600323,26.0088,26.7823993467842,2.723212494393,2.26811214081179
"8868573","2009-08-06",27.0529486088849,0.77906976744186,0.835565408861942,0.826709067483656,28.4227397913459,24.5255935419874,26.4741666666666,0.794018561279807,66.3472613432824,26.064,26.8687461005463,2.67105479700367,2.34870067205017
"8868572","2009-08-07",25.3971953582837,0.445993031358885,0.685915874567822,0.779101629712211,28.4143142492055,24.7740190841277,26.5941666666666,0.674665323689427,55.2186643029274,26.1096,26.8462466204735,2.38286441353281,2.3555334203467
"8868571","2009-08-10",23.7545026923918,0.821917808219178,0.68232686900664,0.7346027174788,28.503903117201,24.9854302161322,26.7446666666666,0.854888811645359,64.9362017163392,26.2032,26.9760804044103,2.46143649062749,2.37671403440286
"8868570","2009-08-11",22.2291452169207,0.845070422535211,0.70432708737109,0.690856610315183,28.5894249934854,25.1675750065145,26.8785,0.825798424120931,65.5118871708643,26.3128,27.0992696838223,2.51657692893321,2.40468661330893
"8868569","2009-08-12",21.1664754854742,0.736607142857143,0.80119845787051,0.729284138082746,28.7021484712695,25.2931848620638,26.9976666666666,0.825318814494014,65.587942846591,26.44,27.2073670593127,2.53232458005725,2.43021420665859
"8868568","2009-08-13",20.1797107348452,0.75,0.777225855130784,0.76091713345746,28.8001394043418,25.4245272623247,27.1123333333333,0.804438609482139,66.6952820551074,26.5748,27.319718118071,2.55522824333423,2.45521701399372
"8868567","2009-08-14",18.9100030194911,0.672222222222222,0.719609788359788,0.766011367120359,28.8677709098367,25.5602290901632,27.214,0.749732292147282,64.4614287370672,26.7028,27.3984223689948,2.50196367977542,2.46456634715006
"8868566","2009-08-17",17.6287050288794,0.650000000000001,0.69074074074074,0.729192128077103,28.8662534592601,25.7847465407398,27.3255,0.712396083249527,63.8038870140436,26.8292,27.4612993864622,2.41932701274175,2.4555184802684
"8868565","2009-08-18",17.1567582283547,0.705555555555555,0.675925925925925,0.695425485008816,28.8724587778567,26.0018745554766,27.4371666666666,0.747162230764219,64.7713710804168,26.9404,27.5291261349339,2.35537956283176,2.43549069678107
"8868564","2009-08-19",16.7185219135818,0.761111111111111,0.705555555555555,0.690740740740739,28.7711419016085,26.3618580983914,27.5665,0.765708284682731,65.7570550137224,27.042,27.6012426502761,2.30666280711707,2.40972511884827
"8868563","2009-08-20",16.3115881927212,0.783333333333333,0.749999999999999,0.710493827160492,28.6137907204211,26.7625426129121,27.6881666666666,0.794486008901466,66.1648619089704,27.14,27.6690769635726,2.25303582179917,2.37838725943845
"8868562","2009-08-21",17.4002985351325,0.734939759036145,0.759794734493529,0.738450096683026,28.6687785221899,26.9315548111434,27.8001666666666,1.04675360881483,70.1805263285813,27.2468,27.7838667017629,2.30520470131397,2.36375074781355
"8868561","2009-08-24",18.7901036489292,0.87912087912088,0.799131323830118,0.769642019441214,28.8994795033815,26.9208538299517,27.9101666666666,1.15693746461917,74.5884223085542,27.39,27.9593511415279,2.48084465193106,2.38716952863705
"8868560","2009-08-25",20.2756953893227,0.856643356643357,0.823567998266793,0.794164685530145,29.1126099569871,26.9197233763461,28.0161666666666,1.07937332975454,74.9383838092909,27.5248,28.1181043226575,2.60137444660373,2.43001051223039
"8868559","2009-08-26",20.8657294025274,0.772727272727273,0.836163836163835,0.819621052753581,29.2249209655753,27.0037457010913,28.1143333333333,0.93775624052758,69.9581163236645,27.6644,28.2236904129698,2.59606744866847,2.46322189951801
"8868558","2009-08-27",21.1598779519562,0.580459770114942,0.736610133161856,0.79878065586416,29.3268960142528,27.0454373190804,28.1861666666666,0.850872010829694,68.3280297399056,27.7976,28.3045316912405,2.53859229492643,2.47829597859969
"8868557","2009-08-28",21.5308700112112,0.591715976331362,0.648301006391191,0.74035832523896,29.4285912528323,27.0724087471677,28.2505,0.830831757780222,68.7204824205243,27.902,28.3799274657418,2.47504832290268,2.47764644746029
"8868556","2009-08-31",20.5957605626023,0.343195266272189,0.505123670906163,0.630011603486402,29.4456030790197,27.1753969209803,28.3105,0.659823957858841,60.275017770728,27.9648,28.3892704703095,2.27868657674755,2.43785447331774
"8868555","2009-09-01",19.1538348061123,0.21301775147929,0.382642998027612,0.512022558441654,29.463077023017,27.2345896436496,28.3488333333333,0.594757847238355,56.3673044991612,28.012,28.3680344076016,2.03712544144758,2.35770866694371
"8868554","2009-09-02",18.0554904146957,0.142011834319526,0.232741617357,0.373502762096924,29.452159318638,27.3011740146952,28.3766666666666,0.445761290673266,54.2994314472563,28.0572,28.3336298199214,1.79100873697806,2.24436868095058
"8868553","2009-09-03",17.6873099089399,0,0.118343195266271,0.244575936883626,29.4301099469331,27.3595567197335,28.3948333333333,0.301260844399296,49.7163525457131,28.0772,28.2664791772652,1.49892821603363,2.09528058796719
"8868552","2009-09-04",17.3454280107381,0.046242774566475,0.0627515362953325,0.137945449639533,29.3408636038105,27.5284697295228,28.4346666666666,0.274883370668913,50.9891832145818,28.0884,28.2189486202965,1.27558930445761,1.93134233126528
"8868551","2009-09-08",16.842305176433,0.0520231213872852,0.0327552986512523,0.0712833434042838,29.3383802109685,27.5369531223647,28.4376666666666,0.286650630622432,51.1556214653993,28.1144,28.179088804257,1.08891509034519,1.76285688308126
"8868550","2009-09-09",16.342697077658,0.0982658959537582,0.065510597302505,0.0536724774163618,29.3340815203811,27.5529184796188,28.4435,0.312762789049781,52.544059362442,28.1256,28.1552102970227,0.952942073256402,1.60087392111629
"8868549","2009-09-10",15.5778223908382,0.046242774566475,0.065510597302505,0.0545921644187527,29.3348387478053,27.549494585528,28.4421666666666,0.297144621009851,50.7947450030615,28.1396,28.122515590753,0.810039073696212,1.44270695163227
"8868548","2009-09-11",14.8675816102198,0.0982658959537582,0.0809248554913293,0.070648683365445,29.3354629811676,27.5458703521657,28.4406666666666,0.315227967914099,52.4978529009075,28.1624,28.1061801786526,0.714413897924437,1.29704834089071
"8868547","2009-09-14",14.9694302332014,0.0693641618497115,0.0712909441233138,0.0725754656390479,29.3317408147493,27.5709258519173,28.4513333333333,0.387552068684437,51.4327715460571,28.2124,28.0853561548323,0.617158192373268,1.16107031118722
"8868546","2009-09-15",15.114020488819,0.484472049689441,0.217367369164302,0.12319438959298,29.3463265424644,27.6283401242022,28.4873333333333,0.623788328246406,62.3043206063665,28.244,28.1553086675213,0.721300053371432,1.07311625962406
"8868545","2009-09-16",15.7157061295124,0.480263157894736,0.344699789811295,0.211119367699636,29.3668136022799,27.6661863977201,28.5165,0.625541917374715,61.1868983926951,28.2704,28.2092675118518,0.780067501827619,1.01450650806477
"8868544","2009-09-17",16.6388389086018,0.677631578947368,0.547455595510514,0.369840918162036,29.4163724987866,27.69429416788,28.5553333333333,0.748536894239147,65.2177161628583,28.3084,28.2960318436049,0.901532439123431,0.991911694276504
"8868543","2009-09-18",17.496033632042,0.749999999999999,0.6359649122807,0.509373432534168,29.4543838208234,27.7272828458432,28.5908333333333,0.704099242086331,65.475134943875,28.3416,28.3738942644576,0.991363098255937,0.991801975072391
"8868542","2009-09-21",16.6797064123902,0.435714285714287,0.62111528822055,0.60151193200392,29.4419972076912,27.7210027923087,28.5815,0.489444087380964,55.7072369229388,28.3628,28.3827083625299,0.9264121654041,0.978724013138733
"8868541","2009-09-22",15.6700346869081,0.378571428571429,0.521428571428571,0.592836257309939,29.3561737194982,27.7334929471684,28.5448333333333,0.457991326557253,54.1261567256235,28.3824,28.3796805808592,0.842472600116584,0.951473730534303
"8868540","2009-09-23",15.0017789236738,0.364285714285715,0.392857142857142,0.511800334168753,29.2416763784529,27.7686569548803,28.5051666666666,0.491966614191281,53.7156992152551,28.3972,28.3743898367447,0.761494358872628,0.913477856201968
"8868539","2009-09-24",14.3812557149563,0.492424242424241,0.41176046176046,0.44201539201539,29.1715389764183,27.7924610235817,28.482,0.602483933589588,57.5308519844606,28.4168,28.3991378585121,0.751199315166962,0.881022147994967
"8868538","2009-09-25",13.9994011415768,0.462121212121212,0.439610389610388,0.414742664742662,29.1167873283122,27.8102126716877,28.4635,0.617227642439057,56.6170596085429,28.4332,28.4152528107105,0.723263777354921,0.849470473866958
"8868537","2009-09-28",14.6230163366123,0.46969696969697,0.474747474747473,0.442039442039439,29.0625624628721,27.8351042037945,28.4488333333333,0.734495414572937,56.8017894991691,28.4332,28.4305524359491,0.695896377934635,0.818755654680493
"8868536","2009-09-29",15.7261287621533,0.691780821917809,0.541199667911996,0.485185844089951,29.1336324970335,27.8037008362997,28.4686666666666,0.952153558778779,63.3553595279582,28.426,28.4958121111559,0.775727337619059,0.810149991268206
"8868535","2009-09-30",15.9243024462841,0.535211267605634,0.565563019740137,0.527170054133201,29.1806278220743,27.7933721779257,28.487,0.816932692630368,58.2324506999733,28.4084,28.5243704963351,0.770373593553764,0.802194711725318
"8868534","2009-10-01",15.2733297574402,0.366197183098591,0.53106309087401,0.54594192617538,29.1963471952184,27.8176528047815,28.507,0.610974557567865,52.9617072935365,28.3908,28.5171210968237,0.690226762667367,0.779801121913728
"8868533","2009-10-02",14.4285775653682,0,0.300469483568074,0.465698531394072,29.1765433130556,27.8784566869443,28.5275,0.39664274789691,48.2577974821718,28.3668,28.4788382839139,0.552398714324842,0.734320640395951
"8868532","2009-10-05",13.8461082052881,0,0.122065727699529,0.31786610071387,29.1571827808856,27.9298172191143,28.5435,0.339629414850754,46.9480544669446,28.3384,28.4363265127254,0.418442417125542,0.671144995741869
"8868531","2009-10-06",13.6166879182751,0.363636363636364,0.12121212121212,0.181249110826573,29.1581584053204,28.0015082613462,28.5798333333333,0.673057227122227,55.1820383889811,28.3444,28.458149644362,0.432142383114065,0.623344473216308
"8868530","2009-10-07",13.6053949903435,0.578512396694214,0.314049586776858,0.185775811896168,29.1843760134289,28.0622906532377,28.6233333333333,0.817860547263451,59.2106959183219,28.3696,28.5117296917804,0.510678222868211,0.600811223146689
"8868529","2009-10-08",13.8471668835321,0.644628099173554,0.52892561983471,0.321395775941228,29.2068018971509,28.1385314361824,28.6726666666666,0.86882045736137,60.3904974627575,28.4028,28.568832399543,0.588474143897311,0.598343807296813
"8868528","2009-10-09",13.9629296180967,0.619834710743801,0.614325068870522,0.485766758494029,29.2106043111646,28.2283956888354,28.7195,0.833092847312693,59.6932231837187,28.446,28.6143214129373,0.634075992150995,0.60549024426765
"8868527","2009-10-12",14.5387347954461,0.694029850746269,0.652830886887874,0.598693858531034,29.2577491418432,28.2785841914901,28.7681666666666,0.968256139922789,62.491559925678,28.4932,28.6777452245456,0.712448275387079,0.626881850491535
"8868526","2009-10-13",14.4710081744962,0.574626865671642,0.629497142387236,0.632217699381876,29.2880521635179,28.2826145031486,28.7853333333333,0.756604670950236,58.5972433714787,28.5336,28.7113791946062,0.72097494298311,0.64570046898985
"8868525","2009-10-14",13.8134956292805,0.447761194029852,0.572139303482586,0.618155777585897,29.3026078913277,28.2893921086722,28.796,0.645411605163935,54.6970393435975,28.564,28.7178619686587,0.672142483385629,0.650988871869006
"8868524","2009-10-15",12.9402137734283,0.335820895522388,0.452736318407959,0.551457588092593,29.2830128887227,28.2829871112772,28.783,0.440334871347971,51.4434182134172,28.592,28.7034803728376,0.584557569567568,0.637702611408719
"8868523","2009-10-16",12.811670062804,0.164179104477611,0.315920398009949,0.446932006633497,29.266405073595,28.2642615930716,28.7653333333333,0.325041686404304,46.8423073259971,28.6072,28.6603496564592,0.445309488250589,0.599223986777093
"8868522","2009-10-19",12.5225586505362,0.46268656716418,0.320895522388059,0.363184079601988,29.2914785662435,28.2845214337564,28.788,0.727086793756464,54.4693108102046,28.6404,28.676303035598,0.442443395620185,0.567867868545711
"8868521","2009-10-20",12.6011734927047,0.482993197278913,0.3699529563069,0.335589625568301,29.3227404281169,28.3179262385497,28.8203333333333,0.801548289371342,55.9990489264432,28.6508,28.7021292975183,0.460138026207502,0.546321900078069
"8868520","2009-10-21",12.7243145872186,0.590604026845638,0.512094597096242,0.400981025263732,29.3688987781531,28.3467678885135,28.8578333333333,0.877153262764558,58.8138951854365,28.67,28.7471787245158,0.515868392687335,0.540231198599922
"8868519","2009-10-22",11.9472909084357,0.402684563758391,0.492093929294313,0.45804716089915,29.3778730617303,28.3737936049363,28.8758333333333,0.60706324013768,52.8203016633169,28.666,28.7488882279137,0.475854507015394,0.527355860283017
"8868518","2009-10-23",11.6530617838184,0.102362204724412,0.365216931776146,0.456468486055566,29.3756744079531,28.3996589253801,28.8876666666666,0.464822962395241,48.1064361474137,28.6512,28.7170364641919,0.369682665668813,0.495821221360176
"8868517","2009-10-26",11.6634142238004,0.0157480314960627,0.173598266659621,0.343636375910025,29.3770684899325,28.3922648434008,28.8846666666666,0.288790384019706,46.1546633601342,28.6496,28.674764935633,0.251655163536935,0.446988009795528
"8868516","2009-10-27",11.6730272037837,0.125984251968504,0.0813648293963251,0.206726675944029,29.3567326012816,28.3792673987183,28.868,0.365638865722402,48.9912174294669,28.6568,28.6567962775486,0.195227147508859,0.396635837338194
"8868515","2009-10-28",12.0585440062834,0.0157480314960627,0.0524934383202088,0.102485511458717,29.3546035430864,28.3460631235802,28.8503333333333,0.225345663255039,46.3610642058193,28.6592,28.6225567738754,0.109765655966343,0.339261801063824
"8868514","2009-10-29",13.0707051892169,0,0.047244094488188,0.0603674540682394,29.3803251932645,28.2883414734021,28.8343333333333,0.0473070483178915,41.7102785921021,28.642,28.5568825373587,-0.0339119946240807,0.264627041926243
"8868513","2009-10-30",14.2959702076648,0,0.00524934383201992,0.0349956255468044,29.4007940238116,28.2525393095217,28.8266666666666,-0.0109203205226649,39.6479496861588,28.6212,28.4826315323775,-0.182778762554225,0.175145881030149
"8868512","2009-11-02",15.4337162962236,0,-9.63349770325787e-16,0.0174978127734011,29.4198551555784,28.2194781777548,28.8196666666666,-0.01067290636597,39.6479496861588,28.6,28.4182806613939,-0.297685584440821,0.0805795879359552
"8868511","2009-11-03",17.1027470493238,0,-9.63349770325787e-16,0.00174978127733811,29.5088927361293,28.0367739305373,28.7728333333333,-0.131402843621815,35.1513809003619,28.5516,28.3238432398747,-0.466305808238343,-0.0287974912989045
"8868510","2009-11-04",17.4585551865288,0.0876288659793806,0.0292096219931259,0.00973654066437344,29.5186599326313,27.934673400702,28.7266666666666,0.0770166055743409,39.4841472721343,28.5184,28.2646641412247,-0.545675407701296,-0.132173074579383
"8868509","2009-11-05",16.2389979698588,0.139175257731959,0.0756013745704455,0.0349369988545222,29.485477851761,27.8901888149056,28.6878333333333,0.250619903890587,41.9414924712751,28.4988,28.2267089223948,-0.57361043644355,-0.220460546952216
"8868508","2009-11-06",15.6549496043642,0.5,0.242268041237112,0.115693012600227,29.4612171115669,27.8934495550997,28.6773333333333,0.60163071220354,55.5485846926991,28.5168,28.2871477327421,-0.391184823363544,-0.254605402234482
"8868507","2009-11-09",15.2343005675345,0.618556701030928,0.419243986254295,0.245704467353949,29.424837416674,27.9078292499926,28.6663333333333,0.724345089768302,58.9526585485424,28.5468,28.3701947017099,-0.179270310299917,-0.239538383847569
"8868506","2009-11-10",15.861712883326,0.658163265306122,0.592239988779016,0.417917338756806,29.455479758336,27.8951869083306,28.6753333333333,0.851216119459979,60.2358871627084,28.5628,28.4541687414819,0.0136210915147705,-0.188906488775101
"8868505","2009-11-11",16.615509622856,0.75609756097561,0.677605842437552,0.563029939156953,29.5390402842561,27.8599597157438,28.6995,0.933074314778709,63.7605392114557,28.5788,28.5616129092843,0.236770181511381,-0.103771154717805
"8868504","2009-11-12",16.0798728835727,0.551219512195121,0.655160112825616,0.64166864801406,29.5713582939673,27.861975039366,28.7166666666666,0.704752210516817,55.2421725705996,28.5748,28.5987311880464,0.291180525383261,-0.0247808186975915
"8868503","2009-11-13",15.1928067247205,0.478048780487805,0.595121951219511,0.642629302160892,29.5852274788273,27.8754391878392,28.7303333333333,0.577787408359881,52.542318846101,28.566,28.6109003629735,0.288606116827084,0.0378965684073436
"8868502","2009-11-16",15.3984265337846,0.73170731707317,0.586991869918698,0.612424644654607,29.6402789540685,27.8560543792648,28.7481666666666,0.850385638386071,59.8652765774026,28.5708,28.6907803145771,0.427952095640993,0.115907673854073
"8868501","2009-11-17",16.0337969270148,0.830357142857143,0.680037746806038,0.620717189314748,29.7486140013169,27.8050526653497,28.7768333333333,0.973272088876786,64.0061517175164,28.5964,28.8080096059668,0.631464431987272,0.219019025480713
"8868500","2009-11-18",16.6936337630978,0.828947368421054,0.797003942783788,0.68801118650284,29.8404789927319,27.7618543406014,28.8011666666666,0.946849955513309,64.3363697961891,28.63,28.9136083251712,0.79100442543969,0.333416105472509
"8868499","2009-11-19",16.3602004711847,0.67982456140351,0.779709690893901,0.752250460161241,29.8934765367079,27.7518567966254,28.8226666666666,0.775803708572438,57.8578310684252,28.656,28.9597938818151,0.812706835071131,0.429274251392233
"8868498","2009-11-20",15.8672851357585,0.649122807017545,0.719298245614035,0.76533729309724,29.934994649941,27.7543386833923,28.8446666666666,0.705748487404366,56.5942684643911,28.6884,28.9904880309064,0.801025597178806,0.503624520549548
"8868497","2009-11-23",16.8040051383195,0.8,0.709649122807017,0.73621901977165,30.0985789177149,27.7190877489517,28.9088333333333,0.941761112823567,63.9771960390399,28.7292,29.0984229601189,0.949909650625802,0.592881546564799
"8868496","2009-11-24",17.5922655693643,0.778260869565217,0.742461225527586,0.723802864649545,30.2256696991715,27.7066636341618,28.9661666666666,0.864098633745518,63.4059963497218,28.7652,29.1879665654363,1.04665756230182,0.683636749712203
"8868495","2009-11-25",18.4206519986307,0.775000000000001,0.784420289855071,0.74551021272989,30.3606096821523,27.714723651181,29.0376666666666,0.864969108783654,65.0845495023117,28.8004,29.2855710233782,1.15069376021066,0.777048151811895
"8868494","2009-11-27",17.7512852717482,0.427672955974843,0.660311275180019,0.729064263520891,30.3937649181383,27.798568415195,29.0961666666666,0.659461271184682,55.1038062615073,28.8248,29.2968282202611,1.06898093899161,0.835434709247839
"8868493","2009-11-30",16.7886942227326,0.333333333333332,0.512002096436057,0.652244553823715,30.3933861711836,27.9119471621496,29.1526666666666,0.587583588612149,52.7288975300672,28.8532,29.2865844575596,0.951964437855435,0.858740654969358
"8868492","2009-12-01",16.7912676173677,0.666666666666666,0.475890985324946,0.549401452313673,30.4361100755384,28.0368899244615,29.2365,0.769601492402873,59.3889656416376,28.9072,29.3483731965517,0.9935535032636,0.885703224628207
"8868491","2009-12-02",17.5286831931991,0.634020618556702,0.544673539518899,0.510855540426633,30.4323091984137,28.2720241349196,29.3521666666666,0.872404556044485,61.273685649832,28.9624,29.4245901036781,1.06052728165078,0.920668036032722
"8868490","2009-12-03",18.2134262278996,0.778350515463917,0.693012600229094,0.571192375024312,30.4510211326893,28.4806455339773,29.4658333333333,0.938579663304578,64.2191090556931,29.0344,29.5279780898544,1.17601173613584,0.971736776053345
"8868489","2009-12-04",17.7938492018698,0.365384615384616,0.592585249801744,0.610090463183245,30.4158304263516,28.695836240315,29.5558333333333,0.810563065272656,56.8958934974647,29.0996,29.5589143445405,1.13376677537163,1.004142775917
"8868488","2009-12-07",17.4042419634135,0.634615384615384,0.592783505154638,0.626127118395158,30.4957596493652,28.7692403506347,29.6325,0.927160009472418,61.4185852378214,29.1868,29.6417257652684,1.20063620718873,1.04344146217135
"8868487","2009-12-08",16.6898902900165,0.538461538461539,0.512820512820512,0.566063089258964,30.5495240600071,28.8408092733261,29.6951666666666,0.830560335602004,59.0361398948053,29.268,29.6934956632326,1.19852878369331,1.07445892647574
"8868486","2009-12-09",16.0265637361479,0.685897435897437,0.619658119658119,0.575087379211089,30.6313608574347,28.8763058092319,29.7538333333333,0.866275310846592,61.5020754099175,29.37,29.7690295748016,1.24454050021421,1.10847524122343
"8868485","2009-12-10",15.96631949367,0.748571428571428,0.657643467643467,0.596707366707365,30.7599223356089,28.8697443310577,29.8148333333333,0.940082008853399,63.9413379087381,29.4748,29.8664922981614,1.32995019511004,1.15277023200076
"8868484","2009-12-11",16.3959366074695,0.757575757575757,0.73068154068154,0.669327709327707,30.8930610248373,28.9179389751626,29.9055,0.99338723151845,66.0639868042991,29.5844,29.9802933250732,1.4393957016188,1.21009532592436
"8868483","2009-12-14",17.5881863292641,0.75,0.752049062049061,0.713458023458021,31.0663076303331,28.9870257030002,30.0266666666666,1.10597843103279,69.2535288829427,29.6804,30.1269208817301,1.60292096957111,1.28866045465371
"8868482","2009-12-15",18.7388380403977,0.808764940239044,0.772113565938266,0.751614722889621,31.2846689130726,28.9723310869273,30.1285,1.05420102785601,70.6560739945218,29.774,30.2766647641661,1.7558332687855,1.38209501748007
"8868481","2009-12-16",19.5637091705328,0.776892430278885,0.778552456839309,0.767571694942211,31.4499418487012,28.9660581512987,30.208,0.934266172685419,69.0595657933848,29.8608,30.395776128944,1.83295191527022,1.4722663970381
"8868480","2009-12-17",19.3312363338423,0.637450199203187,0.741035856573705,0.763900626450425,31.538798921153,29.004201078847,30.2715,0.787422323115864,62.4149065093183,29.9232,30.4523393117514,1.77989962405425,1.53379304244133
"8868479","2009-12-18",19.8432649613038,0.738916256157635,0.717752961879902,0.745780425097637,31.670282009941,29.0740513233922,30.3721666666666,0.906165756172383,66.6592396766811,30.0196,30.5586940701846,1.82985021180149,1.59300447631336
"8868478","2009-12-21",21.0761549512685,0.77734375,0.71790340178694,0.725564073413514,31.8734043063706,29.1355956936293,30.5045,1.02432445179678,70.789846881083,30.142,30.7175348608266,1.97687093198002,1.66977776744669
"8868477","2009-12-22",22.1095554471227,0.76171875,0.759326252052544,0.731660871906461,32.0622006014214,29.1357993985785,30.599,0.927487522484876,70.0422403310125,30.242,30.8498635460497,2.05727159196498,1.74727653235035
"8868476","2009-12-23",23.3721716587081,0.723076923076923,0.754046474358974,0.743758709399485,32.2242334994099,29.1734331672566,30.6988333333333,0.88716616561826,68.6753744811209,30.3248,30.9552150732431,2.07740683035302,1.81330259195089
"8868475","2009-12-24",24.8862543859659,0.865900383141762,0.783565352072894,0.765646026161469,32.4790242300775,29.1589757699224,30.819,0.978205871306042,73.7901876632593,30.4324,31.1331863968107,2.23490777900903,1.89762362936252
"8868474","2009-12-28",26.4545952566497,0.85090909090909,0.813295465709257,0.783635764047041,32.6696648619947,29.2680018046718,30.9688333333333,0.952082792275036,74.3454141927223,30.5568,31.2980948772359,2.3507849669723,1.98825589688447
"8868473","2009-12-29",27.9109117794275,0.849206349206348,0.855338607752399,0.817399808511516,32.7865612527175,29.4651054139491,31.1258333333333,0.916734930060053,74.563028602896,30.6852,31.4450155602712,2.42027282879782,2.07465928326714
"8868472","2009-12-30",28.2928916784037,0.686695278969958,0.795603573028464,0.821412548830039,32.8874916937679,29.6101749728987,31.2488333333333,0.833962229842029,68.3218456137801,30.7772,31.5323468189017,2.36977506999341,2.13368244061239
"8868471","2009-12-31",28.1107083244291,0.568720379146921,0.701540669107741,0.784160949962867,32.9575003457097,29.7434996542903,31.3505,0.761200939452593,64.8162393242989,30.8632,31.5840339097148,2.25715286441068,2.15837652537205
"8868470","2010-01-04",27.941538067167,0.592039800995024,0.615818486370633,0.704320909502279,33.015120102804,29.8695465638625,31.4423333333333,0.730270672221232,65.7621809350537,30.9468,31.6408293884195,2.16553624546729,2.1598084693911
"8868469","2010-01-05",26.0257505326748,0.258706467661692,0.473155549267878,0.596838234915416,32.9654401374418,30.0732265292248,31.5193333333333,0.538263656028829,54.1009600750645,31.0256,31.6007188032969,1.90012081042457,2.10787093759779
"8868468","2010-01-06",24.4831453428866,0.412935323383084,0.421227197346599,0.503400410995036,32.947088095303,30.2419119046969,31.5945,0.603074000984352,57.8272079556037,31.1228,31.607289629524,1.74881618903902,2.03605998788604
"8868467","2010-01-07",23.0507262380834,0.592039800995024,0.421227197346599,0.438536647987024,32.9077809119361,30.4655524213972,31.6866666666666,0.670609207238741,61.7143438628233,31.2132,31.6609843455874,1.70101515298275,1.96905102090538
"8868466","2010-01-08",21.8156192013635,0.474683544303798,0.493219556227301,0.445224650306832,32.8515863672003,30.6930802994663,31.7723333333333,0.65643535671002,61.5446485489392,31.2964,31.7061864328424,1.64134973944132,1.90351076461257
"8868465","2010-01-11",21.0940146756277,0.590604026845638,0.552442457381486,0.488963070318461,32.8267776045342,30.8848890621324,31.8558333333333,0.737311937977356,63.8966551553568,31.3772,31.7746949084635,1.63085780353391,1.84898017239684
"8868464","2010-01-12",21.1233254815948,0.633333333333331,0.566206968160921,0.537289660589902,32.8316901459945,31.0393098540054,31.9355,0.800066529261212,64.6377631925618,31.4784,31.8434022540017,1.62111858176777,1.80340785427102
"8868463","2010-01-13",21.327411146063,0.729559748427673,0.65116570286888,0.589938376137095,32.8981852763943,31.1084813902723,32.0033333333333,0.857601056221005,66.8371037066858,31.5712,31.9309486201348,1.64698839778505,1.77212396297383
"8868462","2010-01-14",21.6175016351485,0.823170731707317,0.728687937822773,0.648686869617524,32.9854690384046,31.1588642949286,32.0721666666666,0.891162895285366,68.7319440233929,31.6776,32.0321554707835,1.69509989801042,1.75671914998115
"8868461","2010-01-15",20.2752067622948,0.487804878048782,0.680178452727923,0.686677364473191,32.9754986242127,31.2795013757872,32.1275,0.656741606497401,58.3403338622753,31.7528,32.0465347413457,1.57605874346955,1.72058706867883
"8868460","2010-01-19",19.9235459717204,0.621212121212121,0.644062576989406,0.684309655846699,32.9448867197758,31.4921132802241,32.2185,0.914035653202527,63.0446066456326,31.8356,32.1163301091663,1.57158549645076,1.69078675423322
"8868459","2010-01-20",18.9681196430063,0.494949494949495,0.534655498070132,0.619632175929152,32.9175977265218,31.6327356068114,32.2751666666666,0.72168396823589,58.8815512370749,31.8996,32.1434860946108,1.48777715704913,1.6501848347964
"8868458","2010-01-21",17.7660962662391,0.358585858585857,0.49158249158249,0.556766855547341,32.9223332444444,31.6723334222222,32.2973333333333,0.568800009784924,54.6818725073592,31.9384,32.131021281996,1.33811410194276,1.58777068822567
"8868457","2010-01-22",17.7911822843118,0.0555555555555553,0.303030303030301,0.443089430894307,32.9295071665388,31.6581595001278,32.2938333333333,0.0958357049698237,46.7090824002846,31.9464,32.0402184443965,1.05649690164391,1.48151593090932
"8868456","2010-01-25",17.8485558895759,0.0454545454545454,0.153198653198652,0.31593714927048,32.9600105264494,31.6009894735505,32.2805,0.00908290549028826,46.4658818432401,31.9568,31.9588559851437,0.818620702978023,1.34893688532306
"8868455","2010-01-26",18.1297031789575,0,0.0336700336700326,0.163299663299661,32.9887364124193,31.483596920914,32.2361666666666,0.0241858507410709,44.831895686622,31.976,31.8710085204578,0.59019808719678,1.1971891256978
"8868454","2010-01-27",18.3907685190976,0.0544554455445542,0.0333033303330322,0.0733906724005709,32.9892991960609,31.384700803939,32.187,0.0863970262434199,46.5448193417559,31.9824,31.8095407177301,0.43186549943397,1.04412440044504
"8868453","2010-01-28",18.9983032901577,0,0.0181518151815171,0.0283750597281927,32.9900807430536,31.2715859236129,32.1308333333333,0.066966011041672,43.8772753451867,31.9608,31.7296019553661,0.252474254911772,0.885794371338384
"8868452","2010-01-29",19.5306580499737,0.0663507109004742,0.0402687188150085,0.0305746214431847,32.9854580383805,31.1902086282861,32.0878333333333,0.163277984328567,46.2015770996132,31.9464,31.6789883613173,0.144098401569592,0.737455177384626
"8868451","2010-02-01",20.4615644521936,0,0.0221169036334904,0.0268458125433374,33.0034842122228,31.0821824544438,32.0428333333333,0.108164969253152,42.9200087508578,31.9252,31.603123246475,-0.00316091638538074,0.589331958630625
"8868450","2010-02-02",21.7517136589291,0,0.0221169036334904,0.0281675086939952,33.0400911315965,30.9322422017367,31.9861666666666,0.0479593817965608,39.6356022375506,31.8676,31.5027068136117,-0.184641698300747,0.43453722724435
"8868449","2010-02-03",23.4610379376342,0,-9.71445146547012e-16,0.0147446024223254,33.1244985927376,30.7558347405956,31.9401666666666,-0.0193504623098567,35.5761294394876,31.7924,31.3676792384634,-0.41684687270962,0.264260407253556
"8868448","2010-02-04",25.33605555984,0,-9.71445146547012e-16,0.00737230121116156,33.2293920495159,30.5029412838174,31.8661666666666,-0.0402016980695309,33.2341717095695,31.7068,31.219988673335,-0.653849395428874,0.0806384467170703
"8868447","2010-02-05",27.3954986452028,0,-9.71445146547012e-16,-2.24588866023131e-15,33.3154699587555,30.2225300412444,31.7689999999999,-0.0202170242268195,30.5937799260122,31.622,31.0546568502237,-0.90535155969097,-0.116559554564538
"8868446","2010-02-08",26.5503456952556,0.221498371335505,0.0738327904451674,0.0246109301483872,33.289129891182,30.1318701088179,31.7104999999999,0.255959264326665,42.5344032625867,31.5716,31.0020359368605,-0.91811849505129,-0.276871342661888
"8868445","2010-02-09",25.5445013795697,0.322475570032573,0.181324647122692,0.0850524791892848,33.2227271073975,30.0846062259357,31.6536666666666,0.34906041399974,47.0100859188247,31.53,30.9977644786124,-0.837891623450615,-0.389075398819634
"8868444","2010-02-10",24.7515038537065,0.369918699186992,0.304630880185023,0.186596105917626,33.1242192232025,30.0481141101307,31.5861666666666,0.349539168422274,46.0140953423091,31.512,30.9833958814641,-0.7861027351318,-0.468480866082067
"8868443","2010-02-11",23.6591154324844,0.595000000000001,0.429131423073188,0.305028983460299,32.9834534622156,30.0605465377843,31.522,0.444575724034911,50.006465105204,31.4928,31.0082764306022,-0.664431685905176,-0.507671030046689
"8868442","2010-02-12",22.5007677684023,0.671717171717171,0.545545290301387,0.426435864519864,32.7976741219143,30.1149925447523,31.4563333333333,0.506336942909948,51.9209881372309,31.4648,31.0485062398553,-0.52552686662457,-0.511242197362265
"8868441","2010-02-16",21.7872820954455,0.764940239043823,0.677219136920331,0.5506319500983,32.7471517742321,30.1358482257678,31.4415,0.750896402699722,59.0399391201349,31.4608,31.1620387412079,-0.259482834084901,-0.460890324706792
"8868440","2010-02-17",21.2836413470088,0.826923076923078,0.754526829228023,0.659097085483246,32.623786796238,30.205213203762,31.4145,0.857855556966534,61.437066126472,31.4572,31.2911002423802,0.00993416519710077,-0.366725426726014
"8868439","2010-02-18",21.181700303352,0.861209964412811,0.817691093459903,0.749812353202751,32.6166608972445,30.2093391027554,31.413,0.964001116326498,64.0936431122993,31.4616,31.4389535433962,0.288535155520275,-0.235673310276756
"8868438","2010-02-19",21.903266594739,0.767164179104477,0.818432406813455,0.796883443167126,32.7184639947364,30.1502026719302,31.4343333333333,1.03564123496732,65.5149736238334,31.4636,31.5870930709433,0.54018440444763,-0.0805017673318787
"8868437","2010-02-22",22.5732924367411,0.785074626865672,0.804482923460986,0.813535474578113,32.897561785346,30.0741048813206,31.4858333333333,0.968987737967183,66.0931441264136,31.4604,31.7234806614842,0.745017498399148,0.0846020858143266
"8868436","2010-02-23",24.1221227448613,0.859649122807017,0.803962642925721,0.808959324400052,33.270678893898,29.8993211061019,31.585,1.09669331862335,72.6720764924046,31.5112,31.9483499066197,1.09563175538627,0.286808019728716
"8868435","2010-02-24",25.7721122575044,0.85952380952381,0.834749186398832,0.814398250928511,33.6370849362411,29.7595817304254,31.6983333333333,1.03857681670029,73.899201743256,31.552,32.167236585737,1.39947300572536,0.509341016928045
"8868434","2010-02-25",26.9979040934734,0.833333333333333,0.850835421888053,0.829849083737534,33.9157287283697,29.6922712716302,31.804,0.93392568421454,71.7780166014056,31.5984,32.3422717076388,1.59169294530324,0.725811402603083
"8868433","2010-02-26",26.7301067332835,0.642045454545455,0.778300865800865,0.821295158029248,34.0702050087143,29.7124616579523,31.8913333333333,0.785009900774181,62.0182707788155,31.6332,32.4193021466203,1.58497971764588,0.897645065611643
"8868432","2010-03-01",26.4814377559643,0.659574468085107,0.711651085321297,0.78026245767007,34.2203799690477,29.7346200309522,31.9775,0.774015257978469,63.3595897687176,31.6976,32.5047285270709,1.59549990045031,1.03721603257938
"8868431","2010-03-02",26.8863711871985,0.80243161094225,0.701350511190936,0.730434154104365,34.4321209408212,29.7612123925121,32.0966666666666,0.837550318178995,67.5080558504794,31.7816,32.6414313901281,1.6997214253949,1.16971711114248
"8868430","2010-03-03",27.5238205464904,0.840531561461795,0.767512546829716,0.726838047780649,34.6395033772819,29.8361632893847,32.2378333333333,0.837022426834257,68.8805027036607,31.8776,32.7825738714444,1.80203320917052,1.29618033074809
"8868429","2010-03-04",27.6313087811926,0.766550522648083,0.803171231684042,0.757344763234897,34.7583389247925,30.0139944085407,32.3861666666666,0.772008070994719,65.5480136164565,31.9616,32.8795640219185,1.81435346926622,1.39981495845171
"8868428","2010-03-05",28.2116900033211,0.713709677419355,0.773597253843077,0.78142701078561,34.8360086173038,30.2876580493628,32.5618333333333,0.795674951445571,66.9960817474297,32.06,32.9849554856627,1.8412444006376,1.48810084688889
"8868427","2010-03-08",28.8497198868114,0.828326180257511,0.769528793441649,0.782099092989588,34.8582059989941,30.6687940010058,32.7635,0.84129690133602,70.2756481592213,32.1684,33.128294754241,1.93427503907195,1.5773356853255
"8868426","2010-03-09",29.4937874541653,0.785714285714284,0.775916714463716,0.773014253916146,34.9337850376123,30.9192149623877,32.9265,0.817219521925715,70.0833452620862,32.286,33.2511887870088,1.98132855680793,1.65813425962199
"8868425","2010-03-10",30.1326779254479,0.808080808080807,0.807373758017533,0.784273088640965,35.0017076024104,31.1609590642562,33.0813333333333,0.811224054753619,70.9397230599647,32.418,33.3710302820743,2.01838877139919,1.73018516197743
"8868424","2010-03-11",31.2615394799675,0.73931623931624,0.777703777703776,0.786998083395007,35.0500010816487,31.4546655850179,33.2523333333333,0.859076364698052,72.5476635353177,32.572,33.5002262444644,2.0685373185698,1.7978555932959
"8868423","2010-03-12",32.4935551156482,0.858447488584474,0.801948178660506,0.79567523812727,35.1426936064944,31.7163063935055,33.4295,0.930142083109093,76.0087469369257,32.7536,33.6735294118692,2.19186584042821,1.87665764272236
"8868422","2010-03-15",33.8380761777914,0.822784810126581,0.806849512675764,0.795500489680014,35.2013978043396,32.011268862327,33.6063333333333,0.940003113410564,76.494403125118,32.9492,33.8330588236199,2.27800070062951,1.95692625430379
"8868421","2010-03-16",35.329224460149,0.838461538461538,0.839897945724197,0.816231879020154,35.352014994858,32.1749850051419,33.7635,0.96474222930832,78.065551477373,33.1268,34.001984313804,2.37164163450438,2.03986933034391
"8868420","2010-03-17",36.8840851068514,0.812274368231048,0.824506905606388,0.823751454668782,35.4941837030247,32.3391496303085,33.9166666666666,0.952187403934592,78.535787353691,33.2948,34.1577197386301,2.43238277617108,2.11837201950935
"8868419","2010-03-18",37.4646378158164,0.707224334600762,0.785986747097782,0.816797199476121,35.5759399610247,32.5187267056418,34.0473333333333,0.858496417634685,72.5534135924251,33.456,34.2593571068128,2.3925780504267,2.17321322569282
"8868418","2010-03-19",37.4513131603673,0.568807339449542,0.696102014093783,0.768865222265983,35.6182244089078,32.6894422577588,34.1538333333333,0.768427840001101,68.7200250025943,33.5992,34.3247761592377,2.29392310062881,2.19735520068002
"8868417","2010-03-22",37.2441217025095,0.541284403669725,0.605772025906675,0.695953595699412,35.6059370209638,32.9013963123694,34.2536666666666,0.704470947042033,67.3671423347223,33.7344,34.3734726713393,2.17620417549367,2.19312499564275
"8868416","2010-03-23",37.4343953403801,0.54587155963303,0.551987767584098,0.617953935861517,35.6633209386307,32.9740123947026,34.3186666666666,0.714925134308241,67.4820458911524,33.8464,34.4170096484941,2.06124486901094,2.16674897031638
"8868415","2010-03-24",37.4720895899263,0.490099009900989,0.52575165773458,0.561170483741783,35.7126290397504,33.0313709602495,34.372,0.679517718571486,66.4737837991206,33.9476,34.4494083620282,1.93823629219845,2.1210464346928
"8868414","2010-03-25",36.5118993811866,0.189024390243904,0.408331653259306,0.49535702619266,35.7184940895936,33.1195059104063,34.419,0.560664634002298,59.3156407775928,34.026,34.4374872470911,1.75028328838092,2.04689380543042
"8868413","2010-03-26",35.2215644242661,0.109756097560975,0.262959832568622,0.399014381187501,35.641200527083,33.3244661395836,34.4828333333333,0.468562070073163,56.4775106846659,34.0932,34.4098222808123,1.5530313881208,1.9481213219685
"8868412","2010-03-29",34.0233962499827,0.0584415584415607,0.119074015415479,0.263455167081134,35.5440409864049,33.5406256802617,34.5423333333333,0.427290828706379,56.6493411261124,34.1584,34.3871793100373,1.38317240756529,1.83513153908786
"8868411","2010-03-30",33.8847519972653,0.143835616438357,0.10401109081363,0.162014979599242,35.5136508934227,33.6733491065772,34.5935,0.556059645979882,60.0467885977468,34.1996,34.394222068699,1.28076476168266,1.72425818360682
"8868410","2010-03-31",33.7560109054563,0.267123287671233,0.156466820850383,0.126517309026496,35.4933112837629,33.7800220495704,34.6366666666666,0.54863938421503,62.8673779264161,34.2408,34.4243257928725,1.22763167208477,1.62493288130241
"8868409","2010-04-01",34.0337458341866,0.404109589041098,0.271689497716895,0.177389136460301,35.4416408467295,33.9570258199371,34.6993333333333,0.655371367326835,65.7598304898839,34.2944,34.4770823538228,1.21817693175696,1.54358169139332
"8868408","2010-04-05",34.7234749650581,0.520547945205483,0.397260273972604,0.275138864179959,35.4305194123617,34.0911472543049,34.7608333333333,0.780604110719035,68.0387941157586,34.3772,34.5454713733131,1.23588930507892,1.48204321413044
"8868407","2010-04-06",35.9960175991426,0.51764705882353,0.480768197690036,0.38323932312651,35.4892193060106,34.151447360656,34.8203333333333,0.920849010890873,69.5780321919292,34.4592,34.6207418568714,1.26295621214922,1.4382258137342
"8868406","2010-04-07",37.1776643307925,0.652941176470591,0.563712060166534,0.48058017727639,35.5484822456849,34.2201844209817,34.8843333333333,0.948443606237047,72.3287307212558,34.5316,34.7166429426219,1.32217841536209,1.41501633405977
"8868405","2010-04-08",37.1050036761461,0.458823529411765,0.543137254901961,0.529205837586175,35.5435899336779,34.3157433996554,34.9296666666666,0.706594765418828,63.4624171009105,34.584,34.7557572169389,1.27725645587295,1.38746435842241
"8868404","2010-04-09",36.0845881519949,0.276470588235297,0.462745098039217,0.523198137702569,35.5352567447567,34.3584099219099,34.9468333333333,0.448874683180021,56.4606084685678,34.6316,34.7483229213471,1.15627825862954,1.34122713846384
"8868403","2010-04-12",35.1370594509973,0.335294117647058,0.356862745098039,0.454248366013071,35.5363105455111,34.3600227878222,34.9481666666666,0.484555933233274,58.0677879905261,34.6768,34.7552131985008,1.07128594739649,1.28723890025037
"8868402","2010-04-13",33.7425922710517,0.235294117647062,0.282352941176472,0.367320261437908,35.5285190499938,34.3444809500062,34.9365,0.365009974480581,54.3919983101558,34.6996,34.7385181053674,0.953463842629465,1.22048388872619
"8868401","2010-04-14",33.531614784521,0.435294117647059,0.335294117647059,0.324836601307189,35.5226620147166,34.3463379852833,34.9345,0.725703116961687,59.8641986550775,34.7364,34.7693823579851,0.928351260699678,1.16205736312089
"8868400","2010-04-15",33.3357071184568,0.582352941176471,0.41764705882353,0.345098039215685,35.5189399105705,34.3480600894294,34.9335,0.832940517288467,63.3466158504759,34.7792,34.8294647102537,0.955266980991953,1.1206992866951
"8868399","2010-04-16",32.7433664378699,0.502958579881658,0.506868546235062,0.419936574235215,35.5363087518214,34.3430245815119,34.9396666666666,0.774033636024211,60.4112985245942,34.8092,34.8642027488865,0.93548004031847,1.08365543741977
"8868398","2010-04-19",31.5873245163712,0.302013422818793,0.462441647958973,0.462319084339187,35.5440296948834,34.3466369717832,34.9453333333333,0.590195971560954,56.104075346396,34.8128,34.8676423823683,0.863482522253767,1.03962085438657
"8868397","2010-04-20",30.9572661092607,0.473282442748094,0.426084815149514,0.465131669781182,35.5942242393496,34.3517757606503,34.973,0.81148172872744,61.3036934934517,34.8276,34.9172900647192,0.877219845648902,1.00714065263904
"8868396","2010-04-21",30.7467434402655,0.669230769230769,0.481508878265885,0.456678447124789,35.6852436358675,34.3310896974658,35.0081666666666,0.937050261827615,64.6532458830438,34.8436,34.9949847227567,0.937066946587772,0.993125911428785
"8868395","2010-04-22",30.9016018755506,0.562043795620436,0.568185669199765,0.491926454205053,35.7653032910301,34.3256967089699,35.0455,0.885174676824897,62.4154488488809,34.8528,35.0489867597224,0.950146414508479,0.984530012044724
"8868394","2010-04-23",31.7881279223908,0.609625668449199,0.613633411100134,0.55444265285526,35.9178681545622,34.3167985121044,35.1173333333333,1.05962587525211,66.9707351300651,34.8868,35.1451218584261,1.03333442755726,0.994290895147232
"8868393","2010-04-26",32.7294409370139,0.79081632653061,0.654161930200081,0.611993670166659,36.1026769038113,34.322656429522,35.2126666666666,1.12021758510438,71.1442795963644,34.944,35.283105610636,1.17885002204372,1.03120272052653
"8868392","2010-04-27",31.8601963513424,0.494897959183673,0.63177998472116,0.633191775340457,36.1427206553432,34.4329460113234,35.2878333333333,0.858039387709847,59.6596795862753,34.9804,35.3253581958845,1.14767482897788,1.0544971422168
"8868391","2010-04-28",31.0530406646475,0.525510204081629,0.603741496598637,0.629894470506624,36.1932124839902,34.5004541826764,35.3468333333333,0.812999991151814,60.3723393884944,35.0188,35.3699771030999,1.12354516890762,1.06830674755497
"8868390","2010-04-29",31.0787052082893,0.58139534883721,0.53393450403417,0.589818661784654,36.2889081287336,34.550758537933,35.4198333333333,0.937342488063185,62.9564529687592,35.0676,35.4379801560199,1.14117359773458,1.08288011759089
"8868389","2010-04-30",31.1178238846373,0.671296296296295,0.592733949738377,0.576803316790393,36.4105445599451,34.5677887733882,35.4891666666666,0.949055705610448,65.1794591692185,35.1364,35.5235828018839,1.1865475736738,1.10361360880747
"8868388","2010-05-03",30.4796081589633,0.470588235294118,0.574426626809207,0.56703169352725,36.5001659122559,34.5855007544107,35.5428333333333,0.848450831693999,60.670384955312,35.2012,35.5671050949661,1.15660087662484,1.11421106237094
"8868387","2010-05-04",28.8304636833944,0.269607843137254,0.470497458242555,0.545886011596711,36.5302714689927,34.6027285310072,35.5665,0.650537070250667,53.5576178759758,35.2492,35.5501577489706,1.02794960502395,1.09695877090155
"8868386","2010-05-05",26.8404556189795,0.171568627450981,0.30392156862745,0.449615217893069,36.529861629368,34.6018050372986,35.5658333333333,0.448566516628959,50.4504972766501,35.2812,35.5088033824412,0.870574163592353,1.05168184943971
"8868385","2010-05-06",27.6443242672645,0,0.147058823529411,0.30715928346647,36.6868431932085,34.3231568067914,35.505,-0.150819559723888,31.2914665247637,35.2276,35.2116295981157,0.294850676293534,0.900315614810472
"8868384","2010-05-07",28.6391845384093,0,0.0571895424836594,0.169389978213505,36.917687821654,33.9396455116792,35.4286666666666,-0.194639783906947,29.5641943565165,35.1548,34.9167456517003,-0.227045355203115,0.674843420807755
"8868383","2010-05-10",28.5948452404727,0.213740458015268,0.0712468193384216,0.0918317284504958,36.9744977524733,33.7981689141933,35.3863333333333,0.0897779901448843,40.2243824438458,35.1088,34.7731795648069,-0.443608456302425,0.451153045385719
"8868382","2010-05-11",27.4833894661962,0.239185750636132,0.150975402883799,0.0931372549019585,36.9954887866008,33.7355112133991,35.3655,0.191562295315895,41.3621532662696,35.062,34.662088956166,-0.586064406375164,0.243709555033542
"8868381","2010-05-12",26.2929515784727,0.356234096692112,0.269720101781169,0.163980774667795,36.9950281636903,33.6859718363097,35.3405,0.306440284893251,46.4147910380132,35.0244,34.6271437620105,-0.585319412129681,0.0779037616008977
"8868380","2010-05-13",25.0560009473651,0.44529262086514,0.34690415606446,0.255866553576475,36.9851744094571,33.6594922572095,35.3223333333333,0.391049920964806,49.9486623863416,35.014,34.6435245937425,-0.497370647470408,-0.0371511202133633
"8868379","2010-05-14",24.3919994246347,0.353689567430026,0.385072094995758,0.333898784280461,36.9824242854279,33.5925757145721,35.2875,0.288338627816984,46.5482739720171,35.0016,34.6097213145768,-0.505806646588958,-0.130882225488482
"8868378","2010-05-17",24.2681244949,0.251908396946565,0.350296861747243,0.360757704269152,36.9958153487741,33.5051846512258,35.2505,0.231519387792907,43.0420490124103,34.9692,34.5270918059666,-0.599166596171308,-0.224539099625047
"8868377","2010-05-18",23.6437349543153,0.297709923664123,0.301102629346904,0.345490528696633,36.9812808251116,33.436385841555,35.2088333333333,0.30756364579742,45.0479847519928,34.9508,34.479479565171,-0.624122603317856,-0.304455800363609
"8868376","2010-05-19",23.6487913034447,0.175572519083969,0.241730279898218,0.29770992366412,36.9755266928675,33.2708066404658,35.1231666666666,0.166236589402105,40.9103749312036,34.8996,34.3742156231482,-0.748114829184254,-0.393187606127738
"8868375","2010-05-20",24.7435835671744,0,0.157760814249363,0.233531241164827,37.0526968518704,32.9299698147962,34.9913333333333,0.00809258489273607,33.0727312594833,34.7924,34.1296535400618,-1.10592745247973,-0.535735575398136
"8868374","2010-05-21",26.271899257824,0,0.0585241730279887,0.152671755725188,37.1624558005631,32.4238775327701,34.7931666666666,-0.0789007823952815,29.3359520796616,34.662,33.8230330680535,-1.54426373675022,-0.737441207668552
"8868373","2010-05-24",27.0621997905513,0.0293398533007337,0.00977995110024362,0.0753549794591969,37.0953237266717,32.0843429399949,34.5898333333333,0.0330588096537038,30.7598952905147,34.5444,33.5732953256464,-1.84636588477908,-0.959226143090657
"8868372","2010-05-25",28.3164345100584,0,0.00977995110024362,0.0260280250761572,37.1425701484716,31.5927631848617,34.3676666666666,-0.0245227481041024,27.1727129293128,34.3836,33.2595226155602,-2.24083918651682,-1.21554875177589
"8868371","2010-05-26",28.6802301709549,0.153846153846154,0.0610620023822949,0.0268739681942593,37.0354309659809,31.3169023673523,34.1761666666666,0.127613998378769,34.3960875697148,34.238,33.0729196001522,-2.37487412616871,-1.44741382665445
"8868370","2010-05-27",28.2151393094184,0.290865384615385,0.148237179487179,0.0730263776565709,36.7791005584315,31.2158994415684,33.9975,0.249994058435631,40.0949600024517,34.1192,32.9871969867986,-2.31669769317104,-1.62127059995777
"8868369","2010-05-28",27.1698143472376,0.348557692307693,0.264423076923076,0.157907419597515,36.4312732236122,31.2237267763877,33.8275,0.325093574764222,42.3651662247591,33.9952,32.9449040552254,-2.18705077517622,-1.73442663500146
"8868368","2010-06-01",26.341199434259,0.314903846153846,0.318108974358974,0.243589743589741,36.0548282858015,31.2505050475318,33.6526666666666,0.304481653971388,41.3800345712726,33.8492,32.8895835145287,-2.09475799731402,-1.80649290746397
"8868367","2010-06-02",25.7978191674845,0.262019230769231,0.308493589743589,0.297008547008545,35.7082996895746,31.266366977092,33.4873333333333,0.288980744643148,39.813308895097,33.7176,32.8123057125915,-2.05243967590844,-1.85568226115287
"8868366","2010-06-03",24.5805843741923,0.417910447761194,0.331611174894756,0.319404579665772,35.3997898260538,31.3392101739461,33.3695,0.436092867956604,45.7459526194308,33.6072,32.823998284246,-1.85264680933604,-1.8550751707895
"8868365","2010-06-04",24.5241847938727,0.146766169154229,0.27556528256155,0.305223349066631,35.3529632874194,31.2097033792472,33.2813333333333,0.239818398099108,38.245502291631,33.4444,32.6887985130132,-1.94069040807204,-1.87219821824601
"8868364","2010-06-07",24.4982699778174,0.139303482587065,0.234660033167495,0.280612163541266,35.358795200034,31.0668714666327,33.2128333333333,0.215085027299815,38.060537519825,33.2724,32.5676253779448,-1.99624511931104,-1.89700759845902
"8868363","2010-06-08",24.6656615838765,0.114379084967321,0.133482912236204,0.214569409321748,35.2906335256439,30.905366474356,33.098,0.2009684203957,36.7217408102556,33.1012,32.4346086608855,-2.06985523211217,-1.93157712518965
"8868362","2010-06-09",24.4283622738754,0.154440154440155,0.136040907331513,0.168061284245069,35.1463890310401,30.8039443022932,32.9751666666666,0.253172832290122,37.2873678220515,32.9484,32.3259941727674,-2.09292093198353,-1.96384588654842
"8868361","2010-06-10",23.792006549422,0.415584415584416,0.228134551663963,0.165886123743892,34.8929057008265,30.8240942991734,32.8585,0.379121127822864,43.3906886022862,32.826,32.3065282830651,-1.94948764630777,-1.96097423850029
"8868360","2010-06-11",23.0007376072775,0.502164502164503,0.357396357396357,0.240523938797276,34.5312690008905,30.9440643324427,32.7376666666666,0.445825969997585,45.4332082334586,32.79,32.3163245119897,-1.76552258700101,-1.92188390820044
"8868359","2010-06-14",21.3860437073416,0.683982683982683,0.533910533910533,0.37314714765695,34.253737479683,31.0672625203169,32.6605,0.614912770800357,49.5498651717571,32.782,32.3808145770578,-1.49760096061546,-1.83702731868344
"8868358","2010-06-15",20.7683530893809,0.624535315985131,0.603560834044105,0.498289241783663,34.0932856392334,31.1550476940999,32.6241666666666,0.827577282021765,53.5898277580898,32.7584,32.4967059667834,-1.16003822952998,-1.70162950085275
"8868357","2010-06-16",20.7110464325789,0.721003134796238,0.676507044921349,0.604659470958661,33.9878231201874,31.2245102131459,32.6061666666666,1.06472070029549,58.5185343360047,32.7556,32.679811837879,-0.731235230459926,-1.50755064677419
"8868356","2010-06-17",20.7776502163148,0.785498489425982,0.710345646735782,0.663471175233744,34.1243779638882,31.1399553694451,32.6321666666666,1.09458737623289,60.6937183084754,32.7464,32.8785035928284,-0.315461299316999,-1.26913277728275
"8868355","2010-06-18",20.9630374791431,0.912536443148689,0.806346022456969,0.731066238038032,34.4877820475078,30.9602179524921,32.7239999999999,1.08850808775759,64.259403492451,32.7444,33.1213697804513,0.139812233265779,-0.987343775173043
"8868354","2010-06-21",21.4228129553438,0.784366576819406,0.827467169798025,0.781386279663591,34.799345608195,30.9183210584716,32.8588333333333,0.98642653741212,61.7551088723369,32.748,33.3025204763911,0.439708070887224,-0.70193340596099
"8868353","2010-06-22",20.6657637270748,0.584905660377359,0.760602893448484,0.798138695234491,34.944858806394,30.9591411936059,32.952,0.791373711375658,54.1156078393427,32.738,33.360851079539,0.491837460056721,-0.463179232757448
"8868352","2010-06-23",19.2720801923593,0.412398921832884,0.593890386343215,0.72732014986324,34.9193905449533,31.1696094550466,33.0444999999999,0.569915192482139,48.5246357535058,32.6952,33.3260709356005,0.374178158611738,-0.295707754483611
"8868351","2010-06-24",18.0173682721254,0.415094339622641,0.470799640610961,0.608430973467552,34.9324260565554,31.2885739434445,33.1105,0.570301060173384,48.613969297713,32.672,33.2972614775204,0.280073482705134,-0.180551507045862
"8868350","2010-06-25",17.0723237984326,0.423180592991914,0.416891284815812,0.493860437256661,34.96445927941,31.3402073872566,33.1523333333333,0.580292432385858,48.9004780617998,32.696,33.2762932805177,0.210302645808169,-0.102380676475055
"8868349","2010-06-28",16.7525667845472,0.513661202185792,0.450645378266781,0.446112101231183,35.0303899366616,31.3659433966716,33.1981666666666,0.673332223498191,52.3349415115967,32.7628,33.3061208431153,0.239438246281831,-0.0340168919236781
"8868348","2010-06-29",16.2256364883613,0.37741935483871,0.438087050005471,0.435207904362687,35.0650672546296,31.4159327453703,33.2405,0.587555007684522,50.8027853661863,32.8188,33.3119713973666,0.223612961035835,0.0175090786682245
"8868347","2010-06-30",15.4878444007192,0.279310344827585,0.390130300617361,0.426287576296537,35.0869925898328,31.4883407435005,33.2876666666666,0.55715103195557,49.1498830800768,32.8976,33.2957085443844,0.170367488695788,0.0480807606737373
"8868346","2010-07-01",14.9827612454507,0,0.218909899888764,0.349042416837198,35.0827480664264,31.4589186002401,33.2708333333333,0.362714290326823,42.3756035386208,32.9216,33.1842807384665,-0.0484788292815397,0.0287688426826819
"8868345","2010-07-02",14.5137554584157,0.00709219858155887,0.0954675144697136,0.234835904991945,35.0619749456129,31.5263583877203,33.2941666666666,0.323463133955157,42.6089903491107,32.9236,33.0903766400043,-0.215168434907598,-0.020018612835374
"8868344","2010-07-06",13.6267093274124,0.117021276595744,0.0413711583924334,0.118582857583636,35.0161039325272,31.6775627341393,33.3468333333333,0.409092030930605,46.2432762798386,32.9284,33.050326421337,-0.26886969926142,-0.0697888301205833
"8868343","2010-07-07",13.4641874526193,0.205673758865248,0.109929078014183,0.0822559169587753,34.9344902659279,31.9181764007386,33.4263333333333,0.483533985889264,49.0456098780268,32.9488,33.0489495651588,-0.247581020917287,-0.105347268279924
"8868342","2010-07-08",13.9510235078511,0.592198581560284,0.304964539007091,0.152088258471234,34.9245806518998,32.1664193481001,33.5454999999999,0.768717665513503,59.065217258245,33.0216,33.1930896231376,0.0344393783780816,-0.0773899389483229
"8868341","2010-07-09",14.6706369938834,0.659574468085106,0.485815602836878,0.300236406619383,34.9784646412341,32.3255353587658,33.6519999999999,0.818390193153148,60.5224569708182,33.0784,33.3433443400526,0.299474338811945,-0.00201708339626935
"8868340","2010-07-12",15.435934900883,0.794354838709678,0.682042629451689,0.490940923765218,35.0397932981225,32.4698733685441,33.7548333333333,0.82886887133692,61.3796497114629,33.1832,33.4882317613789,0.528789333750401,0.104144200033065
"8868339","2010-07-13",16.5669418078332,0.788194444444442,0.747374583746408,0.638410938678324,35.1867651271043,32.5135682062289,33.8501666666666,0.905195239530652,63.6949566910965,33.3012,33.6538008598617,0.772414780391828,0.237798316104817
"8868338","2010-07-14",17.6482397036431,0.804123711340206,0.795557664831441,0.741658292676512,35.3390509076079,32.5016157590587,33.9203333333333,0.876983652723712,64.2337561785964,33.4304,33.8066274118802,0.969559243032259,0.384150501490306
"8868337","2010-07-15",19.0211947583557,0.764525993883793,0.785614716556146,0.776182321711331,35.497856138263,32.4478105284036,33.9728333333333,0.907808109266519,65.4942992576799,33.564,33.9604104236295,1.14923760847949,0.537167922888143
"8868336","2010-07-16",19.5598708203254,0.654434250764527,0.741027985329508,0.774066788905697,35.564057820796,32.4302755125372,33.9971666666666,0.785969661742285,60.3412328412675,33.6608,34.0456890338122,1.19149641645968,0.668033621602451
"8868335","2010-07-19",19.4522108540449,0.556574923547401,0.658511722731907,0.728384808205852,35.5271344793822,32.4401988539511,33.9836666666666,0.67698241869138,56.1148194749859,33.7368,34.0769304959706,1.13584368654702,0.761595634591365
"8868334","2010-07-20",19.7359344526745,0.568807339449542,0.593272171253823,0.664270626438411,35.5146734693726,32.4439931972939,33.9793333333333,0.721666408207956,56.5247353360573,33.7976,34.1093397631745,1.08856001025768,0.826988509724627
"8868333","2010-07-21",20.2032449665603,0.602446483180428,0.575942915392457,0.609242269792727,35.5881382360749,32.4381950972583,34.0131666666666,0.746618208360813,57.6950047687083,33.8448,34.1520944614179,1.06468770830879,0.874528349441459
"8868332","2010-07-22",20.6495793420953,0.735384615384616,0.635546146004861,0.601587077550379,35.7082499286566,32.4960834046766,34.1021666666666,0.806490959497396,62.0907588918199,33.8848,34.2478151998955,1.13614873224193,0.926852426001553
"8868331","2010-07-23",21.7679835429278,0.703592814371257,0.680474637645433,0.630654566347582,35.8810313015727,32.5336353650938,34.2073333333333,0.877208639380405,64.5265547244177,33.9236,34.3667731732428,1.24123219821433,0.989728380444107
"8868330","2010-07-26",23.2265620970354,0.815340909090908,0.75143944628226,0.689153409977517,36.171606827483,32.5113931725169,34.3415,0.987721984273966,70.3730362655889,33.972,34.5725367501437,1.4861808089409,1.08901886614347
"8868329","2010-07-27",24.9064207730996,0.846428571428571,0.788454098296912,0.7401227274082,36.550422265077,32.4135777349229,34.4819999999999,1.02245940537021,73.9199138811317,34.0528,34.8295318501246,1.79380875721569,1.22997684435791
"8868328","2010-07-28",25.7703735853947,0.707407407407407,0.789725629308962,0.776539724629376,36.8179838758153,32.435349457518,34.6266666666666,0.916796495514306,69.2301730767691,34.1508,35.0109276034413,1.94047841133895,1.37207715775412
"8868327","2010-07-29",25.1789659605761,0.440740740740741,0.664858906525573,0.747679544710481,36.9389288661968,32.5540711338031,34.7465,0.76078383149179,59.7487844399246,34.2456,35.0721372563158,1.86827205831503,1.4713161378663
"8868326","2010-07-30",24.0786215357875,0.318518518518519,0.488888888888888,0.647824474907806,36.8879093701944,32.8667572964722,34.8773333333333,0.627492484061208,55.9655485354508,34.3268,35.0811856221404,1.7152810561766,1.52010912152836
"8868325","2010-08-02",23.2315759924131,0.451851851851852,0.403703703703703,0.519150499706054,36.7894520424801,33.2655479575198,35.0275,0.683272108934443,59.0144171407903,34.4212,35.1370275391883,1.65751986233642,1.54759126968997
"8868324","2010-08-03",22.0513591627219,0.366666666666668,0.379012345679012,0.4238683127572,36.6693135703588,33.6333530963078,35.1513333333333,0.62143328933884,56.3309091267066,34.492,35.1547572006299,1.54103594512138,1.54628020477626
"8868323","2010-08-04",21.0758192356746,0.437037037037038,0.418518518518519,0.400411522633744,36.5608193871545,33.9715139461787,35.2661666666666,0.657249376695117,58.0287881082877,34.5764,35.1954562405459,1.4751993802139,1.53206403986378
"8868322","2010-08-05",20.2640579863036,0.459259259259261,0.420987654320988,0.406172839506172,36.5660838509491,34.1109161490508,35.3385,0.66081725620132,58.5765118683335,34.6696,35.2387287418064,1.42022115920639,1.50969546373231
"8868321","2010-08-06",18.8229489664693,0.30827067669173,0.401522324329342,0.413676165722949,36.5579114757981,34.2234218575351,35.3906666666666,0.563968300464961,53.7888916070553,34.7768,35.2255649095656,1.27488776830056,1.46273392464596
"8868320","2010-08-09",18.0692256925164,0.678431372549019,0.481987102833336,0.434832360494554,36.6555463058677,34.2997870274656,35.4776666666666,0.866053247137492,62.620354137434,34.924,35.3501562549568,1.37693742693457,1.44557462510368
"8868319","2010-08-10",17.7689994072587,0.51184834123223,0.499516796824326,0.461008741329,36.7456340363981,34.3450326302685,35.5453333333333,0.808811505083896,60.0747997330961,35.0504,35.4301354209626,1.39305804757595,1.43507130959813
"8868318","2010-08-11",16.5780088652988,0.168478260869567,0.452919324883605,0.478141074847088,36.7523679278146,34.405298738852,35.5788333333333,0.534582136329177,54.4041326902262,35.1468,35.4327840315009,1.27702554064746,1.403462155808
"8868317","2010-08-12",15.9081125015456,0,0.226775534033932,0.393070551913953,36.7519364739765,34.4130635260234,35.5824999999999,0.374939765216432,50.5979376819722,35.1848,35.3857461606341,1.0882719202328,1.34042410869296
"8868316","2010-08-13",15.1074735032265,0.057894736842105,0.07545766590389,0.251717508273808,36.7376953781996,34.4776379551336,35.6076666666666,0.406639540284906,51.6802667361366,35.2196,35.3596466725496,0.952809782139252,1.26290124338222
"8868315","2010-08-16",14.6584785497217,0,0.0192982456140344,0.107177148517284,36.6758792698955,34.6107873967711,35.6433333333333,0.306304017169578,49.7591587799204,35.2428,35.3130271162096,0.7952006721889,1.16936112914355
"8868314","2010-08-17",14.1445430687098,0.225641025641028,0.0945119208277103,0.0630892774485438,36.6277302070949,34.769269792905,35.6985,0.534885506755139,54.2373538522276,35.2716,35.3312901673817,0.762069898832163,1.08790288308127
"8868313","2010-08-18",13.5244897022062,0.184615384615384,0.136752136752137,0.0835207677312927,36.5720467027201,34.9066199639465,35.7393333333333,0.420340736954714,53.3069911970473,35.2944,35.3364514783975,0.709330108617778,1.01218832818858
"8868312","2010-08-19",12.5616215880433,0.071794871794872,0.160683760683761,0.130649272754535,36.5520263080501,34.9513070252831,35.7516666666666,0.238659152896472,50.7298696605713,35.302,35.3115912812778,0.610237166842342,0.931798095919329
"8868311","2010-08-20",12.2692674572306,0,0.0854700854700847,0.127635327635326,36.5950637381732,34.8539362618267,35.7244999999999,0.0417720160229775,46.7472291478181,35.3096,35.2420457771074,0.444200071463752,0.834278491028213
"8868310","2010-08-23",11.655336782799,0.170506912442395,0.0807672614124217,0.108973702522088,36.5505643915436,34.8197689417897,35.6851666666666,0.300573391433578,51.004645931161,35.3448,35.2311063401598,0.392793619768961,0.745981516776363
"8868309","2010-08-24",11.4413297887644,0,0.0568356374807977,0.0743576614544337,36.4143359809868,34.7776640190131,35.596,0.0503069539284088,45.12450907206,35.356,35.1469588281385,0.221020437382657,0.640989300897622
"8868308","2010-08-25",11.2870822378385,0,0.0568356374807977,0.0648128454580047,36.3029167326018,34.7230832673981,35.5129999999999,0.0444667539222023,44.8263629864168,35.3616,35.0700309843867,0.0768540799252815,0.528162256703154
"8868307","2010-08-26",10.7796646425201,0.117154811715482,0.0390516039051599,0.0509076262889174,36.2657697388959,34.6758969277706,35.4708333333333,0.233207169970795,48.2623000455651,35.3608,35.0406935198018,0.0266433046948622,0.427858466301496
"8868306","2010-08-27",10.2324340434056,0.0585774058577408,0.0585774058577402,0.0514882157478982,36.2690735481469,34.638926451853,35.4539999999999,0.254214409498685,46.6964431267683,35.3436,34.9966010504949,-0.0449521875369507,0.333296335533806
"8868305","2010-08-30",9.72429134422785,0.20879120879121,0.12817447545481,0.0752678284059024,36.2460251205341,34.6149748794658,35.4305,0.360723685299949,49.7087838148164,35.3052,34.9903875770956,-0.0458239875650746,0.25747227091403
"8868304","2010-08-31",9.37766536375495,0.0384615384615386,0.101943384370163,0.09623175522757,36.2458493304257,34.5528173362409,35.3993333333333,0.203096770531705,46.0859255210141,35.2308,34.9436692334828,-0.116759140811074,0.182625988569009
"8868303","2010-09-01",9.64589203276544,0.401098901098899,0.216117216117215,0.148745025314062,36.2373768793173,34.5532897873493,35.3953333333333,0.617571116686529,53.8052265297931,35.1952,34.9911800023518,-0.0203483338077848,0.142031124093651
"8868302","2010-09-02",9.89495965398946,0.681318681318682,0.373626373626373,0.230562324704583,36.2654193088996,34.5439140244336,35.4046666666666,0.799350421972846,58.7232666345559,35.2088,35.1003560020382,0.171351910182227,0.147895281311366
"8868301","2010-09-03",10.5867051737957,0.75531914893617,0.61257891045125,0.400774166731612,36.3528298837988,34.5168367828677,35.4348333333333,0.885894696249532,60.3285947821599,35.2428,35.2189752017664,0.359818749816898,0.190279975012472
"8868300","2010-09-07",10.6539825388376,0.606382978723404,0.681006936326085,0.555737406801235,36.2514581425613,34.567875190772,35.4096666666666,0.753625756631854,56.6384766117376,35.2512,35.2844451748643,0.439480543908521,0.240120088791682
"8868299","2010-09-08",10.14220858171,0.446808510638295,0.602836879432622,0.632140908736651,36.12006846321,34.6289315367899,35.3745,0.64004973630071,52.9046124956071,35.2568,35.3011858182157,0.428941677713213,0.277884406575988
"8868298","2010-09-09",9.6669899072343,0.48936170212766,0.514184397163119,0.599342737640608,36.1152033952617,34.6297966047382,35.3725,0.666621023667745,53.7796636901572,35.258,35.3263610424536,0.433835211163869,0.309074567493564
"8868297","2010-09-10",9.22571542379261,0.468085106382979,0.468085106382978,0.528368794326239,36.1368058519411,34.6398608147255,35.3883333333333,0.645852605075926,53.2469370614421,35.2552,35.3428462367931,0.423658562564233,0.331991366507698
"8868296","2010-09-13",8.93789357656316,0.611702127659573,0.52304964539007,0.501773049645388,36.1792337342793,34.6384329323873,35.4088333333333,0.758199069499998,56.3873533603003,35.2784,35.3931334052207,0.471696048680581,0.359932302942275
"8868295","2010-09-14",8.3508729648812,0.53723404255319,0.53900709219858,0.510047281323875,36.2058042171841,34.6555291161492,35.4306666666666,0.660831669919051,54.3488272127118,35.2552,35.4180489511913,0.472306671257972,0.382407176605414
"8868294","2010-09-15",8.22701282827476,0.386740331491714,0.511892167234825,0.524649634941157,36.1779302450681,34.6564030882651,35.4171666666666,0.550059354068152,50.9484034359573,35.2308,35.4076424243658,0.413334064631687,0.388592554210669
"8868293","2010-09-16",8.98379230120394,0.132596685082874,0.352190353042592,0.467696537491998,36.1600548796139,34.6212784537193,35.3906666666666,0.295941765992801,45.1212641482126,35.208,35.337290101117,0.25868633181263,0.362611309731061
"8868292","2010-09-17",9.95714375665121,0.0441988950276233,0.187845303867403,0.350642608048272,36.1698532534737,34.5648134131929,35.3673333333333,0.188065894626635,43.2675860420922,35.1936,35.2549847543014,0.0982063487070528,0.309730317526259
"8868291","2010-09-20",10.2708271288125,0.0331491712707194,0.0699815837937383,0.203339080234577,36.1696550833709,34.5653449166291,35.3675,0.22729712179754,43.0296198465227,35.174,35.1809867870612,-0.0334394174341779,0.241096370534172
"8868290","2010-09-21",10.6943041924083,0,0.0257826887661137,0.0945365254757505,36.1800217553927,34.5009782446072,35.3404999999999,0.178090533968911,42.1557196503212,35.1588,35.1075218821197,-0.15233264990856,0.162410566445626
"8868289","2010-09-22",11.2986990971508,0,0.0110497237569059,0.0356046654389182,36.1926501290399,34.4726832042933,35.3326666666666,0.134101490977212,40.7549896094712,35.1216,35.0291856311704,-0.269040081989691,0.0761204367585623
"8868288","2010-09-23",12.2677119331235,0,-5.435466891394e-16,0.0122774708410052,36.2289254547659,34.4027412119007,35.3158333333333,0.0295290329968754,38.0330775881906,35.0788,34.9319608803477,-0.407950520655553,-0.0206937547242608
"8868287","2010-09-24",12.9567907403784,0.0949720670391068,0.0316573556797017,0.0142356931455345,36.2531631365675,34.3331701967657,35.2931666666666,0.135502131895585,41.295752092793,35.0516,34.8703660963013,-0.473633243944394,-0.111281652568287
"8868286","2010-09-27",12.5890153994249,0.113095238095241,0.0693557683781154,0.0336710413526044,36.2633456523418,34.2903210143248,35.2768333333333,0.221155703752602,41.6847628630554,35.0396,34.8196506167945,-0.51530227484119,-0.192085777022868
"8868285","2010-09-28",11.8999939454601,0.267857142857145,0.15864148266383,0.0865515355738813,36.2601451723355,34.2738548276645,35.267,0.368934904692189,46.6355282661485,35.0232,34.8103638678886,-0.48255189000912,-0.250178999620118
"8868284","2010-09-29",12.025940337272,0.607142857142859,0.329365079365081,0.185787443469008,36.2810058756886,34.3143274576446,35.2976666666666,0.607965456571467,55.5457716749836,35.052,34.8783153521701,-0.320814612583131,-0.264306122212721
"8868283","2010-09-30",12.9969171585366,0.755980861244021,0.543660287081341,0.343888949703416,36.3503484786068,34.2906515213931,35.3205,0.854178316108635,62.2199490911101,35.1044,35.0118733052141,-0.062867055617466,-0.22401830889367
"8868282","2010-10-01",14.6821101264224,0.741573033707866,0.701565584031581,0.524863650159333,36.4761478095209,34.223852190479,35.35,1.01503008317064,66.1314054900483,35.1616,35.1809568645189,0.229933470616528,-0.13322795299163
"8868281","2010-10-04",16.0122590706213,0.7,0.732517964983962,0.659247945365627,36.5438615823815,34.1878050842851,35.3658333333333,0.964405954420341,64.5129889077461,35.2208,35.3154959492497,0.435170498458848,-0.0195482627015347
"8868280","2010-10-05",17.2473973759488,0.770370370370372,0.737314468026078,0.723799339013873,36.6722768987953,34.1300564345379,35.4011666666666,0.949279156833617,66.3833798410655,35.278,35.4574298226831,0.632900718044316,0.110941533447635
"8868279","2010-10-06",17.9983107413889,0.71851851851852,0.72962962962963,0.733154020879889,36.7988375928824,34.0924957404509,35.4456666666666,0.879725371997413,63.7184411228251,35.342,35.561772512992,0.748312184501398,0.238415663658388
"8868278","2010-10-07",18.6955874378691,0.729629629629631,0.739506172839507,0.735483423498404,36.9040825865309,34.067917413469,35.486,0.831668506334276,64.0514738077995,35.3808,35.6562028445931,0.836368378969055,0.358006206720521
"8868277","2010-10-08",18.5401771182766,0.625925925925927,0.691358024691359,0.720164609053497,36.9576984928845,34.0669681737821,35.5123333333333,0.714824605358854,58.641131749037,35.388,35.7007091319806,0.832919614369065,0.45298888825023
"8868276","2010-10-11",18.4950761525281,0.7,0.685185185185186,0.705349794238683,37.0154807344396,34.0568525988936,35.5361666666666,0.752538214481902,61.1645027849178,35.396,35.7659479143832,0.865172342861609,0.535425579172506
"8868275","2010-10-12",17.9163206913641,0.62962962962963,0.651851851851852,0.676131687242798,37.0562582814211,34.0584083852455,35.5573333333333,0.682130533185328,57.570949036246,35.4076,35.7971548591321,0.838063334726646,0.595953130283334
"8868274","2010-10-13",17.6448863137062,0.628458498023716,0.652696042551115,0.663244359862716,37.1148471218461,34.0688195448205,35.5918333333333,0.694187342380414,58.4020972266108,35.4336,35.8322008779145,0.820549797563608,0.640872463739389
"8868273","2010-10-14",16.8800810441579,0.55378486055777,0.603957662737039,0.636168519046667,37.147576808045,34.1240898586216,35.6358333333333,0.606113682215352,54.9259462422014,35.4492,35.8385740941926,0.75737647573948,0.664173266139407
"8868272","2010-10-15",16.9240174223468,0.524444444444444,0.568895934341976,0.608516546543376,37.1793760398794,34.2159572934538,35.6976666666666,0.636891442411238,55.7144689917556,35.4684,35.8507642149669,0.710366419468889,0.673411896805303
"8868271","2010-10-18",17.6728323791079,0.476190476190475,0.518139927064229,0.563664508047747,37.2332754749932,34.3047245250067,35.769,0.700668069875791,58.6730867386709,35.4844,35.886662319638,0.707646574910803,0.680258832426403
"8868270","2010-10-19",18.5223276669422,0.267857142857141,0.422830687830686,0.503288849745629,37.2703175272985,34.4303491393681,35.8503333333333,0.702936531189121,59.5911773193259,35.5084,35.9257740103529,0.710677781642666,0.686342622269656
"8868269","2010-10-20",19.6763364097876,0.484126984126984,0.409391534391533,0.450120716428815,37.3142306267083,34.5867693732917,35.9505,0.777241946414264,64.0365578421825,35.5544,36.0010041423059,0.773530934966993,0.703780284809123
"8868268","2010-10-21",19.8212384027416,0.246031746031743,0.332671957671956,0.388298059964724,37.244500081437,34.8568332518963,36.0506666666666,0.671436537237532,57.4498841810639,35.6068,36.0262035899984,0.747304446492403,0.712485117145779
"8868267","2010-10-22",19.9557902533418,0.41269841269841,0.380952380952379,0.374338624338621,37.1474475253822,35.1438858079511,36.1456666666666,0.673524311051654,60.5117671675281,35.674,36.076043111332,0.764610715670688,0.722910236850761
"8868266","2010-10-25",20.7899543488806,0.650793650793652,0.436507936507935,0.383377425044089,37.055943356171,35.445056643829,36.2505,0.855601252989762,64.4476552036199,35.754,36.1592373631544,0.835467543849089,0.745421698250427
"8868265","2010-10-26",20.6437874949083,0.404761904761904,0.489417989417988,0.435626102292766,36.9081558303551,35.7495108363115,36.3288333333333,0.711022359097886,58.0129972877545,35.8244,36.1900057147338,0.81284498425922,0.758906355452185
"8868264","2010-10-27",19.6519858141255,0.142857142857143,0.399470899470899,0.44179894179894,36.8103605658155,35.9259727675178,36.3681666666666,0.419153113444584,52.0547855396437,35.886,36.1726716194359,0.713100963050728,0.749745276971894
"8868263","2010-10-28",19.5572986225949,0.727272727272728,0.424963924963925,0.437950937950936,36.9005565698047,35.9267767635286,36.4136666666666,1.06104401612377,61.9913892819493,35.9876,36.2616487368445,0.798581919059504,0.759512605389416
"8868262","2010-10-29",19.2394551222471,0.659090909090907,0.509740259740259,0.44472502805836,36.9551628221303,35.9075038445363,36.4313333333333,0.912347919732559,60.4350154048193,36.0788,36.3267622385986,0.836282968450019,0.774866678001537
"8868261","2010-11-01",18.7436643615938,0,0.462121212121211,0.465608465608464,36.9503315234467,35.8913351432199,36.4208333333333,0.338683741962623,46.9070111406051,36.1308,36.2551939401188,0.645312616272542,0.748955865655738
"8868260","2010-11-02",18.2832872267015,0.31205673758865,0.323715882226519,0.431859118029329,36.9381706424284,35.8831626909049,36.4106666666666,0.433017882410649,52.1894552771951,36.19,36.2518347481029,0.58510024626135,0.71618474177686
"8868259","2010-11-03",18.2445035754174,0.148936170212766,0.153664302600472,0.313167132316066,36.9318625795791,35.8604707537542,36.3961666666666,0.301348742632569,49.4214128766143,36.2172,36.2182567816892,0.48063387305981,0.66907456803345
"8868258","2010-11-04",17.2170206510989,0.539007092198579,0.333333333333332,0.270237839386773,36.9621674464226,35.8578325535773,36.41,0.765619908628985,55.4995921163515,36.244,36.2624892107973,0.514399584961223,0.638139571419005
"8868257","2010-11-05",16.2788225314675,0.717105263157895,0.46834950852308,0.318449048152293,37.0519065245338,35.8570934754662,36.4545,0.976085638483157,58.7060748755108,36.268,36.344823982691,0.607322219551643,0.631976101045532
"8868256","2010-11-08",15.4076385632384,0.723684210526315,0.659932188627597,0.487205010161335,37.1305909737151,35.8517423596182,36.4911666666666,0.910916502709811,58.802947664677,36.296,36.4175141183322,0.675040204304622,0.64058892169735
"8868255","2010-11-09",14.4888062002244,0.564935064935064,0.668574846206425,0.598952181119033,37.1653480930674,35.8949852402659,36.5301666666666,0.778004560577229,55.5737272959073,36.3072,36.4498455692212,0.669830207330491,0.646437178823978
"8868254","2010-11-10",13.9900923403938,0.448051948051947,0.578890407837775,0.635799147557264,37.1663340556153,35.9356659443847,36.551,0.539815771248862,53.1153529757316,36.3168,36.4538661599917,0.618683210905568,0.640886385240296
"8868253","2010-11-11",13.8704796437202,0.33116883116883,0.448051948051947,0.565172400698714,37.1306057314399,36.0147276018934,36.5726666666666,0.336302314894466,50.7000503204109,36.318,36.4333506719928,0.532171856130637,0.619143479418364
"8868252","2010-11-12",14.4058346464762,0.0909090909090913,0.290043290043289,0.438995215311002,37.1322078979172,36.0117921020827,36.572,0.069802566340152,46.0632347525803,36.3156,36.3662372490605,0.377231116417209,0.570761006818133
"8868251","2010-11-15",13.7437731585709,0.470967741935485,0.297681888004469,0.345259042033234,37.1528057039485,36.0348609627182,36.5938333333333,0.678452469645754,53.3843631608602,36.3288,36.3867389491857,0.380913370630531,0.532791479580613
"8868250","2010-11-16",13.6587178527433,0,0.187292277614859,0.258339151887538,37.1905218468857,35.9508114864475,36.5706666666666,0.0101006229240219,44.5535940571006,36.3176,36.2978404226276,0.203849261319444,0.467003035928379
"8868249","2010-11-17",13.5797379259034,0.0617283950617291,0.177565378999071,0.220846514872798,37.2092694940051,35.8530638393282,36.5311666666666,0.0468976273024485,45.7613740698747,36.308,36.2341283662773,0.0845651920887702,0.390515467160457
"8868248","2010-11-18",13.3149677296235,0.154320987654321,0.0720164609053498,0.145624705839759,37.2201973409703,35.801135992363,36.5106666666666,0.175372268352772,47.6050304177137,36.3116,36.1989112507736,0.0230890330862543,0.317030180345617
"8868247","2010-11-19",13.5003711573907,0,0.0720164609053498,0.107199433603256,37.2511581953832,35.7001751379501,36.4756666666666,0.0600639671315419,44.5601555587587,36.302,36.1310564173372,-0.0872025088016204,0.236183642516169
"8868246","2010-11-22",13.2667957810331,0,0.0514403292181068,0.0651577503429341,37.2336619062209,35.617338093779,36.4255,0.125384471020573,43.912002248013,36.2824,36.0642488950255,-0.186075763215376,0.15173176136986
"8868245","2010-11-23",13.3251975962549,0,-5.55111512312578e-17,0.0411522633744842,37.2618119671611,35.4885213661722,36.3751666666666,0.0440679606889654,42.0458933479214,36.2536,35.9836823756888,-0.299307627448087,0.0615238836062709
"8868244","2010-11-24",12.5431977387251,0.255319148936168,0.0851063829787227,0.0455155707322751,37.2596395922381,35.4703604077618,36.365,0.348169771926256,48.6777675941674,36.2316,35.9778580589303,-0.27827676438531,-0.00643624599204531
"8868243","2010-11-26",12.1499066977702,0.372340425531912,0.209219858156027,0.0981087470449151,37.1843821060635,35.4802845606031,36.3323333333333,0.484938264399826,51.4216228397021,36.2304,36.0021436510729,-0.209834627448757,-0.0471159222833877
"8868242","2010-11-29",11.4104287853066,0.186170212765958,0.271276595744679,0.188534278959808,37.117229176865,35.4574374898016,36.2873333333333,0.304794780859988,47.1067423107459,36.2068,35.9765244975965,-0.231430126177623,-0.0839787630622348
"8868241","2010-11-30",10.6295027016873,0.22340425531915,0.26063829787234,0.247044917257681,37.1136380364218,35.4400286302448,36.2768333333333,0.358489482397041,48.0457279281122,36.174,35.9636545645837,-0.230207341637612,-0.11322447877731
"8868240","2010-12-01",11.051954151123,0.590425531914893,0.333333333333333,0.288416075650116,37.1575009682411,35.4361656984255,36.2968333333333,0.757455171248644,56.2839783715169,36.1812,36.0445006226392,-0.0736885387841224,-0.105317290778673
"8868239","2010-12-02",11.5847759289943,0.73404255319149,0.515957446808511,0.36997635933806,37.2400110537276,35.430655612939,36.3353333333333,0.841558096363142,59.0221593675032,36.2124,36.1505672062873,0.109126432374906,-0.0624285461479568
"8868238","2010-12-03",12.3741835714265,0.751295336787563,0.691921140631315,0.513737306924385,37.301273945847,35.4060593874863,36.3536666666666,0.877969518107219,59.7264635158873,36.2152,36.2518249121157,0.266050916033356,0.0032673462883057
"8868237","2010-12-06",13.1072049536851,0.875647668393781,0.786995186124278,0.664957924521366,37.3422690114515,35.3847309885485,36.3635,0.937539393860576,62.1297587965244,36.2312,36.3715815905002,0.438150284213701,0.0902439338733847
"8868236","2010-12-07",14.2154626902096,0.800000000000001,0.808981001727115,0.762632442827568,37.4167157482201,35.3452842517799,36.381,0.975838408540464,62.826532767037,36.2884,36.4847040451002,0.582656753637356,0.188726497826179
"8868235","2010-12-08",15.1187078781464,0.777272727272729,0.817640131888837,0.804538773246742,37.4931531107553,35.3108468892446,36.402,0.913018725075807,61.949753886634,36.326,36.5760768390868,0.677761099663332,0.28653341819361
"8868234","2010-12-09",15.9042789859011,0.768181818181819,0.781818181818183,0.80281310514471,37.5844435251833,35.2845564748166,36.4345,0.854582630425264,61.579560846545,36.372,36.6525999272086,0.739800856643624,0.377186905883613
"8868233","2010-12-10",16.8418973855627,0.868181818181818,0.804545454545455,0.80133458941749,37.7171036993323,35.2568963006676,36.487,0.887365715799929,64.1195065877276,36.4048,36.7482532702475,0.8273990606811,0.46722933684311
"8868232","2010-12-13",17.9038092256269,0.90625,0.847537878787879,0.811300505050504,37.8606115764084,35.2603884235916,36.5605,0.884390085488349,65.4607817038014,36.4292,36.8471528342145,0.91209888529773,0.556203246534034
"8868231","2010-12-14",18.9870004575893,0.861538461538463,0.87865675990676,0.84358003108003,37.9713782449,35.2282884217666,36.5998333333333,0.857322118437621,65.4607817038014,36.4532,36.9328657896525,0.967574159554463,0.63847742913812
"8868230","2010-12-15",18.7780483983587,0.651282051282051,0.806356837606838,0.844183825433824,38.0323141196148,35.2970192137185,36.6646666666666,0.717648682798347,57.015326649089,36.47,36.9524836843655,0.911292040549982,0.693040351420492
"8868229","2010-12-16",18.2887959101553,0.594871794871794,0.702564102564103,0.795859233359232,38.0659363938091,35.3880636061908,36.727,0.662940276831235,54.9663715158406,36.4896,36.9548191931168,0.833063713523163,0.721045023841027
"8868228","2010-12-17",18.0051906505259,0.675531914893617,0.640561920349154,0.71649428684003,38.1140795545082,35.4659204454918,36.79,0.696362823604343,57.6484683666406,36.5236,36.9808433007012,0.801093917938722,0.737054802660566
"8868227","2010-12-20",18.0192883223561,0.722689075630253,0.664364261798555,0.669163428237269,38.1565945784796,35.598072088187,36.8773333333333,0.759003651201396,61.4906179976071,36.5836,37.0407308606077,0.827148369551711,0.755073516038795
"8868226","2010-12-21",17.5538190599612,0.467391304347828,0.621870764957233,0.642265649034979,38.159920544308,35.7547461223586,36.9573333333333,0.692363041301468,58.2392398275259,36.6136,37.0713000791934,0.803537302964163,0.764766273423869
"8868225","2010-12-22",17.121597602023,0.600000000000005,0.596693459992696,0.62764282891616,38.0932333205054,36.0144333461612,37.0538333333333,0.713023541850424,60.3556317209319,36.6816,37.1177934019676,0.808035180385458,0.773420054816187
"8868224","2010-12-23",16.6232773278161,0.531645569620256,0.533012291322696,0.58385883875754,38.0774059562694,36.1679273770639,37.1226666666666,0.681899570446031,59.7039353075288,36.7444,37.1540876150386,0.795779185529866,0.777891880958922
"8868223","2010-12-27",15.7684765132479,0.379746835443044,0.503797468354435,0.544501073223274,38.0586039087882,36.2930627578785,37.1758333333333,0.609975724194624,57.0503648011661,36.7964,37.1695425997001,0.751286344489821,0.772570773665102
"8868222","2010-12-28",14.6903385826646,0.227848101265823,0.379746835443041,0.472185531706723,37.9270929307298,36.5559070692702,37.2415,0.525646899997396,54.444417021567,36.8548,37.1669369197401,0.682105471199979,0.754477713172077
"8868221","2010-12-29",13.6892105042659,0.354430379746837,0.320675105485235,0.401406469760902,37.713327200826,36.8980061325073,37.3056666666666,0.521668355391725,56.2383428371605,36.9196,37.1780119971081,0.641588975095342,0.73189996555673
"8868220","2010-12-30",13.2474400200802,0.16455696202532,0.248945147679327,0.316455696202533,37.6478297900064,37.0128368766602,37.3303333333333,0.347242389700378,52.8748685346837,36.9852,37.1676103974937,0.570344445526549,0.699588861550694
"8868219","2010-12-31",13.2067335124223,0.0126582278480988,0.177215189873419,0.248945147679325,37.6242472691393,37.052086064194,37.3381666666666,0.101219613118551,50.2839165409591,37.0268,37.1425956778278,0.482271781284993,0.656125445497554
"8868218","2011-01-03",12.6054121772138,0.0379746835443053,0.0717299578059079,0.165963431786216,37.613123375156,37.0735432915106,37.3433333333333,0.184940187466748,50.7173649560724,37.0604,37.1235829207841,0.412070471644599,0.607314450726963
"8868217","2011-01-04",11.7888260178177,0.113924050632916,0.0548523206751066,0.10126582278481,37.6121204472393,37.0778795527606,37.345,0.328416978905963,52.067497944043,37.1104,37.1151051980129,0.365273097557184,0.558906180093007
"8868216","2011-01-05",11.0305674412355,0.202531645569625,0.118143459915615,0.0815752461322087,37.6104046581685,37.0639286751647,37.3371666666666,0.267296879237709,53.6624483520775,37.1604,37.1170911716112,0.339496258267591,0.515024195727924
"8868215","2011-01-06",10.8748227886218,0,0.105485232067514,0.0928270042194106,37.626783824338,37.0208828423286,37.3238333333333,0.0260501712437246,48.6785272997007,37.1748,37.092145682063,0.272429300234212,0.466505216629182
"8868214","2011-01-07",10.2259752726407,0,0.0675105485232084,0.0970464135021112,37.641912863442,36.9827538032246,37.3123333333333,0.0565056281910399,46.5819285021254,37.1748,37.058526257788,0.197396202937061,0.412683413890758
"8868213","2011-01-10",10.6249739945997,0,-2.77555756156289e-17,0.0576652601969061,37.6673810111699,36.8959523221634,37.2816666666666,-0.0898147249177068,40.164970184434,37.1596,36.9880560900829,0.0694895222855152,0.344044635569709
"8868212","2011-01-11",10.3872932503385,0.624999999999998,0.208333333333333,0.0919479606188457,37.6366112081919,36.9053887918081,37.271,0.603479686852176,55.179441569479,37.1628,37.0203152780718,0.119406880652129,0.299117084586193
"8868211","2011-01-12",10.3101809652524,0.774647887323944,0.466549295774647,0.224960876369325,37.6759466672822,36.8817199993844,37.2788333333333,1.07645172573366,61.1747966363745,37.1792,37.1016065743289,0.243174714974237,0.287928610663802
"8868210","2011-01-13",9.93438771541716,0.706293706293705,0.701980531205882,0.458954386771286,37.7334818084834,36.8661848581832,37.2998333333333,0.938335066824714,59.2542521634524,37.194,37.1600590310851,0.317770479800616,0.293896984491165
"8868209","2011-01-14",9.5161219512296,0.692307692307694,0.724416428641781,0.630982085207435,37.7798644450083,36.8691355549916,37.3245,0.864726177359544,58.8123839232781,37.2088,37.2080511602737,0.36814584224576,0.308746756042084
"8868208","2011-01-18",9.93895382644842,0.694610778443111,0.69773739234817,0.708044784065276,37.8635093134809,36.840490686519,37.352,0.99656964850058,61.4442627314038,37.2216,37.2723110055706,0.439684461874368,0.334934297208541
"8868207","2011-01-19",10.969414504641,0.718749999999997,0.701889490250267,0.708014437080071,37.9798971833526,36.7791028166473,37.3795,1.09169164987799,64.5970663828304,37.2384,37.3573362048278,0.53749541361312,0.375446520489457
"8868206","2011-01-20",11.3236105707923,0.635416666666666,0.682925815036591,0.694184232545008,38.0502410018305,36.7590923315028,37.4046666666666,0.901709484419849,60.7089217022055,37.2488,37.4096913775175,0.573580895295889,0.415073395450743
"8868205","2011-01-21",11.733659156308,0.630208333333333,0.661458333333332,0.682091212873395,38.1100681378028,36.7422651955305,37.4261666666666,0.865915282481079,60.4639640905613,37.2752,37.4537325271818,0.593044061169334,0.450667528594461
"8868204","2011-01-24",12.1144185571441,0.723958333333333,0.663194444444444,0.669192864271454,38.1884399763529,36.7205600236471,37.4545,0.896603731520131,63.331989259359,37.3132,37.5159015235576,0.639687126504973,0.488471448176564
"8868203","2011-01-25",12.2138429178975,0.692708333333332,0.682291666666666,0.668981481481479,38.2583920064087,36.7149413269246,37.4866666666666,0.841226754872878,61.7246343166893,37.3416,37.5617813204166,0.656010304534216,0.521979219448094
"8868202","2011-01-26",13.4127943227935,0.716894977168951,0.711187214611872,0.685557775240992,38.3811441278125,36.6951892055207,37.5381666666666,0.955824761290399,65.4968152762514,37.3684,37.6335438110277,0.712060581513296,0.559995491861135
"8868201","2011-01-27",14.5261063416255,0.767123287671234,0.725575532724505,0.706351471334346,38.4994214897681,36.6809118435651,37.5901666666666,0.925165007115065,67.0973678316394,37.406,37.710404636224,0.770852491996687,0.602166891888245
"8868200","2011-01-28",13.7692667589563,0.465753424657533,0.649923896499239,0.695562214611871,38.526475994637,36.7201906720296,37.6233333333333,0.651323453671664,51.6236301495446,37.4112,37.6890173513941,0.668408471578874,0.615415207826371
"8868199","2011-01-31",13.545086188854,0.0939597315436244,0.44227881462413,0.605926081282623,38.5190351950876,36.7739648049123,37.6465,0.458072369413546,48.3488005713091,37.4104,37.6464817045416,0.542425458257445,0.600817257912586
"8868198","2011-02-01",12.924244159458,0.140740740740744,0.233484632313967,0.441895781145778,38.527249995905,36.8314166707616,37.6793333333333,0.588845209274306,51.8229324818357,37.422,37.6349508106027,0.477791202618016,0.576212046853672
"8868197","2011-02-02",12.3477479893045,0.488888888888891,0.24119645372442,0.305653300220838,38.5700786699678,36.8769213300322,37.7235,0.74402142489748,59.1436607171213,37.4572,37.6876240358557,0.521252814460538,0.565220200375045
"8868196","2011-02-03",12.3444859899415,0.140740740740744,0.256790123456793,0.243823736498392,38.5622407051079,36.935759294892,37.749,0.482170100550911,50.8262742338999,37.4696,37.6706074977416,0.449804002434839,0.542136960787004
"8868195","2011-02-04",12.3414569905331,0.214814814814814,0.281481481481483,0.259822686220897,38.5311713667413,37.0418286332586,37.7865,0.500111906187175,52.3613333444583,37.492,37.6691931647094,0.409881270304813,0.515685822690566
"8868194","2011-02-07",11.8519185438877,0.340740740740741,0.2320987654321,0.256790123456791,38.4918673236843,37.1744660096489,37.8331666666666,0.59121492850088,54.9367533857276,37.526,37.6906340760815,0.409919332629372,0.494532524678327
"8868193","2011-02-08",11.3363005891253,0.422222222222222,0.325925925925926,0.279835390946502,38.3675580133274,37.4194419866725,37.8935,0.647485465282887,56.5727385601288,37.5636,37.7238828659373,0.428506393925421,0.481327298527746
"8868192","2011-02-09",11.2496077126111,0.318518518518518,0.360493827160494,0.306172839506172,38.3242238182902,37.5197761817097,37.922,0.493370192053817,53.8911369007713,37.5932,37.7340318171456,0.408538856490348,0.466769610120266
"8868191","2011-02-10",11.0322198262626,0.429629629629633,0.390123456790124,0.358847736625513,38.3321242075818,37.5412091257515,37.9366666666666,0.618006768966127,56.282211650111,37.626,37.7628275748595,0.419917252795932,0.457399138655399
"8868190","2011-02-11",10.2601568272207,0.399999999999999,0.382716049382717,0.377777777777777,38.3362048820055,37.5751284513277,37.9556666666666,0.637086538392009,55.456338500559,37.6652,37.7824505648783,0.415553757023779,0.449030062329075
"8868189","2011-02-14",9.6740262954973,0.37037037037037,0.400000000000001,0.390946502057613,38.3301991007856,37.6184675658809,37.9743333333333,0.578213011418926,54.5936206722411,37.7064,37.7941238228945,0.398932098385352,0.439010469540331
"8868188","2011-02-15",9.33118266345916,0.338461538461541,0.369610636277303,0.384108895220006,38.3301444961597,37.6235221705068,37.9768333333333,0.40541859362916,53.2553115051519,37.7576,37.7962406465086,0.368691278452626,0.42494663132279
"8868187","2011-02-16",9.0128278622809,0.36065573770492,0.356495882178944,0.375368839485415,38.3180817417915,37.615584924875,37.9668333333333,0.390628211426589,53.2553115051519,37.7808,37.7980752269741,0.340795848897524,0.408116474837737
"8868186","2011-02-17",8.5942040257252,0.460000000000001,0.386372425388821,0.370826314615021,38.3178563687726,37.614810297894,37.9663333333333,0.424613759758708,53.6941438047373,37.7888,37.8023318633776,0.319276162055049,0.390348412281199
"8868185","2011-02-18",8.20384162893088,0.493827160493828,0.43816096606625,0.39367642454467,38.3241430140279,37.6195236526387,37.9718333333333,0.592011853329668,56.5494928526227,37.8056,37.8233542815939,0.326195824092346,0.377517894643428
"8868184","2011-02-22",8.37437547750655,0.437499999999994,0.463775720164608,0.429436370539892,38.3253479370304,37.6196520629695,37.9725,0.609820678919469,55.1411435258115,37.8212,37.834907044048,0.317332352537014,0.365480786222146
"8868183","2011-02-23",9.16699112121261,0,0.310442386831274,0.404126357687376,38.3533700913472,37.540963241986,37.9471666666666,-0.0422160095601743,41.2135297238301,37.8048,37.760919438175,0.173817977126389,0.327148224402994
"8868182","2011-02-24",9.63416209912528,0.0277777777777789,0.155092592592591,0.309770233196157,38.3155057105329,37.5031609561337,37.9093333333333,0.0576590709950322,41.9652469060423,37.7808,37.7007968464183,0.0655762981504493,0.274833839152485
"8868181","2011-02-25",10.5756412549412,0,0.0092592592592596,0.158264746227707,38.2848416113989,37.429158388601,37.857,-0.131464213551511,38.5988274072859,37.7556,37.6233572668959,-0.0603827382720135,0.207790523667586
"8868180","2011-02-28",9.99016575254441,0.419354838709679,0.149044205495819,0.104465352449222,38.2818174460985,37.4268492205681,37.8543333333333,0.487134024784221,50.3401775503945,37.7516,37.6255762979764,-0.048188521375836,0.156594714658901
"8868179","2011-03-01",9.97648365411704,0.153225806451617,0.190860215053765,0.116387893269614,38.2826522539358,37.4250144127308,37.8538333333333,0.161278938448165,44.5217114937666,37.7272,37.5834994582462,-0.108116199433106,0.1036525318405
"8868178","2011-03-02",10.250536806778,0.0564516129032259,0.209677419354841,0.183193946634807,38.3147884067026,37.342878259964,37.8288333333333,-0.0132504635405258,42.5937785676986,37.7004,37.5310328638134,-0.179415233844271,0.0470389787035457
"8868177","2011-03-03",9.86235286898775,0.370967741935484,0.193548387096775,0.198028673835126,38.2753604143879,37.3439729189454,37.8096666666666,0.439516760092932,50.1492234499205,37.6796,37.5375618153049,-0.150359132516165,0.00755935645960361
"8868176","2011-03-04",9.47672070365739,0.154471544715451,0.19396363318472,0.199063146545444,38.2807420795859,37.3189245870807,37.7998333333333,0.212523423461779,45.6679970609513,37.6436,37.5072202399309,-0.183301348226772,-0.0306127844776715
"8868175","2011-03-07",9.52645309882323,0.00826446280992158,0.177901249820285,0.188471090033926,38.2911115346449,37.2708884653551,37.781,0.136354037496707,42.9148244709274,37.6268,37.4569242079401,-0.245401306244031,-0.0735704888309434
"8868174","2011-03-08",9.35379275636834,0.190082644628102,0.117606217384491,0.163157033463165,38.273106937325,37.2518930626749,37.7625,0.324555197384081,47.1116091290757,37.626,37.4426676468815,-0.244450344748959,-0.107746460014546
"8868173","2011-03-09",8.83259174866065,0.586776859504132,0.261707988980719,0.185738485395164,38.2662078375872,37.254125495746,37.7601666666666,0.72379601998391,54.9019176900892,37.6368,37.4943119606306,-0.138685049961906,-0.113934178004018
"8868172","2011-03-10",9.22739154561954,0.157024793388434,0.311294765840223,0.230202990735143,38.2510092289266,37.23065743774,37.7408333333333,0.293371918239985,46.8507694449839,37.608,37.4697370325465,-0.164951983841866,-0.124137739171588
"8868171","2011-03-11",10.0468703303945,0,0.247933884297522,0.27364554637282,38.242181715598,37.1568182844019,37.6995,0.0428566575899508,43.6678564699448,37.5884,37.4164387615403,-0.234841915718575,-0.146278574480985
"8868170","2011-03-14",11.0936918718283,0,0.0523415977961446,0.203856749311295,38.2386022713554,37.0567310619779,37.6476666666666,-0.0282583486081472,41.6369925953996,37.5584,37.3489135933349,-0.321223542848703,-0.181267568154529
"8868169","2011-03-15",12.8062310045906,0,9.25185853854297e-18,0.100091827364554,38.2951421609922,36.8578578390078,37.5765,-0.17476790673837,36.296875923485,37.5028,37.2277251142236,-0.486132395615102,-0.242240533646644
"8868168","2011-03-16",14.7480169561199,0,9.25185853854297e-18,0.0174471992653804,38.3715099247507,36.6278234085826,37.4996666666666,-0.14594944268335,33.7204099476338,37.4324,37.0880284323271,-0.666368344261115,-0.327066095769538
"8868167","2011-03-17",13.704686018001,0,9.25185853854297e-18,-1.12641377706761e-15,38.3508510962367,36.5368155704299,37.4438333333333,0.13038210086774,33.3284500740205,37.366,36.9616246413502,-0.809478297298782,-0.423548536075387
"8868166","2011-03-18",12.7358787183191,0.157407407407406,0.0524691358024687,0.0174897119341551,38.3134632284004,36.4582034382662,37.3858333333333,0.159077395325745,39.7402464726418,37.3072,36.8974080225035,-0.839467355724033,-0.506732300005116
"8868165","2011-03-21",12.4923741365378,0.435185185185185,0.19753086419753,0.0833333333333318,38.2269195076609,36.4694138256723,37.3481666666666,0.463110598163219,49.0518523782417,37.274,36.921753619503,-0.723715963220295,-0.550129032648152
"8868164","2011-03-22",12.2662627391695,0.537037037037036,0.376543209876542,0.208847736625513,38.1351669210936,36.497499745573,37.3163333333333,0.559230594256242,51.9817959906018,37.2512,36.972186470236,-0.577254947172967,-0.555554215553115
"8868163","2011-03-23",11.5966770253818,0.324074074074076,0.432098765432099,0.335390946502056,38.1163327952648,36.4643338714018,37.2903333333333,0.316182285423924,46.0221847630856,37.2124,36.9545616075378,-0.555231511502852,-0.555489674743062
"8868162","2011-03-24",10.974918862579,0.384259259259259,0.415123456790124,0.407921810699587,38.0886529325158,36.4443470674841,37.2665,0.382523883922951,47.8421234430881,37.1788,36.9566200598661,-0.503594768477078,-0.545110693489865
"8868161","2011-03-25",10.3579050291019,0.430555555555556,0.37962962962963,0.40895061728395,38.0830873492351,36.4385793174315,37.2608333333333,0.465035135804772,49.2593485032051,37.1484,36.9717373852173,-0.435809574065404,-0.523250469604973
"8868160","2011-03-28",10.253555568023,0.435185185185185,0.416666666666667,0.403806584362139,38.0114250160203,36.4552416506463,37.2333333333333,0.538555867730667,49.4073924545028,37.1132,36.9861724005217,-0.375573813735852,-0.493715138431149
"8868159","2011-03-29",9.91671615706832,0.436842105263157,0.434194282001299,0.410163526099198,37.9771467107921,36.4501866225412,37.2136666666666,0.471402876209647,47.7567729597098,37.0756,36.9840160804521,-0.347821869838016,-0.464536484712523
"8868158","2011-03-30",10.1644659605955,0.742105263157893,0.538044184535412,0.462968377734458,38.0163700005581,36.4436299994419,37.23,0.771288748530505,56.087182144966,37.0864,37.0594806030585,-0.197141074783524,-0.411057402726723
"8868157","2011-03-31",10.8077434218253,0.751269035532994,0.643405467984681,0.538547978173796,38.0219611171827,36.4410388828172,37.2315,0.849057860872486,56.9787896055763,37.0988,37.1342165226507,-0.0619863832479139,-0.341243198830961
"8868156","2011-04-01",12.0092906449219,0.864406779661017,0.785927026117301,0.655792226212463,38.1777657802,36.3615675531333,37.2696666666666,1.05996090341009,63.3839316819289,37.1412,37.2736543196306,0.164317975037642,-0.240130964057241
"8868155","2011-04-04",13.2131161032676,0.867768595041322,0.827814803411777,0.752382432504585,38.3382228913295,36.2947771086705,37.3165,1.00413212594573,64.0023301972472,37.1652,37.4025004103465,0.35180581787071,-0.121743607671651
"8868154","2011-04-05",14.8849228055712,0.797872340425532,0.843349238375957,0.819030355968344,38.5234982596367,36.2091684070299,37.3663333333333,1.02441386663171,65.5679430864,37.2084,37.5341670223003,0.525888763926918,0.00778286664806321
"8868153","2011-04-06",16.5156659945061,0.870078740157479,0.845239891874777,0.838801311220836,38.6979426357855,36.1160573642144,37.407,1.03952823362767,68.5171094854958,37.2684,37.6882780859936,0.719023213699987,0.150030936058448
"8868152","2011-04-07",17.7914057655068,0.811926605504585,0.826625895362532,0.838405008537754,38.8801595518689,36.0535071147978,37.4668333333333,0.945697998385243,66.8722246509753,37.3096,37.8111743411945,0.844312582048379,0.288887265256434
"8868151","2011-04-08",19.0064236055903,0.834862385321098,0.838955910327721,0.836940565855009,39.0606113544632,36.0293886455368,37.545,0.903027683538099,67.3990079286764,37.3636,37.9243510957019,0.94269213446454,0.419648239098055
"8868150","2011-04-11",18.9803977166795,0.655963302752294,0.767584097859325,0.811055301183191,39.1631506323052,36.0708493676948,37.617,0.773690452809095,59.4571343817859,37.4092,37.970437616275,0.926698613884147,0.521058314055274
"8868149","2011-04-12",18.2609631016698,0.502439024390243,0.664421570821211,0.756987193002751,39.1877163716443,36.2039502950223,37.6958333333333,0.66338412177135,54.6555194310292,37.4352,37.9743792674383,0.846872165310808,0.586221084306381
"8868148","2011-04-13",17.5929166734466,0.546341463414635,0.568247930185724,0.666751199622086,39.16171469031,36.41128530969,37.7865,0.645492434558158,55.9330170591388,37.4456,37.9897953651132,0.793565729901724,0.627690013425449
"8868147","2011-04-14",16.4844006238565,0.453658536585365,0.500813008130081,0.577827503045671,39.1506050635628,36.5533949364371,37.852,0.589069933509527,52.5660651376698,37.4692,37.9778226497648,0.702879390937317,0.642727888927823
"8868146","2011-04-15",16.109124954687,0.629268292682925,0.543089430894308,0.53738345640337,39.152587803214,36.7180788634526,37.9353333333333,0.699081900563575,57.7549930571712,37.5168,38.0154462964628,0.699368213682283,0.654055953878715
"8868145","2011-04-18",15.3516234177189,0.136054421768709,0.406327083678999,0.483409840901128,39.1467400414981,36.7862599585018,37.9665,0.474652049062257,49.4946334233765,37.5504,37.9800534569344,0.58160699321701,0.639566161746374
"8868144","2011-04-19",14.8560596354765,0.0214285714285722,0.262250428626735,0.40388898106668,39.1413342461801,36.8286657538199,37.985,0.412799146383134,48.0436582030577,37.5988,37.9360463293432,0.461688378225711,0.603990605042241
"8868143","2011-04-20",13.8917558303915,0.306569343065694,0.154684112087658,0.274420541464463,39.1048902076281,36.9797764590385,38.0423333333333,0.542821237244559,54.1263913316154,37.6744,37.9539068187641,0.450764518023217,0.573345387638436
"8868142","2011-04-21",13.1347000345287,0.262773722627736,0.196923879040667,0.204619473251686,39.0582331007644,37.1281002325688,38.0931666666666,0.498359353017181,53.1687491134611,37.7492,37.9613859095955,0.424440934773407,0.543564497065431
"8868141","2011-04-25",12.3800719290241,0.284671532846715,0.284671532846715,0.212093174658345,39.0133396067369,37.2643270599297,38.1388333333333,0.487326182017905,53.6106926497997,37.8116,37.9718677883161,0.405275134129468,0.515906624478238
"8868140","2011-04-26",12.5128914334483,0.416058394160583,0.321167883211678,0.267587765033019,38.9846185639363,37.4047147693969,38.1946666666666,0.63629521878333,56.2768073445402,37.8572,38.0049520832073,0.423415727680521,0.497408445118695
"8868139","2011-04-27",13.2193855218354,0.70344827586207,0.468059400956456,0.357966272338281,38.9577003459642,37.5959663207024,38.2768333333333,0.89398295852739,62.1357002794828,37.912,38.0936251387797,0.527014912464252,0.503329738587806
"8868138","2011-04-28",14.3604691401341,0.695402298850574,0.604969656291075,0.464732313486402,39.0408756981492,37.6507909685174,38.3458333333333,0.996972104366866,64.3102671297239,37.9928,38.1958084536091,0.641491373753755,0.530962065620996
"8868137","2011-04-29",15.4200467856972,0.850574712643679,0.749808429118774,0.607612495455434,39.156224900021,37.6774417666456,38.4168333333333,1.03185621491692,67.1936089920765,38.0792,38.3203673264612,0.779585870773869,0.580686826651571
"8868136","2011-05-02",15.9145877999664,0.758620689655172,0.768199233716475,0.70765910637544,39.2470538845926,37.6659461154074,38.4565,0.894343770963402,63.8991159720833,38.1552,38.4069850162664,0.8450207128605,0.633553603893356
"8868135","2011-05-03",15.5798169433081,0.597701149425286,0.735632183908046,0.751213282247764,39.2885109997184,37.6748223336149,38.4816666666666,0.728255512398648,58.4941178004659,38.2196,38.4447203474308,0.828280227252165,0.672498928565118
"8868134","2011-05-04",15.2689582906968,0.643678160919542,0.666666666666667,0.723499361430394,39.3226665825425,37.6716667507907,38.4971666666666,0.737936628325723,59.5469723352485,38.2916,38.4880909677734,0.822205604030612,0.702440263658217
"8868133","2011-05-05",14.3474075501092,0.511494252873563,0.584291187739464,0.662196679438057,39.3198489613461,37.6721510386538,38.496,0.67033866633035,55.2108114693317,38.3312,38.4950121720703,0.760357673021872,0.714023745530948
"8868132","2011-05-06",14.4555923868562,0.566502463054186,0.573891625615764,0.608283160007297,39.3734623496438,37.6552043170228,38.5143333333333,0.836969179836638,58.8580237796718,38.3784,38.5356772157942,0.757043368351118,0.722627670094982
"8868131","2011-05-09",14.5560497352641,0.669950738916255,0.582649151614668,0.58027732165663,39.4441417872759,37.629858212724,38.537,0.876457136899728,61.5793651137623,38.4116,38.5989202536883,0.789104238996075,0.735922983875201
"8868130","2011-05-10",15.9487833455988,0.725738396624471,0.654063866198304,0.603534881142911,39.7053559149739,37.5169774183594,38.6111666666666,1.11026920254706,69.1209089871658,38.4712,38.7497308865299,0.953290138208995,0.77939641474196
"8868129","2011-05-11",16.1242891934511,0.548523206751056,0.648070780763927,0.628261266192298,39.8151727035305,37.5374939631361,38.6763333333333,0.855771566447097,61.5332616366388,38.508,38.8244334349926,0.983934206414805,0.820303973076529
"8868128","2011-05-12",16.7821197328595,0.517094017094017,0.597118540156514,0.633084395706247,39.9205409573366,37.5684590426633,38.7445,0.842462562623756,60.5113318625624,38.5304,38.8811756436602,0.984142778045527,0.853071734070328
"8868127","2011-05-13",17.4397429519792,0.592592592592592,0.552736605479221,0.59930864213322,40.0356203005538,37.6177130327795,38.8266666666666,0.872222711762016,63.2500146283176,38.566,38.9636855578389,1.02405882066992,0.887269151390246
"8868126","2011-05-16",17.4181114150656,0.391304347826086,0.500330319170898,0.55006182160221,40.0905462167455,37.6581204499211,38.8743333333333,0.705145006604449,59.0183410779935,38.59,39.003194150127,0.994297714153158,0.908674863942828
"8868125","2011-05-17",17.0686090446512,0.320652173913045,0.434849704777241,0.495972209809119,40.0808744450026,37.8004588883307,38.9406666666667,0.628339181782206,56.8015316135783,38.6244,39.0201015967768,0.932998639907989,0.913539619135861
"8868124","2011-05-18",16.2983757833295,0.222826086956523,0.311594202898551,0.415591408948896,40.0185562824504,37.9974437175496,39.008,0.56036279330439,53.7888879199181,38.6624,39.0107547172065,0.837542204406816,0.898340136190052
"8868123","2011-05-19",16.0958360308103,0.396739130434784,0.313405797101451,0.353283234925746,40.0142317939355,38.1311015393978,39.0726666666666,0.687984872075091,58.0487433064748,38.7096,39.0453207549123,0.818603146873498,0.882392738326741
"8868122","2011-05-20",15.3826404926821,0.282608695652175,0.300724637681161,0.308574879227053,39.9561001819549,38.3012331513784,39.1286666666667,0.54914795680292,54.4982784423996,38.756,39.0472779875907,0.751490123525045,0.856212215366402
"8868121","2011-05-23",15.0897079875998,0,0.22644927536232,0.280193236714976,39.8772045479612,38.4347954520387,39.156,0.158441791542116,45.9878255433872,38.7644,38.9703075892453,0.569725595041826,0.798914891301487
"8868120","2011-05-24",15.3396343263801,0,0.0942028985507251,0.207125603864734,39.8869782013112,38.4190217986888,39.153,-0.0470189704309343,42.3651259886198,38.7812,38.8635999106792,0.359144369653008,0.710960786971791
"8868119","2011-05-25",15.8963702790434,0,1.85037170770859e-17,0.106884057971014,39.9424761804065,38.3098571529268,39.1261666666667,-0.0203295966183616,40.0973579785942,38.794,38.744453255922,0.148569800734433,0.598482589724319
"8868118","2011-05-26",16.413339377945,0.153526970954358,0.0511756569847862,0.0484595185118359,39.9579913848511,38.2426752818155,39.1003333333333,0.161675575536024,45.8701193290683,38.8048,38.6905261551324,0.057854915524036,0.490357054884263
"8868117","2011-05-27",16.4090571210191,0.352697095435685,0.168741355463348,0.0733056708160434,39.9457258517964,38.2246074815369,39.0851666666667,0.392414914705289,52.2931834864153,38.8372,38.7077893344481,0.0851042696062621,0.409306497828663
"8868116","2011-05-31",15.5458244298815,0.506787330316744,0.337670465568929,0.185862492672353,39.9529205944349,38.229079405565,39.091,0.561297216558533,55.4924202320893,38.8792,38.7587507565217,0.161081236906857,0.359661445644301
"8868115","2011-06-01",14.7442512166822,0.46606334841629,0.441849258056239,0.316087026362838,39.9620720264607,38.2515946402059,39.1068333333333,0.534980487794908,54.1879561022747,38.9104,38.7909173223188,0.200151392208436,0.327759434957128
"8868114","2011-06-02",14.7129124089975,0.312217194570135,0.428355957767723,0.402625227130963,39.9621686770404,38.2488313229595,39.1055,0.358657919241734,49.4580098811424,38.91,38.773461679343,0.158510930923694,0.293909734150442
"8868113","2011-06-03",14.7636646179475,0.367231638418078,0.381837393801501,0.41734753654182,39.9625446937441,38.2471219729225,39.1048333333333,0.300923704778481,48.917032270558,38.9004,38.7530001220972,0.115840814829582,0.25829595028627
"8868112","2011-06-06",14.9354739238144,0.333333333333335,0.337594055440516,0.382595802336579,39.9603919521679,38.2112747144988,39.0858333333333,0.287035430228574,48.0677109281477,38.8776,38.7272667724843,0.0687202367235074,0.220380807573717
"8868111","2011-06-07",15.4064601575344,0.248587570621467,0.31638418079096,0.345271876677658,39.9554918710065,38.1478414623268,39.0516666666666,0.215099779510945,45.9211208942147,38.8552,38.684964536153,6.85484534912462e-05,0.176318355749672
"8868110","2011-06-08",15.8438045174173,0.248587570621467,0.27683615819209,0.310271464807854,39.8135515508083,38.145781782525,38.9796666666666,0.216387711904124,45.9211208942147,38.844,38.6483025979993,-0.0537750879704535,0.130299667005647
"8868109","2011-06-09",16.6522416556509,0.162337662337662,0.219837601193532,0.271019313392193,39.7634252680524,38.0849080652809,38.9241666666666,0.173819250052395,43.0940011996331,38.822,38.5911955849327,-0.134672566932359,0.0773052202180458
"8868108","2011-06-10",17.7762542340485,0.0392156862745113,0.15004697307788,0.215573577487833,39.7079458243017,37.9990541756982,38.8535,0.0805273354111603,40.4145020049598,38.8016,38.5163695069417,-0.235997216394834,0.0146447328954698
"8868107","2011-06-13",18.2422228905612,0,0.0671844495373912,0.145689674602933,39.5819567838695,37.9673765494638,38.7746666666666,0.113108934845466,39.5776113400106,38.7684,38.4435202393495,-0.325359840095041,-0.0533561817026323
"8868106","2011-06-14",17.6424088303954,0.261437908496731,0.100217864923747,0.105816429179672,39.4973108796531,37.9670224536802,38.7321666666666,0.363533351106319,47.3979817498385,38.7428,38.4337175407695,-0.308732275875268,-0.104431400537159
"8868105","2011-06-15",17.4425149224708,0.163398692810457,0.141612200435729,0.103004838298955,39.4335496552405,37.9437836780928,38.6886666666666,0.281621181901196,45.0435917811752,38.6824,38.4052218686669,-0.323358357681292,-0.148216791965986
"8868104","2011-06-16",17.5120862581964,0.0915032679738565,0.172113289760348,0.137981118373274,39.3805096933875,37.9161569732791,38.6483333333333,0.278058936527313,43.3432880310875,38.6344,38.3658589528447,-0.354050782521809,-0.18938359007715
"8868103","2011-06-17",16.676421754466,0.372549019607843,0.209150326797386,0.17429193899782,39.2529722505263,37.9716944161403,38.6123333333333,0.573624416813978,51.1121111862846,38.606,38.3890777591321,-0.284665105447535,-0.208439893151227
"8868102","2011-06-20",15.8118778052938,0.366013071895426,0.276688453159042,0.219317356572257,39.1690419278107,38.0056247388559,38.5873333333333,0.605436525978167,50.9371849161297,38.5672,38.4078673912478,-0.229145906260741,-0.21258109577313
"8868101","2011-06-21",14.7954267490751,0.684615384615383,0.474392492039551,0.320077090665325,39.2044774147685,37.9991892518981,38.6018333333333,0.791631504256137,56.2574572593278,38.5512,38.4681517390814,-0.114560932089314,-0.192977063036367
"8868100","2011-06-22",14.7898353751826,0.46153846153846,0.504055639349756,0.418378861516115,39.2086977456626,38.0253022543374,38.617,0.530702612608958,50.0574917511749,38.5264,38.4737315072039,-0.0961207737273928,-0.173605805174572
"8868099","2011-06-23",15.8395380274969,0.0256410256410266,0.39059829059829,0.456348807329198,39.2151373355707,38.010529331096,38.6128333333333,0.151753932863055,42.6769337385083,38.4884,38.4105673062434,-0.18641487894524,-0.176167619928706
"8868098","2011-06-24",15.5575687745312,0.555555555555554,0.347578347578347,0.41407742584213,39.2278898298143,38.0207768368523,38.6243333333333,0.604105139617718,51.9517244070689,38.4624,38.4384916654109,-0.126355385804577,-0.16620517310388
"8868097","2011-06-27",14.8103766137578,0.739837398373984,0.440344659856855,0.392840432677829,39.2412546195355,38.0160787137979,38.6286666666667,0.792202938633925,55.2235539204666,38.4552,38.4973594433561,-0.0239843216438662,-0.137761002811877
"8868096","2011-06-28",13.98323951633,0.756756756756758,0.684049903562098,0.490657636999099,39.2444163448945,38.0142503217722,38.6293333333333,0.97202300807569,57.7273718186186,38.48,38.576378184242,0.0998077954602605,-0.0902472431574497
"8868095","2011-06-29",13.2151836401471,0.810810810810811,0.769134988647184,0.631176517355378,39.2623900857406,38.0039432475927,38.6331666666667,0.984856926943909,58.675391263013,38.52,38.6555277596764,0.211939542862272,-0.0298098859535054
"8868094","2011-06-30",13.0408013931478,0.654545454545454,0.740704340704341,0.731296410971206,39.3284298436152,37.9755701563848,38.652,0.93463487422242,56.62406390014,38.5632,38.7081240583862,0.272432670198341,0.0306386252768639
"8868093","2011-07-01",13.9443902433511,0.705069124423963,0.723475129926743,0.744438153092755,39.5278470233362,37.8741529766638,38.701,1.13030603238289,62.3014485197239,38.6108,38.817707517268,0.415268232147614,0.107564546651014
"8868092","2011-07-05",14.7834370328256,0.783410138248849,0.714341572406089,0.726173681012389,39.7173595110629,37.7956404889371,38.7565,1.05514532616388,64.0939497332774,38.646,38.9353465149656,0.556786958215372,0.197409028963886
"8868091","2011-07-06",15.6724970559624,0.83410138248848,0.774193548387097,0.737336750239975,39.90426735212,37.74673264788,38.8255,1.00574698266605,65.2454778944324,38.6748,39.0519669796369,0.683218556736898,0.294570934518488
"8868090","2011-07-07",17.0813664874299,0.842105263157894,0.819872261298408,0.769469127363863,40.1344978097034,37.6868355236299,38.9106666666667,1.03084665344813,67.9615090259621,38.718,39.1890380490186,0.828847698852941,0.401426287385379
"8868089","2011-07-08",17.6881657155175,0.753036437246964,0.809747694297779,0.801271167994427,40.2825842354421,37.7037490978913,38.9931666666667,0.900762338371716,63.6001187677621,38.766,39.2784996424828,0.888130445216917,0.498767118951686
"8868088","2011-07-11",17.7980893259639,0.692307692307693,0.762483130904184,0.797367695500122,40.3495950490459,37.8037382842874,39.0766666666667,0.786740405079014,60.7380753150526,38.8096,39.3360330234851,0.893724696257125,0.577758634412774
"8868087","2011-07-12",18.6156774495686,0.732793522267208,0.726045883940622,0.76609223638086,40.4286975468245,37.9099691198422,39.1693333333333,0.831119461338362,61.9668548279853,38.8596,39.3992286203538,0.907980497574878,0.643803007045195
"8868086","2011-07-13",19.621795151308,0.803149606299213,0.742750273624705,0.743759762823169,40.5532734417967,37.9537265582033,39.2535,0.86666646509914,64.7030792538014,38.9248,39.4846648043066,0.955030431355675,0.706048491907291
"8868085","2011-07-14",19.5994546464466,0.572916666666667,0.702953265077696,0.723916474214339,40.5944817806664,38.0681848860002,39.3313333333333,0.733015631658154,58.4071175995724,38.9772,39.5160428303991,0.916178736585516,0.748074540842936
"8868084","2011-07-15",19.1655949894754,0.415662650602409,0.597242974522763,0.680982171075053,40.5842947926525,38.2167052073475,39.4005,0.629315768479036,55.6724567361142,39.0312,39.5232371196792,0.844997237983836,0.767459080271116
"8868083","2011-07-18",17.9273504626267,0.127516778523493,0.372032031930857,0.557409423843771,40.5775216218775,38.2971450447891,39.4373333333333,0.502631144373386,50.1134250289941,39.0796,39.4854721703886,0.713010520186796,0.756569368254252
"8868082","2011-07-19",16.6810371188783,0.100671140939601,0.214616856688501,0.394630621047372,40.5632253410268,38.3821079923065,39.4726666666667,0.474325086161532,49.4686333680592,39.1288,39.4474092143368,0.593389528784916,0.723933400360385
"8868081","2011-07-20",16.3734281683726,0.395973154362418,0.208053691275171,0.264900859964842,40.59111133377,38.4425553328966,39.5168333333333,0.648859668169382,56.151962580982,39.1796,39.4730879857586,0.581858377124012,0.69551839571311
"8868080","2011-07-21",16.9631482667754,0.735099337748345,0.410581211016788,0.277750586326819,40.6761866981559,38.5364799685107,39.6063333333333,0.891175102832343,63.9671180052261,39.2632,39.5846762543241,0.701255587588667,0.696665834088222
"8868079","2011-07-22",17.3462439667062,0.695364238410595,0.60881224350712,0.409149048599692,40.6229496676595,38.8100503323405,39.7165,0.875181706681472,62.8861726136924,39.3488,39.6733860870809,0.774224649180755,0.712177597106728
"8868078","2011-07-25",17.0083062858808,0.52317880794702,0.65121412803532,0.556869194186408,40.598767537584,38.977232462416,39.788,0.74174623540561,58.2894950198521,39.4068,39.7156012754701,0.770053551862682,0.723752788057919
"8868077","2011-07-26",16.6159295422552,0.503311258278145,0.573951434878587,0.611325935473674,40.5765862861579,39.1114137138421,39.844,0.67927353516556,57.7648265760203,39.464,39.7481877720741,0.751891445770991,0.729380519600534
"8868076","2011-07-27",15.5648590965854,0.24503311258278,0.423841059602649,0.549668874172184,40.5453121966953,39.193021136638,39.8691666666667,0.384763467025572,51.3002224450345,39.4924,39.7244294024642,0.650802382570692,0.713664892194565
"8868075","2011-07-28",14.857492352697,0.165562913907285,0.304635761589404,0.434142752023545,40.5137261750025,39.2589404916641,39.8863333333333,0.26118099636794,49.4658591956659,39.53,39.687838815469,0.540085769342258,0.678949067624104
"8868074","2011-07-29",15.0336659523182,0,0.136865342163355,0.288447387785134,40.5152982736685,39.2563683929982,39.8858333333333,-0.0209450847128634,43.7144015733104,39.5716,39.6014603067398,0.364646622702236,0.61608857863973
"8868073","2011-08-01",14.8578344172172,0,0.0551876379690953,0.165562913907283,40.5529295513395,39.1650704486605,39.859,0.0299714992147709,42.4189154818984,39.5844,39.5132655991745,0.202660556081558,0.533402974128096
"8868072","2011-08-02",15.4658893145308,0,2.68303897617746e-16,0.0640176600441489,40.6467340282458,38.9662659717541,39.8065,-0.11480886987141,37.4050525190751,39.57,39.3808301859512,-0.0118432431033488,0.424353730681807
"8868071","2011-08-03",17.2654842471597,0,2.68303897617746e-16,0.0183958793230305,40.8992377149888,38.5064289516778,39.7028333333333,-0.277120189674904,29.2494827153258,39.5104,39.1433861611577,-0.367719347424589,0.265939115060528
"8868070","2011-08-04",19.9758365664258,0,2.68303897617746e-16,-1.12178784779834e-15,41.2406713541602,37.8273286458398,39.534,-0.291208764383209,22.2611496298665,39.3984,38.77360133967,-0.897284620690331,0.033294367910356
"8868069","2011-08-05",22.6052426558082,0,2.68303897617746e-16,-1.12178784779834e-15,41.4632623150472,37.2684043516194,39.3658333333333,-0.144241121764153,21.4966884058555,39.2844,38.4304544943807,-1.34233314997695,-0.241831135667105
"8868068","2011-08-08",25.962191353629,0,2.68303897617746e-16,-1.12178784779834e-15,41.9146840079704,36.3483159920296,39.1315,-0.220667406199513,15.2334012807849,39.0756,37.8810605617966,-2.07828333572885,-0.609121575679453
"8868067","2011-08-09",29.2264360595426,0,2.68303897617746e-16,-1.12178784779834e-15,42.2143936676002,35.5206063323998,38.8675,-0.119106413027776,14.2183864047398,38.8428,37.3475858202237,-2.73544373192433,-1.03438600692843
"8868066","2011-08-10",32.2575204293196,0.146842878120411,0.0489476260401374,0.0163158753467112,42.2415317303494,35.0078016029839,38.6246666666667,0.0473059391200601,26.4860415992793,38.6456,37.0185743775272,-3.01447819864247,-1.43040444527124
"8868065","2011-08-11",33.7171096178169,0.145209580838323,0.0973508196529118,0.0487661485643484,42.2062727856047,34.6067272143953,38.4065,0.124999507321884,26.3642300741974,38.4364,36.7294311271903,-3.21052336443197,-1.78642822910338
"8868064","2011-08-12",34.8848483634996,0.311349693251533,0.201134050736756,0.115810832143267,42.0927064820762,34.3792935179237,38.236,0.248576493655113,37.3313148495831,38.2784,36.6201736435649,-3.09963069087209,-2.04906872145712
"8868063","2011-08-15",35.4766678109848,0.390522875816994,0.282360716635617,0.193615195675094,41.9709861827526,34.2190138172474,38.095,0.310155841987351,40.568732145136,38.1408,36.5734838244229,-2.89944916343777,-2.21914480985325
"8868062","2011-08-16",36.0262144407926,0.454849498327759,0.385574022465429,0.289689596612599,41.8295398358085,34.0984601641915,37.964,0.349007721700381,43.4524831624418,38.0124,36.5770193144999,-2.63757759372524,-2.30283136662765
"8868061","2011-08-17",35.7437786504649,0.537542662116041,0.460971678753598,0.37630213928488,41.6124866966309,34.0538466367024,37.8331666666667,0.418878705454264,47.0573376721017,37.892,36.6374167392332,-2.30839610665318,-2.30394431463276
"8868060","2011-08-18",36.4085473732775,0.339590443686006,0.443994201376602,0.430179967531875,41.2648312450454,33.9755020882879,37.6201666666666,0.302885381845967,39.7040261077859,37.738,36.5350945073355,-2.27716808729795,-2.2985890691658
"8868059","2011-08-19",37.2115459019256,0.316666666666667,0.397933257489571,0.434299712539923,40.8785872315761,33.9114127684239,37.395,0.284465470958332,38.1542009612083,37.5788,36.4090819063574,-2.28891419018757,-2.29665409337015
"8868058","2011-08-22",38.0629844371708,0.348314606741573,0.334857239031415,0.392261565965862,40.4783588966384,33.8716411033616,37.175,0.288851280825165,37.2591903114032,37.4264,36.2785376521764,-2.30831815209955,-2.29898690511603
"8868057","2011-08-23",39.1048085007925,0.298969072164948,0.321316781857729,0.351369092792904,40.0341432037944,33.8541901295389,36.9441666666666,0.26469616367729,35.0979788788225,37.26,36.1133992985529,-2.38457235640739,-2.3161039953743
"8868056","2011-08-24",38.5653499045062,0.663978494623656,0.437087391176726,0.364420470688622,39.6081388197381,33.9731945135952,36.7906666666666,0.473853630962652,46.3541641277868,37.1284,36.1449460587458,-2.12860739278741,-2.27860467485692
"8868055","2011-08-25",37.6354256552026,0.653225806451613,0.538724457746739,0.432376210260397,39.1552705280472,34.1380628052861,36.6466666666666,0.511958843108653,46.0913035967509,36.9684,36.1669532509131,-1.91253020023621,-2.20538977993278
"8868054","2011-08-26",37.3114335531213,0.486559139784945,0.601254480286738,0.5256887764034,38.7081224705133,34.2708775294867,36.4895,0.409215439154885,42.1057016932781,36.786,36.1033594841247,-1.85829812338026,-2.13597144862228
"8868053","2011-08-29",35.466994158285,0.677316293929713,0.605700413388757,0.581893117140743,38.2768227672214,34.5121772327786,36.3945,0.742298154851835,51.4413502049772,36.6652,36.218911552908,-1.51226291181921,-2.01122974126166
"8868052","2011-08-30",33.2226959707153,0.81564245810056,0.659839297271739,0.622264730315743,38.0624822235398,34.6481844431268,36.3553333333333,0.978770971894826,56.1956902400465,36.5776,36.4257233458536,-1.04868551565054,-1.81872089613944
"8868051","2011-08-31",31.0565136932391,0.855491329479769,0.78281669383668,0.682785468165724,38.1397388916031,34.6032611083969,36.3715,1.00761429216139,57.484513377057,36.5148,36.6356268997398,-0.624665000261759,-1.5799097169639
"8868050","2011-09-01",29.8484807821082,0.632947976878612,0.768027254819647,0.736894415309354,38.2543389632424,34.5686610367575,36.4115,0.831508438258645,51.9714970112947,36.426,36.7148766464412,-0.453541284664927,-1.35463603050411
"8868049","2011-09-02",29.4843121032596,0.38150289017341,0.623314065510597,0.72471933805564,38.2487123840059,34.5666209493274,36.4076666666666,0.548613675997877,46.5404651255072,36.3188,36.667559760249,-0.503225052719358,-1.18435383494716
"8868048","2011-09-06",29.7836558763408,0.127167630057803,0.380539499036608,0.590626939788949,38.2127935390118,34.6605397943215,36.4366666666666,0.292619919743131,41.7840892340445,36.1804,36.5092184588825,-0.728457215471878,-1.0931745110521
"8868047","2011-09-07",29.2849898405772,0.300578034682081,0.269749518304431,0.424534360950544,38.1113220179252,34.9200113154081,36.5156666666666,0.433465164276912,45.8477306043505,36.0828,36.4519893310315,-0.766394272385473,-1.02781846331878
"8868046","2011-09-08",28.6490775443671,0.398843930635839,0.275529865125241,0.308606294155425,38.0803487064994,35.0736512935006,36.577,0.499889136388694,48.0602441130738,36.0356,36.447724086894,-0.713146289948907,-0.964884028644803
"8868045","2011-09-09",28.7941828453689,0.115606936416185,0.271676300578035,0.272318561335901,38.0670098551864,35.1046568114802,36.5858333333333,0.212222011548831,42.6510691004481,35.9984,36.3133608753081,-0.878216825065148,-0.947550587928872
"8868044","2011-09-12",29.0051484825614,0.0838150289017338,0.199421965317919,0.24887604367373,38.0886712475988,35.0143287524012,36.5515,0.19375565621895,42.0785927363792,35.9636,36.1822460919337,-1.02272484016664,-0.962585438376426
"8868043","2011-09-13",28.5171149504291,0.205047318611987,0.134823094643302,0.201973786846417,38.0747444370862,34.9875888962471,36.5311666666666,0.398126286207623,46.6366142450383,36.0304,36.1552799463425,-0.981529460199038,-0.966374242740949
"8868042","2011-09-14",27.3632872453529,0.315457413249211,0.201439920254311,0.178561660071842,38.0632452531001,34.9837547468998,36.5235,0.538913363458037,48.9654605939415,36.1284,36.1785759534969,-0.860890378697032,-0.945277469932166
"8868041","2011-09-15",25.5236740843695,0.55205047318612,0.357518401682439,0.231260472193349,38.0872170193979,34.975782980602,36.5315,0.772703836694021,53.6349177632664,36.2164,36.2987658263639,-0.591492337608346,-0.874520443467402
"8868040","2011-09-16",24.5772393722658,0.796791443850268,0.554766443428533,0.371241588455093,38.4295550238196,34.8714449761804,36.6505,1.03759813713533,60.0850205831675,36.3548,36.5669303828488,-0.105356345907015,-0.720687623955324
"8868039","2011-09-19",23.7982905894681,0.790155440414509,0.712999119150299,0.541761321420422,38.7310078929146,34.845658773752,36.7883333333333,0.979150421125583,60.4224647765132,36.4536,36.8086729984689,0.289249887015663,-0.518700121761127
"8868038","2011-09-20",23.7010843668192,0.761290322580645,0.782745735615141,0.683503766064656,39.118427469228,34.8042391974387,36.9613333333333,1.02817969989094,62.7936518492608,36.5576,37.0835165986731,0.69818437780178,-0.275323221848545
"8868037","2011-09-21",22.8889414099786,0.621505376344086,0.724317046446413,0.740020633737283,39.2908777517215,34.9507889149451,37.1208333333333,0.859247638770628,57.8429216873667,36.6224,37.23504771885,0.868877462006123,-0.0464830850776116
"8868036","2011-09-22",21.8504273320646,0.266666666666667,0.549820788530466,0.685627856864006,39.2991916189329,34.9798083810671,37.1395,0.471562298002061,47.5865644796563,36.604,37.14637468967,0.639140466319676,0.090641625201846
"8868035","2011-09-23",20.8860928311445,0.3247311827957,0.404301075268818,0.559479636748565,39.3106329817573,35.0093670182427,37.16,0.489925446670611,49.174699331304,36.6428,37.1055247310473,0.509635572844291,0.174440414730335
"8868034","2011-09-26",19.6921469821869,0.427956989247312,0.33978494623656,0.431302270011947,39.3308972439759,35.1344360893574,37.2326666666666,0.573236310788939,51.9614420066519,36.712,37.1341214335743,0.505427805216652,0.240637892827598
"8868033","2011-09-27",18.3751127586476,0.511827956989248,0.421505376344087,0.38853046594982,39.3846926758341,35.1436406574992,37.2641666666666,0.658569146780724,54.1606360365201,36.8032,37.2109052424311,0.579907186519257,0.30849175156593
"8868032","2011-09-28",17.1562504619753,0.470967741935485,0.470250896057348,0.410513739545997,39.3565525535012,35.1454474464987,37.251,0.612955306167905,52.8902866461877,36.9024,37.2521178767736,0.590755594868186,0.364944520226381
"8868031","2011-09-29",16.0781965812437,0.535483870967743,0.506093189964158,0.46594982078853,39.3357524671802,35.1502475328198,37.243,0.682455086935258,54.6971179104953,36.9612,37.3278354932038,0.656513972502171,0.423258410681539
"8868030","2011-09-30",15.1902974389238,0.4375,0.481317204301076,0.485887096774193,39.3717874166147,35.1492125833853,37.2605,0.671183072386319,54.027650934912,37.018,37.3814574274433,0.681099392370954,0.474826607019422
"8868029","2011-10-03",14.756457098676,0.342465753424658,0.4384832081308,0.475297867465343,39.4432574308905,35.2200759024428,37.3316666666666,0.660621400895046,52.8662644383808,37.0936,37.4079297704509,0.660504043765697,0.511962094368677
"8868028","2011-10-04",13.9720528389323,0.202346041055718,0.327437264826792,0.415745892419555,39.410695047953,35.4536382853803,37.4321666666666,0.570212117238551,50.3782812788286,37.1052,37.3882058010574,0.568614141289059,0.523292503752754
"8868027","2011-10-05",13.3769271720962,0.375366568914957,0.306726121131777,0.357548864696455,39.4547150919133,35.59361824142,37.5241666666666,0.660360304504558,54.6189118002883,37.1084,37.4497783609164,0.615872547205409,0.541808512443285
"8868026","2011-10-06",13.2319487401238,0.495601173020528,0.357771260997067,0.330644882318544,39.5498453739356,35.6948212927311,37.6223333333333,0.73804434092665,57.346801255032,37.1188,37.5578079127942,0.732758310129089,0.579998471980446
"8868025","2011-10-07",13.3540127608915,0.527859237536657,0.466275659824047,0.376924347317629,39.54330560234,35.9973610643266,37.7703333333333,0.760297359449718,58.0749481163237,37.1644,37.6661001910883,0.838722331333841,0.631743243851125
"8868024","2011-10-10",13.9270328084325,0.785714285714286,0.60305823209049,0.4757017176372,39.5557553122578,36.3569113544088,37.9563333333333,0.929425969121172,62.6338531925997,37.274,37.8572868322766,1.06544573283081,0.718483741647061
"8868023","2011-10-11",14.1854827318842,0.729813664596274,0.681129062615739,0.583487651510091,39.5660649651645,36.6379350348354,38.102,0.851077317079471,60.8760598923276,37.4116,37.9989819213064,1.19162530518075,0.8131120543538
"8868022","2011-10-12",14.8294676245248,0.803225806451613,0.772917918920724,0.68570173787565,39.6762435278942,36.8167564721057,38.2465,0.950022436971129,63.3959622039329,37.5416,38.1764509984655,1.36153744673901,0.922797132830843
"8868021","2011-10-13",14.8950136541361,0.645522388059703,0.726187286369196,0.726744755968552,39.7690210734227,36.9073122599106,38.3381666666666,0.805819607688384,59.9477517557686,37.6444,38.2849241986701,1.40704364265054,1.01964643479478
"8868020","2011-10-14",15.3240160031778,0.883211678832117,0.777319957781144,0.758808387690354,39.9619815129737,36.8366851536929,38.3993333333333,0.943904568990266,64.2030766535457,37.814,38.4709343055141,1.56901430473646,1.12952000878312
"8868019","2011-10-17",15.1301436604041,0.744525547445255,0.757753204779025,0.753753482976454,40.0723322092782,36.8103344573885,38.4413333333333,0.821479886385326,60.3973062554612,37.9728,38.5814763981122,1.5980892618439,1.22323385939528
"8868018","2011-10-18",15.4623846291067,0.638436482084691,0.755391236120687,0.763488132893617,40.1307321540359,36.7869345126307,38.4588333333333,0.838288014998221,59.5963705968374,38.1024,38.6666128783639,1.58554165140945,1.29569541779811
"8868017","2011-10-19",15.9726917551526,0.726993865030675,0.703318631520207,0.738821024139972,40.3102524356808,36.7320808976525,38.5211666666666,0.89279838461141,62.3518800584308,38.2344,38.7950644945821,1.64142822763649,1.36484197976579
"8868016","2011-10-20",15.8140015276657,0.607361963190184,0.657597436768516,0.705435768136469,40.3423261549139,36.948673845086,38.6455,0.752775845907698,58.2802495132221,38.3208,38.8543892286378,1.58579725615779,1.40903303504419
"8868015","2011-10-21",16.3928464330375,0.875,0.736451942740286,0.699122670343002,40.521508238349,37.0991584283176,38.8103333333333,0.968391628261197,64.8150591021148,38.3992,39.0431373314861,1.73433682863131,1.47409379376161
"8868014","2011-10-24",16.3358677227133,0.71578947368421,0.732717145624798,0.708922175044532,40.6319282419538,37.2440717580461,38.938,0.841021923101281,61.0177291789856,38.4596,39.1560523539546,1.75208057145371,1.52969114930003
"8868013","2011-10-25",16.0241608740864,0.598360655737704,0.729716709807305,0.732961932724128,40.720286328152,37.3560470051813,39.0381666666666,0.768064559847373,59.3427099641355,38.4936,39.2312453734273,1.71083521681283,1.56591996280259
"8868012","2011-10-26",15.8209136837461,0.592274678111588,0.635474935844501,0.699302930425533,40.7675588967516,37.5344411032484,39.151,0.757439841816437,59.5537181835071,38.5548,39.3004126569704,1.66475242931201,1.58568645610448
"8868011","2011-10-27",17.1376003838704,0.659016393442623,0.616550575763972,0.660580740471924,41.0887958227608,37.5402041772391,39.3145,1.05294236775395,66.8429569177139,38.7292,39.5176909693743,1.84760970755342,1.63807110639427
"8868010","2011-10-28",18.3602380339857,0.718032786885246,0.656441286146485,0.636155599251651,41.3371951817108,37.6208048182891,39.479,0.982816162423081,67.7963752735953,38.9,39.7299988401244,2.0037492402895,1.71120673317331
"8868009","2011-10-31",18.3396111855197,0.463087248322147,0.613378809550005,0.628790223820153,41.3946518958208,37.8196814375124,39.6071666666666,0.770258643514458,60.1401278413987,39.022,39.8153323281078,1.95344529952508,1.75965444644367
"8868008","2011-11-01",17.5417503202062,0,0.393706678402464,0.55450892469965,41.2583676954033,38.1056323045967,39.682,0.349231453194776,47.9304175415845,39.0664,39.6826213510268,1.58106191936089,1.72393594102711
"8868007","2011-11-02",16.4639260289585,0.222222222222223,0.228436490181456,0.411840659377974,41.1731171506024,38.3542161827309,39.7636666666666,0.504611726395569,52.6097219091129,39.1464,39.6609385042232,1.41189581761572,1.66152791634483
"8868006","2011-11-03",16.3879482698405,0.253968253968253,0.158730158730159,0.260291109104692,41.161120628858,38.5425460378087,39.8518333333333,0.672422050356452,53.2559857375894,39.2184,39.6554800369934,1.28342169969469,1.5859066730148
"8868005","2011-11-04",16.3173974935167,0.39047619047619,0.288888888888889,0.2253518459335,41.1553798493803,38.7212868172863,39.9383333333333,0.699252860759713,56.0325336414637,39.3112,39.7080826987277,1.25455341958152,1.51963602232815
"8868004","2011-11-07",15.7850048157348,0.260317460317461,0.301587301587301,0.249735449735448,41.1530705287578,38.7835961379088,39.9683333333333,0.48382200985951,52.8114126781132,39.3936,39.699005005564,1.13516616829217,1.44274205152095
"8868003","2011-11-08",15.7160778225557,0.393650793650794,0.348148148148148,0.312874779541444,41.1613086166937,38.8990247166395,40.0301666666666,0.648743488822059,55.625577956743,39.5056,39.7471376714888,1.11302960370074,1.37679956195691
"8868002","2011-11-09",15.2105058421334,0.273015873015873,0.308994708994709,0.319576719576718,41.1599015586005,38.9420984413995,40.051,0.454459438163548,52.5708229225559,39.5788,39.7381859819569,1.006639491796,1.30276754792473
"8868001","2011-11-10",14.9060423268009,0.377777777777777,0.348148148148148,0.335097001763667,41.1434098638553,39.059923469478,40.1016666666666,0.559995592165786,54.8877449392349,39.6488,39.7744278510293,0.978032729396827,1.23782058421915
"8868000","2011-11-11",15.4012766833164,0.66031746031746,0.437037037037037,0.364726631393297,41.2864123426125,39.0492543240541,40.1678333333333,0.921144442569967,60.4930593415561,39.75,39.9245041375588,1.12237136750872,1.21473074087706
"8867999","2011-11-14",15.2830315463024,0.511111111111111,0.516402116402116,0.433862433862432,41.3234804121176,39.1325195878824,40.228,0.712387792691728,56.5005095640546,39.8032,39.9919035858843,1.12806169951518,1.19739693260469
"8867998","2011-11-15",15.0037156073725,0.466666666666667,0.546031746031746,0.499823633156965,41.3408205408587,39.2128461258079,40.2768333333333,0.63620151223784,55.3290881347044,39.858,40.031649774433,1.09153067428567,1.17622368094088
"8867997","2011-11-16",14.7443508069376,0.56140350877193,0.513060428849902,0.525164763761253,41.3731300171618,39.2502033161715,40.3116666666666,0.646809904704342,56.2364353056116,39.9016,40.0834298045086,1.0762167261317,1.15622228997905
"8867996","2011-11-17",13.9176038795735,0.4,0.476023391812865,0.51170518889817,41.3438596421711,39.3514736911622,40.3476666666666,0.437595758858698,52.1963721578047,39.9404,40.0669724972408,0.960322725060569,1.11704237699535
"8867995","2011-11-18",13.149910304164,0.424561403508772,0.461988304093567,0.48369070825211,41.333873907989,39.3354594253442,40.3346666666666,0.409261399520423,52.7526258896145,39.9544,40.062042830942,0.872536622834597,1.0681412261632
"8867994","2011-11-21",12.9580252740846,0,0.27485380116959,0.404288499025339,41.3705471128457,39.2337862204876,40.3021666666666,0.0980676469675083,46.0000309286791,39.9508,39.9484371201498,0.630316657567653,0.98057631244409
"8867993","2011-11-22",13.0863015073281,0,0.141520467836257,0.29278752436647,41.4345751991041,39.0910914675625,40.2628333333333,0.0265595467692301,43.8616718817592,39.9388,39.8113121707965,0.37496785507618,0.859454620970508
"8867992","2011-11-23",13.8540298138493,0,-2.22044604925031e-16,0.138791423001948,41.5985452643369,38.7731214023297,40.1858333333333,-0.116721626595898,39.314543368378,39.8836,39.6031372146903,0.0352084883385562,0.694605394444118
"8867991","2011-11-25",14.5669203841905,0.00609756097561071,0.00203252032520335,0.0478509960538186,41.5557072714802,38.5326260618531,40.0441666666666,-0.0295369929975576,39.5161160135545,39.8448,39.4253855860649,-0.228671262796964,0.509950062995902
"8867990","2011-11-28",14.3083122694831,0.219512195121951,0.0752032520325203,0.025745257452573,41.3880623383865,38.4849376616134,39.9365,0.218751314219289,46.2460400463241,39.7928,39.3646675079229,-0.291606663340205,0.34963871772868
"8867989","2011-11-29",13.5787445827814,0.289634146341464,0.171747967479675,0.082994579945798,41.3165413813116,38.4387919520217,39.8776666666666,0.332855496345738,48.2822591842831,39.7652,39.3427118401999,-0.291002139838548,0.221510546215235
"8867988","2011-11-30",13.6626791819187,0.60060975609756,0.369918699186992,0.205623306233061,41.3692886209824,38.5140447123509,39.9416666666666,0.690876862867108,56.2053113261674,39.7852,39.4596835948399,-0.0804884479367773,0.161110747384832
"8867987","2011-12-01",14.1037188580384,0.804878048780488,0.565040650406504,0.368902439024389,41.5125342992333,38.4997990341,40.0061666666667,0.852005704674188,60.4873309202924,39.8308,39.6503924488612,0.219860014181616,0.172860600744189
"8867986","2011-12-02",14.0701930674264,0.725552050473185,0.710346618450411,0.548435322681301,41.5751387926344,38.4888612073655,40.032,0.755323760818277,57.4192049998442,39.8156,39.7703401223464,0.38325128561989,0.214938737719329
"8867985","2011-12-05",14.0390619761439,0.741324921135647,0.757251673463106,0.677546314106672,41.6264742691671,38.4785257308329,40.0525,0.748045139183422,57.7585359640461,39.7952,39.8809614393669,0.516349362503332,0.27522086267613
"8867984","2011-12-06",14.0101545342388,0.763406940063092,0.743427970557308,0.73700875415694,41.7083429951401,38.4883236715266,40.0983333333333,0.732400261652331,58.2600400464027,39.8072,39.9861665807846,0.628220075976338,0.345820705336171
"8867983","2011-12-07",13.6432196346331,0.690851735015772,0.73186119873817,0.744180280919526,41.7417709793782,38.4875623539551,40.1146666666667,0.677821010658603,55.9112240790448,39.872,40.0466777033467,0.662500866404958,0.409156737549929
"8867982","2011-12-08",12.8661075839002,0.498422712933753,0.650893796004205,0.708727655099893,41.7520836216913,38.5009163783087,40.1265,0.518506173986936,50.1378392372721,39.8844,40.0177873429004,0.560245731695797,0.439374536379102
"8867981","2011-12-09",12.1445035367911,0.570977917981073,0.586750788643533,0.656501927795301,41.7596450609529,38.5043549390471,40.132,0.562872020312231,52.1443762391044,39.902,40.0234156971804,0.519587320826131,0.455417093268508
"8867980","2011-12-12",11.6397788538152,0.533123028391166,0.534174553101997,0.59060637924991,41.6510821598427,38.520584506824,40.0858333333333,0.532210001255267,50.9914240132558,39.8976,40.012293604223,0.457897082173564,0.455913091049519
"8867979","2011-12-13",11.8842999405482,0.669491525423728,0.591197490598656,0.570707610781394,41.6972877578618,38.5060455754716,40.1016666666667,0.784633155811761,56.8180652983846,39.9368,40.0933211236599,0.539753227897011,0.472681118419018
"8867978","2011-12-14",11.8024479395459,0.607954545454544,0.603523033089813,0.576298358930154,41.6976493558678,38.5060173107988,40.1018333333333,0.646685664279496,54.656908262488,39.9508,40.1355449738386,0.555757125975442,0.489296319930303
"8867977","2011-12-15",12.1933968017268,0.613475177304966,0.630307082727746,0.60834253547207,41.7339635766584,38.4973697566749,40.1156666666667,0.742332951540187,57.084509502764,39.9916,40.2108056439935,0.619399080011207,0.515316871946484
"8867976","2011-12-16",12.9091382532943,0.61003861003861,0.61048944426604,0.614773186694532,41.827733997312,38.4875993360213,40.1576666666667,0.771146752603293,57.7564080967086,40.0224,40.2866982247943,0.677787288316578,0.547810955220502
"8867975","2011-12-19",13.1069706604161,0.336734693877553,0.52008282707371,0.586959784689164,41.883764382248,38.4965689510854,40.1901666666667,0.681024885964793,54.4296740745583,40.006,40.3138051281551,0.658238399933109,0.569896444163024
"8867974","2011-12-20",13.6715849117749,0.530612244897959,0.492461849604707,0.541011373648151,41.9849853265718,38.5680146734282,40.2765,0.76148893001993,57.8552359181467,40.0236,40.3879644444011,0.710428551477582,0.598002865625936
"8867973","2011-12-21",14.4443679697912,0.72811059907834,0.531819179284617,0.514787951987676,42.1197193879358,38.6786139453975,40.3991666666667,0.850904678791042,62.2033221941987,40.0684,40.5242358518143,0.849275473195044,0.648257387139757
"8867972","2011-12-22",15.4860431076675,0.806451612903225,0.688391485626508,0.570890838171942,42.1813696381811,38.9716303618189,40.5765,0.940378447685637,65.2097596207188,40.1248,40.698337738239,1.02991628474118,0.724589166660042
"8867971","2011-12-23",16.5160207747137,0.80708661417323,0.780549608718265,0.666920091209795,42.1587291380354,39.3542708619646,40.7565,0.958852728997009,65.5609599988513,40.2016,40.8558927064738,1.16827038326432,0.813325409980899
"8867970","2011-12-27",17.7752933719875,0.727915194346291,0.780484473807582,0.74980852271745,42.2214259896262,39.5942406770404,40.9078333333333,0.971543947584734,65.6356771002838,40.276,40.993773678944,1.26429102641172,0.903518533267064
"8867969","2011-12-28",18.9446179265988,0.752650176678447,0.762550661732656,0.774528248086166,42.270126104921,39.8205405617457,41.0453333333333,0.949599866557728,66.1886629860712,40.386,41.1226038550848,1.33786702189349,0.990388230992349
"8867968","2011-12-29",20.0755008144742,0.786764705882353,0.755776692302364,0.766270609280866,42.433922578617,39.832077421383,41.133,0.925467286906822,67.1641519974512,40.5124,41.2502566744068,1.40271486932173,1.07285355865823
"8867967","2011-12-30",21.2427926886454,0.871323529411767,0.803579470657522,0.773968941564179,42.6179467958333,39.7840532041667,41.201,0.932502712970916,69.0096668924891,40.6748,41.3915557844859,1.48108268390155,1.15449938370689
"8867966","2012-01-03",20.9839688428694,0.528225806451613,0.728771347248578,0.762709170069486,42.724033929061,39.8069660709389,41.2655,0.789503035607712,59.7348387200121,40.8128,41.4353483465545,1.41145726055736,1.20589095907698
"8867965","2012-01-04",20.2279361355597,0.423387096774195,0.607645477545858,0.713332098483984,42.7531173246041,39.8522160087292,41.3026666666666,0.594453402637517,56.1532411259632,40.9124,41.4386352336805,1.2907397591327,1.22286071908813
"8867964","2012-01-05",18.8819847776605,0.208333333333333,0.386648745519713,0.574355190104715,42.7574874264383,39.8855125735617,41.3215,0.465819106470131,50.2839255339619,40.984,41.3788172025231,1.09100938080136,1.19649045143077
"8867963","2012-01-06",17.6321728024684,0.250000000000001,0.293906810035843,0.429400344367137,42.7551141965535,39.9382191367798,41.3466666666666,0.446749879985936,51.44675942325,41.0188,41.3403082421867,0.941379417678534,1.14546824468033
"8867962","2012-01-09",16.8408289259453,0.1625,0.206944444444445,0.295833333333332,42.7031809447544,40.0748190552456,41.389,0.364681241922472,48.8621359952574,41.0184,41.2789338098952,0.772880622143512,1.07095072017296
"8867961","2012-01-10",16.2267845019572,0.252475247524755,0.221658415841585,0.240836556773956,42.6739273805811,40.2270726194189,41.4505,0.547475914186061,54.6978435620216,41.0516,41.2924093019091,0.728684386764122,1.00249745349119
"8867960","2012-01-11",15.6566003939683,0.368159203980097,0.261044817168284,0.229882559151436,42.6066581815978,40.4460084850688,41.5263333333333,0.581919804160924,57.221347342873,41.0924,41.3360880616546,0.732056590707453,0.948409280934446
"8867959","2012-01-12",15.331674605974,0.452736318407959,0.357790256637603,0.280164496549156,42.6309459770805,40.5063873562528,41.5686666666666,0.635557568135174,58.9650073526748,41.1372,41.396609653434,0.759003896688681,0.910528204085293
"8867958","2012-01-13",14.6090048165377,0.353233830845772,0.391376451077942,0.336737174961275,42.5826740843477,40.6653259156522,41.624,0.527468493999464,56.0694843148271,41.1832,41.4223950329761,0.732794373707835,0.874981438009802
"8867957","2012-01-17",14.6631171615313,0.373134328358209,0.393034825870646,0.380733844528729,42.5739088471614,40.7684244861719,41.6711666666666,0.595357606184044,56.5292583025422,41.2552,41.450075695246,0.711556751706732,0.842296500749188
"8867956","2012-01-18",14.4082581480999,0.303482587064677,0.343283582089552,0.375898286346046,42.5612587959367,40.8440745373966,41.7026666666666,0.494564745578763,54.3838936480629,41.3124,41.4553989358798,0.659829740357964,0.805803148670943
"8867955","2012-01-19",13.9305473606644,0.248756218905473,0.308457711442786,0.34825870646766,42.4987467566453,40.9892532433546,41.744,0.424477979536688,52.6918158309314,41.37,41.4453457444292,0.590613900463244,0.762765299029403
"8867954","2012-01-20",13.3742202866448,0.223880597014923,0.258706467661691,0.303482587064675,42.478729236302,41.0389374303646,41.7588333333333,0.297077143055119,51.9013363936873,41.3984,41.4299663118386,0.520036442251026,0.714219527673728
"8867953","2012-01-23",13.0627314195251,0.199004975124378,0.223880597014924,0.263681592039799,42.4801845154182,41.0234821512484,41.7518333333333,0.304238207007251,51.0761533832563,41.4332,41.4099708035935,0.449190123444754,0.661213646827933
"8867952","2012-01-24",12.5011640898993,0.208633093525179,0.21050622188816,0.23103109552159,42.4630965427828,40.9705701238839,41.7168333333333,0.214019579198998,49.2220300363124,41.452,41.3779746964477,0.367363322182745,0.602443581898896
"8867951","2012-01-25",13.3039280457338,0.223021582733809,0.210219883794455,0.214868900899178,42.4260431973979,40.9572901359354,41.6916666666666,0.396737803892218,49.5804083797409,41.4684,41.352911403588,0.30291768531796,0.542538402582709
"8867950","2012-01-26",14.639985799892,0.536723163841807,0.322792613366932,0.247839573016514,42.4187317875682,40.9602682124317,41.6895,0.783746087587147,59.444385773582,41.522,41.4165232164429,0.372383532282416,0.50850742852265
"8867949","2012-01-27",15.8806108573246,0.723163841807908,0.494302862794508,0.34243845331863,42.4414617952683,40.9495382047316,41.6955,0.882839087932917,63.4184385702326,41.5736,41.5156534542505,0.485829982590213,0.503971939336163
"8867948","2012-01-30",15.6504596489678,0.290540540540541,0.516809182063418,0.444634886074951,42.3765790301142,40.9677543032191,41.6721666666666,0.57180926394559,53.7864811825913,41.5812,41.5268996603505,0.461358482137375,0.495449247896405
"8867947","2012-01-31",15.8474598995067,0.493243243243242,0.50231587519723,0.504475973351717,42.2944020081125,41.0129313252208,41.6536666666666,0.814482418817894,57.5096066358492,41.5840000000001,41.5766463723037,0.494491030694189,0.495257604455962
"8867946","2012-02-01",16.7286573983178,0.589285714285711,0.457689832689831,0.492271629983492,42.3579905841946,40.9773427491387,41.6676666666666,1.02318434505359,60.4811349472954,41.5952,41.6544268559966,0.564496244189527,0.509105332402675
"8867945","2012-02-02",16.9273429846674,0.428571428571428,0.503700128700127,0.487901945529061,42.4155623235281,40.9767710098052,41.6961666666666,0.813110035974816,56.0940034008278,41.5952,41.6858366085304,0.561044430401836,0.519493152002507
"8867944","2012-02-03",17.1118367434206,0.535714285714285,0.517857142857141,0.493082368082365,42.4692400339684,41.0247599660316,41.747,0.841299275042407,58.2673553272788,41.5996,41.7370583940597,0.586290763129416,0.532852674227889
"8867943","2012-02-06",16.4949129033602,0.327380952380951,0.430555555555554,0.484037609037606,42.4575741041883,41.1024258958116,41.78,0.55657437776384,52.794943543084,41.5852000000001,41.7347839415184,0.532436761045108,0.532769491591333
"8867942","2012-02-07",15.7498570265758,0.279761904761904,0.38095238095238,0.44312169312169,42.4018099710434,41.2318566956232,41.8168333333333,0.4599699113484,51.6019819245972,41.5584000000001,41.7221460826493,0.468889734248257,0.519993540122718
"8867941","2012-02-08",14.8593798911024,0.226190476190474,0.277777777777776,0.363095238095235,42.4002036488693,41.2494630177973,41.8248333333333,0.414692621416187,50.2269642608369,41.5516000000001,41.6991932716294,0.396552173699982,0.495305266838171
"8867940","2012-02-09",14.4017880261034,0.380952380952381,0.29563492063492,0.31812169312169,42.4130741551283,41.262259178205,41.8376666666666,0.606301478331832,54.0372976119874,41.5656,41.7139675020788,0.385096197729662,0.473263453016469
"8867939","2012-02-10",13.5111757732113,0.261904761904761,0.289682539682538,0.28769841269841,42.4088440268758,41.2554893064575,41.8321666666666,0.425868426697936,50.8147456467097,41.5904,41.7001051684683,0.333472393455669,0.445305241104309
"8867938","2012-02-13",13.1695639883473,0.234939759036144,0.292598967297762,0.292638809205072,42.4109740653999,41.2660259346,41.8385,0.469285362611087,50.3298946739152,41.61,41.6840911460058,0.283487560441054,0.412941704971658
"8867937","2012-02-14",12.3151587948922,0,0.165614840313635,0.24929878243131,42.4173230237275,41.2183436429391,41.8178333333333,0.176530439515735,45.4988197908779,41.6256,41.6288789932051,0.181713276821305,0.366696019341587
"8867936","2012-02-15",11.439878896897,0.0126582278480988,0.0825326622947477,0.180248823302047,42.4239126151811,41.1880873848188,41.806,0.217327883627284,45.8598885210079,41.622,41.5836951274444,0.103672533169163,0.314091322107103
"8867935","2012-02-16",11.513628409892,0.151898734177212,0.0548523206751036,0.100999941094494,42.4250815163221,41.1982518170112,41.8116666666666,0.444300881066308,49.7996344866972,41.6176,41.5738691104518,0.083541434051182,0.267981344495918
"8867934","2012-02-17",11.5821101005302,0.360759493670887,0.175105485232066,0.104163489400637,42.4299140446099,41.2407526220567,41.8353333333333,0.588017206648002,55.0800084626303,41.6196,41.6093532290582,0.130129232328002,0.240410922062335
"8867933","2012-02-21",10.7901246803586,0.120253164556961,0.21097046413502,0.146976090014062,42.4210029986379,41.2723303346954,41.8466666666666,0.366512594800491,48.7243804776218,41.6144,41.5894394651838,0.0922472223210402,0.210778182114076
"8867932","2012-02-22",11.4082904558714,0,0.160337552742616,0.182137834036566,42.4406787696641,41.2403212303358,41.8405,-0.0613605207248366,39.4385804269581,41.5788,41.476180869826,-0.0768568367785161,0.153251178335558
"8867931","2012-02-23",11.9823015331334,0.124999999999999,0.0817510548523197,0.15101969057665,42.4818086228361,41.1598580438305,41.8208333333333,-0.0099787218775936,43.1648159011437,41.558,41.4086900871825,-0.164500240785193,0.0897008945114078
"8867930","2012-02-24",12.411892292962,0.131578947368419,0.0855263157894723,0.109204974461468,42.4828453609245,41.0624879724088,41.7726666666666,0.0545722000800143,42.7949495099529,41.5404,41.3461980755582,-0.237225826917187,0.0243155502256889
"8867929","2012-02-27",13.2197645758408,0,0.0855263157894723,0.0842678954770866,42.4677255736927,40.9436077596406,41.7056666666666,-0.0111153434581585,39.9673883223994,41.5156,41.2613716654837,-0.336111661868344,-0.0477698921931176
"8867928","2012-02-28",14.0575590694837,0,0.0438596491228061,0.0716374269005821,42.5057502585951,40.8139164080715,41.6598333333333,0.0252685915830126,39.3585728410794,41.4908,41.1811887767526,-0.419691897693608,-0.122154293293216
"8867927","2012-02-29",15.1828481192389,0,-1.01770443923973e-16,0.0431286549707579,42.5182961342162,40.6627038657837,41.5905,0.00393197058450469,36.9349653409409,41.4624,41.0850302731856,-0.519475255078983,-0.201618485650369
"8867926","2012-03-01",16.7312589015845,0,-1.01770443923973e-16,0.0146198830409338,42.4862876549254,40.4917123450745,41.489,-0.0660352830118951,33.3919768459214,41.4204,40.9590262367608,-0.654423286987493,-0.292179445917794
"8867925","2012-03-02",18.5204520738118,0,-1.01770443923973e-16,-1.60751042107184e-15,42.51414964092,40.2545170257466,41.3843333333333,-0.0890338062312855,30.8982937693901,41.3428000000001,40.8164894051927,-0.802171635347448,-0.394177883803725
"8867924","2012-03-05",20.181845733737,0.0258620689655182,0.00862068965517264,0.00287356321838931,42.4710141657692,40.0806525008974,41.2758333333333,-0.00445643897905722,32.2068159372109,41.2544000000001,40.7009574845003,-0.897766649781107,-0.494895636999201
"8867923","2012-03-06",21.9519138161882,0,0.00862068965517264,0.00574712643678022,42.481361430583,39.8753052360836,41.1783333333333,0.0120340576881203,30.5457149953764,41.1820000000001,40.579496486567,-0.994452064420182,-0.594806922483397
"8867922","2012-03-07",22.8528224660504,0,0.00862068965517264,0.00862068965517113,42.4715913803054,39.6970752863612,41.0843333333333,0.0695345448022072,29.2267397097087,41.0924000000001,40.4568969550247,-1.08513537741012,-0.692872613468742
"8867921","2012-03-08",22.4834782387158,0.208000000000001,0.0693333333333336,0.0288582375478915,42.4043101182816,39.628356548385,41.0163333333333,0.265966306601155,40.3264773423969,41.0132000000001,40.4199773610214,-1.0415927706661,-0.762616644908213
"8867920","2012-03-09",20.9803321317846,0.380000000000001,0.196000000000001,0.0913180076628342,42.2802018453029,39.6404648213637,40.9603333333333,0.454414651064849,47.6395025441841,40.962,40.4453137128852,-0.910730274283966,-0.792239370783364
"8867919","2012-03-12",19.9396558592756,0.618644067796609,0.402214689265537,0.222516007532956,42.2119628838836,39.657703782783,40.9348333333333,0.618168643581734,54.7262684818843,40.924,40.5352718845005,-0.697288661305817,-0.773249228887855
"8867918","2012-03-13",19.1399382646199,0.804232804232806,0.600958957343138,0.399724548869557,42.136560641617,39.6831060250496,40.9098333333333,0.660386092876087,55.4895280926982,40.9024,40.6212356332338,-0.510484954170998,-0.720696373944483
"8867917","2012-03-14",17.9853800188669,0.607329842931938,0.676735571653784,0.559969739420818,42.0978929872845,39.6857736793821,40.8918333333333,0.573863123636959,50.0386382374633,40.8696,40.6477375488026,-0.429078983283959,-0.662372895812378
"8867916","2012-03-15",17.6873502653209,0.403141361256545,0.604901336140429,0.627531955045782,42.0323640754479,39.6649692578853,40.8486666666666,0.39214585947426,44.8936107284569,40.8248,40.6187058756289,-0.436959458404662,-0.617290208330835
"8867915","2012-03-16",17.3607696007531,0.50261780104712,0.504363001745201,0.595333303179803,41.9085513693603,39.6871152973064,40.7978333333333,0.467963666584003,47.7141987916543,40.7772,40.6188784255451,-0.400871327645436,-0.574006432193755
"8867914","2012-03-19",16.9522195911139,0.49738219895288,0.467713787085515,0.52565937499038,41.7168146696656,39.7581853303344,40.7375,0.497872661976943,47.5761736184928,40.7372,40.6176946354724,-0.369992397353147,-0.533203625225634
"8867913","2012-03-20",16.638593571957,0.481675392670157,0.493891797556719,0.488656195462476,41.5626252369339,39.8113747630661,40.687,0.497906258001723,47.1356531097023,40.6972,40.6126686840761,-0.347476236921263,-0.49605814756476
"8867912","2012-03-21",16.5287734162237,0.439790575916231,0.472949389179756,0.478184991273995,41.5072428200161,39.8117571799838,40.6595,0.474736835086091,45.9147470931223,40.6664,40.5976461928659,-0.341597388420944,-0.465165995735997
"8867911","2012-03-22",17.063436448429,0.282722513089008,0.401396160558465,0.456079115764978,41.4470020627867,39.7906646038799,40.6188333333333,0.327631743480337,41.5667003280607,40.6228,40.5446267004838,-0.392117582189233,-0.450556313026644
"8867910","2012-03-23",17.6405120273337,0.261780104712041,0.328097731239093,0.400814426992436,41.3811745146252,39.7671588187081,40.5741666666666,0.297089953444415,41.0090713116302,40.5688,40.4933431404193,-0.435234070495993,-0.447491864520514
"8867909","2012-03-26",16.6378045536407,0.460732984293194,0.335078534031414,0.354857475276322,41.3537975731658,39.7692024268342,40.5615,0.570575335026271,48.1283812991764,40.5168,40.4995640550301,-0.389258200422982,-0.435845131701007
"8867908","2012-03-27",15.9709521051587,0.482269503546103,0.401594197517112,0.354923487595872,41.3714122031401,39.7642544635265,40.5678333333333,0.758530939284105,52.9554585711276,40.492,40.5449555143594,-0.28973983109819,-0.406624071580444
"8867907","2012-03-28",14.9524595585668,0.368794326241136,0.437265604693477,0.391312778747333,41.3857298027926,39.7652701972074,40.5755,0.652940148880696,50.2686596391173,40.4896,40.5629614457781,-0.239963909532936,-0.373292039170943
"8867906","2012-03-29",14.2159143180833,0.234042553191493,0.361702127659577,0.400187309956721,41.3989636054645,39.7870363945355,40.593,0.572583922652807,47.2057271315406,40.4704,40.5532332530077,-0.235593818907676,-0.345752395118289
"8867905","2012-03-30",13.4090779172194,0.631205673758864,0.411347517730497,0.403438416694515,41.4498523213274,39.8464810120059,40.6481666666666,0.817144255384726,55.7615062282036,40.4748,40.6194688192734,-0.119426527360345,-0.3004872215667
"8867904","2012-04-02",12.7056362052153,0.496453900709221,0.453900709219859,0.408983451536643,41.4766522863979,39.9216810469354,40.6991666666666,0.751344412947761,52.644240180751,40.4808,40.6515396433702,-0.0644305222614827,-0.253275881705657
"8867903","2012-04-03",12.052440329783,0.553956834532376,0.560538803000153,0.475262343316835,41.4646338089836,40.0536995243497,40.7591666666666,0.746290705233076,53.6718157597323,40.4916,40.6886676909209,-0.00691263952733445,-0.204003233269992
"8867902","2012-04-04",11.676237009327,0.48920863309353,0.513206456111708,0.509215322777238,41.3985092697228,40.2268240636105,40.8126666666667,0.625744809753311,52.1062898174132,40.5068,40.7088453321314,0.0205648891340227,-0.159089608789189
"8867901","2012-04-05",11.5334148014904,0.431654676258994,0.491606714628299,0.521783991246719,41.3852753460572,40.2873913206094,40.8363333333333,0.50333975773551,50.6908997567225,40.5316,40.7156659545139,0.0261808758412085,-0.12203551186311
"8867900","2012-04-09",12.6410457534136,0.0215827338129504,0.314148681055157,0.439653950598387,41.4039735002039,40.2163598331294,40.8101666666667,0.0844608278922574,41.9478116957516,40.5436,40.6455771605787,-0.0814638594894279,-0.113921181388373
"8867899","2012-04-10",14.854207630364,0,0.151079136690647,0.3189448441247,41.4691186498566,39.9968813501434,40.733,-0.206181447018913,33.1877445045774,40.5208,40.4768335391682,-0.324500806032746,-0.156037106317248
"8867898","2012-04-11",17.0839192825328,0,0.0071942446043161,0.157474020783372,41.5292448223318,39.7467551776681,40.638,-0.192664145546611,31.8608206285506,40.4984,40.3105890672791,-0.541888022356518,-0.233207289525102
"8867897","2012-04-12",19.2250100696209,0,-7.21644966006352e-16,0.0527577937649862,41.5861152543704,39.5152180789629,40.5506666666667,-0.0926577851900175,31.3213675678692,40.4788,40.1585105249752,-0.718951004355362,-0.330356032491154
"8867896","2012-04-13",21.2131658004885,0.0420168067226898,0.0140056022408959,0.00706661561506905,41.6456696934716,39.3329969731951,40.4893333333333,0.0145587800540879,33.3469510972436,40.4424,40.0400424549785,-0.830406662577532,-0.430366158508429
"8867895","2012-04-16",21.7263770391688,0.0966386554621837,0.0462184873949571,0.0200746965452827,41.6468674622343,39.2181325377657,40.4325,0.15311158846026,35.9899952220677,40.394,39.9547034609814,-0.882845341273908,-0.520861995061525
"8867894","2012-04-17",20.9380085939921,0.30672268907563,0.1484593837535,0.0695611577964497,41.6152146586783,39.1847853413217,40.4,0.369707518583151,45.0202229615645,40.3452,39.9474096661839,-0.814161075204289,-0.579521811090078
"8867893","2012-04-18",20.5068960845447,0.239495798319328,0.214285714285713,0.136321195144722,41.5876073031049,39.1333926968951,40.3605,0.309647181837886,42.9329638019101,40.2876,39.919755044026,-0.78306312629659,-0.620230074131381
"8867892","2012-04-19",21.0242236963979,0.00420168067226808,0.183473389355741,0.18207282913165,41.5889987935189,39.0103345398144,40.2996666666667,0.151111359156509,36.5464148976303,40.222,39.8211210381559,-0.86199492205602,-0.668583043716308
"8867891","2012-04-20",21.4781840703439,0.138655462184873,0.127450980392156,0.175070028011202,41.5868270345025,38.9408396321641,40.2638333333333,0.255415817137024,41.8679580116751,40.1848,39.7783048997351,-0.850175328610658,-0.704901500695178
"8867890","2012-04-23",22.5992346059277,0,0.0476190476190465,0.119514472455646,41.6173830049246,38.8016169950754,40.2095,0.127277267951614,36.6902578842915,40.12,39.6745309131038,-0.931867887714311,-0.750294778099005
"8867889","2012-04-24",22.8069636030851,0.10909090909091,0.0825821237585937,0.0858840505899306,41.5775967107831,38.7167366225502,40.1471666666666,0.248152661165266,40.4942529649948,40.0652,39.6165934580233,-0.937343427465998,-0.787704507972403
"8867888","2012-04-25",21.9569263634985,0.385000000000002,0.16469696969697,0.0982993803582019,41.474672141696,38.7146611916372,40.0946666666666,0.441546125630453,47.9342212156744,40.0328,39.6370476636202,-0.824289033559289,-0.795021413089781
"8867887","2012-04-26",20.6815558743443,0.668789808917196,0.387626906002702,0.211635333152754,41.4038572906754,38.7231427093246,40.0635,0.550919258972819,51.3919224184363,40.0148,39.6921079751375,-0.669977350228812,-0.770012600517587
"8867886","2012-04-27",20.2534578499458,0.686956521739131,0.580248776885442,0.37752421752837,41.4207775951193,38.7172224048806,40.069,0.77778238177328,57.1876349200634,40.03,39.8104935784525,-0.435175673952704,-0.70304521520461
"8867885","2012-04-30",19.6616143485298,0.643478260869565,0.666408197175296,0.544761293354478,41.3233493109624,38.7589840223709,40.0411666666667,0.717922671087267,55.8348992584144,40.0428,39.8997611013255,-0.26659969684516,-0.61575611153272
"8867884","2012-05-01",19.4031200044542,0.647826086956523,0.659420289855072,0.635359087971935,41.2454439142043,38.794889419129,40.0201666666666,0.765178078936543,55.9471191387485,40.0408,39.9784596211488,-0.129697813779728,-0.518544451982122
"8867883","2012-05-02",18.2531618504665,0.443478260869567,0.578260869565218,0.634696452198527,41.0962422541477,38.850424412519,39.9733333333333,0.587570177340858,49.5717235679372,40.008,39.9839983383289,-0.114777713578218,-0.437791104301341
"8867882","2012-05-03",17.8844957337492,0.117391304347828,0.402898550724639,0.546859903381641,40.9429988646678,38.8633344686654,39.9031666666666,0.333386578783564,41.4538486683309,39.9516,39.8887985598851,-0.251545937287712,-0.400542070898615
"8867881","2012-05-04",18.1771593229979,0,0.186956521739131,0.389371980676328,40.8270738084042,38.7965928582624,39.8118333333333,0.106743417147454,37.0927960107932,39.8828,39.7396254185671,-0.456483238538596,-0.411730304426611
"8867880","2012-05-07",18.9002558788613,0,0.0391304347826085,0.209661835748791,40.8491000375108,38.5978999624891,39.7235,-0.021277523495396,34.0102408891329,39.7756,39.5570086960915,-0.693344051433398,-0.468053053827969
"8867879","2012-05-08",18.9046786071176,0.12627986348123,0.0420932878270761,0.089393414782937,40.8640552088076,38.5052781245257,39.6846666666666,0.174407554186592,39.0554864738497,39.6908,39.4480742032793,-0.79735792350234,-0.533914027762843
"8867878","2012-05-09",18.9087854262127,0.167235494880547,0.0978384527872583,0.0596873917989795,40.8772361301008,38.4494305365658,39.6633333333333,0.21716571191073,40.6405968144219,39.608,39.3696643095087,-0.845932273381911,-0.596317676886656
"8867877","2012-05-10",18.0691027514835,0.259385665529012,0.184300341296929,0.108077360637086,40.8773039999202,38.4483626667464,39.6628333333333,0.356110151683537,44.1597596667725,39.5396,39.3377090682409,-0.819816626874692,-0.641017466884264
"8867876","2012-05-11",17.4079159774988,0.232081911262799,0.219567690557452,0.167235494880545,40.8793938564835,38.4289394768497,39.6541666666666,0.311939639781354,43.3398830873927,39.4712,39.2993478591421,-0.806327615479274,-0.674079496603266
"8867875","2012-05-14",17.3130918176012,0.109215017064847,0.200227531285552,0.201365187713309,40.8916151748457,38.3427181584875,39.6171666666666,0.199020140184906,39.7622943665399,39.4112,39.2181014779231,-0.859896056280052,-0.711242808538623
"8867874","2012-05-15",17.5494816417887,0.0273037542662135,0.122866894197952,0.18088737201365,40.8702743107864,38.2173923558802,39.5438333333333,0.150505871566599,37.5376374848874,39.374,39.1156879475334,-0.941353170838366,-0.757264880998572
"8867873","2012-05-16",17.7273379664689,0.06825938566553,0.0682593856655293,0.13045127038301,40.8489368166451,38.1197298500215,39.4843333333333,0.213836286675552,39.364366831702,39.3476,39.0429295545289,-0.97038673690214,-0.799889252179285
"8867872","2012-05-17",18.2675225304151,0,0.0318543799772471,0.0743268866135747,40.8723526488765,38.00331401779,39.4378333333333,0.162662843627595,36.7594603975997,39.3128,38.9438722805917,-1.03768433087749,-0.847448267918926
"8867871","2012-05-18",18.9053187277982,0,0.0227531285551759,0.040955631399316,40.8841743878029,37.8621589455304,39.3731666666666,0.152604907755255,35.8141712260715,39.27,38.8446893098462,-1.09961556845118,-0.897881728025377
"8867870","2012-05-21",19.0692586559355,0,-7.30896824544895e-16,0.0182025028441393,40.9054854322799,37.7611812343867,39.3333333333333,0.191505675357399,35.5190753468929,39.2208,38.7547307352,-1.14227503627686,-0.946760389675675
"8867869","2012-05-22",17.8977568913058,0.285714285714283,0.0952380952380936,0.0393304079310881,40.8897014991063,37.7292985008937,39.3095,0.386248684043365,44.68185609562,39.174,38.75143330384,-1.04759881617584,-0.966928074975708
"8867868","2012-05-23",17.0848210583998,0.264900662251655,0.183538315988645,0.0929254704089113,40.8209361357721,37.6823971975611,39.2516666666666,0.348655693189927,42.8100600967194,39.1272,38.7272421966614,-0.994452454501515,-0.97243295088087
"8867867","2012-05-24",16.3299520707013,0.324503311258275,0.29170608640807,0.190160832544935,40.6995434601274,37.6647898732058,39.1821666666666,0.377365111859328,44.2254325221173,39.1064,38.7182765704398,-0.922974202334925,-0.962541201171681
"8867866","2012-05-25",15.2165342060656,0.56953642384106,0.386313465783663,0.287185956060125,40.4156042547384,37.7790624119282,39.0973333333333,0.50986140237863,49.7332071965162,39.0876,38.7598396943812,-0.780233942022801,-0.926079749341905
"8867865","2012-05-29",14.2207275298797,0.549668874172185,0.481236203090506,0.386418585094078,40.1482562708235,37.8990770625097,39.0236666666666,0.545794483436143,49.3080379055403,39.0876,38.7918610684637,-0.66567960993652,-0.873999721460828
"8867864","2012-05-30",13.6075264040759,0.503311258278145,0.540838852097129,0.469462840323765,39.7840222926968,38.1093110406364,38.9466666666666,0.609471607781833,48.2710735032983,39.0752,38.8102795926685,-0.582725780823179,-0.815744933333298
"8867863","2012-05-31",12.9905712048674,0.54411764705882,0.532365926503049,0.518146993896893,39.5229163079944,38.2644170253389,38.8936666666666,0.671897859867584,47.9607258165767,39.0408,38.8235756469794,-0.515193299279459,-0.755634606522531
"8867862","2012-06-01",12.2437042298459,0.492647058823531,0.513358654720165,0.528854477773446,39.4210941426516,38.3115725240149,38.8663333333333,0.629485234224852,46.8259734488176,38.9924,38.8257655607155,-0.470784952938597,-0.698664675805744
"8867861","2012-06-04",11.5501848958973,0.558823529411763,0.531862745098037,0.525862442107082,39.4217882749652,38.3115450583681,38.8666666666666,0.638107876761752,48.5126997749502,38.9264,38.8396634859534,-0.412139160103919,-0.641359572665379
"8867860","2012-06-05",11.9523549740044,0.51006711409396,0.520512567443084,0.521911322420427,39.4483130231393,38.3473536435273,38.8978333333333,0.750236298542765,48.5126997749502,38.8644,38.851708354493,-0.361490506466788,-0.585385759425661
"8867859","2012-06-06",13.6875628689815,0.632478632478632,0.567123091994785,0.539832801511967,39.6618465792754,38.2358200873912,38.9488333333333,1.19271737864291,60.2202593493075,38.8308,38.9581472405606,-0.170118141007469,-0.502332235742023
"8867858","2012-06-07",15.6426339484129,0.81297709923664,0.651840948603077,0.579825536013647,39.995212561788,38.0511207715453,39.0231666666666,1.24079149652031,67.422254523343,38.842,39.1370609418192,0.113955689723966,-0.379074650648825
"8867857","2012-06-08",16.9575913544638,0.744274809160304,0.729910180291859,0.649624740296572,40.1862109007774,37.9581224325558,39.0721666666666,1.04807817736312,63.9684289928509,38.876,39.2681194829099,0.297650168801633,-0.243729686758733
"8867856","2012-06-11",18.5164848541306,0.626609442060087,0.727953783485677,0.703234970793536,40.3682104948781,37.8887895051218,39.1285,0.980555744636622,62.2513103249652,38.9264,39.3697035518553,0.419377013883082,-0.11110834663037
"8867855","2012-06-12",19.5954175141669,0.570815450643776,0.647233233954722,0.701699065910751,40.484024875383,37.8933084579503,39.1886666666666,0.833755813970386,59.7561262654226,38.9876,39.4404097449412,0.483340766154217,0.0077814759265471
"8867854","2012-06-13",21.0347784191576,0.625000000000002,0.607474964234621,0.660887327225005,40.6200502544599,37.9226164122066,39.2713333333333,0.87022841896003,61.7863057204119,39.0404,39.5230217789491,0.560017875133134,0.118228755767865
"8867853","2012-06-14",22.7387811793322,0.759259259259257,0.651691569967678,0.635466589385673,40.8174438169807,37.9202228496858,39.3688333333333,0.94335589673692,66.5557723337302,39.1052,39.6506188750892,0.697889466392709,0.234160897892833
"8867852","2012-06-15",24.5100215938775,0.858369098712447,0.747542785990568,0.668903106730955,41.0340684441021,37.9515982225644,39.4928333333333,0.972726924167919,70.0108145039538,39.1736,39.8092030250773,0.869398905427987,0.361208499399864
"8867851","2012-06-18",26.2866737371544,0.812244897959183,0.809957751976962,0.736397369311735,41.1991806143449,38.0524860523217,39.6258333333333,0.931405073877653,69.7951198301267,39.2448,39.9453092884003,0.990901113031617,0.487147022126215
"8867850","2012-06-19",28.3420746597633,0.796491228070176,0.822368408247268,0.793289648738265,41.3954872294759,38.1501794371907,39.7728333333333,0.971603958070914,72.362638362233,39.3416,40.1006013832803,1.12967841523084,0.61565330074714
"8867849","2012-06-20",29.5019663053254,0.712280701754385,0.773672275927914,0.80199947871738,41.5463572699518,38.2099760633815,39.8781666666666,0.853227022643347,67.097826954267,39.4384,40.2031878655096,1.17704765130504,0.72793217085872
"8867848","2012-06-21",29.5878766916794,0.576086956521741,0.694952962115434,0.763664548763537,41.6042780498393,38.3483886168272,39.9763333333333,0.734549324348595,60.2171650631193,39.5164,40.2454294834416,1.13106248655077,0.80855823399713
"8867847","2012-06-22",29.6676506218653,0.576086956521741,0.621484871599289,0.696703369880878,41.6243096802883,38.5086903197116,40.0664999999999,0.675513523973025,60.2171650631193,39.6052,40.2820388856494,1.08204370126119,0.863255327449943
"8867846","2012-06-25",28.9783717543506,0.289215686274512,0.480463199772664,0.598967011162461,41.6257167955302,38.6272832044697,40.1265,0.565645386951448,54.985617009362,39.6868,40.2764337008962,0.975863367062924,0.885776935372539
"8867845","2012-06-26",28.8606786712571,0.262569832402234,0.375957491732829,0.492635187701592,41.6308667766265,38.7611332233734,40.196,0.611740919746088,56.8595935504597,39.7748,40.2889092074433,0.907291560007728,0.890079860299577
"8867844","2012-06-27",29.4435023461852,0.430167597765365,0.327317705480703,0.394579465662064,41.6603711052122,38.906962228121,40.2836666666666,0.71779063460427,60.9044470291997,39.8524,40.3397213131176,0.902518152513432,0.892567518742348
"8867843","2012-06-28",30.3415318452038,0.486033519553075,0.392923649906891,0.365399615706806,41.6843667003315,39.0769666330017,40.3806666666666,0.75670526810213,62.1774595818848,39.9404,40.3970918047019,0.908084920227004,0.895670999039279
"8867842","2012-06-29",31.7883509931183,0.810344827586208,0.575515314968216,0.431918890118602,41.8367832179002,39.2162167820997,40.5264999999999,1.03429924444521,72.0695708326616,40.0652,40.581479564075,1.10057936071644,0.936652671374711
"8867841","2012-07-02",33.5395451920187,0.785714285714285,0.694030877617856,0.55415661416432,42.0380356223865,39.3469643776134,40.6925,1.11220972993562,74.6819356673319,40.19,40.7906156221983,1.30979083371763,1.01128030384329
"8867840","2012-07-03",35.4222759038254,0.869718309859156,0.821925807719883,0.697157333435317,42.3354897640432,39.4155102359567,40.8755,1.17049556837693,78.0310937160853,40.3384,41.0465335392385,1.56576575452199,1.12217739397903
"8867839","2012-07-05",37.004423438208,0.848591549295775,0.834674714956405,0.783543800098046,42.6220589766025,39.4102743567308,41.0161666666666,1.03983487018586,76.8579749348661,40.4872,41.2603290673401,1.73436653685712,1.24461522255465
"8867838","2012-07-06",37.4578806630544,0.714788732394368,0.811032863849766,0.82254446217535,42.7990972070767,39.4239027929232,41.1114999999999,0.872867410162406,69.7099494690378,40.6216000000001,41.3949518583614,1.7718337239272,1.35005892282916
"8867837","2012-07-09",37.6736530958034,0.686619718309859,0.75,0.798569192935389,42.9242538379548,39.4954128287118,41.2098333333333,0.806274529450567,68.2704192139117,40.7556,41.5009582772465,1.76482603358761,1.43301234498085
"8867836","2012-07-10",38.3068802500704,0.71830985915493,0.706572769953052,0.755868544600938,43.0625894254989,39.5710772411677,41.3168333333333,0.827413053804274,69.0448735529014,40.8896000000001,41.604830506947,1.75589226949464,1.49758832988361
"8867835","2012-07-11",39.0387782726156,0.855633802816902,0.753521126760563,0.736697965571204,43.2067800546144,39.6985532787188,41.4526666666666,0.875498340752809,72.210233886307,41.0392,41.7468531060207,1.80276213866466,1.55862309163982
"8867834","2012-07-12",39.7183978649789,0.823943661971831,0.799295774647887,0.753129890453833,43.3276260898652,39.824707243468,41.5761666666666,0.83224673033188,70.4206454676238,41.1564,41.8579393585513,1.80090674920417,1.60707982315269
"8867833","2012-07-13",40.7837788872502,0.820121951219511,0.833233138669415,0.795350013359287,43.5210752478277,39.8785914188389,41.6998333333333,0.891719881356209,73.2020618460392,41.2616,42.0008807774111,1.84470128137881,1.65460411479791
"8867832","2012-07-16",41.8771958125358,0.874617737003057,0.839561116731466,0.824030010016255,43.7446562716281,39.8966770617051,41.8206666666666,0.901769322457168,75.3423257156519,41.3860000000001,42.164763340423,1.91372355240687,1.7064280023197
"8867831","2012-07-17",42.2273129130591,0.787878787878787,0.827539492033785,0.83344458247822,43.9045399275117,39.9584600724882,41.9315,0.821458269118705,70.872120352492,41.5052000000001,42.2774615616999,1.90340162526272,1.74582272690831
"8867830","2012-07-18",42.5524216492592,0.794425087108013,0.818973870663285,0.828691493142844,44.0533529362433,40.0006470637566,42.027,0.792726235423896,71.2066256580905,41.6312,42.3804666868066,1.88050911733291,1.77276000499323
"8867829","2012-07-19",42.4121316357644,0.607526881720428,0.729943585569075,0.792152316088714,44.1575221928754,40.1021444737912,42.1298333333333,0.742517483728282,68.2522622372713,41.7452,42.4510711285657,1.81434662322755,1.78107732864009
"8867828","2012-07-20",42.2818623375191,0.536912751677854,0.646288240168765,0.731735232133707,44.2078858930279,40.2847807736387,42.2463333333333,0.709952739373688,68.6524499545952,41.8440000000001,42.5175949780903,1.74903400621966,1.77466866415601
"8867827","2012-07-23",40.3729258081147,0.0965517241379312,0.413663785845404,0.596631870527747,44.1570242062242,40.5273091271091,42.3421666666666,0.551748781719574,56.7183211800009,41.9036000000001,42.4925823143449,1.56154047641746,1.7320430266083
"8867826","2012-07-24",37.7417408102281,0,0.211154825271928,0.423702283762031,43.9988420587577,40.8534912745755,42.4261666666666,0.365568783151405,47.5328488789265,41.9380000000001,42.3855713390989,1.2766687135946,1.64096816400556
"8867825","2012-07-25",35.298497597905,0.02051282051282,0.0390215148835834,0.221280042000304,43.8314416342607,41.1548916990726,42.4931666666666,0.262193863214726,48.0985954570106,41.9628000000001,42.2981618272191,1.0463625431173,1.5220470398279
"8867824","2012-07-26",33.5865269966674,0.235897435897436,0.085470085470085,0.111882141875198,43.6866388637758,41.4436944695574,42.5651666666666,0.392180415191446,53.739152778583,42.0140000000001,42.2784069169232,0.933231742592033,1.40428398038073
"8867823","2012-07-27",32.6968796323659,0.394871794871796,0.217094017094017,0.113861872482561,43.5267929202361,41.7665404130972,42.6466666666666,0.518936677095007,57.417643653681,42.0916000000001,42.3026193280001,0.892467908501748,1.30192076600493
"8867822","2012-07-30",31.8707785083718,0.425641025641028,0.352136752136753,0.218233618233617,43.4994768297697,41.8678565035636,42.6836666666666,0.489580909402196,58.1119017990807,42.1716000000001,42.3316034176001,0.861612573293691,1.21385912746269
"8867821","2012-07-31",30.2585791111665,0.230769230769232,0.350427350427352,0.306552706552706,43.4981236906339,41.873876309366,42.686,0.315709517660028,52.2964852841927,42.2476000000001,42.3060562952534,0.755946015434139,1.12227650505698
"8867820","2012-08-01",28.8772419295821,0,0.21880341880342,0.307122507122507,43.5333108105291,41.7326891894709,42.633,0.0225722846972035,42.4292399180882,42.2856000000001,42.174582122553,0.509616163809934,0.999744436807568
"8867819","2012-08-02",28.0535740727053,0,0.0769230769230771,0.215384615384615,43.627989210732,41.4936774559346,42.5608333333333,-0.0876211213509586,39.3120056843285,42.2988000000001,42.0179711728792,0.249676599471749,0.849730869340404
"8867818","2012-08-03",26.2164496981719,0.375968992248062,0.12532299741602,0.140349831047505,43.6277198884839,41.4799467781826,42.5538333333333,0.349223676476767,51.0515135673247,42.3468000000001,42.0115750164953,0.227201793944576,0.725225054261238
"8867817","2012-08-06",24.8567882437414,0.598425196850395,0.324798063032819,0.175681379123971,43.6410841375579,41.5082491957753,42.5746666666666,0.547823672616126,56.2225032383933,42.3764000000001,42.079365014296,0.311419390218415,0.642463921452674
"8867816","2012-08-07",23.7386817466722,0.579365079365079,0.517919756154512,0.322680272201116,43.6509964946515,41.5193368386818,42.5851666666666,0.539796847069751,55.5332783375995,42.3888000000001,42.1301163457232,0.36230410923519,0.586431959009177
"8867815","2012-08-08",22.0619481064065,0.467532467532466,0.548440914582647,0.463719577923324,43.6312720479397,41.4847279520602,42.558,0.34564336042791,51.2483123473527,42.3636000000001,42.1234341662934,0.325994111896399,0.534344389586621
"8867814","2012-08-09",20.62957896924,0.462264150943395,0.503053899280313,0.523138190005823,43.6121040397588,41.4472292935745,42.5296666666666,0.335402332647035,50.1516315973381,42.3368000000001,42.1043096107876,0.274884763747374,0.482452464418772
"8867813","2012-08-10",19.5308688985363,0.396226415094342,0.442007677856734,0.497834163906564,43.54121003353,41.4101232998032,42.4756666666666,0.298694256216544,48.5841306667749,42.3196000000001,42.0690683293493,0.205158928904869,0.426993757315991
"8867812","2012-08-13",18.5955966901874,0.372641509433962,0.410377358490566,0.451812978542537,43.4089222931588,41.4057443735077,42.4073333333333,0.296656438084029,48.0070265133194,42.3036000000001,42.0318592187694,0.138679899006844,0.369330985654162
"8867811","2012-08-14",17.66595977137,0.429245283018867,0.39937106918239,0.417252035176562,43.2927559892644,41.4109106774022,42.3518333333333,0.360863519608748,49.5557274202209,42.2888000000001,42.0156113229335,0.107785740271771,0.317021936577684
"8867810","2012-08-15",16.8027254896111,0.542452830188679,0.448113207547169,0.419287211740041,43.1571830341062,41.448150299227,42.3026666666666,0.457480822231444,52.5969214131191,42.2680000000001,42.033529813209,0.127930447961622,0.279203638854471
"8867809","2012-08-16",16.1478814675476,0.540669856459331,0.504122656555625,0.450535644428394,43.0363070085594,41.4946929914404,42.2654999999999,0.567786098750808,52.3138782851067,42.2500000000001,42.0463925047811,0.138444096669765,0.25105173041753
"8867808","2012-08-17",15.5398120184887,0.645933014354067,0.576351900334025,0.509529254812272,42.9172425956016,41.5507574043983,42.2339999999999,0.650751725175058,55.1716183244234,42.2268000000001,42.0868735041437,0.186813226765703,0.238204029687165
"8867807","2012-08-20",14.7858544212363,0.607655502392345,0.598086124401914,0.559520227097187,42.901101299171,41.5532320341622,42.2271666666666,0.623280996889293,53.9065207909975,42.1884000000001,42.1112903702578,0.207364399009702,0.232036103551672
"8867806","2012-08-21",14.7549662417371,0.63157894736842,0.628389154704944,0.60094239314696,42.9324210006411,41.5752456660255,42.2538333333333,0.708398521635015,54.6071058321282,42.1608000000001,42.1391183208901,0.230541626351655,0.231737208111669
"8867805","2012-08-22",14.0511622687315,0.192307692307692,0.477180714022819,0.567885331043224,42.9256672609948,41.6169994056718,42.2713333333333,0.450585882885729,50.0219442232938,42.1204000000001,42.1259025447714,0.19304280811776,0.223998328112887
"8867804","2012-08-23",13.7778109584947,0,0.274628879892037,0.460066249539932,42.9315923011823,41.5570743654843,42.2443333333333,0.164609687493214,42.7113697033559,42.0644000000001,42.0437822054686,0.0609728170488877,0.191393225900087
"8867803","2012-08-24",13.5239847418462,0.063291139240507,0.0851996105160659,0.279003068143639,42.8901367412338,41.5015299254328,42.1958333333333,0.150128943769415,44.3635563809275,42.0108000000001,41.9859445780728,-0.0243679828076604,0.148240984158538
"8867802","2012-08-27",12.8429905656914,0.164383561643837,0.0758915669614477,0.145240019123182,42.8288790639902,41.4827876026763,42.1558333333333,0.28518052080625,46.6819013017739,41.9876000000001,41.9544853009964,-0.0644094562282871,0.105710896081173
"8867801","2012-08-28",12.5452324967451,0.0547945205479489,0.0941564071440973,0.0850825282072022,42.8144554379658,41.4275445620341,42.1209999999999,0.189237421467051,44.4045860978788,41.9836000000001,41.9058872608636,-0.125537898449712,0.0594611371749957
"8867800","2012-08-29",12.3741222882138,0.0205479452054802,0.0799086757990884,0.083318883301543,42.8248476255983,41.4021523744016,42.1134999999999,0.155466153939649,43.6873453246685,41.976,41.8571022927484,-0.181604812698255,0.0112479472003455
"8867799","2012-08-30",12.5536799440706,0,0.0251141552511427,0.0663930793981081,42.7963541714973,41.4486458285026,42.1225,0.0282114734703117,41.3837728169558,41.9452,41.7934886537153,-0.254087223095267,-0.041819086858777
"8867798","2012-08-31",12.3319268312042,0,0.00684931506849312,0.0372907153729067,42.8069338397873,41.3677328268793,42.0873333333333,0.110431995504409,41.2374195527172,41.9016,41.7370234998866,-0.310025506125289,-0.0954603707120794
"8867797","2012-09-04",11.497676799207,0,-2.85651132377514e-16,0.0106544901065438,42.7355291286697,41.3241375379968,42.0298333333333,0.143496057372197,39.4351420125977,41.8508,41.672087033235,-0.373411656443767,-0.151050627858417
"8867796","2012-09-05",10.9041429217724,0.372093023255815,0.124031007751938,0.0436267742734755,42.6375008658002,41.3541658008663,41.9958333333333,0.495454551587752,51.5877361097884,41.8408,41.7011420954704,-0.296338304633958,-0.180108163213525
"8867795","2012-09-06",11.7040675123635,0.517441860465117,0.296511627906977,0.14018087855297,42.658427344226,41.3479059891073,42.0031666666666,0.78245756180996,55.3561184069478,41.8736000000001,41.759656482741,-0.184800111490457,-0.181046552868912
"8867794","2012-09-07",12.6549055856577,0.761627906976746,0.550387596899226,0.323643410852712,42.7475935747249,41.3107397586083,42.0291666666666,0.962236769820989,60.8671734211323,41.936,41.8663689517089,-0.0153142042141008,-0.14790008313795
"8867793","2012-09-10",13.6262091669491,0.795454545454546,0.691508104298803,0.512802443035,42.8531217990185,41.2775448676481,42.0653333333333,0.94724357956535,61.9510828706598,41.9632000000001,41.970853091481,0.134419754238069,-0.0914361156627459
"8867792","2012-09-11",13.9017931145448,0.676136363636363,0.744406272022551,0.662100657740192,42.9141812447848,41.2754854218818,42.0948333333333,0.802171189885308,57.9198257466041,41.9600000000001,42.0334060126169,0.210046222450222,-0.0311396480401523
"8867791","2012-09-12",13.0345457560944,0.363636363636364,0.611742424242424,0.682552266854591,42.9163195544906,41.277347112176,42.0968333333333,0.520236256455826,48.9379778600285,41.9372000000001,42.0142852109346,0.162484102167526,0.00758510200138336
"8867790","2012-09-13",12.1150076442615,0.505681818181819,0.515151515151515,0.623766737138829,42.9243320341489,41.2780012991844,42.1011666666666,0.630897149292838,52.5406306971606,41.9396000000001,42.03104718281,0.170816047968225,0.0402312911947517
"8867789","2012-09-14",11.3329236441651,0.534090909090908,0.46780303030303,0.531565656565656,42.9231901550175,41.2781431783158,42.1006666666666,0.657644940847419,53.2510438630797,41.9480000000001,42.0522408917687,0.184869186814507,0.0691588703187028
"8867788","2012-09-17",10.6183967416603,0.494318181818181,0.511363636363636,0.498106060606059,42.9015117186653,41.2801549480013,42.0908333333333,0.594057028508038,52.075774286419,41.9592000000001,42.0612754395329,0.180484996034158,0.0914240954617938
"8867787","2012-09-18",9.95490747504868,0.522727272727274,0.517045454545454,0.498737373737373,42.885408419871,41.2812582467956,42.0833333333333,0.599741285252172,52.8758109785722,41.9744000000001,42.0757720475951,0.184467306638503,0.110032737697136
"8867786","2012-09-19",9.6190512174027,0.517045454545453,0.511363636363636,0.513257575757574,42.852479735232,41.2898535981012,42.0711666666666,0.642175189181608,52.6863726822984,41.9844000000001,42.0870024412491,0.18358129924132,0.124742450005972
"8867785","2012-09-20",9.86902083020489,0.642045454545457,0.560606060606061,0.529671717171716,42.8895814957953,41.2834185042046,42.0865,0.765747209696729,56.3882468099527,41.9936000000001,42.1260687824159,0.222452898070569,0.144284539618892
"8867784","2012-09-21",11.5947851734957,0.571428571428571,0.576839826839827,0.549603174603174,43.0063037546377,41.2783629120289,42.1423333333333,0.938479517344359,59.3465863961946,42.0112000000001,42.1852596114271,0.286244128542257,0.172676457403565
"8867783","2012-09-24",13.3634539553713,0.640449438202247,0.617974488058758,0.585140125168214,43.1823231833375,41.2556768166624,42.219,1.03166650146655,65.4560775873478,42.0384000000001,42.2978916632368,0.41960790484552,0.222062746891956
"8867782","2012-09-25",15.4065116001974,0.713592233009707,0.641823414213508,0.612212576370696,43.4136681053886,41.1933318946113,42.3035,1.06440401259231,69.0495608883695,42.0820000000001,42.4395061081386,0.580899082131703,0.293830013939905
"8867781","2012-09-26",17.4130982086377,0.66355140186916,0.672531024360371,0.644109642210878,43.5937273059959,41.199272694004,42.3965,0.981738093603084,67.8970745348602,42.1216000000001,42.5555719603868,0.690612929290224,0.373186597009969
"8867780","2012-09-27",19.2763572021895,0.700934579439252,0.692692738106039,0.669015725559972,43.7393537957193,41.2483128709473,42.4938333333333,0.932014848076098,68.7945246932043,42.1756000000001,42.6668290323352,0.78316685728117,0.455182649064209
"8867779","2012-09-28",19.6454197758825,0.514018691588786,0.626168224299065,0.663797328921824,43.7655880311654,41.3900786355012,42.5778333333333,0.747876659384353,59.7938163528913,42.2348000000001,42.7099184946905,0.771727052037829,0.518491529658933
"8867778","2012-10-01",19.0247397462276,0.355140186915887,0.523364485981308,0.614075149462136,43.7381358265363,41.5548641734636,42.6465,0.61611015039895,53.3985861507662,42.2764000000001,42.7019293620651,0.690459307443536,0.552885085215854
"8867777","2012-10-02",18.4483940044052,0.350785340314136,0.406648072939603,0.518726927739991,43.6844680320708,41.7485319679291,42.7165,0.608560747722778,55.5087135379896,42.3180000000001,42.7136721137898,0.645064543478302,0.571320976868344
"8867776","2012-10-03",18.4513258862043,0.486910994764397,0.39761217399814,0.442541577639682,43.7039316632519,41.8484016700813,42.7761666666666,0.719434160679337,59.2032904615243,42.3764000000001,42.7585158319511,0.650632945806118,0.587183370655898
"8867775","2012-10-04",19.0105787171034,0.591623036649215,0.476439790575916,0.426900012504551,43.7761504335225,41.8801828998108,42.8281666666666,0.808637493133202,61.8291014661007,42.4448000000001,42.8240470543577,0.684730051352034,0.606692706795126
"8867774","2012-10-05",20.0213443619676,0.737967914438502,0.605500648617371,0.493184204397141,43.8974991139098,41.8598342194234,42.8786666666666,0.904711623043685,65.3151310703868,42.5312000000001,42.91950744711,0.757345450215396,0.63682325547918
"8867773","2012-10-08",20.4601629849987,0.652406417112301,0.660665789400006,0.580868742864429,43.9792543444294,41.8580789889038,42.9186666666666,0.807062464985131,61.9533446891816,42.6116000000001,42.980906454162,0.775597515843174,0.664578107551979
"8867772","2012-10-09",20.8676374206704,0.727272727272725,0.705882352941176,0.657349596986183,44.0743287268316,41.8733379398349,42.9738333333333,0.826898233400521,64.4186644272465,42.7048000000001,43.060785593607,0.817925717957402,0.695247629633063
"8867771","2012-10-10",20.9153865567696,0.623287671232874,0.667655605205966,0.678067915849048,44.108223106642,41.9864435600245,43.0473333333333,0.760473180424311,62.2468204184976,42.7684000000001,43.1166808477928,0.823026795293091,0.720803462765069
"8867770","2012-10-11",21.1727432697141,0.710144927536233,0.686901775347277,0.686813244498138,44.1635192919138,42.0728140414195,43.1181666666666,0.794238829945671,64.1967345788729,42.8280000000001,43.1851234014204,0.845192604612355,0.745681291134526
"8867769","2012-10-12",21.6032771255606,0.666666666666667,0.666699755145257,0.673752378566166,44.2024324098673,42.1702342567992,43.1863333333333,0.764245885269271,62.7995204729408,42.8684000000001,43.236440281231,0.841666405132369,0.764878313934095
"8867768","2012-10-15",22.4478197612365,0.581249999999999,0.652687198067633,0.668762909520054,44.2163886538548,42.3122780128118,43.2643333333333,0.783071786051673,62.9442771968076,42.9056000000001,43.2822482437335,0.831028828829505,0.778108416913177
"8867767","2012-10-16",23.582441539949,0.832402234636873,0.693439633767846,0.670942195660244,44.2852743935067,42.4430589398266,43.3641666666666,0.975423942179935,69.9874167758118,42.9736000000001,43.3966151445691,0.9160604189828,0.805698817327102
"8867766","2012-10-17",25.2117580395253,0.758139534883723,0.723930589840198,0.690019140558557,44.3720018984977,42.5723314348356,43.4721666666666,1.04519240409723,71.4484669505893,43.0692000000001,43.5143997919599,0.997389791163572,0.844037012094396
"8867765","2012-10-18",26.9501398061588,0.844155844155845,0.81156587122548,0.74297869827784,44.5251319536277,42.6398680463722,43.5825,1.10336380260736,74.5037075166103,43.1676000000001,43.6591464863652,1.10764197058701,0.896758003792919
"8867764","2012-10-19",27.5665348423181,0.714285714285716,0.772193697775094,0.769230052946922,44.6333215961731,42.6926784038268,43.663,0.936453235370901,68.1250287545763,43.2536,43.7499269548498,1.13330391854842,0.94406718674402
"8867763","2012-10-22",28.1389016616089,0.67539267015707,0.744611409532876,0.776123659511148,44.7343698915454,42.7139634417878,43.7241666666666,0.86750031167695,68.1250287545763,43.3424000000001,43.8286033608699,1.14014921934316,0.983283593263848
"8867762","2012-10-23",28.2092275595586,0.567251461988303,0.652309948810363,0.723038352039443,44.8091280376879,42.7202052956454,43.7646666666666,0.788186818920563,65.1398071278998,43.4244,43.8807895794206,1.11046102477093,1.00871907956526
"8867761","2012-10-24",28.0439514743773,0.493670886075946,0.578771672740439,0.658564343694558,44.8706550444471,42.7363449555529,43.8035,0.745122144804063,63.6382468356039,43.5044000000001,43.9180176354978,1.06352143525654,1.01967955070352
"8867760","2012-10-25",27.5414163107067,0.436708860759493,0.499210402941247,0.576764008164015,44.920753387398,42.7579132792686,43.8393333333333,0.706826816116453,61.3536343648884,43.572,43.9382819507648,0.99822164474761,1.01538796951234
"8867759","2012-10-26",27.0747765158698,0.5,0.476793248945146,0.518258441542276,44.9563488178535,42.8413178488131,43.8988333333333,0.716466491524281,63.6931013571871,43.638,43.9758443573295,0.962850182717179,1.00488041215331
"8867758","2012-10-31",25.7845874930384,0.351351351351353,0.429353404036948,0.468452351974446,44.9315858949382,43.0040807717284,43.9678333333333,0.661953741605037,58.1345843303275,43.6768,43.9790651096855,0.884218269837689,0.980747983690182
"8867757","2012-11-01",26.4526648274637,0.347619047619046,0.399656799656799,0.435267817546296,44.9554226145994,43.1632440520672,44.0593333333333,0.889098133362389,62.8905073680904,43.7144,44.0218564283941,0.86689486413245,0.957977359778636
"8867756","2012-11-02",26.4980910439939,0.266666666666668,0.321879021879022,0.383629741857588,44.9501511406663,43.304182192667,44.1271666666666,0.750814776205338,58.8132604181511,43.7472000000001,44.0362755712749,0.812574192951665,0.928896726413242
"8867755","2012-11-05",25.3240946282581,0.0669856459330145,0.227090453406242,0.31620875831402,44.915001366119,43.389998633881,44.1525,0.347541256756467,50.3372576725727,43.7604000000001,43.9941054951049,0.686465378133483,0.88041045675729
"8867754","2012-11-06",24.6365604438399,0.205128205128204,0.179593505909295,0.242854327064852,44.9146605239026,43.445006142764,44.1798333333333,0.54774365154639,56.8681789048965,43.8056,44.0108914290909,0.652371972840671,0.834802759973966
"8867753","2012-11-07",24.434038157342,0,0.0907046170204058,0.16579619211198,44.9822946750657,43.3347053249342,44.1585,-0.116152724333656,38.4771763983144,43.8104,43.8454392385455,0.373080559472116,0.742458319873596
"8867752","2012-11-08",24.6604593528198,0,0.0683760683760676,0.112891397101922,45.1206995286238,43.1029671380428,44.1118333333333,-0.169976523965095,35.6278736636254,43.7972,43.6607140067394,0.0927370684146833,0.612514069581814
"8867751","2012-11-09",25.2533670020622,0,-3.79326200080262e-16,0.0530268951321564,45.2945228326768,42.8078105006564,44.0511666666666,-0.169357681050144,32.9964694951636,43.7612000000001,43.4592854725075,-0.185753887555973,0.452860478154256
"8867750","2012-11-12",25.9472198820301,0,-3.79326200080262e-16,0.022792022792021,45.4308154712917,42.5305178620415,43.9806666666666,-0.0714356099344468,32.0108724315261,43.7124000000001,43.2687140761732,-0.42507349895109,0.277273682733187
"8867749","2012-11-13",26.6286378617118,0,-3.79326200080262e-16,-1.64683081986065e-15,45.5401018883639,42.273898111636,43.907,-0.00731678525581099,31.7554990887396,43.6508000000001,43.0995521993501,-0.614330542270691,0.0989528377324116
"8867748","2012-11-14",28.0593688815517,0,-3.79326200080262e-16,-1.64683081986065e-15,45.72562637289,41.8623736271099,43.794,-0.0825833345035567,26.2646871264165,43.5664000000001,42.8556119061034,-0.892452576743141,-0.099328245162699
"8867747","2012-11-15",29.9936710745602,0,-3.79326200080262e-16,-1.64683081986065e-15,45.9199810729165,41.3336855937501,43.6268333333333,-0.0952880007554258,22.0941784521912,43.4444000000001,42.545530318623,-1.24094058982023,-0.327650714094205
"8867746","2012-11-16",32.0298624736869,0,-3.79326200080262e-16,-1.64683081986065e-15,46.0576549702705,40.802011696396,43.4298333333333,-0.0549273129890121,20.4409288331741,43.3124000000001,42.2301262761399,-1.56918517036144,-0.575957605347652
"8867745","2012-11-19",33.2572748460619,0.136612021857923,0.0455373406193074,0.0151791135397676,45.9920381372161,40.5059618627838,43.249,0.108888655692514,32.1561147976683,43.2044,42.0567761059879,-1.66902429091065,-0.794570942460251
"8867744","2012-11-20",34.5744016289958,0.0965391621129328,0.0777170613236184,0.0410848006476405,45.9254548188024,40.2145451811975,43.07,0.125278609574107,30.7268156387456,43.0900000000001,41.8772059585229,-1.7713890785629,-0.989934569680782
"8867743","2012-11-21",35.7974479274344,0.125482625482625,0.11954460315116,0.0809330016980274,45.8124595142746,39.9805404857253,42.8964999999999,0.174235303331043,32.4894983758798,42.9800000000001,41.7375784973865,-1.80968836293275,-1.15388532833117
"8867742","2012-11-23",36.7410772575451,0.154734411085451,0.125585399560336,0.107615688011704,45.6715520108716,39.788114655795,42.7298333333333,0.211648157766805,32.79642517339,42.8484,41.6192346977349,-1.81607573104989,-1.28632340887492
"8867741","2012-11-26",37.1723431618839,0.159353348729792,0.146523461765956,0.130551154825816,45.4961084096067,39.6408915903932,42.5684999999999,0.249198015147591,33.1238558620499,42.712,41.519336738037,-1.79718469665229,-1.38849566643039
"8867740","2012-11-27",37.0552280100526,0.283018867924527,0.199035542579923,0.157048134635404,45.2824547832059,39.5662118834606,42.4243333333333,0.321386176566178,38.8949881215084,42.5772,41.4807585062987,-1.69300499086186,-1.44939753131669
"8867739","2012-11-28",37.2087959614178,0.264150943396228,0.235507720016849,0.193688908120908,45.0246784690432,39.5196548642901,42.2721666666666,0.32582575440632,36.8948629258868,42.4444000000001,41.4193240387922,-1.63268628380042,-1.48605528181343
"8867738","2012-11-29",36.3814744787617,0.575091575091576,0.37408712880411,0.269543463800293,44.750260998821,39.5584056678456,42.1543333333333,0.455507234837274,47.0820601577772,42.3408000000001,41.4634141669532,-1.42626491411173,-1.47409720827309
"8867737","2012-11-30",34.4977621790176,0.706959706959708,0.515400741815837,0.374998530212264,44.3420468452011,39.7239531547988,42.0329999999999,0.564312250879038,51.2606882205181,42.2564,41.5496256113595,-1.1790262361938,-1.41508301385723
"8867736","2012-12-03",32.3873084420722,0.75812274368231,0.680058008577864,0.523181959732602,43.9504363641343,39.911896969199,41.9311666666666,0.64167663373156,53.1423534691731,42.1812,41.6470088631782,-0.939358806772406,-1.31993817244027
"8867735","2012-12-04",30.4276014006229,0.787003610108302,0.75069535358344,0.648718034659046,43.6856453614534,40.0350213052132,41.8603333333333,0.676134269126104,54.0415489263346,42.1128,41.7420743480878,-0.725717618458188,-1.20109406164385
"8867734","2012-12-05",28.7475799770179,0.746710526315791,0.763945626702134,0.731566329621145,43.3027389383565,40.2635943949767,41.7831666666666,0.803868403367554,55.0857755056624,42.042,41.8364644350094,-0.533050791440304,-1.06748540760314
"8867733","2012-12-06",27.509851420912,0.795031055900622,0.776248397441571,0.763629792575714,43.2625363430042,40.2854636569957,41.774,0.898377911823907,58.3681998290305,41.9916,41.9569358436748,-0.321058902650517,-0.918200106612618
"8867732","2012-12-07",26.360532047385,0.762081784386617,0.767941122201009,0.769378382114904,43.2885437019239,40.2731229647427,41.7808333333333,0.870042335908477,58.5929509048197,41.93,42.0640110645182,-0.14785284169212,-0.764130653628518
"8867731","2012-12-10",25.7173127808558,0.843866171003717,0.800326337096985,0.781505285579854,43.4153358627983,40.2196641372016,41.8175,0.90758254033645,61.0818438336544,41.884,42.1861429225824,0.0308327613906645,-0.605137970624682
"8867730","2012-12-11",25.6586800021749,0.816608996539792,0.807518983976708,0.791928814424899,43.5933267259591,40.1460066073742,41.8696666666666,0.934250359265901,63.3466296911565,41.8628,42.3199905329048,0.209632957567552,-0.442183784986235
"8867729","2012-12-12",25.2617716701404,0.770034843205576,0.810170003583028,0.806005108218906,43.7411791052319,40.098820894768,41.9199999999999,0.866978366605108,60.9808352998786,41.8204,42.4186584618508,0.322412576581876,-0.289264512672613
"8867728","2012-12-13",25.3290412945611,0.700657894736843,0.76243391149407,0.793374299684601,43.9158951753175,40.1001048246824,42.0079999999999,0.839466588649921,59.8694834496658,41.8296,42.4961706669374,0.395564558619066,-0.152298698414277
"8867727","2012-12-14",25.3067674465736,0.674740484429066,0.715144407457161,0.762582774178085,44.0151807923979,40.223819207602,42.1194999999999,0.765647747950402,59.2876785939232,41.85,42.5593479113457,0.442568090469742,-0.0333253406374734
"8867726","2012-12-17",26.4468864051239,0.632716049382716,0.669371476182875,0.715649931711367,44.0983960958268,40.4359372375065,42.2671666666666,0.827512211440969,60.660042066886,41.8868,42.6274348564996,0.492915238206959,0.0719227751314131
"8867725","2012-12-18",27.9630372307841,0.731292517006803,0.679583016939528,0.688032966859853,44.3457713047536,40.4945620285796,42.4201666666666,0.952628393229894,69.7688368326529,41.9616,42.7971102089663,0.681293349224732,0.193796889950077
"8867724","2012-12-19",29.3708915688972,0.751937984496124,0.70531551696188,0.684756670028093,44.5334665879992,40.6352000786674,42.5843333333333,0.917878048127418,71.07241493098,42.0436,42.9641621811042,0.848011166265383,0.324639745213138
"8867723","2012-12-20",30.4654005993878,0.705394190871369,0.729541564124765,0.704813366008723,44.6611914146835,40.8224752519831,42.7418333333333,0.865964367718478,69.5648925079588,42.152,43.0996072236236,0.955115573078702,0.450734910786251
"8867722","2012-12-21",30.7100323943095,0.583690987124464,0.680341054163985,0.705066045083542,44.7078570860023,41.0684762473309,42.8881666666666,0.794509802861042,64.1243099575738,42.2796,43.1823262604738,0.979578220949717,0.556503572818944
"8867721","2012-12-24",30.5132014545254,0.5,0.59636172599861,0.668748114762452,44.6803917535336,41.3619415797996,43.0211666666666,0.722644094276702,61.1528193321108,42.4152,43.2340160924106,0.959686818582628,0.637140221971681
"8867720","2012-12-26",29.2301238021015,0.205128205128205,0.429606397417556,0.568769725860049,44.6191385352407,41.6321947980925,43.1256666666666,0.623091259501843,53.4992929732403,42.5036,43.2214806134225,0.853838111923633,0.680479799962071
"8867719","2012-12-27",27.5291313871698,0,0.235042735042735,0.420336952819633,44.4542536052585,41.9444130614081,43.1993333333333,0.33558052415811,44.6769253125002,42.5756,43.1266165316329,0.644873866311579,0.673358613231973
"8867718","2012-12-28",26.2491424222505,0,0.068376068376068,0.244341733612118,44.3784246805102,42.0915753194897,43.235,0.238359096348054,42.6338484645335,42.636,43.0217343274152,0.442135889071715,0.627114068399921
"8867717","2012-12-31",24.5855591468791,0,-2.59052039079203e-16,0.1011396011396,44.3546333554323,42.1423666445676,43.2485,0.206861746454392,40.6327769365856,42.6888,42.9081697504265,0.246419123477537,0.550975079415445
"8867716","2013-01-02",23.9380642454642,0.5,0.166666666666666,0.0783475783475769,44.3751280322069,42.2412053011264,43.3081666666666,0.682059075683271,56.8125369520655,42.7912000000001,42.9777471170363,0.324315955890908,0.505643254710537
"8867715","2013-01-03",23.4263562636596,0.488095238095238,0.329365079365079,0.165343915343914,44.380157995792,42.3555086708745,43.3678333333333,0.662414957141663,56.4182789043109,42.8780000000001,43.0340475014314,0.37591820625269,0.479698245018968
"8867714","2013-01-04",22.9511988519839,0.531746031746031,0.506613756613756,0.334215167548499,44.3830215346979,42.442978465302,43.413,0.601544137399681,57.5806804936848,42.9776000000001,43.0975078345739,0.432300636922389,0.470218723399652
"8867713","2013-01-07",22.0574754953222,0.452380952380953,0.49074074074074,0.442239858906524,44.3846622544605,42.4896710788727,43.4371666666666,0.503254192814273,54.7228121417249,43.0400000000001,43.1258401232974,0.434427750255173,0.463060528770756
"8867712","2013-01-08",20.8335211183186,0.380952380952382,0.455026455026455,0.484126984126983,44.3741336500567,42.5358663499432,43.455,0.390295243431588,52.2111794744355,43.0808000000001,43.1263947735244,0.397829063276811,0.450014235671967
"8867711","2013-01-09",19.7172289779067,0.438818565400844,0.424050632911393,0.456605942892862,44.3734585615784,42.5555414384216,43.4645,0.415012627345922,53.2384360014248,43.1180000000001,43.1375421370545,0.37941450693677,0.435894289924928
"8867710","2013-01-10",18.9916336113717,0.489177489177488,0.436316145176905,0.43846441103825,44.3752740391728,42.5590592941605,43.4671666666666,0.474030236900038,54.4253337346775,43.1556000000001,43.1592031854472,0.377287947951066,0.424173021530156
"8867709","2013-01-11",18.020019348387,0.444933920704846,0.457643325094393,0.439336701060896,44.3757152304865,42.5636181028468,43.4696666666666,0.410048971705911,52.5115088828647,43.1848000000001,43.1619760940543,0.349128284943734,0.409164074212871
"8867708","2013-01-14",17.1636587041449,0.537735849056605,0.490615752979646,0.46152507441698,44.3779754500753,42.5710245499246,43.4745,0.458770324089192,54.3829454802174,43.2076000000001,43.181712614847,0.347102505544727,0.396751760479243
"8867707","2013-01-15",16.8467412584355,0.471698113207548,0.484789294322999,0.477682790799011,44.3777073344008,42.5962926655991,43.487,0.438064205226569,52.0060505306184,43.2240000000001,43.1801509328674,0.315685255269549,0.380538459437304
"8867706","2013-01-16",16.5524607731339,0.528301886792452,0.512578616352201,0.495994554551614,44.3761847485383,42.594148584795,43.4851666666666,0.469042902838327,53.8672565061878,43.2364000000001,43.1947974751518,0.309637153769993,0.366358198303842
"8867705","2013-01-17",16.327880116625,0.589622641509435,0.529874213836478,0.509080708170558,44.2887063458893,42.6176269874439,43.4531666666666,0.54198882974175,55.8641118650217,43.2456000000001,43.2248244784649,0.32535001256615,0.358156561156303
"8867704","2013-01-18",15.9525388415499,0.566037735849055,0.561320754716981,0.534591194968552,44.1779417630773,42.657391570256,43.4176666666666,0.556339256060835,54.8801818642814,43.2580000000001,43.2441812146696,0.324692825810691,0.351463814087181
"8867703","2013-01-22",16.9739265907982,0.357142857142854,0.504267744833781,0.531820904462412,44.115737487714,42.6899291789525,43.4028333333333,0.8136232717392,58.2094115912808,43.2812000000001,43.2889570527136,0.359160588139273,0.353003168897599
"8867702","2013-01-23",18.1874125178876,0.751773049645388,0.558317880879099,0.541302126809952,44.2001195854736,42.6402137478596,43.4201666666666,1.0683035338569,66.0465212584916,43.3300000000001,43.4090961123518,0.494151066593629,0.381232748436805
"8867701","2013-01-24",20.217394532458,0.610837438423645,0.573251115070629,0.545278913594502,44.3976195924835,42.5300470741831,43.4638333333333,1.12621396949251,67.9561522368578,43.3820000000001,43.5372166307049,0.626771852064834,0.430340569162411
"8867700","2013-01-25",22.4795552623043,0.618644067796611,0.660418185288548,0.597329060412757,44.6557478679271,42.4115854654061,43.5336666666666,1.10438287880134,70.1648119657023,43.4096000000001,43.6775877466109,0.763140948781715,0.496900645086272
"8867699","2013-01-28",25.0243864510612,0.659574468085106,0.629685324768454,0.621118208375876,44.9693616199057,42.3503050467609,43.6598333333333,1.13006148228607,73.7125720420664,43.4472000000001,43.8525760470628,0.933342133780446,0.584188942825107
"8867698","2013-01-29",27.6288804673659,0.853420195439738,0.710546243773818,0.666883251276939,45.3858338227441,42.2641661772558,43.8249999999999,1.17752247842809,79.072485656185,43.5196000000001,44.1108992407878,1.19965549288834,0.707282252837754
"8867697","2013-01-30",30.1273654772357,0.829652996845424,0.780882553456756,0.707038040666341,45.7117421873558,42.2762578126441,43.994,1.07808442227791,79.1297694322271,43.6028000000001,44.3361126753494,1.39428994220601,0.844683790711404
"8867696","2013-01-31",32.5285205131418,0.862385321100919,0.848486171128693,0.779971656119755,46.0640684152726,42.1682649180606,44.1161666666666,1.01949060951913,80.2366791386307,43.6996000000001,44.5566309853028,1.56315010141745,0.988377052852614
"8867695","2013-02-01",35.0035779881515,0.92200557103064,0.871347962992327,0.833572229192591,46.4699562589939,42.050043741006,44.2599999999999,1.02338894127852,82.7741077751594,43.8332000000001,44.8130801872624,1.7630533829692,1.14331231887593
"8867694","2013-02-04",35.5198527049312,0.768802228412257,0.851064373514605,0.856966169211874,46.716704295966,42.0549623707006,44.3858333333333,0.873429795394402,71.6536309205642,43.9700000000001,44.9620028289608,1.80013035029132,1.27467592515901
"8867693","2013-02-05",36.3820910479368,0.826815642458101,0.839207813966999,0.853873383491309,46.9905103006213,42.0824896993786,44.5364999999999,0.89123035999086,73.8545169075969,44.1264000000001,45.1337357850993,1.86426183903281,1.39259310793377
"8867692","2013-02-06",36.8054982214495,0.785714285714286,0.793777385528214,0.828016524336605,47.1778884700225,42.1967781966441,44.6873333333333,0.817733713932274,71.4281981274044,44.2844,45.2652376804194,1.86931456706214,1.48793739975944
"8867691","2013-02-07",37.374090917461,0.840000000000001,0.817509976057463,0.816831725184224,47.3629202164298,42.3254131169035,44.8441666666666,0.818113695591762,72.8329764265044,44.3996,45.4045393230302,1.88458694235569,1.56726730827869
"8867690","2013-02-08",37.9020698494717,0.866261398176292,0.83065856129686,0.813981974294178,47.5280911949822,42.469242138351,44.9986666666666,0.798750430466457,73.7120773894999,44.5208,45.5412674132928,1.89527858192449,1.63286956300785
"8867689","2013-02-11",38.4687447273829,0.843283582089554,0.849848326755283,0.832672288036534,47.6500490667097,42.6709509332902,45.1604999999999,0.777727672015912,73.8638772214655,44.6384,45.6624317581871,1.88479105675088,1.68325386175646
"8867688","2013-02-12",39.3930811728777,0.836431226765798,0.848658735677215,0.843055207909784,47.7743582940183,42.8833083726483,45.3288333333333,0.793972328323863,75.17604568466,44.7708,45.7901075237622,1.88404210612918,1.723411510631
"8867687","2013-02-13",40.417845609941,0.889312977099237,0.856342595318196,0.851616552583563,47.8889968404679,43.1326698261987,45.5108333333333,0.816595837253374,77.3382598406209,44.9224,45.9407598539272,1.91332031271456,1.76139327104771
"8867686","2013-02-14",40.3724456718952,0.738738738738739,0.821494314201258,0.842165215065555,47.9153083952906,43.4420249380426,45.6786666666666,0.747692776590039,70.9085988716276,45.0592,46.0326585400703,1.86343142395489,1.78180090162915
"8867685","2013-02-15",40.3302885865669,0.612676056338026,0.746909257392001,0.808248722303817,47.8961762430118,43.7888237569881,45.8425,0.733118536394964,71.1755688114494,45.1936000000001,46.1163040680609,1.80789727041006,1.78702017538533
"8867684","2013-02-19",41.1327386697437,0.543589743589744,0.631668179555503,0.733357250382919,47.8514153718909,44.1989179614423,46.0251666666666,0.809788036197703,72.9572962176974,45.3408,46.2154635256528,1.77792310178204,1.78520076066467
"8867683","2013-02-20",41.9523943134215,0.492063492063492,0.54944309733042,0.642673511425973,47.7868949679869,44.5964383653463,46.1916666666666,0.80977802127613,72.9572962176974,45.4828,46.3014017222324,1.73373634050176,1.77490787663209
"8867682","2013-02-21",41.0072224333311,0.195767195767194,0.410473477140143,0.530528251342021,47.6573568484895,44.9593098181771,46.3083333333333,0.622928423018747,60.7608862939917,45.608,46.3012148259347,1.58273642827798,1.73647358696127
"8867681","2013-02-22",40.0201727367201,0.174603174603174,0.28747795414462,0.41579817620506,47.5095350482817,45.2911316183849,46.4003333333333,0.532906548473668,59.989459220385,45.7268,46.2957195158101,1.43953025626755,1.67708492082252
"8867680","2013-02-25",38.5055557807894,0,0.123456790123456,0.273802740469405,47.3414093320538,45.6059240012794,46.4736666666666,0.432583699830101,55.7937651020396,45.8316,46.2616235803688,1.27305370137289,1.5962786769326
"8867679","2013-02-26",37.0991257502824,0.0449438202247181,0.073182331609297,0.16137235862579,47.2152320438833,45.8287679561166,46.5219999999999,0.323051072510309,56.9722644652212,45.9416,46.2427404363196,1.14195491759708,1.50541392506549
"8867678","2013-02-27",36.2730866212828,0.162921348314606,0.0692883895131079,0.0886425037486189,47.190262058863,45.9100712744702,46.5501666666666,0.463416911054009,59.9877212052321,46.0516,46.2543750448103,1.0624743732055,1.4168260146935
"8867677","2013-02-28",35.9718785114596,0.219101123595506,0.142322097378276,0.0949309395002258,47.1696503414579,45.9990163252086,46.5843333333333,0.56748479789881,61.3758474463648,46.1412,46.2777917055023,1.00531243505648,1.33452329876609
"8867676","2013-03-01",34.7229144248316,0.0280898876404518,0.136704119850188,0.116104868913856,47.1551356511437,46.0338643488562,46.5944999999999,0.275998309994897,54.4581415408535,46.21,46.2527528114353,0.890425106132664,1.24570366023941
"8867675","2013-03-04",34.3356659241722,0.269662921348317,0.172284644194758,0.150436953807739,47.1718704889779,46.0384628443553,46.6051666666666,0.660136558864046,60.5189131014001,46.2872,46.2883857699106,0.864431731541848,1.1694492744999
"8867674","2013-03-05",34.5357543558628,0.741573033707865,0.346441947565544,0.218476903870162,47.3142415041672,46.0317584958327,46.6729999999999,1.13184722765704,69.1546962930967,46.382,46.4312676672559,0.978584499650115,1.13127631952994
"8867673","2013-03-06",34.8237422494374,0.735955056179776,0.582397003745319,0.367041198501872,47.4524964664899,45.9981702001766,46.7253333333333,1.03495561348298,68.9613109583566,46.4444,46.5537653116217,1.0544613351672,1.11591332265739
"8867672","2013-03-07",34.8255736022995,0.685393258426965,0.720973782771535,0.549937578027465,47.5418806499487,46.0254526833845,46.7836666666666,0.930617223104643,67.141525234269,46.5028,46.6479299367388,1.08597905359169,1.10992646884425
"8867671","2013-03-08",34.9295679387905,0.736263736263738,0.719204016956826,0.674191601157892,47.6474247304504,46.0292419362162,46.8383333333333,0.933613970663184,68.3411177364533,46.5584,46.745539278507,1.11841614852386,1.11162440478017
"8867670","2013-03-11",35.0261341083893,0.736263736263738,0.719306910318147,0.719828236682168,47.7329015991091,46.0437650675575,46.8883333333333,0.868038139637939,68.3411177364533,46.5944,46.8301340413727,1.13071787981132,1.1154430997864
"8867669","2013-03-12",34.907640230953,0.703296703296704,0.725274725274727,0.721261884183232,47.7958674777417,46.0711325222582,46.9334999999999,0.797533638449897,66.9243141660682,46.65,46.895449502523,1.11698438873544,1.11575135757621
"8867668","2013-03-13",35.0403179508562,0.741758241758242,0.727106227106228,0.723895954233033,47.8697740418591,46.0745592914741,46.9721666666666,0.816303847888731,67.763968642484,46.6956,46.9613895688533,1.1051877169725,1.11363862945547
"8867667","2013-03-14",35.2842285392789,0.791443850267383,0.745499598440776,0.732626850273909,47.9489171626545,46.0587495040121,47.0038333333333,0.84185679969301,69.3215650799048,46.7516,47.0358709596729,1.10519275589822,1.11194945474402
"8867666","2013-03-15",35.234050260755,0.731182795698925,0.75479496257485,0.74246692937395,48.0210254523499,46.0696412143167,47.0453333333333,0.792783615957277,67.4321822627159,46.7972,47.0910881650498,1.08052290347669,1.10566414449055
"8867665","2013-03-18",35.0247635675304,0.709677419354835,0.744101355107047,0.74813197204089,48.0739988235286,46.0906678431379,47.0823333333333,0.730756576280859,66.3198317670111,46.8364,47.1336097430432,1.04197335134191,1.09292598586082
"8867664","2013-03-19",33.4986970180618,0.516129032258061,0.65232974910394,0.717075355595278,48.0823030971326,46.0933635695339,47.0878333333333,0.58991391183688,57.178047798205,46.8604,47.1224617773041,0.9389260710158,1.06212600289182
"8867663","2013-03-20",32.561163295159,0.7258064516129,0.650537634408599,0.682322912873194,48.126669326673,46.0903306733269,47.1084999999999,0.738090718622235,63.110533526094,46.8932,47.1648002069969,0.913477167447674,1.03239623580299
"8867662","2013-03-21",31.0880321402918,0.517482517482514,0.586472667117825,0.629780016876787,48.1484924040519,46.144507595948,47.1464999999999,0.626497964942117,59.0447512488102,46.9068,47.1774935127306,0.852622769835398,0.996441542609472
"8867661","2013-03-22",29.7201246393436,0.24444444444445,0.495911137846621,0.577640479791014,48.1471872311022,46.2344794355644,47.1908333333333,0.588443549538188,59.2020022051077,46.9324,47.1898277110332,0.796902848426306,0.956533803772839
"8867660","2013-03-25",28.9227465247274,0.0555555555555599,0.272494172494174,0.451625992486206,48.1153193334749,46.3613473331916,47.2383333333333,0.538959192804877,55.3137833977582,46.95,47.1778506828954,0.71542045773525,0.908311134565321
"8867659","2013-03-26",28.8122155132834,0.425531914893621,0.24184397163121,0.336749760657334,48.0783401668522,46.5336598331477,47.3059999999999,0.709752136367945,60.9938245029391,46.9736,47.2141372585094,0.70259269128039,0.867167445908335
"8867658","2013-03-27",29.2692051550606,0.450819672131149,0.310635714193443,0.274991286106275,48.0817586444231,46.6622413555768,47.3719999999999,0.817948458169352,63.1553493558514,47.0032,47.2655856240415,0.709783756298754,0.835690707986419
"8867657","2013-03-28",30.1441909059714,0.716216216216216,0.530855934413662,0.36111187341277,48.1809341374264,46.7217325292401,47.4513333333333,1.04733126813056,69.3702467329646,47.0756,47.3781742075026,0.793113306969784,0.827175227783092
"8867656","2013-04-01",29.2885874885314,0.385135135135134,0.517390341160833,0.452960663255978,48.075224918211,46.9807750817889,47.5279999999999,0.818577110675576,59.0621323583014,47.13,47.4104176465023,0.766603043402836,0.815060790907041
"8867655","2013-04-02",27.9499746024556,0.256756756756758,0.452702702702702,0.500316326092398,48.0092784564974,47.1407215435025,47.5749999999999,0.674619146307598,55.6113944198743,47.1856,47.4130286269686,0.705095823194823,0.793067797364597
"8867654","2013-04-03",26.140532085197,0.0067567567567602,0.216216216216217,0.395436420026583,48.0147246124047,47.1172753875952,47.5659999999999,0.207318632179586,49.5412051869137,47.2232,47.3659581433728,0.586602579736306,0.751774753838939
"8867653","2013-04-04",24.4603354620282,0.0472972972972974,0.103603603603605,0.257507507507507,48.0205151404311,47.0884848595687,47.5544999999999,0.198328828537154,50.4850679275146,47.2548,47.3331637242564,0.497184346277812,0.700856672326714
"8867652","2013-04-05",23.3517328099266,0,0.0180180180180189,0.112612612612613,48.0267353843267,47.0645979490065,47.5456666666666,0.203091620614939,47.4576968280211,47.2748,47.2794085610223,0.389409226597004,0.638567183180772
"8867651","2013-04-08",23.3235354081546,0.499999999999998,0.182432432432431,0.101351351351351,48.081146143466,47.0525205232005,47.5668333333333,0.885465802317564,58.6902066613369,47.3404,47.3394874195526,0.435477483661217,0.597949243276861
"8867650","2013-04-09",23.4026238548568,0.718749999999998,0.406249999999999,0.202233483483482,48.1881142373208,47.0162190960124,47.6021666666666,1.0243643209528,62.4703238125526,47.4028,47.4382224302789,0.525358195916059,0.583431033804701
"8867649","2013-04-10",24.1845077978302,0.675000000000001,0.631249999999999,0.406644144144142,48.3528783505817,46.9564549827515,47.6546666666666,1.10296899879897,64.4710220357668,47.4396,47.5504594395751,0.623039919502699,0.5913528109443
"8867648","2013-04-11",24.699501359462,0.640000000000001,0.677916666666666,0.571805555555553,48.4625344794788,46.9317988538544,47.6971666666666,0.952614626415851,63.2010797196425,47.4740000000001,47.6383981809651,0.680375547826784,0.609157358320797
"8867647","2013-04-12",25.1777096666914,0.739999999999998,0.685,0.66472222222222,48.5836097477498,46.8970569189168,47.7403333333333,0.958331329315634,65.3039665746025,47.5200000000001,47.7412784235031,0.750697321507698,0.637465350958177
"8867646","2013-04-15",24.105899923952,0.105,0.494999999999999,0.619305555555554,48.5827288769654,46.8912711230344,47.7369999999999,0.389444475000723,46.9547121882495,47.5104000000001,47.661107967036,0.58483395876916,0.626939072520374
"8867645","2013-04-16",23.4835192263684,0,0.281666666666666,0.48722222222222,48.5938497391312,46.846483594202,47.7201666666666,0.204221502268925,44.5152373011897,47.4916000000001,47.5609602380979,0.409575561840136,0.583466370384326
"8867644","2013-04-17",23.0966857892288,0,0.0349999999999998,0.270555555555554,48.6061916911552,46.8168083088447,47.7114999999999,0.154536488503417,43.2526314520331,47.4704000000001,47.4581655396848,0.247257836431203,0.516224663593702
"8867643","2013-04-18",22.8832240271915,0,-2.96059473233375e-16,0.105555555555554,48.6380131228147,46.7159868771852,47.6769999999999,0.0974734120172281,42.2839508344084,47.4428000000001,47.3570768010602,0.101906232047355,0.433360977284432
"8867642","2013-04-19",21.4303895218706,0.103139013452914,0.0343796711509709,0.0231265570503222,48.6393213053226,46.706345361344,47.6728333333333,0.315741800731612,45.6348304973203,47.4192000000001,47.3001332275855,0.025484267290321,0.35178563528561
"8867641","2013-04-22",20.1173930930082,0.273542600896861,0.125560538116591,0.053313403089186,48.6406965628675,46.7266367704658,47.6836666666666,0.444097880105573,50.7249688671287,47.4136000000001,47.3014487972408,0.0294088669498871,0.287310281618466
"8867640","2013-04-23",19.3664976988249,0.506726457399102,0.294469357249625,0.151469855505728,48.6695343027939,46.7681323638727,47.7188333333333,0.653132623201129,56.6995284692112,47.4304,47.371922290942,0.11980430752927,0.253809086800626
"8867639","2013-04-24",18.705207988149,0.623318385650225,0.467862481315396,0.295964125560536,48.7181817088746,46.775484957792,47.7468333333333,0.728119322493216,59.353273842302,47.472,47.4676659854831,0.232838436397631,0.249614956720027
"8867638","2013-04-25",18.7481678231452,0.730941704035873,0.6203288490284,0.460886895864472,48.801561696333,46.7574383036669,47.7794999999999,0.841058993389556,61.6874329343157,47.5076,47.5826438540853,0.358738149766458,0.271439595329313
"8867637","2013-04-26",18.233545129478,0.623318385650225,0.659192825112108,0.582461385151967,48.8020362454176,46.7572970879156,47.7796666666666,0.731651389336808,58.0946910918523,47.5408,47.6502913402073,0.412784816486789,0.299708639560808
"8867636","2013-04-29",17.7094253504664,0.614349775784753,0.656203288490284,0.645241654210262,48.8369634608965,46.7570365391034,47.797,0.70497515026433,57.7926227887926,47.5728,47.7062524948463,0.446944054504317,0.32915572254951
"8867635","2013-04-30",18.3385136784673,0.633466135458166,0.623711432297715,0.646369181966701,48.9363371229338,46.7446628770661,47.8404999999999,0.845017818269486,60.2415481175202,47.6204,47.7840854955335,0.505233176718267,0.364371213383262
"8867634","2013-05-01",17.5411357821593,0.374501992031872,0.54077263442493,0.606895785070975,48.9537584627497,46.8079082039168,47.8808333333333,0.606795274145248,50.8533525850833,47.628,47.764874096129,0.436556377452257,0.378808246197061
"8867633","2013-05-02",16.7429820033057,0.362549800796812,0.45683930942895,0.540441125383864,48.9454973740588,46.8721692926078,47.9088333333333,0.463585116762072,50.4624693157968,47.6284,47.7442242166452,0.372767720786071,0.377600141114863
"8867632","2013-05-03",16.4257847554381,0.470119521912351,0.402390438247011,0.466667460700296,48.9459211846446,46.9554121486887,47.9506666666666,0.573348071956844,53.8971212281972,47.6192,47.7623276544258,0.363647276029289,0.374809568097748
"8867631","2013-05-06",15.4704988152318,0.239043824701193,0.357237715803452,0.405489154493136,48.9387364487852,46.937596884548,47.9381666666666,0.387647349864379,46.4471239311337,47.6064000000001,47.700683967169,0.255437557827354,0.350935166043669
"8867630","2013-05-07",14.68734097754,0.215139442231076,0.308100929614873,0.355909694555111,48.9097173580977,46.9046159752356,47.9071666666666,0.345144987353835,45.742722075368,47.5988,47.6392594382132,0.157636472157252,0.312275427266386
"8867629","2013-05-08",13.9255737878988,0.513157894736843,0.322447053889704,0.329261899769341,48.8776270372433,46.9150396294233,47.8963333333333,0.695490231486248,56.0347910902254,47.6404,47.7006915131181,0.223156147129933,0.294451571239095
"8867628","2013-05-09",13.8668455735023,0.0609137055837551,0.263070347517224,0.297872777007265,48.8198733882248,46.9057932784418,47.8628333333333,0.425377557290698,47.6576592926616,47.65,47.6552659780357,0.14809864117038,0.265180985225352
"8867627","2013-05-10",14.0414717073259,0,0.191357200106866,0.258958200504596,48.7328748105974,46.8904585227358,47.8116666666666,0.325410430429942,46.0544788378076,47.6608,47.5945638476309,0.0607529691286857,0.224295382006019
"8867626","2013-05-13",13.2367609911407,0.308457711442785,0.123123805675513,0.192517117766533,48.7582330290075,46.9181003043258,47.8381666666666,0.631421679583032,52.6951471339797,47.6644,47.6246220012801,0.0955178198418283,0.198539869573181
"8867625","2013-05-14",12.8968814025036,0.43781094527363,0.248756218905471,0.187745741562615,48.8049935590496,46.993673107617,47.8993333333333,0.791131993191105,55.1864802015711,47.6644,47.6853390677761,0.165151401956765,0.191862176049898
"8867624","2013-05-15",13.8288384006459,0.62837837837838,0.458215678364931,0.276698567648637,49.0659515332729,46.966048466727,48.016,1.17177704015981,63.0793186638022,47.6956,47.8686271920726,0.381216107160043,0.229732962271927
"8867623","2013-05-16",14.4858401409308,0.587837837837837,0.551342387163282,0.419438094811227,49.1780905538486,47.0862427794847,48.1321666666666,1.02322162894137,61.6475275090561,47.7248,48.0114768997963,0.52538966607365,0.288864303032271
"8867622","2013-05-17",15.095913185481,0.668918918918919,0.628378378378379,0.545978814635529,49.3383463521245,47.1299869812088,48.2341666666666,1.00829589367722,63.4351317382623,47.7556,48.1672799798234,0.671542388007129,0.365399920027243
"8867621","2013-05-20",15.829497223073,0.702702702702704,0.653153153153153,0.61095797289827,49.5130466680928,47.1446199985738,48.3288333333333,0.98182478324248,64.1842079539942,47.8412,48.3156426491803,0.794238110842693,0.451167558190333
"8867620","2013-05-21",15.9975968954362,0.614864864864866,0.662162162162163,0.647897897897897,49.6235113293211,47.1544886706788,48.389,0.833870299022159,60.7022401990977,47.9256,48.409556962623,0.837927845268061,0.528519615605878
"8867619","2013-05-22",16.4185122320434,0.554054054054055,0.623873873873875,0.646396396396396,49.7124812634788,47.1625187365211,48.4375,0.783337497065898,58.3424935082182,48.0076,48.4669493676066,0.832749315201786,0.58936555552506
"8867618","2013-05-23",15.3623078744797,0.222972972972972,0.463963963963965,0.583333333333333,49.7038127907347,47.1495205425985,48.4266666666666,0.434750353336337,47.5129344393138,48.054,48.386022785259,0.657867835298753,0.603066011479799
"8867617","2013-05-24",14.3815466853133,0.354729729729729,0.377252252252252,0.488363363363363,49.715195845525,47.1648041544749,48.44,0.531367730800247,51.3806798902879,48.1068,48.3678864138911,0.577606431935895,0.597974095571018
"8867616","2013-05-28",13.7185309625802,0.300675675675676,0.292792792792793,0.378003003003002,49.720205367087,47.1771279662463,48.4486666666666,0.479552332940099,49.7606186882509,48.138,48.330834892039,0.481755768352343,0.574730430127283
"8867615","2013-05-29",14.8557920340687,0,0.218468468468469,0.29617117117117,49.7756391129519,46.9690275537146,48.3723333333333,0.0359766373629585,37.9281519481912,48.0896,48.1027235731005,0.157860080739214,0.491356360249669
"8867614","2013-05-30",14.5374256223545,0.183615819209041,0.161430498294906,0.224230586518721,49.7778427881104,46.9368238785562,48.3573333333333,0.30734611392672,44.2417817517561,48.0568,47.9916937633537,0.00941426535820966,0.394967941271377
"8867613","2013-05-31",14.3078280401374,0.166666666666668,0.116760828625236,0.165553265129536,49.7879752114884,46.9013581218448,48.3446666666666,0.235099376564335,43.7989177354344,48.012,47.8874679282399,-0.117255080033773,0.292523337010347
"8867612","2013-06-03",14.5516999111498,0.048022598870057,0.132768361581922,0.13698656283402,49.8274572655245,46.769209401142,48.2983333333333,0.131052359596395,40.7257280585371,47.96,47.7411388711413,-0.285599783482049,0.176898712911868
"8867611","2013-06-04",14.7781523628041,0.135593220338984,0.116760828625236,0.12209667294413,49.8437455895883,46.7182544104116,48.2809999999999,0.207459314099187,43.856985674076,47.9212,47.6556536883224,-0.362777424968763,0.0689634853357418
"8867610","2013-06-05",15.1144821997609,0.114551083591333,0.0993889676001245,0.116306052602426,49.870689697808,46.6479769688585,48.2593333333333,0.159913838998242,42.9891703600718,47.8692,47.5668998632128,-0.437757536599082,-0.0323807190512229
"8867609","2013-06-06",14.6899379782805,0.0526315789473689,0.100925294292562,0.105691696839306,49.882807640554,46.5258590261126,48.2043333333333,0.194861777470569,41.3857003788262,47.8352,47.4633132147844,-0.525360779868556,-0.130976731214689
"8867608","2013-06-07",13.9088555121084,0.414860681114552,0.194014447884418,0.131442903259033,49.8910260023344,46.5633073309988,48.2271666666666,0.484824438305157,52.5384975012239,47.8492,47.5295381194798,-0.391427126781163,-0.183066810327984
"8867607","2013-06-10",13.3545170367052,0.500000000000001,0.32249742002064,0.205812387399205,49.9019671434997,46.6420328565001,48.2719999999999,0.535174533156699,54.5293988829814,47.8624,47.6202663702158,-0.24019436491769,-0.194492321245925
"8867606","2013-06-11",12.6823038777212,0.339622641509436,0.418161107541329,0.311557658482128,49.9007221077624,46.6379445589042,48.2693333333333,0.425625739716298,49.928219209959,47.8784,47.6308975208537,-0.204508069103015,-0.196495470817343
"8867605","2013-06-12",12.2845377845747,0.372950819672132,0.40419115372719,0.381616560429718,49.8805227764878,46.6071438901788,48.2438333333333,0.4000523074078,48.460346402437,47.89,47.6174445180732,-0.202697770666704,-0.197735930787216
"8867604","2013-06-13",11.9838196756561,0.352459016393442,0.355010825858336,0.392454362375617,49.7158064687121,46.6138601979545,48.1648333333333,0.397429987854396,48.0132417951433,47.8652,47.5991185823301,-0.20735726030271,-0.199660196690314
"8867603","2013-06-14",11.5199034975552,0.556485355648538,0.427298397238037,0.395500125607853,49.5862940705335,46.6403725961331,48.1133333333333,0.528287696755513,52.4539254395098,47.8888,47.6459027713528,-0.12989954092224,-0.1857080655367
"8867602","2013-06-17",11.0891241893187,0.740088105726871,0.549677492589617,0.443995571895329,49.4344921916027,46.6988411417305,48.0666666666666,0.630377252129212,55.5021765249308,47.9328,47.7331157351724,-0.00925772464498431,-0.150417997358357
"8867601","2013-06-18",10.6730355362713,0.609442060085838,0.635338507153749,0.537438132327133,49.2467697685321,46.7908968981344,48.0188333333333,0.701354070872562,54.533982423739,47.9484,47.7967003038161,0.0701839600681486,-0.106297605873055
"8867600","2013-06-19",10.7236654827019,0.278969957081545,0.542833374298085,0.575949791347149,49.0509118384382,46.8517548282283,47.9513333333333,0.459984667037695,46.9826614308817,47.9228,47.7491402633073,0.00305714081383357,-0.0844266565356777
"8867599","2013-06-20",12.2753769152517,0,0.296137339055794,0.491436406835875,48.9717283601773,46.6506049731559,47.8111666666666,-0.126636226291454,36.9051050855948,47.8016,47.519921561533,-0.285908165528237,-0.12472295833419
"8867598","2013-06-21",13.4654340593718,0.0161812297734619,0.098383728951669,0.312451480768515,49.0044987023092,46.435834631024,47.7201666666666,0.00162160907785709,37.4177356169244,47.6872,47.3279320199952,-0.501884529918017,-0.200155272650955
"8867597","2013-06-24",14.2982963737377,0.0485436893203879,0.0215749730312834,0.138698680346248,48.9459277646161,46.2984055687171,47.6221666666666,0.0988072665408072,38.4940570951967,47.5672,47.1748744173292,-0.649394305880935,-0.290003079296951
"8867596","2013-06-25",14.6644139971242,0.242718446601942,0.102481121898597,0.0741466079605152,48.8511569742172,46.2575096924493,47.5543333333333,0.301694957927094,44.645533175411,47.4672,47.1222244950186,-0.656442710087102,-0.363291005454981
"8867595","2013-06-26",14.3297683782605,0.388349514563106,0.226537216828479,0.116864437252785,48.853215079483,46.2964515871835,47.5748333333333,0.46290883626159,48.7828926151968,47.3956,47.1365945623495,-0.578314610056119,-0.406295726375209
"8867594","2013-06-27",13.4296417783596,0.423948220064726,0.351672060409925,0.226896799712332,48.8436366445266,46.2936966888066,47.5686666666666,0.546275599445142,49.7711915138704,47.3356,47.1637152873696,-0.491885497530331,-0.423413680606233
"8867593","2013-06-28",12.5938099355945,0.488673139158576,0.433656957928803,0.337288745055734,48.8521036102791,46.2988963897208,47.5754999999999,0.555289937115196,51.5998879779444,47.3228,47.213886582387,-0.384750336303419,-0.41568101174567
"8867592","2013-07-01",12.1659664785441,0.411003236245954,0.441208198489752,0.408845738942825,48.8574953269913,46.3311713396752,47.5943333333333,0.481132005670722,49.2812324165259,47.2848,47.225368371402,-0.336994209723218,-0.39994365134118
"8867591","2013-07-02",11.7349270542556,0.420711974110032,0.440129449838187,0.438331535418913,48.8635840145846,46.3457493187486,47.6046666666666,0.487555444610764,49.5861845969773,47.2544,47.2393192552151,-0.290668148906736,-0.378088550854291
"8867590","2013-07-03",11.3346761602733,0.43042071197411,0.420711974110032,0.434016540812656,48.8687826795827,46.3835506537505,47.6261666666666,0.486788624566241,49.9105199261414,47.284,47.2554100211864,-0.245993846672599,-0.351669610017953
"8867589","2013-07-05",10.9657787197096,0.43042071197411,0.427184466019417,0.429341963322544,48.8819717388048,46.4286949278617,47.6553333333333,0.544022753371456,49.9105199261414,47.2876,47.2693553516949,-0.208189249836477,-0.322973537981658
"8867588","2013-07-08",11.3799199630572,0.673139158576052,0.511326860841424,0.453074433656956,48.9220097048281,46.4146569618384,47.6683333333333,0.806432086782196,57.7849842888873,47.3236,47.3814413048022,-0.0498115933480148,-0.268341149054929
"8867587","2013-07-09",12.3531679608796,0.869688385269122,0.657749418606428,0.532086915155755,49.1128939065452,46.310439426788,47.7116666666666,1.05011300907921,65.4958689541762,47.416,47.6105824641619,0.240574260750726,-0.166558067093798
"8867586","2013-07-10",13.8026483399174,0.811414392059552,0.784747311968242,0.65127453047203,49.4000275707595,46.1759724292404,47.7879999999999,1.04755060191112,66.8146220865113,47.504,47.835838135607,0.497436442771959,-0.0337591651206467
"8867585","2013-07-11",15.927253304586,0.860082304526749,0.847061693951808,0.763186141508824,49.9129551640901,45.9200448359098,47.9164999999999,1.1436825411599,72.2893763492348,47.6348,48.1590597175261,0.850751281317086,0.1431429241669
"8867584","2013-07-12",17.9629983131592,0.884297520661157,0.851931405749152,0.827913470556399,50.3796917460444,45.7333082539555,48.0564999999999,1.0574586495232,73.2784375313982,47.7816,48.4658517551893,1.14814985491352,0.344144310316223
"8867583","2013-07-15",20.5250131160849,0.771593090211132,0.838657638466346,0.845883579389101,50.9037986280515,45.5092013719484,48.2064999999999,1.05428913869035,74.9174496149044,47.8952,48.777071521164,1.42116599931161,0.559548648115301
"8867582","2013-07-16",22.9707958681968,0.901437371663244,0.852442660845177,0.847677235020224,51.4899913519369,45.2586753147297,48.3743333333333,1.04654051348567,78.3642208854432,48.0316,49.1561286516755,1.74918407151821,0.797475732795882
"8867581","2013-07-17",24.4297666375632,0.793522267206477,0.822184243026951,0.837761514112823,51.9384599390284,45.1148733943048,48.5266666666666,0.944536507810388,73.0880600248387,48.1724,49.4313114981188,1.91823298331475,1.02162718289966
"8867580","2013-07-18",25.8319426068279,0.864,0.852986546289907,0.842537816720677,52.4133991519549,45.0382675147116,48.7258333333333,0.923156288841498,74.9074652024965,48.336,49.7231366317029,2.09072425766443,1.23544659785261
"8867579","2013-07-19",27.5006417288007,0.877737226277372,0.84508649782795,0.840085762381601,52.8614827077785,45.1878506255547,49.0246666666666,0.931173482285056,76.962158389966,48.5212,50.0413850808092,2.27757593225071,1.44387246473223
"8867578","2013-07-22",29.2277990563782,0.917543859649123,0.886427028642165,0.861500024253339,53.3030005149871,45.3739994850128,49.3384999999999,0.926051989890799,78.6880986529964,48.7056,50.377200403368,2.46626473571072,1.64835091892793
"8867577","2013-07-23",30.8315880034145,0.925925925925926,0.907069003950807,0.879527510140306,53.6613300528735,45.6340032804597,49.6476666666666,0.885641042707406,78.8774517690726,48.878,50.6749070162523,2.59073860226873,1.83682845559609
"8867576","2013-07-24",30.7261278852627,0.791887125220459,0.878452303598502,0.890649445397157,53.8860564291387,45.9296102375278,49.9078333333333,0.793535574018279,68.8622492712739,49.0236,50.831586080752,2.53751153128323,1.97696507073352
"8867575","2013-07-25",30.420975418655,0.737804878048781,0.818539309731722,0.868020205760342,54.0540627866331,46.2179372133667,50.1359999999999,0.743402599345834,67.525836515605,49.1956,50.9527079366517,2.44889817054199,2.07135169069521
"8867574","2013-07-26",30.2059284158455,0.763358778625954,0.764350260631731,0.82044729132065,54.2239954881939,46.5096711784727,50.3668333333333,0.751026521863981,69.6048539961976,49.4384,51.1056802117648,2.40707899569628,2.13849715169543
"8867573","2013-07-29",30.0895882442088,0.817694369973191,0.772952675549308,0.785280748637586,54.3672166427034,46.8441166906298,50.6056666666666,0.750916068999782,70.9936407970958,49.6892,51.2715895168628,2.38487970312351,2.18777366198104
"8867572","2013-07-30",30.3556763832169,0.8556338028169,0.812228983805348,0.783177306662128,54.4732130063467,47.2661203269864,50.8696666666666,0.771538064940464,72.8129912575457,49.9496,51.4607109146145,2.39197092528725,2.22861311464228
"8867571","2013-07-31",29.5528591806914,0.655303030303029,0.77621040103104,0.787130686795231,54.4438878483054,47.7851121516944,51.1144999999999,0.703565949922289,66.2337162748731,50.166,51.5579494593325,2.29200385736539,2.2412912631869
"8867570","2013-08-01",30.4714706506031,0.492385786802031,0.667774206640653,0.752071197159012,54.4576996585713,48.3526336747619,51.4051666666666,0.82784248447241,69.4985904157669,50.3864,51.7155561980882,2.27188303018975,2.24740961658747
"8867569","2013-08-02",30.447648051435,0.284090909090909,0.477259908731989,0.640414838801226,54.2259383242135,49.0573950091197,51.6416666666666,0.664778858325442,63.2697835512386,50.5816,51.7828153716764,2.14950442114796,2.22782857749957
"8867568","2013-08-05",30.4784088416755,0.306818181818181,0.361098292570373,0.502044135981004,53.9986575408625,49.6976757924707,51.8481666666666,0.667054882357667,63.807213929473,50.772,51.8517733221196,2.04120278851934,2.19050341970352
"8867567","2013-08-06",30.5069724326132,0.301282051282052,0.297397047397047,0.378585082899802,53.8424905389487,50.2018427943845,52.0221666666666,0.695340696646245,65.570402313232,50.9824,51.946203545837,1.97274311239535,2.14695135824189
"8867566","2013-08-07",29.7605921293745,0.126666666666665,0.244922299922299,0.301139213296572,53.6018267798826,50.7365065534506,52.1691666666666,0.613134533332915,60.2234496339792,51.174,51.9693764063921,1.82885914171458,2.08333291493643
"8867565","2013-08-08",29.1133732418298,0.349999999999999,0.259316239316239,0.26721186221186,53.536884497564,51.0481155024359,52.2924999999999,0.765526183678362,64.9150990946127,51.3912,52.0787928855398,1.79784080028029,2.0262344920052
"8867564","2013-08-09",27.9221068417493,0.236666666666667,0.237777777777777,0.24733877233877,53.3918771011671,51.3964562321661,52.3941666666666,0.643244634640169,60.9840922379948,51.5948,52.1282871674678,1.70065844412028,1.96111928242822
"8867563","2013-08-12",26.279571418782,0.126666666666665,0.237777777777777,0.244957264957263,53.2852008642364,51.6151324690967,52.4501666666666,0.420063154066956,57.3538126284993,51.7552,52.1271822118054,1.55457497578368,1.87981042109931
"8867562","2013-08-13",24.4114412660601,0.0533333333333322,0.138888888888888,0.204814814814813,53.2577039831651,51.6832960168348,52.4704999999999,0.319720593770356,55.0030763098597,51.8672,52.0968912502314,1.3887671184974,1.78160176057893
"8867561","2013-08-14",23.5308187854808,0,0.059999999999999,0.145555555555553,53.2638435359233,51.6738231307432,52.4688333333333,-0.092550047532191,48.9180251731633,51.9464,51.9879724168672,1.14804821258363,1.65489105097987
"8867560","2013-08-15",23.5639540762368,0,0.0177777777777773,0.0722222222222202,53.4690777916092,51.3625888750574,52.4158333333333,-0.273403863588063,42.8278689795989,51.9576,51.7949094279516,0.832423843108376,1.49039760940557
"8867559","2013-08-16",24.5767811452697,0,-1.27213054904966e-16,0.0259259259259241,53.8641445005832,50.70618883275,52.2851666666666,-0.312287104849273,35.6031781254056,51.916,51.478254837558,0.401713019282135,1.27266069138088
"8867558","2013-08-19",25.7447725206157,0,-1.27213054904966e-16,0.00592592592592442,54.1339222280668,50.0994111052664,52.1166666666666,-0.186576369648786,33.8986522843295,51.8484,51.1624875258836,0.00959837883507397,1.02004822887172
"8867557","2013-08-20",26.6708513010328,0.0071047957371224,0.00236826524570734,0.000789421748567773,54.2630316040108,49.6363017293224,51.9496666666666,-0.0503527118070218,34.3354983772762,51.7496,50.8941558557658,-0.29326269550114,0.75738604399715
"8867556","2013-08-21",27.9952465729541,0,0.00236826524570734,0.00157884349713693,54.4619147616158,49.0924185717174,51.7771666666666,-0.0557008009330064,30.8746295544845,51.6416,50.5776017416637,-0.628103104937316,0.480288214210256
"8867555","2013-08-22",29.2602094502717,0,0.00236826524570734,0.00236826524570609,54.613226294185,48.6017737058149,51.6074999999999,0.00802240281798678,30.6109161237621,51.5156,50.2965881761085,-0.893311405512054,0.205568290265794
"8867554","2013-08-23",30.5862957074179,0,-1.27213054904966e-16,0.00157884349713693,54.6925450332747,48.1417883000585,51.4171666666666,0.0541736445209042,29.4722970549872,51.3616,50.0250430859607,-1.12622046561573,-0.0607894609105114
"8867553","2013-08-26",31.8176615176252,0.0199203187250999,0.00664010624169983,0.00300279049580109,54.690084259881,47.7422490734522,51.2161666666666,0.105224755663339,30.7924402769216,51.1936,49.803037341166,-1.28151433302512,-0.304934435333434
"8867552","2013-08-27",33.2226829128157,0,0.00664010624169983,0.00442673749446526,54.6090361708641,47.3632971624691,50.9861666666666,0.119155479268198,28.7631224574965,51.0096,49.5639656956772,-1.44625819377118,-0.533199187020983
"8867551","2013-08-28",34.5273456369212,0.0214424951267055,0.0137876046172683,0.00902260570022141,54.5148397201485,47.0384936131848,50.7766666666666,0.166057907038154,30.3174387191657,50.8604,49.3714369362536,-1.54249266424999,-0.735057882466785
"8867550","2013-08-29",35.7388181664478,0.023157894736842,0.0148667966211824,0.0117648358267156,54.2051570145954,46.8348429854045,50.5199999999999,0.195173549218062,30.3174387191657,50.7156,49.2045786780864,-1.60133488590161,-0.908313283153749
"8867549","2013-08-30",37.1503960733823,0,0.0148667966211824,0.0145070659532098,54.0157044291097,46.5802955708902,50.2979999999999,0.198111198796386,27.9987012277449,50.542,49.0119681876749,-1.68870937857409,-1.06439250223782
"8867548","2013-09-03",39.1605100282861,0,0.00771929824561387,0.0124842971626583,53.8206680271358,46.2456653061975,50.0331666666666,0.135225653579123,22.20668423965,50.3128,48.6930390959849,-1.92594004273545,-1.23670201033734
"8867547","2013-09-04",41.1633933167021,0,-1.29526019539602e-16,0.00752869828893078,53.5961861901403,45.8448138098596,49.7204999999999,0.0819449974763552,21.054618703616,50.0588,48.3793005498536,-2.13893169732874,-1.41714794773562
"8867546","2013-09-05",43.1630147678394,0,-1.29526019539602e-16,0.00257309941520328,53.3471060514861,45.4682272818472,49.4076666666666,0.0975315660117359,19.8654595313054,49.8128,48.0673938098731,-2.33415954265003,-1.6005502667185
"8867545","2013-09-06",45.075015402967,0,-1.29526019539602e-16,-1.38402021325016e-15,52.8965789578184,45.2387543755148,49.0676666666666,0.119430648742204,19.3936180464024,49.54,47.7810746352234,-2.48350057994556,-1.77714032936392
"8867544","2013-09-09",46.986200168594,0,-1.29526019539602e-16,-1.38402021325016e-15,52.4104143779109,45.052585622089,48.7315,0.122873346822908,18.2279874989677,49.276,47.4929313505269,-2.62528745033618,-1.94676975355837
"8867543","2013-09-10",47.9058817382555,0.169354838709678,0.0564516129032258,0.0188172043010739,51.8505268410222,45.0294731589777,48.44,0.213631731344504,28.0129752205513,49.034,47.3272071704567,-2.60257398127259,-2.07793059910121
"8867542","2013-09-11",48.6825248972314,0.188790560471977,0.119381799727218,0.05861113754348,51.197432236688,45.1142344299785,48.1558333333333,0.228350112472537,28.1599241798116,48.782,47.1849128810624,-2.55450001371047,-2.17324448202307
"8867541","2013-09-12",49.3488055396913,0.235820895522388,0.197988764901347,0.124607392510596,50.5960760310245,45.2239239689754,47.91,0.258011317441355,30.4532464801797,48.5536,47.0815911635874,-2.46310093408336,-2.23121577243512
"8867540","2013-09-13",50.0060716988856,0.24025974025974,0.221623732084701,0.179664765571088,50.0951162951226,45.303550371544,47.6993333333333,0.265003754939682,30.1082244033227,48.2964,46.9853790084425,-2.37244084400108,-2.25946078674832
"8867539","2013-09-16",49.1426614006512,0.256578947368422,0.244219861050183,0.221277452678743,49.7896880213522,45.3149786453144,47.5523333333333,0.327400336328173,30.7838335182882,48.0544,46.9073284739835,-2.26802446253744,-2.26117352190614
"8867538","2013-09-17",48.3409232665764,0.284768211920529,0.260535633182897,0.242126408772593,49.527314865211,45.3083518014555,47.4178333333333,0.319584420350657,32.1955334984544,47.8288,46.850351344119,-2.14706589354194,-2.2383519962333
"8867537","2013-09-18",45.3525427536683,0.401294498381877,0.314213885890276,0.272989793374451,49.2254543353534,45.4175456646465,47.3215,0.540748526313241,38.6013164433592,47.6272,46.8516378315698,-1.96323413137418,-2.18332842326148
"8867536","2013-09-19",42.7759426565005,0.728395061728394,0.471485924010267,0.348745147694479,49.1313313587521,45.4596686412478,47.2955,0.766318942824364,52.7655201054866,47.4952,47.0020861206938,-1.60630132388854,-2.06792300338689
"8867535","2013-09-20",40.3010510373426,0.712962962962963,0.614217507691078,0.466639105863872,49.0419720078035,45.4973613255298,47.2696666666666,0.74365628388636,52.1867184599992,47.3908,47.125807971268,-1.31697520832988,-1.91773344437549
"8867534","2013-09-23",38.6360454798426,0.592920353982302,0.67809279289122,0.587932074864187,48.9735421373939,45.5251245292727,47.2493333333333,0.743783312289936,48.7326161724793,47.3192,47.1930335750989,-1.12606698694908,-1.75940015289021
"8867533","2013-09-24",37.1290309303347,0.798245614035089,0.701376310326785,0.66456220363636,48.9945752210964,45.5147581122369,47.2546666666666,0.880862928100195,56.2217196094854,47.2888,47.3472957650857,-0.842267874465086,-1.57597369720518
"8867532","2013-09-25",36.1198721213129,0.8252688172043,0.738811595073897,0.706093566097299,49.1270142338524,45.4503190994809,47.2886666666666,0.94006912209669,59.2490350365817,47.2704,47.5263229964076,-0.553594047661365,-1.37149776729642
"8867531","2013-09-26",35.1827960843641,0.830645161290322,0.818053197509903,0.752747034303527,49.24709525634,45.3942380769932,47.3206666666666,0.915103197156276,59.4267705913529,47.278,47.6841465968866,-0.318305542146968,-1.16085932226653
"8867530","2013-09-27",32.7878029008242,0.530744336569579,0.7288861050214,0.761916965868399,49.2388079412978,45.3968587253688,47.3178333333333,0.733952424359682,49.8305423085556,47.2548,47.7115937173017,-0.267553609238902,-0.982198179661004
"8867529","2013-09-30",30.4820608570041,0.512987012987014,0.624792170282305,0.723910490937868,49.2405041334213,45.3964958665786,47.3185,0.694631908864548,49.307696072052,47.238,47.7287145549948,-0.233090635622157,-0.832376670853235
"8867528","2013-10-01",29.231189037916,0.677852348993289,0.57386123284996,0.642513169384554,49.390120841126,45.3822124922072,47.3861666666666,0.808681376658835,54.8211300150926,47.2388,47.8155526143289,-0.113358355762794,-0.688573007835147
"8867527","2013-10-02",27.9247220429053,0.651006711409394,0.613948691129899,0.604200698087387,49.4973681024335,45.4739652308997,47.4856666666666,0.744651943830351,53.8860740614266,47.2504,47.880145599085,-0.0317013498774554,-0.557198676243608
"8867526","2013-10-03",26.3375260477397,0.397959183673469,0.575606081358717,0.587805335112858,49.4998660398451,45.6338006268215,47.5668333333333,0.575830756944544,46.1506367572966,47.2284000000001,47.8387928525404,-0.0889323283864707,-0.463545406672181
"8867525","2013-10-04",24.8637011950859,0.52097902097902,0.523314972020628,0.57095658150308,49.4970802541396,45.8322530791937,47.6646666666666,0.621515507300814,50.3559410283023,47.2224000000001,47.8562871388683,-0.0661438337406617,-0.384065092085877
"8867524","2013-10-07",23.94464088151,0.326612903225807,0.415183702626099,0.504701585335147,49.4181107190878,46.1035559475788,47.7608333333333,0.535952541104775,47.3681564500274,47.2188000000001,47.8314488536859,-0.0975207327822747,-0.326756220225157
"8867523","2013-10-08",22.7959152705646,0.0960451977401138,0.31454570731498,0.417681460653901,49.3876515891032,46.2833484108968,47.8355,0.546548288522364,48.1413377525399,47.2636000000001,47.8192556731944,-0.109342155321945,-0.283273407244514
"8867522","2013-10-09",21.6055968585386,0.169491525423727,0.197383208796549,0.309037539579208,49.3590510905909,46.4882822427423,47.9236666666666,0.619480187426826,49.621495582363,47.3248000000001,47.8260215834352,-0.0956866639104437,-0.2457560585777
"8867521","2013-10-10",21.310212903474,0.5,0.25517890772128,0.255702607944269,49.4097709003985,46.6722290996014,48.041,0.834484999060143,57.1235261601939,47.4276000000001,47.9305520389771,0.039331748445437,-0.188738497173073
"8867520","2013-10-11",21.6001014507318,0.675781249999998,0.448424258474575,0.300328791664134,49.5417883753623,46.840544957971,48.1911666666666,1.01291193939791,62.700947047753,47.5628000000001,48.1131451004469,0.258853255858971,-0.0992201465666641
"8867519","2013-10-14",21.4478519678253,0.585937499999999,0.587239583333333,0.430280916509728,49.6101482691076,47.0358517308924,48.323,0.92484098099474,59.9036962509037,47.7008000000001,48.2407257537206,0.38914984959717,-0.00154614733389727
"8867518","2013-10-15",21.3064774479835,0.589843749999999,0.617187499999999,0.550950447269301,49.5739567265783,47.3427099400883,48.4583333333333,0.905602825057138,59.9872781525826,47.814,48.3526289865579,0.488055352889649,0.096374152710812
"8867517","2013-10-16",21.1752011081305,0.664062500000001,0.61328125,0.605902777777776,49.6498314933236,47.460835173343,48.5553333333333,0.893483225837943,61.6241121230025,47.9344000000001,48.4749451216835,0.590905191301228,0.195280360428895
"8867516","2013-10-17",22.1482915097032,0.539215686274509,0.597707312091503,0.609392020697166,49.817571579644,47.4347617536892,48.6261666666666,0.946461703215065,60.9178720670481,48.0468,48.5742857721257,0.656165205330272,0.287457329409171
"8867515","2013-10-18",23.7564833800273,0.790155440414507,0.664477875563005,0.625155479218168,50.2871102681319,47.2408897318681,48.764,1.19791401334572,70.9551083231226,48.2172,48.8470476691756,0.928281624116423,0.415622188350621
"8867514","2013-10-21",25.3970578056674,0.844444444444445,0.72460519037782,0.662263459344108,50.7413418945915,47.0976581054084,48.9195,1.12587758212447,72.9335600286364,48.4008,49.1327746466189,1.18903047777525,0.570303846235548
"8867513","2013-10-22",27.335651319796,0.818574514038876,0.81772479963261,0.735602621857811,51.236441748035,46.9085582519649,49.0725,1.09324609877587,74.7833712132233,48.596,49.4297380270697,1.43729994126927,0.743703065242291
"8867512","2013-10-23",29.3542436523464,0.854209445585215,0.839076134689512,0.793802041566646,51.7544442457304,46.7065557542696,49.2305,1.06185208359188,76.939368804914,48.7948,49.7497729567937,1.68836624726316,0.932635701646466
"8867511","2013-10-24",30.3897346765661,0.772073921971253,0.814952627198448,0.823917853840189,52.1039784848746,46.633688181792,49.3688333333333,0.923713039877832,71.3483375361962,48.9328,49.9738032292212,1.79954317872215,1.1060171970616
"8867510","2013-10-25",31.5451735917024,0.797916666666667,0.808066678074378,0.820698479987445,52.4368287512959,46.6655045820374,49.5511666666666,0.900630184487418,72.1121916381063,49.0784,50.1866294653251,1.88692426457973,1.26219861056523
"8867509","2013-10-28",32.7997806406325,0.860995850622408,0.810328813086776,0.811116039453199,52.7867812019444,46.7332187980555,49.76,0.910226766926202,74.4683706415078,49.254,50.4310788699484,2.00359781393253,1.41047845123869
"8867508","2013-10-29",33.9647729003533,0.835784313725491,0.831565610338189,0.81665370049978,53.0905640300789,46.784435969921,49.9375,0.854549306960535,74.4683706415078,49.4008,50.6429350206219,2.07049265022852,1.54248129103665
"8867507","2013-10-30",35.3245710933187,0.785145888594164,0.827308684314021,0.823067702579661,53.36638996381,46.89161003619,50.129,0.835300971503143,74.5238440240571,49.5344,50.8278770178723,2.09955331751284,1.65389569633189
"8867506","2013-10-31",35.2487676476759,0.623342175066313,0.748090792461989,0.802321695704732,53.4487499278605,47.1915834054728,50.3201666666666,0.717856862493495,65.2155180447476,49.6428,50.9068267488227,2.00208462143145,1.7235334813518
"8867505","2013-11-01",34.8383647758248,0.577127659574468,0.661871907744982,0.745757128173663,53.4850302071957,47.4939697928042,50.4895,0.668111585763237,62.8591213148566,49.7772,50.952583182313,1.87610435687831,1.7540476564571
"8867504","2013-11-04",33.4567369340049,0.411602209944751,0.537357348195177,0.649106682800715,53.3994992681645,47.8958340651687,50.6476666666666,0.571891485414363,55.9442735465131,49.892,50.9202387580046,1.67153337369459,1.7375447999046
"8867503","2013-11-05",31.6881100078697,0.331491712707183,0.440073860742134,0.54643437222743,53.2568645669353,48.3271354330646,50.792,0.515146200661147,52.5979200983489,49.9736,50.8535402569373,1.44685850012383,1.67940753994845
"8867502","2013-11-06",30.0458135764585,0.0371900826446265,0.260094668432187,0.412508625789831,53.0919309786229,48.7370690213771,50.9145,0.454571847448774,53.5269853386758,50.062,50.8077348893457,1.26850944391121,1.597227920741
"8867501","2013-11-07",29.1456069492867,0,0.122893931783936,0.274354153652751,52.9913315436233,49.0180017897099,51.0046666666666,0.438422763319441,51.5910736740928,50.1732,50.7467035707663,1.0892296151199,1.49562825961678
"8867500","2013-11-08",27.0788920502475,0,0.0123966942148756,0.131795098143665,52.9606437866347,49.0890228800319,51.0248333333333,0.230130258478724,43.6260881807563,50.2384,50.5938097613308,0.818247534008876,1.3601521144952
"8867499","2013-11-11",25.6752303248373,0.157407407407407,0.0524691358024689,0.0625865872670923,52.8892331605137,49.2631001728195,51.0761666666666,0.325479833342878,49.3522566219403,50.336,50.5293017931533,0.676916775106595,1.22350504661748
"8867498","2013-11-12",24.3718301512422,0.225308641975308,0.127572016460905,0.0641459488260817,52.7906912187808,49.4836421145524,51.1371666666666,0.332529449706337,51.6344842506206,50.4396,50.5027282207329,0.593227036823962,1.09744944465878
"8867497","2013-11-13",22.923403021566,0.061728395061727,0.148148148148147,0.109396433470506,52.7150060529312,49.617327280402,51.1661666666666,0.122459239359703,46.2299290421047,50.5168,50.4090311246352,0.437059004798446,0.96537135668671
"8867496","2013-11-14",21.8022838334218,0.157407407407407,0.148148148148147,0.141289437585732,52.6429283591033,49.75940497423,51.2011666666666,0.218689062512226,49.5557746093291,50.5768,50.3691603080172,0.358761430105647,0.844049371370497
"8867495","2013-11-15",20.7612445872879,0.163580246913581,0.127572016460905,0.141289437585732,52.6560631601027,49.6952701732306,51.1756666666666,0.231265687876681,49.7716303170482,50.61,50.3372722669482,0.296492755410704,0.734538048178539
"8867494","2013-11-18",20.1877076663461,0.274691358024691,0.198559670781893,0.158093278463647,52.6452668436788,49.6573998229877,51.1513333333333,0.353407130582857,53.6188810388102,50.6668,50.3576359646884,0.301407365082507,0.647911911559332
"8867493","2013-11-19",19.9531025905257,0.455938697318007,0.298070100752093,0.208067262664962,52.5969199903189,49.6404133430144,51.1186666666666,0.455352713270473,56.6020256315354,50.7352,50.41528450273,0.349302879645985,0.588190105176663
"8867492","2013-11-20",19.735255020121,0.527196652719664,0.419275569354121,0.305301780296034,52.478461305835,49.6522053608316,51.0653333333333,0.476883433558519,57.2922671334133,50.7988,50.474579902366,0.393808772349891,0.549313838611309
"8867491","2013-11-21",19.9758721595741,0.597222222222223,0.526785857419965,0.414710509175392,52.4220123575118,49.6526543091548,51.0373333333333,0.532257776630355,57.603488660232,50.8656,50.5299692487172,0.428817590209074,0.525214588930862
"8867490","2013-11-22",20.1993023604949,0.685185185185185,0.603201353375691,0.516420926716591,52.341720678883,49.6699459877835,51.0058333333333,0.585149395552671,59.6109349792647,50.884,50.6033066822216,0.481217502471187,0.516415171638927
"8867489","2013-11-25",19.5098761639285,0.529999999999998,0.604135802469135,0.578041004421596,52.1483030132178,49.7296969867821,50.939,0.486631417858107,53.5723536596836,50.8708,50.6108657912587,0.450480252630858,0.503228187837313
"8867488","2013-11-26",18.6294160728358,0.469999999999999,0.561728395061727,0.58968851696885,51.9377796242425,49.7982203757574,50.868,0.446406407418811,51.9530197136659,50.838,50.6014170190909,0.4023462494948,0.483051800168811
"8867487","2013-11-27",18.0727326257067,0.625,0.541666666666666,0.569176954732508,51.6530266001982,49.9539733998017,50.8035,0.62153827787843,55.6800275492504,50.7988,50.6345614165454,0.408908874968295,0.468223215128708
"8867486","2013-11-29",18.5694853159753,0.686363636363638,0.593787878787879,0.565727646838756,51.6180115617847,49.9746551048818,50.7963333333333,0.952529129357751,60.5679507816109,50.794,50.7246198943394,0.481720610545544,0.470922694212075
"8867485","2013-12-02",18.7863212956937,0.627802690582961,0.646388775648867,0.593947773701136,51.6136416153667,49.9770250512999,50.7953333333333,0.916306023226571,58.8952258760237,50.7792,50.7880039084275,0.515789514703591,0.479896058310378
"8867484","2013-12-03",18.9876689911465,0.668161434977578,0.660775920641393,0.633650858359378,51.6909945676247,49.9473387657086,50.8191666666666,0.901933301608747,59.8717135499765,50.75,50.8549367206371,0.550596815669024,0.494036209782107
"8867483","2013-12-04",18.7684386727548,0.515306122448978,0.603756749336506,0.63697381520892,51.760160441379,49.9351728919542,50.8476666666666,0.822741927848045,57.1118244641775,50.714,50.8902784912189,0.544829483326392,0.504194864490964
"8867482","2013-12-05",18.6525282608814,0.497487437185928,0.560318331537495,0.608283667171797,51.8316812568528,49.9373187431471,50.8845,0.80027691596401,57.1118244641775,50.6776,50.920908025723,0.534055568769021,0.510167005346576
"8867481","2013-12-06",19.7578400894895,0.59591836734694,0.536237308993949,0.566770796622649,52.0831897760883,49.8378102239116,50.9605,1.08765120521424,65.9892119018742,50.6988,51.0581202889599,0.649245409174726,0.537982686112206
"8867480","2013-12-09",19.7082931604154,0.391666666666666,0.495024157066512,0.530526599199318,52.1623777475344,49.9539555857989,51.0581666666666,0.896285946514393,58.5931747886352,50.708,51.1143709170986,0.658363323518074,0.562058813593379
"8867479","2013-12-10",18.5380356238273,0.0166666666666663,0.334750566893424,0.455337344317961,52.15184718754,50.0104861457932,51.0811666666666,0.416953129403985,47.5930211874329,50.7028,51.0431214614855,0.517477769432872,0.553142604761278
"8867478","2013-12-11",17.8330156277938,0,0.136111111111111,0.321961945023681,52.1554525345147,49.9995474654853,51.0775,0.236769485747602,44.9666404593617,50.6988,50.9467052666207,0.360453131155536,0.51460471004013
"8867477","2013-12-12",17.1160903228283,0.137404580152672,0.0513570822731129,0.174072920092548,52.0868033722717,50.1695299610616,51.1281666666666,0.438367336668979,49.1508367966318,50.7056,50.9111445644046,0.289624981594794,0.469608764351062
"8867476","2013-12-13",16.4503739682175,0.270992366412214,0.136132315521629,0.10786683630195,52.0682614486842,50.2734052179824,51.1708333333333,0.540393207411207,52.9001824608944,50.7328,50.9269919558174,0.28567645916544,0.432822303313938
"8867475","2013-12-16",17.7096472427078,0.592948717948719,0.333781888171202,0.17375709532198,52.2993440723193,50.2636559276806,51.2815,1.14441763184029,62.5787564912596,50.8356,51.0927263617084,0.45754338786308,0.437766520223766
"8867474","2013-12-17",18.8789724261631,0.785256410256412,0.549732498205782,0.339882233966203,52.6204348459283,50.169898487405,51.3951666666666,1.14944965801655,66.4826093095792,50.942,51.3163628468139,0.679623068661139,0.486137829911241
"8867473","2013-12-18",20.3595868769237,0.649025069637883,0.675743399281005,0.519752595219328,52.908417511877,50.0902491547896,51.4993333333333,1.05733599545841,65.0216178704724,51.0348,51.4941811339054,0.826149764807371,0.554140216890467
"8867472","2013-12-19",21.3629064212023,0.577656675749318,0.670646051881204,0.632040649789329,53.1210203706393,50.073312962694,51.5971666666666,0.946073004401889,62.4358108905867,51.1404,51.6202903160514,0.898356411293211,0.622983455771016
"8867471","2013-12-20",22.2945602837467,0.626702997275203,0.617794914220802,0.654728121794336,53.2905660130378,50.0794339869621,51.685,0.873180960359905,63.7659383069619,51.2408,51.7535849405778,0.971986538026881,0.692784072222189
"8867470","2013-12-23",22.5665813447989,0.53950953678474,0.581289736603087,0.623243567568363,53.3851414327475,50.1168585672524,51.751,0.745490787166559,59.7175394931255,51.3276,51.8264402818341,0.968948061557451,0.748016870089241
"8867469","2013-12-24",22.8191723300617,0.53950953678474,0.568574023614895,0.58921955814626,53.4476550882565,50.2136782450768,51.8306666666666,0.706969117526296,59.7175394931255,51.4,51.8895815775896,0.955356652040584,0.78948482647951
"8867468","2013-12-26",22.5943929960513,0.474114441416894,0.517711171662125,0.555858310626701,53.4646620444804,50.3576712888528,51.9111666666666,0.645532028329248,56.5923054191565,51.4508,51.912304033911,0.89685344654995,0.810958550493598
"8867467","2013-12-27",22.1020081309818,0.433242506811988,0.482288828337874,0.52285800787163,53.4664869200556,50.4678464132777,51.9671666666666,0.554302385686218,54.6666961254073,51.4928,51.9119968293895,0.817743728262887,0.812315586047456
"8867466","2013-12-30",21.2689120752867,0.37874659400545,0.428701180744777,0.476233726914924,53.4743718554638,50.5012948112028,51.9878333333333,0.488395860757607,52.1202153127288,51.5256,51.8850639188042,0.715725566839565,0.792997582205878
"8867465","2013-12-31",20.4953228807127,0.400544959128065,0.404178019981834,0.438389343021494,53.4792810811739,50.542718918826,52.011,0.475822068093664,53.0620748580798,51.554,51.8723887296303,0.639953302519469,0.762388726268596
"8867464","2014-01-02",20.059687790192,0.00302114803625317,0.260770900389923,0.36455003370551,53.4986520570427,50.4793479429572,51.989,0.19893724989167,41.092389545621,51.5552,51.714736899013,0.403880498966691,0.690687080808215
"8867463","2014-01-03",19.6551694918513,0,0.13452203572144,0.266490318697731,53.5316747533995,50.3886585799338,51.9601666666666,0.149964681710969,41.092389545621,51.5612,51.5781053124779,0.21393100138678,0.595335864923928
"8867462","2014-01-06",18.9809001249251,0.0454545454545471,0.0161585644969337,0.137150500202764,53.5492608083397,50.3270725249935,51.9381666666666,0.212979735506684,43.1215401130859,51.5608,51.4796912708142,0.0856259091495559,0.493393873769054
"8867461","2014-01-07",17.8986823750226,0.103030303030304,0.0494949494949506,0.0667251832377734,53.5172911214584,50.2533755452082,51.8853333333333,0.297176126485325,45.6742172319289,51.5496,51.4197324347056,0.0134667315741854,0.39740844533008
"8867460","2014-01-08",16.7308399897074,0.115151515151516,0.0878787878787892,0.05117743395689,53.5054953530908,50.1998379802424,51.8526666666666,0.326761638586526,46.2214202194937,51.5444,51.3731014434115,-0.037065030773431,0.310513750109378
"8867459","2014-01-09",16.4557059620206,0.266666666666667,0.161616161616163,0.0996632996632996,53.4934406318416,50.3038927014916,51.8986666666666,0.476381187874165,52.6427326082683,51.5556,51.39935458429,0.00142314468518645,0.24869562902454
"8867458","2014-01-10",17.2857369421292,0.636029411764708,0.339282531194297,0.196259160229748,53.5013662294203,50.5129671039129,52.0071666666666,0.725148417288186,61.1379384980301,51.6076,51.535440639718,0.163290658202131,0.231614634860058
"8867457","2014-01-13",17.1011760520599,0.474103585657371,0.458933221362916,0.319943971391124,53.4925300332273,50.643803300106,52.0681666666666,0.556809005739934,54.454765767176,51.6380000000001,51.5813818877556,0.204402242963519,0.22617215648075
"8867456","2014-01-14",16.9297980827098,0.501992031872511,0.537375009764864,0.445196920774024,53.4841732916456,50.7378267083543,52.1109999999999,0.495994678870151,55.1393492676256,51.6380000000001,51.6305309693882,0.245043425402813,0.229946410265163
"8867455","2014-01-15",16.30287175799,0.394422310756972,0.456839309428952,0.484382513518909,53.4330581675272,50.715275165806,52.0741666666666,0.419971535673671,51.8989925479096,51.6460000000001,51.6371268401364,0.232338171233559,0.230424762458842
"8867454","2014-01-16",15.5995075755375,0.366533864541833,0.420982735723772,0.471732351639195,53.3105242429754,50.7118090903578,52.0111666666666,0.390522822513513,51.0611911372577,51.6872000000001,51.6335099281183,0.208920418652214,0.226123893697517
"8867453","2014-01-17",15.1798784734834,0.394422310756972,0.385126162018593,0.420982735723771,53.1553236979861,50.7423429686805,51.9488333333333,0.447989638509851,51.8974390403663,51.7416000000001,51.6397086043692,0.199007243912241,0.220700563740462
"8867452","2014-01-21",15.7417729377239,0.573705179282869,0.444887118193892,0.416998671978751,53.0507255579498,50.7866077753834,51.9186666666666,0.691980589531889,56.985954458761,51.7996000000001,51.7050807904533,0.258430367738005,0.22824652453997
"8867451","2014-01-22",16.26353208309,0.641434262948206,0.536520584329349,0.45551128818061,52.9683755823709,50.8249577509623,51.8966666666666,0.755044377561929,58.7607751400109,51.8504000000001,51.7844033517262,0.32812452730604,0.248222125093184
"8867450","2014-01-23",16.8286250486375,0.649402390438247,0.621513944223107,0.534307215582115,52.9556310563267,50.8300356103398,51.8928333333333,0.774668133315622,58.975239928054,51.8564000000001,51.8558162381627,0.381913405489809,0.274960381172509
"8867449","2014-01-24",16.74457086992,0.508474576271185,0.599770409885879,0.585934979479444,52.9270471941004,50.8392861392328,51.8831666666666,0.702848883981554,54.6873365057412,51.8272000000001,51.8803740730743,0.376556083153834,0.295279521568774
"8867448","2014-01-27",16.3720951894341,0.400921658986174,0.519599541898535,0.580294632002506,52.8907296702097,50.8436036631235,51.8671666666666,0.586055604812265,52.6269980708008,51.7972000000001,51.8829908633311,0.346532230198204,0.30553006329466
"8867447","2014-01-28",15.4771640714423,0.262910798122066,0.390769011126475,0.503379654303629,52.8663651803163,50.8323014863502,51.8493333333333,0.462636371601648,48.8078876402267,51.7648000000001,51.8492587482203,0.277542614617943,0.299932573559317
"8867446","2014-01-29",14.9006977170056,0,0.221277485702747,0.377215346242585,52.8562358423201,50.8230974910131,51.8396666666666,0.46081591465953,47.5686965049807,51.7216000000001,51.8080242484576,0.206462649840811,0.281238588815615
"8867445","2014-01-30",15.3588029695819,0.126506024096386,0.129805607406151,0.247284034745123,52.8704380448494,50.8255619551505,51.8479999999999,0.626495032129227,50.7131203316351,51.6996000000001,51.8002876819966,0.180748635047601,0.261140598062013
"8867444","2014-01-31",16.2047360252717,0.276729559748426,0.134411861281604,0.161831651463499,52.8940317286787,50.9303016046545,51.9121666666666,0.729749832294772,53.9691800345385,51.6868000000001,51.824249324397,0.193956804451201,0.24770383933985
"8867443","2014-02-03",15.2061214966518,0,0.134411861281604,0.132876443323119,52.8177162481793,51.0859504184873,51.9518333333333,0.327632584682068,41.8117000639683,51.6460000000001,51.7196827478108,0.0572589926567613,0.209614870003232
"8867442","2014-02-04",14.6051367816731,0,0.0922431865828087,0.120355636382004,52.8286045432617,51.0687287900715,51.9486666666666,-0.067464302440836,37.6351587601487,51.5940000000001,51.5717250481026,-0.117195295549122,0.144252836892762
"8867441","2014-02-05",14.5875973058083,0,1.11022302462516e-16,0.0755516826214698,52.976127104695,50.8388728953049,51.9074999999999,-0.205344265261806,34.2116661204233,51.5340000000001,51.3901617083556,-0.315075038206891,0.052387261872831
"8867440","2014-02-06",14.0686288041293,0.102739726027396,0.0342465753424655,0.0421632539750904,53.0410230702609,50.715976929739,51.8784999999999,-0.00687166136644173,38.7144362680373,51.4828000000001,51.2728068139082,-0.420463212664857,-0.0421828330347065
"8867439","2014-02-07",13.4048689218957,0.113013698630136,0.0719178082191776,0.03538812785388,53.0865846958879,50.5637486374454,51.8251666666666,0.0764687140790337,39.1628556687814,51.4768000000001,51.1750992387205,-0.493865660450299,-0.132519398517825
"8867438","2014-02-10",12.6688742879823,0.123287671232876,0.113013698630136,0.0730593607305921,52.9955032636457,50.4761634030208,51.7358333333333,0.165587000321989,39.6384876020178,51.4720000000001,51.0944193402244,-0.541283165989659,-0.214272152012192
"8867437","2014-02-11",13.4990611832752,0.40068493150685,0.212328767123288,0.132420091324199,52.9564950729992,50.475838260334,51.7161666666666,0.548575844665346,50.8187122087077,51.4936000000001,51.1324967615278,-0.445822150136765,-0.260582151637107
"8867436","2014-02-12",14.3220687942731,0.777397260273971,0.433789954337899,0.25304414003044,53.028185736333,50.4528142636669,51.7404999999999,0.828561015623411,61.30150195008,51.5516000000001,51.3121638599908,-0.194643060260291,-0.247394333361743
"8867435","2014-02-13",16.0596686563783,0.57377049180328,0.583950894528033,0.410023205329739,53.1615237225704,50.4168096107628,51.7891666666666,0.879213750844141,59.2013556479996,51.6012000000001,51.4452086786587,-0.022579083457297,-0.202431283380854
"8867434","2014-02-14",17.9509522805293,0.833746898263027,0.728304883446759,0.58201524410423,53.5182946774833,50.2667053225166,51.8924999999999,1.08458591347948,67.9622231766184,51.6812000000001,51.7285141881708,0.306668128109888,-0.100611401082706
"8867433","2014-02-18",20.164703084493,0.851380042462844,0.75296581084305,0.688407196272613,53.9949530689491,50.0530469310508,52.0239999999999,1.11628391147554,71.3768714572265,51.7532000000001,52.0607122964147,0.659068666964724,0.0513246125267802
"8867432","2014-02-19",22.2898040563243,0.821576763485477,0.835567901403783,0.772279531897863,54.3657482596836,49.8925850736497,52.1291666666666,1.02032530520392,70.7521811480412,51.8448000000001,52.3419506568928,0.917755495261741,0.224610789073772
"8867431","2014-02-20",24.5056834040417,0.706333973128599,0.793096926358973,0.793876879535268,54.6715057669075,49.7824942330924,52.227,0.944466122644699,67.2050140531505,51.9224000000001,52.5483572359737,1.06584954962374,0.392858541183766
"8867430","2014-02-21",26.9739239548789,0.770134228187919,0.766014988267332,0.798226605343361,55.144782787081,49.5872172129189,52.3659999999999,1.02013181456749,72.1006004091499,52.0472000000001,52.8485762711772,1.30597716131717,0.575482265210448
"8867429","2014-02-24",29.3657357687529,0.829545454545455,0.768671218620657,0.77592771108232,55.6632388578725,49.4050944754608,52.5341666666666,1.00108037490259,74.4479097847201,52.1956000000001,53.1780994350203,1.55507162452262,0.771400137072882
"8867428","2014-02-25",31.2392357666898,0.801948051948052,0.800542578227142,0.778409595038376,56.0602072825285,49.3441260508048,52.7021666666666,0.902193864765607,72.3061010701233,52.3344000000001,53.4410195103509,1.7047656600359,0.958073241665486
"8867427","2014-02-26",32.9789143362027,0.808873720136519,0.813455742210008,0.794223179685935,56.4204926900509,49.352507309949,52.8865,0.864106582229935,72.801784436883,52.4592000000001,53.6822169089708,1.81579779994061,1.12961815332051
"8867426","2014-02-27",34.6008766286378,0.8147512864494,0.808524352844657,0.807507557760601,56.7406719228051,49.4053280771948,53.073,0.829500572961748,73.0098832869098,52.5788000000001,53.8965879877747,1.88657463831758,1.28100945031993
"8867425","2014-02-28",36.5644108732149,0.835526315789474,0.819717107458464,0.813899067504375,57.1150510882023,49.4186155784643,53.2668333333333,0.85295559828481,74.8732278205451,52.7120000000001,54.1303762560714,1.97228765115423,1.41926509048679
"8867424","2014-03-03",37.4307239346119,0.726755218216319,0.792344273485064,0.806861911262727,57.3725721211546,49.4787612121787,53.4256666666666,0.767846969950749,68.6362156664061,52.8388000000001,54.2743260885952,1.95112873516092,1.52563781942161
"8867423","2014-03-04",38.3913148624837,0.824884792626728,0.795722108877507,0.80259449660701,57.6650434083035,49.6276232583631,53.6463333333333,0.801133110896453,72.4550664002321,52.9984000000001,54.4897492767825,2.01109852440606,1.6227299604185
"8867422","2014-03-05",38.7695179455903,0.769585253456221,0.773741754766423,0.787269379042996,57.8195696276924,49.9634303723075,53.8915,0.749719775777732,69.2501835020784,53.1592000000001,54.6444493732115,1.99902362113147,1.6979886925611
"8867421","2014-03-06",38.3491390054062,0.551948051948053,0.715472699343667,0.761645520995864,57.7859993131238,50.5066673535428,54.1463333333333,0.685502370386623,64.3934721970851,53.3084000000001,54.72785612345,1.91085793107542,1.74056254026396
"8867420","2014-03-07",37.6082271076835,0.434782608695653,0.585438638033309,0.691551030714465,57.6861117082819,51.0705549583847,54.3783333333333,0.645364434623231,62.1692875309969,53.4420000000001,54.7761419736567,1.79360250476976,1.75117053316512
"8867419","2014-03-10",36.9202374883695,0.460144927536231,0.482291862726646,0.594401066701206,57.4889463082244,51.7277203584421,54.6083333333333,0.629891335603955,62.7087315386667,53.5692000000001,54.8273230438358,1.69136570270438,1.73920956707297
"8867418","2014-03-11",35.2748005250924,0.271739130434783,0.388888888888889,0.485539796549613,57.1344035240746,52.4882631425919,54.8113333333333,0.530563002479649,56.287692837552,53.7132000000001,54.802346637991,1.51633336219625,1.69463432609763
"8867417","2014-03-12",33.7468947734779,0.0497512437810953,0.260545100584036,0.377241950733189,56.8470133211692,53.0873200121641,54.9671666666666,0.496320621870899,57.1954067374471,53.8784000000001,54.7940337529255,1.37651754307997,1.6310109694941
"8867416","2014-03-13",32.5466756356341,0.253731343283581,0.19174057249982,0.28039152065758,56.6337451386923,53.569588194641,55.1016666666666,0.557111957120796,60.7904616283401,54.0760000000001,54.8414959192021,1.31093536569409,1.5669958487341
"8867415","2014-03-14",31.0460522829495,0.159203980099503,0.154228855721393,0.202171509601748,56.341228283911,54.0947717160889,55.218,0.472697743543399,58.3449331461114,54.2540000000001,54.8572964633085,1.21690936662955,1.49697855231319
"8867414","2014-03-17",29.9821551671054,0.283582089552239,0.232172470978441,0.192713966399883,56.2124698524889,54.383530147511,55.298,0.552124918647616,60.5913969007813,54.4408000000001,54.904323601534,1.16566844650385,1.43071653115132
"8867413","2014-03-18",29.0888412613536,0.402985074626867,0.281923714759536,0.222775013819789,56.1883742831873,54.5196257168126,55.354,0.631435818284993,62.672603509638,54.6360000000001,54.9770804546628,1.14695465473227,1.37396415586751
"8867412","2014-03-19",27.8794092131213,0,0.228855721393035,0.247650635710336,56.1450985600411,54.5949014399589,55.37,0.117252976639615,48.8866988582824,54.7512000000001,54.8814697273745,0.946392326917822,1.28844979007757
"8867411","2014-03-20",27.5122276869762,0,0.134328358208955,0.215035931453841,56.2645251098825,54.4248082234507,55.3446666666666,-0.288889499268679,43.6707088819874,54.7984000000001,54.7186070970579,0.69101561228877,1.16896295451981
"8867410","2014-03-21",25.6126615062018,0.199275362318842,0.066425120772947,0.143203066791645,56.2877637963173,54.3352362036826,55.3115,0.132186162502561,49.0383742469497,54.8744000000001,54.6507928174502,0.563125757290961,1.04779551507404
"8867409","2014-03-24",23.8487786240542,0.3,0.166425120772947,0.122392866584949,56.263229697809,54.2571036355243,55.2601666666666,0.19252513840989,51.1353609287999,54.9092000000001,54.6226871084568,0.49009861420013,0.93625613489926
"8867408","2014-03-25",22.4731408987543,0.410480349344979,0.30325190388794,0.17870071514461,56.2488525134802,54.215480819853,55.2321666666666,0.308774099417278,52.5966569400894,54.9244000000001,54.6196621606626,0.4506855395217,0.839142015823748
"8867407","2014-03-26",21.6992415922122,0.532110091743119,0.414196813696033,0.294624612785639,56.2273032044687,54.2026967955311,55.2149999999999,0.451430889036416,54.6067765878354,54.9504000000001,54.6463738725742,0.446803820866526,0.760674376832303
"8867406","2014-03-27",20.7221499987228,0.462962962962962,0.468517801350353,0.395322172978108,56.1991281413465,54.1658718586534,55.1824999999999,0.331550993883427,52.8514738673551,54.9812000000001,54.6481906895643,0.41528197259737,0.691595895985317
"8867405","2014-03-28",19.9136766941745,0.490740740740741,0.495271265148941,0.459328626731774,56.0820139106367,54.1749860893632,55.1284999999999,0.381927959228073,53.4556841156747,54.9780000000001,54.6577652642891,0.394609772036159,0.632198671195485
"8867404","2014-03-31",19.881788947817,0.597222222222224,0.516975308641975,0.493588125047089,56.0496784738783,54.1769881927883,55.1133333333333,0.565858906076884,55.7943031298038,54.9632000000001,54.6967298957172,0.407466896707498,0.587252316297888
"8867403","2014-04-01",19.7958406065712,0.583333333333335,0.5570987654321,0.523115113074337,55.8940546537275,54.237612012939,55.0658333333333,0.530688254504966,55.4032764628683,54.9540000000001,54.7264992429549,0.408473522675434,0.551496557573397
"8867402","2014-04-02",19.2778362779012,0.476851851851852,0.55246913580247,0.542181069958847,55.765022281308,54.2689777186919,55.017,0.406197090086751,52.37278244727,54.9316000000001,54.7216326772276,0.371053141521505,0.515407874363019
"8867401","2014-04-03",18.973147632492,0.578703703703703,0.546296296296296,0.551954732510287,55.7109260169801,54.2797406496864,54.9953333333333,0.547513062636072,54.9132100663,54.9164000000001,54.7467483202639,0.369575646400544,0.486241428770524
"8867400","2014-04-04",18.1643497623502,0.453703703703705,0.503086419753086,0.53395061728395,55.6738332537408,54.2778334129258,54.9758333333333,0.481494744785788,51.2968778909654,54.8760000000001,54.7325152108954,0.324841304354018,0.453961403887223
"8867399","2014-04-07",17.1115345226595,0.381395348837208,0.471267585414872,0.506883433821417,55.6277763347748,54.2588903318918,54.9433333333333,0.327110025109327,49.2279555695666,54.8468000000001,54.6988465161093,0.262761146124024,0.415721352334583
"8867398","2014-04-08",16.6716023050929,0.297674418604651,0.377591157048521,0.450648387405492,55.6233457590677,54.2373209075989,54.9303333333333,0.329007394962055,46.9345386556227,54.7832000000001,54.6456669806281,0.184844909969217,0.36954606386151
"8867397","2014-04-09",16.2630938173525,0.206249999999999,0.295106589147286,0.381321777203558,55.6187736926022,54.2308929740644,54.9248333333333,0.441277374264683,50.2617840653962,54.7388000000001,54.6315780498777,0.156725276830261,0.32698190645526
"8867396","2014-04-10",15.7086180771353,0.105960264900664,0.203294894501771,0.291997546899191,55.5770973553775,54.222569311289,54.8998333333333,0.409070419616518,49.1553959109877,54.7064000000001,54.6087009765607,0.121219942197448,0.285829513603698
"8867395","2014-04-11",14.7380351797118,0,0.104070088300221,0.200823857316425,55.5543086422804,54.1806913577195,54.8674999999999,0.239738277889948,46.2757625743358,54.6728000000001,54.5608741796859,0.061311732863234,0.240925957455605
"8867394","2014-04-14",14.3989995976591,0.115384615384615,0.0737816267617594,0.127048869854583,55.4790917269126,54.1892416064206,54.8341666666666,0.416656983402896,49.0319088125541,54.6436000000001,54.5434242890611,0.039985668364606,0.200737899637405
"8867393","2014-04-15",14.6925666059378,0.237179487179485,0.117521367521366,0.0984576941944477,55.3578094337304,54.2501905662695,54.804,0.649871047592906,51.8404463310771,54.6428000000001,54.553634383853,0.0506160926289523,0.170713538235715
"8867392","2014-04-16",15.7686428511915,0.715736040609136,0.356100047724412,0.182467680669178,55.5734170498194,54.1415829501805,54.8574999999999,1.19083888064696,63.6483009376568,54.6796000000001,54.7011497993392,0.210232542317579,0.178617339052087
"8867391","2014-04-17",16.0088798784505,0.511848341232227,0.488254623006949,0.320625346084241,55.6007526695058,54.2922473304941,54.9464999999999,1.05546837423096,58.7279229302,54.6868000000001,54.7849964927607,0.284456733391436,0.199785217919957
"8867390","2014-04-21",15.282428592339,0.289099526066351,0.505561302635904,0.44997199112242,55.61696663113,54.3350333688699,54.976,0.661734888575894,52.5026104921684,54.6828000000001,54.7949969603926,0.270853271479021,0.21399882863177
"8867389","2014-04-22",14.6078666838068,0.308056872037914,0.369668246445497,0.454494724029449,55.6178614376241,54.3724718957091,54.9951666666666,0.525293290926159,52.959629290514,54.6704000000001,54.8089973656736,0.262925431462291,0.223784149197874
"8867388","2014-04-23",14.9076910809298,0.28436018957346,0.293838862559241,0.38968947054688,55.636267446664,54.3883992200026,55.0123333333333,0.639704922049177,52.2824326330166,54.6464000000001,54.8144643835838,0.2464358029312,0.228314479944539
"8867387","2014-04-24",15.2008908059683,0.450236966824646,0.347551342812007,0.337019483938914,55.6757102180152,54.3796231153181,55.0276666666666,0.805277836530688,56.4777421779151,54.6840000000001,54.8658691324393,0.281607245006299,0.238973032956891
"8867386","2014-04-25",16.0198519963155,0.402843601895735,0.37914691943128,0.340179041600842,55.7308805249177,54.3887861417489,55.0598333333333,0.81555157767675,54.990138753668,54.7416000000001,54.8970865814474,0.291366998175713,0.249451826000656
"8867385","2014-04-28",17.0212305419025,0.692660550458715,0.515247039726365,0.413981767323216,55.8912086180789,54.3364580485877,55.1138333333333,1.05925369449105,62.0878300206883,54.8036000000001,55.0121417039211,0.39141644153915,0.277844749108354
"8867384","2014-04-29",17.6065277268102,0.611607142857141,0.569037098403863,0.487810352520502,55.9981099118998,54.2968900881001,55.1475,0.948207803208523,59.9290153718514,54.8508000000001,55.0931894767316,0.444812322641308,0.311238263814945
"8867383","2014-04-30",17.7829153141391,0.544642857142856,0.61630351681957,0.566862551649932,56.066715376784,54.290284623216,55.1785,0.814206824862493,57.6174262796902,54.8856000000001,55.143430879834,0.459746629275992,0.340939936907155
"8867382","2014-05-01",16.9228694098447,0.339285714285713,0.498511904761903,0.561284173328445,56.0929831009496,54.3226835657171,55.2078333333333,0.644325858373149,51.1070570035435,54.8932000000001,55.1256400958562,0.399643626504353,0.352680674826594
"8867381","2014-05-02",16.5837301679278,0,0.294642857142856,0.469819426241442,56.0976880213485,54.2869786453181,55.1923333333333,0.25755358324681,42.8352117998649,54.8780000000001,55.0128880830753,0.242260815318951,0.330596702925066
"8867380","2014-05-05",16.5816921957256,0,0.113095238095237,0.302083333333331,56.1354663806979,54.1888669526354,55.1621666666666,0.0810642969254052,40.7899190128365,54.8520000000001,54.8871696719986,0.0854917937565203,0.281575721091357
"8867379","2014-05-06",16.5797997929664,0.115702479338843,0.0385674931129475,0.148768529450346,56.1475688721771,54.1570977944895,55.1523333333333,0.177295821811433,44.5889625414408,54.828,54.8155470490655,0.00221890526366231,0.225704357925818
"8867378","2014-05-07",15.700863862516,0.206611570247934,0.107438016528925,0.0863669159123691,56.1427680687469,54.1845652645864,55.1636666666666,0.37556617417311,47.4423695541633,54.814,54.7828074425234,-0.0310743611959374,0.174348614101467
"8867377","2014-05-08",15.6138855951094,0.570247933884298,0.297520661157025,0.147842056932965,56.196240524685,54.213759475315,55.205,0.73455457500983,56.984351528939,54.8444,54.871766450187,0.071279173837846,0.153734726048743
"8867376","2014-05-09",14.5249283005527,0.322314049586777,0.366391184573003,0.257116620752983,56.1969496214004,54.2533837119329,55.2251666666667,0.476760928741014,50.2814359663423,54.842,54.8688642568287,0.0633393602742505,0.135655652893844
"8867375","2014-05-12",13.7649598111745,0.239669421487602,0.377410468319559,0.347107438016528,56.1734668841567,54.3138664491767,55.2436666666667,0.30443827618777,48.2443109828624,54.8424,54.8396823559182,0.0273075490548003,0.113986032126035
"8867374","2014-05-13",14.0626109609606,0,0.18732782369146,0.310376492194673,56.2187330637435,54.2239336029232,55.2213333333333,0.0281062824499446,41.4606778554515,54.8192,54.7143913751291,-0.110525402465089,0.0690837452078105
"8867373","2014-05-14",14.3390013143334,0.0154440154440151,0.0850378123105389,0.216592034773851,56.2621671831421,54.1108328168579,55.1865,0.0755347560203413,41.929657553333,54.8048,54.6111391917786,-0.211684836716064,0.0129300288230356
"8867372","2014-05-15",14.5956494996081,0.0270270270270271,0.0141570141570137,0.0955075500530031,56.2306750563912,53.9659916102754,55.0983333333333,0.0518137416773131,42.3029984310392,54.782,54.5256539662081,-0.284334663266061,-0.0465229095947838
"8867371","2014-05-16",14.4429711284198,0.0386100386100391,0.0270270270270268,0.0420739511648588,56.1918553430139,53.8544779903194,55.0231666666667,0.134989760774762,42.6997261433851,54.7636,54.4555667707137,-0.333759668226763,-0.10397026132118
"8867370","2014-05-19",14.65505001288,0,0.0218790218790218,0.0210210210210198,56.2142622705082,53.7110710628251,54.9626666666667,0.104771169578765,40.3116688498827,54.744,54.3628245346185,-0.404013327169794,-0.163978874490903
"8867369","2014-05-20",15.8992031927497,0,0.0128700128700127,0.0205920205920195,56.3295374723219,53.4184625276781,54.874,-0.0567244737716373,33.224531017667,54.6832,54.1691145966694,-0.579782958695529,-0.247139691331828
"8867368","2014-05-21",17.0544882883429,0.0468750000000017,0.0156250000000003,0.016791344916344,56.3788851009617,53.1807815657049,54.7798333333333,0.0383201376307521,35.3834718376414,54.6208,54.0212326504468,-0.689462195163237,-0.33560419209811
"8867367","2014-05-22",17.7331346916754,0.125000000000002,0.0572916666666675,0.0285955598455592,56.3436954323704,53.0266379009629,54.6851666666666,0.15174958356043,38.9275444090972,54.5268,53.9264016303872,-0.730973929031475,-0.414678139484783
"8867366","2014-05-23",17.9741131202016,0.259375000000001,0.143750000000001,0.0722222222222221,56.2565670689376,52.953099597729,54.6048333333333,0.279575045611018,44.5599712999996,54.4632,53.9015480796689,-0.691649500929314,-0.470072411773689
"8867365","2014-05-27",16.7198513619165,0.403125000000002,0.262500000000001,0.154513888888889,56.0544220333876,53.0019112999457,54.5281666666666,0.474392664435121,49.8846677470164,54.4368,53.9413416690464,-0.58486252983454,-0.493030435385859
"8867364","2014-05-28",15.8859721759803,0.509375,0.390625000000001,0.265625,55.8653304652615,53.0760028680718,54.4706666666666,0.603728702797356,53.4438805155685,54.4224,54.0211627798402,-0.444282709147803,-0.483280890138248
"8867363","2014-05-29",15.1432806041538,0.607508532423207,0.506669510807736,0.386598170269245,55.7110397566218,53.1432935767114,54.4271666666666,0.671161777374497,54.9635343254986,54.416,54.1103410758615,-0.30702942805485,-0.448030597721569
"8867362","2014-05-30",14.453638430315,0.757201646090534,0.62469505950458,0.507329856770771,55.6144411932005,53.1842254734661,54.3993333333333,0.70876061709814,55.5880061309533,54.398,54.1956289324133,-0.187270445780063,-0.395878567333268
"8867361","2014-06-02",13.9891961780083,0.562770562770564,0.642493580428101,0.591286050246805,55.5889524063647,53.1797142603019,54.3843333333333,0.52863975905113,49.0024357608864,54.3624000000001,54.1975450747582,-0.170829277004192,-0.350868709267453
"8867360","2014-06-03",13.9209464372776,0.463203463203463,0.594391890688187,0.620526843540288,55.5830760306691,53.1629239693308,54.373,0.395461114183021,46.4768189853039,54.2912000000001,54.1685390647905,-0.189861018863202,-0.318667171186602
"8867359","2014-06-04",13.8895245137858,0.454545454545456,0.493506493506494,0.576797321540926,55.5664559703753,53.1382106962913,54.3523333333333,0.394711350045525,46.2535738912841,54.2248000000001,54.1407338561517,-0.205577718773164,-0.296049280703915
"8867358","2014-06-05",14.0191221707615,0.490774907749079,0.469507941832666,0.519135442009114,55.5385530755323,53.1441135911343,54.3413333333333,0.649791493584926,49.8830417225336,54.1756000000001,54.1539693419982,-0.174308793427591,-0.27170118324865
"8867357","2014-06-06",14.6070527883841,0.763754045307445,0.569691469200659,0.510901968179938,55.4974310307936,53.1695689692063,54.3335,1.00683129073758,60.4606362255125,54.1860000000001,54.3027734297317,0.00364978916518321,-0.216630988765883
"8867356","2014-06-09",15.0391831761152,0.744336569579289,0.66628850754527,0.568495972859531,55.5499168944794,53.1417497721872,54.3458333333333,0.948819902625618,59.6705742940479,54.2232000000001,54.4237369724342,0.13386864987055,-0.146531061038597
"8867355","2014-06-10",15.321159235369,0.710884353741496,0.739658322876076,0.658546099874001,55.6164532636172,53.1148800697161,54.3656666666666,0.864170835465096,58.8425095524232,54.2664000000001,54.5205720427763,0.225334001750932,-0.0721580484806911
"8867354","2014-06-11",14.3392987115232,0.427509293680297,0.62757673900036,0.677841189807234,55.6546579056988,53.1276754276344,54.3911666666666,0.657829876857268,50.2127175986472,54.2708000000001,54.5124957704061,0.193426225919424,-0.019041193600668
"8867353","2014-06-12",14.1778814267848,0.0176991150442474,0.385364254155346,0.584199772010593,55.6513914651785,53.1116085348214,54.3814999999999,0.381289067504066,43.4497012210263,54.2392000000001,54.4148296676853,0.0666503857818856,-0.00190287772415729
"8867352","2014-06-13",13.4876219565354,0.067567567567567,0.170925325430703,0.394622106195469,55.6553120490731,53.1286879509268,54.392,0.460949210157931,45.2029788533282,54.1784000000001,54.3501857119939,-0.0115803804969894,-0.00383837827872371
"8867351","2014-06-16",12.5805431266606,0.288288288288289,0.124518323633367,0.226935967739804,55.6846215544007,53.1527117789325,54.4186666666666,0.612431599824319,50.591918094239,54.1612000000001,54.3594942837281,-0.000865673879968387,-0.00324383739897264
"8867350","2014-06-17",12.2284346348327,0.44144144144144,0.265765765765765,0.187069804943277,55.7487128315628,53.1956205017704,54.4721666666666,0.723715632999915,53.9742391832822,54.1656000000001,54.4128950458977,0.0573980520725659,0.00888454049533506
"8867349","2014-06-18",12.7126663047419,0.591093117408907,0.440274282379545,0.276852790592891,55.8222151933363,53.3544514733303,54.5883333333333,0.900497553846441,58.3129889228719,54.2192000000001,54.5231757064446,0.172588910019988,0.0416254144002657
"8867348","2014-06-19",13.9484845561855,0.773993808049536,0.602176122299961,0.436072056815089,56.1048334050575,53.393833261609,54.7493333333333,1.15437104615696,65.8291516015927,54.3128000000001,54.7574189455854,0.412249508406015,0.115750233201416
"8867347","2014-06-20",15.5028052263188,0.764227642276423,0.709771522578288,0.584073975752597,56.4482221093208,53.3864445573458,54.9173333333333,1.14428804287048,67.7555734438891,54.4180000000001,55.0030964195073,0.640668605397998,0.220733907640732
"8867346","2014-06-23",17.1548667871813,0.781725888324873,0.773315779550277,0.695087808142841,56.8169437688887,53.3447228977779,55.0808333333333,1.09496023151098,69.2713898483627,54.5324000000001,55.250683563573,0.848661273387452,0.346319380790076
"8867345","2014-06-24",18.7145257874417,0.770780856423175,0.772244795674823,0.751777365934462,57.1423445996268,53.2886554003731,55.2155,1.00025656809758,69.0026703537402,54.6556000000001,55.4625924217633,0.997860475259649,0.476627599683991
"8867344","2014-06-25",20.1627805733978,0.793450881612091,0.781985875453379,0.775848816892825,57.4184758819626,53.249190784704,55.3338333333333,0.930009771822083,69.5746467396545,54.8164000000001,55.6582467655282,1.11532977571125,0.604368034889442
"8867343","2014-06-26",21.6038114888592,0.83375314861461,0.799328295549958,0.784519655559385,57.6880344334037,53.219632233263,55.4538333333333,0.905700573076496,70.6128293470953,54.9776000000001,55.8491471967911,1.21664866225812,0.726824160363179
"8867342","2014-06-27",22.3371629291618,0.765743073047859,0.797649034424853,0.792987735142729,57.8703552068039,53.2439781265294,55.5571666666666,0.806107055714248,66.4897536500558,55.1180000000001,55.9785942372189,1.24297278846508,0.830053885983559
"8867341","2014-06-30",23.6141308321157,0.740196078431372,0.779897433364613,0.792291587779807,58.0466944796734,53.3376388536599,55.6921666666666,0.810288682638407,66.1814879978156,55.2404000000001,56.0881150055897,1.24618568341046,0.91328024546894
"8867340","2014-07-01",25.5453522564998,0.786427145708583,0.764122099062604,0.780556188950689,58.3456212158139,53.434378784186,55.89,0.945236963377085,72.497998585879,55.3812000000001,56.3056996715111,1.3644522091568,1.00351463820651
"8867339","2014-07-02",25.3521104393792,0.549382716049383,0.692001980063112,0.745340504163442,58.3921198394574,53.6792134938759,56.0356666666666,0.706737257625929,58.2373516077184,55.4636,56.3449397153096,1.28244409242411,1.05930052905003
"8867338","2014-07-03",24.4442890278998,0.382151029748284,0.572653630502083,0.676259236542598,58.3928253793839,53.8388412872827,56.1158333333333,0.541172739343829,53.1139473246098,55.5196,56.3109477532684,1.13141202122577,1.07372282748518
"8867337","2014-07-07",23.2894954706069,0.272952853598015,0.401495533131893,0.555383714565695,58.4052571141846,53.8847428858153,56.145,0.489308001061034,50.9375537368227,55.564,56.2508213861659,0.967642778735422,1.05250681773523
"8867336","2014-07-08",22.2171871674063,0.233802816901408,0.296302233415902,0.423483799016625,58.4201212449736,53.9478787550264,56.184,0.505068300012275,52.8377544483181,55.6384,56.2267118680105,0.858101549165724,1.01362576402133
"8867335","2014-07-09",20.6513742590332,0,0.16891855683314,0.288905441126977,58.4170906118582,54.0139093881418,56.2155,0.429861316706687,48.5912964793491,55.7044,56.1471502856091,0.700061214243841,0.95091285406583
"8867334","2014-07-10",19.4886133389963,0,0.0779342723004686,0.181051687516502,58.3790585664263,54.139274766907,56.2591666666666,0.359466104521448,46.5757312956703,55.7624,56.0488635808612,0.536925202099781,0.86811532367262
"8867333","2014-07-11",18.1357684596012,0.0295857988165684,0.00986193293885534,0.085571587357487,58.2311613064658,54.4585053602008,56.3448333333333,0.353816513391322,47.6389166541243,55.8132,55.977015103413,0.417157457112216,0.777923750360539
"8867332","2014-07-14",17.2567004718956,0,0.00986193293885534,0.0325527127260586,58.0912197905205,54.7201135428128,56.4056666666666,0.234310757106599,45.0330612192434,55.812,55.878746422958,0.279979929341523,0.678334986156736
"8867331","2014-07-15",16.8921977384173,0,0.00986193293885534,0.00986193293885423,58.037844076259,54.8134892570743,56.4256666666666,0.0898921156364408,41.9231887037949,55.7996,55.7482468998969,0.120540122837665,0.566776013492922
"8867330","2014-07-16",16.9769681586239,0,-8.13007069074464e-16,0.00657462195923552,58.0580789450228,54.7775877216438,56.4178333333333,0.0332507961751218,39.0211956290697,55.776,55.5898139799106,-0.0548028014618396,0.44246025050197
"8867329","2014-07-17",17.0556835488157,0,-8.13007069074464e-16,0.0032873109796168,58.1292293302429,54.6294373364238,56.3793333333333,0.0506399610479355,39.0211956290697,55.78,55.4525054492559,-0.191951859028183,0.315577828595939
"8867328","2014-07-18",17.2215245484284,0,-8.13007069074464e-16,-1.91455647631974e-15,58.175667514224,54.4066658191093,56.2911666666667,0.0937474189382013,38.3867248671927,55.8084,55.3241713893551,-0.30763477848037,0.190935307180677
"8867327","2014-07-21",17.3755197623544,0.104651162790697,0.0348837209302314,0.0116279069767422,58.1359746081998,54.2633587251335,56.1996666666666,0.205711410302781,44.6206044577009,55.8488,55.2729485374411,-0.330003963572645,0.0867474530300128
"8867326","2014-07-22",17.1336422401281,0.167664670658681,0.0907719444831252,0.0418852218044508,58.0344370336155,54.1695629663844,56.102,0.264891002692453,46.0573544755777,55.874,55.2432220657823,-0.327918186515641,0.00381432512088202
"8867325","2014-07-23",17.1328478039231,0.187499999999998,0.153271944483125,0.0929758699654927,57.9187643456313,54.077568987702,55.9981666666666,0.257497363918997,44.4758258572803,55.88,55.1987924570113,-0.342810663891646,-0.0655106726816236
"8867324","2014-07-24",17.0393769016537,0.1875,0.180888223552892,0.14164403750638,57.7835665654818,54.0061001011848,55.8948333333333,0.278996493754803,44.1261608977963,55.8656,55.1562867960765,-0.35495492723655,-0.123399523592609
"8867323","2014-07-25",17.5064601164094,0.0251256281407022,0.133375209380233,0.155845125805415,57.6091212088136,53.930545457853,55.7698333333333,0.227294818815497,40.2627258792563,55.796,55.0741152232663,-0.409728058179382,-0.180665230509964
"8867322","2014-07-28",16.8956138056148,0.0101522842639574,0.0742593041348858,0.129507579022669,57.4554772415343,53.876856091799,55.6661666666666,0.285904504945068,39.9305183761549,55.7124,54.9988998601641,-0.452465427817328,-0.235025269971436
"8867321","2014-07-29",16.3283993741627,0.0962566844919786,0.0438448656322119,0.0838264597157757,57.2338482230827,53.875818443584,55.5548333333333,0.312935945207605,42.6484279340752,55.6248000000001,54.9550465454756,-0.4576666457625,-0.279553545129649
"8867320","2014-07-30",16.8168806910316,0,0.0354696562519778,0.0511912753396908,56.6739572536273,54.0610427463726,55.3675,0.102933813134963,35.8747257716856,55.5132000000001,54.8343736727455,-0.546771412064229,-0.332997118516565
"8867319","2014-07-31",15.9820511295316,0,0.0320855614973254,0.0371333611271706,56.3748556593309,54.0954776740024,55.2351666666666,0.117512611359332,31.5260623267991,55.378,54.6631238497128,-0.683649974528366,-0.403127689718925
"8867318","2014-08-01",15.3931098315784,0,-8.14163551391781e-16,0.022518405916433,56.4196125206876,53.7417208126456,55.0806666666666,-0.197314729989085,27.1338354668291,55.2116000000001,54.4320406697511,-0.874611280216053,-0.497424407818351
"8867317","2014-08-04",15.6892310562082,0,-8.14163551391781e-16,0.0106951871657735,56.5091667972968,53.3194998693698,54.9143333333333,-0.172274999799728,23.2513848315519,55.0284000000001,54.1397685804509,-1.11709983451922,-0.621359493158525
"8867316","2014-08-05",16.098668578386,0,-8.14163551391781e-16,-1.90125692967058e-15,56.5417504875418,52.9095828457915,54.7256666666666,-0.131119915001687,22.6445434846293,54.8412000000001,53.8704661030575,-1.31394272938714,-0.759876140404248
"8867315","2014-08-06",16.9337281012933,0,-8.14163551391781e-16,-1.90125692967058e-15,56.6441497379809,52.4025169286857,54.5233333333333,-0.127902850877818,20.6164288166516,54.6004000000001,53.5810706226498,-1.51741188454901,-0.911383289233201
"8867314","2014-08-07",17.1400231469599,0.0582750582750583,0.0194250194250186,0.00647500647500458,56.6393762930665,52.0542903736001,54.3468333333333,0.0172391447230331,24.926561556758,54.4144000000001,53.3635945396298,-1.62396894969506,-1.05390042132557
"8867313","2014-08-08",15.9341189305652,0.146853146853146,0.0683760683760672,0.0292670292670273,56.4911296904118,51.8928703095881,54.192,0.174804483720656,31.0542384515235,54.2640000000001,53.2257819343459,-1.63302975009953,-1.16972628708037
"8867312","2014-08-11",15.4853007870879,0.398601398601397,0.2012432012432,0.0963480963480941,56.3263984240896,51.8676015759103,54.097,0.390777710538925,44.8356295702947,54.1660000000001,53.2503443430998,-1.45979096386458,-1.22773922243721
"8867311","2014-08-12",14.6598834986659,0.328671328671328,0.29137529137529,0.186998186998184,56.212563000787,51.7967703325463,54.0046666666666,0.330607989052627,42.3059301794809,54.0476000000001,53.2316317640198,-1.35237181877116,-1.252665741704
"8867310","2014-08-13",14.4702759627654,0.389277389277388,0.37218337218337,0.288267288267285,56.1163118649066,51.7636881350933,53.94,0.42035455206198,45.1921233676575,53.9572000000001,53.2500808621505,-1.2138169697226,-1.24489598730772
"8867309","2014-08-14",14.7963846374292,0.428904428904428,0.382284382284381,0.348614348614346,56.0325501110609,51.7531165556057,53.8928333333333,0.49310656431098,47.057053584069,53.8824000000001,53.2887367471971,-1.06592703344504,-1.20910219653518
"8867308","2014-08-15",15.680138602859,0.575757575757576,0.464646464646463,0.406371406371404,55.9999619839421,51.7583713493911,53.8791666666666,0.643224571237846,53.3870377456659,53.8288000000001,53.4062385142375,-0.843671030647186,-1.13601596335758
"8867307","2014-08-18",16.5007672850438,0.636363636363636,0.547008547008546,0.464646464646462,55.9372460187855,51.7770873145478,53.8571666666666,0.683366401997193,55.7390147695873,53.7964000000001,53.5427400456725,-0.621296362667334,-1.03307204321953
"8867306","2014-08-19",17.7976254674985,0.675990675990676,0.629370629370628,0.547008547008545,55.8937063168754,51.7946270164579,53.8441666666666,0.7657100745906,57.2576214795195,53.7844,53.6837080395828,-0.414949240155282,-0.909447482606684
"8867305","2014-08-20",19.0947072139729,0.860349127182044,0.724234479845451,0.633537885408207,55.9424913062413,51.7728420270919,53.8576666666666,0.854706091803903,61.8215701596461,53.8080000000001,53.8792136343051,-0.167381030066716,-0.76103419209869
"8867304","2014-08-21",20.5516826384087,0.877030162412993,0.804456655195237,0.719353921470438,56.0557003546208,51.7192996453792,53.8875,0.90798043937598,64.2856817118077,53.8448000000001,54.0926518163978,0.0765298619615606,-0.59352138128664
"8867303","2014-08-22",21.5247281333692,0.828703703703703,0.855360997766246,0.794684044268977,56.1789647644115,51.6720352355884,53.9255,0.855267739694349,61.687094161217,53.8764000000001,54.2509649075447,0.236627924522814,-0.427491520124749
"8867302","2014-08-25",22.5868234615873,0.850779510022273,0.852171125379655,0.837329592780378,56.3218044894988,51.6135288438345,53.9676666666666,0.877137364143464,63.5891357832616,53.8996000000001,54.4201695865388,0.394072717891136,-0.263178672521572
"8867301","2014-08-26",23.5730548377897,0.851415094339623,0.843632769355199,0.850388297500366,56.4562261848877,51.5617738151123,54.009,0.856389888295803,63.910714017912,53.9200000000001,54.5721469750003,0.518253541330149,-0.106892229751228
"8867300","2014-08-27",24.5506989966076,0.881136950904393,0.861110518422096,0.852304804385649,56.6667034683252,51.507629865008,54.0871666666666,0.850095153809274,65.391968750937,53.9532000000001,54.7278607116669,0.635403320521655,0.0415668803033487
"8867299","2014-08-28",25.7741008916926,0.844117647058823,0.858889897434279,0.854544395070523,56.9087121943209,51.4449544723457,54.1768333333333,0.862357453254278,67.3180845074126,53.9972,54.894812616778,0.754299087128696,0.184113321668418
"8867298","2014-08-29",27.1860869603475,0.747967479674797,0.82440735921267,0.848135925023014,57.1521827417693,51.498150591564,54.3251666666666,0.828054967509513,65.5182446301665,54.0504,55.0248376012076,0.822373466696358,0.311765350674006
"8867297","2014-09-02",28.6267269086695,0.717086834733894,0.769723987155837,0.817673747934261,57.3530560612944,51.6469439387055,54.5,0.809609525489862,66.0514162566448,54.1072,55.1455259210466,0.874639873490168,0.424340255237239
"8867296","2014-09-03",29.7531421652195,0.679411764705883,0.714822026371524,0.769651124246676,57.4475535110032,51.9164464889968,54.682,0.751546991912778,64.6167651559935,54.1544,55.2394557982404,0.893763807209957,0.518224965631782
"8867295","2014-09-04",30.1463065527173,0.516245487364622,0.637581362268132,0.70737579193183,57.3589794802018,52.3990205197981,54.879,0.685687020266205,60.2152201648304,54.2164,55.287528358475,0.862340439305864,0.587048060366599
"8867294","2014-09-05",31.2166260242624,0.47410358565737,0.556586945909291,0.636330111516315,57.2550452132457,52.8929547867542,55.074,0.719925136697582,60.4473389616016,54.2992,55.3318579106783,0.83070804233476,0.635780056760231
"8867293","2014-09-08",32.3149133366957,0.713080168776371,0.56780974726612,0.58732601848118,57.2390691195824,53.2909308804175,55.265,0.817027062084703,67.3249695200033,54.4336,55.4596101892545,0.892737721908632,0.687171589789911
"8867292","2014-09-09",32.3454814550236,0.406593406593408,0.531259053675716,0.551885248950374,57.2515123724955,53.5358209608378,55.3936666666666,0.712522133616689,60.5550518350634,54.5796,55.5169954973539,0.873408913781826,0.724419054588294
"8867291","2014-09-10",31.5987481162064,0.153846153846153,0.42450657640531,0.507858459115714,57.1034835052134,53.9375164947865,55.5205,0.586176935020108,55.313817343985,54.7164,55.5200627643734,0.797998809027134,0.739135005476062
"8867290","2014-09-11",31.2968240134036,0.260355029585798,0.273598196675119,0.409787942252047,56.9655300013385,54.3174699986615,55.6415,0.640417261299768,57.3579560767161,54.8772,55.546721062457,0.75566321497238,0.742440647375326
"8867289","2014-09-12",29.5871086603987,0,0.138067061143983,0.278723944741469,56.7710196698666,54.6696469968,55.7203333333333,0.366595137109013,47.6978885272285,54.9984,55.4711582541294,0.607595019046148,0.71547152170949
"8867288","2014-09-15",27.6322543596922,0,0.086785009861932,0.16615008922701,56.6919125158001,54.8030874841998,55.7475,0.120134216777047,45.2575334499934,55.0956,55.3763371535788,0.452943594093336,0.662965936186259
"8867287","2014-09-16",26.2616412228635,0,-6.29126380620922e-16,0.0749506903353035,56.6225215093101,54.9178118240232,55.7701666666666,0.0912304955221611,44.3685752505835,55.1464,55.2834921997683,0.314973874501612,0.59336752384933
"8867286","2014-09-17",24.9889290243797,0.135371179039302,0.0451237263464335,0.0439695787361203,56.5874504138367,54.9825495861633,55.785,0.154184239655131,48.583137038201,55.2216,55.2443599064658,0.247971307544059,0.524288280588276
"8867285","2014-09-18",23.2068088951058,0,0.0451237263464335,0.0300824842309542,56.6325916730203,54.894741660313,55.7636666666667,0.0087800095378831,44.7008721125292,55.2732000000001,55.1664452522704,0.144926734868833,0.448415971444387
"8867284","2014-09-19",21.9120809785804,0,0.0451237263464335,0.0451237263464322,56.6676684843631,54.7879981823036,55.7278333333333,0.0808662122979117,44.0122278073417,55.3156,55.0909192186343,0.0537688654870916,0.369486550252928
"8867283","2014-09-22",20.5763632610139,0,-6.29126380620922e-16,0.0300824842309542,56.7152797275955,54.6653869390711,55.6903333333333,0.0542856329943323,43.1765131791286,55.33,55.0161299894831,-0.028501486963628,0.289888942809617
"8867282","2014-09-23",19.6853009444912,0,-6.29126380620922e-16,0.0150412421154761,56.815554732205,54.4164452677949,55.616,-0.0665991291762692,38.1600998678285,55.316,54.891312657552,-0.15812389901726,0.200286374444242
"8867281","2014-09-24",19.6986649669719,0,-6.29126380620922e-16,-1.91282175284376e-15,56.9536762247186,54.0823237752814,55.518,-0.100646105637329,33.0188584687624,55.2728,54.7084709698784,-0.33981785312226,0.0922655289309414
"8867280","2014-09-25",19.7807059778774,0,-6.29126380620922e-16,-1.91282175284376e-15,57.0281076642856,53.7928923357144,55.4105,-0.0153186101535064,32.5965816772178,55.2056,54.543341507228,-0.486229001296845,-0.0234333771146159
"8867279","2014-09-26",20.2304639309017,0,-6.29126380620922e-16,-1.91282175284376e-15,57.0606600348591,53.4920066318076,55.2763333333333,-0.00523258954154863,30.3401058124011,55.1144,54.3642293062642,-0.635577648552876,-0.145862231402268
"8867278","2014-09-29",20.3720188727524,0.0735294117647059,0.024509803921568,0.00816993464052097,57.0134974268307,53.2891692398359,55.1513333333333,0.104939935618155,34.8380458492084,55.0412,54.242332065429,-0.709161552308091,-0.258522095583433
"8867277","2014-09-30",20.0052520000534,0.102941176470587,0.0588235294117635,0.0277777777777757,56.9034304023711,53.1545695976288,55.029,0.177502029824479,36.6014618205634,54.9624,54.1500211233718,-0.744303555376358,-0.355678387542018
"8867276","2014-10-01",19.9237387486606,0.0601265822784804,0.0788657235045903,0.054066352279306,56.8056654941959,53.0150011724707,54.9103333333333,0.180706802130535,34.9707748860319,54.8756,54.0486849735889,-0.787194442539418,-0.441981598541498
"8867275","2014-10-02",19.8480478723673,0.112781954887217,0.0919499045454274,0.0765463858205925,56.7241954769669,52.8868045230331,54.8055,0.212782283614658,37.0473311048844,54.7860000000001,53.9755269771104,-0.795794628098145,-0.512744204452827
"8867274","2014-10-03",19.121727558027,0.139097744360901,0.104002093842199,0.0916059072974043,56.5715220957172,52.8201445709494,54.6958333333333,0.271861582130081,38.3954796065408,54.6896,53.9214567134957,-0.78323755342059,-0.56684287424638
"8867273","2014-10-06",18.3050486813824,0.298804780876494,0.18356149337487,0.126504497254164,56.2683635286791,52.8829698046542,54.5756666666666,0.363432920651945,45.2500123033404,54.6128,53.9252624850296,-0.708269598396294,-0.595128219076363
"8867272","2014-10-07",17.0278407477572,0.210743801652892,0.216215442296762,0.167926343171276,56.0046688001721,52.9319978664945,54.4683333333333,0.359514189451456,42.0664492518055,54.5240000000001,53.896560820359,-0.676990752593631,-0.611500725779817
"8867271","2014-10-08",17.906038174912,0.323636363636364,0.277728315388583,0.225835083686737,55.8316101791606,52.9967231541727,54.4141666666666,0.604354540666263,48.2719636133038,54.4536000000001,53.9223527109778,-0.588523805901653,-0.606905341804184
"8867270","2014-10-09",19.0493635452521,0.45874587458746,0.331042013292238,0.274995256992526,55.6330269268512,53.1076397398154,54.3703333333333,0.803451818108278,55.0886707782664,54.4132000000001,54.0113723495141,-0.438580902530661,-0.573240453949479
"8867269","2014-10-10",20.1110228177107,0.491749174917491,0.424710471047104,0.344493599909307,55.5690390879521,53.1392942453812,54.3541666666666,0.813818960180699,56.3282212227398,54.3760000000001,54.1018560362455,-0.301451684652188,-0.518882700090021
"8867268","2014-10-13",21.6465885867793,0.631901840490796,0.527465629998582,0.427739371445973,55.6977779424356,53.0735553908977,54.3856666666666,0.98560413924747,62.6552198801461,54.3348000000001,54.2562752314128,-0.106842100591586,-0.436474580190334
"8867267","2014-10-14",24.2680379574226,0.579710144927536,0.567787053445274,0.506654384830319,56.094049637555,52.8376170291116,54.4658333333333,1.17891266277123,68.9454152522788,54.3392000000001,54.4887718672244,0.15482832417848,-0.318213999316571
"8867266","2014-10-15",26.3156163237329,0.542443064182194,0.584685016533508,0.559979233325787,56.318701879331,52.7246314540023,54.5216666666666,1.00778081228977,66.0319244498702,54.3504000000001,54.6662689515945,0.330899522676087,-0.18839129491804
"8867265","2014-10-16",28.290904579198,0.532327586206896,0.551493598438875,0.567988556139218,56.5689332702361,52.6244000630972,54.5966666666666,0.959707964950453,66.372004696902,54.3560000000001,54.8254330913819,0.470315877124561,-0.0566498605095196
"8867264","2014-10-17",30.1739388305448,0.627155172413792,0.56730860760096,0.567829074191113,56.8635486727562,52.5084513272438,54.686,0.968569702298264,69.9374490520459,54.4088,55.022042012531,0.637445736793518,0.082169258951088
"8867263","2014-10-20",32.3187481549024,0.783333333333333,0.647605363984673,0.588802523341502,57.3212117868551,52.3227882131449,54.822,1.03510204311903,75.3702482355158,54.5044000000001,55.3057697441935,0.882904110013061,0.242316229163483
"8867262","2014-10-21",34.6460865602587,0.828625235404896,0.746371247050673,0.653761739545434,57.9025711737559,52.1360954929108,55.0193333333333,1.05215701517246,78.9798596758424,54.6332000000001,55.6516671116344,1.17097746870638,0.428048477072062
"8867261","2014-10-22",37.2339294148039,0.822115384615385,0.811357984451204,0.735111531828849,58.6021413912197,51.9641919421136,55.2831666666666,1.07048240007963,82.0086999607155,54.7816000000001,56.0581114967498,1.49466376130256,0.641371533918162
"8867260","2014-10-23",39.7555909461444,0.830482115085536,0.827074245035272,0.794934492179048,59.2587585157709,51.8745748175624,55.5666666666666,1.02093323024993,83.1524725278715,54.9572000000001,56.4570299638498,1.77733258942983,0.868563745020495
"8867259","2014-10-24",42.1116322719581,0.918083462132921,0.856893653944613,0.831775294477028,59.8819582393105,51.8867084273562,55.8843333333333,0.993084447147463,84.9221146816046,55.1592000000001,56.8827593020032,2.05929094900608,1.10670918581761
"8867258","2014-10-27",44.3739106684973,0.90302066772655,0.883862081648335,0.855943326876072,60.4365832210772,51.9614167789227,56.199,0.945340319755875,85.2556858726312,55.3688000000001,57.2677247284028,2.26975872026947,1.33931909270798
"8867257","2014-10-28",46.8678901276152,0.819209039548022,0.880104389802497,0.873620041798481,61.0875797461658,52.0100869205008,56.5488333333333,0.970155517090226,86.8717217543213,55.6212000000001,57.6840280979491,2.49120152565092,1.56969557929657
"8867256","2014-10-29",49.2919103496689,0.834454912516824,0.852228206597132,0.872064892682653,61.715707644057,52.1419590226096,56.9288333333333,0.956578383191956,88.0127802037933,55.9160000000001,58.1114910182225,2.70114075188235,1.79598461381373
"8867255","2014-10-30",51.8248689811461,0.780575539568346,0.81141316387773,0.847915253425785,62.4639992158912,52.2613341174421,57.3626666666666,0.991766933925534,89.7082387390142,56.2480000000001,58.5992922157929,2.95046300026092,2.02688029110316
"8867254","2014-10-31",54.2555549612159,0.869879518072289,0.828303323385819,0.830648231286892,63.3103741949029,52.3709591384304,57.8406666666666,1.00819292481677,91.5629106161332,56.6416000000001,59.1913865870205,3.27794015193192,2.27709226326892
"8867253","2014-11-03",55.6928982327486,0.816867469879518,0.822440842506717,0.820719109923421,63.8927073210303,52.6679593456363,58.2803333333333,0.912154762269481,85.7943219967946,57.0076000000001,59.6458683754177,3.43181336828262,2.50803648427166
"8867252","2014-11-04",54.916925781846,0.652542372881356,0.77976312027772,0.810169095390084,64.1353660646123,53.2079672687211,58.6716666666667,0.792079270307841,71.0118636181925,57.3156000000001,59.8597525920287,3.33024206929311,2.67247760127595
"8867251","2014-11-05",54.1963799345794,0.679028132992327,0.716145991917733,0.772783318234055,64.3666802167849,53.7066531165484,59.0366666666667,0.778923618615131,72.3786073944214,57.6444,60.0931189130916,3.25915339355833,2.78981275973243
"8867250","2014-11-06",53.1640308467995,0.604017216642754,0.645195907505479,0.713701673233643,64.5299115623274,54.2214217710059,59.3756666666667,0.746495854527523,69.9134221423193,57.9588,60.262036391346,3.13201076802552,2.85825236139104
"8867249","2014-11-07",52.2054209795753,0.604501607717041,0.629182319117374,0.66350807284686,64.5974322984908,54.8385677015092,59.718,0.730081410703023,71.1818656481067,58.2824000000001,60.4484315391665,3.03538080981232,2.8936780510753
"8867248","2014-11-10",51.6692024689261,0.658671586715867,0.622396803691887,0.632258343438245,64.7154109464797,55.4099223868536,60.0626666666667,0.767655658346942,73.6174766729688,58.6152000000001,60.6913073339443,3.00411398302745,2.91576523746573
"8867247","2014-11-11",51.3064195461334,0.708086785009862,0.657086659814256,0.636221927541171,64.9058224877321,55.8391775122679,60.3725,0.77582786577626,74.9977880704589,58.9724000000001,60.9511330227518,2.99222575033984,2.93105734004055
"8867246","2014-11-12",49.4419566936966,0.440715883668903,0.602491418464877,0.627324960657005,64.8385438936597,56.4697894396736,60.6541666666667,0.65842660226479,64.9148332714501,59.2736000000001,61.0403152863849,2.81445784805767,2.90773744164397
"8867245","2014-11-13",47.0005038148038,0.296551724137931,0.481784797605564,0.580454291961564,64.6230342972881,57.1952990360452,60.9091666666667,0.580890515372623,60.1347301014664,59.5324000000001,61.0429399148669,2.56986940997128,2.84016383530944
"8867244","2014-11-14",44.1385702542092,0.0428954423592484,0.26005435005536,0.448110188708599,64.2971768454338,57.9331564878995,61.1151666666667,0.457809688700616,56.0842972299258,59.7668,60.9772145928846,2.28244260854271,2.72861958995609
"8867243","2014-11-17",41.9081504849468,0.0280112044817931,0.122486123659657,0.288108423773526,64.0100799372659,58.5769200627341,61.2935,0.457636684363815,56.7001501017605,59.9824000000001,60.9335859805,2.04445284003227,2.59178623997133
"8867242","2014-11-18",40.3139242732767,0.274509803921569,0.11513881692087,0.165893096878628,63.7977667996403,59.1518998670263,61.4748333333333,0.576447877612125,61.7796313472448,60.2036000000001,61.0131078497667,1.94984607340569,2.4633982066582
"8867241","2014-11-19",38.7431212173305,0.254901960784314,0.185807656395892,0.141144198992138,63.6513193130701,59.5620140202632,61.6066666666666,0.524454031391573,61.1649701610349,60.4292000000001,61.0726934697978,1.84413267824426,2.33954510097541
"8867240","2014-11-20",36.8163256634939,0.185185185185186,0.238198983297023,0.179715152204593,63.4907851451564,59.9168815215102,61.7038333333333,0.402860652321549,57.9705848279523,60.6388000000001,61.0763343404914,1.69317481305031,2.21027104339039
"8867239","2014-11-21",35.5271577339085,0.329749103942652,0.25661208330405,0.226872907665654,63.3670541825838,60.2356124840828,61.8013333333333,0.492122904067333,60.2673468968461,60.8456000000001,61.1288230950926,1.60388895934382,2.08899462658108
"8867238","2014-11-24",33.8191983034707,0.189964157706093,0.234966148944643,0.243259071848571,63.2123180686039,60.5336819313961,61.873,0.325906427955753,56.7472467303342,61.0028000000001,61.1223133490802,1.46468103643511,1.96413190855189
"8867237","2014-11-25",32.1415014853908,0.164874551971326,0.228195937873357,0.239924723374015,63.1830876055223,60.5969123944776,61.89,0.216440970355956,56.1137269499809,61.1272,61.1073382358695,1.32980562921567,1.83726665268464
"8867236","2014-11-26",31.0659141631072,0.164874551971326,0.173237753882915,0.212133280233637,63.1826820907115,60.5983179092885,61.8905,0.275379954507667,56.1137269499809,61.2196,61.0943598044203,1.20900340754586,1.71161400365689
"8867235","2014-11-28",31.0654389452026,0.512544802867382,0.280764635603344,0.227399442453204,63.1777658979262,60.5992341020737,61.8885,0.675099644195292,62.7897917802148,61.3368,61.2124451638309,1.22712271799037,1.61471574652358
"8867234","2014-12-01",30.2182867363907,0.286738351254481,0.321385902031063,0.258462763839106,62.9012897631481,60.7260435701851,61.8136666666666,0.541221387701663,56.7513920150727,61.4048,61.2307858086534,1.1449766382712,1.52076792487311
"8867233","2014-12-02",29.4316453996368,0.525896414342629,0.441726522821497,0.347959020151967,62.7608431513325,60.7944901820007,61.7776666666666,0.707999279060774,60.1572721621164,61.4888,61.3160143674997,1.1352172212894,1.44365778415637
"8867232","2014-12-03",29.0530933179258,0.755639097744362,0.522757954447157,0.428623459766571,62.8987061369073,60.7479605297593,61.8233333333333,0.943257133788826,64.187439098489,61.5756,61.4818791184997,1.20397948903015,1.39572212513112
"8867231","2014-12-04",29.0435357093689,0.702614379084969,0.661383297057319,0.541955924775323,63.0638277233364,60.6821722766635,61.873,0.97459985654617,64.9618627509356,61.648,61.6442952360331,1.2616423477291,1.36890616965072
"8867230","2014-12-05",28.4487122952525,0.557432432432432,0.671895303087253,0.618678851530575,63.132109404784,60.6775572618826,61.9048333333333,0.764202983780759,60.909179871301,61.6692,61.7317225378953,1.2402381832082,1.34317257236221
"8867229","2014-12-08",28.6309484322274,0.575342465753424,0.611796425756941,0.64835834196717,63.2959272414056,60.627739425261,61.9618333333333,0.927818459065397,63.3123958489322,61.6552,61.859492866176,1.25939982818655,1.32641802352708
"8867228","2014-12-09",28.8471950809326,0.570469798657718,0.567748232281191,0.61714665370846,63.3990042613572,60.5829957386428,61.991,0.906840624744409,63.4365368993323,61.6596,61.9728938173525,1.26224944457796,1.31358430773726
"8867227","2014-12-10",29.5165769713227,0.502777777777778,0.549530014062973,0.5763582240337,63.5115944538581,60.5247388794752,62.0181666666666,0.968218152894441,64.1549473798648,61.7224,62.0858413083722,1.26390632758195,1.3036487117062
"8867226","2014-12-11",30.1381458695421,0.575,0.549415858811831,0.555564701718664,63.7047742091176,60.4762257908824,62.0905,0.913859881772216,65.8623064197038,61.7812,62.2183958005892,1.28380560485004,1.29968009033496
"8867225","2014-12-12",29.6410273319291,0.386111111111111,0.487962962962962,0.528969611945921,63.7874812272793,60.5321854393874,62.1598333333333,0.726349118895437,58.071555124817,61.8228,62.242609693844,1.19735306633502,1.27921468553497
"8867224","2014-12-15",28.3300980387053,0.21388888888889,0.391666666666666,0.476348496147152,63.7370170706107,60.7119829293893,62.2245,0.472066430970637,52.0285671340478,61.8276,62.1809284013315,1.03650253309153,1.23067225504629
"8867223","2014-12-16",27.7698829133386,0.180555555555555,0.260185185185185,0.379938271604936,63.7014099728065,60.8702566938601,62.2858333333333,0.50147172062271,50.9240176559674,61.8032,62.1114712811539,0.88328465616081,1.16119473526919
"8867222","2014-12-17",28.2618846756397,0.418079096045197,0.270841180163213,0.30756434400502,63.865774272662,60.8745590606713,62.3701666666667,0.883289037647344,59.8695575395872,61.8108,62.2072751103334,0.903382449370382,1.10963227808943
"8867221","2014-12-18",29.344003615418,0.716450216450216,0.438361622683655,0.323129329344016,64.4160022206418,60.6633311126915,62.5396666666667,1.18138132184909,69.296574649411,61.9324,62.5343050956223,1.14237264429418,1.11618035133038
"8867220","2014-12-19",30.5923888210513,0.764091858037577,0.632873723510996,0.447358842119287,65.0029327041411,60.5104006291922,62.7566666666667,1.15441936773116,71.8636880122254,62.1028,62.9057310828726,1.39844097078938,1.17263247522218
"8867219","2014-12-22",31.4353457899632,0.716075156576201,0.732205743687997,0.601147029960881,65.4183169467246,60.4600163866088,62.9391666666667,1.00168398826188,69.6773445258155,62.2844,63.1969669384896,1.55185104952924,1.24847619008359
"8867218","2014-12-23",32.4065833120662,0.784968684759917,0.755045233124564,0.706708233441184,65.8173558175249,60.4963108491418,63.1568333333333,0.989220948541932,71.0387784104085,62.4752,63.493371346691,1.69425134676515,1.3376312214199
"8867217","2014-12-24",33.8446052362666,0.792163543441227,0.764402461592448,0.750551146135002,66.3509254481716,60.518741218495,63.4348333333333,1.06271084795881,74.3797544562979,62.6664,63.8689218337989,1.89596656579858,1.44929829029564
"8867216","2014-12-26",35.565063469633,0.848973607038123,0.808701945079755,0.776049879932254,67.0725446612687,60.4454553387313,63.759,1.10876398928462,77.8970317836602,62.906,64.3463989226257,2.17111585575831,1.59366180338817
"8867215","2014-12-29",37.6680374722166,0.690107270560191,0.777081473679847,0.783395293450682,67.8491557499403,60.2665109167263,64.0578333333333,1.06165538898493,77.8970317836602,63.16,64.7602123996089,2.35821665170743,1.74657277305203
"8867214","2014-12-30",39.6207990460443,0.717520858164483,0.752200578587599,0.779327999115732,68.4677138408216,60.2922861591784,64.38,0.985193780818747,78.5849468678973,63.4084000000001,65.1495174129944,2.50310000438778,1.89787821931918
"8867213","2014-12-31",39.5721920003175,0.537544696066747,0.64839094159714,0.725890997954861,68.6901272386359,60.5262060946975,64.6081666666666,0.762353505817928,64.4113405452158,63.6120000000001,65.2855817579285,2.40182311417294,1.99866719828993
"8867212","2015-01-02",38.6877407824939,0.439809296781883,0.564958283671037,0.655183267951924,68.7799327104727,60.7364006228606,64.7581666666667,0.626623476963386,58.2655924240633,63.7856000000001,65.2941708568714,2.19481708928229,2.0378971764884
"8867211","2015-01-05",37.5640654877648,0.402860548271753,0.460071513706794,0.557806912991656,68.8258700637206,60.9304632696127,64.8781666666667,0.566515466569575,56.0868495004389,63.9468,65.2602814092885,1.96984627123808,2.02428699543834
"8867210","2015-01-06",36.9598201849217,0.441001191895114,0.427890345649583,0.48430671434247,68.8633930956329,61.2242735710338,65.0438333333333,0.607713111528587,57.8394117498117,64.0820000000001,65.2735772213834,1.8102870124769,1.98148699884605
"8867209","2015-01-07",36.1219844276004,0.313019390581718,0.385627043582861,0.424529634313078,68.8774302684041,61.4442363982625,65.1608333333333,0.538005197353292,55.8153175265819,64.2316,65.2491002585323,1.63168680646044,1.91152696036893
"8867208","2015-01-08",35.7893369975982,0.335807050092765,0.363275877523198,0.392264422251879,68.9812601840706,61.688406482596,65.3348333333333,0.675765672232554,62.9516590849178,64.4156000000001,65.411886890728,1.6415767153914,1.85753691137342
"8867207","2015-01-09",34.5960061449663,0.109780439121756,0.252868959932079,0.333923960346045,69.010355555747,61.916644444253,65.4635,0.574220671200852,56.6664703837848,64.5368,65.4356353052976,1.5229830504816,1.79062613919506
"8867206","2015-01-12",33.0419843217616,0.0139720558882222,0.153186515034247,0.256443784163174,68.9902292726505,62.1471040606828,65.5686666666666,0.494349560256617,53.5271986853623,64.6332,65.3922172645912,1.35419987028313,1.70334088541267
"8867205","2015-01-13",32.4080957360511,0.167664670658681,0.0971390552228859,0.16773151006307,68.958553542561,62.5357797907722,65.7471666666666,0.612023251605221,57.5864124482756,64.7764,65.4572549626457,1.3004409275077,1.62276089383168
"8867204","2015-01-14",31.8194849064628,0.179640718562873,0.120425815036591,0.123583795097907,68.7218014931948,63.2011985068052,65.9615,0.584260119377087,57.8950307192891,64.9064,65.5216209676263,1.25067252923701,1.54834322091274
"8867203","2015-01-15",31.4830145656269,0.347305389221557,0.231536926147703,0.149700598802392,68.4271196222525,63.9768803777474,66.202,0.701786904177977,62.0575366683338,65.0692,65.6894048386095,1.29933167433327,1.49854091159685
"8867202","2015-01-16",31.4318274052714,0.355289421157683,0.29407850964737,0.215347083610554,68.2860326650963,64.493300668237,66.3896666666666,0.732110608938983,62.2489253364882,65.2292,65.8401508601282,1.32693801704606,1.46422033268669
"8867201","2015-01-20",31.5926440888844,0.534482758620687,0.412359189666642,0.312658208487237,68.4286328494114,64.6263671505886,66.5275,0.848695603714346,65.5261293426665,65.4068,66.0641307454445,1.41748527498597,1.45487332114655
"8867200","2015-01-21",31.8733213100824,0.63783783783784,0.509203339205403,0.40521367950647,68.5787243746077,64.6912756253922,66.635,0.811686852954962,64.492531786899,65.6068,66.2422466460519,1.45694848202902,1.45528835332304
"8867199","2015-01-22",32.3711255398507,0.670731707317074,0.6143507679252,0.511971098932414,68.7560977084126,64.7952356249206,66.7756666666666,0.869700661741395,66.3502784019829,65.8472,66.4486137599116,1.51743563538831,1.4677178097361
"8867198","2015-01-23",33.383884199641,0.710116731517508,0.672895425557473,0.598816510896024,69.1289612991781,64.7650387008218,66.947,1.01322327932909,70.2221637984809,66.1284,66.7474652585901,1.65425582241754,1.50502541227238
"8867197","2015-01-26",34.032167644062,0.664047151277012,0.681631863370531,0.656292685617734,69.4016755558547,64.7143244441452,67.058,0.9007949526063,68.1576375807724,66.354,66.9771365574447,1.71497446160527,1.54701522213896
"8867196","2015-01-27",34.6341451281672,0.793713163064831,0.722625681953116,0.692384323627039,69.6716038782493,64.6017294550839,67.1366666666666,0.939853103621395,70.9198018000708,66.5328,67.2641850164521,1.82024450626008,1.60166107896319
"8867195","2015-01-28",35.1931242205506,0.629422718808192,0.695727677716678,0.699995074346774,69.8155088062887,64.5414911937112,67.1785,0.874445722104488,65.0290298412352,66.6596,67.4276270142585,1.80507088397313,1.64234303996517
"8867194","2015-01-29",35.2651724558421,0.575418994413408,0.666184958762143,0.694846106143978,69.9132153800674,64.5051179532659,67.2091666666666,0.823742934928753,62.4958917009485,66.784,67.530610079024,1.73788695407857,1.66145182278785
"8867193","2015-01-30",34.8066114646473,0.510242085661079,0.571694599627559,0.644535745368793,70.0644573952345,64.5402092714321,67.3023333333333,0.737317363489039,59.4842168851739,66.8812,67.5731954018208,1.62394681324285,1.65395082087885
"8867192","2015-02-02",33.2299356373919,0.241304347826086,0.44232180930019,0.560067122563297,70.0566716566819,64.7126616766513,67.3846666666666,0.507235515429647,52.7567752309992,66.9084,67.4954360149114,1.41466102831298,1.60609286236568
"8867191","2015-02-03",31.8714319888013,0.290748898678415,0.347431777388526,0.453816062105424,70.0099610710244,64.9830389289755,67.4965,0.528546294520794,54.4967409456045,66.9008,67.4640445462565,1.26653230387415,1.53818075066737
"8867190","2015-02-04",30.0789149995555,0.0162162162162168,0.182756487573572,0.324170024754096,69.9692851997215,65.1603814669451,67.5648333333333,0.431065369901139,51.3297933173741,66.8764,67.3808386067557,1.08639759153415,1.44782411884073
"8867189","2015-02-05",28.4144349381129,0.0273224043715869,0.111429173088739,0.213872479350278,69.8620530021845,65.4512803311488,67.6566666666666,0.41460301975205,51.903133673643,66.846,67.3193934591882,0.94238293589326,1.34673588225123
"8867188","2015-02-06",28.4237820456144,0,0.0145128735292674,0.102899511397192,69.9844953042604,65.1988380290729,67.5916666666666,0.024621202651664,36.1419635891152,66.766,66.8994743312965,0.491696487262394,1.17572800325347
"8867187","2015-02-09",29.0639756008724,0,0.00910746812386177,0.0450165049139553,70.3431211289644,64.6092122043689,67.4761666666666,-0.162055626726659,31.9947865026863,66.6752,66.3902110871236,0.000222576138209085,0.940626917830415
"8867186","2015-02-10",29.6584410450405,0.0216216216216221,0.00720720720720682,0.0102758496201112,70.6006114328318,64.1633885671682,67.382,-0.0802709353528416,33.2063719224287,66.6032,65.9701829421738,-0.368333768232887,0.678834780617754
"8867185","2015-02-11",30.6510035127229,0,0.00720720720720682,0.00784062751275765,70.9397313436119,63.4769353230547,67.2083333333333,-0.0648017161917915,30.2005107983277,66.4852,65.4954918832173,-0.756210862231488,0.391825652047906
"8867184","2015-02-12",31.5726686612851,0.00619578686493237,0.00927246949551761,0.00789562796997626,71.2308244884395,62.8141755115604,67.0225,-0.0123773145163357,30.6080162117464,66.3800000000001,65.0907596321217,-1.04817112284052,0.10382629707022
"8867183","2015-02-13",33.1411977446377,0,0.00206526228831024,0.00618164633034407,71.578073674935,61.913926325065,66.746,-0.0355878602233428,25.5884673177576,66.1572,64.5319916811721,-1.46025931127746,-0.208990824599315
"8867182","2015-02-17",34.5976890363224,0.0187891440501043,0.00832831030501169,0.00655534736294569,71.7968665963493,61.1151334036507,66.456,0.0332218180277988,27.0745441004939,65.9768000000001,64.0717261236825,-1.74831172952543,-0.516855005584538
"8867181","2015-02-18",34.7787559739055,0.0553235908141963,0.0247042449547663,0.0116992725160286,71.7985425501465,60.5287907831869,66.1636666666667,0.13113650717779,30.0018479032546,65.8296000000001,63.7194959738582,-1.91323750912687,-0.796131506293006
"8867180","2015-02-19",34.4196941544313,0.173160173160173,0.0824243026748241,0.0384856193115332,71.6687280432957,60.1609386233709,65.9148333333333,0.235411100931214,38.1727331160988,65.6944000000001,63.5568965106771,-1.88779245986036,-1.01446369700648
"8867179","2015-02-20",34.0034631714921,0.214666666666666,0.147716810213678,0.084948452614422,71.4408215374758,59.8548451291909,65.6478333333333,0.262831095412173,38.2452858122639,65.5572000000001,63.4173103092535,-1.84560164707988,-1.18069128702116
"8867178","2015-02-23",32.8422967302715,0.382666666666667,0.256831168831168,0.162324093906556,70.9856594332274,59.7876739001059,65.3866666666667,0.372893804950599,46.7278804299437,65.4368000000001,63.464335601353,-1.63299016428436,-1.2711510624738
"8867177","2015-02-24",31.3212255640411,0.428370786516855,0.341901373283395,0.24881645077608,70.5246562535436,59.777010413123,65.1508333333333,0.413391886264751,47.8303414281499,65.3220000000001,63.529090854506,-1.425093488216,-1.30193954762224
"8867176","2015-02-25",30.6012535903397,0.304225352112677,0.371754268432065,0.323495603515542,69.909880809673,59.800119190327,64.855,0.361025407630641,43.0827940894547,65.1436000000001,63.4665454072385,-1.3578235795079,-1.31311635399937
"8867175","2015-02-26",30.2228157715662,0.26080476900149,0.331133635877007,0.348263092530822,69.256041971649,59.834958028351,64.5455,0.332061079575435,41.0608360255229,64.9536000000001,63.3576726862734,-1.34141639995387,-1.31877636319027
"8867174","2015-02-27",30.0596569065479,0.371859296482413,0.312296472532193,0.338394792280421,68.5459024663912,59.9070975336088,64.2265,0.309406507866399,39.7381978866866,64.7372000000001,63.2273163281036,-1.34764009949796,-1.32454911045181
"8867173","2015-03-02",31.0298303111871,0,0.210888021827967,0.284772710079055,67.8699310881547,59.8384022451787,63.8541666666667,0.165381267683505,31.6793105446782,64.4056000000001,62.8503408176898,-1.58864408710511,-1.37736810578247
"8867172","2015-03-03",32.0600116806488,0,0.12395309882747,0.215712531062543,67.412721403552,59.616278596448,63.5145,0.130023579808518,30.7302147773125,64.0716000000001,62.4862953753311,-1.79752916890987,-1.46140031840795
"8867171","2015-03-04",32.9655192974192,0.142241379310345,0.0474137931034478,0.127418304586294,66.7284734874229,59.6448598459104,63.1866666666666,0.203070573893666,35.6259271017492,63.7376000000001,62.258789325287,-1.85822353870211,-1.54076496246678
"8867170","2015-03-05",33.84259376897,0.127155172413794,0.0897988505747124,0.0870552475018761,66.0095722680815,59.7430943985851,62.8763333333333,0.204831532930112,35.3406379732164,63.4264000000001,62.0522840819154,-1.89465623543512,-1.61154321706045
"8867169","2015-03-06",35.3408756053849,0,0.0897988505747124,0.07567049808429,65.1920374594263,59.817295873907,62.5046666666666,0.00546459625869972,29.8284112518523,63.0668000000001,61.6733128709933,-2.09656659944844,-1.70854789353805
"8867168","2015-03-09",36.7321373106272,0.122522522522522,0.0832258983121047,0.0876078664871757,64.7997872442608,59.6865460890725,62.2431666666666,0.0782518495510766,34.7937007693876,62.7484000000001,61.4355378215276,-2.14496399399492,-1.79583111362942
"8867167","2015-03-10",37.676501189113,0.118918918918918,0.0804804804804796,0.0845017431224314,64.6883820486287,59.445284618038,62.0668333333333,0.135043974419449,34.715893999341,62.4636000000001,61.2267994453239,-2.16225864954129,-1.8691166208118
"8867166","2015-03-11",38.7397577158598,0.0486486486486479,0.0966966966966955,0.0868010251630924,64.565243337198,59.1860899961353,61.8756666666666,0.118465360028606,33.1587313989044,62.1524000000001,60.993892852614,-2.20323301965933,-1.9359399005813
"8867165","2015-03-12",38.428310638768,0.142342342342342,0.103303303303302,0.0934934934934916,64.4536282131535,59.0467051201797,61.7501666666666,0.265701617805601,37.2032444121943,61.8788000000001,60.8613738055988,-2.14312276366965,-1.97737647319897
"8867164","2015-03-13",38.4442584998195,0.0504504504504506,0.0804804804804796,0.0934934934934916,64.3793173364652,58.8556826635347,61.6175,0.217426400232002,34.9683925655802,61.5816000000001,60.6785239648523,-2.13920574216647,-2.00974232699247
"8867163","2015-03-16",37.5333973865238,0.199203187250996,0.130665326681262,0.104816370155014,64.3638502412778,58.7928164253888,61.5783333333333,0.357895914325856,40.41070159412,61.4232000000001,60.616054102872,-2.01762280235052,-2.01131842206408
"8867162","2015-03-17",36.6875977813206,0.388127853881277,0.212593830527574,0.141246545896438,64.3555929517654,58.7767403815678,61.5661666666666,0.43914519236203,45.2113463020958,61.3364000000001,60.6552468891558,-1.80730242472631,-1.97051522259653
"8867161","2015-03-18",34.6997238089069,0.509283819628648,0.365538286920306,0.236265814709713,64.3356216363622,58.7690450303043,61.5523333333333,0.531916684030426,46.6656256026702,61.2520000000001,60.718547303935,-1.59292405751507,-1.89499698958023
"8867160","2015-03-19",32.639784980586,0.628498727735369,0.508636800415097,0.362256305954325,64.2502928986581,58.7840404346751,61.5171666666666,0.618819978454996,50.2228549764996,61.2228000000001,60.8467409967437,-1.33457306879973,-1.78291220542413
"8867159","2015-03-20",30.7269846400023,0.730279898218829,0.622687481860948,0.498954189732116,64.1822793723553,58.8013872943114,61.4918333333333,0.66753727577598,52.6940251114487,61.2076000000001,61.0111755305112,-1.06466059111469,-1.63926188256224
"8867158","2015-03-23",28.9051061292328,0.806615776081425,0.721798134011874,0.617707472095972,63.923400461444,58.9245995385559,61.424,0.736590071281217,54.5177549480012,61.2668000000001,61.1936854597763,-0.802112682581757,-1.47183204256615
"8867157","2015-03-24",27.7788113574099,0.66412213740458,0.733672603901611,0.692719406591477,63.5037244287381,59.1409422379286,61.3223333333333,0.698115169525112,50.596572415949,61.2964000000001,61.2771940651395,-0.660345843259114,-1.30953480270474
"8867156","2015-03-25",27.2281673652395,0.526717557251908,0.665818490245971,0.707096409386484,63.201196362692,59.2724703039746,61.2368333333333,0.628073746844792,47.0801024572233,61.2904000000001,61.2775681897876,-0.611985750147637,-1.17002499219332
"8867155","2015-03-26",27.1455237438678,0.352459016393444,0.51443290368331,0.63797466594363,62.9438858669498,59.3487807997168,61.1463333333333,0.501947091912232,43.9718141299065,61.2212000000001,61.2098924311492,-0.633526656483951,-1.06272532505145
"8867154","2015-03-27",27.102060968705,0.341530054644808,0.406902209430053,0.529051201119777,62.7432056469836,59.397461019683,61.0703333333333,0.496911499685604,43.7279669803914,61.1500000000001,61.1459067736627,-0.648524914132853,-0.979885242867727
"8867153","2015-03-30",25.7506485082763,0.450819672131149,0.3816029143898,0.434312675834387,62.7872627849519,59.402737215048,61.095,0.66693624802961,46.8992061486232,61.0444000000001,61.1437858705076,-0.600798415133741,-0.90406787732093
"8867152","2015-03-31",24.2616592724488,0.613698630136985,0.468682785637647,0.419062636485832,62.9050495862668,59.4346170803998,61.1698333333333,0.775710111554048,51.3299264581635,60.9556000000001,61.22194775444,-0.47835524351022,-0.818925350558788
"8867151","2015-04-01",22.6588208323997,0.664935064935063,0.576484455734398,0.475590051920614,63.0653937973068,59.4139395360265,61.2396666666666,0.839682012858748,53.5557400036616,60.9152000000001,61.3323547205146,-0.335391683158137,-0.722218617078658
"8867150","2015-04-02",21.4259982863126,0.848214285714286,0.708949326928777,0.58470552276694,63.3667478911005,59.3329187755661,61.3498333333333,0.9660997312519,59.8040822095335,60.9316000000001,61.562707424446,-0.0887527970002799,-0.595525453062982
"8867149","2015-04-06",20.9557836380883,0.69054441260745,0.734564587752266,0.67333279013848,63.6318373293071,59.4331626706929,61.5325,0.968600251263433,60.2601322236447,60.9620000000001,61.7730131011866,0.115164545722068,-0.453387453305972
"8867148","2015-04-07",20.0824248214834,0.593123209169054,0.710627302496929,0.718047072392657,63.7921414131903,59.5815252534763,61.6868333333333,0.853036216937186,57.28539863534,61.0580000000001,61.909944687695,0.2293081667045,-0.316848329303878
"8867147","2015-04-08",18.8861123282436,0.381088825214901,0.554918815663801,0.666703568637665,63.7926160849382,59.7963839150618,61.7945,0.628162390195291,51.3445334775132,61.1356000000001,61.929952062669,0.220740512783157,-0.209330560886471
"8867146","2015-04-09",18.4127396379457,0.20057306590258,0.391595033428844,0.552380383863191,63.6769284185648,60.1130715814352,61.895,0.482696648747453,46.8864647758504,61.1616000000001,61.8632917876465,0.130393521037164,-0.141385744501744
"8867145","2015-04-10",17.4970357471885,0.323782234957021,0.301814708691499,0.416109519261381,63.6481500800135,60.3188499199865,61.9835,0.581048064266806,50.0728750397652,61.2076000000001,61.862852882627,0.113501881538514,-0.0904082192936923
"8867144","2015-04-13",16.6467392771997,0.335243553008596,0.286532951289398,0.326647564469913,63.5059611695744,60.6810388304256,62.0935,0.557759699941289,50.3711432535594,61.3152000000001,61.86780583161,0.10412953474126,-0.0515006684867019
"8867143","2015-04-14",15.8571782693529,0.33810888252149,0.332378223495701,0.306908627825532,63.4379240901571,60.8794092431761,62.1586666666666,0.473161513310084,50.4508383166019,61.3960000000001,61.8734317207287,0.0968885832023592,-0.0218228181488897
"8867142","2015-04-15",14.9414271248226,0.42406876790831,0.365807067812798,0.328239414199298,63.4301160826664,61.0095505840002,62.2198333333333,0.595087972952401,52.8946798720152,61.4896000000001,61.9183074912982,0.128756923406059,0.0082931301621001
"8867141","2015-04-16",14.873795325354,0.114613180515761,0.292263610315186,0.330149633874561,63.439292970735,60.9803736959316,62.2098333333333,0.223523525030056,44.4039418091412,61.5556000000001,61.8131998257918,0.0130611153037252,0.00924672719042512
"8867140","2015-04-17",14.5260728317728,0.148867313915858,0.229183087446642,0.295751255191541,63.4333331086546,60.9606668913454,62.197,0.383930957607252,48.2167218355129,61.6192000000001,61.7834398490195,-0.0184682732263686,0.00370372710706638
"8867139","2015-04-20",13.7311682438985,0.27831715210356,0.180599215511725,0.234015304424517,63.4379107639449,60.9614225693884,62.1996666666666,0.599738008258204,51.34166306128,61.7192000000001,61.8109812024836,0.00866584489367384,0.00469615066438788
"8867138","2015-04-21",12.9930425551581,0.368932038834952,0.265372168284789,0.225051490414385,63.4363809258088,60.9616190741911,62.199,0.659341931457199,53.4589103423471,61.8016000000001,61.8721837088191,0.0659203620146043,0.0169409929344312
"8867137","2015-04-22",12.5431463042591,0.168284789644012,0.271844660194174,0.239272014663562,63.4292350844232,60.9444315822435,62.1868333333333,0.402004323566682,48.433426731149,61.8312000000001,61.8425592143099,0.030071179738167,0.0195670302951783
"8867136","2015-04-23",12.1253854998528,0.194174757281552,0.243797195253504,0.260338007910821,63.4285702430305,60.9707630903027,62.1996666666666,0.417406050440255,49.0983516152847,61.8552000000001,61.8275513190686,0.0119513882146149,0.0180439018790656
"8867135","2015-04-24",11.6117451501959,0.412186379928315,0.258215308951292,0.257952388132989,63.4117940589467,61.1308726077199,62.2713333333333,0.6382482212019,53.5343717926974,61.8792000000001,61.8878778098594,0.0685423381403094,0.0281435891313144
"8867134","2015-04-27",11.2900549068497,0.183856502242151,0.263405879817338,0.255139461340711,63.3246535581222,61.3136797752111,62.3191666666666,0.349575363651891,47.5322628989503,61.8576000000001,61.8414941018782,0.0166836835325368,0.0258516080115589
"8867133","2015-04-28",11.2264969904744,0.0852017937219722,0.227081558630812,0.24956758246648,63.3180573790573,61.3292759542759,62.3236666666666,0.211548660140123,45.8851661399554,61.8152,61.7719615549611,-0.0525705736877269,0.0101671716717017
"8867132","2015-04-29",11.1674789252688,0.152466367713003,0.140508221225708,0.210331886557952,63.3249345100087,61.2890654899913,62.307,0.247691692532238,47.2278949337501,61.8012000000001,61.7317000142996,-0.0869101677885453,-0.00924829622034768
"8867131","2015-04-30",12.6137268251415,0,0.0792227204783242,0.148937500111614,63.5168272383346,60.8871727616653,62.202,-0.192866692626379,36.5497910137856,61.7432000000001,61.478140012393,-0.325347900479167,-0.0724682170721116
"8867130","2015-05-01",14.3962247115756,0,0.0508221225710002,0.0901843547583431,63.7052529880697,60.3237470119303,62.0145,-0.249518119407124,33.3781860084587,61.6800000000001,61.1730546774073,-0.592869695314591,-0.176548512720607
"8867129","2015-05-04",14.8759183230506,0.139088729016788,0.0463629096722618,0.0588025842405277,63.5767318587278,60.1189348079389,61.8478333333333,0.0138041238472699,38.5798000595711,61.6416000000001,60.9859807204196,-0.721126003512018,-0.28546401087889
"8867128","2015-05-05",16.0145585687265,0,0.0463629096722618,0.0478493139718402,63.5731113306727,59.7495553359939,61.6613333333333,-0.0800882746549874,33.7805715331587,61.548,60.6931832910304,-0.942817745932145,-0.416934757889541
"8867127","2015-05-06",17.2829105676161,0,0.0463629096722618,0.0463629096722607,63.7269807978018,59.2526858688648,61.4898333333333,-0.0840398784993615,32.3224674949941,61.4172000000001,60.395425518893,-1.15081967353782,-0.563711741019196
"8867126","2015-05-07",18.4473675560135,0.112244897959183,0.0374149659863935,0.0433802617769713,63.7937449983966,58.9272550016034,61.3605,0.0656349165977491,37.1886987446402,61.2956000000001,60.2107021163739,-1.22914965434252,-0.696799323683861
"8867125","2015-05-08",19.6600034748245,0.0753138075313806,0.0625195684968537,0.048765814718502,63.7800435794941,58.6329564205058,61.2065,0.104986936520754,36.2198185196494,61.126,60.0252751675241,-1.3024590736494,-0.817931273676968
"8867124","2015-05-11",20.8147980579482,0.0675105485232068,0.085023084671256,0.0616525397181667,63.7304731335136,58.3665268664864,61.0485,0.136119894538941,36.0071326088033,60.9516,59.8592384785209,-1.35107458314502,-0.924559935570578
"8867123","2015-05-12",22.3754902920859,0,0.0476081186848616,0.0650502572843227,63.7403487493073,57.9833179173593,60.8618333333333,0.0648509205883519,32.3733184584548,60.7624,59.6206733480514,-1.46942199010278,-1.03353234647702
"8867122","2015-05-13",23.4442204839736,0.0214424951267055,0.0296510145499699,0.0540940726353615,63.6198941336103,57.7097725330564,60.6648333333333,0.135399492773316,33.4931674368772,60.6072,59.4285835683112,-1.53172527472495,-1.13317093212661
"8867121","2015-05-14",24.3068675560975,0.0653061224489797,0.0289162058585609,0.0353917796977964,63.5704166381895,57.4739166951438,60.5221666666667,0.19728532481901,35.6828417398803,60.4856,59.2901057592031,-1.5355611887219,-1.21364898344566
"8867120","2015-05-15",24.4195067399103,0.211453744493392,0.0994007873563583,0.0526560025882953,63.4157240082674,57.3622759917326,60.389,0.311292121413602,41.9550837704721,60.3724000000001,59.2554249913093,-1.435182233481,-1.25795563345273
"8867119","2015-05-18",23.8706687396514,0.244851258581236,0.173870375174535,0.100729122796484,63.1375154107537,57.3424845892462,60.24,0.366552334723883,42.9842562143997,60.2620000000001,59.2400349924681,-1.32539882093137,-1.27144427094846
"8867118","2015-05-19",23.3610334536968,0.419354838709678,0.291886613928101,0.188385925486331,62.7901797361052,57.4001535972281,60.0951666666667,0.426067148890856,46.337676104617,60.1656,59.2746969934723,-1.17578153794999,-1.25231172434877
"8867117","2015-05-20",22.4204305387226,0.591695501730104,0.418633866340338,0.294796951814324,62.5554616421647,57.439205024502,59.9973333333333,0.497915142366035,48.8571965471076,60.0684,59.342070727676,-1.00745344458385,-1.20334006839578
"8867116","2015-05-21",21.8334100230677,0.508650519031141,0.506566953156974,0.405695811141803,62.2754005805838,57.4985994194161,59.887,0.479693523609789,46.8276963517247,60.0048,59.3684612973192,-0.896327125962171,-1.14193747990906
"8867115","2015-05-22",21.5917275508404,0.451492537313433,0.517279519358225,0.480826779618511,61.7770109734603,57.686322359873,59.7316666666667,0.438478165795671,44.6631984714652,59.9124,59.3566664576767,-0.833968266276874,-1.08034363718262
"8867114","2015-05-26",22.0709487292235,0.23175965665236,0.397300904332311,0.473715792282502,61.3600172670436,57.788649399623,59.5743333333333,0.302783314550561,39.5853991028353,59.7772,59.2571109299864,-0.86577121515351,-1.0374291527768
"8867113","2015-05-27",21.7346574807051,0.351931330472103,0.345061174812631,0.419880532834388,60.9320417315789,57.9632916017544,59.4476666666667,0.422189477086898,42.5261865907391,59.642,59.2081628059883,-0.843310806169129,-0.998605483455266
"8867112","2015-05-28",21.2650523894551,0.549356223175967,0.377682403433476,0.373348160859472,60.3631056114239,58.3085610552428,59.3358333333333,0.607485297736164,47.0833882160801,59.55,59.2270744318565,-0.75417700120799,-0.949719787005811
"8867111","2015-05-29",20.925418232169,0.515021459227469,0.472103004291846,0.398282194179317,60.2027754776179,58.3778911890487,59.2903333333333,0.598453730897944,46.3944018180535,59.4516,59.2327978409423,-0.686509472123564,-0.897077724029362
"8867110","2015-06-01",20.6481212765661,0.502145922746782,0.522174535050072,0.45731998092513,60.1958632583327,58.3764700750006,59.2861666666667,0.560734535565112,46.1218396888702,59.33,59.2337581288167,-0.62970531818034,-0.843603242859557
"8867109","2015-06-02",21.702029949242,0,0.339055793991416,0.444444444444443,60.104572268117,58.281427731883,59.193,0.0120152851378492,36.5608764971782,59.1884,59.0692570449744,-0.74527854269445,-0.823938302826536
"8867108","2015-06-03",23.0100799767687,0,0.167381974248926,0.34287076776347,60.1819717186111,58.0476949480555,59.1148333333333,-0.0785722594037588,34.1048441462229,59.0396,58.8733561056445,-0.882073779474113,-0.835565398156051
"8867107","2015-06-04",24.4435233730173,0,-9.62193288008469e-16,0.168812589413446,60.2974453210628,57.8082213456038,59.0528333333333,-0.0689189404523179,32.4609947299075,58.8736,58.6662419582253,-1.01803894729628,-0.872060107984098
"8867106","2015-06-05",26.5077662692328,0,-9.62193288008469e-16,0.0557939914163071,60.579679844715,57.251320155285,58.9155,-0.225732861045945,26.8799117912239,58.7284,58.3374096971286,-1.26693548858146,-0.95103518410357
"8867105","2015-06-08",28.4303318302842,0,-9.62193288008469e-16,-2.03540887847945e-15,60.7712608779285,56.7780724554048,58.7746666666666,-0.10553115559515,26.8355474769788,58.6084,58.0510884041781,-1.45091229154559,-1.05101060559197
"8867104","2015-06-09",30.4571256129333,0,-9.62193288008469e-16,-2.03540887847945e-15,60.9239533069891,56.3283800263442,58.6261666666667,-0.0438929698993297,24.971389889115,58.4484,57.746943283621,-1.63824329622702,-1.16845714371898
"8867103","2015-06-10",32.3391484111076,0.0464601769911491,0.0154867256637154,0.00516224188790342,61.040783839902,56.0008828267647,58.5208333333333,0.0494289813601398,27.6766281214675,58.336,57.5113508458049,-1.73904295159135,-1.28257430529346
"8867102","2015-06-11",33.634219321418,0.164285714285714,0.07024863042562,0.0285784520297771,61.0773644442618,55.7773022224048,58.4273333333333,0.162771254653855,33.572314362364,58.256,57.3711707330309,-1.73254547915985,-1.37256854006674
"8867101","2015-06-12",35.1261958171151,0.0619047619047615,0.0908835510605405,0.0588729690499576,61.1128009634276,55.5031990365724,58.308,0.140259678616572,31.1245443961105,58.1368,57.1923479686268,-1.7682740813833,-1.45170964833005
"8867100","2015-06-15",36.882953857571,0,0.0753968253968242,0.0788430022943272,61.1129790454148,55.1530209545852,58.133,0.0996056856498477,27.9134066178391,58,56.9533682394765,-1.8652294865296,-1.53441361596996
"8867099","2015-06-16",38.0439775646496,0.102844638949672,0.0549164669514767,0.0737322811362794,61.0016527563925,54.9310139102742,57.9663333333333,0.198054842914585,33.4312378165513,57.8836,56.8089191408797,-1.85512418178927,-1.59855572913382
"8867098","2015-06-17",38.4392129470225,0.19910514541387,0.10064992812118,0.0769877401564925,60.7959944041591,54.8193389291742,57.8076666666667,0.285108353876366,37.9984635369356,57.8124,56.7397299220957,-1.76748770732322,-1.6323421247717
"8867097","2015-06-18",36.8458748603233,0.208816705336426,0.170255496566655,0.108607297213103,60.4905414068353,54.817791926498,57.6541666666667,0.369992496133259,38.1073456387402,57.7372,56.6810992658163,-1.67745823140125,-1.64136534609761
"8867096","2015-06-19",35.1652537486821,0.581196581196581,0.329706143982292,0.200203856223374,60.2137097021412,54.8879569645254,57.5508333333333,0.532389787603475,49.0845794322669,57.6992,56.7822860303741,-1.42744016503996,-1.59858030988608
"8867095","2015-06-22",33.8593143188756,0.595394736842106,0.46180267445837,0.320588105002438,59.9593191927843,54.9363474738824,57.4478333333333,0.494458791549912,47.2632639323495,57.6264,56.8393145596576,-1.24756058733215,-1.5283763653753
"8867094","2015-06-23",33.3871426639364,0.370242214532872,0.515611177523852,0.435706665321504,59.7841802585512,54.9201530747821,57.3521666666667,0.418688776798006,41.879014952706,57.5196,56.7900726183699,-1.19626221056207,-1.46195353441265
"8867093","2015-06-24",32.9674938074371,0.36332179930796,0.442986250227645,0.473466700736621,59.5157586280292,54.9255747053041,57.2206666666667,0.361879172888652,41.7406126859139,57.3976,56.7447296025873,-1.14535517937657,-1.39863386340544
"8867092","2015-06-25",32.9258632382055,0.235294117647059,0.322952710495962,0.427183379415819,59.1157148035884,55.0052851964116,57.0605,0.327957966867511,39.162100798733,57.2496,56.656098988909,-1.14460154482308,-1.34782739968896
"8867091","2015-06-26",32.9060310510502,0.228373702422147,0.275663206459054,0.347200722394219,58.6557017077092,55.1526316256241,56.9041666666667,0.339902337038173,39.0217773274302,57.1104,56.5766191237211,-1.13403058445343,-1.30506803664186
"8867090","2015-06-29",31.7502114353597,0.335640138408304,0.266435986159169,0.288350634371394,58.0993075374376,55.4460257958957,56.7726666666667,0.497738649497318,42.4631133355924,56.994,56.5490699072249,-1.06926519755457,-1.2579074688244
"8867089","2015-06-30",31.2149700314726,0.162629757785467,0.242214532871971,0.26143790849673,57.8140284147901,55.5186382518766,56.6663333333333,0.286673884650119,38.6721973470193,56.8844,56.4585272529283,-1.07701078316254,-1.22172813169203
"8867088","2015-07-01",30.7179601564346,0.193771626297579,0.230680507497115,0.246443675509417,57.6016326358258,55.5610340308408,56.5813333333333,0.303325684751079,39.7154642654525,56.7672,56.3920569525379,-1.05831179555654,-1.18904486446493
"8867087","2015-07-02",28.8864877595947,0.453287197231835,0.269896193771626,0.247597078046903,57.466712625846,55.629287374154,56.548,0.729669206739922,47.6998961530856,56.6616,56.4344493588661,-0.925610474462091,-1.13635798646436
"8867086","2015-07-06",27.04254785562,0.25619834710744,0.301085723545617,0.267220808271451,57.5079720438373,55.6350279561627,56.5715,0.712766629085418,45.7843134505152,56.5504,56.4418561110173,-0.84216079233097,-1.07751854763768
"8867085","2015-07-07",26.8406621105415,0.603399433427763,0.437628325922345,0.336203414413195,57.9185955684342,55.4354044315658,56.677,1.2207124091638,58.1940050082875,56.5008,56.6496086295484,-0.554192237776463,-0.972853285665439
"8867084","2015-07-08",26.7299520219473,0.779005524861878,0.546201101799026,0.428305050422328,58.3806373890354,55.2563626109646,56.8185,1.1843721562759,62.4263077545606,56.5284,56.9216608122752,-0.226080972501097,-0.823498823032571
"8867083","2015-07-09",24.9593045815857,0.406077348066299,0.596160768785312,0.52666339883556,58.5126529703413,55.2920136963254,56.9023333333333,0.818052798274451,51.4513199998676,56.518,56.9774393706385,-0.156004504545681,-0.689999959335193
"8867082","2015-07-10",23.3151319583929,0.408839779005525,0.531307550644566,0.5578898070763,58.6032971725985,55.3117028274015,56.9575,0.738739422577993,51.5193117291392,56.5192,57.0271141212201,-0.0979535647151142,-0.571590680411177
"8867081","2015-07-13",21.8660282126476,0.571823204419889,0.462246777163904,0.529905032197926,58.7462195531356,55.3557804468644,57.051,0.827096274328801,55.4808362934181,56.5888,57.1488322383907,0.030964012035084,-0.451079741921925
"8867080","2015-07-14",20.3369073194778,0.530386740331491,0.503683241252301,0.499079189686923,58.7960019997265,55.5316646669402,57.1638333333333,0.757173176181349,54.2667451770492,56.6528,57.234321273272,0.110522478797859,-0.338759297777968
"8867079","2015-07-15",19.2632834521694,0.436464088397791,0.512891344383056,0.492940454266419,58.818408716607,55.6659246167264,57.2421666666667,0.645229386993794,51.5149632245339,56.72,57.2630784368357,0.124186354990119,-0.246170167224351
"8867078","2015-07-16",18.5556469687114,0.632596685082872,0.533149171270717,0.516574585635357,58.9657885831105,55.7132114168895,57.3395,0.847570539368161,56.4780585763662,56.8072,57.382667978591,0.232164700177506,-0.15050319374398
"8867077","2015-07-17",18.0268622148118,0.707182320441989,0.59208103130755,0.546040515653773,59.1435033359211,55.7128299974122,57.4281666666667,0.867809234172609,58.2291479890897,56.886,57.5223122481122,0.351305396480361,-0.0501414756991114
"8867076","2015-07-20",16.7703350214481,0.541436464088397,0.627071823204418,0.584100675260894,59.1753147478709,55.7123519187958,57.4438333333333,0.67119251998777,53.1148267750771,56.958,57.5633372816972,0.357317240984756,0.0313502676376621
"8867075","2015-07-21",15.7951744187042,0.498583569405098,0.582400784645161,0.600517879719042,59.2229470266369,55.7243863066964,57.4736666666667,0.655206681680583,52.2094634173397,57.0508,57.5842256441376,0.342700745118463,0.0936203631338222
"8867074","2015-07-22",15.3248075054013,0.486666666666667,0.508895566720053,0.57278939152321,59.3077090676796,55.7732909323204,57.5405,0.713000642397636,53.9759557506761,57.134,57.6329955582526,0.359153903420717,0.146727071191201
"8867073","2015-07-23",14.2580916642394,0.326666666666666,0.437305634246143,0.509533995203785,59.3225132659812,55.8884867340188,57.6055,0.581876672777479,49.8358643427044,57.1812,57.6112628171522,0.30152402667103,0.177686462287167
"8867072","2015-07-24",13.2675698117318,0.241860465116277,0.351731266149869,0.432644155705354,59.3186725385665,56.0639941281002,57.6913333333333,0.616345340126066,52.9908680478106,57.2436,57.6444277748653,0.306901630227152,0.203529495875164
"8867071","2015-07-27",13.2135270513228,0.293023255813952,0.287183462532297,0.358740120976102,59.3222789363622,56.2640543969712,57.7931666666667,0.691886934976393,53.8720855635734,57.2648,57.6878374048832,0.322798614567055,0.227383319613542
"8867070","2015-07-28",13.7297091716906,0.633333333333332,0.38940568475452,0.342773471145561,59.4747076615411,56.3502923384589,57.9125,0.89714097039738,60.348601050486,57.3308,57.8441257508988,0.454320140001374,0.272770683691108
"8867069","2015-07-29",14.9503344401585,0.537267080745341,0.487874556630874,0.388154567972563,59.5911946160322,56.5738053839678,58.0825,0.995185258430991,61.7772225710563,57.4352,58.0089089841123,0.58198466850341,0.334613480653569
"8867068","2015-07-30",17.1522855707842,0.557894736842105,0.576165050306925,0.484481763897439,59.9915272478254,56.6354727521746,58.3135,1.24089976882746,67.6049530880896,57.5812,58.287721119564,0.81446955833846,0.430584696190547
"8867067","2015-07-31",19.4211062132938,0.787644787644787,0.627602201744077,0.563880602893958,60.7461254506457,56.373541216021,58.5598333333333,1.26312614103812,73.6667596300306,57.7992,58.7200249702888,1.18019722720992,0.580507202394422
"8867066","2015-08-03",21.0003556325654,0.718146718146718,0.687895414211203,0.630554222087401,61.2099487946392,56.3683845386942,58.7891666666667,1.07161277919667,70.1099995587587,58.0036,59.0466883075836,1.4015514563585,0.744716053187237
"8867065","2015-08-04",21.5404132988737,0.585271317829458,0.697020941206987,0.670839519054088,61.4998684968088,56.3247981698578,58.9123333333333,0.889881980184684,63.8400070161844,58.1684,59.2391298665725,1.46577027773878,0.888926898097545
"8867064","2015-08-05",21.5980021031982,0.517441860465116,0.606953298813763,0.66395655141065,61.6797244824217,56.3062755175782,58.993,0.793480036810201,60.824836847886,58.3392,59.3592458843628,1.45170356894855,1.00148223226775
"8867063","2015-08-06",21.6514774214995,0.563953488372093,0.555555555555555,0.619843265192101,61.8626489978493,56.3963510021507,59.1295,0.779378597337432,62.1451246258907,58.516,59.4953464331144,1.45592625924302,1.0923710376628
"8867062","2015-08-07",22.3999872397045,0.612403100775194,0.564599483204134,0.57570277919115,62.0853695899003,56.5116304100997,59.2985,0.827398407867127,63.5241634726181,58.6728000000001,59.6466335753659,1.47560057514973,1.16901694516019
"8867061","2015-08-10",23.3048063576876,0.831395348837209,0.669250645994831,0.596468561584839,62.4551808606947,56.523485805972,59.4893333333333,0.919329265983248,69.0181237230527,58.8836000000001,59.9284157653171,1.62399182415971,1.26001192096009
"8867060","2015-08-11",24.3646226616852,0.800380228136883,0.748059559249761,0.660636562816241,62.7701908723409,56.6111424609924,59.6906666666667,0.879820578942518,68.2345483102877,59.0308000000001,60.1619603299415,1.70962275830697,1.34993408842947
"8867059","2015-08-12",25.6382539993917,0.836158192090395,0.822644589688161,0.746651598310917,63.1184078346169,56.7519254987164,59.9351666666666,0.917001602024838,70.9839739004218,59.1752,60.4470322859493,1.83780130173554,1.44750753109068
"8867058","2015-08-13",27.1103192238158,0.798941798941799,0.811826739723025,0.794176962886981,63.5088158332462,56.8025175000871,60.1556666666666,0.906235034290518,71.8309707702117,59.3816000000001,60.7207613144894,1.94189852927114,1.54638573072677
"8867057","2015-08-14",28.5851146083534,0.82258064516129,0.819226878731161,0.817899402714115,63.9186445870942,56.8470220795724,60.3828333333333,0.903089955235599,73.653106217705,59.6052000000001,61.0166598058908,2.05722803511235,1.64855419160389
"8867056","2015-08-17",30.3474392968565,0.82904411764706,0.816855520583382,0.815969713012522,64.3545006607463,56.9974993392537,60.676,0.938222022684903,76.1114567420113,59.8312000000001,61.359771831772,2.2067375168541,1.76019085665393
"8867055","2015-08-18",31.9838836504666,0.79185520361991,0.814493322142753,0.816858573819098,64.6793120631247,57.2550212702086,60.9671666666666,0.886950540255574,76.1483294060094,60.0636000000001,61.6584689208691,2.29775330834476,1.8677033469921
"8867054","2015-08-19",32.6414581442125,0.678082191780822,0.76632717101593,0.799225337914021,64.8800218977446,57.5733114355887,61.2266666666667,0.808848513753869,70.4131209644123,60.29,61.8520063980866,2.27811033028891,1.94978474365146
"8867053","2015-08-20",33.3857900323738,0.712328767123288,0.727422054174673,0.769414182444451,64.9723231626831,58.0570101706503,61.5146666666667,0.808301302118402,71.1299510255326,60.494,62.0397388783417,2.2551461263085,2.01085702018287
"8867052","2015-08-21",32.8303924973964,0.536529680365298,0.642313546423135,0.712020923871245,64.8817273016509,58.6352726983491,61.7585,0.690214568443131,62.7282985944774,60.6564,62.0997736945628,2.11204682285402,2.0310949807171
"8867051","2015-08-24",31.0639516840186,0.0456621004566217,0.431506849315068,0.600414149970958,64.6350114724925,59.1266551941742,61.8808333333333,0.308624095210399,46.2879068447088,60.7568,61.8651372019544,1.69960020473643,1.96479602552096
"8867050","2015-08-25",30.5616190531788,0,0.194063926940639,0.422628107559613,64.5465243606482,59.2841423060185,61.9153333333333,0.106261959224895,38.4197349397103,60.7992,61.4537855750272,1.15468579907898,1.80277398023257
"8867049","2015-08-26",30.3841223829483,0,0.0152207001522064,0.213597158802637,64.6516786673221,59.1079879993445,61.8798333333333,-0.0435308077472265,36.4115513079318,60.8136,61.0346141650235,0.651371221841934,1.57249342855444
"8867048","2015-08-27",29.6636374708587,0.199677938808373,0.0665593129361235,0.0919479800096553,64.7054676539311,58.9611990127355,61.8333333333333,0.158210042745374,44.6339925065018,60.8968,60.8366656096871,0.410559837221891,1.34010671028793
"8867047","2015-08-28",29.0777007098969,0.180354267310789,0.12667740203972,0.0694858050426822,64.7318968747323,58.7274364586009,61.7296666666666,0.182513797874027,44.0404948872966,60.9596,60.6491101950621,0.201003955960033,1.11228615942235
"8867046","2015-08-31",29.0353916129416,0.0595813204508853,0.146537842190015,0.113258185721952,64.8019979902339,58.4303353430994,61.6161666666666,0.134396839724777,40.4227051726807,60.988,60.3865621690539,-0.0650044632089508,0.876828034896091
"8867045","2015-09-01",29.7413562974856,0,0.0799785292538905,0.117731257827874,65.0425445982579,57.8797887350754,61.4611666666666,-0.00695105850686334,34.9411544183528,60.9276,59.98168721318,-0.450531394293319,0.611356149058209
"8867044","2015-09-02",30.3968949331336,0,0.0198604401502942,0.0821256038647322,65.2424355865491,57.3938977467842,61.3181666666666,0.04027530473438,34.9411544183528,60.8584,59.630795584756,-0.749809768602572,0.339122965526053
"8867043","2015-09-03",31.0056093805211,0.0641562064156208,0.0213854021385394,0.0404081238475738,65.3643186442334,57.0040146890998,61.1841666666666,0.116341700348058,38.2974245995385,60.7668,59.3880228401219,-0.915652359370189,0.0881679005468046
"8867042","2015-09-04",31.8920160915392,0,0.0213854021385394,0.0208770814757901,65.4882368975815,56.5114297690851,60.9998333333333,0.103069708899551,35.7903279052337,60.5948,59.100286461439,-1.11454388934856,-0.152374457432269
"8867041","2015-09-08",31.3868114971514,0.125173852573019,0.063110019662879,0.035293607979985,65.4230459701214,56.2189540298785,60.821,0.236964817852952,42.1219449854739,60.4732,58.9709149332471,-1.13690926182156,-0.349281418310127
"8867040","2015-09-09",30.2518521283922,0.14047287899861,0.0885489105238753,0.0576814441084303,65.310748681071,55.9965846522622,60.6536666666666,0.288458381531714,42.8635325437924,60.3832,58.8734596088141,-1.12686628859071,-0.504798392366244
"8867039","2015-09-10",29.4981751197834,0.0904977375565613,0.118714823042729,0.0901245844098269,65.1223504416659,55.7393162250007,60.4308333333333,0.255143171499963,40.7668553372237,60.2908,58.7343316609723,-1.16212485077756,-0.636263684048507
"8867038","2015-09-11",28.9013545130197,0.0970464135021098,0.109339010019093,0.105534247861898,64.8496876906467,55.5269789760199,60.1883333333333,0.268486456093279,40.0465158643721,60.1832,58.5950874395093,-1.19599435700074,-0.748209818638954
"8867037","2015-09-14",27.6441684339044,0.320675105485233,0.169406418847967,0.132486750636595,64.4459721061831,55.5023612271502,59.9741666666666,0.385486222453208,47.5966028659869,60.108,58.6157424475747,-1.06464592137404,-0.811497039185971
"8867036","2015-09-15",26.5283260051181,0.431952662721893,0.283224727236411,0.187323385367823,63.8342608420508,55.6107391579492,59.7225,0.395928609881595,47.2340073818111,59.9852,58.6256434545648,-0.957750185198103,-0.840747668388397
"8867035","2015-09-16",24.6950017972478,0.488165680473374,0.413597816226833,0.288742987437069,63.1482454368988,55.8417545631011,59.495,0.471942755620878,48.5701377331557,59.8732,58.6595576606228,-0.837199232048025,-0.840037981120323
"8867034","2015-09-17",24.0845673381376,0.563245823389022,0.494454722194762,0.397092421886001,62.5177509489752,56.1439157176914,59.3308333333333,0.636364784329642,53.326297172951,59.7648,58.7836166392064,-0.636707452137342,-0.799371875323727
"8867033","2015-09-18",23.687413376765,0.680995475113123,0.577468992991839,0.495173843804477,61.7773261353799,56.5906738646201,59.184,0.794216754919737,57.2262393661524,59.6744,58.9778010873122,-0.384522447263946,-0.716401989711771
"8867032","2015-09-21",23.6533125941119,0.838114754098361,0.694118684200168,0.588680799795589,61.3578372732644,56.8738293934022,59.1158333333333,1.05028895267594,62.789690497394,59.6096,59.2900942756706,-0.0376048033635557,-0.580642552442128
"8867031","2015-09-22",23.204038136628,0.762295081967214,0.760468437059565,0.677352038083856,61.4400587742248,56.8296078924418,59.1348333333333,0.9493775959136,59.9145327875666,59.504,59.5114150389145,0.183717717413079,-0.427770498471086
"8867030","2015-09-23",22.8751878540905,0.741803278688525,0.780737704918032,0.745108275392587,61.6570465334173,56.7459534665827,59.2015,0.902184735615235,59.1265104340844,59.394,59.6898930337259,0.340961302150045,-0.27402413834686
"8867029","2015-09-24",23.645849966677,0.694308943089431,0.732802434581722,0.758002858853106,62.1235451448121,56.6054548551879,59.3645,1.00056568879644,62.5723638500056,59.3296,59.9312406292292,0.546256509053,-0.109968008866888
"8867028","2015-09-25",25.1531052974488,0.750344827586208,0.72881901645472,0.747453051984824,62.9086831625311,56.2066501708022,59.5576666666667,1.12304477937067,69.5133830672867,59.3244,60.3577418786653,0.915401937045157,0.0951059803155209
"8867027","2015-09-28",26.5526995331656,0.793103448275862,0.745919072983833,0.735846841340091,63.5512477483643,55.9487522516357,59.75,1.01562016731043,70.6289833118332,59.3624,60.7687096281766,1.23194411400156,0.322473607052729
"8867026","2015-09-29",27.7632026535809,0.783448275862069,0.775632183908045,0.750123424448865,64.117923639129,55.8164096942044,59.9671666666667,0.941224740165945,70.0060295063091,59.4836,61.1155483444197,1.45406899161122,0.548792683964428
"8867025","2015-09-30",29.2300471178641,0.801379310344828,0.792643678160919,0.771398311684265,64.6450467478725,55.9012865854608,60.2731666666667,0.920509399278762,70.5259567805465,59.6724,61.4334752318304,1.62633626638491,0.764301400448524
"8867024","2015-10-01",30.4285685567707,0.750400000000001,0.778409195402298,0.78222835249042,65.058073663516,56.1062596698174,60.5821666666667,0.8695154228698,69.3312529229013,59.8752,61.6930118675863,1.72554131632106,0.95654938362303
"8867023","2015-10-02",31.5414813214696,0.76,0.770593103448275,0.78054865900383,65.3974421386436,56.3528911946897,60.8751666666667,0.827434719352173,69.6084690835902,60.0308000000001,61.9259436185748,1.79007346824085,1.12325420054659
"8867022","2015-10-05",32.8966443078395,0.861635220125787,0.790678406708595,0.779893568519722,65.7548964237841,56.7171035762159,61.236,0.878115917345108,73.5555680309774,60.228,62.2504844694315,1.93687694978975,1.28597875039522
"8867021","2015-10-06",33.8324483699928,0.802816901408452,0.808150707178079,0.789807405778315,66.0806912800919,57.0036420532414,61.5421666666667,0.828429051353846,71.2799012176649,60.4468,62.5037532068407,2.00121509425746,1.42902601916767
"8867020","2015-10-07",34.7014092848495,0.829025844930417,0.831159322154885,0.809996145347185,66.3547622058053,57.3159044608614,61.8353333333333,0.799964155852542,72.4176921301977,60.7292000000001,62.7579194459286,2.06055008057633,1.5553308314494
"8867019","2015-10-08",36.1301762905911,0.721247563352825,0.784363436563897,0.807891155298953,66.5670283538835,57.7929716461165,62.18,0.824441334433905,73.0371080649985,61.0172000000001,62.9968635198048,2.09998829643061,1.66426232444564
"8867018","2015-10-09",37.5645613581802,0.87313432835821,0.807802578880483,0.807775112533088,66.7809522827627,58.351714383904,62.5663333333333,0.87848419650907,76.94082455296,61.3260000000001,63.3346150504975,2.22903452958938,1.77721676547439
"8867017","2015-10-12",39.3926635189571,0.78082191780822,0.791734603173084,0.794633539539154,67.1389235820122,58.7447430846544,62.9418333333333,0.91911973036249,78.4814462127894,61.6760000000001,63.6873330437645,2.35887605232203,1.89354862284392
"8867016","2015-10-13",41.2893741861487,0.88,0.844652082055476,0.814729754703014,67.5762205082059,59.1687794917941,63.3725,0.988555315699735,82.0419076137589,62.0396000000001,64.1583553045959,2.58532280184383,2.0319034586439
"8867015","2015-10-14",43.1331671235844,0.851562499999999,0.837461472602739,0.824616052610432,67.9717864988063,59.618546834527,63.7951666666667,0.972650950451006,82.7126390538417,62.4096000000001,64.6025745973164,2.7627131300167,2.17806539291846
"8867014","2015-10-15",45.1733793870708,0.721202003338898,0.817588167779631,0.833233907479281,68.4606901852434,59.9343098147566,64.1975,0.974898666341752,83.2128087948955,62.8040000000001,65.0142313176742,2.89123119693906,2.32069855372258
"8867013","2015-10-16",47.2337928543502,0.730827067669174,0.767863857002689,0.807637832461686,69.0043892672353,60.2022773994314,64.6033333333333,0.979809095449167,84.515480266136,63.2256000000001,65.4430004753177,3.02156175343842,2.46087119366575
"8867012","2015-10-19",48.6209542849471,0.680722891566266,0.710917320858112,0.76545644854681,69.381934312652,60.4913990206813,64.9366666666667,0.872680971901172,80.4090301419262,63.5916000000001,65.770600411942,3.04615223606182,2.57792740214496
"8867011","2015-10-20",50.0628965209713,0.731927710843373,0.714492556692937,0.731091244851245,69.687159599568,60.929840400432,65.3085,0.880805273566179,81.411178033714,63.9736000000001,66.0998536903497,3.06955808722438,2.67625353916085
"8867010","2015-10-21",51.4996492040867,0.831306990881459,0.747985864430365,0.724465247327137,69.9691579769316,61.4501753564018,65.7096666666667,0.909712460842686,83.2315092828659,64.3748000000001,66.4745398649698,3.13101130357345,2.76720509204337
"8867009","2015-10-22",52.9271504667848,0.826890756302521,0.796708486009117,0.753062302377472,70.2916015300958,61.8563984699042,66.074,0.895880610046329,83.6434364963139,64.7540000000001,66.8206012163071,3.15995163400413,2.84575440043552
"8867008","2015-10-23",53.3800276611753,0.739495798319328,0.799231181834435,0.781308510757971,70.6008129162756,62.0771870837244,66.339,0.816101784177792,77.0211979237838,65.0864000000001,67.0511877207995,3.08278089278322,2.89315969890506
"8867007","2015-10-26",53.8470233508742,0.731578947368421,0.765988500663422,0.787309389502324,70.8477085002786,62.3722914997214,66.61,0.792610971216753,77.1336770367268,65.3768000000001,67.2550293580262,2.98960876900691,2.91244951292543
"8867006","2015-10-27",54.3758711961615,0.828719723183392,0.766598156290379,0.777272612929411,71.1179478519512,62.7060521480487,66.912,0.827869019907189,79.8275667188959,65.7124000000001,67.5330254436227,2.97118419586877,2.9241964495141
"8867005","2015-10-28",51.9639798576365,0.362499999999999,0.640932890183936,0.724506515712578,71.1437340321995,63.1132659678005,67.1285,0.643391392726519,59.3265989696796,65.9692000000001,67.497955384473,2.67790505113998,2.87493816983928
"8867004","2015-10-29",48.5446859357363,0.0183908045977008,0.403203509260363,0.603578185244892,71.0053240806528,63.5120092526804,67.2586666666666,0.397864516451874,51.0702316359491,66.1516000000001,67.3062279998766,2.27476405306217,2.75490334648386
"8867003","2015-10-30",45.3696272939719,0.0960187353629969,0.158969846653564,0.401035415365953,70.8191570703486,63.9878429296514,67.4035,0.401897840903821,53.4349674839952,66.2852,67.1947309332264,1.98166197636167,2.60025507245942
"8867002","2015-11-02",42.1668909950074,0.0327868852459018,0.0490654750688651,0.203746276994263,70.702272506486,64.2920608268472,67.4971666666666,0.348600943540969,51.6641911835341,66.3956,67.0621001421296,1.6974468653066,2.41969343102885
"8867001","2015-11-03",39.471138437706,0,0.0429352068696315,0.0836568428640195,70.5510343800591,64.6076322866075,67.5793333333333,0.262313462146009,49.1933270621749,66.4936000000001,66.8964867898456,1.4101741061699,2.21778956605706
"8867000","2015-11-04",36.81367023981,0.117516629711752,0.0501011716525498,0.047367284530348,70.3519692558402,65.0203640774931,67.6861666666667,0.31190780266212,52.5984202393755,66.6076,66.8236218845329,1.23229044138216,2.02068974112208
"8866999","2015-11-05",34.5279885224754,0.199556541019957,0.105691056910568,0.0662424784775823,70.1822575403327,65.3867424596673,67.7845,0.335019460191775,54.8722725131021,66.7412,66.8098056332618,1.12312623213144,1.84117703932396
"8866998","2015-11-06",33.719489812578,0,0.105691056910568,0.0871610951578945,70.2884289850378,65.2062376816289,67.7473333333333,-0.0379569238501867,40.8013185710059,66.7736,66.4684982154936,0.728933530117337,1.61872833748263
"8866997","2015-11-09",32.9687410105304,0.0361842105263156,0.0785802505154227,0.0966541214455188,70.4468440963261,64.8928225703405,67.6698333333333,0.00309279133670745,42.2224687907124,66.778,66.2020317867611,0.437299546853454,1.3824425793568
"8866996","2015-11-10",31.4684394107117,0.217105263157894,0.0844298245614017,0.0895670439957967,70.4721899960486,64.710476670618,67.5913333333333,0.208188651817787,48.8361850676809,66.8348,66.1177608818596,0.336233134520691,1.17320069038958
"8866995","2015-11-11",29.2473428405302,0.356907894736842,0.203399122807016,0.122136399294613,70.4443653564462,64.6429679768871,67.5436666666667,0.37008877045345,53.2860244215617,66.9152,66.158059430945,0.355877354643264,1.00973602324031
"8866994","2015-11-12",27.6503095660569,0.259868421052631,0.277960526315788,0.188596491228068,70.3725154267676,64.5384845732324,67.4555,0.333362782770067,50.033222217769,66.9664,66.1143181734857,0.29595279251371,0.866979377094992
"8866993","2015-11-13",26.8575634957491,0.100328947368421,0.239035087719297,0.240131578947366,70.2534690016746,64.3248643316587,67.2891666666667,0.198214543513848,45.1530430513249,66.9396,65.9470757503542,0.128290142806131,0.71924153023722
"8866992","2015-11-16",26.1214421447491,0.115702479338844,0.158633282586631,0.225209632207238,70.184722270489,64.1099443961777,67.1473333333333,0.214557464342418,45.6824298245579,66.8984,65.8141323169737,0.00612269507405117,0.576617763204586
"8866991","2015-11-17",25.0819235843574,0.144067796610171,0.120033074439144,0.172567148248356,70.0317029369911,63.9392970630089,66.9855,0.240852240315147,44.7014989354651,66.8,65.6735813413772,-0.112939976873005,0.438706215189068
"8866990","2015-11-18",24.5599057595103,0,0.0865900919830033,0.121752149669592,69.7894470808332,63.7252195858335,66.7573333333333,0.150298959197152,41.7066326579058,66.6672,65.4731038291936,-0.277087112532692,0.295547549644716
"8866989","2015-11-19",22.8613988488461,0.414364640883977,0.186144145831381,0.130922437417842,69.3776128179205,63.8080538487461,66.5928333333333,0.415702481543239,50.7421800335649,66.5864,65.4993566519678,-0.219810749443494,0.192475889827074
"8866988","2015-11-20",21.934931451649,0.758713136729221,0.391025925871065,0.221253387895149,69.0817755698626,63.9305577634707,66.5061666666667,0.654105953809275,57.0927291737632,66.5372,65.6994424317054,-0.0106086144512574,0.151858988971408
"8866987","2015-11-23",20.7251561354416,0.648793565683646,0.607290447765613,0.394820173156019,68.6986535265325,64.0986798068008,66.3986666666667,0.617681831748574,54.7494048759485,66.4848,65.8181834408113,0.103221671556208,0.142131525488368
"8866986","2015-11-24",19.4251868861575,0.471849865951743,0.626452189454869,0.541589521030515,67.9723868453103,64.4866131546897,66.2295,0.516399993728938,51.112566174903,66.3924,65.8330923153698,0.111100567922451,0.135925333975184
"8866985","2015-11-25",18.2180725832509,0.517426273458442,0.546023235031276,0.593255290750585,67.6056760307813,64.6629906358854,66.1343333333333,0.582351084405308,51.9970746746986,66.28,65.8686800066539,0.136597097590307,0.136059686698209
"8866984","2015-11-27",17.3682833236961,0.705093833780159,0.564789991063447,0.579088471849863,67.6872940463307,64.641372620336,66.1643333333333,0.804998018685473,55.5623240255938,66.1892,65.9928560057667,0.239670752351318,0.156781899828831
"8866983","2015-11-30",17.1481160536248,0.732394366197183,0.651638157811927,0.587483794635549,67.8541183126718,64.5682150206615,66.2111666666667,0.943967215006137,57.9184404925031,66.1388,66.1658085383311,0.376568027449453,0.200739125352955
"8866982","2015-12-01",17.1738684744002,0.827510917030566,0.754999705669302,0.657142618181558,68.1562038120115,64.4357961879885,66.296,1.01804359309672,60.9659979560188,66.114,66.4050340665537,0.559610524493603,0.272513405181085
"8866981","2015-12-02",16.86135242496,0.755458515283842,0.771787932837196,0.726141932106141,68.3572966955473,64.4027033044527,66.38,0.870876730328202,58.7107138529749,66.0456,66.5683628576798,0.656361085796853,0.349282941304238
"8866980","2015-12-03",15.7906774446323,0.576419213973799,0.719796215429401,0.748861284645299,68.4019682219698,64.4020317780302,66.402,0.680336198697921,53.4223519100669,66.0272,66.6005811433225,0.626232373551927,0.404672827753776
"8866979","2015-12-04",15.3012490302325,0.648471615720524,0.660116448326054,0.71723353219755,68.4763538544031,64.3829794789302,66.4296666666667,0.772880000102843,55.1723382839913,66.0704,66.6725036575462,0.634935939214909,0.450725450046003
"8866978","2015-12-07",15.1465450296249,0.834061135371178,0.686317321688499,0.688743328481317,68.6740448866983,64.5079551133017,66.591,0.89581480229495,59.4032860401787,66.1312,66.84816983654,0.735863584308993,0.507753076898601
"8866977","2015-12-08",15.1454099896134,0.833684210526314,0.772072320539338,0.706168696851296,68.8393577807585,64.6909755525748,66.7651666666667,0.892482316505224,60.0717313025084,66.2084,67.0190805250014,0.822740340249806,0.570750529568842
"8866976","2015-12-09",14.7158550894154,0.622356495468278,0.763367280455256,0.740585640894364,68.9954164945649,64.7585835054351,66.877,0.799673522634529,57.175066226799,66.2848,67.1138697883345,0.833507073233775,0.623301838301829
"8866975","2015-12-10",14.5700319217825,0.00655737704917903,0.487532694347923,0.674324098447505,68.9885396276307,64.7441270390359,66.8663333333333,0.43175341449014,46.4428042836544,66.2688000000001,66.9586871498899,0.620749928960684,0.6227914564336
"8866974","2015-12-11",14.6033656857287,0,0.209637957505818,0.486845977436331,68.9879447972148,64.7183885361185,66.8531666666667,0.351701997128833,45.2605870461705,66.2288,66.7935288632379,0.419338180557016,0.582100801258283
"8866973","2015-12-14",14.634318466536,0.122699386503069,0.0430855878507482,0.246752079901495,68.953413042814,64.8429202905194,66.8981666666667,0.378806095354731,47.7515600372547,66.3036000000001,66.7037250148062,0.304373416781156,0.526555324362858
"8866972","2015-12-15",13.6625176909642,0.349693251533742,0.157464212678936,0.1367292526785,68.9358568763043,65.0481431236957,66.992,0.576651733888602,52.0947461562064,66.3992000000001,66.7245616794987,0.299316382075876,0.481107535905461
"8866971","2015-12-16",13.6504207307963,0.529411764705881,0.33393480091423,0.178161533814637,68.9948650039022,65.2654683294312,67.1301666666667,0.778820791698385,56.0796271683727,66.4808000000001,66.8426201222322,0.381499114185657,0.461185851561501
"8866970","2015-12-17",13.7475215281885,0.849462365591397,0.576189127277006,0.35586271362339,69.0212021975521,65.6821311357812,67.3516666666667,1.01361590342748,61.8644419594128,66.5792000000001,67.1142707726013,0.59240940189329,0.487430561627858
"8866969","2015-12-18",12.9167210415063,0.475806451612902,0.618226860636726,0.509450262942653,69.0343418841261,65.8539914492072,67.4441666666667,0.666386276448232,53.5509019114664,66.6456000000001,67.1643680029211,0.58516063049201,0.506976575400689
"8866968","2015-12-21",12.4166279522691,0.381720430107527,0.568996415770608,0.587804134561446,69.0604907639493,65.8725092360507,67.4665,0.587882148693426,51.6680971480744,66.7368000000001,67.1611189358649,0.531223110747914,0.511825882470134
"8866967","2015-12-22",12.1621783781085,0.309139784946238,0.388888888888888,0.525370721765406,69.0624406259735,65.9068927073599,67.4846666666667,0.442535072193427,50.2017468517625,66.8136000000001,67.1223030777496,0.450844298049646,0.499629565586036
"8866966","2015-12-23",11.4527813696823,0.674731182795701,0.455197132616487,0.471027479091994,69.1336542018427,66.0583457981573,67.596,0.798289866549334,56.8453368471041,66.9524000000001,67.2699960007163,0.544176274947961,0.508538907458421
"8866965","2015-12-24",10.7940555761437,0.741935483870969,0.575268817204301,0.473118279569892,69.2090414899706,66.2122918433627,67.7106666666667,0.820124617156209,57.9557413060931,67.1248000000001,67.4313298672875,0.640340740407619,0.534899274048261
"8866964","2015-12-28",10.6868989010659,0.748091603053433,0.7215860899067,0.584017346575829,69.3740255284289,66.236974471571,67.8055,0.877583908751044,58.7781693680871,67.2444000000001,67.5951525516492,0.729231311133671,0.573765681465343
"8866963","2015-12-29",10.8609769337244,0.868852459016396,0.786293181980265,0.694382696363755,69.6563355748805,66.1493310917861,67.9028333333333,0.988688663386352,62.1857750065546,67.3416000000001,67.8397988780959,0.880685923544267,0.635149729881128
"8866962","2015-12-30",11.0226208211931,0.878220140515223,0.831721400861683,0.779866890916215,69.8794474723898,66.0672191942768,67.9733333333333,0.935440870508859,62.3598463937251,67.4568000000001,68.0571590276832,0.993146767589259,0.706749137422754
"8866961","2015-12-31",10.8872241076027,0.480093676814988,0.742388758782201,0.786801113874716,69.9096791920543,66.0863208079457,67.998,0.589450154979329,51.5076522490867,67.5304000000001,68.0188711573254,0.870426372422073,0.739484584422618
"8866960","2016-01-04",11.3632282680397,0.214470284237726,0.524261367189311,0.699457175611064,69.9043507373445,66.1073159293221,68.0058333333333,0.308842064918716,47.2374488047702,67.5644000000001,67.8763550030153,0.668142580214326,0.725216183580959
"8866959","2016-01-05",12.2616248178531,0,0.231521320350904,0.499390482107471,69.9376078836429,65.9890587830238,67.9633333333333,0.179207062040069,43.9366173361305,67.5428000000001,67.6608410026133,0.420617791888978,0.664296505242563
"8866958","2016-01-06",13.0638426075281,0.117962466487935,0.110810916908553,0.288864534816255,69.914459592,65.8882070746666,67.9013333333333,0.276135915605639,46.503751201366,67.5192000000001,67.5327288689315,0.273475471340223,0.586132298462095
"8866957","2016-01-07",13.4464795914852,0.126005361930295,0.0813226094727423,0.141218282244065,69.8648130207315,65.8115203126018,67.8381666666667,0.325286077848199,46.6830131352909,67.4700000000001,67.425698353074,0.158484388248081,0.500602716419292
"8866956","2016-01-08",13.5595133775403,0.273458445040214,0.172475424486147,0.121536316955813,69.8340106464433,65.7846560202233,67.8093333333333,0.440895931469277,49.9915377198427,67.4560000000001,67.4062719059975,0.131635023176346,0.426809177770703
"8866955","2016-01-11",13.6644733217342,0.273458445040214,0.224307417336907,0.159368483765265,69.807592768584,65.910407231416,67.859,0.425843920633559,49.9915377198427,67.4748000000001,67.3894356518645,0.109098550571529,0.363267052330868
"8866954","2016-01-12",14.2506582002447,0.117962466487935,0.221626452189453,0.206136431337502,69.7340483491341,66.0846183175325,67.9093333333333,0.31293882585631,46.4651445507654,67.4572000000001,67.2975108982826,0.0214596363015795,0.294905569125011
"8866953","2016-01-13",14.7949727302902,0.12332439678284,0.171581769436996,0.205838546321118,69.6765636894199,66.2117696439134,67.9441666666666,0.255396716552581,46.6050135289571,67.4064000000001,67.2205094451782,-0.0451584326649712,0.226892768767014
"8866952","2016-01-14",15.630138353227,0.0187667560321698,0.0866845397676474,0.159964253798031,69.6912897097425,66.1630436235908,67.9271666666666,0.223044639515932,44.1809758472697,67.3344000000001,67.1017748524878,-0.143273541105238,0.152859506792564
"8866951","2016-01-15",17.0974186185812,0,0.0473637176050023,0.101876675603214,69.7182623848497,65.9597376151502,67.839,0.118910763903828,38.9750663228212,67.2412000000001,66.8748715388227,-0.329596279571798,0.0563683495196916
"8866950","2016-01-19",18.4598931506959,0.250544662309367,0.0897704727805111,0.0746062433843861,69.5606536448361,65.9086796884972,67.7346666666666,0.293353765473402,47.2519573241527,67.2652000000001,66.8315553336464,-0.334892911110651,-0.021883902606377
"8866949","2016-01-20",20.6360646106577,0,0.0835148874364545,0.0735496926073218,69.630721627798,65.622278372202,67.6265,0.046831554253879,39.6057127667848,67.2376000000001,66.5913479558269,-0.51722799116144,-0.12095272031739
"8866948","2016-01-21",22.6567952520509,0.062921348314607,0.10448867020799,0.0925913434749844,69.6866069582024,65.3693930417975,67.528,0.0943371426005889,41.4841681798358,67.2052000000001,66.4205015617166,-0.62125597074324,-0.22101337040256
"8866947","2016-01-22",23.4025925755504,0.150442477876108,0.0711212753969037,0.0863749443471153,69.7073149141672,65.2373517524994,67.4723333333333,0.213122169701535,43.0510815965812,67.1524000000001,66.3031013534877,-0.668374820118933,-0.310485660345834
"8866946","2016-01-25",24.095118661657,0.274336283185838,0.162566703125517,0.112725549576803,69.5928721577583,65.145461175575,67.3691666666666,0.293325449267247,45.8999688937625,67.0864000000001,66.257354506356,-0.647242987346031,-0.377837125745874
"8866945","2016-01-26",24.4328111930305,0.410029498525074,0.278269419862339,0.170652466128252,69.4290490494203,65.1249509505796,67.277,0.395371034072249,48.91424367929,66.9880000000001,66.2790405721752,-0.567914101133371,-0.415852520823373
"8866944","2016-01-27",24.8529686024961,0.371681415929205,0.352015732546705,0.264283951844853,69.1771225931523,65.1485440735143,67.1628333333333,0.386767338791346,48.0986231020061,66.9400000000001,66.2805018292185,-0.514935514146431,-0.435669119487985
"8866943","2016-01-28",23.6047213772626,0.48663101604278,0.422780643499018,0.351021931969353,68.7385470002681,65.3744529997318,67.0565,0.628860846317285,51.8251364613189,66.9284000000001,66.3564349186561,-0.400165317412449,-0.428568359072877
"8866942","2016-01-29",22.580303800582,0.778904665314403,0.545739032428795,0.440178469491505,68.6009132375359,65.472086762464,67.0365,1.20212693188197,62.3314570845575,67.0084000000001,66.6915769295019,-0.0636185125150845,-0.355578389761319
"8866941","2016-02-01",21.6290589079499,0.866125760649088,0.710553814002089,0.559691163309967,68.9153552060085,65.2743114606581,67.0948333333333,1.16240163590817,64.1250474477466,67.0512000000001,67.039366672235,0.250665926059357,-0.234329526597184
"8866940","2016-02-02",20.4837520629284,0.81947261663286,0.821501014198782,0.692597953543221,69.2607182193528,65.1332817806471,67.197,1.01517046111076,62.4132004041304,67.0748000000001,67.3101177826037,0.465392522011321,-0.0943851168754829
"8866939","2016-02-03",19.7527941181134,0.795321637426901,0.826973338236281,0.786342722145717,69.6060122996609,65.0643210336724,67.3351666666667,0.967850676959415,62.6001925916206,67.0928000000001,67.5501020782565,0.632133411692126,0.0509185888380389
"8866938","2016-02-04",19.074047455071,0.816764132553606,0.810519462204454,0.819664604879839,69.9071925152956,65.0111408180377,67.4591666666666,0.912747548083519,63.1432213934443,67.0844000000001,67.772755134489,0.76775448152715,0.194285767375861
"8866937","2016-02-05",18.0624300739972,0.637426900584795,0.7498375568551,0.795776785765278,70.0654538527721,65.0278794805612,67.5466666666667,0.764677647378966,55.8405313648843,67.0376000000001,67.8430544498904,0.75667501074399,0.306763616049487
"8866936","2016-02-08",17.1230710772857,0.734892787524366,0.729694606887588,0.76335054198238,70.2419623420253,65.0107043246413,67.6263333333333,0.793810780292695,58.6401685477687,67.0788000000001,67.9706471899051,0.797924282857543,0.404995749411098
"8866935","2016-02-09",16.3080838693704,0.711281070745697,0.694533586284952,0.724688583342546,70.4685232222859,64.9804767777141,67.7245,0.82959512125165,59.899584813877,67.162,68.1118942312511,0.847811033844792,0.493558806297837
"8866934","2016-02-10",15.6073409563341,0.776237623762374,0.740803827344145,0.721677340172227,70.7367051279484,64.9732948720515,67.855,0.843835781018556,62.2160370389923,67.29,68.2916416670842,0.927115151616964,0.580270075361662
"8866933","2016-02-11",14.809607058652,0.725910064239829,0.737809586249299,0.724382333292798,70.9648943380287,65.0131056619713,67.989,0.800357886337268,61.24143183178,67.396,68.432756111473,0.96540567777903,0.657297195845136
"8866932","2016-02-12",14.0677623194626,0.592165898617511,0.698104528873237,0.725572647488893,71.1105970816688,65.1144029183312,68.1125,0.718054980273059,56.9609589195317,67.4812,68.4897219632766,0.927119429622514,0.711261642600612
"8866931","2016-02-16",13.3789064902152,0.65668202764977,0.658252663502369,0.698055592874967,71.2301944975306,65.314472169136,68.2723333333333,0.724993656921898,58.7358274635183,67.5556000000001,68.5764257015064,0.919034984519973,0.752816310984484
"8866930","2016-02-17",13.2233662815184,0.505291005291008,0.584712977186095,0.6470233898539,71.3014356728074,65.4615643271926,68.3815,0.633878520101377,55.3969555970313,67.6148,68.6009022746389,0.857963611399626,0.773845771067512
"8866929","2016-02-18",13.3466858666771,0.143750000000002,0.435241010980259,0.559402217222907,71.2927570093726,65.8565763239608,68.5746666666667,0.702102676538141,55.3969555970313,67.6972000000001,68.622115304687,0.800322532060438,0.779141123266097
"8866928","2016-02-19",14.2259318897192,0.749385749385747,0.466142251558918,0.495365413241757,71.5931332810995,66.1475333855671,68.8703333333333,1.01778807124261,69.2254282170836,67.8824,68.9858332640621,1.04598216951581,0.832509332516041
"8866927","2016-02-22",15.202864813701,0.789227166276348,0.560787638554031,0.487390300364402,71.9096614753718,66.4090051912948,69.1593333333333,1.01096933193278,70.4446446144134,68.096,69.3437221621872,1.26154718808165,0.918316903629162
"8866926","2016-02-23",16.3190672260621,0.713024282560707,0.750545732740933,0.592491874284627,72.1488021707969,66.721197829203,69.435,0.965828600282768,69.153818675503,68.3412,69.6352258738955,1.39832735449519,1.01431899380237
"8866925","2016-02-24",17.6227183144452,0.747433264887063,0.749894904574705,0.687076091956556,72.4311693423189,66.9911639910144,69.7111666666667,0.985079179692447,70.8390586243863,68.5568000000001,69.9425290907095,1.53503330537106,1.11846185611611
"8866924","2016-02-25",19.3014503488209,0.798913043478261,0.753123530308676,0.75118805587477,72.7605153604711,67.2991513061955,70.0298333333333,1.05849905561208,73.7406476552086,68.864,70.3115252119482,1.71052931590612,1.23687534807411
"8866923","2016-02-26",18.6828203182694,0.452569169960474,0.666305159441931,0.723107864775103,72.8141155288113,67.6755511378554,70.2448333333333,0.800700068950432,59.9024121300337,69.0936000000001,70.4099885170218,1.63928841810335,1.31735796207996
"8866922","2016-02-29",17.9669815943053,0.426877470355732,0.559453227931487,0.659627305894031,72.9013641046345,67.7856358953655,70.3435,0.66872801512456,58.9691183898375,69.3088000000001,70.4779900480855,1.54990940989288,1.36386825164254
"8866921","2016-03-01",17.1273901765462,0.215415019762844,0.364953886693015,0.53023742468881,72.9182624874748,67.8604041791919,70.3893333333333,0.506722212827577,51.8135736989748,69.4644000000001,70.3942580416741,1.34115329039826,1.35932525939368
"8866920","2016-03-02",17.0277473764949,0.0533596837944657,0.231884057971012,0.385430390865171,72.9103154666028,67.9103512000638,70.4103333333333,0.366599046624449,47.0970055194498,69.5688000000001,70.2123569694509,1.0693351379897,1.30132723511289
"8866919","2016-03-03",16.627540274081,0.34189723320158,0.203557312252962,0.266798418972329,72.9444652169991,68.0115347830008,70.478,0.567978524696436,54.9587155712,69.7368,70.2493760401908,1.00996846694017,1.24305548147834
"8866918","2016-03-04",15.5043175909705,0.359683794466403,0.251646903820815,0.229029424681595,73.0023948846815,68.1229384486518,70.5626666666667,0.625150552048696,55.3987213835985,69.8860000000001,70.293459234832,0.962112633152001,1.18686691181308
"8866917","2016-03-07",14.8509326344751,0.57114624505929,0.424242424242423,0.293148880105399,73.1118051256264,68.3288615410403,70.7203333333333,0.774517141333508,60.3570931951489,69.9972,70.4743313368544,1.03476665314823,1.15644686008011
"8866916","2016-03-08",14.9603338177641,0.723320158102768,0.551383399209485,0.409090909090907,73.3538821353239,68.4547845313428,70.9043333333333,0.895787174851213,63.5016313261196,70.1220000000001,70.7337538252738,1.16621270706236,1.15840002947656
"8866915","2016-03-09",15.3421494780145,0.859126984126985,0.717864462429679,0.564496761960528,73.7359950277889,68.479004972211,71.1075,0.973496552276258,66.9483535483763,70.2936000000001,71.083919981904,1.36039794874125,1.1987996133295
"8866914","2016-03-10",14.8148735300933,0.679060665362035,0.753835935863928,0.674361265834364,73.9577983402313,68.5782016597687,71.268,0.830631973420309,61.2494620296167,70.4292000000001,71.2727306509835,1.39935542583862,1.23891077583132
"8866913","2016-03-11",14.5535891585524,0.818181818181817,0.785456489223611,0.752385629172405,74.2745742973977,68.6604257026022,71.4675,0.909530782423197,64.7786188500964,70.5980000000001,71.561699897519,1.51807950424452,1.29474452151396
"8866912","2016-03-14",13.9274119183108,0.747680890538034,0.748307791360627,0.762533405482721,74.4148564651242,68.9101435348757,71.6625,0.80110562003916,62.3081548058772,70.7884000000001,71.7614732445165,1.55045613610862,1.34588684443289
"8866911","2016-03-15",13.1642318131215,0.714285714285713,0.760049474335186,0.764604584973141,74.507579556356,69.1810871103107,71.8443333333333,0.762023588844645,61.1191120234495,70.9516000000001,71.9106101452476,1.53758957616055,1.38422739077842
"8866910","2016-03-16",12.2693845504753,0.680890538033395,0.714285714285712,0.740880993327174,74.4578456587441,69.6281543412558,72.043,0.726446494148916,59.8883346301287,71.0984000000001,72.0158621258813,1.48969250254074,1.40532041313089
"8866909","2016-03-17",11.7363009008313,0.860853432282004,0.752009894867036,0.742115027829311,74.535080227467,69.9715864391996,72.2533333333333,0.856452039191724,64.0855011327385,71.2668000000001,72.2364138424304,1.54203135361033,1.43266260122678
"8866908","2016-03-18",11.2719964149364,0.700884955752211,0.747542975355868,0.737946194836205,74.6802051846557,70.0127948153443,72.3465,0.758565936534827,59.3936183825318,71.4124000000001,72.336891996773,1.48988814971747,1.44410771092491
"8866907","2016-03-21",11.3622727081249,0.603539823008848,0.721759403681019,0.74043742463464,74.7475093513071,70.0541573153595,72.4008333333333,0.639736659068017,55.8330665874466,71.5556000000001,72.3506397305366,1.37131361064298,1.42954889086853
"8866906","2016-03-22",11.2336329405362,0.7708830548926,0.691769277884551,0.720357218973812,74.9344354101016,70.0678979232316,72.5011666666666,0.80182308002277,61.602260597621,71.7388000000001,72.5332210997984,1.40357453914315,1.42435402052345
"8866905","2016-03-23",11.6569128061561,0.624390243902438,0.666271040601294,0.693266574055621,75.0406577587013,70.0856755746319,72.5631666666666,0.707232497552612,57.9109443701917,71.9140000000001,72.6141249531586,1.34871251913782,1.40922572024632
"8866904","2016-03-24",12.0499583956602,0.712871287128712,0.702714861974582,0.686918393486808,75.1559826156541,70.0620173843458,72.609,0.772413847298742,60.8307963567414,72.1160000000001,72.7735749594042,1.36362705326136,1.40010598684933
"8866903","2016-03-28",12.6534285092775,0.504424778761061,0.613895436597402,0.660960446391092,75.290720674553,70.1376126587802,72.7141666666666,0.728826305029404,59.181024008562,72.2044000000001,72.8784316314836,1.33202207956926,1.38648920539332
"8866902","2016-03-29",12.6679346888592,0.597609561752987,0.604968542547585,0.640526280373189,75.4324574097011,70.3028759236321,72.8676666666666,0.774681278351191,60.9161313009275,72.2952000000001,73.0199740806191,1.33335231953911,1.37586182822248
"8866901","2016-03-30",12.6814047127565,0.756972111553786,0.619668817355943,0.612844265500309,75.4745040657425,70.6714959342575,73.073,0.803351558047347,62.7128674049498,72.4076000000001,73.1959775365366,1.36241785514331,1.37317303360664
"8866900","2016-03-31",12.6186075736975,0.76587301587302,0.706818229726596,0.643818529876707,75.2541275769257,71.3742057564075,73.3141666666666,0.822815782879036,62.8508048270305,72.5048000000001,73.3525138649984,1.37243241577591,1.3730249100405
"8866899","2016-04-01",13.1465904675296,0.55686274509804,0.69323595750828,0.673241001530272,75.0870898691401,71.8835767975264,73.4853333333333,0.734534186855965,58.8641588997196,72.5508000000001,73.4201786829986,1.30890830318691,1.36020158866978
"8866898","2016-04-04",13.6368602975166,0.603921568627454,0.64221910986617,0.680757765700348,74.8766306468115,72.4050360198551,73.6408333333333,0.759953631955909,59.5148698502992,72.6680000000001,73.4948215252655,1.25713050689398,1.33958737231462
"8866897","2016-04-05",15.4195173159785,0.0431372549019606,0.401307189542483,0.578920752305644,74.7166710353772,72.6819956312894,73.6993333333333,0.256226472781139,49.4718300375717,72.7332000000001,73.3688453218967,1.04694064057742,1.28105802596718
"8866896","2016-04-06",17.5227243165148,0,0.215686274509803,0.419737524639485,74.8338443422597,72.4948223244069,73.6643333333333,-0.150271775293618,45.6970643402292,72.8152000000001,73.1729992789772,0.799492179730321,1.18474485671981
"8866895","2016-04-07",18.743663709932,0.0906148867313923,0.044584047211116,0.2205258370878,74.8871320381129,72.329867961887,73.6085,0.0587080698895082,47.5534917056385,72.9412000000001,73.0405993751135,0.626889897439531,1.07317386486375
"8866894","2016-04-08",19.0041338579907,0.297734627831712,0.1294498381877,0.129906719969539,74.885215239599,72.3374514270676,73.6113333333333,0.300609460931447,51.6243682229714,73.0344000000001,73.0111861250984,0.554423593000708,0.969423810491143
"8866893","2016-04-11",19.2315310429601,0.323624595469257,0.237324703344119,0.137119529580978,74.8674716605247,72.2945283394752,73.581,0.336374164733548,52.1246081899222,73.1272000000001,72.9963613084186,0.500083528692818,0.875555754131478
"8866892","2016-04-12",19.7690340918824,0.210355987055014,0.277238403451993,0.21467098166127,74.875218145261,72.246781854739,73.561,0.256128766631561,49.7030361334878,73.1632000000001,72.9368464672961,0.413535339065985,0.78315167111838
"8866891","2016-04-13",20.3242472469188,0.190938511326858,0.241639697950375,0.252067601582161,74.884065395448,72.2016012712186,73.5428333333333,0.251658685516241,49.2803709733628,73.1660000000001,72.8772669383233,0.334437491645301,0.693408835223764
"8866890","2016-04-14",20.6509166067522,0.278317152103561,0.226537216828476,0.248471772743614,74.8846534390883,72.196679894245,73.5406666666666,0.333579711306506,51.2878367310005,73.1420000000001,72.8616313465469,0.298224728137786,0.614372013806568
"8866889","2016-04-15",20.1772618417915,0.388349514563104,0.285868392664506,0.251348435814452,74.8555893020485,72.1854106979514,73.5205,0.483584119329676,53.7692703496837,73.1660000000001,72.893413833674,0.3036890897685,0.552235428998955
"8866888","2016-04-18",19.7374395600424,0.491909385113269,0.386192017259976,0.299532542250985,74.8624905952198,72.1895094047801,73.526,0.551378338846734,56.0390716718776,73.1652000000001,72.9636253225174,0.339489489245581,0.50968624104828
"8866887","2016-04-19",19.0746870417933,0.559870550161811,0.48004314994606,0.384034519956847,74.8914407412788,72.2402259253878,73.5658333333333,0.608440854462939,57.5132978497284,73.1880000000001,73.0524752795151,0.386530511712335,0.485055095181091
"8866886","2016-04-20",19.5431075358214,0.265372168284788,0.439050701186621,0.435095289464218,74.8486963259219,72.211303674078,73.53,0.395098416053742,49.7306375950525,73.1816000000001,73.0081452422464,0.319519295854298,0.451947935315732
"8866885","2016-04-21",21.358021099699,0,0.275080906148865,0.398058252427181,75.0068113811465,71.8471886188535,73.427,-0.10038812944343,38.8445615335293,73.1124000000001,72.7363925432802,0.0716853091486724,0.37589541008232
"8866884","2016-04-22",23.1173094122096,0,0.0884573894282612,0.267529665587915,75.1237840184934,71.4462159815066,73.285,-0.0787339110868427,38.2266287781349,72.9996000000001,72.4848735375095,-0.137194744419855,0.273277379181885
"8866883","2016-04-25",24.4266611040132,0,-1.62832710278356e-15,0.121179431859041,75.185840520165,71.108159479835,73.147,0.00617357101974492,37.5301024565613,72.9088000000001,72.2495570658416,-0.314264356893412,0.155769031966826
"8866882","2016-04-26",24.9460928036692,0.205555555555554,0.0685185185185165,0.0523253026489246,75.0756918930161,70.9673081069838,73.0215,0.194567645408521,43.8067629128575,72.8696000000001,72.1442827903961,-0.368008937588826,0.0510134380556955
"8866881","2016-04-27",24.7353914783632,0.22777777777778,0.144444444444443,0.0709876543209853,74.8734455379715,70.9135544620285,72.8935,0.266786514505311,44.4564946442261,72.7824000000001,72.0637117516766,-0.397180094663685,-0.0386252684881806
"8866880","2016-04-28",25.4721862978942,0,0.144444444444443,0.119135802469134,74.6692813871902,70.7913852794764,72.7303333333333,0.132016959618537,37.7569343660379,72.6728000000001,71.8418835181197,-0.542167864132104,-0.139333787616965
"8866879","2016-04-29",26.1563529160302,0.375000000000001,0.200925925925925,0.16327160493827,74.451214372351,70.8131189609823,72.6321666666666,0.401367805744735,48.528422933233,72.5952000000001,71.8456323823704,-0.486517552600874,-0.208770540613747
"8866878","2016-05-02",25.7122895180494,0.543367346938776,0.306122448979591,0.217164273116652,74.2296246905811,70.9023753094189,72.566,0.618416131423963,52.5027575614664,72.5540000000001,71.9368813980544,-0.364081519828663,-0.23983273645673
"8866877","2016-05-03",25.3734827806666,0.52295918367347,0.480442176870748,0.329163517258754,74.1855840252034,70.9034159747966,72.5445,0.569720175755472,51.9788503694077,72.4944000000001,72.0052972116471,-0.272932956266603,-0.246452780418705
"8866876","2016-05-04",24.1729000533006,0.591836734693878,0.552721088435373,0.44642857142857,74.2481038439248,70.9438961560752,72.596,0.674726708450063,53.6595531704859,72.4296000000001,72.1005909167608,-0.168555601807929,-0.23087334469655
"8866875","2016-05-05",22.5830738998278,0.707616707616708,0.607470875328017,0.546878046878045,74.3722260299179,70.9394406367487,72.6558333333333,0.797377556827375,57.0195457505051,72.3860000000001,72.2578454611927,-0.023081070536568,-0.189314889864553
"8866874","2016-05-06",22.0767192139062,0.474201474201473,0.591218305504018,0.583803423089135,74.3432171677598,70.9334494989068,72.6383333333333,0.533726638049416,50.3499785494334,72.3248000000001,72.267466066367,-0.0138373039333506,-0.154219372678313
"8866873","2016-05-09",21.176998445976,0.633906633906635,0.605241605241604,0.601310262024545,74.3602714781341,70.9307285218659,72.6455,0.691813702794138,54.2896740168366,72.2848000000001,72.3624705908514,0.065250292809016,-0.110325439580847
"8866872","2016-05-10",20.0636330614141,0.764127764127765,0.624078624078623,0.606846178274747,74.462520328901,70.9098130044323,72.6861666666667,0.794751740300842,57.2671756371435,72.3232000000001,72.5154745120713,0.184689763413393,-0.0513223989819991
"8866871","2016-05-11",19.4506343809189,0.665847665847665,0.687960687960687,0.639093639093637,74.522135788255,70.9085308784116,72.7153333333333,0.706073072526056,54.3877391783085,72.3716000000001,72.5947445771284,0.232000815942657,0.00534224400293207
"8866870","2016-05-12",18.9858983592525,0.641277641277642,0.69041769041769,0.667485667485666,74.5535228420712,70.9064771579288,72.73,0.68005441212922,53.6613192132871,72.4048000000001,72.6501119668446,0.255378197453515,0.0553494346930487
"8866869","2016-05-13",18.5654035671442,0.638820638820638,0.648648648648647,0.675675675675674,74.540028767063,70.9093045662703,72.7246666666666,0.67774231741217,53.5842450949006,72.412,72.6967637045987,0.269648832085512,0.0982093141715413
"8866868","2016-05-16",18.1749441173293,0.695331695331696,0.658476658476658,0.665847665847664,74.5163005753725,70.9166994246275,72.7165,0.717663004090848,55.1788132666163,72.4252,72.7678618773189,0.302935626276568,0.139154576592547
"8866867","2016-05-17",19.6930709236777,0.176904176904177,0.503685503685503,0.603603603603602,74.3698685312472,70.8784648020861,72.6241666666667,0.323137039454229,41.1965416311009,72.3680000000001,72.548146960343,0.0940026080456402,0.130124182883165
"8866866","2016-05-18",21.7894557253469,0,0.29074529074529,0.484302484302482,74.4151930762081,70.5708069237919,72.493,0.0153972764080615,35.5821843847416,72.2644000000001,72.1950606989639,-0.205923420138732,0.0629146622787859
"8866865","2016-05-19",23.7714488346473,0,0.0589680589680578,0.284466284466282,74.5490918101415,70.3095748565252,72.4293333333333,-0.0124797684352688,35.2850499983562,72.1472000000001,71.8797192724354,-0.447612118480711,-0.0391906938731135
"8866864","2016-05-20",25.2869184289347,0.112068965517241,0.0373563218390789,0.129023223850808,74.5923591593385,70.2179741739948,72.4051666666667,0.104096726937427,39.337613135621,72.0372000000001,71.6757567027774,-0.574979948892707,-0.146348544877032
"8866863","2016-05-23",26.5507383698169,0.146551724137932,0.0862068965517231,0.060843759119619,74.6179380630445,70.1600619369554,72.389,0.145795451614483,40.5707930069543,71.9208000000001,71.5203224757404,-0.650836259997611,-0.247246087901148
"8866862","2016-05-24",27.1644926882049,0.168103448275862,0.142241379310344,0.0886015325670477,74.6469181407763,70.0537485258904,72.3503333333333,0.20456131304141,41.3729687707858,71.8000000000001,71.3989461456417,-0.691969755648558,-0.33619082145063
"8866861","2016-05-25",27.7344074124223,0.255172413793103,0.189942528735631,0.139463601532565,74.6574702400215,69.9671964266451,72.3123333333333,0.264974631078138,44.0565660653649,71.7288,71.3377533262228,-0.679561674384987,-0.404864992037502
"8866860","2016-05-26",27.0657678322518,0.360919540229886,0.261398467432949,0.197860791826307,74.6492657050633,70.0227342949366,72.336,0.37910309392712,47.6535248433916,71.7460000000001,71.3460528827264,-0.610660632406579,-0.446024120111317
"8866859","2016-05-27",25.8899405764407,0.547126436781607,0.387739463601531,0.279693486590036,74.6586210195756,70.0313789804244,72.345,0.523412074064145,53.3423323150705,71.8004000000001,71.4612458316962,-0.459174367536197,-0.448654169596293
"8866858","2016-05-31",24.2293346904037,0.531177829099307,0.479741268703599,0.376293066579359,74.6231781467231,70.0258218532769,72.3245,0.549049929047587,52.7327895365298,71.8568000000001,71.5504130541367,-0.344265664479138,-0.427776468572862
"8866857","2016-06-01",22.9340376435007,0.723897911832947,0.600734059237952,0.48940493051436,74.6782760752575,70.0210572580758,72.3496666666666,0.699045833229927,58.0271033553388,71.9164000000001,71.7370246469185,-0.15911446944159,-0.374044068746608
"8866856","2016-06-02",21.6801523949586,0.719626168224298,0.65823396971885,0.579569765886799,74.6860821651365,70.0195845015301,72.3528333333333,0.689399716242499,57.6876629982768,71.9712000000001,71.8934213606627,-0.0169923420397899,-0.302633723405244
"8866855","2016-06-03",21.391719548668,0.885245901639347,0.77625666056553,0.678408229840776,74.8099426772184,69.9617239894482,72.3858333333333,0.902381463990971,64.60076330923,72.1212000000001,72.1942985125743,0.231406056005667,-0.195825767523062
"8866854","2016-06-06",20.6008292531028,0.805327868852461,0.803399979572034,0.745963536618804,74.9760315130553,69.9243018202779,72.4501666666666,0.814710689213318,61.2132656775611,72.1968000000001,72.4030587108978,0.379549019575975,-0.0807508101032544
"8866853","2016-06-07",19.8664311215066,0.821721311475412,0.837431693989072,0.805696111375545,75.0714811498304,69.8961855168362,72.4838333333333,0.788453730800625,61.6574188408601,72.2492000000001,72.5946508827781,0.499605214422849,0.0353203948019663
"8866852","2016-06-08",19.5532605951817,0.868852459016393,0.831967213114754,0.82426629555862,75.15452644056,69.8638068927732,72.5091666666666,0.827145167627981,62.9702908158726,72.3140000000001,72.7913640984077,0.612743755006728,0.150805066842919
"8866851","2016-06-09",19.7330500177652,0.871794871794873,0.854122880762225,0.841173929288683,75.3430962430266,69.7922370903067,72.5676666666667,0.871534077264931,64.990895619117,72.3824000000001,73.0098488852866,0.73325293047013,0.267294639568361
"8866850","2016-06-10",20.409421634494,0.806324110671938,0.8489904804944,0.845026858123792,75.585086307414,69.7032470259193,72.6441666666666,0.886358737674068,65.8819764669861,72.4348000000001,73.2205357005818,0.836164757554547,0.381068663165598
"8866849","2016-06-13",21.3573768946998,0.795497185741088,0.824538722735965,0.842550694664196,75.8715823222052,69.6010843444614,72.7363333333333,0.895024447626289,67.3368723844281,72.5356000000001,73.4377976071709,0.934937180870321,0.491842366706543
"8866848","2016-06-14",21.8013999393116,0.730000000000001,0.777273765471008,0.816934322900457,76.0696580629942,69.5446752703391,72.8071666666667,0.823295871733885,64.3803180675438,72.6000000000001,73.5914245928814,0.972956991635932,0.58806529169242
"8866847","2016-06-15",22.4562904455115,0.654185022026433,0.726560735922506,0.776124408043159,76.3074270975359,69.5919062357974,72.9496666666667,0.783969038182146,61.9035656105515,72.6344000000001,73.6952346471639,0.967565938558934,0.663965421065723
"8866846","2016-06-16",23.0644030584114,0.624671916010501,0.669618979345644,0.724484493579719,76.4237085349488,69.8879581317179,73.1558333333333,0.744424878772955,62.8821588948776,72.6904000000001,73.803870027542,0.967268986271064,0.724626134106791
"8866845","2016-06-17",22.9068137918797,0.519685039370079,0.599513992469003,0.665231235912384,76.3891500440363,70.3398499559637,73.3645,0.67613607929632,58.2761439044178,72.7344000000001,73.8446873572031,0.912692600314968,0.762239427348427
"8866844","2016-06-20",23.1641994879242,0.48844884488449,0.544268600088356,0.604467190634334,76.3808485404653,70.7548181262014,73.5678333333333,0.708347019186894,60.459491474811,72.7900000000001,73.917395709576,0.889693785611279,0.787730299000997
"8866843","2016-06-21",23.5516410022467,0.485148514851485,0.497760799702017,0.547181130753125,76.3213648834756,71.2113017831911,73.7663333333333,0.698366761187401,60.3380529781184,72.8360000000001,73.9790762816326,0.860367854988664,0.802257810198531
"8866842","2016-06-22",23.911408122689,0.302752293577981,0.425449884437984,0.489159761409452,76.199756789552,71.7085765437813,73.9541666666667,0.677199152512927,60.6782802095388,72.9680000000001,74.0378661107482,0.831823718264402,0.808170991811705
"8866841","2016-06-23",23.8937085294512,0.224770642201833,0.337557150210432,0.420255944783477,75.9955178952136,72.2514821047864,74.1235,0.626378777648568,58.3859508752029,73.1420000000001,74.0661506293151,0.781622601064025,0.802861313662169
"8866840","2016-06-24",24.8185583401755,0.0692640692640677,0.198929001681293,0.320645345443236,75.8154462773831,72.7255537226169,74.2705,0.644395527921661,55.0899172077341,73.3088000000001,74.0573305454064,0.706456562075664,0.783580363344868
"8866839","2016-06-27",26.5880323073952,0.451807228915664,0.248613980127187,0.261700044006303,75.9589133990962,72.9474199342371,74.4531666666666,1.04906312077201,67.0932977956738,73.5148000000001,74.2496864726856,0.80080343860538,0.78702497839697
"8866838","2016-06-28",28.7518751879549,0.581560283687941,0.367543860622557,0.271695614143678,76.318006055821,73.0383272775123,74.6781666666666,1.22319074325823,72.212217019444,73.7528000000001,74.5443949429942,0.967848910631708,0.823189764843918
"8866837","2016-06-29",31.1683008201703,0.816406250000001,0.616591254201201,0.410916364983647,77.1605301033297,72.7174698966703,74.939,1.29997415475173,78.6272196092667,74.0556000000001,75.0291422839283,1.26955608939414,0.912463029753963
"8866836","2016-06-30",34.1171639441124,0.688858695652173,0.695608409780037,0.559914508201264,78.2203325945375,72.3173340721291,75.2688333333333,1.2732510829323,81.063309263083,74.3808000000001,75.5679233127378,1.58268050590133,1.04650652498344
"8866835","2016-07-01",37.2598333682125,0.691489361702127,0.732251435784766,0.681483699922,79.5891470973181,71.6615195693485,75.6253333333333,1.23683246503754,84.1828531804866,74.7448000000001,76.2255335377061,1.95616831650061,1.22843888328687
"8866834","2016-07-05",40.1780264048768,0.752127659574467,0.710825238976255,0.712895028180352,80.6058922159862,71.378441117347,75.9921666666666,1.08353059175725,85.2274888378607,75.0992000000001,76.8714623993453,2.28073453734137,1.43889801409777
"8866833","2016-07-06",42.9424248416449,0.759574468085106,0.734397163120566,0.725824612627195,81.4716396619347,71.2676936713986,76.3696666666666,1.00539271814875,85.3554039817055,75.4596000000001,77.4406007460993,2.51157889665403,1.65343419060902
"8866832","2016-07-07",44.2002367669568,0.659574468085106,0.723758865248225,0.722993755781681,82.0131500855406,71.3651832477927,76.6891666666666,0.870101954052186,75.8564720754693,75.7496000000001,77.8085206466194,2.56416989670856,1.83558133182893
"8866831","2016-07-08",45.0285712485139,0.631914893617021,0.68368794326241,0.713947990543733,82.4532474722288,71.5054191944378,76.9793333333333,0.815496362598863,73.4225677709104,76.0308000000001,78.0927178937368,2.54796265005015,1.97805759547317
"8866830","2016-07-11",45.5573285554768,0.612765957446809,0.634751773049644,0.680732860520092,82.8209427150495,71.6773906182837,77.2491666666666,0.774972166869128,71.7071991624984,76.2552000000001,78.3150221745719,2.48684160084796,2.07981439654813
"8866829","2016-07-12",46.0483174833709,0.701063829787234,0.648581560283687,0.655673758865246,83.2272337054328,71.8324329612337,77.5298333333333,0.789327861657586,74.6483930391143,76.5284000000001,78.6183525512956,2.49390174535202,2.16263186630891
"8866828","2016-07-13",46.627306552551,0.741489361702127,0.685106382978722,0.656146572104017,83.6177717588775,72.0672282411224,77.8424999999999,0.788081681600967,75.8844407540551,76.8136000000001,78.9319055444562,2.50806586827799,2.23171866670272
"8866827","2016-07-14",46.3136244042062,0.679787234042553,0.707446808510637,0.680378250591014,83.8635262717178,72.4031403949488,78.1333333333333,0.721633025913098,70.2541501914316,77.0664000000001,79.1263181385287,2.43097935835865,2.27157080503391
"8866826","2016-07-15",45.2914297645893,0.550632911392404,0.657303169045694,0.683285453511683,83.9935282486847,72.8268050846485,78.4101666666666,0.668342431859294,65.3896572160592,77.2832000000001,79.2228090533916,2.28806743540528,2.27487013110818
"8866825","2016-07-18",44.3422490278022,0.54178674351585,0.590735629650268,0.651828535735532,84.0485511094437,73.3747822238896,78.7116666666666,0.663797188423255,67.0720335627696,77.5084000000001,79.3557678462727,2.18696476665867,2.25728905821828
"8866824","2016-07-19",43.1508935737025,0.348659003831416,0.480359552913222,0.576132783869727,84.030382026319,73.9376179736809,78.984,0.61916127835688,65.0473710486813,77.7144000000001,79.4416654667697,2.06046233833717,2.21792371424206
"8866823","2016-07-20",41.8577732647494,0.184757505773674,0.358401084373646,0.476498755645711,83.9263184740937,74.5700148592395,79.2481666666666,0.587124862576343,63.8213927008958,77.9256000000001,79.498776737867,1.92468648423887,2.15927626824142
"8866822","2016-07-21",39.8438747036676,0,0.177805503201696,0.338855380162854,83.6945800382661,75.2960866284005,79.4953333333333,0.523575657006225,58.4381625686863,78.1220000000001,79.4696065061515,1.73716893072293,2.07485480073772
"8866821","2016-07-22",39.1241968791598,0.304635761589405,0.163131089121025,0.233112558898788,83.3783059595476,76.229360707119,79.8038333333333,0.63468187254704,63.5947375223985,78.3496000000001,79.5669923053313,1.66273245003352,1.99243033059688
"8866820","2016-07-25",38.4559246135454,0.52980132450331,0.278145695364237,0.206360762562319,82.8777584317903,77.3769082348763,80.1273333333333,0.692576291920776,66.8668970879838,78.6204000000001,79.7420599979538,1.65326656692506,1.92459757786252
"8866819","2016-07-26",37.4589765797949,0.507633587786258,0.44735689129299,0.296211225259417,82.4239892649361,78.3123440683971,80.3681666666666,0.635022999341968,64.3920844458851,78.8692000000001,79.8577853315599,1.59960149794593,1.8595983618792
"8866818","2016-07-27",34.8894531678791,0,0.345811637429855,0.35710474136236,81.9283461395553,79.075987193778,80.5021666666666,0.229288395554216,53.3634022755453,79.0624000000001,79.7714139540186,1.39935469344079,1.76754962819152
"8866817","2016-07-28",32.6021189563231,0.148698884758366,0.218777490848207,0.337315339857016,81.6960856925252,79.4619143074748,80.579,0.254271313439276,55.698097286913,79.2700000000001,79.7498920934828,1.26657841345696,1.66735538524461
"8866816","2016-07-29",30.9922123290678,0.33457249070632,0.161090458488228,0.241893195588762,81.6782821625122,79.5503845041544,80.6143333333333,0.465067242288961,58.4951270073801,79.5044000000001,79.7979064810184,1.19813153176034,1.57351061454775
"8866815","2016-08-01",29.7837378869374,0.394052044609665,0.292441140024782,0.224103029787071,81.5710913895791,79.5859086104208,80.5785,0.586390030077099,59.3789404662904,79.7552000000001,79.8608522835493,1.14676521285033,1.48816153420827
"8866814","2016-08-02",28.6615830478163,0.490706319702603,0.406443618339528,0.286658405617512,81.4895070681605,79.6188262651728,80.5541666666666,0.679524659042307,60.8382961345634,79.9564000000001,79.9500719790761,1.11929919046796,1.41438906546021
"8866813","2016-08-03",27.1517081077861,0,0.294919454770755,0.331268071045021,81.3720466660839,79.5416200005827,80.4568333333333,0.020967788625809,50.3491244071891,80.0632000000001,79.8407290485326,0.94519362397234,1.32054997716263
"8866812","2016-08-04",25.7496813777581,0.108303249097477,0.199669856266692,0.300344309792324,81.3725361398833,79.4547971934501,80.4136666666667,0.162623527981559,52.2489973203106,80.1132000000001,79.7859651753949,0.828016919565422,1.22204336564319
"8866811","2016-08-05",25.3970077392021,0,0.0361010830324911,0.176896798023312,81.5271681058487,79.1338318941513,80.3305,-0.152018714451002,45.5537183422089,80.0848000000001,79.5958364853423,0.61962445646615,1.10155958380778
"8866810","2016-08-08",25.3788560169634,0,0.0361010830324911,0.0906240074438905,81.7060524465529,78.7596142201137,80.2328333333333,-0.135626199975235,43.318964557094,79.9832000000001,79.3777249539633,0.408905969191098,0.963028860884447
"8866809","2016-08-09",25.3620008463132,0.0913705583756341,0.0304568527918769,0.0342196729522854,81.7288255564584,78.5141744435415,80.1215,0.0266982491859229,45.8917101895569,79.8732000000001,79.2366949601015,0.275152977780024,0.825453684263562
"8866808","2016-08-10",25.3463496164238,0.114213197969544,0.0685279187817247,0.04502861820203,81.6605010312704,78.3204989687295,79.9905,0.0687128411818722,46.5449497954602,79.7640000000001,79.1264689654213,0.176197707816073,0.695602488974064
"8866807","2016-08-11",25.1670090878817,0.114583333333336,0.10672236322617,0.0685690449332564,81.6321817458151,78.1394849208515,79.8858333333333,0.126124625532911,46.4778074501955,79.6920000000001,79.0296064366985,0.095583967391244,0.5755987846575
"8866806","2016-08-12",24.6361615481154,0.138666666666669,0.122487732656515,0.0992460048881358,81.6145273472651,77.9994726527349,79.807,0.197468846509727,47.1348120224646,79.6336000000001,78.956325578472,0.0393716593839688,0.468353359602794
"8866805","2016-08-15",25.1123441331765,0,0.0844166666666674,0.104542254183117,81.6462010207417,77.7067989792582,79.6765,0.0363509535797108,40.1092702829413,79.5400000000001,78.7514821680091,-0.112524792656443,0.352177729150947
"8866804","2016-08-16",26.443250956175,0,0.046222222222222,0.084375540515134,81.8783487049998,77.1076512950001,79.493,-0.12387803659371,33.427459673345,79.3604000000001,78.3979512122745,-0.364909400401026,0.208760303240552
"8866803","2016-08-17",28.0063317478833,0,-1.14723045877933e-15,0.0435462962962952,82.0992894834904,76.4810438498428,79.2901666666666,-0.0844351091264417,30.9070616952915,79.1416000000001,78.0115577173046,-0.62098560628886,0.0428111213346699
"8866802","2016-08-18",27.9902072028601,0.183574879227053,0.0611916264090167,0.0358046162104116,82.1157259319148,76.2086074014185,79.1621666666666,0.156544333271941,40.1418569870494,78.9916000000001,77.8286833549973,-0.698730918697565,-0.105497286671777
"8866801","2016-08-19",27.6184252667393,0.153846153846153,0.112473677691068,0.0578884347000269,81.9662553174378,75.9914113492288,78.9788333333333,0.185542694783297,39.1531443526545,78.8552000000001,77.643525574331,-0.772593200878946,-0.238916469513211
"8866800","2016-08-22",27.2731991831986,0.275100401606426,0.204173811559877,0.125946371886653,81.6814700170765,75.8781966495901,78.7798333333333,0.228917359730029,42.4359638567682,78.7212000000001,77.5403888310869,-0.777694991135958,-0.34667217383776
"8866799","2016-08-23",26.5843888811733,0.360323886639677,0.263090147364084,0.193245878871675,81.3834379679491,75.8415620320508,78.6125,0.31308976503362,45.4576067677482,78.6124000000001,77.5056703202753,-0.730687095624338,-0.423475158195076
"8866798","2016-08-24",26.546025211167,0.256723716381417,0.297382668209172,0.254882209044377,81.2918976031402,75.6437690635264,78.4678333333333,0.211202276076713,41.3006763691641,78.4796000000001,77.3782476109053,-0.760844951431394,-0.49094911684234
"8866797","2016-08-25",26.2086831998241,0.448369565217392,0.355139056079494,0.305203957217583,81.1032880278551,75.5607119721448,78.332,0.316210611017756,45.6961893361996,78.3944000000001,77.3478145961179,-0.714014584814116,-0.535562210436695
"8866796","2016-08-26",27.0658459034749,0,0.235031093866269,0.295850939384977,80.8349856621102,75.4006810045564,78.1178333333333,0.157515214190365,37.2379118986231,78.2048000000001,77.0961059833022,-0.843993669674814,-0.597248502284319
"8866795","2016-08-29",27.861782699722,0.0456989247311831,0.164689496649524,0.251619882198428,80.4698988840612,75.283434449272,77.8766666666666,0.124021330037479,38.4716531546567,77.9948000000001,76.9006251855286,-0.919233904075401,-0.661645582642535
"8866794","2016-08-30",28.365233948161,0.0215053763440893,0.0224014336917563,0.140707341402515,79.9575482702213,75.2991183964453,77.6283333333333,0.133996851686441,38.0452645560808,77.7920000000001,76.7192084941248,-0.977521103932455,-0.724820686900519
"8866793","2016-08-31",28.83272439314,0.029569892473118,0.032258064516129,0.0731163316191354,79.720148215689,75.1555184509776,77.4378333333333,0.134618048055699,38.2907796644833,77.6464000000001,76.5659806949081,-1.00931835934706,-0.781720221389826
"8866792","2016-09-01",29.1735845643236,0.0369230769230783,0.0293327819134274,0.0279974267071033,79.3619131054241,75.1167535612425,77.2393333333333,0.160161967612276,38.3784393357894,77.4852000000001,76.4345166022537,-1.02198817075121,-0.829773811262103
"8866791","2016-09-02",28.0780138218978,0.165540540540543,0.0773445033122454,0.0463117832472663,79.1514922278581,75.0878411054751,77.1196666666666,0.317159500748613,41.6795281932735,77.3188000000001,76.3699143886199,-0.981805050658957,-0.860180059141474
"8866790","2016-09-06",26.3403474165193,0.554054054054053,0.252172557172557,0.119616614132742,79.0236526829877,75.1143473170122,77.069,0.571027111129094,50.5469679228134,77.1920000000001,76.4672591368039,-0.819022682380777,-0.851948583789334
"8866789","2016-09-07",24.6883775687523,0.520270270270271,0.413288288288288,0.247601782924362,78.8450089344988,75.1763243988345,77.0106666666666,0.615209324366225,49.8373589809971,77.0508000000001,76.5382912518967,-0.692594071142238,-0.820077681259915
"8866788","2016-09-08",23.1544055672543,0.645270270270272,0.573198198198197,0.412886347886346,78.6883196244858,75.2436803755142,76.966,0.700504789252718,52.4947298488339,76.9804000000001,76.6491857516438,-0.547119366723814,-0.765486018352695
"8866787","2016-09-09",23.0503418422708,0.0105633802816905,0.392034640274077,0.45950704225352,78.4369482438614,75.2403850894719,76.8386666666666,0.248062749134974,40.6974942002543,76.8228000000001,76.4946276514246,-0.62272989395511,-0.736934793473178
"8866786","2016-09-12",23.126077688734,0,0.218611216850653,0.394614685107641,78.1090200487344,75.2673132845989,76.6881666666666,0.153435975251683,39.527147084101,76.6988000000001,76.3300106312347,-0.699206160527444,-0.729389066884031
"8866785","2016-09-13",23.2886695442341,0,0.00352112676056227,0.204722327961763,77.9664269316055,75.1852397350611,76.5758333333333,0.150329182728761,38.8986266792779,76.5860000000001,76.1713425470701,-0.764059621735735,-0.736323177854372
"8866784","2016-09-14",23.4396476957698,0.0379746835443053,0.0126582278481005,0.0782635238197711,77.9851224708961,75.0738775291038,76.5295,0.17728582830218,39.9273192607507,76.4636000000001,76.0498302074607,-0.793883471487189,-0.747835236580935
"8866783","2016-09-15",23.0138747734493,0.0443037974683547,0.0274261603375521,0.0145351716487374,77.9953951066913,75.036938226642,76.5161666666666,0.237644759367355,40.1083009771653,76.3384000000001,75.9471861797993,-0.806304429839211,-0.759529075232591
"8866782","2016-09-16",21.3732258461609,0.256329113924052,0.112869198312236,0.0509845288326287,77.9383876635076,75.0342790031591,76.4863333333333,0.517331766548747,45.9797314100958,76.2404000000001,75.9475613558261,-0.736547742554328,-0.754932808696938
"8866781","2016-09-19",20.5403031270373,0.743902439024389,0.348178450138931,0.162824602929572,78.075062337526,74.9736043291406,76.5243333333333,0.930657665864077,57.0192222025192,76.2044000000001,76.1652198417159,-0.50249344367429,-0.704444935692409
"8866780","2016-09-20",20.4186466660777,0.801980198019799,0.600737250322746,0.353928299591303,78.3828854440887,74.8097812225779,76.5963333333333,1.07382410537873,61.20916850632,76.2428000000001,76.4605238628205,-0.230211844219064,-0.60959831739774
"8866779","2016-09-21",21.0697344573015,0.637254901960785,0.727712513001657,0.558876071154443,78.7027903626366,74.63287630403,76.6678333333333,1.0746640591556,61.2600065028065,76.3344000000001,76.7177873477777,-0.0139082148337244,-0.490460296884937
"8866778","2016-09-22",22.3050710437211,0.842787682333874,0.760674260771485,0.696374674698628,79.5390396943388,74.1792936389946,76.8591666666667,1.20976621417978,69.6209127523226,76.5280000000001,77.2007490347407,0.356788274263797,-0.32101058265519
"8866777","2016-09-23",23.5499010297398,0.853543307086615,0.777861963793757,0.755416245855632,80.2356440877347,73.8383559122653,77.037,1.09916012767688,70.3971597694304,76.6848000000001,77.6486491634419,0.663652477133647,-0.124077970697422
"8866776","2016-09-26",24.7398477574035,0.867394695787832,0.854575228402773,0.797703817656004,80.8790004776432,73.6676661890235,77.2733333333333,1.01446789893721,70.9066190235634,76.8552000000001,78.0554959416497,0.908941623441861,0.0825259481304343
"8866775","2016-09-27",24.655111054936,0.719188767550702,0.813375590141716,0.815270927446081,81.2780709785606,73.709595688106,77.4938333333333,0.875615064360288,62.985331998694,76.9704000000001,78.2814298160964,0.992653684419209,0.264551495388189
"8866774","2016-09-28",23.7181472392496,0.594383775351015,0.726989079563182,0.798313299369223,81.4560588745631,73.8716077921035,77.6638333333333,0.718802914272587,57.1911895620178,77.0372000000001,78.3705725072835,0.965170656377823,0.404675327586116
"8866773","2016-09-29",22.1058021997985,0.441497659906396,0.585023400936037,0.708462690213644,81.5067691359404,74.0952308640595,77.801,0.596111401871315,51.001695756925,77.0940000000001,78.3171628396457,0.832952840723289,0.490330830213551
"8866772","2016-09-30",20.7129389193098,0.422776911076442,0.48621944877795,0.599410643092389,81.5189315919655,74.3317350747011,77.9253333333333,0.549810798847656,50.2840728333792,77.1220000000001,78.2548744610263,0.70766652838854,0.533797969848548
"8866771","2016-10-03",20.1977591061956,0.260731319554849,0.375001963512562,0.482081604408849,81.5072919746596,74.4330413586737,77.9701666666666,0.401497222651592,44.8980719399274,77.1796000000001,78.0742245328895,0.504526287279394,0.527943633334718
"8866770","2016-10-04",21.3125643192136,0,0.227836076877096,0.363019163055869,81.6094935339669,74.1001731326997,77.8548333333333,0.125154716682713,33.6896569166226,77.1208000000001,77.5523279285042,0.0582266603059489,0.434000238728964
"8866769","2016-10-05",22.5349524696786,0,0.0869104398516154,0.229916160080424,81.7833570570311,73.5929762763022,77.6881666666666,0.061904780409085,32.3562635589423,77.0488000000001,77.044017538037,-0.337908862383474,0.279618418506476
"8866768","2016-10-06",23.7734365563049,0,-1.07321559047098e-15,0.104915505576236,81.9168893025647,73.0831106974352,77.5,0.0917186939038356,31.6182526299953,76.9664000000001,76.572815199632,-0.670729297094474,0.0895488753862862
"8866767","2016-10-07",24.4919719655762,0,-1.07321559047098e-15,0.0289701466172036,82.0406302270619,72.7490364396048,77.3948333333333,0.127100214173098,31.1197260704661,76.8776000000001,76.1444398396811,-0.941694975434537,-0.116699894777878
"8866766","2016-10-10",25.1591834170425,0.00244200244200196,0.000814000813999579,0.000271333604665011,82.1472804304549,72.458719569545,77.303,0.145320560745224,31.2753178312585,76.7748000000001,75.775847861057,-1.14299701839008,-0.321959319500319
"8866765","2016-10-11",25.8074303591277,0,0.000814000813999579,0.000542667209331895,82.2567639892297,72.1542360107702,77.2055,0.148388336638063,31.0862642292968,76.6240000000001,75.449734812916,-1.29443839453266,-0.516455134506787
"8866764","2016-10-12",26.4093739482068,0.0316301703163023,0.0113573909194337,0.00432846418247682,82.3383291707876,71.8946708292123,77.1165,0.183396383541476,33.3426798668042,76.4876000000001,75.2017701711939,-1.37190047861943,-0.687544203329315
"8866763","2016-10-13",25.6219917618484,0.108272506082725,0.0466342254663414,0.0196018723999241,82.363706222354,71.7569604443126,77.0603333333333,0.269612026364803,38.5896296619574,76.3616000000001,75.0708674817014,-1.35060585563643,-0.820156533790738
"8866762","2016-10-14",24.8908511602298,0.130806845965771,0.0902365074549317,0.0494093746135681,82.3681622430696,71.567504423597,76.9678333333333,0.28879372860476,40.0418219489203,76.3180000000001,74.9814184841412,-1.29960121233694,-0.916045469499979
"8866761","2016-10-17",23.8470148756535,0.235905044510386,0.158328132186293,0.0983996217025213,82.272249749169,71.391750250831,76.832,0.344798791919011,44.1506331433102,76.3044000000001,74.9732293529224,-1.18953686916596,-0.970743749433176
"8866760","2016-10-18",22.3272593118321,0.213716108452951,0.193475999643035,0.147346879761419,82.0776161252755,71.2367172080578,76.6571666666667,0.360974013485825,42.6378240063505,76.2856000000001,74.9327987725327,-1.11637823361064,-0.999870646268669
"8866759","2016-10-19",20.8321988141014,0.324742268041237,0.258121140334857,0.203308424054728,81.8136735776635,71.1543264223365,76.484,0.411751943814256,46.9448923871023,76.2840000000001,74.9710922695284,-0.987772444832935,-0.997451005981522
"8866758","2016-10-20",19.7238014901987,0.520255863539445,0.352904746677877,0.268167295551922,81.2275145632752,71.2804854367247,76.254,0.480831797691462,50.9140473655197,76.3036000000001,75.0776133002579,-0.817230111036726,-0.961406826992563
"8866757","2016-10-21",18.7649901598979,0.472622478386167,0.439206869988949,0.350077585667227,80.4876746512818,71.4703253487182,75.979,0.432463523418481,45.5733959841301,76.2644000000001,75.0632648602235,-0.759314128238764,-0.920988287241803
"8866756","2016-10-24",17.7417585651407,0.578313253012047,0.523730531645886,0.43861404943757,79.5902015095287,71.8291318238045,75.7096666666666,0.485440151348232,47.6434439401829,76.1712000000001,75.0881628788604,-0.675530041017225,-0.871896637996887
"8866755","2016-10-25",16.8448092314862,0.563253012048193,0.538062914482135,0.500333438705656,78.7144532406417,72.2178800926916,75.4661666666666,0.500076963652782,47.2975013567284,76.0440000000001,75.1030744950124,-0.607489059289423,-0.819015122255395
"8866754","2016-10-26",15.7326534517547,0.61746987951807,0.586345381526102,0.54937960921804,78.0125691043197,72.5537642290136,75.2831666666666,0.569642838560951,48.7404887025924,75.9236000000001,75.1399978956774,-0.528135787128059,-0.760839255229928
"8866753","2016-10-27",15.2833868470382,0.578212290502796,0.586311727356352,0.570240007788196,77.4703471163117,72.8349862170216,75.1526666666666,0.661943521330058,48.9078779019764,75.7260000000001,75.1746648429204,-0.457816927523025,-0.700234789688547
"8866752","2016-10-28",14.9728326531117,0.676630434782606,0.624104201601156,0.598920436827869,76.9454177196411,73.1532489470256,75.0493333333333,0.807827368276182,52.4215952695437,75.5364000000001,75.260709530531,-0.352973047109595,-0.630782441172757
"8866751","2016-10-31",16.2571916319225,0.588235294117646,0.614359339801015,0.608258422919507,76.9859457296451,73.1267209370216,75.0563333333333,1.11074441802539,58.7499650796595,75.3760000000001,75.4512815931269,-0.174822280471332,-0.539590409032472
"8866750","2016-11-01",17.2754061524327,0.504310344827587,0.589725357909279,0.609396299770483,77.2993563358354,73.0256436641646,75.1625,0.968172169504108,57.5188436160446,75.2484000000001,75.5991107140433,-0.0472424982971509,-0.441120826885408
"8866749","2016-11-02",16.7817378692977,0.215246636771299,0.435930758572176,0.546671818760823,77.3390226873472,73.1516439793194,75.2453333333333,0.622112989769239,47.6026122147584,75.1048000000001,75.5672292855042,-0.0733929172044401,-0.367575244949214
"8866748","2016-11-03",15.8607013464611,0.0572792362768485,0.258945405958577,0.42820050748001,77.3136458523238,73.3140208143428,75.3138333333333,0.487373816415178,44.5041048834315,74.9824000000001,75.4795987141036,-0.140585490077372,-0.322177293974846
"8866747","2016-11-04",15.5797456366265,0.155131264916466,0.142552379321537,0.279142847950763,77.3080601088189,73.5019398911811,75.405,0.591519267236787,47.8356923275703,74.8812000000001,75.4583188855565,-0.14836208375274,-0.287414251930425
"8866746","2016-11-07",15.9818630980611,0.088607594936711,0.100339365376674,0.167279050218929,77.2927885161528,73.7302114838472,75.5115,0.63618418977812,47.3873549971522,74.8156000000001,75.4318763674823,-0.159116607764609,-0.261754723097261
"8866745","2016-11-08",17.0472843660086,0.627848101265823,0.290528987039666,0.177806910579291,77.5421029212611,73.8922304120722,75.7171666666667,1.0615264628669,61.2662624450613,74.9448000000001,75.6929595184847,0.0590917174062788,-0.197585434996553
"8866744","2016-11-09",16.0936212220197,0.101265822784811,0.272573839662447,0.221147397359595,77.427321963354,74.2220113699793,75.8246666666667,0.542221597374391,47.9610397363071,75.0076000000001,75.6418982493534,0.00994157098685999,-0.156080033799871
"8866743","2016-11-10",16.1900955410033,0,0.243037974683544,0.268713600461885,77.4827674521003,74.1215658812331,75.8021666666667,0.0134180543721274,37.8358611882036,74.9844000000001,75.2803118161063,-0.280375440004776,-0.180939115040852
"8866742","2016-11-11",15.9955728600514,0.357504215851601,0.152923346212136,0.222845053519375,77.4553436231855,74.2509897101478,75.8531666666667,0.454280955232833,48.3049051716073,75.0520000000001,75.2496035739588,-0.280654668927205,-0.200882225818122
"8866741","2016-11-14",15.9541171034027,0.317032040472175,0.224845418774591,0.20693557989009,77.4489231859276,74.2884101474057,75.8686666666667,0.368586736307981,47.3330716927885,75.1092000000001,75.1909897640976,-0.303152885804492,-0.221336357815396
"8866740","2016-11-15",15.9156224722289,0.354131534569983,0.342889263631252,0.240219342872659,77.4432388694739,74.3130944638594,75.8781666666667,0.328069700010854,48.3587090595204,75.1772000000001,75.1695244622179,-0.294012452976111,-0.235871576847539
"8866739","2016-11-16",16.341332118932,0.225969645868464,0.299044406970206,0.288926363125349,77.4624203771937,74.230246289473,75.8463333333333,0.209277210582025,45.0918563451092,75.2044000000001,75.0495878672555,-0.364259880187123,-0.261549237515456
"8866738","2016-11-17",16.7366339337277,0.288364249578414,0.289488476672286,0.310474049091247,77.4514899111072,74.1255100888928,75.7885,0.234865098265625,46.9700855854142,75.2212000000001,74.9949761516214,-0.375925428265245,-0.284424475665414
"8866737","2016-11-18",16.8476543718531,0.330948121645796,0.281760672364223,0.290097852002238,77.456064055602,74.0926026110647,75.7743333333333,0.295547926442409,47.699093175637,75.2364000000001,74.9663126647386,-0.365918744449589,-0.300723329422249
"8866736","2016-11-21",16.5768983419863,0.389982110912343,0.336431494045516,0.302560214360675,77.4528481883404,74.079485144993,75.7661666666667,0.401334861069959,49.4626685163461,75.2440000000001,74.9854709761068,-0.318797267699999,-0.304338117077799
"8866735","2016-11-22",15.7314531948413,0.490161001788909,0.403697078115681,0.34062974817514,77.5043678846288,74.1116321153712,75.808,0.645998205289565,52.396164608091,75.2840000000001,75.0767415126259,-0.218705133683617,-0.287211520398963
"8866734","2016-11-23",14.946396986778,0.595706618962434,0.491949910554561,0.410692827571919,77.5808916729187,74.1264416604147,75.8536666666667,0.709295256085042,55.3376293508408,75.3256000000001,75.2345093109424,-0.0752684157338424,-0.244822899465939
"8866733","2016-11-25",14.811000096055,0.701252236135956,0.595706618962432,0.497117869210891,77.7486801554977,74.0913198445023,75.92,0.858181827494995,58.12419665692,75.3688000000001,75.4499080694834,0.100143988403478,-0.175829521892055
"8866732","2016-11-28",15.4752786298277,0.799043062200956,0.698667305766448,0.595441278427813,78.1416997383189,73.9126335950144,76.0271666666667,1.05161902280169,62.748352103213,75.4876000000001,75.7819203268857,0.350769959092712,-0.0705096256951019
"8866731","2016-11-29",16.2296733433857,0.846153846153846,0.782149714830252,0.69217454651971,78.4539155113439,73.7354178219894,76.0946666666667,1.06557549507494,64.638741414131,75.6148000000001,76.1349976166342,0.593384384185813,0.0622691762810812
"8866730","2016-11-30",15.1363531423236,0.493846153846153,0.713014354066984,0.731277124887894,78.4172054442812,73.7437945557188,76.0805,0.671074193787817,51.4883465185642,75.6524000000001,76.135664601083,0.536333417859414,0.157082024596748
"8866729","2016-12-01",14.8319591367358,0.147286821705427,0.495762273901807,0.663642114266347,78.4143219146246,73.7120114187088,76.0631666666667,0.361096652967946,46.5453080366591,75.6384000000001,75.9882426542719,0.369203563535159,0.19950633238443
"8866728","2016-12-02",13.7762601910002,0.354651162790697,0.331928046114091,0.513568224694293,78.4531563058963,73.796177027437,76.1246666666667,0.579164334780685,51.3898983629048,75.6664000000001,76.0031436337024,0.346253769589211,0.228855819825386
"8866727","2016-12-05",13.0186700840722,0.288759689922482,0.263565891472867,0.363752070496254,78.4664145001246,73.8219188332087,76.1441666666667,0.499820576141503,49.8440586938863,75.6640000000001,75.970724482542,0.288649030927446,0.240814462045798
"8866726","2016-12-06",12.2573999073214,0.310077519379846,0.31782945736434,0.304441131650432,78.4781033492203,73.8348966507797,76.1565,0.518701156113189,50.3642697241831,75.6312000000001,75.9572945515364,0.251775751665195,0.243006719969678
"8866725","2016-12-07",11.9801621807257,0.480167014613777,0.359668074638701,0.313687807825302,78.4023705381431,73.8666294618568,76.1345,0.76283834253669,55.2287067594741,75.6464000000001,76.0883219446649,0.332265802798881,0.260858536535518
"8866724","2016-12-08",12.3381852825763,0.374193548387095,0.388146027460238,0.355214519821092,78.5361503122489,73.8755163544178,76.2058333333333,0.75336324285867,53.0317363216308,75.6928000000001,76.1458790187096,0.34739594053721,0.278166017335857
"8866723","2016-12-09",13.1420774105676,0.77016129032258,0.54150728444115,0.429773795513362,78.9432464540469,73.9747535459531,76.459,1.05771439171947,62.0506628311501,75.8504000000001,76.5064284828816,0.598524591240746,0.342237732116834
"8866722","2016-12-12",14.1784701064266,0.754068716094033,0.632807851601235,0.520820387834207,79.4747141923846,73.837952474282,76.6563333333333,1.03168825468976,63.1939781664256,76.0056000000001,76.8655713518308,0.823450793076441,0.438480344308756
"8866721","2016-12-13",15.5070813044032,0.861685214626392,0.795305073681001,0.656540069907794,80.1932202737312,73.6481130596021,76.9206666666667,1.08354022453421,67.01598930615,76.2132000000001,77.3434951715867,1.11781903268582,0.574348081984168
"8866720","2016-12-14",15.3300339263519,0.542772861356931,0.719508930692451,0.715873951991561,80.5481052136896,73.733561452977,77.1408333333333,0.881903776890245,57.9890057671736,76.2660000000001,77.5256958153751,1.1549617890062,0.690470823388575
"8866719","2016-12-15",14.8307851036069,0.473451327433627,0.625969801138982,0.713594601837477,80.6477201544512,74.0189465122154,77.3333333333333,0.714720461152036,55.8024973869479,76.3832000000001,77.6209363733251,1.12228816918121,0.776834292547102
"8866718","2016-12-16",15.0673233126341,0.727138643067845,0.5811209439528,0.642199891928077,80.9660166038292,74.2423167295041,77.6041666666667,0.904415235285853,61.5205667887107,76.6644000000001,77.9328115235484,1.25980462011999,0.873428358061679
"8866717","2016-12-19",15.4379424550225,0.774336283185841,0.658308751229103,0.621799832106961,81.2817924547423,74.4812075452576,77.8815,0.904646566429219,62.4928045795258,76.8736000000001,78.2457699870753,1.3846771515172,0.975678116752783
"8866716","2016-12-20",15.8254504649145,0.81858407079646,0.773352999016714,0.670927564732871,81.5942124335068,74.7114542331598,78.1528333333333,0.893325842324401,63.4257897662385,77.1044000000001,78.5570006554652,1.49603615668565,1.07974972473936
"8866715","2016-12-21",16.4025130023738,0.793388429752066,0.795436261244788,0.742366003830201,81.9270319594032,74.8459680405968,78.3865,0.865787782226839,63.3127205044561,77.3256000000001,78.8240672347365,1.56310511986373,1.17642080376423
"8866714","2016-12-22",16.6741228184178,0.745454545454544,0.785809015334356,0.784866091865285,82.1495087645318,75.0248245688015,78.5871666666667,0.781111875040526,61.5979822183847,77.5656000000001,79.016858270105,1.56777197302749,1.25469103761688
"8866713","2016-12-23",16.9826431235232,0.824915824915824,0.78791960004081,0.789721625539984,82.4206635593723,75.1260031072943,78.7733333333333,0.798848728370762,63.4366752860145,77.8108000000001,79.2506105007577,1.60332322813754,1.32441747572101
"8866712","2016-12-27",16.8233843897059,0.716446124763705,0.76227216504469,0.778666926806618,82.6271537869442,75.1541795463891,78.8906666666667,0.743009000371599,60.5636481199511,78.0320000000001,79.39186243399,1.5661011726017,1.37275421509715
"8866711","2016-12-28",16.0960559485182,0.597353497164463,0.712905148947996,0.754365638011165,82.7453086899184,75.183024643415,78.9641666666667,0.667828483942426,56.7714034411086,78.2148000000001,79.4302807761247,1.45565869116893,1.38933511031151
"8866710","2016-12-29",15.420679538844,0.470588235294119,0.594795952407428,0.689991088800037,82.8233411388894,75.4389921944439,79.1311666666667,0.647451500670529,57.8540715011546,78.3848000000001,79.4955766726414,1.37656695643655,1.38678147953652
"8866709","2016-12-30",14.987344271812,0.565826330532215,0.544589354330264,0.617430151895228,82.701784296604,76.0718823700627,79.3868333333333,0.671420333602568,59.4051971661062,78.5448000000001,79.5974997829559,1.33287278068424,1.37599973976606
"8866708","2017-01-03",14.2333156941689,0.268907563025212,0.435107376283847,0.524830894340512,82.581593674257,76.5060729924096,79.5438333333333,0.514731247688352,52.8719603266318,78.6388000000001,79.5444998118951,1.17717271544377,1.3362343349016
"8866707","2017-01-04",13.4652430406246,0.546218487394958,0.46031746031746,0.480004730310523,82.3907507806307,77.1332492193693,79.762,0.64163888645389,57.5658558680711,78.7288000000001,79.6305665036424,1.14099457664545,1.29718638325037
"8866706","2017-01-05",12.8204242469356,0.364145658263308,0.393090569561158,0.429505135387487,82.0222312528443,77.8731020804891,79.9476666666667,0.502169129864642,53.7785858601397,78.7732000000001,79.6184909698234,1.03447135491557,1.24464337758341
"8866705","2017-01-06",12.2561032848715,0.114942528735631,0.341768891464631,0.398392307114415,81.7654330636186,78.3709002697147,80.0681666666667,0.402342967316347,53.5451258155848,78.9076000000001,79.602692173847,0.935233261759438,1.18276135441862
"8866704","2017-01-09",12.9006957995949,0,0.159696062332978,0.298185174452922,81.4721282397271,78.7975384269396,80.1348333333333,-0.0289907733024568,45.4225968536509,79.0252000000001,79.3849998840007,0.693314538297152,1.08487199119432
"8866703","2017-01-10",13.8081718916443,0,0.0383141762452092,0.179926376680939,81.6958375498259,78.4348291168408,80.0653333333333,-0.182406494513805,43.2081198047218,79.0808000000001,79.1323332328006,0.447239031021462,0.957345399159752
"8866702","2017-01-11",13.9381773197557,0.178240740740743,0.0594135802469131,0.0858079396083661,81.7585704808122,78.2654295191878,80.012,0.091962262905496,47.6197674398464,79.1808000000001,79.0160221350939,0.326776209740665,0.831231561275934
"8866701","2017-01-12",14.1172434702797,0.172069825436412,0.116770188725717,0.0714993150726122,81.7276805618406,78.0753194381594,79.9015,0.124489486785016,47.2094429936859,79.2732000000001,78.9045525170814,0.22051326873278,0.709087902767303
"8866700","2017-01-13",14.0414514499103,0.234413965087284,0.194908177088145,0.123697315353591,81.7437869026178,77.9622130973822,79.853,0.214492768811803,48.6971463730632,79.3328000000001,78.8412788481372,0.159994876176239,0.599269297449091
"8866699","2017-01-17",13.8093134593926,0.379052369077309,0.261845386533667,0.191174584115842,81.7237252275474,78.027608105786,79.8756666666667,0.319901089511626,52.0717614433785,79.4324000000001,78.8637750017189,0.169470486374523,0.513309535234177
"8866698","2017-01-18",13.2145147365418,0.384415584415585,0.332627306193392,0.263126956605067,81.6768081996975,77.9721918003025,79.8245,0.358419889280402,51.8186072438501,79.4372000000001,78.8779383348231,0.170904537205852,0.444828535628512
"8866697","2017-01-19",13.1941010090696,0.246575342465755,0.336681098652882,0.310384597126646,81.591197810428,77.888802189572,79.74,0.284824003631878,48.1622993066955,79.4048000000001,78.81287989018,0.1113724204161,0.37813731258603
"8866696","2017-01-20",13.1751454049883,0.282191780821918,0.304394235901084,0.324567546915785,81.4571472022878,77.8151861310455,79.6361666666667,0.265831287965302,49.0303964496471,79.3276000000001,78.773829238156,0.0766105049230026,0.317831951053424
"8866695","2017-01-23",12.7132617055431,0.353424657534248,0.294063926940639,0.311713087164868,81.2683170880018,77.8143495786648,79.5413333333333,0.366433794734256,50.8048300057133,79.3304000000001,78.7746520064019,0.0748415724380225,0.269233875330344
"8866694","2017-01-24",12.4813400758265,0.301369863013701,0.312328767123287,0.303595643321669,81.1347396459308,77.7805936874026,79.4576666666667,0.338707078735067,49.4500154493136,79.3444000000001,78.7500317388816,0.0533516411671542,0.226057428497706
"8866693","2017-01-25",12.265984276804,0.390909090909091,0.348567870485679,0.318320188183201,80.8992164930199,77.8134501736467,79.3563333333333,0.360758520835128,50.8612008472985,79.2972000000001,78.7540275070307,0.0551596733567195,0.191877877469509
"8866692","2017-01-26",11.7414790880358,0.43589743589744,0.376058796606743,0.345651811405236,80.6890080928693,77.8469919071307,79.268,0.384588975373916,50.0689501781845,79.2332000000001,78.74415717276,0.0458141700826031,0.162665135992128
"8866691","2017-01-27",11.2544385556083,0.450549450549451,0.425785325785326,0.383470664292582,80.5590623422712,77.8486043243955,79.2038333333333,0.406350391092841,50.4017530050612,79.1588000000001,78.740936216392,0.0420235943706215,0.138536827667826
"8866690","2017-01-30",11.1016561601035,0.390625,0.425690628815629,0.409178250402565,80.4145336542386,77.8557996790947,79.1351666666667,0.387248927476418,48.4039633465877,79.0760000000001,78.7074780542064,0.0152626241145981,0.113881986957181
"8866689","2017-01-31",10.4523953536814,0.191709844559581,0.344294765036343,0.398590239879099,80.1720522119806,77.9529477880194,79.0625,0.503379741808914,48.972186823851,79.0072000000001,78.6864809803122,0.00019957111647706,0.09114550378904
"8866688","2017-02-01",10.0507453021776,0.00518134715025438,0.195838730569944,0.321941374807305,80.1039574470641,77.9393758862692,79.0216666666666,0.405293473938353,45.7188147986337,78.9040000000001,78.6202835162706,-0.0481333556687114,0.0632897318974898
"8866687","2017-02-02",9.8634978957331,0,0.0656303972366108,0.201921297614298,79.7882120895673,78.047121243766,78.9176666666666,0.21799288866286,44.4812403405637,78.8136000000001,78.5442457141012,-0.0997103287417089,0.03068971976965
"8866686","2017-02-03",9.5753754405039,0.543689320388351,0.182956889179534,0.148142005662029,79.6543217087172,78.1250116246161,78.8896666666667,0.831522040736435,54.980363468295,78.7932000000001,78.6276796188877,-0.0252610729557401,0.019499561224572
"8866685","2017-02-06",9.18973812782066,0.504854368932041,0.349514563106796,0.199367283174313,79.556748058612,78.1795852747213,78.8681666666667,0.818408255820867,54.1920382720342,78.7600000000001,78.6893223363693,0.0251861546956667,0.0206368799187909
"8866684","2017-02-07",8.60669480134509,0.383495145631071,0.477346278317153,0.33660591020116,79.5734232323225,78.1952434343442,78.8843333333333,0.615369562253969,51.6974349218524,78.7032000000001,78.7094126915201,0.0390564707942964,0.024320798093892
"8866683","2017-02-08",9.07836632089071,0.393013100436683,0.427120871666597,0.417993904363515,79.4995937838709,78.4264062161291,78.963,0.919622204794022,52.7285387574784,78.6932000000001,78.7414909993174,0.0606191390113198,0.0315804662773776
"8866682","2017-02-09",9.51634701761164,0.541484716157208,0.439330987408319,0.447932712464022,79.5928204609518,78.4361795390482,79.0145,1.02061677506238,55.8646381268778,78.6572000000001,78.8146255327418,0.111232020189611,0.0475107770598243
"8866681","2017-02-10",9.80414033557319,0.510917030567685,0.481804949053857,0.449418936042924,79.636033681789,78.4912996515444,79.0636666666667,0.892813225418479,55.0548155023435,78.6444000000001,78.8686754617095,0.142489168950255,0.0665064554379104
"8866680","2017-02-13",10.165994011104,0.611353711790394,0.554585152838428,0.491907029766867,79.7265909351321,78.4924090648679,79.1095,0.970352072078099,57.2477534183329,78.6424000000001,78.9461854001483,0.188564916493394,0.0909181476490072
"8866679","2017-02-14",9.51515246004145,0.35807860262009,0.493449781659388,0.509946627850557,79.7205887440521,78.4897445892813,79.1051666666667,0.514759518169904,50.5497274316079,78.6784000000001,78.9360273467952,0.163883968036638,0.105511311726533
"8866678","2017-02-15",9.48522220503316,0.139737991266378,0.369723435225619,0.472586123241144,79.7020972742167,78.4592360591166,79.0806666666667,0.282222935772538,45.5969288556241,78.7136000000001,78.8605570338892,0.0921278905224643,0.10283462748572
"8866677","2017-02-16",9.27629549433633,0.397379912663753,0.298398835516739,0.387190684133915,79.7172726451222,78.4737273548778,79.0955,0.616200029973657,51.6205724029471,78.7416000000001,78.8738160960373,0.0945194177369046,0.101171585535957
"8866676","2017-02-17",8.93663286647941,0.484716157205239,0.340611353711789,0.336244541484715,79.7670981025505,78.4999018974495,79.1335,0.823417424771002,53.5001075986952,78.7808000000001,78.911973949899,0.115533474558105,0.104043963340386
"8866675","2017-02-21",9.37989154799355,0.628975265017669,0.503690444962219,0.380900211396915,79.9681194940839,78.4088805059162,79.1885,1.13588712668423,59.2162886012738,78.8368000000001,79.0343774232458,0.19831671531032,0.122898513734373
"8866674","2017-02-22",10.1622464276137,0.671974522292993,0.595221981505299,0.479841260059768,80.223662874157,78.3120037925097,79.2678333333333,1.14629724612579,61.7127886587815,78.8828000000001,79.1844604334797,0.294015743548393,0.157121959697177
"8866673","2017-02-23",11.902399577865,0.559895833333333,0.620281873547997,0.573064766671837,80.6016467281322,78.1496866052011,79.3756666666667,1.19644960808958,64.2814778676668,78.9448000000001,79.3625323756824,0.401604774264297,0.206018522610601
"8866672","2017-02-24",14.6912549577494,0.706405693950179,0.6460920165255,0.620531957192931,81.5171699531294,77.629163380204,79.5731666666667,1.35309355092929,73.8377174282949,79.1028000000001,79.7595280589247,0.663160934785556,0.297447005045592
"8866671","2017-02-27",16.312927315057,0.590747330960854,0.619016286081454,0.62846339205165,81.9448689720252,77.5184643613081,79.7316666666667,1.03956507445134,66.9486271695209,79.2296000000001,80.0169243177348,0.794396968045552,0.396836997645584
"8866670","2017-02-28",18.0758057128511,0.761565836298934,0.686239620403321,0.650449307670091,82.4995203351585,77.3688129981749,79.9341666666667,1.07740576599359,71.2195673625471,79.3844000000001,80.3680010753701,0.982733122602664,0.514016222637
"8866669","2017-03-01",20.0413363932444,0.697508896797155,0.683274021352313,0.662843309279029,82.9480682498196,77.2975984168471,80.1228333333333,0.981464387992103,67.6872724807296,79.5324000000001,80.6242675986541,1.08234373676972,0.627681725463544
"8866668","2017-03-02",21.8664720250383,0.749110320284698,0.736061684460261,0.701858442071964,83.3260720540636,77.3262612792697,80.3261666666667,0.926207885990284,69.0202290632956,79.6844000000001,80.8850319188336,1.17592487959155,0.737330356289145
"8866667","2017-03-03",22.6708009069956,0.645907473309609,0.697508896797152,0.705614867536575,83.5122556842936,77.5320776490397,80.5221666666667,0.80509125133806,63.3881928944852,79.8172000000001,81.0336943296558,1.17814871258692,0.825494027548701
"8866666","2017-03-06",23.4176777259561,0.6779359430605,0.690984578884934,0.708185053380782,83.7283324010913,77.6200009322421,80.6741666666667,0.788540333639107,64.360165255298,79.9556000000001,81.1865350857017,1.18385473280498,0.897166168599957
"8866665","2017-03-07",23.6466485924769,0.624555160142348,0.649466192170817,0.679319889284301,83.854782394557,77.7685509387764,80.8116666666667,0.704560081069134,61.4328670465298,80.0912000000001,81.2789970742748,1.1451511067686,0.946763156233686
"8866664","2017-03-08",22.1237183489067,0.244532803180915,0.515674635461253,0.618708468839001,83.828450241906,77.959549758094,80.894,0.465240507900467,48.1474967874085,80.1568000000001,81.1337974643715,0.93589840285615,0.944590205558179
"8866663","2017-03-09",20.7499896989712,0.204968944099381,0.35801896914088,0.507719932257649,83.8095568725075,78.0817764608258,80.9456666666667,0.412880738412685,47.8835495111149,80.2352000000001,81.002624469122,0.757291857760145,0.907130535998572
"8866662","2017-03-10",19.7146142824831,0.0216346153846162,0.157045454221636,0.343579686274589,83.79537695891,78.1596230410901,80.9775,0.371504917136835,46.3114347835614,80.3100000000001,80.8582745399057,0.585991275454245,0.842902683889707
"8866661","2017-03-13",18.753194252887,0.0393120393120385,0.0886385329320104,0.201234318764841,83.7734359694666,78.2535640305334,81.0135,0.358662179974876,47.6002884930079,80.3464000000001,80.7545046012516,0.460818467516,0.766485840614965
"8866660","2017-03-14",18.0645227414139,0,0.0203155515655501,0.0886665129063981,83.7595602530765,78.3121064135902,81.0358333333333,0.334938176043089,46.2549931022541,80.3788000000001,80.6405706544181,0.339648621443933,0.681118396780759
"8866659","2017-03-15",17.9426203540579,0.107579462102689,0.0489638338049078,0.052639306100822,83.7083255793801,78.5496744206199,81.129,0.472408808242122,49.9767246874107,80.4388000000001,80.6004945671623,0.284355504752454,0.601765818375098
"8866658","2017-03-16",17.8294252800845,0.246913580246914,0.118164347449866,0.0624812442734407,83.5980827289546,78.8985839377122,81.2483333333334,0.48900591978809,54.3130251005177,80.5168000000001,80.640428624874,0.293227443019584,0.540058143303995
"8866657","2017-03-17",18.5070233796761,0.291358024691356,0.215283689013652,0.127470623422808,83.5324546727105,79.2028786606229,81.3676666666667,0.559821100097768,55.6439967532193,80.5884000000001,80.6990381415575,0.314608733372679,0.494968261317732
"8866656","2017-03-20",19.0677600399137,0.279012345679011,0.272427983539092,0.201958673334203,83.4575426783985,79.4644573216015,81.461,0.487227921408387,55.1632587011785,80.6608000000001,80.7431663893498,0.322789842076965,0.460532577469579
"8866655","2017-03-21",19.3049464641311,0.259052924791085,0.276474431720483,0.254728701424408,83.4285255670191,79.6084744329809,81.5185,0.450655110786239,53.1839415939102,80.7160000000001,80.7547442041032,0.305738862411298,0.429573834457922
"8866654","2017-03-22",20.0126450451376,0.636942675159236,0.391669315209776,0.31352391015645,83.4796608582177,79.7303391417824,81.605,0.667585867752823,61.2042042955206,80.8372000000001,80.9074449768894,0.394473515132021,0.422553770592742
"8866653","2017-03-23",21.0647255699637,0.649572649572652,0.515189416507656,0.394444387812638,83.5859226560015,79.7747440106652,81.6803333333334,0.738683817086303,62.9909416599908,80.9896000000001,81.0771189799708,0.486810722432685,0.435405160960731
"8866652","2017-03-24",22.2262476907352,0.757978723404256,0.68149801604538,0.52945224925427,83.6160297663071,79.7609702336929,81.6885,0.854036901839435,66.3849387841829,81.1412000000001,81.3001697826414,0.609240540846701,0.470172236937925
"8866651","2017-03-27",22.2584480497104,0.571808510638297,0.659786627871733,0.618824686808256,83.6643347756268,79.7546652243732,81.7095,0.712422044654307,59.2042782822735,81.2568000000001,81.4001471449559,0.62921927477555,0.50198164450545
"8866650","2017-03-28",22.3599209894279,0.752659574468087,0.694148936170211,0.678477860029107,83.6861579759599,79.7451753573735,81.7156666666667,0.830966527784685,63.3514085598254,81.3728000000001,81.5774608589618,0.704067258930641,0.542398767390488
"8866649","2017-03-29",22.5291780827538,0.772486772486769,0.698984952531049,0.684306838857664,83.7325280040188,79.7251386626479,81.7288333333333,0.843823176627502,63.8748415586973,81.4792000000001,81.7431327444335,0.763132342516748,0.58654548241574
"8866648","2017-03-30",21.903413277451,0.634920634920632,0.720022327291828,0.704385405331029,83.6944894112738,79.7385105887262,81.7165,0.732601514806421,58.6616508871594,81.5504000000001,81.8173817118424,0.749779542063611,0.619192294345314
"8866647","2017-03-31",21.5903976555093,0.74074074074074,0.716049382716046,0.71168555417964,83.7860447916004,79.7109552083996,81.7485,0.803837901323915,61.2795646499276,81.5648000000001,81.9350641502634,0.769623941946862,0.649278623865624
"8866646","2017-04-03",20.4256596813127,0.520958083832333,0.6322064864979,0.689426065501924,83.7773008634118,79.7120324699215,81.7446666666667,0.651363519889283,55.4209790136508,81.5804000000001,81.9543889302283,0.715960461018761,0.662614991296251
"8866645","2017-04-04",19.996450048918,0.49473684210526,0.585478555559443,0.644578141591129,83.8431494680565,79.7068505319435,81.775,0.714765264081259,56.5747831293715,81.5640000000001,81.9924704061979,0.681309033942235,0.666353799825448
"8866644","2017-04-05",19.7139984381142,0.631578947368418,0.549091291102003,0.588925444386448,83.9551671774193,79.8218328225807,81.8885,0.759233806901122,59.337431865422,81.5776000000001,82.0774743520382,0.684265611874268,0.669936162235212
"8866643","2017-04-06",19.4517219423678,0.698245614035084,0.60818713450292,0.580918993721454,84.037572564238,80.0027607690953,82.0201666666667,0.762672309674825,60.6508198485563,81.5872000000001,82.1764777717664,0.697125046419633,0.675373939072096
"8866642","2017-04-07",19.4390980364948,0.659932659932663,0.663252407112054,0.606843610905658,84.0632791881961,80.2643874784705,82.1638333333333,0.753451113351922,60.3195297025369,81.6188000000001,82.2582807355309,0.696225452637211,0.679544241785119
"8866641","2017-04-10",19.1044708686531,0.368421052631575,0.575533108866439,0.61565755016047,83.9911070389713,80.5955596276954,82.2933333333333,0.656086761810478,58.1530175608216,81.6356000000001,82.3038433041268,0.669094135426795,0.677454220513455
"8866640","2017-04-11",19.6579946741047,0.366834170854272,0.465062627806168,0.567949381261553,83.8687384157064,81.0242615842936,82.4465,0.764899327594719,59.632266064889,81.6716000000001,82.3673308635766,0.657603916976468,0.673484159806057
"8866639","2017-04-12",20.9639453910725,0.446366782006922,0.393874001830922,0.478156579501176,83.9766116946403,81.2050549720263,82.5908333333333,0.962736334975839,63.9069215865383,81.7976000000001,82.4970200817664,0.69519447459796,0.677826222764438
"8866638","2017-04-13",22.3092063600699,0.65359477124183,0.48893190803434,0.449289512557143,84.1954123752172,81.3069209581161,82.7511666666666,1.07198254316601,68.4662179054715,81.9536000000001,82.7040840708642,0.785006439408975,0.699262266093345
"8866637","2017-04-17",23.8186503684132,0.732937685459939,0.610966412902896,0.497924107589385,84.5279035457076,81.296763120959,82.9123333333333,1.09968506841279,71.2230771047153,82.1388000000001,82.9502061947489,0.894047694338584,0.738219351742393
"8866636","2017-04-18",25.4050456018156,0.823204419889503,0.736578958863756,0.612159093266996,84.8730623829946,81.3379376170053,83.1055,1.1132268241816,73.7444893004883,82.3380000000001,83.2315120354491,1.01753053152425,0.794081587698764
"8866635","2017-04-19",25.9769507108617,0.690607734806629,0.748916613385356,0.698820661717335,85.0096694642719,81.554330535728,83.282,0.95668457787584,67.7295222477718,82.5252000000001,83.4113104307225,1.05606886598268,0.846479043355548
"8866634","2017-04-20",25.3409169921715,0.49171270718232,0.668508287292816,0.718001286513975,85.0817352389524,81.6789314277141,83.3803333333333,0.7408797897662,59.8444848779548,82.6660000000001,83.4711357066262,1.00517502272193,0.878218239228824
"8866633","2017-04-21",25.4320514454132,0.662983425414365,0.615101289134437,0.677508729937535,85.2683688572345,81.7182978094321,83.4933333333333,0.882151976227784,63.7573067990326,82.8092000000001,83.6056509457427,1.01291645179016,0.905157881741091
"8866632","2017-04-24",25.6417260389175,0.687679083094556,0.614125071897079,0.63257821610811,85.4696697048971,81.7119969617695,83.5908333333333,0.875897555896356,64.7129016604133,82.9516000000001,83.743564152977,1.02244575169392,0.928615455731657
"8866631","2017-04-25",26.000034461124,0.734138972809669,0.694933827106196,0.641386729379236,85.687554029338,81.7724459706619,83.73,0.906970461467196,66.9971046373148,83.1116000000001,83.9150889325801,1.05507723558418,0.953907811702162
"8866630","2017-04-26",26.4798570607864,0.697406340057638,0.706408131987286,0.67182234366352,85.9002768455869,81.794723154413,83.8475,0.870839139985703,66.8775629832326,83.2792000000001,84.0624104082361,1.06733717965073,0.976593685291875
"8866629","2017-04-27",27.272995438504,0.77720207253886,0.736249128468721,0.712530362520733,86.1906964774291,81.7823035225708,83.9864999999999,0.931033867925182,70.1988673315937,83.4272000000001,84.2674223538046,1.11939079672341,1.00515310757818
"8866628","2017-04-28",26.0087092520456,0.44559585492228,0.640068089172925,0.694241783209643,86.2389819200585,81.9540180799414,84.0964999999999,0.672735802280768,56.688980847109,83.5128000000001,84.2744327066306,1.02604682561094,1.00933185118473
"8866627","2017-05-01",24.5024850955749,0.176630434782611,0.466476120747916,0.614264446129853,86.2267698225269,82.0595635108063,84.1431666666666,0.446446935915091,49.5486527813703,83.5400000000001,84.1618416790799,0.856981864526696,0.978861853853126
"8866626","2017-05-02",23.1790988441748,0.00641025641025515,0.209545515371714,0.438696575097517,86.1408705193169,82.275129480683,84.208,0.357379651708866,49.025612351206,83.5924000000001,84.0549294552026,0.708101469895017,0.924709777061504
"8866625","2017-05-03",22.7739008536522,0,0.0610135637309539,0.245678399950193,86.1299793857396,82.2963539475936,84.2131666666666,0.1226809261002,43.2641575754569,83.5848000000001,83.8529388611756,0.505408497149906,0.840849521079184
"8866624","2017-05-04",21.1697358370677,0.0535714285714271,0.0199938949938928,0.0968509913655191,86.1090237587151,82.3489762412848,84.229,0.246723058972365,45.0453216475596,83.5820000000001,83.7058803463522,0.360656943834026,0.744811005630153
"8866623","2017-05-05",20.2400584555747,0.380102040816326,0.14455782312925,0.0751884272846978,86.0958190185369,82.4865143147963,84.2911666666666,0.508912150485213,54.4350436683177,83.6512000000001,83.7490963001719,0.365116596277515,0.668872123759625
"8866622","2017-05-08",19.8562304645425,0.275510204081633,0.236394557823128,0.133648758648756,86.0709007831273,82.6217658835393,84.3463333333333,0.466271735748235,51.405243033715,83.6880000000001,83.731883460149,0.325363669455192,0.600170432898739
"8866621","2017-05-09",18.7010652946171,0.0867346938775485,0.247448979591835,0.209467120181403,86.0145344917426,82.735132174924,84.3748333333333,0.200707657927094,46.3868684238584,83.7200000000001,83.6182989987958,0.219937732065323,0.524123892732055
"8866620","2017-05-10",17.4542325554952,0.0433673469387725,0.13520408163265,0.206349206349203,86.0344705468647,82.6958627864685,84.3651666666666,0.0930938590286068,45.2929420889832,83.7388000000001,83.497192465623,0.118518621604369,0.443002838506518
"8866619","2017-05-11",16.3176237137762,0,0.0433673469387723,0.142006802721085,86.104995005104,82.5180049948959,84.3115,0.0786160553281746,44.0428057928567,83.7344000000001,83.3669001368733,0.0194337257002353,0.358289015945262
"8866618","2017-05-12",15.7004784072077,0.187817258883251,0.0770615352740065,0.0852109879484752,86.0932615557673,82.4400717775659,84.2666666666666,0.291962628239336,49.8487324910052,83.7520000000001,83.3526467852902,0.0123761730137728,0.289106447358964
"8866617","2017-05-15",15.2943511283031,0.218274111675127,0.135363790186125,0.0852642241329668,86.0315844880454,82.3810821786212,84.2063333333333,0.345774648999258,50.7412832462435,83.7756000000001,83.3562938805848,0.0181956998315025,0.234924297853472
"8866616","2017-05-16",14.6377034234659,0.159898477157363,0.188663282571912,0.133696202677347,85.9003368402192,82.327996493114,84.1141666666666,0.308482227282449,48.9433403755957,83.7976000000001,83.3287880298402,0.000524067432672304,0.188044251769312
"8866615","2017-05-17",13.7366571794489,0.116417910447761,0.164863499760082,0.162963524172705,85.8226315822823,82.2463684177176,84.0345,0.285297306713512,47.0691284891297,83.8028000000001,83.2729496258615,-0.0363268305176634,0.143170035311917
"8866614","2017-05-18",12.889016153374,0.0546075085324268,0.110307965379182,0.154611582570391,85.8134529821249,82.140547017875,83.977,0.247611289528541,45.279638354349,83.7764000000001,83.1938896757466,-0.0868650749381916,0.0971630132618951
"8866613","2017-05-19",12.2610175996254,0.0102389078498297,0.0604214422766711,0.111864302471977,85.7232173876512,82.0434492790154,83.8833333333333,0.253607662249466,44.2554954551841,83.7164000000001,83.1080377189804,-0.137999455043891,0.0501305196007378
"8866612","2017-05-22",11.8689037821675,0.385665529010241,0.150170648464165,0.106966685373338,85.5961183070499,82.06188169295,83.829,0.524804979473345,53.7814397508376,83.6804000000001,83.1802993564497,-0.0709153531164741,0.0259213450572954
"8866611","2017-05-23",12.751407214138,0.618750000000001,0.338218145620023,0.182936745453618,85.513053075395,82.1032802579383,83.8081666666667,0.822162225699062,59.5356934298348,83.6580000000001,83.3562594422564,0.0638226030045042,0.0335015966467372
"8866610","2017-05-24",13.7212343545409,0.801775147928994,0.602063558979744,0.363484117687976,85.5328036824595,82.0918629842072,83.8123333333333,0.976904469999587,63.7140000308386,83.6840000000001,83.6060915166222,0.2380929458625,0.0744198664898898
"8866609","2017-05-25",15.032978810223,0.77120822622108,0.730577791383357,0.556953165327707,85.5126138030209,82.1050528636457,83.8088333333333,1.08922888513375,65.2491589622295,83.7504000000001,83.8612793144059,0.398990384532483,0.139333970098408
"8866608","2017-05-26",16.3528978105908,0.825870646766169,0.799618006972079,0.710753119111726,85.7946932315098,81.9466401018235,83.8706666666667,1.07241066909235,66.9126223984812,83.8048000000001,84.1251087391518,0.550288058334569,0.221524787745641
"8866607","2017-05-30",17.8140962757967,0.789351851851853,0.795476908279699,0.775224235545044,86.169064446208,81.8036022204586,83.9863333333333,1.01472212650158,67.3854861928032,83.8564000000001,84.3657609072649,0.670462019734086,0.31131223414333
"8866606","2017-05-31",19.6455596812019,0.827309236947791,0.814177245188603,0.803090720146793,86.6726813491898,81.6269853174768,84.1498333333333,1.050337023055,70.9166558215031,83.9208000000001,84.6689927862963,0.823312097033635,0.413712206721391
"8866605","2017-06-01",21.8229565247906,0.767888307155323,0.794849798651655,0.801501317373318,87.1868983201059,81.5754350132274,84.3811666666666,1.03678808929827,72.3255386526782,83.9980000000001,84.9731270814568,0.961943444151392,0.523358454207391
"8866604","2017-06-02",24.4675869161226,0.746799431009957,0.780665658371023,0.796564234070426,87.8905887194843,81.3834112805157,84.637,1.07726001304933,75.7888244081332,84.0860000000001,85.3500434705959,1.13813219794323,0.646313202954559
"8866603","2017-06-05",26.9233151366451,0.867709815078237,0.794132517747838,0.789882658256837,88.6072188150684,81.1247811849315,84.866,1.03957460561679,78.6642477455394,84.2592000000001,85.7900376745164,1.3408799228696,0.785226546937567
"8866602","2017-06-06",28.860414573628,0.839260312944524,0.817923186344238,0.797573787487698,89.1668898091639,81.0104435241694,85.0886666666667,0.940714809006936,76.366077728848,84.4600000000001,86.1446993179142,1.46426617179796,0.921034471909645
"8866601","2017-06-07",30.8023321601205,0.834992887624467,0.847321005215741,0.819792236435938,89.6533743064108,81.0602923602559,85.3568333333333,0.895647726233386,76.0073735563508,84.6624000000001,86.4480727421923,1.54031712605338,1.04489100273839
"8866600","2017-06-08",31.7112115331248,0.739972337482712,0.804741846017233,0.823328679192403,89.9986634185901,81.2670032480765,85.6328333333333,0.831418456149461,69.8802431587855,84.8768000000001,86.6416630432334,1.53369307117732,1.14265141642618
"8866599","2017-06-09",32.5551709509145,0.740619902120717,0.771861709075964,0.807974853436311,90.2708266080026,81.5765067253308,85.9236666666667,0.809742456723645,71.271152851878,85.0944000000001,86.8481079708023,1.53720136190925,1.22156140552279
"8866598","2017-06-12",33.6456467641021,0.82136279926335,0.767318346288924,0.781307300460706,90.6456924163068,81.7793075836932,86.2125,0.846345595336419,74.6221885152899,85.2916000000001,87.1296935746953,1.59236891968366,1.29572290835497
"8866597","2017-06-13",33.7008509482821,0.674468085106383,0.745483595496815,0.761554550287233,90.8591954136489,82.0708045863511,86.465,0.753554191788088,68.3755856567327,85.4828000000001,87.2990677647359,1.5655903870599,1.34969640409595
"8866596","2017-06-14",34.665986382509,0.646601941747572,0.714144275372433,0.74231540571939,91.1130004601227,82.419666206544,86.7663333333333,0.809470826136225,70.5117473496457,85.7216000000001,87.5058587294378,1.5673938789621,1.39323589906918
"8866595","2017-06-15",35.1498840785097,0.567287784679088,0.629452603844346,0.696360158237863,91.1960879141402,82.9142454191931,87.0551666666667,0.740063327439481,67.5628768638788,85.9564000000001,87.6490775655128,1.52594041470853,1.41977680219705
"8866594","2017-06-16",35.7383463608793,0.656118143459916,0.623335956628857,0.655644278615211,91.2019406550612,83.5457260116054,87.3738333333333,0.767691032114916,69.8744515743379,86.2172000000001,87.8345338901111,1.51754117406651,1.43932967657094
"8866593","2017-06-19",35.9461548099865,0.543424317617865,0.588943415252288,0.613910658575163,90.994737282485,84.3629293841816,87.6788333333333,0.710777114592078,67.5092138242426,86.4400000000001,87.9672627047629,1.47425593979762,1.44631492921628
"8866592","2017-06-20",35.6294582795397,0.419354838709678,0.539632433262485,0.583970601714542,90.780030492383,85.0636361742836,87.9218333333333,0.649540651985248,63.9565292963108,86.6452000000001,88.0396276774612,1.39436123820751,1.43592419101452
"8866591","2017-06-21",34.5183914133325,0.0557491289198594,0.339509428415799,0.489361758976856,90.6037040704937,85.5922959295062,88.098,0.566248844767728,58.279670684593,86.8376000000001,88.0290106537997,1.26601910912196,1.40194317463601
"8866590","2017-06-22",33.1230382202706,0,0.158367989209844,0.345836616962708,90.4203455545089,86.0313211121578,88.2258333333333,0.45082430363097,55.7600138021069,87.0292000000001,87.9851425666264,1.12750895726075,1.34705633116096
"8866589","2017-06-23",31.6028810182869,0,0.0185830429732849,0.172153486866308,90.2361160790611,86.4122172542722,88.3241666666666,0.358564946899932,54.2068759230911,87.2236000000001,87.9257902244096,0.991664659150127,1.27597799675879
"8866588","2017-06-26",30.2143895812606,0,-1.57744188082158e-15,0.0589836773943746,90.0439821840454,86.7760178159546,88.41,0.31027944917215,54.2068759230911,87.4232000000001,87.8743515278216,0.87395905440466,1.19557420828797
"8866587","2017-06-27",28.4186370396516,0,-1.57744188082158e-15,0.00619434765775935,89.899351877276,86.9993147893906,88.4493333333333,0.00713274002454123,45.7153391186383,87.5420000000001,87.7071046574454,0.688185237419292,1.09409641411423
"8866586","2017-06-28",27.0983508746542,0,-1.57744188082158e-15,-2.79637424327461e-15,89.9473219692367,86.9236780307633,88.4355,-0.0905126517315685,43.3316206521003,87.6148000000001,87.522157369786,0.507357046261658,0.976748540543717
"8866585","2017-06-29",26.9214478748161,0,-1.57744188082158e-15,-2.79637424327461e-15,90.265973493532,86.4210265064679,88.3435,-0.225671036831936,36.1576098891192,87.6160000000001,87.2205363871479,0.262828315067809,0.833964495448535
"8866584","2017-06-30",26.8101752193984,0,-1.57744188082158e-15,-2.79637424327461e-15,90.4898457366542,85.9054875966791,88.1976666666666,-0.0935400151818786,35.7963449259174,87.6032000000001,86.9511315355282,0.0622215584654695,0.679615908051922
"8866583","2017-07-03",27.0504844235824,0,-1.57744188082158e-15,-2.79637424327461e-15,90.6369480931556,85.379718573511,88.0083333333333,-0.0500362226646942,33.4564113732102,87.5620000000001,86.6656473307911,-0.132026194764212,0.517287487488695
"8866582","2017-07-05",27.9490387760055,0,-1.57744188082158e-15,-2.79637424327461e-15,90.8442272622002,84.738106071133,87.7911666666666,-0.0651978659898553,28.8705342867049,87.4820000000001,86.3008943533523,-0.36464464437661,0.340901061115634
"8866581","2017-07-06",28.9083162496232,0,-1.57744188082158e-15,-2.79637424327461e-15,90.9992152170496,84.0991181162836,87.5491666666666,-0.0264418669697676,28.0243723869814,87.3664000000001,85.9607751062387,-0.56040776516908,0.160639295858691
"8866580","2017-07-07",28.6649852681216,0.0704467353951885,0.0234822451317279,0.00782741504390704,91.0168103687521,83.6721896312478,87.3445,0.103632812270189,32.8519377703922,87.2548000000001,85.7206717587402,-0.670027475423662,-0.00549405839777931
"8866579","2017-07-10",28.2500346668902,0.0676156583629885,0.0460207979193907,0.0231676810170378,90.9649516597589,83.308048340241,87.1365,0.150010817492987,32.6792202198277,87.1080000000001,85.5085821909081,-0.751539796591005,-0.154703206036425
"8866578","2017-07-11",28.4419849418214,0,0.0460207979193907,0.0385079469901686,90.8236061190827,82.8973938809172,86.8605,0.109250096565232,29.0108424671014,86.9004000000001,85.2354378987871,-0.869994263960872,-0.297761417621314
"8866577","2017-07-12",27.534441519703,0.199226305609284,0.0889473213240894,0.0603296390542891,90.6363320894477,82.6863345772189,86.6613333333333,0.254549189439149,40.1361951592017,86.7420000000001,85.1360461789488,-0.856776258966641,-0.409564385890379
"8866576","2017-07-13",27.2277984906247,0.0869565217391306,0.0953942757828034,0.07678746500876,90.295251638161,82.4994150285056,86.3973333333333,0.215147099938413,36.4889845936144,86.5604000000001,84.9685733550889,-0.894083477571517,-0.506468204226607
"8866575","2017-07-14",26.9017276101248,0.11801242236025,0.134731749902887,0.106357782336592,89.9618976500214,82.3571023499785,86.1595,0.253729948086476,37.981409998585,86.4056000000001,84.8434302410771,-0.899271516642819,-0.585028866709849
"8866574","2017-07-17",26.9722424885503,0.0321100917431194,0.0790263452808316,0.103050790322173,89.4982008790519,82.2631324542814,85.8806666666666,0.218869279378725,35.4124274465132,86.2220000000001,84.6776395422668,-0.933801809689627,-0.654783455305805
"8866573","2017-07-18",26.9307668039167,0.101298701298701,0.0838070718006885,0.0991883889948011,89.0153644355527,82.2419688977806,85.6286666666666,0.264962788438661,38.0365371569915,86.0176000000001,84.5672876032979,-0.926877607079901,-0.709202285660624
"8866572","2017-07-19",26.0784765659517,0.313432835820896,0.148947209620904,0.103926875567474,88.5065253629963,82.3251413036703,85.4158333333333,0.355075606897173,42.5603246061815,85.8536000000001,84.5316492561915,-0.868504626009969,-0.741062753730493
"8866571","2017-07-20",24.7997751131965,0.587030716723553,0.333920751281048,0.188891677567546,88.0411548235324,82.5058451764675,85.2735,0.555973983948248,50.2148943702926,85.7068000000001,84.6180960220326,-0.729810155069477,-0.73881223399829
"8866570","2017-07-21",24.8352561156775,0.650900900900899,0.517121484481781,0.33332981512791,87.7964090428168,82.6362576238498,85.2163333333333,0.819822656224256,58.1921655279005,85.6176000000001,84.8490165524283,-0.502691739082273,-0.691588135015087
"8866569","2017-07-24",24.8682027608384,0.689189189189188,0.642373602271212,0.497805279344679,87.611762424019,82.7382375759809,85.175,0.865580708464829,59.2147651594798,85.5168000000001,85.0718143454379,-0.303371746482639,-0.613944857308597
"8866568","2017-07-25",24.6739059706266,0.648648648648649,0.662912912912911,0.607469333221967,87.3498561713402,82.8848104953264,85.1173333333333,0.840272741552288,57.6080481656134,85.4172000000001,85.2409057660461,-0.160883746945706,-0.523332635236019
"8866567","2017-07-26",24.3262370197922,0.619369369369368,0.6524024024024,0.65256297252884,87.2346454158496,82.942021250817,85.0883333333333,0.81488120429393,56.4174146942597,85.3252000000001,85.3701183305733,-0.059727381024588,-0.430611584393733
"8866566","2017-07-27",24.2804045790136,0.655405405405406,0.64114114114114,0.652152152152149,87.2352975891753,82.9417024108247,85.0885,0.864457585853378,57.5794844085923,85.2616000000001,85.5034358864969,0.035025980341219,-0.337484071446742
"8866565","2017-07-28",23.2426945424821,0.479729729729731,0.584834834834833,0.626126126126123,87.287384468951,82.935615531049,85.1115,0.707233735568723,50.5090271535882,85.1772000000001,85.5149777682973,0.0360678444176976,-0.262773688273854
"8866564","2017-07-31",22.1946811687975,0.446511627906976,0.527215587680703,0.584397187885558,87.3316767429582,82.9346565903751,85.1331666666666,0.676672679764041,49.9166298055242,85.0964000000001,85.515647399191,0.0299458377271078,-0.204229783073662
"8866563","2017-08-01",21.7669326125811,0.613953488372092,0.513398282002931,0.541816234839488,87.4922609941416,82.9197390058584,85.206,0.799032642562913,55.6751455657984,85.0444000000001,85.6122277459655,0.091907429469229,-0.145002340565084
"8866562","2017-08-02",21.7285627558589,0.576744186046511,0.545736434108525,0.528783434597385,87.6453894672885,82.9922771993781,85.3188333333333,0.774619063491287,54.1841997938626,85.0228000000001,85.6745973798368,0.124451555653593,-0.0911115613213484
"8866561","2017-08-03",20.7139263545643,0.397674418604652,0.529457364341083,0.529530693484179,87.6629038269703,83.1710961730296,85.417,0.60307654193381,47.5805321514329,84.9824000000001,85.6259843958586,0.0768380017108328,-0.0575216487149122
"8866560","2017-08-04",19.7717639819336,0.40246913580247,0.45896258015121,0.511385459533605,87.6964252730731,83.2819080602602,85.4891666666666,0.587778568146775,49.0567223146301,84.9912000000001,85.6065198097441,0.0544816853491392,-0.0351209819021019
"8866559","2017-08-07",19.7747112195543,0.61388888888889,0.471344147765336,0.486588030752542,87.8407610037077,83.3782389962923,85.6095,0.780969669449217,56.9644244403527,85.0436000000001,85.7269838351116,0.13223795698929,-0.00164919412382362
"8866558","2017-08-08",20.2687214416416,0.5,0.505452674897119,0.478586467604554,87.9397560681087,83.6195772652246,85.7796666666666,0.821051526634521,58.0536676285172,85.1180000000001,85.8527193237634,0.206405191440062,0.0399616829889535
"8866557","2017-08-09",20.7842094502852,0.571917808219178,0.561935565702688,0.512910796121713,88.1248606670002,83.7031393329997,85.914,0.835314361686665,60.1577718590054,85.2400000000001,86.0030234139282,0.290783916365189,0.0901261296642007
"8866556","2017-08-10",20.7742358114801,0.455479452054794,0.509132420091323,0.525506886897042,88.1596176608455,83.9487156724878,86.0541666666666,0.719865799748624,56.7928950422035,85.3556000000001,86.0879536254045,0.321922529677976,0.136485409666956
"8866555","2017-08-11",20.2035776292509,0.315068493150685,0.447488584474884,0.506185523422964,88.1167711777254,84.2162288222745,86.1665,0.594046750401446,52.9469093443218,85.4384000000001,86.1068931420172,0.304636500604372,0.170115627854439
"8866554","2017-08-14",20.2184353859452,0.366438356164381,0.378995433789952,0.445205479452052,87.9656931483284,84.6646401850049,86.3151666666666,0.652931000787424,54.1697173645723,85.5284000000001,86.1433073897483,0.301503273392112,0.196393156961974
"8866553","2017-08-15",20.4082473180113,0.472602739726026,0.384703196347029,0.403729071537287,87.7765617662449,85.1591049004218,86.4678333333333,0.737698918668159,56.6755840281697,85.6576000000001,86.2161997377818,0.324275049170208,0.221969535403621
"8866552","2017-08-16",20.5845012549298,0.592465753424659,0.477168949771687,0.413622526636222,87.6188157321908,85.5971842678092,86.608,0.853839631968813,59.3762826263781,85.7596000000001,86.3260397727443,0.370706212752969,0.25171687087349
"8866551","2017-08-17",20.3978062129656,0.51712328767123,0.52739726027397,0.463089802130894,87.6107111391367,85.7649555275299,86.6878333333333,0.766647796475199,56.9722195348059,85.8772000000001,86.3919011363784,0.382453041089592,0.277864104916711
"8866550","2017-08-18",19.3933087227722,0.325342465753425,0.478310502283103,0.494292237442919,87.5973921256507,85.7589412076826,86.6781666666667,0.497370975049655,51.2805985494942,85.9664000000001,86.3743143181946,0.335580614259356,0.28940740678524
"8866549","2017-08-21",18.5482294222002,0.386986301369861,0.409817351598171,0.471841704718413,87.5839116718266,85.7584216615067,86.6711666666667,0.579704626800183,52.9090667837299,86.0800000000001,86.383072409102,0.311655263323463,0.293856978092884
"8866548","2017-08-22",18.6903372719082,0.570032573289904,0.427453780137729,0.438527211339666,87.6955595503133,85.7331071163533,86.7143333333333,0.900349406217861,58.1037212574601,86.2084000000001,86.4733294212217,0.34656085956708,0.304397754387723
"8866547","2017-08-23",19.0067669514138,0.701298701298701,0.552772525319487,0.463347885685128,87.8981709642577,85.6811623690756,86.7896666666666,1.02187438628537,62.2940686455206,86.3420000000001,86.6288854983922,0.423291348473875,0.328176473204954
"8866546","2017-08-24",19.7334006862214,0.649819494584837,0.640383589724479,0.540203298393897,88.1728096137688,85.5765237195644,86.8746666666666,1.06953152577207,64.8405360416187,86.4560000000001,86.8157007652732,0.514200267333931,0.365381232030749
"8866545","2017-08-25",21.0474987288308,0.750000000000001,0.700372731961178,0.631176282335047,88.6086088987548,85.4557244345785,87.0321666666666,1.17594188460802,69.6023063599056,86.5568000000001,87.0896073299035,0.656195294925821,0.423544044609764
"8866544","2017-08-28",22.4150386507213,0.797843665768194,0.732554386784343,0.691103569489999,89.0164945837477,85.4008387495855,87.2086666666666,1.11713100905535,71.2023737175576,86.6636000000001,87.3696596859163,0.788540782013381,0.496543392090487
"8866543","2017-08-29",22.9976834806838,0.692722371967654,0.746855345911948,0.726594154885822,89.30988376665,85.3667829000166,87.3383333333333,0.963679067610161,66.6010972558905,86.7620000000001,87.5603717277942,0.847106109637874,0.566655935599965
"8866542","2017-08-30",22.9430800002624,0.595687331536387,0.695417789757411,0.724942507484566,89.4703928425618,85.4172738241048,87.4438333333333,0.811570750225365,62.5808923911865,86.8512000000001,87.6776554974216,0.85029334574358,0.623383417628688
"8866541","2017-08-31",22.7609448132085,0.570652173913043,0.61968729247236,0.687320142713905,89.5279722647709,85.6290277352291,87.5785,0.755154523434639,61.6897401351053,86.9308000000001,87.7686347644321,0.835691471169309,0.665845028336812
"8866540","2017-09-01",22.9983773087051,0.720108695652173,0.628816067033866,0.647973716421211,89.6254219925013,85.8505780074986,87.738,0.851979226676761,65.3435931922384,87.0636000000001,87.9208167958411,0.864506515247188,0.705577325718887
"8866539","2017-09-05",23.748245946694,0.790760869565218,0.693840579710143,0.647447979738789,89.8438491123215,85.8881508876784,87.866,0.89369366541449,66.9484037071986,87.2096000000001,88.0873745563956,0.900525144752518,0.744566889525613
"8866538","2017-09-06",24.632651532125,0.868556701030926,0.793142088749438,0.705266245164481,90.1172893794258,85.8780439539075,87.9976666666667,0.925154279222458,69.6280760803255,87.3452000000001,88.2930579488762,0.959739311684205,0.787601373957331
"8866537","2017-09-07",26.0568628309388,0.730021598272138,0.796446389622759,0.761143019360779,90.4105132501991,85.8508200831342,88.1306666666667,0.922396843259482,69.6856154191249,87.4876000000001,88.4726502223594,0.995696935673274,0.82922048630052
"8866536","2017-09-08",27.8494762616382,0.732558139534884,0.777045479612648,0.788877985994947,90.7846368523469,85.8466964809865,88.3156666666667,0.978809616059004,72.8932354976371,87.6840000000001,88.7056301927115,1.0643231103072,0.876241011101855
"8866535","2017-09-11",29.7375470503761,0.869918699186992,0.777499478998003,0.783663782744469,91.269436439408,85.8638968939253,88.5666666666666,1.05251962205374,77.7821358634036,87.9184000000001,89.05687950035,1.20572492305944,0.942137793493372
"8866534","2017-09-12",28.8337891263088,0.449308755760369,0.68392853149408,0.746157830034909,91.4259172658053,86.059416067528,88.7426666666667,0.79764892884886,59.6724127150085,88.0416000000001,89.1279622336366,1.14550941989378,0.982812118773452
"8866533","2017-09-13",27.4170105657144,0.268354430379747,0.529193961775701,0.663540657422594,91.4449410355439,86.2723922977895,88.8586666666667,0.606588330296272,55.6833236296959,88.1384000000001,89.1229006024851,1.04051797359368,0.994353289737498
"8866532","2017-09-14",26.0553806912544,0.190607734806629,0.302756973648914,0.505293155639564,91.4582206099088,86.4657793900912,88.962,0.585729602243697,55.3644593498807,88.2212000000001,89.1131805221538,0.942838397520651,0.984050311294129
"8866531","2017-09-15",25.0608611834714,0.309392265193371,0.256118143459914,0.362689692961508,91.4701149075384,86.7125517591282,89.0913333333333,0.641949420799387,58.1395535205034,88.3348000000001,89.1620897858666,0.894035964844453,0.966047442004193
"8866530","2017-09-18",23.3747912552813,0.132596685082874,0.21086556169429,0.256580226267705,91.3242486122657,87.1157513877343,89.22,0.506336386896308,52.8707875657217,88.4392000000001,89.1191444810844,0.788343588100315,0.930506671223418
"8866529","2017-09-19",21.8091548933906,0.140883977900554,0.194290976058931,0.220424893737711,91.1284866972268,87.5348466361065,89.3316666666667,0.421620790653459,53.0854080262431,88.5388000000001,89.0859252169398,0.699254246459602,0.884256186270655
"8866528","2017-09-20",20.8982857928239,0,0.0911602209944744,0.165438919582564,91.014864802754,87.7594685305793,89.3871666666667,0.261268183136583,47.8451019321043,88.5992000000001,88.9678018546812,0.56146321338304,0.819697591693132
"8866527","2017-09-21",20.0524787708691,0.0740740740740743,0.0716526839915412,0.119034627014981,90.9456792673469,87.9123207326531,89.429,0.287144625575288,50.0636370888421,88.6568000000001,88.9027616073903,0.472202145802258,0.750198502514957
"8866526","2017-09-22",20.0282625344498,0,0.02469135802469,0.0625014210035672,90.9670054180027,87.8703279153306,89.4186666666667,0.0892371747130926,44.6570898238593,88.6936000000001,88.747726726405,0.330393316404698,0.666237465292905
"8866525","2017-09-25",19.8624027733848,0.00707547169811346,0.0270498485907278,0.041131296868985,91.0051447456388,87.7358552543612,89.3705,0.141971136810345,44.9168012024093,88.7540000000001,88.6173631628843,0.218116175793415,0.576613207393007
"8866524","2017-09-26",19.7083901381101,0.141509433962266,0.0495283018867916,0.0337565028340685,90.9988118813794,87.6528547852873,89.3258333333333,0.267131901488908,49.7425804896464,88.8300000000001,88.5803814078331,0.178960834647701,0.497082732843946
"8866523","2017-09-27",20.2960732833091,0,0.0495283018867916,0.0420354841214357,91.0446026253381,87.4827307079952,89.2636666666667,0.123699738666289,44.380060984764,88.8520000000001,88.450997220122,0.0804113379893279,0.413748453873022
"8866522","2017-09-28",20.5340965903713,0.0114416475972533,0.0509836938531716,0.0500134325422503,91.0771183136092,87.3815483530574,89.2293333333333,0.172761347710293,44.818857419069,88.8528000000001,88.3455309241057,0.00671015552122789,0.332340794202664
"8866521","2017-09-29",20.7551182326432,0.056737588652481,0.0227264120832433,0.0410794692744009,91.0960773168681,87.3182560164652,89.2071666666667,0.214870931943823,46.5446632471147,88.8456000000001,88.279460134225,-0.0339906641508514,0.259074502531961
"8866520","2017-10-02",21.1023074364311,0.04029304029304,0.0361574255142567,0.0366225104835559,91.1091448491135,87.2068551508865,89.158,0.22460612876719,45.4962056862354,88.7996000000001,88.2048654496617,-0.0772784169854823,0.191803918628472
"8866519","2017-10-03",21.6125246481389,0,0.0323435429818389,0.0304091268597783,91.0987962430709,87.0718704235957,89.0853333333333,0.223031070515552,44.0973162983922,88.7340000000001,88.1175500563734,-0.125743719723848,0.128294390958008
"8866518","2017-10-04",21.2646351787353,0.14695340501792,0.0624154817703184,0.04363881675547,91.0219954814641,87.0076711852026,89.0148333333333,0.344349064196131,48.2315319690844,88.7004000000001,88.0965433821903,-0.125173996648587,0.0776007134366892
"8866517","2017-10-05",20.9415949571462,0.354581673306772,0.167178359441563,0.0873124613979053,90.8999513082561,86.9950486917438,88.9475,0.439179021009204,52.6467516008043,88.7004000000001,88.1423375978983,-0.0798276093949779,0.0461150488703558
"8866516","2017-10-06",20.9229286443345,0.361702127659576,0.287745735328088,0.172446525513322,90.6288637553694,87.050469577964,88.8396666666667,0.41159908113793,50.6129373676283,88.6952000000001,88.1540259181785,-0.0624099691083457,0.0244100452746155
"8866515","2017-10-09",20.9734885637126,0.335106382978727,0.350463394648357,0.268462496472668,89.9740194378329,87.3959805621671,88.685,0.412724357214409,50.1165097736225,88.6660000000001,88.157489129088,-0.0525786967049746,0.00901229687869745
"8866514","2017-10-10",19.9233016828225,0.517241379310343,0.404683296649547,0.347630808875329,89.665747407595,87.5629192590716,88.6143333333333,0.648530127653395,54.1818413409579,88.6432000000001,88.216490578543,-0.00627848903478334,0.00595413969600129
"8866513","2017-10-11",19.4137994027842,0.549488054607507,0.467278605632191,0.407475098976697,89.7067928072852,87.5408738593814,88.6238333333333,0.950693996472675,58.9818164377784,88.6244000000001,88.3422918347372,0.0806329523163951,0.0208899022200801
"8866512","2017-10-12",19.4104198176052,0.613293051359517,0.560007495092454,0.477323132458063,89.85218150072,87.4571518326133,88.6546666666667,1.06450240178811,62.1818027581853,88.6220000000001,88.5073195901056,0.185553188192511,0.0538225594145662
"8866511","2017-10-13",20.2028893781929,0.669950738916255,0.610910614961092,0.546065571895244,90.1262722729255,87.2780610604079,88.7021666666667,1.20728602961272,66.7685561634934,88.6240000000001,88.7423436447582,0.327472656658623,0.108552578863378
"8866510","2017-10-16",20.1283932895652,0.551724137931036,0.611655976068935,0.594191362040826,90.303314688517,87.1970186448163,88.7501666666667,0.968886409894394,61.2071624026562,88.5620000000001,88.8820311587904,0.391485958122595,0.165139254715221
"8866509","2017-10-17",20.0592183501252,0.564039408866996,0.595238095238095,0.605934895422706,90.4894236424446,87.1295763575554,88.8095,0.924771290375394,61.5662806929184,88.5720000000001,89.0097603376184,0.441498161582277,0.220411036088632
"8866508","2017-10-18",20.3157186033131,0.699507389162562,0.605090311986864,0.603994794431297,90.780091949448,87.0475747172187,88.9138333333333,0.977649056229141,65.3645375902528,88.6240000000001,89.1937922926026,0.52468855066472,0.28126653900385
"8866507","2017-10-19",20.745018611729,0.763546798029558,0.675697865353038,0.625342090859331,91.0810669892021,86.9609330107979,89.021,0.962525412196623,67.0236283044378,88.6880000000001,89.3879533202556,0.606800914233507,0.346373414049781
"8866506","2017-10-20",21.9204149133721,0.774946921443737,0.746000369545284,0.675596182295061,91.4842513189772,86.8984153476895,89.1913333333333,1.01506421398164,70.2681124003296,88.7568000000001,89.6295595442215,0.712833039905569,0.419665339220939
"8866505","2017-10-23",22.8934707471375,0.73953488372093,0.759342867731407,0.727013700876575,91.7765210992721,86.9211455673945,89.3488333333333,0.912154869078235,69.4651723117289,88.8488,89.830951604992,0.78198941321943,0.492130154020637
"8866504","2017-10-24",23.2803649614986,0.66176470588235,0.725415503682338,0.743586246986342,91.9950999638007,86.9612333695326,89.4781666666667,0.828806223937546,65.9484642134784,88.9292000000001,89.9708247243264,0.803891241921595,0.554482371600829
"8866503","2017-10-25",22.2918640317473,0.470588235294115,0.62396260829913,0.702906993237624,92.0648892731105,87.1567773935562,89.6108333333333,0.696783071990823,56.6782168882391,89.0052000000001,89.9880480944162,0.742666545348802,0.592119206350423
"8866502","2017-10-26",22.7082637219762,0.738660907127428,0.623671282767963,0.657683131583143,92.3599769062135,87.2600230937865,89.81,0.930069254350671,66.4462833734713,89.1300000000001,90.2029750151607,0.818917540780184,0.637478873236376
"8866501","2017-10-27",23.4359773974218,0.599567099567101,0.602938747329546,0.616857546132212,92.5983562093643,87.4073104573024,90.0028333333333,0.882164486326356,64.0611203224965,89.2752000000001,90.3585783464726,0.848648828125143,0.679712864214129
"8866500","2017-10-30",23.9489211757839,0.519704433497536,0.619310813397354,0.61530694783162,92.7479826836419,87.6340173163581,90.191,0.823753984971954,63.0022080136144,89.4152000000001,90.4801012336096,0.853236286443471,0.714417548659997
"8866499","2017-10-31",24.4252261128344,0.524725274725274,0.547998935929969,0.590082832218955,92.8161555722707,87.9488444277292,90.3825,0.791228556775068,64.3965364359841,89.5412,90.6147544024617,0.866308614702715,0.744795761868541
"8866498","2017-11-01",24.1324622308126,0.370262390670554,0.471564032964453,0.546291260763924,92.8509111880449,88.2357554786217,90.5433333333333,0.730400315890152,59.6636149982679,89.6792,90.6741204821334,0.828713024073102,0.761579214309453
"8866497","2017-11-02",24.3056975676255,0.510204081632654,0.468397249009492,0.495986739301304,92.9487290416414,88.4739376250252,90.7113333333333,0.803626815234689,62.9381618349595,89.8344,90.7895710845157,0.831923447357408,0.775648060919044
"8866496","2017-11-03",25.0670927550378,0.546835443037973,0.475767305113726,0.471909529029223,93.05823276073,88.7717672392699,90.915,0.892320119746083,65.8032643256729,90.0004,90.9509616065802,0.865144364517989,0.793547321638833
"8866495","2017-11-06",25.94944497789,0.615384615384616,0.557474713351746,0.500546422491654,93.1548016958127,89.1291983041872,91.142,0.96154571606961,68.6410019659759,90.1916000000001,91.1575000590362,0.924796465854438,0.819797150481954
"8866494","2017-11-07",27.5534667643185,0.616000000000003,0.592740019474196,0.541994012646555,93.4517865179101,89.3215468154231,91.3866666666666,1.08915063255727,72.0392843482449,90.4168,91.4271667178314,1.01990948459676,0.859819617304915
"8866493","2017-11-08",29.1355336580687,0.794174757281553,0.675186457555389,0.608467063460443,93.9522008384732,89.3154658281933,91.6338333333333,1.12748895366018,76.169944656475,90.666,91.7955444887872,1.16991025841078,0.921837745526088
"8866492","2017-11-09",30.7596608214259,0.833333333333332,0.747836030204961,0.671920835744848,94.4745384135148,89.2824615864852,91.8785,1.0819443934786,77.6155970512454,90.9124,92.1694718902823,1.30844894461162,0.999159985343194
"8866491","2017-11-10",32.0117647425467,0.798903107861061,0.808803732825314,0.743942073528554,94.9217257772534,89.2472742227466,92.0845,0.985010161815701,76.0404266128191,91.162,92.476208971578,1.38974976763206,1.07727794180097
"8866490","2017-11-13",33.5447687997541,0.824503311258278,0.818913250817556,0.791851004615943,95.3977761571752,89.2938905094914,92.3458333333333,1.00582533458366,78.2690115793943,91.438,92.8233811087009,1.48915229536561,1.1596528125139
"8866489","2017-11-14",35.8478248793244,0.714899713467048,0.779435377528794,0.802384120390554,96.107715144122,89.2316181892112,92.6696666666666,1.08807586530303,81.2548459447211,91.736,93.2535969608741,1.63191561868741,1.2541053737486
"8866488","2017-11-15",38.1214446420397,0.792401628222524,0.777268217649282,0.791872281998543,96.8892868746506,89.121379792016,93.0053333333333,1.06703390241543,83.4064283387577,92.0456000000001,93.7397840327576,1.79588566482336,1.36246143196355
"8866487","2017-11-16",39.6915971061104,0.75033921302578,0.752546851571782,0.769750148916618,97.4146936965269,89.193306303473,93.304,0.937395761576473,79.8085550250468,92.3260000000001,94.1198128283899,1.87579752947047,1.46512865146494
"8866486","2017-11-17",40.5865002606068,0.705563093622795,0.749434644957032,0.759749904726031,97.8350980868178,89.2839019131822,93.5595,0.862970661683902,76.047842223827,92.5656000000001,94.4051711179379,1.88798629341136,1.54970017985422
"8866485","2017-11-20",41.5185904608255,0.769335142469471,0.74174581637268,0.747909104300497,98.2489263330957,89.4390736669042,93.844,0.862775646891913,77.6623037612278,92.8432000000001,94.7151483022129,1.91477328074519,1.62271480003241
"8866484","2017-11-21",42.5529825200259,0.837445573294629,0.77078126979563,0.753987243708446,98.6636076866026,89.6643923133973,94.164,0.874403011107548,79.4987500027765,93.1420000000001,95.0611285285845,1.96164722990384,1.6905012860067
"8866483","2017-11-22",41.7304953985215,0.653188180404354,0.753322965389483,0.755283350519264,98.7851880199353,90.1578119800647,94.4715,0.761396588747804,67.980106253913,93.3744000000001,95.2129780581066,1.88223396485141,1.72884782177564
"8866482","2017-11-24",40.9667573571245,0.637436762225969,0.709356838641649,0.74448702460892,98.934821827206,90.4538448394606,94.6943333333333,0.708191422900687,68.3361930475526,93.5996000000001,95.355247650359,1.80497748348385,1.74407375411728
"8866481","2017-11-27",40.630547946357,0.573333333333332,0.621319425321217,0.694666409784115,99.0468330369412,90.7995002963921,94.9231666666666,0.698872377078058,67.4277207968821,93.7992000000001,95.4665479636445,1.71612897405653,1.73848479810513
"8866480","2017-11-28",40.762760868233,0.549528301886791,0.586766132482029,0.639147465481631,99.1442577085142,91.2174089581524,95.1808333333333,0.729494307758007,69.0523159513274,94.0144000000001,95.6070082351586,1.6542983458282,1.72164750764975
"8866479","2017-11-29",41.2599337493816,0.622871046228711,0.581910893816276,0.596665483873173,99.23803638148,91.6982969518533,95.4681666666666,0.775672656780787,71.4244161853422,94.2604000000001,95.7967404704708,1.62919159203372,1.70315632452654
"8866478","2017-11-30",41.9903691966843,0.745652173913046,0.639350507342848,0.60267584454705,99.3202248104037,92.2844418562629,95.8023333333333,0.853573537285234,74.9515326450581,94.5724000000001,96.077175074408,1.66275077589315,1.69507521479986
"8866477","2017-12-01",43.1296380015529,0.483870967741936,0.617464729294563,0.612908710151228,99.3525351832777,92.8784648167223,96.1155,0.842571706478592,70.431844491194,94.8076000000001,96.2642183978203,1.63463126532533,1.68298642490496
"8866476","2017-12-04",44.1875304632166,0.408521303258147,0.546014814971041,0.60094335053615,99.3089154464632,93.4754178868701,96.3921666666667,0.797905898747747,71.3187778601307,95.0600000000001,96.4529892781109,1.6101228912311,1.66841371817018
"8866475","2017-12-05",42.7353768404208,0,0.297464090333359,0.486981211532987,99.0426218273752,94.1083781726248,96.5755,0.518476320393889,55.7427716757571,95.2472000000001,96.3859240410294,1.42935206325971,1.62060138718809
"8866474","2017-12-06",41.3869484763961,0.073349633251833,0.160623645503325,0.334700850269241,98.8323140167909,94.5930193165424,96.7126666666666,0.464774014572622,57.4771138583626,95.4376000000001,96.3678008355589,1.29630757072612,1.5557426238957
"8866473","2017-12-07",39.7786239417125,0.0024449877750589,0.0252648736756291,0.161117536504104,98.6863527459019,94.9273139207647,96.8068333333333,0.398865990921818,55.224215708675,95.6336000000001,96.3134273908177,1.15331983134643,1.47525806538584
"8866472","2017-12-08",38.4859285169839,0.158924205378971,0.0782396088019527,0.088042709326968,98.5720042998308,95.2449957001692,96.9085,0.507464162652257,59.0399147843349,95.8360000000001,96.351637072042,1.0811748883683,1.39644142998233
"8866471","2017-12-11",36.4879776726098,0,0.0537897310513418,0.0524314045096403,98.3785461891402,95.5934538108598,96.986,0.284806659194774,54.0061576193714,95.9940000000001,96.2980854624364,0.958490662454414,1.30885127647675
"8866470","2017-12-12",34.1360782342236,0,0.0529747351263221,0.0616680249932046,98.3521893175188,95.6358106824812,96.994,-0.0156374919902343,47.5569927061782,96.0936000000001,96.1236740674449,0.771855165015456,1.20145205418449
"8866469","2017-12-13",32.106128596485,0,-1.5080529417825e-15,0.0355881553925532,98.4863267024188,95.3486732975812,96.9175,-0.0526954200846228,46.5590676866366,96.1596000000001,95.9511841917856,0.603464057148884,1.08185445477737
"8866468","2017-12-14",31.0320788415074,0,-1.5080529417825e-15,0.0176582450421054,98.6537010962543,94.8842989037457,96.769,-0.117869858681751,41.2565456441531,96.1488000000001,95.6803596328808,0.388711334173397,0.943225830656575
"8866467","2017-12-15",29.1694460822759,0.102941176470587,0.0343137254901943,0.0114379084967295,98.6941040380924,94.6668959619075,96.6805,0.11499381937354,45.8541073388997,96.1468000000001,95.5296450151634,0.268390449745493,0.808258754474359
"8866466","2017-12-18",27.6568559174422,0.0637254901960785,0.0555555555555538,0.0299564270152479,98.7486841090559,94.4376492242774,96.5931666666666,0.111114257989566,44.4275926709674,96.1404000000001,95.3670256798083,0.150892441622053,0.676785491903898
"8866465","2017-12-19",27.5948561565605,0,0.0555555555555538,0.0484749455337663,98.9789218063109,93.835078193689,96.407,-0.100782909836196,35.5456014746863,96.0380000000001,94.9874222558338,-0.0932893265076284,0.522770528221593
"8866464","2017-12-20",28.3282607363439,0,0.021241830065358,0.0441176470588209,99.3505139074595,92.8791527592071,96.1148333333333,-0.18375620398318,30.2669201682492,95.8388000000001,94.4650992883893,-0.406824286883556,0.336851565200563
"8866463","2017-12-21",29.4735823759397,0,-1.51267887105178e-15,0.0255991285403025,99.862325687345,91.7353409793217,95.7988333333333,-0.163489210376302,27.1523570804475,95.5640000000001,93.8737527166041,-0.737925574647758,0.121896137230899
"8866462","2017-12-22",30.5370953269929,0.0470879801734815,0.015695993391159,0.0123126078188375,100.134768616122,90.880898050545,95.5078333333333,-0.0260321396153024,29.9872770949874,95.3168000000001,93.4119190210569,-0.958576189394156,-0.0941983280941121
"8866461","2017-12-26",31.7846106967776,0,0.015695993391159,0.0104639955941045,100.323040024854,90.0606266418122,95.1918333333333,0.0178034819590332,28.1261021689049,95.0588000000001,92.9316631515826,-1.17354862665966,-0.310068387807222
"8866460","2017-12-27",32.9430178258633,0.00513478818998615,0.0174075894544877,0.0162665254122676,100.343022332994,89.3639776670056,94.8535,0.0791831796641526,28.4449502975016,94.7836000000001,92.5207747313716,-1.32674891247286,-0.51340449274035
"8866459","2017-12-28",33.1590635897825,0.107830551989731,0.0376551133932375,0.0235862320796271,100.114147528401,88.9381858049322,94.5261666666667,0.184486511862162,34.6856851183551,94.5172000000001,92.2713381005221,-1.36354619324139,-0.683432832840559
"8866458","2017-12-29",32.5469793288189,0.191946308724831,0.101637216301515,0.052233306383079,99.6358722258262,88.7511277741738,94.1935,0.265099369609437,38.9168830300025,94.3188000000001,92.1338263537858,-1.32614933486058,-0.811976133244564
"8866457","2018-01-02",32.9038373739506,0,0.0999256202381859,0.0797393166443117,99.1481731621874,88.4228268378127,93.7855,0.16321211852548,32.4671580975523,94.0500000000001,91.7906495066144,-1.42802470389619,-0.935185847374889
"8866456","2018-01-03",33.5797018497272,0,0.0639821029082755,0.088514979815991,98.6607330044018,88.0236003289316,93.3421666666667,0.116547667705664,30.0415818300353,93.7544000000001,91.3918962390658,-1.55896566323009,-1.05994181054593
"8866455","2018-01-04",34.4688306133009,0,-1.51730480032105e-15,0.0546359077154857,98.3889870930697,87.507679573597,92.9483333333333,0.117846170977912,28.1912573859028,93.4208000000001,90.9636434071904,-1.69955190102035,-1.18786382864081
"8866454","2018-01-05",35.6602566007253,0,-1.51730480032105e-15,0.0213273676360899,98.1351675721151,86.8761657612183,92.5056666666667,0.0740593396099054,25.5903879089554,93.0288000000001,90.4658242862317,-1.87575274601731,-1.32544161211611
"8866453","2018-01-08",36.7665807319051,0.0191011235955058,0.00636704119850042,0.00212234706616486,97.7706759410727,86.3653240589274,92.068,0.114683815801739,26.8902268602121,92.6088000000001,90.0570477147341,-1.97939729075294,-1.45623274784348
"8866452","2018-01-09",38.4608459162097,0,0.00636704119850042,0.00424469413233218,97.3021012951009,85.7748987048991,91.5385,0.0493124523479286,21.9377866186573,92.1240000000001,89.4307746861029,-2.22166258888908,-1.6093187160526
"8866451","2018-01-10",40.5372419376995,0,0.00636704119850042,0.00636704119849949,97.1458323534127,84.6731676465873,90.9095,-0.0694720013956953,18.1448821425834,91.5452000000001,88.6013380612892,-2.58324571611128,-1.80410411606434
"8866450","2018-01-11",42.5394990094707,0,-1.51730480032105e-15,0.00424469413233218,96.9643032696053,83.6296967303947,90.297,-0.0214752041028998,17.5815252735353,91.0208000000001,87.8331596531173,-2.8765190055173,-2.01858709395493
"8866449","2018-01-12",44.5470752499156,0,-1.51730480032105e-15,0.00212234706616486,96.7408902628255,82.5907764038411,89.6658333333333,-0.0021749933709254,16.4516379469886,90.4540000000001,87.0660716993683,-3.14852032961357,-2.24457374108666
"8866448","2018-01-16",45.3108057856,0.0521739130434788,0.0173913043478248,0.00579710144927297,96.3479256704208,81.8670743295792,89.1075,0.0971116249075753,20.3675550456495,89.9204000000001,86.4732621394525,-3.28114135013364,-2.45188726289605
"8866447","2018-01-17",45.8992633868035,0.127536231884059,0.0599033816425109,0.0257648953301105,95.5752254233829,81.5101079099504,88.5426666666666,0.165176396227349,25.7789376532217,89.3924000000001,86.0634938541922,-3.2786555618741,-2.61724092269166
"8866446","2018-01-18",46.5553971914209,0.0937198067632848,0.0911433172302726,0.0561460010735352,94.6851936110846,81.262473055582,87.9738333333333,0.169676999159779,24.959324089863,88.8764000000001,85.6616946736333,-3.27397412351973,-2.74858756285728
"8866445","2018-01-19",47.1646642957086,0.131400966183575,0.117552334943638,0.0895330112721395,93.9732142233458,81.0207857766542,87.497,0.21302678757902,27.7171119958156,88.4144000000001,85.3654687171488,-3.19838060842623,-2.83854617197107
"8866444","2018-01-22",47.8456340822212,0.109442060085836,0.11152094434423,0.106738865506046,93.4820016691005,80.7006649975661,87.0913333333333,0.225015719639541,26.792671137047,87.9452000000001,85.063406221529,-3.13584931516294,-2.89800680060944
"8866443","2018-01-23",47.2836976309285,0.204685573366214,0.148509533211874,0.125860937499913,93.0954293156896,80.4819040176437,86.7886666666666,0.306926828480648,31.428831465532,87.5380000000001,84.8869520586585,-2.99207782079992,-2.91682100464754
"8866442","2018-01-24",46.7618994975853,0.330390920554855,0.2148395180023,0.158289998519467,92.6001407407362,80.4105259259304,86.5053333333333,0.374319244432633,37.7926997407966,87.1440000000001,84.862025117504,-2.75543570401922,-2.88454394452187
"8866441","2018-01-25",45.1023137459491,0.441578148710166,0.325551547543744,0.229633532919305,92.1283481278975,80.4123185387691,86.2703333333333,0.437948261868973,39.6158156619947,86.7712000000001,84.8790884351701,-2.51135231557978,-2.80990561873346
"8866440","2018-01-26",43.4732145508383,0.463884430176565,0.411951166480527,0.317447410675523,91.609617211735,80.4637161215983,86.0366666666666,0.457233904839831,39.5297729815388,86.4692000000001,84.8912099771475,-2.29331969293717,-2.7065884335742
"8866439","2018-01-29",42.2494918774902,0.390048154093099,0.431836910993275,0.389779875005848,90.8327829082474,80.6328837584192,85.7328333333333,0.42063647021318,37.5117541176796,86.2068000000001,84.8403819801945,-2.13958255108638,-2.59318725707664
"8866438","2018-01-30",41.069386866193,0.598712446351933,0.484215010207198,0.442667695893666,89.7322151227329,81.0874515439337,85.4098333333333,0.473027988036775,40.0894607131504,86.0004000000001,84.8443310495019,-1.96096982596697,-2.4667437708547
"8866437","2018-01-31",39.4022855254828,0.508583690987126,0.499114763810718,0.471722228337063,88.8839367173751,81.4253966159581,85.1546666666666,0.488648359395356,38.1140745768014,85.7620000000001,84.791753576235,-1.8381801510855,-2.34103104690086
"8866436","2018-02-01",37.5757541023672,0.508583690987126,0.53862660944206,0.507318794486658,88.1684295488019,81.7302371178647,84.9493333333333,0.532203655848665,38.1140745768014,85.5476000000001,84.746186432737,-1.72112316944815,-2.21704947141032
"8866435","2018-02-02",36.7496775299353,0.152912621359223,0.390026667777823,0.475922680343533,87.4283694766943,81.9562971899723,84.6923333333333,0.309517623540443,32.7644215532644,85.2836000000001,84.546694908372,-1.72301585397693,-2.11824274792364
"8866434","2018-02-05",36.6451837731233,0,0.220498770782115,0.383050682667332,86.9203588475355,81.9786411524645,84.4495,0.177001648989646,28.6818872678177,84.9424,84.2231355872558,-1.81240765283814,-2.05707572890654
"8866433","2018-02-06",37.6211052701233,0,0.0509708737864061,0.220498770782114,86.6645106001508,81.5178227331824,84.0911666666666,-0.19646733834499,22.0555681608626,84.4764000000001,83.6053841756217,-2.1041294331963,-2.06648646976449
"8866432","2018-02-07",37.8050310906084,0.258741258741258,0.0862470862470846,0.119238910271868,86.3843704284775,81.3619629048557,83.8731666666666,0.123719635564248,34.0531698108949,84.1516000000001,83.3166662855388,-2.13486417973311,-2.08016201175822
"8866431","2018-02-08",37.7713699098672,0.253146853146854,0.170629370629369,0.102615776887619,86.4214926482877,81.1468406850456,83.7841666666666,0.166802660678354,33.9315551164343,83.8556000000001,83.0611107808003,-2.13952595197899,-2.09203479980237
"8866430","2018-02-09",36.9384606116934,0.344055944055944,0.285314685314684,0.180730380730378,86.4243142905506,81.0840190427826,83.7541666666666,0.310715833781701,37.8178208669572,83.6104000000001,82.9262960100269,-2.05705393660195,-2.08503862716229
"8866429","2018-02-12",36.1759514013263,0.341258741258741,0.312820512820511,0.256254856254854,86.4220704798151,81.0922628535181,83.7571666666666,0.286640204225027,37.7442525936474,83.4024000000001,82.8067898753566,-1.97125680830739,-2.06228226339131
"8866428","2018-02-13",35.3686567377103,0.339860139860139,0.34172494172494,0.313286713286711,86.4272419165234,81.0244247501432,83.7258333333333,0.300258525611066,37.7047573406226,83.1872000000001,82.7018845586424,-1.88281337229897,-2.02638848517284
"8866427","2018-02-14",34.6190259786383,0.379020979020979,0.353379953379952,0.335975135975133,86.405830286409,80.9358363802576,83.6708333333333,0.328610412354265,39.6102191076911,83.0648000000001,82.6482999508234,-1.76524108149172,-1.97415900443662
"8866426","2018-02-15",32.7726890006225,0.498567335243552,0.405816151374889,0.366973682159926,86.4099065169612,80.9410934830388,83.6755,0.492289612681017,44.6263184948893,83.0592000000001,82.704526624047,-1.5787499541195,-1.89507719437319
"8866425","2018-02-16",30.4611032320046,0.621776504297996,0.499788272854174,0.419661459203004,86.4654354845789,80.9538978487543,83.7096666666666,0.636743449190644,49.6560244500563,83.1028000000001,82.8679230741741,-1.331737755034,-1.78240930650535
"8866424","2018-02-20",28.8178384393869,0.51862464183381,0.546322827125118,0.483975750451393,86.4774853575287,80.9665146424712,83.722,0.518387565199083,45.8972633980989,83.1480000000001,82.9135333309509,-1.19226167568153,-1.66437978034059
"8866423","2018-02-21",27.8062318502021,0.415472779369627,0.51862464183381,0.521578580604366,86.413157846572,80.9175088200946,83.6653333333333,0.41896619831657,42.4377883853924,83.1428000000001,82.8570622201574,-1.1386360299696,-1.55923103026639
"8866422","2018-02-22",27.0459052328426,0.444444444444445,0.459513955215959,0.508153808058295,86.2605330341732,80.85280029916,83.5566666666666,0.360076911388854,41.2292664183756,83.0960000000001,82.7734539241364,-1.10877927962326,-1.46914068013777
"8866421","2018-02-23",25.4001027447541,0.520202020202021,0.460039748005363,0.479392781685043,85.9974146683791,80.9062519982876,83.4518333333333,0.498985169596526,44.1915434221561,83.0812000000001,82.7609934009182,-1.02949790192796,-1.3812121244958
"8866420","2018-02-26",23.6457135587946,0.648148148148147,0.53759820426487,0.485717302495396,85.7504647116069,81.001535288393,83.376,0.640522899765845,48.8781339993798,83.0812000000001,82.8515276141291,-0.882456106191398,-1.28146092083492
"8866419","2018-02-27",22.7903505127972,0.249394673123487,0.47258161382455,0.49007318869826,85.5548240127759,81.0218426538908,83.2883333333333,0.473895031996687,43.6339922942052,83.0544000000001,82.7953239322453,-0.854393455575353,-1.19604742778301
"8866418","2018-02-28",22.8697642298457,0,0.299180940423877,0.436453586171098,85.3045128458622,80.927820487471,83.1161666666666,0.184046028347852,37.6846769011985,82.9468000000001,82.5626140746126,-0.955925769154309,-1.14802309605727
"8866417","2018-03-01",23.0472179973702,0,0.0831315577078277,0.284964703985417,85.0415787388924,80.8320879277742,82.9368333333333,0.154708831728305,36.9764932991858,82.7936000000001,82.3369321979976,-1.04262343041888,-1.12694316292959
"8866416","2018-03-02",23.4559388023307,0,-1.38777878078145e-15,0.127437499377233,84.7133881451062,80.7629451882271,82.7381666666666,0.106415444975402,35.3091325001967,82.6120000000001,82.0853412382646,-1.14006875084951,-1.12956828051357
"8866415","2018-03-05",23.4727034592127,0.179133858267716,0.0597112860892373,0.0476142812656869,84.6113821622893,80.6906178377106,82.651,0.31015606353404,41.4676555288762,82.4676000000001,81.9886290731626,-1.11547404440909,-1.12674943329268
"8866414","2018-03-06",23.6673930348299,0.124015748031495,0.101049868766402,0.0535870516185451,84.594086982699,80.5922463506343,82.5931666666666,0.275978085479775,40.199547982946,82.3304000000001,81.8674785300743,-1.11093622911017,-1.12358679245618
"8866413","2018-03-07",23.9009460107193,0.108267716535433,0.137139107611546,0.0993000874890611,84.4938732982815,80.7711267017184,82.6325,0.14027455752616,39.824819196641,82.1756000000001,81.7518147260644,-1.10274565452694,-1.11941856487033
"8866412","2018-03-08",23.9972604234464,0.110236220472441,0.114173228346455,0.117454068241467,84.5271141348889,80.672885865111,82.6,0.171356604226345,39.9002351726077,82.0380000000001,81.6529060959225,-1.08298379849886,-1.11213161159603
"8866411","2018-03-09",24.5857168336318,0,0.0728346456692899,0.108048993875763,84.598526151705,80.4868071816283,82.5426666666666,0.095627357130488,36.3662727793572,81.8716000000001,81.4711852831328,-1.12581063454923,-1.11486741618667
"8866410","2018-03-12",23.6890606701184,0.252016129032258,0.120750783168232,0.102586219061325,84.5734427879914,80.4518905453419,82.5126666666667,0.410389748427425,45.406683226229,81.8032000000001,81.4803605787151,-1.02437465574121,-1.09676886409758
"8866409","2018-03-13",22.3587197005693,0.433467741935483,0.228494623655912,0.140693350831144,84.5954113187519,80.4595886812481,82.5275,0.594096556060626,50.8238532036295,81.8160000000001,81.6083125015531,-0.84515558355519,-1.0464462079891
"8866408","2018-03-14",20.802462963695,0.534274193548386,0.406586021505374,0.251943809443172,84.6671137510188,80.4628862489812,82.565,0.697816760930186,53.5796882187013,81.9500000000001,81.7858708346793,-0.646357561997357,-0.966428478790754
"8866407","2018-03-15",19.385228714795,0.54233870967742,0.503360215053761,0.379480286738348,84.7352085508342,80.4647914491658,82.6,0.695140969486977,53.8027317759889,82.0116000000001,81.9450880567221,-0.479481659281289,-0.869039114888861
"8866406","2018-03-16",19.5500729681676,0.620573355817875,0.565728753014559,0.49189166319123,84.9418279356342,80.3668387310325,82.6543333333333,0.951512905120944,59.0474532692831,82.1144000000001,82.2150763158258,-0.247312867295291,-0.744693865370147
"8866405","2018-03-19",19.8405312133857,0.781758957654723,0.648223674383338,0.572437547483885,85.2036329858375,80.2123670141625,82.708,1.06672328878468,64.0235816071397,82.2360000000001,82.5983994737157,0.0450968136866958,-0.586735729558779
"8866404","2018-03-20",20.3594683381883,0.730061349693251,0.710797887721948,0.64158343837328,85.5666851316019,80.0306482017315,82.7986666666667,1.01264108891457,63.7257626410018,82.3568000000001,82.925279543887,0.268784466351968,-0.415631690376629
"8866403","2018-03-21",20.8413385255051,0.774539877300614,0.762120061549527,0.707047207884937,85.979419649435,79.872580350565,82.926,0.965161522621419,64.9970386868086,82.4896000000001,83.2472422713687,0.467930152035079,-0.238919321894288
"8866402","2018-03-22",22.1032164684453,0.718015665796345,0.740872297596735,0.737930082289402,86.5395557981975,79.6834442018025,83.1115,0.995689131108507,66.9335849869555,82.6292000000001,83.5862766351862,0.660701075488612,-0.0589952424177077
"8866401","2018-03-23",21.6602274794701,0.516971279373368,0.669842274156774,0.724278211101011,86.734473996262,79.657526003738,83.196,0.774223672226612,55.5973231294608,82.6764000000001,83.674773083828,0.656893061192321,0.084182418304298
"8866400","2018-03-26",21.2488805611359,0.543080939947781,0.592689295039163,0.66780128893089,86.8500492695678,79.6362840637655,83.2431666666667,0.741690705236376,56.6247749867038,82.6972000000001,83.778136672651,0.66536854626813,0.200419643897064
"8866399","2018-03-27",21.8746722309011,0.605744125326371,0.555265448215838,0.605932339137257,87.1587514094876,79.595915257179,83.3773333333333,0.827390406209473,59.0725044935811,82.7660000000001,83.9317184496308,0.709898387379893,0.30231539259363
"8866398","2018-03-28",22.61053361427,0.835064935064935,0.661296666779694,0.603083803344898,87.6854620516118,79.6102046150549,83.6478333333333,0.932865456917298,66.6342073303574,82.9352000000001,84.3034893230134,0.905833520387289,0.423019018152362
"8866397","2018-03-29",23.6113070004427,0.876770538243627,0.77252653287831,0.66302954929128,88.3061008145879,79.6432325187455,83.9746666666667,0.966973893078212,70.0020307909835,83.1552000000001,84.7603574132783,1.14278694668939,0.566972603859767
"8866396","2018-04-02",22.5750632841837,0.4913112164297,0.734382229912753,0.722735143190251,88.5257044608962,79.9676288724372,84.2466666666667,0.777710408385703,56.6991866379652,83.2700000000001,84.8656430915078,1.10947951446241,0.675473985980296
"8866395","2018-04-03",21.6128369762289,0.466552315608919,0.611544690094081,0.706151150961714,88.687179743185,80.2411535901484,84.4641666666667,0.712229984553806,57.1417638335362,83.3588000000001,84.9715573459735,1.08092302958147,0.756563794700531
"8866394","2018-04-04",20.7193411188423,0.521588946459413,0.493150826166009,0.613025915390947,88.8026958457543,80.5966374875791,84.6996666666667,0.708017043688144,58.5519234548684,83.5016000000001,85.108683033177,1.07792771089987,0.820836577940399
"8866393","2018-04-05",20.2837583037219,0.389583333333335,0.459241531800554,0.521312349353547,88.8172075896794,81.1014590769873,84.9593333333333,0.697950118620497,57.5915970893879,83.6932000000001,85.2061919620867,1.04812999558215,0.866295261468749
"8866392","2018-04-06",20.0656201596822,0.599557522123893,0.503576600638879,0.485322986201813,88.8661199559595,81.6515467107072,85.2588333333333,0.786156911825457,62.2580295044964,83.9368000000001,85.4400330338085,1.11724109097098,0.916484427369195
"8866391","2018-04-09",19.7225956600345,0.568584070796459,0.519241642084561,0.49401992484133,88.6570642546766,82.4892690786568,85.5731666666667,0.758358125476583,61.3492943460211,84.1916000000001,85.6240286293007,1.14509140060393,0.962205822016141
"8866390","2018-04-10",18.5559452017909,0.371681415929205,0.513274336283184,0.512030859668874,88.4477312339709,83.1186020993624,85.7831666666667,0.605114110113946,55.7757199876439,84.3744000000001,85.6648248120606,1.07078904890503,0.983922467393919
"8866389","2018-04-11",17.2374719633825,0.309734513274338,0.416666666666666,0.483060881678136,88.2563545950412,83.6209787382921,85.9386666666666,0.518984436800716,54.1101768358769,84.5572000000001,85.6628481704525,0.974301857938209,0.981998345502777
"8866388","2018-04-12",16.7067591969405,0.126106194690264,0.269174041297934,0.399705014749261,88.0634282088128,84.0112384578538,86.0373333333333,0.335315379005789,49.4009387260179,84.7100000000001,85.5504684143922,0.81032476494336,0.947663629390894
"8866387","2018-04-13",16.2139544852443,0.162037037037038,0.199292581667212,0.29504442987727,87.8061810946388,84.4658189053612,86.136,0.281660403271706,51.2187353104935,84.8756000000001,85.4970726258066,0.703385999291117,0.898808103370938
"8866386","2018-04-16",15.9234349759127,0.260759493670886,0.182967575132728,0.217144732699291,87.7676660907126,84.681000575954,86.2243333333333,0.584989232580931,54.9184674185496,85.0980000000001,85.5441296090324,0.676889296006644,0.854424341898079
"8866385","2018-04-17",16.4263439352986,0.603864734299517,0.342220421669146,0.241493526156361,88.0059044028876,84.675762263779,86.3408333333333,0.958188650692788,61.5188517386884,85.3292000000001,85.7809123278281,0.785171940141205,0.840573861546705
"8866384","2018-04-18",17.3759343924148,0.786427145708584,0.550350457892994,0.358512818231622,88.5380084781655,84.4916581885011,86.5148333333333,1.1430074380805,66.6672438688648,85.5820000000001,86.178124017451,0.993857147955457,0.871230518828455
"8866383","2018-04-19",17.8536266879186,0.702594810379243,0.69762889679578,0.530066592119306,88.859915629381,84.4614177039523,86.6606666666666,0.959853954908841,63.9786206231699,85.7980000000001,86.4663741484575,1.10597520003037,0.918179455068839
"8866382","2018-04-20",18.3393236085709,0.790419161676647,0.75981370592149,0.669264353536754,89.206870818705,84.3634625146282,86.7851666666666,0.957288172766497,65.5462452434537,86.0300000000001,86.7748575953299,1.22084083105238,0.978711730265548
"8866381","2018-04-23",19.4054467043344,0.773684210526317,0.755566060860735,0.737669554526001,89.6131535508819,84.4095131157847,87.0113333333333,1.00900262992849,67.1221489623484,86.2404000000001,87.1022099159526,1.33719506820547,1.05040839785353
"8866380","2018-04-24",21.1614324469124,0.745257452574525,0.769786941592495,0.761722236124906,90.2575136383878,84.3611530282788,87.3093333333333,1.11687769352121,70.6267875348167,86.4496000000001,87.5312485938256,1.51135802858779,1.14259832400038
"8866379","2018-04-25",22.7919906364492,0.787262872628726,0.768734845243188,0.764695949232138,90.8795632241609,84.2681034425057,87.5738333333333,1.03989589559393,71.5554517960604,86.6728000000001,87.9444154479822,1.65701203205277,1.24548106561086
"8866378","2018-04-26",24.7864432248939,0.771561771561771,0.768027365588339,0.768849717474673,91.6594233675966,83.98324329907,87.8213333333333,1.05652680915028,73.87926240733,86.9168000000001,88.4104933882512,1.82365433439795,1.36111571936828
"8866377","2018-04-27",26.8988885056952,0.813704496788009,0.790843046992834,0.775868419274786,92.5244050785021,83.6162615881645,88.0703333333333,1.05338878095237,76.3922065086763,87.1820000000001,88.9450942698177,2.01921694613723,1.49273596472207
"8866376","2018-04-30",28.8604448378679,0.874732334047109,0.819999534132295,0.792956648904488,93.3623687608043,83.4516312391956,88.407,0.999424654913399,77.7339632230147,87.5316000000001,89.484415033842,2.19760383109582,1.63370953799682
"8866375","2018-05-01",30.0372734399583,0.815845824411135,0.834760885082083,0.815201155402403,93.9084252817335,83.5462413849331,88.7273333333333,0.879842708757112,73.3990412567165,87.8512000000001,89.8784930293298,2.26110531322352,1.75918869304216
"8866374","2018-05-02",31.2638578020803,0.779134295227525,0.823237484561922,0.825999301258766,94.3620803962136,83.710586270453,89.0363333333333,0.833317869907746,71.2970646349109,88.1408000000001,90.1840272920858,2.25979020852429,1.85930899613859
"8866373","2018-05-03",33.2915308481235,0.589566929133859,0.728182349590838,0.79539357307828,94.8622215572784,83.8847784427215,89.3735,0.851311317194258,68.7072141463684,88.3456000000002,90.404823653141,2.20300571138261,1.92804833918739
"8866372","2018-05-04",35.1743701051635,0.761795166858457,0.710165463739946,0.753861765964234,95.5213572505757,83.9223094160909,89.7218333333333,0.893839798908768,74.9445058309041,88.5940000000002,90.8761804993889,2.31699620634074,2.00583791261806
"8866371","2018-05-07",35.7948807722412,0.594524119947849,0.64862873864672,0.695658850659167,95.9162984235431,84.1487015764568,90.0325,0.784467597207742,67.7431249632253,88.8880000000002,91.1460230994704,2.28716054312776,2.06210243872
"8866370","2018-05-08",34.5309171654468,0.316818774445892,0.557712687084065,0.638835629823576,95.9526555503119,84.6280111163548,90.2903333333333,0.606817187393495,55.8965697074819,89.0924000000002,91.0958866862077,2.05111633858137,2.05990521869228
"8866369","2018-05-09",32.8612236700474,0.179806362378976,0.363716418924238,0.523352614885007,95.8286400998855,85.2013599001145,90.515,0.500470487265418,52.682555014245,89.2556000000002,90.9604351280466,1.78250929360741,2.0044260336753
"8866368","2018-05-10",31.6938579979886,0.25221238938053,0.249612508735131,0.390347204914477,95.5791220246412,86.0465446420255,90.8128333333333,0.553902875655688,56.0727940877376,89.4596000000002,90.9577104443071,1.6272167888969,1.92898418471962
"8866367","2018-05-11",30.6098755882197,0.177065767284991,0.203028173014831,0.272119033558066,95.1856670895746,87.040999577092,91.1133333333333,0.537243181857142,56.8090713921812,89.6264000000002,90.9806823850661,1.50367395339397,1.84392213845449
"8866366","2018-05-14",28.8397755479112,0.00674536256323882,0.145341173076252,0.199327284942071,94.8103816896599,87.83261831034,91.3215,0.403765724990028,51.8352990979683,89.7584000000002,90.865924733724,1.30118298437021,1.73537430763764
"8866365","2018-05-15",27.1218681487113,0,0.0612703766160752,0.136546574235719,94.6277211411156,88.1842788588844,91.406,0.212989850404474,46.8494319848911,89.8804000000002,90.6144681025608,1.02748343879762,1.59379613386963
"8866364","2018-05-16",25.9892199687481,0,0.00224845418774486,0.0696200012933565,94.6736366202589,88.0940300464077,91.3838333333333,0.0880452775440895,43.7859164193523,89.9828000000002,90.2938723555527,0.733131568649292,1.42166322082556
"8866363","2018-05-17",25.0961886080439,0,-1.41524523581775e-15,0.0211729436012721,94.7096566886035,88.0283433113965,91.369,0.0536306763416554,42.730766507023,90.1076000000001,89.9800227081457,0.469764086143032,1.23128339388906
"8866362","2018-05-18",24.616323983712,0,-1.41524523581775e-15,0.000749484729246574,94.8609698748235,87.7526967918432,91.3068333333333,0.000558486537752235,40.4008396667908,90.1952000000002,89.6280196803929,0.20415765006665,1.02585824512458
"8866361","2018-05-21",23.8408990701894,0.0369088811995378,0.0123029603998445,0.00410098679994647,94.9863561035506,87.4716438964494,91.229,0.0840603631216931,42.2106490243701,90.2676000000001,89.3656170563405,0.0216709999300235,0.825020796085666
"8866360","2018-05-22",22.7854193056764,0.141868512110725,0.059592464436753,0.0239651416121979,95.0217923096143,87.2262076903856,91.124,0.20786882003487,47.1276200110415,90.3176000000001,89.2595347821618,-0.0404396142830055,0.651928714011932
"8866359","2018-05-23",21.2379829471292,0.277124183006535,0.151967192105598,0.0746208723140644,94.9976860399107,87.1116472934226,91.0546666666666,0.335405323036484,51.4761124015396,90.3456000000001,89.2862634778736,-0.00903567829824148,0.519735835549897
"8866358","2018-05-24",19.9973503178131,0.324285714285714,0.24775946980099,0.15310637544778,94.8882833598004,87.0063833068662,90.9473333333333,0.37304245677486,52.189813277746,90.3964000000001,89.3294283474904,0.0290688806991568,0.421602444579749
"8866357","2018-05-25",19.2802011829543,0.565836298932384,0.389082065408209,0.262936242438265,94.66209027883,87.0082430545033,90.8351666666666,0.489743720027429,56.3813007186808,90.4660000000001,89.4881712344917,0.139794141161187,0.365240783896037
"8866356","2018-05-29",19.0059619341853,0.619747899159666,0.503289970792586,0.380043835333928,94.3552500447343,87.059083288599,90.7071666666666,0.512266715248081,55.0672496537616,90.5084000000001,89.5950817365595,0.204272395218408,0.333047106160511
"8866355","2018-05-30",19.7490772453037,0.559485530546622,0.581689909546223,0.491353981915672,94.2307015871308,87.0906317462025,90.6606666666666,0.650231957188706,57.5239596519786,90.5284000000001,89.7584041716849,0.299489887815785,0.326335662491566
"8866354","2018-05-31",20.4391128913422,0.765273311897105,0.648168913867796,0.577716264735534,94.2286007217271,87.0913992782729,90.66,0.768078931005674,62.8121890754243,90.5872000000001,90.0706169487936,0.483910218410633,0.357850573675379
"8866353","2018-06-01",20.1778413139127,0,0.441586280814574,0.557148368076197,93.8905924058939,86.9840742607727,90.4373333333333,0.259550813916311,41.0251204474568,90.4108000000001,89.6652013556211,0.172855665058713,0.320851591952046
"8866352","2018-06-04",19.9352319920138,0.287901990811638,0.351058434236246,0.480271209639538,93.1843473809725,87.2363192856941,90.2103333333333,0.42260740434318,48.2000666100122,90.2704000000001,89.5645078415383,0.0939626490241485,0.275473803366466
"8866351","2018-06-05",20.1545021932327,0.136294027565084,0.141398672792239,0.311347795947686,92.6465143016656,87.2858190316677,89.9661666666666,0.225875110226041,45.0891681503026,90.0676000000001,89.3452401293332,-0.0573427167479879,0.208910499343576
"8866350","2018-06-06",21.0054985781927,0,0.141398672792239,0.211285259940241,92.6338451353908,86.8368215312758,89.7353333333333,0.0080233935953825,40.4335879234308,89.8212000000001,88.9365414454221,-0.322581482562501,0.10261210296236
"8866349","2018-06-07",21.7593902397853,0.028846153846153,0.0550467271370776,0.112614690907185,92.6613479569547,86.4613187097119,89.5613333333333,0.0933352516918299,41.2698128455961,89.5940000000001,88.6103359193658,-0.508910345585489,-0.0196923867472096
"8866348","2018-06-08",22.4594324969785,0.0673076923076916,0.0320512820512801,0.0761655606601982,92.5114628435601,86.1928704897732,89.3521666666666,0.150423194018912,42.4302966313553,89.3912000000001,88.3649577967837,-0.6245410908715,-0.140662127572068
"8866347","2018-06-11",23.6074315144611,0,0.0320512820512801,0.0397164304132118,92.4041511694664,85.7631821638669,89.0836666666666,0.0426872196754369,38.6954876918076,89.0536000000001,87.9829634238792,-0.823683392212848,-0.277266380500224
"8866346","2018-06-12",24.7734927812284,0,0.0224358974358957,0.0288461538461512,92.3787580556183,85.2969086110483,88.8378333333333,0.0616258119719903,37.9310675632266,88.7468000000001,87.6159016340287,-0.996058195198257,-0.42102474343983
"8866345","2018-06-13",25.5140555953974,0.0876350540216074,0.0292116846738677,0.0278996213870137,92.3612262987964,84.9937737012035,88.6775,0.184083478085705,41.3070597679822,88.5544000000001,87.3951147494915,-1.05405680079188,-0.547631154910241
"8866344","2018-06-14",25.5546378292345,0.157262905162065,0.0816326530612227,0.0444267450569946,92.3497985749016,84.836868091765,88.5933333333333,0.286590154543279,43.9171013611559,88.4128000000001,87.2810994495593,-1.03481129115259,-0.645067182158711
"8866343","2018-06-15",25.053461357108,0.258103241296518,0.167667066826729,0.0928371348539389,92.3353589561478,84.7899743771854,88.5626666666666,0.395388588206086,47.5546164530499,88.2704000000001,87.2942861896181,-0.931172743595232,-0.702288294446015
"8866342","2018-06-18",23.8249398415805,0.366146458583433,0.260504201680671,0.169934640522873,92.3655044942047,84.8558288391285,88.6106666666666,0.514115123591043,51.2062442667442,88.1564000000001,87.425714697669,-0.757094366479838,-0.71324950885278
"8866341","2018-06-19",22.4201756525723,0.478890229191798,0.367713309690581,0.265294859399326,92.4743517738333,84.9139815595,88.6941666666666,0.642739923584797,54.6799990073316,88.1196000000001,87.6622860713131,-0.528310519110242,-0.676261710904272
"8866340","2018-06-20",21.1157517627789,0.650568181818182,0.498534956531136,0.375584155967462,92.5858864885683,84.927446844765,88.7566666666666,0.674970367636738,56.8723850912124,88.1528000000001,87.9486479284714,-0.287974434475136,-0.598604255618445
"8866339","2018-06-21",19.8046990553158,0.716129032258064,0.61519581442268,0.493814693548132,92.6152642524822,84.9250690808511,88.7701666666666,0.66338987138262,56.2004156281369,88.2112000000001,88.1781615380085,-0.109531569180354,-0.500789718330827
"8866338","2018-06-22",19.1715103426665,0.8,0.72223240469208,0.611987725215298,92.7239887960988,84.8993445372345,88.8116666666666,0.751129627749396,58.749824299637,88.3076000000001,88.4677399996074,0.0925164858704974,-0.382128477490562
"8866337","2018-06-25",19.3218363194925,0.802340702210664,0.772823244822908,0.703417154645888,92.9253026905747,84.8130306427586,88.8691666666666,0.874432709122197,62.3901186554492,88.4700000000001,88.8587079996598,0.343464048309339,-0.237009972330582
"8866336","2018-06-26",19.6509456941556,0.868322981366459,0.823554561192373,0.772870070235786,93.2500616128952,84.6659383871047,88.958,0.921165125224593,64.9886546423727,88.6524000000001,89.3068802663718,0.608307633128602,-0.0679464512387452
"8866335","2018-06-27",19.6798745186232,0.828571428571429,0.833078370716183,0.809818725577153,93.3249812769578,84.6310187230421,88.978,0.862933853667477,63.1548449861463,88.7856000000001,89.6526295641889,0.779039778713631,0.10145079475173
"8866334","2018-06-28",19.9974664765503,0.836024844720496,0.84430641821946,0.833646450042671,93.276433474609,84.6565665253909,88.9665,0.891750052898402,63.363589743893,88.8856000000001,89.9602789556304,0.908350944052505,0.262830824611885
"8866333","2018-06-29",19.8659210162153,0.777639751552794,0.814078674948238,0.830487821294626,93.6110101556488,84.6313231776845,89.1211666666666,0.806116832366079,60.4733713440405,88.9608000000001,90.1642417615463,0.957085066235352,0.401681672936578
"8866332","2018-07-02",19.9549184265995,0.796448087431695,0.803370894568327,0.820585329245341,93.9221249582602,84.5635417084064,89.2428333333333,0.81420354144373,61.6750291218536,89.0116000000001,90.3810095266735,1.0104485553851,0.523435049426283
"8866331","2018-07-03",20.5422874463994,0.843621399176954,0.805903079387146,0.807784216301236,94.421722654925,84.5212773450749,89.4715,0.86346849938354,65.1026258239924,89.1076000000001,90.688874923117,1.11942384669612,0.642632808880251
"8866330","2018-07-05",21.1558355850248,0.832572298325722,0.824213928311456,0.811162634088975,94.8447590524098,84.7315742809235,89.7881666666666,0.839012890347515,65.6901009453682,89.1888000000001,90.9770249333681,1.20528089424159,0.755162425952519
"8866329","2018-07-06",22.1712357935144,0.853395061728395,0.843196253077022,0.824437753591874,95.3694446673516,84.9155553326483,90.1425,0.881118121600989,69.0560561204622,89.2572000000001,91.3547549422523,1.34184123806576,0.872498188375166
"8866328","2018-07-09",20.7143849643647,0.321942446043164,0.669303268699092,0.778904483362522,95.5010140615458,85.2859859384541,90.3934999999999,0.673257803307712,52.7004750950041,89.4156000000001,91.306120949952,1.18696817030937,0.935392184762006
"8866327","2018-07-10",19.3136835648727,0.245579567779961,0.473639025183838,0.662046182319983,95.3753722790212,85.946961054312,90.6611666666666,0.578362442592355,52.3689080651548,89.4960000000001,91.2546381566251,1.04602807544441,0.957519362898486
"8866326","2018-07-11",18.6455737545433,0.459724950884087,0.342415654902402,0.495119316261777,95.1869731635311,86.8070268364688,90.997,0.673390132023604,56.9146007495393,89.6596000000001,91.3553530690751,1.01887207393765,0.969789905106318
"8866325","2018-07-12",18.1567104577728,0.528344671201816,0.411216396621953,0.40909035890273,95.0122692316614,87.6433974350052,91.3278333333333,0.722399490526761,59.4747663026371,89.9156000000001,91.5319726598651,1.04422631203307,0.984677186491669
"8866324","2018-07-13",17.6528302238243,0.442708333333334,0.476925985139744,0.410186012221365,94.7844958144251,88.4665041855748,91.6255,0.708584216432904,59.1358830199658,90.1608000000001,91.6770429718831,1.04667630637834,0.997077010469002
"8866323","2018-07-16",17.0535516868435,0.403645833333332,0.458232945956159,0.448791775905951,94.5205380883686,89.2257952449646,91.8731666666666,0.661197630412455,58.2424100249418,90.3888000000001,91.782770575632,1.02342940623401,1.002347489622
"8866322","2018-07-17",16.5581302002171,0.393229166666668,0.413194444444443,0.449451125180114,94.3099064669663,89.8374268663669,92.0736666666666,0.646004019764007,57.990791393605,90.6660000000001,91.8690678322144,0.989954290097961,0.999868849717195
"8866321","2018-07-18",15.4423074081208,0.164062499999999,0.320312499999998,0.397246630133533,94.1585240939487,90.212142572718,92.1853333333333,0.454726458730497,52.6062562192863,90.9188000000001,91.8265254545858,0.876011280950029,0.975097335963762
"8866320","2018-07-19",15.5779727323422,0.447916666666666,0.335069444444443,0.356192129629627,94.1303651350873,90.563968198246,92.3471666666666,0.776516238694429,57.829351748061,91.1860000000001,91.9349887273077,0.871376816498293,0.954353232070668
"8866319","2018-07-20",15.5436208057974,0.401041666666664,0.337673611111108,0.331018518518515,93.9360704815055,91.0479295184945,92.492,0.649346357694284,56.7177313826461,91.4228000000001,92.0049902303334,0.842089520962364,0.931900489849007
"8866318","2018-07-23",15.4649466462368,0.388020833333332,0.412326388888886,0.361689814814811,93.8054349062467,91.37823176042,92.5918333333333,0.574777424506919,56.3934522260737,91.6240000000001,92.0589915329556,0.805151602263177,0.906550712331841
"8866317","2018-07-24",14.6703624482197,0.182291666666667,0.32378472222222,0.357928240740737,93.792693090853,91.4253069091469,92.609,0.34835596204197,51.3936647865385,91.7576,92.0004593285615,0.698560471323284,0.86495266413013
"8866316","2018-07-25",14.4493148478351,0.505208333333332,0.358506944444442,0.364872685185182,93.8669604646351,91.4240395353648,92.6455,0.769281467709994,57.7286836080523,91.9040000000001,92.11506475142,0.714548059165154,0.834871743137135
"8866315","2018-07-26",14.9436941106447,0.756380510440836,0.481293503480277,0.387861723382312,94.2118224161357,91.3188442505309,92.7653333333333,1.10998271181135,63.223600956135,92.0788,92.3903894512306,0.832812911926983,0.834459976895105
"8866314","2018-07-27",15.0406667310453,0.650112866817156,0.63723390353044,0.492344783818386,94.4448543400466,91.2831456599533,92.864,0.959456203480392,60.7743674728367,92.2440000000001,92.5783375243999,0.882658058958685,0.844099593307821
"8866313","2018-07-30",14.6316232608484,0.450000000000002,0.618831125752663,0.579119510921126,94.4968144191578,91.4068522475088,92.9518333333333,0.718395338145263,57.3730013901335,92.3604000000001,92.6692258544799,0.864902328996231,0.848260140445503
"8866312","2018-07-31",14.1320427306871,0.41578947368421,0.505300780167121,0.587121936483407,94.5442885674381,91.4963780992285,93.0203333333333,0.674873903140963,56.5524260794367,92.4296000000001,92.7306624072159,0.829863493124106,0.844580810981223
"8866311","2018-08-01",13.4971997167049,0.134210526315791,0.333333333333333,0.485821746417705,94.5322705095734,91.4743961570933,93.0033333333333,0.410613288243315,50.1896043347469,92.4232000000001,92.6412407529205,0.700881283332389,0.815840905451456
"8866310","2018-08-02",12.6414935032592,0.126315789473685,0.225438596491227,0.35469090333056,94.5138287471722,91.4611712528277,92.9875,0.471336450236533,50.0196776576397,92.4284000000001,92.5597419858644,0.589253364842124,0.77052339732959
"8866309","2018-08-03",11.8469091622025,0.41842105263158,0.226315789473684,0.261695906432747,94.4276302262424,91.4967031070909,92.9621666666666,0.724445476325525,55.9608617864893,92.4756000000001,92.6371097210825,0.590725543134552,0.734563826490582
"8866308","2018-08-06",12.0004432067593,0.676328502415458,0.407021781506906,0.286258722490605,94.7136142170059,91.4740524496607,93.0938333333333,1.02563693969288,61.3538260095086,92.5900000000001,92.8654950916048,0.689072051701145,0.725465471532695
"8866307","2018-08-07",12.1430105338478,0.7002457002457,0.598331751764245,0.410556440914944,94.8389078243892,91.6840921756107,93.2615,0.972874963046089,61.8527478848233,92.6972000000001,93.0794290793908,0.768128776339405,0.733998132494037
"8866306","2018-08-08",12.5400093798179,0.683046683046684,0.686540295235946,0.563964609502365,95.0491687884826,91.7108312115174,93.38,0.931352422216424,61.3551499827086,92.7656000000001,93.2555052021387,0.814950325138142,0.750188571022858
"8866305","2018-08-09",13.6575133604192,0.6986301369863,0.693974173426227,0.659615406808805,95.4550380868789,91.5786285797877,93.5168333333333,1.06405289379263,64.7971516879668,92.8592000000001,93.5134378418536,0.909446394732161,0.782040135764718
"8866304","2018-08-10",15.2364303925468,0.749585406301823,0.710420742111601,0.696978403591257,96.0489502172287,91.3547164494379,93.7018333333333,1.1266198373381,68.4377187680177,92.9524000000001,93.8636461296064,1.05328480073374,0.836289068758524
"8866303","2018-08-13",16.2243419264636,0.656583629893237,0.701599724393786,0.701998213310537,96.3749875683569,91.3586790983097,93.8668333333333,0.930562304178452,65.2261068602937,93.1416000000001,94.1111599789922,1.1174885552774,0.892528966062299
"8866302","2018-08-14",17.7800357503667,0.796521739130434,0.73423025844183,0.715416908315738,96.8754194184368,91.2855805815631,94.0805,1.02228697198591,68.589850837192,93.3692000000001,94.4443386484599,1.22965836018991,0.959954844887822
"8866301","2018-08-15",19.3575287557751,0.775374376039932,0.742826581687867,0.72621885484116,97.2629169218244,91.4114164115089,94.3371666666666,0.978993948371417,68.8812421066127,93.5564000000001,94.7437601619986,1.30937345123188,1.02983856615663
"8866300","2018-08-16",21.0258363183216,0.783151326053042,0.785015813741135,0.754024217956943,97.7401236516967,91.3522096816366,94.5461666666666,0.964496967331385,70.2200778308106,93.7312000000001,95.0512588070655,1.38634195165164,1.10113924325563
"8866299","2018-08-17",22.9624225378644,0.863070539419086,0.807198747170685,0.778347047533228,98.3851527549616,91.2748472450383,94.83,1.03021631696959,74.2614683553337,93.9572000000001,95.4804242994567,1.53190216569639,1.18729182774378
"8866298","2018-08-20",24.7698714674414,0.871724137931034,0.839315334467719,0.810509965126513,98.916481419987,91.3321852466796,95.1243333333333,0.966182568016048,74.5057909561177,94.1924000000001,95.8630343928625,1.63371549656015,1.27657656150706
"8866297","2018-08-21",25.7727168938785,0.801379310344828,0.845391329231648,0.830635136956683,99.1910137998598,91.6486528668068,95.4198333333333,0.863303571784588,69.947353156363,94.4088000000001,96.1266298071475,1.65147556480858,1.35155636216736
"8866296","2018-08-22",25.4448331073266,0.589576547231271,0.754226665169043,0.812977776289469,99.3595703307818,91.8904296692182,95.625,0.738537034900843,61.3826917978937,94.6172000000001,96.2110791661945,1.55663252710185,1.39257159515426
"8866295","2018-08-23",24.8134209647687,0.425963488843815,0.60563978213997,0.735085925513553,99.4768048093851,92.0055285239481,95.7411666666666,0.648858993320128,59.1441096763202,94.7696000000001,96.2429352773686,1.43884031536008,1.40182533919542
"8866294","2018-08-24",24.4163112876931,0.452868852459016,0.489469629511366,0.616445358940125,99.5942099399573,92.1607900600426,95.8775,0.656836738966338,59.9558354045137,94.9356000000001,96.2918772403861,1.34338325293437,1.39013692194321
"8866293","2018-08-27",24.4580321669679,0.426229508196721,0.435020616499849,0.510043342717061,99.6585351307366,92.44813153593,96.0533333333333,0.651170456087244,58.9313423485064,95.0984000000001,96.3169602750013,1.2424911144564,1.36060776044585
"8866292","2018-08-28",23.6958701557357,0.139364303178486,0.339487554611406,0.421325933540873,99.5966633349569,92.7600033317097,96.1783333333333,0.481716218161997,53.4806910608305,95.2640000000001,96.2426989050011,1.08966805441799,1.30641981924028
"8866291","2018-08-29",23.677805888593,0.103932584269664,0.223175465214956,0.332561212108736,99.4028968474197,93.3394364859136,96.3711666666666,0.535540761735351,55.5117096932148,95.3932000000001,96.222339051001,0.984900473348604,1.24211595006194
"8866290","2018-08-30",24.3747877208805,0.455056179775282,0.232784355741142,0.265149125189167,99.2538158007801,93.9795175325531,96.6166666666666,0.726254427157099,62.2372216494074,95.5196000000001,96.3713605108675,0.995124318428298,1.19271762373522
"8866289","2018-08-31",25.1061518147388,0.434659090909092,0.331215951651344,0.26239192420248,99.1236089978245,94.5303910021754,96.827,0.717639717429833,61.8345458927254,95.6592000000001,96.4938457760852,0.987441233443032,1.15166234567678
"8866288","2018-09-04",25.7852756161787,0.465909090909092,0.45187478719782,0.338625031530102,99.1164959896486,94.8428373436846,96.9796666666666,0.703650643496139,62.4107499497722,95.8248000000001,96.6146663392738,0.979085515266775,1.11714697959478
"8866287","2018-09-05",26.9880366528379,0.536159600997505,0.478909260938561,0.420666666595908,99.1465804106787,95.1904195893212,97.1685,0.844146778020226,65.0456789807296,96.0160000000001,96.7873774940373,1.00324827714344,1.09436723910451
"8866286","2018-09-06",28.6031138351916,0.726377952755905,0.576148881554166,0.502310976563515,99.4373943653696,95.4089389679637,97.4231666666666,1.11814428137153,71.5344210443481,96.3116000000001,97.1423938281657,1.13696389389493,1.10288657006259
"8866285","2018-09-07",29.7123289203808,0.665354330708661,0.642630628154022,0.565896256882249,99.6750955028719,95.557904497128,97.6164999999999,0.974473979291893,68.7670604239921,96.5960000000001,97.4087413177436,1.20247021900737,1.12280329985155
"8866284","2018-09-10",30.9624980864162,0.762183235867446,0.717971839777336,0.645583783161841,100.055546431946,95.5207869013869,97.7881666666666,1.00465741007389,70.8437929942491,96.8572000000001,97.7102424753778,1.2827450800696,1.15479165589516
"8866283","2018-09-11",31.9628594928955,0.738791423001948,0.722109663192684,0.694237377041346,100.286034386585,95.6822989467487,97.9841666666666,0.926284269729895,69.7135419381618,97.0652000000001,97.9555434786608,1.32054104264989,1.18794153324611
"8866282","2018-09-12",32.5092619883552,0.684210526315788,0.728395061728393,0.722825521566137,100.464459138859,95.7595408611412,98.112,0.807054571703965,67.0264602509559,97.2572000000001,98.1308043481727,1.31186693957319,1.21272661451152
"8866281","2018-09-13",33.2866360361613,0.690058479532163,0.704353476283298,0.718286067068124,100.650732414582,95.8326009187515,98.2416666666666,0.809594428453781,67.1724592828699,97.4532000000001,98.2866971017496,1.29226160799318,1.22863361320786
"8866280","2018-09-14",34.0936412503116,0.682261208576999,0.685510071474982,0.706086203162224,100.824910718695,95.8827559479719,98.3538333333333,0.783850546657044,66.7480873527091,97.6160000000001,98.4164708215164,1.25869566438279,1.23464602344284
"8866279","2018-09-17",34.8430032348798,0.766081871345028,0.712800519818062,0.700888022525446,100.998391368682,95.8506086313176,98.4245,0.808644209438161,69.0143447439731,97.7580000000001,98.5862747119808,1.25264254754403,1.23824532826308
"8866278","2018-09-18",36.010121708961,0.720370370370372,0.722904483430798,0.707071691574613,101.241164460139,95.7901688731943,98.5156666666666,0.860973813917479,70.4757982152611,97.9284000000002,98.7721047503834,1.25675207541707,1.24194667769388
"8866277","2018-09-19",34.3176911669351,0.107142857142855,0.531198366286083,0.655634456511647,101.274974203557,95.8263591297766,98.5506666666666,0.556772836609797,50.6169195085567,97.9736000000001,98.6344907836656,1.06460053427617,1.20647744901034
"8866276","2018-09-20",32.6968743647027,0.0952380952380935,0.307583774250438,0.520562207989106,101.267357675001,95.8993089916652,98.5833333333333,0.402509577650096,50.276366070596,98.0136000000001,98.5085586791769,0.897876598779668,1.1447572789642
"8866275","2018-09-21",31.7615920939626,0.183374083129585,0.128585011836843,0.322455717457787,101.235585693662,96.1074143063375,98.6715,0.489307429648547,53.3837801021329,98.0576000000001,98.4607508552866,0.794290490138683,1.0746639211991
"8866274","2018-09-24",31.142308378772,0.18684210526316,0.155151427876944,0.197106737988074,101.217967463444,96.3106992032225,98.7643333333333,0.527646066909861,55.0286773834607,98.0628000000001,98.4526507412484,0.724355884901806,1.00460231393964
"8866273","2018-09-25",29.9657709876827,0.0421052631578939,0.137440483850211,0.140392307854665,101.172412261981,96.4662544046859,98.8193333333333,0.37760716544875,50.783176317031,98.0428000000001,98.372297309082,0.616730747524641,0.92702800065664
"8866272","2018-09-26",27.8717398507067,0,0.076315789473683,0.122969233733612,100.97294358939,96.8110564106102,98.8919999999999,0.167138181833287,43.8880600009904,98.0016000000001,98.1639910012044,0.440910132643801,0.829804427054073
"8866271","2018-09-27",25.9272823663718,0.0790598290598302,0.040388364072573,0.0847148791321549,100.831176857637,97.0614898090292,98.9463333333333,0.162306185212393,46.6626950722471,98.0184000000001,98.0327922010438,0.328107249492571,0.729464991541772
"8866270","2018-09-28",24.7721456888603,0.217948717948717,0.0990028490028475,0.0719023341830336,100.807010870192,97.1399891298083,98.9734999999999,0.330880013653323,51.225575201735,98.0736000000001,98.0057532409046,0.288891788811152,0.641350350995648
"8866269","2018-10-01",23.3594037562714,0.145299145299144,0.147435897435895,0.0956090368371045,100.793003931683,97.175662734984,98.9843333333333,0.239864185092976,48.8704987645361,98.1088000000001,97.9369861421173,0.227178213000756,0.55851592339667
"8866268","2018-10-02",22.3076388763684,0.183760683760684,0.18233618233618,0.142924976258307,100.770392073978,97.2392745926887,99.0048333333333,0.289065830496997,50.1764621397254,98.1564000000001,97.901387989835,0.190903245259899,0.484993387769316
"8866267","2018-10-03",21.6490566912336,0.138888888888887,0.155982905982903,0.161918328584992,100.775902523629,97.2047641430376,98.9903333333333,0.289889594474629,48.6162892691006,98.2244000000001,97.842536257857,0.1431802601499,0.416630762245433
"8866266","2018-10-04",20.9443894666295,0.121794871794871,0.148148148148146,0.162155745489075,100.677365701928,97.111634298072,98.8945,0.248205001542636,48.0039320068603,98.2760000000001,97.7808647568094,0.0976204780301249,0.352828705402371
"8866265","2018-10-05",21.0472164029511,0.378205128205128,0.21296296296296,0.172364672364669,100.629104592031,97.1118954079694,98.8705,0.562407433994753,56.7948549831042,98.3256000000001,97.8874161225682,0.158709344765362,0.314004833274969
"8866264","2018-10-08",21.8842209394826,0.675862068965518,0.391954022988504,0.251021711366536,100.656921317106,97.098412016227,98.8776666666666,0.877217879689591,63.3084318713765,98.4240000000001,98.1357606395591,0.299868870795761,0.311177640779128
"8866263","2018-10-09",23.0985946507524,0.720472440944881,0.591513212705174,0.398810066218878,100.871891221494,96.9831087785061,98.9275,1.01837133161521,66.6413445306257,98.5468000000001,98.4469925542845,0.465009659787641,0.34194404458083
"8866262","2018-10-10",22.7517970728988,0.464566929133858,0.620300479681417,0.534589238458364,100.912953714129,96.973712952538,98.9433333333333,0.73608610295363,56.6376891014219,98.5972000000001,98.5433935470466,0.483394974609541,0.370234230586572
"8866261","2018-10-11",22.0401318279177,0,0.395013123359578,0.535608938582056,100.87152150373,96.7804784962699,98.826,0.148174480026581,41.6643475116628,98.4704000000001,98.2416077407737,0.258052426022415,0.347797869673741
"8866260","2018-10-12",22.124761388047,0,0.154855643044618,0.39005641536187,101.081482636251,96.1398506970818,98.6106666666666,-0.139599773025121,36.6461962198868,98.3004000000001,97.7947267086706,-0.0351961303780679,0.271199069663379
"8866259","2018-10-15",22.2537231111962,0,-1.62832710278356e-15,0.183289588801397,101.146531065033,95.6034689349667,98.375,-0.054747525437363,36.3073956387475,98.1052000000001,97.3940964808478,-0.273802870593054,0.162198681612093
"8866258","2018-10-16",21.4131663429785,0.0633802816901393,0.0211267605633781,0.0586608012026638,100.928185588035,95.3744810786311,98.1513333333333,0.114431533095199,39.038679309402,97.9328000000001,97.1068836167348,-0.421504677124129,0.0454580098648482
"8866257","2018-10-17",20.6326493439192,0.197183098591548,0.0868544600938942,0.0359937402190893,100.879602625312,95.1867307080217,98.0331666666666,0.23010107686887,44.4540248287476,97.8096000000001,96.9846324678368,-0.454634955892241,-0.0545605832865697
"8866256","2018-10-18",19.487547602102,0.198591549295774,0.153051643192486,0.087010954616585,100.870666833935,95.0583331660645,97.9645,0.280151414844468,44.509903794611,97.6856000000001,96.8800148054586,-0.474686268715252,-0.138585720372306
"8866255","2018-10-19",18.6041071459224,0.304225352112676,0.233333333333331,0.157746478873236,100.807687525116,95.018645808217,97.9131666666666,0.444176137870409,48.6798426820792,97.5932000000001,96.8893461647308,-0.42322926983035,-0.195514430263915
"8866254","2018-10-22",17.7903792039704,0.442253521126761,0.315023474178402,0.233802816901405,100.744318953775,95.0166810462251,97.8805,0.563929786166138,53.5877497773908,97.5228,97.0281000094333,-0.297414545253816,-0.215894453261895
"8866253","2018-10-23",16.5394680283632,0.343661971830986,0.363380281690139,0.30391236306729,100.726969939225,95.0080300607746,97.8674999999999,0.520254336607008,49.9157503424599,97.4128,97.0550200081756,-0.253063208888227,-0.223328204387161
"8866252","2018-10-24",15.4536468417775,0.329577464788731,0.371830985915491,0.350078247261343,100.73579118234,95.0255421509931,97.8806666666666,0.480619642670731,49.3950271077609,97.3884000000001,97.0650173404188,-0.22365093534128,-0.223392750577985
"8866251","2018-10-25",15.1564315977831,0.191549295774648,0.28826291079812,0.341158059467916,100.730306550409,94.9420267829245,97.8361666666666,0.318109459869648,44.4960890100297,97.3268000000001,96.943015028363,-0.278669553834998,-0.234448111229388
"8866250","2018-10-26",16.1500382978857,0,0.173708920187791,0.277934272300466,100.792160642725,94.5531726906079,97.6726666666666,0.0849754233850546,35.7022037516008,97.1564,96.5359463579146,-0.505273718476107,-0.288613232678732
"8866249","2018-10-29",17.0726730908381,0.0581867388362642,0.0832453448703023,0.181739058618737,100.853893502029,94.1767731646378,97.5153333333333,0.1078149659813,38.2046206098088,96.9932000000001,96.240486843526,-0.642389351707828,-0.359368456484551
"8866248","2018-10-30",17.4786119448397,0.176882661996498,0.0783564669442525,0.111770244000781,100.811290472113,93.9383761945541,97.3748333333333,0.219939278215897,41.5112111484812,96.8752000000001,96.0617552643892,-0.69484303155154,-0.426463371497949
"8866247","2018-10-31",18.7996138498344,0,0.0783564669442525,0.0799860929196014,100.898658522019,93.4056748113142,97.1521666666666,0.0508464811965606,34.7452093386252,96.7204000000001,95.6455212291373,-0.891688964500947,-0.519508490098548
"8866246","2018-11-01",18.1659950675033,0.212213740458015,0.12969880081817,0.0954705782355572,100.817495214518,93.2425047854815,97.0299999999999,0.30506025974552,41.9690742504005,96.6064000000001,95.4701183985857,-0.920508287078003,-0.599708449494439
"8866245","2018-11-02",18.1834570625639,0.0183206106870236,0.0768447837150113,0.0949666838258101,100.668777050689,92.8708896159771,96.7698333333333,0.130263107693476,37.8466022448146,96.4156000000001,95.1487692787742,-1.03936298176331,-0.687639355948214
"8866244","2018-11-05",17.8129856322951,0.29618320610687,0.175572519083968,0.127372034539049,100.130916658003,92.9167500086635,96.5238333333333,0.330356936175669,46.0283546662296,96.3112000000001,95.1129333749377,-0.968369147452786,-0.743785314249129
"8866243","2018-11-06",16.8682145505835,0.380152671755727,0.231552162849872,0.161323155216283,99.2622862986546,93.290380368012,96.2763333333333,0.452611443769093,48.2455558011291,96.2216000000001,95.155208924946,-0.855561012708161,-0.766140453940935
"8866242","2018-11-07",15.8691249279039,0.512977099236641,0.396437659033078,0.267854113655638,98.639674449444,93.6143255505559,96.127,0.651166950186246,51.6305055746498,96.1752000000001,95.3078477349532,-0.68450440984047,-0.749813245120842
"8866241","2018-11-08",15.2244250613754,0.569465648854963,0.487531806615775,0.371840542832907,98.6278831420957,93.6181168579042,96.1229999999999,0.736271833758357,53.0372816131877,96.1468000000001,95.4894680369594,-0.51182113531284,-0.702214823159242
"8866240","2018-11-09",14.8327778697144,0.630534351145038,0.570992366412212,0.484987277353687,98.8104979719517,93.6605020280482,96.2354999999999,0.784369156005589,54.5753921653161,96.0864000000001,95.7002056320315,-0.337465544377513,-0.629264967402896
"8866239","2018-11-12",14.8739601462078,0.59882005899705,0.599606686332348,0.552710286453444,99.0013968404414,93.7302698262252,96.3658333333333,0.792315728529734,54.2405952078142,95.9764000000001,95.8735115477607,-0.203031907995765,-0.54401835552147
"8866238","2018-11-13",14.9122008315232,0.715339233038349,0.648231214393477,0.606276755712678,99.2611689438062,93.7108310561937,96.486,0.847246126697059,57.4156307490887,95.8692000000001,96.1290433413926,-0.0299656274675986,-0.441207809910696
"8866237","2018-11-14",14.9879709091724,0.818851251840942,0.711003514625445,0.652947138450423,99.5762547413553,93.6370785919779,96.6066666666666,0.887820343327387,60.0954562458432,95.8424000000001,96.4451708958736,0.16434014412503,-0.32009821910355
"8866236","2018-11-15",13.9863474916345,0.605301914580264,0.713164133153183,0.690799620724034,99.667385971254,93.6492806954125,96.6583333333333,0.67641211278383,52.7891879786818,95.8732000000001,96.5258147764238,0.194543431588245,-0.217169888965191
"8866235","2018-11-16",13.8095498760557,0.820652173913044,0.748268446778082,0.724145364852236,99.9704961188136,93.529170547853,96.7498333333333,0.914536827435736,59.7956807833969,96.0368000000001,96.8530394729006,0.374984329495764,-0.0987390452730001
"8866234","2018-11-19",13.6918011349381,0.822580645161291,0.749511577884865,0.736981385938709,100.192077143174,93.4329228568256,96.8125,0.897608914687432,60.0602757833845,96.2076000000001,97.1473008765139,0.518015322730014,0.0246118283276028
"8866233","2018-11-20",14.1623255472926,0.754491017964072,0.7992412790128,0.765673767891915,100.547660835279,93.2833391647211,96.9155,0.930574728816113,61.0943171520843,96.3724000000001,97.442327426312,0.64817504538075,0.149324471738232
"8866232","2018-11-21",13.6932228693348,0.608383233532934,0.728484965552764,0.759079274150142,100.658029395735,93.2646372709314,96.9613333333333,0.733361534760899,54.8725821601547,96.4504000000001,97.5353504361371,0.642649642162318,0.247989505823049
"8866231","2018-11-23",12.9883871514233,0.439509954058194,0.600794735185065,0.709506993250209,100.775765739057,93.2965675942764,97.0361666666666,0.666305706742292,53.0139629410859,96.5124000000001,97.5639703779855,0.599084944004225,0.318208593459284
"8866230","2018-11-26",12.4450427058492,0.449832775919733,0.499241987836951,0.609507229524926,100.896018706512,93.5263146268208,97.2111666666666,0.686190198660479,54.5855935172197,96.5592000000001,97.6381076609208,0.588328439862873,0.372232562740002
"8866229","2018-11-27",12.1421193343593,0.446183953033268,0.445175561003729,0.515070761341914,101.017506324227,93.8141603424396,97.4158333333333,0.71853270280877,56.532251217288,96.5852000000001,97.7636933061313,0.610662650502558,0.419918580292513
"8866228","2018-11-28",11.3544228492381,0.217299578059072,0.371105435670689,0.438507661503789,101.060267715203,94.0547322847972,97.5575,0.603608545063251,51.9450320373173,96.6040000000001,97.7552008653138,0.549371953717515,0.445809254977514
"8866227","2018-11-29",11.1911464728405,0,0.221161177030778,0.345814057901731,100.796503775441,94.7044962245591,97.7505,0.482955810138768,47.9897134379739,96.5936000000001,97.637174083272,0.427359044657072,0.442119212913425
"8866226","2018-11-30",11.2367236351437,0,0.0724331926863553,0.22156660179594,100.721722784058,94.942610549275,97.8321666666666,0.388304643728007,46.6082849087209,96.6104000000001,97.4948842055024,0.302314215073829,0.414158213345506
"8866225","2018-12-03",10.5153498490405,0.111570247933886,0.0371900826446264,0.110261484120586,100.284721301113,95.7779453655538,98.0313333333333,0.464202051391032,49.4301061276993,96.7392000000001,97.4435663114354,0.245037904022327,0.38033415148087
"8866224","2018-12-04",10.6979832985934,0.491735537190084,0.201101928374654,0.103575067901878,100.221269370957,96.2723972957097,98.2468333333333,0.845204058447854,57.6444787631043,96.9244000000001,97.6444241365773,0.347851272446142,0.373837575673925
"8866223","2018-12-06",10.0221169893058,0.245867768595044,0.283057851239669,0.173783287419649,100.062575946925,96.6920907197412,98.3773333333333,0.567052660007908,51.7857129409095,97.0388000000001,97.6598342517004,0.327086356283046,0.364487331795749
"8866222","2018-12-07",9.87993330108221,0.512396694214877,0.416666666666666,0.300275482093662,100.155473993139,96.8828593401944,98.5191666666666,0.867952476648387,56.8996634051239,97.2832000000001,97.845189684807,0.412317341075563,0.374053333651712
"8866221","2018-12-10",9.58290420935116,0.464876033057851,0.407713498622588,0.36914600550964,100.218729591305,97.038937075362,98.6288333333333,0.773969657548072,55.7639798469195,97.4628000000001,97.9751643934994,0.45545002210623,0.390332671342615
"8866220","2018-12-11",10.0240065836232,0.70985401459854,0.562375580623754,0.462251915304335,100.626910286844,96.9597563798229,98.7933333333333,1.09901131023195,61.6428593824307,97.7588000000001,98.3064758076995,0.617069872472387,0.43568011156857
"8866219","2018-12-12",10.6515057599995,0.76320272572402,0.645977591126802,0.53868889012438,101.107763300946,96.8395700323868,98.9736666666666,1.09502147791067,63.521107677935,98.0056000000001,98.6722790333395,0.783631144626762,0.505270318180208
"8866218","2018-12-13",11.0841346500044,0.732538330494039,0.735198356938864,0.647850509563139,101.449476363776,96.7815236362236,99.1155,0.957266841500154,62.5153379980621,98.2232000000001,98.9653084955609,0.889844674250928,0.582185189394352
"8866217","2018-12-14",11.0353919807702,0.640545144804089,0.712095400340714,0.697757116135459,101.640500222526,96.7721664441401,99.2063333333333,0.812290282988219,59.473008003524,98.3844000000001,99.1472673628195,0.918955352990936,0.649539222113669
"8866216","2018-12-17",11.235301169009,0.195911413969336,0.522998296422486,0.656764017900687,101.607035257056,96.9176314096101,99.2623333333333,0.409938800949455,47.4527773198573,98.4264000000001,98.9569650477769,0.721205599003794,0.663872497491694
"8866215","2018-12-18",11.8026553262205,0.0715502555366272,0.302668938103349,0.512587544955515,101.610399541851,96.7502671248159,99.1803333333333,0.211873419657223,44.7297239583905,98.4232000000001,98.6947030414066,0.498993319767482,0.630896661946852
"8866214","2018-12-19",12.6769734633819,0,0.089153889835319,0.30494037478705,101.655341173378,96.457658826622,99.0564999999999,0.108832065711826,42.2273717834269,98.3948000000001,98.3740759692191,0.26218665976423,0.557154661510327
"8866213","2018-12-20",13.0668771835848,0,0.0238500851788735,0.138557637705846,101.60056328099,96.2171033856767,98.9088333333333,0.162144165889157,41.618433183782,98.3280000000001,98.0735325066565,0.0593517221134654,0.457594073630955
"8866212","2018-12-21",12.9240881826292,0,-2.24357569559667e-15,0.0376679916713959,101.622982902478,96.0520170975215,98.8374999999999,0.216835454528136,41.3164876598385,98.2296000000001,97.8023948391023,-0.107221995586093,0.344630859787545
"8866211","2018-12-24",14.8485023333099,0,-2.24357569559667e-15,0.00795002839295549,102.318555134199,94.8397781991347,98.5791666666666,-0.230845883062371,27.7969036119678,97.9900000000001,96.9034088605554,-0.645967795660674,0.146511128697902
"8866210","2018-12-26",16.9555788576362,0,-2.24357569559667e-15,-3.07855592870017e-15,103.227300240973,93.1570330923599,98.1921666666666,-0.229755549170817,25.7051378355052,97.6272000000001,95.9709543458147,-1.16107948129814,-0.115006993301308
"8866209","2018-12-27",18.5981918998814,0.0622505985634478,0.020750199521147,0.00691673317371335,103.613816056972,92.0228506096941,97.8183333333333,-0.0439581395249897,29.5760934392613,97.2924000000001,95.266827099706,-1.49120669580641,-0.390246933802329
"8866208","2018-12-28",19.5727996852906,0.180367118914605,0.0808725724926821,0.0338742573379415,103.734745643635,91.3502543563654,97.5425,0.114369841880972,36.3524027068335,97.0048000000001,94.8539168197452,-1.61118658244634,-0.634434863531132
"8866207","2018-12-31",20.752025494778,0.115722266560256,0.119446661346101,0.0736898111199758,103.911054533123,90.6046121335434,97.2578333333333,0.101358511861329,34.4014028140951,96.7336000000001,94.3880612437792,-1.7566884340829,-0.858885577641485
"8866206","2019-01-02",22.4577814707177,0,0.0986964618249514,0.0996718985545772,104.201502562722,89.6444974372776,96.923,0.0580821779917132,30.0114078754492,96.3960000000001,93.7109864112753,-2.02702775393077,-1.09251401289934
"8866205","2019-01-03",24.0416977340903,0.0464566929133861,0.0540596531578783,0.0907342587763093,104.354192303136,88.7351410301976,96.5446666666666,0.100402532505467,32.6742882347182,96.0672000000001,93.2028548897719,-2.16842605496556,-1.30769642131258
"8866204","2019-01-04",24.7185268403708,0.0565110565110564,0.0343225831414786,0.0623595660414353,104.167514075692,88.0344859243082,96.101,0.167493710232367,33.1386242574842,95.7240000000001,92.7758075711357,-2.24795090192057,-1.49574731743418
"8866203","2019-01-07",25.4688558301762,0.028887000849618,0.0439515834246846,0.0441112732413463,104.047065902143,87.3206007645236,95.6838333333333,0.175733438672911,32.2989844529885,95.4020000000001,92.3590332283176,-2.31651699192135,-1.65990125233161
"8866202","2019-01-08",25.1796147676514,0.0481231953801732,0.0445070842469469,0.0409270836043692,103.640704203286,86.8392957967137,95.24,0.238513984838635,33.1330623255129,95.1196000000001,92.0191621312086,-2.33148330634574,-1.79421766313444
"8866201","2019-01-09",24.4177241501016,0.235803657362849,0.104271284530878,0.0642433174008356,103.134221725886,86.6367782741135,94.8855,0.349946447324604,42.4404558083968,94.9272000000001,91.9846071803808,-2.14804732015189,-1.86498359453793
"8866200","2019-01-10",22.6889835084865,0.369586140519731,0.217837664420915,0.122205344399579,102.296736574465,86.770263425535,94.5335,0.462419024951575,47.9970593978884,94.7688000000001,92.1399928896633,-1.85921136642522,-1.86382914891539
"8866199","2019-01-11",21.0784971374129,0.430221366698749,0.345203721527107,0.222437556826299,101.248950926738,87.1040490732624,94.1765,0.51391549657766,50.3371575533528,94.5620000000001,92.3586605043749,-1.55716397989701,-1.80249611511171
"8866198","2019-01-14",20.5816013164883,0.303413400758533,0.367740302659002,0.310260562869007,100.046887982951,87.4107786837156,93.7288333333333,0.386660788320872,43.4229834599788,94.3200000000001,92.2721724371249,-1.48161406441353,-1.73831970497208
"8866197","2019-01-15",19.8337741163402,0.451199999999999,0.394944922485758,0.369296315557288,98.7776742127538,87.8816591205795,93.3296666666666,0.446188278157359,45.0715725317305,94.0432000000001,92.2532161121749,-1.36930853578724,-1.66451747113511
"8866196","2019-01-16",18.5247906720342,0.6048,0.453137800252842,0.4052743417992,97.9114171369612,88.2395828630387,93.0755,0.570427867907465,48.747714201409,93.8140000000001,92.3647872972183,-1.18272456749575,-1.56815889040724
"8866195","2019-01-17",17.4265274837429,0.813084112149532,0.623028037383175,0.490370253373924,97.3563742273919,88.509625772608,92.933,0.725732653099247,53.7480696718146,93.5768000000001,92.6534823242558,-0.898924398758771,-1.43431199207754
"8866194","2019-01-18",16.4652093882085,0.663551401869157,0.693811838006228,0.589992558547414,96.8539139428232,88.7337527238435,92.7938333333333,0.678095807172704,50.2296986375014,93.2776000000001,92.7756846810217,-0.749079562848631,-1.29726550623176
"8866193","2019-01-22",16.03778871192,0.517133956386292,0.664589823468325,0.660476566285908,96.1695930503144,89.0407402830188,92.6051666666666,0.599805680272163,46.9863629680211,92.9480000000001,92.7562600568855,-0.703918692235228,-1.17859614343246
"8866192","2019-01-23",15.0299191464078,0.663398692810457,0.614694683688633,0.657698781721061,95.4505696318547,89.4734303681452,92.462,0.823677696187056,50.9084619516722,92.6832000000001,92.8834253826341,-0.567731998553145,-1.05642331445659
"8866191","2019-01-24",14.2570914828854,0.735251798561152,0.638594815919298,0.639293107692084,95.8139501042433,89.3360498957567,92.575,0.931981543906356,54.437744221783,92.5648000000001,93.1336353316162,-0.364643961632982,-0.918067443891871
"8866190","2019-01-25",13.2393365898495,0.657553956834532,0.685401482735378,0.646230327447769,96.0798249612453,89.4838417054213,92.7818333333333,0.833258375804059,52.3531952950457,92.4540000000001,93.2784839540674,-0.247777350037182,-0.784009425120933
"8866189","2019-01-28",12.7326911547994,0.530191458026509,0.640999071140729,0.654998456598467,96.2128618045201,89.6174715288132,92.9151666666667,0.69177535831233,49.3034390569287,92.3388000000001,93.2960194268584,-0.222640646788219,-0.67173566945439
"8866188","2019-01-29",12.2622346793957,0.480572597137016,0.55610600399935,0.627502185958485,96.3587784880976,89.6368881785691,92.9978333333333,0.711572429953329,51.7333060877499,92.2564000000001,93.3978835032773,-0.144901171504963,-0.566368769864505
"8866187","2019-01-30",12.0585484301207,0.396728016359921,0.469164023841146,0.555423032993741,96.4783870510947,89.7456129489053,93.112,0.667043576629276,50.1020771259523,92.1608000000002,93.4314990361737,-0.117354694411442,-0.476565954773892
"8866186","2019-01-31",11.8722497735178,0.551839464882945,0.476380026126625,0.50055001798904,96.7327191372342,90.0326141960991,93.3826666666667,0.8762130129024,55.1534921934021,92.3188000000002,93.6419658313505,0.0214519217766496,-0.376962379463784
"8866185","2019-02-01",11.6992581638151,0.588628762541807,0.512398747928222,0.485980932631997,96.8681995535962,90.4564671130705,93.6623333333333,0.848475759719968,55.9306965563006,92.5316000000002,93.8537037205038,0.148406577857307,-0.271888587999566
"8866184","2019-02-04",11.403879442096,0.52158273381295,0.554016987079232,0.514265253711358,96.902341476042,90.8983251906247,93.9003333333333,0.765877582179541,54.9975667260281,92.7052000000002,94.0105432244366,0.228974351057998,-0.171716000188053
"8866183","2019-02-05",11.3257996782813,0.612648221343875,0.574286572566208,0.54690076919122,96.8307130315413,91.5512869684587,94.191,0.856541281351759,57.6600962906208,92.8476000000002,94.2398041278451,0.348563835730809,-0.0676600330042807
"8866182","2019-02-06",11.2532970404533,0.614624505928853,0.58295182036189,0.570418460002442,96.7089421831519,92.1870578168481,94.448,0.840271121953607,57.69859975693,93.0228000000001,94.4398302441324,0.438805128764019,0.0336329993493793
"8866181","2019-02-07",12.1470356277537,0.546931407942238,0.591401378404986,0.582879923777694,96.8779948829256,92.4266717837411,94.6523333333333,0.914333736787435,57.2500603728277,93.2768000000002,94.6025195449147,0.497509079062897,0.126408215292083
"8866180","2019-02-08",13.4259057031462,0.820987654320988,0.660847856064024,0.611733684943633,97.5877942205361,92.1555391127972,94.8716666666667,1.13785664172209,65.5143250498995,93.5988000000001,95.0488502722594,0.729902014919825,0.247106975217631
"8866179","2019-02-11",14.5093103895713,0.775438596491228,0.714452552918149,0.655567262462385,98.115748507805,92.005251492195,95.0605,1.00560535290461,64.8073188637962,93.9120000000001,95.4196702359582,0.892360355232036,0.376157651220512
"8866178","2019-02-12",15.764211315338,0.730050933786078,0.775492394866096,0.716930934616088,98.4358805066142,92.2794528267192,95.3576666666667,0.968182764941122,64.0627968876446,94.2344000000001,95.7250475378304,0.998562879763876,0.500638696929185
"8866177","2019-02-13",16.2359963082437,0.599320882852292,0.701603471043197,0.730516139609146,98.538734480453,92.6389321862137,95.5888333333333,0.801337781279426,59.3511094680687,94.5196000000001,95.887041199453,1.00581226564982,0.601673410673312
"8866176","2019-02-14",16.3537815915692,0.536502546689303,0.621958121109222,0.699684662339504,98.6462570787256,92.8630762546077,95.7546666666667,0.72801754030712,57.1750400991697,94.7120000000001,95.9781023728593,0.969115372136642,0.675161802965978
"8866175","2019-02-15",16.7713672960783,0.663716814159293,0.599846747900294,0.641136113350903,98.894762865319,92.9015704680143,95.8981666666667,0.817332267555541,60.6595689137304,94.8820000000001,96.1676887231447,0.998035085306825,0.739736459434147
"8866174","2019-02-19",17.3177523951602,0.697345132743364,0.632521497863984,0.618108788957832,99.1176206918349,93.0563793081651,96.087,0.818361626690136,61.4331772640034,95.0344000000001,96.3573302267254,1.02473776166105,0.796736719879529
"8866173","2019-02-20",17.8251099871649,0.638694638694639,0.666585528532429,0.632984591432235,99.1911631340716,93.4588368659284,96.325,0.805576930678455,62.1089027222257,95.2760000000001,96.5430195298287,1.04688929380199,0.846767234664021
"8866172","2019-02-21",18.6833350641524,0.59353348729792,0.643191086245305,0.647432704213905,99.3465870003899,93.68241299961,96.5145,0.795218096484401,61.0293322495116,95.4948000000001,96.6839502591849,1.03966703164142,0.885347194059501
"8866171","2019-02-22",19.9430239700719,0.705426356589148,0.645884827527233,0.651887147434988,99.7101678450616,93.6991654882717,96.7046666666667,0.911245887669248,65.6200405979967,95.7180000000001,96.9487568912936,1.10997356717892,0.930272468683386
"8866170","2019-02-25",20.2416719074164,0.483443708609271,0.594134517498777,0.627736810423771,99.8419065049881,93.8984268283452,96.8701666666667,0.738889238388936,59.8057155871738,95.8508000000001,97.0689226391211,1.08460325902455,0.961138626751619
"8866169","2019-02-26",20.4878482169815,0.476821192052979,0.555230419083797,0.598416588036602,99.8175180895193,94.3201485771474,97.0688333333333,0.697276169549695,59.597657746324,96.0208000000001,97.1690662872383,1.04976352891302,0.978863607183899
"8866168","2019-02-27",20.2023843241248,0.368653421633554,0.442972774098599,0.530779236893724,99.6988634977139,94.7564698356194,97.2276666666667,0.574660179910405,56.1610040739978,96.2088000000001,97.1905241156065,0.970232764861789,0.977137438719477
"8866167","2019-02-28",20.3689402474456,0.353591160220994,0.399688591302507,0.465963928161634,99.5049036283834,95.3414297049499,97.4231666666667,0.673773155135638,58.8714568784672,96.3744000000001,97.2784542335256,0.939482081544329,0.969606367284447
"8866166","2019-03-01",20.8620559584484,0.24585635359116,0.322700311815234,0.388453892405446,99.5070787915472,95.5545878751194,97.5308333333333,0.633038467248035,56.0713892902539,96.4824000000001,97.3026603357222,0.872656018153495,0.950216297458257
"8866165","2019-03-04",21.5993016651662,0.433701657458565,0.344383057090238,0.355590653402659,99.5526512945788,95.7850153720878,97.6688333333333,0.762189169456759,59.6729380785257,96.6392000000001,97.4143056242926,0.866019639174254,0.933376965801456
"8866164","2019-03-05",22.3914635219855,0.505524861878456,0.395027624309391,0.354036997738287,99.5077078003452,96.1689588663215,97.8383333333333,0.813989866878058,60.9898847409315,96.8388000000001,97.5457315410536,0.872078689169986,0.921117310475162
"8866163","2019-03-06",22.7850618781426,0.430939226519337,0.45672191528545,0.398710865561692,99.4328174530643,96.4801825469357,97.9565,0.66262310848864,58.8409349514114,97.0016000000001,97.6236340022464,0.84468214043445,0.90583027646702
"8866162","2019-03-07",23.7118629239499,0.566433566433568,0.500965884943785,0.450905141512874,99.4008077321054,96.8401922678946,98.1205,0.947613740792555,63.0939840144831,97.2136000000001,97.8004828019469,0.88039958962316,0.900744139098248
"8866161","2019-03-08",24.8521304146629,0.68092105263158,0.559431281861493,0.505706360696908,99.5153332770346,97.048333389632,98.2818333333333,1.08431295735393,65.2180691691969,97.3892000000001,98.0137517616873,0.934694557053173,0.907534222689233
"8866160","2019-03-11",26.5859118782038,0.681922196796339,0.643092271953827,0.5678298129197,100.047765744514,96.7595675888195,98.4036666666667,1.2206581095373,69.0920583519048,97.5924000000001,98.3199181934624,1.04002628059776,0.934032634270939
"8866159","2019-03-12",28.3333305621002,0.794871794871793,0.719238348099902,0.640587300638406,100.649453253133,96.4798800802,98.5646666666667,1.17281067317493,71.8388753271838,97.8332000000001,98.6839291010007,1.16978676846775,0.981183461110301
"8866158","2019-03-13",28.4545110076624,0.53205128205128,0.669615091239802,0.677315237097842,100.891916565037,96.4504167682965,98.6711666666667,0.882490917725613,61.9791791163404,97.9968000000001,98.8354052208673,1.1581083356069,1.01656843600962
"8866157","2019-03-14",27.8951804395003,0.395299145299147,0.574074074074071,0.654309171137924,100.951944597347,96.6120554026529,98.782,0.684643731068771,57.5529759894012,98.1344000000001,98.8813511914183,1.08399366585925,1.03005348197955
"8866156","2019-03-15",27.1810443180946,0.354700854700853,0.427350427350424,0.557013197554765,100.942633143834,96.8617001894991,98.9021666666667,0.640776632801508,56.2682594583356,98.2676000000001,98.8958376992292,0.998231998149901,1.02368918521362
"8866155","2019-03-18",26.5179179196464,0.384615384615383,0.378205128205126,0.459876543209873,100.972969572273,96.9963637610598,98.9846666666666,0.617017716973901,57.0294089686875,98.3148000000001,98.927059339332,0.930944886254026,1.0051403254217
"8866154","2019-03-19",24.7169074394481,0.0571428571428581,0.265486365486363,0.357013973680637,100.963170280014,97.0348297199863,98.999,0.322910805202227,47.9731785414018,98.3104000000001,98.7661180940877,0.753877017067217,0.954887663750803
"8866153","2019-03-20",23.0445405649783,0.0835164835164854,0.175091575091573,0.272927689594353,100.954202280405,97.073797719595,99.014,0.335755957054055,48.7195368116178,98.3156000000001,98.6426356815427,0.616208560926768,0.887151843185996
"8866152","2019-03-21",21.647088383898,0.0909090909090909,0.0771894771894759,0.172589139255803,100.948474568583,97.1288587647503,99.0386666666667,0.406098758334077,50.4421957928359,98.3624000000001,98.5716175906703,0.523156364280286,0.814352747404854
"8866151","2019-03-22",21.387779732625,0.417249417249418,0.197224997224996,0.149835349835347,101.041060318962,97.1229396810375,99.082,0.745355725913143,58.2700722241805,98.4800000000001,98.6967352452476,0.557555880472149,0.762993374018313
"8866150","2019-03-25",20.9100724731244,0.363636363636364,0.290598290598289,0.188337588337586,101.098953214182,97.2107134524846,99.1548333333333,0.652211121125667,56.6859388860961,98.5552000000001,98.7745038792146,0.559449587643779,0.722284616743406
"8866149","2019-03-26",20.828484810517,0.557109557109556,0.445998445998444,0.311273911273908,101.236505029095,97.3038283042388,99.2701666666667,0.802550506074707,60.8248990062491,98.6560000000001,98.9525700286527,0.62142834465051,0.702113362324827
"8866148","2019-03-27",20.2382713977851,0.445221445221444,0.455322455322452,0.397306397306394,101.227182988057,97.5578170119427,99.3925,0.677369425009636,57.4083680014756,98.7312000000001,99.0428940248323,0.624029551800032,0.686496600219868
"8866147","2019-03-28",18.8000978742742,0.226107226107226,0.409479409479406,0.436933436933433,101.199758952306,97.712907714361,99.4563333333333,0.490535873844896,51.3280031694383,98.7748000000001,98.995841488188,0.543198956026747,0.657837071381244
"8866146","2019-03-29",17.635286005469,0.181818181818182,0.284382284382282,0.383061383061379,101.14316578077,97.8508342192301,99.497,0.309557455474887,50.1713044338106,98.7680000000001,98.9297292897629,0.458369389791136,0.617943535063222
"8866145","2019-04-01",16.4467860302583,0.162666666666667,0.190197358197356,0.294686350686347,101.135362901307,97.8773037653594,99.5063333333333,0.296504614454424,49.1050230791328,98.7872000000001,98.8497653844612,0.372964879876192,0.568947804025816
"8866144","2019-04-02",15.4704704988425,0.177325581395349,0.173936809960063,0.216172150846566,101.135362901307,97.8773037653594,99.5063333333333,0.309804966450868,49.1050230791328,98.8076000000001,98.7804633331997,0.301791147979524,0.515516472816558
"8866143","2019-04-03",14.6952588239598,0.0261627906976754,0.122051679586561,0.162061949247992,101.151361306828,97.8436386931722,99.4975,0.125875520851994,45.6623301969039,98.8268000000001,98.6510682221064,0.200535537952473,0.452520285843741
"8866142","2019-04-04",14.257668581673,0,0.0678294573643392,0.12127264897032,101.213981870405,97.651684796262,99.4328333333333,0.0902924518581047,43.817325135296,98.8136000000001,98.5002591258256,0.0953631171006331,0.381088852095119
"8866141","2019-04-05",13.4123841323664,0.0467032967032972,0.024288695800322,0.0713899442504065,101.209181368078,97.5058186319215,99.3575,0.191946640226446,45.2147822550773,98.8228000000001,98.3922245757155,0.0255667784936353,0.309984437374823
"8866140","2019-04-08",12.6274771437245,0.153846153846154,0.066849816849815,0.0529893233381577,101.012035877631,97.4729641223693,99.2425,0.282664291696498,48.3865359559968,98.8204000000001,98.3505946322868,0.00219665009530967,0.24842687991892
"8866139","2019-04-09",12.6049948114605,0,0.066849816849815,0.0526627764999829,100.657309811935,97.464023521398,99.0606666666667,0.0843362565809915,43.7052560339653,98.7808000000001,98.2251820146485,-0.070559951034721,0.184629513728192
"8866138","2019-04-10",11.9244613669961,0.0879999999999996,0.0806153846153824,0.0714383394383364,100.474541215438,97.423458784562,98.949,0.233755691058105,46.4531371036554,98.7652000000001,98.1604910793621,-0.099999863641953,0.127703638254163
"8866137","2019-04-11",11.1268090002086,0.130666666666669,0.0728888888888873,0.0734513634513605,100.405610476405,97.3663895235949,98.886,0.314864836942372,47.7839733821001,98.7232000000001,98.1257589354471,-0.108932005796092,0.0803765094441119
"8866136","2019-04-12",10.513957664845,0.168000000000003,0.128888888888888,0.0941310541310516,100.340292251921,97.3293744147455,98.8348333333333,0.373294450187371,48.9788782706161,98.6688000000001,98.1143244107208,-0.103306245722556,0.0436399584107782
"8866135","2019-04-15",10.3716868006757,0.258620689655174,0.18576245210728,0.129180076628351,100.279063365035,97.3212699682984,98.8001666666667,0.485293090434244,51.2937891356381,98.5888000000001,98.1404144892914,-0.0757636243516102,0.0197592418583005
"8866134","2019-04-16",10.3325554933694,0,0.142206896551723,0.152286079182629,100.308877962636,97.2341220373636,98.7715,0.161273927000371,42.5214048904883,98.4336000000001,98.0110258907192,-0.146069469120158,-0.0134065003373912
"8866133","2019-04-17",10.6647414559039,0,0.0862068965517224,0.138058748403574,100.394095164669,97.0279048353306,98.711,0.0412222179258912,40.0618992269144,98.3124000000001,97.8482224386233,-0.230570817170561,-0.0568393637040252
"8866132","2019-04-18",10.7152251397175,0.0436137071651093,0.0145379023883676,0.08098389849727,100.431510555473,96.855156111194,98.6433333333333,0.131841114413852,41.4065769641833,98.2224000000001,97.7257927801402,-0.282869007387487,-0.102045292440718
"8866131","2019-04-22",11.5082641496692,0,0.0145379023883676,0.0384275671094848,100.366908398308,96.5630916016917,98.465,-0.0227205829423552,36.4387904050309,98.1084000000001,97.5143537427882,-0.38534815122111,-0.158705864196796
"8866130","2019-04-23",12.426934725646,0,0.0145379023883676,0.0145379023883665,100.311142467194,96.2798575328061,98.2955,0.0190532634409883,35.2288366076053,97.9804000000001,97.3031065770831,-0.478752751699363,-0.222715241697309
"8866129","2019-04-24",11.7632720742288,0.341397849462365,0.113799283154119,0.0476250293102838,99.924560938608,96.3817723947253,98.1531666666667,0.347624737788692,46.7455781090901,97.9596000000001,97.289359033472,-0.44246044947035,-0.266664283251917
"8866128","2019-04-25",11.2987516076877,0.301075268817202,0.214157706093187,0.114164963878557,99.5918242017344,96.449509131599,98.0206666666667,0.300359505863833,45.7117508044051,97.9280000000001,97.2574444956758,-0.421294479073497,-0.297590322416234
"8866127","2019-04-26",10.8042719288246,0.459677419354837,0.367383512544799,0.231780167264034,99.3829810389011,96.516018961099,97.9495,0.517614463892276,50.3619113730307,97.9092000000001,97.3084518962523,-0.351510698210278,-0.308374397575042
"8866126","2019-04-29",10.2826995073672,0.317204301075267,0.359318996415766,0.313620071684583,99.264001758592,96.483998241408,97.874,0.31510814758944,46.5080279003309,97.8132000000001,97.2819916434187,-0.336293132166821,-0.313958144493398
"8866125","2019-04-30",10.5894684070326,0.489247311827955,0.422043010752684,0.382915173237749,99.173978474572,96.5143548587614,97.8441666666667,0.651337203357355,51.3494496804347,97.7520000000001,97.3443927576295,-0.268061059024616,-0.304778727399642
"8866124","2019-05-01",10.9644659209855,0.526881720430106,0.44444444444444,0.408602150537629,99.0856111975932,96.5517221357402,97.8186666666667,0.720214850129203,52.3650956576461,97.6632,97.4171403899456,-0.200091760101662,-0.283841333940046
"8866123","2019-05-02",10.5224933075376,0.323684210526313,0.446604414261456,0.437697289819526,99.0608692084515,96.5521307915486,97.8065,0.583773846348668,46.8705232016883,97.5644,97.3828550046195,-0.204350605671699,-0.267943188286376
"8866122","2019-05-03",10.73848694,0.409292035398229,0.419952655451547,0.437000504719147,99.149824236796,96.5328424298707,97.8413333333334,0.816649762131993,51.5229710273397,97.528,97.4358076706703,-0.154583674012121,-0.245271285431525
"8866121","2019-05-06",11.2462147396949,0.759183673469389,0.497386639797975,0.454647903170325,99.5514214693194,96.313911864014,97.9326666666667,1.15194143770504,62.2580435343352,97.5740000000001,97.7310333145809,0.0389651698549542,-0.188423994374229
"8866120","2019-05-07",11.9404976892156,0.698841698841698,0.622439135903103,0.513259477050874,99.8699305729511,96.155069427049,98.0125,1.05385650208476,61.4740653136837,97.6228000000001,97.9735622059701,0.18155756042546,-0.114427683414291
"8866119","2019-05-08",11.7322005093251,0.554054054054053,0.670693142121711,0.596839639274262,100.009730674845,96.1629359918219,98.0863333333334,0.792104663559431,55.7988810623448,97.6416000000001,98.0837539118408,0.229948686818493,-0.0455524093677346
"8866118","2019-05-09",12.2375592743109,0.548262548262547,0.600386100386097,0.631172792803636,100.169558906948,96.1367744263854,98.1531666666667,0.827358596282453,55.5778595615884,97.6800000000001,98.175253390262,0.262732008588884,0.0161044742235892
"8866117","2019-05-10",13.2509741751788,0.691768826619964,0.598028476312186,0.62303590627333,100.515231113722,96.0054355529451,98.2603333333334,0.98923134177581,61.6333499802367,97.7744000000001,98.4025529382271,0.375362000052371,0.0879559793893454
"8866116","2019-05-13",15.3518223070131,0.629464285714286,0.62316522019893,0.607193265632403,101.255174628565,95.6311587047687,98.4431666666667,1.15199554606849,67.6273627239292,97.9180000000001,98.7862125464635,0.572067069817384,0.184778197474953
"8866115","2019-05-14",17.3026098580021,0.828869047619049,0.716700719984431,0.645964805498514,102.059279775446,95.2380535578873,98.6486666666667,1.11836389315784,72.1174761313892,98.0996000000001,99.297384206935,0.826381261422604,0.313098810264483
"8866114","2019-05-15",19.2565600948135,0.818318318318319,0.758883883883882,0.69958327468908,102.76254922704,95.0544507729605,98.9085,1.02129155985808,71.6383433357027,98.3056000000001,99.7323996460103,1.00985347041249,0.452449742294085
"8866113","2019-05-16",21.392951898383,0.721763085399448,0.789650150445603,0.755078251437971,103.359489655551,95.0431770111156,99.2013333333334,0.959578681491393,69.888206513167,98.4900000000001,100.081413026542,1.12419889585527,0.586799573006321
"8866112","2019-05-17",22.364100257064,0.601941747572815,0.714007717096858,0.75418058380878,103.715309441449,95.1803572252183,99.4478333333334,0.829097722186648,63.1620495670482,98.6340000000001,100.270557956337,1.13270291823888,0.695980242052833
"8866111","2019-05-20",23.2658808758391,0.742024965325937,0.688576599432731,0.730744822325063,104.0578577825,95.4788088841666,99.7683333333334,0.863482405833932,67.2013503718213,98.8128000000001,100.569150228825,1.20621390069371,0.798026973781009
"8866110","2019-05-21",23.9798130827885,0.728155339805824,0.690707350901523,0.697763889143703,104.267853697155,95.9101463028455,100.089,0.820781749529237,66.4247387215622,98.9768000000001,100.814596864982,1.24153806681511,0.886729192387828
"8866109","2019-05-22",24.0289190521586,0.626707132018208,0.698962479049987,0.692748809794746,104.476927272089,96.1904060612444,100.333666666667,0.762233082461202,62.5334540216589,99.1664000000001,100.960650616318,1.21518738562458,0.952420831035179
"8866108","2019-05-23",24.3976677371834,0.732142857142858,0.695668442988961,0.695112757646823,104.733684640749,96.5243153592512,100.629,0.825359952562954,66.5814216807058,99.4096000000001,101.215230534142,1.25610290940208,1.01315724670856
"8866107","2019-05-24",25.0969773365421,0.782462057335581,0.713770682165547,0.702800534734831,105.066739499776,96.7752605002244,100.921,0.852048168988655,68.6342661177241,99.6688000000001,101.507866462923,1.31574401640477,1.0736746006478
"8866106","2019-05-28",24.1219590178684,0.537942664418211,0.684182526298881,0.697873883817795,105.05827937509,97.3157206249097,101.187,0.692830309484581,58.2814734129091,99.9016000000001,101.568150934533,1.23325059129731,1.1055897987777
"8866105","2019-05-29",22.887875746855,0.274873524451941,0.531759415401909,0.643237541288778,104.957191172788,97.6948088272121,101.326,0.458783038527876,49.611119408118,100.0804,101.412397476595,1.03206667768685,1.09088517455953
"8866104","2019-05-30",22.779246361382,0,0.270938729623382,0.49562689044139,104.85728192013,97.9130514132034,101.385166666667,0.237167902930903,42.4971246152339,100.1432,101.060077813049,0.734196913784579,1.01954752240454
"8866103","2019-05-31",22.6783762177285,0,0.0916245081506445,0.298107551058644,104.709508348238,98.191158318429,101.450333333333,0.173179052430253,42.4971246152339,100.212,100.754734104643,0.491996544321593,0.914037326787952
"8866102","2019-06-03",21.5663693677818,0.195615514333897,0.06520517144463,0.142589469739551,104.578948838161,98.5040511618393,101.5415,0.327459370920391,48.5824730798213,100.3036,100.644769557357,0.388312879983954,0.808892437427153
"8866101","2019-06-04",20.6774970910768,0.160202360876897,0.118605958403596,0.091811879332956,104.566353423376,98.5489799099572,101.557666666667,0.302073114234291,47.6003807793792,100.408,100.521466949709,0.285957704315676,0.704305490804857
"8866100","2019-06-05",19.8953776673562,0.483979763912311,0.279932546374366,0.15458122540753,104.611208021605,98.7244586450623,101.667833333333,0.602858124453654,56.2986719258779,100.5636,100.670604689748,0.354842613737527,0.634412915391391
"8866099","2019-06-06",19.6693848510497,0.699831365935919,0.448004496908373,0.282181000562111,104.68601683082,99.069649835847,101.877833333333,0.772803872688144,60.9523289206837,100.7648,100.970524064448,0.50581369337459,0.608693070988031
"8866098","2019-06-07",20.0255667721811,0.790732436472348,0.658181188773523,0.46203941068542,104.93718351143,99.3238164885701,102.1305,0.926867984385893,64.5709174773398,101.0408,101.382454189189,0.707489693854346,0.628452395561294
"8866097","2019-06-10",19.4936544895182,0.623318385650225,0.704627396019495,0.60360436056713,105.037018142176,99.5249818578247,102.281,0.716919230024145,58.80514804381,101.2472,101.590126963964,0.768591049683054,0.656480126385646
"8866096","2019-06-11",18.8743723994613,0.597907324364724,0.670652715495763,0.677820433429593,105.131946147584,99.5503871857491,102.341166666667,0.674174755353091,57.9591719925503,101.372,101.747443368768,0.794080255206087,0.684000152149734
"8866095","2019-06-12",18.2993247444085,0.717488789237668,0.646238166417536,0.673839425977597,105.243176507484,99.5328234925161,102.388,0.74785391194262,60.8159579593229,101.5328,101.990450919599,0.867362584092679,0.720672638538323
"8866094","2019-06-13",16.9938175753331,0.565022421524664,0.626806178375683,0.647899020096326,105.264070951226,99.5339290487748,102.399,0.630479607555049,55.6258327335049,101.6828,102.065057463653,0.83488412696473,0.743514936223605
"8866093","2019-06-14",15.7815609183345,0.626307922272048,0.636273044344791,0.636439129712669,105.296599197298,99.5327341360355,102.414666666667,0.6599621070584,57.2067316785204,101.8504,102.184383135166,0.831858421904785,0.761183633359841
"8866092","2019-06-17",15.3386414555683,0.484304932735428,0.558545092177377,0.607208104965949,105.31534387647,99.5506561235305,102.433,0.533017110638152,52.5362922436842,101.9356,102.161132050477,0.74579912091246,0.758106730870365
"8866091","2019-06-18",14.9273590972853,0.484304932735428,0.531639262580965,0.575485799701043,105.284488322971,99.5348450103626,102.409666666667,0.501797212935026,52.5362922436842,101.9648,102.140981110413,0.669886939612274,0.740462772618747
"8866090","2019-06-19",13.8756551558643,0.527653213751869,0.498754359740905,0.529646238166415,105.294247151934,99.5374195147328,102.415833333333,0.58294498812405,53.869633366523,101.952,102.162183629025,0.625428012548435,0.717455820604684
"8866089","2019-06-20",13.6048604450198,0.557491289198607,0.523149811895299,0.517847811405722,105.398315085275,99.5453515813923,102.471833333333,0.697307455029782,56.6720101623227,101.9664,102.263225811822,0.631826926763623,0.700330041836472
"8866088","2019-06-21",14.0469959223726,0.550702028081124,0.545282177010531,0.52239544954891,105.521178720685,99.5134879459822,102.517333333333,0.781749965193637,58.1299838431535,102.0024,102.394795703579,0.655254838527197,0.691315001174617
"8866087","2019-06-24",14.4575502942003,0.498886414253897,0.53569324384454,0.534708410916789,105.63835521805,99.4696447819503,102.554,0.827350968123899,60.8392019527007,102.0976,102.592822943102,0.714986466981693,0.696049294336032
"8866086","2019-06-25",14.8387793537545,0.475728155339805,0.508438865891606,0.529804762248891,105.811516072013,99.4581505946543,102.634833333333,0.761567406952353,61.2251929101531,102.156,102.776446550688,0.760342158261351,0.708907867121096
"8866085","2019-06-26",14.4899747235822,0,0.324871523197898,0.456334544311347,105.791894452809,99.5967722138575,102.694333333333,0.422896329040378,46.5624593419389,102.1116,102.579587010596,0.579795667473748,0.683085427191627
"8866084","2019-06-27",14.7087843863475,0,0.158576051779933,0.330628813623145,105.628995266911,99.9010047330891,102.765,0.187208514733477,42.7622575753044,102.0504,102.286308742517,0.359908279013643,0.61844999755603
"8866083","2019-06-28",14.9235751413015,0,-2.55351295663786e-15,0.161149191659275,105.401829207596,100.278170792405,102.84,0.105750454790046,42.68070659292,101.95,102.029467576848,0.181619005852207,0.531083799215265
"8866082","2019-07-01",15.9210705791827,0,-2.55351295663786e-15,0.0528586839266416,105.54606905656,100.043264276773,102.794666666667,-0.0829754331434627,37.0498841902799,101.7688,101.609538566602,-0.0765784477718578,0.409551349817841
"8866081","2019-07-02",15.4703878603091,0.306206896551724,0.102068965517239,0.0340229885057437,105.434589609685,100.284077056982,102.859333333333,0.267142916154251,48.108744033016,101.7344,101.541600091055,-0.104033306155471,0.306834418623178
"8866080","2019-07-03",14.4399389302793,0.506206896551724,0.270804597701147,0.12429118773946,105.458672494735,100.334994171932,102.896833333333,0.524689293907644,53.8157394790949,101.8204,101.676053412247,-0.0104383343547898,0.243379868027585
"8866079","2019-07-05",13.7694816197213,0.40551724137931,0.40597701149425,0.259616858237544,105.409082799128,100.300250534206,102.854666666667,0.443627039396548,50.7873716586424,101.9424,101.695246290614,0.00565400082277456,0.195834694586623
"8866078","2019-07-08",12.8394009311074,0.626206896551725,0.512643678160917,0.396475095785437,105.295249729483,100.340750270517,102.818,0.696858096647541,56.5576225998077,102.1284,101.925213451866,0.143575785465089,0.185382912762316
"8866077","2019-07-09",11.9493851834519,0.64,0.557241379310342,0.491954022988502,105.342063776226,100.333602890441,102.837833333333,0.706750142132226,56.8977819867138,102.272,102.137851658284,0.257515305748601,0.199809391359573
"8866076","2019-07-10",11.3540378857131,0.663448275862069,0.643218390804596,0.571034482758617,105.438100207498,100.318899792502,102.8785,0.743820629294052,57.5069268988081,102.4308,102.344804770513,0.356837055143711,0.231214924116401
"8866075","2019-07-11",10.6532301694255,0.635862068965517,0.646436781609193,0.615632183908043,105.445144212127,100.317522454539,102.881333333333,0.690861711907338,56.4953487182432,102.5048,102.497497467778,0.414775984936955,0.267927136280511
"8866074","2019-07-12",10.0921830122822,0.67090395480226,0.656738099876613,0.648797757430133,105.531191589313,100.31614174402,102.923666666667,0.705111494309496,57.0646951036694,102.5332,102.648497805407,0.46616904136545,0.307575517297499
"8866073","2019-07-15",9.76619221213817,0.650326797385621,0.652364273717797,0.651846385067867,105.525907614242,100.314759052425,102.920333333333,0.567099730993768,52.9595147134061,102.4852,102.67669809802,0.441210119767943,0.334302437791588
"8866072","2019-07-16",9.13671605276976,0.686274509803922,0.669168420663932,0.659423598086113,105.582404506062,100.350928827272,102.966666666667,0.61150454845812,53.9782113612739,102.4908,102.73047168495,0.43369728163265,0.3541814065598
"8866071","2019-07-17",9.00350623714606,0.811616954474097,0.716072753887877,0.679201816089868,105.747935707295,100.388397626038,103.068166666667,0.75782694560295,58.2692552444636,102.542,102.906408793624,0.498048835425058,0.382954892332852
"8866070","2019-07-18",8.3834995171246,0.708006279434851,0.735299247904287,0.706846807485364,105.816704498429,100.416295501572,103.1165,0.637674757677166,54.5428171357987,102.5348,102.97088762114,0.49151186265004,0.40466628639629
"8866069","2019-07-19",8.47834516546893,0.566718995290423,0.695447409733121,0.715606470508428,105.785061433239,100.404271900094,103.094666666667,0.51771735035276,49.8601697535599,102.5324,102.906769271655,0.411054571742997,0.405943943465631
"8866068","2019-07-22",8.96850142481014,0.192771084337352,0.489165453020873,0.639970703552759,105.659861264077,100.338138735923,102.999,0.368025187405433,47.0108191313754,102.49,102.772533368768,0.297559551362991,0.384267065045103
"8866067","2019-07-23",9.42364652276983,0.0612244897959206,0.273571523141229,0.486061461965073,105.460909244456,100.317757422211,102.889333333333,0.4009686373382,47.7197531145199,102.4908,102.673528919599,0.215287733214131,0.350471198678909
"8866066","2019-07-24",10.0399696328748,0,0.0846651913777549,0.282467389179951,105.288028139882,100.278305193451,102.783166666667,0.3782700480936,46.3332636416595,102.4808,102.551725063652,0.127341751794185,0.305845309301964
"8866065","2019-07-25",11.0290065720096,0,0.0204081632653042,0.126214959261428,105.298233537677,100.208766462323,102.7535,0.277940077038767,43.3210256080368,102.4352,102.366161721832,0.0101746191318641,0.246711171267944
"8866064","2019-07-26",11.947398015492,0.0488997555012231,0.0162999185004051,0.040457757714487,105.252033848472,100.325632818195,102.788833333333,0.274920205131736,44.6136215641038,102.3728,102.232006825588,-0.0662828326746689,0.184112370479422
"8866063","2019-07-29",12.1460900625096,0.146699266503669,0.0651996740016282,0.0339692519224448,105.16975639421,100.539910272457,102.854833333333,0.345603219948312,47.2068061150784,102.3132,102.169072582176,-0.0942619489764818,0.128437506588241
"8866062","2019-07-30",11.9961510730604,0.144254278728607,0.113284433577831,0.0649280086932869,104.78424376825,101.190422898417,102.987333333333,0.291122959697836,47.147375165666,102.228,102.113196237886,-0.115909616896515,0.0795680818912898
"8866061","2019-07-31",11.9378722456259,0.122249388753056,0.137734311328442,0.105406139635966,104.748857045649,101.273142954351,103.011,0.247485942855805,46.5790125293203,102.1356,102.052770072834,-0.138602874190541,0.0359338906749236
"8866060","2019-08-01",11.5627128140511,0.264058679706601,0.176854115729419,0.142624286878563,104.745093335942,101.268906664059,103.007,0.481684911462972,50.7033621093013,102.1732,102.077734063123,-0.109462478492894,0.00685461684136004
"8866059","2019-08-02",11.2143504847317,0.325183374083129,0.237163814180926,0.183917413746261,104.751029230349,101.296637436318,103.023833333333,0.465116869427395,52.4089175410199,102.2576,102.132702854707,-0.0658520000461738,-0.00768670653614672
"8866058","2019-08-05",10.6822299640388,0.144254278728607,0.24449877750611,0.219505569138817,104.663397400275,101.248935933058,102.956166666667,0.348829260009943,47.2030297012879,102.3132,102.081675807413,-0.0887582868803527,-0.0239010226049879
"8866057","2019-08-06",10.6539974818804,0.0219780219780215,0.163805224929917,0.215155938872316,104.558977926541,101.176355406792,102.867666666667,0.274041197659199,43.9619500413782,102.4076,101.969452366424,-0.145603480755363,-0.0482415142350629
"8866056","2019-08-07",9.96678839747667,0.300291545189504,0.155507948632042,0.187937317022688,104.399753786684,101.217912879983,102.808833333333,0.544366349797465,50.7461429556917,102.4512,101.998858717568,-0.114182817457431,-0.0614297748795366
"8866055","2019-08-08",10.3650308568085,0.319148936170213,0.213806167779243,0.177706447113733,104.376442196695,101.227891136639,102.802166666667,0.793627126372077,53.7306170834281,102.4556,102.087010888559,-0.0515244912970947,-0.0594487181630482
"8866054","2019-08-09",10.984737038717,0.597222222222223,0.40555423452731,0.258289450312864,104.583592117959,101.106074548708,102.844833333333,1.07565009909204,61.7497227012524,102.5496,102.364742770084,0.115893018852287,-0.0243803707599812
"8866053","2019-08-12",11.1970428575782,0.529761904761904,0.482044354384777,0.367134918897109,104.699804881561,101.071861785106,102.885833333333,0.83191443047809,59.2592871789057,102.566,102.56011040074,0.218915359053895,0.024278775202794
"8866052","2019-08-13",12.0145665534214,0.474206349206349,0.533730158730156,0.47377624921408,104.797033782282,101.037632884385,102.917333333333,0.835869118766455,57.2128533973092,102.5672,102.692095680641,0.275193330544821,0.0744616862711993
"8866051","2019-08-14",13.0158858980442,0.65524193548387,0.553070063150705,0.522948192088545,104.907221531545,100.974778468455,102.941,1.0040971481417,61.9619793592327,102.5992,102.931816256556,0.388900060510222,0.137349361119004
"8866050","2019-08-15",14.4717824776376,0.631284916201117,0.586911066963776,0.557903762948211,105.198872820704,100.826127179297,103.0125,1.02083980793062,62.6273131048178,102.6448,103.158240755681,0.484050160858729,0.206689521066949
"8866049","2019-08-16",16.6254733230769,0.781791907514452,0.68943958639981,0.609806905504763,106.047239403067,100.374093930267,103.210666666667,1.19497013351227,70.6140502341427,102.7656,103.623808654924,0.708331470665136,0.307017910986586
"8866048","2019-08-19",18.8358257797043,0.860810810810811,0.757962544842124,0.678104399401902,106.965914769772,100.021085230228,103.4935,1.14218038872494,73.5112658642899,102.9556,104.155300834267,0.948240703351844,0.435262469459638
"8866047","2019-08-20",20.7516527053366,0.845945945945946,0.829516221423734,0.758972784221888,107.687104896304,99.8498951036966,103.7685,1.02461272682511,72.6276787232528,103.1324,104.601260723032,1.11544232980776,0.571298441529262
"8866046","2019-08-21",22.2605442764349,0.817567567567568,0.841441441441439,0.809640069235765,108.247674705159,99.8436586281742,104.045666666667,0.936814966365097,70.876190800257,103.262,104.959759293294,1.21663417203868,0.700365587631145
"8866045","2019-08-22",23.8363761539456,0.83289817232376,0.832137228612422,0.834364963825864,108.756860655445,99.9768060112215,104.366833333333,0.919112805380334,72.0181756388182,103.4312,105.314458054188,1.30620608360703,0.821533686826322
"8866044","2019-08-23",25.46205067414,0.848180677540779,0.832882139144033,0.835486936399297,109.245593923691,100.160406076309,104.703,0.907292991129453,73.3157193601551,103.6516,105.67253031363,1.38933881110201,0.935094711681461
"8866043","2019-08-26",26.9716055857491,0.871794871794873,0.850957907219801,0.838659091658751,109.712189549635,100.340810450365,105.0265,0.882387689372134,74.3602531365203,103.908,106.024192938479,1.46109957372704,1.04029568409058
"8866042","2019-08-27",28.8788672394468,0.86225165562914,0.860742401654928,0.848194149339586,110.279404569419,100.501595430581,105.3905,0.921992964689499,77.0447918123325,104.1936,106.443633880015,1.56421895274996,1.14508033782245
"8866041","2019-08-28",29.8107352590757,0.756756756756758,0.830267761393588,0.847322690089438,110.624613958277,100.843386041724,105.734,0.834245696064443,71.5999778473372,104.4668,106.729816029347,1.58283004599289,1.23263027945654
"8866040","2019-08-29",30.9662870499774,0.817914831130691,0.81230774783886,0.834439303629124,111.044789647828,101.082210352172,106.0635,0.848286646495889,73.4466573105697,104.7852,107.048507225434,1.61822651628765,1.30974952682276
"8866039","2019-08-30",32.1511440100485,0.793447293447295,0.789372960444912,0.810649489892452,111.38579384425,101.411206155751,106.3985,0.821299830471037,73.4466573105697,105.0956,107.324706262043,1.62681934745921,1.37316349095005
"8866038","2019-09-03",33.6316685673025,0.780701754385965,0.797354626321314,0.799678444868361,111.713159843835,101.872840156165,106.793,0.859439541830291,75.8830488882542,105.4184,107.658745427104,1.66699295105646,1.43192938297133
"8866037","2019-09-04",35.2322872149676,0.824999999999999,0.79971634927775,0.795481312014658,111.985239351312,102.489427315355,107.237333333333,0.895191759531119,78.1348893716161,105.7712,108.04691270349,1.73325737907166,1.4921949821914
"8866036","2019-09-05",35.2500690233186,0.554054054054053,0.719918602813336,0.772329859470799,112.059326169149,103.126007164185,107.592666666667,0.77582133791828,68.3787373421965,106.0856,108.243324343024,1.68724677313663,1.53120534038044
"8866035","2019-09-06",34.574491092967,0.365638766519824,0.581564273524623,0.700399741871902,112.036913066522,103.717420266811,107.877166666667,0.68504733846916,63.7268793386528,106.354,108.337547763955,1.58976704044258,1.54291768039287
"8866034","2019-09-09",32.3829319441546,0.0220264317180605,0.313906417430643,0.538463097922866,111.947302436484,104.104030896849,108.025666666667,0.473352956232107,53.0830956413872,106.55,108.211208062094,1.38043625054829,1.51042139442396
"8866033","2019-09-10",30.8012292960832,0,0.129221732745959,0.341564141233741,111.702626011351,104.60437398865,108.1535,0.287717690423723,46.1173290841403,106.7232,107.927046987148,1.10406156826059,1.42914942919128
"8866032","2019-09-11",28.8606896794,0.0800000000000014,0.0340088105726847,0.159045653583094,111.392755291875,105.210578041459,108.301666666667,0.312633432136617,48.6647436556925,106.9352,107.742107388862,0.908845038343675,1.32508855102176
"8866031","2019-09-12",27.6868459906019,0.431304347826088,0.170434782608694,0.111221775309111,111.192078852556,105.821921147444,108.507,0.597390063517497,58.0449603377652,107.19,107.851159737013,0.895077306948333,1.23908630220708
"8866030","2019-09-13",26.3096655466918,0.368695652173914,0.293333333333332,0.165925642171569,110.918154232888,106.432179100446,108.675166666667,0.495132979410527,56.0783068659737,107.4116,107.897671772078,0.847372639929134,1.16074356975149
"8866029","2019-09-16",24.7513891801093,0.307826086956521,0.369275362318838,0.277681159420287,110.873247403232,106.591752596768,108.7325,0.398983878399856,54.1571221213225,107.5588,107.891315535801,0.774438989993698,1.08348265379993
"8866028","2019-09-17",23.854628520473,0.401739130434783,0.35942028985507,0.340676328502412,110.892694527572,106.669305472428,108.781,0.533701212811506,56.6260780034027,107.7412,107.957806797694,0.748386253948796,1.0164633738297
"8866027","2019-09-18",23.5579451834822,0.506086956521739,0.405217391304345,0.37797101449275,110.965767246729,106.768899419938,108.867333333333,0.676163120652404,59.2520460469989,107.9588,108.095432558002,0.763680546522938,0.96590680836835
"8866026","2019-09-19",23.4099806155318,0.733913043478261,0.547246376811591,0.437294685990334,111.159491520043,106.858508479957,109.009,0.858290182880819,64.3297934773151,108.1912,108.389374883602,0.863262408710863,0.945377928436853
"8866025","2019-09-20",22.3844225526205,0.56,0.599999999999997,0.51748792270531,111.252666873835,106.961999792832,109.107333333333,0.711155977123295,58.3520809643839,108.378,108.510791565788,0.85748231202647,0.927798805154776
"8866024","2019-09-23",21.5238897604553,0.768695652173913,0.687536231884055,0.611594202898547,111.478372250713,106.981627749287,109.23,0.861743182462433,62.8171802307696,108.532,108.776019357016,0.931074399117793,0.92845392394738
"8866023","2019-09-24",21.6097538813012,0.714285714285715,0.680993788819873,0.656176673567974,111.839233906503,106.923099426831,109.381166666667,0.958117383887493,64.4585904547196,108.6668,109.069883442747,1.01276119343758,0.94531537784542
"8866022","2019-09-25",21.9357696862048,0.747599451303155,0.743526939254259,0.704018986652728,112.250262164007,106.774737835993,109.5125,0.980471490168268,66.2946220464032,108.828,109.397898983714,1.10475930917084,0.977204164110505
"8866021","2019-09-26",22.5904718099868,0.848675914249684,0.770187026612849,0.731569251562326,112.885242594219,106.560424072448,109.722833333333,1.05134651763736,70.1583008333899,109.0488,109.852845785886,1.25649725144441,1.03306278157729
"8866020","2019-09-27",22.2784371713952,0.726355611601513,0.774210325718115,0.762641430528406,113.222450634684,106.50388269865,109.863166666667,0.868654951012538,64.156407191024,109.2176,110.117799681101,1.28974731308409,1.08439968787865
"8866019","2019-09-30",22.0454734665845,0.744310575635875,0.773114033829022,0.772503795386661,113.562842950509,106.457490382824,110.010166666667,0.856515266840842,65.0202063427719,109.3816,110.382093056954,1.31940021357517,1.13139979301795
"8866018","2019-10-01",21.6264428604406,0.655844155844156,0.708836781027179,0.752053713524771,113.779140427737,106.426859572263,110.103,0.783404117392366,63.6852389709704,109.5248,110.583147316027,1.31200281588519,1.1675203975914
"8866017","2019-10-02",20.2122437827976,0.412337662337663,0.604164131272562,0.695371648709587,113.785465679009,106.426867654325,110.106166666667,0.628715641687354,54.9989658801599,109.5736,110.557394340557,1.18294824683971,1.17060596744106
"8866016","2019-10-03",18.8990589249862,0.459415584415586,0.509199134199132,0.607400015499623,113.846435061047,106.45323160562,110.149833333333,0.605524847431856,56.2416119035331,109.6572,110.573741761816,1.08929106669091,1.15434298729103
"8866015","2019-10-04",18.7208779115564,0.503558718861209,0.458437321871483,0.523933529114391,114.029647359613,106.518019307054,110.273833333333,0.716042823470238,58.5375508624622,109.7412,110.659909526907,1.04240999360286,1.1319563885534
"8866014","2019-10-07",18.5554241133715,0.547808764940238,0.503594356072342,0.490410270714318,114.158790207947,106.826209792053,110.4925,0.731501041068757,60.6771773868418,109.846,110.803921589986,1.03114759977703,1.11179463079812
"8866013","2019-10-08",17.4225692871194,0.269639065817408,0.440335516539616,0.467455731494479,113.924168804526,107.492497862141,110.708333333333,0.539647550735136,53.9333337975613,109.8756,110.772732044655,0.926261811126849,1.07468806686387
"8866012","2019-10-09",16.2684349628205,0.191082802547772,0.33617687776847,0.426702250126808,113.651432242631,108.105567757369,110.8785,0.440165625356465,51.9663321233649,109.8608,110.696367772034,0.806900471816618,1.02113054785442
"8866011","2019-10-10",15.5501326704499,0,0.153573956121724,0.310028783476602,113.598555659362,108.276444340638,110.9375,0.363306128633455,49.4968502437096,109.8692,110.567518735763,0.670308755503224,0.95096618938418
"8866010","2019-10-11",14.5500131182014,0.165887850467288,0.118990217671684,0.202913683853958,113.493901495636,108.597431837698,111.045666666667,0.45323161052804,53.1210089627632,109.9288,110.550516237661,0.606895836343457,0.882152118776035
"8866009","2019-10-14",14.27030460674,0,0.05529595015576,0.109286707983055,113.284977961052,108.993355372282,111.139166666667,0.274172437901995,48.5740805282491,110.0164,110.42111407264,0.488200544213213,0.803361803863471
"8866008","2019-10-15",14.8940270490194,0,0.05529595015576,0.0765273726610669,113.302060745555,108.965605921111,111.133833333333,-0.0343458563444865,42.2755138543665,110.1008,110.123632196288,0.288973339713228,0.700484111033422
"8866007","2019-10-16",15.6390636602416,0,-2.692290834716e-15,0.0368639667705047,113.504937656979,108.619395676355,111.062166666667,-0.0913025299527053,41.0787131027943,110.1552,109.827147903449,0.108211647237422,0.582029618274222
"8866006","2019-10-17",15.8472128063403,0.0415913200723309,0.0138637733574409,0.023053241171065,113.640705595333,108.278294404667,110.9595,0.0407227745570138,42.4697659218669,110.138,109.600861516323,-0.0182151083182314,0.461980672955731
"8866005","2019-10-18",15.5404913646269,0.119626168224299,0.0537391627655407,0.0225343120409919,113.699978496626,108.113021503374,110.9065,0.150405995781621,44.9641195260545,110.1516,109.459413314146,-0.0873429287098659,0.352115952622612
"8866004","2019-10-21",15.1287621595043,0.199999999999999,0.120405829432207,0.0626695885183951,113.709518426879,107.946481573121,110.828,0.232548416321816,47.5334144727298,110.1964,109.394158205594,-0.109194482391262,0.259853865619837
"8866003","2019-10-22",14.5406293244446,0.19626168224299,0.171962616822427,0.115369203006724,113.639417396537,107.787915936797,110.713666666667,0.266384745965532,47.4225228033591,110.2188,109.334937111514,-0.126546055977128,0.182573881300444
"8866002","2019-10-23",14.1037628206202,0.171962616822428,0.18940809968847,0.160592181981033,113.486034916258,107.646631750409,110.566333333333,0.265444065469401,46.6605356156338,110.212,109.266278829979,-0.14820866452403,0.116417372135549
"8866001","2019-10-24",13.6981010670689,0.179190751445085,0.182471683503498,0.181280800004797,113.077661919957,107.64700474671,110.362333333333,0.273078415002074,46.7314403606977,110.1532,109.208108319315,-0.162780814575736,0.0605777347932924
"8866000","2019-10-25",14.3410698598229,0,0.117051122755835,0.162976968649267,112.874001158187,107.42966550848,110.151833333333,0.128635436273594,39.5902567965537,110.084,108.98969387674,-0.264570729465974,-0.00445195805856086
"8865999","2019-10-28",15.5815340490885,0,0.0597302504816924,0.119751018913674,112.673452719511,107.089213947156,109.881333333333,0.00790069837191577,35.0572330123691,109.9272,108.668401359841,-0.414222241949969,-0.0864060148368424
"8865998","2019-10-29",16.7333936534065,0.0340681362725455,0.0113560454241791,0.0627124728872344,112.457932927231,106.797067072769,109.6275,0.0552800464233881,36.403803924396,109.758,108.412614511862,-0.514722198427475,-0.172069251554969
"8865997","2019-10-30",16.5073161162011,0.244488977955912,0.0928523714094831,0.0546462224384504,112.301016309554,106.668650357113,109.484833333333,0.271883903819055,44.1118333621531,109.6088,108.330932576947,-0.510482493953412,-0.239751900034658
"8865996","2019-10-31",16.6722869353778,0.148846960167717,0.142468024798722,0.0822254805441269,112.153744611163,106.502922055503,109.328333333333,0.229537900318133,41.4819473720741,109.388,108.192141566688,-0.539010036615495,-0.299603527350825
"8865995","2019-11-01",16.8254741246134,0.320224719101124,0.237853552408248,0.157724649538817,111.751178349777,106.522821650223,109.137,0.295920580535176,44.487048520453,109.2232,108.129189357796,-0.523573037405078,-0.344397429361676
"8865994","2019-11-04",18.1829836406901,0,0.156357226422944,0.178892934543304,111.305730807173,106.401935859494,108.853833333333,0.0254355674541579,35.6770534599921,108.9712,107.818630776757,-0.647547352667288,-0.405027414022798
"8865993","2019-11-05",19.773525318151,0,0.106741573033705,0.166984117288298,111.226394332987,105.942605667014,108.5845,-0.0692569335150481,33.2401807822967,108.7012,107.461480006522,-0.786842674494759,-0.48139046611719
"8865992","2019-11-06",21.255447911914,0,-2.72004641033163e-15,0.087699599818881,111.148186282264,105.507813717737,108.328,-0.0161597571840032,33.2031754568745,108.4908,107.150616005653,-0.888450155648068,-0.562802404023366
"8865991","2019-11-07",23.6882490229099,0,-2.72004641033163e-15,0.0355805243445654,111.38954633774,104.589786995593,107.989666666667,-0.168602093776187,25.266593315651,108.164,106.531867204899,-1.15463699685263,-0.681169322589219
"8865990","2019-11-08",25.9827747246126,0,-2.72004641033163e-15,-3.84877315203388e-15,111.428837079137,103.746162920863,107.5875,-0.12662642817952,24.9964413348622,107.8112,105.980951577579,-1.360388917253,-0.817013241521975
"8865989","2019-11-11",28.2324534166711,0,-2.72004641033163e-15,-3.84877315203388e-15,111.466933735641,102.930066264359,107.1985,-0.0632628146303384,24.0886854648515,107.4232,105.455491367235,-1.53510091828292,-0.960630776874163
"8865988","2019-11-12",30.3214407735825,0.00910273081924489,0.00303424360641224,0.00101141453546781,111.554375581978,102.202291084689,106.878333333333,0.022566332533224,24.6615969319804,107.0848,105.009425851604,-1.6508106591071,-1.09866675332075
"8865987","2019-11-13",30.3637219991902,0.0846047156726768,0.0312358154973045,0.0114233530345702,111.516076627129,101.756256706204,106.636166666667,0.161247165065174,29.1065532542505,106.7828,104.694835738057,-1.68268411517773,-1.21547022569215
"8865986","2019-11-14",30.1650636306988,0.30603448275862,0.133247309750178,0.0558391229512971,111.324803649611,101.540196350389,106.4325,0.29466046973327,39.8621286848603,106.5604,104.624857639649,-1.57298449765267,-1.28697308008425
"8865985","2019-11-15",30.3583243660499,0.206896551724138,0.199178583385142,0.121220569544207,111.048358074592,101.308641925408,106.1785,0.263323013591106,37.1097642331807,106.282,104.472209954363,-1.52190625759228,-1.33395971558586
"8865984","2019-11-18",30.133875816916,0.172413793103447,0.228448275862066,0.186958056332461,110.657930912628,101.154735754039,105.906333333333,0.282915117960548,36.1741630143044,106.0284,104.307915293781,-1.48313641795588,-1.36379505605986
"8865983","2019-11-19",30.2356856887724,0.0973451327433625,0.158885159190313,0.195504006145839,110.21574556651,100.978921100157,105.597333333333,0.23685039966702,34.091514050962,105.8088,104.093526587943,-1.47752398389833,-1.38654084162756
"8865982","2019-11-20",28.4228315442276,0.249628528974739,0.17312915160718,0.186820862219852,109.694347049478,101.036652950522,105.3655,0.406961369760438,41.0011081118856,105.6416,104.043723042884,-1.37832890306574,-1.38489845391519
"8865981","2019-11-21",26.7394669814361,0.316498316498316,0.221157326072137,0.184390545623209,109.114656093341,101.157010573326,105.135833333333,0.424705534424761,42.2789005112435,105.4732,104.027226637166,-1.26959085229625,-1.36183693359141
"8865980","2019-11-22",24.9448024932795,0.40362811791383,0.323251654462292,0.239179377380535,108.696094203004,101.21923913033,104.957666666667,0.447705285685011,41.7915298267746,105.2844,103.999596418878,-1.17760708206192,-1.32499096328551
"8865979","2019-11-25",23.2783283257055,0.588095238095239,0.436073890835792,0.326827623790073,108.452228250622,101.246105082711,104.849166666667,0.515843007953981,46.3841710242288,105.106,104.067650229694,-1.03919579535998,-1.2678319297004
"8865978","2019-11-26",22.0382956090192,0.5,0.497241118669687,0.418855554655923,108.172832415813,101.270167584187,104.7215,0.476120333616929,44.3628598194207,104.9136,104.077296865735,-0.947243562003386,-1.203714256161
"8865977","2019-11-27",20.8192172599845,0.717647058823529,0.60191409897292,0.511743036159465,107.674103049518,101.497896950482,104.586,0.646368172548664,50.3459386531097,104.7644,104.212323950303,-0.791623191185076,-1.12129604316581
"8865976","2019-11-29",20.0357542414699,0.631130063965884,0.616259040929801,0.571804752857468,107.234774133826,101.714892532841,104.474833333333,0.699611769414888,49.7995658531585,104.6112,104.317347423596,-0.66757029192378,-1.03055089291741
"8865975","2019-12-02",18.9663023265306,0.354978354978355,0.567918492589253,0.595363877497324,106.490095210959,102.061238122374,104.275666666667,0.457325333326469,42.8449044032236,104.4584,104.24170110045,-0.658342705129689,-0.956109255359864
"8865974","2019-12-03",17.973239834087,0.284313725490195,0.423474048144808,0.53588386055462,106.112867420723,102.194799245944,104.153833333333,0.483707957471408,43.2545491674659,104.3476,104.184140953723,-0.639079352033978,-0.892703274694687
"8865973","2019-12-04",16.8666925007868,0.253101736972704,0.297464605813748,0.429619048849269,105.92690485935,102.232761807317,104.079833333333,0.504556762717668,42.7594857123874,104.2264,104.122255493227,-0.6236408936802,-0.838890798491789
"8865972","2019-12-05",15.8391842627223,0.349875930521091,0.295763797661327,0.338900817206627,105.773061255205,102.277605411462,104.025333333333,0.586207163472723,45.6617788603658,104.0788,104.120621427463,-0.574595530667432,-0.786031744926918
"8865971","2019-12-06",14.8306664067466,0.362282878411909,0.321753515301898,0.304993972925657,105.812328813472,102.340004519861,104.076166666667,0.610540750482166,46.039528074355,103.9536,104.125871903802,-0.525791821279142,-0.733983760197363
"8865970","2019-12-09",13.862247429992,0.354838709677417,0.355665839536803,0.324394384166675,105.792101044068,102.523898955933,104.158,0.577106614953456,45.8336460202918,103.81,104.126422316628,-0.483859922125407,-0.683958992582972
"8865969","2019-12-10",13.4305460068342,0.219269102990032,0.312130230359783,0.329849861732827,105.708429394526,102.841237272141,104.274833333333,0.657587393535868,47.923578243783,103.7532,104.160232674411,-0.426345761025249,-0.632436346271427
"8865968","2019-12-11",13.441051744329,0.368770764119601,0.314292858929014,0.327362976275199,105.614758753809,103.210241246191,104.4125,0.813645737357717,51.5474779901813,103.7408,104.24953498449,-0.341983597075224,-0.574345796432187
"8865967","2019-12-12",12.9393749825559,0.22923588039867,0.272425249169431,0.299616112819409,105.60307640813,103.37992359187,104.4915,0.688246168656981,48.1776907710679,103.712,104.270930319891,-0.304120175113876,-0.520300672168524
"8865966","2019-12-13",12.4735322751952,0.239202657807308,0.279069767441857,0.288595958513433,105.628715533299,103.391284466701,104.51,0.626633324066622,48.4369833112677,103.7892,104.293472943905,-0.268692851644847,-0.469979108063789
"8865965","2019-12-16",13.1639861066448,0.445182724252492,0.304540420819487,0.285345145810257,105.768857100323,103.423142899677,104.596,0.925172569215249,53.6036687300352,103.8956,104.395676551385,-0.190490422623157,-0.414081370975663
"8865964","2019-12-17",14.3736184989283,0.779291553133515,0.487892311731102,0.357167499997481,106.225520647743,103.267146018924,104.746333333333,1.2110886654358,63.3100510091414,104.0772,104.686919677867,-0.0111997531325292,-0.333505047407036
"8865963","2019-12-18",15.8984286047518,0.564705882352943,0.596393386579647,0.462942039710078,106.459030879646,103.390635787021,104.924833333333,1.09048241137137,59.2689482088477,104.2376,104.877997054151,0.0940715311757767,-0.247989731690474
"8865962","2019-12-19",17.4149204335452,0.772727272727273,0.705574902737907,0.596620200349551,106.94622323775,103.19277676225,105.0695,1.13510518902913,64.5643030305203,104.4164,105.176930780264,0.251142561597995,-0.14816327303278
"8865961","2019-12-20",18.9467438497351,0.737991266375545,0.691808140485251,0.664592143267601,107.352838894953,103.082494438381,105.217666666667,1.03446117907903,64.3840169533731,104.5336,105.433340009562,0.369400275575837,-0.0446505633110564
"8865960","2019-12-23",18.4780628547993,0.425764192139739,0.645494243747516,0.680959095656891,107.489037660421,103.134295672912,105.311666666667,0.760635418414085,52.9904857174821,104.6212,105.464894674954,0.349554167670951,0.0341903828853451
"8865959","2019-12-24",17.7539597098497,0.310262529832935,0.491339329449404,0.609547237894056,107.52625289407,103.171080439263,105.348666666667,0.581435734255499,51.2158601151542,104.708,105.45757538496,0.310366865360501,0.0894256793803762
"8865958","2019-12-26",17.3438943972307,0.35011990407674,0.362048875349802,0.499627482848906,107.575939177902,103.257394155431,105.416666666667,0.615779735396572,52.404255101907,104.8236,105.475232000299,0.289736822805864,0.129487908065474
"8865957","2019-12-27",17.0490908163321,0.436450839328539,0.365611091079402,0.406333098626202,107.636702228119,103.266297771881,105.4515,0.668214789735798,54.777026779302,104.9128,105.538534400259,0.297471752247169,0.163084676901813
"8865956","2019-12-30",16.9527537013442,0.38265306122449,0.38974126820992,0.37246707821304,107.691770657982,103.273562675352,105.482666666667,0.662358434947697,54.2111051340962,104.9912,105.584063146891,0.294831490369174,0.189434039595285
"8865955","2019-12-31",17.4746921404425,0.521850899742931,0.446984933431984,0.400779097573768,107.79989968198,103.436100318021,105.618,0.769337161337076,57.9536009816711,105.096,105.698188060639,0.331645903385391,0.217876412353306
"8865954","2020-01-02",16.3809140090003,0.102827763496145,0.335777241487853,0.390834481043251,107.75832711843,103.624006214904,105.691166666667,0.466661191390385,46.1339193625235,105.108,105.579762985887,0.233659272959752,0.221032984474596
"8865953","2020-01-03",15.3652628869469,0.256476683937826,0.293718449058965,0.358826874659599,107.703479518448,103.835520481552,105.7695,0.472552277401598,50.287121166905,105.1596,105.559794587769,0.201037502324364,0.217033888044549
"8865952","2020-01-06",14.338032423926,0.137535816618913,0.165613421350959,0.265036370632591,107.654515115364,104.015818217969,105.835166666667,0.446363582301555,49.3616176563228,105.1676,105.523821976066,0.162608122144703,0.20614873486458
"8865951","2020-01-07",13.8103503406203,0,0.131337500185577,0.196889790198499,107.613057649844,104.112942350156,105.863,0.258198441803105,45.8559750650621,105.1576,105.420645712591,0.0897984776726535,0.182878683426195
"8865950","2020-01-08",13.5515642756465,0,0.0458452722063015,0.114265397914278,107.575111230548,104.189888769452,105.8825,0.180227810006464,44.4093001802929,105.1884,105.300559617579,0.0142638069168477,0.149155708124325
"8865949","2020-01-09",12.9329603775761,0,-2.70154269325455e-15,0.0590609241306242,107.564235121499,104.214431545168,105.889333333333,0.193713384495264,44.0191562801189,105.2144,105.188485001902,-0.0496936751022359,0.109385831479013
"8865948","2020-01-10",12.0238987215547,0.234375000000001,0.0781249999999977,0.0413234240687644,107.558517848627,104.25914881804,105.908833333333,0.393262419753012,50.9763272868463,105.28,105.211353668315,-0.0310029723465499,0.0813080707139004
"8865947","2020-01-13",12.489678103285,0.338983050847458,0.191119350282484,0.0897481167608252,107.561751974132,104.385248025868,105.9735,0.572354178391272,53.0699927483806,105.342,105.271173179206,0.00673125406527308,0.066392707384175
"8865946","2020-01-14",12.9221875291774,0.513157894736842,0.362171981861431,0.210472110714636,107.555350011007,104.552316655659,106.053833333333,0.61527233490433,55.5246279798486,105.4164,105.371016755312,0.0634604589658805,0.0658062577005161
"8865945","2020-01-15",14.4054326311322,0.615571776155718,0.489237573913337,0.347509635352416,107.763420107859,104.536579892141,106.15,0.923530939031101,61.3852473504335,105.5308,105.586881187937,0.180447899810954,0.0887345861226036
"8865944","2020-01-16",16.0790518904613,0.779475982532751,0.636068551141767,0.495826035638844,108.08724244712,104.364424219547,106.225833333333,1.07505717509298,66.4845956700614,105.6768,105.912630362879,0.348157018700634,0.14061907263821
"8865943","2020-01-17",17.744813421273,0.775210084033615,0.723419280907359,0.616241801987486,108.417132631623,104.211534035043,106.314333333333,1.02128924883988,67.0256860094819,105.8096,106.210946314495,0.484049461797142,0.209305150469996
"8865942","2020-01-21",19.6609951177446,0.758364312267659,0.771016792944672,0.710168208331265,108.746867417298,104.033799249368,106.390333333333,1.04805063452632,68.7892743830504,105.9748,106.521486805896,0.613713827428075,0.290186885861612
"8865941","2020-01-22",21.7487683267678,0.909243697478993,0.814272697926753,0.769569590592927,109.3321872359,103.703479430767,106.517833333333,1.12752709661816,73.9133101258104,106.192,106.967955231776,0.806932925647907,0.393536093818871
"8865940","2020-01-23",24.139428343601,0.839363241678727,0.835657083808457,0.80698219155996,110.062649128897,103.391350871103,106.727,1.08504354762434,75.199109497413,106.4,107.406894534206,0.976982968991247,0.510225468853346
"8865939","2020-01-24",26.7391145989927,0.848984771573605,0.865863903577106,0.838597895104104,110.920623873062,103.117709460272,107.019166666667,1.08023191854808,77.8787359516953,106.5828,107.905975262979,1.16373880438458,0.640928135959594
"8865938","2020-01-27",29.2842028268617,0.825454545454546,0.837934186235623,0.846485057873728,111.682806127292,102.938860539375,107.310833333333,1.0076846169767,78.2204259652957,106.7888,108.354511894581,1.30424430408362,0.7735913695844
"8865937","2020-01-28",31.6474990384543,0.827878787878789,0.834106034968977,0.845968041593901,112.306355435524,102.860311231143,107.583333333333,0.929103786265734,78.2806407016513,106.9556,108.745910308637,1.39978105554484,0.898829306776487
"8865936","2020-01-29",32.9235170919246,0.756363636363637,0.803232323232322,0.82509084814564,112.770596183219,102.900737150115,107.835666666667,0.845597641117199,71.9601316693804,107.0996,109.006455600819,1.41469439083681,1.00200232358855
"8865935","2020-01-30",34.5638474689588,0.820802005012531,0.801681476418317,0.813006611539871,113.403594295124,102.827072371543,108.115333333333,0.903850468442728,76.2036499354067,107.3492,109.393594854043,1.49793436857257,1.10118873258536
"8865934","2020-01-31",36.1458866508457,0.789002557544756,0.788722732973639,0.797878844208091,113.91783666748,102.995496665854,108.456666666667,0.859202637232426,75.3912676370107,107.606,109.718448873504,1.53936528738619,1.18882404354552
"8865933","2020-02-03",37.6149230340264,0.796246648793565,0.802017070450281,0.797473759947411,114.319913484889,103.247753181778,108.783833333333,0.80913870822224,75.8419643033266,107.8608,110.017322357037,1.56301429660204,1.26366209415683
"8865932","2020-02-04",36.6688588513674,0.50693374422188,0.697394316853398,0.762711373425772,114.444923091203,103.636743575464,109.040833333334,0.66091208182968,60.4373415208131,108.034,110.052346042765,1.44170245430408,1.29927016618628
"8865931","2020-02-05",35.640170902628,0.388990825688074,0.56405707290117,0.687822820068282,114.4222507444,104.207082588934,109.314666666667,0.615383971044649,59.4313920827456,108.2048,110.065366570397,1.32081131399397,1.30357839574782
"8865930","2020-02-06",34.7235740820795,0.401500938086304,0.432475169332084,0.564642186362216,114.295922510344,104.913744156323,109.604833333334,0.606425177855617,60.1996847332113,108.3588,110.095317694344,1.22118569157361,1.28709985491298
"8865929","2020-02-07",33.0292286490885,0.210526315789472,0.333672693187948,0.443401645140399,114.02018149831,105.706485168357,109.863333333334,0.52044818492917,54.5568084817119,108.5496,110.026608668431,1.07779308372493,1.24523850067537
"8865928","2020-02-10",31.4559078898826,0.0179487179487198,0.209991990608163,0.32537995104273,113.739117686933,106.423215646401,110.081166666667,0.47705910598534,55.0046234182077,108.7184,109.976394179307,0.958271729408611,1.18784514642202
"8865927","2020-02-11",30.3794619350807,0.035897435897436,0.0881241565452068,0.210596280113771,113.472950003085,107.078716663582,110.275833333334,0.471979961137797,55.4771189363393,108.8956,109.942208288733,0.858809884929235,1.12203809412346
"8865926","2020-02-12",28.7573950380332,0,0.0179487179487161,0.105354955034028,113.158184535942,107.624148797392,110.391166666667,0.195610928518988,43.8572402550829,109.0288,109.693913850235,0.651983571509285,1.02802718960062
"8865925","2020-02-13",27.3538178251358,0.303703703703703,0.113200379867044,0.0730910847869879,112.963722480087,108.092277519913,110.528,0.443617002981181,54.1903171880188,109.2368,109.697392003537,0.601747935302832,0.942771338741066
"8865924","2020-02-14",26.546247212933,0.505555555555556,0.269753086419751,0.133634061411836,112.907961991139,108.431704675528,110.669833333333,0.619184390526291,59.5226289923773,109.4908,109.845739736399,0.634737783466965,0.881164627686246
"8865923","2020-02-18",26.6541362670585,0.672222222222221,0.493827160493824,0.292260208926872,112.963596585847,108.75107008082,110.857333333333,0.832183864401398,63.3192492656988,109.7448,110.094307771546,0.718425272184198,0.848616756585836
"8865922","2020-02-19",26.884796738251,0.667272727272728,0.615016835016832,0.459532360643468,113.042444432196,109.010888901138,111.026666666667,0.830724288196392,63.4831873642044,109.9884,110.31506673534,0.778322945749177,0.834557994418505
"8865921","2020-02-20",25.478622788621,0.343636363636364,0.561043771043768,0.55662925551814,113.037669965525,109.105330034475,111.0715,0.468254694273058,52.2846654198303,110.1464,110.269057837294,0.687499516068746,0.805146298748553
"8865920","2020-02-21",24.242202531882,0.629090909090911,0.546666666666665,0.574242424242421,113.138782150645,109.143884516022,111.141333333333,0.721616024816345,59.1323801548965,110.3284,110.438516792322,0.721997034410804,0.788516445881003
"8865919","2020-02-24",22.7091255544349,0.447272727272729,0.473333333333332,0.527014590347921,113.108771815301,109.1312281847,111.12,0.499999999999971,53.8330419320844,110.4288,110.452047886679,0.668453623593446,0.764503881423492
"8865918","2020-02-25",22.4873220187703,0.0981818181818193,0.39151515151515,0.470505050505048,113.08736126252,108.933972070814,111.010666666667,0.151529566209742,45.4171186363868,110.4476,110.207774835122,0.480083965161593,0.707619898171112
"8865917","2020-02-26",22.8216786523182,0,0.18181818181818,0.348888888888886,113.18773065134,108.512936015327,110.850333333333,-0.0177411034676127,41.5213632165129,110.408,109.853404857105,0.249177864491079,0.615931491435106
"8865916","2020-02-27",24.7415023481116,0,0.0327272727272706,0.202020202020199,114.160416642909,106.852916690425,110.506666666667,-0.339320338448785,29.482244532579,110.126,108.915617542825,-0.280814914527272,0.43658221024263
"8865915","2020-02-28",27.707252663636,0,-2.53500923956077e-15,0.0715151515151482,116.323214343734,103.230452322933,109.776833333333,-0.415531292349876,20.1915369544376,109.5496,107.173535203781,-1.21447934509668,0.106369899174769
"8865914","2020-03-02",30.1150780958917,0.0315848843767627,0.0105282947922517,0.0144185225065054,117.175402560562,100.976264106105,109.075833333333,-0.161506373530942,22.3098689852047,108.96,105.738397176611,-1.90404369228392,-0.295712819116969
"8865913","2020-03-03",31.2623428253109,0.272983643542019,0.101522842639591,0.0373503791439457,117.100955961814,100.016710704853,108.558833333333,0.10828432476758,36.2394371634592,108.5368,105.065277553062,-2.10596978833498,-0.657764212960571
"8865912","2020-03-04",31.0867499601891,0.367174280879865,0.223914269599546,0.111988469010462,116.926599210187,99.4977341231471,108.212166666667,0.249524712125608,40.7066359253416,108.1796,104.704573879321,-2.11501635123097,-0.949214640614651
"8865911","2020-03-05",30.9236994425759,0.467569091934574,0.369242338785484,0.231559817008206,116.696283290733,99.1623833759335,107.929333333333,0.32361786700651,45.1201476341923,107.9172,104.629297362078,-1.96263296725305,-1.15189830594233
"8865910","2020-03-06",31.4479164119913,0.304568527918782,0.379770633577738,0.324309080654255,116.457390318123,98.6826096818771,107.57,0.266335606704251,39.9240711343095,107.4908,104.178724380468,-2.04236690387093,-1.32999202552805
"8865909","2020-03-09",32.2527233556997,0.216018048505359,0.329385222786236,0.359466065049818,116.365408544268,97.8765914557322,107.121,0.171819638995233,37.4040175816986,107.0048,103.578894463072,-2.20403800704975,-1.50480122183239
"8865908","2020-03-10",33.5009816623646,0.0588921282798837,0.193159568234672,0.300771808199548,116.380101904492,96.7592314288419,106.569666666667,0.108427158747364,33.3339980436657,106.4008,102.683041867996,-2.52722271808733,-1.70928552108338
"8865907","2020-03-11",35.1133503598831,0,0.0916367255950783,0.204727172205328,116.608344144446,95.0769891888879,105.842666666667,0.0222780906621461,29.5408849059816,105.7404,101.494636285596,-2.99979200667877,-1.96738681820246
"8865906","2020-03-12",37.6845294153685,0,0.0196307094266253,0.101475667752124,118.779595074582,90.4754049254184,104.6275,-0.21452907008062,20.107354192471,104.612,98.8873514475168,-4.29546428271385,-2.43300231110473
"8865905","2020-03-13",39.8661162687198,0.0182988817350053,0.0060996272449992,0.0391223540888999,119.641434501008,87.0828988323254,103.362166666667,-0.065612046788502,21.342125900915,103.4996,96.6997045878479,-5.25762779804956,-2.9979274084937
"8865904","2020-03-16",42.0157559716347,0,0.0060996272449992,0.0106099879722068,120.130472829069,83.7261938375977,101.928333333333,-0.0329501697097769,20.2498540634513,102.3456,94.5704106428015,-6.13154015152116,-3.62464995709919
"8865903","2020-03-17",41.2737264927131,0.0858623242042929,0.0347204019797635,0.0156398854899196,119.328492040139,81.9988412931943,100.663666666667,0.13299058364604,25.6802549247467,101.2816,93.034355890428,-6.57831991208863,-4.21538394809708
"8865902","2020-03-18",40.4063999658688,0.195040710584752,0.093634344929679,0.0448181247181462,117.999594134325,81.0077391990081,99.5036666666668,0.220379886741193,32.0190451272687,100.3328,92.0964417717042,-6.6152008562098,-4.69534732971962
"8865901","2020-03-19",40.1524142580905,0.0421909696521096,0.107698001480382,0.0786842494632738,116.914681466877,79.5353185331229,98.2250000000001,0.156182833039634,28.3707817129676,99.2844000000001,90.7329162021437,-6.94107364946025,-5.14449259366775
"8865900","2020-03-20",40.7962746614917,0,0.0790772267456179,0.0934698577185587,116.180572534256,76.7784274657445,96.4795000000001,0.00858428393515229,22.6344798914609,97.8292000000001,88.4138607085245,-7.90247315994009,-5.69608870692222
"8865899","2020-03-23",41.7410422785388,0,0.0140636565507006,0.0669462949255659,115.780127529451,73.237539137216,94.5088333333334,-0.0359844694082788,20.4004295821262,96.1588000000001,85.8320126140546,-9.01027342756502,-6.35892565105078
"8865898","2020-03-24",41.6137298823156,0.118604651162791,0.0395348837209277,0.0442252556724143,114.363150669263,71.3145159974043,92.8388333333334,0.112635798391505,28.5286335225143,94.6360000000001,84.2064109321806,-9.39635664736327,-6.96641185031328
"8865897","2020-03-25",40.4455864646144,0.18578811369509,0.101464254952624,0.0516875984080832,112.409644683469,70.3813553165309,91.3955000000001,0.218471371428823,32.7196326245849,93.2156000000001,83.1442228078899,-9.36925844015402,-7.44698116828143
"8865896","2020-03-26",38.7958539060852,0.40431654676259,0.236236437206821,0.125745191960123,110.732537368084,70.1341292985826,90.4333333333334,0.36937090429126,42.3286893035451,92.1408000000001,83.1383264335046,-8.59232794382691,-7.67605052339052
"8865895","2020-03-27",36.3854595052325,0.473886102095013,0.354663587517562,0.230788093225668,109.985944843475,69.9197218231916,89.9528333333334,0.455752421873259,44.8156282774305,91.0836000000001,83.4012162423707,-7.69257007418583,-7.67935443354959
"8865894","2020-03-30",34.1472361330122,0.641289893617021,0.506497514158206,0.365799179627528,109.192207726774,69.8737922732263,89.5330000000001,0.510944828990925,48.6478866050377,90.1956000000001,84.0597207433879,-6.59113258814593,-7.46171006446886
"8865893","2020-03-31",32.26549384803,0.682179341657208,0.599118445789745,0.48675984915517,107.698898530983,70.0441014690175,88.8715000000001,0.493763521472523,47.2688789319939,89.3340000000001,84.4624246442695,-5.77138040972843,-7.12364413352077
"8865892","2020-04-01",31.0875756638811,0.537646613696557,0.620371949656926,0.575329303201625,105.500381841365,70.2879514919684,87.8941666666668,0.397929037246122,43.2646964039754,88.3624000000001,84.3021013583669,-5.42279153125024,-6.78347361306666
"8865891","2020-04-02",29.2390834622907,0.61558834657586,0.611804767309873,0.610431720918847,102.801753796191,71.2075795371426,87.0046666666668,0.501329359003199,45.9249558121548,87.6624000000001,84.4378211772513,-4.89394567814267,-6.40556802608187
"8865890","2020-04-03",27.6024339431598,0.596670450245932,0.583301803506114,0.605159506824303,100.030271879102,72.2567281208979,86.1435000000001,0.501794273491603,45.3689026093709,87.2212000000001,84.4887783536178,-4.47057306486846,-6.01856903383919
"8865889","2020-04-06",25.9839592747419,0.778093076049943,0.663450624290576,0.61951906503552,97.9659581197662,73.3103752135674,85.6381666666668,0.715306205503064,51.4410235613404,86.9494000000001,85.1722745731354,-3.6375266995455,-5.54236056698045
"8865888","2020-04-07",24.7292266332821,0.800401349576247,0.725054958624038,0.657269128806908,96.3988991059462,74.1574975607207,85.2781983333334,0.788160872130039,51.8437351824741,86.5198000000001,85.8093046300507,-2.91332473889986,-5.01655340136433
"8865887","2020-04-08",23.7050321061239,0.764269829503336,0.780921418376506,0.723142333763706,95.6197955709747,74.5599344290256,85.0898650000001,0.818147159415686,51.4595957271765,86.0122000000001,86.3240640127106,-2.3395879422645,-4.48116030954436
"8865886","2020-04-09",23.2698125199817,0.848645076007931,0.804438751695836,0.770138376232126,97.2721670994619,74.0928962338717,85.6825316666668,0.956189284870788,57.5770491985399,85.6358000000001,87.4448554776826,-1.40203579857409,-3.86533540735031
"8865885","2020-04-13",22.547041587889,0.763537202960654,0.792150702823971,0.79250362429877,98.378023702654,73.9517062973462,86.1648650000001,0.845056857875012,55.3643718124985,85.3154000000001,88.2175414139916,-0.792017215859142,-3.25067176905208
"8865884","2020-04-14",21.8758971509458,0.779150411790204,0.797110896919594,0.797900117146466,99.4529814545728,74.1200818787608,86.7865316666668,0.822642432180851,56.5412960180929,85.0968000000001,89.0172025587927,-0.220922049123806,-2.64472182506642
"8865883","2020-04-15",20.6284777580302,0.510795805058606,0.684494473269819,0.75791869100446,99.9240327915083,74.1655972084919,87.0448150000001,0.697379417069572,52.2289713833653,84.8776000000001,89.3322422176203,-0.0259785044285143,-2.12097316093884
"8865882","2020-04-16",19.6119780823694,0.515264797507788,0.60173700478553,0.69444745832498,100.277694800905,74.1429351990951,87.2103150000001,0.701252472956959,52.4356758672685,84.7880000000001,89.6252765886043,0.139920995818321,-1.66879432958741
"8865881","2020-04-17",19.0859918596545,0.659501557632398,0.561854053399595,0.61602851048498,101.114000222403,74.2424631109301,87.6782316666668,0.76248721726411,55.6268464454245,85.2642000000001,90.1879063767904,0.472267769951507,-1.24058190967963
"8865880","2020-04-20",18.2904917888169,0.580062305295949,0.584942886812043,0.582844648332388,101.237725088258,75.7574049117424,88.4975650000001,0.696456257168501,53.4979727905809,85.6678000000001,90.505518859885,0.613569302239192,-0.869751667295862
"8865879","2020-04-21",17.0243145982942,0.438629283489096,0.559397715472479,0.568731551894704,99.6402625534805,79.2925341131863,89.4663983333334,0.579465135616707,49.8407581997103,86.0506000000001,90.4781163452337,0.51753606566447,-0.592294120703796
"8865878","2020-04-22",16.2230724215444,0.442374051069704,0.487021879951581,0.5437874940787,98.4631351951856,82.0808281381479,90.2719816666668,0.622267170695764,51.3093479193999,86.3778000000001,90.5783674992025,0.518144873381865,-0.370206321886664
"8865877","2020-04-23",15.3754075320267,0.413388543823327,0.431463959460706,0.492627851628254,97.4558519641719,84.3177780358283,90.8868150000001,0.57407364316168,50.5889765574129,86.5702000000001,90.6092518326422,0.475786157748481,-0.201007825959635
"8865876","2020-04-24",14.459487430656,0.0716864363073756,0.309149677066799,0.409211838826361,97.196801553323,85.1668284466772,91.1818150000001,0.487380271040155,49.6944904835984,86.9078000000001,90.5693515882899,0.393238977057275,-0.0821584653562527
"8865875","2020-04-27",13.9946882808662,0.255186721991701,0.246753900707465,0.329122512411656,97.2994586773874,85.5230446559461,91.4112516666668,0.61527122468648,52.955222978313,87.6594000000001,90.7774380431846,0.483956825290033,0.0310645927730044
"8865874","2020-04-28",13.6693266138209,0.279045643153527,0.201972933817532,0.252625503863931,97.4573827100519,85.6754539566149,91.5664183333334,0.627334697461618,53.3665979359878,88.5918000000001,90.9884463040933,0.569366647812664,0.138725003780936
"8865873","2020-04-29",13.5756314032122,0.225305216426193,0.253179193857138,0.233968676127377,97.5786815676867,86.0228217656468,91.8007516666667,0.631758405929936,53.30112814726,89.3394000000001,91.1673201302142,0.626870728883655,0.23635414880148
"8865872","2020-04-30",13.0719147028608,0.102857142857143,0.202402667478952,0.219184931717873,96.8322123177723,87.5496243488945,92.1909183333334,0.490564592515176,50.3938683485301,89.9306000000001,91.1476774461856,0.550184949670474,0.299120308975279
"8865871","2020-05-01",12.5664697795148,0,0.109387453094443,0.188323104810176,96.5640954315894,88.0094079017441,92.2867516666667,0.111509091157472,44.2090542810365,90.1226000000001,90.7146537866942,0.210349243664387,0.2813660959131
"8865870","2020-05-04",12.2332287586402,0,0.0342857142857117,0.115358611619701,96.1582876677892,88.6118823322109,92.3850850000001,-0.059880474493001,43.2741276339726,90.2138000000001,90.271366615135,-0.104507935621956,0.204191289606089
"8865869","2020-05-05",11.4748318473449,0.288535381239714,0.0961784604132356,0.0799505425977956,96.1675382429025,88.5746317570976,92.3710850000001,0.27552491440269,49.2361195393115,90.2810000000001,90.2378510664503,-0.118276798248729,0.139697672035126
"8865868","2020-05-06",11.3452569779919,0,0.0961784604132356,0.0755475450373932,96.3837315327753,88.0223751338915,92.2030533333334,0.0363926040535466,43.656045331595,90.2798000000001,89.8128042575903,-0.391024726952738,0.033553192237553
"8865867","2020-05-07",11.2249374564499,0.115384615384616,0.134639998874774,0.108998973233747,96.5102107713381,87.5755625619954,92.0428866666667,0.113166638571623,45.7944949340598,90.4698000000001,89.5724303565783,-0.515886309857838,-0.0763347081815253
"8865866","2020-05-08",10.4793324461302,0.342615012106537,0.152666542497049,0.127828333928352,95.8220785041792,87.702361495821,91.7622200000001,0.362201273084395,49.7919202809846,90.6522000000001,89.6134396423678,-0.441461196959281,-0.149360005937076
"8865865","2020-05-11",9.94662668895197,0.230024213075061,0.229341280188736,0.172215940520185,95.4494734244103,87.5952999089232,91.5223866666667,0.28027987329319,47.9000181351812,90.8174000000001,89.5249810233855,-0.460968217627455,-0.211681648275152
"8865864","2020-05-12",9.76451295410752,0.0992736077481848,0.223970944309925,0.201992922331902,94.9856110530317,87.4331622803017,91.2093866666667,0.167738670968877,45.7271211147624,90.7476000000001,89.3043168869341,-0.567525902219823,-0.282850499064086
"8865863","2020-05-13",10.203434516978,0,0.109765940274413,0.187692721591023,95.2312317445106,86.6023082554896,90.9167700000001,-0.0377383794441177,41.5030879159752,90.5744000000001,88.8130746353429,-0.846883479232408,-0.395657095097751
"8865862","2020-05-14",11.2275745275924,0,0.0330912025827257,0.122276029055687,95.5859426563511,85.4532640103157,90.5196033333334,-0.0914464354409958,37.2239928745937,90.3084000000001,88.0406646839638,-1.29341849390076,-0.575209374858352
"8865861","2020-05-15",12.1785616803058,0.041497152156225,0.0138323840520724,0.0522298423030693,95.3391206684831,84.6709193315171,90.0050200000001,-0.0216455730655275,38.5620955164131,89.8604000000001,87.439242726102,-1.58639397315041,-0.777446294516764
"8865860","2020-05-18",11.7292843546212,0.340113913751017,0.127203688635745,0.05804242509018,94.8758737391034,84.6007362608968,89.7383050000001,0.347274873937679,47.2720725838834,89.6188000000001,87.407343695955,-1.46423053086711,-0.914803141786832
"8865859","2020-05-19",11.3652235374446,0.354666666666667,0.245425910857967,0.128820661181927,94.7371694065885,84.4224405934117,89.5798050000001,0.338437665512068,46.9013591997602,89.3306000000001,87.3543645364944,-1.36921640702187,-1.00568579483384
"8865858","2020-05-20",11.0271670643521,0.459016393442623,0.384598991286767,0.252409530260159,94.4158693997663,84.2805739335672,89.3482216666668,0.331787012128142,47.3924167023865,89.1642000000001,87.3364492649618,-1.26000759030462,-1.056550153928
"8865857","2020-05-21",10.8733923869155,0.40327868852459,0.405653916211291,0.345226272785341,94.1249546594004,84.1168220072664,89.1208883333334,0.319391382705675,46.2732003458543,88.9714000000001,87.2529226963002,-1.20674585539179,-1.08658929422075
"8865856","2020-05-22",10.8694839001507,0.356284153005465,0.406193078324223,0.398815328607426,93.9267342291286,83.9033757708716,88.9150550000001,0.300294315023942,45.301788261655,88.6688000000001,87.1231996701269,-1.19076421115306,-1.10742427760722
"8865855","2020-05-26",10.3760747318985,0.744262295081967,0.501275045537338,0.43770734669095,93.5250634437735,84.0521732228934,88.7886183333334,0.653214239036301,53.9051962046106,88.5592000000001,87.4841063807766,-0.840081225766198,-1.05395566723901
"8865854","2020-05-27",10.2654353849589,0.73224043715847,0.610928961748631,0.506132361870063,93.0558497548632,84.2670535784704,88.6614516666668,0.711847177849869,53.623744720934,88.5360000000001,87.7822255300064,-0.566394328333752,-0.956443399457961
"8865853","2020-05-28",10.3497587669496,0.827657378740971,0.768053370327133,0.626752459204366,92.6564649327061,84.4937717339608,88.5751183333334,0.87016561320688,56.5551580756746,88.5284000000001,88.2165954593389,-0.226540165578448,-0.810462752682058
"8865852","2020-05-29",10.7116182468272,0.784295175023652,0.781397663641028,0.72012666523893,92.6490569356613,84.4978463976723,88.5734516666668,0.928960620884156,57.1517657425839,88.5484000000001,88.6290493980937,0.0654649874757718,-0.635277204650492
"8865851","2020-06-01",11.2863987399239,0.810512367491165,0.80748830708526,0.785646447017806,93.2636154305355,84.2779545694648,88.7707850000001,0.960646697443538,59.1327899768746,88.6238000000001,89.1045094783479,0.371600794737659,-0.433901604772862
"8865850","2020-06-02",11.9988503843426,0.865319865319865,0.820042469278225,0.80297614666817,94.0459369795426,84.0629663537909,89.0544516666668,0.978703368548347,61.5246882062337,88.6706000000001,89.6639082145682,0.703925552762885,-0.206336173265713
"8865849","2020-06-03",12.9689603548464,0.887247278382583,0.854359837064535,0.827296871142672,94.8417321106401,83.6918378893601,89.2667850000001,1.00642169524412,63.8545098464263,88.7534000000001,90.2993871192924,1.05379688285825,0.0456904379590796
"8865848","2020-06-04",13.1349988813992,0.762753036437247,0.838440060046562,0.837614122129773,95.4161692811545,83.6564007188457,89.5362850000001,0.855481627424632,58.8298547272318,88.7782000000001,90.6528021700534,1.18331026765464,0.273214403898191
"8865847","2020-06-05",13.6101929719672,0.74167507568113,0.797225130166984,0.830008342426026,96.0712813783713,83.5909552882956,89.8311183333334,0.872763897867968,60.3727638477776,88.8826000000001,91.049761880713,1.32979423144512,0.484530369407578
"8865846","2020-06-08",14.0514446274946,0.805247225025228,0.769891779047866,0.801852323087136,96.6396032097435,83.4381334569234,90.0388683333335,0.860525387635963,61.8010831821026,89.1370000000001,91.4777936299512,1.48300694001344,0.684225683528751
"8865845","2020-06-09",13.4860223469657,0.606962663975782,0.717961654894044,0.761692854702964,96.9353611764253,83.4720421569083,90.2037016666668,0.714629963271138,55.1268496982194,89.3332000000001,91.5867544792911,1.41424512657422,0.830229572137845
"8865844","2020-06-10",12.5894720532322,0.523713420787084,0.645307769929362,0.711053734623756,97.117946477826,83.6307901888409,90.3743683333334,0.62893488907073,52.560358921182,89.3912000000001,91.5711872153856,1.27244816630143,0.918673290970562
"8865843","2020-06-11",13.3386857034493,0.0312815338042384,0.387319206189032,0.583529543670812,97.0355620542346,83.8808746124323,90.4582183333334,0.309607664359403,40.5380060034992,89.3728000000001,90.9070289200009,0.720663697275126,0.879071372231475
"8865842","2020-06-12",14.2638099878275,0,0.184998318197105,0.405875098105165,96.7894570296946,84.3769796369722,90.5832183333334,0.21346963590427,38.9079142364021,89.2828000000001,90.2207583973341,0.204309893430699,0.74411907647132
"8865841","2020-06-15",15.4891142785616,0,0.0104271779347437,0.194248234106959,96.6228862904381,84.6697170428954,90.6463016666668,0.086332720837479,36.2946801060531,89.0628000000001,89.4419906110229,-0.328520747570515,0.529591111662953
"8865840","2020-06-16",15.6315000527079,0.185436071126164,0.0618120237087189,0.0857458399468547,96.6332543706392,84.631445629361,90.6323500000001,0.271505273986891,42.8542317982019,88.9676000000001,89.0590585295531,-0.549388985809485,0.313795092168465
"8865839","2020-06-17",16.0002645390783,0.117696867061812,0.101044312729323,0.057761171457594,96.7207631808333,84.4019368191668,90.5613500000001,0.169772383566867,41.1859179178064,88.8836000000001,88.6205173922794,-0.789288098165253,0.0931784541017217
"8865838","2020-06-18",16.3426887049936,0.171888230313294,0.158340389500421,0.10706557531282,96.7620740544287,84.2862559455715,90.5241650000001,0.209475431988422,43.0945090161369,88.9152000000001,88.3257817399755,-0.911711866552622,-0.107799610029147
"8865837","2020-06-19",17.0499281628476,0.0643522438611351,0.117979113745411,0.125787938658384,96.832957720562,84.1107056127716,90.4718316666668,0.16946378955774,40.2997621135127,89.0000000000001,87.9010108413121,-1.11329006697507,-0.308897701418332
"8865836","2020-06-22",17.9970856849442,0,0.0787468247248072,0.118355442656879,96.9729285346417,83.8047347986918,90.3888316666667,0.110007383221192,38.1991071671149,89.0244000000001,87.3995427291371,-1.35136032925931,-0.517390226986527
"8865835","2020-06-23",18.6082520455425,0.116182572614108,0.0601782721584121,0.085634736876209,97.0100605974292,83.3789360692376,90.1944983333334,0.218206301170835,42.7021231382221,88.9580000000001,87.1516036985855,-1.39594639361984,-0.69310146031319
"8865834","2020-06-24",19.3137395133877,0.0800829875518675,0.0654218533886562,0.068115650090624,97.0366901559634,82.8764731773701,89.9565816666668,0.203988881455465,41.6857749389377,88.8818000000001,86.8787232054408,-1.45556352197324,-0.845593872645199
"8865833","2020-06-25",20.0135083236784,0.0706859821048143,0.0889838474235943,0.0715279909902197,96.9477408362386,82.3513891637616,89.6495650000001,0.212720564648114,41.3555864272819,88.7917800000001,86.624160111382,-1.49889787655284,-0.976254673426727
"8865832","2020-06-26",20.9012653336721,0.0113744075829388,0.0540477924132045,0.0694844977418172,96.7759090988428,81.812887567824,89.2943983333334,0.21077154051438,39.5873969058311,88.6937800000001,86.3089387631978,-1.58207968311256,-1.09741967536389
"8865831","2020-06-29",21.7256111286662,0.0853131749460049,0.0557911882112503,0.0662742760160152,96.3924826784599,81.4413139882069,88.9168983333334,0.262098976540058,42.1047528505544,88.6397800000001,86.1250802614381,-1.5679819564019,-1.19153213157149
"8865830","2020-06-30",21.3812875310488,0.298119553585079,0.131602378704672,0.0804804531097078,95.7382490614357,81.3832142718978,88.5607316666668,0.371074386527048,46.278561916285,88.4901800000001,86.1204028932463,-1.43174784639046,-1.23957527453529
"8865829","2020-07-01",19.8876404834533,0.463223787167448,0.282218838566175,0.156537468494031,94.7807277672873,81.6624022327129,88.2215650000001,0.493020069538695,49.6801158862764,88.3853800000001,86.2510158408135,-1.21509147423584,-1.2346785144754
"8865828","2020-07-02",18.7042185612637,0.776772247360484,0.512705196037668,0.308842137769504,94.1336216612192,81.9161750054477,88.0248983333334,0.643928191343421,56.1618261658786,88.3153800000001,86.656213728705,-0.829451458657637,-1.15363310331185
"8865827","2020-07-06",17.8432841658882,0.546757164404224,0.59558439964405,0.463502811415963,93.0993209336441,82.3761423996894,87.7377316666667,0.593467466773922,51.2146787905823,88.1735800000001,86.804051898211,-0.658693755208661,-1.05464523369121
"8865826","2020-07-07",17.3536506279363,0.438914027149321,0.587481146304674,0.565256913995463,91.6540710624469,83.1062256042199,87.3801483333334,0.531179591937608,49.033807062112,87.9677800000001,86.8368449784495,-0.583111896897104,-0.960338566332389
"8865825","2020-07-08",16.5795250531613,0.612368024132731,0.532679738562089,0.571915094836936,90.5973347529325,83.7149619137343,87.1561483333334,0.71172712290456,52.5347717094053,87.7637800000001,87.018598981323,-0.411744527200442,-0.850619758505999
"8865824","2020-07-09",16.7155962172229,0.306184012066365,0.452488687782803,0.524216524216521,89.4779669493127,84.3133297173541,86.8956483333334,0.501488003833526,46.4669528672314,87.4333800000001,86.9054524504799,-0.458938680172993,-0.772283542839398
"8865823","2020-07-10",15.7965378517215,0.523378582202112,0.480643539467067,0.488603988603985,89.5698712829485,84.2815587170517,86.9257150000001,0.808091660562354,50.8074202113606,87.2197800000001,86.9993921237492,-0.358652069894549,-0.689557248250428
"8865822","2020-07-13",14.854865493148,0.778393351800553,0.535985315356341,0.489705847535402,90.1458720610411,84.0442246056257,87.0950483333334,1.04383427168589,56.7593137572422,87.0697800000001,87.383473173916,-0.0685408141256616,-0.565353961425475
"8865821","2020-07-14",13.845878562032,0.706371191135733,0.669381041712797,0.5620032988454,90.5448326695411,84.078097330459,87.3114650000001,0.920387546026553,55.1142540699527,86.8737800000001,87.6470100840605,0.111341825337341,-0.430014804072912
"8865820","2020-07-15",13.1322752353132,0.731747879594213,0.738837474176831,0.648067943748655,90.9974547586535,83.9043719080134,87.4509133333334,0.955098777401415,56.7247410869636,86.7811800000001,87.9580754061858,0.306750122224475,-0.282661818813435
"8865819","2020-07-16",12.1947545627711,0.660747866801417,0.699622312510452,0.702613609466692,91.283568307751,83.9537583589158,87.6186633333334,0.80419206167197,54.8282992286201,86.6993800000001,88.1536653520277,0.405553882188303,-0.145018678613087
"8865818","2020-07-17",11.7921152430581,0.748576305810912,0.713690684068845,0.717383490252042,91.7009768489754,83.9207198176914,87.8108483333334,0.876913640283163,57.2021156304081,86.8469800000001,88.437176638424,0.555137137844719,-0.00498751532152585
"8865817","2020-07-20",11.2989671482084,0.663114466585379,0.690812879732567,0.701375292103954,92.0341300551986,84.0228999448015,88.0285150000001,0.823481533333646,56.3810924486411,87.0189800000001,88.6535530866341,0.645652815751929,0.125140550893165
"8865816","2020-07-21",10.8410439172766,0.744891567488868,0.718860779961717,0.707788114587709,92.2992133741704,84.3274832924964,88.3133483333334,0.830750243630037,57.8899936814761,87.2665800000001,88.9090793417496,0.754556615500634,0.251023763814659
"8865815","2020-07-22",11.1200738140246,0.544668587896254,0.650891540656832,0.686855066783704,92.5893328731538,84.502363793513,88.5458483333334,0.803882081877462,55.381809816586,87.4017800000001,89.0478687628496,0.775336894939627,0.355886390039653
"8865814","2020-07-23",11.621616799993,0.865951742627346,0.718503966004154,0.696085428874233,93.1704828629346,84.6410471370655,88.9057650000001,0.975713571652454,62.8704554126207,87.6761800000001,89.5254862611364,1.02151191965592,0.489011495962905
"8865813","2020-07-24",12.7423351383814,0.727474972191323,0.712698434238305,0.694031313633096,93.7169280144721,84.9016353188614,89.3092816666667,0.978416899543199,63.0697125523551,87.9281800000001,89.9500880929849,1.20810065528292,0.632829327826908
"8865812","2020-07-27",12.9611869358892,0.587319243604005,0.726915319474222,0.719372573238893,93.7276355769727,85.5889277563608,89.6582816666667,0.781173013018655,57.8077741652591,88.1805800000001,90.1500763472535,1.22794646234248,0.751852754730022
"8865811","2020-07-28",13.9264305610443,0.744160177975529,0.68631813125695,0.708643961656491,93.960974422435,86.1708722442319,90.0659233333334,0.942473015263454,61.6624068694342,88.5293800000001,90.5113995009531,1.35328705814364,0.872139615412745
"8865810","2020-07-29",14.9534882823848,0.865740740740741,0.732406720773422,0.71521339050153,94.4841801934198,86.4259998065803,90.4550900000001,1.00113588173435,64.8395738075119,88.8739800000001,90.997212900826,1.54836368866271,1.00738443006274
"8865809","2020-07-30",13.9912176058103,0.228915662650602,0.612938860455622,0.67722123749533,94.5689533267513,86.7160600065822,90.6425066666667,0.657372145052901,52.3406538206154,89.0973800000001,90.9562511807159,1.37921478315015,1.08175050068022
"8865808","2020-07-31",13.0976805489911,0.390705679862306,0.495120694417881,0.613488758548974,94.7317715514217,86.8002417819118,90.7660066666667,0.687520782230953,54.8815992153251,89.3638000000001,91.0460843566204,1.313309309809,1.12806226250598
"8865807","2020-08-03",12.2584571838048,0.312445604873803,0.310688982462235,0.472916179111911,94.7954151798598,87.0425981534737,90.9190066666667,0.613635254170822,53.5407727500245,89.6422000000001,91.069273109071,1.21075322333493,1.14460045467177
"8865806","2020-08-04",11.5304224398411,0.295039164490863,0.332730149742322,0.379513275540811,94.685724378389,87.5316222882778,91.1086733333334,0.546312823397443,53.1993808442304,89.8898000000001,91.0760366945282,1.10785215179383,1.13725079409618
"8865805","2020-08-05",11.3340539923897,0.0440613026819931,0.217182024015551,0.286867052073368,94.6191529628392,87.8386603704943,91.2289066666667,0.468895081914129,49.973691403225,90.0534000000001,90.9565651352578,0.932295261139959,1.09625968750494
"8865804","2020-08-06",11.1517118626134,0.0785440613026814,0.139214842825177,0.229709005527682,94.1870445358254,88.6566021308414,91.4218233333334,0.380632213786041,50.5914902097231,90.1838000000001,90.8770231172234,0.799914967755022,1.03699074355495
"8865803","2020-08-07",10.6106766553827,0.295019157088121,0.13920817369093,0.165201680177218,94.0351991310559,89.1549475356109,91.5950733333334,0.587070647559071,54.3987780297379,90.2718000000001,90.9587533682603,0.786241492360484,0.986840893316059
"8865802","2020-08-10",10.3755956208048,0.49616858237548,0.289910600255425,0.189444538923843,94.1574652639762,89.2800147360239,91.7187400000001,0.739454333769928,57.6633481575518,90.4628000000001,91.1695862524923,0.858379304442725,0.961148575541392
"8865801","2020-08-11",10.6363182908904,0,0.263729246487865,0.230949340144739,94.1059909190494,89.4301557476174,91.7680733333334,0.339300009705726,47.3398236880878,90.5636000000001,90.9563080854933,0.644920942424432,0.897903048918
"8865800","2020-08-12",10.8784179131129,0.0178571428571444,0.171341908410872,0.241660585051386,94.1574016130436,89.3058483869566,91.7316250000001,0.132772244892587,47.6794712444194,90.6224000000001,90.7848003407609,0.478939815091195,0.814110402152639
"8865799","2020-08-13",11.6506180548384,0,0.00595238095237919,0.147007845283704,94.2915635584769,89.0735197748566,91.6825416666667,-0.0396418881802574,43.8424335441641,90.7120000000001,90.4681602953261,0.232279811576519,0.697744284037415
"8865798","2020-08-14",12.6585363844207,0,0.00595238095237919,0.0610822234385424,94.5757457220464,88.5226709446204,91.5492083333334,-0.0736822679965926,41.7736561675081,90.7152000000001,90.0977389226159,-0.0279387073409021,0.552607685761752
"8865797","2020-08-17",13.9087414831405,0,-2.2586099657218e-15,0.00396825396825083,94.9032998512762,87.8707834820572,91.3870416666667,-0.0702617369727399,39.514664590194,90.5952000000001,89.6687070662672,-0.304429441939469,0.381200260221508
"8865796","2020-08-18",15.3689402330311,0,-2.2586099657218e-15,0.00198412698412368,95.2772276634268,87.05118900324,91.1642083333334,-0.0678158337142992,37.3401001322771,90.4636000000001,89.1888794574315,-0.591298874661539,0.186700433244898
"8865795","2020-08-19",15.6146544952515,0.121173469387755,0.0403911564625829,0.0134637188208582,95.3838347006104,86.6115819660564,90.9977083333334,0.121035200353343,41.4124281692055,90.3452000000001,88.899695529774,-0.72543824630189,0.00427269733554056
"8865794","2020-08-20",15.6169118705252,0.286989795918367,0.136054421768705,0.0588151927437607,95.184036577963,86.3810467553705,90.7825416666667,0.258884003112292,46.5332673099411,90.3010000000001,88.8224027924708,-0.70582837981068,-0.137747518093704
"8865793","2020-08-21",16.0675367378697,0.158163265306124,0.18877551020408,0.121740362811788,94.8958972729033,86.0905193937635,90.4932083333334,0.187326498519066,43.3621715099945,90.1822000000001,88.620749086808,-0.773450935280684,-0.2648882015311
"8865792","2020-08-24",15.6149902604659,0.163265306122449,0.202806122448978,0.175878684807253,94.7622784974957,85.8528048358377,90.3075416666667,0.2671906992374,43.5263118268505,90.0738000000001,88.4513158752336,-0.814337017295286,-0.374777964683937
"8865791","2020-08-25",15.1947685314481,0.394132653061225,0.238520408163264,0.210034013605439,94.3190723123193,85.8840610210142,90.1015666666667,0.416036468846999,50.5148569040719,90.0174000000001,88.5458070918692,-0.673852695309074,-0.434592910808964
"8865790","2020-08-26",15.5964570150223,0.178571428571429,0.245323129251699,0.228883219954645,93.5678445118478,85.9922888214857,89.7800666666667,0.273385160970108,44.9247615836752,89.9182000000001,88.4023661462866,-0.708572072160518,-0.489388743079275
"8865789","2020-08-27",15.6139319329884,0.318877551020408,0.297193877551018,0.260345804988659,93.3108403062994,85.9594263603674,89.6351333333334,0.410838014089869,48.8893842819207,89.7558000000001,88.4247173267817,-0.628475516299531,-0.517206097723326
"8865788","2020-08-28",16.0461540934303,0.201530612244899,0.23299319727891,0.258503401360541,92.9573070138067,85.8869596528601,89.4221333333334,0.29791657650484,45.9125367486513,89.5534000000001,88.3214216832108,-0.641646959965447,-0.542094270171751
"8865787","2020-08-31",15.5396877932523,0.511261261261262,0.343889808175521,0.291358961001815,92.6451348443738,85.9124651556264,89.2788000000001,0.448688011942108,48.447867397888,89.4290000000001,88.3238987921161,-0.58236502261404,-0.550148420660209
"8865786","2020-09-01",15.3880398641312,0.397654320987654,0.370148731497936,0.315677245650788,92.3608313288768,85.88013533779,89.1204833333334,0.369332450120882,46.217899604076,89.2218200000001,88.2381122865006,-0.588904539153912,-0.557899644358949
"8865785","2020-09-02",14.5591911572001,0.481318681318683,0.463411421189197,0.39248332028755,92.143129485606,85.9007038477274,89.0219166666667,0.503964804938926,48.4626563237459,88.9860200000001,88.2410306483005,-0.534955127291425,-0.553310740945445
"8865784","2020-09-03",13.6261910062139,0.472275334608033,0.450416112304788,0.427992088330639,91.9830625858668,85.9306040808,88.9568333333334,0.583134261266787,49.5581547575571,88.9000200000001,88.2808932285271,-0.461271072354441,-0.534902807227244
"8865783","2020-09-04",13.2286820314539,0.225621414913959,0.393071810280223,0.435633114591401,91.4589295923452,86.0447370743216,88.7518333333334,0.346360591987768,44.8301659542722,88.7248200000001,88.1434407980568,-0.514954207556773,-0.53091308729315
"8865782","2020-09-08",13.6776360866725,0,0.232632249840662,0.35870672414189,90.5832986430875,86.2630346902459,88.4231666666667,0.0116424930597827,39.1818407326616,88.4936200000001,87.7829820249826,-0.715678002456732,-0.567866070325866
"8865781","2020-09-09",14.0945219950898,0.0648464163822518,0.0968226104320681,0.24084222351765,90.168682069837,86.2199845968298,88.1943333333334,0.0557184754401182,40.8663512640887,88.2816200000001,87.5212510883183,-0.831136349233208,-0.620520126107335
"8865780","2020-09-10",15.3103075306903,0,0.0216154721274151,0.117023444133381,90.3595922045963,85.4644077954039,87.9120000000001,-0.237187073052903,35.0596259847108,88.0228200000001,87.0130842765425,-1.10607482924402,-0.717631066734671
"8865779","2020-09-11",16.7795675203201,0,0.0216154721274151,0.046684518228965,90.7911241597989,84.4612091735346,87.6261666666667,-0.207144831546689,32.6668795944428,87.7164200000001,86.4380063730035,-1.4042642420843,-0.854957701804597
"8865778","2020-09-14",17.6512776105419,0.0709302325581395,0.023643410852711,0.0222914517025126,90.9792916492912,83.8452083507089,87.4122500000001,-0.00657057331877505,35.5287415610818,87.3892200000001,86.020938856603,-1.56792884044294,-0.997551929532266
"8865777","2020-09-15",18.8847750198461,0,0.023643410852711,0.0229674312776112,91.2715637592242,83.099436240776,87.1855000000001,-0.0315425295955571,32.5714305911483,86.9716200000001,85.498147009056,-1.79289614944637,-1.15662077351509
"8865776","2020-09-16",20.1250311115884,0,0.023643410852711,0.0236434108527099,91.5537553656543,82.4153413010125,86.9845483333334,0.00645174300162716,31.9095267864563,86.6616200000001,85.0077274078485,-1.97752229185777,-1.32080107718362
"8865775","2020-09-17",21.428713077524,0,-2.13255339313415e-15,0.0157622739018055,91.7189920921517,81.7012712411818,86.7101316666667,0.0482873066653024,30.8486297171489,86.3300200000001,84.5240304201354,-2.14352887395973,-1.48534663653884
"8865774","2020-09-18",22.6500378850503,0,-2.13255339313415e-15,0.0078811369509011,91.6810286723988,81.0892346609346,86.3851316666667,0.101093859822651,30.773504954879,86.0476200000001,84.1008263641173,-2.25431745675732,-1.63914080058254
"8865773","2020-09-21",24.4060778789895,0,-2.13255339313415e-15,-3.29250515740398e-15,91.9045565992763,80.1113734007238,86.0079650000001,0.00723242101024503,26.4297822229483,85.7188200000001,83.4833828489017,-2.49711509304141,-1.81073565907431
"8865772","2020-09-22",25.3824915488997,0.0946745562130182,0.0315581854043373,0.0105193951347765,91.8117461044862,79.5024338955139,85.6570900000001,0.139195383846916,32.5389633293464,85.4672200000001,83.0975984690481,-2.55475493205428,-1.95953951367031
"8865771","2020-09-23",26.6303478261147,0.00845308537616182,0.0343758805297245,0.0219780219780187,91.5252859621839,78.8812273711495,85.2032566666667,0.113526782969432,30.0884993714646,85.2072200000001,82.6272520065084,-2.67114504045609,-2.10186061902746
"8865770","2020-09-24",27.9972901465048,0,0.0343758805297245,0.0334366488212609,91.4307347111509,78.1062786221826,84.7685066666667,0.0947171653930122,28.5882592832313,84.8828200000001,82.1316184056406,-2.79857997176645,-2.24120448957526
"8865769","2020-09-25",28.8227225201182,0.0142076502732251,0.0075535785497935,0.0254351132030797,91.0271821478165,77.5751978521836,84.3011900000001,0.152998653278081,29.3356449035065,84.5116200000001,81.7194026182219,-2.85656839696872,-2.36427727105395
"8865768","2020-09-28",28.7365657074097,0.182440136830103,0.065549262367774,0.0358262404824295,90.6009762514406,77.2997370818929,83.9503566666667,0.27643511539826,37.3236360990688,84.2396200000001,81.5581489357923,-2.72724548625802,-2.43687091409477
"8865767","2020-09-29",28.8661738767423,0.167173252279637,0.12127367979432,0.0647921735706279,89.9207215616762,77.150658438324,83.5356900000001,0.273243877338021,35.839622248901,83.9460200000001,81.3517290776867,-2.64440831918742,-2.4783783951133
"8865766","2020-09-30",29.2799557625203,0.0647911338448438,0.138134840984859,0.108319261048983,89.3000767369793,76.9326032630208,83.1163400000001,0.23885746833143,33.7581084817694,83.5512200000001,81.0768318673284,-2.62097897493675,-2.50689851107799
"8865765","2020-10-01",28.9039559246431,0.187553282182439,0.139839222768971,0.133082581182715,88.3273548205019,77.0696585128316,82.6985066666668,0.321588128532275,37.657397913026,83.2528200000001,80.9345876183513,-2.50272041908604,-2.5060628926796
"8865764","2020-10-02",27.616582475995,0.393351800554018,0.215232072193765,0.164402045315864,87.0189370150491,77.614742984951,82.3168400000001,0.447877156536263,42.8409466549566,82.9516200000001,80.9486426025711,-2.28022725962718,-2.46089576606911
"8865763","2020-10-05",26.401139809898,0.614124872057318,0.39834331826459,0.251138204409107,85.9824552654772,78.1008914011896,82.0416733333334,0.547578544028856,46.8600580934646,82.7220200000001,81.076823588895,-1.99414370206412,-2.36754535326811
"8865762","2020-10-06",25.4753241354304,0.53693931398417,0.514805328865166,0.376126906441172,85.5003756804035,78.36663765293,81.9335066666668,0.810705737272249,51.3873979474932,82.5076200000001,81.330580443709,-1.64210641257081,-2.22245756512865
"8865761","2020-10-07",24.9298897019686,0.82487922705314,0.658647804364874,0.523932150498209,85.4356366479788,78.409710018688,81.9226733333334,1.11211285385057,60.6905302112247,82.4300000000001,81.9185030512145,-1.07844062068969,-1.99365417624086
"8865760","2020-10-08",24.4280001988036,0.867310012062725,0.743042851033343,0.63883199475446,85.9411056961503,78.1205743038499,82.0308400000001,1.06720271860731,61.7195770830086,82.3436000000001,82.4760359777192,-0.59175966049525,-1.71327527309174
"8865759","2020-10-09",24.1987089061634,0.825369738339022,0.839186325818294,0.746958993738835,86.5926084655562,77.8217382011107,82.2071733333334,1.0095837925515,61.9134446702788,82.2486000000001,82.9678978473567,-0.199407231528426,-1.41050166477908
"8865758","2020-10-12",24.4401207587808,0.814285714285715,0.835655154895819,0.805961443915817,87.3098795969679,77.4743004030323,82.3920900000001,1.0189909578293,64.0974946245941,82.2342000000001,83.4908448010425,0.177856860881276,-1.09282995964701
"8865757","2020-10-13",24.3903663461942,0.777551020408164,0.805735491010965,0.826858990575024,87.912057140515,77.2879561928185,82.6000066666668,0.91415206378355,62.19043767309,82.2778000000001,83.8960654942368,0.435370478406472,-0.787189872036311
"8865756","2020-10-14",24.344165820221,0.813857290589452,0.801898008427775,0.814429551444852,88.5155754203391,77.1583412463277,82.8369583333334,0.885338096665674,63.4273662529898,82.3214000000001,84.2979234283386,0.666866252291887,-0.496378647170671
"8865755","2020-10-15",23.7476621658488,0.735668789808917,0.775692366935509,0.794441955458082,88.9931376876942,77.1432789789726,83.0682083333334,0.815766774831887,59.6137285105304,82.4218000000001,84.5542003045601,0.774528762185933,-0.24219716529935
"8865754","2020-10-16",23.1937659153604,0.816348195329088,0.788624758575817,0.788738377979699,89.5098567738241,77.1402265595094,83.3250416666667,0.821078717082726,62.302330099446,82.5930000000001,84.8776402639521,0.920830703804021,-0.00959159147867616
"8865753","2020-10-19",21.8265738446162,0.70063694267516,0.750884642604386,0.771733922705236,89.8095992203752,77.4791507796249,83.6443750000001,0.738349671340456,56.4934989410998,82.6962000000001,85.0126215620918,0.922164432155381,0.176759613248135
"8865752","2020-10-20",20.4896253025438,0.66551724137931,0.72750079312785,0.75567006476935,90.0485103544635,77.73832297887,83.8934166666667,0.687101132560045,56.0289858900076,82.8442000000001,85.1176053538129,0.90411829228827,0.322231349056162
"8865751","2020-10-21",20.3634252565976,0.588082901554403,0.651412361869622,0.709932599200618,90.2457616565773,78.1734050100895,84.2095833333334,0.70132081397493,54.8419143102848,82.9946000000001,85.1792579733045,0.859006832152565,0.429586445675443
"8865750","2020-10-22",20.994904029293,0.677033492822966,0.643544545252224,0.674152566749898,90.5425689379801,78.7867643953534,84.6646666666667,0.823698247919574,62.5674505111495,83.2422000000001,85.4980235768639,0.999475367990565,0.543564230138467
"8865749","2020-10-23",22.0687690925364,0.87810650887574,0.714407634417701,0.669788180513181,91.1903081036662,79.2500252296673,85.2201666666667,0.962565813971948,70.3388486073737,83.6042000000001,86.1516204332821,1.35930151581911,0.706711687274596
"8865748","2020-10-26",22.7585673722292,0.751264755480606,0.768801585726435,0.708917921798785,91.7607429302295,79.634590403104,85.6976666666667,0.898230187951022,68.3673802976921,84.0268000000001,86.6694043755111,1.5887783519646,0.883125020212598
"8865747","2020-10-27",23.3990943462298,0.843170320404721,0.824180528253686,0.769129916132606,92.1980792244528,80.2169207755474,86.2075000000001,0.886370540579029,69.7315639728329,84.4264000000001,87.190817125443,1.7979179574328,1.06608360765664
"8865746","2020-10-28",22.3154864990813,0.478920741989882,0.691118605958401,0.761366906646173,92.0449728979787,81.3036937686881,86.6743333333334,0.737308794354764,58.8914917533168,84.7804000000001,87.3547081753839,1.742585828661,1.20138405185751
"8865745","2020-10-29",21.6750444149097,0.00674536256323882,0.442945474985945,0.652748203066009,91.5895359195043,82.3527974138292,86.9711666666667,0.462703285387109,48.3900723272627,85.0488000000001,87.1234137519994,1.42379540702871,1.24586632289175
"8865744","2020-10-30",21.0803481938932,0.114671163575043,0.200112422709386,0.444725501217909,91.2001806808556,83.2578193191446,87.2290000000001,0.469068812727275,50.5601688641209,85.3376000000001,87.0082919183995,1.21629465487509,1.23995198928842
"8865743","2020-11-02",19.6146510826522,0.323777403035413,0.148397976391229,0.263818624695519,90.845356000458,84.2033106662088,87.5243333333334,0.620294270784326,54.547902382547,85.6172000000001,87.0738529959462,1.15346609885141,1.22265481120102
"8865742","2020-11-03",18.942738373552,0.801011804384485,0.413153456998311,0.253887952032974,91.0711995277352,84.6341338055982,87.8526666666667,0.944923218688087,62.067723235444,86.0300000000001,87.5080059298201,1.34923550324075,1.24797094960896
"8865741","2020-11-04",17.6504087693731,0.553119730185497,0.559302979201796,0.373618137530444,91.2371739894849,84.8074926771819,88.0223333333334,0.74796459667178,56.8100419492804,86.4128000000001,87.6882718058441,1.35222951693887,1.26882266307495
"8865740","2020-11-05",16.6332316027263,0.824390243902439,0.726173926157471,0.566210120785858,91.6303271670308,84.8686728329693,88.2495,0.908258077626664,61.1280652179452,86.8384000000001,88.0831688983982,1.50087590487686,1.31523331143533
"8865739","2020-11-06",15.4609492992592,0.716068642745711,0.697859538944547,0.66111214810127,91.9250108653723,84.9839891346278,88.4545,0.834556893314548,59.4127085402383,87.2036000000001,88.3614130452784,1.55558568007745,1.36330378516375
"8865738","2020-11-09",16.0134254037943,0.653696498054474,0.731385128234206,0.718472864445407,92.8242206328405,84.6837793671596,88.754,1.08137716521818,64.2119721347793,87.6192000000001,88.8865579725746,1.77103353480601,1.44484973509221
"8865737","2020-11-10",16.0553178500505,0.567382812500001,0.645715984433393,0.691653550537381,93.2605698204833,84.7660968461834,89.0133333333334,0.873576246923645,61.0372631704103,87.9572000000001,89.2256835762314,1.83972048449941,1.52382388497365
"8865736","2020-11-11",16.722798960462,0.7255859375,0.648888416018156,0.67532984289525,93.998329512345,84.6930038209884,89.3456666666667,0.985134371763739,64.5517590911613,88.2496000000001,89.7355924327339,2.0153011310617,1.62211933419126
"8865735","2020-11-12",16.1958075750103,0.5009765625,0.597981770833331,0.630862057094959,94.246709290992,84.9666240423414,89.6066666666667,0.761132658634323,56.728109291997,88.4356000000001,89.870846775036,1.92431069712098,1.6825576067772
"8865734","2020-11-13",15.7064584313766,0.58056640625,0.60237630208333,0.616415496311605,94.5195335120398,85.1994664879603,89.8595,0.767576759575891,58.6409816824195,88.6516000000001,90.0967338716979,1.90290748909367,1.7266275832405
"8865733","2020-11-16",15.7187263078172,0.705078125,0.595540364583331,0.598632812499996,94.8882705620545,85.5328294379456,90.21055,0.862760375305827,61.507738255469,88.8896000000001,90.4625026888048,1.97618882126454,1.7765398308453
"8865732","2020-11-17",15.6507872174711,0.6904296875,0.658691406249997,0.618869357638885,95.0178797193663,86.0975536139671,90.5577166666667,0.789483064051918,60.9722883484676,89.1360000000001,90.7595023302975,1.99665219484289,1.82056230364482
"8865731","2020-11-18",14.6065840542116,0.428125,0.607877604166664,0.620703124999996,94.8921300931761,86.7056265734906,90.7988783333334,0.581152472285932,53.2508680838886,89.2744000000001,90.7075686862579,1.78574072044713,1.81359798700528
"8865730","2020-11-19",14.186877420097,0.185406698564593,0.434653795354862,0.567074268590507,94.8473477087049,86.8740756246285,90.8607116666667,0.355260802863503,49.416389329085,89.3876000000001,90.4865595280902,1.4841003080754,1.74769845121931
"8865729","2020-11-20",13.7971498312764,0.0585714285714281,0.224034375712005,0.422188591744509,94.8268541301556,86.7999025365112,90.8133783333334,0.373337760318411,50.0618144071746,89.4792000000001,90.3243515910115,1.25021569136703,1.64820189924885
"8865728","2020-11-23",13.0854912959879,0.121428571428571,0.121802232854861,0.260163467973908,94.8204825639911,86.7856074360089,90.803045,0.439881455242808,51.3975151347665,89.6320000000001,90.2424380455433,1.09161197480936,1.53688391436095
"8865727","2020-11-24",12.7548243385935,0.41409691629956,0.198032305433184,0.181289638000016,94.9581970085186,86.8038929914815,90.8810450000001,0.685867691896204,57.4186892677442,89.8748000000001,90.4594463061375,1.14566415214195,1.45863996191715
"8865726","2020-11-25",12.5928548164726,0.509544787077826,0.34835675826865,0.222730432185564,95.1640914411045,86.9699985588956,91.067045,0.728980603503665,59.0622689752608,90.1524000000001,90.7341867986525,1.23160898182999,1.41323376589972
"8865725","2020-11-27",11.7217794688769,0.29955947136564,0.40773372491434,0.318040929538723,94.8841462496737,87.7636104169931,91.3238783333334,0.561716563237137,54.1136299411084,90.2932000000001,90.7816285588322,1.1587627350937,1.36233955973851
"8865724","2020-11-30",11.1266007658854,0.228615863141524,0.345906707194994,0.36733239679266,94.4874128540587,88.5720104792747,91.5297116666667,0.427357153505147,52.23491853256,90.2980000000001,90.7467447509879,1.03837575317201,1.29754679842521
"8865723","2020-12-01",10.4945362748105,0.329704510108865,0.28595994820534,0.34653346010489,94.2590905363785,89.1264161302883,91.6927533333334,0.478844037615576,54.1881530510922,90.3434000000001,90.8031787841895,0.989358461937972,1.23590913112776
"8865722","2020-12-02",10.2789302352061,0.226861745849089,0.261727373033157,0.297864676144496,94.2546466789898,89.1585266543436,91.7065866666667,0.360039926476634,51.6010969395204,90.3374000000001,90.7534216129642,0.874628672713573,1.16365303944493
"8865721","2020-12-03",10.0787246270019,0.276179516685847,0.277581924214598,0.275089748484364,94.1617371401745,89.4087695264923,91.7852533333334,0.374761752716371,52.5893131307934,90.4298000000001,90.7502987312357,0.801167608284947,1.09115595321293
"8865720","2020-12-04",9.63908436499112,0.295906625020549,0.266315962518492,0.268541753255415,94.1618988921951,89.4482744411384,91.8050866666667,0.415474810490948,53.0026786308753,90.6390000000001,90.7635922337376,0.74503242974111,1.02193124851857
"8865719","2020-12-07",9.15431116983219,0.501002004008015,0.357696048571468,0.300531311768185,94.1711314853729,89.5527085146273,91.8619200000001,0.511132227095463,55.4431511745793,90.8506000000001,90.8684466025726,0.754029890581931,0.96835097693124
"8865718","2020-12-08",8.89765777497925,0.462025316455695,0.41964464849475,0.347885553194902,93.9548585563505,89.581314776983,91.7680866666667,0.463853873508134,54.103250771812,91.0002000000001,90.9179870555629,0.72516775334861,0.919714332214714
"8865717","2020-12-09",8.34369661260112,0.48945147679325,0.484159599085651,0.420500098717288,93.9350500811876,89.5754565854792,91.7552533333334,0.54008324786213,54.5987678113653,91.0418000000001,90.9782554481545,0.705646433182694,0.87690075240831
"8865716","2020-12-10",7.82930410467857,0.612831858407081,0.521436217218673,0.475080154933023,93.6603754812754,89.7011311853915,91.6807533333334,0.674085410032199,57.1655331521925,91.1690000000001,91.1198213884006,0.740926256179431,0.849705853162534
"8865715","2020-12-11",8.10195351453347,0.640449438202249,0.580910924467524,0.528835580257281,93.8032867812375,89.6645532187627,91.7339200000001,0.828461185725703,59.0982729824444,91.2454000000001,91.3118452032805,0.805347475205687,0.840834177571165
"8865714","2020-12-14",9.43783081593283,0.516017316017315,0.589766204208879,0.564037781965024,94.1840978499528,89.4825754833807,91.8333366666668,1.03351442456898,62.108004611733,91.3750000000001,91.5915991761765,0.92033287259683,0.856733916576298
"8865713","2020-12-15",10.7960247092558,0.459369817578773,0.538612190599443,0.569763106425281,94.3368464029313,89.3980602637356,91.8674533333334,0.989839662044413,60.9153951660737,91.4110000000001,91.8060526193529,0.981047266378421,0.881596586536722
"8865712","2020-12-16",12.3112339937441,0.7370820668693,0.570823066821794,0.566400487210038,94.9837210233336,89.0228523099999,92.0032866666668,1.14644604424527,67.5598867212917,91.5650000000001,92.2692456034392,1.1969203909612,0.944661347421618
"8865711","2020-12-17",13.8109441205853,0.839233038348084,0.67856164093205,0.595998966117761,95.8020806994072,88.7065026339263,92.2542916666667,1.09601087150889,69.7932561915601,91.6878000000001,92.7826795229806,1.42290406556702,1.0403098910507
"8865710","2020-12-18",13.909274725165,0.548957508577461,0.708424204598279,0.65260297078404,96.2079838526326,88.9028661473675,92.5554250000001,0.934477370713095,61.4894761890094,91.8414000000001,93.0236555865832,1.45089469419526,1.12242685167961
"8865709","2020-12-21",13.3490705376933,0.236869886513591,0.541686811146376,0.642890885558901,96.1377017379673,89.2831482620329,92.7104250000001,0.527170503129119,51.3243997180706,91.8678000000001,92.9171681750388,1.25334108173774,1.14860969769124
"8865708","2020-12-22",12.5000585580481,0.347622973344326,0.377816789478457,0.542642601741036,96.1550256945152,89.6104909721516,92.8827583333334,0.635060530783467,54.8426910474811,91.8846000000001,92.9628790850336,1.17310792513994,1.15350934318098
"8865707","2020-12-23",12.2508932668179,0.419111483654652,0.334534781170854,0.418012793931894,96.3403082042876,89.6458751290459,92.9930916666667,0.740534433396881,56.7613126423589,91.9310000000001,93.0811618736958,1.14738181339278,1.15228383722334
"8865706","2020-12-24",11.7882477695049,0.331530732860521,0.36608839661983,0.359479989089713,96.4298096625712,89.6696270040956,93.0497183333334,0.651792989209651,55.1938297260811,92.0555520000001,93.134846957203,1.08265700458876,1.13835847069642
"8865705","2020-12-28",11.8775093336821,0.540780141843973,0.430474119453046,0.377032432414576,96.6946364682844,89.7623435317157,93.2284900000001,0.804412506219212,59.8155088781023,92.2895520000001,93.3702006962426,1.14057775797851,1.13880232815284
"8865704","2020-12-29",11.8293735674166,0.503163603495028,0.458491492733171,0.418351336268681,96.8596258833775,90.0093541166226,93.4344900000001,0.76064805321523,58.9371643531501,92.5071520000001,93.5488406034103,1.15627672075502,1.14229720667328
"8865703","2020-12-30",11.7338625498812,0.435656836461126,0.493200193933373,0.460721935373196,96.9968232268536,90.2227401064798,93.6097816666667,0.71851198265952,58.5957776969511,92.7043520000001,93.6943285229556,1.14913068811151,1.14366390296092
"8865702","2020-12-31",11.7806700777663,0.405498876015908,0.448106438657351,0.466599375107964,97.0388370774727,90.5930595891941,93.8159483333334,0.701793862059086,58.232526028377,92.8123520000001,93.8110847198948,1.12426484444079,1.1397840912569
"8865701","2021-01-04",11.8512439283824,0,0.280385237492342,0.407230623361021,96.9246855092874,90.922877824046,93.9237816666667,0.403843136890375,46.0285792650633,92.7831520000001,93.5416067572422,0.855348240644616,1.08289692113444
"8865700","2021-01-05",13.0305174816962,0,0.1351662920053,0.287885989384997,97.0934432326029,90.6391201007305,93.8662816666667,-0.0592553899533273,38.2369016074962,92.7107520000001,92.9733925229432,0.419623077240261,0.950242152355605
"8865699","2021-01-06",14.7643684080933,0,-2.81256499571706e-15,0.138517176499212,97.5342373220406,89.8913260112928,93.7127816666667,-0.13711956548361,33.6861909822452,92.5867520000001,92.2329401865508,-0.0890969592207802,0.742374330040328
"8865698","2021-01-07",16.527556546578,0,-2.81256499571706e-15,0.0450554306684305,97.9798882887869,89.1040083778798,93.5419483333334,-0.102601100250061,32.5859330540022,92.4171520000001,91.5258814950107,-0.532662928850614,0.48736687826214
"8865697","2021-01-08",18.2787726748642,0,-2.81256499571706e-15,-3.8117657178797e-15,98.4545895861519,88.1819737471815,93.3182816666667,-0.0706058799320876,31.765046393789,92.2627520000001,90.8650972956759,-0.908938329025732,0.208105836804565
"8865696","2021-01-11",18.9035828835963,0.241658240647118,0.08055274688237,0.0268509156274538,98.561787261489,87.7894427385111,93.175615,0.160338719623324,42.1790625977044,92.1919520000001,90.6110843229192,-0.98500337311026,-0.0305160051783999
"8865695","2021-01-12",19.0479205912828,0.265925176946411,0.169194472531174,0.083249073137846,98.5887172694398,87.4428460638937,93.0157816666667,0.220155119103836,43.1178885395784,92.1259520000001,90.4229397465299,-1.01263917922734,-0.226940639988187
"8865694","2021-01-13",18.7266144804198,0.386248736097068,0.297944051230197,0.182563756881246,98.4541559363416,87.2359073969918,92.8450316666667,0.328996033269267,47.6561164031004,92.0795520000001,90.418547780326,-0.917765644035284,-0.365105640797607
"8865693","2021-01-14",19.0268962692344,0.248736097067746,0.300303336703739,0.255813953488369,98.3272198062468,86.9408435270866,92.6340316666667,0.27452308468859,43.3949686067898,91.9911520000001,90.2334080762825,-0.953263137624349,-0.482737140162955
"8865692","2021-01-15",19.6802744632581,0.153690596562185,0.262891809908997,0.287046399280977,97.9946154893577,86.5847811773091,92.2896983333334,0.209049382967125,40.6870372861881,91.8599520000001,89.9476203327782,-1.05394729817422,-0.596979171765208
"8865691","2021-01-19",20.1742068582433,0.268958543983823,0.223795079204582,0.262330075272438,97.4169540905366,86.4924425761301,91.9546983333334,0.30123916779834,45.156783506236,91.7475520000001,89.8519376217411,-1.02002688318635,-0.681588714049437
"8865690","2021-01-20",20.9204666063445,0.198179979777554,0.206943040107851,0.231209976407142,96.9406133621378,86.2868499711957,91.6137316666667,0.246218160902141,43.0133294434847,91.5863520000001,89.6756792721756,-1.04424797519161,-0.754120566277873
"8865689","2021-01-21",21.6835110559877,0.180990899898888,0.216043141220086,0.215593753510839,96.838985065556,85.974144934444,91.406565,0.255796529479614,42.4858913660935,91.3843520000001,89.5002553692189,-1.06678638076118,-0.816653729174533
"8865688","2021-01-22",22.8011434212527,0.0778564206268969,0.152342433434444,0.191776204920792,96.636795063385,85.5900016032818,91.1133983333334,0.209412055942425,39.3667576070763,91.1499520000001,89.2122213199897,-1.16384382940804,-0.886091749221235
"8865687","2021-01-25",22.5704092016824,0.264184397163122,0.1743439058963,0.180909826850275,96.18702624626,85.4737704204068,90.8303983333334,0.323857001953953,42.5717839152641,90.8611520000001,89.0585918106577,-1.16272901867817,-0.941419203112621
"8865686","2021-01-26",22.2237207868535,0.447037701974866,0.263026173254959,0.196570837528566,95.7736800896316,85.4468632437019,90.6102716666667,0.409271332365821,46.7795495174576,90.5787520000001,89.0587795692367,-1.05911081143636,-0.964957524777369
"8865685","2021-01-27",22.545744487591,0.195691202872532,0.302304434003504,0.246558171051587,95.0237883256445,85.5118783410223,90.2678333333334,0.313093969958966,42.1259535276245,90.3015520000001,88.8722756266718,-1.09150188847345,-0.990266397516584
"8865684","2021-01-28",22.8143519454746,0.193895870736088,0.278874925194493,0.281401844150984,94.1612873483723,85.7020459849612,89.9316666666667,0.330363038675442,42.0937423333444,90.1185520000001,88.7093055431156,-1.10568840045047,-1.01335079810336
"8865683","2021-01-29",23.0637731563666,0.147916666666665,0.179167913425092,0.253449090874362,93.1424827494898,86.0815172505104,89.6120000000001,0.370367114318048,43.9402574056277,89.9101520000001,88.6213981373668,-1.06843216521855,-1.0243670715264
"8865682","2021-02-01",23.2953785664806,0.181249999999998,0.174354179134248,0.210799005917943,91.7732117956132,86.7954548710537,89.2843333333334,0.355155643208938,44.6998804017892,89.6845520000001,88.5665450523846,-1.01274590780883,-1.02204283878288
"8865681","2021-02-02",23.0951012545536,0.220833333333334,0.18333333333333,0.178951808630889,90.7114685962991,87.4068647370344,89.0591666666667,0.434687078232295,45.6418352625629,89.4812000000001,88.5443390454,-0.940493843809032,-1.00573303978811
"8865680","2021-02-03",23.5643195175554,0,0.134027777777775,0.16390509674845,90.58755683818,87.2764431618201,88.9320000000001,0.131946593870351,40.8676414243586,89.1728000000001,88.3637605060133,-0.982383780044005,-1.00106318783929
"8865679","2021-02-04",24.2313133081793,0,0.0736111111111085,0.13032407407407,90.6852229757821,87.0031103575514,88.8441666666667,0.0226924914522004,39.1544146401943,88.8532000000001,88.1445924385449,-1.04689406963763,-1.01022936419896
"8865678","2021-02-05",23.8878549746942,0.296650717703348,0.0988835725677797,0.102174153818887,90.6839319764693,87.0120680235308,88.8480000000001,0.34258676045513,45.6303210057803,88.5860000000001,88.1199801134056,-0.973530141946344,-1.00288951974844
"8865677","2021-02-08",23.9731574475597,0.119617224880383,0.138755980861241,0.103750221513375,90.6548013545891,87.075198645411,88.8650000000001,0.201549747240335,42.7089601688166,88.2920000000001,87.9999827649515,-0.97205506177046,-0.996722628152841
"8865676","2021-02-09",24.4521797362403,0,0.138755980861241,0.125465178096753,90.6701062837096,86.8127270496239,88.7414166666667,0.0602152228963219,39.7808601766671,88.0776000000001,87.7906517296246,-1.0317852064274,-1.00373514380775
"8865675","2021-02-10",24.9665958513473,0,0.039872408293458,0.105794790005312,90.6218206641334,86.5453460025334,88.5835833333334,0.0477505721549616,39.2670755662341,87.9580000000001,87.5905648323414,-1.08002044109879,-1.01899220326596
"8865674","2021-02-11",25.6994397701552,0,-2.81719092498633e-15,0.0595427963848975,90.3276107291525,86.3742226041809,88.3509166666667,-0.0255196979548556,37.3734382664329,87.8924000000001,87.3491561880292,-1.1525136822798,-1.04569649906873
"8865673","2021-02-12",26.3799376947625,0.0234375000000009,0.00781249999999747,0.0158949694311498,90.1786491821626,86.1381841511709,88.1584166666667,0.0194241293746582,38.1294834250531,87.8512000000001,87.1559353629586,-1.18575701219489,-1.07370860169396
"8865672","2021-02-16",27.0928748937162,0,0.00781249999999747,0.00520833333332966,90.1879333754406,85.8405666245595,88.0142500000001,0.0566089902714772,37.5197447549294,87.8184000000001,86.9684773145641,-1.21246069365102,-1.10145902008537
"8865671","2021-02-17",27.1678173213379,0.135135135135134,0.0528575450450421,0.0228275150150113,89.9483267473819,85.7675065859516,87.8579166666667,0.212675993317754,41.5463506271237,87.7140000000001,86.8860136726223,-1.16478878726156,-1.11412497352061
"8865670","2021-02-18",25.5779080861733,0.250000000000001,0.128378378378375,0.0630161411411373,89.8266285450173,85.7525381216495,87.7895833333334,0.439557060739831,44.4994940170287,87.6184000000001,86.8758785162726,-1.07198590446421,-1.10569715970933
"8865669","2021-02-19",24.3793484276455,0.170854271356785,0.185329802163971,0.122188575195795,89.7150188638904,85.6968144694431,87.7059166666667,0.344229759060621,42.5854809044064,87.4600000000001,86.8164280474363,-1.02198784969249,-1.08895529770596
"8865668","2021-02-22",23.5481336471803,0.0728643216080417,0.164572864321607,0.15942701495465,89.6947699528585,85.6087300471416,87.65175,0.296441048254004,40.6528601646929,87.3404000000001,86.7129043077781,-1.00711879478051,-1.07258799712087
"8865667","2021-02-23",22.106212650817,0.368731563421829,0.204150052128883,0.184684239538152,89.5462465561774,85.6342534438227,87.5902500000001,0.531463075163544,47.0258128052203,87.2968000000001,86.7511837334077,-0.895754068642229,-1.03722121142514
"8865666","2021-02-24",20.5877278589384,0.586666666666667,0.342754183898843,0.237159033449776,89.2897848672242,85.7700484661093,87.5299166666667,0.766142089419889,52.4656456240147,87.2456000000001,86.9110259022867,-0.710999477309782,-0.971976864602071
"8865665","2021-02-25",19.2205786727011,0.639473684210529,0.531623971433005,0.359509402486909,89.3141990941874,85.7603009058127,87.5372500000001,0.809355138608907,53.7051354958502,87.2316000000001,87.0802224486485,-0.53715579491681,-0.885012650665019
"8865664","2021-02-26",19.2901796228102,0.0921052631578933,0.43941520467836,0.437931120003402,89.1974604420823,85.7207062245845,87.4590833333334,0.348781372765994,42.8286227316291,87.1412000000001,86.949526122162,-0.585438812681516,-0.825097883068319
"8865663","2021-03-01",18.8757742568713,0.373684210526317,0.368421052631577,0.446486742914313,89.0692271372402,85.7617728627599,87.4155000000001,0.623811235474843,48.5959705897384,87.1344000000001,86.9789226392071,-0.518561512533589,-0.763790608961373
"8865662","2021-03-02",19.432277976807,0,0.155263157894734,0.321033138401556,88.9280785121947,85.6885881544721,87.3083333333334,0.225779911270396,41.8048014697956,87.0348000000001,86.7910662873128,-0.607129514899862,-0.732458390149071
"8865661","2021-03-03",20.0901317462629,0,0.124561403508769,0.216081871345026,88.7585346606993,85.5407986726342,87.1496666666667,0.040152867682437,40.769403968859,86.8844000000001,86.5922574490044,-0.694810590128925,-0.724928830145042
"8865660","2021-03-04",18.8486352859761,0.19764705882353,0.0658823529411738,0.115235638114891,88.7032917185766,85.5260416147569,87.1146666666667,0.468106592171772,45.3078400920552,86.8236000000001,86.5319564558038,-0.678446223188367,-0.715632308753707
"8865659","2021-03-05",18.2016823957752,0.453629032258064,0.217092030360528,0.135845262270156,88.875129033693,85.4908709663071,87.1830000000001,0.875365385274681,51.961681314205,86.8196000000001,86.66769559503,-0.528001759012064,-0.678106198805378
"8865658","2021-03-08",18.9986006798323,0.59040590405904,0.413893998380208,0.232289460560636,89.7349733193254,84.9250266806747,87.3300000000001,1.30666175562571,61.1638343988265,86.9016000000001,87.1253361823593,-0.17032302214165,-0.576549563472633
"8865657","2021-03-09",19.8548390541891,0.840236686390533,0.628090540902543,0.419692189881092,90.9854683554716,84.1798649778619,87.5826666666667,1.27397007158287,67.2564024363335,87.0692000000001,87.8286246913781,0.319556042757596,-0.397328442226587
"8865656","2021-03-10",21.2594892159572,0.731256085686466,0.720632892045344,0.587539143776031,92.2334304702664,83.600402863067,87.9169166666667,1.1733539608382,68.2136952322633,87.2456000000001,88.492808065861,0.733274811300588,-0.171207791521152
"8865655","2021-03-11",22.5638072233134,0.815968841285298,0.79582053778743,0.714847990245104,93.3579151594373,83.2215848405628,88.2897500000001,1.08274705745013,70.2043302000604,87.5052000000001,89.1844336570796,1.12363652597258,0.087761071977595
"8865654","2021-03-12",24.4032927752369,0.691480562448304,0.74623516314002,0.75422953099093,94.4550304937058,82.9874695062944,88.7212500000001,1.03909312888065,70.0956530856709,87.7828000000001,89.7811758361356,1.41144920226042,0.352498698034159
"8865653","2021-03-15",26.9558474068774,0.751644004944376,0.75303113622599,0.765028945717812,96.4468437773881,82.2540962226121,89.3504700000001,1.16587506261157,77.2915231185355,88.1628640000001,90.8052323913175,1.95193010750088,0.672384979927503
"8865652","2021-03-16",29.5591083438426,0.870894677236694,0.771339748209788,0.756868682525265,98.784285582327,81.4519877510065,90.1181366666667,1.15322344697273,81.3771092300912,88.7012640000001,92.1218680724752,2.62358697242489,1.06262537842698
"8865651","2021-03-17",31.1918877010948,0.80237825594564,0.808305646042234,0.77755884349267,100.423343939503,81.1985960604967,90.8109700000001,1.00468091412154,75.8517324147366,89.2228640000001,93.1016189961452,3.00455785141756,1.45101187302509
"8865650","2021-03-18",32.6561828919944,0.797848244620612,0.823707059267646,0.801117484506555,101.681146899501,81.1731264338326,91.4271366666667,0.911523384918025,75.4867937136119,89.7468640000001,93.9400697966591,3.25487056946885,1.81178361231385
"8865649","2021-03-19",33.2597525851825,0.731596828992073,0.777274443186105,0.803095716165327,102.602857356838,81.4567493098284,92.0298033333334,0.835926118612844,70.1695829963905,90.2444640000001,94.5107271571046,3.31034339976291,2.11149556980366
"8865648","2021-03-22",33.4944375944148,0.702151755379389,0.743865609664022,0.781615704039257,103.295401952062,81.9532047146052,92.6243033333334,0.785148553307622,67.881017219458,90.716464,94.9359635361573,3.26988488328319,2.34317343249956
"8865647","2021-03-23",33.6368242934093,0.680344827586207,0.704697803985887,0.74194595227867,103.778753679859,82.4797463201409,93.1292500000001,0.719870183975021,67.3505778865238,91.1898,95.2889550646697,3.18956056253279,2.51245085850621
"8865646","2021-03-24",34.0680174462223,0.628163530175212,0.6702200377136,0.706261150454502,104.218172681947,82.9836606513867,93.6009166666667,0.702457364084757,65.6754682595621,91.625,95.5477610560471,3.05970517337677,2.62190172148032
"8865645","2021-03-25",34.7901019738688,0.632970451010887,0.647159602924099,0.674025814874527,104.72065248515,83.5121808481836,94.1164166666668,0.72775097058766,68.1161553524932,92.0822,95.9067262485741,3.00613298029055,2.69874797324237
"8865644","2021-03-26",35.8505439774621,0.670454545454546,0.643862842213545,0.653747494283747,105.172989987581,84.3941766790854,94.7835833333334,0.764359819388109,70.8560905238632,92.6042,96.3831627487642,3.03098861576108,2.76519610174611
"8865643","2021-03-29",36.8993130371286,0.745812807881773,0.683079268115732,0.658033904417791,105.646728402827,85.2342715971734,95.4405000000001,0.770561911577623,72.6904706087373,93.1778,96.9160743822624,3.08774841340829,2.82970656407855
"8865642","2021-03-30",36.919018006503,0.580645161290323,0.665637504875545,0.664193205068273,105.570235398866,86.6320979344676,96.1011666666667,0.686510773475307,66.117329898875,93.6602,97.201931131294,2.9867514109212,2.86111553344708
"8865641","2021-03-31",36.7154577188975,0.546236559139785,0.624231509437291,0.657649427476188,105.028453814005,88.5315461859948,96.7800000000001,0.649522972564772,64.592442119738,94.0918,97.4070069804549,2.84661029648507,2.85821448605468
"8865640","2021-04-01",36.5443122339893,0.263525305410121,0.463469008613407,0.58444600764208,104.370479553933,90.4145204460668,97.3925000000001,0.634052652266567,64.592442119738,94.5142,97.5847393830609,2.7038764890627,2.82734688665628
"8865639","2021-04-05",37.0644012117866,0.544502617801046,0.451421494116981,0.513040670722559,103.832449216787,92.2098841165464,98.0211666666667,0.758591797428407,68.7922574657523,95.0842,97.9534407986528,2.69176536789961,2.80023058290495
"8865638","2021-04-06",36.7946232390345,0.385474860335195,0.397834261182118,0.437574921304168,103.389742945055,93.5122570549448,98.4510000000001,0.637248150161761,63.5020795693878,95.5694,98.1329820254991,2.56523442358798,2.75323135104155
"8865637","2021-04-07",36.544115121479,0.431067961165049,0.453681813100427,0.434312522799841,103.042516845954,94.5561498207125,98.7993333333334,0.619878545237001,63.9288335153935,96.1246,98.3085844220992,2.44861294946952,2.69230767072715
"8865636","2021-04-08",36.5286597388384,0.359223300970873,0.391922040823703,0.414479371702082,102.663148073693,95.5391852596406,99.1011666666668,0.59341710749629,62.0030062936682,96.6758,98.411439832486,2.29902315142636,2.61365076686699
"8865635","2021-04-09",36.5143083121008,0.374757281553397,0.388349514563104,0.411317789495743,102.126549743974,96.6034502560258,99.3650000000001,0.51961459024405,62.2676776986709,97.1966,98.5112478548212,2.16192560807917,2.52330573510943
"8865634","2021-04-12",36.5770956857665,0.409708737864078,0.38122977346278,0.387167109616528,101.456294248104,97.749039085229,99.6026666666668,0.51456603271894,62.893959230003,97.6682,98.621748140845,2.04425749787973,2.42749608766349
"8865633","2021-04-13",35.7464761228994,0.205825242718447,0.330097087378638,0.366558791801506,101.458285744471,97.7419409221963,99.6001133333334,0.271250146585375,56.9552593213439,97.9958,98.577515055399,1.84376698637165,2.31075026740512
"8865632","2021-04-14",35.1016197551971,0.169082125603865,0.261538702062127,0.324288520967847,101.150068663707,97.8331580029599,99.4916133333334,0.433186824729394,59.5044288308646,98.2574,98.6258463813458,1.7182977625199,2.19225976642808
"8865631","2021-04-15",34.8601476436999,0.2200488997555,0.198318756025934,0.263318181822232,101.044791559681,97.8557684403193,99.4502800000001,0.574125102835223,60.4739850260679,98.5126,98.7010668638331,1.62055375685872,2.07791856451421
"8865630","2021-04-16",35.2863697963818,0.557457212713935,0.315529412691097,0.258462290259719,101.261623799365,97.7652695339686,99.5134466666668,0.962353986646134,65.398705299375,98.7882,98.9502579486553,1.63668081824389,1.98967101526014
"8865629","2021-04-19",35.7877088020683,0.599056603773584,0.45885423874767,0.324234135821566,101.546327581329,97.7068990853383,99.6266133333334,0.96102000211276,66.2518591101822,99.075,99.200890222168,1.65095848584351,1.92192850937682
"8865628","2021-04-20",36.5163567460025,0.769696969696969,0.642070262061493,0.472151304500086,102.051963996049,97.5782626706184,99.8151133333334,1.09567827014252,70.1265370581424,99.260536,99.5874381925456,1.74443870949033,1.88643054939952
"8865627","2021-04-21",36.4257959411214,0.604040404040404,0.657597992503649,0.586174164437603,102.196191368477,97.8251419648567,100.010666666667,0.891820477995072,64.9420414727072,99.284536,99.8131131002062,1.7311733503161,1.85537910958283
"8865626","2021-04-22",36.3417037651603,0.640404040404039,0.671380471380468,0.657016241981869,102.303817798125,98.1108488685422,100.207333333333,0.887792045995863,65.5442258221007,99.3641360000001,100.032698020179,1.71489127122411,1.82728154191109
"8865625","2021-04-23",35.2071837050514,0.402020202020202,0.548821548821545,0.625933337568553,102.339607257087,98.2713927429133,100.3055,0.648590984544651,58.4555840325644,99.3997360000001,100.065671617488,1.58822492990831,1.77947021951053
"8865624","2021-04-26",34.0351370580413,0.373737373737373,0.472053872053868,0.564085297418626,102.34732699868,98.2780063346539,100.312666666667,0.526376228907713,57.6588284444609,99.4765360000001,100.07558206849,1.45971190298626,1.71551855620568
"8865623","2021-04-27",31.6836246037038,0.0404040404040382,0.272053872053868,0.430976430976426,102.296460028238,98.1428733050955,100.219666666667,0.23123630063782,49.1551182460862,99.5081360000001,99.8641711260245,1.21079290421824,1.61457342580819
"8865622","2021-04-28",29.5000773246761,0.0868686868686856,0.167003367003363,0.303703703703699,102.307741467195,98.0879251994723,100.197833333333,0.262746384404278,50.2564247623124,99.5536000000001,99.7116149758879,1.02032681830568,1.49572410430769
"8865621","2021-04-29",28.9277313663538,0.488888888888887,0.205387205387201,0.214814814814809,102.422440072808,98.1835599271926,100.303,0.74699919885279,58.6099028340719,99.6928000000001,99.8447329791028,1.01867883088136,1.40031504962242
"8865620","2021-04-30",28.3962672621972,0.610101010101011,0.395286195286191,0.255892255892251,102.577422606124,98.2759107272094,100.426666666667,0.804544085167195,60.7500905039752,99.8156000000001,100.040101915222,1.05343912267752,1.33093986423344
"8865619","2021-05-03",28.5693121702129,0.641818181818182,0.580269360269357,0.393647586980915,102.862680233892,98.155653099442,100.509166666667,0.960481730418869,63.1765427794699,99.9172000000001,100.304088326526,1.12479313611225,1.2897105186092
"8865618","2021-05-04",28.1528804019793,0.510909090909091,0.587609427609425,0.521054994388323,102.995027324154,98.2169726758459,100.606,0.738032717716168,59.1810134476375,99.9540000000001,100.436876549656,1.11019580120086,1.25380757512754
"8865617","2021-05-05",26.8651398939393,0.285454545454547,0.479393939393937,0.549090909090905,103.016086271828,98.2919137281727,100.654,0.525965746494869,52.9679536444835,99.9940000000001,100.386626343035,0.987510368520339,1.2005481338061
"8865616","2021-05-06",26.000874971522,0.53818181818182,0.444848484848483,0.503950617283947,103.146375907949,98.3756240920514,100.761,0.740143841238792,58.2581590324316,100.1024,100.528409497297,0.990530293846903,1.15854456581426
"8865615","2021-05-07",25.7394300969194,0.721818181818182,0.515151515151513,0.479797979797977,103.421164745565,98.4471685877684,100.934166666667,0.902593797114403,61.634960764081,100.2512,100.785954897658,1.06136591926611,1.13910883650463
"8865614","2021-05-10",25.9812041147816,0.78516228748068,0.681720762493557,0.547240254164517,103.907663843174,98.3983361568263,101.153,1.02281031322041,64.9872851616684,100.38,101.157160911303,1.19178095741665,1.14964326068703
"8865613","2021-05-11",24.6938787853024,0.440494590417312,0.649158353238721,0.615343543627929,103.884756514354,98.7689101523133,101.326833333333,0.67589139111175,54.6547904384242,100.4616,101.181539456463,1.10400885371824,1.14051637929328
"8865612","2021-05-12",23.1259395747517,0.225656877897992,0.483771251931991,0.604883455888089,103.796991259779,99.0043420735543,101.400666666667,0.363541024058292,49.3841981249849,100.4816,101.017334195601,0.913035072802093,1.09502011799504
"8865611","2021-05-13",21.6699960220975,0.239567233384855,0.30190623390005,0.478278613023587,103.741034332736,99.1616323339305,101.451333333333,0.335931998647561,49.7222778891043,100.52,100.887022969521,0.760089624801252,1.02803401935628
"8865610","2021-05-14",20.3602390438421,0.463678516228748,0.309634209170529,0.365103898334189,103.78425181528,99.197414851387,101.490833333333,0.593564840007382,54.9438072284435,100.6132,100.967419906918,0.746250284986805,0.971677272482386
"8865609","2021-05-17",19.2438011513065,0.282051282051283,0.328432343888292,0.313324262319623,103.773760261924,99.1619064047427,101.467833333333,0.384825780886441,50.9728169887983,100.6588,100.902430585996,0.647039830520768,0.906749784090063
"8865608","2021-05-18",18.2576885688999,0.0878243512974049,0.277851383192476,0.305305978750431,103.658466806427,99.1050331935732,101.38175,0.363088666779524,50.6217234671688,100.7428,100.834106507863,0.554826180376189,0.836365063347288
"8865607","2021-05-19",17.7696606019555,0,0.123291877782893,0.243191868287886,103.639546276883,98.9582870564502,101.298916666667,0.236769543839509,47.6377743722678,100.7704,100.673558973481,0.416055148448313,0.752303080367493
"8865606","2021-05-20",16.7710977574939,0.151969981238274,0.0799314441785566,0.160358235051307,103.585224405982,98.9172755940183,101.25125,0.420468279547408,50.9559324695352,100.8204,100.642417777017,0.366774664579328,0.67519739720986
"8865605","2021-05-21",16.1227453564966,0.0637898686679181,0.0719199499687277,0.0917144239767246,103.583185409429,98.8809812572376,101.232083333333,0.349981701381903,49.0150211464717,100.7964,100.552762073415,0.286700025737452,0.597497922915379
"8865604","2021-05-24",15.5207038412848,0.144465290806756,0.120075046904313,0.090642147017198,103.581106732026,98.9143932679745,101.24775,0.38976896254089,50.8592221251987,100.7792,100.53239379696,0.254821794426197,0.528962697217542
"8865603","2021-05-25",16.0618158248748,0,0.0694183864915549,0.0871377944548641,103.587880353304,98.9026196466959,101.24525,0.0321676201336878,43.0579477199361,100.6312,100.248074624032,0.0679261963402178,0.436755397042077
"8865602","2021-05-26",16.6612431293559,0,0.0481550969355822,0.079216176777149,103.672345980167,98.7594873531667,101.215916666667,-0.0304277742382344,42.3582372021268,100.508,99.9749980074941,-0.0956215621948919,0.330280005194683
"8865601","2021-05-27",17.572464339889,0,-3.18263933725878e-15,0.0391911611423769,103.863006070953,98.2408272623808,101.051916666667,-0.0303845303035058,39.7822660176499,100.348,99.6396649398282,-0.282314440438514,0.207761116068044
"8865600","2021-05-28",18.604352943387,0,-3.18263933725878e-15,0.0160516989785242,104.039249696481,97.6329169701859,100.836083333333,-0.0332353905553398,38.4220841037048,100.2192,99.2957096145178,-0.458130912419286,0.0745827103705781
"8865599","2021-06-01",18.9996023235497,0.0174825174825165,0.00582750582750231,0.00194250194249759,103.949103205038,97.2253967949624,100.58725,0.0705865449934613,38.9837495242288,100.1,99.0109483325821,-0.583252196436923,-0.0569842709909221
"8865598","2021-06-02",19.2436515050432,0.0266433566433567,0.0147086247086212,0.00684537684537238,103.917921232645,96.8604054340216,100.389163333333,0.130526745141407,39.2962024043942,100.048896,98.7711418882378,-0.670878454067425,-0.179763107606223
"8865597","2021-06-03",19.4702686021443,0.0367132867132856,0.0269463869463831,0.0158275058275011,103.941797263042,96.5345294036248,100.238163333333,0.164991638784617,39.6619706656021,99.9908960000001,98.5709896364728,-0.727580403350503,-0.289326566755079
"8865596","2021-06-04",19.5912150536323,0.223382045929018,0.0955795630952168,0.0457448582500726,103.767558296964,96.3541017030364,100.06083,0.270575307422275,44.9914077396243,99.8876960000001,98.5121910182764,-0.694213137554689,-0.370303880915001
"8865595","2021-06-07",19.7917610304866,0.199999999999999,0.153365110880764,0.0919636869741204,103.364484615532,96.2901753844683,99.8273300000001,0.27939000369386,44.3536595130832,99.7552960000001,98.4438988825062,-0.670733821912151,-0.430389869114431
"8865594","2021-06-08",20.4816656749708,0.0361702127659578,0.153184086231655,0.134042920069211,102.594070363708,96.4202563029585,99.5071633333334,0.195947543145568,40.6758566861349,99.5636960000001,98.282045698172,-0.707262894801053,-0.485764474251755
"8865593","2021-06-09",19.8242326313813,0.148936170212766,0.128368794326238,0.144972663812885,102.17024158281,96.4625850838568,99.3164133333334,0.341485438580149,44.111076681617,99.4220960000001,98.2124396050824,-0.684908516681459,-0.525593282737696
"8865592","2021-06-10",18.5811316644505,0.456331877729259,0.213812753569324,0.165121878042405,102.039600037032,96.4768932963011,99.2582466666668,0.558440374770476,51.9668316387789,99.3856960000001,98.3374476577381,-0.546688904929615,-0.52981240717608
"8865591","2021-06-11",17.5144004731786,0.66589861751152,0.423722221817845,0.255301256571135,101.982935638738,96.4932243612622,99.2380800000001,0.692831027564226,55.8161645095508,99.3256960000001,98.5524546367064,-0.367397428628358,-0.497329411466535
"8865590","2021-06-14",16.751863114909,0.744075829383887,0.622102108208219,0.419879027865128,101.705172108289,96.6349878917107,99.1700800000001,0.77413599597724,56.9765028634689,99.2352960000001,98.7721273518122,-0.202741299424769,-0.438411789058182
"8865589","2021-06-15",16.5783312110205,0.705882352941178,0.705285599945525,0.583703309990529,101.721835712864,96.6269909538028,99.1744133333334,0.862900164271266,58.5700299345126,99.1140960000001,99.0078437049039,-0.0442555389128407,-0.359580539029114
