"","Date","ADX","STOCHFK","STOCHFD","STOCHSD","BBandsUp","BbandsDn","BbandsMiddle","PercentB","RSI","SMA","EMA","MACD","Signal"
"14291854","2001-08-01",NA,NA,NA,NA,NA,NA,NA,NA,NA,NA,NA,NA,NA
"14291853","2001-08-02",NA,NA,NA,NA,NA,NA,NA,NA,NA,NA,NA,NA,NA
"14291852","2001-08-03",NA,NA,NA,NA,NA,NA,NA,NA,NA,NA,NA,NA,NA
"14291851","2001-08-06",NA,NA,NA,NA,NA,NA,NA,NA,NA,NA,NA,NA,NA
"14291850","2001-08-07",NA,NA,NA,NA,NA,NA,NA,NA,NA,NA,NA,NA,NA
"14291849","2001-08-08",NA,NA,NA,NA,NA,NA,NA,NA,NA,NA,NA,NA,NA
"14291848","2001-08-09",NA,NA,NA,NA,NA,NA,NA,NA,NA,NA,NA,NA,NA
"14291847","2001-08-10",NA,NA,NA,NA,NA,NA,NA,NA,NA,NA,NA,NA,NA
"14291846","2001-08-13",NA,NA,NA,NA,NA,NA,NA,NA,NA,NA,NA,NA,NA
"14291845","2001-08-14",NA,NA,NA,NA,NA,NA,NA,NA,NA,NA,NA,NA,NA
"14291844","2001-08-15",NA,NA,NA,NA,NA,NA,NA,NA,NA,NA,NA,NA,NA
"14291843","2001-08-16",NA,NA,NA,NA,NA,NA,NA,NA,NA,NA,NA,NA,NA
"14291842","2001-08-17",NA,NA,NA,NA,NA,NA,NA,NA,NA,NA,NA,NA,NA
"14291841","2001-08-20",NA,0,NA,NA,NA,NA,NA,NA,NA,NA,20.0633542857143,NA,NA
"14291840","2001-08-21",NA,0.0921971054515175,NA,NA,NA,NA,NA,NA,31.7071254615445,NA,20.0272070476191,NA,NA
"14291839","2001-08-22",NA,0.0614223910520197,0.0512064988345124,NA,NA,NA,NA,NA,30.7643395509771,NA,19.9871861079365,NA,NA
"14291838","2001-08-23",NA,0.223770553344846,0.125796683282794,NA,NA,NA,NA,NA,36.4342973142778,NA,19.976717293545,NA,NA
"14291837","2001-08-24",NA,0.388063169533761,0.224418704643542,0.13380729558695,NA,NA,NA,NA,41.7074861474102,NA,19.992482987739,NA,NA
"14291836","2001-08-27",NA,0.7008460733753,0.437559932084635,0.262591773336991,NA,NA,NA,NA,48.5954256613837,NA,20.0434012560405,NA,NA
"14291835","2001-08-28",NA,0.7008460733753,0.59658510542812,0.419521247385432,21.0821042843053,19.3201647156947,20.2011345,0.657350553677201,48.5954256613837,NA,20.0875304219017,NA,NA
"14291834","2001-08-29",NA,0.636748215170591,0.679480120640397,0.571208386051051,21.0141879264706,19.344615740196,20.1794018333333,0.649322584182248,46.9857566006598,NA,20.1164623656482,NA,NA
"14291833","2001-08-30",NA,0.487180428359058,0.608258238968316,0.628107821678944,20.8435341888998,19.4303571444336,20.1369456666667,0.626271746369002,43.3752938503419,NA,20.1198047168951,NA,NA
"14291832","2001-08-31",NA,0.401710499752236,0.508546381093961,0.598761580234225,20.6256270847202,19.5507779152798,20.0882025,0.571275892014896,41.4167529354962,NA,20.1102827546424,NA,NA
"14291831","2001-09-04",NA,0.380338429350119,0.423076452487137,0.513293690849805,20.5865742833408,19.5595597166592,20.073067,0.562121481755428,40.9192045293551,NA,20.0989250540234,NA,NA
"14291830","2001-09-05",NA,0.290592251362709,0.357547060155021,0.42972329791204,20.5279152921362,19.5773923745305,20.0526538333333,0.539602236449118,38.8107447620086,20.0642188,20.076041713487,NA,NA
"14291829","2001-09-06",NA,0.123928643529649,0.264953108080825,0.348525540240994,20.5136732475912,19.5629160857422,20.0382946666667,0.35550323589867,35.1849397299729,20.0288256,20.031993485022,-0.179887515362998,NA
"14291828","2001-09-07",NA,0.102556573127535,0.172359156006631,0.264953108080826,20.5150979290265,19.5482964043068,20.0316971666667,0.284439900015933,34.7367803061487,19.9794612,19.9907130203524,-0.283672535009394,NA
"14291827","2001-09-10",29.3758137313701,0,0.0754950722190613,0.170935778768839,20.5328234568659,19.4982825431341,20.015553,0.0980925827603458,30.0404024485365,19.9194792,19.9195446176388,-0.46829720535182,NA
"14291826","2001-09-17",31.9273755269677,0,0.034185524375845,0.094013250867179,20.6929785294128,19.2203051372539,19.9566418333333,-0.275706167718996,20.1897683045786,19.8546536,19.7392666686203,-0.967265982894372,NA
"14291825","2001-09-18",34.7626277447592,0,-1.66533453693773e-16,0.0365601988649686,20.9217682574651,18.8266574092016,19.8742128333333,-0.275607092426709,16.5738619127782,19.7626312,19.5097551128042,-1.57668128857176,NA
"14291824","2001-09-19",37.8489460972661,0,-1.66533453693773e-16,0.0113951747919481,21.2365672675692,18.2791633990975,19.7578653333333,-0.269421008380081,12.9865819717844,19.6508632,19.2059077644303,-2.37123667128547,NA
"14291823","2001-09-20",40.7148131388797,0.020132758029325,0.00671091934310818,0.00223697311436919,21.4392572311599,17.8428467688402,19.641052,-0.120086432485495,14.7501610055901,19.5512032,18.951886729173,-2.95170307314744,NA
"14291822","2001-09-21",43.5247415930799,0,0.00671091934310818,0.00447394622873864,21.6159435475658,17.4019537857675,19.5089486666667,-0.0685883138716692,13.4219988800375,19.4388764,18.6895124986166,-3.51946267017804,NA
"14291821","2001-09-24",46.2087504882837,0,0.00671091934310818,0.00671091934310809,21.7370432803468,17.0146287196532,19.375836,0.00635083598894724,12.7492879200206,19.3170492,18.4391468321344,-4.01139462006661,-1.81440017354088
"14291820","2001-09-25",48.9527418331892,0,-1.66533453693773e-16,0.00447394622873864,21.8730558759799,16.5338431240201,19.2034495,-0.0174332425042706,10.4603707337784,19.169888,18.1290232545164,-4.67121082478296,-2.38576230378929
"14291819","2001-09-26",51.6635221361759,0,-1.66533453693773e-16,0.00223697311436919,22.0487004171432,15.9446572495235,18.9966788333333,-0.0385062670324798,8.95914058047367,19.00354,17.7795281539143,-5.42614097449609,-2.99383803793065
"14291818","2001-09-27",54.3873826132979,0,-1.66533453693773e-16,-2.59052039079203e-16,22.2513151601488,15.2182855065179,18.7348003333333,-0.0608067259174862,7.02879313288923,18.7952788,17.333196400059,-6.47648476657434,-3.69036738365939
"14291817","2001-09-28",56.9166816277683,0.0412449346200442,0.0137483115400146,0.00458277051333799,22.2950487887502,14.6372885445832,18.4661686666667,0.0273219299219434,11.7281349902811,18.5959592,16.9792848800512,-7.15042527904809,-4.38237896273713
"14291816","2001-10-01",58.8994437936912,0.0813864558928874,0.040877130170977,0.0182084805703304,22.1818875013627,14.205581165304,18.1937343333333,0.103903837161994,15.8754853412168,18.40763,16.7023668960443,-7.51882867411106,-5.00966890501192
"14291815","2001-10-02",60.1966229448962,0.134055418679578,0.0855622697308363,0.0467292371472759,21.9699597969525,13.8974775363809,17.9337186666667,0.171023701556539,20.8795628190524,18.2232128,16.4996273099051,-7.60608274798594,-5.52895167360672
"14291814","2001-10-03",59.1747174180313,0.175064868383654,0.130168914318706,0.0855361047401731,21.6752442711343,13.718421062199,17.6968326666667,0.247908688262986,24.429682926729,18.0496,16.3512410019177,-7.49978961538767,-5.92311926196291
"14291813","2001-10-04",57.2227560248861,0.376313609030575,0.228477965364602,0.148069716471381,21.3269928993376,13.6784334339957,17.5027131666667,0.360141877498124,37.4189663239831,17.9039292,16.3399955349954,-6.90609851446771,-6.11971511246387
"14291812","2001-10-05",55.4502623230096,0.4200206084878,0.323799695300676,0.227482191661328,20.9626566764197,13.6652416569136,17.3139491666667,0.373322836804217,37.1280307450707,17.7493164,16.3252814636627,-6.38057770515594,-6.17188763100229
"14291811","2001-10-08",54.1516263974339,0.414157020676612,0.403497079398329,0.318591580021202,20.5545444735497,13.670834193117,17.1126893333333,0.354581425923926,34.5938546313152,17.570488,16.2690652685076,-6.05629485203837,-6.1487690752095
"14291810","2001-10-09",52.9349054208164,0.532753425685137,0.45564368494985,0.394313486549618,20.09486361103,13.7483310556366,16.9215973333333,0.397087006020065,37.8567190432466,17.4009736,16.2513912327066,-5.62043827325025,-6.04310291481765
"14291809","2001-10-10",51.1725589579769,0.577913640084723,0.508274695482157,0.455805153276778,19.6149006410725,13.8790193589275,16.74696,0.440934388864019,38.9069748871033,17.2372336,16.2460084016791,-5.17863998676222,-5.87021032920657
"14291808","2001-10-11",48.761675479907,0.697428434060579,0.60269849994348,0.522205626791829,19.0923242555085,14.0965627444915,16.5944435,0.535734258518875,43.9445196068418,17.0947292,16.2903966147885,-4.59303316997585,-5.61477489736042
"14291807","2001-10-12",46.5229979645564,0.846413168145225,0.707251747430175,0.606074980951937,18.5503372575659,14.3667357424341,16.4585365,0.601129811671369,46.066313738305,16.96247,16.3505983994834,-4.00179489209687,-5.29217889630771
"14291806","2001-10-15",44.4442259860166,0.860066470991312,0.801302691065705,0.703750979479787,18.1704574850023,14.5550575149977,16.3627575,0.648238785320155,46.5642612393974,16.8326328,16.4077412795523,-3.47448550899564,-4.9286402188453
"14291805","2001-10-16",41.6384884886234,0.782281231763268,0.829586956966602,0.779380465154161,17.9312146872351,14.6777203127649,16.3044675,0.739423343132983,47.6698108477214,16.7098744,16.4678211089453,-2.9831620152649,-4.53954457812922
"14291804","2001-10-17",39.5995877087671,0.650897626762413,0.764415109838998,0.798434919290435,17.8320864053088,14.7153765946912,16.2737315,0.690561586658908,43.7164486609391,16.5815276,16.4770462944193,-2.7192745374941,-4.17549057000219
"14291803","2001-10-18",38.9963157741367,0.265486221168208,0.566221693231296,0.720074586678965,17.6738754279891,14.7292209053442,16.2015481666667,0.42044969456849,34.6908632743681,16.41667,16.3602334551634,-2.93580007542915,-3.92755247108758
"14291802","2001-10-19",38.43613469198,0.267328290366062,0.39457071276556,0.575069171945285,17.5608598946805,14.7360571053195,16.1484585,0.465545028358591,37.7876902402885,16.2708128,16.2869383278082,-2.97340735733544,-3.73672344833716
"14291801","2001-10-22",37.915966544263,0.210412319272619,0.247742276935629,0.402844894310829,17.4496610615038,14.7466649384962,16.098163,0.478004777922561,38.2083728891987,16.1616528,16.2271412174338,-2.95725189036184,-3.5808291367421
"14291800","2001-10-23",37.9500450851401,0,0.15924686987956,0.26718661986025,17.4155909642832,14.6920967023835,16.0538438333333,0.316609184634391,34.4078386191951,16.0575224,16.118811721776,-3.12178028921674,-3.48901936723702
"14291799","2001-10-24",38.8231623602712,0,0.0701374397575392,0.159042195524243,17.4689048167611,14.5489028499056,16.0089038333333,0.0896953106198841,28.1188893691971,15.94948,15.9069488255392,-3.6613438099273,-3.52348425577508
"14291798","2001-10-25",37.9732824478445,0.100776690625447,0.0335922302084821,0.0876588466151938,17.426014102808,14.640226897192,16.0331205,0.227848141043126,32.6539631181543,15.850752,15.7636956488006,-3.90081506407108,-3.59895041743428
"14291797","2001-10-26",37.0955432031685,0.327132237155308,0.142636309260252,0.0821219930754243,17.3691995574694,14.7867667758639,16.0779831666667,0.370580755332489,41.570878819339,15.7918876,15.7301988956272,-3.70405526090868,-3.61997138612916
"14291796","2001-10-29",36.3138053757305,0.317827263738569,0.248578730506441,0.141602423325058,17.3259977707231,14.8925272292769,16.1092625,0.315355959449463,41.3286296470419,15.7387976,15.6974417095436,-3.5226029957105,-3.60049770804543
"14291795","2001-10-30",35.5879059645381,0.381394048146163,0.342117849680013,0.244444296482235,17.3013150224353,14.966108310898,16.1337116666667,0.34298392164237,43.7405787854386,15.7212872,15.6945108149378,-3.24376042064365,-3.52915025056507
"14291794","2001-10-31",34.5671770065852,0.415504515991571,0.371575275958767,0.32075728538174,17.2993151947495,14.9876678052505,16.1434915,0.388863600982693,45.0460959358428,15.7320916,15.7056320396127,-2.93625867346221,-3.4105719351445
"14291793","2001-11-01",33.7300700125243,0.390695692413201,0.395864752183644,0.369852625940808,17.2688611305352,14.9588225361314,16.1138418333333,0.381458618340815,44.2419683875414,15.782946,15.705334434331,-2.69958836087979,-3.26837522029156
"14291792","2001-11-02",33.0811607537367,0.362790759612087,0.389663656005619,0.385701228049344,17.2398325714792,14.9274657618541,16.0836491666667,0.371141046729094,43.3055480948072,15.8205748,15.6939005097536,-2.52598865936251,-3.11989790810575
"14291791","2001-11-05",31.0333698205077,0.524845704225587,0.426110718750291,0.403879708979852,17.255203491833,14.9333618415003,16.0942826666667,0.59908398934112,49.9036746829349,15.8686352,15.7485684417864,-2.11556191954215,-2.91903071039303
"14291790","2001-11-06",28.8694184997704,0.74656283090267,0.544733098246781,0.453502491000897,17.2780314619878,14.9336632046789,16.1058473333333,0.668020815602934,52.3170938548583,15.9133424,15.8220259828816,-1.67134416368975,-2.66949340105237
"14291789","2001-11-07",27.2696638563228,0.808096235416872,0.693168256848376,0.554670691281816,17.3358645790309,14.9186740876358,16.1272693333333,0.793455288633021,56.556628907695,15.9645692,15.9347425184974,-1.12054052772476,-2.35970282638685
"14291788","2001-11-08",26.1861241342719,0.865478514775333,0.806712527031625,0.681537960708927,17.4041892516745,14.8876054149922,16.1458973333333,0.897215457490115,60.1767326550823,15.9945604,16.0790008493644,-0.504891811031871,-1.98874062331585
"14291787","2001-11-09",24.903946090146,0.821718052321838,0.831764267504681,0.777215017128227,17.4329385869538,14.8750004130462,16.1539695,0.84758352478412,58.2935080843892,16.0210124,16.1872594027825,-0.0820629179112631,-1.60740508223494
"14291786","2001-11-12",23.8458179551961,0.798385365076506,0.828527310724559,0.822334701753621,17.4558020795866,14.8651762537467,16.1604891666667,0.835287388090883,57.4331456325707,16.058268,16.2736314824115,0.220840321217519,-1.24175600154445
"14291785","2001-11-13",22.4832698968988,0.711711154014308,0.777271523804217,0.812521034011152,17.423302211035,14.879668788965,16.1514855,0.795589435231904,54.8889096302779,16.07969,16.3267552847566,0.374977963679202,-0.918409208499716
"14291784","2001-11-14",21.1401705954895,0.472292074136166,0.660796197742326,0.755531677423701,17.3798863087249,14.8921930246084,16.1360396666667,0.669916579359765,50.8032383816871,16.0871412,16.3361612467891,0.357295384485723,-0.663268289902628
"14291783","2001-11-15",20.338243558386,0.359038837664152,0.514347355271541,0.650805025606028,17.3985148549279,14.9101998117387,16.1543573333333,0.572055184688431,47.7537726456703,16.0711212,16.3151290805505,0.232650077859398,-0.484084616350223
"14291782","2001-11-16",19.5935970239327,0.336787939474855,0.389372950425057,0.521505501146308,17.4142850207752,14.9229923125581,16.1686386666667,0.567482235004136,48.462598774234,16.0504444,16.3031105364771,0.154997291713332,-0.356268234737512
"14291781","2001-11-19",19.0624479460711,0.295338228749445,0.33038833529615,0.411369546997583,17.4251047793515,14.9353025539818,16.1802036666667,0.536069665461078,47.3555950323618,16.0252968,16.2827597982802,0.0559045647394285,-0.273833674842124
"14291780","2001-11-20",17.7274194240648,0.378237650200267,0.336787939474855,0.352183075065354,17.4439211710845,15.0096261622488,16.2267736666667,0.606398909085882,49.8241987849146,16.0029432,16.2849918251761,0.0505060729610651,-0.208965725281486
"14291779","2001-11-21",16.8567105336007,0.277202937249667,0.316926272066459,0.328034182279155,17.3298553700256,15.2713189633078,16.3005871666667,0.493440080394369,46.9354865335243,15.986178,16.262710248486,-0.0432527747622258,-0.175823135177634
"14291778","2001-11-23",15.8804252772933,0.131199220266967,0.262213269238966,0.305309160260093,17.2733189405822,15.4417960594178,16.3575575,0.531019268491953,49.6747519091679,16.0131884,16.2645102153545,-0.0386703078513184,-0.148392569712371
"14291777","2001-11-26",14.9738746821507,0.232971600092359,0.21379125253633,0.264310264613919,17.2684001221252,15.5227788778748,16.3955895,0.562337214917085,52.1026999189771,16.0375908,16.2853195199739,0.0360790592133897,-0.111498243927219
"14291776","2001-11-27",14.2411681582334,0.175625336719773,0.179932052359699,0.218645524711665,17.2446837880461,15.6329602119539,16.438822,0.553213012416565,50.7420580630481,16.0578952,16.2934195839774,0.0577119538819337,-0.0776562043653883
"14291775","2001-11-28",13.5947576003365,0,0.136198978937377,0.176640761277802,17.2138577930444,15.7156342069556,16.464746,0.380378779911486,46.1210605688087,16.0845332,16.2650463061137,-0.0559979787486009,-0.0733245592420308
"14291774","2001-11-29",13.8231987947834,0,0.0585417789065906,0.124890936734556,17.2013922081173,15.7422254585493,16.4718088333333,0.195738109804947,40.6637058080167,16.1320344,16.1920227986319,-0.323324742523468,-0.123324595898318
"14291773","2001-11-30",14.0353227610556,0.432877792223837,0.144292597407945,0.113011118417304,17.1752713567558,15.8361836432442,16.5057275,0.509448596886024,52.8374668026776,16.1968596,16.2268437588143,-0.167309370127844,-0.132121550744223
"14291772","2001-12-03",14.5689287375725,0.353109949168374,0.261995913797403,0.154943430037313,17.1223083766588,15.9527919566745,16.5375501666667,0.401312344691246,50.5067468315846,16.2283408,16.2365312576391,-0.118820159043187,-0.129461272404016
"14291771","2001-12-04",14.14631389156,0.585819819242354,0.457269186878188,0.287852566027845,17.1297467235297,15.9750026098037,16.5523746666667,0.559281820551952,52.6862013835913,16.2669008,16.2647964232872,-0.00637319811320758,-0.104843657545854
"14291770","2001-12-05",14.0318626667459,0.492540542272931,0.477156770227886,0.398807290301159,17.1312274024356,15.9774029308978,16.5543151666667,0.486345265631548,50.8039943385597,16.2931664,16.2737702335156,0.0246327494556997,-0.0789483761455436
"14291769","2001-12-06",14.7856886812183,0.167913915774629,0.415424759096638,0.449950238734237,17.1105061633964,15.9254751699369,16.5179906666667,0.1558115338323,44.8049733510476,16.2991272,16.2275262023802,-0.150180048095705,-0.0931947105355758
"14291768","2001-12-07",16.493242250549,0,0.220151486015853,0.370911005113459,17.0975994938384,15.778646839495,16.4381231666667,-0.174739787211206,37.4209650097541,16.2829212,16.1036227087295,-0.596683711475332,-0.193892510723527
"14291767","2001-12-10",18.0788277077846,0.111726247600768,0.0932133877917986,0.242929877634763,17.0506631469891,15.6868041863442,16.3687336666667,-0.0231164076251771,40.5472526194408,16.2775188,16.0210756808989,-0.85005787311655,-0.325125583202132
"14291766","2001-12-11",19.586053667626,0.0977627159309024,0.0698296545105562,0.127731509439403,16.9903552778895,15.6019693887772,16.2961623333333,-0.0175042992737727,40.2764356696103,16.251812,15.9464309234457,-1.0521270834626,-0.470525883254224
"14291765","2001-12-12",21.5102073095465,0,0.0698296545105562,0.0776242322709703,16.9938227661174,15.4302289005493,16.2120258333333,-0.134051583661374,36.1188066524688,16.2033792,15.8320641336529,-1.38757970634478,-0.653936647872335
"14291764","2001-12-13",22.1867025447007,0.124069545016171,0.0739440869823572,0.0712011320011566,16.9833055660558,15.3337904339442,16.158548,0.094205197857248,40.2689183438769,16.1495444,15.7639929158325,-1.5195598428285,-0.827061286863568
"14291763","2001-12-14",23.393646571727,0,0.0413565150053898,0.0617100854994344,17.0309151789648,15.1663401543685,16.0986276666667,-0.016675911288988,35.988470192842,16.0659044,15.6522178603882,-1.80876087702887,-1.02340120489663
"14291762","2001-12-17",24.5464939789568,0,0.0413565150053898,0.0522190389977123,17.0673247362594,14.9992239304073,16.0332743333333,0.0147314238776538,35.7478091923696,15.9863628,15.5522421456698,-2.02995329051018,-1.22471162201934
"14291761","2001-12-18",24.8423880429279,0.0699789147136523,0.0233263049045502,0.0353464449717766,17.0678072087111,14.8925614579556,15.9801843333333,0.145109370715819,38.4946524170512,15.9148316,15.4848458595805,-2.10827546193588,-1.40142439000265
"14291760","2001-12-19",23.7043420283032,0.135440246237367,0.0684730536503392,0.0443852911867597,17.0124631605001,14.8470038395,15.9297335,0.290820283588854,41.0341556476359,15.855222,15.4444424116364,-2.07707903882753,-1.53655531976762
"14291759","2001-12-20",22.6475850147232,0.275393228472407,0.160270796474475,0.0840233850097881,16.97415791366,14.8168507530067,15.8955043333333,0.364180521588496,46.1530805776606,15.818152,15.4479234234182,-1.88001186928826,-1.60524662967175
"14291758","2001-12-21",21.7361506956529,0.259591381692155,0.223474952133976,0.15073960075293,16.91344401312,14.7910996535467,15.8522718333333,0.357444513201356,45.6709895673554,15.7885332,15.4465936336291,-1.72099155583886,-1.62839561490517
"14291757","2001-12-24",20.994359705626,0.238638803755832,0.257874471306797,0.213873406638416,16.8293981968606,14.777038469806,15.8032183333333,0.363629332140355,44.9488404470134,15.7551892,15.4392331491452,-1.60085446307224,-1.62288738453859
"14291756","2001-12-26",19.5385975689017,0.479286181681882,0.325838789043289,0.269062737494687,16.7381606975925,14.7953163024075,15.7667385,0.514541308645209,49.8202335911856,15.7354432,15.4682460625925,-1.35136395396134,-1.56858269842314
"14291755","2001-12-27",19.0905428861847,0.623189578444858,0.447038187960857,0.343583816103648,16.7129607141226,14.8025099525441,15.7577353333333,0.682013589145152,53.9049098067409,15.7196096,15.5263012542469,-1.0135123845355,-1.45756863564561
"14291754","2001-12-28",18.6744921093759,0.67826000360995,0.593578587912229,0.455485188305458,16.7252906224415,14.8007360442252,15.7630133333333,0.692453189355608,55.3092693516663,15.71458,15.588413087014,-0.692429308551101,-1.30454077022671
"14291753","2001-12-31",18.8184662072457,0.684210526315789,0.661886702790199,0.567501159554428,16.6842422384691,14.8198964281975,15.7520693333333,0.793631505298316,57.2296123634061,15.7080604,15.6583873420788,-0.371903380836747,-1.11801329234872
"14291752","2002-01-02",18.2004067517258,0.534209961235492,0.632226830387077,0.629230707029835,16.6262733554498,14.8413856445502,15.7338295,0.681247909709464,51.9583822482605,15.685148,15.6836383631349,-0.252130473929801,-0.944836728664933
"14291751","2002-01-03",17.699656040249,0.644739667506753,0.621053385019344,0.638388972732206,16.5376558900009,14.8877804433324,15.7127181666667,0.794498089324129,55.2306073951134,15.67304,15.7316025813836,-0.0563337319497759,-0.767136129321901
"14291750","2002-01-04",18.0906419735083,0,0.392983209580748,0.548754474995723,16.4304297286961,14.8360476046373,15.6332386666667,0.0708251765111755,38.2129384968134,15.6240484,15.6148329038658,-0.505937477359375,-0.714896398929396
"14291749","2002-01-07",17.6692613702754,0.0717970741591107,0.238845580555287,0.41762739171846,16.3772536542853,14.793444679048,15.5853491666667,0.226594237834065,40.3850854522151,15.5948028,15.5310191833504,-0.788559350858864,-0.72962898931529
"14291748","2002-01-08",17.2779793815592,0.153846153846154,0.0752144093350878,0.235681066490374,16.3769529606186,14.7602147060481,15.5685838333333,0.279978505697463,42.8573977419097,15.5420856,15.4782499589036,-0.925865271494408,-0.768876245751113
"14291747","2002-01-09",16.5057367118757,0.187178936588429,0.137607388197897,0.150555792696091,16.3662337983596,14.7367828683071,15.5515083333333,0.354097068968496,43.8757119142098,15.4979372,15.4405886310498,-0.992366847012693,-0.813574366003429
"14291746","2002-01-10",15.7375564214639,0.282051282051283,0.207692124161955,0.140171307231646,16.3658879175011,14.7365077491656,15.5511978333333,0.512433460113872,46.7825991365765,15.4547204,15.4309234802432,-0.944394908226875,-0.839738474448119
"14291745","2002-01-11",15.0242461517959,0.461538461538462,0.310256226726057,0.218518579695303,16.3840793514566,14.7734243152101,15.5787518333333,0.619798981775141,51.8623318943429,15.4292,15.4660123495441,-0.727645077913663,-0.817319795141228
"14291744","2002-01-14",14.1391726301657,0.40769065591913,0.383760133169624,0.300569494685879,16.3969370726022,14.7838512607311,15.5903941666667,0.581604978708876,50.3107758068311,15.415974,15.4833827029382,-0.600055653529119,-0.773866966818806
"14291743","2002-01-15",13.8061340734783,0.538461538461539,0.46923021863971,0.387748859511797,16.4248378210564,14.838224512277,15.6315311666667,0.705756184064245,53.9164701224402,15.437396,15.5301050092131,-0.371166225666442,-0.693326818588333
"14291742","2002-01-16",13.5742619903144,0.605127103946086,0.517093099442251,0.456694483750528,16.4452770050664,14.9199289949336,15.682603,0.741599729516538,55.682027237519,15.4562104,15.5867416746514,-0.126017071693429,-0.579864869209352
"14291741","2002-01-17",13.5679678361039,0.564102564102564,0.569230402170063,0.518517906750675,16.4685726322812,14.9792173677188,15.723895,0.708247828694594,54.3032667626973,15.4729756,15.6258921180312,0.0288801058456967,-0.458115874198343
"14291740","2002-01-18",13.4946960690786,0.551284804237349,0.573504824095333,0.553276108569216,16.4910674664653,15.0056212002014,15.7483443333333,0.646357139671887,53.8545735770319,15.503712,15.6567185022937,0.137761881578435,-0.338940323042987
"14291739","2002-01-22",12.8565216774327,0.32394570661247,0.479777691650794,0.540837639305397,16.4912203267491,15.0067106732509,15.7489655,0.409706099686992,45.7167732049671,15.5065064,15.6213413686545,-0.0158590204719311,-0.274324062528776
"14291738","2002-01-23",12.6332651230455,0.225351431129176,0.366860647326331,0.473381054357486,16.495260940123,14.9860603932103,15.7406606666667,0.263426183442822,43.253182493641,15.5186148,15.5689478528339,-0.219771015908865,-0.263413453204794
"14291737","2002-01-24",12.4259554654002,0.438872359617119,0.329389832452921,0.392009390476682,16.4951603654212,14.9903519679121,15.7427561666667,0.382038470616039,48.3877121506346,15.5428312,15.5607961391227,-0.23424218123852,-0.257579198811539
"14291736","2002-01-25",12.6553310857922,0.250859664398825,0.305027818381706,0.33375943272032,16.4879383139891,14.9637333526776,15.7258358333333,0.323348888873637,45.5055750893683,15.554008,15.529515320573,-0.336165355668261,-0.273296430182883
"14291735","2002-01-28",12.8683227332992,0.239379518471845,0.309703847495929,0.314707166110186,16.4428881992387,14.9490178007613,15.695953,0.374054447075801,47.3248599224647,15.5636944,15.5154439444966,-0.362128757120717,-0.29106289557045
"14291734","2002-01-29",13.7147824914281,0,0.16341306095689,0.259381575611508,16.3893169314412,14.9260590685588,15.657688,0.302093665548763,42.783299958002,15.5502824,15.4647514185638,-0.527216696541621,-0.338293655764684
"14291733","2002-01-30",15.1231446356058,0,0.0797931728239479,0.184303360425589,16.3188173030684,14.8638343635983,15.5913258333333,0.0745179205385366,38.3127948060188,15.5251348,15.3773525627553,-0.820224622426724,-0.434679849097092
"14291732","2002-01-31",15.1780298172558,0.158052410012075,0.0526841366706911,0.0986301234838428,16.2593827807633,14.8440995525701,15.5517411666667,0.297851180856158,43.0715614178764,15.511536,15.3338948877212,-0.916084107094739,-0.530960700696622
"14291731","2002-02-01",14.7362589022364,0.440727082857423,0.199593164289832,0.110690157928157,16.1662223273598,14.8787363393068,15.5224793333333,0.570592871826726,50.4359479468354,15.5046436,15.3539782360251,-0.755631950789648,-0.575894950715227
"14291730","2002-02-04",13.9273306330896,0.477205234474431,0.358661575781309,0.203646292247277,16.1510631947398,14.9690284719268,15.5600458333333,0.618654861790261,51.3112670065167,15.4901136,15.3788358045551,-0.592324335861338,-0.579180827744449
"14291729","2002-02-05",13.6211606269774,0.355624449303266,0.424518922211706,0.327591220760949,16.138959936483,15.0148173968504,15.5768886666667,0.421980238055927,48.2525675155167,15.4645932,15.375541697281,-0.554296198600135,-0.574203901915586
"14291728","2002-02-06",14.2672723778113,0.0607903925855824,0.29787335878776,0.360351285593591,16.1422764410721,15.0076198922612,15.5749481666667,0.146684716692364,41.7526803119834,15.4161604,15.3124561376436,-0.753186826516705,-0.61000048683581
"14291727","2002-02-07",14.8672332893,0.0745736309970078,0.163662824295285,0.295351701764917,16.1670313454769,14.9539913211897,15.5605113333333,0.0585625184560582,41.9263085095747,15.378718,15.2590233192911,-0.896609585222974,-0.667322306513243
"14291726","2002-02-08",15.581566311739,0.0185913963902831,0.0513184733242906,0.170951552135778,16.1910062439355,14.8683890893978,15.5296976666667,0.0656231046434899,40.8123308086535,15.3302852,15.2021602100523,-1.04113281299119,-0.742084407808832
"14291725","2002-02-11",15.4267905269965,0.0769230769230769,0.0566960347701221,0.0905591107965658,16.1736683174496,14.8174243492171,15.4955463333333,0.200005055975607,42.2699272024165,15.332148,15.1621921820453,-1.10662063165723,-0.814991652578511
"14291724","2002-02-12",14.4383134793274,0.480773360202177,0.192095944505178,0.100036817533197,16.1555725620623,14.815029771271,15.4853011666667,0.523740756519387,51.3098620950453,15.3483544,15.1927518911059,-0.888274519308085,-0.829648225924426
"14291723","2002-02-13",13.6904022168329,0.611535983878694,0.389744140334649,0.212845373203316,16.1122764557839,14.8300732108827,15.4711748333333,0.65932354521721,53.8308072424343,15.3649332,15.2403476389585,-0.624217460363541,-0.788562072812249
"14291722","2002-02-14",13.1469729556719,0.653846153846153,0.582051832642341,0.387963972494056,16.051838104837,14.8583782284963,15.4551081666667,0.730158694156428,54.6489989929874,15.3811396,15.288427953764,-0.383858944363913,-0.707621447122582
"14291721","2002-02-15",12.3718512390687,0.473076097190334,0.57948607830506,0.517094017094016,15.9726066291768,14.8936787041566,15.4331426666667,0.649775837278749,50.5288875820152,15.3816984,15.3009135599288,-0.305552435746559,-0.627207644847377
"14291720","2002-02-19",12.0000546611315,0.361540113311639,0.496154121449375,0.552564010798925,15.8843080401452,14.9217466265215,15.4030273333333,0.458876390181709,48.1183671241605,15.3638156,15.2937277519383,-0.311117691226026,-0.563989654123107
"14291719","2002-02-20",12.3573366039558,0.0980354180525963,0.310883876184856,0.462174691979764,15.8685235709203,14.8818020957464,15.3751628333333,0.17819743667376,43.2181383014323,15.3379228,15.2477600516799,-0.467689654506109,-0.544729654199708
"14291718","2002-02-21",13.0837105658982,0,0.153191843788078,0.320076613807436,15.8856815781216,14.8165217552118,15.3511016666667,0.0803231125487756,40.4458330329743,15.2950784,15.1830840447892,-0.683434287641327,-0.572470580888031
"14291717","2002-02-22",14.0226168962552,0,0.0326784726841983,0.165584730885711,15.8896016313438,14.7352953686563,15.3124485,0.0492832504820865,38.5801619212807,15.2421748,15.1096448388173,-0.914652898742685,-0.640907044458962
"14291716","2002-02-25",14.9137465555016,0,-4.25585492772977e-16,0.0619567721574252,15.8988104873336,14.6559208459997,15.2773656666667,0.0796577728016841,38.4438152446902,15.1918792,15.0447561936417,-1.09178875879594,-0.731083387326358
"14291715","2002-02-26",15.6529918331829,0.0466680982034207,0.0155560327344731,0.0160781684728902,15.8865327389201,14.5980335944132,15.2422831666667,0.161523640229583,40.0419400078804,15.1451228,14.9972127011561,-1.18460035209499,-0.821786780280084
"14291714","2002-02-27",15.2635421299285,0.296664519361534,0.114444205854985,0.0433334128631523,15.8738874997041,14.5878595002959,15.2308735,0.429265277758182,47.8523229164093,15.1309652,15.0025776743353,-1.05831006501101,-0.86909143722627
"14291713","2002-02-28",14.9019102626209,0.316670245508554,0.220000954357836,0.116667064315764,15.8729275971715,14.6058954028285,15.2394115,0.42392077031372,48.4312403797482,15.1244456,15.0109539844239,-0.932411515092491,-0.881755452799514
"14291712","2002-03-01",14.3709077129704,0.41666308782478,0.343332617564955,0.225925925925925,15.8810256845832,14.6086636487501,15.2448446666667,0.6017493420536,51.3390220399251,15.1123372,15.0368401198341,-0.748931387179952,-0.855190639675602
"14291711","2002-03-04",15.1926267251107,0.624309687216385,0.452547673516572,0.338627081813121,15.9361349694236,14.5808753639098,15.2585051666667,0.963432612795908,59.59911042408,15.126308,15.1219894371895,-0.34808556459025,-0.753769624658532
"14291710","2002-03-05",16.3569668574249,0.822385229071646,0.62111933470427,0.472333208595266,16.0875746852926,14.4904426480408,15.2890086666667,1.1394971170266,66.408612576051,15.1572308,15.2653308455643,0.241367814664817,-0.554742136793862
"14291709","2002-03-06",17.7722935283051,0.727475659884941,0.72472352539099,0.599463511203944,16.2544905751713,14.4103020914954,15.3323963333333,1.05555077065182,65.6636703114225,15.1983988,15.385213399489,0.679021788565137,-0.307989351722062
"14291708","2002-03-07",19.0865254369796,0.78901143501673,0.779624107991105,0.708488989362121,16.4217036945704,14.3654129720962,15.3935583333333,0.988130555841646,67.2462674460233,15.257822,15.5064969462238,1.07782323690415,-0.0308268339968194
"14291707","2002-03-08",20.3715939562648,0.81538795524156,0.777291683381076,0.760546438921057,16.5744472198071,14.3548637801929,15.4646555,0.942568553991422,67.9286197517415,15.3097944,15.619061353394,1.40297847272119,0.255934227346783
"14291706","2002-03-11",21.6574083507557,0.832967582695039,0.812455657651109,0.789790483007763,16.7101054283092,14.3725755716908,15.5413405,0.905360740377487,68.4011139588956,15.3459328,15.7215838396081,1.65748984040435,0.536245349958296
"14291705","2002-03-12",22.8690449945884,0.861538606749632,0.836631381562076,0.80879290753142,16.838516919854,14.3885307468127,15.6135238333333,0.875031844442098,69.1954326353368,15.3822572,15.8185086609937,1.86578669063178,0.802153618092992
"14291704","2002-03-13",24.1932050771339,0.918801732523354,0.871102640656008,0.840063226623064,16.9812852006917,14.3624977993083,15.6718915,0.886663117237055,71.4543717460196,15.4331116,15.9261061728612,2.09367388473447,1.06045767142129
"14291703","2002-03-14",24.8911326979685,0.865385321269294,0.881908553514093,0.863214191910725,17.0876165663444,14.3480651003222,15.7178408333333,0.819981516757615,67.9255076636658,15.4973784,16.0038346831464,2.18757758989945,1.28588165511692
"14291702","2002-03-15",25.7340211259763,0.911830985915492,0.898672679902713,0.883894624690937,17.2063370558277,14.329004610839,15.7676708333333,0.833198376735983,70.0296376259571,15.56742,16.0916900587269,2.31049203325264,1.49080373074406
"14291701","2002-03-18",27.2375167823799,0.768579178919054,0.848598495367947,0.87639324292825,17.3491279772354,14.3159890227646,15.8325585,0.849451459113335,70.8411459330828,15.6430496,16.1759033842299,2.40809567747717,1.67426212009069
"14291700","2002-03-19",28.9578447343069,0.874262258427867,0.851557474420804,0.866276216563821,17.5434665817265,14.3090170849401,15.9262418333333,0.905283238451888,75.6935585652358,15.732464,16.3041509329993,2.65749238793098,1.87090817365875
"14291699","2002-03-20",29.4058842604506,0.747389844488974,0.796743760611965,0.832299910133572,17.6582266312047,14.3912480354619,16.0247373333333,0.806952118176333,67.9000715500049,15.7917008,16.379905475266,2.68975157912092,2.03467685475118
"14291698","2002-03-21",30.1819436693128,0.689223152059846,0.770291751658895,0.806197662230554,17.755236251839,14.5188614148276,16.1370488333333,0.81256613266738,68.9860746141667,15.8479576,16.4567367452306,2.72318796928022,2.17237907765699
"14291697","2002-03-22",31.4771314398891,0.709674440083121,0.71542914554398,0.760821552604946,17.8836030396053,14.6674306270614,16.2755168333333,0.89986242496956,73.9434832284738,15.9196752,16.5816905125332,2.92676691893043,2.32325664591168
"14291696","2002-03-25",32.9174475662316,0.689485538480925,0.696127710207963,0.727282869136946,17.9803203803376,14.862707286329,16.4215138333333,0.902023213124819,74.7750299088163,16.0035012,16.7011611108621,3.08872281017829,2.476349878765
"14291695","2002-03-26",34.4900843661636,0.666666666666667,0.688608881743571,0.700055245831838,18.0574051745621,15.0866194921045,16.5720123333333,0.918782930279956,75.9679692882762,16.0975724,16.8208462960805,3.23383476334753,2.62784685568151
"14291694","2002-03-27",35.568678166549,0.610294465935108,0.655482223694233,0.680072938548589,18.1113017967364,15.2899445365969,16.7006231666667,0.858515449623229,73.2420947868486,16.2000264,16.9127761232697,3.26535089875228,2.75534766429566
"14291693","2002-03-28",37.1342415550284,0.828326813106807,0.701762648569527,0.681951251335776,18.2454595993753,15.4724627339581,16.8589611666667,1.02319406418864,79.3361198860793,16.3369424,17.0824846401671,3.56515368350223,2.91730886813698
"14291692","2002-04-01",38.2021906178814,0.779250389878793,0.739290556306902,0.698845142856887,18.3301845725555,15.6715047607779,17.0008446666667,0.955538871072343,76.7400425580604,16.4753488,17.2171466881448,3.70949469667381,3.07574603384434
"14291691","2002-04-02",39.1938576048164,0.847726784703379,0.818434662562993,0.753162622479807,18.4615171059773,15.7810948940227,17.121306,0.938176242569219,78.0181759936291,16.6202748,17.3543444630589,3.84597215750131,3.22979125857574
"14291690","2002-04-03",38.0499433250017,0.579543014425986,0.735506729669386,0.764410649513093,18.5250403573623,15.8748226426377,17.1999315,0.757695243755095,64.3924159128133,16.7406116,17.399978534651,3.6541171319874,3.31465643325807
"14291689","2002-04-04",36.9877372080309,0.555281207133058,0.660850335420807,0.738263909217728,18.5711870239965,15.9794076426702,17.2752973333333,0.727240020598742,64.6180232242184,16.8477228,17.4420120633642,3.46991294909083,3.34570773642462
"14291688","2002-04-05",36.001402956558,0.576142048984663,0.570322090181235,0.655559718423809,18.6034587703701,16.0942975629633,17.3488781666667,0.707254585768173,65.4432308217858,16.956324,17.4871344549156,3.31504506130786,3.33957520140127
"14291687","2002-04-08",34.4913104495446,0.439223176576663,0.523548810898128,0.58490707883339,18.6029347912071,16.2197838754596,17.4113593333333,0.619689160870393,61.4728598062451,17.0526308,17.5038858609269,3.07907816260891,3.2874757936428
"14291686","2002-04-09",32.8477966333767,0.397789825843496,0.471051683801607,0.52164086162699,18.5856037816134,16.3522982183866,17.468951,0.576910956339755,59.8439090836303,17.1273292,17.5090904128033,2.82724874658897,3.19543038423203
"14291685","2002-04-10",30.9375807692925,0.296508760869157,0.377840587763105,0.457480360820946,18.5506119595694,16.4891233737639,17.5198676666667,0.514946642705419,57.23056792414,17.1766932,17.4986983577629,2.54690916127374,3.06572613964037
"14291684","2002-04-11",29.5211096518543,0.0880043976431385,0.26076766145193,0.36988664433888,18.5246893225766,16.6100486774234,17.567369,0.535065413886737,58.3725594762299,17.2299692,17.4983852433945,2.32806159591996,2.91819323089629
"14291683","2002-04-12",27.5034494280038,0,0.128171052837431,0.255593100684155,18.4599665159373,16.7579761507294,17.6089713333333,0.392785527033396,53.5345797249665,17.2698332,17.4707925442752,2.03671203598284,2.7418969919136
"14291682","2002-04-15",25.5832069866099,0,0.0293347992143791,0.139424504501247,18.3994706952236,16.885066971443,17.6422688333333,0.334967719587955,53.2107826709481,17.3069028,17.4450162050385,1.77895953903267,2.54930950133741
"14291681","2002-04-16",24.2616001880798,0.0218165349657974,0.0072721783219321,0.0549260101245807,18.3521032751378,16.9889390581956,17.6705211666667,0.343759714332565,53.8124796371911,17.3436,17.4264020443667,1.56961389414934,2.3533703798998
"14291680","2002-04-17",23.3303571986017,0.301816222631727,0.107877585865841,0.0481615211340507,18.3471457879476,17.0429502120523,17.695048,0.524995228682856,60.7829681788791,17.3922192,17.4580817717845,1.55183303388386,2.19306291069661
"14291679","2002-04-18",21.9988082146919,0.226192099253552,0.183274952283692,0.0994749054904882,18.3037690189949,17.1515253143384,17.7276471666667,0.458237567447291,57.6208565194915,17.4289164,17.4693935355466,1.4645966755886,2.04736966367501
"14291678","2002-04-19",21.3800679293094,0.462502684131414,0.330170335338897,0.207107624496143,18.2812813504073,17.2502323162594,17.7657568333333,0.640697964107876,62.0381694509747,17.4803296,17.512727730807,1.49409519250641,1.93671476944129
"14291677","2002-04-22",21.4171135069616,0.668110549601081,0.452268444328682,0.32190457731709,18.3220646966971,17.2651783033029,17.7936215,0.807710619324224,65.2193483384104,17.533792,17.5776053666994,1.59260711660001,1.86789323887303
"14291676","2002-04-23",22.0607432763775,0.375437935581089,0.502017056437861,0.42815194536848,18.3494830300178,17.2754819699821,17.8124825,0.723094907055968,59.3739554833001,17.5758912,17.6040273178062,1.54941229887327,1.80419705087308
"14291675","2002-04-24",22.6583994908352,0.491226219627047,0.511591568269739,0.488625689678761,18.3834388682348,17.2733491317652,17.828394,0.77561975993015,61.9020081782161,17.6075588,17.6474170087653,1.56710279572567,1.7567781998436
"14291674","2002-04-25",22.8909635388874,0.438591071764928,0.435085075657688,0.482897900121762,18.4024413968594,17.285392936474,17.8439171666667,0.659947850372008,60.0720140844379,17.64705,17.67570674093,1.53105154777615,1.71163286943011
"14291673","2002-04-26",22.0257382702987,0.245613109813522,0.391810133735165,0.446162259220864,18.3324996078641,17.2978980588026,17.8151988333333,0.422879650232779,53.7930542546399,17.6729428,17.6660738421393,1.36961025036226,1.64322834561654
"14291672","2002-04-29",21.2223148066092,0.252627613486533,0.31227726502166,0.379724158138171,18.2757648556278,17.3048024777055,17.7902836666667,0.421098556365011,53.9813425703353,17.681698,17.6589666631874,1.23176490353087,1.56093565719941
"14291671","2002-04-30",20.4363819331093,0.245613109813522,0.247951277704525,0.317346225487117,18.1874090716159,17.3302885950508,17.7588488333333,0.392964677457803,53.7454888081764,17.6867276,17.6515657747624,1.10555389532039,1.4698593048236
"14291670","2002-05-01",19.0231480401309,0.122810322094557,0.207017015131537,0.255748519285907,18.1757719180527,17.3093270819473,17.7425495,0.285726501064785,49.6551490942154,17.6803944,17.6234196714608,0.920365940579826,1.35996063197485
"14291669","2002-05-02",18.464941811359,0,0.122807810636026,0.192592034490696,18.1785340050315,17.2548719949685,17.716703,0.100092173714673,44.4502728300051,17.668286,17.5679783819327,0.659080669786638,1.21978463953721
"14291668","2002-05-03",17.9466074560707,0.0333330947455838,0.0520478056133798,0.127290877126981,18.1712453018124,17.2126403648543,17.6919428333333,0.16802504236713,45.6766627976655,17.6310296,17.526138597675,0.467731310679764,1.06937397376572
"14291667","2002-05-06",17.2953256900098,0.0666661894911651,0.0333330947455826,0.0693962369983294,18.1719810018334,17.1839626648333,17.6779718333333,0.236042179684126,46.9382376190276,17.5993616,17.4960867846516,0.333548174758302,0.922208813964235
"14291666","2002-05-07",16.6905640500961,0.150002505171389,0.0833339298027122,0.0562382767205582,18.1720062189234,17.1654647810766,17.6687355,0.288637117161214,50.0608025139158,17.5662036,17.4855658800314,0.277712563010279,0.793309563773444
"14291665","2002-05-08",15.7257107849193,0.0200055829533827,0.0788914258719785,0.0651861501400911,18.175858121245,17.146244878755,17.6610515,0.243543022658267,45.5571034509189,17.547762,17.4522317626939,0.147771085023618,0.664201868023479
"14291664","2002-05-09",15.0870304268845,0.106670197765387,0.0922260952967191,0.0848171503238033,18.1738575443434,17.1345851223233,17.6542213333333,0.349589004107173,48.8602195549547,17.5334184,17.4394861943347,0.0995994556085567,0.551281385540494
"14291663","2002-05-10",14.9874096746721,0,0.0422252602395894,0.071114260469429,18.1891378471789,17.0983484861545,17.6437431666667,0.108711652389212,40.9384155749902,17.5021232,17.3806280350901,-0.103808162894103,0.420263475853575
"14291662","2002-05-13",15.3539728676106,0,0.0355567325884619,0.0566693627082568,18.2370998991622,17.0063001008378,17.6217,-0.0445402257234613,38.3308731015775,17.471946,17.3109896304114,-0.326983999130848,0.27081398085669
"14291661","2002-05-14",16.294830059567,0,-4.16333634234434e-16,0.0259273309426837,18.2988940829426,16.8786869170574,17.5887905,-0.0558629184270922,34.8270850193891,17.4363664,17.2233150130232,-0.593942474107489,0.0978626898638544
"14291660","2002-05-15",17.890991465216,0,-4.16333634234434e-16,0.0118522441961537,18.3834339607209,16.6682523726124,17.5258431666667,-0.116344749731432,30.464939972781,17.3933356,17.1075903446201,-0.936847705793775,-0.109079389267672
"14291659","2002-05-16",20.0297528216659,0,-4.16333634234434e-16,-3.90891023253441e-16,18.4876607549466,16.4129835783868,17.4503221666667,-0.117549329830908,26.3547220434828,17.3339124,16.9613476320041,-1.35967808749561,-0.359199128913259
"14291658","2002-05-17",22.7935785592965,0,-4.16333634234434e-16,-3.90891023253441e-16,18.6135016144915,16.0614333855085,17.3374675,-0.159754108796285,21.2953178418293,17.2601456,16.7594706144036,-1.94821652261398,-0.677002607653403
"14291657","2002-05-20",23.9896674053136,0.214709259883798,0.0715697532945989,0.0238565844315327,18.5670937335766,15.9063479330901,17.2367208333333,0.0742481300570465,33.5559439407227,17.2070556,16.6515705324831,-2.15327162193963,-0.972256410510649
"14291656","2002-05-21",24.1920672014766,0.375246446878912,0.196651902254236,0.0894072185162783,18.4743634207107,15.8379455792893,17.1561545,0.228649044639181,40.9002959012797,17.1677504,16.6077317948187,-2.11235109774721,-1.20027534795796
"14291655","2002-05-22",24.0930773813674,0.449099075931356,0.346351594231355,0.20485774992673,18.3386581916725,15.8187278083275,17.078693,0.304134933014231,43.9842401455167,17.120994,16.5927128888429,-1.97367877071816,-1.35495603251
"14291654","2002-05-23",23.4686277829261,0.564869104562054,0.46307154245744,0.335358346314344,18.205277716747,15.8319579499196,17.0186178333333,0.416768695579503,48.519275962323,17.0898852,16.6157111703305,-1.71253978633991,-1.42647278327598
"14291653","2002-05-24",22.3699911426128,0.538921462737232,0.51762988107688,0.442351005921892,18.1156248123728,15.8318858542939,16.9737553333333,0.440625730075825,47.5893115087413,17.0462956,16.6275710142864,-1.51744276625829,-1.44466677987244
"14291652","2002-05-28",21.2382596377946,0.578841571088138,0.560877379462474,0.513859600998931,18.023980697616,15.8434299690506,16.9337053333333,0.490354730241093,49.2024559401338,16.9982352,16.6502682123816,-1.30254728577253,-1.41624288105246
"14291651","2002-05-29",20.8220062014442,0.471056421334157,0.529606485053175,0.53603791519751,17.9260690916478,15.8458729083522,16.885971,0.416569888266476,45.1607352818097,16.9490572,16.6364084507307,-1.23987576650773,-1.38096945814351
"14291650","2002-05-30",20.8414820876731,0.417718422411685,0.489205471611326,0.526563112042325,17.8382924563904,15.8280902102762,16.8331913333333,0.334896546367468,42.5141040866885,16.8866532,16.6008006572999,-1.26178506384835,-1.35713257928448
"14291649","2002-05-31",20.9854719674646,0.510987228268884,0.466587357338242,0.495133104667581,17.7786634883484,15.7933375116516,16.7860005,0.30733953122916,41.6834175502757,16.8248084,16.5624899029933,-1.29189552017103,-1.34408516746179
"14291648","2002-06-03",22.0999350187236,0.214287821136773,0.380997823939113,0.445596884296227,17.7202891733588,15.7231794933079,16.7217343333333,0.18286785999128,35.0460442566243,16.7530908,16.4622272492608,-1.54471326414968,-1.38421078679937
"14291647","2002-06-04",23.1347935663212,0.244503436274076,0.323259495226577,0.390281558834644,17.6439860507987,15.6566682825346,16.6503271666667,0.167243032848762,36.1609011352812,16.6830496,16.3821622826927,-1.70263937255333,-1.44789650395016
"14291646","2002-06-05",24.3873334378048,0.145603633896705,0.201464963769184,0.301907427644958,17.5499648099907,15.5898675233427,16.5699161666667,0.131576365323366,34.0979432442304,16.6066748,16.290419311667,-1.89083210648451,-1.53648362445703
"14291645","2002-06-06",26.2290136032437,0,0.130035690056926,0.218253383017563,17.4951649160461,15.4470554172872,16.4711101666667,-0.0127802821592827,29.1695963397396,16.518378,16.1494367367781,-2.24670513045147,-1.67852792565592
"14291644","2002-06-07",28.0705156195885,0,0.0485345446322346,0.126678399486115,17.4033781789797,15.3123561543536,16.3578671666667,-0.0379301700729103,28.1943038266967,16.4352972,16.0135905052077,-2.55602463048612,-1.85402726662196
"14291643","2002-06-10",29.9229393772381,0,-3.79326200080262e-16,0.0595234115630536,17.3509399817975,15.1558500182025,16.253395,-0.0129212706568867,27.1287158996428,16.3458828,15.8809544378467,-2.83034148986834,-2.04929011127123
"14291642","2002-06-11",31.228531499366,0.0482482576756454,0.0160827525585481,0.0215390990635942,17.3019550509545,15.0325259490455,16.1672405,0.0863054284400212,29.7498483431597,16.258704,15.7796645128004,-2.96585341889802,-2.23260277279659
"14291641","2002-06-12",32.0279992201613,0.0614051610472781,0.0365511395743075,0.0175446307109518,17.2497631979937,14.932744468673,16.0912538333333,0.149706255544754,30.484147668393,16.1679856,15.695605244427,-3.02708909236697,-2.39150003671067
"14291640","2002-06-13",33.5556569216344,0,0.0365511395743075,0.0297283439023877,17.2518509857763,14.7864456808903,16.0191483333333,0.0974056146604958,24.9584693824501,16.0625512,15.5494845451701,-3.32490139774779,-2.57818030891809
"14291639","2002-06-14",35.5496816193922,0,0.020468387015759,0.0311902220547914,17.3880067831195,14.4506598835472,15.9193333333333,-0.0945932592847665,20.8244401936589,15.92992,15.3483346058141,-3.8171937242804,-2.82598299199055
"14291638","2002-06-17",37.8272816690273,0,-3.79326200080262e-16,0.0190065088633554,17.5713082859252,14.0762660474081,15.8237871666667,-0.0954092563078622,17.7168076147189,15.7896512,15.1007339917055,-4.46148015372455,-3.15308242433735
"14291637","2002-06-18",38.9363005799029,0.174964186116126,0.0583213953720415,0.0262632607959334,17.60435970684,13.8553826264933,15.7298711666667,0.0987471245905253,29.522947648822,15.6778832,14.9625214594781,-4.62555105099632,-3.44757614966915
"14291636","2002-06-19",39.0692037958657,0.304282873264632,0.159749019793586,0.0726901383885423,17.545194998054,13.7287333352793,15.6369641666667,0.223737781267236,36.1776257464742,15.5897728,14.8942745982144,-4.49988520984805,-3.65803796170493
"14291635","2002-06-20",39.192613924974,0.332346905439309,0.270531321606689,0.162867245590772,17.4431293991467,13.6359812675199,15.5395553333333,0.262918252159615,37.6294220285694,15.5171236,14.8469246517858,-4.30458507900372,-3.78734738516469
"14291634","2002-06-21",39.3506805399498,0.368863746189537,0.335164508297826,0.2551482832327,17.2795525936196,13.5747800730471,15.4271663333333,0.269523501035889,37.2928212374061,15.4569548,14.801541364881,-4.1213484265078,-3.85414759343331
"14291633","2002-06-24",39.3868966120754,0.372377806141602,0.357862819256816,0.32118621638711,17.0826051721563,13.5447761611771,15.3136906666667,0.289406441722353,37.0380293969067,15.4183948,14.7591051828969,-3.94458101955267,-3.87223427865718
"14291632","2002-06-25",39.1743137627318,0.436648193416603,0.392629915249247,0.361885747601296,16.8303072185156,13.5684154481511,15.1993613333333,0.324250862068728,38.0412330525281,15.361766,14.7291578251773,-3.73438224948579,-3.8446638728229
"14291631","2002-06-26",39.3187694937657,0.346980377055219,0.385335458871141,0.378609397792401,16.5905167420516,13.582341924615,15.0864293333333,0.289689970919826,35.4944519913367,15.281666,14.6746407818203,-3.64427799276863,-3.80458669681205
"14291630","2002-06-27",38.6513442965913,0.479531527308041,0.421053365926621,0.399672913349003,16.3603186680671,13.6365056652662,14.9984121666667,0.405479744852067,41.7071973392886,15.2073404,14.6696153442443,-3.36099512570837,-3.71586838259131
"14291629","2002-06-28",36.6746201771172,0.551656732411345,0.459389545591535,0.421926123463099,16.1288322900073,13.7284373766594,14.9286348333333,0.533046715032416,44.8213900446075,15.1291028,14.6882346316784,-3.00705979680357,-3.57410666543376
"14291628","2002-07-01",34.750980856336,0.625732511803905,0.552306923841097,0.477583278453084,15.9632205286439,13.7988908046894,14.8810556666667,0.618164835900968,47.8999160174597,15.0603656,14.7279673474546,-2.59933026127822,-3.37915138460266
"14291627","2002-07-02",33.732217698983,0.47173341593276,0.54970755338267,0.5204680076051,15.7752994002109,13.8638669331225,14.8195831666667,0.468610016641222,42.5810934717459,14.9731864,14.7133477011273,-2.4492648325832,-3.19317407419876
"14291626","2002-07-03",32.4506661570624,0.667464631001428,0.588310186246031,0.563441554489932,15.6065139488459,13.9392020511541,14.772858,0.584212598051415,45.6263428747672,14.9029588,14.7236520076437,-2.21057119448049,-2.99665349825511
"14291625","2002-07-05",30.927396164589,0.729664752237211,0.622954266390466,0.586990668673056,15.5427589950688,13.9641483382645,14.7534536666667,0.676952857541301,47.7243827207306,14.8446532,14.7487264066245,-1.93277610374157,-2.7838780193524
"14291624","2002-07-08",29.4446200209014,0.603394938164666,0.666841440467768,0.626035297701422,15.5124113020392,13.9740060312942,14.7432086666667,0.685214307364329,47.4213489434779,14.787838,14.7679748857413,-1.70306291907116,-2.56771499929616
"14291623","2002-07-09",28.6612930167441,0.283330500058157,0.538796730153345,0.609530812337193,15.47515456536,13.9768011013067,14.7259778333333,0.537969790194073,43.3441352495371,14.7408952,14.7505049009758,-1.6418949994192,-2.38255099932076
"14291622","2002-07-10",29.2923684506174,0,0.295575146074274,0.500404438898462,15.4227466259788,13.9228747073546,14.6728106666667,0.161461759704273,33.7881846385802,14.6606088,14.6310482475123,-2.00053895688563,-2.30614859083374
"14291621","2002-07-11",30.0700769970756,0,0.0944435000193856,0.309605125415668,15.367219778672,13.8436588879946,14.6054393333333,0.0581080234778222,32.4138112918109,14.5814396,14.5088898145107,-2.34010175557157,-2.3129392237813
"14291620","2002-07-12",30.7922349330724,0.0783824408475467,0.0261274802825155,0.138715375458725,15.3406785603498,13.7604501063169,14.5505643333333,0.106718679348366,35.1594258509348,14.5261144,14.4210271725759,-2.5095074191629,-2.35225286285762
"14291619","2002-07-15",32.1725417659705,0,0.0261274802825155,0.0488994868614722,15.398039384361,13.6478259489723,14.5229326666667,-0.0157995676869245,29.7703848962014,14.452534,14.2703675495658,-2.92855392619806,-2.46751307552571
"14291618","2002-07-16",33.083886227491,0.268982285839385,0.115788242228977,0.0560144009313361,15.3681990714713,13.7076265951954,14.5379128333333,0.201607222561826,40.0037897216849,14.4065232,14.2167918762904,-2.90547819442537,-2.55510609930564
"14291617","2002-07-17",34.1489187875899,0.186550652810837,0.151844312883407,0.0979200117983,15.3895858519644,13.6517778147023,14.5206818333333,0.13188195342458,38.1682772818958,14.3493352,14.1467636261183,-2.95551800801231,-2.63518848104698
"14291616","2002-07-18",35.1378775933961,0.186550652810837,0.214027863820353,0.160553472977579,15.4041011888947,13.5594904777719,14.4817958333333,0.133041362466489,38.1682772818958,14.2910296,14.0860724759692,-2.96315042079972,-2.70078086899753
"14291615","2002-07-19",36.6406900654435,0,0.124367101873891,0.163413092859217,15.449952109291,13.3911605573756,14.4205563333333,0.0101998876986018,33.0737054535854,14.234214,13.9651708125066,-3.2294877447743,-2.80652224415288
"14291614","2002-07-22",38.398565102367,0,0.0621835509369455,0.133526172210396,15.5262848327127,13.1651835006207,14.3457341666667,-0.0374077551946509,29.7673417627338,14.1839184,13.8076107041724,-3.63559338941443,-2.97233647320519
"14291613","2002-07-23",40.4451629235016,0,-1.85037170770859e-17,0.0621835509369454,15.6432799422121,12.8524390577879,14.2478595,-0.0864562812595946,25.8398285313122,14.13325,13.5965452769494,-4.24926376145756,-3.22772193085566
"14291612","2002-07-24",41.5385857058618,0,-1.85037170770859e-17,0.0207278503123151,15.6998212802576,12.5950257197424,14.1474235,0.00719562576306163,25.0969537149524,14.0550124,13.3980992400228,-4.76704503118286,-3.5355865509211
"14291611","2002-07-25",41.9173229696532,0.313869688562875,0.104623229520958,0.0348744098403194,15.6751149748732,12.5098266917934,14.0924708333333,0.266926705977993,40.8477132731417,14.001364,13.3596140080198,-4.53054749919835,-3.73457874057655
"14291610","2002-07-26",41.8950279610009,0.519624070035159,0.277831252866012,0.127484827462323,15.6032322989315,12.4832917010685,14.043262,0.408177097924163,47.2880891849026,13.9657848,13.3982881402838,-3.97147516865008,-3.78195802619126
"14291609","2002-07-29",41.2532689964351,0.573911971857284,0.469135243485106,0.283863241957359,15.4817519717663,12.4864840282337,13.984118,0.446903581583276,47.2403076192217,13.9313232,13.431184388246,-3.49057202303602,-3.72368082556021
"14291608","2002-07-30",38.8017802334339,0.619514324121436,0.571016788671293,0.439327761674137,15.3477289703721,12.5314030296279,13.939566,0.608722264317326,50.0126652846083,13.9072932,13.4913624698132,-2.9330065433269,-3.56554596911355
"14291607","2002-07-31",36.3049560748238,0.696453753818695,0.629960016599138,0.556704016251846,15.3423700105268,12.5335026561399,13.9379363333333,0.780915247006705,55.4501154925422,13.9017048,13.6118194738381,-2.16191069334656,-3.28481891396015
"14291606","2002-08-01",34.3844544958938,0.720901300597326,0.678956459512486,0.626644421594306,15.354027651947,12.527899348053,13.9409635,0.865463414586269,57.8727486018051,13.9147444,13.7497462106597,-1.38978920526631,-2.90581297222138
"14291605","2002-08-02",32.6011316011731,0.773811383564017,0.730388812660013,0.679768429590546,15.3591451293273,12.5252662040061,13.9422056666667,0.893605735952031,59.6242447472233,13.9225684,13.8941200492384,-0.666127354794355,-2.45787584873598
"14291604","2002-08-05",30.7055872645854,0.742064765713539,0.745592483291627,0.718312585154708,15.338941356671,12.5352243099956,13.9370828333333,0.852604708990018,58.0643358701921,13.9190292,14.0043413760066,-0.159696643823137,-1.99824000775341
"14291603","2002-08-06",29.1685262886181,0.833333806725386,0.783069985334314,0.753017093761985,15.4159502512924,12.497800082041,13.9568751666667,0.918704120464594,61.2066147367557,13.9212644,14.1427105258724,0.41705629477955,-1.51518074724682
"14291602","2002-08-07",27.7873653141387,0.878307945317537,0.817902172585487,0.782188213737143,15.5829581502582,12.4434911830751,14.0132246666667,0.907334115430246,62.6901857396252,13.9445496,14.2837424557561,0.947602260701563,-1.02262414565714
"14291601","2002-08-08",27.0879188737434,0.857866540226502,0.856502764089808,0.819158307336536,15.7739094538185,12.4023402128482,14.0881248333333,0.89805455681929,63.2246976039358,13.9631776,14.4134207949886,1.37816914799072,-0.54246548692757
"14291600","2002-08-09",26.8772910529894,0.902613747357307,0.879596077633782,0.851333671436359,16.0166368319861,12.3441848346806,14.1804108333333,0.934151125143766,66.809491555913,13.99261,14.5779673556568,1.90873731326946,-0.0522249268881643
"14291599","2002-08-12",26.965591970795,0.888511054110175,0.882997113897995,0.873031985207195,16.2555841081675,12.3329648918325,14.2942745,0.908699411859955,67.6582940816836,14.0266992,14.7336143749025,2.34806560368328,0.427833179226125
"14291598","2002-08-13",26.9645972880057,0.843372441983805,0.878165747817096,0.880252979782958,16.4594338256741,12.3122898409926,14.3858618333333,0.858872235647167,67.1299260087663,14.069916,14.8647817915822,2.64392156793036,0.871050856966972
"14291597","2002-08-14",27.2900227897683,0.758089886818405,0.829991127637462,0.863717996450851,16.6539093396047,12.323498327062,14.4887038333333,0.834633247468376,67.1299260087663,14.1444276,14.9784602193712,2.84067278521674,1.26497524261692
"14291596","2002-08-15",28.070680116515,0.857580680166523,0.819681002989578,0.842612626148045,16.9109068088468,12.3257405244866,14.6183236666667,0.887984402238145,71.990776660309,14.2459504,15.1483895234551,3.2396397298962,1.65990814007278
"14291595","2002-08-16",28.4753726718902,0.810630245656338,0.808766937547089,0.819479689391376,17.0848558892515,12.4340054440818,14.7594306666667,0.817118202513932,69.956294897816,14.3381588,15.2826215869944,3.45648886007741,2.01922428407371
"14291594","2002-08-19",29.1185381601724,0.784553342295002,0.817588089372621,0.815345343303096,17.2061824488467,12.6364952178199,14.9213388333333,0.804984658586107,70.3006547371546,14.4542112,15.4039240420618,3.60086845792902,2.33555311884477
"14291593","2002-08-20",29.9243907362159,0.793184225038676,0.796122604330005,0.807492543749905,17.221752818041,13.0010915152923,15.1114221666667,0.808339793218138,71.0596946154877,14.5503316,15.5196088364536,3.70896249063044,2.6102349932019
"14291592","2002-08-21",31.0921453063786,0.78850156087409,0.788746376069256,0.800819023257294,17.1929546336399,13.4350490330268,15.3140018333333,0.8605620552165,73.2670419347993,14.6630312,15.6515369915931,3.86771213307446,2.86173042117642
"14291591","2002-08-22",32.6421825030995,0.827766309536839,0.803150698483202,0.796006559627488,17.299331630169,13.699834369831,15.499583,0.93527384150666,76.5524124614791,14.7919368,15.8198947260474,4.14614823900703,3.11861398474254
"14291590","2002-08-23",34.0815027571975,0.894000429461027,0.836756099957318,0.809551058169925,17.4295867466799,13.9137312533201,15.671659,0.934216082795004,78.0547768945483,14.949716,15.993747429241,4.41291524122782,3.3774742360396
"14291589","2002-08-26",35.5136107001358,0.926780291459273,0.882849010152379,0.8409186028643,17.5280580551921,14.1645349448079,15.8462965,0.937497662928774,79.0198681986906,15.1289172,16.1630477720089,4.63164520728028,3.62830843028773
"14291588","2002-08-27",36.3342649301162,0.834710890465353,0.885163870461884,0.868256326857194,17.6175439113635,14.3766674219699,15.9971056666667,0.890277446283265,75.7893853920824,15.3254428,16.2930094024077,4.68108502493827,3.83886374921784
"14291587","2002-08-28",36.8504045576929,0.767500536826283,0.842997239583636,0.870336706732633,17.7001745726776,14.5349584273224,16.1175665,0.821823256260544,74.2161872802759,15.5242036,16.39757081542,4.63218278787312,3.9975275569489
"14291586","2002-08-29",36.5570812596565,0.649348838506373,0.750520088599336,0.826227066214952,17.7517209471466,14.6842833861868,16.2180021666667,0.749237727410314,69.217005217323,15.67509,16.4621107066974,4.44350340018147,4.08672272559541
"14291585","2002-08-30",36.0524257309244,0.615583256644077,0.677477543992245,0.756998290725072,17.7776467023512,14.8455682976488,16.3116075,0.710818316570927,67.6970585058329,15.8019464,16.5099732791377,4.21443795080187,4.1122657706367
"14291584","2002-09-03",34.2918656915813,0.407791628322038,0.557574574490829,0.661857402360803,17.7184151270126,15.0707438729874,16.3945795,0.571967834517587,59.0966874856732,15.9140868,16.501779508586,3.80699802078164,4.05121222066569
"14291583","2002-09-04",32.7047454003023,0,0.341124961655372,0.525392360046149,17.6517920736646,15.2247632596687,16.4382776666667,0.341123572805128,47.5495526366209,15.9902752,16.4065062407745,3.12492584677424,3.8659549458874
"14291582","2002-09-05",31.2309908441146,0.0945916928309029,0.16746110705098,0.355386881065727,17.5868741880503,15.366521145283,16.4766976666667,0.312524858893074,50.1357070520055,16.0524924,16.3456680753379,2.63384257378434,3.61953247146679
"14291581","2002-09-06",31.1648672275992,0,0.0315305642769678,0.180038877661107,17.5890413443603,15.3628016556397,16.4759215,0.0232986342949155,40.7405641612174,16.076336,16.1985603319595,1.87156190536251,3.26993835824593
"14291580","2002-09-09",31.1034667265492,0.0225885818092031,0.0390600915467021,0.0793505876248833,17.6265087101795,15.2890099564872,16.4577593333333,0.052430706106635,41.5936214382806,16.0947776,16.0778976210316,1.27538954433359,2.87102859546346
"14291579","2002-09-10",31.1917492812559,0,0.00752952726973449,0.0260400610311347,17.674451692854,15.1856483071461,16.43005,0.0633283021708513,40.5088819290757,16.1141504,15.9615246048941,0.747347102090368,2.44629229678885
"14291578","2002-09-11",31.0299969328579,0.0202019763840331,0.0142635193977455,0.0202843794047273,17.7090001539272,15.1035985127394,16.4062993333333,0.113435416605923,41.3753955139249,16.1225328,15.8668773242415,0.346416518054071,2.02631714104189
"14291577","2002-09-12",32.1135933711392,0,0.00673399212801117,0.00950901293183028,17.8327224852324,14.8570868481009,16.3449046666667,-0.0494606417077278,32.0693147689545,16.09012,15.6699776810093,-0.411470009026649,1.53875971102818
"14291576","2002-09-13",33.3498030380629,0,0.00673399212801117,0.00924383455125584,17.9635197780533,14.5224678886134,16.2429938333333,-0.0474819601281732,30.284925826545,16.0470892,15.4713886568747,-1.11688641143979,1.00763048653459
"14291575","2002-09-16",34.3173711783949,0.0489524770554035,0.0163174923518013,0.00992849220260775,18.0388885156932,14.2723064843068,16.1555975,0.0568331838368848,33.3893884689345,15.9949308,15.3210115026248,-1.58018620363105,0.490067148501461
"14291574","2002-09-17",35.0129396756622,0.0378804146250998,0.0289442972268345,0.0173319272355489,18.0816412680811,14.0456023985855,16.0636218333333,0.106517210392526,32.9380924469409,15.9369976,15.1844753022748,-1.95507313675406,0.00103909145035685
"14291573","2002-09-18",35.4174436072318,0.0310077003232604,0.039280197334588,0.0281806623044078,18.0908878651857,13.8434004681476,15.9671441666667,0.150645814503242,32.7000527287955,15.8792508,15.0630385953048,-2.24359136172296,-0.447886999184307
"14291572","2002-09-19",35.7930544008322,0.0643651968137641,0.0444177705873749,0.0375474217162657,18.0483586780041,13.6692233219959,15.858791,0.19014560569094,34.8299235474291,15.825416,14.9708334492642,-2.39566005457197,-0.837441610261839
"14291571","2002-09-20",36.6252864293982,0,0.0317909657123417,0.0384963112114348,17.9362865196094,13.5052911470573,15.7207888333333,0.180775526097656,31.2313490015702,15.7369332,14.8468369893623,-2.66814399425885,-1.20358208706124
"14291570","2002-09-23",37.3980733130666,0.115384312861817,0.059916503225194,0.0453750798416367,17.754728797916,13.4139488687506,15.5843388333333,0.243124772154085,37.4108270470954,15.664098,14.7784920574473,-2.69646099738595,-1.50215786912618
"14291569","2002-09-24",38.5867644453927,0,0.0384614376206059,0.0433896355193804,17.5280878123277,13.3243798543389,15.4262338333333,0.197765913800256,33.4540014347148,15.5754288,14.671447783121,-2.88491986797204,-1.77871026889535
"14291568","2002-09-25",38.9184211514241,0.091381059973201,0.0689217909450063,0.055766577263602,17.2539710010896,13.3054159989104,15.2796935,0.25977199267163,36.7296500378101,15.4901124,14.6004080787049,-2.91390933098561,-2.00575008131341
"14291567","2002-09-26",37.77583088742,0.411922510663804,0.167767856879002,0.0917170284815379,16.9521712865295,13.3776257134705,15.1648985,0.409193538955062,46.254051855631,15.4170904,14.6114896682109,-2.60610579320991,-2.12582122369271
"14291566","2002-09-27",36.5607448877877,0.403792997096187,0.302365522577731,0.179685056800579,16.6418768493469,13.4744744839865,15.0581756666667,0.433665200765837,46.0625936196299,15.3273036,14.6192310457828,-2.34273590607593,-2.16920416016935
"14291565","2002-09-30",35.432450745272,0.420052024231421,0.411922510663804,0.294018630040179,16.2861978427536,13.6235381572464,14.954868,0.465719239113875,46.5392158274711,15.2302516,14.6296655730117,-2.09431894904224,-2.15422711794393
"14291564","2002-10-01",33.4968100112539,0.632716090293334,0.485520370540314,0.399936134593949,15.9878967187872,13.7748332812128,14.881365,0.605600979483357,50.4675510358838,15.1369252,14.6697554966102,-1.74880817340999,-2.07314332903714
"14291563","2002-10-02",31.4193836095257,0.72173950929257,0.591502541272442,0.49631514082552,15.8311648930319,13.8547244403014,14.8429446666667,0.723294694285869,53.6923146352286,15.0568248,14.7318214303955,-1.34711623510037,-1.92793791024979
"14291562","2002-10-03",30.0057923514045,0.594201635691434,0.649552411759113,0.575525107857289,15.6237273573648,13.9674699759686,14.7955986666667,0.69194963510563,50.1744782945917,14.9709496,14.7582905730094,-1.1282331255575,-1.76799695331133
"14291561","2002-10-04",29.8775281469259,0.231884779604895,0.515941974862966,0.585665642631507,15.5363460775124,13.9759929224876,14.7561695,0.41663244124292,41.7965282782868,14.8696136,14.7036144966082,-1.25895468209128,-1.66618849906732
"14291560","2002-10-07",29.7584256713386,0.376812766857954,0.400966394051428,0.522153593557836,15.4440301167964,14.0037318832036,14.723881,0.529102074618331,45.7021144320784,14.7800132,14.6872752303937,-1.22137386368459,-1.57722557199077
"14291559","2002-10-08",30.7704234136793,0,0.202899182154283,0.373269183689559,15.3638926048136,13.9676000618531,14.6657463333333,0.152522912112702,37.0750769324529,14.675324,14.5731438663412,-1.58748368951515,-1.57927719549565
"14291558","2002-10-09",32.5122231084195,0,0.125604255619318,0.243156610608343,15.3548764530373,13.7869212136293,14.5708988333333,-0.181591842126485,30.4915363642135,14.5652324,14.3680500174957,-2.30144469870056,-1.72371069613663
"14291557","2002-10-10",34.6448761814489,0,2.77555756156289e-16,0.109501145924534,15.6129283790091,13.3220986209909,14.4675135,-0.296789966726176,26.0615205480962,14.4203068,14.0959206818296,-3.24732396041211,-2.02843334899173
"14291556","2002-10-11",35.8944673740262,0.104434696059277,0.0348115653530925,0.0534719403241369,15.7183086771691,13.0768533228309,14.397581,-0.0440754459997617,31.2291956954685,14.317294,13.9054032575857,-3.7775168385906,-2.3782500469115
"14291555","2002-10-14",37.3095097780593,0.00429154225187658,0.0362420794370513,0.0236845482633812,15.8288672810356,12.7826537189643,14.3057605,-0.0435591211604978,29.1269618776568,14.1991924,13.6968228232409,-4.35241343066881,-2.77308272366296
"14291554","2002-10-15",38.0092170792663,0.257510966933314,0.122079068414823,0.0643775710683219,15.830453855095,12.661382144905,14.245918,0.194781914561984,40.1059931792704,14.117602,13.6259584468088,-4.28190256672646,-3.07484669227566
"14291553","2002-10-16",38.7989623180412,0.210300930192551,0.157367813125914,0.105229653659262,15.830622852954,12.525850147046,14.1782365,0.182701375662326,38.8961972438962,14.0280016,13.5440519872343,-4.27109462311617,-3.31409627844376
"14291552","2002-10-17",38.9251523291305,0.270385593688945,0.246065830271603,0.175170903937446,15.8044209103769,12.4356270896231,14.120024,0.267757430415173,41.3221965466961,13.9806864,13.4991450556031,-4.10110747510321,-3.47149851777565
"14291551","2002-10-18",37.2661224557838,0.36194566299259,0.280877395624695,0.228103679674071,15.7824857984696,12.4077318681971,14.0951088333333,0.414925500960356,44.9115028384957,13.953676,13.499965714856,-3.74562988445897,-3.52632479111232
"14291550","2002-10-21",34.8778213075047,0.540774259348005,0.391035172009847,0.305992799302048,15.7727655992591,12.4064307340742,14.0895981666667,0.580053978820434,51.191349130804,13.9434308,13.5782942862085,-3.0808138663486,-3.43722260615957
"14291549","2002-10-22",32.4411300311691,0.65730987474586,0.520009932362152,0.397307499998898,15.8134215870886,12.4137414129114,14.1135815,0.653489487225949,54.2046512402202,13.9475288,13.6877803813807,-2.343121858607,-3.21840245664906
"14291548","2002-10-23",30.1784881317146,0.737356116493972,0.645146750195946,0.518730618189315,15.8334037066073,12.4164232933926,14.1249135,0.626681001250681,54.5205838990306,13.9538624,13.7870149971966,-1.72151845561271,-2.91902565644179
"14291547","2002-10-24",28.4680189439442,0.752903136206141,0.715856375815325,0.627004352791141,15.8089625982491,12.4209947350842,14.1149786666667,0.655441655471129,54.61697780105,13.9566568,13.8742609975704,-1.21122485806895,-2.57746549676722
"14291546","2002-10-25",27.2121064295124,0.778310513229724,0.756189921976613,0.705731015995961,15.8045692368889,12.4221287631111,14.113349,0.707579213522457,56.3111768681603,13.9790104,13.9709861978944,-0.708661402394484,-2.20370467789267
"14291545","2002-10-28",26.583828532817,0.893312807167054,0.808175485534307,0.760073927775415,15.8878560858479,12.3892925808188,14.1385743333333,0.851436334245731,62.5161128067743,14.0157072,14.1417440381751,0.0592234461046726,-1.7511190530932
"14291544","2002-10-29",26.0004276287427,0.899003320229576,0.856875546875452,0.80708031812879,15.9339856950453,12.369552638288,14.1517691666667,0.844288740207983,62.6792254144285,14.0674928,14.2922181664184,0.663472741063265,-1.26820069426191
"14291543","2002-10-30",26.070750443088,0.860759493670886,0.884358540355839,0.849803190921866,16.0111713245657,12.331796342101,14.1714838333333,0.909602946292739,64.7832276030104,14.1222592,14.4542970775626,1.25433759122884,-0.763693037163761
"14291542","2002-10-31",26.3415401296588,0.860268582804334,0.873343798901599,0.871525962044296,16.1414271755839,12.2718614910828,14.2066443333333,0.916088642656269,65.9192453505948,14.1604468,14.6121521338876,1.76706211458104,-0.257542006814801
"14291541","2002-11-01",26.5929876957602,0.880705860029727,0.867244645501649,0.874982328253029,16.3360756919986,12.2048143080014,14.270445,0.894953223323111,67.2985886396319,14.2055264,14.7700705160359,2.22712696513105,0.23939178757437
"14291540","2002-11-04",27.3816441616671,0.841269751099926,0.860748064644663,0.867112169682637,16.5565038958224,12.1237854375109,14.3401446666667,0.910503249968744,68.8177094055862,14.2565672,14.9305291138978,2.64951048268938,0.721415526597372
"14291539","2002-11-05",28.3115345345467,0.826437964616738,0.849471191915464,0.859154634020592,16.8172702300561,12.0741364366106,14.4457033333333,0.889201896269025,69.811328071371,14.3029512,15.0851172320448,3.00437835946852,1.1780080931716
"14291538","2002-11-06",29.4005779497588,0.92148726108998,0.863064992268882,0.857761416276336,17.1295920121562,12.0825266545104,14.6060593333333,0.916728108506417,73.8958856372061,14.3623744,15.2898789344388,3.51725777677401,1.64585802989208
"14291537","2002-11-07",28.0417285491718,0.545756292763099,0.764560506156606,0.825698896780317,17.2025130829934,12.3487902503399,14.7756516666667,0.759264563865788,57.9083516586711,14.3897576,15.3332177431803,3.35007385224515,1.9867011943627
"14291536","2002-11-08",26.7799398200553,0.529961718486111,0.665735090779731,0.764453529735073,17.2388909368983,12.6011460631017,14.9200185,0.700042950164957,58.8840357466569,14.4445236,15.3844380440896,3.23309572837163,2.23598010116448
"14291535","2002-11-11",25.3987513149117,0.481974053067345,0.519230688105519,0.649842095013952,17.1714303613252,12.9800046386748,15.0757175,0.664198504011218,57.449909702714,14.4858776,15.4151689715443,3.05091690176267,2.39896746128412
"14291534","2002-11-12",24.4510089648149,0.445711925134565,0.485882565562674,0.556949448149308,17.1448119699722,13.2559273633612,15.2003696666667,0.646914533204564,56.2428486120945,14.5538696,15.4306251086717,2.82988752209805,2.48515147344691
"14291533","2002-11-13",23.2734992877027,0.34826684393286,0.425317607378257,0.476810287015483,17.0164456060585,13.6199377272748,15.3181916666667,0.549428709130544,54.2647958154033,14.6483136,15.4260137608488,2.55480548489657,2.49908227573684
"14291532","2002-11-14",22.424518222845,0.113959904809098,0.302646224625508,0.40461546585548,16.8650558639819,13.9933108026848,15.4291833333333,0.544675507027326,54.79611329501,14.7727484,15.4276052594023,2.33190804592904,2.46564742977528
"14291531","2002-11-15",21.0560215761303,0,0.154075582913986,0.294013138305917,16.7356188686218,14.2725481313781,15.5040835,0.419581346025413,50.9040217277795,14.8733396,15.394833891482,1.99843146308809,2.37220423643784
"14291530","2002-11-18",20.1408784831153,0.139346185888786,0.0844353635659617,0.180385723701819,16.6762956278088,14.4482963721912,15.562296,0.482513758370834,54.1558202853476,14.9964708,15.3981000392844,1.83745224575025,2.26525383830032
"14291529","2002-11-19",19.0613236187668,0.0819673092944388,0.0737711650610752,0.104094037180341,16.6340343510873,14.5646039822461,15.5993191666667,0.392018997096387,52.6105923666306,15.0827184,15.3878907007132,1.63976766874911,2.14015660439008
"14291528","2002-11-20",18.6958921348007,0.136612182157398,0.119308559113541,0.0925050292468595,16.5676166612852,14.7295950053815,15.6486058333333,0.442823034939527,53.9579537225963,15.1788388,15.3914612739514,1.51451992872806,2.01502926925768
"14291527","2002-11-21",18.6771419400655,0.259566079579457,0.159381857010431,0.117487193728349,16.4981580938766,14.9089589061235,15.7035585,0.523348132581035,56.9255199120931,15.2755184,15.4224984374246,1.50753215169397,1.91352984574494
"14291526","2002-11-22",19.001098340961,0.289616652781526,0.22859830483946,0.169096240321144,16.4379528759505,15.0714624573828,15.7547076666667,0.561287659878202,57.6440669356892,15.3623248,15.4562266457679,1.51089530842299,1.83300293828055
"14291525","2002-11-25",19.457732511296,0.322407096675781,0.290529943012254,0.226170034954049,16.4438138041406,15.1193128625261,15.7815633333333,0.59335340035013,58.4583917617643,15.4280816,15.4929097596656,1.52461688456034,1.77132572753651
"14291524","2002-11-26",19.2267002478289,0.190080982437045,0.267368243964784,0.262165497272166,16.4345674431891,15.1558802234775,15.7952238333333,0.388127058912605,53.9016763302591,15.47223,15.4942751250435,1.40021608052696,1.6971037981346
"14291523","2002-11-27",18.6668808636816,0.182604961208465,0.231697680107097,0.263198622361379,16.4365638141397,15.1366525191936,15.7866081666667,0.284327719573386,51.5187382283897,15.5100448,15.478693108371,1.22206576438808,1.60209619138529
"14291522","2002-11-29",18.1470485784019,0.221741931267564,0.198142624971025,0.232402849680969,16.4335973977219,15.1045362689448,15.7690668333333,0.271893988343268,52.2762296829307,15.5491636,15.4707780272549,1.09021375943945,1.49971970499613
"14291521","2002-12-02",17.0104563543177,0,0.13478229749201,0.188207534190044,16.4352209032036,15.0372494301297,15.7362351666667,0.148942407300429,45.6240136524471,15.5674188,15.4154849569542,0.78682477112737,1.35714071822237
"14291520","2002-12-03",16.0135052421706,0,0.0739139770891882,0.135612966517408,16.4005233540346,14.9712009792988,15.6858621666667,0.126723700617027,45.2268037925666,15.558664,15.364460296027,0.527616479333659,1.19123587044463
"14291519","2002-12-04",15.3520277219972,0,1.48029736616688e-16,0.0695654248603995,16.3272721035828,14.9255432297505,15.6264076666667,0.126348806502976,43.434477038103,15.5450656,15.3065775898901,0.264678963901033,1.00592448913591
"14291518","2002-12-05",15.0462913242655,0,1.48029736616688e-16,0.0246379923630629,16.1135750086116,14.9562203247217,15.5348976666667,-0.0666234754667037,41.3490748182261,15.5171236,15.2402685779047,-0.0083830935810103,0.803062972592527
"14291517","2002-12-06",15.3984285960299,0,1.48029736616688e-16,1.85037170770859e-16,16.1136407470041,14.8187729196626,15.4662068333333,-0.122436887365389,37.0728181049439,15.4731612,15.1467861008508,-0.365451743212442,0.569360029431534
"14291516","2002-12-09",14.4348369998832,0.198374353767695,0.0661247845892319,0.0220415948630775,16.0716427045207,14.7833102954793,15.4274765,0.224980527142325,44.8093777576473,15.4364644,15.111097287404,-0.462904239369855,0.362907175671256
"14291515","2002-12-10",13.5400733748899,0.239132210668814,0.145835521478837,0.0706534353560229,16.0370754082597,14.7455389250737,15.3913071666667,0.228423854404203,46.2709793866239,15.3954828,15.0894803157501,-0.497275645513484,0.190870611434308
"14291514","2002-12-11",13.5080952977506,0.293479909906756,0.243662158114422,0.151874154727497,15.9889296478003,14.7381113521997,15.3635205,0.38203682299902,48.2393983931678,15.3535696,15.0831642736501,-0.469298803521367,0.0588367284431728
"14291513","2002-12-12",14.0128081936401,0.592392255715437,0.375001458763669,0.254833046118976,16.0067818279737,14.7360931720263,15.3714375,0.714827735644764,57.46862696146,15.3109116,15.1459930371634,-0.171352625860155,0.0127988575825073
"14291512","2002-12-13",14.5001842383388,0.652172390855302,0.512681518825832,0.377115045234641,16.0275899498424,14.7311190501576,15.3793545,0.759524143643963,59.0415494730025,15.312588,15.2141046322083,0.116895364607794,0.0336181589875647
"14291511","2002-12-16",15.5301509778266,0.766082752558549,0.670215799709763,0.519299592433088,16.0913285294079,14.7251274705921,15.408228,0.847861439280841,60.610486852148,15.3142648,15.2867960145805,0.393778813449863,0.105650289880024
"14291510","2002-12-17",16.5553813538478,0.794288168348722,0.737514437254191,0.640137251929928,16.1504082339353,14.7082707660647,15.4293395,0.857959749446724,61.757717631556,15.32302,15.3597298793031,0.643615758980443,0.213243383700108
"14291509","2002-12-18",17.5165119900597,0.823364594612782,0.794578505173351,0.734102914045768,16.2189711124025,14.7002492209309,15.4596101666667,0.843488277607683,62.5650309761363,15.3371776,15.429769895396,0.857149680343383,0.342024643028763
"14291508","2002-12-19",18.024685128132,0.760682976367451,0.792778579776318,0.774957174067953,16.2547988341204,14.6965544992129,15.4756766666667,0.749746883687392,59.8439991915206,15.3526388,15.4768099093432,0.960702204078023,0.465760155238615
"14291507","2002-12-20",19.4109053610003,0.774349688870754,0.786132419950329,0.791163168299999,16.3338453927538,14.6639226072462,15.498884,0.922729725066562,64.324913432218,15.3774144,15.5542139214308,1.17112616231776,0.606833356654444
"14291506","2002-12-23",20.6981098629494,0.826604100785475,0.787212255341227,0.788707751689291,16.4068986335736,14.6326270330931,15.5197628333333,0.914970571473169,65.8548469993648,15.4165332,15.6349573985734,1.37325587982791,0.760117861289136
"14291505","2002-12-24",21.8933711861879,0.831352647148833,0.810768812268354,0.794704495853303,16.4608146830415,14.6106886502919,15.5357516666667,0.872534080273267,65.997552305146,15.446524,15.7061764120969,1.51895227497707,0.911884744026723
"14291504","2002-12-26",23.3011110350936,0.862230949709273,0.840062565881193,0.812681211163591,16.5544511020748,14.5836472312585,15.5690491666667,0.880085597435125,66.9644272735006,15.4828484,15.7759715571507,1.64493726049584,1.05849524732055
"14291503","2002-12-27",23.4711874300456,0.660915816688572,0.784833137848893,0.81188817199948,16.6136176785313,14.5861083214687,15.599863,0.757787712880029,58.6718475601051,15.5042704,15.7992046828639,1.5829264755163,1.1633814929597
"14291502","2002-12-30",23.6291155110725,0.684687705541729,0.735944823979858,0.786946842569981,16.6685734198888,14.5963505801112,15.632462,0.734249903380127,59.8326544341976,15.5197316,15.8274133918154,1.54656469328862,1.24001813302548
"14291501","2002-12-31",23.7757630148831,0.706072830054061,0.68389211742812,0.734890026418957,16.720853157491,14.6342615091756,15.6775573333333,0.725159532474552,61.011780751573,15.5355656,15.8599329395733,1.53056542656165,1.29812759173271
"14291500","2003-01-02",24.194239146105,0.694585188867853,0.695115241487881,0.704984060965286,16.7791418815591,14.6885167851076,15.7338293333333,0.760180874892355,63.662774613289,15.5547524,15.9067445476302,1.57020059252453,1.35254219189108
"14291499","2003-01-03",25.3544025093187,0.747900069471384,0.716186029464433,0.698397796126811,16.8725572755122,14.7427283911544,15.8076428333333,0.862131048335002,68.2369077098265,15.5940576,15.9839492746129,1.71968975894374,1.42597170530161
"14291498","2003-01-06",27.7657964259758,0.551641228300099,0.664708828879779,0.692003366610697,17.0483656832225,14.7940263167775,15.921196,1.04516222577645,73.1166927745628,15.6531084,16.0999133713311,1.99768403973482,1.54031417218825
"14291497","2003-01-07",30.0049479200145,0.653208201570948,0.650916499780811,0.677270452708341,17.1742936677183,14.9310639989484,16.0526788333333,1.05153120694286,75.432112557833,15.7188652,16.2283582551537,2.29204300667678,1.69065993908596
"14291496","2003-01-08",32.0059657925846,0.643706008364786,0.616185146078611,0.643936824913067,17.283940207242,15.0305164594247,16.1572283333333,0.946840798425957,74.8152257822839,15.7984068,16.3371931544665,2.48326599243978,1.84918114975672
"14291495","2003-01-09",33.9814506994342,0.771972865449352,0.689629025128362,0.652243556995928,17.3952009138912,15.1517954194422,16.2734981666667,0.986962864881001,77.4911718434444,15.8889388,16.4650474005376,2.72314926833932,2.02397477347324
"14291494","2003-01-10",36.0257380142249,0.859739535402548,0.758472803072229,0.688095658093067,17.5355195800846,15.2458790865821,16.3906993333333,1.01068890654154,79.3306474955941,15.9913928,16.601933080466,2.96950358644203,2.213080536067
"14291493","2003-01-13",36.105684557936,0.60779162832204,0.74650134305798,0.731534390419524,17.6137665759232,15.3245727574102,16.4691696666667,0.825290790427859,65.9296045411652,16.0806208,16.6603366697372,2.90887364770753,2.35223915839511
"14291492","2003-01-14",36.1459991531078,0.602599068574139,0.690043410766243,0.731672518965484,17.6695125275082,15.4136598058251,16.5415861666667,0.775977162582158,65.6833363980767,16.1802808,16.7097117804389,2.82269651808409,2.4463306303329
"14291491","2003-01-15",36.1834341343387,0.68311999776904,0.631170231555073,0.689238328459765,17.7345630391583,15.4845936275084,16.6095783333333,0.781666792172947,67.6982908186766,16.2721168,16.7717528763804,2.7906626738319,2.5151970390327
"14291490","2003-01-16",36.507409671023,0.649354415906746,0.645024494083309,0.655412712134875,17.7903213824982,15.5598526175018,16.675087,0.760327788092078,65.9495629373176,16.3587372,16.8174498261963,2.70392510214092,2.55294265165435
"14291489","2003-01-17",35.9859028194922,0.518817824982682,0.617097412886156,0.631097379508179,17.8039314872204,15.6497831794463,16.7268573333333,0.634541649533004,60.2743461212088,16.4334356,16.8297325160368,2.5076346391685,2.54388104915718
"14291488","2003-01-21",34.4823839657822,0.328687808787818,0.498953349892416,0.587025085620627,17.7764465500675,15.7724261165992,16.7744363333333,0.52095138317893,53.3124482875209,16.4760936,16.8018788472319,2.18853683165587,2.47281220565692
"14291487","2003-01-22",32.5505239258646,0,0.2825018779235,0.466184213567357,17.774827509449,15.7766838238844,16.7757556666667,0.227467547036728,42.5552076060011,16.4911824,16.699501667601,1.63433330186369,2.30511642489827
"14291486","2003-01-23",30.7889482243424,0.362397023029395,0.230361610605738,0.337272279473885,17.7731182299459,15.8327247700541,16.8029215,0.498159393919933,53.2730276077114,16.526948,16.6933587785875,1.47690860338572,2.13947486059576
"14291485","2003-01-24",28.654946928603,0.239784216438869,0.200727079822755,0.237863522783998,17.7607019487821,15.8864333845512,16.8235676666667,0.400943936098693,49.8819691268035,16.5513508,16.6600936081092,1.23653291398016,1.95888647127264
"14291484","2003-01-27",27.2564608314301,0.046322083879422,0.216167774449229,0.215752154959241,17.7648760682264,15.8757399317736,16.820308,0.199662724643352,45.0132664864075,16.5604784,16.587177127028,0.875215359144477,1.74215224884701
"14291483","2003-01-28",25.957866598341,0.0560223752669082,0.114042891861733,0.176979248711239,17.7535595405139,15.9002517928195,16.8269056666667,0.191134764830363,45.2563836984101,16.5742632,16.5258455100909,0.588217876630681,1.51136537440374
"14291482","2003-01-29",25.0140388413293,0,0.0341148197154436,0.121441828675469,17.7526081410642,15.9021341922691,16.8273711666667,0.121620630151225,43.4627423762828,16.572214,16.4565474420788,0.297411912007872,1.26857468192457
"14291481","2003-01-30",24.2096904039632,0,0.0186741250889696,0.0556106122220489,17.7583102076954,15.8908434589712,16.8245768333333,0.107441381664506,42.9689545134225,16.5647628,16.3921424498016,0.0495471719224039,1.02476917992414
"14291480","2003-01-31",23.6228840443456,0,1.82724206136224e-16,0.0175963149348045,17.7787306451881,15.8472933548119,16.813012,0.103125262991412,41.8712813892862,16.5541452,16.3270114564947,-0.180085455905432,0.783798252758222
"14291479","2003-02-03",22.8817889112132,0.179487336351401,0.0598291121171339,0.0261677457353679,17.7877934751776,15.8065631914891,16.7971783333333,0.230000257380094,47.8924709917933,16.5528416,16.3096832622954,-0.21477961663483,0.584082678879612
"14291478","2003-02-04",22.037993256299,0.159543619234062,0.113010318528488,0.0576131435485407,17.7559496798204,15.7489929868462,16.7524713333333,0.252643059810632,47.3061090712563,16.5614108,16.2903188273227,-0.255546814306318,0.416156780242426
"14291477","2003-02-05",21.8936969203664,0.00569558301725147,0.114908846200905,0.0959160922821757,17.7077219417711,15.6717920582289,16.689757,0.178695385359485,42.9387541403359,16.5574988,16.2400056503463,-0.408229359744905,0.25127955224496
"14291476","2003-02-06",22.0841312773616,0,0.0550797340837714,0.0943329662710549,17.6794583519344,15.5691939813989,16.6243261666667,0.135688852985638,40.6911984348716,16.5455768,16.1777728969668,-0.592676564911043,0.0824883288137592
"14291475","2003-02-07",22.6578079769199,0,0.00189852767241735,0.0572957026523647,17.6090967419902,15.4754742580097,16.5422855,0.117014956424941,37.9129596141126,16.5208016,16.0996218440379,-0.821346643180376,-0.0982786655850679
"14291474","2003-02-10",23.1905077693669,0,1.96891114523368e-16,0.0189927539187297,17.4704978546754,15.4257754786579,16.4481366666667,0.122873007580667,37.9129596141126,16.485036,16.0318909314995,-0.992488027709926,-0.277120538010039
"14291473","2003-02-11",24.3732257326349,0,1.96891114523368e-16,0.000632842557472588,17.4084018472295,15.3102844861038,16.3593431666667,0.0608492401783739,33.0188143096368,16.4209556,15.9278614739663,-1.28674589146525,-0.479045608701081
"14291472","2003-02-12",25.9324728795758,0,1.96891114523368e-16,2.02095284951298e-16,17.3700711599226,15.1435518400774,16.2568115,-0.0134897430006602,29.6837408925848,16.337502,15.8010679441041,-1.64408617878081,-0.712053722717027
"14291471","2003-02-13",27.7287896175836,0,1.96891114523368e-16,2.02095284951298e-16,17.2995976954394,14.9830376378939,16.1413176666667,-0.0214085986672563,27.1325249979308,16.2452932,15.6595122182235,-2.03043496962112,-0.975729972097846
"14291470","2003-02-14",29.1940509963483,0.163160363231563,0.0543867877438546,0.0181289292479517,17.1529516291125,14.9182557042209,16.0356036666667,0.0998812828595311,34.5024546144699,16.1545748,15.5753292557937,-2.16646172352185,-1.21387632238265
"14291469","2003-02-18",29.2082696050134,0.287673328195504,0.150277897142356,0.0682215616287369,17.0093808970547,14.8988311029453,15.954106,0.231169889989374,39.1026696182633,16.0640428,15.5290706883546,-2.14711298227999,-1.40052365436211
"14291468","2003-02-19",28.3751611941944,0.501373682941035,0.317402458122701,0.17402238100297,16.8809199725349,14.9167663607984,15.8988431666667,0.404449173996084,46.4500118047919,16.00611,15.5374132632406,-1.92097962933924,-1.50461484935754
"14291467","2003-02-20",27.5859576492218,0.547943593695766,0.445663534944102,0.304447963403053,16.8470366268854,14.9040793731146,15.875558,0.443351987567893,47.924529737262,15.951716,15.5551981614752,-1.68115465817587,-1.5399228111212
"14291466","2003-02-21",25.772704003088,0.712326671804496,0.587214649480433,0.450093547515745,16.7192789116342,14.9585667550325,15.8389228333333,0.6293362077836,52.8588490146183,15.902724,15.6078677399452,-1.33088110521704,-1.49811446994037
"14291465","2003-02-24",24.0639866495714,0.819179790682488,0.693150018727584,0.575342734384039,16.6396759371129,14.9965670628871,15.8181215,0.745730419734716,55.7912101298855,15.8634188,15.6777320412858,-0.949050284525366,-1.38830163285737
"14291464","2003-02-25",22.3524601577891,0.81233045622688,0.781278972904622,0.687214547037546,16.6306430962346,14.9995462370988,15.8150946666667,0.731315917600735,54.9419589261503,15.8306336,15.7326931024477,-0.661056328693499,-1.2428525720246
"14291463","2003-02-26",21.176525809027,0.725493970106163,0.78566807233851,0.753365687990239,16.6035452031597,15.0066191301736,15.8050821666667,0.656019223983732,52.0052458152165,15.8036232,15.761076688788,-0.501338772704241,-1.09454981216053
"14291462","2003-02-27",19.6873714315869,0.777159707393517,0.771661377908853,0.779536141050662,16.6083573770467,15.0053776229533,15.8068675,0.722104593496899,53.7237839845273,15.8038096,15.7980944636163,-0.323558758128439,-0.940351601354108
"14291461","2003-02-28",18.5648150122523,0.811675181837339,0.77144295311234,0.776257467786568,16.6343266818767,14.9977259847899,15.8160263333333,0.780237568526279,56.0136257957444,15.7842504,15.8469418684675,-0.117513134069547,-0.775783907897196
"14291460","2003-03-03",18.1741043025349,0.839998383209631,0.809611090813496,0.784238473944896,16.7065449848434,14.9716113484899,15.8390781666667,0.885278041377,60.0360754163531,15.7825736,15.9209429526718,0.163817378402387,-0.587863650637279
"14291459","2003-03-04",17.0899711856792,0.731764373013747,0.794479312686906,0.791844452204247,16.7156082697671,14.9684463968996,15.8420273333333,0.774274910704294,55.1382167429245,15.785554,15.9565145589822,0.274426267090333,-0.415405667091757
"14291458","2003-03-05",16.0977399656355,0.788235829085047,0.786666195102808,0.79691886620107,16.7380943656724,14.9600863009943,15.8490903333333,0.808326123049718,57.1045412461424,15.7924464,16.0022459511179,0.413371199060086,-0.249650293861388
"14291457","2003-03-06",15.0363885387808,0.696969517713799,0.738989906604197,0.773378471464637,16.768485516052,14.9553088172813,15.8618971666667,0.737066157768722,54.9433679056398,15.8004564,16.0294611576355,0.470806776520449,-0.105558879785021
"14291456","2003-03-07",13.9681067121242,0.65625,0.713818448932949,0.746491516879985,16.8104985005907,14.9576924994093,15.8840955,0.724202911548823,54.9433679056398,15.8097704,16.0530476699508,0.510273281224016,0.0176075524167866
"14291455","2003-03-10",13.8008042010559,0.326444777682145,0.559888098465315,0.67089881800082,16.8311490725293,14.9749185941373,15.9030338333333,0.608215459056218,49.2185550353535,15.8120056,16.040579980624,0.412761798105343,0.096638401554498
"14291454","2003-03-11",13.8043836954788,0.226668448126127,0.403121075269424,0.558942540889229,16.8451158516504,14.9972761483496,15.921196,0.564434160488765,48.0983314298355,15.800456,16.0229439832075,0.30616204806988,0.138543130857574
"14291453","2003-03-12",14.1513936413796,0,0.184371075269424,0.382460083001388,16.8409288260836,15.0463255072498,15.9436271666667,0.468209966291007,45.6567755114265,15.7857396,15.9927567854465,0.163404537164169,0.143515412118893
"14291452","2003-03-13",13.4468651851036,0.29293236018176,0.173200269435963,0.253564139991604,16.8111718300446,15.1799335032887,15.9955526666667,0.59592344504999,51.9982961889751,15.7918868,16.0026092140536,0.184289502141954,0.151670230123506
"14291451","2003-03-14",12.7511221042947,0.570703510503314,0.287878623561691,0.215149989422359,16.7369859333898,15.3984863999435,16.0677361666667,0.731137298845447,57.1093989334187,15.8138676,16.0452986521798,0.325941514477757,0.186524486994356
"14291450","2003-03-17",12.3096945410669,0.626262078538969,0.496632649741348,0.319237180913,16.6671318941104,15.5973391058896,16.1322355,0.779690768119949,58.0710565315504,15.8451624,16.0891268318892,0.458188635863621,0.240857316768209
"14291449","2003-03-18",12.2281931080756,0.686874383194698,0.627946657412327,0.470819310238455,16.6235988509937,15.7523301490063,16.1879645,0.859638956331101,59.1472106852449,15.8786928,16.1345632543039,0.583751453212411,0.309436144057049
"14291448","2003-03-19",13.0228724693131,0.685714786541276,0.666283749424981,0.596954352192885,16.6693956271377,15.8052617061956,16.2373286666667,1.03362253483886,61.9513221322503,15.9317828,16.1938108203968,0.748356145249929,0.397220144295625
"14291447","2003-03-20",13.7607890190337,0.746943390273188,0.706510853336388,0.666913753391232,16.708940813273,15.8611858533937,16.2850633333333,1.01326545278517,63.2256672602756,15.9986576,16.2544733776772,0.902215961608466,0.498219307758193
"14291446","2003-03-21",14.8788754223397,0.802277922926193,0.744978699913553,0.705924434224974,16.8042300493189,15.8452212840145,16.3247256666667,1.05804251851317,65.5451855205564,16.0802484,16.3244329273202,1.07524613865242,0.613624673937039
"14291445","2003-03-24",14.9251547002982,0.619774657086872,0.722998656762085,0.724829403337342,16.8514297309945,15.8453682690055,16.348399,0.84486064033708,58.7087172557592,16.1413484,16.3552605370109,1.08864750506161,0.708629240161953
"14291444","2003-03-25",14.0121856456196,0.334601567602874,0.585551382538647,0.684509579738095,16.8593309054577,15.8613724278757,16.3603516666667,0.571240438953192,49.942987004952,16.1804672,16.3354071320761,0.916371913721559,0.750177774873874
"14291443","2003-03-26",13.4585335607032,0.258556499020247,0.404310907903331,0.570953649068021,16.8521276790704,15.8870483209296,16.369588,0.364645327974207,47.8895859026988,16.2013304,16.3057821811326,0.725435390382922,0.745229297975684
"14291442","2003-03-27",13.1216382713328,0.212932723709993,0.268696930111038,0.419519740184339,16.8509375485954,15.8925851180713,16.3717613333333,0.327414221812388,46.6503359792774,16.216792,16.2726565569816,0.540107261582778,0.704204890697103
"14291441","2003-03-28",12.7176581814211,0.479090463749185,0.316859895493142,0.329955911169171,16.8572940492347,15.9019072840986,16.3796006666667,0.554270516638299,54.1107265509665,16.2341164,16.2874130160507,0.548449209054502,0.673053754368583
"14291440","2003-03-31",12.1373806045747,0.384030045721751,0.35868441106031,0.314747078888163,16.8505590753986,15.9010359246014,16.3757975,0.558607488000626,51.348840117329,16.2395184,16.284677947244,0.491673845095875,0.636777772514041
"14291439","2003-04-01",11.5985514260744,0.444439834024895,0.435853447831944,0.370465918128465,16.8705514226842,15.9066572439825,16.3886043333333,0.695833046307613,55.9053680735842,16.255352,16.3114915542781,0.548702823639324,0.619162782739098
"14291438","2003-04-02",11.4989060701967,0.507240663900417,0.445236847882355,0.413258235591536,16.8972561683733,15.90572116496,16.4014886666667,0.755658817685742,57.1021027228748,16.279382,16.3428020137077,0.616478013939159,0.61862582897911
"14291437","2003-04-03",10.8335677125879,0.275352697095438,0.409011065006917,0.430033786907072,16.9013412357315,15.9148304309351,16.4080858333333,0.515810774625242,51.5398258396962,16.2907448,16.34013241188,0.553315655493081,0.605563794281904
"14291436","2003-04-04",10.4171026318756,0.270529045643154,0.351040802213003,0.401762905034092,16.9077519547024,15.9251850452976,16.4164685,0.551584103686168,51.4276035360108,16.296892,16.3371987569627,0.495260666536534,0.58350316873283
"14291435","2003-04-07",11.0864162087614,0.457779007844857,0.334553583527816,0.364868483582579,16.9345797293527,15.960605937314,16.4475928333333,0.786250515443979,56.2558960012942,16.3022944,16.3638402560343,0.55090193888605,0.576982922763474
"14291434","2003-04-08",11.478483935293,0.404439693840545,0.377582582442852,0.354392322727891,16.925602438987,16.0222072276797,16.4739048333333,0.60249685354506,54.7590649824613,16.31403,16.3794775552297,0.560824015896322,0.573751141390044
"14291433","2003-04-09",12.1933930166875,0.45333167910519,0.438516793596864,0.383550986522511,16.8789591525641,16.1442941807693,16.5116266666667,0.676116558750009,55.9169132616222,16.323344,16.3998605478658,0.587041142325351,0.576409141577105
"14291432","2003-04-10",12.8572371636966,0.506661449485597,0.454810940810444,0.423636772283387,16.8692300004576,16.2041636662091,16.5366968333333,0.675521088131125,57.2035172262793,16.3386188,16.424976474817,0.627900355865774,0.586707384434839
"14291431","2003-04-11",12.5747856269825,0.31111259567483,0.423701908088539,0.439009880831949,16.8676988185776,16.2174931814224,16.542596,0.426947213898131,51.2920755834494,16.3456976,16.4194236115081,0.553164203346301,0.579998748217131
"14291430","2003-04-14",12.3125092000336,0.37777480865034,0.398516284603589,0.425676377834191,16.8683384890441,16.2257018442892,16.5470201666667,0.457845281796837,53.0724355659687,16.3654432,16.423924463307,0.522240138801089,0.568447026333923
"14291429","2003-04-15",13.1627188998897,0.520003435704604,0.402963613343258,0.408393935345129,16.8892520527341,16.2280732805992,16.5586626666667,0.765425944383165,56.7082778600077,16.3931992,16.4476958681994,0.564346851839326,0.567626991435004
"14291428","2003-04-16",13.9521993354703,0.577780163672368,0.491852802675771,0.43111090020754,16.9119501495354,16.2187251837979,16.5653376666667,0.884597131538223,60.0420489356729,16.4313868,16.4881670857728,0.662849167122226,0.586671426572448
"14291427","2003-04-17",14.6387563698754,0.566661894877484,0.554815164751486,0.483210526923505,16.9283112972506,16.2122983694161,16.5703048333333,0.848073557024174,59.7322387153205,16.4583972,16.5219994743364,0.72756571775805,0.614850284809568
"14291426","2003-04-21",15.2762736161087,0.627218784544424,0.590553614364759,0.545740527264005,16.9296352397725,16.2115954268942,16.5706153333333,0.911520356810776,61.3424110221663,16.4779568,16.5606355444249,0.803310217211073,0.652542271289869
"14291425","2003-04-22",14.8064121093402,0.360951933217284,0.518277537546398,0.554548772220881,16.9350919453005,16.2103297213662,16.5727108333333,0.727038829056823,54.3249688075875,16.4870848,16.5661788051683,0.752372575757154,0.672508332183326
"14291424","2003-04-23",14.7083985797947,0.508875138177706,0.499015285313138,0.535948812408098,16.9680350499688,16.2186789500312,16.593357,0.834971584298685,57.2508038981657,16.498634,16.5865056311458,0.759855134986398,0.689977692743941
"14291423","2003-04-24",15.5048287893239,0.696425318979647,0.522084130124879,0.513125650994805,17.0499792438414,16.2278567561586,16.638918,1.12188056847954,64.1716496544008,16.517262,16.647587546993,0.913208006465949,0.734623755488342
"14291422","2003-04-25",16.1959003345946,0.666666666666665,0.623989041274673,0.54836281890423,17.1018260186092,16.2694603147242,16.6856431666667,1.04690323961604,63.8537080024492,16.5327232,16.6992838740606,1.01762124232947,0.791223252856568
"14291421","2003-04-28",17.0176231480243,0.690905186717943,0.684665724121419,0.61024629850699,17.1785228729521,16.2692934603812,16.7239081666667,1.02004678554816,64.9753879498996,16.545204,16.7515380241859,1.1137444273396,0.855727487753175
"14291420","2003-04-29",16.6885269889704,0.486354851933552,0.614642235106054,0.641099000167382,17.2102463927325,16.2996629406008,16.7549546666667,0.826627943110259,57.7388516528618,16.5582432,16.7688822876278,1.07619016744109,0.899820023690759
"14291419","2003-04-30",15.5270676333883,0.281814277627031,0.486358105426175,0.595222021551216,17.2126913485135,16.3167776514865,16.7647345,0.509184850461201,51.5555396578616,16.5768712,16.7559726492774,0.934808444218871,0.906817707796381
"14291418","2003-05-01",15.3037011315412,0.0545415503543039,0.274236893304962,0.458412411279064,17.213815229921,16.3080474367456,16.7609313333333,0.299052986091225,45.6993446936498,16.5899108,16.7137376293737,0.70242966365861,0.865940098968827
"14291417","2003-05-02",15.3601405024954,0,0.112118609327112,0.290904536019417,17.2129096304605,16.3098847028728,16.7613971666667,0.136336543284683,43.8745179642915,16.6020188,16.6665779454572,0.474266304599569,0.787605340094975
"14291416","2003-05-05",14.8338645039422,0.319994655621619,0.124845401991974,0.170400301541349,17.2095505547235,16.3473947786098,16.7784726666667,0.535017647046058,52.5215283974644,16.6144992,16.6704128860629,0.450479019863326,0.720180076048646
"14291415","2003-05-06",14.6042304484653,0.519998473034749,0.279997709552123,0.172320573623736,17.2297051175876,16.3522325490791,16.7909688333333,0.711229205316789,56.9825172273463,16.6400196,16.7016791679212,0.526871045194288,0.681518269877774
"14291414","2003-05-07",14.5647664665228,0.564442705400685,0.468145278019018,0.290996129854372,17.2513771950669,16.3765098049331,16.8139435,0.742379400266477,57.9285020933869,16.6586476,16.7349859455317,0.602663347542909,0.665747285410801
"14291413","2003-05-08",14.6324345439908,0.675558058081942,0.586666412172459,0.4449364665812,17.28615833769,16.3890749956433,16.8376166666667,0.808622384368797,60.2802411976939,16.6795112,16.7793758194608,0.710243303600677,0.674646489048776
"14291412","2003-05-09",14.6952691873539,0.715555004151436,0.651851922544688,0.568887870912055,17.3209714514899,16.4031605485101,16.862066,0.805455803321242,61.1226734872307,16.7109928,16.8234350435327,0.805819181418621,0.700881027522745
"14291411","2003-05-12",15.1800286114264,0.711107717854997,0.700740260029459,0.646419531582202,17.3428311754931,16.4499134911735,16.8963723333333,0.819011488967267,60.9678338638295,16.742474,16.8609983710617,0.868836372339565,0.734472096486109
"14291410","2003-05-13",15.8136492370587,0.866667302902191,0.764443341636208,0.705678508070118,17.3816023824855,16.4900012841812,16.9358018333333,0.918032422094978,64.3680442950552,16.77172,16.9152865882535,0.984784601447264,0.78453459747834
"14291409","2003-05-14",15.6194045216918,0.720002290447879,0.765925770401689,0.743703124022452,17.4104356658171,16.5086693341829,16.9595525,0.77680951399866,59.1373489669655,16.7970544,16.9418457098197,0.991458306401549,0.825919339262982
"14291408","2003-05-15",17.4723786108045,0.349489195037111,0.645386262795727,0.725251791611208,17.4720177514263,16.5032819152404,16.9876498333333,0.919357701200395,55.460267123715,16.8156824,16.9493396151771,0.930459497159175,0.846827370842221
"14291407","2003-05-16",19.51463857799,0.856483184380312,0.641991556621767,0.684434529939728,17.758855101118,16.352428898882,17.055642,1.29899772312744,72.5749878722119,16.8754784,17.1005116664868,1.37972421883699,0.953406740441174
"14291406","2003-05-19",21.3464936561727,0.849539223190941,0.685170534202788,0.657516117873427,17.9603520959249,16.2785335707417,17.1194428333333,1.10807819116826,72.1903776226356,16.9429116,17.2296647776219,1.70479597458308,1.10368458726956
"14291405","2003-05-20",23.0475019430566,0.861115805588968,0.855712737720074,0.72762494284821,18.1241772992962,16.2564363673705,17.1903068333333,1.01625637698721,72.4524819097056,17.0084824,17.3447028072723,1.94714515511765,1.27237670083917
"14291404","2003-05-21",24.384863172804,0.837967611416528,0.849540880065479,0.79680805066278,18.2500567030542,16.2552096302791,17.2526331666667,0.92021441715522,71.0112703152318,17.0662292,17.438193099636,2.09064986702407,1.43603133407615
"14291403","2003-05-22",25.8068222572971,0.852778374251424,0.85062059708564,0.851958071623731,18.3766561437893,16.2307531895441,17.3037046666667,0.904447615683821,72.029756083684,17.1211816,17.5297726863512,2.21313303655037,1.591451674571
"14291402","2003-05-23",28.3735229104874,0.641024464551177,0.77725681673971,0.82580609796361,18.5759544798702,16.1736485201298,17.3748015,0.994525615488936,74.2111602235088,17.1835856,17.6327376615044,2.36174629682881,1.74551059902256
"14291401","2003-05-27",31.0002062335328,0.756383916706393,0.750062251836332,0.792646555220561,18.8381027240693,16.0855162759307,17.4618095,1.0358961572297,78.6863178053586,17.2608916,17.7809619733038,2.6469116937341,1.92579081796487
"14291400","2003-05-28",33.4392693192177,0.825650647204627,0.741019676154067,0.756112914910036,19.0715818542364,16.0456134790969,17.5585976666667,0.972424743456701,80.1323974807046,17.3534724,17.9323977101966,2.91179916652129,2.12299248767615
"14291399","2003-05-29",33.5713863488007,0.607214782429084,0.729749782113369,0.740277236701256,19.1892300031279,16.1144003302055,17.6518151666667,0.820504961736639,65.9391587249405,17.421092,17.9959606821704,2.85752185175785,2.26989836049249
"14291398","2003-05-30",33.6940664476992,0.661323499036078,0.698062976223264,0.722944144830233,19.2659371106589,16.2432222226745,17.7545796666667,0.791006716124617,67.4759198463156,17.4807016,18.0678139245477,2.83667356504995,2.38325340140399
"14291397","2003-06-02",34.3496172574922,0.769540932250069,0.679359737905077,0.70239083208057,19.3412888803237,16.415467786343,17.8783783333333,0.852241291212323,70.356591820607,17.5507428,18.1636174012747,2.89680874234555,2.4859644695923
"14291396","2003-06-03",35.5017586928941,0.82083945072977,0.750567960671973,0.709330224933438,19.4911503967922,16.5088569365412,18.0000036666667,0.916178471326181,73.4094697249347,17.6306568,18.2870070811047,3.04038515530678,2.59684860673519
"14291395","2003-06-04",36.7052531280105,0.877192982456141,0.822524455145327,0.750817384574126,19.6609456343457,16.5849513656543,18.1229485,0.926614849933268,75.5382146000036,17.728454,18.4256128036241,3.21728165140422,2.720935215669
"14291394","2003-06-05",37.8287983209455,0.867046893230395,0.855026442138769,0.809372952652023,19.8126373626893,16.6820983039774,18.2473678333333,0.904726516074206,76.5300490258431,17.8392904,18.5612604298075,3.36483377143162,2.84971492682152
"14291393","2003-06-06",38.2659048158328,0.777455750564755,0.840565208750431,0.839372035344843,19.9132441675436,16.8101501657898,18.3616971666667,0.834945111581938,72.599196056219,17.9536664,18.6595737058332,3.37662160031011,2.95509626151924
"14291392","2003-06-09",38.5928432761996,0.76589380135541,0.803465481716854,0.833019044202018,19.9726923884482,16.9705122782184,18.4716023333333,0.789428893258556,72.0846217502655,18.070464,18.7422945450554,3.33715274075477,3.03150755736635
"14291391","2003-06-10",39.4189012388774,0.775998213437016,0.773115921785728,0.805715537417671,20.0346858713377,17.1435421286623,18.589114,0.82594113283163,73.4040217954524,18.1786928,18.830129939048,3.31758078044671,3.08872220198242
"14291390","2003-06-11",40.5462153358087,0.718750645221232,0.753547553337887,0.776709652280156,20.1054128586887,17.3118744746447,18.7086436666667,0.854557385831528,74.6450261714771,18.283196,18.921777947175,3.31144517241064,3.13326679606806
"14291389","2003-06-12",41.6403848510601,0.841967067200712,0.778905308619654,0.768522927914423,20.1540710004994,17.5333216661672,18.8436963333333,0.906954982694584,77.5347889220121,18.397758,19.0409448875516,3.3913694945781,3.18488733577007
"14291388","2003-06-13",42.9106164858079,0.845209454468714,0.801975722296887,0.778142861418143,20.2216819634093,17.7372137032573,18.9794478333333,0.954615923837257,79.2095108560697,18.5154868,19.1703029025448,3.49328400664912,3.24656666994588
"14291387","2003-06-16",44.13517309784,0.87710719940393,0.854761240357786,0.811880757091443,20.3699528322667,17.7893495010667,19.0796511666667,0.927725105981351,79.9750301521636,18.6352648,19.2948318488721,3.56804334803351,3.31086200556341
"14291386","2003-06-17",45.3421449741604,0.864166675048025,0.862161109640224,0.839632690764966,20.489176877805,17.877672122195,19.1834245,0.896002406063051,80.1715523335618,18.7561604,19.4058609356892,3.59209225820081,3.36710805609089
"14291385","2003-06-18",46.5801199898169,0.80952380952381,0.850265894658589,0.855729414885533,20.5816399259686,17.9939977406981,19.2878188333333,0.868910291680664,79.8341254616114,18.8701636,19.5008448109306,3.56342773008949,3.40637199089061
"14291384","2003-06-19",47.9205139023646,0.760001073652566,0.811230519408134,0.841219174568983,20.6508183177783,18.150839015555,19.4008286666667,0.880109013631263,80.6248739638384,18.9936672,19.5943415028065,3.53223823094935,3.43154523890236
"14291383","2003-06-20",48.9806492952042,0.692538939811551,0.75402127432931,0.805172562798678,20.683434606051,18.3326007272824,19.5080176666667,0.843440827795221,79.3222497181494,19.120524,19.6710253024323,3.45232006897032,3.43570020491595
"14291382","2003-06-23",48.5858595320174,0.459179350842854,0.637239788102324,0.734163860613256,20.6906438506729,18.4702238159937,19.5804338333333,0.693969080897595,69.6300670157079,19.1935456,19.702711262108,3.24374082601857,3.39730832913647
"14291381","2003-06-24",47.7295946419605,0.384352449677175,0.512023580110527,0.63442821418072,20.7128763829775,18.5507559503558,19.6318161666667,0.653895451418739,66.2077183747022,19.263028,19.7165124271603,3.00168668172696,3.31818399965457
"14291380","2003-06-25",46.9344915297649,0.462582897543019,0.435371566021017,0.528211644744623,20.7318508134728,18.6323728531938,19.6821118333333,0.648580507107846,67.9796859233932,19.3358632,19.7427547702056,2.82095871831345,3.21873894338635
"14291379","2003-06-26",45.7281391712638,0.394555786029391,0.413830377749862,0.453741841293802,20.6819022726219,18.8086813940448,19.7452918333333,0.583076962134977,64.7977664677235,19.4068356,19.7530794675115,2.6094190411273,3.09687496293454
"14291378","2003-06-27",44.5602352006097,0.328360361515288,0.395166348362567,0.414789430711149,20.5936250459766,19.0209902873567,19.8073076666667,0.542742918933694,64.4729145295455,19.4742692,19.7607862051766,2.41014057707967,2.95952808576356
"14291377","2003-06-30",43.6767934787254,0.329218397914549,0.350711515153077,0.386569413755169,20.5303209993784,19.1884560006216,19.8593885,0.567966226173646,66.0324158034481,19.5377908,19.7780213778198,2.25841363491646,2.81930519559414
"14291376","2003-07-01",41.8219322370722,0,0.219192919809946,0.32169026110853,20.4967028636022,19.2781138030645,19.8874083333333,0.429556509699189,58.980151214752,19.575606,19.7662585274438,2.03297513327456,2.66203918313023
"14291375","2003-07-02",39.8315096558699,0,0.109739465971517,0.22654796697818,20.4803963435379,19.3291923231287,19.9047943333333,0.394144740776108,57.1457201758718,19.6042932,19.7486120571179,1.81070502908995,2.49177235232217
"14291374","2003-07-03",37.9140001159955,0,5.73615229389664e-16,0.109644128593821,20.4702803900502,19.3563839432831,19.9133321666667,0.295137599493839,56.6712539421043,19.652726,19.7314557828356,1.61036304301287,2.31549049046031
"14291373","2003-07-07",36.1334555432551,0.0362028760202097,0.0120676253400705,0.0406023637705293,20.4436372057832,19.4137634608835,19.9287003333333,0.286115853756315,57.6804913619876,19.6976196,19.7215550117908,1.450187230069,2.14242983838205
"14291372","2003-07-08",33.8442132032898,0,0.0120676253400705,0.00804508356004707,20.4040740523361,19.4829766143305,19.9435253333333,0.167238968770776,53.3331040830468,19.7276108,19.696830343552,1.25918425566207,1.96578072183805
"14291371","2003-07-09",32.2489720839161,0,0.0120676253400705,0.0120676253400704,20.4244514031141,19.4490942635525,19.9367728333333,-0.0540187739944669,45.6391036265949,19.7354348,19.6418716310784,0.993130050321955,1.77125058753483
"14291370","2003-07-10",31.7956505829332,0,5.73615229389664e-16,0.00804508356004707,20.5083053546124,19.3057853120543,19.9070453333333,-0.167333575823766,38.4488152532326,19.72165,19.5538794136013,0.649697161573748,1.54693990234262
"14291369","2003-07-11",31.1849233945584,0.0788578465327488,0.0262859488442502,0.012784524728107,20.5493577739763,19.192239559357,19.8707986666667,-0.00512082092933201,41.7915906776418,19.7073068,19.4912808251211,0.414455040917239,1.32044293005754
"14291368","2003-07-14",29.8842686924966,0.265235126606636,0.114697657713129,0.0469945355191264,20.5344824547184,19.135862878615,19.8351726666667,0.186286387308814,48.8606085459757,19.7084244,19.469316715105,0.324486230247589,1.12125159009555
"14291367","2003-07-15",29.413949888479,0.103172371481891,0.149088448207092,0.0966906849214903,20.5167097552715,19.0564589113951,19.7865843333333,0.106292985612097,43.5971741903143,19.7013456,19.4204758197576,0.158405260429939,0.928682324162429
"14291366","2003-07-16",29.7532345929155,0,0.122802499362843,0.128862868427688,20.5085717556049,18.9391685777285,19.7238701666667,0.015378301729646,37.915816876911,19.6778744,19.3396497104566,-0.0929316514874157,0.72435952903246
"14291365","2003-07-17",30.3097454970785,0,0.0343907904939642,0.102093912687966,20.4898967868073,18.8173575465261,19.6536271666667,0.0120828974614721,36.1173029293881,19.645648,19.2559404157291,-0.33212298540144,0.51306302614568
"14291364","2003-07-18",29.8481320163467,0.217682503743198,0.0725608345810667,0.0765847081459577,20.3955462231027,18.7870551102306,19.5913006666667,0.19739507452781,44.3824820855597,19.6134216,19.2231310269652,-0.392648594642786,0.331920701987987
"14291363","2003-07-21",29.5740543330818,0.176868860241757,0.131517121328319,0.0794895821344498,20.2915395480761,18.7659434519239,19.5287415,0.195506015973075,43.2525628543049,19.571136,19.1872455567032,-0.459009525534837,0.173734656483422
"14291362","2003-07-22",29.4509808239511,0.142855056056677,0.179135473347211,0.127737809752199,20.2381557600531,18.7213752399469,19.4797655,0.204532839529119,42.2863549440683,19.523262,19.1499354824761,-0.525387426632673,0.0339102398602031
"14291361","2003-07-23",29.3366982797584,0.247934764283624,0.18921956019402,0.166624051623183,20.1787829555009,18.6921103778325,19.4354466666667,0.259687054141412,44.6818977046845,19.47781,19.1287774181459,-0.536597845242359,-0.0801913771603094
"14291360","2003-07-24",29.0752465643123,0.318183834816635,0.236324551718979,0.201559861753403,20.1000600158407,18.6854553174926,19.3927576666667,0.32151597995668,46.9225839961257,19.4358972,19.1209964290598,-0.506258545520588,-0.165404810832365
"14291359","2003-07-25",29.2779589473706,0.19420757948163,0.253442059527297,0.226328723813432,20.0327844260011,18.6657999073322,19.3492921666667,0.267598806720444,43.568535330631,19.3850424,19.0956235718518,-0.535136558699201,-0.239351160405732
"14291358","2003-07-28",29.4661918744961,0.241017057404943,0.251136157234403,0.24696758949356,19.9596876544433,18.6530520122234,19.3063698333333,0.277834138337041,43.568535330631,19.3354916,19.0736337622716,-0.551776189138775,-0.301836166152341
"14291357","2003-07-29",30.1112371133623,0.0790862439190104,0.171436960268528,0.22533839234341,19.8609088028061,18.6436328638606,19.2522708333333,0.184820161921788,39.9277857559575,19.2902256,19.0340852606354,-0.623057949934247,-0.366080522908722
"14291356","2003-07-30",31.113114876587,0,0.106701100441318,0.17642473931475,19.7937646397802,18.6028896935531,19.1983271666667,0.100601360503723,36.7232111455478,19.2430968,18.9799405592173,-0.734754212170419,-0.439815260761061
"14291355","2003-07-31",32.5489533752811,0,0.0263620813063373,0.101500047338728,19.740339589256,18.5279370774107,19.1341383333333,-0.0237383298556428,32.5862981089055,19.1829284,18.9038311513217,-0.906822276627961,-0.533216663934441
"14291354","2003-08-01",34.2848340531893,0,5.31981865966221e-16,0.0443543939158853,19.7197670250265,18.4091106416401,19.0644388333333,-0.0900037389423685,29.1952431284257,19.1181032,18.8099283311455,-1.12125172694337,-0.650823676536228
"14291353","2003-08-04",35.9304417311736,0,5.31981865966221e-16,0.00878736043544603,19.6639377711894,18.3216595621439,18.9927986666667,-0.034297084241095,28.9072410661148,19.0529052,18.7260618869927,-1.28596769893605,-0.777852481016193
"14291352","2003-08-05",37.7940742587124,0,5.31981865966221e-16,4.32524386676884e-16,19.6203351570568,18.2143748429432,18.917355,-0.0613304482430841,26.0065172758696,18.9767164,18.6272976353937,-1.48553756093108,-0.919389496999171
"14291351","2003-08-06",39.6276996147121,0,5.31981865966221e-16,4.32524386676884e-16,19.6240952336288,18.0687317663712,18.8464135,-0.0586069440510033,25.1024260731402,18.90593,18.5330099506745,-1.65490171700683,-1.0664919410007
"14291350","2003-08-07",40.0262184973263,0,5.31981865966221e-16,4.32524386676884e-16,19.6365572090266,17.9493141243067,18.7929356666667,0.0507884981932936,24.9024934083971,18.83682,18.4494299572513,-1.77652917343492,-1.20849938748754
"14291349","2003-08-08",40.141578610924,0.203396369247792,0.0677987897492646,0.0225995965830884,19.6022208305169,17.8886478361498,18.7454343333333,0.202276470464305,35.893137029896,18.779446,18.4142512962844,-1.73159873184271,-1.31311925635858
"14291348","2003-08-11",40.5233177896347,0.122039277343467,0.108478548863754,0.0587591128710061,19.5216482249663,17.8458101083671,18.6837291666667,0.188856681222,33.7645312525341,18.7161108,18.3688604567798,-1.72560597355736,-1.39561659979834
"14291347","2003-08-12",39.7544839765289,0.230510547233263,0.185315397941508,0.120530912184842,19.4543959910328,17.8244243423006,18.6394101666667,0.307286934360076,38.9619583056441,18.6635796,18.3493910625425,-1.63684369817105,-1.44386201947288
"14291346","2003-08-13",38.7351388778851,0.329824825767565,0.227458216781432,0.173750721195565,19.4184200615538,17.8065342717796,18.6124771666667,0.383469514698276,42.8836273788886,18.6259508,18.3486615875369,-1.4960483602541,-1.45429928762912
"14291345","2003-08-14",38.000197259441,0.290907955148827,0.283747776049886,0.232173796924275,19.3947877972643,17.7818885360691,18.5883381666667,0.355197714067438,41.3432236701031,18.5978224,18.3393360425319,-1.39705684858489,-1.44285079982028
"14291344","2003-08-15",36.9154067796838,0.390248160400827,0.33699364710574,0.282733213312353,19.3275694702097,17.7814255297903,18.5544975,0.418023479776647,43.8268253483957,18.5685764,18.3411899035277,-1.27117365040875,-1.40851536993797
"14291343","2003-08-18",35.9081013341949,0.458336647049467,0.379830920866374,0.333524114674,19.2610048889968,17.7851207776699,18.5230628333333,0.440679963062076,44.3029320884382,18.5302028,18.344659249724,-1.15196381453367,-1.35720505885711
"14291342","2003-08-19",35.0282631911912,0.578317616774677,0.475634141408324,0.397486236460146,19.1927790407682,17.7900116258984,18.4913953333333,0.433603628314022,43.9022071245261,18.500212,18.3458033497608,-1.05149522948661,-1.29606309298301
"14291341","2003-08-20",33.7286007329143,0.691777094700926,0.576143786175024,0.477202949483241,19.1071380732575,17.8116959267426,18.459417,0.483940875536093,44.7982687528393,18.4827016,18.349898903126,-0.95066411867879,-1.22698329812217
"14291340","2003-08-21",32.4911523261253,0.773976732898978,0.681357148124861,0.577711691902736,18.994166145734,17.8583831875993,18.4262746666667,0.545036773649078,46.9875705327485,18.4715248,18.3609003827092,-0.836525293757806,-1.1488916972493
"14291339","2003-08-22",32.7619026193369,0.232876913799949,0.566210247133285,0.60790372714439,18.8869443783245,17.8837972883422,18.3853708333333,0.32869494575347,36.6759583905253,18.43371,18.3213803316813,-0.897550406685799,-1.0986234391366
"14291338","2003-08-25",33.1562051307442,0.16438456899975,0.390412738566226,0.545993377941457,18.7639120955511,17.9149315711156,18.3394218333333,0.214573154084446,35.6106560475147,18.3962676,18.2809202874571,-0.955829246734208,-1.07006460065612
"14291337","2003-08-26",33.075918817962,0.335622784698427,0.244294755832709,0.400305913844073,18.6576008845234,17.9540271154766,18.305814,0.344564036526208,40.2809841889252,18.3653452,18.2613789157962,-0.940078436970249,-1.04406736791894
"14291336","2003-08-27",32.6540377115477,0.336067304984514,0.278691552894231,0.304466349097722,18.5782173720837,17.987461294583,18.2828393333333,0.466755596630633,43.124109203236,18.33405,18.2543777270234,-0.884563928760218,-1.0121666800872
"14291335","2003-08-28",32.5958591456363,0.180336524922559,0.284008871535167,0.268998393420702,18.5478425175632,17.9884971491035,18.2681698333333,0.38843535642654,40.6492468365042,18.2960488,18.2365126967536,-0.869720085269776,-0.983677361123715
"14291334","2003-08-29",31.8445642588647,0.221310898338497,0.245904909415191,0.26953511128153,18.5459035215374,17.9868654784626,18.2663845,0.480422620364424,41.5989203720682,18.2645676,18.2241336705198,-0.838087668103027,-0.954559422519577
"14291333","2003-09-02",30.558155832276,0.429911699779251,0.277186374346769,0.269033385099042,18.6070444846443,17.9617385153557,18.2843915,1.0445042352865,52.2892846634464,18.2451948,18.2537665144505,-0.671352783008261,-0.897918094617314
"14291332","2003-09-03",29.7153534839014,0.872882281222135,0.508034959779961,0.343708747847307,18.7770152413141,17.8813380920193,18.3291766666667,1.27558452158823,64.5467006930885,18.2532052,18.3502349791904,-0.301963757138057,-0.778727227121463
"14291331","2003-09-04",29.1664134203568,0.820721869091718,0.707838616697702,0.497686650274811,18.8998466474194,17.8654623525806,18.3826545,1.14239068269771,64.5467006930885,18.2671764,18.433840981965,-0.0103844639969375,-0.625058674496558
"14291330","2003-09-05",28.0911110228992,0.725102873617302,0.806235674643719,0.67403641704046,18.9709147659741,17.8839642340259,18.4274395,0.963008344790625,60.7367740625592,18.285432,18.4913968510364,0.169045640012389,-0.466237811594769
"14291329","2003-09-08",26.6229628176123,0.641435183204867,0.729086641971296,0.747720311104239,19.029471577935,17.8898287553983,18.4596501666667,0.868384279440727,57.5365201075252,18.308158,18.5282386042315,0.26517552725156,-0.319955143825503
"14291328","2003-09-09",25.0392329918768,0.601594648005405,0.656044234942525,0.730455517185847,19.0616723630409,17.9208076369591,18.49124,0.765465302832299,56.0227863598594,18.3297664,18.553958790334,0.317269406668452,-0.192510233726712
"14291327","2003-09-10",23.5270587110238,0.490037727455493,0.577689186221922,0.654273354378581,19.0767016038657,17.9383773961343,18.5075395,0.626276707775384,51.9049356671252,18.3539828,18.5588629516228,0.29839979111963,-0.0943282287574435
"14291326","2003-09-11",21.9168576895993,0.589643342943427,0.560425239468109,0.598052886877519,19.1015850505952,17.9464036160714,18.5239943333333,0.698882755384118,55.0797616910081,18.385464,18.5786372247397,0.330179380687201,-0.00942670686851454
"14291325","2003-09-12",21.0499462767626,0.521913577606488,0.53386488266847,0.5573264361195,19.1237635630349,17.9636547702984,18.5437091666667,0.677030092309044,52.5400169988552,18.4143376,18.5852189281078,0.317306948334917,0.0559200241721717
"14291324","2003-09-15",20.2647528841891,0.572047447137701,0.561201455895873,0.551830526010817,19.1526690641269,17.9738676025398,18.5632683333333,0.716885547169046,55.4056083249236,18.436132,18.6045830710267,0.347507767059518,0.114237572749641
"14291323","2003-09-16",19.9721265741326,0.655023676684328,0.582994900476173,0.559353746346838,19.1922344289471,17.9819589043862,18.5870966666667,0.768520123507619,57.7769968343696,18.4659368,18.6331639948898,0.405007141217806,0.172391486443274
"14291322","2003-09-17",19.9116919606957,0.716151718317782,0.647740947379938,0.597312434583994,19.2366891785527,17.9949398214473,18.6158145,0.787335629603279,59.4862121892169,18.4923884,18.6666261289045,0.473137175331262,0.232540624220872
"14291321","2003-09-18",20.0855657861145,0.842107741570919,0.737761045524344,0.656165631126818,19.2970976686787,18.0000403313213,18.648569,0.843187861101199,63.2620386976591,18.5201444,18.7161186450506,0.586399695316242,0.303312438439946
"14291320","2003-09-19",20.9253363593051,0.801979356018326,0.78674627196901,0.724082754957764,19.3835748888907,17.9921107777759,18.6878428333333,0.9132772778015,66.7962782311161,18.557028,18.7807441590438,0.737213265530001,0.390092603857957
"14291319","2003-09-22",20.6092082162949,0.538017203490925,0.727368100360057,0.75062513928447,19.417673785942,18.0488235473913,18.7332486666667,0.783737881419278,59.8831735794341,18.583666,18.812536937838,0.769379214495203,0.465949925985406
"14291318","2003-09-23",20.4099567567142,0.660827525585485,0.666941361698246,0.727018578009104,19.4346725234557,18.1415751432109,18.7881238333333,0.814345621768284,62.1545761187721,18.6136572,18.8531306794596,0.826953882695136,0.538150717327352
"14291317","2003-09-24",19.3057146298117,0.450291957054058,0.549712228710157,0.648007230256153,19.4297563616397,18.234663305027,18.8322098333333,0.705811169798888,56.2723970265632,18.6375008,18.8659572555317,0.791549962196347,0.588830566301151
"14291316","2003-09-25",18.1600797591021,0.298248257675645,0.46978924677173,0.562147612393377,19.4018733409901,18.3263473256766,18.8641103333333,0.534494439128793,52.4145530881282,18.65557,18.8609296214608,0.703606318298888,0.611785716700699
"14291315","2003-09-26",17.099932938755,0.198832171783762,0.315790795504489,0.445097423662125,19.3428490330876,18.4528979669124,18.8978735,0.481073678497409,50.0007667747251,18.6682368,18.8460163385993,0.593218679109198,0.608072309182398
"14291314","2003-09-29",16.675755657842,0.450291957054058,0.315790795504489,0.36712361259357,19.2756689548213,18.600178378512,18.9379236666667,0.675457172643657,55.5736977431293,18.70363,18.8597914934528,0.584689127225246,0.603395672790968
"14291313","2003-09-30",15.8220099934334,0.306748870357927,0.31862433306525,0.316735308024743,19.2628535375965,18.6466791290702,18.9547663333333,0.528969611665674,52.7746950005968,18.7373468,18.8599326276591,0.533899613817423,0.589496460996259
"14291312","2003-10-01",15.1174627958354,0.496937122080387,0.417992649830792,0.350802592800177,19.2685054738055,18.6461495261946,18.9573275,0.689193714280923,56.6143862231934,18.7721812,18.8793042773045,0.549032070481537,0.581403582893315
"14291311","2003-10-02",15.7051790777398,0.550302398861558,0.451329463766625,0.395982148887555,19.309182318481,18.6289130148523,18.9690476666667,0.95936072425007,60.4157730466609,18.8103688,18.9172050403306,0.621315827738478,0.589386031862347
"14291310","2003-10-03",16.8217788496473,0.812814030485417,0.620017850475788,0.496446654691068,19.4314772876815,18.5711950456518,19.0013361666667,1.16854861335168,67.3104861575214,18.8662528,18.9972430349532,0.81926895440505,0.635362616370888
"14291309","2003-10-06",17.695208108139,0.783259464548274,0.715458631298417,0.595601981846943,19.51927165528,18.5492200113867,19.0342458333333,1.0189663559006,66.328316049266,18.920088,19.0628839636261,0.952236099034254,0.698737312903561
"14291308","2003-10-07",16.9892562865586,0.472904788601288,0.689659427878327,0.67504530321751,19.5472245864837,18.5735804135163,19.0604025,0.763783053875408,56.93346326686,18.9500788,19.0806527684759,0.922382633541163,0.743466377031082
"14291307","2003-10-08",16.0314476434069,0.266012249172282,0.507392167440615,0.637503408872453,19.531727590897,18.6333190757697,19.0825233333333,0.512440517290819,51.6784731675553,18.95101,19.0699737326791,0.806709164119823,0.75611493444883
"14291306","2003-10-09",15.6915182547676,0.108380845594847,0.282432627789473,0.493161407702805,19.520527827613,18.6637678390537,19.0921478333333,0.329686452119779,48.0402280480787,18.9459804,19.0408492349886,0.644538475014955,0.733799642562055
"14291305","2003-10-10",15.8190352086601,0,0.124797698255711,0.304874164495266,19.5182251797242,18.6682434869425,19.0932343333333,0.120673006562246,45.0513525089011,18.9402056,18.9982213369901,0.455359278732681,0.67811156979618
"14291304","2003-10-13",16.1068203343917,0,0.0361269485316163,0.147785758192266,19.5276681166728,18.6491762166606,19.0884221666667,0.0836817998417776,43.8958842485991,18.9362936,18.9544464920581,0.280202387119788,0.598529733260902
"14291303","2003-10-14",15.7078411526036,0,6.33752309890193e-16,0.0536415489291087,19.5436463974032,18.6114652692634,19.0775558333333,0.0893475115035867,41.4012311439922,18.929774,18.9016069597837,0.0923850813695282,0.497300802882627
"14291302","2003-10-15",15.3153537745998,0.0655724720584354,0.0218574906861458,0.0193281464059205,19.5525498890237,18.5798984443096,19.0662241666667,0.17075135866292,43.6985373828996,18.9314508,18.8657473651459,-0.0246482985917562,0.39291098258775
"14291301","2003-10-16",14.5903272622237,0.24180234093109,0.102458270996509,0.0414385872275514,19.5479226477533,18.5655870189133,19.0567548333333,0.344820688376456,49.4359359169018,18.9364804,18.8613690497931,-0.0314232793627967,0.308044130197641
"14291300","2003-10-17",13.649120056601,0.311475842647187,0.206283551878905,0.110199771187186,19.5253398035681,18.5594518630986,19.0423958333333,0.430972841458613,51.5385731073116,18.9478436,18.8681305098207,-0.0028771309270148,0.24585987797271
"14291299","2003-10-20",12.7751419370942,0.315568071812022,0.289615418463434,0.199452413779615,19.5174828445678,18.5528718220989,19.0351773333333,0.439971658366704,51.6657050688278,18.9552948,18.8746104418446,0.0214774734276002,0.200983397063688
"14291298","2003-10-21",11.9387376987752,0.327862360292177,0.318302091583796,0.271400353975378,19.5018776433255,18.5478303566745,19.024854,0.461514136828351,52.0724962199188,18.9597652,18.8820890495986,0.0462089397963439,0.170028505610219
"14291297","2003-10-22",11.4371178347275,0.348358708087653,0.330596380063951,0.312837963370393,19.4988566662725,18.5460393337275,19.022448,0.507981942680468,52.7859164810206,18.9625596,18.8916758429855,0.0748844438117402,0.150999693250523
"14291296","2003-10-23",11.4520895366342,0.15151148955157,0.275910852643801,0.308269774763849,19.5000056030387,18.5374393969613,19.0187225,0.300509825934437,45.4945136467264,18.9498924,18.8689377305874,-0.00189878931470266,0.120419996737478
"14291295","2003-10-24",11.6735210153837,0.116274656679149,0.205381618106125,0.270629616937959,19.5047246478367,18.5187493521633,19.011737,0.225736536009941,44.1800931207594,18.9288428,18.8430220331758,-0.0818248269753741,0.0799710319949077
"14291294","2003-10-27",12.6197900767805,0,0.0892620487435738,0.190184839831166,19.5132593562695,18.4641106437305,18.988685,0.125142115730278,39.3992413181679,18.9077932,18.7963457620857,-0.220681234402054,0.0198405787155155
"14291293","2003-10-28",14.6654406789881,0,0.0387582188930504,0.111133961914249,19.5705827612599,18.3332069054067,18.9518948333333,-0.0779016105877817,31.5694543064975,18.8673704,18.7043556604742,-0.492062026337403,-0.0825399422950683
"14291292","2003-10-29",16.5649733810381,0.186147467836693,0.0620491559455649,0.063356474527396,19.5818039638557,18.251509702811,18.9166568333333,0.0893062790701978,38.3994535491819,18.841664,18.6513309057443,-0.614606857335143,-0.188953325303083
"14291291","2003-10-30",18.3288251757988,0.233760318286608,0.139969262041101,0.080258878959905,19.5524269156316,18.1920927510351,18.8722598333333,0.148128247364387,40.0477224751805,18.8228496,18.6122054516451,-0.682119088721711,-0.287586477986809
"14291290","2003-10-31",18.8501486601914,0.251078307429166,0.223662031184156,0.14189348305694,19.4365739241062,18.1967984092271,18.8166861666667,0.216333457861823,40.6695629949998,18.8079472,18.5807807247591,-0.719519488543763,-0.3739730800982
"14291289","2003-11-03",18.2461187974491,0.432903249795495,0.305913958503757,0.223181750576338,19.2996185352349,18.2463574647651,18.772988,0.396244780712727,46.8973044872902,18.7928588,18.5796259614579,-0.656695522206352,-0.43051756851983
"14291288","2003-11-04",17.6852339249026,0.506497731836097,0.39682642968692,0.308800806458278,19.2065950286161,18.2788406380505,18.7427178333333,0.466706885305596,49.2206645547802,18.7844764,18.5891811665968,-0.565977809121665,-0.457609616640197
"14291287","2003-11-05",17.4008530727427,0.45454376440842,0.464648248680005,0.38912954562356,19.1569724603962,18.2851528729371,18.7210626666667,0.430643907443932,47.6361552136985,18.7680836,18.5900103443839,-0.512438425632489,-0.468575378438655
"14291286","2003-11-06",16.8761977934978,0.450211943184354,0.470417813142958,0.443964163836627,19.1311854536947,18.283618212972,18.7074018333333,0.459426817899799,47.4988563401383,18.7451708,18.5901076317994,-0.466648310344742,-0.468189964819873
"14291285","2003-11-07",16.3890178913418,0.493502268163903,0.466085991918893,0.467050684580618,19.1268478308674,18.2812805024659,18.7040641666667,0.499995072341925,49.0784200495402,18.7099636,18.5964012808928,-0.405465375254754,-0.455645046906849
"14291284","2003-11-10",15.9366365536255,0.523806425224959,0.489173545524406,0.475225783528752,19.126152052652,18.2807342806813,18.7034431666667,0.508075100334616,50.2077635635182,18.677178,18.6062024434404,-0.338923947277658,-0.432300826981011
"14291283","2003-11-11",15.7161051666533,0.564998926347435,0.527435873245433,0.49423180356291,19.1259432379165,18.2804774287502,18.7032103333333,0.484489418111893,48.8739504095336,18.6546384,18.6097301176484,-0.298897443562052,-0.405620150297219
"14291282","2003-11-12",15.4445007383449,0.757574180114524,0.61545984389564,0.544023087555159,19.1249068218193,18.2799611781807,18.702434,0.53316110751535,50.9778791176756,18.6421576,18.6202381019619,-0.240182913525733,-0.372532702942922
"14291281","2003-11-13",15.1123522035684,0.727270859232926,0.683281321898296,0.608725679679789,19.1246812167895,18.2800314498772,18.7023563333333,0.737266388804697,55.4231655421106,18.6406672,18.6461103550337,-0.13763699252729,-0.325553560859796
"14291280","2003-11-14",15.6510986027216,0.831328314317989,0.772057784555147,0.690266316783027,19.1583461432281,18.2623558567719,18.710351,0.974632005608706,62.8194285437618,18.6546384,18.7026849743625,0.0535029129881348,-0.249742266090209
"14291279","2003-11-17",14.645128782561,0.514562094773489,0.691053756108135,0.715464287520526,19.1449488537962,18.2669051462038,18.705927,0.708265638432442,52.8591547558495,18.6598544,18.7157016444475,0.0872282997186113,-0.182348152928445
"14291278","2003-11-18",14.5198779360068,0.220521516980135,0.522137308690538,0.661749616451273,19.1096091816129,18.2704228183871,18.690016,0.476049022941604,45.8416324994128,18.6598544,18.6946947585212,0.0094271030178783,-0.143993101739181
"14291277","2003-11-19",14.4035735784923,0.21466233459623,0.316581982116619,0.509924348971764,19.0595115092677,18.2787628240656,18.6691371666667,0.427427991780305,46.1376930153518,18.6572464,18.6777301240517,-0.0477292732308232,-0.124740336037509
"14291276","2003-11-20",13.8368075842582,0,0.145061283858789,0.327926858221982,19.042586661004,18.2741100056627,18.6583483333333,0.438286999780175,44.8178945545304,18.6447656,18.6568181075115,-0.111922742522919,-0.122176817334591
"14291275","2003-11-21",13.5192382978603,0,0.0715541115320775,0.177732459169161,19.0338089694052,18.2636386972615,18.6487238333333,0.370296430612275,43.4784926712593,18.6272552,18.6324850265099,-0.18095301258465,-0.133932056384603
"14291274","2003-11-24",13.1952118721152,0.170584445932119,0.0568614819773737,0.0911589591227465,19.0414588435019,18.2696491564981,18.655554,0.599056370960374,48.3034558227717,18.6149608,18.6294030229753,-0.175208849121922,-0.142187414932067
"14291273","2003-11-25",13.1755739288698,0.605881089820511,0.258821845250878,0.129079146253443,19.0534747823712,18.3324555509621,18.6929651666667,0.90508142817382,58.1265733641702,18.6158924,18.6726812865786,-0.0213089665895505,-0.118011725263563
"14291272","2003-11-26",13.2336773902518,0.605881089820511,0.460782208524381,0.258821845250877,19.0748467382513,18.3731769284154,18.7240118333333,0.880855538584214,58.1265733641702,18.6158924,18.7101891150348,0.0992409437043706,-0.0745611914699766
"14291271","2003-11-28",13.4265109822345,0.635299170129722,0.615687116590249,0.445097056788502,19.093739469159,18.416688530841,18.755214,0.887601560160192,58.7410486096296,18.626138,18.7458012330301,0.202252713920781,-0.0191984103918251
"14291270","2003-12-01",13.2473337910595,0.558817213808436,0.599999157919557,0.558822827678062,19.1081366580585,18.4553810086082,18.7817588333333,0.828057163269262,56.4228519985632,18.6358244,18.7685917352928,0.254740057368164,0.0355892831601726
"14291269","2003-12-02",12.7805634880785,0.494120173300156,0.562745519079439,0.592810597863082,19.1254881178719,18.4665925487948,18.7960403333333,0.732656494485253,54.4647548508307,18.6507268,18.7815141705871,0.271133045338212,0.0826980355957805
"14291268","2003-12-03",12.2647507189156,0.28823150475565,0.447056297288082,0.536600324762359,19.1264706002282,18.4716637331051,18.7990671666667,0.459223854634706,48.675503967632,18.6745704,18.7709802811755,0.211655433316449,0.108489515139914
"14291267","2003-12-04",11.9939543001513,0.235294117647058,0.339215265234289,0.449672360533936,19.1257519146513,18.4818520853487,18.803802,0.424664265373071,47.2838402693724,18.6887276,18.7562629103521,0.144816182625118,0.115754848636955
"14291266","2003-12-05",11.4137387452922,0.36986704318155,0.297797555194754,0.361356372572375,19.1273418397143,18.4946994936191,18.8110206666667,0.510062557524466,49.6935362345047,18.703444,18.7522011889718,0.118511717416014,0.116306222392767
"14291265","2003-12-08",11.3383000992312,0.239719378750441,0.281626846526351,0.306213222318464,19.1274625259305,18.4939581407362,18.8107103333333,0.321852851160002,46.5813751129591,18.7138756,18.7368823637756,0.0588914554061182,0.104823268995437
"14291264","2003-12-09",10.6056020006222,0.431506647840924,0.347031023257639,0.308818474992914,19.1296916321393,18.5029060345274,18.8162988333333,0.509159697811394,51.4105429170999,18.7216992,18.7409927152722,0.0670087799956143,0.0972603711954726
"14291263","2003-12-10",10.7493097889076,0.191787269090483,0.287671098560617,0.305442989448202,19.1302359690554,18.5008093642779,18.8155226666667,0.276067086673027,45.8331945418723,18.7198364,18.7228230199025,0.00319679469464873,0.0784476558953078
"14291262","2003-12-11",10.8827527351726,0.226026591363691,0.283106836098367,0.305936319305541,19.1308803409736,18.4961289923597,18.8135046666667,0.305575311335943,46.722248600462,18.7211404,18.7101799505822,-0.0369546601686421,0.0553671926825178
"14291261","2003-12-12",11.5574871323592,0.493416777328851,0.303743545927676,0.291507160195553,19.157249768788,18.486835231212,18.8220425,0.875107468446657,57.2928855995685,18.7356704,18.7426879571712,0.0708990443282875,0.0584735630116718
"14291260","2003-12-15",12.3625721707104,0.674847514787444,0.464763627826663,0.350538003284235,19.1732431717676,18.4772064948991,18.8252248333333,1.03738331963019,61.4151864846338,18.7548576,18.7925948962151,0.223639315326007,0.0915067134745389
"14291259","2003-12-16",13.503217199545,0.638302246690502,0.602188846268933,0.45689867334109,19.2420727566627,18.4464092433373,18.844241,1.03398912926261,62.5280678318439,18.7746036,18.8420569100531,0.360072587937244,0.14521988836708
"14291258","2003-12-17",14.9410014797431,0.747659518959652,0.686936426812533,0.584629633636043,19.3470154403353,18.4178405596647,18.882428,1.09324533856188,66.6690343055728,18.8032904,18.9097599887127,0.541025249119587,0.224380960517581
"14291257","2003-12-18",16.9702592170756,0.707407466318852,0.697789743989669,0.662305005690378,19.4795001657022,18.3857915009645,18.9326458333333,1.12556649870202,69.483815164938,18.8355168,18.987685323551,0.736489283400665,0.326802625094198
"14291256","2003-12-19",19.1404912695511,0.821548383365146,0.758871789547884,0.714532653450028,19.6431110622714,18.3434176043952,18.9932643333333,1.13863443719746,73.5901200723223,18.8725864,19.0881299470775,0.983303061001006,0.45810271227556
"14291255","2003-12-22",21.3276429958814,0.843950242427972,0.790968697370657,0.749210076969403,19.7923280381784,18.3308059618216,19.061567,1.08385456308703,75.0242318476964,18.9033224,19.1882219541338,1.20438121181006,0.607358412182459
"14291254","2003-12-23",23.5550623810109,0.898208212520009,0.854568946104376,0.801469811007639,19.9595731933586,18.2958198066414,19.1276965,1.05711391728288,77.2423162416758,18.9513828,19.2967016935827,1.42942738024125,0.771772205794218
"14291253","2003-12-24",25.6333584290504,0.910447474184181,0.884201976377388,0.843246539950807,20.1063430162029,18.2577133171304,19.1820281666667,0.981243936403103,77.548988979238,19.0100608,19.3938214677716,1.59698429700232,0.936814624035839
"14291252","2003-12-26",27.5632047593728,0.910447474184181,0.906367720296124,0.881712880925963,20.229200207034,18.241190792966,19.2351955,0.912169996547783,77.548988979238,19.0683664,19.4779919387354,1.70838102831734,1.09112790489214
"14291251","2003-12-29",29.9993130771978,0.704830073216041,0.841908340528135,0.877492679067216,20.3408494678078,18.2352548655255,19.2880521666667,0.873633730735212,71.3067322176534,19.1233188,19.5335530135707,1.72177580425046,1.2172574847638
"14291250","2003-12-30",32.2695155976506,0.926397253181459,0.847224933527228,0.865166998117162,20.4951804121173,18.2162875878826,19.355734,0.936090129425198,77.4501426190085,19.1965268,19.6363486117613,1.87831429426912,1.34946884666487
"14291249","2003-12-31",33.883294428117,0.88946052319259,0.840229283196697,0.843120852417353,20.6147037315222,18.2305749351445,19.4226393333333,0.862733758895047,74.7095482704202,19.2617248,19.7167447968598,1.95133826138059,1.46984272960801
"14291248","2004-01-02",35.5237731452576,0.894079871563316,0.903312549312456,0.863588922012127,20.718274852665,18.2841001473349,19.5011875,0.845966334362101,75.4447858646093,19.3151872,19.7932521572785,2.00565917868787,1.57700601942398
"14291247","2004-01-05",35.2340756538142,0.68181545161048,0.821785282122129,0.855109038210427,20.7697788703192,18.3727714630142,19.5712751666667,0.744376174314202,64.9141718049317,19.3580316,19.8241652029747,1.91774976739454,1.64515476901809
"14291246","2004-01-06",34.4239483687651,0.597823127134666,0.724572816769488,0.816556882734691,20.7884805535473,18.470649779786,19.6295651666667,0.652565711010107,61.6619517712113,19.3962188,19.8385378425781,1.78940601063802,1.67400501734208
"14291245","2004-01-07",33.8668551647029,0.529661710916602,0.603100096553917,0.716486065148511,20.7811235489054,18.6084031177613,19.6947633333333,0.641322062853547,61.6619517712113,19.436828,19.8509941302343,1.66839322009509,1.67288265789268
"14291244","2004-01-08",33.8114171039169,0.658538373712936,0.595341070588069,0.641004661303824,20.7899574630656,18.7349328702677,19.7624451666667,0.701083481651868,65.7425638307356,19.4871236,19.8872482462031,1.63104024074605,1.66451417446335
"14291243","2004-01-09",32.8366867377686,0.315792447765833,0.501330844131791,0.566590670424592,20.7353897779347,18.9275025553986,19.8314461666667,0.623429804627768,60.0358705914424,19.5376056,19.8975564800427,1.51950129045073,1.63551159766083
"14291242","2004-01-12",31.9315799692023,0.267182454472438,0.413837758650403,0.503503224456754,20.6422455246081,19.1595808087252,19.9009131666667,0.620404947089047,60.8960623479891,19.5912544,19.9114582827036,1.42966784524781,1.59434284717823
"14291241","2004-01-13",30.5080392503739,0.0084086685071929,0.197127856915155,0.370765486565782,20.5817675545239,19.3082311121427,19.9449993333333,0.508043743122775,57.2470588229589,19.6381968,19.9098451783432,1.30192062384116,1.53585840251081
"14291240","2004-01-14",30.3729874462328,0.327739583897217,0.201110235625617,0.270691950397058,20.5380210834501,19.4502399165499,19.9941305,0.672604722695945,61.5343957402151,19.6957576,19.9320431545641,1.25783208650834,1.48025313931032
"14291239","2004-01-15",30.4875248536564,0.669350788785568,0.335166347063327,0.244468146534699,20.4992719468363,19.5965650531637,20.0479185,0.828964106453786,65.8095642980045,19.7562984,19.9786014006222,1.29061268356054,1.44232504816036
"14291238","2004-01-16",30.9805258905615,0.679732783181058,0.558941051954615,0.365072544881186,20.4875543031765,19.7104266968235,20.0989905,0.958233839276195,67.6572947077245,19.8272708,20.0319918805392,1.34004259408258,1.42186855734481
"14291237","2004-01-20",31.7344480192028,0.7897709942291,0.712951522065242,0.535686307027727,20.5301529478478,19.7665563854855,20.1483546666667,1.09686229936659,70.5912895066909,19.904018,20.100616963134,1.42940911867802,1.42337666961145
"14291236","2004-01-21",33.3538688334176,0.60885860306644,0.692787460158866,0.654893344726241,20.6548940660733,19.7427176005933,20.1988058333333,1.19450468994504,72.5296585221233,19.9725692,20.1762373680495,1.5300703316405,1.44471540201726
"14291235","2004-01-22",34.8576167323314,0.826567885582981,0.741732494292841,0.715823825505649,20.8104651059264,19.6962758940736,20.2533705,1.17565379260384,76.3403115782083,20.0455908,20.2784097189762,1.69844170716689,1.49546066304718
"14291234","2004-01-23",36.2713581007405,0.85609128006022,0.763839256236547,0.732786403562751,20.9463742199075,19.6583191134259,20.3023466666667,1.06812269106422,76.8101063029822,20.11824,20.3719270897794,1.82375624386926,1.5611197792116
"14291233","2004-01-26",36.9543564272169,0.778598312269718,0.820419159304307,0.775330303277898,21.043232598489,19.6510304015109,20.3471315,0.945506527724884,72.7280254792837,20.1795264,20.4399354778088,1.86151780167343,1.62119938370396
"14291232","2004-01-27",37.4090115535374,0.75645972821996,0.797049773516633,0.793769396352495,21.1143184021933,19.6659442644734,20.3901313333333,0.862101651091536,71.558004405515,20.2339204,20.4951507474343,1.85813209497132,1.66858592595744
"14291231","2004-01-28",38.8662109145551,0.639435290701892,0.724831110397191,0.78076668107271,21.2251453504952,19.6631599828381,20.4441526666667,0.955220226806505,73.2569264450646,20.2825396,20.5566639811097,1.87335948070326,1.7095406369066
"14291230","2004-01-29",40.2193246069286,0.67887300089521,0.691589339939021,0.737823407950948,21.3204884063275,19.6472965936725,20.4838925,0.89471913999231,74.3086942658541,20.3298548,20.6186687836284,1.88835886877314,1.74530428327991
"14291229","2004-01-30",41.4757873212754,0.695773148484188,0.671360480027097,0.695926976787769,21.4068957258005,19.6473542741995,20.527125,0.855188184265097,74.7666742980655,20.3717676,20.676131612478,1.88857660396626,1.77395874741718
"14291228","2004-02-02",42.6852408078686,0.777461227649947,0.717369125676449,0.693439648547522,21.5016998715468,19.6432061284532,20.572453,0.864508625610084,76.9093181701393,20.4181512,20.7439393974809,1.91840184123517,1.80284736618078
"14291227","2004-02-03",44.2018452002005,0.72424047214685,0.732491616093662,0.707073740599069,21.5955877060749,19.6666749605918,20.6311313333333,0.86263019239101,76.9819488421053,20.4647212,20.8033274778168,1.92079309865212,1.82643651267505
"14291226","2004-02-04",45.6101207073658,0.706293968811705,0.735998556202835,0.728619765990981,21.6601823267461,19.7365126732539,20.6983475,0.827063692488905,77.5147886294601,20.5178112,20.8591438141079,1.91250371018121,1.84364995217628
"14291225","2004-02-05",45.3048242227288,0.486796152693034,0.639110197883864,0.702533456726786,21.6745929542766,19.83216271239,20.7533778333333,0.689448420930496,65.4033065288287,20.544822,20.8752299722268,1.79125577002668,1.83317111574636
"14291224","2004-02-06",45.0213346298516,0.406119310616433,0.533069810707058,0.636059521597919,21.6860888166963,19.907287516637,20.7966881666667,0.637842920768323,65.4033065288287,20.5744408,20.8891713092633,1.67576096724165,1.80168908604542
"14291223","2004-02-09",44.6658280685189,0.315262807154871,0.40272609015478,0.5249686995819,21.6712539845256,20.0194533488077,20.8453536666667,0.61051555661094,64.7261846255035,20.6014512,20.8993898013615,1.56077629056015,1.75350652694836
"14291222","2004-02-10",44.5992575762675,0.245399096286343,0.322260404685883,0.41935210184924,21.6505077161041,20.1431192838959,20.8968135,0.64051885729925,66.7049624064048,20.6420604,20.9181818278466,1.48125680877016,1.69905658331272
"14291221","2004-02-11",44.9763764111525,0.184049322214758,0.248237075218658,0.32440785668644,21.5788383139426,20.332766352724,20.9558023333333,0.64382609692253,64.2782047878072,20.6845324,20.9282589174671,1.38422744146878,1.63609075494393
"14291220","2004-02-12",45.3265581864028,0.331278241051782,0.253575553184295,0.274691011029611,21.5244080329415,20.4874769670585,21.0059425,0.672381275748339,67.3482163217736,20.7314748,20.9518937284715,1.33492444770715,1.57585749349658
"14291219","2004-02-13",44.4481658542624,0.104282759620069,0.206536774295537,0.236116467566163,21.459758664908,20.6182556684253,21.0390071666667,0.460977956342505,58.9379367658545,20.7638872,20.9494025646753,1.2153919100989,1.50376437681704
"14291218","2004-02-17",43.8986078765562,0.232876913799953,0.222812638157269,0.227641655212366,21.3990915081123,20.7473804918877,21.073236,0.601942934336479,63.4542685012943,20.8089668,20.9683555560519,1.16814818548066,1.43664113854976
"14291217","2004-02-18",43.4911477697839,0.287676672598652,0.208278782006225,0.212542731486343,21.3487616815809,20.8548366517524,21.1017991666667,0.648971663490881,64.445281175446,20.8540464,20.9897494819117,1.13186878876086,1.37568666859198
"14291216","2004-02-19",41.8998754646593,0.0137072933978533,0.178086959932153,0.203059460031882,21.3283566910805,20.8975949755862,21.1129758333333,0.367384144694047,56.2350118672494,20.8957732,20.9834535509901,1.01967219027423,1.30448377292843
"14291215","2004-02-20",39.7608669571515,0,0.100461321998836,0.162275687979071,21.3365787784492,20.8799032215508,21.108241,0.0691448840915715,51.7935559065119,20.925764,20.9624730775248,0.875884991019826,1.21876401654671
"14291214","2004-02-23",38.3052158201198,0.159763163244562,0.0578234855474724,0.11212392249282,21.3365181608914,20.8804291724419,21.1084736666667,0.347178215000813,55.8491191953075,20.9525884,20.9610553338548,0.801134824152849,1.13523817806794
"14291213","2004-02-24",37.0634976776983,0.28105483277897,0.146939332007845,0.101741379851384,21.3337970958588,20.8961902374746,21.1149936666667,0.460633615150367,58.0989755984554,20.9784816,20.9697626226741,0.761799020337772,1.06055034652191
"14291212","2004-02-25",36.5461958931202,0.614178953063712,0.351665649695749,0.185476155750355,21.3399546384253,20.9249600282413,21.1324573333333,0.816645076286026,62.5893585443299,21.0041884,20.9990409396509,0.784210022904785,1.00528228179848
"14291211","2004-02-26",36.2554272801187,0.673907293011966,0.523047026284883,0.340550669329492,21.3656043580087,20.9166959753246,21.1411501666667,0.918585411295963,64.3524643870794,21.0278456,21.0337288143641,0.819142879944512,0.968054401427688
"14291210","2004-02-27",36.599739220117,0.640891187775829,0.642992477950503,0.505901717977045,21.4229999887425,20.8915890112575,21.1572945,1.08321245350781,66.9267071646431,21.0447972,21.0780743057823,0.877481175118477,0.949939756165846
"14291209","2004-03-01",37.447790164113,0.65486607948769,0.656554853425162,0.607531452553516,21.519388386959,20.843633613041,21.181511,1.17319144590842,70.1555187595968,21.0662192,21.1363763983446,0.969071902760676,0.953766185484812
"14291208","2004-03-02",38.2352660406808,0.65486607948769,0.650207782250404,0.649918371208689,21.5806414936924,20.8166871729742,21.1986643333333,1.0161203001806,70.1555187595968,21.0915532,21.1869048785653,1.02922496558844,0.968857941505537
"14291207","2004-03-03",37.7513804279386,0.4778762743589,0.595869477778094,0.634210704484553,21.6001771541649,20.8101911791684,21.2051841666667,0.823835917890165,61.4573095539756,21.1105536,21.2058588947566,0.994204739486104,0.973927301101651
"14291206","2004-03-04",37.3020580732494,0.566371176923297,0.566371176923296,0.604149478983931,21.6256374056003,20.8016512610663,21.2136443333333,0.843536116326438,63.8694222916027,21.1291816,21.2347043754557,0.99032230477536,0.977206301836393
"14291205","2004-03-05",37.5459678547058,0.535397010897968,0.526548154060055,0.562929602920481,21.6690824648456,20.8027575351544,21.23592,0.860161246632828,62.3974869804199,21.1438976,21.255357125395,0.963595949245799,0.974484231318274
"14291204","2004-03-08",38.1101097636428,0.705178328528288,0.602315505449851,0.565078278811067,21.7526176276735,20.7915603723265,21.272089,1.01315811892526,68.6264699154467,21.1679276,21.3080281753423,1.02921446354933,0.985430277764486
"14291203","2004-03-09",37.1579279430724,0.490037727455493,0.576871022293917,0.56857822726794,21.7688169534204,20.8199130465796,21.294365,0.688700175057214,58.5536425924002,21.1764964,21.3201457519633,0.974483727770803,0.983240967765749
"14291202","2004-03-10",36.0762364436956,0.458170432283067,0.551128829422283,0.576771785722016,21.7818264722324,20.8404338611009,21.3111301666667,0.641070967730514,57.214058463651,21.1833888,21.3256809850349,0.906529952544322,0.967898764721464
"14291201","2004-03-11",33.7484537120218,0.125003594811966,0.357737251516842,0.49524570107768,21.78106034179,20.8466329915434,21.3138466666667,0.366766884944228,48.2895357238848,21.1778004,21.2932221870302,0.738396665450969,0.921998344867365
"14291200","2004-03-12",31.5068815734339,0,0.194391342365011,0.367752474434712,21.7868987834599,20.8248062165401,21.3058525,0.20788067282015,45.4878658246076,21.1778004,21.2514312287595,0.559767241070963,0.849552124108084
"14291199","2004-03-15",29.5784107946834,0,0.0416678649373222,0.197932152939725,21.7849569340498,20.8295423992835,21.3072496666667,0.214117460647438,44.2313545817766,21.1759372,21.2090017315916,0.395795326032577,0.758800764492983
"14291198","2004-03-16",28.2641954137783,0.241231870408741,0.0804106234695808,0.105489943590638,21.7850503460322,20.8401603206345,21.3126053333333,0.430342510876902,52.0715487342866,21.1848788,21.2063815007127,0.359140897488675,0.678868791092121
"14291197","2004-03-17",27.5332821741986,0.350875871162177,0.197369247190306,0.106482578532403,21.7911458214545,20.8536238452122,21.3223848333333,0.551822962978858,55.1573161725565,21.1954964,21.2196333006177,0.370124461414867,0.61711992515667
"14291196","2004-03-18",26.2479194659217,0.228074967037108,0.273394236202676,0.18372470228752,21.7869411890476,20.8808031442857,21.3338721666667,0.446723901199096,51.1827070754157,21.2027612,21.2137328605353,0.32545181731658,0.558786303588652
"14291195","2004-03-19",25.0721760059448,0.31140516104728,0.296785333082189,0.255849605491723,21.7651525626504,20.9460571040162,21.3556048333333,0.488436634704596,53.6248022340125,21.2090948,21.2204164791306,0.320022985852675,0.511033640041457
"14291194","2004-03-22",23.9487774791237,0,0.179826709361463,0.250002092882109,21.761125300907,20.9542753657597,21.3577003333333,0.156668498152082,44.6380597771093,21.2090948,21.1821222819132,0.187684859437542,0.446363883920674
"14291193","2004-03-23",23.2918713734308,0,0.103801720349094,0.193471254264248,21.7837425787701,20.9124090878966,21.3480758333333,-0.00818563879918393,42.0716350429682,21.1982908,21.1340326443248,0.0395345718459783,0.364998021505735
"14291192","2004-03-24",23.4756460240655,0,3.51570624464633e-16,0.0945428099035184,21.8428297870937,20.7947992129063,21.3188145,-0.110838890678071,36.7604304040647,21.1755648,21.0575829584148,-0.176022784525209,0.256793860299546
"14291191","2004-03-25",23.6462939139405,0.110384494718864,0.0367948315729551,0.0468655173073491,21.8665514986838,20.7153488346495,21.2909501666667,0.0490106278530833,41.5821933198187,21.1666232,21.0124372306262,-0.283378438700521,0.148759400499533
"14291190","2004-03-26",23.8189888031856,0.144736718183446,0.0850404043007704,0.0406117452912414,21.8697659322859,20.6408824010475,21.2553241666667,0.0926187031230093,41.4821581498515,21.1621528,20.9726909332093,-0.366278910184525,0.045751738362721
"14291189","2004-03-29",24.1853735984784,0.0844419843102827,0.113187732404198,0.0783409894259739,21.8415120273084,20.5759963060249,21.2087541666667,0.10195608409948,40.0280746430886,21.1500448,20.9295508087814,-0.452130650988036,-0.0538247395074304
"14291188","2004-03-30",23.4084111860043,0.176469969053285,0.135216223849005,0.111148120184657,21.7981318603898,20.5430018062769,21.1705668333333,0.228030707085085,42.6565826772404,21.1381228,20.9027187009439,-0.484236466806154,-0.139907084967175
"14291187","2004-03-31",21.8962475802182,0.431369865897559,0.230760606420376,0.159721520891192,21.7655822276557,20.537208439011,21.1513953333333,0.43990808496917,49.8909991481282,21.1293676,20.9117522074847,-0.411447026521172,-0.194215073277975
"14291186","2004-04-01",21.9034105672633,0.679839079289097,0.429226304746647,0.265067711672009,21.7640818474139,20.5377774859194,21.1509296666667,0.774377506839558,58.9094494417869,21.133466,20.9717399131534,-0.200669071692838,-0.195505872960947
"14291185","2004-04-02",22.2537845949758,0.677301697289971,0.596170214158876,0.418719041775299,21.772148395621,20.534057604379,21.153103,0.85401307919725,60.6351552799153,21.1368188,21.0355265913996,-7.73472394133279e-05,-0.156420167816641
"14291184","2004-04-05",22.4563226824265,0.65602655965643,0.671055778745166,0.565484099216896,21.71247616901,20.5653224976566,21.1388993333333,0.798382575250655,59.7813545330358,21.1330932,21.0870830458797,0.146041377482264,-0.0959278587568596
"14291183","2004-04-06",22.3296796418425,0.602831100992181,0.645386452646194,0.637537481850078,21.7018207806414,20.569147552692,21.1354841666667,0.738052623369128,57.5975056875537,21.1265732,21.1224506397624,0.232167200372646,-0.0303088469309584
"14291182","2004-04-07",21.7971194422141,0.531908899160112,0.596922186602908,0.637788139331422,21.6854933020848,20.5738320312485,21.1296626666667,0.677968480018951,54.7270477906477,21.1237788,21.1406838877941,0.261719321246878,0.0280967867046089
"14291181","2004-04-08",21.3025992568449,0.560280825725098,0.565006941959131,0.60243852706941,21.7014318215873,20.5740378450794,21.1377348333333,0.688983181070342,55.6786421570251,21.1187492,21.1614540360882,0.295882921293744,0.0816540136224359
"14291180","2004-04-12",19.9457414893558,0.336876651412125,0.476355458765779,0.546094862442605,21.7055874872694,20.5829215127306,21.1442545,0.509749560642472,47.2558552332219,21.103288,21.1403361646098,0.208651256096326,0.107053462117214
"14291179","2004-04-13",20.2174663782881,0,0.299052492379075,0.446804964367994,21.72468163882,20.5257956945133,21.1252386666667,0.106766596740233,36.79074025415,21.0569044,21.0537313426618,-0.0559028988366905,0.0744621899264331
"14291178","2004-04-14",21.0918150728084,0,0.112292217137375,0.295900056094075,21.7704112032487,20.3870814634179,21.0787463333333,-0.050704804066811,32.5556903304046,21.0094032,20.9414178303069,-0.369835149175268,-0.0143972778939072
"14291177","2004-04-15",21.4777182552208,0.0392168656581761,0.0130722885527257,0.141472332689725,21.7682555331434,20.2917511335232,21.0300033333333,0.0706796854134717,34.4517665467581,20.966,20.852772786266,-0.588172005145293,-0.129152223344184
"14291176","2004-04-16",21.8360569246038,0.106444918949806,0.0485539282026611,0.0579728112975867,21.7584646467497,20.2172503532503,20.9878575,0.146267555200149,37.6859085354868,20.9382444,20.7908497480972,-0.7106164545294,-0.245445069581228
"14291175","2004-04-19",22.180700933736,0.103641995729453,0.0831012601124789,0.0482424922892879,21.7315868842693,20.1514541157307,20.9415205,0.169567534410687,37.602605394431,20.9144004,20.7365617816842,-0.800794548960637,-0.356514965457109
"14291174","2004-04-20",22.7560188962114,0.0448166972421882,0.0849678706404829,0.0722076863185403,21.7308747156514,20.0812249510153,20.9060498333333,0.175822198870622,35.8133789544466,20.8885076,20.676472210793,-0.900537062620499,-0.465319384889787
"14291173","2004-04-21",23.7431111158566,0,0.0494862309905475,0.0725184539145025,21.7519099462221,19.9889370537779,20.8704235,0.11560753264874,32.6287431526265,20.844918,20.5995572493539,-1.04117181627695,-0.580489871167221
"14291172","2004-04-22",23.634387595482,0.14173317101763,0.0621832894199395,0.0655457970169893,21.7565699345571,19.9599050654429,20.8582375,0.264385200261609,40.3414853813899,20.8067308,20.5664282827734,-1.04262743291702,-0.672917383517181
"14291171","2004-04-23",23.0843219049266,0.260869855157514,0.134201008725048,0.0819568430451777,21.754708851623,19.9409651483769,20.847837,0.343375334954119,44.1657140936994,20.7793476,20.556344511737,-0.977787193463975,-0.73389134550654
"14291170","2004-04-26",22.6449909431753,0.260731218153601,0.221111414776248,0.139165237640411,21.7530924111635,19.9216252555031,20.8373588333333,0.340443676118616,43.6634528534892,20.747494,20.5445012435054,-0.924918689316845,-0.772096814268601
"14291169","2004-04-27",22.3853529593534,0.235492854525469,0.252364642612195,0.20255902203783,21.7534871884552,19.8988764782115,20.8261818333333,0.314139701611719,42.619093859214,20.7270032,20.528026411038,-0.89110923608976,-0.795899298632833
"14291168","2004-04-28",22.7815528931475,0.0787660403721014,0.191663371017057,0.221713142801833,21.754875289658,19.844708710342,20.799792,0.23909151585873,38.1051084470405,20.702414,20.4851855562329,-0.937965313689748,-0.824312501644216
"14291167","2004-04-29",23.7374478404741,0,0.104752964965857,0.182926992865036,21.7454234414315,19.7540348919018,20.7497291666667,0.161841063868533,33.9019003409276,20.6789424,20.4170101487352,-1.0553172239307,-0.870513446101512
"14291166","2004-04-30",24.8081154378714,0,0.0262553467907008,0.107557227591204,21.6647469055156,19.6825824278178,20.6736646666667,0.143039377091223,32.5857820480892,20.6459708,20.3473687955705,-1.16706523391673,-0.929823803664556
"14291165","2004-05-03",25.8788585907608,0,3.00685402502647e-16,0.0436694372521854,21.5357855025305,19.6474618308028,20.5916236666667,0.16052412362822,32.0343045193641,20.6118812,20.2826662894944,-1.25497007153866,-0.994853057239377
"14291164","2004-05-04",25.5049842401347,0.192312230113968,0.0641040767046564,0.0301198078317852,21.3936311559196,19.6565811774138,20.5251061666667,0.284539206529565,37.7106420809566,20.5869196,20.2483241175619,-1.2459426832778,-1.04507098244706
"14291163","2004-05-05",25.1860121595952,0.181328016234453,0.124546748782808,0.0628836084958207,21.2452804394889,19.6771755605111,20.461228,0.287213637425288,37.517905657403,20.5584188,20.2173195685536,-1.22860408404735,-1.08177760276712
"14291162","2004-05-06",25.5912646509789,0,0.124546748782808,0.104399191423423,21.1063271943962,19.6688124722704,20.3875698333333,0.129061306207155,32.7402503801012,20.5103584,20.1575382927465,-1.29894614019812,-1.12521131025332
"14291161","2004-05-07",27.3445796312253,0,0.0604426720781514,0.103178723214588,21.0024700876963,19.571021245637,20.2867456666667,-0.165364795919976,23.4549717961489,20.4181496,20.0107251870469,-1.62369511972932,-1.22490807214852
"14291160","2004-05-10",29.3422608424386,0,2.86807614694832e-16,0.0616631402869857,21.0015302608726,19.3488904057941,20.1752103333333,-0.256799490316426,20.9836204318331,20.3114112,19.8468524954407,-1.97359416768043,-1.3746452912549
"14291159","2004-05-11",31.1972505385653,0.0458921161825711,0.0152973720608573,0.025246681379669,21.0393472482001,19.1426447517999,20.090996,-0.091281976023395,23.7691429439013,20.2093296,19.7166268293819,-2.19370391134818,-1.53845701527356
"14291158","2004-05-12",33.2205218597518,0,0.0152973720608573,0.010198248040571,21.1176201337068,18.9085175329598,20.0130688333333,-0.0679555880484742,21.570967492684,20.1005424,19.5720979187977,-2.44110504931315,-1.71898662208148
"14291157","2004-05-13",35.0992738008536,0.0225225007375305,0.0228048723067008,0.0177998721428045,21.1434779989626,18.7215273343707,19.9325026666667,0.0261191663483473,23.0732564898882,19.9973436,19.453048862958,-2.59169979530305,-1.89352925672579
"14291156","2004-05-14",35.6424527986098,0.0803742302947848,0.0342989103441054,0.0241337182372205,21.1174143001621,18.5977903665046,19.8576023333333,0.137672516201733,26.7018194405979,19.8971248,19.3647743478969,-2.63672016326453,-2.04216743803354
"14291155","2004-05-17",36.1468332965263,0.117795214569407,0.0735639818672412,0.0435559215060151,21.0763665132934,18.4905904867066,19.7834785,0.172608213306543,28.6650535507749,19.8110636,19.2963431015107,-2.6185348464425,-2.15744091971533
"14291154","2004-05-18",36.686711844793,0.102629883706474,0.100266442856889,0.0693764450227446,21.0290108955461,18.3892327711206,19.7091218333333,0.187479353270939,28.165129494608,19.7440028,19.2320680213092,-2.59105599682631,-2.24416393513753
"14291153","2004-05-19",37.6486708519804,0,0.0734750327586275,0.0824351524942519,21.0037983224394,18.2658876775606,19.634843,0.161176061971976,24.9445814563239,19.6778736,19.1422122851347,-2.64788445176253,-2.32490803846253
"14291152","2004-05-20",38.557830322572,0,0.0342099612354917,0.0693171456170021,20.9243239330191,18.1702587336476,19.5472913333333,0.186496891868417,24.8333077009683,19.6087636,19.0630946471167,-2.66795053212415,-2.39351653719485
"14291151","2004-05-21",38.9563575347751,0.138193354158912,0.0460644513863043,0.0512498151268072,20.7859874026419,18.1404779306914,19.4632326666667,0.280516378354938,33.5999111246652,19.5454284,19.0286780275012,-2.54708964460993,-2.42423115867787
"14291150","2004-05-24",38.8163345724868,0.224806631673567,0.120999995277493,0.0670914692997624,20.624610281218,18.1487943854487,19.3867023333333,0.349676894808978,38.1215627179245,19.4882404,19.0187196238343,-2.36114969521857,-2.41161486598601
"14291149","2004-05-25",37.3360382004423,0.309150765103946,0.224050250312142,0.130371565658646,20.4541593852692,18.1857449480641,19.3199521666667,0.423527128102569,39.6432272753009,19.4370136,19.0169196739898,-2.1671034055797,-2.36271257390475
"14291148","2004-05-26",34.9309609027644,0.576385678710429,0.370114358495981,0.238388201361871,20.3212994731115,18.2333818602218,19.2773406666667,0.582303375193446,48.1337039319422,19.4059048,19.0575823841245,-1.857572229563,-2.2616845050364
"14291147","2004-05-27",32.8765370388074,0.762712728013859,0.549416390609411,0.381193666472511,20.2575062176723,18.2600751156611,19.2587906666667,0.72355347637125,54.1593535040887,19.3757276,19.1294593995745,-1.47913561762224,-2.10517472755357
"14291146","2004-05-28",31.6139728777024,0.845931049119544,0.728343151947944,0.549291300351111,20.2614088270484,18.2581908396182,19.2597998333333,0.862663227146818,59.7872389263259,19.3522564,19.2327341462979,-1.03853957765422,-1.8918476975737
"14291145","2004-06-01",30.1075712398738,0.780981200262381,0.796541659131928,0.691433733896427,20.2573660403173,18.2600609596827,19.2587135,0.835523687975487,57.484122010475,19.3259908,19.3098202601249,-0.720966237115062,-1.65767140548197
"14291144","2004-06-02",28.7914953297052,0.872524210423865,0.83314548660193,0.786010099227267,20.2357734071454,18.2718739261879,19.2538236666667,0.906955485459487,60.5145470396887,19.3084808,19.3996028921082,-0.393689347727677,-1.40487499393111
"14291143","2004-06-03",26.9853764177746,0.776205654776389,0.809903688487545,0.813196944740467,20.1931716735886,18.2942949930781,19.2437333333333,0.859168488226052,56.5272800040591,19.293206,19.4563025064938,-0.198457181135681,-1.16359143137202
"14291142","2004-06-04",25.3082659995535,0.779040342595746,0.809256735932001,0.817435303673825,20.1990927205177,18.2916346128156,19.2453636666667,0.836354962349833,56.6178754384729,19.2874316,19.506063505628,-0.0416672339490387,-0.939206591887428
"14291141","2004-06-07",23.785188913685,0.798864908268043,0.784703635213393,0.801288019877646,20.2709834060229,18.2774905939771,19.274237,0.819810366415321,57.2882537461366,19.2861276,19.5535350382109,0.0946548985881313,-0.732434293792316
"14291140","2004-06-08",22.647044543092,0.662891138254904,0.746932129706231,0.780297500283874,20.3137321371112,18.3131348628888,19.3134335,0.69743595496343,51.4191696074607,19.2771864,19.5648730331161,0.109182839284716,-0.56411086717691
"14291139","2004-06-09",21.5901961989699,0.677052411309554,0.712936152610834,0.748190639176819,20.3522877823762,18.3489358842904,19.3506118333333,0.680929188566258,51.971043366959,19.2626564,19.5778032953673,0.128785659761932,-0.425531561789141
"14291138","2004-06-10",20.4633204456107,0.66107019844644,0.667004582670299,0.708957621662454,20.3793347804322,18.4224795529011,19.4009071666667,0.685704165312805,53.4519260359432,19.2509204,19.5970815226517,0.167280738769038,-0.306969101677505
"14291137","2004-06-14",19.7864226416101,0.545117698343503,0.627746769366499,0.669229168215877,20.3924211153589,18.5026885513078,19.4475548333333,0.642975345721653,50.854297609236,19.2453324,19.6013719862981,0.157641530447172,-0.21404697525257
"14291136","2004-06-15",18.389316362656,0.619605399442539,0.608597765410828,0.634449705815875,20.4237791080806,18.5619868919194,19.492883,0.692477798304243,53.7585011191468,19.2727156,19.6199917214584,0.193707413430388,-0.132496097515978
"14291135","2004-06-16",17.2394245281343,0.433158027696761,0.532627041827601,0.589657192201642,20.4363473712623,18.6327786287377,19.534563,0.630825990217816,52.5054695936657,19.3094128,19.6305408252639,0.202698523243328,-0.0654571733641171
"14291134","2004-06-17",16.0160103733112,0.156251572749084,0.403004999962795,0.514743269067074,20.4349764663643,18.723408866969,19.5791926666667,0.61541310632612,52.2143166745736,19.3421984,19.6384420485621,0.203639662866117,-0.0116378061180702
"14291133","2004-06-18",15.2029771774122,0.438020195566918,0.342476598670921,0.426036213487105,20.407687694184,18.872400305816,19.640044,0.685083263337474,57.3146302814319,19.3919352,19.6701271087538,0.277583868086073,0.0462065287227585
"14291132","2004-06-21",15.1792978452559,0.570249693872116,0.388173820729373,0.377885139787696,20.3546327832334,19.0601978834333,19.7074153333333,0.75022090080907,59.1908745778558,19.4427896,19.7075221609199,0.362350247055798,0.109435272389366
"14291131","2004-06-22",14.8370334542288,0.462812117340147,0.490360668926394,0.407003696108895,20.2937808236172,19.2284711763828,19.761126,0.683678051267055,56.9986383272616,19.486752,19.7318592061306,0.399977448612376,0.167543707633968
"14291130","2004-06-23",14.0755203996578,0.0743757653197063,0.36914585884399,0.415893449499918,20.2107848740705,19.3942067925961,19.8024958333333,0.548287890929113,49.8150488546744,19.5195372,19.7237673119799,0.336413216231302,0.201317609353435
"14291129","2004-06-24",13.2946688713743,0.680554727110055,0.405914203256636,0.421806910342339,20.1621477582526,19.5439005750807,19.8530241666667,0.991749106627911,60.0759089554644,19.5703916,19.7720170037159,0.450117446265508,0.25107757673585
"14291128","2004-06-25",12.6112469515752,0.787666196023059,0.51419889615094,0.429752986083855,20.1793326346066,19.6030906987267,19.8912116666667,1.05831005457004,61.6873153148616,19.634658,19.8243894032204,0.565552056776197,0.313972472743919
"14291127","2004-06-28",14.5450212523494,0.515145008166268,0.661121977099794,0.52707835883579,20.3728850285106,19.505937638156,19.9394113333333,1.34192575172848,66.4107205960252,19.7095424,19.903929482791,0.751738649180589,0.401525708031253
"14291126","2004-06-29",16.6387090559674,0.692308599879656,0.665039934689661,0.613453602646798,20.6156973376858,19.3621639956475,19.9889306666667,1.28797212663462,71.9611221264026,19.7894564,20.0237815517522,1.04016131525546,0.529252829476095
"14291125","2004-06-30",18.9134420147828,0.839508398371226,0.682320668805717,0.669494193531723,20.9089639757047,19.2073656909619,20.0581648333333,1.23776236020151,76.4571906314389,19.8798024,20.1822960115186,1.4139677177472,0.706195807130316
"14291124","2004-07-01",21.0256940479685,0.869135985748219,0.800317661333034,0.715892754942803,21.1353689128286,19.1079414205047,20.1216551666667,1.09247240055747,76.9987811744947,19.9703344,20.3271258766495,1.70886008021298,0.906728661746849
"14291123","2004-07-02",23.1974229883243,0.883662958494336,0.864102447537927,0.782246925892225,21.348205905314,19.0431974280194,20.1957016666667,1.02536827749747,77.644976480663,20.0508076,20.4613384264295,1.94256056436297,1.11389504227007
"14291122","2004-07-06",25.1884626534946,0.881186119069004,0.877995021103853,0.847471709991604,21.5178250795011,19.0208942538322,20.2693596666667,0.936835089217091,77.4774392964101,20.1201036,20.5770346362389,2.0988876707954,1.31089356797514
"14291121","2004-07-07",25.6707880441485,0.740096628628224,0.834981902063855,0.859026456901878,21.624485852478,19.0379548141887,20.3312203333333,0.816164644676968,68.4207922225071,20.1664872,20.6419113514071,2.09308770720138,1.46733239582039
"14291120","2004-07-08",26.1186616211843,0.774751120158603,0.798677955951944,0.837218293039883,21.7127012433963,19.0953484232703,20.4040248333333,0.790556356847369,69.3679404117659,20.2192044,20.7068311712195,2.08894288653758,1.59165449396383
"14291119","2004-07-09",25.7549308504507,0.688114891332656,0.734320880039828,0.789326912685208,21.7675918181482,19.1738035151851,20.4706976666667,0.722005653278966,64.1850140859094,20.2585092,20.7413616817235,1.99859324434957,1.67304224404097
"14291118","2004-07-12",25.4171808490552,0.725246222288365,0.729370744593208,0.754123193528326,21.8178912584873,19.2559187415127,20.536905,0.715281388206033,65.3789529621329,20.306942,20.7806027908271,1.93151512924958,1.7247368210827
"14291117","2004-07-13",25.4922684687725,0.80940561168898,0.74092224177,0.734871288801011,21.8703498738016,19.3552784595317,20.6128141666667,0.74775008897612,67.9840862759554,20.361522,20.8357237520501,1.91712402972435,1.76321426281103
"14291116","2004-07-14",25.9248069747281,0.742855974259693,0.759169269412346,0.743154085258518,21.9206867624177,19.4463592375823,20.683523,0.73517110305437,67.3420157060855,20.4140532,20.8810112517768,1.87628456480062,1.78582832320895
"14291115","2004-07-15",26.4702963783633,0.771809855958033,0.774690480635569,0.758260663939304,21.9534099702917,19.5688693630416,20.7611396666667,0.735563333090435,68.3868735155897,20.4779472,20.9283324182065,1.84549741908908,1.79776214238497
"14291114","2004-07-16",27.1096735965711,0.806585016701127,0.773750282306285,0.769203344118066,21.9755193479118,19.7094443187549,20.8424818333333,0.747604996648659,70.0537062438235,20.544822,20.982384095779,1.83699261338119,1.80560823658422
"14291113","2004-07-19",27.8644497605447,0.807006969297418,0.79513394731886,0.781191570086904,22.0055430050848,19.8366716615818,20.9211073333333,0.765392720684391,71.8784269581667,20.6137456,21.0441302163418,1.85110304364102,1.81470719799558
"14291112","2004-07-20",28.8029682506807,0.746758136032797,0.786783374010447,0.785222534545197,22.0351107620086,19.9601639046581,20.9976373333333,0.771945599313905,72.7719430372097,20.68863,21.1050955208296,1.8614126159076,1.82404828157798
"14291111","2004-07-21",28.1231289032272,0.339185031707162,0.630983379012459,0.737633566780588,22.0045774917782,20.1361505082218,21.070364,0.682490049830216,62.598660511611,20.748426,21.122538784719,1.74755680148291,1.80874998555897
"14291110","2004-07-22",26.1365153944392,0,0.36198105591332,0.593249269645408,21.8766573147008,20.3846863519659,21.1306718333333,0.444644700156489,53.4263029022951,20.79779,21.0972949467564,1.52413415621699,1.75182681969057
"14291109","2004-07-23",24.5719178725002,0,0.113061677235721,0.368675370720499,21.7761363854764,20.5649976145236,21.170567,0.321971680561106,51.1896249454679,20.8441736,21.0642409538556,1.30006445745601,1.66147434724366
"14291108","2004-07-26",23.2464136412346,0,5.55111512312578e-17,0.158347577716346,21.6423593984455,20.7700266015545,21.206193,0.178173665294656,50.3074888317659,20.881802,21.0312474933415,1.09735202309014,1.54864988241296
"14291107","2004-07-27",22.0155882836308,0.00492928694584942,0.00164309564861653,0.0382349242947785,21.60565294012,20.8301737265466,21.2179133333333,0.0948440725416591,50.4389649949517,20.9166364,21.0032744942293,0.927792073751244,1.42447832068061
"14291106","2004-07-28",21.3261474113462,0.0738864148428645,0.026271900596238,0.00930499874828422,21.6013238849202,20.8421087817465,21.2217163333333,0.277432861086447,52.3387365313494,20.9565,20.9877232283321,0.809158158509282,1.30141428824635
"14291105","2004-07-29",21.1030470873025,0.532024498344561,0.203613400044425,0.0771761320964259,21.6091849518034,20.8410780481966,21.2251315,0.704023466782364,62.5969167862297,21.0224432,21.0319934645544,0.871513044536076,1.21543403950429
"14291104","2004-07-30",21.1577089725082,0.576356347250282,0.394089086812569,0.20799146248441,21.6236927952929,20.8379025380404,21.2307976666667,0.761361940761096,63.4174254560776,21.073484,21.0759490026139,0.9259307154037,1.15753337468417
"14291103","2004-08-02",21.9739650834201,0.633482316362222,0.580621053985689,0.392774513614227,21.6576627517678,20.8227155815655,21.2401891666667,0.924363176471951,65.5004131624514,21.1256424,21.1283251355987,0.998089376730027,1.12564457509334
"14291102","2004-08-03",22.7945871292023,0.818590377014288,0.676143013542264,0.550284384780173,21.7286542093329,20.7899117906671,21.259283,1.01419891520331,69.196151360835,21.1759384,21.2016604508522,1.12161429202775,1.12483851848023
"14291101","2004-08-04",22.9555463327508,0.712393584676192,0.721488759350901,0.659417608959617,21.7812170692057,20.7879552641276,21.2845861666667,0.872980381177055,65.1854633261172,21.2064884,21.2503150574052,1.16284296908049,1.13243940860028
"14291100","2004-08-05",22.6951395363561,0.637171252660384,0.722718404783621,0.706783392558928,21.8170853556317,20.7950866443683,21.306086,0.782215620060274,62.425404217247,21.2174788,21.2819263830845,1.15182077590448,1.13631568206112
"14291099","2004-08-06",22.4533332254181,0.654872301611431,0.668145712982669,0.70411762570573,21.8434721264373,20.8227215402293,21.3330968333333,0.748496714176731,62.824303843517,21.2269792,21.3118068653399,1.13681427077974,1.13641539980484
"14291098","2004-08-09",22.2287987938328,0.690264898145332,0.660769484139049,0.683877867301779,21.8692721966962,20.8484588033038,21.3588655,0.739963381083078,63.6551307046398,21.2353616,21.3426699499613,1.12582151649063,1.134296623142
"14291097","2004-08-10",22.7941063660153,0.734438761872516,0.693191987209759,0.674035728110492,21.9170683793222,20.8511132873445,21.3840908333333,0.83429097468404,65.8152656820951,21.2478424,21.3824579566331,1.14064330325101,1.1355659591638
"14291096","2004-08-11",23.4414081659076,0.803214929414708,0.742639529810852,0.698867000386553,21.9749482608643,20.8491174058024,21.4120328333333,0.866147808213472,68.0546145539337,21.2752256,21.431222229082,1.17879805680088,1.14421237869122
"14291095","2004-08-12",24.1980560610786,0.83397725011607,0.790543647134432,0.742125054718347,22.0384080971769,20.8423175694898,21.4403628333333,0.875462522502455,69.5489924784405,21.3029812,21.4834192652044,1.22247687403496,1.15986527775997
"14291094","2004-08-13",23.8712509966572,0.697677902621723,0.778290027384167,0.770491068109816,22.0716815477076,20.8445924522924,21.458137,0.745230495316906,62.6454367946785,21.3307372,21.5069246965105,1.1819264971348,1.16427752163493
"14291093","2004-08-16",23.567789151123,0.696728885603398,0.742794679447064,0.77054278465522,22.0985996935871,20.8439093064129,21.4712545,0.729383681378332,63.0963448060546,21.356444,21.5297800703091,1.14345324310119,1.16011266592818
"14291092","2004-08-17",23.2860031516984,0.543046075085321,0.645817621103481,0.722300775978236,22.120148663137,20.842230336863,21.4811895,0.718652862436592,63.6862339248594,21.3767484,21.5526920609346,1.10876516013689,1.14984316476993
"14291091","2004-08-18",24.1562360218689,0.520006871418581,0.586593944035767,0.65840208152877,22.1716460297316,20.8411839702684,21.506415,0.807733941318494,65.8058352149228,21.4011512,21.5837264528099,1.09979486890937,1.13983350559781
"14291090","2004-08-19",25.0834923572063,0.731251342065707,0.598101429523203,0.610170998220816,22.233124126201,20.8829365404657,21.5580303333333,0.886879328609876,70.8018139450403,21.43226,21.641048259102,1.16413433993934,1.14469367246612
"14291089","2004-08-20",25.6470274235115,0.666671254938129,0.639309822807472,0.608001732122147,22.2566170662983,20.9668652670351,21.6117411666667,0.823647929964872,68.8132196261462,21.4577804,21.6851391578884,1.18532961629019,1.15282086123093
"14291088","2004-08-23",26.5247463527747,0.760739833221354,0.719554143408397,0.65232179857969,22.2717714174061,21.0717065825939,21.671739,0.878038741607648,70.7775803376948,21.482556,21.7357699368366,1.22223200926148,1.16670309083704
"14291087","2004-08-24",27.2338124331513,0.742336218366725,0.723249102175403,0.694037689463756,22.2423544297088,21.2189459036246,21.7306501666667,0.84326125984523,70.0647354489792,21.5045372,21.7777872785917,1.23165926586162,1.17969432584196
"14291086","2004-08-25",28.2917762944141,0.679015945813397,0.727363999133826,0.723389081572541,22.2143816702979,21.3515466630354,21.7829641666667,0.866299270049387,68.3351215089802,21.5358324,21.8098556414461,1.21277264400745,1.18630998947506
"14291085","2004-08-26",29.0853474660901,0.629869767701277,0.683740643960467,0.711451248423231,22.2209099113325,21.4117684220009,21.8163391666667,0.787964675818491,67.061444912808,21.5783044,21.8345428892533,1.17544454870957,1.18413690132196
"14291084","2004-08-27",29.8222349826465,0.616535890729444,0.641807201414706,0.684303948169665,22.2241458006021,21.4701598660646,21.8471528333333,0.772278067705936,67.8359556565741,21.6252468,21.8596638373529,1.14285353694668,1.1758802284469
"14291083","2004-08-30",30.633422520788,0.558135663753644,0.601513774061455,0.642353873145542,22.237269269789,21.5020540635443,21.8696616666667,0.738059548433448,66.160599982701,21.6723756,21.8777099923725,1.09397578734314,1.15949934022615
"14291082","2004-08-31",31.916699503215,0.610294465935108,0.594988673472732,0.612769882982963,22.2681738483201,21.5098024850132,21.8889881666667,0.815841523369506,67.7341232918139,21.7213672,21.9001806600562,1.06178051342114,1.13995557486515
"14291081","2004-09-01",33.686222748196,0.755553169660966,0.641327766449906,0.61261007132803,22.3396054862838,21.5090018470495,21.9243036666667,1.02619522239218,74.0056137945217,21.777624,21.9525645720487,1.11402779343128,1.13477001857837
"14291080","2004-09-02",35.364694683571,0.821221209213052,0.729022948269708,0.655113129397448,22.4030595208415,21.5273554791585,21.9652075,1.01087941287428,75.4593452585731,21.8193504,22.0072772957755,1.16711227214874,1.14123846929245
"14291079","2004-09-03",36.9232757664192,0.839075920623954,0.80528343316599,0.725211382628534,22.4506223146201,21.5628420187132,22.0067321666667,0.962401754757743,75.8473179127787,21.8601456,22.0571789896721,1.20164215947258,1.15331920732848
"14291078","2004-09-07",38.4998967113722,0.819878095949425,0.826725075262143,0.787010485565947,22.4914524597055,21.6061482069612,22.0488003333333,0.947740234054687,76.25164531949,21.8974016,22.1029111243825,1.22129676308045,1.16691471847887
"14291077","2004-09-08",37.8569839914333,0.347104651369146,0.668686222647508,0.76689824369188,22.4989480130456,21.6477063202877,22.0733271666667,0.685187710307367,62.2295597081252,21.9169608,22.1114989744648,1.13854881857687,1.16124153849847
"14291076","2004-09-09",36.3592223638378,0.123959608866172,0.430314118728247,0.641908472212632,22.4967551153304,21.6767545513363,22.0867548333333,0.507380279476712,56.2175808393853,21.9359612,22.1021764445362,1.01538442426345,1.13207011565147
"14291075","2004-09-10",33.7735602146839,0,0.157021420078439,0.41867392048473,22.4954834707801,21.6812861958866,22.0883848333333,0.295706963825091,48.2267416646328,21.9501184,22.067396918598,0.835024944286777,1.07266108137853
"14291074","2004-09-13",32.1673699833454,0,0.0413198696220572,0.20955180280958,22.4951381121087,21.6819422212247,22.0885401666667,0.0986491852799121,42.748325043049,21.9568244,22.0149013294516,0.623447276504629,0.982818320403749
"14291073","2004-09-14",30.8650503785185,0,-8.32667268468867e-17,0.0661137632334978,22.5043547265283,21.665429606805,22.0848921666667,0.0246391396669314,41.4797899943335,21.960364,21.9638171521914,0.435167405731396,0.873288137469278
"14291072","2004-09-15",30.0076821234736,0,-8.32667268468867e-17,0.013773289874018,22.5231151033,21.6323878967,22.0777515,-0.0163812555912128,39.1182748796032,21.9568248,21.9089881985659,0.253663785771785,0.74936326712978
"14291071","2004-09-16",28.5317642357358,0.127964014573281,0.0426546715244269,0.0142182238414746,22.5334025332752,21.6044041333914,22.0689033333333,0.144753604123956,44.5206307593525,21.9540308,21.8782351054238,0.15421095886663,0.63033280547715
"14291070","2004-09-17",26.5632495776422,0.293836885062383,0.140600299878554,0.0610849904676594,22.5302556881924,21.5887676451409,22.0595116666667,0.322669017166827,50.6354498251963,21.954776,21.8733144247006,0.133974243193946,0.531061093020509
"14291069","2004-09-20",25.0243357456442,0.20852414972217,0.210108349785945,0.131121107062974,22.5318713765037,21.5647976234963,22.0483345,0.249025174231169,47.7220861159076,21.9586876,21.8578725014072,0.08598826563051,0.442046527542509
"14291068","2004-09-21",24.0867616733256,0.104262074861083,0.202207703215212,0.184305450959903,22.5302427005263,21.5263756328071,22.0283091666667,0.197762937853236,44.3627340774933,21.957756,21.8308295012196,0.00994861350247511,0.355626944734502
"14291067","2004-09-22",23.2161571776011,0.132696261016465,0.148494161866573,0.186936738289242,22.5279909774391,21.4940096892276,22.0110003333333,0.233814976662296,45.4897076476451,21.9570108,21.8111175677236,-0.0395795934744148,0.276585637092719
"14291066","2004-09-23",23.0545504650814,0,0.0789861119591828,0.143229325680322,22.5300074439117,21.4432495560883,21.9866285,0.154895381143408,41.0158195337222,21.947324,21.7754058920271,-0.12916394378979,0.195435720916217
"14291065","2004-09-24",23.08593999603,0,0.0442320870054883,0.0905707869437471,22.5368461918503,21.3858048081497,21.9613255,0.136813955965137,39.7527873696561,21.9268332,21.7388677730902,-0.21340398770382,0.11366777919221
"14291064","2004-09-27",21.9136970387695,0.114133669432482,0.038044556477494,0.0537542518140541,22.5295438768558,21.3550751231442,21.9423095,0.269953153304854,44.0802572971552,21.9119308,21.7202414033448,-0.241163041008108,0.0427016151521464
"14291063","2004-09-28",20.719611680469,0.389254781017163,0.167796150149882,0.0833575978776204,22.5189753352037,21.3453076647963,21.9321415,0.422623042601314,50.7869510810978,21.9001948,21.7270718828989,-0.196867588459526,-0.00521222557018811
"14291062","2004-09-29",19.6108181334757,0.623995052566477,0.375794501005374,0.193878402544249,22.5006828694166,21.3407804639167,21.9207316666667,0.482399381272774,53.9987516461008,21.8927432,21.7454102985123,-0.125729086828663,-0.0293155978218831
"14291061","2004-09-30",18.8451490751304,0.741075194601014,0.584775009394885,0.376121886850046,22.4430980550079,21.3555206116588,21.8993093333333,0.530901094481924,54.7932437449459,21.8875272,21.7644089253774,-0.0600560953180618,-0.0354636973211188
"14291060","2004-10-01",18.4417624016152,0.776008383151237,0.713692876772909,0.558087462391055,22.371637321759,21.3853790115743,21.8785081666667,0.619700047591548,57.0306338007891,21.8858508,21.7895677353271,0.0159195849892546,-0.0251870408590442
"14291059","2004-10-04",18.5997959990336,0.818789721713816,0.778624433155355,0.692364106441049,22.3048565199549,21.4215788133784,21.8632176666667,0.781016564573695,60.7646843353929,21.8877136,21.8268947039501,0.117751639209307,0.00340069515462607
"14291058","2004-10-05",19.5683765645772,0.746117044948822,0.780305049937958,0.757540786622073,22.2490078140916,21.4577131859084,21.8533605,0.998781135718731,63.7503203204971,21.8947924,21.8729060767568,0.233397574426997,0.0494000710091002
"14291057","2004-10-06",20.9895456438748,0.731274949391755,0.765393905351464,0.774774462814925,22.2857455960996,21.434791070567,21.8602683333333,1.0979814252489,66.4957007826272,21.90392,21.9264425998559,0.358354261602267,0.111190909127734
"14291056","2004-10-07",22.367402933365,0.714279074523365,0.730557022954648,0.758751992748023,22.3452548293492,21.4032238373174,21.8742393333333,1.02863158170545,66.249923136014,21.9029884,21.9722195865417,0.450127916089982,0.178978310520183
"14291055","2004-10-08",23.3646132471615,0.679652713870066,0.708402245928396,0.734784391411502,22.3972226695073,21.3880466638261,21.8926346666667,0.89370932103346,64.2069808088895,21.8977728,22.0069263083362,0.503139463067548,0.243810541029656
"14291054","2004-10-11",24.5811861569084,0.744582949887057,0.712838246093496,0.717265838325512,22.4632136377915,21.3822856955419,21.9227496666667,0.908643027348683,66.3052344408959,21.894606,22.046318800558,0.564032270368897,0.307854886897504
"14291053","2004-10-12",26.4281547493035,0.720760068065797,0.714998577274307,0.712079689765399,22.5486721650409,21.3787901682925,21.9637311666667,0.963293592721137,68.8005158544113,21.8942336,22.0922576271503,0.637031688313794,0.373690247180762
"14291052","2004-10-13",28.3486919562768,0.7526499889979,0.739331002316918,0.722389275228239,22.6374449331039,21.3884350668961,22.01294,0.971600224521636,71.4377681769229,21.9072732,22.1457312768636,0.7235555401508,0.44366330577477
"14291051","2004-10-14",29.9819925731815,0.717554686795669,0.730321581286455,0.728217053625893,22.7134612207851,21.3970204458815,22.0552408333333,0.902339279845009,70.2744795464914,21.9245972,22.1895911066151,0.776020656255105,0.510134775870837
"14291050","2004-10-15",32.2458486239017,0.760134350879228,0.743446342224266,0.737699641942546,22.8621250158932,21.3520526507735,22.1070888333333,1.04462809354712,77.5553682986832,21.963716,22.2735522923998,0.931410850404157,0.594389990777501
"14291049","2004-10-18",33.6695878727161,0.670289573186861,0.715992870287253,0.729920264599324,22.9596934188461,21.3558519144872,22.1577726666667,0.91246428124941,72.3942985159814,22.0058152,22.3338999867465,1.0084145520282,0.677194903027641
"14291048","2004-10-19",34.3145265727932,0.586712095400342,0.672378673155477,0.710605961888998,23.0285652489999,21.3916074176668,22.2100863333333,0.842764072838949,67.3277818257218,22.0456788,22.3731613218469,1.02192773120886,0.746141468663885
"14291047","2004-10-20",34.8166542123205,0.552525379120191,0.603175682569131,0.663849075337286,23.0802397234118,21.4408346099215,22.2605371666667,0.795381230676433,66.6106630314239,22.0881504,22.4053251456007,1.01565705359028,0.800044585649164
"14291046","2004-10-21",35.9842091789301,0.703845327959565,0.614360934160032,0.629971763294879,23.1621759705069,21.5018680294931,22.332022,0.92718460984225,73.3390139068349,22.1378868,22.4741817928539,1.10805205851101,0.861646080221534
"14291045","2004-10-22",38.0380077364687,0.642855457366353,0.633075388148703,0.616870668292621,23.3134235681858,21.5426434318142,22.4280335,1.08475911947773,78.4997294115425,22.194702,22.5791855538067,1.2871914463874,0.946755153454708
"14291044","2004-10-25",40.2220628549118,0.846150567197898,0.730950450841272,0.659462257716668,23.5710600267041,21.5094739732959,22.540267,1.16770420007014,83.9869471498573,22.277224,22.7447008132992,1.60735539030028,1.07887520082382
"14291043","2004-10-26",42.4068022765737,0.885320987958335,0.791442337507529,0.718489392165834,23.8388540667658,21.4683209332342,22.6535875,1.11342705828385,85.4832015108023,22.3722268,22.9160900381926,1.90931416694393,1.24496299404784
"14291042","2004-10-27",44.0059172508645,0.848624689108326,0.86003208142152,0.794141623256773,24.0375407522425,21.4837012477575,22.760621,1.00134930735393,82.5305239222456,22.4631316,23.0546926997669,2.09479925100742,1.41493024543976
"14291041","2004-10-28",45.1390035449358,0.812353361215955,0.848766346094205,0.833413588341084,24.1882909491594,21.5389460508405,22.8636185,0.926236752860383,80.1093229123627,22.5572032,23.1667430064647,2.19297012255304,1.57053822086242
"14291040","2004-10-29",46.3069359631057,0.838706927327269,0.83322832588385,0.847342251133191,24.3274641990724,21.6066988009276,22.9670815,0.903835565566422,80.8088832348859,22.6557452,23.2731666056027,2.26703670602921,1.70983791789577
"14291039","2004-11-01",47.3914446371205,0.893505117264842,0.848188468602689,0.843394380193581,24.4604582987957,21.6764397012043,23.068449,0.884456603220726,81.9055257886901,22.754846,23.380303058189,2.33566954627948,1.83500424357252
"14291038","2004-11-02",45.8100291161855,0.620781393792354,0.784331146128155,0.821915980204897,24.5187524912874,21.7729131753792,23.1458328333333,0.736680698284677,64.5319200434967,22.8274956,23.4079573170972,2.19527475164236,1.90705834518649
"14291037","2004-11-03",44.3415718467459,0.743660932471994,0.752649147843064,0.795056254191302,24.5922345840341,21.8577690826326,23.2250018333333,0.766048885834225,68.3223131792855,22.9066648,23.4660750081509,2.14702638915187,1.95505195397956
"14291036","2004-11-04",44.0299953862892,0.757508132984209,0.707316819749519,0.748099037906912,24.7071878018832,21.9360815314501,23.3216346666667,0.854821710432993,72.0636712199615,22.9968244,23.5561836737308,2.18496101977599,2.00103376713885
"14291035","2004-11-05",43.3296872663423,0.711318733634847,0.73749593303035,0.732487300207644,24.7652843756645,22.0673696243355,23.416327,0.784470194232526,69.3088324631285,23.0806504,23.6218591839,2.15721446444546,2.03226990660017
"14291034","2004-11-08",42.8880584075333,0.787530746647623,0.752119204422227,0.732310652400698,24.8267219817775,22.2013710182225,23.5140465,0.806552093227003,71.2610007101126,23.1659668,23.6992686260467,2.1618208694312,2.05818009916638
"14291033","2004-11-09",42.7651288963325,0.907897562243595,0.802249014175355,0.76395471720931,24.9236776503331,22.3121173496669,23.6178975,0.869454421463632,74.9070839374602,23.2602244,23.8098221425738,2.24893049842938,2.09633017901898
"14291032","2004-11-10",42.5139663872201,0.866454500944253,0.853960936611823,0.802776385069801,24.9946275689859,22.4364510976807,23.7155393333333,0.828073796347001,74.0400650960963,23.3492664,23.9019098568973,2.28055811532546,2.13317576628027
"14291031","2004-11-11",42.6310082678338,0.786522546867084,0.853624870018311,0.836611606935162,25.0493599238405,22.5886450761595,23.8190025,0.8393962940432,74.7738396940943,23.4411028,23.9904125426443,2.29973922873017,2.16648845877025
"14291030","2004-11-12",43.1306708837116,0.788462332585443,0.813813126798927,0.840466311143019,25.149618430846,22.6790132358206,23.9143158333333,0.872972380150168,76.6049859362275,23.5411352,24.0894682036251,2.34280677602834,2.20175212222187
"14291029","2004-11-15",43.5946433127409,0.807691778276369,0.794225552576299,0.820554516464511,25.2042285610773,22.8257407722561,24.0149846666667,0.843786503274532,76.9058575712503,23.6394912,24.1790417764751,2.35764744059406,2.23293118589631
"14291028","2004-11-16",43.7365256664416,0.772433206238212,0.789529105700008,0.799189261691744,25.2072911378914,23.0263441954419,24.1168176666667,0.816843563018513,75.0012347393108,23.7322584,24.2498415396117,2.32441779883146,2.25122850848334
"14291027","2004-11-17",42.242854277023,0.54807361422731,0.709399532913964,0.764384730396756,25.1136785663011,23.3023557670322,24.2080171666667,0.699169082476965,64.1193679533359,23.807888,24.2677360009968,2.16426176650406,2.23383516008748
"14291026","2004-11-18",40.7722781451909,0.535251689630965,0.618586170032162,0.705838269548711,25.0112188094769,23.543594190523,24.2774065,0.603337164495631,63.5518799898272,23.8835176,24.2807605341972,2.00792758339734,2.18865364474945
"14291025","2004-11-19",38.7475966428043,0.432690057674571,0.505338453844282,0.611108052263468,24.9513356086268,23.6879247247065,24.3196301666667,0.490784074960743,59.0499056299427,23.9394016,24.2721791296376,1.81362074489382,2.11364706477833
"14291024","2004-11-22",37.6253808224706,0.40855579228809,0.458832513197875,0.527585712358106,24.9539169219568,23.7406064113766,24.3472616666667,0.600687333485296,61.3532321724529,24.003668,24.2802645790193,1.67900068979174,2.02671778978101
"14291023","2004-11-23",37.122434404719,0.544599471742243,0.461948440568301,0.475373135870152,24.9932101981737,23.7615438018263,24.377377,0.770094511240926,65.8980299838393,24.082092,24.3214239684834,1.63836534790622,1.94904730140605
"14291022","2004-11-24",36.6554127310925,0.685444684154284,0.546199982728206,0.488993645498127,25.0373667017904,23.7934516315429,24.4154091666667,0.810488105314528,68.101496563323,24.1666632,24.3757234393522,1.63323514493581,1.885884870112
"14291021","2004-11-26",36.3439745556876,0.694438479707965,0.641494211868164,0.549880878388223,25.0767450056016,23.8402273277317,24.4584861666667,0.820189922947178,68.9652481631567,24.2411752,24.4302336474386,1.62835203023273,1.83437830213615
"14291020","2004-11-29",34.3994593282479,0.237282995062416,0.539055386308222,0.575583193634863,25.0774792028619,23.8911854638047,24.4843323333333,0.582959498219686,57.7394828756737,24.2871864,24.4278011611135,1.48406394642542,1.764315430994
"14291019","2004-11-30",32.2000704578127,0,0.31057382492346,0.497041141033281,25.0707829799409,23.9137153533924,24.4922491666667,0.331358891918255,51.4288636590471,24.3004124,24.3909210062983,1.26893893765541,1.66524013232628
"14291018","2004-12-01",31.2712478876818,0,0.079094331687472,0.309574514306384,25.0524853797301,23.9422582869365,24.4973718333333,-0.0397080506225764,43.5558370469778,24.2892356,24.3055582054586,0.954650687983238,1.52312224345767
"14291017","2004-12-02",29.6976958677076,0,-2.77555756156289e-17,0.129889385536977,25.0547892751658,23.9384020581675,24.4965956666667,-0.00127380369985637,42.7365748714092,24.2791764,24.2253677780641,0.681803401668968,1.35485847509993
"14291016","2004-12-03",28.2365404205886,0.139782960055416,0.046594320018472,0.0418962172353138,25.0783355969104,23.8816357364229,24.4799856666667,0.0760822324098159,46.9290949469738,24.2788036,24.1800854076555,0.519879936910139,1.18786276746197
"14291015","2004-12-06",26.8797532196925,0.150534903409527,0.0967726211549811,0.0477889803911502,25.0956416524183,23.8427516809151,24.4691966666667,0.0999861562208692,47.2490181911143,24.2761956,24.1427033533015,0.391618625640833,1.02861393909775
"14291014","2004-12-07",25.7667509550936,0.115520275350972,0.135279379605305,0.0928821069262518,25.1174119762193,23.7812413571141,24.4493266666667,0.104935682774683,46.2481470806667,24.267254,24.1040962395279,0.271178110335546,0.877126773345306
"14291013","2004-12-08",26.0253674137674,0,0.088685059586833,0.106912353449039,25.1722483287078,23.6208463379589,24.3965473333333,-0.0603860283693048,37.3111180278477,24.2583124,24.0054394075909,0.0111926683734387,0.703939952350933
"14291012","2004-12-09",26.4288397274829,0,0.0385067584503239,0.0874903992141531,25.2308645569343,23.4420794430656,24.336472,-0.0496292757827767,36.1643191072344,24.2361452,23.9100021532454,-0.218313539992154,0.519489253882315
"14291011","2004-12-10",25.2467482953033,0,-4.62592926927149e-17,0.0423972726790514,25.2339473203385,23.3208640129948,24.2774056666667,0.0794368545035074,35.6480542504139,24.200752,23.8229431994794,-0.407366693754818,0.334118064354889
"14291010","2004-12-13",24.1490919654223,0.0777463069784577,0.0259154356594858,0.021474064703269,25.1884094439307,23.2325905560693,24.2105,0.135533737594983,39.501077100452,24.1744864,23.7654987728821,-0.506117642704551,0.166070922943001
"14291009","2004-12-14",22.8028836142574,0.302948660380183,0.12689832245288,0.0509379193707878,25.1071782146361,23.2181981186973,24.1626881666667,0.348464170013182,49.0223969052797,24.1577212,23.7678722698312,-0.446404387198218,0.043575860914757
"14291008","2004-12-15",22.2955380966084,0.474531679964999,0.28507554910788,0.145963102406748,25.0280541740416,23.2338321592918,24.1309431666667,0.523404851604088,54.8524173385765,24.1398384,23.8096693005204,-0.294479874472298,-0.024035286162654
"14291007","2004-12-16",21.8244315445058,0.54748680422265,0.441655714855944,0.284543195472234,24.9896255309075,23.2379544690925,24.11379,0.56389517745265,56.4448845734583,24.1266124,23.8576907271176,-0.142631111587266,-0.0477544512475763
"14291006","2004-12-17",21.9497044909479,0.531466326300773,0.517828270162807,0.41485317804221,24.9651124884163,23.2363885115837,24.1007505,0.539061277318773,51.8808801026518,24.102582,23.871987963502,-0.0907029577917662,-0.0563441525564143
"14291005","2004-12-20",22.7285536873021,0.81586086914205,0.631604666555158,0.530362883857969,25.0195450576619,23.2210746090048,24.1203098333333,0.821864337794504,62.0854125623956,24.0971796,23.9688255683684,0.162179981307387,-0.0126393257836541
"14291004","2004-12-21",23.7695429334553,0.854219639846448,0.733848945096424,0.627760627271462,25.0928215692934,23.1909537640399,24.1418876666667,0.899131666548986,64.8042710088633,24.0992288,24.0813154925859,0.428538100877285,0.0755961595485337
"14291003","2004-12-22",24.9749883679038,0.845603386718353,0.83856129856895,0.734671636740176,25.1529407460967,23.1614155872366,24.1571781666667,0.931164609117035,66.0578061975403,24.1074252,24.1924667602411,0.664858932153534,0.193448714069534
"14291002","2004-12-23",25.9990680938534,0.83372437009079,0.844515798885197,0.805642014183523,25.1818920481961,23.1475216184705,24.1647068333333,0.887095923384138,65.4867977564738,24.1277296,24.2856925255423,0.83354619920295,0.321468211096217
"14291001","2004-12-27",26.2686074326701,0.748214832194227,0.809180863001123,0.830752653485089,25.1767722146194,23.1498474520472,24.1633098333333,0.827173877185146,61.3741401436843,24.1420732,24.34413485547,0.900454866446654,0.437265542166304
"14291000","2004-12-28",26.5188939615714,0.750591655615629,0.777510285966882,0.810402315951066,25.2108770528817,23.138096613785,24.1744868333333,0.804807890607402,61.4466168314688,24.162564,24.395406208074,0.943736265130113,0.538559686759066
"14290999","2004-12-29",26.8595733816409,0.809971437315108,0.769592641708321,0.785427930225441,25.2874573925687,23.1217466074313,24.204602,0.820828311010721,63.2993801267677,24.1830548,24.4553640469975,1.00450576845321,0.631748903097895
"14290998","2004-12-30",27.2874093611148,0.82897582372743,0.796512972219389,0.781205299964863,25.3751842585845,23.1381810747489,24.2566826666667,0.805365680717868,63.8973732424443,24.1947904,24.5122955073978,1.05234882194853,0.715868886868023
"14290997","2004-12-31",27.3488220166061,0.778061406151571,0.80566955573137,0.790591723219692,25.4434053215776,23.1640316784224,24.3037185,0.751813987755049,61.8624041298568,24.1981436,24.5523227730781,1.05478148192957,0.783651405880332
"14290996","2005-01-03",26.5421096330456,0.584413954655735,0.730483728178246,0.777555418709667,25.4886537934205,23.1974865399128,24.3430701666667,0.681849011398936,56.5597032466377,24.191624,24.5615544033344,0.982538946382983,0.823428913980862
"14290995","2005-01-04",24.8305144861198,0.327138911505979,0.563204757437762,0.699786013782458,25.5059733809476,23.2362066190524,24.37109,0.569315492076654,50.5301016012183,24.190134,24.5366458162231,0.83460255771981,0.825663642728652
"14290994","2005-01-05",23.8984216631813,0.0706371633379634,0.327396676499892,0.540361720705299,25.503694155444,23.2625475112227,24.3831208333333,0.401367081934019,43.9597011539741,24.1862224,24.47221437406,0.604581311006247,0.781447176384171
"14290993","2005-01-06",23.5741361876147,0,0.132592024947981,0.341064486295211,25.4745526552339,23.3331360114328,24.4038443333333,0.284156436190038,40.431232455489,24.1903204,24.3896724575187,0.351751244149412,0.695507989937219
"14290992","2005-01-07",23.4179441901111,0,0.0235457211126545,0.161178140853508,25.4194281211023,23.4402635455643,24.4298458333333,0.2188144397498,39.478996637559,24.194046,24.3106854631829,0.130813409535269,0.582569073856829
"14290991","2005-01-10",23.3356152496744,0,2.31296463463574e-17,0.0520459153535442,25.377966181163,23.5183601521703,24.4481631666667,0.172520331095874,39.0660209486783,24.1895752,24.2391247347585,-0.0519388395142206,0.455667491182619
"14290990","2005-01-11",22.7826309767076,0,2.31296463463574e-17,0.00784857370421728,25.3321170267556,23.6017759732444,24.4669465,0.156940559707121,38.9783511536175,24.1843596,24.1764854367907,-0.196492450790442,0.325235502788007
"14290989","2005-01-12",21.6692546183445,0.0392803460228847,0.0130934486742949,0.00436448289143076,25.3257878305602,23.6161768361064,24.4709823333333,0.199448782013223,40.5606771757174,24.1830556,24.1290273785519,-0.290899954713975,0.202008411287611
"14290988","2005-01-13",21.0260806774965,0.340581796114618,0.126620714045834,0.0465713875733755,25.3259188878283,23.6346737788383,24.4802963333333,0.428407972313973,50.9067074220106,24.2167724,24.1394357280783,-0.233768476665874,0.114853033696914
"14290987","2005-01-14",20.8761061241662,0.586954323014323,0.322272155050609,0.153995439256912,25.3398267565265,23.6608159101402,24.5003213333333,0.574979861071745,57.4421725704656,24.2661364,24.1906789643346,-0.0817763527011905,0.0755271564172929
"14290986","2005-01-18",20.370715203316,0.510864914068761,0.479467011065901,0.309453293387447,25.3430445946222,23.6919044053778,24.5174745,0.496284688580678,55.0066822385912,24.3128924,24.22204976909,0.00579620309344442,0.0615809657525232
"14290985","2005-01-19",20.1117179474846,0.565216714773637,0.554345317285574,0.452028161134027,25.3336507312503,23.6896559354164,24.5116533333333,0.543246284505783,56.4278297354055,24.3570408,24.2585524665446,0.0972269678618742,0.0687101661743934
"14290984","2005-01-20",19.1210439387342,0.415441698902661,0.497174442581687,0.510328923644386,25.2904457977374,23.6844278689293,24.4874368333333,0.455926083557148,51.4147197242273,24.3775316,24.263488137672,0.10182670011758,0.0753334729630307
"14290983","2005-01-21",18.5582207479552,0.5,0.493552804558766,0.515024188142008,25.2290804840224,23.6968945159776,24.4629875,0.54169152309114,53.7800175993602,24.3903848,24.2820470526491,0.139463185173949,0.0881594154052144
"14290982","2005-01-24",17.8571822842457,0.550218013033899,0.488553237312187,0.493093494817546,25.1730835883208,23.7072530783459,24.4401683333333,0.537965962836737,52.5814174687254,24.397836,24.2919221122959,0.152034606326934,0.100934453589558
"14290981","2005-01-25",17.2062179965155,0.627195584814323,0.559137865949407,0.513747969273453,25.1388729039935,23.7127457626731,24.4258093333333,0.579570278164864,54.440387928371,24.4166504,24.3110364973231,0.186119074946389,0.117971377860925
"14290980","2005-01-26",16.9701026284838,0.63948280311129,0.605632133653171,0.551107745638254,25.1113702246506,23.718981442016,24.4151758333333,0.628154460563584,55.1092418857779,24.4112484,24.3313276310133,0.219820854488706,0.138341273186481
"14290979","2005-01-27",17.2447257285853,0.710525041170203,0.659067809698605,0.607945936433727,25.088847340007,23.7284649933263,24.4086561666667,0.764906284775477,59.3898938482267,24.4047284,24.3737506135449,0.304652394775173,0.171603497504219
"14290978","2005-01-28",17.6582249353448,0.823099403871347,0.724369082717613,0.663023008689796,25.0822565088242,23.7317958245092,24.4070261666667,0.870362873802359,63.0858590286151,24.4013752,24.4347331984056,0.426749623715938,0.222632722746563
"14290977","2005-01-31",18.3416190582517,0.875837668794766,0.803154037945439,0.728863643453885,25.1167213504085,23.7137849829248,24.4152531666667,0.946908009893947,65.9128402654866,24.4051008,24.5080754386182,0.567172528696669,0.291540683936584
"14290976","2005-02-01",20.6959745609525,0.63362102876183,0.777519367142648,0.768347495935232,25.2740516389342,23.6258436943992,24.4499476666667,1.10893954754182,69.2899219445071,24.4237288,24.5989600468024,0.736595534243256,0.380551653997919
"14290975","2005-02-02",22.9236684260531,0.75452351227632,0.754660736610972,0.778444713899685,25.5010219591285,23.5174713742048,24.5092466666667,1.10757378334251,74.3315095541231,24.4572592,24.7280227072288,0.981741075223197,0.500789538242974
"14290974","2005-02-03",23.6485382782777,0.562502552851315,0.650215697963155,0.727465267238924,25.6182856322444,23.5225317010889,24.5704086666667,0.888834452947453,64.972059110852,24.4738384,24.7988956795983,1.06232958600632,0.613097547795643
"14290973","2005-02-04",24.9288896917524,0.755439761461571,0.690821942196402,0.698566125590176,25.7775071836447,23.5408978163553,24.6592025,0.973174938582408,69.4312936866456,24.5021532,24.9044055889852,1.21862182497294,0.734202403231103
"14290972","2005-02-07",26.2183813323038,0.895444026113086,0.737795446808657,0.692944362322737,25.9439991589254,23.5782275077413,24.7611133333333,0.986283900684505,72.4141923836787,24.5436936,25.0306195104538,1.40900616917836,0.869163156420555
"14290971","2005-02-08",27.0614041986071,0.847184322936455,0.832689370170371,0.753768919725142,26.0556586011469,23.6675953988531,24.861627,0.913651670686322,70.0479981665322,24.5895184,25.1288275757266,1.51389271068563,0.998109067273569
"14290970","2005-02-09",27.0191221996839,0.719442655023501,0.820690334691014,0.797058383890013,26.1019237244688,23.7996929421979,24.9508083333333,0.806726417454751,64.5000179566915,24.6370196,25.1866198989631,1.51301165590527,1.10108958499991
"14290969","2005-02-10",25.8754328699665,0.530557344976498,0.699061440978818,0.7841470486134,26.0916970695304,23.952269263803,25.0219831666667,0.667647707347951,56.9880851987795,24.6847072,25.1944839124347,1.39464768297253,1.15980120459443
"14290968","2005-02-11",24.6041628235602,0.466472595235859,0.572157531745286,0.697303102471705,26.1038715099582,24.0380468233752,25.0709591666667,0.629622567558197,55.5534926155814,24.7377972,25.1926060574434,1.2654000226721,1.18092096820997
"14290967","2005-02-14",23.5286433334731,0.543025723042416,0.513351887751591,0.594856953491897,26.1354855353994,24.0879304646006,25.111708,0.66091484165623,57.916618316411,24.7985244,25.2089852497843,1.19244196571207,1.18322516771039
"14290966","2005-02-15",22.9582367476299,0.696969916059949,0.568822744779408,0.551444054758761,26.1852195022142,24.1561741644524,25.1706968333333,0.75648506893759,62.6378977898942,24.8721052,25.262920549813,1.21572279759603,1.18972469368752
"14290965","2005-02-16",22.1027537064118,0.577523283201972,0.605839640768112,0.562671424433036,26.2167736573836,24.2278503426164,25.222312,0.697464291567866,60.4690797910194,24.9423328,25.2978671431713,1.19186841201304,1.19015343735262
"14290964","2005-02-17",21.4202147764504,0.515560730271133,0.596684643177685,0.590449009575067,26.2194997322598,24.3462062677402,25.282853,0.683964947222899,60.4690797910194,25.0105116,25.3281541907485,1.15941135941375,1.18400502176485
"14290963","2005-02-18",20.2061742046915,0,0.364361337824368,0.522295207256721,26.192643392796,24.4525419405373,25.3225926666667,0.499464015925363,52.1951134141406,25.0492576,25.3078322986487,1.01072022509805,1.14934806243149
"14290962","2005-02-22",20.181825817982,0,0.171853576757044,0.377633185919698,26.1533096267824,24.5297527065509,25.3415311666667,0.212396183436498,44.4267581010211,25.058758,25.2349573254955,0.751899343319495,1.06985831860909
"14290961","2005-02-23",19.8995364506514,0,-1.48029736616688e-16,0.17873830486047,26.1148567730895,24.6020462269105,25.3584515,0.182208609742365,43.8736472768955,25.0708664,25.1674523487628,0.529934955534461,0.961873645994164
"14290960","2005-02-24",19.4227760086707,0.228572962360809,0.0761909874536027,0.0826815214035479,26.0664908719041,24.7007077947626,25.3835993333333,0.289845104391898,50.0024100855488,25.0921024,25.1486880355944,0.444378477084384,0.858374612212208
"14290959","2005-02-25",18.2737902256515,0.285714285714286,0.171429082691698,0.0825400233817658,26.0338486871465,24.7834903128534,25.4086695,0.389442763363889,51.4302578666792,25.1243288,25.1423602975152,0.395932541516308,0.765886198073028
"14290958","2005-02-28",17.2068748557051,0.355076128309461,0.289787792128185,0.179135954091161,26.0127670859896,24.8458645806771,25.4293158333333,0.406416774749521,53.0546649334108,25.155624,25.1480535911798,0.380072444972201,0.688723447452863
"14290957","2005-03-01",16.2161677264692,0.549996421158112,0.396928945060619,0.286048606626833,26.0043486340254,24.8926260326412,25.4484873333333,0.479472697021492,56.0447803750787,25.1951152,25.1740984456892,0.41350415887893,0.633679589738076
"14290956","2005-03-02",15.2779718089005,0.429165771956194,0.444746107141255,0.377154281443352,26.0004354816387,24.8799295183613,25.4401825,0.363746820629624,52.9469844573215,25.2260376,25.1786639862639,0.392121530935508,0.585367977977563
"14290955","2005-03-03",14.8548226585008,0.304165771956193,0.427775988356833,0.423150346852901,25.9704258526418,24.8548314806915,25.4126286666667,0.276526899380545,49.8756721469363,25.250254,25.1639927880954,0.32661453914764,0.533617290211578
"14290954","2005-03-04",13.937164239763,0.354171140219025,0.36250089471047,0.411674330069519,25.9680937431848,24.8435029234819,25.4057983333333,0.360309192243356,51.0977610315975,25.2692548,25.1587297496827,0.289293943539892,0.484752620877241
"14290953","2005-03-07",13.5596899435451,0.562495526447641,0.406944146207619,0.399073676424973,25.939283917441,24.8487167492256,25.3940003333333,0.580279022895886,55.9195521702635,25.2903044,25.1852137830583,0.330563578716903,0.453914812445173
"14290952","2005-03-08",12.8749056165043,0.485236158048763,0.467300941571809,0.412248660829965,25.8570257810602,24.8752462189398,25.366136,0.487906993458871,53.6413309553294,25.3014816,25.1957492786506,0.329567859398905,0.42904542183592
"14290951","2005-03-09",12.8216246256908,0.151896784481429,0.399876156325944,0.424707081368457,25.7799565124181,24.8756301542486,25.3277933333333,0.228866320086406,45.7172488391765,25.289746,25.1558253748305,0.208446727711475,0.384925683011031
"14290950","2005-03-10",13.3276995593181,0,0.212377647510064,0.359851581802605,25.7627167187266,24.8091992812735,25.285958,0.0115964165508531,41.8414661194565,25.2543528,25.0926619915198,0.0429825038140041,0.316537047171626
"14290949","2005-03-11",13.9923070676588,0,0.0506322614938097,0.220962021776605,25.7841006045674,24.723703728766,25.2539021666667,0.014931143482215,40.4757526855521,25.2280872,25.0273643926505,-0.112693745198233,0.230690888697654
"14290948","2005-03-14",14.3885806408549,0.0454569653948539,0.0151523217982846,0.0927207436007184,25.7916453149475,24.6615170183858,25.2265811666667,0.115738760527252,41.7995676701727,25.1906448,24.9776038069637,-0.217347171440474,0.141083276670028
"14290947","2005-03-15",14.2648771625262,0.0991748003549246,0.0482105885832594,0.0379983906251168,25.774146384641,24.6223559486924,25.1982511666667,0.218993007265155,43.401488806644,25.1451924,24.9425499660352,-0.277693522139211,0.0573279169081804
"14290946","2005-03-16",15.1890073951452,0,0.0482105885832594,0.0371911663216001,25.7456873968333,24.5306642698334,25.1381758333333,-0.0337888793399289,36.2169951574111,25.0868868,24.8581486372305,-0.451920466049949,-0.0445217596834454
"14290945","2005-03-17",16.0471283254342,0.134427868402341,0.0778675562524218,0.0580962444729791,25.6995291771766,24.4728161561568,25.0861726666667,0.0832907469738072,41.1602961510656,25.0444152,24.8104594855998,-0.522428830870303,-0.140103173920817
"14290944","2005-03-18",16.5322953399974,0.173769176071363,0.102732348157901,0.076270164331193,25.6266809499666,24.4466250500334,25.036653,0.161394854241544,42.5632585629823,25.0168456,24.7765795541865,-0.55393104589504,-0.222868748315662
"14290943","2005-03-21",16.5586494676605,0.259013369567515,0.189070138013739,0.123223347474686,25.5954089347257,24.4209263986077,25.0081676666667,0.28184917573982,45.5905259579958,24.9967272,24.7633609469616,-0.533370325380156,-0.28496906372856
"14290942","2005-03-22",17.2445522865584,0.0852441934961543,0.172675579711677,0.154826021961105,25.6071462678775,24.3801600654559,24.9936531666667,0.166375085670261,40.8625127757058,24.961334,24.7189954873667,-0.590875927539347,-0.346150436490718
"14290941","2005-03-23",18.5030117365883,0,0.114752521021223,0.158832746248879,25.6557380998821,24.2685435667846,24.9621408333333,-0.0152083212660956,36.3440080637185,24.9030284,24.6439107557178,-0.7183732125427,-0.420594991701114
"14290940","2005-03-24",18.1677374998071,0.0355003271773164,0.0402481735578235,0.109225424763573,25.6576295775094,24.1988147558239,24.9282221666667,0.150385944065616,37.8492408894612,24.8504972,24.5862879882888,-0.792503945653178,-0.494976782491527
"14290939","2005-03-28",17.7777043902169,0.337838328001334,0.124446218392883,0.0931489709906421,25.6178810963676,24.1814375702991,24.8996593333333,0.360431222649328,47.6299209934448,24.8143588,24.5909909231836,-0.70869326461489,-0.5377200789162
"14290938","2005-03-29",17.8055203342715,0.24372354344647,0.205687399541707,0.123460597164137,25.5672095479253,24.1560441187413,24.8616268333333,0.285876628103957,44.8649232440874,24.7862304,24.5751961334258,-0.683334898707055,-0.566843042874371
"14290937","2005-03-30",17.1010691282637,0.394623065738414,0.325394979062072,0.21850953233222,25.484172894109,24.1656557725577,24.8249143333333,0.398751662390552,46.9383537416601,24.7784068,24.5739273156357,-0.625453288709676,-0.578565092041432
"14290936","2005-03-31",16.2268341944479,0.735037715418356,0.457794774867747,0.329625717823841,25.4469826162016,24.1794057171317,24.8131941666667,0.68926859599291,54.6510647650843,24.7875344,24.6249850068843,-0.446065204620394,-0.552065114557224
"14290935","2005-04-01",16.1211586722744,0.443686331989739,0.524449037715503,0.435879597215106,25.4262559682731,24.1852300317269,24.805743,0.668052088081585,50.6841472399473,24.7769164,24.6431563392997,-0.363885450876722,-0.514429181821124
"14290934","2005-04-04",15.9920714781237,0.436863319897398,0.538529122435164,0.506924311672804,25.371429875316,24.198143124684,24.7847865,0.538172112068263,50.4962581949232,24.7629456,24.6576634940597,-0.298374322269668,-0.471218209910833
"14290933","2005-04-05",16.0768462728721,0.498292414803957,0.459614022230365,0.507530727460343,25.2533299442385,24.2592723890948,24.7563011666667,0.656471992855771,52.2138273105818,24.7489744,24.6814123615185,-0.216556944881607,-0.420285956904988
"14290932","2005-04-06",16.5310915772731,0.593858556247711,0.509671430316355,0.502604858327294,25.1788019814711,24.3032193518622,24.7410106666667,0.851129243854442,54.8389799264774,24.733886,24.7193813799827,-0.107931066514477,-0.357814978826886
"14290931","2005-04-07",16.9528907885025,0.597266397947966,0.563139122999878,0.510808191848865,25.170208533292,24.3074661333747,24.7388373333333,0.848071452184071,54.9340537254578,24.7243856,24.7529078626516,-0.0202017090117246,-0.290292324863853
"14290930","2005-04-08",17.0528602154692,0.546075485525834,0.579066813240503,0.550625788852244,25.1921759643033,24.3030403690301,24.7476081666667,0.778995878677482,53.1248278854262,24.7176796,24.7726508142981,0.0261975863822483,-0.226994342614633
"14290929","2005-04-11",17.399499871095,0.614334921216562,0.58589226823012,0.576032734823499,25.2334930582888,24.2964956083779,24.7649943333333,0.843934411664945,55.2416283334176,24.7124636,24.8021800390583,0.0921734096209104,-0.163160792167524
"14290928","2005-04-12",18.3555608612081,0.607504580432393,0.589304995724929,0.584754692398517,25.2829290212714,24.2840046453953,24.7834668333333,0.878707179911918,54.9741062837068,24.6975612,24.8265293671839,0.139747786093403,-0.102579076515339
"14290927","2005-04-13",19.3681562921241,0.731956404636988,0.651265302095314,0.60882085535012,25.3576779657922,24.2542730342078,24.8059755,0.970169942587055,59.887158604036,24.6951392,24.876816118226,0.245564889968741,-0.032950283218523
"14290926","2005-04-14",18.7948233744841,0.340423976608187,0.559961653892522,0.600177317237587,25.366849485946,24.293844514054,24.830347,0.636712320858443,50.2191844569882,24.69309,24.8725859691292,0.210619315551197,0.015763636535421
"14290925","2005-04-15",18.0956581193047,0,0.357460127081725,0.522895694356519,25.3679931196218,24.2903718803782,24.8291825,0.242504611179739,40.96900886459,24.6809816,24.8068265065787,0.0313126548038722,0.0188734401891113
"14290924","2005-04-18",17.4464332394953,0,0.113474658869396,0.343632146614546,25.3717790761064,24.2766509238936,24.824215,0.238400479047914,40.2504746812833,24.6703636,24.7442469723682,-0.123402850886234,-0.00958181802595776
"14290923","2005-04-19",16.8106941333605,0.284094513806987,0.0946981712689957,0.188544319073371,25.3723739474523,24.2782297192144,24.8253018333333,0.452829040266059,48.37653220246,24.6716676,24.7365820427191,-0.130785831418911,-0.0338226207045485
"14290922","2005-04-20",16.584855548778,0.185611452275409,0.156568655360799,0.121580495166395,25.3704501003653,24.2877605663014,24.8291053333333,0.344151690743721,46.0390149086341,24.6657068,24.7137951036899,-0.174164469185178,-0.0618909904006745
"14290921","2005-04-21",15.5342455639021,0.303029810077677,0.257578592053358,0.169615139561049,25.329561021446,24.3873276452207,24.8584443333333,0.474297592000313,49.1912442237439,24.6817268,24.7132944231979,-0.159590694625278,-0.0814309312455952
"14290920","2005-04-22",14.9411462691218,0.507576558623776,0.332072606992287,0.248739951468813,25.3245221930941,24.4575648069059,24.8910435,0.706630494401777,54.209518624143,24.7001684,24.7463911667715,-0.0652251225110811,-0.0781897694986924
"14290919","2005-04-25",14.8866723718166,0.696970189922323,0.502525519541259,0.364058906195633,25.3761192126283,24.4643354540383,24.9202273333333,0.897710527944465,58.3149056703115,24.7256888,24.8061216778686,0.0842776398244593,-0.045696287634062
"14290918","2005-04-26",14.662106579274,0.659091463662614,0.621212737402904,0.485270287978815,25.3992530267972,24.5095046398695,24.9543788333333,0.823815703667485,57.2101489401071,24.7445032,24.8516787874862,0.185202777986548,0.000483525490060054
"14290917","2005-04-27",13.875289960668,0.530302167635936,0.628787940406958,0.584175399117039,25.414958521362,24.5413001453047,24.9781293333333,0.715527417230398,53.4990523837022,24.7668568,24.8700496158213,0.211235401903753,0.0426339007727987
"14290916","2005-04-28",13.0773271485956,0.515149050388385,0.568180893895645,0.606060523901835,25.4218966971274,24.5413473028725,24.981622,0.660511154652036,53.0629111516892,24.7994556,24.8834870003785,0.223220454765172,0.0787512115712733
"14290915","2005-04-29",12.6045959889948,0.363634145349547,0.469695121124623,0.555554651809074,25.4184741546378,24.5379391786955,24.9782066666667,0.463416179693654,48.7807084821584,24.822368,24.870295400328,0.170347488042988,0.0970704668656162
"14290914","2005-05-02",12.2007723137242,0.772727642441744,0.550503612726558,0.529459875915608,25.4721923930321,24.5387076069679,25.00545,0.895282285805378,58.5152685570562,24.849006,24.9259240136176,0.288100170810268,0.135276407654547
"14290913","2005-05-03",12.0013706094572,0.801469949712246,0.645943912501179,0.555380882117452,25.532194538437,24.5311747948963,25.0316846666667,0.90443957535544,59.5875211012107,24.8842132,24.9828288118019,0.397594176149019,0.187739961353441
"14290912","2005-05-04",12.0950840223366,0.718209254790842,0.764135615648277,0.653527713625337,25.5821725263159,24.5201598070175,25.0511661666667,0.864324418752989,58.5398646823069,24.9140176,25.0265569702284,0.465187487063923,0.243229466495537
"14290911","2005-05-05",12.7332789256227,0.758308627478965,0.759329277327351,0.723136268492268,25.6686023052766,24.4928743613901,25.0807383333333,0.96765779123679,61.9054362053495,24.9359988,25.0905347075312,0.574816742859396,0.309546921768309
"14290910","2005-05-06",13.3258884786741,0.797870963320565,0.758129615196791,0.760531502724138,25.7587933043137,24.4722276956863,25.1155105,0.947397445421215,63.6457560733554,24.970088,25.1602634131937,0.687685890076883,0.385174715430024
"14290909","2005-05-09",14.6865251151648,0.805877300458513,0.787352297086014,0.768270396536717,25.8956730685087,24.421036598158,25.1583548333333,1.03287155792806,67.0946789152418,25.0136772,25.2511202914346,0.839834327246414,0.476106637793302
"14290908","2005-05-10",17.1047617635341,0.734693778180296,0.779480680653125,0.774987530978642,26.1351111313071,24.3054752020263,25.2202931666667,1.14506831538372,71.8491542112036,25.0690024,25.3801589192433,1.0671488944916,0.594315089132961
"14290907","2005-05-11",19.2681210505462,0.715293321140039,0.751954799926283,0.772929259221806,26.2934703437507,24.2428949895826,25.2681826666667,0.99467612326696,71.3012101920467,25.1183664,25.4895083966775,1.22565672884527,0.720583417075423
"14290906","2005-05-12",19.7243085937538,0.520000202098795,0.656662433806377,0.729365971461927,26.3819507978708,24.2562478687959,25.3190993333333,0.818141350209426,60.9203783106375,25.1520832,25.5327406104539,1.21425023862543,0.819316781385424
"14290905","2005-05-13",18.5665583521582,0.148239466863377,0.461177663367404,0.62326496570002,26.3628466611177,24.3571606722156,25.3600036666667,0.504877632916685,46.9171507497788,25.159162,25.4721018623933,0.961559556406999,0.847765336389739
"14290904","2005-05-16",17.4915045563908,0.310590482157203,0.326276717039792,0.481372271404523,26.340281803538,24.4787648631286,25.4095233333333,0.563711480366071,52.0957873375958,25.1753684,25.4623922807409,0.853146180496989,0.848841505211189
"14290903","2005-05-17",16.6140384674195,0.374120238678679,0.27765006256642,0.355034814324537,26.3463241807851,24.5649311525483,25.4556276666667,0.634809666476407,53.9874528677654,25.1969772,25.4707426433088,0.797869887148117,0.838647181598574
"14290902","2005-05-18",16.1753618961653,0.522354653072154,0.402355124636012,0.335427301414073,26.3555775847593,24.684210748574,25.5198941666667,0.7547650366841,58.1409728895187,25.2215664,25.5170982908676,0.837180559585438,0.838353857195947
"14290901","2005-05-19",15.5324822886033,0.389499534353998,0.428658142034944,0.369554443079124,26.3544229954553,24.7861120045447,25.5702675,0.673068884236875,56.5696608066975,25.257146,25.5460958520853,0.832031337697892,0.837089353296336
"14290900","2005-05-20",14.6971303837758,0.339779218545166,0.417211135323773,0.416074800664908,26.3566668258641,24.8513948408026,25.6040308333333,0.59394924509997,54.969961122971,25.3080008,25.5600510718072,0.792261451422238,0.828123772921516
"14290899","2005-05-23",13.9848600678346,0.381212815052526,0.370163855983896,0.40534437778087,26.3720505664962,24.8877037668371,25.6298771666667,0.614463030723248,56.0844522758713,25.363326,25.5814589288996,0.773809907740919,0.817260999885397
"14290898","2005-05-24",13.5962036093794,0.419888126323532,0.380293386640408,0.389222792649358,26.3887978450745,24.9342918215922,25.6615448333333,0.647336504540743,57.1505222344903,25.407288,25.6087057383797,0.770764887860298,0.807961777480377
"14290897","2005-05-25",13.8107075877115,0.508283753403369,0.436461564926476,0.395639602516926,26.4141413343686,24.9971206656314,25.705631,0.741717716302077,59.5664866218915,25.462054,25.6521889732624,0.80582032312233,0.807533486608768
"14290896","2005-05-26",14.5260339228126,0.679558437090334,0.535910105605745,0.450888352390875,26.4678975056644,25.062428827669,25.7651631666667,0.890218704445898,63.8227423552533,25.5225952,25.7283731101607,0.91339433180706,0.828705655648426
"14290895","2005-05-27",15.5812774877566,0.781769217536761,0.656537136010154,0.542969602180791,26.506100714176,25.178528285824,25.8423145,0.987133873970851,66.1150915000533,25.5799696,25.817374028806,1.03986421987063,0.870937368492868
"14290894","2005-05-31",16.9152283132935,0.868765886457269,0.776697847028121,0.656381696214672,26.6333197201176,25.1835679465491,25.9084438333333,1.04394334789624,68.8707406902965,25.6369712,25.9243121582985,1.19501350154516,0.935752595103327
"14290893","2005-06-01",18.7910682268431,0.715215990887957,0.788583698293996,0.740606227110756,26.7683374521823,25.1862422144844,25.9772898333333,1.02851864629216,68.620435630699,25.6954632,26.015750537192,1.29894805591495,1.00839168726565
"14290892","2005-06-02",20.5329195751392,0.834778874251945,0.806253583865724,0.790511709729279,26.9004745565541,25.2017321101126,26.0511033333333,1.00817003001738,71.6708819110869,25.770534,26.1291477988998,1.44280598809299,1.09527454743112
"14290891","2005-06-03",22.4359587847745,0.838870003130338,0.796288289423413,0.797041857194376,27.0434347841821,25.1970845491513,26.1202596666667,0.98389717709857,72.3549517982417,25.8487716,26.2354974257131,1.55613851090939,1.18744734012677
"14290890","2005-06-06",24.0787799623925,0.81043565466183,0.828028177348038,0.810190016879057,27.1592228292552,25.2109161707448,26.1850695,0.911764662317945,71.4968808809326,25.9333428,26.3239417689514,1.61756717505519,1.27347130711246
"14290889","2005-06-07",26.0248369052858,0.732985941303113,0.794097199698427,0.806137888823292,27.290383891979,25.196646108021,26.243515,0.915305905700805,72.2069227361303,26.0000312,26.4080455330912,1.66324967650613,1.35142698099119
"14290888","2005-06-08",26.8319701754501,0.602095594641843,0.715172396868929,0.779099257971797,27.334798666649,25.1910400000176,26.2629193333333,0.74522380940049,64.9478197931681,26.0547976,26.4498887953457,1.60923699543036,1.40298898387903
"14290887","2005-06-09",26.9590961061774,0.513089034666128,0.616056856870361,0.708442151145905,27.3637543182642,25.1965466817358,26.2801505,0.660125943088022,60.4941637090794,26.1049072,26.4650409559663,1.50069961208137,1.42253110951949
"14290886","2005-06-10",27.4565232161055,0.564032952630593,0.559739193979521,0.630322815906269,27.4143104267739,25.2234519065595,26.3188811666667,0.705903528611178,62.6058169579335,26.152036,26.4943168285041,1.43493555158856,1.42501199793331
"14290885","2005-06-13",28.2027547207053,0.521247992603047,0.532789993299923,0.569528681383267,27.4118909581273,25.3680650418727,26.389978,0.696565338631953,61.3827848323508,26.193204,26.5141012513702,1.35432595657643,1.41087478966193
"14290884","2005-06-14",29.1258733478587,0.688474145427789,0.591251696887143,0.561260294722195,27.445358547934,25.4865707853993,26.4659646666667,0.79706740624467,66.7466396342711,26.2380976,26.5740917511875,1.3720917176917,1.40311817526789
"14290883","2005-06-15",29.8797701639236,0.594589440870202,0.601437192967012,0.575159627718025,27.4747699370799,25.5909700629201,26.53287,0.76595889521269,66.0307514430387,26.2669708,26.6229781843625,1.36296443713704,1.39508742764172
"14290882","2005-06-16",29.8080451801289,0.355854330899068,0.54630597239902,0.579664954084391,27.493163457437,25.6664928758963,26.5798281666667,0.666989696855684,60.7033124243077,26.2895108,26.6417517597809,1.28706092362822,1.37348212683902
"14290881","2005-06-17",30.279190961678,0.381713230200876,0.444052333990049,0.530598499785359,27.5098635907299,25.7711847426034,26.6405241666667,0.738738262166109,63.0677705733357,26.3327276,26.6754075251434,1.25182561780175,1.34915082503156
"14290880","2005-06-20",30.9530329733175,0.646771005822336,0.461446188974094,0.48393483178772,27.5256439100434,25.9087747566232,26.7172093333333,0.847550696239901,67.5049106081662,26.4163672,26.7412118551243,1.29172741544883,1.33766614311502
"14290879","2005-06-21",31.6961179335019,0.799056793096528,0.609180343039914,0.504892955334684,27.5464944128319,26.0506085871681,26.7985515,0.919866157268157,70.1854115911751,26.4947908,26.8236996077744,1.36451076438582,1.34303506736918
"14290878","2005-06-22",32.7567868940975,0.758750052220412,0.734859283713092,0.601828605242365,27.5751701797716,26.1911368202284,26.8831535,0.994737472868917,71.6592353720465,26.5726556,26.9100916600711,1.43834708755417,1.36209747140618
"14290877","2005-06-23",33.8881518032102,0.749092272013868,0.768966372443603,0.704335333065535,27.61490802087,26.30958197913,26.962245,1.01154652450659,72.3342952061464,26.640834,26.9917954387283,1.49412544215071,1.38850306555508
"14290876","2005-06-24",35.0530127173114,0.757784927221797,0.755209083818692,0.753011579991795,27.6864164685448,26.3759205314552,27.0311685,1.00431658323267,73.148260475972,26.7147872,27.0706773802312,1.53788526128806,1.41837950470168
"14290875","2005-06-27",36.0581515932124,0.7474050242594,0.751427407831688,0.758534288031327,27.742397176317,26.4335701570163,27.0879836666667,0.91055056072557,72.6173234088082,26.7915344,27.137179062867,1.54985439657072,1.44467448307549
"14290874","2005-06-28",37.2746244576271,0.861591386983884,0.788927112821694,0.765187868157357,27.835971876857,26.448193123143,27.1420825,0.958949837377756,74.7855017572227,26.8716348,27.2153045211514,1.58604562617248,1.47294871169489
"14290873","2005-06-29",37.3491555633918,0.685920045891827,0.76497215237837,0.768442224343917,27.8964781159887,26.4725995506779,27.1845388333333,0.835734037751781,67.4639239497324,26.9413036,27.2569345849979,1.53851678785977,1.48606232692786
"14290872","2005-06-30",37.4183630187447,0.718408669834649,0.755306700903453,0.769735322034505,27.9515827737124,26.4923175596209,27.2219501666667,0.8019532221274,68.1827205431802,27.006688,27.2986019736649,1.49573622036367,1.48799710561502
"14290871","2005-07-01",38.1834944574554,0.667761508197185,0.690696741307887,0.736991864863236,28.038752441929,26.4903712247377,27.2645618333333,0.888389387998535,70.5207589908196,27.0661112,27.3533417105095,1.48563871502896,1.48752542749781
"14290870","2005-07-05",39.3895609499672,0.741849839826813,0.709340005952882,0.71844781605474,28.1835547495048,26.4650985838285,27.3243266666667,0.999450233573767,75.1156603735707,27.1316816,27.4442481491083,1.55512748978028,1.50104583995431
"14290869","2005-07-06",39.7652990870079,0.65489534768376,0.688168898569253,0.696068548610006,28.2807104489148,26.4620142177519,27.3713623333333,0.87521805729499,69.7625384333357,27.18235,27.5031643958938,1.5478380260032,1.51040427716408
"14290868","2005-07-07",39.8857394736167,0.597064507572408,0.664603231694327,0.687370712072153,28.3389527576746,26.5246985756588,27.4318256666667,0.812007548672738,68.1285383272294,27.231528,27.5480158097747,1.51060142492203,1.51044370671567
"14290867","2005-07-08",40.5803872685834,0.659235451001848,0.637065102086005,0.663279077449861,28.4186621153646,26.6121755513021,27.5154188333333,0.933781895894344,72.4987805600701,27.2821964,27.6260057018047,1.54861052941959,1.51807707125646
"14290866","2005-07-11",41.4207402411019,0.802671550145427,0.686323836239894,0.662664056673408,28.5511094093154,26.6596435906846,27.6053765,1.0095326019149,76.5637629015404,27.3442276,27.7395449415641,1.65911166284214,1.54628398957359
"14290865","2005-07-12",42.0801510222455,0.75627063595293,0.739392545700068,0.687593828008655,28.6492601038984,26.7383035627682,27.6937818333333,0.953201393138147,75.7492001497378,27.4064452,27.8348416160222,1.71885926725905,1.58079904511069
"14290864","2005-07-13",42.6924610333073,0.768652650471123,0.77586494552316,0.733860442487707,28.7422562761224,26.7940207238776,27.7681385,0.893613338549553,76.0781458578703,27.4675448,27.9211574005526,1.75311452945641,1.61526214197983
"14290863","2005-07-14",42.3471711092854,0.630597642760422,0.718506976394825,0.744588155872683,28.7982580984562,26.8814545682104,27.8398563333333,0.827828938517299,69.947163010591,27.5312524,27.9736110804789,1.71147234452089,1.63450418248804
"14290862","2005-07-15",41.9767860613423,0.623138125265411,0.674129472832318,0.7228337982501,28.7901800189953,27.037004314338,27.9135921666667,0.754388554523426,69.6116703352471,27.6009212,28.0178296030817,1.65634694878747,1.63887273574793
"14290861","2005-07-18",41.7285281009322,0.597017795476214,0.616917854500682,0.669851434575941,28.7799209775453,27.1767286891214,27.9783248333333,0.73200076249057,68.3749750039383,27.6644428,28.0518056560042,1.58475986603324,1.62805016180499
"14290860","2005-07-19",40.6660904955068,0.477609428958311,0.565921783233312,0.618989703522103,28.7683297621772,27.2851852378228,28.0267575,0.64904088107186,62.8757134346557,27.7236796,28.0613809018703,1.46813710055242,1.59606754955448
"14290859","2005-07-20",39.4545133018518,0.424711481063873,0.499779568499466,0.560873068744486,28.7578396157954,27.3742237175379,28.0660316666667,0.605574820428102,61.3806241141249,27.7683868,28.0640914482876,1.34811279291327,1.54647659822624
"14290858","2005-07-21",37.4117375975135,0.179042618031786,0.360454509351323,0.475385287028033,28.7431521815794,27.4365681517539,28.0898601666667,0.465250225807481,55.2494599518046,27.8067608,28.0422245885159,1.18710585197155,1.4746024489753
"14290857","2005-07-22",35.5330572781602,0.248758079162437,0.284170726086032,0.381468267978939,28.7350187119883,27.497791621345,28.1164051666667,0.53594718679351,59.39362774006,27.8591056,28.0462479767138,1.09648113863769,1.39897818690778
"14290856","2005-07-25",34.4849741962062,0.393034560119654,0.273611752437959,0.306078995958437,28.7395211412825,27.5553825253841,28.1474518333333,0.639810349152196,62.337487569801,27.9116368,28.0677415798186,1.05135747707157,1.32945404494054
"14290855","2005-07-26",34.1355129169567,0.656717055712837,0.432836564998309,0.330206347840765,28.757998734289,27.6286479323776,28.1933233333333,0.809407846887466,67.0404797835996,27.96305,28.1192787025095,1.07397183180566,1.27835760231356
"14290854","2005-07-27",33.5811792377276,0.585110392799625,0.544954002877372,0.417134106771212,28.7736889383722,27.6838997282945,28.2287943333333,0.738237814798612,65.543834729866,28.0051496,28.1583562088415,1.06728254279616,1.23614259041008
"14290853","2005-07-28",33.4435639330107,0.734040730545626,0.658622726352696,0.545471098076125,28.780084852849,27.7728164804843,28.2764506666666,0.836811263652501,67.9417447954645,28.047994,28.2096087143293,1.08654664670373,1.20622340166881
"14290852","2005-07-29",33.8109228899731,0.708515084110889,0.675888735818713,0.626488488349593,28.7874617659905,27.8728609006761,28.3301613333333,0.944600497792284,69.5707904348158,28.0925148,28.2664462190854,1.11523451566307,1.18802562446766
"14290851","2005-08-01",32.9299612497052,0.488786819578048,0.643780878078188,0.659430780083198,28.7754376015687,27.9514800650979,28.3634588333333,0.704413244467377,61.346002719151,28.1254864,28.2852800565407,1.06037710111664,1.16249591979746
"14290850","2005-08-02",34.7699764368021,0.439539379051968,0.545613760913635,0.621761124936844,29.0344647530981,27.8161739135685,28.4253193333333,1.316308088675,70.5335749757188,28.1813704,28.3761147156686,1.16244848131026,1.16248643210002
"14290849","2005-08-03",36.4785619676778,0.823417645870856,0.583914614833624,0.591103084608481,29.4334549078,27.6158820921999,28.5246685,1.33412605003822,79.3452679156034,28.2683632,28.5790247535795,1.48862026819172,1.22771319931836
"14290848","2005-08-04",37.5287882106874,0.765835905848024,0.676264310256949,0.601930895334735,29.6689553189981,27.5686793476686,28.6188173333333,1.10089531910473,75.6889790837535,28.3575912,28.7362521197689,1.68526492943497,1.31922354534168
"14290847","2005-08-05",36.6378611523351,0.529751183906294,0.706334911875057,0.655504612321876,29.7628887164809,27.5832539501857,28.6730713333333,0.826223768156939,62.8926073792,28.4222304,28.7961411704663,1.65990069012842,1.38735897429903
"14290846","2005-08-08",34.6673608434439,0.343569812347246,0.546385634033854,0.642994952055286,29.7900241171712,27.5969452161621,28.6934846666666,0.629462738376339,54.9960352465968,28.463212,28.7878143477375,1.49586408427673,1.40905999629457
"14290845","2005-08-09",32.5191498291872,0.285988072324413,0.386436356192651,0.546385634033853,29.7967535186874,27.6069808146459,28.7018671666666,0.511696571651515,52.7884808524099,28.4855656,28.7619697680392,1.31164618680084,1.38957723439582
"14290844","2005-08-10",30.8482814059155,0.227273533926654,0.285610472866104,0.406144154364202,29.8063756783152,27.6212649883514,28.7138203333333,0.527565193963249,52.6368537534173,28.5135076,28.7383297989673,1.14983123973056,1.34162803546277
"14290843","2005-08-11",29.2967607271633,0.2373650852081,0.250208897153055,0.307418575403936,29.8189388691263,27.6439401308737,28.7314395,0.541004085089727,54.5362323667384,28.548342,28.734607159105,1.04488531103015,1.28227949057625
"14290842","2005-08-12",28.0201723262257,0.157769925156879,0.207469514763878,0.247762961594345,29.8305536344607,27.6809133655393,28.7557335,0.541740239656493,54.5362323667385,28.5714408,28.7313808712243,0.950769029362886,1.21597739833358
"14290841","2005-08-15",27.1518213557872,0.276700648362417,0.223945219575798,0.227207877164243,29.8555589567264,27.7254523766069,28.7905056666666,0.619808246082711,58.0748838605104,28.5898828,28.7590100883944,0.929515700911687,1.1586850588492
"14290840","2005-08-16",25.6950394454209,0.157769925156879,0.197413499558725,0.209609411299466,29.8600569294623,27.7873947372043,28.8237258333333,0.542691069966543,53.5834240769854,28.6001284,28.7525300766085,0.838908897934521,1.09472982666626
"14290839","2005-08-17",24.3733162057776,0,0.144823524506432,0.188727414546984,29.8483548058978,27.8247105274355,28.8365326666666,0.318006881321467,46.6802756029792,28.59305,28.6928927330607,0.645839869979459,1.0049518353289
"14290838","2005-08-18",23.1460017689658,0.00460633408043979,0.0541254197457729,0.132120814603642,29.8197819391587,27.8927123941746,28.8562471666666,0.283349541750222,46.8497211270823,28.59305,28.6424483686526,0.48968535489724,0.901898539242569
"14290837","2005-08-19",21.6746711634587,0.145161370124633,0.0499225680683574,0.0829571707735198,29.7960488227742,27.9672068438924,28.8816278333333,0.383459313346313,51.8752979997885,28.6047856,28.6366072528323,0.440889329755279,0.809696697345111
"14290836","2005-08-22",20.457874261007,0.202762810902812,0.117510171702628,0.0738527198389185,29.7840425336695,28.0290431329971,28.9065428333333,0.445734359436157,53.8031102224662,28.622482,28.6470676191213,0.430074981739192,0.733772354223928
"14290835","2005-08-23",19.6983618281967,0.317132375554676,0.221685518860707,0.129706086210563,29.7897645032415,28.0663204967585,28.9280425,0.52593885644008,56.5051700435768,28.6528456,28.6784866032385,0.463338359659549,0.679685555311052
"14290834","2005-08-24",19.4015636544352,0.35646595812419,0.292120381527226,0.210438690696853,29.7914325561778,28.1154137771555,28.9534231666667,0.525425431106967,55.438296853851,28.6828368,28.69888705614,0.469780380933371,0.637704520435516
"14290833","2005-08-25",18.7066275189633,0.337343371364016,0.336980568347627,0.283595489578519,29.7899919068547,28.1382767598119,28.9641343333333,0.418750518065871,52.6171617322872,28.7146904,28.6985594486547,0.43189114696609,0.596541845741631
"14290832","2005-08-26",18.5140874705153,0.55707534219712,0.416961557228442,0.348687502367764,29.7971718025911,28.1584181974089,28.977795,0.519656198811599,55.7916648433816,28.7467304,28.7218715221674,0.446456989188659,0.566524874431036
"14290831","2005-08-29",17.8628939954609,0.410960112954464,0.4351262755052,0.396356133693755,29.7905785925255,28.2007154074745,28.995647,0.432874517545425,52.5961680841204,28.7674076,28.7222059858784,0.411347773299875,0.535489454204804
"14290830","2005-08-30",17.7194792965978,0.57627041535872,0.514768623503435,0.455618818745691,29.7518741245641,28.2068212087692,28.9793476666666,0.574098217281954,56.4570543229413,28.7867808,28.7510585210946,0.438616855932938,0.516114934550431
"14290829","2005-08-31",18.4546175807893,0.685186167040016,0.5574722317844,0.502455710264344,29.6019602899526,28.302403376714,28.9521818333333,0.919569799351482,62.591447987917,28.8238504,28.8294640516153,0.565792726374137,0.526050492915172
"14290828","2005-09-01",20.3039682983249,0.599996494195702,0.620484358864813,0.564241738050881,29.6355685498184,28.2785747835149,28.9570716666666,1.25283200166509,66.8075306419338,28.8691164,28.9421221780666,0.750930166583785,0.571026427648895
"14290827","2005-09-02",22.2000463018075,0.831415701680413,0.70553278763871,0.62782979276264,29.941498975814,28.080531024186,29.011015,1.28022389659986,73.1453885106086,28.936736,29.1266898876577,1.06508671174079,0.669838484467274
"14290826","2005-09-06",24.4685175824716,0.80448801772908,0.745300071201732,0.690439072568417,30.3263391827589,27.8811944839078,29.1037668333333,1.20698331301713,75.584030014988,29.0261504,29.3288725693034,1.38266317984321,0.812403423542462
"14290825","2005-09-07",25.3839555607806,0.665596464881846,0.767166728097113,0.739333195645851,30.534321469632,27.8467631970347,29.1905423333333,0.973458633303221,67.2647935575574,29.0771912,29.4506975600629,1.50460367777379,0.950843474388727
"14290824","2005-09-08",25.564860252278,0.532977106833501,0.667687196481476,0.726717998593439,30.6457975008916,27.8700294991083,29.2579135,0.811107832539278,62.6051859184399,29.0809168,29.5227485520545,1.51402398173197,1.06347957585738
"14290823","2005-09-09",25.8291075370647,0.522224608116813,0.573599393277387,0.669484439285324,30.7499125894571,27.8994150772096,29.3246638333333,0.791516187295841,62.810715079408,29.090976,29.5876767451139,1.50868115671052,1.15251989202801
"14290822","2005-09-12",26.0744800157953,0.522224608116813,0.525808774355709,0.589031788038189,30.8372001167348,27.9403502165985,29.3887751666667,0.755074141040325,62.810715079408,29.1239476,29.6439478457654,1.48689469476797,1.219394852576
"14290821","2005-09-13",25.5412766198646,0.414815610113012,0.486421608782212,0.528609925471768,30.8822205836448,27.9762060830218,29.4292133333333,0.646337879562832,57.4969309269784,29.164184,29.65670146633,1.38005962749921,1.25152780756064
"14290820","2005-09-14",25.1681119177861,0.42963201552422,0.455557411251348,0.489262598129755,30.9252093272419,28.0321010060914,29.4786551666667,0.645999199861287,58.0244683194303,29.2114992,29.6727226041527,1.29061138428028,1.25934452290457
"14290819","2005-09-15",25.0338018863708,0.468166300068762,0.437537975235331,0.459838998422963,30.9420804855749,28.1696871810918,29.5558838333333,0.664815299688708,59.642633529443,29.2636576,29.7015102569323,1.23577666795149,1.25463095191395
"14290818","2005-09-16",25.1374799636649,0.486892952071512,0.461563755888165,0.45155304745828,30.942264510335,28.3340508229983,29.6381576666667,0.67102343601385,60.3288592830549,29.3126492,29.7326688893413,1.19110752763598,1.24192626705836
"14290817","2005-09-19",25.020522516845,0.409837147596816,0.45496546657903,0.451355732567507,30.939640083214,28.471417916786,29.705529,0.625754887149896,58.8208584077243,29.3590328,29.7509797040958,1.12495005176032,1.21853102399875
"14290816","2005-09-20",24.9119191733694,0.298508100485548,0.398412733384625,0.438313985283939,30.9353152693534,28.5962037306466,29.7657595,0.606945377562021,59.290467059177,29.3974064,29.7705744102164,1.06772563858053,1.18836994691511
"14290815","2005-09-21",23.7759115204428,0,0.236115082694121,0.363164427552591,30.9174226987419,28.6941966345914,29.8058096666666,0.485579664082028,52.0457271528601,29.4322404,29.7453324888542,0.925845182870044,1.13586499410609
"14290814","2005-09-22",22.1573189050674,0,0.0995027001618492,0.244676838746864,30.8892059016541,28.7787627650125,29.8339843333333,0.369954168123164,48.1337332636401,29.4754572,29.6973774903403,0.751649752543937,1.05902194579366
"14290813","2005-09-23",20.6543400479331,0.0561203808188248,0.0187067936062748,0.118108192154081,30.8299752929144,28.9159203737522,29.8729478333333,0.362206409356632,50.2433996617617,29.5223996,29.6694764916283,0.634110240199393,0.974039604674809
"14290812","2005-09-26",19.9469596963343,0.220856551924015,0.0923256442476131,0.0701783793385778,30.7866766962753,29.0430446370579,29.9148606666666,0.461805397542875,54.7485591627892,29.5672928,29.6763422927445,0.597421796341724,0.898716043008192
"14290811","2005-09-27",18.7195493659576,0.140346581277077,0.139107838006639,0.0833800919535077,30.6982274648812,29.2143878684521,29.9563076666666,0.339308102726333,50.786826054974,29.600078,29.6574553203786,0.511768206791463,0.821326475764846
"14290810","2005-09-28",18.326128019678,0.464908645695988,0.275370592965693,0.16893469173998,30.6316464827239,29.3759711839427,30.0038088333333,0.531893462722594,56.9878399690619,29.639942,29.6870359443281,0.531515918730863,0.76336436435805
"14290809","2005-09-29",18.0520202404929,0.472729224822848,0.359328150598637,0.257935527190322,30.6147684890889,29.448112510911,30.0314405,0.515968289151635,56.7796938759721,29.6814824,29.711431151751,0.538339533972332,0.718359398280906
"14290808","2005-09-30",18.2249983030215,0.534885269369376,0.490841046629404,0.375179930064577,30.6313444098891,29.4551325901108,30.0432385,0.645706323570467,59.4897403426221,29.7347588,29.7536856648509,0.579944702364843,0.690676459097693
"14290807","2005-10-03",19.3258555502221,0.469275016344672,0.492296503512299,0.447488566913446,30.6313456948674,29.4551319717992,30.0432388333333,0.856869242185943,61.7676744125956,29.7865448,29.8089342428708,0.643158923660336,0.681172952010222
"14290806","2005-10-04",20.8605283169752,0.568073673810916,0.524077986508321,0.50240517888334,30.6205905076452,29.462471825688,30.0415311666666,1.15343806737879,66.7362549432438,29.858076,29.9027643438213,0.777053530024308,0.700349067613039
"14290805","2005-10-05",19.8562206978762,0.13145452345908,0.389601071204889,0.468658520408502,30.5632022601613,29.470806073172,30.0170041666666,0.459214278484967,49.3690072459017,29.8863904,29.8685904313118,0.641681141693407,0.688615482429113
"14290804","2005-10-06",19.8330873534882,0,0.233176065756665,0.382285041156624,30.6738707031244,29.2424702968755,29.9581705,-0.207955064315156,36.4998601787407,29.8550952,29.6936743738036,0.236208789897141,0.598134143922718
"14290803","2005-10-07",19.8116063908422,0.11920734633803,0.0835539565990364,0.235443697853529,30.7052742054051,29.1058184612615,29.9055463333333,-0.00167043983845558,41.5487668663187,29.8238004,29.5867884572964,0.00472406023028782,0.479452127184232
"14290802","2005-10-10",20.3725443400387,0,0.0397357821126763,0.118821934822792,30.7788448152779,28.891606184722,29.8352255,-0.0902568344904105,37.4511942507589,29.7492884,29.4370273296569,-0.293449038446281,0.32487189405813
"14290801","2005-10-11",21.137978245948,0,0.0397357821126763,0.0543418402747952,30.8819285219527,28.6497441447139,29.7658363333333,-0.0820067314243508,35.7193712306079,29.6542856,29.2811556857027,-0.578413552359069,0.14421480477469
"14290800","2005-10-12",22.4377684015629,0,-1.85037170770859e-16,0.0264905214084497,31.0000465027389,28.3537288305944,29.6768876666666,-0.0875388090022306,31.5319416386241,29.5544396,29.076522927609,-0.939841146387854,-0.072596385457819
"14290799","2005-10-13",23.9931884080575,0,-1.85037170770859e-16,0.0132452607042242,31.1403457017115,27.9759219649551,29.5581338333333,-0.10687000006572,29.0437184642732,29.4504952,28.8519825372611,-1.31311535501306,-0.320700179368867
"14290798","2005-10-14",24.8822389904561,0.08431059973649,0.0281035332454965,0.00936784441516425,31.1615404375747,27.7401945624252,29.4508675,0.0580771753258494,34.3306408763081,29.359218,28.7020888656263,-1.50061848846085,-0.556683841187263
"14290797","2005-10-17",24.7121914240059,0.210772727729893,0.0983611091554607,0.0421548808003179,31.1170148690941,27.6257607975725,29.3713878333333,0.229306103965458,41.3853810743445,29.2880588,28.6392410168761,-1.49154625195785,-0.743656323341382
"14290796","2005-10-18",24.914497872262,0.138174238385952,0.144419188617445,0.0902946103394661,31.0737321475075,27.4836948524924,29.2787135,0.189060751109755,38.807929573373,29.2161548,28.5462755479593,-1.548620732115,-0.904649205096106
"14290795","2005-10-19",25.6279164514864,0.0210782785360111,0.123341748217285,0.122040681996729,31.0805695111038,27.2688451555628,29.1747073333333,0.111440773645226,35.0195529215642,29.1241324,28.4036121415647,-1.70739483529074,-1.06519833113503
"14290794","2005-10-20",26.723823333644,0,0.0530841723073207,0.106948369714016,31.1107534383689,27.0244392282977,29.0675963333333,0.0961430647535611,31.8701296698705,29.0101288,28.2216025226894,-1.93794102834273,-1.23974687057657
"14290793","2005-10-21",27.7593881101888,0,0.00702609284533684,0.061150671123313,31.1188434539764,26.7838095460235,28.9513265,0.115338687368946,31.7393081019671,28.8935172,28.0613768529975,-2.1045318705742,-1.4127038705761
"14290792","2005-10-24",27.1096465390485,0.191215473904986,0.0637384913016619,0.0412829188181054,31.0231565201699,26.6947691464967,28.8589628333333,0.301780025847085,41.3338721434852,28.8070832,28.0144132725978,-2.01626745863641,-1.53341658818816
"14290791","2005-10-25",26.0414165369053,0.393104929175953,0.194773467693646,0.0885126839468806,30.928047020065,26.6517213132682,28.7898841666666,0.39392977419555,45.7709494491792,28.734434,28.0233861695848,-1.81807702157288,-1.59034867486511
"14290790","2005-10-26",25.6045279051277,0.252790893524967,0.279037098868636,0.17918301928798,30.7739221261934,26.5882095404733,28.6810658333333,0.305630268043513,41.85088929975,28.6573144,27.9740373469735,-1.76425420479287,-1.62512978085066
"14290789","2005-10-27",25.1988456041914,0.28571686350226,0.310537562067727,0.261449376210002,30.5948178227363,26.5465721772636,28.570695,0.320158722956736,41.85088929975,28.5880184,27.931268367377,-1.70229373763142,-1.64056257220681
"14290788","2005-10-28",23.9013933400981,0.447237373819119,0.328581710282115,0.306052123739491,30.3512874648424,26.5827105351576,28.466999,0.413415858004717,44.3732794920644,28.522448,27.9202805850601,-1.5786256971406,-1.62817519719357
"14290787","2005-10-31",22.6392656255391,0.746989250557308,0.493314495959562,0.3774779227698,30.0576919352894,26.7247980647105,28.391245,0.667022520053022,54.2461567495328,28.483702,28.0312191737187,-1.20592199334041,-1.54372455642294
"14290786","2005-11-01",21.7123892183258,0.397591400445846,0.530606008274091,0.450834071505255,29.5141140398424,27.0181402934909,28.2661271666666,0.511941698790003,46.3075483063371,28.4199944,28.0193232838896,-1.13096339615877,-1.4611723243701
"14290785","2005-11-02",21.1043453959156,0.309237276807851,0.484605975937001,0.502842160056884,29.1440416574561,27.1982070092105,28.1711243333333,0.449260334073603,44.5327610245448,28.3343056,27.981692179371,-1.11779425126397,-1.39249670974888
"14290784","2005-11-03",20.8874172962277,0.184741224306763,0.29718996718682,0.437467317132636,29.0332754512621,27.1863395487378,28.1098075,0.288113473348777,42.0851796176259,28.23744,27.9105812221215,-1.17743391849333,-1.34948415149777
"14290783","2005-11-04",20.6859840608032,0.204821510958568,0.232933337357727,0.338243093493848,28.8576912832304,27.2219033834363,28.0397973333333,0.294072324387301,42.6328506909531,28.1361036,27.855161059172,-1.19791942285601,-1.31917120576942
"14290782","2005-11-07",20.8886067112098,0.0682738369861888,0.152612190750506,0.227578498431683,28.7787461331087,27.1639328668913,27.9713395,0.116533886845522,39.8716773160464,28.0165116,27.7649062512824,-1.29165057774953,-1.31366708016544
"14290781","2005-11-08",20.7887641710361,0.0923727680785105,0.121822705341089,0.169122744483106,28.7255240105836,27.1143906560831,27.9199573333333,0.201507845192767,40.6028385404185,27.8853708,27.6941374177781,-1.33505125940094,-1.31794391601254
"14290780","2005-11-09",20.3368015338877,0.180722579866246,0.113789728310315,0.129408208133969,28.7046603368897,27.0868209964436,27.8957406666667,0.3405276344711,43.3238294626145,27.797074,27.660124428741,-1.29520751077126,-1.31339663496428
"14290779","2005-11-10",20.4249925219363,0,0.091031782648252,0.108881405433217,28.713765130115,27.0547415365516,27.8842533333333,0.212927530477709,39.7575153876984,27.7374644,27.5809718382422,-1.35714287526999,-1.32214588302542
"14290778","2005-11-11",20.998644816029,0,0.0602408599554152,0.0883541236379929,28.7551651618157,26.9164755048509,27.8358203333333,0.0292388449633684,36.2983551923552,27.6484224,27.4589729264766,-1.50721381709389,-1.35915946983912
"14290777","2005-11-14",21.531321946258,0.0383297420243001,0.0127765806747665,0.0546830744261434,28.7187074647993,26.8032885352007,27.760998,0.0660907453942017,37.7896067164387,27.5806168,27.366901869613,-1.57911073193986,-1.40314972225927
"14290776","2005-11-15",22.5571842527125,0,0.0127765806747665,0.0285980071016483,28.7566549987054,26.6023460012946,27.6795005,-0.0324308172033765,33.9743966206452,27.5023792,27.2262549536646,-1.75207928637431,-1.47293563508227
"14290775","2005-11-16",23.5097706801345,0.0799986785814579,0.0394428068685858,0.0216653227393718,28.7929271312789,26.4626882020545,27.6278076666667,0.0845757898359134,37.5756296783821,27.4546912,27.1366489598427,-1.79817713726311,-1.53798393551844
"14290774","2005-11-17",23.0206295801123,0.153846153846154,0.0779482774758706,0.0433892216730732,28.8001337645058,26.4154315688275,27.6077826666667,0.252181774421289,40.7863200342699,27.4301024,27.088795765197,-1.74873606537508,-1.58013436148977
"14290773","2005-11-18",21.7770929440721,0.259515185288382,0.164453339238664,0.0939481411943725,28.8000746587778,26.4185956745555,27.6093351666666,0.376346378888523,44.0163822820655,27.4014152,27.0783696631707,-1.62168388711315,-1.58844426661444
"14290772","2005-11-21",20.6223803534634,0.425286410662499,0.279549249932345,0.173983622215625,28.7604794359642,26.4032378973691,27.5818586666666,0.444681669429445,48.3827999631087,27.366022,27.114040374748,-1.40488356337874,-1.5517321259673
"14290771","2005-11-22",19.3570518934421,0.555020728130153,0.413274108027011,0.285758899066006,28.6675732441172,26.4141804225495,27.5408768333333,0.489251689081977,48.9780219656805,27.3440408,27.1511643247816,-1.20528362710107,-1.48244242619406
"14290770","2005-11-23",18.0023951311946,0.649480884599208,0.543262674463953,0.412028677474435,28.6453083708318,26.4106759625015,27.5279921666666,0.536607586865322,50.2145435628818,27.3444132,27.1957570814774,-1.00781504203475,-1.3875169493622
"14290769","2005-11-25",16.908146189283,0.732985941303113,0.645829184677491,0.534121989056151,28.6347466917862,26.4103709748804,27.5225588333333,0.595050414247218,51.9695827398053,27.367512,27.251790803947,-0.803458888037212,-1.2707053370972
"14290768","2005-11-28",15.7992037737629,0.654451733306351,0.678972853069557,0.622688237403666,28.5742841953324,26.4199168046675,27.4971005,0.56240014303775,49.9383796268267,27.3857676,27.2817253634208,-0.675109743180435,-1.15158621831385
"14290767","2005-11-29",14.76947153078,0.727752575928768,0.705063416846077,0.676621818197707,28.2923885432623,26.578867790071,27.4356281666666,0.66506278051973,51.830761109964,27.3816696,27.3250553149647,-0.528798059085522,-1.02702858646818
"14290766","2005-11-30",14.3140952952141,0.596862229267498,0.659688846167539,0.681241705361057,28.1600959519644,26.6344753813689,27.3972856666666,0.586389544823222,48.3183961817096,27.3533552,27.3315612729694,-0.476087562162331,-0.916840381607012
"14290765","2005-12-01",13.8912459336172,0.651683766715523,0.658766190637263,0.674506151216959,28.0663518473993,26.6686098192673,27.3674808333333,0.577851156467532,48.6182496373646,27.3429232,27.3396824365735,-0.423929387586131,-0.818258182802836
"14290764","2005-12-02",13.8070524073056,0.567414002135243,0.605319999372755,0.641258345392518,28.0300506631398,26.6698276701935,27.3499391666666,0.513008283758211,46.4410052154957,27.3269028,27.3280927783637,-0.418981436877564,-0.738402833617781
"14290763","2005-12-05",14.3381173368581,0.387643329774592,0.535580366208453,0.599888852072822,27.9881946262352,26.6502113737647,27.319203,0.327364804773542,42.1087687310009,27.2911372,27.2783097412485,-0.497433495793831,-0.690208966052991
"14290762","2005-12-06",14.3727190494986,0.427630974832771,0.460896102247535,0.533932155942913,27.9845242805039,26.6464303861628,27.3154773333333,0.471693067658782,45.84876361399,27.2274292,27.2624844424154,-0.493489680935066,-0.650865109029406
"14290761","2005-12-07",15.3813235767694,0,0.271758101535788,0.422744856663924,27.9830582771496,26.5876657228503,27.285362,0.178497639522472,38.8462413888713,27.1748984,27.1779838500933,-0.640454166454907,-0.648782920514506
"14290760","2005-12-08",16.317884923521,0.0347223775545956,0.154117784129122,0.295590662637481,27.9504856323445,26.5385860343222,27.2445358333333,0.200177571224188,39.7160327083628,27.1324268,27.1109593367476,-0.73522073592891,-0.666070483597387
"14290759","2005-12-09",16.1037814809062,0.284720513566108,0.106480963706901,0.177452283123936,27.9352450993853,26.5302315672813,27.2327383333333,0.456801127809011,45.7039047536308,27.1149164,27.0975780918479,-0.702683145371719,-0.673393015952254
"14290758","2005-12-12",15.4545373042983,0.326384384250041,0.215275758456915,0.158624835430978,27.9398102286948,26.5554711046385,27.2476406666666,0.5149115677712,46.6548879537678,27.0977784,27.0934316796015,-0.652755022569551,-0.669265417275713
"14290757","2005-12-13",14.975024412868,0.284720513566108,0.298608470460752,0.206788397541521,27.9388969088454,26.5849470911546,27.261922,0.465718571894729,45.7911724922089,27.0910724,27.0823874556546,-0.622666014040718,-0.659945536628714
"14290756","2005-12-14",15.5527785956256,0.541126547154816,0.384077148323655,0.299320459080439,28.0303007119023,26.6525026214309,27.3414016666666,1.06660817870606,57.6208266975194,27.113426,27.177133128234,-0.361922923649771,-0.600341014032926
"14290755","2005-12-15",16.0892646224719,0.567098762276147,0.464315274332357,0.38233363103892,28.0769947318617,26.7386886014715,27.4078416666666,0.933927873560614,58.320424859874,27.1298188,27.2666967111361,-0.137696501085249,-0.50781211144339
"14290754","2005-12-16",16.5874302188292,0.606061732813394,0.571429014081452,0.47327381224582,28.1575647669058,26.7608832330941,27.459224,0.91901654206705,59.4031452590405,27.1644672,27.355495816318,0.0634812173635702,-0.393553445681998
"14290753","2005-12-19",15.565036807828,0.307358019641835,0.493506171577125,0.50975015333031,28.1681037192862,26.775181614047,27.4716426666666,0.565751941898878,48.912819428442,27.1894288,27.3467657074756,0.0328334741120262,-0.308276061723193
"14290752","2005-12-20",14.5206176646174,0.285712957755643,0.399710903403624,0.488215363020733,28.1651104615572,26.7685505384428,27.4668305,0.420079452742417,48.2479123482147,27.2084292,27.3329902798122,-0.00514365447225051,-0.247649580273005
"14290751","2005-12-21",13.7995331028823,0.372293205300414,0.321788060899297,0.405001711960014,28.1653116591037,26.7686603408962,27.466986,0.537790868757727,51.1107474445766,27.2531364,27.3458889091706,0.0194851221370529,-0.194222639790993
"14290750","2005-12-22",13.6275602259503,0.49783642338243,0.385280862146162,0.36892660881636,28.1851399449049,26.7662187217617,27.4756793333333,0.717055037994122,54.998137047593,27.2989616,27.3930823879478,0.117220117061123,-0.13193408842057
"14290749","2005-12-23",13.5406383153847,0.528135791738902,0.466088473473915,0.391052465506457,28.1995375753066,26.7623767580267,27.4809571666667,0.749510119086983,55.9093423729372,27.3384528,27.4426754028881,0.211244764894225,-0.063298317757611
"14290748","2005-12-27",13.2896759528553,0.49783642338243,0.507936212834587,0.453101849484887,28.2173371316396,26.7604112016937,27.4888741666667,0.70659881225248,54.7162158663914,27.3660224,27.4769640158364,0.263417818596623,0.00204490951323576
"14290747","2005-12-28",12.6436595485736,0.411504256612952,0.479158823911428,0.484394503406642,28.2149409304269,26.7606340695731,27.4877875,0.643673827689065,51.823390127811,27.3738464,27.4855688137248,0.255296727044674,0.0526952730195234
"14290746","2005-12-29",11.9218833026658,0.273685340686912,0.394342006894098,0.460479014546703,28.2202363514972,26.7627896485028,27.491513,0.576901840117422,50.9698579034316,27.3779448,27.4868169718949,0.232511707509819,0.0886585599175825
"14290745","2005-12-30",11.6730785883971,0.0947357119446665,0.25997510308151,0.377825311295677,28.2162379223244,26.7472287443423,27.4817333333333,0.363152658939721,45.4839179296925,27.3656504,27.4456747089756,0.120070966569852,0.0949410412480364
"14290744","2006-01-03",11.4911187176245,0.252630448786773,0.20701716713945,0.287111425705018,28.2313430030332,26.7597553303001,27.4955491666667,0.600844031302413,50.542103996206,27.3593168,27.4472740811121,0.111750171634228,0.0983028673252748
"14290743","2006-01-04",11.6788413561762,0.156977796642968,0.168114652458136,0.211702307559698,28.2407434258873,26.8099642407793,27.5253538333333,0.611099952847029,50.0421161726595,27.357454,27.4449348702972,0.095838347735433,0.0978099634073065
"14290742","2006-01-05",11.891133977223,0.37607135647035,0.261893200633363,0.212341673410315,28.2664538661426,26.8361021338573,27.551278,0.671150443494212,52.8865753608681,27.3567088,27.4640195542576,0.128280243184409,0.103904019362727
"14290741","2006-01-06",12.0882628396236,0.547011213683997,0.360020122265771,0.263342658452422,28.2491015006933,26.9559084993066,27.602505,0.700105475147576,56.0565112482413,27.3727288,27.5053969470232,0.206240158133686,0.124371247116919
"14290740","2006-01-09",11.9875203371525,0.486487532161029,0.469856700771792,0.363923341223641,28.1918981200908,27.1090462132425,27.6504721666667,0.620134463919428,54.0966258806838,27.3842784,27.5288386874201,0.237865716720354,0.147070141037606
"14290739","2006-01-10",11.3963533148803,0.324328245603853,0.452608997149626,0.427495273395729,28.1701014942757,27.180207172391,27.6751543333333,0.490435679387843,50.6630404145281,27.3947104,27.5268015290974,0.211338812779349,0.159923875385954
"14290738","2006-01-11",10.8474125084847,0.459462596483083,0.423426124749322,0.448630607556912,28.157965137019,27.2401561963143,27.6990606666667,0.551589531582676,53.3219235713357,27.4226524,27.5436639918845,0.228613312756765,0.173661762860116
"14290737","2006-01-12",10.285331270611,0.30630839765539,0.363366413247442,0.413133845048796,28.1236363120002,27.3129830213331,27.7183096666667,0.354656730125599,50.0310278067486,27.4360648,27.5371661262999,0.193677298825512,0.177664870053196
"14290736","2006-01-13",9.73344704000522,0.315313485384869,0.360361493174447,0.382384677057069,28.0552084819711,27.3301835180288,27.692696,0.385664626567829,50.2255452505159,27.4710852,27.5327759761265,0.166795718923773,0.175491039827311
"14290735","2006-01-17",9.2788694577478,0.396397964908208,0.339339949316155,0.35435595191268,28.0151479574046,27.3423020425953,27.678725,0.545218376645161,52.0360816510422,27.507596,27.540148512643,0.16811769182461,0.174016370226771
"14290734","2006-01-18",10.3858758778117,0.489796663647784,0.400502704646953,0.366734715712518,28.025397730042,27.3357776032913,27.6805876666667,1.08165694093552,57.2462431352376,27.5411264,27.5813100442906,0.242688519123457,0.187750800006108
"14290733","2006-01-19",11.7692129765017,0.698796349595441,0.528330326050477,0.422724326671194,28.1883702624141,27.2578734042526,27.7231218333333,1.24238993279878,63.8853135613609,27.5888144,27.6716260383852,0.416412818060841,0.233483203617055
"14290732","2006-01-20",13.3709365672707,0.760867789331186,0.649820267524803,0.526217766074077,28.3641186345101,27.2084850321566,27.7863018333333,1.22039687288247,66.9041136973466,27.6476788,27.7797038999338,0.611320662967274,0.309050695487099
"14290731","2006-01-23",15.029553225703,0.760479349894564,0.740047829607064,0.639399474394114,28.5439607114069,27.1503459552598,27.8471533333333,1.13837106302812,68.55540240269,27.680464,27.8907580466093,0.793420565094638,0.405924669408606
"14290730","2006-01-24",15.7298012265689,0.616764388211696,0.712703842479149,0.700857313203671,28.6414712922194,27.1276577077806,27.8845645,0.927610224482582,62.773293730087,27.7020724,27.9571996403948,0.86241101025355,0.497221937577595
"14290729","2006-01-25",15.1353620271683,0.337495973802876,0.571579903969712,0.67477719201864,28.6771373758702,27.1323522907965,27.9047448333333,0.719062942759138,54.1639153175752,27.70468,27.9626236883421,0.794884900596515,0.556754530181379
"14290728","2006-01-26",14.3792364381903,0.118745973802878,0.357668778605817,0.547317508351558,28.68270966348,27.14137133652,27.9120405,0.515406200086852,48.2278825240673,27.7199548,27.9238591965632,0.63993921534331,0.573391467213765
"14290727","2006-01-27",13.6771198198536,0.212495973802876,0.222912640469544,0.384053774348356,28.6888288567814,27.1600891432186,27.924459,0.513504151916894,50.7205262032447,27.7426808,27.9088913036881,0.551132377141972,0.568939649199407
"14290726","2006-01-30",13.427463865582,0.106251342065707,0.145831096557154,0.242137505210837,28.6865157681813,27.178546565152,27.9325311666667,0.388927108283436,47.9055758449863,27.7516224,27.8748084631963,0.429999553990168,0.541151630157559
"14290725","2006-01-31",13.6831760868331,0,0.106249105289528,0.158330947438741,28.6564478004168,27.2464918662498,27.9514698333333,0.292906175582604,44.4660383136107,27.7415632,27.8179486681035,0.271421354337376,0.487205574993522
"14290724","2006-02-01",14.4842387453804,0.357797532566672,0.154682958210793,0.135587720019157,28.7449715800752,27.2545234199248,27.9997475,0.909109051650499,56.414396260815,27.757956,27.8655355123564,0.352257813390122,0.460216022672842
"14290723","2006-02-02",15.2280826426028,0.513762958949987,0.290520163838886,0.183817409113068,28.8378838018221,27.2622025315112,28.0500431666667,0.906289972510562,60.4127447068739,27.7896236,27.9490014440422,0.501806572655195,0.468534132669313
"14290722","2006-02-03",15.4728741867857,0.426604939791672,0.43272181043611,0.292641644161929,28.8846247530183,27.284074580315,28.0843496666667,0.748579315695363,57.251982658818,27.820546,27.9977425848366,0.562332449078995,0.487293795951249
"14290721","2006-02-06",15.5353671799921,0.394493831416681,0.44495391005278,0.389398628109258,28.9131876881091,27.3070489785575,28.1101183333333,0.66594768460217,56.0876866971547,27.8507232,28.031291573525,0.584591827107483,0.506753402182496
"14290720","2006-02-07",14.8880920238088,0.252293826491663,0.357797532566672,0.411824417685186,28.9170175463082,27.3395434536918,28.1282805,0.509840309521398,51.1289741041815,27.8820184,28.0218700303884,0.513160757054454,0.508034873156888
"14290719","2006-02-08",13.8436145209168,0.155960501366691,0.267582719758345,0.356778054125931,28.9081771278468,27.3682532054865,28.1382151666667,0.322176172023515,48.0309539118875,27.8943128,27.9876246930032,0.395644159546049,0.48555673043472
"14290718","2006-02-09",13.6177119172681,0.183486419266665,0.19724691570834,0.274209056011118,28.903059025927,27.4010026407396,28.1520308333333,0.413913018662167,48.9821912937556,27.9099604,27.9653974006028,0.314963181959005,0.451438020739577
"14290717","2006-02-10",13.4806860801725,0.188071609741683,0.175839510125013,0.213556381863898,28.883798973136,27.4643486935307,28.1740738333333,0.406493965605071,49.1491628616699,27.9196468,27.9473750805224,0.250805051252501,0.411311426842162
"14290716","2006-02-13",13.3290380987215,0.183486419266665,0.185014816091671,0.18603374730834,28.8624767230672,27.5148549435995,28.1886658333333,0.28701306426888,48.9765419025937,27.9215096,27.9305144031194,0.195011953448865,0.368051532163502
"14290715","2006-02-14",12.5531304115949,0,0.123852676336116,0.161569000850932,28.8735941809292,27.4931818190708,28.183388,0.0799844432817882,42.1227401542558,27.911078,27.8625018160369,0.0344801902852465,0.301337263787851
"14290714","2006-02-15",12.2170564794929,0.203620305189978,0.129035574818881,0.145967689082222,28.8728396708869,27.4852436624464,28.1790416666667,0.367210389614468,50.0073544080973,27.9241176,27.8594415738986,0.0282132572318794,0.246712462476657
"14290713","2006-02-16",12.5487341342949,0.312214886391791,0.17194506386059,0.141611105005195,28.8575961467181,27.4846528532819,28.1711245,0.561506910302642,53.6350748042816,27.94051,27.8865933640455,0.08697414251988,0.214764798485302
"14290712","2006-02-17",13.306360841734,0.533936717531662,0.349923969704477,0.216968202794648,28.8627358971794,27.482307436154,28.1725216666667,0.843544302890622,60.0149263385837,27.9814916,27.9709769155061,0.262256889853685,0.224263216758978
"14290711","2006-02-21",14.3119675475931,0.678734350633261,0.508295318185572,0.343388117250212,28.9025005306364,27.4596184693636,28.1810595,1.00350188198508,63.5430146855821,28.0340228,28.0838493267719,0.48075149182667,0.275560871772517
"14290710","2006-02-22",15.438157712286,0.786459614825419,0.666376894330114,0.50819872740672,28.9854992703152,27.4188430630181,28.2021711666667,0.979970544801674,63.6509044881006,28.0835732,28.1829134165357,0.648146313673625,0.350077960152738
"14290709","2006-02-23",16.5144183589238,0.83504989180424,0.766747952420973,0.647140054978885,29.1038279803546,27.3790623529787,28.2414451666667,0.956401044199253,64.8825057630361,28.12679,28.2824289609976,0.80002226553666,0.440066821229523
"14290708","2006-02-24",17.7022993533195,0.7621333416724,0.794547616100686,0.742557487617257,29.2122769648986,27.3805187017681,28.2963978333333,0.903132979678569,63.8238890558273,28.1517512,28.3624664328646,0.896032016819825,0.531259860347583
"14290707","2006-02-27",19.301189080984,0.824999105289528,0.807394112922056,0.789563227147904,29.3860010829566,27.3517829170434,28.368892,1.00441721731749,68.379853874094,28.1830464,28.4827495751493,1.06740162519534,0.638488213317135
"14290706","2006-02-28",20.5293541776146,0.785126753564805,0.790753066842244,0.797564931954994,29.5110072550379,27.3854250782955,28.4482161666667,0.924967730355036,66.6170016833858,28.2061452,28.5770602984627,1.1675886568941,0.744308302032528
"14290705","2006-03-01",21.8788579713167,0.804687172346689,0.804937677067007,0.801028285610434,29.6309714349227,27.4489465650773,28.539959,0.937380135543981,68.3731391101634,28.2441464,28.678665592001,1.27341700862647,0.850130043351316
"14290704","2006-03-02",22.1746027285987,0.687499475754704,0.759104467222066,0.784931737043771,29.7133856372132,27.4348350294534,28.5741103333333,0.815296778671503,61.8075691390026,28.2866184,28.7294675130676,1.26354366826948,0.93281276833495
"14290703","2006-03-03",22.8062928415215,0.794118575826952,0.762101741309448,0.775381295199506,29.8445933125407,27.3952146874592,28.619904,0.902631095863013,66.4355342239483,28.3570324,28.8231705113252,1.34417620075462,1.01508545481888
"14290702","2006-03-06",21.1869461255287,0.46691008131365,0.649509377631768,0.723571862054426,29.8770528339912,27.4121188326755,28.6445858333333,0.634390684087224,51.4862385510909,28.3887,28.7938531098152,1.16239244171401,1.04454685219791
"14290701","2006-03-07",20.3798801549683,0.189427083579676,0.483485246906759,0.631698788615991,29.877073829013,27.4124085043203,28.6447411666667,0.392487972297133,46.5438938893714,28.4121712,28.7200126951732,0.906025983980707,1.01684267855447
"14290700","2006-03-08",20.6362287777552,0,0.218779054964442,0.450591226500989,29.8824088856678,27.3940337809989,28.6382213333333,0.248906559346969,39.5243342030555,28.4188772,28.5728123358167,0.520700338458679,0.917614210535311
"14290699","2006-03-09",20.8742667846288,0.239044233705904,0.142823772428526,0.281696024766575,29.8635830608638,27.4600509391362,28.661817,0.364564461725317,47.2034688997932,28.4188772,28.5197506910412,0.368274855256079,0.807746339479465
"14290698","2006-03-10",20.8394649814904,0.243026593264636,0.160690275656846,0.174097701016604,29.8532104513384,27.5058162153283,28.6795133333333,0.370978922633758,47.3234728777102,28.4065824,28.475005265569,0.247143284513229,0.695625728486218
"14290697","2006-03-13",20.3033614974248,0.430278765169111,0.304116530713217,0.202543526266196,29.8509181160287,27.5776532173047,28.7142856666667,0.509901031190559,52.7605575309627,28.4188768,28.4945938968265,0.272063619403373,0.610913306669649
"14290696","2006-03-14",19.16424825872,0.450199117977936,0.374501492137227,0.279769432835763,29.8369411062447,27.6875642270886,28.7622526666667,0.545933002392815,53.3126389518605,28.435642,28.5177800439163,0.301475503585102,0.54902574605274
"14290695","2006-03-15",18.0853720019369,0.490039823595588,0.456839235580878,0.37848575281044,29.7634427408884,27.8933209257783,28.8283818333333,0.552293295839438,54.4589850398529,28.467682,28.5502933713941,0.347059119933535,0.508632420828899
"14290694","2006-03-16",17.0697477562514,0.645420286507458,0.528553076026994,0.453297934581699,29.7604293294983,28.022073003835,28.8912511666667,0.707620743805569,58.7164184751163,28.522076,28.6269049218749,0.480013084590558,0.502908553581231
"14290693","2006-03-17",15.8769969227843,0.589641587639714,0.575033899247586,0.520142070285152,29.7566655735142,28.1112150931525,28.9339403333333,0.606604849002469,56.6683595225794,28.5690184,28.6759149322916,0.542002975523093,0.510727437969603
"14290692","2006-03-20",15.6672017406291,0.406376052801554,0.547145975649575,0.550244316974717,29.7564347683565,28.1275902316435,28.9420125,0.417850252954967,50.4427898579257,28.5984508,28.6612649413194,0.465100292773135,0.501602008930309
"14290691","2006-03-21",16.4217222225866,0.163345182029335,0.386454274156867,0.502878049684675,29.7794235643052,28.0372297690281,28.9083266666667,0.112850188177432,43.6019462810738,28.6055292,28.5728136158101,0.241134935930387,0.449508594330325
"14290690","2006-03-22",17.3918459613179,0.0836637707940334,0.217795001874974,0.383798417227138,29.8138990789186,27.9096142544148,28.8617566666667,0.0593953930262059,41.6095144679128,28.6211764,28.4713184670354,0.0102835623051689,0.361663587925294
"14290689","2006-03-23",18.2926751472828,0.159290437823046,0.135433130215471,0.246560802082437,29.8192176951811,27.8117766381523,28.8154971666667,0.145291121164684,43.6878960844187,28.6256468,28.401984004764,-0.132042863359483,0.262922297668339
"14290688","2006-03-24",19.129159391393,0.17733797349186,0.140097394036313,0.164441842042252,29.8132272508257,27.7246270825076,28.7689271666667,0.181371678140494,43.6878960844187,28.621176,28.3418941374622,-0.242351233538096,0.161867591427052
"14290687","2006-03-27",19.9058947609239,0.17733797349186,0.171322128268922,0.148950884173568,29.7474291859487,27.6584761473846,28.7029526666667,0.199631351966009,43.6878960844187,28.5984496,28.2898162524672,-0.326254012051186,0.0642432707314041
"14290686","2006-03-28",20.9489591292711,0,0.11822531566124,0.143214945988824,29.686844155067,27.5731415115997,28.6299928333333,0.151006019091717,41.2431815608834,28.55635,28.2198447521383,-0.441149326654522,-0.0368352487457811
"14290685","2006-03-29",22.1042924597998,0,0.0591126578306197,0.11622003392026,29.5820731720549,27.5093294946118,28.5457013333333,0.144337113159413,39.8040543660309,28.5094076,28.1443014518532,-0.558198576075652,-0.141107914211755
"14290684","2006-03-30",23.3770195874945,0,-4.07081775695891e-16,0.0591126578306189,29.5036292324768,27.4303664341899,28.4669978333333,0.138956607936131,38.2468374268172,28.4535236,28.0626852582727,-0.678425387463533,-0.248571408862111
"14290683","2006-03-31",25.0493404256574,0,-4.07081775695891e-16,0.0197042192768722,29.3548223892097,27.357810277457,28.3563163333333,0.0173557898517748,34.3506692608902,28.3864628,27.948485890503,-0.858508270324598,-0.370558781154608
"14290682","2006-04-03",25.849199168273,0.129555412595194,0.043185137531731,0.0143950458439093,29.2905172542246,27.2904777457754,28.2904975,0.184494149240106,40.3351972758853,28.3160488,27.8892531051026,-0.905388763548742,-0.477524777633435
"14290681","2006-04-04",25.8638979069631,0.040485794763015,0.056680402452736,0.0332885133281547,29.2948810009559,27.2075653323775,28.2512231666667,0.185265701195659,37.7849782118762,28.2404188,27.8105966910889,-0.99094548514892,-0.580208919136532
"14290680","2006-04-05",25.3435003388096,0.323145374160186,0.164395527172798,0.0880870223857542,29.2951373436413,27.2107243230254,28.2529308333333,0.401473061575558,48.0709302955069,28.182672,27.8219077989438,-0.875840989659171,-0.63933533324106
"14290679","2006-04-06",25.6610752163823,0.129465954734127,0.164365707885776,0.128480545837102,29.2903259570874,27.1506480429126,28.220487,0.250864216617881,42.7225671305841,28.1193368,27.7758267590846,-0.896031908387118,-0.690674648270272
"14290678","2006-04-07",26.7254228693253,0,0.150870442964771,0.159877226007781,29.3196310522417,27.001192614425,28.1604118333333,0.0750306971297119,37.2652711703899,28.0206084,27.6675871912066,-1.04954269554639,-0.762448257725495
"14290677","2006-04-10",27.7137456899152,0.00628659018319521,0.0452508483057737,0.120162333052106,29.2935283715466,26.8633686284534,28.0784485,0.0963549984229471,37.4217224834361,27.9554104,27.5750208990458,-1.15615366063301,-0.841189338306998
"14290676","2006-04-11",29.2327783643647,0,0.00209553006106466,0.0660722737772022,29.265751321737,26.677544678263,27.971648,0.0183236225965784,32.9118776280811,27.8857416,27.4314621125063,-1.36546874786772,-0.946045220219141
"14290675","2006-04-12",30.6433087049249,0,0.00209553006106466,0.0164806361426336,29.2018993851563,26.5091679481771,27.8555336666667,0.0351769398619246,32.9118776280811,27.8410344,27.3070444975055,-1.51567400365972,-1.05997097690726
"14290674","2006-04-13",30.9307235710272,0,-4.13442428441139e-16,0.00139702004070887,29.0133841220694,26.4331658779306,27.723275,0.0673705757762709,31.5293798864933,27.7680128,27.1793465645048,-1.66130315594424,-1.18023741271465
"14290673","2006-04-17",31.1976088038365,0.0744166071580167,0.0248055357193385,0.00896702192680015,28.8124755641511,26.3810441025156,27.5967598333333,0.0814359362411168,34.4927495158979,27.7005796,27.0885443559041,-1.71401468956663,-1.28699286808505
"14290672","2006-04-18",29.938885416444,0.120928235064994,0.0651149474076699,0.0299734943756686,28.6229084267533,26.37098090658,27.4969446666667,0.195796307594329,36.3470348426251,27.6193616,27.0222677751169,-1.70909554802537,-1.37141340407311
"14290671","2006-04-19",28.2573283526391,0.372093023255814,0.189145955159608,0.093022146095538,28.5252241577394,26.3668325089272,27.4460283333333,0.393199024625495,45.3441937784186,27.5563992,27.0318894051013,-1.53745389946891,-1.40462150315227
"14290670","2006-04-20",26.4238258806472,0.348837209302326,0.280619489207711,0.178293463924995,28.4556429499684,26.3563137166983,27.4059783333333,0.412229901621332,44.7139804845847,27.4878484,27.0340188177545,-1.39916374154521,-1.40352995083086
"14290669","2006-04-21",24.5376843275037,0.441860465116279,0.387596899224806,0.285787447864041,28.3690360072807,26.3696509927193,27.3693435,0.500700131952148,47.8369892304405,27.4122188,27.0607016420539,-1.21986846869567,-1.36679765440382
"14290668","2006-04-24",23.5210260093332,0.283718932739412,0.358138869052672,0.342118419161729,28.2657708703075,26.3726357963592,27.3192033333333,0.384547769636523,43.3534532031106,27.329138,27.0416027564467,-1.15885613479458,-1.32520935048197
"14290667","2006-04-25",22.837367927745,0.223254815206915,0.316278071020868,0.354004613099448,28.1544353316042,26.3768610017291,27.2656481666667,0.353027336779952,41.7425399426061,27.2583516,27.0089063889205,-1.13369034643591,-1.28690554967276
"14290666","2006-04-26",22.8669962353769,0.0634877353238581,0.190153827756728,0.288190255943422,28.0832036866034,26.3223536467299,27.2027786666667,0.177516358307203,37.5782255816495,27.1968792,26.9358615370644,-1.20049685156358,-1.26962381005093
"14290665","2006-04-27",23.7603210759712,0,0.0955808501769242,0.200670916318173,28.0430114593866,26.2132108739467,27.1281111666667,0.0557123329163711,32.0336113602988,27.1212496,26.8005279987892,-1.40046059765242,-1.29579116757122
"14290664","2006-04-28",24.1824138698232,0.324324324324325,0.129270686549394,0.138335121494348,27.966975659115,26.1908290075517,27.0789023333333,0.30597379180561,41.6286049007597,27.0623852,26.7577509322839,-1.37586984638021,-1.31180690333302
"14290663","2006-05-01",24.3023998990515,0.335136295840611,0.219820206721645,0.148223914482654,27.933247704982,26.1630849616846,27.0481663333333,0.347236456446034,41.9229555873248,27.004266,26.7231614746461,-1.335611095622,-1.31656774179082
"14290662","2006-05-02",24.4138154976206,0.491895374008321,0.383785331391085,0.244292074887374,27.8509386799505,26.1683986533828,27.0096686666667,0.428590901393444,46.1619857280646,26.9569512,26.7291986113599,-1.20830372629401,-1.29491493869146
"14290661","2006-05-03",24.8549383926536,0.383787265900213,0.403606311916381,0.335737283343036,27.7711533930833,26.16187494025,26.9665141666666,0.353766243549087,43.7882631174654,26.9096364,26.7095934631786,-1.15040727000274,-1.26601340495371
"14290660","2006-05-04",24.0645784474818,0.508110429519061,0.461264356475864,0.416218666594443,27.5495156154341,26.2795063845658,26.914511,0.573216528200435,47.1536787944367,26.8753608,26.7211650014215,-1.02799768199092,-1.21841026036116
"14290659","2006-05-05",23.4298424700413,0.641792360234761,0.511230018551345,0.458700228981196,27.5904320322801,26.2519399677199,26.921186,1.1721972363447,56.6356540612272,26.8749884,26.8280590012319,-0.70393124486382,-1.11551445726169
"14290658","2006-05-08",23.0521688550083,0.82269517047077,0.657532653408197,0.543342342811801,27.8517497065116,26.096801960155,26.9742758333333,1.21949008317848,62.2471238380482,26.9100092,26.9952124677344,-0.277356294063436,-0.947882824622038
"14290657","2006-05-09",22.9855878915274,0.740861488414564,0.735116339706698,0.634626337222079,28.067888150429,25.9949155162376,27.0314018333333,1.08304910224,60.9725216779676,26.9297548,27.1289014720364,0.0336222079534876,-0.751581818106933
"14290656","2006-05-10",22.9237627111522,0.747506705855496,0.77035445491361,0.721001149342834,28.2386340379048,25.9676052954285,27.1031196666666,0.965078658074717,61.1628488514889,26.958442,27.2472492757649,0.281154533492689,-0.545034547787008
"14290655","2006-05-11",21.8191312673733,0.594684539436137,0.694350911235399,0.733273901951902,28.3137380237578,26.0126519762422,27.163195,0.779086332890523,54.5717201846671,26.9461476,27.2926920389963,0.346029447258189,-0.366821748777969
"14290654","2006-05-12",20.3430376939278,0.491692586462733,0.611294610584788,0.691999992244598,28.3444698832001,26.0775431167999,27.2110065,0.655373420918224,50.6131607645356,26.9390688,27.2935771004634,0.308549818399362,-0.231747435342503
"14290653","2006-05-15",19.2554316729937,0.441858806072366,0.509411977323745,0.60501916638131,28.3441697556619,26.1517342443381,27.247952,0.531931611962329,48.7697370807632,26.9468924,27.275716153735,0.234866381944987,-0.138424671885005
"14290652","2006-05-16",18.2025329411426,0.498337803903664,0.47729639881292,0.532667662240484,28.3588697069299,26.19881729307,27.2788435,0.569853166076838,50.9501907223992,26.9606772,27.2813486665703,0.220721606538654,-0.0665954162002731
"14290651","2006-05-17",18.1668988914244,0.157675036085321,0.365957215353783,0.450888530496815,28.354864354297,26.1854359790363,27.2701501666666,0.394669565522832,44.6852131559747,26.9740892,27.2216528443609,0.0654431427306479,-0.0401877044140889
"14290650","2006-05-18",17.6788435741736,0.313806967498484,0.323273269162489,0.388842294443063,28.3613152154258,26.1914034512408,27.2763593333333,0.532049229442353,49.6825776511984,27.0020312,27.2183497984461,0.0493131327411023,-0.0222875369830506
"14290649","2006-05-19",16.5668026800499,0.330432915386841,0.267304972990215,0.318845152502162,28.37186655144,26.1942021152266,27.2830343333333,0.601580847958684,50.9072844627565,27.0396596,27.22790582532,0.0633980080548158,-0.00515042797547736
"14290648","2006-05-22",15.3901732882125,0.373911176256408,0.339383686380577,0.309987309511093,28.4006280807527,26.2141835859139,27.3074058333333,0.628364033020671,52.1612293312097,27.0750528,27.248606381944,0.100968526925671,0.0160733630047523
"14290647","2006-05-23",14.6676115708553,0.217391078838174,0.30724505682714,0.304644572065977,28.4140090637213,26.243336269612,27.3286726666666,0.546555765386478,49.7004443576162,27.1000144,27.2441935310181,0.0801713659250636,0.0288929635888146
"14290646","2006-05-24",14.7435919714288,0.00492926087531344,0.198743838656631,0.281790860621449,28.3959650254386,26.3054669745613,27.350716,0.368492582480716,44.6584031746053,27.0899552,27.190694393549,-0.0462243947225049,0.0138694919265507
"14290645","2006-05-25",14.2000552404677,0.359608620917625,0.19397632021037,0.233321738564713,28.3504361842342,26.4801504824324,27.4152933333333,0.602340870425462,53.7530825179654,27.1085832,27.2337431410758,0.0518162465847016,0.0214588428581809
"14290644","2006-05-26",13.3765343521945,0.413793468200449,0.259443783331129,0.217387980732709,28.3606208908361,26.5745931091639,27.467607,0.6752210519221,54.9705543628982,27.123858,27.2847120555991,0.157857750825285,0.0487386244516018
"14290643","2006-05-30",12.7073378484021,0.34681908733779,0.373407058818621,0.275609054120039,28.3492129750314,26.6738626916352,27.5115378333333,0.586446896967577,51.7682154180217,27.1428584,27.2990797815192,0.173690916988045,0.0737290829588905
"14290642","2006-05-31",12.4641214821409,0.264899532145447,0.341837362561228,0.324896068236992,28.329778066715,26.7541485999516,27.5419633333333,0.472116963880124,49.1962515689083,27.1592508,27.2866944773166,0.129682201964676,0.0849197067600476
"14290641","2006-06-01",11.644510717222,0.615385592762711,0.409034737415315,0.374759719598387,28.3237237553008,26.8874939113658,27.6056088333333,0.777451761417429,56.62300060134,27.2128996,27.3554405470077,0.26774195029089,0.121484155466216
"14290640","2006-06-02",11.4834863022512,0.761195863513022,0.547160329473726,0.432677476483423,28.4193978559699,26.9318404773634,27.6756191666666,0.992138439293332,61.2889461616518,27.3064124,27.4758724740734,0.505048661969942,0.198197056766961
"14290639","2006-06-05",11.2457196187769,0.741293293164968,0.705958249813567,0.554051105567535,28.5073740686543,26.9000589313456,27.7037165,0.922534957563151,60.7147427950642,27.3760812,27.5752788108636,0.673354022066341,0.293228449826837
"14290638","2006-06-06",10.4660163902311,0.601991325342392,0.701493494006794,0.651537357764695,28.4959233585065,26.9049899748268,27.7004566666666,0.796234905141,56.7099882321238,27.4345732,27.6266589694151,0.7215973941604,0.37890223869355
"14290637","2006-06-07",9.7420062494386,0.639998926347434,0.661094514951598,0.689515419590652,28.4795806016929,26.9120187316404,27.6957996666666,0.787776201130035,57.5710850479698,27.4852412,27.6811231068264,0.772384931412007,0.457598777237241
"14290636","2006-06-08",9.43931102529966,0.719996779042302,0.653995676910709,0.672194561956366,28.5064711891995,26.8997198108005,27.7030955,0.874761049798098,59.3141837974342,27.5493212,27.7481946925829,0.845908543673324,0.535260730524458
"14290635","2006-06-09",10.3339845794016,0.64372152867128,0.667905744687005,0.660998645516437,28.6353693447001,26.8499903219665,27.7426798333333,0.978555807546015,60.9345762879652,27.6104208,27.8249514002385,0.93348787643186,0.614906159705938
"14290634","2006-06-12",11.8647598359069,0.780405086799133,0.714707798170905,0.678869739922872,28.9135423628115,26.7351229705218,27.8243326666667,1.12979179836653,67.6040953356796,27.6692852,27.9808885468734,1.18213853566498,0.728352634897746
"14290633","2006-06-13",13.2861940026617,0.851353312005339,0.758493309158584,0.713702284005497,29.1648024113749,26.6834935886251,27.924148,1.06023605523078,69.2529736514175,27.71362,28.1421140739569,1.4168912787843,0.866060363675058
"14290632","2006-06-14",13.6735341093723,0.684826837114091,0.772195078639521,0.748465395323002,29.3017927892247,26.7017365441086,28.0017646666667,0.877029792531627,63.1540139452835,27.7475232,28.2358935307627,1.48549912553135,0.989948116046317
"14290631","2006-06-15",14.8030662680095,0.783881890723751,0.77335401328106,0.768014133693054,29.4724097904151,26.7652118762516,28.1188108333333,0.966813241367262,66.42442524702,27.7948384,28.364359726661,1.62092049650477,1.11614259213801
"14290630","2006-06-16",15.8519175581726,0.879118113209032,0.782608947015624,0.776052679645401,29.6676993167662,26.7897326832337,28.228716,0.957020818567402,68.4854936943836,27.8689776,28.5079850964395,1.77475691852902,1.24786545741621
"14290629","2006-06-19",16.0626560553317,0.765566930031895,0.809522311321559,0.788495090539414,29.7976450980604,26.8438935686062,28.3207693333333,0.846860816304342,63.481782253428,27.9431172,28.5939630835809,1.79300306369004,1.35689297867098
"14290628","2006-06-20",16.2583418026937,0.727272260265177,0.790652434502034,0.794261230946405,29.9074192774857,26.9086020558476,28.4080106666667,0.808415818074261,64.119303839822,28.0254532,28.6771706724368,1.80424055781927,1.44636249450063
"14290627","2006-06-21",16.1369131475837,0.640623165146593,0.711154118481221,0.770442954768271,29.9694963086871,27.0278376913129,28.498667,0.752983015184465,62.1173208846117,28.0969848,28.7343812494452,1.76084221577022,1.50925843875455
"14290626","2006-06-22",15.1355824257652,0.442707838214161,0.603534421208643,0.701780324730632,29.9184288536514,27.2642538130152,28.5913413333333,0.627325940512326,56.1398230794084,28.1737324,28.7367730828525,1.60841895894508,1.52909054279266
"14290625","2006-06-23",14.6111552486817,0.479167249159812,0.520832750840189,0.611840430176684,29.922193362811,27.4033039705223,28.6627486666667,0.647723040614302,56.9614585074808,28.238558,28.7475393384722,1.48875884192992,1.52102420262011
"14290624","2006-06-26",14.1852979724466,0.646739954953378,0.522871680775784,0.549079617608205,29.9534768421896,27.5201134911438,28.7367951666667,0.715623983888189,60.9048758357867,28.3126976,28.8003354266759,1.46826944278704,1.5104732506535
"14290623","2006-06-27",14.1589580175888,0.720238247398964,0.615381817170718,0.553028749595563,29.970549104789,27.6803182285443,28.8254336666667,0.763599188301003,62.792972121998,28.3898176,28.8684453697858,1.48144846782825,1.50466829408845
"14290622","2006-06-28",13.7918971186552,0.607845338760043,0.658274513704128,0.598842670550209,29.9017953114172,27.9297640219161,28.9157796666667,0.69734490796634,60.5196978831043,28.4688004,28.9113299871477,1.44105378973602,1.49194539321796
"14290621","2006-06-29",13.9145752559484,0.551394742123218,0.626492776094075,0.633383035656306,29.9054330748154,28.0704929251846,28.987963,0.750578745084697,61.8911032088557,28.567156,28.9633979888613,1.42350831581501,1.47825797773737
"14290620","2006-06-30",14.7354025921414,0.555558040873539,0.571599373918933,0.618788887905711,29.9787282670209,28.1260410663124,29.0523846666667,0.847469340617136,64.2328343485794,28.6465112,29.0346035903465,1.44692984644852,1.4719923514796
"14290619","2006-07-03",16.1631645969906,0.74866224192178,0.618538341639512,0.605543497217506,30.1432394456452,28.1434635543548,29.1433515,1.02948358094105,69.9199551230351,28.744122,29.1708271116336,1.60107593132599,1.49780906744888
"14290618","2006-07-05",17.4889436014934,0.791441793169971,0.698554025321763,0.629563913626736,30.2463933131918,28.2452176868082,29.2458055,0.987224186529151,70.5913753224936,28.8536548,29.2988221634158,1.72228830085686,1.54270491413047
"14290617","2006-07-06",18.2571046227947,0.711227981535494,0.750444005542415,0.689178790834563,30.2780909295101,28.4103560704898,29.3442235,0.912822603242049,67.5468564013597,28.9650504,29.3911232082937,1.7583797446268,1.58583988022974
"14290616","2006-07-07",19.4804835755514,0.682926829268293,0.728532201324586,0.725843410729587,30.3279267489521,28.5558042510479,29.4418655,0.960587704460977,68.2353748092616,29.05521,29.4798107805212,1.78342156897713,1.62535621797922
"14290615","2006-07-10",20.6164783173969,0.873167589309562,0.755774133371116,0.744916780079372,30.4481687698847,28.6258782301153,29.5370235,1.02857643296291,71.8221004365595,29.1416436,29.6051053431184,1.87972716574356,1.67623040753209
"14290614","2006-07-11",22.2785237572735,0.805664707723337,0.787253042100397,0.757186458932033,30.6538362560975,28.5760650772358,29.6149506666667,1.04860516480187,73.4761489619543,29.2370188,29.7385312973693,1.98227252021628,1.73743883006892
"14290613","2006-07-12",22.8488779577439,0.664031335404254,0.780954544145718,0.774660573205743,30.7881474544164,28.5684238789169,29.6782856666667,0.906663699013456,66.9192146876889,29.3312764,29.8156697910534,1.9614614740834,1.78224335887182
"14290612","2006-07-13",22.9410560458238,0.593495225292855,0.687730422806815,0.751979336350976,30.8408203686786,28.6498726313214,29.7453465,0.763782421709949,63.9455955307898,29.4169652,29.8638951522463,1.884960359154,1.80278675892826
"14290611","2006-07-14",23.1165798601833,0.554499427553746,0.604008662750285,0.690897876567605,30.9101129220088,28.6799290779912,29.795021,0.760532631973495,64.6227261639381,29.4989284,29.9131411319468,1.8181387044224,1.80585714802709
"14290610","2006-07-17",23.4811600561826,0.665045760627099,0.604346804491233,0.63202863001611,31.0032893578084,28.6888959755249,29.8460926666666,0.810814634556046,67.3725320370222,29.5846172,29.9868676476872,1.80665013399597,1.80601574522086
"14290609","2006-07-18",23.9492768441098,0.684465361602769,0.634670183261205,0.614341883500907,31.0885075788642,28.7303480878024,29.9094278333333,0.797938075292636,67.8037866564998,29.644972,30.0557319613289,1.78637772012096,1.80208814020088
"14290608","2006-07-19",25.1140178907246,0.831731464084407,0.727080862104758,0.655365949952398,31.2359354825905,28.7518141840761,29.9938748333333,0.913811717090777,72.1621294110842,29.7138956,30.1700570331517,1.85791960404731,1.81325443297017
"14290607","2006-07-20",26.5457176179296,0.759431167292119,0.758542664326432,0.706764569897464,31.3791221185138,28.7998748814861,30.0894985,0.913233553068865,72.9681237051933,29.7999568,30.2803147620648,1.91369527961069,1.83334260229827
"14290606","2006-07-21",28.2619858776707,0.752630448786774,0.781264360054433,0.755629295495207,31.5241351300605,28.9088232032728,30.2164791666666,0.978880098586052,75.891636456174,29.8849004,30.4193367937895,2.01988482505051,1.87065104684872
"14290605","2006-07-24",29.8916253402875,0.834195594125501,0.782085736734798,0.77396425370522,31.6643596494621,29.0241120172045,30.3442358333333,0.971828532841617,77.2540733590302,29.9668636,30.5621758879509,2.1221356574695,1.92094796897288
"14290604","2006-07-25",31.5400005220161,0.867646284854162,0.818157442588812,0.793835846459347,31.8194119667582,29.1152596999084,30.4673358333333,0.964526664689895,78.4214876212774,30.0663372,30.7058404362241,2.21501442151437,1.97976125948118
"14290603","2006-07-26",32.6720714120065,0.812181855836413,0.838007911605359,0.812750363642989,31.9318718604998,29.2229208061668,30.5773963333333,0.888693007815394,75.8029740962034,30.1594772,30.8179310447276,2.2367891707473,2.0311668417344
"14290602","2006-07-27",34.2663279065466,0.718891318760699,0.799573153150425,0.818579502448198,32.0283581418833,29.37791219145,30.7031351666667,0.921284387941381,76.5614581273544,30.2604408,30.9262522387639,2.24881227029095,2.07469592744571
"14290601","2006-07-28",35.8911671638583,0.830432915386841,0.787168696661318,0.808249920472366,32.1573422572273,29.5118934094393,30.8346178333333,0.969786252355323,79.2815469324918,30.3886012,31.063595940262,2.31512053938354,2.12278084983328
"14290600","2006-07-31",36.2733180383819,0.699998132778145,0.749774122308562,0.778838657373434,32.2294396862256,29.6565013137744,30.9429705,0.857653144689726,71.6103013262606,30.5029768,31.1453711482271,2.26776279246457,2.15177723835953
"14290599","2006-08-01",36.8161118715805,0.645299086475152,0.72524337821338,0.754062065727752,32.3210192234347,29.7288474432319,31.0249333333333,0.814995842316226,69.2064704918376,30.6005872,31.2038243284635,2.18039724055306,2.15750123879824
"14290598","2006-08-02",37.5710867143244,0.829267866884888,0.724855028712728,0.733290843078223,32.4745540572884,29.7795996093782,31.1270768333333,0.921758458372,74.6197880158986,30.7134728,31.3277544180017,2.22652408922825,2.17130580888424
"14290597","2006-08-03",38.5820425978701,0.693877551020409,0.722814834793483,0.72430441390653,32.5885366870826,29.8823223129174,31.2354295,0.886846847756827,72.525260489173,30.8278484,31.4239831622681,2.21475389544428,2.17999542619625
"14290596","2006-08-04",39.5207873468769,0.70539544788321,0.742846955262835,0.730172272923015,32.6803167597726,29.9904825735607,31.3353996666666,0.842804402117671,72.8895087744381,30.939244,31.5123494072991,2.18885107025846,2.18176655500869
"14290595","2006-08-07",39.0659459764327,0.461928768019184,0.620400588974267,0.695354126343528,32.7302330681993,30.0923845984673,31.4113088333333,0.730156447688235,64.7956454987784,31.029776,31.5454681529925,2.06064727368735,2.15754269874442
"14290594","2006-08-08",38.643593275306,0.574467599070261,0.580597271657551,0.647948271964884,32.8058885360986,30.159233130568,31.4825608333333,0.763466801109134,67.6678067560529,31.1076408,31.6064590659268,1.99761836878376,2.12555783275229
"14290593","2006-08-09",38.2514086242598,0.535949868073881,0.524115411721109,0.575037757450975,32.8584502657709,30.2715290675624,31.5649896666667,0.75688979901162,68.6221772013049,31.1858784,31.6704951904699,1.94615544137486,2.08967735447681
"14290592","2006-08-10",37.302407451343,0.362966144155751,0.491127870433298,0.531946851270652,32.8279112232495,30.4756191100838,31.6517651666667,0.673033285728092,65.1696288197276,31.264116,31.7073651650739,1.8481365213471,2.04136918785086
"14290591","2006-08-11",36.5141791487543,0.418601747815231,0.439172586681621,0.484805289612008,32.7764288176952,30.7034465156381,31.7399376666667,0.692750801395417,66.5006377603247,31.3438436,31.7529791430641,1.77581005087131,1.98825736045495
"14290590","2006-08-14",36.273108880631,0.496121514773199,0.425896468914727,0.452065642009881,32.7337562996337,30.9165653670329,31.8251608333333,0.744741756092451,67.708775197758,31.4127672,31.8049299239889,1.72199601969598,1.93500509230316
"14290589","2006-08-15",36.2174219381949,0.608005153532319,0.507576138706916,0.457548398101087,32.6653833969953,31.1631462696713,31.9142648333333,0.819409293827497,69.5980838415864,31.4802008,31.8698246007904,1.69718168443427,1.88744041072938
"14290588","2006-08-16",35.0675928650092,0.392003435688212,0.498710034664577,0.477394214095406,32.6147077836636,31.3342825496697,31.9744951666667,0.6967665324335,62.9092927812558,31.5491244,31.8925359873516,1.59517651201022,1.82898763098555
"14290587","2006-08-17",33.2877585213447,0.232003435688211,0.410670674969581,0.472318949447024,32.5336800005759,31.4960316660907,32.0148558333333,0.449585521162196,58.4297677464123,31.6161852,31.8873818557048,1.45044852949852,1.75327981068814
"14290586","2006-08-18",32.6493479244243,0.448005153532315,0.357337341636246,0.422239350423467,32.5185251502155,31.5903558497845,32.0544405,0.722106929455228,62.3295460981918,31.69107,31.9164456082775,1.38340405153308,1.67930465885713
"14290585","2006-08-21",32.2262098856689,0.594340004861848,0.424782864694125,0.397596960433316,32.5396507187516,31.6549192812483,32.097285,0.895131206127976,65.66936521743,31.7663272,31.9739221938405,1.37539962369662,1.61852365182503
"14290584","2006-08-22",31.8332959925389,0.622650109391462,0.554998422595208,0.445706209641859,32.5658343400546,31.7010746599454,32.1334545,0.862438459928062,66.0435690385146,31.841212,32.0274619013284,1.36008612965421,1.56683614739086
"14290583","2006-08-23",29.9011612996203,0.210526315789473,0.475838810014261,0.485206699101197,32.5257610274112,31.7945479725888,32.1601545,0.505733167151526,55.9719391930324,31.882566,32.0167363144846,1.22571228239243,1.49861137439118
"14290582","2006-08-24",28.1070362276246,0.27367968988393,0.368952038354955,0.466596423654807,32.5065753121873,31.8429176878126,32.1747465,0.404800561294152,56.8952237053079,31.9228024,32.0148914725533,1.12041462014953,1.42297202354285
"14290581","2006-08-25",26.3309336368192,0,0.161402001891135,0.33539761675345,32.5103486898049,31.8288993101951,32.169624,0.214343174282286,53.0978256341746,31.9429208,31.9896979428796,0.981054034671214,1.33458842576852
"14290580","2006-08-28",24.8880598829515,0,0.0912265632946434,0.207193534513577,32.495035613508,31.862530386492,32.178783,0.290653113453823,53.0978256341746,31.9563332,31.9678635504956,0.860713294247972,1.23981339946441
"14290579","2006-08-29",23.6877839902743,0.454546563693378,0.151515521231126,0.134714695472301,32.4824335413577,31.9220134586423,32.2022235,0.692789605510198,59.6702595122336,31.9786868,31.9986150770962,0.849592776790664,1.16176927492966
"14290578","2006-08-30",22.4040102476291,0.397728243231703,0.28409160230836,0.175611228944709,32.4815883883029,31.9219272783638,32.2017578333333,0.594031011026905,58.5654948796366,32.0029032,32.0190570668167,0.819490131940981,1.09331344633193
"14290577","2006-08-31",21.8973896001867,0.52173557866237,0.458003461862484,0.297870195133989,32.5005027300438,31.9157426032895,32.2081226666667,0.844575477672151,60.6075867700218,32.02861,32.0529174579078,0.816645193970111,1.03797979585956
"14290576","2006-09-01",21.7904692987955,0.650950085082244,0.523471302325439,0.42185545549876,32.5592575906837,31.8895870759829,32.2244223333333,1.03617063732772,63.7184444639288,32.0491012,32.1083431301868,0.853594436279814,1.00110272394361
"14290575","2006-09-05",20.5703305602768,0.113210031601977,0.428631898448864,0.470035554212261,32.5544205413355,31.9090164586645,32.2317185,0.395618106843726,51.76859365898,32.0595332,32.0855920461619,0.740745751296434,0.949031329414178
"14290574","2006-09-06",20.685654421187,0,0.25472003889474,0.402274413223014,32.6376310754383,31.7634025912284,32.2005168333333,-0.237431359929455,43.0698695331571,32.0524548,31.9950877733403,0.511663809908947,0.861557825513132
"14290573","2006-09-07",20.8873974598532,0,0.037736677200659,0.240362871514754,32.6948598834222,31.6341457832444,32.1645028333333,-0.11773431680616,42.3968907164306,32.0215324,31.9104414035616,0.314406180110405,0.752127496432586
"14290572","2006-09-08",21.2680432974331,0,7.40148683083438e-17,0.0974855720317992,32.7618578779971,31.4988451220029,32.1303515,-0.0974509466238075,41.0165028111942,31.9902376,31.8246625497534,0.132633062467957,0.628228609639661
"14290571","2006-09-11",22.0119826770611,0,7.40148683083438e-17,0.0125788924002191,32.8334030585377,31.3335389414622,32.083471,-0.0877694674449971,38.2033948783911,31.9496284,31.7242408764529,-0.0608258411822105,0.490417719475286
"14290570","2006-09-12",23.6209476960178,0,7.40148683083438e-17,-5.5973744158185e-16,32.9548463369926,31.0577939963407,32.0063201666667,-0.174432366773987,31.455053563574,31.8993328,31.5614554262592,-0.355804591284281,0.321173257323373
"14290569","2006-09-13",25.4187555340403,0,7.40148683083438e-17,-5.5973744158185e-16,33.0562826911705,30.7620053088295,31.909144,-0.1357444009284,29.1800648328584,31.8300368,31.3893280360913,-0.643502627158921,0.128238080426914
"14290568","2006-09-14",26.6829479275859,0.0732601308834633,0.0244200436278212,0.00814001454260647,33.0957969938164,30.5610483395169,31.8284226666667,0.0201065276156473,33.334073606456,31.7648388,31.2649882979458,-0.81558256349078,-0.0605260483566246
"14290567","2006-09-15",28.0801830033416,0.0109882330732448,0.0280827879855694,0.0175009438711296,33.150537756876,30.3566625764573,31.7536001666667,0.039168090844922,31.6354580160103,31.6988956,31.136115191553,-0.982665212259637,-0.244953881137227
"14290566","2006-09-18",29.5922128984461,0,0.0280827879855694,0.0268618731996527,33.1703717203642,30.1381296129691,31.6542506666667,0.0446777386389426,29.9897088320851,31.6225208,31.0033131660126,-1.14421727347856,-0.424806559605495
"14290565","2006-09-19",29.9419278216046,0.118468306697791,0.0431521799236785,0.0331059186316052,33.0999635325937,30.0219474674063,31.5609555,0.18161672565095,37.0438239401996,31.5550876,30.9304420772109,-1.17699188395493,-0.575243624475381
"14290564","2006-09-20",29.4236433663316,0.233450050876878,0.117306119191556,0.0628470290336008,32.9927180110377,29.971785655629,31.4822518333333,0.298258144076334,43.0423445710555,31.4939876,30.9082684669162,-1.1101299652828,-0.682220892636865
"14290563","2006-09-21",29.2085029796763,0.181185281618483,0.177701213064384,0.112719837393206,32.9204844832079,29.9015148501255,31.4109996666667,0.277508085549202,41.1242558289431,31.4373584,30.870423337994,-1.08128748937034,-0.76203421198356
"14290562","2006-09-22",29.4117118582467,0.105266131994365,0.173300488163242,0.156102606806394,32.851575276975,29.813017723025,31.3322965,0.238430767706381,38.1917721982718,31.3792392,30.8078202262615,-1.10443006286945,-0.830513382160739
"14290561","2006-09-25",28.7447192961459,0.114133669432482,0.13352836101511,0.161510020747578,32.7853240678968,29.7401799321032,31.262752,0.277127572160131,37.3550461625621,31.3084528,30.7448708627599,-1.12722912392327,-0.889856530513245
"14290560","2006-09-26",28.1253690599093,0.273744759208497,0.164381520211782,0.157070123130044,32.6919146954229,29.7016409712438,31.1967778333333,0.342860149267554,42.7571478853261,31.2384116,30.7250867477253,-1.06473894890547,-0.924833014191691
"14290559","2006-09-27",27.3083604588347,0.410257469080998,0.266045299240659,0.18798506015585,32.5344497114566,29.7125656218767,31.1235076666667,0.401255925301021,45.470043343057,31.1728408,30.7265685146952,-0.967374713824221,-0.933341354118197
"14290558","2006-09-28",26.1576737569586,0.57746542768356,0.420489218657685,0.283638679370041,32.3730298862569,29.7482461137431,31.060638,0.475751145421383,48.6170084543553,31.131114,30.7502060460692,-0.836517341690768,-0.913976551632711
"14290557","2006-09-29",25.7923970442332,0.446427715520959,0.478050204095172,0.388194907331172,32.1398831953267,29.8174661380066,30.9786746666667,0.410298339391697,43.7797398461626,31.07523,30.7309519065933,-0.801806219265488,-0.891542485159267
"14290556","2006-10-02",25.2948724679106,0.553572284479038,0.525821809227852,0.474787077326903,31.7905362132662,29.9945037867338,30.89252,0.482108712037359,45.9515219463806,31.0308952,30.7291676523809,-0.736483022061529,-0.860530592539719
"14290555","2006-10-03",24.9229312491911,0.517863818936509,0.505954606312169,0.503275539878397,31.5080257128302,30.1428926205031,30.8254591666667,0.498296258916876,45.3231322947971,30.9850704,30.7226546320634,-0.686585101086445,-0.825741494249065
"14290554","2006-10-04",24.6013435654361,0.508929512926943,0.52678853878083,0.519521651440283,31.3817534565976,30.1924792100691,30.7871163333333,0.501564259327709,45.1567427434556,30.9239704,30.7157673477883,-0.642097120655361,-0.789012619530324
"14290553","2006-10-05",24.8550862472951,0.29464996117603,0.440481097679827,0.491074747590941,31.2402689446209,30.2389610553791,30.739615,0.319857273400769,41.2457259954421,30.855792,30.6799943680832,-0.658045020773823,-0.762819099779024
"14290552","2006-10-06",25.5212221876737,0,0.267859824700991,0.411709820387216,31.1202192065626,30.259971460104,30.6900953333333,0.145770262592614,38.1333653311484,30.7749464,30.6229111190054,-0.71411165905978,-0.753077611635175
"14290551","2006-10-09",26.3150057366747,0,0.0982166537253433,0.26885252536872,31.0420446921518,30.2453169745148,30.6436808333333,0.0355073527952029,36.8501095250397,30.682924,30.5622629698047,-0.772046938787507,-0.756871477065642
"14290550","2006-10-10",26.6754243869652,0.100914087586925,0.0336380291956416,0.133238169207325,31.0393879862595,30.2122700137405,30.625829,0.190516941349497,39.5287004623964,30.6162356,30.5233612404974,-0.782136114199283,-0.76192440449237
"14290549","2006-10-11",25.8351048240726,0.275230984417169,0.125381690668031,0.0857454578630049,31.0387779258974,30.226230407436,30.6325041666667,0.440396306390753,43.9512442441652,30.577862,30.5132424084311,-0.734960256106298,-0.756531574815156
"14290548","2006-10-12",24.6799419557386,0.486239435787317,0.287461502597137,0.148827074153603,31.0499025639066,30.2300084360934,30.6399555,0.647683092112093,48.8297356807769,30.54992,30.5330354206403,-0.633626657401198,-0.731950591332364
"14290547","2006-10-13",23.2720592156229,0.651376056421266,0.470948825541917,0.294597339602361,31.0790042120975,30.2446827879025,30.6618435,0.790067863913314,52.3269386498437,30.5324096,30.5725426978882,-0.503239791147947,-0.686208431295481
"14290546","2006-10-16",21.7092500189972,0.614674651799608,0.584096714669397,0.447502347602817,31.0857619906352,30.3028123426981,30.6942871666667,0.791448499403792,51.4847569100647,30.5212328,30.6018143381698,-0.405101015482778,-0.62998694813294
"14290545","2006-10-17",20.6312805989312,0.710742775002439,0.658931161074438,0.57132556709525,31.1405741211953,30.2976748788047,30.7191245,0.925423129241781,55.1749002936118,30.5398608,30.6507790930805,-0.277546113211646,-0.559498781148682
"14290544","2006-10-18",20.4630521556537,0.774830952567176,0.700082793123074,0.647703556288969,31.2471320244401,30.2401706422266,30.7436513333333,1.11540460002992,60.4591998226126,30.579352,30.7317125473364,-0.0995794251966386,-0.467514909958273
"14290543","2006-10-19",20.9986632062855,0.817680311775209,0.767751346448275,0.708921766881928,31.4287719296187,30.149497737048,30.7891348333333,1.17212995071227,64.9137407646005,30.6229416,30.8403535410249,0.115344366824721,-0.350943054601674
"14290542","2006-10-20",21.9727420028071,0.770730659851156,0.787747308064514,0.751860482545287,31.612771596171,30.0903057371623,30.8515386666667,1.11350560198539,66.2351469340102,30.6765904,30.9469277355549,0.305777889413061,-0.219598865798727
"14290541","2006-10-23",23.2356147358109,0.706667175659942,0.765026049095436,0.773508234536074,31.7810428749343,30.0490147917323,30.9150288333333,1.0420511609706,66.371481233632,30.7369452,31.0405333708143,0.453250091833035,-0.0850290742723746
"14290540","2006-10-24",25.1342696363556,0.751825017730983,0.743074284414027,0.765282547191325,32.0426996593625,29.9444540073042,30.9935768333333,1.12160016014039,72.0800362992731,30.8021432,31.1800262547057,0.675056279259145,0.0669879964339293
"14290539","2006-10-25",27.3290996029181,0.826364938808623,0.761619044066516,0.756573125858659,32.3775059402177,29.7981007264489,31.0878033333333,1.13642191278719,76.7016618968594,30.8740472,31.3642547540783,0.960706465720063,0.245731690291156
"14290538","2006-10-26",29.3671560004404,0.839228073809399,0.805806010116335,0.770166446198959,32.6534292927202,29.6975913739465,31.1755103333333,1.03305347247198,77.0229531494999,30.95303,31.5288874535345,1.18094384505536,0.432774121243997
"14290537","2006-10-27",30.85457047726,0.799999999999999,0.82186433753934,0.79642979724073,32.8574453758581,29.6773716241418,31.2674085,0.921658407327706,74.2659224345877,31.0372284,31.6591504597299,1.31495291263537,0.609209879522271
"14290536","2006-10-30",31.9493401780118,0.761564707725343,0.80026426051158,0.809311536055751,33.0267585060469,29.6785044939531,31.3526315,0.862043967479233,72.3145368474034,31.1214268,31.7633517317659,1.38751819525329,0.764871542668475
"14290535","2006-10-31",31.0134728055781,0.52325624945381,0.694940319059718,0.772356305703546,33.1013858530056,29.730857813661,31.4161218333333,0.700804787489106,58.9665129119701,31.1743304,31.7841155008638,1.29732108585092,0.871361451304965
"14290534","2006-11-01",29.4700151510865,0.397541163942939,0.560787373707364,0.685330651092887,33.1413427120777,29.7995642879223,31.4704535,0.621239785699558,54.3372875592664,31.212704,31.772305434082,1.15582215634691,0.928253592313353
"14290533","2006-11-02",27.7319090539071,0.22131284596633,0.380703419787693,0.545477037518258,33.1331441203803,29.8971768796197,31.5151605,0.480907151174126,47.1893774498003,31.2283516,31.708670042871,0.931265585757846,0.928855991002252
"14290532","2006-11-03",26.2937167615323,0.120000954357837,0.246284988089035,0.39592526052803,33.0995170960977,30.0286012372356,31.5640591666667,0.434639748349309,45.9775965075906,31.2529408,31.6435847038216,0.725854432624584,0.888255679326718
"14290531","2006-11-06",25.0937129596878,0,0.113771266774722,0.246919891550483,33.0393315089111,30.1865834910889,31.6129575,0.373320684333511,45.0432376664445,31.2708236,31.5797254099787,0.54241036752638,0.819086616966651
"14290530","2006-11-07",24.29642824855,0,0.0400003181192791,0.133352190994345,32.9793314809484,30.3251315190516,31.6522315,0.312786712706872,42.8551471470563,31.2849808,31.5069953553149,0.359361094359367,0.727141512445194
"14290529","2006-11-08",22.7287801424775,0.105503706075008,0.035167902025003,0.062979828973001,32.9336016272496,30.4515823727504,31.692592,0.378603412878256,47.3779135896647,31.3080796,31.4725253079396,0.265975674099317,0.634908344776019
"14290528","2006-11-09",21.2201294152369,0.178896303775026,0.0948000032833448,0.0566560744758752,32.8993379059581,30.5594260940419,31.729382,0.40061933154243,50.3233430842093,31.3460804,31.4625206002143,0.227547821140561,0.553436240048927
"14290527","2006-11-10",19.8092425393323,0.155960501366691,0.146786837072242,0.0922515807935294,32.8724778718852,30.6449637947814,31.7587208333333,0.379645728801901,49.3928965438098,31.3900424,31.4476405201857,0.183032869507094,0.479355565940561
"14290526","2006-11-13",18.8272183505591,0.261469132458321,0.198775312533346,0.146787384296311,32.8432926348368,30.7489720318298,31.7961323333333,0.440111525195053,53.6393842372724,31.4459264,31.4633084508276,0.200420279311952,0.423568508614839
"14290525","2006-11-14",17.9710198207281,0.299538874100754,0.238989502641922,0.19485055074917,32.823601966871,30.8335503664623,31.8285761666667,0.448751998869918,55.052074653484,31.5006928,31.4868219907173,0.230618668468363,0.384978540585544
"14290524","2006-11-15",17.1759783287421,0.340314901319302,0.300440969292793,0.246068594822687,32.8194672791182,30.8709053875484,31.8451863333333,0.423203363132879,55.0520746534839,31.5483804,31.507200391955,0.25160713395862,0.358304259260159
"14290523","2006-11-16",17.4201564509643,0.371726336025903,0.337193370481987,0.292207947472233,32.8250900399123,30.8848416267543,31.8549658333333,0.494638573118032,56.212609195658,31.5897344,31.5323123396943,0.279287423589247,0.342500892125977
"14290522","2006-11-17",17.1116861830729,0.370859137804765,0.360966791716657,0.332867043830478,32.8220338553397,30.8742368113269,31.8481353333333,0.397748415860092,52.5587702995801,31.618794,31.5354480277351,0.262415483606948,0.326483810422171
"14290521","2006-11-20",17.2145296597263,0.589146899708696,0.443910791179788,0.38069031779281,32.8203998487567,30.8724558179099,31.8464278333333,0.486292641757754,56.608650935702,31.6567952,31.5630029573704,0.293298692141741,0.319846786766085
"14290520","2006-11-21",16.8079026807986,0.521013028257966,0.493673021923809,0.432850201606751,32.7708779509287,30.8660940490713,31.818486,0.458275581853407,53.1861203567311,31.682502,31.5694985630543,0.281162177884187,0.312109864989705
"14290519","2006-11-22",16.4874617181879,0.554621242195676,0.55492705672078,0.497503623274792,32.6263027381569,30.9147352618431,31.770519,0.499727929705893,54.0409938198252,31.6981496,31.5800947546471,0.277852703521209,0.305258432696006
"14290518","2006-11-24",17.8648919633487,0.472222222222223,0.515952164225289,0.521517414289959,32.4877557197115,30.9902576136218,31.7390066666667,0.75500978272609,57.9680308424437,31.7093264,31.6128741206941,0.316747496520819,0.307556245460969
"14290517","2006-11-27",19.1961842050869,0.633878178426011,0.55357388094797,0.541484367298012,32.4152366970313,31.034213636302,31.7247251666667,0.932982028809046,63.4546348421009,31.7283268,31.6797802379349,0.416258944304615,0.329296785229698
"14290516","2006-11-28",20.9279237643402,0.536843235423755,0.547647878690663,0.539057974621307,32.3887654773928,31.0513711892738,31.7200683333333,1.06201949817194,64.8877299887389,31.750308,31.7489428728769,0.510252547781342,0.365487937740027
"14290515","2006-11-29",23.5460569455403,0.666668022286387,0.612463145378718,0.57122830167245,32.717752648052,30.8394300186147,31.7785913333333,1.29049714005284,74.898751906948,31.7864464,31.9144424898267,0.775814552164911,0.447553260625004
"14290514","2006-11-30",26.0429098838599,0.826567885582981,0.676693047764375,0.612268023944585,33.0896498685999,30.6382897980668,31.8639698333333,1.20132910596557,78.6079276838503,31.8214672,32.1174848245165,1.08440268105159,0.574923144710321
"14290513","2006-12-01",28.8140436395761,0.785475612564888,0.759570506811419,0.682908899984837,33.5052009238287,30.474837742838,31.9900193333333,1.15482162196962,80.8888553224011,31.8684096,32.3381615145809,1.39398975561971,0.738736466892198
"14290512","2006-12-04",31.6780357347305,0.890174235489427,0.834072577879099,0.756778710818297,33.9980910874471,30.2998659125529,32.1489785,1.14721536777032,84.3771356332834,31.9451572,32.6163466459701,1.77701603682134,0.946392380878027
"14290511","2006-12-05",32.730177518821,0.73699284750128,0.804214231851865,0.799285772180794,34.296059528537,30.2952884714629,32.295674,0.972361278956918,73.4462096317946,32.0047668,32.7916204265075,1.93272700443652,1.14365930558973
"14290510","2006-12-06",33.3781564009878,0.702310210541014,0.776492431177241,0.804926413636068,34.4842612278988,30.3849541054345,32.4346076666667,0.865768072962859,71.1972272685528,32.0807688,32.9286217029731,2.00373522361963,1.31567448919571
"14290509","2006-12-07",33.387529839861,0.638728996322901,0.692677351455065,0.757794671494723,34.6205124129722,30.4849685870278,32.5527405,0.790457446603335,67.1385016095346,32.1575164,33.0200361425767,1.98590677570534,1.44972094649763
"14290508","2006-12-08",33.2088808984409,0.61176407432202,0.650934427061979,0.706701403231428,34.7237514625004,30.5987462041662,32.6612488333333,0.743819769999395,65.8520709717743,32.247676,33.0905686568998,1.93298883608024,1.54637452441415
"14290507","2006-12-11",33.0429925956937,0.623526885523375,0.624673318722766,0.65609503241327,34.8060758612747,30.735921805392,32.7709988333333,0.72471659649952,66.2499513283197,32.342306,33.1566635026465,1.87802645560129,1.61270491065158
"14290506","2006-12-12",32.7688171394755,0.607142971263872,0.614144643703089,0.629917463162611,34.8758384740368,30.8657891926299,32.8708138333333,0.698549388663375,65.428952048592,32.4376816,33.208979035627,1.80425808958715,1.6510155464387
"14290505","2006-12-13",32.6833500823632,0.665613336313818,0.632094397700355,0.623637453375403,34.9543957309362,31.0005222690638,32.977459,0.723081072735094,68.1888755668141,32.5479592,33.28660716421,1.78359776446608,1.67753199004417
"14290504","2006-12-14",32.2458484386992,0.590909261546433,0.621221856374708,0.622486965926051,34.998250533223,31.166853466777,33.082552,0.686577199109362,65.7956910013212,32.64557,33.3402248756487,1.72212816311796,1.68645122465893
"14290503","2006-12-15",31.5458953486749,0.545124380809151,0.600548992889801,0.617955082321621,35.018790295389,31.3301100379444,33.1744501666667,0.637739371411925,63.8218849425764,32.7338668,33.3755162255622,1.63407190649554,1.67597536102625
"14290502","2006-12-18",29.8222061767789,0.156249825252057,0.430761155869214,0.550844001711241,34.971864393889,31.5555546061111,33.2637095,0.549892186966313,56.5186156911049,32.8106144,33.3613953954872,1.46630142961282,1.63404057474357
"14290501","2006-12-19",27.7360237724862,0,0.233791402020403,0.421700516926472,34.9081686342094,31.7567873657906,33.332478,0.456405994187345,52.5602205261116,32.8705964,33.3218360094223,1.26919940352253,1.56107234049936
"14290500","2006-12-20",25.8400375921014,0.119566105334406,0.0919386435288212,0.252163733806146,34.8090094647598,32.0167682019069,33.4128888333333,0.476484064059858,55.8873910416996,32.9357944,33.3148725414993,1.14940619028281,1.47873911045605
"14290499","2006-12-21",24.2134546750492,0.103257127519286,0.0742744109512306,0.133334818833485,34.6686817543903,32.3145022456097,33.491592,0.437355952346337,55.317491617412,32.9998744,33.3051108692994,1.03578150079415,1.39014758852367
"14290498","2006-12-22",22.6633613023975,0.0285714285714258,0.0837982204750393,0.0833370916516969,34.5527059875281,32.5406936791386,33.5466998333333,0.339136255785425,52.6216403944422,33.0565036,33.2792654200595,0.903735654774329,1.2928652017738
"14290497","2006-12-26",21.7023657716723,0.194913789181564,0.108914115090759,0.0889955821723427,34.4404470483924,32.763789284941,33.6021181666667,0.397970730583367,55.6166452037492,33.1254272,33.2792193640515,0.830200034170159,1.20033216825307
"14290496","2006-12-27",21.0577747749665,0.413457766398944,0.212314328050645,0.135008887872147,34.317284624575,32.9984090420917,33.6578468333333,0.445739006051465,58.7378128977582,33.1943508,33.304016782178,0.807758408535708,1.1218174163096
"14290495","2006-12-28",20.2969910349136,0.372546130122206,0.326972561900905,0.216067001680769,34.3085676334639,33.0304106998694,33.6694891666667,0.364459132171817,57.6463882151051,33.2666272,33.3192985445543,0.769752151132952,1.05140436327427
"14290494","2006-12-29",19.1692339364638,0.245097523236108,0.343700473252419,0.294329121067989,34.3094614378538,33.0105782288129,33.6600198333333,0.295034304742016,54.7955526458358,33.3325704,33.3163987386137,0.702185764333674,0.981560643486151
"14290493","2007-01-03",19.5532243884029,0.405175764980284,0.340939806112866,0.337204280422063,34.2811620468199,33.0131089531801,33.6471355,0.554843523783679,58.5330238713942,33.3996312,33.3412069067985,0.690295879817326,0.923307690752386
"14290492","2007-01-04",19.9097869509177,0.551729882823348,0.400667723679913,0.361769334348399,34.1024062238351,33.1189047761649,33.6106555,0.705664330383893,61.2024227332733,33.4614764,33.3838193192254,0.710890219660953,0.8808241965341
"14290491","2007-01-05",18.8724162206053,0,0.318968549267878,0.353525359686886,34.0141398461161,33.1037854872172,33.5589626666667,0.052552260536569,46.4328970918759,33.4909084,33.3238834099954,0.54513167735446,0.813685692698172
"14290490","2007-01-08",17.9976507541576,0,0.183909960941116,0.301182077962969,33.9913971151336,33.0352515515331,33.5133243333333,-0.0146576895819553,45.8223063441796,33.4871828,33.2669722886627,0.400023445292663,0.73095324321707
"14290489","2007-01-09",16.9764008843959,0,1.11022302462516e-16,0.167626170069664,33.9890761780419,32.9624391552915,33.4757576666667,0.0391253290940014,44.7139647801448,33.4629664,33.2089559835076,0.266014028335704,0.637965400240797
"14290488","2007-01-10",16.0785436920312,0,1.11022302462516e-16,0.0613033203137053,33.9954018141854,32.8828431858146,33.4391225,0.0462538748129402,44.3836185726716,33.4245928,33.1561911857066,0.153391736192754,0.541050667431188
"14290487","2007-01-11",15.2113641227865,0.0559426383362089,0.0186475461120698,0.00621584870402313,33.975972257151,32.8389374095156,33.4074548333333,0.187627720992645,46.0988034654571,33.36312,33.1203963609457,0.0812674785251488,0.44909402964998
"14290486","2007-01-12",14.8913136586857,0,0.0186475461120698,0.0124316974080463,33.9907373827449,32.7282382839217,33.3594878333333,-0.016294361932013,39.2542964339082,33.305746,33.037216846153,-0.0706609698432947,0.345143029751325
"14290485","2007-01-16",14.5941239420206,0.0112946371703953,0.0224124251688682,0.019902505797669,33.9565799152996,32.6425554180337,33.2995676666667,0.0141052027606025,39.7131381721045,33.2535876,32.9676105999992,-0.184687495715363,0.239176924657988
"14290484","2007-01-17",14.3918442468337,0,0.00376487905679854,0.0149416167792453,33.9217857331772,32.5578196001561,33.2398026666667,0.0324668861675657,39.234239103097,33.2085076,32.9035598533327,-0.278927931394302,0.13555595344753
"14290483","2007-01-18",14.8176220991111,0,0.00376487905679854,0.00998072776082156,33.9205850408567,32.4289349591433,33.17476,-0.0316841237696122,35.2649416533205,33.1563492,32.8157612062217,-0.40868945782937,0.0267068711921499
"14290482","2007-01-19",15.6178679653109,0,1.12757025938492e-16,0.00250991937119887,33.9598982796336,32.2663663870331,33.1131323333333,-0.038241413688573,32.6641714355593,33.095622,32.7160730453921,-0.549285547876421,-0.0884916126215644
"14290481","2007-01-22",16.0456372775175,0.0493302905123691,0.0164434301707898,0.00673610307586263,33.9850881271259,32.1514518728741,33.06827,0.0798403319014155,35.6243624813194,33.0404832,32.6433379726732,-0.628639676203213,-0.196521225337894
"14290480","2007-01-23",15.8969052557271,0.044843092507534,0.0313911276733011,0.0159448526146968,33.9774363070184,32.0585120263149,33.0179741666667,0.147373180134761,35.471605656016,32.9752852,32.5790582429834,-0.686240117174608,-0.294465003705237
"14290479","2007-01-24",15.2126288463451,0.150003904191149,0.0813924290703508,0.0430756623048137,33.9466662226138,32.0085614440529,32.9776138333333,0.272610935069997,41.6637502353874,32.9227544,32.5519131439189,-0.671216797984653,-0.36981536256112
"14290478","2007-01-25",14.3883630506053,0.398773531465306,0.197873509387997,0.103552355377216,33.9210228704616,31.9873241295383,32.9541735,0.396602215001087,48.9965338730201,32.8854984,32.5681260580631,-0.578736833097748,-0.411599656668446
"14290477","2007-01-26",14.506305802934,0.226952568778695,0.25857666814505,0.179280868867799,33.8667964915853,31.9515151750814,32.9091558333333,0.302400220058801,42.9944720922484,32.84936,32.541195916988,-0.575034803321284,-0.444286685999013
"14290476","2007-01-29",14.6158240729535,0.361707798091788,0.329144632778597,0.261864936770548,33.7733833760786,31.950236290588,32.8618098333333,0.377987628222476,47.0188044807193,32.8284968,32.5414524613896,-0.52220826853161,-0.459871002505533
"14290475","2007-01-30",14.2250503324364,0.496455412824479,0.361705259898321,0.316475520273989,33.6909660485623,31.963109284771,32.8270376666667,0.484816835583201,50.7619591956925,32.8065156,32.5652694665377,-0.431479887696529,-0.454192779543732
"14290474","2007-01-31",13.7351161275803,0.546102477023005,0.468088562646424,0.386312818441114,33.6327311360007,31.9784998639993,32.8056155,0.59656116572307,52.104621521658,32.7882604,32.5946042043326,-0.339523223694449,-0.431258868373875
"14290473","2007-02-01",13.4941690917266,0.608389455744004,0.55031578186383,0.460036534802858,33.4975627821499,32.0472285511835,32.7723956666667,0.692981493983065,54.032971215426,32.7789464,32.6324463104216,-0.240855016646413,-0.393178098028383
"14290472","2007-02-02",12.7571446051647,0.482996873995732,0.545829602254247,0.521411315588167,33.2864243324978,32.1736096675022,32.730017,0.711478461540819,50.5277521095549,32.7569656,32.6453734690321,-0.197259207305034,-0.353994319883713
"14290471","2007-02-05",12.6556401657075,0.696430739734783,0.595939023158173,0.56402813575875,33.3234658610185,32.1530231389815,32.7382445,0.993772275896473,58.8025404144102,32.7446712,32.7137023398278,-0.0563048710980008,-0.294456430126571
"14290470","2007-02-06",13.0420045329856,0.83422708586914,0.671218233199885,0.604328952870769,33.4590437263146,32.0770549403521,32.7680493333333,1.11453754808037,64.2606493706008,32.7487696,32.8213540278508,0.142871467888694,-0.206990850523518
"14290469","2007-02-07",13.8643626403981,0.74396265560166,0.758206827068528,0.675121361142195,33.5910037231368,32.0115349435299,32.8012693333333,1.04811930727038,63.7938369489528,32.756966,32.9121681574707,0.292217502085923,-0.10714918000163
"14290468","2007-02-08",14.9110867515752,0.795239117764348,0.791142953078383,0.740189337782265,33.7590912441133,31.93503508922,32.8470631666667,1.04993747349408,66.7819894380512,32.7655348,33.0194364031412,0.45720257281967,0.00572117056263048
"14290467","2007-02-09",16.9120973582561,0.720149029505439,0.753116934290483,0.767488904812464,33.986620704987,31.8214469616797,32.9040338333333,1.09471262786505,69.8147752746075,32.7774564,33.1446902160557,0.638890635558109,0.132355063561726
"14290466","2007-02-12",18.7701786358883,0.72357762608893,0.746321924452906,0.763527270607257,34.1868646302599,31.7674323697401,32.9771485,0.99301297641775,70.5932508870983,32.821046,33.261936853915,0.788734275970326,0.263630906043446
"14290465","2007-02-13",20.4955398222611,0.735771896440356,0.726499517344909,0.741979458696099,34.3584348556917,31.7467488109749,33.0525918333333,0.927832754091431,70.9391287116548,32.8672432,33.3672759400596,0.903051404951305,0.391515005825018
"14290464","2007-02-14",22.7135190328871,0.788461538461538,0.749270353663608,0.740697265153808,34.5657507987137,31.7238502012863,33.1448005,0.95795977798971,73.6132166321592,32.92499,33.4883751480517,1.03486773359123,0.52018555137826
"14290463","2007-02-15",24.7730711570398,0.809125617574076,0.777786350825324,0.751185407277947,34.7334908122736,31.7638118543931,33.2486513333333,0.90746447135494,74.5585521334837,32.9868348,33.6045037949781,1.14536691830396,0.6452218247634
"14290462","2007-02-16",25.2423379633482,0.630630020650864,0.742739058895493,0.756598587794808,34.8070132082358,31.8902297917642,33.3486215,0.792234645141315,64.5899344490107,33.0322872,33.6604419556477,1.13881806215446,0.743941072241611
"14290461","2007-02-20",25.9198142110753,0.79637969481002,0.745378444344987,0.755301284688601,34.9101608050998,32.0044085282335,33.4572846666667,0.848904025555826,69.1546963766378,33.1071716,33.754871028228,1.20185157019401,0.835523171832091
"14290460","2007-02-21",26.3563520305047,0.773755216455581,0.733588310638822,0.740568604626434,34.9775990216891,32.1452936449775,33.5614463333333,0.804733030236341,67.8812183000752,33.1794484,33.8305002244643,1.22601381753493,0.91362130097266
"14290459","2007-02-22",26.1533979641829,0.701358828987705,0.757164580084435,0.745377111689415,35.0253331826813,32.2785614839853,33.6519473333333,0.753017994541231,63.8305964504058,33.246882,33.8761761945357,1.19555850238433,0.970008741254994
"14290458","2007-02-23",26.6495805648698,0.595959157778296,0.690357734407194,0.727036875043484,35.0959571572756,32.383040509391,33.7394988333333,0.782266136188561,65.0923666311903,33.3273548,33.9269380352643,1.17759174289152,1.0115253415823
"14290457","2007-02-26",29.318151972244,0.55525554986413,0.617524512210044,0.688348942233891,35.4570850840644,32.3621839159356,33.9096345,1.15390634144986,77.0619436080769,33.4614764,34.1261649638957,1.42223831390291,1.09366793604642
"14290456","2007-02-27",31.7134334716746,0.547169865923502,0.566128191188643,0.624670145935293,35.7264731299994,32.4163018700006,34.0713875,1.04469563406637,76.3850327140349,33.590382,34.2951029687096,1.58900655974732,1.1927356607866
"14290455","2007-02-28",33.9376234354315,0.517241698470045,0.539889038085892,0.574513913828193,35.8785670352278,32.5405232981055,34.2095451666667,0.905750075991399,76.3850327140348,33.7196604,34.441515906215,1.69989267933017,1.29416706449532
"14290454","2007-03-01",34.4850866231777,0.307454544848305,0.457288703080617,0.521101977451717,35.9477375992994,32.6992354007005,34.3234865,0.783419899504388,64.3631911112995,33.8198788,34.500104452053,1.6480170191173,1.36493705541971
"14290453","2007-03-02",34.9934452975134,0.419048300731788,0.414581514683379,0.47058641861663,36.0262802281956,32.859441438471,34.4428608333333,0.814796310409401,68.2739474427209,33.923078,34.6005558584459,1.67411024755479,1.42677169384673
"14290452","2007-03-05",33.911014223942,0.209525854576317,0.312009566718803,0.3946265948276,35.9718292865973,33.098620046736,34.5352246666667,0.596548949336781,57.1331576893563,34.0139828,34.6056510773198,1.53350895159787,1.44811914539696
"14290451","2007-03-06",33.1267871045703,0.231745350061864,0.286773168456657,0.33778808328628,35.9446701586443,33.2847381746889,34.6147041666666,0.609424790466709,57.9174028027689,34.1004164,34.6187589336772,1.42088971841163,1.44267325999989
"14290450","2007-03-07",32.2860406383863,0.215872334188847,0.219047846275676,0.272610193817045,35.925968893572,33.4245207730946,34.6752448333333,0.561125326598489,57.1135447190549,34.1779088,34.6239097425202,1.30572586915714,1.41528378183134
"14290449","2007-03-08",31.5053474912154,0.276191157874644,0.241269614041785,0.249030209591373,35.9035333903285,33.5730056096715,34.7382695,0.581196414636459,59.418570275382,34.259872,34.6519697768509,1.24133571682106,1.38049416882928
"14290448","2007-03-09",30.8464359254149,0.224077877682341,0.238713789915278,0.233010416744246,35.8846803669129,33.6983486330871,34.7915145,0.556517269583694,58.7031766282053,34.3366192,34.6713204732707,1.16809108577811,1.33801355221905
"14290447","2007-03-12",30.9398531698025,0.230767573468157,0.243678869675048,0.24122075787737,35.8988739410219,33.7720173923114,34.8354456666667,0.610429481860954,58.9691803797535,34.4200724,34.6905750768346,1.10162726587526,1.29073629495029
"14290446","2007-03-13",31.3114855450552,0.250836660825601,0.2352273706587,0.239206676749675,35.9127213682839,33.8584509650494,34.8855861666667,0.639798457340951,59.8056347003183,34.4886236,34.7147143999234,1.04978925245782,1.2425468864518
"14290445","2007-03-14",30.5867887014308,0.0862068965517239,0.189270376948494,0.22272553909408,35.8907098905469,33.9382094427864,34.9144596666667,0.414451748171642,52.0046144542719,34.5273696,34.6847178132669,0.909421167290425,1.17592174261952
"14290444","2007-03-15",30.3353516111645,0.154719412043547,0.163920989806957,0.19613957913805,35.9011529241849,33.9920334091484,34.9465931666667,0.574565001760662,57.9162591281691,34.582136,34.7096381048313,0.876907868459198,1.11611896778746
"14290443","2007-03-16",30.1903248736624,0.277777541082088,0.172901283225786,0.175364216660412,35.9261053969198,34.0499759364135,34.9880406666667,0.659690117148149,61.5258670626779,34.6391376,34.7672490241872,0.903355620088009,1.07356629824757
"14290442","2007-03-19",30.5871761189569,0.515723227971613,0.316073393699083,0.217631888910609,35.9397748191445,34.1642188475221,35.0519968333333,0.741126257639447,62.9423423746022,34.6909236,34.8320811542955,0.939131722771513,1.04667938315236
"14290441","2007-03-20",31.4280007718959,0.628865694109312,0.474122154387671,0.32103227710418,36.0313559151266,34.2104850848734,35.1209205,0.900174550857809,67.2681427508881,34.755004,34.9379436670561,1.04123399100906,1.0455903047237
"14290440","2007-03-21",32.7029565597876,0.681817576830421,0.608802166303782,0.466332571463512,36.1928064512007,34.233141215466,35.2129738333333,1.037151013077,71.1648810157417,34.8339868,35.0830911781153,1.19973343027215,1.07641892983339
"14290439","2007-03-22",33.9818534950984,0.634920093901914,0.648534454947216,0.57715292521289,36.3063349360515,34.3114807306151,35.3089078333333,0.979585006292429,70.119539867275,34.9021652,35.2026763543666,1.29852096894161,1.12083933765503
"14290438","2007-03-23",35.3400655538192,0.733336514526122,0.683358061752819,0.646898227667939,36.4770454952858,34.3459891713809,35.4115173333333,1.03773144667534,73.3264133556362,34.9811484,35.3535088404511,1.44006984075071,1.18468543827417
"14290437","2007-03-26",36.8858485248481,0.788078198824672,0.718778269084236,0.683556928594757,36.6920275531028,34.2281831135638,35.4601053333333,1.08650807797633,76.2194625376521,35.0884456,35.5339036617242,1.61681397889881,1.2711111463991
"14290436","2007-03-27",39.233401230792,0.771111588290029,0.764175433880274,0.722103921572443,37.2325008832197,33.9044154501136,35.5684581666667,1.24307642728549,81.9612328045856,35.2225672,35.825609840161,1.96103704350317,1.40909632581991
"14290435","2007-03-28",41.413271600597,0.866666666666666,0.808618817927122,0.763857506963877,37.7501444349455,33.6599825650545,35.7050635,1.13347122088407,83.6394382244521,35.3745716,36.1318218614729,2.29227872663886,1.5857328059837
"14290434","2007-03-29",42.8983928690737,0.822222222222222,0.820000159059639,0.797598136955678,38.1364582219666,33.5620921113668,35.8492751666667,0.998240582023395,79.915375376382,35.5250856,36.3723682799432,2.48021509972813,1.76462926473259
"14290433","2007-03-30",43.5496396787898,0.760000477178918,0.816296455355936,0.814971810780899,38.4340285493821,33.5184834506179,35.976256,0.907509365984722,74.8881496806225,35.6618152,36.5460698426174,2.53938769009643,1.91958094980536
"14290432","2007-04-02",44.7037052199652,0.73988460830332,0.77403576923482,0.803444127883465,38.78556941851,33.53422458149,36.159897,0.94284903623273,77.2046182042669,35.7676224,36.7487698636018,2.6397325382824,2.06361126750077
"14290431","2007-04-03",45.9579054269934,0.891944853421982,0.797276646301406,0.795869623630721,39.2634178944078,33.4928921055922,36.378155,1.00130122843804,81.9448818327519,35.9159012,37.0622898817882,2.90805988969098,2.23250099193881
"14290430","2007-04-04",47.273896430044,0.877711659819576,0.836513707181626,0.802608707572617,39.7011495749475,33.5202397583858,36.6106946666667,0.964049050780173,82.6451585015729,36.0716312,37.3588445642164,3.11975425327038,2.40995164420512
"14290429","2007-04-05",48.5785897866904,0.915686695550026,0.895114402930528,0.842968252137853,40.1233522165726,33.5789501167607,36.8511511666667,0.940907937703928,83.7957900410681,36.2605192,37.6580826223209,3.31232419141072,2.59042615364624
"14290428","2007-04-09",49.9857453318751,0.909268984795223,0.900889113388275,0.877505741166809,40.53713649219,33.67991950781,37.108528,0.930799940179197,84.875640421792,36.4471716,37.9596449393448,3.48708845492194,2.76975861390138
"14290427","2007-04-10",51.3535907540817,0.90852516612612,0.911160282157123,0.902387932825308,40.9080600914351,33.8206449085649,37.3643525,0.89823416019919,85.3097702872675,36.6636288,38.2383856140988,3.60665574591665,2.93713804030444
"14290426","2007-04-11",52.6501350359955,0.895062519330182,0.904285556750508,0.905444984098635,41.2127489632981,34.0176697033685,37.6152093333333,0.857841413599459,84.9346698078419,36.8767332,38.4774768655523,3.65130311182795,3.07997105460914
"14290425","2007-04-12",52.9844492736344,0.819196867226182,0.874261517560828,0.89656911882282,41.3501650354019,34.3968702979314,37.8735176666667,0.793396978510481,79.3026295369183,37.0805236,38.6474332834787,3.58416608123808,3.18081005993493
"14290424","2007-04-13",52.7700864362357,0.754904463291852,0.823054616616072,0.867200563642469,41.4256393563789,34.7867853102878,38.1062123333333,0.746522615997308,75.8713139829689,37.2701568,38.7711341790148,3.45272640476169,3.23519332890028
"14290423","2007-04-16",52.6987017003876,0.726973812004449,0.767025047507494,0.821447060561465,41.4757616173494,35.1970850493173,38.3364233333333,0.747733204571515,76.8370100766501,37.4676136,38.8994522884795,3.34172685568708,3.25650003425764
"14290422","2007-04-17",53.3457291780742,0.749318362666167,0.743732212654156,0.777937292259241,41.5759948701184,35.6010497965483,38.5885223333333,0.823615973512428,79.6265145094901,37.6844436,39.0777226500156,3.31798013633398,3.26879605467291
"14290421","2007-04-18",54.0394466232632,0.866490535280147,0.780927569983588,0.763894943381746,41.7144429124588,35.9692830875412,38.841863,0.861093000581542,82.0417947805344,37.9199012,39.3017676300135,3.36526709176426,3.28809026209118
"14290420","2007-04-19",55.025699168961,0.787811735052471,0.801206877666261,0.775288886768002,41.8837161861737,36.2952044804929,39.0894603333333,0.880798403118689,82.749726544109,38.1773404,39.5182946126784,3.39496478089401,3.30946516585174
"14290419","2007-04-20",55.9415051042518,0.802993914177317,0.819098728169978,0.800411058606609,41.969109349434,36.7102839838993,39.3396966666666,0.867123809178577,83.339124993516,38.4250928,39.7245793309879,3.40494062830663,3.32856025834272
"14290418","2007-04-23",57.0026848021517,0.798744028225603,0.796516559151797,0.805607388329346,42.0821948890348,37.1079157776318,39.5950553333333,0.916054525084664,84.9288404062248,38.6780612,39.9567594201895,3.45131926932749,3.35311206053967
"14290417","2007-04-24",58.0561691881655,0.871794960030558,0.824510967477826,0.813375418266534,42.210982208999,37.4830161243343,39.8469991666666,0.943541146964198,86.1834821157165,38.940716,40.2051728308309,3.51547450566552,3.38558454956484
"14290416","2007-04-25",59.1669717405995,0.873788229407719,0.848109072554626,0.823045533061416,42.4804168537109,37.6305384796224,40.0554776666666,0.944459049705243,87.068267109294,39.1992728,40.4564791200535,3.5755801399004,3.42358366763196
"14290415","2007-04-26",58.9070822894935,0.724918520371646,0.823500569936641,0.832040203323031,42.640166565644,37.827825434356,40.233996,0.839218263099963,78.4829091919984,39.4246716,40.6171512373797,3.49495550354488,3.43785803481454
"14290414","2007-04-27",57.415858295453,0.556632684970919,0.718446478250094,0.796685373580454,42.6403806491746,38.1486336841587,40.3945071666666,0.7101913073065,70.0715507547648,39.63256,40.6918230723957,3.29589645861137,3.40946571957391
"14290413","2007-04-30",54.8218392122928,0.362457522880314,0.548002909407626,0.696649985864787,42.5002155915394,38.5800160751273,40.5401158333333,0.58964956125201,61.8364922382411,39.8039372,40.682026662743,2.99276357923906,3.32612529150694
"14290412","2007-05-01",52.3189277085304,0.346276259372762,0.421788822407998,0.562746070021906,42.3746862883371,38.9356007116629,40.6551435,0.538050763906813,61.1911104113061,39.9585496,40.6673271077106,2.71216635582188,3.20333350436993
"14290411","2007-05-02",50.732361927062,0.375403923530762,0.361379235261279,0.443723655692301,42.3471064781373,39.1398361885293,40.7434713333333,0.591670477836762,61.9607401769244,40.075906,40.6657648266825,2.4779510460532,3.05825701270658
"14290410","2007-05-03",49.4493185012697,0.476028517956092,0.399236233619872,0.39413476376305,42.3494638113223,39.3237588553444,40.8366113333333,0.666945777600921,65.2582338703223,40.1921448,40.7140855164582,2.33920519656998,2.91444664947926
"14290409","2007-05-04",48.2579210344626,0.449581139786984,0.433671193757946,0.398095554213033,42.3651626742264,39.4763329924402,40.9207478333333,0.6726000566286,66.9549527964108,40.3240312,40.7832847809304,2.24366202582,2.78028972474741
"14290408","2007-05-07",47.6101053887884,0.480198572362512,0.468602743368529,0.433836723582116,42.4308195980755,39.5758444019244,41.003332,0.749027732695718,68.8887017178887,40.4760356,40.8755454768063,2.190081100042,2.66224799980633
"14290407","2007-05-08",47.0598803462097,0.658419393759003,0.5293997019695,0.477224546365325,42.5247271981763,39.6585928018237,41.09166,0.800650009444761,71.3856332202411,40.6258048,41.0002127465655,2.18776436289023,2.56735127242311
"14290406","2007-05-09",46.3009720425953,0.608914495888767,0.582510820670094,0.526837755336041,42.5800360855113,39.7684529144886,41.1742445,0.737358145241687,69.7119617634368,40.7304944,41.0958390470234,2.14206626706026,2.48229427135054
"14290405","2007-05-10",46.159564458832,0.703702599126169,0.657012162924646,0.58964089518808,42.6338206065866,39.94193006008,41.2878753333333,0.8337188682625,71.778362892518,40.8385368,41.2147285074203,2.13349800042568,2.41253501716557
"14290404","2007-05-11",44.6348574425807,0.416670394615847,0.576429163210261,0.605317382268334,42.5484563365148,40.2315816634851,41.390019,0.670787974826424,62.0339645582284,40.9108136,41.2407713730976,1.99020808636869,2.32806963100619
"14290403","2007-05-14",43.9206140879514,0.760001561676461,0.626791518472826,0.620077614869244,42.6125386635757,40.4506450030909,41.5315918333333,1.05124118966433,70.353192656947,41.014758,41.4111231900179,2.06882132308053,2.27621996942106
"14290402","2007-05-15",42.8913662815288,0.667832916011277,0.614834957434528,0.606018546372538,42.718413779331,40.557129220669,41.6377715,0.966357763624316,67.9285511688166,41.1067804,41.5364080980155,2.07328000098432,2.23563197573371
"14290401","2007-05-16",41.8728505797661,0.657340425931278,0.695058301206338,0.645561592371231,42.8120241611519,40.624650838848,41.7183375,0.87002485663834,67.5108169780879,41.19843,41.6412616849468,2.0469487872455,2.19789533803607
"14290400","2007-05-17",41.0482973717276,0.727270338349957,0.684147893430837,0.664680384023901,42.9364291934721,40.6467854731946,41.7916073333333,0.889294627852401,68.8842183800119,41.3087076,41.7569721269539,2.03790247414086,2.16589676525703
"14290399","2007-05-18",40.2826408214062,0.765734042593128,0.716781602291454,0.69866259897621,43.056673138294,40.6746338617059,41.8656535,0.871785011567281,69.644319674263,41.430162,41.87091584336,2.02635076528477,2.13798756526258
"14290398","2007-05-21",38.5643432949746,0.599275963379559,0.697426781440881,0.699452092387724,43.1154278313301,40.6922538353365,41.9038408333333,0.716465058170505,63.0137676731208,41.5288904,41.9150243975787,1.91566230211375,2.09352251263281
"14290397","2007-05-22",36.3201867020218,0.396625925288343,0.58721197708701,0.667140120273115,43.1303166672657,40.6978559994009,41.9140863333333,0.596556682883395,58.6412338854192,41.5955788,41.9135131445682,1.75031108454029,2.02488022701431
"14290396","2007-05-23",34.4336787712414,0,0.331967296222634,0.538868684916842,43.099055346671,40.6664029866623,41.8827291666666,0.377161856370258,50.20040491305,41.6145796,41.8227887252924,1.47314539115289,1.91453325984202
"14290395","2007-05-24",33.9193906132716,0,0.132208641762781,0.350462638357475,43.1391828183083,40.515128515025,41.8271556666666,0.091397302515776,41.3071940897387,41.589618,41.6199742285868,1.06092226603178,1.74381106107998
"14290394","2007-05-25",33.0458169183951,0.0888882072047199,0.0296294024015728,0.164601780128996,43.1555573595936,40.4646029737397,41.8100801666666,0.197892748533031,44.2834805621698,41.5694996,41.4789736647752,0.775235971646615,1.5500960431933
"14290393","2007-05-29",33.3883983644958,0.204213171293638,0.0977004594994521,0.086512834554602,43.2866660359782,40.5443016306884,41.9154838333333,0.895333857859589,53.2240914972028,41.569872,41.4784758428052,0.718139034776155,1.38370464150987
"14290392","2007-05-30",33.7065097073035,0.225282507995838,0.172794628831398,0.100041496910808,43.2415954817666,40.7020715182333,41.9718335,0.476831550251866,54.2723250942318,41.5609304,41.4941883970978,0.688510776772944,1.24466586856249
"14290391","2007-05-31",34.2508009607414,0.322527206729381,0.250674295339618,0.173723127890156,43.2500511175258,40.8330152158075,42.0415331666666,0.661331281725198,58.8553191779453,41.563538,41.5823179441515,0.764757438831287,1.14868418261625
"14290390","2007-06-01",34.7829595450493,0.3614257822696,0.303078498998273,0.242182474389763,43.2909799046358,40.9175150953641,42.1042475,0.707198844805118,60.5581815639041,41.5922252,41.6885022182646,0.858202148511644,1.09058777579533
"14290389","2007-06-04",35.0726405710194,0.337114607586215,0.340355865528398,0.29803621995543,43.3071607277001,41.0034776056332,42.1553191666666,0.623920761467647,58.9169750746511,41.6346972,41.7619005891627,0.894459111041379,1.05136204284454
"14290388","2007-06-05",34.6836162278858,0.257697407573686,0.3187459324765,0.320726765667724,43.3091367299416,41.040309936725,42.1747233333333,0.468115679779409,53.7886628463582,41.6812672,41.7646605106076,0.825313034155739,1.00615224110678
"14290387","2007-06-06",33.1030816282758,0.0891409738390811,0.227984329666327,0.295695375890408,43.3549983683364,40.9109326316635,42.1329655,0.0848070622213633,44.8630463296136,41.690954,41.6378991091933,0.576421840613994,0.920206161008221
"14290386","2007-06-07",30.8737483205715,0,0.115612793804255,0.220781018649027,43.4792392772286,40.6513280561047,42.0652836666666,-0.0577698673439227,37.8406820088932,41.6570512,41.3939178946342,0.180824438559912,0.772329816518559
"14290385","2007-06-08",28.8036531062747,0.00149189632682613,0.0302109567219685,0.124602693397517,43.5806548980316,40.3599067686351,41.9702808333333,-0.0228994731468033,37.9375095792374,41.6086184,41.1837088420163,-0.131016381645599,0.591660576885728
"14290384","2007-06-11",27.0627647629056,0.120894881401453,0.0407955925760925,0.0622064477007722,43.599368385295,40.255814614705,41.9275915,0.202213602158507,45.2838276140357,41.581794,41.1008769964141,-0.230118744323826,0.427304712643817
"14290383","2007-06-12",25.1503722330988,0.0701479717581303,0.0641782498288026,0.0450615997089547,43.5602023674516,40.068650299215,41.8144263333333,0.112088557314847,42.9565457898009,41.532616,40.9868653968922,-0.367030902849752,0.268437589545103
"14290382","2007-06-13",23.8473344482158,0.105969508267125,0.0990041204755689,0.0679926542934882,43.478808679856,39.9631426534773,41.7209756666667,0.231406322562633,45.1013459811564,41.4789672,40.9178606773066,-0.426863013500589,0.129377468935965
"14290381","2007-06-14",23.2974175206807,0.243283261596249,0.139800247207168,0.10099420583718,43.3928205072702,39.9550598260631,41.6739401666666,0.474713141859507,52.4775711303787,41.4633196,40.9723085869991,-0.301765400152298,0.0431488951183121
"14290380","2007-06-15",23.8698100976924,0.389551597819364,0.246268122560912,0.161690830081216,43.3938626192947,39.954639047372,41.6742508333333,0.795100278335773,58.8241034793726,41.4733788,41.1411994420659,-0.0230463349084054,0.0299098491129686
"14290379","2007-06-18",24.7527671799198,0.812366937865421,0.481733932427011,0.28926743406503,43.5842612265693,39.8521024400973,41.7181818333333,1.01222315984949,64.9896928221055,41.5512436,41.4365955164571,0.410195915462142,0.105967062382803
"14290378","2007-06-19",25.572655899131,0.833688928772555,0.67853582148578,0.468845958824568,43.8040222971655,39.7531130361678,41.7785676666666,0.958544542386477,65.453923355001,41.5884996,41.7050241142628,0.759941471699643,0.236761944246171
"14290377","2007-06-20",25.0817733671327,0.594882172764443,0.746979346467473,0.635749700126755,43.9026146162348,39.7346207170985,41.8186176666666,0.771434898269515,56.428997309124,41.5907348,41.7985728990278,0.824405941997242,0.354290743796385
"14290376","2007-06-21",24.3420439930889,0.535181056072671,0.654584052536556,0.693366406829936,43.9726130617435,39.7621086049231,41.8673608333333,0.664210529583149,54.4092311741512,41.5836564,41.8448765124907,0.815529296100492,0.446538454257207
"14290375","2007-06-22",23.6551524314769,0.57569146525161,0.568584898029574,0.656716099011201,44.0233337539521,39.8961152460479,41.9597245,0.655675991494721,55.5712983482496,41.5762052,41.908600977492,0.832836099556711,0.523797983317108
"14290374","2007-06-25",23.4708336844363,0.605543168218009,0.572138563180763,0.598435837915631,44.1035880394031,40.0030722939302,42.0533301666666,0.698976555790773,56.4521607907532,41.5698716,41.9812155138264,0.861481236976425,0.591334634048971
"14290373","2007-06-26",23.2996805621844,0.65245200606191,0.611228879843843,0.583984113684727,44.1005160795248,40.0039709204752,42.0522435,0.725960282155113,57.8658342862483,41.5881272,42.0714694453162,0.912701114146586,0.655607930068494
"14290372","2007-06-27",22.5527449115539,0.547007880338155,0.601667684872691,0.595011709299099,44.1523576654927,40.025710001174,42.0890338333333,0.635647514770911,53.6856237254854,41.6000488,42.088837519274,0.855741383436648,0.695634620742125
"14290371","2007-06-28",22.58267438258,0.748869871914768,0.649443252771611,0.620779939162715,44.3237844248552,39.9784702418114,42.1511273333333,0.850312835668664,61.1492203139898,41.6838748,42.2541565167042,1.01427230205964,0.759362157005627
"14290370","2007-06-29",22.2510266005385,0.680996601721243,0.658958117991388,0.636689685211897,44.4180331321654,39.9605965345013,42.1893148333333,0.762586311142762,58.6266366812786,41.79378,42.3601769811436,1.07338335008067,0.822166395620636
"14290369","2007-07-02",22.7711770985125,0.742330197275253,0.724065556970421,0.67748897591114,44.6802675569614,39.8784327763719,42.2793501666666,0.908625020016296,63.3004856839821,41.9252936,42.5588613836578,1.25710807292763,0.909154731082034
"14290368","2007-07-03",23.4950528978874,0.753455360478147,0.725594053158214,0.702872576040008,45.0298027908729,39.789068209127,42.4094355,0.937849783118684,65.9943632827876,42.0411596,42.8005985325034,1.48238992182328,1.02380176923028
"14290367","2007-07-05",23.5955720531275,0.557803539954819,0.684529699236072,0.711396436454903,45.2589074354137,39.8875055645863,42.5732065,0.838909694423265,61.970386112254,42.1350448,42.9529787281696,1.5605582317787,1.13115306173997
"14290366","2007-07-06",23.5771410769996,0.531793808802721,0.614350903078562,0.674824885157616,45.3571628068272,40.1624311931728,42.759797,0.781048783379391,61.184369931637,42.2032236,43.0738655644137,1.58759828663957,1.22244210671989
"14290365","2007-07-09",23.5600265991666,0.5924862845369,0.560694544431479,0.619858382248705,45.3738316909794,40.5456436423539,42.9597376666666,0.774477503082605,62.3833476204027,42.2702844,43.2047128224919,1.62611719574033,1.30317712452397
"14290364","2007-07-10",23.1631025317173,0.511561949209343,0.545280680849654,0.573442042786565,45.3843919135245,40.8471024198088,43.1157471666666,0.706371998369716,59.733906045476,42.332502,43.283341779493,1.58908810463989,1.36035932054716
"14290363","2007-07-11",22.7665774966553,0.50578097460467,0.536609736116971,0.547528320466035,45.2272510391734,41.3528976274932,43.2900743333333,0.669443069223949,59.5393715955445,42.41223,43.3490028755606,1.53823734917984,1.39593492627369
"14290362","2007-07-12",23.3423442624671,0.65882479253243,0.55872257211548,0.546870996360702,45.1240165496346,41.840490117032,43.4822533333333,0.846583677648264,63.098101802974,42.5511948,43.4742118254858,1.57455848222141,1.43165963746324
"14290361","2007-07-13",24.9410097028653,0.606786504140308,0.590464090425802,0.561932132886085,45.3427530156168,42.0275336510498,43.6851433333333,1.09111221646796,67.5666480483505,42.7602008,43.6820755820877,1.72037994139342,1.48940369824928
"14290360","2007-07-16",26.4254847546636,0.644711464280205,0.63677425365098,0.595320305397421,45.6239158182297,42.0394518484369,43.8316838333333,0.998901048637611,68.5410102672991,42.9759132,43.8858201711427,1.84550493560443,1.56062394572031
"14290359","2007-07-17",27.0388425315193,0.536926314526223,0.596141427648911,0.607793257241898,45.7601664986272,42.0404275013727,43.900297,0.796216034013842,62.7694236015391,43.1417024,43.995337481657,1.82999536508319,1.61449822959288
"14290358","2007-07-18",27.5104360442992,0.417072123265791,0.532903300690739,0.58860632733021,45.8698404075268,42.0580445924732,43.9639425,0.747929728100279,62.040107016175,43.3175508,44.0815591507694,1.78466425614121,1.64853143490255
"14290357","2007-07-19",28.680976570412,0.60487752504753,0.519625320946514,0.549556683095388,46.1006240978342,42.1073022354991,44.1039631666666,0.912290040745825,66.6326657453035,43.5131448,44.2519085973335,1.85762109179439,1.69034936628092
"14290356","2007-07-20",29.5112684994037,0.457831675964105,0.493260441425808,0.51526302102102,46.2284813596869,42.2871176403131,44.2577995,0.849548345384775,64.6632062851711,43.6677572,44.3771914510224,1.86238428891552,1.72475635080784
"14290355","2007-07-23",30.2822538620389,0.551203815991593,0.537971005667742,0.516952256013355,46.3207414064211,42.5025302602455,44.4116358333333,0.831915684635738,66.499668504918,43.797408,44.5242672575527,1.89585391646907,1.75897586394008
"14290354","2007-07-24",29.2317798601454,0.150602312232195,0.386545934729297,0.472592460607616,46.2928080613489,42.7310252719844,44.5119166666666,0.601897473296356,53.6234209022199,43.8328012,44.4865649565457,1.67823154776336,1.74282700070474
"14290353","2007-07-25",27.5260498763788,0,0.233935376074596,0.386150772157212,46.2181993660849,42.9149183005817,44.5665588333333,0.349902115451851,48.4572379750168,43.8391348,44.3694429623396,1.37502744699705,1.6692670899632
"14290352","2007-07-26",26.4262928253786,0,0.0502007707440644,0.223560693849319,46.1745740933261,42.9840022400072,44.5792881666666,-0.0252657654217539,39.8280414945487,43.8342916,44.0915919006943,0.882907469299066,1.51199516583037
"14290351","2007-07-27",25.4050898494499,0.0813007775248828,0.0271002591749603,0.10374546866454,46.2372135405509,42.8570961261157,44.5471548333333,0.0513543917566329,42.9120247762282,43.8547824,43.9004623139351,0.553414523846496,1.3202790374336
"14290350","2007-07-30",24.2352037289009,0.0589439365934246,0.0467482380394352,0.0413497559861535,46.2726829002582,42.7884067664084,44.5305448333333,0.068642636539256,42.2704385344321,43.8640968,43.7211566720771,0.269479306073173,1.11011909116151
"14290349","2007-07-31",22.553884609049,0.315040512908922,0.151761742342409,0.0752034131856017,46.2715762628547,42.7677807371452,44.5196785,0.358580455671341,51.2600187541314,43.9151376,43.7222331158001,0.257965816886263,0.939688436306464
"14290348","2007-08-01",21.6712294377914,0.325203110099531,0.233062519867292,0.143857500083046,46.2514830002657,42.7465823330675,44.4990326666666,0.440694657831925,51.582223267849,43.9598448,43.7293753670268,0.254503535809047,0.802651456206981
"14290347","2007-08-02",22.1041874549664,0.683168316831684,0.441137313280045,0.275320525163249,46.4475978928326,42.7106684405006,44.5791331666666,0.879055456643978,61.6769163072599,44.0917312,43.9653106514232,0.56245574637126,0.754612314239836
"14290346","2007-08-03",21.478945196739,0.442991055571054,0.483787494167422,0.385995775771586,46.5342489327429,42.7438574005904,44.6390531666666,0.705550489104996,54.5294045818379,44.1383012,44.0356665645668,0.61369000214464,0.726427851820797
"14290345","2007-08-06",20.8983630998134,0.478503870166306,0.534887747523014,0.486604184990161,46.6063254671333,42.7798228662,44.6930741666666,0.675698952833865,55.5062633343494,44.2031264,44.1202363559579,0.678629867626546,0.716868254981947
"14290344","2007-08-07",21.4247935718395,0.636502857857998,0.519332594531785,0.512669278740741,46.9467672035556,42.7228371297777,44.8348021666666,0.985773785114973,62.7236311141871,44.2951488,44.3909875084968,0.988039672972807,0.771102538580119
"14290343","2007-08-08",22.3529234696225,0.809200862989518,0.64140253033794,0.565207624130913,47.6027420401614,42.5015156265052,45.0521288333333,1.13532980186697,68.9636698489301,44.4344864,44.8528998406972,1.52029493684782,0.920941018233659
"14290342","2007-08-09",22.541966621679,0.713125721882015,0.719609814243176,0.626781646370967,47.9632186020273,42.4350510646393,45.1991348333333,0.927131621951956,64.4554687468523,44.56451,45.1650518619376,1.79720976904749,1.09619476839643
"14290341","2007-08-10",22.0664612919054,0.61298988093941,0.711772155270313,0.690928166617143,48.1729398518086,42.381804814858,45.2773723333333,0.83364576276296,60.0493667120031,44.6703168,45.3436849470126,1.8697428164179,1.25090437800072
"14290340","2007-08-13",21.486730544602,0.591339595092293,0.639151732637905,0.690177900717132,48.2861780980636,42.373814568603,45.3299963333333,0.727059842758998,59.1085524945452,44.7623392,45.4786309540776,1.87802699709838,1.37632890182025
"14290339","2007-08-14",20.3751078001767,0.336942198589289,0.513757224873663,0.621560370927294,48.3014855537428,42.3966947795904,45.3490901666666,0.505915507368401,49.3287654559313,44.794752,45.3621134935339,1.55585462260683,1.41223404597757
"14290338","2007-08-15",19.3428866803531,0.319717100109784,0.415999631263788,0.522969529591785,48.3112249480947,42.4189333852386,45.3650791666666,0.476868224321105,49.66268451049,44.8305176000001,45.2698236943961,1.2970982987957,1.38920689654119
"14290337","2007-08-16",19.7220576998208,0,0.21888643289969,0.382881096345714,48.3207884134818,42.1575812531848,45.2391848333333,0.174406287536952,40.2379931408272,44.7597312,44.9029685351433,0.698622774693214,1.2510900721716
"14290336","2007-08-17",18.5759231154557,0.116246127936001,0.145321076015261,0.260069046726246,48.2742684625063,42.083018870827,45.1786436666666,0.378220006774303,44.3262475992946,44.6900624,44.6881020637908,0.35700051295644,1.07227216032857
"14290335","2007-08-20",17.5116552871167,0.145657273465459,0.087301133800486,0.150502880905146,48.2230554261845,41.9631645738155,45.09311,0.320312628468973,45.3449818702166,44.6211384,44.527963121952,0.119341449294819,0.881686018121817
"14290334","2007-08-21",16.4969880002893,0.205882529848725,0.155928643750061,0.129516951188603,48.2123144214917,41.9111912451749,45.0617528333333,0.370809884118288,47.4648638616077,44.5883532,44.4425773723584,0.00321461409906743,0.705991737317267
"14290333","2007-08-22",15.4399598083787,0.292716008541096,0.214751937285093,0.15266057161188,48.2187078130499,41.9774468536167,45.0980773333333,0.451797561108981,50.4490561254806,44.5812744,44.445571056044,0.0158781026588395,0.567969010385582
"14290332","2007-08-23",14.4584336301759,0.343137048509819,0.280578528966546,0.217086370000567,48.1587185108746,42.2488638224587,45.2037911666666,0.468506078437968,52.1487832539991,44.5589208,44.4928735819048,0.0858091469136291,0.471537037691191
"14290331","2007-08-24",14.0705517975772,0.357142642326546,0.330998566459153,0.275443010903597,48.0996619161596,42.536423750507,45.3180428333333,0.499581269050395,52.6348108866749,44.5469988,44.5462877709842,0.156231384282535,0.40847590700946
"14290330","2007-08-27",13.2969195912231,0.189075516525818,0.296451735787393,0.302676277071031,48.0000273996095,42.7801146003905,45.390071,0.323381915472246,46.5275796149767,44.4788204,44.4435560681863,0.00915609905693948,0.328611945418956
"14290329","2007-08-28",13.0530436046818,0.0946568163824627,0.213624991744941,0.280358431330496,48.0401842124598,42.6850054542068,45.3625948333333,0.147454376677203,43.2406631615134,44.4329956,44.2638659257614,-0.228949626853903,0.217099630964384
"14290328","2007-08-29",12.3840294335986,0.128244930474849,0.137325754461042,0.215800827331126,48.0634239570601,42.6120913762732,45.3377576666666,0.216889834954104,44.5128779074587,44.4207012,44.1354558023266,-0.376656463756442,0.098348412020219
"14290327","2007-08-30",11.5499881277904,0.392996198354012,0.20529931507044,0.185416687092141,47.9943460412893,42.5476686253773,45.2710073333333,0.387935839278797,50.8732189308924,44.5052724,44.170707028683,-0.289522306020329,0.0207742684121094
"14290326","2007-08-31",10.9157265963546,0.423159250929556,0.314800126586138,0.219141732039207,47.9688003710906,42.5027386289093,45.2357695,0.404436467916993,50.8200766205866,44.5745688,44.200016758192,-0.219661964034323,-0.0273129780771771
"14290325","2007-09-04",10.8986729418856,0.564731934229163,0.460295794504243,0.326798412053607,47.9642251559348,42.4992418440652,45.2317335,0.509685878921482,53.5390603459357,44.667336,44.2899945237664,-0.0751108172656334,-0.0368725459148684
"14290324","2007-09-05",10.8828374055929,0.582588606335991,0.523493263831569,0.43286306164065,47.7706162331255,42.5208521002078,45.1457341666666,0.503991766639944,53.960770107454,44.7161412,44.3779099205975,0.0521799779515497,-0.0190620411415848
"14290323","2007-09-06",11.0094936774948,0.541449710725411,0.562923417096854,0.515570825144222,47.1914990104983,42.799437322835,44.9954681666666,0.566552305982949,54.5165279859194,44.7668092,44.4665219311845,0.16780996635759,0.0183123603582503
"14290322","2007-09-07",10.5720043312503,0.455927944391869,0.526655420484423,0.537690700470949,46.7114399701511,43.0028703631822,44.8571551666666,0.483005532227787,50.6330269787873,44.7265728,44.4700496736932,0.157795018411555,0.0462088919689112
"14290321","2007-09-10",10.1469429368372,0.4498482524557,0.482408635857659,0.523995824479645,46.2413575135931,43.2258214864069,44.7335895,0.501544390988767,50.5016815064331,44.7258276,44.4706230505341,0.144808099035143,0.0659287333821576
"14290320","2007-09-11",10.0936251350096,0.586626635773259,0.497467610873609,0.50217722240523,45.8941719830982,43.4196363502351,44.6569041666666,0.694721719475042,53.4286663016559,44.7347692,44.5270039771296,0.208106721343659,0.094364330974458
"14290319","2007-09-12",10.6817927834974,0.726496615390263,0.587657167873073,0.522511138201447,45.9688091947915,43.3834968052085,44.676153,0.922712423871896,57.1852160189463,44.7075724,44.6528634468456,0.358441518003749,0.147179768380316
"14290318","2007-09-13",11.3581924955896,0.665761258041458,0.659628169734992,0.581584316160558,46.0598531802389,43.3455431530944,44.7026981666666,0.889412099611423,56.3950776448741,44.6084716,44.7495229872662,0.455086308547381,0.208761076413729
"14290317","2007-09-14",11.7963614767784,0.622281221280507,0.671513031570741,0.639599456392936,46.0151787736666,43.604128893,44.8096538333333,0.733069766759859,55.0835912592513,44.5298612,44.8134239222974,0.498824923226349,0.266773845776253
"14290316","2007-09-17",11.5359124999018,0.464673017169698,0.584238498830553,0.638459900045429,46.0297527727023,43.6423342272977,44.8360435,0.548765293748257,50.4992095689897,44.457212,44.7967767326577,0.431207889016605,0.299660654424323
"14290315","2007-09-18",11.8279545718801,0.552022565350148,0.546325601266784,0.600692377222693,46.0553701857214,43.7598421476119,44.9076061666666,0.714300947392691,53.5161740495817,44.4061712,44.83450783497,0.442932654702788,0.328315054480016
"14290314","2007-09-19",12.4318121536993,0.737990529326271,0.584895370615372,0.571819823570903,46.2200585660139,43.7817441006527,45.0009013333333,0.956344747901592,59.525145461614,44.4605648,44.985185456974,0.604024806380199,0.383457004860053
"14290313","2007-09-20",13.1328521584726,0.794872147815752,0.694961747497389,0.608727573126515,46.4085844363735,43.7406902302931,45.0746373333333,0.94878691114184,60.5089579920474,44.5186844,45.1368847293775,0.750626964599399,0.456890996807922
"14290312","2007-09-21",12.9682325523457,0.47845060971377,0.670437762285263,0.650098293466008,46.497163089718,43.7387322436153,45.1179476666666,0.777667162745392,54.9270261975318,44.6382764,45.1863947654605,0.747911873542972,0.515095172154932
"14290311","2007-09-24",12.8153714895136,0.517240900571535,0.596854552700351,0.654084687494335,46.5579229316801,43.7310624016532,45.1444926666666,0.748374710817452,55.5294366232713,44.7302988,45.2404794633991,0.751930013004976,0.562462140324941
"14290310","2007-09-25",12.105731629304,0.146553439618668,0.380748316634657,0.549346877206757,46.5572205502451,43.7991364497548,45.1781785,0.48683077382345,48.8151423731052,44.7824576,45.1805528682792,0.605237110668932,0.571017134393739
"14290309","2007-09-26",11.8228007779337,0,0.2212647800634,0.399622549799469,46.401059500977,44.0807258323563,45.2408926666666,0.279359606656217,46.2254346523804,44.8048112,45.0826671525087,0.422438012385085,0.541301309992008
"14290308","2007-09-27",12.9540649963581,0,0.0488511465395552,0.216954747745871,46.4503210352164,44.0081789647836,45.22925,-0.182873184784766,36.5695161632473,44.7403584,44.7854728655075,-0.00888840327847307,0.431263367337912
"14290307","2007-09-28",14.0045246277521,0.0566522719880261,0.0188840906626746,0.0963333390885432,46.6156283814635,43.7130969518698,45.1643626666666,-0.120657993558901,38.4324417538174,44.6710624,44.5564684834399,-0.310544290419223,0.282901835786485
"14290306","2007-10-01",14.506569975903,0.0862067597692966,0.0476196772524401,0.0384516381515565,46.7095398758014,43.5033807908653,45.1064603333333,0.0162143781466255,39.4318265767391,44.6025112,44.3728993523145,-0.524622677341069,0.121396933160974
"14290305","2007-10-02",14.4025031055899,0.322661173241236,0.155173401666185,0.0738923898604333,46.695465197465,43.4190378025349,45.0572515,0.269028454233114,46.8634372342084,44.6144332,44.3330261053393,-0.525997429324243,-0.00808193933606924
"14290304","2007-10-03",14.3058695831563,0.379310800769009,0.26272624459318,0.155173107837268,46.6804404706732,43.3589295293267,45.019685,0.318057200270733,48.4939748608329,44.6621208,44.3270319579607,-0.482530164575523,-0.10297158438396
"14290303","2007-10-04",13.5006504983332,0.391626052164623,0.364532675391622,0.260810773883662,46.6511049906391,43.3230673426942,44.9870861666666,0.394444453310123,48.8613565250568,44.7034748,44.328046363566,-0.434586715126606,-0.169294610532489
"14290302","2007-10-05",12.7632387600197,0.480294804428942,0.417077219120857,0.348112046368553,46.6583788673348,43.3350421326651,44.9967105,0.496962741323197,51.5414027155758,44.7142788,44.3736321817572,-0.331721427254827,-0.201779973876957
"14290301","2007-10-08",12.4806619628329,0.674876834263742,0.515599230285768,0.432403041599416,46.716836493129,43.3625838402043,45.0397101666666,0.666513942486216,56.88176660156,44.7548876,44.5112478908562,-0.115336150994028,-0.184491209300371
"14290300","2007-10-09",12.693392028592,0.73399109874679,0.629720912479824,0.520799120628816,46.7961188497375,43.3593661502625,45.0777425,0.739078641530476,58.382322226767,44.7850652,44.6603201720754,0.0949677827523754,-0.128599410889822
"14290299","2007-10-10",12.890927089654,0.825121843506132,0.744663258838887,0.629994467201493,46.8498987939013,43.3416002060986,45.0957495,0.794555078709512,60.6554954595024,44.8260468,44.835464149132,0.319373497353892,-0.039004829241079
"14290298","2007-10-11",13.8786112866162,0.805906895833144,0.788339946028688,0.7209080391158,47.011606411651,43.2736532550157,45.1426298333333,0.915912158745753,63.3909882751076,44.8808132,45.0456235959144,0.568202428094122,0.0824366222259613
"14290297","2007-10-12",14.3783185496391,0.705410644857984,0.778813128065753,0.770605444311109,47.1747646808863,43.2321979857804,45.2034813333333,0.851330856381657,60.4995766076224,44.9463836,45.1905057831258,0.706193104037811,0.207187918588331
"14290296","2007-10-15",13.55340875994,0.492986838623058,0.668101459771395,0.745084844621945,47.2109706822654,43.260879651068,45.2359251666667,0.592508796324096,51.5521749520899,44.973208,45.1844330120424,0.631784039588723,0.29210714278841
"14290295","2007-10-16",12.7332949668804,0.426855061331544,0.541750848270861,0.66288847870267,47.1958809967756,43.247406669891,45.2216438333333,0.472715917318632,49.1167972258586,44.9709728,45.1381886104367,0.512042919076117,0.336094298045951
"14290294","2007-10-17",12.0577452015971,0.38235148168699,0.434064460547197,0.547972256196484,47.10137061499,43.2376000516766,45.1694853333333,0.474366490355201,48.5183368179666,44.942658,45.0881741290452,0.399192807475779,0.348713999931917
"14290293","2007-10-18",11.3340825767033,0.448277298285397,0.419161280434643,0.464992196417567,46.9893929175341,43.2555064157992,45.1224496666666,0.555917696811711,51.5385871420129,44.9322264,45.0920202451725,0.368819165630652,0.352735033071664
"14290292","2007-10-19",11.5916720595014,0.0679348222491282,0.299521200740504,0.384248980574115,46.9047878980288,43.2218231019711,45.0633055,0.401623957853789,45.0258456020752,44.8953432,44.9873108791495,0.197328437108424,0.321653713879016
"14290291","2007-10-22",12.3342645466613,0,0.172070706844841,0.296917729339996,46.8225365986133,43.13859573472,44.9805661666666,0.285897893277682,41.4590537294113,44.8595776,44.8282600952629,-0.0306438902326178,0.251194193056689
"14290290","2007-10-23",12.4928272443805,0.213567954420997,0.093834258890041,0.188475388825129,46.8069959129575,43.1243314203758,44.9656636666667,0.466910643028859,48.2782060296361,44.839832,44.7959747492278,-0.0683220670356977,0.187290941038212
"14290289","2007-10-24",13.4404851765852,0,0.0711893181403316,0.112364761291738,46.8111143983961,43.0590509349371,44.9350826666666,0.282048107315485,42.5067762082861,44.7504176,44.6537421159975,-0.250057167103657,0.099821319409838
"14290288","2007-10-25",13.3160968715008,0.234567901234568,0.149378618551854,0.104800731860742,46.772217248624,43.2379687513759,45.005093,0.487745721134108,49.2530188169491,44.6900628,44.6484511671978,-0.231727034665452,0.03351164859478
"14290287","2007-10-26",12.9058832260067,0.558023630960429,0.264197177398332,0.161588371363506,46.8196500359016,43.4758542974317,45.1477521666666,0.819491554974253,56.7835458907466,44.703102,44.8065496782381,0.00296212954458142,0.0274017447847403
"14290286","2007-10-29",12.97570435131,0.829628569232035,0.54074003380901,0.318105276586399,47.0282282018277,43.6190347981722,45.3236315,1.0131189774853,61.8966622806529,44.75377,45.0801737211397,0.367644002159295,0.0954501962596513
"14290285","2007-10-30",13.1593419595285,0.80714387966911,0.731598693287191,0.512178634831511,47.2750073050114,43.6560223616552,45.4655148333333,0.96218535294102,62.0286489819372,44.837596,45.3210412249877,0.652064296597055,0.206773016327132
"14290284","2007-10-31",14.0385459069044,0.610464354155092,0.749078934352078,0.673805887149426,47.515651732343,43.7025599343237,45.6091058333333,0.94008228900714,60.2316411529372,44.9262652,45.4999877283227,0.826714984676946,0.330761409997095
"14290283","2007-11-01",14.8549495723248,0.686046487433495,0.701218240419232,0.727298622686167,47.7517197184029,43.7437389482637,45.7477293333333,0.914306878009876,62.1505413150327,45.0931724,45.703508031213,1.01650979177417,0.467911086352509
"14290282","2007-11-02",15.6130386902153,0.707363457989234,0.667958099859273,0.706085091543528,47.9635263356305,43.7734756643695,45.868501,0.865997721821938,62.6972383506351,45.2556084,45.8935522937179,1.17016085692871,0.60836104046775
"14290281","2007-11-05",16.5652184332547,0.726743278756063,0.70671774139293,0.691964693890478,48.1827285920839,43.7507987412494,45.9667636666666,0.860278641677063,63.2174001129457,45.4172996,46.0706759878889,1.29218767733787,0.745126367841775
"14290280","2007-11-06",17.4493853375056,0.765502920289719,0.733203219011671,0.702626353421291,48.3932028108093,43.718221522524,46.0557121666666,0.847093260900553,64.2899142138559,45.550676,46.249020522837,1.40413876922707,0.876928848118834
"14290279","2007-11-07",16.5184184145791,0.496122579343034,0.662789592796271,0.700903517733624,48.4308536759862,43.7299346573471,46.0803941666666,0.615377971381659,52.7728461212233,45.6236976,46.2309657864588,1.25226083927856,0.95199524635078
"14290278","2007-11-08",15.6539491290044,0.521318010915453,0.594314503516068,0.66343577177467,48.4228408666296,43.729875800037,46.0763583333333,0.615111660183795,53.6099219062129,45.6997,46.2314636815976,1.13990596650353,0.98957739038133
"14290277","2007-11-09",14.9996383436822,0.583333853513191,0.533591481257225,0.596898525856521,48.4510482605641,43.7286797394358,46.089864,0.662815755814057,55.6916505022831,45.7742124,46.2716351907179,1.09025018339284,1.00971194898363
"14290276","2007-11-12",14.9978007175917,0.290697311502425,0.465116391977022,0.531007458916772,48.4515749859278,43.7331206807388,46.0923478333333,0.406467710655167,45.3500575895267,45.7630356,46.1189278319555,0.79625851614582,0.967021262416069
"14290275","2007-11-13",15.3728247188309,0.0213786595940016,0.298469941536538,0.432392604923595,48.4566615273888,43.7146841392778,46.0856728333333,0.266920124340731,42.7459892256622,45.7257796,45.9294561210281,0.48208281452069,0.870033572836993
"14290274","2007-11-14",15.4551381332737,0.0898036936756153,0.133959888257347,0.299182073923636,48.4509272305493,43.7412197694506,46.0960735,0.326397533161735,45.4588135336731,45.6885236,45.811195304891,0.28976680653594,0.753980219576783
"14290273","2007-11-15",15.0558478529987,0.106794497272872,0.0726589501808288,0.168362926658238,48.4497310944325,43.7539029055674,46.101817,0.360363928655906,45.9803348259439,45.6363652,45.7173959309056,0.146896215107883,0.632563418683003
"14290272","2007-11-16",14.1663127730608,0.123785300870127,0.10679449727287,0.104471111903682,48.4189892593389,43.877784740661,46.148387,0.386374419412805,46.5309329818899,45.5979916,45.6447964734515,0.0445104889881032,0.514952832744023
"14290271","2007-11-19",13.3403159131184,0.182036134123111,0.137538644088702,0.105664030514134,48.3240024968115,44.1099971698551,46.2169998333333,0.34506035248144,48.4700993717044,45.6080504,45.611680943658,0.00280985247189669,0.412524236689598
"14290270","2007-11-20",13.0827350470984,0.272964496157671,0.192928643716969,0.145753928359514,48.2893226564739,44.2601703435261,46.2747465,0.431497625663586,50.7924803812303,45.641208,45.6189954845036,0.0173652094540122,0.333492431242481
"14290269","2007-11-21",12.6035888611434,0.220470998667092,0.225157209649291,0.185208165818321,48.1316520101715,44.5904603231618,46.3610561666666,0.353848775851782,49.1474079137166,45.6698952,45.6004974199031,-0.00402602907190186,0.265988739179604
"14290268","2007-11-23",11.9992540808613,0.186350788895997,0.226595427906919,0.214893760424393,48.0827735761662,44.7029844238338,46.392879,0.264885037443361,48.0578733125482,45.6795816,45.568321763916,-0.0419482397868154,0.20440134338632
"14290267","2007-11-26",11.2381748036336,0.103172957573657,0.169998248378914,0.207250295311708,48.0951131018291,44.6099235648375,46.3525183333333,0.229235672842469,45.3903667388401,45.7097588,45.5006961953939,-0.123463777189936,0.138828319271069
"14290266","2007-11-27",11.1080990695491,0.205696482084248,0.165073409517966,0.1872223619346,48.0146368070145,44.5609358596522,46.2877863333333,0.352484911761373,47.9198348122505,45.7701136,45.4743767026747,-0.143513411491891,0.082359973118477
"14290265","2007-11-28",11.3520357387689,0.625825236505584,0.311564892054495,0.215545516650459,47.9555654877444,44.5718845122556,46.263725,0.61620628624518,57.9283469964993,45.844998,45.6055571423181,0.0448239822295804,0.0748527749406977
"14290264","2007-11-29",11.7633883601218,0.635761848387566,0.489094522325798,0.32191094129942,47.8771258682245,44.5947507984421,46.2359383333333,0.650960302463604,58.1380129152749,45.955276,45.7229735233423,0.196300081298673,0.0991422362122927
"14290263","2007-11-30",12.45050137051,0.817275486800477,0.692954190564542,0.497871201648279,47.8324777152454,44.6145612847546,46.2235195,0.790985545116801,61.824793906756,46.0502788,45.8917943868967,0.399816913529838,0.159277171675802
"14290262","2007-12-03",13.7160578164638,0.788618099078811,0.747218478088951,0.643089063659764,47.8844386147433,44.5874377185901,46.2359381666667,0.929021771973744,64.6210745517325,46.1132416,46.0939898019771,0.626447201327762,0.252711177606194
"14290261","2007-12-04",15.4410357197609,0.74378176554325,0.783225117140845,0.741132595264779,48.023595151014,44.5066488489859,46.265122,1.03513697349166,67.2078235627535,46.151988,46.3251098283802,0.867855659343886,0.375740073953732
"14290260","2007-12-05",17.7984397519526,0.779270906318262,0.770556923646774,0.767000172958857,48.4368799972933,44.2454930027066,46.3411865,1.18198669565909,72.4603520498328,46.2302256,46.6607778512628,1.21910355267234,0.544412769697454
"14290259","2007-12-06",20.074626004445,0.811918938264002,0.778323870041837,0.777368636943152,48.9742253412888,43.9894309920445,46.4818281666667,1.09255841392558,73.7085691437597,46.3285816,46.9889461377611,1.52462732656786,0.740455681071536
"14290258","2007-12-07",22.3259509357368,0.86121039952469,0.817466748035651,0.788782513908088,49.526592172889,43.7565341604443,46.6415631666666,1.04933766000798,75.6131124021268,46.4302904,47.3329679860596,1.81875419065549,0.956115382988327
"14290257","2007-12-10",24.5743653780251,0.923859629362512,0.865662989050401,0.820484535709296,50.1073722155051,43.5185087844949,46.8129405,1.02715406883675,77.8455352723728,46.551,47.708116254585,2.12140467852993,1.18917324209665
"14290256","2007-12-11",24.8823428877396,0.696774539887925,0.827281522925042,0.836803753337031,50.4855071673263,43.5421174993403,47.0138123333333,0.882326854788685,65.9000497545447,46.625512,47.8916714206403,2.15433888628547,1.38220637093441
"14290255","2007-12-12",24.7770836009802,0.649999653660462,0.756877940970299,0.816607484315247,50.7053693794312,43.7538032872354,47.2295863333333,0.797243379778802,63.2414407137618,46.6817684,48.0147378978883,2.10973914651436,1.5277129260504
"14290254","2007-12-13",24.7475582518508,0.649999653660462,0.665591282402949,0.749916915432764,50.9002539772533,43.96314635608,47.4317001666667,0.772308470593852,63.2414407137618,46.7898108,48.1213955115032,2.0501835484164,1.6322070505236
"14290253","2007-12-14",24.8614221334232,0.791246649350837,0.697081985557254,0.706517069643501,51.1647688168882,44.1488085164451,47.6567886666667,0.8265542043031,68.0372775137381,46.927658,48.3293267766361,2.12248286783085,1.73026221398505
"14290252","2007-12-17",23.3610765786036,0.474469912600112,0.63857207187047,0.667081779943558,51.2467145521439,44.4003044478561,47.8235095,0.666992211867452,57.3753994006101,47.0077584,48.3567845397513,1.96530445853564,1.77727066289517
"14290251","2007-12-18",22.0419987478459,0.54817996013454,0.604632174028496,0.646762077152073,51.3149685494713,44.6968494505287,48.005909,0.682251832477004,59.3816567535075,47.1575276,48.4252879344511,1.87487812552072,1.79679215542028
"14290250","2007-12-19",21.0248398100718,0.624697141431051,0.549115671388567,0.597439972429178,51.4324237945437,44.9413982054563,48.186911,0.720592105261027,62.3503119682638,47.3452976,48.554201543191,1.86803724132063,1.81104117260035
"14290249","2007-12-20",19.5798101994128,0.442934457557147,0.538603853040912,0.564117232819325,51.4626699458277,45.2660153875056,48.3643426666667,0.665863261161298,58.2562882249698,47.5006552,48.6038333374322,1.76451573106289,1.80173608429286
"14290248","2007-12-21",18.7983910959479,0.210525790946743,0.426052463311647,0.504590662580376,51.375384623431,45.7010230432357,48.5382038333333,0.59468192895482,54.40889715501,47.6347768,48.5847542257746,1.58685914293974,1.75876069602223
"14290247","2007-12-24",18.0727876427305,0.00784397933534662,0.220434742613078,0.395030352988546,51.1488660525721,46.2547736140945,48.7018198333333,0.495781342453269,54.5382455412133,47.7670356,48.5707029956713,1.43269433820588,1.69354742445896
"14290246","2007-12-26",17.6187978246473,0,0.0727899234273627,0.239759043117363,50.8895268363974,46.7801821636026,48.8348545,0.403671299233194,52.99999104773,47.8832744,48.5349292629151,1.26656062807948,1.60815006518307
"14290245","2007-12-27",17.0477605861638,0,0.00261465977844848,0.0986131086062969,50.7329880493383,47.1149286173284,48.9239583333333,0.365963598503618,52.5797131872358,47.986846,48.4977160278598,1.11435135591751,1.50939032332996
"14290244","2007-12-28",16.4238769126818,0,-3.90891023253441e-16,0.0251348610686039,50.5357738621591,47.4816568045075,49.0087153333333,0.309395430601383,52.1344973643658,48.096006,48.4592552241451,0.974768835111561,1.40246602568628
"14290243","2007-12-31",15.8445563587342,0.0390093468618532,0.0130031156206174,0.00520592513302212,50.37286862807,47.7780627052633,49.0754656666666,0.276255970348133,53.0759121481057,48.2141076,48.4395838609258,0.871200328582322,1.29621288626549
"14290242","2008-01-02",16.8377285075939,0,0.0130031156206174,0.00866874374707841,50.3798051308821,47.7670902024511,49.0734476666666,-0.0601010341423301,42.3200393748411,48.2949532,48.258608679469,0.577214349676014,1.15241317894759
"14290241","2008-01-03",17.7599597886779,0.0657546012630861,0.0349213160416461,0.0203091824276272,50.4704766054164,47.6081163945835,49.0392965,-0.0502975577189681,44.5214562993943,48.3750536,48.1315688555398,0.376843120083659,0.997299167174805
"14290240","2008-01-04",17.379136073404,0.00548004035757093,0.0237448805402186,0.023889770734161,50.5237604240371,47.3909059092962,48.9573331666667,0.0540989343444992,42.9049502342043,48.4007604,47.9941463414679,0.181219389052112,0.834083211550266
"14290239","2008-01-07",16.4203681963796,0.321839896090112,0.131024845903589,0.0632303474951516,50.472902529042,47.3501761376246,48.9115393333333,0.374530794283859,52.2419079824053,48.4663308,48.0116521626055,0.196170966181675,0.706500762476548
"14290238","2008-01-08",17.0470925597813,0.632499463173717,0.319939799873799,0.158236508772536,50.4871494501343,47.3443115498657,48.9157305,0.811618415503701,61.037474631127,48.564314,48.2019265409247,0.423459386434288,0.649892487268096
"14290237","2008-01-09",18.0712553114857,0.689804949053858,0.548048102772562,0.33300424951665,50.5344616116885,47.3171793883114,48.9258205,0.985585677039807,64.3014555748471,48.6697484,48.4475523354681,0.695494960753162,0.659012981965109
"14290236","2008-01-10",19.0718835194124,0.720086259305566,0.680796890511046,0.516261597719136,50.7195161617019,47.2280591716313,48.9737876666666,0.973731264064609,65.2186917482925,48.7654964,48.6840240240724,0.92810969474284,0.712832324520656
"14290235","2008-01-11",19.7856552365517,0.688034962548321,0.699308723635914,0.642717905639841,50.8716109560563,47.182765377277,49.0271881666666,0.862366799617846,63.8244745409483,48.8150468,48.8703381541961,1.07551010916991,0.785367881450506
"14290234","2008-01-14",19.4632540224427,0.532050149692012,0.646723790515299,0.675609801554087,50.9219123045405,47.1799653621261,49.0509388333333,0.699042863192707,57.3939571230956,48.8262232,48.9411530669699,1.06716224115118,0.84172675339064
"14290233","2008-01-15",19.220587260932,0.576923341630439,0.599002817956923,0.648345110702713,50.9214595715937,47.1801074284063,49.0507835,0.73894832646567,58.6836029104977,48.8273408,49.0286059913739,1.08007211076728,0.889395824865969
"14290232","2008-01-16",19.4688741253723,0.472221521237912,0.527065004186787,0.590930537553004,50.9905469558423,47.194224377491,49.0923856666666,0.686091755574729,54.5356688787844,48.787104,49.0435465258574,1.00349447286645,0.912215554466065
"14290231","2008-01-17",18.5067614150205,0.0811961596255975,0.376780340831316,0.500949387658343,50.9824866392072,47.0905163607927,49.0365015,0.257934559463346,42.4639126697342,48.7211608,48.8292336557431,0.654368522426219,0.860646148058096
"14290230","2008-01-18",18.7750064975438,0,0.184472560287836,0.36277263510198,51.052820139328,46.7361058606719,48.894463,0.00970741555337686,35.4456305311772,48.6093928,48.4547318349773,0.139829759474153,0.716482870341307
"14290229","2008-01-22",20.7534250350568,0,0.0270653865418653,0.196106095887006,51.6980428321526,45.5304911678474,48.614267,-0.282489918638345,24.7509334611582,48.3601504,47.6719155903137,-0.841291536967015,0.404927988879643
"14290228","2008-01-23",22.8253738305924,0,-5.04226290350592e-16,0.070512648943234,52.1680785228396,44.483919143827,48.3259988333333,-0.152758302623577,23.275250661823,48.0494352,46.9040601782719,-1.72905746662706,-0.0218691022216975
"14290227","2008-01-24",24.6906867345375,0.242424083406974,0.0808080278023243,0.0359578047813968,52.2562529550096,44.0144913783236,48.1353721666666,0.103636657494748,37.1705232761739,47.8769396,46.5465681545023,-2.02092030932646,-0.421679343642649
"14290226","2008-01-25",26.7405395589661,0.147604694266085,0.130009592557686,0.0702725401200037,52.4134336245653,43.4077550421013,47.9105943333333,0.0594841302621896,34.5359568066793,47.6548936,46.1162804005686,-2.38687090268798,-0.814717655451715
"14290225","2008-01-28",28.7256553964764,0.122189663966617,0.170739480546559,0.12718570030219,52.5512858564411,42.7740878102255,47.6626868333333,0.0722874644760595,33.8435449527372,47.402298,45.7110763471595,-2.694195615335,-1.19061324742837
"14290224","2008-01-29",29.9048424667493,0.22776132373098,0.165851893987894,0.15553365569738,52.5394530790222,42.3779675876444,47.4587103333333,0.193779647738818,39.2886273373571,47.2085668,45.4940208342049,-2.73200463232489,-1.49889152440768
"14290223","2008-01-30",30.6294008565547,0.216030906087391,0.188660631261662,0.175084001932039,52.4800950029217,42.0262676637448,47.2531813333333,0.225567688568134,38.905455534202,47.0289928,45.2910033896442,-2.75196775633862,-1.74950677079387
"14290222","2008-01-31",30.3894987997858,0.1811745631222,0.208322264313523,0.187611596521027,52.4603574259703,41.7265352406962,47.0934463333333,0.250500524997138,37.52603881598,46.8330264,45.0628976043583,-2.80725751265982,-1.96105691916706
"14290221","2008-02-01",30.1667326042146,0.35222657986162,0.249810683023737,0.215597859532975,52.4034622559071,41.5819370774262,46.9926996666666,0.357368872882856,45.8463909956215,46.7071012,45.0750805904439,-2.5405537117546,-2.07695627768457
"14290220","2008-02-04",29.4207889365733,0.436234477947193,0.323211873643671,0.260448273660311,52.3380245425832,41.5051804574167,46.9216025,0.427705427385808,49.4099532454339,46.6139612,45.1887138450514,-2.16564808448451,-2.09469463904455
"14290219","2008-02-05",29.6684158858891,0.262146240639498,0.350202432816103,0.307741663161171,52.1752900889397,41.2953549110602,46.7353225,0.321580815057305,43.0829714292243,46.458604,45.0735959990445,-2.1304804947868,-2.101851810193
"14290218","2008-02-06",30.1852519300768,0.24472076364039,0.31436716074236,0.329260489067378,51.7971062698464,41.0966920634869,46.4468991666666,0.283160808365003,41.0427818208738,46.2760496,44.8968311991719,-2.18195536141869,-2.11787252043814
"14290217","2008-02-07",30.8364416125571,0.232115847895563,0.246327617391816,0.303632403650094,51.2485453373618,40.9612946626381,46.10492,0.26121738019837,39.7987840879716,46.1285156,44.6964430392823,-2.26193371093408,-2.14668475853733
"14290216","2008-02-08",31.5942619749151,0.250501325392454,0.242445978976135,0.267713585703438,50.57343734688,40.9089793197866,45.7412083333333,0.252946139351724,38.6694744653905,45.9593732,44.4805506340447,-2.35727997923557,-2.18880380267698
"14290215","2008-02-11",31.7424630439647,0.298598440512256,0.260405204600091,0.249726266989348,49.8210334243303,40.9913965756696,45.406215,0.302689695715226,39.964517609875,45.8073688,44.3232492161721,-2.36664661935571,-2.22437236601272
"14290214","2008-02-12",31.356058845904,0.302138983702846,0.283746249869185,0.262199144481804,49.0792694506235,41.1910858827098,45.1351776666666,0.403630834637425,44.6333504806324,45.6475404,44.2974466540158,-2.1984302714564,-2.21918394710146
"14290213","2008-02-13",30.5784025606912,0.43315640044439,0.344631274886497,0.296260909785258,48.1475067905343,41.6093368761323,44.8784218333333,0.489482505415598,47.0737941704876,45.4534368,44.3359364334804,-1.95938578053968,-2.1672243137891
"14290212","2008-02-14",30.2290256530422,0.275400969733854,0.336898784627029,0.321758769794237,46.9805671542231,42.2515881791102,44.6160776666666,0.486442950933521,44.5287184155245,45.2131356,44.296023575683,-1.84863757040243,-2.10350696511177
"14290211","2008-02-15",29.9674221368663,0.248662955764864,0.319073441981035,0.333534500498188,46.1721890074086,42.6811969925913,44.426693,0.465626866855045,44.093581036538,44.96203,44.2490137655919,-1.75773693357063,-2.03435295880354
"14290210","2008-02-19",29.2341432752602,0.411763692682213,0.311942539393643,0.322638255333903,45.7199643881602,42.938137945173,44.3290511666666,0.678344040088271,47.4659752159119,44.7392388,44.284025263513,-1.56416744064011,-1.94031585517085
"14290209","2008-02-20",28.8896491774631,0.283421799777805,0.314616149408293,0.315210710260991,45.7228518564323,42.9849248102343,44.3538883333333,0.474825844941463,45.157608564812,44.525762,44.2547592283779,-1.47518241266605,-1.84728916666989
"14290208","2008-02-21",28.7682272468795,0.205883281707972,0.300356258055996,0.308971648952645,45.6836535186124,43.1107434813875,44.3971984999999,0.414145786883064,43.772581429783,44.2936572,44.1933819979275,-1.43748891295556,-1.76532911592703
"14290207","2008-02-22",28.6554783113375,0.243314778824319,0.244206620103365,0.286393009189218,45.6335972276891,43.0915657723108,44.3625814999999,0.426719435510597,44.6550709703171,44.0850236,44.1575737315372,-1.36823823506264,-1.68591093975415
"14290206","2008-02-25",28.3039312888017,0.41052706922987,0.286575043254053,0.277045973804472,45.6416394540263,43.1288518793069,44.3852456666666,0.504571682374703,46.3395908514994,43.9542552,44.1588292339989,-1.25472180414135,-1.59967311263159
"14290205","2008-02-26",28.2936195677378,0.286245694420607,0.313362514158265,0.281381392505228,45.6109075369727,43.2229191296939,44.4169133333333,0.373239194792314,44.1150243363328,43.8652136,44.1102426694657,-1.21882949005461,-1.52350438811619
"14290204","2008-02-27",28.386191048705,0.237919432282166,0.311564065310881,0.303833874241067,45.6063808254194,43.1995041745805,44.4029424999999,0.360689786540127,43.3860632972365,43.9088032,44.051990313537,-1.19890012770251,-1.45858353603346
"14290203","2008-02-28",28.848155105414,0.0557619927598418,0.193309039820871,0.272745206430006,45.6354539017876,43.0707714315456,44.3531126666666,0.123580692268361,40.6588372288255,43.9609616,43.9406529383987,-1.25264643134455,-1.41739611509567
"14290202","2008-02-29",30.0805103183027,0,0.0978938083473355,0.200922304493029,45.7787414170581,42.7321999162751,44.2554706666666,-0.0885189264195129,34.5899379587559,43.87341,43.6864432132789,-1.49677207248955,-1.43327130657445
"14290201","2008-03-03",31.2638953640205,0,0.0185873309199467,0.103263393029385,45.748163010148,42.4439289898519,44.0960459999999,-0.0554467355297991,34.2861536538427,43.8193888,43.4574347848417,-1.68524333719333,-1.48366571269823
"14290200","2008-03-04",30.8399275894224,0.0927849600425031,0.0309283200141672,0.0491364864271501,45.3826910057875,42.4778233275457,43.9302571666666,0.118713384102579,37.3342546439919,43.7884664,43.3036688135295,-1.75377475088722,-1.53768752033602
"14290199","2008-03-05",30.3320044230002,0.296391096451421,0.129725352164641,0.0597470010329186,45.2748609513975,42.4403543819357,43.8576076666666,0.317793919090705,43.5247909178992,43.7467396,43.2685116383922,-1.65252439143144,-1.56065489455511
"14290198","2008-03-06",30.4000298742094,0.114972555864318,0.168049537452747,0.109567736543852,45.27582979503,42.3052632049699,43.7905464999999,0.161633630198166,39.6776432495992,43.6826592,43.1486274199399,-1.67843764239965,-1.58421144412402
"14290197","2008-03-07",30.9244171011888,0,0.137121217438579,0.144965369018656,45.3925159973795,42.0196840026204,43.7060999999999,-0.0178220170409999,36.3167734349413,43.6081472,42.9577984306146,-1.80136937530391,-1.62764303036
"14290196","2008-03-10",31.4559018073581,0,0.0383241852881056,0.114498313393144,45.490024788565,41.7774975447682,43.6337611666666,0.0348259950005333,35.9884711644633,43.4680648,42.7837199731993,-1.8908095920268,-1.68027634269336
"14290195","2008-03-11",30.2680865018725,0.294615918049541,0.0982053060165131,0.0912169029143997,45.4776551562271,41.7200115104394,43.5988333333333,0.331449335531522,44.0768620725427,43.335806,42.7620053101061,-1.75943135166231,-1.69610734448715
"14290194","2008-03-12",28.3878456480845,0.392442595372673,0.229019504474071,0.121849665259564,45.3959261405003,41.7036331928329,43.5497796666666,0.45778964393971,46.2568389743015,43.2791768,42.7816846020919,-1.58258950762643,-1.673403777115
"14290193","2008-03-13",27.3817113487746,0.130814198457559,0.272624237293257,0.199949682594614,45.2456643371428,41.6120413295238,43.4288528333333,0.214408228053009,41.2317000180452,43.212116,42.6869719884797,-1.58250739838575,-1.65522450136915
"14290192","2008-03-14",26.6313019500156,0.061045377511307,0.194767390447179,0.232137044071503,45.123355102489,41.5036735641775,43.3135143333333,0.204858658045106,39.9842524745094,43.1502712,42.5750823900157,-1.60677981564651,-1.64553556422462
"14290191","2008-03-17",25.7475028739879,0.0523250551652466,0.0813948770447035,0.18292883492838,45.0152108393713,41.4090831606286,43.2121469999999,0.241330012939204,39.822082348075,43.0999756,42.474386071347,-1.61334937040746,-1.63909832546119
"14290190","2008-03-18",24.2571531994128,0.432988853920313,0.182119762198955,0.152760676563613,44.7723507697398,41.4839808969268,43.1281658333333,0.505286560617908,47.9993474085825,43.0809748,42.521237261834,-1.41148313359473,-1.5935752870879
"14290189","2008-03-19",22.7751272551842,0.477661721462383,0.320991876849314,0.194835505364324,44.6485352776158,41.5211760557174,43.0848556666666,0.606768781467549,48.8994549943287,43.0336596,42.5779856269228,-1.2144943557965,-1.51775910082962
"14290188","2008-03-20",21.6291062144774,0.206185871301705,0.372278815561467,0.291796818203246,44.4996719095159,41.5051817571506,43.0024268333333,0.341475462428338,43.9237245808744,42.9386568,42.5290608766665,-1.18417123871711,-1.45104152840712
"14290187","2008-03-24",20.3940945102399,0.268040894785584,0.317296162516557,0.336855618309113,44.3294259534134,41.5270247132532,42.9282253333333,0.415802444720661,45.289722993566,42.8723412,42.5090127597776,-1.1156009444685,-1.38395341161939
"14290186","2008-03-25",19.1581421091976,0.549828990137877,0.341351918741721,0.343642298939915,44.125991617075,41.6276947162582,42.8768431666666,0.697032960002656,51.1301474647625,42.8403012,42.5934710584739,-0.905990700992954,-1.28836086949411
"14290185","2008-03-26",18.311358214756,0.570446101454783,0.462771995459414,0.373806692239231,43.999475916493,41.6933587501736,42.8464173333333,0.78588139823454,51.5377798330885,42.7877704,42.6741189173441,-0.721066557729455,-1.17490200714118
"14290184","2008-03-27",17.7223937767308,0.570446101454783,0.563573731015814,0.455899215072317,43.8863669760085,41.756792690658,42.8215798333333,0.851859135331073,51.5377798330885,42.7531224,42.7440137283649,-0.568042886592446,-1.05353018303143
"14290183","2008-03-28",16.4749931318321,0.350516719119531,0.497136307343032,0.507827344606087,43.8393094053179,41.7656632613487,42.8024863333333,0.59806896606966,46.7168984971895,42.7054348,42.7251105645829,-0.552879140299467,-0.953399974485037
"14290182","2008-03-31",15.518444015706,0.223445758872388,0.381469526482233,0.480726521613693,43.8386691236027,41.7768602097305,42.8077646666666,0.383755150608745,45.0847369641373,42.6439628,42.6801651559718,-0.574746155018435,-0.877669210591717
"14290181","2008-04-01",15.4238073449831,0.41758431915429,0.330515599048736,0.403040477624667,43.8794969229767,41.8397287436898,42.8596128333333,0.714764846539175,49.4660788735741,42.5925496,42.7070311351756,-0.493179129990695,-0.800771194471513
"14290180","2008-04-02",15.4205032115671,0.736262742260256,0.459097606762311,0.390360910764427,44.0221922529946,41.8016600803386,42.9119261666666,0.930982496801818,55.7123679097762,42.5884512,42.8383563171522,-0.27263791884713,-0.695144539346636
"14290179","2008-04-03",15.2377536626174,0.681321576894035,0.611722879436193,0.467112028415747,44.0866360007151,41.7775776659514,42.9321068333333,0.851939932005462,54.4624931788254,42.583608,42.9335448081985,-0.123069276701804,-0.58072948681767
"14290178","2008-04-04",15.7298340004477,0.614198042243533,0.677260787132607,0.582693757777037,44.2478772712117,41.7439390621215,42.9959081666666,0.925539720907843,55.3964883107008,42.6018636,43.0321855004387,0.0177374894059223,-0.461036091572951
"14290177","2008-04-07",16.2117916883104,0.614035087719298,0.636518235618955,0.641833967395919,44.3659516688682,41.848158664465,43.1070551666666,0.927143202314851,56.7201498220303,42.6741404,43.1400274337136,0.158588358237677,-0.337111201610826
"14290176","2008-04-08",17.2788896360421,0.738291856207372,0.6555083287234,0.656429117158321,44.6471577453668,41.8764879212997,43.2618228333333,1.12812266004522,62.8538313086674,42.7836732,43.3489837758851,0.426231221910789,-0.184442716906503
"14290175","2008-04-09",18.3223784697192,0.778377798025639,0.710234913984103,0.667420492775486,44.9726801130778,41.7692238869221,43.3709519999999,1.05474812448615,64.0343059181701,42.8872448,43.5549166057671,0.663888506410903,-0.0147764722430215
"14290174","2008-04-10",17.8695391130435,0.460227602004556,0.658965752079189,0.674902998262231,45.074481674528,41.7618043254719,43.418143,0.777601338666062,54.0461567455665,42.921148,43.5992703916648,0.657820277053722,0.119742877616327
"14290173","2008-04-11",17.1927002288549,0.396010045240288,0.54487181509016,0.638024160384484,45.0920767763699,41.8947855569634,43.4934311666666,0.626185617443259,52.2579672598316,42.9736792,43.6103890061095,0.608080748977025,0.217410451888467
"14290172","2008-04-14",16.6652604109461,0.447291547499244,0.434509731581362,0.546115766250237,45.0903149830223,42.0759970169776,43.583156,0.651456262569551,53.6103357329164,43.0589952,43.6423784719616,0.592795326411966,0.292487426793167
"14290171","2008-04-15",16.4029213458587,0.52136754751148,0.454889713417003,0.478090420029509,45.0919652927155,42.2733560406178,43.6826606666666,0.708181629372718,55.5682299069681,43.156606,43.7023920090334,0.618196248616809,0.357629191157895
"14290170","2008-04-16",17.0593786296229,0.581195457006433,0.516618184005718,0.468672543001361,45.2141408322436,42.307034834423,43.7605878333333,0.824551461387147,57.1415442143222,43.2232944,43.7804824078289,0.666531452530084,0.419409643432333
"14290169","2008-04-17",18.2356835278054,0.769973067684341,0.624178690734084,0.531895529385602,45.530187592302,42.2135927410313,43.8718901666666,1.03455926319152,64.492147038878,43.3209048,43.9897327534517,0.889196220849953,0.513366958915857
"14290168","2008-04-18",19.5497387665635,0.747448022371402,0.699538849020725,0.61344524125351,45.8052038324037,42.2776061675962,44.041405,1.03198196383197,66.0331224309231,43.4624776,44.2058563863248,1.09914166122269,0.630521899377224
"14290167","2008-04-21",19.9416308895602,0.506247315868584,0.674556135308109,0.666091225020973,45.8927292135319,42.4452844531347,44.1690068333333,0.811912128567203,60.1132791119488,43.5910108,44.3198928681482,1.1509681487839,0.73461114925856
"14290166","2008-04-22",19.6993848209098,0.359371644835732,0.537688994358572,0.637261326229136,45.9497414415188,42.5360538918145,44.2428976666666,0.676937400159062,55.8201979088571,43.7031512,44.3603564857284,1.09944198647438,0.807577316701724
"14290165","2008-04-23",19.5836390424592,0.429964328180738,0.431861096295018,0.5480354086539,46.0290882006793,42.6131821326539,44.3211351666666,0.719358539650901,57.8875538156899,43.786232,44.432680954298,1.09657924666826,0.865377702695032
"14290164","2008-04-24",19.6893580302652,0.405229308548152,0.398188427188207,0.4559128392806,46.1010425136034,42.6939778197299,44.3975101666666,0.705713685036173,57.2148736805685,43.861862,44.4866701603916,1.06994882875155,0.906291927906336
"14290163","2008-04-25",19.5577508845311,0.35293973172777,0.39604445615222,0.408697993211815,46.0939042095512,42.9010561237821,44.4974801666666,0.659032464545748,55.6235464872488,43.9609628,44.513590139006,1.01008744893905,0.927051032112878
"14290162","2008-04-28",19.3609410538788,0.336599896845364,0.364922979040428,0.386385287460285,45.9432452415596,43.2783550917736,44.6108001666666,0.583939607548679,55.1077475759832,44.0514948,44.5307114538052,0.943300789096901,0.930300983509683
"14290161","2008-04-29",19.2565521102202,0.385619401492584,0.358386343355239,0.373117926182629,45.8876200099365,43.4991483233967,44.6933841666666,0.607172786727711,56.4135549965625,44.1170652,44.5641779266312,0.905198395471518,0.92528046590205
"14290160","2008-04-30",18.9921777560349,0.35293973172777,0.358386343355239,0.360565221916969,45.8803691475701,43.6100951857632,44.7452321666666,0.570768771832351,55.2595478784501,44.1766748,44.5807635364137,0.848317120588904,0.909887796839421
"14290159","2008-05-01",18.4898322303964,0.260415890010586,0.332991674410313,0.349921453706931,45.8360320318571,43.7596799681428,44.797856,0.49970011508284,53.491926675827,44.230696,44.5765097315585,0.769082818384015,0.88172680114834
"14290158","2008-05-02",17.5053744686299,0.0687014141877722,0.227352345308709,0.306243454358087,45.8119193056064,43.8390553610602,44.8254873333333,0.392832278719594,49.9368259413526,44.2970116,44.5343257673507,0.646572426973813,0.834695926313434
"14290157","2008-05-05",16.3620384025709,0,0.109705768066119,0.223349929261714,45.7978687429665,43.8770119237,44.8374403333333,0.283499219812353,46.9045917692944,44.3614644,44.462994331704,0.496450747609556,0.767046890572659
"14290156","2008-05-06",15.8612840074651,0,0.0229004713959238,0.119986194923584,45.8088293978021,43.7676329355312,44.7882311666666,0.122637418345477,43.0811661213666,44.392014,44.3539817541434,0.309464615556521,0.675530435569431
"14290155","2008-05-07",15.3436982612081,0.112902834779295,0.0376342782597647,0.056746839240603,45.7758547372855,43.7102615960477,44.7430581666666,0.25868682782583,47.3389727158196,44.4031908,44.3029695202577,0.217941119981324,0.58401257245181
"14290154","2008-05-08",15.1496411504467,0.0747692153321275,0.0625573500371406,0.0410306998976101,45.7925450657566,43.6631452675767,44.7278451666666,0.173918208974439,45.355547347002,44.4128772,44.23516425089,0.111787654840434,0.489567588929535
"14290153","2008-05-09",14.291210253492,0,0.0625573500371406,0.0542496594446823,45.7808599141746,43.6869380858253,44.733899,0.158087044937882,43.2009375478741,44.4098964,44.1503196841047,-0.00810594769592443,0.390032881604443
"14290152","2008-05-12",13.2833808310113,0.39726047544576,0.157343230259296,0.094152643444526,45.7619303807557,43.7614412859108,44.7616858333333,0.41689240708099,53.1337231815881,44.4326224,44.1848303928907,0.0444420219581465,0.320914709675184
"14290151","2008-05-13",12.9879393467924,0.534246508184747,0.310502327876835,0.176800969391091,45.7692837012231,43.8177332987768,44.7935085,0.557589169373145,55.9916468564929,44.4318772,44.2519956738386,0.13547035300292,0.283825838340731
"14290150","2008-05-14",12.7136008257319,0.547944130955942,0.493150371528816,0.320331976554983,45.7796402657104,43.8275570676228,44.8035986666666,0.552404528710797,56.2787489439045,44.4247984,44.3139309173268,0.210134109673787,0.269087492607342
"14290149","2008-05-15",11.8948112829892,0.433158027696761,0.505116222279149,0.436256307228267,45.6513220809946,43.855284585672,44.7533033333333,0.436302369170338,51.5685614172308,44.4434264,44.3191761283499,0.200768647228089,0.255423723531492
"14290148","2008-05-16",11.9840284743524,0.529659571177058,0.503587243276586,0.500617945694851,45.4568814455685,43.9686928877647,44.7127871666666,0.765364782750491,56.0388576237232,44.4866432,44.3783633112366,0.264847731124873,0.257308525050168
"14290147","2008-05-19",12.957796667812,0.685244897528143,0.54935416546732,0.519352543674352,45.6083627669619,43.8771318997047,44.7427473333333,1.13582661763112,63.0507389974207,44.5544492,44.5339762030717,0.452178086184052,0.296282437276945
"14290146","2008-05-20",14.2484705675118,0.835295380767725,0.683399949824308,0.578780452856072,45.9542774845528,43.6883135154471,44.8212955,1.20458953530061,67.9639850962707,44.6405104,44.7619807093288,0.717582810901529,0.380542512001862
"14290145","2008-05-21",16.1871709479031,0.766110537415089,0.762216938570318,0.664990351287316,46.3602844575284,43.4645508758048,44.9124176666666,1.1839265229715,70.0778772461196,44.7325328,45.005533948085,0.97683307510068,0.499800624621625
"14290144","2008-05-22",17.9873927296951,0.79236246883464,0.797922795672484,0.747846561355704,46.7015893075724,43.3076626924275,45.004626,1.07099957848794,70.6969104147897,44.7861816,45.2302734216736,1.18506805619232,0.636854110935764
"14290143","2008-05-23",18.3926383147898,0.637231362922383,0.731901456390704,0.764013730211169,46.8818133425222,43.269321990811,45.0755676666666,0.873291504959476,62.4720324021333,44.805182,45.3443262987838,1.22692186209754,0.754867661168119
"14290142","2008-05-27",18.186190237942,0.556087398816677,0.661893743524566,0.730572665195918,46.987523313284,43.2853153533826,45.1364193333333,0.747177903000462,58.62975160654,44.8334968,45.400949458946,1.18973525192825,0.841841179320145
"14290141","2008-05-28",18.0320880352337,0.570406168242979,0.587908309994012,0.660567836636428,47.0889425564531,43.2987687768802,45.1938556666666,0.738573317721404,59.1076979940094,44.8815572,45.4574735310865,1.15669226990034,0.904811397436184
"14290140","2008-05-29",18.588175867933,0.560858613682778,0.562450726914144,0.604084260144241,47.206206671835,43.3165576614982,45.2613821666666,0.75581858346491,58.6213823429688,44.9169504,45.501493060275,1.11095436280606,0.946039990510159
"14290139","2008-05-30",20.2732898046771,0.668949609391278,0.600071463772344,0.583476833560167,47.5651657683412,43.2311198983254,45.3981428333333,0.992450679421539,68.3618445397168,45.0067372,45.712263318905,1.28841345365116,1.01451468313836
"14290138","2008-06-02",21.1926023677225,0.582192066242926,0.604000096438993,0.588840762375161,47.7694828513842,43.2705191486157,45.520001,0.840350008245478,63.9312074584665,45.088328,45.8477402097177,1.34989645945816,1.08159103840232
"14290137","2008-06-03",21.7960694621348,0.547945474110988,0.59969571658173,0.601255758931023,47.9065929972657,43.3786773360675,45.6426351666666,0.772006281069758,62.2170273056867,45.1661932,45.9465255150886,1.35781284610825,1.13683539994351
"14290136","2008-06-04",22.3564317640891,0.554794302284823,0.561643947546245,0.588446586855657,47.9816878894201,43.5898331105798,45.7857605,0.749258279654631,62.4339587853839,45.2395876,46.0358647797435,1.35299005676781,1.18006633130837
"14290135","2008-06-05",23.7191188884245,0.532994342892646,0.545244706429485,0.568861456852487,48.1016932432108,43.7709804234558,45.9363368333333,0.804751947680834,63.2667873484186,45.3208056,46.1269521424444,1.35116031314744,1.21428512767618
"14290134","2008-06-06",24.9477819475216,0.400001385358151,0.495930010178539,0.534272888051424,48.1318890383138,44.0521829616861,46.092036,0.758703440928389,62.9934443629239,45.4068672,46.2034118567851,1.33077946402951,1.23758399494685
"14290133","2008-06-09",26.0886833595404,0.409088520159172,0.447361416136656,0.496178710914894,48.1016153662745,44.3969596337254,46.2492875,0.746636277690327,64.4018501382303,45.5108112,46.2907876092138,1.3266470313847,1.25539660223442
"14290132","2008-06-10",27.1480918135579,0.531466326300773,0.446852077272698,0.463381167862631,48.1359680445647,44.6395432887686,46.3877556666666,0.779439065590371,67.1720943616256,45.6382264,46.4099785946519,1.36395901401305,1.27710908459014
"14290131","2008-06-11",27.5305512839951,0.433564832194609,0.458039892884851,0.450751128764735,48.1416538475388,44.8611191524611,46.5013865,0.706407459841648,62.9515506460554,45.7693676,46.4785054486983,1.33243058504888,1.28817338468189
"14290130","2008-06-12",26.9280049274831,0.262234401982131,0.409088520159171,0.43799349677224,48.0627527019277,45.1238162980722,46.5932845,0.551233557306369,56.2863604052004,45.8692136,46.4770433888719,1.21413357939395,1.2733654236243
"14290129","2008-06-13",26.3684975964362,0.293704482318492,0.329834572165077,0.398987661736367,47.8653167150478,45.5357842849522,46.7005505,0.535916864225242,57.1831061109374,45.9794912,46.486953603689,1.12200475990754,1.24309329088095
"14290128","2008-06-16",26.1999489052961,0.267607497410384,0.274515460570335,0.337812850964861,47.6938699396929,45.8795403936403,46.7867051666666,0.524299977235465,56.3532309349743,46.0953576,46.4880917898638,1.02744794655754,1.19996422201627
"14290127","2008-06-17",26.5447120453431,0.616200031755874,0.392504003828249,0.332284678854554,47.7333156922083,46.0133353077916,46.8733255,0.908487894997119,65.3017996968685,46.2156948,46.6120235512153,1.09957306450383,1.17988599051378
"14290126","2008-06-18",26.1485338299763,0.317535593254837,0.400447707473698,0.355822390624094,47.7612070308879,46.0670966357787,46.9141518333333,0.689034217756936,60.573417969131,46.3118152,46.6759644110532,1.08736303146626,1.16138139870428
"14290125","2008-06-19",26.6372820339886,0.355001315217331,0.429578980076013,0.40751023045932,47.8281818394573,46.0603521605426,46.944267,0.811638053468069,60.9217015167509,46.4083084,46.7363478229128,1.07157679160002,1.14342047728342
"14290124","2008-06-20",27.211562943877,0.641791124500565,0.438109344324244,0.422712010624652,47.96754579344,46.0159912065599,46.9917685,0.961590043508238,65.658333557594,46.5409396,46.8607081131911,1.13878535220084,1.14249345226691
"14290123","2008-06-23",28.1046251413638,0.630254337450489,0.542348925722794,0.470012416707684,48.1362407668574,46.0186742331426,47.0774575,1.00076466694994,67.2081860242227,46.6650024,46.9945670314323,1.21109543375535,1.1562138485646
"14290122","2008-06-24",29.540101503528,0.678457257669179,0.650167573206744,0.543541947751261,48.3923171087473,46.0317722245859,47.2120446666666,1.1486731136841,71.2647867301345,46.780496,47.1863314272413,1.34933161685324,1.19483740222233
"14290121","2008-06-25",31.5093050541026,0.720195085761457,0.676302226960374,0.622939575296638,48.8512795420618,45.9211534579381,47.3862165,1.24922037606559,75.7639826632434,46.8997152,47.4580859036092,1.57408943994299,1.27068780976646
"14290120","2008-06-26",31.842711007789,0.518249452725402,0.638967265385345,0.655145688517488,49.0157187231153,46.0156439435513,47.5156813333333,0.943336282502041,65.0529741404661,46.9742272,47.5905317831279,1.60084060904799,1.33671836962277
"14290119","2008-06-27",31.6273624369693,0.437958130227844,0.558800889571567,0.624690127305763,49.1136764379446,46.008032228722,47.5608543333333,0.781761938709791,61.3399335370127,47.0323468,47.6643368787109,1.55159003773382,1.37969270324498
"14290118","2008-06-30",30.2661632841401,0.238444538486857,0.398217373813367,0.53199517625676,49.1491601015681,46.0625838984318,47.605872,0.612002634607056,53.2123159431236,47.0841328,47.6264679615494,1.36746324326131,1.37724681124824
"14290117","2008-07-01",29.4176308208805,0.374696321374273,0.350366330029657,0.435794864471531,49.2288415161789,46.1387564838211,47.683799,0.742387396729727,57.3668452019017,47.1694488,47.6631922333428,1.29494576889295,1.36078660277719
"14290116","2008-07-02",29.1914132764953,0.676469891661031,0.429870250507387,0.392817984783471,49.4800577007119,46.1402599659547,47.8101588333333,0.978323727025395,64.8662213063127,47.2990996,47.8502532688971,1.41748887733715,1.37212705768918
"14290115","2008-07-03",27.5331293185264,0.387254579472701,0.479473597502668,0.419903392679904,49.5482524240416,46.1968729092916,47.8725626666666,0.688472835505515,55.0260647939004,47.3862788,47.8658328330442,1.31357121685891,1.36041588952312
"14290114","2008-07-07",26.1492255620555,0,0.354574823711244,0.4213062239071,49.5422981565013,46.2394618434986,47.89088,0.385836506081494,48.0421545652449,47.3825532,47.7489391219716,1.05412084837464,1.29915688129343
"14290113","2008-07-08",25.2125453949757,0,0.129084859824233,0.321044427012715,49.5545291876579,46.2033254790087,47.8789273333333,0.215030553289888,45.6080119125448,47.37771,47.5967152390421,0.774737604699394,1.19427302597462
"14290112","2008-07-09",23.4869568331837,0.121211710417153,0.0404039034723841,0.174687862335954,49.5539710067981,46.2159919932019,47.8849815,0.380435187966229,48.8739677665983,47.396338,47.5243972071698,0.621778302577303,1.07977408129516
"14290111","2008-07-10",21.8578633622469,0.247474473611435,0.122895394676196,0.0974613859909381,49.5555236008033,46.2802583991967,47.917891,0.475211880055757,52.1004007595323,47.4324764,47.5238149128805,0.573049680671445,0.978429201170415
"14290110","2008-07-11",20.7073656850667,0.126262763194284,0.164982982407624,0.109427426852068,49.5160730041312,46.3982579958687,47.9571655,0.362782483181483,48.9094002644872,47.446634,47.4637009244964,0.453227988992522,0.873388958734837
"14290109","2008-07-14",19.7153572494454,0.106058552085764,0.159931929630494,0.149270102238105,49.4748647142045,46.5040432857954,47.989454,0.311680367372488,48.3775229870049,47.4585556,47.4016661345636,0.341604438051157,0.767032054598101
"14290108","2008-07-15",19.6676240277465,0,0.0774404384266821,0.134118450154934,49.4922610462755,46.4714339537244,47.9818475,0.0686002122133832,42.2544185258277,47.4272608,47.2249586499551,0.0945454109202881,0.632534725862538
"14290107","2008-07-16",20.3329448101037,0,0.0353528506952542,0.0909084062508104,49.6937558430696,46.081485823597,47.8876208333333,-0.107993723658749,37.2308897464451,47.3464156,46.9501094966278,-0.255828082033582,0.454862164283314
"14290106","2008-07-17",21.1416744084899,0,-3.19189119579733e-16,0.0375977630406457,49.9276339297915,45.6433207368751,47.7854773333333,-0.105453091280867,35.8717825505438,47.2651976,46.6758922304107,-0.575408836176572,0.248807964191337
"14290105","2008-07-18",22.031838848199,0,-3.19189119579733e-16,0.0117842835650849,50.1046795286002,45.2278371380664,47.6662583333333,-0.0239964978760814,34.8788869614311,47.1944116,46.4121585996893,-0.854775262319751,0.0280913188891193
"14290104","2008-07-21",22.5609754172248,0.0569945112001179,0.018998170400039,0.00633272346667979,50.1703634790507,44.9112965209492,47.54083,0.0898873284590137,37.7928004764446,47.1325668,46.2245707863974,-1.0125499303672,-0.180036930962145
"14290103","2008-07-22",22.4091971483051,0.14162401720813,0.0662061761360822,0.028401448845374,50.140485347112,44.7114293195546,47.4259573333333,0.207950947896189,41.9466930672516,47.0912128,46.1228466815444,-1.04646485028654,-0.353322514827025
"14290102","2008-07-23",22.9421729298111,0,0.0662061761360822,0.0504701742240681,50.0697842541713,44.4151587458286,47.2424715,0.116434103938451,37.1489903409299,46.9801896,45.9254004573385,-1.20392681630012,-0.523443375121643
"14290101","2008-07-24",24.0607591701461,0,0.0472080057360429,0.0598734526694028,49.887764249382,44.0551040839513,46.9714341666666,0.0181179621393106,32.6679361037132,46.8456956,45.6325777296934,-1.47445094988152,-0.713644890073619
"14290100","2008-07-25",25.2889017097287,0,-3.23815048849004e-16,0.0378047272907086,49.8262613195828,43.6012323470837,46.7137468333333,0.0145773328901463,31.2988455379194,46.6974168,45.3378166990676,-1.72632692961143,-0.916181297981182
"14290099","2008-07-28",26.7716031075758,0,-3.23815048849004e-16,0.0157360019120144,49.8317857296095,43.0586006037238,46.4451931666666,0.000920206593166716,28.8159625646423,46.5040584,45.0041198058586,-2.01087874508414,-1.13512078740177
"14290098","2008-07-29",28.3031363629989,0,-3.23815048849004e-16,1.61907524424502e-17,49.842841328365,42.5371380049682,46.1899896666666,0.0424830639788652,27.6895170717268,46.2916992,44.6776598317441,-2.26443631089207,-1.36098389209983
"14290097","2008-07-30",28.9085227343942,0.0332271572849515,0.0110757190949835,0.00369190636499463,49.6542074670551,42.1982891996115,45.9262483333333,0.128713964660665,29.7593690843367,46.0644376,44.4208065208449,-2.40556959692761,-1.56990103306539
"14290096","2008-07-31",29.3326914799246,0.0665577907840108,0.0332616493563204,0.0147791228171016,49.1525033323789,42.0905473342877,45.6215253333333,0.173132769359668,31.7627512717739,45.8129596,44.2230376513989,-2.457401194852,-1.74740106542271
"14290095","2008-08-01",31.4081503638651,0,0.0332616493563204,0.0258663392692085,49.1630374601297,41.2712475398702,45.2171425,-0.108302115046939,20.2141605017322,45.4538116,43.589663297879,-3.10424855496729,-2.01877056333163
"14290094","2008-08-04",33.335362184667,0.147246997624495,0.0712682628028349,0.0459305205051589,49.1212680716327,40.6408565950339,44.8810623333333,0.0178478059369071,28.8291077431501,45.1498024,43.1835535248285,-3.38977064441757,-2.29297057954882
"14290093","2008-08-05",35.1580255053505,0.137254901960784,0.094833966528426,0.0664546262291941,49.0699952272551,40.0699537727448,44.5699744999999,0.0702470350220824,28.5405215486578,44.8726176,42.8191730548514,-3.59836455114404,-2.55404937386786
"14290092","2008-08-06",36.0649857993855,0.207843698641865,0.164115199409048,0.11007247624677,48.7726469447904,39.7417117218762,44.2571793333333,0.164795956866239,32.4716085191538,44.594688,42.5704379808712,-3.63138294940272,-2.76951608897483
"14290091","2008-08-07",36.3764491238201,0.152941457164069,0.166013352588906,0.141654172842127,48.3206394196517,39.5206275803481,43.9206334999999,0.180131472009926,31.0412938100216,44.2545408,42.302708916755,-3.69263908922937,-2.95414068902574
"14290090","2008-08-08",36.665665067938,0.277124463700017,0.212636539835317,0.180921697277757,47.8021208222618,39.4529845110714,43.6275526666666,0.265266418750422,37.723345829151,43.9937488,42.188654394521,-3.5337884788781,-3.07007024699621
"14290089","2008-08-11",36.9677776344612,0.29682916867783,0.242298363180639,0.206982751868287,47.2106033117293,39.4633083549373,43.3369558333333,0.2781286875501,37.4763232352151,43.76984,42.0823551419182,-3.38051953705329,-3.13216010500763
"14290088","2008-08-12",37.4744834009706,0.278524269745908,0.284159300707918,0.246364734574625,46.7172908075896,39.4173405257436,43.0673156666666,0.255963315106839,35.7937690992099,43.546304,41.9405557896625,-3.29363744711519,-3.16445557342914
"14290087","2008-08-13",37.9449958984437,0.334638803561748,0.303330747328495,0.276596137072351,46.3669937226853,39.3255329439813,42.8462633333333,0.276193219532969,36.1794948749932,43.306748,41.8238723510408,-3.18032619463798,-3.16762969767091
"14290086","2008-08-14",38.5427324025205,0.292090247833094,0.301751107046916,0.29641371836111,46.0722955809717,39.2004804190281,42.6363879999999,0.260999392257312,34.9581676374523,43.0385048,41.6892160375687,-3.10437582612014,-3.15497892336076
"14290085","2008-08-15",38.9652477069025,0.298175007622283,0.308301353005708,0.30446106912704,45.7382151825348,39.1272281507984,42.4327216666666,0.288951585196679,35.2198167999155,42.789262,41.5762392325595,-3.00523176685003,-3.12502949205861
"14290084","2008-08-18",39.0999661291033,0.300202534953613,0.296822596802996,0.302291685618541,45.2774996215184,39.1585677118148,42.2180336666666,0.315691090649637,35.3131960190651,42.5433724,41.4795673348849,-2.89236355584674,-3.07849630481624
"14290083","2008-08-19",39.2250618068611,0.302232240080143,0.300203260885346,0.301775736898017,44.5814972837482,39.3792453829184,41.9803713333333,0.328302944501628,35.413565179858,42.3347388,41.3970276902336,-2.76984606378031,-3.01676625660905
"14290082","2008-08-20",39.2641249539657,0.503288056338427,0.368574277124061,0.321866711604135,43.983569259968,39.5822597400319,41.7829144999999,0.350385172030308,35.8420447906357,42.164106,41.3304599982025,-2.63562402518859,-2.94053781032496
"14290081","2008-08-21",38.4008814407962,0.385027444135684,0.396849246851418,0.355208928286942,43.5599040280659,39.7320933052673,41.6459986666666,0.441602302328613,38.4797170151478,42.0132192,41.3025733317755,-2.45759024989175,-2.84394829823832
"14290080","2008-08-22",36.904036173309,0.814288781864473,0.567534760779527,0.444319428251669,43.2596713637395,39.879576302927,41.5696238333333,0.675987999143349,47.980127021983,41.9070396,41.4013502208721,-2.11220320257083,-2.69759927910482
"14290079","2008-08-25",36.5337895324879,0.277778079027421,0.492364768342525,0.485582925324491,43.0325920561204,39.9430396105462,41.4878158333333,0.48085725973525,40.8443852515773,41.7498192,41.3578021914225,-2.00402333518986,-2.55888409032183
"14290078","2008-08-26",36.1899890802968,0.292928526112018,0.461665129001303,0.507188219374452,42.8272658093155,40.0005835240177,41.4139246666666,0.484348671386455,41.1164120659584,41.5754608,41.3237858992328,-1.8912348864516,-2.42535424954778
"14290077","2008-08-27",35.6927481930654,0.263158555651132,0.277955053596857,0.410661650313562,42.4976207945283,40.1631978721383,41.3304093333333,0.56736311509444,42.4466287323092,41.439104,41.3116917793351,-1.75626947142341,-2.29153729392291
"14290076","2008-08-28",35.1195571612499,0.362568987059629,0.306218689607593,0.348612957401918,41.9956632286775,40.4950194379891,41.2453413333333,0.744229844733457,44.0979299966877,41.3455912,41.3223208754238,-1.5999805084999,-2.15322593683831
"14290075","2008-08-29",35.3345055045625,0,0.208575847570253,0.264249863591568,41.931813699156,40.6243773008439,41.2780954999999,0.342086263673599,38.6221818815157,41.2353132,41.2346674253673,-1.59964850798947,-2.04251045106854
"14290074","2008-09-02",36.0760570149304,0,0.120856329019876,0.211883622065907,41.9876551460379,40.5297275206286,41.2586913333333,-0.0861479804893512,34.4838074144336,41.1224272,41.0717704353183,-1.70816436151082,-1.975641233157
"14290073","2008-09-03",37.4804258842604,0,-4.81096644004234e-16,0.109810725530043,42.2625218309881,40.1247748356784,41.1936483333333,-0.338419297169281,28.7889079492833,40.9760108,40.7815690439425,-1.99337022779501,-1.9791870320846
"14290072","2008-09-04",39.2415114414844,0,-4.81096644004234e-16,0.0402854430066252,42.6877298596656,39.4108331403343,41.0492814999999,-0.325978071681688,25.0083504382206,40.78377,40.4033918380835,-2.38513396256895,-2.06037641818147
"14290071","2008-09-05",41.2746423929867,0,-4.81096644004234e-16,-2.22044604925031e-16,43.1778472926436,38.5379100406897,40.8578786666666,-0.271594198856681,21.6208906290984,40.5419784,39.9353062596724,-2.88100193019387,-2.22450152058395
"14290070","2008-09-08",43.42352802822,0,-4.81096644004234e-16,-2.22044604925031e-16,43.5753461926964,37.6182064739702,40.5967763333333,-0.196826530180426,19.3480518586662,40.4048764,39.4166227583827,-3.41735424875246,-2.46307206621765
"14290069","2008-09-09",45.5229160260755,0,-4.81096644004234e-16,-2.22044604925031e-16,43.8151889880416,36.841256678625,40.3282228333333,-0.0852135235796918,18.4308885866691,40.2100276,38.9174223905984,-3.88648974111392,-2.74775560119691
"14290068","2008-09-10",47.5365877277632,0,-4.81096644004234e-16,-2.22044604925031e-16,44.0538218446166,36.0372638220499,40.0455428333333,-0.0505209119562102,17.8610128128024,40.0095904,38.4537354051852,-4.26927876368793,-3.05206023369511
"14290067","2008-09-11",49.5855403804118,0,-4.81096644004234e-16,-2.22044604925031e-16,44.2188482436647,35.2690000896685,39.7439241666666,-0.00346785283964088,16.2585275399443,39.7614652,37.9599746844939,-4.6758806844115,-3.37682432383839
"14290066","2008-09-12",50.3587176301954,0.138713595026273,0.0462378650087572,0.0154126216695857,44.1994347189682,34.8031539476984,39.5012943333333,0.142425436000898,26.7754316369683,39.5699692,37.6686540598947,-4.73487871991023,-3.64843520305276
"14290065","2008-09-15",51.2364370426344,0.0841844490275509,0.0742993480179408,0.0401790710088994,44.1548712469533,34.3134044197133,39.2341378333333,0.140319419641569,25.4012602511997,39.3266876,37.3615348519087,-4.81986708988305,-3.88272158041882
"14290064","2008-09-16",52.4970928938259,0,0.0742993480179408,0.0649455203482132,44.1363920486824,33.6895286179842,38.9129603333333,0.0935382556207613,21.4874812509553,39.0316204,36.9152942049876,-5.12918844433288,-4.13201495320163
"14290063","2008-09-17",54.0299831136492,0,0.0280614830091832,0.0588867263483552,44.1563348065969,32.911426193403,38.5338805,0.0528361021300947,18.2149363112742,38.6929632,36.3335789776559,-5.6452250154385,-4.434656965649
"14290062","2008-09-18",55.4533811749137,0.00698624074885614,0.0023287469162849,0.0348965259811365,44.0973156550715,32.1647846782617,38.1310501666666,0.0756773219495422,18.8086888266228,38.3550512,35.8381191139684,-5.98856575420184,-4.74543872335957
"14290061","2008-09-19",53.0688421105286,0.140237292218742,0.049074510989199,0.0264882469715559,43.7274796698935,31.8851243301064,37.806302,0.25690629799564,28.6152071536426,38.0730232,35.5614698987727,-5.94514707864942,-4.98538039441754
"14290060","2008-09-22",50.8546272650282,0.204976205347659,0.117399912771752,0.0562677235590789,43.1515910522142,31.702232281119,37.4269116666666,0.251056946479051,31.7200874580981,37.8058976,35.375107245603,-5.75837684572917,-5.13997968467987
"14290059","2008-09-23",48.9729449519615,0.198019741837509,0.18107774646797,0.11585072340964,42.6452708632858,31.4848544700474,37.0650626666666,0.242539235805383,30.6193967517403,37.5261052,35.1726116128559,-5.61936319979611,-5.23585638770312
"14290058","2008-09-24",47.8753250403258,0.0101687636253793,0.137721570270182,0.145399743169968,42.1314069290156,31.1567324043176,36.6440696666666,0.163384428848478,26.5852521038176,37.1960168,34.8307047311418,-5.73575924355728,-5.33583695887395
"14290057","2008-09-25",45.4262724276177,0.242306866421103,0.15016512396133,0.156321480233161,41.3849564618933,31.18041587144,36.2826861666666,0.301785017619942,34.8618185289942,36.9091456,34.6834094336562,-5.51162131809736,-5.37099383071863
"14290056","2008-09-26",43.1521521443888,0.307692307692308,0.18672264591293,0.158203113381481,40.4547515074694,31.3875444925305,35.921148,0.33014968143304,37.0280356019133,36.626,34.5979775091687,-5.20231249764131,-5.33725756410317
"14290055","2008-09-29",41.380149483996,0.19604045437827,0.248679876163893,0.195189215346051,39.5032060064676,31.630605660199,35.5669058333333,0.299289210193146,34.792512343042,36.2832448,34.4481831746129,-5.03333770896992,-5.27647359307652
"14290054","2008-09-30",39.7347184422026,0.324753325665398,0.276162029245325,0.237188183774049,38.5420403060697,31.9866723605969,35.2643563333333,0.360996920247231,39.0174960207569,36.0034524,34.3990827513312,-4.70519647932548,-5.16221817032631
"14290053","2008-10-01",38.4746594457684,0.233662941127696,0.251485573723787,0.258775826377669,37.7018128252912,32.3062475080421,35.0040301666666,0.350018774230587,37.1814275694139,35.7054044,34.299402384487,-4.49462417591369,-5.02869937144379
"14290052","2008-10-02",37.3165452588075,0.229702119879155,0.262706128890749,0.263451243953287,37.0346705381544,32.5542591285121,34.7944648333333,0.356456299537761,37.099675834192,35.4013952,34.2105287332221,-4.28404162245868,-4.87976782164677
"14290051","2008-10-03",36.4450749655568,0.164356010434628,0.209240357147159,0.241144019920566,36.585163228629,32.6579067713709,34.621535,0.295683914356123,35.7048582666142,35.0787584,34.0925235687925,-4.14321668870166,-4.73245759505774
"14290050","2008-10-06",37.0118704414387,0,0.131352710104594,0.201099732047501,36.5705012691923,32.185757064141,34.3781291666666,-0.138706015455508,26.3585634641676,34.6775116,33.6313537596201,-4.62284976304719,-4.71053602865563
"14290049","2008-10-07",37.7980193037472,0,0.054785336811542,0.131792801354432,36.6755175185791,31.5150701480875,34.0952938333333,-0.179208005629309,24.6063947268338,34.2751468,33.1410159250041,-5.12318267818594,-4.7930653585617
"14290048","2008-10-08",38.8216398997154,0,-5.55111512312578e-16,0.0620460156387119,36.9108431104258,30.6873742229074,33.7991086666666,-0.15727845256909,22.6312191105379,33.8843316,32.6055311350036,-5.67538563832607,-4.96952941451457
"14290047","2008-10-09",39.7754157121536,0,-5.55111512312578e-16,0.0182617789371806,37.0712149057448,29.9507764275884,33.5109956666666,-0.0667196403300825,22.609244495364,33.5311444,32.1402016503364,-6.0648033754239,-5.18858420669644
"14290046","2008-10-10",41.7294077753575,0,-5.55111512312578e-16,-2.86807614694832e-16,37.5545149575787,28.4901277090879,33.0223213333333,-0.234124048790453,15.4657496605559,33.0553856,31.1880120969582,-7.36340064531246,-5.62354749441964
"14290045","2008-10-13",41.1977165695736,0.275022702585481,0.0916742341951596,0.0305580780650531,37.3407878951344,28.0602574381988,32.7005226666666,0.129100655114576,31.5398186294358,32.7271604,30.7415504840305,-7.61172642843943,-6.0211832812236
"14290044","2008-10-14",38.9517642039009,0.48421952480439,0.25308074246329,0.114918325552816,37.1213820106241,27.9881346560424,32.5547583333333,0.412042785133048,40.7662466034941,32.5002712,30.6427290861597,-7.16976865748195,-6.25090035647527
"14290043","2008-10-15",37.7450357604037,0.24003637194692,0.333092866445596,0.225949281034682,37.157069665263,27.4681193347369,32.3125945,0.123250433864583,34.8381359801022,32.18136,30.2192972080051,-7.41003247273797,-6.48272677972781
"14290042","2008-10-16",36.8960588350773,0.153985597098024,0.292747164616444,0.29297359117511,37.3270903017851,26.7159736982148,32.021532,0.0500025575322935,33.0314449030401,31.8546252,29.7343455802711,-7.7672693314901,-6.73963529008027
"14290041","2008-10-17",35.2939581355674,0.212862443047269,0.202294804030737,0.276044945030926,37.0629403237686,26.3082740095647,31.6856071666666,0.176735313605995,35.4962817313371,31.5111252,29.3947755029016,-7.81456592962212,-6.95462141798864
"14290040","2008-10-20",33.5697991521969,0.321558158645874,0.229468732930389,0.241503567192524,36.7288714657693,26.0971635342306,31.4130175,0.284781757104873,39.8945684594569,31.2287248,29.2495054358481,-7.4685603613401,-7.05740920665893
"14290039","2008-10-21",31.9687943819242,0.387828617289031,0.307416406327391,0.246393314429506,36.3964962613339,25.9588710719994,31.1776836666666,0.337830256471598,42.430972486521,31.0271696,29.2130180444017,-6.9322567520341,-7.03237871573397
"14290038","2008-10-22",31.4581811818972,0.117165673139465,0.27551748302479,0.27080087409419,36.3249159544583,25.4455323788749,30.8852241666666,0.152131868773609,35.7134407486762,30.7730836,28.8113196384814,-7.19788656111944,-7.06548028481106
"14290037","2008-10-23",30.9445727488661,0.124431602648929,0.209808631025808,0.264247506792663,35.9682072756753,25.0937560576579,30.5309816666666,0.191401592038672,36.0063349591281,30.51937,28.4731156866839,-7.31908454645092,-7.11620113713903
"14290036","2008-10-24",30.7603705474434,0.037238498212041,0.0929452580001443,0.192757124016914,35.5524147239553,24.7107176093779,30.1315661666666,0.155146594933043,34.0041762201294,30.184066,28.0607869284594,-7.59708742890475,-7.21237839549218
"14290035","2008-10-27",30.5893256461223,0.118074523804183,0.0932482082217173,0.132000699082557,35.0796725258847,24.4569678074486,29.7683201666666,0.213213324909672,37.4753651289279,29.8659,27.8139620046648,-7.50756967531232,-7.2714166514562
"14290034","2008-10-28",29.1870226486048,0.118074523804183,0.0911291819401354,0.092440882720666,34.3829825992154,24.4650427341179,29.4240126666666,0.302678510528821,37.4753651289279,29.5600284,27.6000470707095,-7.36003723062804,-7.28914076729057
"14290033","2008-10-29",27.8848841509099,0.309718168529388,0.181955738712584,0.122111042958146,33.6055519266781,24.6988464066552,29.1521991666666,0.455800436074264,45.3750804552011,29.38269,27.6766874612816,-6.59788455713711,-7.15088952525988
"14290032","2008-10-30",26.4782360216536,0.335848651451862,0.254547114595144,0.175877345082622,32.7260463071831,25.0859520261501,28.9059991666666,0.542058490577937,47.2789286332483,29.1815076,27.8126531331107,-5.77492909962948,-6.8756974401338
"14290031","2008-10-31",24.8558260595861,0.378301481640541,0.34128943387393,0.25926409572722,31.8178713478605,25.5821376521394,28.7000045,0.660243453097701,48.8225219302144,28.9844232,27.9863740486959,-4.94407126435111,-6.48937220497726
"14290030","2008-11-03",23.3493025233806,0.674875666184199,0.463008599758867,0.352948382742647,31.4759654311741,25.7371422354925,28.6065538333333,0.692025344295198,49.1786180950856,28.8137904,28.1493508422031,-4.21010422274731,-6.03351860853127
"14290029","2008-11-04",23.4929842128397,0.0560267592668543,0.369734635697198,0.391344223109998,31.2586385591183,25.5468267742149,28.4027326666666,0.169302945463699,38.323592231021,28.4781136,27.8211720632427,-4.58667377549691,-5.7441496419244
"14290028","2008-11-05",23.586511669736,0.297113535486106,0.342671986979053,0.391805074145039,31.1089639550409,25.4673767116257,28.2881703333333,0.345635581661924,43.3796200227049,28.2124784,27.7130957881437,-4.4585762110683,-5.48703495575318
"14290027","2008-11-06",23.1283491330068,0.402376981197422,0.25183909198346,0.321415238219904,30.9874808052427,25.4510128614239,28.2192468333333,0.477961851989736,45.4811050578797,27.9706872,27.6964256830579,-4.14301138697264,-5.21823024199707
"14290026","2008-11-07",22.1200770415397,0.487266562764881,0.395585693149469,0.330032257370661,30.9792320070314,25.6967686596352,28.3380003333333,0.576669975104133,47.1835923360032,27.7598184,27.7440715919835,-3.71486410815671,-4.917557015229
"14290025","2008-11-10",20.9225466316039,0.499151468751994,0.462931670904766,0.370118818679232,30.9448703204111,25.6994630129222,28.3221666666666,0.618110942331498,47.4311017643033,27.6592272,27.7940580463857,-3.31809810876863,-4.59766523393693
"14290024","2008-11-11",20.0372158580631,0.417656012176561,0.468024681231145,0.442180681761794,30.2416790420368,26.0449966246298,28.1433378333333,0.507508033775127,45.8446252588183,27.56795,27.7777689735343,-3.09727172640479,-4.2975865324305
"14290023","2008-11-12",19.3780550503139,0.359932190413693,0.425579890447416,0.452178747527776,30.188167768255,26.0044362317449,28.096302,0.410431155362194,44.7040507204233,27.4971636,27.7214291103964,-2.98012311992577,-4.03409384992955
"14290022","2008-11-13",18.085173398378,0.320143127762577,0.365910443450943,0.419838338376502,30.1991558512955,26.0884504820378,28.1438031666666,0.512838875227611,44.6688271424998,27.4263772,27.6713585623435,-2.85776974241233,-3.79882902842611
"14290021","2008-11-14",17.8448456306029,0.425758551805363,0.368611289993878,0.386700541297412,30.344159134263,26.0707385324036,28.2074488333333,0.798231312120051,49.113455029695,27.558636,27.7558774206977,-2.45382855184259,-3.52982893310941
"14290020","2008-11-17",17.6216841319546,0.628787878787879,0.458229852785273,0.397583862076698,30.536897138331,25.9854215283355,28.2611593333333,0.925780742933306,54.2609850240938,27.6271868,27.9955364312714,-1.75316917267453,-3.17449698102243
"14290019","2008-11-18",17.2558371163052,0.589394590092465,0.547980340228569,0.45827382766924,30.5906625827032,25.9633240839634,28.2769933333333,0.829498983864827,53.1378092846048,27.5996176,28.1709529071018,-1.25503945983203,-2.79060547678435
"14290018","2008-11-19",17.1103487725061,0.600000976047787,0.606061148309377,0.537423780441073,30.7798400443787,26.0610182889545,28.4204291666666,0.828243132208359,53.4173941711578,27.6759924,28.3316738528216,-0.833374227387362,-2.39915922690495
"14290017","2008-11-20",16.1677744667025,0.239393614044677,0.476263060061643,0.543434849533196,30.7608414533347,26.1644638799985,28.4626526666666,0.403611196803462,43.8406129324323,27.6990908,28.1754000057787,-1.11759060742431,-2.14284550300882
"14290016","2008-11-21",15.2152560058779,0.278788529486404,0.372727706526289,0.48501730496577,30.652472213117,26.4560087868829,28.5542405,0.421430547619672,45.000683552079,27.7076596,28.0722520050082,-1.2609496939631,-1.96646634119968
"14290015","2008-11-24",14.535625915143,0.484555356347093,0.334245833292724,0.394412199960219,30.706704394378,26.7168996056219,28.711802,0.791066370784052,53.3436150372809,27.749386,28.2424064043405,-0.808289028182108,-1.73483087859617
"14290014","2008-11-25",14.2769259780807,0.687250702044431,0.483531529292642,0.396835023037219,30.9801088122096,26.7753835211236,28.8777461666666,0.953805429503785,57.0374998825964,27.80527,28.5264788837617,-0.159244122791591,-1.41971352743525
"14290013","2008-11-26",13.6200275022308,0.549801844885074,0.573869301092199,0.463882221225856,31.1251434773146,26.7725428560186,28.9488431666666,0.782962671551824,54.1418731457905,27.9464704,28.6869870325935,0.168536152405174,-1.10206359146717
"14290012","2008-11-28",13.2876131575517,0.758965102029031,0.665339216319512,0.574246682234785,31.3879174368174,26.6864248965158,29.0371711666666,0.916190989682578,57.6641188400947,28.1238092,28.9564900949144,0.691163122649652,-0.743418248643802
"14290011","2008-12-01",13.0905699077132,0.247012702031598,0.518593216315234,0.585933911242315,31.3404746829598,26.6770523170401,29.0087635,0.52623034266865,47.9552549945935,28.2411656,28.8708994155925,0.432573808112102,-0.508219837292621
"14290010","2008-12-02",12.9267106186447,0.239043722450237,0.415007175503622,0.532979869379456,31.2684606828552,26.6379193171447,28.9531899999999,0.423096105068056,47.820286396286,28.3238736,28.7917528268468,0.214267572044791,-0.363722355425139
"14290009","2008-12-03",12.0721479701704,0.28286883264929,0.256308419043708,0.396636270287522,31.109764658342,27.0561653416579,29.0829649999999,0.50650985242295,48.6757937765505,28.414778,28.7504804499339,0.0971696160469548,-0.27154396113072
"14290008","2008-12-04",11.6643129071414,0.137450995908573,0.219787850336033,0.297034481627788,31.0359330329327,27.2454906337339,29.1407118333333,0.350026696939976,45.981853935358,28.3998756,28.6240550566094,-0.184837168141405,-0.254202602532857
"14290007","2008-12-05",11.9319529849723,0,0.140106609519287,0.20540095963301,31.130179131069,27.0581045355975,29.0941418333333,0.0264555069437062,41.4777904397182,28.3145596,28.3493183823948,-0.752407145913336,-0.353843511208953
"14290006","2008-12-08",11.5435910858058,0.354243798272252,0.163898264726941,0.174597574860754,31.1294896664128,27.0535160002537,29.0915028333333,0.40155084415824,49.2119792975253,28.28401,28.3496519314088,-0.688098653807911,-0.420694539728745
"14290005","2008-12-09",11.6782241547275,0.164205388465965,0.172816395579405,0.158940423275212,31.1430882846973,26.9343580486359,29.0387231666666,0.226138343708169,45.7211021594392,28.2113608,28.2220276738876,-0.900557856788031,-0.516667203140602
"14290004","2008-12-10",11.8032405758692,0.258302480691099,0.258917222476439,0.198543960927595,31.1451329767021,26.9264150232978,29.0357739999999,0.281945444842003,47.6993922067952,28.29854,28.174755984036,-0.923286556242442,-0.59799107376097
"14290003","2008-12-11",12.0605861265678,0.206642380734481,0.209716749963848,0.213816789339898,31.1280451051439,26.9705135615226,29.0492793333333,0.245617644611924,46.693210530347,28.322384,28.0990151861645,-1.00485494387943,-0.679363847784662
"14290002","2008-12-12",12.5877294960843,0.101475974557218,0.188806945327599,0.219146972589296,31.1818729718685,26.8356543614647,29.0087636666666,0.126687669111704,44.6293034453821,28.3018932,27.9625864946759,-1.20926101357949,-0.785343280943627
"14290001","2008-12-15",13.2966615579629,0.0202944025482403,0.109470919279979,0.169331538190476,31.1970890275451,26.5875879724547,28.8923384999999,0.122751975564413,43.0475107843093,28.2463816,27.7897056287191,-1.47487689010045,-0.923250002774992
"14290000","2008-12-16",13.8660248790605,0.137801352361834,0.0865239098224306,0.128267258143337,31.0519101208526,26.4707328791472,28.7613214999999,0.241862967179214,45.9987221940081,28.2117332,27.7181128782232,-1.49926593216754,-1.0384531886535
"14289999","2008-12-17",14.4336116331502,0.124767575305601,0.0942877767385584,0.0967608686136565,30.9483178441035,26.342406822563,28.6453623333333,0.24753116276853,45.715296308989,28.1923604,27.6473738277935,-1.52066429220499,-1.1348954093638
"14289998","2008-12-18",14.8329457332219,0.146340650524566,0.136303192730667,0.105704959763886,30.7914519960138,26.2543140039861,28.522883,0.27890915629429,45.6719688627043,28.1852816,27.5848239840877,-1.52333859329419,-1.21258404614988
"14289997","2008-12-19",15.0144283661395,0.235293188881375,0.168800471570514,0.13313048034658,30.7926424505222,26.227975882811,28.5103091666666,0.337409263307464,47.285069457857,28.1897524,27.5678701195427,-1.42751142212675,-1.25556952134525
"14289996","2008-12-22",15.3400649944714,0.178921136493417,0.186851658633119,0.163985107644767,30.7963459587421,26.1510020412578,28.4736739999999,0.288637680200363,46.1536319352737,28.1472804,27.5246141036036,-1.39833709696094,-1.28412303646839
"14289995","2008-12-23",16.0483855592676,0.0314966620921313,0.148570329155641,0.168074153119758,30.6381197820561,26.0316715512772,28.3348956666666,0.231384730416464,43.2011354646089,28.0321596,27.4113722231231,-1.5250867885933,-1.33231578689337
"14289994","2008-12-24",16.7061117980069,0.0564791992894618,0.0889656659583365,0.141462551249032,30.2316984351084,26.0465948982248,28.1391466666666,0.19696010572831,43.5200729327786,27.928588,27.3194385933734,-1.59463022746225,-1.38477867500715
"14289993","2008-12-26",17.0600042273282,0.0862068965517239,0.0580609193111054,0.0985323048083612,29.9018253172816,26.0641383493849,27.9829818333333,0.258757855688086,44.7887383885669,27.8294868,27.2633574475903,-1.57995918896227,-1.42381477779817
"14289992","2008-12-29",17.340050813194,0.126582163793025,0.0897560865447365,0.0789275572713932,29.1568876020934,26.4197503979065,27.788319,0.248757327321885,45.137991674524,27.820918,27.2209631212449,-1.5371898525479,-1.44648979274812
"14289991","2008-12-30",16.5996484928768,0.399999999999999,0.204263020114916,0.11736000865692,28.9410265699674,26.4968327633658,27.7189296666666,0.50997070415102,49.2839433649852,27.825016,27.2587333717456,-1.32250800426347,-1.42169343505119
"14289990","2008-12-31",15.4928149915812,0.626669529740176,0.384417231177733,0.226145445945795,28.8806098286301,26.5212358380365,27.7009228333333,0.727189006690091,52.5653307700512,27.77025,27.3548035888462,-1.00047820471573,-1.3374503889841
"14289989","2009-01-02",15.0476299548715,0.651568204944035,0.55941257822807,0.38269760984024,28.7769696543344,26.5857573456655,27.6813635,0.973164176088703,55.3701219162041,27.69164,27.495189777,-0.612763519420478,-1.19251301507137
"14289988","2009-01-05",15.0289664697056,0.729729555449515,0.669322430044575,0.537717413150126,28.9396114234502,26.486760909883,27.7131861666666,1.1097044337033,58.5809728804089,27.6595996,27.6864018067334,-0.152776467560445,-0.984565705569187
"14289987","2009-01-06",15.4616916617782,0.780927713810556,0.720741824734702,0.649825611002449,29.3315235941211,26.3543990725455,27.8429613333333,1.14437188281197,61.8045665784523,27.6111668,27.9278735658356,0.36930307390084,-0.713791949675181
"14289986","2009-01-07",15.9965464793954,0.711110580912313,0.740589283390794,0.710217846056691,29.5579319573422,26.2310657093244,27.8944988333333,1.04900849543368,60.5564860953253,27.6528936,28.1185210903908,0.730753441257503,-0.424882871488644
"14289985","2009-01-08",16.5742727938944,0.749396555515599,0.747144950079489,0.736158686068329,29.8729435968712,26.1169264031287,27.994935,1.00582879914181,61.8293126093097,27.7046796,28.3123116116721,1.06334550751426,-0.127237195688064
"14289984","2009-01-09",17.2449633498354,0.793502278088747,0.751336471505553,0.746356901658612,30.1938065762359,25.9981767570974,28.0959916666666,0.986459742155975,63.5372036734739,27.7598184,28.5187607301158,1.38971261261829,0.176152765973206
"14289983","2009-01-12",17.7786952509733,0.779582146958521,0.774160326854288,0.757547249479777,30.4576782151105,25.9382814515561,28.1979798333333,0.905686922965518,62.950152257168,27.8399188,28.690232632767,1.61100647715315,0.463123508209196
"14289982","2009-01-13",17.6284137309396,0.677492881751127,0.750192435599464,0.758563077986436,30.6323793470439,25.9954983196227,28.3139388333333,0.800095651603828,58.6688393105655,27.9531768,28.7841989483981,1.6507088680648,0.700640580180316
"14289981","2009-01-14",16.5473420661829,0.427228461398875,0.628101163369507,0.717484641941087,30.6591706143992,26.1320123856007,28.3955915,0.586340071831431,49.9401831329663,27.9557844,28.735240421945,1.3921043691945,0.838933337983154
"14289980","2009-01-15",15.565847183834,0.395578769652843,0.500100037600948,0.626131212189974,30.6870871045544,26.2164855621122,28.4517863333333,0.556113328587172,49.7883012312087,27.9960212,28.6903270323523,1.16845286632186,0.904837243650894
"14289979","2009-01-16",15.2990249649379,0.6890548924612,0.503954041170972,0.544051747380476,30.8225357795298,26.3079875538034,28.5652616666666,0.762874217750203,58.0952928930871,28.0623368,28.8016674280387,1.29234946758841,0.982339688438396
"14289978","2009-01-20",14.6860309222428,0.54678391029042,0.543805857468154,0.515953312080025,30.9138791425068,26.4231048574931,28.668492,0.703946567311666,55.6375905521726,28.1279072,28.8609064376335,1.29664206409457,1.04520016356963
"14289977","2009-01-21",13.7027134209672,0.34707807421127,0.527638958987629,0.525132952542252,30.9657283109807,26.5233846890192,28.7445565,0.622653764101691,52.8295908477105,28.201674,28.8687815792824,1.19502403410003,1.07516493767571
"14289976","2009-01-22",12.7896328840685,0.317072851381785,0.403644945294491,0.491696587250092,30.9984256759254,26.6791406574078,28.8387831666666,0.6244589087535,54.3878956588039,28.30003,28.9029280353781,1.15829388106321,1.09179072635321
"14289975","2009-01-23",12.1089458446767,0.219509959672492,0.294553628421849,0.408612510901323,30.9551467786052,26.9344678880614,28.9448073333333,0.567951045276443,52.3558891965506,28.3659732,28.9027162973277,1.05458892695187,1.08435036647294
"14289974","2009-01-26",12.017294858171,0.630082400796075,0.388888403950117,0.362362325888819,30.9363277703907,27.2771035629425,29.1067156666666,0.773922634008908,59.2549163866226,28.4721528,29.0279621243507,1.22011663324426,1.11150361982721
"14289973","2009-01-27",11.283268837395,0.329267121733209,0.392953160733925,0.358798397701964,30.8043228731252,27.654687460208,29.2295051666666,0.589996077695497,53.1789775495408,28.5511356,29.0446098411039,1.14590245307651,1.11838338647707
"14289972","2009-01-28",10.6016732466745,0.402437108290707,0.453928876939997,0.411923480541347,30.5913823234032,28.1135176765967,29.35245,0.583571957922292,54.4036964150322,28.6256476,29.0813911956234,1.12061306502929,1.11882932218751
"14289971","2009-01-29",10.0410067984187,0.398373806323214,0.376692678782376,0.407858238818767,30.4455813860688,28.4483929472644,29.4469871666666,0.593659748390439,54.3187244065806,28.708356,29.1120270362069,1.08532553482485,1.11212856471498
"14289970","2009-01-30",10.1746166431983,0.029042130914567,0.276617681842829,0.369079745855068,30.3492135917977,28.6143047415356,29.4817591666666,0.183342153729311,47.1054229080597,28.7798872,29.0255674313793,0.812862507204026,1.05227535321279
"14289969","2009-02-02",10.7795767705338,0,0.14247197907926,0.265260779901489,30.4346932974578,28.4779087025421,29.456301,-0.13742205959074,43.7374501503604,28.8313004,28.8897851071954,0.463933887002166,0.934607059970664
"14289968","2009-02-03",11.4467592921238,0,0.00968071030485518,0.142923457075648,30.5336230663808,28.2724889336192,29.403056,-0.056913445228472,42.9942253010448,28.8715368,28.7584457595694,0.155860242009664,0.778857696378464
"14289967","2009-02-04",10.7097785843199,0.190478103362646,0.0634927011208814,0.0718817968349993,30.4993763180432,28.2173213486234,29.3583488333333,0.284774903943343,47.852272570652,28.930774,28.7141636582935,0.0569504709022173,0.634476251283215
"14289966","2009-02-05",10.7534480865999,0.326532326389903,0.172336809917516,0.0818367404477513,30.4682421979357,28.2105784687309,29.3394103333333,0.501238596030579,51.0604231615439,28.98256,28.7254605038543,0.0823369801403961,0.524048397054651
"14289965","2009-02-06",11.5341274475624,0.583798681629789,0.366936370460779,0.200921960499726,30.543902640138,28.1768310265286,29.3603668333333,0.902860575848534,58.7760508518637,29.0574444,28.8755817700071,0.392809481443201,0.497800613932361
"14289964","2009-02-09",12.2590439970276,0.659218094901063,0.523183034306918,0.354152071561738,30.5939639827523,28.1519180172477,29.372941,0.915855808754278,60.3832303962097,29.1252504,29.0392175340061,0.699103636780651,0.538061218502019
"14289963","2009-02-10",11.8949055901098,0.416201318370211,0.553072698300354,0.481064034356017,30.5556873267289,28.162252673271,29.35897,0.664220067354743,53.1876855420472,29.1397804,29.072992529472,0.707492941708709,0.571947563143357
"14289962","2009-02-11",11.1854774108486,0.240224686752118,0.43854803334113,0.504934588649468,30.5190872602232,28.1339657397767,29.3265265,0.386819253853889,48.6652753190442,29.1081128,29.0240268588757,0.544909755397316,0.566540001594149
"14289961","2009-02-12",11.1573586456695,0.0502816081957276,0.235569204439352,0.409063312026946,30.5399184931108,28.0808465068891,29.3103825,0.15564414621534,44.2880529963865,29.0566996,28.8971432776923,0.236634730046625,0.500558947284644
"14289960","2009-02-13",10.9546923263171,0.279328938765962,0.189945077904602,0.288020771895029,30.5319631872796,28.1207791460536,29.3263711666666,0.373941117115191,50.1149372210034,29.0272672,28.8890095073333,0.202863829557876,0.441019923739291
"14289959","2009-02-17",11.8973598709108,0,0.109870182320563,0.178461488221506,30.5645424658022,27.9078188675311,29.2361806666666,0.0152033627040559,42.0804743651478,28.9345,28.7093415730222,-0.184770578730964,0.31586182324524
"14289958","2009-02-18",12.8723104304905,0,0.0931096462553203,0.130974968826829,30.634264558163,27.6384664418369,29.1363655,-0.0168234885039834,41.3611976261405,28.838752,28.5362426966193,-0.524885941269271,0.147712270342338
"14289957","2009-02-19",13.1632662831081,0.0535284190947891,0.0178428063649292,0.0736075449802712,30.6574095034239,27.474990496576,29.0662,0.129186687612787,43.0096889340501,28.7675932,28.4135450037367,-0.729717983985145,-0.0277737805231589
"14289956","2009-02-20",14.3209983142331,0,0.0178428063649292,0.0429317529950599,30.7742542078485,27.1159814588181,28.9451178333333,-0.0440831333660159,36.7402999026718,28.6893556,28.1532150032385,-1.20998502431306,-0.26421602928114
"14289955","2009-02-23",15.6154823070721,0,0.0178428063649292,0.0178428063649296,30.9128742507083,26.7094284159582,28.8111513333333,-0.0406194717391192,35.1814572476906,28.5988232,27.88413033614,-1.67078524514865,-0.545529872454643
"14289954","2009-02-24",16.6679597699034,0.0419723045093338,0.0139907681697775,0.0165587936332123,30.8418642685836,26.4414087314163,28.6416364999999,0.0630286113731688,37.0710607633487,28.4717804,27.6794876246547,-1.95628374528407,-0.827680647020528
"14289953","2009-02-25",17.6452602711039,0.131387047224965,0.0577864505780991,0.029873341704269,30.7870074472422,26.2469608860911,28.5169841666666,0.170252096940234,41.0159687323703,28.3741696,27.5629812747007,-2.02848071140718,-1.06784065989786
"14289952","2009-02-26",18.8594232525303,0.0529204087710229,0.0754265868351068,0.0490679351943282,30.7102509364095,26.0514383969238,28.3808446666666,0.16856261041208,38.721913474021,28.2735784,27.4086091047406,-2.1799984451787,-1.29027221695403
"14289951","2009-02-27",20.5283966672906,0,0.0614358186653288,0.0648829520261786,30.6828690389844,25.7068812943488,28.1948751666666,0.0417549338236465,34.6019887221039,28.1331232,27.1692612241085,-2.50875843379977,-1.53396946032318
"14289950","2009-03-02",22.5412313673121,0,0.0176401362570071,0.0515008472524813,30.7866915705601,25.2317410961064,28.0092163333333,-0.00225584299338748,31.0073209464403,27.9695696,26.8550263942274,-2.98106707878263,-1.82338898401507
"14289949","2009-03-03",24.833734764026,0,-4.92661467177413e-16,0.0263586516407789,31.0063248195469,24.6317858471197,27.8190553333333,-0.0354539386713119,27.6607708024573,27.7337388,26.4671948749971,-3.58738584547285,-2.17618835630662
"14289948","2009-03-04",26.9624879181174,0.00854700854700838,0.0028490028490023,0.00682971303533669,31.1508187144729,24.1079016188604,27.6293601666666,0.0343600591233791,28.110001365789,27.5273404,26.1372835583308,-4.02079605404271,-2.54510989585384
"14289947","2009-03-05",29.2853975026698,0,0.0028490028490023,0.00189933523266841,31.2429802217325,23.491982444934,27.3674813333333,0.0177569682892507,25.301158326965,27.2833136,25.7482857505534,-4.56526908679598,-2.94914173404227
"14289946","2009-03-06",31.6849858122945,0,0.0028490028490023,0.00284900284900267,31.2192498179877,22.9050248486789,27.0621373333333,0.0397273130336326,23.3068216285234,27.0150704,25.3291916504796,-5.14908571289345,-3.3891305298125
"14289945","2009-03-09",33.9204093693825,0,-4.92661467177413e-16,0.00189933523266841,30.9574481999005,22.4148761334327,26.6861621666666,0.0444347670639657,23.2470155292471,26.7799852,24.963492763749,-5.57197574775595,-3.82569957340119
"14289944","2009-03-10",35.1847757165522,0.0574155633334932,0.0191385211111639,0.00732917465338894,30.5024055611352,22.1487041055313,26.3255548333333,0.123014837585879,26.8835116748759,26.5765672,24.6912603952491,-5.74591512848817,-4.20974268441859
"14289943","2009-03-11",36.0642155501872,0.161738756990412,0.0730514401079678,0.0307299870730441,30.0442787585463,21.9905545747869,26.0174166666666,0.198504698621739,32.3489646595481,26.3984836,24.5261123425492,-5.652514740786,-4.49829709569207
"14289942","2009-03-12",37.1292054629154,0.0856105245248262,0.101588281616243,0.064592747611792,29.6753299502769,21.774584049723,25.7249569999999,0.181349875270621,30.3756412769619,26.1823988,24.325858696876,-5.66003389991311,-4.73064445653628
"14289941","2009-03-13",37.186310158877,0.14571937599127,0.131022885835502,0.101887535853238,29.3251296590481,21.6385933409518,25.4818614999999,0.255392447843278,33.5092249251943,25.963706,24.1932868706259,-5.50561803248417,-4.88563917172586
"14289940","2009-03-16",35.7580851729776,0.300546212981994,0.177292037832696,0.136634401761481,28.7559420952685,21.7544999047314,25.2552209999999,0.390649529173473,40.8889661691464,25.7345816,24.1839499545424,-5.06266014055915,-4.92104336549252
"14289939","2009-03-17",34.4318762574995,0.324225220450621,0.256830269807961,0.18838173115872,28.3689645671645,21.7956174328354,25.0822909999999,0.409835736971097,41.950131170652,25.5002412,24.1920019606034,-4.61790458248637,-4.86041560889129
"14289938","2009-03-18",32.1392103957343,0.485781743336106,0.37018439225624,0.268102233298966,28.0358566484765,21.87693701819,24.9563968333333,0.518475074660906,44.1910887514383,25.3083728,24.232511032523,-4.13369211080807,-4.71507090927464
"14289937","2009-03-19",30.7506248088041,0.794979436624147,0.534995466803624,0.387336709622609,27.7435811600551,22.0236035066114,24.8835923333333,0.770356708894199,56.0371451045912,25.2051736,24.4849455615199,-3.17324110208044,-4.4067049478358
"14289936","2009-03-20",29.7982960694859,0.779693577215539,0.68681825239193,0.530666037150598,27.7020860951316,22.0430559048682,24.8725709999999,0.828981398591915,57.5348183883865,25.1373676,24.7372528199839,-2.30651533188801,-3.98666702464624
"14289935","2009-03-23",29.0881805687463,0.798165137614679,0.790946050484788,0.670919923226781,27.7819831471591,22.0072455195075,24.8946143333333,0.861044801415151,59.0912138466212,25.0494436,24.9906911106527,-1.52145338252156,-3.49362429622131
"14289934","2009-03-24",28.5375002477768,0.853309209780794,0.81038930820367,0.76271787036013,27.8910070438875,21.9547266227791,24.9228668333333,0.897714786451957,61.3778889865072,25.0289528,25.262496295899,-0.769560214392362,-2.94881147985552
"14289933","2009-03-25",27.5362320526924,0.779962854338686,0.810479067244719,0.803938141977726,27.8786561797263,21.9605574869403,24.9196068333333,0.843878432186474,57.9712627246814,24.9984028,25.4471434564458,-0.29579008245898,-2.41820720037621
"14289932","2009-03-26",26.6064830143998,0.781752914128988,0.805008326082822,0.808625567177071,27.8887827540948,21.956019245905,24.9224009999999,0.832091837238016,58.0324835941807,24.9600292,25.6084136622531,0.0794515040617672,-1.91867545948862
"14289931","2009-03-27",25.4897441503845,0.728489519074238,0.76340176251397,0.792963051947171,28.0056712673272,21.9214043993394,24.9635378333333,0.791547396778372,56.2682678332485,24.960402,25.7233438406193,0.313238923858661,-1.47229258281916
"14289930","2009-03-30",23.869630716885,0.556640391547506,0.688960941583576,0.752457010060123,28.0733454643723,21.9288628689609,25.0011041666666,0.657772844978686,49.3953629353088,24.9421468,25.7173913285367,0.247615021082881,-1.12831106203875
"14289929","2009-03-31",22.6831975451181,0.60742078145937,0.630850230693704,0.694404311597084,28.2113210433251,21.9849289566748,25.0981249999999,0.700449149785475,51.3527079792728,24.9250088,25.7445204847318,0.268267458932003,-0.848995357844601
"14289928","2009-04-01",21.6317486460354,0.678496260150939,0.614185811052604,0.644665661109962,28.3772978018784,22.0493188647881,25.2133083333333,0.727601105237296,54.7593336901787,24.907126,25.8264004201009,0.416403936942289,-0.595915498887223
"14289927","2009-04-02",20.9916511599608,0.730963125252063,0.672293388954123,0.639109810233477,28.5577972710235,22.2112640623096,25.3845306666666,0.763062149328146,57.9944960775636,24.923146,25.9569723640875,0.664435627614712,-0.343845273586836
"14289926","2009-04-03",19.8935763450723,0.616796857387618,0.675418747596873,0.653965982534534,28.6253950207344,22.4951143125988,25.5602546666666,0.69404527404779,54.4970920840153,24.9559312,26.0204600488758,0.736041783506991,-0.127867862168071
"14289925","2009-04-06",18.6466671419531,0.449153210641886,0.598971064427188,0.648894400326062,28.531316881668,22.9325687849985,25.7319428333333,0.588641929367857,50.481013942745,25.0025012,26.014632042359,0.643949404888766,0.0264955912432966
"14289924","2009-04-07",18.0177780060217,0,0.355316689343167,0.543235500455743,28.4071106931198,23.3231556402134,25.8651331666666,0.495083912739884,46.7692256014032,25.065464,25.9487291033778,0.424550013984715,0.10610647579158
"14289923","2009-04-08",16.8859572931288,0.282788147600566,0.243980452747483,0.399422735505947,28.3310071930308,23.6811631403024,26.0060851666666,0.586499997728756,52.109251347521,25.1522708,25.9773025562608,0.444962560551221,0.173877692743508
"14289922","2009-04-09",16.3084304275496,0.44262129172497,0.241803146441845,0.280366762844165,28.1528128925292,24.226018440804,26.1894156666666,0.674334988775892,54.8652675232419,25.2845296,26.050498215426,0.567000918827265,0.25250233796026
"14289921","2009-04-13",15.2919572313601,0.274590560674464,0.333333333333333,0.273038977507554,27.8938632416983,24.7656300916349,26.3297466666666,0.525110020970939,51.5092666848658,25.4261024,26.0630184533692,0.539086531453048,0.309819176658817
"14289920","2009-04-14",14.5782289234413,0.0863655884592113,0.267859146952881,0.280998542242686,27.7369651040497,25.0628595626168,26.3999123333333,0.310408006660697,47.8212714713477,25.5505376,26.01425999292,0.374250362885031,0.32270541390406
"14289919","2009-04-15",13.8049434956009,0.145455521502333,0.168803890212002,0.256665456832739,27.5040433059294,25.4621916940704,26.4831174999999,0.338673797472142,48.8886149455878,25.666404,25.9881466605307,0.277846086723565,0.313733548467961
"14289918","2009-04-16",13.5666496432091,0.499999999999999,0.243940369987181,0.226867802384021,27.3636294876733,25.7739831789932,26.5688063333333,0.635346879045929,54.8556188587842,25.790094,26.0623804391266,0.421761064706838,0.335339051715737
"14289917","2009-04-17",13.6194226150301,0.795454545454546,0.480303355652292,0.297682538617158,27.4597702889509,25.7622893777156,26.6110298333333,0.890853781590134,59.136907747596,25.955138,26.2074377139097,0.713594005554352,0.41099004248346
"14289916","2009-04-20",14.0823143659376,0.621618932733083,0.639024492729209,0.454422739456227,27.5436054291095,25.7374425708903,26.6405239999999,0.878507395880186,57.8640142343717,26.1026716,26.3157673520551,0.892882047319277,0.507368443450623
"14289915","2009-04-21",14.4278031603228,0.598454606127686,0.671842694771771,0.597056847717758,27.5719053167589,25.7287020165743,26.6503036666666,0.784745041389355,57.2948825234249,26.2163024,26.4022023717811,1.00527599049716,0.60694995285993
"14289914","2009-04-22",14.403464832847,0.505789008966435,0.575287515942401,0.628718234481127,27.5254182793691,25.7460047206308,26.6357114999999,0.700211186573556,54.9658234882603,26.3161484,26.4473073888769,1.01389559043381,0.688339080374706
"14289913","2009-04-23",14.3808649573337,0.583008958144201,0.562417524412774,0.603182578375649,27.5421178702902,25.7417237963763,26.6419208333333,0.742713066543689,56.5508679001867,26.4133864,26.5112357370267,1.0648638297782,0.763644030255404
"14289912","2009-04-24",14.6796771560372,0.590731782135943,0.559843249748859,0.565849430034678,27.580592952926,25.7318113804072,26.6562021666666,0.782373992197559,56.7149527239258,26.4461716,26.5691243054231,1.09782595146157,0.830480414496638
"14289911","2009-04-27",15.1813387838948,0.598454606127686,0.590731782135943,0.570997518765859,27.6420234262951,25.7219182403714,26.6819708333333,0.797271474596574,56.8902790788487,26.4696428,26.6217783980334,1.11635673531902,0.887655678661115
"14289910","2009-04-28",15.7830653900707,0.692943728922291,0.627376705728639,0.592650579204481,27.7197461662667,25.7953925003998,26.7575693333333,0.876717308357583,59.6201243053551,26.4942316,26.7059092782956,1.20402417256789,0.950929377442469
"14289909","2009-04-29",16.6558193982118,0.728624683690819,0.673341006246932,0.630483164703838,27.8616766981539,25.7937929685126,26.8277348333333,0.945757734564041,62.0417259644834,26.5139772,26.8148373745228,1.33855556040912,1.0284546140358
"14289908","2009-04-30",17.0972583997523,0.632139789564097,0.684569400725735,0.661762370900436,27.9706577774172,25.7860238892494,26.8783408333333,0.860400204475633,59.5230818368687,26.5419192,26.8856457245865,1.37517899232649,1.09779948969394
"14289907","2009-05-01",18.4825231263488,0.63903681141863,0.666600428224515,0.674836945065728,28.2073307152738,25.6781946180594,26.9427626666666,1.05344484421976,64.5765369541219,26.5925872,27.0240089613083,1.5580475940046,1.18984911055607
"14289906","2009-05-04",19.9199813479279,0.788359668133235,0.68651208970532,0.679227306218524,28.5539049752414,25.5408750247585,27.0473899999999,1.09573365111945,69.3605010776484,26.6775308,27.2333384331338,1.87806832063757,1.32749295257237
"14289905","2009-05-05",21.1924750159645,0.723334049101712,0.716910176217859,0.690007564715899,28.8123242738603,25.5389010594729,27.1756126666666,0.993998859122774,68.9427414125116,26.7930244,27.4110319753827,2.0954623827014,1.48108683859817
"14289904","2009-05-06",21.9488633441424,0.630825710668396,0.714173142634447,0.705865136185876,28.9518566146778,25.6800307186554,27.3159436666666,0.906750351524298,66.0848816622737,26.8913804,27.5401957119983,2.18526734589064,1.62192294005667
"14289903","2009-05-07",23.0661976700036,0.758279028593978,0.704146262788028,0.711743193880112,29.2042673248696,25.696794341797,27.4505308333333,0.970284211632536,69.6725852267465,26.9919716,27.7179562837319,2.37087256333495,1.77171286471232
"14289902","2009-05-08",24.9753113364472,0.664215866867361,0.684440202043245,0.700919869155241,29.574456335309,25.6081989980242,27.5913276666666,1.02911401224662,72.1837959805354,27.0903276,27.9241741125676,2.59782470766168,1.93693523330219
"14289901","2009-05-11",26.7833276498416,0.840192477168682,0.754229124210007,0.714271863013761,29.9816757238087,25.5778859428579,27.7797808333333,1.04443542628619,76.0485655941692,27.2319004,28.1972775642253,2.94199823886003,2.13794783441376
"14289900","2009-05-12",28.2395324543855,0.806614559571196,0.770340967869079,0.736336764707444,30.2356518719717,25.7452124613615,27.9904321666666,0.971115995538167,74.5802376801175,27.3880028,28.4215485556619,3.14575001030073,2.33950826959116
"14289899","2009-05-13",28.0318968643691,0.606137657958471,0.750981564899449,0.758517218992846,30.3227592347884,25.9896834318781,28.1562213333333,0.803081550627691,64.1724435055234,27.5333012,28.519051414907,3.06308284135324,2.48422318394357
"14289898","2009-05-14",27.5721866656642,0.565552074851994,0.659434764127219,0.72691909896525,30.4104805715224,26.1559237618108,28.2832021666666,0.744531815305718,62.3698727325361,27.6473044,28.5849258929194,2.92351441152947,2.57208142946075
"14289897","2009-05-15",26.0988317811414,0.349161173457454,0.506950302089305,0.639122210371992,30.4544818516935,26.2736754816397,28.3640786666666,0.626278988613688,55.2401169994127,27.722934,28.5625371071968,2.61455507987867,2.58057615954434
"14289896","2009-05-18",24.7307165312273,0.382185432915391,0.432299560408279,0.532894875541602,30.4985464498456,26.3969528834876,28.4477496666666,0.63405529446976,56.7380783997054,27.8205448,28.5654881595706,2.38959265380512,2.54237945839649
"14289895","2009-05-19",23.7912692679509,0.359194515746865,0.363513707373236,0.434254523290274,30.5184431282607,26.5617835384058,28.5401133333333,0.621897437905295,55.8435122248737,27.9330576,28.5581097382945,2.16537478938457,2.46697852459411
"14289894","2009-05-20",23.0161849682766,0.531468085186255,0.424282677949503,0.406698648577006,30.5650573701776,26.7756509631556,28.6703541666666,0.744479583473369,62.8586432482561,28.0738852,28.6622417731886,2.19587771558991,2.41275836279327
"14289893","2009-05-21",21.6511884943882,0.122360040227958,0.337674213720359,0.3751568663477,30.5056677484645,27.0085915848687,28.7571296666666,0.516379492654375,55.0302983190429,28.1580836,28.6605908700968,2.00239575930148,2.33068584209491
"14289892","2009-05-22",20.391219013058,0.126582163793025,0.260136763069079,0.340697884912981,30.4371305831272,27.253163750206,28.8451471666666,0.529351069981992,55.1117065218603,28.2184384,28.6604027540839,1.83061707047751,2.23067208777143
"14289891","2009-05-26",20.0538013527175,0.164554094825633,0.137832099615538,0.245214358801659,30.361268538458,27.5230671282085,28.9421678333333,0.588439401244373,55.8851864291001,28.287362,28.671415720206,1.69849809188909,2.12423728859496
"14289890","2009-05-27",19.7404849538299,0.347640968219079,0.212925742279245,0.203631534987954,30.3079526905792,27.7750819760873,29.0415173333333,0.668970066606522,59.7071062673812,28.3756588,28.7380869575119,1.69454001046991,2.03829783296995
"14289889","2009-05-28",19.7156185628965,0.399143845873825,0.303779636306178,0.218179159400321,30.2746216586947,27.9943830079718,29.1345023333333,0.708183326125202,60.664502168295,28.477368,28.810771363177,1.70252498802541,1.97114326398105
"14289888","2009-05-29",19.9893800961663,0.63089988341927,0.459228232504058,0.325311203696494,30.2367902059364,28.2675481273968,29.2521691666666,0.889414202393082,64.7261328000866,28.591744,28.9408245147534,1.82740122544671,1.94239485627418
"14289887","2009-06-01",21.7785573280787,0.565218107628687,0.531753945640593,0.43158727148361,30.5455532897695,28.224855376897,29.3852043333333,1.19720362612701,69.3905896791312,28.7329444,29.1454359127863,2.09146096756689,1.97220807853272
"14289886","2009-06-02",23.4399361862831,0.746802387843307,0.647640126297087,0.546207434813913,30.9453127790683,28.0827832209315,29.5140479999999,1.16555772716869,73.0700917060008,28.8998512,29.4109377910814,2.45023279528063,2.0678130218823
"14289885","2009-06-03",22.9441087935724,0.421994189654509,0.578004895042167,0.58579965565995,31.0377788167204,28.1526908499461,29.5952348333333,0.784629738430999,59.3312274306105,29.0078936,29.4833220856039,2.37961315728648,2.13017304896314
"14289884","2009-06-04",22.4836976431981,0.562658919539346,0.57715183234572,0.600932284561658,31.1461079195566,28.2486484137766,29.6973781666666,0.842454656577833,62.609987995583,29.1256224,29.6143578075234,2.434373127626,2.19101306469571
"14289883","2009-06-05",22.5837354314907,0.632546553045673,0.539066554079842,0.564741093822577,31.3295424074481,28.2601872592184,29.7948648333333,0.908850862606719,64.3543931570333,29.2619796,29.7664207665203,2.52515340614534,2.25784113298564
"14289882","2009-06-08",21.4065804427833,0.383203142612381,0.526136205065799,0.547451530497121,31.375539216413,28.2759731169202,29.8257561666666,0.655505798078949,55.7679378406319,29.3398448,29.7802313309842,2.32949422261663,2.27217175091184
"14289881","2009-06-09",20.1095221258555,0.311476035002185,0.442408576886746,0.502537112010796,31.3720701313135,28.275716535353,29.8238933333333,0.602123349352801,54.3699288493722,29.384552,29.771088486853,2.10729652994559,2.23919670671859
"14289880","2009-06-10",18.7212011119144,0.270492500579361,0.321723892731308,0.430089558227951,31.3525380681225,28.2669962652107,29.8097671666666,0.504426937268259,53.1049538278826,29.4247884,29.7445366886059,1.87186173388827,2.16572971215252
"14289879","2009-06-11",18.58162641258,0.430137574604145,0.337368703395229,0.367167057671095,31.4272124286362,28.297880904697,29.8625466666666,0.711719338437517,57.3120027504896,29.4944572,29.7947957967918,1.81331885586038,2.0952475408941
"14289878","2009-06-12",18.4520213346266,0.505617062600466,0.402082379261323,0.353724991795954,31.5136858732219,28.3473914601112,29.9305386666666,0.73777889917079,59.4374190511303,29.556302,29.8780923572196,1.82599276694546,2.04139658610437
"14289877","2009-06-15",17.4261113070838,0.206449534866001,0.380734724023537,0.373395268893363,31.502914524756,28.4811074752438,29.9920109999999,0.542842686912891,53.1975656235542,29.57642,29.8633520429236,1.64069062400372,1.96125539368424
"14289876","2009-06-16",16.4734805672226,0.22147522851162,0.311180608659362,0.364665903981407,31.4863014451682,28.6054522214983,30.0458768333333,0.510076831892101,54.2324692964142,29.5734396,29.8679637705338,1.51168388441745,1.87134109183088
"14289875","2009-06-17",15.5755501962452,0.127342330025252,0.18508903113429,0.292334787939063,31.4595672239119,28.7358831094213,30.0977251666666,0.485924028489224,54.1404222416906,29.5738124,29.870719267796,1.39089270685921,1.77525141483655
"14289874","2009-06-18",15.5704019093115,0.191009473870453,0.179942344135774,0.225403994643142,31.4842828298095,28.7900258368571,30.1371543333333,0.592127687639309,55.5229834877356,29.609578,29.8942180320898,1.3226497229901,1.68473107646726
"14289873","2009-06-19",15.8499582082109,0.471042519058338,0.26313144098468,0.209387605418248,31.4830593578947,29.0008146421052,30.2419369999999,0.769162153547339,60.8340634250248,29.677384,30.0027569611445,1.42999050055665,1.63378296128514
"14289872","2009-06-22",15.6541108811439,0.414414980824197,0.358822324584328,0.267298703234928,31.4213875512702,29.2301384487296,30.3257629999999,0.632051166462354,57.698912397761,29.7578572,30.0595680329919,1.4227350117566,1.59157337137943
"14289871","2009-06-23",14.5428819619303,0.103602536139013,0.329686678673848,0.317213481414286,31.3436179002889,29.398875099711,30.3712464999999,0.361986976759337,51.1673138861967,29.8059172,30.0231149619263,1.23008265471107,1.51927522804576
"14289870","2009-06-24",13.7498004740456,0.0180199350972815,0.17867915068683,0.289062717981669,31.308967718479,29.4655036148542,30.3872356666666,0.175634765281917,49.5055196674145,29.8498796,29.9679276336695,1.01807933213092,1.41903604886279
"14289869","2009-06-25",13.0791093244834,0,0.0405408237454305,0.182968884368703,31.283573008196,29.5179086584706,30.4007408333333,0.204684811651186,48.8756734160729,29.858076,29.9114052825136,0.822949546334018,1.29981874835704
"14289868","2009-06-26",12.6322939807644,0.41666620067215,0.14489537858981,0.12137178434069,31.2860505220429,29.5554818112903,30.4207661666666,0.499283761463942,55.7970914510616,29.9236468,29.9617685781784,0.859377027383434,1.21173040416232
"14289867","2009-06-29",13.0076362331536,0.51562106817127,0.310762422947806,0.165399541761016,31.2457237983731,29.5703498682934,30.4080368333333,0.703285861871564,57.2764333358131,29.9959232,30.0290114344213,0.92488668628723,1.1543616605873
"14289866","2009-06-30",13.0362870277313,0.406248427268507,0.446178565370642,0.300612122302753,31.0688278561787,29.6618674771545,30.3653476666666,0.642218409025493,55.0821883569321,30.0570232,30.0612099098318,0.91340115743237,1.10616955995631
"14289865","2009-07-01",13.3936466726735,0.722769382863035,0.54821295943427,0.435051315917573,31.1674915624372,29.6293334375626,30.3984124999999,0.941632639939912,60.3757934283839,30.1263192,30.1735619218542,1.0614670499278,1.09722905795061
"14289864","2009-07-02",12.930914750005,0.0544532616148361,0.394490357248792,0.462960627351235,31.1358791336265,29.6044411997067,30.3701601666666,0.339640796909067,48.224743955207,30.1408488,30.103281665607,0.832300503618821,1.04424334708425
"14289863","2009-07-06",12.7391008818964,0,0.259074214825956,0.400592510503006,31.0498849137819,29.560039086218,30.3049619999999,0.124691367620059,46.5795245479649,30.127064,30.0150507768594,0.588679800557501,0.953130637778902
"14289862","2009-07-07",12.3594285376349,0.0751200923438295,0.0431911179862209,0.23225189668699,31.0505350353372,29.5177866313293,30.2841608333333,0.243971353045423,47.9698117410421,30.0916708,29.9584546732781,0.430501744694611,0.848604859162044
"14289861","2009-07-08",12.4384958197998,0,0.0250400307812755,0.109101787864484,31.0805076659873,29.4316200006793,30.2560638333333,0.0888740547565973,44.9761197481165,30.0156688,29.8622140501744,0.207016708215213,0.720287228972678
"14289860","2009-07-09",12.5797723356733,0,0.0250400307812755,0.0310903931829242,31.1206076461764,29.3502280204902,30.2354178333333,0.0340484296712,44.5037983754589,29.9847464,29.7713535101511,0.0141190889950682,0.579053600977156
"14289859","2009-07-10",13.0305675101232,0,-9.85322934354826e-16,0.0166933538541835,31.1709001242909,29.154636875709,30.1627684999999,-0.0409355652180229,42.2730006266868,29.9229016,29.6578357087977,-0.20779643111799,0.421683594558127
"14289858","2009-07-13",12.8023461862688,0,-9.85322934354826e-16,0.00834667692709136,31.1510348202903,29.0248575130429,30.0879461666666,0.0762459868255141,42.1106098894473,29.848762,29.5569696142913,-0.385069664512261,0.260332942744049
"14289857","2009-07-14",12.2025219609692,0.25830196901866,0.0861006563395523,0.0287002187798503,31.1430537357296,28.9909255976036,30.0669896666666,0.330564766626399,49.431801326549,29.8360948,29.5564829990525,-0.343718919903824,0.139522570214475
"14289856","2009-07-15",11.916101496585,0.398522245552871,0.218941404857176,0.101680687065576,31.1471789413035,28.9939407253631,30.0705598333333,0.535179649936524,52.9131700852755,29.8439184,29.6032519325121,-0.21186245262943,0.0692455656456938
"14289855","2009-07-16",11.4743879868497,0.35424507745335,0.337023097341626,0.214021719512785,31.1484236548139,28.9951796785193,30.0718016666666,0.505768815240393,51.7027397434525,29.85286,29.6288836748439,-0.136366868667215,0.028123078783112
"14289854","2009-07-17",11.0642254420956,0.40221465076661,0.384993991257609,0.313652831152137,31.1252087535471,28.9907635797861,30.0579861666666,0.523928388492361,52.9582779536406,29.8446636,29.6672418515313,-0.0431228044011633,0.013873902146257
"14289853","2009-07-20",10.6833602219667,0.40221465076661,0.386224792995522,0.369413960531586,31.011428080702,29.0238229192979,30.0176254999999,0.542877982838331,52.9582779536406,29.8245456,29.7004856046605,0.0303326477159249,0.0171656512601906
"14289852","2009-07-21",11.10537226312,0.54981577592013,0.451415025817782,0.407544603356972,30.9963461363341,29.0295908636658,30.0129684999999,0.758807746481593,56.9517960343936,29.8454092,29.7789715240391,0.187347628843004,0.0512020467767533
"14289851","2009-07-22",11.6542539859851,0.758474325670689,0.570168250785809,0.469269356533038,31.0788384628771,29.0113655371228,30.0451019999999,0.838778156628674,59.7140999630739,29.8722336,29.8842486541672,0.382439578160709,0.117449553053545
"14289850","2009-07-23",11.7261853370645,0.661017874446684,0.6564359920125,0.559339756205364,31.1398554071677,29.0316909261655,30.0857731666666,0.745203906680458,56.7096787385105,29.8908616,29.9469261669449,0.473218218500282,0.188603286142892
"14289849","2009-07-24",12.2275928255441,0.726592784417172,0.715361661511514,0.647321968103274,31.2501391501954,29.0269658498045,30.1385524999999,0.858203069396361,60.266656025684,29.9173136,30.0484373446856,0.632627654950579,0.277408159904429
"14289848","2009-07-27",12.7211463635571,0.832714021720476,0.740108226861443,0.703968626795152,31.361541894229,28.9863494391042,30.1739456666666,0.901417717236437,62.8610989866795,29.9284904,30.1736696987275,0.823443670104274,0.386615261944398
"14289847","2009-07-28",12.4897774658765,0.706318574957992,0.755208460365212,0.736892782912723,31.3861352229797,28.9772794436868,30.1817073333333,0.799786592819063,58.2211063104479,29.9381768,30.2399804055639,0.879127607022712,0.485117730960061
"14289846","2009-07-29",11.8569085944734,0.624533520656803,0.721188705778422,0.738835131001693,31.4064874426505,28.9730712240161,30.1897793333333,0.720720152963179,55.3729726598607,29.9653736,30.2701283514887,0.858484308486629,0.559791046465375
"14289845","2009-07-30",12.1626778992004,0.776697949639163,0.702516681751318,0.726304615964985,31.4650253065824,28.9418543600841,30.2034398333333,0.954778342146253,61.9357638415638,30.0264732,30.3856712379568,1.00854229846621,0.649541296865541
"14289844","2009-07-31",12.4466065393041,0.757323510253587,0.71951832684985,0.714407904793197,31.6326641292319,28.9024385374346,30.2675513333333,0.917276385544672,62.8350404584188,30.0942792,30.4994697395626,1.14043312912306,0.747719663317046
"14289843","2009-08-03",12.3941692208507,0.630633070561494,0.721551510151414,0.714528839584194,31.7689878801426,28.9269367865239,30.3479623333333,0.853993518598473,60.728233919688,30.126692,30.5794671076209,1.19345822503678,0.836867375660993
"14289842","2009-08-04",14.8415337455034,0,0.462652193605026,0.634574010202097,32.0006051616329,28.5050035050336,30.2528043333333,-0.147737134385816,30.9381923441897,30.0030024,30.1520514932715,0.243839996826467,0.718261899894088
"14289841","2009-08-05",17.5338053449117,0,0.210211023520497,0.464804909092312,32.3805988285656,27.8595601714343,30.1200794999999,-0.207008516348636,27.7168563045916,29.8543508,29.6723392941686,-0.733431306428189,0.427923258629632
"14289840","2009-08-06",20.0337718300766,0.119299752494829,0.039766584164942,0.237543267096822,32.5780179473464,27.4491613859867,30.0135896666666,-0.0328438481309506,33.4805625052523,29.7056996,29.3410367216128,-1.3316214444717,0.0760143180093664
"14289839","2009-08-07",21.7431007684627,0.157894736842105,0.0923981631123103,0.114125256932583,32.6930922547652,27.181337078568,29.9372146666666,0.0659069406784901,35.2785596035287,29.61554,29.0812278253978,-1.73581568006275,-0.286351681605056
"14289838","2009-08-10",23.4394877720065,0.124562533669367,0.133919007668766,0.0886945849820063,32.8157669617921,26.8698990382077,29.8428329999999,0.0722245488762968,34.4134202045543,29.5264984,28.8324654486781,-2.0865419760522,-0.646389740494486
"14289837","2009-08-11",25.0563826304782,0.112281455194783,0.131579575235417,0.119298915338831,32.898336165564,26.5448555011025,29.7215958333333,0.115329618140833,34.081789446105,29.4288876,28.608178055521,-2.36036960136213,-0.989185712668015
"14289836","2009-08-12",26.2899000275149,0.124562533669367,0.120468840844505,0.12865580791623,32.9120616343175,26.2535733656823,29.5828174999999,0.167781322513319,34.7588588653819,29.348042,28.4224889814515,-2.53359727421576,-1.29806802497756
"14289835","2009-08-13",27.5461479191783,0.096491228070175,0.111111738978107,0.121053385019343,32.9093630461314,25.9752989538684,29.4423309999999,0.187364056948152,33.9017024376314,29.2634708,28.2416877839247,-2.6855960096639,-1.57557362191483
"14289834","2009-08-14",28.71266381858,0.122807017543859,0.114620259761133,0.115400279861248,32.8715498797759,25.7386591202239,29.3051044999999,0.227939966359194,35.5073249250243,29.1949196,28.1036214127347,-2.73716885360211,-1.80789266825229
"14289833","2009-08-17",30.1258643918112,0.0421060165982919,0.0871347540707742,0.104288917603338,32.8352458301658,25.4601498365007,29.1476978333333,0.202650491796949,32.8703573196119,29.109976,27.9268385577034,-2.87088364409085,-2.02049086342
"14289832","2009-08-18",31.7496228950091,0,0.0549710113807159,0.0855753417375411,32.7446349524945,25.1546050475053,28.9496199999999,0.185219070731716,30.3384358719525,28.9810704,27.7140174166763,-3.07482333399539,-2.23135735753508
"14289831","2009-08-19",33.2366819536505,0.0117848860643717,0.0179636342208867,0.0533564665574591,32.5745855512655,24.9108024487344,28.7426939999999,0.221325968550976,31.1711066816537,28.8406156,27.5382657611194,-3.18481930973593,-2.42204974797525
"14289830","2009-08-20",34.5731915618907,0.0555552543059116,0.0224467134567599,0.0317937863527877,32.3748455077815,24.7277368255516,28.5512911666666,0.267671080165445,34.3116719413638,28.7143176,27.4182356596369,-3.16711310765182,-2.57106241991056
"14289829","2009-08-21",34.498256842648,0.267741242804795,0.111693794391692,0.0507013806897797,32.0662287642132,24.6709342357866,28.3685814999999,0.352896347920751,39.9831797135146,28.6018044,27.3763029050186,-2.98262883482524,-2.6533757028935
"14289828","2009-08-24",34.0856543759283,0.447852033355729,0.257049510155477,0.130396672667977,31.6747004544908,24.6771732121757,28.1759368333333,0.371177326582533,39.2532176917619,28.4855656,27.3275425176828,-2.83165453818888,-2.68903146995257
"14289827","2009-08-25",33.7025235139744,0.650304970425114,0.455299415528545,0.274680906691905,31.280434924178,24.7268207424885,28.0036278333333,0.416693626112651,42.9544032690398,28.3667188,27.3262648486584,-2.59156270105828,-2.66953771617372
"14289826","2009-08-26",33.6043859508691,0.509201807427313,0.535786270402718,0.416045065362247,30.8706955849764,24.7891480816901,27.8299218333332,0.405096770240135,41.0759410894276,28.2281264,27.2965948688373,-2.43653977052156,-2.62293812704329
"14289825","2009-08-27",33.5132582137,0.537975414681879,0.565827397511434,0.518971027814233,30.2070429562929,25.0442267103736,27.6256348333332,0.43018316305857,41.3162942401744,28.098848,27.2733648863257,-2.28205518380699,-2.55476153839603
"14289824","2009-08-28",33.2861009938108,0.582280631417292,0.54315261784216,0.548255428585438,29.33361760073,25.5096990659365,27.4216583333332,0.475318947703905,42.2048163452944,27.9580204,27.2619255681489,-2.11605237400939,-2.4670197055187
"14289823","2009-08-31",33.075169289628,0.626579052874062,0.58227836632441,0.563752793892668,27.8575018289563,26.5862438377102,27.2218728333333,0.607332396418603,43.1319390039406,27.8086236,27.2607034923957,-1.94283542540693,-2.36218284949635
"14289822","2009-09-01",33.0338822910861,0.556961423203159,0.588607035831503,0.571346006666025,27.7193016085614,26.6555200581051,27.1874108333333,0.605211920579064,41.991882039488,27.667796,27.2459843600763,-1.81497849034107,-2.25274197766529
"14289821","2009-09-02",33.0677661209988,0.525315810574811,0.569618762217343,0.580168054791086,27.7203313250071,26.6842953416594,27.2023133333333,0.518728435735129,41.455482370622,27.533302,27.2270184453995,-1.70784294591069,-2.14376217131437
"14289820","2009-09-03",32.859301816955,0.62025264845985,0.567509960745939,0.575245252931595,27.7256981778438,26.6848268221561,27.2052624999999,0.629152207521929,43.7758253694475,27.377572,27.2292093193462,-1.56358777869592,-2.02772729279068
"14289819","2009-09-04",31.9133241650643,0.715189486344888,0.620252648459848,0.585793790474377,27.7202591971847,26.6871614694818,27.2037103333333,0.799919673642446,46.0773817134998,27.223332,27.2497360767667,-1.39182001564339,-1.90054583736122
"14289818","2009-09-08",31.4789027736051,0.536422522592987,0.62395488579924,0.603905831668343,27.721653755354,26.6873189113125,27.2044863333333,0.606706579565822,42.9236239208702,27.0653664,27.2364792665311,-1.30949174281826,-1.78233501845263
"14289817","2009-09-09",31.2791358892047,0.343998282155895,0.531870097031255,0.592025877096782,27.7139971329535,26.679762533713,27.1968798333333,0.430953931162533,41.4568260038412,27.051954,27.210087364327,-1.26288423930451,-1.678444862623
"14289816","2009-09-10",31.2304300205815,0,0.293473601582959,0.483099528137819,27.6953589823738,26.6685956842927,27.1819773333333,0.393564563318374,40.464125910605,27.0683468,27.1772797157501,-1.23398160205458,-1.58955221050932
"14289815","2009-09-11",31.0522269195546,0,0.114666094051964,0.313336597555393,27.6854678703255,26.6576861296743,27.1715769999999,0.397750340197064,40.0765923464,27.0582876,27.1451210869834,-1.20566722430729,-1.51277521326891
"14289814","2009-09-14",30.6128708564135,0,-1.25825276124184e-15,0.136046565211641,27.6647791741166,26.6498121592166,27.1572956666666,0.422763664057616,39.8028609673722,27.0392872,27.1147662753856,-1.17539832490454,-1.44529983559604
"14289813","2009-09-15",28.9718034489318,0.304344781710605,0.1014482605702,0.072038118207388,27.6855549010473,26.6712597656193,27.1784073333333,0.695744472917108,45.4225208722444,27.0377968,27.1232307720009,-1.06168719340242,-1.36857730715732
"14289812","2009-09-16",28.1375045311014,0.404624779683738,0.236323187131446,0.112590482567215,27.7588624720733,26.7308318612599,27.2448471666666,1.12680315795614,52.5745193976258,27.054562,27.1827253357341,-0.845584930510501,-1.26397883182795
"14289811","2009-09-17",27.8162745803804,0.779997852694868,0.496322471363069,0.278031306354906,28.0220290401875,26.6576702931457,27.3398496666666,1.35549127202126,63.2065061876883,27.1007592,27.3410872909695,-0.43273345221666,-1.09772975590569
"14289810","2009-09-18",27.5179896261394,0.814998926347435,0.666540519575346,0.466395392689954,28.240922612705,26.6157423872948,27.4283324999999,1.18667512432457,63.9156292134655,27.1555256,27.4870276521736,-0.086915009817834,-0.895566806688122
"14289809","2009-09-21",26.1443996139627,0.6,0.7316655930141,0.631509527984172,28.3471151124967,26.6002062208364,27.4736606666666,0.908498311926949,56.6882149562348,27.1886836,27.5601092985504,0.0680663425428607,-0.702840176841926
"14289808","2009-09-22",25.6097220606808,0.709525854576317,0.708174926974583,0.70212701318801,28.5086177613192,26.5607172386806,27.5346674999999,0.992820768913328,59.9754108651166,27.2497836,27.6594613920771,0.266228665573309,-0.509026408358879
"14289807","2009-09-23",25.4390390402054,0.721737263212929,0.677087705929747,0.70564274197281,28.6844779768868,26.505318023113,27.5948979999999,0.989813516511994,61.8053203522429,27.3350996,27.7666772064668,0.463228459753573,-0.314575434736388
"14289806","2009-09-24",24.9976248687402,0.673913043478261,0.701725387089168,0.695662673331166,28.8010461767711,26.5126261565621,27.6568361666666,0.864745323248747,59.8970427988424,27.4137096,27.8459375789379,0.582214415923543,-0.135217464604402
"14289805","2009-09-25",23.9434284940307,0.560871432439246,0.652173913043477,0.676995668687464,28.8597012783041,26.5499053883625,27.7048033333333,0.725008337575033,55.5325067336096,27.4729468,27.8823419017462,0.599226646842466,0.0116713576849715
"14289804","2009-09-28",23.5980978696835,0.647827954178376,0.627537476698626,0.660478925610424,28.9469668989772,26.575649434356,27.7613081666666,0.79353661430199,58.0639529289093,27.5210072,27.93872964818,0.658749797544056,0.141087045656788
"14289803","2009-09-29",23.277433718504,0.656519871908581,0.621739752842066,0.633817047528057,29.0223422130974,26.6092477869024,27.8157949999999,0.762012816325512,58.3193749908821,27.573538,27.9900816950893,0.702926519864655,0.253454940498362
"14289802","2009-09-30",22.4080035662968,0.560871432439246,0.621739752842066,0.62367232746092,29.0616933612459,26.6667626387539,27.8642279999999,0.668591654673536,54.3932603897349,27.6055784,28.0072668024108,0.671061714902965,0.336976295379282
"14289801","2009-10-01",21.0768242467296,0.356522672741362,0.524637992363062,0.589372499349065,29.0583703463914,26.7371466536084,27.8977584999999,0.497659926809232,47.0981370197897,27.6286772,27.9637925620893,0.513804261574635,0.372341888618353
"14289800","2009-10-02",20.9243208731965,0,0.305798035060201,0.484058593421777,29.0610230200988,26.729215979901,27.8951194999999,0.239169598435126,39.6629510489435,27.6283044,27.8503602204774,0.222214813114641,0.342316473517611
"14289799","2009-10-05",21.2151132564086,0,0.118840890913786,0.316425639445683,29.0801194971691,26.6694485028308,27.8747839999999,0.181442496658881,36.6970423199926,27.6145196,27.7160388577471,-0.0872919407388983,0.256394790666309
"14289798","2009-10-06",20.9937658481848,0.235292525476716,0.0784308418255706,0.167689922599853,29.0745325928264,26.6955260738401,27.8850293333333,0.346462799876833,45.2163576080175,27.6189904,27.6691710100475,-0.179368054252738,0.169242221682499
"14289797","2009-10-07",20.7644686437785,0.281513761260957,0.172268762245889,0.123180164995082,29.0548891209092,26.761740212424,27.9083146666666,0.361701959769626,46.7329111802426,27.6316576,27.6422135420412,-0.220032365248812,0.0913873042962371
"14289796","2009-10-08",20.4259553810406,0.264705218948632,0.260503835228767,0.170401146433409,29.0263398856004,26.8412061143995,27.9337729999999,0.33895127857251,46.2317009723767,27.6446972,27.6138824031023,-0.260209631789388,0.0210679170791122
"14289795","2009-10-09",19.8534499797327,0.294117912420548,0.280112297543377,0.237628298339345,28.990484805406,26.9360498612605,27.9632673333333,0.350618779205211,47.2968805269253,27.6547564,27.5980220826887,-0.269929249759959,-0.0371315162887021
"14289794","2009-10-12",18.7609868295106,0.457980899793841,0.338934677054339,0.293183603275495,28.9564371163916,27.0685152169416,28.0124761666666,0.526803986620496,52.8956005482675,27.6737568,27.6327084716635,-0.16950082326519,-0.0636053776839996
"14289793","2009-10-13",17.7465567614472,0.548543790522652,0.433547534245679,0.350864836281132,28.9454648974799,27.14965310252,28.0475589999999,0.517288931253188,53.441963138255,27.7035616,27.6677380087751,-0.078211828368524,-0.0665266678209045
"14289792","2009-10-14",16.9370716534534,0.679613067317113,0.562045919211201,0.444842710170407,28.9659287724487,27.1667558942178,28.0663423333333,0.610353115998843,57.0619507028814,27.7478964,27.7316276076051,0.066498826937722,-0.0399215688691792
"14289791","2009-10-15",16.5177994123742,0.669903266829279,0.632686708223013,0.542760053893298,28.9395754386861,27.1723082279805,28.0559418333333,0.637554090213859,56.7101736690108,27.7944664,27.7845145932577,0.173492446939005,0.00276123429245773
"14289790","2009-10-16",16.5120187449248,0.691942500954078,0.680486278366822,0.625072968600346,28.9191432916484,27.1787693750181,28.0489563333333,0.704345167783624,57.8299000004774,27.8451344,27.84028464749,0.276483956502616,0.0575057787344893
"14289789","2009-10-19",16.8134535281235,0.747786181210095,0.703210649664483,0.67212787875144,28.9699328482515,27.1686504850817,28.0692916666666,0.79128414885312,60.9567173125513,27.9051164,27.917181361158,0.414993848871004,0.129003392761792
"14289788","2009-10-20",17.0616634160888,0.743363294314381,0.72769732549285,0.703798084508052,28.9726583372732,27.1677876627266,28.0702229999999,0.745467448858276,60.7459082600664,27.9542944,27.982583846337,0.51568844527341,0.206340403264116
"14289787","2009-10-21",18.0196922421087,0.79916353704336,0.763437670855944,0.731448548671092,28.9934616796262,27.157850653707,28.0756561666666,0.878776961376429,63.8443207034459,27.9963936,28.0678286668254,0.649218842861221,0.294916091183537
"14289786","2009-10-22",17.9180634724936,0.665271064311513,0.73593263188975,0.742355876079515,28.9952229955596,27.1573310044403,28.0762769999999,0.732693942516689,57.0921350616191,27.9945308,28.1019675112486,0.661417174504897,0.368216307847809
"14289785","2009-10-23",18.240177590192,0.590163453527803,0.684866018294224,0.728078773679973,29.0403383788022,27.1497816211976,28.0950599999999,0.767184079311502,57.8423747546147,27.9919228,28.1377638430822,0.676517698354484,0.429876585949144
"14289784","2009-10-26",17.0771273139939,0.255682442077522,0.503705653305612,0.641501434496529,29.0129159066263,27.149572426707,28.0812441666666,0.553568134060669,47.7683550806973,27.9844716,28.0992433306712,0.53274393950602,0.450450056660519
"14289783","2009-10-27",16.009716191021,0.181819845540061,0.342555247048461,0.510375639549432,28.9726486217776,27.1333353782223,28.0529919999999,0.407585797437069,45.7752791393324,27.9613728,28.0497148865817,0.379562732459404,0.436272591820296
"14289782","2009-10-28",15.8748904455235,0,0.145834095872526,0.330698332075533,28.9566515859258,27.0766827474074,28.0166671666666,0.247245544572744,39.9723967894393,27.9162932,27.9546315683708,0.143573315554923,0.377732736567222
"14289781","2009-10-29",16.0432168160884,0,0.060606615180019,0.182998652700336,28.9641082780676,27.0273130552656,27.9957106666666,0.230217219740956,37.9963546794411,27.8693508,27.852356692588,-0.0861998917866313,0.284946210896451
"14289780","2009-10-30",15.9873637972452,0.123762902488546,0.0412543008295139,0.0825650039606867,28.9410808996971,27.0869761003027,28.0140284999999,0.305427125738642,42.7581025204114,27.8414088,27.7947651335763,-0.199016474060798,0.188153673905001
"14289779","2009-11-02",16.6566382660006,0,0.0412543008295139,0.0477050722796825,28.9223673104112,27.1196606895887,28.0210139999999,0.0703919182479513,37.7612127410362,27.7911132,27.6951777824328,-0.392674233232848,0.0719880924774314
"14289778","2009-11-03",17.2781074155591,0.0552957998743279,0.0596862341209566,0.0473982785933283,28.9437878569102,27.0730921430897,28.0084399999999,0.104341496482628,40.0254563437404,27.7445432,27.6237700781084,-0.508323796453825,-0.0440742853088198
"14289777","2009-11-04",16.604480415963,0.105990213395477,0.0537620044232672,0.0515675131245794,28.949186493176,27.0568268401572,28.0030066666666,0.224948338527354,42.1049430804894,27.7102676,27.5755447343606,-0.563853687563254,-0.148030165759707
"14289776","2009-11-05",15.6260898121028,0.294929074329707,0.152071695866503,0.0885066448035757,28.945297675441,27.0808956578922,28.0130966666666,0.376938200824163,49.1777094188624,27.7087772,27.5846654364459,-0.490490316558001,-0.216522195919366
"14289775","2009-11-06",14.7175842513755,0.294929074329707,0.231949454018296,0.145927718102689,28.9435644873433,27.0941158459899,28.0188401666666,0.366123974574341,49.1777094188624,27.7300132,27.5925700449198,-0.427416566164673,-0.258701069968427
"14289774","2009-11-09",14.121863147535,0.36866505370758,0.31950773412233,0.234509628002376,28.9384214571794,27.0887035428205,28.0135624999999,0.469705741130422,51.8406180025744,27.7680144,27.6192913722638,-0.330044380330685,-0.272969732040879
"14289773","2009-11-10",14.5405183456224,0.513887922378742,0.392494016805342,0.314650401648656,28.9578381245171,27.0916402088161,28.0247391666666,0.64864491649011,56.5866258947586,27.7967016,27.6809471892953,-0.166743389560742,-0.251724463544851
"14289772","2009-11-11",15.0191103303236,0.643516815619688,0.508689930568669,0.406897227165447,28.985914855933,27.0862271440669,28.0360709999999,0.739751160408351,60.3841475826091,27.831722,27.7691542307226,0.0378149073539946,-0.193816589365082
"14289771","2009-11-12",14.4534459303363,0.518135291499778,0.558513343166068,0.48656576351336,28.9756338413039,27.085642158696,28.0306379999999,0.58451818499344,53.3801793619556,27.8537032,27.7971683332929,0.0930240819966066,-0.136448455092744
"14289770","2009-11-13",13.5981162037487,0.459892863909605,0.540514990343022,0.53590608802592,28.9410104918075,27.0823888415258,28.0116996666666,0.507600793845217,51.0892113093944,27.8678604,27.8040605555205,0.097776532292726,-0.0896034576156503
"14289769","2009-11-16",13.5288198063371,0.679142911276849,0.552390355562076,0.550472896357055,28.9091277961236,27.093780870543,28.0014543333333,0.71352153751148,56.9201186016083,27.8827628,27.8609498147845,0.209778192620513,-0.0297271275684176
"14289768","2009-11-17",13.4644731515979,0.759357183457635,0.632797652881362,0.57523433292882,28.9017599453251,27.0964913880081,27.9991256666666,0.758998030018837,58.8528345408453,27.9017632,27.9288818394799,0.334798763910582,0.0431780507273823
"14289767","2009-11-18",12.5162895155376,0.566845226817322,0.668448440517267,0.617878816320235,28.8064898122857,27.1337045210476,27.9700971666666,0.631682271371285,52.7377070360658,27.8972924,27.9430495942159,0.333016309834822,0.10114570254887
"14289766","2009-11-19",12.51695142711,0.331547731826767,0.552583380700573,0.617943158033067,28.7367772097292,27.1313887902707,27.934083,0.406301180339466,46.3927006207701,27.877174,27.9006856483204,0.21079909143773,0.123076380326642
"14289765","2009-11-20",12.0919689485945,0.337145311205865,0.411846089949983,0.544292637055941,28.6410790696064,27.1566112637268,27.8988451666666,0.497699399978165,47.7767938799143,27.8574284,27.8751475618777,0.13653041988515,0.125767188238344
"14289764","2009-11-23",11.7273604953846,0.621954971881975,0.430216004971534,0.464881825207364,28.6698372099725,27.1471021233608,27.9084696666666,0.805424323260494,55.2433106288849,27.8492324,27.9200758869607,0.220600063136511,0.144733763217977
"14289763","2009-11-24",11.5809123669195,0.696001717844105,0.551700666977314,0.464587587299611,28.7533547328891,27.1306449337775,27.9419998333333,0.87691079062209,58.109822641675,27.85035,27.9888177686993,0.347513023044654,0.185289615183313
"14289762","2009-11-25",11.876152572015,0.702701526318844,0.67355273868164,0.551823136876829,28.8596213941038,27.1432872725627,28.0014543333333,0.924819575735458,60.061153168073,27.8492324,28.069506066206,0.487614938909875,0.245754679928625
"14289761","2009-11-27",11.031974756707,0.364865649120772,0.587856297761239,0.604369901140064,28.8768084889281,27.2108575110718,28.043833,0.66623358290914,52.3389081255858,27.8414088,28.0773425907119,0.459266408943226,0.288457025731545
"14289760","2009-11-30",10.2480953567782,0.459462596483083,0.509009923974232,0.59013965347237,28.9025494221283,27.2555922445382,28.0790708333333,0.669376494500942,54.117802489459,27.8369384,28.1015209119503,0.468820368568323,0.324529694298901
"14289759","2009-12-01",10.683017412646,0.648147289030865,0.490825178211572,0.529230466649014,28.9395357618446,27.371975904822,28.1557558333333,0.898390422244883,58.5235785448951,27.8671156,28.1684234570236,0.568509849788268,0.373325725396774
"14289758","2009-12-02",11.8274870907378,0.726416384326715,0.611342089946886,0.53705906404423,29.0623708433032,27.44628749003,28.2543291666666,1.10975866828746,63.5196650863319,27.9203916,28.2872576627538,0.768488633903153,0.45235830709805
"14289757","2009-12-03",13.1302194074131,0.765220192137128,0.713261288498235,0.605142852218898,29.2311737856959,27.4724575476374,28.3518156666666,1.1143255574453,65.5274352075755,27.9975116,28.4175686410533,0.972798784484019,0.556446402575244
"14289756","2009-12-04",13.6772872428496,0.582679561747599,0.691438712737146,0.672014030394089,29.3658732801454,27.4926813865212,28.4292773333333,0.982393716882761,60.9311496067726,28.0701608,28.4957328222462,1.04762769242241,0.654682660544678
"14289755","2009-12-07",14.1852788043265,0.716535066955228,0.688144940279984,0.697614980505122,29.5070129425196,27.5229190574803,28.5149659999999,0.98891369202898,64.2136301062222,28.1461628,28.60569777928,1.18202035816815,0.760150200069372
"14289754","2009-12-08",13.5854952341109,0.527559853915867,0.608924827539563,0.662836160185564,29.5464902480511,27.5880687519487,28.5672794999999,0.722892348524295,56.9401327213895,28.2191844,28.6413914087094,1.14867214945178,0.837854589945853
"14289753","2009-12-09",13.0285533474821,0.53149516434465,0.59186336173858,0.629644376519376,29.5912906724462,27.613433660887,28.6023621666666,0.702962683510816,57.049238002941,28.288108,28.6735672208814,1.11190028215313,0.892663728387309
"14289752","2009-12-10",13.3586132468467,0.665305245997904,0.574786754752806,0.591858314676983,29.6906218793075,27.6032064540257,28.6469141666666,0.852421064708486,60.9895410761127,28.366718,28.7474022580972,1.16587828911359,0.947306640532565
"14289751","2009-12-11",14.6245492070826,0.704641617816275,0.633814009386275,0.600154708625888,29.8869805759711,27.5779147573621,28.7324476666666,1.00609168027269,65.5031003014199,28.4483088,28.8722446236843,1.32042186641899,1.02192968570985
"14289750","2009-12-14",16.0946168513995,0.774807705704698,0.714918189839624,0.641172984659569,30.1131742419496,27.5693580913836,28.8412661666666,1.03499562053542,68.3961762449394,28.5433116,29.025148007193,1.51723181443748,1.12099011145538
"14289749","2009-12-15",17.0771812483688,0.713740692628276,0.731063338716415,0.693265179314105,30.2636626427048,27.5765870239617,28.9201248333333,0.889314871789643,65.7567133842424,28.6263924,29.1377949395673,1.61158207954903,1.21910850507411
"14289748","2009-12-16",18.3720534854563,0.820610014465613,0.769719470932861,0.738566999829634,30.4505321539529,27.566683846047,29.0086079999999,0.925730436872945,68.0783792938252,28.7083556,29.2701942809583,1.73700779295487,1.32268836265026
"14289747","2009-12-17",18.9965684453228,0.713706831986217,0.749352513026701,0.750045107558659,30.5541375625908,27.645632437409,29.0998849999999,0.814948158558306,64.068616992518,28.7709456,29.3551350434972,1.75343892678994,1.4088384754782
"14289746","2009-12-18",19.9404959419244,0.748816950428951,0.761044598960259,0.760038860973274,30.6206442151159,27.822221784884,29.2214329999999,0.854909605237041,65.7003819514539,28.8547716,29.4511050376976,1.79098035039982,1.48526685046252
"14289745","2009-12-21",21.06413635437,0.78350452704049,0.748676103151885,0.753024405046282,30.700231741459,27.9950439252075,29.3476378333333,0.896234533844184,67.7176519129111,28.9523824,29.5628416993379,1.85684398991335,1.55958227835269
"14289744","2009-12-22",21.1046721697969,0.567009054080977,0.699776843850138,0.736499181987428,30.7466073802717,28.1212876197282,29.4339474999999,0.753605615338676,60.6973341869823,29.0190708,29.6075214727595,1.7810993756268,1.60388569780751
"14289743","2009-12-23",21.1423125698363,0.577319416465588,0.642610999195684,0.697021315399236,30.7768615711586,28.2366427621746,29.5067521666666,0.697997838436044,60.9052002849726,29.080916,29.6487279430583,1.70622348581158,1.62435325540832
"14289742","2009-12-24",21.7643056310195,0.695874748190292,0.613401072912285,0.651929638652703,30.8444575253916,28.3239694746082,29.5842134999999,0.775978230929212,63.3082456822447,29.164742,29.7130028839838,1.68535195427864,1.63655299518239
"14289741","2009-12-28",22.5022042841172,0.912819411638392,0.72867119209809,0.661561088068686,30.8880398469897,28.5067171530102,29.6973784999999,0.872352517465118,67.3490348809653,29.2809808,29.822107832786,1.75640406240258,1.66052320862643
"14289740","2009-12-29",23.2424820621055,0.929291067032501,0.845995075620394,0.729355780210256,30.8998317665664,28.7231182334334,29.8114749999999,0.880611253642681,67.967504331648,29.3964744,29.9253587884145,1.80835553929477,1.69008967476009
"14289739","2009-12-30",23.4609819957603,0.807450185387714,0.883186888019535,0.819284385246006,30.9211830884686,28.8768702448646,29.8990266666666,0.80927914742186,64.7593698024472,29.485516,29.9937309499593,1.78547178729105,1.70916609726629
"14289738","2009-12-31",22.7275612451896,0.372876575224058,0.70320594254809,0.81079596872934,30.9442286899369,28.9621773100629,29.9532029999999,0.686712448740999,58.3085085391798,29.5518316,30.0070374899647,1.65531393545468,1.69839566490397
"14289737","2010-01-04",22.0465276910881,0.255102599778695,0.478476453463488,0.688289761343704,30.9622388698566,29.0251991301433,29.9937189999999,0.628464581752419,58.4291133115933,29.6121864,30.0198124913027,1.53691822335027,1.66610017659323
"14289736","2010-01-05",21.1151930389672,0,0.209326391667583,0.463669595893054,30.9426737114485,29.0835726218847,30.0131231666666,0.342856043902131,47.3686289857364,29.6632272,29.937744159129,1.24091898717,1.58106393870858
"14289735","2010-01-06",20.2503822905692,0.263509543189189,0.172870714322627,0.286891186484566,30.932715013573,29.1307873197602,30.0317511666666,0.40333990614719,52.4130735919164,29.7235816,29.9150502712452,1.09162440749138,1.48317603246514
"14289734","2010-01-07",20.1030936395633,0.0135149840040057,0.0923415090643969,0.158179538351536,30.8589383954762,29.2626212711903,30.0607798333333,0.201556898635433,47.738359474907,29.7563672,29.8494342350791,0.870230149877926,1.3605868559477
"14289733","2010-01-08",20.366007190721,0,0.0923415090643969,0.119184577483807,30.7987685308057,29.3547698025275,30.0767691666666,-0.0215996052605318,44.8289361837038,29.7615832,29.7615203370686,0.624345185676001,1.21333852189336
"14289732","2010-01-11",19.4947338366989,0.315786499569911,0.109767161191304,0.0981500597733664,30.7593940544354,29.4369886122311,30.0981913333333,0.282831605571826,51.6791929951927,29.7787208,29.7523882921261,0.559358493128292,1.08254251614035
"14289731","2010-01-12",18.7576321815031,0.292398395167924,0.202728298245944,0.134945656167215,30.7627370792565,29.4212269207434,30.0919819999999,0.265099057953308,51.1724152228007,29.8048,29.7395071865093,0.492080453807686,0.964450103673813
"14289730","2010-01-13",17.8177942736521,0.473682888697739,0.360622594478524,0.224372684638591,30.7577361544454,29.4193975122211,30.0885668333333,0.533867736139438,54.8668483786955,29.8297616,29.7668408949747,0.511222814535439,0.873804645846139
"14289729","2010-01-14",16.9450876449333,0.526317111302263,0.430799465055974,0.331383452593481,30.7634198832553,29.4295477834112,30.0964838333333,0.521066112713016,55.9099236746838,29.8759592,29.8017074423114,0.542756328864336,0.807594982449778
"14289728","2010-01-15",16.6603921144053,0.105262166523304,0.368420722174434,0.386614260569645,30.7621730901601,29.3668385765064,30.0645058333333,0.164800211879995,46.626502022818,29.89496,29.7425104500032,0.381525475094358,0.722381080978694
"14289727","2010-01-19",16.396031978915,0.210524333046607,0.280701203624057,0.359973796951489,30.7647891981886,29.331313468478,30.0480513333333,0.248005499839984,48.9103657478889,29.906882,29.7135597233361,0.2957652410293,0.637057912988815
"14289726","2010-01-20",16.6669919668638,0.0233881044019867,0.113058201323965,0.254060042374152,30.7675690332717,29.2518479667281,30.0097084999999,0.12925555429004,45.2068119861906,29.8886264,29.648729093558,0.144996371297279,0.538645604650508
"14289725","2010-01-21",17.4398417001654,0,0.0779708124828633,0.157243405810295,30.7606436546676,29.1358283453322,29.9482359999999,0.033387377028482,41.4081337306401,29.8435468,29.5478358810836,-0.0655160861558923,0.417813266489228
"14289724","2010-01-22",18.8666757773511,0,0.00779603480066105,0.0662750162024967,30.8638910705444,28.8863512627888,29.8751211666666,-0.125865782901534,36.1392193045386,29.7828196,29.3883670969391,-0.376913015710778,0.258868010049227
"14289723","2010-01-25",20.4283817501715,0,-1.18076844598155e-15,0.0285889490945081,30.9823330231137,28.6008783102195,29.7916056666666,-0.109797725232277,34.3535840248052,29.7034644,29.2228394840139,-0.674150638009174,0.0722642804375465
"14289722","2010-01-26",21.8785372963618,0.0590552678854489,0.0196850892951485,0.00916037469860314,31.0051707889525,28.3933132110474,29.6992419999999,0.0150187319877136,36.6518329588414,29.6386392,29.0980102194787,-0.862730389470823,-0.114734653544127
"14289721","2010-01-27",23.8839137004197,0,0.0196850892951485,0.0131233928634323,31.0167462082125,28.1165991251207,29.5666726666666,-0.0634160221940405,31.4367081242757,29.5425184,28.9078608568815,-1.17148257100079,-0.32608423703546
"14289720","2010-01-28",25.9105655356412,0,0.0196850892951485,0.0196850892951488,30.9938246098672,27.8464400567993,29.4201323333333,-0.0436203630298273,30.1085955375112,29.4307504,28.719470075964,-1.45182359570102,-0.551232108768572
"14289719","2010-01-29",27.8706874071495,0,-1.17961196366423e-15,0.0131233928634323,30.947746176662,27.6000588233378,29.2739024999999,0.00198181887830971,29.4733575197385,29.3312768,28.5450207325021,-1.68101859149592,-0.777189405314042
"14289718","2010-02-01",29.7536160392516,0,-1.17961196366423e-15,0.00656169643171573,30.9088789128117,27.3517444205215,29.1303116666666,0.0280325581432436,28.9615570221959,29.22845,28.3851379681685,-1.86216850691282,-0.994185225633797
"14289717","2010-02-02",31.5941918069076,0,-1.17961196366423e-15,-8.16476516026417e-16,30.842172497355,27.1334418359782,28.9878071666666,0.0698428081390041,28.2079990089408,29.1133288,28.2341542390794,-2.01135504341946,-1.19761918919093
"14289716","2010-02-03",33.3032978768738,0,-1.17961196366423e-15,-8.16476516026417e-16,30.8216518221679,26.9167655111653,28.8692086666666,0.110692379003067,28.2079990089408,28.9821876,28.1033016738688,-2.10728024553032,-1.37955140045881
"14289715","2010-02-04",35.4399764487816,0,-1.17961196366423e-15,-8.16476516026417e-16,30.7990131069373,26.6413565597293,28.7201848333333,0.0567010376143382,23.6421043718243,28.8245948,27.9104174506863,-2.33057955566606,-1.56975703150026
"14289714","2010-02-05",37.6155060836151,0,-1.17961196366423e-15,-8.16476516026417e-16,30.7967386870812,26.3502399795854,28.5734893333333,0.0675182970161507,22.0225431339985,28.6632764,27.7097204572615,-2.55476962537949,-1.7667595502761
"14289713","2010-02-08",39.6356407445318,0.0882346186528258,0.0294115395509407,0.00980384651697982,30.7671231273124,26.1308608726874,28.4489919999999,0.151581688448456,28.4719014063477,28.5280372,27.5767643962933,-2.61567631318834,-1.93654290285855
"14289712","2010-02-09",40.4020163330771,0.115703139326467,0.0679792526597631,0.0324635974035679,30.6205771055016,25.9955035611649,28.3080403333333,0.215449497746594,30.1683341279582,28.3957784,27.4727131434542,-2.6109891403267,-2.07143215035218
"14289711","2010-02-10",41.2984720794156,0.0797357598153743,0.0945578392648878,0.0639828771585309,30.4602126647931,25.8544050018734,28.1573088333333,0.197104409164816,28.7022314166007,28.2847556,27.3601820576603,-2.62776491207314,-2.18269870269637
"14289710","2010-02-11",41.0834396263283,0.160642293214441,0.118693730785426,0.0937436075700261,30.1680740247486,25.8298676419179,27.9989708333333,0.262151126768976,31.8715595070735,28.165164,27.2825244499722,-2.5686978760771,-2.25989853737252
"14289709","2010-02-12",40.8837666341759,0.172689602835472,0.137689218621761,0.116980262890692,29.8202409276961,25.860403405637,27.8403221666666,0.27556852731562,32.4776055539225,28.0604744,27.2189465233093,-2.4857286860458,-2.30506456710717
"14289708","2010-02-16",39.1693472359044,0.445453569406757,0.259595155152222,0.171992701519804,29.5464426748795,25.921220991787,27.7338318333333,0.426391122163791,42.5656322785079,27.9855896,27.2321483202014,-2.24248367200989,-2.29254838808772
"14289707","2010-02-17",37.2205310988399,0.64516277995844,0.421101984066888,0.272795452613624,29.2076392103446,26.0563581229886,27.6319986666666,0.505763158801121,46.0385231013976,27.8987832,27.2709112108412,-1.96622730680794,-2.22728417183176
"14289706","2010-02-18",35.5432783754849,0.660819117342358,0.583811822235851,0.421502987151654,28.8769241686953,26.2017244979713,27.5393243333333,0.520541395072216,45.103971689511,27.8108588,27.295812382729,-1.74634559354537,-2.13109645617448
"14289705","2010-02-19",34.197565903292,0.633543396352238,0.646508431217678,0.550474079173472,28.5598703771927,26.3536099561405,27.4567401666666,0.537009759087184,43.6060883325445,27.7072872,27.3037333983652,-1.58403360703441,-2.02168388634647
"14289704","2010-02-22",32.7029676216585,0.576469325114628,0.623610612936407,0.617976955463312,28.3650150224013,26.4388703109319,27.4019426666666,0.572452500151764,43.0461844960171,27.598872,27.3056302785831,-1.44966692325619,-1.90728049372841
"14289703","2010-02-23",32.2257022355598,0.288237820358979,0.49941684727528,0.589845297143122,28.2096973764559,26.4625499568773,27.3361236666666,0.320791500958683,36.8114535522595,27.499026,27.2464235747721,-1.4613702274316,-1.81809844046905
"14289702","2010-02-24",32.0422517771459,0.194116383938157,0.352941176470587,0.491989545560758,27.9938100112313,26.5225826554352,27.2581963333333,0.23885545392673,35.0273419531546,27.3865128,27.1752404314691,-1.49809232270406,-1.75409721691605
"14289701","2010-02-25",32.2557025987979,0.0470575604087459,0.176470588235293,0.342942870660387,27.9098217770866,26.4752435562466,27.1925326666666,0.100493958195585,32.3862307902357,27.2766076,27.0825017072732,-1.57899049876101,-1.71907587328504
"14289700","2010-02-26",32.0582615461228,0.0246939762868901,0.0886226402112632,0.206011468305715,27.8499841826764,26.4326271506569,27.1413056666666,0.177783609669687,33.2535105657468,27.1816048,27.0070961463035,-1.61430928003624,-1.69812255463528
"14289699","2010-03-01",31.5125183551888,0.111109638338623,0.0609537250114185,0.108682317819325,27.7903624423813,26.4124588909519,27.1014106666666,0.287635837769832,36.3312815334179,27.113426,26.959129993463,-1.58564013490577,-1.67562607068938
"14289698","2010-03-02",30.9745976714129,0.209878916009993,0.115227510211834,0.0882679584781723,27.7485378356012,26.4002628310654,27.0744003333333,0.378995754240716,39.7508618478025,27.0594048,26.9374299943346,-1.50126412003423,-1.64075368055835
"14289697","2010-03-03",30.7475642616997,0.12345662648207,0.148148393610227,0.108109876277827,27.7118144008913,26.3811025991085,27.0464584999999,0.340066672301635,37.8359872261003,26.9945792,26.9012366617567,-1.45683025527845,-1.60396899550237
"14289696","2010-03-04",30.7650550355298,0.0493813250975897,0.12757228919655,0.130316064339537,27.6835508484929,26.3385798181736,27.0110653333333,0.224959131712959,36.2252044312047,26.949872,26.8549664401891,-1.43884051111205,-1.57094329862431
"14289695","2010-03-05",30.1246391083268,0.12345662648207,0.0987648593539083,0.124828514053562,27.6839701725354,26.3279148274645,27.0059424999999,0.329432355023459,39.0209475643938,26.916714,26.8297682481639,-1.37539752476615,-1.53183414385268
"14289694","2010-03-08",29.529967175924,0.135803614625513,0.10288052206839,0.109739223539616,27.6789880795595,26.3465572537738,27.0127726666666,0.330603338676002,39.4970463304524,26.8876544,26.8104138150754,-1.30459589643992,-1.48638649437013
"14289693","2010-03-09",28.9406362844343,0.16666777124603,0.14197600411787,0.114540461846723,27.6790566201789,26.3452470464876,27.0121518333333,0.356849755442825,40.7425286477117,26.8630656,26.7998493063987,-1.2204732543075,-1.4332038463576
"14289692","2010-03-10",28.0494824193405,0.135803614625513,0.146091666832351,0.130316064339537,27.6757002321586,26.3312171011746,27.0034586666666,0.362141322270838,39.858897622863,26.8403396,26.7844840655455,-1.15456537497056,-1.37747615208019
"14289691","2010-03-11",27.2219824017533,0.21604909634362,0.172840160738387,0.153635943896203,27.6751838084103,26.3444621915896,27.0098229999999,0.409593162226737,43.3019374968081,26.8224568,26.7873115234728,-1.05375427934281,-1.31273177753272
"14289690","2010-03-12",27.8190204296125,0,0.11728423698971,0.145405354853483,27.6873241218185,26.2863728781814,26.9868484999999,0.157943009192453,33.960400104383,26.8068092,26.7177339870097,-1.12386436858435,-1.27495829574304
"14289689","2010-03-15",28.631769505449,0,0.0720163654478721,0.120713587725323,27.7140018859255,26.196359780741,26.9551808333333,0.0803199156831665,32.1570231262533,26.7960048,26.6400467887418,-1.20558516997775,-1.26108367058998
"14289688","2010-03-16",28.245988616644,0.423422900586153,0.14114096686205,0.110147189766544,27.6451989057551,26.1887880942448,26.9169934999999,0.353230399250046,43.0838150410534,26.7904164,26.6310858835762,-1.12519248315006,-1.233905433102
"14289687","2010-03-17",27.1262727852541,0.696434905144896,0.373285935243682,0.195481089184535,27.5298463119303,26.2358383547362,26.8828423333333,0.565142051766179,48.9268197701183,26.7930244,26.6618184324327,-0.962934312147667,-1.17971120891113
"14289686","2010-03-18",25.7137985507325,0.629037006251408,0.582964937327485,0.365797279811073,27.4162528582815,26.2904434750517,26.8533481666666,0.634165844517465,48.9268197701183,26.8023384,26.6884533081084,-0.82482358798398,-1.1087336847257
"14289685","2010-03-19",25.6706754278696,0.169359447244015,0.498277119546772,0.484842664039313,27.2840466995191,26.3260946338141,26.8050706666666,0.257579380381238,40.1396473457676,26.7844556,26.6407502003606,-0.865969802578781,-1.06018090829632
"14289684","2010-03-22",25.781239856197,0.104845273347535,0.301080575614318,0.460774210829525,27.1320054119504,26.3579855880495,26.7449954999999,-0.023245211764077,39.078854678395,26.7624748,26.5894728403125,-0.910967604416479,-1.03033824752035
"14289683","2010-03-23",25.3338399639822,0.0887145652588019,0.120973095283449,0.30677693014818,27.108816362156,26.3169079711772,26.7128621666666,0.0801170474752901,38.8027319001602,26.719258,26.5425484616042,-0.941751392364476,-1.01262087648918
"14289682","2010-03-24",24.9183972069255,0.14516771434014,0.112909184315491,0.178320951737753,27.0996920316973,26.2791523016359,26.6894221666666,0.153607469668791,40.3901732593455,26.6704528,26.5105740000569,-0.93577661782166,-0.997252024755673
"14289681","2010-03-25",25.5164825507216,0,0.0779607598663128,0.103947679821751,27.1698802780633,26.1456293886033,26.6577548333333,-0.155788056336553,33.6716557393321,26.6056276,26.420769466716,-1.06109297234542,-1.01002021427362
"14289680","2010-03-26",26.5031544805934,0,0.0483892381133788,0.0797530607650612,27.2637972241002,25.9554677758996,26.6096324999999,-0.178322396463044,30.7017493743947,26.5348412,26.3094082044872,-1.22426782519804,-1.05286973645851
"14289679","2010-03-29",27.2776574249913,0.0491768654001851,0.0163922884667271,0.0475807621488065,27.2961684686953,25.8212635313046,26.5587159999999,-0.0208828360326243,32.8283844207849,26.468898,26.2240711105556,-1.31385874288988,-1.10506753774478
"14289678","2010-03-30",27.7405025790481,0.191257055020357,0.0801446401401795,0.0483087222400954,27.2725263105407,25.7511446894591,26.5118354999999,0.146247753220528,38.6831301749877,26.4308968,26.1824016291482,-1.29596331464872,-1.14324669312557
"14289677","2010-03-31",28.5707154890909,0.0655750208277109,0.102002980416083,0.0661799696743302,27.2699203521935,25.6466399811397,26.4582801666666,0.0713904311254045,35.717432758628,26.390288,26.1177254119284,-1.33287406813739,-1.18117216812793
"14289676","2010-04-01",27.5870068405712,0.213111483989063,0.156647853279042,0.112931824611769,27.2527623226493,25.6094663440172,26.4311143333333,0.297183422219506,41.3972465941967,26.369052,26.0952020236713,-1.27011234512597,-1.19896020352754
"14289675","2010-04-05",26.2889673642134,0.366121821573987,0.214936108796919,0.157862314164015,27.2156552875965,25.6006247124033,26.4081399999999,0.442426270584905,46.6609593045632,26.3567576,26.1104550871818,-1.12677449750946,-1.18452306232393
"14289674","2010-04-06",25.0836449933097,0.316939089213005,0.298724131592017,0.22343603122266,27.172951597679,25.5933434023209,26.3831474999999,0.439267112598852,45.2539178186228,26.3358944,26.1124970755576,-1.02721489920464,-1.15306142970007
"14289673","2010-04-07",23.9644170774706,0.322401229714982,0.33515404683399,0.282938095740976,27.1206207450778,25.5913422549221,26.3559814999999,0.448940082636402,45.4506510426893,26.3094424,26.1155081321499,-0.934651375051498,-1.10937941877036
"14289672","2010-04-08",23.4016607953306,0.253164901026767,0.297501739984917,0.310459972803642,27.0623223655919,25.5732659677413,26.3177941666666,0.323088746864447,42.3364328394777,26.281128,26.0945230478632,-0.905556184251333,-1.06861477186655
"14289671","2010-04-09",23.210066942695,0.224135058588325,0.266567063110024,0.299740949976311,26.9841117040969,25.5549216292363,26.2695166666666,0.258219703538278,40.1531227486968,26.2520684,26.0589493081481,-0.912438845598806,-1.037379586613
"14289670","2010-04-12",21.9440861797273,0.508617019307304,0.328638992974131,0.297569265356357,26.9621172584765,25.5495947415234,26.2558559999999,0.484831392248419,47.0805351470725,26.2308324,26.0691000670617,-0.81345468801336,-0.992594606893074
"14289669","2010-04-13",21.2682455921646,0.354539598258729,0.362430558718118,0.319212204934091,26.9536460904598,25.5347809095401,26.2442134999999,0.388074754762579,43.7734605248053,26.2014,26.0530600581202,-0.783635715650133,-0.950802828644486
"14289668","2010-04-14",20.6406793322849,0.463632459445213,0.442263025670414,0.377777525787555,26.895002898024,25.5390924353092,26.2170476666666,0.457867670294229,46.2146974212034,26.1745756,26.0540613837041,-0.717157470501484,-0.904073757015885
"14289667","2010-04-15",20.1111531315883,0.445448689167822,0.42120691562392,0.408633500004151,26.7591298430987,25.5895868235678,26.1743583333333,0.447835750960454,45.8573016956848,26.1488688,26.0524451992103,-0.662602402787626,-0.855779486170234
"14289666","2010-04-16",20.8853197435976,0,0.303027049537677,0.388832330277337,26.5880431970385,25.6327608029614,26.1104019999999,0.0968361442426358,37.1866934859589,26.0974556,25.9815005059822,-0.772268679930666,-0.83907732492232
"14289665","2010-04-19",22.0290714808095,0,0.148482896389273,0.290905620516957,26.5752127294871,25.527613603846,26.0514131666666,-0.12843360965679,34.2019252177189,26.0587092,25.8902097718513,-0.918785803629085,-0.855019020663673
"14289664","2010-04-20",21.6697904587029,0.184400889376217,0.0614669631254045,0.170992303017452,26.5476115410592,25.4903271256073,26.0189693333333,0.189910622085083,39.8358449505261,26.0348656,25.8433804689378,-0.949096621337242,-0.873834540798387
"14289663","2010-04-21",21.1901115424964,0.333333333333334,0.172578074236516,0.127509311250398,26.4987659355963,25.4848407310702,25.9918033333333,0.347355604428175,44.0059798682279,26.0013352,25.8288737397461,-0.901824523360362,-0.879432537310782
"14289662","2010-04-22",21.323927595265,0.134754203216375,0.217496141975308,0.150513726445743,26.4415269190382,25.470982414295,25.9562546666666,0.230012724418094,40.0226431306522,25.9458236,25.7815292411133,-0.935236245433213,-0.890593278935268
"14289661","2010-04-23",19.8845114727746,0.469797303626628,0.312628280058778,0.234234165423534,26.4628303786918,25.4704796213081,25.9666549999999,0.729167961336216,49.0661758135636,25.9093124,25.8038320089648,-0.803927571706409,-0.873260137489496
"14289660","2010-04-26",18.716085754948,0.713414075286415,0.439321860709805,0.32314876091463,26.5472636277014,25.4670780389652,26.0071708333333,0.986313807686836,55.6961291050491,25.9115476,25.8815290744362,-0.556787215805865,-0.80996555315277
"14289659","2010-04-27",18.3600859970132,0.347561374795417,0.510257584569486,0.420735908446023,26.5505240065919,25.4886549934079,26.0195894999999,0.518125744727244,47.2420053649855,25.8944096,25.874354531178,-0.529169783401062,-0.753806399202429
"14289658","2010-04-28",20.4688934754025,0,0.353658483360609,0.434412642879967,26.7893865118921,25.1044941547744,25.9469403333333,-0.34651124880946,29.5881982344593,25.7964264,25.5961685936876,-1.13420085444329,-0.829885290250601
"14289657","2010-04-29",22.9715273791991,0,0.115853791598471,0.326589953176189,27.2131386548846,24.4478913451152,25.8305149999999,-0.366647620100138,25.4695060758243,25.6630496,25.2457887811959,-1.86103622230395,-1.03611547666127
"14289656","2010-04-30",25.2954017184388,0.0169087136929463,0.00563623789764752,0.158382837618909,27.475582742291,23.8948505910422,25.6852166666666,-0.196325935967323,26.3477915923532,25.5509088,24.9508196103698,-2.39959666119571,-1.30881171356816
"14289655","2010-05-03",27.4836223343781,0.00483143153527015,0.0072467150760709,0.04291224819073,27.6114656546761,23.4379446786571,25.5247051666666,-0.079793060560598,26.1111068139662,25.4469644,24.6889703289872,-2.81787833292676,-1.61062503743988
"14289654","2010-05-04",29.5913346801492,0,0.0072467150760709,0.00670988934992994,27.6915495892249,23.0250400774416,25.3582948333333,-0.0141504931272933,25.5186089324353,25.3351964,24.4471316184556,-3.15731090621545,-1.91996221119499
"14289653","2010-05-05",31.4049581022142,0,0.00161047717842215,0.00536796911018815,27.7071285238265,22.6763304761733,25.1917294999999,0.0537210043549186,25.2614008443751,25.2118788,24.2313287359948,-3.4092145275101,-2.21781267445801
"14289652","2010-05-06",33.566993377257,0,-1.23512311489549e-15,0.0029523974181641,27.7431023020761,22.2923233645904,25.0177128333333,0.051681904300371,21.6838215640477,25.0688156,23.9499182378622,-3.80947264893923,-2.53614466935426
"14289651","2010-05-07",35.5745975612252,0.0772285731901515,0.0257428577300493,0.00911777830282356,27.7191509932439,22.0008406734226,24.8599958333333,0.134442859909029,27.3684257236728,24.9302236,23.7544624728139,-3.96640641613288,-2.82219701870998
"14289650","2010-05-10",36.0961709447123,0.255446394972329,0.110891656054159,0.0455448379280692,27.5676310412749,21.8797716253916,24.7237013333333,0.286358760918046,38.468027159215,24.81473,23.6968354764387,-3.76548656601715,-3.01085492817142
"14289649","2010-05-11",35.825659168115,0.312870861919776,0.215181943360751,0.117272152381653,27.408600821706,21.8106088449605,24.6096048333333,0.355996905673441,41.5666806176021,24.7133936,23.6829054129135,-3.47459051430311,-3.10360204539775
"14289648","2010-05-12",35.4738250438549,0.332672842117796,0.300330033003299,0.20880121080607,27.2174089714,21.7739180285999,24.4956634999999,0.387099992794244,42.6393904466667,24.6154104,23.6832513578584,-3.1756911202532,-3.11801986036884
"14289647","2010-05-13",35.1257108061942,0.368315981265294,0.337953228434287,0.284488401599446,27.0146034219864,21.7649852446801,24.3897943333333,0.424979750266585,44.6104578908523,24.5312116,23.705904510144,-2.84872589270576,-3.06416106683623
"14289646","2010-05-14",35.2167057217698,0.319743705533232,0.340244176305439,0.326175812581009,26.8549752448377,21.7193954218288,24.2871853333333,0.380422719959438,41.456948959869,24.4384444,23.6795892421248,-2.67602754471761,-2.9865343624125
"14289645","2010-05-17",34.0066310970217,0.47228812178066,0.386782602859727,0.354993335866485,26.7428910984675,21.7082242348657,24.2255576666666,0.487080707602821,46.6190515632064,24.3508928,23.7151493431748,-2.36289518361995,-2.86180652665399
"14289644","2010-05-18",32.8258169266506,0.761196242213008,0.517742689842299,0.414923156335822,26.5780327994511,21.725921533882,24.1519771666666,0.513917549764217,47.4682410283752,24.2737732,23.7559040974182,-2.06545350203832,-2.70253592173086
"14289643","2010-05-19",32.0795816096851,0.664178835406525,0.632554399800063,0.512359897500696,26.3569490257213,21.7563789742785,24.0566639999999,0.472635130300768,44.9648775828586,24.182496,23.7589355510957,-1.89003506612936,-2.54003575061056
"14289642","2010-05-20",32.3270536073111,0.354477895959777,0.593284324526436,0.581193804722932,26.130874101258,21.7402898987418,23.9355819999999,0.348994582629809,38.0638868379592,24.0610416,23.658488144283,-1.99119867539254,-2.43026833556695
"14289641","2010-05-21",32.8150759949101,0.253730745347836,0.424129158904711,0.549989294410404,25.7457695863984,21.7994044136014,23.7725869999999,0.287547030421998,36.1217418568847,23.9503912,23.5379030583786,-2.1344862634756,-2.37111192114868
"14289640","2010-05-24",32.9873145313395,0.347014402179356,0.318407681162321,0.445273721531156,25.1311457635178,22.0737569031487,23.6024513333333,0.345395960980404,39.2143646182381,23.8579964,23.4644426505948,-2.1451949851343,-2.32592853394581
"14289639","2010-05-25",33.7826399847413,0.0932836568315202,0.231342934786236,0.324626591617757,24.5340369330128,22.3340097336537,23.4340233333333,0.152846716218295,34.3438477775297,23.7305808,23.3163302971821,-2.34657654644996,-2.33005813644664
"14289638","2010-05-26",33.910390307322,0.366257235010824,0.268851764673899,0.272867460207486,24.35456580942,22.3927091905799,23.3736374999999,0.469062893748844,44.1255104094432,23.6284996,23.2984929242245,-2.19577845883552,-2.30320220092441
"14289637","2010-05-27",33.5619440933141,0.440330490876154,0.299957127572832,0.266717275677656,24.3588081634979,22.394676836502,23.3767424999999,0.560778777039649,45.8815821317796,23.543556,23.3053872009946,-1.99527578104245,-2.24161691694802
"14289636","2010-05-28",32.3032776560821,0.613171033446736,0.473252919777904,0.347353937341545,24.4176250113424,22.4078886553241,23.4127568333333,0.748485246255283,49.8428177988188,23.4552596,23.3635209075286,-1.68164006958677,-2.12962154747577
"14289635","2010-06-01",31.4099383331337,0.522635090354792,0.525378871559226,0.432862972969988,24.4501190977174,22.4402825689491,23.4452008333333,0.653547728343131,47.8664100920106,23.3412564,23.3865821198582,-1.48661575647638,-2.00102038927589
"14289634","2010-06-02",30.6060239618003,0.514403746741483,0.550069956847669,0.5162339160616,24.4655467434863,22.4971939231802,23.4813703333333,0.602129217516066,47.6812888212283,23.2488616,23.4040845038771,-1.32316872738362,-1.86545005689744
"14289633","2010-06-03",29.4652931394741,0.654323333186056,0.563787390094109,0.546412072833668,24.5045518427765,22.55909082389,23.5318213333333,0.717834571113272,51.1404246707288,23.2507244,23.4614772366935,-1.07225569720656,-1.70681118495926
"14289632","2010-06-04",29.1825465427511,0.411522997393187,0.526750025773574,0.546869124238451,24.447492329463,22.7111533372036,23.5793228333333,0.468172785625606,45.5165530241754,23.2633916,23.4379469384677,-1.05020656770357,-1.57549026150812
"14289631","2010-06-07",28.7966941987968,0.41563646003623,0.493827596871823,0.528121670913169,24.4035945921043,22.8329777412289,23.6182861666666,0.455818102107727,45.6256488453529,23.2738232,23.418795346672,-1.01793155509039,-1.46397852022458
"14289630","2010-06-08",28.4518049173586,0.490195046472217,0.43911816796721,0.486565263537535,24.4026433368824,22.8224413297841,23.6125423333333,0.361486696626935,45.5274736498856,23.2857452,23.4009559671157,-0.984319491167773,-1.36804671441322
"14289629","2010-06-09",27.6643929236861,0.41176594423334,0.439199150247261,0.457381638362098,24.3826838112856,22.7980045220476,23.5903441666666,0.354335930998221,43.8991946005877,23.2961772,23.365625838167,-0.997707004490589,-1.29397877242869
"14289628","2010-06-10",26.6907981810284,0.593133901034704,0.498364963913419,0.45889409404263,24.3587726378175,22.796147028849,23.5774598333333,0.529403609584859,48.4873408486095,23.3222564,23.380954393078,-0.879374812835321,-1.21105798051002
"14289627","2010-06-11",25.7867459199891,0.607843962822227,0.537581269363422,0.491715127841367,24.3176116480586,22.8012943519412,23.5594529999999,0.550370064494837,48.8527079348427,23.377768,23.3979658073343,-0.767095368299153,-1.12226545806784
"14289626","2010-06-14",24.2650461459351,0.73039272444028,0.643790196099069,0.559912143125303,24.3399886167801,22.8000290498865,23.5700088333333,0.704027759400117,51.9127308602419,23.4280636,23.4437556996897,-0.591118745545727,-1.01603611556342
"14289625","2010-06-15",22.852039212885,0.750000000000002,0.696078895754168,0.62581678707222,24.3169859798156,22.8109240201842,23.5639549999999,0.815711889292455,54.8234467166259,23.4541428,23.5144869397311,-0.367617688947575,-0.886352430240252
"14289624","2010-06-16",21.2385115360224,0.693548526750537,0.724647083730272,0.688172058527836,24.283086984256,22.8283680157439,23.5557274999999,0.843179113954471,54.257493263295,23.4679276,23.5708193477669,-0.201271072448939,-0.749336158681989
"14289623","2010-06-17",19.7738862703709,0.779527758756246,0.74102542850226,0.720583802662233,24.3213607480978,22.811516251902,23.5664384999999,0.883186150267642,55.8524015238984,23.48283,23.6357847680647,-0.0280408898930884,-0.605077104924209
"14289622","2010-06-18",18.3628937172227,0.763777929950035,0.745618071818938,0.73709686135049,24.3894716776304,22.8290939890361,23.6092828333333,0.833370463533125,55.5315672157399,23.4902812,23.6896041323227,0.101395204933574,-0.463782642952652
"14289621","2010-06-21",18.2888822406853,0.330704134858436,0.624669941188238,0.703771147169812,24.3637062867281,22.9309237132718,23.6473149999999,0.533151110442965,47.4587360352472,23.491026,23.6679449146797,0.0291804241868698,-0.365190029524748
"14289620","2010-06-22",19.7393732393545,0,0.364827354936156,0.578371789314444,24.3882463292509,22.8855826707489,23.6369144999999,0.0240732486695068,36.7800700832782,23.43626,23.5225042593891,-0.348978329497185,-0.361947689519235
"14289619","2010-06-23",21.0981466423955,0,0.110234711619477,0.366577335914623,24.3604036728824,22.9277066604508,23.6440551666666,-0.080000627806306,36.6928432618498,23.3781404,23.3952130248039,-0.646605910739606,-0.418879333763309
"14289618","2010-06-24",21.1647321196146,0.255318298372958,0.0851060994576512,0.186722722004428,24.3631683812425,22.919353285424,23.6412608333333,0.233896557960015,43.6022898624141,23.3475904,23.3445032881633,-0.721086161723028,-0.479320699355253
"14289617","2010-06-25",21.2265614913181,0.265957750581086,0.17375868298468,0.123033164687269,24.3715649778315,22.8811513555017,23.6263581666666,0.212635812244911,43.8771754600745,23.348708,23.3030388497416,-0.765174013209269,-0.536491362126056
"14289616","2010-06-28",20.7256615073947,0.351067657321689,0.290781235425243,0.183215339289191,24.3403471075759,22.8580375590906,23.5991923333333,0.34459228939822,46.1387578298492,23.365846,23.286973669776,-0.740129621112839,-0.577219013923413
"14289615","2010-06-29",20.6719743187378,0.223405652672997,0.280143686858589,0.248227868422837,24.3309367753178,22.807838224682,23.5693874999999,0.229710530006037,43.3189650716312,23.3647284,23.2432451804726,-0.788841344084867,-0.619543479955704
"14289614","2010-06-30",20.5453646718939,0.313832430055451,0.296101913350045,0.289008945211292,24.3191838950028,22.7786097716637,23.5488968333333,0.320642515141663,45.843725368563,23.3952784,23.2264591564095,-0.763840716072162,-0.648402927178996
"14289613","2010-07-01",20.4277985712531,0.319149300697304,0.285462461141916,0.287236020450183,24.2703930345072,22.7584766321593,23.5144348333333,0.335926885277494,45.996043527944,23.3930428,23.2131526022216,-0.732403509277924,-0.665203043598781
"14289612","2010-07-02",19.5193704610814,0.436171853137866,0.356384527963539,0.312649634151833,24.2690228357689,22.7570524975643,23.5130376666666,0.488808642886462,49.3712348209787,23.3922976,23.2289415885921,-0.629026481379213,-0.657967731154868
"14289611","2010-07-06",18.1435765539795,0.648938053602736,0.468086402479301,0.369977797194918,24.2933902189178,22.7590751144154,23.5262326666666,0.686767806577573,54.8913755799937,23.3908072,23.2923000434465,-0.413116302039929,-0.60899744533188
"14289610","2010-07-07",17.8838318601251,0.716348958091374,0.600486288277324,0.474985739573388,24.3725049891538,22.7544723441794,23.5634886666666,0.855551952832117,58.2040512279879,23.4075724,23.3807413709869,-0.153715676912924,-0.517941091648089
"14289609","2010-07-08",18.1796024345909,0.669454863996766,0.678247291896957,0.582273327551194,24.4748272671254,22.7465317328745,23.6106794999999,0.900770867177122,59.5086436476878,23.4291808,23.471050521522,0.0854012866434495,-0.397272615989781
"14289608","2010-07-09",18.4542465394519,0.723847173244088,0.703216998444075,0.660650192872785,24.5541948683271,22.7320514650061,23.6431231666666,0.845283928908516,61.0557807357287,23.4429652,23.5654624519857,0.311984011935929,-0.255421290404639
"14289607","2010-07-12",18.7994001951743,0.761505806248737,0.718269281163196,0.699911190501409,24.6393434806559,22.7176888526773,23.6785161666666,0.846146400944643,62.1345325334413,23.482084,23.6584634583876,0.513332873735783,-0.101670457576555
"14289606","2010-07-13",19.4264067375363,0.774057186496261,0.753136721996361,0.724874333867877,24.7152189271403,22.6949027395262,23.7050608333333,0.85144787617226,62.5072990349373,23.521948,23.742789663936,0.673747784594991,0.0534131908577545
"14289605","2010-07-14",18.7076455546501,0.487306933499014,0.674289975414669,0.715231992858075,24.7106783063503,22.6954066936495,23.7030424999999,0.646892110291449,53.6033995968974,23.544674,23.7575043754112,0.644428610256065,0.171616274737417
"14289604","2010-07-15",18.4563856333154,0.538068299488791,0.599810806494687,0.675745834635239,24.7197023252172,22.6935233414493,23.7066128333333,0.707163583949284,55.0698658381362,23.5770864,23.782675792023,0.64529624037013,0.266352267863959
"14289603","2010-07-16",18.1692065236816,0.527920386296502,0.517765206428101,0.597288662779152,24.7139389351181,22.6949407315485,23.7044398333333,0.696676830105484,54.6976603381084,23.5949696,23.8020083530866,0.632308602104126,0.339543534711993
"14289602","2010-07-19",18.090570397605,0.558375025887535,0.541454570557608,0.553010194493465,24.7190648067862,22.6935408598803,23.7063028333333,0.727310979974701,55.6660859071556,23.61397,23.8262139060084,0.633568602493439,0.398348548268282
"14289601","2010-07-20",18.4047708375847,0.627776584830484,0.571357332338173,0.54352570310796,24.7898723218343,22.6882420114989,23.7390571666666,0.790651895497228,58.8259183386789,23.6311076,23.8720293852073,0.689473978187549,0.456573634252135
"14289600","2010-07-21",18.8752019990963,0.748603955110634,0.644918521942883,0.585910141612888,24.850920760232,22.7864629064345,23.8186918333333,0.83701737499117,62.0316781940987,23.6471276,23.9390574671796,0.79340923509299,0.523940754420306
"14289599","2010-07-22",19.7837161836627,0.785712178863227,0.720697572934781,0.645657809071945,24.922730344393,22.9117996556068,23.9172649999999,0.931287034490928,66.043514793689,23.6761872,24.035645804889,0.961058344324139,0.611364272401073
"14289598","2010-07-23",19.8133420285674,0.549293431826946,0.694536521933601,0.686717538937088,24.9852189276427,22.9843640723572,23.9847914999999,0.811264540264651,60.4922658778196,23.6910896,24.0883090309038,1.00348613131023,0.689788644182904
"14289597","2010-07-26",20.0260176375183,0.773435665156854,0.702813758615675,0.706015951161352,25.0703110588355,23.0659929411643,24.0681519999999,0.897703667715642,65.1598244556164,23.720522,24.1798998267833,1.13857028466944,0.779544972280211
"14289596","2010-07-27",21.0289223318333,0.69767354760582,0.673467548196539,0.690272609581938,25.2060317668018,23.1066165665314,24.1563241666666,0.964867152786646,67.506207488727,23.7782688,24.2853571832122,1.29463932966349,0.882563843756867
"14289595","2010-07-28",22.274414232818,0.593751572731493,0.688286928498055,0.688189411770089,25.2872063806672,23.2253822859993,24.2562943333333,0.936903905784063,66.1358003178018,23.8717812,24.3693028921172,1.38265124474108,0.982581323953711
"14289594","2010-07-29",24.0658982251901,0.682010736506368,0.657811952281226,0.673188809658606,25.4592034542582,23.2868562124083,24.3730298333333,1.068170445416,71.2663221177152,23.983922,24.5029078398349,1.58345836351999,1.10275673186697
"14289593","2010-07-30",24.7213157673485,0.548118865254599,0.607960391497485,0.651353090758922,25.4997710506729,23.4462296159936,24.4730003333333,0.886054867595367,64.4039978314782,24.066258,24.5789587945236,1.62432979120046,1.20707134373367
"14289592","2010-08-02",25.7631000799146,0.769874890501111,0.666668164087358,0.644146835955356,25.6372544806238,23.5282461860428,24.5827503333333,1.02553910583533,69.6214639024177,24.1675944,24.7106882885871,1.79630850560015,1.32491877610696
"14289591","2010-08-03",26.784521311187,0.7922083354636,0.703400697073102,0.659343084219315,25.7872051931221,23.5717164735445,24.6794608333333,0.981854179877572,70.2418838868117,24.2655776,24.8335471834422,1.92950919392094,1.44583685966976
"14289590","2010-08-04",26.9300076610537,0.67965122494225,0.747244816968986,0.705771226043149,25.8905886228333,23.6095950438332,24.7500918333333,0.851299322969312,64.93708238491,24.3628156,24.9077355589832,1.93282121092315,1.54323372992044
"14289589","2010-08-05",25.1897912109781,0.328890797604561,0.600250119336803,0.683631877792964,25.9069091048656,23.6578518951342,24.7823804999999,0.574130098875215,52.3324423724976,24.4250332,24.8764094844521,1.68360635552998,1.57130825504235
"14289588","2010-08-06",23.8370671382197,0.102436929458407,0.370326317335071,0.572607084546953,25.9021037203099,23.69246227969,24.7972829999999,0.397289670700485,48.029461291655,24.4745836,24.8082775531918,1.37060667887996,1.53116793980987
"14289587","2010-08-09",22.2744537259787,0.168481368670425,0.199936365244463,0.390170933972112,25.9056211783597,23.7355151549735,24.8205681666666,0.494850558814715,52.0204861625141,24.5274872,24.7877285460996,1.20253905952796,1.46544216375349
"14289586","2010-08-10",21.4686587710851,0,0.0903060993762761,0.22018959398527,25.9040324253324,23.7467285746675,24.8253804999999,0.354430720749052,47.5780998889915,24.5524488,24.7264540732863,0.952164089132679,1.36278654882933
"14289585","2010-08-11",21.0127329950582,0,0.0561604562234736,0.115467640281404,25.8827428507868,23.793787149213,24.8382649999999,0.221628850452971,45.543677828073,24.5610176,24.6522375301815,0.693776711848315,1.22898458143312
"14289584","2010-08-12",21.2783800141278,0,-1.30451205393456e-15,0.0488221851999161,25.8872319824599,23.7843303508733,24.8357811666666,0.139025198041611,40.6936143813507,24.5490956,24.5332738594906,0.349931877265552,1.05317404059961
"14289583","2010-08-13",20.306243947917,0.321284586428883,0.10709486214296,0.0544184394554772,25.8657072624232,23.87074207091,24.8682246666666,0.440938986219996,50.9262268592905,24.5621352,24.5295213448919,0.318524607969484,0.906244154073584
"14289582","2010-08-16",19.4035461721497,0.381525446384297,0.234270010937725,0.113788291026894,25.8449516559688,23.9542116773643,24.8995816666666,0.444088028393017,52.5783693807204,24.57741,24.544897165573,0.335736863965996,0.792142696052067
"14289581","2010-08-17",18.3089264999253,0.546186384039255,0.41633213895081,0.252565670677165,25.859282177015,24.0233968229848,24.9413394999999,0.632751844297755,56.8542017520778,24.6068424,24.6091402101632,0.469301262561972,0.727574409354048
"14289580","2010-08-18",17.0430693725998,0.516808466486822,0.48150676563679,0.377369638508442,25.8645713502262,24.0699556497737,24.9672634999999,0.536590842253035,55.156084032109,24.648942,24.6486735154748,0.52897435418815,0.687854398320868
"14289579","2010-08-19",16.3367598138753,0.390758501222516,0.484584450582863,0.460807785056821,25.8647027947206,24.0710665386126,24.9678846666666,0.404714236558321,51.3447988711903,24.6761392,24.6456797134115,0.479137082729131,0.646110935202521
"14289578","2010-08-20",15.8592010944102,0.348741846134414,0.418769604614583,0.461620273611412,25.8641728555768,24.0734598110897,24.9688163333333,0.308681611837258,50.1020121174013,24.7003556,24.63066641829,0.404474108576114,0.597783569877239
"14289577","2010-08-23",14.8870911692758,0.427313317063019,0.388937888139982,0.430763981112476,25.8627566742678,24.0674246590654,24.9650906666666,0.402899668775971,51.8587628392084,24.7275524,24.6350402291846,0.383609988077493,0.55494885351729
"14289576","2010-08-24",14.3316672602866,0.422461704521966,0.399505622573132,0.402404371775899,25.8451316742418,24.0378589924247,24.9414953333333,0.34444590487368,49.4481836295469,24.740592,24.61647753196,0.308573708228632,0.505673824459559
"14289575","2010-08-25",13.8551722901001,0.411765381347174,0.420513467644052,0.402985659452388,25.8231081914154,24.0052401419178,24.9141741666666,0.333054898153663,49.1746351021388,24.74469,24.597905861032,0.240214287055096,0.452581916978666
"14289574","2010-08-26",13.0843923393282,0.56684771375422,0.467024933207785,0.42901467447499,25.7272135327189,24.0238284672809,24.8755209999999,0.475759444627215,53.2157071941223,24.7480432,24.6178250795611,0.27151525269391,0.416368584121715
"14289573","2010-08-27",13.2747986147623,0.480198572362511,0.486270555821301,0.457936318891046,25.696422104529,24.0269878954709,24.8617049999999,0.57652592675225,51.8381517475317,24.7573572,24.6239110689529,0.265738272772165,0.386242521851805
"14289572","2010-08-30",13.4516044419512,0.792078365923793,0.613041550680173,0.522112346569753,25.6273719866975,24.0643700133023,24.8458709999999,0.838173384079978,59.7016687884991,24.7763576,24.7074229264259,0.447907527707092,0.398575523022862
"14289571","2010-08-31",12.8667008755073,0.633666944823884,0.635314627703395,0.578208911401623,25.492316756455,24.1367109102115,24.8145138333333,0.725247012258691,54.806892978755,24.7756128,24.7400612029024,0.488858104721812,0.416632039362652
"14289570","2010-09-01",13.3994632897875,0.598801625263591,0.674848978670421,0.641068385684663,25.5101917550773,24.1253559115892,24.8177738333333,1.07684057193957,60.1893692671063,24.7953584,24.8291983758488,0.661965824008992,0.46569879629192
"14289569","2010-09-02",13.8941712459049,0.598801625263591,0.610423398450354,0.640195668274723,25.6236702559098,24.0780064107567,24.8508383333333,0.991410213405662,60.1893692671063,24.7968484,24.9064505924023,0.789242776460175,0.530407592325571
"14289568","2010-09-03",14.3535429194424,0.694613742735174,0.630738997754117,0.638670458291631,25.7532901837275,24.0620178162723,24.9076539999999,0.972419078504573,61.9075365648117,24.8162216,24.993273180082,0.926867118638408,0.609699497588139
"14289567","2010-09-07",14.7801023305844,0.736524713264414,0.676646693754392,0.639269696652954,25.8698120304597,24.0373936362069,24.9536028333333,0.922811279943886,62.6665620161572,24.8184568,25.0772114227377,1.04404660476622,0.696568919023756
"14289566","2010-09-08",14.0214127201993,0.467063981895797,0.632734145965127,0.646706612491212,25.8993695389226,24.0882467944106,24.9938081666666,0.677592509567918,55.0689590226008,24.8013188,25.094073899706,0.99027667323468,0.755310469865941
"14289565","2010-09-09",13.2693959775054,0.455093092629738,0.552893929263315,0.620758256327611,25.8943972521057,24.1978467478942,25.0461219999999,0.651433550624621,54.7513802895969,24.7931228,25.1062053797452,0.930904521195663,0.790429280131885
"14289564","2010-09-10",12.411801851808,0.371258293473228,0.431138455999586,0.538922177076009,25.8241868666156,24.377962800051,25.1010748333333,0.55162996642522,52.4692924811293,24.8083976,25.0993326624459,0.832353856659651,0.798814195437438
"14289563","2010-09-13",12.1493810709711,0.580838862315485,0.469063416139482,0.484365267134128,25.8611956809662,24.4148453190336,25.1380204999999,0.742882252170216,57.2647981439144,24.8490068,25.1368416407864,0.849144572488236,0.808880270847598
"14289562","2010-09-14",11.4901359988117,0.371258293473228,0.441118483087313,0.44710678507546,25.8630635417281,24.4514754582717,25.1572694999999,0.515285738750291,51.6525533302766,24.8650268,25.1258840886816,0.749097952176081,0.796923807113295
"14289561","2010-09-15",11.2462054965121,0.170067778784071,0.374054978190927,0.42807895913924,25.8569461627377,24.4389645039288,25.1479553333333,0.394792715354831,49.1337192593135,24.8877528,25.095275543524,0.611898391607757,0.759918724012187
"14289560","2010-09-16",11.4336028791693,0.0340135557568137,0.191779876004703,0.335651112427647,25.8584451297582,24.4182162035749,25.1383306666666,0.293162049043576,46.274733682526,24.9093612,25.0439108043875,0.438103370034759,0.695555653216702
"14289559","2010-09-17",11.4986517256732,0.0563364307910993,0.0868059217773269,0.217546925324319,25.8551343729895,24.432082293677,25.1436083333333,0.330590646092354,47.5884227072586,24.9503428,25.0093293638025,0.320570691400102,0.620558660853382
"14289558","2010-09-20",11.7979505845763,0,0.0301166621826365,0.102900819988222,25.8414743213556,24.4646803453109,25.1530773333333,0.254881747592486,45.9255816368404,24.9574216,24.9656987819621,0.192032399316888,0.534853408546083
"14289557","2010-09-21",11.8652846761756,0.0275891686967363,0.0279751998292773,0.0482992612630801,25.8381976552548,24.4750980114118,25.1566478333333,0.283967003931047,46.6556332537318,24.9604024,24.9328536110339,0.100941228553331,0.448070972547533
"14289556","2010-09-22",11.2352498075249,0.139860349876117,0.0558165061909498,0.0379694560676211,25.8209925328908,24.5298698004424,25.1754311666666,0.392033631017464,49.5871306906331,24.9540688,24.9242571295627,0.0760899610512622,0.373674770248278
"14289555","2010-09-23",10.5668447236841,0.309861710734241,0.159103743102363,0.08096514970753,25.7975083531226,24.6148269802106,25.2061676666666,0.51627854617005,53.6976731807228,24.96152,24.9466121789543,0.127300037467304,0.324399823692084
"14289554","2010-09-24",10.4122214346068,0.585188366377974,0.344970142329442,0.186630130540918,25.8179279431944,24.6608473901388,25.2393876666666,0.724048647822131,58.9537845681173,24.9931876,25.0094518884271,0.269994004190122,0.313518659791691
"14289553","2010-09-27",10.7730956654428,0.650797573196088,0.515282550102766,0.339785478511524,25.8540488573626,24.6840258093039,25.2690373333333,0.767871646221074,59.3793975940129,25.0296984,25.0676383033035,0.387225992978379,0.328260126429029
"14289552","2010-09-28",11.2933583054793,0.619399397474521,0.618461779016193,0.492904823816134,25.8836314149117,24.6783495850882,25.2809904999999,0.775876970657357,59.5299830884662,25.061366,25.119307862863,0.477280585990969,0.358064218341417
"14289551","2010-09-29",11.1334160128675,0.470146144477918,0.580114371716174,0.571286233611711,25.8954947068523,24.6950489598142,25.2952718333333,0.591811590490727,55.1264802981673,25.0922884,25.1392508144813,0.483069058351848,0.383065186343503
"14289550","2010-09-30",10.8281905061076,0.432832831228768,0.507459457727068,0.568678536153145,25.8657590994794,24.6996369005205,25.2826979999999,0.570686131127863,54.0500563294246,25.1220932,25.1503253725504,0.467282632032617,0.399908675481326
"14289549","2010-10-01",10.5447668212591,0.477613614511889,0.460197530072857,0.515923786505367,25.8379126586517,24.7057510080148,25.2718318333333,0.607085562029522,55.1811443776376,25.1433292,25.167375322877,0.467279610563076,0.413382862497676
"14289548","2010-10-04",10.7167907037869,0.641785782962631,0.517410742901095,0.49502257690034,25.8139446120682,24.716678721265,25.2653116666666,0.783366443757588,59.151088971246,25.1761144,25.2094719464934,0.526754866848389,0.436057263367819
"14289547","2010-10-05",12.0203564877409,0.786585924713586,0.635328440729368,0.53764557123444,25.881094344018,24.6759193226485,25.2785068333333,1.09225132229258,65.5706906530493,25.2014488,25.2993570202943,0.693485782242798,0.487542967142814
"14289546","2010-10-06",12.400540085331,0.640242225859249,0.689537977845154,0.614092387158539,25.9487169373594,24.6576610626405,25.3031889999999,0.89185316703937,59.9113805493836,25.2297632,25.3474520842551,0.745178782653322,0.539070130244916
"14289545","2010-10-07",12.7535677116647,0.658533551554828,0.695120567375886,0.673328995316803,26.0042715738636,24.6492967594696,25.3267841666666,0.830748460098725,60.3717583512132,25.24094,25.3928598063544,0.78569659841734,0.588395423879401
"14289544","2010-10-08",12.5997048402465,0.5625,0.620425259138024,0.668361268119688,26.0423418905059,24.661522109494,25.3519319999999,0.736647826525625,57.0774775641916,25.2469012,25.4148278321738,0.767372531255184,0.624190845354557
"14289543","2010-10-11",12.4568321739295,0.604166356004236,0.608399969186353,0.641315265233421,26.0748445934406,24.6550987398926,25.3649716666666,0.771270381975477,59.2984857809593,25.2517444,25.450010787884,0.78213415519488,0.655779507322622
"14289542","2010-10-12",11.8637305876038,0.416666666666668,0.527777674223633,0.585534300849337,26.1027182262642,24.6737954404024,25.3882568333333,0.679361102784952,56.1684994966135,25.2491368,25.4643586828328,0.746741789283489,0.673971963714796
"14289541","2010-10-13",11.7464464423621,0.367926343830082,0.462919788833661,0.533032477414549,26.1274814096645,24.7198189236688,25.4236501666666,0.701035288038684,56.7359973205763,25.264412,25.4805188584551,0.719209170692703,0.683019405110377
"14289540","2010-10-14",11.6994096280809,0.367926343830082,0.384173118108943,0.458290193722079,26.1279273853947,24.8066142812719,25.4672708333333,0.685859934258171,56.7359973205763,25.280432,25.4945243439944,0.68939844546434,0.68429521318117
"14289539","2010-10-15",11.6288289283674,0,0.245284229220053,0.364125712054219,26.1010531769412,24.8816108230587,25.4913319999999,0.411780441015448,45.9302317833878,25.2841576,25.4482944314618,0.521138731445858,0.651663916834107
"14289538","2010-10-18",10.8221058750686,0.456140516104729,0.274688953311602,0.301382100213533,26.0757524663635,25.0031565336364,25.5394544999999,0.722446769300564,55.9307496071096,25.2942168,25.4728058406002,0.535109174094894,0.628352968286265
"14289537","2010-10-19",10.0730058970053,0.517545677152008,0.324562064418911,0.281511748983522,26.0338103590752,25.138548974258,25.5861796666666,0.735123510931984,57.0815575260757,25.3199236,25.5027423951869,0.560267008802229,0.614735776389458
"14289536","2010-10-20",10.0322500417933,0.719297419476361,0.564327870911031,0.387859629547181,26.0428627765623,25.2269832234375,25.6349229999999,0.960824148074404,60.7117294439425,25.3605328,25.5572500758286,0.640351646212944,0.619858950354155
"14289535","2010-10-21",10.23642716155,0.22806554906762,0.488302881898661,0.459064272409534,26.0170845812258,25.2921900854407,25.6546373333333,0.451812757760321,49.6909052716874,25.3877296,25.5349447323848,0.532832902475078,0.602453740778339
"14289534","2010-10-22",11.3438360059867,0,0.315787656181326,0.456139469663673,26.0451894934278,25.2361431732387,25.6406663333333,-0.0209297945199854,43.0747958981053,25.3955536,25.4609721014002,0.314258082390118,0.544814609100695
"14289533","2010-10-25",12.4846236243607,0,0.0760218496892054,0.293370795923064,26.0997129259902,25.125114407343,25.6124136666666,-0.110521825430752,42.2486162399103,25.40524,25.3894104878801,0.121496236177299,0.460150934516016
"14289532","2010-10-26",13.9281385114742,0,-1.23049718562622e-15,0.13060316862351,26.1671686846511,24.9797316486821,25.5734501666666,-0.122534201203697,39.4005457901519,25.4056124,25.3013117561628,-0.0929606145018913,0.349528624712434
"14289531","2010-10-27",15.8179987978806,0,-1.23049718562622e-15,0.0253406165630675,26.2780117220208,24.7804052779791,25.5292084999999,-0.173444729541071,35.2564012723893,25.3873568,25.1827355220078,-0.360872822272451,0.207448335315457
"14289530","2010-10-28",18.0149088979372,0,-1.23049718562622e-15,-1.3785269222429e-15,26.3820549999196,24.5767023334136,25.4793786666666,-0.115308403325135,31.8600139040457,25.348238,25.0402307857401,-0.662863226680521,0.0333860229162617
"14289529","2010-10-29",18.91415695922,0.235554601197719,0.0785182003992384,0.0261727334664118,26.3989874157028,24.5010915842971,25.4500394999999,0.160807077669551,41.8516597454497,25.3158252,24.9825453476414,-0.735615708070714,-0.120414323281133
"14289528","2010-11-01",20.1183083958878,0.128886025815379,0.121480209004365,0.0666661364678672,26.4113498798008,24.3968311201991,25.4040904999999,0.129275976488,39.0585938509784,25.2733532,24.9027459679559,-0.856242762138093,-0.267580011052525
"14289527","2010-11-02",21.2364490156508,0.257776823419942,0.207405816811012,0.135801408738205,26.3480564974081,24.3384211692585,25.3432388333333,0.217362237129731,43.9280891623316,25.2413132,24.8696011722284,-0.854793425865197,-0.38502269401506
"14289526","2010-11-03",21.8732615478124,0.217774914704268,0.201479254646529,0.176788426820635,26.3025454552845,24.2786838780487,25.2906146666666,0.236145657058255,42.7854449591858,25.2133712,24.8296983492646,-0.871012731874143,-0.482220701586876
"14289525","2010-11-04",22.4645874705339,0.315553646839883,0.26370179498803,0.224195622148524,26.2476270482693,24.2426359517306,25.2451314999999,0.310545376491184,46.4520167901986,25.1954884,24.8224372360293,-0.808015675733831,-0.547379696416267
"14289524","2010-11-05",22.3569490602815,0.377777777777777,0.303702113107308,0.256294387580622,26.198615233942,24.2248974327245,25.2117563333333,0.39838483163961,48.7048502922207,25.180586,24.8335309378921,-0.707516476186953,-0.579407052370405
"14289523","2010-11-08",22.2569991079044,0.417774914704269,0.370368779773976,0.312590895956438,26.134001329292,24.2196560040412,25.1768286666666,0.43455969950622,50.1564591596202,25.1608404,24.8543214795065,-0.593775423170884,-0.582280726530501
"14289522","2010-11-09",21.9462662489707,0.440758173260399,0.412103621914147,0.362058171598477,26.081396978237,24.2142030217629,25.1477999999999,0.455107323991364,49.9872517880279,25.124702,24.8710986155723,-0.500886955635016,-0.566001972351404
"14289521","2010-11-10",22.6131365827072,0.294117647058824,0.384216911674496,0.38889643778754,26.0126249015003,24.1848677651662,25.0987463333333,0.295826448028498,43.2307391462165,25.0814852,24.8322388001626,-0.550975952021815,-0.562996768285486
"14289520","2010-11-11",23.2721120209455,0.399998210579057,0.378291343632759,0.391537292407134,25.9328697856237,24.1606165477095,25.0467431666666,0.288993755519921,42.9399887752885,25.0364056,24.7960762934743,-0.590111648794833,-0.568419744387355
"14289519","2010-11-12",24.4962771840465,0.125000000000001,0.273038619212626,0.345182291506627,25.914513710499,24.0777609561676,24.9961373333333,0.159997424697522,38.3565981227924,24.9842472,24.7237541210111,-0.713360957554821,-0.597407987020848
"14289518","2010-11-15",25.6847831439942,0.0999928423162267,0.208330350965094,0.286553437936826,25.8134265595451,24.0323074404547,24.9228669999999,0.157393118671234,37.9598014441165,24.9261276,24.6573482382096,-0.811399163231541,-0.640206222262987
"14289517","2010-11-16",27.4399011190149,0,0.0749976141054081,0.185455528094376,25.7198551275881,23.9430142057451,24.8314346666666,0.0140788035368775,32.8394136496288,24.857204,24.5476391397816,-1.0065750788269,-0.713479993575769
"14289516","2010-11-17",29.0696535243913,0.0333333333333327,0.0444420585498521,0.109256674540118,25.5113259518618,23.9503610481381,24.7308434999999,0.0312086571660906,33.9811379244668,24.7890256,24.4587672544774,-1.1340738226244,-0.797598759385496
"14289515","2010-11-18",30.5829950436694,0.133333333333333,0.0555555555555543,0.058331742736938,25.3691850996805,23.938821566986,24.6540033333333,0.100730872295023,37.4183002923475,24.7264356,24.4003729538804,-1.17617942796545,-0.873314893101487
"14289514","2010-11-19",32.4070791021876,0,0.0555555555555543,0.0518510565536534,25.3290308918114,23.8445434415218,24.5867871666666,0.0204402032087962,33.758837387993,24.6705516,24.313749893363,-1.28487561559699,-0.955627037600588
"14289513","2010-11-22",34.1680022405227,0,0.0444444444444434,0.0518518518518505,25.3126008265161,23.7411338401504,24.5268673333333,0.0495521024994678,33.156755478957,24.5934316,24.2324672409146,-1.37163590958019,-1.03882881199651
"14289512","2010-11-23",36.0016480641279,0,-1.11022302462516e-15,0.033333333333332,25.321580545389,23.6175917879442,24.4695861666666,0.0416756732767114,31.350345334376,24.5081152,24.1433942754594,-1.47100999351348,-1.1252650482999
"14289511","2010-11-24",37.704319186047,0.022348714319134,0.00744957143971022,0.0172980052947173,25.3423596479342,23.515781685399,24.4290706666666,0.106517023595493,32.4079898953295,24.4157204,24.0711657053981,-1.52071859933389,-1.2043557585067
"14289510","2010-11-26",39.4980252411905,0,0.00744957143971022,0.00496638095980629,25.3766439324616,23.401396734205,24.3890203333333,0.0841042069443175,30.3911821035603,24.338228,23.9886969446784,-1.59264739193983,-1.28201408519333
"14289509","2010-11-29",41.228255148196,0,0.00744957143971022,0.00744957143971006,25.3604910061647,23.2899476605019,24.3252193333333,0.116065672649739,29.767769005639,24.2752652,23.9110146853879,-1.64730746012114,-1.35507276017889
"14289508","2010-11-30",42.4782390280567,0.0635876176054419,0.0211958725351462,0.0120316718048554,25.3405390324405,23.2058939675593,24.2732164999999,0.192682789537613,33.0230357810485,24.2186364,23.8573513940029,-1.63786480339977,-1.41163116882307
"14289507","2010-12-01",42.9951054392757,0.187500000000001,0.0836958725351466,0.0374471055033342,25.2856692729137,23.1601723937529,24.2229208333333,0.286593821372398,38.3388205706826,24.1769096,23.8344378748025,-1.55291987442377,-1.43988890994321
"14289506","2010-12-02",42.3570436068798,0.232557365315313,0.161214994306918,0.08870224645907,25.2228267800163,23.1308062199836,24.1768164999999,0.336381547482858,38.3388205706826,24.14785,23.8145794914955,-1.46878803395111,-1.44566873474479
"14289505","2010-12-03",41.2772751331172,0.4224151495238,0.280824171613037,0.175245012818367,25.1322490481991,23.1332112851341,24.1327301666666,0.425374012726064,43.5364358218574,24.1377908,23.8209648926294,-1.32688493826774,-1.42191197544938
"14289504","2010-12-06",40.2746329789092,0.741576693407325,0.465516402748812,0.302518522889589,25.001114951591,23.1718263817422,24.0864706666666,0.499746349478383,47.777958733757,24.1143196,23.8476109069455,-1.14753706471722,-1.36703699330295
"14289503","2010-12-07",38.3414439944814,0.444443339861419,0.536145060930847,0.427495211764232,24.8361743685447,23.2355546314552,24.0358644999999,0.502227574680889,44.0082233251784,24.0930836,23.8483494526861,-1.04999159791136,-1.30362791422463
"14289502","2010-12-08",37.8479870592899,0.0092652424173161,0.398428425228686,0.466696629636115,24.6347339382364,23.2839350617635,23.9593344999999,0.184662283370057,36.0176185801531,24.0435332,23.7906228589946,-1.10825295996824,-1.26455292337335
"14289501","2010-12-09",37.3897770480406,0.0370410871747968,0.163583223151176,0.366052236436903,24.5030324835149,23.2930021831516,23.8980173333333,0.17042643487507,36.8063052336148,23.9984536,23.7443184777953,-1.13235145319287,-1.23811262933725
"14289500","2010-12-10",37.0637486155254,0,0.0154354431973699,0.192482363859077,24.3550420540089,23.3214626126576,23.8382523333333,0.150955067183864,36.1660599019158,23.9436872,23.6992200140893,-1.15120908704935,-1.22073192087967
"14289499","2010-12-13",35.5015709509825,0.111113320277162,0.0493848024839852,0.0761344896108436,24.2628642988987,23.3403700344345,23.8016171666666,0.323647864707594,39.5623061028205,23.8881756,23.6750373455441,-1.11549038560935,-1.19968361382561
"14289498","2010-12-14",33.6895359853944,0.314819417244089,0.141977579173749,0.0689326082850346,24.1735600435544,23.3787579564454,23.7761589999999,0.534374595189415,45.3074184120772,23.8375076,23.6814003661382,-1.005818503176,-1.16091059169569
"14289497","2010-12-15",32.7525240132672,0.0833374755196777,0.169756737680308,0.120373039779347,24.1517643035596,23.3645393631069,23.7581518333333,0.309120419152126,40.5860762301913,23.777898,23.6558683173198,-0.986908046970791,-1.12611008275071
"14289496","2010-12-16",31.5509869441663,0.0370410871747968,0.145065993312853,0.152266770055637,24.1212171406777,23.3553465259888,23.7382818333333,0.321634145446257,39.6951368754789,23.7324456,23.6275312083438,-0.976699947908821,-1.09622805578233
"14289495","2010-12-17",29.4914755702474,0.500004970623616,0.206794511106029,0.173872414033063,24.1090232835059,23.3619517164939,23.7354874999999,0.890229235778232,51.2256202733219,23.7063664,23.665065713898,-0.800489522088177,-1.0370803490435
"14289494","2010-12-20",28.0350584399751,0.805559145450389,0.4475350677496,0.266465190722827,24.1949680036257,23.3163676630408,23.7556678333333,1.0950663525261,57.0610446598688,23.704876,23.7385769520449,-0.549989817272545,-0.93966224268931
"14289493","2010-12-21",26.9184902161045,0.843480128091418,0.716348081388473,0.4568925534147,24.2963668308156,23.2696108358509,23.7829888333333,1.06725697522719,58.674555165437,23.7082292,23.8147053584389,-0.316630366483128,-0.815055867448073
"14289492","2010-12-22",26.1733432121155,0.783998282155897,0.8110125185659,0.658298555901324,24.3961687502797,23.2412159163868,23.8186923333333,1.00563478974722,58.8410431184027,23.727602,23.8819246439804,-0.127509514227397,-0.677546596803938
"14289491","2010-12-23",25.9249505679197,0.780138279727095,0.802538896658135,0.776633165537503,24.5112593877067,23.2077776122932,23.8595184999999,1.01197353062726,60.878734571781,23.7495828,23.955084024783,0.058960630169369,-0.530245151409277
"14289490","2010-12-27",25.6943002554522,0.822695845516567,0.795610802466519,0.803054072563518,24.607884344361,23.2080186556388,23.9079514999999,0.948780078256539,61.8946408987484,23.7682108,24.0259408214786,0.222474225653246,-0.379701275996772
"14289489","2010-12-28",25.0319669829962,0.751774183723197,0.784869436322286,0.794339711815646,24.6769177635352,23.2349199031313,23.9559188333333,0.870107692011831,59.1385214205495,23.7939176,24.0749313786148,0.316791427314245,-0.240402735334569
"14289488","2010-12-29",24.4169432300014,0.808509990253411,0.794326673164391,0.791602303984398,24.7473810491466,23.2563546175199,24.0018678333333,0.858354143606399,60.6481602137473,23.8244676,24.1273245281328,0.411465609517969,-0.110029066364061
"14289487","2010-12-30",23.3365484122976,0.730491593567251,0.763591922514619,0.780929344000432,24.7986805289077,23.2736681377589,24.0361743333333,0.774937001015161,57.502099200775,23.8565076,24.1590705910484,0.446909080214586,0.00135856295166815
"14289486","2010-12-31",22.3333246530012,0.729925863230982,0.756309149017214,0.771409248232074,24.8447734438438,23.2896688894894,24.0672211666666,0.749654489305114,57.7169623485805,23.88743,24.187826512242,0.472552150629069,0.0955972804871482
"14289485","2011-01-03",22.207660933653,0.756759305606941,0.739058920801724,0.752986664111185,24.9077799935046,23.2881350064953,24.0979574999999,0.808906686761385,60.3086594593447,23.9287844,24.2276509772764,0.523940579530779,0.181265940295875
"14289484","2011-01-04",23.0401552726898,0.6298321894853,0.70550578610774,0.733624618642226,24.9822748391145,23.276353827552,24.1293143333333,0.842236830452837,60.7403805439473,23.9727464,24.2646481803062,0.564176839998964,0.257848120236493
"14289483","2011-01-05",23.8131857303669,0.779005000504203,0.721865498532147,0.72214340181387,25.0821358797704,23.2600084535628,24.1710721666666,0.886095116006384,66.1030025015465,24.0226692,24.3302430895987,0.6715337019221,0.340585236573614
"14289482","2011-01-06",24.0000043296506,0.618319359412522,0.675718849800674,0.70103004481352,25.1316312553359,23.3350097446639,24.2333204999999,0.803359850750947,62.6876871619069,24.061788,24.3746733443189,0.717103388564677,0.415888866971827
"14289481","2011-01-07",22.7997047001766,0.183671680708172,0.526998680208298,0.641527676180373,25.1279491736845,23.4442501596487,24.2860996666666,0.659593251382853,53.7205111057098,24.08973,24.3759235650764,0.653136073246774,0.463338308226816
"14289480","2011-01-10",21.2886621732836,0,0.267330346706897,0.49001595890529,25.0876963222678,23.5754700110654,24.3315831666666,0.536749459778861,51.0967162910357,24.1068676,24.3645884230662,0.565118042572665,0.483694255095986
"14289479","2011-01-11",20.1129828085902,0.100004771789181,0.0945588174991171,0.296295948138104,25.0600117185332,23.6854282814666,24.3727199999999,0.564710513455544,53.3072012084428,24.1210248,24.3659419666574,0.517159441365966,0.490387292349982
"14289478","2011-01-12",19.7290695055643,0.277777777777777,0.125927516522319,0.162605560242778,25.0566510842563,23.7707519157436,24.4137014999999,0.662849860337231,57.0258613691914,24.1478492,24.386984371103,0.522430882859193,0.496796010451824
"14289477","2011-01-13",20.2112748273121,0,0.125927516522319,0.115471283514585,24.9954058134489,23.8714261865509,24.4334159999999,0.116328158435204,37.1247753541551,24.1549276,24.281034454956,0.215416241284005,0.440520056618261
"14289476","2011-01-14",20.6590369117921,0.109089607693861,0.128955795157212,0.12693694273395,24.9257142982011,23.9743373684654,24.4500258333333,-0.0425320752136836,41.1086738483827,24.1675944,24.2115645276285,0.0267861142269066,0.35777326813999
"14289475","2011-01-18",21.096594899178,0.103031604427352,0.0707070707070701,0.1085301274622,24.9583637687455,23.921196897921,24.4397803333333,-0.0955393331986637,40.9534886041029,24.1813792,24.1501159239447,-0.124790278286635,0.261260558854665
"14289474","2011-01-19",20.7942292441637,0.163637665033414,0.125252959051541,0.108305274971941,24.9815151118669,23.8645152214663,24.4230151666666,0.0704340073887751,43.261132831631,24.1944188,24.1092791340854,-0.21161363047395,0.166685720988942
"14289473","2011-01-20",19.9281858151034,0.266669269460766,0.177779512973843,0.124579847577485,24.9853489271858,23.8342920728141,24.4098204999999,0.232167443485475,47.0497580813852,24.2055956,24.0949992495407,-0.224902408585459,0.0883680950740617
"14289472","2011-01-21",19.1240026309759,0.284849786245535,0.238385573579904,0.18047268186843,24.9852122619113,23.8055557380886,24.3953839999999,0.261424340348433,47.7132159727695,24.227204,24.0863486829353,-0.223512552065042,0.025991965646241
"14289471","2011-01-24",17.8576209397473,0.315152816548565,0.288890624084955,0.235018570212901,24.971597863149,23.7856398035175,24.3786188333333,0.342274776514391,48.8633338285045,24.252538,24.0850608585439,-0.204451061064026,-0.0200966396958124
"14289470","2011-01-25",17.4101362138058,0.171778050033593,0.25726021760923,0.261512138424696,24.9662716805028,23.7316663194971,24.3489689999999,0.171326282754254,43.8745283739917,24.2503024,24.054139410738,-0.26130866891475,-0.0683390455396
"14289469","2011-01-26",17.5795864003609,0.0394778665423503,0.175469577708169,0.240540139800784,24.969010490743,23.6631085092569,24.3160594999999,0.128887792853266,39.8575838209011,24.2275764,24.0000208226396,-0.371084637234587,-0.128888163878597
"14289468","2011-01-27",17.736933002162,0.0928556090677622,0.101370508547901,0.178033434621766,24.9599249423343,23.5995443909989,24.2797346666666,0.154473154928209,41.6868364382213,24.2037324,23.9618100462877,-0.431438299267373,-0.189398190956352
"14289467","2011-01-28",17.4846613578594,0.0606043352718696,0.0643126036273266,0.113717563294465,24.9520751487472,23.542817184586,24.2474461666666,0.18936879469011,40.7336966943626,24.1776532,23.9224847067827,-0.48950743268763,-0.249420039302608
"14289466","2011-01-31",17.2504091167212,0.0909105697669689,0.0814568380355328,0.0823799834035866,24.9370870765787,23.4941595900878,24.2156233333333,0.225128252311229,41.8787194326655,24.1485936,23.8933707458783,-0.51714935011441,-0.302965901464968
"14289465","2011-02-01",16.6548287995448,0.13636178779129,0.0959588976100421,0.080576113090967,24.8927270512538,23.4671116154127,24.1799193333333,0.292564909700123,43.637433600087,24.1195336,23.8755893130945,-0.514330658195916,-0.345238852811158
"14289464","2011-02-02",15.7319325051823,0.227272357558259,0.151514905038839,0.109643546894804,24.8169608170614,23.4702288496052,24.1435948333333,0.383464933043524,47.0863401399518,24.09867,23.8750814046819,-0.468926757152932,-0.369976433679513
"14289463","2011-02-03",15.4155626966926,0.108426254107055,0.157353466485534,0.134942423044805,24.6869508863096,23.4971641136902,24.0920574999999,0.291376483827038,43.5029331931993,24.0692376,23.856013217391,-0.474731155535701,-0.390927378050751
"14289462","2011-02-04",16.8223429071177,0,0.11189953722177,0.140255969582048,24.5903171496112,23.464333183722,24.0273251666666,0.0171969437676414,32.1020064645023,24.0196872,23.7587661217389,-0.676989383688043,-0.448139779178209
"14289461","2011-02-07",18.625513031065,0,0.0361420847023507,0.101798362803218,24.613467489689,23.2881228436442,23.9507951666666,-0.199130224553402,28.7334215215686,23.9597048,23.6409546388404,-0.913641460937542,-0.541240115530076
"14289460","2011-02-08",19.8837847906516,0.102410534689838,0.0341368448966119,0.060726155606911,24.6041999149086,23.1747560850913,23.8894779999999,-0.00975396966787327,33.4673533285758,23.9015852,23.5599633536616,-1.03643668833678,-0.640279430091417
"14289459","2011-02-09",21.2075728381825,0.0542192441773972,0.0522099262890776,0.0408296186293467,24.5683016989602,23.0715649677063,23.8199333333333,-0.000526679824992587,32.3774515600556,23.8397404,23.4798362398401,-1.14696145479796,-0.741615835032725
"14289458","2011-02-10",22.4368045966041,0.102410534689838,0.0863467711856903,0.0575645141237932,24.456747007537,23.0325433257962,23.7446451666666,0.0595443909868292,34.6686989283402,23.7708168,23.4203274078614,-1.19585568613093,-0.832463805252366
"14289457","2011-02-11",23.7456776886346,0.0625027959618847,0.0730441916097058,0.0705336296948245,24.4614448154698,22.93098018453,23.6962124999999,0.0670013189003528,33.4481987045232,23.7026384,23.3588184201466,-1.24649217433289,-0.915269479068471
"14289456","2011-02-14",25.2630898215134,0,0.0549711102172401,0.0714540243375453,24.4754108818842,22.8136287847823,23.6445198333333,0.0519870898647628,31.2282373982618,23.6400484,23.2868826307937,-1.32038847616608,-0.996293278487993
"14289455","2011-02-15",26.4640663772905,0.0333333333333352,0.0319453764317392,0.0533202260862283,24.4807264856336,22.7204511810329,23.6005888333333,0.126704888179038,32.8286075763297,23.5830468,23.2307476133545,-1.34792006659241,-1.06661863610888
"14289454","2011-02-16",26.2862348077527,0.139997136926492,0.0577768234199418,0.048231103356307,24.4482563797514,22.6712682869151,23.5597623333333,0.256271673918765,37.8153452898484,23.5286528,23.2019665982406,-1.30327123621815,-1.11394915613073
"14289453","2011-02-17",26.1211054931819,0.193336196406844,0.122222222222223,0.0706481406913013,24.3807910077531,22.6449726589134,23.5128818333333,0.298964083098595,40.2059253624858,23.4712788,23.1869590518085,-1.22792313215249,-1.13674395133508
"14289452","2011-02-18",25.641031613456,0.286665235129912,0.206666189487749,0.128888411709971,24.298751036177,22.6428759638228,23.4708134999999,0.38028474894661,44.244810362462,23.4563764,23.1913378449007,-1.11004545353539,-1.13140425177514
"14289451","2011-02-22",25.3541374704746,0.25333190179658,0.244444444444445,0.191110952051472,24.1869126396559,22.6600216936773,23.4234671666666,0.382879323850261,43.1244102512168,23.4329052,23.1889234655806,-1.0210492058247,-1.10933324258506
"14289450","2011-02-23",24.4202871751224,0.317569479205206,0.285855538710565,0.24565539088092,24.1191107208961,22.6679039457704,23.3935073333333,0.465878512847363,45.7857608092076,23.4131596,23.1980083368365,-0.910839038481526,-1.06963440176435
"14289449","2011-02-24",24.0633423594763,0.216217980804805,0.262373120602196,0.264224367919069,24.0630967181784,22.6602722818214,23.3616844999999,0.381155596514834,42.2384679952919,23.3841,23.187253891925,-0.86215505326962,-1.0281385320654
"14289448","2011-02-25",24.361240222919,0.146660940519649,0.226816133509886,0.258348264274216,24.0069585933866,22.6375517399466,23.3222551666666,0.280083496800028,37.8205241763606,23.3408828,23.1518533730017,-0.881605741299485,-0.99883197391222
"14289447","2011-02-28",23.2648064540799,0.560346902130655,0.307741941151702,0.265643731754595,23.9700056148642,22.651840718469,23.3109231666666,0.70644116737159,51.7854698420392,23.3166664,23.1882342566014,-0.713667401578966,-0.941799059445569
"14289446","2011-03-01",22.6555948823293,0,0.235669280883434,0.256742451848341,23.8974946407398,22.66225835926,23.2798764999999,0.433772589725156,40.1085149579998,23.2663708,23.1390430223879,-0.782390370201014,-0.909917321596658
"14289445","2011-03-02",21.1516620517459,0.523808915162167,0.36138527243094,0.301598831488692,23.8982591135951,22.6618045530715,23.2800318333333,0.991139358766988,54.9266733580455,23.257802,23.2056946194029,-0.545183207893152,-0.836970498855957
"14289444","2011-03-03",19.7551529947755,0.648812909410451,0.390873941524205,0.329309498279526,23.9034886993702,22.6584383006297,23.2809634999999,1.08176212577373,57.6213809131198,23.2652532,23.2895393368158,-0.286424313406242,-0.726861261766014
"14289443","2011-03-04",19.1805749269451,0.398811311711136,0.523811045427917,0.425356753127687,23.855503941322,22.6822067253445,23.2688553333333,0.783663277131473,51.0481939325237,23.2544492,23.310046091907,-0.214638675726753,-0.624416744558162
"14289442","2011-03-07",17.813537198603,0.720236459498324,0.58928689353997,0.501323960164031,23.9695937938025,22.6243112061974,23.2969524999999,1.05652805358384,57.7253841128649,23.265626,23.3948786129861,0.0156546210651198,-0.496402471433505
"14289441","2011-03-08",16.9521803672355,0.607144911327689,0.575397560845716,0.562831833271201,24.0408443525611,22.6362659807721,23.3385551666666,0.868583799759079,54.8885014023906,23.268234,23.444805464588,0.135146650967255,-0.370092646953353
"14289440","2011-03-09",16.3870811068773,0.541664802684136,0.623015391170049,0.595899948518578,24.0943746582006,22.6460706751326,23.3702226666666,0.792715252890957,53.2565343894191,23.2645084,23.4744140693096,0.19222713871716,-0.257628689819251
"14289439","2011-03-10",15.8623460794018,0.547621025722959,0.565476913244927,0.587963288420231,24.1364547047436,22.6744669619229,23.4054608333333,0.753134247180988,53.3922825897839,23.2566848,23.501317526735,0.237837775756833,-0.158535396704034
"14289438","2011-03-11",16.2440640363143,0.297619428023647,0.46230175214358,0.550264685519519,24.1414855026452,22.7032771640214,23.4223813333333,0.523206188169744,47.1967104546505,23.238802,23.472475189837,0.138093170466647,-0.0992096832698978
"14289437","2011-03-14",16.6746843565321,0.273807317462855,0.373015923736486,0.466931529708331,24.1358543315981,22.7399546684018,23.4379044999999,0.432718779286605,46.6415535734386,23.2436452,23.4425104978587,0.0456215262332416,-0.0702434413692699
"14289436","2011-03-15",17.7960714628231,0.0297619428023663,0.200396229429622,0.345237968436563,24.125978205415,22.7606971279182,23.4433376666666,0.181637473413012,41.2820711676,23.2432728,23.3656250981442,-0.15765623104782,-0.08772599930498
"14289435","2011-03-16",19.2724756006698,0,0.10118975342174,0.224867302195949,24.1520355735055,22.7132174264944,23.4326264999999,0.0111521437731932,37.9594589304461,23.2257624,23.2629764183916,-0.408312091640139,-0.151843217772012
"14289434","2011-03-17",20.8667051446344,0,0.00992064760078811,0.10383554348405,24.201269592344,22.6124460743225,23.4068578333333,-0.000729727148860347,36.2270906646818,23.2052716,23.1541448959394,-0.652509191777839,-0.251976412573177
"14289433","2011-03-18",21.2937133415337,0.163463771931184,0.0544879239770606,0.0551994416665294,24.2102882910764,22.5798320422568,23.3950601666666,0.213519758449161,42.2578741343855,23.1944676,23.1020482431475,-0.728123362739408,-0.347205802606423
"14289432","2011-03-21",21.6902209529401,0.24038486354791,0.134616211826364,0.0663415944680708,24.2139000898974,22.5476575767691,23.3807788333333,0.263644549399626,44.8985154366407,23.1926048,23.0767671440612,-0.727825142262983,-0.423329670537735
"14289431","2011-03-22",22.3227739037534,0.171568266265276,0.191805633914789,0.126969923239405,24.2224271952188,22.5024958047811,23.3624614999999,0.218493712777274,42.9169295391241,23.190742,23.0362288581863,-0.767798731187719,-0.492223482667732
"14289430","2011-03-23",23.1338373497832,0.113990876724522,0.175314668845902,0.167245504862352,24.2355082377027,22.4273214289638,23.3314148333333,0.163553475931565,41.2190438877242,23.1821732,22.9849516770948,-0.832641129287459,-0.560307011991678
"14289429","2011-03-24",23.7811610817101,0.129533822874946,0.138364321954914,0.168494874905202,24.2468021797587,22.3716304869078,23.3092163333333,0.202310103765533,41.7913207838171,23.1687612,22.9442367868155,-0.86458161716636,-0.621161933026614
"14289428","2011-03-25",24.198092008798,0.23255784920194,0.158694182933802,0.157457724578206,24.2512098919884,22.3510787746781,23.3011443333333,0.267655858424016,44.6910075622747,23.1579568,22.9275785485735,-0.831320403861724,-0.663193627193636
"14289427","2011-03-28",24.1409417640123,0.23255784920194,0.198216507092941,0.165091670660552,24.2232389197848,22.3104367468817,23.2668378333333,0.30660772352367,44.6910075622747,23.1419368,22.9131414087637,-0.795842063744634,-0.689723314503836
"14289426","2011-03-29",23.7589751191457,0.219509001636661,0.228208233346846,0.19503964112453,24.221357822102,22.2825128445645,23.2519353333333,0.318492278954551,44.0128546893815,23.1262892,22.8956612209285,-0.772009335377311,-0.706180518678531
"14289425","2011-03-30",22.1912513507255,0.537929553582668,0.329998801473756,0.252141180637848,24.148255951959,22.2975573813742,23.2229066666666,0.545292807086851,52.2117954910598,23.122936,22.9326703914714,-0.60830086026078,-0.686604586994981
"14289424","2011-03-31",20.818167100638,0.685481496874297,0.480973350697874,0.346393461839492,24.0470113974559,22.3342246025439,23.1906179999999,0.598608498054242,53.4357535617118,23.1277792,22.9734383392752,-0.450529527248422,-0.639389575045669
"14289423","2011-04-01",20.5886273396191,0.759035521175588,0.660815523877517,0.490595892016382,24.0699774855419,22.3255395144579,23.1977584999999,0.813412213979159,59.9118649303554,23.1557212,23.0596865607052,-0.189672212209269,-0.549446102478389
"14289422","2011-04-04",20.8562933809835,0.825392677592523,0.756636565214135,0.632808479929842,24.0595206190409,22.3316500476257,23.1955853333333,0.966812356594958,63.8713613735657,23.1747216,23.1716910192778,0.112412200258638,-0.417074441930984
"14289421","2011-04-05",20.5327582452575,0.73015593489931,0.771528044555806,0.729660044549153,24.055154995704,22.3338420042958,23.1944984999999,0.871823623320128,60.0396481691159,23.2112324,23.2464082167074,0.28918060587273,-0.275823432370241
"14289420","2011-04-06",20.2323327620833,0.736524713264414,0.764024441918748,0.764063017229563,24.0698076330333,22.3266407002998,23.1982241666666,0.88461749555375,61.0190655126125,23.217566,23.3198564544798,0.446110054257765,-0.13143673504464
"14289419","2011-04-07",19.7844415058536,0.706584632001233,0.724421760054985,0.75332474884318,24.0767419528503,22.3234317138162,23.2000868333333,0.849456979352163,59.8899566629464,23.2142128,23.3773022605491,0.547555373489628,0.00436168666221368
"14289418","2011-04-08",19.8175343328341,0.790419431157743,0.744509592141129,0.744318598038287,24.1562697616359,22.293889238364,23.2250794999999,0.892256303624049,62.0097727668493,23.2317232,23.4444752924759,0.664763527683121,0.136442054866395
"14289417","2011-04-11",18.5428802342267,0.544906907370262,0.680636990176412,0.716522780790842,24.1928571129139,22.2908322204193,23.2418446666666,0.729989278825719,53.150703821597,23.2138404,23.4517745868125,0.618939039068866,0.232941451706889
"14289416","2011-04-12",19.4549402882691,0.45454584033542,0.596624059621141,0.673923547312894,24.3277711041905,22.2729642291427,23.3003676666666,0.927668253079146,57.4607235813922,23.2130952,23.4916313085708,0.661338702571457,0.318620901879803
"14289415","2011-04-13",20.3165976643609,0.860081031763215,0.619844593156298,0.632368547651284,24.5958108060596,22.2154211939402,23.4056159999999,1.10015973550148,69.2920567482254,23.2555672,23.6565698007614,1.01702868493907,0.458302458491656
"14289414","2011-04-14",20.9087262359753,0.831273665560618,0.71530017921975,0.643922943999063,24.7807343513139,22.244719648686,23.5127269999999,0.989263593535562,67.9354720023963,23.2950584,23.7908231606599,1.25944991551006,0.618531949895337
"14289413","2011-04-15",21.9313206859959,0.888887517688484,0.860080738337438,0.731741836904495,25.017027019329,22.2189229806708,23.6179749999999,1.00568229312347,70.5926123799411,23.361374,23.9444320725719,1.52598179617496,0.800021919151261
"14289412","2011-04-18",22.0040831721359,0.730592174607921,0.81691778595234,0.797432901169843,25.1711286047817,22.2486173952181,23.7098729999999,0.881535006498714,64.8088719578554,23.4180032,24.040303796229,1.62242063961902,0.964501663244812
"14289411","2011-04-19",22.0716483378374,0.787736064054451,0.802405252116951,0.82646792546891,25.3012839974243,22.3174710025755,23.8093774999999,0.85491584151832,66.2006275122411,23.4951232,24.1407792900651,1.72136680016903,1.11587469062966
"14289410","2011-04-20",22.5454344757017,0.903221523773242,0.807183254145204,0.808835430738165,25.4377900151028,22.420644984897,23.9292174999999,0.894624439576751,68.9406481835341,23.5938516,24.2638713847231,1.86666834582343,1.26603342166841
"14289409","2011-04-21",22.4982778270564,0.817202625244602,0.836053404357431,0.815213970206529,25.5196793712856,22.5650859620476,24.0423826666666,0.828951296748495,65.7725784823846,23.69258,24.35068186676,1.90878270939612,1.39458327921395
"14289408","2011-04-25",22.4544895104572,0.849458269116433,0.856627472711425,0.83328804373802,25.5861037212549,22.7175402787449,24.1518219999999,0.812569230082007,66.3961762976226,23.7808764,24.4333682845253,1.93724901790502,1.50311642695217
"14289407","2011-04-26",22.6400144710151,0.907217807097161,0.857959567152731,0.850213481407196,25.6475663559506,22.8858233107159,24.2666948333333,0.835903262832793,68.2644243158985,23.8699184,24.5273845132553,1.99098408289282,1.6006899581403
"14289406","2011-04-27",23.3987319708361,0.85333428769117,0.870003454634921,0.861530164833026,25.7040493374698,23.0783346625301,24.3911919999999,0.880380756091231,69.8679442933301,23.9705096,24.6287345781546,2.05741887415114,1.69203574134247
"14289405","2011-04-28",24.1570610244645,0.872809723157482,0.877787272648604,0.868583431478752,25.7879187631484,23.2080665701847,24.4979926666666,0.866203408568701,70.5686346241011,24.078552,24.7252646344006,2.10570400359062,1.7747693937921
"14289404","2011-04-29",24.9548185032929,0.854079883510892,0.860074631453181,0.869288452912235,25.8459347063637,23.3599259603028,24.6029303333333,0.844060066035037,70.5686346241011,24.1854768,24.8089240164806,2.11833427000472,1.84348236903462
"14289403","2011-05-02",26.0427981179885,0.81777968649345,0.848223097720607,0.862028333940797,25.9439381584323,23.4466508415675,24.6952944999999,0.858979719292192,71.869183627305,24.291284,24.8963314809498,2.13887750425503,1.9025613960787
"14289402","2011-05-03",27.2108249893423,0.595590150863259,0.755816573622533,0.82137143426544,26.0385342582354,23.5107037417644,24.7746189999999,0.822034116354927,70.4718577529096,24.3952284,24.9658752834898,2.11473441975623,1.94499600081421
"14289401","2011-05-04",28.295421369885,0.617647291013729,0.677005709456812,0.760348460266651,26.0875649361355,23.6318090638644,24.8596869999999,0.775351610055633,70.8381893024453,24.5017808,25.0298719123579,2.07990812868841,1.97197842638905
"14289400","2011-05-05",28.1068032527067,0.411767492164742,0.541668311347243,0.658163531475529,26.0913086669414,23.7770896663918,24.9341991666666,0.683526638244936,62.9837380801599,24.582254,25.0505636573768,1.9454905441896,1.96668084994916
"14289399","2011-05-06",28.6572425545308,0.63265067632709,0.554021819835186,0.590898613546413,26.1093277679507,23.9475235653825,25.0284256666666,0.809416396670929,68.0284233234479,24.6739036,25.1144445030599,1.92728229070864,1.95880113810106
"14289398","2011-05-09",28.4159450379922,0.443604895217798,0.496007687903209,0.530565939695212,26.0803029015456,24.1274347651209,25.1038688333333,0.684653788586194,63.0280927464694,24.7428272,25.1449705693186,1.83148596092282,1.93333810266541
"14289397","2011-05-10",28.8555259847086,0.524998210579054,0.53375126070798,0.527926922815458,25.9606912852242,24.4466767147756,25.2036839999999,0.81169405007349,65.3589136745464,24.8069076,25.1925384934094,1.7854621396014,1.90376291005261
"14289396","2011-05-11",29.2637082923739,0.649998210579055,0.539533772125302,0.52309757357883,25.9169706477121,24.6493563522878,25.2831634999999,0.883058028839027,67.3167816586836,24.8832824,25.2523920276215,1.77277439842864,1.87756520772781
"14289395","2011-05-12",29.8510526035304,0.750004329229223,0.641666916795777,0.571650649876353,25.9967930375601,24.6794392957731,25.3381161666666,0.951789939017702,69.8831962839794,24.9648732,25.3303450906053,1.80364083787179,1.86278033375661
"14289394","2011-05-13",30.4917954135781,0.648643420225373,0.682881986677883,0.62136089186632,26.046381913749,24.7475170862509,25.3969494999999,0.91053065880652,69.0488314632578,25.0472088,25.3941777451913,1.79769290482967,1.84976284797122
"14289393","2011-05-16",30.9076690883317,0.594340004861845,0.664329251438813,0.662959384970824,26.0993247008505,24.7796422991494,25.4394834999999,0.836537917073268,67.885537080816,25.1228384,25.4445327124991,1.7603045072377,1.83187117982452
"14289392","2011-05-17",31.6600234736346,0.4700889211089,0.571024115398705,0.639411784505133,26.1164841584221,24.8689731749111,25.4927286666666,0.818304211544909,65.5081409999409,25.2107628,25.4782390174992,1.68726344202188,1.80294963226399
"14289391","2011-05-18",32.378699759045,0.720340293890178,0.594923073286973,0.610092146708164,26.1576192665789,24.9489204000876,25.5532698333333,0.935123680993255,69.7819777490814,25.2998048,25.5447071484993,1.69781026324773,1.78192175846074
"14289390","2011-05-19",33.1507751222554,0.821136153349277,0.670521789449451,0.612156326045043,26.2380553480707,24.9759059852625,25.6069806666666,0.965153082484987,71.7896014018901,25.3556888,25.6221821953661,1.73246493704298,1.77203039417719
"14289389","2011-05-20",34.0959798198624,0.731345196984143,0.757607214741199,0.674350692492541,26.2883104977749,25.045180502225,25.6667454999999,0.936680933297393,70.8393093185131,25.4130632,25.6856019026506,1.73042910197734,1.76371013573722
"14289388","2011-05-23",34.8597390641114,0.716418149623019,0.756299833318812,0.728142945836487,26.3082396535278,25.1351570131387,25.7216983333333,0.862979542395099,70.1722992151625,25.4585156,25.7380816489639,1.7027890650287,1.75152592159551
"14289387","2011-05-24",34.4345963670619,0.559704183258953,0.669155843288704,0.727687630449572,26.306707481757,25.2167895182429,25.7617484999999,0.714353900465574,63.4206867015264,25.5073212,25.757485429102,1.60085147481208,1.72139103223883
"14289386","2011-05-25",32.7869257701602,0.256409785820473,0.510844039567481,0.645433238724999,26.2972736847146,25.2616163152853,25.7794449999999,0.465672366444717,55.7220393077357,25.5404788,25.7395287052217,1.42195950827655,1.66150472744637
"14289385","2011-05-26",31.2569459301801,0.350432213188466,0.38884872742263,0.522949536759605,26.2920365187617,25.3034888145715,25.7977626666666,0.511465304053642,57.8850147545046,25.5669308,25.7376275445255,1.29739533791797,1.58868284954069
"14289384","2011-05-27",30.205808337017,0.370002147305135,0.325614715438024,0.408435827476045,26.2925048323613,25.3495905009719,25.8210476666666,0.609149894718876,60.3499764390596,25.6041868,25.7521238719221,1.22253155372265,1.51545259037708
"14289383","2011-05-31",29.9223160523565,0.482759897324513,0.401064752606037,0.37184273182223,26.3216549937099,25.3719773396233,25.8468161666666,0.774118099139409,63.5326598260034,25.6459136,25.7870406889992,1.20174742407073,1.45271155711581
"14289382","2011-06-01",29.5142978357498,0.448279691973539,0.433680578867728,0.38678668230393,26.3413892090516,25.4016067909483,25.8714979999999,0.724312914641315,62.6303773078955,25.6798164,25.8135765971326,1.16294035140345,1.39475731597334
"14289381","2011-06-02",28.0572062526499,0.172413367558493,0.367817652285514,0.40085432791976,26.3322743358357,25.4442516641642,25.8882629999999,0.480766632191443,55.8021220459557,25.6988168,25.8067690508483,1.05012451518798,1.32583075581627
"14289380","2011-06-03",26.0787610445148,0,0.206897686510677,0.33613197255464,26.2867103582804,25.5283133083861,25.9075118333333,0.284261862978784,51.7515005539518,25.7092484,25.7809998440685,0.903704669051475,1.24140553846331
"14289379","2011-06-06",24.2416333512466,0,0.0574711225194968,0.210728820438562,26.286523552176,25.5288107811572,25.9076671666666,0.22649640524342,51.7515005539518,25.71968,25.758666531526,0.778704054594481,1.14886524168954
"14289378","2011-06-07",23.3431937708762,0.0681771043031635,0.0227257014343871,0.0956981701548533,26.2490104347181,25.6004752319484,25.9247428333333,0.316885550453677,53.2280158387716,25.727876,25.7467616606559,0.689224699760116,1.05693713330366
"14289377","2011-06-08",22.408952518421,0,0.0227257014343871,0.0343075084627568,26.2993668706678,25.5203141293321,25.9098404999999,-0.183257763037494,42.8672742289343,25.7215424,25.6818027725684,0.484079139023752,0.942365534447677
"14289376","2011-06-09",21.9724752028649,0,0.0227257014343871,0.0227257014343869,26.3723876853442,25.3923409813224,25.8823643333333,-0.176655847738559,40.0081768276629,25.7085028,25.6068770695593,0.274070744356947,0.808706576429531
"14289375","2011-06-10",21.6243586336345,0,-7.81782046506881e-16,0.0151504676229243,26.4221795659416,25.2667951007249,25.8444873333333,-0.0788064667067477,39.6286154395655,25.7051496,25.5394574602847,0.100231643202986,0.667011589784222
"14289374","2011-06-13",21.1323217915192,0.015626703797212,0.00520890126573654,0.0093115342333741,26.4482108874961,25.1678044458371,25.8080076666666,0.0255977735635464,40.2391840413774,25.6887572,25.4835111322468,-0.0315765948875613,0.527293952849866
"14289373","2011-06-14",20.1347132319192,0.0781251310613226,0.0312506116195108,0.0121531709617487,26.4556615438409,25.1010544561589,25.7783579999999,0.139936427985751,42.733714092263,25.6827964,25.4449589812805,-0.111315680860369,0.399572026107819
"14289372","2011-06-15",19.8910934874554,0,0.0312506116195108,0.0225700415015858,26.4677264892315,25.0163405107683,25.7420334999999,0.101272961210481,38.2232930159974,25.6626784,25.3854684504431,-0.234125954269737,0.272832430032308
"14289371","2011-06-16",19.6648751533104,0.0719427794599257,0.0500226368404153,0.0375079533598121,26.4440124938686,24.9509505061312,25.6974814999999,0.158876744000139,41.395431860091,25.6406976,25.3463286570507,-0.298602371044843,0.158545469816878
"14289370","2011-06-17",18.6806958095484,0.151076747203855,0.0743398422212595,0.0518710302270617,26.3813231739874,24.9254671593457,25.6533951666666,0.265740226663928,44.7557101155128,25.6149908,25.3260675027773,-0.313529422762227,0.0641304913010567
"14289369","2011-06-20",18.5284066932249,0,0.0743398422212595,0.0662341070943113,26.3151930929847,24.8826235736818,25.5989083333333,0.165602034052495,39.637868934281,25.5818332,25.2799451690736,-0.389315926255707,-0.026558792210296
"14289368","2011-06-21",17.6558297776143,0.428570139665813,0.193215628956555,0.113965104466358,26.2411129617732,24.8998880382266,25.5705004999999,0.506595587743287,52.585186960147,25.569166,25.3033071465305,-0.294366108741717,-0.0801202555165802
"14289367","2011-06-22",16.4635645938528,0.296610709248897,0.241726949638236,0.169760806938683,26.18556592439,24.8945834089432,25.5400746666666,0.381319332498034,49.0319748990753,25.5535184,25.3036848603264,-0.263644919195294,-0.116825188252323
"14289366","2011-06-23",16.1131664949181,0.0762658659751629,0.26714890496329,0.23403049451936,26.1691819121429,24.8532207545236,25.5112013333333,0.238005438328952,43.8468783150899,25.5170072,25.2717228789496,-0.313010641971201,-0.156062278996099
"14289365","2011-06-24",15.1095160531073,0.177962786042493,0.183613120422184,0.230829658341236,26.1349529650586,24.8371537016079,25.4860533333333,0.361367877349383,46.6509784337408,25.479006,25.2589251617563,-0.312884497077093,-0.187426722612297
"14289364","2011-06-27",14.3560912372403,0.164835942753992,0.139688198257215,0.19681674121423,26.076456216632,24.8273477833679,25.4519019999999,0.331109938591446,45.4295339774965,25.4398872,25.2403831401888,-0.32690676200352,-0.215322730490542
"14289363","2011-06-28",14.185828894288,0.484206005673408,0.275668244823297,0.199656521167565,25.9755647796567,24.8735972203431,25.4245809999999,0.623541749345944,52.3689554887498,25.4130628,25.262810721497,-0.242919600558333,-0.2208421045041
"14289362","2011-06-29",14.5541613108539,0.692302751114946,0.447114899847448,0.287490447642653,25.9148634763472,24.9107031903193,25.4127833333332,0.931770378394275,58.7473898218925,25.4071016,25.325713291964,-0.0715941875031878,-0.190992521103918
"14289361","2011-06-30",14.8961842690938,0.794868500743297,0.657125752510549,0.459969632393764,25.9245024305049,24.9051005694949,25.4148014999999,0.987290817945516,60.6910531822646,25.4160432,25.3951315197022,0.0982538259273857,-0.133143251697657
"14289360","2011-07-01",15.3864435427647,0.7768569375061,0.754676063121447,0.619638905159814,25.9657008232886,24.8834611767112,25.4245809999999,0.975777863336591,60.8564924000834,25.4212588,25.4565353170752,0.232725663532474,-0.0599694686516309
"14289359","2011-07-05",15.8416842968877,0.785126753564804,0.7856173972714,0.732473070967798,26.0082576136582,24.863568719675,25.4359131666666,0.929077428153994,61.0332962203589,25.422004,25.5109946081318,0.338017152845271,0.0196278556477495
"14289358","2011-07-06",16.7921068707253,0.713239125286179,0.75840760545236,0.766233688615069,26.0495816138489,24.8421150528176,25.4458483333333,0.962821650472384,61.4085325027644,25.4167884,25.5606766603809,0.422201836144187,0.100142651747037
"14289357","2011-07-07",17.6990463772758,0.788318364915909,0.76222808125563,0.76875102799313,26.1426849825201,24.8188666841464,25.4807758333332,0.949699807039069,63.4906219381683,25.4167884,25.6173944389968,0.514999910225411,0.183114103442712
"14289356","2011-07-08",18.0417271869614,0.708029654707607,0.736529048303231,0.75238824500374,26.2004197530826,24.8356439135839,25.5180318333332,0.827012065828089,60.004241920884,25.421632,25.6528898471306,0.549709667497456,0.256433216253661
"14289355","2011-07-11",17.7971800365952,0.585933568193254,0.694093862605589,0.730950330721483,26.2255432910882,24.8747867089116,25.5501649999999,0.69858623693287,56.0842340822241,25.4275928,25.6675072008465,0.532916058676247,0.311729784738178
"14289354","2011-07-12",18.1573583577905,0.640622378795503,0.64486186723212,0.691828259380313,26.2604311781069,24.9122374885596,25.5863343333332,0.750433106126462,57.6871162836946,25.4361616,25.6888689074003,0.533892735963737,0.35616237498329
"14289353","2011-07-13",18.6580849605793,0.679684616675052,0.635413521221269,0.658123083686326,26.3003770225303,24.9405943108028,25.6204856666666,0.759713798600057,58.842622185754,25.444358,25.7135917197469,0.54295735894998,0.393521371776628
"14289352","2011-07-14",18.5350408544728,0.55737430806734,0.625893767845964,0.635389718766451,26.3086894333693,25.0018262332972,25.6552578333332,0.655725684720121,54.662938861794,25.4641036,25.718874157114,0.506279579035196,0.416073013228342
"14289351","2011-07-15",18.0303441408052,0.483600425940105,0.573553116894165,0.611620135320465,26.3011781867711,25.0652208132287,25.6831994999999,0.551617610795031,51.91350396259,25.4860844,25.7122749361655,0.445778795083607,0.422014169599395
"14289350","2011-07-18",17.060941448675,0.175830010146534,0.405601581384659,0.535016155374929,26.2948556806325,25.1060053193673,25.7004304999999,0.463440450750265,48.4171056785926,25.50434,25.6916542780101,0.358622410825182,0.409335817844552
"14289349","2011-07-19",15.9600431092412,0,0.219810145362212,0.399654947880345,26.2590970988567,25.1852289011432,25.7221629999999,0.343879350969813,45.3983154513439,25.517752,25.6601217076087,0.254395052245293,0.3783476647247
"14289348","2011-07-20",15.3461080414198,0.151159161558531,0.108996390568354,0.244802705771741,26.2608260737268,25.1943662596064,25.7275961666666,0.46288077043088,49.4123521774735,25.5330268,25.6489374799276,0.207450795431385,0.344168290866037
"14289347","2011-07-21",15.8370574324448,0.499993757880676,0.217050973146401,0.181952503025655,26.2771720696327,25.2373189303671,25.7572454999999,0.714069812612174,57.2270815568378,25.567302,25.6765004826039,0.255175103429561,0.326369653378742
"14289346","2011-07-22",16.2929390098252,0.686046366462341,0.445733095300515,0.25726015300509,26.2622269969271,25.3422996697394,25.8022633333332,0.787544452895818,60.7130147301789,25.6038128,25.7202590849234,0.335809068019111,0.328257536306816
"14289345","2011-07-25",17.6302811596618,0.565217391304347,0.583752505215787,0.415512191220901,26.281643393811,25.4138499395221,25.8477466666666,0.924129341893179,61.9647258318123,25.6384608,25.7656338736003,0.412268390041337,0.34505970705372
"14289344","2011-07-26",19.0266893609382,0.819670688456494,0.690311482074393,0.573265694196898,26.3251028079903,25.4917828586762,25.9084428333332,1.1557151313248,68.3082936487382,25.6947172,25.8484240237869,0.567901005689908,0.389627966780958
"14289343","2011-07-27",20.6236854760453,0.757347774944542,0.714078618235127,0.662714201841768,26.4192203588747,25.4932889744584,25.9562546666666,1.10555459015307,68.7887620576259,25.7330908,25.9239008206153,0.69132315623599,0.449967004671964
"14289342","2011-07-28",22.1910791955597,0.764287248075095,0.780435237158709,0.728275112489409,26.5193045715943,25.4639910950722,25.9916478333332,1.03307904477259,69.4538466313518,25.7789156,25.9942820445333,0.791022278576414,0.518178059452854
"14289341","2011-07-29",21.369941250417,0.385717353293047,0.63578412543756,0.710099326943798,26.5294810422855,25.4727532910477,26.0011171666666,0.594457788725466,53.2608807596248,25.8146816,25.9894604385955,0.70845271264397,0.556232990091077
"14289340","2011-08-01",20.1987235788445,0.300001533789381,0.48333537838584,0.633184913660703,26.5304822410943,25.4748570922389,26.0026696666666,0.469560217436315,50.3958801297645,25.841506,25.9703790467828,0.60139852497294,0.56526609706745
"14289339","2011-08-02",19.1799848714236,0.121430105217951,0.269049664100125,0.462723055974508,26.5322334379372,25.4554092287294,25.9938213333333,0.273672745669524,44.9688321456487,25.8612516,25.9227951738784,0.439083386854211,0.540029555024802
"14289338","2011-08-03",18.9345095142289,0,0.140477213002443,0.297620751829469,26.5488207540634,25.3879055792697,25.9683631666666,0.0927036615022673,40.1289252757241,25.8597616,25.8492678173613,0.232098192707197,0.478443282561281
"14289337","2011-08-04",20.1188510365315,0,0.0404767017393159,0.150001192947294,26.6280795464789,25.2015354535209,25.9148074999999,-0.137782015402017,30.4809751284886,25.81878,25.6973707750464,-0.138138102488417,0.355127005551342
"14289336","2011-08-05",21.422295672687,0,-1.05933780266317e-15,0.0603179715805855,26.7205301078967,24.9917282254365,25.8561291666666,-0.116245183523974,29.1013859846731,25.7684844,25.5495826717069,-0.466275203302335,0.190846563780606
"14289335","2011-08-08",23.9770197542702,0,-1.05933780266317e-15,0.0134922339131041,26.9829316060189,24.5343537273143,25.7586426666666,-0.271862727519107,20.0708084101427,25.6731092,25.2724756488127,-1.07229145789201,-0.061781040553916
"14289334","2011-08-09",26.5081657148279,0,-1.05933780266317e-15,-1.49880108324396e-15,27.1565377722411,24.1406265610921,25.6485821666666,-0.138555104964869,19.0118944312895,25.56991,25.0074788956376,-1.6010921638632,-0.369643265215774
"14289333","2011-08-10",28.8585155353457,0.150132983316639,0.0500443277722118,0.0166814425907361,27.2022617104777,23.9036549561888,25.5529583333333,0.0477499710869464,30.1276844945704,25.4868288,24.847359042886,-1.83541705545929,-0.662798023264477
"14289332","2011-08-11",30.740324527321,0.1474531679965,0.0991953837710452,0.0497465705144182,27.2254639654734,23.7028657011931,25.4641648333333,0.1078846551026,30.048406259639,25.3992772,24.7073471705012,-2.00373967565918,-0.930986353743417
"14289331","2011-08-12",32.487718591298,0.217157150587775,0.171581100633637,0.106940270725631,27.2233242830967,23.5534977169032,25.3884109999999,0.184864944122008,34.8505626286736,25.32551,24.6182915477677,-2.03618203847435,-1.1520254906896
"14289330","2011-08-15",32.9608168120029,0.302948660380182,0.222519659654818,0.164432048019833,27.1992354097436,23.4655079235896,25.3323716666666,0.286756888493028,40.2842996465932,25.2685084,24.5808500080653,-1.94233932129163,-1.31008825681001
"14289329","2011-08-16",32.375707769011,0.428954670535272,0.316353493834409,0.236818084707621,27.1730593193542,23.4299013473123,25.3014803333333,0.402542985702275,47.2440126981642,25.2264092,24.6067686736566,-1.70454276479401,-1.38897915840681
"14289328","2011-08-17",30.7626673307445,0.651652716697404,0.461185349204285,0.33335283423117,27.1524847980389,23.4240865352943,25.2882856666666,0.536431462099246,54.2135104784343,25.2036832,24.7000181838357,-1.32680670001469,-1.37654466672839
"14289327","2011-08-18",30.0175555161286,0.54920566752218,0.543271018251618,0.440269953763437,27.082417403379,23.4059815966208,25.2441994999999,0.460266906769304,48.8487727692314,25.1694076,24.7261917593243,-1.14831896477329,-1.33089952633737
"14289326","2011-08-19",28.9948472392459,0.717684565719128,0.639514316646236,0.547990228034046,27.010437870837,23.4090371291629,25.2097374999999,0.546594601759149,53.1596895464138,25.1526424,24.7960661914144,-0.881342609828373,-1.24098814303557
"14289325","2011-08-22",27.5831975871172,0.724264923561523,0.663718385600943,0.615501240166265,26.9092035779198,23.4239620887467,25.1665828333333,0.553404381660479,51.4397084568458,25.135132,24.8392386992258,-0.704228815841212,-1.1336362775967
"14289324","2011-08-23",26.2723800529978,0.746322150777016,0.729423880019222,0.6775521940888,26.7552573743764,23.4686239589568,25.1119406666666,0.576089816454775,52.1541752957316,25.1239552,24.884105539329,-0.539592287862634,-1.01482747964988
"14289323","2011-08-24",24.8246069300198,0.785941659120221,0.752176244486253,0.715106170035472,26.6214969927952,23.5291140072047,25.0753054999999,0.729256155087156,57.0335187175548,25.1239552,24.9763901340852,-0.276552635051974,-0.867172510730303
"14289322","2011-08-25",23.6570033214914,0.816768974795857,0.783010928231031,0.754870350912168,26.4895699666771,23.5973953666561,25.0434826666666,0.802289495244771,58.8214909225728,25.119112,25.0774821162071,-0.0175705380283109,-0.697252116189904
"14289321","2011-08-26",22.4701732692298,0.652173478131846,0.751628037349307,0.762271736688863,26.3903957537603,23.6335449129062,25.0119703333333,0.66639142261004,51.6108135297353,25.088562,25.0992765007129,0.0282357010044532,-0.552154552751033
"14289320","2011-08-29",21.5615509293493,0.836178087211433,0.768373513379711,0.767670826320016,26.4431201581806,23.6065891751526,25.0248546666666,0.924239563701896,60.4721014259302,25.0893072,25.2299329672845,0.32911184908162,-0.375901272384502
"14289319","2011-08-30",20.7516866312596,0.874575543286396,0.787642369543224,0.769214640090747,26.548453202123,23.5577607978768,25.0531069999999,0.92199135275214,61.5668952729195,25.081856,25.3593125716465,0.59772023308029,-0.181176971291544
"14289318","2011-08-31",20.6948463339012,0.852565580511843,0.854439737003223,0.803485206642052,26.754375592333,23.4682630743335,25.1113193333333,0.9712114973296,64.3481668293229,25.0859544,25.5136655620937,0.898816760833787,0.0348217751335224
"14289317","2011-09-01",20.8369839978879,0.877134481495053,0.868091868431097,0.836724658325848,27.0096775613967,23.3967574386031,25.2032174999999,0.953851486038079,66.1335508792283,25.0971312,25.6760008204812,1.18881114391349,0.265619648889517
"14289316","2011-09-02",20.2635155717526,0.727645292505369,0.819115118170754,0.847215574535024,27.1739382389928,23.406047761007,25.2899929999999,0.828109413093738,61.6521423468299,25.1165044,25.778194044417,1.31104948320986,0.474705615753585
"14289315","2011-09-06",19.1245050108273,0.437769565377669,0.680849779792696,0.789352255464849,27.2019868526428,23.6043294806904,25.4031581666666,0.702582335665241,53.5797013737012,25.1165044,25.7872815051614,1.20717267287971,0.62119902717881
"14289314","2011-09-07",18.0668523471109,0.639487411066465,0.601634089649834,0.700532995871094,27.2058468752142,23.8656081247857,25.5357274999999,0.751004762227202,57.9355570786162,25.1433288,25.8535253044732,1.24699152237329,0.746357526217705
"14289313","2011-09-08",17.2319182045618,0.55981136534095,0.545689447261694,0.609391105568074,27.2091140537248,24.090223946275,25.6496689999999,0.721336536251944,56.9559147167034,25.1768592,25.9010019305435,1.24060486256183,0.845206993486531
"14289312","2011-09-09",17.2283051238524,0.344499696910542,0.514599491105985,0.553974342672503,27.1281094142436,24.3553355857563,25.7417224999999,0.565727502953059,51.6638184208511,25.2200764,25.8862643398043,1.09238476748053,0.89464254828533
"14289311","2011-09-12",17.4451549251499,0.25615896421507,0.38682334215552,0.482370760174399,27.0212023174048,24.6193390159284,25.8202706666666,0.492760898040043,50.1039972544609,25.2629208,25.8561050944971,0.923668020943813,0.900447642817026
"14289310","2011-09-13",17.4306957796369,0.346938440132783,0.315865700419464,0.405762844560322,26.9392829027122,24.845004430621,25.8921436666666,0.538913799869229,52.6340062665056,25.3590412,25.8585297485642,0.847023837681204,0.889762881789862
"14289309","2011-09-14",16.7033933059458,0.341838579269696,0.314978661205849,0.339222567926944,26.9009130224596,24.9960736442069,25.9484933333333,0.560468790517682,52.5093920324172,25.4622404,25.8593897820889,0.774454813489012,0.866701268129692
"14289308","2011-09-15",15.6814729241927,0.566325580376218,0.418367533259565,0.349737298294959,26.9353522020185,25.0578787979813,25.9966154999999,0.707696417515978,57.3015476496861,25.5609688,25.9147764778104,0.834972658619892,0.860355546227732
"14289307","2011-09-16",15.2369487736619,0.629140862195234,0.512435007280382,0.415260400581931,26.9672731677141,25.1861588322858,26.0767159999999,0.850015336428953,60.1554242146736,25.670874,25.9987929474357,0.955390299252379,0.879362496832662
"14289306","2011-09-19",14.5825286133668,0.556295817009266,0.583920753193572,0.504907764577839,26.9891635461343,25.2825567871989,26.1358601666666,0.74877816625132,58.5567642291162,25.7669948,26.0579472211109,1.00681307510222,0.904852612486573
"14289305","2011-09-20",15.3345410242148,0.587377780557467,0.590938153253988,0.56243130457598,27.0833858109076,25.3581591890923,26.2207724999999,0.981202965551985,62.1960723816374,25.864978,26.1551622582961,1.14030598769852,0.951943287528963
"14289304","2011-09-21",16.0328382628595,0.674760773031458,0.606144790199396,0.593667898882318,27.1621350896794,25.4554449103205,26.3087899999999,0.976700463762955,63.8589204276559,25.9521572,26.26176995719,1.28182462730075,1.01791955548332
"14289303","2011-09-22",14.8994466538211,0.242718952613254,0.501619168734059,0.566234037395814,27.1531653365251,25.5153316634748,26.3342484999999,0.475073679740276,51.7408661478011,25.9849424,26.2436366295647,1.12587728432476,1.03951110125161
"14289302","2011-09-23",14.2219075237252,0.378640523693372,0.432040083112694,0.513268014015383,27.1655672323028,25.5650231010304,26.3652951666666,0.608334928069458,54.6561257040761,26.044552,26.262693078956,1.07009041844091,1.04562696468947
"14289301","2011-09-26",13.6586288004204,0.456313715679529,0.359224397328718,0.430961216391823,27.11906124419,25.7295064224765,26.4242838333333,0.662768796979044,56.2814170823198,26.0959656,26.2990793350952,1.05930454602765,1.0483624809571
"14289300","2011-09-27",13.8424113931511,0.597087581045301,0.477347273472734,0.422870584638048,27.1888010024806,25.7339679975193,26.4613844999999,0.849766718882103,59.1399738011484,26.1633988,26.3666274237492,1.12029625774865,1.06274923631541
"14289299","2011-09-28",13.748869524925,0.53398169574916,0.529127664157996,0.455233111653149,27.2320242020972,25.744766131236,26.4883951666666,0.746743660155472,57.3303114552025,26.2237536,26.4090251005826,1.11829065780638,1.07385752061361
"14289298","2011-09-29",13.662009218715,0.543691496236997,0.558253591010486,0.521576176213738,27.2542452977179,25.7411730356153,26.4977091666666,0.730223086756377,57.5455720527727,26.2688336,26.4482537538383,1.10935866389852,1.08095774927059
"14289297","2011-09-30",13.211269263775,0.396739352421853,0.491470848136003,0.526284034434828,27.2327761874287,25.7446351459046,26.4887056666666,0.617039309541304,55.0056810255732,26.3012464,26.4611399199932,1.04184420928093,1.07313504127266
"14289296","2011-10-03",13.1036867087336,0,0.313476949552949,0.454400462899812,27.2286448967312,25.7096471032687,26.4691459999999,0.280074729905663,45.5758759939937,26.3258352,26.3804092639941,0.769093669497223,1.01232676691757
"14289295","2011-10-04",14.0388259339981,0,0.132246450807284,0.312398082832078,27.319569614726,25.5426580519406,26.4311138333333,-0.0964152571585266,38.3116744873216,26.2885792,26.2160613621282,0.331241504928115,0.876109714519679
"14289294","2011-10-05",14.8654345891899,0.0574713589337506,0.0191571196445831,0.154960173334938,27.3682985097309,25.4035834902689,26.3859409999999,0.0341541525020224,40.333070261344,26.2520684,26.0922545138445,0.0253455523067547,0.705956882077095
"14289293","2011-10-06",15.2069187657143,0.145593286575207,0.0676882151696519,0.0730305952071722,27.3828222218312,25.3226197781687,26.3527209999999,0.171329548826832,43.3958371886169,26.2114592,26.0135179119985,-0.149886413764266,0.534788222908822
"14289292","2011-10-07",14.8036172065664,0.3448281536025,0.182630933037152,0.0898254226171283,27.3797552338941,25.3443144327725,26.3620348333333,0.376297966254846,49.6843684596653,26.1816544,26.0098568570654,-0.137022895374894,0.400425999252079
"14289291","2011-10-10",13.8111451501246,0.516128613298584,0.335516684492097,0.195278610899633,27.379681410039,25.4092759232942,26.3944786666666,0.529070835276663,53.7297834063445,26.177556,26.0538746094567,-0.0168354300359219,0.316973713394479
"14289290","2011-10-11",12.9526966295459,0.541126547154815,0.467361104685299,0.328502907404849,27.3855079114415,25.452813755225,26.4191608333333,0.524899180165303,53.365020609419,26.196184,26.0882979948625,0.0688095891961948,0.267340888554822
"14289289","2011-10-12",12.1555658604372,0.575757716601674,0.544337625685024,0.449071804954139,27.3945262713187,25.4885023953479,26.4415143333333,0.536322909805171,54.2568753389005,26.200282,26.1280662622141,0.1577774536349,0.245428201570838
"14289288","2011-10-13",11.4356840265413,0.515154332033483,0.544012865263323,0.518570531877881,27.3931360068006,25.4858569931993,26.4394964999999,0.451085726838438,52.3694291624816,26.2021448,26.1451467605856,0.185767766838119,0.233496114624294
"14289287","2011-10-14",10.9857465785962,0.61904784037406,0.569986629669738,0.552779040206028,27.3816602490914,25.4849140842418,26.4332871666666,0.575212752577977,55.2438399320554,26.229714,26.1897538591742,0.273669672335464,0.241530826166528
"14289286","2011-10-17",10.3652489355663,0.531819157865969,0.555340443424504,0.556446646119188,27.3703516265967,25.4763527067365,26.4233521666666,0.467462758635314,51.6101376977418,26.2528128,26.1961253446176,0.265553296969445,0.246335320327111
"14289285","2011-10-18",10.0509424411517,0.596245740669799,0.582370912969942,0.569232662021394,27.3004949392753,25.4928097273913,26.3966523333333,0.566553438549924,52.8935447219135,26.2710684,26.2140659653353,0.284507500808906,0.25396975642347
"14289284","2011-10-19",10.3457016886381,0.772727272727272,0.633597390421013,0.590436248938486,27.2560689637873,25.5136400362126,26.3848544999999,0.787850382529805,58.0462127959149,26.3057164,26.2830145032906,0.4177225819052,0.286720321519816
"14289283","2011-10-20",10.6194067041613,0.790911043004665,0.719961352133911,0.645309885174955,27.3122102196789,25.5174191136543,26.4148146666666,0.766221510902406,58.5010063704338,26.3254624,26.3477379028518,0.528187137249603,0.335013684665774
"14289282","2011-10-21",11.3587055490264,0.876033167849015,0.813223827860317,0.72226085680508,27.4108882316762,25.486423101657,26.4486556666666,0.898476605978188,62.6435574291283,26.3485612,26.4510221824716,0.715074698573237,0.411025887447266
"14289281","2011-10-24",12.3384188786177,0.795918367346938,0.820954192733539,0.784713124242588,27.5015130282589,25.4566496384077,26.4790813333333,0.881390758850061,62.2910759520996,26.3750128,26.5380512248087,0.846815534444922,0.498183816846798
"14289280","2011-10-25",12.3943662292415,0.621620053102225,0.764523862766059,0.799567294453304,27.4949028196173,25.4586028470493,26.4767528333333,0.719473476086033,56.4740465464894,26.3750128,26.5712523948342,0.844795795463438,0.567506212570126
"14289279","2011-10-26",12.6812621628091,0.564703356111609,0.66074725885359,0.748741771451062,27.5187453840494,25.4518356159505,26.4852904999999,0.761660914446933,57.7244914142097,26.372032,26.6124454088563,0.8613529973859,0.62627556953328
"14289278","2011-10-27",13.6861255336724,0.71428761961922,0.633537009611017,0.686269377076888,27.6223725508414,25.4087494491585,26.5155609999999,0.922792088057762,62.9915245109615,26.4193472,26.7052726876755,0.99229324448955,0.699479104524534
"14289277","2011-10-28",14.0657044803074,0.577639958654263,0.618876978128364,0.63772041553099,27.7058720575614,25.3895166091052,26.5476943333333,0.827173016777342,59.1931617954539,26.4480344,26.7584016626521,1.0217911469105,0.763941513001728
"14289276","2011-10-31",14.4181706450399,0.745343603080925,0.679090393784802,0.643834793841394,27.8226117518692,25.4062782481307,26.6144449999999,0.854110197126999,62.2052698388463,26.4808196,26.8379774409651,1.10765029875222,0.832683270151825
"14289275","2011-11-01",13.5253964543925,0.422360041345737,0.581781201026975,0.626582857646713,27.7718497881488,25.6215875451844,26.6967186666666,0.648861532764541,53.9463662129699,26.4834276,26.8423657821698,1.01809085636466,0.869764787394393
"14289274","2011-11-02",13.3394562036487,0.677016438264813,0.614906694230491,0.625259429680755,27.7467461736767,25.8373171596565,26.7920316666666,0.806329795821293,58.6121725026745,26.5061536,26.8970850112138,1.04956654027972,0.905725137971459
"14289273","2011-11-03",14.1252722447499,0.576188431137969,0.558521636916172,0.585069844057879,27.7664610147767,26.0141276518899,26.8902943333333,0.928315952449213,59.8929620742561,26.5326052,26.9594110097186,1.09498190331498,0.943576491040164
"14289272","2011-11-04",14.8549585686295,0.554997852694867,0.602734240699216,0.592054190615293,27.7966914351607,26.1226755648392,26.9596834999999,0.821589842452723,59.8929620742561,26.5653904,27.0134268750895,1.11767354572283,0.978395901976697
"14289271","2011-11-07",15.5937406880769,0.496813239417357,0.542666507750064,0.56797412845515,27.8592526954217,26.1721926379115,27.0157226666666,0.830053849706165,61.0576450121758,26.6294708,27.0726592917442,1.14980782642966,1.01267828686729
"14289270","2011-11-08",16.6722423369861,0.568622635154101,0.540144575755441,0.561848441401573,27.9384296217002,26.219685711633,27.0790576666666,0.881049010751785,62.5789758071561,26.7267088,27.140138052845,1.19705350301422,1.04955333009668
"14289269","2011-11-09",17.7185011101978,0.589404303124244,0.551613392565233,0.544808158690245,28.0097298402606,26.2741248264059,27.1419273333333,0.860803674607951,63.0572596111009,26.8198488,27.203587645799,1.23086014607272,1.08581469329189
"14289268","2011-11-10",18.6900271138943,0.615897100439412,0.591308012905919,0.561021993742197,28.0427666296072,26.384523703726,27.2136451666666,0.84187682907324,63.5588472155141,26.9059104,27.2635452930258,1.25377359068077,1.11940647276966
"14289267","2011-11-11",19.8366559059927,0.82119139375151,0.675497599105055,0.606139668192068,28.131515787298,26.4401415460352,27.2858286666666,0.933841300227111,67.2676107036012,26.984148,27.3540059206224,1.34118521753694,1.16376222172312
"14289266","2011-11-14",20.2886942050412,0.676052291337451,0.704380261842791,0.657061957951254,28.1322587463758,26.591837253624,27.3620479999999,0.840209050444518,63.0331467182226,27.0411496,27.408809131206,1.34216809590673,1.19944339655984
"14289265","2011-11-15",20.304683649939,0.584504646186649,0.693916110425203,0.691264657124349,28.102648073257,26.7425295934095,27.4225888333333,0.724383270910066,60.2391326027582,27.0944256,27.4401612470452,1.29215326933787,1.21798537111545
"14289264","2011-11-16",19.5886136331039,0.408448574388133,0.556335170637411,0.651543847635134,28.090102205423,26.8199627945769,27.4550324999999,0.563185321218619,55.1740878935478,27.1354072,27.4362864141059,1.17051200307885,1.20849069750813
"14289263","2011-11-17",18.438542000158,0.133805638935725,0.375586286503502,0.541945855855371,28.0644716371539,26.8747770295126,27.4696243333333,0.260307394714254,48.3450613977741,27.1670748,27.3844962255584,0.956242019913622,1.15804096198923
"14289262","2011-11-18",17.1481673869656,0.239439282014835,0.260564498446231,0.397495318529047,28.0625407535931,26.8857115797401,27.4741261666666,0.356751086950031,50.8641344116128,27.1953896,27.358239395484,0.818145971263862,1.09006196384415
"14289261","2011-11-21",16.4056488031993,0,0.124414973650187,0.253521919533306,28.0670559464994,26.8700197201672,27.4685378333333,0.23156103416252,47.6914541136981,27.226312,27.3118874760861,0.648973011666221,1.00184417340857
"14289260","2011-11-22",15.6070677783626,0,0.0798130940049449,0.15493085536712,28.0440992943049,26.9159513723616,27.4800253333333,0.210491274846289,47.5235126629027,27.2531364,27.2704744792746,0.50624186657815,0.902723712042483
"14289259","2011-11-23",16.3195711871089,0,-2.86807614694832e-16,0.0680760225517098,28.131309114901,26.7784462184322,27.4548776666666,-0.188695803862983,37.4386307326151,27.2374888,27.146409882038,0.194470339865171,0.761073037607021
"14289258","2011-11-25",16.9811814952304,0.0507613659897748,0.0169204553299247,0.0322445164449558,28.1937372789273,26.6253617210726,27.4095494999999,-0.0513025854487676,39.3895190533631,27.2240764,27.0513058977663,-0.0254819759216929,0.603762034901278
"14289257","2011-11-28",16.491591636523,0.319795515734171,0.123518960574648,0.046813138634857,28.1977280133696,26.590634653297,27.3941813333333,0.253591581440299,48.5473514670633,27.2162524,27.0347011113974,-0.0521192363383105,0.472585780653361
"14289256","2011-11-29",15.7361884476179,0.263960193148251,0.211505691624065,0.117315035842879,28.1927317319558,26.5453349347107,27.3690333333333,0.256039346032457,46.9614621474696,27.2050756,27.0066502965445,-0.102688843939425,0.357530855734804
"14289255","2011-11-30",15.7546323839542,0.705585167260718,0.429780292047713,0.254934981415475,28.2277961299104,26.5829198700895,27.4053579999999,0.705453347214197,58.5069433883323,27.2389788,27.0903822570052,0.0980556665729715,0.305635817902437
"14289254","2011-12-01",15.9259782978792,0.725886443652378,0.565143934687115,0.402143306119631,28.265968328959,26.5866606710408,27.4263144999999,0.7201872687969,58.9493231209122,27.2706464,27.1679166227378,0.264614693506493,0.297431593023248
"14289253","2011-12-02",15.8332626687348,0.692706440230611,0.708059350381235,0.567661192372021,28.2712647696986,26.5863315636346,27.4287981666666,0.655330687526042,57.304190864544,27.2814504,27.2226944063728,0.364330313424421,0.310811337103483
"14289252","2011-12-05",15.9185570304562,0.765028220081433,0.727873701321474,0.667025662129941,28.2965629929617,26.5874230070382,27.4419929999999,0.687189855308338,58.1839445671498,27.3030588,27.2788618188564,0.45710693495975,0.340070456674736
"14289251","2011-12-06",15.9977589377689,0.786888516010935,0.748207725440993,0.728046925714567,28.317280519382,26.5868861472845,27.4520833333333,0.686238855062897,58.7075765507105,27.3160984,27.3325082430089,0.535178823723559,0.379092130084501
"14289250","2011-12-07",15.2317763625054,0.431696842401699,0.661204526164689,0.712428650975718,28.2870743027682,26.5649343638984,27.4260043333333,0.375967686958052,48.1558489864808,27.3242948,27.2982804772744,0.413410763590316,0.385955856785664
"14289249","2011-12-08",14.9971065619935,0.300546800746278,0.506377386386304,0.638596545997328,28.2530381349073,26.5213535317593,27.3871958333333,0.271768004049469,44.9437490198037,27.3082748,27.2388110803045,0.247820502345042,0.35832878589754
"14289248","2011-12-09",14.7791988900896,0.300546800746278,0.344263481298085,0.503948464616359,28.2114139788346,26.4807036878319,27.3460588333333,0.275676590500684,44.9437490198037,27.287784,27.1872709362639,0.115053852939528,0.309673799305937
"14289247","2011-12-12",15.0150307982818,0.180326907055606,0.260473502849387,0.370371456844591,28.124104792954,26.4450678737125,27.2845863333333,0.205533772961967,41.9677488172452,27.2590968,27.1152814780954,-0.0507216112905051,0.237594717186649
"14289246","2011-12-13",15.064910561128,0.256832075848069,0.245901927883318,0.283546304010263,28.0430632922409,26.427070707759,27.2350669999999,0.290011206368209,44.4869223597901,27.2319,27.070277281016,-0.141913704908225,0.161693032767674
"14289245","2011-12-14",15.36047560177,0.144508849887051,0.193889277596909,0.233421569443204,27.9862565417522,26.3879431249143,27.1870998333333,0.238057319929008,42.7730015992307,27.1953892,27.0163709768805,-0.244904277454583,0.0803735707232227
"14289244","2011-12-15",15.2426085889772,0.0933361964068438,0.164892374047321,0.201561193175849,27.9473512678679,26.361650732132,27.1545009999999,0.328977165682738,45.0527605985753,27.1618588,26.9845548466298,-0.289944913276552,0.00630987392326776
"14289243","2011-12-16",14.8059088781483,0.0666666666666679,0.101503904320187,0.153428518654805,27.940718801612,26.3390988650546,27.1399088333333,0.345600802232268,44.4175108938426,27.1253476,26.9520128670791,-0.33304580205521,-0.0615612612724277
"14289242","2011-12-19",15.3417224985075,0,0.0533342876911703,0.106576855352892,27.9400803111078,26.2624306888921,27.1012554999999,0.160968838505894,38.1850349597383,27.0612672,26.8704098181353,-0.481989646999148,-0.145646938417772
"14289241","2011-12-20",15.8392637174124,0.09289745725919,0.053188041308619,0.0693420777733249,27.9403255434133,26.2072327899199,27.0737791666666,0.225289275079512,41.6697936441504,27.0105992,26.8207991757172,-0.5465647393189,-0.225830498597997
"14289240","2011-12-21",14.8636174655944,0.252809293740839,0.115235583666676,0.0739193042221545,27.9314782043572,26.197762128976,27.0646201666666,0.445560001813339,46.9721407355134,26.975206,26.8125752856216,-0.513435992075884,-0.283351597293575
"14289239","2011-12-22",14.3150446338142,0.567420033898509,0.304375594966179,0.157599739980491,27.9459155410841,26.2677721255824,27.1068438333333,0.655407555908309,55.6546579819075,26.9699904,26.8749932475387,-0.32652497365615,-0.29198627256609
"14289238","2011-12-23",14.3885231183575,0.74712459275348,0.522451306797609,0.314020828476821,27.988810546386,26.3338507869472,27.1613306666666,0.785992452263952,59.3650617698524,26.9901084,26.9651021478669,-0.0966381988404486,-0.252916657820962
"14289237","2011-12-27",14.4567531397193,0.828024345209601,0.714189657287196,0.513672186350328,28.0398743948213,26.3451906051786,27.1925324999999,0.753548283929314,59.3650617698524,27.004638,27.0431965281513,0.0840186927771658,-0.185529587701336
"14289236","2011-12-28",14.6282411426504,0.860764740658192,0.81197122620709,0.682870730097298,28.0935883284121,26.3622633382544,27.2279258333333,0.758226600556389,60.1649285470373,27.028482,27.1183303243978,0.240599356446891,-0.100303798871691
"14289235","2011-12-29",14.8328819377941,0.881254026197122,0.856681037354971,0.794280640283085,28.0884375313533,26.3643094686466,27.2263734999999,0.781813849664937,60.8563395739367,27.0545612,27.1896556144781,0.373767371560207,-0.00548956478531103
"14289234","2011-12-30",14.1834986200431,0.712502684131414,0.818173816995575,0.828942026852545,28.0472031601568,26.3788441731764,27.2130236666666,0.689441442639057,55.2768334969721,27.0970332,27.2179401992143,0.399847998305436,0.0755779478328384
"14289233","2012-01-03",14.4274318719856,0.268748657934293,0.620835122754276,0.765229992368274,27.98914362706,26.3772940396066,27.1832188333333,0.444910802663528,43.8830807281963,27.1093276,27.1542801726524,0.22180245060095,0.104822848386461
"14289232","2012-01-04",14.8260907457554,0.212502684131414,0.397918008732373,0.612308982827408,27.9121680975026,26.3561625691639,27.1341653333333,0.27293868162292,42.6821882385684,27.0985236,27.0879321496321,0.0548421909797536,0.0948267169051192
"14289231","2012-01-05",15.5700685702224,0.0875026841314138,0.18958467539904,0.402779268961896,27.8293237680343,26.3200982319656,27.0747109999999,0.175696140192842,40.0585412162066,27.0843664,27.0055931963478,-0.131909648083384,0.0494794439074187
"14289230","2012-01-06",16.3351100613195,0.0624999999999988,0.120835122754275,0.236112602295229,27.826571488409,26.2567208449243,27.0416461666666,0.18752473234584,39.5350584138899,27.036306,26.9292647701681,-0.288260985191768,-0.0180686419124187
"14289229","2012-01-09",16.8798866209036,0.106251342065707,0.0854180087323728,0.131945935628562,27.8296478711726,26.2154571288273,27.0225524999999,0.244481353712887,40.9882902877035,26.9893636,26.8718068008124,-0.388550500006724,-0.0921650135312797
"14289228","2012-01-10",16.7973078744572,0.233333333333334,0.134028225133013,0.11342711887322,27.8272720860447,26.2060352472885,27.0166536666666,0.390941083309639,46.5245187148779,26.9565784,26.8567818940374,-0.385401633831906,-0.150812337591405
"14289227","2012-01-11",17.8486590436023,0,0.11319489179968,0.110880375221688,27.8471425073063,26.1464251593602,26.9967838333333,0.144847608532537,38.4728402861187,26.8995768,26.7717323081657,-0.53943381658863,-0.22853663339085
"14289226","2012-01-12",19.2163659339807,0,0.0777777777777776,0.108333631570156,27.8917746853553,26.0229346479779,26.9573546666666,0.0450593328863075,35.6119659113116,26.8317708,26.6669760004103,-0.724256290175262,-0.327680564747732
"14289225","2012-01-13",20.7076360885278,0,-3.33066907387547e-16,0.0636575565258185,27.9455573217996,25.8884310115336,26.9169941666666,0.0353854410575053,33.9793087000854,26.7825928,26.5575592003556,-0.903741617075926,-0.442892775213371
"14289224","2012-01-17",21.3712931312372,0.0469484041373461,0.0156494680457817,0.0311424152745191,27.9672243352775,25.7875949980557,26.8774096666666,0.139484726486494,36.0831259570499,26.746082,26.4751499736415,-1.00700400279561,-0.555715020729819
"14289223","2012-01-18",22.0742047406694,0.0234742020686731,0.0234742020686727,0.0130412233714842,27.9871770143293,25.6788489856706,26.8330129999999,0.141157442508477,35.4744332489069,26.7077084,26.3975193104893,-1.09116992261656,-0.662806001107168
"14289222","2012-01-19",22.8169352983534,0,0.0234742020686727,0.0208659573943752,28.012529346871,25.5979233197955,26.8052263333333,0.156888263602143,34.8414748618997,26.6756684,26.3240300690907,-1.15940636649126,-0.762126074183985
"14289221","2012-01-20",23.9554644948102,0,0.00782473402289069,0.0182577127200782,28.0584504644401,25.4622775355598,26.7603639999999,0.0917334107925677,31.6764504993595,26.628726,26.228051393212,-1.2739305051411,-0.864486960375408
"14289220","2012-01-23",24.4709527339074,0.0296574314180434,0.0098858104726808,0.0137282488547475,28.0616848464146,25.341065820252,26.7013753333333,0.165182081268925,33.4296235884972,26.588862,26.1535618741171,-1.33014221026897,-0.95761801035412
"14289219","2012-01-24",25.0627016682284,0.00653314994666765,0.01206352712157,0.00992469053904662,28.0095540014329,25.2255443319003,26.6175491666666,0.167230861250754,32.6560908997809,26.542292,26.0815536242348,-1.3767438466716,-1.04144317761762
"14289218","2012-01-25",23.9361534217477,0,0.01206352712157,0.0113376215719397,27.879080125623,25.1722218743769,26.5256509999999,0.230692338126312,31.4792981664172,26.4938592,26.0079691410035,-1.42389382232575,-1.11793330655924
"14289217","2012-01-26",22.5879207567792,0.411390168657669,0.139307772868112,0.0544782757037501,27.7168097862039,25.1957135471294,26.4562616666666,0.412009837931437,46.4793286503061,26.4856628,26.0249172555363,-1.25912327932515,-1.14617130111242
"14289216","2012-01-27",21.986500307056,0.234177301205473,0.215189156621047,0.122186818870242,27.5150250668009,25.230466933199,26.3727459999999,0.338892550852712,42.1943320406156,26.4607012,26.0048336214648,-1.19565944640895,-1.15606893017173
"14289215","2012-01-30",22.0754401202586,0.0316453975890509,0.225737622484064,0.193411517324407,27.2730617685669,25.2669008980997,26.2699813333333,0.194432281566146,37.8945159968199,26.413386,25.9476878052695,-1.22403111946675,-1.16966136803073
"14289214","2012-01-31",21.855953275116,0.138468145554253,0.134763614782926,0.191896797962678,27.0236087625195,25.3403195708137,26.1819641666666,0.254511879458331,40.5453668877109,26.3500508,25.9143067645669,-1.19538798208414,-1.17480669084141
"14289213","2012-02-01",21.2911708245475,0.319593562526289,0.163235701889864,0.174578979718951,26.8596154245841,25.3835419087491,26.1215786666666,0.34088507055123,43.1579717539003,26.2807548,25.9015205292913,-1.12216035833573,-1.16427742434028
"14289212","2012-02-02",21.1407210158957,0.144334004825894,0.200798570968812,0.1662659625472,26.7585448959072,25.3827791040927,26.0706619999999,0.276023892656764,40.642762299144,26.2051252,25.8693271253858,-1.10087840209491,-1.1515976198912
"14289211","2012-02-03",21.4898076193655,0,0.154642522450727,0.172892265103134,26.6969098178209,25.3444435155124,26.0206766666666,0.17827664226662,37.3346901625419,26.1183184,25.811620842001,-1.14091312422021,-1.14946072075701
"14289210","2012-02-06",21.8139594654446,0.056080674292593,0.0668048930394952,0.140748662153011,26.6298153167016,25.3121890166316,25.9710021666666,0.186264990325405,38.6785916089199,26.0318844,25.7690607297342,-1.14236699607942,-1.14804197582149
"14289209","2012-02-07",21.4340065978038,0,0.0186935580975307,0.0800469911959172,26.5302960086959,25.3077023246373,25.9189991666666,0.214571975505797,37.5232618727061,25.9525292,25.7222406324363,-1.15385792194547,-1.14920516504628
"14289208","2012-02-08",20.9477806686244,0.238529579795514,0.0982034180293688,0.0612339563887977,26.3094143885894,25.4189892780772,25.8642018333333,0.364890190936551,43.4367309348422,25.9093124,25.7139512147782,-1.07477887857672,-1.13431990775237
"14289207","2012-02-09",20.4962851629579,0.24770000591005,0.162076528568521,0.0929911682318064,26.207286661681,25.4562293383188,25.8317579999999,0.38301203658695,43.6575272602857,25.8698208,25.7080083861411,-0.997704056222093,-1.10699673744632
"14289206","2012-02-10",20.0829811625132,0.335993128623579,0.274074238109714,0.178118061569201,26.1997197456137,25.4597599210529,25.8297398333333,0.820341941276929,47.0009255819013,25.8433688,25.7214859346556,-0.882599366074166,-1.06211726317189
"14289205","2012-02-13",19.810578158504,0.407690655919128,0.330461263484252,0.255537343387496,26.2312045914011,25.4472137419321,25.8392091666666,0.89719957642913,49.3736138689029,25.8225056,25.7468278100349,-0.750580248647992,-0.999809860267107
"14289204","2012-02-14",19.0079482208683,0.26923076923077,0.337638184591159,0.314057895395041,26.2008374632373,25.4518122034292,25.8263248333333,0.510157868376851,45.763464385858,25.7923284,25.7464374353635,-0.690512663784904,-0.937950420970667
"14289203","2012-02-15",18.6056880275556,0.338456583142003,0.3384593360973,0.335519594724236,26.1917179313242,25.4537910686757,25.8227544999999,0.649778393489269,47.8178456957181,25.7550724,25.7572751106484,-0.609616846874117,-0.872283706151357
"14289202","2012-02-16",19.2893370317155,0.530764275449694,0.379483875940822,0.351860465543093,26.2444668894014,25.4280524439318,25.8362596666666,1.00291899611991,53.1291942532906,25.7487388,25.7977144292286,-0.467245040370823,-0.79127597299525
"14289201","2012-02-17",19.9426087237302,0.784608777522671,0.551276545371456,0.423073252469859,26.3574952110968,25.3904671222364,25.8739811666666,1.10068799795806,59.0537134173011,25.7640136,25.8737431719981,-0.255647291158778,-0.684150236627956
"14289200","2012-02-21",20.1745068509622,0.699996696453643,0.671789916475336,0.534183445929204,26.4313851971778,25.3749451361554,25.9031651666666,0.945816269226818,56.4905528517638,25.7807788,25.925974749065,-0.118813406264562,-0.571082870555277
"14289199","2012-02-22",20.7390889485779,0.692304227044073,0.725636567006795,0.649567676284528,26.5165632265154,25.3683151068178,25.9424391666666,0.965193446291711,57.9210301944225,25.7967988,25.981176782523,0.012437964367118,-0.454378703570798
"14289198","2012-02-23",21.2633437535068,0.825174562654855,0.73915849538419,0.71219499295544,26.6172381213215,25.3471198786783,25.9821789999999,0.979712029591897,61.1851431422097,25.8217604,26.0526145448533,0.169080067294214,-0.329686949397796
"14289197","2012-02-24",22.2350445619745,0.783134556179339,0.766871115292755,0.74388872589458,26.7167228258168,25.2982418408498,26.0074823333333,1.01676007017498,63.1304078022077,25.8530556,26.1294299388729,0.323591911476351,-0.199031177222966
"14289196","2012-02-27",23.2338149684661,0.830406419328307,0.8129051793875,0.772978263354815,26.8435578201385,25.2539908465281,26.0487743333333,0.991802073339388,65.018259799252,25.8985076,26.2109046136898,0.474477438611975,-0.064329454055978
"14289195","2012-02-28",23.3268984708728,0.655172413793102,0.756237796433583,0.778671363704612,26.9147489436726,25.2830807229939,26.0989148333333,0.843733176200962,59.2959714889302,25.9335284,26.2554373318645,0.527428381252837,0.054022113005785
"14289194","2012-02-29",22.532232458272,0.479168219978825,0.654915684366744,0.741352886729275,26.9467537241057,25.3184469425608,26.1326003333333,0.690287442664485,53.2836444669077,25.9614704,26.2629856876159,0.492127217440275,0.141643133892683
"14289193","2012-03-01",21.8735830590205,0.588237151653904,0.574192595141943,0.661782025314089,26.99397994454,25.3395233887932,26.1667516666666,0.743577464717118,56.8635373070122,25.9998444,26.2931235959338,0.512518306906151,0.215818168495377
"14289192","2012-03-02",21.0474746311625,0.544114628562405,0.537173333398378,0.588760537635688,27.0244779626561,25.3854000373438,26.2049389999999,0.696043760359251,55.4191616330175,26.0117664,26.3117911164759,0.505639632150823,0.273782461226466
"14289191","2012-03-05",19.9226244289215,0.470584984605668,0.534312254940659,0.548559394493659,27.021023498571,25.4739225014289,26.2474729999999,0.622011211301284,53.0029597294286,26.0303944,26.3155509676125,0.466246239856916,0.312275216952556
"14289190","2012-03-06",18.6291904190024,0.377950426078723,0.464216679748932,0.511900756029322,26.9952233662457,25.5813749670875,26.2882991666666,0.560714312358041,51.3163106200328,26.0583364,26.3101161719308,0.410315978012465,0.331883369164538
"14289189","2012-03-07",18.6680714987205,0,0.282845136894797,0.427124690528129,26.9574958985124,25.6517011014875,26.3045984999999,0.187106145929297,41.0639252808535,26.0624344,26.2420713490067,0.217654354518704,0.309037566235371
"14289188","2012-03-08",18.1824349109546,0.161535157992107,0.17982852802361,0.308963448222445,26.9318258790562,25.7102801209437,26.3210529999999,0.296924239893751,45.8603082463537,26.0695128,26.2091778358058,0.123473557326381,0.271924764453573
"14289187","2012-03-09",17.3306946114148,0.230769230769232,0.130768129587113,0.197813931501839,26.8984365679957,25.7858930986708,26.3421648333333,0.341772624452962,47.8203760379649,26.086278,26.1918474576984,0.0737462598106919,0.232289063524997
"14289186","2012-03-12",16.4409959506717,0.407690655919131,0.26666501489349,0.192420557501403,26.9002313089871,25.8163870243461,26.3583091666666,0.528931739037083,52.5481202029706,26.1205536,26.2053904633386,0.0991766733646315,0.205666585492924
"14289185","2012-03-13",15.6732870647074,0.415387918930973,0.351282601873112,0.249571915451237,26.9045521000356,25.8372138999643,26.3708829999999,0.529235032218133,52.7487092796477,26.1529664,26.2183704015601,0.120788598936561,0.188690988181651
"14289184","2012-03-14",14.874174518929,0.238458234915182,0.353845603255095,0.323931073340565,26.8696726231571,25.9124537101761,26.3910631666666,0.33961192375334,47.7518916727632,26.1797904,26.2010556813521,0.0711408048008177,0.165180951505485
"14289183","2012-03-15",14.2529946669376,0.207693959465487,0.287180037770547,0.330769414299584,26.8488611767723,25.9525141565609,26.4006876666666,0.193291035204448,46.9196167885816,26.195438,26.1810829238385,0.0200633918349347,0.136157439571375
"14289182","2012-03-16",13.2365156288293,0.324783893405767,0.256978695928812,0.299334778984817,26.8491245674362,25.9510090992303,26.4000668333333,0.31557660917386,49.5252926340126,26.2148112,26.17743320066,0.0110218597164202,0.111130323600384
"14289181","2012-03-19",12.5905277438011,0.37999785269487,0.304158568522041,0.282772434073799,26.8426300081572,25.9382546585093,26.3904423333333,0.358389550257202,49.5252926340126,26.228596,26.1742701072387,0.0038117588760489,0.0896666106555168
"14289180","2012-03-20",12.3043586164244,0.100000000000002,0.268260582033546,0.276465948828132,26.8578198437179,25.8830144896153,26.3704171666666,0.0929678012162024,43.2564729137511,26.2278508,26.1367567596069,-0.0814383238276872,0.055445623758876
"14289179","2012-03-21",12.6270743061607,0,0.159999284231624,0.244139478262403,26.88234957115,25.7895614288499,26.3359554999999,-0.00201145622971361,39.2443329292523,26.225988,26.0781665249926,-0.207235724450927,0.00290935411691536
"14289178","2012-03-22",13.2141781846935,0,0.0333333333333337,0.153864399866167,26.8904678052725,25.6920285280607,26.2912481666666,0.00441808389738284,37.292943175657,26.216674,26.0137269883269,-0.335143358837831,-0.0647011884740338
"14289177","2012-03-23",13.4441912160271,0.129633863864559,0.0432112879548525,0.0788479685066026,26.8417696894091,25.6475866439241,26.2446781666666,0.135247291739092,41.2938513335661,26.203262,25.97526605655,-0.391798871518456,-0.130120725082918
"14289176","2012-03-26",13.8287533198166,0.0740722331023651,0.0679020323223076,0.0481488845368306,26.7571618506405,25.627877816026,26.1925198333333,0.14122415538125,40.1125422227506,26.17532,25.93448124901,-0.449061011438667,-0.193908782354068
"14289175","2012-03-27",12.9547930481317,0.296298873656689,0.166668323541204,0.0925938812727873,26.6868524175384,25.6360939157949,26.1614731666666,0.383290816621394,46.6823812513917,26.1604176,25.928939749142,-0.420104834187052,-0.239147992720665
"14289174","2012-03-28",12.1763578794452,0.287043572486605,0.219138226415219,0.15123619409291,26.6526640031693,25.6283696634973,26.1405168333333,0.385582855636195,46.4538112034259,26.1421624,25.9228957825897,-0.395501628025796,-0.270418719781691
"14289173","2012-03-29",11.759026371928,0.203706096966924,0.262349514370072,0.216052021442164,26.5891667814783,25.6251162185215,26.1071414999999,0.287450809594317,44.3482064728297,26.1134752,25.9064803449111,-0.397544206126332,-0.295843817050619
"14289172","2012-03-30",11.3130213142559,0.388891650346451,0.293213773266659,0.258233838017316,26.5279303504311,25.6438189829022,26.0858746666666,0.517032545016142,49.794015768643,26.0877684,25.9170909655896,-0.337258403036678,-0.304126734247831
"14289171","2012-04-02",11.4275917441837,0.623756271791821,0.405451339701731,0.32033820911282,26.5007492563445,25.6557870769887,26.0782681666666,0.743606761378333,54.7958228050151,26.0654148,25.952365503511,-0.226019511939646,-0.288505289786194
"14289170","2012-04-03",10.8390218933272,0.458334731309064,0.490327551149112,0.396330888039167,26.4678976761969,25.6650436571363,26.0664706666666,0.5893304780579,49.9474305804271,26.0438064,25.9593421030429,-0.190723004417104,-0.268948832712376
"14289169","2012-04-04",10.2129237542085,0.343745456578873,0.475278819893252,0.457019236914698,26.4666548079019,25.6756005254313,26.0711276666666,0.396385955869825,47.3358444819244,26.0274136,25.9517271559705,-0.192384286244418,-0.253635923418784
"14289168","2012-04-05",10.5688376541362,0.020835430296928,0.274305206061622,0.413303859034661,26.4763640157033,25.6317403176299,26.0540521666666,0.118083768267736,40.8533634246211,25.9923928,25.9066302018411,-0.280357532677755,-0.258980245270579
"14289167","2012-04-09",11.1168097686685,0,0.121526962291933,0.290370329415602,26.4818343406218,25.5747326593781,26.0282834999999,0.0838097964765392,39.3555276394495,25.9566272,25.8576115082623,-0.369263971225953,-0.281036990461653
"14289166","2012-04-10",12.6689019014948,0,0.00694514343230903,0.134259103928621,26.5173797130165,25.4208996203167,25.9691396666666,-0.195269956784599,32.2031072774556,25.907822,25.759244640494,-0.564673709222507,-0.337764334213824
"14289165","2012-04-11",14.1101303105478,0.0476204388091974,0.0158734796030655,0.048115195109102,26.5079904484021,25.3138638849311,25.9109271666666,-0.0636676384146725,34.2062659796766,25.8642328,25.6826866884281,-0.69192797362374,-0.408597062095807
"14289164","2012-04-12",15.5137823927627,0.0272064623564815,0.0249423003885593,0.0159203078079773,26.507539445363,25.2131025546368,25.8603209999999,0.00951052831133236,33.7459603775245,25.838526,25.6126097966377,-0.79301865700504,-0.485481381077654
"14289163","2012-04-13",17.4746527421031,0,0.0249423003885593,0.0219193601267274,26.5450767844138,25.0594505489194,25.8022636666666,-0.0638297933359437,29.1072985598701,25.7927012,25.510895157086,-0.959823077087563,-0.580349720279636
"14289162","2012-04-16",18.8524497610253,0.0738621459552113,0.0336895361038973,0.0278580456270047,26.5230688109411,24.9656541890588,25.7443614999999,0.071102331636896,33.0136131901932,25.7483664,25.4388864694745,-1.04255134557584,-0.672790045338876
"14289161","2012-04-17",20.1318327071674,0.0965917756074344,0.0568179738542149,0.0384832701155565,26.4761862549443,24.8951804117223,25.6856833333333,0.122472405214605,34.214904472932,25.6969532,25.3814469402113,-1.08431724206298,-0.755095484683697
"14289160","2012-04-18",21.3424334165962,0.0909124183325503,0.0871221132983984,0.0592098744188362,26.4618343259399,24.8201183407266,25.6409763333333,0.157994233844096,34.0505892056022,25.6447948,25.3304246815164,-1.10800275278192,-0.825676938303342
"14289159","2012-04-19",22.6300060634821,0.0511386165793304,0.0795476035064381,0.0744958968863498,26.4648594438863,24.7385452227803,25.6017023333333,0.15254355628511,32.8603946507869,25.5985976,25.2775120573142,-1.13484980862409,-0.887511512367493
"14289158","2012-04-20",22.604081825889,0.125000762534542,0.0890172658154739,0.0852289942067695,26.4576314283027,24.6920629050305,25.5748471666666,0.265159402650555,37.247082667655,25.5587336,25.2477984496723,-1.10498561087443,-0.931006332068881
"14289157","2012-04-23",22.5800093195526,0.161677724630973,0.112605701248281,0.0937235235233971,26.4363350497876,24.6475399502123,25.5419374999999,0.281398011007828,38.9006173011224,25.5166344,25.228255989716,-1.05438800677343,-0.955682667009791
"14289156","2012-04-24",21.4317106279364,0.26950079191033,0.185393093025281,0.129005353363012,26.4104479490185,24.624683717648,25.5175658333333,0.378125475444439,42.4907265467661,25.4786332,25.2249791910872,-0.97036544112189,-0.958619221832211
"14289155","2012-04-25",20.8606895424482,0.191664877245724,0.207614464595676,0.168537752956412,26.3460361626799,24.60030183732,25.4731689999999,0.315398218397193,39.1153782811865,25.4454752,25.2035112989423,-0.937710965322558,-0.95443757053028
"14289154","2012-04-26",19.4464802145683,0.309094813282057,0.256753494146037,0.216587017255664,26.2747822381984,24.5982854284681,25.4365338333333,0.412963051394009,42.7097009660066,25.4242392,25.19856712575,-0.869056716841687,-0.937361399792562
"14289153","2012-04-27",18.2308268132009,0.617279041408195,0.372679577311992,0.279015845351234,26.2225637828074,24.6014502171925,25.4120069999999,0.499808567801876,47.5587581965272,25.4130624,25.2141515089833,-0.758187014194045,-0.901526522672858
"14289152","2012-04-30",17.1590786986248,0.481482954244209,0.469285602978154,0.366239558145393,26.1191642120363,24.6250597879636,25.3721119999999,0.453765837545477,44.7542142820139,25.3925716,25.2139979744522,-0.695081220816385,-0.860237462301564
"14289151","2012-05-01",16.6113659477277,0.627661275584798,0.575474423745734,0.472479868011959,25.9573277816924,24.7092798849742,25.3333038333333,0.6399301264473,50.4731049075975,25.3817676,25.2387022445252,-0.578801150189223,-0.803950199879096
"14289150","2012-05-02",16.1027755361803,0.659573739035087,0.589572656288031,0.544777561003972,25.815265531311,24.7895591353555,25.3024123333333,0.712485432016538,51.2876157666298,25.3631396,25.2638379452552,-0.472288594965342,-0.737617878896345
"14289149","2012-05-03",15.3808936922697,0.540231019844013,0.609155344821299,0.591400808285021,25.6945216623784,24.8609393376215,25.2777304999999,0.761277333021959,49.533066097611,25.3426488,25.2781715525545,-0.401101511290758,-0.670314605375228
"14289148","2012-05-04",14.7105748372099,0.620680718728405,0.606828492535835,0.601852164548387,25.6493735403826,24.8865277929506,25.2679506666666,0.851223473730215,51.6127317909774,25.3281188,25.2992860122139,-0.320201838798329,-0.600292052059848
"14289147","2012-05-07",13.817880574807,0.551720308026458,0.570877348866292,0.595620395407808,25.607111574949,24.9082987583842,25.2577051666666,0.769230179441955,49.7213063017169,25.3039024,25.3101345439187,-0.270788897830787,-0.534391421214036
"14289146","2012-05-08",13.5639420524117,0.540231019844013,0.570877348866292,0.582861063422805,25.6334105211899,24.90963147881,25.2715209999999,0.792334613573477,49.3965133074635,25.27149,25.3182952713962,-0.231921703919269,-0.473897477755082
"14289145","2012-05-09",13.2785526231736,0.445940456154608,0.512630594675026,0.551461764135869,25.6562455653149,24.911012434685,25.2836289999999,0.763498304887155,49.0510804732867,25.2457832,25.3241252352101,-0.201761477540896,-0.419470277712245
"14289144","2012-05-10",13.6807954148101,0.735635304571036,0.573935593523219,0.552481179021511,25.7281192341106,24.8897450992226,25.3089321666666,1.00400469482097,58.9399141266316,25.2360968,25.3689178705154,-0.0820688003359105,-0.351989982236978
"14289143","2012-05-11",13.6317992276841,0.643683976700565,0.608419912475403,0.564995366891215,25.7614235665814,24.9275377667518,25.3444806666666,0.897071957256515,56.013005978573,25.2349792,25.39780348778,-0.0108828958411245,-0.283768564957808
"14289142","2012-05-14",12.7662814912412,0.390808569454042,0.590042616908547,0.590799374302389,25.7646253986519,24.9628339346813,25.3637296666666,0.621777716178053,48.8312490593861,25.2286456,25.395516356076,-0.0193451569102554,-0.230883883348297
"14289141","2012-05-15",12.6417204745391,0.0789421637046901,0.371144903286432,0.523202477556793,25.7575067787357,24.9960318879309,25.3767693333333,0.464324496673517,44.1233957668975,25.2327436,25.3724221752659,-0.0755034517676334,-0.199807797032164
"14289140","2012-05-16",12.5260566733157,0.0704229611819312,0.180057898113554,0.380415139436177,25.7466095503099,25.03518144969,25.3908954999999,0.459416606342299,45.4560232918911,25.235724,25.3573752185638,-0.106972546159889,-0.181240746857709
"14289139","2012-05-17",11.8378060651562,0.338021140498119,0.16246208846158,0.237888296620521,25.7277967537641,25.1055312462357,25.4166639999999,0.661650183268119,51.386049722965,25.2469008,25.3679291894219,-0.0747678764699833,-0.159946172780164
"14289138","2012-05-18",11.9688028448908,0.0571489923003772,0.155197697993476,0.165905894856202,25.7174963619243,25.141289971409,25.4293931666666,0.474679501002709,46.000199972567,25.2632936,25.353481297499,-0.104334417874918,-0.148823821799115
"14289137","2012-05-21",12.350618034277,0,0.131723377599499,0.149794388018184,25.7043355688067,25.1665590978599,25.4354473333333,0.196043476244287,44.1635347752852,25.2722352,25.3322664578325,-0.146860208188071,-0.148431099076906
"14289136","2012-05-22",12.391062527145,0.150679491704908,0.069276161335095,0.118732412309356,25.7025261979955,25.1742671353377,25.4383966666666,0.349537208252743,47.6973437774402,25.2837844,25.3275402634548,-0.146271912748575,-0.14799926181124
"14289135","2012-05-23",11.644701371556,0,0.0502264972349692,0.08374201205652,25.6836306005841,25.2089967327491,25.4463136666666,0.211208275215363,43.3952071268388,25.2897452,25.3035748949942,-0.191112611485655,-0.156621931746123
"14289134","2012-05-24",10.9492097773725,0.192308221723632,0.114329237809513,0.0779439654598583,25.6796130653593,25.2260536013073,25.4528333333333,0.429836469403665,48.1197488981165,25.3039024,25.3014329089949,-0.180053526846624,-0.161308250766223
"14289133","2012-05-25",10.3506027265354,0.589739707360045,0.260682643027892,0.141746126024124,25.6997954952793,25.2263618380539,25.4630786666666,0.824279155745894,56.2473116632495,25.3247656,25.3380738544623,-0.0783685960885183,-0.144720319830682
"14289132","2012-05-29",10.5182063053763,0.666671254938129,0.482906394673935,0.285972758503779,25.7298262197452,25.2363814469214,25.4831038333333,0.946722400304204,57.6309848152514,25.3460016,25.377281340534,0.0196612292910237,-0.111844010006341
"14289131","2012-05-30",10.1391029239857,0.320513702872716,0.525641555056963,0.423076864252929,25.7326677954273,25.2369548712392,25.4848113333333,0.615554784241068,49.9729431539679,25.3530804,25.3777304951295,0.017146189889905,-0.0860459700270919
"14289130","2012-05-31",10.3748765302944,0.129869767701272,0.372351575170706,0.460299841633867,25.7294183042414,25.2253020290918,25.4773601666666,0.289684433480186,46.2926497120526,25.3601592,25.3594917624455,-0.0289451190944701,-0.0746257998405675
"14289129","2012-06-01",10.3967369377809,0.207786050921666,0.219389840498551,0.372460990242073,25.7267090794131,25.2205592539201,25.4736341666666,0.396023870108675,47.9439730787053,25.3653748,25.3511355274528,-0.0471706700991281,-0.0691347738922796
"14289128","2012-06-04",10.4170358875898,0.467525586324215,0.268393801649051,0.286711739106102,25.7273393337191,25.2205499996141,25.4739446666666,0.634464813577289,53.1187549922572,25.3720808,25.3687307904591,-0.00231906507172086,-0.0557716321281679
"14289127","2012-06-05",9.88735247634291,0.584413954655735,0.419908530633872,0.302564057593824,25.750212925775,25.2190987408915,25.4846558333333,0.830275808214786,55.2735377960319,25.386238,25.3951573517312,0.0591575608817729,-0.0327857935261797
"14289126","2012-06-06",9.79276197933842,0.337655818622938,0.463198453200962,0.383833595161294,25.7502126002358,25.2190983997641,25.4846554999999,0.497071251345656,50.0442404777875,25.3858652,25.3944643715004,0.0510387398166223,-0.0160208868576193
"14289125","2012-06-07",9.50905968260866,0.775002684131413,0.565690819136695,0.482932600990509,25.79499535479,25.2044313118766,25.4997133333333,0.976561354144845,58.1274996744225,25.3977872,25.4385717886337,0.149311509796113,0.0170455924731271
"14289124","2012-06-08",9.92839055197329,0.606057976987062,0.572905493247137,0.533931588528264,25.8173740348445,25.1916772984887,25.5045256666666,1.01654043866225,57.5701225695479,25.4111992,25.4743142168158,0.218607824167827,0.0573580388120671
"14289123","2012-06-11",10.3177692163833,0.616154605298831,0.665738422139101,0.601444911507644,25.8470743023226,25.1768790310106,25.5119766666666,0.966485933353009,57.7879564210718,25.422376,25.5065323212404,0.27320452708659,0.100527336466972
"14289122","2012-06-12",10.0650761193472,0.484844212603975,0.569018931629956,0.602554282338731,25.862570958167,25.1815627084995,25.5220668333333,0.7072023357558,53.9114374020173,25.4309448,25.5183106784083,0.274949901756494,0.135411849524876
"14289121","2012-06-13",9.55798442639007,0.359551239519873,0.486850019140893,0.573869124303316,25.8713120436223,25.2020056230442,25.5366588333333,0.656556842693293,52.1719925100968,25.4376508,25.5210679212872,0.255711411503956,0.159471761920692
"14289120","2012-06-14",9.30241567240481,0.561795041920502,0.46873016468145,0.508199705150765,25.8961268207976,25.2178618458689,25.5569943333333,0.812177405330867,56.6872014520168,25.4514356,25.5458108651156,0.290078226929502,0.185593054922454
"14289119","2012-06-15",9.28249078421265,0.629205621569454,0.51685063433661,0.49081027271965,25.9296466175221,25.2147677158111,25.5722071666666,0.848734355898189,58.1068350160271,25.4555336,25.5747054164335,0.331060634752589,0.214686570888481
"14289118","2012-06-18",9.95259323552484,0.663037262659154,0.618012642049703,0.534531147022587,25.9743534712247,25.2191141954419,25.5967338333333,0.90861597539872,59.3039792635037,25.4644748,25.6059566942424,0.373815071072636,0.246512270925312
"14289117","2012-06-19",11.231976917682,0.666673115055376,0.652971999761328,0.595945092049213,26.0300078995416,25.2407661004582,25.6353869999999,1.0190589252569,62.3191423958711,25.486456,25.6491864683434,0.440602924982803,0.28533040173681
"14289116","2012-06-20",11.3361847205235,0.447621092671556,0.592443823462029,0.621142821757686,26.0474159973153,25.2748956693512,25.6611558333333,0.775894573840443,55.2041295391091,25.5069468,25.6605722725643,0.426986413417429,0.313661604072934
"14289115","2012-06-21",11.2886471470939,0.35789925748449,0.490731155070474,0.578715659431276,26.0430657447388,25.3304729219278,25.6867693333333,0.689089751800382,54.2513185579976,25.5248296,25.6667146362224,0.402755379873687,0.331480359233085
"14289114","2012-06-22",10.7218908911926,0.242114304442662,0.349211551532902,0.477462176688467,26.0344588883607,25.3645384449725,25.6994986666666,0.464321136582959,50.7896860543274,25.531536,25.6583780180594,0.347343687984303,0.334653024983328
"14289113","2012-06-25",10.4482820920329,0.0631646757004187,0.221059412542523,0.353667373048632,26.0376419202834,25.3504894130498,25.6940656666666,0.229139701341432,45.9135593188293,25.5389872,25.6300409489848,0.250721833071332,0.317866786600929
"14289112","2012-06-26",9.70304095728585,0.146066060269741,0.150448346804274,0.240239770293232,26.0349598096521,25.3450991903477,25.6900294999999,0.402565583850313,49.8764131446953,25.5538896,25.6216261557868,0.209826311829331,0.29625869164661
"14289111","2012-06-27",9.77731313012107,0.292132120539482,0.167120952169881,0.179542903838892,26.0404108001537,25.3616911998461,25.7010509999999,0.59057103007714,53.5421668650544,25.5695372,25.6304773350153,0.213088062685585,0.279624565854405
"14289110","2012-06-28",9.5678302474732,0.22472072767631,0.220972969495178,0.179514089489776,26.0219099699456,25.4143433633876,25.7181266666666,0.491315081162083,51.6642350716991,25.5889104,25.6306976903466,0.195816502641288,0.262862953211781
"14289109","2012-06-29",10.2176132591295,0.348312302458563,0.288388383558118,0.225494101741058,26.0160737876927,25.4633345456405,25.7397041666666,0.704169509624616,54.7947312340377,25.6067932,25.644548664967,0.211927939812329,0.252675950531891
"14289108","2012-07-02",11.3253278398732,0.662918908485538,0.411983979540137,0.307115110864477,26.0636413336254,25.4691673330411,25.7664043333333,1.02094624776812,61.6105778687726,25.6235584,25.6913248429714,0.303126473148074,0.262766055055128
"14289107","2012-07-03",12.7550616155012,0.696967725143153,0.569399645362418,0.423257336153557,26.1357817050548,25.4491849616117,25.7924833333333,1.06680529056282,63.7147939268305,25.6418136,25.7442828639086,0.399774514866125,0.290167747017327
"14289106","2012-07-05",13.2385286044045,0.525258112094395,0.628381581907695,0.536588402270082,26.1441527858113,25.4939042141886,25.8190284999999,0.799846615344133,57.9044436999133,25.6637948,25.7690691487208,0.421708394376696,0.316475876489201
"14289105","2012-07-06",13.1408515401257,0.40404303314246,0.542089623460002,0.579956950243371,26.1510736841029,25.4984706492303,25.8247721666666,0.609185057672919,54.1503103048711,25.6868936,25.7756479288913,0.399452828158875,0.333071266823136
"14289104","2012-07-09",13.0860986054377,0.434344091618949,0.454548412285268,0.541673205884321,26.1580885255859,25.5004591410806,25.8292738333333,0.634548174729092,54.9368224848452,25.7088748,25.7850748717058,0.386097670999574,0.343676547658423
"14289103","2012-07-10",13.1113441895959,0.525258112094395,0.454548412285268,0.483728816010178,26.17230975176,25.5017619149065,25.8370358333333,0.712986295907307,57.3033966871771,25.726758,25.804422222145,0.397131941618567,0.354367626450452
"14289102","2012-07-11",14.0042188011796,0.666666666666664,0.542089623460003,0.483728816010178,26.21172692457,25.5104670754299,25.8610969999999,0.903986720491884,60.7556668207524,25.7465036,25.8385752591924,0.441458171245435,0.371785735409449
"14289101","2012-07-12",14.8333166547929,0.707075307999303,0.633000028920121,0.543212688221796,26.2467034999076,25.5279595000922,25.8873314999999,0.887901441132046,61.7084576168898,25.7748184,25.8731425579667,0.482516301011637,0.393931848529886
"14289100","2012-07-13",16.2964002200941,0.721737263212929,0.698493079292965,0.624527577224362,26.315376439366,25.5142392273005,25.9148078333333,1.00359933428456,64.7070841838819,25.794564,25.9192448835712,0.546312767268997,0.424408032277709
"14289099","2012-07-16",18.0663382706579,0.694918338565125,0.707910303259119,0.6798011371574,26.4047002128433,25.4870091204899,25.9458546666666,1.0411319823608,67.256181254739,25.8195256,25.974102899095,0.624165894863871,0.464359604794941
"14289098","2012-07-17",20.0140501708512,0.669356584381738,0.695337395386597,0.700580259312893,26.5017150862475,25.452708580419,25.9772118333333,1.02932766725614,68.8703434044617,25.8470952,26.0315811792157,0.700565937451203,0.511600871326193
"14289097","2012-07-18",21.9580627511548,0.807692307692308,0.723989076879724,0.709078925175145,26.6184563865106,25.4002339468226,26.0093451666666,1.05685355801998,72.8362368388798,25.8877044,26.1087170219869,0.814685157419115,0.572217728544778
"14289096","2012-07-19",24.1238967795307,0.683818711465134,0.720289201179727,0.713205224482015,26.7343123415735,25.370377325093,26.0523448333333,0.999978731948482,72.3845369813203,25.930176,26.1743254190553,0.891395189703426,0.636053220776507
"14289095","2012-07-20",26.3480935471091,0.78985163343266,0.760454217530034,0.73491083186316,26.8782416889251,25.3366633110748,26.1074524999999,1.02946653792909,76.3334878154553,25.9752556,26.2622326965146,1.01157918611585,0.711158413844376
"14289094","2012-07-23",28.3459895403201,0.78260835738682,0.752092900761538,0.744278773157098,26.9825553675441,25.3534312991224,26.1679933333333,0.940985443604706,75.8663588897973,26.0177276,26.3371776703127,1.09064090833253,0.787054912742007
"14289093","2012-07-24",28.241927288526,0.543479106532954,0.705313032450811,0.739286716914127,27.0065612845962,25.4439873820703,26.2252743333333,0.774091996101909,62.3095206472345,26.0460424,26.3611486476043,1.04676483332369,0.838996896858343
"14289092","2012-07-25",27.8898379526183,0.507247166097422,0.611111543339065,0.689505825517137,27.0197059358816,25.5283293974516,26.2740176666666,0.717022545945459,60.5441933208642,26.0676508,26.3757141612571,0.986308932255264,0.868459303937728
"14289091","2012-07-26",27.6608670151227,0.711107929918324,0.587278067516233,0.634567547768702,27.0640756292733,25.5864133707265,26.3252444999999,0.812531160167976,66.4764956303721,26.1078872,26.4243509397561,1.00918027323005,0.896603497796192
"14289090","2012-07-27",28.4583050906566,0.768114025191974,0.662156373735907,0.620181994863734,27.1317356162498,25.64914938375,26.3904424999999,0.922483013985622,69.6918679475805,26.15632,26.4900988144553,1.0685821088267,0.930999220002293
"14289089","2012-07-30",29.3640825032742,0.74808628518039,0.742436080096896,0.663956840449678,27.2070051592773,25.6962038407225,26.4516044999999,0.913153046003304,70.649158652486,26.211086,26.5545309725279,1.11925079634911,0.968649535271657
"14289088","2012-07-31",29.8650408928202,0.692910523468145,0.736370277946837,0.713654243926545,27.2733264057891,25.7248855942107,26.4991059999999,0.840353553970318,68.3250868215532,26.2699504,26.6029215095242,1.12900964109257,1.00072155643584
"14289087","2012-08-01",30.9277681826396,0.496297886892689,0.645764898513742,0.70819041885249,27.3384948486869,25.7469588179796,26.5427268333333,0.821286997886039,65.2431730985904,26.3209912,26.6349253082543,1.10122441546157,1.02082212824099
"14289086","2012-08-02",29.9276926776046,0.105689495644279,0.431632635335038,0.604589270598538,27.3287157698035,25.8129322301963,26.5708239999999,0.503379550267497,51.9851821352705,26.3515412,26.6105032671537,0.949715008129681,1.00660070421872
"14289085","2012-08-03",29.1969093936042,0.208699386617621,0.27022892305153,0.449208818966769,27.3052082567175,25.9184030766157,26.6118056666666,0.574887471451317,56.3104844065352,26.3914052,26.6129334981999,0.873245286895008,0.979929620753981
"14289084","2012-08-06",28.6336356502401,0.245456497550121,0.186615126604008,0.296158894996857,27.2733342073791,26.0362764592874,26.6548053333332,0.599384743239681,58.0249622187119,26.4301516,26.6249743651066,0.825698590751234,0.949083414753432
"14289083","2012-08-07",27.3412543779234,0.0818220860093301,0.178659323392358,0.21183445768263,27.2242633946953,26.1530289386378,26.6886461666666,0.470150169754379,52.9865472035925,26.4517604,26.613056449759,0.728796111745322,0.90502595415181
"14289082","2012-08-08",27.2378239915471,0.181818181818182,0.169698921792545,0.178324457262969,27.2008835805668,26.246574419433,26.7237289999999,0.628181032222398,55.5278714273761,26.4737416,26.6163875897912,0.675289518274891,0.859078666976426
"14289081","2012-08-09",27.9495361785525,0.760000000000001,0.341213422609171,0.229857222598023,27.2861228408481,26.2876948258184,26.7869088333332,1.14383326287943,68.1642625561269,26.529998,26.712414577819,0.834554118974107,0.854173757375962
"14289080","2012-08-10",29.1102888279833,0.649348838506373,0.530389006774852,0.347100450392188,27.4024375916498,26.29463540835,26.8485364999999,1.13393703670227,68.800725413238,26.592588,26.8018473007765,0.96281502911435,0.87590201172364
"14289079","2012-08-13",30.2530225319739,0.816459523922779,0.741936120809718,0.537846183397913,27.5593531987987,26.2678054678678,26.9135793333332,1.14242612187629,72.264242181629,26.6648648,26.9153703273396,1.13158302759535,0.927038214897982
"14289078","2012-08-14",31.2240313686616,0.803799919815714,0.756536094081622,0.676287073888729,27.6856876809848,26.261311319015,26.9734994999999,1.03173013366078,71.6732432031209,26.7330432,27.011272950361,1.24422486273876,0.990475544466138
"14289077","2012-08-15",31.6662928724392,0.740508694559021,0.786922712765838,0.761798309219058,27.7682499611064,26.2700260388934,27.0191379999999,0.888025219760228,68.6504080598128,26.7922804,27.0819698903129,1.29001429294346,1.0503832941616
"14289076","2012-08-16",31.6260669891628,0.67721746930233,0.740508694559022,0.761322500468826,27.8328638980823,26.2879964352509,27.0604301666666,0.823455902867078,65.6678107141225,26.8463016,27.1308219049378,1.28331636182799,1.09696990769488
"14289075","2012-08-17",30.8622352753038,0.569621027310224,0.662449063723859,0.729960157016238,27.8654742588149,26.3013354078516,27.0834048333332,0.691642299839401,60.8293855938678,26.889146,27.1520483176128,1.21671462680659,1.12091885151722
"14289074","2012-08-20",30.1529629695777,0.575947431724439,0.607595309445665,0.670184355909514,27.8923409632708,26.3216593700623,27.1070001666666,0.660006862256561,61.011286188572,26.927892,27.1716858752644,1.15332503332031,1.12740008787784
"14289073","2012-08-21",29.6114460492781,0.575947431724439,0.573838630253034,0.614627667807518,27.9073244934472,26.3783935065526,27.1428589999999,0.649045968688855,61.011286188572,26.9636576,27.1887050918958,1.09045204328428,1.12001047895913
"14289072","2012-08-22",28.5163423057608,0.463084927005721,0.5383265968182,0.573253512172298,27.898208343353,26.4520866566468,27.1751474999999,0.547231502457902,57.0175928682465,26.9863836,27.187311079643,0.993223359323148,1.09465305503193
"14289071","2012-08-23",26.676764837243,0.328856158757151,0.455962839162437,0.522709355411223,27.8926241756478,26.488096824352,27.1903604999999,0.42948481928207,51.438873898835,27.0020312,27.1612656023573,0.851080365299084,1.04593851708536
"14289070","2012-08-24",25.0431698504426,0.348989032843823,0.380310039535565,0.458199825172066,27.8940072012117,26.4966484654548,27.1953278333332,0.443342275222048,52.1943995928744,27.0094824,27.1424181887097,0.738236301177553,0.984398073903801
"14289069","2012-08-27",23.7935277630831,0.463771949616052,0.380539047072342,0.405603975256781,27.9029496160759,26.5081973839239,27.2055734999999,0.553870858399101,57.6367703090915,27.0258752,27.1546477635484,0.704382449948948,0.92839494911283
"14289068","2012-08-28",22.2821496516602,0.17999785269487,0.330919611718249,0.363922899442051,27.9076979804147,26.5226976862518,27.2151978333332,0.502463657719884,55.2792849585476,27.0515816,27.1553107284086,0.647917175510493,0.872299394392363
"14289067","2012-08-29",21.2434972627083,0.190004294610265,0.277924698973729,0.329794452588106,27.9137918706523,26.5364737960142,27.2251328333332,0.520063508816353,55.524304017815,27.0795236,27.1571279646208,0.599031670076844,0.817645849529259
"14289066","2012-08-30",20.27903433011,0.279997852694868,0.216666666666668,0.275170325786214,27.88207447257,26.6399088607631,27.2609916666666,0.525867457898804,57.7654758826651,27.1000144,27.1698789026713,0.578514857054202,0.769819651034248
"14289065","2012-08-31",19.6402562309269,0.300000000000002,0.256667382435045,0.250419582691813,27.8600664281754,26.7227679051577,27.2914171666666,0.528798800552837,58.2688176620573,27.1141716,27.1834137156485,0.5612841200761,0.728112544842618
"14289064","2012-09-04",19.7900546179705,0.317649585064861,0.299215812586577,0.257516620562762,27.838653271879,26.8028593947874,27.3207563333332,0.542264200405402,57.1684196625106,27.124976,27.191418553562,0.533160417866108,0.689122119447316
"14289063","2012-09-05",20.4666686582882,0.611767232123683,0.409805605729515,0.321896266917045,27.7954080380431,26.9373816286234,27.3663948333332,0.736642094506228,63.3758965627495,27.1473296,27.2294027464204,0.573279522193126,0.665953599996478
"14289062","2012-09-06",19.3897377341526,0.207319148936173,0.378911988708239,0.362644469008109,27.7490771981038,27.0222101352294,27.3856436666666,0.287287559770314,52.0111406875319,27.159624,27.2188570468977,0.502580191055824,0.633278918208347
"14289061","2012-09-07",18.3472123061669,0.195129296235678,0.338071892431845,0.375596495623199,27.7454599709121,27.0034740290878,27.3744669999999,0.273216278303697,51.7258590665634,27.1871936,27.2084761073113,0.438738726173327,0.594370879801343
"14289060","2012-09-10",17.3338497859066,0.1829263502455,0.195124931805784,0.304036270981955,27.7261900391958,26.9873506274707,27.3567703333333,0.283592576687352,51.4217877176425,27.2073116,27.1982366263365,0.38099185838778,0.551695075518631
"14289059","2012-09-11",16.804379104781,0,0.12601854882706,0.219738457688229,27.6717045051838,26.9704288281494,27.3210666666666,0.0838488682500086,44.6433561795974,27.215508,27.1595584094916,0.265781519108965,0.494512364236698
"14289058","2012-09-12",16.715245971974,0,0.0609754500818336,0.127372976904891,27.6252682840744,26.9324180492588,27.2788431666666,-0.0663992210924316,41.915863007952,27.226312,27.1123759548927,0.142264895566613,0.424062870502681
"14289057","2012-09-13",15.7317940363045,0,3.05311331771918e-16,0.06233133296963,27.5976722767801,26.8879860565531,27.2428291666666,-0.0109617316283296,39.328504761751,27.22892,27.0578244942404,0.0135292112766194,0.341956138657468
"14289056","2012-09-14",14.6912240590442,0.283188279112192,0.0943960930373978,0.051790514373076,27.5483719987848,26.8900956678818,27.2192338333333,0.300974412746185,49.1604926209217,27.215508,27.050286561675,0.000335709787568916,0.273632052883489
"14289055","2012-09-17",14.0595578779971,0.212384083307997,0.165190787473397,0.0865289601702637,27.5344463797356,26.864281286931,27.1993638333333,0.181266846592466,47.1051082719361,27.1972524,27.033817686785,-0.0320032337108977,0.212504995564611
"14289054","2012-09-18",13.913954149119,0.115042566129522,0.203538309516571,0.154375063342454,27.5283866973577,26.8234606359754,27.1759236666666,0.0937063251168689,44.3592101292338,27.1640944,27.0058846618803,-0.0872617538220877,0.152551645687272
"14289053","2012-09-19",13.8974769896,0.0884957433870461,0.138640797608189,0.169123298199384,27.516944815262,26.7833651847378,27.1501549999999,0.0981508740603804,43.6125431396817,27.130564,26.977950706963,-0.137879881560909,0.0944653402376353
"14289052","2012-09-20",14.5529873767714,0,0.0678461031721897,0.136675070098982,27.5362014904198,26.7094665095801,27.1228339999999,-0.015042921695949,39.3342027158012,27.0940532,26.9313879460346,-0.225692248256215,0.0304338225388652
"14289051","2012-09-21",15.2669531341751,0,0.0294985811290157,0.0786618273031301,27.5587772632994,26.6455984033671,27.1021878333333,0.0359165818862256,38.6534103437263,27.06015,26.8873068865633,-0.300381382202763,-0.0357292184094605
"14289050","2012-09-24",14.1882159141855,0.112906298162673,0.0376354327208915,0.0449933723406977,27.5571357469901,26.6233342530097,27.0902349999999,0.271755558998495,43.5613728162416,27.0377964,26.8664899683549,-0.316870552747051,-0.0919574852769785
"14289049","2012-09-25",13.5097909033149,0.494120173300154,0.202342157154276,0.0898253903347265,27.5386416643718,26.6213370022947,27.0799893333333,0.495429362958766,51.8568820089732,27.025502,26.8832206392409,-0.248736238125291,-0.123313235846641
"14289048","2012-09-26",12.6801578012415,0.392411084383197,0.333145851948675,0.191041147274613,27.524239045265,26.6130759547348,27.0686574999999,0.415839252639206,48.8210388178215,27.0091096,26.8840605540088,-0.222936419135522,-0.143237872504417
"14289047","2012-09-27",12.7792011226168,0.102573984858912,0.329701747514088,0.288396585539012,27.5092703844551,26.5802326155448,27.0447514999999,0.209263883157215,43.1347032496357,26.9889916,26.8562258134743,-0.263803474880675,-0.167350992979669
"14289046","2012-09-28",12.2990228220438,0,0.164995023080704,0.275947540847821,27.4837823347269,26.552320665273,27.0180514999999,0.222019514964688,41.1164962739698,26.9729716,26.8209250383444,-0.317823097176217,-0.197445413818979
"14289045","2012-10-01",11.7773662240625,0.324328245603854,0.142300743487589,0.212332504694126,27.4446163359277,26.5560939974055,27.0003551666666,0.466110212396755,48.0911232254397,26.9647756,26.8201363665651,-0.290074681804953,-0.215971267416173
"14289044","2012-10-02",11.2510943115719,0.310806105275373,0.211711450293076,0.173002405620455,27.390156067782,26.5627422655511,26.9764491666666,0.391184032595914,47.8367133166547,26.9476376,26.8182101843564,-0.267801271342605,-0.22633726820146
"14289043","2012-10-03",11.4620994988832,0.554045035111137,0.396393128663455,0.250135107481372,27.2662789935576,26.6353920064422,26.9508354999999,0.66854233616852,52.6855264022578,26.9401864,26.8388941597756,-0.197435838168825,-0.220556982194933
"14289042","2012-10-04",12.3242911202481,0.651679835937027,0.50551032544118,0.371204968132569,27.2655749390095,26.635785727657,26.9506803333333,0.940220836330327,56.7725047214251,26.938696,26.8779322718055,-0.0930627329200573,-0.195058132339958
"14289041","2012-10-05",12.8855963615832,0.595500331744978,0.600408400931048,0.500770618345226,27.2636197975533,26.6368092024465,26.9502144999999,0.893524777541497,55.2606007636518,26.93199,26.9055559688981,-0.0241321292960506,-0.160872931731176
"14289040","2012-10-08",13.023575186235,0.505615537728451,0.584265235136819,0.563394653836348,27.2439065167159,26.6453458166172,26.9446261666666,0.734708303842159,52.8361662618477,26.9215584,26.9195618397117,0.00802529854211365,-0.127093285676518
"14289039","2012-10-09",13.7456331084638,0.707859340129077,0.602991736534169,0.595888457534011,27.2823410353677,26.6292646312988,26.9558028333333,0.954710196463864,57.3682855269456,26.9189504,26.9540535944168,0.0827415729817371,-0.0851263139448672
"14289038","2012-10-10",14.3145585120545,0.685385125761505,0.632953334539678,0.606736768736888,27.3176768930092,26.627769440324,26.9727231666666,0.865406740211601,56.7160682078759,26.9062832,26.9814624484946,0.134743999331999,-0.041152251289494
"14289037","2012-10-11",15.5424158744873,0.666666666666665,0.68663704418575,0.640860705086531,27.3755830955733,26.6170539044265,26.9963184999999,0.96905885427495,58.9761697766161,26.9100088,27.0163941220286,0.198641013833112,0.00680640173502717
"14289036","2012-10-12",16.9015672810978,0.734512769838855,0.695521520755676,0.6717039664937,27.4429925467048,26.5865894532951,27.0147909999999,1.01713848701406,62.0578056855299,26.91895,27.0628122390915,0.28202522048606,0.0618501654852337
"14289035","2012-10-15",17.4653749986918,0.619470203709333,0.673549880071618,0.68523614833768,27.4796909738148,26.5834216928517,27.0315563333333,0.823017132777659,57.4132721543187,26.9234208,27.0868972738793,0.308341184699912,0.111148369328169
"14289034","2012-10-16",18.4336667670648,0.716811720887808,0.690264898145332,0.686445432990874,27.5348064722306,26.5829481944359,27.0588773333333,0.896129699273103,60.1321678218261,26.9409308,27.1214309706954,0.355517040988573,0.16002210366025
"14289033","2012-10-17",20.1611627970062,0.701383814735837,0.679221913110993,0.681012230442646,27.633529666343,26.5652566669902,27.0993931666666,1.03009873600646,64.5623549789636,26.9699904,27.176197507936,0.442991105628776,0.216615904053955
"14289032","2012-10-18",22.1418511180969,0.778574496150191,0.732256677257945,0.700581162838089,27.7701415264259,26.5506581402406,27.1603998333332,1.12056072970981,70.1072220020168,27.0146976,27.2621605068779,0.590699075644685,0.291432538372101
"14289031","2012-10-19",23.5080763093171,0.714285714285714,0.731414675057248,0.714297755142061,27.8587464408341,26.5800308924991,27.2193886666666,0.999551810016302,66.8374077894432,27.0441296,27.3254844392941,0.674647796579264,0.368075590013534
"14289030","2012-10-22",23.7562824115563,0.50000440020769,0.664288203547865,0.709319851954351,27.9028653431274,26.6129076568724,27.2578864999999,0.801692195653785,59.8263334819809,27.0687188,27.3542865140549,0.675427468832868,0.429545965777401
"14289029","2012-10-23",23.4972296103408,0.389827578363131,0.534705897618845,0.643469592074651,27.9290156445587,26.6311540221078,27.2800848333332,0.684671844712915,56.4837600295171,27.0933076,27.3655869788476,0.638419178812599,0.47132060838444
"14289028","2012-10-24",22.6265684138728,0.262708702970749,0.384180227180524,0.527724776115743,27.9411354310706,26.6640515689292,27.3025934999999,0.609274865029432,52.2009865251311,27.1134256,27.3567527150013,0.561433627097618,0.489343212127076
"14289027","2012-10-25",21.6943136994279,0.237286747645694,0.296607676326525,0.405164600375297,27.9236668311208,26.7414398355457,27.3325533333332,0.534925610863759,51.3622431879182,27.139132,27.3453710196678,0.486581383272577,0.488790846356176
"14289026","2012-10-26",20.9000600954936,0.225498142163933,0.241831197593459,0.307539700366835,27.8976586809667,26.8363716523665,27.3670151666666,0.576647345290479,54.2643780807017,27.1700548,27.3491682170454,0.452278641068227,0.481488405298586
"14289025","2012-10-31",20.7180247072899,0.30392724440281,0.255570711404146,0.264669861774709,27.8991701396124,26.8926068603875,27.3958884999999,0.650831550418769,56.3061591621914,27.198742,27.362393788106,0.441965076579298,0.473583739554729
"14289024","2012-11-01",19.9087121423151,0.086019395058878,0.205148260541874,0.234183389846492,27.8698244248347,26.9781469084985,27.4239856666666,0.527331630049644,51.9362455718941,27.2117816,27.3564692830252,0.390823063335466,0.457031604310876
"14289023","2012-11-02",18.5292742788667,0,0.129982213153896,0.196900395033304,27.8536389373652,27.0188593959679,27.4362491666666,0.339703187052334,47.6677378385536,27.2233308,27.3327067119552,0.305549376112668,0.426735158671235
"14289022","2012-11-05",18.5915013141798,0,0.0286731316862931,0.121267868460686,27.8906617257992,26.9492376075339,27.4199496666666,-0.0502440291782861,38.0208531053845,27.2274288,27.2587124836945,0.118131587597259,0.365014444456439
"14289021","2012-11-06",18.6492835612563,0,4.39463280580791e-16,0.0528851149467287,27.9255345986386,26.8808344013612,27.4031844999999,-0.0184337427567219,38.0208531053845,27.23488,27.1945841525352,-0.0304016007202201,0.285931235421108
"14289020","2012-11-07",20.0864423102303,0,4.39463280580791e-16,0.0095577105620967,28.0364360339921,26.702561299341,27.3694986666666,-0.218284839730877,28.759053361119,27.2114084,27.0657355988639,-0.308575608690087,0.167029866598869
"14289019","2012-11-08",19.9414114638518,0.103963474591135,0.0346544915303788,0.0115514971767919,28.0733879268206,26.6069314065126,27.3401596666666,0.040268447105645,34.8431453003858,27.1961336,26.9801468523487,-0.466285423052248,0.0403668086686453
"14289018","2012-11-09",19.8067399636432,0.179107108518685,0.094356861036607,0.0430037841889941,28.0996170958006,26.5263709041992,27.3129939999999,0.098608700466368,38.8595550021854,27.1797412,26.9245979387022,-0.543647209348141,-0.0764359949347121
"14289017","2012-11-12",20.4516544440719,0.00571796680879713,0.0962628499728727,0.0750914008466182,28.1483463537295,26.3810866462704,27.2647164999999,0.00309897127165942,33.6476748220892,27.1439756,26.8329902135419,-0.695277110822046,-0.200204218112179
"14289016","2012-11-13",21.1513366833423,0,0.0616083584424944,0.0840760231506567,28.1745793751954,26.2427756248044,27.2086774999999,0.0487183934581918,32.9674252560221,27.10821,26.747387518403,-0.820757716268838,-0.324314917743511
"14289015","2012-11-14",22.1568420247337,0,0.00190598893626614,0.0532590657838764,28.2156330836277,26.0865389163721,27.1510859999999,0.0388417532518791,30.5713020033936,27.0687188,26.6508451826159,-0.960590981265041,-0.451570130447817
"14289014","2012-11-15",23.4547476332737,0,4.26452854510965e-16,0.0211714491262523,28.2505522262003,25.9047694404662,27.0776608333332,0.0267134251509788,28.1252386840596,27.0150704,26.5423378249338,-1.11608206412678,-0.584472517183609
"14289013","2012-11-16",23.2067751276185,0.0292661977510916,0.00975539925036431,0.00388712939554233,28.2103416525462,25.7912990141203,27.0008203333332,0.139548726364211,29.9362533558534,26.9644024,26.4557487816093,-1.20937579379334,-0.709453172505556
"14289012","2012-11-19",22.59304846815,0.234145293997496,0.0878038305828631,0.0325197432777413,28.0833166840579,25.7692999826086,26.9263083333332,0.28419127239353,41.1209103557161,26.9260288,26.432863610728,-1.15106026849169,-0.797774591702783
"14289011","2012-11-20",22.3696385897643,0.164178386953759,0.142529959567449,0.0800297298002243,27.9538537908974,25.7404252091024,26.8471394999999,0.241422498091584,38.7422182683509,26.8772236,26.3944017959643,-1.13459429823299,-0.865138533008825
"14289010","2012-11-21",22.2996118537746,0.146734976105312,0.181686219018856,0.137340003056388,27.851471277004,25.6984403896625,26.7749558333332,0.234526567472674,37.8001966558635,26.831026,26.3536162231691,-1.12588479583883,-0.917287785574825
"14289009","2012-11-23",22.465431949825,0.120561651450199,0.143825004836424,0.156013727807575,27.7607118157318,25.6488688509347,26.7047903333332,0.221410630521736,36.2196495827452,26.7770048,26.3058500600799,-1.13470820494266,-0.960771869448392
"14289008","2012-11-26",21.6689304331222,0.255316880763285,0.174204502772933,0.16657190887607,27.6602684923864,25.6369235076134,26.6485959999999,0.336737678208164,41.2464920786597,26.7226112,26.2880487187359,-1.07517976682339,-0.983653448923391
"14289007","2012-11-27",20.3444176968178,0.553191651374051,0.309690061195845,0.209239856268399,27.5702618839591,25.6583174493741,26.6142896666666,0.538404358762666,50.5283973795672,26.6723156,26.3247795562378,-0.897591129775421,-0.966440985093797
"14289006","2012-11-28",19.1693206000029,0.687939266106742,0.498815932748027,0.327570165572267,27.4647973141553,25.7001360191779,26.5824666666666,0.630015507217414,54.0637362552213,26.6324516,26.3802076154061,-0.694688053811399,-0.912090398837317
"14289005","2012-11-29",18.5421694085221,0.817517104097929,0.686216007192908,0.498240667045592,27.3383803116708,25.767563688329,26.5529719999999,0.757728789376737,56.6949188784442,26.6059996,26.4468732666853,-0.4857742429487,-0.826827167659594
"14289004","2012-11-30",18.6451166402806,0.763633760842264,0.756363377015645,0.647131772318859,27.2599813434306,25.8142953232358,26.5371383333332,0.911254582042633,59.0524530444535,26.588862,26.5220368311272,-0.277574704505179,-0.716976675028711
"14289003","2012-12-03",18.7407104983421,0.76969176410877,0.783614209682988,0.742064531297179,27.2197622621335,25.8380597378663,26.5289109999999,0.940745377029025,59.223135835648,26.5776852,26.5884199203103,-0.108842786108743,-0.595349897244717
"14289002","2012-12-04",18.4655638889694,0.709085703502711,0.747470409484582,0.762482665394404,27.2390031588779,25.8299955077885,26.5344993333332,0.840100353344131,56.6777945306257,26.5639004,26.6335332642689,-0.00355557399026596,-0.476991032593827
"14289001","2012-12-05",18.9648667887475,0.65909007722997,0.712622514947151,0.747902378038239,27.2808760342082,25.8123389657917,26.5466074999999,0.879379255711148,56.4167821736647,26.5456448,26.6713901623664,0.0760625256120973,-0.366380320952642
"14289000","2012-12-06",19.2393293860867,0.61764705882353,0.661940946518737,0.707344623650155,27.3246066278049,25.8220090388616,26.5733078333333,0.74763483100073,55.0510824270386,26.522546,26.6979901407175,0.123576433793438,-0.268388970003426
"14288999","2012-12-07",19.4544996303968,0.584909482554881,0.620548872869461,0.665037444778448,27.3533998038322,25.8199161961676,26.5866579999999,0.725844387860256,54.7656630894895,26.5042908,26.7198021219552,0.156568339644703,-0.183397508073801
"14288998","2012-12-10",19.7864324709435,0.622642528681301,0.608399690019904,0.630296503136033,27.3873802426068,25.8163614240597,26.6018708333333,0.74435894431559,56.2324308565883,26.4938592,26.7461565056945,0.197255589517198,-0.107266888555601
"14288997","2012-12-11",20.3081538127445,0.635222461561317,0.614258157599167,0.614402240162843,27.4331785767039,25.8342087566293,26.6336936666666,0.743485729652643,56.7361167271946,26.5001928,26.7714809716019,0.232380143024891,-0.0393374822395025
"14288996","2012-12-12",21.0297855573049,0.660375574807723,0.639413521683447,0.620690456434172,27.4800763477726,25.8612016522272,26.6706389999999,0.750271171562319,57.7822817702146,26.5080164,26.7983955087216,0.268281997881847,0.0221864137847674
"14288995","2012-12-13",21.4528031487102,0.578568360992671,0.624722132453904,0.626131270578838,27.4991650133092,25.9250073200239,26.7120861666666,0.681744074658955,55.9604001214784,26.5359584,26.8155121075588,0.279450246330071,0.0736391802938281
"14288994","2012-12-14",20.9157749602707,0.19387140243435,0.477605112744915,0.580580255627421,27.4674730957469,26.0461132375862,26.7567931666666,0.573718253730856,49.268635142094,26.5486252,26.8055091598843,0.229609747563431,0.104833293747749
"14288993","2012-12-17",20.9728391822608,0.139247903670781,0.303895889032601,0.468741044743805,27.4548873602206,26.1443879731125,26.7996376666666,0.642026519430484,52.6243702409557,26.559802,26.8105012718997,0.218422739940505,0.1275511829863
"14288992","2012-12-18",21.7152337785957,0.602403404607603,0.311840903570912,0.364447301782808,27.5112660702734,26.1761815963931,26.8437238333333,0.848234768982214,62.176440701405,26.598548,26.8632597689797,0.315077933945918,0.165056533178223
"14288991","2012-12-19",21.992333714908,0.493978553041769,0.411876620440052,0.342537804347854,27.5268368082903,26.2571658583762,26.8920013333333,0.774358748900223,59.2097360064274,26.635804,26.8978077997824,0.362149923851685,0.204475211312916
"14288990","2012-12-20",21.5938547320999,0.313257531659486,0.46987982976962,0.397865784593527,27.4896780307039,26.3812556359626,26.9354668333332,0.623803435090389,54.5386549430757,26.6741776,26.9091214264781,0.353419256867493,0.234264020423831
"14288989","2012-12-21",20.5061218769242,0.0963948930885948,0.301210325929951,0.394322258713206,27.3842175517822,26.568679781551,26.9764486666666,0.450512817260272,49.4928812815747,26.7132964,26.896573236281,0.292856984657552,0.245982613270575
"14288988","2012-12-24",19.1586412425598,0,0.136550808249361,0.302546987982976,27.288552739109,26.7137085942241,27.0011306666666,0.170813961748744,47.1441581797036,26.7468268,26.8745208047769,0.217195749553745,0.240225240527209
"14288987","2012-12-26",17.9689900931024,0,0.0321316310295321,0.15663092173628,27.2763156904668,26.734328309533,27.0053219999999,0.0686640041991943,45.0957140169341,26.7617292,26.8454740308066,0.133282706241822,0.218836733670132
"14288986","2012-12-27",18.118202393358,0,5.27355936696949e-16,0.05622747975963,27.3477379692257,26.6247190307742,26.9862284999999,-0.269272380597831,36.5451886772754,26.7673176,26.7706254933658,-0.0449625371484519,0.166076879506415
"14288985","2012-12-28",18.3918827225544,0,5.27355936696949e-16,0.0107105436765099,27.411158125759,26.5007585409075,26.9559583333332,-0.162945161709805,35.6356178554524,26.7732788,26.6995474275837,-0.198423952747295,0.093176713055673
"14288984","2012-12-31",18.9924532957434,0,5.27355936696949e-16,-6.03683769639929e-16,27.4426254051262,26.3867072615403,26.9146663333332,-0.0765816258563197,33.3140339044814,26.7781224,26.6218024372392,-0.353076581275602,0.00392605418941798
"14288983","2013-01-02",17.6667332265455,0.486665235129912,0.162221745043305,0.0540739150144341,27.4216126773951,26.3856769892714,26.9036448333332,0.513335930816102,52.1613371794781,26.803084,26.6450794456073,-0.26665035457607,-0.0501892275636796
"14288982","2013-01-03",16.899434967598,0.69332903872307,0.393331424617661,0.185184389886988,27.4398203821198,26.3826822845467,26.9112513333333,0.740821895062277,57.6368164495557,26.8239472,26.703750186193,-0.109589473372262,-0.0620692767253962
"14288981","2013-01-04",16.1869437271468,0.69332903872307,0.624441104192018,0.39333142461766,27.4472259221681,26.3808650778317,26.9140454999999,0.730295246339661,57.6368164495556,26.837732,26.7545981613673,0.0144737635629832,-0.0467606686677203
"14288980","2013-01-07",15.2248037417951,0.55333190179658,0.646663326414241,0.554811951741306,27.4507325319078,26.3823258014254,26.9165291666666,0.573518350043167,52.8815848651016,26.8381048,26.7725877398516,0.0530817410381967,-0.0267921867265369
"14288979","2013-01-08",14.6967188056762,0.473330470259825,0.573330470259826,0.614811633622027,27.4472737391425,26.3774015941906,26.9123376666666,0.440945279958885,50.3263523276131,26.8287908,26.7732760412047,0.049411926898979,-0.0115513640014337
"14288978","2013-01-09",13.9942916821925,0.534246676079538,0.520303016045315,0.580098937573126,27.4424876705864,26.3747366627467,26.9086121666666,0.502473579184054,51.789782763484,26.8217124,26.7825659023774,0.0653945296007485,0.00383781471900273
"14288977","2013-01-10",13.1263834548842,0.646148890834312,0.551242012391225,0.548291832898788,27.4378506663563,26.3737850003102,26.9058178333333,0.557623793302078,53.0660070910425,26.8205948,26.7980677820604,0.0937981631090823,0.0218298843970186
"14288976","2013-01-11",12.4970768066302,0.607687352372774,0.596027639762208,0.555857556066249,27.4262197089834,26.3726869576831,26.8994533333333,0.546560805321786,51.8344876709038,26.8179868,26.8052934111191,0.101108026921981,0.0376855129020111
"14288975","2013-01-14",11.9127206332514,0.661535157992104,0.638457133733064,0.595242261962165,27.4251610713859,26.3725039286139,26.8988324999999,0.582582286103616,53.4628486646313,26.8198496,26.8202489563032,0.125070179536846,0.0551624462289781
"14288974","2013-01-15",11.7115605978114,0.592301085214979,0.620507865193286,0.618330879562851,27.4258912707866,26.3736363958799,26.8997638333332,0.481407704730299,51.0720955087517,26.8187316,26.8220330954628,0.11747726882203,0.0676254107475885
"14288973","2013-01-16",12.1237242311834,0.461538461538462,0.571791568248515,0.610252189058287,27.4164215972428,26.3604420694237,26.8884318333333,0.377546394988373,46.8140770776077,26.8090452,26.8024686827344,0.0630888571836907,0.066718100034809
"14288972","2013-01-17",11.5891687190415,0.561536809765283,0.538458785506242,0.576919406316013,27.3600680159701,26.3764353173631,26.8682516666666,0.537403867031719,50.2313053692011,26.8034568,26.8016568583698,0.0557816079484796,0.0645308016175431
"14288971","2013-01-18",11.3806834568846,0.791045374057544,0.604706881787097,0.571652411847284,27.3504929330124,26.3810427336541,26.8657678333332,0.835140646607517,57.6669186316317,26.8086728,26.8419346105872,0.140825086026419,0.0797896584993184
"14288970","2013-01-22",12.2027778292427,0.54128169263805,0.631287958820293,0.591484542037876,27.4087227959802,26.3535488706863,26.8811358333332,0.972829633144272,60.1901705309523,26.8205948,26.8929859958422,0.241636193970818,0.112158965593618
"14288969","2013-01-23",12.9661511750038,0.64220563030673,0.658177565667442,0.631390802091609,27.478004132629,26.3305272007042,26.9042656666666,0.930876635725249,62.2411714822337,26.8440664,26.9508918630633,0.347975270861878,0.15932222664727
"14288968","2013-01-24",13.7032557704743,0.669726758732097,0.617738027225626,0.635734517237786,27.5487346496834,26.3206483503164,26.9346914999999,0.895513871392523,62.8039392641001,26.8645572,27.0048022813215,0.435297131720924,0.214517207662001
"14288967","2013-01-25",14.6197508248108,0.715598589468291,0.675843659502373,0.650586417465146,27.6221767240358,26.3176819426307,26.9699293333332,0.888173777223827,63.7731230287509,26.8723812,27.0577339771453,0.512224096847813,0.274058585499163
"14288966","2013-01-28",15.1718364605255,0.660546482535806,0.681957276912065,0.65851298788002,27.6519087741959,26.3879195591373,27.0199141666666,0.824221516384607,61.6954607765377,26.8813224,27.0961561135259,0.549972799818077,0.329241428362946
"14288965","2013-01-29",16.4260844953886,0.767996564311789,0.714713878771962,0.690838271728799,27.6976639402424,26.4728707264242,27.0852673333333,0.96882145235224,66.4091798127533,26.9047936,27.1592606317225,0.638777542764046,0.391148651243166
"14288964","2013-01-30",17.6433567352797,0.803148274958362,0.743897107268653,0.713522754317559,27.712180015871,26.5980639841288,27.1551219999999,0.991703423215373,67.4863036325038,26.937206,27.2214018808261,0.717083332997603,0.456335587594054
"14288963","2013-01-31",19.7705239749065,0.645349563046193,0.738831467438782,0.732480817826464,27.836571129213,26.5717802041201,27.2041756666666,1.04899007645532,69.0877184210306,26.9763248,27.2864349633826,0.794398245324945,0.523948119140232
"14288962","2013-02-01",22.0727570348431,0.869109653338728,0.772535830447761,0.751754801718397,28.0523739676399,26.4692976990266,27.2608358333333,1.15581226496612,76.6546791023051,27.0389148,27.4110996349316,0.99460644093643,0.618079783499472
"14288961","2013-02-04",23.2351411197708,0.764397376009712,0.759618864131545,0.756995387339361,28.1762536499828,26.4388686833504,27.3075611666666,0.952731460464982,69.9492655901239,27.108956,27.4943050169407,1.08489153244014,0.711442133287604
"14288960","2013-02-05",24.3774895640975,0.780103093363013,0.804536707570485,0.778897134049929,28.2886167899508,26.4392048767157,27.3639108333333,0.909946081368414,70.3679563304939,27.1819776,27.5701416813486,1.1507016161727,0.799294029864624
"14288959","2013-02-06",24.6397857851386,0.668536513278927,0.737678994217218,0.767278188639748,28.3547780167747,26.4885369832251,27.4216574999999,0.812088572445693,64.8532904592816,27.2535088,27.6147547905022,1.14294957334871,0.86802513856144
"14288958","2013-02-07",25.1320847099352,0.717244341110525,0.721961315917489,0.754725672568396,28.4366145985799,26.5302660680866,27.4834403333333,0.848031672096746,67.736518542903,27.3045496,27.6757741517685,1.17190768084385,0.928801647017923
"14288957","2013-02-08",25.5892194258178,0.696970189922323,0.694250348103925,0.717963552746209,28.5064546532849,26.5784033467149,27.5424289999999,0.813517417615879,67.8940202109742,27.3444136,27.7298989315327,1.18353531378104,0.979748380370546
"14288956","2013-02-11",26.1986029118578,0.727273533926652,0.713829354986501,0.710013673002637,28.5712815627413,26.6399364372585,27.6056089999999,0.814028631477829,69.0341126268275,27.3868856,27.7855004073284,1.19754202578262,1.02330710945296
"14288955","2013-02-12",27.071475937712,0.789916724559486,0.738053482802821,0.715377728631081,28.638021489078,26.7045238442552,27.6712726666666,0.824677923286338,70.3307323004492,27.4401616,27.8436230196846,1.21586224096908,1.06181813575618
"14288954","2013-02-13",28.007111621335,0.814518503125703,0.777236253870614,0.743039697219977,28.6842755948493,26.8060524051506,27.7451639999999,0.826299169357542,71.4570119284527,27.5005164,27.9026892837266,1.23462148651574,1.0963788059081
"14288953","2013-02-14",27.2779331411289,0.564514173896478,0.722983133860556,0.746090956844663,28.6535446011854,26.9771140654811,27.8153293333333,0.707047449491203,60.5032746099108,27.5467136,27.9153813792298,1.15252796630905,1.10760863798829
"14288952","2013-02-15",26.6331998613861,0.729997852694867,0.70301017657235,0.734409854767839,28.6417994275982,27.1316735724017,27.8867364999999,0.795637721273675,65.4682514102906,27.6007348,27.9599118619991,1.14676512040106,1.11543993447084
"14288951","2013-02-19",25.6974292006002,0.63829495614035,0.644268994243899,0.690087434892267,28.6428915527551,27.2395551139114,27.9412233333333,0.741697802426389,63.248347660931,27.6540108,27.9898116137326,1.11039248136009,1.11443044384869
"14288950","2013-02-20",25.3809323326233,0.653067037698435,0.673786615511218,0.673688595442487,28.6730793912064,27.3124426087934,27.9927609999999,0.807242661722973,65.5824944339146,27.7095224,28.0318700652349,1.10355788111474,1.1122559313019
"14288949","2013-02-21",24.8833315045987,0.506497671435346,0.599286555091377,0.63911405494883,28.6763345429084,27.4020167904247,28.0391756666666,0.725849740202131,64.2306922333512,27.7668968,28.0633527232036,1.07483882688872,1.10477251041926
"14288948","2013-02-22",25.2176011506226,0.698798297696195,0.619454335609993,0.630842502070861,28.6975967133196,27.4909706200135,28.0942836666666,0.854950885262708,67.6421951944573,27.8376832,28.1142336934431,1.09014971633674,1.10184795160276
"14288947","2013-02-25",24.5970489484457,0.393942023012938,0.533079330714827,0.583940073805398,28.6945075230912,27.5918568102419,28.1431821666666,0.782127268144186,61.3416865344107,27.8965476,28.1347345343174,1.03932799772579,1.08934396082737
"14288946","2013-02-26",23.8352066554972,0.35353381990912,0.482091380206085,0.5448750155103,28.6383783404458,27.7395736595541,28.1889759999999,0.674261813120533,60.0729691225663,27.9416272,28.1475339297417,0.977048911952694,1.06688495105243
"14288945","2013-02-27",23.3069354415072,0.483153386814644,0.410209743245568,0.475126818055492,28.6238483173006,27.8354460160325,28.2296471666666,0.808538969181279,63.7101557579544,27.98857,28.1809814057762,0.964536317827602,1.04641522440747
"14288944","2013-02-28",23.482083178273,0.62921768502322,0.488634963915662,0.460312029122437,28.6236931778479,27.9268788221519,28.2752859999999,0.988548105461171,66.1111082742336,28.0362576,28.2261132183393,0.977806990886387,1.03269357770325
"14288943","2013-03-01",23.5380970768152,0.606743470655649,0.573038180831171,0.490627629330799,28.6401074692249,27.9803195307749,28.3102134999999,0.934790963301606,65.3942012552701,28.0820824,28.2627434558941,0.97158180551431,1.02047122326546
"14288942","2013-03-04",24.0919502935456,0.633663576834763,0.623208244171211,0.561627129639347,28.7034083619559,27.9580003047106,28.3307043333332,1.00730468543305,67.3031836567133,28.12977,28.3069083284415,0.981706921276526,1.01271836286768
"14288941","2013-03-05",25.3365599247396,0.751937145758255,0.664114731082889,0.620120385361756,28.8334954010064,27.9185692656601,28.3760323333332,1.18274108972784,72.6624819185328,28.1919876,28.3861658846493,1.06460197815104,1.02309508592435
"14288940","2013-03-06",24.7257217497352,0.465114730630622,0.616905151074547,0.634742708776215,28.8631848456797,27.9441428209868,28.4036638333332,0.794911613815841,60.6574245373111,28.2314788,28.4089064333628,1.02023445202803,1.02252295914508
"14288939","2013-03-07",23.567166461206,0.229356894496816,0.482136256961898,0.587718713039777,28.8539993705304,28.0061076294694,28.4300534999999,0.620097682760763,56.5764717491582,28.2631464,28.4099869089144,0.934582468147349,1.00493486094554
"14288938","2013-03-08",21.9416413480318,0.0917427577987269,0.262071460975389,0.45370428967061,28.8465214330907,28.0381119002424,28.4423166666666,0.437972857449404,52.7542183146595,28.2858724,28.3922953210591,0.817607617682858,0.967469412293002
"14288937","2013-03-11",21.0419381935246,0,0.107033217431848,0.283746978456377,28.844802404675,28.0416942619915,28.4432483333332,0.154208046745331,47.6678444197267,28.2799116,28.3496426115846,0.65904383628399,0.9057842970912
"14288936","2013-03-12",20.0185473093948,0.0826449214278756,0.0581292264088678,0.142411301605367,28.8429943443127,28.0466073223538,28.4448008333332,0.246801289942419,50.0265274195228,28.2851276,28.3250955967066,0.553493565272034,0.835326150727366
"14288935","2013-03-13",18.7647844621783,0.157020026797044,0.0798883160749735,0.0816835866385617,28.8425614646831,28.0495238686501,28.4460426666666,0.345947614659922,52.1180792110449,28.2925788,28.3149975171458,0.488108285613587,0.765882577704611
"14288934","2013-03-14",18.1189781336786,0.0330526446552322,0.0909058642933843,0.0763078022590739,28.8457847275835,28.0332606057497,28.4395226666666,0.239212665438564,48.4762261703185,28.3007752,28.287617848193,0.391931983253624,0.691092458814413
"14288933","2013-03-15",17.9077918919391,0,0.063357557150759,0.0780505791730376,28.848668670012,28.0272719966545,28.4379703333332,0.126749157935174,45.7235423747394,28.2977944,28.2489861351006,0.280530861751127,0.608980139401756
"14288932","2013-03-18",17.7116903817525,0.0620219557057366,0.0316915334536565,0.061984984965932,28.8570424187373,27.9996495812626,28.4283459999999,0.164510843305935,47.8497995112792,28.297422,28.2254413170872,0.211065385921771,0.529397188705759
"14288931","2013-03-19",17.986350363253,0,0.0206739852352458,0.0385743586132192,28.8702743652046,27.9653059681286,28.4177901666666,0.114903495202014,44.5602153753875,28.2892256,28.1876491414756,0.117306801387507,0.446979111242109
"14288930","2013-03-20",18.1913094492236,0.140743921933529,0.0675886258797556,0.039984714856218,28.8700069230958,27.9435304102374,28.4067686666666,0.266435525351522,49.6220516717337,28.2851276,28.1784919226122,0.0925873233923902,0.376100753672165
"14288929","2013-03-21",18.5186164758543,0.111111111111112,0.0839516776815474,0.0574047629321816,28.8733459690887,27.9228050309111,28.3980754999999,0.242295335745469,48.6156064282006,28.2769312,28.1655876662639,0.0616066875751331,0.313201940452759
"14288928","2013-03-22",19.3438595166802,0,0.0839516776815474,0.0784973270809488,28.8735903881656,27.8704019451676,28.3719961666666,0.130173005624131,44.709850962874,28.2743236,28.1345346440954,-0.00563227339719363,0.249435097682768
"14288927","2013-03-25",19.6601985476907,0,0.0370370370370375,0.0683134641333761,28.8744202105867,27.8242441227464,28.3493321666666,0.168301182344616,43.7631327766942,28.2601664,28.1026540248826,-0.0688846622832751,0.18577114568956
"14288926","2013-03-26",18.4677200529306,0.193546525051949,0.06451550835065,0.061834741023077,28.8711480930733,27.8138559069265,28.3425019999999,0.373732160561546,48.9962995434881,28.2553232,28.0973774882316,-0.0700756150373238,0.134601793544183
"14288925","2013-03-27",17.6363566468276,0.481928957648826,0.225158494233592,0.108903679873759,28.8649646614914,27.8128983385084,28.3389314999999,0.559462505959418,54.5618528620442,28.2538328,28.1201258231341,-0.0120308957157533,0.105275255692196
"14288924","2013-03-28",18.494447124952,0.571428571428571,0.415634684709782,0.235102895764673,28.9049623886932,27.7940122779733,28.3494873333332,0.929670659429933,62.5610754409794,28.2687352,28.1895157133829,0.13907839248839,0.112035883051434
"14288923","2013-04-01",19.3143824658148,0.858155596335864,0.637171041804421,0.425988073582597,29.0078687270811,27.7398489395854,28.3738588333332,1.0604443298189,68.6526786094214,28.2918336,28.3005696182652,0.363243940661095,0.162277494573367
"14288922","2013-04-02",19.5541877378503,0.762241910053308,0.730608692605915,0.594471473040038,29.0682735944146,27.7101804055852,28.3892269999999,0.961669104759423,65.3037793002,28.3175404,28.3819150024965,0.502471515655101,0.230316298789713
"14288921","2013-04-03",18.866278052875,0.601396501238832,0.740598002542668,0.702792578984333,29.0325171450231,27.7288611883101,28.3806891666666,0.844603316813324,59.3293956753702,28.3361684,28.4238503354969,0.545278425300832,0.293308724091937
"14288920","2013-04-04",18.4100005513917,0.63636158870786,0.666666666666667,0.712624453938415,29.0669190458925,27.7149499541073,28.3909344999999,0.861452173452771,60.1821871012169,28.3499528,28.4664036240973,0.585492023043033,0.351745383882156
"14288919","2013-04-05",18.5111307497386,0.732028574636502,0.656595554861065,0.687953408023465,29.1533271234639,27.6819425432026,28.4176348333332,0.940574935583218,63.631516628157,28.366718,28.5293631408844,0.664839446671617,0.414364196440048
"14288918","2013-04-08",19.1039464480401,0.726743278756062,0.698377814033475,0.673880011853734,29.2698939188639,27.6467184144692,28.4583061666666,0.960390038729716,65.6170995966229,28.3890716,28.6000720554331,0.752851322145931,0.482061621581225
"14288917","2013-04-09",19.7556585489853,0.812500762539193,0.757090871977253,0.704021413623929,29.3996220298831,27.6334146367834,28.5165183333332,0.960458382847557,68.2054956903779,28.4144056,28.683706448042,0.859407000246448,0.55753069731427
"14288916","2013-04-10",20.8007496930726,0.79896730347774,0.779403781590999,0.744957489200574,29.5408093409953,27.6139299923378,28.5773696666666,0.958157210144908,69.8358631741911,28.431916,28.7710922549698,0.963487294499221,0.63872201675126
"14288915","2013-04-11",21.9112323923315,0.814998926347433,0.808822330788122,0.78177232811879,29.6776850270174,27.5975153063158,28.6376001666666,0.928274269066011,70.9068834418386,28.4661916,28.8567612876405,1.05399800677879,0.721777214756766
"14288914","2013-04-12",23.1294532116792,0.913462481482054,0.842476237102409,0.810234116493842,29.8350317243911,27.5895032756087,28.7122674999999,0.949206436854705,74.232367544696,28.5161148,28.9645384492884,1.18148076951961,0.813717925709334
"14288913","2013-04-15",22.6489141559116,0.721053761739542,0.81650505652301,0.822601208137846,29.917587317735,27.6423113489315,28.7799493333332,0.809883581743054,64.0171732322158,28.5585868,29.0144799893833,1.17753659087876,0.886481658743219
"14288912","2013-04-16",21.6956257978569,0.607144911327687,0.747220384849761,0.802067226158392,29.9697614477362,27.714944885597,28.8423531666666,0.742336121339147,60.6772824901999,28.6044116,29.0416186574655,1.12757463282243,0.93470025355906
"14288911","2013-04-17",21.2949387003306,0.616543963318156,0.648247545461795,0.737324328944854,30.0274190418303,27.8066219581695,28.9170204999999,0.790713713295468,63.8058971974306,28.653962,29.0899761698034,1.12653296607574,0.973066796062397
"14288910","2013-04-18",21.0120383076249,0.800003303546356,0.6745640593974,0.690010663236317,30.1085997569228,27.8809845764104,28.9947921666666,0.837139843498762,67.6825350665058,28.7105912,29.1666580138297,1.1839210221382,1.01523764127756
"14288909","2013-04-19",21.9340908472268,0.71751446699584,0.711353911286784,0.678055172048658,30.2201029323699,27.9576240676299,29.0888634999999,0.917983941450922,70.4795462973124,28.7813776,29.2616782786524,1.27321335632766,1.06683278428758
"14288908","2013-04-22",23.0174996223179,0.808508086622807,0.775341952388334,0.720419974357504,30.3186120699956,28.0814089300042,29.2000104999999,0.957678376047716,73.1951773877187,28.8659488,29.3750758414987,1.39106014303869,1.1316782560378
"14288907","2013-04-23",24.0445866573572,0.831524466384251,0.785849006667633,0.757514956780915,30.3804402124056,28.2459111209275,29.3131756666666,0.945586649750531,73.8177601499219,28.9497748,29.4808057292989,1.48157590306903,1.20165778544405
"14288906","2013-04-24",25.4637595345189,0.779571692449781,0.806534748485613,0.789241902513859,30.4675368061134,28.3795565272197,29.4235466666666,0.975518539791718,75.163607062911,29.04366,29.5885822987257,1.56725406586029,1.2747770415273
"14288905","2013-04-25",26.8392907059298,0.852274806925075,0.821123655253036,0.804502470135426,30.5712835066291,28.4894108267041,29.5303471666666,0.983772539524217,76.9317574621379,29.1371724,29.7043419922289,1.66048453043521,1.35191853930888
"14288904","2013-04-26",28.4699336800242,0.786517802749277,0.806121434041377,0.811259945926674,30.7155050068513,28.5265019931486,29.6210034999999,0.965487329294804,77.5996613726041,29.2347832,29.8133603932651,1.73089025582038,1.42771288261118
"14288903","2013-04-29",30.3886929555609,0.802955456593715,0.813916022089355,0.813720370461254,30.8997745086848,28.5198198246483,29.7097971666666,0.983450171432952,79.6812441752893,29.3469236,29.9364056741631,1.82229205724609,1.50662871753816
"14288902","2013-04-30",32.1703979971307,0.901477728296857,0.830316995879949,0.816784817336892,31.0740747574882,28.5417342425117,29.8079044999999,0.962204362490433,81.3078739109899,29.4680056,30.0678822509413,1.92119556969539,1.58954208796961
"14288901","2013-05-01",34.0849259128701,0.816513580733335,0.840315588541302,0.828182868836867,31.2005738496574,28.6322514836757,29.9164126666666,0.921942359866445,79.5923854199352,29.5805188,30.1756192841492,1.96307528859785,1.66424872809526
"14288900","2013-05-02",33.1426036071284,0.536698761358319,0.75156335679617,0.807398647072473,31.2222093426498,28.7798209906833,30.0010151666666,0.733640771968398,62.3177644982389,29.6621096,30.1932380462626,1.82289140051171,1.69597726257855
"14288899","2013-05-03",32.2675900375111,0.619266665024994,0.657493002372216,0.749790649236561,31.247586991045,28.9090556756215,30.0783213333333,0.728216742910474,64.7490348145512,29.735504,30.2308609734276,1.73642391939597,1.70406659394203
"14288898","2013-05-06",30.7124562121423,0.191918315556593,0.449294580646635,0.619450313271672,31.2180376258428,29.0183950408237,30.1182163333333,0.447847739394325,49.9129548698466,29.7649364,30.1678435103039,1.45961672902699,1.65517662095902
"14288897","2013-05-07",29.2684033742998,0.100001263120665,0.303728747900751,0.470172110306532,31.1917706813359,29.1058243186639,30.1487974999999,0.400577101576283,51.0119112905147,29.8014472,30.1219217089301,1.24334870324907,1.57281103741703
"14288896","2013-05-08",28.303974330798,0,0.0973065262257525,0.283443284924378,31.1726932065837,29.1658831267495,30.1692881666666,0.350862070602788,48.3979861865135,29.840566,30.0622521477394,1.0202306995875,1.46229496985113
"14288895","2013-05-09",27.6597783768207,0,0.0333337543735549,0.144789676166684,31.1630673211702,29.1904116788296,30.1767394999999,0.246925165606923,46.6290935988367,29.873724,29.9968785280408,0.806495882824798,1.33113515244586
"14288894","2013-05-10",27.8895383672026,0,-1.61907524424502e-16,0.0435467601997676,31.1901459767617,29.1270086899048,30.1585773333332,0.111830323442376,40.6633379810175,29.8837832,29.8893053909687,0.527858155462235,1.17047975304914
"14288893","2013-05-13",28.1028869296999,0.0226244783544433,0.00754149278481428,0.0136250823861215,31.2004929146512,29.1051747520153,30.1528338333333,0.126460626700878,41.6438890263049,29.890862,29.8022846721729,0.315506551959999,0.999485112831308
"14288892","2013-05-14",27.664028274636,0.171945063860591,0.0648565140716779,0.0241326689521625,31.1821544083666,29.1477295916333,30.1649419999999,0.237516965184605,47.7776809864868,29.9035292,29.7678480492165,0.227697362840917,0.84512756283323
"14288891","2013-05-15",26.6919173662012,0.190041731644636,0.128203757953223,0.0668672549365702,31.174042179051,29.1704334876155,30.1722378333333,0.26857532013015,48.4843972711838,29.9132156,29.7429696426543,0.166268557498195,0.709355761766223
"14288890","2013-05-16",25.789242951226,0.221716972974024,0.194567922826417,0.129209398283771,31.1748487160183,29.1674536173149,30.1711511666666,0.277286245100082,49.7658252995148,29.9225296,29.7301016903004,0.13373918865478,0.594232447143934
"14288889","2013-05-17",24.6060887989084,0.266965929682908,0.226241544767189,0.183004408515608,31.174315428437,29.1462542382295,30.1602848333333,0.33083934137536,51.6173044071666,29.92551,29.7313681315937,0.131739629209759,0.501733883557099
"14288888","2013-05-20",23.9225525088543,0.199092494619581,0.229258465758838,0.21668931111748,31.1659574743813,29.1058688589519,30.1359131666666,0.306116835456289,48.7167955214735,29.9359416,29.7138377140479,0.0911509961817103,0.419617306082022
"14288887","2013-05-21",23.6050826093164,0.156093371111937,0.207383931804809,0.220961314110277,31.1574876312153,29.0460353687845,30.1017614999999,0.253486493982721,46.4671832701193,29.9467456,29.6837420188415,0.0282543222134501,0.341344709308307
"14288886","2013-05-22",24.385274150238,0,0.118395288577173,0.185012562046938,31.1480621548368,28.9418301784964,30.0449461666666,0.153330727894756,38.6243020755918,29.9318432,29.5968084163293,-0.144363696217609,0.244203028203124
"14288885","2013-05-23",26.1771874160738,0,0.052031123703979,0.125936781361985,31.1913451361428,28.7054371971903,29.9483911666666,-0.0398394468429373,30.4826858971158,29.8796848,29.432051294152,-0.460100167457311,0.103342389071037
"14288884","2013-05-24",27.841106877207,0.0392145511194384,0.0130715170398126,0.06116597644032,31.1807148023927,28.5096068642738,29.8451608333333,0.0246126840432103,32.1929149352297,29.821938,29.2991964549318,-0.683593935944971,-0.0540448759321645
"14288883","2013-05-28",30.1416091295251,0,0.0130715170398126,0.0260580525945333,31.1712036277064,28.2365930389601,29.7038983333333,-0.068648417294601,25.9944739561319,29.7280528,29.0946409276075,-1.03601131778183,-0.250438164302097
"14288882","2013-05-29",32.5153100344547,0,0.0130715170398126,0.0130715170398112,31.1292141821817,27.9504194844848,29.5398168333333,-0.0798057676814578,23.9908890436312,29.621128,28.8813461372599,-1.37788747226443,-0.475928025894563
"14288881","2013-05-30",33.6691156822064,0.12962962962963,0.0432098765432099,0.0231176368742769,30.9641664218595,27.8167985781403,29.3904824999999,0.0624685234209394,30.9122593728953,29.5223996,28.7399559856252,-1.54248455887143,-0.689239332489936
"14288880","2013-05-31",34.9200679830203,0.066665871368469,0.0654318336660329,0.0405710757496836,30.8694889607153,27.6367127059512,29.2531008333333,0.0579411046793254,29.506795993645,29.4106316,28.5963058542085,-1.69969783374461,-0.89133103274087
"14288879","2013-06-03",36.3603525704463,0,0.0654318336660329,0.0580245146250904,30.7466036949304,27.4575139717361,29.1020588333333,0.0406371892668934,27.3048176517978,29.285824,28.4370370736474,-1.87847749485437,-1.08876032516357
"14288878","2013-06-04",37.6977596873418,0.0285706616767386,0.031745511015069,0.0542030594490434,30.6990082271335,27.2613931061997,28.9802006666666,0.088707883151313,28.9365377547806,29.155428,28.3089387971611,-1.97818115014444,-1.26664449015974
"14288877","2013-06-05",39.0224092902922,0,0.00952355389224605,0.0355669661911145,30.6342391685004,27.0802724981661,28.8572558333333,0.113179874530457,28.2535733031234,29.0146004,28.1879856242063,-2.05635620614613,-1.42458683335702
"14288876","2013-06-06",40.6336837056713,0,0.00952355389224605,0.0169308729331856,30.5813613715821,26.8614922950844,28.7214268333333,0.0784770553960231,25.0676748420721,28.8607332,28.0334848743121,-2.20171806140625,-1.58001307896687
"14288875","2013-06-07",41.0634744204539,0.0718743289671466,0.0239581096557154,0.0143350724800677,30.498615466313,26.7157345336868,28.6071749999999,0.178895083323884,29.9582928673779,28.7381608,27.9281468910705,-2.23130445534181,-1.71027135424186
"14288874","2013-06-10",41.6152057529041,0.0338983050847464,0.0352575446839642,0.0229130694106404,30.4497899521225,26.5518903812107,28.5008401666666,0.174233055461662,28.8135995893129,28.6040392,27.8207099722611,-2.26498616627698,-1.82121431664888
"14288873","2013-06-11",42.4283186348022,0,0.0352575446839642,0.0314910663412131,30.3901826430882,26.3774053569116,28.3837939999999,0.162436453176824,26.5449390082593,28.4885456,27.6940673092929,-2.33932279398033,-1.92483601211517
"14288872","2013-06-12",43.5727037319651,0,0.0112994350282487,0.0272715081320575,30.284942062719,26.1901862706142,28.2375641666666,0.126053198023272,23.5825612635883,28.3555416,27.5346356680539,-2.48061396460633,-2.0359916026134
"14288871","2013-06-13",44.6353470364735,0,-1.45716771982052e-16,0.0155189932374027,30.1245884796847,26.0469035203152,28.0857459999999,0.15334349904793,23.5825612635883,28.2284988,27.39646157898,-2.56552306137064,-2.14189789436485
"14288870","2013-06-14",44.7444422349284,0.188341951449674,0.0627806504832245,0.0246933618371562,29.8936800001445,26.0064643331887,27.9500721666666,0.258317457234806,32.7252082793725,28.1212016,27.3288693684494,-2.49026082813948,-2.21157048111978
"14288869","2013-06-17",44.1919338948305,0.29411702788333,0.160819659777668,0.0745334367536292,29.5871299020707,26.0497387645958,27.8184343333333,0.320779125435984,36.2455934235201,28.0358852,27.2926427859895,-2.35443367982932,-2.24014312086168
"14288868","2013-06-18",43.2077155181712,0.31862678020694,0.267028586513315,0.163542965591401,29.2417009283866,26.1477257382799,27.6947133333333,0.360168023308657,37.2282224932809,27.9505688,27.2674557478575,-2.2077779528872,-2.23367008726679
"14288867","2013-06-19",41.8055914406821,0.338982639604994,0.317242149231755,0.248363465174244,28.8691482685905,26.2902230647426,27.5796856666666,0.384068370981125,36.6203856824076,27.8510952,27.2394176481432,-2.08150760957099,-2.20323759172763
"14288866","2013-06-20",41.4702002601684,0,0.219203139937311,0.267824625227459,28.5390450773147,26.3564295893519,27.4477373333333,0.130447657356525,30.1522897680501,27.7274056,27.1393646283908,-2.12597662397166,-2.18778539817643
"14288865","2013-06-21",40.8331679188495,0.0296248578404474,0.122869165815147,0.219771484994736,28.3513717359537,26.3534762640462,27.3524239999999,0.173511114150625,31.0126316500858,27.602598,27.0576186779387,-2.12675396460613,-2.17557911146237
"14288864","2013-06-24",39.5556753804226,0.0451096257547858,0.0249114945317443,0.122327933428066,28.1178393710714,26.4081799622617,27.2630096666666,0.221613362941909,31.4672930024079,27.47481,26.9892561875468,-2.09845904130032,-2.16015509742996
"14288863","2013-06-25",37.7093083975229,0.451128547902742,0.175287677165992,0.107689445837626,27.9992736491386,26.4432306841946,27.2212521666666,0.486333603583568,42.4874197406355,27.3727288,26.9970700292073,-1.90406892260606,-2.10893786246518
"14288862","2013-06-26",35.1258754533288,0.76027326744323,0.418837147033586,0.206345439577106,27.9885274195663,26.4474569137669,27.2179921666666,0.768346688299131,50.5713321187321,27.2941188,27.0671766919796,-1.58979093576899,-2.00510847712594
"14288861","2013-06-27",33.0693158886345,0.67629645259787,0.629232755981281,0.407785860060285,27.9286031326836,26.4813015339829,27.2049523333333,0.878401433738282,51.43612167422,27.2359992,27.1353864663824,-1.30906597872985,-1.86589997744672
"14288860","2013-06-28",31.657694920816,0.658291430174591,0.698287050071897,0.582118984362253,27.9508872901599,26.4686417098399,27.2097644999999,0.979341733988067,53.4814524498909,27.20992,27.2118882708647,-1.03606240918624,-1.69993246379463
"14288859","2013-07-01",30.8065039815424,0.591110156753274,0.641899346508578,0.656473050853917,28.0355842495195,26.426168417147,27.2308763333333,0.986222175106319,53.7809485461109,27.1816056,27.2806738347494,-0.805100179909113,-1.52096600701753
"14288858","2013-07-02",29.7858368744561,0.551108248037602,0.600169944988489,0.646785447189653,28.0749421165625,26.4113372167706,27.2431396666666,0.841705934346469,52.153817915476,27.1767624,27.3291106567828,-0.639577454856566,-1.34468829658533
"14288857","2013-07-03",28.478931906853,0.488888888888888,0.543702431226588,0.595257240907884,28.0847416969809,26.4099203030189,27.2473309999999,0.690471454339436,49.6382286062141,27.1775076,27.3537039025451,-0.540653040505656,-1.1838812453694
"14288856","2013-07-05",26.7770855252933,0.262219359148713,0.434072165358401,0.525981513857825,28.0870206831523,26.4141606501809,27.2505906666666,0.480882640486198,41.7395615161118,27.1462124,27.3116820488724,-0.595482648527246,-1.06620152600097
"14288855","2013-07-08",25.0430856014804,0.417774914704268,0.389627720913956,0.455800772499647,28.0984842885488,26.4144947114511,27.2564894999999,0.650808831274222,47.8701362465017,27.1342904,27.3187284423561,-0.536633063373793,-0.960287833475533
"14288854","2013-07-09",23.8918886586038,0.600000000000001,0.426664757950994,0.416788214741116,28.1656397970927,26.4078802029072,27.2867599999999,0.812718152784785,53.9793771808271,27.1480752,27.375752650042,-0.373086598199857,-0.842847586420398
"14288853","2013-07-10",22.6584125558836,0.568887934531053,0.528887616411774,0.44839336509224,28.2233791911847,26.4274471421485,27.3254131666666,0.765531668411035,52.8407667983214,27.1562716,27.416480296703,-0.259801300148177,-0.726238329165954
"14288852","2013-07-11",22.1060338929413,0.737553439564711,0.635480458031921,0.530344277464895,28.3141096564854,26.4798413435144,27.3969754999999,0.903765629468082,58.1385295393121,27.181978,27.500209590476,-0.0627880076738085,-0.593548264867525
"14288851","2013-07-12",21.7259084219586,0.748858939978527,0.68510010469143,0.61648939304504,28.3862579475284,26.5582697191381,27.4722638333333,0.88604889373648,58.5246199124162,27.2237048,27.5765016450792,0.0999392347835748,-0.454850764937305
"14288850","2013-07-15",22.2136320420195,0.659791246983819,0.715401208842352,0.6786605905219,28.5223262743616,26.5647053923049,27.5435158333333,0.955718558605416,60.733936439816,27.263196,27.6637320924019,0.271541539635978,-0.309572304022648
"14288849","2013-07-16",22.6665182606474,0.845361167068825,0.75133711801039,0.717279477181389,28.6925333352382,26.5413493314284,27.6169413333333,0.981608576872974,64.9875501209207,27.3209428,27.784039813415,0.4985860803429,-0.147940627149539
"14288848","2013-07-17",23.4518866906305,0.879071764935007,0.794741392995884,0.753826573282874,28.8913064413952,26.5043295586047,27.6978179999999,0.995099893308779,67.6114463388639,27.3980628,27.9193531716264,0.736214381832578,0.0288903746468848
"14288847","2013-07-18",24.7158696895096,0.841897099013767,0.855443343672533,0.800507284892934,29.1232542008106,26.4589717991892,27.7911129999999,1.00876501148746,69.9403540242553,27.4990264,28.0664287487428,0.976100102894706,0.218332320296449
"14288846","2013-07-19",26.0449344854625,0.886792452830188,0.869253772259654,0.839812836309355,29.3057002214031,26.5444581119301,27.9250791666666,1.00534896181188,71.9327369141576,27.6081864,28.2212155822438,1.20911694665307,0.416489245567772
"14288845","2013-07-22",27.2790660817045,0.924528301886792,0.884405951243582,0.869701022391922,29.4588126664827,26.6595886668504,28.0592006666666,0.972760546080123,72.8147598519542,27.7054244,28.3677828379446,1.40220252171186,0.61363190079659
"14288844","2013-07-23",28.0042703564643,0.879244472715044,0.896855075810675,0.883504933104636,29.5576997312453,26.8128002687545,28.1852499999999,0.909049590100915,69.9730211620526,27.7914856,28.4799051262187,1.50459995737531,0.791825512112333
"14288843","2013-07-24",27.5837725368006,0.750945016834061,0.851572597145299,0.877611208066517,29.6269528799367,26.9320004533964,28.2794766666666,0.798722651058777,62.5273922139963,27.8630172,28.5348551093895,1.47838870524319,0.929138150738506
"14288842","2013-07-25",27.0718598347058,0.695652173913043,0.775280554487383,0.841236075814451,29.6887709233852,27.0021307432813,28.3454508333333,0.725398934259214,61.6955419488958,27.9349212,28.5775104281376,1.43032857790917,1.02937623617264
"14288841","2013-07-26",26.841173051197,0.688777019402479,0.711791403383194,0.779548185005291,29.7573122055572,27.0627437944427,28.4100279999999,0.735335894257168,62.891696353256,28.0329044,28.6256557043859,1.39949917388535,1.10340082371518
"14288840","2013-07-29",27.20872147382,0.754997852694869,0.71314234867013,0.733404768846901,29.8498576374515,27.1021466958817,28.4760021666666,0.777957852763456,64.9849526934826,28.1353584,28.6872509438011,1.40052853958514,1.16282636688917
"14288839","2013-07-30",27.9477046429576,0.800004642821907,0.747926504973085,0.724286752342135,29.9829298238834,27.1215135094498,28.5522216666666,0.84443723842698,69.1956156287465,28.2504796,28.7853414846276,1.47782113119426,1.22582531975019
"14288838","2013-07-31",27.6879899447074,0.637363285628325,0.730788593715034,0.730619149119415,30.0506020257658,27.2028653075673,28.6267336666666,0.737068849220661,62.6589303245585,28.334678,28.8343386200106,1.44614044951137,1.26988834570243
"14288837","2013-08-01",27.9227454774576,0.72413984598677,0.720502591479001,0.733072563389038,30.1170342092311,27.3351317907687,28.7260829999999,0.797364971482583,65.8897408612136,28.4099352,28.9103334706759,1.47389023619724,1.31068872380139
"14288836","2013-08-02",28.1407327578684,0.797102689581664,0.719535273732253,0.723608819642094,30.113146402854,27.5842885971458,28.8487174999999,0.825278273117349,68.0920159354319,28.4904084,29.0010330079191,1.52945210495581,1.35444140003227
"14288835","2013-08-05",28.1019042085137,0.68421250906488,0.735151681544438,0.725063182251896,30.1038274171123,27.8062772495542,28.9550523333333,0.79687897263996,66.474285077429,28.5630576,29.0709459401965,1.53694158100133,1.39094143622608
"14288834","2013-08-06",27.6188738204347,0.546301358968497,0.67587218587168,0.710186380382789,30.0911438942093,27.9878544391239,29.0394991666666,0.731009969720829,63.4591032415406,28.6301184,29.1153931481703,1.49169639560345,1.41109242810156
"14288833","2013-08-07",26.7674349706939,0.435188038691335,0.555233968908238,0.655419278774784,30.0169758685482,28.224396464785,29.1206861666666,0.670337689193795,60.7210817369682,28.6960616,29.139011395081,1.40847057956548,1.41056805839434
"14288832","2013-08-08",26.4618727400557,0.648646818718201,0.543378738792678,0.591494964524197,29.9977288313074,28.3945308353591,29.1961298333333,0.780896995341916,64.1877348755442,28.7765344,29.1905272090702,1.3907188887923,1.40659822447393
"14288831","2013-08-09",26.1781363830346,0.756756233919486,0.613530363776341,0.570714357159084,29.9540661162462,28.5912535504203,29.2726598333333,0.819850905593356,65.7503110382024,28.8804788,29.2500769145275,1.391121531585,1.40350288589615
"14288830","2013-08-12",25.0706350202892,0.540537403516917,0.648646818718201,0.601851973762405,29.8941024492425,28.7573968840907,29.3257496666666,0.651039112733777,60.1020665417526,28.962442,29.2718813259238,1.31439795559498,1.38568189983591
"14288829","2013-08-13",23.5905673639482,0.414417812856674,0.570570483431026,0.610915888641855,29.840901188176,28.8857311451572,29.3633161666666,0.542907368832342,57.024880309414,29.0239144,29.273393149134,1.20374525209899,1.34929457028853
"14288828","2013-08-14",22.5139093872978,0.0490195046472208,0.334658240340271,0.517958514163165,29.8170049325992,28.9298077340674,29.3734063333333,0.170881512607189,50.6421559949288,29.0760728,29.2349633959161,1.0221187763148,1.28385941149378
"14288827","2013-08-15",22.1060118274075,0,0.154479105834632,0.353235943201975,29.8462232956576,28.8726477043423,29.3594354999999,-0.0056058352232457,46.4434365573655,29.10476,29.1718522764606,0.807090879245842,1.18850570504419
"14288826","2013-08-16",22.611279588887,0,0.0163398348824071,0.168492393685769,29.9281127349182,28.710968598415,29.3195406666666,-0.154784679506356,40.0385051798624,29.1163092,29.0637559729325,0.519453257385516,1.05469521551246
"14288825","2013-08-19",23.117875520987,0,2.03540887847945e-16,0.0569396469056784,29.9877496570005,28.5585023429993,29.2731259999999,-0.0729281363541913,39.7637961155809,29.12078,28.9675885098749,0.28248347953348,0.900252868316663
"14288824","2013-08-20",23.0990289777199,0.0301203650404553,0.010040121680152,0.00879331885418511,30.0184970014748,28.449827998525,29.2341624999999,0.0503305677147435,40.8561979993509,29.1137012,28.8904527085582,0.106006876006615,0.741403669854653
"14288823","2013-08-21",23.4956036559213,0,0.010040121680152,0.00669341445343338,30.0708004866207,28.3236331800458,29.1972168333333,0.0125766356422444,37.8957336234186,29.0898572,28.7987643474171,-0.0854129967399642,0.57604033653573
"14288822","2013-08-22",23.8268351545642,0.0055284012717689,0.0118829221040749,0.010654388488125,30.1104730821358,28.2243512511974,29.1674121666666,0.069227809144762,38.1372604664551,29.0574448,28.7205437677615,-0.232309555041177,0.414370358220348
"14288821","2013-08-23",23.4371963103805,0.0939235040098699,0.0331506350938798,0.0183578929593676,30.1252910253245,28.156443641342,29.1408673333333,0.181231090617229,42.0199769764441,29.0227968,28.67262193206,-0.303599105621799,0.270776465451919
"14288820","2013-08-26",22.8967122527853,0.165745266454704,0.0883990572454479,0.0444775381477995,30.1191232310763,28.0995867689235,29.1093549999999,0.252491883145421,45.0383890160486,28.9892664,28.647233674452,-0.322373629762218,0.152146446409092
"14288819","2013-08-27",22.778887188213,0.0828726332273531,0.114180467897309,0.0785767200788777,30.0789502839438,28.0385473827227,29.0587488333333,0.238741713047182,42.3018640782263,28.9546184,28.6066025178584,-0.372441278704594,0.0472289013863544
"14288818","2013-08-28",22.2174990322387,0.220341142073785,0.156319680585281,0.119633068576011,30.0537374084233,28.0047719249099,29.0292546666666,0.345143966933735,47.7701108341163,28.9415788,28.6011941821439,-0.345095238864246,-0.0312359266637656
"14288817","2013-08-29",21.6962100302625,0.261150242768241,0.18812133935646,0.152873829279682,29.9912023650359,27.9806869682973,28.9859446666666,0.351370780936068,48.2106344586213,28.9307748,28.5989909578581,-0.314537786798497,-0.0878962986907118
"14288816","2013-08-30",21.5039572173169,0.200004156074449,0.227165180305492,0.19053540008241,29.898837874264,27.9687347924025,28.9337863333333,0.341639028053814,46.1164541618985,28.912892,28.5846628301437,-0.313016752095574,-0.132920389371684
"14288815","2013-09-03",21.6368180090731,0.173913043478261,0.211689147440317,0.208991889034089,29.8012549823201,27.958275351013,28.8797651666666,0.324717632335336,43.8594260530893,28.88495,28.5585837861245,-0.336907227409267,-0.173717756979201
"14288814","2013-09-04",21.9549098457702,0.13829495614035,0.17073738523102,0.203197237658942,29.7153195802044,27.9370994197954,28.8262094999999,0.290834205114557,42.4361315412208,28.8409876,28.5272886146412,-0.370080979197263,-0.212990401422813
"14288813","2013-09-05",22.2790018952653,0.139536335376587,0.1505814449984,0.177669325889911,29.6368729574778,27.9152653758554,28.7760691666666,0.29504862949039,42.2254179465117,28.8074572,28.4989247993557,-0.394539957368023,-0.249300312611855
"14288812","2013-09-06",23.494802331375,0,0.092610430505646,0.137976420245021,29.509856704346,27.8870482956538,28.6984524999999,0.127606994908952,35.4065940215651,28.7504556,28.4296361594416,-0.503352814837266,-0.300110813056937
"14288811","2013-09-09",24.668496883804,0,0.0465121117921959,0.0965679957654125,29.3302289151395,27.900886751527,28.6155578333333,0.104787073116059,35.0677441436781,28.6852576,28.3671020048494,-0.588474701312069,-0.357783590707964
"14288810","2013-09-10",25.282406126192,0.0803512370946278,0.0267837456982094,0.0553020959986824,29.1662174650702,27.9286032015964,28.5474103333333,0.166355116571158,37.9452593795042,28.6260204,28.3240817375362,-0.62513599791153,-0.411254072148677
"14288809","2013-09-11",26.4259002277215,0,0.0267837456982094,0.0333598677295369,29.0035108965037,27.9503577701628,28.4769343333333,0.0421802193111047,33.6611641394799,28.5626852,28.2569935058647,-0.710027520547762,-0.471008761828494
"14288808","2013-09-12",27.4877161791417,0.0314909373731911,0.0372807248226065,0.0302827387396738,28.911367592088,27.9338374079118,28.4226024999999,0.0623400276956209,34.9786106118436,28.5053108,28.2038170384161,-0.758270631019697,-0.528461135666735
"14288807","2013-09-13",28.4736881340318,0.0393700121736771,0.0236203165156229,0.0292282623454783,28.861594979349,27.8923330206508,28.3769639999999,0.064055933271729,35.3246917725244,28.4389952,28.1589734332939,-0.785035377489796,-0.579775984031347
"14288806","2013-09-16",28.1674985070902,0,0.0236203165156229,0.0281737859512828,28.8584356126284,27.8417813873714,28.3501084999999,0.141328233722324,34.1508067501802,28.3659732,28.1126569755214,-0.813121706713527,-0.626445128567783
"14288805","2013-09-17",28.0390099050327,0,0.0131233373912259,0.0201213234741559,28.8622293541469,27.7845869791863,28.3234081666666,0.12590109418442,33.1619264089305,28.30003,28.0663067121185,-0.839313611638193,-0.669018825181865
"14288804","2013-09-18",27.1943891572861,0.189393631298547,0.0631312104328493,0.0332916214465647,28.8440453482445,27.7829009850887,28.3134731666666,0.515649928426349,42.1775173396058,28.2486164,28.0571831505027,-0.784182019607704,-0.692051464067033
"14288803","2013-09-19",26.41009846295,0.583334011143193,0.257575880813914,0.111276809545995,28.8796649071792,27.7780174261539,28.3288411666666,0.794218890872808,55.594547250881,28.228498,28.1138533971024,-0.594404078446475,-0.672521986942921
"14288802","2013-09-20",24.884646766437,0.227272357558259,0.333333333333333,0.218013474860031,28.8748870209718,27.7700656456947,28.3224763333333,0.414149319709902,45.3514707229919,28.1998108,28.1045996108221,-0.56323371107132,-0.650664331768601
"14288801","2013-09-23",23.7147755345796,0.159095530521777,0.323233966407743,0.304714393518329,28.8542666255149,27.7559137078182,28.3050901666666,0.372942933230812,43.6915331023879,28.1837908,28.0854036627125,-0.556220083409031,-0.631775482096687
"14288800","2013-09-24",22.0904322327595,0.628793362885844,0.338387083655294,0.331651461132122,28.8557793377521,27.7553326622478,28.3055559999999,0.784669859042941,55.7170421186543,28.1916148,28.1457631743508,-0.380507319112644,-0.581521849499879
"14288799","2013-09-25",21.3350406795274,0.378787262597098,0.388892052001573,0.350171034021535,28.8406755427856,27.7561547905475,28.2984151666666,0.577863732122359,49.6401742203283,28.1852812,28.1570920844374,-0.325692421624024,-0.530355963924708
"14288798","2013-09-26",20.6336056658119,0.416665988856807,0.474748871446583,0.400676002367815,28.7931848746797,27.7719774586534,28.2825811666666,0.610358416483048,50.5207052954892,28.1882616,28.1731198065124,-0.265846723384311,-0.477454115816628
"14288797","2013-09-27",20.3932435768103,0.295457318313067,0.363636856588991,0.409092593345714,28.7406402453017,27.7878867546981,28.2642634999999,0.559308625533639,47.6496398305943,28.1849084,28.1671411656441,-0.258118710349919,-0.433587034723287
"14288796","2013-09-30",20.2213338617253,0.280304201065516,0.330809169411797,0.389731632482456,28.6899700466919,27.7972646199746,28.2436173333333,0.468178379470915,47.2878335618459,28.1748492,28.1594756768915,-0.254406479375335,-0.397750923653696
"14288795","2013-10-01",19.5791164771238,0.401521005327585,0.325760841568723,0.340068955856502,28.6597834112989,27.8072712553676,28.2335273333332,0.642397969525097,50.5241799357432,28.165908,28.1727029199727,-0.206397680559633,-0.359480275034884
"14288794","2013-10-02",18.588767516144,0.507576558623776,0.396467255005626,0.351012421995381,28.6632198198215,27.8060081801784,28.2346139999999,0.781594403105154,53.229810682535,28.1677708,28.2015518639763,-0.129548127536117,-0.31349384553513
"14288793","2013-10-03",18.5502016486118,0.272731709300907,0.393943091084089,0.372057062552811,28.6447762174696,27.8052031158635,28.2249896666666,0.506845145454383,47.0889800831979,28.1491428,28.1880569487795,-0.14954088628476,-0.280703253685056
"14288792","2013-10-04",18.8171252876318,0.181821139533938,0.320709802486207,0.370373382858639,28.6452191422698,27.8022761910634,28.2237476666666,0.316763795882571,44.9282063122676,28.1252988,28.1614586889422,-0.195169848210885,-0.263596572590222
"14288791","2013-10-07",19.2637029463727,0,0.151517616278282,0.288723503282858,28.6482256366623,27.7927500300042,28.2204878333333,0.225274262834118,43.4953365852765,28.1022,28.1284721970832,-0.249884071279904,-0.260854072328159
"14288790","2013-10-08",19.1899801171802,0,0.0606070465113128,0.177611488425266,28.6509268471955,27.7763884861377,28.2136576666666,0.253270590586508,42.7609114183688,28.0817092,28.0949159041388,-0.300575101620371,-0.268798278186601
"14288789","2013-10-09",18.4362396639439,0.041241449538441,0.0137471498461471,0.0752906042119125,28.648198085124,27.7874999148759,28.2178489999999,0.33822164593063,43.7831587314801,28.0653168,28.070801783587,-0.3263686621224,-0.280312354973761
"14288788","2013-10-10",17.9210723554007,0,0.0137471498461471,0.029367115401201,28.6455973738841,27.7966202927824,28.2211088333333,0.310200412252811,42.5554526019668,28.0470612,28.0424508791087,-0.358814189423251,-0.296012721863659
"14288787","2013-10-11",16.9861895316578,0.515155787396023,0.185465745644821,0.0709866817790372,28.6579541847672,27.8302124818993,28.2440833333333,0.705168672882299,54.2877357620407,28.0612184,28.0812160952275,-0.245096122492372,-0.285829401989402
"14288786","2013-10-14",17.6200626079199,0,0.171718595798674,0.12364383042988,28.6579539348489,27.8302130651509,28.2440834999999,0.187563049257673,43.8796940102211,28.05563,28.0465099491972,-0.298819413889162,-0.288427404369354
"14288785","2013-10-15",17.8903845942043,0,0.171718595798674,0.176300979080722,28.6461152874855,27.8730990458476,28.2596071666666,0.462652143066555,39.4382133261561,28.035512,27.9791752893042,-0.41724737542832,-0.314191398581147
"14288784","2013-10-16",18.0912234414562,0,1.48029736616688e-16,0.114479063865782,28.7000846993917,27.7474123006081,28.2237484999999,-0.141187709556011,39.1536515852615,28.02359,27.9183345840637,-0.510960286522333,-0.353545176169384
"14288783","2013-10-17",19.3035911018483,0.0133918728491029,0.00446395761636779,0.0587275178050127,28.6433496213356,27.7240470453309,28.1836983333333,0.139144925013003,39.8545583089387,28.0112956,27.8693313061885,-0.570861599056738,-0.397008460746855
"14288782","2013-10-18",20.4293610722123,0.325891273713776,0.113094382187626,0.0391861132679968,28.6478544991996,27.7251308341336,28.1864926666666,0.605145961179834,53.356817400759,28.0247076,27.9137924653634,-0.424790718786894,-0.402564912354863
"14288781","2013-10-21",21.0127315933478,0.249997603458689,0.196426916673856,0.104661752159282,28.6467823404806,27.7230979928526,28.1849401666666,0.445377985315564,50.3977431816226,28.0340216,27.9312134699816,-0.350807780662843,-0.392213486016459
"14288780","2013-10-22",22.0565718424821,0.325891273713776,0.300593383628747,0.203371560830075,28.5964477586551,27.7467319080114,28.1715898333333,0.712098550195997,53.1932412277664,28.051532,27.9674236739841,-0.243668103640005,-0.362504409541168
"14288779","2013-10-23",23.2451000581072,0.437498202594016,0.337795693255493,0.278271997852697,28.6292250156097,27.7316513177234,28.1804381666666,0.922682283241473,57.0286125594913,28.0690424,28.0298525174529,-0.0907206872196142,-0.308147665076857
"14288778","2013-10-24",24.3487334011875,0.44642771552096,0.403272397276251,0.347220491386829,28.6497425517878,27.7232421148787,28.1864923333333,0.856039767342733,57.3298743595798,28.0679248,28.0864415151258,0.0351991552133724,-0.239478301018811
"14288777","2013-10-25",25.0313080446155,0.397322584046703,0.427082834053893,0.389383641528544,28.6696915656843,27.7178851009822,28.1937883333332,0.78671970278342,55.0444744225363,28.0802196,28.121825313109,0.104212189685282,-0.170740202877993
"14288776","2013-10-28",25.8492644977042,0.491070487073055,0.444940262213573,0.425098497847904,28.7280211367345,27.701468529932,28.2147448333332,0.908742001029763,58.4499091906625,28.1036908,28.1785699380278,0.212376007035742,-0.0941169608952458
"14288775","2013-10-29",26.71730241953,0.531250898702991,0.473214656607583,0.448412584291682,28.7872969405443,27.6778963927889,28.2325966666666,0.93209220898916,59.8536066835525,28.1074164,28.2389259462908,0.318146717409262,-0.0116642252343442
"14288774","2013-10-30",27.6189811556001,0.513391872849103,0.511904419541717,0.476686446120956,28.827256107097,27.6609118929029,28.2440839999999,0.895820257046292,58.9011323992139,28.1219464,28.2862664867853,0.386632603858006,0.0679951405841258
"14288773","2013-10-31",26.8402448899838,0.290178015088624,0.444940262213573,0.476686446120956,28.8333753493548,27.6647273173117,28.2490513333332,0.569338241949906,48.5104059146134,28.1159856,28.2652016218806,0.304522931369244,0.11530069874115
"14288772","2013-11-01",26.1992077184748,0.433035842671856,0.412201910203194,0.45634886398616,28.8640988277815,27.6811951722183,28.2726469999999,0.727031451014955,54.0922287634956,28.1279076,28.2866854056299,0.320773881835001,0.15639533535992
"14288771","2013-11-04",25.7318395031116,0.688746524839842,0.470653460866774,0.442598544427845,28.8963027508956,27.7107742491043,28.3035384999999,0.752847709872705,55.235459429664,28.1431828,28.3139980182126,0.348172999378948,0.194750868163726
"14288770","2013-11-05",24.7064291425875,0.554056308806141,0.558612892105946,0.480489421058637,28.9044122742487,27.7473720590845,28.3258921666666,0.602904374834707,51.4875698328743,28.145418,28.3140729491176,0.315797497144477,0.218960193959876
"14288769","2013-11-06",23.7542623792438,0.33684436558435,0.526549066410111,0.518605139794276,28.9131108136627,27.7749978530039,28.3440543333333,0.58592790878169,52.0408583468155,28.1435552,28.3178632225686,0.294702726575213,0.234108700482943
"14288768","2013-11-07",23.8811340330404,0.422022595864975,0.437641090085156,0.507601016200403,28.9445979018513,27.8043627648152,28.3744803333333,0.757852955456496,54.64100543455,28.1584576,28.3385347928927,0.311519494680201,0.249590859322395
"14288767","2013-11-08",22.6334739422114,0,0.252955653816442,0.405715270103902,28.9386018307006,27.7883155026325,28.3634586666666,0.352226358036087,45.6862247445708,28.1603204,28.2980821538404,0.197866078828057,0.239245903223527
"14288766","2013-11-11",21.4749324292988,0.181818181818181,0.201280259227719,0.297292334376438,28.9291859418827,27.8309510581171,28.3800684999999,0.443176848970029,49.480348195047,28.1726148,28.2878605333283,0.159028921927939,0.22320250696441
"14288765","2013-11-12",20.1116817995839,0,0.0606060606060608,0.171613991216739,28.9319080465297,27.8167412868035,28.3743246666666,0.268227787985669,45.3832985585531,28.177458,28.2491964622179,0.0636932281903535,0.191300651209599
"14288764","2013-11-13",19.2135464562092,0,0.0606060606060608,0.107497460146612,28.8652773197587,27.9212486802412,28.3932629999999,0.0746001234964335,42.987566374147,28.1752224,28.1970596005888,-0.0513366404625071,0.142773192875177
"14288763","2013-11-14",18.6267650190114,0.41860658671172,0.139535528903907,0.0869158833720081,28.8283036618889,28.0227996714443,28.4255516666666,0.58961470192124,52.6734212462653,28.1953408,28.2189356538437,0.00133888751718825,0.11448633180358
"14288762","2013-11-15",18.4649869505098,0.643415368994014,0.354007318568578,0.184716302692847,28.8671361410656,28.0292955256009,28.4482158333333,0.844434046293339,56.907526946457,28.2072628,28.2739095666645,0.118816175806113,0.115352300604086
"14288761","2013-11-18",18.4542740039884,0.666669440953466,0.576230465553067,0.356591104341849,28.8966655512553,28.0640331154113,28.4803493333333,0.856468617550951,57.3327547096769,28.2407932,28.3252789577759,0.21715921202452,0.135713682888173
"14288760","2013-11-19",17.7734953991615,0.480620219557056,0.596901676501512,0.509046486874384,28.90382795052,28.0773617161465,28.4905948333333,0.580013553185499,52.8401542409914,28.2765588,28.3399937634058,0.228674328286926,0.154305811967924
"14288759","2013-11-20",16.7718258801822,0.372098442792819,0.506462701101114,0.559864947718563,28.8975736826869,28.0730606506463,28.4853171666666,0.462348887007359,50.3612202880861,28.307854,28.3353612616183,0.198382146276632,0.163121078829666
"14288758","2013-11-21",15.6172395481593,0.279073832094614,0.37726416481483,0.493542847472484,28.8937804831397,28.0566735168602,28.4752269999999,0.308068733779617,48.2707196622826,28.3335608,28.3164437600692,0.140913839258672,0.158679630915467
"14288757","2013-11-22",15.3793527232226,0.558139341328828,0.403103872072088,0.428943579329343,28.910960975303,28.0587416913636,28.4848513333333,0.704554551414944,54.3875997830667,28.3466004,28.3447552587267,0.188696372772146,0.164682979286803
"14288756","2013-11-25",15.1301850972379,0.550390758295809,0.462534643906418,0.414300893597777,28.9064671121669,28.0591995544996,28.4828333333333,0.631182488531403,54.1959707345468,28.3656012,28.3680505575631,0.221302541493151,0.176006891728072
"14288755","2013-11-26",14.2311792457815,0.3643415368994,0.490957212174679,0.45219857605106,28.8795822046935,28.0581421286398,28.4688621666666,0.455778271527171,49.6706292103964,28.3693268,28.3584344832214,0.18144668418143,0.177094850218744
"14288754","2013-11-27",13.4958934619938,0.233873621140491,0.382868638778567,0.445453498286553,28.8530513611335,28.0374823055331,28.4452668333333,0.240761580050832,46.5324802320939,28.3570324,28.3277472187919,0.100960701114694,0.161868020397934
"14288753","2013-11-29",13.1834567288216,0.44354685091866,0.347254002986184,0.407026617979809,28.8596708234346,28.0491801765653,28.4544254999999,0.572587101274971,51.3169639777938,28.3536792,28.3334395896196,0.104919979833329,0.150478412285013
"14288752","2013-12-02",12.523247981797,0.330649211214434,0.336023227757862,0.355381956507537,28.8506550124241,28.0411203209091,28.4458876666666,0.406809429181141,48.7855520100473,28.3492084,28.320987644337,0.0701066917718762,0.134404068182386
"14288751","2013-12-03",11.9599357891154,0.354840944118309,0.376345668750468,0.353207633164837,28.8341854706326,28.036788196034,28.4354868333333,0.449577413148901,49.3619804319717,28.3380316,28.3139212917587,0.0498978223044011,0.117502819006789
"14288750","2013-12-04",11.6928602936213,0.336844365584349,0.340778173639031,0.351049023382453,28.8407394135566,28.03892725311,28.4398333333333,0.614806606677204,52.6167949608898,28.3298352,28.3289091195242,0.0780997215760415,0.109622199520639
"14288749","2013-12-05",11.107416741282,0.0210548919001369,0.237580067200932,0.318234636530143,28.8379939629519,28.0314277037146,28.4347108333333,0.381831365691639,46.8891813188094,28.3119524,28.3046425702543,0.0205873370744625,0.0918152270314039
"14288748","2013-12-06",11.6285115074099,0,0.119299752494829,0.23255266444493,28.8530848724582,27.9359257942084,28.3945053333333,-0.0780044188316432,39.6137527410771,28.2951872,28.2252435608871,-0.148372215557924,0.0437777385135384
"14288747","2013-12-09",12.1123852188144,0.0153862671577924,0.0121470530193103,0.123008957571689,28.8902081103799,27.8627885562866,28.3764983333333,-0.0286658838666211,40.0401436902842,28.2672452,28.1589150861022,-0.274199272576248,-0.0198176637044188
"14288746","2013-12-10",12.9163683155882,0,0.00512875571926468,0.0455251870778001,28.9319375904802,27.7630020761864,28.3474698333333,-0.0221643901962195,37.6094544453091,28.2303616,28.0803184079552,-0.414967835386715,-0.098847698040878
"14288745","2013-12-11",14.3136428427215,0,0.00512875571926468,0.00746818815261188,29.0299464509209,27.5898605490789,28.3099034999999,-0.156467899211711,33.147882293063,28.1875172,27.9687359535612,-0.613979883287763,-0.201874135090255
"14288744","2013-12-12",15.6111120464882,0,5.52798547677943e-16,0.00341917047950863,29.1043717304047,27.4496166029285,28.2769941666666,-0.0701795294865978,33.147882293063,28.1435552,27.872031159753,-0.763833761061139,-0.314266060284432
"14288743","2013-12-13",17.1517552952242,0,5.52798547677943e-16,0.00170958523975392,29.16066435658,27.2604439767532,28.2105541666666,-0.0481561565479611,30.8441676551274,28.0872984,27.7646243384526,-0.924170561004245,-0.436246960428394
"14288742","2013-12-16",17.7995369047806,0.13440813664202,0.0448027122140073,0.0149342374046681,29.1247161182464,27.1619595484202,28.1433378333333,0.117442200996047,37.0438875841004,28.057866,27.7025850933256,-0.97300729142985,-0.543599026628686
"14288741","2013-12-17",18.7476296387181,0.0376354327208921,0.0573478564543047,0.0340501895561029,29.0815132181941,27.0480661151391,28.0647896666666,0.0777631333299282,34.6362758739925,28.0142764,27.6264644142155,-1.04899441805454,-0.644678104913856
"14288740","2013-12-18",18.5809963137069,0,0.0573478564543047,0.0531661417075376,29.0542261488404,26.9390585178261,27.9966423333333,0.120424568296939,32.3705632279243,27.9729224,27.5381398256534,-1.14571648965317,-0.744885781861719
"14288739","2013-12-19",18.4262653690536,0.0942399253500613,0.0439584526903184,0.0528847218663079,29.0170301246886,26.8595185419779,27.9382743333333,0.198096174676582,36.8212722129749,27.9438628,27.483945182233,-1.16039628430165,-0.827987882349704
"14288738","2013-12-20",17.9276632915576,0.240835989364632,0.111691971571565,0.0709994269053947,28.9780282122519,26.8165571210813,27.8972926666666,0.313846226468836,43.0948730678779,27.9051164,27.4717484912686,-1.08311158434088,-0.879012622747939
"14288737","2013-12-23",16.7945281410516,0.382198688004857,0.239091534239851,0.13158065283391,28.8749955813058,26.8267600853607,27.8508778333333,0.441414044639484,48.4143853731331,27.8656248,27.4947086924328,-0.937166331320505,-0.890643364462453
"14288736","2013-12-24",15.883565777169,0.359786406112421,0.327607027827304,0.226130177879572,28.7728436666543,26.8385660000122,27.8057048333333,0.440450724671181,47.5283308365643,27.8231528,27.5083982001084,-0.825635260777824,-0.877641743725527
"14288735","2013-12-26",15.0376721535637,0.538461538461538,0.426815544192939,0.331171368753363,28.692481251062,26.8441060822712,27.7682936666666,0.454565320530575,47.9388102863448,27.7903676,27.522746440094,-0.723424127908157,-0.846798220562053
"14288734","2013-12-27",14.1492478403014,0.605041637720257,0.501096527431406,0.418506366483882,28.6412177901918,26.842590209808,27.7419039999999,0.480064058994575,48.3737427891717,27.7635432,27.5376655814148,-0.629687950230984,-0.803376166495839
"14288733","2013-12-30",13.1994496071207,0.697474670010916,0.613659282064238,0.513857117896193,28.5338204320845,26.8782699012487,27.7060451666666,0.554383621433745,50.807570537929,27.7452876,27.5642555038928,-0.519401732021862,-0.746581279601044
"14288732","2013-12-31",13.0117662372346,0.731708594472862,0.678074967401346,0.597610258965662,28.4590675522869,26.906452447713,27.6827599999999,0.6429738334243,52.3472402659852,27.716228,27.5959934367071,-0.408238528027094,-0.678912729286254
"14288731","2014-01-02",12.0832871558213,0.560980080655017,0.663387781712932,0.65170734372617,28.3567864423914,26.9450882242751,27.6509373333333,0.576425210394727,47.5402374111551,27.6797172,27.5974209784795,-0.373028119816676,-0.617735807392338
"14288730","2014-01-03",11.9705945720539,0.365854297236431,0.55284765745477,0.631436802189681,28.1824441831647,27.0250484835018,27.6037463333333,0.486452630961765,42.7126475683456,27.6432064,27.5688528480155,-0.405835200976179,-0.575355686109106
"14288729","2014-01-06",11.8659514585555,0.560980080655017,0.495938152848822,0.570724530672173,28.0436178832001,27.0980557834664,27.5708368333333,0.616727570508391,48.3599419104599,27.6223432,27.5738991349468,-0.362291678370841,-0.532742884561453
"14288728","2014-01-07",11.5351891261354,0.569106684590003,0.498647020827151,0.515810943710246,28.0208431883041,27.1049968116958,27.5629199999999,0.656278029069427,48.5872587195158,27.592166,27.5795139169539,-0.321351794017799,-0.490464666452723
"14288727","2014-01-08",11.6559967758088,0.463417188945724,0.531167984730249,0.508584386135406,27.9924265551329,27.1098181115336,27.5511223333333,0.552413955854998,45.7656800489457,27.5623612,27.5682360613601,-0.320635473681041,-0.456498827898386
"14288726","2014-01-09",11.7681753076485,0.428571428571428,0.487031767369052,0.505615590975482,27.9787610668791,27.1107542664541,27.5447576666666,0.574932976678931,47.2871212392245,27.533674,27.565912586512,-0.30026596767484,-0.425252255853677
"14288725","2014-01-10",11.9823512458792,0.521278782894737,0.47108913347063,0.496429628523309,28.0400823727755,27.1109056272244,27.5754939999999,0.934541654139877,54.4047567741968,27.5102028,27.6023975749771,-0.197391033203054,-0.379680011323552
"14288724","2014-01-13",12.1812289028078,0.617016173245613,0.522288794903927,0.493469898581201,28.0999014491404,27.1203202175261,27.6101108333333,0.924377771422768,56.251504289412,27.5012612,27.6451938983135,-0.0904251907826503,-0.321829047215372
"14288723","2014-01-14",12.3659010128129,0.638294956140352,0.592196637426901,0.528524855267151,28.1293736442402,27.1759160224263,27.6526448333333,0.884885311037993,56.6715638585964,27.5105752,27.684768045205,-0.000329647527830268,-0.257529167277864
"14288722","2014-01-15",11.6389972607581,0.297868695175439,0.517726608187135,0.544070680172653,28.1348141211335,27.2077318788663,27.6712729999999,0.601134860596745,48.6272592847167,27.507222,27.6793256391777,-0.0156332201211695,-0.209149977846525
"14288721","2014-01-16",10.998565804386,0.287235014619885,0.407799555311892,0.505907600308642,28.1079640644194,27.2848776022472,27.6964208333333,0.515465163444852,48.3961701420547,27.50983,27.673367553954,-0.0301315300528571,-0.173346288287791
"14288720","2014-01-17",10.6880798459147,0.202131304824563,0.262411671539963,0.395979278346329,28.0621251247835,27.3794598752163,27.7207924999999,0.442017701904375,46.4919082074406,27.5224972,27.6582692134268,-0.0626332712986954,-0.151203684889972
"14288719","2014-01-21",10.5783316953403,0.14894005847953,0.212768792641326,0.294326673164392,28.0197331016237,27.4556932317095,27.7377131666666,0.300747241472463,45.292361900565,27.5333016,27.6389746516366,-0.100841923574535,-0.141131332626885
"14288718","2014-01-22",10.3191421075875,0.468087536549708,0.273052966617934,0.24941114359974,28.0258731796233,27.4905351537099,27.7582041666666,0.773738260513119,53.1096953070645,27.5623616,27.659508698085,-0.0490253675512031,-0.122710139611748
"14288717","2014-01-23",10.1134609327725,0.510633680555557,0.375887091861599,0.287236283706952,28.046104931668,27.4904837349985,27.7682943333333,0.79586524233677,54.0522964287979,27.5835976,27.6822715383403,0.00283916242345139,-0.0976002792047084
"14288716","2014-01-24",10.4726310238938,0.399992421276003,0.459571212793757,0.369503757091095,28.0709180637467,27.4936126029199,27.7822653333333,0.825087288102128,53.4733299909798,27.6107944,27.6995153332283,0.0380454800894547,-0.0704711273458758
"14288715","2014-01-27",10.1687608038116,0.223521833040712,0.378049311624091,0.404502538759814,28.0709338946484,27.4991847720181,27.7850593333333,0.421528519722894,49.2159317929892,27.6391088,27.6958319554645,0.0249587787422234,-0.051385146128256
"14288714","2014-01-28",10.4654677892904,0.235294117647059,0.286269457321258,0.374629993913034,28.0733161045281,27.5061165621384,27.7897163333333,0.516696651928708,49.5047540363421,27.66109,27.6938823614026,0.0171043677306804,-0.0376872433564687
"14288713","2014-01-29",11.2338220090847,0.397588802938973,0.285468251208915,0.316595673384753,28.0882954731367,27.5057291935298,27.7970123333333,0.748877547057053,53.7509696601442,27.678228,27.7108207132156,0.0509807345685953,-0.0199536477714559
"14288712","2014-01-30",12.4976558124905,0.500000000000002,0.377627640195345,0.316455116241838,28.120286902528,27.4917447641386,27.8060158333333,0.943562146389217,57.1166283974324,27.69015,27.7416446181202,0.111739268706934,0.00638493552422209
"14288711","2014-01-31",14.0883887832034,0.486239435787318,0.461276079575431,0.374790656993229,28.1802135475223,27.4740414524775,27.8271274999999,1.00119864900298,58.8530875280943,27.7065428,27.7770520023708,0.176721448644601,0.0404522381482979
"14288710","2014-02-03",16.1766486183925,0.630429539495694,0.538889658427672,0.459264459399481,28.3089518522176,27.4347174811156,27.8718346666666,1.19818272251645,66.0447129473969,27.7348572,27.8499610687214,0.316252537365869,0.0956122979918121
"14288709","2014-02-04",16.7727654914287,0.405794620836672,0.507487865373228,0.502551201125442,28.3461856764795,27.4483999901871,27.8972928333333,0.82644817630185,56.3705813287804,27.7508772,27.8746515928919,0.339062208129626,0.144302280019375
"14288708","2014-02-05",17.0895840302769,0.362319404355303,0.466181188229223,0.504186237343373,28.359513430937,27.4698445690629,27.9146789999999,0.656340191233695,54.7005866443262,27.760564,27.8885993805063,0.337043983348662,0.182850620685232
"14288707","2014-02-06",17.9409328614069,0.434783285226361,0.400965770139446,0.458211607913964,28.3790570773283,27.5092895893383,27.9441733333333,0.779496152734474,56.9878603728175,27.7713684,27.9131061297721,0.358212380659162,0.217922972680018
"14288706","2014-02-07",18.7314710617418,0.449269837318044,0.41545750896657,0.427534822445078,28.3893587202405,27.5551822797594,27.9722704999999,0.739125469928576,57.4504002382057,27.7907412,27.9368279791358,0.375975464252076,0.24953347099443
"14288705","2014-02-10",20.1827345044346,0.371898846495119,0.418650656346509,0.411691311817507,28.4244128276991,27.5496218389674,27.9870173333333,0.828283369436347,57.4504002382057,27.8190556,27.957386915251,0.385555982480001,0.276737973291544
"14288704","2014-02-11",22.2372743971238,0.678082141412655,0.499750275075273,0.444619480129449,28.5697870168702,27.475655316463,28.0227211666666,1.15547761121122,68.1725728210721,27.8585468,28.0422659932176,0.531783467554803,0.327747072144196
"14288703","2014-02-12",24.1450614403353,0.780821414126558,0.610267467344778,0.509556132922185,28.7127597430614,27.4134039236051,28.0630818333333,1.0877898534262,70.4036003340766,27.903254,28.1344558607886,0.679320634033154,0.398061784521987
"14288702","2014-02-13",26.3103852004773,0.736843096628367,0.731915550722527,0.613977764380858,28.8720704761287,27.3761068572045,28.1240886666666,1.07560312459511,72.0892134795878,27.9572752,28.2292564126834,0.818059715149433,0.482061370647477
"14288701","2014-02-14",28.4553677722016,0.855551976713668,0.791072162489531,0.711085060185611,29.0545099296119,27.3423807370546,28.1984453333333,1.08280531886126,75.692099280518,28.0198652,28.3474302243256,0.992665568681872,0.584182210254356
"14288700","2014-02-18",30.8877687203197,0.85148530638929,0.814626793243775,0.779204835485277,29.2866319871531,27.2937446795135,28.2901883333333,1.11512844302203,79.0123033426109,28.0832004,28.4908301944156,1.20302122987483,0.707950014178451
"14288699","2014-02-19",32.8216115245974,0.804232112932088,0.837089798678349,0.814262918137217,29.4549273266224,27.3101770067109,28.3825521666666,1.00824152189039,76.6215271185983,28.1405748,28.6064168351601,1.33436496972701,0.833233005288163
"14288698","2014-02-20",34.6556048709025,0.840425349651347,0.832047589657575,0.827921393859898,29.625227994368,27.3038026722986,28.4645153333333,0.965013738070386,77.6613845022421,28.2009296,28.7190105904721,1.44677953097743,0.955942310426016
"14288697","2014-02-21",36.5371055568981,0.856438222193875,0.833698561592437,0.834278649976119,29.7992734899963,27.3045501766702,28.5519118333333,0.952435544242862,79.1588449749117,28.2787948,28.8352198450758,1.55587363990042,1.0759285763209
"14288696","2014-02-24",38.383774949833,0.838093193042732,0.844985588295985,0.836910579848665,29.9557489296185,27.323488737048,28.6396188333333,0.911988590538116,79.455450562524,28.35815,28.9396598657324,1.63015159562432,1.18677318018158
"14288695","2014-02-25",40.0985393861296,0.812206383450612,0.835579266229074,0.838087805372497,30.065978607859,27.4107163921409,28.7383474999999,0.867729846373261,78.2560611457888,28.439368,29.0264492169681,1.66114635394108,1.28164781493348
"14288694","2014-02-26",41.7183705457252,0.868291635460911,0.839530403984752,0.840031752836602,30.1721567049477,27.5060312950522,28.8390939999999,0.865707728169068,79.8906910452193,28.5280372,29.1202946547057,1.70399886669699,1.36611802528618
"14288693","2014-02-27",42.9101334698205,0.838236687262508,0.839578235391344,0.838229301868389,30.2585112961771,27.6040940371561,28.9313026666666,0.822055872625702,77.7913831344667,28.6036668,29.1954180340783,1.70464709419706,1.43382383906836
"14288692","2014-02-28",44.2096925804178,0.861111525327686,0.855879949350369,0.844996196242154,30.356596212189,27.6891847878109,29.0228904999999,0.835036242190658,79.5292616339685,28.6833948,29.2791529628678,1.72317167100569,1.49169340545582
"14288691","2014-03-03",44.2693741195755,0.697528614128455,0.79895894223955,0.83147237566042,30.418079318927,27.7885233477396,29.1033013333333,0.760871166405956,71.8585893707833,28.7567892,29.3281272344854,1.66935081429536,1.52722488722373
"14288690","2014-03-04",44.5347036814888,0.824674419253186,0.794438186236443,0.816425692608786,30.5168942474893,27.8415270858439,29.1792106666666,0.806943290540733,75.7095397015193,28.8465764,29.4065862698874,1.68107363219672,1.55799463621833
"14288689","2014-03-05",43.6893524559293,0.669013072834363,0.730405368738668,0.774600832404886,30.5506781761613,27.9747744905053,29.2627263333333,0.732136137955455,68.7248647875808,28.9285396,29.4497467672357,1.62014562659107,1.57042483429288
"14288688","2014-03-06",40.8615757539583,0,0.49789583069585,0.674246461890319,30.4846881833546,28.1584311499786,29.3215596666666,0.460828490277493,51.1814341398304,28.9792076,29.401463198271,1.37983033221931,1.53230593387816
"14288687","2014-03-07",38.1033268000769,0,0.223004357611455,0.483768519015323,30.4165188239798,28.3330908426867,29.3748048333333,0.441139554090168,50.378702208342,29.0235424,29.3546507718348,1.16572476811403,1.45898970072534
"14288686","2014-03-10",35.7207643116346,0.358331543912388,0.119443847970796,0.280114678759366,30.3276126245149,28.5586027088183,29.4431076666666,0.553528435591674,58.005042216174,29.0812892,29.3674800022569,1.09352940365053,1.38589764131038
"14288685","2014-03-11",33.3720836736953,0.216663087824778,0.191664877245722,0.17803769427599,30.2046229147008,28.7958444186324,29.5002336666666,0.440716727127076,54.442508553908,29.1200356,29.3574866686226,0.981477474291026,1.30501360790651
"14288684","2014-03-12",31.77684130743,0.358331543912388,0.311108725216518,0.207405816811011,30.1577495306086,28.9315114693912,29.5446304999999,0.567854823054609,57.2688369773534,29.1766648,29.3699377794729,0.925533655934507,1.22911761751211
"14288683","2014-03-13",31.0390019449785,0.671756288264367,0.415583640000511,0.306119080820916,30.1522209178165,29.0547070821834,29.6034639999999,0.864492899325756,63.6902282417222,29.2522944,29.4366127422099,0.984768787409496,1.18024785149158
"14288682","2014-03-14",31.155334513245,0.610468164794007,0.546851998990254,0.424514788069093,30.2037321078264,29.1283138921734,29.6660229999999,1.0303304255952,65.7822329680526,29.330532,29.5155097099152,1.06232498548917,1.1566632782911
"14288681","2014-03-17",31.2633576123495,0.79651061173533,0.692911688264568,0.551782442418443,30.3115769559561,29.1421720440437,29.7268744999999,1.08699841803368,69.3606229625142,29.4199464,29.6236257485932,1.19067149820777,1.16346492227444
"14288680","2014-03-18",31.4589052983288,0.837209737827715,0.748062838119018,0.662608841791279,30.4342149846817,29.1151573486515,29.7746861666666,1.02887542409921,70.0973447007532,29.5119688,29.7260196487808,1.29418209722425,1.1896083572644
"14288679","2014-03-19",29.742259154833,0.499999999999999,0.711240116521015,0.717404880968199,30.4647744022078,29.1473119311254,29.8060431666666,0.722928677752335,57.7147870599799,29.5622644,29.7427330289433,1.21511087257631,1.19470886032678
"14288678","2014-03-20",27.7342395194844,0.354650436953807,0.563953391593841,0.674418782077956,30.4646922203555,29.1678847796443,29.8162884999999,0.448047928151678,53.3409011926064,29.5976576,29.7261712917509,1.07686246478811,1.17113958121905
"14288677","2014-03-21",26.9354851789309,0.633720349563046,0.496123595505618,0.590439034540156,30.5135931305943,29.1742468694056,29.8439199999999,0.79068161431823,59.6618251043006,29.6464628,29.7714271195174,1.0761431077885,1.15214028653294
"14288676","2014-03-24",26.1937847198454,0.668607990012483,0.552326258843112,0.537467748647522,30.5573553100201,29.1814013566465,29.8693783333333,0.764448045257077,60.3843523709118,29.6866996,29.8181008369151,1.07804126735318,1.13732048269699
"14288675","2014-03-25",24.867073917344,0.529069912609237,0.610466084061589,0.552971979470105,30.5728029712302,29.1976210287697,29.8852119999999,0.606333566115941,56.0592989208536,29.7057,29.8287460586598,1.00730558119366,1.11131750239632
"14288674","2014-03-26",23.9587874496306,0.651161048689139,0.616279650436953,0.59302399778055,30.6057161322503,29.2041365344162,29.9049263333333,0.716524984003072,58.837387447381,29.735132,29.8640505841718,0.992621262219817,1.08757825436102
"14288673","2014-03-27",23.5282461586692,0.554793210965995,0.57834139075479,0.601695708417776,30.6407609082222,29.214419425111,29.9275901666666,0.71864317698532,57.8987613046696,29.7589756,29.8884385062822,0.957241103068385,1.06151082410249
"14288672","2014-03-28",23.3675214608236,0.76774470620017,0.657899655285102,0.617506898825614,30.7146913802941,29.2000986197058,29.9573949999999,0.866614499366175,62.7610900399613,29.7913884,29.9567667054446,1.01279903116906,1.05176846551581
"14288671","2014-03-31",23.6723042875831,0.679011445651382,0.667183120939183,0.634474722326357,30.8078542229571,29.1916934437095,29.9997738333333,0.894193144754233,63.7112379064717,29.825664,30.0259191447187,1.06415627854115,1.05424602812088
"14288670","2014-04-01",23.92238416192,0.631939577399682,0.692898576417079,0.672660450880453,30.8848785233781,29.1776934766218,30.0312859999999,0.851077348726105,63.4930120533762,29.8606844,30.0846085920895,1.08937558273974,1.06127193904465
"14288669","2014-04-02",23.2058050775336,0.423606865391211,0.578185962814092,0.646089220056783,30.9112568115709,29.1957115217623,30.0534841666666,0.646405830744009,57.1705165129846,29.8789396,30.0982167798109,1.0224488499206,1.05350732121984
"14288668","2014-04-03",22.2748728769733,0.361111525327687,0.472219322706194,0.581101287312453,30.8729143909012,29.3302986090987,30.1016064999999,0.559170166939912,55.3887173073282,29.8957048,30.0988345425028,0.936132271196732,1.03003231121522
"14288667","2014-04-04",22.2961554764862,0.361111525327687,0.381943305348862,0.477449530289714,30.824899787986,29.4851135453472,30.1550066666666,0.623280859844283,55.3887173073282,29.9068816,30.0993699368357,0.857841643878232,0.995594177747821
"14288666","2014-04-07",22.8256437554145,0.580001431536756,0.434074827397377,0.429412485150809,30.8456028531519,29.5730738135147,30.2093383333333,0.826196878083352,60.8870743258064,29.9381768,30.143299278591,0.873025898378521,0.971080521873961
"14288665","2014-04-08",22.879236366147,0.486665235129912,0.475926063998119,0.430648065581451,30.8021821022317,29.7285728977682,30.2653774999999,0.753465133186921,57.8173162465728,29.9534516,30.1639847081122,0.840325434165079,0.944929504332184
"14288664","2014-04-09",23.0264987938915,0.520000000000001,0.52888888888889,0.479629926761461,30.7997067162341,29.8372276170991,30.3184671666666,0.885632097015929,61.133402461621,29.984374,30.2092334136972,0.859178538191796,0.927779311104107
"14288663","2014-04-10",23.4185868638599,0.594205379163328,0.533623538097748,0.512812830328251,30.8683043566799,29.8518349766533,30.3600696666666,0.96777634690873,63.5198938432658,30.0473368,30.2695609585376,0.905680118467789,0.923359472576843
"14288662","2014-04-11",22.6968869362618,0.347825072160456,0.487343483774596,0.51661863692041,30.886359619276,29.8645157140572,30.3754376666666,0.664675184217454,56.1005553326819,30.0991224,30.2796208307326,0.848156304631709,0.908318838987816
"14288661","2014-04-14",21.9965400424156,0.254103193670741,0.398711214998176,0.473226078956838,30.8878564173134,29.8651925826865,30.3765244999999,0.557228483122623,55.893858774905,30.1345156,30.2870980533016,0.790952050335303,0.884845481257314
"14288660","2014-04-15",22.2992616957283,0.450818878651072,0.350915714827424,0.412323471200064,30.9211796090777,29.8570170575889,30.3890983333333,0.814502390822249,59.7301931310283,30.1851836,30.3233823128614,0.795916184391943,0.867059621884239
"14288659","2014-04-16",22.7304689516935,0.698274745006571,0.467732272442795,0.40578640075613,30.9984893074262,29.8644646925736,30.4314769999999,0.95487519398667,64.2013694111176,30.24144,30.3945686711465,0.868833659523061,0.867414429412004
"14288658","2014-04-17",23.3560958104704,0.590164655771753,0.579752759809799,0.466133582360005,31.0041304336703,29.9768012329962,30.4904658333333,0.926569691304884,62.1127178610466,30.2775784,30.4450875149937,0.893709577561652,0.872673459041933
"14288657","2014-04-21",23.0932164436865,0.38524698365763,0.557895461478652,0.535126831243748,31.0220050972249,30.0064282361083,30.5142166666666,0.691067107535357,56.6036351457175,30.2980692,30.4578238463278,0.841870061204864,0.86651277947452
"14288656","2014-04-22",22.7834486489199,0.368851809805423,0.448087816411603,0.52857867923335,31.0244099147827,30.0403477518838,30.5323788333333,0.565149508927227,56.1743379822272,30.3058932,30.4663780001508,0.786759470227061,0.850562117625028
"14288655","2014-04-23",23.5712286645865,0.500004329266707,0.418034374243254,0.474672550711168,31.0305237889878,30.1183705443454,30.5744471666666,0.827093612561834,59.0191717641066,30.3174428,30.4949036001307,0.776017388245842,0.835653171749191
"14288654","2014-04-24",24.3198425495827,0.647996564311789,0.50561756779464,0.457246586149831,31.0722235972385,30.155219069428,30.6137213333333,0.914573016603442,61.9888447780983,30.3576792,30.5432204534466,0.804880813816422,0.829498700162637
"14288653","2014-04-25",25.2419274251937,0.726494393158001,0.6248317622455,0.51616123476113,31.1505923851594,30.1718532815071,30.6612228333333,1.03973236043746,65.5285956236277,30.4165436,30.6161417263204,0.878776027485695,0.839354165627249
"14288652","2014-04-28",26.3672701799847,0.676692821854114,0.683727926441302,0.604725752160479,31.2500086047684,30.1481903952315,30.6990994999999,1.01832552326404,66.2064097846228,30.459388,30.6855494961443,0.938334975826649,0.859150327667129
"14288651","2014-04-29",26.9837156238656,0.58139825218477,0.661528489065629,0.656696059250809,31.3151692041826,30.1376717958173,30.7264204999999,0.887986275033603,63.2594936251553,30.4958988,30.7320428966584,0.94735215076629,0.876790692286961
"14288650","2014-04-30",27.8119996221232,0.474451811100139,0.577514295046342,0.640923570184423,31.369843671625,30.1363979950416,30.7531208333333,0.83363920369263,60.6178325297939,30.5376256,30.7599185104373,0.91929182333983,0.885290918497535
"14288649","2014-05-01",29.2707555589121,0.403314687720588,0.486388250335167,0.575143678149044,31.4384025311999,30.1724664687999,30.8054344999999,0.930897617608926,61.9854488332543,30.5745092,30.794012042379,0.90603515048675,0.889439764895378
"14288648","2014-05-02",30.6951025446084,0.607527129993072,0.495097876271267,0.519666807217591,31.5371421725164,30.2159204941501,30.8765313333333,1.05879242579464,67.9741386421334,30.628158,30.8732344367285,0.981469551446645,0.907845722205631
"14288647","2014-05-05",32.0177104598978,0.596383204408455,0.535741674040706,0.505742600215712,31.629880264811,30.2548197351889,30.9423499999999,1.0048505029745,68.7688595717892,30.6698844,30.9493445118313,1.04328845541062,0.934934268846629
"14288646","2014-05-06",33.3387088656525,0.736524713264416,0.646811682555315,0.559217077622428,31.7675790957992,30.235098237534,31.0013386666666,1.02390083417349,71.7851622591492,30.717572,31.0451119102538,1.1367771709609,0.975302849269483
"14288645","2014-05-07",34.8491170612853,0.720428307550221,0.684445408407698,0.622332921667905,31.9063230154321,30.2357536512345,31.0710383333333,1.01506690978579,73.0689176641168,30.7697304,31.14177032222,1.2225934206213,1.02476096353985
"14288644","2014-05-08",35.7256761756776,0.661290694989611,0.706081238601417,0.679112776521475,32.0084302778697,30.2488293887968,31.1286298333333,0.905109005737259,69.6558341968385,30.8289676,31.211880945924,1.24904386075617,1.06961754298311
"14288643","2014-05-09",34.7494191448299,0.424728700069269,0.602149234203035,0.664225293737382,32.0401050553715,30.2795579446283,31.1598314999999,0.670260614728375,57.9873740646227,30.8751648,31.2180008198008,1.15061630614077,1.08581729561464
"14288642","2014-05-12",32.3420734201807,0.0355005527108255,0.373839982589903,0.560690151798117,32.0204022392544,30.3417947607455,31.1810984999999,0.37367594704851,47.1596113318322,30.9004988,31.153760710494,0.927078905800216,1.05406961765176
"14288641","2014-05-13",30.1066809615779,0.0613497740715847,0.173859675617227,0.38328296413672,31.9827176564876,30.4282223435123,31.2054699999999,0.317953777256309,48.9912913354696,30.9165188,31.1105046157615,0.765164458783629,0.996288585878133
"14288640","2014-05-14",28.5256857429996,0.159506777852428,0.0854523682116134,0.211050675472913,31.9716124977145,30.4768938356187,31.2242531666666,0.416499448024378,51.866216909865,30.9437156,31.09288533366,0.66780306497487,0.93059148169748
"14288639","2014-05-15",27.4160654493877,0.337423757393723,0.186093436439246,0.148468493422694,31.9806511909209,30.5057321424123,31.2431916666666,0.556203084558369,56.6369278924641,30.9735204,31.1136299558386,0.653209677438316,0.875115120845647
"14288638","2014-05-16",27.1346730421802,0.368098644429515,0.288343059891889,0.186629621514248,31.9988064005965,30.54128726607,31.2700468333333,0.634303439794639,57.420508783941,30.9988544,31.1378179617268,0.646209046279256,0.829333905932369
"14288637","2014-05-19",26.180303280936,0.226995481431714,0.310839294418318,0.261758596916483,31.9823356125997,30.6189200540669,31.3006278333333,0.514120542006618,52.7027519990061,31.0282868,31.1302182334966,0.578434723174803,0.779154069380856
"14288636","2014-05-20",24.8422551526452,0.128831890816635,0.241308672225956,0.280163675512053,31.9347657891659,30.7177165441673,31.3262411666666,0.32130180771758,49.646723013203,31.0521304,31.103761135697,0.480541494423736,0.719431554389432
"14288635","2014-05-21",23.4038924487108,0.0858923184339132,0.147239896894088,0.233129287846119,31.9284093586676,30.7312139746656,31.3298116666666,0.177918069888497,48.3266355706752,31.0644252,31.0721396509374,0.38162465244771,0.651870174001087
"14288634","2014-05-22",22.7425970077771,0.220856551924015,0.145193587058189,0.17791405205941,31.922200491213,30.7548088421202,31.3385046666666,0.35372689608271,52.593381214738,31.072994,31.0720543641458,0.352392715735239,0.591974682347918
"14288633","2014-05-23",22.2655926022031,0.214724209250551,0.173824359869494,0.155419281273922,31.9222242980047,30.7538537019952,31.3380389999999,0.364878203994125,52.3817389828791,31.0845432,31.070739115593,0.323083055982454,0.538196357074825
"14288632","2014-05-27",23.1807160208796,0.582822853680066,0.339467871618211,0.21949527284863,31.9772672831918,30.7497273834747,31.3634973333333,0.838782742157119,62.2116871696642,31.12776,31.1441112335139,0.439753651737274,0.518507816007315
"14288631","2014-05-28",24.3210008162012,0.668669516793543,0.488738859908054,0.334010363798585,32.0579842323216,30.7447641010116,31.4013741666666,0.910773350538959,64.3264689256952,31.1776828,31.2275697357121,0.563855499500443,0.52757735270594
"14288630","2014-05-29",25.6673827126166,0.754007532783686,0.668499967752432,0.498902233092898,32.183835419076,30.7216769142572,31.4527561666666,1.00577998046235,67.948513885201,31.2324488,31.3371564376171,0.725320271316732,0.567125936428099
"14288629","2014-05-30",27.2349486650696,0.806605995229341,0.743094348268857,0.633444391976447,32.3574679302449,30.6585710697549,31.5080194999999,1.05810951332656,71.1077974892152,31.2913136,31.4693889126015,0.913579199834635,0.636416589109406
"14288628","2014-06-02",28.6905456209188,0.801980408519052,0.78753131217736,0.733041876066215,32.4915572708756,30.6073763957909,31.5494668333333,0.974635872361872,71.2096212549248,31.3412368,31.5852317242547,1.05188275116939,0.719509821521402
"14288627","2014-06-03",30.2834069449861,0.710896832464061,0.773161078737485,0.767928913061233,32.6113968269925,30.5691895063407,31.5902931666666,0.922475960826878,69.1101112676545,31.3863164,31.6756928276874,1.12861127469552,0.801330112156226
"14288626","2014-06-04",31.7624924601915,0.734593563159902,0.749156934714339,0.769949775209727,32.6970692947458,30.5428157052541,31.6199424999999,0.860798207381336,69.7111196968345,31.4373568,31.7603017839957,1.18695598670371,0.878455287065723
"14288625","2014-06-05",33.281166501209,0.763032693041596,0.73617436288852,0.752830792113447,32.7790300955065,30.5145659044934,31.6467979999999,0.862913812722185,70.4540944883427,31.4943584,31.8410815461296,1.2325939801636,0.949283025685298
"14288624","2014-06-06",33.7947167508535,0.658766060297671,0.718797438833057,0.734709578811971,32.8255027271359,30.5078329395306,31.6666678333333,0.746881085646205,64.2330522979069,31.5401832,31.883769339979,1.20263560477107,0.999953541502453
"14288623","2014-06-09",32.7941882918057,0.454975193995674,0.625591315778315,0.693521039166629,32.8516378692019,30.5301307974646,31.6908843333333,0.608993422023355,54.1658944383791,31.5550856,31.8673654279818,1.06523053686063,1.01300894057409
"14288622","2014-06-10",32.7419911206637,0.725118941610482,0.61295339863461,0.652447384415326,32.9209811008002,30.608880232533,31.7649306666666,0.796287246547979,62.5458726588521,31.5889888,31.9239353709176,1.0781580364891,1.02603875975709
"14288621","2014-06-11",30.4695200903369,0.173683080365719,0.451259071990626,0.563267928801182,32.8936083473429,30.7113859859903,31.8024971666666,0.441029306203774,46.6071928660172,31.5770668,31.8500173214619,0.845406691692085,0.989912346144089
"14288620","2014-06-12",29.2207265847152,0,0.299600673992068,0.4546043815391,32.8938536055669,30.7108307277663,31.8023421666666,0.176595769786623,40.8343066327623,31.5420464,31.722620345267,0.53394390575614,0.8987186580665
"14288619","2014-06-13",27.3602826881109,0.129808858675173,0.101163979680299,0.28400790855433,32.8921203471579,30.7178423195087,31.8049813333333,0.304021689997959,44.736961910537,31.5211832,31.6457402992314,0.346609734968117,0.788296873446823
"14288618","2014-06-16",25.8404970908407,0.360577295321864,0.163462051332347,0.188075568334903,32.8975876978591,30.7455949688074,31.8215913333333,0.489035898519509,50.9332840049183,31.5345956,31.6387202593339,0.30853475752346,0.692344450262151
"14288617","2014-06-17",24.4292676076612,0.394232208577874,0.294872787524971,0.186499606179204,32.8952999950207,30.7916583383125,31.8434791666666,0.45919338271031,51.7823895236079,31.5714792,31.6413295580893,0.291635546712499,0.61220266955222
"14288616","2014-06-18",23.7803899538617,0.399037841130227,0.384615781676656,0.28098354017799,32.878939818599,30.8862565147342,31.8825981666666,0.504284925749866,51.9103609344092,31.6050096,31.6448322836774,0.277415834039396,0.545245302449655
"14288615","2014-06-19",23.6407055638042,0.524035905456534,0.439101985054879,0.372863518085501,32.8465912436647,31.0393760896685,31.9429836666666,0.615616007058169,55.238128040182,31.6422656,31.6801559791871,0.324127582542011,0.501021758468126
"14288614","2014-06-20",23.5109986301794,0.6778832504865,0.533652332357754,0.452456699696428,32.8436348887732,31.1572051112267,32.0004199999999,0.687409720547749,58.9988311263527,31.6806392,31.7505098486288,0.431862725082022,0.487189951790906
"14288613","2014-06-23",22.6405555516684,0.532340514179189,0.578086556707408,0.516946958040013,32.7978334697276,31.2886958636056,32.0432646666666,0.495888601117988,53.824618782125,31.7044832,31.7692605354783,0.431584421174547,0.476068845667634
"14288612","2014-06-24",21.8322869787654,0.606967539300576,0.605730434655423,0.572489774573527,32.8060649510339,31.315237048966,32.0606509999999,0.544567406634422,55.6717048107783,31.7424844,31.8041391307479,0.461458484706001,0.473146773475307
"14288611","2014-06-25",20.7673828217253,0.537313512560694,0.558873855346821,0.580896948903216,32.8084542769439,31.3212303897226,32.0648423333333,0.472965962279076,53.5197864661145,31.7812308,31.8169805799815,0.446833804638613,0.467884179707968
"14288610","2014-06-26",20.0500199167807,0.64178921110405,0.595356754321774,0.586653681441338,32.8089822464722,31.321323086861,32.0651526666666,0.589631193950082,56.2513402648488,31.8304084,31.8541885026506,0.479252844618516,0.470157912690078
"14288609","2014-06-27",20.1114755664604,0.70443318489057,0.627845302851772,0.594025304173455,32.8024669072092,31.323491426124,32.0629791666666,0.736475071971292,58.022563048497,31.876606,31.9038220356305,0.531686596993763,0.482463649550815
"14288608","2014-06-30",20.7186673981375,0.769873856714168,0.705365417569597,0.64285582491438,32.8666839960137,31.2928043373195,32.0797441666666,0.944330350250733,62.7754795241312,31.9384508,31.9977537642131,0.661755784917295,0.518322076624111
"14288607","2014-07-01",21.2824883846948,0.828453217372554,0.767586752992432,0.700265824471266,32.9421234749858,31.257415525014,32.0997694999999,0.947444812821124,64.263480614243,31.983158,32.0965479289847,0.787951378614049,0.572247937022099
"14288606","2014-07-02",19.8956368452645,0.339619965967102,0.645982346684609,0.706311505748878,32.9164553511582,31.253899982175,32.0851776666666,0.512137340131051,49.2664358907975,31.9850208,32.0592242051201,0.648401257883813,0.587478601194442
"14288605","2014-07-03",19.1265484906127,0,0.389357727779887,0.600975609152308,32.8762269808325,31.213096685834,32.0446618333333,0.267681962244001,45.6722761085218,31.9641576,31.9883796444374,0.459716722251402,0.561926225405834
"14288604","2014-07-07",18.412395018436,0.023394383087732,0.121004783018279,0.38544828582759,32.8578074015225,31.1756325984774,32.0167199999999,0.299842442420113,46.2175596166063,31.9336076,31.9319490251791,0.315771430754297,0.512695266475526
"14288603","2014-07-08",17.7492525085577,0.040937031060659,0.0214438047161316,0.177268771838098,32.8568774806668,31.1504835193331,32.0036804999999,0.312143517891923,46.649977546806,31.9038028,31.8867678218219,0.206267214498301,0.451409656080081
"14288602","2014-07-09",17.3396022694971,0,0.0214438047161316,0.0546307974835129,32.8047035087697,31.1213148245635,31.9630091666666,0.306070238127706,45.2143168993994,31.8728804,31.833949445579,0.0923653223397825,0.379600789332022
"14288601","2014-07-10",16.8609292668773,0.108573882634437,0.0498369712317,0.0309081935546531,32.8039216435987,31.1314106897345,31.9676661666666,0.379991119817265,48.1806653949504,31.847174,31.8117695195018,0.0463653331272518,0.312953698091068
"14288600","2014-07-11",16.9750090975062,0,0.0361912942114804,0.035824023386436,32.7500493287493,31.2340256712506,31.9920374999999,0.230698463720837,44.2431120229865,31.8084276,31.7565322502349,-0.0580673859057024,0.238749481291714
"14288599","2014-07-14",17.6757345262197,0,0.0361912942114804,0.0407398532182189,32.7664120269098,31.2046226397567,31.9855173333333,0.0280729445792017,39.9948965515815,31.764838,31.6651946168702,-0.221501822391301,0.146699220555111
"14288598","2014-07-15",18.3590537796223,0,1.26750461978039e-15,0.0241275294743193,32.8119885205988,31.0944691460678,31.9532288333333,0.0336284536031249,39.7600587702248,31.7365236,31.5835526679542,-0.352173575011339,0.0469246614418209
"14288597","2014-07-16",18.7265638787405,0.0270251970788809,0.00900839902629489,0.0150665644125909,32.8401003164272,31.012336016906,31.9262181666666,0.112206654042333,40.8819351506397,31.6892084,31.5202469788936,-0.436752762352277,-0.0498108233169987
"14288596","2014-07-17",19.2172660162034,0,0.00900839902629489,0.00600559935086236,32.8648576301292,30.912445703204,31.8886516666666,0.11645132890616,39.8171225392673,31.6757964,31.4554473817078,-0.517192035048386,-0.143287065663276
"14288595","2014-07-18",18.8891262883043,0,0.00900839902629489,0.00900839902629357,32.8532841617776,30.8290168382223,31.8411504999999,0.184208128428474,39.4026802845707,31.6802672,31.3955623974801,-0.581685995126391,-0.230966851555899
"14288594","2014-07-21",18.5844251123981,0.0717470221760023,0.0239156740586687,0.0139774907037515,32.8056004623201,30.7717628710131,31.7886816666666,0.243546386285066,42.821155023295,31.6806396,31.3635314111494,-0.587865180883762,-0.302346517421472
"14288593","2014-07-22",18.0240457771795,0.172219836327631,0.0813222861678791,0.0380821197509463,32.7807645536325,30.7317107797007,31.7562376666666,0.320376765437256,45.902388900453,31.6687176,31.3543992229962,-0.550497196672117,-0.351976653271601
"14288592","2014-07-23",17.6054592610836,0.262128129755875,0.168698329419837,0.0913120965487938,32.7422995166022,30.6897644833977,31.7160319999999,0.308504121176286,45.2027813544185,31.6526972,31.34151665993,-0.524444511991395,-0.38647022501556
"14288591","2014-07-24",17.0154282903412,0.213584339233225,0.215977435105578,0.15533268356443,32.7108426504432,30.6498136828901,31.6803281666666,0.320590504797407,44.2940968571785,31.6344416,31.324142438606,-0.509938790336906,-0.411163938079829
"14288590","2014-07-25",16.8521817296365,0.0776679800696312,0.184460149686245,0.189711971403886,32.650852723559,30.6151119431076,31.6329823333333,0.312645268823447,41.7627053670829,31.601284,31.2916994467919,-0.526041975289759,-0.434139545521815
"14288589","2014-07-28",16.0777857927824,0.0970875810453037,0.129446633449388,0.176628072747069,32.5386140376001,30.6180666290665,31.5783403333333,0.365423611942683,42.270356770677,31.5569496,31.2660661872196,-0.527989295505482,-0.452909495518549
"14288588","2014-07-29",15.256809102004,0.388350324181208,0.187701961765382,0.167202914967004,32.3016723400775,30.7286489932558,31.5151606666666,0.500198767975911,49.3953454785728,31.5364588,31.2811066955903,-0.452218572236485,-0.452771310862136
"14288587","2014-07-30",16.0260158026056,0,0.161812635075505,0.15965374343009,31.9428838367266,30.9101611632733,31.4265225,0.16525137010502,39.0221760810627,31.488026,31.219629802845,-0.530383658141176,-0.468293780317944
"14288586","2014-07-31",17.5366756976156,0,0.129450108060404,0.159654901633762,31.871219497607,30.8390108357262,31.3551151666666,-0.156752061575799,33.4710057470396,31.4284164,31.1117071624656,-0.690900883135948,-0.512815200881545
"14288585","2014-08-01",18.9394313144106,0.0472988168041385,0.0157662722680475,0.102343005134651,31.8834001419364,30.7271705247302,31.3052853333333,-0.0566328035156095,35.0539475858969,31.3635912,31.0268675408036,-0.792754791740469,-0.568803119053329
"14288584","2014-08-04",20.78978585503,0,0.0157662722680475,0.0536608841988316,31.910350941871,30.5744807247956,31.2424158333333,-0.113671764558145,31.0730642633527,31.2805104,30.9098745353631,-0.948181325698838,-0.644678760382431
"14288583","2014-08-05",22.5079722141767,0.0340885521515818,0.0271291229852414,0.0195538891737774,31.9065083856513,30.4510319476819,31.1787701666666,-0.0280471374300601,32.4883944041653,31.18439,30.8159312639813,-1.04558599539054,-0.724860207384053
"14288582","2014-08-06",24.913591955744,0,0.0113628507171952,0.01808608199016,31.9948698075874,30.1813585257458,31.0881141666666,-0.19736768628336,26.2874554530661,31.05921,30.6550350954505,-1.26575999641735,-0.833040165190712
"14288581","2014-08-07",27.1473817157709,0.123929212147907,0.052672588099831,0.0303881872674212,31.9664938898325,30.0333891101674,30.9999415,-0.0154634367548019,32.5679388647258,30.9817176,30.5516050827238,-1.35491159064501,-0.937414450281572
"14288580","2014-08-08",27.32399221776,0.320513702872716,0.148147638340209,0.0707276923857437,31.8986049593386,29.988889707328,30.9437473333333,0.246632035243359,41.1356405819483,30.9329124,30.5190924050273,-1.29787781961365,-1.00950712414799
"14288579","2014-08-11",26.8292259145384,0.487178075403653,0.310540330141427,0.170453518860488,31.8669528135593,29.973040519774,30.9199966666666,0.422624012836196,47.2543869486303,30.8971464,30.5393467510236,-1.14345660341303,-1.036297020001
"14288578","2014-08-12",26.2012474482192,0.478630125672756,0.428773967983043,0.295820645488225,31.8439662106238,29.9587707893762,30.9013685,0.435441617725716,46.9846318089036,30.8595176,30.5544165175538,-1.01427382390799,-1.03189238078239
"14288577","2014-08-13",25.5885842843155,0.504273974865449,0.49002739198062,0.409780563368362,31.8133014195075,29.9496959138258,30.8814986666666,0.467014478218405,47.9446921984472,30.8282228,30.57492898188,-0.886885262439951,-1.00289095711391
"14288576","2014-08-14",23.9900375946544,0.649570767204872,0.544158289247693,0.487653216403784,31.8139597293234,29.9496582706765,30.881809,0.641717602648409,53.1243553694741,30.802516,30.6349291176293,-0.694412520404686,-0.941195269772061
"14288575","2014-08-15",22.8654648952741,0.790600467086035,0.64814840305212,0.560778028093476,31.8509961401587,29.9383905265079,30.8946933333333,0.795354495790897,57.5405674759163,30.7999084,30.7279119019454,-0.455963193944564,-0.844148854606562
"14288574","2014-08-18",21.4925318848588,0.761059592581332,0.733743608957414,0.642016767085741,31.8619412537666,29.9355174129,30.8987293333333,0.733119692461514,55.329064718413,30.8054968,30.7923516483527,-0.295660191849634,-0.734451122055176
"14288573","2014-08-19",20.5847487490682,0.793103607856204,0.781587889174525,0.721159967061352,31.8753006545424,29.9305403454576,30.9029205,0.792623636277927,56.9728955451861,30.8163008,30.863102095239,-0.137986825062286,-0.615158262656598
"14288572","2014-08-20",19.8566968446688,0.869199650268867,0.807787616902136,0.77437303834469,31.9246339296417,29.9113224036915,30.9179781666666,0.850743120259754,59.8872170088057,30.833066,30.9517404825405,0.0396841276660842,-0.484189784592062
"14288571","2014-08-21",19.835328307797,0.872661179091453,0.844988145738843,0.811454550605166,32.0266180877141,29.8667749122858,30.9466965,0.934397356873227,63.1830703858693,30.8628708,31.0620910848684,0.242587825799667,-0.338834262513716
"14288570","2014-08-22",19.3979505919158,0.820224945010313,0.854028591456879,0.835601451365951,32.1096210495822,29.8384136170844,30.9740173333333,0.86279204981902,60.4112704457641,30.8885772,31.140341606886,0.364784469050639,-0.198110516200845
"14288569","2014-08-25",19.1278382272143,0.860806537880694,0.851230887327488,0.850082541507735,32.2036453904334,29.8039989428998,31.0038221666666,0.880120371872943,62.4393059616359,30.914284,31.2280293926345,0.494053380101556,-0.0596777369403651
"14288568","2014-08-26",18.1059614016604,0.728744305734256,0.803258596208422,0.836172691664262,32.241853959352,29.7906273739812,31.0162406666666,0.804991252595129,57.3023293168235,30.9247156,31.2717361402832,0.527591697734597,0.0577761499946274
"14288567","2014-08-27",17.1570757779319,0.706464897895957,0.765338580503637,0.806609354679848,32.3151242921036,29.7834860412296,31.0493051666666,0.773658700287926,58.4353873817819,30.939618,31.3195499882455,0.566691097641647,0.159559139524031
"14288566","2014-08-28",16.7986953709996,0.75000327332242,0.728404158984212,0.765667111898756,32.4187164691082,29.8037705308917,31.1112435,0.807743710837694,60.9467245780471,30.9630896,31.3833433231461,0.633297100415842,0.254306731702393
"14288565","2014-08-29",16.7629281919565,0.838151329344884,0.764873166854422,0.752871968780756,32.539188875453,29.8261121245469,31.1826505,0.834372958559715,63.8234942305457,30.9999728,31.4659508800599,0.729902248537684,0.349425835069452
"14288564","2014-09-02",15.8750610977226,0.640001227031505,0.742718609899605,0.745331978579411,32.6073083548359,29.9104319784973,31.2588701666666,0.755166745018174,58.1609925904645,31.026052,31.5040147627186,0.733276043356978,0.426195876726957
"14288563","2014-09-03",15.0506130816482,0.758863304093568,0.745671953489987,0.751087910081336,32.6800774797667,30.0065565202332,31.3433169999999,0.782709459961967,62.0550702003232,31.0517584,31.5730167943561,0.795652746950792,0.500087250771724
"14288562","2014-09-04",14.2152254240555,0.57024844720497,0.656370992776683,0.71492051872209,32.6142538342569,30.285981165743,31.4501174999999,0.718755520729084,58.4205071289434,31.0931124,31.6104652217753,0.792889503986283,0.558647701414636
"14288561","2014-09-05",13.2718922144021,0.743797692990241,0.690969814762928,0.697670920343198,32.5468556280587,30.5651173719412,31.5559864999999,0.785047818460865,61.2705050569067,31.1586828,31.6689991922053,0.830808890288504,0.613079939189409
"14288560","2014-09-08",14.363587438436,0,0.438015380065072,0.595118729201559,32.4619471838067,30.7465808161932,31.6042639999999,0.395749772929226,46.4214797022801,31.1877424,31.6067192999112,0.637465529237313,0.61795705719899
"14288559","2014-09-09",15.8576779678652,0,0.247932564330082,0.458972586386026,32.4317389469742,30.8019370530257,31.6168379999999,0.136824163191638,42.7437040128553,31.2186648,31.5154873932564,0.407931551831697,0.575951956125532
"14288558","2014-09-10",17.7833324046331,0,1.40628249785853e-15,0.228649314798383,32.4427736017788,30.7840720648877,31.6134228333333,-0.0438367381174651,38.4760468732925,31.232822,31.3879864074889,0.130824319194889,0.486926428739403
"14288557","2014-09-11",19.5975270558202,0,1.40628249785853e-15,0.0826441881100267,32.4632385104111,30.7502571562555,31.6067478333333,-0.037204426909951,38.2651454682041,31.270078,31.2750028864904,-0.0933274616249147,0.37087565066654
"14288556","2014-09-12",21.6270980806172,0,1.40628249785853e-15,-1.11022302462516e-16,32.5474045193222,30.5971678140111,31.5722861666666,-0.0719850127057624,35.4396964234095,31.2864708,31.1435531682916,-0.332988215943664,0.230102877344499
"14288555","2014-09-15",23.5116997465001,0.0090918851386955,0.00303062837956657,0.00101020945985494,32.6224446978093,30.4147063021905,31.5185754999999,-0.0132849234230321,35.817784430881,31.2864708,31.0321140791861,-0.513124699202594,0.0814573620350804
"14288554","2014-09-16",23.0610351767881,0.00454350244987959,0.00454512919619311,0.00252525252525218,32.6538851737964,30.3087538262035,31.4813194999999,0.125341738647122,35.7051306671462,31.2715684,30.9342908686279,-0.651545200393711,-0.0651431504506778
"14288553","2014-09-17",21.8411882671854,0.37272824877506,0.12878787878788,0.0454545454545449,32.6467554156359,30.2898049176973,31.4682801666666,0.390933857022125,49.5403162573064,31.2875888,30.9501027528109,-0.558152970150527,-0.163745114390648
"14288552","2014-09-18",21.1640030344284,0.263635387588576,0.21363571293784,0.115656240307303,32.6314110091357,30.2387096575309,31.4350603333333,0.301344339799113,46.3572782500358,31.292432,30.9340010524361,-0.536286600360547,-0.238253411584628
"14288551","2014-09-19",20.0964409352812,0.322725320631699,0.319696318998446,0.220706636908054,32.5820141841185,30.2095581492147,31.3957861666666,0.375090273972015,48.2951119353918,31.2894516,30.9361902454446,-0.481811214865824,-0.286964972240867
"14288550","2014-09-22",19.2671683627205,0.297170002430922,0.294510236883734,0.275947422940005,32.5389933718657,30.1727892948009,31.3558913333333,0.349634834917556,47.1659375905697,31.271196,30.9281528793853,-0.452862719149449,-0.320144521622583
"14288549","2014-09-23",18.581185192879,0.278299975690788,0.299398432917804,0.30453499626666,32.4744160378414,30.1380166288251,31.3062163333333,0.335755964846706,46.5794415650948,31.2562936,30.916219162134,-0.434646862961652,-0.343044989890397
"14288548","2014-09-24",18.8962618402661,0.0424499635361799,0.205973313885965,0.266627327895833,32.4381925087075,30.0528474912924,31.2455199999999,0.208384603378216,39.9010879694652,31.2182924,30.8437832738494,-0.535833375151884,-0.381602666942694
"14288547","2014-09-25",19.1888330128398,0.135292854526394,0.152014264584455,0.21912867046274,32.390017234011,29.9864607659889,31.1882389999999,0.2538027469407,42.3917557805017,31.1773108,30.7983921706695,-0.575541190158491,-0.420390371585854
"14288546","2014-09-26",20.0338485578159,0,0.0592476060208592,0.139078394830425,32.3165275640427,29.9025431026239,31.1095353333333,0.182006238122691,38.246351097074,31.1136028,30.7168292145802,-0.682498104790519,-0.472811918226787
"14288545","2014-09-29",20.5194117705737,0.0833345759830602,0.0728758101698193,0.0947125602583764,32.1786463004666,29.8761876995333,31.0274169999999,0.248115485580704,40.45938537439,31.0595816,30.6610439859695,-0.729859838713542,-0.524221502324138
"14288544","2014-09-30",20.0462560170284,0.229171947928005,0.10416884130369,0.0787640858314546,32.0430830533171,29.8850806133495,30.9640818333333,0.368507176786354,44.2262795112317,31.0074232,30.6387767878403,-0.707893270207871,-0.560955855900884
"14288543","2014-10-01",19.2944560240626,0.347221186680785,0.219909236863951,0.132317962779152,31.8459343634121,29.9546273032544,30.9002808333333,0.459205901414983,47.1414527551034,30.9712848,30.6405892161282,-0.641402903439858,-0.577045265408679
"14288542","2014-10-02",18.5963560305944,0.423614321289571,0.333335818632788,0.219137965600142,31.6564184836276,30.0339275163723,30.8451729999999,0.507464037444762,48.9992038760688,30.9362644,30.6558213206445,-0.555312790447082,-0.57269877041636
"14288541","2014-10-03",17.3327689717717,0.361111525327687,0.377315677766016,0.310186911087584,31.3459842854494,30.2195543812172,30.7827693333333,0.579928630855572,47.5274124203215,30.8911844,30.6578451445585,-0.503344432907327,-0.558827902914553
"14288540","2014-10-06",16.1603213422841,0.590276017357331,0.458333954658198,0.389661817018999,31.268932287003,30.2633860463302,30.7661591666666,0.825270140185585,53.0908976648505,30.8502028,30.7005804586174,-0.376955033421922,-0.522453329016027
"14288539","2014-10-07",16.0461365028752,0.582819014747825,0.511402185810949,0.449017272745053,31.3194788161643,30.2386081838356,30.7790435,0.965898956765165,54.659714633546,30.8230056,30.7500363974684,-0.249534133710883,-0.467869489954998
"14288538","2014-10-08",16.4646475128488,0.629630471213112,0.600908501106091,0.523548213858411,31.4454248770129,30.1927627896537,30.8190938333333,1.0534396229672,58.2671372924032,30.793946,30.8227035444726,-0.0890960530634644,-0.392114802576691
"14288537","2014-10-09",17.2066942695172,0.620191811368281,0.610880432443074,0.574397039786703,31.5822921640581,30.1505878359419,30.86644,1.03573212355183,59.7056784690398,30.775318,30.8981004052096,0.0613968420000832,-0.301412473661336
"14288536","2014-10-10",17.8311168882468,0.610575434104846,0.620132572228748,0.610640501925969,31.6730123682006,30.1707039651327,30.9218581666666,0.928197809020465,59.265622138101,30.7481212,30.9609603511817,0.173510056607373,-0.206427967607595
"14288535","2014-10-13",18.2748738367826,0.591347841347842,0.607371695606991,0.612794900092936,31.7248884795723,30.229353853761,30.9771211666666,0.843365837966793,58.3397409977697,30.7533372,31.0104723043574,0.24958002252975,-0.115226369580126
"14288534","2014-10-14",17.8091677614857,0.461539652716123,0.554487642722938,0.593997303519558,31.7559110605587,30.2712912727745,31.0136011666666,0.714664726027727,52.3892053764595,30.7596708,31.0198519971098,0.241604680764951,-0.0438601595111104
"14288533","2014-10-15",18.3366290599909,0,0.350962498021323,0.504273945450416,31.7540365156151,30.1933758177181,30.9737061666666,0.140928037237642,34.7285803044321,30.7339644,30.8727477308285,-0.0673855672535417,-0.0485652410595967
"14288532","2014-10-16",18.8716846566271,0,0.153846550905376,0.353098897216544,31.783390486911,30.0901308464222,30.9367606666666,0.0771859300955995,34.4286303201843,30.7078852,30.7415320333847,-0.317161249271491,-0.102284442701976
"14288531","2014-10-17",18.7570697783378,0.316664877245723,0.105554959081909,0.203454669336201,31.7663968823676,30.073904784299,30.9201508333333,0.409657382246499,46.9337037020722,30.7201796,30.7221930956001,-0.326062162337171,-0.147039986629015
"14288530","2014-10-20",17.4464736677081,0.52916308782478,0.281942655023502,0.180448055003594,31.7911265957054,30.0746330709612,30.9328798333333,0.687473374466324,53.3614287464522,30.7507292,30.7687673495201,-0.206035084298906,-0.158839006162993
"14288529","2014-10-21",16.4242841212704,0.6875,0.511109321690169,0.299535645265192,31.8601958172812,30.0664158493854,30.9633058333333,0.816477407203565,57.4929592366205,30.7958092,30.8563237029174,-0.0181832025058615,-0.130707845431567
"14288528","2014-10-22",16.2479620695324,0.776861374102699,0.664508153975827,0.485853376896498,31.9732191892803,30.0791318107196,31.0261755,0.912406792232387,59.8133573383827,30.8192804,30.9607685425284,0.183989335234425,-0.0677684092983683
"14288527","2014-10-23",16.3317730478778,0.844353929063791,0.769571767722164,0.648396414462719,32.1190405664127,30.0770564335873,31.0980485,0.958329467381846,62.5865416645141,30.8624972,31.0873007368579,0.408973124819978,0.0275798975253009
"14288526","2014-10-24",16.3137177020048,0.828792246313238,0.81666918315991,0.750249701619299,32.2101303281298,30.1508250052034,31.1804776666666,0.89334089558365,61.9515969767369,30.8993808,31.1919953052769,0.570142265521967,0.136092371124634
"14288525","2014-10-27",16.5615174404881,0.868420840195035,0.847189005190689,0.81114331869092,32.3197349325094,30.2113564008238,31.2655456666666,0.9189369477029,63.7348242201303,30.9459508,31.30508393124,0.731933724155187,0.255260641730745
"14288524","2014-10-28",16.9332713480495,0.843066108157036,0.846759731555104,0.836872639968567,32.4289967944708,30.2514285388625,31.3402126666666,0.882742231471665,63.7348242201303,30.9940112,31.4030940737413,0.849561163449608,0.374120746074517
"14288523","2014-10-29",16.6600473155162,0.727273068548689,0.812920005633588,0.835622914126459,32.5081018511981,30.2968211488018,31.4024615,0.801020957046301,59.5956773084334,31.0521308,31.4594735305758,0.877201470461841,0.474736890951982
"14288522","2014-10-30",16.4677118773467,0.823530504432076,0.797956560379268,0.819212099189319,32.6092512411841,30.3363130921492,31.4727821666666,0.847970093394697,62.9734431096941,31.1162112,31.545591726499,0.959228373018339,0.571635187365254
"14288521","2014-10-31",16.3751616703078,0.883957493587395,0.811587022189388,0.80748786273408,32.7201143336776,30.3788206663223,31.5494675,0.866055105324813,65.1685092338714,31.2007824,31.6463061629658,1.06130328929352,0.669568807750908
"14288520","2014-11-03",16.7726204410428,0.886077153593682,0.864521717204386,0.824688433257679,32.8621782636066,30.3882650697266,31.6252216666666,0.897384597985109,67.2589314622038,31.2887068,31.7596720079037,1.17756367572506,0.771167781345738
"14288519","2014-11-04",17.4746342588857,0.807806394201628,0.85928034712757,0.845129695507113,32.9855887241769,30.3958716091563,31.6907301666666,0.848323694546148,65.056399787872,31.3647088,31.8442610735165,1.22875146662067,0.862684518400724
"14288518","2014-11-05",19.5654000566985,0.666665664190551,0.786849737328621,0.836883933886857,33.2190908117056,30.3294005216277,31.7742456666666,0.987398599371027,69.4618828446877,31.4511428,31.9734555970477,1.35880696139845,0.96190900700027
"14288517","2014-11-06",21.5068254403817,0.738562641881485,0.737678233424556,0.794602772626914,33.4683810140776,30.2564553192557,31.8624181666666,0.977745122126324,72.6769935463699,31.5480084,32.1338575174413,1.53415471049698,1.07635814769961
"14288516","2014-11-07",23.5157055226416,0.78339670616325,0.729541670745096,0.75135654716609,33.7393816619401,30.1922260047265,31.9658038333333,0.96996889745822,74.8014550295106,31.6590316,32.3088871817825,1.71894370999675,1.20487526015904
"14288515","2014-11-10",25.6902925403612,0.844521332695969,0.788826893580236,0.752015599249961,34.0578067807086,30.1249678859579,32.0913873333333,0.985888027573147,77.6989819053999,31.7745252,32.5164622242115,1.94477450199477,1.35285510852619
"14288514","2014-11-11",27.7200204607928,0.867420391231852,0.831779476697025,0.783382680340784,34.3394880478524,30.1168076188142,32.2281478333333,0.93559034699491,78.2962500035703,31.8900188,32.7087792609833,2.11945178475881,1.50617444377271
"14288513","2014-11-12",27.4511123892836,0.598483061531579,0.770141595153134,0.796915988476797,34.3842206262949,30.3775740403716,32.3808973333333,0.771401360218251,64.988069830209,31.9701192,32.7872820261855,2.06953244575274,1.61884604416872
"14288512","2014-11-13",26.8969443764371,0.553027776648095,0.67297707647051,0.758299382773555,34.3183017028943,30.7567536304389,32.5375276666666,0.729087365962248,63.0377911384429,32.0420232,32.8404150893608,1.97924688759861,1.69092621285469
"14288511","2014-11-14",25.7473398443855,0.454544715116516,0.535351851098731,0.659490174240791,34.2452881362072,31.0564078637927,32.6508479999999,0.620043808682586,58.9126977211788,32.104986,32.8541757441127,1.827040477102,1.71814906570416
"14288510","2014-11-17",24.4897392778071,0.42424254748058,0.477271679748398,0.561866869105879,34.2033641365718,31.2731251967615,32.7382446666666,0.590219718856955,57.6623748795586,32.1664584,32.856166978231,1.66889550603482,1.70829835377029
"14288509","2014-11-18",23.7205323556429,0.440169214675061,0.439652159090721,0.484091896645949,34.1886131449219,31.4542861884113,32.8214496666666,0.636650446688672,60.0587337166412,32.2458136,32.8839713811335,1.57339718260556,1.68131811953734
"14288508","2014-11-19",22.4150202120989,0.272298363316515,0.378903375157387,0.4319424046655,34.1645312875028,31.5926193791638,32.8785753333333,0.527702348501535,56.1472028093501,32.3627972,32.8782631969824,1.42639971786516,1.63033443920291
"14288507","2014-11-20",20.8510086073818,0.162559830754993,0.291675802915524,0.370077112387876,34.144643544396,31.6904341222706,32.9175388333333,0.457493915395804,53.7893129146861,32.47531,32.8546881040514,1.26112036402755,1.55649162416783
"14288506","2014-11-21",19.7605072030537,0.21182070606902,0.215559633380177,0.295379603817695,34.1154280351361,31.8130996315305,32.9642638333333,0.482940241450744,55.1417925527905,32.563234,32.8466750235112,1.13991088979439,1.47317547729315
"14288505","2014-11-24",18.4026337473208,0,0.124793512274672,0.210676316190123,34.0902234044706,31.9087802621959,32.9995018333333,0.433109189429624,52.8115046236056,32.626942,32.8223450203764,1.00030732714338,1.37860184726319
"14288504","2014-11-25",17.5520506793386,0,0.070606902023008,0.136986682559284,34.0619986650249,31.9786076683083,33.0203031666666,0.293309800858984,49.2864958762161,32.668296,32.7739376843262,0.829708323827028,1.26882314257596
"14288503","2014-11-26",16.4539365584571,0.142855577771083,0.0476185259236955,0.0810063134071238,34.0098600675832,32.10401626575,33.0569381666666,0.365605548006138,53.5370979938359,32.7115128,32.7667566597494,0.750099878825927,1.16507848982595
"14288502","2014-11-28",15.9262440612419,0.214286105557226,0.119047227776104,0.0790908852409345,33.9752914341071,32.2115445658928,33.0934179999999,0.443231838722993,55.5435684722602,32.7491416,32.7779197717828,0.710935862561679,1.0742499643731
"14288501","2014-12-01",15.4812175749338,0.234690915066689,0.197277532798334,0.12131442883271,33.949215135176,32.2994035314906,33.1243093333333,0.439403586177182,56.1264265507177,32.7897504,32.7925611355451,0.681187671172889,0.995637505733057
"14288500","2014-12-02",15.4095722123995,0.351721176130851,0.266899398918257,0.19440805316423,33.9394866328544,32.3584957004788,33.1489911666666,0.470247879118067,56.8874474812898,32.825516,32.8114596508057,0.661407589086949,0.928791522403835
"14288499","2014-12-03",15.5233619739623,0.689397698157713,0.425269929785086,0.296482287167224,33.9411847464984,32.4350355868349,33.1881101666666,0.624197415729518,62.4927060606591,32.8761844,32.8775143640316,0.728781879123863,0.888789593747841
"14288498","2014-12-04",14.9291435142976,0.561983691070906,0.534367521786491,0.408845616829943,33.9455028434587,32.4381684898745,33.1918356666666,0.543355344383058,57.8363132871564,32.9268524,32.9061977821608,0.721055214927557,0.855242717983784
"14288497","2014-12-05",14.4748785064053,0.198351360704177,0.4832442499776,0.480960567183058,33.925478289231,32.4054137107689,33.1654459999999,0.305048194970046,50.1398645773418,32.9499512,32.876415411206,0.607365306420737,0.805667235671175
"14288496","2014-12-08",14.4088811735535,0.0661141625036571,0.275483071426248,0.431031614396778,33.8743383071507,32.3609296928492,33.1176339999999,0.208593350688144,47.6562430627936,32.9592652,32.8307333563785,0.475164247935389,0.739566638124018
"14288495","2014-12-09",13.6915355034,0.190081544645469,0.151515689284436,0.303414336896093,33.7059576853466,32.4135063146533,33.0597319999999,0.333289407850069,50.1491895407285,32.9663436,32.8097702421947,0.400109825027628,0.67167527550474
"14288494","2014-12-10",13.333225914062,0.0826449214278727,0.112946876192334,0.179981878967671,33.4572584125892,32.5339829207441,32.9956206666666,0.272179952219611,48.014898308143,32.9726772,32.7754582099021,0.307274727947071,0.598795165993206
"14288493","2014-12-11",13.0005098668195,0.173550785721254,0.148759083931533,0.137740549802766,33.3758344381112,32.5514505618887,32.9636424999999,0.336363652228671,49.9556460196409,32.9663436,32.7593811152485,0.255971906839148,0.530230514162394
"14288492","2014-12-12",12.8700717386573,0.115706439276298,0.123967382141809,0.128557780755224,33.3142101863377,32.5528444803289,32.9335273333333,0.260434004455691,48.7095318285723,32.9428724,32.7367556332154,0.1969695613524,0.463578323600396
"14288491","2014-12-15",14.0285784066156,0,0.0964190749991851,0.123048513690841,33.3678709665835,32.4237407000831,32.8958058333333,-0.153069308206163,39.5920921231825,32.8862432,32.64263488212,0.0119995811723062,0.373262575114778
"14288490","2014-12-16",15.5704918152507,0,0.0385688130921005,0.0863184234110302,33.4562414549467,32.2344678783866,32.8453546666666,-0.197156998924547,36.1878065017171,32.8024172,32.5262902311706,-0.197442334272502,0.259121593237322
"14288489","2014-12-17",16.5761402283633,0.0717970741591087,0.0239323580530376,0.0529734153814396,33.4565889956145,32.126698671052,32.7916438333333,-0.00437530143995485,39.0115163128655,32.7200816,32.4428448670146,-0.327837633603567,0.141729747869144
"14288488","2014-12-18",15.5805852586229,0.420513921694938,0.164103665284684,0.0755349454766058,33.4466644685237,32.1242048648095,32.7854346666666,0.530401936830788,50.4744667920329,32.6895316,32.4549722180793,-0.270587316437076,0.0592663350079
"14288487","2014-12-19",15.4058755652145,0.723502577753147,0.405271191202399,0.197769071513372,33.5323588482063,32.099051485127,32.8157051666666,0.920652854275496,59.5130786965584,32.6913944,32.558622589002,-0.0511633809190282,0.0371803918225143
"14288486","2014-12-22",15.5604376637224,0.65254241143528,0.598852970294457,0.389409275593845,33.6112463885394,32.0735646114605,32.8424054999999,0.900985329035192,59.0488864527858,32.701826,32.6447275771351,0.113972220067127,0.0525387574714368
"14288485","2014-12-23",15.7879379660891,0.813278507404172,0.729774498864201,0.577966220120351,33.7483343904024,32.0246492762642,32.8864918333333,0.992443869071226,63.3582017153523,32.7308856,32.7715105668504,0.336936268626209,0.109418259702391
"14288484","2014-12-24",16.9652184255501,0.741829205393513,0.735883374744323,0.688170281300992,33.9687258716553,31.9582491283446,32.9634874999999,1.08001790066955,66.1864778727611,32.7636708,32.9198864912704,0.576885490350088,0.202911705831931
"14288483","2014-12-26",18.5281840014783,0.837682404234859,0.797596705677516,0.754418193095345,34.2924757173662,31.8179849493004,33.0552303333333,1.13868885148523,71.0066793473451,32.8284964,33.125474959101,0.896166182785829,0.34156260122271
"14288482","2014-12-29",20.5674201010343,0.803969575468556,0.794493728365644,0.775991269595826,34.6641242574193,31.6503130759139,33.1572186666666,1.12241501552741,73.3189429653426,32.91195,33.3471169645542,1.21171288678921,0.51559265833601
"14288481","2014-12-30",21.960919182709,0.754341889677771,0.798664623127063,0.796918352390073,34.9171822385403,31.5770154281263,33.2470988333333,0.971485783810749,69.8889401504238,32.9842268,33.5143693692803,1.39821898256751,0.69211792318231
"14288480","2014-12-31",21.4305397432097,0.538460923658936,0.698924129601755,0.764027493698153,35.0088885250349,31.587142474965,33.2980154999999,0.740307478881991,57.325676305472,33.0293064,33.5512787867096,1.33484311787588,0.820662962121025
"14288479","2015-01-02",20.435469578875,0.466502377749064,0.586435063695258,0.694674605474691,35.0343016644057,31.5946386689275,33.3144701666666,0.613323068910864,53.8508034175774,33.0717784,33.5472536151483,1.20577555418908,0.897685480534636
"14288478","2015-01-05",19.5234112407585,0.287842176073316,0.43093515916044,0.572098117485816,35.0311631783691,31.5897054882975,33.3104343333333,0.461073374890018,46.3401563479442,33.0769944,33.4543504664619,0.931419976558501,0.904432379739409
"14288477","2015-01-06",18.6764999267931,0.290322494705011,0.348222349509132,0.455197524121608,35.0328805182975,31.6069264817024,33.3199034999999,0.423696145013154,46.4518154826325,33.0773668,33.3750757376003,0.707836128458572,0.865113129483242
"14288476","2015-01-07",17.890082278111,0.285345624663622,0.287836765147318,0.355664757938962,35.0320256795082,31.6500043204917,33.3410149999999,0.428395386182984,47.3952662618541,33.0792296,33.3163056392536,0.542254497319528,0.800541403050499
"14288475","2015-01-08",17.0303050481932,0.146417820590005,0.240695313319547,0.292251475991997,35.0344379083171,31.6777074250161,33.3560726666666,0.437244688629435,47.8897033186719,33.08072,33.2703395540198,0.415186393004796,0.723470401041359
"14288474","2015-01-09",16.4017904992933,0.0104522056622976,0.147405216971976,0.225312431812945,35.0331515808392,31.7007264191607,33.3669389999999,0.390670513017683,46.7078750814632,33.063582,33.2180836134838,0.288476158053119,0.636471552443711
"14288473","2015-01-12",16.5330029990367,0,0.0522900087507688,0.146796846347429,35.037053720832,31.6803696125012,33.3587116666666,0.293094918203274,41.7185826637231,33.038248,33.116911131686,0.0849011222744833,0.526157466409865
"14288472","2015-01-13",16.2960515240981,0,0.0034840685541005,0.0677264314256136,35.0401349380873,31.6664217285793,33.3532783333333,0.28930781727484,40.4768815211421,33.0248356,33.0143256474612,-0.10302443116007,0.400321086895878
"14288471","2015-01-14",16.125667488449,0,1.30913798320383e-15,0.018591359101622,35.0257978669267,31.7024911330732,33.3641444999999,0.238935372863623,40.1551345589753,33.0162668,32.9216928944663,-0.256345622306364,0.26898774505543
"14288470","2015-01-15",15.5460370996205,0.11627892460097,0.038759641533658,0.0140812366959184,34.967226741115,31.8420942588849,33.4046604999999,0.307766922922712,46.2863500535757,33.017012,32.8910858418708,-0.283443610981027,0.158501473848138
"14288469","2015-01-16",15.0461675514614,0.110464354155092,0.0755810929186887,0.0381135781507811,34.9169392231156,31.956027443551,33.4364833333333,0.270629212476412,46.0323788843982,33.0218552,32.8620757296214,-0.306018663897334,0.065597446299044
"14288468","2015-01-20",13.988040866761,0.19303687797718,0.139926718911082,0.084755817787808,34.9133152757615,31.975795390905,33.4445553333333,0.344264770532566,49.4659602539393,33.0311692,32.8654962990052,-0.268204386426607,-0.00116292024608624
"14288467","2015-01-21",13.9314093078416,0.231058603440561,0.178186611857613,0.13123147456246,34.9053363387799,31.9555216612199,33.4304289999999,0.400222319420397,49.4659602539393,33.0430908,32.8684607924712,-0.235519494312364,-0.0480342350593418
"14288466","2015-01-22",14.1385845073637,0.356384527963542,0.260160003127096,0.192757777965262,34.8961358600694,31.9408161399305,33.4184759999999,0.432818549101932,50.4204259444262,33.0796016,32.8784820201417,-0.193657744184206,-0.0771589368843146
"14288465","2015-01-23",14.3309614783485,0.617283132410347,0.401575421271485,0.279974012085396,34.8694914998445,31.928031166822,33.3987613333333,0.480368708012708,55.4084319723808,33.1388388,32.9281484174561,-0.0841256186310479,-0.0785522732336613
"14288464","2015-01-26",13.5949834729036,0.397438368043607,0.457035342805833,0.372923589068136,34.7829411915849,31.9037451417483,33.3433431666666,0.388126235787865,49.2624045127958,33.1787028,32.9240019617953,-0.0831682414920931,-0.0794754668853476
"14288463","2015-01-27",13.1972571170645,0.512821924596348,0.509181141683435,0.455930635253583,34.5829014341635,31.9578658991697,33.2703836666666,0.464223849386168,51.9795667803972,33.1999388,32.9427617002226,-0.0408549052877683,-0.0717513545658318
"14288462","2015-01-28",13.1484382482592,0.467948629712726,0.459402974117562,0.475206486202275,34.2115939798657,32.1441350201342,33.1778644999999,0.502327575424931,50.8392807278416,33.1906248,32.9503268068596,-0.0230372786102273,-0.0620085393747109
"14288461","2015-01-29",12.5387545775492,0.320513702872716,0.433761419060598,0.46744851162053,33.7953741270256,32.3805948729743,33.0879844999999,0.455014536848988,47.1773368766153,33.1738596,32.928320565945,-0.0606959485199399,-0.0617460212037567
"14288460","2015-01-30",11.9726197404614,0.467948629712726,0.418803654099391,0.437322682425849,33.5683465240115,32.5116881426551,33.0400173333333,0.614441906801353,50.9798571587987,33.1500156,32.9378111571523,-0.0376231295273977,-0.0569214428684849
"14288459","2015-02-02",11.6741397479894,0.2243595920109,0.337607308198782,0.396724127119589,33.4338427914146,32.5667122085853,33.0002774999999,0.395274327613981,45.1915623003848,33.1004652,32.898845669532,-0.1048889216125,-0.066514938617288
"14288458","2015-02-03",11.3531785154864,0.565476913244929,0.419261711656187,0.391890891318118,33.4801627716002,32.5458502283997,33.0130064999999,0.947434322746052,54.0608677301622,33.0501696,32.9395875802611,-0.0209620779949127,-0.0574043664928129
"14288457","2015-02-04",11.0551430853051,0.533840291904812,0.441225599053548,0.399364872969504,33.5480653253864,32.5220343412801,33.0350498333333,0.952527107393156,55.4832527277042,32.9909328,32.9885585695596,0.0697321698962972,-0.0319770592149909
"14288456","2015-02-05",11.4931697450231,0.526628421861797,0.541981875670514,0.467489728793415,33.6604762671326,32.4720280662007,33.0662521666666,1.05251980368336,57.7863947004075,32.9458532,33.0533534269517,0.180338229457688,0.0104859985195449
"14288455","2015-02-06",11.3437510097923,0,0.353489571255538,0.445565681993198,33.652696022407,32.4652163109263,33.0589561666666,0.449930793687006,45.0863741745781,32.8992832,32.9964983033581,0.0602232128996461,0.0204334413955652
"14288454","2015-02-09",11.9844430139086,0,0.175542807287267,0.357004751404438,33.6906186544711,32.3655110121955,33.0280648333333,0.0145414509657894,39.806328476492,32.8445168,32.8838891962437,-0.149862565807835,-0.0136257600451148
"14288453","2015-02-10",12.450209157521,0.045045001475061,0.0150150004916882,0.181349126344829,33.7076215460314,32.3286384539685,33.0181299999999,0.099248168320024,41.2589492337218,32.8203004,32.7987133034112,-0.290711109867436,-0.0690428300095791
"14288452","2015-02-11",12.9906013949544,0.0135125331888906,0.0195191782213184,0.0700256620000897,33.7336929912054,32.2746253421279,33.0041591666666,0.0606012508019707,40.5217487080729,32.7931036,32.7162008629564,-0.41403824494588,-0.138041912996839
"14288451","2015-02-12",13.4923941868569,0.045045001475061,0.0345341787130054,0.0230227858086691,33.7491221183329,32.2446042150003,32.9968631666666,0.0704693851974199,41.6446278109776,32.7655344,32.6533834145622,-0.490375671090038,-0.208508664615479
"14288450","2015-02-13",14.5128002206552,0,0.0195191782213184,0.0245241783852126,33.8079598418344,32.1146698248322,32.9613148333333,-0.0128329019919615,37.8019788780563,32.7234352,32.5554762926206,-0.624726492540828,-0.291752230200549
"14288449","2015-02-17",15.4603201091823,0.0202428973815067,0.0217626329521905,0.0252719966288366,33.8491120037232,32.0098723296101,32.9294921666666,0.0603570079993919,38.6725678229574,32.6869244,32.4768327869378,-0.711969935738566,-0.375795771308152
"14288448","2015-02-18",14.7823434056438,0.0971632993705867,0.0391353989173657,0.0268057366969567,33.8456356405506,31.958396026116,32.9020158333333,0.253893201240841,41.9949959662972,32.6742572,32.4322697486794,-0.729005097141788,-0.446437636474879
"14288447","2015-02-19",14.1311025994231,0.279349375804152,0.13225185751875,0.0643832964627671,33.8216126273157,31.9408167060176,32.8812146666666,0.414326341926876,49.0372543432311,32.682826,32.4495324488555,-0.630973575982696,-0.483344824376443
"14288446","2015-02-20",14.3794454660279,0.0890696178321793,0.155194097668974,0.108860451368362,33.7920942907867,31.8827837092132,32.837439,0.241781664670993,43.1455064441134,32.6750024,32.4061267890081,-0.65470147406862,-0.517616154314878
"14288445","2015-02-23",14.6100495564466,0.206475814584274,0.191631602740203,0.159692519309307,33.7313470743642,31.8609465923024,32.7961468333333,0.349778963011052,47.348976346909,32.6630804,32.404521883807,-0.599393391520309,-0.533971601755964
"14288444","2015-02-24",14.0824676700227,0.295545432416454,0.197030288277637,0.18128532956227,33.7121006691383,31.852871664195,32.7824861666666,0.481463911523718,50.3481514444622,32.6601,32.4304522992994,-0.498780743327842,-0.52693343007034
"14288443","2015-02-25",14.4275515342913,0.105261327676739,0.20242752489249,0.197029805303442,33.6694570876242,31.8163459123757,32.7429015,0.30674401076596,44.5143381183026,32.6310404,32.3945573260595,-0.522014682164473,-0.525949680489167
"14288442","2015-02-26",15.3341172339067,0,0.133602253364399,0.17768668884484,33.6418516797377,31.7247326535956,32.6832921666666,0.138623289832564,40.337738719873,32.5874512,32.3150163492516,-0.624013904624565,-0.545562525316246
"14288441","2015-02-27",16.3448359578816,0,0.0350871092255809,0.123705629160822,33.6404464330439,31.603503566956,32.621975,0.0954828448793099,39.1214026489264,32.5371556,32.2311781693514,-0.724892362791041,-0.581428492811205
"14288440","2015-03-02",18.2732221981994,0,1.24437497343403e-15,0.0562297875299921,33.6861680168801,31.3603253164532,32.5232466666666,-0.0747895159696755,31.8757212957571,32.4432704,32.0542010801045,-0.990707390862877,-0.66328427242154
"14288439","2015-03-03",20.1142147245583,0,1.24437497343403e-15,0.0116957030751929,33.7506890236911,31.1048673096422,32.4277781666666,-0.0395985271491162,31.5017207192579,32.3616796,31.8946116027573,-1.20119904132577,-0.770867226202386
"14288438","2015-03-04",21.9781401796794,0,1.24437497343403e-15,-3.23815048849004e-16,33.7071536972378,30.8894733027621,32.2983135,-0.0169347226850091,30.3512009923545,32.2677944,31.7376727223896,-1.38918546157945,-0.894530873277798
"14288437","2015-03-05",22.9312809933,0.104002576766159,0.0346675255887209,0.0115558418629062,33.5668475486034,30.7891677847298,32.1780076666666,0.109469860141879,34.7965695205112,32.186204,31.6339483594043,-1.46103767616749,-1.00783223385574
"14288436","2015-03-06",25.2577219961802,0,0.0346675255887209,0.0231116837258128,33.5564775873935,30.4002770792731,31.9783773333333,-0.212277518770635,24.2729986404375,32.0520824,31.3403872448171,-1.88977363765962,-1.18422051461651
"14288435","2015-03-09",27.4692425249819,0,0.0346675255887209,0.0346675255887194,33.6408095427779,29.9676017905553,31.8042056666666,-0.122926650041894,23.8934016920417,31.9064116,31.0760329455081,-2.22872219244274,-1.39312085018176
"14288434","2015-03-10",29.4745563146429,0,1.24437497343403e-15,0.0231116837258128,33.7263168606417,29.5958441393582,31.6610805,-0.0178109087399291,23.8934016920418,31.774898,30.8469258861071,-2.47354689533235,-1.60920605921188
"14288433","2015-03-11",31.4846226657036,0,1.24437497343403e-15,0.0115558418629062,33.7702326935826,29.2368043064174,31.5035185,0.017085456517173,22.8074758736453,31.6132068,30.6222864346261,-2.69200154551948,-1.8257651564734
"14288432","2015-03-12",32.7645261488395,0.0695453585791745,0.0231817861930594,0.0077272620643524,33.7433555343313,28.983950799002,31.3636531666666,0.122239908843931,27.6945581914566,31.4582216,30.463613576676,-2.76525725768939,-2.0136635767166
"14288431","2015-03-13",34.0221911735036,0.0503612311209748,0.0399688632333844,0.0210502164754801,33.689113459504,28.7510112071626,31.2200623333333,0.147384309932492,27.1833058990768,31.29355,30.3161624331192,-2.81290859904936,-2.17351258118315
"14288430","2015-03-16",33.7933688692355,0.157360779569013,0.0924224564230553,0.0518577019498315,33.6086411788051,28.6135358211949,31.1110885,0.26024025902837,33.9164773549884,31.1780564,30.2392874420366,-2.71903005591437,-2.28261607612939
"14288429","2015-03-17",33.4915277449008,0.231883336341626,0.146535115677206,0.0929754784445469,33.5010976684501,28.5127556648831,31.0069266666666,0.305690949155682,36.6845111001612,31.0882692,30.1950157830984,-2.57076452566607,-2.34024576603673
"14288428","2015-03-18",31.8052678778082,0.296418829124991,0.228554315011878,0.155837295704045,33.3264802889923,28.5069923776743,30.9167363333333,0.441282212576559,38.3831960532506,30.9988548,30.1703083453519,-2.39844719039326,-2.35188605090804
"14288427","2015-03-19",30.2394551440793,0.763701010041585,0.430667725169402,0.268585718619493,33.1295487504339,28.573528249566,30.8515384999999,0.623920608615751,54.2458152825038,30.9612264,30.312821899305,-1.91144352683374,-2.26379754609318
"14288426","2015-03-20",29.2333558279441,0.797467408255557,0.619195749140712,0.426139263107329,33.0301978931192,28.6092331068807,30.8197154999999,0.700916438593896,56.872616669304,30.931794,30.4723469793977,-1.43786117872843,-2.09861027262023
"14288425","2015-03-23",28.2991207486756,0.841772474458334,0.80098029758516,0.616947923965089,32.9005707675087,28.6643485658245,30.7824596666666,0.733131538663718,58.1226268163686,30.9206172,30.627988715478,-1.01733803616216,-1.88235582532861
"14288424","2015-03-24",27.0248597656077,0.768988492234722,0.802742791649539,0.740972946125135,32.6861220605721,28.7660982727611,30.7261101666666,0.728295340821507,55.2876117787728,30.8990088,30.7343155534143,-0.732716840759828,-1.65242802841486
"14288423","2015-03-25",25.4397191417844,0.547469956476389,0.719410307723149,0.774377798985947,32.4764931088371,28.8444002244961,30.6604466666666,0.613174418466077,47.6670445202113,30.8442428,30.739534812959,-0.670570272548154,-1.45605647724152
"14288422","2015-03-26",24.1234269583289,0.512657862280556,0.609705436997223,0.710619512123302,32.3152868810785,28.888559785588,30.6019233333333,0.563646737520204,46.5804490204196,30.7686132,30.7303968378978,-0.640809253054797,-1.29300703240417
"14288421","2015-03-27",22.9892817567008,0.493671918266667,0.517933245674538,0.615682996798302,32.1782217910626,28.9247232089373,30.5514724999999,0.573000646536293,45.9650397334173,30.7082584,30.7150265928448,-0.624719749934011,-1.15934957591014
"14288420","2015-03-30",21.5512027296654,0.531647203922222,0.512658994823149,0.546765892498302,32.1493253142487,28.9281616857512,30.5387434999999,0.622022105052162,47.4602488067612,30.6415704,30.7166083804655,-0.576018460788918,-1.0426833528859
"14288419","2015-03-31",20.116562555338,0.644067796610169,0.556462306266354,0.529018182254679,32.180358580161,28.9225867531722,30.5514726666666,0.715855305613401,52.529173438884,30.582706,30.7713792630701,-0.427439361393311,-0.919634554587379
"14288418","2015-04-01",19.4973228202827,0.447458355018689,0.541057785183695,0.536726362091064,32.1825219490313,28.9229077176353,30.5527148333333,0.596295188443908,46.07242747922,30.5197436,30.7468193613274,-0.446160958848418,-0.824939835439587
"14288417","2015-04-02",18.4117829935392,0.673229744352767,0.58825196532721,0.561924018925751,32.2316794738266,28.9097641928399,30.5707218333333,0.765707609016614,54.3985057734097,30.5011156,30.8248834464838,-0.262773438583763,-0.712506556068423
"14288416","2015-04-06",17.6800113517826,0.718875986874728,0.613188028748729,0.580832593086543,32.3688531959891,28.9787404706775,30.6737968333333,0.829779545377988,56.7363401737472,30.4966448,30.9248269869526,-0.05391379942844,-0.580788004740426
"14288415","2015-04-07",17.0005091130085,0.705882087579453,0.699329272935651,0.633589755670528,32.4515505401305,29.1174057932027,30.7844781666666,0.783495540359393,56.7363401737472,30.5234692,31.0114447220256,0.109856977028633,-0.442659008386614
"14288414","2015-04-08",16.0627894045524,0.505679391920745,0.64347915545831,0.651998819047562,32.4780672678479,29.2933130654853,30.8856901666666,0.707496860985326,54.6131471677042,30.5458228,31.0654014257555,0.195940980705323,-0.314939010568227
"14288413","2015-04-09",15.1915074544912,0.323859546380684,0.511807008626962,0.618205145673639,32.4128076509335,29.5578923490663,30.9853499999999,0.612825296938252,50.7623302077878,30.5618428,31.0724239023214,0.184616272733695,-0.215027953907843
"14288412","2015-04-10",14.1136034364414,0.500000000000001,0.443179646100478,0.532821936728582,32.3721484086182,29.7966295913817,31.0843889999999,0.679432197080943,54.1361992630254,30.5797256,31.1170087153452,0.247637190142758,-0.122494925097723
"14288411","2015-04-13",13.4990243744922,0.374998474921611,0.3996193404341,0.451535331720512,32.2377127455824,30.1188975877508,31.1783051666666,0.584400078980809,51.4422372702287,30.650512,31.1283275532992,0.241641806656867,-0.0496675787468046
"14288410","2015-04-14",12.9283438169678,0.409087027073193,0.428028500664936,0.423609162399837,32.1393194695986,30.3632098637346,31.2512646666666,0.568345256546073,52.1416592359166,30.726514,31.145587879526,0.248486809770521,0.00996329895666045
"14288409","2015-04-15",12.1319840686254,0.380677866842357,0.388254456279055,0.405300765792695,32.0138578985682,30.6271397680983,31.3204988333333,0.573433212149776,51.4761997804059,30.8006532,31.1543374955892,0.239085500404967,0.0557877392463218
"14288408","2015-04-16",11.9676134164071,0.124995424764832,0.304920106226795,0.373734354390261,31.9792761240163,30.6927678759836,31.3360219999999,0.195445403790367,45.8096243228684,30.8658512,31.1060364961773,0.121654898345813,0.0689611710662201
"14288407","2015-04-17",11.7093438680071,0.210222905457341,0.238632065688178,0.310602209398008,31.9714708150838,30.6642481849161,31.3178594999999,0.297290713493383,47.8696300793874,30.9258332,31.0828036300203,0.0640018801197018,0.0679693128769165
"14288406","2015-04-20",10.8959027761228,0.306815270304893,0.21401120017569,0.25252112403022,31.9239820991761,30.6660982341571,31.2950401666666,0.465444478189073,50.1810999557893,30.9951292,31.083780479351,0.0587164282807917,0.0661187359576915
"14288405","2015-04-21",10.5274965065124,0.386363359076657,0.301133844946299,0.251259036936721,31.8692758728462,30.6838587938203,31.2765673333333,0.604632090140496,52.0661019469934,31.0543664,31.1020137487708,0.0873539985582372,0.0703657884778007
"14288404","2015-04-22",10.1414548287546,0.285716277642991,0.326298302341515,0.280481115821166,31.8375608909465,30.6907361090534,31.2641484999999,0.59461616838067,51.7647515557445,31.1061524,31.1153319156014,0.104001365209494,0.0770929038241393
"14288403","2015-04-23",10.6040342341973,0.54545581304554,0.405845149921731,0.344425765736513,31.9029200240171,30.6939899759828,31.298455,0.879824843805786,57.1107978581894,31.1687424,31.1765489935212,0.211219065483736,0.103918136156059
"14288402","2015-04-24",11.4138316354178,0.62650617994606,0.485892756878198,0.406012069713813,31.9816159957091,30.7286146709575,31.3551153333333,0.977345598006673,59.5262389335879,31.1896056,31.2544411277184,0.340133206429916,0.15116115021083
"14288401","2015-04-27",11.791970832757,0.5266284218618,0.566196804951135,0.485978237250353,32.0171056771992,30.8011673228007,31.4091364999999,0.878528098623118,56.9363334042876,31.1940764,31.3033196440226,0.401333061161568,0.201195532400978
"14288400","2015-04-28",11.7983540285269,0.443785854504565,0.53230681877081,0.528132126866713,32.0225187059972,30.8696449606694,31.4460818333333,0.694836165634229,54.550663778424,31.1881152,31.3282943581529,0.411383081036854,0.243233042128153
"14288399","2015-04-29",11.998329999744,0.532543025405479,0.500985767257283,0.533163130326408,32.0616224470841,30.8845622195825,31.4730923333333,0.773390994910892,56.6466022536502,31.1963112,31.3685671103992,0.450038574473877,0.284594148597298
"14288398","2015-04-30",11.7957030805838,0.443785854504565,0.473371578138205,0.502221388055431,32.0404763311368,30.9892233355297,31.5148498333333,0.677787999128396,53.9664496883926,31.224998,31.384842162346,0.439607331294134,0.315596785136665
"14288397","2015-05-01",11.4769892597053,0.414200130870928,0.463509670260326,0.479289005218603,32.0477215878662,30.995948745467,31.5218351666666,0.567744190691904,53.0651719263739,31.2559204,31.3927378740332,0.414575600382117,0.335392548185755
"14288396","2015-05-04",12.1750642593596,0.639056712852669,0.499014232742722,0.478631827047083,32.0825044661718,30.9801045338281,31.5313044999999,0.908081332495129,58.7092803932826,31.3032356,31.4467728241621,0.480035808454282,0.364321200239461
"14288395","2015-05-05",11.7249904466526,0.37869980369361,0.477318882472404,0.479947595158483,32.069490395394,30.9800789379392,31.5247846666666,0.568396563566659,51.0537397582029,31.3296872,31.4389604476071,0.421821935149902,0.375821347221549
"14288394","2015-05-06",11.9418923100108,0,0.339252172182094,0.438528429132405,32.0945852827961,30.8950643838704,31.4948248333333,0.0435637396366983,40.8777386312927,31.3110592,31.3353243879262,0.186784551650754,0.33801398810739
"14288393","2015-05-07",12.0994378276857,0.147542330122151,0.175414044605255,0.33066169975325,32.1021683871233,30.8688536128766,31.4855109999999,0.204592041214711,44.9668807921566,31.3240988,31.2790371362027,0.0641727586545793,0.283245742216828
"14288392","2015-05-08",11.4407894079687,0.415298686974174,0.187613672365443,0.234093296384263,32.1019530661137,30.8687582672195,31.4853556666666,0.547079071950988,51.5200471987341,31.3255888,31.2911055180423,0.0837121113075545,0.243339016034973
"14288391","2015-05-11",10.8291873039458,0.437158982903677,0.333333333333336,0.232120350101343,32.1103657905657,30.8811468761008,31.4957563333333,0.556450753008135,52.0223515671619,31.3188828,31.3065327823034,0.107551268701322,0.216181466568243
"14288390","2015-05-12",10.9230547983918,0.245901927883318,0.366119865920391,0.295688957206388,32.1130722095321,30.8613651238011,31.4872186666666,0.272056362132059,47.3954765153717,31.2991372,31.2764377446629,0.0418911895442298,0.18132341116344
"14288389","2015-05-13",11.5025026159714,0.0874294497964167,0.256830120194472,0.318761106482731,32.1248898302601,30.8094971697398,31.4671935,0.161419098113925,43.9105937710383,31.2749208,31.2143407120412,-0.0790827177990616,0.12924218537094
"14288388","2015-05-14",12.0405613037238,0.240433920420544,0.191255099366761,0.27140169516054,32.1069460213753,30.8501049786246,31.4785255,0.255199353351339,47.8941650306987,31.273058,31.195295283769,-0.106412214864526,0.0821113053238468
"14288387","2015-05-15",11.6558994776289,0.386741249117644,0.238201539778203,0.228762253113144,32.0960014337327,30.9004792329339,31.4982403333333,0.45728198665055,51.3495222212794,31.2693324,31.2110785792665,-0.0646844274188596,0.0527521587753055
"14288386","2015-05-18",10.9432111155749,0.419888126323531,0.349021098620575,0.259492579255178,32.1017630949527,30.9266955717139,31.5142293333333,0.548613376568009,52.1382299268572,31.2760384,31.232208102031,-0.0169908490904258,0.0388035572021592
"14288385","2015-05-19",11.0685249833397,0.579233305563052,0.461954227001411,0.349725621800061,32.1453817687581,30.9318198979085,31.5386008333333,0.787936837058074,55.9810856183584,31.291686,31.2877763550935,0.0918281706023594,0.0494084798821992
"14288384","2015-05-20",11.7399423086033,0.737326459324934,0.578815963737174,0.463263763119718,32.2781101383488,30.8947155283178,31.5864128333333,1.03671152681214,61.9095482369488,31.3293148,31.402996841081,0.303721376404664,0.100271059186692
"14288383","2015-05-21",12.2202500838574,0.709673748478581,0.675411171122191,0.57206045395359,32.3598370592511,30.8629732740821,31.6114051666666,0.93162121568313,60.9275697811134,31.3814732,31.4954025956036,0.451375412063215,0.170491929761997
"14288382","2015-05-22",11.9073283386651,0.557601155783369,0.668200454528963,0.640809196462774,32.3576717654605,30.8635859012061,31.6106288333333,0.718912786624394,55.6956230602356,31.4157488,31.5345062495231,0.483766427781807,0.233146829365959
"14288381","2015-05-26",11.6167581467007,0.571425037355155,0.612899980539037,0.652170535396729,32.3618892563389,30.8627834103277,31.6123363333333,0.694260465846972,56.0649612433656,31.4448084,31.5721214162533,0.510578894115321,0.288633242315831
"14288380","2015-05-27",11.9671670411544,0.64676409631861,0.591930096485713,0.624343510517903,32.4202531908859,30.8516104757806,31.6359318333333,0.823006313114482,58.7790087257061,31.4768484,31.6320425607529,0.577323788886885,0.346371351630042
"14288379","2015-05-28",12.5554255655045,0.716417750998867,0.644868961557546,0.616566346194097,32.490509864441,30.8294764688922,31.6599931666666,0.87092782219257,60.4532437245924,31.5148496,31.7013608859858,0.65559142013889,0.408215365331812
"14288378","2015-05-29",13.1016656238295,0.746266264983014,0.703149370766832,0.646649476270029,32.5674803035406,30.8130470297927,31.6902636666666,0.851621428163836,61.1808681888925,31.5401836,31.7688874345211,0.723142045785119,0.471200701422473
"14288377","2015-06-01",13.7417264185247,0.736314979808986,0.732999665263624,0.693672665862666,32.6433927487201,30.8094732512798,31.7264329999999,0.821737314073463,60.7793606599714,31.5573212,31.8249264432516,0.762850874587451,0.529530736055469
"14288376","2015-06-02",12.8374866393279,0.448309937397174,0.643630394063059,0.69325981003117,32.6360958512704,30.8093194820628,31.7227076666666,0.600701434012888,50.4584589259872,31.55848,31.8016029174847,0.650063536732381,0.553637296190851
"14288375","2015-06-03",12.4556893719394,0.191456746910936,0.458693888039033,0.611774649121904,32.6356288972882,30.807523436045,31.7215761666666,0.420732417755917,46.2253772062797,31.5540548,31.7453891951534,0.486514784744019,0.540212793901485
"14288374","2015-06-04",12.1234449669515,0.0411420140816285,0.226969566129914,0.443097949410667,32.5993906241129,30.896696375887,31.7480434999999,0.340619163648419,46.0712166493237,31.5436412,31.6953373024663,0.350209153283521,0.502212065777892
"14288373","2015-06-05",13.0251591994038,0,0.0775329203308563,0.254398791499933,32.6274095238874,30.8452261427792,31.7363178333333,0.0232526710364184,37.6807088733636,31.514016,31.5692923288041,0.0828385981668678,0.418337372255687
"14288372","2015-06-08",14.7861020397888,0,0.0137140046938777,0.106072163718215,32.7710338730953,30.5729271269046,31.6719805,-0.143878572224015,31.2542222293137,31.4602536,31.3733866849636,-0.293551590804597,0.27595957964363
"14288371","2015-06-09",16.4713857172841,0,1.52193072959032e-15,0.0304156416749103,32.8894526163729,30.310660383627,31.6000564999999,-0.071348794456545,30.9049103533577,31.3907336,31.1982684603018,-0.597396715356779,0.101288320643548
"14288370","2015-06-10",17.3920508577044,0.0317413713065946,0.0105804571021997,0.0080981539320248,32.9609287806321,30.1446608860344,31.5527948333333,0.0397709965188655,32.5290967126406,31.3408064,31.0571659989282,-0.809799592894278,-0.0809292620640169
"14288369","2015-06-11",17.946839796895,0.0955771666148963,0.0424395126404985,0.0176733232475651,33.0010196515548,30.0423873484451,31.5217034999999,0.120870934579813,35.7804959565813,31.3263388,30.9562105324044,-0.926870631543042,-0.250117535959822
"14288368","2015-06-12",18.7514123706285,0.0238942916537248,0.0504042765250734,0.0344747487559224,33.050057059356,29.9012649406439,31.4756609999999,0.110752010996133,33.8067364717045,31.294612,30.8447157947505,-1.05531439169086,-0.41115690710603
"14288367","2015-06-15",19.8061430236652,0,0.0398238194228752,0.0442225361961475,33.1019427008655,29.7066622991343,31.4043024999999,0.0922862514406439,31.7134279747206,31.23663,30.7214203554504,-1.1967602772166,-0.568277581128145
"14288366","2015-06-16",21.0360494820172,0,0.00796476388457645,0.0327309532775069,33.1401218391208,29.4990144942124,31.3195681666666,0.103719043873389,30.0123152367391,31.1703576,30.5918976413904,-1.33938180477705,-0.722498425857926
"14288365","2015-06-17",21.2862640245114,0.0708953372136711,0.0236317790712252,0.0238067874595575,33.1043750287787,29.3569583045545,31.2306666666666,0.200949547611735,34.4660275465418,31.1251248,30.506311289205,-1.38461695993091,-0.854922132672522
"14288364","2015-06-18",20.204286618502,0.216230778501698,0.0957087052384577,0.0424350827314183,32.966565551236,29.3178781154306,31.1422218333333,0.340429786443256,42.5386542550418,31.1070964,30.486803117311,-1.29729980047409,-0.943397666232837
"14288363","2015-06-19",19.1995933129219,0.288389513108614,0.191838542941329,0.103726342417003,32.8231738845345,29.3018547821321,31.0625143333333,0.38663878836553,45.3669488354252,31.0850364,30.4912293683362,-1.17222069972719,-0.989162272931707
"14288362","2015-06-22",18.2666638148832,0.355855855855856,0.286825382488724,0.191457543556169,32.7200224466386,29.2782358866946,30.9991291666666,0.40437258065417,45.7265581306806,31.0540896,30.4977321192247,-1.05560533114842,-1.00245088457505
"14288361","2015-06-23",18.4113550126363,0.144329896907217,0.26285842195723,0.24717411579576,32.6148148502759,29.2164214830573,30.9156181666666,0.299233120004677,38.7264055533205,31.0005076,30.4353678366614,-1.08583295768502,-1.01912729919704
"14288360","2015-06-24",19.0572161228271,0,0.166728584254359,0.23880412956677,32.4604372875923,29.1448710457409,30.8026541666666,0.222725843408294,35.1990728973111,30.9233488,30.3399854584399,-1.1790151710569,-1.05110487356901
"14288359","2015-06-25",19.8440137137153,0,0.0481099656357405,0.159232323949108,32.2523306381771,29.0950326951561,30.6736816666666,0.19055343599752,33.9114467596423,30.8212716,30.2413207306479,-1.2709799956781,-1.09507989799083
"14288358","2015-06-26",20.7161251354972,0,1.55431223447522e-15,0.0716128499633655,31.9893294945394,29.0919845054605,30.5406569999999,0.191444982664113,32.9382404816178,30.71783,30.1438112998949,-1.35316373479099,-1.14669666535086
"14288357","2015-06-29",21.0119512829507,0,1.55431223447522e-15,0.016036655211913,31.6540571886674,29.1612761446658,30.4076666666666,0.198730058218671,32.1650560340987,30.6238828,30.0499697932422,-1.42151061204617,-1.20165945468992
"14288356","2015-06-30",21.4829980508232,0,1.55431223447522e-15,3.70074341541719e-17,31.3956961838057,29.1709704828609,30.2833333333333,0.111937178157907,30.9361237902507,30.524418,29.9539738208099,-1.48892684919187,-1.25911293359031
"14288355","2015-07-01",21.6665146533489,0,1.55431223447522e-15,3.70074341541719e-17,31.1761987879689,29.176801212031,30.1764999999999,0.131639045248704,30.8208368662666,30.4163568,29.8694439780353,-1.52823750050585,-1.31293784697342
"14288354","2015-07-02",20.8876342050545,0.176829268292682,0.0589430894308957,0.0196476964769647,30.9077481621995,29.2715851711337,30.0896666666666,0.286288610257074,38.032877514221,30.3146796,29.8348514476306,-1.46457553095328,-1.34326538376939
"14288353","2015-07-06",19.9425885109542,0.280487804878049,0.152439024390245,0.070460704607046,30.7747745463325,29.303892120334,30.0393333333333,0.391675003714102,41.8593479872883,30.2175672,29.8275379212798,-1.3526313953085,-1.34513858607721
"14288352","2015-07-07",20.0318434811729,0.468208092485548,0.308508388552095,0.17329683412441,30.7984518424889,29.2982148241777,30.0483333333333,0.758847987746993,48.8608943888508,30.1352,29.8678661984425,-1.15590251042459,-1.30729137094669
"14288351","2015-07-08",20.114723096376,0.803468208092486,0.517388035152029,0.326111816031455,30.9012373460208,29.2630959873124,30.0821666666666,0.94023469820414,57.9071188447461,30.0976,29.9801507053168,-0.834019696357868,-1.21263703602893
"14288350","2015-07-09",19.7196668210534,0.691428571428572,0.65436829066887,0.493421571457663,30.9659759205716,29.2436907460949,30.1048333333333,0.851374253018579,54.6746845064034,30.0636,30.0534639446079,-0.620571919729274,-1.094224012769
"14288349","2015-07-10",19.7613878760252,0.690355329949239,0.728417369823434,0.633391231881443,31.0471602377701,29.2108397622297,30.1289999999999,0.910785232415058,56.8369703845888,30.036,30.1370020853269,-0.406758220313197,-0.956730854277836
"14288348","2015-07-13",19.8001288556419,0.761421319796955,0.71440174039159,0.699062466961296,31.1481870976545,29.1794795690121,30.1638333333333,0.897638207780519,58.8119601979559,30.0388,30.22806847395,-0.197968894084111,-0.804978462239091
"14288347","2015-07-14",19.8361026224288,0.776649746192894,0.742808798646364,0.728542636287128,31.250742732261,29.1705906010723,30.2106666666666,0.858627616131974,59.2423284314349,30.0688,30.3109926774233,-0.0246337505649397,-0.648909519904261
"14288346","2015-07-15",19.6158746720058,0.736040609137056,0.758037225042303,0.738415921360084,31.3354134774734,29.1905865225265,30.2629999999999,0.80787254506028,57.516433135762,30.0972,30.3721936537669,0.0901234882345392,-0.501102918276501
"14288345","2015-07-16",20.0446680956068,0.859728506787329,0.790806287372428,0.763884103687031,31.4879383035471,29.1593950297861,30.3236666666666,0.929309894272252,63.8891827208652,30.1404,30.4852344999313,0.296543921976111,-0.341573550225978
"14288344","2015-07-17",20.0179885365024,0.800904977375565,0.798891364433319,0.782578292282682,31.5741645596993,29.1351687736339,30.3546666666666,0.838390635215011,61.0405288026093,30.172,30.5658698999404,0.420303793954147,-0.189198081389953
"14288343","2015-07-20",19.1202088758668,0.669683257918552,0.776772247360484,0.788823299722075,31.6031459061796,29.130520760487,30.3668333333333,0.718323968060344,55.1347509884993,30.1992,30.5970872466151,0.436637609205093,-0.0640309432709442
"14288342","2015-07-21",18.286556333848,0.669683257918552,0.713423831070891,0.763029147621563,31.6272588422248,29.1274078244417,30.3773333333333,0.701078649523878,55.1347509884993,30.2344,30.6241422803997,0.444396817424519,0.0376546088681486
"14288341","2015-07-22",17.9179658153848,0.661458333333332,0.666941616390147,0.719045898273839,31.6904406645896,29.1395593354103,30.415,0.724105551335324,56.4818231624461,30.2796,30.6582566430131,0.466159490195794,0.123355585133678
"14288340","2015-07-23",16.6435202799978,0.445714285714284,0.592285292322058,0.657550246594364,31.7127305270431,29.1989361396235,30.4558333333333,0.597130723136568,50.0132230967697,30.304,30.645155757278,0.394656076731437,0.17761568345323
"14288339","2015-07-24",15.5157336658507,0.292857142857143,0.466676587301588,0.57530116533793,31.7123008080888,29.2936991919111,30.503,0.556644301849329,49.6306483989723,30.3112,30.6311349896409,0.328932630022827,0.207879072767149
"14288338","2015-07-27",15.3146684004142,0.199999999999999,0.312857142857144,0.457273007493595,31.7185278898361,29.4118054434971,30.5651666666666,0.640820294114238,53.2864495557764,30.3196,30.6443169910221,0.323142146560595,0.230931687525838
"14288337","2015-07-28",15.4297376717199,0.5,0.330952380952382,0.370162037037037,31.7380563629263,29.5399436370736,30.639,0.724889891914718,58.4182662591151,30.3392,30.6957413922192,0.392876285267829,0.263320607074236
"14288336","2015-07-29",15.4701549038313,0.474747474747476,0.391582491582494,0.345130671797339,31.6856361269833,29.7610305396833,30.7233333333333,0.699175008044706,57.961116572296,30.3784,30.7376425399233,0.437673071044764,0.298191099868342
"14288335","2015-07-30",16.1089257810215,0.57843137254902,0.517726282432167,0.413420384989013,31.6046370474253,30.0253629525746,30.815,0.790217723970642,59.984481177751,30.4348,30.7899568679335,0.498734692325598,0.338299818359793
"14288334","2015-07-31",17.6604539553,0.779220779220779,0.61079987550576,0.506702883173472,31.6712445181325,30.1700888152008,30.9206666666666,1.12129908632744,68.3292543621486,30.5204,30.9166292855424,0.698152723962431,0.410270399480321
"14288333","2015-08-03",18.9584868050516,0.743589743589743,0.700413965119849,0.609646707685924,31.7076856863913,30.3289809802752,31.0183333333333,1.09113456013068,67.3376039800679,30.608,31.0210787141367,0.835154758439338,0.495247271272124
"14288332","2015-08-04",19.3968269463385,0.602564102564103,0.70845820845821,0.673224016361272,31.7566470585408,30.3966862747925,31.0766666666666,0.887266068963491,62.0074116725616,30.6896,31.0822682189185,0.875894138083089,0.571376644634317
"14288331","2015-08-05",19.885409611253,0.666666666666665,0.670940170940172,0.693270781506076,31.8371134546418,30.4042198786914,31.1206666666666,0.892678616270231,63.4246274545812,30.7796,31.148632456396,0.923133802346232,0.6417280761767
"14288330","2015-08-06",20.8114899255497,0.572327044025156,0.613852604418643,0.664416994605674,31.8984171188924,30.4395828811075,31.1689999999999,0.847994757401344,60.2767696687802,30.8648,31.1888147955432,0.916097615446509,0.696601984030662
"14288329","2015-08-07",22.3788062278692,0.623762376237624,0.62091869564315,0.635237157000654,32.0389482936905,30.4160517063094,31.2274999999999,1.00886380546652,65.2739190016174,30.9524,31.2703061561375,0.989251043858741,0.755131795996278
"14288328","2015-08-10",23.9938222181099,0.835680751173708,0.677256723812164,0.637342674624651,32.2574531211245,30.3465468788754,31.3019999999999,1.09378458324111,71.092401877875,31.054,31.4102653353191,1.16682651855173,0.837470740507369
"14288327","2015-08-11",25.7065608153447,0.798245614035087,0.752562913815475,0.683579444423595,32.4560643597501,30.3036023069164,31.3798333333333,1.02660626397935,71.4881516649655,31.1432,31.5368966239433,1.30145812922171,0.930268218250237
"14288326","2015-08-12",27.8614230561782,0.722627737226278,0.785518034145027,0.738445890590887,32.6850732981329,30.2595933685336,31.4723333333333,1.0363886891511,73.0759444841305,31.2156,31.6679770740842,1.43124748535781,1.03046407167175
"14288325","2015-08-13",29.8735344941643,0.800781250000001,0.773884867087124,0.77065527168254,32.9235343001748,30.1837990331584,31.5536666666666,1.0096599478584,75.4668370088547,31.3056,31.8162467975396,1.58052423394417,1.14047610412624
"14288324","2015-08-14",31.9119569997999,0.790123456790124,0.771177481338803,0.77686012752365,33.1629337724128,30.1363995609205,31.6496666666666,0.979205993385506,76.7496172951466,31.3956,31.9647472245343,1.71532715695835,1.25544631469266
"14288323","2015-08-17",34.0582508525702,0.850187265917603,0.813697324235911,0.786253224220611,33.4299434364284,30.1200565635714,31.7749999999999,0.994981670451844,79.4497071481203,31.494,32.1401142612631,1.88658856501354,1.38167476475683
"14288322","2015-08-18",36.0512380015712,0.847058823529412,0.829123182079048,0.804665995884586,33.640340890213,30.1593257764535,31.8998333333333,0.924253640122348,79.5228772540082,31.5916,32.2934323597613,1.99966188667005,1.50527218913948
"14288321","2015-08-19",37.3133094316104,0.766816143497757,0.821354077648259,0.821391527987738,33.8105314636523,30.2234685363475,32.0169999999999,0.866037626495333,75.747072269595,31.6872,32.4089747117932,2.03191460143897,1.61060067159937
"14288320","2015-08-20",38.6940635629367,0.735294117647061,0.783056361558078,0.811177873761793,33.9370184535641,30.3679815464358,32.1524999999999,0.852335947406003,76.1227394806605,31.7664,32.5144447502207,2.042805153492,1.6970415679779
"14288319","2015-08-21",38.710399836581,0.609243697478992,0.703784652874604,0.769398364026979,33.9610400680621,30.5889599319378,32.2749999999999,0.74169057884157,67.658162420689,31.8388,32.565852116858,1.9539187281534,1.748417000013
"14288318","2015-08-24",37.2179254610658,0,0.448179271708686,0.645006762047121,33.9049783820011,30.7183549513321,32.3116666666666,0.283992885162223,40.3067039440796,31.8548,32.3837385012769,1.44509218735949,1.6877520374823
"14288317","2015-08-25",36.7103241819994,0,0.203081232492999,0.451681719025428,33.9182167416703,30.6924499249962,32.3053333333333,0.0974083867582204,34.3286281829678,31.8436,32.13524003444,0.860288874298165,1.52225940484547
"14288316","2015-08-26",36.2507804096278,0,1.59131966862939e-15,0.217086834733894,33.9527890598221,30.6275442735111,32.2901666666666,0.05286499825394,34.2481834820495,31.8288,31.9185413631813,0.387178153086776,1.29524315449373
"14288315","2015-08-27",35.0230341838453,0.225903614457832,0.0753012048192788,0.0927941457707582,33.9429517350161,30.6527149316504,32.2978333333333,0.2352267576074,44.7125612730176,31.8568,31.8307358480905,0.198473983984271,1.07588932039184
"14288314","2015-08-28",34.3244808239256,0.126506024096385,0.117469879518074,0.0642570281124499,33.9691847612497,30.5611485720835,32.2651666666666,0.18745441434787,41.5771284127599,31.8724,31.7106377350118,-0.035010028626381,0.853709450588196
"14288313","2015-08-31",34.0472785891679,0.0361445783132523,0.129518072289158,0.107429718875502,34.0207857367442,30.4112142632557,32.2159999999999,0.121561725530886,38.9061049126634,31.8684,31.5665527036769,-0.294101927870516,0.624147174896454
"14288312","2015-09-01",34.6171450159233,0,0.0542168674698807,0.100401606425703,34.153030681898,30.1296359847686,32.1413333333333,-0.00488045201794068,32.846247624314,31.8204,31.3350123431866,-0.698529107448631,0.359611918427437
"14288311","2015-09-02",35.1463066979104,0.0100000000000007,0.0153815261044193,0.0663721552878178,34.263510781322,29.8551558853445,32.0593333333333,0.0426865468931559,33.4047723940977,31.7748,31.1396773640951,-1.00009129786632,0.0876712751686847
"14288310","2015-09-03",35.4219644233778,0.0600000000000005,0.0233333333333353,0.0309772423025436,34.3297568009879,29.6419098656786,31.9858333333333,0.120472534359909,36.2593592762289,31.7324,30.9970537155491,-1.17555889131696,-0.164974758128445
"14288309","2015-09-04",36.1520976823093,0,0.0233333333333353,0.0206827309236952,34.4087340974254,29.3322659025745,31.8704999999999,0.0816317069636179,32.6428907131035,31.6464,30.8094465534759,-1.42539402827232,-0.41705861215722
"14288308","2015-09-08",36.8953268492594,0,0.0200000000000018,0.0222222222222227,34.4309572836127,29.0310427163872,31.7309999999999,0.114006238916433,32.1394543813268,31.5592,30.6375203463457,-1.62541150463438,-0.658729190652652
"14288307","2015-09-09",37.7461858049301,0,1.60982338570648e-15,0.0144444444444448,34.4136351446452,28.7553648553547,31.5845,0.146328901881148,30.8933442365135,31.474,30.465850966833,-1.81021409746217,-0.889026172014555
"14288306","2015-09-10",38.5362691209101,0.0121359223300964,0.00404530744336708,0.00801510248112201,34.3302019603452,28.5154647063213,31.4228333333333,0.176196317893757,31.7317275224382,31.3868,30.3237375045886,-1.92325288420455,-1.09587151445255
"14288305","2015-09-11",39.4872455832788,0,0.00404530744336708,0.00269687162891045,34.1956556568073,28.2893443431926,31.2424999999999,0.178451309823643,30.0067664729354,31.296,30.1712391706434,-2.04972181477725,-1.28664157451749
"14288304","2015-09-14",39.1892520642338,0.182142857142858,0.064759593157653,0.0242834026814609,33.9642356650523,28.193097668281,31.0786666666666,0.282480797715186,38.3706053372224,31.2116,30.107073947891,-1.99160738859047,-1.42763473733209
"14288303","2015-09-15",38.832259187757,0.193798449612403,0.125313768918422,0.0647062231731458,33.6235274853309,28.1751391813357,30.8993333333333,0.303122206638601,38.2740295415662,31.106,30.0501307548389,-1.92645235482483,-1.52739826083064
"14288302","2015-09-16",37.61846910866,0.356589147286822,0.244176818014029,0.144750060030033,33.2287577268952,28.2542422731047,30.7415,0.395165668929104,44.582845264431,31.0156,30.056779987527,-1.74201870517187,-1.57032234969888
"14288301","2015-09-17",35.0514490925616,0.42578125,0.325389615633077,0.231626734188508,32.7884619648943,28.4175380351056,30.603,0.490162263015629,46.9464699436075,30.9256,30.0852093225234,-1.53246456115274,-1.56275079198965
"14288300","2015-09-18",32.5950952247752,0.701421800947868,0.494597399411565,0.354721277686222,32.2489954904114,28.7010045095886,30.475,0.605693617043266,52.0040129898117,30.8408,30.1618480795203,-1.24743426568203,-1.49968748672813
"14288299","2015-09-21",30.5230396043222,0.847222222222223,0.658141757723365,0.492709590922668,31.7269854682668,29.0260145317331,30.3765,0.775271381096091,56.0529681813097,30.764,30.2749350022509,-0.917703828869532,-1.38329075515641
"14288298","2015-09-22",28.5277520909524,0.74537037037037,0.764671464513489,0.639136873882805,31.6004447821644,29.0872218845022,30.3438333333333,0.749148878616849,53.0249555898434,30.6644,30.3436103352841,-0.707186847227792,-1.24806997357069
"14288297","2015-09-23",26.6749851142519,0.777777777777778,0.790123456790125,0.737645559675658,31.5948392643201,29.0891607356798,30.342,0.750630714523795,53.8786860482664,30.5672,30.4124622905796,-0.515978581777854,-1.10165169521212
"14288296","2015-09-24",25.5969437895997,0.690476190476191,0.737874779541448,0.764223233615019,31.6515968885809,29.0700697780856,30.3608333333333,0.817318638001652,54.6396565197461,30.4776,30.480133985169,-0.344762687792166,-0.950273893728129
"14288295","2015-09-25",25.3715613992157,0.746666666666667,0.738306878306881,0.755435038212817,31.708379467018,29.0379538663152,30.3731666666666,0.986876199181335,60.4899440978536,30.4064,30.6054494538131,-0.0765137833593776,-0.775521871654379
"14288294","2015-09-28",25.2375665090759,0.862295081967214,0.766479313036692,0.747553656961672,31.8727604469086,28.9485728864247,30.4106666666666,1.02641402149958,64.351974163279,30.3628,30.7660561933047,0.2348153909977,-0.573454419123963
"14288293","2015-09-29",25.2381799408084,0.87220447284345,0.827055407159112,0.777280532834227,32.0883553081875,28.8523113584791,30.4703333333333,0.98608734134831,65.2888816070365,30.3912,30.9185820341974,0.500432053818001,-0.35867712453557
"14288292","2015-09-30",26.0716320228507,0.831099195710457,0.855199583507042,0.816244767900947,32.4199599412951,28.7587067253715,30.5893333333333,1.01913007775597,68.5793846659992,30.4616,31.1001044296378,0.796314257881314,-0.127678848052193
"14288291","2015-10-01",26.956316984656,0.765060240963855,0.822787969839256,0.835014320168468,32.6979029909488,28.7244303423845,30.7111666666666,0.945160566028427,67.4625455252551,30.53,31.2494238390194,1.00186644494424,0.0982302105470941
"14288290","2015-10-02",27.9276600911259,0.828488372093024,0.80821593625578,0.828734496534025,32.9924302751893,28.6819030581439,30.8371666666666,0.938345451695163,70.1659120646747,30.5808,31.4201673271501,1.22870258964416,0.324324686366507
"14288289","2015-10-05",29.3130697399433,0.843023255813954,0.812190622956946,0.814398176350659,33.3298716785573,28.6877949881093,31.0088333333333,0.967714519050138,73.7296666690991,30.6636,31.6308116835301,1.50894434169895,0.561248617432995
"14288288","2015-10-06",30.3010209588094,0.804281345565749,0.825264324490911,0.815223627901211,33.5838862905221,28.7791137094778,31.1815,0.899290490369693,71.7654153471252,30.7544,31.8000367923928,1.68358346617041,0.785715587180479
"14288287","2015-10-07",30.0803363139915,0.635416666666668,0.760907089348792,0.799454012265548,33.7106237909076,28.965042875759,31.3378333333333,0.789146195418683,64.2120598440364,30.8608,31.8920318867404,1.69721422211562,0.968015314167507
"14288286","2015-10-08",29.718768668508,0.596363636363637,0.678687216198686,0.754952876679462,33.7825653924578,29.2054346075421,31.494,0.755473000069614,63.1643314738883,30.9632,31.9637609685083,1.67299402529071,1.10901105639215
"14288285","2015-10-09",29.4322868158407,0.77090909090909,0.667563131313133,0.702385812286869,33.8279723382424,29.5250276617576,31.6765,0.806030737631779,67.7042874665905,31.0768,32.0899261727072,1.75368269848168,1.23794538481005
"14288284","2015-10-12",29.6876324990888,0.809701492537314,0.725658073270015,0.69063614026061,33.9140896265255,29.7749103734744,31.8445,0.823453818132299,68.74151885476,31.2144,32.2152693496796,1.82543952582281,1.35544421301261
"14288283","2015-10-13",30.0444104217152,0.852830188679245,0.811146924041885,0.734789376208343,33.9621359586517,30.0751973746816,32.0186666666666,0.832223755389111,70.0369418827697,31.3608,32.3439001030557,1.89664717445048,1.46368480530018
"14288282","2015-10-14",30.7244848047815,0.824267782426778,0.828933154547781,0.788579383953226,34.048917916089,30.3194154172443,32.1841666666666,0.860861357178412,71.7990028272981,31.5224,32.4833800893149,1.98109648214624,1.56716714066939
"14288281","2015-10-15",31.976010807396,0.732,0.803032657035343,0.814370911875001,34.1944657886811,30.5042008779855,32.3493333333333,0.910268649172579,73.7761400092263,31.692,32.6375960774063,2.08427765817811,1.67058924417114
"14288280","2015-10-16",33.3936434138609,0.859848484848486,0.805372089091756,0.812445966891625,34.419177318486,30.6248226815139,32.5219999999999,0.969469383798802,77.453163384622,31.892,32.8432499337521,2.27063001378145,1.7905973980932
"14288279","2015-10-19",34.1668994391029,0.76824034334764,0.786696276065377,0.79836700739749,34.5845899030869,30.763410096913,32.6739999999999,0.888885128514265,73.9382951359388,32.0648,32.9988166092518,2.34703751320708,1.90188542111598
"14288278","2015-10-20",34.8849228911134,0.772532188841204,0.800207005679112,0.79742512361208,34.6799855205979,30.987014479402,32.8334999999999,0.859195884615038,74.0130022159198,32.2384,33.1349743946849,2.38085047272723,1.99767843143823
"14288277","2015-10-21",35.7211047227844,0.813084112149533,0.784618881446128,0.790507387730204,34.7425653645031,31.2577679688301,33.0001666666666,0.873957656271456,75.1630936825645,32.4012,33.2729778087269,2.41471666133029,2.08108607741664
"14288276","2015-10-22",36.9163221872041,0.746987951807228,0.777534750932657,0.787453546019298,34.8132938289977,31.5190395043355,33.1661666666666,0.904896890731157,76.0753088361595,32.562,33.4085807675633,2.44091280572813,2.15305142307894
"14288275","2015-10-23",37.2096327684009,0.650602409638553,0.73689149119844,0.76634837452574,34.8580339588087,31.7332993745245,33.2956666666666,0.809679635362811,70.4983978876231,32.6976,33.4941033318882,2.37529157269381,2.19749945300191
"14288274","2015-10-26",36.9980371533594,0.590361445783132,0.662650602409639,0.725692281513577,34.8655324475988,31.9351342190678,33.4003333333333,0.719424102069015,67.1834479426452,32.8132,33.5482228876365,2.26061376230093,2.21012231486172
"14288273","2015-10-27",36.833734152474,0.65863453815261,0.633199464524767,0.677580519377614,34.8664834884428,32.1461831782238,33.5063333333333,0.741517452147466,68.9645861280257,32.9444,33.6177931692849,2.18497422828012,2.2050926975454
"14288272","2015-10-28",34.2037580572756,0.109452736318411,0.452816240084719,0.582888769006374,34.8384000765243,32.2829332568089,33.5606666666666,0.506261086967209,52.1196381839465,33.0352,33.5527540800469,1.87768574425717,2.13961130688775
"14288271","2015-10-29",32.0234761307162,0,0.256029091490342,0.447348265366608,34.7873722747082,32.416961058625,33.6021666666666,0.376744311415568,50.2901620185611,33.1184,33.4790535360407,1.58465465034248,2.0286199755787
"14288270","2015-10-30",30.539950174957,0.427083333333333,0.178845356550583,0.29589689604188,34.7958862773232,32.5397803893433,33.6678333333333,0.664959751512354,59.86094895128,33.2144,33.5245130645686,1.53231651903003,1.92935928426896
"14288269","2015-11-02",29.1623903588948,0.432291666666665,0.286458333333335,0.240444260458085,34.8274547119309,32.5948786214023,33.7111666666666,0.650274833374491,59.9621876306534,33.2952,33.5652446559594,1.47600205079546,1.83868783757426
"14288268","2015-11-03",27.8832276725514,0.463541666666667,0.440972222222224,0.302091970702046,34.8480895280003,32.6699104719996,33.7589999999999,0.636658492719726,60.6042317582572,33.3744,33.6085453684982,1.429108247419,1.75677191954321
"14288267","2015-11-04",27.1028694174447,0.661458333333334,0.519097222222224,0.41550925925926,34.8501085549457,32.8348914450541,33.8424999999999,0.766720641345177,64.4882691977154,33.454,33.6967393193651,1.46583778335216,1.698585092305
"14288266","2015-11-05",26.2428014119339,0.635416666666666,0.586805555555557,0.515625,34.7982680026505,33.0550653306827,33.9266666666666,0.740935839965156,63.5997630797382,33.534,33.7665074101164,1.46551181630106,1.65197043710421
"14288265","2015-11-06",26.0424827578183,0,0.432291666666669,0.512731481481482,34.7817225691038,33.0822774308961,33.9319999999999,0.0104284443819121,44.5587555161354,33.544,33.6349730887676,1.10779695113969,1.54313573991131
"14288264","2015-11-09",26.0669997859809,0,0.211805555555557,0.410300925925926,34.8421188179009,32.9838811820989,33.9129999999999,-0.097160796491811,43.0176811454813,33.5288,33.4996433435986,0.776322155960241,1.3897730231211
"14288263","2015-11-10",25.6449837268233,0.182608695652174,0.0608695652173933,0.234988929146538,34.8572172954624,32.9527827045375,33.9049999999999,0.10355687530687,48.0926501316754,33.5344,33.4383575644521,0.607517516935974,1.23332192188407
"14288262","2015-11-11",23.9414001875889,0.367149758454109,0.18325281803543,0.151975979602792,34.8556300004634,32.9617033328698,33.9086666666666,0.338782916700139,51.8325601057895,33.57,33.4305765558585,0.549494192146871,1.09655637593663
"14288261","2015-11-12",22.5022831171916,0.338383838383839,0.296047430830042,0.180056604694287,34.8516721931195,32.9416611402137,33.8966666666666,0.356894370889933,50.7893936923001,33.6044,33.4118330150773,0.476282108754078,0.97250152250012
"14288260","2015-11-13",21.1657312908477,0.176767676767677,0.29410042453521,0.257800224466893,34.8222013032427,32.8621320300905,33.8421666666666,0.17917800562122,47.1554749530708,33.6068,33.3529219464004,0.336965142759094,0.845394246551915
"14288259","2015-11-16",19.9551651377513,0.242424242424244,0.252525252525255,0.280891035963501,34.7904644903985,32.819202176268,33.8048333333333,0.301396294550167,48.7594371631809,33.6096,33.3191990202137,0.255027296057464,0.727320856453025
"14288258","2015-11-17",19.0417407205649,0.318181818181819,0.245791245791249,0.264138974283903,34.7518653840897,32.7974679492435,33.7746666666666,0.388456668990108,50.6217904160513,33.6124,33.3099724841852,0.223857770940294,0.626628239350479
"14288257","2015-11-18",17.7346608394432,0.191919191919193,0.250841750841754,0.249719416386085,34.6937173452682,32.7489493213983,33.7213333333333,0.250784329689781,47.521705285923,33.5968,33.2686428196271,0.136932662096467,0.528689123899677
"14288256","2015-11-19",17.273730869055,0.560606060606059,0.356902356902359,0.284511784511786,34.5985754708707,32.7817578624625,33.6901666666666,0.602652021390009,55.9958731279801,33.6004,33.3301571103435,0.24228634507315,0.471408568134371
"14288255","2015-11-20",17.7037600489795,0.715596330275231,0.489373860933496,0.365705989559202,34.6217375092958,32.7709291573707,33.6963333333333,0.872990176219686,60.2563608263263,33.6004,33.4434694956311,0.42928499290773,0.462983853089043
"14288254","2015-11-23",17.4781494254991,0.516806722689077,0.597669704523457,0.481315307453103,34.6490214847055,32.7626451819611,33.7058333333333,0.779636676538308,55.9762426479467,33.594,33.4976735628803,0.491681901870056,0.468723462845246
"14288253","2015-11-24",16.6229527609074,0.361344537815125,0.53124919692648,0.539430920794477,34.5996593572259,32.7603406427739,33.6799999999999,0.481877347807443,51.5545145730587,33.5724,33.4953170878296,0.446739944230989,0.464326759122394
"14288252","2015-11-25",15.7263899540743,0.336134453781514,0.404761904761907,0.511226935403947,34.6000447173074,32.7612886160258,33.6806666666666,0.450691303428764,50.8529962103405,33.5424,33.4852748094523,0.392149315359269,0.449891270369769
"14288251","2015-11-27",14.8938673477292,0.403361344537815,0.366946778711487,0.434319293466624,34.6014417124237,32.7938916209095,33.6976666666666,0.473629131004238,52.7013065841326,33.514,33.4979048348586,0.383027468413255,0.436518509978467
"14288250","2015-11-30",14.9445510318435,0.330049261083744,0.356515019801027,0.376074567758139,34.5824484008477,32.7952182658188,33.6888333333333,0.597637118231134,53.4089208426686,33.4976,33.5168508568775,0.38577902294934,0.426370612572641
"14288249","2015-12-01",15.0363071292619,0.418719211822661,0.384043272481409,0.369168356997973,34.5758039835298,32.7965293498034,33.6861666666666,0.672635893776226,55.5570304578651,33.4944,33.5572707426272,0.426304646586262,0.426357419375365
"14288248","2015-12-02",14.1536000824711,0.059113300492613,0.269293924466341,0.336617405582925,34.5341537050131,32.7768462949868,33.6554999999999,0.379266049038377,46.2448375191289,33.4552,33.4949679769435,0.27950070398739,0.39698607629777
"14288247","2015-12-03",13.7125207901968,0,0.159277504105093,0.270871567017613,34.4468411931093,32.7221588068906,33.5844999999999,0.137904344017157,43.6541696552063,33.444,33.4089722466844,0.103862491143536,0.338361359266923
"14288246","2015-12-04",13.1779626220453,0.134883720930232,0.064665673807617,0.164412367459683,34.3275035058118,32.7428298275214,33.5351666666666,0.389461995194127,47.4826196113805,33.4496,33.3731092804598,0.0341535913811475,0.277519805689768
"14288245","2015-12-07",12.6815871801903,0.195348837209303,0.110077519379847,0.111340232430851,34.3208022408748,32.7841977591251,33.5524999999999,0.43112519546164,49.1505483920132,33.4276,33.3593613763985,0.0102075730864737,0.224057359169109
"14288244","2015-12-08",11.8848245649957,0.0465116279069774,0.12558139534884,0.100108196178767,34.2923507323928,32.8363159342738,33.5643333333333,0.139889558951021,45.3338457979032,33.3924,33.3047798595454,-0.0853093543286776,0.162184016469552
"14288243","2015-12-09",11.6632472100779,0.0418604651162774,0.0945736434108547,0.110077519379846,34.2901748771787,32.8421584561545,33.5661666666666,0.23791733678577,45.215682189429,33.3544,33.2561425449393,-0.161708171153474,0.0974055789449468
"14288242","2015-12-10",11.3303071095079,0.0093023255813935,0.0325581395348847,0.084237726098192,34.2962172589062,32.7807827410937,33.5384999999999,0.177650209060126,44.3443530689031,33.2984,33.2046568722808,-0.236661485973022,0.030592165961353
"14288241","2015-12-11",10.5577115789073,0,0.0170542635658923,0.0480620155038762,34.3291110815681,32.6575555850985,33.4933333333333,0.0373570695280011,40.7224644394384,33.2324,33.1200359559766,-0.365092545768275,-0.0485447763845726
"14288240","2015-12-14",10.197661530911,0,0.0031007751937998,0.0175710594315246,34.3875667480784,32.5314332519215,33.4594999999999,0.00281952497274519,38.3605492009359,33.2156,33.0186978285131,-0.512688721699894,-0.141373565447637
"14288239","2015-12-15",9.87447259337752,0.227272727272728,0.075757575757578,0.0319708715057557,34.388688822377,32.4879778442895,33.4383333333333,0.264123352523382,45.6368814284527,33.2232,32.990871451378,-0.514010083048633,-0.215900868967836
"14288238","2015-12-16",10.396790088644,0.5,0.242424242424245,0.107094197791873,34.3872306377241,32.4874360289425,33.4373333333333,0.552286353942807,52.8324196863517,33.2356,33.0387552578609,-0.378617636206113,-0.248444222415492
"14288237","2015-12-17",11.1343551480859,0.601010101010099,0.442760942760944,0.253647586980921,34.4157430342895,32.5085902990437,33.4621666666666,0.642184032592321,55.1976872541946,33.2424,33.1069212234795,-0.220080639609121,-0.242771505854218
"14288236","2015-12-18",11.2174764950399,0.444444444444445,0.515151515151516,0.400112233445567,34.3750888886246,32.5062444447086,33.4406666666666,0.503210540085122,50.9342219123117,33.2404,33.1246650603489,-0.168174380865127,-0.227852080856399
"14288235","2015-12-21",11.2946606029258,0.508379888268159,0.517944811240903,0.49195242305112,34.2223727848894,32.5662938817772,33.3943333333333,0.539651894932855,51.3260384784343,33.2524,33.1440430523024,-0.118378443490419,-0.205957353383203
"14288234","2015-12-22",11.122663563787,0.454022988505746,0.468949107072785,0.500681811155067,34.0863129399573,32.6193537267093,33.3528333333333,0.534424951657814,49.6191767791447,33.2544,33.1448373119954,-0.106903808959247,-0.186146644498412
"14288233","2015-12-23",11.7298788243751,0.779411764705884,0.580604880493265,0.522499599602317,34.1694277185123,32.5815722814876,33.3754999999999,0.956275793820131,59.3294970721007,33.2824,33.2521923370627,0.0955066929219539,-0.129815977014339
"14288232","2015-12-24",12.3233068063,0.844660194174757,0.692698315795465,0.58075076778717,34.2755191592647,32.5371475074019,33.4063333333333,0.960392536012535,60.8530318880352,33.3264,33.3652333587876,0.288306070805899,-0.0461915674502912
"14288231","2015-12-28",12.6881491804098,0.805825242718447,0.809965733866365,0.694422976718364,34.3467962080665,32.5122037919334,33.4294999999999,0.872744009688389,59.571311151858,33.338,33.452535577616,0.416383248863106,0.0463233958123882
"14288230","2015-12-29",13.3217592466856,0.886792452830191,0.845759296574467,0.782807782078765,34.4322836722111,32.4723829944555,33.4523333333333,0.942709508963664,61.9450849077471,33.3404,33.5575308339338,0.563854351503501,0.149829586950611
"14288229","2015-12-30",13.7072164502151,0.849056603773585,0.847224766440743,0.834316598960524,34.4819935897233,32.4496730769432,33.4658333333333,0.892408576789454,60.5527756462172,33.3528,33.637860056076,0.653437681252944,0.250551205811077
"14288228","2015-12-31",13.0964209756671,0.655660377358492,0.797169811320758,0.830051291445322,34.5307162269583,32.4529504397083,33.4918333333333,0.726926443246567,53.8700341295761,33.3636,33.6528120485992,0.618809647981844,0.324202894245231
"14288227","2016-01-04",12.5614572587563,0.476415094339622,0.660377358490568,0.768257312084022,34.5316116596682,32.5117216736651,33.5216666666666,0.517327676379698,48.5247772441492,33.3616,33.6151037754526,0.494568307947629,0.35827597698571
"14288226","2016-01-05",11.7102109758946,0.251497005988022,0.46119082589538,0.639579331902234,34.5368936630394,32.5224396702938,33.5296666666666,0.495201346518,46.6867819584213,33.3476,33.5637566053923,0.358307520869694,0.358282285762507
"14288225","2016-01-06",10.8914022873963,0.368421052631581,0.365444384319744,0.49567085623523,34.5608286732348,32.534171326765,33.5474999999999,0.626234133154785,52.375937255217,33.3476,33.57392239134,0.344850665228824,0.355595961655771
"14288224","2016-01-07",10.563677589809,0.203007518796995,0.274308525805534,0.366981245340218,34.5595742324604,32.5870924342061,33.5733333333333,0.491550407876331,49.3337857304512,33.3316,33.553399405828,0.278099370728557,0.340096643470328
"14288223","2016-01-08",10.4466264917802,0.135338345864662,0.235588972431081,0.291780627518785,34.5598043728877,32.6175289604455,33.5886666666666,0.450916676016917,48.1028804651711,33.3412,33.5236128183843,0.201213142404888,0.31231994325724
"14288222","2016-01-11",9.87259616809854,0.22556390977444,0.187969924812034,0.232622474349549,34.5571991860681,32.6788008139318,33.6179999999999,0.509937544103328,49.8978615199826,33.3652,33.513797775933,0.16722407654246,0.283300769914284
"14288221","2016-01-12",9.76138395863204,0.0827067669172929,0.147869674185467,0.190476190476193,34.5041069767764,32.8102263565568,33.6571666666666,0.409182895478586,47.1189829991059,33.37,33.4799580724753,0.0934305520499112,0.24532672634141
"14288220","2016-01-13",9.65811547841314,0.136000000000001,0.148090225563913,0.16130994152047,34.3847619361662,33.0309047305004,33.7078333333333,0.383419512284787,49.3570137687891,33.3752,33.4692969961452,0.0678894280011777,0.209839266673363
"14288219","2016-01-14",9.70033040766694,0,0.0729022556391,0.122954051796159,34.3332948579546,33.1457051420453,33.7394999999999,0.402182828707238,46.7686424026749,33.3864,33.4373907299925,0.00655051869671297,0.169181517078033
"14288218","2016-01-15",9.11793674780341,0,0.0453333333333357,0.0887752715121152,34.345211505664,33.1111218276692,33.7281666666666,0.161153744235138,43.0501926269574,33.3876,33.3750719659935,-0.103758840067036,0.114593445649019
"14288217","2016-01-19",8.577142635073,0.19205298013245,0.0640176600441519,0.0607510830055281,34.3436891013183,33.0819775653482,33.7128333333333,0.273191685652153,48.014917926541,33.4032,33.3597290371944,-0.119765547090367,0.067721647101142
"14288216","2016-01-20",9.85228459907572,0,0.0640176600441519,0.0577895511405454,34.4526384018802,32.8920282647864,33.6723333333333,-0.163629334482746,35.5762563679418,33.3876,33.2024318322351,-0.390030218417292,-0.0238287260025448
"14288215","2016-01-21",11.0363449942211,0.197309417040358,0.129787465724271,0.0859409286041906,34.4970434439689,32.7866232226977,33.6418333333333,0.0370533372525392,42.1513819676789,33.398,33.1247742546038,-0.492397364440045,-0.117542453690045
"14288214","2016-01-22",10.4250479164862,0.475336322869957,0.224215246636774,0.139340124135064,34.4980049673057,32.7979950326942,33.6479999999999,0.42862786807126,49.9092026461614,33.4152,33.1401376873233,-0.417761242169612,-0.177586211385958
"14288213","2016-01-25",9.7274417179954,0.686098654708522,0.452914798206281,0.268972503522441,34.467046454736,32.8052868785972,33.6361666666666,0.636702486887171,54.8520339646983,33.4296,33.2161193290135,-0.241490375804743,-0.190367044269715
"14288212","2016-01-26",9.21379342311026,0.663677130044843,0.608370702541109,0.428500249128053,34.4162457082738,32.8224209583927,33.6193333333333,0.657273669319943,54.2388578764702,33.434,33.2753034184784,-0.11286333425693,-0.174866302267158
"14288211","2016-01-27",8.616570192909,0.609865470852019,0.653213751868463,0.57149975087195,34.366483905877,32.8338494274562,33.6001666666666,0.584712522888806,52.7157563909455,33.446,33.3105962960146,-0.0396814442839011,-0.147829330670507
"14288210","2016-01-28",8.77184077555713,0.599156118143461,0.624232906346776,0.628605786918781,34.2885321289664,32.8714678710334,33.5799999999999,0.737580381257957,53.420079178135,33.4592,33.349183456546,0.0324042261863111,-0.111782619299143
"14288209","2016-01-29",9.83972272821797,0.781144781144782,0.663388790046756,0.646945149420664,34.4181272727047,32.7872060606285,33.6026666666666,1.18304955000367,62.4543124033582,33.5132,33.5026256623399,0.30302671670781,-0.0288207520977524
"14288208","2016-02-01",11.9111387323986,0.739795918367346,0.706698939218531,0.66477354520402,34.8061109950916,32.5448890049082,33.6754999999999,1.27148550985858,66.9085964422228,33.5584,33.7129422406945,0.647697851472029,0.106482968616204
"14288207","2016-02-02",14.2518344580995,0.760820045558087,0.760586915023407,0.710224881429563,35.2693777100866,32.3129556232466,33.7911666666666,1.20315850452713,69.8325214157654,33.6152,33.9538832752686,1.01144082640554,0.287474540174071
"14288206","2016-02-03",16.8009476093916,0.858316221765914,0.786310728563784,0.75119886093524,35.8532908366441,32.0360424966891,33.9446666666666,1.19299482185762,74.470282199087,33.7088,34.2746988385661,1.47729814641462,0.525439261422181
"14288205","2016-02-04",18.2111506015376,0.736633663366337,0.785256643563448,0.777384762383545,36.2453859575493,31.8979473757839,34.0716666666666,1.02252990443496,68.2797958047501,33.7752,34.4914056600906,1.71429038986615,0.763209487110974
"14288204","2016-02-05",19.4196832878973,0.726732673267327,0.773894186133194,0.781820519420141,36.5255589502022,31.8704410497977,34.1979999999999,0.905002273555641,67.6217966506794,33.8428,34.6725515720786,1.86642955794205,0.983853501277189
"14288203","2016-02-08",20.0711538220068,0.681188118811881,0.714851485148517,0.758000771615052,36.7318670668175,31.9031329331824,34.3174999999999,0.824274083020306,64.5406730084467,33.9176,34.7988780291347,1.90996109723147,1.16907502046805
"14288202","2016-02-09",20.8342174368453,0.678958785249458,0.695626525776224,0.728124065685977,36.9379497796277,31.9350502203721,34.4364999999999,0.815850168077699,65.4975852537255,34.0128,34.9256942919168,1.95092873284435,1.32544576294331
"14288201","2016-02-10",21.2412461810792,0.593984962406015,0.651377288822453,0.68728509991573,37.0962902638344,32.0160430694988,34.5561666666666,0.763865112999753,63.5098786824944,34.108,35.0169350529945,1.92799104932293,1.44595482021923
"14288200","2016-02-11",21.6192014435821,0.615176151761519,0.629373299805666,0.658792371468113,37.2474843235985,32.1088490097347,34.6781666666666,0.755288272704255,65.137567265718,34.1948,35.1226770459286,1.9328027279409,1.54332440176356
"14288199","2016-02-12",21.3404868022684,0.53929539295393,0.582818835707156,0.621189808111757,37.3406404087419,32.2236929245913,34.7821666666666,0.680022693123188,61.0329462508478,34.2792,35.1769867731381,1.85048959227971,1.60475743986679
"14288198","2016-02-16",21.3806354987506,0.558265582655827,0.570912375790427,0.594368170434415,37.4102059799789,32.404794020021,34.9074999999999,0.681636731190129,61.6830124419493,34.37,35.2333885367197,1.78048707727116,1.63990336734767
"14288197","2016-02-17",21.4179164311983,0.603305785123967,0.566955586911243,0.573562266136274,37.4759000673014,32.5890999326985,35.0324999999999,0.682975902848003,63.4646271806228,34.4636,35.3076033984904,1.74795322219281,1.6615133383167
"14288196","2016-02-18",22.1062040250938,0.523809523809524,0.561793630529774,0.566553864410481,37.4354050236765,32.9829283096567,35.2091666666666,0.715797497673136,64.764676476477,34.5704,35.390589612025,1.7336406700051,1.67593880465438
"14288195","2016-02-19",22.7453282194254,0.455813953488374,0.527643087473956,0.55213076830499,37.3605962043117,33.3944037956882,35.3774999999999,0.711579918523916,65.9753847222167,34.6768,35.4798443304217,1.73136011685864,1.68702306709523
"14288194","2016-02-22",21.9846796495985,0,0.326541159099301,0.47199262570101,37.2874333429166,33.6932333237499,35.4903333333333,0.581520226597734,56.9047241227706,34.7676,35.4825317530321,1.58371376485031,1.66636120664625
"14288193","2016-02-23",21.2957813897817,0.23121387283237,0.229009275440249,0.361064507337835,37.2477336472007,33.9519330194658,35.5998333333333,0.637599342685886,61.0264885791497,34.8848,35.5381941859612,1.53974765117626,1.64103849555225
"14288192","2016-02-24",19.8995931565845,0,0.0770712909441245,0.210873908494557,37.1340270337919,34.2456396328746,35.6898333333333,0.493133423401939,54.3133443301158,34.9712,35.5224349611664,1.37992147664017,1.58881509176983
"14288191","2016-02-25",18.7404691707576,0.27642276422764,0.169212212353338,0.158430926245903,36.9340143609587,34.6689856390412,35.8014999999999,0.571448689267123,57.8502611681748,35.1144,35.5541102996775,1.31529117946814,1.53411030930949
"14288190","2016-02-26",18.803200295955,0,0.0921409214092146,0.112808141568891,36.6506992885872,35.0873007114127,35.8689999999999,0.114728232373167,46.3668648832812,35.1996,35.4468955930538,1.02281757423166,1.43185176229393
"14288189","2016-02-29",19.0088537571857,0,0.0921409214092146,0.117831351723921,36.5961040328356,35.1658959671643,35.8809999999999,-0.146292910465057,45.3119111740832,35.2556,35.33930951398,0.756927726921242,1.29686695521939
"14288188","2016-03-01",19.2416837517743,0,1.33226762955019e-15,0.0614272809394758,36.6766825042284,35.0279841624381,35.8523333333333,-0.109976149775556,45.0111243652394,35.2916,35.2420682454493,0.532883474000645,1.14407025897564
"14288187","2016-03-02",20.2396639390085,0,1.33226762955019e-15,0.0307136404697381,36.8370258689661,34.7119741310338,35.7744999999999,-0.187591102176354,39.2987299645623,35.3052,35.0764591460561,0.212321117753822,0.957720430731277
"14288186","2016-03-03",20.4449793647215,0.215094339622642,0.0716981132075486,0.0238993710691827,36.7587887292814,34.6115446040518,35.6851666666666,0.0893185488450447,46.1730226618912,35.3464,35.0089312599153,0.0879113207293836,0.783758608730899
"14288185","2016-03-04",19.4335360185853,0.309433962264151,0.174842767295599,0.0821802935010486,36.6773756934798,34.5769576398534,35.6271666666666,0.288692859230103,48.9060833392653,35.3952,34.9837404252599,0.0463809857033537,0.63628308412539
"14288184","2016-03-07",18.0504208600484,0.569811320754717,0.364779874213838,0.203773584905661,36.6403706332189,34.5789627001143,35.6096666666666,0.559991360603953,55.6059721674037,35.4356,35.0539083685586,0.170651652011755,0.543156797702663
"14288183","2016-03-08",16.7660996414069,0.569811320754717,0.48301886792453,0.340880503144654,36.6243144529509,34.5763522137157,35.6003333333333,0.547038627708959,55.6059721674037,35.4528,35.1147205860841,0.265813887697752,0.487688215701681
"14288182","2016-03-09",16.4032588948467,0.769230769230769,0.636284470246735,0.494694404128367,36.6513515036009,34.567648496399,35.6094999999999,0.78338971434946,59.9331069597677,35.472,35.2327578412729,0.448190162443018,0.479788605049948
"14288181","2016-03-10",16.0663353444694,0.823076923076923,0.720706337687471,0.613336558619577,36.7062138130607,34.5521195202726,35.6291666666666,0.806780132859484,61.0997680240336,35.4632,35.3537234624365,0.616861812806646,0.507203246601288
"14288180","2016-03-11",16.0324661168126,0.862815884476534,0.818374525594743,0.725121777842982,36.7907303241584,34.5202696758415,35.6554999999999,0.879291606443435,63.1625136809195,35.4828,35.491893667445,0.797414976827349,0.5652455926465
"14288179","2016-03-14",15.5860306292147,0.790613718411551,0.82550217532167,0.788194346201294,36.8628118674162,34.5128547992504,35.6878333333333,0.781778197413443,60.4030357410017,35.4964,35.5849745117857,0.884044965132502,0.629005467143701
"14288178","2016-03-15",15.171483390731,0.790613718411551,0.81468110709988,0.819519269338763,36.9216196922929,34.5060469743737,35.7138333333333,0.757840854350228,60.4030357410017,35.5192,35.6656445768809,0.941360029973137,0.691476379709588
"14288177","2016-03-16",15.3830571318055,0.718120805369128,0.766449414064078,0.802210898828542,36.9822800359298,34.49471996407,35.7384999999999,0.773963233173516,59.647475727397,35.5348,35.7288919666301,0.964006321275712,0.745982368022813
"14288176","2016-03-17",16.5515776230306,0.755434782608696,0.754723102129793,0.778617874431249,37.1483290577341,34.4196709422658,35.7839999999999,0.974958732518829,65.5820532940112,35.5816,35.8690397044128,1.11285023062331,0.819355940542912
"14288175","2016-03-18",17.6366323648825,0.823369565217392,0.76564171773174,0.762271411308536,37.3317771177769,34.3388895488896,35.8353333333333,0.970448677937985,67.5873487842427,35.6304,36.0238344104911,1.27105621088384,0.909695994611097
"14288174","2016-03-21",18.0836041911989,0.760869565217391,0.779891304347827,0.766752041403119,37.4777183560318,34.3156149773014,35.8966666666666,0.85208631723496,63.8987751028802,35.6812,36.1273231557589,1.32859195633701,0.99347518695628
"14288173","2016-03-22",18.4986494584928,0.768488745980708,0.784242625471831,0.776591882517132,37.6131190624346,34.2842142708986,35.9486666666666,0.84385683531026,65.3168162692524,35.7356,36.2383467349911,1.3930818413296,1.07339651783094
"14288172","2016-03-23",18.3121513160579,0.667832167832167,0.732396826343423,0.76551025205436,37.7191864962115,34.3011468371217,36.0101666666666,0.760334408633023,61.5727137405642,35.7732,36.3039005036589,1.3765900350613,1.13403522127701
"14288171","2016-03-24",18.263591867284,0.631336405529956,0.689219106447611,0.735286186087621,37.82792598296,34.2984073503732,36.0631666666666,0.772038985090437,63.0599116338979,35.8112,36.3807137698377,1.38054124051303,1.18333642512422
"14288170","2016-03-28",18.4528447227085,0.668202764976959,0.655790446113028,0.69246879296802,37.9381138636901,34.3735528029765,36.1558333333333,0.770486786519992,63.8631831222722,35.8472,36.4579519338594,1.38500535223809,1.22367021054699
"14288169","2016-03-29",18.9286261202729,0.660714285714285,0.653417818740401,0.666142457100346,38.0286353205311,34.5150313461355,36.2718333333333,0.785983662545868,65.3831627391744,35.9116,36.5448916760115,1.40503855009741,1.25994387845708
"14288168","2016-03-30",19.7700978917162,0.771929824561403,0.700282291750884,0.66983018553477,38.12725117812,34.6907488218799,36.4089999999999,0.843663375599184,68.6922015923825,35.974,36.6669061192099,1.48032934522351,1.30402097181036
"14288167","2016-03-31",20.9200629101908,0.733333333333332,0.721992481203008,0.691897530564763,38.1011786131344,35.0598213868655,36.5805,0.882340266802512,69.6733796311242,36.06,36.7873186366486,1.54542301602278,1.35230138065285
"14288166","2016-04-01",22.1926196377074,0.712918660287084,0.739393939393941,0.720556237449276,38.1107612179999,35.3529054486667,36.7318333333333,0.898195829846544,70.2215810739518,36.1348,36.8996761517621,1.5909319648874,1.40002749749976
"14288165","2016-04-04",23.4771177972434,0.759259259259261,0.73517041762656,0.732185612741168,38.1523454670946,35.588321199572,36.8703333333333,0.922382897743196,71.6035700984803,36.256,37.0170526648605,1.63999410905635,1.44802081981108
"14288164","2016-04-05",22.9342275494173,0.490740740740743,0.654306220095697,0.709623525705398,38.150735385895,35.7629312807716,36.9568333333333,0.712119578366273,60.0070730825315,36.3584,37.0414456428791,1.53437150646227,1.46529095714132
"14288163","2016-04-06",21.7458529876174,0.121019108280258,0.457006369426755,0.615494335716336,38.075510994206,35.9834890057939,37.0295,0.557599776994457,55.3469186148416,36.4508,37.0252528904952,1.37385077897605,1.44700292150826
"14288162","2016-04-07",20.8486212277369,0.324840764331213,0.312200204450739,0.474504264657729,38.0737961874376,36.104870479229,37.0893333333333,0.656091889121106,59.2425798592416,36.5804,37.0538858384292,1.30134052371784,1.41787044195018
"14288161","2016-04-08",20.0582495127242,0.356687898089173,0.267515923566883,0.345574165814791,38.0699001149342,36.2234332183991,37.1466666666666,0.657056701392387,59.8322537855585,36.6892,37.0853677266386,1.240366085525,1.38236957066514
"14288160","2016-04-11",19.0038879683476,0.280254777070067,0.320594479830152,0.300103535949257,38.06742231563,36.3082443510366,37.1878333333333,0.586498733913983,57.6755384737518,36.7832,37.0966520297535,1.15258589516354,1.33641283556482
"14288159","2016-04-12",17.836591520279,0.23566878980892,0.290870488322721,0.292993630573251,38.0238278386158,36.4415054947174,37.2326666666666,0.508847754728378,56.3984352778059,36.8468,37.0970984257864,1.05561651665895,1.28025357178365
"14288158","2016-04-13",17.0163423775906,0,0.171974522292997,0.261146496815289,37.9515897955765,36.5857435377568,37.2686666666666,0.344784873270895,51.9722226191118,36.9004,37.0641519690149,0.91385609983321,1.20697407739356
"14288157","2016-04-14",16.25468245938,0.0689655172413805,0.101544769016768,0.188129926544161,37.8728192664162,36.727514066917,37.3001666666666,0.281572050160958,53.5428125516524,36.9384,37.0489317064795,0.813926198349701,1.12836450158479
"14288156","2016-04-15",15.5639978495201,0.0896551724137902,0.0528735632183913,0.108797618176051,37.8717779957281,36.7388886709385,37.3053333333333,0.392310751517932,54.0285089117794,36.972,37.0397408122823,0.732835530674869,1.04925870740281
"14288155","2016-04-18",15.4000732877832,0.337931034482761,0.165517241379312,0.106645191204822,37.8888957508935,36.7464375824397,37.3176666666666,0.650844326813846,59.5003018084715,37.01,37.0797753706446,0.738455690458806,0.987098104014005
"14288154","2016-04-19",15.5433434710337,0.441379310344829,0.289655172413795,0.169348659003831,37.9175288191212,36.7801378475454,37.3488333333333,0.75013386523183,61.5536814983379,37.062,37.134471987892,0.76655071031666,0.942988625274536
"14288153","2016-04-20",14.526770948994,0.110344827586205,0.296551724137933,0.250574712643678,37.9160390735904,36.8012942597428,37.3586666666666,0.438401447745146,52.3984276234143,37.0948,37.1178757228397,0.676590542726441,0.889709008764917
"14288152","2016-04-21",15.2557877927907,0,0.183908045977012,0.256704980842912,37.9946736444524,36.6769930222141,37.3358333333333,-0.177326496980663,40.6088183986359,37.0948,36.9874922931278,0.411040045377842,0.793975216087502
"14288151","2016-04-22",15.9327320048876,0.0702702702702716,0.0602050326188265,0.180221600911256,38.0750817091369,36.5315849575296,37.3033333333333,-0.102527993033688,42.6840447500089,37.0744,36.8918266540441,0.225915028579848,0.680363178585972
"14288150","2016-04-25",16.4499826840729,0.117977528089888,0.0627492661200542,0.10228744823863,38.1256733488775,36.4129933177891,37.2693333333333,0.0157686676557679,43.9812486626198,37.0472,36.8195831001715,0.0953641899589464,0.563363380860566
"14288149","2016-04-26",17.0565542453314,0.0786516853932587,0.0889664945844738,0.070640264441117,38.1614399060551,36.2898934272782,37.2256666666666,0.0606129248413351,43.06285625751,37.0264,36.7476386868153,-0.0233770854222382,0.446015287604006
"14288148","2016-04-27",16.2777344889015,0.179775280898876,0.125468164794009,0.0923946418328444,38.1285124112662,36.232820922067,37.1806666666666,0.241167447624136,46.1752998947022,37.0064,36.7092868619066,-0.0771551617482213,0.34138119773356
"14288147","2016-04-28",15.225632154717,0.157303370786517,0.138576779026219,0.117670479468233,38.0610517391456,36.1969482608543,37.129,0.275227070342672,45.5790297505932,36.994,36.6707152803191,-0.127166415081859,0.247671675170476
"14288146","2016-04-29",14.9926995607096,0.471910112359548,0.269662921348315,0.177902621722846,37.9763956014889,36.2222710651777,37.0993333333333,0.57829166657812,54.4476634406226,36.998,36.7119532429432,-0.0430609208712074,0.18952515596214
"14288145","2016-05-02",16.0683135367959,0.614754098360656,0.414655860502242,0.274298520292257,37.9763956014889,36.2222710651777,37.0993333333333,0.986852547992949,62.2548146523922,37.0252,36.8356928105508,0.166389521166277,0.184898029002967
"14288144","2016-05-03",17.0670979431618,0.721311475409836,0.602658562043348,0.428992447964634,38.096843106769,36.1641568932309,37.1305,0.994734561652573,64.81325404704,37.0568,36.9776004358107,0.3840582507463,0.224730073351634
"14288143","2016-05-04",18.1875864589741,0.695121951219512,0.677062508330002,0.564792310291863,38.2328478563281,36.1231521436719,37.178,0.937029849598171,63.9160222618085,37.0724,37.0939203777026,0.538619071374691,0.287507872956245
"14288142","2016-05-05",19.4719576458073,0.768939393939394,0.728457606856248,0.669392892409865,38.401297702974,36.0523689636926,37.2268333333333,0.988094841204413,67.0590063128538,37.0964,37.2373976606756,0.721502180653744,0.374306734495745
"14288141","2016-05-06",19.852123648668,0.655303030303029,0.706454791820646,0.703991635668965,38.4796334532439,36.033366546756,37.2565,0.816196077357135,61.6385466043027,37.106,37.3217446392522,0.791629250611958,0.457771237718987
"14288140","2016-05-09",20.5517155777641,0.810606060606061,0.744949494949496,0.726620631208796,38.626185639462,35.9908143605379,37.3085,0.90658407738188,65.7170806272525,37.126,37.4495120206852,0.924493247171632,0.551115639609516
"14288139","2016-05-10",21.3912304261614,0.829545454545453,0.765151515151515,0.738851933973885,38.7777395469394,35.9602604530605,37.369,0.8860424977171,66.1891823027152,37.1712,37.5669104179272,1.02789163223578,0.646470838134769
"14288138","2016-05-11",22.2305768246935,0.816733067729083,0.818961527626867,0.776354179242625,38.9174276018651,35.9612390648015,37.4393333333333,0.846391979794752,65.9934451689096,37.2272,37.6673223622035,1.09440466517536,0.736057603542888
"14288137","2016-05-12",23.4827291642904,0.796428571428571,0.814235697901037,0.799449580226472,39.0855077453087,35.9581589213579,37.5218333333333,0.876730174019506,67.933761383958,37.278,37.7796793805764,1.17360285397199,0.823566653628708
"14288136","2016-05-13",24.6454420510589,0.832142857142857,0.815101498766838,0.816099574764913,39.2405962122245,35.9584037877754,37.5995,0.846465569232297,68.9382989777452,37.3308,37.8903887964996,1.24266760201397,0.90738684330576
"14288135","2016-05-16",25.4547734749824,0.793233082706768,0.807268170426066,0.812201789031313,39.3582059774694,35.9557940225305,37.657,0.788912692824607,67.1265940857703,37.3852,37.9756702902996,1.26521486511364,0.978952447667336
"14288134","2016-05-17",24.8115342056531,0.620300751879699,0.748558897243109,0.790309522145337,39.4151577026924,35.9661756306408,37.6906666666666,0.678603421859368,57.7316650291005,37.424,37.9882475849263,1.17167699125427,1.01749735638472
"14288133","2016-05-18",23.7298598451359,0.109523809523811,0.507685881370094,0.687837649679755,39.4194643292726,35.9868690040607,37.7031666666666,0.452465510435151,45.0399093436619,37.4384,37.8844812402695,0.904376089211834,0.994873102950145
"14288132","2016-05-19",22.9188105973829,0,0.243274853801171,0.499839877471457,39.374902870307,36.1247637963596,37.7498333333333,0.38518440036678,43.7160925850313,37.4444,37.7798837415669,0.661198198107926,0.928138121981701
"14288131","2016-05-20",21.8273320827951,0.333333333333332,0.147619047619049,0.299526594263437,39.3219411878638,36.3270588121361,37.8245,0.514079573544673,52.6993424377497,37.4756,37.7772325760246,0.602394845359377,0.862989466657236
"14288130","2016-05-23",21.4128734340343,0.166666666666666,0.166666666666667,0.185853522695628,39.2451045199118,36.5235621467548,37.8843333333333,0.408997681201139,48.5287033060009,37.4792,37.7309348992214,0.479735456186603,0.78633866456311
"14288129","2016-05-24",20.7895043567445,0.207070707070706,0.235690235690236,0.18332531665865,39.1338814828491,36.7667851838175,37.9503333333333,0.404101915881983,49.5706406384505,37.48,37.7014769126585,0.395065949991169,0.708084121648722
"14288128","2016-05-25",20.2106616421183,0.282828282828281,0.218855218855218,0.207070707070706,39.042871435527,36.9694618978063,38.0061666666666,0.403781671507461,51.5510142680854,37.506,37.6959466576374,0.355977215897418,0.637662740498461
"14288127","2016-05-26",18.9724091868041,0.414141414141415,0.301346801346801,0.251964085297417,38.9273021440594,37.2280311892739,38.0776666666666,0.536682397917659,54.8599795280533,37.5772,37.7258204366191,0.376307378677421,0.585391668134253
"14288126","2016-05-27",18.0712815577002,0.621212121212121,0.43939393939394,0.319865319865319,38.9091144013419,37.3678855986581,38.1385,0.704274234159862,59.5514178683207,37.6596,37.8063777117365,0.474457052004018,0.563204744908206
"14288125","2016-05-31",17.4831307128418,0.606060606060605,0.547138047138048,0.429292929292929,38.9434145581441,37.3855854418558,38.1645,0.698245962990596,59.0676731840435,37.7376,37.8721940168383,0.539325604097507,0.558428916746066
"14288124","2016-06-01",16.9369906426161,0.676767676767676,0.634680134680135,0.54040404040404,38.9823891664531,37.3922775002135,38.1873333333333,0.723883647644655,60.6731524406267,37.824,37.9479014812599,0.61320961178748,0.569385055754349
"14288123","2016-06-02",15.8552549956612,0.592592592592591,0.625140291806958,0.602319491208379,38.9968624698424,37.4028041968242,38.1998333333333,0.594204000699656,56.8965315876518,37.8944,37.9841812837586,0.617665999465578,0.579041244496595
"14288122","2016-06-03",16.4294411397925,0.771551724137931,0.680303997832734,0.646708141439941,39.1146749194841,37.3543250805158,38.2345,0.972728004539392,64.2041562842278,37.9932,38.1049571125908,0.75437920309871,0.614108836217018
"14288121","2016-06-06",17.1205419371179,0.801652892561982,0.721932403097502,0.675792230912397,39.2620680517326,37.3239319482673,38.293,0.967975390571573,65.6098765047244,38.0756,38.2296294975787,0.883511998625619,0.667989468698738
"14288120","2016-06-07",17.7622783917772,0.847107438016527,0.806770684905481,0.736335695278571,39.3953137994416,37.279352867225,38.3373333333333,0.939201555748883,66.6443556334995,38.136,38.3523455645682,0.996762026787823,0.733743980316555
"14288119","2016-06-08",17.1722856109326,0.661157024793389,0.769972451790633,0.766225179931205,39.4267471252063,37.2792528747936,38.353,0.694179798115828,58.8458982046538,38.168,38.3986994892924,0.980126200695119,0.783020424392268
"14288118","2016-06-09",17.3318170216851,0.688995215311003,0.732419892706974,0.769721009801029,39.4916621043854,37.2693378956146,38.3805,0.784761931151072,60.7160693792145,38.2088,38.4615395573868,0.991022851702983,0.824620909854411
"14288117","2016-06-10",17.7136078508473,0.813397129186603,0.721183123096999,0.741191822531534,39.5720210209387,37.2423123123945,38.4071666666666,0.854622302623816,63.4516242034654,38.2472,38.5506676164019,1.04181120302911,0.86805896848935
"14288116","2016-06-13",17.0522864249313,0.597014925373134,0.699802423290247,0.717801813031406,39.6007202469525,37.2366130863807,38.4186666666666,0.731799983156222,56.5955797254197,38.2808,38.5719119342149,0.982617407010533,0.890970656193587
"14288115","2016-06-14",15.9626915056333,0.446236559139786,0.618882871233175,0.679956139206806,39.6031088989043,37.2368911010956,38.42,0.604245123544898,53.3441402319211,38.2892,38.5609903429863,0.879545894811073,0.888685703917084
"14288114","2016-06-15",15.1155767692427,0.506249999999997,0.51650049483764,0.611728596453687,39.6438887599178,37.2507779067488,38.4473333333333,0.669653653721216,56.2940388047104,38.3052,38.5835249639214,0.838397068818764,0.87862797689742
"14288113","2016-06-16",14.0573120778255,0.299999999999999,0.417495519713262,0.517626295261358,39.6357431730633,37.3805901602699,38.5081666666666,0.610192079468797,54.4405990669344,38.3168,38.5870549687319,0.771771805090204,0.857256742535977
"14288112","2016-06-17",13.3442132597112,0.484615384615385,0.430288461538461,0.454761492029787,39.6023694925974,37.5719638407359,38.5871666666666,0.681983338975278,57.4574526420634,38.3304,38.6221143062343,0.760344932617585,0.837874380552299
"14288111","2016-06-20",13.9213835237978,0.53125,0.438621794871796,0.428801925374505,39.6663619662539,37.6533047004128,38.6598333333333,0.827942318317936,60.0677846803727,38.3488,38.6818323987364,0.788006845274647,0.827900873496768
"14288110","2016-06-21",14.6206272433517,0.717647058823528,0.577837481146305,0.482249245852186,39.7285471538147,37.7874528461853,38.758,0.933775935919543,64.0616558577226,38.3852,38.7829214122382,0.876603558170186,0.837641410431452
"14288109","2016-06-22",14.8480664171713,0.552447552447552,0.600448203757027,0.538969159925042,39.7409605744436,37.950706092223,38.8458333333333,0.854232693153248,61.210634494244,38.4336,38.8491985572731,0.902721766857106,0.850657481716583
"14288108","2016-06-23",14.7719875417759,0.475524475524475,0.581873028931852,0.586719571278394,39.6953954279686,38.1439379053647,38.9196666666666,0.734403237838126,59.2580621118201,38.512,38.89197208297,0.890118905801973,0.858549766533661
"14288107","2016-06-24",16.185203623462,0,0.342657342657343,0.508326191782073,39.8319075856618,37.9407590810048,38.8863333333333,-0.247165014550881,35.0601365607654,38.5064,38.6343758052407,0.415520234738964,0.769943860174722
"14288106","2016-06-27",18.0292196399857,0,0.158508158508159,0.361012843365784,40.1675651925726,37.4171014740941,38.7923333333333,-0.306773048883359,31.2097441001006,38.4496,38.3284590312086,-0.092168317129171,0.597521424713943
"14288105","2016-06-28",19.7496896700586,0,8.51170985545953e-16,0.167055167055167,40.3867428068769,37.0029238597897,38.6948333333333,-0.141730551768786,31.1503221457809,38.4056,38.0619978270475,-0.494208585369249,0.379175422697305
"14288104","2016-06-29",21.0136808737031,0.083565459610029,0.0278551532033438,0.0621211039038338,40.4939927225761,36.7190072774239,38.6065,0.0152740692859747,35.1400153678308,38.3704,37.8710647834411,-0.742817607329649,0.154776816691914
"14288103","2016-06-30",20.8064870824822,0.203342618384402,0.0956360259981445,0.0411637264004955,40.5229605095804,36.5860394904195,38.5545,0.183890026255793,40.4652641942909,38.3464,37.7629228123157,-0.839470894712957,-0.0440727255890601
"14288102","2016-07-01",20.4949134230788,0.264623955431755,0.183844011142063,0.10244506344785,40.4821815589327,36.4681517744006,38.4751666666666,0.252077906720705,43.0419251379027,38.3208,37.6985331040069,-0.859474870723764,-0.207153154616001
"14288101","2016-07-05",20.2055950250615,0.317548746518106,0.261838440111422,0.180439492417209,40.4090144067281,36.3773189266051,38.3931666666666,0.293345834085363,45.245960764092,38.2864,37.6680620234727,-0.825236007258046,-0.33076972514441
"14288100","2016-07-06",20.6932439873712,0.144846796657382,0.242339832869082,0.229340761374188,40.3319398991768,36.2407267674898,38.2863333333333,0.217361746720718,39.8297708087033,38.2284,37.5589870870096,-0.920788324501631,-0.448773445015854
"14288099","2016-07-07",21.1460608809446,0.164345403899722,0.208913649025071,0.237697307335191,40.2991224231013,36.105210910232,38.2021666666666,0.234019185531934,40.69297050497,38.1676,37.4737888087417,-0.970778218331558,-0.553174399678995
"14288098","2016-07-08",21.8691035842657,0.0919220055710301,0.133704735376046,0.194986072423399,40.2299144889425,35.9664188443908,38.0981666666666,0.226789134915183,38.4845776700278,38.1052,37.3652836342428,-1.05480699655087,-0.65350091905337
"14288097","2016-07-11",22.1308421632325,0.231197771587743,0.162488393686166,0.168368926029093,40.0930759156866,35.9129240843133,38.003,0.33900106332289,44.6999068939937,38.036,37.3379124830104,-1.0021205785455,-0.723224850951796
"14288096","2016-07-12",22.373885129416,0.259154929577465,0.19409156891208,0.163428232658096,39.9815877870663,35.866745546267,37.9241666666666,0.370185383689736,45.762188050014,37.9644,37.326190818609,-0.930215581150318,-0.7646229969915
"14288095","2016-07-13",22.6557100713581,0.276729559748428,0.255694086971213,0.204091349856485,39.9007335646826,35.8135997686507,37.8571666666666,0.370202438560975,45.3452727827523,37.8868,37.3106987094612,-0.871849447008211,-0.786068286994842
"14288094","2016-07-14",23.1325681187111,0.336405529953919,0.290763339759938,0.24684966521441,39.7839538336183,35.7617128330483,37.7728333333333,0.349296283693411,43.7361202121527,37.8212,37.2772722148663,-0.848324009180668,-0.798519431432007
"14288093","2016-07-15",23.7193009334762,0.406451612903226,0.339862234201859,0.295439886977669,39.6689186419457,35.7067480247209,37.6878333333333,0.340701795141595,42.649512702161,37.7448,37.2349692528842,-0.841739889069559,-0.807163522959518
"14288092","2016-07-18",23.7469043011021,0.541935483870968,0.428264208909372,0.352963260957055,39.5031402287433,35.7028597712566,37.603,0.409743503450057,45.7004458366613,37.6664,37.2263066858329,-0.78205507844451,-0.802141834056516
"14288091","2016-07-19",23.9367963563094,0.351999999999998,0.433462365591399,0.400529602900876,39.2312888562983,35.7613778103683,37.4963333333333,0.410756597916291,44.4867995569822,37.6008,37.2054657943886,-0.74783887399249,-0.791281242043711
"14288090","2016-07-20",24.3894089513102,0.19672131147541,0.36355226511546,0.408426279872076,38.8178220580471,35.9181779419528,37.368,0.384583537404095,42.4241817106618,37.5372,37.1647370218034,-0.749044542303079,-0.782833902095585
"14288089","2016-07-21",25.1351636720429,0.024590163934427,0.191103825136613,0.32937281861449,38.3294428632727,36.1432238033938,37.2363333333333,0.321762295545894,39.959490016344,37.4556,37.1014387522296,-0.786722909975113,-0.78361170367149
"14288088","2016-07-22",24.2603423490338,0.425925925925925,0.215745800445255,0.256800630232442,37.7043561851055,36.5726438148944,37.1385,0.666267217377502,46.7777868110199,37.396,37.1039135852657,-0.714932112905808,-0.769875785518354
"14288087","2016-07-25",23.4480082633826,0.546296296296297,0.33227079538555,0.246373473655805,37.6923778623385,36.5769554709947,37.1346666666666,0.734888596493381,48.6754378917704,37.332,37.1233917738969,-0.622580938896622,-0.740416816194008
"14288086","2016-07-26",23.2302633468734,0.27777777777778,0.416666666666668,0.321561087499157,37.6603053489336,36.6706946510663,37.1655,0.524757210136106,44.8350066065432,37.2476,37.101606204044,-0.60545761661136,-0.713424976277478
"14288085","2016-07-27",23.3541691098947,0.101851851851857,0.308641975308646,0.352526479120287,37.59850742835,36.7758259049833,37.1871666666666,0.219818674112579,42.4707204138762,37.1408,37.0573920435048,-0.626080954807562,-0.695956171983495
"14288084","2016-07-28",23.4692244612717,0.180952380952385,0.186860670194009,0.304056437389773,37.5740116820607,36.8249883179392,37.1995,0.264804844407993,44.3019653896456,37.0448,37.0337397710375,-0.611516147622371,-0.67906816711127
"14288083","2016-07-29",22.4318453912445,0.504761904761904,0.262522045855383,0.252674897119345,37.5843030987268,36.8226969012731,37.2035,0.744877209013728,49.638141723283,36.9668,37.0585744682325,-0.519929420772647,-0.647240417843545
"14288082","2016-08-01",21.392580143502,0.700934579439252,0.462216288384515,0.303866334811301,37.5982778093165,36.8153888573501,37.2068333333333,0.934076036556383,52.7899052191934,36.986,37.1094312058015,-0.394934727492269,-0.59677927977329
"14288081","2016-08-02",21.3067406895226,0.289719626168226,0.498472036789795,0.40773679034323,37.5444965699866,36.8318367633467,37.1881666666666,0.497895208925789,46.5194238610282,37.0124,37.0948403783613,-0.387099809134062,-0.554843385645444
"14288080","2016-08-03",21.4249886051979,0.18691588785047,0.392523364485984,0.451070563220097,37.5464791279828,36.8171875386838,37.1818333333333,0.255241932556015,45.0778468287233,37.0348,37.0675283279131,-0.400238302247025,-0.52392236896576
"14288079","2016-08-04",21.5347902411821,0.158878504672899,0.211838006230533,0.367611135835436,37.5488850487189,36.8054482846144,37.1771666666666,0.252724989926049,44.6712677220046,37.044,37.0398578841914,-0.412481157645528,-0.501634126701714
"14288078","2016-08-05",22.1976278907518,0,0.115264797507791,0.239875389408102,37.5835288591788,36.7451378074878,37.1643333333333,-0.081669694211334,40.5965618021926,37.0236,36.9745434996325,-0.484280633720524,-0.498163428105476
"14288077","2016-08-08",22.401929863415,0.049586776859506,0.0694884271774694,0.13219707697193,37.5826933661052,36.6889733005614,37.1358333333333,0.0794730947384234,41.7049049670845,36.9968,36.9259376996815,-0.522262866890844,-0.50298331586255
"14288076","2016-08-09",23.8002953952447,0,0.0165289256198364,0.067094050101698,37.698656415611,36.441343584389,37.07,-0.292695852549229,32.8926836895853,36.9304,36.7771460063907,-0.71956760057329,-0.546300172804698
"14288075","2016-08-10",25.1362262637564,0,0.0165289256198364,0.0341820928057132,37.7913397192725,36.2079936140608,36.9996666666666,-0.181889236417016,32.6143772219891,36.8876,36.6441932055386,-0.873497872732054,-0.611739712790169
"14288074","2016-08-11",25.727592362477,0.0606060606060594,0.0202020202020209,0.0177532904805637,37.8291396528101,36.0605270138565,36.9448333333333,0.00535616784302737,34.9840510438699,36.8468,36.5449674448001,-0.95876784031067,-0.681145338294269
"14288073","2016-08-12",25.3231013488904,0.232323232323233,0.0976430976430986,0.0447913478216512,37.8249274704813,36.0000725295187,36.9125,0.224635647075103,41.2843027582314,36.83,36.5043051188267,-0.940746515733049,-0.733065573782025
"14288072","2016-08-15",26.1704965257586,0,0.0976430976430986,0.0718294051627386,37.8700107387759,35.8006559278908,36.8353333333333,-0.0405871727662591,32.6626012671771,36.7588,36.3543977696499,-1.10462420669415,-0.80737730036445
"14288071","2016-08-16",27.4309807268071,0,0.0774410774410788,0.0909090909090912,38.0039990737105,35.4550009262895,36.7295,-0.151040096548921,29.2920794687009,36.6664,36.1658114003632,-1.31865844618152,-0.909633529527864
"14288070","2016-08-17",28.9602040986504,0,1.11022302462516e-15,0.0583613916947254,38.1227694748381,35.1192305251619,36.621,-0.0851985594713559,26.7269387595157,36.5604,35.9517032136481,-1.55748432887672,-1.03920368939764
"14288069","2016-08-18",30.0411905535286,0.221875000000001,0.0739583333333346,0.0504664702581374,38.1387768311605,34.9565565021728,36.5476666666666,0.133065424153672,37.7038817976895,36.4888,35.8608094518284,-1.5707227512627,-1.14550750177065
"14288068","2016-08-19",31.356204527665,0.13,0.117291666666668,0.0637500000000004,38.1010689545873,34.7739310454127,36.4375,0.105015871736839,35.1481468060283,36.4084,35.7393681915846,-1.63522111159241,-1.243450223735
"14288067","2016-08-22",32.5772889322203,0.188888888888888,0.180254629629631,0.12383487654321,38.0138993382347,34.640767328432,36.3273333333333,0.163813928211394,36.8761292542451,36.3244,35.6501190993733,-1.64109946322778,-1.32298007163356
"14288066","2016-08-23",32.832112765541,0.259259259259258,0.192716049382717,0.163420781893004,37.9204794804457,34.5578538528875,36.2391666666666,0.258373339767239,39.6194164727053,36.252,35.5981032194569,-1.58488223094966,-1.37536050349678
"14288065","2016-08-24",33.4532560359053,0.147999999999999,0.198716049382716,0.190562242798354,37.8645423974214,34.4267909359119,36.1456666666666,0.191949807350251,36.6409709948477,36.1732,35.509022790196,-1.59718584708131,-1.41972557221368
"14288064","2016-08-25",34.0022958940167,0.256,0.221086419753087,0.204172839506172,37.7677048478222,34.3482951521778,36.058,0.269550866921934,40.5771051531836,36.1136,35.4678197515032,-1.52833068990594,-1.44144659575214
"14288063","2016-08-26",35.1272115813976,0.0273972602739704,0.143799086757991,0.187867185297931,37.5955911143009,34.276408885699,35.936,0.202938877081388,35.47825198029,36.0136,35.3547771179694,-1.58799929996534,-1.47075713659478
"14288062","2016-08-29",36.2007895469263,0.0136986301369868,0.0990319634703203,0.154639156660465,37.3580166452378,34.2339833547622,35.796,0.164109426576069,35.2316467219472,35.9072,35.2528068355735,-1.62426016846282,-1.50145774296838
"14288061","2016-08-30",37.3650519424085,0,0.0136986301369869,0.0855098934550986,37.1682256171885,34.1717743828114,35.67,0.165159465362736,33.7979958056574,35.8056,35.1417659241637,-1.6734796422203,-1.53586212281877
"14288060","2016-08-31",38.5154370783416,0,0.0045662100456634,0.0390989345509893,36.9943676320001,34.0949657013332,35.5446666666667,0.138546146736237,33.1989383576367,35.7088,35.0361971342752,-1.70973835183572,-1.57063736862216
"14288059","2016-09-01",39.4141173487964,0.0147058823529417,0.00490196078431503,0.0077222669889876,36.7729434291727,34.0703899041606,35.4216666666666,0.171298523743644,33.740977249377,35.6088,34.9487041830385,-1.71256150274719,-1.59902219544716
"14288058","2016-09-02",39.5116995084409,0.177304964539008,0.0640036156306509,0.0244905954868756,36.5758142271712,34.0751857728288,35.3255,0.271190851774451,37.7312565516992,35.504,34.9022102919667,-1.64545674522764,-1.60830910540326
"14288057","2016-09-06",38.3387117692591,0.539007092198581,0.243672646363511,0.104192740926158,36.3123951586494,34.1862715080172,35.2493333333333,0.494042365944762,45.8695294739445,35.4108,34.9299155863712,-1.45764998434887,-1.57817728119238
"14288056","2016-09-07",38.0726233820604,0.141843971631203,0.286052009456265,0.197909423816808,36.1991740243903,34.1604926422764,35.1798333333333,0.256460227500008,39.7294102894761,35.3128,34.879260174855,-1.42186303142485,-1.54691443123888
"14288055","2016-09-08",37.688982503256,0.22695035460993,0.302600472813239,0.277441709544338,36.0967242124591,34.1489424542075,35.1228333333333,0.323987809783656,41.5354327933744,35.224,34.8513588182077,-1.35036131898135,-1.50760380878737
"14288054","2016-09-09",38.5097709413907,0,0.122931442080379,0.23719464144996,36.0121272628004,34.0242060705328,35.0181666666666,-0.0239141290163253,32.3219377121948,35.094,34.6858443091133,-1.52251508278799,-1.5105860635875
"14288053","2016-09-12",39.3514232844649,0,0.0756501182033111,0.167060677698976,35.8052845585517,33.9663821081149,34.8858333333333,-0.110418458974473,31.6793922844704,34.9728,34.5303984012315,-1.66246747217511,-1.54096234530502
"14288052","2016-09-13",40.1329576030337,0.062200956937797,0.0207336523126001,0.0731050708654292,35.7363649044779,33.8473017621887,34.7918333333333,-0.00562982532662194,33.728747097622,34.8544,34.413011947734,-1.72447382327677,-1.57766464089937
"14288051","2016-09-14",40.1248701157022,0.172248803827751,0.0781499202551839,0.0581778969236975,35.7265904123733,33.75774292096,34.7421666666666,0.16198499228487,37.3115438887932,34.7772,34.3419436880361,-1.70082603900858,-1.60229692052121
"14288050","2016-09-15",39.4071105911894,0.220095693779902,0.151515151515151,0.0834662413609776,35.7176260060201,33.7037073273132,34.7106666666666,0.262982816346981,38.8592364690688,34.7052,34.2936845296313,-1.64004420099153,-1.60984637661528
"14288049","2016-09-16",37.8377447676956,0.456852791878172,0.283065763161943,0.170910278310758,35.6333654843411,33.7153011823255,34.6743333333333,0.489051461946347,45.2627385072043,34.646,34.3105265923471,-1.47149084997817,-1.58217527128786
"14288048","2016-09-19",36.1775955230048,0.695431472081217,0.457459985913098,0.297346966863397,35.6167053166172,33.7192946833828,34.668,0.673218522606479,51.1484008571522,34.592,34.3877897133675,-1.21344271304843,-1.50842875963997
"14288047","2016-09-20",34.8735707321302,0.624365482233501,0.592216582064298,0.444247443713112,35.579611604701,33.7287217286323,34.6541666666666,0.641823672706875,49.4429792127258,34.5668,34.4360844182519,-1.02993072708828,-1.41272915312963
"14288046","2016-09-21",33.0977905132739,0.624365482233501,0.648054145516074,0.565910237831156,35.5037058927256,33.7616274406077,34.6326666666666,0.708945813868204,49.4429792127259,34.5592,34.4779398291516,-0.874412312806194,-1.30506578506495
"14288045","2016-09-22",30.8627635731094,0.864978902953586,0.704569955806864,0.648280227795745,35.627564166836,33.6967691664972,34.6621666666666,1.02543123419214,58.7792034436085,34.5996,34.6235478519314,-0.553451968574292,-1.15474302176681
"14288044","2016-09-23",28.8700220930793,0.793248945147678,0.760864443444923,0.704496181589286,35.6806562067659,33.6703437932341,34.6755,0.928374545602973,56.4517193282275,34.6048,34.7270748050072,-0.335390355540011,-0.990872488521454
"14288043","2016-09-26",27.0196192901942,0.827004219409281,0.828410689170183,0.764615029473989,35.7838061832025,33.6311938167974,34.7075,0.909966984196896,57.3084236724268,34.626,34.8274648310063,-0.142763891280806,-0.821250769073324
"14288042","2016-09-27",25.9810358078063,0.669421487603306,0.763224884053423,0.784166672222842,35.8592220387567,33.6217779612432,34.7405,0.79773556057188,52.5746253060819,34.6288,34.8691361868721,-0.0682212516333935,-0.670644865585338
"14288041","2016-09-28",25.581791419212,0.537190082644628,0.677871929885739,0.756502501036448,35.8847753908688,33.6335579424645,34.7591666666666,0.624747315516953,48.5129541522876,34.6112,34.8625846952891,-0.0822014053853293,-0.552956173545337
"14288040","2016-09-29",25.3789582833732,0.495867768595041,0.567493112947659,0.66952997562894,35.895255555335,33.6564111113316,34.7758333333333,0.524194028670361,47.28360882942,34.6028,34.8435734025839,-0.115099026664955,-0.46538474416926
"14288039","2016-09-30",25.7002606130801,0.327510917030568,0.453522922756746,0.566295988530047,35.8965390093228,33.6641276573438,34.7803333333333,0.42967245939652,43.4860798835217,34.5708,34.7844302822394,-0.212896757313785,-0.414887146798165
"14288038","2016-10-03",26.8830932522156,0,0.274459561875204,0.431825199193202,35.9099204707626,33.5750795292374,34.7425,0.180563536441116,36.6507810409746,34.5344,34.6411729112742,-0.445956991745,-0.421101115787532
"14288037","2016-10-04",28.844347722598,0,0.109170305676857,0.279050930102935,35.9685982684839,33.309401731516,34.639,-0.0536760118573597,29.664434201023,34.4608,34.3890165231043,-0.846903755828887,-0.506261643795803
"14288036","2016-10-05",30.945423647699,0,8.14163551391781e-16,0.127876622517353,36.1398865482197,32.9264467851136,34.5331666666666,-0.111961058855882,27.3270351390485,34.378,34.117147653357,-1.24809533082578,-0.654628381201799
"14288035","2016-10-06",32.8964227210071,0.0111420612813368,0.00371402042711309,0.0376281087013225,36.2483971077319,32.5896028922681,34.419,-0.0254007796362626,27.9385185306756,34.2996,33.8868612995761,-1.54255343270239,-0.832213391501917
"14288034","2016-10-07",33.3908944745236,0,0.00371402042711309,0.00247601361807459,36.3552360938033,32.3317639061966,34.3435,0.0335289407207938,26.1052502124726,34.2076,33.6459464596326,-1.83219575070686,-1.0322098633429
"14288033","2016-10-10",33.8500468170747,0.0466321243523315,0.0192580618778903,0.00889536757737108,36.4516587280188,32.0953412719812,34.2735,0.0615180284854414,29.017762971231,34.114,33.4611535983483,-1.99851180211527,-1.22547025109738
"14288032","2016-10-11",34.424559067718,0.0103626943005179,0.018998272884284,0.013990118396428,36.5359203091403,31.855413024193,34.1956666666666,0.0907138799190608,28.0903945425979,33.9944,33.2823331185685,-2.14178500404005,-1.40873320168591
"14288031","2016-10-12",34.6708322815073,0.0699481865284982,0.04231433506045,0.0268568899408737,36.5737324510972,31.6569342155694,34.1153333333333,0.165364886961503,31.9387298983058,33.9064,33.1580220360927,-2.17620484829858,-1.56222753100845
"14288030","2016-10-13",33.3172516321793,0.0751295336787563,0.0518134715025916,0.0377086931491075,36.5713203440074,31.5073463226592,34.0393333333333,0.238150315461735,32.2781220852719,33.8144,33.0529524312803,-2.17466465246794,-1.68471495530034
"14288029","2016-10-14",32.0603553149462,0.186528497409326,0.110535405872194,0.0682210708117443,36.513052312683,31.3926143539836,33.9528333333333,0.298942979427977,39.2878411183967,33.782,33.019225440443,-2.04537566644941,-1.75684709753016
"14288028","2016-10-17",30.8932373060868,0.229411764705883,0.163689931931323,0.108679603102035,36.3990988654595,31.3025678012072,33.8508333333333,0.324553867053133,40.2176887679042,33.7556,32.9979953817172,-1.90638389884562,-1.78675445779325
"14288027","2016-10-18",29.1057297738517,0.314381270903011,0.243440511006074,0.172555282936529,36.2791819044633,31.2478180955366,33.7635,0.382039935385515,42.7363433674731,33.7304,33.0009293308216,-1.73709495751055,-1.77682255773671
"14288026","2016-10-19",27.3180931300235,0.384615384615384,0.309469473408094,0.238866638781829,36.1366523904418,31.2236809428915,33.6801666666666,0.428726093687916,45.9547256856135,33.7044,33.0314720867121,-1.53385576286983,-1.72822919876333
"14288025","2016-10-20",25.3990168561011,0.485943775100402,0.3949801435396,0.315963375984588,35.8476253224337,31.2870413442329,33.5673333333333,0.467694195735119,46.873453325954,33.6768,33.0659424751505,-1.34259754042789,-1.65110286709625
"14288024","2016-10-21",23.873831853858,0.552083333333334,0.474214164349707,0.392887927099133,35.5498766635667,31.3597900030999,33.4548333333333,0.459865587446369,44.8220752511584,33.6256,33.0758168117971,-1.21358185982641,-1.56359866564228
"14288023","2016-10-24",22.4101150953652,0.718749999999998,0.585592369477912,0.484928892455739,35.1948782057384,31.4911217942616,33.343,0.502789960295806,46.3395076268921,33.5592,33.0963745702241,-1.0769463290391,-1.46626819832164
"14288022","2016-10-25",20.9070904740092,0.795180722891565,0.688671352074967,0.582825961967528,34.8444738172646,31.652192849402,33.2483333333333,0.58301274313503,49.1823306361104,33.5052,33.1368579608609,-0.916655097744534,-1.35634557820622
"14288021","2016-10-26",19.9106964781184,0.737704918032788,0.750545213641451,0.674936311731443,34.55712721147,31.7945394551967,33.1758333333333,0.649919822719184,49.6888735293339,33.4524,33.1759435660794,-0.773406114455533,-1.23975768545608
"14288020","2016-10-27",18.985473481934,0.793296089385476,0.775393910103277,0.738203491939898,34.294704885535,31.9376284477983,33.1161666666666,0.720824404192773,51.5941392100567,33.3712,33.2244844239355,-0.625955099213904,-1.11699716820765
"14288019","2016-10-28",18.4210081643961,0.825136612021858,0.785379206480042,0.770439443408256,34.0737237132319,32.0699429534347,33.0718333333333,0.831789458543685,53.1571755821029,33.3004,33.2785531674108,-0.481767290369339,-0.989951192639986
"14288018","2016-10-31",19.1373658539133,0.678733031674208,0.765721911027182,0.775498342536833,34.0954591024773,32.0572075641893,33.0763333333333,0.995686285207946,56.8270228455377,33.2352,33.3547460784227,-0.310773892889227,-0.854115732689834
"14288017","2016-11-01",20.4490834260991,0.574712643678161,0.692860762458077,0.747987293321766,34.2685468321017,31.9914531678982,33.13,0.987463479192586,57.1556402580462,33.1844,33.4234466012997,-0.168687876918128,-0.717030161535493
"14288016","2016-11-02",20.6657548553812,0.330275229357801,0.527906968236724,0.662163213907327,34.3225905494962,32.0524094505038,33.1875,0.733094472904191,49.985244500022,33.1324,33.436320387793,-0.138985693326321,-0.601421267893658
"14288015","2016-11-03",21.3796807241616,0.443396226415094,0.449461366483686,0.556743032392828,34.4063021770809,32.1203644895857,33.2633333333333,0.82809293276135,54.8637234206457,33.0956,33.484811002754,-0.0474402148677333,-0.490625057288473
"14288014","2016-11-04",22.0577283875167,0.505102040816325,0.426257832196408,0.467875388972272,34.4925997335701,32.2030669330965,33.3478333333333,0.853274403042422,58.1600018335931,33.08,33.5548362023868,0.0746393331453543,-0.377572179201708
"14288013","2016-11-07",22.1926462136119,0.380434782608698,0.44297768328004,0.439565627320044,34.5259864097807,32.3410135902193,33.4335,0.794359115549907,54.6787831380461,33.0852,33.5928580420685,0.128911354891548,-0.276275472383057
"14288012","2016-11-08",22.9317676453099,0.733695652173915,0.539744158532981,0.469659891336475,34.6290147952381,32.4736518714285,33.5513333333333,1.00355015452108,63.6402135732588,33.1548,33.7124769697927,0.323748194843998,-0.156270738937646
"14288011","2016-11-09",21.3347151496359,0.168478260869567,0.427536231884061,0.470086024565693,34.5688094053542,32.6545239279791,33.6116666666666,0.533955228082887,47.4676692677325,33.1988,33.677480040487,0.226468536993663,-0.0797228837513842
"14288010","2016-11-10",21.299800246224,0,0.300724637681162,0.4226683426994,34.550024992204,32.6883083411293,33.6191666666666,0.094012690976911,37.6573522698214,33.2016,33.5151493684221,-0.0874596109330272,-0.0812702291877128
"14288009","2016-11-11",21.2673792644844,0.202380952380952,0.123619737750174,0.283960202438465,34.5313441974653,32.7313224692014,33.6313333333333,0.241854967987077,44.0701620648353,33.2372,33.4424627859658,-0.211881680823622,-0.107392519514895
"14288008","2016-11-14",21.6963794428622,0.0555555555555559,0.0859788359788369,0.170107737136723,34.5540268736444,32.6893064596889,33.6216666666666,0.0396986449498853,40.7918328320952,33.2508,33.3301344145037,-0.395744716153001,-0.165062958842516
"14288007","2016-11-15",21.7435805119969,0.162698412698412,0.140211640211641,0.116603404646883,34.5647442456842,32.6615890876491,33.6131666666666,0.177815724021311,44.0619404056744,33.2808,33.2687831592365,-0.471135823498681,-0.226277531773749
"14288006","2016-11-16",22.0461595527658,0.0833333333333338,0.100529100529101,0.108906525573192,34.5842885488849,32.6013781177817,33.5928333333333,0.162364981545082,42.2025522786335,33.2936,33.1889454046717,-0.573138976424348,-0.295649820703869
"14288005","2016-11-17",22.3271258049084,0.119047619047618,0.121693121693122,0.120811287477954,34.6043961922407,32.5256038077593,33.565,0.162464288447111,43.3608504104285,33.3092,33.1317526840488,-0.625205744324808,-0.361561005428057
"14288004","2016-11-18",22.7137021042579,0.0833333333333338,0.0952380952380963,0.105820105820106,34.6255891457072,32.4570775209594,33.5413333333333,0.164285867001237,42.44479691052,33.304,33.070185659509,-0.680805592540312,-0.425409922850508
"14288003","2016-11-21",22.4443666816718,0.157894736842106,0.120091896407687,0.112341037779634,34.6300120626603,32.419321270673,33.5246666666666,0.271715398419446,44.9497357918457,33.3036,33.0408275715744,-0.67334468936443,-0.474996876153292
"14288002","2016-11-22",21.9358240461788,0.246963562753036,0.162730544309493,0.126020178651758,34.6233716647607,32.3949616685726,33.5091666666666,0.362757152473529,47.9324688510799,33.3056,33.0447172286978,-0.606729503884507,-0.501343401699535
"14288001","2016-11-23",22.0639245405732,0.0971659919028349,0.167341430499327,0.150054623738835,34.6200850506396,32.3272482826937,33.4736666666666,0.241077657613413,43.649023423523,33.2844,32.9987549315381,-0.637041865099419,-0.528483094379512
"14288000","2016-11-25",21.6547425019143,0.174089068825911,0.172739541160595,0.167603838656471,34.6020587534925,32.2896079131742,33.4458333333333,0.341798438714937,46.3027259563395,33.2684,32.9842542739997,-0.607684457533542,-0.544323367010318
"14287999","2016-11-28",20.5958820120097,0.384615384615383,0.218623481781377,0.186234817813765,34.5994416050654,32.2895583949345,33.4445,0.614940876160134,52.8474376008194,33.2792,33.0410203707997,-0.4520602486624,-0.525870743340735
"14287998","2016-11-29",19.7281449164601,0.817708333333333,0.45880426225821,0.283389095066726,34.6093890270207,32.2856109729793,33.4475,0.800874976184036,59.2281824524489,33.3112,33.1728843213598,-0.175819108302733,-0.455860416333134
"14287997","2016-11-30",18.7387310906101,0.520833333333333,0.574385683760684,0.417271142600089,34.5294775273,32.3095224726999,33.4195,0.617344718065455,52.2304448346846,33.3136,33.2111664118451,-0.0948290879629443,-0.383654150659096
"14287996","2016-12-01",18.7953384791271,0.101123595505618,0.479888420724095,0.504359455580995,34.4999334108573,32.2640665891426,33.382,0.31424057582518,45.3471277827263,33.2876,33.1536775569325,-0.193699920785606,-0.345663304684398
"14287995","2016-12-02",18.4193714011586,0.264044943820224,0.295333957553059,0.449869354012612,34.424023271402,32.2623100619313,33.3431666666666,0.450733520277626,48.4662985707932,33.2688,33.1425205493415,-0.199298082149102,-0.316390260177339
"14287994","2016-12-05",18.3475251670299,0.116959064327483,0.160709201217776,0.311977193164976,34.3080899036814,32.2629100963186,33.2855,0.362033320664119,46.4954498088853,33.2384,33.1061844760959,-0.249596758765658,-0.303031559895003
"14287993","2016-12-06",18.0828678994162,0.157894736842103,0.179632914996604,0.211892024589145,34.1943782375153,32.2772884291513,33.2358333333333,0.420452344311344,47.3031511781728,33.202,33.0840265459498,-0.269359173370187,-0.29629708259004
"14287992","2016-12-07",18.2013933038387,0.0116959064327462,0.0955165692007783,0.145286228471719,33.8712005044936,32.4197994955064,33.1455,0.282623824810382,44.7073824438955,33.1548,33.0314896731565,-0.342164904195841,-0.3054706469112
"14287991","2016-12-08",18.0552083464519,0.0233918128654966,0.0643274853801162,0.113158989859165,33.7969672647179,32.4146994019487,33.1058333333333,0.339032646281576,44.967559721733,33.1224,32.9886243834023,-0.390633202037416,-0.322503157936443
"14287990","2016-12-09",17.2621819285534,0.260355029585801,0.0984809162946823,0.0861083236251913,33.8114704111641,32.4408629221692,33.1261666666666,0.604941301202753,50.260616929823,33.0956,33.0074744656153,-0.322651345367653,-0.322532795422685
"14287989","2016-12-12",16.4469563059518,0.414201183431953,0.232649341961085,0.131819247878627,33.865984726899,32.431015273101,33.1485,0.823932563235449,53.2577509477164,33.0708,33.0584778702,-0.20294158456603,-0.298614553251354
"14287988","2016-12-13",15.9981201314988,0.692307692307691,0.45562130177515,0.262250520010305,33.991940103538,32.4277265631286,33.2098333333333,0.998759693937,58.1651682393391,33.0716,33.1653474875066,0.00618525448694562,-0.237654591703694
"14287987","2016-12-14",16.1439282907162,0.512953367875649,0.539820747871765,0.409363797202666,34.1055451130604,32.4134548869396,33.2595,0.933684517530561,55.7510647681371,33.0392,33.2339678225058,0.126275052074343,-0.164868662948087
"14287986","2016-12-15",15.9485831633675,0.430051813471505,0.545104291218283,0.513515446955065,34.1594071452322,32.4432595214344,33.3013333333333,0.767265275030175,53.6206831997961,33.042,33.2721054461717,0.180376628645429,-0.0958196046293836
"14287985","2016-12-16",16.6850475450897,0.624434389140272,0.522479856829143,0.535801631973063,34.3212607754842,32.4297392245158,33.3755,1.01343145742616,59.3684021199986,33.1064,33.3784913866821,0.352130617394253,-0.00622956022465632
"14287984","2016-12-19",17.3689073281174,0.656108597285069,0.570198266632283,0.545927471559902,34.4565231524967,32.4504768475033,33.4535,0.958530459164233,60.0470431835593,33.1532,33.4800258684578,0.498780542433686,0.0947724603070121
"14287983","2016-12-20",18.003919983786,0.773755656108597,0.68476621417798,0.592481445879801,34.6071293088113,32.4478706911887,33.5275,0.950386068654772,62.549107105374,33.2252,33.6026890859968,0.669136195675013,0.209645207380612
"14287982","2016-12-21",18.7514087345431,0.778280542986425,0.736048265460031,0.66367091542343,34.7490605705683,32.4399394294316,33.5945,0.910906693646341,62.6460013338916,33.2868,33.7103305411972,0.796549570022687,0.327026079909027
"14287981","2016-12-22",18.8891628663541,0.678733031674208,0.743589743589744,0.721468074409251,34.80857820507,32.52142179493,33.665,0.773265089011454,59.0277453273822,33.3476,33.7742864690376,0.834795449297432,0.428579953786708
"14287980","2016-12-23",18.7928252956706,0.638009049773757,0.698340874811464,0.725992961287079,34.8591906226085,32.5864760440581,33.7228333333333,0.726087929466747,57.5630271440493,33.4012,33.8177149398326,0.83379699572752,0.50962336217487
"14287979","2016-12-27",18.6256879234681,0.624434389140272,0.647058823529413,0.696329813976873,34.8983101983412,32.5930231349921,33.7456666666666,0.682623676978609,57.0548050601218,33.4572,33.8513529478549,0.816322929561286,0.570963275652154
"14287978","2016-12-28",17.7396828453673,0.488584474885845,0.583675971266626,0.6430252232025,34.8782251188895,32.5937748811104,33.736,0.595135945506367,52.2522097135217,33.4944,33.8418392214742,0.724993826864884,0.6017693858947
"14287977","2016-12-29",16.9818918968194,0.423728813559323,0.512249225861815,0.580994673552617,34.9024618018986,32.6045381981013,33.7535,0.620326019343333,53.6995015802369,33.5268,33.8469273252777,0.668746627360184,0.615164834187797
"14287976","2016-12-30",16.3467582819207,0.37086092715232,0.427724738532497,0.507883311886978,34.9076565866892,32.7113434133108,33.8095,0.62619633211977,54.7338320013764,33.5768,33.860670348574,0.633538292034053,0.618839525757048
"14287975","2017-01-03",15.2991120207874,0.188405797101448,0.327665179271031,0.42254638122178,34.9106963881711,32.7769702784955,33.8438333333333,0.537258765143064,51.7124587230043,33.6124,33.8499143020975,0.558686449200008,0.60680891044564
"14287974","2017-01-04",15.0376500731519,0.347826086956521,0.302364270403431,0.352584729402318,34.9044513345907,32.8998819987426,33.9021666666666,0.633611408966331,55.1619399530102,33.636,33.8699257284845,0.545499804852012,0.594547089326914
"14287973","2017-01-05",14.2291689508435,0.195652173913041,0.243961352657004,0.291330267443821,34.8755836883089,33.0170829783577,33.9463333333333,0.510940718625766,51.3882693976424,33.6264,33.8592689646865,0.479479893007917,0.571533650063115
"14287972","2017-01-06",14.0935373584861,0.267857142857141,0.270445134575569,0.272256919212,34.7999858033919,33.2346808632747,34.0173333333333,0.648639834133063,55.8772751649836,33.6512,33.888699769395,0.490580357824122,0.555342991615316
"14287971","2017-01-09",14.1413517113855,0.358490566037731,0.273999960935972,0.262802149389514,34.6846266092958,33.4947067240375,34.0896666666666,0.701974381898129,57.0554079321432,33.7064,33.9248731334757,0.512429496467903,0.546760292585834
"14287970","2017-01-10",13.2338323875378,0,0.208782569631625,0.251075888381054,34.5941684247506,33.6461649085827,34.1201666666666,0.246660573963409,49.2641082535456,33.7324,33.8975567156789,0.420193169717908,0.521446868012249
"14287969","2017-01-11",12.4744000471949,0.192660550458716,0.18371703883215,0.222166523133248,34.557265663424,33.727734336576,34.1425,0.400546251443629,52.591619382951,33.7748,33.9018824869217,0.392556690358492,0.495668832481497
"14287968","2017-01-12",12.4426409954633,0.49473684210526,0.229132464187993,0.207210690883921,34.57618077207,33.7431525612632,34.1596666666666,0.708476332990553,56.4039462893857,33.8248,33.9402981553322,0.427555359900089,0.482046137965216
"14287967","2017-01-13",12.385440823281,0.484210526315789,0.390535972959923,0.267795158660021,34.5873775713076,33.7616224286923,34.1745,0.63987197177388,56.2167006544853,33.8844,33.9722584012879,0.447659218433283,0.475168754058829
"14287966","2017-01-17",12.9096621062768,0.471698113207546,0.4835484938762,0.367738977008037,34.5845956042569,33.8290710624097,34.2068333333333,0.764496151038057,56.8339900174219,33.9448,34.0052906144495,0.467618118390312,0.473658626925126
"14287965","2017-01-18",13.3964390119159,0.716981132075468,0.557629923866269,0.477238130234129,34.6230563172158,33.8126103494508,34.2178333333333,0.930421455850188,60.7114258209672,33.9988,34.0685851991896,0.53873464736176,0.486673831012453
"14287964","2017-01-19",12.81454880077,0.386792452830191,0.525157232704403,0.522111883482289,34.612690391126,33.8129762755406,34.2128333333333,0.575652034672082,53.7164047555871,34.0284,34.0767738392976,0.506239115069196,0.490586887823801
"14287963","2017-01-20",12.1639976487566,0.349056603773588,0.48427672955975,0.522354628710139,34.5751913531295,33.8201419802038,34.1976666666666,0.498675583298469,52.9653236191291,34.0376,34.0785373273913,0.465642833573376,0.485598076973716
"14287962","2017-01-23",12.1094964677761,0.528301886792454,0.421383647798746,0.476939203354298,34.5457667151208,33.8348999515458,34.1903333333333,0.790255985939894,56.1049215869614,34.0616,34.1053990170724,0.472973698172519,0.483073201213477
"14287961","2017-01-24",12.156375035612,0.509433962264149,0.462264150943398,0.455974842767297,34.560011436234,33.8313218970993,34.1956666666666,0.775837636201951,55.6835705832515,34.0912,34.1260124814628,0.468599881302678,0.480178537231317
"14287960","2017-01-25",12.1999051343168,0.632075471698114,0.556603773584906,0.480083857442349,34.5925252735776,33.8231413930891,34.2078333333333,0.853746255372387,57.8969442090382,34.104,34.1612108172677,0.490151780049075,0.482173185794869
"14287959","2017-01-26",11.7983123486686,0.509433962264149,0.550314465408805,0.523060796645702,34.6154811528555,33.8255188471444,34.2205,0.7525436955127,54.9418073823069,34.1088,34.1743827082987,0.471040328386318,0.479946614313159
"14287958","2017-01-27",11.0628559250447,0.405660377358489,0.515723270440252,0.540880503144653,34.6128325945619,33.8608340721047,34.2368333333333,0.557402595055167,52.4999792135138,34.0988,34.1711316805256,0.425014979350324,0.468960287320592
"14287957","2017-01-30",10.3945202022164,0.339622641509433,0.418238993710691,0.494758909853248,34.6094065329338,33.8795934670662,34.2445,0.41618858372462,50.9481961491566,34.0856,34.1589807897888,0.367772901682906,0.448722810193055
"14287956","2017-01-31",11.0187638385204,0.424242424242425,0.389841814370117,0.441268026173685,34.6460907282468,33.8882426050864,34.2671666666666,0.860010568074744,56.3121271585289,34.092,34.184450017817,0.381767824823021,0.435331813119048
"14287955","2017-02-01",12.5437416776733,0.381679389312976,0.381848151688279,0.396642986589694,34.7369276797754,33.8900723202246,34.3135,1.13352022745015,60.2952143334952,34.1112,34.2371900154414,0.441933761965885,0.436652202888415
"14287954","2017-02-02",13.9597925283153,0.618320610687024,0.474747474747476,0.415479146935289,34.8817318247287,33.8329348419379,34.3573333333333,1.15726098057517,64.9355036449226,34.144,34.3242313467159,0.555926307567467,0.460507023824226
"14287953","2017-02-03",15.6688737251012,0.813333333333333,0.604444444444445,0.487013356960065,35.0910676865263,33.766265646807,34.4286666666666,1.22815910433764,69.9393840775828,34.2048,34.4543338338204,0.733413931106419,0.515088405280664
"14287952","2017-02-06",16.9509080320903,0.73548387096774,0.7223792716627,0.600523730284872,35.2536625523204,33.7143374476795,34.484,1.06691511366617,67.9031848133987,34.2584,34.5564226559777,0.844776043435536,0.581025932911639
"14287951","2017-02-07",18.1413684600087,0.741935483870965,0.76358422939068,0.696802648499274,35.3798372546998,33.6868294119668,34.5333333333333,0.962687362433488,68.0284863414277,34.3096,34.646232968514,0.924114304311274,0.649643607191566
"14287950","2017-02-08",19.6194240605903,0.762499999999999,0.746639784946236,0.744201095333204,35.4863875760385,33.7349457572948,34.6106666666666,0.965901859409358,68.9424815128378,34.3704,34.7334019060455,0.99133017784141,0.717980921321535
"14287949","2017-02-09",21.0304822232789,0.75925925925926,0.754564914376742,0.754929642904551,35.587826955994,33.7715063773393,34.6796666666666,0.918611858649168,69.0784781616754,34.4228,34.8102816519061,1.03452983841321,0.78129070473987
"14287948","2017-02-10",22.340750517204,0.777777777777779,0.766512345679013,0.755905681667329,35.6845447875034,33.7847885458298,34.7346666666666,0.867766480425511,69.5098256761846,34.4848,34.8809107649853,1.06307021186682,0.837646606165261
"14287947","2017-02-13",23.7883274728389,0.775757575757577,0.770931537598206,0.764002932551319,35.7744265261812,33.8142401404855,34.7943333333333,0.851497186710381,69.8121630661395,34.536,34.9447893296539,1.07755473003268,0.885628230938745
"14287946","2017-02-14",24.8734000093877,0.745454545454548,0.766329966329969,0.767924616535728,35.8464909935759,33.8448423397574,34.8456666666666,0.793591318109509,67.9968748148645,34.582,34.9934840857,1.06496661332438,0.921495907415872
"14287945","2017-02-15",24.7700353869,0.606060606060607,0.709090909090912,0.748784137673028,35.885637020652,33.8730296460147,34.8793333333333,0.679203689309592,60.2375439074416,34.6364,35.00501954094,0.990456473073054,0.935288020547309
"14287944","2017-02-16",25.0971405208252,0.769696969696972,0.70707070707071,0.727497194163862,35.9370141996985,33.9416524669682,34.9393333333333,0.767620648046278,65.250606842996,34.6932,35.0510169354814,0.982203814009264,0.9446711792397
"14287943","2017-02-17",25.5783331133857,0.687500000000002,0.687752525252528,0.701304713804715,35.9678340106055,34.0401659893944,35.004,0.752118100550675,64.924126536786,34.7392,35.0895480107505,0.962115758310023,0.948160095053764
"14287942","2017-02-21",26.7436625600816,0.588235294117646,0.681810754604875,0.692211328976036,36.0343774584327,34.1029558749006,35.0686666666666,0.821697416364743,67.3845429836755,34.7912,35.1416082759838,0.967056664057275,0.951939408854466
"14287941","2017-02-22",28.1312743280419,0.768115942028986,0.681283745382212,0.68361567507987,36.1566310109761,34.1467023223572,35.1516666666666,0.950264730845688,73.9826298404408,34.8604,35.249393839186,1.06607215753047,0.974765958589668
"14287940","2017-02-23",30.0289791273944,0.73248407643312,0.696278437526585,0.686457645837889,36.3328461655684,34.1594871677649,35.2461666666666,1.01709512071828,76.9714879263862,34.9304,35.3801413272945,1.19391616212365,1.01859599929647
"14287939","2017-02-24",32.0331071226056,0.771428571428572,0.757342863296894,0.711635015401896,36.5132509549293,34.1934157117373,35.3533333333333,1.02158876521555,78.8412587324113,35.0224,35.5201224836552,1.32438506222057,1.07975381188129
"14287938","2017-02-27",33.9337342503755,0.820224719101124,0.774712455654273,0.742777918825916,36.6521458537391,34.2911874795942,35.4716666666666,0.997679252996417,79.8121272702988,35.1204,35.6561061525012,1.43499438173542,1.15080192585211
"14287937","2017-02-28",35.8952560653445,0.772020725388602,0.787891338639434,0.773315552530199,36.7417482964057,34.4549183702609,35.5983333333333,0.989032140321297,80.0805755579584,35.212,35.777958665501,1.51093053567977,1.22282764781764
"14287936","2017-03-01",36.5304162777072,0.647668393782384,0.746637946090704,0.769747246794802,36.8025266623202,34.5938066710131,35.6981666666667,0.879631643350035,71.8492974348245,35.2948,35.8515641767676,1.49904933394704,1.27807198504352
"14287935","2017-03-02",37.2606945281302,0.753846153846152,0.72451175767238,0.753013680800838,36.9073651257231,34.6749682076102,35.7911666666667,0.911590486386289,74.4425983373245,35.3812,35.9446889531986,1.52105039947676,1.32666766793017
"14287934","2017-03-03",37.23540114742,0.676923076923076,0.692812541517205,0.721320748426762,36.9754678210672,34.7578655122661,35.8666666666667,0.811146862204091,69.7261750346623,35.4668,36.0053970927721,1.48722880790144,1.35877989592443
"14287933","2017-03-06",37.2119144367605,0.697435897435896,0.709401709401709,0.70890866953043,37.0506830025465,34.7993169974534,35.925,0.782050985296703,70.2671549436013,35.5584,36.0633441470691,1.45234529170957,1.37749297508145
"14287932","2017-03-07",37.3911542415778,0.774358974358976,0.716239316239317,0.706151189052742,37.132643830719,34.8506895026143,35.9916666666667,0.806024237528617,72.2684191133496,35.6588,36.1335649274599,1.44129085981599,1.39025255202836
"14287931","2017-03-08",34.79032688727,0.284023668639052,0.585272846811309,0.670304624150777,37.121178899942,34.9231544333913,36.0221666666666,0.456551894006055,52.6701848607376,35.7176,36.0917562704653,1.2461056609415,1.36142317381099
"14287930","2017-03-09",32.517690493531,0.36094674556213,0.47310979618672,0.591540653079114,37.117675891093,34.9886574422403,36.0531666666666,0.496946949894453,54.8942017130245,35.7724,36.0728554344032,1.10775082513257,1.31068870407531
"14287929","2017-03-10",30.7674748939643,0.374193548387099,0.339721320862762,0.466034654620263,37.1165530977676,35.062113568899,36.0893333333333,0.536019556166143,56.7462857499333,35.8192,36.0711413764828,1.01108004823538,1.25076697290732
"14287928","2017-03-13",29.387303112247,0.30578512396694,0.346975139305391,0.386602085451623,37.1161541249695,35.1471792083638,36.1316666666666,0.575335308785485,58.8944342267708,35.8548,36.0869891929518,0.952559244598761,1.19112542724561
"14287927","2017-03-14",28.1057150292239,0.34710743801653,0.342362036790191,0.343019498986113,37.1135716937645,35.2324283062354,36.173,0.572828047509971,59.7229670062656,35.8956,36.1073906338915,0.906863612681641,1.13427306433281
"14287926","2017-03-15",28.3856604726756,0.523809523809522,0.392234028597665,0.360523734897748,37.1359563275866,35.33471033908,36.2353333333333,0.746866152376761,63.5235288386943,35.9456,36.157071882706,0.913632341336257,1.0901449197335
"14287925","2017-03-16",28.6456098130236,0.611111111111115,0.494009357645723,0.409535141011192,37.1017099316938,35.5126234016395,36.3071666666666,0.732523524057192,65.1468287282077,35.9972,36.2147956316785,0.932567994384526,1.05862953466371
"14287924","2017-03-17",29.5193307484704,0.68840579710145,0.607775477340697,0.498006287861361,37.1174044332432,35.64092890009,36.3791666666666,0.861784976907764,67.681391758164,36.0556,36.2888228807881,0.97610794199674,1.04212521613031
"14287923","2017-03-20",29.9058096236735,0.608695652173909,0.636070853462159,0.579285229482858,37.0838982560544,35.8071017439455,36.4455,0.790701504230815,64.5901569256494,36.1084,36.3383131633497,0.974630662226139,1.02862630534948
"14287922","2017-03-21",31.0474788917708,0.538888888888889,0.611996779388084,0.618614370063645,37.1073036342572,35.9213630324094,36.5143333333333,0.965734398900586,66.5354416060252,36.1656,36.398538074903,0.990669337416539,1.02103491176289
"14287921","2017-03-22",32.4587843419728,0.801932367149757,0.649838969404186,0.632635534084809,37.3192540840192,35.8654125826474,36.5923333333333,1.20457015593986,74.5325789515313,36.2524,36.5427329982493,1.14238875080388,1.04530567957109
"14287920","2017-03-23",33.8440638534295,0.80281690140845,0.714546052482366,0.658793933758211,37.5140132294698,35.8006534371968,36.6573333333333,1.09104145622752,74.9988253260594,36.3504,36.6743685984827,1.25802414798437,1.08784937325375
"14287919","2017-03-24",34.9671607452055,0.784037558685446,0.796262275747885,0.720215765878145,37.6581749662966,35.76049170037,36.7093333333333,0.971100744814518,73.8342620035922,36.436,36.7831194520184,1.32469581596772,1.13521866179654
"14287918","2017-03-27",35.5542036599392,0.732394366197183,0.773082942097028,0.761297090109092,37.7720986761902,35.7375679904764,36.7548333333333,0.894112184674209,70.5881905649897,36.5176,36.8627035250826,1.33739800538397,1.17565453051403
"14287917","2017-03-28",35.9727326326488,0.699999999999999,0.738810641627544,0.769385286490818,37.8578398940685,35.7281601059314,36.7929999999999,0.822583706633654,69.6883336301715,36.5924,36.9276763884049,1.32524043583728,1.20557171157868
"14287916","2017-03-29",35.5370640072185,0.576719576719575,0.66970464763892,0.727199410454496,37.9115892700857,35.7510773965808,36.8313333333333,0.718466746602211,63.844987049171,36.6404,36.9573195366176,1.25722553343441,1.21590247594983
"14287915","2017-03-30",34.8942169643849,0.511363636363638,0.596027737694405,0.668181008986955,37.944288248761,35.7657117512389,36.8549999999999,0.650710031851921,62.1610500235141,36.6748,36.9750102650686,1.17659884073851,1.20804174890756
"14287914","2017-03-31",34.8003890606012,0.567251461988303,0.55177822502384,0.605836870119054,37.9940108475496,35.7943224857836,36.8941666666666,0.70268022556407,64.1950759254855,36.706,37.0063422297261,1.12583761840075,1.1916009228062
"14287913","2017-04-03",33.5807653057094,0.29251700680272,0.457044035051555,0.534949999256599,38.0106956235656,35.8283043764343,36.9194999999999,0.567433677100821,56.0790611490538,36.7208,36.9934965990959,1.00853775940064,1.15498829012509
"14287912","2017-04-04",32.711358503752,0.36764705882353,0.409138509204852,0.472653589760081,38.0396895668993,35.8526437664339,36.9461666666666,0.626731075594184,59.3960593097712,36.7416,37.0063637192165,0.943961191939846,1.11278287048804
"14287911","2017-04-05",32.0711597191508,0.426356589147288,0.36217355159118,0.409452031949194,38.014801902042,36.0175314312912,37.0161666666666,0.655462169269102,61.4844107518363,36.7768,37.033515223321,0.908429161511992,1.07191212869283
"14287910","2017-04-06",31.476689419164,0.465116279069766,0.419706642346862,0.397006234380964,37.9827938523017,36.1788728143649,37.0808333333333,0.643668520526331,62.3532439427393,36.8052,37.0637131935448,0.880927973426338,1.03371529763953
"14287909","2017-04-07",31.1806783206164,0.39655172413793,0.429341530784996,0.403740574907678,37.9453827170915,36.3366172829084,37.141,0.640273194507877,62.0517569231892,36.8392,37.0885514344055,0.847114145021965,0.996395067116018
"14287908","2017-04-10",29.9205979825101,0.0961538461538469,0.319273949787182,0.389440707639679,37.8842842188125,36.4817157811874,37.183,0.455082405742259,55.1585920968808,36.862,37.0780779098181,0.759314751644857,0.948979004021786
"14287907","2017-04-11",29.0639626590845,0.182692307692311,0.225132625994697,0.324582702188957,37.8039894806991,36.6526771859675,37.2283333333333,0.489866635907551,57.0839024899402,36.8824,37.0810008551757,0.701246841165637,0.899432571450556
"14287906","2017-04-12",29.0943555492968,0.310000000000002,0.196282051282054,0.24689620902131,37.7865155166435,36.7428178166897,37.2646666666666,0.636054721598333,59.5761037211795,36.9384,37.0995340744856,0.673561645467458,0.854258386253937
"14287905","2017-04-13",29.168463413221,0.560000000000002,0.35089743589744,0.257437371058063,37.7734110866103,36.8462555800563,37.3098333333333,0.791393045456688,64.2357737400804,36.9992,37.1489295312209,0.697855139686898,0.822977736940529
"14287904","2017-04-17",29.5364716240876,0.70588235294118,0.525294117647063,0.357491201608851,37.8112103067752,36.8901230265581,37.3506666666666,0.911832126531967,66.8680341624568,37.062,37.2130722603914,0.743077545369797,0.806997698626383
"14287903","2017-04-18",30.5897506942182,0.702898550724641,0.656260301221942,0.510817284922147,37.8896034521033,36.9317298812299,37.4106666666666,1.13265134191714,70.5191434079987,37.1296,37.3019959590059,0.82326213366577,0.81025058563426
"14287902","2017-04-19",30.4430575683174,0.507246376811595,0.63867576015914,0.606743393009381,37.9187955489683,36.9712044510316,37.445,0.82538648157916,62.5075559170422,37.1844,37.3430631644718,0.818674562450838,0.811935380997576
"14287901","2017-04-20",29.6055055952057,0.369565217391307,0.526570048309182,0.607168703230087,37.9131632436136,36.9718367563864,37.4425,0.631906058473337,57.552482085099,37.222,37.3533214092089,0.765094379136322,0.802567180625325
"14287900","2017-04-21",29.4354647517988,0.608695652173914,0.495169082125607,0.553471630197976,37.9512765765082,36.9543900901585,37.4528333333333,0.925157065660808,63.033607118234,37.2684,37.406211887981,0.784766233223388,0.799006991144938
"14287899","2017-04-24",29.1651634899925,0.5546875,0.510982789855075,0.510907306763287,37.9868378004489,36.9421621995511,37.4645,0.856250941772609,62.2466959463653,37.3064,37.4480503029169,0.784678036060904,0.796141200128131
"14287898","2017-04-25",29.1182398435518,0.664062500000001,0.609148550724639,0.538433474235106,38.0491266839496,36.9202066493837,37.4846666666666,0.921051375455568,64.4755053120442,37.3544,37.5029769291946,0.805319805927973,0.797976921288099
"14287897","2017-04-26",29.2991495056563,0.718750000000001,0.645833333333335,0.588654891304349,38.1267951367588,36.8985381965745,37.5126666666666,0.929334706836008,65.5699902558383,37.4,37.5599133386354,0.82699288626793,0.803780114284066
"14287896","2017-04-27",29.6019802325489,0.687022900763356,0.689945133587787,0.64830900588192,38.1978267317908,36.9018399348759,37.5498333333333,0.883362959033273,64.9542379968567,37.4172,37.6065915601506,0.830116686242266,0.809047428675706
"14287895","2017-04-28",29.8831801932349,0.748091603053437,0.717954834605599,0.684577767175573,38.2563077498833,36.9316922501166,37.594,0.856833108739805,66.3168079591729,37.4356,37.6577126854639,0.839903069731163,0.815218556886797
"14287894","2017-05-01",29.6152026579862,0.639344262295083,0.691486255370627,0.69979540785467,38.2979014477999,36.9540985522001,37.626,0.763431490703874,62.7066650883779,37.4512,37.6873509940687,0.814573916790295,0.815089628867497
"14287893","2017-05-02",28.9912553434449,0.527272727272725,0.638236197540416,0.68255909583888,38.3011114529012,37.0368885470988,37.669,0.703814268420592,60.1423966268024,37.468,37.7023708615262,0.768464149645043,0.805764533023006
"14287892","2017-05-03",28.411875694228,0.477777777777778,0.548131589115197,0.625951347342079,38.3134665744241,37.0968667589092,37.7051666666666,0.698504057719084,61.2100582075019,37.488,37.722054746656,0.7341269852289,0.791437023464185
"14287891","2017-05-04",26.73530913909,0,0.335016835016836,0.507128207224149,38.3102205605277,37.1437794394723,37.727,0.531148878993978,48.5938018471784,37.498,37.6791141137686,0.603658770324467,0.753881372836241
"14287890","2017-05-05",25.469443792149,0.697841726618704,0.391873168132162,0.425007197421397,38.432895723049,37.1381042769509,37.7855,1.05954957239122,65.2300575885653,37.5492,37.7712322319328,0.699703368805027,0.743045772029999
"14287889","2017-05-08",24.2939973985609,0.784172661870506,0.494004796163071,0.406964933104022,38.5466998447106,37.1443001552893,37.8455,1.01423761150738,66.6672199468743,37.6004,37.8670679343417,0.791829945928813,0.752802606809761
"14287888","2017-05-09",22.5743472251845,0.654676258992808,0.71223021582734,0.532702726707523,38.5718086228361,37.2498580438305,37.9108333333333,0.890206216121456,62.4944967154961,37.6564,37.9261255430962,0.816711139986559,0.765584313445121
"14287887","2017-05-10",20.9775292070494,0.683453237410074,0.707434052757797,0.637889688249402,38.5857234247114,37.3562765752886,37.971,0.865204888857813,63.0479964226144,37.7068,37.98264213735,0.835094308972595,0.779486312550616
"14287886","2017-05-11",19.8283957028292,0.618705035971222,0.652278177458036,0.69064748201439,38.598900757793,37.439099242207,38.019,0.799763935461862,60.8712791310137,37.7488,38.0196231857033,0.820927630201651,0.787774576080823
"14287885","2017-05-12",19.0152105601405,0.756944444444444,0.686367572608581,0.682026600941471,38.6672174650261,37.4734492016405,38.0703333333333,0.949277594138991,64.2665590575773,37.798,38.0823400942762,0.848545229022624,0.799928706669183
"14287884","2017-05-15",18.7388057686105,0.79874213836478,0.72479720626015,0.687814318775588,38.7722292545329,37.4731040788003,38.1226666666666,1.00341569251111,66.701737863522,37.8548,38.1606947483727,0.89790206222653,0.819523377780653
"14287883","2017-05-16",17.7354674851725,0.679245283018865,0.744977288609364,0.718714022492698,38.8344962315548,37.4708371017785,38.1526666666666,0.840260985951926,61.9060091928666,37.9136,38.203268781923,0.886387707835556,0.832896243791633
"14287882","2017-05-17",16.8731434201917,0.679245283018865,0.719077568134172,0.729617354334561,38.8815385041064,37.5107948292269,38.1961666666666,0.811631324291342,61.9060091928666,37.9688,38.2401662776666,0.867147465558182,0.839746488144943
"14287881","2017-05-18",16.3215704077705,0.666666666666667,0.675052410901467,0.713035755881667,38.8955074818968,37.6034925181032,38.2495,0.797081182563356,61.3673665861395,38.0184,38.2694774406444,0.837931808860781,0.839383552288111
"14287880","2017-05-19",15.8093954676651,0.698113207547168,0.681341719077568,0.691823899371068,38.9333983602018,37.6432683064648,38.2883333333333,0.78291721361172,62.2516481722506,38.06,38.3015471152252,0.815836464893782,0.834674134809245
"14287879","2017-05-22",16.3694897117108,0.756756756756755,0.707178876990198,0.687857668989743,39.0151734334565,37.6728265665435,38.344,0.951448142754375,66.9734918404881,38.1068,38.3680074998618,0.849440650371469,0.83762743792169
"14287878","2017-05-23",17.7113537953628,0.820276497695852,0.758382153999926,0.715634250022563,39.1792165999102,37.6437834000897,38.4115,1.08517687393047,71.9285498261039,38.1588,38.4762731665469,0.944619846270545,0.859025919591461
"14287877","2017-05-24",19.1379526163667,0.784172661870506,0.787068638774372,0.750876556588164,39.3524032271182,37.6115967728818,38.482,1.0560641147925,73.8208565121959,38.2284,38.592770077674,1.04297384486356,0.895815504645881
"14287876","2017-05-25",21.0506381141792,0.750000000000003,0.784816386522121,0.776755726432139,39.5481650741291,37.5771682592041,38.5626666666666,1.05674028746471,75.5927218366396,38.3124,38.7164007339841,1.14249084146119,0.945150572008942
"14287875","2017-05-26",22.9371564356653,0.885057471264366,0.806410044378293,0.792765023224928,39.7615792471305,37.5437540862027,38.6526666666666,1.04738309465845,78.208797310139,38.3944,38.8608806361196,1.26413474037113,1.00894740568138
"14287874","2017-05-30",24.581915878439,0.873563218390805,0.836206896551726,0.809144442484046,39.921614478865,37.5690521878016,38.7453333333333,0.962474470551955,77.5692434539255,38.4768,38.983429884637,1.33997393819665,1.07515271218443
"14287873","2017-05-31",26.4198305032578,0.755434782608695,0.838018490754623,0.826878477228213,40.0377347032971,37.6402652967028,38.839,0.900839317222059,73.3693870175312,38.5484,39.0723059000187,1.35689085588777,1.1315003409251
"14287872","2017-06-01",28.1264655120182,0.737804878048781,0.788934293016094,0.821053226774147,40.1208890897733,37.73944424356,38.9301666666666,0.852657058032983,73.6061527871577,38.618,39.1519984466829,1.358323581897,1.17686498911948
"14287871","2017-06-02",30.131064941949,0.810344827586204,0.767861496081227,0.798271426617314,40.188525066296,37.8934749337039,39.041,0.909141389403761,75.9124489811722,38.6964,39.2477319871252,1.38421529394284,1.21833505008415
"14287870","2017-06-05",31.9924786983134,0.839080459770114,0.795743388468367,0.784179725855229,40.3087040601385,37.9226292731947,39.1156666666666,0.872019633049169,76.4660936183034,38.7736,39.3373677221751,1.39836422869455,1.25434088580623
"14287869","2017-06-06",33.3978101799385,0.810344827586204,0.819923371647509,0.794509418732367,40.4080114142259,37.9646552524407,39.1863333333333,0.824826433034978,74.6190678567064,38.8532,39.4083853592185,1.3829698248963,1.28006667362424
"14287868","2017-06-07",32.9000511304316,0.626436781609193,0.758620689655171,0.791429149923682,40.4309301508626,38.0624031824707,39.2466666666666,0.663251958633688,63.9692965682246,38.9232,39.4272673113227,1.29022100761345,1.28209754042208
"14287867","2017-06-08",30.6201439993894,0.349112426035504,0.595298011743635,0.724614024348771,40.4118793755718,38.1681206244282,39.29,0.498514397623362,52.6002189320403,38.9732,39.383631669813,1.11181937500304,1.24804190733828
"14287866","2017-06-09",28.8489455341886,0.107142857142861,0.360897354929187,0.57160535210933,40.37058715867,38.2810795079967,39.3258333333333,0.383943952097122,49.4456148059588,39.0352,39.3258141138379,0.928993520690002,1.18423223000862
"14287865","2017-06-12",27.4246103724171,0,0.152085094392789,0.369426820355203,40.348693574437,38.3469730922296,39.3478333333333,0.349546093301444,47.9989092544905,39.0556,39.2663722319929,0.760933183643298,1.09957242073556
"14287864","2017-06-13",26.2929759331704,0,0.035714285714288,0.182898911678754,40.3422872888731,38.3653793777935,39.3538333333333,0.268746604682774,46.7366520469966,39.0688,39.2068559343938,0.608346695860851,1.00132727576062
"14287863","2017-06-14",24.9747614068788,0.275362318840581,0.0917874396135281,0.0931956065735342,40.3171709079951,38.4571624253382,39.3871666666666,0.444175881829865,54.837199724337,39.1044,39.205941809808,0.559199515895625,0.912901723787618
"14287862","2017-06-15",23.4723970274937,0.217391304347824,0.164251207729469,0.0972509776857609,40.2834399831426,38.5538933501906,39.4186666666666,0.404406547829757,53.0093948083766,39.1352,39.1944829018336,0.498038940265633,0.829929167083221
"14287861","2017-06-16",22.6296858300805,0.420289855072462,0.304347826086957,0.186795491143317,40.2483174366063,38.6756825633937,39.462,0.524163269330538,58.2541005005571,39.1808,39.2218851815891,0.501434888526719,0.76423031137192
"14287860","2017-06-19",21.7335548772167,0.398550724637678,0.345410628019322,0.271336553945249,40.1966858971692,38.8099807694974,39.5033333333333,0.483173543626769,57.5134262752779,39.216,39.2416338240439,0.492229635147168,0.70983017612697
"14287859","2017-06-20",20.6297336343101,0.347826086956519,0.388888888888888,0.346215780998388,40.1734857753366,38.8768475579966,39.5251666666666,0.393185317116367,55.732798869022,39.2412,39.249415980838,0.465150079526366,0.660894156806849
"14287858","2017-06-21",20.1730486217636,0.0217391304347834,0.256038647342995,0.330112721417067,40.1879851320856,38.8353482012477,39.5116666666666,0.151298396551654,45.8955520536515,39.256,39.1961605167263,0.347098404032109,0.598135006251901
"14287857","2017-06-22",19.7489839672561,0.115942028985505,0.16183574879227,0.26892109500805,40.19286381659,38.7968028500766,39.4948333333333,0.226731131984331,48.7119524866235,39.276,39.1673391144961,0.277085980019498,0.533925201005421
"14287856","2017-06-23",20.104236043862,0,0.0458937198067638,0.154589371980675,40.2019630590385,38.7063702742947,39.4541666666666,0.0938065453397967,43.4639936132961,39.2856,39.1050272325633,0.161951549091821,0.459530470622701
"14287855","2017-06-26",19.2060355873143,0.118181818181815,0.0780412823891076,0.0952569169960463,40.1559017772171,38.6704315561161,39.4131666666666,0.253276777417771,46.3537691103393,39.2984,39.0683569348882,0.0963616699505732,0.386896710488275
"14287854","2017-06-27",18.3719923062343,0.209999999999994,0.109393939393937,0.0777763138632687,40.106522582132,38.641477417868,39.374,0.278846408354426,48.1114570415885,39.3028,39.0472426769031,0.0601968529355013,0.32155673897772
"14287853","2017-06-28",17.9503141085656,0.0899999999999963,0.139393939393936,0.108943053725659,40.0565481994996,38.611118467167,39.3338333333333,0.266736037647075,45.6930539764148,39.2872,39.012943653316,0.00662329960763319,0.258570051103703
"14287852","2017-06-29",18.4569953255299,0,0.0999999999999979,0.116262626262623,40.0419614930396,38.5040385069603,39.273,0.0320528575352773,39.4623811916115,39.2508,38.9365511662072,-0.107164795758696,0.185423081731223
"14287851","2017-06-30",18.4069422359838,0.166666666666667,0.0855555555555555,0.108316498316496,39.9409135413032,38.4810864586968,39.211,0.177359047785967,44.3643843856989,39.216,38.8983443440463,-0.152176474166466,0.117903170551685
"14287850","2017-07-03",19.2725938593685,0,0.0555555555555567,0.0803703703703692,39.8411153706916,38.424551295975,39.1328333333333,0.0109057573185381,37.9100449640488,39.1536,38.8105650981734,-0.270032098449058,0.0403161167515367
"14287849","2017-07-05",20.4157908559962,0,0.0555555555555567,0.0655555555555555,39.758315883144,38.3256841168559,39.042,-0.113323456412824,35.470241634189,39.0848,38.7104897517503,-0.396687566861154,-0.0470846199710013
"14287848","2017-07-06",21.7108195059515,0,1.17498603439496e-15,0.0370370370370373,39.7476099767216,38.1777233566117,38.9626666666666,-0.0834816274412571,33.7793812800119,39.016,38.6064244515169,-0.518662420451543,-0.14140018006711
"14287847","2017-07-07",22.8721143327506,0.0395480225988702,0.0131826741996246,0.0229127432517266,39.7581350871361,38.0481982461972,38.9031666666666,0.0283451524694073,35.5606686583496,38.9492,38.5255678579813,-0.594231923309418,-0.231966528715571
"14287846","2017-07-10",24.1224406532863,0,0.0131826741996246,0.0087884494664159,39.7789381342408,37.9237285324258,38.8513333333333,0.066266439177874,34.2837641848726,38.8708,38.4434921435838,-0.665637354963267,-0.31870069396511
"14287845","2017-07-11",25.9079983186766,0,0.0131826741996246,0.0131826741996237,39.8306354361175,37.7386978972157,38.7846666666666,-0.0121249145400867,29.5810743961505,38.7756,38.3230265244393,-0.791352186729033,-0.413230992517895
"14287844","2017-07-12",27.4758585627068,0.0773195876288653,0.0257731958762896,0.0173795147585121,39.8560293656366,37.60563730103,38.7308333333333,0.0952557122562903,33.5599641749346,38.6884,38.2386229878474,-0.850107973025838,-0.500606388619484
"14287843","2017-07-13",29.3126934194746,0,0.0257731958762896,0.0215763553174004,39.8486127710344,37.4407205622989,38.6446666666666,0.0495368676672327,30.4698387785454,38.604,38.1321399228011,-0.939132945124332,-0.588311699920453
"14287842","2017-07-14",31.3500843158882,0,0.0257731958762896,0.0257731958762888,39.8408010415317,37.2601989584683,38.5505,0.0425486138495977,27.721006206999,38.5276,38.0065212664276,-1.05122596774397,-0.680894553485158
"14287841","2017-07-17",33.2419472911293,0.0585585585585597,0.0195195195195211,0.0236886370906993,39.7459837355598,37.1500162644402,38.448,0.115557586486422,31.1969584146644,38.4624,37.9149850975706,-1.10040091431076,-0.764795825650278
"14287840","2017-07-18",34.3161203016247,0.175675675675676,0.0780780780780798,0.0411235978246293,39.6065207275212,37.1084792724787,38.3575,0.224784391142839,37.6546923789347,38.4104,37.8703204178945,-1.07195040721203,-0.826226741962629
"14287839","2017-07-19",32.8524204630295,0.508670520231214,0.247634918155151,0.115077505250916,39.45581460659,37.1418520600766,38.2988333333333,0.463050395898241,47.6306985367101,38.3804,37.8969443621752,-0.934232408731428,-0.847827875316389
"14287838","2017-07-20",31.74335651549,0.445086705202313,0.376477633703069,0.234063543312099,39.3594189183241,37.1419144150091,38.2506666666666,0.421533417524133,45.856763841961,38.3308,37.9053517805519,-0.838827627617811,-0.846027825776673
"14287837","2017-07-21",29.9007748457469,0.569696969696971,0.5078180650435,0.377310205633906,39.2452048274566,37.1727951725433,38.209,0.53425963579725,49.0169824996315,38.2912,37.9353048764783,-0.718728105795774,-0.820567881780493
"14287836","2017-07-24",27.8541120192915,0.721854304635761,0.578879326511683,0.487725008419416,39.1874068551378,37.1879264781954,38.1876666666666,0.616196855949471,51.6960437687368,38.2464,37.9812642262812,-0.584913359960482,-0.773436977416491
"14287835","2017-07-25",26.8592311715451,0.476821192052978,0.589457488795238,0.558718293450139,39.0592890208153,37.2213776458513,38.1403333333333,0.478054799658609,45.3637480564645,38.188,37.9717623294437,-0.551125555892895,-0.728974693111772
"14287834","2017-07-26",26.156879577321,0.410596026490068,0.536423841059604,0.568253552122174,38.9058876206333,37.2607790460333,38.0833333333333,0.394637146745497,43.8021048398476,38.1284,37.9501940188512,-0.539404958211198,-0.691060746131657
"14287833","2017-07-27",25.0741071301602,0.456953642384108,0.448123620309052,0.524668316721297,38.7416023197375,37.3257310135958,38.0336666666666,0.478576207313676,45.223611847616,38.0896,37.9408348163377,-0.509388766365637,-0.654726350178453
"14287832","2017-07-28",24.1186602803377,0.443708609271523,0.437086092715234,0.473877851361296,38.6713946638456,37.3379386694877,38.0046666666666,0.476502161701714,44.8743558906861,38.0448,37.930056840826,-0.484284312871708,-0.620637942717104
"14287831","2017-07-31",22.580033140556,0.576158940397352,0.492273730684329,0.459161147902871,38.5588457354146,37.3941542645854,37.9765,0.671862395904892,49.1070860117007,38.0192,37.9473825953826,-0.417047038141605,-0.579919761802004
"14287830","2017-08-01",21.8341505198538,0.74074074074074,0.58686943013654,0.5054097511787,38.5787888887856,37.3832111112143,37.981,0.959192208402613,55.2171685660342,38.0016,38.0063982493316,-0.290313436660505,-0.521998496773704
"14287829","2017-08-02",21.4852255827062,0.655367231638419,0.657422304258838,0.578855155026568,38.6444678218324,37.3565321781676,38.0005,0.929239873943,54.3651654002033,37.9792,38.0522118160874,-0.196183520375348,-0.456835501494033
"14287828","2017-08-03",21.6334867203352,0.553763440860216,0.64995713774646,0.631416290713945,38.7290149907058,37.3299850092941,38.0295,0.926843366190128,54.3651654002033,37.9616,38.0919169072757,-0.120252511635532,-0.389518903522333
"14287827","2017-08-04",21.7711577767049,0.674999999999998,0.628043557499546,0.645140999834947,38.8398888630157,37.2891111369842,38.0645,0.972128696702604,59.9233116725042,37.9704,38.1676613196389,0.0053626510164273,-0.310542592614581
"14287826","2017-08-07",21.8989951861911,0.620437956204377,0.616400465688198,0.631467053644734,38.9250120966857,37.2716545699809,38.0983333333333,0.878018661968237,59.9233116725042,37.9708,38.2333064770204,0.103529098745114,-0.227728254342642
"14287825","2017-08-08",22.0177013521426,0.642335766423356,0.645924574209245,0.630122865798995,39.002094313185,37.2975723534816,38.1498333333333,0.84819146601274,60.4637644267258,37.9888,38.294198946751,0.185357042743295,-0.145111194925455
"14287824","2017-08-09",21.6027159911967,0.547445255474454,0.603406326034063,0.621910455310501,39.0597482023299,37.3252517976701,38.1925,0.777217832243177,56.8839351081214,38.0088,38.3296390871842,0.220190691463706,-0.0720508176476224
"14287823","2017-08-10",20.8647416802634,0.481751824817517,0.557177615571776,0.602169505271694,39.0765265427867,37.4114734572132,38.244,0.707801182435492,54.4791233373982,38.0304,38.3483538755597,0.226218161799663,-0.0123970217581654
"14287822","2017-08-11",19.8688900969179,0.423357664233576,0.48418491484185,0.548256285482562,39.040171637278,37.5648283627219,38.3025,0.660979484636549,52.3601546541489,38.046,38.3539066921517,0.211720678230809,0.0324265182396295
"14287821","2017-08-14",18.9441707695257,0.474452554744525,0.459854014598541,0.500405515004055,38.9883992351828,37.7259340981504,38.3571666666666,0.647462817947052,54.0444757531398,38.068,38.3680524665315,0.212496940055384,0.0684406026027805
"14287820","2017-08-15",18.8519143112534,0.492424242424241,0.463411487134115,0.469150138858168,38.9648030679156,37.847863598751,38.4063333333333,0.721140005182884,55.2612091698435,38.1068,38.3869788043273,0.221061092104158,0.0989647005030559
"14287819","2017-08-16",19.3393528539019,0.727272727272728,0.564716508147166,0.495994003293273,39.0365582860877,37.8474417139122,38.442,0.907585494986451,61.9820390714277,38.152,38.4447149637503,0.289562598869075,0.13708428017626
"14287818","2017-08-17",19.6987588153484,0.660714285714283,0.626803751803752,0.55164391569501,39.088642105006,37.8796912283273,38.4841666666666,0.860505411543871,61.3417912625821,38.2064,38.4920863019169,0.335654939928509,0.17679841212671
"14287817","2017-08-18",19.3875719037995,0.373493975903609,0.587160329630208,0.592893529860374,39.1200635830025,37.8989364169974,38.5095,0.726976087653069,56.9102437447914,38.2652,38.5144747949947,0.3388730038282,0.209213330467008
"14287816","2017-08-21",19.0986126287899,0.469879518072291,0.501362593230062,0.57177555822134,39.1545389410508,37.9054610589491,38.53,0.740177177339233,58.7443683300673,38.322,38.5445448223287,0.354057538762009,0.238182172126008
"14287815","2017-08-22",18.9374579555172,0.542168674698791,0.461847389558232,0.5167901041395,39.1784956020258,37.9595043979741,38.569,0.755128994340832,60.1155785405331,38.3708,38.5786055126849,0.374277124013034,0.265401162503413
"14287814","2017-08-23",20.2428863146352,0.431034482758622,0.481027558509902,0.481412513766065,39.20238023064,38.0556197693599,38.629,0.91944243478981,62.1478747553757,38.4036,38.6201247776603,0.40438054136005,0.293197038274741
"14287813","2017-08-24",21.4781491182215,0.811965811965813,0.595056323141076,0.512643757069736,39.2941661995513,38.1048338004486,38.6995,1.10019665979998,70.2974081942281,38.4588,38.7161081406389,0.516007292367693,0.337759089093331
"14287812","2017-08-25",23.1681224018036,0.781690140845069,0.674896811856502,0.58366023116916,39.4014661330179,38.160533866982,38.781,1.16267382663867,72.5595790324835,38.5136,38.8206270552204,0.630059295053775,0.39621913028542
"14287811","2017-08-28",23.7536347158575,0.640845070422532,0.744833674411139,0.671595603136239,39.459687110832,38.2273128891679,38.8435,0.973205830189505,65.8122415608703,38.5544,38.8845434478577,0.670800814466599,0.451135467121656
"14287810","2017-08-29",24.2973247217648,0.683098591549294,0.701877934272299,0.707202806846646,39.5430083991975,38.2366582674691,38.8898333333333,0.933906132487948,66.8093878518786,38.6124,38.94793765481,0.707162596988131,0.502340893094951
"14287809","2017-08-30",23.6674639648346,0.507042253521125,0.610328638497652,0.685680082393696,39.5713436776353,38.2743229890313,38.9228333333333,0.72397483906962,59.0775274574288,38.6644,38.969545967502,0.676291224600045,0.53713095939597
"14287808","2017-08-31",23.0825932619709,0.525925925925926,0.572022256998783,0.628076276589577,39.5983822562115,38.3066177437884,38.9525,0.707081087479534,60.2660413748456,38.716,38.996273171835,0.656632095594345,0.561031186635645
"14287807","2017-09-01",21.7829574054727,0.369230769230771,0.467399649559275,0.549916848351902,39.6149759197438,38.3230240802561,38.969,0.622037572800874,55.0962786571929,38.7612,38.9954367489237,0.596914785512159,0.568207906410948
"14287806","2017-09-05",20.2305030064755,0.208695652173914,0.367950782443538,0.469124229667198,39.6184084511893,38.3462582154773,38.9823333333333,0.506026541874914,52.6637154800685,38.7948,38.9827118490672,0.524924014272998,0.559551127983358
"14287805","2017-09-06",19.4397174198421,0.321739130434785,0.299888517279824,0.378412983094212,39.6315903430009,38.3724096569991,39.002,0.606947849632526,55.7058194946332,38.8204,38.9890169358583,0.489141052542275,0.545469112895141
"14287804","2017-09-07",18.7461088921663,0,0.176811594202901,0.28155029797542,39.6265565450238,38.3944434549762,39.0105,0.364325224675462,46.3325514441723,38.8324,38.9438146777438,0.377757342413054,0.511926758798724
"14287803","2017-09-08",18.0770796131102,0.370689655172412,0.2308095952024,0.235836568895041,39.6390642141418,38.4502691191915,39.0446666666666,0.692351623621288,55.4645503911446,38.8616,38.9619727207113,0.374243164545529,0.484390039948085
"14287802","2017-09-11",18.0691819983716,0.688,0.352896551724138,0.253505913709812,39.7006284883418,38.4987048449915,39.0996666666666,0.949557121471722,62.3616992004182,38.8956,39.0350430246165,0.455119649329805,0.478535961824429
"14287801","2017-09-12",17.4065262969796,0.136000000000001,0.398229885057472,0.327312010661336,39.6733986888846,38.585267977782,39.1293333333333,0.506739386416123,49.1956427529996,38.902,39.0063706213343,0.372161962955775,0.457261162050698
"14287800","2017-09-13",16.8370077907528,0.119999999999999,0.314666666666668,0.355264367816092,39.6527859795743,38.6292140204256,39.141,0.251523738941786,48.8735527310758,38.9064,38.9788545384897,0.298823566800155,0.425573643000589
"14287799","2017-09-14",16.6557883301954,0,0.0853333333333344,0.266076628352491,39.6576912479559,38.6146420853774,39.1361666666666,0.206469572431472,46.4188926792331,38.91,38.9350072666911,0.20722162646003,0.381903239692478
"14287798","2017-09-15",16.0976025173569,0.192000000000002,0.104000000000001,0.168,39.6562541511253,38.6274125155413,39.1418333333333,0.394541592945553,50.6865315338548,38.9268,38.9290062977989,0.182253166639712,0.341973225081925
"14287797","2017-09-18",15.8977958137224,0.0879999999999996,0.0933333333333348,0.0942222222222226,39.6457978023411,38.6568688643256,39.1513333333333,0.323377939554329,48.4361191516382,38.9416,38.9064721247591,0.13396235152725,0.30037105037099
"14287796","2017-09-19",15.7122610174903,0.272000000000003,0.184000000000002,0.127111111111112,39.6378189693506,38.6921810306494,39.165,0.434788290377455,52.4578885738286,38.9628,38.9176091747912,0.14176163652484,0.26864916760176
"14287795","2017-09-20",16.1710293076702,0.0639999999999986,0.141333333333335,0.139555555555556,39.634590881312,38.7007424520212,39.1676666666666,0.2490670584398,47.9088701492523,38.9716,38.8925946181524,0.0929371007937885,0.233506754240165
"14287794","2017-09-21",16.5970284342659,0.0879999999999996,0.141333333333335,0.155555555555556,39.6403781193525,38.6702885473141,39.1553333333333,0.198996867488859,48.4641968157464,38.9692,38.8749153357321,0.0597674287138306,0.198758889134899
"14287793","2017-09-22",17.7559711809331,0,0.0506666666666671,0.111111111111111,39.6429595657725,38.5850404342275,39.114,0.00153719919669472,42.7395793915812,38.9536,38.8129266243011,-0.038822009323769,0.151242709443165
"14287792","2017-09-25",18.8723218903714,0,0.0293333333333342,0.0737777777777778,39.5960876861622,38.5255789805045,39.0608333333333,0.0134711837646164,42.4311492043855,38.9428,38.7565364077276,-0.119868262965084,0.0970205149615153
"14287791","2017-09-26",19.7401052568268,0.0860927152317899,0.028697571743931,0.0362325239146432,39.5590519613127,38.4839480386873,39.0215,0.145150583147007,45.199427630268,38.934,38.7249982200306,-0.155312605132973,0.0465538909426175
"14287790","2017-09-27",22.0374163617882,0,0.028697571743931,0.0289094922737312,39.6295018662746,38.260164800392,38.9448333333333,-0.245981413525499,33.1739544212615,38.8864,38.5763317906932,-0.369355464946508,-0.0366279802352076
"14287789","2017-09-28",24.1706338163953,0.109170305676856,0.0650876736362163,0.0408276057080252,39.6709903288972,38.0970096711027,38.884,-0.0637511038901044,38.050271597882,38.8452,38.4808208852675,-0.481765687615243,-0.125655521711215
"14287788","2017-09-29",26.1514785956732,0.134259259259259,0.0811431883120392,0.0583094778973946,39.6803032420136,37.9670300913196,38.8236666666666,0.0270261878527292,38.8195149741559,38.7876,38.4033781005651,-0.556394247941494,-0.211803266957271
"14287787","2017-10-02",28.3373605017352,0.0111111111111129,0.0848468920157435,0.0770259179879988,39.709931184825,37.8047354818416,38.7573333333333,-0.00248556189484816,35.6056221251643,38.7128,38.3002610204898,-0.66504834156752,-0.30245228187932
"14287786","2017-10-03",30.9184185761212,0,0.0484567901234582,0.0714822901504128,39.8104942263414,37.5348391069918,38.6726666666666,-0.104661043890171,30.2173202906733,38.6244,38.1388928844245,-0.856032511585325,-0.413168327820521
"14287785","2017-10-04",33.3151153594797,0.120689655172412,0.0439335887611758,0.059079090300125,39.8189737356555,37.3600262643445,38.5895,0.0460794995870503,35.6548092085875,38.5448,38.0363738331679,-0.938161521396941,-0.518166966535805
"14287784","2017-10-05",35.6958674115343,0.0474137931034482,0.0560344827586209,0.0494749538810841,39.8528948205947,37.1747718460719,38.5138333333333,0.0579615482204487,33.9263336438868,38.4684,37.9248573220788,-1.02810344252964,-0.620154261734572
"14287783","2017-10-06",38.0039767329992,0,0.0560344827586209,0.0520008514261384,39.819740820848,36.9985925124853,38.4091666666666,0.064302712117963,32.8177156523006,38.3852,37.8135430124683,-1.11067651661133,-0.718258712709924
"14287782","2017-10-09",39.1355028746365,0.0844444444444434,0.0439527458492982,0.0520072371221792,39.6551087624115,36.9375579042551,38.2963333333333,0.164035726411634,36.6673397436367,38.3168,37.7424039441392,-1.12308678990134,-0.799224328148207
"14287781","2017-10-10",38.6877025273976,0.176767676767674,0.0870707070707069,0.0623526452262078,39.5521029838319,36.8892303495013,38.2206666666666,0.275680847205273,39.7958737476677,38.2584,37.702083418254,-1.0863872416178,-0.856656910842126
"14287780","2017-10-11",37.4159762891782,0.356756756756756,0.205989625989626,0.112337692969876,39.4733894855078,36.8712771811588,38.1723333333333,0.403027500807108,45.4213856635275,38.2072,37.7084722958201,-0.979679732698535,-0.881261475213408
"14287779","2017-10-12",35.5488877625779,0.407821229050278,0.313781887524904,0.202280740195078,39.3993674143103,36.866965919023,38.1331666666666,0.465842699050316,46.6339966530078,38.174,37.7233426563774,-0.8700792330115,-0.879025026773027
"14287778","2017-10-13",34.5004502247783,0.217877094972063,0.327485026926367,0.282418846813631,39.2751930034557,36.8714736632109,38.0733333333333,0.401541472540413,41.7786628714348,38.11,37.6908969688604,-0.846236437881087,-0.872467308994639
"14287777","2017-10-16",33.8892550229817,0.130136986301369,0.251945103441238,0.297737339297502,39.1541203960841,36.8368796039158,37.9955,0.251644282309807,39.1936208744548,38.0208,37.6361107063457,-0.860392824667788,-0.870052412129269
"14287776","2017-10-17",33.3579871993541,0.11643835616438,0.154817479145939,0.24474920317118,38.9796401588466,36.8366931744866,37.9081666666666,0.242644123244766,38.9341857068829,37.9584,37.5859626121663,-0.86610620440023,-0.869263170583461
"14287775","2017-10-18",32.8314416368506,0.164383561643833,0.136986301369862,0.181249627985678,38.8141038889566,36.84956277771,37.8318333333333,0.28357965418354,40.4206749326841,37.8996,37.5518342638774,-0.845987474286136,-0.864608031323996
"14287774","2017-10-19",31.3020829574185,0.315068493150682,0.198630136986299,0.163477972500699,38.6340023680617,36.9096642986049,37.7718333333333,0.437077304084494,44.9557540112402,37.8556,37.5515896953605,-0.773890666263111,-0.846464558311819
"14287773","2017-10-20",29.8223585478224,0.342465753424659,0.273972602739726,0.203196347031961,38.5043492776856,36.9503173889809,37.7273333333333,0.480266385207715,45.7641015457058,37.8036,37.5567110693124,-0.70008180535519,-0.817188007720493
"14287772","2017-10-23",27.7374932278911,0.424657534246575,0.360730593607306,0.277777777777776,38.3803099251491,37.0073567415174,37.6938333333333,0.628312216881795,48.2207763064566,37.7616,37.5771495934041,-0.608782196679669,-0.775506845512329
"14287771","2017-10-24",25.8015468593834,0.438356164383559,0.401826484018265,0.345509893455098,38.1932229407853,37.115110392548,37.6541666666666,0.678552786826179,48.6383500897631,37.7112,37.5975296476169,-0.526060738693201,-0.725617624148503
"14287770","2017-10-25",25.1819876104539,0.0890410958904082,0.317351598173515,0.359969558599695,38.1618410657745,37.0984922675588,37.6301666666666,0.324297226228298,39.8197261633421,37.6508,37.547192361268,-0.563515972190087,-0.69319729375682
"14287769","2017-10-26",23.8161128332312,0.338345864661657,0.288581041645209,0.335919707945662,38.1360593273135,37.1082740060198,37.6221666666666,0.708701170911885,48.6641538208548,37.6072,37.5635667130989,-0.490925414201671,-0.65274291784579
"14287768","2017-10-27",22.7373845609536,0.278195488721808,0.235194149757959,0.28037559652556,38.092442110252,37.1232245564146,37.6078333333333,0.622607491850372,47.3323632974005,37.5744,37.5670911513524,-0.445437678790206,-0.611281870034673
"14287767","2017-10-30",22.0429167965447,0.180451127819551,0.265664160401006,0.26314645060139,38.0754523286185,37.1222143380481,37.5988333333333,0.522205017924253,45.1691149824533,37.5372,37.5528123311721,-0.432329938235732,-0.575491483674885
"14287766","2017-10-31",21.847939646393,0.0300751879699242,0.162907268170429,0.221255192776464,38.0711574270589,37.1331759062744,37.6021666666666,0.245375225373802,41.989597459707,37.4868,37.5137706870158,-0.459670947783175,-0.552327376496543
"14287765","2017-11-01",23.2005525201325,0,0.0701754385964926,0.166248955722642,38.1816500804665,36.9423499195334,37.562,-0.219761062024183,31.0459474428581,37.4356,37.3559345954137,-0.674282112945646,-0.576718323786364
"14287764","2017-11-02",24.4565501886049,0.204301075268819,0.078125421079582,0.1037360426155,38.2222702409897,36.8557297590102,37.539,0.0104426039169535,38.1403125768001,37.3896,37.2698099826919,-0.754383133028835,-0.612251285634858
"14287763","2017-11-03",25.6228337379007,0.220430107526884,0.141577060931902,0.0966259735359912,38.2543415300087,36.7903251366579,37.5223333333333,0.0384842207127378,38.6767281786431,37.3432,37.1991686516663,-0.802479771211972,-0.650296982750281
"14287762","2017-11-06",27.1030072914908,0.0645161290322605,0.163082437275989,0.127594973095823,38.3206872554286,36.6436460779046,37.4821666666666,-0.0379514103515356,35.4743707281834,37.296,37.0992794981108,-0.893661978473825,-0.69896998189499
"14287761","2017-11-07",27.1143670387726,0.107526881720432,0.13082437275986,0.145161290322582,38.3295011240157,36.5501655426509,37.4398333333333,0.127295337871036,37.0234568703628,37.2736,37.0233755650293,-0.938168533798067,-0.746809692275605
"14287760","2017-11-08",26.8934696304562,0.263440860215055,0.145161290322583,0.14635603345281,38.2746608020993,36.512672531234,37.3936666666666,0.274686354861472,42.4199093694489,37.2516,36.9962588230254,-0.90005228117076,-0.777458210054636
"14287759","2017-11-09",27.1166717444112,0.129032258064517,0.166666666666669,0.147550776583036,38.2038650870783,36.4481349129216,37.326,0.139656095236551,39.2939593729657,37.2264,36.9394243132887,-0.913995780123456,-0.8047657240684
"14287758","2017-11-10",27.9091260409308,0,0.130824372759858,0.147550776583036,38.1977401173524,36.3025932159809,37.2501666666667,0.00918492598461334,34.9652519394283,37.19,36.8381677381836,-0.999167187641936,-0.843646016783107
"14287757","2017-11-13",28.2468287190535,0.0552763819095474,0.0614362133246892,0.119642417583738,38.2083796592039,36.1936203407961,37.201,0.120632933000982,37.0709513232491,37.1504,36.7650787064257,-1.03115862095412,-0.88114853761731
"14287756","2017-11-14",27.5181127902506,0.170854271356785,0.075376884422112,0.0892124901688856,38.195182364284,36.1424843023827,37.1688333333333,0.278096930837417,41.3471682359991,37.1136,36.732401545569,-0.994774684242439,-0.903873766942336
"14287755","2017-11-15",26.2397031172043,0.175824175824176,0.133984943030171,0.090266013592323,38.1711297961821,36.1038702038178,37.1375,0.327065743789287,41.085719647303,37.0636,36.7014146728265,-0.95936839893257,-0.914972693340383
"14287754","2017-11-16",25.7856428863761,0,0.115559482393655,0.108307103281978,38.1368428467033,35.99949048663,37.0681666666666,0.129682023991206,36.1608589802741,36.9948,36.6212260497829,-1.00790637745845,-0.933559430163995
"14287753","2017-11-17",25.4331485463544,0,0.0586080586080597,0.102717494677294,38.0861353574748,35.8991979758585,36.9926666666667,0.131448066700353,35.7000126819445,36.938,36.5463959098119,-1.0435595488944,-0.955559453910076
"14287752","2017-11-20",25.4348687293331,0,1.03620815631681e-15,0.0580558470005709,37.9926490992328,35.8090175674338,36.9008333333333,0.102726015187503,33.5150901185221,36.8816,36.4562097885036,-1.10153434121613,-0.984754431371286
"14287751","2017-11-21",25.4364660420989,0.0743243243243237,0.0247747747747756,0.0277942777942778,37.8704287864377,35.7532378802289,36.8118333333333,0.14803992663987,35.9588068451499,36.8304,36.3927151500365,-1.11073379686957,-1.00995030447094
"14287750","2017-11-22",25.5490737092868,0.0337837837837866,0.0360360360360378,0.0202702702702705,37.8146972321144,35.6626361012189,36.7386666666666,0.147469741553782,35.1988318960935,36.774,36.3296864633649,-1.11873227955372,-1.0317066994875
"14287749","2017-11-24",24.7097198775054,0.222972972972976,0.110360360360363,0.0570570570570579,37.6278591584265,35.6928075082401,36.6603333333333,0.298282731473487,41.4208145605276,36.72,36.3123949349163,-1.05092162889662,-1.03554968536932
"14287748","2017-11-27",23.0082531890276,0.256756756756758,0.171171171171175,0.105855855855858,37.4337631593184,35.7582368406816,36.596,0.4068949271254,42.4828523240049,36.6664,36.3040756102608,-0.974857857994493,-1.02341131989436
"14287747","2017-11-28",21.8140784304136,0.385135135135134,0.28828828828829,0.189939939939942,37.2406793655346,35.8516539677987,36.5461666666667,0.55555453974597,46.455497685829,36.6156,36.322198862226,-0.862403654006383,-0.991209786716762
"14287746","2017-11-29",20.5511488441332,0.346938775510206,0.329610222467367,0.263023227308943,37.0915964270689,35.9210702395978,36.5063333333333,0.551543770638489,45.3893466801261,36.5616,36.3299056805959,-0.777627888875609,-0.948493407148532
"14287745","2017-11-30",19.3784285140157,0.442176870748301,0.391416927131215,0.336438479295623,37.0888854529976,35.9211145470024,36.505,0.618459307920044,48.3669760096077,36.5336,36.3552515898498,-0.671603207463012,-0.893115367211428
"14287744","2017-12-01",18.5053687014625,0.231292517006804,0.340136054421771,0.353721068006784,37.0443945139365,35.9256054860635,36.485,0.486592646489835,42.8018597377971,36.4752,36.3358847112031,-0.64889635363129,-0.8442715644954
"14287743","2017-12-04",18.3678616923534,0.0272108843537408,0.23356009070295,0.321704357418644,37.0072924326544,35.8853742340122,36.4463333333333,0.167533693230549,38.2188840502734,36.408,36.2791000830427,-0.689690303572399,-0.8133553123108
"14287742","2017-12-05",19.43734784848,0,0.0861678004535159,0.219954648526078,37.0890054732689,35.6933278600644,36.3911666666666,-0.155237277826878,30.2074319702472,36.3184,36.137886738637,-0.866176415519049,-0.82391953295245
"14287741","2017-12-06",20.4453262955947,0,0.0090702947845812,0.109599395313681,37.1334777774748,35.5035222225252,36.3185,-0.110548345103444,30.1089256515501,36.2364,36.0141685068187,-0.997790398700826,-0.858693706102125
"14287740","2017-12-07",22.0534083635111,0,9.3443771239284e-16,0.0317460317460317,37.1957733247459,35.2238933419207,36.2098333333333,-0.203136099598461,25.688450484462,36.172,35.8416127059096,-1.19941463534142,-0.926837891949985
"14287739","2017-12-08",23.946830565497,0,9.3443771239284e-16,0.00302343159486001,37.2965660596241,34.9097672737092,36.1031666666667,-0.146542421494985,23.0817071581359,36.0784,35.645397678455,-1.42361493130656,-1.0261932998213
"14287738","2017-12-11",25.7597038922599,0,9.3443771239284e-16,-7.86407975776153e-17,37.3976226377903,34.621710695543,36.0096666666667,-0.06185740006003,22.7269041563065,35.9816,35.4686779879943,-1.59629440548056,-1.14021352095315
"14287737","2017-12-12",27.7606923833466,0,9.3443771239284e-16,-7.86407975776153e-17,37.4702979193629,34.3297020806371,35.9,-0.0275007520034041,20.6735220886063,35.8844,35.2755209229284,-1.78301784249291,-1.2687743852611
"14287736","2017-12-13",29.7677262564021,0,9.3443771239284e-16,-7.86407975776153e-17,37.4921854324374,34.0358145675626,35.764,-0.0122907048722566,19.7144129658273,35.778,35.0881181332046,-1.94520781795,-1.40406107179888
"14287735","2017-12-14",32.1797816328919,0,9.3443771239284e-16,-7.86407975776153e-17,37.5320346884094,33.6626319782572,35.5973333333333,-0.0558136042609139,16.2058309383716,35.634,34.839035715444,-2.20108892838342,-1.56346664311579
"14287734","2017-12-15",34.1885788240038,0.10079575596817,0.0335985853227244,0.0111995284409077,37.5404034115637,33.3989299217696,35.4696666666667,0.078330432963805,24.6487594992449,35.5152,34.6738309533848,-2.29224222755403,-1.70922176000344
"14287733","2017-12-18",35.4594792069148,0.175066312997348,0.0919540229885071,0.0418508694370765,37.5002806891602,33.2173859775065,35.3588333333333,0.175725548528118,30.2273401159925,35.4232,34.5679868262668,-2.27448079612959,-1.82227356722867
"14287732","2017-12-19",37.7197304184004,0,0.0919540229885071,0.0725022104332452,37.5795972396831,32.8180694269836,35.1988333333333,0.00320567409247563,21.2654988200214,35.2676,34.2789219160979,-2.5796511762772,-1.97374908903837
"14287731","2017-12-20",40.2091186444855,0,0.0583554376657837,0.0807544945475983,37.7621247723525,32.2025418943141,34.9823333333333,-0.083796795167453,17.9049341010627,35.068,33.9123989939515,-2.99901340650727,-2.17880195253215
"14287730","2017-12-21",42.6765348864621,0,9.25185853854297e-16,0.0501031535514296,37.9189959149871,31.5746707516795,34.7468333333333,-0.0480225625006741,16.5455776730793,34.8524,33.538745794758,-3.40121632150985,-2.42328482632769
"14287729","2017-12-22",44.9713777096792,0,9.25185853854297e-16,0.0194518125552608,37.9372859541866,31.0490473791467,34.4931666666667,0.0214306293128162,16.5134311999297,34.6524,33.2135796887903,-3.6883117617195,-2.67629021340605
"14287728","2017-12-26",47.2305368602831,0,9.25185853854297e-16,-8.78926561161582e-17,37.8713048231499,30.5630285101834,34.2171666666667,0.0488448266772871,15.3866291894312,34.44,32.8851023969516,-3.9631283829858,-2.933657847322
"14287727","2017-12-27",49.331983994823,0,9.25185853854297e-16,-8.78926561161582e-17,37.68888358559,30.1667830810767,33.9278333333333,0.0890553888754969,15.3543918234357,34.2348,32.5990887440247,-4.14290739469194,-3.17550775679599
"14287726","2017-12-28",51.2833277626101,0.00238095238095275,0.000793650793651843,0.000264550264550218,37.428547903713,29.8531187629536,33.6408333333333,0.128513894806947,15.5449494661486,34.0256,32.3525435781547,-4.23992561302735,-3.38839132804226
"14287725","2017-12-29",52.9060917674188,0.0100755667506304,0.00415217304386198,0.00164860794583723,37.0600023972184,29.6439976027815,33.352,0.164868968909284,16.1547758503088,33.82,32.1428711010674,-4.26483911266652,-3.56368088496711
"14287724","2018-01-02",54.5686221613987,0,0.00415217304386198,0.00303266562712425,36.6554823007046,29.4675176992954,33.0615,0.165899857168301,14.8463679726132,33.5896,31.9158216209251,-4.3245922804211,-3.71586316405791
"14287723","2018-01-03",56.1124003843801,0.00526315789473673,0.0051129082151233,0.00447241810094807,36.2568856378612,29.3151143621388,32.786,0.179812748305315,15.2810369119342,33.358,31.7217120714684,-4.32135522190158,-3.83696157562665
"14287722","2018-01-04",56.4009757008337,0.0431266846361187,0.0161299475102861,0.0084650095897561,35.8956893342199,29.2059773324468,32.5508333333333,0.234293494319504,18.4202481066503,33.1244,31.5721504619393,-4.23748098922226,-3.91706545834577
"14287721","2018-01-05",56.6689384946835,0.0808625336927217,0.0430841254078599,0.0214423270444221,35.4941977800222,29.1598022199778,32.327,0.266302353665622,21.5507459197356,32.8988,31.4611970670141,-4.09015944646729,-3.95168425597007
"14287720","2018-01-08",55.7697944554261,0.118598382749326,0.0808625336927229,0.046692202203622,35.1327936542862,29.1452063457138,32.139,0.320350566725494,24.6640254668051,32.6732,31.3837041247455,-3.8939090622738,-3.94012921723082
"14287719","2018-01-09",54.6712669962753,0.236196319018405,0.145219078486818,0.0897219125291327,34.7733591576082,29.1799741757251,31.9766666666667,0.381407531310314,31.5587629951659,32.4732,31.3605435747795,-3.61250553208721,-3.8746044802021
"14287718","2018-01-10",54.074320113381,0.239766081871345,0.198186927879693,0.14142284668641,34.3867552689974,29.2215780643359,31.8041666666667,0.34430995592157,28.4949868366903,32.2708,31.2924710981422,-3.44281628269405,-3.78824684070049
"14287717","2018-01-11",53.6199341979132,0.278260869565218,0.251407756818324,0.198271254394944,33.9898339877372,29.2781660122628,31.634,0.331482183351417,27.7691738870495,32.0924,31.2214749517232,-3.29434046012045,-3.68946556458448
"14287716","2018-01-12",52.3230925780204,0.203703703703703,0.240576885046756,0.230057189914923,33.5887217982009,29.3669448684657,31.4778333333333,0.356024289428421,26.9478351471617,31.9104,31.1466116248268,-3.16682665429069,-3.58493778252572
"14287715","2018-01-16",50.6916764364085,0.472222222222221,0.318062265163715,0.270015635676264,33.272374865105,29.4499584682284,31.3611666666667,0.435163177529314,33.1252165665809,31.7596,31.1203967415166,-2.95717492487098,-3.45938521099477
"14287714","2018-01-17",48.3736528452271,0.684615384615384,0.453513770180437,0.337384306796968,32.8256890671838,29.6709775994828,31.2483333333333,0.569208653649853,40.2545136115228,31.638,31.1483438426477,-2.66196749795314,-3.29990166838645
"14287713","2018-01-18",45.4334461816258,0.680981595092025,0.612606400643211,0.46139414532912,32.1366033735257,30.1353966264742,31.136,0.79348958282231,43.9781360894705,31.5272,31.2018979969613,-2.34393314166329,-3.10870796304182
"14287712","2018-01-19",42.2638102437304,0.601092896174862,0.655563291960758,0.573894487594801,31.7890509273689,30.3779490726311,31.0835,0.995948135128333,43.8443729638792,31.428,31.2469782640332,-2.07045944600635,-2.90105825963472
"14287711","2018-01-22",39.6336263182112,0.519125683060108,0.600400058108999,0.622856583570988,31.7511096510424,30.398223682291,31.0746666666667,0.85873927629042,41.7910430127229,31.3288,31.2660478288287,-1.8707358932899,-2.69499378636576
"14287710","2018-01-23",37.0502925866841,0.569060773480661,0.563093117571878,0.606352155880544,31.8104115085637,30.3765884914363,31.0935,0.885798428438472,43.6845455696556,31.2596,31.2959081183182,-1.66739693161432,-2.48947441541547
"14287709","2018-01-24",34.6216652173574,0.640718562874251,0.576301673138341,0.579931616273071,31.9109863525897,30.3396803140769,31.1253333333333,0.950580588788503,47.0249904543019,31.1824,31.3457870358758,-1.44322099384732,-2.28022373110184
"14287708","2018-01-25",32.6373086630165,0.759259259259259,0.656346198538058,0.598580329749424,32.05027815917,30.3103885074967,31.1803333333333,0.98259765546575,50.8614769636261,31.1028,31.4183487644257,-1.19525625911827,-2.06323023670513
"14287707","2018-01-26",31.169325834242,0.636871508379888,0.6789497768378,0.637199216171399,32.1662364206803,30.3124302459864,31.2393333333333,0.919317479866355,49.2888846998744,31.0788,31.4692355958356,-1.01019935312359,-1.85262405998882
"14287706","2018-01-29",29.0557523481354,0.474860335195531,0.623663700944894,0.652986558773583,32.2048713234115,30.3571286765884,31.281,0.70511514449896,44.5129963178187,31.078,31.4746708497242,-0.927084614982698,-1.66751617098759
"14287705","2018-01-30",27.0879326653915,0.424581005586592,0.512104283054005,0.604905920278898,32.2227098755162,30.4046234578171,31.3136666666666,0.613489288146418,43.1166928577509,31.0904,31.4673814030943,-0.874191633053212,-1.50885126340072
"14287704","2018-01-31",25.443970618612,0.391061452513966,0.430167597765364,0.521978527254753,32.219265529687,30.4954011369796,31.3573333333333,0.602096197789433,42.1670514496836,31.1008,31.4530638826817,-0.838023160268353,-1.37468564277424
"14287703","2018-02-01",23.7264531234496,0.307262569832402,0.374301675977655,0.438857852265673,32.1831367912111,30.6201965421222,31.4016666666667,0.530924620030433,39.8066056142709,31.1192,31.4206553649908,-0.838236076723942,-1.26739572956418
"14287702","2018-02-02",22.625947625868,0.0400000000000014,0.246108007448791,0.350192427063935,32.157892473177,30.681107526823,31.4195,0.303966040746334,36.8450280154171,31.13,31.3659013163254,-0.879808383856517,-1.18987826042265
"14287701","2018-02-05",23.0048457424005,0,0.115754189944136,0.245387957790193,32.1842103930317,30.6341229403016,31.4091666666667,0.00379143750116567,28.5966240782553,31.1116,31.222447807482,-1.08630890510063,-1.16916438935825
"14287700","2018-02-06",24.678667046721,0,0.0133333333333349,0.125065176908753,32.4484738747126,30.2188594586207,31.3336666666666,-0.298493820493849,21.0017258683548,31.0488,30.9541214331511,-1.51503194743036,-1.23833790097267
"14287699","2018-02-07",25.2172021270134,0.231481481481481,0.0771604938271616,0.0687493390348762,32.498420714149,30.0569126191843,31.2776666666667,0.0558755936260645,34.0924721188715,31.0296,30.8215719087309,-1.64365107297914,-1.31940053537396
"14287698","2018-02-08",26.1953216047248,0.0956790123456786,0.109053497942388,0.0665157750342936,32.5919310662311,29.8454022671022,31.2186666666667,-0.00924886245877401,30.8614547562661,30.992,30.6480289875668,-1.84162491255289,-1.42384541080975
"14287697","2018-02-09",27.2265520669967,0.0586419753086412,0.128600823045268,0.104938271604938,32.678617603705,29.6457157296283,31.1621666666667,0.0211956314581547,30.025684394467,30.944,30.4816251225579,-2.00943914877585,-1.54096415840297
"14287696","2018-02-12",27.453779521417,0.222222222222222,0.125514403292182,0.121056241426611,32.7004701917877,29.5535298082123,31.127,0.194835867134466,38.0105508327337,30.9116,30.4080751062168,-1.98074088475184,-1.62891950367274
"14287695","2018-02-13",27.2382318333247,0.287037037037037,0.189300411522634,0.147805212620027,32.6975818971468,29.4820847695198,31.0898333333333,0.276136222561475,40.8887904789351,30.882,30.3723317587213,-1.88098917457926,-1.67933343785405
"14287694","2018-02-14",27.0380804086675,0.320987654320987,0.276748971193416,0.19718792866941,32.6622860842519,29.4077139157481,31.035,0.295672068225887,42.3975099836127,30.8436,30.3560208575584,-1.7526387802878,-1.6939945063408
"14287693","2018-02-15",25.7815119048162,0.407272727272726,0.338432472876918,0.268160618530988,32.5845850084721,29.3717483248612,30.9781666666667,0.378145066633145,43.5264369155036,30.8228,30.352551409884,-1.61111491264033,-1.6774185876007
"14287692","2018-02-16",24.1629651087264,0.665441176470588,0.464567186021435,0.359916210030589,32.5174232903572,29.3815767096428,30.9495,0.583071666070051,52.2236706795948,30.8332,30.4415445552328,-1.30069876127811,-1.60207462233618
"14287691","2018-02-20",22.748519548741,0.551470588235294,0.541394830659537,0.448131496519296,32.4614065093564,29.375926823977,30.9186666666667,0.50799443496049,48.6021674447257,30.8352,30.4773386145351,-1.12392974361299,-1.50644564659155
"14287690","2018-02-21",22.3584404571059,0.323529411764706,0.513480392156864,0.506480802945944,32.3771457099689,29.3338542900311,30.8555,0.344849999059136,42.2862640355966,30.8008,30.4256934659304,-1.13494563567058,-1.43214564440735
"14287689","2018-02-22",22.9402102138469,0.0294117647058825,0.301470588235295,0.452115270350564,32.2867603777741,29.2039062888926,30.7453333333333,0.138214037649122,35.7499451120242,30.7188,30.2729343371397,-1.34407808239878,-1.41453213200564
"14287688","2018-02-23",23.2112001940799,0.130252100840336,0.161064425770309,0.325338468720821,32.1087521103299,29.1635812230034,30.6361666666667,0.228538672088482,38.7699618727062,30.6376,30.1725430921877,-1.43081904954189,-1.41778951551289
"14287687","2018-02-26",23.4628337471534,0.218487394957983,0.126050420168068,0.196195144724556,31.8882783781504,29.1790549551829,30.5336666666667,0.290714935064695,41.3669563477566,30.5652,30.1135373465627,-1.42763575703454,-1.41975876381722
"14287686","2018-02-27",24.3245374059112,0,0.116246498599441,0.134453781512605,31.7555040713837,29.0878292619496,30.4216666666667,0.124516952694406,36.8040425492796,30.476,29.9863990336877,-1.56081464134186,-1.44796993932215
"14287685","2018-02-28",25.6104002524768,0,0.0728291316526621,0.105042016806722,31.6873447217456,28.8896552782544,30.2885,-0.0117913772253992,33.2056102699497,30.362,29.8068791625293,-1.78786931080698,-1.51594981361911
"14287684","2018-03-01",27.2318368775828,0,1.09171930754807e-15,0.0630252100840334,31.6358124629167,28.62785420375,30.1318333333333,-0.0757504540016895,29.9874039120621,30.2196,29.5806286075254,-2.09087017056866,-1.63093388500902
"14287683","2018-03-02",29.1703409479196,0,1.09171930754807e-15,0.0242763772175535,31.6444187945428,28.2535812054572,29.949,-0.135732797585272,26.6776252419421,30.0432,29.3005447931887,-2.47997666243952,-1.80074244049512
"14287682","2018-03-05",30.9044786772901,0.0316301703163015,0.0105433901054349,0.0035144633684778,31.6141324223736,27.9598675776264,29.787,-0.0191194619423399,28.4329626525062,29.8756,29.0751388207635,-2.72677493453878,-1.98594893930385
"14287681","2018-03-06",32.3525754332204,0.0462287104622874,0.0259529602595307,0.0121654501216543,31.6002744300523,27.705058903281,29.6526666666667,0.0637383036563573,29.2745369579522,29.722,28.8877869779951,-2.87665961061915,-2.16409107356691
"14287680","2018-03-07",33.8345003771287,0.00243309002433042,0.0267639902676409,0.0210867802108676,31.6846503137856,27.4363496862144,29.5605,0.0644140652404972,28.2030629434771,29.5648,28.7014153809291,-3.01459287125935,-2.3341914331054
"14287679","2018-03-08",35.4790753385777,0,0.016220600162207,0.022979183563125,31.7266521058506,27.1100145608161,29.4183333333333,0.0519827335030973,26.0892475131178,29.3952,28.4905599968052,-3.19529112093999,-2.50641137067232
"14287678","2018-03-09",36.9541487750967,0.0582750582750583,0.0202360494331307,0.0210735466209916,31.7451237538891,26.8618762461109,29.3035,0.135454343890793,29.9116765097705,29.2416,28.3411519972312,-3.23393857683166,-2.65191681190419
"14287677","2018-03-12",37.8435135449988,0.119480519480519,0.0592518592518601,0.031902836282398,31.7316941145888,26.6766392187445,29.2041666666667,0.207058901664809,33.0441286119825,29.1044,28.239665064267,-3.17021343275786,-2.75557613607492
"14287676","2018-03-13",38.7243789055576,0.119402985074627,0.0990528542767356,0.0595135876539076,31.6496356779606,26.5106976553727,29.0801666666667,0.228835025082042,32.5958808520837,28.9936,28.1437097223647,-3.10246758663951,-2.82495442618784
"14287675","2018-03-14",38.9079396935295,0.185074626865671,0.141319377140273,0.0998746968896218,31.5032968675794,26.4110364657539,28.9571666666667,0.294361131592706,36.0228098018182,28.9348,28.0898817593828,-2.95258280328244,-2.85048010160676
"14287674","2018-03-15",39.3088317776321,0.123493975903614,0.142657195947972,0.127676475788326,31.3370610579925,26.3162722753409,28.8266666666667,0.287549982115891,34.2336342059381,28.8376,28.0152308581317,-2.86184914257305,-2.85275390980002
"14287673","2018-03-16",39.4534824726781,0.25531914893617,0.187962583901819,0.15731305233002,31.0957903433004,26.2982096566996,28.697,0.353328852054131,39.0464728829204,28.7704,27.9918667437142,-2.67041515198225,-2.81628615823647
"14287672","2018-03-19",40.1293173241272,0.101382488479262,0.160065204439683,0.163561661429824,30.6605907474623,26.3754092525377,28.518,0.292774238138631,34.6429044408463,28.688,27.9049511778856,-2.63306729553893,-2.77964238569696
"14287671","2018-03-20",40.8748136100872,0.0537634408602139,0.13682169275855,0.161616493700016,30.2258961337953,26.448437199538,28.3371666666667,0.232492128283405,33.6617100847602,28.5796,27.8136243541675,-2.60923841082956,-2.74556159072348
"14287670","2018-03-21",41.2639047043925,0.00714285714285573,0.0540962621607783,0.116994386453002,29.8711981189685,26.4948018810315,28.183,0.238478561823214,32.908875206996,28.4592,27.7224744402785,-2.58782837650825,-2.71401494788043
"14287669","2018-03-22",40.7795587803374,0.0500000000000003,0.0369687660010244,0.0759622403067829,29.6527467265483,26.4939199401184,28.0733333333333,0.298448376656248,33.9691149954189,28.3368,27.6514778482414,-2.5253042320213,-2.67627280470861
"14287668","2018-03-23",40.4795322493371,0,0.0190476190476197,0.0367042157364729,29.3371568556726,26.5511764776608,27.9441666666667,0.252032232967003,32.941320819934,28.2068,27.5752808018092,-2.48011636201114,-2.63704151616911
"14287667","2018-03-26",40.2009361848368,0.0901639344262318,0.0467213114754117,0.0342458988413507,28.8755188953328,26.7468144380005,27.8111666666667,0.263001388820214,35.0574205777516,28.0536,27.5239100282347,-2.38534146221868,-2.58670150537903
"14287666","2018-03-27",38.2774314525009,0.155737704918034,0.0819672131147561,0.0492453812125946,28.4883910512278,26.9482756154388,27.7183333333333,0.399358193289853,36.6237730886262,27.916,27.4900553578034,-2.26111603500074,-2.52158441130337
"14287665","2018-03-28",35.759664311832,0.635714285714285,0.293871975019518,0.140853499869894,28.2860335763466,27.0789664236533,27.6825,0.879017852469273,48.3602300098684,27.8312,27.5540479767629,-1.93516713938962,-2.40430095692062
"14287664","2018-03-29",33.2727907723137,0.748299319727891,0.513250436786738,0.296363208307003,28.2592893011032,27.0960440322301,27.6776666666667,1.03786306586299,51.275406112414,27.7872,27.6375082465279,-1.59705282449475,-2.24285133043545
"14287663","2018-04-02",31.676738032267,0.443113772455091,0.60904245929909,0.472054957035114,28.3071963177446,27.0818036822554,27.6945,0.855396292900161,46.435887790217,27.7192,27.6618404803242,-1.41775104191473,-2.0778312727313
"14287662","2018-04-03",30.1946890593665,0.479041916167665,0.556818336116883,0.559703744067569,28.3196006592143,27.0790660074523,27.6993333333333,0.731620562090089,47.3281753255708,27.6452,27.6909284162809,-1.24378422526796,-1.91102186323863
"14287661","2018-04-04",29.4510945440038,0.275449101796407,0.399201596806389,0.521687464074119,28.296100561695,27.0775661049716,27.6868333333333,0.513540856320452,42.9608446461256,27.5804,27.6708046274435,-1.19116865788815,-1.76705122216854
"14287660","2018-04-05",28.2536324057692,0.167664670658683,0.307385229540919,0.421135054154729,28.2932055968599,27.0744610698067,27.6838333333333,0.472239191576003,40.8136095727038,27.5292,27.629364010451,-1.1884050078586,-1.65132197930655
"14287659","2018-04-06",27.1417032774085,0.479041916167665,0.307385229540919,0.337990685296075,28.3175123395728,27.1131543270938,27.7153333333333,0.719757467401172,48.7784173049947,27.52,27.6627821423909,-1.02284278679464,-1.52562614080417
"14287658","2018-04-09",25.5435077791497,0.437125748502994,0.361277445109781,0.325349301397206,28.3476822643473,27.1313177356526,27.7395,0.719643585754165,47.8450136346083,27.5332,27.6824111900721,-0.901613607856833,-1.4008236342147
"14287657","2018-04-10",24.6376233854901,0.275449101796407,0.397205588822356,0.355289421157685,28.3483058137557,27.1320275195776,27.7401666666667,0.497122369101922,44.3220207973405,27.5304,27.6634230313958,-0.874113766483586,-1.29548166066848
"14287656","2018-04-11",23.796445019949,0.341317365269461,0.351297405189622,0.369926813040585,28.3526910469473,27.1369756197193,27.7448333333333,0.528926725678615,46.06448362856,27.5296,27.6616332938764,-0.810961574730951,-1.19857764348097
"14287655","2018-04-12",23.6297605139716,0.161676646706589,0.259481037924153,0.335994677312043,28.3355170493603,27.116816283973,27.7261666666666,0.344506538945382,42.1868202602472,27.524,27.6200821880262,-0.838810955462166,-1.12662430587721
"14287654","2018-04-13",23.1211078765496,0.262820512820513,0.255271508265522,0.288683317126431,28.3345419274217,27.116124739245,27.7253333333333,0.514773264998793,46.2475631429358,27.5432,27.617404562956,-0.779039703455808,-1.05710738539293
"14287653","2018-04-16",22.4120202673961,0.243243243243243,0.222580134256782,0.245777560148818,28.312823108297,27.1175102250363,27.7151666666666,0.562605644414387,46.7310875434384,27.5536,27.6190839545619,-0.714676642448386,-0.988621236804022
"14287652","2018-04-17",20.824435030053,0.45,0.31868791868792,0.265513187070074,28.3645562580386,27.1167770752947,27.7406666666666,0.820035258526454,52.1401617212938,27.5696,27.6672060939536,-0.555134844963312,-0.90192395843588
"14287651","2018-04-18",19.8110766269232,0.600000000000001,0.431081081081082,0.324116378008594,28.4374600090821,27.1455399909179,27.7915,0.927142025492811,55.0870051143238,27.5964,27.7369119480932,-0.363495893078469,-0.794238345364398
"14287650","2018-04-19",18.5138425964876,0.435714285714286,0.495238095238096,0.415002365002365,28.4448255645399,27.2148411021267,27.8298333333333,0.692549857799581,51.3572460221989,27.6052,27.7666570216807,-0.275438689186824,-0.690478414128883
"14287649","2018-04-20",17.7411082923853,0.330769230769231,0.455494505494507,0.460604560604561,28.446740911267,27.266259088733,27.8565,0.596147181458819,48.5848103170442,27.6152,27.7684360854566,-0.254992059699133,-0.603381143242933
"14287648","2018-04-23",17.0235692957188,0.384615384615385,0.383699633699635,0.444810744810745,28.4183651389838,27.3703015276828,27.8943333333333,0.610362257996062,49.7215265389951,27.6156,27.7793112740624,-0.215973399622005,-0.525899594518748
"14287647","2018-04-24",16.1471339556591,0.610687022900762,0.44202387942846,0.4270726728742,28.4261537060949,27.4638462939051,27.945,0.889688362834751,54.3768881182365,27.648,27.8287364375208,-0.0969361002719493,-0.440106895669388
"14287646","2018-04-25",15.3333011398893,0.679389312977098,0.558230573497749,0.461318028875281,28.467690718377,27.503309281623,27.9855,0.902157609585245,55.7020261996003,27.6888,27.8835715791847,0.0230323451133385,-0.347479047512843
"14287645","2018-04-26",15.2946394556904,0.734177215189874,0.674751183689245,0.558335212205151,28.5708614908072,27.4511385091928,28.011,1.07067686427109,59.5022811176551,27.744,27.9670953686267,0.193573387597201,-0.239268560490834
"14287644","2018-04-27",15.9172900123101,0.677248677248677,0.696938401805217,0.643306719664069,28.6923210103193,27.3826789896807,28.0375,1.10767241795228,61.0995769461901,27.8016,28.0554826528098,0.35861548787377,-0.119691750817913
"14287643","2018-04-30",17.3103994407744,0.720338983050847,0.7105882918298,0.694092625774753,28.9417865840762,27.2472134159238,28.0945,1.19368500699302,66.1342192049784,27.8804,28.1880849657685,0.602106180794726,0.0246678355046147
"14287642","2018-05-01",17.7265046467649,0.597457627118644,0.665015095806057,0.690847263147024,29.0572099310877,27.2241234022456,28.1406666666667,0.919692862954659,60.3283270391979,27.9432,28.264340303666,0.703119218046599,0.160358112013012
"14287641","2018-05-02",17.663054902351,0.4739336492891,0.597243419819531,0.657615602485128,29.1159300249764,27.2657366416903,28.1908333333333,0.778799685477844,57.3375205668268,27.9964,28.3090949298439,0.728806240923907,0.274047737795191
"14287640","2018-05-03",16.8563026250623,0.120192307692308,0.397194528033351,0.553151014552979,29.1105262916139,27.3281403750528,28.2193333333333,0.50037403048379,46.2305981262254,27.9928,28.2518822725314,0.537748163065044,0.326787822849161
"14287639","2018-05-04",15.6833335290624,0.466321243523315,0.353482400168242,0.449306782673707,29.1838564108946,27.3398102557721,28.2618333333333,0.808108701665829,56.348608053405,28.0128,28.3089646361939,0.607437038770486,0.382917666033426
"14287638","2018-05-07",14.8600702748862,0.38341968911917,0.323311080111599,0.357996002771063,29.2269201224176,27.3640798775824,28.2955,0.706405246540085,54.1537661648446,28.0408,28.3371026847014,0.609873009868944,0.42830873480053
"14287637","2018-05-08",15.8034312762657,0,0.283246977547496,0.320013485942444,29.2244809303569,27.3701857363097,28.2973333333333,0.217412846842204,42.2039418601405,28.0232,28.2174889934078,0.300399946875007,0.402726977215425
"14287636","2018-05-09",16.6794093489753,0.0484581497797354,0.14395927963297,0.25017244576402,29.2264146928429,27.3652519738238,28.2958333333333,0.206724550327876,43.5697768534239,28.0236,28.1284904609535,0.084858366721785,0.339153255116697
"14287635","2018-05-10",17.3719083800864,0.0969162995594709,0.0484581497797364,0.158554802320066,29.2005794262209,27.4214205737791,28.311,0.235268158122272,44.9702734387527,28.0356,28.0660250661597,-0.0541911426296449,0.260484375567429
"14287634","2018-05-11",17.7650787856795,0.158590308370044,0.101321585903084,0.0979130051052622,29.1882594895083,27.456073843825,28.3221666666667,0.294767956375848,46.7806135896844,28.0324,28.0305550573384,-0.12289570356665,0.183808359740613
"14287633","2018-05-14",18.6235464824093,0.0132158590308359,0.0895741556534512,0.0797846304454228,29.2045637598736,27.4217695734597,28.3131666666667,0.105581691916383,43.1751028224064,28.0188,27.9558143830266,-0.269553611422546,0.0931359655079813
"14287632","2018-05-15",19.9338964228683,0,0.0572687224669609,0.082721488007831,29.2675041777987,27.2728291555346,28.2701666666667,0.00359499386384418,39.3182714577017,28.0004,27.8390391319564,-0.493528232062823,-0.0241968740061796
"14287631","2018-05-16",21.3914650672757,0,0.00440528634361292,0.0504160548213405,29.3365762860886,27.0730903805781,28.2048333333333,-0.0160918668955552,37.4697352311088,27.9696,27.7111672476955,-0.721994835521222,-0.163756466309188
"14287630","2018-05-17",23.0096720478451,0,9.43111329772724e-16,0.0205580029368571,29.4308942090448,26.8504391242885,28.1406666666667,-0.0260054094146478,35.4080691865406,27.9416,27.5696782813361,-0.960623179375686,-0.323129808922488
"14287629","2018-05-18",24.5468696431255,0,9.43111329772724e-16,0.00146842878120376,29.5038086637997,26.6561913362003,28.08,0.0352840002385737,35.1365038452045,27.9024,27.4430545104913,-1.14694733403307,-0.487893313944603
"14287628","2018-05-21",25.9742674101716,0.0199203187250999,0.00664010624170091,0.00221336874723309,29.550442907895,26.4872237587717,28.0188333333333,0.0977543209667804,36.0172853615054,27.864,27.3399805757591,-1.26657464243608,-0.643629579642899
"14287627","2018-05-22",26.135612536176,0.0916334661354584,0.0371845949535204,0.0146082337317396,29.5373375013107,26.3716624986893,27.9545,0.209014138879117,39.2171813242666,27.8188,27.2746498323246,-1.29405157045699,-0.773713977805717
"14287626","2018-05-23",25.9743909670181,0.227091633466136,0.112881806108899,0.0522355024347056,29.4960497275994,26.3052836057339,27.9006666666666,0.310703769273176,44.8298388603829,27.7788,27.2633631880146,-1.2015457915352,-0.859280340551613
"14287625","2018-05-24",25.5954417285186,0.260504201680671,0.193076433760756,0.114380944941057,29.4093426553396,26.2626573446604,27.836,0.347670394078952,45.6250137171562,27.75,27.2602480962794,-1.10074432980024,-0.907573138401338
"14287624","2018-05-25",24.981251905135,0.43956043956044,0.309052091569083,0.205003443812912,29.279820301235,26.2595130320983,27.7696666666666,0.412922766935844,48.5026158098162,27.7356,27.2815483501088,-0.956514611448389,-0.917361433010749
"14287623","2018-05-29",25.2773707308302,0.19642857142857,0.298831070889895,0.266986532073244,29.0285570870227,26.2977762463106,27.6631666666666,0.308418654889115,42.2197564263072,27.6996,27.2373419034276,-0.970190570302776,-0.927927260469154
"14287622","2018-05-30",25.6192484036625,0.172619047619047,0.26953601953602,0.292473060664998,28.8320733510278,26.3102599823055,27.5711666666667,0.301267344807293,41.7243872689839,27.65,27.1936963163039,-0.981812317453701,-0.938704271866064
"14287621","2018-05-31",25.9037643221822,0.273809523809522,0.214285714285714,0.260884268237209,28.6520926222345,26.3382407110988,27.4951666666666,0.366672539190913,44.6943847503966,27.6036,27.1785368074634,-0.929990615322529,-0.936961540557357
"14287620","2018-06-01",26.5901051311003,0.173228346456692,0.206552305961755,0.230124679927829,28.5591396470015,26.3128603529985,27.436,0.322224540643975,41.4802945007929,27.5368,27.1333985664683,-0.949398973218174,-0.93944902708952
"14287619","2018-06-04",27.2274215965243,0.254716981132075,0.233918283799431,0.218252101348965,28.2805387454069,26.4114612545931,27.346,0.330932638398853,42.4094739493022,27.4672,27.1009454242725,-0.939287289715418,-0.9394166796147
"14287618","2018-06-05",27.8562887051962,0.235849056603774,0.221264794730848,0.220578461497343,27.9783593139386,26.5456406860613,27.262,0.317130876292052,42.121373020941,27.38,27.0701527010362,-0.926694562628749,-0.93687225621751
"14287617","2018-06-06",30.0120298721821,0,0.163522012578617,0.206235030369631,28.0188202535645,26.3368464131021,27.1778333333333,-0.146759959735297,29.1980195028222,27.256,26.882132340898,-1.26471826343887,-1.00244145766178
"14287616","2018-06-07",32.3113618194893,0,0.0786163522012589,0.154467719836907,28.1380556922643,25.993277641069,27.0656666666666,-0.226881739176311,26.5846245374609,27.124,26.6711813621116,-1.62590741436885,-1.1271346490032
"14287615","2018-06-08",34.4464557705603,0.109243697478991,0.0364145658263312,0.0928509768687346,28.1304449913752,25.7828883419581,26.9566666666666,-0.0523473382372402,31.3628478423282,27.0312,26.5230238471634,-1.81585277858596,-1.26487827491975
"14287614","2018-06-11",36.4798761133475,0.0840336134453779,0.0644257703081238,0.0598188961119035,28.0557552700244,25.6219113966422,26.8388333333333,-0.0048940676813681,30.8636312344101,26.904,26.3866206675416,-1.96428131457275,-1.40475888285035
"14287613","2018-06-12",36.2196647339522,0.159663865546218,0.11764705882353,0.0728291316526605,27.9772026858798,25.5347973141202,26.756,0.171362225145949,34.2451163911357,26.7904,26.2924045785361,-2.00533647876787,-1.52487440203385
"14287612","2018-06-13",35.9780398816565,0.298319327731093,0.180672268907564,0.120915032679738,27.9252361336486,25.4687638663514,26.697,0.25696855692295,40.035669233617,26.7332,26.2547506347313,-1.91514467612166,-1.60292845685141
"14287611","2018-06-14",33.7456249207951,0.327731092436974,0.261904761904763,0.186741363211951,27.8897678910743,25.4432321089257,26.6665,0.40197023273345,41.2181765950672,26.6744,26.2314505501004,-1.80156670748698,-1.64265610697853
"14287610","2018-06-15",31.552843513246,0.698198198198199,0.441416206122089,0.294664412311471,27.9043860851168,25.4462805815498,26.6753333333333,0.615807342790451,52.3496847478293,26.642,26.313923810087,-1.45803151815017,-1.60573118921286
"14287609","2018-06-18",29.4816834237147,0.784037558685446,0.603322283106874,0.435547750377907,27.9359070774585,25.4497595892082,26.6928333333333,0.666455664955176,53.8174744566175,26.6088,26.4014006354088,-1.13618057116226,-1.51182106560274
"14287608","2018-06-19",28.0331945742798,0.772532188841203,0.751589315241617,0.598775934823525,27.9858926211345,25.4487740455321,26.7173333333333,0.720460067854947,55.4195724591215,26.594,26.4945472173543,-0.832220745681689,-1.37590100161853
"14287607","2018-06-20",26.5309771529522,0.742489270386267,0.766353005970973,0.70708820143982,27.9997159516779,25.4476173816554,26.7236666666667,0.670970407827741,54.3267132850515,26.592,26.565940921707,-0.606011936794548,-1.22192318865373
"14287606","2018-06-21",25.9334526856984,0.78515625,0.766725903075824,0.761556074762803,28.0299283842756,25.4370716157243,26.7335,0.793048710807844,57.9027307492292,26.6092,26.6651487988128,-0.338350610094318,-1.04520867294185
"14287605","2018-06-22",26.1403351614818,0.788273615635179,0.771973045340482,0.768350651462425,28.1369879854776,25.3880120145224,26.7625,0.927128748694994,62.529116178807,26.652,26.8057956256377,-0.00337156303378272,-0.836841250960236
"14287604","2018-06-25",26.9472796225333,0.831932773109243,0.801787546248141,0.780162164888148,28.3443848792323,25.276948454101,26.8106666666667,1.04095117334415,67.6630519544544,26.718,27.0010228755527,0.420224817153692,-0.58542803733745
"14287603","2018-06-26",27.7197466069326,0.888579387186629,0.836261925310351,0.803340838966324,28.6069682809428,25.1626983857239,26.8848333333333,1.00475138502162,69.4652226632444,26.7908,27.1995531588123,0.808999002857602,-0.30654262929844
"14287602","2018-06-27",28.4617134258933,0.882697947214077,0.867736702503317,0.835262058020602,28.8483347702414,25.0786652297585,26.9635,0.945618194192738,69.6309218986698,26.8572,27.374279404304,1.10726970895334,-0.0237801616480839
"14287601","2018-06-28",29.2029116007022,0.881159420289855,0.884145584896855,0.862714737570173,29.0646791666281,25.0113208333719,27.038,0.904273822331981,69.8948240070418,26.9112,27.5297088170635,1.3346605302355,0.247907976728633
"14287600","2018-06-29",29.2151285910891,0.804281345565749,0.856046237689895,0.869309508363354,29.2261438426809,24.9908561573191,27.1085,0.8159564983724,65.2157993086595,26.954,27.633747641455,1.42951850197648,0.484230081778202
"14287599","2018-07-02",29.3367244738494,0.829931972789116,0.838457579548241,0.859549800711662,29.3949132333319,24.9754201000014,27.1851666666667,0.811838173539167,66.6780621856862,26.9952,27.742581289261,1.52676937611704,0.69273794064597
"14287598","2018-07-03",30.2197332856272,0.794478527607363,0.809563948654077,0.834689255297403,29.6087476965316,24.9509189701351,27.2798333333333,0.846406039117777,68.8911883682114,27.064,27.8662371173596,1.64736134325163,0.883662621167102
"14287597","2018-07-05",31.2105187921142,0.771863117870722,0.798757872755734,0.815593133652683,29.8166792329558,25.0419874337108,27.4293333333333,0.845711668118071,70.8793782838361,27.1428,28.0014055017116,1.78141867625543,1.06321383218477
"14287596","2018-07-06",32.3564455538611,0.892592592592592,0.81964474602356,0.809322189144456,30.0028694968007,25.252797169866,27.6278333333333,0.889222143597635,74.9795735994985,27.2348,28.1852181014834,2.00579627395503,1.25173032053882
"14287595","2018-07-09",30.1940998474992,0.367424242424242,0.677293317629186,0.765231978802825,29.9946727377122,25.5473272622878,27.771,0.669164580869794,52.8582737135351,27.2812,28.1605223546189,1.76743154154464,1.35487056473998
"14287594","2018-07-10",28.3771103687229,0.253787878787878,0.504601571268238,0.667179878306993,29.8785749029977,25.8974250970023,27.888,0.515573390357387,49.4431925176708,27.3136,28.0991193740031,1.47567577722336,1.37903160723666
"14287593","2018-07-11",26.4630353843817,0.398305084745763,0.339839068652628,0.507244652516683,29.7973100737572,26.2193565929094,28.0083333333333,0.598287098630288,55.1626415598191,27.3688,28.1192367908027,1.3862446367074,1.38047421313081
"14287592","2018-07-12",24.6893802123108,0.345177664974619,0.332423542836087,0.392288060918983,29.6967087621393,26.5589579045274,28.1278333333333,0.615422378353618,56.4176609462944,27.4776,28.1540052186957,1.33711324622401,1.37180201974945
"14287591","2018-07-13",23.0234492161197,0.34010152284264,0.361194757521008,0.344485789669907,29.5959425177065,26.8647241489601,28.2303333333333,0.590191738658525,56.2871457821376,27.6004,28.1828045228696,1.28039803399242,1.35352122259804
"14287590","2018-07-16",21.5934699254121,0.345177664974619,0.343485617597293,0.345701305984795,29.5457350790989,27.0692649209011,28.3075,0.579077606764238,56.3957781189163,27.7132,28.2090972531536,1.22408009673693,1.32763299742582
"14287589","2018-07-17",20.2004477785954,0.329949238578681,0.338409475465314,0.347696616861204,29.4845274269305,27.2654725730694,28.375,0.536802455119384,55.9465887116392,27.8272,28.2278842860665,1.15743676792235,1.29359375152513
"14287588","2018-07-18",19.4128748214967,0.131979695431473,0.269035532994925,0.31697687535251,29.4148488850515,27.4214844482819,28.4181666666667,0.360453682459866,50.3338933210671,27.9184,28.1921663812576,0.981800609999661,1.23123512322003
"14287587","2018-07-19",18.3844242735249,0.152284263959391,0.204737732656516,0.27072758037225,29.2918977209044,27.6494356124289,28.4706666666667,0.341295171851111,50.8782105847162,27.998,28.1665441970899,0.844334234681732,1.15385494551237
"14287586","2018-07-20",17.8886522852248,0.035532994923858,0.106598984771575,0.193457416807671,29.2259527503531,27.7603805829803,28.4931666666667,0.124833668669503,47.6448057708307,28.0656,28.1136716374779,0.661802665132338,1.05544448943637
"14287585","2018-07-23",17.4282925818033,0.0761421319796964,0.0879864636209826,0.133107727016356,29.2223712180784,27.7676287819216,28.495,0.14140272965102,48.8621613621793,28.1056,28.0785154191476,0.533895672509654,0.951134726051024
"14287584","2018-07-24",16.2170382233651,0,0.0372250423011856,0.0772701635645798,29.2351419561235,27.7018580438765,28.4685,0.155314977364181,45.8484846829575,28.1324,28.0200466965945,0.367792642357045,0.834466309312229
"14287583","2018-07-25",15.8088222209057,0.364532019704432,0.14689138389471,0.0907009632722917,29.22966352372,27.7006698096133,28.4651666666667,0.559843280685725,56.1191029789764,28.1836,28.0680404703819,0.444067857086572,0.756386618867097
"14287582","2018-07-26",15.811889698504,0.559585492227978,0.308039170644138,0.164051865613343,29.2547939111786,27.6962060888214,28.4755,0.740281615593284,59.8838603345885,28.2512,28.1549684076644,0.594952973774898,0.724099889848657
"14287581","2018-07-27",15.7095530118144,0.707482993197279,0.543866835043231,0.332932463194025,29.2695768759212,27.6940897907455,28.4818333333333,0.704063875245371,59.2399257414351,28.306,28.2249726199758,0.69446442383081,0.718172796645088
"14287580","2018-07-30",15.2665393048511,0.61904761904762,0.628705368157626,0.493537124614997,29.2857134252278,27.7012865747722,28.4935,0.617708179425499,57.0912562773493,28.3392,28.268309603979,0.727430651125149,0.7200243675411
"14287579","2018-07-31",15.0966741724449,0.639455782312924,0.655328798185942,0.609300333795599,29.3010110403299,27.7033222930035,28.5021666666667,0.646774520627012,57.4745805306697,28.3516,28.3098683234485,0.753228469465461,0.726665187925972
"14287578","2018-08-01",14.0360150282439,0.394557823129251,0.551020408163266,0.611684858168943,29.2562648537691,27.6970684795643,28.4766666666667,0.440140103660172,51.5260059906984,28.3408,28.297885880322,0.663330526046724,0.713998255550123
"14287577","2018-08-02",13.1140990960995,0.46938775510204,0.501133786848072,0.569160997732426,29.1750418274452,27.7172915058881,28.4461666666667,0.516349393295196,53.1225324029488,28.3336,28.3021677629457,0.616353609664877,0.694469326373074
"14287576","2018-08-03",13.0466507204257,0.687074829931972,0.517006802721088,0.523053665910808,28.9942482760652,27.8300850572681,28.4121666666667,0.830280147827815,57.5070897564269,28.338,28.348545394553,0.662603316105748,0.688096124319608
"14287575","2018-08-06",13.0280873306402,0.850340136054422,0.668934240362812,0.56235827664399,29.0627908257103,27.805542507623,28.4341666666667,0.920892721870344,60.4917528904089,28.3612,28.4207393419459,0.758445006668684,0.702165900789424
"14287574","2018-08-07",13.4079293828375,0.666666666666666,0.734693877551021,0.640211640211639,29.1046595863083,27.8610070803584,28.4828333333333,0.854198618900816,57.7610249313701,28.3728,28.4633074296865,0.78244583047784,0.718221886727107
"14287573","2018-08-08",12.6709073170667,0.315151515151515,0.610719439290869,0.671449185734899,29.1048264484597,27.8621735515403,28.4835,0.411345584161301,48.6213509036456,28.3524,28.4228664390616,0.629672497201628,0.700512008822011
"14287572","2018-08-09",11.8536043193343,0.472727272727274,0.484848484848486,0.610087267230124,29.111562240515,27.865437759485,28.4885,0.581452536680855,52.2675437656203,28.334,28.4224842471867,0.575760581756302,0.675561723408869
"14287571","2018-08-10",12.1555062044694,0.638888888888888,0.475589225589227,0.523719049909526,29.1776227349623,27.8523772650377,28.515,0.871000450727566,56.9497028774313,28.3104,28.4714863475618,0.630688652252553,0.666587109177606
"14287570","2018-08-13",12.3576106474803,0.468750000000001,0.526788720538722,0.49574214365881,29.2147015001696,27.8526318331637,28.5336666666667,0.751822655117175,56.46606078618,28.3408,28.5099548345536,0.657924566571144,0.664854600656314
"14287569","2018-08-14",12.8574488267052,0.656249999999999,0.587962962962964,0.530113636363636,29.2867991252382,27.8438675414285,28.5653333333333,0.86361160331762,59.4340922264944,28.3928,28.5752941899464,0.73861641215871,0.679606962956793
"14287568","2018-08-15",13.990961235307,0.610738255033558,0.57857941834452,0.564443700615401,29.3759224428145,27.8670775571855,28.6215,0.925380593755178,60.2845859383548,28.4256,28.6412549646202,0.812532680586453,0.706192106482725
"14287567","2018-08-16",15.0435084718658,0.67785234899329,0.648280201342283,0.604940860883255,29.4619227086858,27.8907439579809,28.6763333333333,0.901184991237022,61.5255770370548,28.4572,28.7117543026709,0.888567997886769,0.742667284763534
"14287566","2018-08-17",16.5830335247433,0.72316384180791,0.670584815278254,0.632481478321685,29.5680376468291,27.9506290198375,28.7593333333333,1.02182236814818,64.7300922858639,28.5,28.8088537289814,1.01231011154232,0.796595850119292
"14287565","2018-08-20",18.4060072647116,0.848780487804877,0.749932226202027,0.689599080940853,29.7545568177885,27.9671098488782,28.8608333333333,1.13917980218262,69.4054332243267,28.5608,28.9543398984506,1.22363792205162,0.882004264505758
"14287564","2018-08-21",19.2588674542562,0.717073170731707,0.763005833448165,0.727840958309481,29.8302654570446,28.0767345429554,28.9535,0.978938424515628,64.039474378894,28.612,29.0444279119905,1.29963196472878,0.965529804550362
"14287563","2018-08-22",19.4205489756575,0.609756097560975,0.72520325203252,0.746047103894236,29.9026194375301,28.1070472291365,29.0048333333333,0.822181417876567,59.9709370684737,28.67,29.0931708570584,1.28345518159985,1.02911487996026
"14287562","2018-08-23",19.3193079472111,0.565853658536585,0.63089430894309,0.706367798141257,29.9489185159008,28.1200814840992,29.0345,0.723548258387245,58.338083593613,28.7228,29.123414742784,1.23129204283654,1.06955031253552
"14287561","2018-08-24",19.3250483825888,0.565853658536585,0.580487804878049,0.645528455284552,29.9932769361276,28.1413897305391,29.0673333333333,0.712035952017879,58.338083593613,28.7848,29.1496261104128,1.17627774560287,1.09089579914899
"14287560","2018-08-27",18.8855810498126,0.492682926829269,0.541463414634147,0.584281842818427,30.0218190008558,28.1845143324775,29.1031666666667,0.659744872503415,55.4213191637367,28.8376,29.1523426290244,1.07868870939389,1.08845438119797
"14287559","2018-08-28",18.4775042408062,0.480446927374302,0.512994504246719,0.544981907919637,30.0457607074655,28.2252392925345,29.1355,0.636133160148925,57.1146591816551,28.9032,29.1693636118212,1.02000761190606,1.07476502733959
"14287558","2018-08-29",18.292394605033,0.42758620689655,0.466905353700041,0.507121090860301,30.0426622841204,28.337671049213,29.1901666666667,0.668036054458406,58.6523184837103,28.9432,29.1974484635783,0.989669983480024,1.05774601856767
"14287557","2018-08-30",18.629465792448,0.572413793103447,0.493482309124767,0.491127389023841,30.0624024181252,28.4399309152082,29.2511666666667,0.77047213620971,61.7536304120856,28.978,29.2497886684346,1.01177951560676,1.04855271797549
"14287556","2018-08-31",19.0975826276954,0.462809917355371,0.487603305785123,0.482663656203309,30.100892263322,28.491107736678,29.296,0.746823923796616,61.0491634223796,29.0132,29.29115017931,1.00913670683476,1.04066951574734
"14287555","2018-09-04",20.1112747621032,0.598290598290599,0.544504769583139,0.508530128164342,30.1784244871941,28.5099088461393,29.3441666666667,0.849112699735778,64.1335530421552,29.062,29.3549968220686,1.05242815790343,1.04302124417856
"14287554","2018-09-05",21.7187140353889,0.582191780821917,0.547764098822629,0.526624058063629,30.3026165968686,28.5157167364648,29.4091666666667,0.955630830080589,67.4391753860855,29.1196,29.4436639124595,1.14167706440422,1.06275240822369
"14287553","2018-09-06",23.8408155703932,0.756476683937823,0.64565302101678,0.579307296474182,30.4811072744834,28.5785593921833,29.5298333333333,1.1606053624332,73.7873671045687,29.216,29.6018420574649,1.36231281487018,1.12266448955299
"14287552","2018-09-07",23.1444255403125,0.274611398963729,0.53775995457449,0.577059024804632,30.4567434112591,28.7355899220742,29.5961666666667,0.686212329123414,55.8950750129376,29.2708,29.6149297831362,1.26814786934235,1.15176116551086
"14287551","2018-09-10",22.4977776552375,0.357512953367875,0.462867012089809,0.548759995893692,30.4783546834733,28.81297864986,29.6456666666667,0.710763210779772,57.7913743541894,29.3192,29.6476058120514,1.22291189629622,1.16599131166793
"14287550","2018-09-11",21.8973189048107,0.398963730569948,0.343696027633851,0.448107664766049,30.4736797105051,28.9339869561616,29.7038333333333,0.718333603063565,58.7464458092125,29.3612,29.6865917037779,1.19488222773769,1.17176949488189
"14287549","2018-09-12",21.5930001629927,0.424870466321242,0.393782383419689,0.400115141047782,30.4905923937119,29.0197409396214,29.7551666666667,0.745776008851659,59.365311335543,29.4112,29.7270461432742,1.17253748200314,1.17192309230614
"14287548","2018-09-13",21.1415182911847,0.393782383419688,0.40587219343696,0.381116868163498,30.5050147655509,29.0846519011157,29.7948333333333,0.684342564769499,58.236309380197,29.482,29.7541066575043,1.12541660301164,1.16262179444724
"14287547","2018-09-14",20.7440412596048,0.414507772020724,0.411053540587219,0.403569372481288,30.5176795636122,29.1499871030544,29.8338333333333,0.684861246679846,58.7988638258162,29.544,29.7828924365037,1.08628279276097,1.14735399410999
"14287546","2018-09-17",20.7473213563805,0.357142857142856,0.38847767086109,0.401801134961755,30.545345058628,29.173654941372,29.8595,0.687481606400378,57.9581181345341,29.5896,29.8025067783032,1.03243958674901,1.12437111263779
"14287545","2018-09-18",20.7503671605294,0.401162790697675,0.390937806620419,0.396823006022908,30.5672196479504,29.1704470187162,29.8688333333333,0.729934822565045,60.1080923370896,29.642,29.8381725411961,1.01584629865401,1.10266614984104
"14287544","2018-09-19",19.4300774173741,0,0.252768549280178,0.344061342253894,30.5662443170307,29.1670890163026,29.8666666666667,0.416616356593188,49.2571991285224,29.6624,29.79441620237,0.841454900914895,1.05042390005581
"14287543","2018-09-20",18.2801330176223,0,0.133720930232559,0.25914242871105,30.5667973520644,29.1648693146023,29.8658333333333,0.286603407113354,48.7494835669617,29.6788,29.752494042054,0.687166331422917,0.977772386329229
"14287542","2018-09-21",17.4721551970013,0,6.29126380620922e-16,0.128829826504244,30.5619652250675,29.1777014415991,29.8698333333333,0.249686436835177,47.0100613681941,29.6872,29.7028281697801,0.531567205177752,0.888531350098934
"14287541","2018-09-24",17.2430392646759,0,6.29126380620922e-16,0.0445736434108519,30.571320193923,29.1570131394103,29.8641666666667,0.134096430227954,43.4998989269216,29.6764,29.6317844138094,0.346995940624995,0.780224268204146
"14287540","2018-09-25",17.9863713344499,0,6.29126380620922e-16,-8.04911692853238e-16,30.6429464218561,29.0337202448105,29.8383333333333,-0.0955243252957327,36.985286232146,29.6288,29.5088798253015,0.0738957561613018,0.638958565795577
"14287539","2018-09-26",19.3068449233318,0,6.29126380620922e-16,-8.04911692853238e-16,30.7671595637996,28.8235071028671,29.7953333333333,-0.154437984962465,32.6369743005977,29.5768,29.3516958485946,-0.245052939536972,0.462156264729067
"14287538","2018-09-27",20.4660799703656,0.046296296296297,0.0154320987654329,0.00514403292180997,30.848490062743,28.6541766039237,29.7513333333333,-0.0262086243995195,34.8090749116078,29.5376,29.228803068782,-0.466278290922717,0.276469353598711
"14287537","2018-09-28",20.4055207155689,0.222222222222222,0.0895061728395071,0.0349794238683121,30.8642079517704,28.5664587148963,29.7153333333333,0.175624597596521,42.4085662203099,29.5172,29.1729626596111,-0.531072202353122,0.114961042408344
"14287536","2018-10-01",19.8945603056585,0.361111111111112,0.209876543209878,0.104938271604938,30.8606018685399,28.5230647981268,29.6918333333333,0.299575371047616,47.6017805810018,29.5088,29.1645676383296,-0.493770256941872,-0.00678521746169922
"14287535","2018-10-02",18.7557408721096,0.555555555555557,0.379629629629631,0.22633744855967,30.8427985698183,28.5152014301817,29.679,0.496133351495098,53.8729274338459,29.5232,29.213291953219,-0.344007548769099,-0.0742296837231791
"14287534","2018-10-03",17.5683751011836,0.467592592592593,0.461419753086421,0.350308641975308,30.7827478725592,28.5075854607741,29.6451666666667,0.456706387425458,50.9048282330725,29.5256,29.2301863594565,-0.274738650766992,-0.114331477131942
"14287533","2018-10-04",16.4179846895419,0.504629629629631,0.509259259259261,0.450102880658436,30.5977537916217,28.5775795417116,29.5876666666667,0.524255333420961,52.101434875914,29.5272,29.2554948448623,-0.195518818665386,-0.130568945438631
"14287532","2018-10-05",16.2025347337356,0.728971962616823,0.567064728279683,0.51258124687512,30.6194681778693,28.5725318221307,29.596,0.73807937748875,58.5009023177882,29.5392,29.340095532214,-0.0033070573949745,-0.105116567829899
"14287531","2018-10-08",16.4688751007444,0.803347280334729,0.678982957527062,0.585102315022,30.6866100151127,28.5463899848873,29.6165,0.869198799893242,62.6204089135656,29.5668,29.4614161279188,0.24441538488873,-0.0352101772861735
"14287530","2018-10-09",16.716191155824,0.824267782426779,0.785529008459444,0.677192231422062,30.7476795918126,28.5233204081874,29.6355,0.852685845782089,63.1672893862882,29.588,29.5732273108629,0.448263195188758,0.0614844972088129
"14287529","2018-10-10",17.505333546927,0.768939393939394,0.798851485566968,0.754454483851157,30.8243748028062,28.4912918638604,29.6578333333333,0.888113077715598,63.8507648257618,29.6016,29.6781303360812,0.618155819367527,0.172818761640556
"14287528","2018-10-11",16.9126206344387,0.579545454545455,0.724250876970543,0.769543790332317,30.8334811811155,28.4895188188845,29.6615,0.699875223062066,54.7356355125028,29.5708,29.7023796246037,0.60947573397625,0.260150156107695
"14287527","2018-10-12",16.1027471896004,0.537878787878788,0.62878787878788,0.717296747108462,30.8182156438147,28.4911176895186,29.6546666666667,0.626910572366809,52.9449128397471,29.5728,29.7087290079899,0.566170245395603,0.321354173965276
"14287526","2018-10-15",15.914384443012,0.708333333333334,0.60858585858586,0.653874871448093,30.851536165623,28.480463834377,29.666,0.785665403120548,58.872703302697,29.5864,29.7742318069246,0.646377677054311,0.386358874583083
"14287525","2018-10-16",16.3805293689393,0.7109375,0.652383207070708,0.629918981481481,30.9010225469356,28.461644119731,29.6813333333333,0.834238150276535,59.4834496760872,29.5988,29.8376675660013,0.714886929592673,0.452064485585001
"14287524","2018-10-17",16.9146210879125,0.825892857142857,0.748387896825398,0.669785654160654,31.0454732310238,28.4211934356429,29.7333333333333,0.902650155111722,64.1807254126627,29.6256,29.9473118905345,0.869297024474891,0.535510993362979
"14287523","2018-10-18",17.2398086506939,0.752525252525253,0.763118536556038,0.72129654681738,31.1766461368593,28.409687196474,29.7931666666667,0.850625610126188,63.0291116240226,29.6524,30.0343369717965,0.963598316379488,0.621128457966281
"14287522","2018-10-19",18.005271223054,0.72636815920398,0.768262089624031,0.759922841001821,31.3363492328052,28.3959841005281,29.8661666666667,0.879941475432171,65.2663685206206,29.6856,30.136425375557,1.0788142165703,0.712665609687085
"14287521","2018-10-22",17.9429257874887,0.592039800995025,0.690311070908087,0.740563899029384,31.4386042995408,28.4367290337925,29.9376666666667,0.77949195943386,59.9886803197975,29.7096,30.1889019921494,1.08481511642731,0.787095511035129
"14287520","2018-10-23",17.2102801019104,0.44041450777202,0.586274155990342,0.681615772174152,31.4478239404911,28.5821760595089,30.015,0.643655705014807,55.3473213910955,29.7176,30.1997150598628,1.00835731717033,0.831347872262169
"14287519","2018-10-24",17.6913716553301,0.47239263803681,0.501615648934619,0.592733625277682,31.4257705640334,28.8325627692999,30.1291666666666,0.761259433731434,58.6594235162369,29.758,30.2424197185478,1.00285791272547,0.86564988035483
"14287518","2018-10-25",17.7612637398827,0.38036809815951,0.431058414656114,0.506316073193691,31.3338865888691,29.1264467444642,30.2301666666666,0.675089709003692,55.9765613980463,29.7936,30.2594304227414,0.947456613949949,0.882011227073854
"14287517","2018-10-26",16.5313274653126,0.0184049079754608,0.290388548057261,0.407687537215997,31.2314803087201,29.3468530246132,30.2891666666666,0.426156928831373,46.8919861468513,29.8096,30.1955063663759,0.737656047853097,0.853140191229703
"14287516","2018-10-29",15.3892437817832,0.128834355828221,0.175869120654398,0.29910536112259,31.145863837329,29.5294694960043,30.3376666666666,0.410706608131889,49.5804403060918,29.8412,30.1641055175258,0.612354657738146,0.804983084531391
"14287515","2018-10-30",14.6544025831324,0.337423312883436,0.16155419222904,0.209270620313565,31.1270025769329,29.6286640897337,30.3778333333333,0.563737266856529,54.287686104024,29.9048,30.1822247818557,0.597105815582966,0.763407630741706
"14287514","2018-10-31",13.8402718235214,0.165644171779141,0.210633946830267,0.182685753237901,31.0623827650196,29.7676172349804,30.415,0.403457423680259,50.1363814064103,29.9724,30.1605948109416,0.504316266609406,0.711589357915246
"14287513","2018-11-01",12.8654023616418,0.318749999999999,0.273939161554193,0.215375766871166,30.9986974081323,29.9179692585344,30.4583333333333,0.541638593402755,53.8047347490509,30.0468,30.1778488361494,0.497278665118062,0.668727219355809
"14287512","2018-11-02",11.9781796323931,0.443749999999999,0.309381390593047,0.264651499659168,31.0036121105254,29.9690545561412,30.4863333333333,0.651755694339766,56.3654917565609,30.114,30.2194689913294,0.538869121087915,0.64275559970223
"14287511","2018-11-05",11.6096046487663,0.675,0.479166666666667,0.354162406271301,31.0683833010248,29.9592833656418,30.5138333333333,0.899272706819167,60.70521679216,30.184,30.3048731258189,0.662599539244257,0.646724387610636
"14287510","2018-11-06",10.7983195910913,0.556250000000001,0.558333333333334,0.448960463531015,31.0981810055146,29.9668189944854,30.5325,0.730548074613249,57.5404484180081,30.2296,30.353556709043,0.701580437613636,0.657695597611236
"14287509","2018-11-07",10.839093167127,0.611111111111111,0.614120370370371,0.55054012345679,31.1517646159381,29.9549020507285,30.5533333333333,0.856487602728201,58.7590879416086,30.2868,30.4090824811706,0.750148337433276,0.676186145575644
"14287508","2018-11-08",11.2353826972699,0.727777777777778,0.631712962962964,0.601388888888889,31.2479817930059,29.9710182069941,30.6095,1.00419083236679,62.4710298011721,30.3536,30.4998714836812,0.863086092655418,0.713566134991599
"14287507","2018-11-09",12.2844496851823,0.688073394495413,0.675654094461435,0.640495809264922,31.363661984541,30.0110046821256,30.6873333333333,1.10572129531277,64.5133605852064,30.4092,30.6038886191904,0.990621917641632,0.768977291521605
"14287506","2018-11-12",13.5948756951691,0.686192468619247,0.700681213630813,0.66934942368507,31.5342302807018,29.9731030526315,30.7536666666666,1.08696902908168,65.9823636061975,30.456,30.712703469965,1.11479651597353,0.83814113641199
"14287505","2018-11-13",14.6620800916319,0.665271966527196,0.679845943213953,0.685393750435399,31.6568910463305,29.9587756203361,30.8078333333333,0.954719776315873,64.9482882768271,30.4988,30.800343007303,1.18558663238999,0.90763023560759
"14287504","2018-11-14",16.3528507003212,0.720149253731343,0.690537896292596,0.690355017712453,31.8525604876948,29.8801061789718,30.8663333333333,1.05446996253856,68.5569231484937,30.5528,30.9216306063293,1.3145854167433,0.989021271834731
"14287503","2018-11-15",15.4644724814007,0.152,0.51247374008618,0.627619193197575,31.8555053995228,29.8851612671439,30.8703333333333,0.486296810005779,47.3870007616189,30.572,30.8440798588187,1.04680449879297,1.00057791722638
"14287502","2018-11-16",14.639549849546,0.176229508196721,0.349459587309355,0.517490407896043,31.8418734674257,29.8651265325743,30.8535,0.395366812166643,48.7552773497448,30.6,30.7915358776429,0.853400053974429,0.97114234457599
"14287501","2018-11-19",14.0255854779059,0.327868852459017,0.218699453551913,0.360210926982482,31.8567675505301,29.8755657828032,30.8661666666667,0.582693916390614,53.1671702216752,30.6248,30.7953310939572,0.787977530458228,0.934509381752438
"14287500","2018-11-20",14.041431744082,0.451612903225806,0.318570421293849,0.295576487385038,31.9185598233578,29.9167735099755,30.9176666666667,0.769259509067834,57.9130697003627,30.6656,30.8586202814295,0.84412222448238,0.916431950298426
"14287499","2018-11-21",13.1961235723698,0.117924528301887,0.29913542799557,0.278801767613776,31.9199432717345,29.9197233949321,30.9198333333333,0.465087171593875,49.7145939844736,30.6628,30.8228042439056,0.702524089928946,0.87365037822453
"14287498","2018-11-23",12.5972953991301,0.0613207547169806,0.210286062081558,0.275997303790325,31.9197461027597,29.9222538972402,30.921,0.359323606258122,48.4121241193681,30.6576,30.7757636780515,0.552472803881598,0.809414863355944
"14287497","2018-11-26",11.9879225304795,0.117924528301887,0.0990566037735852,0.20282603128357,31.8894348182699,30.0105651817301,30.95,0.382908321194035,49.8276978650964,30.6492,30.7509951876447,0.45969566489521,0.739471023663797
"14287496","2018-11-27",11.1855494100481,0.0518867924528299,0.077044025157233,0.128795563670791,31.8573547490471,30.0933119176195,30.9753333333333,0.343919133692175,48.1670913127502,30.646,30.7108624959587,0.345401269524315,0.660657072835901
"14287495","2018-11-28",10.4404886553619,0.226415094339623,0.132075471698114,0.102725366876309,31.8503880338532,30.1466119661468,30.9985,0.463708063221851,52.6576852438389,30.668,30.7254141631642,0.348030709066127,0.598131800081946
"14287494","2018-11-29",10.5166285786214,0,0.0927672955974848,0.100628930817609,31.8298388685574,30.1888277981093,31.0093333333333,0.193684780243811,46.8668286421282,30.6604,30.6726922747423,0.218768325685459,0.522259105202649
"14287493","2018-11-30",10.7519849891144,0,0.0754716981132081,0.100104821802934,31.8385363555803,30.1697969777531,31.0041666666667,0.137950254728621,45.7608077475158,30.6548,30.61366663811,0.0888189448098986,0.435571073124099
"14287492","2018-12-03",10.1874118750262,0.103139013452915,0.0343796711509722,0.0675395549538872,31.8373458967241,30.1746541032759,31.006,0.303932393673569,48.7561863772919,30.682,30.5931777530287,0.0458672814812378,0.357630314795526
"14287491","2018-12-04",9.81243717323387,0.188340807174887,0.0971599402092679,0.0690037698244815,31.8357245289984,30.1712754710015,31.0035,0.441822591164277,51.1559087264646,30.7096,30.6007540526249,0.0612513511865531,0.298354522073732
"14287490","2018-12-06",9.95680512907848,0,0.0971599402092679,0.0762331838565014,31.8676043358909,30.0850623307757,30.9763333333333,0.0925294712556327,43.1403727309448,30.6956,30.5139868456082,-0.110213974095297,0.216640822839926
"14287489","2018-12-07",9.59356403247225,0.154255319148936,0.114198708774608,0.102839529731047,31.8659298218613,30.0420701781387,30.954,0.26935359685461,46.8555482581099,30.7044,30.4774552661938,-0.167696631873449,0.139773331897251
"14287488","2018-12-10",9.23771442399609,0.175531914893618,0.109929078014185,0.107095908999353,31.8357199517583,30.0032800482417,30.9195,0.305632552542033,47.3663885865224,30.704,30.4511278973679,-0.200410111050808,0.0717366433076393
"14287487","2018-12-11",8.9072826446968,0.23404255319149,0.187943262411349,0.137357016400046,31.7598862142708,29.9827804523959,30.8713333333333,0.315430230976272,48.8232470098123,30.7,30.4429775110522,-0.194948274577,0.0183996597307114
"14287486","2018-12-12",8.29177456408484,0.380952380952382,0.263508949679164,0.187127096701565,31.6338176034587,30.0091823965413,30.8215,0.408800039519163,50.4350145558992,30.686,30.4519138429119,-0.156992172543202,-0.0166787067240713
"14287485","2018-12-13",8.04182606569371,0.496598639455782,0.370531191199885,0.273994467763465,31.5193701488391,30.0502965178276,30.7848333333333,0.542090016475743,52.7073662002019,30.6864,30.4823253305237,-0.0809481251397015,-0.0295325904071974
"14287484","2018-12-14",7.53282141861376,0.367346938775509,0.414965986394558,0.349668709091201,31.2188861740387,30.2184471592946,30.7186666666666,0.418035983411795,49.9510169006454,30.6752,30.4833486197872,-0.0702069964096941,-0.0376674716076967
"14287483","2018-12-17",8.22792334615845,0,0.287981859410431,0.35782634566829,31.2375838289914,30.1307495043419,30.6841666666666,0.020403983223576,41.9861264984891,30.6256,30.3989021371489,-0.228761713102621,-0.0758863199066816
"14287482","2018-12-18",10.996812380155,0,0.122448979591837,0.275132275132274,31.6515680735011,29.5104319264988,30.581,-0.432993761028905,27.2285275129218,30.4876,30.0563818521957,-0.885155447092223,-0.23774014534379
"14287481","2018-12-19",13.5679236260089,0.027855153203343,0.00928505106778158,0.139905296690015,31.9270318574732,28.9449681425268,30.436,-0.273289983189181,28.5670987788728,30.348,29.7728642719029,-1.36961469929513,-0.464115056134058
"14287480","2018-12-20",15.1365788327052,0.0612813370473544,0.0297121634168997,0.0538153980255048,31.9511782055999,28.6098217944,30.2805,-0.0787569763139583,30.2256991503312,30.2152,29.5431490356492,-1.70631592916853,-0.712555230740953
"14287479","2018-12-21",15.8770351743503,0.114206128133705,0.0677808727948013,0.0355926957598263,31.9677227539035,28.3686105794298,30.1681666666666,0.0652168486351337,32.8829547818047,30.0764,29.369395830896,-1.90259853618645,-0.950563891830053
"14287478","2018-12-24",17.2959375676502,0,0.0584958217270203,0.0519962859795725,32.0758147099481,27.9815186233852,30.0286666666666,-0.0321224016545395,28.1443101947169,29.9612,29.1148097201099,-2.25095985178039,-1.21064308382012
"14287477","2018-12-26",18.7405178847672,0,0.0380687093779021,0.0547818012999067,32.1384629319793,27.6115370680207,29.875,0.00996914904335311,27.3286982336959,29.8356,28.8741684240952,-2.54465180136229,-1.47744482732855
"14287476","2018-12-27",19.8160607466088,0.0904392764857885,0.0301464254952634,0.042236985533394,32.1163724810583,27.3572941856084,29.7368333333333,0.121740481053281,32.2614614473044,29.7092,28.7122793008825,-2.65269165248573,-1.71249419235999
"14287475","2018-12-28",20.3962210969441,0.229974160206718,0.106804478897503,0.0583398712568882,31.9922062412228,27.2247937587772,29.6085,0.240215472321652,39.1268270126946,29.5864,28.6439753940982,-2.55844058416147,-1.88168347072028
"14287474","2018-12-31",21.166776829572,0.173126614987081,0.164513350559863,0.100488084984209,31.9171256065042,27.0652077268291,29.4911666666666,0.225641138271742,37.4610333620126,29.482,28.5554453415518,-2.51757839347254,-2.00886245527074
"14287473","2019-01-02",21.9358892270828,0.160206718346253,0.187769164513351,0.153028997990238,31.8381639377522,26.9115027289144,29.3748333333333,0.235825147126969,37.0747052725781,29.3804,28.4720526293449,-2.47178318741063,-2.10144660169871
"14287472","2019-01-03",22.6614562335581,0.157622739018089,0.163652024117141,0.171978179730117,31.6950122348797,26.7909877651202,29.243,0.255370986816164,36.9925367787337,29.2736,28.3984456120989,-2.41135125429018,-2.16342753221701
"14287471","2019-01-04",22.1306574168873,0.1353591160221,0.151062857795481,0.16749468214199,31.4759863776589,26.735013622341,29.1055,0.299865263459061,35.9625214625966,29.1676,28.318652863819,-2.37104334732122,-2.20495069523785
"14287470","2019-01-07",21.0743576862311,0.353623188405797,0.215535014481996,0.176749965464872,31.3455831638652,26.7150835028015,29.0303333333333,0.438739512486761,45.8417010642966,29.076,28.3468324819765,-2.10710157236452,-2.18538087066319
"14287469","2019-01-08",19.8635876325166,0.58273381294964,0.357238705792513,0.241278859356662,31.1671363839904,26.7458636160096,28.9565,0.522655617946057,50.3606225748647,29.02,28.4245881510463,-1.76372192613343,-2.10104908175723
"14287468","2019-01-09",18.4893373745419,0.845794392523365,0.594050464626268,0.388941394966925,30.9797408007161,26.7999258659506,28.8898333333333,0.581383188484579,52.3926164286414,28.9756,28.5173097309068,-1.42145274713447,-1.96512981483268
"14287467","2019-01-10",17.409591344879,0.778260869565218,0.735596358346075,0.562295176254951,30.784122828927,26.8682105044063,28.8261666666667,0.613340978181289,52.1506157506569,28.9212,28.5950017667859,-1.1428864161655,-1.80068113509925
"14287466","2019-01-11",16.5515021231254,0.815126050420168,0.813060437502918,0.714235753491753,30.5511828705126,26.973483796154,28.7623333333333,0.677302036909591,53.8715386399824,28.8652,28.6823348645478,-0.870044743557763,-1.61455385679095
"14287465","2019-01-14",16.2539786141204,0.512605042016807,0.701997320667399,0.750218038838796,30.167448375074,27.143551624926,28.6555,0.51802310214373,45.4261947780675,28.8084,28.6620235492747,-0.846578791100749,-1.46095884365291
"14287464","2019-01-15",15.3433510674692,0.638655462184873,0.65546218487395,0.723506647681421,29.8004007302742,27.3492659363924,28.5748333333333,0.682976473231706,49.0128693306154,28.752,28.6844204093714,-0.735165013823702,-1.31580007768707
"14287463","2019-01-16",14.5134010177509,0.726829268292682,0.626029924164788,0.661163143235378,29.5890315424458,27.4789684575542,28.534,0.880399369295593,52.5919633864816,28.7068,28.7464976881219,-0.550667479322131,-1.16277355801408
"14287462","2019-01-17",14.1938364154817,0.812785388127854,0.726090039535137,0.669194049524624,29.7651880349033,27.41614529843,28.5906666666667,0.979344195197799,56.9636692688744,28.6744,28.8576313297057,-0.281097494020122,-0.986438345215289
"14287461","2019-01-18",14.1613672720535,0.855932203389831,0.798515619936789,0.716878527878904,29.9712163514072,27.3904503152595,28.6808333333333,0.985321018045336,59.2237981569521,28.6468,28.9859471524116,-0.00132047783685252,-0.789414771739602
"14287460","2019-01-22",13.3644764247043,0.666666666666667,0.778461419394784,0.767689026288902,30.1001807900162,27.3958192099838,28.748,0.848326202736807,54.1221935842208,28.5964,29.0438208654234,0.107366085894833,-0.610058600212715
"14287459","2019-01-23",13.0693007964341,0.774074074074074,0.765557648043525,0.780844895791698,30.2935508337768,27.3514491662231,28.8225,0.931947456931364,58.6314355250109,28.5724,29.1566447500336,0.319658387106592,-0.424115202748853
"14287458","2019-01-24",13.2577401915945,0.77,0.736913580246914,0.76031088256174,30.4875841604909,27.4064158395091,28.947,0.952101233974814,60.5843322963484,28.5828,29.2837587833624,0.541426728820826,-0.231006816434917
"14287457","2019-01-25",13.8221123272742,0.81496062992126,0.786344901331779,0.762938709874071,30.7142302013739,27.4897697986261,29.102,1.01316079591382,64.5934642934561,28.6936,29.4592576122474,0.840541581666754,-0.0166971368145832
"14287456","2019-01-28",13.9621675766942,0.744094488188977,0.776351706036746,0.766536729205145,30.8672450202088,27.5970883131245,29.2321666666667,0.899929865899115,62.0948558735145,28.7932,29.5873565972811,1.01491894438652,0.189626079425638
"14287455","2019-01-29",14.0922188797272,0.763779527559054,0.774278215223098,0.77899160753054,31.0257267504046,27.6586065829288,29.3421666666667,0.864653850252632,62.5284599406027,28.89,29.7050423843103,1.15224593365861,0.382150050272233
"14287454","2019-01-30",14.553683881088,0.795275590551181,0.767716535433072,0.772782152230971,31.1587515101823,27.7789151564844,29.4688333333333,0.862295647438751,63.2527699208795,28.9824,29.8177033997356,1.26707749826298,0.559135539870383
"14287453","2019-01-31",15.5728586599447,0.719298245614035,0.759451121241424,0.767148623965863,31.2715644685695,27.9434355314305,29.6075,0.872331327923819,63.5374037181303,29.1072,29.9193429464375,1.34965611615663,0.717239655127632
"14287452","2019-02-01",16.5334428630873,0.821678321678321,0.77875071928118,0.768639458651891,31.3720042935754,28.1436623730912,29.7578333333333,0.900257066473575,66.3447701486273,29.25,30.0474305535792,1.47769287161372,0.86933029842485
"14287451","2019-02-04",16.9022133066849,0.72265625,0.754544272430786,0.764248704317795,31.3878600350059,28.3928066316608,29.8903333333333,0.805948913067765,62.8695274928878,29.3708,30.1317731464353,1.50715272890596,0.996894784521072
"14287450","2019-02-05",17.5820411075815,0.767857142857143,0.770730571511822,0.768008521074595,31.4789105092386,28.5274228240948,30.0031666666667,0.838868656542585,64.758151099848,29.4776,30.2302033935773,1.5625149229253,1.11001881220192
"14287449","2019-02-06",18.0219131111692,0.700507614213198,0.730340335690114,0.75187172654424,31.5559433238608,28.6363900094725,30.0961666666667,0.781036142055148,63.4771153699275,29.5904,30.3061762744336,1.56892277770639,1.20179960530281
"14287448","2019-02-07",17.4558973666542,0.50761421319797,0.658659656756104,0.719910187986012,31.5876051646127,28.7453948353873,30.1665,0.665422897043234,56.8970963950229,29.69,30.3213527711758,1.45587104025431,1.25261389229311
"14287447","2019-02-08",17.3782678941823,0.730964467005075,0.646362098138748,0.678454030194988,31.6573589277021,28.8496410722979,30.2535,0.769435904517228,61.8308375106406,29.8076,30.3931724016857,1.466081094273,1.29530733268909
"14287446","2019-02-11",17.6079965595081,0.729559748427673,0.656046142876907,0.653689299257252,31.7463174545708,28.9403492120959,30.3433333333333,0.802925737766114,63.7598937969578,29.9376,30.4807494147943,1.50657236792724,1.33756033973672
"14287445","2019-02-12",17.659013714289,0.642335766423356,0.700953327285369,0.667787189433673,31.6843883987224,29.2412782679442,30.4628333333333,0.760801450839102,62.6825330696938,30.036,30.5486494928217,1.50484143061036,1.37101655791145
"14287444","2019-02-13",16.8810693627557,0.235849056603774,0.535914857151602,0.630971442437958,31.5823931206452,29.5176068793548,30.55,0.604934187536652,57.1373363575731,30.1056,30.5648295604455,1.40258429956608,1.37733010624237
"14287443","2019-02-14",15.7777199514243,0.0849056603773585,0.32103016113483,0.519299448523933,31.4862316955373,29.7467683044627,30.6165,0.528840311859441,54.5393602905623,30.1612,30.5575189523861,1.26474273371733,1.35481263173736
"14287442","2019-02-15",15.1920118037691,0,0.106918238993712,0.321287752426714,31.4246099778121,29.8777233555213,30.6511666666667,0.344095447467561,50.0934678463531,30.206,30.5125164254013,1.06665587173964,1.29718127973782
"14287441","2019-02-19",14.6481399523749,0.142857142857142,0.0759209344115011,0.16795644484668,31.3841394665201,29.9748605334799,30.6795,0.372629899027328,52.6723023978725,30.252,30.4975142353478,0.946378084639532,1.22702064071816
"14287440","2019-02-20",14.3547152388134,0.357142857142859,0.166666666666668,0.116501946690626,31.2807442049278,30.1962557950722,30.7385,0.621255329983209,56.3184951324575,30.3376,30.5205123373014,0.911965420914229,1.16400959675738
"14287439","2019-02-21",14.5180124216513,0.585937499999999,0.361979166666668,0.201522255914944,31.2738732718283,30.308460061505,30.7911666666667,0.868236104704813,60.005445422887,30.4232,30.5804440256612,0.952809360182605,1.12176954944242
"14287438","2019-02-22",15.0102155635532,0.748299319727891,0.563793225623584,0.364146352985639,31.3612956836292,30.3313709830375,30.8463333333333,1.07965402680121,63.8401170445943,30.51,30.6790514889064,1.06464336317771,1.11034431218948
"14287437","2019-02-25",15.6264125774126,0.762820512820513,0.699019110849468,0.541597167713239,31.4784118848428,30.2919214484905,30.8851666666667,1.0462889938324,64.7753780016954,30.5832,30.7765112903855,1.16269271870368,1.12081399349232
"14287436","2019-02-26",16.6717584868549,0.760869565217391,0.757329799255265,0.673380711909438,31.6309510371255,30.2620489628745,30.9465,1.09914195623919,66.9250232965471,30.6552,30.8889764516675,1.27971701041676,1.15259459687721
"14287435","2019-02-27",17.691802415156,0.850267379679142,0.791319152572349,0.749222687559027,31.7912739857429,30.2350593475904,31.0131666666667,1.07200764267549,68.7813466087744,30.7508,31.0117795914451,1.40468690896582,1.20301305929493
"14287434","2019-02-28",18.8569935452226,0.775,0.795378981632179,0.781342644486597,31.9314799038224,30.2175200961775,31.0745,0.993302116087412,67.9171263403087,30.826,31.1128756459191,1.47522609886781,1.25745566720951
"14287433","2019-03-01",20.0893537220008,0.760765550239233,0.795344309972792,0.794014148059106,32.0659036789364,30.1960963210635,31.131,0.95227475606296,68.3454524678604,30.894,31.2058255597966,1.52308133294909,1.31058080035742
"14287432","2019-03-04",21.4335948220846,0.809954751131221,0.781906767123486,0.790876686242818,32.2195883556276,30.1524116443724,31.186,0.966336523022601,70.4684169189993,30.9504,31.3130488184904,1.59340057306494,1.36714475489893
"14287431","2019-03-05",22.9400477183338,0.81012658227848,0.793615627882979,0.790288901659751,32.3832368138772,30.1370965194561,31.2601666666667,0.958490209133954,71.7926572995435,31.0192,31.423308976025,1.66238384624133,1.42619257316741
"14287430","2019-03-06",24.4809739799854,0.829268292682926,0.81644987536421,0.797324090123557,32.5500127503887,30.1099872496112,31.33,0.938520007130691,72.9963752571706,31.0908,31.5348677792217,1.72683932652486,1.4863219238389
"14287429","2019-03-07",24.4765700701213,0.670731707317074,0.770042194092827,0.793369232446671,32.6225293328961,30.1461373337705,31.3843333333333,0.74996042638588,63.5105241044622,31.1436,31.5795520753254,1.65842779724685,1.52074309852049
"14287428","2019-03-08",23.5545556307581,0.513157894736843,0.671052631578948,0.752514900345327,32.6345714198055,30.2417619135278,31.4381666666667,0.614997314221944,57.3380502054206,31.1832,31.578278465282,1.51008853702863,1.51861218622212
"14287427","2019-03-11",23.4784603317367,0.64179104477612,0.608560215610013,0.683218347093928,32.7052847708803,30.280048562453,31.4926666666667,0.750422342872405,62.4475654478449,31.2264,31.6291746699111,1.47501013493152,1.509891775964
"14287426","2019-03-12",23.8202667380068,0.7953216374269,0.650090192313288,0.643234346500749,32.8232693680532,30.2850639652801,31.5541666666667,0.842433542106983,66.5417214904609,31.2924,31.7226180472563,1.52345108704519,1.51260363818024
"14287425","2019-03-13",24.1376584009718,0.742647058823528,0.726586580342183,0.66174566275516,32.9224373226163,30.3165626773836,31.6195,0.802073880685996,66.5417214904609,31.3508,31.8036023076221,1.54333491671776,1.51874989388774
"14287424","2019-03-14",24.5999539886906,0.708661417322837,0.748876704524422,0.70851782572663,32.9883989960772,30.4162676705894,31.7023333333333,0.780312281435818,66.090011434848,31.4112,31.8711219999392,1.53576992476003,1.5221539000622
"14287423","2019-03-15",25.4547646709223,0.674242424242425,0.708516966796264,0.727993417220955,33.0498853489538,30.5484479843795,31.7991666666667,0.821481832028007,67.8526253127022,31.4928,31.9496390666139,1.54934169563183,1.52759145917613
"14287422","2019-03-18",26.2485174472803,0.74242424242424,0.708442694663168,0.72194545532795,33.0412339387767,30.7820993945566,31.9116666666667,0.831247793650848,68.8972592622579,31.5604,32.0296871910654,1.56417953670982,1.53490907468287
"14287421","2019-03-19",25.0935419278887,0.303030303030302,0.573232323232323,0.663397328230584,32.9286830765948,31.0666502567385,31.9976666666667,0.619403552376965,56.2187075017534,31.5972,32.0217288989234,1.41330189788365,1.51058763932302
"14287420","2019-03-20",24.0210646598822,0.348484848484849,0.464646464646464,0.582107160847317,32.8377216948085,31.2869449718582,32.0623333333333,0.565128653600031,57.0982377380501,31.6388,32.0228317124002,1.29395747786123,1.46726160703066
"14287419","2019-03-21",23.025192911019,0.409090909090908,0.353535353535354,0.463804713804712,32.7678654787422,31.4621345212578,32.115,0.565097637084266,58.3010846943761,31.6964,32.0344541507469,1.20562784440472,1.41493485450548
"14287418","2019-03-22",22.5726893587966,0.469696969696968,0.409090909090909,0.409090909090908,32.7387639765112,31.5785693568221,32.1586666666666,0.63618404819215,59.5232380039663,31.7636,32.055193597314,1.14255770451326,1.36045942450703
"14287417","2019-03-25",22.1525074888757,0.515151515151515,0.464646464646464,0.409090909090908,32.7062684292842,31.6907315707158,32.1985,0.629488160759996,60.4592718224481,31.8448,32.0811677843388,1.09497258610143,1.30736205682591
"14287416","2019-03-26",21.9685815042216,0.590909090909092,0.525252525252525,0.466329966329965,32.707075560455,31.7555911062117,32.2313333333333,0.701789949529662,62.0350742479149,31.9228,32.1170120797603,1.06995520033646,1.25988068552802
"14287415","2019-03-27",21.1022983207083,0.446969696969694,0.517676767676768,0.502525252525251,32.7018980204676,31.7987686461991,32.2503333333333,0.536539615408636,57.357849429047,31.9824,32.1227438024589,0.990880670686733,1.20608068255976
"14287414","2019-03-28",20.6594754505358,0,0.345959595959596,0.462962962962962,32.7128959777319,31.778104022268,32.2455,0.0483843606065769,45.1910796994086,32.0048,32.0437112954644,0.761023460531307,1.11706923815407
"14287413","2019-03-29",20.407824573228,0,0.148989898989899,0.337542087542086,32.7683096948759,31.6813569717907,32.2248333333333,-0.108582126849477,44.0724363067949,32.0104,31.9658831227358,0.554613380810309,1.00457806668532
"14287412","2019-04-01",20.425874556948,0,6.47630097698008e-16,0.164983164983164,32.8249359026228,31.5573974307105,32.1911666666667,-0.0636909773018928,42.3004386482836,32.008,31.8837653730377,0.358845997550605,0.875431652858377
"14287411","2019-04-02",20.3714566737345,0.0844155844155838,0.0281385281385286,0.0590428090428083,32.8419675435185,31.4683657898148,32.1551666666667,0.0739910311785304,45.1092993976453,32.0024,31.829929989966,0.233735481914144,0.74709241866953
"14287410","2019-04-03",19.4046600721267,0.168831168831168,0.0844155844155845,0.0375180375180369,32.8216514698388,31.4233485301612,32.1225,0.231221809903384,47.8436223168834,31.9944,31.8006059913039,0.165592005291315,0.630792335993887
"14287409","2019-04-04",18.9824716702257,0.0522875816993453,0.101844778315366,0.0714662969564921,32.8347733134031,31.3718933532636,32.1033333333333,0.169601507640288,44.5355734688981,31.9808,31.75119185913,0.0650512840696615,0.517644125609042
"14287408","2019-04-05",18.0713785475018,0.262773722627737,0.161297491052751,0.115852617927899,32.8291453062625,31.3921880270708,32.1106666666667,0.325557328463062,50.2930857571085,31.9768,31.745699611246,0.0558941867819351,0.425294137843621
"14287407","2019-04-08",17.2253635049724,0.303278688524588,0.206113330950558,0.156418533439557,32.8254799783274,31.3715200216726,32.0985,0.33367263161103,50.4907523721218,31.9652,31.7422729964132,0.0505976268501351,0.350354835644924
"14287406","2019-04-09",16.4397781083381,0.352459016393443,0.30617047584859,0.224527099283965,32.7884489466127,31.3515510533873,32.07,0.349212203811981,51.7310343912969,31.9508,31.7473032635581,0.0609574398824364,0.292475356492426
"14287405","2019-04-10",15.5414653641066,0.278688524590164,0.311475409836066,0.27458640554507,32.7492964329437,31.336370233723,32.0428333333333,0.372958686661061,49.719013140802,31.928,31.739662828417,0.0457497817778929,0.243130241549519
"14287404","2019-04-11",14.7073178158917,0.286885245901638,0.306010928961749,0.307885604882134,32.7030726416352,31.3202606916981,32.0116666666667,0.346930259261721,49.9519353298392,31.9212,31.7343744512948,0.0358275174766831,0.201669696734952
"14287403","2019-04-12",13.7153190724325,0.213114754098359,0.259562841530054,0.292349726775955,32.6131886890239,31.322811310976,31.968,0.315557832887578,47.805526867849,31.9228,31.7177911911221,0.00500494829580589,0.162336747047123
"14287402","2019-04-15",12.7555354912311,0.322033898305084,0.274011299435028,0.279861689975609,32.4896804568842,31.3616528764491,31.9256666666667,0.400416146482863,50.8387633558955,31.9136,31.7194190323059,0.0109865052835278,0.132066698694404
"14287401","2019-04-16",13.4610262376259,0,0.178382884134482,0.23731900836652,32.4693695308699,31.3059638024635,31.8876666666667,0.132401099440633,40.3236293954375,31.8696,31.6541631613317,-0.110377598626099,0.0835778392303034
"14287400","2019-04-17",14.6467574755667,0,0.107344632768362,0.186579605445956,32.4930560597531,31.1769439402469,31.835,-0.0508649219581878,36.7243820830428,31.8168,31.5682747398208,-0.2600313664753,0.0148559980891828
"14287399","2019-04-18",15.928833288947,0,6.29126380620922e-16,0.0952425056342804,32.4986885192138,31.0546448141196,31.7766666666667,-0.0147581965220674,35.4840520172358,31.7616,31.4831714411781,-0.395005924709535,-0.0671163864705608
"14287398","2019-04-22",17.5079801914846,0,6.29126380620922e-16,0.03578154425612,32.4864212381478,30.9202454285189,31.7033333333333,-0.0448515601422471,32.7998120952304,31.6932,31.385415249021,-0.542450057251098,-0.162183120626668
"14287397","2019-04-23",19.1190658467088,0,6.29126380620922e-16,-4.25585492772977e-16,32.45219966332,30.79880033668,31.6255,-0.0154028146355124,31.7925922312843,31.6184,31.2913598824849,-0.670219088520541,-0.263790314205443
"14287396","2019-04-24",19.8697456135626,0.104575163398693,0.0348583877995649,0.0116194625998543,32.3445632719996,30.7574367280004,31.551,0.110827083069057,36.5860033383153,31.5732,31.2311785648202,-0.722302642523853,-0.355492779869125
"14287395","2019-04-25",20.874416655348,0.0196078431372556,0.0413943355119835,0.0254175744371819,32.25520459332,30.7024620733466,31.4788333333333,0.0885774201995286,34.4665723399777,31.5204,31.1616880895109,-0.788436835035622,-0.442081590902424
"14287394","2019-04-26",21.5708204010739,0.0588235294117646,0.0610021786492383,0.0457516339869278,32.2313822051954,30.6336177948047,31.4325,0.164635580910006,36.3007081820135,31.4668,31.1094630109094,-0.816194619836996,-0.516904196689339
"14287393","2019-04-29",22.9000249002902,0,0.026143790849674,0.0428467683369642,32.2593401878381,30.5086598121619,31.384,0.0483660651869285,31.5465353044906,31.398,31.0242012761215,-0.906026668467885,-0.594728691045048
"14287392","2019-04-30",22.4809746585427,0.0689655172413798,0.0425963488843821,0.0432474394610971,32.2597176734852,30.4412823265148,31.3505,0.200933368767051,35.2021876782113,31.3316,30.9663077726386,-0.93563133160105,-0.662909219156248
"14287391","2019-05-01",21.3780811322347,0.379084967320262,0.149350161520548,0.072696767084867,32.2373314174463,30.425001915887,31.3311666666667,0.418429108389984,46.9070780983292,31.2796,30.9774667362868,-0.829726559679578,-0.696272687260914
"14287390","2019-05-02",21.2797344465582,0.13907284768212,0.195707777414588,0.129218095939838,32.1955186624468,30.3751480042199,31.2853333333333,0.249867791333855,40.5605094050928,31.2204,30.9378045047819,-0.832684128450389,-0.723554975498809
"14287389","2019-05-03",20.822140491288,0.165562913907285,0.227906909636556,0.19098828285723,32.160860369428,30.337139630572,31.249,0.304977451268236,41.4822969285856,31.188,30.9087639041443,-0.815316936937416,-0.741907367786531
"14287388","2019-05-06",20.3972318185372,0.303448275862069,0.202694679150492,0.208769788733878,32.0788202239056,30.332846442761,31.2058333333333,0.380200568344425,45.7832758410065,31.166,30.9089287169251,-0.743411144117123,-0.742208123052649
"14287387","2019-05-07",20.2648067460441,0.346938775510204,0.271983321759853,0.234194970182299,31.9866206860634,30.3313793139366,31.159,0.35561018228241,43.9522590518076,31.1444,30.8957382213351,-0.704425725269309,-0.734651643495981
"14287386","2019-05-08",21.1840263593729,0,0.216795683790758,0.2304912282337,31.8965610649241,30.2921056017425,31.0943333333333,0.166969046137469,36.5529603526988,31.0988,30.8216397918237,-0.787470118605482,-0.745215338517881
"14287385","2019-05-09",22.6965993340637,0,0.115646258503402,0.201475088018003,31.8303528524688,30.1866471475312,31.0085,-0.0243233814571663,31.7730505271478,31.0324,30.7054211529139,-0.945286986701399,-0.785229668154585
"14287384","2019-05-10",22.4739562176461,0.2,0.0666666666666675,0.133036202986942,31.7074690677867,30.1808642655467,30.9441666666667,0.217783323685897,38.4415227652599,30.9852,30.6446983325254,-0.980871799254113,-0.824358094374491
"14287383","2019-05-13",21.278093010249,0.613333333333335,0.271111111111112,0.15114134542706,31.5862981581907,30.234368508476,30.9103333333333,0.605774734676608,49.4400003517677,30.9516,30.6747385548553,-0.836296795471458,-0.826745834593884
"14287382","2019-05-14",20.1676486033804,0.746666666666667,0.520000000000001,0.285925925925926,31.4303727075576,30.3269606257757,30.8786666666667,0.773092291002223,52.394761889721,30.9256,30.7274400808746,-0.661524079065712,-0.79370148348825
"14287381","2019-05-15",20.1304946289162,0.419999999999999,0.593333333333334,0.461481481481482,31.3278239343166,30.3555093990167,30.8416666666667,0.374869024117675,45.3951271272586,30.8776,30.7077814034247,-0.644313015848785,-0.763823789960357
"14287380","2019-05-16",21.2786909020871,0,0.38888888888889,0.500740740740741,31.3577623030884,30.2249043635783,30.7913333333333,-0.107313570400095,36.7604368791888,30.8012,30.5840772163014,-0.831932347771436,-0.777445501522573
"14287379","2019-05-17",22.4316691052942,0,0.14,0.374074074074074,31.424314422819,30.037685577181,30.731,-0.152181249638713,36.1131517123449,30.7216,30.4675335874612,-0.988831608193186,-0.819722722856695
"14287378","2019-05-20",23.6295512388944,0,6.8463753185218e-16,0.176296296296296,31.4820395508543,29.8729604491457,30.6775,-0.0577724544722157,35.1606654511917,30.6416,30.3531957757997,-1.12776110172644,-0.881330398630645
"14287377","2019-05-21",23.6315540811677,0.0883977900552486,0.0294659300184169,0.0564886433394716,31.4917093922747,29.7882906077253,30.64,0.137982936280817,37.9792744629446,30.5632,30.2754363390264,-1.1824977866406,-0.941563876232636
"14287376","2019-05-22",23.6334138632786,0.0939226519337025,0.0607734806629844,0.0300798035604663,31.4840016772254,29.6953316561079,30.5896666666667,0.129333531522058,38.1602121269322,30.5052,30.2093781604896,-1.20976532867652,-0.995204166721412
"14287375","2019-05-23",23.2102132617481,0.226519337016574,0.136279926335176,0.0755064456721913,31.4617729326453,29.647560400688,30.5546666666667,0.271434349966006,42.496167949269,30.4656,30.184127739091,-1.15420112544529,-1.02700355846619
"14287374","2019-05-24",21.7066840061401,0.430939226519337,0.250460405156539,0.149171270718232,31.4304350688339,29.6435649311661,30.537,0.503544372475559,48.4922133350744,30.444,30.2115773738788,-0.999744862118379,-1.02155181919663
"14287373","2019-05-28",20.288531009113,0.458563535911603,0.372007366482505,0.252915899324739,31.4296191529653,29.6430475137014,30.5363333333333,0.524441598482261,49.2621467636532,30.4316,30.2420337240283,-0.854121241315142,-0.988065703620329
"14287372","2019-05-29",20.0995158365447,0.132596685082874,0.340699815837939,0.321055862492326,31.4043096465455,29.5983570201212,30.5013333333333,0.281463444338477,41.3983845485245,30.3984,30.1897625608245,-0.886040454346415,-0.967660653765546
"14287371","2019-05-30",20.0258542554201,0.0994475138121544,0.230202578268878,0.314303253529773,31.3190805886294,29.5555860780372,30.4373333333333,0.197192139361602,40.687076944544,30.3564,30.1364608860479,-0.917088801877974,-0.957546283388032
"14287370","2019-05-31",20.0632694075207,0.0662983425414369,0.0994475138121559,0.223449969306323,31.2875619462731,29.4871047203935,30.3873333333333,0.190449000774774,39.9478928443705,30.3172,30.0822661012416,-0.947140890834108,-0.955465204877247
"14287369","2019-06-03",19.5920887019821,0.0614525139664802,0.0757327901066913,0.135127627395907,31.2309821027291,29.4430178972709,30.337,0.248130677360008,39.8180525251508,30.2752,30.0339639544093,-0.962819094227108,-0.956935982747219
"14287368","2019-06-04",18.2869113412697,0.287769784172663,0.138506880226861,0.104562394715235,31.1395317894014,29.4548015439319,30.2971666666667,0.442325089177955,45.3640176660451,30.2568,30.0307687604881,-0.887226995173773,-0.94299418523253
"14287367","2019-06-05",18.2729478241503,0.514619883040935,0.287947393726694,0.167395688020081,31.111598331507,29.467401668493,30.2895,0.790212647550292,53.0724597217524,30.2528,30.091999592423,-0.690476804636453,-0.892490709113315
"14287366","2019-06-06",18.6836458724174,0.743718592964824,0.515369420059475,0.313941231337675,31.2435678248457,29.4054321751543,30.3245,1.0089395878683,60.5626127049203,30.2544,30.2250663134333,-0.370041392454901,-0.788000845781632
"14287365","2019-06-07",18.8956007886843,0.708542713567839,0.6556270631912,0.486314625659122,31.3624022168129,29.3895977831871,30.376,0.905852021122623,59.3719851209601,30.268,30.3310574716422,-0.134023705870279,-0.657205417799361
"14287364","2019-06-10",17.9975940113287,0.430851063829788,0.627704123454151,0.599566868901607,31.3744789248867,29.3908544084466,30.3826666666667,0.633089704130999,51.7086585714673,30.2604,30.3575831420899,-0.0766586516936729,-0.541096064578224
"14287363","2019-06-11",16.8608564114901,0.351063829787234,0.496819202394954,0.593383463013434,31.301864918709,29.410135081291,30.356,0.586693140191647,49.5981780516128,30.2392,30.3605720564779,-0.0702408238496433,-0.446925016432508
"14287362","2019-06-12",16.5401015855197,0.531914893617021,0.437943262411348,0.520822196086817,31.2431651268772,29.4391682064561,30.3411666666667,0.800536359308257,54.1647473010148,30.2356,30.4084957822809,0.0247932896488612,-0.352581355216234
"14287361","2019-06-13",16.4590249425394,0.659574468085107,0.514184397163121,0.48298228732314,31.3053899983026,29.4136100016974,30.3595,0.884382257964231,57.1182242231334,30.2604,30.4820296779767,0.161644089085256,-0.249736266355936
"14287360","2019-06-14",16.6330388013016,0.739361702127659,0.643617021276596,0.53191489361702,31.4274151249816,29.4049182083517,30.4161666666667,0.905686650621538,58.9007371375477,30.3068,30.5657590542465,0.305845551945727,-0.138619902695603
"14287359","2019-06-17",15.7957638752099,0.5,0.632978723404256,0.59692671394799,31.4677324921114,29.4746008412219,30.4711666666667,0.728534828492995,51.9270917226913,30.3232,30.5783245136803,0.297773455155204,-0.051341231125442
"14287358","2019-06-18",15.018294300982,0.569148936170212,0.602836879432624,0.626477541371158,31.4890091757264,29.5666574909403,30.5278333333333,0.700535626779915,53.6349255622651,30.32,30.6065479118563,0.32191014992653,0.0233090450849524
"14287357","2019-06-19",14.997912987299,0.632978723404255,0.567375886524823,0.601063829787233,31.5475814009538,29.6177519323795,30.5826666666667,0.778435655628321,55.2164865998578,30.3136,30.6470081902754,0.368317973306631,0.0923108307292881
"14287356","2019-06-20",15.3787837344369,0.703883495145632,0.635337051573367,0.601849939176937,31.6292153537876,29.6807846462124,30.655,0.868672763440111,58.5181295968868,30.3372,30.716740431572,0.467873080577763,0.167423280698983
"14287355","2019-06-21",15.7324494282079,0.706214689265537,0.681025635938475,0.627912858012221,31.7186277510768,29.7200389155898,30.7193333333333,0.853916383787354,59.6276861307728,30.3964,30.7891750406958,0.563530388137146,0.246644702186616
"14287354","2019-06-24",16.1321540346736,0.704225352112675,0.704774512174615,0.673712399895485,31.8222391394017,29.7140941939316,30.7681666666667,0.85663265704232,61.1209288490684,30.4632,30.8679517019363,0.662696214968306,0.329855004742954
"14287353","2019-06-25",16.4452323347747,0.690140845070422,0.700193628816212,0.695331258976433,31.9033791478879,29.7206208521121,30.812,0.795344962341588,60.7178439398684,30.5332,30.9335581416782,0.727276794516585,0.40933936269768
"14287352","2019-06-26",15.8199706333547,0.45774647887324,0.61737089201878,0.674113011003201,31.917162216755,29.8135044499117,30.8653333333333,0.646411647775861,54.348918986141,30.5836,30.9464170561211,0.684376985930291,0.464346887344202
"14287351","2019-06-27",15.1863163290707,0.443661971830987,0.530516431924884,0.616026984253291,31.8878335503095,29.9674997830238,30.9276666666667,0.615778484511886,53.9793646540512,30.6328,30.9548947819716,0.63780116319101,0.499037742513564
"14287350","2019-06-28",14.1948199943691,0.338028169014084,0.413145539906105,0.520344287949922,31.8038441895304,30.1688224771363,30.9863333333333,0.51039741544173,51.1691374700296,30.6664,30.9422421443754,0.555402800589011,0.510310754128653
"14287349","2019-07-01",14.2206155037961,0,0.260563380281691,0.401408450704225,31.6913622060657,30.3559711272676,31.0236666666667,0.207701107540226,43.2482829619647,30.6656,30.865943191792,0.358067164820453,0.479862036267013
"14287348","2019-07-02",14.2445684768354,0.132867132867131,0.156965100627073,0.276891340271622,31.6231256261917,30.472541040475,31.0478333333333,0.183204516621491,46.6940195898636,30.6704,30.8251507662197,0.248307016312177,0.433551032276046
"14287347","2019-07-03",13.3993477162444,0.398601398601399,0.177156177156178,0.198228219354979,31.6223705893289,30.5009627440044,31.0616666666666,0.483651502520022,52.8588097236181,30.714,30.8404639973904,0.257787433541257,0.398398312529088
"14287346","2019-07-05",13.2680908069676,0.195804195804194,0.242424242424242,0.192181840069163,31.6030323340799,30.4733009992534,31.0381666666666,0.280331253089692,48.2707844410346,30.7484,30.8150687977384,0.187232641166957,0.356165178256662
"14287345","2019-07-08",13.1185590989434,0.32167832167832,0.305361305361305,0.24164724164724,31.5886133426384,30.4613866573616,31.025,0.400936814107414,51.1074633740053,30.7924,30.8170596247066,0.176413256549224,0.320214793915174
"14287344","2019-07-09",13.6000351493491,0.118881118881118,0.212121212121211,0.253302253302252,31.5850174334792,30.4696492331874,31.0273333333333,0.200547317098873,46.6673168819011,30.8252,30.7801183414124,0.0908061324333742,0.274333061618814
"14287343","2019-07-10",14.6093885795662,0,0.146853146853147,0.22144522144522,31.5944251825515,30.4535748174485,31.024,-0.000211670279084886,42.5490820452569,30.8344,30.7081025625574,-0.0552717616461806,0.208412096965815
"14287342","2019-07-11",15.7054197764607,0,0.03962703962704,0.132867132867131,31.6456570233114,30.3436763100219,30.9946666666667,-0.0361062517097314,41.3696153108561,30.8208,30.6336888875497,-0.192816111354843,0.128166455301684
"14287341","2019-07-12",16.8835780955674,0,8.37293197738139e-16,0.0621600621600613,31.6891933178384,30.2091400154949,30.9491666666666,-0.021940661715922,40.1704290201819,30.7796,30.5571970358764,-0.322206265980463,0.0380919110452544
"14287340","2019-07-15",17.3994291881423,0.10062893081761,0.0335429769392042,0.0243900055220804,31.6771754186838,30.1314912479828,30.9043333333333,0.134897384581876,43.3161944027311,30.7476,30.5122374310929,-0.378378411411473,-0.0452021534460911
"14287339","2019-07-16",18.0017212528734,0.0714285714285723,0.0573525007487283,0.0302984925626432,31.6917574475494,30.0515758857839,30.8716666666667,0.135202987717248,42.4155537772811,30.7328,30.4652724402805,-0.433929596256188,-0.122947642008111
"14287338","2019-07-17",18.1412875785055,0.218978102189781,0.130345201478655,0.0737468930555281,31.6886599893956,30.008006677271,30.8483333333333,0.261005637647614,46.4150689066993,30.732,30.4512361149098,-0.420198593494159,-0.18239783230532
"14287337","2019-07-18",18.5877367260768,0.130081300813008,0.140162658143788,0.109286786790389,31.6649436610286,29.9590563389714,30.812,0.254575427548306,44.1057693373268,30.712,30.4204046329218,-0.441395569700886,-0.234197379784433
"14287336","2019-07-19",19.115006737853,0.0924369747899184,0.147165459264237,0.139224439628892,31.5967141231734,29.9226192101599,30.7596666666667,0.241352777172862,43.277615064732,30.6804,30.3870173485323,-0.466178165906772,-0.280593537008901
"14287335","2019-07-22",20.1000854472741,0,0.0741727585343097,0.120500291980777,31.5211961301298,29.8628038698702,30.692,0.126947929333784,39.5946711888478,30.6336,30.3274150353946,-0.540879225973034,-0.332650674801728
"14287334","2019-07-23",21.0148013917366,0.0916030534351126,0.0613466760750112,0.0942282979578513,31.3926403200341,29.8533596799659,30.623,0.186217063070069,42.3511855220239,30.6096,30.291759697342,-0.561856441882647,-0.378491828217912
"14287333","2019-07-24",21.4358837737445,0.0877192982456124,0.0597741172269092,0.0650978506120754,31.2505585755994,29.8657747577339,30.5581666666667,0.21247016210777,42.0071198526375,30.5796,30.2581917376964,-0.577267062116671,-0.418246874997663
"14287332","2019-07-25",21.7830584656413,0.105263157894735,0.0948618365251542,0.0719942099423569,31.1586375356537,29.8580291310129,30.5083333333333,0.244991139928651,42.5101013342474,30.5456,30.2317661726702,-0.57757473823401,-0.450112447644933
"14287331","2019-07-26",21.6589466858173,0.226415094339621,0.139799183493324,0.0981450457484611,31.0507274076305,29.8799392590362,30.4653333333333,0.350243330918715,45.5609707809926,30.506,30.2248640163142,-0.539597615535803,-0.468009481223107
"14287330","2019-07-29",22.3535346065102,0,0.110559417411453,0.115073479143309,30.9725545742442,29.8654454257558,30.419,0.190786284441114,39.6997864218432,30.4504,30.177548814139,-0.58563716061576,-0.491535017101637
"14287329","2019-07-30",23.6111598353288,0,0.075471698113208,0.10861009967266,30.988399393593,29.762600606407,30.3755,0.000597754651086872,35.1449170827988,30.3784,30.0978756389204,-0.692077971484373,-0.531643607978185
"14287328","2019-07-31",25.0581228284012,0,8.4191912700741e-16,0.0620103718415527,30.9997062708904,29.6452937291096,30.3225,-0.0162139636918534,33.0337455704359,30.3012,30.008825553731,-0.807940697502929,-0.586903025883133
"14287327","2019-08-01",26.4017313219684,0.106870229007634,0.0356234096692122,0.0370317025941391,30.9005300853208,29.6088032480126,30.2546666666667,0.0602785483781996,36.8468398319684,30.2428,29.9503154799002,-0.852750221943743,-0.640072465095255
"14287326","2019-08-02",27.2996384545309,0.0916030534351154,0.0661577608142507,0.03392705682782,30.8404234710113,29.5595765289887,30.2,0.107030850588222,36.5268615263294,30.1844,29.8969400825802,-0.883762231223817,-0.688810418320968
"14287325","2019-08-05",29.2779137775555,0,0.0661577608142507,0.0559796437659033,30.8085955628447,29.419071103822,30.1138333333333,-0.164855755027967,27.7145210865807,30.1048,29.7600147382362,-1.08042955814392,-0.767134246285559
"14287324","2019-08-06",31.4923868239084,0,0.0305343511450393,0.0542832909245123,30.8446421863933,29.2050244802733,30.0248333333333,-0.177901925461795,24.6951510295508,30.032,29.5986794398047,-1.30986210050927,-0.875679817130302
"14287323","2019-08-07",32.1925456860278,0.401913875598086,0.13397129186603,0.0768878012751052,30.7977419984294,29.1652580015706,29.9815,0.258139538217175,42.4266189675901,29.9852,29.5708555144974,-1.24920311480028,-0.950384476664297
"14287322","2019-08-08",32.8426932008529,0.505102040816325,0.302338638804805,0.15561476060529,30.7638480069657,29.1358186597009,29.9498333333333,0.324020371327252,44.9206794427584,29.9292,29.5667414458978,-1.14700705116564,-0.989708991564566
"14287321","2019-08-09",34.0423412123881,0.295918367346938,0.400978094587117,0.279096008419316,30.7536727224638,29.0656606108695,29.9096666666667,0.182269262377036,39.8404143674678,29.8684,29.5085092531114,-1.16470948081,-1.02470908941365
"14287320","2019-08-12",35.2092241475951,0.275510204081632,0.358843537414966,0.354053423602295,30.7258568788985,28.9798097877682,29.8528333333333,0.128016905558047,39.3725772037949,29.7988,29.4527080193632,-1.1764728411028,-1.05506183975148
"14287319","2019-08-13",35.3959044917869,0.275510204081632,0.282312925170068,0.347378185724049,30.6877945859387,28.9185387473946,29.8031666666667,0.204301291385202,39.3725772037949,29.7408,29.4043469501148,-1.17258637882313,-1.07856674756581
"14287318","2019-08-14",35.4551282660025,0.290816326530612,0.28061224489796,0.307256235827663,30.6039291977512,28.8887374689154,29.7463333333333,0.245606671255636,39.9855725376519,29.696,29.3664340234328,-1.14826403759403,-1.09250620557145
"14287317","2019-08-15",35.6568894087771,0.252577319587628,0.272967950066625,0.278631040044883,30.5230278657784,28.848305467555,29.6856666666667,0.198059411396719,38.8572997981811,29.6516,29.3229094869751,-1.13806586350821,-1.10161813715881
"14287316","2019-08-16",35.5130238486707,0.379746835443037,0.30771349385376,0.28709789627278,30.4339303328003,28.8327363338663,29.6333333333333,0.27933134050679,41.3095544350403,29.6152,29.2998548887118,-1.08733322651843,-1.09876115503073
"14287315","2019-08-19",35.0067518434395,0.554794520547944,0.395706225192871,0.325462556371084,30.3800306222099,28.8243027111235,29.6021666666667,0.40218940884052,45.7803893860528,29.5808,29.3078742368835,-0.978049099657063,-1.074618743956
"14287314","2019-08-20",34.74291977361,0.5,0.478180451996995,0.393866723681207,30.3067010455428,28.8199656211239,29.5633333333333,0.365477073650705,44.2254917632087,29.5452,29.3028243386324,-0.905769080839269,-1.04084881133265
"14287313","2019-08-21",33.6345135131684,0.618055555555557,0.557616692034501,0.477167789741454,30.2238157903087,28.8415175430247,29.5326666666667,0.510128060299223,47.8299086044143,29.5084,29.3211144268147,-0.792541704705929,-0.991187390007307
"14287312","2019-08-22",32.1128722130431,0.706293706293705,0.608116420616422,0.547971188215971,30.1365748520596,28.8780918146071,29.5073333333333,0.629256145554375,50.2728327842247,29.482,29.3529658365728,-0.662158504553512,-0.925381612916548
"14287311","2019-08-23",31.2968899084962,0.552447552447552,0.625598938098939,0.597110683583286,29.9880618727117,28.9522714606216,29.4701666666667,0.573856640404341,46.0183609313143,29.4488,29.3512370583631,-0.612230710163997,-0.862751432366038
"14287310","2019-08-26",30.539192054274,0.329787234042555,0.529509497594605,0.587741618769987,29.8752835721371,29.0017164278628,29.4385,0.505532869871557,46.2410633682359,29.4252,29.351072117248,-0.563421179682788,-0.802885381829388
"14287309","2019-08-27",30.4453548751399,0.0760869565217393,0.31944058100395,0.491516338899163,29.8294137113953,28.9999196219381,29.4146666666667,0.345689075272665,41.7855203413683,29.3872,29.3189291682816,-0.584025917899089,-0.759113489043328
"14287308","2019-08-28",30.6132404097183,0,0.135291396854766,0.328080491817772,29.8137824297415,28.9625509035918,29.3881666666667,0.153639081406048,39.8884388145817,29.3456,29.2764052791774,-0.623591226067022,-0.732009036448067
"14287307","2019-08-29",29.9164371248867,0.166666666666667,0.0809178743961362,0.178549950751616,29.7727733453318,28.9615599880015,29.3671666666667,0.376111507420513,43.8795455328777,29.3096,29.2608845752871,-0.604007652569516,-0.706408759672357
"14287306","2019-08-30",28.6850315596756,0.3125,0.159722222222223,0.125310497824374,29.7301235252134,28.9755431414533,29.3528333333333,0.575759545168416,47.183955636086,29.2744,29.2660999652488,-0.543638347557496,-0.673854677249385
"14287305","2019-09-03",27.3135432549336,0.333333333333333,0.270833333333334,0.17049114331723,29.7370389915234,28.9939610084766,29.3655,0.604744502069905,47.658098156614,29.2524,29.273286636549,-0.48468866762168,-0.636021475323844
"14287304","2019-09-04",25.6902454506817,0.510204081632653,0.385345804988663,0.271967120181406,29.7328654866491,29.0728011800176,29.4028333333333,0.889608503418522,51.8478287672924,29.2492,29.3035150850091,-0.383955748672526,-0.58560832999358
"14287303","2019-09-05",24.6382178739323,0.486725663716815,0.443421026227601,0.366533388183198,29.7643683614447,29.0569649718886,29.4106666666667,0.970264451058671,52.973879445736,29.254,29.3363797403412,-0.287088203776509,-0.525904304750166
"14287302","2019-09-06",23.7515539443352,0.68103448275862,0.559321409369364,0.462696080195208,29.8259650722687,29.0203682610646,29.4231666666667,1.10845159743624,58.0454976977854,29.2628,29.3968624416291,-0.142822959444644,-0.449288035689062
"14287301","2019-09-09",23.0337755303146,0.172413793103448,0.446724646526295,0.483155694041085,29.8254390164792,29.0128943168541,29.4191666666667,0.34513672491941,45.1534063189482,29.2488,29.3706141160785,-0.188315898675029,-0.397093608286255
"14287300","2019-09-10",21.870394336706,0.275862068965517,0.376436781609196,0.460827612501617,29.8335900373534,29.0390766293132,29.4363333333333,0.63886906402941,47.6978245954641,29.2668,29.363865567268,-0.189268326351677,-0.355528551899339
"14287299","2019-09-11",22.2445479722774,0.44,0.296091954022989,0.373084460719492,29.9603472172318,28.9939861161015,29.4771666666667,1.14106471098165,55.9505162708762,29.3156,29.4180168249656,-0.0657504400765174,-0.297572929534775
"14287298","2019-09-12",22.8846966540309,0.798969072164948,0.504943713710156,0.392490816447446,30.2516886996877,28.8396446336456,29.5456666666666,1.3033271486441,65.9728385007331,29.362,29.5689479149702,0.242267213643821,-0.189604900899056
"14287297","2019-09-13",24.0953866882822,0.757322175732217,0.665430415965722,0.488822027899621,30.5660468000172,28.7076198666494,29.6368333333333,1.23529928751286,68.5421677440903,29.4128,29.7344215263075,0.549161711839208,-0.0418515783514032
"14287296","2019-09-16",24.5484624044224,0.656903765690377,0.737731671195848,0.636035266957241,30.7538254228396,28.6715079104937,29.7126666666666,1.02057382871396,63.7565149739633,29.4704,29.8458319894665,0.717631707756961,0.11004507887027
"14287295","2019-09-17",25.0429679229733,0.820083682008368,0.744769874476988,0.715977320546185,30.9830109670132,28.6046556996535,29.7938333333333,1.03797681850131,67.7027823564793,29.5452,29.9943877242043,0.944250643448696,0.276886191785955
"14287294","2019-09-18",25.6538752289272,0.848214285714286,0.775067244471011,0.752522930047948,31.1976956003581,28.5709710663085,29.8843333333333,0.990725229574342,68.6454892054923,29.624,30.1364693609771,1.13599684549723,0.448708322528211
"14287293","2019-09-19",26.4758534406817,0.869198312236288,0.845832093319648,0.788556404089215,31.4265804984566,28.5237528348767,29.9751666666666,0.978211877364693,70.5000758605552,29.7096,30.2862734461801,1.32447960668916,0.6238625793604
"14287292","2019-09-20",27.4570319582579,0.853174603174604,0.85686240037506,0.825920579388572,31.6478494733247,28.4828171933419,30.0653333333333,0.944861181639402,71.3221130152699,29.802,30.4281036533561,1.47904095049749,0.794898253587818
"14287291","2019-09-23",28.469842826988,0.895752895752896,0.872708603721263,0.858467699138656,31.8670817286457,28.4699182713543,30.1685,0.924324592596839,72.8604929227242,29.8968,30.5736898329086,1.62610248506274,0.961139099882803
"14287290","2019-09-24",28.9841880638275,0.849420849420849,0.866116116116117,0.865229040070813,32.0285603040073,28.5134396959927,30.271,0.847735816104398,70.0057489521473,29.9784,30.6838645218542,1.69015258124685,1.10694179615561
"14287289","2019-09-25",28.4453415504802,0.72972972972973,0.824967824967826,0.854597514935068,32.1161352096404,28.6228647903596,30.3695,0.753964497500693,63.1249161542349,30.0512,30.7380159189403,1.6399289999413,1.21353923691275
"14287288","2019-09-26",28.1987699243869,0.764478764478765,0.781209781209782,0.824097907431241,32.1768978408287,28.7887688258379,30.4828333333333,0.758894116128889,64.2243284559434,30.1208,30.7969471297482,1.60488180024339,1.29180774957888
"14287287","2019-09-27",28.2728124725127,0.828125000000001,0.774111164736166,0.79342959030459,32.2613338262322,28.9363328404345,30.5988333333333,0.797092643747399,67.2610683878385,30.196,30.8826875124485,1.62587183325895,1.35862056631489
"14287286","2019-09-30",28.3797574093953,0.784037558685447,0.792213774388072,0.782511573444672,32.3301527534593,29.0858472465407,30.708,0.772888398285964,67.2610683878385,30.28,30.956995844122,1.62316993422853,1.41153043989762
"14287285","2019-10-01",27.5616275839339,0.459259259259261,0.690473939314904,0.752266292813046,32.332482727571,29.2688506057623,30.8006666666667,0.661899333953711,61.022700118357,30.3528,30.9853963982391,1.53272097795352,1.4357685475088
"14287284","2019-10-02",26.0048453180371,0,0.414432272648237,0.632373328783737,32.297968311956,29.4183650213774,30.8581666666667,0.483273158902045,49.787552583526,30.4108,30.9286768784739,1.28737199870672,1.40608923774838
"14287283","2019-10-03",25.2243388179247,0,0.153086419753088,0.419330877238742,32.2563183249186,29.5226816750814,30.8895,0.309960113012487,45.0968451416886,30.4604,30.8368532946774,0.997787025403007,1.32442879527931
"14287282","2019-10-04",23.7090359039517,0.0361445783132544,0.0120481927710857,0.193188961724136,32.2241868423975,29.6151464909358,30.9196666666667,0.345537076582888,46.1218274773061,30.506,30.765272855387,0.77482867566887,1.21450877135722
"14287281","2019-10-07",22.3019689124053,0.180722891566265,0.0722891566265075,0.0791412563835594,32.0683955388387,29.909271127828,30.9888333333333,0.355419787264351,50.1321935718717,30.5556,30.7352364746688,0.653493527764692,1.10230572263871
"14287280","2019-10-08",21.7027169812607,0,0.0722891566265075,0.0522088353413659,31.9329655479158,30.1293677854175,31.0311666666667,0.146354998550337,45.155207894469,30.5912,30.6652049447129,0.465175605198076,0.974879699150587
"14287279","2019-10-09",21.3658504503724,0,0.0602409638554227,0.0682730923694783,31.913941864434,30.1613914688993,31.0376666666667,0.0372458320934356,43.6013439563834,30.6152,30.5898442854179,0.283454184631715,0.836594596246813
"14287278","2019-10-10",20.6897800027406,0.0111111111111109,0.0037037037037045,0.045411274728544,31.9422268882895,30.0934397783772,31.0178333333333,0.102712504829807,43.97881136082,30.638,30.5271983806955,0.142836734612839,0.697843023920018
"14287277","2019-10-11",20.6737520958186,0.394444444444444,0.135185185185186,0.0663766175814367,31.9490924545551,30.0982408787782,31.0236666666667,0.552048113740784,55.1351296316463,30.6788,30.5649052632694,0.211342695554517,0.600542958246918
"14287276","2019-10-14",21.7269905038515,0.612903225806452,0.339486260454003,0.159458383114297,32.081317382848,30.0803492838186,31.0808333333333,0.929375494333681,64.1586092359474,30.7756,30.7055845615002,0.473328171098997,0.575100000817334
"14287275","2019-10-15",22.4773277576392,0.57258064516129,0.526642771804063,0.333771405814416,32.1511113192289,30.0748886807711,31.113,0.790752376688795,62.4876663929074,30.8636,30.8141732866335,0.646072684539511,0.589294537561769
"14287274","2019-10-16",23.5267220309359,0.584677419354839,0.590053763440861,0.485394265232975,32.2317864389277,30.060880227739,31.1463333333333,0.819528620394355,62.8006688327432,30.9348,30.9122835150824,0.780997937679118,0.627635217585239
"14287273","2019-10-17",24.5011595704257,0.701612903225807,0.619623655913979,0.578773397052967,32.3288052812626,30.0305280520707,31.1796666666667,0.869987276788321,65.7736720219444,30.9864,31.0359790464047,0.951651657913422,0.692438505650876
"14287272","2019-10-18",25.1969176321837,0.669354838709678,0.651881720430109,0.620519713261649,32.3892422304235,30.0144244362432,31.2018333333333,0.801005548756244,64.2482218417574,31.0244,31.1325151735507,1.05300178155807,0.764551160832315
"14287271","2019-10-21",26.3593740389674,0.7734375,0.714801747311829,0.662102374551972,32.5006390568492,29.9693609431508,31.235,0.910201205357171,67.4955993429075,31.0848,31.258846483744,1.20133812697369,0.851908554060591
"14287270","2019-10-22",28.0230411946834,0.726984126984127,0.723258821897936,0.696647429879957,32.7049015027637,29.8834318305696,31.2941666666667,0.989992862097616,70.3091465765428,31.142,31.4096669525781,1.38140782987843,0.957808409224159
"14287269","2019-10-23",29.5861295234248,0.848580441640377,0.783000689541502,0.740353752917088,32.9629970103426,29.794669656324,31.3788333333333,0.995897832234375,73.4969457539563,31.2112,31.593711358901,1.60607292904615,1.08746131318856
"14287268","2019-10-24",31.1964381955961,0.853293413173654,0.809619327266054,0.77195961290183,33.2216238955951,29.7113761044049,31.4665,0.969150165827745,74.6685295297259,31.2788,31.7745498443809,1.80162267815343,1.23029358618153
"14287267","2019-10-25",32.6612466173983,0.850299401197605,0.850724418670546,0.814448145159366,33.4237436896497,29.6545896436836,31.5391666666667,0.898188377293738,74.4470215116766,31.3424,31.9299431984635,1.92959914622679,1.37015469819058
"14287266","2019-10-28",33.8920663392742,0.838323353293413,0.847305389221558,0.835883045052718,33.5996213283501,29.6197120049832,31.6096666666667,0.850175482261414,73.507667766987,31.3976,32.059284105335,1.99624789523543,1.49537333759955
"14287265","2019-10-29",34.4187755891547,0.780120481927712,0.822914412139577,0.84031474001056,33.736618150343,29.6343818496569,31.6855,0.774931342483785,69.0508086524949,31.45,32.1460462246237,1.97746178523255,1.59179102712615
"14287264","2019-10-30",35.2818280651944,0.779467680608366,0.799303838609831,0.823174546656988,33.8832171717111,29.7081161616223,31.7956666666667,0.791649630445895,70.5679934256766,31.5208,32.2412400613405,1.9766151425096,1.66875585020284
"14287263","2019-10-31",36.3022458383753,0.753768844221108,0.771119002252396,0.797779084333934,33.9996649434565,29.8730017232102,31.9363333333333,0.802181189364318,72.1370194536214,31.5944,32.3450747198284,1.99206883964336,1.73341844809094
"14287262","2019-11-01",37.3521043985023,0.841346153846155,0.791527559558544,0.787316800140256,34.1262277678176,30.0327722321824,32.0795,0.817702241707192,74.4307043283162,31.6676,32.468398090518,2.04192782105268,1.79512032268329
"14287261","2019-11-04",38.5807533876669,0.780701754385965,0.79193891748441,0.784861826431782,34.2497004719977,30.1912995280023,32.2205,0.814450613499593,74.9633979425076,31.7432,32.5832783451156,2.07122353524682,1.850340965196
"14287260","2019-11-05",39.2894885860978,0.70048309178744,0.774177000006521,0.785881159016491,34.2739547484487,30.4650452515513,32.3695,0.763548749097612,71.7441111782508,31.8248,32.6668412324335,2.0403162131535,1.8883360147875
"14287259","2019-11-06",39.8006063549738,0.681159420289856,0.720781422154421,0.762299113215116,34.19850063081,30.8518327025234,32.5251666666667,0.743476003832417,70.6548900585365,31.9292,32.733929068109,1.98251978977095,1.90717276978419
"14287258","2019-11-07",39.7559632449566,0.542857142857144,0.641499884978148,0.712152769046362,34.0100049226788,31.3296617439878,32.6698333333333,0.689092701771442,66.8305412172958,32.0408,32.7734051923612,1.88021990190095,1.90178219620754
"14287257","2019-11-08",40.1068855346894,0.486111111111114,0.570042558086039,0.644107955072868,33.9401452201263,31.6178547798737,32.779,0.725782841045624,67.6389767953879,32.1524,32.8156178333797,1.7930290518313,1.88003156733229
"14287256","2019-11-11",40.5195015388899,0.669642857142859,0.566203703703707,0.59258204892263,34.0033216055983,31.7176783944017,32.8605,0.810415902413997,72.1472503931716,32.2692,32.9015354555957,1.79372678462775,1.86277061079138
"14287255","2019-11-12",40.9026449713619,0.723214285714289,0.626322751322755,0.587523004370832,34.0133015743266,31.8966984256734,32.955,0.80788325486585,72.8087824347126,32.4016,32.9839973948496,1.78770483775497,1.8477574561841
"14287254","2019-11-13",41.4006086703989,0.758620689655177,0.717159277504109,0.636561910843523,34.0184917066679,32.0758416266655,33.0471666666667,0.827473626473117,73.5966853961293,32.5412,33.064797742203,1.77890369627707,1.83398670420269
"14287253","2019-11-14",42.0048760373395,0.704000000000002,0.72861165845649,0.690697895761117,34.0240629801034,32.2386036865633,33.1313333333333,0.825966546594314,73.5966853961293,32.68,33.1348247099093,1.75118207968115,1.81742577929838
"14287252","2019-11-15",42.5659814494986,0.719999999999999,0.72754022988506,0.724437055281886,33.9535938696016,32.4884061303985,33.221,0.833745626526986,73.8477894960275,32.792,33.1981814152547,1.71386839691812,1.79671430282233
"14287251","2019-11-18",43.4645651159001,0.542635658914731,0.655545219638245,0.703899035993265,33.9216364052282,32.6686969281052,33.2951666666667,0.868333832899636,72.0041435022124,32.8696,33.2464238932208,1.65275242214025,1.76792192668591
"14287250","2019-11-19",43.6106376331248,0.353982300884956,0.538872653266563,0.640652700929955,33.9017127970523,32.7726205362811,33.3371666666667,0.658977265398483,66.9631231630086,32.9456,33.2695673741247,1.55227458795271,1.72479245893927
"14287249","2019-11-20",43.990303700384,0.419642857142857,0.438753605647516,0.544390492850774,33.9181425233063,32.8228574766937,33.3705,0.72475123478401,68.3276674767038,33.0236,33.3002917242414,1.47493522515205,1.67482101218183
"14287248","2019-11-21",44.2412244119956,0.401785714285711,0.391803624104509,0.456476627672862,33.9365964920795,32.8520701745872,33.3943333333333,0.680416706824689,67.5762052551904,33.0892,33.3242528276759,1.39263194062609,1.61838319787068
"14287247","2019-11-22",44.5312115556573,0.464285714285712,0.428571428571428,0.419709552774483,33.9519169761866,32.8974163571467,33.4246666666667,0.710526192200928,68.8667918782159,33.1608,33.3543524506524,1.32892976042027,1.5604925103806
"14287246","2019-11-25",45.2592296559555,0.678571428571428,0.514880952380952,0.445085335018962,33.9968950269262,32.9414383064071,33.4691666666667,0.901879734545678,72.8560669114129,33.2292,33.4124387905654,1.32105023861331,1.51260405602714
"14287245","2019-11-26",45.9518020478166,0.687499999999998,0.610119047619047,0.517857142857141,33.9908849121247,33.0564484212086,33.5236666666667,0.906305479674123,73.0112435784064,33.2856,33.46411361849,1.30190514357853,1.47046427353742
"14287244","2019-11-27",46.9429272015005,0.693548387096777,0.686539938556069,0.603846646185355,34.0416557605987,33.112010906068,33.5768333333333,1.03766051723656,75.2929053442893,33.332,33.528898469358,1.30749263694685,1.43786994621931
"14287243","2019-11-29",47.9658100319079,0.591836734693878,0.657628373930219,0.651429120035111,34.1121907806362,33.1364758860304,33.6243333333333,1.02166878133561,76.0206340647693,33.374,33.591712006777,1.30848604698457,1.41199316637236
"14287242","2019-12-02",48.7903388611553,0.571428571428568,0.618937897739742,0.654368736742009,34.17475128838,33.14524871162,33.66,0.920915248893382,75.0681705624947,33.4156,33.6434837392067,1.28928536327062,1.38745160575201
"14287241","2019-12-03",49.5559727740278,0.622448979591838,0.595238095238096,0.623934788969351,34.2371226070949,33.1452107262384,33.6911666666667,0.892736209626144,75.8817271233527,33.4608,33.6950192406458,1.27113727718169,1.36418874003795
"14287240","2019-12-04",50.8021159114508,0.508064516129031,0.567314022383147,0.593830005120327,34.3125110660987,33.1578222672346,33.7351666666667,0.948750059043089,76.2160470906301,33.5144,33.7423500085597,1.24692061625127,1.34073511528061
"14287239","2019-12-05",51.9592488247722,0.62903225806452,0.586515251261797,0.583022456294346,34.3856766444109,33.1829900222557,33.7843333333333,0.948163295467704,78.6107796174528,33.568,33.8033700074184,1.24891170769454,1.3223704337634
"14287238","2019-12-06",53.0476972898243,0.669354838709679,0.602150537634411,0.585326603759784,34.4266274874902,33.2603725125098,33.8435,0.942870565254092,79.356904008589,33.6172,33.862920673096,1.24770426698111,1.30743720040694
"14287237","2019-12-09",50.8728050786612,0.209677419354838,0.502688172043013,0.563784653646406,34.3996694821523,33.3439971845144,33.8718333333333,0.498263349964334,55.5620103585159,33.6336,33.8385312500165,1.09812416057438,1.26557459244043
"14287236","2019-12-10",48.4331117633896,0.0847457627118656,0.321259340258795,0.475366016645405,34.3952591469137,33.357407519753,33.8763333333333,0.291556588945972,52.5831153774995,33.6436,33.804060416681,0.944864228506326,1.20143251965361
"14287235","2019-12-11",46.7748703815516,0.144067796610171,0.146163659558959,0.323370390620255,34.3912564128538,33.3787435871462,33.885,0.396297609932365,54.4250987328616,33.6612,33.7835190277902,0.830565640935244,1.12725914390993
"14287234","2019-12-12",44.2773914217462,0,0.0762711864406799,0.181231395419477,34.3928802810635,33.3727863856031,33.8828333333333,0.261950018116969,47.59795750502,33.6708,33.7337164907515,0.674839620238932,1.03677523917573
"14287233","2019-12-13",44.8266027077515,0.551440329218107,0.23183604194276,0.151423629314132,34.6860644625749,33.2196022040917,33.9528333333333,1.29136029126338,70.12859710978,33.7396,33.8692209586513,0.861531974309271,1.00172658620244
"14287232","2019-12-16",45.6919568196762,0.735915492957747,0.429118607391952,0.245741945258463,35.1179325238555,32.9917341428112,34.0548333333333,1.29727587123552,76.2767048133106,33.836,34.0866581641644,1.17254081182157,1.03588943132627
"14287231","2019-12-17",46.5203992716931,0.846689895470384,0.711348572548747,0.457434407294486,35.5113486574922,32.8213180091744,34.1663333333333,1.1766961315001,78.4428135884916,33.9312,34.3204370756092,1.47922366021098,1.12455627710321
"14287230","2019-12-18",46.7311674785062,0.783972125435539,0.788859171287891,0.643108783742863,35.761629179313,32.7977041540204,34.2796666666667,1.00732277430609,74.561334991955,34.0168,34.499045465528,1.65813192192108,1.23127140606678
"14287229","2019-12-19",45.9990720341989,0.67247386759582,0.767711962833916,0.75597323555685,35.9208025470632,32.8305307862701,34.3756666666667,0.875695113526851,68.1090843236154,34.0868,34.6111727367909,1.70399166309776,1.32581545747298
"14287228","2019-12-20",45.6964114310375,0.794425087108013,0.750290360046458,0.768953831389421,36.1209235958401,32.8587430708265,34.4898333333333,0.924102832259489,71.0590261164489,34.1708,34.7550163718855,1.79989618113154,1.42063160220469
"14287227","2019-12-23",44.6829716062128,0.70034843205575,0.722415795586529,0.746806039488967,36.2387444801825,32.9362555198175,34.5875,0.806586944620117,65.9880435982673,34.2432,34.8436808556341,1.79158748116701,1.49482277799716
"14287226","2019-12-24",43.7419203403042,0.710801393728224,0.735191637630663,0.735965931087883,36.3395677235996,33.0007656097337,34.6701666666667,0.762519301865758,66.276018000225,34.3188,34.9245234082162,1.77093562349182,1.55004534709609
"14287225","2019-12-26",42.3968465538516,0.651567944250872,0.687572590011616,0.715060007742935,36.4034873990613,33.085845934272,34.7446666666667,0.695520424238449,63.0198130523939,34.3932,34.9719202871207,1.69539220190682,1.57911471805824
"14287224","2019-12-27",41.1478494664314,0.686411149825785,0.682926829268295,0.701897018970191,36.4682946990358,33.1573719676309,34.8128333333333,0.689423528588529,64.1360320864722,34.4684,35.0263309155046,1.63942609044869,1.59117699253633
"14287223","2019-12-30",40.2333052728438,0.70383275261324,0.680603948896633,0.683701122725514,36.5341342141015,33.2301991192319,34.8821666666667,0.693052622106219,64.7096087619427,34.5464,35.080153460104,1.58799623451582,1.59054084093223
"14287222","2019-12-31",39.720462960533,0.773519163763067,0.721254355400699,0.694928377855208,36.6122806605691,33.3147193394309,34.9635,0.72941195821004,66.98418178716,34.6296,35.1534663320901,1.57469745808794,1.58737216436337
"14287221","2020-01-02",38.0916655941608,0.637630662020907,0.704994192799072,0.702284165698801,36.650225301218,33.4154413654487,35.0328333333333,0.646480674673145,58.9986348155051,34.6876,35.1650041544781,1.45762965455665,1.56142366240202
"14287220","2020-01-03",36.2308074698865,0.235294117647058,0.548814647810345,0.658354398670038,36.6611794032278,33.5031539301055,35.0821666666667,0.549978486455111,56.577389756531,34.74,35.1576702672144,1.31981758932165,1.51310244778595
"14287219","2020-01-06",34.5885378971318,0.1025641025641,0.325162960744023,0.526323933784479,36.6755637972478,33.5897695360855,35.1326666666667,0.565029178773273,58.2794291373259,34.7912,35.1673142315858,1.2240399558159,1.45528994939194
"14287218","2020-01-07",32.7222845898188,0,0.112619406737054,0.328865671763806,36.6793521229776,33.6753145436891,35.1773333333333,0.525299284044909,55.9189645871111,34.8356,35.159672334041,1.10782895618451,1.38579775075045
"14287217","2020-01-08",31.1345896917089,0.150442477876107,0.0843355268134037,0.174039298098159,36.6315706954865,33.8747626378469,35.2531666666667,0.548425569429853,58.4843153586096,34.8876,35.1757160228356,1.04272553497737,1.31718330759584
"14287216","2020-01-09",29.685692486114,0.203539823008853,0.117994100294988,0.104983011281814,36.510977004715,34.1723563286183,35.3416666666667,0.537771552366831,59.3827621619739,34.94,35.1976205531241,0.993391825860601,1.25242501124879
"14287215","2020-01-10",28.9330889055024,0.274336283185842,0.209439528023602,0.137256385043997,36.3568735892378,34.5047930774289,35.4308333333333,0.571541166355991,60.606882011705,34.9948,35.2272711460409,0.96147275849201,1.19423456069743
"14287214","2020-01-13",27.9590313166524,0.247311827956994,0.241729311383897,0.189720979900828,35.9497606335062,35.0935726998271,35.5216666666667,0.424082088238879,58.7016471259008,35.0404,35.2423016599021,0.907319729013056,1.13685159436056
"14287213","2020-01-14",26.3647629965178,0.0215053763440894,0.181051162495643,0.21074000063438,35.9314007352324,35.128932598101,35.5301666666667,0.192407309509278,53.91075909118,35.0756,35.2273281052485,0.806994152621954,1.07088010601284
"14287212","2020-01-15",25.9144609623882,0.516129032258069,0.261648745519718,0.228143073133085,35.9282983631167,35.1300349702166,35.5291666666667,0.751587803123105,61.3515777953504,35.152,35.2756843578821,0.823308625719865,1.02136580995424
"14287211","2020-01-16",25.5626710614242,0.655913978494623,0.397849462365595,0.280183123460318,35.8884405578039,35.1538927755294,35.5211666666667,0.915902147378368,63.1616326876014,35.2376,35.3349264434978,0.855879045453167,0.988268457054028
"14287210","2020-01-17",25.3738027232958,0.626262626262622,0.599435212338439,0.419644473407917,35.9030339191843,35.146299414149,35.5246666666667,0.934322294648515,63.3040031833446,35.3208,35.3876029176981,0.873656007416779,0.965345967126578
"14287209","2020-01-21",24.7946485475945,0.515151515151512,0.59910937330292,0.532131349335651,35.9301240451102,35.1428759548898,35.5365,0.800836974106912,60.5326817134187,35.4092,35.4185891953383,0.852671384739545,0.942811050649172
"14287208","2020-01-22",24.6072774709617,0.684684684684683,0.608699608699607,0.602414731446988,35.9576785330569,35.1266548002764,35.5421666666667,1.03488243772865,64.3522943525194,35.454,35.4787773026266,0.882638088664822,0.930776458252302
"14287207","2020-01-23",25.5482101237033,0.572289156626506,0.590708452154235,0.599505811385587,36.1070771432327,35.0469228567673,35.577,1.17883201139149,66.9687031697676,35.4764,35.5562736622764,0.93843018073525,0.932307202748892
"14287206","2020-01-24",26.5075147963124,0.678362573099417,0.64511213813687,0.614840066330236,36.2751497955441,34.9695168711226,35.6223333333333,1.13647292011131,69.6225492095438,35.4936,35.6514371739728,1.01804529785152,0.949454821769418
"14287205","2020-01-27",26.5337842618995,0.543859649122807,0.598170459616244,0.611330349969116,36.3581040588013,34.9698959411987,35.664,0.905318669104439,63.5959440047202,35.5088,35.7032455507765,1.0169668481244,0.962957227040414
"14287204","2020-01-28",26.9520242829306,0.710059171597632,0.644093797939953,0.629125465231021,36.4884383923909,34.9442282742758,35.7163333333333,0.998852665383154,67.4247662738671,35.5484,35.7868128106729,1.06896176309819,0.984158134251969
"14287203","2020-01-29",27.3985062810535,0.782352941176472,0.678757253965638,0.640340503840611,36.6224172813872,34.9165827186128,35.7695,0.977088078230589,68.9988342946594,35.5792,35.8765711025832,1.1259724229816,1.0125209919979
"14287202","2020-01-30",26.5634804616674,0.576470588235294,0.689627567003134,0.670826206302907,36.6832651688769,34.9147348311231,35.799,0.788940477350827,60.5198612535248,35.6068,35.9076949555721,1.07969567110651,1.02595592781962
"14287201","2020-01-31",25.4980503321961,0.523529411764708,0.627450980392159,0.665278600453643,36.7232751900839,34.9437248099161,35.8335,0.704077766335792,58.5281541294376,35.6296,35.9226689614958,1.01108207881542,1.02298115801878
"14287200","2020-02-03",24.4095061300455,0.505882352941177,0.535294117647061,0.617457555014117,36.7329344354329,35.0230655645671,35.878,0.647379722675701,57.84478525366,35.658,35.9316464332964,0.939119892890572,1.00620890499314
"14287199","2020-02-04",23.9483537916283,0.36290322580645,0.464104996837446,0.542283364958888,36.7528993245502,35.0931006754498,35.923,0.686970469882916,58.7100873667949,35.6844,35.9460935755235,0.88311620928383,0.981590365851275
"14287198","2020-02-05",23.5201409059551,0.363636363636367,0.410807314127999,0.470068809537501,36.7484247304212,35.1922419362454,35.9703333333333,0.647583347872896,59.0719817555783,35.7096,35.9612810987871,0.833582875677097,0.95198886781644
"14287197","2020-02-06",23.4376320885096,0.380165289256199,0.368901626233007,0.414604645732816,36.7524491485621,35.2748841847713,36.0136666666667,0.662203810011689,59.4546859634169,35.7276,35.9771102856155,0.789679758447659,0.919527045942684
"14287196","2020-02-07",22.4201087158911,0.173553719008265,0.305785123966945,0.361831354775983,36.7292756819716,35.3493909846951,36.0393333333333,0.430428969761394,52.8075680246267,35.7512,35.9574955808667,0.690833068497665,0.87378825045368
"14287195","2020-02-10",21.4752655841739,0.120000000000005,0.224573002754824,0.299753250984924,36.7169143704088,35.4074189629246,36.0621666666667,0.467799301604513,55.3859365794636,35.7848,35.9564961700845,0.632153666278312,0.825461333618606
"14287194","2020-02-11",21.3178365680331,0.260000000000005,0.184517906336093,0.238292011019286,36.6937342032473,35.504599130086,36.0991666666667,0.581992367562409,58.251715876692,35.8192,35.9742966807399,0.610026517818718,0.782374370458629
"14287193","2020-02-12",21.2531930625065,0.289999999999999,0.223333333333338,0.210808080808084,36.6097405216917,35.682926144975,36.1463333333333,0.586676831252771,58.8615293362006,35.8596,35.9937237899746,0.592353681313207,0.744370232629544
"14287192","2020-02-13",21.1067249279229,0.270000000000003,0.273333333333337,0.227061524334255,36.5927012148926,35.7476321184408,36.1701666666667,0.54319173444307,58.2506539802601,35.8924,36.0078939513113,0.56729050531017,0.708954287165669
"14287191","2020-02-14",21.4584660129516,0,0.186666666666669,0.22777777777778,36.658527795273,35.6441388713937,36.1513333333333,-0.191385046527613,35.7043510307336,35.8776,35.8695080911365,0.290362138394973,0.62523585741153
"14287190","2020-02-18",21.7850827347639,0.134408602150538,0.134802867383515,0.198267622461173,36.7110221084221,35.5513112249113,36.1311666666667,-0.0873590360768272,41.1330105862426,35.8696,35.7829070123183,0.125208441592495,0.525230374247723
"14287189","2020-02-19",22.3242723707786,0.0747126436781623,0.0697070819429014,0.130392205331027,36.7628217206841,35.4591782793159,36.111,-0.0684069558332191,39.4128280209044,35.86,35.6918527440092,-0.0327081682098052,0.413642665756217
"14287188","2020-02-20",23.0565197004934,0.00606060606060486,0.071727283963103,0.092079077763172,36.8434301159453,35.294903217388,36.0691666666667,-0.093574879146767,37.7142922788094,35.854,35.5969390448079,-0.183283227551745,0.294257487094625
"14287187","2020-02-21",22.5140521805351,0.157575757575757,0.0794496691048426,0.0736280116702812,36.8396455470864,35.212687786247,36.0261666666667,0.137667298937202,43.2057184356003,35.8396,35.5480138388336,-0.243345244267879,0.186736940822124
"14287186","2020-02-24",22.3200382977356,0.0727272727272755,0.0787878787878803,0.0766549439519409,36.8195884424208,35.1137448909126,35.9666666666667,0.0876917711993644,41.0244351809465,35.8144,35.4869453269891,-0.31922282435447,0.0855449877868054
"14287185","2020-02-25",23.1460172374876,0,0.0767676767676787,0.0783350748867995,36.8798329949238,34.9098336717429,35.8948333333334,-0.0608292958950804,33.9125912547973,35.7672,35.3620192833905,-0.497025118805305,-0.0309690335316168
"14287184","2020-02-26",25.4138333486836,0,0.0242424242424265,0.0599326599326608,37.0979339684429,34.4107326982238,35.7543333333333,-0.273171213370761,23.2307620827698,35.6712,35.0764167122718,-0.933562393752807,-0.211487705575855
"14287183","2020-02-27",28.6943508666614,0,1.35539727589655e-15,0.0336700336700345,37.6789948501092,33.3423384832242,35.5106666666667,-0.376404848603825,14.8084397173866,35.476,34.5315611506356,-1.78299976908101,-0.525790118276885
"14287182","2020-02-28",32.1453764012632,0,1.35539727589655e-15,0.00808080808080868,38.4020984164256,31.9862349169078,35.1941666666667,-0.312699127258332,11.8931961773873,35.2172,33.8726863305508,-2.77235352873827,-0.975102800369162
"14287181","2020-03-02",33.5799796192669,0.0919708029197079,0.0306569343065707,0.0102189781021901,38.6278609485943,31.2164723847391,34.9221666666667,-0.0620404279320649,19.5667792063801,34.9752,33.3856614864774,-3.38616812542654,-1.45731586538064
"14287180","2020-03-03",33.860403598862,0.194160583941606,0.0953771289537727,0.0420113544201138,38.63895018677,30.74004981323,34.6895,0.0932556202258505,27.1580183922188,34.7704,33.0569066216137,-3.67159572092953,-1.90017183649042
"14287179","2020-03-04",34.1207972942002,0.253294289897511,0.17980855891961,0.10194754072665,38.5573521292891,30.3596478707109,34.4585,0.152931286989347,31.1564276883462,34.57,32.8253190720652,-3.7623727101209,-2.27261201121651
"14287178","2020-03-05",34.3887909668787,0.247800586510264,0.231751820116462,0.168979169329947,38.4331844009868,30.0141489323466,34.2236666666667,0.176883017839013,30.9733320040707,34.3628,32.6192765291232,-3.80420741692679,-2.57893109235857
"14287177","2020-03-06",35.1739804039059,0.129746835443038,0.210280570616939,0.207280316551003,38.2992890635728,29.6070442697606,33.9531666666667,0.142228974551297,27.2257264630341,34.1348,32.3247063252401,-4.01195963974503,-2.86553680183586
"14287176","2020-03-09",36.7271582269402,0,0.125849140651102,0.189293843794833,38.3225688659952,28.9100978006715,33.6163333333333,0.0315080773090236,21.4698295946566,33.8388,31.8307454818748,-4.58383378976672,-3.20919619942203
"14287175","2020-03-10",38.2118188258959,0,0.0432489451476807,0.126459552138573,38.2338942329778,28.3031057670222,33.2685,0.0765525888419916,21.1735837713591,33.5396,31.3879794176248,-5.02358653319165,-3.57207426617596
"14287174","2020-03-11",39.5904322392119,0.039509536784741,0.013169845594915,0.0607559771312316,38.0084029703232,27.8145970296769,32.9115,0.121845525039596,24.1452262118163,33.25,31.0429154952748,-5.24971895522025,-3.90760320398482
"14287173","2020-03-12",41.6794487017517,0,0.013169845594915,0.0231962121125026,37.9100294118352,26.9969705881648,32.4535,0.0063864842687961,17.885529773705,32.8596,30.4105267625715,-6.03145332750569,-4.33237322868899
"14287172","2020-03-13",43.8728732816231,0,0.013169845594915,0.013169845594914,37.7708517574216,26.1314815759117,31.9511666666667,0.00245016900773434,15.8971311710474,32.4236,29.7131231942286,-6.90495954369585,-4.84689049169036
"14287171","2020-03-16",46.2208248385078,0,1.371588028339e-15,0.00877989706327616,37.8808632006159,24.8974701327174,31.3891666666667,-0.052949959161075,13.4403092743893,31.9292,28.8807067683315,-8.01964373873156,-5.4814411410986
"14287170","2020-03-17",48.475184073636,0,1.371588028339e-15,0.00438994853163827,37.7892225186294,23.8361108147039,30.8126666666667,0.00601222057675267,12.8523802333991,31.4112,28.096612532554,-8.98903894290617,-6.18296070146012
"14287169","2020-03-18",50.824374049581,0,1.371588028339e-15,3.75278511969649e-16,37.7491857547993,22.5564809118674,30.1528333333333,-0.0252191813436262,10.8145469324976,30.8124,27.1663975282134,-10.2501501061901,-6.99639858240612
"14287168","2020-03-19",53.0723328965186,0,1.371588028339e-15,3.75278511969649e-16,37.6040567519109,21.3226099147557,29.4633333333333,0.00229648418953378,10.2822255569831,30.1896,26.2842111911183,-11.3711296430396,-7.87134479453282
"14287167","2020-03-20",55.2678910782958,0,1.371588028339e-15,3.75278511969649e-16,37.2307780018843,20.2222219981157,28.7265,0.0280904505813684,9.41536771148892,29.528,25.3876496989692,-12.5067246719363,-8.79842077001352
"14287166","2020-03-23",57.4432607771986,0,1.371588028339e-15,3.75278511969649e-16,36.9040198593155,18.8939801406845,27.899,-0.0100303391982137,8.31701858189807,28.854,24.4186297391066,-13.8081370602815,-9.80036402806711
"14287165","2020-03-24",57.965776636439,0.096167751265365,0.0320559170884564,0.010685305696152,36.1999106627945,18.1270893372055,27.1635,0.108057874728691,17.8491302693425,28.2232,23.7561457738924,-14.3277057240088,-10.7058323672554
"14287164","2020-03-25",56.7003661359947,0.22663723325975,0.107601661508373,0.0465525261989426,35.3661604598813,17.7868395401188,26.5765,0.23606299387155,28.3978033238737,27.6672,23.4153263373734,-14.0329975780943,-11.3712654094232
"14287163","2020-03-26",54.4338641250315,0.345024469820555,0.222609818115225,0.120755798904017,34.7261966939588,17.5788033060412,26.1525,0.329565932623948,34.3624220598113,27.162,23.2732828257236,-13.2698811011446,-11.7509885477675
"14287162","2020-03-27",51.7064473001508,0.471369294605809,0.347676999228706,0.2259628262841,34.2947969087576,17.4655364245758,25.8801666666667,0.419970735814609,41.0324033403396,26.7048,23.3435117822938,-12.0310743483763,-11.8070057078893
"14287161","2020-03-30",49.1738459627615,0.580786026200873,0.465726596875747,0.345337804739891,33.7148078480309,17.4865254853024,25.6006666666667,0.473256565895305,45.0548461426568,26.292,23.5337102113213,-10.5924488691554,-11.5640943401425
"14287160","2020-03-31",46.9211267780549,0.614503816793893,0.55555304586686,0.456318880657103,32.9304471757094,17.621886157624,25.2761666666667,0.481089012895595,44.3495077923028,25.8924,23.6705488498118,-9.4124487844948,-11.1337652290129
"14287159","2020-04-01",45.7476946946215,0.426,0.540429947664923,0.520569863469176,31.9767515136917,17.7042484863083,24.8405,0.364039265132615,37.7437465016409,25.4588,23.4984756698369,-9.112203837307,-10.7294529506718
"14287158","2020-04-02",44.6695384622192,0.536802030456853,0.52576861575025,0.540583869760677,30.8955404472163,17.9101262194504,24.4028333333333,0.372716164125193,37.6606139880287,25.1132,23.3453455805253,-8.79085244145064,-10.3417328488275
"14287157","2020-04-03",44.0298322335028,0.416243654822335,0.459681895093064,0.508626819502745,29.8128046794992,18.1011953205008,23.957,0.326639254171043,35.0294593465928,24.7856,23.0859661697886,-8.77188122105426,-10.0277625232729
"14287156","2020-04-06",42.5937867992011,0.588832487309645,0.513959390862946,0.499803300568752,28.9987981672166,18.3162018327834,23.6575,0.458733502649313,41.3470150915248,24.4872,23.0425040138168,-8.19863269933926,-9.66193655848615
"14287155","2020-04-07",40.0916271690549,0.815989847715736,0.607021996615907,0.526887760857304,28.2415024582355,18.6704975417645,23.456,0.664803314500325,48.4517134214706,24.2324,23.2435034786412,-7.04163556745113,-9.13787636027915
"14287154","2020-04-08",37.7448968357579,0.818181818181818,0.741001384402401,0.620660923960417,27.3798935285601,19.1344398047732,23.2571666666667,0.721071319347136,48.6388642692764,23.9636,23.4243696814891,-6.0371887618784,-8.517738840599
"14287153","2020-04-09",35.4749827438883,0.827800829875519,0.820657498591026,0.722893626536444,27.2861295989743,19.1868704010257,23.2365,0.921869858690129,54.0308637997502,23.7564,23.7811203906239,-4.67746748953268,-7.74968457038574
"14287152","2020-04-13",33.0379196125866,0.729241877256318,0.791741508437886,0.78446679714377,27.2321399417231,19.2121933916103,23.2221666666667,0.830571612927938,51.7304451556046,23.5604,24.011637671874,-3.75916088740795,-6.95157983379018
"14287151","2020-04-14",30.8359457224617,0.710365853658536,0.755802853596792,0.789400620208567,27.5085812838536,19.1290853828131,23.3188333333333,0.837072782582212,53.0086017125376,23.45,24.2580859822908,-2.88374155548493,-6.13801217812913
"14287150","2020-04-15",29.0196582287538,0.55188679245283,0.66383150778923,0.737125289941302,27.6449223029739,19.1200776970262,23.3825,0.712418339223441,49.2004025021848,23.306,24.3450078513187,-2.47658923598916,-5.40572758970114
"14287149","2020-04-16",27.400923712148,0.533018867924528,0.598423838011966,0.672686066465995,27.8095247859205,19.2428085474128,23.5261666666667,0.677489245314942,48.7242340102366,23.1456,24.4043401378095,-2.16832890061391,-4.75824785188369
"14287148","2020-04-17",25.5942797847679,0.683962264150943,0.589622641509436,0.617292662436876,28.050744414186,19.466255585814,23.7585,0.761887074654508,52.6706025890274,23.1236,24.5837614527683,-1.59090784907747,-4.12477985132245
"14287147","2020-04-20",23.9805367382644,0.591194968553459,0.602725366876312,0.596923948799237,28.1068499256372,19.8851500743628,23.996,0.676849073342737,50.1176561583697,23.1228,24.6605932590658,-1.31161390598924,-3.56214666225581
"14287146","2020-04-21",22.9812395051314,0.457547169811321,0.577568134171909,0.589972047519218,27.6113599517393,20.9659733815941,24.2886666666667,0.541833533243787,46.6123495847235,23.1564,24.6138474911904,-1.35180869012803,-3.12007906783025
"14287145","2020-04-22",21.7301238631948,0.511006289308176,0.519916142557653,0.566736547868624,27.2428896329618,21.8214437003715,24.5321666666667,0.577070460266249,48.1738038354363,23.2224,24.6186678256983,-1.25846602657591,-2.74775645957938
"14287144","2020-04-23",20.4085197686102,0.567610062893082,0.512054507337528,0.536512928022362,27.1476876955678,22.2496456377655,24.6986666666667,0.615964704528251,49.8464288424193,23.378,24.6708454489386,-1.054810861091,-2.40916733988171
"14287143","2020-04-24",19.2627590350153,0.426,0.501538784067087,0.511169811320755,27.1537293630132,22.4342706369868,24.794,0.572607196409399,49.2755497240508,23.5516,24.7000660557468,-0.921891069106318,-2.11171208572663
"14287142","2020-04-27",18.0218415655451,0.344927536231884,0.446179199708324,0.486590830370978,27.2314783142357,22.465188352431,24.8483333333334,0.661900906753577,52.2681690375718,23.7892,24.8067239149805,-0.611226112484986,-1.8116148910783
"14287141","2020-04-28",17.1734352821187,0.431884057971015,0.400937198067634,0.449551727281014,27.3336268355243,22.4540398311424,24.8938333333333,0.74240439452583,53.7144596477113,24.0964,24.9391607263165,-0.265691915153687,-1.50243029589338
"14287140","2020-04-29",16.3275497116568,0.411594202898551,0.396135265700485,0.414417221158813,27.4337888114697,22.456877855197,24.9453333333333,0.715260699406941,53.3085718556341,24.3476,25.0446059628076,-0.0153020404527249,-1.20500464480525
"14287139","2020-04-30",15.3158463844797,0.320833333333333,0.388103864734301,0.395058776167472,27.378963721809,22.7603696115244,25.0696666666667,0.56863560478157,49.5633669843343,24.5028,25.0493251677666,-0.0257739457405037,-0.969158504992299
"14287138","2020-05-01",14.8164291954174,0.0833333333333344,0.271920289855074,0.352053140096619,27.2277792421309,23.1072207578691,25.1675,0.388162409272076,46.4795630993817,24.5892,24.9774151453977,-0.215098884953813,-0.818346580984602
"14287137","2020-05-04",14.3604654423974,0.0818965517241385,0.162021072796937,0.274015075795436,26.7593025548093,23.8523641118574,25.3058333333334,0.289297223859317,46.4249888733048,24.6172,24.913759792678,-0.364741365769006,-0.727625537941483
"14287136","2020-05-05",13.3762787544663,0.362068965517241,0.175766283524906,0.203235882058971,26.5047082753681,24.3182917246319,25.4115,0.462724394867677,50.4939354890804,24.6324,24.9452584869876,-0.270285726472441,-0.636157575647675
"14287135","2020-05-06",13.2023584469856,0,0.147988505747128,0.161925287356322,26.5238804252623,24.2611195747377,25.3925,0.173334163221304,45.3060686537241,24.6196,24.8512240220559,-0.484367457295365,-0.605799551977213
"14287134","2020-05-07",13.0486958713091,0,0.120689655172415,0.148148148148149,26.5617003438141,24.1572996561859,25.3595,0.109258138697838,45.251048533254,24.6936,24.7683941524485,-0.650713908607525,-0.614782423303275
"14287133","2020-05-08",12.6141623579467,0.229166666666667,0.0763888888888906,0.115022349936143,26.335930852169,24.2450691478311,25.2905,0.491789669000551,48.924901285003,24.7908,24.7699415987887,-0.597004562177939,-0.611226851078208
"14287132","2020-05-11",12.1652237800292,0.208333333333333,0.145833333333335,0.114303959131546,26.2640448265964,24.2339551734037,25.249,0.398690845331272,48.605582776186,24.924,24.7646160522835,-0.56422021456245,-0.601825523775056
"14287131","2020-05-12",11.75691255868,0.245833333333333,0.22777777777778,0.15,26.1264968316541,24.2678365016793,25.1971666666667,0.451309016208871,49.2476893883928,25.0064,24.7720005786457,-0.503135487680839,-0.582087516556213
"14287130","2020-05-13",11.2113984806958,0,0.151388888888891,0.175,26.1644366175434,24.1375633824566,25.151,0.0653403554059445,43.9869454665656,24.9852,24.6717338348263,-0.707636299656145,-0.607197273176199
"14287129","2020-05-14",10.5908978768289,0,0.0819444444444461,0.153703703703704,26.1996835983996,24.0209830682671,25.1103333333334,0.0974664769799048,42.1097878218533,24.9496,24.5435026568495,-0.961574113377761,-0.678072641216512
"14287128","2020-05-15",10.0147187446668,0.14041095890411,0.0468036529680382,0.0933789954337902,26.0788707273574,23.9817959393093,25.0303333333334,0.202601609527145,45.4269162259207,24.8704,24.4870356359362,-1.01745300411895,-0.745948713797
"14287127","2020-05-18",10.7243048315735,0.552083333333333,0.230831430745816,0.119859842719432,26.1155928819694,23.9694071180306,25.0425,0.803251165052406,53.6573196698171,24.862,24.595430884478,-0.665926120599558,-0.729944195157511
"14287126","2020-05-19",11.3832061979868,0.588447653429603,0.426980648555684,0.234871910756511,26.1677675513704,24.0188991152963,25.0933333333334,0.728026989355936,53.9110672724533,24.8412,24.6947067665476,-0.37079983526801,-0.658115323179611
"14287125","2020-05-20",11.9950431810849,0.63898916967509,0.593173385479344,0.416995154926946,26.2238024818356,24.0305308514978,25.1271666666667,0.727741969161867,54.8430295303221,24.864,24.799412531008,-0.0910368866452238,-0.544699635872734
"14287124","2020-05-21",12.6552875318366,0.63898916967509,0.622141997593263,0.547432010542762,26.2671069393391,24.0268930606609,25.147,0.730483945415949,54.8430295303221,24.8916,24.8901575268736,0.128343955517907,-0.410090917594605
"14287123","2020-05-22",13.1738127827138,0.613718411552346,0.630565583634177,0.615293655568927,26.2975939593728,24.0344060406273,25.166,0.654943680885774,54.207406428393,24.878,24.9594698566237,0.275758412729377,-0.272921051529809
"14287122","2020-05-26",14.4920893456591,0.819078947368421,0.690595509531954,0.647767696919797,26.4410316552568,23.9673016780766,25.2041666666667,0.976675577991243,59.8613872312099,24.9196,25.1248738757406,0.638678764772949,-0.0906010882692575
"14287121","2020-05-27",15.9666522560632,0.769911504424779,0.73423628778185,0.685132460315993,26.5535817155403,23.9050849511264,25.2293333333334,1.00997482225187,60.6560374803022,25,25.2842240256418,0.951154237364893,0.117749976857573
"14287120","2020-05-28",17.796748587922,0.792176039119804,0.793722163637669,0.739517986983823,26.8451764558463,23.7351568774871,25.2901666666667,1.12480849965961,64.6166027940338,25.092,25.5063274888896,1.3796824904257,0.370136479571199
"14287119","2020-05-29",19.7311098733779,0.785714285714286,0.782600609752958,0.770186353724158,27.2397355767941,23.5569310898726,25.3983333333334,1.08424678103541,66.2430659955912,25.1808,25.736150490371,1.78182425455109,0.652474034567177
"14287118","2020-06-01",21.8060992548287,0.822937625754527,0.800275983529541,0.792199585640055,27.7201051804356,23.4152281528978,25.5676666666667,1.08669891160892,69.3334415638638,25.2972,26.0113304249882,2.24611654526465,0.971202536706672
"14287117","2020-06-02",24.0018933345257,0.85036496350365,0.819672291657489,0.800849628313328,28.2583613820648,23.2719719512686,25.7651666666667,1.07720454982737,72.08552971994,25.412,26.3258197016564,2.74952574361436,1.32686717808821
"14287116","2020-06-03",26.4765516960553,0.87402799377916,0.849110194345781,0.823019489844269,28.9681492677571,22.9891840655763,25.9786666666667,1.10567894457931,75.9931591788129,25.5532,26.7263770747689,3.38920721671592,1.73933518581375
"14287115","2020-06-04",28.7915660519047,0.891089108910891,0.871827355397902,0.846869947133723,29.5731329980174,22.8928670019827,26.233,1.02497909545543,76.6886920768327,25.7048,27.0988601314664,3.89321563287028,2.17011127522506
"14287114","2020-06-05",31.2525258912975,0.822695035460993,0.86260404605035,0.861180531931343,30.1891811298867,22.8621522034467,26.5256666666667,1.01148517418062,78.1927479818036,25.8992,27.4776787806042,4.3525059160886,2.60659020339777
"14287113","2020-06-08",33.2473597950516,0.791071428571428,0.834951857647772,0.85646108636534,30.6925275887144,22.840305744619,26.7664166666667,0.923054357431917,76.0537887533347,26.1096,27.783321609857,4.60162354725207,3.00559687216863
"14287112","2020-06-09",32.9066615270542,0.514466546112115,0.709411003381514,0.802322302359877,30.8844798450944,23.0186868215723,26.9515833333334,0.728213903921096,60.2390350824676,26.2598,27.846212061876,4.30650152095104,3.26577780192511
"14287111","2020-06-10",31.7709873176031,0.385171790235081,0.563569921639543,0.702644260889609,30.9436840248871,23.2319826417796,27.0878333333334,0.596455152550729,54.4811147066838,26.3554,27.8053837869592,3.82208696976862,3.37703963549381
"14287110","2020-06-11",29.8119912651023,0.0849909584086797,0.328209764918627,0.533730229979894,30.8447984574817,23.5292015425183,27.187,0.372373139537395,43.972303406819,26.421,27.548665948698,2.92235102998279,3.28610191439161
"14287109","2020-06-12",27.8374105201665,0.029644268774704,0.16660233913949,0.352794008565886,30.7175271768937,23.8744728231063,27.296,0.371012764033042,45.0045937807341,26.493,27.3461771555383,2.22492961378009,3.07386745426931
"14287108","2020-06-15",26.2095280026519,0,0.038211742394463,0.177674615484192,30.5869917601986,24.1823149064681,27.3846533333334,0.311868728506074,43.6035806589581,26.533284,27.1383002014665,1.58002656126039,2.77509927566752
"14287107","2020-06-16",24.8923821636134,0.235382017892837,0.0883420955558488,0.0977187256965995,30.5745598404028,24.3597468262639,27.4671533333334,0.480076633083194,51.6907704091317,26.624084,27.1198601746043,1.4125601426348,2.50259144906098
"14287106","2020-06-17",23.3332665882711,0.163577791146733,0.132986603013192,0.0865134803211667,30.5316705133138,24.5316361533529,27.5316533333334,0.390280628325548,49.365205515502,26.696484,27.0545454846571,1.15627099466313,2.23332735818141
"14287105","2020-06-18",21.7840393484944,0.142230588600594,0.18039679921339,0.133908499260809,30.4840227104631,24.684617289537,27.58432,0.344066773339047,48.6642330079177,26.796484,26.9832727533695,0.909677521013075,1.96859739074774
"14287104","2020-06-19",20.5088031192779,0.0587824331929595,0.121530270980097,0.144971224402225,30.4357043412785,24.8195356587216,27.62762,0.30444200864589,45.9192761510017,26.891684,26.8641697195869,0.578258281910737,1.69052956898034
"14287103","2020-06-22",19.4450416946404,0.0335539210929772,0.0781889809621786,0.126705350385221,30.3815409204673,24.9420324128661,27.6617866666667,0.231264936046342,45.0911873870613,26.965284,26.7436137569753,0.272424510872149,1.4069085573587
"14287102","2020-06-23",18.7434146765579,0,0.0307787847619807,0.0768326789014177,30.4032380751097,24.8820019248904,27.64262,0.202490537389028,43.1261807238831,26.979484,26.5984652560452,-0.0627336029516812,1.11298012529663
"14287101","2020-06-24",18.5793682104157,0,0.0111846403643275,0.0400508020294944,30.4903959611565,24.6665107055103,27.5784533333334,0.108201987761604,39.789446613608,26.970284,26.4000032219059,-0.490858424453466,0.792212415346608
"14287100","2020-06-25",18.2747458063335,0.0267141585040075,0.00890471950133761,0.0169560482092141,30.5447450178876,24.4326616487791,27.4887033333334,0.164538279964747,41.1392965510034,26.961484,26.2480027923184,-0.777856647482156,0.478198602780855
"14287099","2020-06-26",17.9045943364967,0.0606060606060608,0.0291067397033579,0.0163986998563398,30.5590757016024,24.2181142983976,27.388595,0.209703063996519,42.3456694773138,26.957884,26.1336024200093,-0.955843750545804,0.191390132115523
"14287098","2020-06-29",17.6126117505199,0.0695915279878973,0.0523039156993237,0.0301051249680052,30.5143028222289,24.0038871777712,27.259095,0.230314965656401,41.9892140634466,26.955084,26.0277887640081,-1.10085048991613,-0.0670579922908068
"14287097","2020-07-02",16.4874294049973,0.332191780821917,0.154129789805294,0.0785134817359906,30.357876849056,23.9253131509441,27.141595,0.368130079004787,48.8515933763977,26.950284,26.0347502621403,-0.975171838286482,-0.248680761489942
"14287096","2020-07-06",15.5670746012872,0.215753424657534,0.205845577822451,0.137426427775688,30.0052177100245,23.9223056233089,26.9637616666667,0.348686234452827,46.1502963227479,26.927084,25.9954502271883,-0.970013519843227,-0.392947313160599
"14287095","2020-07-07",15.2114783786714,0.0582191780821923,0.20205479452055,0.187343387382764,29.5773524747613,23.9151708585721,26.7462616666667,0.260470122895937,42.7093333307031,26.860284,25.9000568635632,-1.09686334594833,-0.533730519718145
"14287094","2020-07-08",14.5846000275225,0.0753424657534242,0.116438356164385,0.174779576169128,28.8760997546008,24.1390902453992,26.507595,0.287293017241623,43.2050257428072,26.784284,25.8240492817548,-1.16912610152184,-0.660809636078885
"14287093","2020-07-09",15.1104226196549,0,0.0445205479452073,0.121004566210046,28.0981984414109,24.3668248919225,26.2325116666667,0.0589171177392175,35.6894626276948,26.640284,25.6075093775208,-1.56475618461582,-0.841598945786272
"14287092","2020-07-10",15.5986864552065,0.0935162094763094,0.0562862250765796,0.0724150430620562,27.6093626566958,24.458994009971,26.0341783333334,0.10189473868805,38.7363581515363,26.485484,25.459841460518,-1.76684287508733,-1.02664773164648
"14287091","2020-07-13",15.8777894258277,0.268079800498753,0.120532003325022,0.073779592115602,27.2831341538645,24.5213891794688,25.9022616666667,0.243304200820182,44.0638125608625,26.314684,25.4065292657823,-1.73070780078501,-1.16745974547419
"14287090","2020-07-14",15.5782885231821,0.424603174603175,0.262066394859414,0.146294874420338,27.2463978830304,24.479125450303,25.8627616666667,0.35565991674348,45.9615484837285,26.144684,25.388325363678,-1.61689626817173,-1.2573470500137
"14287089","2020-07-15",14.8899112558072,0.57936507936508,0.424016018155671,0.268871472113368,27.193648841665,24.4728744916683,25.8332616666667,0.496350916299482,49.3952622591787,25.973484,25.4245486485209,-1.38667787937057,-1.28321321588507
"14287088","2020-07-16",14.2754192240564,0.571428571428572,0.525132275132277,0.403738229382453,27.1648857047126,24.4626642952875,25.813775,0.491201683208823,49.2225293079161,25.808284,25.4532754953848,-1.19675113970785,-1.26592080064963
"14287087","2020-07-17",13.4857519627008,0.658730158730159,0.603174603174605,0.517440965487517,26.9057534007904,24.586129932543,25.7459416666667,0.60377761877959,51.2423375614726,25.712484,25.5075054293335,-0.965393397961678,-1.20581532011204
"14287086","2020-07-20",13.528065988522,0.416666666666667,0.548941798941801,0.559082892416227,26.7180301394423,24.6325198605577,25.675275,0.396775862397017,45.8021174458119,25.620884,25.473171372089,-0.964034757241483,-1.15745920753793
"14287085","2020-07-21",13.5673575839275,0.416666666666667,0.497354497354499,0.549823633156967,26.5517434033183,24.6728065966818,25.612275,0.397668192287843,45.8021174458119,25.595684,25.4434151891438,-0.95215402782286,-1.11639817159491
"14287084","2020-07-22",12.9046866364856,0.301587301587302,0.378306878306881,0.474867724867726,26.3985466483214,24.7104033516786,25.554475,0.392697695138249,43.2692942207669,25.552884,25.3789598305913,-1.02327295835443,-1.09777312894682
"14287083","2020-07-23",12.19665368435,0.63265306122449,0.450302343159488,0.441987906273621,26.3498291545578,24.7311208454422,25.540475,0.734461637011878,51.1880862268869,25.5514,25.4284318531791,-0.819330341607249,-1.0420845714789
"14287082","2020-07-24",11.9056321850419,0.628019323671498,0.520753228827765,0.449787483431377,26.31670998136,24.7399066853067,25.5283083333334,0.644823602224125,48.863616180239,25.4914,25.4379742727552,-0.728653847884209,-0.979398426759964
"14287081","2020-07-27",12.1708823431554,0.439613526570048,0.566761970488681,0.512605847491977,26.3170790835267,24.73653758314,25.5268083333334,0.335409784176465,45.4000708670629,25.4306,25.3942443697212,-0.771708282085792,-0.93786039782513
"14287080","2020-07-28",11.5960744771884,0.458937198067632,0.508856682769728,0.53212396069539,26.3176255652964,24.7378244347036,25.527725,0.455020709912585,45.8242218671327,25.3758,25.3616784537584,-0.784297531093026,-0.907147824478709
"14287079","2020-07-29",10.8262794953661,0.610169491525423,0.502906738721037,0.526175130659814,26.338353861949,24.741646138051,25.54,0.65865980325745,50.2944194043677,25.3554,25.3907879932573,-0.650085592146454,-0.855735378012258
"14287078","2020-07-30",10.49810390243,0.449685534591195,0.506264074728085,0.506009165406282,26.3825335631856,24.7437997701477,25.5631666666667,0.746226691433489,51.2514441008412,25.344,25.4286829274896,-0.507731185684057,-0.786134539546618
"14287077","2020-07-31",10.3281740121748,0.648809523809524,0.569554849975383,0.526241887808167,26.3720953816945,24.7495712849722,25.5608333333334,0.922695314491037,54.9395694802359,25.3598,25.5115252038243,-0.273135210427977,-0.68353467372289
"14287076","2020-08-03",10.3547241340103,0.766722222222221,0.621739093540982,0.565852672748148,26.4650959092348,24.7002440907652,25.58267,1.00848272771411,57.6113145387333,25.409004,25.6220018433144,0.00363759375563433,-0.546100220227185
"14287075","2020-08-04",10.7999042514345,0.697115384615385,0.704215710215712,0.631836551244024,26.629732197575,24.658607802425,25.64417,0.995062616241279,58.253606914008,25.455004,25.7270682642058,0.241186088202783,-0.388642958541191
"14287074","2020-08-05",11.2433488667862,0.723809523809524,0.729215710215712,0.685056837990801,26.7823014274316,24.6233719059017,25.7028366666667,0.949526794176642,58.9248312924043,25.498604,25.8274591623117,0.445283914552608,-0.221857583922432
"14287073","2020-08-06",11.2039980070756,0.623809523809524,0.681578144078146,0.705003188169855,26.7774503004952,24.8058896995048,25.79167,0.789954735880872,56.0150558473725,25.535804,25.8864646073368,0.534713211541415,-0.0705434248296622
"14287072","2020-08-07",12.2701548718483,0.652452025586353,0.666690357735136,0.692494737342996,26.8478198106251,24.9336868560416,25.8907533333334,0.954991034581953,58.3362301800838,25.552204,25.9669359930253,0.665905293459357,0.0767463188281416
"14287071","2020-08-10",14.8346743187377,0.633906633906633,0.636722727767505,0.661663743193594,27.3208798879882,24.7449601120118,26.03292,1.27787619216794,67.2259025772081,25.624204,26.1766778606219,1.08075685254541,0.277548425571594
"14287070","2020-08-11",17.3617631184001,0.756038647342995,0.680799102278662,0.661404062593766,27.8592619359183,24.5179113974151,26.1885866666667,1.2147050189681,71.5795353328347,25.742604,26.4517874792056,1.60063368193699,0.542165476844674
"14287069","2020-08-12",19.7083455752294,0.760869565217392,0.716938282155675,0.678153370733946,28.2696492215193,24.378024111814,26.3238366666667,1.06647200193278,71.6952257497345,25.859804,26.6928824819782,1.98929931594181,0.8315922446641
"14287068","2020-08-13",21.984171321438,0.823671497584541,0.780193236714978,0.725976873716437,28.6661528086056,24.2771838580611,26.4716683333333,1.01833700024643,73.2213268384096,26.032604,26.9364981510478,2.34282912190649,1.13383962011258
"14287067","2020-08-14",24.1124906412239,0.91219512195122,0.832245394917719,0.776458971262789,29.0629101810656,24.1817598189344,26.622335,0.987111607633793,75.2651614354926,26.208204,27.1969650642414,2.6960253213788,1.44627676036582
"14287066","2020-08-17",25.62892264427,0.823218997361477,0.853028538965748,0.82182239019948,29.3694431135941,24.2215602197392,26.7955016666667,0.913341117220569,72.2170354829881,26.353804,27.3973697223426,2.88103617560673,1.733228643414
"14287065","2020-08-18",25.9031328559934,0.68064952638701,0.805354548566571,0.830209494150011,29.5255250870446,24.3621449129554,26.943835,0.779435489547535,64.6487063801568,26.470604,27.5030537593636,2.84236913642968,1.95505674201714
"14287064","2020-08-19",25.6156450437471,0.563253012048193,0.689040511932228,0.782474533154847,29.6052196949743,24.556783638359,27.0810016666667,0.705145710153721,61.0037276603764,26.561004,27.5586465914484,2.70067970563146,2.10418133474
"14287063","2020-08-20",25.3486920752327,0.561290322580646,0.601730953671951,0.698708671390249,29.6982559114482,24.6864140885518,27.192335,0.690415360338556,61.7773332005315,26.655804,27.618827045922,2.58440450039419,2.20022596787084
"14287062","2020-08-21",24.8454714881672,0.52258064516129,0.549041326596712,0.613270930733629,29.7461431296768,24.8655268703232,27.305835,0.647692756070547,60.0663293397586,26.737004,27.654983439799,2.42888575994726,2.24595792628613
"14287061","2020-08-24",24.1614732529097,0.490322580645161,0.524731182795701,0.558501154354786,29.7101290803457,25.174207586321,27.4421683333333,0.621511141832162,58.6095503817911,26.838604,27.6729856478258,2.25041792619174,2.24684992626725
"14287060","2020-08-25",23.5263320344563,0.501612903225806,0.504838709677421,0.526203739689943,29.6571940263525,25.4831426403141,27.5701683333333,0.606970013552493,58.984491777577,26.941604,27.6932542281157,2.09495787794083,2.21647151660197
"14287059","2020-08-26",21.9646032678458,0.307291666666667,0.43307571684588,0.487548536439666,29.5794593407844,25.735543992549,27.6575016666667,0.469431775670967,52.4107481923831,27.038204,27.6508203310336,1.81973528668729,2.13712427061903
"14287058","2020-08-27",20.7816698255407,0.0827067669172928,0.297203778936591,0.411706068486629,29.5025563235085,25.9854470098249,27.7440016666667,0.486541504463382,54.4167721142017,27.109804,27.6360442868958,1.63104228602353,2.03590787369993
"14287057","2020-08-28",19.4626542444337,0,0.129999477861322,0.286759657881263,29.4309726637776,26.1746973362224,27.802835,0.383455289098171,50.6540196521725,27.180604,27.5872383819764,1.38670981292861,1.90606826154567
"14287056","2020-08-31",18.1445887601065,0.1,0.0609022556390996,0.162701837479003,29.3743037004807,26.3435262995194,27.858915,0.415121337102571,53.3555688846529,27.275404,27.5729399310462,1.24025658176377,1.77290592558929
"14287055","2020-09-01",17.2865638048729,0,0.0333333333333353,0.0747450222779176,29.3225323834555,26.4672976165445,27.894915,0.305649956903425,49.8562304908417,27.358604,27.5272146069067,1.03902135043055,1.62612901055754
"14287054","2020-09-02",17.4639688999089,0.0420560747663551,0.0473520249221204,0.0471958712981838,29.2649636744587,26.6328663255413,27.948915,0.425693604475866,51.0996155504756,27.428204,27.4995859926525,0.895618660681752,1.48002694058238
"14287053","2020-09-03",17.8735461967009,0.33644859813084,0.126168224299067,0.0689511941848396,29.1425877259289,26.9422422740711,28.042415,0.586767436073335,58.8008395512096,27.519204,27.5596411936321,0.95572178211103,1.37516590888811
"14287052","2020-09-04",17.6077485778816,0.261146496815287,0.213217056570829,0.128912435264004,29.0340488508497,27.1662811491504,28.100165,0.401755270119301,54.2715937998808,27.582804,27.5703557011479,0.901907199929064,1.2805141670963
"14287051","2020-09-08",17.5723584761779,0.401273885350318,0.332956326765484,0.224113869211792,29.0372652244938,27.1703981088396,28.1038316666667,0.503304109479243,56.8139229900214,27.6436,27.6089749409948,0.913024830421438,1.20701629976133
"14287050","2020-09-09",17.1381832328633,0.280254777070064,0.314225053078558,0.286799478804956,28.9833028915657,27.1660271084343,28.074665,0.455245281194177,54.020602628203,27.694,27.6171116155288,0.856293444273559,1.13687172866378
"14287049","2020-09-10",16.0462034819883,0,0.227176220806796,0.291452533550278,28.9521042643715,27.0787257356285,28.015415,0.141246199657469,47.4140605473225,27.7216,27.5574967334583,0.65749941047144,1.04099726502531
"14287048","2020-09-11",15.0322222847472,0.0797546012269933,0.120003126099021,0.220468133328124,28.8560366630139,27.0431300036528,27.9495833333333,0.2133976365245,49.1551449535142,27.7628,27.5231638356639,0.531826713203287,0.939163154660904
"14287047","2020-09-14",14.5697612124695,0.319018404907975,0.132924335378325,0.160034560761379,28.6591856263705,27.1226477069628,27.8909166666667,0.458185216786073,54.0683835669515,27.8108,27.5454086575754,0.540365034684775,0.859403530665678
"14287046","2020-09-15",14.4572785848655,0.251533742331286,0.21676891615542,0.156565459210921,28.4404931291799,27.2306735374868,27.8355833333334,0.484364059900688,52.5266362744147,27.8124,27.5500208365653,0.508978301123597,0.789318484757262
"14287045","2020-09-16",14.3528304306618,0.29447852760736,0.288343558282209,0.212678936605317,28.3588219868002,27.2590113465332,27.8089166666667,0.540385740090552,53.4365598253626,27.7888,27.5633513916899,0.49884313656019,0.731223415117848
"14287044","2020-09-17",13.6174000027601,0.116564417177913,0.220858895705522,0.241990456714382,28.3217515174876,27.2417484825124,27.78175,0.307022147237315,49.2269444060985,27.7528,27.536237872798,0.401217586289038,0.665222249352086
"14287043","2020-09-18",13.6376100481937,0,0.137014314928426,0.215405589638718,28.3516411160946,27.0891922172388,27.7204166666667,-0.13401906199303,40.7607032818497,27.678,27.4180728230916,0.113813544503993,0.554940508382467
"14287042","2020-09-21",14.5856271681748,0,0.0388548057259729,0.132242672119972,28.532812186917,26.7236878130831,27.62825,-0.298682880826258,34.6196162662221,27.5612,27.2249964466794,-0.312699873761679,0.381412431953638
"14287041","2020-09-22",15.4659287795857,0.0318021201413427,0.0106007067137828,0.0621566091227259,28.621691384442,26.4541419488914,27.5379166666667,-0.123399853234164,35.994107022774,27.4556,27.0696635871221,-0.619334974749719,0.181262950612967
"14287040","2020-09-23",16.4900909878006,0,0.0106007067137828,0.0200187397178448,28.6736176936314,26.2078823063686,27.44075,-0.0545674826789297,34.6014295311257,27.364,26.9137084421725,-0.901816042552739,-0.0353528480201744
"14287039","2020-09-24",17.9350483664699,0,0.0106007067137828,0.0106007067137814,28.7903658539382,25.9094674793952,27.3499166666667,-0.0646097577431524,31.2633045579182,27.2668,26.7238806498828,-1.23731889814669,-0.275746058045477
"14287038","2020-09-25",18.360809072909,0.13968253968254,0.0465608465608486,0.0225874199961367,28.7940579378609,25.7511087288058,27.2725833333334,0.131087061856695,38.1584355464838,27.1836,26.6180298965651,-1.3566668017066,-0.491930206777701
"14287037","2020-09-28",17.9812905841565,0.342857142857143,0.160846560846563,0.0726693713737301,28.776052388632,25.6971142780347,27.2365833333334,0.326807171548972,46.5561915367387,27.1308,26.6116259103564,-1.24315544154338,-0.642175253730836
"14287036","2020-09-29",16.8832237194458,0.446428571428571,0.309656084656087,0.172354497354498,28.7388166448557,25.6695166884777,27.2041666666667,0.418276696022452,48.5545942526581,27.0888,26.6287424556422,-1.0890151679815,-0.731543236580969
"14287035","2020-09-30",15.741227917473,0.542857142857144,0.444047619047621,0.304850088183422,28.72848477513,25.66151522487,27.195,0.487501234457934,51.6470809221037,27.0562,26.6795767948899,-0.874927948177107,-0.760220178900196
"14287034","2020-10-01",14.9050306767971,0.625,0.53809523809524,0.430599647266315,28.6908977025642,25.6614356307692,27.1761666666667,0.56618336696362,54.1741688064317,27.0508,26.7542998889046,-0.628649923867042,-0.733906127893565
"14287033","2020-10-02",15.2832697754102,0.556313993174062,0.574723712010404,0.518955523051087,28.5894803084796,25.6948530248538,27.1421666666667,0.642044769975227,52.6287064298253,27.034,26.8030599037173,-0.464543767672654,-0.680033655849383
"14287032","2020-10-05",15.8601976924681,0.863123993558777,0.681479328910948,0.598099426338863,28.6608271135506,25.6630062197828,27.1619166666667,0.883528583175259,62.6650312533225,27.07,26.9853185832217,-0.0196590757337578,-0.547958739826258
"14287031","2020-10-06",17.0376935622636,0.778082191780821,0.732506726171222,0.662903255697523,28.7606389702538,25.6121943630796,27.1864166666667,0.94897830824536,63.9194651988635,27.104,27.1646094387921,0.373769861694528,-0.363613019522101
"14287030","2020-10-07",18.1310825842166,0.849315068493151,0.830173751277585,0.748053268786584,28.902254491755,25.5442455082451,27.22325,0.948703385666665,65.9231504051664,27.1584,27.3546615136199,0.751170037373083,-0.140656408143064
"14287029","2020-10-08",19.3429852545522,0.886178861788618,0.837858707354198,0.800179728267667,29.1325412453077,25.469625421359,27.3010833333334,0.936514717649997,67.2055322729898,27.216,27.5420399784705,1.08474467739981,0.10442380896551
"14287028","2020-10-09",20.6519259752178,0.846753246753247,0.860749059011674,0.842927172547818,29.3440212153767,25.4098121179567,27.3769166666667,0.899000144915885,67.0456999459985,27.248,27.7031013146745,1.32815712580241,0.34917047233289
"14287027","2020-10-12",21.8673709301216,0.885714285714285,0.872882131418719,0.857163299261529,29.5163746692989,25.3532919973678,27.4348333333334,0.872360288955674,68.26490118312,27.2984,27.8626878060512,1.5444934144293,0.588235060752173
"14287026","2020-10-13",21.3116311233555,0.698701298701299,0.810389610389612,0.848006933606667,29.5849352715486,25.3450647284515,27.465,0.725242726232482,57.3055274380314,27.3112,27.9049960985777,1.48938820786582,0.768465690174902
"14287025","2020-10-14",20.7955870170728,0.674486803519062,0.752967462644884,0.812079734817737,29.644535610752,25.339464389248,27.492,0.709365487109972,57.812050104857,27.3336,27.9483299521007,1.44328863370378,0.903430278880677
"14287024","2020-10-15",20.316403204096,0.602888086642599,0.658692062954322,0.740683045329604,29.7202582901447,25.3450750431887,27.5326666666667,0.695191824386818,57.9195782106374,27.3764,27.9872192918206,1.39336023214012,1.00141626953256
"14287023","2020-10-16",19.9256657136988,0.61923076923077,0.632201886464145,0.681287137354449,29.8152015366354,25.405131796698,27.6101666666667,0.694970461701935,59.1528883301394,27.4184,28.0355900529112,1.36943943499217,1.07502090262449
"14287022","2020-10-19",18.8081200484632,0.304721030042918,0.508946628638764,0.599946859352409,29.8148243810161,25.5918422856506,27.7033333333334,0.581301157707986,50.0969042969682,27.4196,27.9935113791897,1.15584217035543,1.09118515617067
"14287021","2020-10-20",17.7703990736016,0.306306306306306,0.410086035193333,0.517078183432079,29.7852619751051,25.7960713582283,27.7906666666667,0.535763311500603,51.1202509679977,27.4284,27.9677098619644,0.998118896792288,1.072571904295
"14287020","2020-10-21",16.9100241487198,0.283783783783783,0.298270373377671,0.405767679069921,29.7141994115078,26.0494672551589,27.8818333333334,0.504047590028543,50.4242664432026,27.4324,27.9386818803691,0.84892656167781,1.02784283577156
"14287019","2020-10-22",15.8819245641128,0,0.196696696696698,0.301684368422566,29.5301223271542,26.4428776728458,27.9865,0.44498870275916,46.9801657639366,27.438,27.8801909629866,0.650902085767213,0.95245468577069
"14287018","2020-10-23",15.542188111816,0.423913043478262,0.235898942420684,0.243622004165016,29.4033174983043,26.7983491683624,28.1008333333333,0.628920313338633,56.8767812391588,27.5032,27.9334988345884,0.711330298272284,0.904229808271009
"14287017","2020-10-26",15.5694112636941,0.423913043478262,0.282608695652176,0.238401444923185,29.3328835219011,27.0481164780989,28.1905,0.634003450153566,56.8767812391588,27.5956,27.9796989899766,0.750291139811532,0.873442074579114
"14287016","2020-10-27",15.677705652133,0.557065217391304,0.468297101449277,0.328934913174044,29.2845971352326,27.2685161981007,28.2765566666667,0.697368068251295,59.6223375317434,27.6942,28.0524057913131,0.841715020056255,0.867096663674542
"14287015","2020-10-28",15.8821597376488,0,0.32699275362319,0.359299516908213,29.2219963393332,27.3767836606668,28.29939,0.128196427111842,43.9427349649103,27.7482,27.9454183524713,0.54057888711383,0.8017931083624
"14287014","2020-10-29",16.7579364584072,0,0.185688405797103,0.326992753623189,29.2618234220839,27.3132899112495,28.2875566666667,-0.0889335032145805,39.392653900031,27.7978,27.7833625721418,0.148681657327865,0.671170818155493
"14287013","2020-10-30",17.5711576991113,0.222875991798163,0.0742919972660562,0.195657718895448,29.2800815309477,27.2790318023857,28.2795566666667,0.0571207848141574,45.2617876261562,27.8498,27.7095808958562,-0.0174490396932403,0.533446846585746
"14287012","2020-11-02",17.3965855005249,0.347686547205135,0.190187513001101,0.150055972021419,29.2793432412611,27.220936758739,28.25014,0.244070633696597,48.2821687842777,27.8874,27.6829701097421,-0.0669348212885112,0.413370513010895
"14287011","2020-11-03",16.4927705827904,0.748863332441829,0.439808623815044,0.234762711360733,29.2789509535629,27.2209957131038,28.2499733333334,0.668464953229964,56.5762395066694,27.9542,27.7799074284431,0.15415873247473,0.361528156903662
"14287010","2020-11-04",15.7238294793765,0.530444860479629,0.5423315800422,0.390775905619447,29.2304491732243,27.2201641601091,28.2253066666667,0.505650940003962,51.7136165654764,27.9906,27.798586437984,0.184476975540271,0.326117920630984
"14287009","2020-11-05",15.154576453027,0.485869662119996,0.588392618347153,0.523510940734798,29.1418818567501,27.2270648099166,28.1844733333334,0.447180332362679,50.7548721253337,28.0138,27.8014415795862,0.177402723064124,0.296374881117612
"14287008","2020-11-06",15.1329060636011,0.325398948025319,0.44723782354165,0.525987340643666,29.0312591500018,27.2216875166649,28.1264733333334,0.312217068168746,47.351431018011,28.0274,27.7559160356413,0.066435448480151,0.250386994590119
"14287007","2020-11-09",14.6962127257662,0.578947368421053,0.463405326188791,0.499678589359197,28.9858341298267,27.24661253684,28.1162233333334,0.881651578696638,55.5538932133834,28.0358,27.8391272308892,0.242871402043621,0.24888387608082
"14287006","2020-11-10",14.5714952706498,0.64935064935065,0.517898988599009,0.476180712776482,29.1104137538354,27.1890329128313,28.1497233333334,0.989375477573329,58.2206548281145,28.0518,27.9579102667706,0.477726747547158,0.294652450374087
"14287005","2020-11-11",14.6388142615584,0.786377708978328,0.671558575583345,0.55095429679038,29.3290936864406,27.0810196468928,28.2050566666667,1.07602343630718,62.0081438360735,28.079,28.1328555645345,0.808394836236448,0.39740092754656
"14287004","2020-11-12",13.8417225620615,0.61609907120743,0.683942476512138,0.624466680231496,29.4019939817948,27.0647860182052,28.23339,0.808035632493559,56.3999609398487,28.0774,28.2111414892633,0.900878726366794,0.498096487310606
"14287003","2020-11-13",13.847792140003,0.698630136986301,0.700368972390688,0.685290008162056,29.5418424981255,27.0134375018746,28.27764,0.926102622640544,58.6342344508378,28.0884,28.3196559573615,1.04840399567123,0.608157988982732
"14287002","2020-11-16",14.4069154809437,0.854881266490765,0.7232034915615,0.702504980154774,29.8819072450927,26.884039421574,28.3829733333334,1.09053971162812,64.6744809541924,28.1312,28.5397018297133,1.41530355624695,0.769587102435575
"14287001","2020-11-17",14.0688450030425,0.704485488126649,0.752665630534573,0.725412698162252,30.0553350059296,26.8852783274037,28.4703066666667,0.881599906881104,59.0714978812739,28.18,28.6544082524182,1.52489480684377,0.920648643317214
"14287000","2020-11-18",13.5212261102547,0.609422492401216,0.722929749006212,0.732932957034094,30.1781332332297,26.9258101001037,28.5519716666667,0.800706590325776,57.5180931966322,28.2202,28.7318204854291,1.54656342045159,1.04583159874409
"14286999","2020-11-19",12.6532256860945,0.496732026143791,0.603546668890554,0.693047349477112,30.2230715112349,27.0098718220985,28.6164716666667,0.652556656113617,55.1062535349125,28.2498,28.7649110873719,1.47481031706072,1.13162734240741
"14286998","2020-11-20",11.998705094351,0.535947712418301,0.547367410321104,0.624614609405955,30.2812787355649,27.0303312644352,28.655805,0.674573209309989,56.0404178160297,28.2798,28.8095896090556,1.43483221456218,1.19226831683837
"14286997","2020-11-23",12.1639776005934,0.555522875816994,0.529400871459697,0.560104983557117,30.3649045734843,27.0433654265158,28.704135,0.72854816188437,56.5267021230408,28.337396,28.8562976611816,1.4034682344219,1.23450830035507
"14286996","2020-11-24",13.1108845514233,0.82089552238806,0.637455370207787,0.571407883996195,30.6102120416308,26.9716112917026,28.7909116666667,0.944975539942181,64.0373428903512,28.433796,29.0367913063574,1.65133855744977,1.31787435177401
"14286995","2020-11-25",12.32434826067,0.376119402985074,0.584179267063378,0.583678502910286,30.6280765446086,27.1270801220581,28.8775783333334,0.633987093020672,50.6626797084216,28.472596,28.9945524655097,1.41639030217189,1.33757754185359
"14286994","2020-11-27",11.5939931335418,0.234567901234568,0.477194275535903,0.566276304269021,30.5370625109276,27.4170941557391,28.9770783333334,0.54901385182716,52.318177656264,28.530596,28.9886121367751,1.27945959168931,1.32595395182073
"14286993","2020-11-30",11.5361752878091,0,0.203562434739883,0.42164532577972,30.4325060276072,27.6409739723929,29.03674,0.338736104608763,48.0179776327452,28.534596,28.9074638518717,1.00065247077024,1.26089365561063
"14286992","2020-12-01",11.5978520112497,0,0.0781893004115246,0.252982003562435,30.3630440207193,27.7854359792807,29.07424,0.266874304779357,47.2115108928109,28.534196,28.8224686716222,0.740154803179283,1.15674588512436
"14286991","2020-12-02",12.1551104684082,0,1.88737914186277e-15,0.0939172450504683,30.3958342659426,27.6989790673908,29.0474066666667,0.133867377382015,43.6913228123636,28.504396,28.6834728487392,0.391157429647948,1.00362819402908
"14286990","2020-12-03",12.6427142696204,0.158415841584159,0.0528052805280548,0.0436648603131923,30.3867803808336,27.7230329524997,29.0549066666667,0.249135374888757,47.7975124968849,28.544796,28.6270098022407,0.246240887844507,0.852150732792165
"14286989","2020-12-04",12.9305734084516,0.214521452145214,0.124312431243126,0.0590392372570595,30.3569888091871,27.797991190813,29.07749,0.288006836698544,49.2101571156054,28.612796,28.6007418286086,0.177219567512865,0.717164499736305
"14286988","2020-12-07",12.3891328939595,0.231023102310231,0.201320132013203,0.126145947928127,30.2728714731384,27.9782751935284,29.1255733333334,0.335596351588202,49.6417932004709,28.662796,28.5846429181274,0.135065002115242,0.600744600212093
"14286987","2020-12-08",11.886366701931,0.298679867986798,0.24807480748075,0.191235790245692,30.272603360503,27.987376639497,29.12999,0.38550078455607,51.4630932957316,28.709796,28.5980238623771,0.157736592486235,0.512142998666921
"14286986","2020-12-09",11.5911740444181,0.257425742574257,0.262376237623764,0.237257059039237,30.2684477492366,27.9521989174302,29.1103233333334,0.321410955081153,50.2692307485534,28.715796,28.5929540140602,0.138799917275745,0.437474382388686
"14286985","2020-12-10",11.9431849046651,0.0990099009900982,0.21837183718372,0.242940960762743,30.2405194156538,27.8667939176795,29.0536566666667,0.210585743555313,45.8688320189483,28.722196,28.5245601455188,-0.0117800612092434,0.3476234936691
"14286984","2020-12-11",12.4308599544081,0.0561056105610555,0.137513751375139,0.206087275394206,30.2740555087021,27.7422578246312,29.0081566666667,0.118917680743741,44.7268868275989,28.727396,28.4479521261163,-0.166370425071505,0.244824709920979
"14286983","2020-12-14",13.3487083392302,0,0.0517051705170531,0.135863586358636,30.2834824481762,27.5823308851572,28.9329066666667,0.0990944449424541,41.3971922221306,28.731396,28.3295585093008,-0.395802099103992,0.116699348115985
"14286982","2020-12-15",14.4380188638013,0,0.0187018701870204,0.0693069306930693,30.154305410864,27.4551212558028,28.8047133333334,0.0497725991062852,39.6840588019097,28.690196,28.1989507080607,-0.631453362272216,-0.0329311939616554
"14286981","2020-12-16",15.2019900412882,0,1.8573106016125e-15,0.0234690135680237,30.0857089567115,27.3147177099552,28.7002133333334,0.0993443376506616,39.1851077008703,28.632596,28.0777572803193,-0.827165140016528,-0.19177798317263
"14286980","2020-12-17",15.9113918489546,0.0300751879699259,0.0100250626566438,0.00957564428122058,30.0227257324852,27.1750376008482,28.5988816666667,0.115285002187529,39.9975556136647,28.555796,27.9807229762767,-0.955032554576996,-0.344428897453503
"14286979","2020-12-18",17.2948832765562,0,0.0100250626566438,0.00668337510442841,30.0541132665795,26.9346500667538,28.4943816666667,0.0262918953226949,34.8937256682064,28.476596,27.8152932461065,-1.22010496702933,-0.519564111368669
"14286978","2020-12-21",19.1514289942218,0,0.0100250626566438,0.0100250626566424,30.1305351274017,26.5702282059317,28.3503816666667,-0.0637290204476866,30.7999868104205,28.361596,27.5932541466256,-1.58674362240518,-0.733000013575972
"14286977","2020-12-22",20.8753643034827,0.0255183413078156,0.00850611376927371,0.00951874636085236,30.094285557699,26.2981511089677,28.1962183333334,0.0215611149019344,31.9655196740033,28.211996,27.4114869270755,-1.83647084193973,-0.953694179248724
"14286976","2020-12-23",21.6945931407281,0.0733652312599682,0.0329611908559298,0.017164122427281,29.7347409364335,26.2760290635665,28.005385,0.0917405905522224,34.203254965777,28.091196,27.2739553367988,-1.97000531448621,-1.15695640629622
"14286975","2020-12-24",22.455305632456,0.0969696969696976,0.0652844231791623,0.0355839092681205,29.5848302998573,26.1522063668094,27.8685183333334,0.133171292702034,35.333273739947,27.979956,27.164627958559,-2.03214835916691,-1.33199479687036
"14286974","2020-12-28",22.1305886012548,0.249594813614263,0.139976580614645,0.0794073982165776,29.4122731199978,26.1194302133356,27.7658516666667,0.290702132007073,42.0793821437565,27.897556,27.1320108974178,-1.92140577829168,-1.44987699315462
"14286973","2020-12-29",21.4090840136316,0.372340425531915,0.239634978705294,0.148298660833032,29.3149274052866,26.0914525947134,27.70319,0.385261499344264,45.7420111476944,27.821556,27.1410761110954,-1.73040284396966,-1.50598216331763
"14286972","2020-12-30",20.4625285430453,0.372759856630825,0.33156503192567,0.237058863748535,29.2257623111583,26.0706176888417,27.64819,0.412886190787384,45.63103064839,27.74276,27.1475992962827,-1.56392195595275,-1.51757012184466
"14286971","2020-12-31",19.2926128085911,0.574561403508773,0.439887228557173,0.337029079729377,29.1975295280871,26.0641838052463,27.6308566666667,0.526322236344815,49.2138518979919,27.63276,27.189252723445,-1.33627590901672,-1.48131127927907
"14286970","2021-01-04",18.5843099030857,0.547913043478261,0.498411434539288,0.423287898340709,29.1288793116597,26.069847355007,27.5993633333334,0.551466172598897,48.5779884940117,27.580368,27.218712360319,-1.15727503602643,-1.41650403062854
"14286969","2021-01-05",17.6912813074526,0.495652173913044,0.539375540300028,0.492558067798828,29.014694547947,26.0778654520531,27.54628,0.475161419243394,46.9995418523932,27.513968,27.2282173789431,-1.0390346971436,-1.34101016393155
"14286968","2021-01-06",17.602841062563,0.71304347826087,0.58553623188406,0.541107735574457,28.8835524756681,26.1301741909987,27.5068633333334,0.664574794967207,53.7339985520739,27.490368,27.3031217284174,-0.78824479408387,-1.23045708996202
"14286967","2021-01-07",17.290709102849,0.665217391304348,0.624637681159422,0.583183151114502,28.7002639244031,26.215296075597,27.45778,0.672592440933465,52.1636422101978,27.466768,27.3533721646284,-0.615067639638101,-1.10737919989723
"14286966","2021-01-08",17.0008722831145,0.665217391304348,0.681159420289857,0.630444444444445,28.5296052172685,26.2942881160649,27.4119466666667,0.664653745607331,52.1636422101978,27.462768,27.3969225426779,-0.472464492356606,-0.980396258389108
"14286965","2021-01-11",16.5473977848111,0.630434782608697,0.653623188405799,0.653140096618358,28.4177428033979,26.3398171966021,27.37878,0.656191026412036,50.9087451150314,27.436368,27.4239995369875,-0.378677173854014,-0.860052441482089
"14286964","2021-01-12",15.7564780005956,0.545045045045046,0.613565739652699,0.64944944944945,28.3577541439289,26.3571391894045,27.3574466666667,0.629570160121881,48.4008582092064,27.396768,27.4261329320559,-0.347398206866645,-0.757521594559
"14286963","2021-01-13",15.604926076026,0.729468599033817,0.634982808895855,0.63405724565145,28.3849609043214,26.3465990956787,27.36578,0.819318515440604,55.1002676727444,27.373168,27.4879818744484,-0.188261287351921,-0.643669533117584
"14286962","2021-01-14",15.8912536989207,0.678988326848249,0.651167323642372,0.633238624063641,28.4507489881904,26.3288643451431,27.3898066666667,0.82056093886256,54.4238491999963,27.339768,27.5362509578553,-0.0732247749582471,-0.529580581485717
"14286961","2021-01-15",16.3468443370892,0.629411764705881,0.679289563529317,0.655146565355847,28.5361672237854,26.304446109548,27.4203066666667,0.849368623328051,56.4394646876497,27.316968,27.5967508301413,0.0580564757883373,-0.412053170030906
"14286960","2021-01-19",16.8928278746636,0.623333333333333,0.643911141629156,0.658122676266947,28.6426291672705,26.2789841660629,27.4608066666667,0.860683040909732,58.352190100174,27.318768,27.6671840527891,0.198920392034241,-0.289858457617877
"14286959","2021-01-20",16.5662626294878,0.419999999999999,0.557581699346406,0.626927468168292,28.6862966932912,26.3263166400422,27.5063066666667,0.678120149541619,52.7199030920146,27.313568,27.6875595124172,0.218963875238387,-0.188093991046624
"14286958","2021-01-21",15.4270917043608,0.128571428571428,0.390634920634922,0.53070925387016,28.6240580429433,26.5182219570567,27.57114,0.532699601104502,47.1014728566456,27.309968,27.6585515774283,0.131360223050914,-0.124203148227116
"14286957","2021-01-22",14.3692901310287,0.171428571428573,0.240000000000002,0.396072206660442,28.5357439746361,26.735536025364,27.63564,0.519086683854415,48.1221542831508,27.317168,27.6414113671045,0.0784802845212873,-0.0836664616774357
"14286956","2021-01-25",14.7687299913895,0.183785714285715,0.161261904761907,0.263965608465609,28.4705050188446,26.9329283144888,27.7017166666667,0.638627230365888,48.4311225280848,27.32746,27.6288631848239,0.0411280652758084,-0.0587075562867869
"14286955","2021-01-26",15.1396384331532,0.319999999999999,0.22507142857143,0.208777777777778,28.3684326065429,27.1777340601238,27.7730833333334,0.721368652986104,53.4793507722038,27.34706,27.6570147601807,0.09583786499201,-0.0277984720310275
"14286954","2021-01-27",15.3214079344238,0.272,0.258595238095239,0.214976190476191,28.3283809386265,27.3101190613736,27.81925,0.67750836404442,52.3480832984305,27.38866,27.6734127921566,0.120269867592482,0.00181519589367433
"14286953","2021-01-28",15.8120879076172,0.263999999999999,0.285333333333334,0.256333333333333,28.3214569096289,27.3887097570378,27.8550833333334,0.708970529821711,52.1500821978131,27.45346,27.6862910865357,0.135141921385262,0.0284805409919919
"14286952","2021-01-29",15.7015965942646,0.103999999999999,0.213333333333334,0.252420634920635,28.2884424960424,27.4600575039577,27.87425,0.358057141960699,48.221614007001,27.50706,27.670785608331,0.0876299697703198,0.0403104267476575
"14286951","2021-02-01",15.5989975175801,0.103999999999999,0.157333333333334,0.218666666666666,28.2877466945155,27.4642533054845,27.876,0.344969409144966,48.221614007001,27.55466,27.6573475272202,0.0493919343942828,0.0421267282769826
"14286950","2021-02-02",16.1524359613969,0.30327868852459,0.170426229508198,0.180364298724954,28.3032025986651,27.4764507346683,27.8898266666667,0.673578884930333,53.684225450553,27.6101,27.6817011902575,0.096703521193553,0.0530420868602966
"14286949","2021-02-03",16.1271525156652,0.155737704918034,0.187672131147543,0.171810564663023,28.2762442563251,27.5337424103416,27.9049933333334,0.327169902188304,49.9043003285846,27.6397,27.6788076982232,0.0807838613595013,0.0585904417601376
"14286948","2021-02-04",15.9549721521905,0.114754098360656,0.191256830601095,0.183118397085611,28.2719353274898,27.5137180058436,27.8928266666667,0.267665555809858,48.8748529510054,27.6561,27.6696333384601,0.0529790440656264,0.0574681622212353
"14286947","2021-02-05",16.4365224456713,0.30327868852459,0.191256830601095,0.190061930783243,28.2775685398592,27.5164181268075,27.8969933333334,0.595916215001349,53.614944961327,27.6821,27.6923488933321,0.0968689756977614,0.0653483249165406
"14286946","2021-02-08",16.4480579182677,0.194915254237289,0.204316013707513,0.195609891636566,28.2780556294866,27.5232643705135,27.90066,0.437298337647573,50.5431022178242,27.6917,27.6933690408878,0.0898075918634333,0.0702401783059191
"14286945","2021-02-09",16.4587694285358,0.228813559322034,0.242335834027973,0.212636226112192,28.2751525337863,27.5396674662137,27.90741,0.406080123564329,51.3998778662365,27.704892,27.6995865021027,0.0947706364811562,0.0751462699409665
"14286944","2021-02-10",17.1718362858447,0.321428571428572,0.248385794995966,0.231679214243816,28.2758360985026,27.5819839014974,27.92891,0.669714338550647,54.5776707965743,27.728892,27.7249749684891,0.140741775536979,0.088265371060169
"14286943","2021-02-11",17.4940443306043,0.220096127686587,0.256779419479066,0.249167016167667,28.2677018180906,27.5781181819094,27.92291,0.461943219130475,52.1304501216705,27.728892,27.7336449726905,0.146356257019864,0.099883548252108
"14286942","2021-02-12",17.8604434510945,0.259615384615384,0.267046694576849,0.257403969683959,28.2547053115582,27.5781146884419,27.91641,0.534865987192262,53.2589747913488,27.735292,27.7478256429984,0.163453059006313,0.112597450402949
"14286941","2021-02-16",18.3287283194917,0.259615384615384,0.246442298972454,0.256756137676122,28.2175782358567,27.5910750974767,27.9043266666667,0.586203345774596,53.2589747913488,27.741692,27.7601155572653,0.174967842742602,0.12507152887088
"14286940","2021-02-17",18.6836540547874,0.240384615384616,0.25320512820513,0.255564707251476,28.136536488544,27.6334501781227,27.8849933333334,0.582835355425224,52.68280568606,27.750492,27.7681001496299,0.176237737469664,0.135304770590637
"14286939","2021-02-18",19.5835965733231,0.223529411764707,0.241176470588237,0.246941299255272,28.1404587792361,27.6335278874306,27.8869933333334,0.657168037342432,50.9036576222294,27.763292,27.7670201296793,0.157986186407233,0.139841053753956
"14286938","2021-02-19",19.691917310955,0.0117647058823506,0.158559577677226,0.21764705882353,28.1361785200972,27.6409748132362,27.8885766666667,0.0619782384607644,45.8961107875857,27.750892,27.7420841123887,0.090155280452886,0.129903899093742
"14286937","2021-02-22",18.9747190621755,0,0.078431372549021,0.159389140271494,28.1528919150737,27.6136780849263,27.883285,-0.0918214917561096,40.5290430493449,27.731092,27.6904728974036,-0.0288437966623367,0.0981543599425262
"14286936","2021-02-23",18.3087492597373,0.0731707317073165,0.0283118125298908,0.0884342542520447,28.1656790096175,27.5677376570492,27.8667083333334,0.026082284185727,42.9249551527199,27.708692,27.6557431777497,-0.100283311212002,0.0584668257116206
"14286935","2021-02-24",17.2237325087319,0,0.0243902439024406,0.0437111429937828,28.1799862447229,27.4927637552772,27.836375,-0.0913296002984089,39.9226676385419,27.675692,27.6083107540498,-0.192762273344915,0.00822100590031345
"14286934","2021-02-25",16.855621219297,0,0.0243902439024406,0.0256974334449227,28.2321978887003,27.3592187779664,27.7957083333334,-0.197658923539039,33.1916510422132,27.640892,27.5205359868431,-0.364613812736725,-0.0663459578270942
"14286933","2021-02-26",18.1850483190463,0,1.79486055647734e-15,0.0162601626016263,28.430751179336,27.0013321539974,27.7160416666667,-0.381039763481315,23.4566861249239,27.588092,27.3377978552641,-0.728914373876943,-0.198859641037064
"14286932","2021-03-01",18.7126878704659,0.165919282511211,0.0553064275037389,0.0265655571353924,28.4900609176566,26.8440224156768,27.6670416666667,-0.0409199110039633,33.2131593087263,27.547692,27.2287581412289,-0.899883701557314,-0.339064453141114
"14286931","2021-03-02",19.1074424485134,0.278026905829597,0.147982062780271,0.0677628300946692,28.5056962929637,26.7488870403697,27.6272916666667,0.116373643104267,38.8818022435088,27.5166,27.167590389065,-0.951002647803412,-0.461452092073574
"14286930","2021-03-03",18.6185660244875,0.322869955156952,0.255605381165922,0.152964623816643,28.466157393298,26.6964259400354,27.5812916666667,0.235576642167557,41.0376000655195,27.4778,27.127911670523,-0.951117010884983,-0.559385075835855
"14286929","2021-03-04",17.6026754241278,0.542600896860987,0.381165919282514,0.261584454409567,28.4526758749341,26.6919074583993,27.5722916666667,0.513843387790847,50.2901368509862,27.461,27.1588567811199,-0.79628173173707,-0.606764407016098
"14286928","2021-03-05",17.2722759104224,0.695067264573991,0.520179372197312,0.385650224215248,28.4739033953597,26.691013271307,27.5824583333334,0.689322753047382,55.5073809846902,27.4582,27.231009210304,-0.566164103826938,-0.598644346378266
"14286927","2021-03-08",17.9358370568547,0.766726943942134,0.668131701792372,0.523158997757398,28.5699258760373,26.6464907906295,27.6082083333334,0.955846767753399,62.5951167359161,27.4862,27.3695413155968,-0.213325113943652,-0.521580499891343
"14286926","2021-03-09",16.9546071703195,0.383363471971068,0.615052560162399,0.601121211384027,28.545056023246,26.6300273100874,27.5875416666667,0.422955898440113,47.4553173163984,27.4718,27.3482691401839,-0.243981489768941,-0.466060697866863
"14286925","2021-03-10",16.2721217817723,0.332730560578662,0.494273658830623,0.59248597359513,28.5193065820623,26.5959434179378,27.557625,0.334859580382674,45.8770449321697,27.441,27.3111665881593,-0.3061460517229,-0.43407776863807
"14286924","2021-03-11",15.6383853495499,0.37251356238698,0.362869198312239,0.490731805768419,28.460875598033,26.5797077353004,27.5202916666667,0.382896326781436,47.358454150412,27.4218,27.2936777097381,-0.319321915715121,-0.41112659805348
"14286923","2021-03-12",14.6349075836317,0.433996383363473,0.37974683544304,0.412296564195299,28.4262733528288,26.5769766471713,27.501625,0.51173869680668,49.6520467665648,27.4114,27.3011873484397,-0.276341692185611,-0.384169616879907
"14286922","2021-03-15",14.3798400476821,0.585895117540687,0.464135021097049,0.402250351617441,28.4253122404817,26.5772710928517,27.5012916666667,0.733783575230847,54.8822669292574,27.4086,27.3636957019811,-0.116962765212292,-0.330728246546384
"14286921","2021-03-16",14.4788849086089,0.654611211573238,0.558167570825801,0.467349809121962,28.4536952917164,26.5660547082837,27.509875,0.82851857787051,57.0556352253269,27.419,27.4432029417169,0.0642259821220792,-0.251737400812691
"14286920","2021-03-17",14.5708551366124,0.672694394213383,0.637733574442438,0.553345388788428,28.4910991652482,26.5519841680852,27.5215416666667,0.829252434366925,57.634003640905,27.4298,27.5187758828213,0.219510337740414,-0.15748785310207
"14286919","2021-03-18",16.4022063191924,0.622754491017965,0.650020032268197,0.61530705917881,28.73109849846,26.4173181682067,27.5742083333334,1.12486124882409,63.8251590559832,27.4582,27.6629390984452,0.508470636155978,-0.0242961552504606
"14286918","2021-03-19",18.2321655419562,0.71517027863777,0.670206387956374,0.652653331555668,29.0614161531886,26.2585005134781,27.6599583333334,1.1160400651629,67.9310962743701,27.5098,27.8518805519858,0.864972934244035,0.153557662648439
"14286917","2021-03-22",19.3517215893963,0.623003194888179,0.653642654847973,0.657956358357513,29.2610603503019,26.2081063163648,27.7345833333334,0.933050520458808,63.7126899482955,27.549,27.9809631450544,1.05787099084722,0.334420328288195
"14286916","2021-03-23",19.6020244099376,0.467576791808874,0.60191675511161,0.641921932638651,29.3643476686459,26.2121523313541,27.78825,0.775495828698464,58.0398444194029,27.573,28.0421680590471,1.08785629516137,0.48510752166283
"14286915","2021-03-24",19.7330217245834,0.450511945392492,0.513697310696517,0.589752240218698,29.4481063763596,26.2427269569738,27.8454166666667,0.727092200774822,57.3166963057748,27.5958,28.0885456511742,1.08443889229568,0.6049737957894
"14286914","2021-03-25",19.5424225816289,0.399317406143344,0.439135381114905,0.518249815641009,29.5008235559267,26.31534311074,27.9080833333334,0.666981614177033,55.0987614174553,27.615,28.1087395643509,1.02670475185123,0.689319987001766
"14286913","2021-03-26",19.9826090421443,0.569965870307167,0.473265073947669,0.475365921919696,29.5350128280966,26.5278205052368,28.0314166666667,0.796594487784027,60.5752260022172,27.6614,28.1929076224375,1.11115558706205,0.773687107013823
"14286912","2021-03-29",20.4176846118316,0.612627986348122,0.527303754266213,0.479901403109594,29.5884929534319,26.6980070465682,28.14325,0.801016286316161,61.8286672386349,27.7218,28.2825199394458,1.19924601961812,0.858798889534682
"14286911","2021-03-30",20.8216833551128,0.606382978723405,0.5963256117929,0.532298146668926,29.6267199397542,26.8637800602458,28.24525,0.770756283508574,62.0882781574144,27.7802,28.3635172808531,1.26091085007156,0.939221281642058
"14286910","2021-03-31",20.8721363914489,0.532075471698114,0.583695478923215,0.569108281660775,29.6362593243486,27.0295740089848,28.3329166666667,0.704761962195459,59.8102995818599,27.8386,28.416381643406,1.25783490803568,1.00294400692078
"14286909","2021-04-01",20.2490441204548,0.318385650224216,0.485614700215246,0.555211930310452,29.6475312063292,27.1206354603375,28.3840833333333,0.59336224774642,55.1195221660994,27.8998,28.4248640909518,1.16238720195214,1.03483264592705
"14286908","2021-04-05",19.851355215807,0.362745098039215,0.404402073320517,0.491237417486325,29.6850953437948,27.1710713228719,28.4280833333333,0.647936799159981,57.9125230442313,28.0018,28.4615488788249,1.13597127264622,1.05506037127089
"14286907","2021-04-06",19.1175833187627,0.271356783919598,0.317495844061011,0.40250420586559,29.6968921159549,27.1757745507117,28.4363333333333,0.584750774661334,55.381859575827,28.083,28.4733423616483,1.06020880426001,1.05609005786871
"14286906","2021-04-07",18.7502942610587,0.301136363636364,0.311746081865061,0.344547999748861,29.6920824398272,27.3215842268395,28.5068333333333,0.644765629767822,58.262595529678,28.163,28.5128967134285,1.05026900245959,1.05492584678689
"14286905","2021-04-08",18.1015721162117,0.232954545454545,0.268482564336838,0.299241496754302,29.6200980148758,27.5469019851242,28.5835,0.591565549330167,56.133678488027,28.2342,28.531177151638,0.996824059724433,1.0433054893744
"14286904","2021-04-09",17.2174527787453,0.232558139534884,0.255549682875266,0.278592776359053,29.5042324450345,27.7981008882989,28.6511666666667,0.501269929424905,54.1793445248724,28.2814,28.5323535314196,0.912816051965004,1.01720760189252
"14286903","2021-04-12",16.5809772306044,0.383177570093458,0.282896751694298,0.268976332968799,29.3911047421181,28.0342285912153,28.7126666666667,0.529970802154343,55.8352507138746,28.3194,28.5480397272304,0.867326896319187,0.987231460777852
"14286902","2021-04-13",15.408195341387,0.168224299065424,0.261320002897924,0.266588812489161,29.3270277771172,28.1589722228828,28.743,0.32620689635514,51.6335398279828,28.3254,28.5309677635996,0.757519609914636,0.941289090605209
"14286901","2021-04-14",14.3480432281145,0.336448598130844,0.295950155763244,0.280055636785153,29.2838565710268,28.2558100956399,28.7698333333333,0.399647857235399,54.5181377497683,28.381,28.5401720617864,0.713187975926566,0.89566886766948
"14286900","2021-04-15",13.9966726095788,0.337078651685391,0.280583849627221,0.279284669429461,29.2346980926213,28.3719685740454,28.8033333333333,0.530909649075956,56.3856514521,28.447,28.5641491202148,0.703820892090823,0.857299272553749
"14286899","2021-04-16",14.2369993810984,0.606741573033709,0.426756274283316,0.334430093224592,29.2433079260913,28.3686920739088,28.806,0.805658001357079,59.929423874793,28.5182,28.6169292375195,0.755299279239341,0.836899273890867
"14286898","2021-04-19",13.8994436225684,0.393258426966291,0.445692883895132,0.384344335935222,29.1391932697387,28.4291400635946,28.7841666666667,0.733550573250498,56.0468921557438,28.575,28.6373386725169,0.733883622044962,0.816296143521686
"14286897","2021-04-20",13.4691482109099,0.348314606741573,0.449438202247193,0.440629120141879,29.108269352469,28.4397306475311,28.774,0.618666776878216,55.235585671917,28.6134,28.6496935161813,0.697552583737426,0.792547431564834
"14286896","2021-04-21",14.0589706722726,0.517857142857143,0.419810058855004,0.438313714999108,29.1732765700464,28.427056763287,28.8001666666667,1.009009985922,59.4974909670743,28.655,28.6964010473572,0.736184153323238,0.781274775916515
"14286895","2021-04-22",14.4188298073557,0.464285714285715,0.443485821294812,0.437578027465668,29.2142545275892,28.4427454724108,28.8285,0.903754172305811,58.1720588423338,28.6922,28.7288809077095,0.741200837373235,0.773259988207859
"14286894","2021-04-23",14.4970414045233,0.392857142857142,0.458333333333335,0.440543071161049,29.2011438365125,28.5088561634876,28.855,0.666115914642099,56.3689489430145,28.7026,28.7463634533483,0.714383096971472,0.761484609960582
"14286893","2021-04-26",14.8045653603889,0.598214285714285,0.485119047619049,0.462312734082397,29.2361768529644,28.497156480369,28.8666666666667,0.892411374237899,60.1895154086503,28.703,28.7921816595685,0.748914246664589,0.758970537301383
"14286892","2021-04-27",14.3439175034473,0.392857142857142,0.461309523809525,0.468253968253968,29.230685319513,28.4979813471537,28.8643333333334,0.639665318046245,55.0027001723589,28.7046,28.8012241049594,0.703594034579913,0.747895236757089
"14286891","2021-04-28",13.7295806214944,0.339285714285714,0.443452380952382,0.463293650793651,29.2199377826668,28.4967288839999,28.8583333333334,0.520740895234596,53.7025809269883,28.719,28.8010608909648,0.643442606574474,0.727004710720566
"14286890","2021-04-29",13.8867025184197,0.5625,0.431547619047621,0.445436507936508,29.2526624380051,28.4906708953282,28.8716666666667,0.843398387004935,58.1422305790741,28.7454,28.8342527721695,0.658166343429989,0.713237037262451
"14286889","2021-04-30",14.2023790827142,0.50892857142857,0.470238095238097,0.448412698412698,29.2733670558404,28.5196329441597,28.8965,0.792101237365667,56.7360315330733,28.7754,28.8550190692136,0.645507590577776,0.699691147925516
"14286888","2021-05-03",14.7153324915622,0.531914893617023,0.534447821681866,0.478744511989193,29.3166651009016,28.5183348990984,28.9175,0.878915891340103,58.7077711114114,28.7898,28.8876831933184,0.65855041919527,0.691463002179467
"14286887","2021-05-04",14.6769615550587,0.292682926829271,0.444508797291623,0.483064904737193,29.3223105922409,28.5540227410925,28.9381666666667,0.662916368493325,55.2561444656257,28.7936,28.8973254342093,0.622533601079844,0.677677121959542
"14286886","2021-05-05",13.6587119562596,0,0.274865940148766,0.41794085304075,29.3233117225028,28.5456882774973,28.9345,0.297031153899633,48.6548077705708,28.7844,28.8656820429814,0.504374294032317,0.643016556374097
"14286885","2021-05-06",13.2762040163444,0,0.0975609756097586,0.272311904350048,29.3350636925519,28.5172696407815,28.9261666666667,0.1093148399547,44.4600458105171,28.7716,28.8089244372505,0.345137302191079,0.583440705537493
"14286884","2021-05-07",13.0463260211273,0.20909090909091,0.0696969696969717,0.147374628485164,29.3288657235385,28.5501342764615,28.9395,0.474959275019367,49.3741434640572,28.7792,28.7904011789505,0.280075730366502,0.522767710503295
"14286883","2021-05-10",13.4412418850605,0.717131474103585,0.308740794398167,0.158666246568297,29.4146834229934,28.5348165770067,28.97475,1.04960967734951,60.3732690676212,28.8048,28.8636810217571,0.411373798757153,0.500488928154067
"14286882","2021-05-11",13.3056630362069,0.5748031496063,0.500341844266933,0.292926536120689,29.4363692428122,28.5941307571879,29.01525,0.897452747308089,56.989950742488,28.8296,28.9045235521895,0.46225987177555,0.492843116878364
"14286881","2021-05-12",12.935963509522,0.125984251968504,0.472639625226131,0.427240754630409,29.4212742301891,28.630225769811,29.02575,0.311537041280511,47.3987005170083,28.8228,28.8639204118975,0.339414221220058,0.462157337746702
"14286880","2021-05-13",12.804286914281,0.047244094488188,0.249343832020999,0.407441767171353,29.4283888311566,28.6131111688435,29.02075,0.143373032967532,45.9380076018571,28.8168,28.8153976903112,0.211549702038827,0.412035810605127
"14286879","2021-05-14",12.166656832644,0.551181102362204,0.241469816272967,0.321151091173364,29.444902633097,28.611597366903,29.02825,0.734107884886309,55.4091595283296,28.8408,28.8586779982697,0.28604793767133,0.386838236018368
"14286878","2021-05-17",11.4220843177754,0.54488188976378,0.381102362204726,0.290638670166229,29.4673197265719,28.6179802734281,29.04265,0.730002267381886,55.278793627759,28.86008,28.8951209318337,0.338798066181423,0.377230202050979
"14286877","2021-05-18",10.7306955539689,0.590551181102362,0.562204724409451,0.394925634295713,29.4908258768198,28.6368074565136,29.0638166666667,0.749233500049887,56.0854956064899,28.89088,28.9344381409226,0.392142827410158,0.380212727122815
"14286876","2021-05-19",10.83603426148,0.354330708661417,0.496587926509188,0.479965004374453,29.4818365966988,28.6344634033012,29.05815,0.510050668032686,50.9645972794059,28.90248,28.9285130554662,0.346688876655277,0.373507957029307
"14286875","2021-05-20",10.4719241077336,0.669291338582676,0.538057742782153,0.532283464566929,29.5167418271834,28.6242248394833,29.0704833333334,0.854260297216361,56.6482281411698,28.92528,28.9767113147374,0.417326910386251,0.382271747700696
"14286874","2021-05-21",10.1338218221118,0.688425196850392,0.570682414698163,0.535109361329833,29.5565194541158,28.6267338792176,29.0916266666667,0.823988678823,56.9744950728223,28.939452,29.0217231394391,0.47440481064438,0.400698360289433
"14286873","2021-05-24",9.50091575849796,0.7734375,0.710384678477691,0.606374945319334,29.6118857959531,28.6083675373803,29.1101266666667,0.915079642489409,58.5731682749817,28.965852,29.0761600541805,0.545284690632464,0.429615626358039
"14286872","2021-05-25",9.61202793417326,0.515625000000001,0.6591625656168,0.64674321959755,29.6243892440163,28.6235307559838,29.12396,0.61927094065813,52.5730209140819,28.980652,29.0793387136231,0.50395350713941,0.444483202514313
"14286871","2021-05-26",9.95797164893187,0.409836065573771,0.566299521857926,0.645282255317471,29.6217912156201,28.64612878438,29.13396,0.437861021675665,50.872367204092,28.980652,29.0687602184734,0.438399979352155,0.443266557881882
"14286870","2021-05-27",10.0822097343038,0.434426229508198,0.453295765027325,0.559585950834015,29.6208742427381,28.645045757262,29.13296,0.479887175913785,51.3804909200207,28.984252,29.0635921893436,0.390281957582106,0.432669637821926
"14286869","2021-05-28",10.331081366902,0.39344262295082,0.412568306010931,0.477387864298726,29.6193621655589,28.6422245011078,29.1307933333334,0.441195593936796,50.444035975852,28.989052,29.0524465640978,0.334413325585547,0.413018375374651
"14286868","2021-06-01",10.8313720195277,0.311475409836065,0.379781420765029,0.415215163934427,29.6097433233403,28.6301766766598,29.11996,0.380940549515529,48.5386160356811,28.980652,29.0294536888848,0.259359527702219,0.382286605840164
"14286867","2021-06-02",11.4577265146441,0.262295081967214,0.322404371584701,0.371584699453553,29.6100143224837,28.6149056775163,29.11246,0.299894546516355,47.3821533959153,28.979052,29.0015265303668,0.18108047043317,0.342045378758766
"14286866","2021-06-03",11.7944682244431,0,0.191256830601095,0.297814207650274,29.6012994891573,28.6386205108427,29.11996,0.299213094201177,47.1803914810463,28.979452,28.9759896596512,0.114899911916089,0.29661628539023
"14286865","2021-06-04",12.1071569549707,0.153846153846154,0.138713745271124,0.217458315818972,29.5642731829861,28.7149801503473,29.1396266666667,0.335596594696107,50.3668547246998,28.975452,28.9725243716977,0.100278202041837,0.257348668720552
"14286864","2021-06-07",12.1521219303482,0.219780219780223,0.124542124542127,0.151504233471447,29.5610404375184,28.7320462291483,29.1465433333334,0.393593949017492,51.7113723394608,28.976252,28.977521122138,0.104202430232481,0.226719421022937
"14286863","2021-06-08",13.0094712661622,0,0.124542124542127,0.129265998118458,29.521420512024,28.7141661546427,29.1177933333334,0.209558706179546,45.9078882799593,28.962252,28.9471849725196,0.034464938767842,0.188268524571918
"14286862","2021-06-09",14.6275132011316,0,0.073260073260076,0.107448107448109,29.5208201176101,28.64409988239,29.08246,-0.000874337132679712,39.8021944253847,28.940652,28.8768936428503,-0.111745481471992,0.128265723363136
"14286861","2021-06-10",15.296787576012,0.423076923076922,0.141025641025642,0.112942612942614,29.520451358989,28.6641353076777,29.0922933333334,0.477858642295686,51.4030529048709,28.953052,28.8893078238036,-0.0731913420373931,0.0879743102830304
"14286860","2021-06-11",15.546096217371,0.453846153846155,0.292307692307694,0.168864468864469,29.5069480705405,28.7176385961263,29.1122933333334,0.522433110510655,52.1256469401461,28.975852,28.9054001139631,-0.0311177418606312,0.0641558998542981
"14286859","2021-06-14",15.4891242435477,0.639639639639638,0.505520905520906,0.312951412951413,29.5080344263386,28.7175522403281,29.1127933333334,0.652489204859029,54.320052616794,28.994252,28.9353467654347,0.0352796436724478,0.058380648617928
"14286858","2021-06-15",15.2273271151671,0.644859813084112,0.579448535523303,0.459092377783966,29.5078837018931,28.7175696314403,29.1127266666667,0.656823729493986,53.8768021080152,28.985052,28.9586338633768,0.0813293627809131,0.062970391450525
"14286857","2021-06-16",16.2318542609286,0.22429906542056,0.502932839381438,0.529300760141881,29.4918953018377,28.695891364829,29.0938933333334,0.256416615146407,44.9827056279488,28.964652,28.9188160149265,-0.00756431250493739,0.0488634506594326
"14286856","2021-06-17",17.5920135136572,0.0420560747663535,0.30373831775701,0.462039897553916,29.5253152113029,28.6144714553638,29.0698933333334,-0.030526408635752,41.7651858478435,28.959252,28.8583072129363,-0.131115714108121,0.0128676177059219
"14286855","2021-06-18",19.6657032603554,0,0.0887850467289729,0.298485401289139,29.5899907236814,28.427062609652,29.0085266666667,-0.230219970683315,35.4021203411296,28.939652,28.7451995845448,-0.352870589452514,-0.0602800237257653
