"","Date","ADX","STOCHFK","STOCHFD","STOCHSD","BBandsUp","BbandsDn","BbandsMiddle","PercentB","RSI","SMA","EMA","MACD","Signal"
"14611701","2004-07-27",NA,NA,NA,NA,NA,NA,NA,NA,NA,NA,NA,NA,NA
"14611700","2004-07-28",NA,NA,NA,NA,NA,NA,NA,NA,NA,NA,NA,NA,NA
"14611699","2004-07-29",NA,NA,NA,NA,NA,NA,NA,NA,NA,NA,NA,NA,NA
"14611698","2004-07-30",NA,NA,NA,NA,NA,NA,NA,NA,NA,NA,NA,NA,NA
"14611697","2004-08-02",NA,NA,NA,NA,NA,NA,NA,NA,NA,NA,NA,NA,NA
"14611696","2004-08-03",NA,NA,NA,NA,NA,NA,NA,NA,NA,NA,NA,NA,NA
"14611695","2004-08-04",NA,NA,NA,NA,NA,NA,NA,NA,NA,NA,NA,NA,NA
"14611694","2004-08-05",NA,NA,NA,NA,NA,NA,NA,NA,NA,NA,NA,NA,NA
"14611693","2004-08-06",NA,NA,NA,NA,NA,NA,NA,NA,NA,NA,NA,NA,NA
"14611692","2004-08-09",NA,NA,NA,NA,NA,NA,NA,NA,NA,NA,NA,NA,NA
"14611691","2004-08-10",NA,NA,NA,NA,NA,NA,NA,NA,NA,NA,NA,NA,NA
"14611690","2004-08-11",NA,NA,NA,NA,NA,NA,NA,NA,NA,NA,NA,NA,NA
"14611689","2004-08-12",NA,NA,NA,NA,NA,NA,NA,NA,NA,NA,NA,NA,NA
"14611688","2004-08-13",NA,0,NA,NA,NA,NA,NA,NA,NA,NA,24.26,NA,NA
"14611687","2004-08-16",NA,0,NA,NA,NA,NA,NA,NA,0,NA,24.212,NA,NA
"14611686","2004-08-17",NA,0,0,NA,NA,NA,NA,NA,0,NA,24.1437333333333,NA,NA
"14611685","2004-08-18",NA,0,0,NA,NA,NA,NA,NA,0,NA,24.0845688888889,NA,NA
"14611684","2004-08-19",NA,0,0,0,NA,NA,NA,NA,0,NA,24.033293037037,NA,NA
"14611683","2004-08-20",NA,0,0,0,NA,NA,NA,NA,0,NA,23.8421872987654,NA,NA
"14611682","2004-08-23",NA,0,0,0,25.274133283446,22.6905333832207,23.9823333333333,-0.293079454686955,0,NA,23.52989565893,NA,NA
"14611681","2004-08-24",NA,0.264,0.088,0.0293333333333333,25.3119958922808,22.3906707743858,23.8513333333333,-0.0778199727445199,19.9223465604268,NA,23.347242904406,NA,NA
"14611680","2004-08-25",NA,0.4,0.221333333333333,0.103111111111111,25.2335377508849,22.2607955824485,23.7471666666667,0.136530873254874,27.8920688915441,NA,23.2342771838186,NA,NA
"14611679","2004-08-26",NA,0.6,0.421333333333333,0.243555555555556,25.1243597850994,22.2049735482339,23.6646666666667,0.272326573896473,37.7101166550815,NA,23.2030402259761,NA,NA
"14611678","2004-08-27",NA,0.6,0.533333333333333,0.392,24.995552318214,22.1687810151193,23.5821666666667,0.294052435006219,37.7101166550815,NA,23.1759681958459,NA,NA
"14611677","2004-08-30",NA,0.68,0.626666666666667,0.527111111111111,24.8701068015127,22.1858931984873,23.528,0.477150352988227,41.4108569538142,23.704,23.1791724363998,NA,NA
"14611676","2004-08-31",NA,0.8,0.693333333333333,0.617777777777778,24.741599122621,22.2227342107123,23.4821666666667,0.560013804611748,46.5414137918556,23.654,23.2219494448798,-2.26280241515919,NA
"14611675","2004-09-01",NA,0.759999999999999,0.746666666666667,0.688888888888889,24.6794213736522,22.2259119596811,23.4526666666667,0.526085084343093,45.122981613492,23.6,23.2456895188959,-2.01624447151081,NA
"14611674","2004-09-02",63.1264461071064,0.840000000000001,0.8,0.746666666666667,24.6358930700413,22.2294402632921,23.4326666666667,0.569535264877846,48.5033399842062,23.558,23.2929309163764,-1.73146291127544,NA
"14611673","2004-09-03",59.3747033288404,0.840000000000001,0.813333333333334,0.786666666666667,24.5905378160053,22.234795517328,23.4126666666667,0.579521997562518,48.5033399842062,23.516,23.3338734608596,-1.48856491025411,NA
"14611672","2004-09-07",55.4554062425886,0.9,0.860000000000001,0.824444444444445,24.5579758526343,22.242357480699,23.4001666666667,0.651075556133612,51.1222127798343,23.484,23.3893569994116,-1.23010585539584,NA
"14611671","2004-09-08",51.8160589482118,0.9,0.88,0.851111111111112,24.5245104456345,22.2508228876989,23.3876666666667,0.659359333286022,51.1222127798343,23.452,23.4374427328234,-1.01365268711811,NA
"14611670","2004-09-09",49.7320973725372,0.68,0.826666666666667,0.855555555555556,24.4648871666124,22.2481128333876,23.3565,0.482030947969621,42.0323072582236,23.42,23.4057837017803,-1.01958779789683,NA
"14611669","2004-09-10",47.051877759806,0.740000000000001,0.773333333333334,0.826666666666667,24.4190719888816,22.2539280111184,23.3365,0.57551460857994,44.9093157587291,23.394,23.3983458748763,-0.961694861438456,NA
"14611668","2004-09-13",44.5631024051271,0.864130434782609,0.761376811594203,0.787125603864735,24.3978438197937,22.2601561802063,23.329,0.696941775872024,51.7818801572232,23.384,23.4452330915594,-0.769236531628015,-1.38815027129742
"14611667","2004-09-14",43.3703247278697,0.466666666666666,0.690265700483092,0.741658615136877,24.3352369956294,22.2627630043706,23.299,0.500482515102346,43.7078953528433,23.352,23.4125353460182,-0.796746553104455,-1.26986952765883
"14611666","2004-09-15",43.5962307266944,0,0.443599033816425,0.631747181964574,24.3094897523437,22.1735102476563,23.2415,0.176260938608017,33.4848468143226,23.28,23.2508639665491,-1.15151805800267,-1.2461992337276
"14611665","2004-09-16",43.806000582746,0.194444444444445,0.220370370370371,0.451411701556629,24.2707231069187,22.0972768930813,23.184,0.208297359298071,38.8737571599825,23.2244,23.1574154376759,-1.29862222613347,-1.25668383220877
"14611664","2004-09-17",42.9801195600315,0.166666666666667,0.120370370370371,0.261446591519056,24.2154179952611,22.0462486714056,23.1308333333333,0.272186218368448,38.395188983634,23.1684,23.0697600459858,-1.41755239208489,-1.28885754418399
"14611663","2004-09-20",41.1387141165213,0.500000000000001,0.287037037037038,0.20925925925926,24.2224657537623,22.0608675795711,23.1416666666667,0.503855172266906,46.2359252038668,23.1344,23.0671253731877,-1.30500218303482,-1.29208647195416
"14611662","2004-09-21",39.4288376332618,0.562500000000001,0.409722222222223,0.272376543209877,24.130575368108,22.274424631892,23.2025,0.471715659199629,46.8976056725273,23.1024,23.0715086567626,-1.18465415586451,-1.27060000873623
"14611661","2004-09-22",37.6931531426251,0.562500000000001,0.541666666666668,0.41280864197531,24.0499706420129,22.4556960246538,23.2528333333333,0.448043246482503,46.8976056725274,23.0784,23.0753075025276,-1.076845313841,-1.23184906975718
"14611660","2004-09-23",35.7317911307491,0.624999999999999,0.583333333333334,0.511574074074075,24.0340618218275,22.5332715115058,23.2836666666667,0.499777894799135,48.371429592683,23.0584,23.0919331688573,-0.945533570376589,-1.17458596988106
"14611659","2004-09-24",33.9105264054357,0.624999999999999,0.604166666666667,0.57638888888889,24.0368846020406,22.5587820646261,23.2978333333333,0.490190125763966,48.371429592683,23.0384,23.1063420796763,-0.831855453360741,-1.106039866577
"14611658","2004-09-27",32.0830823137417,0.65625,0.635416666666667,0.607638888888889,24.040858573831,22.588141426169,23.3145,0.512964212175541,49.1891916805827,23.0644,23.1254964690528,-0.716045588592096,-1.02804101098002
"14611657","2004-09-28",30.386169942883,0.8125,0.697916666666667,0.645833333333334,24.04406554548,22.5882677878533,23.3161666666667,0.626276697687061,53.1822198876977,23.1444,23.1754302731791,-0.531054877511328,-0.928643784286281
"14611656","2004-09-29",28.2354125712561,0.8125,0.760416666666667,0.697916666666667,24.0354836252757,22.5901830413909,23.3128333333333,0.675626673208047,53.1822198876977,23.198,23.2187062367552,-0.38021160867806,-0.818957349164637
"14611655","2004-09-30",26.238280726174,0.838709677419355,0.821236559139785,0.759856630824373,24.0337460310479,22.5902539689521,23.312,0.630239718621699,53.1822198876977,23.238,23.2562120718545,-0.257810060456476,-0.706727891423005
"14611654","2004-10-01",24.3838011557406,0.866666666666667,0.839292114695341,0.806981780167265,24.0220505809615,22.5919494190385,23.307,0.634955487862477,53.1822198876977,23.258,23.2887171289406,-0.159062512837671,-0.597194815705938
"14611653","2004-10-04",22.6882911926188,0.88,0.861792114695341,0.840773596176823,24.0123217417599,22.5936782582401,23.303,0.652963025961673,53.5748004330523,23.2788,23.3195548450818,-0.0731168290884932,-0.492379218382449
"14611652","2004-10-05",21.8693830628588,0.625,0.790555555555556,0.83054659498208,23.9578793144307,22.599787352236,23.2788333333333,0.491041352864646,47.753241895255,23.2808,23.3102808657376,-0.0972779374027288,-0.413358962186505
"14611651","2004-10-06",21.1089683709388,0.625,0.710000000000001,0.787449223416966,23.8975491954271,22.6101174712396,23.2538333333333,0.497022495825365,47.753241895255,23.2708,23.3022434169726,-0.115115201950544,-0.353710210139313
"14611650","2004-10-07",19.6925707082308,0.692307692307693,0.647435897435898,0.715997150997152,23.9151993560254,22.6108006439746,23.263,0.681692911692142,53.2127311168298,23.2748,23.3286109613762,-0.0422834959022511,-0.291424867291901
"14611649","2004-10-08",19.1122012742244,0.166666666666664,0.494658119658119,0.617364672364673,23.8964314260277,22.6095685739723,23.253,0.536522928550576,46.8818605663689,23.2588,23.3114628331927,-0.0873152930009669,-0.250602952433714
"14611648","2004-10-11",19.2648437964044,0,0.286324786324786,0.476139601139601,23.8248839248369,22.6081160751631,23.2165,0.338506581142278,42.034743803813,23.232,23.2606011221004,-0.214147111222029,-0.243311784191377
"14611647","2004-10-12",18.4034183564893,0.0909090909090913,0.0858585858585855,0.288947163947164,23.8173326703243,22.6023339963424,23.2098333333333,0.464471840512228,43.6610646823366,23.202,23.2258543058203,-0.287313281404211,-0.252112083633944
"14611646","2004-10-13",17.6035233051396,0.675324675324675,0.255411255411256,0.209198209198209,23.7911751477697,22.7201581855636,23.2556666666667,0.697009018013469,52.824426291774,23.19,23.2557403983776,-0.186943886339397,-0.239078444175034
"14611645","2004-10-14",16.8607636146006,0.740259740259741,0.502164502164503,0.281144781144782,23.739160932684,22.8671724006493,23.3031666666667,0.725729268335737,53.7250315840173,23.202,23.2883083452606,-0.0891169028370276,-0.209086135907433
"14611644","2004-10-15",16.1710581876715,0.740259740259741,0.718614718614719,0.492063492063493,23.6649895395773,23.0276771270894,23.3463333333333,0.741116701409919,53.7250315840173,23.208,23.3165338992259,-0.0115432038455876,-0.169577549495064
"14611643","2004-10-18",15.5306174340944,0.740259740259741,0.740259740259742,0.653679653679655,23.6758110747046,23.0518555919621,23.3638333333333,0.718231380976367,53.7250315840173,23.198,23.3409960459957,0.049297031604123,-0.125802633275227
"14611642","2004-10-19",14.9359224486301,0.966101694915255,0.81554039181158,0.758138283562014,23.6824453464521,23.0802213202145,23.3813333333333,0.697047380205092,53.7250315840173,23.21,23.3621965731963,0.0963482096023149,-0.0813724646997183
"14611641","2004-10-20",14.3837056764131,0.966101694915255,0.890821043363417,0.81554039181158,23.6867337390867,23.10893292758,23.3978333333333,0.676819873963593,53.7250315840173,23.262,23.3805703634368,0.132071220729135,-0.0386837276139476
"14611640","2004-10-21",14.7169137076777,0.532710280373832,0.821637890068114,0.842666441747704,23.7233106629261,23.1106893370739,23.417,0.907538321196008,53.7250315840173,23.3,23.3964943149786,0.158520763191894,0.000757170547220708
"14611639","2004-10-22",15.0263211652805,0.532710280373832,0.677174085220973,0.796544339550835,23.7329749349333,23.1256917317333,23.4293333333333,0.665765603488153,53.7250315840173,23.34,23.4102950729814,0.177410405840628,0.0360878176059021
"14611638","2004-10-25",15.4420890100135,0.532710280373832,0.532710280373832,0.677174085220974,23.7439931962709,23.1356734703957,23.4398333333333,0.670140792082802,53.7250315840173,23.358,23.4222557299172,0.190167336320557,0.0669037213488331
"14611637","2004-10-26",15.8281591515513,0.532710280373832,0.532710280373832,0.580864881989546,23.7455717520803,23.135761581253,23.4406666666667,0.624628947885361,53.7250315840173,23.374,23.4326216325949,0.197978428911583,0.093118662861383
"14611636","2004-10-27",17.665683906396,0.52991452991453,0.531778363554065,0.53239964143391,23.7755652903921,23.1224347096079,23.449,0.935339182850583,55.3844861039102,23.392,23.4482720815823,0.218834857663897,0.118261901821886
"14611635","2004-10-28",19.3719568930375,0.914529914529913,0.659051574939426,0.574513406289108,23.8793947321918,23.0686052678082,23.474,1.14875041315423,66.8919578169936,23.424,23.521835804038,0.385376568399298,0.171684835137368
"14611634","2004-10-29",20.956353237776,0.909090909090908,0.784511784511784,0.658447241001759,23.9648807668158,23.0331192331842,23.499,1.03769122454252,66.8919578169936,23.456,23.5855910301662,0.510904530895551,0.239528774289005
"14611633","2004-11-01",22.8709144918887,0.733333333333334,0.852318052318052,0.765293803923088,24.0539859968662,22.9986806698005,23.5263333333333,1.0120161146497,66.8919578169936,23.486,23.6408455594774,0.602989034574031,0.31222082634601
"14611632","2004-11-02",24.6487213707077,0.714285714285715,0.785569985569986,0.807466607466608,24.1147483323239,23.0112516676761,23.563,0.896013883865672,66.8919578169936,23.506,23.6887328182138,0.667916181195594,0.383359897315927
"14611631","2004-11-03",26.4110010413191,0.714285714285715,0.720634920634922,0.786174319507653,24.1671224577722,23.0355442088944,23.6013333333333,0.867038986252366,66.8919578169936,23.526,23.7302351091186,0.710900064467279,0.448867930746197
"14611630","2004-11-04",28.0474035926011,0.742857142857143,0.723809523809524,0.743338143338144,24.2192927914046,23.0353738752621,23.6273333333333,0.8316668576815,67.4327323591694,23.5468,23.7688704279028,0.742965573125187,0.507687459221995
"14611629","2004-11-05",29.4211441975004,0.714285714285715,0.723809523809524,0.722751322751324,24.2555134633669,23.0691532032997,23.6623333333333,0.784624053950989,66.2670899990521,23.5668,23.7996877041824,0.752731780494909,0.556696323476578
"14611628","2004-11-08",30.7513843482633,0.742857142857143,0.733333333333334,0.726984126984128,24.2461210564343,23.1785456102323,23.7123333333333,0.788191965974144,66.8835752510776,23.5868,23.8290626769581,0.758362538045732,0.597029566390409
"14611627","2004-11-09",31.8239587220833,0.714285714285715,0.723809523809524,0.726984126984128,24.2397705932685,23.2688960733982,23.7543333333333,0.759903136985258,65.5926277035171,23.6168,23.8518543200303,0.747326268347615,0.62708890678185
"14611626","2004-11-10",33.1162101724438,0.714285714285715,0.723809523809524,0.726984126984128,24.2648017111726,23.3011982888274,23.783,0.766707230423172,65.5926277035171,23.6468,23.8716070773596,0.730082318531422,0.647687589131764
"14611625","2004-11-11",31.662374417996,0.142857142857145,0.523809523809525,0.657142857142858,24.2594935161494,23.329839817184,23.7946666666667,0.434025612546275,45.3081184161072,23.6508,23.8353928003783,0.574547802732983,0.633059631852008
"14611624","2004-11-12",30.1859644667855,0,0.285714285714287,0.511111111111112,24.2622589903241,23.3237410096759,23.793,0.152288672074303,33.9886100565353,23.6508,23.7506737603279,0.311893211928549,0.568826347867316
"14611623","2004-11-15",28.3894876083362,0.699999999999999,0.280952380952382,0.363492063492065,24.2711832475297,23.361483419137,23.8163333333333,0.665255976357548,55.1199686953465,23.6896,23.7705839256175,0.337393805996578,0.522539839493169
"14611622","2004-11-16",26.7213305254904,0.800000000000001,0.5,0.355555555555557,24.2828277440595,23.4031722559405,23.843,0.716372586659293,57.2265095129243,23.7296,23.8011727355352,0.386991866149478,0.49543024482443
"14611621","2004-11-17",25.1723275199907,0.800000000000001,0.766666666666667,0.515873015873017,24.2871826011597,23.4521507321737,23.8696666666667,0.696000503388471,57.2265095129243,23.7516,23.8276830374638,0.421321719878676,0.480608539835279
"14611620","2004-11-18",23.4906509719323,0.900000000000002,0.833333333333335,0.700000000000001,24.311993482813,23.4723398505203,23.8921666666667,0.767372153666524,59.4347205025088,23.7756,23.863991965802,0.476748944874839,0.479836620843191
"14611619","2004-11-19",21.9413795318313,0.949999999999999,0.883333333333334,0.827777777777779,24.3252956792967,23.5227043207033,23.924,0.802353948953475,60.5318732057206,23.8016,23.9021263703617,0.531259719842003,0.490121240642954
"14611618","2004-11-22",21.7584732618752,0.769230769230769,0.873076923076924,0.863247863247865,24.3550337345991,23.5686329320676,23.9618333333333,0.930018211550731,61.6489287981274,23.8296,23.9418428543135,0.584384677095051,0.508973927933373
"14611617","2004-11-23",21.5886317254875,0.961538461538461,0.893589743589743,0.883333333333334,24.4035974038322,23.6144025961678,24.009,1.07146853428334,66.7206745586915,23.8676,24.009597140405,0.702211666557129,0.547621475658124
"14611616","2004-11-24",21.1457166404277,0.923076923076922,0.884615384615384,0.883760683760684,24.4543572145477,23.6319761187857,24.0431666666667,0.95416900014455,64.8728628330749,23.9036,24.0616508550177,0.769441396369475,0.591985459800394
"14611615","2004-11-26",20.734438347158,0.923076923076922,0.935897435897435,0.904700854700855,24.5019957905862,23.6243375427471,24.0631666666667,0.883786438699408,64.872862833075,23.9396,24.1067640743487,0.813014110038712,0.636191189848058
"14611614","2004-11-29",20.0447681811325,0.884615384615386,0.91025641025641,0.91025641025641,24.5356421238802,23.6256912094531,24.0806666666667,0.795986661547469,62.8540325841572,23.9736,24.1391955311022,0.821120042310053,0.673176960340457
"14611613","2004-11-30",19.0976282911881,0.846153846153847,0.884615384615385,0.91025641025641,24.5619962013141,23.6260037986859,24.094,0.755700081177252,60.8158721697898,24.0056,24.1606361269552,0.801471151570432,0.698835798586452
"14611612","2004-12-01",19.94332023526,0.722222222222223,0.817663817663819,0.870845204178538,24.6208437325598,23.6191562674402,24.12,0.899326151048754,62.6422821545228,24.0404,24.1885513100279,0.799939258563054,0.719056490581772
"14611611","2004-12-02",21.1207920708777,0.857142857142857,0.808506308506309,0.836928503595171,24.7335144642246,23.5831522024421,24.1583333333333,1.04330711356226,69.7909582635377,24.0864,24.2567444686908,0.898035443513279,0.754852281168074
"14611610","2004-12-03",21.9034933209996,0.714285714285714,0.764550264550265,0.796906796906798,24.7992464389795,23.5804202276871,24.1898333333333,0.87754904054675,67.677798872495,24.1124,24.309178539532,0.94771954714632,0.793425734363723
"14611609","2004-12-06",22.7913225574221,0.65263157894737,0.741353383458647,0.771469985505074,24.8559920018778,23.5883413314555,24.2221666666667,0.834871435723355,66.3791236843535,24.1372,24.3506214009278,0.965678089161459,0.82787620532327
"14611608","2004-12-07",23.777615059745,0.684210526315788,0.683709273182958,0.729870973730624,24.912368424566,23.5982982421007,24.2553333333333,0.825705586894173,67.0598377662423,24.1632,24.3905385474707,0.978309625607321,0.85796288938008
"14611607","2004-12-08",24.6934580976163,0.764705882352941,0.700515995872034,0.708526217504546,24.9727511790998,23.6122488209002,24.2925,0.836272846013608,69.2917360559809,24.1932,24.4384667411413,1.00945165836062,0.888260643176188
"14611606","2004-12-09",26.2990627702797,0.811764705882353,0.753560371517028,0.712595213524007,25.0527381110384,23.6175952222949,24.3351666666667,0.888927591144147,71.1841138288361,24.2268,24.4920045089891,1.05133033070324,0.920874580681598
"14611605","2004-12-10",27.8168941136156,0.876543209876542,0.817671266037279,0.757249211142114,25.1040454103091,23.6872879230242,24.3956666666667,0.886563453224614,72.5984972853668,24.2624,24.5477372411239,1.094514455384,0.955602555622078
"14611604","2004-12-13",28.7620104640752,0.774647887323944,0.82098526769428,0.797405635082863,25.0643659593251,23.8689673740082,24.4666666666667,0.851347245311186,69.4517887555747,24.2964,24.5880389423074,1.09603322403586,0.983688689304835
"14611603","2004-12-14",30.1896103441669,0.658823529411765,0.770004875537417,0.802887136422992,25.103928050601,23.9284052827323,24.5161666666667,0.874726897717721,69.6876097694805,24.33,24.6243004166664,1.08773553838319,1.00449805912051
"14611602","2004-12-15",31.515238804252,0.764705882352941,0.732725766362884,0.77457196986486,25.137913134559,23.9877535321076,24.5628333333333,0.851110691483713,71.7977335023584,24.368,24.6677270277776,1.09772371551318,1.02314319039904
"14611601","2004-12-16",31.9616384289069,0.647058823529414,0.690196078431374,0.730975573443892,25.1424679278649,24.0685320721351,24.6055,0.761809553304824,66.2770472723647,24.402,24.6920300907406,1.06050890168945,1.03061633265712
"14611600","2004-12-17",32.7633947838677,0.705882352941176,0.705882352941178,0.709601399245145,25.1561594285511,24.1391739047822,24.6476666666667,0.807116793733538,67.617784226639,24.454,24.7197594119751,1.03528634911758,1.03155033594921
"14611599","2004-12-20",33.5078828277599,0.679487179487179,0.67747611865259,0.691184850008381,25.1530009483158,24.2156657183509,24.6843333333333,0.730084882944974,67.617784226639,24.522,24.7437914903785,1.00359989575858,1.02596024791109
"14611598","2004-12-21",34.3631204971462,0.433962264150946,0.6064439321931,0.663267467928956,25.1546624795167,24.2723375204833,24.7135,0.692483882037505,64.6374067210542,24.56,24.7579526249947,0.951140128653494,1.01099622405957
"14611597","2004-12-22",34.3255287592139,0.245283018867924,0.45291082083535,0.57894362389368,25.1536728007911,24.3023271992089,24.728,0.525841444366556,59.0331151491237,24.59,24.7568922749954,0.866961491816398,0.982189277610935
"14611596","2004-12-23",33.5319872567462,0.0566037735849014,0.245283018867924,0.434879257298792,25.142916450956,24.338083549044,24.7405,0.408262531069568,53.9917422413293,24.616,24.7426399716627,0.758917753721189,0.937534972832986
"14611595","2004-12-27",32.7951272901691,0,0.100628930817609,0.266274256840295,25.1268502373946,24.3791497626054,24.753,0.362244303069296,53.9917422413293,24.638,24.730287975441,0.665634368512436,0.883154851968876
"14611594","2004-12-28",32.9635092006291,0.0200000000000031,0.0255345911949685,0.123815513626834,25.0973420333195,24.4459913000139,24.7716666666667,0.425795226961606,54.4429515675356,24.6584,24.7209162453822,0.588201809593092,0.824164243493719
"14611593","2004-12-29",33.1198638317705,0.400000000000006,0.140000000000003,0.0887211740041938,25.054783889896,24.540216110104,24.7975,0.602027375326966,62.0569502822039,24.6844,24.7381274126646,0.582136597956562,0.775758714386288
"14611592","2004-12-30",33.2650502749732,0.400000000000006,0.273333333333338,0.146289308176104,25.0381785003072,24.5898214996928,24.814,0.580293159135824,62.0569502822039,24.7004,24.7530437576426,0.570697388345409,0.734746449178112
"14611591","2004-12-31",31.2224525178873,0,0.266666666666671,0.226666666666671,25.0475080126882,24.5621586539785,24.8048333333333,0.077967231938136,47.5149405537751,24.7064,24.7259712566236,0.458486535324654,0.67949446640742
"14611590","2005-01-03",29.3257546005934,0.0166666666666634,0.13888888888889,0.2262962962963,25.0554720023893,24.5465279976107,24.801,0.0526685361668623,47.9527600876486,24.7128,24.7038417557405,0.368552058900073,0.617305984905951
"14611589","2005-01-04",27.8490058315413,0.188679245283016,0.06844863731656,0.158001397624041,25.0552381789095,24.5470951544239,24.8011666666667,0.202511577680874,51.8460649842557,24.7248,24.6966628549751,0.322958588312283,0.558436505587217
"14611588","2005-01-05",26.4777391174215,0.188679245283016,0.131341719077565,0.112893081761005,25.0570549563793,24.5419450436207,24.7995,0.209770679427677,51.8460649842557,24.7388,24.6904411409784,0.283559478095974,0.503461100088969
"14611587","2005-01-06",24.8457804766609,0.0943396226415112,0.157232704402514,0.119007686932214,25.063255517097,24.520744482903,24.792,0.146090147668118,49.4621510435842,24.748,24.6783823221813,0.233298103683555,0.449428500807886
"14611586","2005-01-07",23.4818380707022,0,0.0943396226415093,0.127638015373863,25.0631566280678,24.4848433719322,24.774,0.083847224469948,45.0050666100038,24.74,24.6545980125571,0.158901403982448,0.391323081442798
"14611585","2005-01-10",22.8133104887454,0,0.031446540880504,0.0943396226415096,25.0623256770176,24.4346743229824,24.7485,-0.00213651996518126,41.0239907691277,24.73,24.6206516108828,0.066364817284148,0.326331428611068
"14611584","2005-01-11",22.9170111912618,0,2.91433543964104e-16,0.0419287211740049,25.0829534295165,24.3547132371502,24.7188333333333,-0.0842852460770989,36.1965305209582,24.7156,24.5725647294318,-0.052431977143097,0.250578747460235
"14611583","2005-01-12",22.0117357099541,0,2.91433543964104e-16,0.0104821802935019,25.0703227258046,24.3056772741954,24.688,0.044887111709573,36.1965305209582,24.7,24.5308894321742,-0.145096863335925,0.171443625301003
"14611582","2005-01-13",21.1711227630255,0.322033898305081,0.107344632768361,0.0357815442561208,25.0353944791351,24.2889388541982,24.6621666666667,0.215767877448042,46.1671686562477,24.688,24.520104174551,-0.154304836358299,0.106293932969143
"14611581","2005-01-14",20.3905535980204,0.322033898305081,0.214689265536721,0.107344632768361,25.0095420969226,24.2711245697441,24.6403333333333,0.242241582400404,46.1671686562477,24.6724,24.5107569512775,-0.159770618709376,0.053081022633439
"14611580","2005-01-18",20.7402029333938,0,0.214689265536721,0.178907721280601,24.9784883398564,24.2328449934769,24.6056666666667,0.0453590491405277,38.770647911859,24.646,24.4759893577738,-0.227426110676388,-0.00302040402852632
"14611579","2005-01-19",21.0648773162406,0.0833333333333343,0.135122410546139,0.188166980539861,24.9454720208735,24.2058613124599,24.5756666666667,0.127281401511921,41.3025011446516,24.624,24.4525241100707,-0.261629429569998,-0.0547422091368207
"14611578","2005-01-20",20.8732968274042,0.244444444444444,0.10925925925926,0.15302364511404,24.9021866724004,24.1968133275996,24.5495,0.231347943047788,44.2800279648261,24.604,24.4401875620612,-0.265901849913197,-0.096974137292096
"14611577","2005-01-21",20.7524884827463,0.250000000000004,0.192592592592594,0.145658087465998,24.8797968582344,24.1792031417656,24.5295,0.243788738350743,43.8805055577424,24.58,24.4281625537864,-0.269503331965282,-0.131479976226733
"14611576","2005-01-24",19.9779842933464,0.275,0.256481481481483,0.186111111111113,24.8652120424757,24.165454624191,24.5153333333333,0.311363200230754,44.4205533033307,24.5604,24.4190742132816,-0.266002182289393,-0.158384417439265
"14611575","2005-01-25",18.7225585818648,0.275,0.266666666666668,0.238580246913582,24.850380817684,24.1559525156494,24.5031666666667,0.361036769789945,44.4205533033307,24.5388,24.4111976515107,-0.260238238751109,-0.178755181701634
"14611574","2005-01-26",17.5568061354889,0.714285714285711,0.42142857142857,0.314858906525574,24.8242141210458,24.1597858789542,24.492,0.512040427382805,51.9312262828965,24.5228,24.4230379646426,-0.207004117636278,-0.184404968888563
"14611573","2005-01-27",16.4743217209971,0.714285714285711,0.567857142857141,0.418650793650793,24.7635003844673,24.1854996155328,24.4745,0.544117588367561,51.9312262828964,24.5088,24.4332995693569,-0.16294393538997,-0.180112762188844
"14611572","2005-01-28",15.469157621826,1,0.809523809523808,0.599603174603173,24.6898652447709,24.2241347552291,24.457,0.592328075927107,51.9312262828965,24.4988,24.4421929601093,-0.126572032265726,-0.169404616204221
"14611571","2005-01-31",14.5357909583101,1,0.904761904761904,0.760714285714284,24.6765133007691,24.2274866992309,24.452,0.6068978983329,51.9312262828964,24.4928,24.4499005654281,-0.0966371133741539,-0.154851115638207
"14611570","2005-02-01",16.3189354978988,0.337837837837839,0.77927927927928,0.831188331188331,24.6938040712298,24.2191959287702,24.4565,0.935798113916601,51.9312262828964,24.4868,24.4565804900377,-0.0720856981783147,-0.138298032146229
"14611569","2005-02-02",16.8604559402291,0.148648648648648,0.495495495495496,0.726512226512227,24.6693918790319,24.2276081209682,24.4485,0.593937360173408,43.4300605068031,24.4748,24.443703091366,-0.0977040921219197,-0.130179244141367
"14611568","2005-02-03",17.9100081920417,0.608108108108108,0.364864864864865,0.546546546546547,24.6988636808966,24.2091363191034,24.454,1.12483745829426,60.3890707574922,24.4688,24.4778760125172,-0.00577247451003515,-0.105297890215101
"14611567","2005-02-04",18.8845924258677,0.608108108108108,0.454954954954955,0.438438438438439,24.7191888203252,24.1988111796748,24.459,0.963125202110468,60.3890707574922,24.4628,24.5074925441816,0.0662211348343211,-0.0709940852052163
"14611566","2005-02-07",19.7895635001346,0.579710144927536,0.598642120381251,0.472820646733691,24.7464955721042,24.1881710945625,24.4673333333333,0.916723027604095,60.3890707574922,24.4688,24.5331602049574,0.121794285108212,-0.0324364111425306
"14611565","2005-02-08",21.4217152737976,0.468749999999998,0.552189417678548,0.535262164338251,24.7839150893392,24.1807515773275,24.4823333333333,0.9161392309075,57.2374070056546,24.4724,24.5487388442964,0.147645499399851,0.00357997096594574
"14611564","2005-02-09",22.9372847779133,0.546874999999999,0.531778381642511,0.560869973234104,24.8150876243317,24.1952457090017,24.5051666666667,0.894993186614316,59.5129366144936,24.4744,24.5689069983902,0.182423496338502,0.039348676040457
"14611563","2005-02-10",24.3445993174492,0.619047619047621,0.544890873015873,0.542952890778977,24.843318467648,24.2080148656854,24.5256666666667,0.853112012336,61.7073505788103,24.4784,24.5930527319382,0.223765705372148,0.0762320819067951
"14611562","2005-02-11",25.6513913898755,0.619047619047621,0.594990079365081,0.557219778007822,24.8707010083141,24.2106323250192,24.5406666666667,0.817138713941679,61.7073505788103,24.4844,24.6139790343464,0.253547012019228,0.111695067929282
"14611561","2005-02-14",26.8648411714141,0.619047619047621,0.619047619047621,0.586309523809525,24.8949934511483,24.216339882185,24.5556666666667,0.786351302373873,61.7073505788103,24.4944,24.6321151631002,0.273943732933324,0.14414480093009
"14611560","2005-02-15",27.9916159685572,0.619047619047621,0.619047619047621,0.611028439153441,24.9017889893552,24.2578776773115,24.5798333333333,0.764270348235666,61.7073505788103,24.5084,24.6478331413535,0.286765241263853,0.172668888996843
"14611559","2005-02-16",29.0379068516186,0.619047619047621,0.619047619047621,0.619047619047621,24.9052531980574,24.2994134686093,24.6023333333333,0.74373882974161,61.7073505788103,24.528,24.6614553891731,0.293513373417364,0.196837785880947
"14611558","2005-02-17",27.8302573180126,0.301587301587304,0.513227513227516,0.58377425044092,24.8960561249064,24.332277208427,24.6141666666667,0.468959463561916,46.960005877862,24.5396,24.6465946706167,0.230755908830083,0.203621410470774
"14611557","2005-02-18",25.9566442828276,0.158730158730161,0.359788359788362,0.4973544973545,24.8845012062066,24.3548321271267,24.6196666666667,0.198553921735371,42.0857411957663,24.54,24.6217153812011,0.149798441731974,0.192856816723014
"14611556","2005-02-22",24.5192208814914,0.259259259259261,0.239858906525576,0.370958259847151,24.8738838874717,24.3771161125283,24.6255,0.24736686570641,44.826757622052,24.542,24.6054866637076,0.0975894797335064,0.173803349325113
"14611555","2005-02-23",23.1358804058315,0,0.139329805996474,0.246325690770138,24.8743081200979,24.3763585465688,24.6253333333333,0.0541717238019727,39.7603407079765,24.548,24.5780884418799,0.0231041466566495,0.14366350879142
"14611554","2005-02-24",21.8018387004659,0.0200000000000031,0.0930864197530882,0.157425044091713,24.8786152961096,24.3660513705571,24.6223333333333,0.144272013219029,40.4847376918636,24.5524,24.5556766496293,-0.0323276650341264,0.108465274026311
"14611553","2005-02-25",20.5630856883407,0.120000000000005,0.0466666666666695,0.0930276308054109,24.8809897696202,24.3596768970465,24.6203333333333,0.192443172289682,44.1040742345435,24.5564,24.542919763012,-0.0591733041501397,0.0749375583910207
"14611552","2005-02-28",19.2682915703447,0,0.0466666666666695,0.062139917695476,24.8882088394444,24.3427911605556,24.6155,0.111001485872383,40.8904956819914,24.5584,24.5238637946104,-0.0990651354465188,0.0401370196235128
"14611551","2005-03-01",18.0659827464914,0,0.0400000000000018,0.0444444444444472,24.8949118687944,24.3260881312056,24.6105,0.129938087864759,40.8904956819914,24.56,24.5073486219957,-0.12922380051974,0.00626485559486225
"14611550","2005-03-02",16.9495531243418,0,2.96059473233375e-16,0.0288888888888908,24.8948235759371,24.2998430907296,24.5973333333333,0.168336461044579,40.8904956819914,24.5616,24.4930354723963,-0.151406107659036,-0.0252693370559173
"14611549","2005-03-03",15.9128684752029,0,2.96059473233375e-16,0.0133333333333344,24.8992700224625,24.2863966442042,24.5928333333333,0.185361870536233,40.8904956819914,24.5576,24.4806307427435,-0.167080842135725,-0.0536316380718789
"14611548","2005-03-04",14.950232729574,0,2.96059473233375e-16,5.20417042793042e-16,24.8821693781515,24.2674972885152,24.5748333333333,0.215566500771484,40.8904956819914,24.5536,24.4698799770443,-0.177474080269269,-0.0784001265113568
"14611547","2005-03-07",15.7929000443506,0,2.96059473233375e-16,5.20417042793042e-16,24.8681826936417,24.2598173063583,24.564,0.367404246933097,40.8904956819914,24.5496,24.4605626467717,-0.183607524043106,-0.0994416060177066
"14611546","2005-03-08",16.5753768366432,0.0285714285714329,0.00952380952381127,0.00317460317460418,24.8530382610053,24.2489617389947,24.551,0.316248445427817,41.9894361002861,24.546,24.4538209605355,-0.183067767114764,-0.116166838237118
"14611545","2005-03-09",17.3019624294863,0.172413793103449,0.0669950738916276,0.0255062944718133,24.8297760656966,24.2438906009701,24.5368333333333,0.351791282492598,46.2908366955017,24.544,24.4533114991308,-0.167511208131632,-0.126435712216021
"14611544","2005-03-10",19.3088923293548,0,0.0669950738916276,0.0478379857690224,24.8009615092975,24.2373718240358,24.5191666666667,0.28264328960682,33.0823330373423,24.5396,24.4262032992467,-0.218711177379249,-0.144890805248667
"14611543","2005-03-11",21.2595972650598,1,0.39080459770115,0.174931581828135,24.7928820996769,24.2414512336565,24.5171666666667,0.849696299601396,60.7925418007743,24.54,24.4640428593471,-0.10619120677583,-0.137150885554099
"14611542","2005-03-14",23.7183171184702,0.793650793650795,0.597883597883599,0.351894423158792,24.8029026468275,24.2357640198392,24.5193333333333,0.983127029197439,62.2561734022748,24.542,24.5021704781008,-0.00391519303752919,-0.110503747050785
"14611541","2005-03-15",26.0680729329926,0.846153846153849,0.879934879934882,0.622874358506544,24.8225315851025,24.2244684148975,24.5235,1.01806121622097,64.0621411286845,24.546,24.5418810810207,0.0923878876990747,-0.0699254201008132
"14611540","2005-03-16",27.3196455086622,0.723076923076923,0.787627187627189,0.755148555148557,24.8281005422432,24.2215661244234,24.5248333333333,0.91520040072672,59.1827683533954,24.5488,24.565630270218,0.140682911109891,-0.0278037538586725
"14611539","2005-03-17",28.4818200432127,0.769230769230771,0.779487179487181,0.815683082349751,24.8350195833871,24.2179804166129,24.5265,0.916235057939744,60.4008172507243,24.5508,24.5902129008556,0.18659383046471,0.015075763006004
"14611538","2005-03-18",29.2029642521499,0.723076923076923,0.738461538461539,0.768525301858637,24.8513138069331,24.2140195264002,24.5326666666667,0.793951066337311,58.5201528158814,24.5496,24.6075178474082,0.210658042435918,0.0541922188919868
"14611537","2005-03-21",29.5139800898977,0.67692307692308,0.723076923076925,0.747008547008548,24.8694804594773,24.2198528738561,24.5446666666667,0.739111356677987,56.6215465591953,24.5472,24.6185154677537,0.21736327988533,0.0868264310906554
"14611536","2005-03-22",29.8027805106635,0.67692307692308,0.692307692307695,0.71794871794872,24.8842701857835,24.2240631475498,24.5541666666667,0.705743540233574,56.6215465591953,24.5448,24.6280467387199,0.220125490300194,0.113486242932563
"14611535","2005-03-23",28.0658596073865,0.384615384615385,0.579487179487182,0.664957264957267,24.885106731659,24.2395599350077,24.5623333333333,0.50671265562125,45.7250809568644,24.5348,24.6109738402239,0.158233258666618,0.122435646079374
"14611534","2005-03-24",26.4530044829151,0.507692307692306,0.523076923076924,0.598290598290601,24.8872263971142,24.2514402695525,24.5693333333333,0.516777130239626,50.0811021331139,24.528,24.6068439948607,0.133857187611319,0.124719954385763
"14611533","2005-03-28",24.676100940355,0.461538461538464,0.451282051282052,0.51794871794872,24.888312101193,24.2603545654737,24.5743333333333,0.47717467739768,48.5088305894034,24.528,24.599264795546,0.103506856224733,0.120477334753557
"14611532","2005-03-29",23.0261190794064,0.507692307692306,0.492307692307692,0.48888888888889,24.8871876820222,24.2791456513112,24.5831666666667,0.494792026691016,50.1927860826631,24.5328,24.5966961561398,0.0882755256193191,0.11403697292671
"14611531","2005-03-30",22.4080161243998,0.307692307692307,0.425641025641026,0.456410256410257,24.8838025021385,24.2891974978616,24.5865,0.298465649512846,43.5467806952693,24.5308,24.5771366686545,0.0331557992750531,0.0978607381963782
"14611530","2005-03-31",21.8340633804651,0.111111111111113,0.308831908831909,0.408926875593543,24.8792998919002,24.3037001080998,24.5915,0.341035381570365,46.4819361947915,24.5348,24.5668517795006,0.00580208806026938,0.0794490081691565
"14611529","2005-04-01",21.3011072610971,0.111111111111113,0.176638176638178,0.303703703703704,24.8741126398019,24.3188873601981,24.5965,0.326196674494213,46.4819361947915,24.5384,24.5579382089005,-0.0157033772556936,0.0604185310841865
"14611528","2005-04-04",20.8062194359697,0.111111111111113,0.111111111111113,0.1988603988604,24.8681622916308,24.3348377083692,24.6015,0.309684377608663,46.4819361947915,24.54,24.5502131143804,-0.0323800416759501,0.0418588165321592
"14611527","2005-04-05",20.3466807412085,0.113636363636365,0.111952861952864,0.133234049900718,24.8676138976003,24.3370527690664,24.6023333333334,0.307122444842231,46.4819361947915,24.544,24.5435180324631,-0.045082019686038,0.0244706492885197
"14611526","2005-04-06",21.7286531481098,0,0.0749158249158261,0.0993265993266013,24.8827369251982,24.3085964081352,24.5956666666667,-0.00336109612748006,34.8002661019482,24.5384,24.5057156281346,-0.132615705689942,-0.00694662170717269
"14611525","2005-04-07",23.0119132402324,0,0.0378787878787885,0.0749158249158264,24.9029299852501,24.2694033480832,24.5861666666667,-0.0148428614229873,34.8002661019482,24.5328,24.4729535443834,-0.199816206540704,-0.0455205386738789
"14611524","2005-04-08",24.8340527082335,0,2.08166817117217e-16,0.0375982042648719,24.9298495921675,24.2208170744992,24.5753333333334,-0.057567281446289,30.373781460169,24.5224,24.4285597384656,-0.289485203446693,-0.0943134716284418
"14611523","2005-04-11",26.6201736699018,0,2.08166817117217e-16,0.0126262626262632,24.941669307131,24.1526640262024,24.5471666666667,-0.00760116526549515,29.6958197777863,24.5112,24.3874184400035,-0.363179221796084,-0.14808662166197
"14611522","2005-04-12",28.3748443811531,0,2.08166817117217e-16,4.69531820831056e-16,24.9352259422158,24.0897740577842,24.5125,0.0120952385393764,28.9987594163096,24.4992,24.3490959813364,-0.423508694732022,-0.203171036275981
"14611521","2005-04-13",28.6409846675239,0,2.08166817117217e-16,4.69531820831056e-16,24.9105471792868,24.0391194873799,24.4748333333334,0.0469121110102032,26.3357904741322,24.4836,24.3052165171582,-0.492377097939856,-0.261012248608756
"14611520","2005-04-14",29.0164889763423,0,2.08166817117217e-16,4.69531820831056e-16,24.8945419374753,23.9777913958581,24.4361666666667,0.0278613824762176,25.7003849261997,24.4656,24.2645209815371,-0.547512336589295,-0.318312266204864
"14611519","2005-04-15",29.3651715488165,0,2.08166817117217e-16,4.69531820831056e-16,24.8638137863336,23.9301862136664,24.397,0.0747769114553152,25.7003849261997,24.4556,24.2292515173321,-0.584658367815949,-0.371581486527081
"14611518","2005-04-18",30.5725762513012,0,2.08166817117217e-16,4.69531820831056e-16,24.8456193532849,23.8663806467151,24.356,0.0343321327673342,21.2423977849366,24.4212,24.1786846483545,-0.656757583677281,-0.428616705957121
"14611517","2005-04-19",32.0662367973006,0,2.08166817117217e-16,4.69531820831056e-16,24.8309011707888,23.7907654958779,24.3108333333334,0.00567346254058108,19.3177988773047,24.382,24.1241933619073,-0.732526522562482,-0.489398669278193
"14611516","2005-04-20",33.7811480812419,0,2.08166817117217e-16,4.69531820831056e-16,24.8134792543934,23.7101874122733,24.2618333333334,-0.000169866454298337,17.6004981960885,24.3376,24.066300913653,-0.810424728302295,-0.553603881083013
"14611515","2005-04-21",35.3735657020445,0.0123456790123432,0.00411522633744796,0.00137174211248305,24.802750612133,23.634249387867,24.2185,0.0562691854895333,18.5749080252657,24.2968,24.0174607918326,-0.859291097182835,-0.614741324302978
"14611514","2005-04-22",37.7670277080948,0,0.00411522633744796,0.00274348422496563,24.8105073459706,23.5134926540295,24.162,-0.0489529181311307,13.4400889032567,24.2428,23.9351326862549,-0.988096573749786,-0.689412374192339
"14611513","2005-04-25",40.64547025174,0,0.00411522633744796,0.00411522633744822,24.8496777288571,23.3329889378096,24.0913333333334,-0.122848057058761,9.62111114182416,24.174,23.8104483280876,-1.21258267186203,-0.794046433726277
"14611512","2005-04-26",42.4695094279315,0.357142857142856,0.119047619047619,0.0424260239075052,24.8047476824209,23.2675856509125,24.0361666666667,0.136017551480253,32.7666360728393,24.1244,23.7623885510092,-1.22488649442543,-0.880214445866107
"14611511","2005-04-27",44.163260091538,0.396825396825396,0.251322751322751,0.12482853223594,24.763591815222,23.2120748514447,23.9878333333334,0.185576539140332,34.7656621951074,24.0768,23.7274034108747,-1.20406302560142,-0.94498416181317
"14611510","2005-04-28",44.6256631834535,0.516666666666668,0.423544973544974,0.264638447971781,24.6979252080778,23.1897414585889,23.9438333333334,0.285282573530505,39.4210045105803,24.0416,23.7130829560914,-1.13379549640008,-0.982746428730552
"14611509","2005-04-29",45.0550374830894,0.516666666666668,0.476719576719578,0.383862433862434,24.6209573787575,23.1787092879092,23.8998333333334,0.305974204362603,39.4210045105803,24.0032,23.7006718952792,-1.06586791212298,-0.999370725409037
"14611508","2005-05-02",46.4241072992768,0.166666666666666,0.400000000000001,0.433421516754851,24.5525765940357,23.1254234059644,23.839,0.110646795795186,30.5665913233987,23.9492,23.6339156425753,-1.14226278529175,-1.02794913738558
"14611507","2005-05-03",45.9363335327312,0.386138613861386,0.356490649064907,0.411070075261495,24.4486444440703,23.128688889263,23.7886666666667,0.276255092637211,37.415023869557,23.9016,23.6013935568986,-1.12537035230365,-1.04743338036919
"14611506","2005-05-04",45.4834007495104,0.699999999999999,0.417601760176017,0.391364136413642,24.3746106879212,23.1420559787455,23.7583333333334,0.452672824257533,46.6593231024317,23.8716,23.6145410826455,-0.994595972748247,-1.036865898845
"14611505","2005-05-05",44.1778820262723,0.800000000000001,0.628712871287129,0.467601760176018,24.3087772497034,23.1632227502966,23.736,0.567507336729378,49.2627980709982,23.8436,23.6392689382927,-0.847006493311475,-0.998894017738297
"14611504","2005-05-06",43.7236644897802,0.647058823529411,0.715686274509804,0.587333635324317,24.2445702538067,23.1694297461933,23.707,0.40047812426159,43.5411694500326,23.8056,23.627366413187,-0.806088232015323,-0.960332860593703
"14611503","2005-05-09",42.352270350864,0.942528735632183,0.796529186387199,0.713642777394711,24.1942147412909,23.1887852587092,23.6915,0.644382743078004,50.2602878781065,23.7784,23.6530508914288,-0.673728730851142,-0.903012034645191
"14611502","2005-05-10",41.4471594927212,0.804597701149424,0.798061753437007,0.770092404778004,24.1381498806505,23.2048501193495,23.6715,0.530536812695897,47.5516663650448,23.7464,23.6593107725716,-0.602807395789517,-0.842971106874056
"14611501","2005-05-11",41.387057944056,0.459770114942527,0.735632183908045,0.776741041244084,24.0755944427052,23.2060722239615,23.6408333333334,0.299698428732113,41.5264475452178,23.712,23.6247360028954,-0.641587703816593,-0.802694426262563
"14611500","2005-05-12",41.3312493631526,0.689655172413794,0.651340996168582,0.728344977837878,24.0224659532099,23.2188673801234,23.6206666666667,0.47428235021957,46.4022599267131,23.6856,23.621437869176,-0.597239993363397,-0.76160353968273
"14611499","2005-05-13",41.7545910624633,0.28358208955224,0.477669125636187,0.621547435237605,23.9618769135718,23.2224564197615,23.5921666666667,0.280684105966507,42.404022794636,23.6556,23.5905794866192,-0.62667592951211,-0.734618017648606
"14611498","2005-05-16",42.1476940689661,0.298507462686565,0.423914908217533,0.517641676674101,23.917336625401,23.2169967079324,23.5671666666667,0.261306384946739,42.6574026970411,23.6268,23.5651688884033,-0.639353100268336,-0.715565034172552
"14611497","2005-05-17",41.8999973636542,0.447761194029851,0.343283582089552,0.414955871981091,23.8871573335351,23.2175093331316,23.5523333333334,0.421849489131869,45.2512186296201,23.6028,23.5564797032829,-0.608220842802054,-0.694096195898453
"14611496","2005-05-18",41.0852599397124,0.447761194029851,0.398009950248756,0.388402813518614,23.8704486877852,23.2165513122149,23.5435,0.484452198393016,45.2512186296201,23.582,23.5489490761785,-0.576918844986563,-0.670660725716075
"14611495","2005-05-19",40.734463627701,0.238805970149253,0.378109452736319,0.373134328358209,23.8537046283674,23.2009620382993,23.5273333333334,0.269179047055952,42.1551549423466,23.5564,23.5237558660214,-0.593303694815561,-0.655189319535972
"14611494","2005-05-20",40.408724195119,0,0.228855721393035,0.334991708126037,23.8557615871993,23.1899050794674,23.5228333333334,0.25545281687187,42.1551549423466,23.5308,23.5019217505518,-0.599479708695627,-0.644047397367903
"14611493","2005-05-23",40.0408432412872,0.0196078431372579,0.0861379377621708,0.231034370630508,23.8284720322506,23.2395279677495,23.534,0.221535524534154,42.4811650149071,23.5116,23.4843321838116,-0.594168554834451,-0.634071628861213
"14611492","2005-05-24",39.8608356614388,0,0.00653594771241969,0.107176535622542,23.833020333384,23.220979666616,23.527,0.189018485751174,41.2299446739321,23.4936,23.46242122597,-0.600295449792887,-0.627316393047547
"14611491","2005-05-25",39.6936857658653,0.0181818181818145,0.0125965537730245,0.035090146415872,23.8362663362354,23.2007336637647,23.5185,0.203398411812238,41.6004221119472,23.4792,23.4447650625074,-0.594930793010895,-0.620839273040217
"14611490","2005-05-26",39.011068161103,0.145454545454542,0.0545454545454526,0.0245593186769659,23.8256814646463,23.1893185353538,23.5075,0.331071240872656,44.249747068716,23.4672,23.4387963875064,-0.560168996952337,-0.608705217822641
"14611489","2005-05-27",38.3772089566809,0.21052631578947,0.124720893141943,0.0639543004868069,23.813573247759,23.179426752241,23.4965,0.34782696004462,44.249747068716,23.4672,23.4336235358389,-0.526561529626868,-0.592276480183486
"14611488","2005-05-31",36.3846263609956,0.57142857142857,0.309136477557528,0.162800941748308,23.8099917125934,23.2066749540733,23.5083333333334,0.519337547816934,47.4118412535938,23.4864,23.4398070643937,-0.467002685861551,-0.567221721319099
"14611487","2005-06-01",35.1168185644582,0.111111111111109,0.297688666109717,0.243848678936396,23.8193149356929,23.2093517309738,23.5143333333334,0.662304872218603,44.6825457985055,23.4844,23.4344994558079,-0.442240725963994,-0.542225522248078
"14611486","2005-06-02",33.4260921606355,0,0.227513227513227,0.278112790393491,23.7999490496064,23.189384283727,23.4946666666667,0.192088357359997,41.4690171971386,23.4764,23.4165661950335,-0.451870690968625,-0.524154555992188
"14611485","2005-06-03",31.3755984079719,0,0.0370370370370367,0.18741297688666,23.7689712009603,23.1516954657064,23.4603333333334,-0.0405471940824115,34.5180059523331,23.4532,23.366357369029,-0.54303955797288,-0.527931556388326
"14611484","2005-06-06",29.631290926809,0,4.16333634234434e-16,0.0881834215167549,23.774685771022,23.0956475623114,23.4351666666667,0.00150080561328633,33.5852998775573,23.4284,23.3175097198252,-0.622280443011269,-0.546801333712915
"14611483","2005-06-07",28.5869402692654,0,4.16333634234434e-16,0.0123456790123462,23.7510177691726,23.0256488974942,23.3883333333334,-0.173220691430308,30.2809601021685,23.4144,23.2551750905151,-0.729039906308793,-0.58324904823209
"14611482","2005-06-08",27.6171860872607,0.0420168067226868,0.014005602240896,0.00466853408029926,23.7388199129118,22.9585134204216,23.3486666666667,-0.0664440886420402,32.6593137606741,23.3948,23.2078184117798,-0.787655599774151,-0.624130358540502
"14611481","2005-06-09",26.5549842511194,0.0504201680672259,0.0308123249299713,0.0149393090569562,23.748892481606,22.894107518394,23.3215,0.0341908388625383,33.1504906669767,23.3632,23.1681092902091,-0.821461234114407,-0.663596533655283
"14611480","2005-06-10",26.018169133154,0,0.0308123249299713,0.0252100840336132,23.737860477827,22.830139522173,23.284,0.0218794968908087,30.5139403553976,23.3232,23.1190280515146,-0.87678749359843,-0.706234725643913
"14611479","2005-06-13",25.5196979521861,0.120967741935483,0.0571293033342367,0.0395846510647268,23.7308856903043,22.7891143096958,23.26,0.170833063752996,37.7809050313445,23.2992,23.0964909779793,-0.858604718549416,-0.736708724225013
"14611478","2005-06-14",25.1858156597591,0.096774193548388,0.0725806451612907,0.0535074244751665,23.7244970146617,22.7475029853384,23.236,0.176558924091986,36.9486271556788,23.2632,23.0729588475821,-0.845045235036213,-0.758376026387253
"14611477","2005-06-15",24.0620232319839,0.080645161290321,0.0994623655913977,0.0763907713623087,23.6963773753038,22.7206226246962,23.2085,0.235076872708989,36.3733557502259,23.2312,23.0498976679045,-0.831816981274736,-0.77306421736475
"14611476","2005-06-16",23.3079999087015,0.0322580645161284,0.0698924731182795,0.080645161290323,23.6627016813286,22.6852983186715,23.174,0.161688634088818,34.6313490214391,23.2088,23.0219113121839,-0.83287010928268,-0.785025395748336
"14611475","2005-06-17",22.6078353942249,0.0322580645161284,0.048387096774193,0.0725806451612904,23.6472123312481,22.6471210020853,23.1471666666667,0.192861384045973,34.6313490214391,23.1784,22.9976564705594,-0.824336610599785,-0.792887638718626
"14611474","2005-06-20",21.9576826307824,0.0322580645161284,0.0322580645161288,0.0501792114695341,23.6282685630675,22.6140647702658,23.1211666666667,0.222771036095241,34.6313490214391,23.1564,22.9766356078181,-0.808362538786245,-0.795982618732149
"14611473","2005-06-21",20.5890487862816,0.384615384615384,0.149710504549214,0.0767852219465122,23.5990551044659,22.6069448955341,23.103,0.402900572470594,43.6239242986683,23.1404,22.979750860109,-0.731124417287632,-0.783010978443246
"14611472","2005-06-22",19.7570042257436,0.100000000000001,0.172291149710505,0.118086572925283,23.5735772544181,22.5854227455819,23.0795,0.284615329454885,38.3039010935746,23.1144,22.9624507454278,-0.714376273459094,-0.769284037446416
"14611471","2005-06-23",18.9864287033105,0.510204081632655,0.331606488749347,0.217869381003022,23.5475593962596,22.5864406037405,23.067,0.513525903458722,47.4976197345911,23.0964,22.9741239793708,-0.62366672415578,-0.740160574788289
"14611470","2005-06-24",17.9903153462134,0.147058823529414,0.252420968387357,0.252106202282403,23.5021049262787,22.5838950737214,23.043,0.366043693979696,40.9293232011075,23.076,22.9575741154547,-0.614949969581158,-0.715118453746862
"14611469","2005-06-27",17.0653529431947,0.294117647058817,0.317126850740296,0.300384769292334,23.450280206273,22.5860531270604,23.0181666666667,0.367125971755041,43.0496461974259,23.0576,22.9498975667274,-0.583781080321621,-0.688850979061814
"14611468","2005-06-28",16.4028744838211,0.17647058823529,0.205882352941174,0.258476724022943,23.3551141659436,22.6165525007231,22.9858333333334,0.347676903232669,41.7582859561086,23.0372,22.9379112244971,-0.56663802212078,-0.664408387673607
"14611467","2005-06-29",15.2316175594856,0.294117647058817,0.254901960784309,0.259303721488593,23.1832298184694,22.7204368481973,22.9518333333334,0.460025321929268,43.5808754028079,23.0204,22.9328563945641,-0.532863972285758,-0.638099504596037
"14611466","2005-06-30",14.1440218440312,0.533333333333333,0.334640522875814,0.265141612200433,23.1034926811437,22.7695073188563,22.9365,0.690128092935213,47.9649261333954,23.0072,22.9418088752889,-0.465554270531165,-0.603590457783063
"14611465","2005-07-01",13.3086968529605,0.433333333333329,0.420261437908493,0.336601307189539,23.07230819579,22.7850251375434,22.9286666666667,0.643876682410615,46.7902700887775,22.99,22.9455676919171,-0.417936872202862,-0.566459740667023
"14611464","2005-07-05",12.5330379326805,0.433333333333329,0.466666666666664,0.407189542483657,23.0454971808428,22.7991694858239,22.9223333333334,0.693509165353813,46.7902700887775,22.9728,22.9488253329948,-0.37586326482193,-0.528340445498004
"14611463","2005-07-06",12.2467952412006,0.199999999999995,0.355555555555552,0.41416122004357,23.0468115086898,22.8011884913102,22.924,0.537998610361833,43.8820956706617,22.9496,22.9423152885955,-0.362947425611537,-0.495261841520711
"14611462","2005-07-07",11.980998456255,0.366666666666664,0.33333333333333,0.385185185185182,23.0492073103581,22.8031260229753,22.9261666666667,0.596851465573749,46.4426873093547,22.9316,22.9433399167827,-0.331316870724085,-0.462472847361386
"14611461","2005-07-08",11.7341871559483,0.366666666666664,0.311111111111108,0.33333333333333,23.0509661447073,22.8040338552927,22.9275,0.591118095787754,46.4426873093547,22.9176,22.9442279278784,-0.302758503133982,-0.430529978515905
"14611460","2005-07-11",11.8489678440656,0.172413793103439,0.301915708812256,0.315453384418898,23.0490331419769,22.8109668580231,22.93,0.373984675604666,44.1085263859875,22.912,22.9383308708279,-0.294317975799196,-0.403287577972563
"14611459","2005-07-12",11.4846279065215,0.34482758620689,0.294636015325665,0.302554278416343,23.054628059303,22.8100386073637,22.9323333333334,0.763025788001915,46.9783259907442,22.91,22.9398867547175,-0.266970952690271,-0.376024252916105
"14611458","2005-07-13",10.9232290344529,0.241379310344829,0.252873563218387,0.283141762452103,23.0559759286036,22.8113574047298,22.9336666666667,0.553143972067644,45.4697590109775,22.9128,22.9372351874219,-0.2529339259422,-0.351406187521324
"14611457","2005-07-14",11.4964088227768,0.606060606060607,0.397422500870776,0.314977359804943,23.0815438320335,22.8001228346332,22.9408333333334,1.04189275643516,52.5764566910228,22.9188,22.9522704957656,-0.193860934578227,-0.319897136932705
"14611456","2005-07-15",12.0286471976489,0.750000000000006,0.532479972135148,0.394258678741437,23.1090262139876,22.8006404526791,22.9548333333334,1.04639357953837,55.0053192168239,22.9264,22.9719677629969,-0.128019143817826,-0.281521538309729
"14611455","2005-07-18",11.492688020617,0,0.452020202020205,0.460640891675376,23.104832476188,22.8131675238121,22.959,0.377713566967337,43.4910841954059,22.9288,22.9570387279306,-0.158324949227684,-0.25688222049332
"14611454","2005-07-19",11.6003132952902,0,0.250000000000002,0.411500058051785,23.1102158970575,22.8037841029426,22.957,-0.0123489240192389,39.4182743401743,22.9208,22.9294335642065,-0.218552290590524,-0.249216234512761
"14611453","2005-07-20",11.0549487408438,0.465116279069766,0.155038759689922,0.285686320570043,23.1066062150588,22.8033937849413,22.955,0.538476874652256,48.805535474458,22.922,22.9321757556457,-0.193725184258442,-0.238118024461897
"14611452","2005-07-21",10.5485387974294,0.465116279069766,0.310077519379844,0.238372093023257,23.1061201940565,22.8138798059435,22.96,0.522812270096155,48.805535474458,22.924,22.9345523215596,-0.172065082049189,-0.224907435979355
"14611451","2005-07-22",10.6735399325861,0.555555555555556,0.49526270456503,0.320126327878266,23.103364194224,22.8153024724428,22.9593333333334,0.872605331488055,51.006655485385,22.9304,22.943278678685,-0.135747069871095,-0.207075362757703
"14611450","2005-07-25",10.7896124152317,1,0.673557278208441,0.492965834051106,23.1500691688494,22.7965974978173,22.9733333333334,1.14125836733903,58.6627453475498,22.9448,22.9775081881936,-0.036285456180718,-0.172917381442306
"14611449","2005-07-26",12.6256482761051,0.632183908045977,0.729246487867178,0.632688823546884,23.2539949445032,22.7430050554969,22.9985,1.29877640526389,61.8710763516288,22.9632,23.0205070964345,0.0765977170889443,-0.123014361736056
"14611448","2005-07-27",14.3305387183446,0.919540229885057,0.850574712643679,0.7511261595731,23.3787662027671,22.6865671305663,23.0326666666667,1.2570076601432,68.4613736138452,22.9852,23.0911061502432,0.250363422885425,-0.04833880481176
"14611447","2005-07-28",15.9136512718528,0.919540229885057,0.823754789272031,0.801191996594296,23.4728109385839,22.6541890614161,23.0635,1.09429147151932,68.4613736138452,23.0132,23.1522919968775,0.383143351651594,0.0379576264809107
"14611446","2005-07-29",17.3836843572532,0.919540229885057,0.919540229885058,0.864623243933589,23.5503913848174,22.6316086151826,23.091,0.999574018113576,68.4613736138452,23.0332,23.2053197306271,0.482407637110471,0.126847628606823
"14611445","2005-08-01",18.7487150794108,0.919540229885057,0.919540229885058,0.887611749680716,23.6168746767994,22.6231253232007,23.12,0.932704683975705,68.4613736138452,23.0612,23.2512770998769,0.554367241495024,0.212351551184463
"14611444","2005-08-02",19.0924997255453,0.766666666666669,0.868582375478928,0.902554278416348,23.6665078867972,22.6274921132029,23.147,0.84936909450781,62.1081988319148,23.0828,23.2764401532266,0.566532417512478,0.283187724450066
"14611443","2005-08-03",19.4117283255274,0.788888888888891,0.825031928480206,0.871051511281398,23.703987278202,22.645012721798,23.1745,0.791634328195774,62.7844249225165,23.1068,23.3009147994631,0.576364021160058,0.341822983792065
"14611442","2005-08-04",19.6208614922841,0.777777777777778,0.77777777777778,0.823797360578972,23.7354022146657,22.666264452001,23.2008333333334,0.757996062776642,62.1868397022984,23.1288,23.3207928262013,0.573998864272318,0.388258159888115
"14611441","2005-08-05",19.815056575701,0.866666666666669,0.811111111111113,0.804640272456367,23.7697282819628,22.6899383847039,23.2298333333334,0.777986178078392,65.0525854039857,23.15,23.3486871160411,0.59286302046031,0.429179132002554
"14611440","2005-08-08",19.995380581731,0.828571428571432,0.824338624338627,0.80440917107584,23.7940429686466,22.7286236980201,23.2613333333334,0.752169895996591,65.0525854039857,23.1724,23.3728621672357,0.600779827596565,0.463499271121356
"14611439","2005-08-09",20.002960982332,0.214285714285718,0.63650793650794,0.757319223985894,23.7912199031958,22.7517800968043,23.2715,0.431212948012594,44.1802619674426,23.1776,23.3364805449376,0.453333104484677,0.461466037794021
"14611438","2005-08-10",20.0099999257472,0.261538461538465,0.434798534798538,0.631881698548369,23.7842116607355,22.7871216725978,23.2856666666667,0.444170869902459,47.1528976187569,23.1884,23.3142831389459,0.356512549437205,0.440475340122657
"14611437","2005-08-11",20.0165360874899,0.454545454545457,0.310123210123213,0.460476560476564,23.7897409456333,22.8072590543668,23.2985,0.552418268934792,53.9448037331828,23.2044,23.3190453870864,0.338165370237054,0.420013346145537
"14611436","2005-08-12",20.0226053805366,0.454545454545457,0.390209790209793,0.378377178377182,23.7948051538206,22.8248615128462,23.3098333333334,0.541411340793249,53.9448037331828,23.2204,23.3231726688083,0.319931314427158,0.399996939801861
"14611435","2005-08-15",19.5867382267463,0.545454545454543,0.484848484848486,0.395060495060498,23.7860770015521,22.8812563317813,23.3336666666667,0.573311027863796,55.7758400258158,23.2404,23.3334163129672,0.319088015354896,0.383815154912468
"14611434","2005-08-16",18.669985399001,0.727272727272728,0.575757575757577,0.483605283605286,23.7580325294464,22.9826341372204,23.3703333333334,0.710214518928823,59.2641108404341,23.2624,23.3556274712382,0.348929826212996,0.376838089172573
"14611433","2005-08-17",18.6701493288978,0.800000000000001,0.690909090909091,0.583838383838385,23.7657740246985,23.0445593086349,23.4051666666667,0.857960896965221,63.0323493442437,23.2904,23.3908771417398,0.409191673191867,0.383308805976432
"14611432","2005-08-18",18.1586053761971,0.692307692307693,0.739860139860141,0.66884226884227,23.7382638809553,23.1304027857114,23.4343333333334,0.690284700849664,59.5706074149906,23.3104,23.4120935228411,0.427752495556089,0.392197543892363
"14611431","2005-08-19",17.6836002772608,0.692307692307693,0.728205128205129,0.719658119658121,23.7147765433408,23.2022234566593,23.4585,0.678518093788856,59.5706074149906,23.3284,23.430481053129,0.43735571371355,0.401229177856601
"14611430","2005-08-22",16.8631916122502,0.615384615384615,0.666666666666667,0.711577311577313,23.7012520596758,23.2460812736576,23.4736666666667,0.565177000760862,56.9783256323336,23.354,23.4397502460451,0.422837464447312,0.405550835174743
"14611429","2005-08-23",17.425015255278,0.630769230769232,0.646153846153847,0.680341880341881,23.7136317061372,23.2520349605296,23.4828333333334,0.732165126133119,57.3778107561138,23.3844,23.4491168799058,0.410028331460111,0.406446334431817
"14611428","2005-08-24",17.9467086380895,1,0.748717948717949,0.687179487179488,23.7495592236129,23.2354407763872,23.4925,1.00085734404103,65.6272358886355,23.4164,23.4892346292517,0.476833743327099,0.420523816210873
"14611427","2005-08-25",16.7145473548586,0.615384615384615,0.748717948717949,0.714529914529915,23.7457429264798,23.2342570735202,23.49,0.519550882868231,53.9200687193915,23.4384,23.4906700120181,0.438743938043085,0.424167840577315
"14611426","2005-08-26",16.4948842819503,0.307692307692307,0.641025641025641,0.712820512820513,23.7444821051016,23.2105178948985,23.4775,0.167580716818962,46.7370976577293,23.4504,23.465247343749,0.335964677994438,0.40652720806074
"14611425","2005-08-29",16.2909114285355,0.224137931034482,0.382404951370468,0.590716180371353,23.7405076123167,23.1894923876833,23.465,0.200552738611145,46.7370976577293,23.4544,23.4432143645825,0.251574533633625,0.375536673175317
"14611424","2005-08-30",15.7184187480943,0.133333333333331,0.221721190686707,0.415050594360939,23.7358512968255,23.1791487031745,23.4575,0.324861602744479,49.0964477651284,23.4568,23.4321191159715,0.202992447274397,0.341027827995133
"14611423","2005-08-31",15.6984701472343,0,0.119157088122605,0.241094410059927,23.7372773905754,23.1553892760913,23.4463333333334,0.179778072974412,45.4804685408203,23.4452,23.4091699005086,0.128540016890022,0.298530265774111
"14611422","2005-09-01",15.4115852528376,0.081632653061223,0.0716553287981849,0.137511202535832,23.7348802279911,23.140119772009,23.4375,0.268814488897062,47.1569861125706,23.4352,23.3946139137742,0.0823491729693648,0.255294047213162
"14611421","2005-09-02",15.0758996771333,0.102040816326525,0.0612244897959164,0.0840123022389023,23.7256504638138,23.1273495361863,23.4265,0.305281933187049,47.590883985754,23.4256,23.3833320586043,0.0486192849284972,0.213959094756229
"14611420","2005-09-06",14.7641916425507,0.102040816326525,0.0952380952380915,0.0760393046107313,23.7147975108483,23.1162024891517,23.4155,0.323753963571221,47.590883985754,23.416,23.3735544507904,0.0216299620850124,0.175493268221986
"14611419","2005-09-07",14.8382687353725,0,0.0680272108843504,0.0748299319727865,23.7108207642911,23.125179235709,23.418,0.213135097494243,45.0186356888704,23.4084,23.3570805240183,-0.0202630109367941,0.13634201239023
"14611418","2005-09-08",14.9070546072783,0,0.0340136054421754,0.0657596371882061,23.7093721749755,23.1286278250245,23.419,0.208994155493214,45.0186356888704,23.4,23.3428031208159,-0.0528778291935539,0.0984980440734729
"14611417","2005-09-09",15.1633506682527,0,3.60822483003176e-16,0.0340136054421758,23.7143526130416,23.1106473869585,23.4125,0.181135773415444,43.6505350089576,23.3908,23.3264293713738,-0.0881088251191708,0.0611766702349442
"14611416","2005-09-12",15.401339867729,0,3.60822483003176e-16,0.0113378684807257,23.7183715736107,23.0936284263894,23.406,0.202277646698003,43.6505350089576,23.3784,23.3122387885239,-0.114733453700311,0.0259946454478932
"14611415","2005-09-13",16.6337937846175,0,3.60822483003176e-16,7.19332001371716e-16,23.7373423712797,23.0396576287204,23.3885,0.0148238461424153,36.3839186147415,23.3592,23.2772736167207,-0.192561525781942,-0.0177165887980739
"14611414","2005-09-14",17.2839797127888,0.111111111111113,0.037037037037038,0.0123456790123466,23.7305149706665,23.0031516960002,23.3668333333334,0.133149840489583,39.5703077467921,23.3592,23.2536371344913,-0.234306279417096,-0.0610345269218783
"14611413","2005-09-15",17.8877237889479,0.161290322580648,0.090800477897254,0.0426125049780978,23.6932769378722,22.9840563954612,23.3386666666667,0.163480324673986,39.5703077467921,23.3564,23.2331521832258,-0.264404295212284,-0.101708480579959
"14611412","2005-09-16",16.6985506418328,0.806451612903229,0.35961768219833,0.162485065710874,23.6674731434747,22.9848601898587,23.3261666666667,0.461666905780088,50.9642513709226,23.3544,23.2420652254624,-0.216307344402344,-0.124628253344436
"14611411","2005-09-19",16.8177372340666,0.161290322580648,0.376344086021509,0.275587415372365,23.642303804487,22.9650295288464,23.3036666666667,0.199284803820328,42.3624495625488,23.3444,23.2231231954007,-0.244846711244007,-0.14867194492435
"14611410","2005-09-20",16.9284104982838,0.192307692307697,0.386683209263858,0.374214992494566,23.6202061033008,22.9467938966992,23.2835,0.227507166931115,42.3624495625488,23.3324,23.2067067693473,-0.26445954479295,-0.17182946489807
"14611409","2005-09-21",17.3103419899396,0,0.117866004962782,0.293631100082717,23.5765069045633,22.9368264287701,23.2566666666667,0.18213296946228,40.3860943056707,23.3144,23.1858125334343,-0.294053581262599,-0.196274288170976
"14611408","2005-09-22",16.5631723134235,0,0.0641025641025658,0.189550592776402,23.4572033828964,22.991129950437,23.2241666666667,0.233589906612993,40.3860943056707,23.2916,23.1677041956431,-0.313943127176342,-0.219808055972049
"14611407","2005-09-23",15.8693718995156,0,2.96059473233375e-16,0.0606561896884497,23.4093469765449,22.9939863567885,23.2016666666667,0.134855449812161,40.3860943056707,23.2716,23.1520103028907,-0.325991522276792,-0.241044749232998
"14611406","2005-09-26",15.5555329717596,0,2.96059473233375e-16,0.0213675213675225,23.4048463697522,22.9701536302479,23.1875,0.107002101005488,38.1624068029961,23.2496,23.1317422625052,-0.348998201634498,-0.262635439713298
"14611405","2005-09-27",17.3186248684024,0,2.96059473233375e-16,6.61507885505822e-16,23.4552237720513,22.8597762279487,23.1575,-0.268329644703729,24.883136423638,23.2116,23.0541766275045,-0.518697776471344,-0.313847907064907
"14611404","2005-09-28",18.580902210258,0.333333333333333,0.111111111111111,0.0370370370370377,23.4389526892022,22.8283806441312,23.1336666666667,0.0900019737977961,37.8267171005244,23.1832,23.0202864105039,-0.559648608237762,-0.363008047299478
"14611403","2005-09-29",19.4518414134042,0.599999999999999,0.311111111111111,0.140740740740741,23.42486765591,22.8194656774234,23.1221666666667,0.347759554904184,45.8634935077589,23.1532,23.0175815557701,-0.516105257440647,-0.393627489327712
"14611402","2005-09-30",20.2605706734685,0.666666666666667,0.533333333333333,0.318518518518519,23.4024456883803,22.8168876449531,23.1096666666667,0.398102899727103,47.6841826125167,23.1352,23.0219040150007,-0.458773188906425,-0.406656629243454
"14611401","2005-10-03",21.011533557814,0.666666666666667,0.644444444444444,0.496296296296297,23.3754656783021,22.8178676550313,23.0966666666667,0.416307689914405,47.6841826125167,23.1252,23.025650146334,-0.408621410024146,-0.407049585399593
"14611400","2005-10-04",22.7990553196253,0.280000000000001,0.537777777777778,0.571851851851852,23.3552893744061,22.7910439589273,23.0731666666667,0.0867637374265204,38.8869378895189,23.1036,22.9902301268228,-0.465244975562118,-0.418688663432098
"14611399","2005-10-05",23.7429998713437,0.466666666666664,0.471111111111111,0.551111111111112,23.3325669832764,22.7850996833904,23.0588333333334,0.325560357632466,44.2355878924499,23.0852,22.9781994432464,-0.455823552393186,-0.426115641224316
"14611398","2005-10-06",24.6195198122251,0.815384615384613,0.52068376068376,0.50985754985755,23.3099903720937,22.790676294573,23.0503333333334,0.557126636751834,50.2628513123007,23.078,22.9917728508136,-0.380768321598679,-0.417046177299188
"14611397","2005-10-07",25.5515575960615,0.769230769230771,0.683760683760683,0.558518518518519,23.289574013167,22.7940926534997,23.0418333333334,0.516482288399546,49.3063202675231,23.068,22.9995364707051,-0.328034061079951,-0.399243754055341
"14611396","2005-10-10",26.1507288529775,0.815384615384613,0.8,0.668148148148148,23.2696143187455,22.8000523479212,23.0348333333334,0.596188936653753,50.3243953166811,23.0588,23.0102649412777,-0.272575558321619,-0.373910114908597
"14611395","2005-10-11",26.7071021629709,0.815384615384613,0.8,0.761253561253561,23.2718648834729,22.8008017831939,23.0363333333334,0.592698126091332,50.3243953166811,23.0496,23.0195629491074,-0.226021096839213,-0.34433231129472
"14611394","2005-10-12",25.7067577393777,0.760563380281688,0.797110870350305,0.799036956783435,23.277575296342,22.7997580369914,23.0386666666667,0.726027833625672,50.7070953495307,23.0432,23.0289545558931,-0.183508861296144,-0.312167621295005
"14611393","2005-10-13",24.7778664888982,1,0.858649331888767,0.818586734079691,23.303311687399,22.7900216459344,23.0466666666667,0.91561946677286,56.8001021373383,23.0436,23.0597606151073,-0.0892835023465044,-0.267590797505305
"14611392","2005-10-14",23.599268751157,1,0.92018779342723,0.858649331888768,23.303311687399,22.7900216459344,23.0466666666667,0.993548116792778,58.1120955050842,23.0468,23.091792533093,-0.000706967258679025,-0.21421403145598
"14611391","2005-10-17",23.1311726609191,0.814814814814812,0.938271604938271,0.905702910084756,23.3160527479947,22.7872805853386,23.0516666666667,0.780524096783404,53.7196462228523,23.046,23.1062201953473,0.0341049403660865,-0.164550237091566
"14611390","2005-10-18",24.0947159355908,0.259259259259254,0.691358024691356,0.849939141018953,23.3111404481509,22.7771928851824,23.0441666666667,0.323640609682403,43.1760441546852,23.04,23.078724169301,-0.0426069308290478,-0.140161575839063
"14611389","2005-10-19",24.9894346906431,0.259259259259254,0.44444444444444,0.691358024691356,23.310689512726,22.7623104872741,23.0365,0.251084571683716,43.1760441546852,23.032,23.0548942800608,-0.102303888843891,-0.132590038440028
"14611388","2005-10-20",25.8202449631917,0.259259259259254,0.259259259259255,0.465020576131684,23.3052469979908,22.7477530020092,23.0265,0.273091726705894,43.1760441546852,23.024,23.0342417093861,-0.147972885198311,-0.135666607791685
"14611387","2005-10-21",26.5917116448439,0.259259259259254,0.259259259259255,0.320987654320984,23.3028395477887,22.7351604522113,23.019,0.290374525102103,43.1760441546851,23.008,23.0163428148013,-0.182117546550542,-0.144956795543456
"14611386","2005-10-24",27.8921085557808,0,0.172839506172836,0.230452674897116,23.3070630400584,22.7099369599417,23.0085,0.16199209839587,38.4403008384122,22.9944,22.9821637728278,-0.255419375137,-0.167049311462165
"14611385","2005-10-25",29.0996199730794,0.0925925925925875,0.117283950617281,0.183127572016458,23.2930428083447,22.7349571916553,23.014,0.134464688034484,40.9321575502728,22.9828,22.9592086031174,-0.292693491240903,-0.192178147417913
"14611384","2005-10-26",30.2208805748566,0.0925925925925875,0.0617283950617254,0.117283950617281,23.2979434088793,22.7227232577874,23.0103333333334,0.151727546482744,40.9321575502728,22.9732,22.9393141227017,-0.318628667375753,-0.217468251409481
"14611383","2005-10-27",31.2620511336497,0.0925925925925875,0.0925925925925879,0.0905349794238652,23.299641323385,22.6990253432817,22.9993333333334,0.184768072103644,40.9321575502728,22.9636,22.9220722396748,-0.335370545277835,-0.241048710183152
"14611382","2005-10-28",32.1022291806888,0.111111111111109,0.0987654320987617,0.0843621399176922,23.2969846806627,22.678681986004,22.9878333333333,0.228557978505998,41.5234365636947,22.9544,22.9084626077182,-0.341224295403286,-0.261083827227179
"14611381","2005-10-31",32.8823945100823,0.111111111111109,0.104938271604936,0.0987654320987622,23.2924127888856,22.6602538777811,22.9763333333334,0.252699312487433,41.5234365636947,22.9472,22.8966675933558,-0.341950630721621,-0.277257187926067
"14611380","2005-11-01",33.6638090907592,0.0925925925925875,0.104938271604936,0.102880658436211,23.2937584377422,22.6559082289245,22.9748333333334,0.241579870862062,41.0469055772908,22.9576,22.8851119142417,-0.342132404882201,-0.290232231317294
"14611379","2005-11-02",34.3894083442449,0.0925925925925875,0.0987654320987617,0.102880658436211,23.2941004010329,22.6402329323004,22.9671666666667,0.259635286686849,41.0469055772908,22.958,22.8750969923428,-0.338398081209212,-0.299865401295678
"14611378","2005-11-03",33.7533847051191,0,0.0617283950617254,0.0884773662551414,23.2835366612687,22.6227966720647,22.9531666666667,0.268189198218197,38.011391560738,22.948,22.8584173933637,-0.35257536536597,-0.310407394109736
"14611377","2005-11-04",33.1627913259309,0.499999999999994,0.197530864197528,0.119341563786005,23.2737052822797,22.6176280510536,22.9456666666667,0.430394373568883,48.3041581508129,22.942,22.8639617409152,-0.307334285228111,-0.309792772333411
"14611376","2005-11-07",32.4694997474204,0.93749999999999,0.479166666666662,0.246141975308639,23.2593958165138,22.6142708501529,22.9368333333334,0.448072076346718,48.3041581508129,22.936,22.8687668421266,-0.268384298118296,-0.301511077490388
"14611375","2005-11-08",31.8257289959464,0.93749999999999,0.791666666666659,0.489454732510283,23.244005625829,22.6119943741711,22.928,0.460971158975447,48.3041581508129,22.9416,22.8729312631763,-0.234807611789278,-0.288170384350166
"14611374","2005-11-09",33.5708658194314,0,0.624999999999994,0.631944444444439,23.2328229894957,22.566843677171,22.8998333333334,0.0247600125967253,31.1033159524172,22.9256,22.8232070947528,-0.345495074106839,-0.299635322301501
"14611373","2005-11-10",35.1913500126673,0,0.312499999999997,0.576388888888884,23.1952031646685,22.5284635019982,22.8618333333334,-0.0426905786348094,31.1033159524172,22.9024,22.7801128154525,-0.428568397178763,-0.325421937276953
"14611372","2005-11-11",36.6960853349579,0,4.44089209850063e-16,0.312499999999998,23.126007808119,22.5176588585477,22.8218333333334,-0.029027515474748,31.1033159524172,22.8804,22.7427644400588,-0.489000077664103,-0.358137565354383
"14611371","2005-11-14",38.8765247144151,0,4.44089209850063e-16,0.104166666666666,23.1050135774509,22.4503197558824,22.7776666666667,-0.204145945497925,24.3380479709332,22.8472,22.6770625147176,-0.618893553633992,-0.410288763010305
"14611370","2005-11-15",40.9012184239112,0.151515151515154,0.0505050505050517,0.016835016835018,23.1086450209931,22.3900216456736,22.7493333333334,-0.00930711770585941,30.819969049584,22.818,22.6334541794219,-0.678851836784589,-0.464001377765162
"14611369","2005-11-16",43.0251824398892,0,0.0505050505050517,0.033670033670035,23.118415472203,22.3219178611304,22.7201666666667,-0.00659285651418434,28.2167107211849,22.7844,22.582326955499,-0.753694666200178,-0.521940035452165
"14611368","2005-11-17",45.2995358209217,0,0.0505050505050517,0.0505050505050521,23.1520304652828,22.2083028680506,22.6801666666667,-0.11476073007527,24.8289044485211,22.738,22.5180166947658,-0.857261770588769,-0.589004382479486
"14611367","2005-11-18",46.7973588592331,0,4.44089209850063e-16,0.033670033670035,23.1609619644209,22.1210380355791,22.641,-0.00420354680877831,24.8289044485211,22.69,22.4622811354637,-0.929181551854874,-0.657039816354563
"14611366","2005-11-21",46.6548652827954,0,4.44089209850063e-16,0.016835016835018,23.1623364197445,22.0553302469222,22.6088333333334,0.0975632196664012,24.8289044485211,22.646,22.4139769840685,-0.975375139459544,-0.72070688097556
"14611365","2005-11-22",47.915355463866,0,4.44089209850063e-16,8.92804348969397e-16,23.2086694607909,21.9063305392092,22.5575,-0.0944433156665875,16.0202843125476,22.592,22.2987800528594,-1.19747550210194,-0.816060605200836
"14611364","2005-11-23",49.0858106320031,0.0367647058823535,0.0122549019607849,0.00408496732026239,23.254289746007,21.7420435873264,22.4981666666667,-0.0784992927980646,18.8392411229678,22.54,22.2056093791448,-1.34154270352497,-0.921157024865662
"14611363","2005-11-25",50.1726618595589,0.0735294117647043,0.0367647058823531,0.0163398692810466,23.2664205286513,21.6139128046821,22.4401666666667,0.0218378376055123,21.6707798641884,22.49,22.1315281285922,-1.42226804650987,-1.0213792291945
"14611362","2005-11-28",51.2021735266445,0.0661764705882352,0.0588235294117648,0.0359477124183014,23.2571095604599,21.5055571062068,22.3813333333334,0.0786594924930589,21.5091526861323,22.4396,22.0659910447799,-1.47374521696532,-1.11185242674867
"14611361","2005-11-29",52.5123806818934,0,0.0465686274509803,0.0473856209150332,23.2482624608718,21.3807375391282,22.3145,0.0549367738071778,18.6612857283733,22.3872,21.9838589054759,-1.56697156525102,-1.20287625444914
"14611360","2005-11-30",53.0915579817222,0,0.0220588235294122,0.0424836601307195,23.2169801927012,21.2816864739655,22.2493333333334,0.116251187364019,18.6612857283733,22.3328,21.9126777180791,-1.62317788435145,-1.2869365804296
"14611359","2005-12-01",53.357257049845,0.180952380952382,0.0603174603174611,0.042981637099285,23.1570782116947,21.2249217883054,22.191,0.21655158969686,29.4886941417133,22.286,21.8763206890019,-1.58010478636247,-1.34557022161617
"14611358","2005-12-02",54.0335223276693,0,0.0603174603174611,0.0475645813881119,23.0979660530156,21.1497006136511,22.1238333333334,0.15755864001555,25.7913790519644,22.2316,21.8194779304683,-1.59814147902674,-1.39608447309829
"14611357","2005-12-05",53.5792600124937,0,0.0603174603174611,0.0603174603174616,22.9954708550062,21.1121958116605,22.0538333333334,0.20592010163877,25.7913790519644,22.1768,21.7702142064059,-1.59463165833493,-1.43579391014561
"14611356","2005-12-06",50.6715593351199,0.199999999999999,0.0666666666666669,0.0624338624338635,22.8606689180467,21.1333310819533,21.997,0.3666541492229,35.6423071762229,22.13,21.7541856455518,-1.50069396279655,-1.4487739206758
"14611355","2005-12-07",47.9715515632728,0.654761904761906,0.284920634920635,0.137301587301588,22.7091164155864,21.1945502510803,21.9518333333334,0.53180228622257,48.5210910530358,22.0976,21.7869608928115,-1.28167531024872,-1.41535419859039
"14611354","2005-12-08",46.665529070724,0.238095238095237,0.364285714285715,0.238624338624339,22.6139667483737,21.199699918293,21.9068333333334,0.341967586846915,39.9184346908117,22.0512,21.7686994404367,-1.2236464034011,-1.37701263955253
"14611353","2005-12-09",45.838293174942,0.0714285714285741,0.321428571428573,0.323544973544975,22.5263270546221,21.194672945378,21.8605,0.284353410789458,37.0860195042522,22.0016,21.7342061817118,-1.21572578477158,-1.34475526859634
"14611352","2005-12-12",45.0973625156201,0.0625000000000008,0.124007936507938,0.269907407407409,22.4247625694195,21.1965707639139,21.8106666666667,0.249767640562592,36.8846997869577,21.9456,21.7029786908169,-1.19959007755546,-1.31572223038816
"14611351","2005-12-13",43.275418941238,0.0909090909090921,0.0749458874458894,0.173460798460801,22.3493876240688,21.1976123759313,21.7735,0.326210307097352,36.8846997869577,21.8896,21.6759148653746,-1.17348834721865,-1.28727545375426
"14611350","2005-12-14",41.8783285435568,0,0.0511363636363647,0.0833633958633979,22.2465379939131,21.2061286727536,21.7263333333334,0.224787804655336,34.9068270684133,21.83,21.6404595499913,-1.17302005160501,-1.26442437332441
"14611349","2005-12-15",40.6142816014616,0,0.0303030303030311,0.0521284271284289,22.1428960543853,21.2181039456147,21.6805,0.196688588343488,34.684277420097,21.786,21.6083982766592,-1.16323480323716,-1.24418645930696
"14611348","2005-12-16",40.3324013516202,0,4.16333634234434e-16,0.0271464646464659,22.0926187696601,21.1850478970066,21.6388333333334,0.0899310148874625,28.7602717985573,21.73,21.5406118397713,-1.25360264530661,-1.24606969650689
"14611347","2005-12-19",40.3468713444896,0,4.16333634234434e-16,0.0101010101010112,22.0562874992456,21.1127125007544,21.5845,-0.0876586396276371,26.9431372405148,21.6696,21.4671969278018,-1.35176574349368,-1.26720890590425
"14611346","2005-12-20",40.5541645196361,0,4.16333634234434e-16,9.41376606296747e-16,21.9924078763046,21.0562587903621,21.5243333333334,-0.10282421016856,25.6727155615624,21.616,21.3929040040949,-1.44399991524419,-1.30256710777224
"14611345","2005-12-21",40.7714040306813,0,4.16333634234434e-16,9.41376606296747e-16,22.0053649361062,20.9549683972272,21.4801666666667,-0.0523310913475322,25.5107889162697,21.558,21.3271834702155,-1.50446336864956,-1.3429463599477
"14611344","2005-12-22",39.2830580736237,0,4.16333634234434e-16,9.41376606296747e-16,22.0093217329753,20.8886782670247,21.449,0.0993373328428361,25.5107889162697,21.504,21.2702256741868,-1.53544360380302,-1.38144580871876
"14611343","2005-12-23",36.7974101638102,0.5,0.166666666666667,0.0555555555555565,21.9917028536605,20.8862971463395,21.439,0.509951097526576,46.8816893201797,21.478,21.2941955842952,-1.33622601249468,-1.37240184947395
"14611342","2005-12-27",35.1708837833609,0.318181818181819,0.272727272727273,0.146464646464647,21.9695267950359,20.8758065382975,21.4226666666667,0.403083078742533,42.1464450813932,21.444,21.2883028397225,-1.23981409371644,-1.34588429832245
"14611341","2005-12-28",33.0901227639685,0.682352941176472,0.500178253119431,0.313190730837791,21.9721252646357,20.876541402031,21.4243333333333,0.584277741289283,48.5787192172869,21.4192,21.3138624610929,-1.06398556686507,-1.28950455203097
"14611340","2005-12-29",31.1579875316755,0.780487804878049,0.59367418807878,0.455526571308495,21.9765584161399,20.8771082505268,21.4268333333333,0.618089329916027,50.13621832044,21.4188,21.3440141329472,-0.891654309832446,-1.20993450359127
"14611339","2005-12-30",30.7287087175096,0.243902439024394,0.568914395026305,0.554255612074839,21.9526298745104,20.861703458823,21.4071666666667,0.355932843492786,40.4583592889423,21.3988,21.3114789152209,-0.910968036292481,-1.15014121013151
"14611338","2006-01-03",30.3300926757841,0.426829268292685,0.483739837398376,0.548776140167821,21.9465018303813,20.853831502952,21.4001666666667,0.423581708129233,44.3987182583719,21.3828,21.3032817265247,-0.859727454415793,-1.09205845898837
"14611337","2006-01-04",29.5923812978497,0.428571428571428,0.366434378629502,0.473029537018062,21.9363348605151,20.8449984728183,21.3906666666667,0.42608450742037,43.3684453658537,21.3652,21.2895108296548,-0.828548558912512,-1.0393564789732
"14611336","2006-01-05",28.9073635897677,0.442857142857144,0.432752613240419,0.427642276422767,21.8852391993886,20.8404274672781,21.3628333333333,0.353721652776007,43.6500824275563,21.3556,21.2789093857008,-0.790987046848046,-0.989682592548165
"14611335","2006-01-06",27.0306660378883,0.714285714285711,0.528571428571428,0.442586140147117,21.7732289556421,20.8991043776912,21.3361666666667,0.649292221374101,48.854553287737,21.3536,21.2950548009407,-0.681362610404701,-0.928018596119473
"14611334","2006-01-09",25.5719620610874,0.442857142857144,0.533333333333334,0.498219125048394,21.7246725361302,20.9106607972031,21.3176666666667,0.494676571447163,44.4348631106162,21.3364,21.2837141608153,-0.6588684402006,-0.874188564935698
"14611333","2006-01-10",24.2174512254866,0.442857142857144,0.533333333333334,0.531746031746032,21.6939009066018,20.9144324267316,21.3041666666667,0.49893089540518,44.4348631106162,21.3268,21.2738856060399,-0.633776632421368,-0.826106178432832
"14611332","2006-01-11",22.7165629407167,0.785714285714284,0.557142857142858,0.541269841269842,21.6909493950655,20.9153839382678,21.3031666666667,0.732303624520054,50.9371557117747,21.3268,21.2973675252346,-0.516968914893612,-0.764278725724988
"14611331","2006-01-12",21.4125273961405,0.822784810126582,0.683785412899337,0.59142053445851,21.6954860457673,20.9131806208994,21.3043333333334,0.873681843485451,53.3848900192899,21.3228,21.3310518552033,-0.382181991139008,-0.687859378807792
"14611330","2006-01-13",20.2016372476055,0.847457627118644,0.818652240986504,0.686526837009567,21.7204351724754,20.9042314941913,21.3123333333334,0.852444707516413,54.6043853499325,21.3068,21.3669116078429,-0.253640615368023,-0.601015626119838
"14611329","2006-01-17",20.0579684197598,0.0847457627118596,0.584996066652362,0.695811240179402,21.7114069764308,20.8965930235693,21.304,0.413272635527997,43.5594534330746,21.2868,21.3379900601305,-0.318072237163103,-0.544426948328491
"14611328","2006-01-18",19.9245616510459,0.186440677966101,0.372881355932202,0.59217655452369,21.710357059733,20.8919762736004,21.3011666666667,0.388601164382776,45.1524547519164,21.2748,21.3209247187798,-0.342611411659011,-0.504063840994595
"14611327","2006-01-19",19.3117847590146,0.169491525423725,0.146892655367229,0.368256692650599,21.7028670983865,20.9204662349469,21.3116666666667,0.408401600745142,44.9248689439373,21.2628,21.3048014229425,-0.361732795429504,-0.475597631881577
"14611326","2006-01-20",18.566408035872,0.186440677966101,0.180790960451976,0.23352165725047,21.6843505742971,20.9689827590363,21.3266666666667,0.406807847313655,45.2222087203877,21.2512,21.2921612332168,-0.368895952877191,-0.4542572960807
"14611325","2006-01-23",17.9184747062334,0.636363636363638,0.330765279917822,0.219482965245676,21.6740134462797,21.0459865537203,21.36,0.829072957090138,53.1256372320654,21.2548,21.3198730687879,-0.26173936805175,-0.41575371047491
"14611324","2006-01-24",17.3511901824733,0.982142857142854,0.601649057157532,0.371068432509111,21.6973474440537,21.0929858892797,21.3951666666667,1.00990448388442,57.6624741510969,21.2668,21.3705566596162,-0.100184678434534,-0.352639904066834
"14611323","2006-01-25",17.740033960751,0.647058823529411,0.755188439011968,0.562534258695775,21.7623306323379,21.0630027009955,21.4126666666667,1.05386509815193,57.6624741510969,21.2908,21.414482438334,0.0272723532390717,-0.276657452605653
"14611322","2006-01-26",18.1011031834373,0.976470588235295,0.868557422969187,0.741798306379563,21.8725794817753,21.019753851558,21.4461666666667,1.13377551148674,63.4122498015401,21.3304,21.4898847798895,0.230563584287924,-0.175213245226938
"14611321","2006-01-27",18.7334923576036,0.884210526315787,0.835913312693498,0.819886391558219,21.967276280061,20.9760570532723,21.4716666666667,1.05991649980201,63.6023686601968,21.3736,21.5565668092376,0.390257921076231,-0.062119011966304
"14611320","2006-01-30",19.7384447594596,0.818181818181819,0.892954310910967,0.865808348857885,22.0690987424131,20.9302345909203,21.4996666666667,1.04176786510594,64.7847464061686,21.4196,21.6223579013392,0.532509772670009,0.0568067449609586
"14611319","2006-01-31",20.4065993023826,0.772727272727273,0.825039872408293,0.85130249867092,22.1431603873075,20.9355062793592,21.5393333333334,0.917338041317326,62.9495637864672,21.4636,21.6727101811607,0.618979856419211,0.169241367252609
"14611318","2006-02-01",21.2317436151871,0.872727272727272,0.821212121212122,0.846402101510461,22.2286298738165,20.9323701261836,21.5805,0.931626455285427,65.2797806901716,21.49,21.7310154903392,0.719679071112966,0.27932890802468
"14611317","2006-02-02",21.6589289202809,0.818181818181819,0.821212121212122,0.822488038277513,22.2875174387364,20.9494825612637,21.6185,0.837435150309969,62.9539956581586,21.522,21.773546758294,0.767974988898379,0.37705812419942
"14611316","2006-02-03",21.771466910214,0.772727272727273,0.821212121212122,0.821212121212122,22.3191182445927,20.9968817554073,21.658,0.758652671286263,61.0034822142505,21.5428,21.8037405238548,0.778537174940541,0.457353934347644
"14611315","2006-02-06",22.6661590450257,0.666666666666666,0.752525252525253,0.798316498316499,22.3581507266034,21.0128492733967,21.6855,0.746165397262648,57.1872108973405,21.5572,21.8165751206742,0.741286642818273,0.51414047604177
"14611314","2006-02-07",23.4969445987794,0.761904761904762,0.733766233766234,0.76916786916787,22.392599179239,21.0537341540944,21.7231666666667,0.756560589416296,59.8894741532742,21.5932,21.8410317712509,0.740119876966694,0.559336356226755
"14611313","2006-02-08",25.2585854860556,0.784172661870503,0.737581363480644,0.741290949924044,22.4797704594651,21.076229540535,21.778,0.943164849425353,66.6833992833136,21.6352,21.9022275350842,0.839917812480584,0.615452647477521
"14611312","2006-02-09",27.1851357451289,0.880000000000001,0.808692474591755,0.760013357279545,22.6196479430387,21.053018723628,21.8363333333334,1.01937411646947,71.8231246633271,21.6912,21.9952638637396,1.01676901308112,0.695715920598241
"14611311","2006-02-10",27.0557437199407,0.495238095238094,0.719803585702866,0.755359141258422,22.663530410492,21.0741362561747,21.8688333333334,0.737721607511271,59.3364257884429,21.7316,22.0252286819077,1.00533016812143,0.757638770102879
"14611310","2006-02-13",27.0655997095374,0.523809523809524,0.633015873015873,0.720503977770166,22.7072274415722,21.0987725584278,21.903,0.736458813560121,59.9287218974657,21.7656,22.0551981909866,0.995593158910069,0.805229647864317
"14611309","2006-02-14",27.0747516998771,0.529411764705885,0.516153127917834,0.622990862212192,22.7234139009941,21.1942527656726,21.9588333333334,0.755804740018062,61.9198334764695,21.8112,22.0945050988551,1.01253308291318,0.84669033487409
"14611308","2006-02-15",27.1700362264776,0.564705882352941,0.539309056956117,0.562826019296609,22.7203414730049,21.3143251936618,22.0173333333334,0.757939166135461,62.5214927651201,21.858,22.1325710856744,1.02481422921734,0.88231511374274
"14611307","2006-02-16",27.6014700263804,0.588235294117646,0.56078431372549,0.538748832866481,22.7044884682429,21.4495115317572,22.077,0.783936160875704,62.9418599722538,21.896,22.1682282742512,1.02970506044067,0.911793103082326
"14611306","2006-02-17",28.0020871262901,0.705882352941177,0.619607843137254,0.573233737939621,22.6687676639602,21.6092323360399,22.139,0.840715397105796,65.0525145551027,21.934,22.212464504351,1.05746780817026,0.940928044099913
"14611305","2006-02-21",28.7968267277196,0.870588235294119,0.72156862745098,0.633986928104576,22.6972329764736,21.6884336901931,22.1928333333334,0.946570498340662,67.8161705549319,21.9756,22.2694692371042,1.11696317929515,0.976135071138961
"14611304","2006-02-22",30.0255752284089,0.894736842105262,0.823735810113519,0.721637426900585,22.761197989973,21.7324686766937,22.2468333333334,1.02151716984693,69.8346561939239,22.0396,22.3335400054903,1.18960667699257,1.01882939230968
"14611303","2006-02-23",31.4888279522275,0.727272727272727,0.830865934890702,0.792056790818401,22.8220358339621,21.7716308327046,22.2968333333334,0.979021583164868,67.7545364942822,22.0992,22.3824013380916,1.21456207482771,1.05797592881329
"14611302","2006-02-24",32.8475626243447,1,0.874003189792663,0.842868311598962,22.9350518889615,21.7599481110385,22.3475,1.05527010657159,72.9590004214833,22.1712,22.4647478263461,1.32636019648891,1.11165278234841
"14611301","2006-02-27",34.459033439058,0.854700854700853,0.86065786065786,0.855175661780409,23.0428981976127,21.7551018023873,22.399,1.01069149525887,72.9590004214833,22.2428,22.5361147828333,1.397876424077,1.16889751069413
"14611300","2006-02-28",36.2457344815185,0.74774774774775,0.867482867482868,0.867381305977798,23.1566820039235,21.7439846627432,22.4503333333334,0.990550933875899,73.7771000821636,22.3048,22.6046328117888,1.45484169773149,1.2260863481016
"14611299","2006-03-01",38.0240180297817,0.95762711864407,0.853358573697558,0.860499767279429,23.3014967445085,21.7315032554916,22.5165,1.04150967670508,78.0651024393167,22.3708,22.7040151035503,1.58749630611796,1.29836833970487
"14611298","2006-03-02",39.3218817069864,0.915254237288137,0.873543034559986,0.864794825246804,23.4170425988549,21.7352907344785,22.5761666666667,0.95022496047443,75.8392231595577,22.4348,22.7834797564103,1.65450053898881,1.36959477956166
"14611297","2006-03-03",40.7211271923684,0.872,0.914960451977402,0.880620686744983,23.5208955426023,21.7637711240644,22.6423333333334,0.92740285894204,76.4185059940506,22.4892,22.8576824555556,1.70114377958674,1.43590457956668
"14611296","2006-03-06",42.0204265716517,0.869565217391305,0.885606484893148,0.891369990476846,23.5980900092263,21.8265766574404,22.7123333333334,0.888180346466716,76.5697511101075,22.5436,22.9233247948148,1.7209415738612,1.49291197842558
"14611295","2006-03-07",42.8328157232987,0.821428571428572,0.854331262939959,0.884966066603504,23.6457874274841,21.912212572516,22.779,0.829377181702646,74.0136583973877,22.5936,22.9735481555062,1.69883527557317,1.5340966378551
"14611294","2006-03-08",43.7071657466393,0.818181818181819,0.836391869000566,0.858776538944558,23.6818586462591,22.0061413537409,22.844,0.811906232035838,74.0136583973877,22.6456,23.0170750681054,1.66172088290888,1.55962148686586
"14611293","2006-03-09",44.1051754568658,0.75,0.796536796536797,0.829086642825775,23.7283767729817,22.0529565603517,22.8906666666667,0.764212323171022,71.2549623755913,22.6912,23.0481317256913,1.59608605829864,1.56691440115241
"14611292","2006-03-10",44.4747559020762,0.709302325581395,0.759161381254405,0.79736334893059,23.7761237916638,22.0735428750029,22.9248333333334,0.739929859428431,71.2549623755912,22.7392,23.0750474955991,1.52627477102745,1.55878647512742
"14611291","2006-03-13",44.8179377440573,0.6875,0.715600775193799,0.757099650995001,23.7857806140342,22.1708860526326,22.9783333333334,0.709508002206448,71.2549623755912,22.7892,23.0983744961859,1.45402750966472,1.53783468203488
"14611290","2006-03-14",44.846167825119,0.649999999999999,0.682267441860465,0.71900986610289,23.7809075002212,22.2770924997788,23.029,0.677991752035922,69.3187716477209,22.842,23.1145912300278,1.37038549737558,1.50434484510302
"14611289","2006-03-15",44.8723814718192,0.5,0.6125,0.670122739018088,23.7704153390633,22.3842513276034,23.0773333333334,0.672658741212911,70.1910681253795,22.892,23.1326457326908,1.29950236121279,1.46337634832498
"14611288","2006-03-16",44.8967227151836,0.5,0.55,0.614922480620156,23.7434623521673,22.5032043144994,23.1233333333334,0.642443476519472,70.1910681253795,22.93,23.148292968332,1.22907344180967,1.41651576702191
"14611287","2006-03-17",44.9193252983077,0.733333333333331,0.577777777777777,0.580092592592593,23.7133287236026,22.6286712763974,23.171,0.698833896565534,73.9177918383943,22.9612,23.1791872392211,1.20454409229127,1.37412143207579
"14611286","2006-03-20",41.9608914392617,0,0.41111111111111,0.512962962962963,23.6504018824776,22.7555981175225,23.203,0.429593501427448,55.0896950701709,22.9944,23.1619622739916,1.05793380325081,1.31088390631079
"14611285","2006-03-21",39.2137742844332,0.444444444444444,0.392592592592592,0.460493827160494,23.5997817532296,22.8668849134371,23.2333333333334,0.522740808476353,61.4916559953314,23.0344,23.1737006374594,0.999903359568832,1.2486877969624
"14611284","2006-03-22",37.4046055174748,0,0.148148148148148,0.317283950617284,23.5588617094357,22.9411382905643,23.25,0.284153669328339,53.3080535420526,23.0624,23.1572072191315,0.874163627426694,1.17378296305526
"14611283","2006-03-23",35.7246630910135,0.111111111111113,0.185185185185186,0.241975308641976,23.5034460861205,23.0315539138796,23.2675,0.251002438879114,54.9231791601183,23.0912,23.1495795899139,0.782937774062842,1.09561392525677
"14611282","2006-03-24",33.4426444334752,0.666666666666669,0.259259259259261,0.197530864197532,23.4887045791227,23.0812954208773,23.285,0.659544768899939,62.0008848325841,23.1292,23.1763023112587,0.788658304324863,1.03422280107039
"14611281","2006-03-27",32.6493530814248,0.111111111111113,0.296296296296298,0.246913580246916,23.4729238372456,23.1097428294211,23.2913333333334,0.202627621838089,53.0333519027687,23.1532,23.1661286697576,0.698007966177072,0.966979834091728
"14611280","2006-03-28",32.3382936190813,0,0.259259259259261,0.271604938271607,23.4740984721654,23.1075681945014,23.2908333333334,0.0702947079738695,49.9229264114651,23.1676,23.1439781804566,0.584584089268003,0.890500685126983
"14611279","2006-03-29",32.0494526897624,0.5,0.203703703703704,0.253086419753088,23.4656469853979,23.1043530146022,23.285,0.403125978208445,56.7519952917328,23.1876,23.1581144230624,0.575241345680189,0.827448817237625
"14611278","2006-03-30",32.0815280743296,0.4,0.3,0.254320987654322,23.4606691176305,23.0979975490362,23.2793333333334,0.336399270107315,54.5104623187192,23.2068,23.1610324999874,0.537214268928121,0.769401907575724
"14611277","2006-03-31",32.1113123599992,0.666666666666669,0.522222222222223,0.341975308641977,23.4486832686844,23.100650064649,23.2746666666667,0.572789989689425,57.6020179953604,23.2188,23.1795614999891,0.54260527568637,0.724042581197853
"14611276","2006-04-03",32.1389691966924,0.666666666666669,0.57777777777778,0.466666666666668,23.4344951970989,23.1048381362345,23.2696666666667,0.59201481458874,57.6020179953604,23.2308,23.1956199666572,0.54058007843758,0.687350080645799
"14611275","2006-04-04",33.5869853345504,0,0.444444444444446,0.514814814814817,23.4501484278918,23.0541849054416,23.2521666666667,-0.136843174609479,45.6169630376541,23.2248,23.1562039711029,0.395137117439348,0.628907488004509
"14611274","2006-04-05",34.9315717482758,0.600000000000001,0.422222222222224,0.481481481481484,23.4357740070381,23.0518926596286,23.2438333333334,0.385815412420639,53.441324341925,23.2188,23.1620434416225,0.380021645310524,0.579130319465712
"14611273","2006-04-06",34.9422251225405,0.400000000000006,0.333333333333336,0.400000000000003,23.4254000470146,23.0472666196521,23.2363333333334,0.359837834571506,50.8167679522487,23.2108,23.1537709827395,0.329388613250425,0.529181978222654
"14611272","2006-04-07",34.9521175415007,0.400000000000006,0.466666666666671,0.407407407407411,23.4143003087517,23.0400330245817,23.2271666666667,0.293819364046701,50.8167679522487,23.2012,23.1466015183742,0.285967546053922,0.480539091788908
"14611271","2006-04-10",32.8960254782865,0.352941176470588,0.3843137254902,0.39477124183007,23.426076356217,23.034923643783,23.2305,0.89072548514952,53.4671455794519,23.1952,23.1537213159243,0.283160667187143,0.441063406868555
"14611270","2006-04-11",30.9867971338734,0.411764705882354,0.38823529411765,0.413071895424841,23.4264738280384,23.034859505295,23.2306666666667,0.677044937599843,54.7792932841925,23.1932,23.1665584738011,0.294943167370376,0.411839358968919
"14611269","2006-04-12",29.0612597240177,0.235294117647062,0.333333333333335,0.368627450980396,23.419120287487,23.0208797125131,23.22,0.207044751343257,50.2054639638016,23.1852,23.1576840106276,0.249131359628696,0.379297759100875
"14611268","2006-04-13",27.5583562336446,0.235294117647062,0.294117647058826,0.338562091503271,23.4102089285706,23.0164577380962,23.2133333333334,0.381481839812426,50.2054639638016,23.1792,23.1499928092106,0.210399666706196,0.345518140621939
"14611267","2006-04-17",26.1628029925838,0.247058823529412,0.239215686274512,0.288888888888892,23.3842193065768,23.0147806934232,23.1995,0.257740537092144,50.5248593763461,23.1736,23.1446604346492,0.181103870422539,0.312635286582059
"14611266","2006-04-18",25.8200493244303,0.176470588235296,0.219607843137257,0.250980392156866,23.3841255610235,23.0158744389765,23.2,0.36422308852154,48.5141409255573,23.1656,23.1320390433626,0.135396183023606,0.277187465870368
"14611265","2006-04-19",25.501778061145,0.411764705882354,0.278431372549021,0.245751633986931,23.3841255610235,23.0158744389765,23.2,0.635776911478335,54.9499720936524,23.1668,23.1477671709143,0.167010315377381,0.255152035771771
"14611264","2006-04-20",25.0863767161989,0.388235294117649,0.325490196078433,0.274509803921571,23.3866605165005,23.0253394834995,23.206,0.584873737938642,54.2200752619155,23.166,23.1587315481257,0.182952900051925,0.240712208627802
"14611263","2006-04-21",24.7006468958918,0.411764705882354,0.403921568627452,0.335947712418303,23.390717061578,23.0312829384221,23.211,0.608503888438694,54.8657076715871,23.166,23.1709006750423,0.200225905975793,0.2326149480974
"14611262","2006-04-24",25.2026627932983,0.588235294117646,0.462745098039216,0.397385620915035,23.4080505680994,23.021282765234,23.2146666666667,1.03951405758367,59.4811497865763,23.1668,23.2014472517033,0.26304598100475,0.23870115467887
"14611261","2006-04-25",23.8791459737799,0.0428571428571395,0.347619047619047,0.404761904761906,23.408865706804,23.0141342931961,23.2115,0.268196812197677,48.1653597156749,23.168,23.1852542848095,0.199168898768698,0.230794703496836
"14611260","2006-04-26",22.6501660699414,0.0428571428571395,0.224649859943975,0.34500466853408,23.4117156199486,23.0059510467181,23.2088333333334,0.182492406107145,48.1653597156749,23.1612,23.1712203801683,0.146837745500639,0.214003311897596
"14611259","2006-04-27",23.0056763299524,0.14285714285714,0.0761904761904732,0.216153127917832,23.4133537905711,23.0059795427623,23.2096666666667,0.639920479280585,50.5519198924662,23.1652,23.1683909961458,0.128261224774295,0.196854894472936
"14611258","2006-04-28",23.3357929999626,0.357142857142857,0.180952380952379,0.160597572362276,23.4211157233315,23.0062176100019,23.2136666666667,0.708083215034357,55.3011830210966,23.1732,23.1859388633264,0.163877525334843,0.190259420645318
"14611257","2006-05-01",22.4189691861366,0,0.166666666666666,0.14126984126984,23.4137179779458,22.9919486887209,23.2028333333334,0.216669745633645,47.1696427398109,23.1612,23.1678136815495,0.103856988820805,0.172978934280415
"14611256","2006-05-02",21.9169908391539,0.0222222222222178,0.126455026455025,0.158024691358024,23.4026528216919,22.9853471783081,23.194,0.330659690835542,47.5021678457187,23.1596,23.1534385240096,0.0590698807667378,0.15019712357768
"14611255","2006-05-03",21.4508680883843,0.111111111111113,0.0444444444444438,0.112522045855379,23.393103065406,23.004896934594,23.199,0.244980843571537,48.8879931931852,23.1636,23.146313387475,0.0370807630502901,0.127573851472202
"14611254","2006-05-04",21.542706395313,0.444444444444444,0.192592592592592,0.121164021164021,23.3968740003174,23.0061259996827,23.2015,0.624120916604039,53.8119343681228,23.1636,23.160138269145,0.0711208827661514,0.116283257730992
"14611253","2006-05-05",21.6279848231754,0.444444444444444,0.333333333333334,0.190123456790124,23.4011264814563,23.0085401852105,23.2048333333334,0.615049014951757,53.8119343681228,23.1664,23.172119833259,0.0969575806750944,0.112418122319812
"14611252","2006-05-08",20.9052195605431,0.111111111111113,0.333333333333334,0.28641975308642,23.4011614804655,23.0101718528679,23.2056666666667,0.400253108401721,48.4038977394563,23.1584,23.1625038554911,0.0644389728062356,0.102822292417097
"14611251","2006-05-09",20.2340803880989,0.111111111111113,0.222222222222223,0.296296296296297,23.3740799672594,23.0089200327406,23.1915,0.249424864694964,48.4038977394562,23.1504,23.1541700080923,0.0382204468779568,0.0899019233092689
"14611250","2006-05-10",19.5107307700636,0,0.0740740740740755,0.209876543209878,23.411362959914,22.9209703734194,23.1661666666667,-0.260275223568144,38.2884367318115,23.1448,23.1016140070133,-0.100078414199756,0.051905855807464
"14611249","2006-05-11",18.257671636782,0.121621621621622,0.0775775775775784,0.124624624624626,23.4268140624555,22.8848526042112,23.1558333333334,0.0217987133138552,41.7581137775214,23.1308,23.0680654727449,-0.176419259222038,0.00624083280156355
"14611248","2006-05-12",17.0941167273062,0.310810810810807,0.144144144144143,0.0985985985985996,23.4273481961974,22.8666518038027,23.147,0.219991064452032,46.7715609701941,23.1264,23.0576567430456,-0.185860626065082,-0.0321794589717655
"14611247","2006-05-15",16.6185206726929,0.594594594594593,0.342342342342341,0.188021354688021,23.4322171371882,22.8707828628119,23.1515,0.586385890946631,53.2695230063227,23.1304,23.0766358439728,-0.118492056826092,-0.0494419785426308
"14611246","2006-05-16",16.2926813522908,0.0405405405405374,0.315315315315313,0.267267267267266,23.452257944214,22.816742055786,23.1345,-0.0106087918630968,42.389277420023,23.114,23.0384177314431,-0.206225032984775,-0.0807985894310596
"14611245","2006-05-17",15.9901162690603,0.0555555555555512,0.230230230230227,0.295962629295961,23.4577977203378,22.7652022796623,23.1115,0.0358040479064098,42.389277420023,23.0956,23.0052953672507,-0.272768568446546,-0.119192585234157
"14611244","2006-05-18",15.709162977489,0.0555555555555512,0.0505505505505468,0.198698698698696,23.457223878403,22.7211094549304,23.0891666666667,0.0935867344435742,42.389277420023,23.0832,22.9765893182839,-0.321919700972828,-0.159738008381891
"14611243","2006-05-19",15.6003979393645,0,0.0370370370370343,0.105939272605937,23.4506912985508,22.6793087014493,23.065,0.113248555963864,41.3599117540066,23.0692,22.9463774091794,-0.370770416741106,-0.201944490053734
"14611242","2006-05-22",15.6551934008773,0,0.0185185185185173,0.0353687020353666,23.407742870446,22.6509237962208,23.0293333333334,0.0780585555929915,40.3058491079924,23.0532,22.9148604212888,-0.418862078818638,-0.245328007806715
"14611241","2006-05-23",14.9793984863157,0,2.35922392732846e-16,0.0185185185185178,23.4060883101295,22.6149116898705,23.0105,0.162317288168557,39.760228978773,23.0388,22.8848790317837,-0.458867559520526,-0.288035918149477
"14611240","2006-05-24",15.1110238599571,0,2.35922392732846e-16,0.00617283950617308,23.4233382427193,22.5463284239474,22.9848333333334,0.0231904390166442,34.9235331905692,23.0088,22.8335618275458,-0.551487803269024,-0.340726295173387
"14611239","2006-05-25",14.7297206406849,0.375000000000001,0.125,0.0416666666666675,23.3870061038863,22.5359938961138,22.9615,0.310225989092735,46.0773489950224,22.9916,22.8290869172064,-0.513091089861106,-0.375199254110931
"14611238","2006-05-26",13.8972068443521,0.42857142857143,0.267857142857144,0.130952380952382,23.3372237497457,22.5391095835877,22.9381666666667,0.368648699924719,46.0773489950224,22.9736,22.8252086615789,-0.477165186538275,-0.3955924405964
"14611237","2006-05-30",13.1241583191859,0.42857142857143,0.410714285714287,0.267857142857144,23.3215513943016,22.5264486056985,22.924,0.344045321212017,46.0773489950224,22.9496,22.8218475067017,-0.443583804570791,-0.405190713391278
"14611236","2006-05-31",12.6736480851579,0.442857142857142,0.433333333333334,0.370634920634922,23.2983469473104,22.522986386023,22.9106666666667,0.43035498231898,46.4593949209442,22.9388,22.8202678391415,-0.408724335379385,-0.405897437788899
"14611235","2006-06-01",12.2553171535605,0.642857142857142,0.504761904761905,0.449603174603176,23.2815989591577,22.5247343741757,22.9031666666667,0.561878087920333,51.6266856929893,22.9336,22.8375654605893,-0.327820582941118,-0.390282066819343
"14611234","2006-06-02",11.8668670027915,0.642857142857142,0.576190476190475,0.504761904761905,23.2326822686356,22.5436510646978,22.8881666666667,0.589739525554034,51.6266856929893,22.9256,22.8525567325107,-0.260711754859488,-0.364368004427372
"14611233","2006-06-05",11.5061632913632,1,0.761904761904762,0.614285714285714,23.1770926444968,22.5692406888366,22.8731666666667,0.626401392013039,51.6266856929893,22.9116,22.8655491681759,-0.205172865673975,-0.332528976676693
"14611232","2006-06-06",11.0696127831952,0.666666666666669,0.769841269841271,0.702645502645503,23.1291697228843,22.5838302771158,22.8565,0.457518813563824,45.7216949516902,22.9016,22.8568092790858,-0.211656977525698,-0.308354576846494
"14611231","2006-06-07",11.1768123480812,0.444444444444444,0.703703703703704,0.745149911816579,23.0921500430593,22.5825166236074,22.8373333333334,0.263228504919345,42.2520415148286,22.8872,22.8359013752077,-0.249263894948626,-0.29653644046692
"14611230","2006-06-08",10.7257028790629,0.4,0.503703703703704,0.659082892416227,23.0925416901996,22.5761249764671,22.8343333333334,0.304421512096241,41.5725483349694,22.8704,22.81511452518,-0.282939480297029,-0.293817048432942
"14611229","2006-06-09",11.3844975172748,0,0.281481481481481,0.496296296296297,23.1062506564492,22.5244160102175,22.8153333333334,-0.0133188073295987,34.6678217914841,22.8384,22.7664325884893,-0.386718470667646,-0.312397332879883
"14611228","2006-06-12",11.9962353956144,0.399999999999999,0.266666666666666,0.350617283950618,23.0861565815643,22.5105100851024,22.7983333333334,0.242318707322894,43.4615068766406,22.8144,22.7509082433574,-0.393705337448413,-0.328658933793589
"14611227","2006-06-13",11.1418948330341,0.200000000000003,0.200000000000001,0.249382716049383,22.9979359261293,22.545397407204,22.7716666666667,0.267975552115704,40.524429625843,22.7924,22.7241204775764,-0.429839185952741,-0.348894984225419
"14611226","2006-06-14",10.3485785963524,0.5,0.366666666666667,0.277777777777779,22.9949347517686,22.5437319148981,22.7693333333334,0.486702211267907,46.3781056767017,22.7764,22.7209044138996,-0.400641793544132,-0.359244346089162
"14611225","2006-06-15",10.1195047009081,0.300000000000004,0.333333333333336,0.300000000000002,22.994447061225,22.5285529387751,22.7615,0.22490173090673,43.3172400064007,22.77,22.7047838253796,-0.408339176846639,-0.369063312240657
"14611224","2006-06-16",9.67736578204776,0.539999999999999,0.446666666666668,0.382222222222224,22.9913664735612,22.5253001931055,22.7583333333334,0.432055443625469,47.7717758080724,22.7648,22.7068126486624,-0.367572969530428,-0.368765243698611
"14611223","2006-06-19",9.77930578373168,0.340000000000003,0.393333333333336,0.391111111111114,22.9916297293908,22.5103702706093,22.751,0.227797557825253,44.6245442589361,22.75,22.6952376288407,-0.366589319527122,-0.368330058864314
"14611222","2006-06-20",9.12273385876874,0.300000000000004,0.393333333333336,0.411111111111114,22.9920710279133,22.5039289720867,22.748,0.299238769062704,44.0001964312527,22.726,22.6825392783286,-0.368700340410932,-0.368404115173637
"14611221","2006-06-21",8.51305992844602,0.300000000000004,0.313333333333337,0.36666666666667,22.9923767692863,22.490956564047,22.7416666666667,0.250708091349518,44.0001964312527,22.7184,22.6715340412181,-0.366180645968006,-0.367959421332511
"14611220","2006-06-22",8.49990231339036,0.100000000000001,0.233333333333337,0.313333333333337,22.9998035355872,22.4768631310795,22.7383333333334,0.0442437966564667,40.6982648084602,22.7068,22.6486628357224,-0.395276929264909,-0.373422922918991
"14611219","2006-06-23",8.99432651147184,0,0.133333333333335,0.22666666666667,23.0089450014992,22.4327216651675,22.7208333333334,0.02998548261258,37.6551228478099,22.6912,22.6155077909594,-0.448920471118963,-0.388522432558985
"14611218","2006-06-26",9.45343469540464,0.300000000000004,0.133333333333335,0.16666666666667,22.9990894959928,22.4142438373405,22.7066666666667,0.232123057854775,44.3740468285373,22.6832,22.6067734188315,-0.433006383761647,-0.397419222799518
"14611217","2006-06-27",8.9311226122799,0.5,0.266666666666668,0.17777777777778,22.9902148577378,22.4114518089289,22.7008333333334,0.469763100743843,48.3689250528465,22.6808,22.6125369629873,-0.380321414561069,-0.393999661151828
"14611216","2006-06-28",9.2545016656976,0.0600000000000023,0.286666666666669,0.228888888888891,22.9823771294693,22.3766228705307,22.6795,0.0881168042677806,41.3356415158362,22.6704,22.5881987012556,-0.412369520497757,-0.397673633021014
"14611215","2006-06-29",10.0636889157107,0,0.186666666666667,0.246666666666669,22.9626101644187,22.3333898355813,22.648,-0.0212800428842992,38.0827937459013,22.6628,22.5511055410882,-0.475315244108454,-0.413201955238502
"14611214","2006-06-30",11.5769962211761,0,0.0200000000000008,0.164444444444446,22.95324198592,22.2660913474134,22.6096666666667,-0.120436494478022,33.1642950618216,22.6348,22.4909581356098,-0.593878377678181,-0.449337239726438
"14611213","2006-07-03",12.9822101476797,0.316455696202532,0.105485232067511,0.104050632911394,22.90333934083,22.2559939925034,22.5796666666667,0.145217707580034,42.6588676885255,22.6168,22.4721637175285,-0.591588557032285,-0.477787503187607
"14611212","2006-07-05",13.348369906755,0.369230769230768,0.228562155144433,0.118015795737316,22.8689585982465,22.2463747350869,22.5576666666667,0.236046269334091,42.3994071313077,22.5984,22.4545418885247,-0.586668673920454,-0.499563737334177
"14611211","2006-07-06",13.6883753973249,0.584615384615384,0.423433950016228,0.252493779076058,22.8499595863563,22.2417070803104,22.5458333333334,0.391766441273994,47.237764367554,22.5852,22.4579363033881,-0.526411284025086,-0.504933246672358
"14611210","2006-07-07",15.0461450689022,0.153846153846151,0.369230769230768,0.340408958130477,22.833473238785,22.2148600945484,22.5241666666667,0.137630288403671,40.0008296421728,22.5552,22.4235447962697,-0.572764161080808,-0.518499429554048
"14611209","2006-07-10",16.3069311925098,0.307692307692307,0.348717948717947,0.380460889321648,22.8364562190192,22.1918771143142,22.5141666666667,0.193598507059217,43.3394915303691,22.5292,22.407072156767,-0.567095071059032,-0.528218557855045
"14611208","2006-07-11",17.9277800271805,0.0923076923076905,0.184615384615383,0.3008547008547,22.8383876075174,22.1422790591493,22.4903333333334,0.0446112524502301,39.984926499363,22.4976,22.3741292025314,-0.606159811035756,-0.543806808491187
"14611207","2006-07-12",17.6687537057133,0.307692307692307,0.235897435897435,0.256410256410256,22.8175054797418,22.1331611869249,22.4753333333334,0.341210531296472,44.6026318679282,22.4776,22.3642453088606,-0.58003720059504,-0.551052886911958
"14611206","2006-07-13",17.6174136412354,0.230769230769229,0.210256410256409,0.21025641025641,22.7762360538172,22.1264306128496,22.4513333333334,0.24146107525683,43.320633913568,22.4596,22.3490126010125,-0.570835413838966,-0.555009392297359
"14611205","2006-07-14",17.3006633760717,0.461538461538458,0.333333333333332,0.259829059829059,22.7541814605247,22.1251518728087,22.4396666666667,0.436939903239331,48.1367050090188,22.4484,22.3558109208775,-0.503598792947835,-0.544727272427454
"14611204","2006-07-17",17.4088526766993,0.307692307692307,0.333333333333331,0.292307692307691,22.7090680348512,22.1275986318155,22.4183333333334,0.296492588061249,45.3689955762444,22.4424,22.3483694647605,-0.480867600365709,-0.531955338015105
"14611203","2006-07-18",16.6559865326051,0.874999999999998,0.548076923076921,0.404914529914529,22.6863331322879,22.1336668677122,22.41,0.57840777719005,50.0118702962276,22.4344,22.3619202027924,-0.404049167203058,-0.506374103852696
"14611202","2006-07-19",15.6363024226118,1,0.727564102564102,0.536324786324785,22.6758933680254,22.1391066319747,22.4075,0.858615418510967,54.2033394460249,22.4364,22.3936641757534,-0.285803355247183,-0.462259954131593
"14611201","2006-07-20",15.0133656227982,0.699999999999996,0.858333333333331,0.711324786324785,22.6508973428532,22.1474359904802,22.3991666666667,0.600967697110613,49.714186457841,22.4264,22.4011756189863,-0.243361037714473,-0.418480170848169
"14611200","2006-07-21",14.4779851793875,0.636363636363637,0.778787878787877,0.788228438228437,22.6447138657607,22.147952800906,22.3963333333334,0.594612890029377,49.4203285281483,22.42,22.4063522031215,-0.210894409907136,-0.376963018659963
"14611199","2006-07-24",13.4801324709114,0.886363636363635,0.740909090909089,0.792676767676766,22.6577305945425,22.1449360721242,22.4013333333334,0.789914693248935,52.7302504374892,22.4132,22.4255052427053,-0.143917934550031,-0.330354001837976
"14611198","2006-07-25",13.0197958427859,0.659090909090905,0.727272727272726,0.748989898989898,22.6494579424703,22.1475420575298,22.3985,0.688942681789306,49.55538999313,22.4064,22.4287712103446,-0.125377677200222,-0.289358736910426
"14611197","2006-07-26",12.5923404023837,0.727272727272726,0.757575757575755,0.74191919191919,22.6066653943984,22.1700012722684,22.3883333333334,0.709924887392852,50.5179295954697,22.4016,22.435601715632,-0.0987570301723806,-0.251238395562817
"14611196","2006-07-27",13.4294827834398,0.0454545454545444,0.477272727272725,0.654040404040402,22.6022966231669,22.1627033768332,22.3825,0.34265757664942,41.9065878894443,22.3848,22.401521486881,-0.18349954515029,-0.237690625480311
"14611195","2006-07-28",14.0899138191253,0.363636363636363,0.378787878787877,0.537878787878786,22.6054149961754,22.168918337158,22.3871666666667,0.559947003318517,46.4906103904433,22.3776,22.3906519552969,-0.198040392554388,-0.229760578895127
"14611194","2006-07-31",14.7031712094048,1,0.469696969696969,0.441919191919191,22.6239773650692,22.1920226349309,22.408,0.944491023257172,54.2637288806231,22.3856,22.418565027924,-0.107482592076225,-0.205304981531346
"14611193","2006-08-01",14.7682002842361,0.740000000000002,0.701212121212121,0.516565656565656,22.6487514430627,22.1915818902707,22.4201666666667,0.878779963821073,52.7890224726773,22.3856,22.4360896908675,-0.0531472656828513,-0.174873438361647
"14611192","2006-08-02",15.7065197507685,0.299999999999997,0.679999999999999,0.616969696969697,22.6490581434487,22.1922751898847,22.4206666666667,0.462053458435515,46.7666261393853,22.3728,22.4219443987518,-0.0882036895613614,-0.15753948860159
"14611191","2006-08-03",16.5778163982628,0.340000000000003,0.460000000000001,0.613737373737374,22.6428449765374,22.1871550234626,22.415,0.393933730583198,47.3546269418659,22.3696,22.4123518122516,-0.107571541028662,-0.147545899087004
"14611190","2006-08-04",16.4433132296371,0.640000000000001,0.426666666666667,0.522222222222223,22.6513684993521,22.2002981673146,22.4258333333334,0.701372883299592,51.6667019246517,22.3772,22.4240382372847,-0.0681505443867803,-0.13166682814696
"14611189","2006-08-07",16.3184174301989,0.740000000000002,0.573333333333335,0.486666666666668,22.6633797615252,22.2116202384749,22.4375,0.749026294432833,53.0472469867914,22.3952,22.4408331389801,-0.0187254682504356,-0.109078556167655
"14611188","2006-08-08",15.3261169877036,0.711538461538464,0.697179487179489,0.565726495726497,22.6601432105542,22.2575234561125,22.4588333333334,0.850620318822652,53.0472469867914,22.4032,22.4553887204494,0.0201852266830782,-0.0832257995975082
"14611187","2006-08-09",15.3326474912215,0.32692307692308,0.592820512820515,0.621111111111114,22.6593073684904,22.2613592981763,22.4603333333334,0.340012626229214,46.8406136424634,22.4036,22.4413368910561,-0.0206184722740588,-0.0707043341328183
"14611186","2006-08-10",15.3387115302024,0.384615384615384,0.474358974358976,0.58811965811966,22.6509679344533,22.2793653988801,22.4651666666667,0.270812471622876,47.8267056586109,22.3996,22.4331586389153,-0.0417063415632746,-0.0649047356189096
"14611185","2006-08-11",14.4379042360577,0.346153846153846,0.352564102564103,0.473247863247865,22.6507656313923,22.2815677019411,22.4661666666667,0.374954156066598,47.1981326554251,22.406,22.4234041537266,-0.0648758657870063,-0.0648989616525289
"14611184","2006-08-14",13.6014403200661,0.596153846153844,0.442307692307691,0.423076923076924,22.6439138393357,22.3074194939977,22.4756666666667,0.542596060028598,51.6465991315704,22.4136,22.4322835998964,-0.0360541223431765,-0.0591299937906584
"14611183","2006-08-15",14.0923279537539,0.0576923076923099,0.333333333333333,0.376068376068376,22.6621293991266,22.2678706008735,22.465,-0.0706911323144977,43.2038667900527,22.4156,22.4026457865769,-0.112690049783959,-0.0698420049893185
"14611182","2006-08-16",13.9839170436567,0.224489795918367,0.292778649921507,0.356139891854177,22.6456563215623,22.2590103451044,22.4523333333334,0.226709514386496,46.8778429252062,22.4164,22.3916263483666,-0.132339933860914,-0.0823415907636377
"14611181","2006-08-17",13.8832497699951,0.285714285714288,0.189298796441655,0.271803593232165,22.6457448025359,22.2489218641308,22.4473333333334,0.254718480427136,47.8682933834813,22.4204,22.3860761685844,-0.135550265277817,-0.0929833256664736
"14611180","2006-08-18",13.0663720538777,0.510204081632655,0.34013605442177,0.274071166928311,22.6470780003481,22.249921999652,22.4485,0.5457418914351,51.4431886973093,22.4228,22.3959326794398,-0.0973282728072289,-0.0938523150946247
"14611179","2006-08-21",12.3078427460544,0.530612244897957,0.4421768707483,0.323870573870575,22.6378939560127,22.2511060439874,22.4445,0.565927603234667,51.7670041886831,22.4296,22.4058083221812,-0.0627199013917168,-0.0876258323540431
"14611178","2006-08-22",11.9452906048552,0.795918367346942,0.612244897959184,0.464852607709752,22.6539082106592,22.2457584560075,22.4498333333334,0.867920511908163,55.8856581262359,22.4356,22.4317005458904,0.0113461694621675,-0.067831431990801
"14611177","2006-08-23",11.6600938709199,0.795918367346942,0.70748299319728,0.587301587301589,22.6705341205704,22.2414658794297,22.456,0.843379721933319,55.8856581262359,22.4356,22.454140473105,0.0691781672676361,-0.0404295121391136
"14611176","2006-08-24",12.0843970568768,0.481481481481479,0.691106072058454,0.670277987738307,22.6773856678239,22.2596143321762,22.4685,0.726998181161158,50.8498401465139,22.4364,22.456255076691,0.0674951409145308,-0.0188445815283847
"14611175","2006-08-25",12.4783928724082,0.537037037037036,0.604812295288486,0.667800453514741,22.6805540325641,22.2651126341027,22.4728333333334,0.565392295441068,51.926401710453,22.4388,22.4620877331322,0.0760600345976137,0.000136341696814979
"14611174","2006-08-28",11.9922550611146,0.296296296296297,0.438271604938271,0.578063324095071,22.6650477303591,22.2576189363076,22.4613333333334,0.275829949510568,47.1108942037166,22.4316,22.4498093687146,0.0357304905250544,0.00725517146246286
"14611173","2006-08-29",11.540841379199,0.296296296296297,0.376543209876543,0.4732090367011,22.6481169971371,22.2522163361963,22.4501666666667,0.297508126214796,47.1108942037166,22.4284,22.4391681195526,0.00371114763195735,0.00654636669636176
"14611172","2006-08-30",11.7315942929449,0.351851851851848,0.314814814814814,0.376543209876543,22.6484390579247,22.254227608742,22.4513333333334,0.437427827837467,48.391807556419,22.4252,22.4339457036123,-0.0107606641993496,0.00308496051721948
"14611171","2006-08-31",11.908721998566,0.444444444444442,0.364197530864196,0.351851851851851,22.6487560190237,22.2622439809763,22.4555,0.485770171537697,50.5417446555894,22.436,22.436086276464,-0.00419899702088777,0.00162816900959803
"14611170","2006-09-01",11.9203916834129,0.407407407407406,0.401234567901232,0.360082304526748,22.6426204614987,22.2597128718347,22.4511666666667,0.444721214104749,49.6507449727882,22.4404,22.4352747729354,-0.00612145864443692,7.82434787910419e-05
"14611169","2006-09-05",13.0717489219041,0.232558139534887,0.361469997128912,0.37563403196478,22.6358140559477,22.2611859440524,22.4485,0.628571949453968,49.1838656211642,22.4332,22.433238136544,-0.0111138646042175,-0.00216017813781066
"14611168","2006-09-06",14.140866357646,0.175000000000001,0.271655182314098,0.344786582448081,22.6136681818116,22.2653318181884,22.4395,0.44401962575138,49.1838656211642,22.428,22.4314730516715,-0.014899135921842,-0.00470796969461693
"14611167","2006-09-07",14.2622977676292,0,0.135852713178296,0.256325964207103,22.6157261363601,22.2569405303067,22.4363333333334,0.212920478797867,43.915685490895,22.4272,22.415276644782,-0.056831777790356,-0.0151327313137647
"14611166","2006-09-08",15.0251351119095,0.386363636363639,0.187121212121213,0.19820970253787,22.620724672171,22.2629419944958,22.4418333333334,0.63462548544724,52.4011452769581,22.4324,22.4239064254777,-0.0285538123916518,-0.0178169475293421
"14611165","2006-09-11",14.494227976648,0,0.12878787878788,0.15058726802913,22.620754880504,22.2579117861628,22.4393333333334,0.308916486451963,44.6910039082535,22.4244,22.4073855687474,-0.0701305073804392,-0.0282796594995616
"14611164","2006-09-12",14.0012427796194,0,0.12878787878788,0.148232323232325,22.6193646265572,22.2403020401095,22.4298333333334,0.157488399079277,44.6910039082535,22.4144,22.3930674929144,-0.101936366164379,-0.0430110008325251
"14611163","2006-09-13",13.9843544018779,0.177777777777774,0.0592592592592581,0.10561167227834,22.607172537407,22.2664941292597,22.4368333333334,0.333176004189884,48.5900268265999,22.4076,22.3913251605258,-0.0972055985334008,-0.0538499203727002
"14611162","2006-09-14",13.6190572937987,0.0857142857142793,0.0878306878306845,0.0919592752926079,22.6082478833929,22.2637521166071,22.436,0.192303911339673,46.3889303842591,22.4068,22.3831484724557,-0.110211413841799,-0.0651222190665199
"14611161","2006-09-15",13.2798528362966,0.0857142857142793,0.116402116402111,0.087830687830685,22.6094515214418,22.2605484785583,22.435,0.199056794884136,46.3889303842591,22.4048,22.3760620094616,-0.119154049449621,-0.0759285851431402
"14611160","2006-09-18",13.0922537511496,0.142857142857146,0.104761904761901,0.102998236331566,22.6067664039037,22.2515669294297,22.4291666666667,0.277120541115928,47.4923578946469,22.4044,22.3725870748667,-0.117676780676168,-0.0842782242497458
"14611159","2006-09-19",12.9180546006559,0.142857142857146,0.123809523809524,0.114991181657846,22.6029378174854,22.243395515848,22.4231666666667,0.296500533223781,47.4923578946469,22.3988,22.3695754648845,-0.115180409065618,-0.0904586612129203
"14611158","2006-09-20",12.7562982466261,0.142857142857146,0.142857142857146,0.123809523809524,22.5734835372094,22.2478497961239,22.4106666666667,0.313696619814456,47.4923578946469,22.4044,22.3669654028999,-0.111913619655879,-0.094749652901512
"14611157","2006-09-21",12.3085425313397,0,0.0952380952380972,0.120634920634923,22.5424906574045,22.2451760092622,22.3938333333334,0.0722825381754799,39.8158953511388,22.3996,22.3447033491799,-0.161615549967387,-0.108122832314687
"14611156","2006-09-22",11.8927693671452,0.222222222222226,0.121693121693124,0.119929453262789,22.5126531979661,22.2486801353673,22.3806666666667,0.1944132637151,46.0738220017043,22.3976,22.3387429026226,-0.163044842053639,-0.119107234262477
"14611155","2006-09-25",12.0497974171737,0.354838709677415,0.192353643966547,0.136428286965923,22.4944277406414,22.2542389260253,22.3743333333334,0.495836608787863,46.6709904666183,22.3916,22.3349105156062,-0.158739984771206,-0.127033784364223
"14611154","2006-09-26",12.440817951944,0.941176470588237,0.506079134162626,0.273375299940766,22.5193328270546,22.2450005062788,22.3821666666667,1.02673341439081,57.3517555194872,22.3936,22.3595891135254,-0.0785858260672567,-0.11734419270483
"14611153","2006-09-27",11.70503840137,0.529411764705882,0.608475648323844,0.435636142151006,22.5197246430449,22.2456086902885,22.3826666666667,0.490271756751577,50.1418057569401,22.3848,22.3623105650554,-0.0648670088523873,-0.106848755934341
"14611152","2006-09-28",11.1317816807391,0.352941176470591,0.607843137254903,0.574132639913791,22.5153223494213,22.2396776505787,22.3775,0.303490990778583,47.3920213005869,22.3736,22.3566691563813,-0.0747848180207789,-0.100435968351629
"14611151","2006-09-29",12.1067257132185,0.539999999999999,0.474117647058824,0.563478810879191,22.5358708785064,22.2287957881603,22.3823333333334,1.03515683459721,54.1601222168461,22.3736,22.3717799355305,-0.028197846245348,-0.0859883439303726
"14611150","2006-10-02",13.1784215917367,1,0.630980392156864,0.570980392156864,22.6163360665987,22.179330600068,22.3978333333334,1.28298028942974,63.3100812305247,22.3832,22.4208759441264,0.104723413690544,-0.0478459924061893
"14611149","2006-10-03",14.1735677646464,1,0.846666666666666,0.650588235294118,22.6719414692891,22.1480585307109,22.41,1.12991171442915,63.3100812305247,22.398,22.4634258182429,0.207414945346351,0.00320619514431881
"14611148","2006-10-04",15.0976320680625,1,1,0.825882352941177,22.7249135884053,22.1270864115947,22.426,1.02523540611714,63.3100812305247,22.4128,22.5003023758105,0.285306491001802,0.0596262543158155
"14611147","2006-10-05",15.9556917783775,1,1,0.948888888888889,22.7714445963393,22.1212220703274,22.4463333333334,0.951640253787907,63.3100812305247,22.4264,22.5322620590358,0.342922963953529,0.116285596243358
"14611146","2006-10-06",16.7524615093843,1,1,1,22.8080309851009,22.1096356815658,22.4588333333334,0.902589572471946,63.3100812305247,22.438,22.5599604511643,0.384031368810689,0.169834750756824
"14611145","2006-10-09",16.2602416326532,0.740740740740746,0.913580246913582,0.971193415637861,22.8222102057381,22.1184564609286,22.4703333333334,0.684250055680701,55.0560115245053,22.4448,22.5652990576758,0.362322403370374,0.208332281279534
"14611144","2006-10-10",15.5770789016597,0.425925925925927,0.722222222222224,0.878600823045269,22.8212744286039,22.1347255713961,22.478,0.464071505752687,47.0366906816672,22.4452,22.547259183319,0.281089730184192,0.222883771060466
"14611143","2006-10-11",15.415623825531,0.113636363636366,0.42676767676768,0.687523381967829,22.8212416300413,22.1367583699587,22.479,0.384584467426592,43.8032498027965,22.4424,22.5209579588765,0.185897537907986,0.21548652442997
"14611142","2006-10-12",14.5599590345322,0.558139534883726,0.365900608148673,0.504963502379526,22.8279773843132,22.1536892823535,22.4908333333334,0.61246429102473,52.5796703663814,22.452,22.5248302310263,0.180006819344469,0.20839058341287
"14611141","2006-10-13",14.4639055721006,0.261904761904762,0.311226886808285,0.367965057241546,22.8283020924039,22.1703645742628,22.4993333333334,0.501013267442973,47.7601094688596,22.45,22.5121862002228,0.130834276020719,0.19287932193444
"14611140","2006-10-16",14.3747130712713,0.261904761904762,0.360649686231083,0.345925727062681,22.8268418769265,22.1798247897402,22.5033333333334,0.386659356011359,47.7601094688596,22.4552,22.5012280401931,0.0908064152786325,0.172464740603278
"14611139","2006-10-17",13.7278324925948,0.285714285714289,0.269841269841271,0.31390594762688,22.8267854405201,22.19521455948,22.511,0.487860956075016,48.2188314808772,22.4608,22.4930643015007,0.0619486003260228,0.150361512547827
"14611138","2006-10-18",14.3483841594935,0.509433962264152,0.352351003294401,0.327613986455585,22.8465143403549,22.2111523263118,22.5288333333334,0.779892926241659,55.7508213103049,22.4704,22.5099890613006,0.102453392367874,0.140779888511837
"14611137","2006-10-19",14.9246107073279,1,0.598382749326147,0.406858340820607,22.8882503274185,22.2307496725815,22.5595,0.987451986005132,63.9155766254357,22.4924,22.5593238531272,0.224978241989304,0.15761955920733
"14611136","2006-10-20",14.600966955025,0.754716981132076,0.754716981132076,0.568483577917542,22.8979774956825,22.2660225043175,22.582,0.765841717045566,58.139125020772,22.5092,22.5847473393769,0.272252109057569,0.180546069177378
"14611135","2006-10-23",14.3004406136008,0.754716981132076,0.836477987421384,0.729859239293203,22.9096365788546,22.2920300878121,22.6008333333334,0.741523800073522,58.139125020772,22.5252,22.60678102746,0.306105820710045,0.205658019483911
"14611134","2006-10-24",14.0213804394211,0.754716981132076,0.754716981132076,0.781970649895179,22.9253858112083,22.2986141887917,22.612,0.72017589033134,58.139125020772,22.5412,22.6258768904653,0.32907658196355,0.230341731979839
"14611133","2006-10-25",13.1450738308544,0.584905660377359,0.69811320754717,0.763102725366877,22.9252695404741,22.3313971261926,22.6283333333334,0.631902630008666,53.9250866414491,22.5536,22.6304266384033,0.311568318334898,0.246587049250851
"14611132","2006-10-26",12.3964753992793,0.660377358490565,0.666666666666667,0.706498951781971,22.9139620517903,22.3840379482098,22.649,0.665432495095654,55.4699337408409,22.5736,22.6397030866162,0.308387194965176,0.258947078393716
"14611131","2006-10-27",11.8375719024524,0.716981132075473,0.654088050314466,0.672955974842768,22.924890769457,22.3947758972097,22.6598333333334,0.695240702380626,56.6440619131559,22.5908,22.6517426750673,0.312928133838941,0.269743289482761
"14611130","2006-10-30",11.1642378684732,0.67924528301887,0.685534591194969,0.668763102725368,22.9260307384978,22.3946359281689,22.6603333333334,0.668738318334644,55.5916989894956,22.6068,22.6595103183917,0.305858091641742,0.276966249914557
"14611129","2006-10-31",10.4584996033711,0.6,0.665408805031448,0.668343815513628,22.9264011930106,22.3945988069894,22.6605,0.655759612048862,55.0410779920634,22.614,22.6649089426061,0.293303410887558,0.280233682109157
"14611128","2006-11-01",12.1089365560189,0.382716049382715,0.553987110800528,0.634976835675649,22.9539319517485,22.3837347149182,22.6688333333333,0.917107130605242,56.8808243255221,22.6284,22.674921083592,0.294188738228729,0.283024693333072
"14611127","2006-11-02",13.6414851549061,0.456790123456792,0.479835390946502,0.566410435592826,22.9655356985227,22.381130968144,22.6733333333333,0.768079052962417,59.5543815236757,22.6476,22.6915982724464,0.31260352992537,0.288940460651531
"14611126","2006-11-03",14.2568053253183,0.324999999999999,0.388168724279835,0.473997075342289,22.9658580377247,22.3811419622753,22.6735,0.619431184236984,53.5903607969561,22.6568,22.6927185027869,0.288294454466476,0.28881125941452
"14611125","2006-11-06",15.2922042715359,0.290322580645162,0.357370901367317,0.408458338864552,22.9849480281534,22.38638530518,22.6856666666667,0.763408763384787,58.1082785055032,22.6592,22.7070227024153,0.301096588272176,0.291268325186052
"14611124","2006-11-07",16.299034402859,0.431034482758622,0.348785687801261,0.364775104482805,23.004936179306,22.413063820694,22.709,0.856495783136108,62.4397545266963,22.666,22.7340863420932,0.346262917174589,0.302267243583759
"14611123","2006-11-08",17.7159087453932,0.258620689655171,0.326659251019651,0.34427194672941,23.0030055142705,22.4639944857295,22.7335,0.790346563823721,56.7001266755893,22.6688,22.7442081631475,0.342555947690681,0.310324984405144
"14611122","2006-11-09",19.0315777777464,0.482758620689659,0.39080459770115,0.355416512174021,23.02778395554,22.47821604446,22.753,0.870594175097294,61.6371124089532,22.6768,22.7703137413945,0.381274649646213,0.324514917453357
"14611121","2006-11-10",19.5279916231871,0.344827586206896,0.362068965517242,0.359844271412681,23.031911268118,22.516088731882,22.774,0.783043081183251,57.3068603205443,22.6816,22.7822719092086,0.379178022038196,0.335447538370325
"14611120","2006-11-13",19.6414957527377,0.275862068965518,0.367816091954024,0.373563218390806,22.9978360521842,22.5891639478158,22.7935,0.564844161656056,55.2180145747375,22.6904,22.7873023213141,0.359192987451262,0.340196628186512
"14611119","2006-11-14",21.4874773991727,0.49090909090909,0.370532915360501,0.366805990943923,23.0121302412759,22.6308697587242,22.8215,1.13429949968791,60.9641902394133,22.712,22.8116620118055,0.39189640563837,0.350536583676884
"14611118","2006-11-15",23.2016032137194,0.72727272727273,0.498014629049113,0.412121212121213,23.0745769426519,22.6127563906815,22.8436666666667,1.1633168056864,65.1391329077745,22.742,22.8501070768981,0.458351166872117,0.372099500315931
"14611117","2006-11-16",22.827560014606,0.21818181818182,0.47878787878788,0.449111807732498,23.0777448457657,22.612921820901,22.8453333333334,0.646292236749168,52.1915934792241,22.7528,22.8460927999784,0.40736148732663,0.379151897718071
"14611116","2006-11-17",22.8776368271376,0.545454545454546,0.496969696969699,0.49125740160223,23.1081329261706,22.6142004071628,22.8611666666667,0.916048735590057,57.9746304325429,22.7756,22.8666137599813,0.425580313382601,0.388437580850977
"14611115","2006-11-20",23.1165823217301,0.636363636363638,0.466666666666668,0.480808080808082,23.1445138361168,22.6144861638832,22.8795,0.947460914007036,59.4422312207414,22.8004,22.8910652586504,0.452360852060574,0.401222235092896
"14611114","2006-11-21",22.7025493098221,0.454545454545454,0.545454545454546,0.503030303030304,23.1624409138847,22.6265590861154,22.8945,0.790175915550801,55.2839831026057,22.8208,22.8989232241637,0.433290031976918,0.4076357944697
"14611113","2006-11-22",23.096937342682,0.599999999999999,0.563636363636364,0.525252525252526,23.2167259827372,22.6266073505962,22.9216666666667,1.05638530195543,61.1391850654824,22.842,22.9324001276085,0.4829807108228,0.42270477774032
"14611112","2006-11-24",23.4631548017661,0.538461538461536,0.53100233100233,0.546697746697747,23.2405510017867,22.64411566488,22.9423333333333,0.848179683222065,61.1391850654824,22.8528,22.9614134439274,0.516257906166073,0.441415403425471
"14611111","2006-11-27",22.7808798613112,0,0.379487179487178,0.491375291375291,23.2438160804176,22.6368505862491,22.9403333333333,0.142483795067593,41.1446445586031,22.8432,22.9012249847371,0.313884786850749,0.415909280110527
"14611110","2006-11-28",22.1473388451745,0.255319148936169,0.264593562465902,0.391694357651803,23.2392524454109,22.6514142212558,22.9453333333334,0.337823861368697,48.0109010702583,22.8432,22.8810616534388,0.235189907352829,0.379765405558987
"14611109","2006-11-29",20.6931509253129,0.170212765957447,0.141843971631205,0.261974904528095,23.2331638576639,22.6695028090028,22.9513333333334,0.343877805271369,46.0810669025009,22.84,22.852920099647,0.142906611478022,0.332393646742794
"14611108","2006-11-30",19.3677004778635,0.787234042553192,0.404255319148936,0.270230951082015,23.2833891200834,22.65594421325,22.9696666666667,0.983973434734257,58.9606836895148,22.8636,22.9058640863607,0.271261731767636,0.320167263747762
"14611107","2006-12-01",18.8114273562083,0.797979797979798,0.585142202163479,0.377080497647874,23.3474445983501,22.6455554016499,22.9965,1.02738618631961,59.8510376018393,22.8876,22.9584155415126,0.385783267570594,0.333290464512329
"14611106","2006-12-04",18.0712869975674,0.747474747474747,0.777562862669246,0.588986794660554,23.3859357967441,22.666064203256,23.026,0.926927991204853,58.484603206359,22.9084,22.9972934693109,0.453454034744927,0.357323178558848
"14611105","2006-12-05",17.5757951181435,0.980769230769231,0.842074592074592,0.734926552302439,23.4732552430152,22.6480780903181,23.0606666666667,1.07684583055185,63.5089150596667,22.9412,23.0683210067361,0.597956447744696,0.405449832396018
"14611104","2006-12-06",16.4286510156943,0.83653846153846,0.854927479927479,0.824854978223773,23.5210928946319,22.6502404387015,23.0856666666667,0.8839150146004,59.3640639913159,22.9684,23.109878205838,0.652053037039146,0.454770473324644
"14611103","2006-12-07",15.6888690349859,0.711538461538461,0.842948717948717,0.84665026331693,23.5437959096268,22.6702040903733,23.107,0.740005300010486,55.95563062693,22.9888,23.1285611117263,0.641991441628398,0.492214666985395
"14611102","2006-12-08",14.7784119491665,0.633027522935778,0.727034815337566,0.808303671071254,23.5675314454215,22.6841352212452,23.1258333333334,0.734888936947251,54.655823362563,23.0048,23.1380862968294,0.609509409111286,0.515673615410573
"14611101","2006-12-11",13.9329875123342,0.733944954128438,0.692836979534225,0.754273504273503,23.5896777273629,22.7056556059705,23.1476666666667,0.73641942315967,57.0211819929287,23.0292,23.1610081239188,0.61497124337706,0.535533141003871
"14611100","2006-12-12",13.1479505352756,0.733944954128438,0.700305810397551,0.706725868423114,23.5926070442604,22.751726289073,23.1721666666667,0.663915433291849,57.0211819929287,23.0496,23.1808737073963,0.612159577832361,0.550858428369569
"14611099","2006-12-13",12.2981019204044,0.678899082568806,0.715596330275227,0.702913040069001,23.601890430665,22.7631095693351,23.1825,0.604318069276459,55.1996381075372,23.0632,23.1900905464102,0.582290418421638,0.557144826379983
"14611098","2006-12-14",12.3713021505124,0.798165137614677,0.737003058103973,0.717635066258917,23.6296306117912,22.7637027215422,23.1966666666667,0.773309901819411,58.3073430664161,23.086,23.2154118068888,0.596898240691379,0.565095509242262
"14611097","2006-12-15",11.5635890868267,0.569892473118277,0.682318897767253,0.711639428715485,23.6317079800132,22.8012920199868,23.2165,0.612594175089075,52.841613213974,23.0964,23.2133568993036,0.539648326668996,0.560006072727609
"14611096","2006-12-18",10.8135698134043,0.731182795698925,0.699746802143959,0.706356252671729,23.6437881177357,22.8175452155977,23.2306666666667,0.644428875606114,56.5009946013273,23.116,23.2315759793965,0.540159115250649,0.556036681232217
"14611095","2006-12-19",10.9817633573836,0,0.4336917562724,0.605252485394538,23.6519443506386,22.8293889826947,23.2406666666667,0.592394996083913,52.1435301954642,23.1312,23.2273658488103,0.482872295601533,0.54140380410608
"14611094","2006-12-20",11.137943076793,0.375000000000003,0.368727598566309,0.500722052327557,23.6615320974935,22.8514679025065,23.2565,0.635997452236991,55.8134184682918,23.1464,23.2437170689689,0.48398012758164,0.529919068801192
"14611093","2006-12-21",11.8433648214335,0.475000000000001,0.283333333333334,0.361917562724015,23.6788147284194,22.8531852715806,23.266,0.710748294599603,56.7655469749111,23.158,23.2632214597731,0.493000104110175,0.522535275862989
"14611092","2006-12-22",11.6823209851063,0.0999999999999973,0.316666666666667,0.322909199522104,23.6801083495243,22.8608916504757,23.2705,0.462769313619407,52.2212338944,23.1748,23.2601252651367,0.442981779810059,0.506624576652403
"14611091","2006-12-26",12.1287865913333,0.475000000000001,0.349999999999999,0.316666666666667,23.6298890545427,22.977777612124,23.3038333333334,0.632134879196509,56.0134091854545,23.1904,23.2774418964518,0.450165134587954,0.495332688239513
"14611090","2006-12-27",13.4329264579822,0.630434782608693,0.401811594202897,0.356159420289855,23.6071057762531,23.0702275570803,23.3386666666667,0.887424917927262,58.3847780523636,23.208,23.3057829769249,0.484841106106715,0.493234371812953
"14611089","2006-12-28",14.5878807579576,0.608695652173914,0.571376811594202,0.441062801932366,23.5340097092711,23.204990290729,23.3695,0.835846438759185,58.047763244331,23.2292,23.3290119133349,0.50295312726969,0.495178122904301
"14611088","2006-12-29",16.2115074117778,0.382978723404253,0.540703052728953,0.504630486175351,23.5442793433758,23.2150539899576,23.3796666666667,0.794631014874382,54.6505075656164,23.2384,23.3358103248902,0.47716896881258,0.491576292085957
"14611087","2007-01-03",17.7191607331824,0.638297872340424,0.54332408263953,0.551801315654229,23.5589073110292,23.2137593556375,23.3863333333334,0.829327364948834,57.8392333424706,23.2524,23.3577022815715,0.492501623532093,0.491761358375184
"14611086","2007-01-04",18.5040253757478,0.425531914893613,0.482269503546096,0.522098879638193,23.5632687217145,23.2193979449522,23.3913333333334,0.622138904606622,54.406062055287,23.288,23.363341977362,0.464706608445997,0.486350408389347
"14611085","2007-01-05",19.9174760711903,0.660377358490567,0.574735715241535,0.53344310047572,23.5816726189527,23.2083273810473,23.395,1.07587449409073,58.395311230531,23.32,23.3882297137137,0.488792657257808,0.486838858163039
"14611084","2007-01-08",21.5869627555586,0.447761194029851,0.51122348913801,0.52274290264188,23.61667421841,23.1936591149234,23.4051666666667,1.01574202639211,56.617053312592,23.3532,23.4031324185519,0.484969314451478,0.486464949420727
"14611083","2007-01-09",23.1372003910435,1,0.702712850840139,0.596224018406561,23.7214874901062,23.1441791765605,23.4328333333334,1.25724990686817,65.0891923272789,23.378,23.4653814294117,0.602265770946508,0.509625113725883
"14611082","2007-01-10",25.5320545961036,0.690265486725665,0.712675560251838,0.642203966743329,23.8755359481348,23.0664640518652,23.471,1.27331405225097,67.1435244018081,23.4052,23.5339972388234,0.724112213423855,0.552522533665478
"14611081","2007-01-11",27.7558477865165,0.788990825688076,0.82641877080458,0.747269060632186,23.9925607899451,23.0237725433883,23.5081666666667,1.1109006126331,69.2681055683782,23.4392,23.609464273647,0.851285301286575,0.612275087189697
"14611080","2007-01-12",29.8207986061856,0.788990825688076,0.756082379367272,0.765058903474563,24.0867362354609,23.0085970978725,23.5476666666667,1.01230246085746,69.2681055683783,23.462,23.6748690371607,0.940544764052298,0.677929022562217
"14611079","2007-01-16",28.7076246502448,0.256880733944955,0.611620795107035,0.731373981759629,24.0977536766513,23.0419129900155,23.5698333333334,0.635910655666442,50.8402081738086,23.4676,23.654219832206,0.804146473793343,0.703172512808443
"14611078","2007-01-17",27.6739631197283,0.178947368421055,0.408272976018028,0.591992050164112,24.1039140124371,23.0547526542297,23.5793333333334,0.541938258262918,51.5580716258127,23.4796,23.6403238545785,0.698243522943987,0.702186714835551
"14611077","2007-01-18",27.2305587613536,0.136842105263161,0.190890069209723,0.403594613444929,24.1069833221784,23.0860166778217,23.5965,0.555666199916967,50.4992085607786,23.492,23.6229473406347,0.593824561447143,0.68051428415787
"14611076","2007-01-19",26.8188261428628,0.189473684210526,0.16842105263158,0.25586136595311,24.1112406330949,23.1140927002384,23.6126666666667,0.560840186964888,51.8309082192039,23.502,23.6145543618834,0.522138610296019,0.6488391493855
"14611075","2007-01-22",26.4365029971214,0.389473684210528,0.238596491228071,0.199302537689791,24.1169792813233,23.1516873853434,23.6343333333334,0.619825585554335,56.608084306504,23.5196,23.6326137802989,0.524186465028009,0.623908612514002
"14611074","2007-01-23",26.5872537903979,0.430107526881723,0.336351631767592,0.247789725209081,24.1317497582205,23.1839169084462,23.6578333333334,0.68867602381149,57.7943300764363,23.5416,23.6549319429258,0.536620721751091,0.606451034361419
"14611073","2007-01-24",26.9915540119902,0.376344086021507,0.398641765704585,0.324529962900083,24.1462424073459,23.2087575926541,23.6775,0.666224914677191,56.1414765573945,23.5564,23.667607683869,0.523324887808885,0.589825805050913
"14611072","2007-01-25",26.3253244651493,0.0602409638554227,0.288897525586217,0.341296974352798,24.122156155731,23.2738438442691,23.698,0.443417065446923,49.9837216771084,23.5704,23.6519266593531,0.439510359352391,0.559762715911208
"14611071","2007-01-26",26.5958949008662,0.602409638554218,0.346331562810382,0.344623618033728,24.1568643498163,23.3051356501837,23.731,0.874532407018335,60.4854887687815,23.5964,23.698336438106,0.520472891873425,0.551904751103651
"14611070","2007-01-29",25.815704615123,0.317073170731706,0.326574591047115,0.320601226481238,24.1659290945439,23.3260709054561,23.746,0.619861505161948,54.2192812811151,23.6192,23.7078915796919,0.500399172714538,0.541603635425829
"14611069","2007-01-30",24.4205949143414,0.109756097560976,0.343079635615633,0.338661929824377,24.1600785598087,23.355588106858,23.7578333333334,0.448828893474504,50.0888060237305,23.6292,23.693506035733,0.42175307533141,0.517633523406945
"14611068","2007-01-31",22.7538659913271,0,0.142276422764227,0.270643549808992,24.1512277536706,23.3817722463294,23.7665,0.348594234639284,47.7828345030398,23.6336,23.6677052309686,0.321633748762906,0.478433568478137
"14611067","2007-02-01",21.4226113754998,0.307692307692307,0.139149468417761,0.20816850893254,24.1465806595777,23.4167526737557,23.7816666666667,0.529687360703558,52.4934872508772,23.652,23.6720112001728,0.306932014796146,0.444133257741739
"14611066","2007-02-02",20.1864463750887,0.461538461538464,0.256410256410256,0.179278715864081,24.128051486474,23.4719485135261,23.8,0.499999999999973,54.6942624826699,23.6684,23.6890763734831,0.325592896284044,0.4204251854502
"14611065","2007-02-05",18.9438840574389,0.276923076923077,0.348717948717949,0.248092557848655,24.1247923556168,23.4822076443832,23.8035,0.307807441040822,51.6048292582621,23.676,23.687866190352,0.296064037118637,0.395552955783888
"14611064","2007-02-06",18.5353481556733,0.153846153846156,0.297435897435898,0.300854700854701,24.1214088353236,23.4962578313431,23.8088333333334,0.373897133922196,49.5936243748691,23.6808,23.6761506983051,0.242607116504878,0.364963787928086
"14611063","2007-02-07",18.6499804728435,0.461538461538464,0.297435897435898,0.314529914529915,24.1262206302983,23.4961127030351,23.8111666666667,0.667431634225264,54.3803906585757,23.6976,23.6926639385311,0.265336015142514,0.345038233370972
"14611062","2007-02-08",20.0741417852663,0,0.205128205128206,0.266666666666668,24.0852398280733,23.51109350526,23.7981666666667,0.567056076944523,45.1463095309923,23.6936,23.6536420800603,0.145325947392849,0.305095776175347
"14611061","2007-02-09",21.3965772896589,0.145038167938932,0.202192209825798,0.234918770796634,24.0356154939347,23.5123845060654,23.774,0.199304251886821,49.5302143451755,23.7012,23.6451564693856,0.113677062415674,0.266812033423412
"14611060","2007-02-12",23.2226596725975,0.20610687022901,0.11704834605598,0.174789587003328,23.9728736062588,23.5431263937412,23.758,0.551192885862132,51.2952271326153,23.706,23.6484689401341,0.114579677814497,0.236365562301629
"14611059","2007-02-13",24.1800934600493,0.0763358778625964,0.142493638676845,0.153911398186208,23.9734239219355,23.5379094113978,23.7556666666667,0.295644007612661,47.4942030738384,23.706,23.6286730814496,0.0566021305438369,0.200412875950071
"14611058","2007-02-14",24.3446659102408,0,0.0941475826972014,0.117896522476676,24.0147418196831,23.4705915136503,23.7426666666667,-0.19711131120913,43.7938351501064,23.684,23.5875166705896,-0.0503620965232154,0.150257881455414
"14611057","2007-02-15",24.4974831854186,0,0.0254452926208649,0.0873621713316373,24.0467981268659,23.4085352064675,23.7276666666667,-0.0864876704723288,43.7938351501064,23.6576,23.5518477811777,-0.133745567746291,0.0934571916150728
"14611056","2007-02-16",25.3552464071944,0,-5.78241158658936e-16,0.0398642917726886,24.0559702807101,23.3783630526233,23.7171666666667,0.125397541803061,43.7938351501064,23.6264,23.5209347436873,-0.197671777704223,0.0352313977512137
"14611055","2007-02-20",25.0716922320147,0,-5.78241158658936e-16,0.0084817642069546,24.1072483399373,23.2664183267294,23.6868333333334,-0.146385109311821,38.0362361502288,23.584,23.4568101111957,-0.340811871852986,-0.0399772561696263
"14611054","2007-02-21",25.1456859738116,0.155688622754492,0.05189620758483,0.0172987358616097,24.099854937737,23.2268117289297,23.6633333333334,0.160192458203765,45.2360783120163,23.5752,23.4359020963696,-0.360857645248236,-0.104153333985348
"14611053","2007-02-22",24.4663807868102,0.0299401197604794,0.0618762475049898,0.0379241516966065,24.0995989459615,23.1677343873718,23.6336666666667,0.077549480728748,41.0838002855462,23.5568,23.3897818168536,-0.444135861419914,-0.172149839472261
"14611052","2007-02-23",23.8355973988803,0.0299401197604794,0.0718562874251497,0.0618762475049899,24.1095064920104,23.116826841323,23.6131666666667,0.124081478442437,41.0838002855462,23.54,23.3498109079398,-0.50455801139393,-0.238631473856595
"14611051","2007-02-26",23.2498699672312,0.155688622754492,0.0718562874251497,0.0685296074517631,24.0428867967225,23.1164465366109,23.5796666666667,0.284479717404931,46.7523421011968,23.5296,23.3431694535479,-0.474470285035455,-0.285799236092367
"14611050","2007-02-27",23.016493458616,0.185628742514971,0.12375249500998,0.0891550232867599,24.0093934887445,23.1102731779222,23.5598333333334,0.377843563301453,48.0343433305662,23.5136,23.3440801930748,-0.428398693379073,-0.314319127549708
"14611049","2007-02-28",22.9677046847839,0.395209580838323,0.245508982035928,0.147039254823686,24.0078332095097,23.1105001238237,23.5591666666667,0.660661262764473,56.0171252764354,23.5096,23.3915361673315,-0.267892929406421,-0.305033887921051
"14611048","2007-03-01",22.9224008233684,0.6875,0.422779441117764,0.264013639387891,24.0128798461432,23.1104534871901,23.5616666666667,0.65329043966955,56.0171252764354,23.5076,23.432664678354,-0.139268587263919,-0.271880827789625
"14611047","2007-03-02",22.9116589985568,0.697916666666668,0.593542082501663,0.420610168551785,23.9999742907012,23.1140257092988,23.557,0.672696252594925,56.2398752803111,23.514,23.4696427212401,-0.0336511359630753,-0.224234889424315
"14611046","2007-03-05",22.901684446946,0.697916666666668,0.694444444444445,0.570255322687957,23.9872611093718,23.1177388906282,23.5525,0.681133956792446,56.2398752803111,23.5024,23.5016903584081,0.0493601675575217,-0.169515878027947
"14611045","2007-03-06",21.8768377883821,0.661971830985918,0.685935054773084,0.657973860573064,23.9750895756362,23.1129104243638,23.544,0.460565040398115,50.3277821887561,23.492,23.5027983106203,0.0459166082019458,-0.126429380781969
"14611044","2007-03-07",21.6171233236152,0.788732394366199,0.716206964006261,0.69886215440793,23.96392738362,23.1144059497134,23.5391666666667,0.610846722528968,52.735624470008,23.492,23.515758535871,0.07322623027195,-0.0864982585711851
"14611043","2007-03-08",21.375959892046,0.788732394366199,0.746478873239438,0.716206964006261,23.9127659690713,23.1339006975954,23.5233333333333,0.598433797826655,52.735624470008,23.496,23.5269907310882,0.093771934055753,-0.0504442200457974
"14611042","2007-03-09",21.3349164257572,0.910447761194027,0.829304183308808,0.763996673518169,23.8812637562661,23.1467362437339,23.514,0.685153037401071,54.1671152003449,23.494,23.5433919669431,0.125726419534566,-0.0152100921297247
"14611041","2007-03-12",21.8478720612186,0.847222222222223,0.848800792594149,0.808194616380798,23.8975535282138,23.1424464717862,23.52,0.786935031029522,55.6148111884753,23.49,23.5642730380173,0.166224356233702,0.0210767975429606
"14611040","2007-03-13",22.608700513268,0.876543209876546,0.878071064430931,0.852058680111296,23.9081971813834,23.1371361519499,23.5226666666667,0.902908012216469,58.4420894899953,23.4948,23.595703299615,0.22981644189406,0.0628247264131804
"14611039","2007-03-14",23.3151840758853,0.987654320987657,0.903806584362141,0.87689281379574,23.9473240291846,23.1203426374821,23.5338333333333,0.930682806457609,60.8586280286254,23.5064,23.6349428596664,0.307283954988558,0.111716572128256
"14611038","2007-03-15",24.6029644765889,0.837499999999997,0.900565843621399,0.894147830804824,24.0212174455593,23.1114492211074,23.5663333333333,0.991333933177679,62.9224994303077,23.5132,23.6796171450442,0.391250086723227,0.16762327504725
"14611037","2007-03-16",24.4984912176619,0.533333333333331,0.786162551440328,0.863511659807956,24.0483721477973,23.1322945188694,23.5903333333333,0.765261362494323,54.4237939396598,23.5272,23.689001525705,0.378370169832043,0.209772654004209
"14611036","2007-03-19",24.4014803343726,0.576271186440678,0.649034839924668,0.778587744995465,24.0771749553633,23.1421583779701,23.6096666666667,0.75703644100448,57.2502509627363,23.5376,23.7104679889443,0.397588588179709,0.247335840839309
"14611035","2007-03-20",23.0789904542443,0.169491525423725,0.426365348399244,0.620520913254747,24.053380701869,23.220619298131,23.637,0.563643679644728,49.3414279739383,23.5352,23.6970722570851,0.327358846615367,0.26334044199452
"14611034","2007-03-21",21.8509641369823,0.372881355932202,0.372881355932201,0.482760514752038,24.0580006583501,23.2563326749832,23.6571666666667,0.640748209576037,52.8488004856257,23.5444,23.7014626228071,0.308988720460501,0.272470097687717
"14611033","2007-03-22",21.0148482677674,0.542372881355927,0.361581920903951,0.386942875078465,24.0490635432887,23.3272697900446,23.6881666666667,0.738064312085015,55.6071267965313,23.5648,23.7186009397661,0.324701749996703,0.282916428149514
"14611032","2007-03-23",20.4350153190923,0,0.305084745762709,0.346516007532953,24.0080370703295,23.4002962630038,23.7041666666667,0.262782645284149,44.8662257865835,23.57,23.6827874811306,0.205444211241779,0.267421984767967
"14611031","2007-03-26",19.8965990096082,0.153846153846156,0.232073011734027,0.299579892800229,23.987957220244,23.4373761130894,23.7126666666667,0.204554579601639,47.7276570103117,23.5792,23.6650824836466,0.143287743000609,0.242595136414495
"14611030","2007-03-27",18.8505159095104,0,0.0512820512820512,0.196146602926262,23.974585713886,23.4640809527807,23.7193333333333,0.233596999750646,45.2012643292833,23.5956,23.6364048191603,0.0591919500351645,0.205914499138629
"14611029","2007-03-28",17.8791530308482,0.307692307692306,0.153846153846153,0.145733738954077,23.9736803203993,23.4609863462674,23.7173333333333,0.394674010765483,50.8095046384749,23.6096,23.638217509939,0.0601053417976782,0.176752667670439
"14611028","2007-03-29",16.7948235838544,0.246153846153846,0.184615384615383,0.129914529914529,23.9733650545839,23.4523016120828,23.7128333333333,0.302647192365394,49.7136661578345,23.6304,23.6344551752804,0.0466343423691118,0.150729002610173
"14611027","2007-03-30",16.5550945614938,0.0923076923076955,0.215384615384615,0.184615384615384,23.9722846302796,23.4430487030537,23.7076666666667,0.309158836722547,46.985385331958,23.6472,23.6178611519097,0.00177663017986163,0.120938528124111
"14611026","2007-04-02",16.3324890407304,0.369230769230771,0.235897435897437,0.211965811965812,23.9713929403911,23.4419403929423,23.7066666666667,0.468520943478328,52.0829266259058,23.6628,23.6274796649884,0.0274008597980657,0.102230994458902
"14611025","2007-04-03",16.4792723265471,0.507692307692309,0.323076923076925,0.258119658119659,23.9705483752638,23.4697849580696,23.7201666666667,0.619484234029255,54.4417058065438,23.68,23.6478157096566,0.0775228363336433,0.0972893628338503
"14611024","2007-04-04",15.3805554419832,0.145454545454549,0.340792540792542,0.299922299922301,23.9717499862984,23.4649166803683,23.7183333333334,0.259947372749273,47.4537560045644,23.6732,23.6321069483691,0.0315358242741981,0.0841386551219199
"14611023","2007-04-05",14.8562165577118,0.638297872340424,0.430481575162427,0.364783679677298,23.976354040219,23.478645959781,23.7275,0.612180885799919,53.1524143654264,23.6752,23.6478260219199,0.0693899580233248,0.0811889157022009
"14611022","2007-04-09",14.3693304508884,0.851063829787234,0.544938749194068,0.438737621716346,23.9891512136536,23.4858487863464,23.7375,0.723523658731163,55.5140650887004,23.6808,23.6747825523306,0.13193175942543,0.0913374844468467
"14611021","2007-04-10",14.0373610917751,0.234042553191487,0.574468085106381,0.516629469820959,23.9875547466109,23.4801119200558,23.7338333333334,0.36106809218562,47.9628608757327,23.6748,23.6594782120198,0.0816657027360668,0.0894031281046907
"14611020","2007-04-11",13.7291038297413,0.255319148936171,0.446808510638297,0.522071781646249,23.9765604783844,23.4731061882823,23.7248333333334,0.357981148625191,48.2243930170032,23.6772,23.6475477837505,0.0447082593266979,0.0804641543490921
"14611019","2007-04-12",13.2912743159848,0.928571428571426,0.472644376899694,0.497973657548124,23.9688680625045,23.4761319374955,23.7225,0.745229296575541,54.8259865630559,23.6868,23.6732080792504,0.106283303997334,0.0856279842787406
"14611018","2007-04-13",12.6268478225637,0.888888888888895,0.69092648879883,0.536793125445607,23.9336205773918,23.4967127559415,23.7151666666667,0.846755064940433,55.0545622934332,23.6968,23.6967803353504,0.156612555726943,0.099824898568381
"14611017","2007-04-16",12.4720732190705,0.666666666666669,0.82804232804233,0.663871064580285,23.9233738841446,23.4986261158554,23.711,0.591819199326374,52.2096001613955,23.7008,23.703876290637,0.160562771955264,0.111972473245758
"14611016","2007-04-17",13.1390709264642,0.102564102564101,0.552706552706555,0.690558456515905,23.9050461391416,23.4986205275251,23.7018333333334,0.413473300742973,46.9806242833449,23.6948,23.6833594518854,0.0945007858448976,0.108478135765586
"14611015","2007-04-18",13.7584259404727,0.256410256410253,0.341880341880341,0.574209740876408,23.9042684328971,23.494731567103,23.6995,0.362853209667021,48.6424167580094,23.6872,23.673578191634,0.0618543229081725,0.099153373194103
"14611014","2007-04-19",13.7936617898162,0.307692307692303,0.222222222222219,0.372269705603038,23.8975697186738,23.4930969479929,23.6953333333334,0.478572929267649,49.2138309997156,23.6768,23.6677677660828,0.0423064701131404,0.0877839925779104
"14611013","2007-04-20",13.8263807927781,0.32432432432432,0.296142296142292,0.286748286748284,23.8731058898984,23.4965607767683,23.6848333333334,0.407492270862881,49.8151484520843,23.664,23.6653987306051,0.0332492437896903,0.0768770428202664
"14611012","2007-04-23",12.8475823886325,0.567567567567564,0.399861399861395,0.306075306075302,23.8779245586306,23.5127421080361,23.6953333333334,0.704464005718481,52.5384602999343,23.6636,23.6753455665244,0.0561071080503517,0.0727230558662835
"14611011","2007-04-24",12.1301419111401,0.459459459459458,0.450450450450447,0.382151382151378,23.8762088966698,23.5341244366636,23.7051666666667,0.621315069381467,51.208409633267,23.6576,23.6786328243212,0.0598915435970682,0.0701567534124404
"14611010","2007-04-25",11.7267850748599,0.285714285714281,0.437580437580434,0.429297429297425,23.8725115855791,23.5488217477542,23.7106666666667,0.446450795459538,49.5207955030408,23.6592,23.6748151144117,0.0453275378496709,0.0651909102998865
"14611009","2007-04-26",11.1119949794098,0.257142857142858,0.334105534105532,0.407378807378804,23.8729836440264,23.5520163559736,23.7125,0.461055221309784,49.1717658315245,23.6556,23.6701730991568,0.030029497570494,0.058158627754008
"14611008","2007-04-27",10.5411184622062,0.771428571428575,0.438095238095238,0.403260403260401,23.8827623234683,23.5632376765317,23.723,0.803575955501207,55.2814608539198,23.6552,23.6901500192692,0.0783418082347165,0.0621952638501497
"14611007","2007-04-30",9.87853256464323,0.828571428571431,0.619047619047621,0.463749463749463,23.8928142770396,23.5765190562938,23.7346666666667,0.833022209709446,55.9155381853667,23.6708,23.7101300167,0.121988020909192,0.0741538152619581
"14611006","2007-05-01",10.7252192079187,0.0571428571428563,0.552380952380954,0.536507936507937,23.8934027627139,23.5732639039528,23.7333333333333,0.2813448818088,46.358880843494,23.6716,23.6914460144733,0.0639183552412215,0.0721067232578108
"14611005","2007-05-02",11.5114282338174,0.657142857142862,0.514285714285716,0.561904761904764,23.8941506568685,23.5731826764648,23.7336666666667,0.665125505457964,53.0763476296949,23.6848,23.7032532125436,0.0883801195047829,0.0753614025072052
"14611004","2007-05-03",12.3869318971779,0.571428571428573,0.42857142857143,0.4984126984127,23.8902548536065,23.5940784797269,23.7421666666667,0.582720980337035,52.0731008357341,23.6888,23.7094861175377,0.0964308509247225,0.0795752921907087
"14611003","2007-05-04",13.7071901329183,0.257142857142858,0.495238095238097,0.479365079365081,23.886283808222,23.5873828584447,23.7368333333333,0.298707007416659,48.4563889675449,23.69,23.700221301866,0.0646236269622014,0.0765849591450072
"14611002","2007-05-07",14.9331442089629,0.25,0.35952380952381,0.427777777777779,23.8702851618271,23.5860481715062,23.7281666666667,0.318813167343653,48.4563889675449,23.6952,23.6921917949506,0.0389607596711361,0.069060119250233
"14611001","2007-05-08",15.6339188613608,0.25,0.252380952380952,0.36904761904762,23.8696333293641,23.5897000039692,23.7296666666667,0.370207188507898,48.4563889675449,23.6932,23.6852328889572,0.0184056216157025,0.0589292197233269
"14611000","2007-05-09",16.1956927111659,0.857142857142848,0.452380952380949,0.354761904761904,23.8770369325862,23.5979630674138,23.7375,0.759787852062817,54.5496278099467,23.6944,23.7018685037629,0.0593318915161456,0.0590097540818906
"14610999","2007-05-10",17.4321615307358,0.357142857142861,0.488095238095236,0.397619047619046,23.8620920953376,23.5965745713291,23.7293333333333,0.314199331974092,49.3732186346734,23.7,23.6976193699278,0.0435857138108231,0.0559249460276771
"14610998","2007-05-11",18.1234980497425,0.357142857142861,0.523809523809523,0.488095238095236,23.8382097458796,23.6034569207871,23.7208333333333,0.397054842014537,49.3732186346734,23.6968,23.6939367872708,0.0307511541792094,0.0508901876579836
"14610997","2007-05-14",17.9162936076772,0.464285714285709,0.392857142857143,0.468253968253967,23.8382097458796,23.6034569207871,23.7208333333333,0.624244156189248,50.5396431471511,23.6908,23.6947452156347,0.0304452860855564,0.0468012073434982
"14610996","2007-05-15",17.7238894829022,0.964285714285709,0.595238095238092,0.503968253968253,23.8549197397187,23.6040802602813,23.7295,0.940520767495656,55.672307967414,23.702,23.7141125202167,0.0769700119728434,0.0528349682693672
"14610995","2007-05-16",17.5452285098969,0.964285714285709,0.797619047619042,0.595238095238092,23.8670065272483,23.6116601394184,23.7393333333333,0.894235718477117,55.672307967414,23.7128,23.7308975175212,0.112505655507711,0.0647691057170359
"14610994","2007-05-17",18.6173628387246,0.17857142857143,0.702380952380949,0.698412698412694,23.8679395746097,23.608727092057,23.7383333333333,0.223521545101062,46.8178644709674,23.704,23.7161111818517,0.0650893705871347,0.0648331586910557
"14610993","2007-05-18",20.7536200939621,0,0.380952380952379,0.626984126984123,23.9373330095828,23.5083336570839,23.7228333333333,-0.392386739288515,37.7153076936143,23.6824,23.6619630242715,-0.0772518515839482,0.0364161566360549
"14610992","2007-05-21",22.3181930814756,0.259259259259259,0.145943562610229,0.409758965314519,23.9506135166497,23.4630531500169,23.7068333333333,-0.0267723771460177,43.0960844373395,23.6704,23.6337012877019,-0.14087884141788,0.000957157025267996
"14610991","2007-05-22",24.0320427883034,0.111111111111115,0.123456790123457,0.216784244562022,23.9665180499534,23.4124819500466,23.6895,-0.0225291277024722,40.9206176157797,23.6632,23.5985411160083,-0.216251633305009,-0.0424846010407874
"14610990","2007-05-23",25.9814186809457,0,0.123456790123457,0.130952380952381,23.9901043129586,23.3522290203748,23.6711666666667,-0.0400742182763588,37.8353795033986,23.6488,23.5520689672072,-0.313620351231403,-0.0967117510789105
"14610989","2007-05-24",29.2073196461456,0,0.0370370370370376,0.0946502057613175,24.13965548375,23.1063445162501,23.623,-0.357760501156629,24.3340168684259,23.6008,23.4024597715796,-0.665674124457827,-0.210504225754694
"14610988","2007-05-25",32.2027991138313,0.514084507042253,0.171361502347417,0.110618443169304,24.1356087324163,23.0443912675837,23.59,0.105944723340733,43.6218691768843,23.5812,23.3701318020357,-0.686190553662125,-0.30564149133618
"14610987","2007-05-29",33.8361000121416,0.408450704225353,0.307511737089201,0.171970092157885,24.1233723640017,22.9846276359983,23.554,0.118878586809394,41.2926567372446,23.552,23.3221142284309,-0.74592217631505,-0.393697628331954
"14610986","2007-05-30",35.3527365605727,0.485915492957747,0.469483568075117,0.316118935837245,24.1209518832455,22.9363814500879,23.5286666666667,0.185962109480975,43.6681035544891,23.5288,23.2951656646401,-0.74678788585818,-0.464315679837199
"14610985","2007-05-31",36.761041926973,0.492957746478872,0.46244131455399,0.413145539906103,24.097747634083,22.897252365917,23.4975,0.221642662384509,43.8903742734923,23.508,23.2731435760214,-0.735631423260963,-0.518578828521952
"14610984","2007-06-01",38.4388441244234,0.352112676056338,0.443661971830985,0.458528951486697,24.0801228007429,22.8415438659238,23.4608333333333,0.154846382429044,40.4525150467941,23.4796,23.2273910992186,-0.787294834843977,-0.572322029786357
"14610983","2007-06-04",39.9968033077701,0.574468085106382,0.473179502547197,0.459760929644057,24.0571013940555,22.8208986059445,23.439,0.339023174907973,47.3379719811243,23.4564,23.2290722859894,-0.712431197398256,-0.600343863308737
"14610982","2007-06-05",41.4434796923064,0.574468085106382,0.500349615423033,0.472397029933738,24.0309790701473,22.8033542631861,23.4171666666667,0.35568337682486,47.3379719811243,23.4324,23.2305293145242,-0.645650364315398,-0.609405163510069
"14610981","2007-06-06",41.7384957373841,0.654135338345864,0.601023836186209,0.524850984718813,24.0003361734486,22.7973304932181,23.3988333333333,0.440011366652188,48.6702576328533,23.4216,23.2397920725876,-0.565356655604266,-0.600595461928908
"14610980","2007-06-07",41.8679648521308,0.895238095238096,0.70794717289678,0.603106874835341,23.9484865527062,22.8061801139605,23.3773333333333,0.502334458229597,50.2515451420738,23.4052,23.2571531295759,-0.471975587026208,-0.574871486948368
"14610979","2007-06-08",42.1888400553906,0.828571428571429,0.792648287385129,0.700539765489373,23.9129923877683,22.8036742788984,23.3583333333333,0.447415143711328,48.6379243825975,23.3872,23.2628660456325,-0.417442926057321,-0.543385774770159
"14610978","2007-06-11",42.8814743102194,0.685714285714284,0.803174603174602,0.767923354485504,23.8695554056236,22.7991112610431,23.3343333333333,0.390076780500497,45.2824072461502,23.3676,23.2478172395481,-0.42141272418843,-0.518991164653813
"14610977","2007-06-12",43.5992305959956,0.657142857142858,0.723809523809523,0.773210804789752,23.8092948872766,22.8007051127234,23.305,0.359539854318438,44.619393143485,23.3468,23.2307749409417,-0.430062481414228,-0.501205428005896
"14610976","2007-06-13",43.7778470390238,0.804123711340208,0.715660284732449,0.747548137238858,23.7159259862253,22.8344073471081,23.2751666666667,0.46388807687013,47.1207985606844,23.3296,23.2280049488162,-0.401062547018793,-0.481176851808476
"14610975","2007-06-14",42.7573729596614,0.814814814814818,0.758693794432628,0.732721200991533,23.6164311163065,22.8902355503602,23.2533333333333,0.706555929330868,51.3295554945461,23.312,23.2469376223073,-0.318839716849206,-0.448709424816622
"14610974","2007-06-15",41.73955528302,0.981818181818179,0.866918902657735,0.780424327274271,23.5707405624966,22.9165927708368,23.2436666666667,0.851092932812515,53.8043261844375,23.304,23.2766792726664,-0.216523987992001,-0.402272337451698
"14610973","2007-06-18",40.6467288485817,0.964912280701755,0.920515092444917,0.848709263178427,23.5926372345047,22.9093627654953,23.251,0.844907760139697,54.0559107426959,23.2964,23.3037887029775,-0.130534192899245,-0.347924708541207
"14610972","2007-06-19",38.0238969094608,0.634146341463414,0.860292267994449,0.882575421032367,23.611775209929,22.9002247900711,23.256,0.913182245129841,53.1212438723425,23.2864,23.3232835425805,-0.0719874061668735,-0.29273724806634
"14610971","2007-06-20",35.5884101088486,0.634146341463414,0.74440165454286,0.841736338327409,23.6189594290624,22.8980405709376,23.2585,0.765633223270215,53.1212438723425,23.2708,23.3401790702364,-0.0253251710688018,-0.239254832666833
"14610970","2007-06-21",34.2400672158185,0.682539682539683,0.650277455155503,0.751657125897604,23.6651955294663,22.8808044705337,23.273,0.93813180014358,56.0584672374152,23.2592,23.3681551942049,0.045633491547159,-0.182277167824034
"14610969","2007-06-22",32.9880345294334,0.920634920634919,0.745773648212672,0.713484252637012,23.6770361483943,22.9669638516057,23.322,1.05581194823621,60.0971585447939,23.2624,23.4124011683109,0.151741537891015,-0.115473426681025
"14610968","2007-06-25",30.7157890163868,0.603174603174603,0.735449735449734,0.71050027960597,23.6989130126975,22.9824203206358,23.3406666666667,0.768902486796148,53.0905749715227,23.27,23.4240810125361,0.164924436420577,-0.0593938540607043
"14610967","2007-06-26",29.681385787938,0.142857142857143,0.555555555555554,0.678926313072654,23.6936930491853,23.0029736174814,23.3483333333334,0.391417561809423,44.9137552680391,23.2604,23.3955368775313,0.0745988171030776,-0.0325953198279479
"14610966","2007-06-27",28.7208685043784,0.365079365079366,0.37037037037037,0.55379188712522,23.6919953426156,23.0240046573844,23.358,0.488023785096277,48.9976270360191,23.2596,23.3894652938605,0.0506629300406125,-0.0159436698542358
"14610965","2007-06-28",28.3888117119675,0.126984126984124,0.211640211640211,0.379188712522045,23.6893381905369,23.0316618094632,23.3605,0.276232398027709,45.1365767761467,23.2576,23.3642032546791,-0.0198572379890294,-0.0167263834811945
"14610964","2007-06-29",27.2691955401384,0.33333333333333,0.275132275132273,0.285714285714285,23.6691578921091,23.0835087745576,23.3763333333333,0.455035647550456,48.8952006782103,23.2936,23.3596428207219,-0.0305345125625855,-0.0194880092974727
"14610963","2007-07-02",26.540987482546,0.0909090909090921,0.183742183742181,0.223504890171555,23.6687577908372,23.0849088758295,23.3768333333333,0.28276343404407,46.7716624018062,23.2972,23.345023777959,-0.0658851709470332,-0.0287674416273848
"14610962","2007-07-03",25.1452861003651,0,0.14141414141414,0.200096200096198,23.6695726296658,23.0824273703342,23.376,0.239984843204762,43.9455089402087,23.3024,23.3176872742311,-0.130478495670783,-0.0491096524360644
"14610961","2007-07-05",23.8492776740542,0.131147540983604,0.0740188772975647,0.133058400817962,23.6710970213485,23.0709029786515,23.371,0.259522216040671,46.4784417450338,23.3064,23.3046623043336,-0.152282355416977,-0.069744193032247
"14610960","2007-07-06",22.6407280963654,0.131147540983604,0.0874316939890687,0.100954904233591,23.6686240997041,23.0650425669626,23.3668333333334,0.383749480624469,46.4784417450338,23.31,23.2933739970891,-0.167650330609614,-0.0893254205477205
"14610959","2007-07-09",21.4178588913404,0.0983606557377029,0.12021857923497,0.0938897168405346,23.668615267295,23.0633847327051,23.366,0.363412927897471,45.8773770623881,23.3208,23.2809241308106,-0.184650615767246,-0.108390459591626
"14610958","2007-07-10",19.9461074831863,0,0.076502732240435,0.0947176684881581,23.6705656344092,23.0581010322575,23.3643333333334,0.204472716685795,43.1717583976486,23.3156,23.2581342467025,-0.226754235915327,-0.132063214856366
"14610957","2007-07-11",18.5794811756146,0.0937500000000035,0.0640368852459016,0.0869193989071024,23.667399105888,23.0659342274454,23.3666666666667,0.239524829658654,45.480183640797,23.3128,23.2463830138088,-0.236619038542507,-0.152974379593594
"14610956","2007-07-12",17.3104710328694,0.218750000000001,0.104166666666667,0.081568761384335,23.6671991931294,23.0668008068706,23.367,0.305129389622354,48.4849397619387,23.3108,23.2468652786343,-0.214205017953772,-0.16522050726563
"14610955","2007-07-13",16.7267908082508,0.0612244897959204,0.124574829931974,0.0975927939481814,23.6692186356049,23.0384480310618,23.3538333333333,0.160996673286211,44.8266468194633,23.3016,23.2326165748164,-0.231968529491733,-0.17857011171085
"14610954","2007-07-16",16.2897452980848,0.029411764705887,0.103128751500602,0.110623416033082,23.6614024567073,23.011930876626,23.3366666666667,0.181792594156617,44.174026487287,23.2944,23.2176010315076,-0.250142420453103,-0.192884573459301
"14610953","2007-07-17",16.4420027950713,0,0.0302120848339352,0.0859718887555042,23.6550155073189,22.9743178260144,23.3146666666667,0.106286303948601,40.6671872671663,23.2888,23.1899208939732,-0.299400120987392,-0.214187682964919
"14610952","2007-07-18",16.0414361844408,0.181818181818179,0.070409982174688,0.0679169395030754,23.6252192588118,22.9617807411882,23.2935,0.248532337358215,44.140379595602,23.2876,23.1765981081101,-0.307121104023134,-0.232774367176562
"14610951","2007-07-19",15.6694814745697,0.409090909090911,0.196969696969696,0.09919725465944,23.6069902960764,22.954343037257,23.2806666666667,0.366186010661668,48.2206172679336,23.2868,23.1783850270288,-0.275259551477336,-0.241271404036717
"14610950","2007-07-20",15.3240949582607,0.431818181818179,0.340909090909089,0.202762923351158,23.5487506609934,22.9709160056733,23.2598333333333,0.39645250110483,48.6247519259584,23.28,23.1812670234249,-0.243716227199253,-0.241760368669224
"14610949","2007-07-23",15.0033789074025,0.431818181818179,0.424242424242422,0.320707070707069,23.4334503558394,23.0345496441607,23.234,0.414765757481521,48.6247519259584,23.2692,23.183764753635,-0.216223856716546,-0.236653066278689
"14610948","2007-07-24",15.4346265704652,0.159090909090902,0.340909090909086,0.368686868686866,23.3641680478758,23.0624986187909,23.2133333333333,0.190610567943687,43.8605128590052,23.2532,23.1699294531503,-0.233525481770502,-0.236027549377051
"14610947","2007-07-25",15.8350708290235,0.363636363636366,0.318181818181815,0.361111111111108,23.3574981398694,23.058835193464,23.2081666666667,0.372208229624599,47.9774455581057,23.242,23.1699388593969,-0.213446871766398,-0.231511413854921
"14610946","2007-07-26",17.0096330916913,0.0227272727272683,0.181818181818178,0.280303030303027,23.3423001454464,23.0443665212203,23.1933333333333,0.0300966771920499,42.3969430984571,23.2248,23.1499470114773,-0.246956977101509,-0.234600526504238
"14610945","2007-07-27",18.1002980498829,0.343750000000002,0.243371212121211,0.247790404040402,23.3406520460805,23.0366812872529,23.1886666666667,0.274101078236836,46.8365334462582,23.2076,23.1459540766137,-0.235966232076112,-0.234873667618613
"14610944","2007-07-30",19.1130583682036,0.392857142857144,0.253111471861471,0.226100288600287,23.312473314282,23.0418600190514,23.1771666666667,0.28875144837961,46.8365334462582,23.1844,23.1424935330652,-0.224669815017298,-0.23283289709835
"14610943","2007-07-31",20.0534786637871,0.458333333333334,0.398313492063493,0.298265392015392,23.3038265538533,23.0375067794801,23.1706666666667,0.309752517303987,46.8365334462582,23.1692,23.1394943953232,-0.213261924231123,-0.228918702524905
"14610942","2007-08-01",20.6915548937688,0.684210526315792,0.511800334168756,0.38774176603124,23.2980121456157,23.0349878543843,23.1665,0.399248849313695,47.8407168217268,23.1664,23.1395618092801,-0.195000110196775,-0.222134984059279
"14610941","2007-08-02",21.2840542501805,0.684210526315792,0.608918128654973,0.506343984962408,23.2911503004261,23.0331830329073,23.1621666666667,0.414071785618834,47.8407168217268,23.158,23.1396202347094,-0.178469950111704,-0.213401977269764
"14610940","2007-08-03",21.8342322239913,0.684210526315792,0.684210526315792,0.601642996379841,23.2677862114615,23.0408804552052,23.1543333333333,0.436831336631422,47.8407168217268,23.1556,23.1396708700815,-0.163484949198933,-0.203418571655598
"14610939","2007-08-06",23.3041439737699,0,0.456140350877195,0.583089668615987,23.2576745636204,23.0219921030463,23.1398333333333,-0.121599077178679,40.6485450037377,23.142,23.1197147540706,-0.201619334729164,-0.203058724270311
"14610938","2007-08-07",26.0928844173198,0,0.228070175438597,0.456140350877195,23.3443688546706,22.8852978119961,23.1148333333333,-0.43994166455407,28.6067949194054,23.116,23.0504194535279,-0.364107674368375,-0.235268514289924
"14610937","2007-08-08",28.8510951952544,0,-3.70074341541719e-16,0.228070175438598,23.3965968800015,22.7737364533318,23.0851666666667,-0.252174933483906,27.0574450285644,23.0916,22.9810301930575,-0.512100190108766,-0.290634849453692
"14610936","2007-08-09",31.9926684668242,0,-3.70074341541719e-16,0.0760233918128659,23.4665298286827,22.618136837984,23.0423333333333,-0.264975674145456,21.5031319038181,23.0516,22.8795595006498,-0.730849716252169,-0.378677822813388
"14610935","2007-08-10",34.9098436475677,0.102040816326532,0.034013605442177,0.0113378684807258,23.5263704748767,22.47629619179,23.0013333333333,-0.148842985974831,26.7283288133938,23.0156,22.8049515672299,-0.860050188260675,-0.474952295902845
"14610934","2007-08-13",37.8140511860206,0,0.034013605442177,0.0226757369614516,23.5829582877643,22.3257083789024,22.9543333333333,-0.107940655191793,24.4498040618807,22.9752,22.7229580249325,-0.997843316943459,-0.579530500110968
"14610933","2007-08-14",40.5671637399555,0,0.034013605442177,0.0340136054421774,23.6270057878203,22.1919942121798,22.9095,-0.0292640232961294,23.7781264091577,22.9368,22.6465636216082,-1.10938538050988,-0.685501476190749
"14610932","2007-08-15",40.8746485611754,0,-3.70074341541719e-16,0.0226757369614516,23.6493050166971,22.0670283166362,22.8581666666667,0.020838127340494,20.7140153791902,22.888,22.5536884720604,-1.25570795571274,-0.799542772095147
"14610931","2007-08-16",41.1601701808797,0,-3.70074341541719e-16,0.0113378684807258,23.6637137264738,21.9282862735262,22.796,0.0125120335263485,20.7140153791902,22.836,22.4731966757857,-1.35716874198252,-0.911067966072621
"14610930","2007-08-17",42.5784288529845,0,-3.70074341541719e-16,4.39463280580791e-17,23.733520911046,21.6838124222874,22.7086666666667,-0.112444813600619,15.0798153100503,22.7684,22.3367704523476,-1.60071335377954,-1.048997043614
"14610929","2007-08-20",43.6123560926016,0.0236686390532539,0.00788954635108427,0.00262984878369492,23.7495324473644,21.4971342193022,22.6233333333333,-0.00168748399885467,17.0242520415088,22.7032,22.2238677253679,-1.76130779407033,-1.19145919370527
"14610928","2007-08-21",45.0668388938121,0,0.00788954635108427,0.0052596975673898,23.779324740978,21.2803419256887,22.5298333333333,-0.0121417104203631,14.4423314344369,22.6308,22.0873520286522,-1.97370705879616,-1.34790876672345
"14610927","2007-08-22",46.809126395036,0,0.00788954635108427,0.00788954635108468,23.7876800015659,21.0629866651007,22.4253333333333,0.0062441283470535,12.3548597081556,22.5432,21.9290384248319,-2.22950003014957,-1.52422701940867
"14610926","2007-08-23",48.4269647890296,0.0476190476190483,0.0158730158730157,0.0105507028583952,23.7738392486627,20.8811607513373,22.3275,0.0745004726687153,16.6780670004346,22.4556,21.8051666348543,-2.37130717428471,-1.69364305038388
"14610925","2007-08-24",49.929243297738,0.153846153846154,0.067155067155067,0.0303058764597228,23.707748303209,20.7569183634576,22.2323333333333,0.155803049513508,24.6801382271299,22.3756,21.7244777502071,-2.38406381012126,-1.83172720233136
"14610924","2007-08-27",51.7565393346043,0,0.067155067155067,0.0500610500610503,23.6453952805901,20.5979380527433,22.1216666666667,0.101306955550452,20.5380322816612,22.28,21.6025473835128,-2.51221404186234,-1.96782457023755
"14610923","2007-08-28",53.4533142259802,0.0155440414507778,0.0564633984323102,0.0635911775808152,23.551622652271,20.4687106810623,22.0101666666667,0.136653048439954,21.627659054027,22.1904,21.5008743990444,-2.57520687024374,-2.08930103023879
"14610922","2007-08-29",54.9554426615388,0.0377358490566052,0.0177599635024606,0.0471261430299464,23.4192971149181,20.3783695517486,21.8988333333333,0.175921251155086,22.7681700032702,22.0984,21.4167578125052,-2.58579916318646,-2.18860065682833
"14610921","2007-08-30",56.3502762088433,0.119496855345913,0.0575922486177649,0.0439385368508456,23.2476820357899,20.3359846308768,21.7918333333333,0.228050953372687,27.679560626922,22.0176,21.3611901041712,-2.51729132427811,-2.25433879031828
"14610920","2007-08-31",57.1572807585587,0.150943396226416,0.102725366876311,0.0593591929988459,23.0371367824139,20.3378632175861,21.6875,0.265060246234379,29.5356085782265,21.9348,21.3196980902817,-2.41687306099234,-2.28684564445309
"14610919","2007-09-04",57.5790826534097,0.150943396226416,0.140461215932915,0.100259610475664,22.824230195714,20.3581031376193,21.5911666666667,0.287318338575289,29.5356085782265,21.852,21.2837383449108,-2.31109301144979,-2.29169511785243
"14610918","2007-09-05",58.1347596866042,0.131578947368423,0.144488579940418,0.129225054249882,22.6566773069734,20.3593226930267,21.508,0.287581770338164,28.0336772472936,21.7656,21.240573232256,-2.23606840808481,-2.28056977589891
"14610917","2007-09-06",58.6507455031419,0.391304347826086,0.224608897140308,0.169852897671214,22.4735369815924,20.3891296850743,21.4313333333333,0.333046065142196,32.9309020288963,21.6832,21.2191634679552,-2.10708973163206,-2.24587376704554
"14610916","2007-09-07",58.6750383858476,0.434782608695652,0.319221967963387,0.229439815014705,22.3185986072153,20.4167347261181,21.3676666666667,0.369776870401582,34.1375574028613,21.602,21.2046083388945,-1.97089190358055,-2.19087739435254
"14610915","2007-09-10",59.2006678038062,0.0793650793650802,0.301817345295606,0.281882736799767,22.159606767744,20.436393232256,21.298,0.284511132435949,29.3919423170389,21.5108,21.1586605603752,-1.93607362439476,-2.13991664036099
"14610914","2007-09-11",59.1846954569344,0.126984126984129,0.213710605014954,0.278249972757982,22.0050939228037,20.468572743863,21.2368333333333,0.324169903825906,30.6380266516823,21.4268,21.1228391523252,-1.8758897295661,-2.08711125820201
"14610913","2007-09-12",59.1698639919821,0.291666666666668,0.166005291005292,0.227177747105284,21.8286150406849,20.5287182926485,21.1786666666667,0.352295960975324,33.177989637312,21.3608,21.0997939320152,-1.7849960146281,-2.02668820948723
"14610912","2007-09-13",57.984753274286,0.545454545454548,0.321368446368448,0.233694780796232,21.6225285456931,20.6348047876402,21.1286666666667,0.47097704045999,37.2990902956013,21.3016,21.0931547410798,-1.65576740099812,-1.95250404778941
"14610911","2007-09-14",54.6215375830846,0.560000000000002,0.465707070707072,0.317693602693604,21.4360915432624,20.760241790071,21.0981666666667,0.857821146181335,43.9945605190643,21.262,21.1114007756025,-1.46760544892526,-1.85552432801658
"14610910","2007-09-17",51.0514483415293,1,0.701818181818183,0.496297899631235,21.4946287337715,20.7213712662285,21.108,1.20093083190277,55.8431530493204,21.2352,21.1832140055222,-1.14503853495562,-1.71342716940439
"14610909","2007-09-18",47.5463299244869,1,0.853333333333334,0.67361952861953,21.5697870552741,20.6718796113926,21.1208333333333,1.20070325282848,58.1152550451418,21.2176,21.2587854714526,-0.842048438101306,-1.53915142314377
"14610908","2007-09-19",44.7381699071358,1,1,0.851717171717172,21.6994310406239,20.6022356260428,21.1508333333333,1.13723075887407,60.3143690351481,21.2056,21.3376140752589,-0.55810619816592,-1.3429423781482
"14610907","2007-09-20",41.8883917795431,0.699115044247787,0.899705014749262,0.917679449360866,21.7935374086922,20.5764625913078,21.185,0.975183057830612,54.1866499568119,21.1936,21.379265531891,-0.404287477609133,-1.15521139804039
"14610906","2007-09-21",39.2421692324926,0.876106194690268,0.858407079646018,0.91937069813176,21.9059193132164,20.5440806867836,21.225,0.993205768752506,58.704815623602,21.1896,21.4420301276389,-0.204909983372392,-0.965151115106788
"14610905","2007-09-24",36.7328738675032,0.92982456140351,0.835015266780522,0.864375787058601,22.0114791848963,20.5115208151037,21.2615,0.956790455298678,60.1848479697051,21.2084,21.5057594439537,-0.020778243777253,-0.776276540840881
"14610904","2007-09-25",35.5298804971461,0.805194805194807,0.870375187096195,0.854599177840912,22.1608622865053,20.4914710468281,21.3261666666667,1.02344430266824,63.7797148358668,21.2328,21.5849915180932,0.189792796139354,-0.583062673444834
"14610903","2007-09-26",34.7155604439059,1,0.911673122199439,0.872354525358719,22.3569400945196,20.4553932388138,21.4061666666667,1.06997456049068,70.0825481137466,21.2844,21.7056593156808,0.495192395790855,-0.367411659597696
"14610902","2007-09-27",33.1904453103633,0.9079754601227,0.904390088439169,0.895479465911601,22.4822130601985,20.4727869398016,21.4775,0.929227027182084,65.3708301163044,21.342,21.79023807359,0.672418399623154,-0.159445647753526
"14610901","2007-09-28",31.7742669720738,0.906250000000001,0.938075153374233,0.918046121337614,22.590765899919,20.498234100081,21.5445,0.880161486703129,65.3708301163044,21.3956,21.863539663778,0.802768398856024,0.0329971615683839
"14610900","2007-10-01",31.9512004369303,0.201298701298703,0.671841387140468,0.83810220965129,22.5920397490908,20.5486269175759,21.5703333333333,0.499836874209558,41.8668450025691,21.398,21.7830677086076,0.501557982562884,0.126709325767284
"14610899","2007-10-02",32.2306192398718,0.104166666666666,0.403905122655123,0.671273887723275,22.5858728440512,20.5751271559488,21.5805,0.345579676317475,40.9851940573344,21.4136,21.7053253474599,0.237173981540728,0.148802256921973
"14610898","2007-10-03",32.4900795568888,0,0.101821789321789,0.39252276637246,22.5772632531689,20.6034034134978,21.5903333333333,0.310692401174276,40.9851940573344,21.428,21.6379486344653,0.0266899602717974,0.124379797591938
"14610897","2007-10-04",32.7310069941189,0,0.0347222222222215,0.180149711399712,22.5718684241704,20.6221315758296,21.597,0.304930940471784,40.9851940573344,21.4412,21.5795554832032,-0.139032497789315,0.071697338515687
"14610896","2007-10-05",32.7132851918706,0.0775193798449624,0.0258397932816537,0.0541279349418886,22.5663022672286,20.6456977327714,21.606,0.340675165287748,43.463517731731,21.4532,21.5422814187761,-0.230638160607011,0.0112302386911475
"14610895","2007-10-08",32.4499015984185,0.116279069767444,0.0645994832041349,0.0417204995693372,22.5443344690768,20.7099988642566,21.6271666666667,0.348900786781686,44.7136885177478,21.4652,21.5166438962727,-0.28141075359277,-0.047297959765636
"14610894","2007-10-09",32.2616818973254,0.100775193798449,0.0981912144702846,0.0628768303186915,22.5228518111931,20.7684815221403,21.6456666666667,0.323868426222128,44.2917895473387,21.4764,21.4917580434363,-0.325499855381228,-0.102938338888754
"14610893","2007-10-10",31.008009912262,0.116279069767444,0.111111111111112,0.0913006029285108,22.4985097606059,20.8364902393941,21.6675,0.353090373758875,44.8521675759063,21.492,21.4728569709781,-0.348988216720092,-0.152148314455022
"14610892","2007-10-11",30.522256001112,0,0.0723514211886304,0.093884582256676,22.4902552980692,20.8557447019308,21.673,0.216734782207076,40.07654954601,21.494,21.4271427081811,-0.445358590737877,-0.210790369711593
"14610891","2007-10-12",29.4841284585491,0.272058823529413,0.129445964432285,0.104302832244009,22.48812961922,20.87387038078,21.681,0.387874267224315,49.7642885666401,21.5096,21.4368570137569,-0.378152049204694,-0.244262705610213
"14610890","2007-10-15",28.5806209606811,0.338235294117648,0.20343137254902,0.135076252723312,22.497124277537,20.879875722463,21.6885,0.568944256991403,51.8053222308187,21.5388,21.4572760785893,-0.287709823815907,-0.252952129251352
"14610889","2007-10-16",27.4354020950004,0.305785123966943,0.305359747204667,0.212745694728658,22.4948910579508,20.8784422753825,21.6866666666667,0.516497068731305,49.6336297346216,21.5632,21.4629726014441,-0.247046455897537,-0.251770994580589
"14610888","2007-10-17",26.3719845768683,0.355371900826446,0.333130772970345,0.280640630908011,22.4837832006199,20.8742167993801,21.679,0.510976040909561,51.1051968613622,21.5876,21.4759095879182,-0.190078728029375,-0.239432541270346
"14610887","2007-10-18",25.3845254528886,0.559633027522935,0.406930017438774,0.348473512537929,22.4821916697316,20.8734749969351,21.6778333333333,0.538643639192598,55.3224947312546,21.6152,21.5111216428624,-0.076507543764559,-0.206847541769189
"14610886","2007-10-19",25.2471594782879,0.486238532110093,0.467081153486491,0.402380647965204,22.4716037907753,20.8723962092247,21.672,0.567533446718206,53.1291513971251,21.6324,21.5309720904808,-0.0164063199279529,-0.168759297400942
"14610885","2007-10-22",25.1196053590159,0.61467889908257,0.553516819571866,0.475842663499044,22.4569962655077,20.872670401159,21.6648333333333,0.587418884660403,56.3877864511724,21.6384,21.5668424784167,0.0826175024742914,-0.118483937425895
"14610884","2007-10-23",23.8172163445175,0.339449541284405,0.480122324159022,0.50024009907246,22.3875032256806,20.8804967743194,21.634,0.466379263591801,48.5917578888448,21.6284,21.5579301479611,0.0482494077271634,-0.0851372683952833
"14610883","2007-10-24",23.0282428989288,0.348623853211012,0.434250764525995,0.489296636085628,22.234714678692,20.9479519879746,21.5913333333333,0.535230531363991,48.8456413718635,21.6148,21.5515394615663,0.0244646749048227,-0.0632168797352621
"14610882","2007-10-25",22.7191408233449,0.477064220183486,0.388379204892967,0.434250764525995,22.1163452881971,21.0103213784696,21.5633333333333,0.695896910329945,52.3905692362408,21.6148,21.5646675333575,0.057347662055296,-0.0391039713771505
"14610881","2007-10-26",22.4321174674455,0.633027522935781,0.486238532110092,0.436289500509685,21.9937304815107,21.0882695184893,21.541,0.889120401345255,56.3465059729483,21.6136,21.5987118622431,0.145238145999205,-0.00223554790187946
"14610880","2007-10-29",20.9449633661983,0.339449541284405,0.483180428134557,0.452599388379206,21.9935234407284,21.0881432259383,21.5408333333333,0.528533132170688,48.2237554080741,21.5968,21.5855502806107,0.0942053889137373,0.0170526394612439
"14610879","2007-10-30",20.5829734988942,0.715596330275231,0.562691131498471,0.510703363914374,22.0443431319285,21.1059902014049,21.5751666666667,0.906563444936568,56.8138703041596,21.5892,21.628810243196,0.20449750526863,0.0545416126227212
"14610878","2007-10-31",20.2100790802793,0.555555555555554,0.536867142371729,0.52757956733492,22.0739909738835,21.1476756927832,21.6108333333333,0.844555113338446,56.5673599517996,21.5656,21.6649688774365,0.284674279047836,0.100568145907744
"14610877","2007-11-01",19.2780420214761,0.333333333333332,0.534828406388038,0.54479556008608,22.0752252359727,21.2067747640273,21.641,0.706114229633632,52.6324142446919,21.5416,21.6749730271116,0.285257788624804,0.137506074451156
"14610876","2007-11-02",17.9643412187348,0.171874999999999,0.353587962962961,0.475094503907577,22.0660010964897,21.2553322368436,21.6606666666667,0.540295943624773,49.6126482066502,21.5124,21.6663099568301,0.23462293920522,0.156929447401969
"14610875","2007-11-05",17.3130149925815,0,0.168402777777776,0.352273049042926,22.0566123149485,21.2977210183849,21.6771666666667,0.503733516705433,47.1476636765031,21.522,21.6441352959194,0.151755968322509,0.155894751586077
"14610874","2007-11-06",16.7082120682963,0.654545454545453,0.275473484848483,0.265821408529741,22.0584109353718,21.3495890646282,21.704,0.738894058327641,55.0235812067256,21.5484,21.6729172564635,0.217686860319732,0.168253173332808
"14610873","2007-11-07",15.7641150661729,0.472727272727275,0.375757575757575,0.273211279461279,22.0542822244251,21.3907177755749,21.7225,0.606746727399387,52.675423878173,21.5708,21.684528288935,0.22999116384137,0.18060077143452
"14610872","2007-11-08",16.3886272647591,0,0.375757575757575,0.342329545454545,22.0171067766897,21.4438932233103,21.7305,-0.128910460812907,39.8540732584434,21.5652,21.6012578504104,-0.0209450865275351,0.140291599842109
"14610871","2007-11-09",16.9685314491606,0.181818181818181,0.218181818181818,0.323232323232323,22.0528926493804,21.3864406839529,21.7196666666667,-0.154710850846437,43.6521377141065,21.5628,21.5530901370223,-0.1513855076957,0.0819561783345474
"14610870","2007-11-12",20.1407336007332,0,0.0606060606060597,0.218181818181818,22.4778131147814,20.7728535518853,21.6253333333333,-0.504129386559686,24.1876850381803,21.4732,21.2273447854193,-1.04827263357912,-0.144089584048186
"14610869","2007-11-13",23.0863498843364,0.472789115646258,0.218202432488146,0.165663437092008,22.509016636703,20.6456500299637,21.5773333333333,0.0577896496482115,42.2764714501853,21.44,21.1303654806968,-1.22344569458662,-0.359960806155873
"14610868","2007-11-14",25.2671333042775,0.591836734693878,0.354875283446711,0.211227925513639,22.5024027365743,20.5875972634257,21.545,0.241488100519137,45.7842568425591,21.42,21.0929834166039,-1.21529063510269,-0.531026771945237
"14610867","2007-11-15",25.8840897531471,0.639455782312925,0.568027210884353,0.380368308939737,22.4818232393017,20.5665100940316,21.5241666666667,0.39514334309807,47.1672748393879,21.4144,21.07925229439,-1.1422044577259,-0.653262309101371
"14610866","2007-11-16",26.7935970968532,0.537414965986395,0.589569160997732,0.504157218442932,22.471549278028,20.4827840553053,21.4771666666667,0.179616950564746,44.5449938754584,21.382,21.0273519884713,-1.18583999512379,-0.759777846305855
"14610865","2007-11-19",27.9410956859927,0.440273037542662,0.539047928613993,0.56554810016536,22.4660165869808,20.3709834130192,21.4185,0.123633644660167,42.107946741231,21.3344,20.9437050566752,-1.31749348066375,-0.871320973177433
"14610864","2007-11-20",29.1186705742681,0.402730375426621,0.460139459651892,0.529585516421206,22.48877825267,20.2335550806634,21.3611666666667,0.0900627434679034,41.1874768571889,21.286,20.8565443824518,-1.44883687535725,-0.986824153613397
"14610863","2007-11-21",30.4620398459411,0.31740614334471,0.386803185437997,0.461996857901294,22.5382862627092,20.0243804039574,21.2813333333333,0.00621327803035449,39.0957403901733,21.2252,20.7476717981249,-1.63265329262404,-1.11598998141553
"14610862","2007-11-23",31.9098767012237,0.245733788395904,0.321956769055744,0.389633138048545,22.5671068661773,19.8005598004894,21.1838333333333,0.0106414959917978,37.3785131412084,21.1488,20.6253155583749,-1.84124485245374,-1.26104095562317
"14610861","2007-11-26",33.5966489542728,0.114583333333334,0.225907755024649,0.311555903172797,22.5902357699062,19.5367642300938,21.0635,-0.0164067563014547,34.3600740552484,21.06,20.4672734839249,-2.13821546025176,-1.43647585654889
"14610860","2007-11-27",34.012613264311,0,0.120105707243079,0.222656743774491,22.6259022707765,19.2834310625568,20.9546666666667,0.0318832776124176,31.8067699746702,20.9512,20.2823036860683,-2.49222238936266,-1.64762516311164
"14610859","2007-11-28",34.3988658379178,0.0343642611683854,0.049649198167239,0.131887553478322,22.5622254943773,19.091107838956,20.8266666666667,0.0880289457297499,33.289709572956,20.8584,20.1353298612592,-2.70684175665474,-1.85946848182026
"14610858","2007-11-29",34.7695803778992,0.0309278350515476,0.0217640320733102,0.0638396458278763,22.4661526440996,18.9321806892338,20.6991666666667,0.126718411035953,33.2119308141485,20.7648,20.0066192130913,-2.85186960633853,-2.05794870672392
"14610857","2007-11-30",35.190096495872,0.0103092783505159,0.0252004581901488,0.0322045628102331,22.3599175202605,18.7884158130728,20.5741666666667,0.148840524381479,32.717991526062,20.6632,19.8870699846791,-2.96017844140591,-2.23839465366032
"14610856","2007-12-03",34.0877813489505,0.109965635738832,0.0504009163802976,0.0324551355479193,22.221483520861,18.7271831458057,20.4743333333333,0.277447104370818,37.552227332035,20.5664,19.8221273200552,-2.89693496632094,-2.37010271619244
"14610855","2007-12-04",34.2535368612332,0,0.0400916380297817,0.0385643375334098,22.0938488290009,18.6018178376658,20.3478333333333,0.156980898421124,30.2807223042527,20.4464,19.6458436773812,-3.18065660793637,-2.53221349454123
"14610854","2007-12-05",34.4074526940671,0.171919770773639,0.0939618021708229,0.0614847855269678,21.8686877362238,18.5779789304428,20.2233333333333,0.244735845807952,38.7902015113799,20.334,19.573064520397,-3.12664681420971,-2.65110015847492
"14610853","2007-12-06",34.5503745388415,0.352272727272727,0.174730832682121,0.102928090960909,21.6134838836921,18.6058494496412,20.1096666666667,0.303943371577756,42.9169202617263,20.2352,19.5539892510108,-2.91493825290468,-2.70386777736087
"14610852","2007-12-07",33.3509037664722,0.467181467181468,0.330457988409277,0.199716874420741,21.4254597767694,18.645873556564,20.0356666666667,0.44759411828718,46.229431242499,20.154,19.5747906842093,-2.60160936341063,-2.68341609457083
"14610851","2007-12-10",32.2371094778437,0.672645739910314,0.497366644788169,0.33418515529319,21.2430438358191,18.7082894975142,19.9756666666667,0.542476174136334,49.498180487578,20.0896,19.6314852596481,-2.20824090896043,-2.58838105744875
"14610850","2007-12-11",30.1285257985668,0.504032258064516,0.547953155052098,0.458592596083182,21.2575097916563,18.7184902083437,19.988,0.567742683487144,46.8538890736922,20.0196,19.6472872250283,-1.97633365108396,-2.46597157617579
"14610849","2007-12-12",28.1705552392384,0.608870967741936,0.595182988572254,0.546834262804174,21.1781103787211,18.7338896212789,19.956,0.564369526710828,49.8542417393821,19.9456,19.6956489283579,-1.66660388880647,-2.30609803870193
"14610848","2007-12-13",26.6279241172918,0.463709677419354,0.525537634408601,0.556224592677652,21.0106057881783,18.7817275451551,19.8961666666667,0.480782560255406,45.9833151909744,19.8612,19.6895624045768,-1.55063027867205,-2.15500448669595
"14610847","2007-12-14",25.6810141076634,0.346774193548387,0.473118279569892,0.531279634183583,20.716928793423,18.8987378732437,19.8078333333333,0.361859024880671,43.0814119703403,19.7932,19.6456207506333,-1.55978841505834,-2.03596127236843
"14610846","2007-12-17",26.2490560784945,0,0.27016129032258,0.422939068100358,20.5991143496388,18.8045523170278,19.7018333333333,-0.0471158508267446,34.0613481875591,19.6728,19.4568713172155,-2.01149500304804,-2.03106801850435
"14610845","2007-12-18",28.4988441239498,0,0.115591397849461,0.286290322580645,20.9962588093644,18.0204078573023,19.5083333333333,-0.423545358153402,22.5449765192764,19.5352,18.9519551415868,-3.41892416835999,-2.30863924847548
"14610844","2007-12-19",30.5879330233011,0.463276836158192,0.15442561205273,0.180059433408257,20.9156974327643,17.8856359005691,19.4006666666667,0.13125061274783,42.621306284954,19.4404,18.8423611227085,-3.46925923825028,-2.54076324643044
"14610843","2007-12-20",31.9306506754919,0.448210922787194,0.303829252981794,0.191282087627996,20.8677266214746,17.7639400451921,19.3158333333333,0.186673044006521,42.2378847908503,19.3284,18.7367129730141,-3.5060969360961,-2.73382998436357
"14610842","2007-12-21",33.1774599239548,0.448210922787194,0.453232893910859,0.303829252981795,20.8388904091129,17.6311095908871,19.235,0.181503592495537,42.2378847908503,19.2108,18.6451512432788,-3.49768746804362,-2.88660148109958
"14610841","2007-12-24",34.6567464946829,0.346516007532957,0.414312617702448,0.390458254865034,20.8691402992455,17.4295263674212,19.1493333333333,0.0999551033129507,39.4590097336345,19.0836,18.493797744175,-3.6864552548704,-3.04657223585375
"14610840","2007-12-26",35.8200147833948,0.391713747645951,0.3954802259887,0.421008579200669,20.8683482308505,17.2883184358162,19.0783333333333,0.190412260012291,41.3072295997449,18.9776,18.3946247116183,-3.69299760947832,-3.17585731057866
"14610839","2007-12-27",37.2701331671946,0.273069679849341,0.337099811676082,0.382297551789077,20.8841821936436,17.0914844730231,18.9878333333333,0.130561998376864,38.0255678641015,18.8508,18.2246747500692,-3.93443179836692,-3.32757220813631
"14610838","2007-12-28",38.6166716664373,0.43879472693032,0.367859384808537,0.36681314082444,20.8477512122588,17.0039154544079,18.9258333333333,0.295560116810848,44.6413343010317,18.7692,18.1947181167267,-3.69723473172876,-3.4015047128548
"14610837","2007-12-31",38.4814764673648,0.444444444444445,0.385436283741368,0.363465160075329,20.8058487306467,16.9541512693533,18.88,0.376245039633354,44.8574457392432,18.6972,18.1727557011631,-3.45650048789073,-3.41250386786199
"14610836","2008-01-02",38.3559380682261,0.531182795698925,0.471473989024562,0.408256552524823,20.7148469326453,16.8931530673547,18.804,0.33584940200708,45.6945730030206,18.6452,18.1683882743414,-3.18039152297449,-3.36608139888449
"14610835","2008-01-03",37.8152397282633,0.520697167755991,0.498774802633119,0.451895025133017,20.6777836854562,16.8352163145438,18.7565,0.355174953024215,45.1576427730692,18.6044,18.1539365044292,-2.96300920978849,-3.28546696106529
"14610834","2008-01-04",36.7257043896109,0.616822429906542,0.556234131120485,0.508827640926056,20.6138458011738,16.8084875321595,18.7111666666667,0.438376367368758,47.2438665735553,18.5696,18.1747449705053,-2.64917424472724,-3.15820841779768
"14610833","2008-01-07",35.0345707254837,0.702233250620347,0.613250949427626,0.556086627727077,20.5385610218041,16.8057723115292,18.6721666666667,0.518172293852747,48.8368111407329,18.5428,18.2181123077713,-2.28966619847382,-2.98449997393291
"14610832","2008-01-08",32.9121523804601,0.851662404092072,0.723572694872986,0.631019258473699,20.4362979738357,16.838368692831,18.6373333333333,0.654533331973867,52.8698090013394,18.5384,18.3223640000684,-1.76377997889063,-2.74035597492445
"14610831","2008-01-09",31.5319530154102,0.674220963172805,0.742705539295074,0.693176394531896,20.3960033923827,16.8586632742839,18.6273333333333,0.855069051339927,56.557620194811,18.5424,18.4793821333926,-1.11656241955337,-2.41559726385024
"14610830","2008-01-10",29.7033985759245,0.560906515580737,0.695596627615204,0.720624953927755,20.2597446041132,16.9225887292201,18.5911666666667,0.753359456883953,52.9856916950106,18.5664,18.5621311822736,-0.770956737560446,-2.08666915859228
"14610829","2008-01-11",28.0054551678307,0.592067988668556,0.609065155807365,0.682455774239215,20.1093539814536,16.9949793518797,18.5521666666667,0.750826172050327,53.8488911296869,18.5708,18.6485136913038,-0.445082964550991,-1.75835191978402
"14610828","2008-01-14",26.3555638806178,0.577903682719547,0.576959395656279,0.62720705969295,19.9974873423135,17.0458459910198,18.5216666666667,0.744496732758664,53.3692305365637,18.56,18.7167118657966,-0.206786302921569,-1.44803879641153
"14610827","2008-01-15",24.591105046487,0.487252124645892,0.552407932011331,0.579477494491659,19.9095233441265,17.0774766558735,18.4935,0.676491911452801,50.2822316195722,18.5252,18.7331502836904,-0.154096310942575,-1.18925029931774
"14610826","2008-01-16",22.9526789862228,0.541076487252125,0.535410764872521,0.554926030846711,19.9480239419371,17.0753093913963,18.5116666666667,0.698998771583154,52.0554927768752,18.4864,18.772730245865,-0.0304178437499747,-0.957483808204187
"14610825","2008-01-17",21.4787225794531,0.377358490566038,0.468562367488018,0.518793688123957,19.8344157895642,17.4195842104358,18.627,0.682069288171795,51.7416919831482,18.4564,18.8030328797497,0.053954511165033,-0.755196144330343
"14610824","2008-01-18",20.4633258138782,0.286259541984733,0.401564839934298,0.468512657431613,19.8503518169436,17.453314849723,18.6518333333333,0.553468790185276,49.3903505647759,18.4072,18.7999618291164,0.0262085717894101,-0.598915201106392
"14610823","2008-01-22",19.8033548817881,0.20849420849421,0.290704080348326,0.386943762590215,19.8551668416632,17.4741664916702,18.6646666666667,0.472840547181417,47.4888299221325,18.3652,18.7733002519009,-0.072185435487071,-0.493569247982528
"14610822","2008-01-23",18.8226907867589,0.20849420849421,0.234415986324384,0.308894968869003,19.8595683327635,17.5147650005698,18.6871666666667,0.489835679177821,47.4888299221325,18.3348,18.7501935516474,-0.148590705523921,-0.424573539490807
"14610821","2008-01-24",17.7183229300589,0.128205128205129,0.181731181731182,0.235617082801298,19.8286144584205,17.6387188749128,18.7336666666667,0.486148502439213,47.6187665280351,18.35,18.7315010780944,-0.20261220284562,-0.380181272161769
"14610820","2008-01-25",16.8957944837492,0,0.112233112233112,0.176126760096226,19.8044091559243,17.7175908440757,18.761,0.382915857146713,46.2626782476921,18.4632,18.7006342676818,-0.289593027602575,-0.36206362324993
"14610819","2008-01-28",16.0243853655346,0.0139534883720936,0.0473862055257402,0.113783499830012,19.7105389455859,17.9081277210807,18.8093333333333,0.357968039413269,46.708418325059,18.4792,18.6778830319909,-0.341813604820729,-0.35801361956409
"14610818","2008-01-29",15.8621888516266,0,0.00465116279069736,0.0547568268498503,19.6878050385948,17.9668616280719,18.8273333333333,0.309794249286863,41.4067917677217,18.4812,18.6008319610588,-0.563094340112646,-0.399029763673801
"14610817","2008-01-30",15.7115778029977,0.124378109452736,0.0461105326082762,0.032715966974905,19.6833591600626,17.9839741732708,18.8336666666667,0.321307903137387,45.2945629848633,18.4932,18.5673876995843,-0.623523432438422,-0.443928497426726
"14610816","2008-01-31",14.8379835399704,0,0.0414593698175783,0.0307403550721844,19.6819813210683,17.9866853455984,18.8343333333333,0.1199287070479,41.2827082934485,18.5132,18.4930693396397,-0.810571390042314,-0.517257075949843
"14610815","2008-02-01",14.6214052794679,0.314285714285713,0.146221274579483,0.0779303923351128,19.6590468585396,18.0489531414604,18.854,0.338104661920212,47.7343986441552,18.5412,18.4873267610211,-0.758592841033034,-0.565524228966481
"14610814","2008-02-04",14.4904316592658,0.534883720930231,0.283056478405314,0.156912374267459,19.6562631185629,18.0814035481038,18.8688333333333,0.439359672575657,51.026979194231,18.6044,18.5156831928849,-0.601387338514581,-0.572696850876101
"14610813","2008-02-05",13.8704235024853,0.364341085271317,0.404503506829087,0.277927086604628,19.6573587209716,18.0609746123617,18.8591666666667,0.304245107230413,48.1522034145288,18.6236,18.5109254338336,-0.566177185889882,-0.571392917878857
"14610812","2008-02-06",13.7681998990158,0.519379844961239,0.472868217054262,0.386809400762888,19.6217361080358,18.0535972252975,18.8376666666667,0.452597735983984,50.8624547873838,18.6496,18.5334687093225,-0.445990900544668,-0.54631251441202
"14610811","2008-02-07",12.8224859407627,0.186046511627906,0.35658914728682,0.411320290390057,19.403722241556,18.1266110917774,18.7651666666667,0.240168791580235,45.3710749966088,18.654,18.4956728814128,-0.531972423266169,-0.54344449618285
"14610810","2008-02-08",12.1437848507073,0.108527131782944,0.271317829457362,0.366925064599482,19.2934077844705,18.1292588821961,18.7113333333333,0.198205845792631,44.1765581783442,18.6576,18.4495831638911,-0.636801084709815,-0.562115813888243
"14610809","2008-02-11",12.4981146665734,0,0.0981912144702826,0.242032730404822,19.2242651999827,18.0697348000173,18.647,-0.0199805335150048,38.2169631886752,18.6292,18.3363054087056,-0.951081982562529,-0.6399090476231
"14610808","2008-02-12",12.5999695511059,0.235294117647058,0.114607083143333,0.161372042356993,19.1238105426332,18.0805227907002,18.6021666666667,0.255101121884518,44.121078982565,18.6092,18.2914646875449,-1.01385661406423,-0.714698560911327
"14610807","2008-02-13",12.6945490867433,0.235294117647058,0.156862745098038,0.123220347570552,19.0756749346589,18.0543250653411,18.565,0.191584627890151,44.121078982565,18.5692,18.2526027292056,-1.05192614609895,-0.782144077948851
"14610806","2008-02-14",12.7823729412637,0.264705882352941,0.245098039215685,0.172189289152353,18.9969878786338,18.0436787880329,18.5203333333333,0.153487691882665,44.8846294138444,18.5112,18.2255890319782,-1.04820534842929,-0.835356332044938
"14610805","2008-02-15",13.7401692458637,0,0.166666666666666,0.18954248366013,18.9481167666427,17.9728832333573,18.4605,-0.105495996441668,39.2275570183707,18.4496,18.1368438277144,-1.24890833298696,-0.918066732233344
"14610804","2008-02-19",14.0238219189285,0.0608108108108107,0.108505564387917,0.173423423423423,18.9243933352789,17.9192733313877,18.4218333333333,0.0869481603595451,40.7057720831498,18.3872,18.0719313173525,-1.353688144419,-1.00519101467047
"14610803","2008-02-20",14.3782545166469,0.0270270270270288,0.0292792792792794,0.101483836777954,18.961920126515,17.7917465401517,18.3768333333333,-0.0784042138883466,40.1218908726475,18.3248,18.0090071417055,-1.44345112893977,-1.09284303752433
"14610802","2008-02-21",14.2259191652931,0.0270270270270288,0.038288288288289,0.0586910439851621,18.959238707684,17.7040946256493,18.3316666666667,0.0445410014283319,40.1218908726475,18.2752,17.9544728561448,-1.49822314294599,-1.17391905860866
"14610801","2008-02-22",14.1889153726475,0,0.0180180180180188,0.0285285285285295,18.9507024154067,17.6056309179266,18.2781666666667,0.0205954965655035,39.4653618059284,18.216,17.9005431419921,-1.54708617248306,-1.24855248138354
"14610800","2008-02-25",14.2632154479972,0,0.00900900900900914,0.0217717717717727,18.9573976687154,17.5066023312846,18.232,0.0597816934002161,38.7819431732676,18.156,17.8471373897265,-1.59082927715268,-1.31700784053737
"14610799","2008-02-26",14.3322083751076,0,-4.76470714734963e-16,0.00900900900900958,18.9485953590027,17.4154046409973,18.182,0.0899618623542474,38.7819431732676,18.1048,17.8008524044296,-1.60768653805597,-1.37514358004109
"14610798","2008-02-27",14.3962732359959,0,-4.76470714734963e-16,0.00300300300300317,18.9350734852606,17.3322598480727,18.1336666666667,0.125450320982666,38.7819431732676,18.0608,17.7607387505057,-1.60314361745165,-1.4207435875232
"14610797","2008-02-28",15.4572096573175,0,-4.76470714734963e-16,-3.35379872022183e-17,18.9534756459761,17.1741910206905,18.0638333333333,-0.0229629856721981,32.4628600824117,17.9988,17.6659735837716,-1.78491487386352,-1.49357784479127
"14610796","2008-02-29",16.4423649056876,0,-4.76470714734963e-16,-3.35379872022183e-17,18.9866939886886,17.0346393446447,18.0106666666667,0.0471438247401194,32.4628600824117,17.9364,17.5838437726021,-1.90899707605914,-1.57666169104484
"14610795","2008-03-03",17.9131199616359,0,-4.76470714734963e-16,-3.35379872022183e-17,18.9820602797363,16.8659397202638,17.924,-0.00280689124122244,28.9386801712107,17.8668,17.4739979362551,-2.11855173074714,-1.6850396989853
"14610794","2008-03-04",18.6431697463406,0.155778894472361,0.0519262981574533,0.0173087660524846,18.8789037572496,16.8040962427504,17.8415,0.15386347328705,36.8329225177984,17.8084,17.4201315447544,-2.11894215560141,-1.77182019030852
"14610793","2008-03-05",19.9182372547451,0,0.0519262981574533,0.0346175321049691,18.829758037277,16.6809086293897,17.7553333333333,0.0662795184347936,32.7842271290369,17.7544,17.3307806721205,-2.24331538920726,-1.86611923008827
"14610792","2008-03-06",21.4619436214708,0,0.0519262981574533,0.0519262981574537,18.7280207238576,16.5673126094757,17.6476666666667,0.0197562041074032,30.3169295951195,17.6816,17.2240099158378,-2.41919973864609,-1.97673533179983
"14610791","2008-03-07",23.8076780594868,0,-4.71844785465692e-16,0.0346175321049691,18.7605940657378,16.2920726009289,17.5263333333333,-0.115618169957589,23.9612667840972,17.5936,17.0354752603927,-2.8692293044764,-2.15523412633515
"14610790","2008-03-10",25.3098296748212,0.105726872246696,0.0352422907488983,0.0290561963021175,18.7136545992738,16.1263454007262,17.42,0.041351042491238,29.28311158318,17.4976,16.904078559007,-3.08341143483274,-2.34086958803467
"14610789","2008-03-11",27.7686234650993,0,0.0352422907488983,0.0234948604992658,18.8170543042129,15.7586123624538,17.2878333333333,-0.116163404728918,21.6633106719701,17.3468,16.6408680844728,-3.75661596613023,-2.62401886365378
"14610788","2008-03-12",30.0517891275004,0.285714285714286,0.130480385986993,0.0669883224949304,18.7335603765985,15.5921062900682,17.1628333333333,0.0810326586309039,34.9992925952483,17.2376,16.5220856732097,-3.85847206235058,-2.87090950339314
"14610787","2008-03-13",32.3597910814488,0.2,0.161904761904761,0.109209146213551,18.6493652718738,15.4183013947928,17.0338333333333,0.0778996066876127,33.1465747646866,17.1104,16.3858075834484,-4.02036354813639,-3.10080031234179
"14610786","2008-03-14",35.2271003000841,0,0.161904761904761,0.151429969932173,18.7223414183908,14.9739919149426,16.8481666666667,-0.13267846229879,25.5224722758339,16.948,16.0930332389886,-4.75483303286286,-3.431606856446
"14610785","2008-03-17",38.1165705843498,0,0.0666666666666662,0.13015873015873,18.8874479005933,14.3982187660734,16.6428333333333,-0.141424154062022,22.9609118791624,16.766,15.7606288071235,-5.59663648305178,-3.86461278176716
"14610784","2008-03-18",38.5958629580673,0.075675675675676,0.0252252252252248,0.0845988845988846,18.8313241325481,14.0823425341186,16.4568333333333,0.0430248313903039,26.7197984263316,16.6172,15.509878299507,-6.07619974187602,-4.30693017378893
"14610783","2008-03-19",37.7225212342604,0.410326086956522,0.162000587544065,0.0846308264786525,18.6880086781979,13.9923246551354,16.3401666666667,0.292681961729381,40.4624569731276,16.5016,15.4565611929061,-5.76026967543355,-4.59759807411785
"14610782","2008-03-20",36.9115610621541,0.62534435261708,0.370448705083092,0.185891505950794,18.5078928072439,13.9834405260894,16.2456666666667,0.416969691948919,47.0678247933134,16.4164,15.5116863671853,-5.05539396527577,-4.68915725234944
"14610781","2008-03-24",37.1827218368289,0.305825242718447,0.447165227430682,0.326538173352613,18.5816641483173,13.9490025183493,16.2653333333333,0.880199003082703,49.0695067745038,16.3392,15.5927948515606,-4.31662790322072,-4.61465138252369
"14610780","2008-03-25",37.4345139847413,0.400485436893204,0.44388501074291,0.420499647752228,18.5206926093969,13.9689740572698,16.2448333333333,0.706185859088634,54.8112638098339,16.3128,15.7670888713525,-3.29224979257884,-4.35017106453472
"14610779","2008-03-26",35.5822896511636,0.0922330097087378,0.266181229773462,0.385743822649018,18.3595152711726,13.9084847288275,16.134,0.320865454472201,39.2811427769128,16.1812,15.5794770218388,-3.74267274324341,-4.22867140027646
"14610778","2008-03-27",33.8623670556985,0.364077669902913,0.285598705501618,0.33188831533933,18.2371913993348,13.9434752673319,16.0903333333333,0.632674505988108,52.1557446755786,16.1412,15.7155467522603,-2.9142913112157,-3.96579538246431
"14610777","2008-03-28",32.534844730392,0.360436893203884,0.272249190938511,0.274676375404531,18.1924803365456,13.9545196634545,16.0735,0.670640249509251,51.9967274578192,16.1,15.8294738519589,-2.24913624461897,-3.62246355489524
"14610776","2008-03-31",31.2224712873579,0.348300970873786,0.357605177993527,0.305151024811219,18.1217915726138,13.9685417607195,16.0451666666667,0.623959154072291,51.4337979386659,16.0568,15.9148773383644,-1.75380005864132,-3.24873085564446
"14610775","2008-04-01",29.9699908176204,0.343446601941748,0.350728155339805,0.326860841423948,18.083286533406,13.9730467999273,16.0281666666667,0.619660497981967,51.1950439658477,16.014,15.9835603599158,-1.36636079331121,-2.87225684317781
"14610774","2008-04-02",28.813855399421,0.351941747572816,0.347896440129449,0.352076591154261,18.0102996306984,13.9907003693016,16.0005,0.64168079028905,51.6183026186411,15.974,16.0524189785937,-1.01294176910351,-2.50039382836295
"14610773","2008-04-03",27.4211476814525,0.310679611650485,0.335355987055016,0.344660194174757,17.9497156493205,13.9936176840129,15.9716666666667,0.569512939874483,49.3783242370902,15.9204,16.0667631147812,-0.893291373649086,-2.17897333742018
"14610772","2008-04-04",26.5426626748347,0.300970873786408,0.321197411003236,0.334816612729234,17.9255646630026,13.9944353369974,15.96,0.605991594809748,48.8412642979167,15.8816,16.0685280328104,-0.828988840864053,-1.90897643810895
"14610771","2008-04-07",26.1180083971904,0.316582914572864,0.309411133336585,0.321988177131613,17.9956899197578,14.0009767469088,15.9983333333333,0.694006419601653,51.1308951574597,15.8556,16.1127242951023,-0.610766523147355,-1.64933445511663
"14610770","2008-04-08",25.7236865679493,0.286096256684492,0.301216681681254,0.310608408673692,18.0363939209501,14.0036060790499,16.02,0.660352265484406,51.8560357542438,15.8452,16.1643610557554,-0.383755082895754,-1.39621858067246
"14610769","2008-04-09",25.357530583654,0.286096256684492,0.296258475980615,0.302295430332819,18.0839167756376,14.0690832243624,16.0765,0.6137863693473,51.8560357542438,15.8224,16.209112914988,-0.201882364246975,-1.15735133738736
"14610768","2008-04-10",25.0175285982369,0.286096256684492,0.286096256684492,0.294523804782121,18.1248297749058,14.0968368917608,16.1108333333333,0.604890949973604,51.8560357542438,15.8124,16.2478978596563,-0.0573703367153899,-0.937355137252966
"14610767","2008-04-11",24.701812468921,0.631268436578171,0.401153649982385,0.327836127549164,18.1624865613237,14.142180105343,16.1523333333333,0.586477653003159,51.8560357542438,15.8112,16.2815114783688,0.0562839474476107,-0.738627320312851
"14610766","2008-04-14",24.4086474916992,0.677215189873418,0.531526627712026,0.406258844792968,18.114247131904,14.392752868096,16.2535,0.566236834595511,51.8560357542438,15.8388,16.3106432812529,0.144513989460515,-0.561999058358178
"14610765","2008-04-15",24.3366285105202,0.361111111111113,0.556531579187567,0.496403952293993,17.8696437300161,14.924356269984,16.397,0.580241177318138,52.8690543238958,15.8608,16.3492241770859,0.260588084532887,-0.397481629779965
"14610764","2008-04-16",24.6110408979896,0.500000000000001,0.51277543366151,0.533611213520368,17.6483748815804,15.4052917850863,16.5268333333333,0.658933033090566,54.9124248143954,15.9356,16.4093276201411,0.44542665358307,-0.228899973107358
"14610763","2008-04-17",25.3956138954479,0.681528662420382,0.514213257843832,0.52784009023097,17.6613484944783,15.5873181721884,16.6243333333333,0.833810613033347,58.3181578347693,15.9916,16.5080839374556,0.753480696151287,-0.0324238392556289
"14610762","2008-04-18",26.1241459645162,0.936305732484078,0.705944798301487,0.577644496602277,17.759401573004,15.6572650936626,16.7083333333333,0.900386309327719,61.8635973083495,16.0736,16.6470060791282,1.1757494048132,0.209210809558136
"14610761","2008-04-21",26.8006400286511,0.936305732484078,0.851380042462845,0.690512699536055,17.631364474639,15.737635525361,16.6845,0.957034783319967,61.8635973083495,16.208,16.7674052685778,1.48922350190317,0.465213348027143
"14610760","2008-04-22",27.5909974037087,0.939024390243904,0.937211951737353,0.831512264167229,17.7240236217726,15.6919763782274,16.708,0.965212281031427,62.5107947913359,16.3688,16.8810845661007,1.74773619723874,0.721717917869462
"14610759","2008-04-23",28.4964199498683,0.81868131868132,0.8980038138031,0.8955319360011,17.7141197962898,15.9362135370436,16.8251666666667,0.980809001536323,61.7052753307755,16.5164,16.9729399572873,1.90411541082263,0.958197416460095
"14610758","2008-04-24",29.3371694570164,0.793333333333334,0.850346347419519,0.895187370986657,17.8312895667167,15.9190437666167,16.8751666666667,0.91042492199083,61.9166731830217,16.6156,17.055214629649,2.01231451861945,1.16902083689197
"14610757","2008-04-25",30.1178654279397,0.857142857142858,0.823052503052503,0.857134221425041,17.9405531353586,15.9001135313081,16.9203333333333,0.882107201369221,63.122461084898,16.6888,17.1411860123625,2.12357317119305,1.35993130375218
"14610756","2008-04-28",31.0702569717306,0.921985815602837,0.857487335359676,0.843628728610566,18.0642199060952,15.9041134272382,16.9841666666667,0.89465647103243,64.2312077259475,16.756,17.2290278773808,2.23092534183864,1.53413011136947
"14610755","2008-04-29",31.9546205481079,0.957446808510639,0.912191827085444,0.864243888499208,18.1751167100598,15.9282166232736,17.0516666666667,0.864205483877923,64.8010501535152,16.794,17.3118241603967,2.3107099013866,1.6894460693729
"14610754","2008-04-30",32.4827650624332,0.886524822695035,0.921985815602837,0.89722165934932,18.2532812107989,15.9697187892011,17.1115,0.786905521158585,62.6512651484793,16.9296,17.3702476056771,2.29944041704757,1.81144493890783
"14610753","2008-05-01",32.2615632109882,0.709219858156028,0.851063829787234,0.895080490825172,18.2709461415415,16.0903871917918,17.1806666666667,0.706063373514809,57.5142251145144,16.9656,17.3875479249202,2.14922815950307,1.87900158302688
"14610752","2008-05-02",32.0561614917892,0.702290076335877,0.76601158572898,0.846353743706351,18.2755293324891,16.2034706675109,17.2395,0.651459675653843,57.8122442825064,17.0036,17.4052082015975,2.01608377252764,1.90641802092703
"14610751","2008-05-05",31.2103971040283,0.44144144144144,0.617650458644448,0.744908624720221,18.2862738507663,16.2553928159004,17.2708333333333,0.563601296407395,53.1913680311659,17.0364,17.3898471080512,1.7834628225784,1.88182698125731
"14610750","2008-05-06",30.4250444582504,0.394736842105263,0.512822786627527,0.632161610333652,18.2889790600416,16.3310209399584,17.31,0.571503061563972,55.8359109285055,17.0772,17.3978674936443,1.65427169188248,1.83631592338234
"14610749","2008-05-07",29.6957884300281,0.258064516129032,0.364747599891912,0.498406948387963,18.2686723114669,16.4429943551997,17.3558333333333,0.551579012795442,55.8359109285055,17.1152,17.4048184944918,1.53416971066946,1.77588668083977
"14610748","2008-05-08",28.7003770036792,0.0967741935483906,0.249858517260895,0.375809634593445,18.2283814474182,16.5656185525818,17.397,0.475743184155367,53.6392804997796,17.1628,17.3975093618929,1.37677268598886,1.69606388186958
"14610747","2008-05-09",27.7760663934981,0.0967741935483906,0.150537634408604,0.255047917187137,18.163026164773,16.715973835227,17.4395,0.438150128939648,53.6392804997795,17.2136,17.3911747803071,1.23780749907187,1.60441260531004
"14610746","2008-05-12",26.9177779697586,0.0967741935483906,0.0967741935483903,0.165723448405964,18.0662389161218,16.8977610838783,17.482,0.387032516700327,53.6392804997796,17.2516,17.3856848095995,1.11485729652725,1.50650154355348
"14610745","2008-05-13",26.1207958620004,0.0967741935483906,0.0967741935483903,0.114695340501795,17.960141797844,17.0755248688227,17.5178333333333,0.310275693549052,53.6392804997795,17.2856,17.3809268349863,1.00584819462228,1.40637087376724
"14610744","2008-05-14",25.8252196837607,0.258064516129032,0.150537634408604,0.114695340501795,17.8820316477494,17.2123016855839,17.5471666666667,0.38477943197111,55.9691887045147,17.3236,17.3901365903214,0.954877309736291,1.31607216096105
"14610743","2008-05-15",25.550756089681,0.354838709677423,0.236559139784948,0.161290322580648,17.8752842714698,17.2383823951969,17.5568333333333,0.426466956562601,57.3540379328436,17.364,17.4061183782786,0.931510430919502,1.23915981495274
"14610742","2008-05-16",25.4693537871732,0.338709677419356,0.31720430107527,0.234767025089608,17.8742773517677,17.2367226482324,17.5555,0.449546813021213,57.0320805018327,17.404,17.4186359278414,0.897908208595632,1.17090949368132
"14610741","2008-05-19",24.6229730793778,0.0666666666666651,0.253405017921148,0.269056152927122,17.8736605190676,17.2230061475991,17.5483333333333,0.282270475879644,51.7170939251905,17.4372,17.4068178041292,0.783437674048315,1.09341512975472
"14610740","2008-05-20",24.6341510767292,0.100000000000004,0.168458781362008,0.246356033452809,17.8632244599619,17.2191088733714,17.5411666666667,0.451613239431694,52.2805295853113,17.4672,17.399242096912,0.694010415469126,1.0135341868976
"14610739","2008-05-21",24.6445306456983,0.814814814814818,0.327160493827162,0.249674764370106,17.8729675440364,17.2156991226302,17.5443333333333,0.802768235197194,61.4785067428183,17.5044,17.4433431506571,0.790068302298508,0.968841009977783
"14610738","2008-05-22",24.6541688168839,0.888888888888891,0.601234567901237,0.365617947696803,17.8895225703983,17.2101440962684,17.5498333333333,0.824070713233341,62.3022153771191,17.5292,17.4868973972361,0.874094288938632,0.949891665769953
"14610737","2008-05-23",24.4550361814933,0.800000000000004,0.834567901234571,0.587654320987657,17.893914386192,17.2087522804746,17.5513333333333,0.76076554026523,60.8998177103134,17.5364,17.5193110776046,0.911301505365403,0.942173633689043
"14610736","2008-05-27",24.2701273057735,0.800000000000004,0.829629629629633,0.755144032921814,17.8736420811394,17.2183579188606,17.546,0.780794212025728,60.8998177103134,17.5436,17.547402933924,0.92978460788844,0.939695828528922
"14610735","2008-05-28",24.3509092105233,0.680000000000007,0.760000000000005,0.808065843621403,17.8410012383024,17.235332095031,17.5381666666667,0.789211805839299,58.6049247732921,17.5456,17.5637492094008,0.906219103128825,0.933000483448903
"14610734","2008-05-29",24.4259209792196,0.880000000000003,0.786666666666671,0.792098765432103,17.8416739925855,17.2349926740811,17.5383333333333,0.881858909448169,61.2273626716967,17.5536,17.591249314814,0.922672133138569,0.930934813386836
"14610733","2008-05-30",25.3364787926648,0.695652173913043,0.751884057971017,0.766183574879231,17.8870731617627,17.214593504904,17.5508333333333,0.98948196917099,62.2573539687107,17.5624,17.6204160728388,0.942933850129402,0.933334620735349
"14610732","2008-06-02",26.1819967622925,0.695652173913043,0.757101449275363,0.765217391304351,17.9183928521487,17.2089404811846,17.5636666666667,0.847216167589316,62.2573539687107,17.5668,17.6456939297937,0.947827970421633,0.936233290672606
"14610731","2008-06-03",24.7477532829939,0.11594202898551,0.502415458937198,0.67046698872786,17.9178659683509,17.2241340316491,17.571,0.464924011644863,47.5940911957756,17.5512,17.6142680724878,0.759892372961168,0.900965107130319
"14610730","2008-06-04",22.9803432457012,0,0.270531400966184,0.510016103059582,17.9229346955252,17.2083986378082,17.5656666666667,0.188842388103257,44.7560640966725,17.5296,17.5736989961561,0.55854326983118,0.832480739670491
"14610729","2008-06-05",21.3391767825008,0.0985915492957749,0.071511192760428,0.281486017554604,17.9252232891254,17.199110044208,17.5621666666667,0.249120859670584,47.1325465631339,17.5148,17.5478724633353,0.426082151279217,0.751201021992236
"14610728","2008-06-06",19.8152364952433,0.0985915492957749,0.0657276995305164,0.13592343108571,17.9238822974915,17.2027843691751,17.5633333333333,0.24575806401028,47.1325465631339,17.51,17.5254894682239,0.31738405896804,0.664437629387397
"14610727","2008-06-09",18.400149085647,0.0985915492957749,0.0985915492957747,0.0786101471955735,17.9220539312215,17.2076127354452,17.5648333333333,0.241289647872966,47.1325465631339,17.5044,17.5060908724607,0.228555699855781,0.577261243481074
"14610726","2008-06-10",18.537534202105,0,0.0657276995305164,0.0766823161189363,17.9535376315268,17.1511290351399,17.5523333333333,-0.0637194508759302,37.6070220942225,17.4948,17.4452787561326,0.0055122534707186,0.462911445479003
"14610725","2008-06-11",19.1266887750453,0.178571428571428,0.0923876592890674,0.0855689693717866,17.9529918871915,17.1723414461418,17.5626666666667,0.49231410156903,44.8780129077266,17.4868,17.4192415886483,-0.0781427272116719,0.354700610940868
"14610724","2008-06-12",19.8706458982388,0.28099173553719,0.153187721369539,0.103767693396375,17.9642533294126,17.1820800039207,17.5731666666667,0.636585242492308,49.3294121528551,17.4844,17.4153427101619,-0.0786861023168939,0.268023268289315
"14610723","2008-06-13",20.5614632269185,0.586776859504132,0.348780007870916,0.198118462843175,17.9837961821652,17.1875371511681,17.5856666666667,0.718940478596554,58.7991193969054,17.5008,17.4612970154736,0.0911388710130856,0.23264638883407
"14610722","2008-06-16",20.2020656961909,0.380165289256199,0.415977961432507,0.305981896890988,17.9835891786455,17.1864108213545,17.585,0.405918168357132,51.7602922825677,17.5072,17.4677907467438,0.108685680124321,0.20785424709212
"14610721","2008-06-17",19.8683394176582,0.380165289256199,0.449035812672177,0.4045979273252,17.9819969870861,17.1983363462472,17.5901666666667,0.397702318466764,51.7602922825677,17.5136,17.473418647178,0.12118262818761,0.190519923311218
"14610720","2008-06-18",18.4816362269959,0.115702479338843,0.292011019283747,0.385674931129477,17.991515858281,17.166484141719,17.579,0.145670187624422,43.9499938076612,17.5072,17.4356294942209,-0.016683131444073,0.14907931236016
"14610719","2008-06-19",20.4106317410956,0.0223214285714289,0.172729732388824,0.304592188114916,18.0043954823486,17.1622711843181,17.5833333333333,0.792910045754002,42.0291217441971,17.4932,17.3908788949914,-0.166033531841325,0.0860567435198628
"14610718","2008-06-20",22.2018418613311,0.232142857142857,0.123388921684376,0.196043224452316,17.9855953859164,17.1610712807503,17.5733333333333,0.495957263938735,53.4668993075041,17.4956,17.4147617089926,-0.0656988995745178,0.0557056149009866
"14610717","2008-06-23",23.8651084015497,0.232142857142857,0.162202380952381,0.152773678341861,17.9712857114928,17.1593809551739,17.5653333333333,0.505747800626053,53.4668993075041,17.4984,17.4354601477936,0.0135606281815193,0.0472766175570932
"14610716","2008-06-24",26.1707784712648,0.3125,0.258928571428571,0.181506624688443,18.0097423681179,17.1425909652155,17.5761666666667,0.927261028189455,57.2162386050935,17.5152,17.4773987947544,0.157636727403165,0.0693486395263076
"14610715","2008-06-25",28.3117578217145,0.316964285714286,0.287202380952381,0.236111111111111,18.015492117905,17.141507882095,17.5785,0.707669649592457,57.4214943610675,17.5316,17.5150789554538,0.272950674484251,0.110069046517896
"14610714","2008-06-26",29.5066709187033,0.200892857142857,0.276785714285714,0.274305555555556,18.0035374192688,17.1431292473979,17.5733333333333,0.608475647238895,50.6214879911948,17.5224,17.51306842806,0.241644394088847,0.136384116032086
"14610713","2008-06-27",28.0462926485821,0,0.172619047619048,0.245535714285715,18.0673147280189,16.9610186053144,17.5141666666667,-0.238952241829677,32.6723243007176,17.4668,17.361992637652,-0.298179653368014,0.0494713621520664
"14610712","2008-06-30",26.1356593181099,0,0.0669642857142855,0.172123015873016,18.1764475891314,16.7052190775353,17.4408333333333,-0.245975211430164,28.4103977363767,17.3952,17.1723936192984,-0.926109229871286,-0.145644756252604
"14610711","2008-07-01",24.3614997969572,0.00298507462686561,0.000995024875621716,0.080192786069652,18.3119442076417,16.4220557923583,17.367,-0.186283904124331,28.6382343541327,17.324,17.0094078033919,-1.40953696497038,-0.398423197996159
"14610710","2008-07-02",22.7140659558868,0.0179104477611942,0.00696517412935311,0.0249748282397539,18.4123687684965,16.1899645648368,17.3011666666667,-0.0734780369391065,29.840538950014,17.2572,16.874820096273,-1.75382999060046,-0.66950455651702
"14610709","2008-07-03",21.3691552830239,0.0179104477611942,0.0129353233830845,0.00696517412935353,18.4651428762961,16.0085237903706,17.2368333333333,0.0345228706593656,29.840538950014,17.1864,16.7581774167699,-2.00747660278384,-0.937098965770385
"14610708","2008-07-07",20.1203096582226,0.0179104477611942,0.017910447761194,0.0126036484245443,18.5063221578415,15.8293445088251,17.1678333333333,0.0637493149177244,29.840538950014,17.114,16.657087094534,-2.18644382935251,-1.18696793848681
"14610707","2008-07-08",20.4130662217695,0,0.0119402985074626,0.0142620232172475,18.6498017244257,15.4641982755744,17.057,-0.0944451960426871,19.5538554220156,16.9916,16.4028088152628,-2.91113795589593,-1.53180194196863
"14610706","2008-07-09",20.6849116022059,0.112334801762115,0.0434150831744361,0.024421943147698,18.7127667660919,15.2372332339082,16.975,0.0640957033010929,30.1358586250478,16.9056,16.2504343065611,-3.20827676676888,-1.86709690692868
"14610705","2008-07-10",21.2927824669882,0.0640668523676881,0.0588005513766007,0.0380519776861669,18.7217352506624,15.0035980826709,16.8626666666667,0.0824073732316341,27.9612004350855,16.8124,16.0810430656863,-3.54973329845015,-2.20362418523298
"14610704","2008-07-11",22.8524272462136,0,0.0588005513766007,0.0536720619758796,18.7569925724946,14.6693407608387,16.7131666666667,0.00505406040268441,22.0302397546337,16.6776,15.8049039902614,-4.27399874344727,-2.61769909687584
"14610703","2008-07-14",24.300668826923,0.0762124711316397,0.0467597744997758,0.0547869590843262,18.7108875397684,14.4191124602316,16.565,0.0879715734021694,27.6526045688831,16.556,15.6095834582266,-4.64226633980451,-3.02261254546157
"14610702","2008-07-15",26.8060427595916,0,0.0254041570438797,0.0436548276400858,18.8475054511849,13.8791612154818,16.3633333333333,-0.0810118079022663,19.7511782265242,16.3664,15.2136389971297,-5.7779822764198,-3.57368649165322
"14610701","2008-07-16",29.4545960523308,0,0.0254041570438797,0.0325226961958455,19.0604637244916,13.1612029421751,16.1108333333333,-0.118862848761829,17.5582001019236,16.1624,14.7784871308457,-7.01709269179717,-4.26236773168201
"14610700","2008-07-17",31.9139669670171,0.195167286245353,0.0650557620817843,0.0386213587231817,19.0756113555987,12.7257219777346,15.9006666666667,0.0563177300135888,30.2496830037062,15.9924,14.5413555133996,-7.37953157813237,-4.88580050097208
"14610699","2008-07-18",32.9838223468628,0.221153846153846,0.138773710799733,0.0764112099751328,18.9065647453557,12.4474352546443,15.677,0.140766865462271,31.3338667209651,15.8208,14.3491747782797,-7.54301571570106,-5.41724354391788
"14610698","2008-07-21",32.9848536486164,0.419724770642202,0.278681967680467,0.160837146853995,18.684011162252,12.3133221710814,15.4986666666667,0.265279181670023,38.3512408381932,15.6616,14.2732848078424,-7.21652902774489,-5.77710064068328
"14610697","2008-07-22",31.9458011615769,0.401847575057737,0.347575397284595,0.255010358588265,18.4148912632964,12.2431087367036,15.329,0.313290029522555,37.8006242505582,15.5088,14.1955135001301,-6.93260541827745,-6.00820159620211
"14610696","2008-07-23",30.2876814071232,0.545034642032333,0.455535662577424,0.360597675847496,18.0185801531445,12.3214198468555,15.17,0.429204496336868,43.7879533737287,15.3808,14.2107783667794,-6.28469894432897,-6.06350106582749
"14610695","2008-07-24",28.9682606987683,0.524390243902439,0.490424153664169,0.43117840450873,17.6054684148612,12.3911982518055,14.9983333333333,0.37118683043591,42.3026110082407,15.2572,14.1960079178755,-5.82302189719821,-6.01540523210163
"14610694","2008-07-25",27.3735340437733,0.507317073170732,0.525580653035168,0.49051348975892,17.1451201776275,12.5222131557058,14.8336666666667,0.400423406494994,41.7936949919276,15.1344,14.1738735288254,-5.43471075718265,-5.89926633711783
"14610693","2008-07-28",25.8927164355637,0.524390243902439,0.51869918699187,0.511567997897069,16.8692178514065,12.5384488152601,14.7038333333333,0.360571337724664,42.5381580835864,14.9956,14.164023724982,-5.0296592360413,-5.72534491690253
"14610692","2008-07-29",24.1166037260625,0.504878048780488,0.512195121951219,0.518824987326086,16.6348453644373,12.5528213022294,14.5938333333333,0.389638083182602,41.87891558209,14.8536,14.1448205616511,-4.70032428283556,-5.52034079008913
"14610691","2008-07-30",23.0390729869517,0.395121951219512,0.47479674796748,0.50189701897019,16.428871642524,12.548128357476,14.4885,0.3646736905556,38.2847389362971,14.6864,14.0681778200976,-4.64399113438162,-5.34507085894763
"14610690","2008-07-31",22.0385087292059,0.585106382978723,0.495035460992908,0.494009110303869,16.2078972717649,12.5897693949018,14.3988333333333,0.45425811203127,44.854022287098,14.542,14.0790874440846,-4.22040471821306,-5.12013763080072
"14610689","2008-08-01",21.4312197414425,0.522788203753351,0.501005512650529,0.490279240536972,15.9353637202136,12.6636362797864,14.2995,0.441060697492528,42.7420997899795,14.398,14.0552091182067,-3.98195643462951,-4.89250139156648
"14610688","2008-08-04",21.1681272564958,0.458445040214477,0.522113208982184,0.506051394208541,15.6386678978142,12.7506654355192,14.1946666666667,0.399122893024883,40.7580790589219,14.2892,14.0025145691124,-3.88695983854587,-4.69139308096235
"14610687","2008-08-05",20.9238270919024,0.373134328358209,0.451455857442012,0.491524859691575,15.5156786349147,12.7676546984186,14.1416666666667,0.486050582447904,44.6760051812918,14.2116,14.0021792932308,-3.57593203935955,-4.46830087264179
"14610686","2008-08-06",19.9898352381001,0.445736434108527,0.425771934227071,0.466447000217089,15.330608515368,12.8467248179654,14.0886666666667,0.625341348976562,47.4290827016473,14.1436,14.0352220541333,-3.14928648182394,-4.20449799447822
"14610685","2008-08-07",19.1225570881408,0.393364928909953,0.404078563792229,0.427102118487105,15.1635207277662,12.9228126055671,14.0431666666667,0.65925025209581,49.0668104798527,14.0796,14.0838591135822,-2.69391690132482,-3.90238177584754
"14610684","2008-08-08",19.1508695438735,0.118483412322275,0.319194925113585,0.383015141044295,15.0868028476062,12.9255304857271,14.0061666666667,0.474012221847951,43.4325961026315,13.9924,14.0486778984379,-2.63451664183988,-3.64880874904601
"14610683","2008-08-11",17.8827522618617,0.0853080568720378,0.199052132701421,0.307441873869079,14.9955532514403,12.952780081893,13.9741666666667,0.589339336702,42.7939175756172,13.9024,14.0088541786462,-2.59861960607213,-3.43877092045123
"14610682","2008-08-12",16.8095689140418,0.0738255033557043,0.0925389908500053,0.203595349555004,14.9940407870231,13.0026258796436,13.9983333333333,0.480750704842429,42.1267889651372,13.8596,13.9650069548267,-2.5818164138504,-3.26738001913107
"14610681","2008-08-13",15.8130415196375,0.154362416107383,0.104498658778375,0.132029927443267,14.7769783860067,13.3620216139933,14.0695,0.368429431662595,43.7458020068296,13.8012,13.9430060275165,-2.47164633942191,-3.10823328318924
"14610680","2008-08-14",14.887694653405,0.342857142857143,0.190348354106743,0.129128667911708,14.6625831229922,13.5730835436745,14.1178333333333,0.43773899997665,47.0680648248015,13.764,13.9572718905143,-2.21456588172501,-2.92949980289639
"14610679","2008-08-15",14.7661426092464,0.021428571428571,0.172882710131032,0.15590990767205,14.591402272499,13.6839310608344,14.1376666666667,0.0764787594436775,42.2331411693467,13.7476,13.9096356384457,-2.24523878928482,-2.79264760017408
"14610678","2008-08-18",13.8711409068938,0.235714285714286,0.2,0.187743688079259,14.5950789388108,13.6959210611892,14.1455,0.516126200260128,46.2007846748209,13.73,13.908350886653,-2.0725517632577,-2.6486284327908
"14610677","2008-08-19",13.1131207756761,0.0437956204379565,0.100312825860271,0.157731845330434,14.604847409899,13.6438192567676,14.1243333333333,0.113955117973236,43.6196495919156,13.7708,13.8752374350992,-2.05145249787759,-2.52919324580816
"14610676","2008-08-20",13.6303642225001,0,0.0931699687174137,0.131160931525895,14.6186283017924,13.4623716982076,14.0405,-0.322049359158827,35.6628131852488,13.8036,13.7278724437527,-2.52734477758709,-2.52882355216395
"14610675","2008-08-21",13.8091209844611,0.159090909090909,0.0676288431762881,0.0870372125846578,14.6225666454825,13.3637666878509,13.9931666666667,0.0128958632789229,40.2766786761165,13.8084,13.6468227845856,-2.67386633402025,-2.55783210853521
"14610674","2008-08-22",13.9751094062821,0.236363636363636,0.131818181818181,0.0975389979039613,14.5940099552959,13.2993233780374,13.9466666666667,0.111231519524097,42.4360101282764,13.816,13.5992464133076,-2.66108547501018,-2.5784827818302
"14610673","2008-08-25",13.1644694716484,0.468181818181818,0.287878787878787,0.162441937624419,14.5836251497054,13.2963748502946,13.94,0.520715991815166,48.4567901236734,13.8168,13.6260135581999,-2.32239279805975,-2.52726478507611
"14610672","2008-08-26",12.7579026207146,0.363636363636364,0.356060606060606,0.258585858585858,14.5671361492264,13.2555305174402,13.9113333333333,0.23975917374761,46.1142893989485,13.812,13.6185450837732,-2.16505378954976,-2.45482258597084
"14610671","2008-08-27",12.7716112127186,0.240909090909091,0.357575757575758,0.333838383838384,14.577175117826,13.186824882174,13.882,0.13654241904283,43.458345533042,13.7716,13.5760724059368,-2.17570208183423,-2.39899848514352
"14610670","2008-08-28",11.9939312054168,0.445454545454545,0.35,0.354545454545455,14.5382174286848,13.1854492379818,13.8618333333333,0.476468005714423,48.7557368664245,13.7576,13.5992627518119,-1.89555376088155,-2.29830954029113
"14610669","2008-08-29",11.2717997700651,0.565445026178011,0.417269554180549,0.374948437252102,14.5159902548014,13.1820097451986,13.849,0.500749636139959,49.8795160162825,13.7504,13.6326943849036,-1.59584040682024,-2.15781571359695
"14610668","2008-09-02",10.8676921429578,0.481675392670157,0.497524988100904,0.421598180760484,14.5084940016336,13.1701726650331,13.8393333333333,0.403361524772621,48.0633545281564,13.734,13.6403351335832,-1.4363184943406,-2.01351626974568
"14610667","2008-09-03",10.4924493463583,0.486910994764398,0.511343804537521,0.475379448939658,14.4795878297209,13.1590788369458,13.8193333333333,0.412155085171955,48.1903264776411,13.7212,13.6482904491054,-1.28908526440843,-1.86863006867823
"14610666","2008-09-04",9.80995564090026,0.492146596858639,0.486910994764398,0.498593262467608,14.392946181511,13.1847204851557,13.7888333333333,0.500965603256234,48.3263730239415,13.7268,13.6565183892247,-1.15316686089719,-1.72553742712202
"14610665","2008-09-05",9.82898278384674,0.261780104712042,0.413612565445026,0.470622454915649,14.2986063834267,13.1757269499067,13.7371666666667,0.170044718123871,42.9786731111969,13.6916,13.6049826039947,-1.29086929332097,-1.63860380036181
"14610664","2008-09-08",9.84665084515417,0.49673202614379,0.41688624257149,0.439136600926972,14.2756079554143,13.1567253779191,13.7161666666667,0.333613758573808,46.7298867750221,13.6768,13.5949849234621,-1.23237769621407,-1.55735857953226
"14610663","2008-09-09",10.277793939198,0.339869281045751,0.366127137300527,0.398875315105681,14.2202118577879,13.1291214755454,13.6746666666667,0.18105300379906,43.8614824684307,13.662,13.5543202670005,-1.31369370730002,-1.50862560508582
"14610662","2008-09-10",11.2598862506111,0,0.278867102396514,0.353960160756177,14.2065378863694,13.0634621136306,13.635,0.0902867119550224,39.804925170373,13.6188,13.4697442314004,-1.58200947555007,-1.52330237917867
"14610661","2008-09-11",12.4886309903822,0,0.113289760348583,0.252761333348542,14.2456871184286,12.915979548238,13.5808333333333,-0.0872218454929941,37.5794131597165,13.5568,13.3671116672137,-1.90815909444854,-1.60027372223264
"14610660","2008-09-12",13.2044862550962,0.0312500000000004,0.0104166666666665,0.134191176470588,14.2156545384232,12.8300121282434,13.5228333333333,0.0432924622657753,38.4220689904254,13.4908,13.2848301115852,-2.11577045039396,-1.70337306786491
"14610659","2008-09-15",15.6378462947821,0,0.0104166666666665,0.0447076978939724,14.5165017591462,12.3058315741872,13.4111666666667,-0.355472100512244,26.2227559117095,13.384,13.0001860967072,-3.23320904791773,-2.00934026387547
"14610658","2008-09-16",18.7690049999342,0,0.0104166666666665,0.0104166666666667,14.9945721048234,11.41676122851,13.2056666666667,-0.382010473934906,20.1839237132633,13.224,12.5668279504796,-4.98619553790703,-2.60471131868178
"14610657","2008-09-17",22.0373649906983,0,-2.86807614694832e-16,0.00694444444444445,15.411888178074,10.5617784885927,12.9868333333333,-0.244347426718259,17.6785732983323,13.0348,12.0845842237489,-6.90044088109102,-3.46385723116363
"14610656","2008-09-18",25.4175099632888,0,-2.86807614694832e-16,0.00347222222222218,15.8889140876222,9.61775257904448,12.7533333333333,-0.190993738146624,15.278778696252,12.8032,11.5413063272491,-9.06539120629819,-4.58416402619054
"14610655","2008-09-19",25.9490377781756,0.232323232323232,0.0774410774410772,0.0258136924803591,15.9320959471711,9.22923738616227,12.5806666666667,0.104049529638207,30.2485741044069,12.6168,11.2544654836159,-9.795678865115,-5.62646699397543
"14610654","2008-09-22",26.2585185810967,0.528619528619529,0.25364758698092,0.110362888140666,15.8483079562794,9.08369204372057,12.466,0.305458282183209,43.8703632526095,12.5188,11.2405367524671,-9.03196940226102,-6.30756747563255
"14610653","2008-09-23",27.1599721058351,0.358585858585859,0.37317620650954,0.234754956977179,15.7153158603664,8.85235080630025,12.2838333333333,0.214336298588837,39.1458198221523,12.3684,11.0937985188048,-9.05585155240476,-6.85722429098699
"14610652","2008-09-24",27.0743144058599,0.470796460176991,0.452667282460793,0.359830358650418,15.5782219136753,8.72611141965801,12.1521666666667,0.322609398803292,42.6369044291133,12.2488,11.0372920496308,-8.60095625076126,-7.20597068294185
"14610651","2008-09-25",27.15928881389,0.426548672566372,0.418643663776407,0.41482905091558,15.4496652523137,8.59533474768627,12.0225,0.319214047844631,41.4295656215524,12.1548,10.9549864430134,-8.33247960769438,-7.43127246789235
"14610650","2008-09-26",26.3913879379909,0.573451327433628,0.490265486725663,0.453858810987621,15.2390560933634,8.58194390663659,11.9105,0.451856001369629,46.8142646018843,12.08,10.9943215839449,-7.42709655018031,-7.43043728434995
"14610649","2008-09-29",25.0352681295038,0.55929203539823,0.51976401179941,0.476224387433827,15.0129921148253,8.59800788517467,11.8055,0.491348380913631,46.3717445063419,11.9952,11.0177453727523,-6.68979458575759,-7.28230874463148
"14610648","2008-09-30",24.1952192268328,0.511627906976744,0.548123756602867,0.51938441837598,14.7758047617727,8.59252857156059,11.6841666666667,0.435174603074041,43.4938138626024,11.8692,10.9687126563853,-6.41230633952806,-7.10830826361079
"14610647","2008-10-01",23.4151738172098,0.511627906976744,0.527515949783906,0.531801239395394,14.5097125641799,8.59128743582013,11.5505,0.412054306895616,43.4938138626024,11.7524,10.9262176355339,-6.12467592776953,-6.91158179644254
"14610646","2008-10-02",23.3131510428371,0.377551020408163,0.466935611453884,0.514191772613552,14.1895961109495,8.59440388905046,11.392,0.362024400702721,39.2065640753215,11.6148,10.7840552841294,-6.4137365551669,-6.81201274818741
"14610645","2008-10-03",22.8090319439674,0.673469387755102,0.520882771713336,0.505111444317042,13.9620980632712,8.65590193672881,11.309,0.574943831170785,49.1199959695042,11.5172,10.8541812462455,-5.50543234223027,-6.55069666699598
"14610644","2008-10-06",22.9993289887256,0.493877551020408,0.514965986394558,0.500928123187259,13.6342273070118,8.7327726929882,11.1835,0.466642555552344,44.3891036172518,11.3804,10.7976237467461,-5.3770537175298,-6.31596807710275
"14610643","2008-10-07",22.7069723643567,0.669387755102041,0.612244897959183,0.549364552022359,13.3667775050187,8.84055582831459,11.1036666666667,0.638378846214489,49.5072663465291,11.2844,10.8632739138466,-4.58382728679029,-5.96953991904026
"14610642","2008-10-08",21.8892574192639,0.387096774193548,0.516787360105332,0.547999414819691,13.0967701352438,8.95289653142284,11.0248333333333,0.63638607754482,47.0147806620862,11.1696,10.8588373920004,-4.24659153521789,-5.62495024227578
"14610641","2008-10-09",21.1299506845349,0.372307692307693,0.47626407386776,0.535098777310759,12.8705574081583,9.03877592517504,10.9546666666667,0.615351045450503,48.4723922090025,11.064,10.8869924064003,-3.75820636196131,-5.25160146621289
"14610640","2008-10-10",22.1766106729379,0,0.25313482216708,0.415395418713391,12.6104251555954,8.93324151107128,10.7718333333333,0.0816091474541753,36.8328521312694,10.8736,10.570060085547,-5.23357899859153,-5.24799697268862
"14610639","2008-10-13",23.1485092335978,0.0847826086956523,0.152363433667782,0.293920776567541,12.6096078705116,8.67705879615508,10.6433333333333,0.0694056701351103,39.2270551437122,10.6884,10.347385407474,-6.08282775399542,-5.41496312894998
"14610638","2008-10-14",21.6347879420207,0.173913043478261,0.086231884057971,0.163910046630944,12.6091737419921,8.68315959134121,10.6461666666667,0.362583276753969,41.7276104543539,10.5292,10.2090673531442,-6.38816320917987,-5.60960314499596
"14610637","2008-10-15",20.229189599842,0.343478260869565,0.200724637681159,0.146439985135637,12.5777009461527,8.82096572051392,10.6993333333333,0.430968429299077,46.2579989558355,10.416,10.1931917060583,-5.9544908560206,-5.67858068720088
"14610636","2008-10-16",18.9561173443805,0.332608695652174,0.283333333333333,0.190096618357488,12.3704199837549,9.24058001624506,10.8055,0.416236398861234,46.0110569825821,10.3096,10.1727661452505,-5.58673435356604,-5.66021142047392
"14610635","2008-10-17",17.7974040745454,0.5,0.392028985507246,0.292028985507246,12.3774754306772,9.3475245693228,10.8625,0.567382830946442,50.4021842771278,10.232,10.2577306592171,-4.63379256418482,-5.4549276492161
"14610634","2008-10-20",17.6569985411552,0.669565217391304,0.500724637681159,0.392028985507246,12.4987954588509,9.3128712078158,10.9058333333333,0.848669097506772,54.4442465218859,10.2496,10.4353665713215,-3.23646892529659,-5.0112359044322
"14610633","2008-10-21",17.5266219744358,0.758695652173913,0.642753623188406,0.511835748792271,12.6418601332772,9.34580653338943,10.9938333333333,0.830546809080134,56.453203319581,10.3396,10.643984361812,-1.80788663151286,-4.37056604984833
"14610632","2008-10-22",17.4055580196249,0.795652173913044,0.741304347826087,0.628260869565218,12.7850493403436,9.32828399298972,11.0566666666667,0.828823785374027,57.2941424441983,10.4684,10.8474531135704,-0.559463955050343,-3.60834563088873
"14610631","2008-10-23",16.2775373862981,0.5,0.684782608695652,0.689613526570048,12.8062929256496,9.35470707435039,11.0805,0.552005080485666,49.1216268673061,10.5804,10.8424593650943,-0.578570800146938,-3.00239066474037
"14610630","2008-10-24",16.0841404114983,0.247826086956522,0.514492753623188,0.646859903381643,12.7630128886726,9.25432044466068,11.0086666666667,0.256224477641788,43.4311272397202,10.5908,10.6834647830817,-1.44478026291062,-2.69086858437442
"14610629","2008-10-27",15.4878091228593,0.397826086956522,0.381884057971014,0.527053140096618,12.6830144678117,9.23665219885494,10.9598333333333,0.445884969296495,47.3390178372626,10.5584,10.6376694786708,-1.60107717711648,-2.47291030292283
"14610628","2008-10-28",15.4325964765534,0.256880733944954,0.300844302619332,0.399073704737845,12.6539079666625,9.15375870000416,10.9038333333333,0.288437594060962,43.9727948359409,10.538,10.5033135481814,-2.24344599240625,-2.42701744081952
"14610627","2008-10-29",15.3813275906979,0.33256880733945,0.329091876080308,0.337273412223552,12.6427769795408,9.0662230204592,10.8545,0.273198817647656,45.8984290358836,10.5096,10.4308717417572,-2.47847425292511,-2.43730880324064
"14610626","2008-10-30",15.0881882796109,0.392947103274559,0.327465548186321,0.319133908961988,12.6403245609746,9.05267543902544,10.8465,0.392269286415051,48.7713801443719,10.5112,10.4347555095229,-2.25432391149708,-2.40071182489192
"14610625","2008-10-31",14.5675097144419,0.393258426966292,0.372924779193434,0.343160734486688,12.5469872722193,9.04634606111401,10.7966666666667,0.475242630866676,50.195484346512,10.4896,10.4714547749199,-1.86221949090943,-2.29301335809543
"14610624","2008-11-03",14.0840224753565,0.333333333333334,0.373179621191395,0.357856649523717,12.5287901641308,9.0335431692025,10.7811666666667,0.479639016421465,50.195484346512,10.4712,10.5032608049305,-1.53393621877911,-2.14119793023216
"14610623","2008-11-04",13.3760842282375,0.391975308641975,0.3728556896472,0.372986696677343,12.4349579926599,9.04604200734013,10.7405,0.551983190917036,51.3866378422528,10.4812,10.5561593642731,-1.11574751199865,-1.93610784658546
"14610622","2008-11-05",12.71871299877,0.401234567901234,0.375514403292181,0.373849904710259,12.3596755018426,9.05532449815738,10.7075,0.567335461563211,51.5835372469263,10.4924,10.6060047823701,-0.753662923531351,-1.69961886197464
"14610621","2008-11-06",12.1525103290741,0.388888888888889,0.394032921810699,0.380801004916694,12.30660130336,9.05773202997336,10.6821666666667,0.563970974466663,51.2852705153395,10.5336,10.6438708113874,-0.492093108230252,-1.45811371122576
"14610620","2008-11-07",11.5622256362332,0.5,0.430041152263374,0.399862825788752,12.2517953809056,9.28320461909437,10.7675,0.558108379982546,51.6615247006283,10.5188,10.6833547032024,-0.244714390833345,-1.21543384714728
"14610619","2008-11-10",11.0268270086767,0.498084291187739,0.462324393358876,0.428799489144317,12.0949319293667,9.63840140396664,10.8666666666667,0.527138546001098,51.5757259284918,10.5388,10.7162407427754,-0.0560805488131644,-0.983563187480456
"14610618","2008-11-11",11.9326762729614,0.00395256916996039,0.3340122867859,0.408792610802717,12.1124674293498,9.60086590398353,10.8566666666667,0.121755286256463,41.9068992562194,10.4728,10.572741977072,-0.872519152604134,-0.961354380505192
"14610617","2008-11-12",12.7738220183685,0.104477611940298,0.202171490765999,0.332836056970258,12.1338336326321,9.53516636736791,10.8345,0.177591146611007,43.6700630512371,10.4332,10.4750430467958,-1.35999301245161,-1.04108210689448
"14610616","2008-11-13",13.554885924818,0.228855721393034,0.112428634167764,0.216204137239888,12.146042170893,9.4776244957737,10.8118333333333,0.229490124404505,45.8811770808279,10.394,10.4237039738897,-1.53983651215712,-1.140832987947
"14610615","2008-11-14",13.8629181040148,0.44375,0.259027777777777,0.191209300903847,12.1195126900856,9.43148730991441,10.7755,0.337985160701026,48.0761222566585,10.4672,10.4125434440377,-1.47285550274897,-1.2072374909074
"14610614","2008-11-17",15.6431022339338,0,0.224201907131011,0.198552773025518,12.0029563407444,9.27671032592229,10.6398333333333,0.00976544569576714,37.1670584474911,10.4576,10.1788709848327,-2.70842961398369,-1.50747591552266
"14610613","2008-11-18",17.2961303545728,0.00873362445414829,0.150827874818049,0.211352519908946,11.8880612213533,9.06627211198001,10.4771666666667,-0.0837313147163178,37.3493175613686,10.4324,9.97902152018832,-3.6597476171363,-1.93793025584538
"14610612","2008-11-19",19.3761590195401,0,0.00291120815138266,0.125980330033481,11.7993230111527,8.75034365551397,10.2748333333333,-0.197993137516945,33.1547488618657,10.3436,9.69781865082988,-5.05335788697134,-2.56101578207058
"14610611","2008-11-20",21.3076142084383,0.0227272727272728,0.0104869657271403,0.0547420162321909,11.8407421170991,8.39359121623424,10.1171666666667,-0.0832352739462577,33.8461931388371,10.2596,9.46344283071923,-6.077971559711,-3.26440693759866
"14610610","2008-11-21",24.4094934407654,0,0.00757575757575751,0.00699131048476037,12.4416532998402,7.36068003349314,9.90116666666666,-0.300601207700881,23.1333492888251,10.0284,8.87231711995666,-9.42817212800632,-4.49715997568019
"14610609","2008-11-24",27.0420749530904,0.289340101522843,0.104022458083372,0.0406950604620901,12.5087328236444,6.91926717635557,9.714,0.019810985634761,35.9605119609297,9.83439999999998,8.58800817062911,-10.5720986022766,-5.71214770099948
"14610608","2008-11-25",28.7799973936114,0.477157360406091,0.255499153976311,0.12236578987848,12.4929285533848,6.71207144661519,9.6025,0.211259656511488,42.6506171300531,9.66839999999998,8.4896070812119,-10.3609767831584,-6.64191351743126
"14610607","2008-11-26",29.0529666537998,0.56175972927242,0.442752397067118,0.267424669708934,12.4448808103519,6.61745252298148,9.53116666666667,0.343069711903282,45.4167691322913,9.51559999999998,8.47099280371698,-9.61550310646703,-7.23663143523842
"14610606","2008-11-28",29.306438109689,0.629441624365482,0.556119571347998,0.418123707463809,12.3456644444436,6.54566888888974,9.44566666666667,0.380057379354279,47.5944741216612,9.43319999999998,8.50819376322138,-8.54547009115828,-7.49839916642239
"14610605","2008-12-01",29.7011970543887,0.62410071942446,0.605100691020787,0.534657553145301,12.2022724276117,6.46806090572159,9.33516666666667,0.3543537043448,46.3498091752452,9.38719999999998,8.50710126145853,-7.84249814446006,-7.56721896202993
"14610604","2008-12-02",30.9544895647303,0.327338129496403,0.526960157762115,0.5627268067103,12.0819982259351,6.2573351073982,9.16966666666667,0.196176992445328,39.0848525903859,9.24759999999998,8.28615442659739,-8.77320833745325,-7.80841683711459
"14610603","2008-12-03",32.1182611814761,0.548561151079137,0.5,0.544020282927634,11.8607284534378,6.19827154656224,9.0295,0.338203330862574,45.8932148237813,9.18559999999998,8.25866716971774,-8.24856704914847,-7.89644687952137
"14610602","2008-12-04",32.9245910933166,0.566546762589928,0.480815347721822,0.502591835161312,11.605321771193,6.18534489547362,8.89533333333333,0.380319292583593,46.417562553576,9.11439999999998,8.24817821375538,-7.64875117282235,-7.84690773818156
"14610601","2008-12-05",33.6733260114543,0.602517985611511,0.572541966426858,0.517785771382894,11.3268650108845,6.21280165578219,8.76983333333333,0.423772290981809,47.5131149171969,9.03119999999998,8.26575445192133,-6.89881126308157,-7.65728844316157
"14610600","2008-12-08",33.7567721320879,0.87378640776699,0.680950385322809,0.578102566490497,11.0123937375784,6.30193959575491,8.65716666666667,0.506262665788013,48.9190470649198,8.94799999999998,8.31432052499848,-5.99148507931389,-7.32412777039203
"14610599","2008-12-09",34.7083978144652,0.507281553398058,0.661195315592186,0.638229222447285,10.6462654995271,6.32040116713959,8.48333333333333,0.26266785368647,41.6603581668908,8.80439999999998,8.15507778833202,-6.67048219795351,-7.19339865590433
"14610598","2008-12-10",35.4395008083159,0.575242718446602,0.65210355987055,0.664749753595182,10.4582858012373,6.28571419876268,8.372,0.334155032932306,43.3392708924791,8.66439999999998,8.05440074988775,-6.87566361196915,-7.12985164711729
"14610597","2008-12-11",36.1183821597486,0.587378640776699,0.55663430420712,0.623311059889952,10.2235180870622,6.28114857960442,8.25233333333333,0.335378191016272,43.6511212865745,8.52519999999998,7.97381398323605,-6.9213375513946,-7.08814882797276
"14610596","2008-12-12",36.748771986079,0.352697095435685,0.505106151552995,0.571281338543555,9.92602393182113,6.32897606817887,8.1275,0.351498593592306,44.5710277687989,8.39319999999998,7.92263878547124,-6.74666543848522,-7.01985215007525
"14610595","2008-12-15",37.4657360346179,0.230434782608696,0.39017017294036,0.483970209566825,9.48695697819232,6.48270968847435,7.98483333333333,0.334179207426885,43.4258249185945,8.25079999999998,7.85028694740841,-6.75098700158305,-6.96607912037681
"14610594","2008-12-16",37.902681798644,0.317391304347826,0.300174394130735,0.398483572874697,9.28213150430451,6.52353516236215,7.90283333333333,0.413180483726965,44.8784273137238,8.11679999999998,7.81424868775396,-6.48114879422328,-6.8690930551461
"14610593","2008-12-17",38.0026222875072,0.533333333333333,0.360386473429952,0.350243680167016,9.17010307782468,6.54523025550865,7.85766666666667,0.526286987854566,47.143805924822,8.04679999999998,7.82434886272009,-5.88203430297208,-6.6716813047113
"14610592","2008-12-18",38.095424170023,0.533333333333333,0.461352657004831,0.373971174855173,9.15071826105263,6.53894840561403,7.84483333333333,0.51729350944633,47.143805924822,7.96879999999998,7.83310234769075,-5.34515864734905,-6.40637677323885
"14610591","2008-12-19",38.1815973466449,0.533333333333333,0.533333333333333,0.451690821256039,9.1346008867699,6.53339911323009,7.834,0.521528510617535,47.143805924822,7.88079999999997,7.84068870133198,-4.86327177099137,-6.09775577278936
"14610590","2008-12-22",38.6818804810379,0.166666666666667,0.411111111111111,0.468599033816425,8.85904849565773,6.97395150434226,7.9165,0.270215183270551,43.6058502238764,7.76319999999997,7.78193020782105,-4.92989372658846,-5.86418336354918
"14610589","2008-12-23",38.7634370525426,0.404761904761904,0.368253968253968,0.437566137566138,8.8083808044895,7.10261919551049,7.9555,0.41470085899806,47.0961567410481,7.72879999999997,7.78433951344491,-4.5202733390971,-5.59540135865876
"14610588","2008-12-24",38.8391681546541,0.404761904761904,0.325396825396825,0.368253968253968,8.80438325394969,7.09328341271697,7.94883333333333,0.413018907636561,47.0961567410481,7.69359999999998,7.78642757831892,-4.14776421448657,-5.30587392982433
"14610587","2008-12-26",38.9094898923291,0.404761904761904,0.404761904761904,0.366137566137566,8.70832882131173,7.10767117868827,7.908,0.432527732899219,47.0961567410481,7.69079999999998,7.78823723454307,-3.80860080987133,-5.00641930583373
"14610586","2008-12-29",38.3061487040342,0.830357142857143,0.546626984126984,0.425595238095238,8.57961133840367,7.16738866159633,7.8735,0.63206132649111,49.534303554965,7.69519999999998,7.82313893660399,-3.24427978632892,-4.65399140193277
"14610585","2008-12-30",36.8757211629995,0.863636363636363,0.699585137085137,0.550324675324676,8.55398177122355,7.18101822877645,7.8675,0.873280123000608,52.1918291973856,7.82719999999998,7.89072041172346,-2.48187134282011,-4.21956739011023
"14610584","2008-12-31",36.1318230696746,0.176136363636364,0.623376623376624,0.623196248196249,8.7487249823122,7.14294168435447,7.94583333333333,1.13572297372357,48.9219935044386,7.87759999999998,7.90529102349367,-2.18954411569633,-3.81356273522745
"14610583","2009-01-02",35.4410605544445,0.602272727272727,0.547348484848485,0.623436748436749,9.10946464627705,6.93386868705627,8.02166666666666,1.23926104087332,60.9100869396637,7.94359999999998,8.11791888702784,-0.447673571039386,-3.14038490238984
"14610582","2009-01-05",35.0360728812863,0.673295454545454,0.483901515151515,0.551542207792208,9.4598013021531,6.74719869784689,8.1035,1.1561349349543,62.4902216423998,7.99959999999998,8.3355297020908,1.12777783292364,-2.28675235532714
"14610581","2009-01-06",35.202209704679,0.914285714285714,0.729951298701299,0.5870670995671,9.97451742559352,6.46114924107314,8.21783333333333,1.19700447112907,67.3262805536093,8.07359999999998,8.63745907514536,3.09752884548644,-1.20989611516443
"14610580","2009-01-07",34.4332880349392,0.748571428571428,0.778717532467533,0.664190115440116,10.251507659638,6.33849234036198,8.29499999999999,0.994503558539099,61.4996990423215,8.13439999999998,8.82179786512598,4.02278327763823,-0.163360236603896
"14610579","2009-01-08",33.7192893416094,0.805714285714286,0.822857142857143,0.777175324675325,10.5267611789129,6.34290548775377,8.43483333333333,0.934646922417203,62.6984869077633,8.26919999999998,9.00822481644251,4.85170733376747,0.839653277470378
"14610578","2009-01-09",33.7470049291267,0.835135135135135,0.796473616473617,0.799349430599431,10.8640017250621,6.30699827493786,8.58549999999999,0.962548110047155,64.3139432562866,8.36559999999998,9.20579484091685,5.65131166903277,1.80198495578286
"14610577","2009-01-12",33.7727408318213,0.945945945945946,0.862265122265123,0.827198627198628,11.1919192478114,6.30874741885524,8.75033333333333,0.940219337341277,66.6741740705145,8.47439999999998,9.43168886212793,6.52743904937736,2.74707577450176
"14610576","2009-01-13",33.796638455752,0.93939393939394,0.906825006825007,0.855187915187916,11.4668399043926,6.36449342894075,8.91566666666666,0.888906034288396,66.6741740705145,8.57519999999998,9.62746368051088,7.10302216489951,3.61826505258131
"14610575","2009-01-14",33.8188291065448,0.909090909090909,0.931476931476932,0.900189020189021,11.6821871938019,6.48714613953143,9.08466666666666,0.843019425907165,65.449701406951,8.66199999999998,9.78380185644276,7.36529974584788,4.36767199123462
"14610574","2009-01-15",33.2446379861975,0.818181818181818,0.888888888888889,0.90906360906361,11.8078256499541,6.64517435004586,9.22649999999999,0.746675579275059,61.783869938061,8.79719999999998,9.87929494225039,7.2306490275545,4.9402673984986
"14610573","2009-01-16",31.5138649388498,0.583870967741936,0.770381231671555,0.863582350679126,11.8421649866696,6.79916834666369,9.32066666666666,0.597032254483668,54.2567152294503,8.89359999999998,9.87005561661701,6.48718962054342,5.24965184290756
"14610572","2009-01-20",30.9697938460405,0.538709677419355,0.64692082111437,0.768730313891605,11.8778558657105,6.97747746762282,9.42766666666666,0.622915678015476,52.8498164704269,8.98239999999998,9.84338153440141,5.71942815509896,5.34360710534584
"14610571","2009-01-21",30.4645849741462,0.541935483870968,0.55483870967742,0.657380254154448,11.8660626278294,7.17027070550389,9.51816666666666,0.538722612999276,52.9436772124058,9.06599999999998,9.82159732981455,5.06170182513115,5.2872260493029
"14610570","2009-01-22",29.9954624502443,0.15,0.410215053763441,0.537324861518411,11.7858602429547,7.47613975704532,9.631,0.525291663428378,53.5412679834784,9.16039999999998,9.81071768583928,4.53795003148021,5.13737084573836
"14610569","2009-01-23",29.5598486780497,0.0489510489510492,0.246962177607339,0.404005313682734,11.7137884147743,7.74121158522568,9.7275,0.503146572246766,53.5412679834784,9.24679999999998,9.80128866106071,4.07636036601824,4.92516874979434
"14610568","2009-01-26",27.8488249954016,0,0.0663170163170167,0.241164749229266,11.5963263331329,8.02500700020039,9.81066666666666,0.402743691909477,45.3105925951117,9.29119999999998,9.69445017291928,3.06430601990695,4.55299620381686
"14610567","2009-01-27",26.2600172900856,0.176190476190476,0.0750471750471752,0.129442122990511,11.4354187726349,8.35224789403174,9.89383333333333,0.36037102160389,49.4914593788793,9.35039999999998,9.65119014986338,2.53879251475495,4.15015546600448
"14610566","2009-01-28",26.3253016638911,0.357142857142857,0.177777777777778,0.106380656380657,11.291423364564,8.70457663543602,9.998,0.556181656105435,53.4291687390921,9.42479999999998,9.66436479654826,2.41228165155667,3.80258070311492
"14610565","2009-01-29",27.2034824883382,0.637931034482758,0.390421455938697,0.214415469587884,11.3046740539276,8.9733259460724,10.139,0.955101491032203,62.5346415458881,9.56279999999998,9.82244949034183,3.1839727451362,3.67885911151917
"14610564","2009-01-30",27.0242784592208,0.417241379310345,0.470771756978654,0.346323663565043,11.2353196211823,9.16701371215107,10.2011666666667,0.504270806022827,55.7098068509843,9.65919999999998,9.87412289162958,3.22227518494949,3.58754232620524
"14610563","2009-02-02",25.9639312012373,0.189655172413793,0.414942528735633,0.425378580550995,11.2256573738112,9.2020092928555,10.2138333333333,0.336681089409619,49.6874457938292,9.72919999999998,9.83090650607897,2.68117956567842,3.40626977409987
"14610562","2009-02-03",24.9793230331099,0.413793103448276,0.340229885057472,0.40864805692392,11.2365889071406,9.23441109285938,10.2355,0.540539189919956,54.8626265654559,9.82519999999998,9.88011897193511,2.7529140562093,3.27559863052176
"14610561","2009-02-04",24.0650440198487,0.444827586206896,0.349425287356322,0.368199233716476,11.1988074787273,9.23485918793936,10.2168333333333,0.538952145715258,55.5444763773856,9.91479999999998,9.93476977567709,2.84774161686214,3.19002722778984
"14610560","2009-02-05",23.0375125431981,0.403448275862069,0.420689655172414,0.370114942528736,11.1959948384954,9.23167182817126,10.2138333333333,0.477685272176241,54.3652498252518,9.98839999999998,9.96613380558681,2.7912896722293,3.11027971667773
"14610559","2009-02-06",23.2292889340073,0.603448275862069,0.483908045977011,0.418007662835249,11.2759431471175,9.21805685288253,10.247,0.825414804764824,58.906363545989,10.0984,10.0706492981752,3.17422716481313,3.12306920630481
"14610558","2009-02-09",23.4073670111873,0.758620689655172,0.588505747126437,0.497701149425288,11.3668450966324,9.17782157003428,10.2723333333333,0.923781039991073,62.0608153566769,10.1664,10.2212293917519,3.78120771765653,3.25469690857515
"14610557","2009-02-10",22.5821702477784,0.53448275862069,0.632183908045977,0.568199233716476,11.31942605671,9.19024060995661,10.2548333333333,0.638628914224798,55.4407272768332,10.1984,10.2650654728516,3.69853637284892,3.34346480142991
"14610556","2009-02-11",22.6190084259102,0.655172413793104,0.649425287356322,0.623371647509579,11.3469266518941,9.17774001477256,10.2623333333333,0.863116134493566,58.0364476582586,10.2104,10.3497234098047,3.85909622275431,3.44659108569479
"14610555","2009-02-12",22.6720145272262,0.817241379310344,0.668965517241379,0.650191570881227,11.4477372841602,9.12726271583974,10.2875,0.966499402656021,61.2969152738345,10.2644,10.4857602884974,4.29246484141792,3.61576583683941
"14610554","2009-02-13",22.7212344784483,0.790513833992095,0.754309209031848,0.690900004543183,11.5815644947605,9.08043550523951,10.331,0.91541240150073,61.2969152738345,10.3104,10.6036589166978,4.57119000136141,3.80685066974381
"14610553","2009-02-17",21.381584536619,0.374468085106383,0.660741099469607,0.694671941914279,11.6158604155295,9.13880625113717,10.3773333333333,0.64506478643009,51.9367817672471,10.308,10.5805043944714,4.02771060609828,3.85102265701471
"14610552","2009-02-18",20.1376238763489,0.374468085106383,0.51315000140162,0.642733436634359,11.6256557665731,9.16901090009359,10.3973333333333,0.513297268609069,51.9367817672471,10.2892,10.5604371418752,3.55645166754888,3.79210845912154
"14610551","2009-02-19",20.5760475100138,1,0.582978723404255,0.585623274758494,11.8779949879945,9.14567167867212,10.5118333333333,1.04099259103903,62.8541864671683,10.3328,10.7510455229585,4.31125900690039,3.89593856867731
"14610550","2009-02-20",20.639245964203,0,0.458156028368794,0.51809491772489,11.9577036355963,8.99196303107041,10.4748333333333,0.00270993657278274,39.424311361413,10.2288,10.4109061198974,2.00574032652681,3.51789892024721
"14610549","2009-02-23",20.697930243093,0.343007915567282,0.447669305189094,0.496268018987381,11.9729301293479,8.95273653731881,10.4628333333333,0.181201451498189,46.7558701832052,10.1888,10.2894519705777,1.14434333035465,3.0431878022687
"14610548","2009-02-24",19.5283576231892,0.174142480211082,0.172383465259455,0.359402932939115,11.9664649416079,8.96753505839212,10.467,0.193112753824555,43.9365449974679,10.1508,10.0988583745007,-0.0546720804059264,2.42361582573377
"14610547","2009-02-25",18.442325904707,0.432717678100264,0.316622691292876,0.312225153913809,11.9432738219221,9.02839284474459,10.4858333333333,0.27843577889115,49.0070365511252,10.1576,10.0643439245673,-0.225781483926757,1.89373636380167
"14610546","2009-02-26",17.9641392296653,0.240105540897098,0.282321899736148,0.25710935209616,11.9877068814639,8.89662645186941,10.4421666666667,0.120790628595702,45.6919749491682,10.1348,9.93709806795831,-0.943206460548085,1.32634779893172
"14610545","2009-02-27",17.5201087456981,0.366754617414248,0.346525945470536,0.315156845499854,11.9086472382605,8.8146860950728,10.3616666666667,0.25058941242177,48.1744240864134,10.1288,9.89081832556387,-1.11284498612165,0.838509241921043
"14610544","2009-03-02",17.1077947248713,0.366754617414248,0.324538258575198,0.317795367927294,11.9130061442195,8.74832718911382,10.3306666666667,0.265958355595054,48.1744240864134,10.1228,9.85070921548868,-1.23424226285404,0.423958940966028
"14610543","2009-03-03",17.424303479508,0.118733509234829,0.284080914687775,0.318381706244503,11.9842614848868,8.56973851511323,10.277,0.070364582992601,43.6434516250014,10.1088,9.69061465342353,-2.08839126883421,-0.0785111009940201
"14610542","2009-03-04",17.7182044659564,0.118733509234829,0.201407211961302,0.270008795074758,12.0419293945036,8.34540393882976,10.1936666666667,0.0824006394174057,43.6434516250014,10.08,9.55186603296706,-2.74895126114819,-0.612599133024854
"14610541","2009-03-05",18.7704619655049,0,0.079155672823219,0.188214599824099,12.180098036936,7.96390196306402,10.072,-0.0246435320472656,38.3871073893239,9.98879999999997,9.27428389523812,-4.26029070430219,-1.34213744728032
"14610540","2009-03-06",19.3341949026994,0.0132743362831859,0.0440026151726714,0.108188499985731,12.2531835371744,7.67581646282555,9.9645,0.0751924701654833,38.7907857226058,9.85599999999997,9.04171270920637,-5.39327306906333,-2.15236457163692
"14610539","2009-03-09",19.8576612015228,0.11283185840708,0.0420353982300884,0.0550645620753266,12.2172824692484,7.41805086408493,9.81766666666667,0.117091480917585,41.8671072368929,9.76679999999997,8.90015101464552,-5.85122842572554,-2.89213734245465
"14610538","2009-03-10",20.5695184359876,0.0420353982300886,0.0560471976401179,0.0473617370142929,12.106460360499,7.19487297283433,9.65066666666667,0.135419972132862,40.3154060087519,9.69119999999997,8.73479754602612,-6.45386410541465,-3.60448269504665
"14610537","2009-03-11",20.674195338941,0.055072463768116,0.0699799068017613,0.0560208342239895,12.0424331736537,7.00456682634626,9.5235,0.198913542209389,40.3154060087519,9.58959999999997,8.59149120655597,-6.87624872804785,-4.25883590164689
"14610536","2009-03-12",20.2992480198781,0.353623188405797,0.150243683468,0.0920902626366268,11.8468021858176,6.97753114751578,9.41216666666667,0.379071563545845,47.5693911721638,9.52559999999997,8.60462571234851,-6.18026410303252,-4.64312154192402
"14610535","2009-03-13",19.5298338534833,0.544927536231884,0.317874396135265,0.179365995468343,11.5759121359089,7.04975453075781,9.31283333333333,0.515576125745106,51.6264712752474,9.49279999999997,8.70400895070204,-4.95351790952457,-4.70520081544413
"14610534","2009-03-16",18.8252400637876,0.789029535864978,0.562526753500886,0.343548277701384,11.2690207083574,7.15364595830929,9.21133333333333,0.531264872455459,51.5613693439884,9.43639999999997,8.7888077572751,-3.94795584603053,-4.55375182156141
"14610533","2009-03-17",17.744894445289,0.779279279279279,0.70441211712538,0.528271088920511,11.0803222948249,7.20501103850842,9.14266666666667,0.556941662765022,50.5993602542214,9.35639999999997,8.84363338963842,-3.24356609810807,-4.29171467687074
"14610532","2009-03-18",16.7417163709689,0.999999999999999,0.856102938381419,0.707680603002562,10.9704730015622,7.24086033177109,9.10566666666667,0.656673999438675,53.8451808682054,9.32199999999997,8.95648227101996,-2.21728225311547,-3.87682819211969
"14610531","2009-03-19",16.5710252777769,0.689189189189189,0.822822822822822,0.794445959443207,10.2815645390413,7.64743546095873,8.9645,0.576748959779082,48.9662314456448,9.24599999999997,8.96228463488397,-2.00435812904646,-3.50233417950504
"14610530","2009-03-20",16.074591445467,0.969298245614034,0.886162478267741,0.855029413157328,10.3556294652386,7.6437038680947,8.99966666666666,0.759471228638329,53.4434168625543,9.17839999999997,9.05798001689944,-1.2133784288202,-3.04454302936807
"14610529","2009-03-23",15.2414512381441,0.890625,0.849704144934407,0.852896482008324,10.405985712784,7.62768095388271,9.01683333333333,0.79748356343991,53.8918512793563,9.11359999999997,9.15024934797952,-0.523463619395703,-2.5403271473736
"14610528","2009-03-24",15.2522222000748,0.613281249999999,0.824401498538011,0.85342270724672,10.3770865057902,7.62991349420981,9.0035,0.600648921212625,48.7615771288139,9.05799999999997,9.13554943491558,-0.596730276642443,-2.15160777322737
"14610527","2009-03-25",15.2622238075819,0.835999999999999,0.77996875,0.81802479782414,10.3462949162751,7.64137175039157,8.99383333333333,0.74135004704287,52.7210689304497,9.02559999999997,9.2001428435935,-0.143555491134784,-1.74999731680885
"14610526","2009-03-26",14.8322210616893,0.734177215189873,0.727819488396624,0.777396578978212,10.383758734778,7.6369079318887,9.01033333333333,0.714670074561907,51.1077874620016,8.92199999999997,9.2267904644477,0.0214946446412956,-1.39569892451882
"14610525","2009-03-27",14.4329327976461,0.734177215189873,0.768118143459915,0.758635460618847,10.3606501102068,7.64101655645982,9.00083333333333,0.646772224558236,51.1077874620016,8.96999999999997,9.24988506918801,0.150228881563863,-1.08651336330229
"14610524","2009-03-30",13.417383202169,0.696202531645569,0.721518987341772,0.739152206399437,10.3480710040527,7.64392899594733,8.996,0.683915390479731,50.3764087130765,8.96239999999997,9.25790039329628,0.171778029950076,-0.834855084651813
"14610523","2009-03-31",12.4743728635116,0.567164179104477,0.665847975313306,0.718495035371665,10.3911962441263,7.66480375587371,9.028,0.654783290306994,51.5381918821536,8.98599999999997,9.28351367419011,0.30687157816125,-0.606509752089201
"14610522","2009-04-01",11.8100624377593,0.436893203883494,0.566753304877847,0.651373422510975,10.4365282112495,7.70413845541713,9.07033333333333,0.656029472890283,51.5381918821536,8.97039999999997,9.30571185096476,0.408850562713603,-0.40343768912864
"14610521","2009-04-02",11.4804786067981,0.582524271844659,0.528860551610877,0.58715394393401,10.4294465845621,7.89122008210456,9.16033333333333,0.696856610780358,52.9081743422867,8.98999999999997,9.34495027083612,0.611725260869411,-0.20040509912903
"14610520","2009-04-03",10.9983158349375,0.485436893203883,0.501618122977345,0.532410659822023,10.4066131398903,8.07138686010971,9.23899999999999,0.651734046675184,51.8557147225621,8.98639999999997,9.36562356805797,0.677812261853705,-0.0247616269324827
"14610519","2009-04-06",11.0792002623306,0.821428571428571,0.629796578825704,0.553425084471309,10.3966120204458,8.28205464622088,9.33933333333333,0.806131836962154,55.8298740761408,8.99959999999997,9.43954042565024,1.07676552917646,0.195543804289306
"14610518","2009-04-07",11.3050249852616,0.819672131147539,0.708845865259997,0.613420189021016,10.3096019750766,8.59039802492341,9.44999999999999,0.862570905725181,56.5653396405787,9.05359999999997,9.51426836889688,1.44049284345658,0.44453361212276
"14610517","2009-04-08",11.5147193708405,0.813559322033897,0.818220008203336,0.718954150763013,10.1451775076278,8.95882249237217,9.552,0.916963438688777,56.5653396405787,9.10759999999997,9.57903258637729,1.70540237869108,0.696707365436424
"14610516","2009-04-09",12.0781935345282,0.999999999999999,0.877743817727145,0.801603230396826,10.2256315435902,9.03303512307645,9.62933333333333,1.12105390719486,60.1265574952922,9.22359999999997,9.68449490819366,2.19504346438157,0.996374585225454
"14610515","2009-04-13",13.1583835475134,0.859649122807017,0.891069481613637,0.86234443584804,10.4062446456752,8.9730886876581,9.68966666666666,1.12821727691033,61.4156506101049,9.34279999999997,9.79456225376784,2.66000406992306,1.32910048216498
"14610514","2009-04-14",14.1614171309996,0.833333333333332,0.897660818713449,0.888824706018077,10.5493653035613,8.95496802977203,9.75216666666666,1.02548592945228,61.4156506101049,9.44399999999997,9.88995395326546,2.98604991599118,1.66049036893022
"14610513","2009-04-15",15.8192947757982,0.78894472361809,0.82730905991948,0.872013120082189,10.7833260105165,8.88667398948345,9.835,1.12478514079486,64.8943771772335,9.57279999999997,10.0219600928301,3.49484260865445,2.02736081687506
"14610512","2009-04-16",17.3587525888254,0.849246231155778,0.823841429369066,0.849603769333999,10.9899114459324,8.8177552207343,9.90383333333333,1.03533595781183,65.9661061170963,9.70639999999997,10.1523654137861,3.93615019870057,2.40911869324017
"14610511","2009-04-17",18.4532065830964,0.78894472361809,0.809045226130652,0.820065238473066,11.1227802883509,8.86688637831579,9.99483333333333,0.939663110450932,63.8663677848356,9.79399999999997,10.2493833586146,4.13340602800498,2.75397616019313
"14610510","2009-04-20",19.542047325822,0.821621621621621,0.819937525465163,0.817608060321627,11.2732515806071,8.85241508605955,10.0628333333333,0.913286895770707,64.7720536719026,9.85879999999997,10.345465577466,4.30336075786917,3.06385307972834
"14610509","2009-04-21",19.7826701147996,0.675675675675675,0.762080673638462,0.797021141744759,11.3576659092932,8.86366742404014,10.1106666666667,0.776396853249651,59.9198126466601,9.91319999999997,10.3927368338038,4.17564614639032,3.28621169306073
"14610508","2009-04-22",20.0061055617073,0.755555555555554,0.75095095095095,0.777656383351525,11.4161827806162,8.96315055271717,10.1896666666667,0.773267234612515,61.748518522121,9.97959999999997,10.4550385892967,4.14764499122935,3.45849835269446
"14610507","2009-04-23",20.5537381349096,0.722222222222222,0.717817817817817,0.74361648080241,11.4869404972406,9.01605950275935,10.2515,0.755711762219441,60.6313282364625,10.024,10.5010334440571,4.03017430638388,3.57283354343234
"14610506","2009-04-24",19.1624789914652,0.0362318840579715,0.504669887278582,0.657812885349117,11.4835928310364,9.08607383563025,10.2848333333333,0.49242272253047,47.7587606229194,10.0628,10.4302289848495,3.26172696798017,3.51061222834191
"14610505","2009-04-27",17.8705955011239,0.210526315789473,0.322993474023222,0.515160393039874,11.4567010754589,9.20029892454107,10.3285,0.475551048537947,51.4996718203657,10.0856,10.4061984535362,2.83599316889456,3.37568841645244
"14610504","2009-04-28",17.1478302829434,0.0375939849624052,0.0947840616032832,0.307482474301696,11.4265828881002,9.28975044523317,10.3581666666667,0.372942775224937,48.4317215075688,10.0964,10.3547053263981,2.2936591285845,3.15928255887885
"14610503","2009-04-29",16.3087243752713,0.203007518796992,0.150375939849623,0.189384491825376,11.3885397388778,9.42079359445551,10.4046666666667,0.487464507687345,51.4132647100291,10.1444,10.3394112828783,2.01196609040606,2.92981926518429
"14610502","2009-04-30",15.5295546038615,0.240601503759397,0.160401002506265,0.135187001319724,11.3399548612665,9.55537847206683,10.4476666666667,0.449007506458825,52.0912269849466,10.1712,10.3328231118279,1.80704121255426,2.70526365465829
"14610501","2009-05-01",15.7584834054982,0.578947368421052,0.340852130325813,0.217209690893901,11.3349822407962,9.67701775920376,10.506,0.693409853001597,57.7986648716244,10.2248,10.3871133635842,1.97234117664127,2.55867915905488
"14610500","2009-05-04",15.9710601498751,0.774436090225562,0.531328320802004,0.344193817878027,11.3177101306203,9.83495653604631,10.5763333333333,0.785729650710024,60.7110080503505,10.2888,10.4688315817729,2.27539064599311,2.50202145644253
"14610499","2009-05-05",15.2692584294461,0.515625,0.623002819548871,0.498394423558896,11.303934053081,9.92073261358562,10.6123333333333,0.568199273540194,54.904230044794,10.3416,10.4903207042032,2.20243573773011,2.44210431270005
"14610498","2009-05-06",14.9888821948316,0.679687499999999,0.65658286340852,0.603638001253132,11.3106179849937,9.9977153483396,10.6541666666667,0.694860857302654,57.3949836604136,10.3972,10.5369446103095,2.27863171210128,2.40940979258029
"14610497","2009-05-07",15.1549726729827,0.900763358778625,0.698691952926208,0.659425878627867,11.3456204757598,10.0773795242402,10.7115,0.879922547648412,60.8339783497736,10.4652,10.6186853289349,2.54355456557727,2.43623874717969
"14610496","2009-05-08",15.692318174915,0.771241830065359,0.783897562947994,0.713057459760908,11.4138941458991,10.0987725207675,10.7563333333333,0.888050294042009,60.8339783497736,10.5272,10.6895272850769,2.71787314187175,2.4925656261181
"14610495","2009-05-11",16.1912818552807,0.784313725490195,0.818772971444726,0.76712082910631,11.4776559041239,10.1020107625428,10.7898333333333,0.841779033309637,61.069105521423,10.594,10.7535903137333,2.83495226587056,2.56104295406859
"14610494","2009-05-12",17.1055614114758,0.757225433526011,0.770926996360521,0.791199176917747,11.5645769642107,10.098089702456,10.8313333333333,0.901412737784234,62.4058874630274,10.6484,10.8237782719022,2.97244941818027,2.64332424689093
"14610493","2009-05-13",17.9545352850856,0.826589595375722,0.789376251463976,0.793025406423075,11.6274350750099,10.0765649249901,10.852,0.874843331226631,63.863640098008,10.7044,10.9006078356486,3.1306176202613,2.740782921565
"14610492","2009-05-14",19.0872438239186,0.821428571428571,0.801747866776768,0.787350371533755,11.6947551041825,10.0525782291508,10.8736666666667,0.881404307207314,63.863640098008,10.7604,10.9671934575621,3.21506966821068,2.83564027089414
"14610491","2009-05-15",20.1390446099778,0.827380952380952,0.825133039728415,0.805419052656386,11.7651527856901,10.0341805476432,10.8996666666667,0.850669979944289,63.9985587538864,10.802,11.0262343298871,3.24884719677336,2.91828165606998
"14610490","2009-05-18",21.3459142965471,0.943396226415093,0.864068583408205,0.830316496637796,11.8785099952365,9.99149000476353,10.935,0.942496637139884,68.2158777204773,10.8512,11.1214030859022,3.47211110458965,3.02904754577392
"14610489","2009-05-19",22.75518729381,0.994152046783625,0.921643075193223,0.870281566109948,12.0417290122582,9.94760432107517,10.9946666666667,0.97688978162161,70.9885395632716,10.9104,11.2372160077819,3.77892312939352,3.17902266249784
"14610488","2009-05-20",24.0637979341255,0.992700729927006,0.976749667708574,0.920820442103334,12.1824103029119,9.92025636375473,11.0513333333333,0.916417284294527,70.9885395632716,10.9548,11.3375872067443,3.96857706647844,3.33693354329396
"14610487","2009-05-21",25.2789363858471,0.999999999999999,0.995617592236876,0.964670111712891,12.3076726248175,9.90666070851587,11.1071666666667,0.871857102112438,71.1054711004643,10.9948,11.4259089125117,4.0729516239727,3.48413715942971
"14610486","2009-05-22",27.0034195642465,0.796511627906976,0.929737452611327,0.967368237518926,12.4119040838237,9.98742924950963,11.1996666666667,0.878226239770166,71.1054711004643,11.0396,11.5024543908435,4.1035808578723,3.60802589911823
"14610485","2009-05-26",28.5125010152839,0.754966887417218,0.850492838441397,0.9252826277632,12.4670377563224,10.1046289103443,11.2858333333333,0.800893443801442,70.4468689790744,11.08,11.566127138731,4.06340950125288,3.69910261954516
"14610484","2009-05-27",29.9137909341045,0.708333333333332,0.753270616219175,0.844500302423966,12.4645706861101,10.2984293138898,11.3815,0.785530763565096,70.7387445490795,11.132,11.6239768535669,3.99660820346432,3.75860373632899
"14610483","2009-05-28",31.2149887158664,0.708333333333332,0.723877851361294,0.775880435340622,12.4737893310577,10.4512106689423,11.4625,0.765749861831255,70.7387445490795,11.1776,11.6741132730913,3.89645354582533,3.78617369822826
"14610482","2009-05-29",33.2711761222016,0.673913043478259,0.696859903381641,0.72466945698737,12.4879280634692,10.6264052698641,11.5571666666667,0.872186328157494,72.3237848742428,11.2296,11.7308981700125,3.83954984172137,3.79684892692688
"14610481","2009-06-01",35.349154558583,0.716312056737588,0.699519477849726,0.70675241086422,12.5772904988471,10.6967095011528,11.637,0.91813319091144,75.0852649695609,11.3224,11.8054450806775,3.87701740333004,3.81288262220751
"14610480","2009-06-02",36.8233372673572,0.620155038759689,0.670126712991845,0.688835364741071,12.6216305222869,10.7733694777131,11.6975,0.777287670756592,71.4486060432203,11.4004,11.8580524032538,3.79853491724058,3.81001308121413
"14610479","2009-06-03",38.4867287562861,0.589147286821705,0.641871460772993,0.670505883871522,12.6093713535085,10.9406286464915,11.775,0.78864046245194,69.8298145709629,11.486,11.89831208282,3.66515961642864,3.78104238825703
"14610478","2009-06-04",40.0313065674345,0.812499999999999,0.67393410852713,0.661977427430656,12.635542950677,11.068457049323,11.852,0.881600012790206,74.3646283332853,11.5744,11.9718704717773,3.7105141522531,3.76693674105624
"14610477","2009-06-05",41.8332160143441,0.801980198019801,0.734542494947168,0.683449354749097,12.7130118695035,11.1333214638298,11.9231666666667,0.939010072802342,75.7198771650225,11.6648,12.0489544088737,3.76651056374333,3.76685150559366
"14610476","2009-06-08",43.980632531224,0.5703125,0.728264232673266,0.712246945382522,12.8408260262734,11.1681739737266,12.0045,1.03139164955438,77.7469683065386,11.7436,12.1370938210238,3.86880739010849,3.78724268249663
"14610475","2009-06-09",45.974662154041,0.601562499999999,0.657951732673267,0.706919486764567,12.9330454279905,11.2386212386762,12.0858333333333,0.972628600549803,78.2361638983843,11.8136,12.2188146448873,3.92656103470117,3.81510635293753
"14610474","2009-06-10",47.8937015293017,0.562499999999999,0.578124999999999,0.654780321782177,13.0155279502574,11.3021387164093,12.1588333333333,0.920900664262371,75.9874715674781,11.8964,12.2829726922357,3.89097807291516,3.83028069693306
"14610473","2009-06-11",49.6930563938087,0.953124999999998,0.705729166666665,0.647268633113311,13.1547805744454,11.341552758888,12.2481666666667,1.03596868799114,81.6632909657514,11.9908,12.4052429999376,4.13720919034752,3.89166639561595
"14610472","2009-06-12",51.4855790440613,0.943661971830985,0.81976232394366,0.701205496870108,13.2982247922957,11.3827752077043,12.3405,1.02529008059554,82.7190257342677,12.0776,12.5272105999459,4.3516693051679,3.98366697752634
"14610471","2009-06-15",52.7385568033849,0.862068965517241,0.919618645782741,0.815036712131022,13.3984711594897,11.4635288405102,12.431,0.957722516056074,79.831606937354,12.1616,12.6235825199531,4.41885244548441,4.07070407111796
"14610470","2009-06-16",53.9351870821782,0.986486486486486,0.930739141278237,0.890040037001546,13.5328635961847,11.4988030704819,12.5158333333333,0.967455771998145,81.8755768551638,12.2532,12.735104850626,4.54727169175548,4.16601759524546
"14610469","2009-06-17",53.5609191321368,0.797101449275361,0.881885633759695,0.910747806940225,13.606294963411,11.546705036589,12.5765,0.805967056092101,72.1290051583926,12.33,12.7970908705426,4.4289827745237,4.21861063110111
"14610468","2009-06-18",53.6698929911231,0.850746268656716,0.878111401472854,0.896912058836929,13.6932473993501,11.5970859339832,12.6451666666667,0.844200583743552,73.4386656693272,12.406,12.8641454211369,4.34530729328637,4.24394996353816
"14610467","2009-06-19",53.7710830030389,0.8955223880597,0.847790035330592,0.869262356854381,13.7691336517576,11.661533014909,12.7153333333333,0.826437555564966,74.2213775073535,12.4844,12.9302593649853,4.26452475749033,4.2480649223286
"14610466","2009-06-22",53.8650451569607,0.962686567164177,0.902985074626864,0.876295503810104,13.8468942947822,11.7184390385511,12.7826666666667,0.819793739931347,75.3927397443054,12.566,12.9995581163206,4.20515836717714,4.23948361129831
"14610465","2009-06-23",53.9522957284596,0.990476190476189,0.949561715233355,0.900112275063604,13.8998230881458,11.8148435785209,12.8573333333333,0.803440232264204,75.9165244803657,12.636,13.0649503674779,4.13239149582805,4.21806518820426
"14610464","2009-06-24",51.6016136201317,0.494736842105261,0.815966533248543,0.889504441036254,13.8801381620032,11.9428618379968,12.9115,0.588698411890972,59.8075428648743,12.6772,13.0589569851475,3.74058875651118,4.12256990186564
"14610463","2009-06-25",48.7748667421943,0.2,0.56173767752715,0.775755308669683,13.8292730499329,12.0797269500671,12.9545,0.445985990305005,55.4907688047008,12.712,13.0324293871278,3.2936198386343,3.95677988921937
"14610462","2009-06-26",46.8248853675573,0.250000000000001,0.314912280701754,0.564205497159149,13.8032646547457,12.1774020119209,12.9903333333333,0.485443624791369,56.3392059614085,12.748,13.0147721355108,2.93067142672983,3.75155819672146
"14610461","2009-06-29",45.014188376823,0.499999999999999,0.316666666666666,0.397772208298524,13.7951310699377,12.2532022633956,13.0241666666667,0.549180826644912,60.4034656622773,12.792,13.026135850776,2.73557809388514,3.5483621761542
"14610460","2009-06-30",43.6095552754256,0.531249999999998,0.427083333333333,0.352887426900584,13.7505677754788,12.3967655578545,13.0736666666667,0.59331742235955,62.2934628541601,12.8408,13.0493177373392,2.61247694797313,3.36118513051798
"14610459","2009-07-01",42.9742262384254,0.749999999999998,0.593749999999998,0.445833333333333,13.7054843370781,12.5545156629219,13.13,0.72010445550924,64.8248178615545,12.8944,13.0880753723606,2.57109141670848,3.20316638775608
"14610458","2009-07-02",40.5206350314123,0,0.427083333333332,0.482638888888888,13.6512523259958,12.6510810073375,13.1511666666667,0.222214256547536,51.9481289981186,12.9288,13.0576653227126,2.21620859966813,3.00577483013849
"14610457","2009-07-06",38.2423003391859,0,0.249999999999999,0.42361111111111,13.6200315115166,12.70763515515,13.1638333333333,0.177954288963369,51.7176427255712,12.9588,13.0299766130175,1.90688381016446,2.78599662614369
"14610456","2009-07-07",36.3622282602374,0.138461538461538,0.0461538461538461,0.241079059829059,13.6164732719776,12.7175267280224,13.167,0.266022423972053,53.7083394719877,12.9848,13.0179797312819,1.69804950934112,2.56840720278317
"14610455","2009-07-08",34.616447044071,0.215384615384616,0.117948717948718,0.138034188034188,13.6108782905027,12.7334550428306,13.1721666666667,0.292384499555996,54.8227585259055,13.0164,13.0142491004443,1.54581587188671,2.36388893660388
"14610454","2009-07-09",34.3203678647573,0.399999999999998,0.251282051282051,0.138461538461538,13.6085204510273,12.771812882306,13.1901666666667,0.559558841339869,57.469102203182,13.0544,13.0270158870517,1.482494955106,2.1876101403043
"14610453","2009-07-10",34.4880342471838,0.735632183908044,0.450338933097553,0.273189900776107,13.6569335941555,12.7580664058445,13.2075,0.899577013531373,64.5505637660614,13.096,13.0887471021115,1.64782757911348,2.07965362806614
"14610452","2009-07-13",34.9730870508115,0.809523809523807,0.64838533114395,0.450002105174518,13.7373089578177,12.7196910421823,13.2285,1.02884944181689,67.7466170174099,13.142,13.1702474884966,1.88407448970014,2.04053780039294
"14610451","2009-07-14",34.6147875540483,0.619047619047618,0.721401204159823,0.606708489467109,13.7820201484135,12.7066465182531,13.2443333333333,0.861734739526736,62.0123459431464,13.1736,13.2142144900304,1.92447391748598,2.01732502381155
"14610450","2009-07-15",34.6240116096174,0.778688524590163,0.73575331772053,0.701846617674768,13.8661710136728,12.6648289863272,13.2655,1.01983530567052,66.5816638216029,13.2156,13.292319224693,2.11325345921747,2.03651071089273
"14610449","2009-07-16",34.8444697738178,0.751879699248119,0.7165386142953,0.724564378725218,13.9746607718778,12.6316725614555,13.3031666666667,0.989083469412433,67.2879012647045,13.2616,13.3666766614006,2.26429550190768,2.08206766909572
"14610448","2009-07-17",33.8905433905823,0.460526315789474,0.663698179875919,0.70533003729725,14.034609279583,12.617390720417,13.326,0.850922114388643,59.2034775592034,13.2756,13.3911197732139,2.17639860676304,2.10093385662918
"14610447","2009-07-20",33.0047546061494,0.789473684210526,0.667293233082707,0.682510009084642,14.1512370436764,12.5727629563236,13.362,0.982322351334964,66.4405147980157,13.3048,13.4789704701187,2.3783978895509,2.15642666321353
"14610446","2009-07-21",32.1822364491759,0.934210526315789,0.728070175438597,0.686353862799074,14.2850717493497,12.5195949173169,13.4023333333333,0.991463071575765,69.0426994223736,13.3456,13.5844410741029,2.6354055190448,2.25222243437978
"14610445","2009-07-22",31.4729364797965,0.94736842105263,0.890350877192982,0.761904761904762,14.4061177721185,12.4785488945482,13.4423333333333,0.939759469314082,69.2759343025641,13.3788,13.6785155975558,2.81404745229747,2.36458743796332
"14610444","2009-07-23",30.900085298346,0.953947368421052,0.945175438596491,0.85453216374269,14.5221035647995,12.4848964352005,13.5035,0.894248898404738,69.4000725187704,13.4228,13.7613801845484,2.9241868443062,2.4765073192319
"14610443","2009-07-24",29.8612036529615,0.874125874125873,0.925147221199852,0.920224512329775,14.5866816988065,12.5539849678601,13.5703333333333,0.808129256960895,66.2300714576547,13.4584,13.8185294932753,2.91107092607183,2.56342004059988
"14610442","2009-07-27",28.1319801568051,0.739130434782608,0.855734559109845,0.908685739635396,14.6267619081618,12.6259047585049,13.6263333333333,0.730068065285053,61.2960979289104,13.4844,13.8440588941719,2.76280089610084,2.60329621170007
"14610441","2009-07-28",26.671438336035,0.706349206349206,0.773201838419229,0.851361206242976,14.6655466975675,12.6864533024325,13.676,0.710870964634233,61.0241065121785,13.5064,13.8648510416156,2.60901195000784,2.60443935936163
"14610440","2009-07-29",25.3152209310341,0.579545454545454,0.675008365225756,0.767981587584944,14.689900747852,12.742099252148,13.716,0.645805412218026,61.0241065121785,13.5268,13.8828709027336,2.45850184484031,2.57525185645736
"14610439","2009-07-30",25.238714539543,0.344827586206897,0.543574082367186,0.663928095337391,14.7140096418253,12.7779903581747,13.746,0.622588310631818,55.3293245407694,13.558,13.8718214490357,2.19763235194064,2.49972795555402
"14610438","2009-07-31",24.7923823681449,0.252873563218391,0.392415534656914,0.536999327416619,14.6733156831314,12.9106843168686,13.792,0.500756444801141,53.191071559291,13.5924,13.8515785891643,1.92231558902869,2.38424548224895
"14610437","2009-08-03",23.4319655907403,0,0.199233716475096,0.378407777833066,14.60856809124,13.0517652420933,13.8301666666667,0.373565664758886,47.7284803447645,13.6164,13.8047014439424,1.55787175263011,2.21897073632519
"14610436","2009-08-04",22.1687214402932,0.126436781609195,0.126436781609195,0.239362010913735,14.5390337628054,13.1962995705279,13.8676666666667,0.380095404640801,50.4675582674492,13.6368,13.7787412514168,1.31808436630532,2.03879346232121
"14610435","2009-08-05",21.3688273988277,0.482758620689655,0.203065134099617,0.17624521072797,14.4528733442506,13.3781266557494,13.9155,0.528999081365056,57.2640705623455,13.6656,13.7975757512279,1.294708771548,1.88997652416657
"14610434","2009-08-06",21.4517443541593,0.399999999999999,0.33639846743295,0.221966794380587,14.3914592327694,13.5132074338972,13.9523333333333,0.527706556780853,55.1605911866516,13.6856,13.8032323177308,1.21520183622184,1.75502158657762
"14610433","2009-08-07",21.5287386698243,0.647058823529411,0.509939148073022,0.349800916535196,14.3798056464326,13.5731943535674,13.9765,0.591121957565107,59.3787534285097,13.7332,13.8361346753667,1.26019431234297,1.65605613173069
"14610432","2009-08-10",22.8211291725088,0.637254901960784,0.561437908496732,0.469258508000901,14.412813057083,13.5908536095837,14.0018333333333,0.83030826621193,61.2482312625596,13.7852,13.8779833853178,1.33805582208384,1.59245606980132
"14610431","2009-08-11",24.0212060678586,0.999999999999998,0.761437908496731,0.610938321688828,14.479275711186,13.6130576221473,14.0461666666667,1.04701389791941,67.2533355101371,13.8484,13.9635856006088,1.59461253881072,1.5928873636032
"14610430","2009-08-12",25.9690153722911,0.6986301369863,0.778628346315694,0.700501387769719,14.5886643503145,13.5813356496854,14.085,1.07743481973998,67.2533355101371,13.9096,14.0377741871943,1.77486406939407,1.62928270476137
"14610429","2009-08-13",27.9937830510993,0.743749999999999,0.814126712328766,0.784730989047064,14.7225181156659,13.5341485510008,14.1283333333333,1.08763986734224,69.7511195748291,13.9728,14.1247376289017,1.98974442026809,1.70137504786272
"14610428","2009-08-14",28.3727981524194,0.537499999999999,0.659960045662099,0.750905034768853,14.7558380018491,13.5658286648176,14.1608333333333,0.76260298156948,60.158551441243,14.0076,14.1561059450481,1.94745870044382,1.75059177837894
"14610427","2009-08-17",28.5994621430521,0.51875,0.6,0.691362252663622,14.7707159786907,13.571950687976,14.1713333333333,0.635139047864343,59.3593344092276,14.0328,14.1792918190417,1.87481027214262,1.77543547713168
"14610426","2009-08-18",28.467822172704,0.46875,0.508333333333333,0.589431126331811,14.7718496107822,13.5721503892178,14.172,0.59280103823703,57.1778670151338,14.0628,14.1887195765028,1.75133941977594,1.77061626566053
"14610425","2009-08-19",26.7094821085341,0.1875,0.391666666666667,0.5,14.7592952395259,13.5547047604741,14.157,0.361363672630506,46.7666171374772,14.0628,14.1368902996358,1.38142656948208,1.69277832642484
"14610424","2009-08-20",25.5258657239895,0,0.21875,0.372916666666667,14.765025818339,13.4793075149943,14.1221666666667,0.101649392923545,40.4250050503759,14.0464,14.0439715930177,0.871354864661256,1.52849363407212
"14610423","2009-08-21",24.8832955652121,0,0.0625000000000003,0.224305555555556,14.7989382667984,13.3640617332016,14.0815,0.0134308420832608,37.5322967511635,14.0344,13.9381087139487,0.351200645112315,1.29303503628016
"14610422","2009-08-24",24.2532043774694,0.189189189189189,0.0630630630630631,0.114771021021021,14.8032378042099,13.3130955291234,14.0581666666667,0.205956488858601,45.2976257730689,14.0164,13.8930275520888,0.138620242006127,1.06215207742535
"14610421","2009-08-25",23.6681197031368,0.189189189189189,0.126126126126126,0.0838963963963967,14.804494956029,13.262505043971,14.0335,0.218869756144244,45.2976257730689,13.9896,13.8539572118103,-0.0299582454608482,0.843730012848114
"14610420","2009-08-26",23.9650225015378,0,0.126126126126126,0.105105105105105,14.824556702559,13.180443297441,14.0025,0.121376482873878,39.5899574845149,13.948,13.7734295835689,-0.364771560779542,0.602029698122583
"14610419","2009-08-27",23.4826162302879,0.227027027027027,0.138738738738739,0.130330330330331,14.8204434838987,13.159223182768,13.9898333333333,0.343588876709202,48.0493671587852,13.9228,13.7596389724264,-0.380207814263755,0.405582195645315
"14610418","2009-08-28",22.6927368437024,0.237837837837837,0.154954954954955,0.13993993993994,14.820430093273,13.157569906727,13.989,0.37230836660154,48.4197744625729,13.9028,13.7503537761029,-0.376395537172991,0.249186649081654
"14610417","2009-08-31",21.1925465028375,0.12972972972973,0.198198198198198,0.163963963963964,14.8181277948262,13.1688722051738,13.9935,0.336188721528847,44.9670067475663,13.882,13.7156399392892,-0.485521359356222,0.102245047394079
"14610416","2009-09-01",19.7987808056724,0.4,0.255855855855856,0.203003003003003,14.8270428248428,13.1976238418239,14.0123333333333,0.543573814187714,53.8308346518435,13.8816,13.7522212807173,-0.274727770497962,0.0268504838156705
"14610415","2009-09-02",19.1469591215457,0.296551724137931,0.27542715128922,0.243160401781092,14.8246699769065,13.1883300230935,14.0065,0.39213732782804,48.6039151955733,13.8688,13.7425917766216,-0.286614127830909,-0.0358424385136453
"14610414","2009-09-03",18.5416961291423,0.669642857142857,0.455398193760263,0.328893733635113,14.8257296905903,13.189603642743,14.0076666666667,0.495314134460021,53.6111844573362,13.8768,13.7769128730721,-0.10698703589177,-0.0500713579892703
"14610413","2009-09-04",17.9796662076249,0.669642857142857,0.545279146141215,0.425368163730233,14.8230024964299,13.1873308369035,14.0051666666667,0.496841256839919,53.6111844573362,13.888,13.8066578233292,0.0346434155316766,-0.0331284032850809
"14610412","2009-09-08",17.4577812805016,0.544642857142856,0.62797619047619,0.542884510125889,14.7978607442455,13.1804725890878,13.9891666666667,0.477844938941178,51.0858497107933,13.9024,13.8137701135519,0.0641644302464606,-0.0136698365787726
"14610411","2009-09-09",16.4661937314669,0.88235294117647,0.698879551820728,0.624044962812711,14.7502315264122,13.1951018069211,13.9726666666667,0.639752543218357,55.7369871140345,13.924,13.8586007650783,0.253686831750155,0.0398014970870129
"14610410","2009-09-10",16.0807961148108,0.977443609022556,0.801479802447294,0.709445181581404,14.7270426344625,13.2076240322041,13.9673333333333,0.890061478637782,61.2151335053278,13.9492,13.9507873297346,0.627679557648153,0.157377109199241
"14610409","2009-09-11",16.1588617321277,0.898648648648647,0.919481732949224,0.806613695739082,14.6764618286885,13.2385381713115,13.9575,0.967688250728656,61.599000818603,13.9788,14.0346823524366,0.928091596789637,0.31152000671732
"14610408","2009-09-14",15.9139563102495,0.844594594594593,0.906895617421932,0.875952384272817,14.6830416558741,13.2352916774593,13.9591666666667,0.878173032749402,59.8965519772697,13.9968,14.0967247054451,1.10558275289523,0.470332555952902
"14610407","2009-09-15",14.8735229460883,0.695945945945944,0.813063063063062,0.87981347114474,14.6861586317278,13.2341747016055,13.9601666666667,0.770778938051714,55.3649409897567,14.002,14.1211614113857,1.10687618744119,0.597641282250559
"14610406","2009-09-16",13.9074062507957,0.709677419354837,0.750072653298458,0.823343777927818,14.7057472898534,13.2272527101466,13.9665,0.799967281643985,56.8047064172989,13.996,14.1543398898676,1.14570293421938,0.707253612644324
"14610405","2009-09-17",13.1486780665992,0.637096774193547,0.680906713164776,0.748014143175432,14.7414832011048,13.2268501322286,13.9841666666667,0.737131140239234,54.89769021412,13.9864,14.1710945712186,1.11209159471333,0.788221209058125
"14610404","2009-09-18",12.4441447527024,0.693548387096773,0.680107526881719,0.703695631114985,14.7740404940773,13.268292839256,14.0211666666667,0.718385419549164,56.1312647369931,13.9728,14.1949486283895,1.11225446049004,0.853027859344507
"14610403","2009-09-21",12.5180627160045,0.447619047619047,0.592754736303122,0.651256325449873,14.7600795834726,13.365587083194,14.0628333333333,0.610314923387967,51.7741756531104,13.9644,14.1889554779375,0.987267664969727,0.879875820469551
"14610402","2009-09-22",13.0113386471538,0.323809523809523,0.488325652841781,0.587062638675541,14.7545894492745,13.4204105507255,14.0875,0.519362720667691,49.1059429272115,13.952,14.1664280808792,0.805013185374448,0.86490329345053
"14610401","2009-09-23",13.1876742435898,0.28735632183908,0.352928297755883,0.478002895633596,14.7466083063584,13.487725026975,14.1171666666667,0.560503358741862,50.9891020299148,13.9464,14.158904336762,0.703706180930697,0.832663870946564
"14610400","2009-09-24",13.3039472178747,0.254545454545455,0.288570433398019,0.376608127998562,14.7114003798815,13.6262662867852,14.1688333333333,0.725317775522415,51.6315610648769,13.96,14.156383758527,0.633229922552725,0.792777081267796
"14610399","2009-09-25",13.4119149797107,0.39090909090909,0.310936955764542,0.317478562306148,14.7121835288774,13.6908164711226,14.2015,0.678029369512901,54.820518424692,13.994,14.1741992573901,0.655257539823939,0.765273172979025
"14610398","2009-09-28",13.3491280959542,0.244680851063829,0.296711798839458,0.298739729334007,14.6983868471214,13.7536131528786,14.226,0.543043817704148,53.8018398216661,14.034,14.1843060230714,0.642432717156849,0.740705081814589
"14610397","2009-09-29",13.2908259896089,0.28723404255319,0.307607994842037,0.305085583148679,14.6669138305295,13.8417528361371,14.2543333333333,0.54322388831882,54.7081948724107,14.0616,14.1983985533286,0.647478883382169,0.722059842128105
"14610396","2009-09-30",12.6364647211668,0.138297872340426,0.223404255319149,0.275908016333548,14.6657194954905,13.8496138378429,14.2576666666667,0.368072637828523,50.941195567274,14.0836,14.1919454128848,0.565349156415107,0.690717704985506
"14610395","2009-10-01",13.8695679111003,0.351063829787233,0.25886524822695,0.263292499462712,14.6610096094848,13.9209903905152,14.291,0.777920709887806,55.640332303383,14.1276,14.2130193578335,0.606896177965344,0.673953399581473
"14610394","2009-10-02",15.210450552317,0.914893617021275,0.468085106382978,0.316784869976359,14.7611585516109,13.9088414483891,14.335,1.13943337279031,65.1632376098949,14.176,14.3019501101223,0.928496617582875,0.724862043181754
"14610393","2009-10-05",15.7954661527061,0.744680851063829,0.670212765957446,0.465721040189125,14.8137466429572,13.9345866903762,14.3741666666667,0.965406397852233,60.9120232562672,14.2172,14.3576900954394,1.07882817188152,0.795655268921707
"14610392","2009-10-06",16.764578922432,0.682242990654205,0.78060581957977,0.639634563973398,14.8639483590896,13.9753849742437,14.4196666666667,0.999307842561598,61.4202479202255,14.2676,14.4099980827141,1.1998909743403,0.876502410005426
"14610391","2009-10-07",16.7008640621919,0.448598130841121,0.625173990853052,0.691997525463423,14.8832122677356,14.0011210655978,14.4421666666667,0.724277640286936,55.0022914591508,14.288,14.4219983383522,1.14222803545942,0.929647535096225
"14610390","2009-10-08",16.6417002633975,0.570093457943925,0.566978193146417,0.65758600119308,14.8914822737909,13.9998510595424,14.4456666666667,0.706737191775746,57.4898097187575,14.326,14.4497318932386,1.15568364676191,0.974854757429362
"14610389","2009-10-09",17.1647975122136,0.672897196261682,0.563862928348909,0.585338370782793,14.9152260149417,13.9907739850583,14.453,0.850117319454083,59.5285355014924,14.3556,14.4884343074735,1.21326788696527,1.02253738333654
"14610388","2009-10-12",18.031040500323,0.755102040816325,0.666030898340644,0.598957339945324,14.9748925374562,13.9707741292105,14.4728333333333,0.928734297135482,61.5161361040211,14.3896,14.536643066477,1.30432251131154,1.07889440893154
"14610387","2009-10-13",19.290496214395,0.898148148148146,0.775382461742051,0.668425429477202,15.0901884012068,13.9348115987932,14.5125,1.04888298375202,65.792431969188,14.4396,14.6130906576134,1.50185441605826,1.16348641035689
"14610386","2009-10-14",20.8128687511035,0.687999999999999,0.780416729654823,0.740610029912506,15.1854313701326,13.9125686298674,14.549,0.964307722509693,62.8975291088646,14.474,14.6660119032649,1.58339414557962,1.24746795740143
"14610385","2009-10-15",22.2265003923328,0.879999999999998,0.822049382716048,0.792616191370974,15.2959296635335,13.8944036697998,14.5951666666667,0.979120617813966,66.6861316446857,14.502,14.7438769828296,1.75798405584606,1.34957117709036
"14610384","2009-10-16",23.7391677198327,0.871999999999999,0.813333333333332,0.805266481901401,15.3957495529623,13.8889171137044,14.6423333333333,0.932032111228372,66.381973246623,14.5284,14.8100267184523,1.86742310978558,1.4531415636294
"14610383","2009-10-19",25.1437873810825,0.911999999999998,0.887999999999999,0.84112757201646,15.4730273840448,13.9189726159552,14.696,0.88222591133656,67.1878228963252,14.56,14.874023155992,1.95717452794446,1.55394815649242
"14610382","2009-10-20",26.7163456614662,0.841121495327102,0.875040498442366,0.858791277258566,15.5278154721296,13.9835178612038,14.7556666666667,0.856796511308258,65.8283534061879,14.5988,14.9241534018598,1.98247009189327,1.63965254357259
"14610381","2009-10-21",28.176578350394,0.826086956521737,0.859736150616279,0.874258883019548,15.5719724650154,14.0496942016512,14.8108333333333,0.819148834365967,66.0134975850361,14.6344,14.9689329482785,1.984093527691,1.70854074039627
"14610380","2009-10-22",29.5325087043983,0.923913043478259,0.863707165109033,0.866161271389226,15.6303879762099,14.0849453571234,14.8576666666667,0.818571085883701,67.709201908769,14.6772,15.019741888508,2.0097039299475,1.76877337830652
"14610379","2009-10-23",31.6330335123736,0.646153846153845,0.798717948717947,0.840720421481087,15.700944060492,14.1253892728413,14.9131666666667,0.868230080739855,67.3073662942808,14.7168,15.0624429700403,2.00063727242339,1.81514615712989
"14610378","2009-10-26",33.583520834065,0.676923076923076,0.748996655518394,0.803807256448458,15.7360932279084,14.2095734387583,14.9728333333333,0.819135506876016,68.1223184870892,14.766,15.1047839073682,1.99111170618456,1.85033926694082
"14610377","2009-10-27",35.3946876327784,0.786324786324785,0.703133903133902,0.750282835790081,15.7707222138225,14.3009444528441,15.0358333333333,0.849826130397019,71.3868543439436,14.8272,15.1641460530525,2.04956734599655,1.89018488275197
"14610376","2009-10-28",37.2148195064334,0.83018867924528,0.764478847497714,0.738869802050004,15.7655835820737,14.4534164179263,15.1095,0.891591366841736,72.6297845264523,14.8876,15.2249265793121,2.10738450538797,1.93362480727917
"14610375","2009-10-29",39.6758633426607,0.615942028985506,0.744151831518524,0.737254860716714,15.8522934896292,14.5047065103708,15.1785,1.01808653349478,74.0188299999251,14.95,15.2882697020705,2.1690450684767,1.98070885951868
"14610374","2009-10-30",42.1517167122843,0.762237762237762,0.736122823489516,0.748251167501918,16.0405127827975,14.4498205505358,15.2451666666667,1.10864486984392,79.5949347408089,15.0224,15.3965004084611,2.39832573019925,2.06423223365479
"14610373","2009-11-02",43.0613571340116,0.580419580419579,0.652866457214282,0.711047037407441,16.1427055635191,14.4722944364809,15.3075,0.932528249067056,69.1988640575496,15.086,15.455633687333,2.41347373195679,2.13408053331519
"14610372","2009-11-03",43.9060232399012,0.90833333333333,0.750330225330224,0.713106502011341,16.3004537260317,14.461212940635,15.3808333333333,1.01606438602434,75.6529830272172,15.1676,15.5722158623552,2.64739881827885,2.23674419030792
"14610371","2009-11-04",44.690356052513,0.90833333333333,0.799028749028746,0.734075143857751,16.4074359462866,14.5232307203801,15.4653333333333,0.958902594461638,75.6529830272171,15.2548,15.6732537473745,2.79650248781789,2.34869584980992
"14610370","2009-11-05",41.6337847366983,0,0.605555555555553,0.718304843304841,16.3733536582967,14.65131300837,15.5123333333333,0.533487401513502,49.2650171609886,15.2908,15.6168199143913,2.33080515001174,2.34511770985028
"14610369","2009-11-06",38.7955399434418,0.327731092436974,0.412021475256768,0.605535259947023,16.3485455360332,14.7624544639668,15.5555,0.553275629305389,55.3249822860692,15.3212,15.6199105924724,2.138424361359,2.30377904015202
"14610368","2009-11-09",36.1909569427086,0.42016806722689,0.249299719887955,0.422292250233426,16.3355694349005,14.8600972317661,15.5978333333333,0.603130825740678,56.8890757537021,15.3624,15.6372558468094,2.01939599187217,2.24690243049606
"14610367","2009-11-10",33.8593255001372,0.294117647058822,0.347338935574229,0.336220043572985,16.3294337656325,14.9132329010342,15.6213333333333,0.496704798886003,54.1072087913027,15.3964,15.6322884005682,1.82655961636105,2.16283386766905
"14610366","2009-11-11",31.4803762101845,0.277310924369747,0.330532212885153,0.30905695611578,16.3189594364785,14.9733738968548,15.6461666666667,0.492939876566555,53.7299431282025,15.4396,15.6253166138258,1.64451660341909,2.05917041481906
"14610365","2009-11-12",29.9559565715664,0.42016806722689,0.330532212885153,0.336134453781512,16.3284428279462,15.0205571720538,15.6745,0.621442828444329,56.5059804663921,15.4844,15.6419410653157,1.5699018284834,1.96131669755193
"14610364","2009-11-13",28.2875312641421,0.352941176470587,0.350140056022408,0.337068160597572,16.3308275050316,15.0678391616351,15.6993333333333,0.571787413669104,54.8385900574205,15.5216,15.6456822566069,1.45264626030479,1.8595826101025
"14610363","2009-11-16",26.7382791929624,0.445378151260503,0.406162464985993,0.362278244631185,16.3273021026624,15.1203645640043,15.7238333333333,0.546536514830013,56.7292969904895,15.5588,15.6635912890593,1.40022461176419,1.76771101043484
"14610362","2009-11-17",25.0942282796329,0.252100840336134,0.350140056022408,0.368814192343604,16.3147150579679,15.1666182753654,15.7406666666667,0.415222013676673,51.8421072031974,15.5764,15.6484457838514,1.22594515677077,1.65935783970202
"14610361","2009-11-18",23.5676095743984,0.336134453781512,0.34453781512605,0.366946778711484,16.2973869610269,15.2199463723065,15.7586666666667,0.405331207058817,53.7093546972553,15.602,15.6486530126712,1.12646027884054,1.55277832752973
"14610360","2009-11-19",21.9052409812813,0.336206896551724,0.30814739688979,0.334275089346083,16.2820105979833,15.2676560686834,15.7748333333333,0.399936366360921,53.4860183739716,15.6176,15.6474992776484,1.03058314815363,1.44833929165451
"14610359","2009-11-20",20.3616130019582,0.407407407407407,0.359916252580215,0.337533821532019,16.2770414110321,15.2922919223013,15.7846666666667,0.403867259897053,54.5046820494694,15.6356,15.6531660406286,0.969212633837002,1.35251396009101
"14610358","2009-11-23",19.9255391952025,0.462962962962963,0.402192422307365,0.35675202392579,16.2728342503837,15.333832416283,15.8033333333333,0.531948819385143,55.7568407155644,15.654,15.6660772352115,0.940610406953835,1.27013324946357
"14610357","2009-11-24",19.5206135175008,0.614583333333331,0.494984567901234,0.419031080929605,16.2734499240122,15.3632167426545,15.8183333333333,0.534789620193185,57.6401556783007,15.6776,15.6892669371833,0.953160530848729,1.2067387057406
"14610356","2009-11-25",19.144611102492,0.666666666666661,0.581404320987652,0.492860437065417,16.2772666616908,15.3840666716425,15.8306666666667,0.544036423837405,58.2776972726651,15.702,15.7133646788922,0.967145758847598,1.158820116362
"14610355","2009-11-27",20.0256550172613,0.519999999999997,0.600416666666663,0.558935185185183,16.2972292231268,15.3824374435398,15.8398333333333,0.740674076417757,59.7981120645288,15.7256,15.7435827217065,1.00232228672714,1.12752055043503
"14610354","2009-11-30",20.8437672238327,0.719999999999997,0.635555555555552,0.605792181069956,16.2831934904295,15.3894731762372,15.8363333333333,0.843507913073958,62.91664766433,15.7556,15.7897716921457,1.09392467417888,1.1208013751838
"14610353","2009-12-01",21.213327371664,0.613333333333333,0.617777777777776,0.617916666666664,16.2818471597259,15.3898195069408,15.8358333333333,0.706458472550321,60.2330197203542,15.7808,15.8191354665263,1.11228172178093,1.11909744450323
"14610352","2009-12-02",22.637683345771,0.557894736842102,0.630409356725144,0.627914230019491,16.2539888537742,15.4066778128925,15.8303333333333,0.959886213994318,61.7696103887084,15.802,15.8539174043228,1.14888751116284,1.12505545783515
"14610351","2009-12-03",23.9602996074417,0.684210526315787,0.618479532163741,0.622222222222221,16.227916450956,15.423083549044,15.8255,1.00673044350509,64.3151909398219,15.8252,15.9000617504131,1.22425067550263,1.14489450136865
"14610350","2009-12-04",25.1884432789931,0.684210526315787,0.642105263157892,0.630331384015593,16.2728894083768,15.4411105916232,15.857,0.912369241787998,64.3151909398219,15.8452,15.9400535170246,1.2686956191277,1.16965472492046
"14610349","2009-12-07",26.9292949784133,0.989473684210523,0.785964912280699,0.682183235867444,16.3867482249754,15.412585108358,15.8996666666667,1.10941197273824,69.9274149845288,15.8608,16.0133797147547,1.43300245432774,1.22232427080191
"14610348","2009-12-08",29.2692870600647,0.614814814814814,0.762833008447041,0.730301061295211,16.5234671693333,15.3651994973334,15.9443333333333,1.10348744672559,69.1200455209999,15.886,16.0742624194541,1.53402529590818,1.28466447582317
"14610347","2009-12-09",30.4326487227237,0.451851851851852,0.685380116959063,0.744726012562268,16.5790604755173,15.390272857816,15.9846666666667,0.869003394832524,60.8037051066692,15.8828,16.0976940968602,1.4858760717209,1.32490679500271
"14610346","2009-12-10",31.5129131237642,0.615384615384614,0.56068376068376,0.669632295363288,16.6556918330485,15.4073081669515,16.0315,0.934027893866427,65.6580089608012,15.8892,16.1500015506122,1.54949307394743,1.36982405079166
"14610345","2009-12-11",32.5340749662025,0.693548387096774,0.586928284777747,0.610997387473524,16.7458303416621,15.3995029916713,16.0726666666667,0.933772663092653,67.8049760222221,15.9436,16.2113346771972,1.63983410000468,1.42382606063426
"14610344","2009-12-14",33.4304699336277,0.660869565217392,0.656600855899594,0.6014043004537,16.8202488123388,15.4110845209945,16.1156666666667,0.879184554005112,67.4266770984445,15.982,16.2631567202376,1.68594400375326,1.47624964925806
"14610343","2009-12-15",34.7262756333382,0.778761061946902,0.711059671420356,0.651529604032566,16.9205404561097,15.4161262105569,16.1683333333333,0.942032506648882,70.1196680794216,16.022,16.3280691575392,1.7752318150525,1.53604608241695
"14610342","2009-12-16",35.9295237830695,0.811320754716981,0.750317127293758,0.705992551537903,16.9885462422141,15.4651204244526,16.2268333333333,0.884987567600631,70.980900161936,16.07,16.3909932698673,1.84803945335701,1.59844475660496
"14610341","2009-12-17",37.357445832916,0.881188118811878,0.823756645158587,0.761711147957567,17.0658809227516,15.5161190772484,16.291,0.918774021236294,72.6770971924983,16.1228,16.458860833885,1.93125848147631,1.66500750157923
"14610340","2009-12-18",39.1696668850402,0.711111111111109,0.801206661546656,0.791760144666334,17.1590016736384,15.5656649930283,16.3623333333333,0.962969738689617,73.8302189698294,16.1716,16.5270127227004,2.00685862569299,1.73337772640198
"14610339","2009-12-21",40.8524435762985,0.703125,0.76514140997433,0.796701572226524,17.2179595842361,15.6427070824306,16.4303333333333,0.893376087932842,73.9990391570032,16.224,16.5874110263403,2.04669091441787,1.79604036400516
"14610338","2009-12-22",41.5637377782689,0.54310344827586,0.652446519795657,0.739598197105548,17.2363459728514,15.7243206938152,16.4803333333333,0.733461705233532,67.0155011552054,16.266,16.6197562228283,1.98169402253712,1.83317109571155
"14610337","2009-12-23",41.1073121610864,0.353448275862069,0.533225574712643,0.650271168160877,17.2244161476251,15.8195838523749,16.522,0.614841703083574,58.321943946306,16.3084,16.6184553931178,1.80247850328874,1.82703257722699
"14610336","2009-12-24",40.6834883737026,0.324324324324323,0.406958682820751,0.53087692577635,17.194956322749,15.923043677251,16.559,0.540097093287429,58.321943946306,16.3468,16.6173280073688,1.64156510853919,1.78993908348943
"14610335","2009-12-28",41.2523070712844,0.26126126126126,0.313011287149218,0.417731848227537,17.1885232900241,15.9958100433093,16.5921666666667,0.609973346089641,55.6575932102157,16.3828,16.6070176063863,1.46323270561541,1.72459780791463
"14610334","2009-12-29",41.780495861896,0.540540540540541,0.375375375375375,0.365115115115115,17.2017908157378,16.0572091842623,16.6295,0.727594077028986,63.5903515848586,16.4292,16.6394152588681,1.45557423857647,1.670793094047
"14610333","2009-12-30",42.2709568817496,0.528735632183907,0.443512477995237,0.37729971350661,17.1914153660558,16.1609179672775,16.6761666666667,0.768963965358136,65.7207427722481,16.4772,16.6808265576857,1.48041189943444,1.63271685512449
"14610332","2009-12-31",44.5046559587881,0.217592592592594,0.428956255105681,0.415948036158764,17.3492506366136,16.1384160300531,16.7438333333333,1.18506466160254,66.9695441600443,16.524,16.7247163499943,1.51105119525847,1.60838372315128
"14610331","2010-01-04",46.6601974769145,0.575757575757576,0.440695266844693,0.437721333315203,17.6774676667725,16.0065323332275,16.842,1.31072357467761,78.8582536001966,16.604,16.8774208366617,1.92445472994534,1.67159792451009
"14610330","2010-01-05",48.6617717437462,0.627705627705626,0.473685265351932,0.447778929100769,17.8641597259279,16.0031736074054,16.9336666666667,1.0909053569619,79.943060143671,16.686,17.0257647251068,2.27721681146573,1.79272170190122
"14610329","2010-01-06",50.7235088400553,0.666666666666665,0.623376623376623,0.512585718524416,18.082146673278,15.957853326722,17.02,1.06489373369524,80.7412134264009,16.7656,17.1663294284259,2.5642819847481,1.9470337584706
"14610328","2010-01-07",52.7474940957521,0.83116883116883,0.708513708513708,0.601858532414088,18.3529141275533,15.8777525391133,17.1153333333333,1.07962545692658,83.6920592986499,16.8636,17.3388188379691,2.92975987465112,2.1435789817067
"14610327","2010-01-08",54.6316717315637,0.95238095238095,0.816738816738816,0.716209716209716,18.613220331809,15.8491130015243,17.2311666666667,1.04586640569342,85.4599035886704,16.97,17.5256429929066,3.30300384422666,2.37546395421069
"14610326","2010-01-11",55.9570681717555,0.909090909090908,0.897546897546897,0.807599807599807,18.8224833556817,15.8518499776516,17.3371666666667,0.956524415532542,82.0393700319063,17.0676,17.6742239271857,3.50513587691115,2.60139833875078
"14610325","2010-01-12",58.0238764987543,0.487584650112867,0.783018837194909,0.832434850493541,19.1899438461815,15.7643894871519,17.4771666666667,1.07786267346251,82.4921632150711,17.1676,17.8109940702276,3.64513424368726,2.81014551973808
"14610324","2010-01-13",59.9430556595389,0.767494356659142,0.721389971954306,0.800651902232038,19.6610651466944,15.6376015199723,17.6493333333333,1.10743683222784,88.7848723095532,17.3056,18.0948615275306,4.25480143242498,3.09907670227546
"14610323","2010-01-14",59.9397639382938,0.616252821670429,0.62377727614748,0.709395361765565,19.9126417976164,15.653691535717,17.7831666666667,0.90545984976194,73.4279446433576,17.4176,18.2515466571932,4.37746593907486,3.35475454963534
"14610322","2010-01-15",59.7415573158962,0.598194130925508,0.660647103085027,0.668604783728938,20.0822312691497,15.7307687308504,17.9065,0.815641002975704,71.8303261817175,17.5352,18.3766737695674,4.38353436176815,3.5605105120619
"14610321","2010-01-19",58.216090234094,0.424757281553398,0.546401411383112,0.61027526353854,20.1581219032324,15.8385447634343,17.9983333333333,0.680187390604095,61.2465626838182,17.6196,18.4064506002918,4.08081272237977,3.66457095412548
"14610320","2010-01-20",56.7995850867063,0.522388059701493,0.515113157393467,0.574053890620536,20.260657036702,15.9310096299647,18.0958333333333,0.720379762375547,65.4303745532846,17.7172,18.4922571869195,3.99035117933002,3.72972699916639
"14610319","2010-01-21",54.3533902438154,0.376262626262626,0.441135989172506,0.500883519316362,20.296109128698,16.0535575379687,18.1748333333333,0.607286065221051,57.2894877403885,17.7932,18.4932895619969,3.63625167106756,3.71103193354662
"14610318","2010-01-22",52.0819236039881,0.206451612903226,0.368367432955782,0.441538859840585,20.2963338452507,16.2266661547493,18.2615,0.574985647447068,57.3932865419975,17.8636,18.4955176203973,3.32181959492108,3.63318946582151
"14610317","2010-01-25",49.9516373845336,0.171140939597316,0.251285059587723,0.353596160572004,20.2562792925159,16.4500540408175,18.3531666666667,0.542955944324902,57.2434671008895,17.9316,18.496115271011,3.03339747149629,3.51323106695647
"14610316","2010-01-26",47.9878693619541,0.145328719723184,0.174307090741242,0.26465319442825,20.1758601512923,16.721473182041,18.4486666666667,0.520650070176935,57.2434671008895,17.9956,18.4966332348762,2.77293145964006,3.36517114549319
"14610315","2010-01-27",46.7068220383714,0,0.105489886440167,0.177027345589711,20.0705874735387,16.9994125264613,18.535,0.472323295981268,52.4773008352571,18.0448,18.4570821368927,2.40798201210191,3.17373331881493
"14610314","2010-01-28",45.5172780950446,0.0722021660649817,0.0725102952627223,0.117435757481378,19.9536226178781,17.2767107154552,18.6151666666667,0.454487357905553,55.1578461131811,18.1016,18.449471185307,2.18121548557231,2.97522975216641
"14610313","2010-01-29",44.4127015762412,0.140794223826715,0.070998796630566,0.0829996594444855,19.7981204394716,17.5958795605284,18.697,0.451413126046709,57.60438048963,18.172,18.4682083605994,2.06083348032438,2.792350497798
"14610312","2010-02-01",43.9563102930909,0.166064981949459,0.126353790613719,0.0899542941690028,19.7299882950078,17.7840117049922,18.757,0.508393386342433,58.5026655587192,18.254,18.4937805791862,1.97302895892602,2.6284861900236
"14610311","2010-02-02",43.5325183873086,0.254545454545455,0.187134886773877,0.128162491339388,19.7261290023816,17.8492043309517,18.7876666666667,0.511898896995327,59.8126589688371,18.34,18.5292765019614,1.9245114406069,2.48769124014026
"14610310","2010-02-03",43.2637935995439,0.396648044692738,0.272419493729218,0.195302723705605,19.7066866969598,17.9593133030403,18.833,0.561234765489925,61.7625646650839,18.4348,18.5800396350332,1.9285153624115,2.37585606459451
"14610309","2010-02-04",42.2954656770761,0.38095238095238,0.344048626730192,0.267867669077762,19.6875953498209,18.0284046501791,18.858,0.416826920480088,57.1811609410312,18.508,18.5933676836954,1.81042978742925,2.26277080916146
"14610308","2010-02-05",39.4673520424869,0,0.259200141881706,0.291889420780372,19.717975488002,17.9546911786646,18.8363333333333,0.0918601085169905,44.9923051803504,18.546,18.5009186592027,1.36189567263461,2.08259578185609
"14610307","2010-02-08",36.8412465246541,0.260869565217391,0.213940648723258,0.272396472445052,19.7270169523453,17.8999830476547,18.8135,0.209821112073745,49.4550218753186,18.5936,18.460796171309,1.12400751310855,1.89087812810658
"14610306","2010-02-09",35.4138695588963,0.381818181818182,0.214229249011858,0.229123346538941,19.7257590280481,17.8865743052852,18.8061666666667,0.358904874106297,51.1618118769964,18.6116,18.4420233484678,0.976721882002773,1.70804687888582
"14610305","2010-02-10",34.0884480906925,0.527272727272727,0.389986824769434,0.272718907501517,19.6364000101117,17.8782666565549,18.7573333333333,0.342256940992399,53.4203216908495,18.6312,18.4470869020054,0.919485934067477,1.55033468992215
"14610304","2010-02-11",31.9250805527371,0.154545454545456,0.354545454545456,0.319587176108916,19.3369580252122,17.9790419747878,18.658,0.0939857009856691,47.3744962838655,18.6308,18.3968086484047,0.686508425441912,1.3775694370261
"14610303","2010-02-12",30.0156102271223,0.254545454545455,0.312121212121213,0.352217830478701,19.1763885057652,18.0082781609015,18.5923333333333,0.161276292598182,49.0408410651329,18.6196,18.3679008286174,0.543765646691186,1.21080867895912
"14610302","2010-02-16",28.2844563633118,0.318181818181819,0.242424242424243,0.303030303030304,19.0501198713233,18.0315467953434,18.5408333333333,0.214469840022468,50.1231656399942,18.6,18.3521807181351,0.456146049345141,1.05987615303632
"14610301","2010-02-17",27.1946976817054,0.472727272727274,0.34848484848485,0.301010101010102,19.0232659718506,18.0254006948161,18.5243333333333,0.422167181828907,52.7479377353349,18.5912,18.3612232890504,0.456259071618725,0.939152736752804
"14610300","2010-02-18",26.1827789059281,0.499999999999999,0.430303030303031,0.340404040404042,18.9315675700735,18.0570990965931,18.4943333333333,0.449302536709077,53.2158329860159,18.5812,18.3730601838437,0.464142796321165,0.844150748666476
"14610299","2010-02-19",24.4859422809845,0.236363636363637,0.403030303030304,0.393939393939395,18.9218025358471,18.0261974641529,18.474,0.220114730712182,48.2427952016141,18.51,18.3446521593312,0.338932668068104,0.743107132546802
"14610298","2010-02-22",22.8097826666476,0.200000000000002,0.312121212121213,0.381818181818183,18.9191135356488,17.9885531310179,18.4538333333333,0.187822522262529,47.5822949971661,18.464,18.314698538087,0.219465410031838,0.638378788043809
"14610297","2010-02-23",21.6716575887354,0.209090909090909,0.215151515151516,0.310101010101011,18.9138604663827,17.964806200284,18.4393333333333,0.275917274424246,47.774801447126,18.4216,18.2900720663421,0.12763506683644,0.536230043802335
"14610296","2010-02-24",21.802628258503,0.545454545454545,0.318181818181819,0.281818181818183,18.9303975376637,17.9629357956696,18.4466666666667,0.727399172960095,54.44166456144,18.4176,18.3180624574965,0.215625905409245,0.472109216123717
"14610295","2010-02-25",21.9242438804301,0.836363636363636,0.53030303030303,0.354545454545456,18.9755585640249,17.9547747693085,18.4651666666667,0.847608705359502,59.2828502948808,18.4084,18.3849874631636,0.420980892313261,0.461883551361626
"14610294","2010-02-26",22.0371726722195,0.806451612903225,0.729423264907136,0.525969371130662,19.0148436457336,17.9481563542664,18.4815,0.817337614039037,59.2828502948809,18.4212,18.4429891347418,0.57626503267405,0.484759847624111
"14610293","2010-03-01",21.6007304749234,0.623655913978492,0.755490387748451,0.671738894319539,19.0209172298169,17.9480827701831,18.4845,0.654264246933747,55.6400157137071,18.4268,18.4705905834429,0.617382948499734,0.511284467799235
"14610292","2010-03-02",21.1954627202912,0.623655913978492,0.68458781362007,0.723167155425219,19.0040561162184,17.9526105504483,18.4783333333333,0.663267288631254,55.6400157137071,18.4328,18.4945118389838,0.642388650640657,0.53750530436752
"14610291","2010-03-03",20.8191426624185,0.623655913978492,0.623655913978492,0.687911371782338,18.9802566391135,17.9604100275532,18.4703333333333,0.676170283481911,55.6400157137071,18.4388,18.515243593786,0.654522378155264,0.560908719125069
"14610290","2010-03-04",19.3781476852646,0.181818181818182,0.476376669925056,0.594873465841206,18.9047153747192,17.9739512919475,18.4393333333333,0.371789924490867,47.6762367906696,18.442,18.4838777812812,0.497044771756761,0.548135929651407
"14610289","2010-03-05",18.4042513130997,0.0340909090909063,0.279855001629194,0.459962528510914,18.8695491771618,17.9617841561716,18.4156666666667,0.313828473126594,45.2268648077153,18.432,18.439360743777,0.311689974907381,0.500846738702602
"14610288","2010-03-08",17.4999189675179,0.147727272727271,0.12121212121212,0.292481264255457,18.8621519828293,17.9825146838374,18.4223333333333,0.304085918672562,47.462808989643,18.4184,18.4141126446068,0.206026188330877,0.441882628628257
"14610287","2010-03-09",17.1298722149313,0,0.0606060606060597,0.153891061149125,18.8619592974902,17.9850407025099,18.4235,0.366768324902529,44.7109870207866,18.3964,18.3735642919925,0.0600417717641522,0.365514457255436
"14610286","2010-03-10",16.7862573732437,0.0337078651685405,0.0604783792986045,0.0807655203722619,18.8526021778982,17.9567311554352,18.4046666666667,0.238057531963123,45.4409678519032,18.3716,18.3424223863935,-0.0421867067767923,0.28397422444899
"14610285","2010-03-11",15.9592297233041,0,0.0112359550561806,0.0441067983202819,18.8756319571033,17.8737013762301,18.3746666666667,0.00628648719797454,37.8971399308534,18.324,18.2594327348744,-0.305306105467829,0.166118158465627
"14610284","2010-03-12",15.0438815794669,0.140624999999999,0.0581109550561804,0.0432750964703222,18.8821756726639,17.8581576606695,18.3701666666667,0.154791228416443,42.3169188748466,18.2928,18.2115083702245,-0.430077330237766,0.0468790607249481
"14610283","2010-03-15",14.1939154459038,0.21875,0.119791666666667,0.0630461922596764,18.8874855496999,17.8398477836334,18.3636666666667,0.216505065376625,44.6727294713981,18.2968,18.1833072541945,-0.479383428553681,-0.0583734371307778
"14610282","2010-03-16",13.4046611790238,0.300000000000001,0.219791666666667,0.132564762796505,18.8911129406785,17.8198870593216,18.3555,0.249041413195865,45.8632550969686,18.2908,18.1655329536353,-0.490713433256662,-0.144841436355955
"14610281","2010-03-17",12.9977482389557,0.418181818181818,0.312310606060607,0.217297979797981,18.8814943994729,17.8101722671938,18.3458333333333,0.413658089184414,48.9396449079886,18.2852,18.1674618931506,-0.436901716111271,-0.203253492307018
"14610280","2010-03-18",12.8885922205469,0.489795918367346,0.402659245516389,0.311587172747888,18.8720308816128,17.8043024517206,18.3381666666667,0.461132438887854,49.4158945105632,18.274,18.1718003073972,-0.380971469661207,-0.238797087777856
"14610279","2010-03-19",12.6348778395278,0.448979591836735,0.452319109461967,0.389096320346321,18.8722915616518,17.7977084383482,18.335,0.337146148860025,48.4427128178897,18.2776,18.1702269330775,-0.350374457918989,-0.261112561806082
"14610278","2010-03-22",12.9766573691705,0.510204081632652,0.482993197278911,0.445990517419089,18.8726495616778,17.8073504383222,18.34,0.428032732792284,50.0323291555731,18.2792,18.1768633420005,-0.296060062069214,-0.268102061858709
"14610277","2010-03-23",12.8523578338341,0.397959183673469,0.452380952380952,0.462564419707277,18.8733204172865,17.7980129160469,18.3356666666667,0.318036546345016,47.1614461664169,18.2736,18.1679482297338,-0.298428863318845,-0.274167422150736
"14610276","2010-03-24",12.3105256188448,0.285714285714286,0.397959183673469,0.444444444444445,18.8324423207748,17.7802243458919,18.3063333333333,0.284898814945137,44.416738355661,18.2568,18.145555132436,-0.345261926902185,-0.288386323101026
"14610275","2010-03-25",11.9806101705619,0.408163265306124,0.363945578231293,0.404761904761905,18.7466535859448,17.8016797473886,18.2741666666667,0.396822540453629,47.9738993799095,18.2436,18.1421477814445,-0.325308653140055,-0.295770789108832
"14610274","2010-03-26",11.674260111442,0.530612244897958,0.408163265306123,0.390022675736962,18.6459850246786,17.8446816419881,18.2453333333333,0.497504066445727,51.3283416683246,18.2468,18.1551947439186,-0.253207334848615,-0.287258098256788
"14610273","2010-03-29",11.4671714754624,0.714285714285714,0.551020408163265,0.441043083900228,18.5819292338221,17.8707374328445,18.2263333333333,0.561399283015686,52.158814957582,18.2528,18.1705021113961,-0.1806740576068,-0.265941290126791
"14610272","2010-03-30",11.2748748849098,0.714285714285714,0.653061224489795,0.537414965986395,18.5064772971887,17.908189369478,18.2073333333333,0.604743324683886,52.158814957582,18.2584,18.1837684965433,-0.121813662051973,-0.237115764511827
"14610271","2010-03-31",10.9335801553401,0.220338983050851,0.549636803874093,0.584572812175718,18.4027472491438,17.9559194175228,18.1793333333333,0.300072137383969,45.0300923421738,18.2396,18.1632660303375,-0.179646291118085,-0.225621869833079
"14610270","2010-04-01",10.7405495794281,0,0.311541565778855,0.504746531380915,18.3896609554671,17.9373390445329,18.1635,0.145901154034535,44.2165805534603,18.2068,18.1414972262925,-0.236181271282987,-0.22773375012306
"14610269","2010-04-05",10.5613069017956,0,0.0734463276836174,0.311541565778856,18.3846263943382,17.9177069389952,18.1511666666667,0.17624680244768,44.2165805534603,18.174,18.1226309294535,-0.27787449667892,-0.237761899434232
"14610268","2010-04-06",10.3948672725654,0,3.4231876592609e-16,0.128329297820825,18.3763536690692,17.9009796642641,18.1386666666667,0.208299853872902,44.2165805534603,18.148,18.1062801388597,-0.307445521323646,-0.251698623812115
"14610267","2010-04-07",11.7872701037015,0,3.4231876592609e-16,0.0244821092278731,18.4033124170074,17.8123542496592,18.1078333333333,-0.207043842389501,33.990461200071,18.106,18.0387761203451,-0.503885742853838,-0.30213604762046
"14610266","2010-04-08",13.0802155897565,0.12,0.0400000000000002,0.013333333333334,18.4227528739062,17.7485804594272,18.0856666666667,-0.0325047306740404,37.4932948411433,18.0676,17.9922726376324,-0.612920252496507,-0.364292888595669
"14610265","2010-04-09",12.8795289704156,0.25333333333333,0.124444444444443,0.054814814814815,18.4227528739062,17.7485804594272,18.0856666666667,0.194934615760547,41.2253256399852,18.048,17.9653029526147,-0.64732727898219,-0.420899766672973
"14610264","2010-04-12",12.6931771095991,0.521739130434782,0.298357487922704,0.15426731078905,18.4227091927297,17.745957473937,18.0843333333333,0.360608653493153,47.0168151885795,18.0404,17.9645958922661,-0.59147885054347,-0.455015583447073
"14610263","2010-04-13",12.885306242494,0.488888888888886,0.421320450885666,0.281374127750938,18.4322095710807,17.7491237622527,18.0906666666667,0.65029834515638,49.5368146890082,18.032,17.9746497732973,-0.505446974013946,-0.465101861560447
"14610262","2010-04-14",13.0637118658964,0.899999999999998,0.636876006441223,0.452184648416531,18.4822406302221,17.7344260364446,18.1083333333333,0.943514568218394,59.2017751584128,18.044,18.032696470191,-0.268347176206463,-0.42575092448965
"14610261","2010-04-15",14.0172485704421,0.939130434782607,0.776006441223831,0.611400966183574,18.582919239624,17.6787474270427,18.1308333333333,1.13317611988537,64.5390814482672,18.0656,18.1190036074989,0.0389415037386209,-0.332812438843996
"14610260","2010-04-16",14.727925119018,0,0.613043478260869,0.675308641975308,18.566892095699,17.6554412376344,18.1111666666667,0.271975272726537,39.9444530729012,18.0568,18.0364697931657,-0.241319896138714,-0.31451393030294
"14610259","2010-04-19",16.6818666446396,0,0.313043478260869,0.56736446591519,18.7369632111369,17.3620367888631,18.0495,-0.31664976041149,30.7477534495104,18.0064,17.8502738207436,-0.842722369064208,-0.420155618055193
"14610258","2010-04-20",18.4360384107376,0.279620853080568,0.0932069510268565,0.339764635849532,18.7504533266767,17.2548800066567,18.0026666666667,0.047999425403645,40.8152914996661,17.9756,17.7675706446444,-1.04444468267925,-0.545013430980004
"14610257","2010-04-21",20.0649121935428,0.298578199052132,0.192733017377567,0.199661148888431,18.7624843878578,17.1611822788089,17.9618333333333,0.101262000223527,41.4368846892572,17.9444,17.7012278920252,-1.17388511106151,-0.670787766996306
"14610256","2010-04-22",21.5774378490048,0.312796208530806,0.296998420221169,0.194312796208531,18.7696398734922,17.0776934598411,17.9236666666667,0.141241593053671,41.9294891361318,17.9092,17.6477308397552,-1.24927541106933,-0.78648529581091
"14610255","2010-04-23",23.2028695980639,0.24170616113744,0.284360189573459,0.258030542390732,18.765232527718,16.9874341389486,17.8763333333333,0.136441714979429,40.1126751245406,17.8672,17.5813667277878,-1.36289092240572,-0.901766421129873
"14610254","2010-04-26",24.7121990793331,0.265402843601895,0.273301737756714,0.284886782517114,18.7399956699989,16.9116709966678,17.8258333333333,0.175932831491836,41.0299215619647,17.8288,17.5305178307494,-1.41457082596522,-1.00432730209694
"14610253","2010-04-27",26.1137193119402,0.284360189573459,0.263823064770931,0.273828330700369,18.6985990478933,16.8500676187733,17.7743333333333,0.210941710313406,41.7979269097027,17.7896,17.4917821199828,-1.42130403311048,-1.08772264829965
"14610252","2010-04-28",27.4151309565039,0.284360189573459,0.278041074249604,0.27172195892575,18.6456677954361,16.7999988712306,17.7228333333333,0.238396563435017,41.7979269097027,17.7548,17.4582111706518,-1.41079011813352,-1.15233614226642
"14610251","2010-04-29",25.7466411933717,0.450236966824644,0.339652448657187,0.293838862559241,18.6131885672289,16.7981447661045,17.7056666666667,0.522588986543789,48.5921444240147,17.7384,17.4757830145649,-1.22663647530852,-1.16719620887484
"14610250","2010-04-30",24.8964937796991,0.303317535545024,0.345971563981042,0.321221695629278,18.5812720377589,16.7740612955745,17.6776666666667,0.370334251637913,43.7236393314699,17.7048,17.4496786126229,-1.21001267805295,-1.17575950271047
"14610249","2010-05-03",24.1070711812889,0.459715639810426,0.404423380726698,0.363349131121643,18.549992211804,16.7666744548627,17.6583333333333,0.474766134736866,49.5215617822093,17.6796,17.4710547976065,-1.0324308072905,-1.14709376362647
"14610248","2010-05-04",24.117466862662,0.28909952606635,0.350710900473933,0.367035281727225,18.5124294023057,16.7419039310276,17.6271666666667,0.35851657936376,44.1747626719845,17.6388,17.4415808245923,-1.04603491926656,-1.12688199475449
"14610247","2010-05-05",24.2975515528797,0.251207729468599,0.333340965115125,0.362825082105253,18.5070829305158,16.6969170694842,17.602,0.270555095378588,42.9269364105079,17.5944,17.4040367146467,-1.08629095858543,-1.11876378752068
"14610246","2010-05-06",25.4959563177375,0,0.18010241851165,0.28805142803357,18.5326364725551,16.570363527445,17.5515,0.0745579964226137,35.1945894880865,17.5336,17.2848318193605,-1.40536403766309,-1.17608383754916
"14610245","2010-05-07",26.6087607422483,0.0580645161290322,0.103090748532544,0.20551137738644,18.5282829245566,16.4563837421101,17.4923333333333,0.115972305309193,36.8896904961869,17.4776,17.1935209101124,-1.60049600797471,-1.26096627163427
"14610244","2010-05-10",27.3667612668241,0.16774193548387,0.0752688172043008,0.119487328082832,18.4817268899161,16.3876064434173,17.4346666666667,0.214438583988896,40.0780086293632,17.4284,17.1370514554307,-1.65774249075904,-1.34032151545922
"14610243","2010-05-11",28.4620046868577,0,0.0752688172043008,0.0845427943137156,18.406417295933,16.298582704067,17.3525,0.119277526283691,36.9993303154757,17.3688,17.0534445947066,-1.80624415217103,-1.43350604280159
"14610242","2010-05-12",28.5725728549992,0.0709677419354836,0.079569892473118,0.0767025089605737,18.2285093522234,16.30382398111,17.2661666666667,0.212766906409464,39.1297600379386,17.3296,16.9956519820791,-1.8519829360535,-1.51720142145197
"14610241","2010-05-13",28.675243296845,0.0903225806451594,0.0537634408602145,0.0695340501792116,17.8970594289574,16.4372739043759,17.1671666666667,0.195959902424312,39.72837586343,17.288,16.9495650511352,-1.85350035471169,-1.58446120810391
"14610240","2010-05-14",28.8272211254599,0.0709677419354836,0.077419354838709,0.0702508960573476,17.7863299983651,16.4203366683016,17.1033333333333,0.151047588464766,39.3120308727364,17.2412,16.9056230443172,-1.84839055220495,-1.63724707692412
"14610239","2010-05-17",29.4898055388607,0,0.0537634408602145,0.0616487455197131,17.8087024183507,16.3572975816493,17.083,0.112099956012571,35.4450698401452,17.176,16.8288733050749,-1.96144334553708,-1.70208633064671
"14610238","2010-05-18",28.4355074907199,0.156069364161851,0.0756790353657785,0.0689539436882345,17.7824872104414,16.3381794562253,17.0603333333333,0.37052620921398,41.240344286436,17.1184,16.7983568643982,-1.90067878975726,-1.74180482246882
"14610237","2010-05-19",27.6627759148156,0.118055555555556,0.0913749732391361,0.0736058164883768,17.761859478138,16.287140521862,17.0245,0.216669178520329,39.8147070322646,17.042,16.7585759491451,-1.87940661621637,-1.76932518121833
"14610236","2010-05-20",28.6839620965389,0,0.0913749732391361,0.0861429939480174,17.8722535210675,16.0124131455992,16.9423333333333,-0.182316620683351,27.8790323549153,16.9088,16.5707658225925,-2.39384954181791,-1.89423005333825
"14610235","2010-05-21",29.632206408139,0.0263157894736844,0.0481237816764138,0.0769579093848958,17.9390945625205,15.7875721041462,16.8633333333333,-0.0639417467434472,29.0737047199448,16.8252,16.4159970462468,-2.74847061653432,-2.06507816597746
"14610234","2010-05-24",30.5127189831963,0.376811594202898,0.134375794558861,0.0912915164914707,17.9150832549123,15.7012500784211,16.8081666666667,0.1936685772586,41.5796697489405,16.8048,16.3778641067472,-2.64835313597612,-2.18173315997719
"14610233","2010-05-25",31.496363608435,0.314009661835748,0.239045681837444,0.14051508602424,17.8869531803698,15.6063801529635,16.7466666666667,0.176981768260026,40.2013618693406,16.7556,16.3274822258476,-2.6039212760574,-2.26617078319323
"14610232","2010-05-26",31.3375815637911,0.207729468599033,0.29951690821256,0.224312794869622,17.8469625590919,15.5203707742415,16.6836666666667,0.197554735966746,37.9110479884598,16.696,16.2544845957346,-2.64842696355665,-2.34262201926592
"14610231","2010-05-27",31.1901410937645,0.318840579710145,0.280193236714976,0.27291860892166,17.6867272629328,15.5069394037339,16.5968333333333,0.230784199546373,41.6535214382021,16.6444,16.2218866496366,-2.54139308666409,-2.38237623274555
"14610230","2010-05-28",30.2140190013634,0.23671497584541,0.254428341384863,0.278046162104133,17.5714120208147,15.4772546458519,16.5243333333333,0.246437394654048,39.7465273043768,16.592,16.1709684296851,-2.51298166446008,-2.40849731908846
"14610229","2010-06-01",29.3076199155624,0.265700483091787,0.273752012882448,0.269457863660763,17.3885285592693,15.4938047740641,16.4411666666667,0.240771361766862,40.7770899343685,16.54,16.1348393057271,-2.43332418935717,-2.4134626931422
"14610228","2010-06-02",27.6158905358094,0.347826086956521,0.28341384863124,0.270531400966184,17.2308969622664,15.530436371067,16.3806666666667,0.374151743881893,43.7145425015797,16.4932,16.1261940649635,-2.25949092285468,-2.3826683390847
"14610227","2010-06-03",26.1843452235862,0.318840579710145,0.310789049919485,0.289318303811058,17.0990312381417,15.552635428525,16.3258333333333,0.347494844549662,42.9056649766619,16.444,16.1107015229683,-2.12734217188706,-2.33160310564517
"14610226","2010-06-04",24.687727592403,0.38647342995169,0.351046698872786,0.315083199141171,17.0535928408868,15.5467404924465,16.3001666666667,0.435738008150852,45.4423913592479,16.3864,16.1159413199059,-1.93033474527431,-2.251349433571
"14610225","2010-06-07",23.5280379900359,0.342995169082125,0.349436392914653,0.337090713902308,17.0061905921685,15.5398094078315,16.273,0.41839320638803,44.086316762345,16.3376,16.1084824772518,-1.79850961254501,-2.1607814693658
"14610224","2010-06-08",22.8033832935466,0.387755102040816,0.37240790035821,0.357630330715217,16.9249292302999,15.5414041030334,16.2331666666667,0.360380803456514,41.9873246084158,16.27,16.0833514802849,-1.74421875255322,-2.07746892600328
"14610223","2010-06-09",22.3048642088408,0.485436893203883,0.405395721442275,0.375746671571713,16.8890258713687,15.5189741286313,16.204,0.32677053287116,40.937815173787,16.214,16.0522379495802,-1.71690166573067,-2.00535547394876
"14610222","2010-06-10",22.0918266121606,0.350515463917525,0.407902486387408,0.395235369395965,16.81870962408,15.50729037592,16.163,0.294370360931459,39.4218413798829,16.1576,16.0119395563029,-1.72617008670942,-1.94951839650089
"14610221","2010-06-11",21.8940059866719,0,0.278650785707136,0.363982997845607,16.7350663201962,15.5036003464704,16.1193333333333,0.281290478925318,39.4218413798829,16.1272,15.9770142821291,-1.71436698935492,-1.9024881150717
"14610220","2010-06-14",21.2443164095376,0.126984126984127,0.159166530300551,0.281906600798366,16.6589047989574,15.511428534376,16.0851666666667,0.376395409899764,41.4340436120836,16.0964,15.9574123778453,-1.64603879442057,-1.85119825094147
"14610219","2010-06-15",20.0545359879399,0.158730158730158,0.0952380952380951,0.177685137081928,16.5980795606843,15.521253772649,16.0596666666667,0.453876785624447,41.9531530024146,16.0596,15.9430907274659,-1.56393879072343,-1.79374635889786
"14610218","2010-06-16",18.9497398821705,0.819672131147539,0.368462138953942,0.207622254830863,16.4295457164298,15.6274542835702,16.0285,0.776153055531745,51.2584036007402,16.0492,15.9840119638038,-1.2819126748247,-1.69137962208323
"14610217","2010-06-17",18.7530081552736,0.639175257731959,0.539192515869886,0.334297583353975,16.3910399119046,15.6539600880954,16.0225,1.12973731158159,53.6584830745921,16.0392,16.0354770352966,-0.986731065340596,-1.5504499107347
"14610216","2010-06-18",18.7807087947683,0.704761904761902,0.721203097880467,0.542952584234765,16.4785540614765,15.6584459385236,16.0685,1.13995626752678,55.9921593763839,16.0328,16.0960800972571,-0.68504064241709,-1.37736805707118
"14610215","2010-06-21",19.395361902753,0.790697674418604,0.711544945637488,0.657313519795947,16.6227300206928,15.6352699793072,16.129,1.24028311968374,60.9354350543702,16.0388,16.1859360842894,-0.303367066609661,-1.16256785897888
"14610214","2010-06-22",20.8679582490198,0.548571428571428,0.681343669250645,0.704697237589534,16.7869887008436,15.5553446324898,16.1711666666667,1.15129747081787,59.3957978577454,16.054,16.2558112730509,-0.0316327172098396,-0.93638083062507
"14610213","2010-06-23",22.3540828672248,0.999999999999999,0.779756367663344,0.724214994183826,17.110010890541,15.3883224427924,16.2491666666667,1.26717325661359,70.7886411320413,16.0928,16.4310364366441,0.598886823214051,-0.629327299857246
"14610212","2010-06-24",22.1359204913583,0.758241758241757,0.768937728937728,0.743345921950572,17.2736355789801,15.3543644210199,16.314,1.00157929101055,61.3102781398231,16.118,16.5242315784249,0.868696824022397,-0.329722475081317
"14610211","2010-06-25",21.1280594780621,0.609890109890109,0.789377289377288,0.779357128659454,17.3665938532003,15.3657394801331,16.3661666666667,0.843436621833336,56.3262933854514,16.1784,16.5690007013016,0.938935311673395,-0.0759909177303751
"14610210","2010-06-28",20.1921885371442,0.68131868131868,0.683150183150182,0.747155067155066,17.4362714235819,15.3957285764181,16.416,0.781297695266643,58.0927261062681,16.2416,16.625133941128,1.0450813516296,0.148223536141619
"14610209","2010-06-29",19.4567430966315,0.412087912087912,0.567765567765567,0.680097680097679,17.4488031018038,15.4485302315295,16.4486666666667,0.577322783788716,49.9002176309237,16.2564,16.6084494156443,0.881275561903028,0.294833941293901
"14610208","2010-06-30",18.524418162552,0.384615384615384,0.492673992673992,0.58119658119658,17.4638476345221,15.4768190321445,16.4703333333333,0.565256567777386,49.1387044030619,16.2744,16.5873228268917,0.718886836608612,0.379644520356843
"14610207","2010-07-01",17.2808811449077,0.356321839080459,0.384341711927918,0.481593757455826,17.4802496850137,15.5180836483197,16.4991666666667,0.585364845210657,49.1387044030619,16.3012,16.5690131166395,0.583429098715649,0.420401436028604
"14610206","2010-07-02",16.0716192936123,0.337209302325581,0.359382175340474,0.412132626647462,17.4894462147899,15.5455537852101,16.5175,0.527007667297382,48.7932710219687,16.318,16.5504780344209,0.460991622299312,0.428519473282746
"14610205","2010-07-06",15.0345263820764,0.212121212121213,0.301884117842417,0.348536001703604,17.5008423156742,15.5834910176592,16.5421666666667,0.554502270975682,50.6608830487451,16.3456,16.5477476298314,0.407971619187864,0.424409902463769
"14610204","2010-07-07",14.4539539990647,0,0.183110171482264,0.281458821555052,17.496466701875,15.634533298125,16.5655,0.468402020601355,46.8006338575137,16.3624,16.5173812791872,0.260492959802372,0.39162651393149
"14610203","2010-07-08",13.9711775652066,0,0.0707070707070707,0.185233786677251,17.4809260248025,15.6947406418642,16.5878333333333,0.402305773148272,46.4377156001285,16.3716,16.4883971086289,0.132155066762141,0.33973222449762
"14610202","2010-07-09",13.5228851623383,0.039370078740158,0.0131233595800525,0.0889802005897962,17.4532672979896,15.7707327020104,16.612,0.36013165262947,47.5331015490532,16.3852,16.4699441608118,0.0541795610364826,0.282621691805393
"14610201","2010-07-12",12.850905342478,0.118110236220471,0.0524934383202095,0.0454412895357779,17.4122639308822,15.8734027357845,16.6428333333333,0.385521405551147,49.7466438454009,16.3972,16.4672849393702,0.0408800925201014,0.234273371948334
"14610200","2010-07-13",12.0008599204188,0.236220472440945,0.131233595800525,0.0656167979002625,17.3758225223318,15.9755108110015,16.6756666666667,0.445964412027383,52.9529899758295,16.4188,16.4849802807875,0.102626124583094,0.207943922475286
"14610199","2010-07-14",12.030930848735,0.322834645669291,0.225721784776902,0.136482939632546,17.3433434689825,16.0826565310175,16.713,0.534637200839998,55.2098961812881,16.4504,16.5149829100158,0.202912828508972,0.206937703682023
"14610198","2010-07-15",12.4943976532386,0.394736842105262,0.317930653405166,0.224962011327531,17.3371055991071,16.1472277342263,16.7421666666667,0.576618507964082,56.0358059228213,16.4864,16.5463185220137,0.298260998681776,0.225202362681974
"14610197","2010-07-16",13.5013856835334,0.869565217391305,0.529045568388619,0.357566002190229,17.3816958475086,16.1679708191581,16.7748333333333,0.800864411738244,62.5440530731614,16.5404,16.6201427190786,0.537462789754706,0.28765444809652
"14610196","2010-07-19",14.6557428975259,0.82178217821782,0.695361412571462,0.514112544788416,17.4312496398013,16.1780836935321,16.8046666666667,0.80748787459513,63.0489808189573,16.5956,16.6881236898681,0.731929467646508,0.376509452006518
"14610195","2010-07-20",15.7276460248046,0.82178217821782,0.837709857942315,0.687372279634133,17.4603763070663,16.175957026267,16.8181666666667,0.742781572960567,63.0489808189573,16.6476,16.747040531219,0.874942849555138,0.476196131516242
"14610194","2010-07-21",14.8330649941984,0.198019801980197,0.613861386138613,0.71564421888413,17.4457866971411,16.1682133028589,16.807,0.455384167942829,47.4652108015813,16.6736,16.7141017937231,0.676653764762825,0.516287658165559
"14610193","2010-07-22",14.2391043614936,0.613445378151261,0.544415786116426,0.665329010065785,17.3519758805635,16.2233574527698,16.7876666666667,0.850576117599047,57.0770053175297,16.7048,16.7562215545601,0.766123267303143,0.566254779993075
"14610192","2010-07-23",13.6555468374608,0.605042016806722,0.47216906564606,0.543482079300367,17.3254348807752,16.2368984525581,16.7811666666667,0.835771950782258,56.8655999920568,16.7308,16.791392013952,0.822318361668395,0.617467496328139
"14610191","2010-07-26",14.5481932926276,0.694117647058823,0.637535014005602,0.551373288589363,17.4668707835432,16.1554625497901,16.8111666666667,1.14218497718018,63.5530227051239,16.7704,16.8832064120918,1.07412187534837,0.708798372132185
"14610190","2010-07-27",15.3770792867111,0.911764705882353,0.736974789915966,0.615559623189209,17.6643684818325,16.0489648515008,16.8566666666667,1.14586541328937,67.8682000113434,16.8136,17.0121122238129,1.43073144537689,0.853184986781125
"14610189","2010-07-28",14.6292827496419,0.612121212121211,0.739334521687462,0.70461477520301,17.7409941207352,16.0590058792648,16.9,0.838884652072079,58.0637883848821,16.8396,17.0584972606378,1.4621135396542,0.97497069735574
"14610188","2010-07-29",13.9349002509348,0.593548387096774,0.705811435033446,0.727373582212292,17.8025434975125,16.0814565024875,16.942,0.789352020809817,58.1965144755502,16.8316,17.1000309592194,1.47412819092807,1.07480219607021
"14610187","2010-07-30",13.2603669984163,0.573333333333332,0.593000977517106,0.679382311412672,17.8458680881514,16.1074652451819,16.9766666666667,0.720508919945467,57.9988306990981,16.8408,17.1346934979902,1.46162337276208,1.15216643140858
"14610186","2010-08-02",13.9518637831392,0.713333333333333,0.62673835125448,0.641850254601678,17.9329366224844,16.1320633775156,17.0325,0.863249700385217,60.9952047994944,16.8692,17.1927343649248,1.53215787390872,1.22816471990861
"14610185","2010-08-03",15.2748566815215,0.8,0.695555555555555,0.638431628109047,18.0891630042754,16.117170329058,17.1031666666667,0.985211403347554,65.6455459806476,16.9072,17.2923697829349,1.73967530668933,1.33046683726475
"14610184","2010-08-04",16.5033500871621,0.916666666666665,0.809999999999999,0.710764635603345,18.2428031064654,16.1328635602013,17.1878333333333,0.979713586324716,67.9790235982721,16.9732,17.4067204785435,1.97625103882999,1.4596236775778
"14610183","2010-08-05",17.9349952727223,0.999999999999999,0.905555555555554,0.803703703703703,18.4218088622666,16.1595244710667,17.2906666666667,1.02130198038799,71.1902800665197,17.054,17.5484910814044,2.28135793662088,1.62397052938642
"14610182","2010-08-06",18.5081381352486,0.874999999999999,0.930555555555554,0.882037037037036,18.5249632760357,16.2520367239643,17.3885,0.915690217738131,66.2697368191123,17.126,17.6420256038838,2.39099827516651,1.77737607854243
"14610181","2010-08-09",19.0403422218802,0.999999999999999,0.958333333333332,0.931481481481481,18.6422671156052,16.3380662177281,17.4901666666667,0.938257503615981,68.9003101949492,17.2088,17.7564221900326,2.55960081481466,1.93382102579688
"14610180","2010-08-10",20.0248570421008,0.976878612716762,0.95062620423892,0.946505031042603,18.791285494161,16.4013811725057,17.5963333333333,0.971566995292689,70.9497912909233,17.296,17.8835658980283,2.75293386765927,2.09764359416936
"14610179","2010-08-11",19.1298177855535,0.635838150289017,0.870905587668593,0.926621708413616,18.8265807151054,16.5110859515613,17.6688333333333,0.73227577181394,59.1548537654096,17.368,17.9150904449578,2.60822284515128,2.19975944436574
"14610178","2010-08-12",17.8936496768054,0.431654676258993,0.681457146421591,0.834329646109702,18.8330366096387,16.6272967236946,17.7301666666667,0.649534102110216,56.4158158140492,17.4344,17.9210783856301,2.39381272405532,2.23857010030366
"14610177","2010-08-13",17.0552015737061,0.460431654676259,0.50930816040809,0.687223631499425,18.8607934451303,16.6985398882031,17.7796666666667,0.662022317970511,56.95245300248,17.5004,17.9316012675461,2.2163185849027,2.23411979722347
"14610176","2010-08-16",15.9580284326145,0.374100719424459,0.422062350119904,0.537609218983195,18.871860141367,16.7704731919664,17.8211666666667,0.594620047673775,54.7735945137817,17.5576,17.92472109854,1.99867157018212,2.1870301518152
"14610175","2010-08-17",14.9392248016009,0.460431654676259,0.431654676258992,0.454341728928996,18.870674893501,16.8616584398324,17.8661666666667,0.581549025163116,56.563207102371,17.6136,17.9347582854013,1.8587721376635,2.12137854898486
"14610174","2010-08-18",15.4055663294024,0.460431654676259,0.431654676258992,0.42845723421263,18.8152705095878,17.0657294904122,17.9405,0.669282493762982,56.5632071023709,17.6652,17.9434571806811,1.72792794188665,2.04268842756522
"14610173","2010-08-19",14.9173871199122,0.0762711864406777,0.332378165264398,0.398562505927461,18.778329108893,17.1673375577737,17.9728333333333,0.411338248028618,50.0547335354894,17.7016,17.9056628899236,1.45452179015557,1.92505510008329
"14610172","2010-08-20",15.1164481728907,0.22018348623853,0.252295442451822,0.338776094658405,18.7321593286117,17.3088406713883,18.0205,0.555855376866263,54.0720767440037,17.7336,17.9049078379338,1.33070583327448,1.80618524672153
"14610171","2010-08-23",15.3012905792279,0.550458715596331,0.282304462758513,0.288992690158245,18.7527059220925,17.3522940779076,18.0525,0.671973219402114,59.3534217087273,17.7788,17.9522534595426,1.37864613884378,1.72067742514598
"14610170","2010-08-24",15.1330558783591,0.440366972477064,0.403669724770642,0.312756543326993,18.7662685508327,17.3680647825007,18.0671666666667,0.590234820935417,57.0004878012125,17.8192,17.9772863316036,1.34670773241237,1.64588348659925
"14610169","2010-08-25",15.3974939927943,0.770642201834861,0.587155963302752,0.42437671694397,18.7852113221683,17.4521220111651,18.1186666666667,0.78605235237116,61.8824547005355,17.8992,18.0469814873898,1.46532979672997,1.6097727486254
"14610168","2010-08-26",14.8320390619387,0.504587155963303,0.571865443425076,0.520897043832824,18.7550613608875,17.5689386391125,18.162,0.621966019207662,56.333883382412,17.9464,18.0687172890712,1.41267044661104,1.57035228822253
"14610167","2010-08-27",14.1714452437059,0.146788990825688,0.474006116207951,0.54434250764526,18.6705120121224,17.7108213212109,18.1906666666667,0.231858049921352,49.8593094851715,17.9784,18.0355549838617,1.18300221763563,1.49288227410515
"14610166","2010-08-30",13.558036698204,0.333333333333334,0.328236493374108,0.458036017669046,18.6368693783342,17.7767972883325,18.2068333333333,0.271143215061268,52.7108322915386,17.9996,18.0321476526801,1.07365270260125,1.40903635980437
"14610165","2010-08-31",12.6754443343378,0.333333333333334,0.271151885830785,0.357798165137615,18.6366639158488,17.7783360841512,18.2075,0.343688318481625,52.7108322915386,18.006,18.0291946323228,0.97576056194979,1.32238120023345
"14610164","2010-09-01",11.9627033811459,0.228571428571427,0.298412698412698,0.299267025872531,18.6365346023542,17.7574653976458,18.197,0.264523658784438,50.7720902281533,18.0276,18.0119686813464,0.839261444661421,1.22575724911905
"14610163","2010-09-02",11.4041703462731,0.190476190476189,0.25079365079365,0.273452745012378,18.6043389743223,17.7376610256777,18.171,0.245003319461805,50.0511713559561,18.0472,17.9917061905002,0.705030020860953,1.12161180346743
"14610162","2010-09-03",10.885532528177,0.323809523809523,0.247619047619046,0.265608465608465,18.5865840994123,17.7254159005877,18.156,0.357557830358681,52.5886167524632,18.0728,17.9928120317669,0.653940390001795,1.0280775207743
"14610161","2010-09-07",10.2636911652258,0.419047619047619,0.311111111111111,0.269841269841269,18.5391465607823,17.7378534392177,18.1385,0.51435180171963,54.3716633074438,18.094,18.0071037608646,0.650778704491328,0.952617757517706
"14610160","2010-09-08",10.679164737997,0.412371134020617,0.385076092292586,0.314602083674248,18.4187373752062,17.8109292914605,18.1148333333333,0.722383792320878,53.5048650999315,18.0988,18.0141565927493,0.623100112774444,0.886714228569054
"14610159","2010-09-09",11.4490491680861,0.571428571428569,0.467615774832268,0.387934326078656,18.4805303161474,17.7804696838526,18.1305,1.05638037911553,59.1196674842097,18.108,18.0629357137161,0.73576448827497,0.856524280510237
"14610158","2010-09-10",12.1639418531688,0.795918367346938,0.593239357598708,0.481977074907855,18.5747556174692,17.7452443825308,18.16,1.09070929887578,62.4747835982877,18.1132,18.1345442852206,0.911934083683352,0.86760624114486
"14610157","2010-09-13",13.4395611138553,0.669421487603303,0.678922808792937,0.579925980407972,18.6822105824717,17.7011227508616,18.1916666666667,1.08268653248762,62.9216694083952,18.1284,18.2006050471912,1.05166375674142,0.904417744264172
"14610156","2010-09-14",14.8445028980786,0.704545454545453,0.723295103165232,0.665152423185626,18.802208735592,17.6671245977414,18.2346666666667,1.0685334785449,64.7309732667386,18.1384,18.2738577075657,1.20058714485713,0.963651624382764
"14610155","2010-09-15",15.6437864652446,0.606060606060606,0.660009182736454,0.687409031564875,18.8699646882262,17.6703686451072,18.2701666666667,0.891659622444035,61.2443565898197,18.1348,18.3200100132236,1.24596704257756,1.02011470802172
"14610154","2010-09-16",17.2269656739243,0.647798742138365,0.652801600914808,0.678701962272165,18.996197035285,17.6241362980483,18.3101666666667,1.02949551013545,64.8515348012945,18.164,18.3906753447938,1.36653125759973,1.08939801793733
"14610153","2010-09-17",18.1767138753335,0.548387096774194,0.600748814991055,0.637853199547439,19.0478449606716,17.6741550393284,18.361,0.853548977189669,61.1223203097727,18.194,18.433251965488,1.38389722187127,1.14829785872411
"14610152","2010-09-20",19.0586229194992,0.767741935483871,0.654642591465476,0.636064335790447,19.1513820957753,17.6679512375581,18.4096666666667,0.947386315978519,66.2049224659796,18.236,18.5154850367562,1.52771986599753,1.2241822601788
"14610151","2010-09-21",20.9639082663341,0.626315789473684,0.647481607243916,0.634291004566816,19.2908342520206,17.6278324146461,18.4593333333333,0.99749393821445,66.2049224659796,18.2828,18.5867536985221,1.62159426032242,1.30366466020752
"14610150","2010-09-22",22.6569740428724,0.61578947368421,0.669949066213921,0.657357754974438,19.3744847844212,17.6365152155788,18.5055,0.851655562688442,65.619673988178,18.324,18.6458532053858,1.66702741446527,1.37633721105907
"14610149","2010-09-23",24.229106549658,0.494318181818181,0.578807814992025,0.632079496149955,19.4359918113161,17.6313415220172,18.5336666666667,0.793501001167616,60.9757824904117,18.3588,18.6757394446677,1.61464722300488,1.42399921344823
"14610148","2010-09-24",26.1350329400083,0.729411764705882,0.613173140069424,0.620643340425124,19.5699891488761,17.6116775177906,18.5908333333333,0.938728266241494,67.6100303510614,18.4244,18.7589741853787,1.73776644778578,1.48675266031574
"14610147","2010-09-27",27.6907874114315,0.699999999999999,0.64124331550802,0.611074756856491,19.6517012360452,17.6749654306214,18.6633333333333,0.864236838339474,66.2007206586421,18.4784,18.8244442939948,1.7918366770999,1.54776946367258
"14610146","2010-09-28",29.1354165634674,0.630434782608694,0.686615515771525,0.647010657116324,19.7044405190582,17.7505594809418,18.7275,0.789594567066778,66.2007206586421,18.518,18.8811850547955,1.81282026554355,1.60077962404677
"14610145","2010-09-29",29.8368816096383,0.439655172413791,0.590029985007494,0.639296272095681,19.7271436186156,17.8361897147177,18.7816666666667,0.698312607846755,62.0037071926687,18.5568,18.9116937141561,1.74893218242451,1.63041013572232
"14610144","2010-09-30",31.4655406766517,0.423999999999997,0.498029985007494,0.591558495262172,19.7588564667269,17.9444768666064,18.8516666666667,0.79670380624737,62.7307252964076,18.5828,18.943467885602,1.69549421209565,1.64342695099698
"14610143","2010-10-01",32.3763025538049,0.303999999999999,0.389218390804595,0.492426120273195,19.7196792658567,18.09698740081,18.9083333333333,0.607845490428309,58.2311135099713,18.6144,18.951005500855,1.57099799113185,1.62894115902396
"14610142","2010-10-04",33.329517798861,0.343999999999999,0.357333333333332,0.414860569715141,19.6733454672518,18.2539878660815,18.9636666666667,0.624234606689627,59.2796173276848,18.6636,18.9642047674077,1.47654226177756,1.59846137957468
"14610141","2010-10-05",34.36916621912,0.396551724137931,0.348183908045976,0.364911877394635,19.6318922393303,18.4057744273364,19.0188333333333,0.691254052184951,61.7606020481605,18.71,18.9916441317533,1.43601300465235,1.56597170459021
"14610140","2010-10-06",34.7763077416907,0.284482758620688,0.341678160919539,0.349065134099616,19.5644271713977,18.560239495269,19.0623333333333,0.557426184405063,57.6618856516434,18.7512,18.9980915808529,1.333160339804,1.51940943163297
"14610139","2010-10-07",35.1543677269349,0.169999999999998,0.283678160919539,0.324513409961685,19.5249898217643,18.6516768449023,19.0883333333333,0.444655198521136,57.6618856516434,18.7968,19.0036793700725,1.23736218693575,1.46299998269353
"14610138","2010-10-08",35.8402933348808,0.169999999999998,0.208160919540228,0.277839080459769,19.4984463992753,18.7232202673914,19.1108333333333,0.486025582874742,57.6618856516434,18.844,19.0085221207295,1.14818654457851,1.40003729507052
"14610137","2010-10-11",36.2407942840905,0.119999999999997,0.153333333333331,0.215057471264366,19.4800919946606,18.7689080053395,19.1245,0.376497032199511,55.8804229462869,18.8836,19.0060525046322,1.04424579139661,1.32887899433574
"14610136","2010-10-12",36.6126880226424,0.119999999999997,0.136666666666664,0.166053639846741,19.4727401354547,18.7905931978786,19.1316666666667,0.341187686456101,55.8804229462869,18.9192,19.0039121706813,0.950923497563982,1.25328789498139
"14610135","2010-10-13",35.8171617522246,0,0.079999999999998,0.123333333333332,19.4519106255514,18.8254227077819,19.1386666666667,0.0871162725888935,47.6800242793034,18.9468,18.9700572145904,0.766150227342743,1.15586036145366
"14610134","2010-10-14",33.8280274601613,0,0.0399999999999989,0.0855555555555543,19.5211243672661,18.7062089660672,19.1136666666667,-0.208048957169242,39.3816564528052,18.9488,18.8980495859784,0.477614136237148,1.02021111641036
"14610133","2010-10-15",32.1610911398462,0.0347222222222226,0.011574074074074,0.0438580246913577,19.5546510892173,18.6470155774494,19.1008333333333,-0.0628177023817852,41.106417347871,18.944,18.8423096411813,0.266704962713593,0.869509885671005
"14610132","2010-10-18",31.4352303857869,0.368055555555556,0.134259259259259,0.0619444444444447,19.5530888151546,18.6422445181788,19.0976666666667,0.403752302168716,54.4927435112312,18.9572,18.8580016890238,0.301613310791637,0.755930570695131
"14610131","2010-10-19",30.7612168284461,0.395833333333333,0.266203703703703,0.137345679012346,19.5320549743438,18.6346116923229,19.0833333333333,0.407143621215053,55.4024634954109,18.9672,18.8769347971539,0.342373841712096,0.673219224898524
"14610130","2010-10-20",29.7227299586707,0.474747474747472,0.412878787878787,0.27111391694725,19.5278917727262,18.6171082272739,19.0725,0.310602638946072,52.5729354666109,18.9784,18.8800101575334,0.328070419766058,0.604189463872031
"14610129","2010-10-21",29.0487587739192,0.444444444444444,0.438341750841749,0.372474747474747,19.5256589483193,18.6043410516807,19.065,0.33538074401896,51.7195493093697,18.9792,18.8786754698623,0.300438492125621,0.543439269522749
"14610128","2010-10-22",27.1268173394001,0.101010101010102,0.340067340067339,0.397095959595959,19.4800022986334,18.5736643680333,19.0268333333333,0.124680094276263,43.1672959650956,18.972,18.832185407214,0.131454917198637,0.461042399057927
"14610127","2010-10-25",25.3074628904908,0.105882352941176,0.217112299465241,0.33184046345811,19.4420644214425,18.5369355785575,18.9895,0.110184410642857,42.9423813296889,18.9508,18.7905606862521,-0.00695781377539895,0.367442356491262
"14610126","2010-10-26",23.6180623307894,0.253164556962024,0.153352336971101,0.236843992167894,19.4075111522777,18.5108221810557,18.9591666666667,0.196104213673273,46.2593628431813,18.934,18.7691525947518,-0.0687446252768731,0.280204960137635
"14610125","2010-10-27",22.049333239638,0.316455696202531,0.225167535368577,0.198544057268307,19.3879244824678,18.4860755175322,18.937,0.251990992546494,47.7463527496266,18.92,18.7572655821183,-0.095145758443993,0.205134816421309
"14610124","2010-10-28",21.0600064832528,0.52112676056338,0.363582337909312,0.24736740341633,19.3108402489031,18.5074930844302,18.9091666666667,0.405603284996849,51.2338929484506,18.9172,18.7629635045025,-0.0636920813433139,0.151369436868384
"14610123","2010-10-29",22.3141361607255,0.33076923076923,0.389450562511714,0.326066811929868,19.3209489632201,18.5040510367799,18.9125,0.790733997863064,52.9256636775688,18.8996,18.7759017039022,-0.0128209638537324,0.118531356723961
"14610122","2010-11-01",23.4786851469501,0.507692307692307,0.453196099674972,0.402076333365333,19.3134297405442,18.5065702594558,18.91,0.723087172201522,58.822803946965,18.8932,18.8177814767152,0.124751719750904,0.11977542932935
"14610121","2010-11-02",23.6447274167678,0.338461538461539,0.392307692307692,0.411651451498126,19.2656055156649,18.5220611510018,18.8938333333333,0.548640899434491,52.0996701516458,18.878,18.8247439464865,0.137682139116868,0.123356771286853
"14610120","2010-11-03",23.7989095244556,0.456,0.434051282051282,0.426518358011316,19.2547683603119,18.5258983063547,18.8903333333333,0.719060538706178,56.4822237316289,18.8756,18.854778086955,0.222431911090082,0.143171799247499
"14610119","2010-11-04",22.355450023255,0.0743801652892559,0.289613901250265,0.371990958536413,19.2383049666909,18.5136950333091,18.876,0.330713517693333,45.5188368289079,18.854,18.8221410086943,0.0999662777493304,0.134530694947865
"14610118","2010-11-05",21.0150947721401,0.429752066115701,0.320044077134986,0.347903086812178,19.2287708376032,18.5172291623968,18.873,0.734701642671243,54.7605190311105,18.8556,18.8511888742017,0.184991356713082,0.144622827300909
"14610117","2010-11-08",20.1058534067498,0.512396694214876,0.338842975206611,0.316166984530621,19.2467322716838,18.5099343949828,18.8783333333333,0.859664445813183,56.6041300119282,18.8592,18.8896970243082,0.291590436328959,0.174016349106519
"14610116","2010-11-09",19.1294229093779,0.239669421487602,0.393939393939393,0.350942148760331,19.2331767861206,18.5084898805461,18.8708333333333,0.503449765658471,49.4433809315912,18.8448,18.8790707544004,0.232301164427895,0.185673312170794
"14610115","2010-11-10",18.2227374475327,0.396694214876033,0.382920110192837,0.371900826446281,19.2435331803169,18.5101334863498,18.8768333333333,0.667939348325088,53.1205781862595,18.8432,18.8951946538137,0.263450034679225,0.20122865667248
"14610114","2010-11-11",17.3808152329621,0.396694214876033,0.344352617079889,0.373737373737374,19.2349825866121,18.5650174133879,18.9,0.649261489994695,53.1205781862595,18.8416,18.9091686999719,0.284801302484894,0.217943185834963
"14610113","2010-11-12",16.5990303194322,0.348214285714285,0.380534238488783,0.36926898858717,19.2259706750792,18.6150293249208,18.9205,0.630127057170689,53.1205781862595,18.84,18.9212795399756,0.298243745000493,0.234003297668069
"14610112","2010-11-15",15.8730871854403,0.348214285714285,0.364374262101534,0.363087039223403,19.2249152887825,18.6150847112175,18.92,0.63118397624373,53.1205781862595,18.8404,18.9317756013122,0.305345029055348,0.248271643945525
"14610111","2010-11-16",15.1989971324477,0.348214285714285,0.348214285714285,0.364374262101535,19.2249152887825,18.6150847112175,18.92,0.63118397624373,53.1205781862595,18.8408,18.9408721878039,0.307403863166167,0.260098087789653
"14610110","2010-11-17",15.8002558894578,0.0357142857142849,0.244047619047618,0.318878722287813,19.2272366976336,18.5960966356998,18.9116666666667,0.217442539161694,44.4866827096599,18.8368,18.9020892294301,0.157986013963862,0.239675673024495
"14610109","2010-11-18",16.1159790248685,0.0740740740740724,0.152667548500881,0.248309817754262,19.226833161512,18.580166838488,18.9035,0.262628739838805,44.4866827096599,18.8456,18.8684773321727,0.0389256532368432,0.199525669066965
"14610108","2010-11-19",15.459997758995,0.527272727272723,0.212353695687027,0.203022954411843,19.2277318439833,18.6092681560167,18.9185,0.610219351585171,51.0742199441742,18.8624,18.8726803545497,0.0508391838905276,0.169788372031677
"14610107","2010-11-22",15.6175797519536,0.109090909090913,0.236812570145903,0.200611271444604,19.2197650080181,18.6242349919819,18.922,0.138417329882712,45.7011162560529,18.8508,18.8456563072764,-0.0377083167602321,0.128289034273295
"14610106","2010-11-23",15.8267450317311,0.0727272727272709,0.236363636363636,0.228509967398856,19.2201283029337,18.623538363733,18.9218333333333,0.100227921510843,45.2552757351302,18.8368,18.8195687996395,-0.115237737617535,0.0795836798951293
"14610105","2010-11-24",15.5169654075523,0.392156862745101,0.191325014854428,0.221500407121323,19.2134873143153,18.6441793523514,18.9288333333333,0.367382848924946,50.4599532447709,18.8348,18.8236262930209,-0.0899184457401891,0.0456832547680656
"14610104","2010-11-26",14.6685165815872,0.666666666666662,0.377183600713011,0.268290750643692,19.2189903579621,18.6543429753713,18.9366666666667,0.594454229272453,53.7730172321518,18.8396,18.8458094539515,-0.0097577114099856,0.0345950615324554
"14610103","2010-11-29",13.8806712431911,0.666666666666662,0.575163398692808,0.381224004753417,19.1949697521414,18.662363581192,18.9286666666667,0.615157008458979,53.7730172321518,18.858,18.8650348600913,0.0530838723010074,0.0382928236861658
"14610102","2010-11-30",14.2406193343124,0.0784313725490244,0.470588235294116,0.474311744899979,19.1823851384678,18.6359481948656,18.9091666666667,0.117217193830614,46.1095261464352,18.8648,18.8416968787458,-0.0252264299935079,0.025588972950231
"14610101","2010-12-01",14.6721030974957,0.0196078431372578,0.254901960784315,0.433551198257081,19.1893490347675,18.6019842985658,18.8956666666667,0.0987728711964486,45.4125422417698,18.866,18.8174706282463,-0.0990919605526774,0.000652786249649349
"14610100","2010-12-02",15.0727665918801,0.0196078431372578,0.0392156862745133,0.254901960784316,19.1779485967641,18.5743847365692,18.8761666666667,0.141849552428655,45.4125422417698,18.8652,18.7964745444802,-0.155924504159188,-0.0306626718321182
"14610099","2010-12-03",15.4448112652371,0.0196078431372578,0.0196078431372578,0.104575163398696,19.1834506727389,18.5595493272612,18.8715,0.161004096988964,45.4125422417698,18.8596,18.7782779385495,-0.198745657202248,-0.0642792689061442
"14610098","2010-12-06",14.5559219708447,0,0.0130718954248385,0.023965141612204,19.1635952491592,18.5487380841742,18.8561666666667,0.300224604463451,45.1285436387035,18.8512,18.7611742134095,-0.234339987397425,-0.0982914126044004
"14610097","2010-12-07",14.1501427469014,0,0.00653594771241925,0.0130718954248393,19.1203078692447,18.544358797422,18.8323333333333,0.21235882689693,42.2810004031574,18.8296,18.7330176516216,-0.302197206278398,-0.1390725713392
"14610096","2010-12-08",13.7733477532397,0,-3.46944695195361e-17,0.00653594771242002,19.1240023160675,18.5123310172658,18.8181666666667,0.126978301722402,42.2810004031574,18.8168,18.7086152980721,-0.352054974728144,-0.181669052016989
"14610095","2010-12-09",12.8189359420705,0,-3.46944695195361e-17,0.00217864923747384,19.1040268334282,18.4953064999051,18.7996666666667,0.221273206556602,42.2810004031574,18.7968,18.6874665916625,-0.387213990538393,-0.22277803972127
"14610094","2010-12-10",14.3761357498627,0,-3.46944695195361e-17,7.42461647718073e-16,19.1857372427491,18.3185960905843,18.7521666666667,-0.309748983673186,26.5740455138686,18.7644,18.5691377127741,-0.732043750471234,-0.324631181871263
"14610093","2010-12-13",15.8221069999556,0.563025210084032,0.187675070028011,0.0625583566760043,19.1599704084605,18.2916962582061,18.7258333333333,0.209193231278354,45.9066000425846,18.7416,18.5559193510709,-0.70708908972591,-0.401122763442192
"14610092","2010-12-14",18.0494747923288,0.19327731092437,0.252100840336134,0.146591970121382,19.1605478835978,18.2091187830689,18.6848333333334,-0.0306053105299022,38.7002413699917,18.6972,18.4857967709281,-0.869299121846967,-0.494758035123147
"14610091","2010-12-15",20.1177448852468,0.294117647058822,0.350140056022408,0.263305322128852,19.1401840742669,18.1508159257331,18.6455,0.0631892260660409,41.4019419823591,18.6708,18.4410238681377,-0.935382412158714,-0.58288291053026
"14610090","2010-12-16",21.9861107769662,0.420168067226891,0.302521008403361,0.301587301587302,19.1375599845755,18.1117733487578,18.6246666666667,0.199742627515818,44.6838406826365,18.6428,18.4222206857194,-0.911844272551199,-0.648675182934448
"14610089","2010-12-17",23.7210219621342,0.500000000000001,0.404761904761904,0.352474323062559,19.1275492751193,18.0817840582141,18.6046666666667,0.256478163023706,45.7740565385749,18.6168,18.4125912609568,-0.861417891424865,-0.691223724632532
"14610088","2010-12-20",25.7285626903873,0.318181818181816,0.412783295136236,0.373355402767168,19.0808760144829,18.0557906521838,18.5683333333333,0.199212041578867,42.1919785149549,18.5828,18.3775790928292,-0.898953959722382,-0.732769771650502
"14610087","2010-12-21",27.5927076523366,0.336363636363637,0.384848484848485,0.400797894915542,19.070498700815,18.0228346325183,18.5466666666667,0.239102120990239,42.6750859652592,18.5496,18.349901880452,-0.909689890592547,-0.768153795438911
"14610086","2010-12-22",28.3749135735403,0.6,0.418181818181818,0.405271199388847,19.0586344911548,18.0183655088452,18.5385,0.482216138023322,49.2923949537531,18.528,18.364581629725,-0.781720696787025,-0.770867175708533
"14610085","2010-12-23",29.1012476432295,0.500000000000001,0.478787878787879,0.427272727272728,19.0199555535801,18.0200444464199,18.52,0.463330073639429,47.0727332524206,18.516,18.3626374124284,-0.720333071317492,-0.760760354830325
"14610084","2010-12-27",29.7757007079408,0.554545454545454,0.551515151515152,0.482828282828284,18.9454608097743,18.0432058568924,18.4943333333333,0.480419429552311,48.4366603434958,18.5064,18.3689524241046,-0.637956791560246,-0.736199642176309
"14610083","2010-12-28",30.4019785537442,0.626262626262627,0.560269360269361,0.530190796857465,18.8561938736949,18.0761394596385,18.4661666666667,0.449362506912044,48.6740610596505,18.4872,18.3757587675573,-0.561793815181644,-0.701318476777376
"14610082","2010-12-29",29.6053126679059,0.616161616161615,0.598989898989899,0.570258136924804,18.8312079610203,18.0804587056464,18.4558333333333,0.549950099492684,48.4339151208817,18.4768,18.3803242652163,-0.500052075495805,-0.661065196521062
"14610081","2010-12-30",28.865551488199,0.66315789473684,0.635194045720361,0.598151101659874,18.8104248280872,18.0829085052462,18.4466666666667,0.541236188190029,48.9761229674301,18.468,18.3869476965208,-0.437295740045107,-0.616311305225871
"14610080","2010-12-31",28.1786303927567,0.555555555555553,0.611625022151336,0.615269655620533,18.7855155404102,18.0848177929232,18.4351666666667,0.492626397494195,48.9761229674301,18.4512,18.3926880036514,-0.383139390120335,-0.569676922204764
"14610079","2011-01-03",27.5407750898461,0.555555555555553,0.591423001949316,0.612747356607005,18.7584959764152,18.0888373569182,18.4236666666667,0.509457555161579,48.9761229674301,18.4288,18.3976629364979,-0.33633915432727,-0.523009368629265
"14610078","2011-01-04",27.8930842885419,0.0833333333333341,0.398148148148147,0.533732057416267,18.7110175738068,18.0866490928599,18.3988333333333,0.240270895127935,42.549947779779,18.3972,18.3713078782982,-0.395624899671898,-0.497532474837792
"14610077","2011-01-05",27.5463253992172,0.416666666666664,0.351851851851851,0.447141000649772,18.6727601473775,18.0985731859558,18.3856666666667,0.530768143224488,48.8365350637996,18.3856,18.3751334945251,-0.350811584801602,-0.468188296830554
"14610076","2011-01-06",25.7508909203644,0.433333333333334,0.311111111111111,0.353703703703703,18.6612925099564,18.1033741567103,18.3823333333333,0.752725150874871,49.1362357294232,18.3756,18.3797823619217,-0.307360078187446,-0.436022653101932
"14610075","2011-01-07",24.0837017614296,0.799999999999996,0.549999999999998,0.40432098765432,18.6612925099564,18.1033741567103,18.3823333333333,0.943912026241213,55.3349666658137,18.3744,18.4131447136655,-0.174437158841134,-0.383705554249773
"14610074","2011-01-10",22.8058354951624,0.568965517241376,0.600766283524902,0.487292464878671,18.6429122153699,18.1670877846301,18.405,0.706658857722863,51.352422689176,18.368,18.4247254185101,-0.124688787397409,-0.3319022008793
"14610073","2011-01-11",22.2877308464512,0.588235294117649,0.652400270453007,0.601055517992636,18.6839767817472,18.1480232182529,18.416,1.01745776541755,54.08966188212,18.366,18.4480953627087,-0.0410611023507479,-0.27373398117359
"14610072","2011-01-12",21.8776905376688,0.97142857142857,0.709543127595865,0.654236560524592,18.7675358001169,18.1351308665498,18.4513333333333,1.18837750976707,60.7491823193681,18.3792,18.5056826476809,0.145608909204764,-0.189865403097919
"14610071","2011-01-13",20.6438508942408,0.714285714285713,0.75798319327731,0.706642197108728,18.7904044699622,18.1612621967044,18.4758333333333,0.861603423692956,55.2053186376233,18.3852,18.5315916279901,0.21232559698563,-0.109427203081209
"14610070","2011-01-14",19.3919956591129,0.528571428571429,0.738095238095237,0.735207186322805,18.8022093118545,18.1794573548122,18.4908333333333,0.702060117050392,51.5466106302648,18.386,18.5367127442581,0.20618963426462,-0.0463038356120434
"14610069","2011-01-18",19.3621169780459,0.0714285714285723,0.438095238095238,0.644724556489263,18.8011223180801,18.1842110152532,18.4926666666667,0.328176271833114,43.8438436548657,18.404,18.498484378357,0.0612499879142359,-0.0247930709067876
"14610068","2011-01-19",19.3343724884838,0.0714285714285723,0.223809523809524,0.466666666666667,18.796300967788,18.194699032212,18.4955,0.202738101794682,43.8438436548657,18.3952,18.4653531279094,-0.0532267268187447,-0.030479802089179
"14610067","2011-01-20",18.8779410834572,0.1,0.0809523809523815,0.247619047619049,18.7900169916526,18.2096496750141,18.4998333333333,0.259060633973585,44.4455915189885,18.4048,18.4393060441882,-0.13383143621567,-0.0511501289144772
"14610066","2011-01-21",19.328981588702,0,0.0571428571428574,0.120634920634922,18.8187285284946,18.1379381381721,18.4783333333333,-0.0704154154545913,38.4547763032161,18.3988,18.3807319049631,-0.312676390538369,-0.103455381239256
"14610065","2011-01-24",19.1836169515295,0.38888888888889,0.162962962962963,0.100352733686068,18.816375320435,18.1282913462316,18.4723333333333,0.341589102367632,48.2015892662776,18.4008,18.3766343176347,-0.297605369413645,-0.142285378874133
"14610064","2011-01-25",18.158306039159,0.38888888888889,0.25925925925926,0.159788359788361,18.8146177597925,18.1257155735409,18.4701666666667,0.446533290112264,48.2015892662776,18.4008,18.3730830752834,-0.282411129204885,-0.170310528940284
"14610063","2011-01-26",18.0498946195396,0.0999999999999998,0.292592592592593,0.238271604938273,18.8223308868419,18.0956691131581,18.459,0.148162768531827,42.4145337887307,18.3984,18.3353386652456,-0.380348115020079,-0.212318046156243
"14610062","2011-01-27",16.7723297762404,0.255555555555556,0.248148148148148,0.266666666666668,18.8182476231308,18.0907523768692,18.4545,0.429667352564024,46.1627007200202,18.4008,18.3212935098795,-0.391984116037325,-0.248251260132459
"14610061","2011-01-28",15.5860195646054,0.555555555555555,0.303703703703703,0.281481481481482,18.8248845884677,18.0921154115323,18.4585,0.633966697503859,52.5739596346999,18.4024,18.3451210418956,-0.279114884617893,-0.254423985029546
"14610060","2011-01-31",14.4974611082197,0.555555555555555,0.455555555555555,0.335802469135803,18.8337365816768,18.0962634183232,18.465,0.628818246847111,52.5739596346999,18.4084,18.3657715696428,-0.187568707724317,-0.2410529295685
"14610059","2011-02-01",14.2531551267975,0.766666666666668,0.625925925925926,0.461728395061729,18.8714200772808,18.0915799227192,18.4815,0.857124467586001,56.7749770896986,18.4196,18.4090020270238,-0.031379066689774,-0.199118156992755
"14610058","2011-02-02",14.0262995726197,0.888888888888889,0.737037037037037,0.606172839506174,18.9128880895276,18.1097785771391,18.5113333333333,0.900941583971969,59.0372771351732,18.4348,18.4611350900873,0.138605733634845,-0.131573378867235
"14610057","2011-02-03",13.8156479865975,0.888888888888889,0.848148148148149,0.737037037037038,18.9483065313004,18.1140268020329,18.5311666666667,0.822234046809892,59.0372771351732,18.4504,18.5063170780757,0.26978446152226,-0.0513018107893361
"14610056","2011-02-04",13.0527328332716,0.622222222222221,0.799999999999999,0.795061728395063,18.9537398342389,18.1169268324278,18.5353333333333,0.585244054739766,52.1330365407208,18.4556,18.5134748009989,0.265904871562306,0.0121395256809923
"14610055","2011-02-07",12.6552390727106,0.58888888888889,0.7,0.782716049382717,18.9560843181054,18.1169156818946,18.5365,0.639225095281053,51.3250325098096,18.4596,18.5156781608657,0.246908078701669,0.0590932362851276
"14610054","2011-02-08",12.2861377236183,0.644444444444442,0.618518518518517,0.706172839506173,18.9699364969503,18.1213968363831,18.5456666666667,0.666167836993899,52.6424492336504,18.4656,18.5242544060836,0.250735656965295,0.0974217204211611
"14610053","2011-02-09",12.8490791334114,0,0.41111111111111,0.576543209876543,18.9701659286587,18.0668340713413,18.5185,0.0920657541135086,39.3408487402079,18.4576,18.4543538186058,0.000723425014825807,0.078082061339894
"14610052","2011-02-10",13.0179826342127,0.277777777777778,0.307407407407406,0.445679012345679,18.9156251125683,18.0673748874317,18.4915,0.329256357332532,45.7087241691893,18.4516,18.4271066427917,-0.0875513329885225,0.0449553824742107
"14610051","2011-02-11",13.1748215992424,0.333333333333334,0.203703703703704,0.307407407407408,18.8915893399663,18.0510773267003,18.4713333333333,0.296155997024256,46.909142580841,18.4472,18.4101590904195,-0.134158232027393,0.00913265957389007
"14610050","2011-02-14",12.2549069568509,0.644444444444442,0.418518518518518,0.309876543209877,18.8875179421987,18.0514820578013,18.4695,0.632171360179896,53.1555899435064,18.4452,18.4328045450302,-0.0478722177754687,-0.00226831589598168
"14610049","2011-02-15",11.8022906879948,0.511111111111112,0.496296296296296,0.37283950617284,18.8914052513278,18.0585947486722,18.475,0.526016322557862,50.4177700394313,18.4436,18.4364306056928,-0.0316984934395692,-0.00815435140469919
"14610048","2011-02-16",11.1681566682812,0.455555555555556,0.537037037037036,0.483950617283951,18.8957228502018,18.0749438164648,18.4853333333333,0.546297478904869,49.2788584444624,18.436,18.4329065249338,-0.0403024677717578,-0.0145839746781109
"14610047","2011-02-17",11.062623272477,0.777777777777777,0.581481481481481,0.538271604938272,18.929286517214,18.0820468161193,18.5056666666667,0.808059218262258,55.5505595981035,18.4288,18.468518988276,0.0787991194486803,0.00409264414724734
"14610046","2011-02-18",10.9646279763731,0.988888888888889,0.74074074074074,0.619753086419753,18.9563228784702,18.1353437881965,18.5458333333333,0.923275092041791,59.1173354408701,18.4364,18.5247164565058,0.252856729805884,0.0538454612789746
"14610045","2011-02-22",11.5904676722985,0.233333333333334,0.666666666666666,0.662962962962963,18.9576887090897,18.130977957577,18.5443333333333,0.244771675445224,45.1526106939904,18.422,18.4827542623051,0.0931843916648134,0.0617132473561424
"14610044","2011-02-23",11.1766311300652,0.644444444444442,0.622222222222222,0.676543209876543,18.971125098478,18.1425415681887,18.5568333333333,0.652670183965436,51.8214297132626,18.4352,18.4957203606644,0.126552622130838,0.0746811223110814
"14610043","2011-02-24",11.2956008973449,0.422222222222221,0.433333333333332,0.574074074074074,18.9542523724398,18.1844142942268,18.5693333333333,0.349318962931437,48.3959975424328,18.4404,18.4802909792425,0.0649668391909497,0.0727382656870551
"14610042","2011-02-25",11.4060728241045,0.555555555555555,0.540740740740739,0.532098765432099,18.9530451850975,18.1956214815691,18.5743333333333,0.406261185556705,50.5097847160874,18.4496,18.4829188486768,0.0677556697841197,0.071741746506468
"14610041","2011-02-28",10.9856446008968,0.666666666666668,0.548148148148148,0.507407407407407,18.9568710970205,18.1984622363128,18.5776666666667,0.560213783135459,52.2645628437288,18.4736,18.4985296688532,0.112301228392608,0.0798536428836961
"14610040","2011-03-01",10.4977692061524,0.72222222222222,0.648148148148148,0.579012345679012,18.9640564262678,18.2019435737322,18.583,0.609782516314074,53.1588663925708,18.4856,18.5187257130061,0.167417204796605,0.0973663552662779
"14610039","2011-03-02",10.0447420538898,0.637681159420287,0.675523349436392,0.623939881910897,18.9528344830126,18.2038321836541,18.5783333333333,0.6179346624289,53.1588663925708,18.4976,18.536228951272,0.208620581228325,0.119617200458687
"14610038","2011-03-03",9.79104187222234,0.565217391304349,0.641706924315619,0.655126140633387,18.924231138007,18.2111021953263,18.5676666666667,0.573385513055468,52.0284096009179,18.518,18.544731757769,0.216971940342003,0.139088148435351
"14610037","2011-03-04",9.21207785722345,0.782608695652173,0.66183574879227,0.659688674181428,18.9158325411905,18.2145007921429,18.5651666666667,0.763546222717448,55.1123838049719,18.5388,18.5721008567332,0.285467973662756,0.168364113480832
"14610036","2011-03-07",8.80590894689786,0.652173913043478,0.666666666666667,0.656736446591519,18.9280564847938,18.2139435152062,18.571,0.713318256103488,52.9143419732198,18.5452,18.5838207425021,0.29714287605489,0.194119865995643
"14610035","2011-03-08",8.42875210159553,0.782608695652173,0.739130434782608,0.689210950080516,18.9397678512529,18.2118988154138,18.5758333333333,0.739282972747806,54.8534243331719,18.5552,18.6059779768351,0.341457102654497,0.223587313327414
"14610034","2011-03-09",7.865120205821,0.71014492753623,0.714975845410627,0.706924315619968,18.941292025985,18.211707974015,18.5765,0.669274533436593,53.5344002315958,18.5556,18.6185142465905,0.350782540364492,0.24902635873483
"14610033","2011-03-10",7.68517607579412,0.565217391304349,0.685990338164251,0.713365539452496,18.9088916926893,18.292441640644,18.6006666666667,0.552991587166345,50.8982710085598,18.5476,18.6160456803784,0.311237573950751,0.261468601778014
"14610032","2011-03-11",7.51808509791202,0.573529411764706,0.616297243535095,0.672421142369992,18.900466479838,18.329533520162,18.615,0.532111184023655,50.8982710085598,18.5396,18.6139062563279,0.276710683316828,0.264517018085777
"14610031","2011-03-14",7.36292918987864,0.43137254901961,0.523373117362888,0.608553566354079,18.8765585348576,18.3834414651424,18.63,0.439162519729169,50.8982710085598,18.5412,18.6120520888176,0.246508241795729,0.260915262827767
"14610030","2011-03-15",7.84521668586866,0.433962264150942,0.479621408311753,0.539763923069913,18.8842944937062,18.3887055062938,18.6365,0.648308380264378,51.1984095585584,18.5444,18.6117784769752,0.224323241279767,0.253596858518167
"14610029","2011-03-16",8.62803063949031,0.7,0.521778271056851,0.508257598910498,18.9207710231455,18.3925623101878,18.6566666666667,0.960676485192339,57.8565242379982,18.5552,18.6435413467118,0.307142846620545,0.264306056138643
"14610028","2011-03-17",8.8836288036408,0.4,0.511320754716981,0.504240144695196,18.9406697223775,18.4043302776226,18.6725,0.812302221360087,54.835230702977,18.5856,18.6590691671503,0.329899411045753,0.277424727120065
"14610027","2011-03-18",9.12096995606625,0.4,0.5,0.511033008591278,18.939883556932,18.4044497764014,18.6721666666667,0.66404144924566,54.835230702977,18.606,18.6725266115302,0.343918389076658,0.290723459511383
"14610026","2011-03-21",9.51588261464866,0.499999999999998,0.433333333333333,0.481551362683439,18.9225893089793,18.4124106910207,18.6675,0.759712961962523,56.0190675760043,18.626,18.6895230633262,0.368011622621744,0.306181092133456
"14610025","2011-03-22",10.6771152398939,0.249999999999994,0.383333333333331,0.438888888888889,18.9007632158074,18.4809034508593,18.6908333333333,0.760007449583007,52.3264206303416,18.6308,18.690919988216,0.339984628337198,0.312941799374204
"14610024","2011-03-23",11.7554026776216,0.274999999999998,0.341666666666664,0.38611111111111,18.9099844231091,18.4820155768909,18.696,0.711853426874053,52.6624616272483,18.6408,18.6934639897872,0.318417385945935,0.31403691668855
"14610023","2011-03-24",12.756669584083,0.374999999999996,0.299999999999996,0.341666666666664,18.8961358751783,18.5271974581551,18.7116666666667,0.649076370099286,54.0574614961163,18.6544,18.7010021244823,0.314949441166368,0.314219421584114
"14610022","2011-03-25",13.6864174257972,0.374999999999996,0.341666666666663,0.327777777777775,18.8822206616652,18.5657793383348,18.724,0.582163731734998,54.0574614961163,18.6564,18.7075351745513,0.308627843691855,0.313101106005662
"14610021","2011-03-28",15.1658129574578,0.374999999999996,0.374999999999996,0.338888888888886,18.8872681451832,18.5783985214835,18.7328333333333,0.717459605972593,54.0574614961163,18.6508,18.7131971512778,0.30014567886929,0.310510020578388
"14610020","2011-03-29",16.9003433529266,0.599999999999996,0.449999999999996,0.388888888888886,18.910337596067,18.5779957372663,18.7441666666667,0.948835025491349,57.5711729223492,18.676,18.7301041977741,0.328404090651668,0.314088834593044
"14610019","2011-03-30",18.8421582692089,0.399999999999997,0.45833333333333,0.427777777777775,18.9311156453015,18.5805510213652,18.7558333333333,0.911241342745655,55.5381391528558,18.6848,18.7394236380709,0.329721662702331,0.317215400214901
"14610018","2011-03-31",20.6452721200425,0.399999999999997,0.466666666666663,0.45833333333333,18.931157183347,18.6001761499864,18.7656666666667,0.654087379213757,55.5381391528558,18.7016,18.7475004863281,0.326974497574306,0.319167219686782
"14610017","2011-04-01",22.3547478440542,0.387755102040816,0.395918367346937,0.440306122448977,18.9361380547679,18.6021952785655,18.7691666666667,0.652221688731835,55.5381391528558,18.7136,18.7545004214844,0.321078549831477,0.319549485715721
"14610016","2011-04-04",24.405937625433,0.474999999999999,0.420918367346937,0.42783446712018,18.958238646589,18.6004280200777,18.7793333333333,0.911763436904673,59.5520910006363,18.7252,18.7725670319531,0.351032726023703,0.325846133777318
"14610015","2011-04-05",26.3106138509991,0.474999999999999,0.445918367346938,0.420918367346938,18.9709638953875,18.6017027712792,18.7863333333333,0.78074080887063,59.5520910006362,18.7348,18.788224761026,0.370433181286156,0.334763543279085
"14610014","2011-04-06",28.867386263851,0.653061224489791,0.534353741496596,0.467063492063491,19.0243416348238,18.5859916985096,18.8051666666667,1.11936817484875,64.8656622106434,18.7496,18.8191281262226,0.436466637043242,0.355104162031917
"14610013","2011-04-07",31.3669144638783,0.563636363636365,0.563899196042052,0.514723768295196,19.0652190736195,18.5907809263805,18.828,1.05223215402202,64.1673559982561,18.766,18.8445777093929,0.478817573042956,0.379846844234125
"14610012","2011-04-08",34.0239336564866,0.821917808219178,0.679538465448445,0.592597134329032,19.174573231821,18.552426768179,18.8635,1.27125461828463,73.1834220980049,18.788,18.9053006814738,0.628822456212252,0.42964196662975
"14610011","2011-04-11",34.2727882417417,0.416666666666667,0.600740279507403,0.614725980332634,19.1923773993271,18.5852892673396,18.8888333333333,0.858816655862148,57.5807146294745,18.802,18.9192605906107,0.616489267732279,0.467011426850256
"14610010","2011-04-12",34.5038674994785,0.66176470588235,0.633449726922732,0.637909490626194,19.2376949584057,18.5906383749277,18.9141666666667,0.967501618442742,63.1273752370263,18.82,18.9566925118626,0.679700304296427,0.50954920233949
"14610009","2011-04-13",34.7184410959484,0.66176470588235,0.580065359477123,0.604751788635754,19.2756786513881,18.5826546819453,18.9291666666667,0.890799373867387,63.1273752370263,18.84,18.9891335102809,0.721206235580918,0.551880608987776
"14610008","2011-04-14",36.4210787931275,0.532110091743117,0.618546501169273,0.610687195856377,19.3855985449606,18.5387347883727,18.9621666666667,1.13508838245752,66.593602310455,18.8692,19.0345823755768,0.799747739036372,0.601454034997495
"14610007","2011-04-15",38.0020995119367,0.519230769230768,0.571035188952078,0.589882349866159,19.4349267407586,18.5477399259081,18.9913333333333,0.89675972873801,66.8517421264024,18.8988,19.0753047254999,0.855951193917903,0.652353466781576
"14610006","2011-04-18",38.5203184448012,0.375,0.475446953657962,0.555009547926438,19.454238143218,18.5680951901154,19.0111666666667,0.709334170463717,59.4330202147354,18.9224,19.0905974287666,0.827316352407337,0.687346043906729
"14610005","2011-04-19",36.947176076179,0,0.298076923076923,0.448186355228988,19.4522244833225,18.5854421833442,19.0188333333333,0.424433159281573,44.7990428489682,18.9292,19.0491844382644,0.624054657466222,0.674687766618627
"14610004","2011-04-20",35.4864010196013,0.349056603773582,0.241352201257861,0.338292025997583,19.4602829366328,18.6137170633673,19.037,0.63348045742042,55.4578440742317,18.9412,19.0626265131624,0.61251905877604,0.66225402505011
"14610003","2011-04-21",34.1299670384934,0.349056603773582,0.232704402515722,0.257377842283502,19.4631516513747,18.6491816819587,19.0561666666667,0.615278618203384,55.4578440742317,18.9568,19.0742763114074,0.596450996071907,0.649093419254469
"14610002","2011-04-25",33.2097153157759,0.415094339622639,0.371069182389935,0.28170859538784,19.4682759010038,18.6920574323295,19.0801666666667,0.693029848399801,57.2682586147065,18.9752,19.0937061365531,0.606265173712339,0.640527770146043
"14610001","2011-04-26",31.902653761894,0.330188679245281,0.364779874213834,0.322851153039831,19.4631878499259,18.7301454834074,19.0966666666667,0.545472587746379,54.2170504684299,18.9884,19.098545318346,0.569391671450603,0.626300550406955
"14610000","2011-04-27",30.688953747575,0.330188679245281,0.358490566037734,0.364779874213835,19.4630856737095,18.7539143262905,19.1085,0.530317073692058,54.2170504684299,19.0056,19.1027392758999,0.534003145031003,0.607841069331765
"14609999","2011-04-28",30.2833047543702,0.367924528301887,0.342767295597483,0.355345911949684,19.469091468974,18.7802418643593,19.1246666666667,0.643233974449115,55.4407713492909,19.024,19.1117073724466,0.516876754371665,0.589648206339745
"14609998","2011-04-29",30.1979641897969,0.452830188679245,0.383647798742138,0.361635220125786,19.4724673186081,18.8265326813919,19.1495,0.753637634357895,58.1511462731956,19.0444,19.131479722787,0.535069647081476,0.578732494488091
"14609997","2011-05-02",30.0590984326467,0.443396226415093,0.421383647798742,0.382599580712788,19.4605275198583,18.8831391468083,19.1718333333333,0.664245311751564,57.7309592325206,19.0644,19.1472824264154,0.538971907123109,0.570780377015095
"14609996","2011-05-03",28.8597265321834,0.264150943396224,0.386792452830188,0.39727463312369,19.4489297963259,18.9120702036741,19.1805,0.35005390403404,50.2948438129639,19.0768,19.13564476956,0.456694045421768,0.54796311069643
"14609995","2011-05-04",28.5338814588995,0.481132075471696,0.396226415094338,0.40146750524109,19.4422138591512,18.9624528075155,19.2023333333333,0.759156788383306,57.4412138417944,19.0948,19.156225466952,0.482864454452159,0.534943379447575
"14609994","2011-05-05",28.4571044525219,0.971014492753621,0.572099170540514,0.45170601282168,19.4779991341977,18.964667532469,19.2213333333333,0.958443104887415,61.579529082775,19.1208,19.1953954046918,0.564276876854986,0.540810078929058
"14609993","2011-05-06",27.4421619668562,0.671232876712325,0.707793148312547,0.558706244649134,19.48940717885,18.9792594878167,19.2343333333333,0.726731726320986,55.0895838048648,19.1396,19.2053426840662,0.546662695973077,0.541980602337861
"14609992","2011-05-09",26.5747521005052,0.959999999999996,0.867415789821981,0.715769369558348,19.5212471956186,18.9640861377148,19.2426666666667,0.979813385269834,60.777806190553,19.1676,19.2446303261907,0.62197326011868,0.557979133894025
"14609991","2011-05-10",25.5063433329125,0.795918367346934,0.809050414686418,0.794753117606983,19.551453827742,18.971546172258,19.2615,0.882532169105791,59.02751291628,19.19,19.2720129493653,0.652919047875966,0.576967116690413
"14609990","2011-05-11",23.6891938275943,0.448979591836736,0.734965986394555,0.803810730300985,19.5558244679495,18.9761755320505,19.266,0.570157407610151,53.3970199006451,19.2056,19.2730778894499,0.599283966736097,0.58143048669955
"14609989","2011-05-12",22.3524339525224,0.489795918367347,0.578231292517006,0.707415897865994,19.5635286698454,18.9831379968213,19.2733333333333,0.626351674383786,53.9535059301565,19.2168,19.2766675041899,0.558707352278254,0.576885859815291
"14609988","2011-05-13",21.1111569256699,0.693877551020402,0.544217687074829,0.619138321995464,19.5459061466034,18.9907605200633,19.2683333333333,0.737175004849168,56.7353239777254,19.2324,19.2931118369646,0.561889639308522,0.573886615713937
"14609987","2011-05-16",19.9585425435926,0.693877551020402,0.625850340136051,0.582766439909296,19.552870017335,18.9894633159983,19.2711666666667,0.728668443289117,56.7353239777254,19.2364,19.307363592036,0.557914028429085,0.570692098256967
"14609986","2011-05-17",20.3533241202879,0.405797101449275,0.597850734496694,0.589306253902525,19.5782686587748,18.9920646745585,19.2851666666667,0.826678093558158,54.4464476986223,19.2496,19.3117151130979,0.523619051355695,0.561277488876712
"14609985","2011-05-18",20.7199070129336,0.623188405797098,0.574287686088925,0.599329586907224,19.5754337361337,19.0485662638664,19.312,0.837845870867657,58.9095270755974,19.2612,19.3354864313515,0.552669848473175,0.559555960796005
"14609984","2011-05-19",21.0603054132474,0.623188405797098,0.550724637681157,0.574287686088926,19.592304639787,19.0656953602131,19.329,0.805729515686199,58.9095270755974,19.2728,19.3560882405046,0.56901302713841,0.561447374064486
"14609983","2011-05-20",20.7953166268866,0.492753623188403,0.579710144927533,0.568240822899206,19.5931035240877,19.0898964759123,19.3415,0.616254333503694,55.1496330367843,19.2756,19.3619431417707,0.538185459804574,0.556794991212504
"14609982","2011-05-23",19.9458383613441,0.0625000000000021,0.392814009661835,0.507749597423509,19.5929636551976,19.1000363448025,19.3465,0.466526504715703,51.2366081052499,19.274,19.3536840562012,0.466694727490657,0.538774938468134
"14609981","2011-05-24",19.157037114769,0.0625000000000021,0.205917874396136,0.392814009661835,19.5819654893003,19.1280345106997,19.355,0.37883620507778,51.2366081052499,19.2784,19.3465261820411,0.405369894753282,0.512093929725164
"14609980","2011-05-25",19.6929403584673,0.0625000000000021,0.062500000000002,0.220410628019325,19.5708782529054,19.1657884137613,19.3683333333333,0.569943332553558,51.2366081052499,19.2992,19.3403226911023,0.352707586753453,0.480216661130822
"14609979","2011-05-26",20.1905647990444,0.170212765957443,0.098404255319149,0.12227404323843,19.5665995675891,19.1837337657443,19.3751666666667,0.460386468068961,53.6985073781815,19.3076,19.3429463322886,0.332180436142093,0.450609416133076
"14609978","2011-05-27",20.652644636723,0.170212765957443,0.134308510638296,0.0984042553191498,19.5669890791342,19.1880109208659,19.3775,0.45382319635523,53.6985073781815,19.316,19.3452201546502,0.312308346365064,0.422949202179474
"14609977","2011-05-31",21.372478633399,0.0638297872340373,0.134751773049641,0.122488179669029,19.5647816881999,19.1985516451335,19.3816666666667,0.413533399932076,51.2002533080727,19.3196,19.3405241340301,0.272557424451225,0.392870846633824
"14609976","2011-06-01",22.0827876944447,0.111111111111112,0.115051221434197,0.128037168374046,19.5255914312208,19.2657419021126,19.3956666666667,0.439708697104666,53.0808646876092,19.3284,19.3417875828261,0.254809475568774,0.365258572420814
"14609975","2011-06-02",22.9149931686325,0.155555555555556,0.110165484633568,0.119989493039136,19.5257160397093,19.273617293624,19.3996666666667,0.527766897331633,54.0346846848561,19.338,19.3455492384493,0.246246784979087,0.341456214932469
"14609974","2011-06-03",24.0973744092032,0.155555555555556,0.140740740740741,0.121985815602837,19.5235779613629,19.2740887053038,19.3988333333334,0.665003765360186,54.0346846848561,19.346,19.3488093399894,0.236726318769143,0.320510235699804
"14609973","2011-06-06",25.0130122997003,0.111111111111112,0.140740740740741,0.130548988705018,19.5233131160473,19.276020217286,19.3996666666667,0.36655500353908,52.7900612997434,19.3496,19.3489680946575,0.218320015905693,0.300072191740981
"14609972","2011-06-07",25.9503254577286,0.17241379310345,0.146360153256706,0.142613878246064,19.5059954589173,19.2796712077494,19.3928333333333,0.413840430712142,52.7900612997434,19.3536,19.3491056820365,0.201410974645344,0.280339948321854
"14609971","2011-06-08",27.3825793029206,0.10344827586206,0.128991060025541,0.138697318007664,19.4945798802382,19.2834201197618,19.389,0.583664930414737,51.416533373001,19.3644,19.3465582577649,0.177621349894164,0.259796228636316
"14609970","2011-06-09",28.7125293020275,0.586206896551716,0.287356321839075,0.187569178373775,19.5012665119009,19.2930668214325,19.3971666666667,0.849824407372938,59.3831557017179,19.3716,19.3630171567296,0.214664864790892,0.250769955867231
"14609969","2011-06-10",28.6914043594772,0.137931034482755,0.27586206896551,0.230736483610043,19.5009119837586,19.2977546829081,19.3993333333333,0.454058587634942,51.0174186551601,19.3672,19.359948202499,0.187652195877352,0.238146403869255
"14609968","2011-06-13",28.5811713393063,0.10344827586206,0.27586206896551,0.279693486590033,19.5009663688573,19.2920336311428,19.3965,0.245532139920916,50.4288979519465,19.3696,19.3559551088325,0.160229584045046,0.222563039904414
"14609967","2011-06-14",28.4788121062905,0.10344827586206,0.114942528735625,0.222222222222216,19.5013799899531,19.284620010047,19.393,0.209355942792983,50.4288979519465,19.3628,19.3524944276548,0.136918925991858,0.205434217121902
"14609966","2011-06-15",28.770123317318,0.111111111111115,0.106002554278412,0.165602383993183,19.4892837019198,19.2850496314135,19.3871666666667,0.366982690011813,51.0833373712811,19.3584,19.3508285039675,0.12121827632039,0.1885910289616
"14609965","2011-06-16",28.4333275560929,0,0.0715197956577249,0.0974882928905881,19.4742958404548,19.2817041595453,19.378,0.129613631302915,47.0681659945976,19.3584,19.3413847034385,0.0827926141684143,0.167431346002963
"14609964","2011-06-17",26.670246029622,0,0.0370370370370381,0.0715197956577257,19.4828746485939,19.2407920180728,19.3618333333333,-0.306198553967276,37.9633409724231,19.3508,19.3105334096467,-0.0184659360994432,0.130251889582482
"14609963","2011-06-20",25.0330988978991,0,-1.15648231731787e-16,0.0361856108982551,19.509205711047,19.1854609556197,19.3473333333333,-0.233087808697064,37.9633409724231,19.3392,19.2837956216938,-0.0977168938054884,0.0846581329048876
"14609962","2011-06-21",23.8764309779626,0,-1.15648231731787e-16,0.0123456790123468,19.5303798144975,19.1412868521693,19.3358333333334,-0.106110508712889,36.0598589152495,19.326,19.2552895388013,-0.175372558939768,0.0326519945359565
"14609961","2011-06-22",22.8023821951644,0,-1.15648231731787e-16,7.03141248929266e-16,19.5488816912088,19.1007849754579,19.3248333333334,-0.0463850207496304,36.0598589152495,19.3152,19.2305842669611,-0.234336108042343,-0.0207456259797035
"14609960","2011-06-23",21.805051182566,0,-1.15648231731787e-16,7.03141248929266e-16,19.5556569451898,19.0613430548102,19.3085,0.0175130526539319,36.0598589152495,19.2984,19.2091730313663,-0.27795773283642,-0.0721880473510468
"14609959","2011-06-24",22.1852777678116,0.183673469387755,0.0612244897959181,0.0204081632653068,19.5510271856807,19.0493061476526,19.3001666666667,0.287066267435721,43.9565602537558,19.2852,19.2026166271841,-0.271622126664661,-0.11207486321377
"14609958","2011-06-27",22.5383453112539,0.367346938775509,0.183673469387755,0.081632653061225,19.5448612576021,19.0444720757313,19.2946666666667,0.410736146413703,50.5354267391356,19.2792,19.2089344102262,-0.226168601416488,-0.134893610854313
"14609957","2011-06-28",22.9906282000587,0.428571428571428,0.326530612244897,0.190476190476191,19.5393725459361,19.0406274540639,19.29,0.433165591247797,50.5354267391356,19.2772,19.2144098221961,-0.187980761375706,-0.145511040958592
"14609956","2011-06-29",24.5318919420506,0.642857142857142,0.479591836734693,0.329931972789116,19.5406312988546,19.0403687011455,19.2905,0.698895540973146,56.4627264197842,19.2788,19.2311551792366,-0.118569625141884,-0.14012275779525
"14609955","2011-06-30",25.0480131364011,0.428571428571428,0.499999999999999,0.435374149659864,19.5282671462335,19.0393995204332,19.2838333333333,0.47852179312789,50.0091984605383,19.2768,19.2336678220051,-0.100188313714333,-0.132135868979067
"14609954","2011-07-01",25.9519146306094,0.547619047619049,0.53968253968254,0.506424792139078,19.5138724867005,19.0434608466329,19.2786666666667,0.623296268756547,53.2089090603339,19.2744,19.2425121124044,-0.0639126442127047,-0.118491224025794
"14609953","2011-07-05",25.9476165201032,0.333333333333335,0.436507936507937,0.492063492063493,19.5042415174365,19.0384251492302,19.2713333333333,0.38979920664656,47.3358066877169,19.2684,19.2381771640838,-0.0720798426453007,-0.109208947749696
"14609952","2011-07-06",24.7439689428744,0,0.293650793650795,0.423280423280425,19.4975795033803,19.0170871632864,19.2573333333333,0.158683424655688,39.5085776198274,19.2584,19.2144202088726,-0.139910674688448,-0.115349293137446
"14609951","2011-07-07",23.6262961925905,0.232558139534886,0.188630490956074,0.306263073704936,19.4785475207414,19.0114524792586,19.245,0.318024186833178,45.9278436553859,19.2508,19.2071641810229,-0.149992699673696,-0.122277974444696
"14609950","2011-07-08",21.950918001315,0.0232558139534919,0.0852713178294594,0.18918420081211,19.4436664106501,19.0096669226832,19.2266666666667,0.215821477322242,41.6445580967972,19.2388,19.1888756235532,-0.193603848682189,-0.136543149292195
"14609949","2011-07-11",21.5796189823078,0,0.0852713178294594,0.119724375538332,19.4203993400401,19.00960065996,19.215,0.358000192887736,40.7353882922018,19.226,19.1703588737461,-0.233946701051857,-0.156023859644127
"14609948","2011-07-12",21.2348413218012,0.249999999999999,0.0910852713178303,0.0872093023255839,19.4047897919665,19.0112102080335,19.208,0.48814301641348,47.5214242736126,19.2184,19.16897769058,-0.217140025605489,-0.1682470928364
"14609947","2011-07-13",20.8337813337419,0.227272727272723,0.159090909090907,0.111815832746067,19.3893947384715,19.0116052615285,19.2005,0.445736974555521,46.9946061259619,19.2104,19.166447331836,-0.205661289715442,-0.175729932212208
"14609946","2011-07-14",20.6445463483521,0.204545454545454,0.227272727272725,0.159149635893822,19.3658504776251,19.0174828557083,19.1916666666667,0.476078909723305,46.4401722173166,19.2028,19.1629210209245,-0.198489754903419,-0.18028189675045
"14609945","2011-07-15",20.0321512584595,0.0909090909090891,0.174242424242422,0.186868686868686,19.3507077437589,19.0179589229078,19.1843333333333,0.426871766904802,43.6662015035616,19.1876,19.1531982181346,-0.211437708323858,-0.186513059065132
"14609944","2011-07-18",19.2045878297329,0.0227272727272682,0.106060606060604,0.169191919191918,19.3505941873257,19.0134058126744,19.182,0.316126519592699,42.0434848617554,19.1764,19.14077178905,-0.231696233561862,-0.195549693964478
"14609943","2011-07-19",18.5845439842438,0.0909090909090891,0.0681818181818155,0.116161616161615,19.3500363551002,19.0176303115665,19.1838333333333,0.388188956279003,44.273677327179,19.1668,19.1340022171766,-0.232446070197279,-0.202928969211038
"14609942","2011-07-20",18.0087889848611,0.277777777777771,0.130471380471376,0.101571268237933,19.3498587608869,19.0264745724464,19.1881666666667,0.495361554294761,48.5388284922343,19.1596,19.1361352548864,-0.205373196663228,-0.203417814701476
"14609941","2011-07-21",17.4741593425771,0.583333333333334,0.317340067340065,0.171997755331086,19.3537308175229,19.0406025158104,19.1971666666667,0.700663220123158,55.2943999115118,19.1564,19.1526505542349,-0.135983534997808,-0.189930958760742
"14609940","2011-07-22",16.4553229056158,0.499999999999997,0.453703703703701,0.300505050505048,19.3518035887637,19.0595297445696,19.2056666666667,0.617469742898103,51.9556982779746,19.1536,19.1602971470036,-0.10091183840798,-0.17212713469019
"14609939","2011-07-25",15.606409729538,0.499999999999997,0.527777777777776,0.432940516273848,19.3550827424832,19.0612505908501,19.2081666666667,0.619682840938945,51.9556982779746,19.1576,19.1669241940698,-0.072289219712629,-0.152159551694678
"14609938","2011-07-26",14.8181332088943,0.812499999999989,0.604166666666661,0.528549382716047,19.3637193897933,19.0586139435401,19.2111666666667,0.823931724415413,57.8578755346535,19.1656,19.1860009681938,-0.00745676041763454,-0.123218993439269
"14609937","2011-07-27",13.8503913758742,0.74999999999999,0.687499999999992,0.606481481481477,19.3680432270615,19.0576234396052,19.2128333333334,0.748588104833687,56.3664361131829,19.1744,19.199867505768,0.0350674335072743,-0.0915617080499604
"14609936","2011-07-28",13.7300905313995,0.468749999999993,0.677083333333324,0.656249999999993,19.3378574842119,19.0721425157881,19.205,0.606630550402898,50.1069548658721,19.1796,19.1998851716656,0.0305845381036285,-0.0671324588192427
"14609935","2011-07-29",13.6183826043873,0.559999999999998,0.59291666666666,0.652499999999993,19.3307919288478,19.0725414044856,19.2016666666667,0.519361044909126,50.1069548658721,19.1848,19.1999004821102,0.0267237795002595,-0.0483612111553422
"14609934","2011-08-01",13.5146538150187,0.559999999999998,0.52958333333333,0.599861111111105,19.3081563720815,19.0815102945852,19.1948333333334,0.522796188329054,50.1069548658721,19.1864,19.1999137511621,0.023394442180269,-0.03401008048822
"14609933","2011-08-02",14.0424669842318,0.320000000000005,0.480000000000001,0.534166666666664,19.3058351475425,19.0761648524575,19.191,0.292456109097441,45.8659305156265,19.182,19.1919252510072,-0.00441249424774082,-0.0280905632401242
"14609932","2011-08-03",14.5325792127868,0.359999999999997,0.413333333333333,0.474305555555555,19.3014597447965,19.0862069218702,19.1938333333334,0.296363491370595,46.6760121926998,19.178,19.1863352175396,-0.0220000151539335,-0.026872453622886
"14609931","2011-08-04",17.1809917887913,0,0.226666666666667,0.373333333333335,19.3423806610733,19.0212860055934,19.1818333333334,-0.315439711825766,30.4711436836989,19.1572,19.1374905218676,-0.172950373529479,-0.0560880376042046
"14609930","2011-08-05",21.6449302978851,0,0.119999999999999,0.253333333333334,19.6447972865638,18.6145360467696,19.1296666666667,-0.538247995120524,13.6339326979203,19.0964,18.9498251189519,-0.747101397725125,-0.194290709628389
"14609929","2011-08-08",26.5084972708234,0,-1.85037170770859e-17,0.115555555555556,20.2274660413666,17.7735339586335,19.0005,-0.489092845619193,7.05125873230517,18.9652,18.5591817697584,-1.92620364246419,-0.540673296195548
"14609928","2011-08-09",31.0336956301453,0,-1.85037170770859e-17,0.0400000000000004,20.596077314606,17.0965893520607,18.8463333333334,-0.279066355567724,6.9665269994176,18.836,18.2152908671239,-2.87020123163847,-1.00657888328413
"14609927","2011-08-10",35.2543769180121,0,-1.85037170770859e-17,7.81782046506881e-16,20.8244264502135,16.5492402164532,18.6868333333334,-0.130810726334448,6.79076979930686,18.7096,17.906585418174,-3.63356966078431,-1.53197703878417
"14609926","2011-08-11",37.0262649070987,0.158357771260997,0.0527859237536658,0.0175953079178894,20.8736463736508,16.2346869596826,18.5541666666667,0.0636593283028568,21.2356782768458,18.6008,17.7110406957508,-3.96331522594369,-2.01824467621607
"14609925","2011-08-12",35.5519789082658,0.255131964809384,0.13782991202346,0.0635386119257095,20.8330494204669,16.0739505795331,18.4535,0.2254031956443,28.5254231573173,18.5088,17.5855686029841,-4.03416294465812,-2.42142832990448
"14609924","2011-08-15",34.1829990522068,0.549999999999999,0.321163245356794,0.170593027044641,20.7626826553927,16.0093173446073,18.386,0.370407603934351,45.1053777406095,18.4576,17.6101594559195,-3.59115760494981,-2.65537418491355
"14609923","2011-08-16",32.9118034715805,0.549999999999999,0.451710654936461,0.303567937438906,20.6814502320999,15.9528831012334,18.3171666666667,0.384284889793579,45.1053777406095,18.402,17.6314715284636,-3.20283688517686,-2.76486672496621
"14609922","2011-08-17",32.2039331430131,0.47289156626506,0.52429718875502,0.432390363016092,20.5867545475716,15.8849121190951,18.2358333333333,0.35626201991794,41.7368363241798,18.3348,17.6099419913351,-2.99789953194767,-2.8114732863625
"14609921","2011-08-18",31.7713572202605,0.43030303030303,0.48439819885603,0.486802014182504,20.4727487607262,15.8049179059405,18.1388333333333,0.324579476247764,40.1233494557294,18.262,17.5712830591571,-2.87159019983556,-2.82349666905711
"14609920","2011-08-19",32.0678867116116,0.276923076923077,0.393372557830389,0.467355981813814,20.3576668331668,15.6863331668332,18.022,0.260525206167797,35.0628855551552,18.1704,17.4684453179362,-2.97792231783153,-2.854381798812
"14609919","2011-08-22",32.355747258769,0.273846153846153,0.327024087024087,0.401598281236836,20.2230550109453,15.5759449890547,17.8995,0.261966757521126,34.9715396164746,18.0796,17.3779859422113,-3.03466046756955,-2.89043753256351
"14609918","2011-08-23",33.1778379689772,0.130434782608696,0.227068004459309,0.315821549771262,20.0674291773,15.4452374893667,17.7563333333333,0.216656782087665,30.8973158103208,17.9688,17.2369211499165,-3.26438950866772,-2.96522792778435
"14609917","2011-08-24",33.9634181456538,0.141843971631206,0.182041636028685,0.245377909170694,19.8823276260664,15.3413390406003,17.6118333333333,0.233134468293547,30.733235963809,17.8548,17.1119983299276,-3.42145944898113,-3.05647423202371
"14609916","2011-08-25",34.3657409378642,0.315,0.195759584746634,0.20162307507821,19.6632986055347,15.2960347277987,17.4796666666667,0.296287402920138,35.0076746211248,17.7456,17.0343985526039,-3.40160920151205,-3.12550122592137
"14609915","2011-08-26",34.7393263877738,0.315,0.257281323877069,0.211694181550797,19.4147631425718,15.2769035240949,17.3458333333333,0.302836874965414,35.0076746211248,17.6384,16.9671454122568,-3.34921825823362,-3.17024463238382
"14609914","2011-08-29",35.171223451266,0.284999999999999,0.305,0.252680302874568,19.125341076488,15.2939922568453,17.2096666666667,0.308683564325433,34.3660564280716,17.5288,16.9008593572892,-3.29992011223721,-3.1961797283545
"14609913","2011-08-30",34.5788870426295,0.3,0.3,0.287427107959024,18.7954301492235,15.3882365174432,17.0918333333333,0.410434598192408,40.4399044216006,17.4276,16.8847447763173,-3.07834330458325,-3.17261244360025
"14609912","2011-08-31",32.7242967288137,0.393749999999999,0.32625,0.310416666666667,18.4050301148524,15.5686365518143,16.9868333333333,0.522270064172264,43.1799108332176,17.3332,16.8907788061417,-2.79888328382698,-3.0978666116456
"14609911","2011-09-01",31.0021771516991,0.482993197278912,0.392247732426304,0.339499244142102,17.9997310450611,15.7836022882722,16.8916666666667,0.55640466494425,44.6426106434879,17.2456,16.9066749653228,-2.51015788060573,-2.98032486543763
"14609910","2011-09-02",29.5551170761235,0.435374149659864,0.437372448979592,0.385290060468633,17.8066091641058,15.8647241692275,16.8356666666667,0.553727864218791,43.5853392986238,17.1552,16.9111183032797,-2.28823253021437,-2.84190639839298
"14609909","2011-09-06",28.2114184345176,0.444444444444445,0.45427059712774,0.427963592844546,17.8182604535198,15.8897395464802,16.854,0.544593760786346,43.5853392986238,17.0648,16.9149691961758,-2.0882331625754,-2.69117175122946
"14609908","2011-09-07",26.9636982673121,0.627450980392157,0.502423191498822,0.464688745868719,17.7987711116329,15.9912288883671,16.895,0.524895683996076,43.5853392986238,16.9768,16.9183066366857,-1.90770438522103,-2.53447827802778
"14609907","2011-09-08",25.7638209020714,0.666666666666667,0.579520697167756,0.512071495264774,17.7698365463431,16.1444967869902,16.9571666666667,0.669913192043373,47.1580026559938,16.8948,16.9425324184609,-1.66912416290215,-2.36140745500265
"14609906","2011-09-09",24.6496490629193,0.666666666666667,0.65359477124183,0.578512886636137,17.7788539514406,16.1958127152261,16.9873333333333,0.592227540672986,47.1580026559938,16.826,16.9635280959995,-1.46311069213404,-2.18174810242893
"14609905","2011-09-12",23.3763776410669,0.599999999999999,0.644444444444444,0.625853304284678,17.7695412956062,16.1927920377271,16.9811666666667,0.526742785167615,45.4875579362221,16.7976,16.9710576831995,-1.32255064031614,-2.00990861000637
"14609904","2011-09-13",22.1940541779183,0.608333333333333,0.625,0.641013071895425,17.6456535795089,16.2426797538245,16.9441666666667,0.56117956854359,45.7462607057148,16.838,16.9789166587729,-1.19262792985348,-1.84645247397579
"14609903","2011-09-14",21.0961823907088,0.54368932038835,0.584007551240561,0.617817331895003,17.5001938348658,16.3141394984676,16.9071666666667,0.60356467622415,45.7462607057148,16.88,16.9857277709365,-1.07721923196157,-1.69260582557295
"14609902","2011-09-15",20.2606077624628,0.514563106796116,0.555528586839267,0.588178712693277,17.3970498146833,16.3642835186501,16.8806666666667,0.644595475188238,45.0031744802137,16.924,16.9876307348117,-0.988581998134719,-1.5518010600853
"14609901","2011-09-16",19.5417285776941,0.0873786407766986,0.381877022653722,0.507137720244518,17.3299398110412,16.3700601889588,16.85,0.350675720125821,35.8144033270771,16.9288,16.9306133035034,-1.11475981540572,-1.46439281114939
"14609900","2011-09-19",19.0915385850252,0,0.200647249190939,0.379350952894643,17.3341661169742,16.3235005496925,16.8288333333333,0.154847909510205,34.4376083818537,16.9172,16.870531529703,-1.23960176342653,-1.41943460160482
"14609899","2011-09-20",17.9358863524448,0,0.0291262135922332,0.203883495145632,17.3380793426143,16.2922539907191,16.8151666666667,0.217766770396418,33.5690182644084,16.8636,16.8117939924093,-1.34797816952086,-1.40514331518802
"14609898","2011-09-21",17.6818110901161,0,3.00685402502647e-16,0.0765911542610583,17.3697167232627,16.235949943404,16.8028333333333,-0.0317084113264345,28.8648100268243,16.798,16.7208881267547,-1.56152211792695,-1.43641907573581
"14609897","2011-09-22",17.7885472507073,0,3.00685402502647e-16,0.0097087378640789,17.4299137873655,16.1347528793012,16.7823333333333,-0.111764398075891,26.965696184993,16.7388,16.6234363765207,-1.78030432624658,-1.50519612583796
"14609896","2011-09-23",18.2382235066587,0,3.00685402502647e-16,1.26981758441502e-15,17.5010613001902,15.9929386998099,16.747,-0.072676695149916,25.0630252091585,16.6796,16.5189781929846,-2.00631242564805,-1.60541938579998
"14609895","2011-09-26",18.2151518433035,0.0722891566265065,0.0240963855421691,0.00803212851405755,17.537382583549,15.9039507497844,16.7206666666667,0.0608428105138033,29.3573390086148,16.646,16.4444477672534,-2.10496869203272,-1.70532924704653
"14609894","2011-09-27",17.6325456797133,0.126506024096386,0.0662650602409645,0.0301204819277123,17.5551834635035,15.8501498698299,16.7026666666667,0.156311757038505,32.4824142033361,16.6164,16.3918547316196,-2.11598433284175,-1.78746026420557
"14609893","2011-09-28",17.0915542420938,0.25,0.149598393574298,0.0799866131191447,17.5534288635305,15.7912378031362,16.6723333333333,0.220612966210827,36.8294536479009,16.6108,16.3636074340703,-2.03790992652608,-1.83755019666967
"14609892","2011-09-29",17.1030270755481,0.128,0.168168674698795,0.128010709504687,17.5268262009658,15.7158404657008,16.6213333333333,0.173474328472937,33.603385438126,16.5988,16.3151264428609,-2.04191572826896,-1.87842330298953
"14609891","2011-09-30",17.8556511862652,0,0.126,0.147922356091032,17.5163996842203,15.6022669824464,16.5593333333333,0.091111595376135,29.0379913345213,16.5656,16.2331095838128,-2.170033418263,-1.93674532604422
"14609890","2011-10-03",18.5545164319312,0,0.0426666666666669,0.112278447121822,17.506941838316,15.4877248283507,16.4973333333333,0.105127468024338,29.0379913345213,16.5324,16.1620283059711,-2.2476263159471,-1.9989215240248
"14609889","2011-10-04",20.0082089822389,0,2.86807614694832e-16,0.0562222222222234,17.5070085473034,15.3393247860299,16.4231666666667,0.0541323797931742,24.2067064010449,16.4864,16.0497578651749,-2.47325908465157,-2.09378903615015
"14609888","2011-10-05",21.3580663503818,0,2.86807614694832e-16,0.0142222222222235,17.4990768715755,15.1852564617578,16.3421666666667,0.0582342249512743,24.2067064010449,16.428,15.952456816485,-2.62534452164183,-2.20010013324849
"14609887","2011-10-06",20.9607387832174,0,2.86807614694832e-16,1.25362683197257e-15,17.395341543784,15.111658456216,16.2535,0.152534975487772,24.2067064010449,16.3636,15.8681292409536,-2.71738705198956,-2.3035575169967
"14609886","2011-10-07",20.5917917565648,0.275362318840579,0.0917874396135266,0.03059581320451,17.2725710551427,15.091095611524,16.1818333333333,0.279125025338781,37.2469317219105,16.3112,15.8457120088265,-2.56882237481491,-2.35661048856034
"14609885","2011-10-10",20.2491980889588,0.372549019607842,0.215970446149474,0.102585961921001,17.1534551272351,15.0778782060983,16.1156666666667,0.29973439556313,37.2469317219105,16.2616,15.826283740983,-2.4234327700521,-2.3699749448587
"14609884","2011-10-11",19.4312344330496,0.279569892473118,0.30916041030718,0.205639432023394,17.0127592036678,15.0819074629988,16.0473333333333,0.301124036655991,35.0390602791537,16.2072,15.7934459088519,-2.34279025814796,-2.36453800751655
"14609883","2011-10-12",18.6716967525624,0.548387096774192,0.400168669618384,0.308433175358347,16.8440521384912,15.1306145281755,15.9873333333333,0.40817679477437,42.6642743215789,16.1628,15.7983197876716,-2.12691074335194,-2.31701255468363
"14609882","2011-10-13",19.0252716223301,0.161290322580645,0.329749103942652,0.34635939462274,16.6397004496595,15.1966328836738,15.9181666666667,0.311859121222405,36.0940201308489,16.0976,15.7545438159821,-2.11562984300105,-2.27673601234711
"14609881","2011-10-14",19.4830770708722,0.10752688172043,0.272401433691756,0.334106402417598,16.5046106441775,15.2090560224892,15.8568333333333,0.209133581074118,35.2813483675681,16.0304,15.7099379738511,-2.10884732374533,-2.24315827462676
"14609880","2011-10-17",19.9081821302328,0.209302325581395,0.15937317662749,0.2538412380873,16.4060056422136,15.2096610244531,15.8078333333333,0.242688412048368,37.698388493911,15.9696,15.6819462440043,-2.03953747568888,-2.20243411483918
"14609879","2011-10-18",19.1434829628622,0.363636363636362,0.226821856979396,0.219532155766215,16.2681452329102,15.2611881004231,15.7646666666667,0.392746179042149,40.6806484110771,15.9124,15.6710200781371,-1.91141285983407,-2.14422986383816
"14609878","2011-10-19",18.4334051645896,0.411764705882351,0.32823446503337,0.23814316621342,16.200925451499,15.2720745485011,15.7365,0.392519528149113,40.6806484110771,15.8552,15.6615507343855,-1.78934773732777,-2.07325343853608
"14609877","2011-10-20",17.7740472090506,0.485294117647058,0.420231729055257,0.325096017022675,16.1703200195272,15.2690133138061,15.7196666666667,0.426403151211146,42.2827541691274,15.8012,15.6600106364674,-1.64791714477743,-1.98818617978435
"14609876","2011-10-21",16.8270198776315,0.411764705882351,0.43627450980392,0.394913567964183,16.1548785923437,15.2661214076563,15.7105,0.488185749515268,41.0876900816319,15.7628,15.6520092182718,-1.54381935537989,-1.89931281490346
"14609875","2011-10-24",16.3115714276873,0.573529411764706,0.490196078431372,0.448900772430184,16.1270290581705,15.2743042751628,15.7006666666667,0.624307399189359,44.785051963678,15.732,15.6597413225022,-1.3886613008751,-1.79718251209779
"14609874","2011-10-25",16.7001330416891,0.6,0.528431372549019,0.484967320261438,16.1043779203518,15.2869554129815,15.6956666666667,0.892697775147731,50.2836235001797,15.7104,15.6904424795019,-1.15965898989895,-1.66967780765802
"14609873","2011-10-26",17.856972030474,0.646551724137932,0.606693711967546,0.541773720982647,16.143172176014,15.260827823986,15.702,1.18529555980831,57.3917776415707,15.712,15.754383482235,-0.825176986007747,-1.50077764332797
"14609872","2011-10-27",18.9311796629172,0.672413793103448,0.639655172413793,0.591593418976787,16.1821226127837,15.2388773872163,15.7105,1.01895306409378,58.0832782791797,15.7204,15.813799017937,-0.539161458555382,-1.30845440637345
"14609871","2011-10-28",20.8389728517557,0.688524590163934,0.669163369135105,0.638504084505482,16.2971218891174,15.1848781108826,15.741,1.08050822967185,59.499005352894,15.7372,15.8732924822121,-0.279334892300542,-1.10263050355887
"14609870","2011-10-31",22.6104950985344,0.991803278688522,0.784247220651968,0.69768858740029,16.4645159197209,15.1104840802791,15.7875,1.12221579689537,66.9190338041065,15.764,15.9741868179171,0.111598638621913,-0.859784675122712
"14609869","2011-11-01",21.6135980330392,0.434426229508195,0.704918032786884,0.71944287419132,16.5028868968089,15.1441131031912,15.8235,0.759915718367194,49.1111637189941,15.76,15.9709619088615,0.0765879924643942,-0.672510141605291
"14609868","2011-11-02",20.6879079007936,0.795081967213114,0.740437158469944,0.7432008039696,16.5605790573387,15.1947542759947,15.8776666666667,0.884871232274321,57.0715782843584,15.7684,16.0268336543466,0.2673713187755,-0.484533849529133
"14609867","2011-11-03",20.2263871380873,0.728070175438594,0.652526124053301,0.699293771770044,16.6179945460164,15.2326721206503,15.9253333333333,0.852264563876547,55.7899779469388,15.7816,16.0672558337671,0.383459835543509,-0.310935112514604
"14609866","2011-11-04",19.3582901114959,0.576923076923075,0.700025073191594,0.697662785238281,16.6628124800194,15.2508541866473,15.9568333333333,0.764290148241879,53.0122740391541,15.8016,16.0849550559315,0.405376845578087,-0.167672720896066
"14609865","2011-11-07",18.5522000153754,0.576923076923075,0.627305443094915,0.659952213446604,16.695317669,15.276682331,15.986,0.709591094602593,53.0122740391541,15.8216,16.1002943818073,0.417863443652311,-0.0505654879863908
"14609864","2011-11-08",17.9877255972169,0.615384615384613,0.589743589743588,0.639024702010033,16.7275222597898,15.3111444068769,16.0193333333333,0.719338833933152,53.8325345398266,15.8584,16.1189217975663,0.442606941251733,0.048068997861234
"14609863","2011-11-09",17.3745911087265,0.192307692307693,0.461538461538461,0.559529164792322,16.7278348298661,15.3171651701339,16.0225,0.40843592206329,44.6077706472542,15.8776,16.0763988912241,0.239149653455484,0.0862851289800839
"14609862","2011-11-10",16.5052551412682,0.225806451612902,0.34449958643507,0.465260545905707,16.7244739946337,15.356192672033,16.0403333333333,0.472958777271272,47.2620517445168,15.9016,16.0555457057276,0.136297901017768,0.0962876833876207
"14609861","2011-11-11",16.0517632275726,0,0.139371381306865,0.315136476426799,16.6999297149939,15.4274036183394,16.0636666666667,0.408056895408588,44.9428254553551,15.9056,16.0214729449639,-0.0056264661345673,0.0759048534831831
"14609860","2011-11-14",15.6306635934266,0.214285714285714,0.146697388632872,0.210189452124937,16.6728014317899,15.5095319015434,16.0911666666667,0.46461123961706,48.9866330607558,15.9168,16.0159432189687,-0.0272801056293237,0.0552678616606818
"14609859","2011-11-15",15.9073593214043,0,0.0714285714285716,0.119165780456104,16.6588412804615,15.5438253862051,16.1013333333333,0.283560633909818,44.4900795971655,15.9236,15.9804841231062,-0.158648605501044,0.0124845682283366
"14609858","2011-11-16",16.327585903746,0,0.0714285714285716,0.0965181771633394,16.6452286713663,15.5717713286337,16.1085,0.193979455984945,43.3716310159087,15.918,15.9417529066921,-0.290067653356896,-0.0480258760887098
"14609857","2011-11-17",17.5012582520711,0,3.88578058618805e-16,0.0476190476190488,16.6696665691437,15.5303334308563,16.1,-0.0412522869242424,37.8993541657656,15.914,15.8655191857998,-0.550857710500774,-0.148592242971123
"14609856","2011-11-18",18.5465504934838,0.134920634920635,0.0449735449735453,0.0388007054673733,16.6801666429317,15.5098333570683,16.095,0.0770435601728662,42.0802793083125,15.9188,15.8221166276931,-0.664364070716195,-0.251746608520137
"14609855","2011-11-21",20.2106686095233,0,0.0449735449735453,0.0299823633156979,16.739019182585,15.400980817415,16.07,-0.0704868807976134,36.8884921457216,15.9072,15.7405010773341,-0.913404276689511,-0.384078142154012
"14609854","2011-11-22",21.6621925056659,0.0869565217391298,0.0739590522199219,0.0546353807223384,16.7700705649408,15.3075961017259,16.0388333333333,0.0586247717576868,39.7972437186948,15.8964,15.6857676003562,-1.03857712471895,-0.514977938667
"14609853","2011-11-23",23.562283864498,0,0.028985507246377,0.0493060348132823,16.7899751252793,15.176358208054,15.9831666666667,0.0105199227264433,35.4040917715153,15.8736,15.5983319203087,-1.27908657220115,-0.66779966537383
"14609852","2011-11-25",25.3608292452223,0,0.028985507246377,0.0439766889042262,16.8234294939257,15.0265705060743,15.925,0.00561878292097531,35.1257093821978,15.848,15.5198876642675,-1.46520891472586,-0.827281515244236
"14609851","2011-11-28",26.0686395291427,0,3.88578058618805e-16,0.0193236714975857,16.8142738325014,14.8960595008319,15.8551666666667,0.0489728898471461,32.7672322552246,15.8176,15.4292359756985,-1.68401821493637,-0.998628855182662
"14609850","2011-11-29",26.7258919356402,0.150000000000001,0.0500000000000006,0.0263285024154602,16.7265420458532,14.8264579541468,15.7765,0.121157118005812,38.2802079265249,15.7912,15.3786711789387,-1.72925616540635,-1.1447543172274
"14609849","2011-11-30",25.3266097246216,0.264285714285715,0.138095238095239,0.0626984126984142,16.6845651211173,14.783768212216,15.7341666666667,0.287369884297484,42.1709841951062,15.764,15.3561816884136,-1.66249122517055,-1.24830169881603
"14609848","2011-12-01",24.2289530725882,0.214285714285715,0.20952380952381,0.132539682539684,16.5988430700293,14.7501569299708,15.6745,0.248740475770913,40.9545824156404,15.7228,15.3273574632918,-1.62793267925292,-1.32422789490341
"14609847","2011-12-02",22.7594712699891,0.333333333333332,0.270634920634921,0.206084656084658,16.4901937192001,14.7528062807999,15.6215,0.345649473030845,44.639606899337,15.6864,15.3223764681862,-1.50438093332328,-1.36025850258738
"14609846","2011-12-05",21.3949524532899,0.403225806451613,0.31694828469022,0.265702338282985,16.3844684646146,14.7628648687188,15.5736666666667,0.376459737854321,45.8527007679229,15.6496,15.324726272428,-1.36439042357378,-1.36108488678466
"14609845","2011-12-06",20.4627032996638,0.357142857142857,0.364567332309268,0.317383512544804,16.2741899122129,14.7744767544538,15.5243333333333,0.34819319248564,43.786147259662,15.594,15.3134294361043,-1.29125094968846,-1.34711809936542
"14609844","2011-12-07",19.7314335063189,0.409090909090907,0.389819857561793,0.357111824853761,16.1311534137242,14.8065132529425,15.4688333333333,0.312150242231429,42.9522504136522,15.564,15.2983055112904,-1.24017856226475,-1.32573019194529
"14609843","2011-12-08",18.4451846700584,0.25,0.338744588744588,0.36437725953855,16.0762531094452,14.7920802238881,15.4341666666667,0.317651759120348,40.0754685362661,15.5108,15.2665314431183,-1.25931383614513,-1.31244692078525
"14609842","2011-12-09",17.2508107506736,0.561643835616437,0.406911581569115,0.378492009291833,15.9878040264956,14.8125293068378,15.4001666666667,0.434625213962128,45.4183766807375,15.4676,15.2643272507026,-1.16088193838277,-1.28213392430476
"14609841","2011-12-12",16.2986257483609,0.767123287671231,0.526255707762557,0.423970626025421,15.9068796566121,14.8424536767212,15.3746666666667,0.558247356952282,49.2643694587479,15.4356,15.2824169506089,-0.992154145485846,-1.22413796854098
"14609840","2011-12-13",16.4340237926155,0.635416666666664,0.654727929984778,0.529298406438818,15.7944282975136,14.9065717024864,15.3505,0.743470249449489,50.5160396100519,15.4056,15.3047613571944,-0.822571747458567,-1.14382472432449
"14609839","2011-12-14",16.4676139662951,0.614583333333331,0.672374429223743,0.617786022323693,15.721454425524,14.9462122411426,15.3338333333333,0.748739474216296,49.9848374983883,15.3732,15.3214598429018,-0.69076850988351,-1.0532134814363
"14609838","2011-12-15",16.4988048418548,0.729166666666664,0.65972222222222,0.662274860476915,15.6658712834364,14.9777953832303,15.3218333333333,0.817067734244582,52.9173429888733,15.3628,15.3505985305149,-0.522459856032387,-0.947062756355515
"14609837","2011-12-16",16.5277677977316,0.65333333333333,0.665694444444442,0.665930365296803,15.6748564564791,14.9744768768542,15.3246666666667,0.807452329561982,52.9173429888733,15.3476,15.3758520597796,-0.384746111453382,-0.834599427375089
"14609836","2011-12-19",16.5546619710458,0.648648648648645,0.677049549549547,0.667488738738738,15.6632934936122,14.9800398397211,15.3216666666667,0.819549455886427,52.9173429888733,15.3372,15.397738451809,-0.27254938768112,-0.722189419436295
"14609835","2011-12-20",16.2840430196196,0.581081081081079,0.627687687687685,0.656810560560559,15.6801111597123,14.9815555069544,15.3308333333333,0.727851089656584,51.212651545947,15.3176,15.4100399915678,-0.207467526449046,-0.619245040838845
"14609834","2011-12-21",16.0327539932952,0.567567567567566,0.599099099099097,0.634612112112111,15.6904414662229,14.9805585337771,15.3355,0.712945909469661,50.8597636454819,15.3068,15.4193679926921,-0.159298683647802,-0.527255769400637
"14609833","2011-12-22",15.3029359323503,0.459459459459458,0.536036036036035,0.587607607607607,15.6989443346161,14.9963889987172,15.3476666666667,0.626680412847641,48.0096466634307,15.2952,15.4167855936665,-0.161111514471102,-0.45402691841473
"14609832","2011-12-23",14.3241681715228,0.39189189189189,0.472972972972972,0.536036036036036,15.686098807915,15.043901192085,15.365,0.528547806596296,46.2646200730987,15.2944,15.4078808478443,-0.186573231708831,-0.40053618107355
"14609831","2011-12-27",13.4153123936116,0.459459459459458,0.436936936936936,0.481981981981982,15.6566889460219,15.1143110539782,15.3855,0.526734128017923,48.2887718548388,15.2888,15.4068300681317,-0.178538034749487,-0.356136551808737
"14609830","2011-12-28",12.9566036883468,0.324324324324324,0.391891891891891,0.433933933933934,15.6267008771913,15.1719657894754,15.3993333333333,0.354860551158429,44.6649697376346,15.2924,15.3925860590475,-0.222001903116387,-0.329309622070267
"14609829","2011-12-29",12.530659890601,0.272727272727272,0.352170352170352,0.393666393666394,15.6279681077834,15.1776985588833,15.4028333333333,0.493707472912025,48.8025931647167,15.2952,15.3935745845078,-0.201748892447939,-0.303797476145802
"14609828","2011-12-30",11.9166651227675,0.199999999999999,0.265683865683865,0.336582036582037,15.6198574865136,15.2058091801531,15.4128333333333,0.493156998133255,48.8025931647167,15.31,15.3944313065734,-0.183581507352915,-0.279754282387224
"14609827","2012-01-03",12.9829759367295,0.185185185185184,0.219304152637486,0.279052790163902,15.6354775679372,15.2095224320628,15.4225,0.791501747975791,48.8025931647167,15.3256,15.3951737990303,-0.167255322367177,-0.257254490383215
"14609826","2012-01-04",13.9731216925514,0.462962962962962,0.282716049382716,0.255901355901356,15.65,15.2126666666667,15.4313333333333,0.771341463414606,55.0933992915889,15.354,15.4158172924929,-0.0749031556944058,-0.220784223445453
"14609825","2012-01-05",15.6423744556102,0.740740740740737,0.462962962962962,0.321661054994389,15.694628837029,15.2100378296377,15.4523333333333,1.0454771741563,60.3412560828916,15.38,15.4537083201605,0.0756722109467978,-0.161492936567003
"14609824","2012-01-06",18.0346150016994,0.679999999999998,0.627901234567899,0.457860082304527,15.771722783607,15.1999438830597,15.4858333333333,1.20685830883191,63.6921341519633,15.404,15.5012138774725,0.249070140141194,-0.0793803212253635
"14609823","2012-01-09",20.255981223068,0.679999999999998,0.700246913580245,0.597037037037036,15.8055957237032,15.2277376096302,15.5166666666667,1.01915858355861,63.6921341519633,15.4308,15.5423853604761,0.381579307084734,0.012811604436656
"14609822","2012-01-10",22.9335322460282,0.864197530864196,0.741399176954731,0.689849108367626,15.9058810670271,15.1987855996396,15.5523333333333,1.18496172818468,68.9479509247333,15.4592,15.603400645746,0.577756302040022,0.125800543957329
"14609821","2012-01-11",24.238221612685,0.57142857142857,0.705208700764255,0.715618263766411,15.9669895742676,15.1890104257324,15.578,0.978161915650824,60.0755557134987,15.4784,15.6322805596465,0.632327908413566,0.227106016848577
"14609820","2012-01-12",25.263384151897,0.538461538461536,0.658029213584768,0.701545697101252,15.9975451905807,15.186121476086,15.5918333333333,0.809949038347481,58.7193236960892,15.5004,15.6533098183603,0.652387502849616,0.312162314048785
"14609819","2012-01-13",26.5634873979086,0.824175824175822,0.644688644688643,0.669308853012556,16.0709868322209,15.1660131677791,15.6185,0.987859500610194,65.9035791383553,15.5344,15.7062018425789,0.792579629069046,0.408245777052837
"14609818","2012-01-17",28.0660576318276,0.802197802197801,0.72161172161172,0.674776526628378,16.1401605978499,15.1515060688168,15.6458333333333,0.945892190231939,64.966947646661,15.5732,15.7493749302351,0.882561652936853,0.50310895222964
"14609817","2012-01-18",29.8170005737551,0.952830188679243,0.859734605017623,0.742011657105997,16.2584359460343,15.1118973872991,15.6851666666667,1.05951018403397,71.1490078034481,15.6156,15.8241249395371,1.08359761131884,0.619206684047481
"14609816","2012-01-19",31.8772860398838,0.924369747899158,0.893132579592068,0.824826302073805,16.4109585168813,15.0583748164521,15.7346666666667,1.08801043741764,74.4444972882442,15.6596,15.9142416142655,1.32247805597292,0.759860958432568
"14609815","2012-01-20",32.1591562782712,0.689075630252099,0.855425188943501,0.869430791184398,16.4764904422731,15.0698428910602,15.7731666666667,0.84609475053899,63.0202318034563,15.6904,15.9550093990301,1.35301333172091,0.878491433090237
"14609814","2012-01-23",32.4208929282025,0.689075630252099,0.767507002801119,0.83868825711223,16.5259353589631,15.0937313077035,15.8098333333333,0.786388427896095,63.0202318034563,15.722,15.9903414791594,1.36102603357373,0.974998353186936
"14609813","2012-01-24",30.9496013797384,0.298076923076922,0.558742727860374,0.727224973201666,16.5307005455588,15.1376327877746,15.8341666666667,0.564007415409922,51.2848194880538,15.7348,15.9729626152715,1.17217533752683,1.01443375005491
"14609812","2012-01-25",29.8081403648928,0.449438202247192,0.478863585192071,0.601704438617856,16.5442238618648,15.1964428048019,15.8703333333333,0.675349944336162,57.0296902736076,15.7572,15.9899009332353,1.13059591023823,1.03766618209158
"14609811","2012-01-26",28.0472582116987,0.175,0.307505041774705,0.448370451609051,16.5393155286735,15.2600178046598,15.8996666666667,0.568006061737554,52.3228475858899,15.7728,15.9819141421372,1.00031947022086,1.03019683971743
"14609810","2012-01-27",26.4121533551614,0.175,0.266479400749065,0.350949342571948,16.5139894258144,15.3450105741856,15.9295,0.500427723734515,52.3228475858899,15.7904,15.9749922565189,0.886877812214348,1.00153303421682
"14609809","2012-01-30",25.901320750606,0.525,0.291666666666668,0.288550369730147,16.5138196103757,15.426847056291,15.9703333333333,0.726623324027492,58.815742679842,15.8196,16.0063266223164,0.927528540517519,0.986732135476957
"14609808","2012-01-31",25.4576002234198,0.537499999999998,0.4125,0.323548689138579,16.5000987228417,15.5222346104916,16.0111666666667,0.720378268594066,59.0303364583493,15.8524,16.0348164060076,0.953474511887209,0.980080610759007
"14609807","2012-02-01",24.9013791251706,0.500000000000001,0.520833333333334,0.408333333333335,16.4904743582378,15.5978589750955,16.0441666666667,0.68204929364755,58.0530610943357,15.886,16.0555075518732,0.947785821128111,0.973621652832828
"14609806","2012-02-02",24.3848881053678,0.465753424657533,0.501084474885845,0.478139269406394,16.4652309756584,15.6881023576749,16.0766666666667,0.65870388823584,58.3008786249529,15.918,16.0747732116235,0.937333333961532,0.966363989058569
"14609805","2012-02-03",23.9052893012651,0.465753424657533,0.477168949771689,0.499695585996957,16.4554716467364,15.7461950199303,16.1008333333333,0.639813808771923,58.3008786249529,15.954,16.0914701167403,0.918325772431916,0.956756345733238
"14609804","2012-02-06",24.0539131821214,0.520547945205477,0.484018264840181,0.487423896499239,16.4692994252869,15.7713672413798,16.1203333333333,0.728771032986072,59.4132389849082,15.9876,16.111274101175,0.912654737746066,0.947936024135804
"14609803","2012-02-07",24.191921071488,0.561643835616437,0.515981735159816,0.492389649923897,16.468206942662,15.817793057338,16.143,0.695260284052407,60.2692730702628,16.0224,16.1324375543516,0.912494938523434,0.94084780701333
"14609802","2012-02-08",23.8813686052274,0.679999999999997,0.587397260273971,0.529132420091324,16.4745955437057,15.829071122961,16.1518333333333,0.595271376300588,57.2358282200904,16.0544,16.1414458804381,0.867252608845437,0.926128767379751
"14609801","2012-02-09",24.0293477122592,0.719999999999996,0.653881278538811,0.585753424657534,16.4798023819598,15.8551976180402,16.1675,0.653430359275406,57.8880009676866,16.0812,16.1519197630463,0.831755015252877,0.907254016954377
"14609800","2012-02-10",22.9985387964962,0.319999999999999,0.573333333333331,0.604870624048706,16.4595854823575,15.8940811843092,16.1768333333333,0.240349748286437,49.7218961989073,16.094,16.1343304613068,0.695651528885399,0.864933519340581
"14609799","2012-02-13",22.969231088697,0,0.346666666666666,0.52462709284627,16.4605221855998,15.8908111477335,16.1756666666667,0.256016663253345,45.8877348235171,16.098,16.1044197331326,0.526622469461491,0.797271309364763
"14609798","2012-02-14",22.9420167885977,0.377777777777773,0.232592592592591,0.384197530864197,16.4609620202711,15.8963713130622,16.1786666666667,0.443321773469834,52.0426089265479,16.1088,16.1011637687149,0.472377869013574,0.732292621294525
"14609797","2012-02-15",23.5005477863959,0.814814814814816,0.39753086419753,0.32559670781893,16.4707325093147,15.8922674906854,16.1815,0.848911907951806,59.8530497419721,16.1228,16.1343419328862,0.558136587672609,0.697461414570142
"14609796","2012-02-16",24.4426282189027,0.79411764705882,0.66223674655047,0.430786734446865,16.4612936127493,15.8983730539174,16.1798333333333,1.06283844738378,62.3018901961066,16.148,16.1764296751681,0.667981747062929,0.691565481068699
"14609795","2012-02-17",25.4050372733614,0.746478873239435,0.785137111704358,0.614968240817454,16.5046589858762,15.8790076807904,16.1918333333333,0.99255338262964,61.8953061532401,16.174,16.2115723851457,0.74105028669611,0.701462442194182
"14609794","2012-02-21",26.3293337066603,0.999999999999998,0.846865506766085,0.764746455006972,16.5789642406805,15.8457024259862,16.2123333333333,1.06960100512085,66.3841225585654,16.1972,16.2673627337929,0.882684619536889,0.737706877662723
"14609793","2012-02-22",27.4925201586535,0.768292682926826,0.838257185388753,0.823419934619733,16.6253666065723,15.8673000600944,16.2463333333333,0.97093490889247,62.6210114923785,16.2176,16.3037143692872,0.938830448889938,0.777931591908166
"14609792","2012-02-23",28.6328499219537,0.773809523809521,0.847367402245448,0.844163364800097,16.6790096612263,15.8653236721071,16.2721666666667,0.931575167033151,63.1213114378643,16.2276,16.3378857867156,0.98150300972637,0.818645875471807
"14609791","2012-02-24",29.6917275593039,0.880952380952377,0.807684862562908,0.831103150065704,16.7275968535412,15.8857364797922,16.3066666666667,0.939502810130222,65.3676833070592,16.2336,16.3795010151535,1.04721311604048,0.864359323585541
"14609790","2012-02-27",31.0210653751652,0.79569892473118,0.816820276497693,0.823957513768684,16.7650541714499,15.9266124952168,16.3458333333333,0.938313135448018,65.3676833070592,16.2508,16.4155675464664,1.08628105672188,0.90874367021281
"14609789","2012-02-28",32.4877011003012,0.831683168316829,0.836111491333462,0.820205543464689,16.8351178239132,15.9155488427535,16.3753333333333,0.969060333885282,67.8882436571577,16.272,16.4601585402708,1.15255700459946,0.957506337090141
"14609788","2012-02-29",34.6919033493786,0.640287769784172,0.755889954277394,0.802940574036184,16.9333328001704,15.8913338664963,16.4123333333333,1.03199030768562,69.0992308048851,16.3096,16.5054707349014,1.21493663410275,1.00899239649266
"14609787","2012-03-01",36.7386625806649,0.827338129496401,0.766436355865801,0.786145933825553,17.0591410945214,15.8588589054786,16.459,1.06736657947335,74.487164371174,16.348,16.5794079702479,1.37443702432696,1.08208132205952
"14609786","2012-03-02",38.1413391102448,0.784172661870502,0.750599520383692,0.757641943508963,17.1391295584232,15.8628704415769,16.501,0.922328031106939,71.3934931353346,16.3908,16.6354869075482,1.45365796413626,1.15639665047487
"14609785","2012-03-05",39.4438244591405,0.754098360655737,0.788536384007546,0.768524086752347,17.1986392121318,15.8833607878682,16.541,0.848975541248591,71.3934931353346,16.4336,16.6840886532084,1.49831255995876,1.22477983237165
"14609784","2012-03-06",36.9381361078512,0,0.512757007508746,0.683964303966663,17.1971374502236,15.8965292164431,16.5468333333333,0.384541199443141,44.1201436700168,16.4344,16.6235434994473,1.14768501401281,1.20936086869988
"14609783","2012-03-07",35.4523527617356,0.439252336448596,0.397783565701444,0.566358985739247,17.2272571213284,15.9254095453383,16.5763333333333,0.717895452507892,55.3359347541325,16.4536,16.633737699521,1.08516254392055,1.18452120374401
"14609782","2012-03-08",33.5949173711749,0.317757009345794,0.25233644859813,0.387625673936108,17.2268043634672,15.9678623031995,16.5973333333333,0.528595438293902,52.2142173838778,16.4688,16.6252393395849,0.961455026785374,1.13990796835229
"14609781","2012-03-09",32.5346977353753,0.439252336448596,0.398753894080995,0.349624636126858,17.2400052999321,16.0083280334013,16.6241666666667,0.642759258542272,54.9510942581913,16.4888,16.6352074276402,0.915944320070117,1.09511523869585
"14609780","2012-03-12",31.5502080735614,0.719626168224297,0.492211838006229,0.381100726895119,17.2449354457867,16.1003978875466,16.6726666666667,0.785996148380343,60.5642743841591,16.5208,16.6838464372882,1.01332732259409,1.0787576554755
"14609779","2012-03-13",29.5684537757389,0.448598130841121,0.535825545171338,0.475597092419522,17.2053878272371,16.2169455060963,16.7111666666667,0.596616664379326,53.6102814305767,16.5396,16.6873335789831,0.939084772678278,1.05082307891606
"14609778","2012-03-14",27.7282533563324,0.523364485981306,0.563862928348908,0.530633437175493,17.1677380281615,16.3225953051719,16.7451666666667,0.596433416253868,55.1404841945539,16.5604,16.7010224351187,0.908410575032081,1.02234057813926
"14609777","2012-03-15",26.3487685418152,0.532710280373831,0.501557632398753,0.533748701973001,17.1604832051501,16.3781834615167,16.7693333333334,0.624419487703329,55.3387977271128,16.5844,16.7142194437695,0.87871802787729,0.993616068086867
"14609776","2012-03-16",25.9448559349558,0.401869158878504,0.485981308411214,0.517133956386293,17.1608236432849,16.4155096900485,16.7881666666667,0.614269518632819,51.8808563673324,16.602,16.7069901846003,0.778585993729419,0.950610053215377
"14609775","2012-03-19",25.5697942285864,0.485981308411214,0.473520249221183,0.487019730010384,17.150381768465,16.4529515648683,16.8016666666667,0.454595217552412,53.8761755255817,16.6312,16.7127248266536,0.734240723501123,0.907336187272526
"14609774","2012-03-20",25.4739828548453,0.626168224299062,0.50467289719626,0.488058151609553,17.1570924220906,16.4732409112428,16.8151666666667,0.624052271564241,57.0712169484413,16.6708,16.7376948497664,0.762618822656824,0.878392714349386
"14609773","2012-03-21",25.659028400923,0.626168224299062,0.579439252336446,0.519210799584631,17.1627893361145,16.5005439972189,16.8316666666667,0.653518130963671,57.0712169484413,16.7036,16.7593355364642,0.775972489523258,0.85790866938416
"14609772","2012-03-22",25.8308564079952,0.626168224299062,0.626168224299062,0.570093457943924,17.1649965132306,16.5276701534361,16.8463333333334,0.610356856032116,57.0712169484413,16.7256,16.778090798269,0.777442398701989,0.841815415247726
"14609771","2012-03-23",26.6250592530612,0.626168224299062,0.626168224299062,0.610591900311525,17.1774283807221,16.5472382859446,16.8623333333333,0.713163193846716,57.0712169484413,16.7436,16.7943453584998,0.769616135726725,0.827375559343526
"14609770","2012-03-26",27.7503224626842,0.594936708860757,0.615757719152961,0.62269805591703,17.2143573822393,16.5536426177607,16.884,0.897549261478866,60.5056980763303,16.7676,16.8270993106998,0.820991810197502,0.826098809514321
"14609769","2012-03-27",28.7952097287626,0.999999999999998,0.740368311053272,0.660764751501767,17.2992145131751,16.5241188201582,16.9116666666667,1.0784232029316,67.0037573903061,16.7968,16.8981527359398,1.00272546447258,0.861424140505972
"14609768","2012-03-28",30.2553558656868,0.967741935483868,0.854226214781541,0.736784081662593,17.4241493892322,16.4595172774345,16.9418333333334,1.15119817076797,70.2935238458819,16.8376,16.9863990378145,1.2263913208475,0.934417576574277
"14609767","2012-03-29",29.1102962353125,0.376344086021506,0.781362007168457,0.791985511001092,17.4134918357127,16.4608414976207,16.9371666666667,0.614942487942951,54.2694374806216,16.8556,16.9895458327726,1.12856580762704,0.973247222784829
"14609766","2012-03-30",28.1575764108389,0.419354838709677,0.587813620071684,0.741133947340562,17.4182682111419,16.4607317888581,16.9395,0.653693022261911,55.0715973392233,16.8716,16.9976063884029,1.05781726642202,0.990161231512268
"14609765","2012-04-02",27.2729080023991,0.483870967741934,0.426523297491039,0.598566308243728,17.4305313671531,16.4608019661803,16.9456666666667,0.683212622499031,56.3095854938962,16.89,17.0125922032825,1.01841777824128,0.99581254085807
"14609764","2012-04-03",26.4514301945621,0.483870967741934,0.462365591397848,0.492234169653525,17.3998141838178,16.5628524828489,16.9813333333334,0.653730650420067,56.3095854938962,16.9044,17.0255799095115,0.97585694860991,0.991821422408438
"14609763","2012-04-04",26.4314018360264,0.483870967741934,0.483870967741934,0.457586618876942,17.4223342498026,16.5736657501974,16.998,0.73016446754436,56.3095854938962,16.9168,17.0368359215767,0.931321867425372,0.979721511411825
"14609762","2012-04-05",26.3651279244648,0.416666666666668,0.461469534050178,0.469235364396655,17.4129533305529,16.6297133361138,17.0213333333334,0.60043749964912,55.9884437902358,16.9184,17.0452577986998,0.881084427673162,0.959994094664092
"14609761","2012-04-09",25.9597947318949,0.188405797101452,0.362981143836685,0.4361072152096,17.4123273127274,16.6556726872726,17.034,0.52555106739973,53.6805589764854,16.9196,17.0432234255398,0.798909389546232,0.92777715364052
"14609760","2012-04-10",25.4334792159373,0.144927536231885,0.250000000000002,0.35815022596229,17.4127989186633,16.6565344146701,17.0346666666667,0.471791174621162,52.6783556470867,16.9196,17.0374603021345,0.711391745089252,0.884500071930266
"14609759","2012-04-11",24.446970383926,0,0.111111111111113,0.241364084982601,17.40771575429,16.6742842457101,17.041,0.353201470884235,49.3696203257514,16.9464,17.0191322618499,0.587882226759406,0.825176502896094
"14609758","2012-04-12",23.530926468487,0.144927536231885,0.0966183574879236,0.152576489533014,17.4036842431293,16.6956490902041,17.0496666666667,0.42985282374541,52.5773676975615,16.9584,17.0165812936032,0.531299838622279,0.766401170041331
"14609757","2012-04-13",22.4175728879044,0.0724637681159427,0.0724637681159427,0.093397745571661,17.4010334037378,16.7066332629289,17.0538333333334,0.350470460428791,50.8428700327731,16.9736,17.0077037877895,0.457470940648053,0.704615124162676
"14609756","2012-04-16",23.7074319995216,0,0.0724637681159427,0.0805152979066044,17.4059965158044,16.728336817529,17.0671666666667,0.607477740698869,47.4699334036412,16.9796,16.9866766160842,0.347466840876431,0.633185467505427
"14609755","2012-04-17",24.9051583174519,0.333333333333333,0.135265700483092,0.0933977455716604,17.3971379358621,16.7745287308046,17.0858333333334,0.592353276393787,56.4855305540192,16.9852,17.0071197339397,0.393483894616575,0.585245152927657
"14609754","2012-04-18",24.8807385851427,0.0574712643678129,0.130268199233715,0.112665889277585,17.3937966790497,16.7845366542837,17.0891666666667,0.298936422840013,48.9916533932177,16.9928,16.9928371027477,0.312372249425619,0.530670572227249
"14609753","2012-04-19",24.858063119427,0.172413793103447,0.187739463601531,0.151091121106114,17.3915991986989,16.7967341346344,17.0941666666667,0.397735911876045,51.8576152037034,17.0012,16.9937921557147,0.292217773024595,0.482980012386718
"14609752","2012-04-20",24.8370073298338,0.172413793103447,0.134099616858235,0.150702426564495,17.3876872700598,16.811979396607,17.0998333333334,0.378700055091261,51.8576152037034,17.0092,16.9946198682861,0.273095000211421,0.441003009951659
"14609751","2012-04-23",24.8174555252116,0.172413793103447,0.172413793103447,0.164750957854406,17.3876185745818,16.8123814254183,17.1,0.326158654486356,51.8576152037034,17.0228,16.9953372191812,0.254998854450572,0.403802178851441
"14609750","2012-04-24",25.5373415296984,0.287356321839081,0.210727969348658,0.172413793103448,17.3878970574456,16.8124362758878,17.1001666666667,0.586597271144027,55.0144797659532,17.0368,17.0092922566237,0.284834765878572,0.380008696256868
"14609749","2012-04-25",26.2058071052932,0.425287356321837,0.295019157088121,0.226053639846743,17.3629034480403,16.824429885293,17.0936666666667,0.753184822366652,58.5287966332906,17.0496,17.0373866224072,0.361118872535049,0.376230731512504
"14609748","2012-04-26",27.0245566137169,0.54022988505747,0.417624521072796,0.30779054916986,17.2728176805203,16.8895156528131,17.0811666666667,1.12309436441531,61.2458012083883,17.0664,17.0750684060863,0.46331066172054,0.393646717554111
"14609747","2012-04-27",27.784824014396,0.54022988505747,0.501915708812259,0.40485312899106,17.3119812603836,16.8776854062831,17.0948333333334,1.01846377196716,61.2458012083883,17.0832,17.1077259519414,0.537779706506369,0.422473315344563
"14609746","2012-04-30",28.0279872296961,0.459770114942528,0.513409961685823,0.477650063856961,17.3303509279604,16.8756490720396,17.103,0.823288761824628,58.1527886409122,17.0972,17.1266958250159,0.557169940884461,0.449412640452542
"14609745","2012-05-01",28.2537816439032,0.459770114942528,0.486590038314175,0.500638569604087,17.3454839444084,16.8731827222583,17.1093333333334,0.797832527356773,58.1527886409122,17.1056,17.1431363816805,0.565914440868331,0.4727130005357
"14609744","2012-05-02",28.5014768080824,0.459770114942528,0.459770114942527,0.486590038314176,17.3608537963237,16.8721462036764,17.1165,0.779990193301679,58.1527886409122,17.1012,17.1573848641231,0.566239054219775,0.491418211272515
"14609743","2012-05-03",28.7314794605346,0.459770114942528,0.459770114942527,0.468710089399745,17.3684526710903,16.8702139955764,17.1193333333334,0.762257173295294,58.1527886409122,17.0888,17.1697335489067,0.559979285565548,0.505130426131122
"14609742","2012-05-04",28.9450533520972,0.83333333333333,0.584291187739462,0.501277139208173,17.3821281520125,16.8715385146542,17.1268333333334,0.741224376005491,58.1527886409122,17.0984,17.1804357423858,0.54864483407695,0.513833307720287
"14609741","2012-05-07",29.1433719656912,0.83333333333333,0.708812260536396,0.584291187739463,17.3950118276862,16.8783215056471,17.1366666666667,0.719344796097681,58.1527886409122,17.1064,17.1897109767343,0.533473666148354,0.517761379405901
"14609740","2012-05-08",27.510408883244,0.0624999999999983,0.576388888888886,0.623164112388249,17.3947242281544,16.8792757718456,17.137,0.273013191584907,46.1952764809488,17.1028,17.1670828465031,0.408726842446017,0.495954472013924
"14609739","2012-05-09",26.1130051974219,0.0312500000000047,0.309027777777778,0.531409642401021,17.3878864603556,16.8947802063111,17.1413333333333,0.253940794021229,45.7547587407618,17.0988,17.1461384669693,0.301627101273549,0.457088997865849
"14609738","2012-05-10",24.5312674345592,0,0.031250000000001,0.305555555555556,17.3901440291584,16.8895226375083,17.1398333333333,0.160754941426836,43.9494002231991,17.0932,17.1226533380401,0.19559401299436,0.404790000891551
"14609737","2012-05-11",22.9180136768443,0,0.0104166666666682,0.11689814814815,17.3898088157861,16.8901911842139,17.14,0.126380946406372,43.0350672883097,17.0872,17.0996328929681,0.100883778720573,0.344008756457356
"14609736","2012-05-14",21.2914860332065,0,-2.08166817117217e-17,0.0138888888888908,17.3948991532515,16.8647675134152,17.1298333333333,0.135625093559179,42.0920149200696,17.0832,17.0770151739057,0.0161072710809451,0.278428459382074
"14609735","2012-05-15",20.1347668310545,0,-2.08166817117217e-17,0.00347222222222381,17.39773033204,16.8409363346267,17.1193333333334,0.165944674576061,40.6529469744747,17.0792,17.0534131507183,-0.0646163284585111,0.209819501813957
"14609734","2012-05-16",20.308306058879,0.238095238095239,0.0793650793650798,0.0264550264550277,17.395069777541,16.8535968891257,17.1243333333334,0.393500361882484,47.1403289358117,17.0832,17.0462913972892,-0.0803796225065878,0.151779676949848
"14609733","2012-05-17",19.3364504911959,0,0.0793650793650798,0.0529100529100543,17.4032000856098,16.8321332477236,17.1176666666667,0.118842047504676,40.065487862904,17.0772,17.0201192109839,-0.162120386764097,0.0889996642070587
"14609732","2012-05-18",20.9890580321316,0,0.0793650793650798,0.0793650793650809,17.5564669964237,16.5995330035764,17.078,-0.379196830316385,20.120261896966,17.0364,16.8747699828527,-0.658221319354113,-0.0604445325051756
"14609731","2012-05-21",22.5236221772861,0.0751879699248129,0.0250626566416043,0.0612642717905891,17.6629545920909,16.4077120745758,17.0353333333333,-0.207964121886076,24.5187599876436,17.0036,16.762133985139,-0.995757708161704,-0.247507167636481
"14609730","2012-05-22",22.2289301740791,0.537878787878788,0.204355585934534,0.102927773980407,17.6560568744302,16.3666097922365,17.0113333333333,0.235287055942884,44.5695231970397,16.9836,16.7458494537872,-0.959624740417098,-0.389930682192605
"14609729","2012-05-23",21.9552875996725,0.583333333333332,0.398800030378978,0.20940609098504,17.6347288268946,16.3356045064387,16.9851666666667,0.285624827728359,46.0865562874155,16.9756,16.7397361932822,-0.891817562274921,-0.490308058209068
"14609728","2012-05-24",22.0102543103399,0.507575757575758,0.542929292929293,0.382028303080936,17.5985605564416,16.3031061102251,16.9508333333333,0.254912261926854,43.9286729743145,16.9596,16.7211047008446,-0.876286449554853,-0.567503736478225
"14609727","2012-05-25",22.0612948273882,0.527559055118111,0.539489382009067,0.493739568439114,17.5564925540694,16.2731741125973,16.9148333333333,0.254672477883029,43.9286729743145,16.9436,16.7049574073986,-0.854235518294988,-0.624850092841578
"14609726","2012-05-29",22.1086895932188,0.527559055118111,0.520897955937327,0.534438876958563,17.5186180355086,16.2460486311581,16.8823333333333,0.278139147170952,43.9286729743145,16.9276,16.6909630864122,-0.827306918265558,-0.665341457926374
"14609725","2012-05-30",20.6198204579321,0.574803149606299,0.543307086614174,0.534564808186857,17.4727721500009,16.2415611833325,16.8571666666667,0.410250961864783,45.8294122430799,16.91,16.6868346748905,-0.768132368444518,-0.685899640030003
"14609724","2012-05-31",19.237299118023,0.606299212598424,0.569553805774278,0.54458628277526,17.4206505730353,16.2383494269647,16.8295,0.390467838561768,47.1164628753626,16.8892,16.6885900515718,-0.693888349404004,-0.687497381904803
"14609723","2012-06-01",17.9535293023931,0.606299212598424,0.595800524934382,0.569553805774279,17.3627352316379,16.2412647683621,16.802,0.409047983571431,47.1164628753626,16.8644,16.6901113780289,-0.627804081337002,-0.675558721791243
"14609722","2012-06-04",16.6782157870042,0.622047244094487,0.611548556430445,0.592300962379703,17.2978207826614,16.2531792173386,16.7755,0.44687172917261,47.8351655956715,16.8404,16.694096527625,-0.559306442300933,-0.652308265893181
"14609721","2012-06-05",15.4939960941431,0.622047244094487,0.616797900262466,0.608048993875765,17.2239694727033,16.2740305272968,16.749,0.46947172221936,47.8351655956715,16.8192,16.6975503239417,-0.499258657995372,-0.621698344313619
"14609720","2012-06-06",14.7507753082056,0.67289719626168,0.638997228150218,0.622447894947711,17.1906971446105,16.2719695220562,16.7313333333334,0.429612798092549,45.3342849010549,16.7952,16.6912102807495,-0.479970066507129,-0.593352688752321
"14609719","2012-06-07",14.0606417212636,0.727272727272723,0.67407238920963,0.643289172540772,17.1537847930906,16.2725485402428,16.7131666666667,0.435885524662164,45.3342849010549,16.7712,16.6857155766495,-0.459406383522676,-0.566563427706392
"14609718","2012-06-08",13.4198033905318,0.696629213483141,0.698933045672515,0.670667554344122,17.1222850815427,16.2720482517907,16.6971666666667,0.444525260473077,45.3342849010549,16.7472,16.6809534997629,-0.438074414200973,-0.540865625005308
"14609717","2012-06-11",12.8247392262808,0.15624999999999,0.526717313585285,0.633240916155811,17.0908107413244,16.2731892586756,16.682,0.460862085110152,45.3342849010549,16.7232,16.6768263664612,-0.416380721645337,-0.515968644333314
"14609716","2012-06-12",12.2721796451906,0.15624999999999,0.336376404494374,0.520675587917392,17.0595062029851,16.2758271303483,16.6676666666667,0.477456758405909,45.3342849010549,16.6992,16.6732495175997,-0.394648546052534,-0.491704624677158
"14609715","2012-06-13",12.1041303093338,0,0.10416666666666,0.322420128248774,17.024383508768,16.2786164912321,16.6515,0.444352594008328,43.0078606652009,16.6824,16.6634829152531,-0.397066888884989,-0.472777077518724
"14609714","2012-06-14",11.9480844974667,0.0312499999999936,0.0624999999999946,0.167681023720344,16.9493354123287,16.3079979210047,16.6286666666667,0.470894159597392,43.630903487218,16.6664,16.656351859886,-0.389679086778549,-0.456157479370689
"14609713","2012-06-15",11.8031848150187,0.0312499999999936,0.0208333333333291,0.0624999999999956,16.9096878635,16.3186454698334,16.6141666666667,0.492950308283574,43.630903487218,16.652,16.6501716119012,-0.379470152581052,-0.440820014012762
"14609712","2012-06-18",12.4193350161814,0.74999999999999,0.270833333333326,0.118055555555551,16.9049633350249,16.3860366649752,16.6455,0.919776715874796,56.3574429485968,16.6476,16.6754820636477,-0.257028909762813,-0.404061793162772
"14609711","2012-06-19",14.0836465063993,0.545454545454541,0.442234848484842,0.244633838383833,16.8700364927052,16.5046301739615,16.6873333333334,1.31005714684327,58.9604759135639,16.6464,16.7054177884947,-0.129607682673283,-0.349170971064874
"14609710","2012-06-20",15.6290786044587,0.545454545454541,0.613636363636358,0.442234848484843,16.906728001111,16.4922719988891,16.6995,1.01593735447657,58.9604759135639,16.6464,16.7313620833621,-0.0284417741246323,-0.285025131676826
"14609709","2012-06-21",17.064122695514,0.545454545454541,0.545454545454541,0.533775252525248,16.9341098693745,16.4842234639589,16.7091666666667,0.924181151144175,58.9604759135639,16.6424,16.7538471389138,0.0510312740717778,-0.217813850527105
"14609708","2012-06-22",19.4562453109098,0.499999999999996,0.530303030303026,0.563131313131309,16.9824934639685,16.4725065360315,16.7275,1.0343274211013,58.9604759135639,16.6444,16.7733341870586,0.112626689887829,-0.151725742444118
"14609707","2012-06-25",21.6775020252059,0.999999999999997,0.681818181818178,0.585858585858583,17.0781581772958,16.4368418227042,16.7575,1.18998708177614,70.7095619554876,16.6952,16.8302229621175,0.301796351856454,-0.0610213235840039
"14609706","2012-06-26",25.0364513987392,0.495999999999997,0.66533333333333,0.625818181818179,17.2249373975911,16.3730626024089,16.799,1.24071918029344,71.2994710525721,16.7428,16.8821932338351,0.455385233113437,0.0422599877554842
"14609705","2012-06-27",28.1554758170201,0.623999999999997,0.706666666666664,0.684606060606058,17.3314397339684,16.3322269326983,16.8318333333334,1.07195023850124,75.5430825291198,16.7724,16.9485674693238,0.645247610388555,0.162857512282098
"14609704","2012-06-28",31.4188023170421,0.767999999999997,0.62933333333333,0.667111111111109,17.4804114503855,16.2755885496145,16.878,1.11862480606598,79.2586121857508,16.8068,17.0300918067473,0.869991582414609,0.3042843263086
"14609703","2012-06-29",33.1395070616095,0.607999999999998,0.666666666666664,0.667555555555554,17.5695970445843,16.2654029554157,16.9175,0.938968405664951,67.0667879016444,16.8372,17.0740795658476,0.941584330674061,0.431744327181693
"14609702","2012-07-02",34.924143470516,0.976190476190474,0.784063492063489,0.693354497354496,17.7318446153007,16.2151553846993,16.9735,1.07131018175451,76.2949566976196,16.8864,17.174868957068,1.20479574879613,0.58635461150458
"14609701","2012-07-03",37.1747394040629,0.589285714285715,0.724492063492062,0.725074074074073,17.8636445683976,16.1943554316025,17.029,0.97984497253593,66.4780557407155,16.9264,17.2315530961256,1.28902279732395,0.726888248668453
"14609700","2012-07-05",39.2645784852137,0.767857142857142,0.777777777777777,0.76211111111111,17.988938093105,16.1923952402284,17.0906666666667,0.950494866870218,71.6094009934265,16.9759999999999,17.3206793499755,1.47759681253496,0.877029961441755
"14609699","2012-07-06",41.6704537658244,0.602649006622515,0.653263954588457,0.7185112652861,18.1041136029427,16.206553063724,17.1553333333334,0.918783301108189,66.1564810591511,17.018,17.3779221033121,1.53811515173838,1.00924699950108
"14609698","2012-07-09",43.6241255870657,0.551724137931033,0.640743429136897,0.690595053834378,18.1551553482786,16.2605113183881,17.2078333333334,0.759767354131991,64.3961971069078,17.058,17.4208658228705,1.54436760292926,1.11627112018672
"14609697","2012-07-10",45.6262891988143,0.510344827586207,0.554905990713252,0.616304458146203,18.1978818665481,16.325118133452,17.2615,0.746605231173396,62.2555058805646,17.0947999999999,17.4500837131544,1.50381423654418,1.19377974345821
"14609696","2012-07-11",47.3107901733293,0.489655172413792,0.517241379310344,0.570963599720165,18.2261024352754,16.4028975647246,17.3145,0.716925703955863,61.1607400657139,17.1303999999999,17.4714058847338,1.44097897264999,1.24321958929656
"14609695","2012-07-12",48.8749696496647,0.517241379310343,0.50574712643678,0.52596483215346,18.2310942334222,16.5039057665779,17.3675,0.675140122694696,62.1172905893633,17.1704,17.495218433436,1.39338964269227,1.27325359997571
"14609694","2012-07-13",50.3748223433428,0.478260869565216,0.495052473763117,0.506013659836748,18.2290489419545,16.6199510580456,17.4245,0.702287258752256,64.4729922624766,17.2144,17.5291893089779,1.38550090493736,1.29570306096804
"14609693","2012-07-16",51.7675427017582,0.469026548672566,0.488176265849375,0.496325288683092,18.2045567059367,16.7584432940633,17.4815,0.685670084929339,64.4729922624766,17.2584,17.5586307344475,1.36320049786629,1.30920254834769
"14609692","2012-07-17",52.0209217890819,0.242424242424244,0.396570553554008,0.459933097722168,18.1876992999014,16.8529673667653,17.5203333333334,0.589655955398831,58.1792624501056,17.2964,17.5641466365211,1.26192979703466,1.29974799808508
"14609691","2012-07-18",49.2649558498418,0,0.237150263698936,0.373965694367441,18.1697250256111,16.8926083077223,17.5311666666667,0.240691933612667,40.9566404916229,17.3104,17.488927084985,0.895327998971385,1.21886399826234
"14609690","2012-07-19",46.9912604179278,0.429629629629627,0.22401795735129,0.285912924868079,18.1392108054391,16.9937891945609,17.5665,0.546707692164954,54.8657350117372,17.3496,17.5010701403203,0.862119423923779,1.14751508339463
"14609689","2012-07-20",43.8097006450582,0.125925925925927,0.185185185185185,0.215451135411805,18.0864883816767,17.0895116183233,17.588,0.241217639684794,46.5225503004607,17.372,17.4569274549443,0.639184027704132,1.04584887225653
"14609688","2012-07-23",40.6962166605672,0.11111111111111,0.222222222222221,0.210475121586233,18.041932921685,17.1674004116483,17.6046666666667,0.189738997442236,46.1538534345759,17.3935999999999,17.416003794285,0.447859511165305,0.926251000038285
"14609687","2012-07-24",37.8051243892542,0.28148148148148,0.172839506172839,0.193415637860083,18.0198491006587,17.2164842326746,17.6181666666667,0.315567405830827,50.9664735702195,17.4152,17.4112032883804,0.398174104348992,0.820635620900426
"14609686","2012-07-25",36.1641365295695,0.0296296296296289,0.140740740740739,0.178600823045267,18.0384029871433,17.17693034619,17.6076666666667,0.0499953820498863,44.6179551786514,17.4208,17.3617095165963,0.19862240660935,0.696232978042211
"14609685","2012-07-26",35.3395786989903,0,0.103703703703703,0.139094650205761,18.0978285427946,17.0715047905388,17.5846666666667,-0.124884040658446,40.1792765033974,17.4152,17.2814815810501,-0.0895711577921676,0.539072150875335
"14609684","2012-07-27",34.5739178563096,0.14782608695652,0.0591519055287161,0.101198783324387,18.1302133400975,16.9737866599026,17.552,-0.00327444875442836,43.8327248587091,17.4164,17.2346173702435,-0.236577452491438,0.383942230201981
"14609683","2012-07-30",34.6130501334621,0,0.0492753623188398,0.0707103238504206,18.2011345743211,16.8231987590122,17.5121666666667,-0.0942463533033018,38.7371451316674,17.404,17.1486683875443,-0.507610952701432,0.205631593621298
"14609682","2012-07-31",34.6493872479607,0.267241379310343,0.138355822088954,0.0822610299788378,18.18578823479,16.7445450985434,17.4651666666667,0.107861676872539,45.0136449926113,17.392,17.1155126025384,-0.570637550430853,0.0503777648108682
"14609681","2012-08-01",35.6433647912229,0,0.0890804597701142,0.0922372147259705,18.2188453441923,16.5744879891411,17.3966666666667,-0.069624761788774,37.6446361843916,17.3572,17.0134442555333,-0.871492821503383,-0.133996352451982
"14609680","2012-08-02",36.5663439385377,0.128571428571428,0.131937602627257,0.119791294828776,18.1920548605735,16.4689451394265,17.3305,0.0625157678110159,41.0461450090308,17.3232,16.9489850214622,-1.01437378953865,-0.310071839869315
"14609679","2012-08-03",36.378388033125,0.211678832116788,0.113416753562739,0.111478271986704,18.1193957738271,16.4199375595063,17.2696666666667,0.184409225943976,43.0892784848867,17.2864,16.9077870186006,-1.06363174165596,-0.460783820226644
"14609678","2012-08-06",36.6563215462608,0.029629629629629,0.123293296772615,0.122882550987538,18.0930483654274,16.3309516345727,17.212,0.122419517791951,39.7200796036944,17.2476,16.8387487494538,-1.2090472533852,-0.610436506858354
"14609677","2012-08-07",36.5939293641677,0.22222222222222,0.154510227989545,0.130406759441634,18.0336390160903,16.292694317243,17.1631666666667,0.260762073444497,44.573962348623,17.2004,16.8135822495267,-1.18656565224868,-0.72566233593642
"14609676","2012-08-08",36.5359937665098,0.407407407407405,0.219753086419751,0.165852203727305,17.9624327716692,16.2829005616642,17.1226666666667,0.367423401980476,48.8397625131048,17.1724,16.8251046162564,-1.03679160848791,-0.787888190446718
"14609675","2012-08-09",36.7048073106724,0.325925925925924,0.318518518518516,0.230927277642605,17.8900473256265,16.2729526743735,17.0815,0.354780712340254,47.1212952863474,17.128,16.8204240007556,-0.959807613485131,-0.8222720750544
"14609674","2012-08-10",36.8615627445376,0.346153846153846,0.359829059829058,0.299366888255776,17.7895270404818,16.2814729595182,17.0355,0.36373167740198,47.3028247168538,17.09,16.8177008006548,-0.883814487885204,-0.834580557620561
"14609673","2012-08-13",37.3938243986058,0.211382113821137,0.294487295300302,0.32427829121596,17.6782633727038,16.2787366272962,16.9785,0.236696707505433,44.1982000453737,17.0464,16.7900073605675,-0.904485231487051,-0.848561492393859
"14609672","2012-08-14",36.5776248805931,0.437499999999999,0.331678653324994,0.328665002818119,17.5702342424874,16.3040990908459,16.9371666666667,0.402195801788769,47.333012554947,17.0116,16.7873397124919,-0.834448940153709,-0.845738981945829
"14609671","2012-08-15",35.844572572767,0.585714285714285,0.411532133178473,0.345899360601257,17.5410521006478,16.2939478993523,16.9175,0.411127447715904,47.1547118094616,16.9776,16.7836944174929,-0.774826306288712,-0.831556446814406
"14609670","2012-08-16",35.7549316206195,0.262295081967213,0.428503122560499,0.390571303021323,17.4132263253887,16.3217736746113,16.8675,0.273237987168985,42.8127424638263,16.932,16.7472018284939,-0.83832845516657,-0.832910848484839
"14609669","2012-08-17",35.0213095062967,0.484374999999999,0.444128122560499,0.428054459433158,17.3432868817489,16.3357131182512,16.8395,0.431022419878464,46.0241615845163,16.8884,16.735574918028,-0.807283758898092,-0.827785430567489
"14609668","2012-08-20",34.3400889715684,0.937499999999998,0.561390027322403,0.478007090814468,17.2756700879637,16.3663299120364,16.821,0.656523748868967,51.6743955998275,16.8564,16.7641649289576,-0.635598276215676,-0.789347999697127
"14609667","2012-08-21",33.7352231699286,0.916666666666668,0.779513888888888,0.595010679590598,17.146802630238,16.4438640364287,16.7953333333333,0.72951269819889,51.4742969549711,16.83,16.7876096050966,-0.498672401041977,-0.731212879966097
"14609666","2012-08-22",34.4382758166582,0,0.618055555555555,0.65298649058895,17.068184097445,16.457815902555,16.763,0.189258601194235,41.7292846477676,16.8052,16.7332616577504,-0.652178838904316,-0.715406071753741
"14609665","2012-08-23",35.1992037961725,0,0.305555555555556,0.567708333333334,17.0774766271895,16.3881900394772,16.7328333333333,-0.06991292205056,40.83722057084,16.7548,16.6781601033837,-0.794402095895075,-0.731205276582008
"14609664","2012-08-24",36.234455838415,0,-3.33066907387547e-16,0.307870370370371,17.0949806196871,16.2923527136462,16.6936666666667,-0.131675021743139,38.0623797017265,16.7132,16.6050720895992,-0.988783481499989,-0.782720917565604
"14609663","2012-08-27",37.404743847474,0,-3.33066907387547e-16,0.101851851851852,17.1427625744857,16.1845707588477,16.6636666666667,-0.0952183310537155,36.2475535000673,16.6672,16.524395810986,-1.19385078305638,-0.86494689066376
"14609662","2012-08-28",37.7567296360482,0.13131313131313,0.0437710437710431,0.0145903479236816,17.1316510189206,16.1286823144127,16.6301666666667,0.101017793607991,39.3612346463924,16.6172,16.4718097028545,-1.2793733498942,-0.947832182509847
"14609661","2012-08-29",38.0835735825815,0.191919191919193,0.107744107744107,0.0505050505050509,17.1454850303588,16.0915149696413,16.6185,0.128231058986054,40.7983889129541,16.5832,16.4342350758072,-1.30336782459755,-1.01893931092739
"14609660","2012-08-30",38.3870715329337,0.202020202020201,0.175084175084175,0.108866442199776,17.1573160985582,16.0420172347752,16.5996666666667,0.141650610751032,41.0491594288247,16.5608,16.4030037323663,-1.30286754895176,-1.07572495853226
"14609659","2012-08-31",38.6688910582608,0.202020202020201,0.198653198653198,0.160493827160494,17.1530877328282,15.9929122671718,16.573,0.178496907544086,41.0491594288247,16.5316,16.3759365680508,-1.2879431858273,-1.11816860399127
"14609658","2012-09-04",37.9833908585157,0.373737373737375,0.259259259259259,0.210998877665545,17.1509313365112,15.9774019968221,16.5641666666667,0.33454468490909,45.5929317364827,16.5228,16.375145025644,-1.17886962936414,-1.13030880906584
"14609657","2012-09-05",38.2346611772046,0.0101010101010117,0.195286195286196,0.217732884399552,17.1454617949361,15.9182048717307,16.5318333333334,0.148131271318903,38.7768158539239,16.4872,16.3264590222248,-1.25576406053524,-1.15539985935972
"14609656","2012-09-06",37.9645383346585,0.282828282828284,0.222222222222223,0.225589225589227,17.0987694208344,15.9062305791656,16.5025,0.34137483823842,45.3729996220111,16.4844,16.3202644859282,-1.17012420021301,-1.15834472753038
"14609655","2012-09-07",36.1592884645047,0.363636363636363,0.218855218855219,0.212121212121213,17.0594793232998,15.9095206767003,16.4845,0.501884125723172,47.1885804214154,16.4776,16.3255625544711,-1.05058858997075,-1.13679350001845
"14609654","2012-09-10",34.7709932672795,0.262626262626264,0.303030303030303,0.248035914702583,17.0178130083692,15.9121869916308,16.465,0.477388375796572,45.1677432750676,16.4624,16.3168208805416,-0.993832828717578,-1.10820136575828
"14609653","2012-09-11",33.4818620127132,0.718749999999999,0.448337542087542,0.323407687991022,17.0315730759722,15.9097602573612,16.4706666666667,0.725230682405183,54.2420612834196,16.4744,16.3665780964694,-0.728075005944773,-1.03217609379558
"14609652","2012-09-12",32.2848115620445,0.887499999999998,0.622958754208754,0.4581088664422,17.0188139900023,15.9145193433311,16.4666666666667,0.741481444712684,54.6182496321877,16.4768,16.4123676836068,-0.502160548382524,-0.926172984712966
"14609651","2012-09-13",31.4976565959354,0.762499999999997,0.789583333333331,0.620293209876543,16.9969271494354,15.9217395172314,16.4593333333334,0.686634091256519,52.3028858889816,16.4652,16.4387186591259,-0.368212820434666,-0.814580951857306
"14609650","2012-09-14",29.4098501524612,0.444444444444443,0.698148148148146,0.703563411896744,17.0120587949699,15.9182745383635,16.4651666666667,0.748220797072303,50.2387080757883,16.4544,16.4495561712424,-0.302760673855651,-0.712216896256975
"14609649","2012-09-17",28.1461754573767,0.795620437956205,0.667521627466881,0.718417702982787,17.1066232297169,15.8660434369498,16.4863333333334,1.06989482185824,60.9378270984422,16.4664,16.5362820150768,0.0322167884368563,-0.563330159318209
"14609648","2012-09-18",26.9727632405125,0.854014598540145,0.69802649364693,0.687898756420653,17.1654175782383,15.8322490884284,16.4988333333334,1.03594125983417,62.1467705462134,16.4892,16.6221110797332,0.331291078266616,-0.384405911801244
"14609647","2012-09-19",26.1103882550174,0.919708029197079,0.856447688564476,0.740665269892763,17.2428573280467,15.7888093386201,16.5158333333334,1.03700657681953,63.5148245232698,16.5092,16.7084962691021,0.603349364674877,-0.18685485650602
"14609646","2012-09-20",25.3096114827719,0.970802919708028,0.914841849148417,0.823105343786609,17.3660752189651,15.7425914477017,16.5543333333334,0.985991923027343,64.5868499091148,16.5324,16.7926967665552,0.841349615283149,0.0187860378518138
"14609645","2012-09-21",24.4691952257646,0.956204379562043,0.94890510948905,0.906731549067315,17.4757667533196,15.7318999133471,16.6038333333334,0.916411763800786,64.0081669949771,16.5648,16.8630038643478,1.00734261589257,0.216497353459965
"14609644","2012-09-24",23.6888087014006,0.970802919708028,0.965936739659366,0.943227899432279,17.5680085202493,15.7553248130841,16.6616666666667,0.876053838831416,64.3521324245739,16.592,16.9266033491014,1.13426363814264,0.4000506103965
"14609643","2012-09-25",23.5040014519696,0.91869918699187,0.94856882875398,0.954470225967466,17.6529332438213,15.8034000895121,16.7281666666667,0.875860613824082,65.2463354353452,16.6096,16.9883895692212,1.24330866650895,0.56870222161899
"14609642","2012-09-26",23.217605491992,0.902439024390244,0.930647043696714,0.948384204036687,17.7258909328684,15.8474424004649,16.7866666666667,0.826510587196414,64.5488490265104,16.6268,17.0392709599917,1.30436205848175,0.715834188991541
"14609641","2012-09-27",21.8844025554898,0.739837398373985,0.853658536585366,0.910958136345354,17.7631590799521,15.9141742533813,16.8386666666667,0.731478373348134,57.8849284948359,16.6584,17.0567014986595,1.24343681430934,0.821354714055101
"14609640","2012-09-28",20.4505743356608,0.628865979381442,0.75704746738189,0.847117682554657,17.7815899069242,15.9994100930758,16.8905,0.694237789013627,56.6257991945115,16.6908,17.0664746321716,1.16277673294209,0.889639117832499
"14609639","2012-10-01",19.0178982810018,0.608247422680412,0.658983600145279,0.756563201370846,17.7822065251008,16.0991268082326,16.9406666666667,0.656063116936251,55.9702328786238,16.73,17.0722780145487,1.07696648025082,0.927104590316163
"14609638","2012-10-02",17.6875562302469,0.608247422680412,0.615120274914088,0.67705044748042,17.7885042553813,16.1761624112855,16.9823333333334,0.637067707328477,55.9702328786238,16.7744,17.0773076126089,0.99745214783975,0.941174101820881
"14609637","2012-10-03",16.9318530856508,0.505154639175259,0.573883161512027,0.615995678857132,17.730640241461,16.3346930918724,17.0326666666667,0.553010602888362,52.4491206427293,16.8096,17.068333264261,0.877103321449946,0.928359945746694
"14609636","2012-10-04",15.9342439819555,0,0.371134020618556,0.520045819014891,17.6881680209447,16.457498645722,17.0728333333334,0.535617473072634,52.0961705998347,16.842,17.0592221623596,0.768164907782776,0.89632093815391
"14609635","2012-10-05",15.0078926713812,0.244897959183675,0.250017532786311,0.398344904972299,17.6595957171929,16.5520709494738,17.1058333333334,0.536869002412841,55.9287919327209,16.8788,17.067325874045,0.730160862016316,0.863088922926391
"14609634","2012-10-08",14.6472233624095,0.714285714285717,0.319727891156463,0.313626481520444,17.6225577931045,16.6804422068956,17.1515,0.714234151613491,62.1752400173294,16.9248,17.1050157575056,0.799332033262967,0.850337544993707
"14609633","2012-10-09",16.0261373434439,0.430379746835442,0.463187806768278,0.344311076903685,17.6395763463728,16.7400903202939,17.1898333333334,0.833709093820136,61.7653381936976,16.9636,17.1363469898382,0.839410349577063,0.848152105910378
"14609632","2012-10-10",17.3065574686902,0.620253164556959,0.588306208559372,0.457073968828038,17.6440505576019,16.8116161090649,17.2278333333334,0.818944032730254,65.4453163728275,17.0228,17.1835007245264,0.930599719735503,0.864641628675403
"14609631","2012-10-11",18.5623711329921,0.632911392405063,0.561181434599154,0.537558483308935,17.6124107316262,16.9279226017072,17.2701666666667,0.84551366146842,65.6824524649248,17.0716,17.2257006279229,0.995530462814709,0.890819395503264
"14609630","2012-10-12",17.7003205238151,0,0.41772151898734,0.522403054048623,17.5408231166469,17.0378435500198,17.2893333333334,0.163339537888475,45.9751694637194,17.094,17.1849405441999,0.76620149125064,0.865895814652739
"14609629","2012-10-15",16.9861372141126,0.689655172413791,0.440855521606284,0.47325282506426,17.5934213616361,17.0269119716973,17.3101666666667,1.02926454293313,59.5095395728794,17.1444,17.2296151383066,0.855935820251985,0.863903815772589
"14609628","2012-10-16",16.65578998481,0.824742268041234,0.504799146818341,0.454458729137322,17.6828748967025,16.9937917699642,17.3383333333334,1.13611096589763,62.8504273391154,17.1856,17.2949997865323,1.00823841272297,0.892770735162665
"14609627","2012-10-17",16.382887988849,0.948979591836736,0.821125677430586,0.588926781951738,17.7802821075351,16.9533845591317,17.3668333333334,1.10446827336519,64.8789272087477,17.2312,17.3689998149947,1.17477252705387,0.949171093540906
"14609626","2012-10-18",16.408401945495,0.326530612244895,0.700084157374287,0.675336327207739,17.781647849034,16.9550188176327,17.3683333333334,0.506048662471369,50.848510661339,17.2564,17.3517998396621,1.01120625961393,0.961578126755511
"14609625","2012-10-19",15.5365952422273,0.836734693877549,0.704081632653059,0.741763822485978,17.8437313812886,16.9392686187114,17.3915,0.944278471109516,58.7272261130937,17.3052,17.4035598610405,1.10096927327235,0.989456356058878
"14609624","2012-10-22",16.1874730990382,0.214285714285712,0.459183673469384,0.621116487832244,17.8452151265516,16.9417848734484,17.3935,0.488746594845853,48.5107478034684,17.3064,17.3670852129017,0.878828714315905,0.967330827710283
"14609623","2012-10-23",17.1158659141442,0.0408163265306114,0.36394557823129,0.509070294784578,17.8407693315255,16.9272306684746,17.384,0.335073574047207,46.1036127480772,17.2976,17.3128071845148,0.616400285787178,0.897144719325662
"14609622","2012-10-24",17.4472936007014,0.509803921568626,0.254968654128316,0.359365968609664,17.8613194144964,16.9273472521703,17.3943333333334,0.727344391940442,53.1695223217928,17.3044,17.3297662265795,0.624761136480334,0.842668002756596
"14609621","2012-10-25",17.7550478810759,0.999999999999998,0.516873416033078,0.378595882797562,17.9474544146399,16.9085455853601,17.428,0.992824765340486,59.1738007325868,17.3284,17.4111307297023,0.853518526560904,0.844838107517458
"14609620","2012-10-26",18.0408197128522,0.999999999999998,0.83660130718954,0.536147792450312,18.0199370162923,16.9063963170411,17.4631666666667,0.928213655463112,59.1738007325868,17.3532,17.4816466324086,1.02163386666354,0.880197259346674
"14609619","2012-10-31",18.4288703653132,0.95098039215686,0.983660130718952,0.779044951313857,18.0735569613444,16.9231097053223,17.4983333333334,0.854934423282634,58.3067973573471,17.3752,17.5360937480875,1.1179079588566,0.92773939924866
"14609618","2012-11-01",18.789203114027,0.95098039215686,0.967320261437906,0.929193899782133,18.1158609675174,16.9498056991493,17.5328333333334,0.809162018113016,58.3067973573471,17.3952,17.5832812483425,1.17990373309163,0.978172266017253
"14609617","2012-11-02",19.1237978092612,0.960784313725486,0.954248366013068,0.968409586056642,18.1419436856364,17.0030563143637,17.5725,0.787561358797051,58.4480128947835,17.4164,17.6255104152301,1.21900483279829,1.02633877937346
"14609616","2012-11-05",19.4344928834073,0.959183673469383,0.956982793117243,0.959517140189406,18.1575828181446,17.0657505151888,17.6116666666667,0.764082068787246,58.4480128947835,17.4456,17.6621090265328,1.23529419551207,1.06812986260118
"14609615","2012-11-06",19.7550865378663,0.948979591836732,0.9563158596772,0.955849006269171,18.1633699101565,17.1342967565102,17.6488333333334,0.734353277813269,58.219319449142,17.476,17.6924944896618,1.22911843720217,1.10032757752138
"14609614","2012-11-07",21.105433494978,0.561224489795918,0.823129251700677,0.912142634831707,18.1592442873196,17.1660890460137,17.6626666666667,0.467108196877933,50.1837707447847,17.492,17.6681618910402,1.03885789200264,1.08803364041763
"14609613","2012-11-08",22.2517622548804,0.561224489795918,0.690476190476189,0.823307100618023,18.1604555705328,17.1795444294672,17.67,0.466017988849492,50.1837707447847,17.508,17.6470736389015,0.87795288613326,1.04601748956076
"14609612","2012-11-09",23.2592529725642,0.938775510204078,0.687074829931971,0.733560090702946,18.1817502187411,17.1975831145922,17.6896666666667,0.700169259030805,56.9011730275375,17.5428,17.678130487048,0.909003525903884,1.01861469682938
"14609611","2012-11-12",23.9568113546361,0.969387755102038,0.823129251700677,0.733560090702946,18.2046517192616,17.2160149474051,17.7103333333333,0.712076540783478,57.4027256792946,17.5792,17.7090464221082,0.936219709569319,1.00213569937737
"14609610","2012-11-13",22.6646015340394,0.715328467153285,0.874497244153133,0.794900441928594,18.1954393204953,17.3202273461714,17.7578333333333,0.856675497850437,57.9299660140244,17.612,17.7398402324938,0.960099196719622,0.993728398845821
"14609609","2012-11-14",22.176475646234,0.325842696629213,0.670186306294845,0.789270934049552,18.2025916569732,17.3357416763601,17.7691666666667,0.577868145018871,52.9860499972882,17.6272,17.7385282014946,0.873308893479074,0.969644497772472
"14609608","2012-11-15",21.7232158932719,0.268292682926828,0.436487948903108,0.660390499783696,18.2008038678179,17.3335294655155,17.7671666666667,0.464832353037232,52.9860499972882,17.6428,17.737391107962,0.795367538850966,0.934789105988171
"14609607","2012-11-16",20.2753510990345,0.20731707317073,0.26715081757559,0.457941690924515,18.1956047574653,17.3323952425347,17.764,0.545566380644543,51.7661238650381,17.6504,17.7297389602337,0.702759123984587,0.888383109587454
"14609606","2012-11-19",19.6389476121589,0,0.158536585365852,0.287391783948184,18.1759901163991,17.375009883601,17.7755,0.285055036795052,45.6535392473508,17.6468,17.6871070988692,0.500559350354024,0.810818357740768
"14609605","2012-11-20",19.048001517203,0.0978260869565216,0.101714386709083,0.175800596550176,18.1729451699403,17.3603881633931,17.7666666666667,0.315397567442784,47.8634998909926,17.67,17.6621594856867,0.376901383696815,0.724034962931977
"14609604","2012-11-21",18.9165154260693,0,0.0326086956521733,0.09761988924237,18.1557356246832,17.3939310419835,17.7748333333334,0.200491869111486,45.0159877570147,17.664,17.6232048875951,0.216821479805573,0.622592266306697
"14609603","2012-11-23",18.7944211985879,0.520833333333334,0.206219806763285,0.113514296374847,18.0978079117324,17.516525421601,17.8071666666667,0.625297655735092,55.886378980896,17.67,17.6561109025824,0.315161329319036,0.561106078909164
"14609602","2012-11-26",20.1654842749436,0,0.173611111111111,0.137479871175523,18.1393331323363,17.4483335343303,17.7938333333333,-0.156777999065361,44.9711616428282,17.648,17.6086294489048,0.130644464362795,0.47501375599989
"14609601","2012-11-27",19.8014682739987,0,0.173611111111111,0.184480676328502,18.1443036886273,17.3900296447061,17.7671666666667,0.0220569991698567,43.2169459107781,17.646,17.5528121890508,-0.065748371411245,0.366861330517663
"14609600","2012-11-28",19.4634534159784,0.25438596491228,0.0847953216374262,0.144005847953216,18.1263755492734,17.37095778406,17.7486666666667,0.263486278858941,48.8785800340092,17.6356,17.5431038971774,-0.0872404158814843,0.276040981237834
"14609599","2012-11-29",19.1495824763882,0.31578947368421,0.190058479532163,0.149488304093567,18.1090341599376,17.3576325067291,17.7333333333333,0.322553846183311,50.1700903454758,17.6524,17.5440233775537,-0.0712396998889475,0.206584845012478
"14609598","2012-11-30",18.6600326606516,0.359649122807018,0.309941520467836,0.194931773879142,18.0910692063834,17.3512641269499,17.7211666666667,0.403803490074468,51.1200011001167,17.678,17.5514869272132,-0.0351512271779431,0.158237630574393
"14609597","2012-12-03",18.2054506888962,0.429824561403508,0.368421052631578,0.289473684210526,18.0720388149169,17.3506278517498,17.7113333333334,0.488910620425153,52.6745074957685,17.6876,17.5686220035848,0.0298599907344377,0.132562102606402
"14609596","2012-12-04",17.0787323919667,0.534883720930229,0.441452468380251,0.373271680493222,18.0565647561656,17.3534352438344,17.705,0.597184561499574,52.0065705095295,17.676,17.5794724031068,0.0667838143402433,0.119406444953171
"14609595","2012-12-05",15.8825422916084,0.488372093023253,0.484360125118996,0.431411215376942,18.0387334813441,17.3555998519892,17.6971666666667,0.552942301641345,51.0765763778148,17.6628,17.5835427493592,0.0767804252286286,0.110881241008262
"14609594","2012-12-06",14.7717943412757,0.488372093023253,0.503875968992244,0.476562854163831,18.0428042490434,17.3618624176233,17.7023333333333,0.545525180815127,51.0765763778148,17.6516,17.587070382778,0.0837327899690932,0.105451550800428
"14609593","2012-12-07",13.7403855302524,0.530120481927708,0.502288222658071,0.496841438923104,18.0474362059818,17.3682304606849,17.7078333333334,0.557174624334684,51.5786853019199,17.6412,17.5927943317409,0.0972917648212501,0.103819593604593
"14609592","2012-12-10",13.2508331776202,0.466666666666664,0.495053080539208,0.500405757396508,18.0330146018935,17.3709853981066,17.702,0.602714502035581,51.0148369882785,17.6296,17.5950884208422,0.0977309026602313,0.10260185541572
"14609591","2012-12-11",13.0436236923377,0.906249999999998,0.634345716198123,0.543895673131801,18.0708965408639,17.3501034591361,17.7105,1.02650338858731,61.2730649595875,17.636,17.6570766313965,0.300574021785271,0.142196288689631
"14609590","2012-12-12",12.7989440626979,0.895833333333334,0.756249999999998,0.628549598912444,18.0659907665939,17.3530092334062,17.7095,0.977571976482525,60.9675176451619,17.6424,17.709466413877,0.450871227511396,0.203931276453984
"14609589","2012-12-13",12.794321481973,0.895833333333334,0.899305555555555,0.763300423917892,18.106792690444,17.335207309556,17.721,0.947995355055654,60.9675176451619,17.664,17.7548708920267,0.562964545806932,0.275737930324573
"14609588","2012-12-14",12.5169443852883,0.5625,0.784722222222222,0.813425925925925,18.1169015609836,17.3367651056831,17.7268333333334,0.662151120025855,51.4464875071023,17.6728,17.7515547730898,0.500442795422362,0.320678903344131
"14609587","2012-12-17",12.3831064255378,0.328358208955222,0.595563847429518,0.759863875069098,18.1197949818025,17.3368716848641,17.7283333333333,0.634112754609018,50.6479356287568,17.6656,17.7446808033445,0.432283246777332,0.342999772030771
"14609586","2012-12-18",12.2588283200552,0.249999999999998,0.380286069651739,0.586857379767827,18.1294398299709,17.3502268366958,17.7398333333333,0.619992865630981,50.6479356287568,17.6572,17.7387233628986,0.373959359149167,0.349191689454451
"14609585","2012-12-19",12.143427222107,0.236363636363635,0.271573948439618,0.415807955173625,18.138965440374,17.3633678929594,17.7511666666667,0.618833107420053,51.5206528308882,17.6488,17.7375602478454,0.337495518581266,0.346852455279814
"14609584","2012-12-20",12.547580961333,0.0185185185185214,0.168294051627384,0.273384689906248,18.136094913812,17.3739050861881,17.755,0.327252133399431,48.1579222907534,17.6444,17.7218855481327,0.255596313224937,0.328601226868838
"14609583","2012-12-21",14.21560682697,0,0.0849607182940516,0.174942906120352,18.135035151486,17.328964848514,17.732,0.112936987196186,39.1514779272619,17.6256,17.6603008083817,0.0260734058781242,0.268095662670696
"14609582","2012-12-24",15.278598218558,0.44943820224719,0.15598557358857,0.136413447836669,18.1117489903055,17.3895843430278,17.7506666666667,0.448303571112103,50.2783550268048,17.6248,17.6602607005975,0.0263771598738582,0.219751962111328
"14609581","2012-12-26",17.0695062756117,0.134831460674155,0.194756554307114,0.145234282063246,18.1146439871188,17.3846893462145,17.7496666666667,0.00270882646858552,44.1871653642841,17.6236,17.6228926071845,-0.100341122024938,0.155733345284075
"14609580","2012-12-27",18.4355543939199,0.157303370786514,0.247191011235952,0.199311046377213,18.1276100505837,17.3563899494164,17.742,0.0781576065756689,44.7024927988421,17.6196,17.5931735928932,-0.189636949728966,0.0866592862814666
"14609579","2012-12-28",20.0777069972933,0,0.0973782771535556,0.179775280898875,18.1516686336173,17.3043313663828,17.728,0.0184916139335838,41.7935125029485,17.6152,17.5487504471741,-0.321243538723592,0.00507872128045479
"14609578","2012-12-31",21.7304683164674,0,0.0524344569288374,0.132334581772782,18.1781404061738,17.2388595938262,17.7085,0.022507013766165,40.7730228623147,17.5888,17.5035837208842,-0.443856188821146,-0.0847082607398653
"14609577","2013-01-02",24.6872813737233,0,-4.81096644004234e-16,0.0499375780274646,18.2910950452637,17.0299049547363,17.6605,-0.227223178770118,28.4877183410494,17.5524,17.355105891433,-0.911475835267406,-0.250061775645373
"14609576","2013-01-03",26.7747865425779,0.567251461988303,0.189083820662767,0.0805060925305351,18.279321341084,17.0076786589161,17.6435,0.334728206583631,48.323478645782,17.5592,17.3557584392419,-0.823281820607913,-0.364705784637881
"14609575","2013-01-04",28.6619852294918,0.590643274853799,0.3859649122807,0.191682910981156,18.2690757214742,16.9909242785258,17.63,0.369603349754688,48.9522857759781,17.556,17.3616573140097,-0.726388213390672,-0.437042270388439
"14609574","2013-01-07",30.3597773095317,0.631578947368419,0.596491228070173,0.39051332033788,18.2581560407635,16.9798439592365,17.619,0.4173389126226,50.09668180584,17.5528,17.376103005475,-0.610011254587184,-0.471636067228188
"14609573","2013-01-08",30.7385334815196,0.654970760233918,0.625730994152045,0.53606237816764,18.2489689920002,16.9760310079998,17.6125,0.50327326760535,50.7757691173743,17.5492,17.3939559380784,-0.493527391636539,-0.476014332109858
"14609572","2013-01-09",30.2680318328186,0.749999999999998,0.678849902534111,0.63369070825211,18.2489689920002,16.9760310079998,17.6125,0.623729515482764,53.1773904585147,17.548,17.4280951463346,-0.332530976376877,-0.447317660963262
"14609571","2013-01-10",29.8311374447391,0.777777777777775,0.727582846003897,0.677387914230018,18.198640363649,16.9936929696844,17.5961666666667,0.63873358082183,53.1773904585147,17.548,17.4576824601566,-0.202761186303735,-0.398406366031357
"14609570","2013-01-11",27.8341939548841,0.689999999999999,0.739259259259257,0.715230669265755,18.1846856878454,17.0003143121547,17.5925,0.824363349665218,55.3432737654394,17.5544,17.4993247988024,-0.0441869050161192,-0.327562473828309
"14609569","2013-01-14",25.9798892857329,0.909999999999999,0.792592592592591,0.753144899285248,18.2328292559156,16.9725040774178,17.6026666666667,1.02949297904903,62.240329686847,17.5784,17.5940814922954,0.279978988576435,-0.20605418134736
"14609568","2013-01-15",24.2460264741129,0.879227053140096,0.826409017713364,0.786086956521738,18.3160466072364,16.9332867260969,17.6246666666667,0.983573956539456,62.2403296868471,17.6016,17.6762039599894,0.529218910441642,-0.0589995629895599
"14609567","2013-01-16",23.2586248416861,0.911111111111111,0.900112721417068,0.839704777241008,18.4459556342422,16.8707110324245,17.6583333333334,1.03854070177701,65.4731281055209,17.6348,17.7780434319908,0.820379672841987,0.116876284176749
"14609566","2013-01-17",23.5077141081564,0.700374531835206,0.830237565362137,0.852253101497524,18.5649044290135,16.8210955709865,17.693,0.978072274280048,61.0667232158691,17.6428,17.8423043077254,0.956981940515589,0.284897415444517
"14609565","2013-01-18",24.7775876160091,0.862499999999999,0.824661880982105,0.851670722587104,18.8832197476829,16.6481135856504,17.7656666666667,1.18497864933976,71.3380967000489,17.6868,18.016663733362,1.446755581841,0.517269048723813
"14609564","2013-01-22",25.3810563326872,0.815625,0.792833177278401,0.815910874540881,19.1062643170875,16.5767356829125,17.8415,1.01333674679808,68.0782162905925,17.7247999999999,18.1477752355804,1.74279218091811,0.762373675162672
"14609563","2013-01-23",25.9414201410311,0.748878923766816,0.809001307922271,0.808832122060926,19.2910910661359,16.5619089338642,17.9265,0.937310498953964,68.3893366547142,17.7767999999999,18.2654052041697,1.96464784156374,1.00282850844289
"14609562","2013-01-24",27.2369419201391,0.786324786324786,0.783609570030534,0.795148018410402,19.5153360941803,16.5069972391531,18.0111666666667,0.963877264912477,70.5528857399575,17.8384,18.395351176947,2.20416189799908,1.24309518635412
"14609561","2013-01-25",28.4399264293108,0.779735682819383,0.771646464303661,0.788085780752156,19.7009450114567,16.5220549885434,18.1115,0.903232991419618,70.5528857399575,17.8999999999999,18.5079710200208,2.36338028206957,1.46715220549721
"14609560","2013-01-28",29.0938461706019,0.726457399103138,0.764172622749102,0.773142885694432,19.8333026581981,16.5733640084686,18.2033333333334,0.822091951051629,67.736459429878,17.9559999999999,18.5909082173513,2.41159722840185,1.65604121007814
"14609559","2013-01-29",29.2863143342849,0.660287081339714,0.722160054420744,0.752659713824503,19.9216372551383,16.6680294115284,18.2948333333334,0.762836428903439,65.1887592138968,18.0123999999999,18.6494537883712,2.3777623953408,1.80038544713067
"14609558","2013-01-30",29.5943613521252,0.76555023923445,0.717431573225767,0.734588083465205,20.0097599917843,16.785573341549,18.3976666666667,0.785033126085585,68.0370242635568,18.0919999999999,18.7295266165883,2.41679378235435,1.92366711417541
"14609557","2013-01-31",29.8804050115483,0.84771573604061,0.757851018871591,0.732480882172701,20.0149840715732,17.0503492617601,18.5326666666667,0.807176676079055,70.2973532347493,18.1631999999999,18.8242564010432,2.49869764819002,2.03867322097833
"14609556","2013-02-01",28.72860007978,0.581699346405229,0.731655107226763,0.735645899774707,20.037341799912,17.202658200088,18.62,0.697552912090348,61.8661845466207,18.2319999999999,18.8610222142375,2.38927572215859,2.10879372121438
"14609555","2013-02-04",28.75506497926,0.748427672955973,0.725947585133937,0.738484570410764,20.0892484313657,17.3577515686344,18.7235,0.796479686424946,65.7675272145749,18.3119999999999,18.9328859190058,2.40211400911197,2.1674577787939
"14609554","2013-02-05",28.2373912167096,0.642857142857141,0.657661387406114,0.705088026588938,20.0901674518012,17.5428325481988,18.8165,0.718594473991561,62.3336775712445,18.3915999999999,18.9751677964717,2.32073509530355,2.19811324209583
"14609553","2013-02-06",27.7566941514841,0.688311688311687,0.693198834708267,0.692269269082773,20.0707141096551,17.736285890345,18.9035,0.694123195957842,63.2967646898319,18.4759999999999,19.0211454236088,2.25932456008024,2.21035550569271
"14609552","2013-02-07",26.8969472479794,0.2625,0.531222943722943,0.627361055279108,20.0333854400824,17.9249478932509,18.9791666666667,0.644261643947545,60.6714807750775,18.5887999999999,19.0463260337943,2.13893721649472,2.19607184785311
"14609551","2013-02-08",26.1542352319437,0.537499999999998,0.496103896103895,0.573508558178368,19.97365048781,18.1520161788567,19.0628333333334,0.705218649811291,63.8966802610493,18.6715999999999,19.0974825626217,2.11181450595341,2.17922037947317
"14609550","2013-02-11",24.5741032670542,0,0.266666666666666,0.431331168831168,19.883988542719,18.359011457281,19.1215,0.518688805407059,54.490741204436,18.7355999999999,19.0844848876055,1.88666413361482,2.1207091303015
"14609549","2013-02-12",23.1668199714679,0,0.179166666666666,0.313979076479076,19.819748001227,18.5099186654397,19.1648333333334,0.478495926227092,54.0918978974643,18.7959999999999,19.0705535692581,1.68049329093825,2.03266596242885
"14609548","2013-02-13",22.7015705942327,0,-4.07081775695891e-16,0.14861111111111,19.7310256164794,18.6596410501873,19.1953333333334,0.227455472864805,48.3724557485803,18.8428,19.0184797600237,1.37426271600021,1.90098531314312
"14609547","2013-02-14",22.0180737307144,0,-4.07081775695891e-16,0.0597222222222218,19.6688664505991,18.7638002160676,19.2163333333334,0.179949758796761,48.3724557485803,18.884,18.9733491253539,1.11855128395864,1.74449850730623
"14609546","2013-02-15",21.3833980717332,0,-4.07081775695891e-16,-1.94289029309402e-16,19.5984700413507,18.8678632919826,19.2331666666667,-0.00620026936956882,48.3724557485803,18.9252,18.93423590864,0.905361437007479,1.57667109324648
"14609545","2013-02-19",20.7940563883934,0,-4.07081775695891e-16,-1.94289029309402e-16,19.6188495263881,18.7971504736119,19.208,-0.00464542372987369,48.3724557485803,18.9616,18.900337787488,0.727936928702988,1.40692426033778
"14609544","2013-02-20",19.5327374354062,0.267857142857143,0.0892857142857139,0.0297619047619046,19.6190962970228,18.7882370363106,19.2036666666667,0.319062817925979,54.8006938352012,18.9924,18.9109594158229,0.70731887583777,1.26700318343778
"14609543","2013-02-21",18.2089504075547,0.499999999999998,0.25595238095238,0.115079365079365,19.6235528560688,18.7957804772646,19.2096666666667,0.536644534306795,59.5064858692641,19.0336,18.9548314937132,0.792594553741677,1.17212145749856
"14609542","2013-02-22",17.181619108895,0.544642857142855,0.437499999999998,0.260912698412697,19.6109331296645,18.7980668703355,19.2045,0.621586216919483,60.3611651619318,19.0676,18.9995206278848,0.870945353512176,1.11188623670128
"14609541","2013-02-25",16.5281422581289,0.776595744680849,0.607079533941234,0.433510638297871,19.6133769039916,18.7972897626751,19.2053333333334,0.750790211369415,62.4116962908516,19.1136,19.0542512108335,0.972210810958463,1.08395115155272
"14609540","2013-02-26",16.2447708555577,0.42857142857143,0.583270010131711,0.542616514690981,19.6079674609644,18.7910325390357,19.1995,0.423086488719304,52.6370612759489,19.108,19.048351049389,0.872649146598725,1.04169075056192
"14609539","2013-02-27",15.9816402674558,0.545454545454547,0.583540572902275,0.591296705658407,19.6088195803783,18.7928470862885,19.2008333333334,0.470382988591237,54.3687281092419,19.112,19.0552375761372,0.822398090986942,0.997832218646924
"14609538","2013-02-28",15.649401098245,0.870129870129871,0.614718614718616,0.593843065917534,19.6126320925426,18.7923679074575,19.2025,0.679820114887338,58.8674907917553,19.1248,19.0945392326522,0.87813298004924,0.973892370927387
"14609537","2013-03-01",16.2915781597597,0.480519480519481,0.632034632034633,0.610097939885174,19.5835126175408,18.793154049126,19.1883333333334,0.464151292254359,52.2148989192703,19.1172,19.0886006682986,0.786261291868717,0.936366155115653
"14609536","2013-03-04",15.2449099479084,0.624999999999998,0.658549783549783,0.63510101010101,19.6260438434628,18.784622823204,19.2053333333334,0.873970532100395,57.8567400410653,19.1228,19.1274539125254,0.843083075682061,0.917709539228935
"14609535","2013-03-05",14.7674969221787,0.482142857142855,0.529220779220778,0.606601731601731,19.5936751429264,18.7973248570736,19.1955,0.677267050912743,54.497102092383,19.1264,19.1397933908554,0.811049095608163,0.89637745050478
"14609534","2013-03-06",14.5912637315391,0.401785714285713,0.502976190476188,0.563582251082249,19.5833473223175,18.7989860110159,19.1911666666667,0.621755112884775,52.6452556654213,19.1304,19.138487605408,0.739165482755988,0.864935056955022
"14609533","2013-03-07",13.6672291112406,0.446280991735536,0.443403187721367,0.491866719139444,19.596710806324,18.7942891936761,19.1955,0.80885675239415,54.3170037075213,19.1292,19.1493559246869,0.711923380654444,0.834332721694906
"14609532","2013-03-08",12.8091969638205,0.983471074380164,0.610512593467137,0.518963990554898,19.7238693168836,18.7264640164498,19.2251666666667,1.15319484437937,64.1582848998609,19.1464,19.2454418013953,0.952316985598056,0.857929574475536
"14609531","2013-03-11",12.0124528269305,0.999999999999998,0.809917355371899,0.621277712186801,19.8188880106143,18.6767786560524,19.2478333333334,1.06226373079045,64.4123225158315,19.178,19.3313828945426,1.13646029003769,0.913635717587967
"14609530","2013-03-12",11.6631725631291,0.898989898989896,0.960820324456685,0.793750091098574,19.9288996113966,18.6451003886034,19.287,1.00345359450137,64.547626085284,19.198,19.4071985086036,1.27056636124716,0.985021846319806
"14609529","2013-03-13",11.3954056834249,0.595959595959596,0.831649831649829,0.867462503826138,19.9830147400588,18.6506519266079,19.3168333333334,0.812602540235441,57.4863921594034,19.212,19.4329053741231,1.23723797281021,1.03546507161789
"14609528","2013-03-14",10.6896352070894,0.516949152542372,0.670632882497287,0.821034346201267,20.0330045341462,18.6913287991872,19.3621666666667,0.833786563820498,57.8176941650519,19.224,19.45785132424,1.20504535353116,1.06938112800054
"14609527","2013-03-15",10.034276907635,0.516949152542372,0.543285967014779,0.681856227053965,20.0729663324832,18.7397003341835,19.4063333333334,0.80276529003321,57.8176941650519,19.2404,19.4794711476747,1.16592705844072,1.08869031408858
"14609526","2013-03-18",9.42572991528449,0.964912280701751,0.666270195262164,0.62672968159141,20.1655865684552,18.7767467648782,19.4711666666667,0.995977528552362,65.9683771691755,19.2692,19.5688749946514,1.33804827468202,1.13856190620727
"14609525","2013-03-19",9.92388603853409,0.756944444444445,0.746268625896188,0.651941596057711,20.2459856688956,18.8426809977711,19.5443333333334,1.00761131776357,65.7103850069512,19.3148,19.6450249953646,1.45216618279229,1.20128276152427
"14609524","2013-03-20",10.3430326640432,0.749999999999999,0.823952241715398,0.745497020957917,20.3317467500787,18.8765865832547,19.6041666666667,0.943822850609573,65.4347945730836,19.3608,19.709688329316,1.51989642112744,1.26500549344491
"14609523","2013-03-21",10.418915097823,0.683823529411764,0.730255991285402,0.76682561963233,20.3934691600538,18.9055308399463,19.6495,0.83413123376694,63.4293838052393,19.416,19.7563965520738,1.52660500478043,1.31732539571201
"14609522","2013-03-22",11.5168636283522,0.0514705882352943,0.495098039215685,0.683102090738829,20.3915395369173,18.9364604630828,19.664,0.451434483570392,45.1297433332015,19.4368,19.6822103451306,1.16686585708115,1.28723348798584
"14609521","2013-03-25",12.5363872638437,0.647058823529413,0.46078431372549,0.562046114742193,20.4453064000203,18.9550269333131,19.7001666666667,0.790661366772874,57.5515585637646,19.49,19.7259156324466,1.19952882484682,1.26969255535803
"14609520","2013-03-26",13.5303948457724,0.612403100775193,0.436977504179966,0.464286619040381,20.469087150154,19.0299128498461,19.7495,0.759755425908687,57.2071861772337,19.5424,19.7611268814537,1.20297249464032,1.25634854321449
"14609519","2013-03-27",14.4534018861348,0.62015503875969,0.626538987688098,0.508100268531185,20.467386204831,19.1139471285024,19.7906666666667,0.654667717959757,57.3446219264658,19.5832,19.7929766305932,1.19569979261989,1.24421879309557
"14609518","2013-03-28",15.3104798521856,0.62015503875969,0.617571059431524,0.560362517099863,20.4740514490975,19.1722818842359,19.8231666666667,0.63584073411035,57.3446219264658,19.6136,19.8205797465141,1.17613140089288,1.23060131465503
"14609517","2013-04-01",16.3035954780401,0.565891472868217,0.602067183462532,0.615392410194051,20.4397110403813,19.2859556262854,19.8628333333334,0.578439501903356,55.8874507340056,19.6392,19.8351691136456,1.11908139970547,1.20829733166512
"14609516","2013-04-02",15.528752870879,0.565891472868217,0.583979328165374,0.60120585701981,20.4529889283212,19.3290110716789,19.891,0.671118436361262,55.8874507340056,19.66,19.8478132318262,1.06155968117265,1.17894980156663
"14609515","2013-04-03",14.8092561642295,0.565891472868217,0.565891472868217,0.583979328165374,20.4341243943695,19.4222089389638,19.9281666666667,0.650045473188706,55.8874507340056,19.6968,19.8587714675827,1.00433815729541,1.14402747271238
"14609514","2013-04-04",14.1411520794835,0.891472868217055,0.674418604651163,0.608096468561585,20.4284476337463,19.5352190329204,19.9818333333334,0.92337053058646,62.9438545474448,19.7468,19.9242686052383,1.11629363189232,1.13848070454837
"14609513","2013-04-05",14.8597560509541,0.565891472868217,0.674418604651163,0.638242894056847,20.386669458081,19.640330541919,20.0135,0.584635365111986,53.6940579968336,19.7699999999999,19.9250327912065,1.02272685220601,1.1153299340799
"14609512","2013-04-08",13.9052839794528,0.521739130434782,0.659701157173351,0.669512788825226,20.421518661623,19.647481338377,20.0345,0.838700291049583,55.536975624355,19.8095999999999,19.940361752379,0.981766020568409,1.0886171513776
"14609511","2013-04-09",13.1426951167938,0.48780487804878,0.525145160450593,0.619754974091702,20.449146105187,19.658853894813,20.054,0.78597017284662,54.6846865576147,19.8343999999999,19.9483135187285,0.922427277987881,1.05537917669966
"14609510","2013-04-10",12.4345768871819,0.50609756097561,0.505213856486391,0.563353391370112,20.4772865542257,19.667380112441,20.0723333333334,0.781102427293883,55.2394982241365,19.8667999999999,19.9592050495647,0.877383378382901,1.01978001703631
"14609509","2013-04-11",11.7770385311137,0.792682926829268,0.595528455284552,0.541962490740512,20.5542775205434,19.6783891461233,20.1163333333334,1.06742390299332,62.9026111478871,19.9215999999999,20.0313110429561,1.01940515452419,1.01970504453388
"14609508","2013-04-12",11.166467200479,0.791208791208788,0.696663093004555,0.599135134925166,20.6304891456571,19.6861775210096,20.1583333333334,1.02066145733425,64.9641925795994,19.9787999999999,20.1138029038952,1.17761552570794,1.05128714076869
"14609507","2013-04-15",10.8828524168646,0.791208791208788,0.791700169748948,0.694630572679352,20.705604349491,19.701395650509,20.2035,1.00769659120674,64.9641925795994,20.0099999999999,20.1852958500425,1.28699050246861,1.09842781310868
"14609506","2013-04-16",10.6194958320798,0.857142857142857,0.813186813186811,0.767183358646771,20.7887503437327,19.6775829896006,20.2331666666667,0.968126304046205,65.8447229150987,20.0427999999999,20.2552564033702,1.38070771750443,1.15488379398783
"14609505","2013-04-17",14.7409691020491,0.225247524752475,0.624533057701373,0.743140013545711,21.223737226104,19.405262773896,20.3145,1.36271947974215,67.7367077849655,20.0803999999999,20.3332222162542,1.48845745016701,1.22159852522366
"14609504","2013-04-18",18.5680514241634,0.507425742574257,0.529938708156529,0.655886193014904,21.5632088165787,19.2387911834213,20.401,1.17930993874586,78.8177082642214,20.1755999999999,20.5527925874203,1.99797290714308,1.37687340160755
"14609503","2013-04-19",19.8396665983892,0.26980198019802,0.334158415841584,0.496210060566495,21.6533684162816,19.2502982503851,20.4518333333334,0.796079577740721,60.0985817200858,20.2315999999999,20.6150869090976,1.99804428333827,1.50110757795369
"14609502","2013-04-22",19.9992785450695,0.133663366336633,0.303630363036303,0.389242495678139,21.6536314868847,19.3693685131154,20.5115,0.620461903829133,52.4176259477139,20.2655999999999,20.5957419878846,1.76238171160055,1.55336240468306
"14609501","2013-04-23",19.4402644635172,0.0272277227722771,0.143564356435643,0.26045104510451,21.652988588443,19.3843447448904,20.5186666666667,0.393328342089581,47.3251023231673,20.2611999999999,20.5216430561666,1.39104276993045,1.52089847773254
"14609500","2013-04-24",20.0838899277374,0.321782178217822,0.16089108910891,0.202695269526952,21.7716823456795,19.3976509876539,20.5846666666667,0.861691375206085,59.152398127054,20.3047999999999,20.6160906486778,1.54569389091241,1.52585756036852
"14609499","2013-04-25",19.689843389147,0.138539042821159,0.162516314603752,0.155657253382769,21.7894787509416,19.4665212490584,20.628,0.602742588477474,51.97128384683,20.3215999999999,20.6072785621874,1.38544055523706,1.49777415934222
"14609498","2013-04-26",19.3239430318845,0.314861460957179,0.258394227332053,0.193933877014905,21.8573692654998,19.5319640678335,20.6946666666667,0.774647475333589,57.6684335567805,20.3691999999999,20.6929747538957,1.51430799199963,1.50108092587371
"14609497","2013-04-29",18.3573262062278,0.195431472081218,0.216277325286518,0.212395955740774,21.8674788407034,19.6291878259633,20.7483333333333,0.624350824580166,53.2920233623536,20.4331999999999,20.7072447867096,1.42388163501972,1.48564106770291
"14609496","2013-04-30",17.6631244380071,0.195928753180661,0.235407228739686,0.236692927119419,21.883680542666,19.7136527906673,20.7986666666667,0.634253275362486,53.3766983342007,20.4651999999999,20.720945481815,1.34058558896513,1.45662997195535
"14609495","2013-05-01",17.0185085103736,0.239185750636133,0.210181991966004,0.220622181997403,21.9008213829783,19.8088452836884,20.8548333333333,0.666588901335099,54.8743842722054,20.5047999999999,20.7554860842397,1.3252963976601,1.4303632570963
"14609494","2013-05-02",16.419936577571,0.374045801526718,0.26972010178117,0.238436440828953,21.9745338879984,19.8531327786683,20.9138333333334,0.795166559455796,59.2674797363877,20.5651999999999,20.8560879396744,1.50077093513825,1.44444479270469
"14609493","2013-05-03",15.978016086759,0.404580152671756,0.339270568278202,0.273057554008459,22.0256174181813,19.9590492484854,20.9923333333333,0.816627993660438,60.2119540914693,20.6303999999999,20.9592762143845,1.6651208471306,1.48858000358987
"14609492","2013-05-06",16.0160196410827,0.417302798982188,0.398642917726887,0.33587786259542,22.1035964049494,20.0300702617173,21.0668333333333,0.847154211526509,60.6216670090436,20.7003999999999,21.0553727191332,1.79208864330904,1.54928173153371
"14609491","2013-05-07",16.051308655812,0.999999999999999,0.607294317217981,0.448402601074357,22.199557907103,20.1061087595637,21.1528333333333,0.904675063477136,63.2312469504523,20.7831999999999,21.1813230232488,1.98997948205777,1.63742128163852
"14609490","2013-05-08",15.335523607919,0.801020408163264,0.739441069048484,0.581792767997784,22.2240251734388,20.2256414932279,21.2248333333333,0.757791670222346,58.1715637119899,20.8504,21.2384799534823,1.97389242988542,1.7047155112879
"14609489","2013-05-09",14.670866063447,0.806122448979592,0.869047619047618,0.738594335104694,22.2625160608863,20.2994839391137,21.281,0.732123897318189,58.2637836304378,20.9011999999999,21.289349293018,1.94188916612121,1.75215024225456
"14609488","2013-05-10",13.7428601382429,0.724489795918367,0.777210884353741,0.795233190816614,22.2763980383855,20.3822686282812,21.3293333333333,0.651696780484228,56.1314080179605,20.9624,21.3121027206156,1.83440715288732,1.76860162438111
"14609487","2013-05-13",12.9004866675524,0.889655172413792,0.806755805770584,0.817671436390648,22.3183390022503,20.4563276644164,21.3873333333334,0.761008077730255,59.8863679462261,21.0344,21.3824890245335,1.87084309064045,1.78904991763298
"14609486","2013-05-14",12.1389983765842,0.937931034482757,0.850692000938306,0.811552897020877,22.3569593155968,20.5347073510699,21.4458333333334,0.76203840593688,60.5561447375808,21.1108,21.4528238212624,1.90315268644077,1.81187047139454
"14609485","2013-05-15",11.5902079310578,0.741666666666666,0.856417624521072,0.83795514374332,22.3425230965262,20.5384769034738,21.4405,0.686340387491894,57.3169962661329,21.1772,21.4844473117607,1.82439145470381,1.81437466805639
"14609484","2013-05-16",10.9629104008264,0.958333333333331,0.879310344827585,0.862139990095654,22.3402788403526,20.5393878263141,21.4398333333333,0.792540375417782,60.0375663342256,21.2352,21.546521003526,1.83783032417173,1.81906579927946
"14609483","2013-05-17",10.7170969450914,0.831932773109243,0.843977591036413,0.85990185346169,22.3843966253634,20.5656033746367,21.475,0.715344249001456,57.7505783973999,21.2812,21.5803182030558,1.77135708651786,1.80952405672714
"14609482","2013-05-20",11.0177856853947,0.558823529411764,0.783029878618113,0.835439271494037,22.3717846842663,20.6628819824004,21.5173333333333,0.567879815435561,54.0547795327255,21.3172,21.5762757759817,1.60658103046434,1.76893545147458
"14609481","2013-05-21",10.7672208344375,0.611111111111107,0.667289137877371,0.764765535843966,22.2450761327709,20.9479238672292,21.5965,0.703137293130305,56.9059625197506,21.3604,21.6047723391842,1.54780329638069,1.7247090204558
"14609480","2013-05-22",10.5984734648179,0.230769230769229,0.4669012904307,0.639073435642061,22.2864624853405,20.9588708479928,21.6226666666667,0.759115823211448,55.5147012064875,21.3948,21.6174693606263,1.45073922952352,1.66991506226935
"14609479","2013-05-23",10.4417794787426,0.230769230769229,0.357549857549855,0.497246761952642,22.241832141118,21.100167858882,21.671,0.642190077993321,55.5147012064875,21.3836,21.6284734458761,1.35809979542241,1.60755200889996
"14609478","2013-05-24",11.1886839956852,0.509090909090908,0.323543123543122,0.382664757174559,22.307209936571,21.1214567300957,21.7143333333333,0.909584949055529,59.5887826312549,21.4236,21.680676986426,1.38776045194822,1.56359369750961
"14609477","2013-05-28",11.3395284692829,0.318181818181816,0.352680652680651,0.344591211257876,22.2830833266291,21.2472500067042,21.7651666666667,0.768543849011169,55.9663981062421,21.4772,21.6979200549025,1.31758496530057,1.5143919510678
"14609476","2013-05-29",11.3260738880102,0.263636363636363,0.363636363636362,0.346620046620045,22.2143183517897,21.3836816482103,21.799,0.461074037308953,54.9387940779302,21.5456,21.7048640475822,1.22546442290783,1.45660644543581
"14609475","2013-05-30",11.71820243561,0.49090909090909,0.357575757575756,0.357964257964257,22.1601727177854,21.5174939488813,21.8388333333333,0.750773285916218,58.3687703889916,21.5764,21.7442155079045,1.23103277386714,1.41149171112207
"14609474","2013-05-31",11.2967222844196,0,0.251515151515151,0.324242424242423,22.1644663338087,21.510200332858,21.8373333333333,-0.000306194816347953,47.472596789096,21.6064,21.6849867735173,0.964219049047954,1.32203717870725
"14609473","2013-06-03",10.9053478583143,0,0.163636363636363,0.257575757575757,22.2153338954465,21.4246661045535,21.82,-0.157671914790836,47.472596789096,21.6083999999999,21.633655203715,0.743988626870862,1.20642746833997
"14609472","2013-06-04",10.9823078389896,0.119047619047618,0.0396825396825392,0.151611351611351,22.216844562978,21.4054887703554,21.8111666666667,0.252061095149832,49.8014761987131,21.6344,21.6091678432196,0.6182272192373,1.08878741851944
"14609471","2013-06-05",11.0537706781881,0.333333333333332,0.15079365079365,0.118037518037517,22.1954535222491,21.4012131444176,21.7983333333333,0.430751443095616,53.7743206451195,21.6708,21.6239454641237,0.612358901681498,0.993501715151849
"14609470","2013-06-06",11.3272303865282,0.460317460317459,0.304232804232803,0.164902998236331,22.2036231131949,21.4077102201385,21.8056666666667,0.6017699307382,55.9967904610599,21.7068,21.6580860689072,0.659689394013308,0.926739250924141
"14609469","2013-06-07",10.5817831709848,0.119047619047618,0.304232804232803,0.253086419753085,22.2033790475861,21.4042876190806,21.8038333333333,0.370060759470877,49.1566087494549,21.7044,21.6303412597196,0.53066250971967,0.847523902683247
"14609468","2013-06-10",9.88958218512303,0.26984126984127,0.283068783068782,0.297178130511462,22.2019083439035,21.4200916560966,21.811,0.434767317204401,51.949610723924,21.7048,21.631629091757,0.493620988624288,0.776743319871455
"14609467","2013-06-11",9.57924849347131,0.23015873015873,0.206349206349206,0.264550264550263,22.1962622390019,21.4160710943314,21.8061666666667,0.462188753100409,51.1532478005532,21.7012,21.6260785461894,0.440526163054122,0.709499888507989
"14609466","2013-06-12",10.2389178943366,0,0.166666666666666,0.218694885361551,22.2853463160738,21.2326536839262,21.759,-0.240007079189673,39.535526642651,21.6492,21.5026014066975,0.0644562119029191,0.580491153186975
"14609465","2013-06-13",10.851468052283,0.0913978494623665,0.107185526540365,0.160067133185412,22.3581377782814,21.0735288883853,21.7158333333333,-0.124703757160627,42.2342700791514,21.6196,21.4182545524711,-0.16910133300112,0.430572655949356
"14609464","2013-06-14",10.3108785828038,0.220994475138122,0.104130774866829,0.125994322691287,22.3433616681534,21.0149716651799,21.6791666666667,0.164380692164668,45.761491024763,21.5988,21.3758206121416,-0.264934484474155,0.291471227864654
"14609463","2013-06-17",9.80890264685892,0.4,0.237464108200163,0.149593469869119,22.3288201408091,20.9728465258576,21.6508333333333,0.241268318597839,48.6951374568728,21.5924,21.3657111971894,-0.262396084429317,0.180697765405859
"14609462","2013-06-18",9.29554816269927,0.533333333333333,0.384775936157152,0.242123606408048,22.325325401634,20.9630079316994,21.6441666666667,0.39417542544352,51.5190782083817,21.5788,21.3836163708975,-0.182705171619035,0.108017178000881
"14609461","2013-06-19",9.45583361999241,0.186666666666667,0.373333333333333,0.331857792563549,22.328590014296,20.8744099857041,21.6015,0.0909493173900005,44.6393271536564,21.5416,21.3298008547778,-0.312535013504078,0.0239067396998888
"14609460","2013-06-20",10.8161233796538,0,0.24,0.332703089830162,22.4272395651643,20.6057604348358,21.5165,-0.186163960115181,36.3056247741645,21.48,21.1724940741408,-0.723357174594863,-0.125546043159062
"14609459","2013-06-21",11.813193453444,0,0.0622222222222222,0.225185185185185,22.4788206567477,20.4015126765857,21.4401666666667,-0.0456581358300367,36.3056247741646,21.408,21.036161530922,-1.04003565201785,-0.308443964930818
"14609458","2013-06-24",13.1280190600057,0,-1.85037170770859e-16,0.100740740740741,22.4744286578209,20.1909046755125,21.3326666666667,-0.0617049247584535,33.6706054671702,21.33,20.8780066601324,-1.39351436912633,-0.52545804576992
"14609457","2013-06-25",13.9553982731004,0.263829787234041,0.087943262411347,0.0500551615445229,22.4017034753702,20.1112965246298,21.2565,0.178441422926205,42.8950232445024,21.2868,20.8236057721148,-1.41941575633314,-0.704249587882564
"14609456","2013-06-26",14.6526258932699,0.272340425531914,0.178723404255318,0.0888888888888882,22.3555888607448,20.0350778059219,21.1953333333334,0.219027410515929,43.1695829269922,21.2348,20.7791250024995,-1.41633925369905,-0.846667521045862
"14609455","2013-06-27",15.7704576856423,0.134782608695652,0.223650940487202,0.163439202384622,22.2702374888501,19.9517625111499,21.111,0.155952005374711,39.7717203558087,21.1732,20.6965750021662,-1.52545815193297,-0.982425647223283
"14609454","2013-06-28",16.4552669098049,0.317391304347825,0.24150477952513,0.214626374755883,22.2288744252202,19.9061255747798,21.0675,0.315950829157031,45.636545111615,21.1284,20.681031668544,-1.43213568799273,-1.07236765537717
"14609453","2013-07-01",16.5049498415158,0.662721893491123,0.371631935511533,0.278929218507955,22.2084297971595,19.8945702028405,21.0515,0.469099248642586,50.4605299877221,21.0864,20.7195607794048,-1.19221387598196,-1.09633689949813
"14609452","2013-07-02",16.5510839923902,0.690909090909089,0.557007429582679,0.390048048206447,22.1487794669565,19.8922205330436,21.0205,0.486483845140648,50.7021190190438,21.0536,20.7556193421509,-0.982997657216955,-1.0736690510419
"14609451","2013-07-03",17.9614838029133,0.115151515151514,0.489594166517242,0.472744510537151,22.0633733006407,19.839293366026,20.9513333333334,0.234122265962619,40.5791651585951,20.9852,20.6602034298641,-1.17390729305481,-1.09371669944448
"14609450","2013-07-05",19.2711407698276,0.115151515151514,0.307070707070705,0.451224101056875,21.9515507361725,19.7664492638275,20.859,0.125189031097456,40.5791651585951,20.9068,20.5775096392155,-1.31150292148199,-1.13727394385198
"14609449","2013-07-08",20.4872508105338,0.115151515151514,0.115151515151514,0.303938796246487,21.8524790342181,19.6995209657819,20.776,0.158144758697219,40.5791651585951,20.8564,20.5058416873201,-1.4054771814932,-1.19091459138022
"14609448","2013-07-09",19.6183502198729,0.173553719008262,0.134618916437096,0.185613712886438,21.6965489623767,19.71311770429,20.7048333333334,0.314378912722275,40.8894827154646,20.8068,20.4463961290108,-1.4561640407518,-1.24396448125454
"14609447","2013-07-10",18.8115139571163,0.217391304347826,0.1686988461692,0.139489759252603,21.5147489083133,19.7272510916868,20.621,0.208531112511624,41.546972915451,20.7528,20.400209978476,-1.46427684491958,-1.28802695398755
"14609446","2013-07-11",17.5750350737319,0.217391304347826,0.202778775901305,0.1686988461692,21.4785004797275,19.6834995202725,20.581,0.276601790718947,41.5469729154511,20.688,20.3601819813459,-1.45438467681338,-1.32129849855271
"14609445","2013-07-12",16.4268761105892,0.313043478260869,0.24927536231884,0.206917661463115,21.443608051425,19.6480586152418,20.5458333333334,0.312963471477991,43.5495711554305,20.6212,20.3401577171664,-1.38720570927586,-1.33447994069734
"14609444","2013-07-15",15.6779247845752,0.302083333333332,0.277506038647342,0.243186725622495,21.3455276784112,19.6604723215889,20.503,0.425027191052289,45.7337581348855,20.5764,20.3388033548776,-1.27175461177483,-1.32193487491284
"14609443","2013-07-16",14.9824699818479,0.302083333333332,0.305736714975844,0.277506038647342,21.2156753338679,19.6933246661321,20.4545,0.418218579569981,45.7337581348855,20.524,20.3376295742272,-1.16680272123855,-1.29090844417798
"14609442","2013-07-17",14.3439527500757,0,0.201388888888887,0.261543880837358,20.9937566564334,19.7679100102333,20.3808333333333,0.211084035050765,39.9128816922049,20.458,20.2846122976636,-1.2245505159186,-1.27763685852611
"14609441","2013-07-18",13.934564650442,0,0.100694444444444,0.202606682769725,20.9063691417581,19.7396308582419,20.323,0.0945963146297426,38.689103411055,20.424,20.2266639913085,-1.29189829975344,-1.28048914677157
"14609440","2013-07-19",12.9461535065718,0.226086956521737,0.0753623188405788,0.125815217391303,20.9055167511269,19.7248165822064,20.3151666666667,0.326233050466766,44.028274908261,20.3936,20.2111087924673,-1.22778698827329,-1.26994871507192
"14609439","2013-07-22",12.1647304872954,0.17391304347826,0.133333333333332,0.103130032206118,20.9035931300353,19.7020735366314,20.3028333333334,0.297894820303827,43.0955969982914,20.3516,20.1896276201384,-1.18736428268109,-1.25343182859375
"14609438","2013-07-23",11.7701770243447,0.130434782608694,0.176811594202897,0.128502415458936,20.901997645683,19.7103356876504,20.3061666666667,0.340978392636725,42.2915942822441,20.2996,20.1643439374532,-1.1620833453739,-1.23516213194978
"14609437","2013-07-24",11.154676580082,0.0480769230769203,0.117474916387958,0.142539947974729,20.8792230523383,19.6894436143284,20.2843333333334,0.331061124794499,40.6578513662934,20.2356,20.1290980791261,-1.16884249084189,-1.2218982037282
"14609436","2013-07-25",10.5831404532666,0.0480769230769203,0.0755295429208447,0.123272017837233,20.8570478303858,19.6472855029475,20.2521666666667,0.208895988344742,40.6578513662934,20.1924,20.098551668576,-1.16109904288522,-1.20973837155961
"14609435","2013-07-26",10.4714781443681,0.0480769230769203,0.04807692307692,0.0803604607952407,20.8518484253666,19.6168182413001,20.2343333333333,0.275174185822399,40.6578513662934,20.1824,20.0720781127659,-1.14202465216148,-1.19619562767998
"14609434","2013-07-29",11.0785314802429,0.870967741935484,0.322373862696441,0.148660109564735,20.8156626204372,19.6280040462295,20.2218333333334,0.641595127016067,52.0047684564099,20.192,20.1144676977304,-0.919515016341554,-1.1408595054123
"14609433","2013-07-30",10.5523303773663,0,0.306348221670801,0.225599669148054,20.6617276419398,19.6799390247269,20.1708333333333,0.285255879283003,40.9822868922248,20.188,20.0658720046997,-0.988744126958296,-1.1104364297215
"14609432","2013-07-31",10.0637150675523,0.652777777777776,0.507915173237753,0.378879085868331,20.4544760348121,19.8135239651879,20.134,0.686181368293709,49.4549077886741,20.178,20.0864224040731,-0.845154660685776,-1.05738007591435
"14609431","2013-08-01",9.45955790846359,0.833333333333335,0.49537037037037,0.436544588426308,20.4544760348121,19.8135239651879,20.134,0.852600468444529,51.527715720754,20.1724,20.12156608353,-0.67145559479046,-0.980195179689573
"14609430","2013-08-02",8.87219670436258,0.857142857142858,0.781084656084656,0.594790066564259,20.4824481738259,19.8178851595075,20.1501666666667,0.820762158100648,51.527715720754,20.18,20.1520239390593,-0.527784554685085,-0.889713054688676
"14609429","2013-08-05",8.32678987198307,0.899999999999997,0.863492063492063,0.713315696649029,20.5097923127198,19.8245410206135,20.1671666666667,0.810591655623331,52.0539512428144,20.172,20.1824207471848,-0.397407662971727,-0.791251976345286
"14609428","2013-08-06",7.8203406704878,0.899999999999997,0.885714285714284,0.843430335097001,20.5167338386742,19.8219328279925,20.1693333333333,0.803204318111063,52.0539512428144,20.1484,20.2087646475601,-0.290797265022824,-0.691161034080794
"14609427","2013-08-07",8.34034907373122,0.385714285714285,0.728571428571426,0.825925925925924,20.5176425409589,19.8130241257077,20.1653333333333,0.293741789615969,45.221421966658,20.1096,20.1835960278854,-0.346061857019864,-0.622141198668608
"14609426","2013-08-08",7.77161471169915,0.914285714285714,0.733333333333332,0.782539682539681,20.541528257796,19.8101384088706,20.1758333333333,0.792821491823169,52.1702256040626,20.1236,20.2111165575007,-0.239363442748963,-0.545585647484679
"14609425","2013-08-09",7.24350423266938,0.914285714285714,0.738095238095237,0.733333333333332,20.5621247032025,19.8075419634641,20.1848333333333,0.7718941951121,52.1702256040626,20.1376,20.2349676831673,-0.153104074273869,-0.467089332842517
"14609424","2013-08-12",6.75311593071316,0.914285714285714,0.914285714285714,0.795238095238094,20.5641894065942,19.8068105934058,20.1855,0.770010193629644,52.1702256040626,20.1516,20.255638658745,-0.0838275330866889,-0.390436972891351
"14609423","2013-08-13",6.29775536461095,0.999999999999997,0.942857142857142,0.865079365079364,20.5726323556623,19.8043676443377,20.1885,0.762279390202075,52.1702256040626,20.1648,20.2735535042457,-0.0286353642168002,-0.318076651156441
"14609422","2013-08-14",7.72563158791332,0,0.638095238095237,0.831746031746031,20.6014950636244,19.7461716030423,20.1738333333333,-0.015009841657099,38.8968257977112,20.1468,20.1904130370129,-0.276671561111386,-0.30979563314743
"14609421","2013-08-15",11.1021036056884,0,0.333333333333332,0.638095238095237,20.9721943694892,19.2324722971774,20.1023333333333,-0.467012697090057,24.1454680110595,20.0628,19.8983579654112,-1.12726778114758,-0.47329006274746
"14609420","2013-08-16",14.5205559792046,0,3.70074341541719e-17,0.323809523809523,21.3250605293129,18.6449394706872,19.985,-0.328942655226888,22.0696135611308,19.9592,19.5945769033564,-1.94769092420747,-0.768170235039461
"14609419","2013-08-19",17.9967799362669,0,3.70074341541719e-17,0.111111111111111,21.5922169663832,18.1157830336169,19.854,-0.19438972426527,19.845383593061,19.8324,19.2699666495755,-2.77287829339321,-1.16911184671021
"14609418","2013-08-20",21.2247021821105,0.247678018575851,0.0825593395252839,0.0275197798417613,21.6641172800964,17.8282160532369,19.7461666666667,0.034355406713892,32.572717906562,19.7376,19.0953044296321,-3.06801179730777,-1.54889183682972
"14609417","2013-08-21",23.1003798079624,0.291021671826626,0.179566563467492,0.087375300997592,21.6774027891563,17.6255972108438,19.6515,0.139296611904886,34.5318412126847,19.664,18.9625971723478,-3.21074163184586,-1.88126179583295
"14609416","2013-08-22",24.8420804605391,0.291021671826626,0.276573787409701,0.179566563467492,21.6910116922113,17.4336549744553,19.5623333333333,0.160430928740998,34.5318412126847,19.594,18.8475842160348,-3.28955673454612,-2.16292078357558
"14609415","2013-08-23",26.0726533076463,0.34984520123839,0.31062951496388,0.255589955280358,21.669013800058,17.288986199942,19.479,0.228540523359138,37.3949031333455,19.5212,18.7732396538968,-3.23564975086638,-2.37746657703374
"14609414","2013-08-26",25.6211594158306,0.380804953560371,0.340557275541795,0.309253525971792,21.5701068219328,17.2065598447339,19.3883333333333,0.313989245238354,38.9091880396453,19.4548,18.7221410333772,-3.11521792142612,-2.52501684591222
"14609413","2013-08-27",25.201915087716,0.535603715170278,0.422084623323013,0.357757137942896,21.510377684116,17.1592889825507,19.3348333333333,0.397765050578417,45.9489320736159,19.4104,18.7445222289269,-2.77250039082509,-2.57451355489479
"14609412","2013-08-28",25.6154291552828,0.352941176470588,0.423116615067079,0.395252837977296,21.4083790861219,17.0886209138781,19.2485,0.332899596562736,40.0798079588908,19.3464,18.6852525984034,-2.72400089295125,-2.60441102250608
"14609411","2013-08-29",25.9994065037377,0.352941176470588,0.413828689370485,0.419676642586859,21.2798583735321,17.0111416264679,19.1455,0.301931107145609,40.0798079588908,19.2824,18.6338855852829,-2.65594603766602,-2.61471802553807
"14609410","2013-08-30",26.3559568987315,0.352941176470588,0.352941176470588,0.396628826969384,21.1302180683383,16.9544485983284,19.0423333333333,0.322228372838889,40.0798079588908,19.2184,18.5893675072452,-2.57315207791525,-2.60640483601351
"14609409","2013-09-03",26.4702532907367,0.423357664233577,0.376413339058251,0.381061068299775,20.9548880401275,16.9257786265391,18.9403333333333,0.351000985153521,40.4021083274354,19.1356,18.5534518396125,-2.47098711941467,-2.57932129269374
"14609408","2013-09-04",26.8499325956519,0.466666666666666,0.414321835790277,0.381225450439705,20.7565361158216,16.9054638841784,18.831,0.334418409131061,38.4001820436067,19.0712,18.4983249276642,-2.44091327498372,-2.55163968915174
"14609407","2013-09-05",27.202491950216,0.604395604395604,0.498139978431949,0.429625051093492,20.6028863764578,16.8831136235422,18.743,0.370153358260547,40.5162792002508,18.9928,18.4665482706423,-2.33849800892501,-2.50901135310639
"14609406","2013-09-06",27.4658264367076,0.604395604395604,0.558485958485958,0.490315924236061,20.3447410526724,16.9289256139943,18.6368333333333,0.391631537677592,40.5162792002508,18.9092,18.4390085012233,-2.23199243100424,-2.45360756868596
"14609405","2013-09-09",27.7103513170211,0.294117647058824,0.500969618616678,0.519198518511528,20.0420415650295,17.0186251016372,18.5303333333333,0.410586802510814,40.5162792002508,18.8256,18.4151407010602,-2.12342146588953,-2.38757034812667
"14609404","2013-09-10",28.2305122143234,0,0.299504417151476,0.452986664751371,19.6721016264901,17.16089837351,18.4165,0.37927434137125,38.3238857381201,18.7344,18.3731219409188,-2.08389061299259,-2.32683440109986
"14609403","2013-09-11",29.6115804551523,0,0.0980392156862745,0.299504417151476,19.1871275941761,17.3835390724906,18.2853333333333,0.212425167697349,31.4509970262096,18.6192,18.2567056821297,-2.29158406412567,-2.31978433370502
"14609402","2013-09-12",30.8940009644935,0.0337837837837842,0.0112612612612613,0.136268298033004,18.8409081315891,17.5187585350776,18.1798333333333,0.0790945279805457,32.536773236848,18.5204,18.1624782578457,-2.40918237449513,-2.33766394186304
"14609401","2013-09-13",30.3692819691561,0.0608108108108106,0.0315315315315315,0.0469440028263558,18.8188364689685,17.4811635310315,18.15,0.255794815457294,33.4450005000376,18.4084,18.0861478234663,-2.458324918793,-2.36179613724903
"14609400","2013-09-16",29.8820429020571,0.0675675675675684,0.0540540540540544,0.0322822822822824,18.8263926040603,17.4639407292731,18.1451666666667,0.148794934445113,33.6853601330717,18.2968,18.0213281136708,-2.46590855922724,-2.38261862164468
"14609399","2013-09-17",29.4296066254652,0.202702702702703,0.110360360360361,0.0653153153153155,18.7853794741351,17.5409538591982,18.1631666666667,0.208165227147714,38.4713616397182,18.1932,17.9918176985147,-2.35608273401965,-2.37731144411967
"14609398","2013-09-18",28.0282769043755,0.704545454545455,0.324938574938575,0.163117663117663,18.7868046374832,17.5555286958501,18.1711666666667,0.458444191966573,45.27656951676,18.1024,18.0089086720461,-2.10149936151223,-2.32214902759818
"14609397","2013-09-19",26.7270421633636,0.704545454545455,0.537264537264538,0.324187824187824,18.783632394429,17.5517009389044,18.1676666666667,0.46130737107741,45.2765695167601,18.0412,18.0237208491066,-1.87798543726515,-2.23331630953158
"14609396","2013-09-20",25.5187527609954,0.704545454545455,0.704545454545455,0.522249522249523,18.7837455745568,17.5519210921099,18.1678333333333,0.461168710303329,45.2765695167601,18.046,18.0365580692257,-1.68138443404616,-2.12292993443449
"14609395","2013-09-23",25.5453709301426,0.150000000000001,0.51969696969697,0.587168987168987,18.7762131954779,17.5111201378555,18.1436666666667,0.233616434008925,37.2388259233857,18.046,17.9810169933289,-1.72959627354833,-2.04426320225726
"14609394","2013-09-24",25.6104343175613,0.125000000000001,0.326515151515152,0.516919191919192,18.7358275869289,17.4548390797378,18.0953333333334,0.121125926884709,36.956212513977,18.0636,17.9302147275517,-1.75740915374977,-1.98689239255576
"14609393","2013-09-25",25.7136181913259,0.0999999999999976,0.125,0.323737373737374,18.5943423955143,17.4663242711524,18.0303333333333,0.109639841928563,36.6566179965813,18.0484,17.8835194305449,-1.7688374286903,-1.94328139978267
"14609392","2013-09-26",26.1708036767567,0,0.0749999999999995,0.17550505050505,18.5440298031379,17.4106368635288,17.9773333333333,0.0494354615947674,34.1243242923257,18.0208,17.8203835064722,-1.83438665179337,-1.92150245018481
"14609391","2013-09-27",26.0854571873777,0,0.0333333333333324,0.0777777777777771,18.5190056160708,17.3566610505959,17.9378333333333,0.131922111531043,34.1243242923257,17.9932,17.7656657056092,-1.86589536301652,-1.91038103275115
"14609390","2013-09-30",25.7350114123713,0.269662921348312,0.0898876404494373,0.0660736579275896,18.4730120590128,17.3419879409872,17.9075,0.310643589952308,40.8182539277065,17.9676,17.750243611528,-1.76212162801614,-1.88072915180415
"14609389","2013-10-01",25.7784454298902,0.102272727272727,0.123978549540346,0.0823998411077052,18.4172839783654,17.3187160216346,17.868,0.210532245136331,38.2052289156118,17.932,17.7168777966576,-1.72840733738673,-1.85026478892067
"14609388","2013-10-02",25.8187770175863,0.102272727272727,0.158069458631255,0.123978549540346,18.3836261846609,17.2830404820058,17.8333333333333,0.197130961696856,38.2052289156118,17.8764,17.6879607571033,-1.68268188088,-1.81674820731253
"14609387","2013-10-03",25.4211403339323,0.246753246753248,0.150432900432901,0.144160302868167,18.3227758873259,17.2778907793408,17.8003333333333,0.30827238152559,41.1195562253655,17.8484,17.6762326561562,-1.58281821174762,-1.76996220819955
"14609386","2013-10-04",25.333062315626,0.116883116883116,0.15530303030303,0.154601796455729,18.2535436004172,17.2704563995828,17.762,0.233492614106216,39.1320701045489,17.8164,17.6527349686687,-1.53181774711013,-1.72233331598167
"14609385","2013-10-07",25.4985033214235,0,0.121212121212121,0.142316017316017,18.1749020941912,17.2670979058089,17.721,0.19046188198277,37.3808834475403,17.7808,17.6203703061795,-1.51537608286695,-1.68094186935872
"14609384","2013-10-08",25.816144211953,0,0.0389610389610387,0.10515873015873,18.1266164385148,17.239050228152,17.6828333333334,0.125004501695369,36.2172699478044,17.742,17.5843209320222,-1.51280576630269,-1.64731464874752
"14609383","2013-10-09",26.1110964674446,0,-1.2490009027033e-16,0.0533910533910531,18.1267120972531,17.197287902747,17.662,0.164308286954147,36.2172699478044,17.7104,17.5530781410859,-1.49396681273745,-1.6166450815455
"14609382","2013-10-10",26.2724789776832,0,-1.2490009027033e-16,0.0129870129870126,18.1319811490577,17.1653521842757,17.6486666666667,0.197919252744648,36.2172699478044,17.674,17.5260010556078,-1.46251328089249,-1.5858187214149
"14609381","2013-10-11",26.4223341657618,0.0232558139534837,0.00775193798449443,0.00258397932816455,18.1174452318207,17.1335547681793,17.6255,0.230152888140202,36.6279087914528,17.638,17.5038675815268,-1.41690867759485,-1.55203671265089
"14609380","2013-10-14",26.7685194549699,0,0.00775193798449443,0.00516795865632941,18.1172201456298,17.0991131877036,17.6081666666667,0.216958356464185,35.1650445312549,17.5996,17.4766852373232,-1.39262059944695,-1.5201534900101
"14609379","2013-10-15",26.5750962666479,0,0.00775193798449443,0.00775193798449426,18.0987219576146,17.0722780423854,17.5855,0.267319646217576,35.1650445312549,17.5676,17.4531272056801,-1.35798313946948,-1.48771941990198
"14609378","2013-10-16",26.3954890203488,0.104166666666668,0.0347222222222224,0.0167420327304036,18.0062667769456,17.0893998897211,17.5478333333334,0.302406795150939,37.5746236745288,17.5616,17.4393769115894,-1.29269347033666,-1.44871422998891
"14609377","2013-10-17",26.4363504471639,0,0.0347222222222224,0.0257321274763129,17.8928174324551,17.1241825675449,17.5085,0.272106790020323,36.1286243587298,17.5516,17.4207933233775,-1.24980439296087,-1.40893226258331
"14609376","2013-10-18",26.4742932006349,0.0285714285714229,0.0442460317460301,0.0378968253968248,17.7402407987214,17.196092534612,17.4681666666667,0.215457452415561,36.6536850219057,17.5404,17.4060208802605,-1.19751792338335,-1.36664939474331
"14609375","2013-10-21",25.259798183966,0.0333333333333264,0.0206349206349163,0.0332010582010561,17.6723955018981,17.220604498102,17.4465,0.338051961964901,36.6536850219057,17.5288,17.3932180962258,-1.14300769941114,-1.32192105567688
"14609374","2013-10-22",24.1849283648648,0,0.0206349206349163,0.0285052910052874,17.650703523752,17.214296476248,17.4325,0.265127532687039,36.3075310675697,17.5088,17.380789016729,-1.09194717468341,-1.27592627947818
"14609373","2013-10-23",25.3050080012345,0,0.0111111111111087,0.0174603174603136,17.6896759043942,17.1123240956059,17.401,-0.263832369254304,23.1325910950375,17.4536,17.2953504811651,-1.29743104919803,-1.28022723342215
"14609372","2013-10-24",26.3450819492921,0.0131578947368441,0.00438596491228125,0.0120439988861019,17.7465898802378,16.9924101197622,17.3695,-0.206507070671458,23.6652764061927,17.3988,17.2226370836765,-1.4406606830514,-1.312313923348
"14609371","2013-10-25",27.4252527536968,0,0.00438596491228125,0.00662768031189022,17.7777949689031,16.8908716977636,17.3343333333334,-0.0949406040375023,22.9792988183212,17.3424,17.1542854725196,-1.55636191034193,-1.36112352074679
"14609370","2013-10-28",28.7079793306536,0,0.00438596491228125,0.00438596491228107,17.7940515435279,16.7662817898055,17.2801666666667,-0.152059144803048,21.3157922631582,17.302,17.0817140761836,-1.6771942151893,-1.42433765963529
"14609369","2013-10-29",28.9475921274014,0,-1.20852402159718e-16,0.00292397660818728,17.8047759901096,16.6635573432238,17.2341666666667,-0.0294048325580079,20.6711812608399,17.2608,17.0134855326925,-1.77286550640821,-1.49404322898987
"14609368","2013-10-30",28.54901080573,0,-1.20852402159718e-16,0.00146198830409349,17.8003066514613,16.5843600152054,17.1923333333334,0.0649480131555236,20.6711812608399,17.2204,16.9543541283335,-1.82884772670084,-1.56100412853207
"14609367","2013-10-31",28.1788995784636,0.0430107526881711,0.0143369175627236,0.0047789725209076,17.7708576605338,16.5148090061329,17.1428333333334,0.0757860720869004,23.359160168916,17.1884,16.9084402445557,-1.83394954280358,-1.61559321138637
"14609366","2013-11-01",27.9974593618422,0,0.0143369175627236,0.0095579450418155,17.7489278135089,16.4437388531578,17.0963333333334,0.0967378292934732,22.5367822129784,17.1548,16.8633148786149,-1.836646885378,-1.6598039461847
"14609365","2013-11-04",26.3865604386157,0,0.0143369175627236,0.0143369175627234,17.7180302813521,16.3943030519813,17.0561666666667,0.18309181023691,22.1175014016711,17.1108,16.8215395614663,-1.82796926084925,-1.69343700911761
"14609364","2013-11-05",24.8907257241912,0.273684210526313,0.0912280701754377,0.0399673017669614,17.6849100954896,16.3734232378438,17.0291666666667,0.332886875389588,38.2110533586116,17.0832,16.8200009532708,-1.67733996331771,-1.69021759995763
"14609363","2013-11-06",24.4488683808157,0.0526315789473691,0.108771929824561,0.0714456391875738,17.6492496962527,16.3460836370807,16.9976666666667,0.286929175516501,32.3894088501855,17.0472,16.7906674928347,-1.63997522146045,-1.68016912425819
"14609362","2013-11-07",23.8014882778151,0.0315789473684185,0.119298245614034,0.10643274853801,17.6062633104234,16.3254033562433,16.9658333333334,0.30807165332082,31.891074065546,17.0064,16.7625784937901,-1.60186104002095,-1.66450750741074
"14609361","2013-11-08",23.2003496107431,0.305882352941174,0.130030959752321,0.119367045063638,17.5566584258457,16.3263415741544,16.9415,0.444594218495032,42.7918752104642,16.9788,16.7689013612847,-1.44445534433613,-1.62049707479582
"14609360","2013-11-11",21.9673288442146,0.305882352941174,0.214447884416922,0.154592363261092,17.5111566646992,16.3308433353008,16.921,0.490680440755823,42.7918752104642,16.9548,16.7743811797801,-1.30463236826175,-1.55732413348901
"14609359","2013-11-12",20.8223809895811,0.499999999999995,0.370588235294114,0.238355693154452,17.4555684134368,16.3417649198966,16.8986666666667,0.50119709925588,43.7005944462761,16.934,16.7817970224761,-1.17067726558678,-1.47999475990856
"14609358","2013-11-13",20.7902949126054,0.125,0.310294117647057,0.298443412452698,17.3845076343522,16.3511590323145,16.8678333333334,0.385969426870093,37.0464452595019,16.9048,16.7602240861459,-1.15224381319218,-1.41444457056529
"14609357","2013-11-14",20.7605006982709,0.232142857142855,0.285714285714284,0.322198879551818,17.3116087395119,16.3693912604882,16.8405,0.44286527841838,39.8639008623069,16.878,16.7495275413265,-1.09626544027339,-1.35080874450691
"14609356","2013-11-15",20.7328346421031,0.535714285714286,0.297619047619047,0.297875816993462,17.2390514800885,16.3999485199115,16.8195,0.587990791163151,47.0893123227115,16.8576,16.7629238691496,-0.959016135375823,-1.27245022268069
"14609355","2013-11-18",21.1828513322362,0.357142857142856,0.374999999999999,0.319444444444443,17.126864239183,16.458135760817,16.7925,0.561061155094044,43.7586756327734,16.8356,16.7612006865963,-0.888105471501266,-1.19558127244481
"14609354","2013-11-19",20.7827401653615,0.982142857142858,0.625,0.432539682539682,17.0510330945322,16.5113002388012,16.7811666666667,1.09690023174577,55.5965635467802,16.8276,16.8063739283835,-0.656103262770269,-1.0876856705099
"14609353","2013-11-20",21.83425991011,0.357142857142856,0.565476190476189,0.521825396825396,17.0336417513774,16.5163582486226,16.775,0.619212513714907,45.3229825425431,16.8036,16.798857404599,-0.632996022173882,-0.996747740842695
"14609352","2013-11-21",22.8106711016621,0.357142857142856,0.565476190476189,0.585317460317459,17.0292812109634,16.51505212237,16.7721666666667,0.515233158736197,45.3229825425431,16.7816,16.7923430839858,-0.607713413752597,-0.918940875424676
"14609351","2013-11-22",24.1719329985189,0.0566037735849075,0.256963162623539,0.462638514525306,17.0257427378799,16.5045905954535,16.7651666666667,0.310995692080559,41.744472527549,16.7536,16.7680306727877,-0.647566173151104,-0.864665934969961
"14609350","2013-11-25",25.2844244672122,0.245283018867928,0.21967654986523,0.347371967654986,17.0227487692193,16.5205845641141,16.7716666666667,0.436939617868509,45.0800464107686,16.7296,16.7602932497494,-0.623974703224961,-0.816527688620961
"14609349","2013-11-26",26.0059771068306,0.226415094339623,0.176100628930819,0.21758011380653,17.0204346048266,16.5345653951735,16.7775,0.436539849159457,44.8037770412493,16.7056,16.7522541497828,-0.603174958449459,-0.773857142586661
"14609348","2013-11-27",25.8579271654927,0.579999999999996,0.350566037735849,0.2487810721773,17.0343840106681,16.5459493226653,16.7901666666667,0.758990614522521,51.2399434156929,16.712,16.7719535964784,-0.484845299375347,-0.716054773944398
"14609347","2013-11-29",25.7204522199646,0.679999999999997,0.495471698113205,0.340712788259958,17.0461299367407,16.5682033965927,16.8071666666667,0.79886043426067,52.7241088668081,16.72,16.7956931169479,-0.362893211495297,-0.645422461454578
"14609346","2013-12-02",25.5145403377798,0.7,0.653333333333331,0.499790356394128,17.0480361416275,16.6052971917058,16.8266666666667,0.801155643425745,53.0320265410425,16.73,16.8176007013549,-0.258529265692442,-0.568043822302151
"14609345","2013-12-03",25.3233364471797,0.7,0.693333333333333,0.61404612159329,17.0532960510663,16.6323706156004,16.8428333333334,0.778354921785474,53.0320265410425,16.744,16.8365872745076,-0.173871860750041,-0.489209429991729
"14609344","2013-12-04",25.1457899773367,0.7,0.700000000000001,0.682222222222221,17.0662026353556,16.6344640313111,16.8503333333334,0.75401172292521,53.0320265410425,16.7596,16.8530423045732,-0.105606964414395,-0.412488936876262
"14609343","2013-12-05",26.2102406222813,0.179999999999999,0.526666666666667,0.64,17.0632802480461,16.644719751954,16.854,0.355058785448939,43.7736462449017,16.7648,16.8326366639635,-0.173989118221274,-0.364788973145265
"14609342","2013-12-06",27.1986590783014,0.28,0.386666666666667,0.537777777777778,17.0613184205124,16.6496815794876,16.8555,0.243706127621223,45.7356190579086,16.7704,16.8216184421017,-0.201970177587507,-0.332225214033713
"14609341","2013-12-09",27.9213100830371,0.28,0.246666666666667,0.386666666666667,17.0597026424211,16.6396306909123,16.8496666666667,0.278609355692578,45.7356190579086,16.7776,16.8120693164881,-0.22162598155161,-0.310105367537292
"14609340","2013-12-10",28.0107661117414,0.425,0.328333333333334,0.320555555555556,17.0533333333333,16.6346666666667,16.844,0.386942675159199,47.0219989681895,16.7868,16.807793407623,-0.220289086203163,-0.292142111270466
"14609339","2013-12-11",28.829945237147,0.027027027027031,0.24400900900901,0.273003003003004,17.0535531837587,16.611113482908,16.8323333333334,0.125561028207603,41.3869096247894,16.7792,16.7827542866066,-0.292742044580596,-0.292262097932492
"14609338","2013-12-12",29.5906115678808,0.027027027027031,0.159684684684687,0.244009009009011,17.0606940069597,16.5933059930403,16.827,0.107035993228653,41.3869096247894,16.78,16.7610537150591,-0.346317056928869,-0.303073089731768
"14609337","2013-12-13",30.6717124885906,0,0.0180180180180207,0.140570570570573,17.0760116909609,16.5556549757058,16.8158333333334,0.0147559499136716,38.3859259481301,16.778,16.7302465530512,-0.427371167213675,-0.327932705228149
"14609336","2013-12-16",32.0466620647043,0,0.00900900900901039,0.0622372372372396,17.0923570352639,16.4969762980695,16.7946666666667,-0.0453093228991084,35.3212869267148,16.7628,16.690213679311,-0.534026487698047,-0.369151461722129
"14609335","2013-12-17",33.6817633124585,0,3.93203987888076e-17,0.00900900900901048,17.119942352017,16.4237243146497,16.7718333333334,-0.0675903890123101,32.2693542501889,16.7432,16.6408518554029,-0.664616018354147,-0.428244373048532
"14609334","2013-12-18",35.0925791323098,0,3.93203987888076e-17,0.00300300300300358,17.0887615547634,16.38257177857,16.7356666666667,-0.00364176692542143,32.2693542501889,16.7228,16.5980716080158,-0.759916902245605,-0.494578878887947
"14609333","2013-12-19",36.4026223936003,0,3.93203987888076e-17,1.30682501856919e-16,17.1014621839411,16.3192044827255,16.7103333333333,0.0138004614817811,32.2693542501889,16.7108,16.5609953936137,-0.826368894373397,-0.560936881985037
"14609332","2013-12-20",37.0347293970029,0,3.93203987888076e-17,1.30682501856919e-16,17.1088856571942,16.2684476761391,16.6886666666667,0.0930693189631236,32.2693542501889,16.6964,16.5288626744652,-0.869369861410074,-0.622623477870045
"14609331","2013-12-23",36.3650471648245,0.272727272727271,0.0909090909090905,0.0303030303030303,17.1082833174183,16.2530500159151,16.6806666666667,0.296546743801732,43.0919343288906,16.6824,16.5250143178699,-0.806404950201978,-0.659379772336431
"14609330","2013-12-24",35.7431993778017,0.303030303030301,0.191919191919191,0.0942760942760939,17.1019057980126,16.2374275353208,16.6696666666667,0.326870526274836,44.159602429782,16.6732,16.5243457421539,-0.738229063127993,-0.675149630494744
"14609329","2013-12-26",35.1657692898519,0.392156862745097,0.322638146167556,0.201822142998613,17.0937769130439,16.2228897536228,16.6583333333333,0.341158143351994,44.159602429782,16.65,16.5237663098667,-0.676399201897304,-0.675399544775256
"14609328","2013-12-27",34.6295842081843,0.392156862745097,0.362448009506832,0.292335115864526,17.0610135106321,16.2159864893679,16.6385,0.359767797930618,44.159602429782,16.6408,16.5232641352178,-0.620246799911206,-0.664368995802446
"14609327","2013-12-30",32.7638020116159,0.411764705882355,0.398692810457516,0.361259655377302,17.017753269499,16.221246730501,16.6195,0.437853617545594,44.8062628774366,16.632,16.5241622505221,-0.564353868825085,-0.644365970406974
"14609326","2013-12-31",31.9997684259305,0.159090909090909,0.321004159239453,0.360714993067934,16.9654954832605,16.2275045167395,16.5965,0.36923959184091,38.1460241611191,16.6232,16.5062739504525,-0.581768371682934,-0.631846450662166
"14609325","2014-01-02",31.290308667794,0.575000000000001,0.381951871657755,0.367216280451575,16.905367069797,16.246632930203,16.576,0.460530359006385,47.7120084558622,16.6168,16.5121040903922,-0.511511407659915,-0.607779442061715
"14609324","2014-01-03",30.7649277861123,0.525000000000002,0.41969696969697,0.374217666864726,16.8330061339839,16.2759938660161,16.5545,0.456015331422774,46.7389571109299,16.61,16.5144902116732,-0.460292126303696,-0.578281978910112
"14609323","2014-01-06",30.277074110265,0.525000000000002,0.541666666666668,0.447771836007131,16.7974270661735,16.2852396004932,16.5413333333333,0.477872685114826,46.7389571109299,16.5952,16.5165581834501,-0.414913352957103,-0.54560825371951
"14609322","2014-01-07",29.8240671255496,0.525000000000002,0.525000000000002,0.495454545454547,16.7678566655206,16.2928100011461,16.5303333333334,0.499298314548129,46.7389571109299,16.5784,16.5183504256568,-0.374628589943515,-0.511412320964311
"14609321","2014-01-08",29.4034177825997,0.525000000000002,0.525000000000002,0.530555555555557,16.7326778468214,16.3053221531786,16.519,0.52573968280666,46.7389571109299,16.5612,16.5199037022359,-0.338794702650536,-0.476888797301556
"14609320","2014-01-09",28.1153388088518,0.475000000000003,0.508333333333335,0.519444444444446,16.6784103570849,16.3339229762485,16.5061666666667,0.598213563733943,45.4910765860844,16.5432,16.5185832086044,-0.316514459623751,-0.444813929765995
"14609319","2014-01-10",27.8876592334161,0.491525423728811,0.497175141242938,0.510169491525425,16.6894594404153,16.3272072262514,16.5083333333333,1.05670237139088,52.3424879441704,16.5292,16.5307721141238,-0.247180289346116,-0.405287201682019
"14609318","2014-01-13",27.6762424847973,0.42307692307692,0.463200782268578,0.489569752281617,16.6868884411374,16.3284448921959,16.5076666666667,0.841290375275469,52.3424879441704,16.5256,16.5413358322406,-0.190055542188716,-0.362240869783359
"14609317","2014-01-14",28.6543913120014,0.788461538461537,0.567687961755756,0.509354628422424,16.7491654483398,16.2931678849935,16.5211666666667,1.18457968146986,62.6792732981875,16.5276,16.5758243879419,-0.051663449484074,-0.300125385723502
"14609316","2014-01-15",29.8431671997232,0.620689655172413,0.61074270557029,0.547210483198208,16.8005055201116,16.2771611465551,16.5388333333334,1.04361910507714,59.0495634504456,16.5276,16.599047802883,0.0331357715866787,-0.233473154261466
"14609315","2014-01-16",30.9470305240363,0.827586206896552,0.745579133510167,0.641336600278738,16.851099065058,16.275900934942,16.5635,1.03285986854338,64.3808009657496,16.5312,16.6351747624986,0.156639824123039,-0.155450558584565
"14609314","2014-01-17",32.9233421824014,0.987012987012983,0.811762949693983,0.72269492959148,16.9757693968494,16.2285639364839,16.6021666666667,1.2376373646909,73.1608923560687,16.5524,16.7038181274988,0.385120373717784,-0.0473363721240949
"14609313","2014-01-21",34.7584887223118,0.999999999999998,0.938199731303178,0.831847271502443,17.0680611372559,16.2192721960775,16.6436666666667,1.10831769628915,73.4129567952404,16.574,16.7646423771656,0.563566241170044,0.0748441505347328
"14609312","2014-01-22",37.3059287345262,0.745283018867923,0.910765335293635,0.886909338763598,17.2086550480755,16.1830116185912,16.6958333333333,1.17681091372627,76.7106722533754,16.6048,16.8360233935435,0.762466503286485,0.212368621085083
"14609311","2014-01-23",39.6714087458681,0.820754716981129,0.855345911949683,0.901436992848832,17.328671482511,16.1519951841557,16.7403333333333,1.05778580247662,78.3622600680872,16.6428,16.9085536077377,0.94623548229511,0.359141993327089
"14609310","2014-01-24",40.1038311244667,0.622641509433962,0.729559748427671,0.83189033189033,17.3822157339476,16.1644509327191,16.7733333333333,0.833945164334196,65.276082949387,16.6768,16.943413126706,0.979691149142448,0.483251824490161
"14609309","2014-01-27",40.5053661903082,0.622641509433962,0.688679245283018,0.757861635220124,17.4264347441528,16.1852319225139,16.8058333333334,0.793398194330394,65.276082949387,16.7108,16.9736247098119,0.99443777077457,0.585489013747042
"14609308","2014-01-28",40.7142317879123,0.603773584905657,0.61635220125786,0.678197064989516,17.4616613247635,16.2136720085699,16.8376666666667,0.755611162580257,64.0938521139443,16.744,16.9971414151703,0.985049752555578,0.66540116150875
"14609307","2014-01-29",39.2355877169488,0.386792452830189,0.537735849056603,0.61425576519916,17.4710527770172,16.2436138896495,16.8573333333334,0.586358678294212,52.3513950719557,16.768,16.9868558931476,0.858534560062907,0.704027841219581
"14609306","2014-01-30",37.8625610796256,0.437500000000001,0.476022012578615,0.543370020964359,17.4790374066468,16.2886292600199,16.8838333333333,0.622787018117132,56.4598805373026,16.7892,16.9926084407279,0.801262233787914,0.723474719733248
"14609305","2014-01-31",36.8989061912985,0.510416666666667,0.444903039832285,0.486220300489168,17.4929685760375,16.3296980906292,16.9113333333333,0.662186412389222,58.889162510755,16.8124,17.0069273152975,0.780061376603114,0.734792051107221
"14609304","2014-02-03",34.8394043388818,0.207317073170733,0.385077913279134,0.435334321896678,17.4878689534976,16.3781310465024,16.933,0.527333781374966,51.0080711693403,16.8284,16.9953370065912,0.670125371395147,0.721858715164806
"14609303","2014-02-04",33.0779812410816,0.378048780487802,0.365260840108401,0.398413931073273,17.485276955428,16.4343897112386,16.9598333333333,0.601660129499169,55.9463242954523,16.85,17.0039587390457,0.6420469276188,0.705896357655605
"14609302","2014-02-05",30.8032883809188,0.0714285714285723,0.218931475029036,0.323090076138857,17.4676020185055,16.4927313148279,16.9801666666667,0.455378698081795,50.4679789515676,16.8656,16.9927642405063,0.547043135129344,0.674125713150353
"14609301","2014-02-06",28.7468369765704,0,0.149825783972125,0.244672699703187,17.4425670375381,16.5557662957953,16.9991666666667,0.399451294445871,50.0906749779774,16.8864,16.9817290084388,0.461681998407593,0.631636970201801
"14609300","2014-02-07",26.8372749582468,0,0.0238095238095239,0.130855594270228,17.4109327626147,16.6244005707186,17.0176666666667,0.363112193275746,50.0906749779774,16.9008,16.9721651406469,0.38954152124584,0.583217880410609
"14609299","2014-02-10",25.0641102269464,0,-2.40548322002117e-16,0.0578784359272163,17.3986719077198,16.6566614256136,17.0276666666667,0.341421826909134,50.0906749779774,16.916,16.9638764552273,0.328581388882832,0.532290582105053
"14609298","2014-02-11",23.6633938489768,0.15384615384615,0.0512820512820498,0.0250305250305247,17.3697112452186,16.7216220881148,17.0456666666667,0.414106468135577,53.55975267487,16.9344,16.9673595945304,0.31470075283464,0.488772616250971
"14609297","2014-02-12",22.3627286408622,0.27586206896551,0.143236074270553,0.0648393751842011,17.3639224719815,16.7430775280185,17.0535,0.397720033613092,53.55975267487,16.9528,16.9703783152597,0.300232259183342,0.451064544837445
"14609296","2014-02-13",22.1483209133288,0,0.143236074270553,0.112584733274386,17.3783432087952,16.7173234578715,17.0478333333334,-0.011079030333532,41.447864175308,16.9596,16.934327873225,0.148998820539381,0.390651399977832
"14609295","2014-02-14",21.4723824961194,0.446808510638296,0.240890193201268,0.175787447247459,17.3754492187896,16.7322174478771,17.0538333333334,0.400761535390569,50.2256482606565,16.9756,16.931084156795,0.12766745862185,0.338054611706636
"14609294","2014-02-18",20.0491944400162,0,0.148936170212765,0.177687479228196,17.3839289410417,16.6784043922917,17.0311666666667,0.0306092931090422,43.2440729518236,16.9792,16.900272935889,0.0104263582209052,0.27252896100949
"14609293","2014-02-19",19.9392484832198,0.84444444444444,0.430417651694245,0.27341467170276,17.375784732113,16.6785486012203,17.0271666666667,0.575775380810621,55.3412365771667,16.998,16.9242365444372,0.0977393737453536,0.237571043556662
"14609292","2014-02-20",20.1163360756951,0.680851063829782,0.508431836091407,0.362595219332806,17.3186530710635,16.7036802622699,17.0111666666667,0.595668186449946,53.4056531235191,17.0068,16.9370050051789,0.136659136284223,0.217388662102175
"14609291","2014-02-21",19.4210211827323,0.276595744680846,0.600630417651689,0.513159968479114,17.2408103664157,16.732856300251,16.9868333333334,0.34873960373333,47.7144978655989,17.01,16.922737671155,0.0760504185879585,0.189121013399331
"14609290","2014-02-24",18.7753716392669,0.638297872340421,0.531914893617016,0.546992382453371,17.2162939361377,16.7397060638623,16.978,0.553155639929248,52.5833244715678,17.0152,16.933039315001,0.107822556167947,0.172861321953054
"14609289","2014-02-25",17.605207281581,0.361702127659575,0.425531914893614,0.51935907538744,17.1880270253821,16.743972974618,16.966,0.418928788200289,48.8380755975355,17.004,16.9246340730009,0.0702141175838777,0.152331881079219
"14609288","2014-02-26",16.4319650620559,0.319148936170214,0.439716312056737,0.465721040189123,17.1587828117787,16.7492171882213,16.954,0.408846516440817,48.2684787455142,16.9916,16.9146828632674,0.0305061666192374,0.127966738187223
"14609287","2014-02-27",15.6027753094965,0.787234042553187,0.489361702127658,0.451536643026003,17.1724146887576,16.7475853112424,16.96,0.790312628694996,54.5481634949019,16.9824,16.9353918148318,0.102763842291576,0.122926159008093
"14609286","2014-02-28",15.4092561237189,0.636363636363636,0.580915538362346,0.503331184182247,17.1856335316563,16.7430331350104,16.9643333333334,0.844178031668568,53.9075090336121,16.9692,16.9506729061875,0.148706611014182,0.128082249409311
"14609285","2014-03-03",15.2295597369254,0.999999999999997,0.807865892972273,0.626047711154093,17.2196009215643,16.7240657451024,16.9718333333334,1.0613459545955,59.0827951306806,16.9724,16.9905831853625,0.276909267864789,0.157847653100407
"14609284","2014-03-04",14.2140611739598,0.636363636363636,0.757575757575756,0.715452396303458,17.234585713886,16.7240809527807,16.9793333333334,0.76248530906915,52.7093201931986,16.9676,16.9985054273142,0.280128252840806,0.182303773048486
"14609283","2014-03-05",13.5752385917282,0.734375000000001,0.790246212121211,0.785229287556414,17.2623008061572,16.7123658605095,16.9873333333334,0.935202991240111,55.7908299353786,16.9684,17.021371370339,0.335685763965987,0.212980171231987
"14609282","2014-03-06",12.9820461939416,0.999999999999997,0.790246212121211,0.77935606060606,17.3210947491057,16.6939052508943,17.0075,1.03014280524178,59.7883632975903,16.9852,17.0638551876271,0.454754491096865,0.261335035204962
"14609281","2014-03-07",13.0519071703258,0.794871794871793,0.843082264957264,0.807858229733229,17.3786040812177,16.6827292521157,17.0306666666667,0.992425724190702,59.1111663047029,16.9968,17.0980078292768,0.533155686751541,0.315699165514278
"14609280","2014-03-10",12.2449270105692,0.49230769230769,0.76239316239316,0.798573879823879,17.4051570182325,16.6911763151008,17.0481666666667,0.796693359364137,53.558166406497,16.9988,17.1049401187066,0.50907127552573,0.354373587516568
"14609279","2014-03-11",11.4955882907953,0.707692307692305,0.664957264957262,0.756810897435896,17.4415888484101,16.69741115159,17.0695,0.85900923638033,57.1298800556093,17.0136,17.1296147695457,0.549576375664595,0.393414145146174
"14609278","2014-03-12",11.8200208007149,0.257575757575759,0.485858585858585,0.637736337736336,17.4505193966896,16.7058139366437,17.0781666666667,0.614362887390941,48.7638419890004,17.0112,17.1123328002729,0.43994079762153,0.402719475641245
"14609277","2014-03-13",12.0678089633114,0.707692307692303,0.557653457653456,0.569489769489768,17.4885456939652,16.7061209727015,17.0973333333333,0.852749590470815,56.1551819158309,17.0268,17.1386884269032,0.493413362898631,0.420858253092722
"14609276","2014-03-14",11.9738824737553,0.383177570093457,0.44948187845384,0.497664640655294,17.518455136743,16.7532115299237,17.1358333333334,0.94974784970393,54.7824643898032,17.0408,17.1548633033161,0.506287278172324,0.437944058108643
"14609275","2014-03-17",11.9955395157221,0.609090909090908,0.566653595625556,0.524596310577618,17.6091173841472,16.7298826158528,17.1695,1.06166265386805,60.2270758065694,17.0652,17.2035481962073,0.631138461711211,0.476582938829156
"14609274","2014-03-18",12.3086062043095,0.446601941747572,0.479623473643979,0.498586315907792,17.6486577862665,16.7853422137336,17.217,1.00155471970649,58.4771924538864,17.0872,17.2377417700463,0.69351531732329,0.519969414527983
"14609273","2014-03-19",12.3951750658499,0.407766990291263,0.487819947043248,0.511365672104261,17.6911755147732,16.7901578185602,17.2406666666667,0.84701501200344,57.2822935979306,17.1044,17.2620428673735,0.715740742419757,0.559123680106338
"14609272","2014-03-20",12.4755604372803,0.514563106796116,0.45631067961165,0.474584700099626,17.7350947750278,16.7985718916389,17.2668333333334,0.848630029005265,59.7198416094102,17.126,17.297770485057,0.775549305552414,0.602408805195553
"14609271","2014-03-21",11.9665344213915,0.242718446601941,0.388349514563107,0.444160047072668,17.7279262673583,16.8490737326417,17.2885,0.562391961298713,51.6419517200408,17.148,17.2914010870494,0.684335618031273,0.618794167762697
"14609270","2014-03-24",11.1715331576795,0.300970873786406,0.352750809061488,0.399137001078748,17.7305639685463,16.886769364787,17.3086666666667,0.616142008450117,53.1057354423642,17.164,17.2938809421095,0.632753220635562,0.62158597833727
"14609269","2014-03-25",10.4333176985184,0.572815533980581,0.372168284789643,0.371089536138079,17.742657107118,16.9406762262154,17.3416666666667,0.809649942095649,59.297577518147,17.1996,17.3333634831616,0.714050129280608,0.640078808525938
"14609268","2014-03-26",10.5501739787254,0.398058252427183,0.423948220064723,0.382955771305285,17.7231053984002,17.0158946015998,17.3695,0.646820910827543,54.3311070932225,17.2128,17.3435816854067,0.686572309829825,0.649377508786715
"14609267","2014-03-27",10.8645367103584,0.349514563106795,0.440129449838186,0.412081984897518,17.715258438844,17.0577415611561,17.3865,0.556018840859011,53.0031180149172,17.2264,17.3457707940191,0.634204625200474,0.646342932069467
"14609266","2014-03-28",10.9309626393071,0.533980582524271,0.427184466019416,0.430420711974109,17.7215296716554,17.0961369950113,17.4088333333334,0.747044786051938,57.2765835264034,17.2552,17.3730013548166,0.673207561333644,0.651715857922302
"14609265","2014-03-31",10.9926438590451,0.533980582524271,0.472491909385112,0.446601941747572,17.7333797757293,17.1142868909374,17.4238333333334,0.70379279065539,57.2765835264034,17.2772,17.3966011741744,0.695905577742417,0.660553801886325
"14609264","2014-04-01",11.2911426093312,0.320512820512819,0.462824661853787,0.454167012419439,17.7192139653514,17.167119367982,17.4431666666667,0.602941295937531,55.7299563715588,17.3024,17.4103876842845,0.682719207529403,0.664986883014941
"14609263","2014-04-02",10.9416048435173,0.205128205128205,0.353207202721765,0.429507924653555,17.7131843460947,17.1978156539054,17.4555,0.534603059137246,52.9579338931072,17.3248,17.4103359930465,0.623344668376902,0.656658440087333
"14609262","2014-04-03",10.8200193589198,0.333333333333334,0.286324786324786,0.36745221696678,17.7293425094414,17.2086574905587,17.469,0.7707971132001,55.6005139979238,17.3424,17.423624527307,0.615508140086241,0.648428380087115
"14609261","2014-04-04",11.0757737123699,0.423076923076919,0.320512820512819,0.32001493651979,17.7568500606858,17.2121499393142,17.4845,0.865032658396764,57.4043208947758,17.3636,17.4444745903327,0.634301189519237,0.645602941973539
"14609260","2014-04-07",11.6660893739753,0.999999999999998,0.585470085470084,0.397435897435897,17.8458765955934,17.1941234044066,17.52,1.19044541106202,65.7525072230643,17.3924,17.514544644955,0.81945060096158,0.680372473771147
"14609259","2014-04-08",12.6295335262441,0.853658536585363,0.758911819887427,0.554964908623443,17.9260095236881,17.1793238096453,17.5526666666667,1.08569934459501,65.0484409332227,17.4284,17.572605358961,0.945083832465987,0.733314745510115
"14609258","2014-04-09",13.5241602390652,0.999999999999998,0.95121951219512,0.765200472517544,17.9909059825342,17.2050940174659,17.598,1.10065260008987,67.3102150549291,17.4644,17.6389246444329,1.08623250423068,0.803898297254228
"14609257","2014-04-10",14.6504371773123,0.915662650602407,0.923107062395923,0.877746131492823,18.067782331488,17.2002176685121,17.634,1.02945140914077,67.3102150549291,17.4936,17.6964013585085,1.18348771050527,0.879816179904437
"14609256","2014-04-11",14.4549344073487,0.205128205128205,0.706930285243537,0.860418953278193,18.0750542036968,17.2166124629699,17.6458333333333,0.582513850355571,50.0827417946544,17.5016,17.672881177374,0.99801817911418,0.903456579746385
"14609255","2014-04-14",14.2733961209539,0.948717948717948,0.68983626814952,0.773291205262993,18.1404414544885,17.1948918788448,17.6676666666667,0.957229683635567,61.3243453889112,17.5396,17.7298303537242,1.10261468941641,0.943288201680391
"14609254","2014-04-15",14.2291685574777,0.910256410256408,0.688034188034187,0.694933580475748,18.1947438945294,17.183589438804,17.6891666666667,0.886521892002079,60.5645891690886,17.5708,17.7751863065609,1.15782242666378,0.986195046677069
"14609253","2014-04-16",14.8518677557667,0.671232876712325,0.84340241189556,0.740424289359756,18.2252079543616,17.1944587123051,17.7098333333333,0.749171498609011,56.3074344595112,17.6068,17.7918281323528,1.11130474540286,1.01121698642223
"14609252","2014-04-17",16.0905031261393,0.381578947368418,0.654356078112384,0.728597559347377,18.239251015603,17.206748984397,17.723,0.629458986642886,51.7029429231038,17.6224,17.7795843813724,0.972515450931111,1.003476679324
"14609251","2014-04-21",17.2406645414852,0.776315789473681,0.609709204518141,0.702489231508695,18.2623946170854,17.2542720495813,17.7583333333334,0.789316672464485,57.3383985623521,17.652,17.8089731305228,0.98715389547317,1.00021212255384
"14609250","2014-04-22",18.5027738010054,0.69736842105263,0.618421052631576,0.627495445087367,18.2767325265691,17.300267473431,17.7885,0.726838635226255,55.9327106411978,17.6688,17.8264433797864,0.960317689202084,0.992233235883487
"14609249","2014-04-23",20.1000943400924,0.439393939393937,0.637692716640083,0.621940991263267,18.2869132610329,17.3224200723005,17.8046666666667,0.612667116715945,52.6870106038141,17.6824,17.8229175958149,0.865660210317709,0.966918630770331
"14609248","2014-04-24",21.3752773088219,0.476923076923072,0.53789514578988,0.59800297168718,18.2888640848395,17.3674692484939,17.8281666666667,0.62499165626259,53.3122173626861,17.6988,17.8238619163729,0.795069671482018,0.932548838912669
"14609247","2014-04-25",22.559375779785,0.52307692307692,0.479797979797977,0.551795280742647,18.2774335839303,17.4305664160698,17.854,0.601550754668234,53.9672974993189,17.712,17.8286803275232,0.744123627659943,0.894863796662124
"14609246","2014-04-28",23.1367625775604,0.999999999999997,0.666666666666663,0.56145326408484,18.3070499444729,17.4616167221938,17.8843333333334,0.837893826666202,60.1841714597251,17.7488,17.8741896171868,0.834163927210763,0.882723822771851
"14609245","2014-04-29",24.1803913631748,0.761194029850745,0.761423650975888,0.635962765813509,18.3127578043216,17.5092421956784,17.911,0.714474157663596,56.4747119092225,17.7776,17.8949643348952,0.832397837021182,0.872658625621717
"14609244","2014-04-30",25.562649296787,0.567164179104473,0.776119402985072,0.734736573542541,18.2896229833922,17.5793770166079,17.9345,0.549982684394123,53.1959710372252,17.79,17.8956357569092,0.763510908354004,0.850829082168175
"14609243","2014-05-01",26.8461745208555,0.746268656716414,0.691542288557211,0.743028447506057,18.2509279489052,17.6754053844282,17.9631666666667,0.645085536439137,55.7497948711102,17.8144,17.912217655988,0.754284174408659,0.831520100616272
"14609242","2014-05-02",28.2592302464387,0.510204081632649,0.607878972484513,0.691846888008932,18.2208181601139,17.7448485065528,17.9828333333334,0.543069972731669,53.9021633224763,17.838,17.9172553018562,0.707228514583225,0.806661783409662
"14609241","2014-05-05",29.5713534201945,0.795918367346934,0.684130368565333,0.661183876535686,18.2019731525484,17.8046935141183,18.0033333333334,0.726540681409292,56.9734694266672,17.8596,17.9402879282754,0.724547452537472,0.790238917235224
"14609240","2014-05-06",29.6077542656437,0.740740740740743,0.682287729906776,0.658099023652207,18.2196090281393,17.8047243051941,18.0121666666667,0.824186436765334,57.1928587212437,17.8816,17.961582871172,0.734155606527898,0.779022255093759
"14609239","2014-05-07",30.0404834156025,0.555555555555556,0.697404887881078,0.687940995451062,18.2200720577284,17.8055946089383,18.0128333333334,0.477079573260866,54.215785338392,17.9016,17.9667051550157,0.688827595138108,0.760983323102629
"14609238","2014-05-08",28.7271669001838,0.478260869565212,0.591519055287171,0.657070557691675,18.2236295083794,17.8050371582873,18.0143333333334,0.704654162093068,54.7234023846636,17.926,17.973811134347,0.65432420024818,0.739651498531739
"14609237","2014-05-09",27.507658707295,0.478260869565212,0.504025764895327,0.597649902687859,18.2168445833632,17.8044887499701,18.0106666666667,0.522634173152135,54.7234023846636,17.9464,17.9799696497674,0.619812105912643,0.71568362000792
"14609236","2014-05-12",25.9306125188637,0.434782608695648,0.463768115942025,0.519770978708174,18.1865147984599,17.8711518682068,18.0288333333334,0.662246928088829,54.028675483001,17.9632,17.9826403631317,0.576821814174155,0.687911258841167
"14609235","2014-05-13",25.3842578679009,0.516129032258063,0.476390836839641,0.481394905892331,18.2191131036703,17.8535535629964,18.0363333333334,1.08449210837913,58.304109649106,17.9704,18.0049549813808,0.603039184689202,0.670936844010774
"14609234","2014-05-14",24.3264642722025,0.322033898305086,0.424315179752933,0.454824710844866,18.2344821523124,17.8485178476877,18.0415,0.867477851277515,54.6547667196534,17.9744,18.0109609838634,0.572319987074033,0.651213472623426
"14609233","2014-05-15",23.3442273619111,0.81818181818182,0.552114916248323,0.484273644280299,18.3026581135788,17.822008553088,18.0623333333334,1.16784623639768,62.2820448914995,17.9856,18.0561661860149,0.674350598364204,0.655840897771581
"14609232","2014-05-16",22.4321502309262,0.927272727272726,0.689162814586544,0.5551976368626,18.35534673333,17.82465326667,18.09,1.10298462314597,63.6007422958158,17.9992,18.1033440278796,0.772601177288901,0.679192953675045
"14609231","2014-05-19",21.8253444494745,0.29090909090909,0.678787878787879,0.640021869874249,18.3587276659354,17.828605667398,18.0936666666667,0.55596196111177,52.1474235894164,18.0208,18.0975648241623,0.68632813835614,0.680619990611264
"14609230","2014-05-20",21.2618819381266,0.399999999999997,0.539393939393938,0.635781544256121,18.3672198918615,17.8374467748052,18.1023333333334,0.652895640401793,54.4204193965068,18.0228,18.1045561809407,0.6505785397249,0.674611700433992
"14609229","2014-05-21",20.7386667490177,0.399999999999997,0.363636363636362,0.527272727272726,18.3649952934221,17.8633380399113,18.1141666666667,0.571429911722673,54.4204193965068,18.026,18.1106153568153,0.615134828929453,0.662716326133084
"14609228","2014-05-22",19.7375826234986,0.555555555555554,0.45185185185185,0.451627384960717,18.3843012884973,17.8806987115027,18.1325,0.852460468052571,57.0494115208907,18.04,18.1291999759066,0.6243405123183,0.655041163370127
"14609227","2014-05-23",18.7806599234568,0.111111111111112,0.355555555555555,0.390347923681256,18.3769488515173,17.9007178151494,18.1388333333334,0.348462907379809,50.7452279981201,18.054,18.118639979119,0.536384122118716,0.631309755119845
"14609226","2014-05-27",18.2403027280087,0.666666666666667,0.444444444444445,0.417283950617283,18.399594536758,17.894405463242,18.147,0.868838803334488,57.1233550989432,18.066,18.1428213152365,0.571362005213372,0.61932020513855
"14609225","2014-05-28",17.7385424750927,0.666666666666667,0.481481481481482,0.427160493827161,18.4170738908599,17.8985927758068,18.1578333333334,0.774198350796442,57.1233550989432,18.0804,18.163778473205,0.592114823710665,0.613879128852973
"14609224","2014-05-29",21.9061527879262,0.285714285714286,0.53968253968254,0.488536155202823,19.2747317334168,17.2822682665832,18.2785,1.55639745389072,73.2141997109152,18.1404,18.3152746767776,1.03828517735645,0.698760338553668
"14609223","2014-05-30",25.776076649843,0.637362637362637,0.52991452991453,0.517026183692851,20.0637172162514,16.8132827837486,18.4385,1.36393579842322,83.7330583879009,18.2632,18.6599047198739,2.05811625744454,0.970631522331843
"14609222","2014-06-02",29.518778917981,0.766666666666666,0.563247863247863,0.544281644281645,20.8029971127785,16.4543362205549,18.6286666666667,1.23079968265241,85.9597266020152,18.4088,19.0385840905574,3.06452985720562,1.3894111893066
"14609221","2014-06-03",33.125624847372,0.816115702479338,0.740048335502881,0.611070242888425,21.5192365161068,16.1584301505599,18.8388333333334,1.14502112136641,87.4957904949065,18.562,19.4334395451498,3.99852127665341,1.91123320677596
"14609220","2014-06-04",36.4748389246637,0.886363636363636,0.823048668503214,0.708781622417986,22.1571256942484,15.9578743057517,19.0575,1.05853518159063,88.4232875872837,18.7344,19.8209809391298,4.79493533078967,2.4879736315787
"14609219","2014-06-05",35.3138168369004,0.392561983471074,0.698347107438016,0.753814703814704,22.3609985710263,16.0433347623071,19.2021666666667,0.76821623487805,56.6266661569804,18.8164,19.8381834805792,4.39452048368649,2.86928300200026
"14609218","2014-06-06",34.1719396982617,0.382231404958677,0.553719008264463,0.691704928068564,22.441334961421,16.162665038579,19.302,0.626566084287315,56.1715861121831,18.8916,19.8464256831686,4.0108336051174,3.09759312262369
"14609217","2014-06-09",32.3651068620858,0.258264462809917,0.34435261707989,0.532139577594123,22.4681050538453,16.2965616128214,19.3823333333334,0.539590312483125,50.8866847550604,18.9456,19.7735689254128,3.42422566798362,3.16291963169568
"14609216","2014-06-10",30.6873335142082,0.34090909090909,0.327134986225895,0.408402203856749,22.4988018437457,16.436864822921,19.4678333333334,0.553145828727666,53.9942867455293,19.01,19.7637597353578,3.08687064918216,3.14770983519297
"14609215","2014-06-11",29.373343674403,0.330578512396694,0.309917355371901,0.327134986225895,22.5289113184518,16.5650886815482,19.547,0.548011711743656,53.5382654405374,19.072,19.7485917706434,2.76742854405356,3.07165357696509
"14609214","2014-06-12",28.1532102517268,0.400826446280991,0.357438016528925,0.331496786042241,22.5573482495814,16.7173184170853,19.6373333333334,0.56038781937453,56.2444890594622,19.1516,19.7807795345576,2.62275783184052,2.98187442794018
"14609213","2014-06-13",26.4696440142505,0.28322440087146,0.338209786516382,0.335188386139069,22.5664344804364,16.840898852897,19.7036666666667,0.501106155606272,52.4692578428486,19.2148,19.7566755966166,2.32221486640127,2.8499425156324
"14609212","2014-06-16",24.6661726902014,0.215686274509804,0.299912373887418,0.331853392310909,22.5590033277851,16.9496633388816,19.7543333333334,0.440991275149159,49.6183221316999,19.2656,19.6944521837344,1.93512472390018,2.66697895728595
"14609211","2014-06-17",22.9915207464416,0.0222222222222227,0.173710965867829,0.270611042090543,22.5289241215552,17.1120758784448,19.8205,0.430986928827327,50.3678003273709,19.3204,19.6511918925698,1.64217588152178,2.46201834213312
"14609210","2014-06-18",21.4215058486103,0.0444444444444444,0.0941176470588238,0.189246995604691,22.4946014593421,17.278398540658,19.8865,0.426542990631326,51.1503865371119,19.3724,19.6243663068938,1.42648056651675,2.25491078700985
"14609209","2014-06-19",20.2148051464772,0.0305555555555554,0.0324074074074078,0.100078673444687,22.4470296442026,17.4666370224641,19.9568333333334,0.419651582302961,50.6132342144051,19.4264,19.594450799308,1.2209240290364,2.04811343541516
"14609208","2014-06-20",19.2752335485168,0.133333333333333,0.0694444444444447,0.0653231663035589,22.4078906586744,17.6591093413257,20.0335,0.459954638051671,54.4271502505166,19.4832,19.6178573594002,1.19666061392936,1.877822871118
"14609207","2014-06-23",18.5268666630226,0.133704735376045,0.099197874754978,0.0670165755356103,22.3229553395486,17.9243779937848,20.1236666666667,0.442329838325796,54.4271502505166,19.5376,19.6381430448135,1.16382801091106,1.73502389907661
"14609206","2014-06-24",17.9447158005449,0.174285714285714,0.147107927665031,0.105250082288151,22.2487493455853,18.1632506544148,20.206,0.444682395691754,55.8174930466232,19.6112,19.6730573055051,1.17742616865104,1.6235043529915
"14609205","2014-06-25",17.9356429444586,0.533333333333333,0.280441260998364,0.175582354472791,22.1446637806616,18.4486695526718,20.2966666666667,0.450396747931862,56.1499598482881,19.6824,19.7073163314377,1.18648669657613,1.53610082170842
"14609204","2014-06-26",17.9272181495213,0.848739495798318,0.518786181139122,0.315445123267506,22.142741564421,18.447258435579,20.295,0.514883033715056,60.1343506283272,19.7684,19.7863408205794,1.32904328860144,1.49468931508703
"14609203","2014-06-27",17.3629638900142,0.638655462184874,0.673576097105509,0.490934513080999,22.0374396685614,18.4462269981053,20.2418333333334,0.483710237914538,56.4050057542808,19.8404,19.8214953778355,1.32395463296588,1.4605423786628
"14609202","2014-06-30",16.5170032557142,0.512605042016805,0.666666666666666,0.619676314970433,21.7975142834855,18.5011523831812,20.1493333333334,0.441551725055156,54.2318046757691,19.9144,19.8319626607907,1.24430270400473,1.41729444373118
"14609201","2014-07-01",15.9984026655051,0.512605042016805,0.554621848739495,0.63162153750389,21.3560151361394,18.713318197194,20.0346666666667,0.488143425425898,54.2318046757691,19.9784,19.8410343060186,1.16766618223589,1.36736879143213
"14609200","2014-07-02",15.5947813665509,0.588235294117645,0.537815126050419,0.586367880485527,20.5842435853393,19.2407564146608,19.9125,0.622194443124996,55.4268281087434,20.046,19.8608963985495,1.13041878240119,1.31997878962594
"14609199","2014-07-03",14.9728309842269,0.504201680672269,0.53501400560224,0.542483660130718,20.3621503565971,19.365849643403,19.864,0.562899349399974,53.747584296698,20.0696,19.8647768787429,1.04810304778167,1.26560364125708
"14609198","2014-07-07",13.9807993381354,0.315315315315313,0.469250763368409,0.51402663167369,20.338082070273,19.3649179297271,19.8515,0.495033383237233,50.9230814855204,20.0224,19.8454732949105,0.90337412704955,1.19315773841558
"14609197","2014-07-08",13.1555077465702,0.629629629629627,0.483048875205737,0.495771214725462,20.3617487369396,19.3885845963937,19.8751666666667,0.731033310790903,56.1752728948149,19.9656,19.8767435222558,0.924339989563339,1.13939418864513
"14609196","2014-07-09",12.8929262628772,0.296296296296296,0.413747080413746,0.455348906329298,20.362659657805,19.3916736755284,19.8771666666667,0.451423946866769,50.3700329213725,19.8744,19.855844385955,0.78557406804376,1.06863016452486
"14609195","2014-07-10",12.9080915959892,0,0.308641975308641,0.401812643642708,20.3614323242288,19.3825676757712,19.872,0.354933978641706,48.5682963869231,19.7648,19.821731801161,0.619623797504043,0.978828891120693
"14609194","2014-07-11",13.2796294676866,0,0.0987654320987657,0.273718162607051,20.3564760921082,19.3421905745585,19.8493333333334,0.191737029409602,46.0549753676018,19.744,19.7695008943395,0.41388551933832,0.865840216764219
"14609193","2014-07-14",13.214667004189,0.304761904761904,0.101587301587302,0.169664902998237,20.3574430720954,19.349890261238,19.8536666666667,0.443427283030927,51.176611824066,19.738,19.7669007750943,0.377071083250691,0.768086390061513
"14609192","2014-07-15",13.1244533698775,0.447619047619045,0.25079365079365,0.150382128159906,20.3410844643165,19.4139155356836,19.8775,0.524267422370534,53.4095672848099,19.762,19.784647338415,0.404465824486433,0.695362276946497
"14609191","2014-07-16",13.3294639120969,0.343137254901962,0.365172735760971,0.239184562713975,20.3174728827225,19.4775271172776,19.8975,0.439480219527705,51.3848611283183,19.7652,19.784027693293,0.372866179121356,0.630863057381469
"14609190","2014-07-17",13.3525675827797,0.588235294117648,0.459663865546219,0.358543417366947,20.3059867347604,19.5416799319064,19.9238333333334,0.638905824559198,55.1955827411242,19.7804,19.816824000854,0.444598384849937,0.593610122875163
"14609189","2014-07-18",14.1273723831128,0.341463414634147,0.424278654551253,0.416371751952815,20.2843191112464,19.589014222087,19.9366666666667,0.322619781255272,49.8131976514087,19.7692,19.8025808007401,0.366756226710208,0.548239343642172
"14609188","2014-07-21",14.9127897933399,0.304878048780487,0.411525585844094,0.431822701980522,20.2889969020932,19.5716697645735,19.9303333333334,0.202134973722745,49.3275559173465,19.7724,19.7862366939747,0.28948624582843,0.496488724079423
"14609187","2014-07-22",14.923317082657,0.439024390243901,0.361788617886179,0.399197619427176,20.2888255606275,19.5705077727059,19.9296666666667,0.398373670779806,51.2059826907736,19.7924,19.7867384681114,0.270009184139264,0.451192816091391
"14609186","2014-07-23",15.0363997038046,0.450704225352111,0.398202221458833,0.390505475063036,20.2830728467006,19.5619271532994,19.9225,0.380976432198413,50.4732664485489,19.8076,19.7818400056966,0.235539029859977,0.408062058845108
"14609185","2014-07-24",15.3777143662064,0.32394366197183,0.404557425855948,0.388182755066987,20.260419162547,19.5509141707863,19.9056666666667,0.318183097373419,48.781887520679,19.816,19.7655946716037,0.169527427862293,0.360355132648545
"14609184","2014-07-25",15.614257573321,0.422535211267605,0.399061032863849,0.400606893392877,20.1708779301851,19.5884554031483,19.8796666666667,0.414723994417982,50.1802546957131,19.8292,19.7608487153899,0.144129704857909,0.317110047090418
"14609183","2014-07-28",14.8152284219573,0.574712643678159,0.440397172305865,0.414671877008555,20.1419125193479,19.6044208139855,19.8731666666667,0.835198971201206,54.0411124259004,19.8356,19.7834022200046,0.203305841420476,0.29434920595643
"14609182","2014-07-29",14.0732727814053,0.712643678160918,0.569963844368895,0.469807349846204,20.1689936268124,19.5936730398543,19.8813333333334,0.914841172168998,56.2327440000354,19.8468,19.8189485906706,0.295582782396453,0.294595921244434
"14609181","2014-07-30",13.1966628663281,0.977272727272726,0.754876349703935,0.588412455459565,20.2327663218844,19.5592336781156,19.896,1.09487341908874,60.3093686539287,19.8624,19.8817554452479,0.460649033690808,0.327806543733709
"14609180","2014-07-31",13.3351818689202,0.523076923076923,0.737664442836856,0.687501545636562,20.2282881896586,19.5607118103414,19.8945,0.72793896156464,53.7897476030695,19.8652,19.8975213858815,0.468028069140436,0.355850848815054
"14609179","2014-08-01",12.4145497060917,0.428571428571426,0.642973692973692,0.711838161838161,20.2549936507361,19.555006349264,19.905,0.830958384787024,53.5746756360896,19.8528,19.909851867764,0.464417711080967,0.377564221268237
"14609178","2014-08-04",11.8193627113336,0.324675324675324,0.425441225441225,0.602026453750591,20.2722020893738,19.5601312439596,19.9161666666667,0.716036556367967,51.7906132996248,19.8472,19.9098716187288,0.424227521743581,0.386896881363306
"14609177","2014-08-05",12.1472549442772,0,0.25108225108225,0.439832389832389,20.2507441363468,19.5579225303199,19.9043333333334,0.440821706997357,45.6513027629993,19.8356,19.8698887362316,0.267601840545195,0.363037873199684
"14609176","2014-08-06",12.5863573275974,0,0.108225108225108,0.261582861582861,20.2510011142931,19.552998885707,19.902,0.329990991709191,44.7002343022128,19.822,19.8285702380674,0.121552187900975,0.314740736139942
"14609175","2014-08-07",13.1859772027986,0,4.44089209850063e-16,0.11976911976912,20.2663119871702,19.5206880128298,19.8935,0.0527236093835818,43.3389473497551,19.802,19.7834275396584,-0.0226904719748511,0.247254494516983
"14609174","2014-08-08",13.742767086914,0.223404255319149,0.0744680851063835,0.0608977311104978,20.2491496798406,19.5541836534927,19.9016666666667,0.209817949337084,48.4143949590748,19.7944,19.7723038677039,-0.050869813416754,0.187629632930236
"14609173","2014-08-11",14.5513616957601,0.117021276595747,0.113475177304966,0.0626477541371169,20.261093705188,19.5225729614787,19.8918333333334,0.104840709189016,46.2880955802684,19.7896,19.7493300186768,-0.112780273925761,0.127547651559036
"14609172","2014-08-12",16.3739199959209,0,0.113475177304966,0.100472813238772,20.3108351906846,19.4134981426487,19.8621666666667,-0.119053900890314,38.1651418172802,19.7524,19.6694193495199,-0.342425733811325,0.0335529744849643
"14609171","2014-08-13",18.0662955603559,0.2734375,0.130152925531916,0.11903442671395,20.318995774629,19.3723375587043,19.8456666666667,0.152461686313422,46.0894068470138,19.7436,19.6468301029172,-0.376925357986813,-0.0485426920093911
"14609170","2014-08-14",18.7444558619704,0.460937499999999,0.244791666666667,0.162806589834517,20.2987527847003,19.363580548633,19.8311666666667,0.402513501630378,50.7501818214604,19.7492,19.6592527558616,-0.302205935810296,-0.099275340769572
"14609169","2014-08-15",19.9345894964795,0.2734375,0.3359375,0.236960697399528,20.3008252706076,19.3361747293925,19.8185,0.232027310455455,46.4275843392304,19.752,19.63801905508,-0.337698285976407,-0.146959929810939
"14609168","2014-08-18",20.992935750697,0.281250000000002,0.338541666666667,0.306423611111112,20.3038115692081,19.3185217641253,19.8111666666667,0.25523275951644,46.6315538216288,19.7424,19.620949847736,-0.357663468352376,-0.189100637519226
"14609167","2014-08-19",20.7126251516604,0.390624999999999,0.315104166666667,0.329861111111112,20.2989945872504,19.3136720794163,19.8063333333334,0.452976479310102,49.5287679188712,19.7324,19.6248232013712,-0.312315204166091,-0.213743550848599
"14609166","2014-08-20",20.4523367382693,0.562500000000001,0.411458333333334,0.355034722222223,20.3020561433785,19.3149438566215,19.8085,0.572433502205586,53.775434793559,19.736,19.6575134411884,-0.183852414282526,-0.207765323535385
"14609165","2014-08-21",19.0383983925428,0.661290322580643,0.538138440860215,0.421566980286739,20.3278821322521,19.3174512010813,19.8226666666667,0.734883281985745,55.603998711279,19.7336,19.6991783156966,-0.0407277933682226,-0.174357817501952
"14609164","2014-08-22",17.7254556429396,0.672131147540982,0.631973823373876,0.527190199189142,20.3389576771247,19.3203756562087,19.8296666666667,0.637773228322943,55.603998711279,19.744,19.7352878736037,0.0716469926721697,-0.125156855467128
"14609163","2014-08-25",17.1098670703587,0.688073394495412,0.673831621539013,0.614647961924368,20.3301960970244,19.322137236309,19.8261666666667,0.655910208016138,53.8738527140728,19.7528,19.7572494904566,0.130450861511355,-0.0740353120714313
"14609162","2014-08-26",16.6993479014306,0.642201834862387,0.667468792299594,0.657758079070828,20.3088988172906,19.3281011827094,19.8185,0.651067520396205,52.6145242399393,19.7552,19.7696162250624,0.154802346247584,-0.0282677804076281
"14609161","2014-08-27",16.3181515302832,0.880733944954128,0.737003058103976,0.692767823980861,20.268958286135,19.3493750471983,19.8091666666667,0.82714094885108,58.0994275031896,19.7696,19.8150007283874,0.276810076273803,0.0327477909286582
"14609160","2014-08-28",15.4502843726797,0.770642201834861,0.764525993883792,0.722999281429121,20.2609046820908,19.351761984576,19.8063333333334,0.702021824702222,54.9386474799206,19.7828,19.8383339646024,0.320743500798337,0.090346932902594
"14609159","2014-08-29",14.4950634249421,0.669724770642201,0.773700305810397,0.758409785932722,20.2282100492051,19.3631232841283,19.7956666666667,0.647576719261558,52.1385234460133,19.7888,19.8438894359887,0.307242755894266,0.133726097500928
"14609158","2014-09-02",13.9728571689039,0.918918918918918,0.786428630465327,0.774884976719839,20.2500134606225,19.3523198727108,19.8011666666667,0.922007395880574,58.3703495117112,19.7988,19.8887041778569,0.413538313876205,0.189688540775984
"14609157","2014-09-03",13.355546774066,0.608108108108107,0.732250599223076,0.764126511832934,20.2583196844956,19.3526803155045,19.8055,0.65955578450718,52.7044628027101,19.7948,19.8968769541427,0.399720040989693,0.231694840818726
"14609156","2014-09-04",12.8934810434899,0.594594594594596,0.707207207207207,0.74196214563187,20.2799517992901,19.3550482007099,19.8175,0.722545715736499,52.4660056020659,19.7808,19.9026266935903,0.380317897046556,0.261419452064292
"14609155","2014-09-05",12.4644200079551,0.671232876712328,0.624645193138344,0.688034333189543,20.3010919907684,19.384241342565,19.8426666666667,0.740678966742322,53.8161768802374,19.7808,19.9156098011116,0.384800863258272,0.286095734303088
"14609154","2014-09-08",11.8985892277536,0.525423728813562,0.597083733373495,0.642978711239683,20.3208771512734,19.39845618206,19.8596666666667,0.695500036699185,52.7406446904446,19.7796,19.9215284942967,0.367886413406082,0.302453870123687
"14609153","2014-09-09",11.6509448269376,0,0.398885535175297,0.540204820562379,20.3187248683768,19.4276084649566,19.8731666666667,0.496446405144666,46.708860715562,19.772,19.8946580283905,0.254304987595888,0.292824093618127
"14609152","2014-09-10",11.4209893118941,0.423076923076927,0.316166883963496,0.437378717504097,20.2680482343389,19.5429517656612,19.9055,0.565968233744861,52.1150976306916,19.7852,19.9007036246051,0.250587980493089,0.284376870993119
"14609151","2014-09-11",10.7952074530996,0.791666666666668,0.404914529914532,0.373322316351109,20.2629614088295,19.6087052578373,19.9358333333334,0.786585001479352,55.6397481152622,19.8068,19.9272764746577,0.30888044512134,0.289277585818763
"14609150","2014-09-12",10.2359703354086,0.583333333333333,0.599358974358976,0.440146796079002,20.2669957894457,19.633670877221,19.9503333333334,0.625791146264546,53.0133105718913,19.8272,19.9369729447034,0.310929938750637,0.293608056405138
"14609149","2014-09-15",9.71667872612407,0.583333333333333,0.652777777777778,0.552350427350429,20.2337916367862,19.7108750298805,19.9723333333334,0.552908372580389,53.0133105718913,19.8392,19.9453765520763,0.308971965144811,0.296680838153073
"14609148","2014-09-16",9.56580060588631,0.250000000000001,0.472222222222223,0.574786324786326,20.1774805844108,19.8055194155892,19.9915,0.397390722833755,48.7436864503874,19.8488,19.9313263451328,0.239910658977016,0.285326802317861
"14609147","2014-09-17",9.50578538560684,0.4375,0.423611111111112,0.516203703703705,20.1573292438566,19.8516707561434,20.0045,0.550710190042278,51.128045400878,19.88,19.9311494991151,0.219083774105622,0.272078196675413
"14609146","2014-09-18",10.5185946638761,0.551282051282049,0.41292735042735,0.436253561253562,20.20413277562,19.8435338910467,20.0238333333334,1.17341676228591,56.4599027121628,19.906,19.9603295658997,0.288243970046276,0.275311351349586
"14609145","2014-09-19",11.7040957710559,0.767441860465115,0.585407970582388,0.473982144040284,20.3010596246508,19.7852737086826,20.0431666666667,1.28230131437882,61.2229355616933,19.9316,20.0162856237798,0.430702639458103,0.306389608971289
"14609144","2014-09-22",12.8049182277229,0.779069767441861,0.699264559729676,0.565866626913138,20.3649296213744,19.7650703786256,20.065,1.06957806484903,61.4205447435461,19.9672,20.0661142072758,0.540908359134695,0.353293359003971
"14609143","2014-09-23",12.8738747765874,0.569767441860467,0.705426356589148,0.663366295633738,20.3930767496421,19.7675899170246,20.0803333333334,0.83520556426306,55.8986201958791,19.9952,20.085298979639,0.54930383484213,0.392495454171602
"14609142","2014-09-24",12.9379058576759,0.674418604651164,0.674418604651164,0.693036506989997,20.4252884322883,19.7720449010451,20.0986666666667,0.859233050834863,57.9349713939924,20.0212,20.1139257823538,0.585229409070553,0.431042245151393
"14609141","2014-09-25",12.4010828801944,0.325581395348838,0.52325581395349,0.634366925064601,20.4280305484727,19.7733027848607,20.1006666666667,0.575349383476793,49.6974258942352,20.0264,20.09873567804,0.487679610999248,0.442369718320964
"14609140","2014-09-26",11.9026044011045,0.837209302325583,0.612403100775195,0.603359173126617,20.4777398059639,19.7685935273694,20.1231666666667,0.946781352306129,58.9226262005306,20.0452,20.1442375876346,0.580099890660457,0.469915752788862
"14609139","2014-09-29",12.9460128561802,0.216216216216216,0.45966897129688,0.531775962008522,20.4747260927268,19.7889405739399,20.1318333333334,0.448720604761537,49.2046388930399,20.0464,20.1250059092834,0.471508460348757,0.470234294300841
"14609138","2014-09-30",13.9148921358934,0.554054054054054,0.535826524198618,0.535966198756898,20.4815343025855,19.7891323640812,20.1353333333334,0.665607084974878,53.8608809179471,20.0604,20.1416717880456,0.480101227203944,0.472207680881462
"14609137","2014-10-01",14.81456575277,0.554054054054054,0.441441441441442,0.47897897897898,20.489029526272,19.8116371403947,20.1503333333334,0.647132841680194,53.8608809179471,20.0764,20.1561155496395,0.481304564450613,0.474027057595292
"14609136","2014-10-02",17.0054301644553,0,0.36936936936937,0.44887911166981,20.5004125493835,19.7835874506166,20.142,0.101948461592398,43.6514370174909,20.06,20.0953001430209,0.258823340563241,0.430986314188882
"14609135","2014-10-03",19.0398042610202,0.147727272727271,0.233927108927109,0.348245973245974,20.511919571938,19.7494137613954,20.1306666666667,0.114429167705824,46.2450914293168,20.0536,20.0599267906181,0.132880881884478,0.371365227728001
"14609134","2014-10-06",21.5219499618928,0,0.0492424242424243,0.217512967512968,20.5525618458695,19.6654381541306,20.109,-0.066249484723726,41.0764390785275,20.0384,19.9852698852024,-0.0990858022957508,0.277275021723251
"14609133","2014-10-07",23.8267995412745,0.212962962962963,0.120230078563412,0.134466537244316,20.5619548046515,19.6443785286819,20.1031666666667,0.11874195912085,45.6369555566449,20.0204,19.9512339005087,-0.188306295754348,0.184158758227731
"14609132","2014-10-08",26.6417496648776,0,0.0709876543209883,0.0801533857089419,20.626195905657,19.5241374276764,20.0751666666667,-0.11869070195145,38.8747185625672,19.9924,19.8577360471076,-0.448910881298814,0.0575448303224221
"14609131","2014-10-09",29.255631922509,0.208333333333333,0.140432098765433,0.110549943883278,20.6485222172188,19.4394777827812,20.044,0.0500578932377386,43.5650678372652,19.9748,19.8100379074932,-0.54830659417503,-0.0636254545770683
"14609130","2014-10-10",30.0063197779508,0.108333333333332,0.105555555555556,0.105658436213993,20.6634470576629,19.3748862756705,20.0191666666667,0.122964364488769,41.9029756873441,19.95,19.7526995198275,-0.668782161411074,-0.18465679594387
"14609129","2014-10-13",30.7033870722897,0.458333333333334,0.258333333333334,0.168106995884774,20.6604965028907,19.3578368304427,20.0091666666667,0.339431072373935,49.2071630027954,19.9436,19.7590062505171,-0.586057913835258,-0.264937019522147
"14609128","2014-10-14",32.0855607284622,0.108333333333332,0.225,0.196296296296297,20.6826329238874,19.2823670761126,19.9825,0.0982905668277829,43.3392449802764,19.93,19.7084720837815,-0.684479705445995,-0.348845556706917
"14609127","2014-10-15",31.9798389369909,0.10924369747899,0.225303454715219,0.236212262682851,20.6847246860675,19.2316086472659,19.9581666666667,0.207639774120346,43.3392449802764,19.9076,19.664675805944,-0.754207372084736,-0.429917919782481
"14609126","2014-10-16",31.8816687020533,0.192307692307691,0.136628241040005,0.195643898585075,20.6603031470768,19.1760301862565,19.9181666666667,0.195810668308271,44.6158579717574,19.8816,19.6360523651514,-0.772097533621541,-0.498353842550293
"14609125","2014-10-17",30.4790191041098,0.0799999999999982,0.127183796595561,0.163038497450262,20.5920625936431,19.1506040730236,19.8713333333334,0.249327970132598,42.8341562157498,19.8548,19.5952453831313,-0.826358599954291,-0.563954794031092
"14609124","2014-10-20",28.5062070195072,0.999999999999998,0.424102564102563,0.229304867246043,20.5639045656302,19.1630954343699,19.8635,0.775911965002857,57.008908924861,19.8648,19.6825459987138,-0.485437530723121,-0.548251341369498
"14609123","2014-10-21",26.6186964489199,0.979999999999999,0.686666666666665,0.412651009121597,20.5540521289388,19.1669478710612,19.8605,0.76638228374076,56.6798795719786,19.8804,19.7555398655519,-0.221763651526852,-0.482953803400969
"14609122","2014-10-22",25.4331726652712,0.649999999999997,0.876666666666665,0.662478632478631,20.508123606574,19.1812097267594,19.8446666666667,0.629624086850318,51.4077162799319,19.8792,19.7748012168117,-0.146234241770005,-0.415609891074776
"14609121","2014-10-23",24.3323291518831,0.699999999999998,0.776666666666665,0.779999999999999,20.4867834337761,19.184216566224,19.8355,0.600698605141967,52.1342001932514,19.8712,19.7981610545701,-0.065284163100221,-0.345544745479865
"14609120","2014-10-24",22.7056122823615,0.889999999999999,0.746666666666665,0.799999999999999,20.4308948728954,19.2121051271047,19.8215,0.777734532284221,54.8939024369001,19.8616,19.8437395806274,0.0752172182204358,-0.261392352739805
"14609119","2014-10-27",22.7046353760093,0.23,0.606666666666666,0.709999999999999,20.3997165437795,19.2039501228873,19.8018333333334,0.417626052815121,45.1548569303566,19.8252,19.7952409698771,-0.0811057963064576,-0.225335041453135
"14609118","2014-10-28",22.7037282486823,0.891304347826084,0.670434782608695,0.674589371980676,20.3811600113711,19.2125066552956,19.7968333333334,0.802199676944927,54.0644309513364,19.8228,19.8425421738935,0.0669371614191006,-0.166880600878688
"14609117","2014-10-29",22.7028859161643,0.891304347826084,0.67086956521739,0.649323671497584,20.3621060750982,19.2215605915685,19.7918333333334,0.814031024486815,54.0644309513364,19.8168,19.8835365507077,0.181870628505809,-0.0971303550017888
"14609116","2014-10-30",23.8131455989229,0.217391304347828,0.666666666666666,0.669323671497584,20.3563683429851,19.2169649903483,19.7866666666667,0.470744922545457,46.0380158202746,19.798,19.8363983439467,0.0209101797446154,-0.073522248052508
"14609115","2014-10-31",24.8441010186274,0.402173913043478,0.503623188405797,0.613719806763284,20.3512805709914,19.212052762342,19.7816666666667,0.460499559738295,48.3042597583695,19.7684,19.8182118980871,-0.0372672049162026,-0.0662712394252469
"14609114","2014-11-03",25.7643908304175,0.532608695652174,0.384057971014494,0.518115942028986,20.3564022810497,19.2282643856171,19.7923333333334,0.524524188734954,49.9036050186619,19.7612,19.8184503116755,-0.0341501777153863,-0.0598470270832748
"14609113","2014-11-04",25.4621780068343,0.521739130434781,0.485507246376811,0.457729468599034,20.3674132286507,19.234253438016,19.8008333333334,0.608104788938343,49.7654334470171,19.7436,19.8173236034521,-0.035343898279605,-0.0549464013225408
"14609112","2014-11-05",25.1815518135071,0.532608695652174,0.528985507246377,0.466183574879228,20.3570073490718,19.2873259842616,19.8221666666667,0.497974474700626,49.9147751463296,19.7264,19.8176804563252,-0.0318514973047468,-0.050327420518982
"14609111","2014-11-06",25.7498789049971,0,0.351449275362319,0.455314009661836,20.3546457282302,19.2933542717699,19.824,0.229260674262181,43.9984770582969,19.7144,19.7619897288151,-0.198070552604879,-0.0798760469361614
"14609110","2014-11-07",26.2776112042378,0.0941176470588253,0.208908780903667,0.363114521170788,20.358293501523,19.2843731651437,19.8213333333334,0.182161402693819,45.3277472845689,19.7004,19.7243910983064,-0.294104353918601,-0.122721708332649
"14609109","2014-11-10",26.503345755777,0.0470588235294148,0.0470588235294138,0.202472293265134,20.3627944796188,19.2475388537146,19.8051666666667,0.205448695016738,44.7557200894332,19.698,19.6864722851989,-0.382423662743703,-0.17466209921486
"14609108","2014-11-11",26.0864542877505,0.112499999999999,0.0845588235294136,0.113508809320832,20.3532767047909,19.2717232952092,19.8125,0.272703473397176,45.678543582604,19.6884,19.6602759805057,-0.427185630657423,-0.225166805503373
"14609107","2014-11-12",26.020583953399,0,0.0531862745098052,0.0616013071895446,20.368397734776,19.2382689318907,19.8033333333334,0.098865782222399,43.4880404486525,19.6924,19.6189058497716,-0.514441951225342,-0.283021834647766
"14609106","2014-11-13",25.0805637944639,0.294117647058824,0.135539215686275,0.0910947712418316,20.3620144925634,19.2579855074367,19.81,0.309787602654366,48.2595770681789,19.6964,19.6163850698021,-0.475404237135413,-0.321498315145296
"14609105","2014-11-14",24.5794316942721,0.117647058823527,0.137254901960784,0.108660130718955,20.3661100070648,19.2478899929352,19.807,0.180742612823014,45.7628727762546,19.6992,19.5942003938285,-0.500473204425034,-0.357293293001243
"14609104","2014-11-17",24.1140947440939,0.117647058823527,0.176470588235293,0.149754901960784,20.3077809168231,19.226219083177,19.767,0.206905338059717,45.7628727762546,19.6852,19.5749736746513,-0.514505155603495,-0.388735665521694
"14609103","2014-11-18",22.8091898882514,0.0588235294117614,0.0980392156862722,0.137254901960783,20.2389279693329,19.2220720306671,19.7305,0.273320889188636,44.86555807621,19.686,19.5516438513645,-0.540119381975723,-0.4190124088125
"14609102","2014-11-19",21.5974925221118,0.124999999999998,0.100490196078429,0.124999999999999,20.2067909493431,19.1975423839903,19.7021666666667,0.250144141568787,46.0057133338635,19.6888,19.5380913378492,-0.533709087603473,-0.441951744570694
"14609101","2014-11-20",20.9241565211861,0,0.0612745098039201,0.0866013071895409,20.1828556799724,19.1598109866943,19.6713333333334,0.185904892088604,43.1245273238772,19.6828,19.506345826136,-0.583994247070552,-0.470360245070666
"14609100","2014-11-21",20.1102428800225,0.223529411764703,0.116176470588234,0.0926470588235282,20.1025303482491,19.1734696517509,19.638,0.344287173903745,47.6009393625882,19.6892,19.5041663826512,-0.539118009173389,-0.484111797891211
"14609099","2014-11-24",19.771454475122,0.14102564102564,0.121518350930115,0.0996564437740902,20.0980624133934,19.1709375866066,19.6345,0.498741629354552,45.9606799064536,19.6556,19.4916108649644,-0.530562931782386,-0.493402024669446
"14609098","2014-11-25",19.2533436489291,0.0641025641025651,0.142885872297637,0.126860231271996,20.0080025558167,19.1819974441833,19.595,0.215498128655238,44.7161443104105,19.6204,19.4727294163025,-0.542439065742273,-0.503209432884011
"14609097","2014-11-26",18.8542502999246,0.128205128205126,0.111111111111111,0.125171778112955,19.8904401965969,19.2248931367365,19.5576666666667,0.268110562511199,46.0277250766382,19.6004,19.4630321607955,-0.525133499617958,-0.507594246230801
"14609096","2014-11-28",18.4836636187062,0.128205128205126,0.106837606837606,0.120278196748785,19.8666936776304,19.213639655703,19.5401666666667,0.290471647461081,46.0277250766383,19.5784,19.4546278726894,-0.505616987244273,-0.507198794433495
"14609095","2014-12-01",17.9780526247425,0.0769230769230753,0.111111111111109,0.109686609686609,19.843614368923,19.199385631077,19.5215,0.254486788038163,45.0363918615404,19.5472,19.4420108229975,-0.50100131100842,-0.50595929774848
"14609094","2014-12-02",17.3010406142868,0.0128205128205103,0.0726495726495708,0.0968660968660958,19.7986535520803,19.1950131145864,19.4968333333334,0.218099292066678,43.7674376104507,19.5404,19.4244093799312,-0.512253703008925,-0.507218178800569
"14609093","2014-12-03",16.672386604578,0.0769230769230753,0.0555555555555541,0.0797720797720785,19.7037968906325,19.2335364427009,19.4686666666667,0.268922376643321,45.4234853659638,19.5088,19.415821462607,-0.494746984074534,-0.504723939855362
"14609092","2014-12-04",16.4963772834153,0.205128205128205,0.0982905982905975,0.0754985754985746,19.6221014791684,19.2795651874983,19.4508333333334,0.536492483581894,48.6788246254426,19.4812,19.4217119342594,-0.434315634103288,-0.490642278704947
"14609091","2014-12-05",15.9984616576221,0.115384615384615,0.132478632478632,0.0954415954415951,19.6118967936958,19.2761032063042,19.444,0.368967122505807,46.5841740672207,19.4756,19.4174836763581,-0.410770824042317,-0.474667987772421
"14609090","2014-12-08",15.1158357603856,0,0.106837606837607,0.112535612535613,19.6099084536202,19.2640915463798,19.437,0.219504749568001,43.9647531555861,19.4596,19.4018191861771,-0.424650758770739,-0.464664541972085
"14609089","2014-12-09",14.1561922636643,0,0.0384615384615389,0.0925925925925934,19.6102013538186,19.2457986461814,19.428,0.139592871894617,43.0948798701685,19.4376,19.3842432946868,-0.443088911441603,-0.460349415865988
"14609088","2014-12-10",13.3124696817141,0.0617283950617292,0.0205761316872435,0.0552917589954637,19.5912606198142,19.2414060468525,19.4163333333334,0.26275856766032,45.0464342828493,19.418,19.3756775220619,-0.43195730617509,-0.454670993927809
"14609087","2014-12-11",12.5290129984746,0.0987654320987676,0.0534979423868327,0.0375118708452055,19.5912606198142,19.2414060468525,19.4163333333334,0.310397409495591,46.2377924517687,19.3992,19.3722538524536,-0.405976912216877,-0.444932177585622
"14609086","2014-12-12",11.8972428274624,0,0.0534979423868327,0.0425240054869701,19.563594870407,19.2367384629264,19.4001666666667,0.122158240825196,43.5278086846196,19.394,19.3586200054598,-0.413964663146638,-0.438738674697825
"14609085","2014-12-15",11.4179964413803,0,0.0329218106995896,0.0466392318244188,19.5635802639754,19.2174197360247,19.3905,0.113377833325893,42.8516297541686,19.3848,19.3441373380652,-0.423798034879264,-0.435750546734113
"14609084","2014-12-16",12.3596023199436,0.265306122448977,0.0884353741496596,0.0582850424120278,19.5708251325819,19.2151748674181,19.393,0.800857360392199,48.456514113847,19.3824,19.3489190263232,-0.373088140290667,-0.423218065445424
"14609083","2014-12-17",13.2339506357524,0.79591836734694,0.353741496598639,0.158366227149297,19.6033169392298,19.1966830607702,19.4,1.09021152125625,57.4457098372489,19.3884,19.3877298228134,-0.222027247994705,-0.38297990195528
"14609082","2014-12-18",12.3598973350778,0.0408163265306114,0.36734693877551,0.26984126984127,19.5990655809925,19.1856010856742,19.3923333333334,0.268621809732369,45.3300668169548,19.3852,19.3720325131049,-0.253464467466002,-0.357076815057425
"14609081","2014-12-19",11.615240131661,0.306122448979589,0.38095238095238,0.36734693877551,19.6006647098423,19.1890019568244,19.3948333333334,0.51255072660514,49.3704215039429,19.3772,19.3757615113576,-0.221708272023102,-0.33000310645056
"14609080","2014-12-22",10.8250437616967,0.224489795918366,0.190476190476189,0.312925170068027,19.5893904227195,19.1869429106139,19.3881666666667,0.430011577113954,48.1902862686724,19.3736,19.3736599765099,-0.2107674655633,-0.306155978273108
"14609079","2014-12-23",10.6172770619273,0.469387755102042,0.333333333333333,0.301587301587301,19.5546004188242,19.2070662478425,19.3808333333334,0.804526409688966,51.9045669523684,19.3748,19.3878386463086,-0.150404664807346,-0.275005715579956
"14609078","2014-12-24",10.0174351100549,0.142857142857143,0.278911564625851,0.267573696145125,19.5551857978566,19.2081475354768,19.3816666666667,0.485592366773238,47.060162753356,19.3716,19.3787934934675,-0.167235928984832,-0.253451758260931
"14609077","2014-12-26",9.46043901188772,0.489795918367344,0.36734693877551,0.326530612244898,19.5656861461302,19.2063138538699,19.386,0.789393484806112,52.1683178643926,19.3732,19.3936210276718,-0.108572585466893,-0.224475923702123
"14609076","2014-12-29",9.70568231670028,0.122448979591834,0.251700680272107,0.299319727891156,19.5638028132776,19.1988638533891,19.3813333333334,0.304533521564359,46.9974436062621,19.3736,19.3824715573156,-0.135423516579547,-0.206665442277608
"14609075","2014-12-30",9.2578349083103,0.142857142857143,0.251700680272107,0.290249433106575,19.5638028132776,19.1988638533891,19.3813333333334,0.450676683011523,47.3099063860381,19.3668,19.3741420163402,-0.150823323498672,-0.195497018521821
"14609074","2014-12-31",8.61134086893518,0.448979591836732,0.238095238095237,0.247165532879818,19.5744975291839,19.2035024708161,19.389,0.745286286023134,51.8913330669636,19.3692,19.3869230808281,-0.099433614891542,-0.176284337795765
"14609073","2015-01-02",8.01102497522972,0.510204081632653,0.36734693877551,0.285714285714285,19.5870741566339,19.2049258433662,19.396,0.772145647093647,52.7757389453613,19.3752,19.4020000033844,-0.0457207614789179,-0.150171622532396
"14609072","2015-01-05",8.06682812104731,0.244897959183675,0.401360544217687,0.335600907029479,19.5801471746339,19.2025194920328,19.3913333333334,0.443506966474458,48.6058576751644,19.374,19.3977333362665,-0.0565724990062799,-0.131451797827173
"14609071","2015-01-06",7.74939238903772,0.276595744680849,0.343899261832393,0.370868914941864,19.5810255714624,19.2029744285377,19.392,0.55642975489577,49.5955961090065,19.374,19.3980355580976,-0.0520966144606949,-0.115580761153877
"14609070","2015-01-07",8.30457023900965,0.999999999999996,0.507164567954841,0.417474791334974,19.655690597406,19.1693094025941,19.4125,1.19390018281953,59.4153406608106,19.3896,19.4449641503513,0.0957292857749259,-0.0733187517681165
"14609069","2015-01-08",8.04490662152197,0.312500000000003,0.529698581560283,0.460254137115839,19.6663958969425,19.1819374363909,19.4241666666667,0.718456982282471,49.6030450367443,19.394,19.4416355969711,0.0749553976791439,-0.0436639218786644
"14609068","2015-01-09",7.80379040528341,0.295454545454549,0.53598484848485,0.524282665999992,19.6681655027905,19.1908344972096,19.4295,0.521997313975439,50.1404738156289,19.3972,19.4414175173749,0.0660292405642471,-0.0217252893900821
"14609067","2015-01-12",7.66253565650519,0.250000000000005,0.285984848484853,0.450556092843329,19.6693669587336,19.1976330412665,19.4335,0.492580563172519,49.5711876506079,19.3956,19.4385618483916,0.0500779717833577,-0.00736463715539414
"14609066","2015-01-13",7.61815198415853,0.204545454545453,0.250000000000003,0.357323232323236,19.6652145628034,19.21511877053,19.4401666666667,0.432977230215095,48.9723926002651,19.396,19.4334202686061,0.0288007671653379,-0.000131556291247739
"14609065","2015-01-14",7.57693857412234,0.250000000000005,0.234848484848488,0.256944444444448,19.6574425551928,19.2392241114739,19.4483333333334,0.432252310344295,49.6276706127436,19.4008,19.4316308994586,0.0200092066835689,0.00389659630371558
"14609064","2015-01-15",7.58797387802318,0.227272727272729,0.227272727272729,0.237373737373741,19.6521735998847,19.2354930667821,19.4438333333334,0.418802702201029,49.2868653630799,19.4064,19.4287467795308,0.00878730893514312,0.00487473883000109
"14609063","2015-01-16",7.5982209459311,0.204545454545453,0.227272727272729,0.229797979797983,19.6204250588361,19.2439082744973,19.4321666666667,0.432273935556928,48.925040619434,19.4096,19.4249138755933,-0.0042125167356577,0.00305728771686933
"14609062","2015-01-20",7.54203278832977,0.232558139534886,0.221458773784357,0.225334742776606,19.6163323180228,19.2606676819773,19.4385,0.457356832449431,49.7200577998444,19.4124,19.4242586921809,-0.00613764448517129,0.00121830127646121
"14609061","2015-01-21",7.48985807055711,0.131578947368423,0.189560847149588,0.212764116068892,19.6166788173946,19.2623211826055,19.4395,0.444970848415224,49.7200577998444,19.4184,19.4236908665568,-0.00757607954170458,-0.00054057488717195
"14609060","2015-01-22",7.44141011833964,0.131578947368423,0.165238678090578,0.192086099674841,19.6161903374784,19.2688096625217,19.4425,0.435229557594587,49.7200577998444,19.4252,19.4231987510159,-0.0086167916144575,-0.00215581823262906
"14609059","2015-01-23",7.3964227341377,0.131578947368423,0.131578947368423,0.162126157536197,19.6118947767125,19.2664385566209,19.4391666666667,0.444517812816875,49.7200577998444,19.4268,19.4227722508804,-0.00933402271859896,-0.00359145912982304
"14609058","2015-01-26",7.97573034142221,0.714285714285708,0.325814536340852,0.207544053933285,19.6456979951503,19.2599686715164,19.4528333333334,1.01115291108574,59.4768717185932,19.4272,19.4530692840964,0.0845931782806231,0.0140454683522662
"14609057","2015-01-27",8.51365883390068,0.714285714285708,0.52005012531328,0.325814536340852,19.6716399851365,19.2500266815302,19.4608333333334,0.948673381623883,59.4768717185932,19.4424,19.4793267128835,0.157087649157095,0.0426539045132319
"14609056","2015-01-28",8.29856672469903,0.457142857142853,0.628571428571424,0.491478696741852,19.6813922909844,19.2686077090157,19.475,0.786670913843057,54.6630382774573,19.4488,19.4900831511657,0.175179240808321,0.0691589717722497
"14609055","2015-01-29",7.75395972804562,0.384615384615385,0.518681318681316,0.555767624188674,19.6844082226436,19.2822584440232,19.4833333333334,0.616042999766722,51.6611113892381,19.4544,19.491405397677,0.162793386541749,0.0878858547261495
"14609054","2015-01-30",7.24825323115317,0.384615384615385,0.408791208791208,0.518681318681316,19.6855308592735,19.2831358073932,19.4843333333334,0.538933547004189,51.6611113892381,19.4552,19.4925513446534,0.151233797527661,0.100555443286452
"14609053","2015-02-02",7.78475711292622,0.76923076923077,0.512820512820514,0.48009768009768,19.7000198718723,19.2806467947944,19.4903333333334,0.809191680997098,56.2999222942111,19.4664,19.5068778320329,0.181352492124431,0.116714853054048
"14609052","2015-02-03",8.28293928885834,0.999999999999993,0.717948717948717,0.546520146520147,19.7192832756924,19.2903833909744,19.5048333333334,0.861778289515416,58.851451049565,19.4732,19.5272941210952,0.227357039426912,0.138843290328621
"14609051","2015-02-04",8.18796793857102,0.192307692307693,0.653846153846153,0.628205128205128,19.7185681112635,19.2947652220699,19.5066666666667,0.366290041640552,48.2359234678806,19.4788,19.5169882382825,0.174994236573278,0.146073479577552
"14609050","2015-02-05",7.95435504995293,0.269230769230767,0.487179487179485,0.619658119658118,19.6730686868574,19.312264646476,19.4926666666667,0.43717734800659,49.1761815666796,19.4848,19.5107231398448,0.140142740205307,0.144887331703103
"14609049","2015-02-06",7.73742879623612,0.208333333333321,0.223290598290594,0.454772079772078,19.6694801502793,19.3098531830541,19.4896666666667,0.445313704312978,49.1761815666796,19.4848,19.5052933878655,0.111237853880808,0.138157436138644
"14609048","2015-02-09",7.53599727492767,0.208333333333321,0.22863247863247,0.313034188034184,19.6697944609454,19.312538872388,19.4911666666667,0.440752034832632,49.1761815666796,19.4836,19.5005876028168,0.0873219313998863,0.127990335190893
"14609047","2015-02-10",8.1435694984077,0.499999999999997,0.305555555555547,0.252492877492871,19.6809385217076,19.3177281449591,19.4993333333334,0.758803178591625,53.4045798316242,19.4908,19.5071759224412,0.100310650442892,0.122454398241292
"14609046","2015-02-11",8.30385756465364,0.307692307692301,0.338675213675207,0.290954415954408,19.6809193161994,19.3270806838007,19.504,0.498115901980017,50.5726097471713,19.4948,19.5062191327824,0.088892655699091,0.115742049732852
"14609045","2015-02-12",8.45269648331059,0.260869565217399,0.356187290969899,0.333472686733551,19.6811714928541,19.335828507146,19.5085,0.504343507938625,51.13077181375,19.4852,19.5067232484114,0.0830236039727872,0.109198360580839
"14609044","2015-02-13",8.61944169847775,0,0.189520624303234,0.294794376316114,19.6939147570107,19.3120852429894,19.503,-0.0316508874918406,40.7291327776151,19.4804,19.4791601486232,-0.00846414790821592,0.0856658588830281
"14609043","2015-02-17",9.08249695896209,0.789473684210527,0.350114416475976,0.29860744391637,19.7031462335792,19.3225204330875,19.5128333333334,0.737766330824256,54.8574927086988,19.4868,19.4952721288068,0.0427508717958158,0.0770828614655857
"14609042","2015-02-18",9.51247684369755,0.815789473684206,0.535087719298245,0.358240920025818,19.7123160231678,19.3320173101656,19.5221666666667,0.730958797204242,55.2404930764646,19.4944,19.5105691782992,0.0864395402919715,0.0789541972308628
"14609041","2015-02-19",10.6147889466414,0.999999999999996,0.868421052631577,0.584541062801933,19.7494667168595,19.3288666164739,19.5391666666667,1.0250434632108,60.6355239226694,19.5088,19.5438266211927,0.180892887948669,0.0993419353744241
"14609040","2015-02-20",11.6383644708036,0.999999999999996,0.938596491228067,0.780701754385963,19.7797364420042,19.3325968913292,19.5561666666667,0.955860665927752,60.6355239226694,19.5224,19.572649738367,0.25266690876915,0.130006930053369
"14609039","2015-02-23",12.1333327170636,0.869565217391296,0.95652173913043,0.921179760996692,19.7929418398296,19.3473914935037,19.5701666666667,0.79139991564129,57.4245582721993,19.534,19.5896297732514,0.281471912300502,0.160299926502796
"14609038","2015-02-24",12.2220214672758,0.760869565217382,0.876811594202892,0.92397660818713,19.7950843095306,19.3469156904695,19.571,0.713461323702363,54.8193305535685,19.544,19.5976791368179,0.28044047842255,0.184328036886747
"14609037","2015-02-25",12.3043753067586,0.869565217391296,0.833333333333326,0.888888888888883,19.8021236597069,19.3448763402931,19.5735,0.776655531107639,56.9239269167842,19.5552,19.6113219185755,0.296756976551094,0.206813824819616
"14609036","2015-02-26",12.3808467291354,0.869565217391296,0.833333333333326,0.847826086956515,19.8139434730079,19.3437231936588,19.5788333333334,0.757680648810757,56.9239269167842,19.5664,19.6231456627654,0.30612344663723,0.226675749183139
"14609035","2015-02-27",11.6532541769894,0.652173913043476,0.797101449275357,0.821256038647336,19.8165137006668,19.3481529659999,19.5823333333334,0.537720212987547,51.3731737781198,19.5736,19.6200595743967,0.269313886691469,0.235203376684805
"14609034","2015-03-02",12.0987806091228,0.999999999999996,0.840579710144924,0.823671497584536,19.842331526642,19.3503351400247,19.5963333333334,0.873308974745622,59.1035384648843,19.588,19.6413849644771,0.310537067840211,0.250270114915886
"14609033","2015-03-03",12.5124837246753,0.999999999999996,0.88405797101449,0.840579710144924,19.8629716479307,19.345695018736,19.6043333333334,0.839599078620847,59.1035384648843,19.5932,19.6598669692135,0.339216257890018,0.268059343510712
"14609032","2015-03-04",12.8966366176883,0.999999999999996,0.999999999999997,0.908212560386471,19.8792232323214,19.3414434343454,19.6103333333334,0.815494682591658,59.1035384648843,19.5984,19.6758847066517,0.357757399175296,0.285998954643629
"14609031","2015-03-05",11.9799245436519,0.627450980392158,0.875816993464051,0.919958321492847,19.882157217424,19.3618427825761,19.622,0.617877439535652,50.2370836482399,19.6008,19.6684334124315,0.303321612416618,0.289463486198227
"14609030","2015-03-06",11.1286919034753,0.142857142857132,0.590102707749763,0.821973233737937,19.8806347497411,19.3793652502589,19.63,0.49999999999995,50.7345272828294,19.606,19.6633089574406,0.261272327089523,0.283825254376486
"14609029","2015-03-09",11.5687039097252,0.0454545454545363,0.271920889567943,0.579280196927253,19.8808263984205,19.4001736015795,19.6405,0.582179902540002,49.6652138017682,19.6104,19.6562010964485,0.217236307076596,0.270507464916508
"14609028","2015-03-10",11.9772864869572,0.999999999999992,0.396103896103887,0.419375831140531,19.8970852939388,19.4189147060613,19.658,0.838791226618639,59.3526281709546,19.6192,19.6780409502554,0.265438871476964,0.269493746228599
"14609027","2015-03-11",12.356684594387,0.999999999999992,0.681818181818174,0.449947655830002,19.916437449941,19.4222292167257,19.6693333333334,0.804864744333394,59.3526281709546,19.6256,19.6969688235547,0.300097723678583,0.275614541718596
"14609026","2015-03-12",13.0257463043565,0.962962962962951,0.987654320987646,0.688525466303236,19.935890056124,19.4387766105427,19.6873333333334,0.854043934165052,61.0103038381435,19.642,19.7187063137474,0.339946566002425,0.288480946575362
"14609025","2015-03-13",13.6470178921853,0.999999999999993,0.987654320987646,0.885708941264489,19.9520486438523,19.4586180228144,19.7053333333334,0.833717972995462,61.4337509603234,19.658,19.7388788052477,0.371249096462845,0.305034576552858
"14609024","2015-03-16",13.1826562585712,0.0740740740740721,0.679012345679006,0.884773662551433,19.8899802359962,19.5526864306705,19.7213333333334,0.199569539275996,47.534708989717,19.664,19.7230282978814,0.290470381782004,0.302121737598688
"14609023","2015-03-17",12.7514633130723,0.0740740740740721,0.382716049382713,0.683127572016456,19.8886235346202,19.5557097987132,19.7221666666667,0.193113693887252,47.534708989717,19.67,19.7092911914972,0.223853589454248,0.2864681079698
"14609022","2015-03-18",13.4580245120626,0.054054054054053,0.0674007340673998,0.376376376376374,19.8868452627085,19.5701547372915,19.7285,0.52578753076331,47.534708989717,19.6728,19.6973856992976,0.169095415897713,0.262993569555382
"14609021","2015-03-19",14.1141170539821,0.0833333333333362,0.0704871538204879,0.173534645756867,19.8846641829204,19.5603358170797,19.7225,0.245628169814313,48.6945158175309,19.6784,19.6897342727246,0.132359242042956,0.236866704052897
"14609020","2015-03-20",13.3032731870396,0,0.0457957957957972,0.0612278945612287,19.9110322467863,19.5009677532138,19.706,-0.173064857665414,38.9565535803198,19.6752,19.6551030363613,0.0168809534536019,0.192869553933038
"14609019","2015-03-23",12.5503467391644,0,0.0277777777777795,0.0480202424646886,19.9302755711217,19.4547244288784,19.6925,-0.0519911039678275,38.9565535803198,19.6804,19.6250892981798,-0.0739380783654431,0.139508027473342
"14609018","2015-03-24",13.7491323656344,0.740740740740737,0.246913580246913,0.106829051273497,19.9465026589582,19.4554973410418,19.701,0.776303864166549,57.6608158257871,19.6896,19.6524107250891,0.0182681275563867,0.115260047489951
"14609017","2015-03-25",14.6721043138547,0.685185185185186,0.475308641975308,0.250000000000001,19.9556842011207,19.4566491322127,19.7061666666667,0.694709095052704,56.2682651456925,19.6972,19.6720892950773,0.0780308914504202,0.107814216282045
"14609016","2015-03-26",15.5291496943451,0.685185185185186,0.703703703703704,0.475308641975309,19.9639755536413,19.4583577796921,19.7111666666667,0.675692663332346,56.2682651456925,19.6988,19.6891440557336,0.123905975483529,0.111032568122342
"14609015","2015-03-27",15.417905790201,0.425925925925926,0.598765432098767,0.592592592592593,19.9630806374868,19.4659193625133,19.7145,0.403787089338554,49.7636897975152,19.6948,19.6852581816358,0.101688149148216,0.109163684327516
"14609014","2015-03-30",16.2742878841436,0.90740740740741,0.672839506172841,0.658436213991771,19.9845291492085,19.4584708507916,19.7215,0.877334604543471,59.1972363856703,19.7036,19.716557090751,0.188398438964654,0.125010635254944
"14609013","2015-03-31",15.9020288465633,0.51851851851852,0.617283950617286,0.629629629629632,19.9796817405425,19.4563182594576,19.718,0.484714256364537,50.8856615380058,19.706,19.7156828119842,0.169150343994851,0.133838577002925
"14609012","2015-04-01",15.5563597402387,0.51851851851852,0.64814814814815,0.646090534979426,19.9746390653734,19.4543609346266,19.7145,0.491350780026894,50.8856615380058,19.7064,19.7149251037197,0.152142898041996,0.137499441210739
"14609011","2015-04-02",15.2353812843659,0.51851851851852,0.51851851851852,0.594650205761319,19.9755928374906,19.4560738291761,19.7158333333334,0.488771665251898,50.8856615380058,19.7068,19.7142684232237,0.137084622818917,0.137416477532375
"14609010","2015-04-06",14.9373298610555,0.51851851851852,0.51851851851852,0.561728395061731,19.9766296209493,19.4630370457174,19.7198333333334,0.480853824981956,50.8856615380058,19.7112,19.7136993001272,0.123724971049999,0.1346781762359
"14609009","2015-04-07",14.9112594738298,0.611111111111113,0.549382716049385,0.528806584362142,19.9805153675053,19.4671512991614,19.7238333333334,0.570450327354061,52.9990436438148,19.7104,19.7198727267769,0.132076750878407,0.134157891164401
"14609008","2015-04-08",15.6175391231385,0.571428571428569,0.567019400352735,0.544973544973547,19.9760989424904,19.4675677241763,19.7218333333334,0.614381702778214,50.6518458566407,19.7076,19.7185563632067,0.116884654065541,0.130703243744629
"14609007","2015-04-09",16.273370226068,0.755102040816323,0.645880574452003,0.587427563618041,19.973700228491,19.4679664381757,19.7208333333334,0.656538218688709,54.5534215300977,19.7084,19.7294155147791,0.140048657018488,0.132572326399401
"14609006","2015-04-10",16.8823562502168,0.755102040816323,0.693877551020405,0.635592508608381,19.9648382220241,19.4704951113093,19.7176666666667,0.666550987661731,54.5534215300977,19.7156,19.7388267794752,0.156580672647588,0.137373995649038
"14609005","2015-04-13",18.2936818368368,0.882352941176468,0.797519007603039,0.712425711025149,19.9863081898188,19.459358476848,19.7228333333334,0.975377429447162,60.9233340034999,19.7288,19.7683165422119,0.232319240019496,0.15636304452313
"14609004","2015-04-14",19.642249059043,0.914285714285707,0.850580232092833,0.78065893023876,20.024548210532,19.4581184561347,19.7413333333334,0.939007069696047,61.6469806088878,19.7436,19.7965410032503,0.296933376940234,0.184477111006551
"14609003","2015-04-15",20.8944900510916,0.971428571428562,0.922689075630246,0.85692943844204,20.0590037202149,19.4616629464518,19.7603333333334,0.901222680910877,62.3969046994564,19.7508,19.8236688694836,0.352090669946148,0.21799982279447
"14609002","2015-04-16",22.7896353362371,0.907407407407403,0.931040564373891,0.901436624032324,20.1286248172734,19.4350418493933,19.7818333333334,1.05484830388719,67.5255788839486,19.764,19.8671796868858,0.451395964882262,0.264679051212029
"14609001","2015-04-17",24.5494131010151,0.999999999999996,0.959611992945321,0.937780544316487,20.1946419437706,19.4250247228961,19.8098333333334,1.00696197549124,69.0413278089962,19.7776,19.9115557286343,0.543776251803729,0.320498491330369
"14609000","2015-04-20",26.1834924540232,0.999999999999996,0.969135802469133,0.953262786596115,20.2274639176971,19.4692027489696,19.8483333333334,0.963780398061003,69.0413278089962,19.7908,19.9500149648164,0.60963916464174,0.378326625992643
"14608999","2015-04-21",27.700851853245,0.999999999999996,0.999999999999997,0.976249265138151,20.2439668284487,19.529699838218,19.8868333333334,0.938444826584328,69.0413278089962,19.814,19.9833463028409,0.654043334639165,0.433469967721947
"14608998","2015-04-22",29.1098284382367,0.999999999999996,0.999999999999997,0.989711934156376,20.286229006708,19.523770993292,19.905,0.886906550668039,69.0413278089962,19.8372,20.0122334624621,0.681182049243567,0.483012384026271
"14608997","2015-04-23",29.3050788757852,0.79591836734694,0.931972789115645,0.977324263038547,20.3071229177818,19.532543748885,19.9198333333334,0.732599421597206,61.3394841389275,19.8564,20.0239356674672,0.65473384217265,0.517356675655547
"14608996","2015-04-24",29.4863828535087,0.79591836734694,0.863945578231292,0.931972789115645,20.3256187248492,19.5440479418175,19.9348333333334,0.711326562164915,61.3394841389275,19.8748,20.0340775784715,0.626517005526872,0.539188741629812
"14608995","2015-04-27",30.6514349756618,0.483333333333332,0.691723356009071,0.829213907785336,20.3336311506996,19.5797021826338,19.9566666666667,0.694536452211005,54.3127041337086,19.8976,20.029533901342,0.557451657106278,0.542841324725105
"14608994","2015-04-28",32.2294191510962,0.815384615384611,0.698212105354961,0.751293679865109,20.3962724352941,19.5620608980393,19.9791666666667,0.96850626715076,67.5311796516865,19.9336,20.0695960478297,0.62823786394075,0.559920632568234
"14608993","2015-04-29",33.7916463603774,0.867647058823527,0.722121669180491,0.704019043514841,20.4543402829878,19.5749930503456,20.0146666666667,0.960947983102623,69.2719554298886,19.956,20.1123165747858,0.70004602855025,0.587945711764638
"14608992","2015-04-30",34.307566724088,0.629629629629628,0.770887101279256,0.730406958604903,20.4893339305919,19.6056660694082,20.0475,0.861183970455964,63.7507071862505,19.976,20.137341031481,0.712399833653299,0.61283653614237
"14608991","2015-05-01",33.2292131448339,0.26923076923077,0.588835819227976,0.693948196562575,20.4907063726177,19.653960294049,20.0723333333334,0.660542531090316,54.4101197959515,19.9888,20.1350288939502,0.642611070675314,0.618791443048959
"14608990","2015-05-04",32.2278848212408,0.659999999999994,0.519620132953465,0.626447684486899,20.5038880974435,19.7044452358899,20.1041666666667,0.803336250359071,61.4978287502315,20.0156,20.1610250414235,0.663721585579991,0.627777471555165
"14608989","2015-05-05",30.660495715921,0,0.309743589743589,0.472733180641677,20.4900709191609,19.7555957475058,20.1228333333334,0.51429592232003,48.6881082524807,20.0188,20.1395550359004,0.542060299607461,0.610634037165624
"14608988","2015-05-06",29.2050629752669,0.719999999999996,0.459999999999998,0.429787907565684,20.4982962185207,19.8060371148127,20.1521666666667,0.809855080057475,58.7760528395328,20.0448,20.1689476977803,0.583054491277868,0.605118127988073
"14608987","2015-05-07",27.908831716361,0.7,0.473333333333333,0.414358974358974,20.4971908508125,19.8631424825209,20.1801666666667,0.783627152637951,58.4323995028297,20.0704,20.193088004743,0.604418826432029,0.604978267676864
"14608986","2015-05-08",27.7826562361054,0.259999999999997,0.559999999999999,0.497777777777777,20.4642873360517,19.9347126639484,20.1995,0.475766716179254,51.3229047161895,20.0872,20.1846762707772,0.527307501533181,0.589444114448128
"14608985","2015-05-11",27.1706303380018,0.599999999999999,0.52,0.517777777777778,20.4654431524514,19.9685568475486,20.217,0.713999323958228,55.7983329011807,20.1108,20.2000527680069,0.528043339205619,0.577163959399626
"14608984","2015-05-12",27.0519109050082,0.399999999999997,0.419999999999999,0.499999999999999,20.4553104370463,20.0040228962871,20.2296666666667,0.530283722532314,52.7273216246125,20.1284,20.2000457322727,0.483082615343111,0.558347690588323
"14608983","2015-05-13",26.9416714315141,0.579999999999996,0.526666666666665,0.488888888888888,20.4447976158689,20.0435357174645,20.2441666666667,0.614222988814934,55.1213388589458,20.1516,20.2120396346363,0.477875944744066,0.542253341419472
"14608982","2015-05-14",26.8393062061268,0.579999999999996,0.519999999999997,0.488888888888887,20.4486249255796,20.0520417410871,20.2503333333334,0.600021050356434,55.1213388589458,20.1712,20.2224343500181,0.46831524156703,0.527465721448983
"14608981","2015-05-15",27.1727263083691,0.399999999999997,0.519999999999997,0.52222222222222,20.4486408512913,20.0526924820421,20.2506666666667,0.388874400257142,52.0634654505137,20.1872,20.2194431033491,0.419970097189837,0.505966596597154
"14608980","2015-05-18",26.3657779208409,0.679999999999997,0.553333333333331,0.531111111111109,20.4587696302842,20.0572303697159,20.258,0.720816929684881,56.1395487408799,20.2024,20.2355173562358,0.432517041024827,0.491276685482689
"14608979","2015-05-19",25.8791715100302,0.579999999999996,0.553333333333331,0.54222222222222,20.4618977042106,20.0631022957895,20.2625,0.568957664554982,54.3616948934507,20.2148,20.2427817087377,0.417667705554936,0.476554889497138
"14608978","2015-05-20",26.0966090129825,0.374999999999996,0.544999999999997,0.550555555555554,20.4618977042106,20.0631022957895,20.2625,0.343278035102079,49.6230585393293,20.2208,20.2304108142394,0.346086968552894,0.450461305308289
"14608977","2015-05-21",26.2985152657239,0.750000000000001,0.568333333333332,0.555555555555554,20.4578630072168,20.0871369927833,20.2725,0.574178770653552,54.2268833022738,20.2268,20.2396893723408,0.345203507579139,0.429409745762459
"14608976","2015-05-22",27.3072405811516,0.250000000000003,0.458333333333334,0.523888888888888,20.4489867308788,20.1056799357879,20.2773333333334,0.265030381512423,47.9365048692729,20.2228,20.2210641226953,0.261711466043235,0.395870089818615
"14608975","2015-05-26",28.2806615397243,0,0.333333333333336,0.453333333333334,20.441494398386,20.1191722682808,20.2803333333334,0.137009100300251,47.6389418724238,20.2184,20.203588906336,0.189340317705433,0.354564135395978
"14608974","2015-05-27",28.4071032999523,0,0.0833333333333352,0.291666666666669,20.4330637029947,20.1072696303387,20.2701666666667,0.182314662276521,46.3982642003885,20.2124,20.1831103854912,0.114645223530108,0.306580353022804
"14608973","2015-05-28",28.5245135058783,0.85714285714286,0.285714285714287,0.234126984126987,20.4220297526189,20.1129702473812,20.2675,0.820865933537197,55.7138599797161,20.2184,20.2053623340923,0.173358463302797,0.279935975078803
"14608972","2015-05-29",27.289351767187,0.961538461538459,0.606227106227107,0.325091575091577,20.4726402594333,20.0813597405668,20.277,1.21474722911532,60.6266436761232,20.2364,20.25131402288,0.296130440244546,0.283174868111952
"14608971","2015-06-01",26.2000094529447,0.924528301886791,0.914403206856037,0.602114866265811,20.5209519556926,20.0677147109741,20.2943333333334,1.07144465292309,60.2666527343516,20.254,20.289805486496,0.384703193073843,0.30348053310433
"14608970","2015-06-02",25.1884773040054,0.924528301886791,0.936865021770681,0.819165111617942,20.5540097775866,20.0539902224135,20.304,0.971981540638439,60.2666527343516,20.2756,20.3231647549632,0.449483788875349,0.332681184258534
"14608969","2015-06-03",25.0567337894441,0.660377358490563,0.836477987421382,0.895915405349367,20.5577736701231,20.0768929965436,20.3173333333334,0.671906818486394,54.9672218017446,20.2784,20.3334094543015,0.440061296296879,0.354157206666203
"14608968","2015-06-04",24.9344005259229,0.660377358490563,0.748427672955973,0.840590227382679,20.5612404682221,20.076759531778,20.319,0.667189240911058,54.9672218017446,20.2788,20.3422881937279,0.427639677646297,0.368853700862221
"14608967","2015-06-05",23.4038613775179,0.849056603773585,0.723270440251571,0.769392033542976,20.585580415709,20.0690862509577,20.3273333333334,0.885935305637497,58.0248570762227,20.2868,20.3633164345642,0.452186670432408,0.385520294776259
"14608966","2015-06-08",21.8430522622818,0.999999999999997,0.836477987421382,0.769392033542976,20.623490673365,20.072509326635,20.348,0.957365755656784,60.8849829488965,20.306,20.394874243289,0.505291843930955,0.409474604607198
"14608965","2015-06-09",21.581961179496,0.63636363636363,0.828473413379071,0.796073947017342,20.6301433644244,20.0758566355757,20.353,0.626889802105477,53.093048277895,20.3088,20.3955576775171,0.462837528444715,0.420147189374702
"14608964","2015-06-10",21.3395194597663,0.63636363636363,0.757575757575753,0.807509052792069,20.6339623219897,20.087704344677,20.3608333333334,0.571699944519468,53.093048277895,20.3248,20.3961499871815,0.424302089228523,0.420978169345466
"14608963","2015-06-11",21.1143950057316,0.63636363636363,0.63636363636363,0.740804269106152,20.6379613469435,20.0947053197232,20.3663333333334,0.561972007634979,53.093048277895,20.3264,20.396663322224,0.389275818540669,0.414637699184506
"14608962","2015-06-12",20.9053508698422,0.63636363636363,0.63636363636363,0.676767676767671,20.6415037082564,20.1021629584104,20.3718333333334,0.552224250948376,53.093048277895,20.3284,20.3971082125941,0.357397816603333,0.403189722668272
"14608961","2015-06-15",20.711238457945,0.63636363636363,0.63636363636363,0.636363636363631,20.6404420784655,20.1225579215346,20.3815,0.535722274474684,53.093048277895,20.3392,20.3974937842482,0.328349515150594,0.388221681164736
"14608960","2015-06-16",20.5309912183261,0.199999999999987,0.490909090909083,0.587878787878782,20.6427171130661,20.1256162202673,20.3841666666667,0.530619427569761,53.093048277895,20.3432,20.3978279463485,0.301849125809794,0.370947170093748
"14608959","2015-06-17",19.5264091817279,0.999999999999991,0.612121212121203,0.579797979797973,20.6706476008054,20.128685732528,20.3996666666667,0.869644702071176,60.8990781765896,20.3592,20.4247842201687,0.355798074092806,0.36791735089356
"14608958","2015-06-18",18.5935830048868,0.999999999999991,0.733333333333324,0.612121212121204,20.6877785835969,20.1515547497365,20.4196666666667,0.836302346046491,60.8990781765896,20.3716,20.4481463241462,0.393891280550074,0.373112136824862
"14608957","2015-06-19",17.547748727428,0.899999999999978,0.966666666666654,0.770707070707061,20.7045491750229,20.1627841583105,20.4336666666667,0.770104803409642,59.7459675750322,20.3832,20.46572681426,0.411360667901017,0.380761843040093
"14608956","2015-06-22",16.5766168983592,0.899999999999978,0.933333333333316,0.877777777777765,20.7076995291652,20.1979671375015,20.4528333333334,0.749477311519504,59.7459675750322,20.3984,20.4809632390254,0.42030105587838,0.388669685607751
"14608955","2015-06-23",16.5789355459504,0,0.599999999999986,0.833333333333319,20.6841549426522,20.2458450573478,20.465,0.366913032789941,49.8864678784972,20.4008,20.4701681404886,0.352385094044139,0.381412767295028
"14608954","2015-06-24",15.6710006564068,0,0.299999999999993,0.611111111111099,20.6512567922416,20.3087432077584,20.48,0.4610721035971,49.8864678784972,20.4052,20.4608123884235,0.295157100202226,0.364161633876468
"14608953","2015-06-25",14.8279182589734,0,5.18104078158406e-16,0.299999999999994,20.6490849717856,20.3142483615478,20.4816666666667,0.256099947945727,49.8864678784972,20.4152,20.452704069967,0.246955407901295,0.340720388681433
"14608952","2015-06-26",14.6893289989909,0,5.18104078158406e-16,0.0999999999999987,20.6519597266251,20.2843736067082,20.4681666666667,0.00623815708533185,41.7578787127167,20.4124,20.4230101939714,0.140004863049259,0.300577283554998
"14608951","2015-06-29",14.5606389718642,0,5.18104078158406e-16,1.1842378929335e-15,20.6584665697987,20.2455334302013,20.452,-0.0376173009907925,41.7578787127167,20.4176,20.3972755014419,0.0545244618174623,0.251366719207491
"14608950","2015-06-30",14.6400082703109,0,5.18104078158406e-16,1.1842378929335e-15,20.664400184055,20.2055998159451,20.435,-0.0122053431825564,40.410263812477,20.422,20.3709721012496,-0.0248922123850859,0.196114932888976
"14608949","2015-07-01",14.7137083331542,0,5.18104078158406e-16,1.1842378929335e-15,20.6760466977366,20.1739533022634,20.425,0.0518762006658645,40.410263812477,20.428,20.348175821083,-0.0869108671576413,0.139509772879652
"14608948","2015-07-02",13.9775058440908,0.425,0.141666666666667,0.0472222222222234,20.6754830241196,20.1715169758804,20.4235,0.393842055061164,50.8372852330367,20.4288,20.3510857116053,-0.0678731521860043,0.098033187866521
"14608947","2015-07-06",13.3359236369706,0.200000000000003,0.208333333333335,0.116666666666668,20.6644128963368,20.1615871036632,20.413,0.308416086173418,46.2256968039218,20.418,20.3416076167246,-0.0874806140004902,0.0609304274931188
"14608946","2015-07-07",13.0870974294106,0.0750000000000021,0.233333333333335,0.194444444444447,20.6425795123432,20.1464204876568,20.3945,0.168453072875212,43.8460586225471,20.4056,20.3267266011613,-0.121483414744239,0.0244476590456472
"14608945","2015-07-08",12.6051298011048,0.150000000000004,0.14166666666667,0.194444444444447,20.6407511873539,20.1319154793128,20.3863333333333,0.251720778756511,45.6537850137486,20.3944,20.3178297210065,-0.134984827701412,-0.00743883830376461
"14608944","2015-07-09",12.1575884319638,0.150000000000004,0.125000000000004,0.166666666666671,20.6395008007675,20.1191658658992,20.3793333333333,0.270660539324461,45.6537850137486,20.3888,20.3101190915389,-0.144035973155776,-0.0347582652741669
"14608943","2015-07-10",11.7420143034757,0.150000000000004,0.150000000000005,0.138888888888894,20.6373876254657,20.107279041201,20.3723333333334,0.28809372896844,45.6537850137486,20.3832,20.3034365460004,-0.149494925294025,-0.0577055972781385
"14608942","2015-07-13",11.3561240413082,0.150000000000004,0.150000000000005,0.141666666666672,20.6344586655569,20.0962080011098,20.3653333333333,0.304304313415863,45.6537850137486,20.3736,20.2976450065337,-0.152075399103602,-0.0765795576432311
"14608941","2015-07-14",10.9977973692955,0.150000000000004,0.150000000000005,0.150000000000005,20.6307504970935,20.0859161695732,20.3583333333334,0.319517001102145,45.6537850137486,20.36,20.2926256723292,-0.152369768700056,-0.0917375998545961
"14608940","2015-07-15",10.6650654595694,0.30000000000001,0.200000000000007,0.166666666666673,20.6262911078693,20.0763755587974,20.3513333333334,0.333913891892156,45.6537850137486,20.3544,20.2882755826853,-0.150868506854285,-0.103563781254534
"14608939","2015-07-16",10.3561001148237,0.30000000000001,0.250000000000008,0.200000000000007,20.5868152358751,20.0818514307916,20.3343333333334,0.352794729869693,45.6537850137486,20.3488,20.2845055049939,-0.147976594303167,-0.112446343864261
"14608938","2015-07-17",10.0692037232742,0.315789473684217,0.305263157894746,0.251754385964921,20.54,20.0946666666667,20.3173333333333,0.37125748502991,45.6537850137486,20.3432,20.2812381043281,-0.144027364198196,-0.118762547931048
"14608937","2015-07-20",9.80279993112106,0.315789473684217,0.310526315789482,0.288596491228079,20.4895223635958,20.1131443030709,20.3013333333333,0.390181342462654,45.6537850137486,20.3376,20.2784063570843,-0.139294176317006,-0.122868873608239
"14608936","2015-07-21",12.4016358438638,0.754716981132075,0.462098642833504,0.359296038839244,20.512434551669,20.096565448331,20.3045,1.31475957365838,68.2342044006259,20.3456,20.3212855094731,-0.000378047668381232,-0.0983707084202678
"14608935","2015-07-22",15.7145223860122,0.649350649350648,0.573285701388981,0.448636886670656,20.6294507079468,20.0208826253865,20.3251666666667,1.3131108868732,72.8749007809781,20.3588,20.3757807748767,0.159136130613335,-0.0468693406135471
"14608934","2015-07-23",18.7907741751499,0.999999999999998,0.801355876827574,0.61224674035002,20.7723329039501,19.9313337627166,20.3518333333334,1.27071025984158,79.5553792934054,20.3748,20.4590100048931,0.387209290201351,0.0399463855494326
"14608933","2015-07-24",21.6472936936349,0.999999999999998,0.883116883116882,0.752586153777813,20.8885678682615,19.8750987984052,20.3818333333334,1.10995119145989,79.5553792934054,20.3908,20.5311420042407,0.560560455516512,0.144069199542848
"14608932","2015-07-27",24.2997761036567,0.999999999999998,0.999999999999998,0.894824253314819,20.9887320991603,19.8462679008397,20.4175,1.00986280432789,79.5553792934054,20.4076,20.5936564036753,0.689262332049845,0.253107826044248
"14608931","2015-07-28",26.7627954843913,0.999999999999998,0.999999999999998,0.96103896103896,21.0734197203776,19.8385802796225,20.456,0.940543103860786,79.5553792934054,20.4244,20.6478355498519,0.781671781975635,0.358820617230525
"14608930","2015-07-29",29.0498849093591,0.999999999999998,0.999999999999998,0.999999999999999,21.1447581298998,19.8472418701002,20.496,0.888434438638797,79.5553792934054,20.4484,20.6947908098717,0.84471580473322,0.455999654731064
"14608929","2015-07-30",31.173610803972,0.999999999999998,0.999999999999998,0.999999999999999,21.2051540264477,19.8668459735524,20.536,0.846706424575537,79.5553792934054,20.4724,20.7354853685554,0.884129710254777,0.541625665835807
"14608928","2015-07-31",33.1456419918269,0.999999999999998,0.999999999999998,0.999999999999999,21.2612911148978,19.8737088851022,20.5675,0.811693239299917,79.5553792934054,20.4964,20.7707539860814,0.904655619433048,0.614231656555255
"14608927","2015-08-03",31.2102337155139,0.405405405405401,0.801801801801799,0.933933933933933,21.2645194678513,19.8961471988154,20.5803333333333,0.49488443301694,47.5171583201746,20.5096,20.7426534546039,0.741408740392346,0.639667073322673
"14608926","2015-08-04",29.413068887509,0.405405405405401,0.603603603603601,0.8018018018018,21.2620834116247,19.931583255042,20.5968333333334,0.47231617512323,47.5171583201746,20.5228,20.7182996606567,0.605026219397131,0.632738902537565
"14608925","2015-08-05",27.5846600541526,0.432432432432428,0.414414414414411,0.606606606606604,21.2600574058152,19.9656092608515,20.6128333333333,0.474635265644982,48.6081951171839,20.538,20.6998597059025,0.498957998243377,0.605982721678727
"14608924","2015-08-06",27.6745401635062,0.0135135135135108,0.28378378378378,0.433933933933931,21.2566072330565,19.9760594336102,20.6163333333334,0.276397778000032,36.0860702942992,20.5408,20.6425450784488,0.290488750065765,0.542883927356135
"14608923","2015-08-07",27.7580002650489,0.150684931506848,0.198876959150929,0.299025052449707,21.2511130755902,19.9942202577431,20.6226666666667,0.312235381848821,41.8140604059809,20.5412,20.607539067989,0.16611668256894,0.467530478398696
"14608922","2015-08-10",27.835498930767,0.150684931506848,0.104961125509069,0.195873956147927,21.2453293693566,20.0120039639767,20.6286666666667,0.29837708233207,41.8140604059809,20.5452,20.5772005255904,0.0666581037205516,0.387356003463067
"14608921","2015-08-11",27.9074619775054,0.150684931506848,0.150684931506849,0.151507672055616,21.2390778585625,20.0302554747709,20.6346666666667,0.289326645434957,41.8140604059809,20.5512,20.5509071221784,-0.0121220622581353,0.307460390318827
"14608920","2015-08-12",28.395318679564,0.0410958904109603,0.114155251141553,0.123267102719157,21.2346171861754,20.041716147158,20.6381666666667,0.241666193098037,38.6663734657273,20.5528,20.5174528392213,-0.104896285653622,0.224989055124337
"14608919","2015-08-13",29.047380200317,0,0.0639269406392699,0.109589041095891,21.2336191024226,20.0440475642441,20.6388333333333,0.192746515640693,37.1601102465353,20.5528,20.4831257939918,-0.19210891897582,0.141569460304306
"14608918","2015-08-14",28.5501001539805,0.0945945945945901,0.0452301616685172,0.0744374511497804,21.2275308061147,20.0598025272187,20.6436666666667,0.254223645014949,41.4580225543617,20.5556,20.4627090214595,-0.231085002053466,0.0670385678327513
"14608917","2015-08-17",26.7155113457952,0.229729729729727,0.108108108108106,0.0724217368052982,21.2170994774687,20.0922338558647,20.6546666666667,0.344722193200632,47.0315023863575,20.5624,20.4583478185983,-0.220015702193987,0.00962771382740355
"14608916","2015-08-18",25.0119645953373,0.391891891891891,0.238738738738736,0.130692336171787,21.2142773155895,20.0857226844105,20.65,0.411391086228985,52.8344646163247,20.574,20.4705681094518,-0.162035595155341,-0.0247049479691453
"14608915","2015-08-19",24.5012828235258,0.162162162162159,0.261261261261259,0.202702702702701,21.1967499938644,20.0649166728023,20.6308333333334,0.328449416487874,45.2682575019652,20.5788,20.4584923615249,-0.181051363559803,-0.0559742310872769
"14608914","2015-08-20",24.4030093315597,0.147058823529403,0.233704292527818,0.244568097509272,21.1520586851634,20.0406079815033,20.5963333333334,0.242378737635038,42.5652344691977,20.5808,20.4386933799883,-0.221234296058936,-0.0890262440816088
"14608913","2015-08-21",24.4179215984147,0.0937499999999929,0.134323661897185,0.209763071895421,21.0989905742383,20.0233427590951,20.5611666666667,0.254101671312537,41.7973057741113,20.582,20.4188675959898,-0.258068899019537,-0.122834775069194
"14608912","2015-08-24",24.939519006032,0,0.0802696078431322,0.149432520756045,21.0400150147974,20.0039849852026,20.522,0.205285247906602,38.0964274657496,20.5792,20.3883519165245,-0.32317979813169,-0.162903779681694
"14608911","2015-08-25",25.1457135516807,0,0.031249999999998,0.0819477565801056,20.9671790387671,19.9994876278996,20.4833333333334,0.234763930128712,38.0964274657496,20.5628,20.3619049943212,-0.370646604236213,-0.204452344592597
"14608910","2015-08-26",23.3955116869163,0.0256410256410206,0.00854700854700726,0.0400222054633797,20.8752452289809,20.0237547710191,20.4495,0.35182844330553,38.7256504714147,20.5416,20.3403176617451,-0.399795989461693,-0.243521073566417
"14608909","2015-08-27",21.7703242410637,0.0256410256410206,0.0170940170940141,0.0189636752136736,20.7654480299145,20.0535519700855,20.4095,0.205715466313503,38.7256504714148,20.5096,20.3216086401791,-0.418154968922291,-0.278447852637591
"14608908","2015-08-28",21.151828196157,0.0256410256410206,0.025641025641021,0.0170940170940146,20.6095373654817,20.1344626345183,20.372,0.243198296923509,38.7256504714148,20.4776,20.3053941548219,-0.427834782670511,-0.308325238644175
"14608907","2015-08-31",21.4435638187587,0.102564102564101,0.0512820512820477,0.0313390313390281,20.5790995337991,20.1405671328676,20.3598333333334,0.431970059065222,40.9737192966419,20.4468,20.2953416008456,-0.418792706087245,-0.330418732132789
"14608906","2015-09-01",22.3437550151711,0.119999999999997,0.0827350427350398,0.05321937321937,20.5518388148015,20.1514945185319,20.3516666666667,0.612403249950853,42.4885994020454,20.4168,20.2892960540662,-0.399090184393691,-0.34415302258497
"14608905","2015-09-02",22.9571163594227,0.059999999999995,0.0941880341880313,0.0760683760683734,20.5113028352552,20.1570304980782,20.3341666666667,0.205970080823365,40.7972262867521,20.3856,20.2800565801907,-0.390919321695438,-0.353506282407063
"14608904","2015-09-03",24.3209468642133,0.019999999999996,0.066666666666663,0.0811965811965785,20.5103607968826,20.1543058697841,20.3323333333334,0.390466338107337,39.6636440187272,20.3536,20.2693823694986,-0.38795572570145,-0.360396171065941
"14608903","2015-09-04",25.587360904376,0.019999999999996,0.0333333333333294,0.0647293447293417,20.5046110762582,20.1503889237418,20.3275,0.394134232617511,39.6636440187272,20.3216,20.2601313868988,-0.381237402498602,-0.364564417352473
"14608902","2015-09-08",26.0014554579863,0,0.013333333333331,0.037777777777775,20.5008072897965,20.1381927102036,20.3195,0.225603972924276,34.1596801621963,20.3032,20.2387805353123,-0.41106565525928,-0.373864664933834
"14608901","2015-09-09",25.8832267220455,0,0.00666666666666573,0.0177777777777759,20.5203513987437,20.0836486012563,20.302,-0.122849227357804,30.9247029772958,20.282,20.210943130604,-0.45746682632879,-0.390585097212825
"14608900","2015-09-10",26.7570591814473,0,4.09394740330526e-16,0.00666666666666621,20.5239114004656,20.0584219328678,20.2911666666667,0.117964861265063,30.4806162302288,20.2596,20.1854840465235,-0.492693948494682,-0.411006867469197
"14608899","2015-09-11",27.5684750366062,0,4.09394740330526e-16,0.00222222222222267,20.5395957678707,20.0174042321293,20.2785,0.00497091142429526,30.4806162302288,20.2496,20.163419506987,-0.514794341636093,-0.431764362302576
"14608898","2015-09-14",28.3219326163966,0,4.09394740330526e-16,8.92515228390067e-16,20.5430560765598,19.9802772567736,20.2616666666667,0.0705832235149118,30.4806162302288,20.2352,20.1442969060554,-0.526334625571068,-0.450678414956274
"14608897","2015-09-15",29.0215717976305,0,4.09394740330526e-16,8.92515228390067e-16,20.5201105627928,19.9572227705405,20.2386666666667,0.111527075775199,30.4806162302288,20.2208,20.127723985248,-0.529450971354639,-0.466432926235947
"14608896","2015-09-16",29.6712367516335,0,4.09394740330526e-16,8.92515228390067e-16,20.4701957347966,19.9541375985368,20.2121666666667,0.127625933660455,30.4806162302288,20.2064,20.1133607872149,-0.525916926550096,-0.478329726298777
"14608895","2015-09-17",30.2744970660647,0,4.09394740330526e-16,8.92515228390067e-16,20.4406292307012,19.9420374359655,20.1913333333334,0.156365517558961,30.4806162302288,20.1952,20.100912682253,-0.517200903610926,-0.486103961761207
"14608894","2015-09-18",32.2967777591553,0,4.09394740330526e-16,8.92515228390067e-16,20.4274620664042,19.9405379335959,20.184,0.457556700779041,29.1735728802439,20.1848,20.0874576579526,-0.512460120009073,-0.49137519341078
"14608893","2015-09-21",34.1968612811028,0.0579710144927521,0.0193236714975845,0.00644122383252891,20.4168368347082,19.9408298319585,20.1788333333334,0.530461736731222,35.1619718448026,20.1732,20.0811299702256,-0.487049558107244,-0.490510066350073
"14608892","2015-09-22",35.9612245514826,0.999999999999996,0.352657004830917,0.123993558776168,20.4690185178973,19.9169814821027,20.193,1.0561221079272,68.3272516775162,20.176,20.1369793075288,-0.279069750969418,-0.448222003273942
"14608891","2015-09-23",34.1524200847984,0,0.352657004830917,0.241545893719806,20.4665444671791,19.9017888661543,20.1841666666667,0.262434110572376,42.7377297667873,20.154,20.1187153998583,-0.31118752885001,-0.420815108389156
"14608890","2015-09-24",32.472815937163,0,0.333333333333333,0.346215780998389,20.4536602488583,19.8823397511417,20.168,0.205944385556829,42.7377297667873,20.1388,20.1028866798772,-0.332867015937865,-0.403225489898898
"14608889","2015-09-25",30.9131835143587,0,4.44089209850063e-16,0.22866344605475,20.4523497541664,19.8636502458337,20.158,0.231611802347997,42.7377297667873,20.1264,20.0891684558936,-0.346108405705092,-0.391802073060137
"14608888","2015-09-28",29.464953407469,0,4.44089209850063e-16,0.111111111111112,20.4443591269776,19.8466408730225,20.1455,0.256574273853517,42.7377297667873,20.1148,20.0772793284411,-0.352577656791564,-0.383957189806422
"14608887","2015-09-29",28.7592261864581,0,4.44089209850063e-16,9.43689570931383e-16,20.4591318924452,19.7682014408881,20.1136666666667,-0.108358384532176,29.2035822091243,20.0888,20.005642084649,-0.536868953287217,-0.414539542502581
"14608886","2015-09-30",28.1039080526622,0.0625000000000022,0.0208333333333345,0.00694444444444563,20.4576108169317,19.6917225164016,20.0746666666667,-0.0979984283387374,32.2187210793664,20.0652,19.9515564733624,-0.651898800464246,-0.462011394094914
"14608885","2015-10-01",27.4953983569946,0.114583333333332,0.0590277777777787,0.0266203703703717,20.463428427589,19.6279049057444,20.0456666666667,0.0264446106876977,34.7140024140402,20.0432,19.9113489435808,-0.715016830288195,-0.51261248133357
"14608884","2015-10-02",26.930353639589,0.114583333333332,0.0972222222222228,0.0590277777777792,20.4487341643045,19.5782658356956,20.0135,0.0824087010943304,34.7140024140402,20.0212,19.87650241777,-0.756606491407352,-0.561411283348327
"14608883","2015-10-05",26.4056692591409,0.114583333333332,0.114583333333333,0.0902777777777786,20.4247479867724,19.5382520132276,19.9815,0.126055831168111,34.7140024140402,19.9992,19.8463020954007,-0.780796517382254,-0.605288330155112
"14608882","2015-10-06",25.9184623344391,0.114583333333332,0.114583333333333,0.108796296296297,20.4044662531993,19.5015337468008,19.953,0.164426745240817,34.7140024140402,19.976,19.8201284826806,-0.791032090467547,-0.642437082217599
"14608881","2015-10-07",24.4770114174862,0.416666666666668,0.215277777777778,0.148148148148148,20.3985986311663,19.4984013688337,19.9485,0.49055762513875,49.2804038074974,19.9636,19.8361113516565,-0.673366588523039,-0.648622983478687
"14608880","2015-10-08",23.6816779904236,0.125000000000001,0.218750000000001,0.182870370370371,20.385992122352,19.4656745443147,19.9258333333334,0.211150433635882,40.0005192357047,19.9412,19.8126298381023,-0.686183677259533,-0.656135122234856
"14608879","2015-10-09",22.7244704549673,0.166666666666666,0.236111111111112,0.223379629629631,20.3779666239438,19.4417000427229,19.9098333333334,0.275882918880086,41.6897911317469,19.9212,19.7976125263553,-0.672395819643823,-0.65938726171665
"14608878","2015-10-12",21.8356348863293,0.262295081967213,0.184653916211294,0.213171675774136,20.3676512777429,19.4200153889239,19.8938333333334,0.295455896488976,41.6897911317469,19.9012,19.7845975228413,-0.653988323831189,-0.658307474139558
"14608877","2015-10-13",20.4381684951062,0.195652173913042,0.208204640848974,0.209656556057127,20.3554890823377,19.3988442509957,19.8771666666667,0.300866535041236,39.4363010371208,19.8824,19.7639845197958,-0.660419381121369,-0.65872985553592
"14608876","2015-10-14",19.1405211318276,0.195652173913042,0.217866476597766,0.203575011219345,20.3428566638156,19.3724766695178,19.8576666666667,0.265384006260924,39.4363010371208,19.8664,19.7461199171563,-0.658027637651803,-0.658589411959097
"14608875","2015-10-15",17.935562865926,0.195652173913042,0.195652173913042,0.207241097119928,20.3270269057262,19.3493064276072,19.8381666666667,0.287089795779707,39.4363010371208,19.8508,19.7306372615355,-0.648731176078843,-0.656617764783046
"14608874","2015-10-16",17.2889838747048,0.0217391304347859,0.13768115942029,0.183733269977033,20.2864025255279,19.3312641411388,19.8088333333334,0.25692876502373,36.6114903998062,19.832,19.7065522933308,-0.666505149052665,-0.65859524163697
"14608873","2015-10-19",16.2224481520512,0.128205128205129,0.115198810850986,0.149510714728107,20.2297524054759,19.3319142611908,19.7808333333334,0.33571649195472,39.5270314187805,19.8152,19.6923453208867,-0.652692481604733,-0.657414689630523
"14608872","2015-10-20",15.2320935524444,0.384615384615379,0.178186547751765,0.143688839341014,20.0457841490398,19.435882517627,19.7408333333334,0.433049312823176,44.9778399857335,19.8024,19.6933659447684,-0.593950013553235,-0.644721754415065
"14608871","2015-10-21",15.2166589113003,0,0.17094017094017,0.154775176514307,19.9963002060058,19.4353664606609,19.7158333333334,0.204361995138331,39.2612194108683,19.7836,19.674250485466,-0.601961510467908,-0.636169705625634
"14608870","2015-10-22",15.8575433102484,0,0.128205128205127,0.159110615632354,19.9576510961759,19.4206822371575,19.6891666666667,0.0856370508957553,35.0977375941115,19.7596,19.6403504207372,-0.654262226111624,-0.639788209722832
"14608869","2015-10-23",15.4035841751304,0.442307692307685,0.147435897435896,0.148860398860398,19.9001416958213,19.4451916375121,19.6726666666667,0.494138550774998,46.0070862170525,19.7456,19.6416370313056,-0.594479233327072,-0.63072641444368
"14608868","2015-10-26",15.7123151223335,0.15384615384615,0.198717948717946,0.158119658119656,19.8314551924843,19.463878140849,19.6476666666667,0.0982701694522449,41.1491885069623,19.724,19.6227520937982,-0.601828873000321,-0.624946906155008
"14608867","2015-10-27",15.9989938590221,0.210526315789469,0.268893387314435,0.205015744489426,19.8312574563748,19.4447425436253,19.638,0.142963323152685,41.1491885069623,19.684,19.6063851479584,-0.600811379653665,-0.62011980085474
"14608866","2015-10-28",16.26519554309,0.210526315789469,0.19163292847503,0.219748088169137,19.8344785820625,19.4298547512709,19.6321666666667,0.17335916323038,41.1491885069623,19.664,19.592200461564,-0.593233163475215,-0.614742473378835
"14608865","2015-10-29",15.5272850315946,0.789473684210517,0.403508771929819,0.288011695906428,19.8448020809855,19.4288645856812,19.6368333333334,0.756048087037847,50.6874011461732,19.6528,19.6092404000221,-0.490999376296186,-0.589993853962305
"14608864","2015-10-30",14.8420824137773,0.973684210526307,0.657894736842098,0.417678812415649,19.8622648634139,19.4254018032528,19.6438333333334,0.83458234397922,53.2819355192692,19.6444,19.6333416800192,-0.37686622761911,-0.547368328693666
"14608863","2015-11-02",13.8999501698764,0.756756756756752,0.839971550497859,0.633791686423259,19.866130209259,19.4265364574077,19.6463333333334,0.622082414594462,49.6639102111446,19.6324,19.6422294560166,-0.319730982776401,-0.501840859510213
"14608862","2015-11-03",13.0251130862541,0.756756756756752,0.829065908013271,0.775644065117743,19.8698740535638,19.4277926131029,19.6488333333334,0.615740363615563,49.6639102111446,19.6388,19.6499321952144,-0.271322899930626,-0.455737267594296
"14608861","2015-11-04",13.5097053315775,0.719298245614031,0.744270586375845,0.804436014962326,19.8530491085065,19.4389508914935,19.646,1.07313295151393,54.8049683187637,19.648,19.6739412358525,-0.177580209694272,-0.400105856014291
"14608860","2015-11-05",13.1681176876814,0.491228070175436,0.655761024182073,0.743032506190397,19.8700508382551,19.4356158284116,19.6528333333334,0.831081358717158,49.3742392448547,19.65,19.6774157377388,-0.1548317152128,-0.351051027853993
"14608859","2015-11-06",12.8509291612064,0.666666666666667,0.625730994152045,0.675254201569988,19.8835989443354,19.4320677223314,19.6578333333334,0.814854565395643,53.2147459652308,19.656,19.6937603060403,-0.0947345903162589,-0.299787740346446
"14608858","2015-11-09",12.8506873354204,0.14035087719298,0.432748538011695,0.571413518781938,19.8792188584821,19.4241144748513,19.6516666666667,0.335202642080323,42.7397302756051,19.65,19.6679255985683,-0.168123378533702,-0.273454867983897
"14608857","2015-11-10",12.8504627829048,0.33333333333333,0.380116959064326,0.479532163742689,19.8754809655294,19.4201857011374,19.6478333333334,0.416903740732109,46.869472379073,19.6484,19.6602021854258,-0.179165973101436,-0.254597089007405
"14608856","2015-11-11",13.7139555361894,0,0.157894736842104,0.323586744639375,19.8841201152103,19.3918798847898,19.638,0.0842138573439045,40.817132286084,19.6268,19.6255085607024,-0.271091774044285,-0.257896026014781
"14608855","2015-11-12",13.9229839604916,0.338983050847461,0.224105461393598,0.254039052433343,19.8831619368916,19.3898380631084,19.6365,0.426012094812848,47.7387616459802,19.6244,19.6221074192754,-0.258838883452917,-0.258084597502408
"14608854","2015-11-13",14.8623240042036,0,0.112994350282488,0.164998182839397,19.89412575254,19.3612075807934,19.6276666666667,0.0727924496916295,42.3986640893705,19.6124,19.5924930967053,-0.327683375825938,-0.272004353167114
"14608853","2015-11-16",15.7345683305077,0,0.112994350282488,0.150031387319525,19.9002815505797,19.3317184494203,19.616,0.120094938346218,42.3986640893705,19.6004,19.566827350478,-0.378035353195749,-0.293210553172841
"14608852","2015-11-17",14.9215604110622,0.508474576271186,0.169491525423729,0.131826741996235,19.9002815505797,19.3317184494203,19.616,0.647740857309733,51.7818299293164,19.6032,19.5845837037476,-0.290939452214889,-0.292756332981251
"14608851","2015-11-18",14.1666244858629,0.508474576271186,0.338983050847458,0.207156308851225,19.9083350399793,19.3386649600207,19.6235,0.634288253308888,51.7818299293164,19.606,19.5999725432479,-0.219411294619354,-0.278087325308871
"14608850","2015-11-19",14.4722750311741,0.0847457627118654,0.36723163841808,0.291902071563089,19.9061237821631,19.345876217837,19.626,0.304848177314484,44.7383830905556,19.5988,19.5799762041482,-0.26266161327041,-0.275002182901179
"14608849","2015-11-20",14.7560933946775,0.288135593220341,0.293785310734465,0.333333333333335,19.9014793270184,19.3411873396483,19.6213333333334,0.42027966190209,48.3687178798298,19.5996,19.5786460435951,-0.244704532584084,-0.26894265283776
"14608848","2015-11-23",14.4783322801185,0.338983050847461,0.237288135593223,0.29943502824859,19.9023937901447,19.353272876522,19.6278333333334,0.50394570050583,49.2660362846898,19.5996,19.5814932377824,-0.215624315045759,-0.25827898527936
"14608847","2015-11-24",14.2204112451709,0.423728813559321,0.350282485875708,0.293785310734466,19.9036399572629,19.3670267094039,19.6353333333334,0.527331913114631,50.8007438556028,19.5976,19.5906274727447,-0.170018768876212,-0.24062694199873
"14608846","2015-11-25",13.383308380956,0.749999999999994,0.504237288135593,0.363935969868175,19.9095349881745,19.3831316784922,19.6463333333334,0.63994339570377,52.3529435750349,19.6036,19.6052104763788,-0.112009285486392,-0.214903410696263
"14608845","2015-11-27",12.6059985784707,0.833333333333324,0.66902071563088,0.507846829880727,19.9048399402403,19.3834933930931,19.6441666666667,0.607094472263862,52.3529435750349,19.6148,19.6178490795283,-0.0653052862842451,-0.184983785813859
"14608844","2015-11-30",12.3537178738677,0.630434782608698,0.737922705314006,0.63706023636016,19.8984752533005,19.3855247466995,19.642,0.704048276236633,51.972611488562,19.6164,19.6274692022578,-0.0320498882546705,-0.154397006302021
"14608843","2015-12-01",12.1194572195934,0.869565217391304,0.777777777777776,0.728240399574221,19.9115742911841,19.382425708816,19.647,0.7891437397701,55.7783114903842,19.6284,19.6504733086235,0.0390205555711676,-0.115713493927384
"14608842","2015-12-02",11.9019294691959,0.869565217391304,0.789855072463769,0.768518518518517,19.9240653516263,19.3799346483737,19.652,0.771993473471127,55.7783114903842,19.6404,19.670410200807,0.094188882716284,-0.0737330185986501
"14608841","2015-12-03",12.226076641372,0.879999999999999,0.87304347826087,0.813558776167472,19.9190941931115,19.3825724735553,19.6508333333334,0.889856848367021,57.2083294510518,19.654,19.6930221740327,0.152482753211336,-0.0284898642366529
"14608840","2015-12-04",12.527070444107,0.900000000000002,0.883188405797103,0.848695652173914,19.9284826257138,19.3785173742863,19.6535,0.857295300912034,57.5776686431711,19.6592,19.7139525508284,0.200388529566897,0.0172858145240571
"14608839","2015-12-07",12.8065646895038,0.888888888888892,0.889629629629632,0.881953837895868,19.937105753133,19.3748942468671,19.656,0.845065865493368,57.5776686431711,19.6616,19.7320922107179,0.235572460219724,0.0609431436631905
"14608838","2015-12-08",13.0660950602293,0.888888888888892,0.892592592592596,0.888470209339777,19.9604273548241,19.3789059785093,19.6696666666667,0.810106112480497,57.5776686431711,19.6676,19.7478132492889,0.260401990507453,0.100834913032043
"14608837","2015-12-09",14.5848864028737,0.538461538461537,0.772079772079774,0.851433998100667,19.9901069295358,19.3782264037975,19.6841666666667,0.852737706552895,54.6329432202747,19.6716,19.754771482717,0.256669424820566,0.132001815389748
"14608836","2015-12-10",15.9951926496149,0.981132075471692,0.802827500940707,0.822499955204359,20.048125353907,19.3858746460931,19.717,1.06323080609646,65.6167010688739,19.682,19.7994686183548,0.36770488630542,0.179142429572882
"14608835","2015-12-11",17.3047627358746,0.979999999999993,0.833197871311075,0.802701714777186,20.1052732810419,19.3777267189581,19.7415,0.979007142858055,65.6167010688739,19.6976,19.8382061359074,0.450205927908454,0.233355129239996
"14608834","2015-12-14",18.5207921016871,0.977777777777771,0.979636617749819,0.871887330000534,20.1345191766141,19.417480823386,19.776,0.937912419309748,65.6167010688739,19.7092,19.8717786511198,0.509475098429513,0.2885791230779
"14608833","2015-12-15",17.8534577361517,0.487804878048776,0.815194218608847,0.876009569223247,20.1174526778559,19.4835473221442,19.8005,0.6411882691849,54.2940390558227,19.7248,19.8742081643038,0.469754479076534,0.324814194277627
"14608832","2015-12-16",17.6868728724445,0,0.488527551942183,0.76111946276695,20.1174526778559,19.4835473221442,19.8005,0.341458982647041,42.7695533834072,19.7244,19.83764707573,0.316829631101734,0.323217281642448
"14608831","2015-12-17",16.6638132683803,0.599999999999992,0.362601626016257,0.555441132189096,20.1323696293068,19.4932970373599,19.8128333333334,0.709418045805379,53.7146763750587,19.7444,19.845960798966,0.31394819116346,0.32136346354665
"14608830","2015-12-18",15.7138293503207,0.879999999999992,0.493333333333329,0.44815417043059,20.1425501056937,19.5354498943063,19.839,0.831082078757011,57.7732432110495,19.762,19.8718326924372,0.364304551340888,0.329951681105498
"14608829","2015-12-21",16.0260384297801,0.399999999999997,0.626666666666661,0.494200542005416,20.1297812824029,19.5705520509304,19.8501666666667,0.410293196701109,49.7238676812518,19.778,19.8622550001122,0.303213930678758,0.32460413102015
"14608828","2015-12-22",16.3159468607067,0.399999999999997,0.559999999999996,0.559999999999996,20.1207811454732,19.5965521878602,19.8586666666667,0.388089610818473,49.7238676812518,19.794,19.8539543334306,0.25189302807207,0.310061910430534
"14608827","2015-12-23",17.4029545835005,0,0.266666666666665,0.484444444444441,20.1187239318933,19.6006094014401,19.8596666666667,0.133929072591692,43.8228827634288,19.79,19.8200937556399,0.128370550871071,0.273723638518641
"14608826","2015-12-24",18.4123188975233,0,0.133333333333333,0.319999999999999,20.1303445780848,19.5769887552486,19.8536666666667,0.0415848967368519,43.8228827634288,19.786,19.7907479215545,0.0299970221805834,0.22497831525103
"14608825","2015-12-28",18.0687294304069,0,6.66133814775094e-16,0.133333333333333,20.1443226421982,19.5493440244685,19.8468333333334,0.0235122884217284,39.7224793993131,19.786,19.7453148653473,-0.108117851191891,0.158359081962446
"14608824","2015-12-29",17.0310426423991,0.0615384615384599,0.0205128205128206,0.0512820512820517,20.1476631583542,19.5380035083125,19.8428333333334,0.211040960879285,41.2997952580527,19.7828,19.711272883301,-0.199172038084872,0.0868528579529822
"14608823","2015-12-30",16.067476339249,0.234375000000002,0.0986378205128214,0.0397168803418812,20.154030636428,19.5129693635721,19.8335,0.156559090387903,45.5216619597736,19.7828,19.6964364988608,-0.223810596244478,0.0247201671134901
"14608822","2015-12-31",15.1727362006096,0.296875000000001,0.197596153846155,0.105582264957266,20.1567821892117,19.4942178107883,19.8255,0.22002720635021,47.0140361495838,19.7824,19.6889116323461,-0.224380843972327,-0.0251000351036733
"14608821","2016-01-04",14.1071759001397,0.234375000000002,0.255208333333336,0.183814102564104,20.15746940283,19.46753059717,19.8125,0.192001669920929,45.6668138137754,19.7784,19.6770567480333,-0.238502133257001,-0.0677804547343389
"14608820","2016-01-05",13.1177270497033,0.254237288135596,0.2618290960452,0.238211194408231,20.156551383238,19.4434486167621,19.8,0.219535515212734,45.6668138137754,19.7744,19.6667825149622,-0.246871649182845,-0.10359869362404
"14608819","2016-01-06",13.2756366902222,0,0.162870762711867,0.226636064030135,20.164736532938,19.3969301337287,19.7808333333334,0.0908256729948395,39.1596735101579,19.7628,19.6312115129672,-0.331890587261574,-0.149257072351547
"14608818","2016-01-07",13.8893689131445,0,0.084745762711866,0.169815207156311,20.1790356470092,19.3342976863242,19.7566666666667,0.0383183683567553,36.3692000550926,19.7428,19.5870499779049,-0.435655670864898,-0.206536792054217
"14608817","2016-01-08",14.4592631201437,0,6.47630097698008e-16,0.0825388418079115,20.1875305897021,19.2658027436313,19.7266666666667,0.037101251214725,36.3692000550926,19.7228,19.5487766475176,-0.512295681890151,-0.267688570021404
"14608816","2016-01-11",13.7081645917184,0,6.47630097698008e-16,0.0282485875706227,20.1477193414551,19.2306139918783,19.6891666666667,0.119273110959547,33.851367054583,19.6976,19.5036064278486,-0.603578611024247,-0.334866578221973
"14608815","2016-01-12",13.0107159581807,0,6.47630097698008e-16,9.43689570931383e-16,20.1062993702706,19.1870339630628,19.6466666666667,0.0576177853772149,33.851367054583,19.672,19.4644589041354,-0.668560607641344,-0.401605384105847
"14608814","2016-01-13",13.7160999623351,0.234567901234565,0.0781893004115223,0.0260631001371748,20.0332892876665,19.1977107123335,19.6155,0.321879907255819,43.4386094689317,19.654,19.455864383584,-0.634102712482443,-0.448104849781166
"14608813","2016-01-14",14.3710993947643,0.234567901234565,0.156378600823044,0.0781893004115226,19.9988785222207,19.1831214777794,19.591,0.26586166028042,43.4386094689317,19.636,19.4484157991062,-0.599899548122929,-0.478463789449519
"14608812","2016-01-15",15.5781311809253,0.17283950617284,0.213991769547324,0.14951989026063,19.9881604174637,19.1658395825364,19.577,0.309076952289662,41.5985299603555,19.618,19.4352936925587,-0.586813570722788,-0.500133745704173
"14608811","2016-01-19",15.827656541829,0,0.135802469135802,0.16872427983539,19.9409688357345,19.1423644975989,19.5416666666667,0.122257665953849,36.8868579318211,19.5828,19.4052545335509,-0.627476252665726,-0.525602247096483
"14608810","2016-01-20",15.6716747435251,0,0.0576131687242807,0.135802469135803,19.9187434360782,19.0459232305885,19.4823333333334,-0.220652427663631,25.234307758702,19.5264,19.3085539290774,-0.871116737651745,-0.594705145207536
"14608809","2016-01-21",15.5268345022428,0.541666666666665,0.180555555555556,0.12465706447188,19.8796666666667,19.025,19.4523333333334,0.204758190327577,43.9445470578428,19.4908,19.2940800718671,-0.837970949128675,-0.643358305991764
"14608808","2016-01-22",14.9319774713999,0.673913043478259,0.405193236714975,0.214453986998271,19.8280582320413,19.0266084346255,19.4273333333334,0.341121260815158,46.7065985033267,19.4672,19.2948693956181,-0.761118157538176,-0.666910276301046
"14608807","2016-01-25",15.4348467614185,0.336956521739128,0.517512077294685,0.367753623188405,19.8204528846432,18.9662137820235,19.3933333333334,0.0278449182477369,40.1087883224527,19.4428,19.2542201428691,-0.820614299340849,-0.697651080909007
"14608806","2016-01-26",14.590492967128,0.565217391304345,0.525362318840578,0.48268921095008,19.7962391703438,18.9594274963229,19.3778333333334,0.395038111847418,45.7041772522666,19.4148,19.2469907904865,-0.771031182961113,-0.712327101319428
"14608805","2016-01-27",13.622841285217,0.456521739130435,0.452898550724637,0.498590982286633,19.7785754966052,18.9340911700616,19.3563333333334,0.235933524174742,43.61457231132,19.3772,19.2273920184217,-0.764916641862212,-0.722845009427985
"14608804","2016-01-28",12.6785635638951,0.456521739130435,0.492753623188406,0.490338164251207,19.7368140705821,18.9235192627513,19.3301666666667,0.270276003812577,43.61457231132,19.3492,19.2104064159654,-0.751504325023233,-0.728576872547035
"14608803","2016-01-29",11.801734251239,0.456521739130435,0.456521739130436,0.467391304347826,19.7010925701103,18.9079074298898,19.3045,0.242178730248062,43.61457231132,19.3212,19.1956855605034,-0.732507934329463,-0.72936308490352
"14608802","2016-02-01",10.9875356037726,0.456521739130435,0.456521739130436,0.468599033816426,19.6519618360617,18.9030381639384,19.2775,0.262993203971252,43.61457231132,19.3012,19.1829274857696,-0.709337711566393,-0.725358010236095
"14608801","2016-02-02",10.2314940025538,0.456521739130435,0.456521739130436,0.456521739130436,19.6035294384616,18.9014705615384,19.2525,0.282781750914726,43.61457231132,19.2812,19.171870487667,-0.683149253046755,-0.716916258798227
"14608800","2016-02-03",9.52945537285062,0.477272727272729,0.463438735177867,0.45882740447958,19.5456535268808,18.9093464731193,19.2275,0.299625040699588,43.61457231132,19.2672,19.1622877559781,-0.654884827327396,-0.704509972504061
"14608799","2016-02-04",10.3879762446169,0.909090909090909,0.614295125164692,0.511418533157665,19.5490651354499,18.9076015312169,19.2283333333334,0.897528399611824,55.637625573045,19.2668,19.2046493885143,-0.467221009765151,-0.657052179956279
"14608798","2016-02-05",11.1851741969714,0.987654320987655,0.791339319117098,0.623024393153219,19.5680365914753,18.8999634085247,19.234,0.868223132252487,55.637625573045,19.262,19.2413628033791,-0.315044244864682,-0.588650592937959
"14608797","2016-02-08",10.8338123339027,0.407407407407409,0.768050879161992,0.724561774481261,19.5657707675281,18.873229232472,19.2195,0.197491068195532,42.6059152120874,19.2368,19.2105144295952,-0.387187048856141,-0.548357884121596
"14608796","2016-02-09",10.9010553304523,0.0400000000000061,0.478353909465024,0.679248035914705,19.5528124589124,18.8661875410877,19.2095,0.398780253678797,42.6059152120874,19.2132,19.1837791723158,-0.439475655141719,-0.52658143832562
"14608795","2016-02-10",10.2790817312441,0,0.149135802469139,0.465180197032052,19.5518972007672,18.8437694658995,19.1978333333334,0.230039289165234,38.1912460391429,19.1816,19.1339419493404,-0.55892606665362,-0.53305036399122
"14608794","2016-02-11",9.80141235219307,0,0.013333333333336,0.213607681755833,19.5289417656194,18.805391567714,19.1671666666667,0.066259073327737,35.6085095344225,19.1528,19.073416356095,-0.700960884217194,-0.566632468036415
"14608793","2016-02-12",10.2564189704171,0,6.01370805005293e-16,0.0541563786008252,19.5400458426156,18.7189541573845,19.1295,-0.0880382690728466,30.1953835722797,19.1152,18.9782941752823,-0.939378136359514,-0.641181601701035
"14608792","2016-02-16",10.6789251159109,0,6.01370805005293e-16,0.00444444444444565,19.5852827521535,18.5677172478465,19.0765,-0.204131573807622,30.1953835722797,19.0776,18.8958549519114,-1.11701825801088,-0.736348932963005
"14608791","2016-02-17",11.0712522510123,0,6.01370805005293e-16,5.24464730903655e-16,19.6227913593209,18.4422086406792,19.0325,-0.0696339522687028,30.1953835722797,19.0436,18.8244076249898,-1.24470232880511,-0.838019612131426
"14608790","2016-02-18",11.5907949057662,0.433628318584072,0.144542772861358,0.0481809242871197,19.623542103999,18.4524578960011,19.038,0.436241419569354,45.918628675536,19.0292,18.8278199416579,-1.1233038625978,-0.895076462224702
"14608789","2016-02-19",12.0732273708948,0.433628318584072,0.289085545722715,0.144542772861358,19.6065499599485,18.4344500400516,19.0205,0.354534586082869,45.918628675536,19.0072,18.8307772827701,-1.01536733530909,-0.91913463684158
"14608788","2016-02-22",13.0696359001328,0.654867256637169,0.507374631268439,0.313667649950837,19.5838188951671,18.437181104833,19.0105,0.578054291210731,52.2789793204457,18.9952,18.8666736450675,-0.81335287588854,-0.897978284650972
"14608787","2016-02-23",13.9948723915682,0.654867256637169,0.581120943952804,0.459193706981319,19.5905359480099,18.4414640519902,19.016,0.573102475389866,52.2789793204457,18.9852,18.8977838257251,-0.64589378259563,-0.847561384239904
"14608786","2016-02-24",13.1957366322203,0.0530973451327453,0.454277286135695,0.514257620452313,19.5856404458186,18.3610262208481,18.9733333333334,0.0617667541958802,38.1320594000056,18.9536,18.8340793156285,-0.794792524610322,-0.837007612313987
"14608785","2016-02-25",13.159791788405,0.419642857142855,0.375869152970924,0.470422461019808,19.5695328080541,18.3511338586126,18.9603333333334,0.428594816960469,47.3781932830864,18.9596,18.833535406878,-0.72914459445188,-0.815435008741566
"14608784","2016-02-26",13.1264144334337,0.461538461538462,0.311426221271355,0.380524220125991,19.5504782485079,18.3398550848255,18.9451666666667,0.413130138410032,47.5839526488297,18.9452,18.8343973526276,-0.665163374629918,-0.785380681919236
"14608783","2016-02-29",13.095421175246,0.461538461538462,0.44757326007326,0.378289544771846,19.534780510222,18.3295528231114,18.9321666666667,0.42352758930749,47.5839526488297,18.9268,18.8351443722772,-0.607451507774426,-0.749794847090274
"14608782","2016-03-01",13.0666417212145,0.461538461538462,0.461538461538462,0.406845980961025,19.5179427331371,18.3203906001963,18.9191666666667,0.433892926671769,47.5839526488297,18.9208,18.8357917893069,-0.555310263243225,-0.710897930320864
"14608781","2016-03-02",13.868025959523,0.988372093023256,0.637149672033394,0.515420464548372,19.5319462105709,18.3173871227625,18.9246666666667,0.734927502661226,55.6058230346032,18.9212,18.8856862173994,-0.351646794755323,-0.639047703207756
"14608780","2016-03-03",13.4752992281084,0.546511627906975,0.665474060822898,0.588054064798251,19.5154197511567,18.3109135821766,18.9131666666667,0.464162353188073,47.55604892383,18.9104,18.8782613884128,-0.348670764510695,-0.580972315468344
"14608779","2016-03-04",13.1106244060806,0.552941176470585,0.695941632466939,0.666188455107743,19.4234600967536,18.3375399032464,18.8805,0.453495661742021,47.5560489238301,18.8996,18.8718265366244,-0.342385315294269,-0.533254915433529
"14608778","2016-03-07",12.7719977856262,0.552941176470585,0.550797993616049,0.637404562301962,19.3161993877257,18.3798006122744,18.848,0.480777420398323,47.5560489238301,18.8888,18.8662496650745,-0.333574642533252,-0.493318860853474
"14608777","2016-03-08",12.4575587809186,0.518987341772147,0.541623231571106,0.596120952551365,19.3012798575178,18.3767201424822,18.839,0.490265636871623,47.5560489238301,18.878,18.8614163763979,-0.322882750238274,-0.459231638730434
"14608776","2016-03-09",13.0617646039674,0.493670886075945,0.521866468106226,0.53809589776446,19.2724403827779,18.3848929505555,18.8286666666667,0.617927969668694,47.0736279033928,18.8664,18.8545608595448,-0.319297264465879,-0.431244763877523
"14608775","2016-03-10",13.2071677690707,0.341772151898733,0.451476793248942,0.504988830975425,19.2572321061191,18.3844345605476,18.8208333333334,0.533417448083614,44.1778767950197,18.85,18.8326194116055,-0.36367582898823,-0.417730976899664
"14608774","2016-03-11",13.9755065683665,0.666666666666666,0.500703234880448,0.491348832078539,19.3076060809296,18.3700605857372,18.8388333333334,0.899447282206955,54.4808969792959,18.8348,18.8682701567248,-0.220805906229349,-0.378345962765601
"14608773","2016-03-14",14.3348882470132,0.56862745098039,0.525688756515263,0.492622928214885,19.3215900749079,18.3914099250922,18.8565,0.65427119147663,51.9618092598377,18.8156,18.8858341358282,-0.148716877985489,-0.332420145809579
"14608772","2016-03-15",13.9025285857246,0.106666666666664,0.447320261437907,0.491237417611206,19.2854382178222,18.4685617821778,18.877,0.369013237093056,46.6222568512588,18.806,18.8703895843844,-0.187703581910026,-0.303476833029668
"14608771","2016-03-16",13.5010517573853,0.106666666666664,0.26065359477124,0.411220870908137,19.2350985452839,18.5599014547162,18.8975,0.311166247927968,46.6222568512588,18.7964,18.8570043064665,-0.216157635115877,-0.28601299344691
"14608770","2016-03-17",14.8426983809157,0.813953488372091,0.342428940568474,0.35013426559254,19.3342817556261,18.5087182443739,18.9215,1.13209350488587,59.600814231329,18.8196,18.9280703989376,0.0257885555870585,-0.223652683640116
"14608769","2016-03-18",16.0885131027654,0.999999999999998,0.640206718346252,0.414429751228655,19.4499255544434,18.4630744455566,18.9565,1.10140784628541,62.1579503233946,18.8544,19.0109943457459,0.281462776427421,-0.122629591626609
"14608768","2016-03-21",17.2453410587687,0.999999999999998,0.937984496124029,0.640206718346251,19.5337736275075,18.4242263724926,18.979,1.01462431854,62.1579503233946,18.902,19.0828617663131,0.477552217655375,-0.00259322977021202
"14608767","2016-03-22",18.3397222346677,0.999999999999998,0.999999999999999,0.859397071490093,19.6104749606827,18.3935250393173,19.002,0.958523387202275,62.3307795738345,18.95,19.1464801974714,0.629104453550378,0.123746306893906
"14608766","2016-03-23",19.4409871603067,0.93406593406593,0.978021978021976,0.972002158048668,19.6548034443166,18.4615298890168,19.0581666666667,0.920551793094282,61.7236119490414,18.9972,19.1989495044752,0.731722779027133,0.245341601320551
"14608765","2016-03-24",18.3676632096744,0.00900900900900721,0.647691647691646,0.875237875237873,19.65841223953,18.4772544271367,19.0678333333334,0.499012268594047,42.8459019271157,18.9912,19.1324229038785,0.454491353348074,0.287171551726056
"14608764","2016-03-28",17.3710052555159,0.97297297297297,0.638682638682637,0.754798754798752,19.7688258424153,18.4598408242514,19.1143333333334,1.00089699848994,59.7379699625043,19.028,19.2174331833614,0.677051483074931,0.365147537995831
"14608763","2016-03-29",16.4455371552259,0.97297297297297,0.65165165165165,0.646008646008644,19.8612899304502,18.4603767362166,19.1608333333334,0.934835412482431,59.7379699625043,19.0548,19.2911087589132,0.842550445294177,0.4606281194555
"14608762","2016-03-30",15.5861739192422,0.97297297297297,0.972972972972971,0.754435754435752,19.9391942794457,18.475472387221,19.2073333333334,0.884408178668053,59.7379699625043,19.0816,19.3549609243914,0.96170686163608,0.560843867891616
"14608761","2016-03-31",14.7881937715432,0.97272727272727,0.972891072891071,0.865838565838564,20.0072153047369,18.4634513619298,19.2353333333334,0.846339651964185,59.7379699625043,19.1356,19.4102994678059,1.04339183904574,0.65735346212244
"14608760","2016-04-01",14.0472122058226,0.97272727272727,0.972809172809171,0.972891072891071,20.066578700746,18.4940879659208,19.2803333333334,0.811395581431568,59.7379699625043,19.1732,19.4582595387651,1.09494012570073,0.744870794838098
"14608759","2016-04-04",13.3198398886213,0.97272727272727,0.972727272727271,0.97280917280917,20.1132052741186,18.5417947258814,19.3275,0.783715375229884,59.7379699625043,19.2104,19.4998249335964,1.12240863588138,0.820378363046754
"14608758","2016-04-05",12.6444227369344,0.97272727272727,0.972727272727271,0.97275457275457,20.1479059592334,18.6010940407666,19.3745,0.755687194595699,59.7379699625043,19.2476,19.5358482757836,1.13079142996013,0.882460976429429
"14608757","2016-04-06",12.0172496675108,0.97272727272727,0.972727272727271,0.97272727272727,20.1707054309586,18.6722945690415,19.4215,0.732579734208617,59.7379699625043,19.2848,19.5670685056791,1.12419861555972,0.930808504255488
"14608756","2016-04-07",11.7374264970143,0.909090909090906,0.95151515151515,0.965656565656563,20.1832157433428,18.7364509233239,19.4598333333334,0.666002561953021,57.7189276099022,19.3044,19.5847927049219,1.07753610977528,0.960154025359446
"14608755","2016-04-08",11.4775906958391,0.909090909090906,0.930303030303029,0.951515151515149,20.1755448734734,18.8291217931933,19.5023333333334,0.64680873312534,57.7189276099022,19.3392,19.600153677599,1.02861279526025,0.973845779339608
"14608754","2016-04-11",11.2363145947477,0.909090909090906,0.909090909090907,0.930303030303028,20.1914640459903,18.8618692873431,19.5266666666667,0.630365535969521,57.7189276099023,19.374,19.6134665205858,0.978492863958791,0.974775196263444
"14608753","2016-04-12",11.0122725008772,0.909090909090906,0.909090909090907,0.916161616161614,20.1842330397458,18.9391002935876,19.5616666666667,0.611099265327437,57.7189276099022,19.4088,19.625004317841,0.92802015817457,0.965424188645669
"14608752","2016-04-13",12.9908725214868,0.372727272727272,0.730303030303029,0.849494949494948,20.1103874931971,19.0666125068029,19.5885,0.229986503789513,41.72955488812,19.42,19.5563370754622,0.637788960624941,0.899897143041524
"14608751","2016-04-14",15.0068585246839,0,0.427272727272727,0.688888888888887,20.0224588850565,19.1948744482768,19.6086666666667,-0.0260289028963813,40.3030229277445,19.4292,19.4874921320672,0.373989347712333,0.794715583975686
"14608750","2016-04-15",16.9564987080364,0,0.124242424242425,0.427272727272727,20.0571487474192,19.1255179192475,19.5913333333334,-0.030968546454635,39.6770081737084,19.442,19.4238265144583,0.15018012737118,0.665808492654785
"14608749","2016-04-18",18.7668788782923,0.246753246753243,0.082251082251082,0.211255411255411,20.0698632383458,19.0778034283209,19.5738333333334,0.123174601414437,45.4555052762795,19.446,19.3939829791972,0.0508886882246262,0.542824531768753
"14608748","2016-04-19",20.6970962357845,0.129870129870127,0.125541125541124,0.11067821067821,20.0875798529985,19.0160868136682,19.5518333333334,0.0876470335173613,43.3377676376525,19.4504,19.3561185819709,-0.0646938080000381,0.421320863814995
"14608747","2016-04-20",22.7748462377056,0,0.125541125541124,0.11111111111111,20.108909386395,18.9404239469384,19.5246666666667,0.0652491825347537,40.8337369250839,19.4596,19.3086361043748,-0.200165813338415,0.297023528384313
"14608746","2016-04-21",23.013976153378,0.0641025641025648,0.0646575646575648,0.105246605246604,20.111288248945,18.8957117510551,19.5035,0.19822274947719,42.4611445114518,19.4708,19.2741512904581,-0.283616949244325,0.180895432858585
"14608745","2016-04-22",21.553488553816,0.896103896103896,0.320068820068821,0.17008917008917,20.1153729015348,18.9562937651319,19.5358333333334,0.65313881030664,58.2796326380361,19.4828,19.3295977850637,-0.0810287781915608,0.128510590648556
"14608744","2016-04-25",20.9748180641075,0.454545454545456,0.471583971583973,0.285436785436786,20.0903137538038,18.9496862461962,19.52,0.441552639909138,50.3589274001468,19.4748,19.3323180803886,-0.0619893476735855,0.0904106029841277
"14608743","2016-04-26",20.4374811808068,0.868421052631575,0.739690134426977,0.51044764202659,20.0771337865591,18.951866213441,19.5145,0.629302579649391,56.2035136995609,19.4792,19.3760090030034,0.081426520423622,0.0886137864720265
"14608742","2016-04-27",19.9385255034561,0.868421052631575,0.730462519936203,0.647245541982384,20.0636294057998,18.9543705942003,19.509,0.636126933066455,56.2035136995609,19.4832,19.4138744692696,0.192579529171133,0.109406935011848
"14608741","2016-04-28",20.408693160369,0.460526315789474,0.732456140350876,0.734202931571351,20.0332355250512,18.9427644749489,19.488,0.373449185114008,49.4511150493379,19.4756,19.405357873367,0.149970035616964,0.117519555132871
"14608740","2016-04-29",20.7514493499667,0.486842105263157,0.605263157894736,0.689393939393938,19.9995654031046,18.9364345968954,19.468,0.407819433481137,49.8695702978993,19.5024,19.4006434902514,0.123096336769168,0.118634911460131
"14608739","2016-05-02",19.7487162011206,0.789473684210525,0.578947368421053,0.638888888888888,19.979064197525,18.9422691358084,19.4606666666667,0.660108787290254,54.5311579762525,19.4956,19.4272243582179,0.195149080822765,0.133937745332658
"14608738","2016-05-03",18.7401763136749,0.894736842105259,0.723684210526315,0.635964912280701,19.9661511879054,18.9468488120947,19.4565,0.725808035111837,56.0616225441263,19.492,19.4609277771222,0.282055497753775,0.163561295816881
"14608737","2016-05-04",18.8077948932446,0.473684210526313,0.719298245614033,0.673976608187133,19.926172758661,18.945827241339,19.436,0.422476312017382,48.9623148058279,19.4756,19.4474707401726,0.215668810744751,0.173982798802455
"14608736","2016-05-05",17.5944710631593,0.921052631578942,0.763157894736839,0.735380116959062,19.9267005028538,18.9456328304796,19.4361666666667,0.77232236286013,55.421651676111,19.4728,19.4811413081495,0.30054188407318,0.1992946158566
"14608735","2016-05-06",16.5631267950432,0.881578947368419,0.758771929824559,0.74707602339181,19.9241250408462,18.9465416258205,19.4353333333334,0.753686791518907,54.76306680776,19.4688,19.5063224670629,0.351166785742962,0.229669049833872
"14608734","2016-05-09",15.6054499746497,0.921052631578942,0.907894736842103,0.809941520467833,19.9241250408462,18.9465416258205,19.4353333333334,0.770735635034964,55.3346607324673,19.466,19.5321461381212,0.398965599959289,0.263528359858956
"14608733","2016-05-10",14.7161786414271,0.915492957746473,0.906041512231279,0.85756939296598,19.9241250408462,18.9465416258205,19.4353333333334,0.770735635034964,55.3346607324673,19.4632,19.5545266530384,0.431750024073563,0.297172692701877
"14608732","2016-05-11",14.2881293688289,0.620689655172413,0.819078414832611,0.87767155463533,19.9666654351381,18.9516678981953,19.4591666666667,0.8193768012906,55.5517792886101,19.4608,19.5752564326333,0.456495414239755,0.329037237009453
"14608731","2016-05-12",14.5427437720186,0,0.512060870972963,0.745726932678951,19.9613466653644,18.9716533346357,19.4665,0.351974348566981,42.2737641620296,19.4372,19.5132222416155,0.225889195793227,0.308407628766208
"14608730","2016-05-13",14.1630348233114,0.987804878048781,0.536164844407066,0.622434710070879,20.0095347325521,19.0057986007813,19.5076666666667,0.910798535872032,57.1604630794593,19.446,19.5674592760668,0.373279066017829,0.321381916216532
"14608729","2016-05-16",14.4017745809247,0.554838709677418,0.514214529242067,0.520813414874032,20.1222947645231,18.9930385688103,19.5576666666667,1.06881098883668,57.8824967532137,19.4568,19.6211313725912,0.504361596377967,0.357977852248819
"14608728","2016-05-17",14.8261162828319,0.618181818181817,0.720275135302673,0.590218169650601,20.2404587790332,18.9978745543001,19.6191666666667,1.08010822846889,60.1945100140397,19.474,19.6889805229124,0.665657635397654,0.419513808878586
"14608727","2016-05-18",14.1038550211899,0.187878787878789,0.453633105246009,0.562707589930249,20.2150555776585,19.0979444223416,19.6565,0.595633574890768,47.6851770685477,19.4864,19.6531164531907,0.496438023662216,0.434898651835312
"14608726","2016-05-19",13.4331838496652,0.757575757575756,0.521212121212121,0.565040120586934,20.3051456555013,19.1311876778321,19.7181666666667,1.05524417886527,59.6429620432497,19.5392,19.7473675927653,0.738790612954832,0.495677044059216
"14608725","2016-05-20",14.2374234984682,0.284848484848483,0.41010101010101,0.461648745519713,20.3115976311817,19.1347357021517,19.7231666666667,0.576616181085033,49.526763181191,19.562,19.7250519137299,0.604560000418375,0.517453635331048
"14608724","2016-05-23",14.9842174580711,0.539393939393938,0.527272727272727,0.486195286195286,20.3370389065432,19.1639610934568,19.7505,0.7126883632242,54.0465281710841,19.594,19.7617116585659,0.662164809895982,0.546395870244035
"14608723","2016-05-24",16.2607721618153,0.303030303030302,0.375757575757576,0.437710437710437,20.3380628820963,19.1669371179038,19.7525,0.455171338890125,49.6045519592258,19.614,19.7414834374238,0.5422198494345,0.545560666082128
"14608722","2016-05-25",17.3062092393867,0.454545454545453,0.432323232323232,0.445117845117845,20.3502647687207,19.1770685646127,19.7636666666667,0.602000557321635,52.3103339015901,19.6484,19.7572856457673,0.5430360641834,0.545055745702382
"14608721","2016-05-26",18.2769722399888,0.454545454545453,0.404040404040404,0.404040404040404,20.3451597721395,19.2331735611939,19.7891666666667,0.563699830659829,52.3103339015901,19.6808,19.7709808929983,0.537429913966214,0.543530579355149
"14608720","2016-05-27",19.3416387722162,0.393939393939394,0.434343434343435,0.423569023569023,20.3311452741466,19.2871880591868,19.8091666666667,0.462482498223647,51.0390760582598,19.6836,19.7695167739319,0.486545853955711,0.532133634275261
"14608719","2016-05-31",20.6027371075265,0.29090909090909,0.37979797979798,0.406060606060606,20.3312136642325,19.2867863357675,19.809,0.322231129340924,48.8649859684326,19.6932,19.7455812040743,0.372511396832631,0.500209186786735
"14608718","2016-06-01",22.3048838469962,0.0666666666666662,0.250505050505051,0.354882154882155,20.3448424186612,19.2441575813389,19.7945,0.138558359447189,44.4291059343521,19.6756,19.6755037101977,0.129027936297921,0.425972936688972
"14608717","2016-06-02",23.8854486765037,0.0584415584415582,0.138672438672439,0.256325156325157,20.3444844142482,19.2448489190852,19.7946666666667,0.107748808372678,45.7198743416134,19.6616,19.6267698821714,-0.0272016509456519,0.335338019162047
"14608716","2016-06-03",24.5441429509732,0.123376623376624,0.0828282828282836,0.157335257335258,20.3477127362451,19.2219539304217,19.7848333333334,0.2529074032308,47.1877122442003,19.664,19.5978672312152,-0.108851909681562,0.246500033393326
"14608715","2016-06-06",25.1557876344093,0.292207792207793,0.158008658008659,0.126503126503127,20.3475567032606,19.2207766300727,19.7841666666667,0.398678837704603,50.9050506699808,19.676,19.6074849337198,-0.0657577961304501,0.18404846748857
"14608714","2016-06-07",24.5679291067977,0.365853658536587,0.260479358040336,0.167105432959093,20.3505655359179,19.2264344640821,19.7885,0.49836911070311,50.9050506699808,19.6788,19.6158202758905,-0.0312589971830812,0.14098697455424
"14608713","2016-06-08",24.0220604740156,0.683760683760682,0.447274044835022,0.288587353628005,20.3737500914947,19.2352499085054,19.8045,0.689284115382527,55.7659627146475,19.6924,19.6697109057718,0.13824755289582,0.140439090222556
"14608712","2016-06-09",24.3738397011946,0.358490566037737,0.469368302778336,0.392373901884564,20.3712675963738,19.2287324036263,19.8,0.406640366665485,49.440016654042,19.702,19.6604161183355,0.0989030502337229,0.13213188222479
"14608711","2016-06-10",24.6664438390669,0.624999999999998,0.555750416599473,0.490797588070943,20.3503654281969,19.2953012384698,19.8228333333334,0.456242788717308,51.1452344370772,19.7028,19.6683606358908,0.115635411442194,0.12883258806827
"14608710","2016-06-13",24.9381476813769,0.749999999999999,0.577830188679246,0.534316302685685,20.3436504964751,19.292349503525,19.818,0.505073079326545,52.5805034446169,19.7088,19.688579217772,0.167943046663166,0.13665467978725
"14608709","2016-06-14",25.190444106379,0.762499999999997,0.712499999999999,0.615360201759572,20.2952655135691,19.3037344864309,19.7995,0.530760509923734,52.7300567917367,19.714,19.7074353220691,0.210992331359705,0.151522210101741
"14608708","2016-06-15",25.9151960922834,0.475000000000002,0.6625,0.650943396226415,20.1982056855774,19.3267943144227,19.7625,0.313520909436047,48.9093508272629,19.71,19.6931106124599,0.149175800513568,0.151052928184106
"14608707","2016-06-16",25.8645956281168,0.700000000000001,0.645833333333334,0.673611111111111,20.1991059549811,19.3275607116856,19.7633333333334,0.519123122746468,51.8497945655008,19.7128,19.7046958641319,0.171935836295467,0.155229509806378
"14608706","2016-06-17",25.8176094828192,0.700000000000001,0.625000000000002,0.644444444444445,20.0697848840731,19.3978817825936,19.7338333333334,0.568710304454594,51.8497945655008,19.7396,19.714736415581,0.187784168880611,0.161740441621225
"14608705","2016-06-20",25.0596207577361,0.925,0.775000000000001,0.681944444444445,20.0898994519846,19.3924338813488,19.7411666666667,0.813755033289808,54.8626407953152,19.7412,19.7474382268368,0.27078220706056,0.183548794709092
"14608704","2016-06-21",24.497119506758,0.84507042253521,0.823356807511738,0.741118935837247,20.0761456379768,19.39852102869,19.7373333333334,0.774488260093936,53.8545870102758,19.7388,19.7691131299253,0.312391272637758,0.209317290294825
"14608703","2016-06-22",23.9747969165639,0.885245901639341,0.885105441391518,0.827820749634419,20.1004548450015,19.3992118216652,19.7498333333334,0.785445501780993,54.5736867930922,19.7316,19.7932313792686,0.357466922543459,0.238947216744552
"14608702","2016-06-23",23.4897830828124,0.833333333333328,0.854549885835961,0.854337378246405,20.1100138172633,19.3963195160701,19.7531666666667,0.775795018965746,54.5736867930922,19.7528,19.8141338620328,0.388609142386342,0.26887960187291
"14608701","2016-06-24",23.0394130943288,0.833333333333328,0.850637522768667,0.863430949998715,20.1219809388122,19.3933523945212,19.7576666666667,0.763966234702585,54.5736867930922,19.7364,19.8322493470951,0.408500977353654,0.296803876969059
"14608700","2016-06-27",24.0980403872474,0,0.555555555555553,0.753580988053393,20.1221326515213,19.3708673484788,19.7465,0.234004309098178,43.3851836343615,19.73,19.7772827674824,0.206032264748401,0.278649554524927
"14608699","2016-06-28",25.0810514449576,0.703703703703701,0.512345679012344,0.639512919112188,20.1272556669223,19.3834109997444,19.7553333333334,0.560048379235018,51.1224959199718,19.722,19.7803117318181,0.198150646351936,0.262549772890329
"14608698","2016-06-29",26.7401769105277,0.0185185185185148,0.240740740740739,0.436213991769545,20.1161382901081,19.4035283765587,19.7598333333334,0.116667321808516,44.714642141481,19.7148,19.733603500909,0.0403191329292119,0.218103644898106
"14608697","2016-06-30",27.8338699398566,0.185185185185181,0.302469135802466,0.35185185185185,20.0895073144407,19.4514926855593,19.7705,0.196192963987049,46.4721834498209,19.7012,19.7051230341211,-0.0476140017764859,0.164960115563187
"14608696","2016-07-01",28.8494420385191,0.185185185185181,0.129629629629626,0.224279835390944,20.0846899599353,19.4609767067314,19.7728333333334,0.148075459560166,46.4721834498209,19.6876,19.680439962905,-0.116070444269956,0.108754003596559
"14608695","2016-07-05",28.7974251357594,0.222222222222217,0.197530864197527,0.209876543209873,20.0856716101307,19.4563283898694,19.771,0.281253436543687,46.9071822350291,19.6788,19.6617146345177,-0.160346300132097,0.0549339428508276
"14608694","2016-07-06",27.0879009918068,0.426829268292681,0.278078891900027,0.20174646190906,20.0998999154327,19.4561000845674,19.778,0.730920636413988,51.7620751594289,19.686,19.6761526832486,-0.0999014993392722,0.0239668544128076
"14608693","2016-07-07",25.5004857152793,0.792682926829268,0.480578139114723,0.318729298404092,20.1105523527496,19.4504476472504,19.7805,0.938566787341764,57.2527997292293,19.72,19.7286656588155,0.0700040514943323,0.0331742938291126
"14608692","2016-07-08",24.6736374424053,0.536585365853657,0.585365853658536,0.448007628224428,20.1234471023276,19.4592195643391,19.7913333333334,0.678653638820825,52.7283290843055,19.742,19.7461769043068,0.11718325246739,0.049976085556768
"14608691","2016-07-11",23.5998591704415,0.597560975609755,0.642276422764227,0.569406805179162,20.1419796344522,19.4600203655479,19.801,0.747815386792106,53.6671769032329,19.762,19.7680199837325,0.172941205259014,0.0745691094972172
"14608690","2016-07-12",22.287754276837,0.683673469387754,0.605939936950389,0.611194071124384,20.2010539862778,19.4379460137223,19.8195,0.989882620517525,56.9796713298283,19.7788,19.8109506525682,0.287079783553446,0.117071244308463
"14608689","2016-07-13",21.069371161347,0.775510204081632,0.685581549693048,0.644599303135888,20.2497086677603,19.4242913322398,19.837,0.915547366452725,58.5744109128101,19.7992,19.8601572322258,0.409097876388254,0.175476570724421
"14608688","2016-07-14",20.0669003631027,0.510204081632654,0.656462585034014,0.649328023892484,20.2716098445538,19.4503901554463,19.861,0.766676509227382,52.5176946906728,19.7952,19.868136267929,0.395434581868281,0.219468172953193
"14608687","2016-07-15",19.1360346218758,0.602040816326531,0.629251700680273,0.657098611802445,20.2980140810204,19.4556525856463,19.8768333333334,0.760972675674924,54.2800320918213,19.8116,19.8870514322051,0.416301811742703,0.258834900711095
"14608686","2016-07-18",18.2716592907365,0.628865979381442,0.580370292446876,0.622028192720388,20.3159423841394,19.4650576158606,19.8905,0.691369430272785,54.8811760158265,19.8244,19.9074445745778,0.439856721460608,0.295039264860998
"14608685","2016-07-19",17.5635664904653,0.618556701030929,0.616487832246301,0.608703275124483,20.3389358270635,19.4607308396033,19.8998333333334,0.781065738475429,54.6233573459057,19.8328,19.9237852979674,0.449221060958216,0.325875624080441
"14608684","2016-07-20",16.9060517473563,0.829545454545454,0.692322711652609,0.629726945448596,20.3877471552199,19.4479195114468,19.9178333333334,0.888901095239796,59.1679927603367,19.8496,19.9672805915717,0.539288719791431,0.368558243222639
"14608683","2016-07-21",16.2955023430408,0.909090909090909,0.785731021555765,0.698180521818225,20.4399678415251,19.4336988251416,19.9368333333334,0.890717253801262,60.5227866213997,19.8784,20.0143098460288,0.631286015285415,0.421103797635194
"14608682","2016-07-22",17.3278627501816,0.592592592592592,0.777076318742986,0.75171001731712,20.5299634620594,19.4010365379407,19.9655,0.994127052350004,60.9217420006764,19.9008,20.0577351998917,0.703755079367308,0.477634053981617
"14608681","2016-07-25",18.2864831282408,0.741071428571428,0.747584976751644,0.770130772350131,20.6288102410718,19.3681897589282,19.9985,0.985078585237763,65.7653771253964,19.9336,20.1300371732394,0.855204060692949,0.553148055323883
"14608680","2016-07-26",18.4951778650104,0.572815533980581,0.635493185048201,0.720051493514276,20.6861187471104,19.4108812528896,20.0485,0.89064618859173,61.0630050305149,19.9532,20.1726988834742,0.904076970793133,0.623333838417733
"14608679","2016-07-27",18.6889658348679,0.640776699029124,0.651554553860378,0.678210905220074,20.7536419038254,19.4210247628413,20.0873333333334,0.867197237889329,62.4136502675806,19.9776,20.219005699011,0.95932994718142,0.690533060170471
"14608678","2016-07-28",18.7723142384912,0.602040816326529,0.605211016445412,0.63075291845133,20.7779791281584,19.504354205175,20.1411666666667,0.831468597267822,61.7545305195887,19.9996,20.2564716058095,0.983440069597741,0.749114462055925
"14608677","2016-07-29",18.7985826094304,0.587628865979378,0.610148793778344,0.622304788028045,20.7957425174989,19.5845908158345,20.1901666666667,0.802604537066937,61.4053534915405,20.0212,20.2876087250349,0.986928802533771,0.796677330151494
"14608676","2016-08-01",19.0717912252131,0.701030927835051,0.630233536713653,0.61519778231247,20.8076748394468,19.6826584938866,20.2451666666667,0.862809543414566,63.8281917783754,20.0472,20.3292608950302,1.02134864476049,0.841611593073293
"14608675","2016-08-02",19.2678166034342,0.690721649484534,0.659793814432988,0.633392048308328,20.8085543520109,19.7827789813224,20.2956666666667,0.838930604693007,63.4383028395008,20.094,20.3640261090262,1.03243908878232,0.879777092215099
"14608674","2016-08-03",19.3281745761816,0.636363636363634,0.676038737894407,0.655355363013683,20.8323820250844,19.8282846415824,20.3303333333334,0.788484634484726,62.6145099516485,20.1248,20.3914892944894,1.02130723894325,0.908083121560729
"14608673","2016-08-04",20.2881509613666,0.734042553191487,0.687042613013219,0.674291721780205,20.8941301757842,19.8398698242159,20.367,0.913876261859063,66.163448830151,20.1764,20.4352907218908,1.05930367347662,0.938327231943907
"14608672","2016-08-05",19.70413088848,0.446808510638296,0.605738233397807,0.656273194768477,20.8958607726246,19.9088058940422,20.4023333333334,0.717144292565712,55.8805952033232,20.2136,20.437251958972,0.97145540824104,0.944952867203333
"14608671","2016-08-08",19.3871730882011,0.999999999999998,0.726950354609928,0.673243733673651,20.9732000471112,19.9354666195555,20.4543333333334,1.03546185553204,67.2495732578392,20.2732,20.5136183644424,1.10951598308131,0.977865490378929
"14608670","2016-08-09",18.8859994888213,0.94202898550724,0.796279165381845,0.709655917796526,21.0463961502752,19.9412705163916,20.4938333333334,0.942936065359176,65.942458949584,20.3304,20.5744692491834,1.18860090162818,1.02001257262878
"14608669","2016-08-10",17.6930916411002,0.61194029850746,0.851323094671566,0.791517538221113,21.0730404109965,19.9766262556702,20.5248333333334,0.75096964074195,59.134564532031,20.3696,20.5978733492923,1.15133918124586,1.04627789435219
"14608668","2016-08-11",16.5853914967878,0.535714285714283,0.696561189909661,0.781387816654358,21.0746730148093,20.0419936518574,20.5583333333334,0.685601333330389,59.134564532031,20.3968,20.61815690272,1.10889449880023,1.0588012152418
"14608667","2016-08-12",16.0034189847898,0.357142857142853,0.501599147121533,0.68316114390092,21.0605965416658,20.1147367916676,20.5876666666667,0.601142549587106,56.0823132898391,20.4284,20.622402649024,1.02426520102359,1.05189401239816
"14608666","2016-08-15",15.4630159379346,0.535714285714283,0.476190476190474,0.558116937740556,21.0311284647724,20.2138715352277,20.6225,0.656009689720224,58.3949610606742,20.462,20.6394156291541,0.984915453227053,1.03849830056394
"14608665","2016-08-16",14.4266339326615,0.714285714285713,0.535714285714284,0.504501303008763,21.0141750427565,20.3011582905768,20.6576666666667,0.769745882891734,60.6277367730355,20.4924,20.6674935452669,0.981365303982185,1.02707170124759
"14608664","2016-08-17",13.4110779196099,0.732142857142852,0.660714285714283,0.55753968253968,21.0088902052552,20.3641097947449,20.6865,0.769083857344038,60.8539778644684,20.5196,20.6931610725647,0.971080780011802,1.01587351700043
"14608663","2016-08-18",14.0534197237993,0.0892857142857149,0.51190476190476,0.569444444444442,20.9813975693103,20.4196024306897,20.7005,0.338909250403573,49.7670715506874,20.5428,20.6674062628894,0.813098628994013,0.975318539399147
"14608662","2016-08-19",14.6498799705465,0.267857142857145,0.363095238095238,0.51190476190476,20.977041328933,20.4372920044004,20.7071666666667,0.406438048729817,52.3633133332417,20.5664,20.6584187611708,0.718664411301662,0.92398771377965
"14608661","2016-08-22",15.5743213997967,0.0892857142857149,0.148809523809525,0.341269841269841,20.9831514608845,20.4205152057822,20.7018333333334,0.147196571141809,49.6024527687422,20.5848,20.6372962596814,0.597864248915303,0.858763020806781
"14608660","2016-08-23",15.8780680775891,0.0178571428571455,0.125000000000002,0.212301587301588,20.9860614863085,20.4136051803582,20.6998333333334,0.162565221731569,48.5008838291583,20.602,20.6136567583905,0.480918463710611,0.783194109387547
"14608659","2016-08-24",15.5791225018749,0.196428571428569,0.101190476190477,0.125000000000001,20.9852691633294,20.4173975033373,20.7013333333334,0.333295666369397,51.4063305555227,20.6144,20.6065025239384,0.42251898135599,0.711059083781236
"14608658","2016-08-25",15.3015301815689,0.272727272727269,0.162337662337662,0.12950937950938,20.9835557993174,20.4264442006827,20.705,0.37734354570822,52.8390154812989,20.626,20.60696885408,0.391315909052414,0.647110448835471
"14608657","2016-08-26",15.7494026798029,0,0.15638528138528,0.139971139971139,20.9850471705146,20.4226194961521,20.7038333333334,0.196849910180421,47.9655785997645,20.6304,20.586039673536,0.300427101750822,0.577773779418541
"14608656","2016-08-29",16.1652842853058,0.422222222222224,0.231649831649831,0.183457591790924,20.9849189219076,20.4214144114258,20.7031666666667,0.387903884544447,53.4555132624372,20.632,20.5932343837312,0.299431596687327,0.522105342872299
"14608655","2016-08-30",16.9324890172997,0.243902439024393,0.222041553748873,0.203358888927994,20.9852150985121,20.416784901488,20.701,0.322317673253836,50.7254306994938,20.636,20.5874697992337,0.260354097464477,0.469755093790734
"14608654","2016-08-31",17.6448934112941,0.487804878048776,0.384643179765131,0.279444855054612,20.9856097935634,20.4210568731033,20.7033333333334,0.435051851938315,53.5632655797143,20.6412,20.5958071593359,0.265524398963146,0.428908954825217
"14608653","2016-09-01",17.925838969663,0.609756097560973,0.447154471544714,0.351279735019573,20.9776403496345,20.4203596503655,20.699,0.531701558460236,54.9600109779407,20.6492,20.6096995380911,0.285889057479838,0.400304975356141
"14608652","2016-09-02",16.8586716112672,0.499999999999995,0.532520325203249,0.454772658837698,20.9921189662379,20.4278810337622,20.71,0.724491583029288,56.0976845620441,20.6592,20.6270729330123,0.314018540195526,0.383047688324018
"14608651","2016-09-06",16.759224724189,0.311688311688314,0.473814803083094,0.484496533277019,20.9603106246729,20.4453560419938,20.7028333333334,0.818151034759112,54.2529353429473,20.6628,20.6354632086106,0.313098102431852,0.369057771145585
"14608650","2016-09-07",17.0772508825749,0.252873563218393,0.354853958302234,0.453729695529525,20.9372153841207,20.4587846158794,20.698,0.894344760392732,53.4951409114374,20.666,20.6400681141292,0.301062433499144,0.355458703616297
"14608649","2016-09-08",17.3096526149065,0.241379310344828,0.268647061750512,0.36577194104528,20.9426819372915,20.4569847293752,20.6998333333334,0.781725591794767,53.0958007112204,20.6696,20.642725698912,0.284330514488107,0.341233065790659
"14608648","2016-09-09",17.6981626592337,0.4367816091954,0.310344827586207,0.311281949212984,20.978648176284,20.442351823716,20.7105,0.971443320698763,58.7353050964641,20.674,20.6676956057237,0.333623153892626,0.339711083411052
"14608647","2016-09-12",17.5209549022364,0.344827586206896,0.340996168582375,0.306662685973031,21.0026530245799,20.4406803087535,20.7216666666667,0.829197476656708,55.3619186618012,20.686,20.6786695249606,0.337491165663839,0.33926709986161
"14608646","2016-09-13",17.2889864632327,0.333333333333331,0.371647509578543,0.340996168582375,21.0095976860444,20.4410689806223,20.7253333333334,0.672374761494622,54.9371740509561,20.6752,20.6868469216325,0.332794403664982,0.337972560622284
"14608645","2016-09-14",17.7892007826147,0.60919540229885,0.42911877394636,0.380587484035759,21.0448780848507,20.4241219151494,20.7345,0.981402115547414,62.3942264665066,20.6756,20.7259339987482,0.417726574646626,0.353923363427153
"14608644","2016-09-15",16.9297102193031,0.17241379310345,0.371647509578544,0.390804597701149,21.0315428285827,20.4114571714173,20.7215,0.304059328584636,48.6631144263022,20.6696,20.7091427989151,0.333125905821352,0.349763871905993
"14608643","2016-09-16",16.131611839085,0.0649350649350657,0.282181420112456,0.360982567879119,21.0317918202842,20.4102081797158,20.721,0.305335932121085,48.6631144263022,20.6636,20.6945904257264,0.263031161256122,0.332417329776018
"14608642","2016-09-19",15.1739650623758,0.0779220779220761,0.105090311986864,0.252973080559288,21.0318814817228,20.4064518516106,20.7191666666667,0.341442327174515,49.0056213698791,20.662,20.6833117022962,0.208960716448492,0.307726007110513
"14608641","2016-09-20",14.5428977433798,0,0.0476190476190477,0.144963593239456,21.0276082413672,20.4167250919661,20.7221666666667,0.239993919476958,47.3061564147128,20.6544,20.6668701419901,0.144911273411852,0.275163060370781
"14608640","2016-09-21",14.2321163538179,0.250000000000001,0.109307359307359,0.0873389063044235,21.0245220805707,20.4458112527627,20.7351666666667,0.554431329925672,53.8549290321514,20.6504,20.677954123058,0.166408239191163,0.253412096134857
"14608639","2016-09-22",13.4438133533073,0,0.0833333333333339,0.08008658008658,21.0233447786521,20.4529885546813,20.7381666666667,0.374639747941653,47.4978363445739,20.6384,20.6622269066503,0.108017328912147,0.224333142690315
"14608638","2016-09-23",12.7743115836534,0.421052631578946,0.223684210526316,0.138774967722336,21.0434647194504,20.460868613883,20.7521666666667,0.782356847956931,56.7562660429053,20.6536,20.6912633190969,0.184524629720673,0.216371440096387
"14608637","2016-09-26",12.3508932345897,0.197368421052634,0.206140350877194,0.171052631578947,21.0354457040007,20.4865542959993,20.761,0.40708544667201,51.5549403719449,20.658,20.6937615432173,0.17675158540531,0.208447469158171
"14608636","2016-09-27",11.4821539991687,0.208955223880597,0.275792092170726,0.235205551191411,21.0349378153143,20.4967288513524,20.7658333333334,0.445807913617803,51.2573682121643,20.666,20.694593337455,0.16479060918797,0.199716097164131
"14608635","2016-09-28",11.4197919685074,0.134328358208954,0.180217334380729,0.220716592476216,21.0321696255479,20.5158303744521,20.774,0.479341747418868,49.7123245145327,20.6736,20.6886475591277,0.134264857955979,0.186625849322501
"14608634","2016-09-29",11.3618843686075,0.136363636363636,0.159882406151063,0.205297277567505,21.032820068125,20.5135132652083,20.7731666666667,0.262824854257781,49.7123245145327,20.6772,20.683494551244,0.108817223459035,0.171064124149808
"14608633","2016-09-30",11.3081130258434,0.155172413793102,0.141954802788564,0.160684847773452,21.0339753405946,20.5056913260721,20.7698333333334,0.273164945296191,49.7123245145327,20.6788,20.6790286110781,0.0876384647443107,0.154378992268708
"14608632","2016-10-03",11.2581824932768,0.155172413793102,0.148902821316614,0.15024667675208,21.0277100713338,20.4932899286662,20.7605,0.293233841358509,49.7123245145327,20.6868,20.6751581296011,0.0700458499541146,0.137512363805789
"14608631","2016-10-04",11.5525579348503,0.302325581395354,0.20422346966052,0.165027031255232,21.0159871022327,20.4883462311007,20.7521666666667,0.401132248237754,51.292160668839,20.6888,20.6771370456542,0.0708987784171944,0.12418964672807
"14608630","2016-10-05",12.9556682144009,0.999999999999996,0.485832665062818,0.27965298534665,21.0373668733603,20.4782997933064,20.7578333333334,0.933162093255954,61.4104406508458,20.7068,20.720185439567,0.190219159794425,0.137395549341341
"14608629","2016-10-06",14.2585563311264,0.999999999999996,0.767441860465116,0.485832665062817,21.0632511097073,20.4687488902927,20.766,0.893606604581551,61.4104406508458,20.7208,20.7574940476247,0.281288128666413,0.166174065206356
"14608628","2016-10-07",13.3929180636156,0,0.666666666666664,0.639980397398199,21.038641182665,20.4576921506684,20.7481666666667,0.256433022164232,45.7619434304844,20.7152,20.7311615079415,0.180217046933207,0.168982661551726
"14608627","2016-10-10",12.589111100927,0.0454545454545442,0.348484848484847,0.594197791872209,21.020193732986,20.4464729336807,20.7333333333334,0.285029001070394,46.4301532142831,20.7088,20.7110066402159,0.106611232284837,0.156508375698348
"14608626","2016-10-11",12.0376615253556,0.227272727272729,0.0909090909090913,0.368686868686867,21.0113127558532,20.4430205774802,20.7271666666667,0.452195951835078,49.1298583465979,20.7076,20.7042057548538,0.0785203895664388,0.140910778471966
"14608625","2016-10-12",11.5256012051821,0.318181818181817,0.196969696969697,0.212121212121211,20.957831983802,20.4638346828647,20.7108333333334,0.491565406007714,50.4738156915602,20.7088,20.70364498754,0.0710287401924692,0.126934370816067
"14608624","2016-10-13",11.3327973640681,0.318181818181817,0.287878787878788,0.191919191919192,20.9589128604779,20.4754204728555,20.7171666666667,0.519648706459867,50.4738156915602,20.7104,20.7031589892013,0.0643498525185304,0.114417467156559
"14608623","2016-10-14",10.6136748046562,0.0909090909090964,0.242424242424244,0.242424242424243,20.9575501814511,20.4814498185489,20.7195,0.347021050583986,46.8825837767496,20.7012,20.6894044573078,0.0198360959882127,0.0955011929228901
"14608622","2016-10-17",9.94591814234513,0.204545454545453,0.204545454545456,0.244949494949495,20.9568916888932,20.4851083111068,20.721,0.349507203214424,48.8425165476305,20.6972,20.6841505296668,0.00400318086641871,0.0772015905115959
"14608621","2016-10-18",10.8425282005556,0.386363636363638,0.227272727272729,0.224747474747476,20.9613984777467,20.5059348555867,20.7336666666667,0.682231897261869,51.9005948702418,20.6968,20.6902637923779,0.0224056353963498,0.0662423994885467
"14608620","2016-10-19",11.6750946831796,0.97727272727272,0.52272727272727,0.318181818181818,20.998381268753,20.4912853979137,20.7448333333334,0.983472023270249,60.2228518014473,20.6972,20.7302286200608,0.136691787841414,0.0803322771591202
"14608619","2016-10-20",11.9062933832837,0.772727272727267,0.712121212121208,0.487373737373736,21.0159907405756,20.4970092594245,20.7565,0.776503122388296,56.5738743421752,20.7092,20.7528648040527,0.18989073579454,0.102243968886204
"14608618","2016-10-21",12.8009894922839,0.627450980392153,0.792483660130714,0.67577738165973,21.0208523440531,20.4948143226136,20.7578333333334,0.85263610697256,55.7652520636617,20.7204,20.7698161635123,0.221655422335676,0.126126259576099
"14608617","2016-10-24",12.93507934445,0.392156862745101,0.597445038621507,0.700683303624476,21.0224350947417,20.4982315719251,20.7603333333334,0.499364114663785,51.0504318677484,20.7264,20.7685073417107,0.197910596950424,0.140483127050964
"14608616","2016-10-25",13.9083294881539,0.294117647058826,0.437908496732027,0.609279065161416,21.0261750792303,20.5011582541031,20.7636666666667,0.575553134239146,49.1844694256675,20.7324,20.7607063628159,0.157846490718461,0.143955799784463
"14608615","2016-10-26",14.8120617644503,0.294117647058826,0.326797385620918,0.454050306991484,21.0245492785462,20.4974507214538,20.761,0.403243901327782,49.1844694256675,20.7308,20.7539455144405,0.124654868418128,0.140095613511196
"14608614","2016-10-27",15.2857466485953,0.142857142857142,0.243697478991598,0.336134453781514,21.0237975406233,20.5015357927101,20.7626666666667,0.348096603570247,46.803611625521,20.7344,20.7400861125151,0.0741535568960838,0.126907202188174
"14608613","2016-10-28",15.7255968981584,0.106382978723398,0.181119256213122,0.250538040275212,21.0233760648646,20.5032906018021,20.7633333333334,0.307723908660732,46.803611625521,20.7252,20.7280746308464,0.033722603827524,0.108270282516044
"14608612","2016-10-31",16.1340292727528,0.106382978723398,0.118541033434646,0.181119256213122,21.0233760648646,20.5032906018021,20.7633333333334,0.282087096482164,46.803611625521,20.7228,20.7176646800669,0.00164637287105585,0.0869455005870461
"14608611","2016-11-01",16.6061733868757,0.106382978723398,0.106382978723398,0.135347756123722,21.0239912807685,20.4983420525649,20.7611666666667,0.301198224228091,46.803611625521,20.7208,20.7086427227246,-0.0235153755306583,0.0648533253635052
"14608610","2016-11-02",17.9834295291234,0.638297872340419,0.283687943262405,0.169537318473483,21.0040042030579,20.5083291302755,20.7561666666667,0.790176652471026,58.1555663950632,20.7308,20.7341570263614,0.0532995883806731,0.0625425779669388
"14608609","2016-11-03",19.2623102326391,0.59523809523809,0.446639648767302,0.278903523584368,20.9826188455528,20.5197144877806,20.7511666666667,0.821520700409077,58.1555663950632,20.7408,20.7562694228465,0.112791358489006,0.0725923340713523
"14608608","2016-11-04",20.4498423144751,0.59523809523809,0.6095913542722,0.446639648767302,20.9959721803125,20.5356944863542,20.7658333333334,0.791490698827582,58.1555663950632,20.7508,20.7754334998003,0.158050582483393,0.0896839837537605
"14608607","2016-11-07",21.2066393948982,0.499999999999998,0.56349206349206,0.539907688843854,21.0002692600229,20.5563974066438,20.7783333333334,0.683987035999091,55.7769873417839,20.7592,20.7867090331603,0.176312107741938,0.107009608551396
"14608606","2016-11-08",19.7254025576384,0,0.365079365079363,0.51272092761454,21.0070075972176,20.5389924027824,20.773,0.116109329776133,40.9107170764588,20.7528,20.7524811620722,0.0618876492267439,0.0979852166864656
"14608605","2016-11-09",19.6307546739193,0,0.166666666666666,0.365079365079362,21.0689502762164,20.434383057117,20.7516666666667,-0.243288736748944,32.8985128301766,20.7228,20.6854836737959,-0.136511464885891,0.0510858803719943
"14608604","2016-11-10",19.151641557061,0.135135135135137,0.0450450450450457,0.192263692263691,21.0921706976518,20.3754959690149,20.7338333333334,-0.00766870770703918,37.5989018647575,20.6968,20.6407525172898,-0.252271821739136,-0.00958566005023181
"14608603","2016-11-11",19.7708309066133,0,0.0450450450450457,0.0855855855855854,21.1636025409686,20.2470641256981,20.7053333333333,-0.185914148487825,30.8499184548415,20.6768,20.5633188483178,-0.452836495093834,-0.0982358270589521
"14608602","2016-11-14",18.4708008628686,0,0.0450450450450457,0.0450450450450453,21.2136142676675,20.1380523989992,20.6758333333334,-0.072568953281898,26.2930704907199,20.6456,20.4615430018755,-0.707013732713602,-0.219991408189882
"14608601","2016-11-15",17.2636301079628,0,-1.85037170770859e-17,0.0300300300300301,21.2774518557549,19.9735481442451,20.6255,-0.125429617847917,26.2930704907199,20.6112,20.3733372682921,-0.8995309542565,-0.355899317403206
"14608600","2016-11-16",17.1489019199301,0,-1.85037170770859e-17,0.0150150150150148,21.3185271325724,19.7961395340943,20.5573333333334,-0.111320446643836,21.2521306441245,20.5608,20.2488922991865,-1.18315330163598,-0.52135011424976
"14608599","2016-11-17",17.0423686024711,0.205479452054793,0.0684931506849309,0.0228310502283099,21.313430535455,19.691569464545,20.5025,0.0689108770121742,32.8122823873378,20.5224,20.1810399926283,-1.27522944461537,-0.672125980322881
"14608598","2016-11-18",16.9434448076877,0.205479452054793,0.136986301369862,0.0684931506849305,21.291181179927,19.5934854867397,20.4423333333334,0.0863019879523989,32.8122823873377,20.488,20.1222346602778,-1.33361268173479,-0.804423320605262
"14608597","2016-11-21",18.3043311905361,0,0.136986301369862,0.114155251141551,21.3548153197015,19.3748513469653,20.3648333333334,-0.0832597710035269,25.1155106452205,20.43,19.9992700389074,-1.5801883453425,-0.95957632555271
"14608596","2016-11-22",18.6386059964078,0.0882352941176483,0.0979049153908136,0.123959172710179,21.3493485313923,19.2383181352744,20.2938333333334,0.0686940360146253,30.0256437056502,20.3748,19.9127007003865,-1.69753466422483,-1.10716799328713
"14608595","2016-11-23",17.5629638622844,0.176470588235294,0.0882352941176475,0.107708836959441,21.3158423632232,19.1624909701101,20.2391666666667,0.210915737212743,34.6408633932468,20.3152,19.8576739403349,-1.71104705388411,-1.22794380540653
"14608594","2016-11-25",16.5641533091698,0.180722891566265,0.148476257973069,0.111538822493843,21.2822905444775,19.0777094555225,20.18,0.191551377535237,34.6408633932468,20.2592,19.8099840816236,-1.70275537332284,-1.32290611898979
"14608593","2016-11-28",15.636686366992,0.197368421052632,0.184853966951397,0.140521839680704,21.2386452144386,19.0050214522281,20.1218333333334,0.22160336765133,34.6408633932468,20.204,19.7686528707405,-1.67735090358934,-1.3937950759097
"14608592","2016-11-29",15.557487882166,0.0289855072463762,0.135692273288424,0.15634083273763,21.202738630823,18.9005947025104,20.0516666666667,0.150325946132284,30.3126077382332,20.1432,19.6981658213084,-1.74409750666048,-1.46385556205986
"14608591","2016-11-30",15.3686593508498,0.137681159420291,0.121345029239766,0.147297089826529,21.1315087067998,18.8631579598669,19.9973333333334,0.311610557180736,35.3326980839973,20.0904,19.6570770451339,-1.71650267065576,-1.51438498377904
"14608590","2016-12-01",15.1933185717706,0.137681159420291,0.101449275362319,0.119495525963503,21.0055132266188,18.8381534400479,19.9218333333334,0.254616959939629,35.3326980839973,20.0376,19.6214667724494,-1.67572976300721,-1.54665393962467
"14608589","2016-12-02",15.1069503589059,0.159420289855074,0.144927536231885,0.122573946944656,20.8535487227177,18.842117943949,19.8478333333334,0.287299002357283,36.3954812173942,19.9884,19.5946045361228,-1.61278561320841,-1.55988027434142
"14608588","2016-12-05",15.2863550863354,0.399999999999999,0.232367149758455,0.159581320450886,20.6690599586622,18.8886067080045,19.7788333333334,0.354625032565312,39.9388548491662,19.9432,19.5846572646398,-1.50451291751212,-1.54880680297556
"14608587","2016-12-06",15.4529451903772,0.399999999999999,0.319806763285024,0.232367149758454,20.4562539880113,18.9674126786554,19.7118333333334,0.37115259891845,39.9388548491662,19.898,19.5760362960212,-1.40258345893478,-1.5195621341674
"14608586","2016-12-07",15.6076360012731,0.438356164383561,0.412785388127853,0.321653100390444,20.2863332227824,19.030000110551,19.6581666666667,0.390023859658292,39.9388548491662,19.8528,19.568564789885,-1.30677746416629,-1.47700520016718
"14608585","2016-12-08",16.8396210551146,0.906666666666664,0.581674277016741,0.438088809476539,20.2119243256171,19.0667423410496,19.6393333333334,0.730531045333987,51.9698039194981,19.812,19.610089484567,-1.07016869566738,-1.39563789926722
"14608584","2016-12-09",17.9836071765388,0.999999999999998,0.781674277016741,0.592044647387111,20.1068253439583,19.1298413227084,19.6183333333334,0.839480134221954,53.9033557289829,19.774,19.6554108866247,-0.844250309319994,-1.28536038127778
"14608583","2016-12-12",19.0458800035757,0.999999999999997,0.968888888888887,0.777412480974123,20.0793870630074,19.1446129369926,19.612,0.861584676547456,53.9033557289829,19.736,19.6946894350748,-0.657757088445021,-1.15983972271123
"14608582","2016-12-13",20.0322762001098,0.999999999999997,0.999999999999998,0.916854388635208,20.0548722411866,19.1581277588134,19.6065,0.88305225931354,53.9033557289829,19.6996,19.7287308437315,-0.504249951136093,-1.0287217683962
"14608581","2016-12-14",20.948215525463,0.999999999999997,0.999999999999997,0.989629629629627,20.0784275929289,19.1485724070711,19.6135,0.861884307489828,53.9033557289829,19.6764,19.7582333979006,-0.378314150460046,-0.898640244808969
"14608580","2016-12-15",21.798730613291,0.999999999999997,0.999999999999997,0.999999999999997,20.1172361488946,19.1420971844388,19.6296666666667,0.828500188188122,53.9033557289829,19.6644,19.7838022781805,-0.27539787757257,-0.773991771361689
"14608579","2016-12-16",22.3404592819278,0.943661971830985,0.981220657276993,0.993740219092329,20.1339120339193,19.1370879660807,19.6355,0.785406431464754,52.1651263511532,19.6468,19.8006286410898,-0.207778277157,-0.660749072520751
"14608578","2016-12-19",22.8434930456621,0.982142857142858,0.975268276324613,0.985496311200534,20.1596736628373,19.1313263371627,19.6455,0.786381840694506,53.3793959607329,19.642,19.8192114889445,-0.140381416054436,-0.556675541227488
"14608577","2016-12-20",21.4240246365546,0.19642857142857,0.707411133467471,0.887966689023025,20.1396952238601,19.19030477614,19.665,0.431535017909533,38.1023756973966,19.63,19.7766499570852,-0.263132516276576,-0.497966936237306
"14608576","2016-12-21",20.1059468280977,0.264150943396221,0.48090745732255,0.721195622371544,20.1335859861463,19.2147473471871,19.6741666666667,0.383004484746326,40.5989383199285,19.6204,19.7477632961405,-0.332362202655678,-0.46484598952098
"14608575","2016-12-22",18.8820174345306,0.177777777777774,0.212785764200855,0.467034784996958,20.1329469337501,19.2117197329166,19.6723333333334,0.399771377517064,41.446718292671,19.626,19.7253948566551,-0.374876647501765,-0.446852121117137
"14608574","2016-12-23",17.8900204587639,0.111111111111112,0.184346610761703,0.292679944095035,20.1322097890263,19.2174568776404,19.6748333333334,0.363533275729912,40.512698540584,19.6184,19.7020088757678,-0.416158638846931,-0.440713424663096
"14608573","2016-12-27",16.9688804098376,0.111111111111112,0.133333333333333,0.176821902765296,20.1313945137436,19.2232721529231,19.6773333333334,0.359783946715832,40.512698540584,19.6108,19.6817410256654,-0.443866980527341,-0.441344135835945
"14608572","2016-12-28",16.6197383684366,0,0.0740740740740751,0.130584672723036,20.1085845176555,19.2700821490112,19.6893333333334,0.258299231766814,37.266104268887,19.6208,19.6508422222433,-0.501193632586616,-0.453314035186079
"14608571","2016-12-29",16.2955350442786,0,0.0370370370370376,0.0814814814814814,20.1108351271978,19.2591648728022,19.685,0.263210390845678,37.266104268887,19.6248,19.6240632592776,-0.540573644205122,-0.470765956989888
"14608570","2016-12-30",15.9944891004175,0.200000000000002,0.0666666666666675,0.0592592592592596,20.1020471312154,19.2839528687846,19.693,0.325203516798757,42.6008269484969,19.6268,19.6141881580406,-0.524708228979642,-0.481554411387839
"14608569","2017-01-03",15.7149464382608,0.200000000000002,0.133333333333335,0.0790123456790129,20.0948916483129,19.3041083516872,19.6995,0.310946942559432,42.6008269484969,19.6288,19.6056297369685,-0.506326665488099,-0.486508862207891
"14608568","2017-01-04",16.027997751492,0,0.133333333333335,0.111111111111112,20.0968877258449,19.2981122741551,19.6975,0.227708206931108,38.7765597147551,19.6268,19.5848791053727,-0.526907599000626,-0.494588609566438
"14608567","2017-01-05",16.1534575134539,0.219999999999998,0.14,0.135555555555556,20.0957001458298,19.3032998541702,19.6995,0.323952614015503,44.6614129672095,19.6396,19.581561891323,-0.492275908423734,-0.494126069337897
"14608566","2017-01-06",16.2699558638471,0.224489795918364,0.148163265306121,0.140498866213152,20.0944459957241,19.308554004276,19.7015,0.319949813027993,44.6614129672095,19.6464,19.5786869724799,-0.459538279632188,-0.487208511396755
"14608565","2017-01-09",16.3781329034979,0.224489795918364,0.222993197278909,0.170385487528343,20.0704484572134,19.2982182094533,19.6843333333334,0.338994479050765,44.6614129672095,19.6532,19.5761953761493,-0.42865669846347,-0.475498148810098
"14608564","2017-01-10",17.1647988811384,0,0.149659863945576,0.173605442176868,20.0371398457893,19.2831934875441,19.6601666666667,0.243350441468526,39.8743850910938,19.6544,19.559369325996,-0.444435015162392,-0.469285522080557
"14608563","2017-01-11",17.8952744318047,0.384615384615388,0.203035060177918,0.191896040467467,19.9960153485085,19.2793179848249,19.6376666666667,0.307915204321221,42.8717946065991,19.6536,19.5514534158632,-0.431385798181405,-0.461705577300727
"14608562","2017-01-12",16.8031803975739,0.699999999999997,0.361538461538462,0.238077795220651,19.9544773867943,19.2948559465391,19.6246666666667,0.599046709743125,51.247445857281,19.6592,19.5659262937481,-0.350986978576129,-0.439561857555807
"14608561","2017-01-13",15.7154978508023,0.666666666666659,0.583760683760681,0.382778068492353,19.9043446453334,19.314988688,19.6096666666667,0.568436286816871,50.7466735728269,19.6644,19.5771361212484,-0.288080890403053,-0.409265664125256
"14608560","2017-01-17",14.7055069145144,0.666666666666659,0.677777777777772,0.541025641025638,19.8458540690401,19.3434792642933,19.5946666666667,0.610143527920727,50.7466735728269,19.6552,19.5868513050819,-0.235517215795611,-0.374515974459327
"14608559","2017-01-18",14.8131423213238,0.999999999999995,0.777777777777771,0.679772079772074,19.8127539512482,19.3645793820852,19.5886666666667,0.971542447685027,57.9028548010624,19.6492,19.615271131071,-0.130632104070838,-0.325739200381629
"14608558","2017-01-19",15.966181036714,0.545454545454544,0.737373737373733,0.730976430976425,19.7766896538059,19.3899770128609,19.5833333333334,1.14647485892637,55.0325449015275,19.6412,19.6332349802615,-0.0673635875754308,-0.27406407782039
"14608557","2017-01-20",17.0368598438621,0.727272727272728,0.757575757575756,0.757575757575753,19.821506400697,19.3701602659697,19.5958333333334,1.06313026103607,59.3704992499913,19.6372,19.6621369828933,0.0235079908317504,-0.214549664089962
"14608556","2017-01-23",18.0310615933568,0.727272727272728,0.666666666666667,0.720538720538718,19.8607499861527,19.3592500138474,19.61,0.978564333506814,59.3704992499913,19.6332,19.6871853851742,0.094331078963994,-0.152773515479171
"14608555","2017-01-24",17.2689116199425,0.363636363636361,0.606060606060606,0.676767676767676,19.8644313761879,19.3625686238121,19.6135,0.572729047587576,48.5147494990395,19.6212,19.6822273338177,0.067695129523937,-0.108679786478549
"14608554","2017-01-25",18.8360455592002,0.337837837837836,0.476248976248975,0.582992082992082,19.9005734953698,19.3577598379636,19.6291666666667,0.931394205859886,50.9303588195655,19.6128,19.684597022642,0.0663108182306305,-0.0736816655367132
"14608553","2017-01-26",20.5170233186757,0.304878048780487,0.335450750084895,0.472586777464825,19.9374723480394,19.354860985294,19.6461666666667,0.918517984586374,50.9303588195655,19.6032,19.6866507529564,0.0644700065124626,-0.046051331126878
"14608552","2017-01-27",22.0779312381887,0.365853658536585,0.33618984838497,0.382629858239613,19.9663918461456,19.3662748205211,19.6663333333334,0.872705084368956,53.4626568584263,19.6132,19.6950973192289,0.082542019195353,-0.0203326610624318
"14608551","2017-01-30",23.5273457348793,0.463414634146339,0.378048780487804,0.349896459652556,19.9888572206661,19.384142779334,19.6865,0.831010230590349,57.2629021501428,19.624,19.7130843433317,0.128121846926033,0.00935824053526105
"14608550","2017-01-31",24.4009205297307,0.350649350649349,0.393305881110758,0.369181503327843,20.003127340331,19.3985393263358,19.7008333333334,0.724670900165061,53.719748686253,19.6316,19.7206730975541,0.138069240932359,0.0351004406146807
"14608549","2017-02-01",25.2120971249498,0.516129032258063,0.443397672351251,0.404917444649937,20.0373609338165,19.4063057328502,19.7218333333334,0.89325666960136,62.1310517411085,19.6484,19.7539166845469,0.225068550021845,0.0730940624961136
"14608548","2017-02-02",25.9653325347961,0.516129032258063,0.460969138388492,0.432557563950166,20.0590270066517,19.433639660015,19.7463333333334,0.857645014517003,62.1310517411085,19.6652,19.782727793274,0.290503712637791,0.116575992524449
"14608547","2017-02-03",26.5719121428446,0.500000000000001,0.510752688172042,0.471706499637261,20.079963689007,19.4527029776597,19.7663333333334,0.808749875710608,61.4830704142615,19.6856,19.8063640875041,0.334307478547635,0.160122289729086
"14608546","2017-02-06",27.1351646360325,0.500000000000001,0.505376344086022,0.492366056882185,20.0957693794991,19.4768972871676,19.7863333333334,0.780618028860227,61.4830704142615,19.706,19.8268488758369,0.364726208741795,0.201043073531628
"14608545","2017-02-07",25.8419600354422,0.161290322580647,0.38709677419355,0.467741935483871,20.0898237562749,19.5068429103918,19.7983333333334,0.502858870370128,49.0293620956606,19.714,19.8166023590587,0.299898054254455,0.220814069676193
"14608544","2017-02-08",25.0541939887759,0.129032258064519,0.263440860215056,0.385304659498209,20.0641253316852,19.5668746683149,19.8155,0.488939180165705,48.0315131676007,19.7212,19.8050553778508,0.237631606729605,0.224177577086876
"14608543","2017-02-09",25.2335174561323,0.112903225806452,0.134408602150539,0.261648745519714,20.036259855101,19.6310734782323,19.8336666666667,0.573217334935863,47.5108509675519,19.732,19.7937146608041,0.182100563843068,0.215762174438114
"14608542","2017-02-10",25.7052530905597,0.564516129032258,0.268817204301076,0.222222222222223,20.0694771782853,19.6361894883814,19.8528333333334,1.00889975676185,60.4413201838397,19.7496,19.8212193726969,0.249281137478863,0.222465967046264
"14608541","2017-02-13",26.3546377950401,0.543859649122809,0.407093001320506,0.270106269257373,20.0956255315624,19.654707801771,19.8751666666667,1.00236129108427,60.8126139859231,19.7676,19.8463901230039,0.302974035406423,0.238567580718296
"14608540","2017-02-14",26.8684512890493,0.526315789473684,0.544897189209584,0.406935798277055,20.1024718630426,19.6878614702908,19.8951666666667,0.87344296245369,60.2040776700561,19.7852,19.8668714399367,0.33747142666698,0.258348349908032
"14608539","2017-02-15",27.3455638192008,0.690909090909092,0.587028176501862,0.513006122343983,20.1345481553889,19.6874518446111,19.911,0.960005286800186,64.0754814454161,19.8112,19.8979552479452,0.400665242158316,0.286811728358089
"14608538","2017-02-16",28.7934977594288,0.779411764705882,0.665545548362886,0.59915697135811,20.2115584724852,19.6571081941815,19.9343333333334,1.15951209869591,68.9542284194911,19.8412,19.9448945482192,0.505437664660802,0.330536915618632
"14608537","2017-02-17",30.7151994430862,0.829545454545451,0.766622103386809,0.673065276083852,20.3345317302718,19.5991349363949,19.9668333333334,1.22500542714615,74.0203348316638,19.8728,20.0122419417899,0.661122871458697,0.396654106786645
"14608536","2017-02-21",32.0561710634309,0.772727272727269,0.793894830659534,0.742020827469743,20.4114440729843,19.5805559270157,19.996,1.02634441284934,70.9052152571136,19.9028,20.0639430162179,0.755010364723407,0.468325358373997
"14608535","2017-02-22",34.0599798400583,0.715596330275229,0.77262301918265,0.777713317742997,20.5055464008929,19.5817869324405,20.0436666666667,1.1058575698328,73.3232946066696,19.9368,20.1220839473889,0.859135458823967,0.546487378463991
"14608534","2017-02-23",35.9206594183551,0.715596330275229,0.734639977759243,0.767052609200475,20.5713773665826,19.5802893000842,20.0758333333334,0.934707416925602,73.3232946066696,19.9648,20.1724727544037,0.930368824526839,0.623263667676561
"14608533","2017-02-24",38.1776946045276,0.724770642201836,0.718654434250765,0.741972477064219,20.6508508552089,19.5728158114578,20.1118333333334,0.962106189918658,73.5779723013446,19.9952,20.2174763871499,0.979079626078461,0.694426859356941
"14608532","2017-02-27",40.4091254387374,0.805084745762713,0.748483906079927,0.733926106029977,20.7496135363767,19.5597197969566,20.1546666666667,0.997523417753668,77.3103912867049,20.028,20.2778128688632,1.06861357722265,0.769264202930084
"14608531","2017-02-28",38.8208120927106,0.279661016949154,0.603172134971235,0.690103491767308,20.7587384406692,19.5902615593308,20.1745,0.593141195235842,48.6383144134545,20.036,20.2474378196815,0.882487299594925,0.791908822263052
"14608530","2017-03-01",37.3459496999714,0.279661016949154,0.454802259887007,0.602152766979389,20.7559767253575,19.6293566079759,20.1926666666667,0.506509144671007,48.6383144134545,20.052,20.2211127770573,0.726571572188939,0.778841372248229
"14608529","2017-03-02",35.9764346209993,0.48888888888889,0.349403640929066,0.469126011929102,20.7817768487544,19.6522231512457,20.217,0.712178196747298,59.5755523431517,20.0816,20.2502977401163,0.749860237860456,0.773045145370675
"14608528","2017-03-03",33.6615566721801,0.0777777777777781,0.282109227871941,0.362105042896004,20.7819436636993,19.6750563363007,20.2285,0.474252121878553,48.9300562001467,20.0964,20.2262580414341,0.613719686304881,0.741180053557516
"14608527","2017-03-06",31.4726248441996,0.511111111111112,0.35925925925926,0.330257376020088,20.8017335725581,19.7055997607753,20.2536666666667,0.691278349789832,57.5420616808389,20.1248,20.2574236359096,0.653764571413529,0.723696957128719
"14608526","2017-03-07",29.7801087610212,0.376470588235295,0.321786492374728,0.321051659835309,20.8112846291435,19.7413820375233,20.2763333333334,0.628049040233193,55.2275607210748,20.1464,20.2724338177883,0.6421176142275,0.707381088548475
"14608525","2017-03-08",29.0519676875662,0.082352941176471,0.323311546840959,0.334785766158315,20.7872495953313,19.8090837380021,20.2981666666667,0.437127226902036,49.296038645967,20.1604,20.2521093087499,0.52725945307921,0.671356761454622
"14608524","2017-03-09",28.3758366907866,0.082352941176471,0.180392156862746,0.275163398692811,20.7574328713786,19.8699004619548,20.3136666666667,0.281792006004142,49.2960386459671,20.1664,20.2344947342499,0.431246644839467,0.623334738131591
"14608523","2017-03-10",26.5230182068265,0.43529411764706,0.200000000000001,0.234567901234568,20.738438495641,19.9472281710257,20.3428333333334,0.631233541958383,55.8893602313369,20.1844,20.2592287696832,0.469331898499492,0.592534170205171
"14608522","2017-03-13",25.2689563883343,0.152941176470587,0.223529411764706,0.201307189542484,20.7304462564789,19.9758870768545,20.3531666666667,0.403033892314299,50.2588286260563,20.1932,20.2486649337255,0.399245204189147,0.553876377001966
"14608521","2017-03-14",24.10447041402,0.423529411764705,0.337254901960784,0.25359477124183,20.7288034928859,20.0101965071141,20.3695,0.574913456728341,54.9434986491306,20.2112,20.2701762758954,0.430362193353084,0.52917354027219
"14608520","2017-03-15",23.494206477295,0.372340425531913,0.316270337922402,0.292351550549297,20.7374437331224,20.0562229335443,20.3968333333334,0.793345907020262,54.7022720414081,20.2372,20.287486105776,0.445816753926076,0.512502183002967
"14608519","2017-03-16",22.9275328217646,0.446808510638296,0.414226115978305,0.355917118620497,20.7315278935084,20.0981387731584,20.4148333333334,0.597622979850248,56.1534706231666,20.2668,20.3118212916726,0.48027256726435,0.506056259855244
"14608518","2017-03-17",23.459225786882,0.712765957446807,0.510638297872339,0.413711583924348,20.7906268162093,20.0880398504574,20.4393333333334,0.999107845377346,60.9635021823018,20.3068,20.3662451194495,0.599642881457085,0.524773584175612
"14608517","2017-03-20",23.9529406830625,0.712765957446807,0.624113475177304,0.516325963009315,20.8217384730094,20.0789281936573,20.4503333333334,0.863035722798356,60.9635021823018,20.3356,20.4134124368563,0.68586694396704,0.556992256133898
"14608516","2017-03-21",24.4113902295158,0.706521739130433,0.710684551341349,0.615145441463663,20.8540331036155,20.0753002297179,20.4646666666667,0.827883080182971,60.9635021823018,20.364,20.4542907786088,0.745238549794203,0.594641514865959
"14608515","2017-03-22",24.9813560446769,0.771739130434784,0.730342275670675,0.688380100729775,20.8825665525859,20.0644334474142,20.4735,0.874633416081684,62.2062914781341,20.3952,20.4977186747943,0.806308187588844,0.636974849410536
"14608514","2017-03-23",25.6568938276744,0.827586206896551,0.768615692153923,0.736547506388649,20.9293349462336,20.0509983870998,20.4901666666667,0.898290757335974,63.4591164013484,20.4248,20.5433561848217,0.867921830973084,0.683164245723045
"14608513","2017-03-24",26.6154164624799,0.67816091954023,0.759162085623855,0.752706684482817,20.9566514706932,20.0426818626402,20.4996666666667,0.828603194993661,58.9030948059171,20.4432,20.5655753601788,0.855588199336932,0.717649036445823
"14608512","2017-03-27",27.5054731947993,0.67816091954023,0.727969348659004,0.75191570881226,20.9511189925913,20.0445476740754,20.4978333333334,0.734031964538623,58.9030948059171,20.4536,20.5848319788216,0.836068134171319,0.741332855990922
"14608511","2017-03-28",28.3319544462386,0.67816091954023,0.678160919540231,0.72176411794103,20.9702191395934,20.06811419374,20.5191666666667,0.711542275885376,58.9030948059171,20.466,20.6015210483121,0.811162170129309,0.7552987188186
"14608510","2017-03-29",29.0994013225752,0.654320987654322,0.670214275578261,0.692114847925831,20.9779764096143,20.1113569237191,20.5446666666667,0.690779616687837,58.9030948059171,20.4744,20.6159849085371,0.782337705825231,0.760706516219926
"14608509","2017-03-30",31.2681549670051,0.637795275590549,0.656759060928368,0.668378085348953,21.0821637683476,20.0758362316524,20.579,1.06078494600929,65.9791380506621,20.494,20.6658535873989,0.85888710492632,0.780342633961205
"14608508","2017-03-31",33.2819976368328,0.999999999999998,0.764038754414957,0.697004030307195,21.2419571406669,20.0410428593332,20.6415,1.17323705993579,73.9228847857458,20.5316,20.7704064424123,1.08539250557473,0.841352608283911
"14608507","2017-04-03",32.7114620519708,0.504761904761905,0.714185726784151,0.711661180709158,21.2850305585562,20.0533027747772,20.6691666666667,0.782124024947947,57.5608453367906,20.542,20.791685583424,1.04995404881969,0.883072896391067
"14608506","2017-04-04",32.1816790088846,0.734693877551021,0.746485260770975,0.741569913990027,21.3517542664368,20.0642457335633,20.708,0.874366450934664,62.0802263139681,20.5876,20.8447941723008,1.10959057982285,0.928376433077423
"14608505","2017-04-05",31.6897376117332,0.648648648648649,0.629368143653859,0.696679710402994,21.3939180974437,20.1174152358897,20.7556666666667,0.840252534024525,62.0802263139681,20.6332,20.890821615994,1.1431809787378,0.971337342209499
"14608504","2017-04-06",29.5500408865669,0.0405405405405373,0.474627688913403,0.616827031112745,21.3622309027116,20.2244357639551,20.7933333333334,0.570311427140923,51.1471537182302,20.6452,20.8707120671948,0.98451551437988,0.973972976643575
"14608503","2017-04-07",27.4983607361482,0.0135135135135108,0.234234234234233,0.446076688933831,21.3608409552314,20.2674923781019,20.8141666666667,0.544968885216569,50.7196231972019,20.6712,20.8506171249022,0.841356352692002,0.947449651853261
"14608502","2017-04-10",25.5588033589693,0,0.0180180180180163,0.242293313721883,21.3300568407142,20.3526098259525,20.8413333333334,0.481584679549698,50.4923616155153,20.6812,20.8318681749152,0.715786818407449,0.901117085164098
"14608501","2017-04-11",23.757785794446,0.0135135135135108,0.0090090090090075,0.0870870870870848,21.3099264646242,20.4034068687092,20.8566666666667,0.360271452225085,50.730109296091,20.6952,20.8169524182599,0.613083991062036,0.843510466343686
"14608500","2017-04-12",22.5294193037614,0.0270270270270264,0.0135135135135127,0.0135135135135115,21.3048482287164,20.426485104617,20.8656666666667,0.398675163428249,50.9836047244904,20.7196,20.8053587624919,0.529471380643409,0.780702649203631
"14608499","2017-04-13",21.3887932766972,0.216216216216216,0.0855855855855848,0.0360360360360343,21.2866722037271,20.4839944629397,20.8853333333334,0.480897273520602,54.5121572958743,20.7496,20.8139775941596,0.511614801759497,0.726885079714804
"14608498","2017-04-17",19.9848013581335,0.0270270270270264,0.09009009009009,0.0630630630630618,21.2866804862191,20.4826528471143,20.8846666666667,0.365676259437704,50.5901711536601,20.762,20.802780581605,0.438109640033146,0.669129991778472
"14608497","2017-04-18",18.8049374919994,0,0.0810810810810812,0.0855855855855847,21.2871465132072,20.4808534867928,20.884,0.280063416743203,49.7639329274399,20.7828,20.7890765040577,0.364018121979393,0.608107617818657
"14608496","2017-04-19",17.7093496163034,0,0.00900900900900909,0.0600600600600594,21.2878643119752,20.4781356880249,20.883,0.273998356255144,49.7639329274399,20.7944,20.77719963685,0.301816880833217,0.546849470421569
"14608495","2017-04-20",16.6920180174429,0,2.78712238473607e-16,0.0300300300300295,21.289398722112,20.4686012778881,20.879,0.281919398921514,49.7639329274399,20.8064,20.7669063519367,0.249641086183683,0.487407793573991
"14608494","2017-04-21",15.7473529613581,0,2.78712238473607e-16,0.00300300300300254,21.2895345627743,20.4544654372257,20.872,0.294029027372989,49.7639329274399,20.8156,20.7579855050118,0.205915253740296,0.431109285607252
"14608493","2017-04-24",14.870163980708,0,2.78712238473607e-16,-4.00142881791983e-16,21.2902199323179,20.4437800676822,20.867,0.302703054313363,49.7639329274399,20.8148,20.7502541043435,0.169308589003503,0.378749146286503
"14608492","2017-04-25",15.0245143349914,0.489795918367347,0.163265306122449,0.0544217687074826,21.2978842727528,20.4607823939139,20.8793333333334,0.592382224061638,57.7584523288923,20.8236,20.7755535570977,0.230939277978148,0.349187172624832
"14608491","2017-04-26",14.2872420230187,0,0.163265306122449,0.108843537414966,21.2973539829686,20.4633126836981,20.8803333333334,0.319753130372748,47.2900256758285,20.82,20.7561464161514,0.157457696412955,0.310841277382456
"14608490","2017-04-27",13.6026320190441,0.576923076923077,0.355572998430142,0.227367870225013,21.3013490511893,20.4813176154775,20.8913333333334,0.54715266388913,55.6645675778051,20.826,20.7793268939979,0.213361365565268,0.291345295019019
"14608489","2017-04-28",13.1059040341765,0.642857142857136,0.406593406593405,0.308477237048665,21.2730721026699,20.4859278973301,20.8795,0.534512947541691,54.7281624035826,20.8284,20.7954166414648,0.243138711825863,0.281703978380388
"14608488","2017-05-01",12.6446566196565,0.80555555555556,0.675111925111925,0.479092776711823,21.1485063451096,20.5574936548905,20.853,0.613364740061901,55.2684098545473,20.8368,20.8120277559362,0.271318666453468,0.279626915995004
"14608487","2017-05-02",12.2163554490308,0.80555555555556,0.751322751322753,0.61100936100936,21.135866162669,20.5604671706644,20.8481666666667,0.624840909232455,55.2684098545473,20.8452,20.8264240551447,0.290257273262462,0.281752987448495
"14608486","2017-05-03",11.3539135637132,0.729729729729723,0.780280280280282,0.735571652238319,21.0806757244705,20.5899909421962,20.8353333333334,0.699720887095267,54.5139405994551,20.8528,20.8362341811254,0.29409445701376,0.284221281361548
"14608485","2017-05-04",10.553074670204,0.999999999999995,0.845095095095093,0.792232708899375,21.0260762413781,20.6255904252886,20.8258333333334,0.934888477118253,57.628476522685,20.8644,20.858069623642,0.331978657948007,0.29377275667884
"14608484","2017-05-05",9.80943855480264,0.999999999999995,0.909909909909905,0.845095095095093,21.0455965927158,20.6187367406176,20.8321666666667,0.893181350994494,57.628476522685,20.8648,20.8769936738231,0.357798728656089,0.30657795107429
"14608483","2017-05-08",10.9055130349389,0.0810810810810835,0.693693693693691,0.816232899566229,21.0420783980015,20.6129216019985,20.8275,0.366016335904344,45.3767631662454,20.8332,20.84806118398,0.24395979937144,0.29405432073372
"14608482","2017-05-09",11.9232964807797,0.702702702702702,0.594594594594594,0.732732732732729,21.0485865162915,20.6144134837086,20.8315,0.665448629791598,52.7022102792484,20.8316,20.853653026116,0.239960735935796,0.283235603774135
"14608481","2017-05-10",13.9953707529987,0,0.261261261261262,0.516516516516515,21.057724434837,20.5946088984964,20.8261666666667,0.0620243386000131,44.1148438820999,20.8072,20.8171659559672,0.115406108360028,0.249669704691314
"14608480","2017-05-11",15.9194397200592,0.309523809523813,0.337408837408838,0.397754897754898,21.0590185243265,20.5866481423403,20.8228333333334,0.261133767830808,47.9453571979861,20.788,20.8028771618382,0.0662484272319075,0.212985449199432
"14608479","2017-05-12",14.7862872164823,0.292307692307692,0.200610500610502,0.266426866426867,21.0649370712967,20.5860629287034,20.8255,0.704298634299816,49.6603537402429,20.7892,20.7984935402598,0.0499828981325612,0.180384938986058
"14608478","2017-05-15",13.8112413315154,0.261538461538463,0.28778998778999,0.275269775269776,21.0649353560458,20.5837313106209,20.8243333333334,0.352453443242916,49.0798956912529,20.7904,20.7920277348918,0.0289942436366708,0.150106799916181
"14608477","2017-05-16",12.9058415811889,0.261538461538463,0.271794871794873,0.253398453398454,21.0635792178905,20.5894207821096,20.8265,0.338661522758661,49.0798956912529,20.792,20.7864240369063,0.0122162819399474,0.122528696320934
"14608476","2017-05-17",12.0651132416,0.261538461538463,0.261538461538463,0.273707773707774,21.0617048679241,20.596295132076,20.829,0.330257096242155,49.0798956912529,20.7932,20.7815674986521,-0.00107077382518472,0.0978088022917103
"14608475","2017-05-18",11.2844369262675,0.261538461538463,0.261538461538463,0.264957264957265,21.0596371419905,20.6033628580096,20.8315,0.321379370125848,49.0798956912529,20.794,20.7773584988318,-0.0114707968316252,0.0759528824670432
"14608474","2017-05-19",10.8312921746392,0.184615384615385,0.235897435897437,0.252991452991454,21.0596371419905,20.6033628580096,20.8315,0.211796161614143,47.223798603995,20.7872,20.7670440323209,-0.0386971896160659,0.0530228680504214
"14608473","2017-05-22",11.1613873979804,0,0.148717948717949,0.215384615384616,21.0680656773192,20.5862676560142,20.8271666666667,0.0561763978311585,42.0821655719639,20.78,20.7381048280115,-0.117288327388965,0.0189606289625442
"14608472","2017-05-23",11.0337183075567,0.0147058823529382,0.0664404223227746,0.150351935646053,21.0573768887969,20.5656231112031,20.8115,0.158026690736252,42.5313909357998,20.7744,20.7143575176099,-0.173778475358843,-0.0195871919017333
"14608471","2017-05-24",10.9151684378776,0.117647058823527,0.0441176470588218,0.0864253393665147,21.0605543037511,20.5551123629156,20.8078333333334,0.200921798422941,45.7059742000787,20.7716,20.7031098485953,-0.189142021847855,-0.0534981578909576
"14608470","2017-05-25",10.316187353845,0.161764705882352,0.0980392156862724,0.0695324283559557,21.046264725974,20.5487352740261,20.7975,0.350930097954337,47.0558139425772,20.77,20.6973618687826,-0.187474250600783,-0.0802933764329227
"14608469","2017-05-26",9.85834055401861,0.0441176470588199,0.1078431372549,0.0833333333333307,21.0417325039431,20.5206008293903,20.7811666666667,0.113981117460724,43.9200294774722,20.7652,20.6817136196116,-0.214896768824901,-0.107214054911318
"14608468","2017-05-30",9.23327357684995,0.13235294117647,0.112745098039214,0.106209150326795,21.0264757915008,20.5078575418326,20.7671666666667,0.254797161981745,46.7843288311148,20.7628,20.6761518036634,-0.21080715245605,-0.127932674420265
"14608467","2017-05-31",10.3670866566554,0.352941176470585,0.176470588235292,0.132352941176468,21.018079488203,20.5105871784638,20.7643333333334,0.695076847668569,53.2174171751656,20.7568,20.6913315631749,-0.147333777053149,-0.131812894946842
"14608466","2017-06-01",11.4199130879034,0.411764705882348,0.299019607843135,0.196078431372546,21.002950496228,20.5153828371054,20.7591666666667,0.645278982327867,54.7870435701751,20.7648,20.7098206880849,-0.0805360852166204,-0.121557533000797
"14608465","2017-06-02",13.3090348240687,0.818181818181813,0.527629233511582,0.334373143196669,21.0115378960716,20.5101287705951,20.7608333333334,1.04346836974896,60.8058089803354,20.7676,20.7485112630069,0.038068806489111,-0.0896322651028157
"14608464","2017-06-05",12.9583691943929,0.0909090909090918,0.440285204991085,0.422311348781933,20.9723661408116,20.5159671925218,20.7441666666667,0.330192422023661,45.4684544730564,20.7556,20.7287097612727,-0.0233341009421406,-0.0763726322706807
"14608463","2017-06-06",13.1526448359006,0.218181818181819,0.375757575757575,0.44789067142008,20.9719003312869,20.5157663353798,20.7438333333334,0.542750595603354,47.9430642129526,20.7456,20.720881793103,-0.0442691446114196,-0.0699519347388285
"14608462","2017-06-07",13.333043645872,0.727272727272721,0.345454545454544,0.387165775401067,20.9815507499575,20.5107825833759,20.7461666666667,0.932980281596705,56.4552220235091,20.7468,20.7514308873559,0.0475531734474233,-0.0464509131015781
"14608461","2017-06-08",13.5005568265597,0.727272727272721,0.557575757575754,0.426262626262624,21.0066936845121,20.518306315488,20.7625,0.883916562737181,56.4552220235091,20.7488,20.7779067690418,0.118837619197021,-0.0133932066418583
"14608460","2017-06-09",12.6481279406475,0.34545454545454,0.599999999999994,0.501010101010097,21.0072520412156,20.5207479587844,20.764,0.450668450961189,49.4254345955023,20.7384,20.7728525331696,0.092674713908325,0.00782037746817835
"14608459","2017-06-12",11.8565868323004,0.33333333333333,0.468686868686864,0.542087542087537,20.9869393914668,20.5227272752,20.7548333333334,0.468046216775509,49.4254345955023,20.728,20.7684721954136,0.0711185928308877,0.0204800205407202
"14608458","2017-06-13",11.3983373186465,0.0961538461538466,0.258313908313906,0.442333592333588,20.9859299660441,20.5144033672893,20.7501666666667,0.308777135998688,45.9495742274641,20.7268,20.7500092360251,0.0111462413570962,0.0186132647039954
"14608457","2017-06-14",10.9728199131107,0.269230769230768,0.232905982905982,0.319968919968917,20.9847965744152,20.5125367589182,20.7486666666667,0.43929895001435,49.1033822637062,20.72,20.7460080045551,-0.00139015851801094,0.0146125800595941
"14608456","2017-06-15",10.5776966079703,0.269230769230768,0.211538461538461,0.234252784252782,20.9836245557999,20.5107087775335,20.7471666666667,0.442554958165509,49.1033822637062,20.7256,20.7425402706144,-0.0111982015771117,0.00945042373225298
"14608455","2017-06-16",9.92953894166101,0.419999999999993,0.319487179487177,0.254643874643873,20.9882093799207,20.5121239534127,20.7501666666667,0.625677725050644,52.3293260456558,20.7296,20.7515349011992,0.0158511502132308,0.0107305690284485
"14608454","2017-06-19",9.49017476624643,0.399999999999997,0.36307692307692,0.298034188034185,20.9942249346023,20.5174417320645,20.7558333333334,0.620599886266757,51.9354370601939,20.7308,20.7579969143726,0.0330103291668715,0.0151865210561331
"14608453","2017-06-20",9.65663590645098,0.279999999999993,0.366666666666661,0.349743589743585,20.9958173419499,20.5355159913835,20.7656666666667,0.59631371552296,49.526622641583,20.7304,20.7555973257896,0.0230177271077991,0.0167527622664663
"14608452","2017-06-21",9.81120696521235,0.279999999999993,0.319999999999995,0.349914529914525,20.9941393425933,20.5468606574068,20.7705,0.431809851418882,49.5266226415829,20.73,20.753517682351,0.0149259054477824,0.0163873909027295
"14608451","2017-06-22",10.8984743061817,0.371428571428569,0.310476190476185,0.332380952380947,20.9953626830647,20.5599706502687,20.7776666666667,0.551294768050479,49.0865542113034,20.7292,20.7503819913709,0.00457138400480339,0.0140241895231443
"14608450","2017-06-23",11.9080796942246,0.343749999999996,0.331726190476186,0.320734126984122,20.9959488648876,20.5630511351125,20.7795,0.454954718727293,49.5691268252711,20.7288,20.7489977258548,0.00025045187177497,0.0112694419928705
"14608449","2017-06-26",13.0254229105157,0.343749999999996,0.352976190476187,0.331726190476186,20.9854417004557,20.5928916328777,20.7891666666667,0.459665442344576,49.5691268252711,20.7304,20.7477980290741,-0.00313796589365145,0.00838796041556607
"14608448","2017-06-27",14.0629558970718,0.531250000000002,0.406249999999998,0.36365079365079,20.9811265052789,20.6132068280545,20.7971666666667,0.507700956237706,52.689512136478,20.7404,20.7547582918642,0.017308609911737,0.0101720903148003
"14608447","2017-06-28",13.6675449533041,0,0.291666666666666,0.350297619047617,20.9781404826892,20.5951928506442,20.7866666666667,0.151823585848177,43.9115038584058,20.7428,20.7367905196157,-0.0360801800472044,0.000921636242399331
"14608446","2017-06-29",14.1609720623921,0.0606060606060593,0.197285353535354,0.298400673400672,20.9736224674807,20.5890441991861,20.7813333333334,0.349185446028337,45.0077682992162,20.7432,20.7238851170003,-0.0698379094855706,-0.0132302729031946
"14608445","2017-06-30",14.4777887434762,0,0.02020202020202,0.169718013468013,20.9273146656212,20.5940186677122,20.7606666666667,0.077952728058063,44.0799408474133,20.7416,20.7100337680669,-0.103216927964878,-0.0312276039155312
"14608444","2017-07-03",14.7719756616258,0,0.02020202020202,0.0792297979797975,20.9313651223202,20.5853015443465,20.7583333333334,0.100266129873231,44.0799408474133,20.7432,20.698029265658,-0.128218528668456,-0.0506257888661161
"14608443","2017-07-05",15.7715884250735,0.212121212121213,0.0707070707070712,0.0370370370370366,20.9299552943847,20.5820447056154,20.756,0.386944132765522,48.3979550152895,20.7452,20.6969586969036,-0.119374545169482,-0.0643755401267892
"14608442","2017-07-06",15.3605474558644,0,0.0707070707070712,0.0538720538720537,20.9054548687973,20.5682117978694,20.7368333333334,-0.00458165440877764,39.4855506273596,20.7336,20.6706975373164,-0.184381165619263,-0.088376665225284
"14608441","2017-07-07",15.8894750962268,0.666666666666667,0.292929292929293,0.144781144781145,20.876160447628,20.5858395523721,20.731,0.852483527729126,53.9157601672013,20.7324,20.6879378656742,-0.11748575724172,-0.0941984836285711
"14608440","2017-07-10",15.4267146128611,0.311111111111112,0.325925925925926,0.229854096520763,20.875174224832,20.5848257751681,20.73,0.465558624433458,47.4209401207914,20.718,20.681546150251,-0.125455033065713,-0.100449793516
"14608439","2017-07-11",14.9970084497359,0.636363636363635,0.538047138047138,0.385634118967452,20.8799806955353,20.5850193044648,20.7325,0.694940767641778,52.7809032400657,20.7252,20.6946733302175,-0.0762801452942163,-0.0956158638716429
"14608438","2017-07-12",14.08014270722,0.431818181818182,0.45976430976431,0.441245791245791,20.8792685039253,20.5913981627414,20.7353333333334,0.435155992138933,49.3014737230989,20.726,20.6940502195219,-0.0715851098366027,-0.0908097130646349
"14608437","2017-07-13",14.0155404334136,0.534883720930232,0.534355179704016,0.510722209171821,20.8853305777012,20.5930027556322,20.7391666666667,0.696696980783492,50.8522080544783,20.7172,20.6988435235856,-0.0516729562478835,-0.0829823617012846
"14608436","2017-07-14",14.2679409839083,0.799999999999994,0.58890063424947,0.527673374572598,20.9182834578345,20.5813832088322,20.7498333333334,1.04467160693236,56.8877511747222,20.7152,20.7256643871075,0.0299774736533642,-0.0603903946303549
"14608435","2017-07-17",14.5023129236534,0.84,0.724961240310076,0.616072351421187,20.9410237222028,20.5709762777972,20.756,0.979217830076217,57.5482524739766,20.7224,20.7515758021599,0.101206916679319,-0.02807093236842
"14608434","2017-07-18",14.0731983615858,0.639999999999998,0.759999999999998,0.691287291519847,20.945308168828,20.5700251645054,20.7576666666667,0.737154358110712,53.1626029394193,20.7256,20.7606990285386,0.117374295877171,0.00101811328069812
"14608433","2017-07-19",14.5238740449854,0.689655172413791,0.723218390804597,0.736059877038223,20.9716232803494,20.558710052984,20.7651666666667,0.971850549754533,56.0483086931493,20.7364,20.7792724914001,0.159402867629521,0.0326950641504627
"14608432","2017-07-20",15.0719461095885,0.655737704918029,0.661797625777273,0.715005338860622,21.0010770051095,20.5522563282239,20.7766666666667,0.930758526266831,56.0483086931493,20.7436,20.7953694925467,0.190467545671846,0.0642495604547395
"14608431","2017-07-21",15.5808701695771,0.999999999999997,0.781797625777273,0.722271214119714,21.0595845668404,20.524748766493,20.7921666666667,1.09426338537324,62.9901582354256,20.7592,20.8373202268738,0.293011813536803,0.110002011071152
"14608430","2017-07-24",15.9772250127174,0.98360655737705,0.879781420765026,0.77445889077319,21.1076656895573,20.5106676437761,20.8091666666667,0.987159606950963,62.4840606808678,20.7708,20.872344196624,0.365957340871015,0.161193077031125
"14608429","2017-07-25",15.2305328481403,0.491803278688525,0.825136612021858,0.828905219521385,21.116057075371,20.5149429246291,20.8155,0.640572302108789,49.6071483230333,20.7708,20.8626983037408,0.304228118855399,0.18980008539598
"14608428","2017-07-26",14.5371758381759,0.595744680851065,0.690384838972214,0.798434290586365,21.1253528518141,20.5176471481859,20.8215,0.662085034601276,53.7159790560898,20.778,20.8703385299087,0.298263139451405,0.211492696207065
"14608427","2017-07-27",13.8933443289233,0.595744680851065,0.561097546796886,0.692206332596985,21.1313124875565,20.5383541791102,20.8348333333334,0.643630109323844,53.7159790560898,20.7852,20.8769600592542,0.290179183380612,0.227229993641774
"14608426","2017-07-28",13.2955007846172,0.547619047619049,0.57970280310706,0.610395062958719,21.1387369530496,20.5505963802838,20.8446666666667,0.62808729208908,53.7159790560898,20.7928,20.8826987180203,0.280529542402674,0.237889903393954
"14608425","2017-07-31",12.9788466413352,0.809523809523809,0.650962512664642,0.597254287522862,21.1536154840524,20.5783845159477,20.866,0.81407673905649,57.6677033364853,20.8044,20.9023388889509,0.311746406988478,0.252661204112859
"14608424","2017-08-01",12.8592117380071,0.789473684210527,0.715538847117795,0.648734720963165,21.1634842800839,20.6121823865829,20.8878333333334,0.806244791326835,57.6677033364853,20.816,20.9193603704241,0.332590374496533,0.268647038189594
"14608423","2017-08-02",15.2530931767407,0.303030303030304,0.634009265588214,0.66683687512355,21.2432527264448,20.5937472735552,20.9185,1.13355896115919,60.1770665308867,20.828,20.9434456543676,0.371739843403507,0.289265599232376
"14608422","2017-08-03",17.4759830841362,0.898989898989899,0.663831295410244,0.671126469372084,21.4072526889405,20.5420806443929,20.9746666666667,1.32681050299926,74.108328022664,20.8708,21.0429862337852,0.622012966747398,0.355815072735381
"14608421","2017-08-04",19.4009611257784,0.87878787878788,0.693602693602695,0.663814418200383,21.5388343969358,20.4941656030643,21.0165,1.12555711803943,73.173835813916,20.912,21.1265880692805,0.802152476029883,0.445082553394281
"14608420","2017-08-07",21.1884407358747,0.87878787878788,0.885521885521887,0.747651958178274,21.6398803888155,20.4881196111846,21.064,1.02615092627696,73.173835813916,20.954,21.1990429933765,0.933176442964312,0.542701331308287
"14608419","2017-08-08",22.614824210229,0.848484848484848,0.86868686868687,0.815937149270483,21.7194871305519,20.4935128694482,21.1065,0.935164111455041,71.6031071682459,20.9948,21.2578372609263,1.01319489216691,0.636800043480013
"14608418","2017-08-09",23.9393231507009,0.848484848484848,0.858585858585859,0.870931537598205,21.7801682381565,20.5251650951769,21.1526666666667,0.888312440537994,71.6031071682459,21.0328,21.3087922928028,1.06381002873348,0.722202040530706
"14608417","2017-08-10",24.5874691973461,0.777777777777777,0.824915824915825,0.850729517396184,21.8216221560171,20.5610445106497,21.1913333333334,0.800391386487162,67.6721229901629,21.0756,21.3436199870957,1.06480483988818,0.790722600402201
"14608416","2017-08-11",25.1893190978025,0.777777777777777,0.801346801346802,0.828282828282828,21.8623657314692,20.5839676018642,21.2231666666667,0.771303066940843,67.6721229901629,21.1064,21.3738039888163,1.05323117272356,0.843224314866472
"14608415","2017-08-14",25.1522938892862,0.666666666666665,0.740740740740741,0.789001122334455,21.8870241930879,20.6159758069122,21.2515,0.695507899386611,63.6213169523604,21.1408,21.3906301236408,1.00591911698269,0.875763275289715
"14608414","2017-08-15",25.117913338521,0.666666666666665,0.703703703703703,0.748597081930415,21.8999547795757,20.6683785537577,21.2841666666667,0.675249675017033,63.6213169523604,21.1696,21.405212773822,0.957322031309626,0.892075026493698
"14608413","2017-08-16",24.4415401285731,0.137931034482756,0.490421455938696,0.644955300127713,21.8950073664376,20.6883259668958,21.2916666666667,0.349449351970043,43.6897839558439,21.1836,21.3565177373124,0.736830209512362,0.861026063097431
"14608412","2017-08-17",22.8482037830614,0,0.268199233716474,0.487441464452957,21.8902589523736,20.7057410476264,21.298,0.330029303460513,39.6213930364711,21.1904,21.2956487056708,0.503108667860985,0.789442584050142
"14608411","2017-08-18",21.5345902256048,0,0.0459770114942526,0.268199233716474,21.8953602374309,20.6863064292358,21.2908333333334,0.231884003450086,36.9729904380308,21.1864,21.2295622115813,0.276363223832932,0.6868267120067
"14608410","2017-08-21",20.0242093576137,0,6.56881956236551e-16,0.104725415070242,21.898642753157,20.6720239135097,21.2853333333334,0.259229742942577,36.9729904380308,21.1816,21.1722872500372,0.095138071166101,0.56848898383858
"14608409","2017-08-22",18.6217128373363,0.202247191011235,0.067415730337079,0.0377975806104435,21.8910258599111,20.6933074734223,21.2921666666667,0.286677734196719,44.6907915037415,21.188,21.1466489500322,0.0197196720046477,0.458735121471794
"14608408","2017-08-23",18.3411725304369,0,0.067415730337079,0.044943820224719,21.8915276072949,20.6921390593719,21.2918333333334,0.184422532918556,38.2462026676382,21.182,21.0937624233612,-0.126639253483452,0.341660246480745
"14608407","2017-08-24",18.0806708168874,0.271739130434782,0.157995440482006,0.0976089670520541,21.8850518889615,20.7099481110385,21.2975,0.275197159919253,47.1648144724935,21.186,21.0812607669131,-0.145425122939491,0.244243172596698
"14608406","2017-08-25",18.4975462267402,0.101123595505618,0.124287575313467,0.11656624871085,21.8828306451551,20.7151693548449,21.299,0.201111955242327,42.8950365039046,21.1752,21.049092664658,-0.219155103070701,0.151563517463218
"14608405","2017-08-28",18.8846448216035,0.471910112359551,0.281590946099984,0.187957987298485,21.8807532273931,20.7295801059403,21.3051666666667,0.382583545300197,52.4552642839188,21.178,21.0652136427036,-0.149360635056139,0.0913786869593465
"14608404","2017-08-29",20.3062899517837,0.134146341463414,0.235726683109528,0.213868401507659,21.8883567622737,20.7086432377263,21.2985,0.181984940529823,44.8578580140216,21.1804,21.0378518236765,-0.210499252455953,0.0310030990762865
"14608403","2017-08-30",21.6263890012367,0.353658536585364,0.319904996802777,0.279074208670762,21.8842132954209,20.6837867045792,21.284,0.296738924427738,49.4371981032649,21.1852,21.0381382471863,-0.18776284410269,-0.0127500895595088
"14608402","2017-08-31",21.5873781747639,0.4,0.295934959349593,0.283855546420632,21.8294390565461,20.6808942767873,21.2551666666667,0.37651040182938,49.6871808849736,21.1904,21.0397198142281,-0.164015525925965,-0.0430031768328
"14608401","2017-09-01",21.5511538358963,0.626666666666664,0.46010840108401,0.358649452412126,21.7745096123417,20.6908237209917,21.2326666666667,0.488311496192932,53.8631784874723,21.2024,21.063757172331,-0.0791045071547258,-0.0502234428971852
"14608400","2017-09-05",21.5175169498049,0.635135135135133,0.553933933933933,0.436659098122511,21.7135043046174,20.706829028716,21.2101666666667,0.509768128381308,53.8631784874723,21.21,21.0845895493535,-0.0117424050617987,-0.0425272353301079
"14608399","2017-09-06",22.2274559211787,0.37837837837838,0.546726726726726,0.520256353914889,21.6477408510183,20.7179258156484,21.1828333333334,0.403744296881124,48.6311491914596,21.21,21.0773109427731,-0.0307534511262531,-0.0401724784893369
"14608398","2017-09-07",22.8866849660257,0.645161290322576,0.552891601278697,0.551184087313118,21.5732469789674,20.7434196876993,21.1583333333334,0.489957749737735,51.8146539277021,21.212,21.08700281707,0.000113111938460086,-0.0321153604037775
"14608397","2017-09-08",24.3971590593226,0.193548387096775,0.405696018599244,0.501771448868222,21.5047237809248,20.7522762190753,21.1285,0.293784079404419,44.8329081671224,21.1792,21.0580691081273,-0.0817015463559501,-0.042032597594212
"14608396","2017-09-11",25.7997421459555,0.79591836734694,0.544876014922097,0.501154544933345,21.4243914512607,20.7896085487394,21.107,0.551986277306604,51.6047195800319,21.158,21.0689932270437,-0.0426367250148552,-0.0421534230783407
"14608395","2017-09-12",26.7986114770964,0.877551020408162,0.62233925828396,0.5243037639351,21.3553659080391,20.8266340919609,21.091,0.668327301844833,52.534297055977,21.1384,21.0837941301045,0.00357889332203154,-0.0330069597982662
"14608394","2017-09-13",27.9831187098351,0.650000000000003,0.774489795918369,0.647235023041475,21.2576797614455,20.8843202385546,21.071,0.57767312261226,50.4472383888402,21.1168,21.0859549127573,0.00946432116057938,-0.0245127036064971
"14608393","2017-09-14",29.0830182830924,0.650000000000003,0.725850340136057,0.707559798112794,21.2568124615622,20.8841875384379,21.0705,0.579168080740872,50.4472383888402,21.0952,21.0878275910563,0.0139669505148987,-0.0168167727822179
"14608392","2017-09-15",30.1043536011171,0.631578947368425,0.643859649122811,0.714733261725745,21.2570783973419,20.8842549359915,21.0706666666667,0.578678882565596,50.4472383888402,21.0764,21.0894505789155,0.0173350061857036,-0.00998641698863363
"14608391","2017-09-18",30.0217433755635,0.657894736842104,0.646491228070178,0.672067072443015,21.2624707512308,20.8968625821026,21.0796666666667,0.68325629911308,50.7526871257331,21.058,21.0921905017267,0.0235579503251593,-0.00327754352587505
"14608390","2017-09-19",30.7217076014944,0.108108108108106,0.465860597439546,0.585403824877511,21.2616201937212,20.9000464729455,21.0808333333334,0.313316078792346,44.8042320332762,21.0344,21.0678984348298,-0.0475191424283983,-0.0121258633063797
"14608389","2017-09-20",31.3716743827159,0.756756756756752,0.507586533902321,0.539979453137348,21.2684948106709,20.9045051893292,21.0865,0.674455523665489,52.0647277543282,21.0204,21.0788453101859,-0.0118297382098009,-0.0120666382870639
"14608388","2017-09-21",31.9752149652788,0.799999999999994,0.554954954954951,0.509467362098939,21.2637755018126,20.9328911648541,21.0983333333334,0.656147211867316,52.0647277543282,21.0248,21.0883326021611,0.0162530862175325,-0.00640269338614465
"14608387","2017-09-22",32.53564550623,0.799999999999994,0.785585585585581,0.616042358147617,21.2682516717369,20.9400816615965,21.1041666666667,0.63966338153108,52.0647277543282,21.0348,21.0965549218729,0.0380592255169621,0.00248969039447669
"14608386","2017-09-25",33.0560452942562,0.799999999999994,0.799999999999995,0.713513513513508,21.2631316140723,20.9652017192611,21.1141666666667,0.620274379836929,52.0647277543282,21.0488,21.1036809322899,0.0547015254016792,0.0129320573959172
"14608385","2017-09-26",34.4124626604407,0.142857142857145,0.580952380952378,0.722179322179317,21.2594025052366,20.9529308280968,21.1061666666667,0.186213526926254,44.5166213032053,21.0536,21.0791901413179,-0.0198653630364531,0.00637257330944312
"14608384","2017-09-27",35.9694937266814,0,0.314285714285714,0.565079365079361,21.2581644688486,20.9548355311515,21.1065,-0.0818765639046607,41.6868560804735,21.0472,21.0446314558088,-0.116032513795461,-0.0181084441115377
"14608383","2017-09-28",37.5281112925067,0,0.047619047619049,0.314285714285713,21.2817447044317,20.9132552955684,21.0975,-0.14452327336258,40.5757900513388,21.0484,21.009347261701,-0.205394157756844,-0.055565586840599
"14608382","2017-09-29",39.1927163072842,0,6.56881956236551e-16,0.12063492063492,21.3061467773085,20.8578532226915,21.082,-0.121616491686566,38.3729613732836,21.0364,20.9681009601409,-0.303670205367512,-0.105186510545982
"14608381","2017-10-02",40.9858677048291,0,6.56881956236551e-16,0.015873015873016,21.3333880870208,20.7752785796459,21.0543333333334,-0.194606813795607,35.7595909270806,21.0268,20.9190208321221,-0.415579740801575,-0.1672651565971
"14608380","2017-10-03",41.1838270078272,0.564516129032255,0.188172043010752,0.0627240143369172,21.3125511199347,20.769115546732,21.0408333333334,0.33285353809646,48.881727547841,21.018,20.9231513878391,-0.365172774801092,-0.206846680237899
"14608379","2017-10-04",42.306951603532,0.0161290322580613,0.193548387096773,0.127240143369175,21.3198737745073,20.7291262254928,21.0245,0.0635473498561671,40.2751745951119,21.008,20.8813978694606,-0.451332317423514,-0.255743807675022
"14608378","2017-10-05",43.3498530138294,0.580645161290322,0.387096774193547,0.25627240143369,21.3058034846192,20.7241965153808,21.015,0.405434420649996,50.0289919728877,21.0048,20.8918781535325,-0.38007179892503,-0.280609405925023
"14608377","2017-10-06",45.2082507140408,0,0.198924731182795,0.259856630824371,21.3393884932195,20.6529448401139,20.9961666666667,-0.0819851319079795,39.8232750215231,20.9808,20.8329610663948,-0.514978784009656,-0.32748328154195
"14608376","2017-10-09",46.5755301175728,0.540540540540541,0.373728567276955,0.319916690884432,21.3232939304307,20.6430394029027,20.9831666666667,0.348341080445859,48.6680020454029,20.966,20.8352329242089,-0.461843203566892,-0.354355265946938
"14608375","2017-10-10",48.1710132377561,0.229729729729731,0.256756756756758,0.276470018405502,21.3052411224169,20.6160922109165,20.9606666666667,0.165287628236275,44.6080435861552,20.942,20.806535200981,-0.503107050332363,-0.384105622824023
"14608374","2017-10-11",49.6525332779264,0.472972972972972,0.414414414414415,0.348299912816042,21.2898894793296,20.6051105206705,20.9475,0.338147285438805,48.2467346282058,20.9328,20.8056638408502,-0.460744509289768,-0.399433400117172
"14608373","2017-10-12",50.7991018732928,0.662162162162162,0.454954954954956,0.375375375375375,21.2746634758675,20.6043365241326,20.9395,0.500745904664403,50.9458087485325,20.9244,20.8235753287369,-0.368628423865913,-0.39327240486692
"14608372","2017-10-13",52.0772037048596,0.472972972972972,0.536036036036036,0.468468468468468,21.2558687924154,20.5977978742513,20.9268333333334,0.378179289717978,48.2366238805928,20.9216,20.8204319515719,-0.345901263279613,-0.383798176549459
"14608371","2017-10-16",53.2640125484575,0.700000000000002,0.611711711711712,0.534234234234234,21.2298792519545,20.6031207480455,20.9165,0.537494505225551,51.0404573517192,20.9136,20.836374358029,-0.270525225197116,-0.36114358627899
"14608370","2017-10-17",54.3660493317983,0.77777777777778,0.650250250250252,0.599332665999333,21.2232973230148,20.602369343652,20.9128333333334,0.543751719312956,51.0404573517192,20.904,20.8501911102918,-0.208403031260873,-0.330595475275367
"14608369","2017-10-18",55.7285192709813,0.412698412698415,0.630158730158733,0.630706897373565,21.1901010426025,20.5975656240643,20.8938333333334,0.291011086495276,46.2656340250259,20.8884,20.8314989622529,-0.245381893399199,-0.313552758900133
"14608368","2017-10-19",56.993669928794,0.666666666666669,0.619047619047622,0.633152199818868,21.152126426762,20.6082069065714,20.8801666666667,0.493565224504536,49.7849137887788,20.8792,20.8366324339525,-0.21032156835864,-0.292906520791835
"14608367","2017-10-20",57.712195424326,0.77777777777778,0.619047619047622,0.622751322751325,21.1139515640941,20.6253817692393,20.8696666666667,0.643957596384383,51.2880553119139,20.8728,20.8504147760922,-0.153668425196141,-0.265058901672696
"14608366","2017-10-23",58.3793976701772,0.77777777777778,0.740740740740743,0.659611992945328,21.0701313819892,20.6482019513442,20.8591666666667,0.69158022044048,51.2880553119139,20.866,20.8623594726132,-0.107545538155496,-0.233556228969256
"14608365","2017-10-24",58.9989426127532,0.960784313725488,0.838779956427016,0.732856105405126,21.0586784342512,20.6526548990822,20.8556666666667,0.707705529429972,51.2880553119139,20.8672,20.8727115429315,-0.0701953341029182,-0.200884049995988
"14608364","2017-10-25",60.0698579660881,0.399999999999997,0.712854030501089,0.764124909222949,21.0531409366591,20.6375257300076,20.8453333333334,0.20645924872927,44.4095230805763,20.8472,20.8430166705406,-0.151020630403909,-0.190911366077572
"14608363","2017-10-26",61.0642793656133,0.333333333333332,0.56470588235294,0.705446623093681,21.051059402126,20.6306072645407,20.8408333333334,0.331530566736615,46.5395676158755,20.8304,20.8279477811352,-0.182093214585799,-0.189147735779218
"14608362","2017-10-27",61.9876706651724,0.393939393939391,0.375757575757574,0.5511058295372,21.0515570236289,20.6247763097045,20.8381666666667,0.293414594919287,47.0854363192404,20.8144,20.8175547436505,-0.196733041035979,-0.19066479683057
"14608361","2017-10-30",62.8782052754226,0.275862068965519,0.334378265412748,0.42494724117442,21.0461573770609,20.6365092896059,20.8413333333334,0.228222011177855,46.5733095093119,20.7976,20.8058807778304,-0.21364887465507,-0.19526161239547
"14608360","2017-10-31",63.3565111200785,0.379310344827591,0.349703935910834,0.353279925693718,21.0332116395687,20.630455027098,20.8318333333334,0.321645800195062,47.495797918047,20.7912,20.7997633407864,-0.212982096051695,-0.198805709126715
"14608359","2017-11-01",63.8006522615447,0.379310344827591,0.344827586206901,0.342969929176827,21.0333302366952,20.6296697633048,20.8315,0.322870940522152,47.495797918047,20.7888,20.7944615620149,-0.2100406326767,-0.201052693836712
"14608358","2017-11-02",64.8221045727432,0,0.252873563218394,0.315801695112043,21.0341303774144,20.590202955919,20.8121666666667,-0.0380008572771564,38.2938069697427,20.7736,20.7418666870795,-0.343679227291749,-0.229578000527719
"14608357","2017-11-03",65.6648345086171,0.833333333333332,0.404214559386975,0.333971902937423,21.0262363767402,20.6260969565932,20.8261666666667,0.626206010848473,51.0582251715311,20.7796,20.7562844621356,-0.271579872010741,-0.237978374824324
"14608356","2017-11-06",66.7915893049987,0.271186440677966,0.368173258003767,0.341753793536378,21.022647185223,20.6120194814437,20.8173333333334,0.222376257250087,44.6483721902633,20.778,20.7301132005175,-0.32352642245993,-0.255087984351445
"14608355","2017-11-07",64.8584471952867,0.265306122448981,0.456608632153427,0.409665483181389,21.0300540744717,20.621612592195,20.8258333333334,0.681584559563372,47.1139036671015,20.7664,20.7207647737819,-0.322119380335228,-0.268494263548202
"14608354","2017-11-08",63.0633866648399,0.999999999999998,0.512164187708982,0.445648692622058,21.1694659012701,20.53653409873,20.853,1.33263314923502,60.6905917405291,20.7972,20.8086628039443,-0.0406964179173963,-0.222934694422041
"14608353","2017-11-09",61.3965447437107,0.999999999999998,0.755102040816327,0.574624953559578,21.2651879888806,20.4848120111195,20.875,1.14712396894736,60.6905917405291,20.814,20.8848410967517,0.179356781907347,-0.142476399156163
"14608352","2017-11-10",61.0071501806273,0.489795918367346,0.829931972789115,0.699066067104807,21.2666410247981,20.4866923085353,20.8766666666667,0.504273785267931,50.2923257440846,20.8312,20.8841956171848,0.15846033890532,-0.0822890515438666
"14608351","2017-11-13",61.0983379304883,0.193877551020409,0.561224489795919,0.715419501133786,21.2597550855823,20.4745782477511,20.8671666666667,0.350776715484471,45.4304964047969,20.8208,20.8449695348935,0.0294392305824731,-0.0599433951185986
"14608350","2017-11-14",61.183012269645,0.306122448979592,0.329931972789117,0.573696145124716,21.2519786030236,20.4626880636431,20.8573333333334,0.355566493816705,47.5035351520119,20.824,20.8256402635744,-0.0300181115497122,-0.0539583384048214
"14608349","2017-11-15",60.0119422348897,0.653061224489795,0.384353741496599,0.425170068027211,21.2710381420112,20.4706285246555,20.8708333333334,0.711350117487972,53.3966567829319,20.8336,20.8542215617645,0.0538801738012573,-0.0323906359636056
"14608348","2017-11-16",59.1311329360549,0.551020408163267,0.503401360544219,0.405895691609977,21.2764869692343,20.472846364099,20.8746666666667,0.597887869482895,51.5632395574178,20.8336,20.8656586868625,0.0806915008475073,-0.00977420860138303
"14608347","2017-11-17",58.6750643061051,0.357142857142858,0.520408163265307,0.469387755102041,21.2695682577172,20.4657650756162,20.8676666666667,0.415816871376604,48.1784013789948,20.8316,20.8502375286142,0.0281256556206033,-0.00219423575698576
"14608346","2017-11-20",58.251572006866,0.367346938775512,0.425170068027213,0.482993197278912,21.2617459254842,20.4555874078492,20.8586666666667,0.37760885172293,48.3705010886305,20.8244,20.8382058581323,-0.00957897642639427,-0.00367118389086746
"14608345","2017-11-21",57.8583291575725,0.367346938775512,0.363945578231295,0.436507936507938,21.2531178891074,20.446215444226,20.8496666666667,0.388875455471106,48.3705010886305,20.8172,20.8277784103813,-0.0390285143534563,-0.0107426499833852
"14608344","2017-11-22",57.4931750832286,0.243902439024393,0.326198772191807,0.371771472816771,21.2529666168494,20.4500333831507,20.8515,0.386042828768543,48.3705010886305,20.8192,20.8187412889972,-0.0616709854302178,-0.0209283170727517
"14608343","2017-11-24",55.838786189553,0.170731707317073,0.26066036170566,0.31693490404292,21.2531885302423,20.4514781364244,20.8523333333334,0.418091785795635,47.0631208229897,20.8124,20.8029091171309,-0.101725508193995,-0.0370877552970004
"14608342","2017-11-27",54.3025679311399,0.341772151898733,0.252135432746734,0.279664855548066,21.2559303343548,20.459736332312,20.8578333333334,0.502721279815066,50.8761257410858,20.8092,20.8105212348467,-0.0706104615892822,-0.0437922965554567
"14608341","2017-11-28",53.3479553870831,0.139240506329113,0.217248121848307,0.243347972100233,21.2558855223414,20.4601144776586,20.858,0.343338523687567,47.213755386016,20.7996,20.7957850702005,-0.10678230894039,-0.0563902990324433
"14608340","2017-11-29",52.6524405811168,0.0506329113924039,0.177215189873417,0.215532914822819,21.2584449312398,20.4468884020935,20.8526666666667,0.254381455666375,45.6649599859499,20.7872,20.7736803941738,-0.160814968921086,-0.0772752330101718
"14608339","2017-11-30",52.006605404148,0.0833333333333312,0.0910689170182834,0.161844076246669,21.2617213161012,20.4306120172322,20.8461666666667,0.239905849975639,45.6649599859499,20.7864,20.7545230082839,-0.201382806459749,-0.102096747700087
"14608338","2017-12-01",49.5232870194512,0.0833333333333312,0.0724331926863561,0.113572433192685,21.2543143209474,20.4536856790527,20.854,0.345121703731987,45.6649599859499,20.7824,20.7379199405128,-0.23092495698227,-0.127862389556524
"14608337","2017-12-04",47.2173485193756,0.268292682926827,0.144986449864497,0.102829519856378,21.2508513434582,20.4488153232086,20.8498333333334,0.429554286124892,48.9516298336791,20.782,20.7381972817777,-0.209140538845398,-0.144118019414299
"14608336","2017-12-05",45.0761199121626,0.268292682926827,0.206639566395662,0.141353069648838,21.2503171680112,20.4530161653222,20.8516666666667,0.359944153726021,48.9516298336791,20.7824,20.7384376442074,-0.189688933468202,-0.153232202225079
"14608335","2017-12-06",42.7795222833827,0.371428571428575,0.30267131242741,0.218099109562522,21.2446912452459,20.4456420880875,20.8451666666667,0.405929859266719,49.5945546987701,20.7824,20.7413126249797,-0.164593043400363,-0.155504370460136
"14608334","2017-12-07",40.6469673423728,0.48484848484848,0.374856579734628,0.294722486185899,21.1311634530564,20.500169880277,20.8156666666667,0.459323410294584,50.5995979858966,20.7836,20.7478042749824,-0.131517931767489,-0.150707082721607
"14608333","2017-12-08",37.7901041234578,0.393939393939397,0.416738816738818,0.364755569633618,20.9688216693602,20.6068449973065,20.7878333333334,0.598072618322473,49.5359150680237,20.798,20.7494303716514,-0.115641016192136,-0.143693869415712
"14608332","2017-12-11",35.1020222406497,0.363636363636363,0.414141414141414,0.401912270204953,20.9589785340445,20.6070214659556,20.783,0.500947085208739,49.1649066480787,20.794,20.7495063220979,-0.105728198299748,-0.13610073519252
"14608331","2017-12-12",32.6059462066136,0.363636363636363,0.373737373737375,0.401539201539202,20.9596945478466,20.6089721188201,20.7843333333334,0.478140358208678,49.1649066480787,20.8016,20.7495721458182,-0.0967567917949386,-0.128231946513003
"14608330","2017-12-13",30.2881613178658,0.363636363636363,0.363636363636363,0.383838383838383,20.9598978888338,20.6104354444996,20.7851666666667,0.427984631611415,49.1649066480787,20.8052,20.7496291930424,-0.088625218095717,-0.120310600829546
"14608329","2017-12-14",28.7055392085139,0.375000000000001,0.367424242424243,0.368265993265993,20.9027538169417,20.6425795163917,20.7726666666667,0.566622004158972,49.1649066480787,20.78,20.7496786339701,-0.0812443166533838,-0.112497343994314
"14608328","2017-12-15",27.2359615355443,0.687500000000003,0.47537878787879,0.402146464646464,20.8746629081767,20.6603370918233,20.7675,0.884927963432696,53.8173506324593,20.7588,20.7630548161074,-0.036104240107504,-0.0972187232169518
"14608327","2017-12-18",25.3860851460242,0.406250000000005,0.489583333333337,0.444128787878789,20.8728009355034,20.6601990644967,20.7665,0.563498970804175,49.4324768951748,20.754,20.7626475072931,-0.0349117005745248,-0.0847573186884664
"14608326","2017-12-19",23.7414225244356,0.375000000000001,0.489583333333337,0.484848484848487,20.872684951406,20.6599817152607,20.7663333333334,0.454553269419473,48.9551941549316,20.7604,20.7609611729874,-0.0374217536056709,-0.0752902056719073
"14608325","2017-12-20",22.2142358043891,0.375000000000001,0.38541666666667,0.454861111111114,20.8725678989068,20.6597654344266,20.7661666666667,0.455357659869063,48.9551941549316,20.7624,20.7594996832557,-0.0389624988943793,-0.0680246643164017
"14608324","2017-12-21",21.1005930163162,0.0476190476190545,0.265873015873019,0.380291005291008,20.8739499882758,20.6607166783909,20.7673333333334,0.575035180988407,48.9551941549316,20.7508,20.7582330588216,-0.0397261241239844,-0.0623649562779182
"14608323","2017-12-22",20.066496141677,0.0476190476190545,0.156746031746037,0.269345238095241,20.8724216011926,20.6599117321408,20.7661666666667,0.486667285872378,48.9551941549316,20.7432,20.7571353176454,-0.0398720876474301,-0.0578663825518206
"14608322","2017-12-26",20.3491708762373,0,0.0317460317460371,0.15145502645503,20.8651764458068,20.6634902208599,20.7643333333334,0.792533612622783,48.9551941549316,20.7432,20.7561839419593,-0.0395323820718274,-0.054199582455822
"14608321","2017-12-27",20.611654558329,0.272727272727266,0.106782106782108,0.0984247234247265,20.869830054592,20.6665032787414,20.7681666666667,0.705744340155424,52.9069897826281,20.7452,20.7633594163648,-0.0157603343195367,-0.0465117328285649
"14608320","2017-12-28",20.3536794183512,0.0454545454545524,0.106060606060607,0.081529581529583,20.8611117323372,20.6872216009962,20.7741666666667,0.495207701972859,49.4699258029972,20.7452,20.7629114941828,-0.0161675260802685,-0.0404428914789056
"14608319","2017-12-29",21.0311056593183,0.0454545454545524,0.121212121212124,0.111351611351612,20.8430982751905,20.7245683914762,20.7838333333334,0.833249293445419,49.4699258029972,20.7452,20.7625232949584,-0.0163023778770754,-0.0356147887585396
"14608318","2018-01-02",21.660144311645,0.0454545454545524,0.0454545454545532,0.090909090909094,20.8401848687366,20.7318151312635,20.786,0.383116200499847,49.4699258029972,20.7476,20.7621868556306,-0.0162223062144751,-0.0317362922497267
"14608317","2018-01-03",22.4730371781203,0.0909090909090887,0.0606060606060653,0.0757575757575801,20.8401848687366,20.7318151312635,20.786,0.567669568131231,50.2768216699519,20.744,20.7632286082132,-0.0121327319968501,-0.0278155801991514
"14608316","2018-01-04",23.2278662684189,0.409090909090907,0.181818181818184,0.0959595959595998,20.8457357287336,20.7362642712664,20.791,0.947605258335391,55.6193181938645,20.7496,20.7734647937848,0.0180947836907253,-0.018633507421176
"14608315","2018-01-05",23.018873040493,0.0454545454545524,0.181818181818184,0.141414141414143,20.8456387107346,20.7373612892655,20.7915,0.393791338545029,49.1232696293142,20.7548,20.7716694879468,0.0108455721015588,-0.0127376915166291
"14608314","2018-01-08",22.715458220292,0,0.151515151515154,0.171717171717173,20.8460659849791,20.7336006816876,20.7898333333334,0.205094231767323,48.3628898793317,20.7596,20.7687802228872,0.00120130134575458,-0.00994989294415235
"14608313","2018-01-09",22.7352406626355,0.0909090909090887,0.0454545454545478,0.126262626262628,20.8419638340803,20.7337028325865,20.7878333333334,0.458433785592781,50.0288971419097,20.7652,20.7689428598356,0.00131268229348613,-0.00769737789662465
"14608312","2018-01-10",23.7597471467564,0.363636363636355,0.151515151515149,0.116161616161616,20.8589621864087,20.7260378135913,20.7925,1.13319212934922,54.7460248432965,20.7688,20.7770838118575,0.0244249071635227,-0.00127292088459517
"14608311","2018-01-11",24.1432903849959,0.136363636363641,0.196969696969696,0.13131313131313,20.8592465846112,20.7270867487222,20.7931666666667,0.476039114717431,50.4704064316589,20.7704,20.7774726369432,0.0230539597509738,0.00359245524251862
"14608310","2018-01-12",24.1663181817896,0,0.166666666666666,0.171717171717169,20.8589717920601,20.72802820794,20.7935,0.295077143231779,48.0458188222503,20.77,20.7738096186841,0.0101985850448072,0.00491368120297633
"14608309","2018-01-16",24.1877011359552,0.22727272727273,0.121212121212124,0.161616161616161,20.8595099653149,20.7284900346852,20.794,0.545794559431756,52.1699751484617,20.7704,20.7773016695262,0.0192084535792558,0.00777263567823223
"14608308","2018-01-17",24.2075567362518,0.22727272727273,0.151515151515154,0.146464646464647,20.8518867167145,20.7311132832855,20.7915,0.570379716454517,52.1699751484617,20.772,20.7803281135894,0.0260469832874755,0.0114275052000809
"14608307","2018-01-18",25.4733705465979,0,0.151515151515154,0.141414141414143,20.8569493606728,20.7313839726606,20.7941666666667,0.811922475505891,47.7719570310772,20.772,20.7762843651108,0.0119126805547154,0.0115245402710078
"14608306","2018-01-19",26.6487690847763,0.279999999999999,0.16909090909091,0.157373737373739,20.8682592868241,20.7314073798427,20.7998333333334,1.01271968520089,53.6616140635549,20.7748,20.7821131164294,0.0275760625134902,0.0147348447195043
"14608305","2018-01-22",27.7402105845135,0.439999999999995,0.239999999999999,0.186868686868687,20.875190217742,20.734809782258,20.805,0.891792487395829,56.6686272680758,20.7792,20.7924980342388,0.0548762960370652,0.0227631349830165
"14608304","2018-01-23",29.1831848747898,0.200000000000001,0.306666666666666,0.238585858585857,20.8798596850778,20.7364736482556,20.8081666666667,0.768505921868334,51.2918870626822,20.7812,20.7934982963403,0.0526142914694772,0.0287333662803086
"14608303","2018-01-24",30.719460335688,0.839999999999997,0.493333333333332,0.346666666666665,20.915022985773,20.7216436808938,20.8183333333334,1.26705898506555,61.7218113209278,20.7856,20.8156985234949,0.111582561664103,0.0453032053570675
"14608302","2018-01-25",32.243386659629,0.919999999999995,0.653333333333332,0.484444444444442,20.9479262464764,20.7050737535237,20.8265,1.15952243157677,62.7942791414759,20.7944,20.8376053870289,0.164101624087976,0.0690628891032491
"14608301","2018-01-26",33.6584611032886,0.919999999999995,0.89333333333333,0.679999999999997,20.9732509795023,20.6967490204978,20.835,1.02440858112548,62.7942791414759,20.8036,20.8565913354251,0.203313630564383,0.095913037395476
"14608300","2018-01-29",35.6002753133088,0.513513513513513,0.784504504504502,0.777057057057054,20.9989242898151,20.6937423768517,20.8463333333334,1.00352481631198,58.9624364243466,20.8112,20.8677124907017,0.216382984730679,0.120007026862517
"14608299","2018-01-30",37.6869247499805,0.511111111111111,0.648208208208207,0.775348682015346,21.0345223256334,20.6811443410333,20.8578333333334,1.05323197403264,61.4929710828505,20.8204,20.8826841586082,0.239413605332861,0.143888342556585
"14608298","2018-01-31",39.6245277983184,0.533333333333329,0.519319319319318,0.650677344010675,21.0557525258023,20.6845808075311,20.8701666666667,0.903676589453391,62.1218174353927,20.83,20.8969929374604,0.258510600036632,0.166812794052595
"14608297","2018-02-01",41.423730628918,0.644444444444441,0.562962962962961,0.576830163496828,21.0785144552493,20.6864855447508,20.8825,0.901756084263476,65.1833974398891,20.8416,20.916060545799,0.289559307413856,0.191362096724847
"14608296","2018-02-02",43.8662008038092,0.701754385964907,0.62651072124756,0.569597667843279,21.141109794473,20.6605568721937,20.9008333333334,1.13641967232818,70.7791303933688,20.8552,20.9472524730258,0.352415693012587,0.223572815982395
"14608295","2018-02-05",46.134208823351,0.754385964912277,0.700194931773876,0.629889538661465,21.1934809106569,20.6521857560098,20.9228333333334,1.04899192079478,72.0963114008946,20.872,20.9782854766224,0.408907392528879,0.260639731291692
"14608294","2018-02-06",48.4190977315396,0.999999999999997,0.818713450292395,0.715139701104609,21.2821670057645,20.6268329942355,20.9545,1.1645466164405,79.1733852880001,20.8972,21.0331807464061,0.528008538933489,0.314113492820051
"14608293","2018-02-07",45.3538711746881,0.0508474576271144,0.601744474179797,0.706884285415355,21.2800139466962,20.6426527199705,20.9613333333334,0.435149281757053,45.808412707697,20.9,21.0060899802186,0.402739400043983,0.331838674264838
"14608292","2018-02-08",42.5075893718974,0.508474576271186,0.519774011299434,0.646743978590541,21.2941683937778,20.6508316062223,20.9725,0.698185464388617,55.5373852366518,20.9132,21.0186113161894,0.402473571974449,0.34596565380676
"14608291","2018-02-09",39.6647929613575,0.338983050847456,0.299435028248586,0.473651171242605,21.293882506838,20.6724508264954,20.9831666666667,0.532451944927425,51.8262577392167,20.9196,21.0161298073642,0.359717558814165,0.348716034808241
"14608290","2018-02-12",37.1528969000741,0.267857142857145,0.37177158999193,0.396993543179982,21.2904507877458,20.701215878921,20.9958333333334,0.541013637014191,51.0909333651048,20.9284,21.0113124997156,0.314532159193037,0.3418792596852
"14608289","2018-02-13",36.6299138150107,0.385714285714288,0.33085149313963,0.334019370460048,21.3170235962447,20.7189764037553,21.018,0.876781859631077,55.1982659350477,20.9424,21.0231374997535,0.3210898540142,0.337721378551
"14608288","2018-02-14",36.1442866645947,0.785714285714282,0.479761904761906,0.394128329297821,21.3692829498195,20.7253837168473,21.0473333333334,1.02699757346649,63.0050832559334,20.9668,21.0707191664531,0.428603067902666,0.355897716421333
"14608287","2018-02-15",36.7424069939532,0.659574468085105,0.610334346504559,0.473649248135364,21.4591918063165,20.7078081936836,21.0835,1.12972715762138,64.6628936884832,20.9916,21.1212899442593,0.534060924779411,0.391530358092949
"14608286","2018-02-16",35.9810416733389,0.404255319148938,0.616514690982776,0.568870314083079,21.4714557335689,20.7335442664312,21.1025,0.699888477911996,55.4827645289912,21.0088,21.1331179516914,0.519768375749186,0.417177961624196
"14608285","2018-02-20",35.3338165249697,0.446808510638298,0.503546099290781,0.576798378926038,21.4829925787731,20.7643407545603,21.1236666666667,0.722175274990113,56.5889485826967,21.0288,21.1487022247992,0.517699025784935,0.437282174456344
"14608284","2018-02-21",34.5170820533252,0.404255319148938,0.418439716312059,0.512833502195205,21.4793831650455,20.8042835016212,21.1418333333334,0.600972745743758,55.1141027289302,21.0452,21.1568752614927,0.495058290928596,0.448837397750794
"14608283","2018-02-22",34.1467689320654,0.45744680851064,0.43617021276596,0.452718676122933,21.4905403497492,20.8247929835842,21.1576666666667,0.688760291145487,56.6355047837262,21.0636,21.170625226627,0.490496341192204,0.457169186439076
"14608282","2018-02-23",33.8029067480384,0.521276595744681,0.460992907801421,0.438534278959813,21.5046604439374,20.8440062227293,21.1743333333334,0.720488512735567,58.4552724007845,21.0864,21.1905418630767,0.503874849590513,0.466510319069364
"14608281","2018-02-26",32.8318961081619,0.404255319148938,0.460992907801421,0.452718676122933,21.5057747376022,20.8682252623979,21.187,0.572674098458713,53.9826526550198,21.102,21.1931362813331,0.467170583271193,0.46664237190973
"14608280","2018-02-27",31.9302433711337,0.404255319148938,0.44326241134752,0.455082742316787,21.5045640541212,20.8904359458789,21.1975,0.520354059409113,53.9826526550198,21.116,21.1953847771554,0.433087426447187,0.459931382817221
"14608279","2018-02-28",31.092994401036,0.291139240506329,0.366549959601403,0.423601759583447,21.5051955239032,20.9054711427635,21.2053333333334,0.507781352256796,53.9826526550198,21.1324,21.1973334735347,0.401446624170498,0.448234431087877
"14608278","2018-03-01",31.3289839498076,0.481012658227846,0.392135739294372,0.400649370081098,21.5229680042386,20.9256986624281,21.2243333333334,0.794116329718446,59.2879948908366,21.1484,21.2190223437301,0.428483619813091,0.44428426883292
"14608277","2018-03-02",30.8533835699407,0.341772151898733,0.371308016877637,0.37666457192447,21.5213253343852,20.9483413322816,21.2348333333334,0.526469616273675,54.3403307483332,21.1592,21.2231526978994,0.403384243201454,0.436104263706627
"14608276","2018-03-05",31.1657165835455,0.53731343283582,0.453366080987468,0.405603279053158,21.5511357127064,20.9445309539603,21.2478333333334,0.860751098929192,61.0269834007027,21.1784,21.2547323381795,0.457960463558038,0.440475503676909
"14608275","2018-03-06",31.5156654079435,0.517857142857141,0.465647575863899,0.430107224576334,21.5839683981742,20.9396982684925,21.2618333333334,0.869668956691074,62.1635928763868,21.2008,21.2874346930889,0.510330167252038,0.454446436391935
"14608274","2018-03-07",32.3246704577774,0.482142857142856,0.512437810945273,0.477150489265546,21.6102330333267,20.9287669666734,21.2695,0.90182974139576,61.2024874895905,21.2208,21.3131100673437,0.537896202836086,0.471136389680765
"14608273","2018-03-08",33.0758894326233,0.652173913043476,0.550724637681159,0.509603341496777,21.6186220331365,20.9813779668636,21.3,0.860929214053248,62.1478564200285,21.2416,21.3393620583645,0.56446215306154,0.48980154235692
"14608272","2018-03-09",33.7734499092658,0.652173913043476,0.595496894409937,0.552886447678789,21.6383359566174,21.002997376716,21.3206666666667,0.803250381389627,62.1478564200285,21.2604,21.3621137839159,0.57872666353973,0.507586566593482
"14608271","2018-03-12",34.4211846375768,0.673913043478254,0.65942028985507,0.601880607315388,21.639844507363,21.0531554926371,21.3465,0.795727371137236,62.5010917859625,21.2752,21.3831652793938,0.586943800080553,0.523458013290896
"14608270","2018-03-13",35.0226525995798,0.673913043478254,0.666666666666663,0.640527950310556,21.6327489234428,21.1102510765573,21.3715,0.784211697493384,62.5010917859625,21.2888,21.401409908808,0.586611498627909,0.536088710358299
"14608269","2018-03-14",36.6844219955571,0.402777777777776,0.583534621578096,0.636540526033276,21.6710430795662,21.1119569204339,21.3915,0.950437431189749,61.1768712324161,21.2932,21.4145552543002,0.572155699192645,0.543302108125168
"14608268","2018-03-15",38.2274935775359,0.652777777777776,0.57648953301127,0.608896940418675,21.7126396127266,21.0996937206067,21.4061666666667,0.946749601969332,67.7910569720893,21.3272,21.4499478870602,0.621215429767674,0.558884772453669
"14608267","2018-03-16",40.2459058487876,0.911392405063289,0.655649320206281,0.605224491598548,21.8103181552366,21.0416818447635,21.426,1.18606352074194,74.3318764396728,21.3604,21.5139548354522,0.745075996942002,0.596123017351336
"14608266","2018-03-19",42.1201458149498,0.987341772151895,0.850503984997654,0.694214279405068,21.9098203715639,21.0161796284362,21.463,1.08972244053635,75.6119325351544,21.4,21.5774275240586,0.855208360336057,0.64794008594828
"14608265","2018-03-20",43.8605114978147,0.986666666666662,0.96180028129395,0.822651195499294,21.9920381484248,21.004628518242,21.4983333333334,0.997935863331217,75.6119325351545,21.4404,21.6324371875174,0.931163895506604,0.704584847859945
"14608264","2018-03-21",45.1225523151563,0.93333333333333,0.96911392405063,0.927139396780744,22.049758857553,21.0219078091137,21.5358333333334,0.912673283070244,72.8047372403497,21.4744,21.6747788958484,0.96489893348215,0.756647664984386
"14608263","2018-03-22",43.4934716105246,0.166666666666666,0.695555555555554,0.875489920300044,22.0507549855524,21.0492450144477,21.55,0.516641538424481,52.0099866866678,21.4812,21.6581417097353,0.833033123814086,0.771924756750326
"14608262","2018-03-23",42.0523529547321,0.134615384615385,0.411538461538461,0.692069313714881,22.0521997775659,21.0731335557675,21.5626666666667,0.510894734624842,52.0099866866678,21.4852,21.6437228151039,0.720240020656582,0.761587809531577
"14608261","2018-03-26",40.5343192694443,0.0769230769230751,0.126068376068376,0.41105413105413,22.0441873877324,21.1124792789343,21.5783333333334,0.466012245286194,50.7491651780031,21.4976,21.6272264397567,0.612611948428543,0.73179263731097
"14608260","2018-03-27",39.6850790042361,0.499999999999998,0.237179487179487,0.258262108262108,22.0444961732914,21.1661704933753,21.6053333333334,0.664707317541333,58.9628072749063,21.5176,21.6435962477892,0.606116581057514,0.706657426060279
"14608259","2018-03-28",38.8964987579714,0.499999999999998,0.358974358974358,0.24074074074074,22.0359123218845,21.2287543447822,21.6323333333334,0.645778980081511,58.9628072749063,21.5392,21.6577834147506,0.594062916441995,0.684138524136622
"14608258","2018-03-29",38.1642456721542,0.499999999999998,0.499999999999999,0.365384615384614,22.0417827348297,21.257883931837,21.6498333333334,0.627780099018183,58.9628072749063,21.5588,21.6700789594505,0.577803665396259,0.66287155238855
"14608257","2018-04-02",39.5848360080975,0.227272727272727,0.409090909090909,0.422688422688422,22.0696958541058,21.3083041458942,21.689,0.952242032083735,58.9628072749063,21.576,21.6807350981905,0.558444078743303,0.641986057659501
"14608256","2018-04-03",40.9039556057591,0.772727272727272,0.5,0.469696969696969,22.1964423225492,21.2698910107842,21.7331666666667,1.16573035459669,74.1118533500464,21.6216,21.7699704184317,0.757036844034742,0.664996214934549
"14608255","2018-04-04",42.1288523750164,0.768518518518518,0.589506172839506,0.499532360643471,22.2977994722504,21.253533861083,21.7756666666667,1.04998778777296,74.1118533500464,21.6672,21.8473076959742,0.902944761428781,0.712585924233395
"14608254","2018-04-05",43.2662565178981,0.768518518518518,0.769921436588103,0.619809203142536,22.3828258599919,21.2491741400081,21.816,0.971044140441652,74.1118533500464,21.7128,21.9143333365109,1.00614049723995,0.771296838834706
"14608253","2018-04-06",41.2630385527858,0.240740740740741,0.592592592592593,0.650673400673401,22.380599286131,21.2770673805358,21.8288333333334,0.461789354296958,51.5377411991774,21.7296,21.8964222249762,0.867790439109362,0.790595558889637
"14608252","2018-04-09",39.4029075851815,0.259259259259259,0.42283950617284,0.595117845117845,22.3759725516859,21.3103607816475,21.8431666666667,0.459491188179025,52.0891788835081,21.7516,21.8835659283127,0.756808412389343,0.783838129589578
"14608251","2018-04-10",37.6756431152633,0.259259259259259,0.253086419753088,0.42283950617284,22.3695956319335,21.3447377013999,21.8571666666667,0.444219910912982,52.0891788835081,21.7652,21.8724238045376,0.661246326413112,0.759319768954285
"14608250","2018-04-11",36.6565027674092,0.259259259259259,0.25925925925926,0.311728395061729,22.3627286154284,21.3856047179051,21.8741666666667,0.48550166800483,52.0891788835081,21.7772,21.862767297266,0.578851281513559,0.72322607146614
"14608249","2018-04-12",35.7101581586876,0.296296296296296,0.271604938271606,0.261316872427984,22.3613705758284,21.4066294241717,21.884,0.453914210229975,53.4133328232503,21.7916,21.8597316576305,0.522305331797712,0.683041923532455
"14608248","2018-04-13",34.6173647501259,0.259259259259259,0.271604938271606,0.267489711934157,22.3599219793399,21.4200780206602,21.89,0.404239422758566,51.869495381959,21.8032,21.8517674366131,0.457456478238427,0.637924834473649
"14608247","2018-04-16",33.8172042288538,0.117647058823531,0.224400871459696,0.255870249334302,22.3542476247498,21.4157523752502,21.885,0.466258042666077,53.672054948226,21.8168,21.851531778398,0.419696752304843,0.594279218039888
"14608246","2018-04-17",33.0741980305298,0.117647058823531,0.164851125635441,0.220285645122247,22.3449446790931,21.411055320907,21.878,0.47001786158649,53.672054948226,21.83,21.8513275412783,0.385330544467477,0.552489483325406
"14608245","2018-04-18",32.3842637035146,0.117647058823531,0.117647058823532,0.168966351972889,22.3352082865841,21.406791713416,21.871,0.477380843247571,53.672054948226,21.8432,21.8511505357745,0.354014511691347,0.512794488998594
"14608244","2018-04-19",32.3203504874499,0.294117647058822,0.176470588235296,0.152989590898089,22.3390658036516,21.4069341963485,21.873,0.636246855063106,59.3731429048425,21.8632,21.8709971310046,0.380179536324698,0.486271498463815
"14608243","2018-04-20",32.2610025011041,0.385964912280698,0.265909872721018,0.186675839926614,22.3416536165135,21.4476797168199,21.8946666666667,0.617825960432842,59.3731429048425,21.876,21.8881975135373,0.396279426227597,0.468273084016572
"14608242","2018-04-23",32.2058936566401,0.385964912280698,0.355349157206741,0.265909872721017,22.3397273756662,21.4922726243339,21.916,0.599120336357668,59.3731429048425,21.8788,21.9031045117323,0.404324142760659,0.455483295765389
"14608241","2018-04-24",31.0618761416697,0.12280701754386,0.298245614035086,0.306501547987614,22.3215205029549,21.5424794970452,21.932,0.416136207416859,51.463323243204,21.8732,21.896023910168,0.351361540865969,0.434658944785505
"14608240","2018-04-25",30.4181922114975,0.545454545454532,0.351408825093031,0.335001198778285,22.3214973353681,21.5605026646319,21.941,0.485545233858992,53.6785691264853,21.8696,21.896554055479,0.324083072519854,0.412543770332375
"14608239","2018-04-26",29.8204857049091,0.949999999999984,0.539420520999459,0.396358320042525,22.3236564746801,21.58234352532,21.953,0.549911444325766,57.443643245905,21.8712,21.9090135147484,0.33179373962593,0.396393764191086
"14608238","2018-04-27",28.6114949128551,0.499999999999987,0.665151515151502,0.51866028708133,22.3211731661436,21.6031601671898,21.9621666666667,0.459842881152028,52.8200946925323,21.8852,21.907811712782,0.301264666627987,0.377367944678466
"14608237","2018-04-30",27.1424888104831,0.250000000000002,0.566666666666658,0.590412900939206,22.3136284637808,21.5923715362193,21.953,0.357193745995248,50.3933779024678,21.8972,21.900103484411,0.255704150826896,0.353035185908152
"14608236","2018-05-01",25.7784117154233,0.250000000000002,0.333333333333331,0.521717171717163,22.2412936145039,21.6147063854962,21.928,0.37551613504225,50.3933779024678,21.9104,21.8934230198229,0.217094839415921,0.325847116609706
"14608235","2018-05-02",24.5117686985822,0.250000000000002,0.250000000000003,0.38333333333333,22.1504932097834,21.6555067902166,21.903,0.392926355340358,50.3933779024678,21.9144,21.8876332838465,0.184371564796426,0.29755200624705
"14608234","2018-05-03",23.4053257081664,0,0.166666666666669,0.25,22.0171546757418,21.7391786575916,21.8781666666667,0.410663756180745,50.3933779024678,21.9184,21.882615512667,0.156632728669504,0.269368150731541
"14608233","2018-05-04",21.9568540710949,0,0.083333333333335,0.166666666666668,22.0147514225044,21.7462485774957,21.8805,0.324334573940249,47.4605192151357,21.9204,21.8716001109781,0.114878920854067,0.238470304756046
"14608232","2018-05-07",21.5818692658664,0.999999999999993,0.333333333333332,0.194444444444445,22.0382375876171,21.746762412383,21.8925,1.00604652654026,59.6112844576393,21.932,21.8940534295143,0.168367354478982,0.224449714700633
"14608231","2018-05-08",20.2644985091627,0.151515151515154,0.383838383838383,0.266835016835016,22.0405196238794,21.758813709454,21.8996666666667,0.655007986806739,49.7934233909485,21.912,21.8881796389124,0.139081861247048,0.207376144009916
"14608230","2018-05-09",19.0412256636522,0.999999999999995,0.717171717171715,0.478114478114476,22.0846500639842,21.7416832693492,21.9131666666667,1.13222835774537,60.1972023176113,21.9032,21.9204223537241,0.216534003800173,0.209207715967968
"14608229","2018-05-10",17.9053294499638,0.999999999999995,0.717171717171715,0.606060606060604,22.1197557663632,21.7355775669702,21.9276666666667,1.02666531743069,60.1972023176113,21.8944,21.9483660398942,0.274614737854773,0.222289120345329
"14608228","2018-05-11",18.714980082849,0,0.666666666666664,0.700336700336697,22.1176798551237,21.7406534782097,21.9291666666667,0.23697684634587,46.9102940618349,21.8952,21.9285839012417,0.196979883905968,0.217227273057456
"14608227","2018-05-14",18.72059845852,0.575757575757569,0.525252525252522,0.636363636363633,22.1229236326537,21.7490763673464,21.936,0.644444015005867,53.3013976359642,21.9028,21.9367727144094,0.203010534740855,0.214383925394136
"14608226","2018-05-15",18.6142302600918,0.130434782608696,0.235397452788756,0.475772214902646,22.1419805259413,21.7540194740588,21.948,0.866016122780716,49.8967741729043,21.9064,21.9305363524882,0.169048577391906,0.20531685579369
"14608225","2018-05-16",18.5154597901228,0.130434782608696,0.278875713658321,0.346508563899865,22.1430684636113,21.7652648697221,21.9541666666667,0.550731827268568,49.8967741729043,21.91,21.9251315054898,0.140512991816566,0.192356082998265
"14608224","2018-05-17",18.6246103954642,0.289855072463767,0.183574879227054,0.232616015224709,22.1512588631408,21.7634078035259,21.9573333333334,0.773300787434209,53.6719450153355,21.9164,21.9351139714245,0.156571488232937,0.1851991640452
"14608223","2018-05-18",17.4906879610546,0,0.140096618357489,0.200849070414287,22.1479674496252,21.7520325503748,21.95,0.25585211899806,45.886618819088,21.9152,21.9130987752345,0.0836819541292,0.164895722062
"14608222","2018-05-21",16.7509688422361,0.0416666666666682,0.110507246376813,0.144726247987117,22.1427050650745,21.7469616015923,21.9448333333334,0.378288156062319,46.9671871726805,21.9132,21.8980189385366,0.0365076942874465,0.139218116507089
"14608221","2018-05-22",16.0640868033333,0.180555555555554,0.074074074074075,0.108225979602791,22.1422603410069,21.7507396589932,21.9465,0.381232327853335,50.5144197861073,21.9152,21.898283080065,0.03555624181244,0.118485741568159
"14608220","2018-05-23",15.4262677672092,0.180555555555554,0.13425925925926,0.106280193236715,22.1417005620509,21.7482994379492,21.945,0.385612934882185,50.5144197861073,21.9172,21.898512002723,0.0344054615013745,0.101669685554802
"14608219","2018-05-24",14.8340072336654,0.180555555555554,0.180555555555555,0.129629629629629,22.1369945574593,21.7440054425408,21.9405,0.396943710493269,50.5144197861073,21.9132,21.89871040236,0.0331116555685407,0.08795807955755
"14608218","2018-05-25",14.2840510239461,0.180555555555554,0.180555555555555,0.165123456790122,22.1361066913364,21.7415599753304,21.9388333333334,0.401574815457902,50.5144197861073,21.9092,21.898882348712,0.0317205594363656,0.0767105755333131
"14608217","2018-05-29",13.7733774006354,0.180555555555554,0.180555555555555,0.180555555555554,22.1352794885185,21.7473871781482,21.9413333333334,0.393441214924054,50.5144197861073,21.9052,21.8990313688837,0.030269109743819,0.0674222823754143
"14608216","2018-05-30",13.299180464704,0.180555555555554,0.180555555555555,0.180555555555554,22.1342629645477,21.753403702119,21.9438333333334,0.384909367691791,50.5144197861073,21.9072,21.8991605196992,0.0287869295452658,0.0596952118093846
"14608215","2018-05-31",12.858854738482,0.180555555555554,0.180555555555555,0.180555555555554,22.1330464227989,21.7596202438678,21.9463333333334,0.375923714116719,50.5144197861073,21.9072,21.899272450406,0.0272975750660986,0.0532156844607274
"14608214","2018-06-01",12.7576107498198,0,0.12037037037037,0.160493827160493,22.1429947012792,21.7393386320542,21.9411666666667,0.0264120095265855,42.0162145216999,21.8964,21.8753694570185,-0.039791462320693,0.0346142551044434
"14608213","2018-06-04",11.9838747467534,0.233766233766233,0.138107263107263,0.146344396344395,22.1412319100819,21.7477680899182,21.9445,0.386901926633257,50.9100505106609,21.8964,21.8786535294161,-0.026284546502775,0.0224344947829997
"14608212","2018-06-05",13.2246694201036,0,0.0779220779220786,0.112133237133236,22.1485875734981,21.7047457598353,21.9266666666667,-0.0482433737488777,37.7469051737568,21.8832,21.8308330588272,-0.15412921457727,-0.0128782470890542
"14608211","2018-06-06",14.3768359025003,0.0895522388059678,0.107772824190735,0.107934055073358,22.1593484843813,21.6679848489521,21.9136666666667,0.0312365085133851,40.3686078311591,21.8724,21.7973886509836,-0.230824617079173,-0.0564675210870779
"14608210","2018-06-07",14.5238205659337,0.877192982456137,0.322248407087369,0.16931443640006,22.1386875743712,21.6776457589622,21.9081666666667,0.742566573346754,55.2514934161173,21.8792,21.8270701641858,-0.127334406565083,-0.0706408981826789
"14608209","2018-06-08",14.6603063248362,0.877192982456137,0.614646067906082,0.348222433061394,22.1163913077875,21.6889420255459,21.9026666666667,0.774496503346525,55.2514934161173,21.886,21.8527941422944,-0.0448889881755399,-0.0654905161812511
"14608208","2018-06-11",15.363646915925,0.745098039215679,0.833161334709319,0.590018603234256,22.1200511749161,21.6966154917506,21.9083333333334,0.582657181223673,51.2089387073063,21.89,21.8590882566551,-0.0236278344666108,-0.057117979838323
"14608207","2018-06-12",16.4469327040118,0.549019607843136,0.723770209838318,0.723859204151239,22.1110699724913,21.6905966941754,21.9008333333334,0.355321761285285,48.053632275104,21.8804,21.8512098224344,-0.0432012441396901,-0.0543346326985964
"14608206","2018-06-13",17.8089876766296,0.372549019607843,0.555555555555554,0.704162366701063,22.0885311383572,21.6754688616428,21.882,0.0916677068447757,45.3455748340151,21.8748,21.8323818461098,-0.0909308265904296,-0.0616538714769631
"14608205","2018-06-14",19.0737530083461,0.392156862745094,0.437908496732025,0.572411420708631,22.0828603287643,21.6558063379024,21.8693333333334,0.150317438710853,45.711658539898,21.8584,21.8173975999619,-0.123674816930575,-0.0740580605676854
"14608204","2018-06-15",20.2481779592258,0.392156862745094,0.385620915032678,0.459694989106751,22.055508469769,21.6488248635644,21.8521666666667,0.175013537181512,45.711658539898,21.842,21.8044112533003,-0.147948051428815,-0.0888360587399112
"14608203","2018-06-18",21.338715413614,0.392156862745094,0.392156862745095,0.405228758169932,22.0568372765142,21.6341627234858,21.8455,0.203081249862741,45.711658539898,21.8388,21.7931564195269,-0.165302084149466,-0.104129263821822
"14608202","2018-06-19",20.4358724144175,0.647058823529411,0.477124183006534,0.418300653594768,22.0556041409262,21.6340625257405,21.8448333333334,0.591331433512257,51.0367017433648,21.8332,21.80073556359,-0.129435446372739,-0.109190500332005
"14608201","2018-06-20",19.5975182008778,0.647058823529411,0.562091503267973,0.477124183006533,22.0516082721101,21.6330583945566,21.8423333333334,0.518317211586486,51.0367017433648,21.8316,21.8073041551113,-0.0998633413935912,-0.107325068544323
"14608200","2018-06-21",19.5678703225403,0.392156862745094,0.562091503267973,0.533769063180826,22.0456624338198,21.6256708995136,21.8356666666667,0.335710974236646,45.8238270484427,21.8248,21.7956636010965,-0.123124270449027,-0.110484908925263
"14608199","2018-06-22",19.5403401497984,0.392156862745094,0.477124183006534,0.533769063180826,22.0400986870857,21.613567979581,21.8268333333334,0.257344551801367,45.8238270484427,21.8136,21.7855751209503,-0.139963924083986,-0.116380711957008
"14608198","2018-06-25",19.5147764179665,0.311111111111109,0.365141612200433,0.468119099491646,22.033170536601,21.6024961300658,21.8178333333334,0.272836899874228,45.8238270484427,21.8116,21.7768317714903,-0.151576921281049,-0.123419953821816
"14608197","2018-06-26",19.4910386669798,0.0312499999999936,0.244839324618733,0.362368373275233,22.0247270829212,21.5929395837455,21.8088333333334,0.29426608342543,45.8238270484427,21.8084,21.7692542019582,-0.158959588370944,-0.130527880731642
"14608196","2018-06-27",19.468996469635,0.0312499999999936,0.124537037037033,0.244839324618732,22.0147800967682,21.5848865698985,21.7998333333334,0.314295102522975,45.8238270484427,21.8012,21.7626869750305,-0.162941368745007,-0.137010578334315
"14608195","2018-06-28",19.4485287149577,0.0312499999999936,0.0312499999999945,0.133542120551919,22.003309475785,21.5783571908818,21.7908333333334,0.333314619429547,45.8238270484427,21.794,21.7569953783597,-0.164211369841372,-0.142450736635726
"14608194","2018-06-29",19.4295229427574,0.0416666666666583,0.0347222222222161,0.0635030864197469,22.0033592922989,21.5753073743678,21.7893333333334,0.338025878569849,45.8238270484427,21.7868,21.7520626612451,-0.163340790010902,-0.146628747310761
"14608193","2018-07-02",20.5194284728363,0,0.0243055555555516,0.0300925925925864,22.00194266338,21.5427240032868,21.7723333333334,0.037620415315254,37.8338635914896,21.7732,21.7264543064124,-0.219531408057116,-0.161209279460032
"14608192","2018-07-03",21.5314836079097,0,0.013888888888887,0.0243055555555505,22.011118135783,21.5212151975504,21.7661666666667,0.0791683401399783,37.8338635914896,21.7596,21.7042603988908,-0.261139452727488,-0.181195314113523
"14608191","2018-07-05",20.2173621274903,0.358974358974358,0.11965811965812,0.0526175213675186,22.0110723335419,21.5255943331249,21.7683333333334,0.414173934491538,47.1799476535627,21.7516,21.7036923457053,-0.239335353737558,-0.19282332203833
"14608190","2018-07-06",19.3073282728544,0.743589743589746,0.367521367521369,0.167022792022791,21.9786898206553,21.5419768460115,21.7603333333334,0.728220072343674,54.9881425872186,21.7496,21.7232000329446,-0.164407335747663,-0.187140124780197
"14608189","2018-07-09",18.4622968364067,0.743589743589746,0.615384615384618,0.367521367521368,21.9402828550155,21.5633838116512,21.7518333333334,0.760458784374658,54.9881425872186,21.7548,21.7401066952187,-0.10386172233483,-0.170484444291123
"14608188","2018-07-10",18.3185085654253,0.156250000000001,0.547809829059832,0.510238603988605,21.9073756560447,21.571291010622,21.7393333333334,0.363129718579695,43.1513175153648,21.7432,21.7227591358562,-0.143337483525274,-0.165055052137954
"14608187","2018-07-11",18.1849908852284,0.156250000000001,0.352029914529917,0.505074786324788,21.8982090619126,21.5574576047542,21.7278333333334,0.154195658278249,43.1513175153648,21.7468,21.7077245844087,-0.172672704882426,-0.166578582686848
"14608186","2018-07-12",18.1245273445114,0.125000000000008,0.145833333333338,0.348557692307694,21.9014030097076,21.5429303236258,21.7221666666667,0.159202300733024,42.70707093773,21.7476,21.6933613064875,-0.1973981263235,-0.172742491414179
"14608185","2018-07-13",18.0683826281314,0.125000000000008,0.135416666666673,0.211093304843308,21.9031577537983,21.5291755795351,21.7161666666667,0.189379134458573,42.70707093773,21.7308,21.6809131322892,-0.214550485618969,-0.181104090255137
"14608184","2018-07-16",18.0162482486356,0.125000000000008,0.125000000000009,0.135416666666672,21.9038614437431,21.5164718895903,21.7101666666667,0.215617869697964,42.70707093773,21.714,21.6701247146506,-0.225567804801741,-0.189996833164458
"14608183","2018-07-17",17.2511807664433,0.750000000000001,0.33333333333334,0.197916666666673,21.9117731780304,21.516560155303,21.7141666666667,0.717182451987385,54.4269294137965,21.71,21.6874414193639,-0.158026087237129,-0.183602683978992
"14608182","2018-07-18",16.5407609615505,0.750000000000001,0.541666666666671,0.333333333333339,21.8963568858103,21.5236431141898,21.7100000000001,0.741472161354951,54.4269294137965,21.71,21.7024492301154,-0.103332590754601,-0.167548665334114
"14608181","2018-07-19",15.8810854284357,0.750000000000001,0.750000000000002,0.54166666666667,21.8875108021451,21.527489197855,21.7075,0.756929025641025,54.4269294137965,21.7136,21.7154559994333,-0.0593233896151513,-0.145903610190321
"14608180","2018-07-20",15.5191859673964,0.750000000000001,0.750000000000002,0.680555555555557,21.8934769553402,21.5258563779933,21.7096666666667,0.772926325445043,54.4269294137965,21.7168,21.7267285328422,-0.0241824722153727,-0.121559382595332
"14608179","2018-07-23",17.155501587208,0.400000000000001,0.633333333333336,0.711111111111112,21.9249509944272,21.5140490055729,21.7195,0.987950911503204,54.4269294137965,21.72,21.7364980617966,0.00361313940129282,-0.0965248781960067
"14608178","2018-07-24",18.6749375198902,0.999999999999997,0.716666666666668,0.700000000000001,22.022715417627,21.4602845823731,21.7415000000001,1.24409149315399,70.2788734492539,21.7376,21.7929649868904,0.15722128549005,-0.0457756454587953
"14608177","2018-07-25",20.0858423145236,0.999999999999997,0.799999999999999,0.716666666666666,22.0982866650737,21.4287133349264,21.7635000000001,1.0921681496973,70.2788734492539,21.75,21.8419029886383,0.275416833976561,0.0184628504282759
"14608176","2018-07-26",21.3959681952547,0.999999999999997,0.999999999999998,0.838888888888887,22.1612793383239,21.4097206616762,21.7855000000001,0.998297753237821,70.2788734492539,21.7624,21.8843159234866,0.364597699784075,0.0876898202994357
"14608175","2018-07-27",22.6125136559336,0.999999999999997,0.999999999999998,0.933333333333331,22.2155025871378,21.3994974128623,21.8075000000001,0.931982554905852,70.2788734492539,21.78,21.921073800355,0.430090432525643,0.156169942744677
"14608174","2018-07-30",23.7421630122782,0.999999999999997,0.999999999999998,0.999999999999997,22.2629167868359,21.3960832131642,21.8295000000001,0.881272726435847,70.2788734492539,21.7976,21.9529306269743,0.476325149609491,0.22020098411764
"14608173","2018-07-31",24.791123128884,0.999999999999997,0.999999999999998,0.999999999999997,22.2971872297785,21.4218127702216,21.8595000000001,0.843281662743579,70.2788734492539,21.8152,21.9805398767111,0.506981999297151,0.277557187153542
"14608172","2018-08-01",23.0514129030219,0.571428571428571,0.857142857142856,0.952380952380949,22.2935121526003,21.4614878473998,21.8775000000001,0.551080238563094,51.6097844621511,21.8232,21.9724678931496,0.438105636111663,0.309666876945166
"14608171","2018-08-02",21.4359676932928,0.571428571428571,0.714285714285714,0.857142857142855,22.297658377234,21.4766749560995,21.8871666666667,0.539992687413706,51.6097844621512,21.8312,21.965472174063,0.379153940050037,0.32356428956614
"14608170","2018-08-03",19.9359114271157,0.333333333333335,0.492063492063494,0.687830687830687,22.3006973530282,21.4796359803052,21.8901666666667,0.536335083252459,51.6097844621512,21.8392,21.9594092175213,0.328648936867681,0.324581219026449
"14608169","2018-08-06",18.5430020370942,0.333333333333335,0.412698412698415,0.53968253968254,22.3039614116706,21.4833719216629,21.8936666666667,0.532090751409724,51.6097844621512,21.8472,21.9541546551851,0.285336597894048,0.316732294799969
"14608168","2018-08-07",18.7916624100956,0.333333333333335,0.333333333333336,0.412698412698414,22.309228114668,21.5067718853321,21.9080000000001,0.589724520002195,51.6097844621511,21.8616,21.9496007011604,0.24815260062887,0.303016355965749
"14608167","2018-08-08",19.0225613278825,0.333333333333335,0.333333333333336,0.359788359788361,22.3007147929231,21.546285207077,21.9235000000001,0.495360733372962,51.6097844621511,21.876,21.9456539410057,0.21619334995131,0.285651754762861
"14608166","2018-08-09",19.2369674658276,0.333333333333335,0.333333333333336,0.333333333333335,22.286399120783,21.5926008792171,21.9395000000001,0.471893846320435,51.6097844621512,21.8848,21.9422334155383,0.188691449212186,0.266259693652726
"14608165","2018-08-10",20.0344313211738,0.333333333333326,0.333333333333333,0.333333333333334,22.2700140898575,21.6489859101426,21.9595000000001,0.565214432006172,57.87592637761,21.8908,21.9499356267998,0.194074382533138,0.251822631428809
"14608164","2018-08-13",21.0467921484945,0.333333333333326,0.33333333333333,0.333333333333332,22.2436853777882,21.7166479555453,21.9801666666667,0.562930382676538,57.87592637761,21.8968,21.9566108765599,0.196069318595815,0.24067196886221
"14608163","2018-08-14",21.9868414881495,0.333333333333326,0.333333333333327,0.333333333333329,22.2412629641681,21.7404037024987,21.9908333333334,0.544922799121141,57.87592637761,21.9124,21.9623960930186,0.195389344410191,0.231615443971806
"14608162","2018-08-15",23.2679823183843,0.749999999999998,0.472222222222218,0.379629629629624,22.2444019817346,21.7672646849321,22.0058333333334,0.697357589309526,64.9598339855467,21.932,21.9807432806161,0.228920921333664,0.231076539444178
"14608161","2018-08-16",23.1094840812647,0.333333333333326,0.472222222222218,0.42592592592592,22.2360981515212,21.7979018484789,22.0170000000001,0.514453187508205,54.9992660386451,21.948,21.9833108432006,0.21626564200441,0.228114359956224
"14608160","2018-08-17",22.1642578118664,0.0416666666666583,0.374999999999995,0.439814814814809,22.2250000000001,21.8210000000001,22.0230000000001,0.269801980197868,49.3005892064799,21.9612,21.9762027307739,0.178482486661857,0.218187985297351
"14608159","2018-08-20",21.0986600566812,0,0.124999999999996,0.324074074074068,22.2371908263303,21.7968091736698,22.0170000000001,0.00724559325057411,40.837865447955,21.9692,21.9527090333373,0.0996230884553251,0.194475005928946
"14608158","2018-08-21",21.3583864621112,0,0.013888888888887,0.171296296296292,22.2509009791273,21.7334323542062,21.9921666666667,-0.135465258175804,32.5152628081695,21.962,21.9083478288924,-0.0288671407033037,0.149806576602496
"14608157","2018-08-22",21.7181785406139,0,9.13621030681118e-16,0.0462962962962935,22.2532402949797,21.6800930383538,21.9666666666667,-0.0525048981843532,31.7412253322399,21.954,21.86723478504,-0.136714068012267,0.0925024476795432
"14608156","2018-08-23",22.0522711849379,0.299999999999996,0.0999999999999996,0.0379629629629615,22.2331453728067,21.6591879605267,21.9461666666667,0.158220867141552,42.749089548162,21.952,21.851603480368,-0.165028031208481,0.0409963519019384
"14608155","2018-08-24",22.3625000689529,0.299999999999996,0.199999999999998,0.0999999999999985,22.207139775704,21.6441935576294,21.9256666666667,0.187951244672083,42.749089548162,21.95,21.8380563496523,-0.185360206018292,-0.00427495968210773
"14608154","2018-08-27",21.1929201283709,0.299999999999996,0.299999999999997,0.199999999999997,22.1717884088543,21.6468782578125,21.9093333333334,0.355213316318568,42.749089548162,21.948,21.826315503032,-0.199200989324977,-0.0432601656106816
"14608153","2018-08-28",20.1068816121162,0.799999999999994,0.466666666666663,0.322222222222218,22.1415499022873,21.6611167643795,21.9013333333334,0.705370235484328,57.1377990292718,21.9416,21.8494734359611,-0.116419579473015,-0.0578920483831482
"14608152","2018-08-29",19.098417275594,0.799999999999994,0.633333333333329,0.466666666666662,22.1492950789685,21.6613715876983,21.9053333333334,0.694019489449393,57.1377990292718,21.9352,21.8695436444996,-0.0502885608071879,-0.0563713508679562
"14608151","2018-08-30",18.1619861059662,0.799999999999994,0.799999999999995,0.633333333333328,22.1567250604923,21.6619416061745,21.9093333333334,0.683245146690731,57.1377990292718,21.9288,21.886937825233,0.00205492495684023,-0.0446860957029969
"14608150","2018-08-31",17.2924428770261,0.799999999999994,0.799999999999995,0.744444444444439,22.1638527936553,21.6628138730114,21.9133333333334,0.672973920978513,57.1377990292718,21.9224,21.9020127818686,0.0430085590196416,-0.0271471647584692
"14608149","2018-09-04",16.4850098787246,0.799999999999994,0.799999999999995,0.799999999999994,22.1706894726577,21.663977194009,21.9173333333334,0.663143207989902,57.1377990292718,21.916,21.9150777442861,0.0745787670964004,-0.00680197838749527
"14608148","2018-09-05",16.1824329939313,0.574468085106381,0.724822695035457,0.774940898345148,22.1652624541773,21.6617375458228,21.9135,0.479809009449121,48.0429433227677,21.9044,21.9090673783813,0.0511339464922544,0.00478520658845467
"14608147","2018-09-06",15.5726671539346,0.724999999999997,0.699822695035458,0.741548463356969,22.1656469769493,21.6620196897175,21.9138333333334,0.525481807000225,49.3779497703166,21.9032,21.9065250612638,0.0394626420691546,0.0117206936845947
"14608146","2018-09-07",15.0064560167949,0.749999999999992,0.683156028368791,0.702600472813234,22.1656469769493,21.6620196897175,21.9138333333334,0.512244504662396,50.0687711421534,21.9024,21.9056550530953,0.0335099030436714,0.01607853555641
"14608145","2018-09-10",14.6834243120745,0.699999999999993,0.724999999999995,0.70265957446808,22.1568516280651,21.6588150386016,21.9078333333334,0.44411387853378,48.639131682665,21.9008,21.9022343793492,0.0211804205759059,0.0170989125603092
"14608144","2018-09-11",15.8509373051368,0.249999999999994,0.56666666666666,0.658274231678481,22.1454700205618,21.6488633127716,21.8971666666667,0.304338795383806,38.0960658996572,21.892,21.875269795436,-0.0543303482974156,0.00281306038876423
"14608143","2018-09-12",16.9350565129804,0.599999999999994,0.516666666666661,0.602777777777771,22.135105288514,21.6495613781528,21.8923333333334,0.550115618410655,49.8117540719466,21.8904,21.8759004893779,-0.0472683982539746,-0.00720323133978352
"14608142","2018-09-13",19.347461215977,0,0.28333333333333,0.455555555555549,22.1059757781103,21.6426908885565,21.8743333333334,0.210041625871373,38.1488449949484,21.878,21.8404470907942,-0.139749857985505,-0.0337125566689278
"14608141","2018-09-14",21.5875512973311,0.692307692307687,0.430769230769228,0.410256410256405,22.0885690153444,21.645764317989,21.8671666666667,0.52898192681769,50.604054586086,21.8764,21.8457208120216,-0.112058159461137,-0.0493816772273696
"14608140","2018-09-17",23.6676349443027,0.692307692307687,0.461538461538459,0.391880341880338,22.084296658547,21.6450366747864,21.8646666666667,0.534907193689746,50.604054586086,21.8716,21.8502913704187,-0.0890869190092958,-0.0573227255837549
"14608139","2018-09-18",23.1766442130289,0.734693877551014,0.70643642072213,0.532914704343271,22.1019745083705,21.6486921582962,21.8753333333334,0.804446003638413,54.1717259273542,21.8704,21.8662525210296,-0.0372309338074861,-0.0533043672285011
"14608138","2018-09-19",22.7207242482747,0.795918367346934,0.740973312401878,0.636316064887488,22.1027666033555,21.6815667299779,21.8921666666667,0.756014638533869,55.3299001368787,21.8704,21.8840855182256,0.0147312914297926,-0.0396972354968424
"14608137","2018-09-20",23.6145094416611,0.306122448979594,0.612244897959181,0.686551543694395,22.0870806729595,21.7085859937073,21.8978333333334,0.144644938560873,45.4369797520932,21.8568,21.8675407824622,-0.0322423062943278,-0.0382062496563395
"14608136","2018-09-21",22.9779142603897,0.693877551020402,0.59863945578231,0.650619222047789,22.0855631532536,21.7301035134131,21.9078333333334,0.618625750832185,52.6542457206006,21.8548,21.8785353448006,0.000609938797646592,-0.0304430119655423
"14608135","2018-09-24",23.6915222800838,0.0816326530612221,0.360544217687073,0.52380952380952,22.1023357699657,21.7033308967011,21.9028333333334,-0.13365976276115,42.9858909534751,21.8436,21.8480639654938,-0.0831098843802502,-0.0409763864484839
"14608134","2018-09-25",24.3541582983711,0.0816326530612221,0.285714285714282,0.414965986394554,22.1201263761075,21.6672069572259,21.8936666666667,-0.0379912110380004,42.9858909534751,21.8376,21.8216554367613,-0.147861902508095,-0.0623534896604061
"14608133","2018-09-26",24.4492124205645,0.183673469387753,0.115646258503399,0.25396825396825,22.1138531456038,21.6441468543962,21.879,0.133104055535826,44.940107375597,21.8408,21.8054347118598,-0.178692995112517,-0.0856213907508283
"14608132","2018-09-27",24.5374769626013,0.183673469387753,0.149659863945576,0.183673469387752,22.1042831662852,21.6237168337149,21.864,0.158735976940128,44.940107375597,21.8448,21.7913767502785,-0.200846869299942,-0.108666486460651
"14608131","2018-09-28",24.6194368944925,0.183673469387753,0.183673469387754,0.149659863945575,22.0909008061169,21.6070991938832,21.849,0.192022522802083,44.940107375597,21.8428,21.7791931835747,-0.215942635456257,-0.130121716259772
"14608130","2018-10-01",23.2276475899436,0.285714285714285,0.217687074829931,0.183673469387752,22.0714564475338,21.6065435524663,21.839,0.416113318400459,47.2004515618402,21.8428,21.7753007590981,-0.207005718516773,-0.145498516711172
"14608129","2018-10-02",21.9352718071482,0.591836734693871,0.353741496598637,0.251700680272106,22.0564769650998,21.6115230349003,21.834,0.648329962992712,53.3832758511264,21.8488,21.7919273245517,-0.142703370547825,-0.144939487478503
"14608128","2018-10-03",20.7988531894672,0.533333333333332,0.470294784580496,0.347241118669687,22.055053878164,21.6116127885027,21.8333333333334,0.627788488680434,52.9382149799752,21.8444,21.8050036812781,-0.0943797581129169,-0.134827541605386
"14608127","2018-10-04",20.1276776255635,0.399999999999995,0.508390022675733,0.444142101284954,22.0474831031448,21.6118502301887,21.8296666666667,0.55432709085066,50.232187409367,21.8376,21.8083365237744,-0.0774016023878832,-0.123342353761885
"14608126","2018-10-05",20.9177881987056,0,0.311111111111109,0.429931972789112,22.0476225868458,21.5807107464876,21.8141666666667,0.0627297296421361,39.9653250878968,21.8196,21.7738916539378,-0.16572116158351,-0.13181811532621
"14608125","2018-10-08",21.6514623023375,0.111111111111112,0.170370370370369,0.329957168052403,22.0492135163423,21.5511198169911,21.8001666666667,0.0981345137923759,42.2357716281958,21.8036,21.7507061000794,-0.214827541064755,-0.148420000473919
"14608124","2018-10-09",22.3327311128528,0.125000000000002,0.0787037037037049,0.186728395061727,22.054056163742,21.5262771695914,21.7901666666667,0.139685040946451,42.2357716281958,21.7876,21.7306119534022,-0.25092393475904,-0.168920787330943
"14608123","2018-10-10",22.9653378654742,0.125000000000002,0.120370370370372,0.123148148148148,22.0439017126198,21.504764954047,21.7743333333334,0.176643577791177,42.2357716281958,21.7768,21.7131970262819,-0.276401213794208,-0.190416872623596
"14608122","2018-10-11",23.5527584214798,0.142857142857145,0.130952380952383,0.110008818342152,22.0471793227236,21.4874873439432,21.7673333333334,0.201026029177676,42.2357716281958,21.7652,21.6981040894443,-0.293256678606768,-0.210984833820231
"14608121","2018-10-12",22.33934171735,0,0.0892857142857157,0.113536155202823,22.0358972956293,21.4734360377042,21.7546666666667,0.272428770521472,39.8059357815281,21.7508,21.6770235441851,-0.325240093347889,-0.233835885725762
"14608120","2018-10-15",21.4719262065032,0,0.0476190476190485,0.0892857142857146,22.0314300856353,21.4399032476981,21.7356666666667,0.101595985925957,38.2270150969729,21.7356,21.6534204049604,-0.361397550097797,-0.259348218600169
"14608119","2018-10-16",20.6664689464312,0,1.57281595155231e-16,0.0456349206349204,21.9937761245928,21.4262238754073,21.71,0.129990013604195,38.2270150969729,21.7276,21.6329643509657,-0.385689222595698,-0.284616419399275
"14608118","2018-10-17",19.9185443477929,0,1.57281595155231e-16,0.0158730158730152,21.9496297203432,21.4203702796569,21.685,0.150454983362863,38.2270150969729,21.7124,21.6152357708369,-0.400390632339997,-0.30777126198742
"14608117","2018-10-18",19.2240429347716,0,1.57281595155231e-16,-9.13621030681118e-16,21.9456091946182,21.3980574720486,21.6718333333334,0.18617880968943,38.2270150969729,21.708,21.599871001392,-0.407397409745724,-0.327696491539081
"14608116","2018-10-19",18.5791487655376,0,1.57281595155231e-16,-9.13621030681118e-16,21.9010439255265,21.3976227411402,21.6493333333334,0.203363032854027,38.2270150969729,21.6928,21.5865548678731,-0.408285207356285,-0.343814234702521
"14608115","2018-10-22",19.5997078979775,0,1.57281595155231e-16,-9.13621030681118e-16,21.9260099620599,21.3376567046069,21.6318333333334,-0.0640035627063551,28.4271438375472,21.668,21.5430142188233,-0.493206667643009,-0.373692721290619
"14608114","2018-10-23",20.5473699495289,0.0624999999999988,0.0208333333333331,0.0069444444444434,21.9418566997602,21.2868099669066,21.6143333333334,0.02013601844249,31.5755775614281,21.6412,21.5106123229802,-0.53953948172174,-0.406862073376843
"14608113","2018-10-24",22.1690914431878,0,0.0208333333333331,0.0138888888888877,21.9639886328369,21.2113447004965,21.5876666666667,-0.0505037847644149,26.8123899724281,21.6072,21.4625306799162,-0.625614982815459,-0.450612655264566
"14608112","2018-10-25",23.6749756872997,0.0615384615384653,0.0413461538461549,0.0276709401709393,21.9721925466087,21.1521407867247,21.5621666666667,0.0461668581513047,29.8513106173186,21.5844,21.4261932559274,-0.671350215843558,-0.494760167380365
"14608111","2018-10-26",25.0732967711178,0.0615384615384653,0.0410256410256437,0.0344017094017095,21.9718932998387,21.1014400334947,21.5366666666667,0.101740058805488,29.8513106173186,21.554,21.3947008218037,-0.699738914983061,-0.535755916900904
"14608110","2018-10-29",26.3717377775204,0.0615384615384653,0.0615384615384655,0.0479700854700869,21.9487363096484,21.0635970236851,21.5061666666667,0.142805746303929,29.8513106173186,21.5356,21.3674073788965,-0.714171080525161,-0.571438949625755
"14608109","2018-10-30",27.5774329977513,0.0615384615384653,0.0615384615384655,0.0547008547008572,21.8946928713077,21.0466404620258,21.4706666666667,0.169045611338609,29.8513106173186,21.5172,21.3437530617103,-0.717470522462982,-0.600645264193201
"14608108","2018-10-31",27.9858919874206,0.0153846153846177,0.0461538461538496,0.0564102564102591,21.8302335247425,21.0407664752577,21.4355000000001,0.184808462245794,28.6511911695061,21.4956,21.3192526534823,-0.723215472864602,-0.625159305927481
"14608107","2018-11-01",28.3651753349707,0.257142857142854,0.111355311355313,0.0730158730158748,21.7580753026531,21.0515913640136,21.4048333333334,0.266684953021266,36.0361652935587,21.4772,21.308685633018,-0.689610779904892,-0.638049600722963
"14608106","2018-11-02",28.7173670148386,0.257142857142854,0.176556776556776,0.111355311355312,21.7333581483283,21.0393085183385,21.3863333333334,0.289160130615507,36.0361652935587,21.4588,21.2995275486156,-0.655452386058619,-0.641530157790095
"14608105","2018-11-05",29.6882329736715,0,0.17142857142857,0.153113553113552,21.710638460391,21.0173615396091,21.3640000000001,0.196129121925604,31.7486176340578,21.4348,21.2795905421335,-0.654989428888286,-0.644222012009733
"14608104","2018-11-06",30.4280070692743,0,0.085714285714285,0.144566544566542,21.6819083250632,21.0017583416036,21.3418333333334,0.227756125604995,31.7486176340578,21.4048,21.2623118031824,-0.647241976763302,-0.644826004960447
"14608103","2018-11-07",28.7568302808793,0.0285714285714328,0.00952380952381108,0.0888888888888875,21.6450414052055,21.0009585947947,21.3230000000001,0.345257993140426,32.7792425777378,21.3756,21.2486702294247,-0.630103390325742,-0.641881482033506
"14608102","2018-11-08",27.2973785261943,0,0.00952380952381108,0.0349206349206346,21.6032557021855,21.0004109644812,21.3018333333334,0.292373294750212,32.2547164704296,21.3484,21.2355141988348,-0.613296661465446,-0.636164517919894
"14608101","2018-11-09",25.9421733254154,0,0.00952380952381108,0.00952380952381,21.5464970515047,21.0095029484954,21.2780000000001,0.261636116145847,32.2547164704296,21.3324,21.2241123056568,-0.593181006459664,-0.627567815627848
"14608100","2018-11-12",25.58827329487,0.434782608695654,0.144927536231885,0.0546583850931679,21.5163708640132,21.0189624693202,21.2676666666667,0.551600791101348,42.8590837659991,21.3184,21.2275639982359,-0.533091014059373,-0.608672455314153
"14608099","2018-11-13",25.259651837935,0.999999999999992,0.478260869565216,0.210904071773636,21.4928327925974,21.0305005407361,21.2616666666667,0.755948688106637,53.1303782575506,21.3096,21.2478887984711,-0.431097297122562,-0.573157423675835
"14608098","2018-11-14",24.2010524913915,0.695652173913037,0.710144927536228,0.444444444444442,21.4575527529638,21.0467805803696,21.2521666666667,0.640791750736269,48.1150611836966,21.298,21.2561702920083,-0.372557292865117,-0.533037397513691
"14608097","2018-11-15",23.4604115208724,0,0.565217391304344,0.584541062801928,21.4093138769757,21.0666861230244,21.238,0.437736120068058,36.8705408661077,21.278,21.2353475864072,-0.40128289233311,-0.506686496477575
"14608096","2018-11-16",22.772673476819,0.342857142857136,0.346169772256725,0.540510697032431,21.3460673766592,21.1019326233409,21.2240000000001,0.483615605948409,44.8080184619423,21.2652,21.2333012415529,-0.374186855474457,-0.480186568276951
"14608095","2018-11-19",22.5518523117609,0.171428571428568,0.171428571428568,0.360938578329878,21.3368684464088,21.0971315535913,21.2170000000001,0.262239347769269,41.9667610369445,21.2516,21.2235277426792,-0.371245704662526,-0.458398395554066
"14608094","2018-11-20",21.6750216826994,0,0.171428571428568,0.229675638371286,21.3267700490822,21.0915632842513,21.2091666666667,0.220104422248602,39.2841547295192,21.2356,21.2070573769886,-0.387301280139629,-0.444178972471179
"14608093","2018-11-21",20.8608218128567,0.142857142857135,0.104761904761901,0.149206349206345,21.327450594157,21.0885494058431,21.208,0.257221801995186,42.578215533673,21.2216,21.1994497267235,-0.376697171651219,-0.430682612307187
"14608092","2018-11-23",20.1047790765741,0.142857142857135,0.0952380952380902,0.123809523809519,21.3279034226117,21.0840965773884,21.206,0.270309976535966,42.578215533673,21.2076,21.192856429827,-0.364111544757129,-0.417368398797175
"14608091","2018-11-26",21.0661584624148,0,0.0952380952380902,0.0984126984126927,21.3626719159292,21.0239947507376,21.1933333333334,-0.25785052269912,32.3885408333756,21.1836,21.1538089058501,-0.444335609660462,-0.422761840969833
"14608090","2018-11-27",22.4360811528149,0,0.0476190476190452,0.0793650793650741,21.4148614552519,20.9328052114149,21.1738333333334,-0.2754973369037,29.361642180842,21.1652,21.1066343850701,-0.540151639843878,-0.446239800744642
"14608089","2018-11-28",20.9547374516504,0,2.77555756156289e-16,0.0476190476190441,21.4257266619806,20.8946066713528,21.1601666666667,0.0415348616190495,29.361642180842,21.1452,21.0657498003941,-0.609393941790837,-0.478870628953881
"14608088","2018-11-29",21.3207459555133,0,2.77555756156289e-16,0.0158730158730141,21.5333629370839,20.7123037295829,21.1228333333334,-0.331649322113624,20.6378554848093,21.1156,20.9783164936749,-0.805190642147924,-0.544134631592689
"14608087","2018-11-30",21.1737814373066,0,2.77555756156289e-16,-8.58109879449861e-16,21.5603869880933,20.6186130119068,21.0895000000001,-0.0480791354596472,17.6047117806404,21.076,20.8745409611849,-1.03078505163734,-0.641464715601619
"14608086","2018-12-03",20.3698240617408,0,2.77555756156289e-16,-8.58109879449861e-16,21.6577079088448,20.4102920911552,21.034,-0.224698201818855,15.5016832178366,21.0292,20.7606021663602,-1.26655443950759,-0.766482660382814
"14608085","2018-12-04",20.1670344556774,0,2.77555756156289e-16,-8.58109879449861e-16,21.8365738325722,20.0757595007612,20.9561666666667,-0.272085946507365,10.2834329856644,20.954,20.5671885441789,-1.71403253799922,-0.955992635906096
"14608084","2018-12-06",20.5798036054865,0,2.77555756156289e-16,-8.58109879449861e-16,22.0097530173937,19.7105803159397,20.8601666666667,-0.206123554343428,8.91747993175331,20.8668,20.359563404955,-2.16817930576713,-1.1984299698783
"14608083","2018-12-07",20.963089244595,0.277056277056276,0.0923520923520922,0.0307840307840298,22.0318270238889,19.5311729761112,20.7815000000001,0.047518377839736,30.2140269042645,20.8064,20.264954950961,-2.25252860314265,-1.40924969653117
"14608082","2018-12-10",20.5114623849942,0.259740259740259,0.178932178932178,0.0904280904280892,22.0276706659871,19.388329334013,20.708,0.120612415225414,29.7458974881353,20.7412,20.1776276241662,-2.31042127181764,-1.58948401158846
"14608081","2018-12-11",20.0920945867934,0.259740259740259,0.265512265512265,0.178932178932177,22.0165910892709,19.2454089107292,20.631,0.131565182575846,29.7458974881353,20.676,20.1019439409441,-2.33090104658175,-1.73776741858712
"14608080","2018-12-12",19.7026816313212,0.259740259740259,0.259740259740259,0.234728234728233,21.9653810648767,19.1282856017901,20.5468333333334,0.169791395628909,29.7458974881353,20.6144,20.0363514154848,-2.32154719714642,-1.85452337429898
"14608079","2018-12-13",18.3329796663545,0.406926406926406,0.308802308802308,0.278018278018276,21.8625021526677,19.0881645139991,20.4753333333334,0.310645493896882,39.6694580182853,20.5664,20.0248378934202,-2.15283615244743,-1.91418592992867
"14608078","2018-12-14",17.0611135560282,0.406926406926406,0.357864357864357,0.308802308802307,21.7570009467355,19.0576657199312,20.4073333333334,0.330575569572805,39.6694580182853,20.518,20.0148595076308,-1.99617196835256,-1.93058313761345
"14608077","2018-12-17",17.1267848875948,0.190476190476189,0.334776334776334,0.333814333814332,21.6722398153478,18.9714268513189,20.3218333333334,0.198177297901187,31.9680171313237,20.45,19.9395449066134,-2.05069723651407,-1.95460595739357
"14608076","2018-12-18",16.8973811306321,0.190476190476189,0.262626262626262,0.318422318422317,21.5632677462613,18.9120655870722,20.2376666666667,0.235591645635026,31.9680171313237,20.382,19.8742722523983,-2.07121653665886,-1.97792807324663
"14608075","2018-12-19",16.6843633563095,0.255411255411255,0.212121212121212,0.269841269841268,21.4418781243531,18.8774552089803,20.1596666666667,0.281757266591355,36.2726136295171,20.316,19.8377026187452,-2.0041935663621,-1.98318117186972
"14608074","2018-12-20",16.8705370728429,0.190476190476189,0.212121212121212,0.228956228956227,21.3068500495837,18.8474832837497,20.0771666666667,0.262608269151186,33.9586605218678,20.2388,19.7860089362458,-1.98973887517939,-1.98449271253166
"14608073","2018-12-21",17.0434126667667,0.328358208955222,0.258081884947556,0.227441436396659,21.1455851616892,18.8400815049775,19.9928333333334,0.270332179496402,33.9586605218678,20.1644,19.7412077447464,-1.95638698368356,-1.97887156676204
"14608072","2018-12-24",17.2039400039817,0.413793103448272,0.310875834293228,0.260359643787331,20.9510067632244,18.8686599034423,19.9098333333334,0.298384533603918,35.2364071301742,20.1,19.7077133787802,-1.89226990824185,-1.961551235058
"14608071","2018-12-26",17.470459237319,0.468085106382977,0.40341213959549,0.324123286278757,20.7806731763722,18.8903268236279,19.8355000000001,0.296069117471291,34.517207913859,20.0292,19.6733515949428,-1.83703601235119,-1.93664819051664
"14608070","2018-12-27",17.7179413825607,0,0.293959403277083,0.336082459055266,20.6158191631082,18.9201808368919,19.7680000000001,0.312460006899195,34.517207913859,19.9608,19.6435713822838,-1.77317047128065,-1.90395264666944
"14608069","2018-12-28",17.9477462317138,0,0.156028368794326,0.284466637222299,20.3681828134665,19.021150519867,19.6946666666667,0.318366146209516,34.517207913859,19.8948,19.617761864646,-1.70320215748474,-1.8638025488325
"14608068","2018-12-31",18.1611364487845,0,2.03540887847945e-16,0.149995924023802,20.2322705756982,19.0580627576353,19.6451666666667,0.333788649960882,34.517207913859,19.8268,19.5953936160265,-1.62919552807019,-1.81688114468004
"14608067","2019-01-02",17.8575797121578,0,2.03540887847945e-16,0.0520094562647745,19.9978015535885,19.1831984464116,19.5905000000001,0.364351118935693,34.517207913859,19.7588,19.5760078005563,-1.5528249127043,-1.76406989828489
"14608066","2019-01-03",17.3024683876479,0,2.03540887847945e-16,-6.8463753185218e-16,19.8835367877858,19.234129878881,19.5588333333334,0.404271627212039,34.517207913859,19.7008,19.5592067604821,-1.47543771567489,-1.70634346176289
"14608065","2019-01-04",16.1157698092794,0.56,0.186666666666667,0.0622222222222216,19.8989073204491,19.2324260128843,19.5656666666667,0.751569946168828,46.4518229987168,19.658,19.5819791924178,-1.2838955765396,-1.62185388471823
"14608064","2019-01-07",15.9260124762932,0.7,0.42,0.202222222222222,19.9154076890006,19.2772589776662,19.5963333333334,0.897504002062751,48.9564705219025,19.618,19.6110486334288,-1.09067546142817,-1.51561820006022
"14608063","2019-01-08",15.7498092385203,0.899999999999995,0.719999999999999,0.442222222222221,19.9538697243288,19.263796942338,19.6088333333334,0.921936170017669,52.3829714980792,19.5976,19.649575482305,-0.886255096587363,-1.38974557936565
"14608062","2019-01-09",15.1256925149406,0.200000000000001,0.599999999999999,0.579999999999999,19.9626481124171,19.2620185542497,19.6123333333334,0.734550956946681,42.7927842911355,19.5732,19.6416320846643,-0.841789526291059,-1.28015436875073
"14608061","2019-01-10",14.5461555573309,0.485714285714285,0.528571428571427,0.616190476190474,19.9825632075306,19.2617701258028,19.6221666666667,0.75596805057796,49.2484264814405,19.564,19.6614144733757,-0.716217375417549,-1.16736697008409
"14608060","2019-01-11",14.0080140966934,0.485714285714285,0.39047619047619,0.506349206349204,19.9988155027409,19.2635178305926,19.6311666666667,0.716012289103579,49.2484264814405,19.5832,19.678559210259,-0.609669166790694,-1.05582740942541
"14608059","2019-01-14",13.7606869118431,0.714285714285713,0.561904761904761,0.493650793650792,20.0072957832161,19.258704216784,19.6330000000001,0.97244276121386,54.0585145426278,19.6208,19.7147513155578,-0.454498867713049,-0.935561701082941
"14608058","2019-01-15",13.6949500799338,0.128571428571428,0.442857142857142,0.465079365079363,19.9666760861314,19.273657247202,19.6201666666667,0.605576735517953,42.8509238364322,19.6164,19.6914511401501,-0.493620648387383,-0.84717349054383
"14608057","2019-01-16",13.6339087360181,0.785714285714286,0.542857142857142,0.515873015873014,20.0241922955608,19.265474371106,19.6448333333334,0.968114242749519,54.2990001284766,19.632,19.7325909881301,-0.332598466108958,-0.744258485656855
"14608056","2019-01-17",13.5772274880963,0.785714285714286,0.566666666666666,0.517460317460316,20.0737771692828,19.2622228307173,19.6680000000001,0.909091522555102,54.2990001284766,19.6476,19.7682455230461,-0.202807763545465,-0.635968341234577
"14608055","2019-01-18",13.1294320344872,0.885714285714286,0.819047619047619,0.642857142857142,20.1325168553804,19.250816477953,19.6916666666667,0.932875698409305,55.8595221657075,19.666,19.8084794533066,-0.0707578622646032,-0.522926245440583
"14608054","2019-01-22",12.7136219704216,0.899999999999997,0.857142857142856,0.747619047619046,20.1827363365001,19.2592636635,19.721,0.888749998236219,56.0901928358422,19.6712,19.8446821928657,0.0373452546421404,-0.410871945424038
"14608053","2019-01-23",12.3275126252178,0.899999999999997,0.895238095238093,0.857142857142855,20.2228911264378,19.2807755402289,19.7518333333334,0.848329516537519,56.0901928358422,19.6764,19.8760579004836,0.121464353757328,-0.304404685587765
"14608052","2019-01-24",13.4910525938082,0.245901639344265,0.681967213114753,0.811449388498567,20.2196977555842,19.3083022444159,19.764,0.46635196652724,45.3668948273998,19.686,19.8512501804191,0.0294775372796208,-0.237628241014288
"14608051","2019-01-25",14.5714825646421,0.426229508196723,0.524043715846995,0.700416341399946,20.213906573082,19.3490934269181,19.7815000000001,0.521391904230426,48.3653361731568,19.7,19.8444168230299,0.00119347763651856,-0.189863897284126
"14608050","2019-01-28",15.5747389661307,0.426229508196723,0.366120218579237,0.524043715846994,20.2037720895078,19.3942279104923,19.7990000000001,0.501235263035507,48.3653361731568,19.708,19.8384945799593,-0.0209893801203287,-0.156088993851367
"14608049","2019-01-29",16.5063341960844,0.426229508196723,0.426229508196723,0.438797814207651,20.1883271701268,19.4446728298733,19.8165000000001,0.477812272305933,48.3653361731568,19.722,19.833361969298,-0.0381373214067171,-0.132498659362437
"14608048","2019-01-30",16.5318938660344,0.557894736842106,0.470117917745184,0.420822548173714,20.224071974647,19.4849280253531,19.8545000000001,0.98096179416683,55.801842722249,19.7468,19.864913706725,0.0573405327958465,-0.0945308209307802
"14608047","2019-01-31",16.5556278452737,0.999999999999998,0.661374748346276,0.519240724762727,20.3282073303293,19.4817926696708,19.9050000000001,1.19115059933481,64.3927057383166,19.7868,19.9482585458283,0.299440093366643,-0.0157366380712956
"14608046","2019-02-01",16.5776665402815,0.999999999999998,0.852631578947368,0.661374748346275,20.4067010803026,19.5026322530309,19.9546666666667,1.09213780763662,64.3927057383166,19.8284,20.0204907397179,0.484765235398221,0.0843637366226078
"14608045","2019-02-04",16.5981310427889,0.999999999999998,0.999999999999998,0.83800210909788,20.4886132263238,19.4963867736763,19.9925000000001,1.0013976382836,64.3927057383167,19.87,20.0830919744221,0.623700105758784,0.192231010449843
"14608044","2019-02-05",16.6171337951171,0.999999999999998,0.999999999999998,0.950877192982454,20.5606644648178,19.4883355351823,20.0245000000001,0.934101875959042,64.3927057383166,19.9116,20.1373463778325,0.724864632386124,0.298757734837099
"14608043","2019-02-06",19.2629604996971,0,0.666666666666665,0.888888888888886,20.6877228650853,19.2666104682481,19.9771666666667,-0.220445008862066,28.291127389328,19.8712,19.9110335274549,-0.0198142775018173,0.235043332369316
"14608042","2019-02-07",21.7197995825215,0.565853658536586,0.521951219512195,0.729539295392952,20.6889837756274,19.2576828910394,19.9733333333334,0.309031534685262,46.5516320350445,19.8772,19.8695623904609,-0.141819871613935,0.159670691572666
"14608041","2019-02-08",22.1351354768394,0.864077669902911,0.476643776146499,0.555087220775119,20.7247196185159,19.2726137148176,19.9986666666667,0.716696775259434,53.3843021679532,19.908,19.9162874050661,0.0128880550848143,0.130314164275095
"14608040","2019-02-11",22.0215805445033,0.857777777777777,0.762569702072425,0.587054899243705,20.7809480076999,19.2850519923002,20.0330000000001,0.796589242901385,54.8869005757453,19.9336,19.9767824177239,0.193575089916087,0.142966349403294
"14608039","2019-02-12",21.9161366787627,0.862222222222221,0.86135922330097,0.70019090050663,20.8152488298174,19.290084503516,20.0526666666667,0.714621682194138,54.991061046403,19.9568,20.0305447620274,0.336408447752534,0.181654769073142
"14608038","2019-02-13",22.575060257532,0.657777777777777,0.792592592592592,0.805507172655328,20.811471589947,19.3165284100531,20.0640000000001,0.403675268774912,49.3468619672217,19.9576,20.0158054604238,0.261114144845265,0.197546644227566
"14608037","2019-02-14",21.9661160229614,0.635555555555555,0.718518518518518,0.790823444804025,20.8132823870773,19.3193842795895,20.0663333333334,0.486835335978977,48.7610208231486,19.9688,19.9963647323673,0.179190787002104,0.193875472782474
"14608036","2019-02-15",21.4006678051458,0.871111111111109,0.721481481481481,0.744197530864196,20.8464119842344,19.3262546824323,20.0863333333334,0.706338295579525,54.8762912227984,19.9932,20.0501827680516,0.324109386814553,0.21992225558889
"14608035","2019-02-19",21.0811435881556,0.822222222222221,0.776296296296295,0.738765432098763,20.8662001042753,19.3317998957248,20.0990000000001,0.648375023281359,53.4504599307001,20.0132,20.0821583989781,0.389884301038079,0.253914664678728
"14608034","2019-02-20",20.7844425295219,0.871111111111109,0.854814814814813,0.784197530864195,20.8932159083443,19.3367840916558,20.1150000000001,0.683111137246176,54.7175230433806,20.0312,20.1245372791143,0.480402732905949,0.299212278324172
"14608033","2019-02-21",20.5089344036477,0.871111111111109,0.854814814814813,0.828641975308639,20.9187791568708,19.3432208431293,20.131,0.670733128475041,54.7175230433806,20.0656,20.1612656418991,0.545567131968916,0.348483249053121
"14608032","2019-02-22",20.2531054296217,0.871111111111109,0.871111111111109,0.860246913580244,20.9382816520214,19.3903850146454,20.1643333333334,0.652249614719829,54.7175230433806,20.0816,20.1930968896459,0.590184096239765,0.39682341849045
"14608031","2019-02-25",20.3588335899642,0.804444444444443,0.848888888888887,0.858271604938269,20.9439797860265,19.4310202139736,20.1875,0.550122511357249,52.2932522465205,20.0916,20.2006839710264,0.559080652363253,0.42927486526501
"14608030","2019-02-26",20.4570097388537,0.813333333333332,0.829629629629628,0.849876543209874,20.9467871068908,19.4752128931093,20.211,0.540093118952077,52.5948331237631,20.0996,20.2099261082229,0.536215643288807,0.45066302086977
"14608029","2019-02-27",20.5481733056796,0.614678899082566,0.744152225620114,0.807556914712875,20.9458969824695,19.5231030175306,20.2345,0.524950907070706,52.5948331237631,20.1072,20.2179359604598,0.51216941978407,0.46296430065263
"14608028","2019-02-28",20.686171044558,0.463414634146339,0.630475622187412,0.73475249247905,20.9478351296448,19.5251648703553,20.2365,0.509489198155233,52.2120400961212,20.114,20.2222111657319,0.479590758655379,0.46628959225318
"14608027","2019-03-01",20.814311802088,0.463414634146339,0.513836055791748,0.629487967866424,20.9263587227261,19.522641277274,20.2245,0.518166049073887,52.2120400961212,20.1364,20.2259163436343,0.448594672298164,0.462750608262176
"14608026","2019-03-04",20.9332996483658,0.716981132075471,0.547936800122716,0.564082826033958,20.9039200363504,19.5210799636497,20.2125,0.52711810334417,52.2120400961212,20.1544,20.2291274978164,0.419192856469741,0.454039057903689
"14608025","2019-03-05",21.0437883627666,0.716981132075471,0.632458966099093,0.564743940671185,20.8804747544334,19.5205252455667,20.2005,0.536398410144806,52.2120400961212,20.1724,20.2319104981075,0.391376087454476,0.441506463813847
"14608024","2019-03-06",21.1463850261389,0.716981132075471,0.716981132075471,0.632458966099092,20.855971098001,19.521028901999,20.1885,0.546069410483945,52.2120400961212,20.1904,20.2343224316932,0.365118900554129,0.426228951161903
"14608023","2019-03-07",21.0063110817441,0.26666666666666,0.566876310272534,0.638772136149031,20.6082979207922,19.9023687458745,20.2553333333334,0.549107853731448,53.1988441585267,20.1992,20.2417461074674,0.356146240543898,0.412212409038302
"14608022","2019-03-08",20.8762424190918,0.26666666666666,0.416771488469597,0.566876310272533,20.5290961699118,20.040570496755,20.2848333333334,0.510576039194074,53.1988441585267,20.1912,20.2481799598051,0.3450430415183,0.398778535534302
"14608021","2019-03-11",20.7554643752005,0.26666666666666,0.26666666666666,0.416771488469596,20.5275965290817,20.0397368042518,20.2836666666667,0.512981873704562,53.1988441585267,20.1832,20.2537559651644,0.332400145167844,0.38550285746101
"14608020","2019-03-12",19.5795800338054,0.999999999999992,0.511111111111104,0.398183088749119,20.5242207582107,20.0414459084561,20.2828333333334,0.866975758485941,57.8220275092386,20.182,20.2812551698092,0.385585347278194,0.385519355424447
"14608019","2019-03-13",18.4876874310815,0.999999999999992,0.755555555555548,0.511111111111103,20.5370197083066,20.0366469583602,20.2868333333334,0.846075334208712,57.8220275092386,20.1808,20.3050878138346,0.42273330306295,0.392962144952148
"14608018","2019-03-14",18.5117346876225,0,0.666666666666661,0.644444444444436,20.4903704998705,20.1196295001296,20.305,0.441558482385675,50.6534453188793,20.2532,20.29774277199,0.364471692115864,0.387264054384891
"14608017","2019-03-15",18.5340642829821,0,0.33333333333333,0.585185185185179,20.4606666666667,20.17,20.3153333333334,0.286697247706271,50.6534453188793,20.2792,20.291377069058,0.314674121495928,0.372746067807098
"14608016","2019-03-18",17.9592282116635,0.095238095238092,0.0317460317460305,0.34391534391534,20.450348691192,20.1699846421415,20.3101666666667,0.451848319904903,51.3200527028522,20.2812,20.2885267931836,0.279938424601323,0.354184539165943
"14608015","2019-03-19",17.4254518597248,0.095238095238092,0.0634920634920612,0.14285714285714,20.4483550022751,20.1663116643917,20.3073333333334,0.367632635418572,51.3200527028522,20.2772,20.2860565540925,0.249535637465992,0.333254758825953
"14608014","2019-03-20",16.9298023900674,0.095238095238092,0.0952380952380919,0.0634920634920602,20.4360348290516,20.1656318376152,20.3008333333334,0.38597266187927,51.3200527028522,20.2728,20.2839156802135,0.2228736065504,0.311178528370842
"14608013","2019-03-21",16.469556453957,0.095238095238092,0.0952380952380919,0.0846560846560807,20.4221370022079,20.1665296644589,20.2943333333334,0.404801898303565,51.3200527028522,20.2868,20.282060256185,0.199445862902325,0.288831995277139
"14608012","2019-03-22",15.7244636758001,0.238095238095238,0.142857142857141,0.111111111111107,20.4079206250805,20.1710793749196,20.2895000000001,0.558407618283921,52.6116144957643,20.304,20.284452222027,0.190618126000053,0.269189221421722
"14608011","2019-03-25",15.0325918103687,0.238095238095238,0.190476190476189,0.14285714285714,20.4092108592283,20.1734558074384,20.2913333333334,0.536761319008092,52.6116144957643,20.3,20.2865252590901,0.181527119002967,0.251656800937971
"14608010","2019-03-26",14.6895311290001,0.0476190476190545,0.174603174603177,0.169312169312168,20.4091525813214,20.1725140853454,20.2908333333334,0.369702800441598,50.5381686656789,20.2988,20.2829885578781,0.15660396845143,0.232646234440663
"14608009","2019-03-27",14.3709747820149,0.0476190476190545,0.111111111111116,0.15873015873016,20.4090842397627,20.1715824269041,20.2903333333334,0.372281676639469,50.5381686656789,20.2932,20.2799234168277,0.135293096456235,0.213175606843777
"14608008","2019-03-28",13.6878697501743,0,0.0317460317460361,0.105820105820109,20.4090041253404,20.1733292079931,20.2911666666667,0.396043243482096,49.9672088670272,20.2872,20.2759336279173,0.113120653680654,0.193164616211152
"14608007","2019-03-29",13.3956329908237,0,0.015873015873018,0.0529100529100556,20.4098888374009,20.1701111625992,20.2900000000001,0.235866429659266,47.6483283399867,20.2796,20.2671424775283,0.0787160940330933,0.170274911775541
"14608006","2019-04-01",15.792840340371,0,-1.71159382963045e-16,0.015873015873017,20.5026863995473,20.0353136004529,20.2690000000001,-0.439293003038848,28.8828048434687,20.2572,20.1901901471912,-0.154313060998867,0.105357317220659
"14608005","2019-04-02",18.018818593522,0.545454545454543,0.181818181818181,0.0658970658970652,20.5114466940432,20.0065533059569,20.2590000000001,0.086051224017419,45.0249856490569,20.2484,20.1714981275657,-0.193257930816737,0.0456342676131798
"14608004","2019-04-03",20.1877436950457,0.499999999999996,0.348484848484846,0.176767676767675,20.5202599738316,19.9750733595018,20.2476666666667,0.0885201003895944,44.1261362618142,20.2384,20.1512983772236,-0.233498252222353,-0.0101922363539267
"14608003","2019-04-04",22.201745575032,0.499999999999996,0.515151515151511,0.348484848484845,20.5232792937018,19.9450540396317,20.2341666666667,0.12961377912984,44.1261362618142,20.2292,20.1337919269271,-0.262424029063524,-0.0606385948958461
"14608002","2019-04-05",22.8093898868469,0.451612903225803,0.483870967741932,0.449169110459429,20.5222039474883,19.9201293858451,20.2211666666667,0.182486723662607,42.4866639312985,20.218,20.1119530033369,-0.301983050613985,-0.108907486039474
"14608001","2019-04-08",23.3736310335323,0.629032258064512,0.526881720430104,0.508634734441181,20.5159868992823,19.9053464340511,20.2106666666667,0.286017019659449,47.1397862466318,20.2112,20.1076926028919,-0.285929687775954,-0.14431192638677
"14608000","2019-04-09",23.8975692411687,0.629032258064512,0.569892473118276,0.526881720430103,20.4793431825275,19.903990150806,20.1916666666667,0.305916262694226,47.1397862466318,20.2044,20.1040002558397,-0.270097609603559,-0.169469063030128
"14607999","2019-04-10",24.3840832911167,0.629032258064512,0.629032258064512,0.575268817204296,20.4361189604717,19.9092143728617,20.1726666666667,0.324130081905257,47.1397862466318,20.1976,20.1008002217277,-0.25461858669229,-0.18649896776256
"14607998","2019-04-11",23.3791575445915,0.885245901639341,0.714436805922788,0.637787179035191,20.4299743577099,19.9100256422902,20.17,0.615395996221506,53.5414671679352,20.1952,20.1180268588307,-0.180068599894012,-0.185212894188851
"14607997","2019-04-12",22.4460122085323,0.885245901639341,0.799841353781065,0.714436805922787,20.427507517073,19.9101591495938,20.1688333333334,0.618231100186255,53.5414671679352,20.1928,20.1329566109866,-0.11963751127847,-0.172097817606774
"14607996","2019-04-15",22.9230778786882,0.524590163934426,0.765027322404369,0.759768494036073,20.4124322758237,19.9039010575097,20.1581666666667,0.352844170351101,44.3959328593688,20.1816,20.1165623961884,-0.158134805566457,-0.169305215198711
"14607995","2019-04-16",23.3660674295474,0.524590163934426,0.644808743169397,0.736559139784943,20.4018071415208,19.8885261918126,20.1451666666667,0.236661439035374,44.3959328593688,20.1636,20.1023540766966,-0.186536092937295,-0.172751390746428
"14607994","2019-04-17",23.7774148696308,0.561403508771928,0.536861278880259,0.648899114818008,20.3885368417391,19.8757964915943,20.1321666666667,0.26173775550881,44.3959328593688,20.1456,20.0900401998037,-0.206695050464745,-0.179540122690091
"14607993","2019-04-18",24.1593803497083,0.592592592592592,0.559528755099648,0.580399592383101,20.3726129134332,19.8657204199003,20.1191666666667,0.284635464009641,44.3959328593688,20.136,20.0793681731632,-0.220159747145676,-0.187664047581208
"14607992","2019-04-22",22.4539760655742,0.148148148148157,0.434048083170892,0.510146039050266,20.3474846104224,19.8691820562443,20.1083333333334,0.45470091790762,44.3959328593688,20.1264,20.0701190834081,-0.228220786987499,-0.195775395462466
"14607991","2019-04-23",20.8703863731639,0.148148148148157,0.296296296296302,0.42995771152228,20.3195300324674,19.8681366341993,20.0938333333334,0.314278778433559,44.3959328593688,20.116,20.0621032056204,-0.231952044014638,-0.203010725172901
"14607990","2019-04-24",21.563879728898,0.0476190476190462,0.114638447971787,0.281660942479659,20.300082143785,19.8739178562151,20.087,0.585256635511312,43.3459487090593,20.1048,20.052489444871,-0.240202807016354,-0.210449141541591
"14607989","2019-04-25",22.2078378449369,0.785714285714284,0.327160493827162,0.246031746031749,20.3091726595198,19.8688273404803,20.089,0.979169394738197,59.3813921261662,20.106,20.0854908522215,-0.120684447532993,-0.192496202739872
"14607988","2019-04-26",22.8057989526873,0.774999999999998,0.536111111111109,0.325970017636685,20.3166224145467,19.8647109187867,20.0906666666667,0.963217544358469,59.3813921261662,20.1072,20.1140920719253,-0.0257951185427818,-0.159155985900454
"14607987","2019-04-29",21.8083710332379,0.275000000000005,0.611904761904762,0.491725455614343,20.301620649525,19.8670460171417,20.0843333333334,0.536050577965633,49.0033891994992,20.0992,20.112213129002,-0.0305158430015107,-0.133427957320665
"14607986","2019-04-30",20.8821879651776,0.275000000000005,0.441666666666669,0.529894179894179,20.2811275715892,19.9145390950776,20.0978333333334,0.505910351267009,49.0033891994992,20.0912,20.1105847118017,-0.0338675567806312,-0.113515877212658
"14607985","2019-05-01",20.0221608305503,0.275000000000005,0.275000000000004,0.442857142857144,20.2823089116705,19.9183577549963,20.1003333333334,0.499084126187629,49.0033891994992,20.0848,20.1091734168948,-0.036108299820603,-0.0980343617342473
"14607984","2019-05-02",20.0508277517261,0.624999999999994,0.391666666666667,0.369444444444446,20.2992124648708,19.9231208684626,20.1111666666667,0.842558394188208,55.7627229517027,20.084,20.1266169613088,0.0180559082870735,-0.0748163077299831
"14607983","2019-05-03",19.0593302416831,0,0.299999999999999,0.322222222222223,20.3003417322131,19.9199916011204,20.1101666666667,0.210354597880045,43.037525826518,20.072,20.1030680331343,-0.0547044491137183,-0.0707939360067302
"14607982","2019-05-06",18.1386539823575,0.340909090909093,0.321969696969695,0.337878787878786,20.3003559510108,19.9269773823227,20.1136666666667,0.46339729215113,49.4617237877886,20.0676,20.1026589620497,-0.0516070258338774,-0.0669565539721596
"14607981","2019-05-07",17.2837403129837,0.340909090909093,0.227272727272729,0.283080808080807,20.3008374365409,19.9284958967925,20.1146666666667,0.460609641683735,49.4617237877885,20.084,20.1023044337764,-0.0485922607575406,-0.0632836953292358
"14607980","2019-05-08",16.4898919057081,0.340909090909093,0.340909090909093,0.296717171717171,20.3012959268124,19.9300374065211,20.1156666666667,0.457801192941165,49.4617237877886,20.086,20.1019971759396,-0.0456765924065627,-0.0597622747447012
"14607979","2019-05-09",15.7527469560949,0.340909090909093,0.340909090909093,0.303030303030304,20.3017312199688,19.9316021133647,20.1166666666667,0.454970667344599,49.4617237877886,20.0892,20.1017308858143,-0.0428717746848273,-0.0563841747327264
"14607978","2019-05-10",16.2106118327569,0.416666666666663,0.366161616161616,0.3493265993266,20.3041142507503,19.9305524159165,20.1173333333334,0.837293556918033,51.894180747298,20.0944,20.1081667677057,-0.0203472099842728,-0.0491767817830357
"14607977","2019-05-13",16.271665830781,0.312500000000003,0.356691919191919,0.354587542087542,20.292239008318,19.9327609916821,20.1125000000001,0.557954401574379,49.3368839218317,20.0996,20.107077865345,-0.0223050485252618,-0.0438024351314809
"14607976","2019-05-14",16.3283588289463,0.312500000000003,0.347222222222223,0.356691919191918,20.2926778187363,19.9339888479305,20.1133333333334,0.462827590423436,49.3368839218317,20.1004,20.1061341499656,-0.0235850575710739,-0.0397589596193995
"14607975","2019-05-15",16.1450591560479,0.250000000000001,0.291666666666668,0.331860269360269,20.2905987758183,19.9420678908485,20.1163333333334,0.36706104012154,47.7011526012957,20.1,20.1013162633036,-0.0362236138617522,-0.0390518904678701
"14607974","2019-05-16",15.9748523169279,0.250000000000001,0.270833333333334,0.303240740740741,20.2881540798204,19.9505125868463,20.1193333333334,0.353888416086411,47.7011526012957,20.0996,20.0971407615298,-0.0457164140906574,-0.0403847951924275
"14607973","2019-05-17",15.6433100854445,0.208333333333335,0.236111111111112,0.266203703703704,20.2858177128687,19.9568489537981,20.1213333333334,0.283160767195875,46.5089370705427,20.0924,20.0908553266591,-0.0605766354331183,-0.0444231632405657
"14607972","2019-05-20",15.3354494419242,0.208333333333335,0.222222222222223,0.243055555555556,20.2862902874871,19.9527097125131,20.1195000000001,0.291654535023587,46.5089370705427,20.0852,20.0854079497712,-0.071535108733245,-0.0498455523391015
"14607971","2019-05-21",15.5546890839102,0.354166666666669,0.256944444444446,0.238425925925926,20.2840597372059,19.9659402627942,20.1250000000001,0.484282634663254,51.4358934404993,20.0896,20.0900202231351,-0.0515072658780147,-0.0501778950468842
"14607970","2019-05-22",15.0022959533659,0.187499999999999,0.25,0.243055555555556,20.283118805602,19.9622145277315,20.1226666666667,0.356655073888937,46.1986430425924,20.0908,20.0833508600504,-0.0669999303347657,-0.0535423021044605
"14607969","2019-05-23",14.4893594750033,0.0256410256410295,0.189102564102565,0.23201566951567,20.2511863658423,19.9691469674912,20.1101666666667,0.28667283004256,46.9261090003813,20.0924,20.0789040787103,-0.0744081589951429,-0.057715473482597
"14607968","2019-05-24",14.0130613165238,0.0256410256410295,0.0795940170940189,0.172898860398861,20.2107074655945,19.984625867739,20.0976666666667,0.289161669419914,46.9261090003813,20.094,20.075050201549,-0.0793678226321703,-0.0620459433125116
"14607967","2019-05-28",13.5707844550786,0.0256410256410295,0.0256410256410291,0.0981125356125369,20.2100864454498,19.9802468878836,20.0951666666667,0.303486105068226,46.9261090003813,20.0956,20.0717101746758,-0.0823518562042436,-0.066107125890858
"14607966","2019-05-29",13.1600987980222,0.0256410256410295,0.0256410256410291,0.0436253561253582,20.2092208982025,19.976112435131,20.0926666666667,0.316966462287387,46.9261090003813,20.0972,20.068815484719,-0.0837534583170263,-0.0696363923760917
"14607965","2019-05-30",12.7342543099172,0,0.0170940170940193,0.022792022792025,20.2095780281013,19.9674219718988,20.0885000000001,0.203359335876689,39.7050073310851,20.0956,20.0529734200898,-0.123670900773487,-0.0804432940555708
"14607964","2019-05-31",12.3388272852483,0,0.00854700854700942,0.0170940170940184,20.1856981158389,19.9639685508279,20.0748333333334,0.0121684983176525,39.7050073310851,20.0816,20.0392436307445,-0.153573417924269,-0.0950693188293104
"14607963","2019-06-03",12.8131994069471,0.999999999999993,0.333333333333331,0.119658119658119,20.2027499705536,19.9669166961131,20.0848333333334,0.988339344563789,58.3070582545321,20.0776,20.0606778133119,-0.0757712830323887,-0.091209711669926
"14607962","2019-06-04",13.2536878056674,0.999999999999993,0.666666666666662,0.336182336182333,20.2179387586674,19.9617279079994,20.0898333333334,0.929984391290993,58.3070582545321,20.0816,20.0792541048703,-0.0140056436469305,-0.0757688980653269
"14607961","2019-06-05",13.6627127473363,0.999999999999993,0.999999999999992,0.666666666666661,20.2316458571266,19.9580208095402,20.0948333333334,0.884345905443468,58.3070582545321,20.0856,20.0953535575543,0.0345033856931076,-0.05371444131364
"14607960","2019-06-06",14.0425216217431,0.999999999999993,0.999999999999992,0.888888888888881,20.2441397203484,19.9555269463184,20.0998333333334,0.847062485377646,58.3070582545321,20.0896,20.109306416547,0.0720823866256604,-0.0285550757257799
"14607959","2019-06-07",15.2115700682552,0.999999999999995,0.999999999999993,0.999999999999992,20.2784680470393,19.9411986196275,20.1098333333334,1.06384199459158,64.242411006936,20.092,20.1347322276741,0.140298256894456,0.00521559079826714
"14607958","2019-06-10",16.2971150543021,0.999999999999995,0.999999999999994,0.999999999999992,20.2917582013013,19.9335751320321,20.1126666666667,1.02301001751839,64.242411006936,20.106,20.1567679306509,0.192055481820996,0.042583569002813
"14607957","2019-06-11",17.680991343777,0.849999999999991,0.949999999999993,0.983333333333326,20.3201563196411,19.922843680359,20.1215000000001,0.974437461492618,63.1989807234709,20.1136,20.1745322065641,0.226394554078957,0.0793457660180418
"14607956","2019-06-12",18.9660193268609,0.999999999999996,0.949999999999993,0.966666666666659,20.3557866843013,19.9122133156988,20.1340000000001,0.986954391965619,66.6943673981796,20.1236,20.1979279123556,0.274361079215679,0.118348828657569
"14607955","2019-06-13",20.8449157723505,0.999999999999996,0.949999999999994,0.949999999999993,20.4116451881117,19.8943548118884,20.1530000000001,1.07414561269876,71.5452769283441,20.1376,20.2315375240415,0.348152885224584,0.164309639970972
"14607954","2019-06-14",19.6156514752577,0.499999999999998,0.83333333333333,0.911111111111105,20.4253186832417,19.9020146500917,20.1636666666667,0.728675223361591,51.392665763271,20.1416,20.227332520836,0.303369884630511,0.19212168890288
"14607953","2019-06-17",18.4741917708143,0.499999999999998,0.666666666666664,0.816666666666662,20.4279092961184,19.914424037215,20.1711666666667,0.556152212421554,51.392665763271,20.1436,20.2236881847245,0.26482853413663,0.20666305794963
"14607952","2019-06-18",18.743469694704,0.859999999999996,0.619999999999997,0.706666666666663,20.453399197189,19.9219341361444,20.1876666666667,0.861892713991881,60.6484645058824,20.1548,20.2445297600946,0.302562494926462,0.225842945344996
"14607951","2019-06-19",18.9935134811731,0.859999999999996,0.739999999999997,0.675555555555552,20.4771091461167,19.9242241872168,20.2006666666667,0.824359218760626,60.6484645058824,20.166,20.2625924587486,0.328607462276498,0.246395848731297
"14607950","2019-06-20",19.2256969971801,0.719999999999994,0.813333333333328,0.72444444444444,20.4966486146523,19.9350180520145,20.2158333333334,0.792303655797444,60.6484645058824,20.1784,20.2782467975821,0.345212443788578,0.266159167742753
"14607949","2019-06-21",19.4412959763295,0.719999999999994,0.766666666666661,0.773333333333328,20.5110055820813,19.9536610845855,20.2323333333334,0.764946845855813,60.6484645058823,20.1908,20.2918138912379,0.354243890366868,0.283776112267576
"14607948","2019-06-24",19.6414950283967,0.719999999999994,0.719999999999993,0.76666666666666,20.5213791500729,19.9762875165938,20.2488333333334,0.740632324201048,60.6484645058823,20.204,20.3035720390728,0.357247942148353,0.298470478243731
"14607947","2019-06-25",19.8273941481735,0.719999999999994,0.719999999999994,0.735555555555549,20.5274901990116,20.0031764676552,20.2653333333334,0.718698576461029,60.6484645058823,20.2172,20.3137624338631,0.355502698436716,0.309876922282328
"14607946","2019-06-26",19.0119676282772,0,0.479999999999996,0.639999999999993,20.5180802673032,20.0265863993636,20.2723333333334,0.332483498362793,45.5986883593538,20.2196,20.2959274426814,0.271527161376195,0.302206970101102
"14607945","2019-06-27",18.254785859802,0,0.239999999999998,0.479999999999995,20.501309369769,20.0596906302311,20.2805,0.272428135397531,45.5986883593538,20.2252,20.2804704503238,0.202615243300164,0.282288624740914
"14607944","2019-06-28",17.5516885033608,0,-2.22044604925031e-16,0.239999999999997,20.4661622221658,20.1161711111676,20.2911666666667,0.182372885557998,45.5986883593538,20.2304,20.2670743902807,0.146295903507121,0.255090080494155
"14607943","2019-07-01",18.337413053061,0,-2.22044604925031e-16,0.0799999999999983,20.4833834942461,20.084616505754,20.2840000000001,-0.0700906541762336,35.6535725769764,20.2284,20.2314644715766,0.0295461550209319,0.209981295399511
"14607942","2019-07-02",19.3820094595404,0,-2.22044604925031e-16,-1.02695629777827e-15,20.5017979491616,20.0488687175052,20.2753333333334,-0.0490188075459494,33.4698689865484,20.2244,20.1939358753664,-0.0821678943744075,0.151551457444727
"14607941","2019-07-03",20.3519918369857,0,-2.22044604925031e-16,-1.02695629777827e-15,20.5222744650304,20.007058868303,20.2646666666667,-0.0395799385071315,33.4698689865484,20.2204,20.1614110919842,-0.168935498998735,0.0874540661560348
"14607940","2019-07-05",21.2526897588991,0,-2.22044604925031e-16,-1.02695629777827e-15,20.5432052284492,19.9611281048842,20.2521666666667,-0.0191179217214884,33.4698689865484,20.2204,20.1332229463863,-0.235132077654854,0.0229368373938571
"14607939","2019-07-08",22.0890521149615,0,-2.22044604925031e-16,-1.02695629777827e-15,20.5529146482436,19.9164186850898,20.2346666666667,0.052759666760172,33.4698689865484,20.2204,20.1087932202015,-0.284427917951691,-0.0385361136752525
"14607938","2019-07-09",22.7105583905284,0.0232558139534919,0.00775193798449709,0.00258397932816474,20.5558388778912,19.8794944554423,20.2176666666667,0.11903039617929,34.5482705042092,20.2108,20.0889541241746,-0.315923847401078,-0.0940136604204176
"14607937","2019-07-10",23.7624169904713,0.492063492063495,0.171773102005662,0.0598416799967189,20.5626453557254,19.8783546442747,20.2205000000001,0.713603172190854,57.0437213209888,20.2132,20.1117602409513,-0.217891734917242,-0.118789275319782
"14607936","2019-07-11",24.7391428332755,0.714285714285712,0.4098683401009,0.196464460030352,20.5695955055168,19.8764044944833,20.223,0.755340876010541,63.3706662944468,20.2212,20.1501922088245,-0.0831987551277891,-0.111671171281384
"14607935","2019-07-12",25.6461025444507,0.714285714285712,0.64021164021164,0.407284360772733,20.5611808542382,19.8798191457619,20.2205,0.76344304026323,63.3706662944468,20.2292,20.1834999143145,0.0230979075826365,-0.0847173555085797
"14607934","2019-07-15",26.9513219570943,0.555555555555557,0.66137566137566,0.570485213896066,20.5707650863972,19.8789015802696,20.2248333333334,0.709819806046915,56.4794031221484,20.2292,20.1990332590726,0.0665019227582553,-0.0544734998552127
"14607933","2019-07-16",28.3195155542995,0.793650793650793,0.687830687830687,0.663139329805995,20.6024654194159,19.8755345805842,20.239,0.836116340484328,62.9821607830459,20.2352,20.2324954911963,0.158872586465097,-0.0118042825911507
"14607932","2019-07-17",26.9046761452773,0.269841269841272,0.539682539682541,0.629629629629629,20.5868916079921,19.866108392008,20.2265,0.366117859211955,46.5154371293614,20.2284,20.2174960923701,0.0992529712709134,0.0104071681812621
"14607931","2019-07-18",26.5305570523145,0.253968253968254,0.43915343915344,0.555555555555555,20.5706595977931,19.863340402207,20.217,0.461827700748772,46.1219162974129,20.2188,20.2031632800541,0.0474381477895358,0.0178133641029169
"14607930","2019-07-19",26.2261495613039,0.507936507936508,0.343915343915345,0.440917107583774,20.5609584905002,19.8650415094999,20.213,0.625014911800129,52.976626099504,20.2116,20.2120748427135,0.0694557068769752,0.0281418326577285
"14607929","2019-07-22",25.9434854625083,0.507936507936508,0.423280423280423,0.402116402116402,20.5481260575927,19.8668739424074,20.2075,0.591742834417408,52.976626099504,20.2144,20.2197981970184,0.0859028742153045,0.0396940409692437
"14607928","2019-07-23",26.2574028257493,0.714285714285712,0.576719576719576,0.447971781305114,20.5512566354006,19.8657433645995,20.2085,0.77935272467615,58.0105832173416,20.2224,20.2438251040826,0.149040171288872,0.0615632670331694
"14607927","2019-07-24",26.5488975201873,0.714285714285712,0.645502645502644,0.548500881834214,20.5543624524519,19.8646375475482,20.2095,0.776197073130984,58.0105832173416,20.2232,20.2646484235383,0.196726767083288,0.0885959670431932
"14607926","2019-07-25",27.3542747928606,0.873015873015873,0.767195767195766,0.663139329805995,20.59413275914,19.8568672408601,20.2255,0.885885400776289,61.6711438021231,20.228,20.2960286337332,0.271083647613524,0.125093503157259
"14607925","2019-07-26",26.6142866218603,0.548387096774194,0.71189622802526,0.708198213574556,20.6014726470193,19.8621940196474,20.2318333333334,0.601224802885646,51.9218606693367,20.2248,20.2965581492354,0.247586221025786,0.149592046730965
"14607924","2019-07-29",25.9271547487886,0.404255319148938,0.608552762979668,0.695881586066897,20.6083766671319,19.8679566662015,20.2381666666667,0.592515058904245,51.9218606693367,20.2216,20.2970170626707,0.226355535169032,0.164944744418578
"14607923","2019-07-30",26.21067535021,0.772727272727267,0.575123229550133,0.631857406851686,20.6334385523921,19.8848947809413,20.2591666666667,0.790564170453796,57.7337228418947,20.2244,20.3174147876479,0.26604859806183,0.185165515147228
"14607922","2019-07-31",26.4739444801013,0.931818181818176,0.70293359123146,0.628869861253753,20.6591775875799,19.9088224124202,20.284,0.818960062189699,60.1544137558874,20.23,20.3444261492949,0.321492067691298,0.212430825656042
"14607921","2019-08-01",24.9725778719323,0.318181818181817,0.67424242424242,0.650766415008004,20.647899739484,19.9484335938494,20.2981666666667,0.459731193793294,48.5938920041013,20.2328,20.3318359960556,0.255353652874368,0.221015391099708
"14607920","2019-08-02",23.7271537114106,0.477272727272726,0.575757575757573,0.650977863743817,20.6281476962616,20.0058523037385,20.317,0.515533887576173,51.2117388528589,20.2384,20.3302578632482,0.228083202497942,0.222428953379354
"14607919","2019-08-05",22.5706884194977,0.499999999999998,0.43181818181818,0.560606060606057,20.597510615496,20.0741560511708,20.3358333333334,0.482484787003764,51.2117388528588,20.244,20.3288901481484,0.204119463077768,0.218767055319037
"14607918","2019-08-06",21.4968277912928,0.499999999999998,0.49242424242424,0.499999999999997,20.5513904538279,20.1569428795055,20.3541666666667,0.430282243344308,51.2117388528589,20.2568,20.327704795062,0.183019261678896,0.211617496591009
"14607917","2019-08-07",20.499671493674,0.249999999999998,0.416666666666665,0.446969696969694,20.5496539377052,20.1546793956282,20.3521666666667,0.435438876981908,51.2117388528589,20.2716,20.3266774890537,0.164402812889697,0.202174559850747
"14607916","2019-08-08",19.5737406458851,0.249999999999998,0.333333333333332,0.414141414141411,20.5450194364151,20.151980563585,20.3485,0.444449939070495,51.2117388528589,20.2864,20.3257871571799,0.147944308051007,0.191328509490799
"14607915","2019-08-09",18.7139477157954,0.249999999999998,0.249999999999998,0.333333333333331,20.5401049390522,20.1495617276146,20.3448333333334,0.453483593787648,51.2117388528589,20.3012,20.3250155362225,0.133363930074082,0.179735593607455
"14607914","2019-08-12",17.9155685664264,0.249999999999998,0.249999999999998,0.277777777777775,20.5377347459507,20.1475985873827,20.3426666666667,0.45898867703325,51.2117388528589,20.316,20.3243467980595,0.120421075504606,0.167872689986886
"14607913","2019-08-13",18.3665323888685,0,0.166666666666666,0.22222222222222,20.5485179041309,20.0908154292025,20.3196666666667,-0.147436598152005,36.1784713707544,20.3168,20.2784338916516,-0.0247077217466862,0.129356607640171
"14607912","2019-08-14",18.7852845097076,0,0.0833333333333327,0.166666666666665,20.564587426429,20.0640792402378,20.3143333333334,-0.0814090718765001,36.1784713707544,20.3056,20.2386427060981,-0.138392854385772,0.0758067152349826
"14607911","2019-08-15",19.1741257647725,0,-9.25185853854297e-17,0.0833333333333319,20.5880592519873,20.0202740813461,20.3041666666667,-0.0591903706141459,36.1784713707544,20.2888,20.2041570119517,-0.226092501237296,0.0154268719405269
"14607910","2019-08-16",19.5351926444756,0.0181818181818145,0.00606060606060474,0.0297979797979783,20.603897798801,19.9734355345324,20.2886666666667,0.0262735240574606,36.859347426647,20.2724,20.1756027436914,-0.288434177253716,-0.0453453378983216
"14607909","2019-08-19",19.2890655366174,0.0181818181818145,0.0121212121212096,0.00606060606060394,20.6135364640739,19.9377968692595,20.2756666666667,0.106850525401492,36.859347426647,20.26,20.1508557111992,-0.334109408474681,-0.103098152013594
"14607908","2019-08-20",19.0605189364633,0.166666666666663,0.0676767676767637,0.0286195286195252,20.6053389261296,19.9099944072039,20.2576666666667,0.186965725992912,40.5379279701951,20.2436,20.136074949706,-0.346357936890007,-0.151750108988876
"14607907","2019-08-21",17.9469828089891,0.611111111111106,0.265319865319861,0.115039281705944,20.5898498534736,19.9054834798598,20.2476666666667,0.430349198171434,50.4801829440367,20.2468,20.1445982897452,-0.288620080255975,-0.179124103242296
"14607906","2019-08-22",16.9129849763345,0.611111111111106,0.462962962962958,0.26531986531986,20.5528206858213,19.9115126475121,20.2321666666667,0.449842096550796,50.4801829440368,20.2504,20.1519851844458,-0.240096772353326,-0.191318637064502
"14607905","2019-08-23",16.2614020191754,0.333333333333335,0.518518518518516,0.415600448933777,20.5452374233715,19.8997625766286,20.2225,0.33087386407453,45.0234464934206,20.2436,20.1450538265197,-0.238941611169075,-0.200843231885417
"14607904","2019-08-26",15.8848015835869,0.333333333333335,0.425925925925925,0.469135802469132,20.5368447557677,19.894821910899,20.2158333333334,0.43380297860159,45.0234464934206,20.2368,20.1390466496504,-0.235323466061088,-0.207739278720551
"14607903","2019-08-27",15.5351011791119,0.833333333333332,0.500000000000001,0.48148148148148,20.5071773431271,19.9061559902063,20.2066666666667,0.644198981026969,55.1453349750565,20.232,20.157840429697,-0.158526428916084,-0.197896708759657
"14607902","2019-08-28",15.2103793749566,0.944444444444441,0.703703703703703,0.543209876543209,20.465584662431,19.9274153375691,20.1965,0.729481678524995,57.0382794421148,20.2288,20.1794617057374,-0.0807724772602825,-0.174471862459782
"14607901","2019-08-29",14.9088519853838,0.944444444444441,0.907407407407405,0.703703703703702,20.4716748165042,19.9263251834959,20.199,0.721876008850498,57.0382794421148,20.2216,20.1982001449725,-0.0189864239653725,-0.1433747747609
"14607900","2019-08-30",14.8858467282102,0.305555555555553,0.731481481481479,0.780864197530862,20.4577699007269,19.9248967659399,20.1913333333334,0.466220852910433,44.5114940115836,20.2132,20.1837734589761,-0.061227009049547,-0.12694522161863
"14607899","2019-09-03",14.864484703692,0.999999999999995,0.749999999999997,0.796296296296293,20.4598507046846,19.9241492953155,20.192,0.776273307128804,55.8592457899779,20.2148,20.204603664446,0.00512789295836757,-0.10053059870323
"14607898","2019-09-04",16.342316362508,0.222222222222217,0.509259259259255,0.663580246913576,20.4449196791692,19.9124136541642,20.1786666666667,0.277154321088494,44.8069013132387,20.1992,20.1853231758532,-0.0535366290370876,-0.0911318047700018
"14607897","2019-09-05",16.9562680158812,0.399999999999998,0.540740740740737,0.599999999999996,20.4270458373391,19.9112874959944,20.1691666666667,0.436985992479905,47.5983460337138,20.1836,20.1779467524061,-0.0712583699255309,-0.0871571178011076
"14607896","2019-09-06",17.5263659797277,0.399999999999998,0.340740740740738,0.463580246913576,20.407245504161,19.9114211625058,20.1593333333334,0.440839263285335,47.5983460337138,20.1788,20.1715538520853,-0.0843395728947205,-0.0865936088198302
"14607895","2019-09-09",16.8226827553699,0.999999999999996,0.599999999999998,0.493827160493824,20.4430265687696,19.8909734312305,20.1670000000001,1.066974406477,59.4816113059049,20.1852,20.2126800051406,0.0446498164586417,-0.0603449237641358
"14607894","2019-09-10",16.7489834607212,0.796296296296289,0.732098765432095,0.557613168724276,20.487747485911,19.8662525140891,20.177,1.06262187551016,59.7623742469748,20.192,20.2496560044552,0.148923542198598,-0.0184912305715891
"14607893","2019-09-11",16.6805484014045,0.999999999999997,0.932098765432094,0.754732510288062,20.5583977482517,19.8532689184151,20.2058333333334,1.05899950475431,62.8147350347547,20.2032,20.2963685371945,0.271967018848818,0.0396004193124923
"14607892","2019-09-12",15.7619738902989,0.555555555555552,0.783950617283946,0.816049382716045,20.582293167132,19.8707068328681,20.2265000000001,0.795349498081673,53.3123135782994,20.2048,20.3048527322352,0.270810341308847,0.0858424037117632
"14607891","2019-09-13",14.9090118442722,0.981481481481475,0.845679012345675,0.853909465020572,20.6279766599488,19.8853566733847,20.2566666666667,0.948861247157555,59.6171145462413,20.2156,20.3428723679372,0.357015585070686,0.140077039983548
"14607890","2019-09-16",14.8723548430476,0.683544303797468,0.740193780278166,0.789941136635929,20.6853519454149,19.8973147212518,20.2913333333334,0.997438430546553,59.8708527181479,20.2268,20.3771560522122,0.424188316323515,0.196899295251541
"14607889","2019-09-17",13.9397957066332,0.468354430379745,0.711126738552897,0.765666510392245,20.6885017353379,19.9361649313288,20.3123333333334,0.656401582429015,53.6942477477437,20.2312,20.3842019119173,0.405358147276669,0.238591065656567
"14607888","2019-09-18",13.0738479371056,0.468354430379745,0.540084388185653,0.663801635672238,20.6894891268929,19.9741775397739,20.3318333333334,0.637236231642766,53.6942477477437,20.2492,20.3903083236616,0.385974866886007,0.268067825902455
"14607887","2019-09-19",12.2697535796871,0.468354430379745,0.468354430379746,0.573188519039431,20.6980726742585,19.9885939924082,20.3433333333334,0.622155420428695,53.6942477477437,20.2672,20.3956005471734,0.366381292630336,0.287730519248031
"14607886","2019-09-20",11.4648108828217,0.455696202531647,0.464135021097046,0.490857946554148,20.7042228397017,20.0044438269651,20.3543333333334,0.593839148461757,53.2903346289337,20.2848,20.3988538075503,0.342939058563196,0.298772227111064
"14607885","2019-09-23",10.7173640928754,0.455696202531647,0.459915611814347,0.464135021097046,20.7024255049332,20.0369078284003,20.3696666666667,0.575630347785047,53.2903346289337,20.302,20.4016732998769,0.320661475943251,0.303150076877502
"14607884","2019-09-24",10.0233063593538,0.402777777777779,0.438056727613691,0.454035786841694,20.7028073149624,20.0611926850377,20.3820000000001,0.559225582191619,53.2903346289337,20.3192,20.4041168598933,0.299550804838322,0.302430222469666
"14607883","2019-09-25",9.77944859095947,0.416666666666665,0.425046882325364,0.441006407251133,20.7089568516431,20.0703764816904,20.3896666666667,0.589260495126353,53.7251047508992,20.3348,20.4075679452409,0.28350353669091,0.298644885313915
"14607882","2019-09-26",9.55300923459334,0.142857142857142,0.320767195767196,0.394623601902083,20.7132545301398,20.0770788031936,20.3951666666667,0.554754263417891,53.7251047508992,20.344,20.4105588858754,0.267696397394612,0.292455187730054
"14607881","2019-09-27",10.0599150394151,0.367346938775507,0.308956916099772,0.351590331397443,20.7282865546312,20.0840467787023,20.4061666666667,0.707738389236079,58.6367767908778,20.3576,20.427817701092,0.295219972653737,0.293008144714791
"14607880","2019-09-30",10.5306132867495,0.367346938775507,0.292517006802719,0.307413706223228,20.7329749224456,20.1160250775545,20.4245000000001,0.68721132837036,58.6367767908778,20.3752,20.4427753409464,0.313368279720794,0.297080171715991
"14607879","2019-10-01",10.9676902307029,0.367346938775507,0.367346938775507,0.322940287225999,20.7443334678143,20.1246665321858,20.4345000000001,0.670252750201934,58.6367767908777,20.3928,20.4557386288203,0.323975257189768,0.302459188810747
"14607878","2019-10-02",10.9856474385353,0.186046511627902,0.306913463059639,0.322259136212621,20.7159628888042,20.1980371111959,20.4570000000001,0.602331265002285,55.9401022892514,20.4016,20.4616401449776,0.312973466331257,0.304562044314849
"14607877","2019-10-03",11.0023219886654,0.186046511627902,0.246479987343771,0.306913463059638,20.6886819536552,20.2616513796782,20.4751666666667,0.55815352540686,55.9401022892514,20.4088,20.4667547923139,0.300778259598178,0.303805287371515
"14607876","2019-10-04",11.0178054995005,0.666666666666657,0.346253229974154,0.299882226792521,20.6368976378675,20.350435695466,20.4936666666667,0.52210881236154,55.9401022892514,20.416,20.471187486672,0.287788821195201,0.300601994136252
"14607875","2019-10-07",11.0321830452759,0.666666666666657,0.506459948320406,0.366397721879443,20.6377812283919,20.3515521049416,20.4946666666667,0.518633091101935,55.9401022892514,20.4324,20.4750291551158,0.274326580146722,0.295346911338346
"14607874","2019-10-08",11.045533623496,0.666666666666657,0.666666666666657,0.506459948320405,20.6357255927984,20.3509410738684,20.4933333333334,0.523409512187172,55.9401022892514,20.4388,20.4783586011003,0.260648461702306,0.288407221411138
"14607873","2019-10-09",11.057930588986,0.666666666666657,0.666666666666657,0.613264427217906,20.6221574301504,20.3545092365164,20.4883333333334,0.543589558771925,55.9401022892514,20.4564,20.4812441209536,0.246957987839913,0.280117374696893
"14607872","2019-10-10",13.2567046038114,0.999999999999995,0.77777777777777,0.703703703703694,20.6912757704373,20.3207242295628,20.5060000000001,1.26642509522354,71.0155360941256,20.4828,20.5224115714931,0.346219931741287,0.293337886105772
"14607871","2019-10-11",15.2984233318636,0.999999999999995,0.888888888888883,0.777777777777769,20.7365609011387,20.2954390988614,20.5160000000001,1.12114363557947,71.0155360941256,20.5092,20.5580900286274,0.419794449129962,0.31862919871061
"14607870","2019-10-14",17.1943050079121,0.999999999999995,0.999999999999995,0.888888888888882,20.7620581647165,20.2806085019502,20.5213333333334,1.05803687788025,71.0155360941256,20.5216,20.5890113581437,0.472458029175638,0.349394964803615
"14607869","2019-10-15",18.9547665642428,0.999999999999995,0.999999999999995,0.962962962962957,20.8028109309474,20.2758557357194,20.5393333333334,0.975688766211228,71.0155360941256,20.5336,20.6158098437246,0.508179816452015,0.381151935133295
"14607868","2019-10-16",18.504727986879,0,0.666666666666664,0.888888888888884,20.8027048209623,20.2762951790378,20.5395000000001,0.298319296966928,43.8661043656927,20.5256,20.5870351978946,0.379394069081318,0.3808003619229
"14607867","2019-10-17",18.086835022184,0.256410256410258,0.418803418803418,0.695156695156692,20.8021173050528,20.2838826949474,20.5430000000001,0.417025997180479,49.2261394909513,20.5312,20.575430504842,0.312879229775653,0.367216135493451
"14607866","2019-10-18",17.6987915549672,0.256410256410258,0.170940170940173,0.418803418803417,20.8008144554154,20.2931855445847,20.5470000000001,0.407412680804264,49.2261394909513,20.5276,20.5653731041964,0.257196404514071,0.345212189297575
"14607865","2019-10-21",17.8975478086488,0.051282051282059,0.188034188034192,0.25925925925926,20.8008144554154,20.2931855445847,20.5470000000001,0.249817243875559,45.2199466356778,20.5204,20.5459900236369,0.179582344006168,0.312086220239293
"14607864","2019-10-22",18.0821071870675,0.051282051282059,0.119658119658126,0.159544159544163,20.8008144554154,20.2931855445847,20.5470000000001,0.249817243875559,45.2199466356778,20.52,20.5291913538186,0.1166940014385,0.273007776479135
"14607863","2019-10-23",18.2534837527419,0.051282051282059,0.0512820512820594,0.119658119658125,20.8018445562496,20.2894887770839,20.5456666666667,0.254727726753923,45.2199466356778,20.5196,20.5146325066428,0.0660665869634203,0.231619538575992
"14607862","2019-10-24",18.4126191351539,0.051282051282059,0.0512820512820594,0.0740740740740807,20.802282939543,20.2880503937905,20.5451666666667,0.256595206389436,45.2199466356778,20.5192,20.5020148390904,0.0256277794878246,0.190421186758358
"14607861","2019-10-25",18.5603877045365,0.051282051282059,0.0512820512820594,0.0512820512820586,20.8020217175556,20.2763116157779,20.5391666666667,0.273322471332084,45.2199466356778,20.5192,20.4910795272117,-0.00636331746441954,0.151064285913803
"14607860","2019-10-28",18.697601376106,0.051282051282059,0.0512820512820594,0.0512820512820586,20.8011009455072,20.2652323878262,20.5331666666667,0.288816371021167,45.2199466356778,20.5192,20.4816022569168,-0.0313678474039292,0.114577859250256
"14607859","2019-10-29",18.8250140711349,0.051282051282059,0.0512820512820594,0.0512820512820586,20.7995575214651,20.2547758118684,20.5271666666667,0.303285123602885,45.2199466356778,20.5192,20.4733886226612,-0.0506109259964971,0.0815401022009057
"14607858","2019-10-30",20.7191740807797,0.999999999999997,0.367521367521372,0.156695156695163,20.9122909263459,20.1970424069875,20.5546666666667,1.20651433684413,73.8364169272579,20.5444,20.5516034729731,0.183829203642705,0.101997922489266
"14607857","2019-10-31",19.6911523861825,0.0909090909090941,0.380730380730384,0.266511266511271,20.9119453047029,20.1943880286305,20.5531666666667,0.38409752163347,48.3408814267767,20.5456,20.5393896765767,0.132110258148677,0.108020389621148
"14607856","2019-11-01",18.7365608126279,0.0909090909090941,0.393939393939396,0.380730380730383,20.9115508752244,20.190782458109,20.5511666666667,0.373514620643927,48.3408814267767,20.5424,20.5288043863665,0.0900709732754024,0.104430506351999
"14607855","2019-11-04",17.8501543514701,0.0909090909090941,0.0909090909090945,0.28852628852629,20.9111051206122,20.1872282127212,20.5491666666667,0.376820678081146,48.3408814267767,20.5392,20.5196304681843,0.0560973539930121,0.0947638758802014
"14607854","2019-11-05",17.3089426072711,0.296874999999997,0.159564393939395,0.214804292929294,20.9197669586352,20.1928997080316,20.5563333333334,0.619691731781423,53.3685485633164,20.542,20.531679739093,0.0871425133177839,0.0932396033677179
"14607853","2019-11-06",16.452250783372,0.187499999999996,0.191761363636363,0.147411616161617,20.925019695045,20.1986469716218,20.5618333333334,0.566311227161187,50.8799345984993,20.5436,20.532789107214,0.0832627022119947,0.0912442231365732
"14607852","2019-11-07",15.6567512326085,0.515624999999998,0.333333333333331,0.228219696969696,20.9183827255608,20.201283941106,20.5598333333334,0.765188940197647,57.3111433076287,20.5536,20.5617505595854,0.160793906181933,0.105154159745645
"14607851","2019-11-08",15.456976002892,0.0781249999999957,0.260416666666664,0.261837121212118,20.8890775718431,20.2032557614903,20.5461666666667,0.456985911566619,48.2417165136884,20.5524,20.5495171516407,0.11101217233469,0.106325762263454
"14607850","2019-11-11",14.735613352549,0.0624999999999988,0.218749999999998,0.27083333333333,20.8627190336608,20.2112809663393,20.5370000000001,0.606942885534856,47.9498697704524,20.5508,20.5375815314219,0.0668461023429989,0.0984298302793631
"14607849","2019-11-12",14.0657766058019,0.203124999999999,0.114583333333331,0.197916666666664,20.8353512481201,20.2213154185466,20.5283333333334,0.643856969054459,50.8328039903223,20.5528,20.5392373272324,0.0664332237131804,0.0920305089661266
"14607848","2019-11-13",13.6958612354087,0.59375,0.286458333333333,0.20659722222222,20.8727336248337,20.2209330418331,20.5468333333334,0.893525269368602,57.8213630021707,20.5648,20.5740056836014,0.162354788949237,0.106095364962749
"14607847","2019-11-14",13.1005248091056,0.515624999999998,0.437499999999999,0.279513888888887,20.9012179197451,20.2204487469217,20.5608333333334,0.821939763749364,56.1037751501588,20.5632,20.5974715924545,0.216137399450478,0.128103771860295
"14607846","2019-11-15",14.9491093118893,0.487603305785124,0.532326101928374,0.418761478420568,21.0393955779532,20.1539377553803,20.5966666666667,1.20020274731821,62.364397840605,20.572,20.6524753801273,0.356199980402083,0.173723013568652
"14607845","2019-11-18",16.6656520644741,0.880341880341878,0.627856728709001,0.53256094354579,21.2314811732426,20.0688521600908,20.6501666666667,1.22235710947604,70.6787052157483,20.6,20.7641453294436,0.645991763259013,0.268176763506724
"14607844","2019-11-19",15.7149718650126,0.16239316239316,0.510112782840055,0.556765204492476,21.2333328474245,20.0900004859089,20.6616666666667,0.489795909693963,49.9022967968401,20.5944,20.7489259521845,0.542272955630763,0.322996001931532
"14607843","2019-11-20",15.1270021015085,0.205128205128204,0.415954415954414,0.517974642501156,21.2426495654297,20.1170171012371,20.6798333333334,0.591948307544755,50.828844334613,20.6064,20.7424024918932,0.474049837651047,0.353206769075435
"14607842","2019-11-21",14.5810301782546,0.205128205128204,0.19088319088319,0.372316796559219,21.2438849470732,20.1437817195936,20.6938333333334,0.505605534564922,50.828844334613,20.6144,20.7367488263074,0.41520212897832,0.365605841056012
"14607841","2019-11-22",14.074056249519,0.205128205128204,0.205128205128204,0.270655270655269,21.2433549897063,20.1723116769604,20.7078333333334,0.492686259052123,50.828844334613,20.6224,20.7318489827998,0.364369192598923,0.365358511364594
"14607840","2019-11-25",13.6032947442644,0.205128205128204,0.205128205128204,0.200379867046532,21.2409114691772,20.2027551974895,20.7218333333334,0.478969126393769,50.828844334613,20.6336,20.7276024517598,0.320393942838026,0.356365597659281
"14607839","2019-11-26",16.2135465855125,0.456310679611649,0.288855696622686,0.233037368959697,21.4633225120741,20.115677487926,20.7895,1.23003893139829,63.5301992239511,20.6728,20.8172554581918,0.551021729695034,0.395296824066431
"14607838","2019-11-27",18.8390112673802,0.701754385964912,0.454397756901588,0.316127219550825,21.7849945732819,19.9166720933848,20.8508333333334,1.26851472311801,71.1080640983007,20.7384,20.9829547304329,0.975472740743899,0.511332007401925
"14607837","2019-11-29",21.2769427576859,0.999999999999999,0.719355021858854,0.487536158461042,22.1914892140411,19.7371774526257,20.9643333333334,1.22348863521827,76.5210996458903,20.8312,21.2172274330419,1.54889098032314,0.718843801986167
"14607836","2019-12-02",24.2583880396983,0.506451612903226,0.736068666289379,0.63660714834994,22.4738476880858,19.671818978581,21.0728333333334,1.05572830548972,64.6312988059089,20.8992,21.3375971086363,1.74266441901922,0.923607925392779
"14607835","2019-12-03",27.0268729444241,0.75,0.752150537634408,0.73585807526088,22.8053804386067,19.5956195613934,21.2005,1.06478765948048,70.7820799058378,20.9984,21.5459174941515,2.16106694011911,1.17109972833804
"14607834","2019-12-04",29.772246043249,0.95,0.735483870967742,0.741234358297176,23.2113507017989,19.4753159648678,21.3433333333334,1.07726087109088,74.4612667396075,21.1216,21.8064618282646,2.67732946600956,1.47234567587235
"14607833","2019-12-05",29.8817294323771,0.633333333333334,0.777777777777778,0.755137395459975,23.3796878525032,19.5196454808302,21.4496666666667,0.833416029172276,61.2994419660005,21.1812,21.9056002511626,2.69892816018795,1.71766217273547
"14607832","2019-12-06",29.9833925794246,0.703333333333334,0.762222222222223,0.758494623655914,23.5326067736505,19.567726559683,21.5501666666667,0.805137423590069,62.8621671618512,21.2732,22.0195202176743,2.7593187059729,1.92599347938295
"14607831","2019-12-09",30.0777940731116,0.703333333333334,0.680000000000001,0.74,23.6520213044038,19.672645362263,21.6623333333334,0.775838896004409,62.8621671618512,21.3652,22.1182508553177,2.77314323030498,2.09542342956736
"14607830","2019-12-10",29.7286108612307,0.63728813559322,0.681318267419963,0.707846829880728,23.7357051240367,19.7926282092967,21.7641666666667,0.722964625260065,60.4361989474043,21.45,22.179817407942,2.68630351496986,2.21359944664786
"14607829","2019-12-11",29.419218764725,0.68135593220339,0.673992467043315,0.678436911487759,23.810790217068,19.9292097829321,21.87,0.722417993902909,61.5891354002962,21.534,22.2505084202164,2.6334073409191,2.29756102550211
"14607828","2019-12-12",29.1319261036839,0.691525423728813,0.670056497175141,0.675122410546139,23.878111526934,20.0555551397327,21.9668333333334,0.702264293407246,61.8653140622488,21.622,22.3157739641876,2.5717344456621,2.35239570953411
"14607827","2019-12-13",29.4328915989095,0.769491525423728,0.714124293785311,0.686057752667922,23.9605999515865,20.1967333817469,22.0786666666667,0.749211809875595,64.0023018202727,21.7108,22.4030041022959,2.57502303835453,2.39692117529819
"14607826","2019-12-16",29.7706920787131,0.777777777777777,0.746264908976773,0.710148566645741,24.0688056287033,20.2818610379635,22.1753333333334,0.75737547601039,65.6257714649606,21.818,22.5026035553231,2.61061259761839,2.43965945976223
"14607825","2019-12-17",29.0671680244834,0.459119496855346,0.668796266685617,0.7097284898159,24.1303872593262,20.3556127406739,22.243,0.659038196948418,59.8154825137863,21.9112,22.54092308128,2.48021031556254,2.44776963092229
"14607824","2019-12-18",28.413895688413,0.509803921568626,0.58223373206725,0.665764969243213,24.1138287120362,20.5975046212972,22.3556666666667,0.655749769513291,60.9530706734437,22.0052,22.588800003776,2.38821172211692,2.43585804916122
"14607823","2019-12-19",27.8072856620619,0.516339869281045,0.495087762568339,0.582039253773735,24.0784520819788,20.8455479180213,22.462,0.638575094490756,61.060990986902,22.0896,22.6316266699392,2.29195233532284,2.40707690639354
"14607822","2019-12-20",27.2440049233073,0.378947368421052,0.468363719756908,0.515228404797498,23.9807927015835,21.1642072984165,22.5725,0.619825942298952,61.060990986902,22.176,22.6687431139473,2.19001426140109,2.36366437739505
"14607821","2019-12-23",26.7209585230352,0.378947368421052,0.424744868707716,0.462732117010987,23.8037039454439,21.5622960545562,22.683,0.601275631679008,61.060990986902,22.252,22.7009106987543,2.08487142518683,2.30790578695341
"14607820","2019-12-24",26.4242506833477,0.73333333333333,0.497076023391811,0.463394870618811,23.45774869052,22.1372513094801,22.7975,0.645778403474267,62.1074311438504,22.312,22.7394559389204,2.00650937841518,2.24762650524576
"14607819","2019-12-26",25.2853081034754,0,0.370760233918127,0.430860375339218,23.3288094754602,22.3321905245399,22.8305,0.101485937729772,47.7652717628561,22.3724,22.6621951470644,1.63078087881208,2.12425737995902
"14607818","2019-12-27",23.8342727731365,0.0202020202020198,0.25117845117845,0.373004902829462,23.3003575223433,22.3816424776568,22.841,0.125201159679633,48.0764234527138,22.4316,22.5979024607891,1.32465865538756,1.96433763504473
"14607817","2019-12-30",22.486882823536,0.979797979797978,0.333333333333333,0.318424006143303,23.3339472867526,22.3870527132475,22.8605,0.784614578582241,60.2030693397066,22.5288,22.6688487993506,1.40476343358555,1.8524227947529
"14607816","2019-12-31",21.2357350131927,0.979797979797978,0.659932659932659,0.414814814814813,23.3604235026121,22.410576497388,22.8855,0.757409876175008,60.2030693397067,22.626,22.7303356261038,1.45070131380134,1.77207849856258
"14607815","2020-01-02",20.0739549035883,0.979797979797978,0.979797979797979,0.657687991021323,23.3751762830598,22.4074903836069,22.8913333333334,0.746636503437274,60.2030693397067,22.7232,22.78362420929,1.46952041471411,1.71156688179289
"14607814","2020-01-03",18.995159087527,0.979797979797978,0.979797979797979,0.873176206509538,23.285183103957,22.4604835627098,22.8728333333334,0.811830738110643,60.2030693397067,22.7924,22.8298076480513,1.46701397997349,1.66265630142901
"14607813","2020-01-06",17.9934201154701,0.979797979797978,0.979797979797979,0.979797979797978,23.3144050709448,22.4705949290553,22.8925,0.781461419115131,60.2030693397067,22.8352,22.8698332949778,1.44793445843119,1.61971193282944
"14607812","2020-01-07",18.7345596439548,0.350515463917525,0.770037141171161,0.909877700255705,23.3299450176418,22.4307216490249,22.8803333333334,0.0955769396584066,49.171653210689,22.8256,22.8205221889808,1.19648900565883,1.53506734739532
"14607811","2020-01-08",19.5487885671325,0.288659793814434,0.539657745843313,0.763164288937483,23.3511693769182,22.3774972897485,22.8643333333334,0.0641927719558489,48.2645918724687,22.8384,22.7697858971167,0.96477643809576,1.42100916553541
"14607810","2020-01-09",19.4809041592056,0.515463917525773,0.384879725085911,0.564858204033461,23.3505415504192,22.3797917829142,22.8651666666667,0.288651335766973,51.7772051401949,22.8288,22.7551477775011,0.849331244406315,1.30667358130959
"14607809","2020-01-10",19.0655734855954,0.556701030927834,0.45360824742268,0.459381906117301,23.3506333836168,22.3783666163833,22.8645,0.351378238082531,52.4098809692332,22.7968,22.747794740501,0.763254614611997,1.19798978797007
"14607808","2020-01-13",18.6799092886716,0.556701030927834,0.54295532646048,0.460481099656357,23.3509891673996,22.3740108326005,22.8625,0.333670825429847,52.4098809692332,22.8028,22.7414221084342,0.687129772428197,1.0958177848617
"14607807","2020-01-14",18.3217925343852,0.556701030927834,0.556701030927834,0.517754868270331,23.3346693988995,22.3586639344339,22.8466666666667,0.349727617306917,52.4098809692332,22.8004,22.735899160643,0.619666609872871,1.00058754986393
"14607806","2020-01-15",18.5695784704832,0.350515463917525,0.487972508591065,0.529209621993126,23.3009769753985,22.3310230246016,22.816,0.212013819724265,48.4410173507033,22.79,22.7044459392239,0.489502913619799,0.898370622615105
"14607805","2020-01-16",19.0946080967075,0.221052631578948,0.376089708808103,0.473587749442333,23.3119184281704,22.2750815718296,22.7935,0.114050499633108,46.3615215127743,22.7824,22.662519813994,0.343172439592343,0.787330986010553
"14607804","2020-01-17",19.5821356067729,0.0135135135135108,0.195027203003328,0.353029806800831,23.3112697937042,22.2253968729626,22.7683333333334,0.160795175662166,46.5860088395515,22.77,22.6275171721282,0.228027017365195,0.675470192281482
"14607803","2020-01-21",19.1745548832956,0.243243243243243,0.159269796111901,0.243462235974443,23.2966457692222,22.2066875641112,22.7516666666667,0.33944338491198,50.3873870711927,22.7632,22.6198482158444,0.195156658568996,0.579407485538984
"14607802","2020-01-22",18.8945374786259,0.202702702702701,0.153153153153152,0.169150050756126,23.2805055825944,22.185827750739,22.7331666666667,0.323540167668037,49.7149829528233,22.746,22.6092017870652,0.156589619879899,0.494843912407167
"14607801","2020-01-23",18.9633841913119,0.0675675675675685,0.171171171171171,0.161198040145407,23.2636530667004,22.158680266633,22.7111666666667,0.281744250490159,47.4423058094303,22.7176,22.5866415487898,0.0892563115788336,0.413726392241501
"14607800","2020-01-24",18.6904789073965,0.270270270270269,0.18018018018018,0.168168168168167,23.2306802635287,22.1519864031381,22.6913333333334,0.409149385568439,51.05657696551,22.7096,22.5870893422845,0.0884807621214234,0.348677266217485
"14607799","2020-01-27",18.4370668580464,0.567567567567566,0.301801801801801,0.217717717717717,23.2278455084323,22.1714878249011,22.6996666666667,0.405650644454505,51.2970316729304,22.6976,22.5888107633132,0.0903967984481557,0.297021172663619
"14607798","2020-01-28",18.2017556693641,0.567567567567566,0.468468468468467,0.316816816816815,23.2269549666718,22.1827116999949,22.7048333333334,0.399608322429516,51.2970316729304,22.6852,22.5903026615381,0.0908656662454099,0.255790071379977
"14607797","2020-01-29",18.5812927489134,0.419354838709677,0.518163324614937,0.429477864961734,23.1955233439172,22.1971433227496,22.6963333333334,0.764094494156905,55.827402514684,22.68,22.6155956399997,0.153738477307042,0.23537975256539
"14607796","2020-01-30",18.9337200370664,0.494623655913979,0.493848687397074,0.493493493493492,23.1508647198779,22.2171352801221,22.684,0.713480827364105,57.4837207797377,22.6776,22.6468495546664,0.225827200196038,0.23346924209152
"14607795","2020-01-31",19.404810372142,0.516129032258064,0.476702508960573,0.496238173657527,23.1070200725284,22.239313260805,22.6731666666667,0.776783198451133,57.9686527347261,22.6728,22.6766029473776,0.286645542454589,0.244104502164134
"14607794","2020-02-03",19.7916925617311,0.50537634408602,0.505376344086021,0.491975846814555,23.0509995384176,22.2686671282491,22.6598333333334,0.760119608180536,57.6148066867453,22.7008,22.7010558877272,0.327400323337623,0.260763666398832
"14607793","2020-02-04",20.1509403092068,0.516129032258064,0.512544802867383,0.498207885304658,22.9888240739488,22.304842592718,22.6468333333334,0.826275890196683,57.8916120125234,22.7284,22.7235817693636,0.359026768209514,0.280416286760968
"14607792","2020-02-05",20.4845275032913,0.516129032258064,0.512544802867383,0.510155316606928,23.0141873206484,22.3148126793517,22.6645,0.793833930865637,57.8916120125234,22.718,22.7431042001151,0.379641322983715,0.300261294005517
"14607791","2020-02-06",21.2446894892101,0.499999999999999,0.510752688172043,0.511947431302269,23.0367636033492,22.3389030633175,22.6878333333334,0.813577456784341,57.4564326434023,22.7072,22.7586903067664,0.387904734413991,0.317789982087212
"14607790","2020-02-07",21.9505541904204,0.624999999999996,0.547043010752687,0.523446833930703,23.0768508944407,22.3318157722261,22.7043333333334,0.883427113902334,61.5073931997198,22.7016,22.7895315991976,0.435424658131667,0.341316917296103
"14607789","2020-02-10",22.9801299589145,0.613636363636362,0.579545454545453,0.54578038449006,23.116510036242,22.3221566304248,22.7193333333334,0.878504912882345,61.0260215597238,22.6956,22.8149273859712,0.464069651226606,0.365867464082204
"14607788","2020-02-11",23.9361646010876,0.647727272727272,0.628787878787877,0.585125448028672,23.1514998666667,22.3181668000001,22.7348333333334,0.830200105664,61.9871675285165,22.6908,22.8409370678417,0.491604182170069,0.391014807699777
"14607787","2020-02-12",26.0291126787788,0.482758620689656,0.58137408568443,0.596569139672586,23.2132514562344,22.3024152104324,22.7578333333334,0.941535642131274,61.9871675285165,22.7112,22.8634787921295,0.507476486872793,0.41430714353438
"14607786","2020-02-13",27.9725644652064,0.534883720930229,0.555123204782386,0.588428389751564,23.2456761731874,22.3223238268127,22.784,0.798910812414797,63.7167409928267,22.736,22.8896816198456,0.531470208855622,0.437739756598629
"14607785","2020-02-14",29.7771982668891,0.534883720930229,0.517508687516705,0.551335325994506,23.2571191397842,22.3775475268826,22.8173333333334,0.77589188089655,63.7167409928267,22.752,22.9123907371995,0.544111002401659,0.459014005759235
"14607784","2020-02-18",31.594179200957,0.382352941176467,0.484040127678975,0.518890673326021,23.2587930087608,22.4425403245726,22.8506666666667,0.764623938376109,62.3996365933169,22.7656,22.9294053055729,0.540780168418653,0.475367238291118
"14607783","2020-02-19",33.5886495281761,0.672131147540982,0.52978926988256,0.510446028359412,23.3095605660631,22.4601061006037,22.8848333333334,0.941656006203617,69.7958664099668,22.788,22.9734845981632,0.608355750575362,0.501964940747967
"14607782","2020-02-20",34.1031445825594,0.366666666666663,0.473716918461371,0.495848772007634,23.3134715065966,22.5101951600702,22.9118333333334,0.709350950508886,59.4857047766139,22.8032,22.9876866517414,0.591719850189998,0.519915922636373
"14607781","2020-02-21",35.0081162356545,0.583333333333333,0.54071038251366,0.514738856952529,23.3176242811209,22.5810423855459,22.9493333333334,0.867463099884263,63.6608024034878,22.8316,23.0173284315092,0.616950687576767,0.539322875624452
"14607780","2020-02-24",34.538544902287,0.233333333333333,0.394444444444443,0.469623915139824,23.3114378144434,22.6392288522234,22.9753333333334,0.705293305736664,53.9830144031908,22.856,23.0150179739747,0.556854573959198,0.542829215291401
"14607779","2020-02-25",33.8177315446242,0.149999999999999,0.322222222222222,0.419125683060107,23.2839730549396,22.7066936117272,22.9953333333334,0.508083895453915,51.9577141130095,22.878,23.006348910778,0.486102023022861,0.531483776837693
"14607778","2020-02-26",32.6438622215062,0,0.127777777777778,0.28148148148148,23.2426934148425,22.7743065851576,23.0085,0.190070989475972,48.4352163532183,22.8896,22.9868357226743,0.393916495987301,0.503970320667615
"14607777","2020-02-27",31.5538407071824,0.0166666666666692,0.0555555555555563,0.168518518518518,23.2451048642304,22.7628951357697,23.004,0.222112615961166,48.8501581268764,22.9028,22.9712576263177,0.320660824030683,0.467308421340228
"14607776","2020-02-28",30.5416778724531,0.0166666666666692,0.011111111111113,0.0648148148148149,23.2458387742804,22.7608278923864,23.0033333333334,0.225092078732923,48.8501581268764,22.92,22.9577566094754,0.259604480882736,0.42576763324873
"14607775","2020-03-02",29.9101877660855,0.0166666666666692,0.0166666666666694,0.0277777777777789,23.2464744582773,22.7581922083894,23.0023333333334,0.276768457126851,48.8501581268764,22.9312,22.946055728212,0.208803540501945,0.382374814699373
"14607774","2020-03-03",30.7852254855657,0.866666666666661,0.3,0.10925925925926,23.313819719629,22.7425136137044,23.0281666666667,1.11584031692418,66.1836197590406,22.9624,23.0039149644504,0.343733892895859,0.37464663033867
"14607773","2020-03-04",31.7504365434302,0.999999999999997,0.627777777777776,0.314814814814814,23.3841825695885,22.7291507637449,23.0566666666667,1.08521331317589,67.5757402793824,22.996,23.062059635857,0.46589447446288,0.392896199163512
"14607772","2020-03-05",32.252206197033,0.825396825396824,0.897354497354494,0.608377425044089,23.4350403585535,22.7329596414466,23.084,0.973829658842449,64.7070352038178,23.02,23.1044516844094,0.535194337949485,0.421355826920707
"14607771","2020-03-06",32.7181351610927,0.825396825396824,0.883597883597882,0.80291005291005,23.471291014953,22.7440423183804,23.1076666666667,0.874470706673963,64.7070352038178,23.0412,23.1411914598215,0.583160165292651,0.453716694595096
"14607770","2020-03-09",33.1507834848625,0.825396825396824,0.825396825396824,0.868783068783066,23.5050101086723,22.7493232246611,23.1271666666667,0.834574198233033,64.7070352038178,23.0616,23.173032598512,0.613913330496718,0.48575602177542
"14607769","2020-03-10",33.5525283569344,0.825396825396824,0.825396825396824,0.844797178130509,23.5349841453239,22.7553491880095,23.1451666666667,0.801209343077957,64.7070352038178,23.0824,23.2006282520437,0.630868528681661,0.514778523156668
"14607768","2020-03-11",33.9255771667154,0.825396825396824,0.825396825396824,0.825396825396823,23.5611135184595,22.7662198148739,23.1636666666667,0.772153789063191,64.7070352038178,23.1028,23.2245444851045,0.636850150641077,0.53919284865355
"14607767","2020-03-12",32.3799049512143,0,0.550264550264549,0.733686067019398,23.5754993550047,22.714167311662,23.1448333333334,0.0803012290160234,39.31966859778,23.098,23.1612718870906,0.417687843125192,0.514891847547879
"14607766","2020-03-13",31.7959350039747,0,0.275132275132275,0.550264550264549,23.6307009124711,22.6029657541956,23.1168333333334,-0.100187050493054,33.673670209291,23.0836,23.0731023021452,0.154518657086045,0.442817209455512
"14607765","2020-03-16",34.1734458860819,0,2.22044604925031e-16,0.275132275132274,24.063085026237,21.966914973763,23.015,-0.450145559190697,15.0523612835807,22.984,22.7300219951925,-0.752829250957099,0.20368791737299
"14607764","2020-03-17",36.3811345623242,0.0301003344481605,0.0100334448160537,0.0950552399827755,24.378692987629,21.4036403457044,22.8911666666667,-0.273487713877256,17.2694489453847,22.8884,22.4446857291668,-1.43520133721122,-0.124089933543853
"14607763","2020-03-18",39.4979796437371,0,0.0100334448160537,0.00668896321070182,24.9011610343375,20.4625056323292,22.6818333333334,-0.312971423365581,9.88859882085833,22.696,21.8787276319446,-2.83121608218493,-0.665515163272068
"14607762","2020-03-19",42.3921929336206,0,0.0100334448160537,0.010033444816053,25.3828172231214,19.4928494435453,22.4378333333334,-0.219500257374647,9.88859882085833,22.5036,21.388230614352,-3.93002469934743,-1.31841707048714
"14607761","2020-03-20",44.2320770893917,0.0567107750472591,0.0189035916824199,0.0129901604381751,25.5802782803363,18.8247217196638,22.2025,-0.0460936687501432,15.1668061481958,22.3212,21.003133199105,-4.66209310184535,-1.98715227675878
"14607760","2020-03-23",46.5818082768524,0,0.0189035916824199,0.0159468760602971,26.0034791901851,17.7541874764816,21.8788333333334,-0.135064623139796,10.8699165851532,22.0636,20.4187154392244,-5.93827383891007,-2.77737658918904
"14607759","2020-03-24",46.3768695918116,0.132459970887919,0.0630569153117261,0.0336213662255212,26.0796170994374,17.150716233896,21.6151666666667,0.0645040684675303,22.3390586602296,21.8432,20.0335533806611,-6.5536554389346,-3.53263235913815
"14607758","2020-03-25",45.0528455262944,0.204142011834319,0.112200660907413,0.0647203893005189,26.0328684997772,16.7444648335562,21.3886666666667,0.171059372188498,27.5262080247478,21.6328,19.7624129299063,-6.79451549917597,-4.18500898714572
"14607757","2020-03-26",43.2453614270754,0.313609467455621,0.216737150059287,0.130664908759474,25.8987657189963,16.4909009476704,21.1948333333334,0.265993660250097,34.8990049993868,21.4592,19.6260912059188,-6.61663160972665,-4.6713335116619
"14607756","2020-03-27",41.1351339902355,0.307692307692307,0.275147928994083,0.20136191332026,25.7288590602537,16.2834742730797,21.0061666666667,0.297837775482374,34.6935517530965,21.2788,19.502612378463,-6.42294894393838,-5.0216565981172
"14607755","2020-03-30",39.3428500359343,0.27810650887574,0.299802761341223,0.263895946798197,25.5461958236145,16.0268041763855,20.7865,0.259806079554924,33.6275691313293,21.0988,19.3689307280012,-6.28471346114694,-5.27426797072315
"14607754","2020-03-31",37.1249576029563,0.319422150882825,0.301740322483624,0.292230337606309,25.2377310078618,15.870935658805,20.5543333333334,0.305945726480535,34.8138943715105,20.9252,19.2677399642677,-6.06376637169045,-5.43216765091661
"14607753","2020-04-01",35.0654860580482,0.403061224489795,0.33352996141612,0.311691015080322,24.8661692396278,15.7974974270389,20.3318333333334,0.352036399479064,38.8782124456691,20.7704,19.230707969032,-5.66637542333445,-5.47900920540018
"14607752","2020-04-07",33.4402692900628,0.381651376146789,0.368044917173137,0.334438400357626,24.4505559946012,15.7457173387322,20.0981366666667,0.344293112495596,36.9830997291828,20.6036,19.1599469064944,-5.41204362708452,-5.46561608973705
"14607751","2020-04-08",32.1094418755197,0.452380952380952,0.412364517672512,0.371313132087256,23.9844629659773,15.7258103673562,19.8551366666667,0.338334806952695,35.8161117456019,20.4296,19.0746206522952,-5.22829888776705,-5.41815264934305
"14607750","2020-04-09",29.9157180263588,0.566666666666666,0.466899665064803,0.41576969997015,23.4500891713604,15.8383508286397,19.64422,0.436604056576005,41.1490884348755,20.2748,19.0646712319892,-4.82566406557463,-5.29965493258936
"14607749","2020-04-14",28.3785927220038,0.877611940298507,0.632219853115375,0.503828011950896,22.8598048527765,16.0603018138903,19.4600533333334,0.534798621602212,46.7120278361706,20.122,19.1307150677239,-4.22115309420323,-5.08395456491214
"14607748","2020-04-21",26.9820533854744,0.999999999999999,0.814759535655058,0.637959684611745,22.1943580883707,16.3877485782961,19.2910533333334,0.622093050244998,50.6585317373986,19.9844,19.2466197253607,-3.51633352250121,-4.77043035642995
"14607747","2020-04-22",25.0798307443249,0.852071005917159,0.909894315405222,0.785624568058551,21.5685419156262,16.7018980843739,19.13522,0.609201882260996,46.4487517317305,19.8292,19.2804037619793,-3.13076112182917,-4.4424965095098
"14607746","2020-04-23",23.7610641005568,0.860627177700348,0.904232727872503,0.876295526310927,20.9662305535966,17.0675427797368,19.0168866666667,0.786364728704933,50.8475742725755,19.694,19.3763499270487,-2.58671069462396,-4.07133934653263
"14607745","2020-04-27",22.2870814039087,0.75,0.82089939453917,0.878342145938964,20.7215233068042,17.1929166931959,18.95722,0.747344092320758,49.1098528667749,19.5508,19.4328366034422,-2.21319734319311,-3.69971094586473
"14607744","2020-04-29",21.5904549378508,0.999999999999999,0.87020905923345,0.86511372721504,20.7007260292803,17.2047139707198,18.95272,0.942584285775342,54.9171494646451,19.4356,19.5751250563166,-1.60977554476901,-3.28172386564558
"14607743","2020-05-04",21.2003956208198,0.911111111111111,0.887037037037037,0.859381830269885,20.922646685076,17.1371266482574,19.0298866666667,0.91917094205463,55.3094444011313,19.3224,19.7051083821411,-1.100135841727,-2.84540626086187
"14607742","2020-05-06",20.163535407104,0.688888888888889,0.866666666666667,0.874637587645717,21.0616479595047,17.2064587071621,19.1340533333334,0.79811247250744,50.5704835190364,19.2144,19.7510939311889,-0.890931357137381,-2.45451128011697
"14607741","2020-05-07",19.2007366372249,0.68609865470852,0.76203288490284,0.838578862868847,21.1699094729023,17.2618638604311,19.2158866666667,0.739023139942988,50.5704835190364,19.1164,19.7909480736971,-0.716944506310746,-2.10699792535572
"14607740","2020-05-08",18.4901387727106,0.780269058295964,0.718418867297791,0.782372806289099,21.0155051543047,17.7862681790288,19.4008866666667,0.790815861617916,52.5507858958745,19.1068,19.8534883305375,-0.488255653952052,-1.78324947107499
"14607739","2020-05-11",19.3723146609067,1,0.822122571001495,0.767524774400708,21.4330197225907,17.8040769440761,19.6185483333334,1.17825584940033,65.4639078928267,19.166396,20.1503432197991,0.418978963063488,-1.34280378424729
"14607738","2020-05-21",20.4782800635496,1,0.926756352765321,0.822432597021535,21.9240306942994,17.7257326390341,19.8248816666667,1.12766347187486,67.4559947044545,19.336796,20.4582974571592,1.26183759113125,-0.821875509171585
"14607737","2020-05-22",19.165881545395,0.436416184971098,0.812138728323699,0.853672550696838,21.9844685902373,17.8176280764294,19.9010483333334,0.647742235704313,51.154132564438,19.429196,20.465191129538,1.14400332659685,-0.428699742017897
"14607736","2020-05-26",18.6400745604507,0.467297297297296,0.634571160756132,0.791155413948384,22.1034841775635,17.8928258224366,19.998155,0.747145437181543,53.4716653204598,19.524524,20.5209256455996,1.18341155728647,-0.106277482157023
"14607735","2020-05-27",18.1518252172881,0.608108108108108,0.503940530125501,0.650216806401777,22.1982708573974,18.0780391426027,20.138155,0.7819853543256,55.9834631633216,19.711724,20.6248022261863,1.36123366701348,0.187224747677078
"14607734","2020-05-28",17.7422852888161,0.608108108108108,0.561171171171171,0.566560954017601,22.2827088657898,18.2516011342103,20.267155,0.760353167553624,55.9834631633216,19.862524,20.7148285960282,1.48353434035877,0.446486666213417
"14607733","2020-05-29",17.2201377441184,0.518796992481202,0.578337736232473,0.547816479176381,22.3476722348894,18.4113044317773,20.3794883333334,0.717758699442567,54.9921950592938,19.989724,20.7768514498911,1.51536534436862,0.660262401844459
"14607732","2020-06-02",16.5880145432081,0.473684210526315,0.533529770371875,0.557679559258506,22.342219325685,18.6564840076484,20.4993516666667,0.673818323360932,53.9631989289552,20.082524,20.8146045899056,1.47659595244312,0.82352911196419
"14607731","2020-06-04",16.1760817547513,0.402489626556016,0.464990276521178,0.525619261041841,22.25406288321,19.0094404501234,20.6317516666667,0.665272953754177,53.6031459619372,20.175324,20.8419906445848,1.41387725792224,0.941598741155799
"14607730","2020-06-05",16.7741157007114,0.432653061224489,0.43627563276894,0.478265226553997,22.2751014127393,19.2295685872608,20.752335,0.76957461317276,54.3413208261721,20.279724,20.8777252253069,1.3828034002231,1.02983967296926
"14607729","2020-06-08",17.3294329362457,0.777265306122448,0.537469331300985,0.479578413530367,22.392929110595,19.3375042227384,20.8652166666667,0.856442515625806,60.6639840960136,20.413496,21.0212685285993,1.66294119752335,1.15645997788008
"14607728","2020-06-09",16.7151405440419,0.432653061224489,0.547523809523809,0.507089591197911,22.4097196650146,19.4450470016521,20.9273833333334,0.606571630623669,52.7912854228525,20.498296,21.0330993914527,1.54200061252767,1.2335681048096
"14607727","2020-06-10",16.1447261798527,0.553571428571428,0.587829931972789,0.557607690932527,22.4019856038198,19.6364477295136,21.0192166666667,0.675053348993846,55.6541337756724,20.610296,21.0953528059257,1.57699622534859,1.3022537289174
"14607726","2020-06-12",16.0403449693638,0.692311557788943,0.55951201586162,0.564955252452739,22.4775251479641,19.7370881853693,21.1073066666667,0.78748213420705,58.3576400363653,20.745004,21.2009990984689,1.73149565466786,1.38810211406749
"14607725","2020-06-30",15.7362926337361,0.618090452261305,0.621324479540559,0.589555475791655,22.4656508348662,19.9399624984672,21.2028066666667,0.712691853381713,56.9336317939473,20.854604,21.2728658853397,1.7758696359655,1.46565561844709
"14607724","2020-07-06",14.7188748972966,0.341708542713568,0.550703517587939,0.577180004330038,22.4589084341246,20.0167048992088,21.2378066666667,0.484519444785748,51.8589865717407,20.919804,21.2618171006278,1.58395751508698,1.48931599777507
"14607723","2020-07-07",13.7741298563171,0.189757545769422,0.383185513581432,0.518404503569976,22.4543691751197,20.078577491547,21.2664733333334,0.46781143150633,51.8589865717406,20.967404,21.2522414872107,1.41560992584326,1.47457478338871
"14607722","2020-07-08",13.8529465946105,0.662094594594594,0.397853561025862,0.44391419739841,22.4906834270338,20.213923239633,21.3523033333334,0.784452444128211,58.2189449787119,21.0674,21.351929288916,1.57054001293586,1.49376782929814
"14607721","2020-07-15",13.1601841376353,0.277027027027027,0.376293055797015,0.385777376801435,22.41339028349,20.4215497165101,21.41747,0.51800512246202,52.920871514763,21.1246,21.3623387170605,1.4604127370146,1.48709681084143
"14607720","2020-07-20",12.5169047133012,0.324324324324324,0.421148648648649,0.398431755157174,22.3400942716156,20.6108457283845,21.47547,0.514185352415637,53.4808476310226,21.1926,21.3806935547858,1.38354515159052,1.46638647899125
"14607719","2020-07-21",12.9474458593939,0.945945945945946,0.515765765765766,0.437735823403809,22.4162311432621,20.5690521900713,21.4926416666667,1.00384488468697,60.1839220112359,21.2694,21.519267747481,1.64898033993388,1.50290525117977
"14607718","2020-07-22",12.2907020129027,0.391891891891893,0.554054054054055,0.496989489489489,22.2867441780595,20.6342058219405,21.460475,0.715542147840457,52.8713026956544,21.3114,21.5300320478169,1.53289311815863,1.50890282457555
"14607717","2020-07-24",11.5731581666157,0.287769784172663,0.541869207336834,0.537229675718884,22.2164639828289,20.8084860171712,21.512475,0.531386618075361,52.1227317128664,21.3698,21.527361108108,1.39113780589313,1.48534982083906
"14607716","2020-07-28",10.9068674522063,0.34090909090909,0.340190255657882,0.478704505682923,22.2082081423198,20.8688618576803,21.538535,0.516026475188774,52.5248845941514,21.4302,21.5317129603602,1.28275889504879,1.44483163568101
"14607715","2020-08-03",10.4541344310462,0.43939393939394,0.356024271491898,0.412694578162204,22.221472757099,20.8945972429011,21.558035,0.599455448976114,53.6157971742453,21.4874,21.5528178989789,1.2313181259094,1.40212893372669
"14607714","2020-08-04",10.9613655043288,0.917461538461538,0.565921522921523,0.420712016690433,22.3644084493571,20.861841550643,21.613125,1.0359772449106,59.0194586142978,21.499512,21.6634688457817,1.43221942310183,1.40814703160171
"14607713","2020-08-05",10.8822552291774,0.623076923076923,0.659977466977467,0.527307753796962,22.3997502969715,20.9028330363619,21.6512916666667,0.73295097365052,55.1937993852679,21.481112,21.7083396663441,1.43124082286497,1.41276578985436
"14607712","2020-08-06",10.135395436063,0.192307692307692,0.577615384615385,0.601171458171457,22.3846278154109,20.9582888512559,21.6714583333334,0.410172123723792,50.0784405339909,21.518312,21.6725610441649,1.20822223068711,1.37185707802091
"14607711","2020-08-11",9.85143130902853,0.730769230769231,0.515384615384616,0.584325822325822,22.4217527612482,21.0183639054186,21.7200583333334,0.799234004119538,55.6158701742973,21.568584,21.7348862382763,1.27700134775119,1.35288593196697
"14607710","2020-08-12",9.48429012854567,0.246153846153847,0.38974358974359,0.494247863247862,22.4218132573983,21.0189700759351,21.7203916666667,0.399923477889897,50.2170544365949,21.576984,21.7049014065061,1.08478444380897,1.29926563433537
"14607709","2020-08-13",9.43905463196921,0.675438596491226,0.550787224471435,0.485305143199879,22.482076473696,20.9956101929707,21.7388433333334,0.893207708495587,55.3314556366497,21.612984,21.7709145523053,1.17504902383438,1.27442231223517
"14607708","2020-08-17",9.27152095506813,0.587719298245614,0.503103913630229,0.481211575948417,22.5288673056228,21.0501526943773,21.78951,0.815920775458576,54.4582560408221,21.649784,21.8147926119979,1.19515562469552,1.25856897472724
"14607707","2020-08-21",9.16178852982335,0.999999999999998,0.75438596491228,0.60275903433798,22.6527192305959,21.0369674360708,21.8448433333334,0.973560771684929,58.090759836742,21.711784,21.9208202637315,1.38261439705845,1.28337805919348
"14607706","2020-08-28",9.07212623299789,0.999999999999998,0.862573099415204,0.706687659319237,22.7569159327277,21.0052574006057,21.8810866666667,0.921836402348455,58.1612274985101,21.775784,22.0140442285673,1.51573160012914,1.32984876738062
"14607705","2020-09-01",9.69874656499287,0.83464037642841,0.944880125476136,0.853946396601205,22.9503756358142,20.9406376975192,21.9455066666667,1.03882315335699,60.3849794246085,21.848584,22.1361716647583,1.71307172066606,1.4064933580377
"14607704","2020-09-02",9.80450853458626,0.659758010306967,0.831466128911792,0.879639784601043,23.0139609538339,21.0262390461662,22.0201,0.837958073549047,57.0937951189338,21.875124,22.2003887761239,1.73420067722301,1.47203482187477
"14607703","2020-09-08",9.90271607778012,0.660990365225184,0.718462917320187,0.831603057236037,23.0437738822432,21.1410927844236,22.0924333333334,0.78603497136591,57.1115344914704,21.935524,22.2563369393074,1.73108220441767,1.52384429838335
"14607702","2020-09-10",9.99390879646013,0.660990365225184,0.660579580252445,0.73683620882814,23.1007585588007,21.1461147745327,22.1234366666667,0.754042878467102,57.1115344914704,21.980324,22.3048253473997,1.708357702807,1.56074697926808
"14607701","2020-09-17",10.7234151280022,0.941071028456195,0.754350586302188,0.711131027958273,23.2247092433081,21.1888307566919,22.20677,0.948568028987733,61.3261000312829,22.029616,22.4135153010798,1.84854205587834,1.61830599459013
"14607700","2020-09-30",11.4008138644341,0.941071028456195,0.847710807379192,0.754213657977941,23.3254835168565,21.2500564831436,22.28777,0.90099217485429,61.3261000312829,22.084816,22.5077132609358,1.93558595047909,1.68176198576792
"14607699","2020-10-05",11.2562489610679,0.705803271342145,0.862648442751512,0.821569945477629,23.3722613351572,21.2446119981762,22.3084366666667,0.74826929457722,55.9681134147845,22.145216,22.533351492811,1.83217504663749,1.71184459794183
"14607698","2020-10-06",11.0327992575507,0.664645522388058,0.770506607395466,0.826955285842055,23.400969615168,21.3012370514987,22.3511033333334,0.651874896919893,55.3481518037989,22.203616,22.5489046271029,1.71246124807816,1.7119679279691
"14607697","2020-10-07",10.8253102471419,0.699626865671641,0.690025219800615,0.774393423315863,23.4029796720288,21.4145603279713,22.40877,0.651492189462044,55.9783202733852,22.23202,22.5703840101558,1.62026541182243,1.69362742473977
"14607696","2020-10-09",11.2612810332609,0.897618201208671,0.753963529756124,0.738165118984067,23.4447534228904,21.5277865771097,22.48627,0.825373389410892,60.0283882679273,22.29922,22.6423328088017,1.67035082326592,1.688972104445
"14607695","2020-10-16",10.7290302579816,0.462140063988623,0.686461710289646,0.710150153282127,23.4197925656406,21.6457474343595,22.53277,0.549170113241123,53.5312266254505,22.34402,22.6393551009615,1.51754830201414,1.65468734395882
"14607694","2020-10-21",10.2852513320365,0.0650195058517538,0.474925923683017,0.638450387909594,23.4311434186279,21.6575499147055,22.5443466666667,0.559570207660118,53.8604948178407,22.35322,22.6407744208333,1.39112855871701,1.60197558691046
"14607693","2020-10-23",10.6250183283285,0.760948304247607,0.429369291362662,0.530252308445107,23.4796206889945,21.7184059776723,22.5990133333334,0.780669924468695,58.4094826740692,22.41242,22.6993378313889,1.42741049716459,1.56706256896129
"14607692","2020-10-28",10.1150632961621,0,0.275322603366454,0.39320593947071,23.3852688120471,21.9012511879529,22.64326,0.355127506679983,49.1803072222392,22.44482,22.6487594538703,1.17212657840762,1.48807537085055
"14607691","2020-10-30",9.71930882670159,0,0.253649434749203,0.319447109826105,23.3761335658431,21.923386434157,22.64976,0.238591808775917,48.6358334050811,22.47322,22.5982581933543,0.941037731552052,1.37866784299085
"14607690","2020-11-03",9.17416266201567,0.328470588235292,0.109490196078431,0.212820744731362,23.2380058409697,22.1584608256971,22.6982333333334,0.362195031645683,51.8419876324052,22.507588,22.5917171009071,0.847830928708659,1.27250046013442
"14607689","2020-11-06",8.97905102880581,0.229411764705882,0.185960784313725,0.183033471713786,23.226337932164,22.1934620678361,22.7099,0.351643998445946,50.8119074706616,22.51088,22.5748214874528,0.735408612334032,1.16508209057434
"14607688","2020-11-09",9.49236661125433,0.462365591397848,0.340082648113008,0.211844542835054,23.2166543484783,22.2641456515218,22.7404,0.632562219190308,53.5839386973817,22.53888,22.5915119557924,0.722009321965644,1.0764675368526
"14607687","2020-11-10",9.96901679495653,0.784946236559139,0.49224119755429,0.339428209993674,23.2450544129908,22.2747455870092,22.7599,0.747446991690574,56.921553736762,22.60128,22.6459770283534,0.808974330265855,1.02296889553525
"14607686","2020-11-12",10.4428369386078,0.784946236559139,0.677419354838709,0.503247733502002,23.2713146771058,22.2871519895609,22.7792333333334,0.731093229007346,56.921553736762,22.63568,22.6931800912396,0.867450945201065,0.991865305468414
"14607685","2020-11-13",10.4611062361766,0.580645161290321,0.7168458781362,0.628835476843066,23.2546340359802,22.2906592973532,22.7726466666667,0.628654823648792,54.0659776765432,22.68768,22.7087560790744,0.836355963993696,0.96076343717347
"14607684","2020-11-16",10.7411586186655,0.999999999999998,0.78853046594982,0.727598566308242,23.3169534012003,22.2811432654665,22.7990483333334,0.906301939079285,58.8608920627361,22.728476,22.7769086018644,0.946067138183793,0.957824177375535
"14607683","2020-11-20",11.2616268514079,0.981818181818181,0.854154447702834,0.786510263929617,23.400694635648,22.2694020310187,22.8350483333334,0.961081714137277,60.2781846948283,22.778476,22.8533207882825,1.06598862692948,0.979457067286324
"14607682","2020-11-21",11.7449187818116,0.999999999999998,0.993939393939393,0.878874769197348,23.4744754379916,22.2706212286752,22.8725483333334,0.913215871836412,60.5034535565164,22.808876,22.9222113498448,1.1539527972307,1.0143562132752
"14607681","2020-11-27",11.3906162101741,0.709090909090908,0.896969696969696,0.915021179537307,23.4659726104871,22.2721240561796,22.8690483333334,0.65157003458582,55.1174587698541,22.826076,22.9392498365322,1.0979869163166,1.03108235388348
"14607680","2020-12-01",11.7333244205169,0.845132743362833,0.851407884151247,0.914105658353444,23.4918554471903,22.2625745528098,22.877215,0.830370654249826,57.353314616636,22.837876,22.9773498583279,1.10229171538698,1.04532422618418
"14607679","2020-12-02",12.051553472978,0.973451327433629,0.842558326629124,0.863645302583355,23.5544022371759,22.2533610961576,22.9038816666667,0.858265637140777,59.168321319287,22.867964,23.0297032105509,1.14305584456549,1.06487054986044
"14607678","2020-12-03",11.4335455801261,0.646017699115044,0.821533923303836,0.838500044694734,23.568354305347,22.2787423613197,22.9235483333334,0.608393071766555,52.9729733190078,22.883164,23.0257427824774,1.03361743365185,1.05861992661872
"14607677","2020-12-07",10.9036116947165,0.775401069518718,0.798290032022464,0.82079409398514,23.5953416606174,22.300421672716,22.9478816666667,0.692123839561039,55.5470058816104,22.9059640000001,23.0476437448138,1.00186946123029,1.04726983354103
"14607676","2020-12-09",10.504275725711,0.839572192513369,0.753663653715711,0.791162536347336,23.6121541143118,22.2976092190216,22.9548816666667,0.724502285460667,56.3593500339792,22.911164,23.0746245788386,0.986210421496514,1.03505795113213
"14607675","2020-12-11",9.83727288179752,0.528571428571429,0.714514896867839,0.755489527535337,23.6189314058634,22.3371652608033,22.9780483333334,0.582140568625347,53.2174043917611,22.9091640000001,23.0740079683268,0.900405043554064,1.00812736961652
"14607674","2020-12-14",9.74826550923404,0.525423728813562,0.631189116632787,0.699789222405445,23.6363787347988,22.3760512652013,23.006215,0.664336919038529,53.9847945746276,22.9259640000001,23.0801402392165,0.840200845249361,0.974542064743086
"14607673","2020-12-18",9.8474880850144,0.999999999999997,0.684665052461663,0.676789688654096,23.6881098368852,22.3629868297815,23.0255483333334,0.842950551933975,59.1770228606313,22.9591640000001,23.1334548739877,0.907651846292512,0.961164021052971
"14607672","2020-12-22",9.19905723982276,0.522388059701492,0.682603929505018,0.666152699533155,23.6675874945919,22.4573491720748,23.0624683333334,0.586097367266125,53.408136314606,22.977164,23.1369942241226,0.839585331642367,0.936848283170851
"14607671","2020-12-23",9.18958821806722,0.783541666666665,0.768643242122719,0.711970741363132,23.6213146891475,22.6176953108526,23.119505,0.790178069128252,56.4926784358993,22.987808,23.1688749942396,0.851100341439848,0.91969869482465
"14607670","2020-12-24",9.22599611181536,0.909999999999993,0.738643242122718,0.72996347125015,23.6159978215059,22.7150655118276,23.1655316666667,0.837948067865401,57.5964761525472,23.021208,23.2070249950077,0.87736427942251,0.911231811744222
"14607669","2020-12-29",9.3784278543865,0.999999999999997,0.897847222222219,0.801711235489218,23.6005196379178,22.8298770287489,23.2151983333334,0.934444790209153,58.9470032243855,23.057208,23.2527549956733,0.920293165492758,0.913044082493929
"14607668","2020-12-30",9.69079483060846,0.887096774193546,0.932365591397846,0.85628535191426,23.6311049199308,22.8699584134026,23.2505316666667,0.924099255397011,58.9470032243855,23.076008,23.2923876629169,0.943130039405649,0.919061273876273
"14607667","2021-01-06",10.2962590059273,0.579999999999997,0.822365591397847,0.884192801672637,23.6597948758564,22.895268457477,23.2775316666667,0.843308389381314,56.424049978841,23.120608,23.3114026411946,0.910718676887634,0.917392754478546
"14607666","2021-01-11",11.0962975779034,0.882352941176467,0.783149905123337,0.845960362639676,23.7365870193475,22.8961429806526,23.316365,1.05562097157407,61.3089470478539,23.179808,23.3698822890353,0.98241362741549,0.930396929065935
"14607665","2021-01-12",11.8391905375955,0.999999999999998,0.820784313725488,0.808766603415557,23.7990282477388,22.9290350855946,23.3640316666667,1.05858868147368,62.7370512644986,23.23184,23.4338979838306,1.06093762216701,0.95650506768615
"14607664","2021-01-15",13.2039817381784,0.719626168224297,0.867326369800255,0.823753529549692,23.896252045487,22.9038212878464,23.4000366666667,1.04408161897056,62.4886606099303,23.28684,23.4880449193199,1.10642195924242,0.986488445997404
"14607663","2021-01-19",14.1095575031995,0.635514018691587,0.785046728971961,0.8243858041659,23.9381638107299,22.9012428559369,23.4197033333334,0.818536012933161,60.1793321582331,23.32884,23.5229722634106,1.09854936799652,1.00890063039723
"14607662","2021-01-20",14.9504492850047,0.635514018691587,0.663551401869158,0.771974833547124,23.9759950231589,22.9014116435079,23.4387033333334,0.789690565256753,60.1793321582331,23.35884,23.5532426282892,1.07966030401581,1.02305256512094
"14607661","2021-01-21",15.7312773681096,0.617647058823528,0.629558365402235,0.692718832081117,23.9961451259019,22.9512615407649,23.4737033333334,0.764428181853746,60.1793321582331,23.38884,23.5794769445173,1.05239740810725,1.0289215337182
"14607660","2021-01-22",16.5946874296511,0.602040816326529,0.618400631280549,0.637170132850646,24.0275176857938,22.9682223142063,23.49787,0.7537504400343,60.1793321582331,23.42644,23.602213351915,1.01891761158774,1.02692074929211
"14607659","2021-01-25",15.9298248240493,0.255102040816326,0.491596638655462,0.579851878446081,24.0329841956563,22.9797558043438,23.50637,0.531930396367349,50.6651960740953,23.434044,23.576584904993,0.866118226506729,0.994760244735036
"14607658","2021-01-27",16.4670043921114,0.999999999999998,0.619047619047618,0.576348296327875,24.1342463700551,22.9936602966116,23.5639533333334,1.07080011918877,64.8389637005481,23.468644,23.6617069176606,1.00839790882652,0.997487777553333
"14607657","2021-01-28",16.9658139910262,0.963414634146338,0.739505558320888,0.616716605341322,24.2240960563705,23.0051439436296,23.61462,0.988435922770741,64.4672988948516,23.501844,23.7334793286392,1.10244897168155,1.01848001637898
"14607656","2021-01-29",17.4289943328757,0.963414634146338,0.975609756097559,0.778054311155354,24.2980291627654,23.0262108372347,23.66212,0.922922039415918,64.4672988948516,23.547844,23.7956820848206,1.16290347096464,1.04736470729611
"14607655","2021-02-02",17.9438245440965,0.963414634146338,0.963414634146339,0.892843316188261,24.338713265369,23.0981934012977,23.7184533333334,0.896242479385528,64.4672988948516,23.586844,23.8495911401779,1.19648958081027,1.07718968199894
"14607654","2021-02-03",18.6236464357965,0.999999999999998,0.975609756097559,0.971544715447151,24.3969052459981,23.1486680873353,23.7727866666667,0.922366318511191,66.0859662644836,23.624044,23.9096456548208,1.2420869376198,1.11016913312311
"14607653","2021-02-04",18.9997706674125,0.943820224719098,0.969078286288479,0.969367558844124,24.4531563635159,23.1694169698175,23.8112866666667,0.841746413241514,64.5037386351469,23.674044,23.955026234178,1.24652920270525,1.13744114703954
"14607652","2021-02-08",19.9606022494093,0.886857142857141,0.943559122525413,0.962749054970483,24.4876373934128,23.2563492732539,23.8719933333334,0.913231199372702,66.0981228389337,23.720092,24.006516069621,1.26576731037369,1.16310637970637
"14607651","2021-02-09",22.3167046390955,0.534626038781163,0.788434468785802,0.90035729253323,24.6002422091284,23.268171124205,23.9342066666667,1.04110725883278,66.6951909315446,23.765092,24.0556472603382,1.27722405026338,1.18592991381777
"14607650","2021-02-10",24.5045140009469,0.770083102493074,0.73052209471046,0.820838562007224,24.7396597199102,23.2650836134232,24.0023716666667,1.06350318554455,73.1083794316946,23.834292,24.1548942922931,1.41161979136197,1.23106788932661
"14607649","2021-02-11",25.3553078914997,0.626038781163434,0.643582640812558,0.720846401436272,24.7939454456507,23.3097978876827,24.0518716666667,0.828894745480438,64.877768681688,23.891092,24.2062417199873,1.41413477519878,1.26768126650105
"14607648","2021-02-12",26.2833299790414,0.659279778393352,0.685133887349954,0.68641287429099,24.8484130749939,23.3583302583395,24.1033716666667,0.83552609363628,65.8336973265352,23.935892,24.258742823989,1.41930364670537,1.29800574254191
"14607647","2021-02-16",25.0088043306261,0.332409972299169,0.539242843951986,0.622653124038165,24.8462070686138,23.438869598053,24.1425383333334,0.628465988991189,51.1042660936739,23.969892,24.2255771141238,1.21303342825678,1.28101127968489
"14607646","2021-02-17",23.8253162285262,0.60387811634349,0.531855955678671,0.585410895660203,24.8916618674325,23.4738681325676,24.182765,0.785726799819166,59.2572536997962,24.014848,24.2621668322406,1.19881843120844,1.2645727099896
"14607645","2021-02-18",22.726362990862,0.506224066390041,0.480837385010901,0.517312061547185,24.9374262043604,23.505187128973,24.2213066666667,0.778952497199912,60.9734835442264,24.061448,24.3098779212752,1.21315251343495,1.25428867067867
"14607644","2021-02-19",21.3026905805057,0.406639004149376,0.505580395627637,0.506091245439069,24.9720763742637,23.5335369590697,24.2528066666667,0.720496796947695,58.3275229803478,24.099448,24.3352275317719,1.17093316614791,1.23761756977252
"14607643","2021-02-22",20.0622698614313,0.282157676348548,0.398340248962656,0.461586009867063,24.9686032193679,23.6020101139655,24.2853066666667,0.583926468588116,55.1082789178581,24.131448,24.3371971942023,1.07527950277868,1.20514995637375
"14607642","2021-02-23",18.9104506222907,0.390041493775933,0.359612724757953,0.421177789782748,24.9635508776002,23.6800624557332,24.3218066666667,0.623252637607103,57.307499246526,24.173248,24.3562375683086,1.03065275653869,1.17025051640674
"14607641","2021-02-24",18.1080254816708,0.323651452282155,0.331950207468879,0.363301060396495,24.9406210937237,23.7684089062764,24.354515,0.542357234635774,55.5054388429257,24.199248,24.3620725592008,0.957690496212771,1.12773851236794
"14607640","2021-02-25",18.4169000653988,0.0224066390041473,0.245366528354079,0.312309820193636,24.9100294056293,23.8261339277041,24.3680816666667,0.195467253633568,48.1124997245482,24.206728,24.3187295513074,0.770679442943267,1.05632669848301
"14607639","2021-02-26",18.4617966634783,0.0746887966804978,0.140248962655601,0.239188566159519,24.8057169415556,23.9864463917778,24.3960816666667,0.138603307848684,49.3728285260378,24.217128,24.2895656111331,0.63600623848532,0.972262606483471
"14607638","2021-03-02",19.9143461346388,0,0.032365145228216,0.139326878745964,24.936109107376,23.7795542259574,24.3578316666667,-0.284944736520539,38.8797662932334,24.205128,24.1776235296487,0.309065400503994,0.839623165287575
"14607637","2021-03-03",19.459839680684,0.266666666666668,0.113785154449056,0.0954664207776234,24.9514251940498,23.7332381392836,24.3423316666667,0.136893476304752,46.4255336621095,24.209128,24.1339403923622,0.180898648407779,0.707878261911616
"14607636","2021-03-04",18.1132959535991,0.115200000000001,0.127288888888891,0.09114639618872,24.9654373469074,23.6874126530927,24.3264250000001,0.152152000282194,43.1657364796452,24.20404,24.0657883400472,0.0029643068572005,0.566895470900733
"14607635","2021-03-05",16.8629339213059,0.366666666666667,0.249511111111113,0.163528384816352,24.9689912137181,23.662858786282,24.315925,0.258121769765557,49.5048870022447,24.21404,24.0570165613743,-0.0115214071695124,0.451212095286684
"14607634","2021-03-08",16.4426196647688,0.126666666666667,0.202844444444446,0.193214814814816,24.9855879597589,23.5922620402412,24.288925,0.120386736088917,44.4133399490244,24.22324,24.001414353191,-0.142377991385678,0.332494077952211
"14607633","2021-03-09",16.0523278551272,0.15225334957369,0.215195560969009,0.222517038841522,25.0010385952549,23.5248114047452,24.262925,0.138995268867752,44.583838350727,24.20064,23.9545591060989,-0.240211273044544,0.21795300775286
"14607632","2021-03-10",15.6315257540459,0.317460317460318,0.198793444566893,0.205611149993448,24.992568170562,23.4822018294381,24.237385,0.256757688517695,48.0179752413693,24.18664,23.9406178919524,-0.247577595093074,0.124846887183674
"14607631","2021-03-11",15.4855823080301,0.238095238095238,0.23593630170975,0.216641769081883,24.9502509153454,23.4340190846546,24.192135,0.208398814052989,46.4674297925831,24.16864,23.9152021730254,-0.283921609839322,0.0430931877790745
"14607630","2021-03-12",15.6025089811484,0.186857142857143,0.247470899470901,0.22740021524918,24.8661863236031,23.3995003430636,24.1328433333334,0.169065721560812,44.8485625976596,24.146488,23.879335216622,-0.343920906502715,-0.0343096310772833
"14607629","2021-03-15",15.3705385526257,0.281553398058251,0.235501926336878,0.239636375839175,24.8200818405893,23.3659381594108,24.09301,0.25953086947822,46.6571075198723,24.124088,23.8607571877391,-0.355744923562751,-0.0985966895743768
"14607628","2021-03-16",17.5465658945569,0,0.156136846971799,0.213036557593192,24.882238239633,23.1247450937004,24.0034916666667,-0.177399512342516,30.4778703904394,24.047288,23.6566562293739,-0.835146729556624,-0.245906697570826
"14607627","2021-03-17",19.3554681407369,0.734299516908213,0.338617638322156,0.243418803876943,24.8482760896162,23.1113739103839,23.979825,0.425254858015423,50.4325894894636,24.02764,23.6824353987907,-0.690310208596845,-0.33478739977603
"14607626","2021-03-18",21.0351630836182,0.734299516908213,0.489533011272143,0.328095832188698,24.7664550696871,23.1194082636464,23.9429316666667,0.443576790698431,50.4325894894636,24.00664,23.7047773456186,-0.568986749361045,-0.381627269693033
"14607625","2021-03-19",22.5948798162938,0.734299516908213,0.734299516908214,0.520816722167504,24.6673225527493,23.1414574472508,23.90439,0.464354647206982,50.4325894894636,23.96864,23.7241403662028,-0.467463661530299,-0.398794548060486
"14607624","2021-03-24",24.1838428447553,0.685990338164251,0.718196457326894,0.647342995169083,24.5644620362734,23.1623179637267,23.86339,0.419130992156818,49.2705512098221,23.93704,23.7275883173757,-0.416234323024622,-0.402282503053313
"14607623","2021-03-25",25.6593085140411,0.685990338164251,0.702093397745573,0.718196457326893,24.4883536111942,23.1734263888059,23.83089,0.438483287422455,49.2705512098221,23.90304,23.7305765417256,-0.371349677628796,-0.39609593796841
"14607622","2021-04-01",25.9050544595993,0.999999999999999,0.790660225442835,0.736983360171767,24.4064887664765,23.2127912335236,23.8096400000001,0.705546206829293,53.0936051699572,23.90484,23.7738330028289,-0.229496611883617,-0.362776072751451
"14607621","2021-04-06",26.6947855234846,0.81159420289855,0.832528180354268,0.775093934514225,24.307438716918,23.2450912830821,23.7762650000001,0.462725628102285,48.867515132191,23.87404,23.7679886024517,-0.224869460660193,-0.3351947503332
"14607620","2021-04-09",28.1269271921336,0.521739130434783,0.777777777777779,0.800322061191627,24.2865680785846,23.2006619214155,23.7436150000001,0.169755072634512,43.1738880628146,23.81844,23.6962567887915,-0.386819181159392,-0.345519636498438
"14607619","2021-04-14",28.4869957370907,0.805797101449274,0.71304347826087,0.774449812130972,24.2484601940754,23.2101031392581,23.7292816666667,0.580946786345478,49.3963387099037,23.78724,23.6994225502859,-0.344594222589356,-0.345334553716622
"14607618","2021-04-16",28.0487834035291,0.788415953828711,0.705317395237591,0.732046217092079,24.2716749086389,23.2415750913612,23.756625,0.733221735056235,51.045719121851,23.76764,23.7208328769145,-0.26047260150347,-0.328362163273991
"14607617","2021-04-21",27.6418719509363,0.922395135525094,0.838869396934361,0.752410090144273,24.3034322492874,23.2318177507127,23.7676250000001,0.828826271451736,54.0416598901759,23.75324,23.7740551599926,-0.104322596437467,-0.283554249906687
"14607616","2021-04-23",26.4878631574301,0.999999999999999,0.903603696451269,0.815930162874406,24.3950083356425,23.1920549976909,23.7935316666667,1.00414950788198,57.0874255391907,23.75324,23.8575144719936,0.112625715845449,-0.204318256756259
"14607615","2021-04-27",26.176296503992,0.806763285024155,0.909719473516417,0.884064188967348,24.4035976017192,23.1901323982809,23.7968650000001,0.722339846171233,51.8054736443661,23.75176,23.8765125423944,0.147271592455867,-0.134000286913834
"14607614","2021-04-28",25.8869846115138,0.658119658119658,0.821627647714605,0.87831693922743,24.4216695446869,23.1960604553132,23.8088650000001,0.655951030109946,51.8054736443661,23.74776,23.8929775367418,0.172702869791275,-0.0726596555728125
"14607613","2021-04-29",25.6183378542127,0.658119658119658,0.707667533754491,0.81300488499517,24.439505980643,23.2052240193571,23.8223650000001,0.643917682970022,51.8054736443661,23.76976,23.9072471985096,0.190632208595298,-0.0200012827391903
"14607612","2021-05-05",24.9333725198424,0.658119658119658,0.658119658119659,0.729138279862918,24.4558256684434,23.2065709982233,23.8311983333334,0.672477508765547,51.8054736443661,23.77576,23.9196142387083,0.202485375052563,0.0244960488191604
"14607611","2021-05-06",24.2973332807843,0.658119658119658,0.658119658119659,0.674635616664602,24.4740919207936,23.2159714125398,23.8450316666667,0.644370113044293,51.8054736443661,23.790848,23.9303323402139,0.209447446574207,0.0614863283701697
"14607610","2021-05-10",23.8282433359338,0.615384615384614,0.643874643874644,0.653371320037986,24.4840163488305,23.2363003178363,23.8601583333334,0.572004898899174,50.9518868555897,23.788848,23.932954694852,0.195844685263746,0.088357999748885
"14607609","2021-05-11",23.2131002810808,0.658119658119658,0.643874643874644,0.648622981956315,24.4972685026493,23.2487148306841,23.8729916666667,0.601724368110966,51.8070330811204,23.803248,23.9418940688717,0.199610809163175,0.110608561631743
"14607608","2021-05-13",22.6418960158602,0.658119658119658,0.643874643874644,0.643874643874644,24.324933080808,23.5397535858587,23.9323433333334,0.58616713388699,51.8070330811204,23.817248,23.9496415263555,0.200276620929962,0.128542173491387
"14607607","2021-05-17",22.1110844755397,0.658119658119658,0.658119658119659,0.648622981956315,24.3315871500455,23.5481028499546,23.939845,0.576821364928825,51.8070330811204,23.823248,23.9563559895081,0.198507914485613,0.142535321690232
"14607606","2021-06-01",21.0849849601922,0.588235294117649,0.634824870118989,0.64560639070443,24.3507949030359,23.5562284302975,23.9535116666667,0.713728709293935,54.2005873492265,23.838048,23.978175190907,0.234777105033013,0.160983678358788
"14607605","2021-06-02",19.787388207873,0.737592592592589,0.661315848276633,0.651420125505093,24.3942610376966,23.5561322956368,23.9751966666667,0.868085853463422,56.8598825820824,23.862532,24.0155251654528,0.306402034358544,0.190067349558739
"14607604","2021-06-04",18.659821625878,0.377777777777781,0.567868554829341,0.62133642440832,24.4091947692968,23.58253189737,23.9958633333334,0.70258560737053,53.5136515939225,23.877732,24.0294551433924,0.313005379051945,0.21465495545738
"14607603","2021-06-07",17.6127955140255,0.377777777777781,0.497716049382718,0.575633484162896,24.4152906051276,23.6137693948725,24.01453,0.635746043824158,53.5136515939225,23.949332,24.0415277909401,0.314586302118025,0.234641224789509
"14607602","2021-06-10",16.9365149838752,0.234070221066319,0.329875258873961,0.465153287695339,24.4166569653049,23.6142363680285,24.0154466666667,0.572140055805031,51.4811298445809,23.956932,24.0413240854814,0.285690031626884,0.244850986156984
"14607601","2021-06-11",15.8020108792685,0.910273081924579,0.507373693589561,0.444988333948745,24.4416669999552,23.6455596667115,24.0436133333334,0.822050376827929,57.1741723222607,23.974932,24.0758142074172,0.34597530024052,0.265075848973691
"14607600","2021-06-14",14.7521824265217,0.912613784135237,0.685652362375379,0.507633771612966,24.366072343662,23.8127443230048,24.0894083333334,0.882217525176864,57.1928965292083,23.992968,24.1058256464283,0.389429900492821,0.289946659277517
"14607599","2021-06-15",14.5865921215357,0.232558139534886,0.685148335198235,0.626058130387724,24.3539143843944,23.859568948939,24.1067416666667,0.607735056326002,50.556700244446,24.004968,24.0983822269045,0.335972162061937,0.299151759834401
"14607598","2021-06-16",14.4328296954774,0.348837209302329,0.498003044324152,0.622934580632588,24.3567946921394,23.8718353078607,24.114315,0.570146767824446,51.7580136920176,24.018968,24.0985979299839,0.306811650504679,0.300683737968457
"14607597","2021-06-17",14.4778110473174,0.232558139534886,0.271317829457368,0.484823069659917,24.3548858395389,23.8670774937946,24.1109816666667,0.381821756769206,50.4382576743297,24.018768,24.092118205986,0.263919673197988,0.293330925014363
